bag_time_ns,angular_velocity,orientation_variance,pose_frame,position,position_variance,q,quality,reset_counter,timestamp,timestamp_sample,velocity,velocity_frame,velocity_variance
1785138732235631499,[-0.0004515   0.00183398 -0.00083951],[4.4214590e-05 4.3549437e-05 3.4767903e-02],1,[-0.00834287 -0.00827989  0.23320241],[0.10697819 0.10710724 0.08647716],[ 7.0677394e-01 -6.6896150e-04  1.1303843e-03  7.0743829e-01],0,6,1785138721574005,1785138721574005,[-0.0212373  -0.02922275  0.13222612],1,[0.01429183 0.01414204 0.00617473]
1785138732236126465,[ 0.00194534  0.00023608 -0.00030687],[4.4291573e-05 4.3623120e-05 3.4768522e-02],1,[-0.00817174 -0.00846093  0.23293477],[0.10774105 0.1078719  0.08700601],[ 7.0678484e-01 -6.6637964e-04  1.1189494e-03  7.0742738e-01],0,6,1785138721590005,1785138721590005,[-0.02101288 -0.02945255  0.132009  ],1,[0.01442112 0.01426807 0.00619962]
1785138732237252716,[ 0.00274429 -0.00189444 -0.00270372],[4.4330915e-05 4.3659296e-05 3.4768842e-02],1,[-0.00809371 -0.008558    0.2328516 ],[0.10812587 0.1082576  0.08727176],[ 7.0679295e-01 -6.5509905e-04  1.1206141e-03  7.0741940e-01],0,6,1785138721598005,1785138721598005,[-0.02092156 -0.02944233  0.13209751],1,[0.01448612 0.01433125 0.00621207]
1785138732237650979,[-0.00178398  0.00050184  0.00022191],[4.4370270e-05 4.3695312e-05 3.4766626e-02],1,[-0.00801475 -0.00865518  0.23280309],[0.10850694 0.10864315 0.08753841],[ 7.0679563e-01 -6.5810973e-04  1.1185333e-03  7.0741659e-01],0,6,1785138721606005,1785138721606005,[-0.02087357 -0.02935678  0.1323666 ],1,[0.01454237 0.01439072 0.00622454]
1785138732237906613,[ 0.0011455  -0.00029711  0.00128719],[4.4408767e-05 4.3732605e-05 3.4766931e-02],1,[-0.007941   -0.00875615  0.23277797],[0.10889623 0.10903334 0.08718668],[ 7.0679420e-01 -6.5884372e-04  1.1187356e-03  7.0741802e-01],0,6,1785138721614005,1785138721614005,[-0.02077623 -0.02936538  0.1322974 ],1,[0.01460781 0.01445497 0.00621446]
1785138732238300087,[-0.00151766 -0.00162869  0.00181982],[4.4482436e-05 4.3804346e-05 3.4767564e-02],1,[-0.0078085  -0.00896782  0.23281649],[0.10968171 0.1098206  0.08772069],[ 7.0679468e-01 -6.4823206e-04  1.1071496e-03  7.0741767e-01],0,6,1785138721630005,1785138721630005,[-0.02057863 -0.02921321  0.13219166],1,[0.01473932 0.01458374 0.00623939]
1785138732238589755,[-0.00045239 -0.00322659 -0.00190861],[4.4517503e-05 4.3840100e-05 3.4767870e-02],1,[-0.00774936 -0.00907884  0.23288168],[0.11007794 0.11021769 0.08798904],[ 7.0680028e-01 -6.4178952e-04  1.0957296e-03  7.0741206e-01],0,6,1785138721638005,1785138721638005,[-0.02055297 -0.02917117  0.13232741],1,[0.01480542 0.01464834 0.00625187]
1785138732239033976,[ 8.0236001e-05 -1.8950033e-03 -2.7075603e-03],[4.4554134e-05 4.3875541e-05 3.4768183e-02],1,[-0.0076957  -0.00919437  0.23297682],[0.11047651 0.1106171  0.08825829],[ 7.0680922e-01 -6.3496979e-04  1.0892195e-03  7.0740312e-01],0,6,1785138721646005,1785138721646005,[-0.02055887 -0.02938322  0.13249502],1,[0.01487185 0.01471329 0.00626436]
1785138732239344984,[-0.00311556  0.00023553 -0.00244125],[4.4592194e-05 4.3913395e-05 3.4768496e-02],1,[-0.00764691 -0.0093148   0.23310162],[0.11087744 0.11101885 0.08852844],[ 7.0681816e-01 -6.4132363e-04  1.0808362e-03  7.0739418e-01],0,6,1785138721654005,1785138721654005,[-0.02051404 -0.02953899  0.13273174],1,[0.01493847 0.01477844 0.00627685]
1785138732239759258,[0.00274339 0.00103447 0.00048823],[4.4668497e-05 4.3986169e-05 3.4769129e-02],1,[-0.00756574 -0.00957181  0.23340449],[0.11168641 0.11182941 0.08843425],[ 7.0682675e-01 -6.4007135e-04  1.0893602e-03  7.0738560e-01],0,6,1785138721670005,1785138721670005,[-0.02071441 -0.02994381  0.13299944],1,[0.01507199 0.01490919 0.00627856]
1785138732240029148,[-2.5829256e-03 -3.1099538e-05 -2.1771370e-03],[4.4706616e-05 4.4022039e-05 3.4766905e-02],1,[-0.00753287 -0.00970418  0.23358026],[0.11208728 0.11223534 0.08870517],[ 7.0683247e-01 -6.4338895e-04  1.0840356e-03  7.0737988e-01],0,6,1785138721678005,1785138721678005,[-0.02065447 -0.02995958  0.13311079],1,[0.01512962 0.01496995 0.00629106]
1785138732240499157,[-0.00178398  0.00023522 -0.00031292],[4.4743370e-05 4.4057062e-05 3.4767222e-02],1,[-0.00750472 -0.00983976  0.23378313],[0.11249761 0.11264649 0.08897699],[ 7.0683831e-01 -6.5272389e-04  1.0772139e-03  7.0737404e-01],0,6,1785138721686005,1785138721686005,[-0.02074374 -0.02996289  0.13334836],1,[0.01519695 0.01503576 0.00630357]
1785138732240691121,[-0.00284924  0.00023522  0.00128498],[4.4782228e-05 4.4093191e-05 3.4767527e-02],1,[-0.00748152 -0.00997987  0.23401378],[0.11291035 0.11306003 0.08924973],[ 7.0683616e-01 -6.6053472e-04  1.0704107e-03  7.0737618e-01],0,6,1785138721694005,1785138721694005,[-0.02073337 -0.03021185  0.13373639],1,[0.01526451 0.0151019  0.00631608]
1785138732241086138,[-0.00151767  0.00023522  0.00075234],[4.4857061e-05 4.4166918e-05 3.4768175e-02],1,[-0.00744647 -0.01027181  0.2345535 ],[0.11374313 0.11389437 0.08979792],[ 7.0684421e-01 -6.6975935e-04  1.0617208e-03  7.0736814e-01],0,6,1785138721710005,1785138721710005,[-0.02054936 -0.03038058  0.13409384],1,[0.01540094 0.01523514 0.00634112]
1785138732241355948,[-0.0020503   0.00103416 -0.00057924],[4.4893772e-05 4.4204131e-05 3.4768496e-02],1,[-0.00743373 -0.010424    0.23486061],[0.11416319 0.11431518 0.09007338],[ 7.0684612e-01 -6.7793950e-04  1.0568247e-03  7.0736623e-01],0,6,1785138721718005,1785138721718005,[-0.02030363 -0.03064955  0.13429846],1,[0.01546946 0.01530211 0.00635366]
1785138732241837078,[-0.00125135  0.0015668   0.00128498],[4.4933149e-05 4.4241075e-05 3.4768809e-02],1,[-0.00742388 -0.01058171  0.23519139],[0.11458572 0.11473844 0.09034976],[ 7.0684683e-01 -6.8836298e-04  1.0549772e-03  7.0736551e-01],0,6,1785138721726005,1785138721726005,[-0.02032691 -0.03098837  0.13443723],1,[0.01553828 0.01536922 0.0063662 ]
1785138732242023912,[0.0011455  0.00050153 0.00128498],[4.4969787e-05 4.4279488e-05 3.4769136e-02],1,[-0.00741903 -0.01074453  0.23552053],[0.11501072 0.11516415 0.08996749],[ 7.0684415e-01 -6.8935251e-04  1.0595740e-03  7.0736820e-01],0,6,1785138721734005,1785138721734005,[-0.02047712 -0.03122923  0.1345096 ],1,[0.01560759 0.01543668 0.00635454]
1785138732242430461,[-4.5165617e-04  1.3004089e-03 -4.7275447e-05],[4.5044028e-05 4.4350028e-05 3.4767233e-02],1,[-0.00742944 -0.01107976  0.23624606],[0.11585975 0.11601955 0.09052079],[ 0.7068521  -0.00071428  0.00105416  0.70736027],0,6,1785138721750005,1785138721750005,[-0.02062915 -0.0312723   0.13459747],1,[0.01573581 0.01556667 0.00637962]
1785138732242680203,[ 0.00061361 -0.00083012  0.00021904],[4.5082092e-05 4.4387365e-05 3.4767546e-02],1,[-0.00744399 -0.01125231  0.23664108],[0.11629211 0.11645266 0.09079883],[ 0.70685136 -0.00071371  0.00105359  0.707361  ],0,6,1785138721758005,1785138721758005,[-0.0205785  -0.03155729  0.13476235],1,[0.01580524 0.01563446 0.00639218]
1785138732243138460,[ 0.00354309 -0.00162907 -0.00164517],[4.5120159e-05 4.4424185e-05 3.4767866e-02],1,[-0.00746107 -0.01143039  0.23705839],[0.11672701 0.11688826 0.09107777],[ 7.0685893e-01 -6.9921155e-04  1.0564306e-03  7.0735341e-01],0,6,1785138721766005,1785138721766005,[-0.02041615 -0.03189004  0.13504721],1,[0.01587526 0.01570269 0.00640474]
1785138732243322158,[ 0.00221151  0.00369725 -0.00057991],[4.5156477e-05 4.4459848e-05 3.4768179e-02],1,[-0.00748129 -0.01161285  0.23749782],[0.11716445 0.11732639 0.09135763],[ 7.0686263e-01 -7.0164411e-04  1.0709803e-03  7.0734972e-01],0,6,1785138721774005,1785138721774005,[-0.02044883 -0.03211069  0.13523142],1,[0.01594565 0.01577139 0.00641731]
1785138732243740549,[ 0.00087992 -0.0005638  -0.00111254],[4.5229517e-05 4.4535347e-05 3.4768820e-02],1,[-0.00753129 -0.01198817  0.2383909 ],[0.11804701 0.11821029 0.09124169],[ 7.0687407e-01 -6.9705007e-04  1.0764449e-03  7.0733827e-01],0,6,1785138721790005,1785138721790005,[-0.02040225 -0.03217946  0.13550822],1,[0.01608655 0.01590875 0.00641748]
1785138732243917704,[-0.00045166 -0.00322697 -0.00164518],[4.5266137e-05 4.4572113e-05 3.4769133e-02],1,[-0.00756153 -0.01217955  0.23884498],[0.11849215 0.11865606 0.09152225],[ 7.0688099e-01 -6.8964629e-04  1.0662307e-03  7.0733136e-01],0,6,1785138721798005,1785138721798005,[-0.02041277 -0.03222157  0.13558212],1,[0.01615749 0.0159779  0.00643005]
1785138732244477634,[ 2.7441387e-03 -2.4280171e-03 -4.7276408e-05],[4.5342342e-05 4.4648805e-05 3.4769759e-02],1,[-0.00763078 -0.01257466  0.23981002],[0.11939024 0.11955535 0.09208617],[ 7.0688534e-01 -6.7479163e-04  1.0669923e-03  7.0732713e-01],0,6,1785138721814005,1785138721814005,[-0.02036349 -0.03284893  0.13538565],1,[0.01630005 0.01611686 0.00645522]
1785138732244781048,[ 0.00221133 -0.00242841  0.00048263],[4.5381385e-05 4.4683049e-05 3.4767542e-02],1,[-0.00766858 -0.01277583  0.2403188 ],[0.11983327 0.12000479 0.09236952],[ 7.0688605e-01 -6.5679685e-04  1.0659150e-03  7.0732641e-01],0,6,1785138721822005,1785138721822005,[-0.02041849 -0.03316489  0.13544007],1,[0.01636061 0.01618155 0.00646781]
1785138732245137903,[ 0.00087975 -0.00136315  0.00048264],[4.5457946e-05 4.4760272e-05 3.4768160e-02],1,[-0.00775772 -0.01318974  0.24139413],[0.12074678 0.12091956 0.09293902],[ 7.0688856e-01 -6.6445663e-04  1.0698566e-03  7.0732391e-01],0,6,1785138721838005,1785138721838005,[-0.02073402 -0.03350459  0.13601562],1,[0.01650444 0.01632197 0.00649303]
1785138732245436067,[0.00034712 0.00316423 0.00021632],[4.5496301e-05 4.4799330e-05 3.4768473e-02],1,[-0.00780738 -0.01340244  0.24196102],[0.12120753 0.12138088 0.09322517],[ 7.0688975e-01 -6.7241176e-04  1.0752582e-03  7.0732272e-01],0,6,1785138721846005,1785138721846005,[-0.02073096 -0.03373923  0.13632141],1,[0.01657669 0.01639233 0.00650564]
1785138732245855981,[-0.00045183  0.00076738  0.00048264],[4.5573051e-05 4.4875942e-05 3.4769095e-02],1,[-0.00791719 -0.01383846  0.24309428],[0.12213704 0.1223115  0.09309606],[ 7.0689529e-01 -6.7284558e-04  1.0744716e-03  7.0731705e-01],0,6,1785138721862005,1785138721862005,[-0.02098421 -0.03399386  0.13637835],1,[0.01672216 0.0165339  0.00650494]
1785138732246234087,[ 0.00301028 -0.00162946  0.00128159],[4.5611800e-05 4.4914901e-05 3.4769405e-02],1,[-0.00797792 -0.01406089  0.24368578],[0.12260584 0.12278083 0.09338286],[ 7.0689440e-01 -6.6079962e-04  1.0773282e-03  7.0731795e-01],0,6,1785138721870005,1785138721870005,[-0.02111593 -0.03419372  0.13650844],1,[0.01679536 0.01660482 0.00651756]
1785138732246606361,[ 8.0943806e-05 -2.6942976e-03 -8.4600318e-04],[4.5689907e-05 4.4990633e-05 3.4767482e-02],1,[-0.00811068 -0.01451947  0.24491565],[0.12354022 0.12372285 0.09395929],[ 7.0690536e-01 -6.5514102e-04  1.0631433e-03  7.0730710e-01],0,6,1785138721886005,1785138721886005,[-0.02114058 -0.03440702  0.13641973],1,[0.01693083 0.01674275 0.00654282]
1785138732247050251,[ 0.00221147 -0.0010964   0.00021926],[4.5729477e-05 4.5030552e-05 3.4767792e-02],1,[-0.00818145 -0.01475412  0.24555422],[0.12401702 0.1242002  0.09424892],[ 7.0690626e-01 -6.4457190e-04  1.0623098e-03  7.0730621e-01],0,6,1785138721894005,1785138721894005,[-0.02110061 -0.03449506  0.13668936],1,[0.01700466 0.01681484 0.00655546]
1785138732247486205,[-0.00151695 -0.00083008 -0.00137864],[4.5807548e-05 4.5106779e-05 3.4768432e-02],1,[-0.00833088 -0.01523198  0.24681613],[0.1249789  0.12516311 0.09410908],[ 7.0691311e-01 -6.4600585e-04  1.0539251e-03  7.0729935e-01],0,6,1785138721910005,1785138721910005,[-0.02132076 -0.03472554  0.13722633],1,[0.01715339 0.01695982 0.00655402]
1785138732247874039,[0.00380937 0.00023518 0.00234979],[4.5844739e-05 4.5141594e-05 3.4768756e-02],1,[-0.00841091 -0.01547401  0.24744092],[0.125464   0.12564869 0.09439933],[ 7.0691043e-01 -6.4105290e-04  1.0610747e-03  7.0730203e-01],0,6,1785138721918005,1785138721918005,[-0.02141829 -0.03482469  0.13760363],1,[0.01722806 0.01703221 0.00656667]
1785138732248239530,[-0.00018537 -0.00083008  0.00181715],[4.5924215e-05 4.5213805e-05 3.4769379e-02],1,[-0.00857902 -0.01596665  0.2487466 ],[0.12644261 0.12662819 0.09498267],[ 7.0690340e-01 -6.3864706e-04  1.0671514e-03  7.0730907e-01],0,6,1785138721934005,1785138721934005,[-0.02141367 -0.03511203  0.1384738 ],1,[0.01737824 0.01717838 0.00659198]
1785138732248572891,[ 8.0943806e-05 -5.6376599e-04  1.2845254e-03],[4.5962763e-05 4.5250701e-05 3.4769706e-02],1,[-0.0086669  -0.01621702  0.24942537],[0.12693615 0.12712213 0.09527577],[ 7.0690095e-01 -6.3856016e-04  1.0619332e-03  7.0731151e-01],0,6,1785138721942005,1785138721942005,[-0.02152023 -0.03527593  0.13873668],1,[0.01745358 0.01725191 0.00660465]
1785138732248984159,[-0.0028484   0.00075407  0.00208853],[4.3886797e-05 4.3270124e-05 3.4762181e-02],1,[-0.00884475 -0.01617529  0.24981399],[0.10619736 0.10632609 0.08611821],[ 7.0689583e-01 -6.3422206e-04  1.0617235e-03  7.0731664e-01],0,6,1785138721958005,1785138721958005,[-0.02180274 -0.03521914  0.13908052],1,[0.01410348 0.01396055 0.00612748]
1785138732249598591,[-0.00098418  0.00341723  0.00288748],[4.3922413e-05 4.3304255e-05 3.4762494e-02],1,[-0.00893598 -0.01589379  0.24954855],[0.10657267 0.10670236 0.08638012],[ 7.0688987e-01 -6.4600934e-04  1.0636868e-03  7.0732260e-01],0,6,1785138721966005,1785138721966005,[-0.02201104 -0.03496578  0.13911775],1,[0.01416747 0.01402293 0.0061398 ]
1785138732249880655,[ 8.1087230e-05 -2.1754070e-03 -2.1725232e-03],[4.399554e-05 4.337410e-05 3.476312e-02],1,[-0.00913028 -0.01536935  0.24908559],[0.10732997 0.10746154 0.08630171],[ 7.0690560e-01 -6.2779034e-04  1.0499463e-03  7.0730686e-01],0,6,1785138721982005,1785138721982005,[-0.02245479 -0.03465309  0.13929868],1,[0.01429559 0.01414821 0.00614269]
1785138732250274490,[8.1081293e-05 7.5407041e-04 1.2895835e-03],[4.4031949e-05 4.3409465e-05 3.4763448e-02],1,[-0.00923191 -0.01512574  0.2489122 ],[0.10771199 0.10784448 0.08656444],[ 7.0690846e-01 -6.2487886e-04  1.0515749e-03  7.0730400e-01],0,6,1785138721990005,1785138721990005,[-0.02233622 -0.03440134  0.1393122 ],1,[0.01435989 0.01421091 0.00615502]
1785138732250618901,[ 0.00088003 -0.00031119 -0.00110726],[4.4106520e-05 4.3480377e-05 3.4764074e-02],1,[-0.00944054 -0.01466982  0.24867427],[0.10848282 0.1086171  0.08709254],[ 7.0692503e-01 -6.2017766e-04  1.0446934e-03  7.0728743e-01],0,6,1785138722006005,1785138722006005,[-0.02238809 -0.03375629  0.13923745],1,[0.01448934 0.01433717 0.0061797 ]
1785138732251027715,[0.00061372 0.00315092 0.00022432],[4.4143646e-05 4.3517470e-05 3.4764387e-02],1,[-0.0095484  -0.0144588   0.24860834],[0.10887165 0.1090068  0.08735792],[ 7.0692778e-01 -6.2063639e-04  1.0520089e-03  7.0728469e-01],0,6,1785138722014005,1785138722014005,[-0.02238728 -0.03371752  0.13923557],1,[0.01455456 0.014401   0.00619205]
1785138732251420708,[0.00034726 0.00022046 0.00101613],[4.4216293e-05 4.3587199e-05 3.4762561e-02],1,[-0.00976919 -0.01406786  0.24854566],[0.10964981 0.10979053 0.08727088],[ 7.0692778e-01 -6.1474438e-04  1.0516151e-03  7.0728469e-01],0,6,1785138722030005,1785138722030005,[-0.02256915 -0.03384795  0.13957684],1,[0.01467655 0.0145246  0.00619429]
1785138732251785919,[-0.0023159  -0.00031217  0.00021718],[4.4252192e-05 4.3623564e-05 3.4762874e-02],1,[-0.00988402 -0.01388596  0.24854943],[0.11004545 0.11018705 0.08753704],[ 7.0693231e-01 -6.1668456e-04  1.0454024e-03  7.0728016e-01],0,6,1785138722038005,1785138722038005,[-0.02278505 -0.03360432  0.13987078],1,[0.01474233 0.01458877 0.00620664]
1785138732252105133,[ 0.0027441  -0.00031217  0.00181509],[4.4325185e-05 4.3694581e-05 3.4763500e-02],1,[-0.01012259 -0.01355426  0.24865691],[0.11084373 0.11098707 0.08807204],[ 7.0693636e-01 -6.0321979e-04  1.0443112e-03  7.0727623e-01],0,6,1785138722054005,1785138722054005,[-0.02310875 -0.03375338  0.1400385 ],1,[0.01487437 0.01471747 0.00623137]
1785138732252415791,[ 0.00167884  0.00128573 -0.00138071],[4.4361674e-05 4.3731583e-05 3.4763813e-02],1,[-0.01024757 -0.01340606  0.24875712],[0.11124641 0.11139058 0.08834089],[ 7.0694262e-01 -5.9837155e-04  1.0524360e-03  7.0726997e-01],0,6,1785138722062005,1785138722062005,[-0.02342004 -0.0338394   0.14011714],1,[0.01494068 0.01478244 0.00624375]
1785138732252777194,[-0.00204959  0.00022046  0.00261403],[4.4436361e-05 4.3800905e-05 3.4764446e-02],1,[-0.0105063  -0.01314287  0.24904953],[0.11205886 0.11220465 0.08888126],[ 7.0694828e-01 -6.0220674e-04  1.0551503e-03  7.0726430e-01],0,6,1785138722078005,1785138722078005,[-0.0234951  -0.0341403   0.14047329],1,[0.01507385 0.01491239 0.00626853]
1785138732253131044,[-0.0023159   0.00128572 -0.00058176],[4.4473389e-05 4.3837088e-05 3.4764759e-02],1,[-0.01063851 -0.01302851  0.24923964],[0.11246867 0.11261524 0.08915281],[ 7.0695221e-01 -6.0976751e-04  1.0493586e-03  7.0726037e-01],0,6,1785138722086005,1785138722086005,[-0.02358715 -0.03425422  0.1406498 ],1,[0.01514089 0.0149777  0.00628092]
1785138732253485905,[-9.8457106e-04 -4.6233996e-05 -1.1170807e-03],[4.4546989e-05 4.3907843e-05 3.4762919e-02],1,[-0.01090706 -0.01282466  0.24965142],[0.11328791 0.11344055 0.08905438],[ 7.0696253e-01 -6.1396317e-04  1.0539865e-03  7.0724994e-01],0,6,1785138722102005,1785138722102005,[-0.0237467  -0.03404254  0.1407819 ],1,[0.01526594 0.01510466 0.00628235]
1785138732253878498,[-1.2508923e-03 -4.6231085e-05 -3.2476108e-03],[4.4584096e-05 4.3945609e-05 3.4763232e-02],1,[-0.01104358 -0.01273408  0.24989788],[0.11370484 0.11385828 0.08932666],[ 7.0697790e-01 -6.1399641e-04  1.0504607e-03  7.0723468e-01],0,6,1785138722110005,1785138722110005,[-0.02368956 -0.03412228  0.14089638],1,[0.01533365 0.01517092 0.00629476]
1785138732254230364,[0.00087964 0.00022008 0.00154608],[4.4659620e-05 4.4018740e-05 3.4763858e-02],1,[-0.01131959 -0.01258381  0.25047055],[0.11454602 0.11470102 0.08987396],[ 7.0699120e-01 -6.1144389e-04  1.0385999e-03  7.0722139e-01],0,6,1785138722126005,1785138722126005,[-0.02370834 -0.03448086  0.14126454],1,[0.01546971 0.0153042  0.00631959]
1785138732254638055,[ 0.00114596 -0.00324203 -0.00085077],[4.4695462e-05 4.4055218e-05 3.4764167e-02],1,[-0.01146109 -0.01252267  0.25079644],[0.11497031 0.11512605 0.09014897],[ 7.0699495e-01 -5.9837592e-04  1.0340870e-03  7.0721763e-01],0,6,1785138722134005,1785138722134005,[-0.02378181 -0.03449105  0.141522  ],1,[0.01553819 0.0153712  0.00633201]
1785138732255026109,[-0.00018562 -0.00483992  0.00207871],[4.4770193e-05 4.4128112e-05 3.4764778e-02],1,[-0.01174541 -0.01242533  0.25149506],[0.11582634 0.11598352 0.09004107],[ 7.0699733e-01 -5.8293075e-04  1.0207322e-03  7.0721525e-01],0,6,1785138722150005,1785138722150005,[-0.02344289 -0.03456021  0.1417854 ],1,[0.01567581 0.01550537 0.00633276]
1785138732255387733,[ 8.0692815e-05 -4.6232599e-05 -1.6497135e-03],[4.4807643e-05 4.4163931e-05 3.4765095e-02],1,[-0.01188897 -0.01238975  0.25186756],[0.11625811 0.11641597 0.09031679],[ 7.0700496e-01 -5.7642447e-04  1.0152735e-03  7.0720762e-01],0,6,1785138722158005,1785138722158005,[-0.02359986 -0.03458873  0.14216964],1,[0.01574503 0.01557292 0.00634519]
1785138732255684595,[ 0.00167817 -0.00217641 -0.00244601],[4.4883596e-05 4.4235599e-05 3.4763243e-02],1,[-0.01218173 -0.01234353  0.2526883 ],[0.11712027 0.11728477 0.09087098],[ 7.0702678e-01 -5.6169333e-04  1.0071717e-03  7.0718592e-01],0,6,1785138722174005,1785138722174005,[-0.02405569 -0.03447828  0.14270519],1,[0.01587378 0.01570338 0.00637007]
1785138732255983089,[ 8.0276979e-05 -3.7743016e-03 -1.6470701e-03],[4.4920791e-05 4.4271681e-05 3.4763556e-02],1,[-0.01233089 -0.01233275  0.25313282],[0.11755947 0.11772469 0.09114944],[ 7.0703536e-01 -5.4894463e-04  9.9925930e-04  7.0717734e-01],0,6,1785138722182005,1785138722182005,[-0.0242024  -0.03460584  0.14265077],1,[0.01594367 0.01577168 0.00638252]
1785138732256338191,[-0.0012513  -0.00057851  0.00021715],[4.4995821e-05 4.4346267e-05 3.4764182e-02],1,[-0.01263697 -0.01233777  0.25408664],[0.11844557 0.11861216 0.09170912],[ 7.0704448e-01 -5.4054044e-04  9.8023168e-04  7.0716822e-01],0,6,1785138722198005,1785138722198005,[-0.02471616 -0.03490434  0.14302637],1,[0.01608392 0.01590878 0.00640744]
1785138732256684967,[-0.00045236  0.0012857   0.00021715],[4.5032866e-05 4.4380817e-05 3.4764498e-02],1,[-0.01279514 -0.01235205  0.2545969 ],[0.11889248 0.11905972 0.09199034],[ 7.0704776e-01 -5.4263027e-04  9.7815320e-04  7.0716494e-01],0,6,1785138722206005,1785138722206005,[-0.02479578 -0.03499101  0.1433935 ],1,[0.01615482 0.01597802 0.00641992]
1785138732256983552,[-0.00098499 -0.00031219 -0.00084812],[4.5109588e-05 4.4451393e-05 3.4765121e-02],1,[-0.01311322 -0.01240311  0.2556567 ],[0.11979412 0.11996259 0.09186982],[ 7.0706064e-01 -5.5224996e-04  9.7643078e-04  7.0715207e-01],0,6,1785138722222005,1785138722222005,[-0.02448115 -0.03512932  0.1443607 ],1,[0.01629695 0.01611683 0.0064198 ]
1785138732257291565,[ 0.00194449 -0.00164377  0.00234768],[4.5147666e-05 4.4489156e-05 3.4765434e-02],1,[-0.01327145 -0.01243874  0.25622085],[0.12024885 0.12041792 0.09215171],[ 7.070575e-01 -5.465803e-04  9.786807e-04  7.071552e-01],0,6,1785138722230005,1785138722230005,[-0.02422644 -0.03506966  0.14476685],1,[0.01636859 0.01618638 0.00643228]
1785138732257630035,[-0.00098533  0.00208464 -0.0013808 ],[4.5224515e-05 4.4563985e-05 3.4763582e-02],1,[-0.01358686 -0.01252601  0.2574093 ],[0.12115581 0.12133216 0.09271829],[ 7.0707446e-01 -5.5049715e-04  9.7731431e-04  7.0713830e-01],0,6,1785138722246005,1785138722246005,[-0.02429548 -0.03476848  0.14507954],1,[0.01650089 0.01632079 0.00645726]
1785138732258052214,[ 1.6778336e-03 -4.5894296e-05 -1.3808005e-03],[4.5262717e-05 4.4601060e-05 3.4763906e-02],1,[-0.01374477 -0.01257661  0.2580321 ],[0.12161833 0.12179529 0.09300297],[ 7.0707953e-01 -5.4838904e-04  9.8161795e-04  7.0713323e-01],0,6,1785138722254005,1785138722254005,[-0.02427877 -0.03453255  0.14533515],1,[0.01657301 0.01639137 0.00646976]
1785138732258375505,[-0.00018638 -0.00164379  0.00101604],[4.5337845e-05 4.4676912e-05 3.4764551e-02],1,[-0.01406433 -0.01269351  0.2592759 ],[0.1225514  0.12272952 0.09287211],[ 7.0708925e-01 -5.3679937e-04  9.7458460e-04  7.0712352e-01],0,6,1785138722270005,1785138722270005,[-0.0242487  -0.03447542  0.1455943 ],1,[0.01671826 0.01653235 0.00646893]
1785138732258693887,[ 0.0011452  -0.00031221  0.0002171 ],[4.5375808e-05 4.4713339e-05 3.4764871e-02],1,[-0.01422534 -0.0127605   0.2598964 ],[0.12302198 0.12320065 0.09315743],[ 7.0709014e-01 -5.3484592e-04  9.7681012e-04  7.0712262e-01],0,6,1785138722278005,1785138722278005,[-0.02427302 -0.03445303  0.1457458 ],1,[0.01679116 0.01660341 0.00648144]
1785138732259017229,[-0.00125164 -0.00111116  0.00074973],[4.5450222e-05 4.4785702e-05 3.4765504e-02],1,[-0.01455008 -0.01291106  0.26119295],[0.12397131 0.124151   0.09373087],[ 7.0708281e-01 -5.3447124e-04  9.6524291e-04  7.0712996e-01],0,6,1785138722294005,1785138722294005,[-0.02432737 -0.03448722  0.14610368],1,[0.01693758 0.01674578 0.00650646]
1785138732259371189,[0.00167783 0.001552   0.00048341],[4.5486529e-05 4.4822686e-05 3.4765825e-02],1,[-0.01471617 -0.01299539  0.26186922],[0.12445008 0.12463024 0.094019  ],[ 7.0708627e-01 -5.3531060e-04  9.7102264e-04  7.0712650e-01],0,6,1785138722302005,1785138722302005,[-0.02474003 -0.03463475  0.14663589],1,[0.01701135 0.01681731 0.00651899]
1785138732259744495,[-0.00258366  0.00075298 -0.00111489],[4.5561661e-05 4.4896464e-05 3.4763981e-02],1,[-0.01505475 -0.01318128  0.2632823 ],[0.12540379 0.12559198 0.09459805],[ 7.0708221e-01 -5.4050726e-04  9.7784912e-04  7.0713055e-01],0,6,1785138722318005,1785138722318005,[-0.02499991 -0.03475761  0.14767194],1,[0.01714692 0.01695583 0.00654406]
1785138732260104787,[ 0.00034582  0.00022035 -0.00404437],[4.5598597e-05 4.4932323e-05 3.4764294e-02],1,[-0.01522433 -0.01328157  0.26401716],[0.12589067 0.12607938 0.094889  ],[ 7.0709473e-01 -5.4037082e-04  9.7812293e-04  7.0711803e-01],0,6,1785138722326005,1785138722326005,[-0.02526192 -0.03461746  0.14806063],1,[0.01722115 0.01702847 0.0065566 ]
1785138732260489164,[ 7.9498393e-05 -1.1112285e-03  2.1669053e-04],[4.5672288e-05 4.5006498e-05 3.4764927e-02],1,[-0.01556863 -0.01349477  0.26545256],[0.12687285 0.12706251 0.09474424],[ 7.0710695e-01 -5.4021145e-04  9.6526294e-04  7.0710582e-01],0,6,1785138722342005,1785138722342005,[-0.02522053 -0.03453982  0.14881185],1,[0.01737107 0.0171746  0.00655488]
1785138732260850066,[-0.00151839 -0.00217649  0.00181458],[4.5710036e-05 4.5044460e-05 3.4765247e-02],1,[-0.01574266 -0.01360834  0.26619732],[0.12736818 0.12755828 0.09503578],[ 7.0710218e-01 -5.3754327e-04  9.5702562e-04  7.0711058e-01],0,6,1785138722350005,1785138722350005,[-0.02542022 -0.03448177  0.14913508],1,[0.01744619 0.01724823 0.00656743]
1785138732261236297,[-0.00232358  0.00047846 -0.00057902],[4.3680404e-05 4.3110478e-05 3.4759611e-02],1,[-0.01563003 -0.01318069  0.26557735],[0.10655107 0.10667925 0.08595261],[ 7.0710462e-01 -5.3672079e-04  9.4287499e-04  7.0710814e-01],0,6,1785138722366005,1785138722366005,[-0.02501536 -0.03436003  0.14889146],1,[0.01411793 0.01397269 0.00609747]
1785138732261760268,[ 0.0024701   0.00260899 -0.0003127 ],[4.3716573e-05 4.3147375e-05 3.4759916e-02],1,[-0.01558095 -0.01298558  0.2653298 ],[0.1069282  0.10705729 0.08621334],[ 7.0710915e-01 -5.3893653e-04  9.5164782e-04  7.0710361e-01],0,6,1785138722374005,1785138722374005,[-0.02497458 -0.03429814  0.14874144],1,[0.01418116 0.01403405 0.00610969]
1785138732262166477,[-0.00072565  0.00234246  0.00314782],[4.3788819e-05 4.3216209e-05 3.4758147e-02],1,[-0.01550322 -0.01262555  0.26494694],[0.10768332 0.10781775 0.08613308],[ 7.0710522e-01 -5.5023545e-04  9.5951976e-04  7.0710754e-01],0,6,1785138722390005,1785138722390005,[-0.02508743 -0.0338313   0.14868125],1,[0.01429979 0.0141539  0.00611244]
1785138732262580290,[ 1.1385704e-03  7.4456242e-04 -4.7976908e-05],[4.3825945e-05 4.3252916e-05 3.4758456e-02],1,[-0.01547453 -0.01245944  0.2648108 ],[0.10806705 0.10820241 0.08639461],[ 7.071035e-01 -5.499075e-04  9.650134e-04  7.071093e-01],0,6,1785138722398005,1785138722398005,[-0.02527868 -0.03347895  0.14862697],1,[0.01436381 0.01421644 0.00612466]
1785138732262991498,[0.00087225 0.00074456 0.00021834],[4.3898817e-05 4.3321965e-05 3.4759082e-02],1,[-0.01543424 -0.0121563   0.26465484],[0.1088413  0.10897849 0.08692031],[ 7.0711404e-01 -5.5087014e-04  9.6553878e-04  7.0709872e-01],0,6,1785138722414005,1785138722414005,[-0.0251346  -0.03350506  0.14915647],1,[0.01449254 0.01434217 0.00614912]
1785138732263386575,[-1.7909126e-03  7.4456283e-04 -4.7978654e-05],[4.3934619e-05 4.3357584e-05 3.4759395e-02],1,[-0.0154218  -0.01202234  0.26463392],[0.10923184 0.10936992 0.08718448],[ 7.0711696e-01 -5.5553473e-04  9.6321112e-04  7.0709580e-01],0,6,1785138722422005,1785138722422005,[-0.02515353 -0.0335354   0.14912146],1,[0.01455741 0.01440532 0.00616136]
1785138732263849210,[-0.00099196  0.00154351  0.00208255],[4.4007571e-05 4.3428172e-05 3.4760021e-02],1,[-0.01541675 -0.01178331  0.26469243],[0.11001985 0.11015965 0.08771547],[ 7.0711172e-01 -5.6944857e-04  9.6090499e-04  7.0710105e-01],0,6,1785138722438005,1785138722438005,[-0.02566232 -0.03330364  0.14883797],1,[0.01468777 0.01453235 0.00618587]
1785138732264190055,[-0.00179091 -0.00138597  0.00208255],[4.4043656e-05 4.3465665e-05 3.4760337e-02],1,[-0.01542436 -0.01167719  0.26477137],[0.11041732 0.11055797 0.0879823 ],[ 7.0710844e-01 -5.7192246e-04  9.5263368e-04  7.0710433e-01],0,6,1785138722446005,1785138722446005,[-0.0257544  -0.03315037  0.14898641],1,[0.01475333 0.01459639 0.00619813]
1785138732264575424,[ 0.00140512  0.00127686 -0.00058317],[4.4117758e-05 4.3533444e-05 3.4758564e-02],1,[-0.0154579  -0.01148497  0.2649394 ],[0.11121238 0.11135884 0.08789118],[ 7.0712185e-01 -5.7620881e-04  9.5346832e-04  7.0709091e-01],0,6,1785138722462005,1785138722462005,[-0.02564321 -0.03265274  0.14891203],1,[0.01487527 0.01472069 0.00620009]
1785138732264935305,[-4.5909174e-04  2.1159637e-04 -5.0534174e-05],[4.4154742e-05 4.3571334e-05 3.4758877e-02],1,[-0.01548158 -0.01139961  0.2650709 ],[0.11161677 0.11176409 0.08815876],[ 7.0712578e-01 -5.7800143e-04  9.5203629e-04  7.0708698e-01],0,6,1785138722470005,1785138722470005,[-0.02588374 -0.03258434  0.1490477 ],1,[0.01494125 0.01478486 0.00621236]
1785138732265296869,[ 7.3541887e-05  2.1159637e-04 -1.9147469e-03],[4.4228163e-05 4.3644195e-05 3.4759503e-02],1,[-0.01554917 -0.01125526  0.2654278 ],[0.11243266 0.11258165 0.08869662],[ 7.0713806e-01 -5.6884374e-04  9.4244408e-04  7.0707470e-01],0,6,1785138722486005,1785138722486005,[-0.02654477 -0.03263177  0.14923212],1,[0.01507384 0.01491459 0.00623691]
1785138732265665326,[7.3540839e-05 4.7791225e-04 2.1578284e-04],[4.4264383e-05 4.3680560e-05 3.4759823e-02],1,[-0.01559248 -0.01119694  0.26565146],[0.11284419 0.11299398 0.08896689],[ 7.0714110e-01 -5.7106570e-04  9.4294845e-04  7.0707166e-01],0,6,1785138722494005,1785138722494005,[-0.02656749 -0.03267673  0.14934713],1,[0.01514062 0.01497963 0.0062492 ]
1785138732266083767,[-0.00099173 -0.00058735  0.00154736],[4.4336815e-05 4.3753331e-05 3.4760464e-02],1,[-0.01568708 -0.01110081  0.26617324],[0.11367449 0.11382582 0.08886666],[ 7.0714408e-01 -5.6500686e-04  9.3195064e-04  7.0706868e-01],0,6,1785138722510005,1785138722510005,[-0.02621255 -0.03234774  0.14934601],1,[0.01527499 0.01511089 0.0062505 ]
1785138732266641963,[ 0.00087249  0.0002116  -0.00138211],[4.4373501e-05 4.3791082e-05 3.4760784e-02],1,[-0.01573883 -0.01106363  0.26646942],[0.11409328 0.11424536 0.08913766],[ 7.0714706e-01 -5.6425971e-04  9.3249651e-04  7.0706570e-01],0,6,1785138722518005,1785138722518005,[-0.0260933  -0.03228501  0.14923044],1,[0.01534279 0.01517667 0.00626279]
1785138732267088358,[ 0.00033923 -0.00032114 -0.00031746],[4.4448439e-05 4.3859982e-05 3.4759022e-02],1,[-0.01583975 -0.01100699  0.26713905],[0.11493005 0.11508849 0.08968236],[ 7.0715582e-01 -5.7524722e-04  9.3041145e-04  7.0705694e-01],0,6,1785138722534005,1785138722534005,[-0.02587598 -0.03211869  0.14929646],1,[0.01546878 0.01530482 0.0062874 ]
1785138732267478135,[-0.0001934  -0.00032114  0.0023457 ],[4.4486147e-05 4.3897209e-05 3.4759335e-02],1,[-0.01589513 -0.01099093  0.26751202],[0.11535607 0.11551528 0.08995606],[ 7.0715183e-01 -5.7453831e-04  9.2966878e-04  7.0706093e-01],0,6,1785138722542005,1785138722542005,[-0.02584719 -0.03237443  0.14924866],1,[0.01553695 0.01537144 0.00629972]
1785138732267857152,[-0.00072603 -0.00245167 -0.00457852],[4.4560566e-05 4.3967935e-05 3.4759980e-02],1,[-0.0160157  -0.01098372  0.26833028],[0.11621558 0.11637627 0.09050617],[ 7.0717311e-01 -5.7583593e-04  9.0840610e-04  7.0703965e-01],0,6,1785138722558005,1785138722558005,[-0.02592137 -0.032655    0.14945301],1,[0.01567393 0.01550546 0.00632437]
1785138732268271997,[-1.2586676e-03 -1.1200878e-03 -5.1149924e-05],[4.4597888e-05 4.4003289e-05 3.4760296e-02],1,[-0.01608295 -0.0109929   0.2687764 ],[0.11664908 0.11681049 0.09078258],[ 7.0717764e-01 -5.7480013e-04  8.9995319e-04  7.0703512e-01],0,6,1785138722566005,1785138722566005,[-0.02602968 -0.03285151  0.14964776],1,[0.01574282 0.01557251 0.0063367 ]
1785138732268669729,[ 7.2919182e-05  2.1149241e-04 -5.1149720e-05],[4.4672463e-05 4.4077417e-05 3.4760922e-02],1,[-0.01622892 -0.01103383  0.26963726],[0.11752367 0.11768645 0.09067027],[ 7.0717144e-01 -5.7386979e-04  8.9870312e-04  7.0704138e-01],0,6,1785138722582005,1785138722582005,[-0.02606482 -0.03288129  0.14989917],1,[0.01588183 0.01570844 0.00633717]
1785138732269052333,[-0.0017913   0.00234202 -0.00138273],[4.4710327e-05 4.4114582e-05 3.4761228e-02],1,[-0.01630649 -0.01106368  0.27010357],[0.11796477 0.1181282  0.09094738],[ 7.0717615e-01 -5.8228004e-04  8.9911331e-04  7.0703667e-01],0,6,1785138722590005,1785138722590005,[-0.02601051 -0.03279186  0.15001372],1,[0.01595167 0.01577697 0.00634951]
1785138732269443453,[ 7.4579963e-05 -2.4511192e-03 -1.1128071e-03],[4.4784014e-05 4.4189575e-05 3.4759447e-02],1,[-0.01649871 -0.0111521   0.27110624],[0.11884513 0.11901551 0.09150434],[ 7.0719165e-01 -5.8783527e-04  8.8732137e-04  7.0702118e-01],0,6,1785138722606005,1785138722606005,[-0.02554735 -0.03301774  0.15046999],1,[0.01608098 0.01590871 0.00637421]
1785138732269860362,[-0.00019174 -0.00271744  0.00021877],[4.4821842e-05 4.4224525e-05 3.4759760e-02],1,[-0.01659551 -0.01120741  0.2716416 ],[0.11929379 0.11946486 0.09178419],[ 7.0719379e-01 -5.7969475e-04  8.7813765e-04  7.0701903e-01],0,6,1785138722614005,1785138722614005,[-0.02534839 -0.033229    0.15057187],1,[0.01615134 0.01597737 0.00638657]
1785138732270236393,[0.0003409  0.00154362 0.00288193],[4.4895736e-05 4.4296641e-05 3.4760393e-02],1,[-0.01679206 -0.01133981  0.2727333 ],[0.12019891 0.1203713  0.09166191],[ 7.0718694e-01 -5.8262522e-04  8.8595803e-04  7.0702589e-01],0,6,1785138722630005,1785138722630005,[-0.02496902 -0.03345824  0.15111598],1,[0.01629286 0.01611612 0.00638634]
1785138732270637121,[ 0.0019388  -0.00245112 -0.00111281],[4.4932818e-05 4.4332835e-05 3.4760706e-02],1,[-0.0168935  -0.01141524  0.27328834],[0.12065541 0.12082841 0.09194242],[ 7.0718735e-01 -5.7450146e-04  8.8374404e-04  7.0702547e-01],0,6,1785138722638005,1785138722638005,[-0.02500922 -0.03353448  0.1511944 ],1,[0.01636405 0.01618601 0.00639871]
1785138732271043690,[ 0.00060721  0.00127731 -0.00031386],[4.5007469e-05 4.4405147e-05 3.4761332e-02],1,[-0.01710102 -0.01158493  0.27446273],[0.12157632 0.12175049 0.09250621],[ 7.0718688e-01 -5.6316471e-04  8.7912549e-04  7.0702595e-01],0,6,1785138722654005,1785138722654005,[-0.0247406  -0.03375245  0.1515711 ],1,[0.01650712 0.01632529 0.00642346]
1785138732271415995,[-0.00072437  0.00101099 -0.00058018],[4.5044260e-05 4.4442022e-05 3.4761645e-02],1,[-0.01720772 -0.01167886  0.27508044],[0.12204078 0.12221549 0.09278949],[ 7.0719016e-01 -5.6711148e-04  8.8010734e-04  7.0702267e-01],0,6,1785138722662005,1785138722662005,[-0.02467017 -0.03380625  0.15164398],1,[0.01657909 0.01639538 0.00643585]
1785138732271813787,[-0.00152339 -0.00165231 -0.00217908],[4.5119985e-05 4.4515564e-05 3.4759872e-02],1,[-0.01742336 -0.01188041  0.27637511],[0.12296659 0.12314896 0.09335881],[ 7.0719296e-01 -5.7576626e-04  8.7547564e-04  7.0701987e-01],0,6,1785138722678005,1785138722678005,[-0.0244576  -0.0338145   0.15205611],1,[0.0167123  0.01653079 0.00646064]
1785138732272263799,[-2.3223369e-03 -5.4416247e-05 -1.6464484e-03],[4.5157336e-05 4.4552100e-05 3.4760185e-02],1,[-0.01753367 -0.01198826  0.27705196],[0.12343894 0.1236219  0.09364486],[ 7.0719808e-01 -5.7935098e-04  8.6721883e-04  7.0701474e-01],0,6,1785138722686005,1785138722686005,[-0.02427221 -0.03379754  0.15229462],1,[0.01678498 0.01660154 0.00647305]
1785138732272622607,[-9.9075795e-04  1.8097964e-03 -4.8549875e-05],[4.5232024e-05 4.4627141e-05 3.4760814e-02],1,[-0.01775558 -0.01221757  0.27840224],[0.1243918  0.12457585 0.09350924],[ 7.0720077e-01 -5.8350415e-04  8.7046355e-04  7.0701206e-01],0,6,1785138722702005,1785138722702005,[-0.02386083 -0.03352685  0.15266146],1,[0.01693134 0.01674394 0.00647195]
1785138732272944025,[ 0.0032703  -0.00111968 -0.00138013],[4.5268855e-05 4.4664597e-05 3.4761123e-02],1,[-0.01786895 -0.01233697  0.27910647],[0.12487234 0.12505691 0.09379591],[ 7.0720315e-01 -5.7504000e-04  8.7367039e-04  7.0700967e-01],0,6,1785138722710005,1785138722710005,[-0.02396129 -0.03337811  0.15299685],1,[0.01700478 0.01681567 0.00648436]
1785138732273266475,[ 0.00113977  0.00074453 -0.0008475 ],[4.5343488e-05 4.4738663e-05 3.4761749e-02],1,[-0.01810264 -0.01258707  0.28057155],[0.12584169 0.12602723 0.09437205],[ 7.0721191e-01 -5.6716113e-04  8.8249275e-04  7.0700091e-01],0,6,1785138722726005,1785138722726005,[-0.02393449 -0.0333604   0.15347345],1,[0.01715238 0.01695968 0.00650921]
1785138732273604154,[ 0.00113977  0.00154348 -0.00058118],[4.5381108e-05 4.4775006e-05 3.4762062e-02],1,[-0.01822179 -0.01271923  0.28133115],[0.12633054 0.12651652 0.09466152],[ 7.0721340e-01 -5.6773925e-04  8.9112169e-04  7.0699942e-01],0,6,1785138722734005,1785138722734005,[-0.02372488 -0.03338637  0.15387273],1,[0.0172265  0.01703188 0.00652164]
1785138732273996075,[-0.00125616  0.00047756 -0.00191763],[4.5457902e-05 4.4851113e-05 3.4760293e-02],1,[-0.01848376 -0.01298524  0.28284565],[0.12730378 0.12749822 0.09451508],[ 7.0722604e-01 -5.7568389e-04  9.0097793e-04  7.0698667e-01],0,6,1785138722750005,1785138722750005,[-0.02396487 -0.033492    0.15477073],1,[0.01736316 0.01717109 0.00651981]
1785138732274409748,[ 7.1435003e-05 -1.6610391e-03  2.8793719e-03],[4.3429402e-05 4.2914504e-05 3.4756001e-02],1,[-0.01842779 -0.01276526  0.28245577],[0.10614947 0.10627864 0.08527714],[ 7.0722306e-01 -5.6947436e-04  8.9618668e-04  7.0698977e-01],0,6,1785138722758005,1785138722758005,[-0.02390785 -0.03327231  0.15505312],1,[0.01399793 0.01385788 0.00604498]
1785138732274821417,[ 7.1436400e-05 -1.3947227e-03 -3.1642342e-04],[4.3500309e-05 4.2983393e-05 3.4756646e-02],1,[-0.01833457 -0.01236193  0.28181803],[0.10690048 0.10703155 0.08579376],[ 7.0723265e-01 -5.6245679e-04  8.8764320e-04  7.0698017e-01],0,6,1785138722774005,1785138722774005,[-0.02385745 -0.03338395  0.15512587],1,[0.01412386 0.01398012 0.00606919]
1785138732275239828,[ 8.7039289e-04 -6.3142856e-05 -5.0103263e-05],[4.3536704e-05 4.3017932e-05 3.4756973e-02],1,[-0.01829696 -0.01218088  0.28156617],[0.1072793  0.10741131 0.08605337],[ 7.0723325e-01 -5.5950682e-04  8.8625448e-04  7.0697957e-01],0,6,1785138722782005,1785138722782005,[-0.02382485 -0.03354171  0.1551961 ],1,[0.01418718 0.01404177 0.0060813 ]
1785138732275606422,[-7.275030e-04 -6.314379e-05  7.488458e-04],[4.3607310e-05 4.3085096e-05 3.4757629e-02],1,[-0.01823939 -0.01185367  0.28118828],[0.10804366 0.10817748 0.0865752 ],[ 7.0723063e-01 -5.6489866e-04  8.8735000e-04  7.0698220e-01],0,6,1785138722798005,1785138722798005,[-0.02395491 -0.03335153  0.15493208],1,[0.01431453 0.01416575 0.00610554]
1785138732275985048,[ 0.00193565  0.00046949 -0.00084905],[4.3643457e-05 4.3119966e-05 3.4757949e-02],1,[-0.01822025 -0.01170595  0.2810597 ],[0.10842922 0.10856392 0.08683743],[ 7.0723641e-01 -5.6195230e-04  8.9132815e-04  7.0697641e-01],0,6,1785138722806005,1785138722806005,[-0.02398313 -0.03320783  0.15497588],1,[0.0143786  0.01422817 0.00611768]
1785138732276355359,[ 0.00113679 -0.00166126  0.00021452],[4.3716096e-05 4.3190568e-05 3.4756243e-02],1,[-0.01820365 -0.01143767  0.28089097],[0.10920084 0.10934114 0.08675326],[ 7.0723850e-01 -5.6508434e-04  8.8732917e-04  7.0697433e-01],0,6,1785138722822005,1785138722822005,[-0.02451738 -0.03306416  0.15461472],1,[0.01449842 0.01434918 0.00612015]
1785138732276714117,[ 7.1522780e-05 -1.9275753e-03 -3.1811857e-04],[4.3751956e-05 4.3227694e-05 3.4756556e-02],1,[-0.01820579 -0.01131883  0.2808627 ],[0.10959312 0.10973431 0.08701627],[ 7.0724386e-01 -5.5761496e-04  8.8084565e-04  7.0696890e-01],0,6,1785138722830005,1785138722830005,[-0.02458698 -0.03300132  0.15469496],1,[0.01456301 0.01441223 0.00613229]
1785138732277001962,[-0.00019479 -0.00192758  0.00127978],[4.3823853e-05 4.3299548e-05 3.4757208e-02],1,[-0.01822827 -0.01110966  0.2809175 ],[0.11038458 0.11052753 0.08754491],[ 7.0724475e-01 -5.4604880e-04  8.7210268e-04  7.0696801e-01],0,6,1785138722846005,1785138722846005,[-0.02490589 -0.03290743  0.15492114],1,[0.01469294 0.01453859 0.00615658]
1785138732277569045,[-0.00072742 -0.00059599  0.00314399],[4.3860480e-05 4.3335327e-05 3.4757536e-02],1,[-0.01824819 -0.01101914  0.28099734],[0.11078379 0.1109276  0.08781055],[ 7.0724028e-01 -5.4684875e-04  8.6645153e-04  7.0697248e-01],0,6,1785138722854005,1785138722854005,[-0.02486718 -0.03281946  0.15484606],1,[0.01475809 0.01460213 0.00616874]
1785138732277969532,[-0.00072742 -0.00166126  0.00154609],[4.3932770e-05 4.3400672e-05 3.4758192e-02],1,[-0.01829958 -0.01086437  0.28123432],[0.11158924 0.1117347  0.08771762],[ 7.0724231e-01 -5.4431311e-04  8.6160237e-04  7.0697057e-01],0,6,1785138722870005,1785138722870005,[-0.02477648 -0.03268591  0.15488896],1,[0.01488913 0.01473014 0.00617057]
1785138732278326618,[-0.00019479  0.00020295 -0.00031812],[4.3968987e-05 4.3435193e-05 3.4758512e-02],1,[-0.0183323  -0.01079885  0.28138995],[0.1119955  0.11214176 0.08798402],[ 7.072446e-01 -5.462456e-04  8.593931e-04  7.069683e-01],0,6,1785138722878005,1785138722878005,[-0.02487719 -0.03243399  0.15493438],1,[0.01495522 0.01479456 0.00618273]
1785138732278682461,[-0.00179198 -0.0019279  -0.00058699],[4.4042488e-05 4.3502223e-05 3.4756791e-02],1,[-0.01842272 -0.01068455  0.28179404],[0.11280771 0.11296005 0.08851946],[ 7.0725542e-01 -5.4747460e-04  8.4334332e-04  7.0695746e-01],0,6,1785138722894005,1785138722894005,[-0.0247026  -0.03218102  0.1548477 ],1,[0.01507804 0.01491894 0.00620708]
1785138732279038535,[-0.00019409 -0.00059632 -0.00191857],[4.4079141e-05 4.3538686e-05 3.4757104e-02],1,[-0.01847177 -0.01063975  0.28204066],[0.11322099 0.11337415 0.08878852],[ 7.0726508e-01 -5.4677081e-04  8.3552575e-04  7.0694780e-01],0,6,1785138722902005,1785138722902005,[-0.02450153 -0.03231104  0.15483992],1,[0.01514459 0.01498401 0.00621927]
1785138732279384910,[-0.0004604   0.00046895 -0.00111963],[4.4151249e-05 4.3609649e-05 3.4757756e-02],1,[-0.01857889 -0.0105737   0.28262088],[0.11405479 0.11420954 0.08932929],[ 7.0727563e-01 -5.4496893e-04  8.3010289e-04  7.0693725e-01],0,6,1785138722918005,1785138722918005,[-0.02435259 -0.03211311  0.15494554],1,[0.01527824 0.01511445 0.00624366]
1785138732279718551,[ 0.00140381 -0.00112895  0.00047827],[4.4187258e-05 4.3644322e-05 3.4758076e-02],1,[-0.01863706 -0.01055019  0.282953  ],[0.11447534 0.11463086 0.08960102],[ 7.0727801e-01 -5.3898967e-04  8.3292188e-04  7.0693487e-01],0,6,1785138722926005,1785138722926005,[-0.02428086 -0.03188556  0.15504918],1,[0.01534573 0.01518015 0.00625587]
1785138732280061199,[-0.00019409  0.00046895 -0.00032067],[4.4260472e-05 4.3713731e-05 3.4758709e-02],1,[-0.01876226 -0.01052437  0.2836546 ],[0.1153238  0.11548078 0.08949652],[ 7.0728439e-01 -5.5456924e-04  8.0974918e-04  7.0692849e-01],0,6,1785138722942005,1785138722942005,[-0.02413595 -0.03203819  0.15543158],1,[0.01548135 0.01531235 0.00625688]
1785138732280411301,[ 0.00087118 -0.00086263 -0.00058699],[4.4296925e-05 4.3750591e-05 3.4759037e-02],1,[-0.01882919 -0.01052405  0.28404748],[0.11575172 0.11590942 0.08976897],[ 7.0728767e-01 -5.4938049e-04  8.0898369e-04  7.0692521e-01],0,6,1785138722950005,1785138722950005,[-0.02406503 -0.03220823  0.15562786],1,[0.01554957 0.01537904 0.00626909]
1785138732280750233,[0.00167029 0.00206674 0.00154268],[4.4370216e-05 4.3821070e-05 3.4757290e-02],1,[-0.01897506 -0.01054673  0.28491127],[0.11660628 0.11677065 0.09031656],[ 7.072968e-01 -5.420565e-04  7.940692e-04  7.069161e-01],0,6,1785138722966005,1785138722966005,[-0.02391001 -0.03263428  0.15573739],1,[0.01567644 0.01550823 0.00629354]
1785138732281081990,[-0.00046024 -0.00299327  0.00047741],[4.4406726e-05 4.3856398e-05 3.4757607e-02],1,[-0.01905107 -0.01057088  0.28537998],[0.11704155 0.11720666 0.09059171],[ 7.0729744e-01 -5.3727609e-04  7.9084421e-04  7.0691544e-01],0,6,1785138722974005,1785138722974005,[-0.0237532  -0.03278727  0.15582721],1,[0.01574529 0.01557571 0.00630577]
1785138732281414309,[ 6.0502562e-04 -6.3791638e-05  2.1110094e-04],[4.4479217e-05 4.3926659e-05 3.4758255e-02],1,[-0.01921156 -0.01064117  0.28635496],[0.11791968 0.1180862  0.09047762],[ 7.0729685e-01 -5.4770784e-04  7.9398544e-04  7.0691603e-01],0,6,1785138722990005,1785138722990005,[-0.02375756 -0.03287375  0.15611266],1,[0.01588343 0.01571072 0.0063061 ]
1785138732281822331,[-1.9392243e-04  1.0014724e-03 -5.5218377e-05],[4.4515386e-05 4.3961929e-05 3.4758568e-02],1,[-0.01929653 -0.01068553  0.286862  ],[0.11836255 0.11852975 0.09075344],[ 7.0729983e-01 -5.4936780e-04  7.9431816e-04  7.0691305e-01],0,6,1785138722998005,1785138722998005,[-0.02376601 -0.03281707  0.15635112],1,[0.01595293 0.01577865 0.00631834]
1785138732282217248,[-0.00019392 -0.00059642 -0.0013868 ],[4.4588804e-05 4.4034190e-05 3.4759216e-02],1,[-0.01947278 -0.01079358  0.2879466 ],[0.11925602 0.11942449 0.0913078 ],[ 7.0730966e-01 -5.4444210e-04  7.9664786e-04  7.0690322e-01],0,6,1785138723014005,1785138723014005,[-0.02362509 -0.03298644  0.15654767],1,[0.01609275 0.01591487 0.00634283]
1785138732282680334,[-2.3244519e-03 -6.3790707e-05 -1.1204871e-03],[4.4625238e-05 4.4070282e-05 3.4759544e-02],1,[-0.01956454 -0.01085687  0.2885223 ],[0.11970663 0.11987571 0.09158635],[ 7.0731652e-01 -5.4539239e-04  7.8659388e-04  7.0689636e-01],0,6,1785138723022005,1785138723022005,[-0.02349321 -0.03288069  0.15661976],1,[0.01616307 0.0159835  0.00635509]
1785138732283049382,[-0.00125927 -0.00112989  0.00020501],[4.4699045e-05 4.4143359e-05 3.4757812e-02],1,[-0.01975277 -0.01098413  0.28973866],[0.12060544 0.12078182 0.09214618],[ 7.073216e-01 -5.476885e-04  7.753129e-04  7.068913e-01],0,6,1785138723038005,1785138723038005,[-0.02347272 -0.03273278  0.15683633],1,[0.0162933  0.01611625 0.00637962]
1785138732283405025,[ 0.00033862 -0.00033094 -0.00032762],[4.4735556e-05 4.4180666e-05 3.4758128e-02],1,[-0.01985026 -0.01105697  0.29037842],[0.12106372 0.12124074 0.09242746],[ 7.073254e-01 -5.467806e-04  7.748332e-04  7.068875e-01],0,6,1785138723046005,1785138723046005,[-0.02328887 -0.03299513  0.15709113],1,[0.01636429 0.01618532 0.0063919 ]
1785138732283743004,[0.00193652 0.00020169 0.00233554],[4.4809138e-05 4.4253269e-05 3.4758765e-02],1,[-0.02004819 -0.01122615  0.29165927],[0.12198821 0.12216645 0.09230057],[ 7.0733362e-01 -5.4462504e-04  7.7666464e-04  7.0687926e-01],0,6,1785138723062005,1785138723062005,[-0.02288142 -0.03369086  0.15739232],1,[0.01650701 0.01632418 0.00639139]
1785138732284010310,[ 0.00167021 -0.00139621  0.00127027],[4.4845918e-05 4.4289769e-05 3.4759082e-02],1,[-0.02014846 -0.01132231  0.2923316 ],[0.12245445 0.12263326 0.09258249],[ 7.073319e-01 -5.354621e-04  7.778473e-04  7.068810e-01],0,6,1785138723070005,1785138723070005,[-0.02281195 -0.03379789  0.15770721],1,[0.01657872 0.01639405 0.00640367]
1785138732284350574,[ 0.00087125  0.00126696 -0.00032763],[4.4919518e-05 4.4365326e-05 3.4759730e-02],1,[-0.02035933 -0.01153105  0.29373398],[0.12339498 0.12357486 0.0931491 ],[ 7.0734519e-01 -5.2170904e-04  7.8637764e-04  7.0686769e-01],0,6,1785138723086005,1785138723086005,[-0.02304372 -0.03371234  0.15772685],1,[0.01672273 0.01653435 0.00642826]
1785138732284675999,[-0.00072664  0.00233222 -0.00112657],[4.4956676e-05 4.4403165e-05 3.4760050e-02],1,[-0.02046801 -0.01164246  0.2944628 ],[0.1238693  0.12404969 0.09343378],[ 7.073504e-01 -5.299142e-04  7.899674e-04  7.068625e-01],0,6,1785138723094005,1785138723094005,[-0.02287891 -0.03386109  0.15794419],1,[0.01679509 0.01660478 0.00644056]
1785138732285072209,[0.0006049  0.00046821 0.00286962],[4.5029730e-05 4.4475571e-05 3.4758292e-02],1,[-0.02068732 -0.01188536  0.29597762],[0.12481423 0.12500267 0.09329644],[ 7.0735151e-01 -5.2375445e-04  7.9125550e-04  7.0686138e-01],0,6,1785138723110005,1785138723110005,[-0.02270024 -0.0339542   0.15839025],1,[0.01692899 0.01674098 0.00643934]
1785138732285265815,[-1.7919322e-03 -8.6337642e-04 -5.9856189e-05],[4.5066838e-05 4.4511537e-05 3.4758613e-02],1,[-0.02079974 -0.01201459  0.29676282],[0.12529656 0.12548552 0.09358173],[ 7.0735008e-01 -5.2709441e-04  7.8556524e-04  7.0686281e-01],0,6,1785138723118005,1785138723118005,[-0.02262384 -0.03406827  0.1587627 ],1,[0.01700234 0.01681225 0.00645165]
1785138732285736646,[-0.00205826 -0.00059706 -0.00032617],[4.5141063e-05 4.4584656e-05 3.4759253e-02],1,[-0.02103049 -0.01228693  0.29838762],[0.1262695  0.12645948 0.09415508],[ 7.0736456e-01 -5.3797010e-04  7.6939852e-04  7.0684826e-01],0,6,1785138723134005,1785138723134005,[-0.02262261 -0.03415367  0.15933613],1,[0.01714947 0.01695544 0.00647628]
1785138732286087850,[-0.00072668 -0.00405916  0.00153804],[4.5178524e-05 4.4620854e-05 3.4759574e-02],1,[-0.0211489  -0.01243114  0.2992268 ],[0.12676015 0.12695059 0.09444315],[ 7.0736480e-01 -5.2967033e-04  7.5666548e-04  7.0684808e-01],0,6,1785138723142005,1785138723142005,[-0.0227414  -0.03431486  0.159657  ],1,[0.0172233  0.01702741 0.00648861]
1785138732286503226,[ 0.0019355  -0.00141122 -0.00085245],[4.3220167e-05 4.2741067e-05 3.4757838e-02],1,[-0.02130379 -0.01209419  0.2997329 ],[0.10612842 0.10625626 0.08545966],[ 7.0736754e-01 -5.1911513e-04  7.6595793e-04  7.0684534e-01],0,6,1785138723158005,1785138723158005,[-0.02283023 -0.03418395  0.15943407],1,[0.01395273 0.01380892 0.00602743]
1785138732286876963,[-0.00019503 -0.00061227 -0.00111877],[4.3255619e-05 4.2775380e-05 3.4758165e-02],1,[-0.0213404  -0.01162546  0.29942754],[0.10650242 0.1066312  0.08571739],[ 7.0737368e-01 -5.0987577e-04  7.6144433e-04  7.0683920e-01],0,6,1785138723166005,1785138723166005,[-0.02291773 -0.03407726  0.15943213],1,[0.01401532 0.01386998 0.00603944]
1785138732287279935,[-0.00019574 -0.00114504  0.00154345],[4.3326410e-05 4.2847303e-05 3.4756456e-02],1,[-0.02141841 -0.01074057  0.29884857],[0.10725135 0.10738549 0.08563983],[ 7.0738548e-01 -5.1062985e-04  7.4987864e-04  7.0682752e-01],0,6,1785138723182005,1785138723182005,[-0.02294791 -0.03386747  0.15947138],1,[0.01413251 0.01398857 0.0060424 ]
1785138732287616873,[-0.00046206  0.00418128  0.00234239],[4.3361837e-05 4.2883799e-05 3.4756783e-02],1,[-0.02146146 -0.01032499  0.29862586],[0.10763188 0.10776698 0.08589837],[ 7.073843e-01 -5.168445e-04  7.548794e-04  7.068286e-01],0,6,1785138723190005,1785138723190005,[-0.02266843 -0.03385275  0.15926838],1,[0.01419569 0.01405027 0.00605441]
1785138732287960322,[ 7.0569222e-05 -1.6776763e-03 -3.2076213e-04],[4.3432905e-05 4.2953128e-05 3.4757409e-02],1,[-0.02155878 -0.0095463   0.2983029 ],[0.10839967 0.10853662 0.08641803],[ 7.0739448e-01 -5.2328617e-04  7.5364974e-04  7.0681840e-01],0,6,1785138723206005,1785138723206005,[-0.02279274 -0.0338363   0.15893291],1,[0.01432284 0.01417393 0.00607846]
1785138732288301388,[-0.00152732 -0.00194399  0.00101081],[4.3468463e-05 4.2986529e-05 3.4757722e-02],1,[-0.02161245 -0.00918207  0.29820234],[0.10878694 0.10892479 0.08667916],[ 7.0739603e-01 -5.1672367e-04  7.4516132e-04  7.0681685e-01],0,6,1785138723214005,1785138723214005,[-0.02258861 -0.0337492   0.15893833],1,[0.01438675 0.01423599 0.0060905 ]
1785138732288648053,[-0.00072838 -0.00194399  0.0007445 ],[4.3539665e-05 4.3050837e-05 3.4758370e-02],1,[-0.02172774 -0.00849811  0.29810405],[0.10956831 0.10970792 0.08659319],[ 7.074023e-01 -5.171748e-04  7.357868e-04  7.068106e-01],0,6,1785138723230005,1785138723230005,[-0.02253625 -0.03335607  0.15887497],1,[0.01451519 0.0143614  0.00609283]
1785138732289000801,[-0.00205996  0.00364865  0.00314134],[4.3575368e-05 4.3083674e-05 3.4758691e-02],1,[-0.02179187 -0.00817696  0.29810527],[0.10996243 0.1101029  0.08685509],[ 7.0739794e-01 -5.2832236e-04  7.3227024e-04  7.0681494e-01],0,6,1785138723238005,1785138723238005,[-0.02276445 -0.03315479  0.15905009],1,[0.01457974 0.01442443 0.00610487]
1785138732289406248,[ 0.00086948  0.00071903 -0.00245236],[4.3646793e-05 4.3153501e-05 3.4756973e-02],1,[-0.02193261 -0.00757364  0.29822215],[0.11075082 0.11089712 0.0873815 ],[ 7.074005e-01 -5.310554e-04  7.313019e-04  7.068124e-01],0,6,1785138723254005,1785138723254005,[-0.02290171 -0.03286722  0.15929824],1,[0.01470033 0.01454637 0.00612897]
1785138732289640771,[-0.00019579  0.00151798  0.00234133],[4.3682470e-05 4.3187272e-05 3.4757294e-02],1,[-0.02200788 -0.00729133  0.2983344 ],[0.11115176 0.11129894 0.08764602],[ 7.0740098e-01 -5.3167256e-04  7.3460926e-04  7.0681185e-01],0,6,1785138723262005,1785138723262005,[-0.02291269 -0.03265645  0.1595142 ],1,[0.0147655  0.01460996 0.00614104]
1785138732290148111,[-0.00019579 -0.00087887  0.00127607],[4.3754058e-05 4.3261225e-05 3.4757942e-02],1,[-0.02216939 -0.00676524  0.2986619 ],[0.1119607  0.11210956 0.0881777 ],[ 7.0740473e-01 -5.3367869e-04  7.3222711e-04  7.0680809e-01],0,6,1785138723278005,1785138723278005,[-0.02312469 -0.03250295  0.15976077],1,[0.01489634 0.01473763 0.00616518]
1785138732290360854,[-0.00072842 -0.00274308 -0.00058815],[4.3789900e-05 4.3299460e-05 3.4758262e-02],1,[-0.02225628 -0.00652129  0.29887506],[0.11236871 0.11251839 0.08844485],[ 7.0740873e-01 -5.2753685e-04  7.2276569e-04  7.0680410e-01],0,6,1785138723286005,1785138723286005,[-0.02330638 -0.03253403  0.15968072],1,[0.01496213 0.01480174 0.00617726]
1785138732290786339,[0.00033685 0.00045271 0.00074343],[4.3861615e-05 4.3368120e-05 3.4758896e-02],1,[-0.02244003 -0.00607302  0.29933086],[0.11319187 0.11334313 0.08834781],[ 7.0740461e-01 -5.1600044e-04  7.1142026e-04  7.0680833e-01],0,6,1785138723302005,1785138723302005,[-0.0234047  -0.03270764  0.15956518],1,[0.01509455 0.01493102 0.00617881]
1785138732291147472,[-0.00259263  0.00205061  0.0002108 ],[4.3897569e-05 4.3401174e-05 3.4759216e-02],1,[-0.02253727 -0.00586875  0.29960307],[0.11360704 0.11375906 0.08861569],[ 7.0740849e-01 -5.2304746e-04  7.0614083e-04  7.0680445e-01],0,6,1785138723310005,1785138723310005,[-0.02349303 -0.03299072  0.15951651],1,[0.0151614  0.01499618 0.0061909 ]
1785138732291563669,[0.00166803 0.00098586 0.00074749],[4.3969150e-05 4.3472228e-05 3.4757510e-02],1,[-0.02273165 -0.00550574  0.300235  ],[0.11443663 0.11459503 0.08915413],[ 7.0740730e-01 -5.2626856e-04  7.1564381e-04  7.0680553e-01],0,6,1785138723326005,1785138723326005,[-0.02322338 -0.03284639  0.15949208],1,[0.01528546 0.01512222 0.00621509]
1785138732291832628,[0.00060276 0.00045323 0.00074749],[4.4005148e-05 4.3507825e-05 3.4757845e-02],1,[-0.02283193 -0.0053391   0.30059317],[0.11485896 0.11501814 0.08942468],[ 7.0740646e-01 -5.2062399e-04  7.1806600e-04  7.0680648e-01],0,6,1785138723334005,1785138723334005,[-0.02336911 -0.03270859  0.15950698],1,[0.01535266 0.01518762 0.0062272 ]
1785138732292253234,[-0.00126145 -0.00034572 -0.00111673],[4.4077173e-05 4.3578890e-05 3.4758508e-02],1,[-0.02304279 -0.00503959  0.30134502],[0.11571096 0.11587165 0.08931841],[ 7.0741194e-01 -5.2570953e-04  7.1976252e-04  7.0680100e-01],0,6,1785138723350005,1785138723350005,[-0.02345296 -0.03287286  0.15977356],1,[0.0154883  0.01531968 0.00622808]
1785138732292587957,[-3.9246129e-03 -7.9398626e-05 -5.1458919e-05],[4.4113276e-05 4.3614826e-05 3.4758836e-02],1,[-0.0231505  -0.00490501  0.3017406 ],[0.11614067 0.11630209 0.08958966],[ 7.0741451e-01 -5.3380581e-04  7.0359657e-04  7.0679843e-01],0,6,1785138723358005,1785138723358005,[-0.02318732 -0.03262246  0.16006707],1,[0.01555634 0.01538598 0.00624019]
1785138732292917160,[ 4.3311864e-03 -7.9400488e-05  2.0790703e-03],[4.418551e-05 4.368766e-05 3.475947e-02],1,[-0.0233696  -0.0046643   0.30261686],[0.11700758 0.11717039 0.09013484],[ 7.0741808e-01 -5.1888474e-04  7.2007091e-04  7.0679474e-01],0,6,1785138723374005,1785138723374005,[-0.02313526 -0.0326213   0.16056864],1,[0.01569302 0.01551904 0.00626444]
1785138732293259217,[7.0128590e-05 1.5184962e-03 1.5464369e-03],[4.4221681e-05 4.3722743e-05 3.4759790e-02],1,[-0.02348308 -0.00455893  0.30309632],[0.1174448  0.11760826 0.09040876],[ 7.0741546e-01 -5.1772111e-04  7.2259241e-04  7.0679748e-01],0,6,1785138723382005,1785138723382005,[-0.02318702 -0.03260176  0.16092423],1,[0.01576166 0.01558604 0.00627657]
1785138732293624107,[-0.00312561 -0.00274254  0.00154661],[4.4293873e-05 4.3797285e-05 3.4758091e-02],1,[-0.02371722 -0.0043759   0.3041335 ],[0.11831746 0.11848788 0.09095932],[ 7.0740777e-01 -5.1067647e-04  6.9735700e-04  7.0680517e-01],0,6,1785138723398005,1785138723398005,[-0.0231153  -0.03256088  0.1612217 ],1,[0.01588886 0.01571562 0.00630086]
1785138732294051105,[-0.00099508 -0.00061201  0.00074767],[4.4330151e-05 4.3832413e-05 3.4758411e-02],1,[-0.0238367  -0.00429908  0.3046892 ],[0.11876214 0.11893325 0.09123594],[ 7.0740622e-01 -5.1345414e-04  6.8579533e-04  7.0680672e-01],0,6,1785138723406005,1785138723406005,[-0.02301358 -0.03268627  0.16148432],1,[0.01595823 0.01578328 0.00631301]
1785138732294419111,[0.00060282 0.00231747 0.00101398],[4.4402794e-05 4.3902670e-05 3.4759060e-02],1,[-0.02408412 -0.0041741   0.30580014],[0.11965919 0.11983163 0.09111739],[ 7.0740467e-01 -5.1501981e-04  6.9867395e-04  7.0680827e-01],0,6,1785138723422005,1785138723422005,[-0.02344104 -0.03272136  0.1618103 ],1,[0.01609749 0.01591914 0.00631307]
1785138732294772479,[-0.00046245  0.00125221  0.00021503],[4.4439097e-05 4.3938755e-05 3.4759380e-02],1,[-0.02421279 -0.00412418  0.30639106],[0.1201116  0.12028466 0.09139469],[ 7.0740318e-01 -5.1645294e-04  6.9863483e-04  7.0680976e-01],0,6,1785138723430005,1785138723430005,[-0.02348133 -0.03263209  0.16181332],1,[0.01616739 0.01598739 0.00632523]
1785138732295126689,[ 6.028195e-04 -7.937581e-05 -2.714441e-03],[4.4511744e-05 4.4010350e-05 3.4760013e-02],1,[-0.02447313 -0.00404766  0.30763617],[0.12102424 0.12119848 0.09195198],[ 7.0740443e-01 -5.1911297e-04  6.9839769e-04  7.0680851e-01],0,6,1785138723446005,1785138723446005,[-0.02325216 -0.03254903  0.16169563],1,[0.01630855 0.01612495 0.00634956]
1785138732295460220,[-0.00072798 -0.00354126 -0.00084879],[4.4547989e-05 4.4045704e-05 3.4758013e-02],1,[-0.02461288 -0.00402351  0.3082902 ],[0.12147396 0.12165514 0.09223199],[ 7.074102e-01 -5.090489e-04  6.861400e-04  7.068027e-01],0,6,1785138723454005,1785138723454005,[-0.02316801 -0.03248736  0.16179484],1,[0.01636854 0.01618906 0.00636174]
1785138732295784173,[-0.00205956 -0.00114442 -0.00031616],[4.4620941e-05 4.4119250e-05 3.4758653e-02],1,[-0.02489507 -0.0039976   0.30963105],[0.12240208 0.12258451 0.09210338],[ 7.074211e-01 -5.105436e-04  6.780528e-04  7.067918e-01],0,6,1785138723470005,1785138723470005,[-0.02305697 -0.0324364   0.1619682 ],1,[0.01651114 0.0163279  0.00636111]
1785138732296109198,[ 6.0361135e-04  1.5187426e-03 -4.9840222e-05],[4.4657460e-05 4.4153516e-05 3.4758989e-02],1,[-0.02503746 -0.00399557  0.3103188 ],[0.12287014 0.12305316 0.09238402],[ 7.0741886e-01 -5.1456474e-04  6.7996309e-04  7.0679408e-01],0,6,1785138723478005,1785138723478005,[-0.02279043 -0.03234703  0.16215692],1,[0.01658264 0.01639756 0.00637329]
1785138732296431808,[ 8.6993095e-04 -8.7810261e-04 -4.9839204e-05],[4.4730630e-05 4.4223296e-05 3.4759644e-02],1,[-0.02532095 -0.00401198  0.3117549 ],[0.12381431 0.12399843 0.09294803],[ 7.0741457e-01 -5.1485788e-04  6.8059925e-04  7.0679837e-01],0,6,1785138723494005,1785138723494005,[-0.02253644 -0.03213222  0.16242291],1,[0.01672649 0.01653793 0.00639767]
1785138732296745692,[-0.00072797  0.00125243 -0.0008488 ],[4.4767257e-05 4.4259254e-05 3.4759965e-02],1,[-0.02546401 -0.00402985  0.3125028 ],[0.12429046 0.12447509 0.09323141],[ 7.0741820e-01 -5.1414338e-04  6.8383745e-04  7.0679474e-01],0,6,1785138723502005,1785138723502005,[-0.02243475 -0.03224056  0.16253383],1,[0.01679864 0.0166082  0.00640987]
1785138732297061269,[ 0.00033729 -0.00327495 -0.0011151 ],[4.4840628e-05 4.4334265e-05 3.4760620e-02],1,[-0.02575149 -0.00408868  0.31405532],[0.12525092 0.12543651 0.09380092],[ 7.0742607e-01 -5.0797604e-04  6.6225382e-04  7.0678687e-01],0,6,1785138723518005,1785138723518005,[-0.02225283 -0.03222912  0.16309288],1,[0.01694346 0.01674919 0.0064343 ]
1785138732297397185,[ 0.0014025  -0.00247575  0.00048461],[4.4877062e-05 4.4364795e-05 3.4758646e-02],1,[-0.02589759 -0.0041292   0.3148618 ],[0.12572306 0.12591648 0.09408706],[ 7.0742619e-01 -4.9422221e-04  6.5625849e-04  7.0678675e-01],0,6,1785138723526005,1785138723526005,[-0.0226052  -0.03213841  0.1634308 ],1,[0.01700451 0.01681473 0.00644652]
1785138732297725295,[ 7.0925686e-05 -3.0083850e-03 -3.1433781e-04],[4.4950382e-05 4.4436576e-05 3.4759294e-02],1,[-0.02619432 -0.00422786  0.3164449 ],[0.12669969 0.12689413 0.09394491],[ 7.0742130e-01 -4.8755735e-04  6.4859563e-04  7.0679170e-01],0,6,1785138723542005,1785138723542005,[-0.0222679  -0.03217155  0.16371383],1,[0.01715074 0.01695735 0.00644503]
1785138732298043487,[-0.00126066  0.00151899  0.0020825 ],[4.4987013e-05 4.4475393e-05 3.4759615e-02],1,[-0.02634163 -0.0042873   0.3172631 ],[0.12719217 0.12738709 0.09423163],[ 7.0741600e-01 -4.8974517e-04  6.4729864e-04  7.0679700e-01],0,6,1785138723550005,1785138723550005,[-0.02200368 -0.03218444  0.16373399],1,[0.01722445 0.01702915 0.00645725]
1785138732298264676,[-0.00339703 -0.00035248  0.00341705],[4.3063021e-05 4.2637763e-05 3.4758836e-02],1,[-0.02611654 -0.00384811  0.31654808],[0.1064758  0.10660687 0.08531523],[ 7.0740515e-01 -5.0622219e-04  6.3669099e-04  7.0680785e-01],0,6,1785138723566005,1785138723566005,[-0.0215802  -0.03204304  0.16333875],1,[0.01396484 0.01382114 0.00600242]
1785138732298589911,[-0.00046755  0.00177805 -0.00057769],[4.3097887e-05 4.2671054e-05 3.4759156e-02],1,[-0.02601374 -0.00364585  0.31626067],[0.10685152 0.10698353 0.08557196],[ 7.074034e-01 -5.133534e-04  6.330189e-04  7.068096e-01],0,6,1785138723574005,1785138723574005,[-0.02153005 -0.03189845  0.1633607 ],1,[0.01402717 0.01388209 0.00601434]
1785138732298999536,[-0.00206545  0.00204436 -0.00111032],[4.3167925e-05 4.2740565e-05 3.4759797e-02],1,[-0.02582722 -0.00327693  0.31579673],[0.1076096  0.10774344 0.08549263],[ 7.0740783e-01 -5.2207708e-04  6.2843534e-04  7.0680517e-01],0,6,1785138723590005,1785138723590005,[-0.02128127 -0.03190839  0.16313246],1,[0.01415279 0.01400468 0.00601716]
1785138732299264367,[-0.00046803 -0.00115155  0.0007531 ],[4.3203014e-05 4.2774707e-05 3.4757860e-02],1,[-0.02573849 -0.00311005  0.31561705],[0.10798603 0.10812448 0.08575013],[ 7.0740640e-01 -5.2554568e-04  6.2187744e-04  7.0680660e-01],0,6,1785138723598005,1785138723598005,[-0.0210146  -0.03203685  0.16311148],1,[0.01420746 0.01406234 0.00602908]
1785138732299696204,[-0.00179961  0.00044635  0.00288362],[4.3273492e-05 4.2844415e-05 3.4758493e-02],1,[-0.02557416 -0.00280823  0.3153827 ],[0.10875727 0.1088976  0.08626774],[ 7.0738870e-01 -5.2615552e-04  6.1980396e-04  7.0682430e-01],0,6,1785138723614005,1785138723614005,[-0.02043379 -0.03161222  0.16286036],1,[0.01433424 0.01418605 0.00605295]
1785138732300053540,[-0.00046803  0.00151161  0.00235099],[4.3308799e-05 4.2880318e-05 3.4758829e-02],1,[-0.02549852 -0.00267159  0.31532577],[0.10914629 0.10928752 0.08652782],[ 7.0737982e-01 -5.3234224e-04  6.1599829e-04  7.0683318e-01],0,6,1785138723622005,1785138723622005,[-0.02026198 -0.03156213  0.1627741 ],1,[0.01439791 0.0142482  0.0060649 ]
1785138732300415625,[ 0.00112987 -0.00514629  0.00022046],[4.3379139e-05 4.2949618e-05 3.4759477e-02],1,[-0.02536299 -0.00242889  0.3153292 ],[0.10993115 0.11007414 0.0870506 ],[ 7.0737529e-01 -5.0413329e-04  6.0017314e-04  7.0683783e-01],0,6,1785138723638005,1785138723638005,[-0.01995797 -0.03140234  0.1628984 ],1,[0.01452599 0.01437303 0.0060888 ]
1785138732300770707,[ 6.4603053e-05 -8.8523165e-04 -3.1217016e-04],[4.3414428e-05 4.2984058e-05 3.4759805e-02],1,[-0.02530114 -0.00232138  0.31538844],[0.11032702 0.11047087 0.08731329],[ 7.073754e-01 -4.987290e-04  5.945667e-04  7.068377e-01],0,6,1785138723646005,1785138723646005,[-0.01965786 -0.03136298  0.16300794],1,[0.01459025 0.0144358  0.00610077]
1785138732301128143,[ 1.1298639e-03 -8.6282846e-05 -4.5850320e-05],[4.3485201e-05 4.3055596e-05 3.4760453e-02],1,[-0.02519002 -0.00213517  0.31554893],[0.1111257  0.11127122 0.08722337],[ 7.0737952e-01 -4.9364043e-04  5.8079843e-04  7.0683360e-01],0,6,1785138723662005,1785138723662005,[-0.01947624 -0.03119109  0.16286272],1,[0.01471987 0.01456213 0.00610283]
1785138732301484818,[ 5.9737486e-04 -8.6277374e-05  1.5520432e-03],[4.3520722e-05 4.3090182e-05 3.4758527e-02],1,[-0.02514301 -0.00205381  0.31568196],[0.11152148 0.11167218 0.08748681],[ 7.0737404e-01 -4.9243635e-04  5.8017176e-04  7.0683908e-01],0,6,1785138723670005,1785138723670005,[-0.01939556 -0.03089657  0.16284817],1,[0.0147755  0.01462111 0.00611479]
1785138732301844137,[-0.0007342  -0.00141786 -0.0024427 ],[4.3591714e-05 4.3157102e-05 3.4759182e-02],1,[-0.02506107 -0.00191185  0.31604883],[0.11233394 0.11248634 0.08801632],[ 7.0737153e-01 -4.8745159e-04  5.8086164e-04  7.0684159e-01],0,6,1785138723686005,1785138723686005,[-0.01909517 -0.03052734  0.16282965],1,[0.01490604 0.01474871 0.00613875]
1785138732302210591,[ 0.00059737 -0.00274944  0.00101941],[4.3627388e-05 4.3192387e-05 3.4759507e-02],1,[-0.02502687 -0.00185186  0.3162816 ],[0.11274371 0.11289694 0.08828238],[ 7.0737106e-01 -4.7877457e-04  5.7049975e-04  7.0684206e-01],0,6,1785138723694005,1785138723694005,[-0.01919507 -0.0303641   0.16298313],1,[0.01497181 0.01481276 0.00615074]
1785138732302663648,[ 0.00219527 -0.00195049 -0.0008448 ],[4.3698168e-05 4.3264543e-05 3.4760155e-02],1,[-0.02497118 -0.001754    0.31678697],[0.1135704  0.11372524 0.08818357],[ 7.0737129e-01 -4.5732062e-04  5.5547548e-04  7.0684183e-01],0,6,1785138723710005,1785138723710005,[-0.01901508 -0.03017428  0.16318248],1,[0.01510419 0.01494176 0.00615215]
1785138732302957103,[ 0.00033106  0.00151162 -0.00057849],[4.3733642e-05 4.3303480e-05 3.4760468e-02],1,[-0.02494946 -0.00171654  0.3170593 ],[0.11398735 0.11414297 0.08845036],[ 7.0737201e-01 -4.5433082e-04  5.5985397e-04  7.0684111e-01],0,6,1785138723718005,1785138723718005,[-0.01895142 -0.03027815  0.16330026],1,[0.01517065 0.01500661 0.00616415]
1785138732303399920,[-0.00073626  0.00364141  0.00154691],[4.3804866e-05 4.3375145e-05 3.4758866e-02],1,[-0.02489907 -0.00166275  0.31769612],[0.11482038 0.11498252 0.08898656],[ 7.0737010e-01 -4.6571461e-04  5.6732266e-04  7.0684302e-01],0,6,1785138723734005,1785138723734005,[-0.01862797 -0.03055583  0.16342843],1,[0.0152943  0.01513225 0.00618815]
1785138732303683938,[ 0.00086163  0.00284246 -0.00218152],[4.3840424e-05 4.3411892e-05 3.4759186e-02],1,[-0.02486885 -0.00164452  0.31805894],[0.11524448 0.11540742 0.08925598],[ 7.0737475e-01 -4.7481907e-04  5.7717651e-04  7.0683837e-01],0,6,1785138723742005,1785138723742005,[-0.01852692 -0.03047685  0.16347636],1,[0.01536152 0.01519781 0.00620017]
1785138732304109112,[ 1.3942646e-03  3.3750958e-03 -5.0989911e-05],[4.3911681e-05 4.3482243e-05 3.4759827e-02],1,[-0.02481822 -0.00162891  0.31885126],[0.11610007 0.11626454 0.08914991],[ 7.0738631e-01 -4.7875103e-04  5.9556926e-04  7.0682681e-01],0,6,1785138723758005,1785138723758005,[-0.01809049 -0.03049587  0.1640047 ],1,[0.01549646 0.01532937 0.00620106]
1785138732304467260,[-0.00046995  0.00097825  0.00101427],[4.3947257e-05 4.3518252e-05 3.4760147e-02],1,[-0.02479642 -0.00163217  0.31927875],[0.11653157 0.11669679 0.08942003],[ 7.0738494e-01 -4.8261194e-04  5.9733633e-04  7.0682818e-01],0,6,1785138723766005,1785138723766005,[-0.01787903 -0.03052296  0.16404419],1,[0.0155642  0.01539548 0.00621308]
1785138732304801422,[-0.00100258 -0.00088596  0.00128059],[4.4018721e-05 4.3588057e-05 3.4760803e-02],1,[-0.02476213 -0.00166083  0.32021472],[0.11740206 0.1175687  0.08996293],[ 7.0738381e-01 -4.8471722e-04  5.8561511e-04  7.0682931e-01],0,6,1785138723782005,1785138723782005,[-0.01766712 -0.03075394  0.16429062],1,[0.0157005  0.01552843 0.00623713]
1785138732305103443,[-0.00446469 -0.00061965 -0.00084994],[4.4054977e-05 4.3621098e-05 3.4761131e-02],1,[-0.02474919 -0.0016871   0.32072225],[0.11784108 0.1180084  0.09023572],[ 7.073844e-01 -4.927533e-04  5.706221e-04  7.068287e-01],0,6,1785138723790005,1785138723790005,[-0.01742104 -0.03087643  0.16431506],1,[0.01576887 0.01559514 0.00624917]
1785138732305424541,[ 0.00059508 -0.00115241 -0.00058458],[4.4127075e-05 4.3692395e-05 3.4759521e-02],1,[-0.02473055 -0.00175867  0.32181212],[0.11871719 0.11889165 0.09078396],[ 7.0738679e-01 -4.9226615e-04  5.6039513e-04  7.0682633e-01],0,6,1785138723806005,1785138723806005,[-0.01737927 -0.03094631  0.16457237],1,[0.01589618 0.01572461 0.00627327]
1785138732305842682,[0.00166035 0.00044548 0.00048068],[4.416301e-05 4.372679e-05 3.475985e-02],1,[-0.02472527 -0.00180405  0.32239446],[0.11916368 0.11933884 0.09105942],[ 7.0738757e-01 -4.8939022e-04  5.6553842e-04  7.0682555e-01],0,6,1785138723814005,1785138723814005,[-0.01725606 -0.03109996  0.16470942],1,[0.0159653  0.01579212 0.00628533]
1785138732306170382,[ 0.0008614  -0.00354926 -0.00031826],[4.4234741e-05 4.3794094e-05 3.4760505e-02],1,[-0.02472155 -0.00191834  0.32354707],[0.12006436 0.12024087 0.09094112],[ 7.0738876e-01 -4.8704902e-04  5.5754813e-04  7.0682436e-01],0,6,1785138723830005,1785138723830005,[-0.01674236 -0.03147363  0.16506496],1,[0.01610425 0.01592784 0.0062854 ]
1785138732306526525,[-0.0007365  -0.00248399  0.00048068],[4.4270735e-05 4.3829124e-05 3.4760825e-02],1,[-0.02472084 -0.00198557  0.32416087],[0.12051859 0.12069575 0.09121726],[ 7.0738691e-01 -4.7665843e-04  5.4554048e-04  7.0682621e-01],0,6,1785138723838005,1785138723838005,[-0.01635193 -0.03153274  0.16538203],1,[0.0161741  0.01599602 0.00629746]
1785138732306875295,[-0.00047018 -0.0008861   0.00021437],[4.4343553e-05 4.3898417e-05 3.4761481e-02],1,[-0.02472587 -0.00213787  0.32546282],[0.12143487 0.12161326 0.09177221],[ 7.0738709e-01 -4.7998771e-04  5.3752033e-04  7.0682603e-01],0,6,1785138723854005,1785138723854005,[-0.01616391 -0.03153309  0.16607893],1,[0.01631441 0.01613297 0.00632161]
1785138732307290440,[-0.00100282 -0.00354926  0.00234489],[4.4380035e-05 4.3932061e-05 3.4761809e-02],1,[-0.02473208 -0.00222139  0.32614812],[0.12189695 0.12207593 0.09205104],[ 7.0738268e-01 -4.7111016e-04  5.2643742e-04  7.0683044e-01],0,6,1785138723862005,1785138723862005,[-0.01607457 -0.0314021   0.16607527],1,[0.01638493 0.0162018  0.00633369]
1785138732307614503,[-0.00100515 -0.00195156  0.00394183],[4.445191e-05 4.400013e-05 3.476019e-02],1,[-0.02472794 -0.00239989  0.3275446 ],[0.12281802 0.12300483 0.09192275],[ 7.0736337e-01 -4.6540517e-04  5.0520233e-04  7.0684975e-01],0,6,1785138723878005,1785138723878005,[-0.01578893 -0.03127911  0.16665857],1,[0.01651578 0.01633509 0.00633308]
1785138732307936903,[ 0.0029896  -0.00115262  0.00314288],[4.4487617e-05 4.4035591e-05 3.4760516e-02],1,[-0.02471738 -0.00249517  0.32825738],[0.1232879  0.12347533 0.09220221],[ 7.0735455e-01 -4.5577760e-04  5.0783821e-04  7.0685869e-01],0,6,1785138723886005,1785138723886005,[-0.0157673  -0.03128279  0.16699159],1,[0.01658704 0.01640458 0.00634517]
1785138732308261978,[-0.00153777  0.0007116  -0.00431398],[4.4559521e-05 4.4103614e-05 3.4761172e-02],1,[-0.02470478 -0.00270282  0.32974645],[0.12423573 0.12442432 0.09276383],[ 7.0736504e-01 -4.4897743e-04  5.0533906e-04  7.0684820e-01],0,6,1785138723902005,1785138723902005,[-0.01533621 -0.03138235  0.16724476],1,[0.01673003 0.01654412 0.00636936]
1785138732308591382,[ 0.00192432 -0.00301683 -0.00218344],[4.4595312e-05 4.4136534e-05 3.4761500e-02],1,[-0.02470038 -0.00281367  0.33052218],[0.1247137  0.12490284 0.09304601],[ 7.0737499e-01 -4.3823861e-04  5.0095498e-04  7.0683825e-01],0,6,1785138723910005,1785138723910005,[-0.01514573 -0.03144382  0.1675908 ],1,[0.01680202 0.01661433 0.00638146]
1785138732308996267,[-0.00073883  0.00044528  0.00154498],[4.4667780e-05 4.4209090e-05 3.4762148e-02],1,[-0.02469747 -0.00305375  0.3321344 ],[0.12567784 0.125868   0.09361309],[ 7.0736998e-01 -4.4950700e-04  5.0176709e-04  7.0684326e-01],0,6,1785138723926005,1785138723926005,[-0.01465575 -0.03181918  0.1681181 ],1,[0.01694688 0.01675561 0.00640569]
1785138732309328386,[-0.00180409  0.00204318 -0.00085186],[4.4704098e-05 4.4245608e-05 3.4762464e-02],1,[-0.02469644 -0.00318248  0.33297068],[0.12616402 0.12635466 0.09389801],[ 7.0737231e-01 -4.6098250e-04  5.0167221e-04  7.0684093e-01],0,6,1785138723934005,1785138723934005,[-0.01426884 -0.03202366  0.16838041],1,[0.01701963 0.01682651 0.00641782]
1785138732309675352,[ 0.00272328 -0.00035361  0.00048018],[4.4776811e-05 4.4324694e-05 3.4760844e-02],1,[-0.02470054 -0.00345979  0.33463275],[0.12713194 0.12733123 0.09375627],[ 7.0736188e-01 -4.4851666e-04  5.0687429e-04  7.0685136e-01],0,6,1785138723950005,1785138723950005,[-0.01429223 -0.03252515  0.16894652],1,[0.01715412 0.01696382 0.00641636]
1785138732310013722,[-1.006695e-03  4.356237e-04 -4.824114e-05],[4.2852269e-05 4.2462838e-05 3.4760930e-02],1,[-0.02458471 -0.00318909  0.3342676 ],[0.10607648 0.10620888 0.08467858],[ 7.0736450e-01 -4.5019825e-04  5.0840131e-04  7.0684874e-01],0,6,1785138723958005,1785138723958005,[-0.01435346 -0.03227824  0.16891037],1,[0.01385435 0.01371548 0.00595594]
1785138732310376569,[ 0.00032489 -0.00036333  0.00128334],[4.2921398e-05 4.2529544e-05 3.4761600e-02],1,[-0.02436765 -0.00268578  0.33368385],[0.10682479 0.10695913 0.08518767],[ 7.0735681e-01 -4.5603936e-04  5.0276431e-04  7.0685643e-01],0,6,1785138723974005,1785138723974005,[-0.01388609 -0.03205374  0.16896833],1,[0.01397828 0.01383647 0.00597958]
1785138732310739565,[-0.00127301  0.00309878 -0.0011135 ],[4.2956479e-05 4.2562991e-05 3.4761928e-02],1,[-0.02426574 -0.00245325  0.33346424],[0.10720223 0.10733752 0.08544348],[ 7.0735860e-01 -4.6291406e-04  5.0507736e-04  7.0685464e-01],0,6,1785138723982005,1785138723982005,[-0.01380708 -0.03181176  0.16909803],1,[0.01404044 0.01389718 0.00599141]
1785138732311096701,[-0.00074038  0.00016931 -0.00191245],[4.3026936e-05 4.2632128e-05 3.4762576e-02],1,[-0.02407537 -0.002023    0.33312508],[0.10796375 0.10810088 0.0853641 ],[ 7.0737290e-01 -4.6988807e-04  5.0451187e-04  7.0684022e-01],0,6,1785138723998005,1785138723998005,[-0.01348355 -0.03151451  0.16933508],1,[0.0141653  0.01401915 0.00599421]
1785138732311442375,[ 0.00085752 -0.00302649 -0.00244508],[4.3061744e-05 4.2667427e-05 3.4762911e-02],1,[-0.02398647 -0.00182489  0.33300364],[0.10834785 0.10848588 0.08562069],[ 7.0737916e-01 -4.5943836e-04  4.9861829e-04  7.0683396e-01],0,6,1785138724006005,1785138724006005,[-0.0133594  -0.03129362  0.16944173],1,[0.01422807 0.01408049 0.00600604]
1785138732311799500,[0.0013905  0.00070204 0.00048506],[4.3132677e-05 4.2736974e-05 3.4761325e-02],1,[-0.02382653 -0.0014631   0.33288854],[0.1091165  0.10926025 0.08613643],[ 7.0738268e-01 -4.5208004e-04  4.9671350e-04  7.0683056e-01],0,6,1785138724022005,1785138724022005,[-0.01296333 -0.03113917  0.16934589],1,[0.01434589 0.01420009 0.00602974]
1785138732312165343,[-0.0004737  -0.00062954 -0.00164547],[4.3168111e-05 4.2773583e-05 3.4761645e-02],1,[-0.02375197 -0.00129942  0.33289224],[0.10950725 0.10965191 0.08639559],[ 7.0738441e-01 -4.4952813e-04  4.9278501e-04  7.0682883e-01],0,6,1785138724030005,1785138724030005,[-0.0129944  -0.03119027  0.16941091],1,[0.01440931 0.01426207 0.00604159]
1785138732312523250,[0.0013905  0.00123467 0.00128401],[4.3238666e-05 4.2835967e-05 3.4762286e-02],1,[-0.02361688 -0.00100333  0.33301854],[0.11029558 0.11044203 0.08691649],[ 7.073901e-01 -4.504381e-04  5.023184e-04  7.068231e-01],0,6,1785138724046005,1785138724046005,[-0.01286272 -0.03105788  0.1696787 ],1,[0.014537   0.0143868  0.00606532]
1785138732312874204,[ 1.1241924e-03 -9.6909935e-05 -3.1388938e-04],[4.3273591e-05 4.2871128e-05 3.4762606e-02],1,[-0.02355507 -0.00087068  0.33313936],[0.11069319 0.11084052 0.08717823],[ 7.0738769e-01 -4.4485991e-04  5.0598592e-04  7.0682555e-01],0,6,1785138724054005,1785138724054005,[-0.01276787 -0.03086937  0.16957922],1,[0.01460122 0.01444958 0.0060772 ]
1785138732313232471,[-0.00100634 -0.00196112 -0.00350968],[4.3343916e-05 4.2938918e-05 3.4763247e-02],1,[-0.02344444 -0.00063172  0.33340436],[0.11149536 0.11164439 0.08708829],[ 7.0740682e-01 -4.3559878e-04  5.0695770e-04  7.0680636e-01],0,6,1785138724070005,1785138724070005,[-0.01287416 -0.03064179  0.16960588],1,[0.01473028 0.01457561 0.00607924]
1785138732313586311,[ 2.9883990e-03 -9.6910633e-05 -1.1128329e-03],[4.3378725e-05 4.2974283e-05 3.4763567e-02],1,[-0.02339598 -0.00052737  0.33359087],[0.11189995 0.1120498  0.08735079],[ 7.0741141e-01 -4.2549855e-04  5.0991680e-04  7.0680177e-01],0,6,1785138724078005,1785138724078005,[-0.01282153 -0.03086987  0.16963461],1,[0.01479509 0.01463894 0.00609112]
1785138732313958284,[ 0.00032503 -0.00036312 -0.00057929],[4.3448152e-05 4.3044929e-05 3.4761995e-02],1,[-0.02330334 -0.00035023  0.33406544],[0.11270874 0.11286481 0.08787837],[ 7.0742190e-01 -4.3768689e-04  5.0534436e-04  7.0679128e-01],0,6,1785138724094005,1785138724094005,[-0.01238551 -0.03077059  0.16953336],1,[0.0149163  0.01476208 0.00611491]
1785138732314301644,[-0.00260445  0.00043583  0.00075228],[4.3483513e-05 4.3075346e-05 3.4762315e-02],1,[-2.3260856e-02 -2.7402176e-04  3.3435157e-01],[0.11312028 0.11327719 0.08814347],[ 7.0742100e-01 -4.4151512e-04  4.9968995e-04  7.0679218e-01],0,6,1785138724102005,1785138724102005,[-0.01226724 -0.03067509  0.16960439],1,[0.01498181 0.01482601 0.00612681]
1785138732314650644,[ 1.6566127e-03 -1.9610140e-03 -4.6663685e-05],[4.3553278e-05 4.3146421e-05 3.4762956e-02],1,[-2.3182586e-02 -1.4678002e-04  3.3496797e-01],[0.11395051 0.11410905 0.08804658],[ 7.0741642e-01 -4.4162548e-04  4.9745146e-04  7.0679677e-01],0,6,1785138724118005,1785138724118005,[-0.01184229 -0.03065202  0.16959171],1,[0.0151135  0.01495467 0.00612834]
1785138732314990016,[0.00112398 0.00283268 0.00048597],[4.3588414e-05 4.3180782e-05 3.4763277e-02],1,[-2.3148252e-02 -9.4757765e-05  3.3532363e-01],[0.11436924 0.11452857 0.0883124 ],[ 7.074147e-01 -4.417056e-04  5.039304e-04  7.067985e-01],0,6,1785138724126005,1785138724126005,[-0.01201148 -0.03038301  0.1698282 ],1,[0.01517961 0.01501925 0.00614024]
1785138732315339327,[ 0.00059135 -0.00275996  0.00021965],[4.3657878e-05 4.3251188e-05 3.4763925e-02],1,[-2.3095319e-02 -8.4720959e-06  3.3612460e-01],[0.11521395 0.11537481 0.08884667],[ 7.0741498e-01 -4.3970396e-04  4.9973867e-04  7.0679820e-01],0,6,1785138724142005,1785138724142005,[-0.01242169 -0.02991234  0.16980495],1,[0.01531245 0.01514902 0.00616407]
1785138732315661817,[ 5.9898011e-05 -1.6957549e-03 -5.8782240e-04],[4.369360e-05 4.328566e-05 3.476204e-02],1,[-2.3086127e-02  3.3320539e-05  3.3656839e-01],[0.11563157 0.11579838 0.08911512],[ 7.0741695e-01 -4.3423072e-04  4.9320766e-04  7.0679623e-01],0,6,1785138724150005,1785138724150005,[-0.01238718 -0.02982678  0.16988015],1,[0.0153695  0.01520984 0.006176  ]
1785138732315986852,[ 5.9897080e-05 -1.6957548e-03  1.2763916e-03],[4.3765263e-05 4.3353280e-05 3.4762677e-02],1,[-2.3075411e-02  9.4616553e-05  3.3750913e-01],[0.1164907  0.11665908 0.08900911],[ 7.0742285e-01 -4.2938034e-04  4.8333724e-04  7.0679033e-01],0,6,1785138724166005,1785138724166005,[-0.01218669 -0.02973786  0.17010598],1,[0.01550384 0.01534111 0.00617688]
1785138732316317548,[ 0.00112516 -0.00116312  0.0015427 ],[4.3800428e-05 4.3385848e-05 3.4763008e-02],1,[-2.30739992e-02  1.14227936e-04  3.38005066e-01],[0.11692398 0.11709312 0.08927825],[ 7.0742035e-01 -4.2209696e-04  4.8338415e-04  7.0679283e-01],0,6,1785138724174005,1785138724174005,[-0.01227071 -0.02984431  0.17021342],1,[0.01557146 0.01540723 0.00618881]
1785138732316631982,[-0.00340221  0.00016846 -0.00032151],[4.3871027e-05 4.3454060e-05 3.4763649e-02],1,[-2.3079216e-02  1.3054660e-04  3.3907735e-01],[0.11779805 0.11796864 0.08981917],[ 7.0741749e-01 -4.1026925e-04  4.5388931e-04  7.0679569e-01],0,6,1785138724190005,1785138724190005,[-0.01227759 -0.02974561  0.17034528],1,[0.01570728 0.01553983 0.00621269]
1785138732316946738,[-4.7273480e-04 -1.4294389e-03 -5.5186742e-05],[4.3906079e-05 4.3487104e-05 3.4763984e-02],1,[-2.3087338e-02  1.2887534e-04  3.3965215e-01],[0.11823884 0.11841015 0.09009096],[ 7.0741981e-01 -4.1174219e-04  4.4845164e-04  7.0679337e-01],0,6,1785138724198005,1785138724198005,[-0.01240048 -0.02968625  0.1703983 ],1,[0.01577544 0.01560637 0.00622464]
1785138732317267505,[-0.00446748 -0.00169575  0.00074375],[4.3976830e-05 4.3550717e-05 3.4764636e-02],1,[-2.3114873e-02  1.0703897e-04  3.4087765e-01],[0.11912806 0.1193007  0.0906372 ],[ 7.0742816e-01 -4.1101489e-04  4.3321308e-04  7.0678502e-01],0,6,1785138724214005,1785138724214005,[-0.01257173 -0.02966635  0.17079383],1,[0.01591285 0.01574058 0.00624856]
1785138732317591267,[-0.00366813 -0.00276106  0.00100972],[4.4012726e-05 4.3585434e-05 3.4762725e-02],1,[-2.313717e-02  8.562888e-05  3.415283e-01],[0.11956669 0.11974603 0.09091165],[ 7.0742553e-01 -4.1559202e-04  4.1588664e-04  7.0678765e-01],0,6,1785138724222005,1785138724222005,[-0.0126981  -0.02973857  0.17109777],1,[0.01597138 0.01580313 0.00626053]
1785138732317952601,[-0.00207025  0.00016842  0.00207498],[4.4083517e-05 4.3653938e-05 3.4763381e-02],1,[-2.3188569e-02  2.5150846e-05  3.4283444e-01],[0.12047096 0.12065172 0.0907935 ],[ 7.0742452e-01 -4.1616752e-04  3.9381455e-04  7.0678866e-01],0,6,1785138724238005,1785138724238005,[-0.01259861 -0.02958226  0.17175022],1,[0.01611015 0.01593866 0.0062606 ]
1785138732318271123,[ 6.0290447e-05 -1.1631578e-03  7.4340426e-04],[4.4119093e-05 4.3689968e-05 3.4763701e-02],1,[-2.3218419e-02 -1.3624071e-05  3.4352514e-01],[0.12092699 0.12110842 0.0910686 ],[ 7.0742232e-01 -4.1593160e-04  3.8831783e-04  7.0679086e-01],0,6,1785138724246005,1785138724246005,[-0.01268521 -0.02951752  0.17205283],1,[0.01617992 0.01600686 0.00627257]
1785138732318623480,[ 6.0289167e-05  2.5652687e-03 -1.3871307e-03],[4.4189903e-05 4.3764354e-05 3.4764327e-02],1,[-2.3284303e-02 -1.0555623e-04  3.4497598e-01],[0.12184688 0.1220296  0.0916215 ],[ 7.0742649e-01 -4.1930683e-04  4.0835713e-04  7.0678669e-01],0,6,1785138724262005,1785138724262005,[-0.01255203 -0.02925684  0.17243761],1,[0.01632005 0.01614382 0.00629654]
1785138732318968012,[ 6.0281949e-05 -4.8915823e-03 -8.5449393e-04],[4.4225791e-05 4.3797048e-05 3.4764647e-02],1,[-2.3319589e-02 -1.6005927e-04  3.4573510e-01],[0.12231078 0.1224941  0.09189928],[ 7.0743257e-01 -4.1012891e-04  3.9773059e-04  7.0678061e-01],0,6,1785138724270005,1785138724270005,[-0.01245113 -0.02935574  0.17262997],1,[0.01639052 0.01621268 0.00630853]
1785138732319314517,[ 0.00032751  0.00150026 -0.00111914],[4.4296186e-05 4.3865839e-05 3.4763068e-02],1,[-2.3404604e-02 -2.8898008e-04  3.4724906e-01],[0.12323534 0.1234267  0.09177119],[ 7.0743561e-01 -4.0352051e-04  4.0337734e-04  7.0677757e-01],0,6,1785138724286005,1785138724286005,[-0.01238691 -0.02927991  0.17285189],1,[0.01652086 0.01634562 0.00630793]
1785138732319640574,[-1.8030246e-03  3.6307848e-03 -5.3873257e-05],[4.4332453e-05 4.3900363e-05 3.4763388e-02],1,[-0.02345435 -0.00036151  0.34800383],[0.12370704 0.12389904 0.0920496 ],[ 7.0743799e-01 -4.1588803e-04  4.0760098e-04  7.0677519e-01],0,6,1785138724294005,1785138724294005,[-0.0123215  -0.02916535  0.17293894],1,[0.01659193 0.016415   0.00631992]
1785138732319967302,[-0.00020513  0.00070131  0.00074508],[4.440484e-05 4.397111e-05 3.476403e-02],1,[-0.02355949 -0.00052387  0.3495765 ],[0.12465851 0.12485174 0.09260913],[ 7.0743865e-01 -4.3656296e-04  4.1053400e-04  7.0677453e-01],0,6,1785138724310005,1785138724310005,[-0.01222721 -0.02949495  0.17322735],1,[0.01673477 0.01655451 0.00634393]
1785138732320298058,[-0.00100408  0.00150026  0.00154402],[4.4440883e-05 4.4006487e-05 3.4764357e-02],1,[-0.02361314 -0.00061419  0.35039425],[0.12513831 0.12533212 0.09289026],[ 7.0743757e-01 -4.3997233e-04  4.1112071e-04  7.0677561e-01],0,6,1785138724318005,1785138724318005,[-0.01211755 -0.02952056  0.17346148],1,[0.0168066  0.0166247  0.00635595]
1785138732320611972,[-0.00100408 -0.00222817  0.00154403],[4.4514367e-05 4.4075219e-05 3.4764998e-02],1,[-0.02372372 -0.00080838  0.35209063],[0.12610611 0.126301   0.09345522],[ 7.0743597e-01 -4.4423924e-04  3.9546518e-04  7.0677722e-01],0,6,1785138724334005,1785138724334005,[-0.01190532 -0.02951191  0.17374052],1,[0.01695105 0.01676573 0.00638   ]
1785138732320929743,[-1.5367073e-03 -9.7641605e-05  2.1244236e-04],[4.4550736e-05 4.4114135e-05 3.4765303e-02],1,[-0.02377872 -0.00091325  0.3529662 ],[0.12659414 0.12678953 0.09373906],[ 7.0743585e-01 -4.4621987e-04  3.9089576e-04  7.0677733e-01],0,6,1785138724342005,1785138724342005,[-0.01156885 -0.02961084  0.17372313],1,[0.01702361 0.01683651 0.00639203]
1785138732321253245,[ 0.00032628 -0.0011677   0.00287533],[4.2692151e-05 4.2309945e-05 3.4763310e-02],1,[-0.02378042 -0.00095148  0.35339126],[0.10605116 0.10618569 0.08432384],[ 7.0743287e-01 -4.4346941e-04  3.8261758e-04  7.0678031e-01],0,6,1785138724358005,1785138724358005,[-0.01171216 -0.02956009  0.17404442],1,[0.01380662 0.01367308 0.00592393]
1785138732321563371,[ 0.00165786  0.00442494 -0.00032046],[4.2726904e-05 4.2347689e-05 3.4763623e-02],1,[-0.02373163 -0.00088722  0.35303023],[0.10642375 0.10655928 0.08457633],[ 7.0743275e-01 -4.4765926e-04  3.9489291e-04  7.0678043e-01],0,6,1785138724366005,1785138724366005,[-0.01184032 -0.02935801  0.17393956],1,[0.01386802 0.01373312 0.00593566]
1785138732321970482,[ 1.9241796e-03 -1.1677038e-03 -5.4146338e-05],[4.2797197e-05 4.2424243e-05 3.4764256e-02],1,[-0.0236483  -0.00078169  0.35245705],[0.10717547 0.10731295 0.08508383],[ 7.0743650e-01 -4.3728141e-04  3.9768187e-04  7.0677668e-01],0,6,1785138724382005,1785138724382005,[-0.01185396 -0.02923277  0.17380923],1,[0.01399131 0.01385366 0.00595914]
1785138732322357183,[-0.00127162 -0.00196665 -0.00191837],[4.2831809e-05 4.2460018e-05 3.4764577e-02],1,[-0.02361335 -0.00074127  0.35224202],[0.10755462 0.10769305 0.08533886],[ 7.0744371e-01 -4.3325804e-04  3.9196186e-04  7.0676947e-01],0,6,1785138724390005,1785138724390005,[-0.01192559 -0.02937424  0.17370653],1,[0.01405332 0.01391426 0.00597089]
1785138732322734838,[-0.00073898 -0.00249928  0.00207638],[4.2900017e-05 4.2525600e-05 3.4765225e-02],1,[-0.02355293 -0.00068651  0.35191748],[0.10831957 0.10845987 0.08525933],[ 7.0743996e-01 -4.3579991e-04  3.8363249e-04  7.0677322e-01],0,6,1785138724406005,1785138724406005,[-0.01162923 -0.02940587  0.173815  ],1,[0.01417812 0.01403625 0.00597365]
1785138732323103224,[-0.0010053  -0.00036876 -0.00111941],[4.2933530e-05 4.2557800e-05 3.4765553e-02],1,[-0.02352677 -0.00067034  0.35180706],[0.10870539 0.1088466  0.08551513],[ 7.0744252e-01 -4.3446553e-04  3.7309979e-04  7.0677066e-01],0,6,1785138724414005,1785138724414005,[-0.01148632 -0.02940963  0.1738007 ],1,[0.01424085 0.01409758 0.0059854 ]
1785138732323478404,[ 0.00192371 -0.00063482  0.00207853],[4.300380e-05 4.262371e-05 3.476398e-02],1,[-0.02347721 -0.00066336  0.35171393],[0.10947739 0.10962444 0.08602927],[ 7.0744067e-01 -4.3597218e-04  3.7583755e-04  7.0677251e-01],0,6,1785138724430005,1785138724430005,[-0.01119351 -0.02950002  0.17373589],1,[0.01435849 0.01421709 0.00600893]
1785138732323868252,[-0.00286998  0.00176202  0.00101325],[4.3038039e-05 4.2656182e-05 3.4764294e-02],1,[-0.02345502 -0.00067102  0.35173136],[0.10986986 0.11001786 0.08628762],[ 7.0743799e-01 -4.4371831e-04  3.7441697e-04  7.0677531e-01],0,6,1785138724438005,1785138724438005,[-0.01118273 -0.02942239  0.17401019],1,[0.01442196 0.01427915 0.00602071]
1785138732324267647,[ 0.00085845  0.00176202 -0.00085095],[4.3104657e-05 4.2729058e-05 3.4764934e-02],1,[-0.02342094 -0.00070264  0.35188833],[0.11066167 0.11081149 0.08680689],[ 7.0743442e-01 -4.5435564e-04  3.7200653e-04  7.0677888e-01],0,6,1785138724454005,1785138724454005,[-0.01116074 -0.02902164  0.17397371],1,[0.01454959 0.01440389 0.00604427]
1785138732324604034,[ 0.00245634 -0.00010219 -0.0016499 ],[4.3138833e-05 4.2764470e-05 3.4765262e-02],1,[-0.02340871 -0.00072555  0.352024  ],[0.11106103 0.11121174 0.08706781],[ 7.0743942e-01 -4.4707593e-04  3.7891476e-04  7.0677376e-01],0,6,1785138724462005,1785138724462005,[-0.01120498 -0.02877391  0.17414612],1,[0.01461368 0.01446661 0.00605607]
1785138732324931633,[-0.00047313 -0.00063482 -0.00564465],[4.3207659e-05 4.2836600e-05 3.4765903e-02],1,[-0.02339359 -0.00078739  0.35232368],[0.11186671 0.11201914 0.08697778],[ 7.0745099e-01 -4.4159440e-04  3.8524982e-04  7.0676219e-01],0,6,1785138724478005,1785138724478005,[-0.0110655  -0.02868599  0.17475876],1,[0.01474248 0.01459255 0.00605808]
1785138732325262058,[-0.00153841 -0.00116745  0.00154589],[4.3243097e-05 4.2872318e-05 3.4766216e-02],1,[-0.02338893 -0.00082715  0.35252896],[0.11227304 0.11242633 0.08723944],[ 7.0745260e-01 -4.4000152e-04  3.7902637e-04  7.0676059e-01],0,6,1785138724486005,1785138724486005,[-0.01088927 -0.02870175  0.17467085],1,[0.01480738 0.01465604 0.00606988]
1785138732325587324,[-0.00100605  0.0001641   0.00127942],[4.3312906e-05 4.2943233e-05 3.4764651e-02],1,[-0.02338562 -0.00092608  0.3530441 ],[0.11308525 0.1132449  0.08776537],[ 7.0744240e-01 -4.2440998e-04  3.6247604e-04  7.0677078e-01],0,6,1785138724502005,1785138724502005,[-0.01110131 -0.02905629  0.17489794],1,[0.01492851 0.01477935 0.0060935 ]
1785138732325941884,[-0.00180498 -0.00329802 -0.00165005],[4.3348045e-05 4.2977626e-05 3.4764972e-02],1,[-0.02338786 -0.0009861   0.35335323],[0.11349855 0.11365907 0.08802962],[ 7.0744240e-01 -4.2472978e-04  3.4988628e-04  7.0677078e-01],0,6,1785138724510005,1785138724510005,[-0.01106259 -0.02913334  0.1749249 ],1,[0.01499378 0.0148431  0.00610531]
1785138732326283250,[-0.0002071  -0.00276538 -0.00138374],[4.3416137e-05 4.3041437e-05 3.4765635e-02],1,[-0.02339823 -0.00112045  0.35402521],[0.11433233 0.11449452 0.08793079],[ 7.0745546e-01 -4.1975259e-04  3.4471133e-04  7.0675772e-01],0,6,1785138724526005,1785138724526005,[-0.01087197 -0.02902052  0.17527525],1,[0.01512526 0.0149715  0.00610669]
1785138732326483399,[ 0.00059185 -0.00276538 -0.00138373],[4.3451557e-05 4.3073618e-05 3.4765963e-02],1,[-0.02340709 -0.00119523  0.35438845],[0.11475282 0.11491584 0.08819576],[ 7.0745987e-01 -4.1221158e-04  3.3482979e-04  7.0675331e-01],0,6,1785138724534005,1785138724534005,[-0.0109309  -0.02900199  0.17534953],1,[0.01519139 0.01503611 0.00611851]
1785138732326820587,[-0.0002071   0.00202831  0.00101311],[4.3521817e-05 4.3144355e-05 3.4766618e-02],1,[-0.02343464 -0.00136177  0.35520914],[0.11560111 0.11576571 0.0887283 ],[ 7.0745534e-01 -4.1260986e-04  3.3815362e-04  7.0675784e-01],0,6,1785138724550005,1785138724550005,[-0.01102401 -0.02928247  0.1755246 ],1,[0.01532428 0.01516598 0.00614218]
1785138732327349117,[-0.00127236 -0.00116748  0.00074679],[4.3557004e-05 4.3179120e-05 3.4766939e-02],1,[-0.02345138 -0.0014541   0.35566533],[0.11602892 0.11619428 0.08899587],[ 7.0745397e-01 -4.1076759e-04  3.3477668e-04  7.0675921e-01],0,6,1785138724558005,1785138724558005,[-0.01094236 -0.02942923  0.17571582],1,[0.01539098 0.0152312  0.00615402]
1785138732327743483,[-0.00393549  0.00069755 -0.00084471],[4.3626391e-05 4.3251595e-05 3.4765381e-02],1,[-0.02348712 -0.00166433  0.356667  ],[0.1168831  0.11705544 0.08953366],[ 7.0745081e-01 -4.2672086e-04  3.2511036e-04  7.0676237e-01],0,6,1785138724574005,1785138724574005,[-0.01035696 -0.02980584  0.17597906],1,[0.01551548 0.01535819 0.00617772]
1785138732328046606,[ 0.00032556 -0.00249825 -0.00297523],[4.3661694e-05 4.3284141e-05 3.4765702e-02],1,[-0.02350589 -0.00178178  0.3572102 ],[0.11731818 0.11749131 0.08980387],[ 7.0745850e-01 -4.2268063e-04  3.1579100e-04  7.0675468e-01],0,6,1785138724582005,1785138724582005,[-0.01025506 -0.03001971  0.17601715],1,[0.01558283 0.01542404 0.00618958]
1785138732328367112,[ 0.00352136  0.00069755 -0.00164366],[4.3730892e-05 4.3358032e-05 3.4766342e-02],1,[-0.02354531 -0.00203589  0.35835508],[0.11819586 0.11837051 0.08969337],[ 7.0745540e-01 -4.0973347e-04  3.1871448e-04  7.0675778e-01],0,6,1785138724598005,1785138724598005,[-0.00977221 -0.03052256  0.17630833],1,[0.01571814 0.01555622 0.00619017]
1785138732328674825,[ 0.00112451  0.00069755 -0.00137735],[4.3765584e-05 4.3392902e-05 3.4766670e-02],1,[-0.02356642 -0.00217145  0.35896805],[0.11863848 0.11881386 0.08996426],[ 7.0745742e-01 -4.0911953e-04  3.2643310e-04  7.0675576e-01],0,6,1785138724606005,1785138724606005,[-0.00990469 -0.03065495  0.1764098 ],1,[0.01578642 0.01562294 0.00620204]
1785138732328988778,[ 0.00139083 -0.00303088  0.0026174 ],[4.3835618e-05 4.3453747e-05 3.4767333e-02],1,[-0.02361469 -0.00245679  0.36027235],[0.11953133 0.11970814 0.09050866],[ 7.0745283e-01 -3.9890400e-04  3.2086068e-04  7.0676035e-01],0,6,1785138724622005,1785138724622005,[-0.00945405 -0.03089571  0.17690226],1,[0.0159229  0.01575621 0.00622578]
1785138732329311940,[ 0.00352136 -0.00090035 -0.00190997],[4.3870892e-05 4.3488388e-05 3.4767654e-02],1,[-0.02363824 -0.00260712  0.36096308],[0.11998158 0.12015907 0.0907822 ],[ 7.0745343e-01 -3.8553000e-04  3.2564113e-04  7.0675987e-01],0,6,1785138724630005,1785138724630005,[-0.00939427 -0.03106938  0.17719242],1,[0.01599177 0.01582355 0.00623767]
1785138732329655119,[ 0.00059173  0.00202914 -0.00137723],[4.3943135e-05 4.3559066e-05 3.4766112e-02],1,[-0.02368855 -0.00292313  0.3623869 ],[0.12087955 0.12106472 0.09066209],[ 7.0745713e-01 -3.7878743e-04  3.3340440e-04  7.0675617e-01],0,6,1785138724646005,1785138724646005,[-0.00937419 -0.03138244  0.1778199 ],1,[0.01611973 0.01595417 0.0062376 ]
1785138732330127563,[0.00218962 0.00176282 0.00048698],[4.3978984e-05 4.3593089e-05 3.4766439e-02],1,[-0.02371494 -0.00308813  0.3631199 ],[0.1213374  0.12152328 0.09093627],[ 7.0745653e-01 -3.8051629e-04  3.4580220e-04  7.0675677e-01],0,6,1785138724654005,1785138724654005,[-0.00914035 -0.0314716   0.17813307],1,[0.01618912 0.01602187 0.00624948]
1785138732330521518,[-0.00233775 -0.00143297 -0.00057828],[4.4050481e-05 4.3665645e-05 3.4767073e-02],1,[-0.02377045 -0.00343225  0.36465678],[0.12226095 0.12244819 0.09148728],[ 7.0744556e-01 -3.7875230e-04  3.3828471e-04  7.0676774e-01],0,6,1785138724670005,1785138724670005,[-0.00913495 -0.03178337  0.17831425],1,[0.01632887 0.0161585  0.00627328]
1785138732330863635,[-0.00180512 -0.00090034 -0.00297512],[4.4086395e-05 4.3699903e-05 3.4767400e-02],1,[-0.02380029 -0.00361032  0.36545664],[0.12272667 0.12291457 0.09176413],[ 7.0745099e-01 -3.8241679e-04  3.3003936e-04  7.0676231e-01],0,6,1785138724678005,1785138724678005,[-0.00895887 -0.03178538  0.17824884],1,[0.01639898 0.01622701 0.00628519]
1785138732331171728,[5.9090555e-05 2.0291421e-03 3.1501458e-03],[4.4158882e-05 4.3767894e-05 3.4768064e-02],1,[-0.0238593  -0.00397739  0.3671186 ],[0.12366609 0.12385523 0.09232051],[ 7.0745850e-01 -3.9542277e-04  3.2906473e-04  7.0675474e-01],0,6,1785138724694005,1785138724694005,[-0.0085527  -0.03193733  0.1787108 ],1,[0.01654019 0.01636478 0.00630902]
1785138732331347992,[-0.00020722 -0.00090034  0.0007533 ],[4.4193403e-05 4.3803353e-05 3.4768391e-02],1,[-0.0238889  -0.00416697  0.3679828 ],[0.1241398  0.12432953 0.09260004],[ 7.0745230e-01 -3.9534920e-04  3.2541127e-04  7.0676094e-01],0,6,1785138724702005,1785138724702005,[-0.00832359 -0.03215004  0.17907038],1,[0.01661117 0.01643416 0.00632095]
1785138732331644573,[ 0.00112427 -0.00036734  0.00022349],[4.4264238e-05 4.3875603e-05 3.4766864e-02],1,[-0.02394684 -0.00456435  0.36971295],[0.12508343 0.12528163 0.09246705],[ 7.0744824e-01 -3.8883046e-04  3.2908082e-04  7.0676500e-01],0,6,1785138724718005,1785138724718005,[-0.00807771 -0.03252998  0.17943105],1,[0.01674237 0.01656851 0.00632005]
1785138732331944570,[ 0.00272217 -0.00036734  0.0004898 ],[4.4299322e-05 4.3915112e-05 3.4767170e-02],1,[-0.02397654 -0.0047694   0.37060857],[0.12556507 0.12576391 0.0927472 ],[ 7.0744294e-01 -3.7974759e-04  3.3376878e-04  7.0677030e-01],0,6,1785138724726005,1785138724726005,[-0.00796582 -0.03229927  0.17960502],1,[0.01681399 0.01663868 0.00633198]
1785138732332261179,[-0.00073995  0.00229582  0.00022349],[4.4371973e-05 4.3986103e-05 3.4767818e-02],1,[-0.02403821 -0.0051857   0.3724553 ],[0.12653656 0.1267366  0.09331017],[ 7.0744628e-01 -3.9287907e-04  3.3831035e-04  7.0676696e-01],0,6,1785138724742005,1785138724742005,[-0.00771531 -0.03234646  0.17969204],1,[0.0169581  0.01677969 0.00635586]
1785138732332632652,[ 5.9001613e-05 -3.5631324e-03 -3.0914517e-04],[4.4407687e-05 4.4016131e-05 3.4768138e-02],1,[-0.02406841 -0.00539826  0.3734057 ],[0.12702644 0.12722702 0.09359302],[ 7.0744485e-01 -3.8684334e-04  3.3250503e-04  7.0676839e-01],0,6,1785138724750005,1785138724750005,[-0.00746572 -0.03238376  0.17981537],1,[0.01703035 0.0168505  0.00636781]
1785138732332986972,[-0.00314183  0.00175564 -0.00217006],[4.2573196e-05 4.2240928e-05 3.4767456e-02],1,[-0.02359156 -0.00514003  0.37252915],[0.10640373 0.10653803 0.08423048],[ 7.074512e-01 -3.911018e-04  3.105204e-04  7.067620e-01],0,6,1785138724766005,1785138724766005,[-0.00711703 -0.03233299  0.17940629],1,[0.01383038 0.01369727 0.00590491]
1785138732333343827,[-1.8102556e-03 -6.4120116e-04 -3.9522740e-05],[4.2608342e-05 4.2273081e-05 3.4767784e-02],1,[-0.02336305 -0.00502679  0.3721508 ],[0.10677813 0.10691338 0.08448225],[ 7.0744962e-01 -3.9988136e-04  3.0036984e-04  7.0676363e-01],0,6,1785138724774005,1785138724774005,[-0.00700316 -0.03238044  0.17937416],1,[0.0138917  0.01375757 0.00591656]
1785138732333758542,[ 0.00058657 -0.00223926  0.00129072],[4.2677730e-05 4.2331299e-05 3.4766268e-02],1,[-0.02292507 -0.00483417  0.3715497 ],[0.10752767 0.10766851 0.08498828],[ 7.0744425e-01 -3.8355970e-04  2.8762466e-04  7.0676899e-01],0,6,1785138724790005,1785138724790005,[-0.0066184  -0.03263437  0.17918012],1,[0.01400674 0.01387447 0.00593988]
1785138732334079098,[-0.00287554  0.00069021  0.00315492],[4.2711144e-05 4.2363459e-05 3.4766588e-02],1,[-0.02271484 -0.00475226  0.37132245],[0.10790855 0.10805036 0.08524256],[ 7.0743293e-01 -3.8557337e-04  2.8052615e-04  7.0678037e-01],0,6,1785138724798005,1785138724798005,[-0.00653309 -0.03243381  0.17910329],1,[0.01406862 0.01393498 0.00595156]
1785138732334516556,[ 0.00085289  0.00228811 -0.00190508],[4.2778185e-05 4.2426265e-05 3.4767237e-02],1,[-0.02231418 -0.0046159   0.37101144],[0.10867695 0.10882067 0.08575366],[ 7.0743591e-01 -3.9300867e-04  2.8555715e-04  7.0677739e-01],0,6,1785138724814005,1785138724814005,[-0.00642308 -0.03238895  0.17920952],1,[0.01419313 0.01405696 0.00597492]
1785138732334957961,[ 0.0027171   0.00148916 -0.00110613],[4.2812833e-05 4.2462121e-05 3.4767549e-02],1,[-0.02212357 -0.00456073  0.37092397],[0.1090645  0.10920915 0.08541616],[ 7.0743674e-01 -3.9202307e-04  2.9430012e-04  7.0677656e-01],0,6,1785138724822005,1785138724822005,[-0.00645744 -0.03227206  0.17929558],1,[0.01425598 0.01411842 0.00596584]
1785138732335579627,[-0.00154396  0.00175548  0.00182334],[4.2881893e-05 4.2535663e-05 3.4768183e-02],1,[-0.02176012 -0.00447336  0.37088048],[0.10984638 0.10999285 0.08592878],[ 7.0743400e-01 -3.8630472e-04  2.9599472e-04  7.0677930e-01],0,6,1785138724838005,1785138724838005,[-0.00620261 -0.03204241  0.17937016],1,[0.01438227 0.01424224 0.00598921]
1785138732335967811,[0.00324973 0.00282075 0.00182335],[4.2914799e-05 4.2569540e-05 3.4768518e-02],1,[-0.02158605 -0.00444266  0.37092274],[0.11024072 0.11038808 0.08618636],[ 7.0742476e-01 -3.9059919e-04  3.0778386e-04  7.0678854e-01],0,6,1785138724846005,1785138724846005,[-0.00612772 -0.03212723  0.17929119],1,[0.01444549 0.01430418 0.00600091]
1785138732336352158,[-0.00127741  0.00122298 -0.00217033],[4.2983625e-05 4.2636566e-05 3.4766980e-02],1,[-0.02125669 -0.00440906  0.3711253 ],[0.11102939 0.11118284 0.08670408],[ 7.0741904e-01 -3.9996707e-04  3.1028580e-04  7.0679426e-01],0,6,1785138724862005,1785138724862005,[-0.00579031 -0.03219051  0.1790616 ],1,[0.01456395 0.01442503 0.00602432]
1785138732336708903,[ 0.0005868  -0.00170649 -0.0016377 ],[4.3018023e-05 4.2668329e-05 3.4767300e-02],1,[-0.02109773 -0.0044045   0.37128398],[0.1114305  0.11158486 0.08696423],[ 7.0742142e-01 -3.9449151e-04  3.0626642e-04  7.0679188e-01],0,6,1785138724870005,1785138724870005,[-0.00547637 -0.03229969  0.17913084],1,[0.01462791 0.01448762 0.00603603]
1785138732337058414,[-0.00181005 -0.00090754  0.00022651],[4.3086391e-05 4.2731917e-05 3.4767941e-02],1,[-0.02079182 -0.00442011  0.37168008],[0.1122397  0.11239584 0.08687409],[ 7.0742041e-01 -4.0388593e-04  2.9373713e-04  7.0679289e-01],0,6,1785138724886005,1785138724886005,[-0.00532226 -0.0324134   0.17938939],1,[0.01475672 0.01461371 0.00603802]
1785138732337276166,[ 0.00165206  0.0030872  -0.00217033],[4.3119857e-05 4.2767595e-05 3.4768261e-02],1,[-0.02064553 -0.00443876  0.37193215],[0.11264781 0.11280482 0.08713496],[ 7.0742112e-01 -4.0707516e-04  2.9990711e-04  7.0679218e-01],0,6,1785138724894005,1785138724894005,[-0.00513756 -0.03239021  0.17928971],1,[0.01482147 0.01467724 0.00604974]
1785138732337635606,[ 0.00138575 -0.00037491  0.00182441],[4.3191580e-05 4.2837743e-05 3.4768894e-02],1,[-0.02036007 -0.00449694  0.37253633],[0.11347111 0.1136298  0.08765929],[ 7.0741516e-01 -4.0592832e-04  3.0171414e-04  7.0679814e-01],0,6,1785138724910005,1785138724910005,[-0.0043973  -0.03246161  0.17913428],1,[0.01495159 0.0148047  0.0060732 ]
1785138732338034030,[-0.00127741 -0.0001086  -0.00190402],[4.3225780e-05 4.2875403e-05 3.4769222e-02],1,[-0.02022091 -0.00453532  0.37288904],[0.11388633 0.11404584 0.08792274],[ 7.0741451e-01 -4.0686707e-04  2.9734930e-04  7.0679879e-01],0,6,1785138724918005,1785138724918005,[-0.00423829 -0.03216138  0.1793411 ],1,[0.01501702 0.01486878 0.00608493]
1785138732338377319,[ 0.00138598 -0.00090742 -0.00243574],[4.3296001e-05 4.2945663e-05 3.4767680e-02],1,[-0.01995826 -0.00463124  0.37365773],[0.11471587 0.11488206 0.08782383],[ 7.0742726e-01 -3.9559283e-04  2.9066650e-04  7.0678604e-01],0,6,1785138724934005,1785138724934005,[-0.00422806 -0.0322216   0.17963262],1,[0.01513877 0.01499287 0.00608629]
1785138732338760134,[ 0.00058703 -0.00117374 -0.00057152],[4.3331522e-05 4.2979624e-05 3.4768008e-02],1,[-0.01983392 -0.0046878   0.3740732 ],[0.11513817 0.1153052  0.08808799],[ 7.0742631e-01 -3.9015283e-04  2.8835973e-04  7.0678699e-01],0,6,1785138724942005,1785138724942005,[-0.00414485 -0.0319869   0.1797883 ],1,[0.01520484 0.01505762 0.00609803]
1785138732339111468,[-0.00207613 -0.00090742  0.00022742],[4.3400287e-05 4.3050874e-05 3.4768663e-02],1,[-0.01959377 -0.0048168   0.3749983 ],[0.11599006 0.11615873 0.08861891],[ 7.0742720e-01 -3.8984348e-04  2.8392335e-04  7.0678610e-01],0,6,1785138724958005,1785138724958005,[-0.00386481 -0.03206155  0.18005951],1,[0.01533739 0.01518716 0.00612154]
1785138732339457092,[-0.00074455 -0.002239    0.00022743],[4.3433898e-05 4.3082880e-05 3.4768984e-02],1,[-0.0194788  -0.00489127  0.3755069 ],[0.11641967 0.11658914 0.08888567],[ 7.0742607e-01 -3.8443183e-04  2.7124441e-04  7.0678723e-01],0,6,1785138724966005,1785138724966005,[-0.00376231 -0.03223542  0.18025103],1,[0.01540399 0.01525228 0.0061333 ]
1785138732339791084,[-0.00367402 -0.00064111 -0.00270206],[4.3502514e-05 4.3143769e-05 3.4769632e-02],1,[-0.0192611  -0.00505809  0.3766116 ],[0.11728631 0.11745732 0.08942181],[ 7.0742220e-01 -3.8190983e-04  2.6037448e-04  7.0679110e-01],0,6,1785138724982005,1785138724982005,[-0.00384916 -0.03230612  0.18039015],1,[0.01553801 0.01538318 0.00615684]
1785138732340132219,[-0.00021268  0.00148928 -0.00243668],[4.3537053e-05 4.3178054e-05 3.4767795e-02],1,[-0.01914981 -0.00514886  0.37720495],[0.11771423 0.11789173 0.08969118],[ 7.0742732e-01 -3.8555689e-04  2.5916606e-04  7.0678598e-01],0,6,1785138724990005,1785138724990005,[-0.00366532 -0.03224554  0.18042843],1,[0.01559526 0.01544451 0.00616862]
1785138732340587330,[-0.0020769  -0.00117387 -0.00323563],[4.3603915e-05 4.3241653e-05 3.4768466e-02],1,[-0.01893513 -0.00534374  0.37838516],[0.11859553 0.11877465 0.08958065],[ 7.0744693e-01 -3.8911082e-04  2.6218046e-04  7.0676637e-01],0,6,1785138725006005,1785138725006005,[-0.00337975 -0.03213425  0.1803874 ],1,[0.01573071 0.01557709 0.00616919]
1785138732341038293,[-0.00154426  0.0001577  -0.00163773],[4.3637992e-05 4.3278375e-05 3.4768779e-02],1,[-0.01883195 -0.00544885  0.37901485],[0.11903997 0.11921987 0.08985069],[ 7.0744950e-01 -3.9466817e-04  2.5097269e-04  7.0676380e-01],0,6,1785138725014005,1785138725014005,[-0.00326669 -0.03217712  0.18043101],1,[0.01579882 0.01564378 0.00618098]
1785138732341421448,[0.00031995 0.00095665 0.00075912],[4.3707983e-05 4.3347569e-05 3.4769420e-02],1,[-0.01863053 -0.00567466  0.380352  ],[0.11993647 0.12011789 0.09039342],[ 7.0745331e-01 -3.9863682e-04  2.5018951e-04  7.0675999e-01],0,6,1785138725030005,1785138725030005,[-0.00268048 -0.03233293  0.18080369],1,[0.01593527 0.01577752 0.00620457]
1785138732341823408,[0.00245048 0.00255455 0.00235702],[4.3743101e-05 4.3384858e-05 3.4769740e-02],1,[-0.01853228 -0.00579596  0.38105986],[0.12038857 0.1205707  0.09066611],[ 7.0744514e-01 -4.0043410e-04  2.6099745e-04  7.0676816e-01],0,6,1785138725038005,1785138725038005,[-0.0025578  -0.03236009  0.18103652],1,[0.01600407 0.01584474 0.00621637]
1785138732342151709,[ 3.2494310e-03  1.2229667e-03 -3.9827253e-05],[4.3811360e-05 4.3451200e-05 3.4770384e-02],1,[-0.01834232 -0.00604987  0.38250458],[0.1213005  0.12148403 0.090546  ],[ 7.0743847e-01 -3.8334340e-04  2.7108853e-04  7.0677483e-01],0,6,1785138725054005,1785138725054005,[-0.00231166 -0.03209002  0.18138917],1,[0.01614255 0.01598058 0.00621629]
1785138732342372227,[0.00111923 0.00255443 0.00049177],[4.3846423e-05 4.3484051e-05 3.4768555e-02],1,[-0.01825531 -0.00618172  0.38324   ],[0.12174978 0.12194061 0.09081932],[ 7.0743692e-01 -3.8440997e-04  2.8205890e-04  7.0677638e-01],0,6,1785138725062005,1785138725062005,[-0.00239764 -0.03217082  0.18149003],1,[0.01620134 0.01604405 0.0062281 ]
1785138732342728651,[ 0.00165187  0.00069021 -0.00110613],[4.3917156e-05 4.3553344e-05 3.4769189e-02],1,[-0.01809091 -0.00645956  0.38478327],[0.12267704 0.12286935 0.09136862],[ 7.0743817e-01 -3.7790654e-04  2.8871829e-04  7.0677513e-01],0,6,1785138725078005,1785138725078005,[-0.00223067 -0.03230611  0.18190806],1,[0.01634066 0.01618047 0.00625173]
1785138732343084624,[ 0.00032029 -0.00170663 -0.00323666],[4.3952903e-05 4.3585307e-05 3.4769509e-02],1,[-0.01801066 -0.00660633  0.38558975],[0.12314463 0.12333764 0.0916446 ],[ 7.0744562e-01 -3.7109174e-04  2.8666257e-04  7.0676768e-01],0,6,1785138725086005,1785138725086005,[-0.00190614 -0.03249855  0.18200955],1,[0.01641067 0.01624875 0.00626355]
1785138732343513205,[-0.00047866  0.00175548 -0.00110613],[4.4023887e-05 4.3651118e-05 3.4770157e-02],1,[-0.01785372 -0.00691637  0.38727015],[0.12408777 0.12428214 0.09219922],[ 7.0746034e-01 -3.7179480e-04  2.7668616e-04  7.0675296e-01],0,6,1785138725102005,1785138725102005,[-0.00170945 -0.03282822  0.18248959],1,[0.01655154 0.0163867  0.00628723]
1785138732343852126,[ 2.450813e-03  9.565279e-04 -4.086012e-05],[4.4058805e-05 4.3687120e-05 3.4770478e-02],1,[-0.01777912 -0.00707845  0.38814422],[0.12456336 0.12475838 0.09247787],[ 7.0746082e-01 -3.7176843e-04  2.8608719e-04  7.0675248e-01],0,6,1785138725110005,1785138725110005,[-0.00173271 -0.0328482   0.1828295 ],1,[0.01662228 0.01645586 0.00629907]
1785138732344198461,[ 0.00085298  0.00068992 -0.00297258],[4.4131273e-05 4.3755041e-05 3.4768958e-02],1,[-0.01763787 -0.00741216  0.38986048],[0.12551059 0.12571436 0.09234494],[ 7.0746762e-01 -3.6609021e-04  2.9410230e-04  7.0674568e-01],0,6,1785138725126005,1785138725126005,[-0.00164261 -0.03301569  0.18309727],1,[0.01675324 0.0165898  0.00629817]
1785138732344570495,[ 0.0013856  -0.00144061 -0.00350522],[4.4166896e-05 4.3793476e-05 3.4769271e-02],1,[-0.01757156 -0.00758404  0.3907503 ],[0.1259941  0.12619857 0.09262419],[ 7.0748001e-01 -3.5893163e-04  2.9496892e-04  7.0673329e-01],0,6,1785138725134005,1785138725134005,[-0.00178731 -0.03305713  0.18330216],1,[0.01682478 0.01665974 0.00631001]
1785138732344955153,[-0.00047861 -0.00090797  0.00182111],[4.4235836e-05 4.3862783e-05 3.4769926e-02],1,[-0.01744619 -0.00793765  0.39259374],[0.12696935 0.12717517 0.09318539],[ 7.0747626e-01 -3.5968795e-04  2.8555264e-04  7.0673704e-01],0,6,1785138725150005,1785138725150005,[-0.00158086 -0.03288547  0.18375282],1,[0.01696872 0.01680074 0.00633373]
1785138732345367954,[-0.0034089   0.00334323  0.00315718],[4.2399119e-05 4.2061627e-05 3.4766771e-02],1,[-0.0172977  -0.00766713  0.3920932 ],[0.10600664 0.10614223 0.08422833],[ 7.0747030e-01 -3.7212027e-04  2.8656269e-04  7.0674300e-01],0,6,1785138725158005,1785138725158005,[-0.00138342 -0.03256788  0.18371962],1,[0.01372693 0.01360357 0.0058845 ]
1785138732345787267,[-0.00021311 -0.00251573  0.00022771],[4.246651e-05 4.213221e-05 3.476741e-02],1,[-0.01701136 -0.00716138  0.39123675],[0.10675238 0.10688996 0.08415467],[ 7.0746297e-01 -3.7650095e-04  2.7243464e-04  7.0675033e-01],0,6,1785138725174005,1785138725174005,[-0.00105325 -0.03190586  0.18334827],1,[0.01384901 0.01372337 0.00588766]
1785138732346152488,[-0.00101205  0.00041375 -0.00057124],[4.2500000e-05 4.2165531e-05 3.4767732e-02],1,[-0.01687154 -0.00692668  0.39087853],[0.10712851 0.10726706 0.08440579],[ 7.0746237e-01 -3.7888411e-04  2.6824672e-04  7.0675093e-01],0,6,1785138725182005,1785138725182005,[-0.00068183 -0.03195601  0.18325269],1,[0.01391021 0.01378356 0.00589924]
1785138732346640020,[-0.00101197  0.00254413 -0.00190407],[4.2566655e-05 4.2224281e-05 3.4766201e-02],1,[-0.01660014 -0.00649336  0.39031655],[0.10788142 0.10802569 0.08491054],[ 7.0746052e-01 -3.7762965e-04  2.6674534e-04  7.0675278e-01],0,6,1785138725198005,1785138725198005,[-0.00056651 -0.03148513  0.18297912],1,[0.01402519 0.01390064 0.00592242]
1785138732347041320,[-0.00367513  0.0020115  -0.00190407],[4.2600193e-05 4.2253399e-05 3.4766521e-02],1,[-0.01647107 -0.00629327  0.39010933],[0.10826403 0.1084093  0.08516417],[ 7.0746636e-01 -3.9207473e-04  2.6340841e-04  7.0674694e-01],0,6,1785138725206005,1785138725206005,[-0.00051493 -0.03152659  0.18290156],1,[0.01408719 0.01396136 0.00593402]
1785138732347621537,[ 0.00218382 -0.00118429  0.00395489],[4.2666390e-05 4.2314703e-05 3.4767170e-02],1,[-0.01622158 -0.005929    0.38983855],[0.10903592 0.10918316 0.08567395],[ 7.074464e-01 -3.878141e-04  2.628463e-04  7.067669e-01],0,6,1785138725222005,1785138725222005,[-0.00019832 -0.03127087  0.18294369],1,[0.01421173 0.01408304 0.00595723]
1785138732348006205,[ 0.00058593 -0.00118429 -0.00057249],[4.2699969e-05 4.2345400e-05 3.4767497e-02],1,[-0.01610025 -0.00576159  0.38977274],[0.10942523 0.10957342 0.08593011],[ 7.0744288e-01 -3.8041733e-04  2.6109203e-04  7.0677042e-01],0,6,1785138725230005,1785138725230005,[ 2.1426258e-05 -3.0966904e-02  1.8289512e-01],1,[0.01427426 0.01414446 0.00596885]
1785138732348248123,[-0.00101197 -0.00224956  0.00288962],[4.2770007e-05 4.2411171e-05 3.4768131e-02],1,[-0.01586188 -0.00545709  0.3897291 ],[0.11021063 0.1103607  0.08584642],[ 7.0742643e-01 -3.7052887e-04  2.4372764e-04  7.0678687e-01],0,6,1785138725246005,1785138725246005,[ 0.00039485 -0.03083295  0.182765  ],1,[0.01440009 0.01426813 0.00597129]
1785138732348629885,[-0.00101197 -0.00011903  0.00022646],[4.2803593e-05 4.2445747e-05 3.4768451e-02],1,[-0.015748   -0.00531967  0.38977194],[0.11060674 0.11075772 0.08610333],[ 7.0742369e-01 -3.7180132e-04  2.3940991e-04  7.0678961e-01],0,6,1785138725254005,1785138725254005,[ 0.0002574  -0.0306866   0.18273923],1,[0.01446329 0.01433    0.00598291]
1785138732349011356,[ 0.00085233 -0.0014513  -0.00270862],[4.2870968e-05 4.2506275e-05 3.4766920e-02],1,[-0.01552895 -0.00507093  0.38997972],[0.11139883 0.11155608 0.08661968],[ 7.0742804e-01 -3.6832571e-04  2.3534562e-04  7.0678526e-01],0,6,1785138725270005,1785138725270005,[ 0.00051042 -0.03090154  0.18265545],1,[0.01458164 0.01445041 0.00600617]
1785138732349470755,[ 0.00138496 -0.00091866  0.00368298],[4.2904394e-05 4.2538166e-05 3.4767240e-02],1,[-0.015423   -0.00496033  0.3901424 ],[0.11180172 0.11195992 0.08687913],[ 7.0742184e-01 -3.6281993e-04  2.2882315e-04  7.0679146e-01],0,6,1785138725278005,1785138725278005,[ 0.00079981 -0.03105084  0.18261585],1,[0.01464553 0.01451301 0.00601781]
1785138732349881873,[-0.00047924 -0.00225025  0.00128613],[4.2973512e-05 4.2602845e-05 3.4767881e-02],1,[-0.0152139 -0.0047694  0.3905489],[0.11261448 0.11277454 0.08678699],[ 7.0740980e-01 -3.4616032e-04  2.1846019e-04  7.0680350e-01],0,6,1785138725294005,1785138725294005,[ 0.0012154  -0.03099778  0.18253843],1,[0.01477388 0.01463845 0.00601963]
1785138732350270278,[0.0003197  0.00067923 0.00101981],[4.3008113e-05 4.2638261e-05 3.4768201e-02],1,[-0.01511157 -0.00468658  0.39079297],[0.11302437 0.11318535 0.08704716],[ 7.0740807e-01 -3.4517501e-04  2.1876318e-04  7.0680523e-01],0,6,1785138725302005,1785138725302005,[ 0.00139539 -0.03087645  0.18280199],1,[0.01483854 0.01470183 0.00603127]
1785138732350654405,[ 0.00138497 -0.00225024 -0.00217598],[4.3073629e-05 4.2712156e-05 3.4768842e-02],1,[-0.01491191 -0.00454409  0.39139047],[0.11385125 0.11401401 0.08757007],[ 7.0741248e-01 -3.3379163e-04  2.2278915e-04  7.0680082e-01],0,6,1785138725318005,1785138725318005,[ 0.00145849 -0.03056705  0.18293773],1,[0.01496842 0.01482904 0.00605458]
1785138732351036808,[ 0.00058601 -0.00278288  0.0007535 ],[4.3109172e-05 4.2746367e-05 3.4769155e-02],1,[-0.01481709 -0.00448378  0.39174247],[0.11426827 0.11443189 0.08783281],[ 7.0741266e-01 -3.2155085e-04  2.1338032e-04  7.0680064e-01],0,6,1785138725326005,1785138725326005,[ 0.00139411 -0.03047621  0.18325496],1,[0.01503373 0.01489315 0.00606625]
1785138732351436244,[ 0.00031968 -0.00278269 -0.00057658],[4.3178054e-05 4.2813732e-05 3.4767598e-02],1,[-0.01463628 -0.00439299  0.3925487 ],[0.11510129 0.11527181 0.08836088],[ 7.0741546e-01 -3.1036348e-04  1.9663078e-04  7.0679784e-01],0,6,1785138725342005,1785138725342005,[ 0.00132577 -0.03063313  0.18345344],1,[0.01515539 0.01501786 0.00608959]
1785138732351890333,[ 0.00111863 -0.00225006  0.00102132],[4.321102e-05 4.284821e-05 3.476792e-02],1,[-0.01454995 -0.0043597   0.3930012 ],[0.11552539 0.11569681 0.0886262 ],[ 7.0741242e-01 -3.0011468e-04  1.9305211e-04  7.0680088e-01],0,6,1785138725350005,1785138725350005,[ 0.00132585 -0.03066753  0.18361658],1,[0.01522142 0.01508227 0.00610127]
1785138732352280892,[ 0.00111863  0.00360889 -0.00110921],[4.3277047e-05 4.2922031e-05 3.4768559e-02],1,[-0.01438031 -0.00431443  0.39390966],[0.11638092 0.11655407 0.08852288],[ 7.0741141e-01 -2.9968686e-04  1.9473684e-04  7.0680189e-01],0,6,1785138725366005,1785138725366005,[ 0.00188837 -0.03043051  0.18386084],1,[0.01535375 0.01521198 0.00610233]
1785138732352649278,[0.00085231 0.00174468 0.00182026],[4.3311979e-05 4.2952386e-05 3.4768879e-02],1,[-0.01429602 -0.00430238  0.39441133],[0.11681235 0.11698636 0.0887889 ],[ 7.0740885e-01 -3.0347909e-04  2.0301100e-04  7.0680445e-01],0,6,1785138725374005,1785138725374005,[ 0.00198099 -0.03042031  0.18406548],1,[0.01542028 0.01527723 0.00611402]
1785138732353015100,[-0.00074559 -0.00011953 -0.00057658],[4.3381904e-05 4.3018030e-05 3.4769520e-02],1,[-0.01413488 -0.00429996  0.3955062 ],[0.11768264 0.11785831 0.08932353],[ 7.0740503e-01 -3.0703750e-04  2.0578747e-04  7.0680827e-01],0,6,1785138725390005,1785138725390005,[ 0.00187117 -0.03077667  0.18424635],1,[0.01555429 0.01540901 0.00613741]
1785138732353404878,[-4.7927024e-04 -3.8479571e-03 -4.3944805e-05],[4.3417880e-05 4.3053427e-05 3.4769841e-02],1,[-0.01405828 -0.00431215  0.39609668],[0.11812153 0.118298   0.08959214],[ 7.0740443e-01 -3.0002726e-04  1.9350600e-04  7.0680887e-01],0,6,1785138725398005,1785138725398005,[ 0.00183261 -0.03085842  0.18431778],1,[0.0156215  0.0154747  0.00614912]
1785138732353830152,[ 0.0045795  -0.00198338 -0.00163862],[4.3486223e-05 4.3124932e-05 3.4768283e-02],1,[-0.01388611 -0.00436374  0.39732996],[0.11899725 0.11918133 0.08947957],[ 7.0741045e-01 -2.7293494e-04  1.8528612e-04  7.0680296e-01],0,6,1785138725414005,1785138725414005,[ 0.00201705 -0.03102795  0.18464088],1,[0.01574663 0.01560257 0.00614953]
1785138732354048215,[ 0.00191634  0.00067978 -0.00110599],[4.3521057e-05 4.3156164e-05 3.4768604e-02],1,[-0.01380182 -0.00440016  0.39797252],[0.11944354 0.11962845 0.08974884],[ 7.0741284e-01 -2.6527821e-04  1.9425020e-04  7.0680058e-01],0,6,1785138725422005,1785138725422005,[ 0.00214784 -0.0309415   0.18476768],1,[0.01581453 0.01566908 0.00616124]
1785138732354413195,[-0.00074682 -0.00011917 -0.00110599],[4.3591397e-05 4.3220865e-05 3.4769267e-02],1,[-0.01363859 -0.00448884  0.3993387 ],[0.12034374 0.12053031 0.09029001],[ 7.0741391e-01 -2.6778501e-04  1.9012159e-04  7.0679951e-01],0,6,1785138725438005,1785138725438005,[ 0.0021238  -0.03084463  0.18511547],1,[0.01595107 0.01580346 0.00618468]
1785138732354780500,[ 0.00111739 -0.00411391  0.00049191],[4.3627879e-05 4.3255743e-05 3.4769587e-02],1,[-0.01356044 -0.00454218  0.40006164],[0.1207977  0.12098506 0.0905619 ],[ 7.0741183e-01 -2.5685425e-04  1.8379846e-04  7.0680159e-01],0,6,1785138725446005,1785138725446005,[ 0.00219417 -0.03082822  0.18529786],1,[0.01601972 0.01587083 0.00619641]
1785138732355214892,[-0.00021419 -0.00145075 -0.00057336],[4.3695891e-05 4.3321397e-05 3.4770250e-02],1,[-0.01340802 -0.004668    0.40158328],[0.12171337 0.12190226 0.09110833],[ 7.0739979e-01 -2.4414029e-04  1.6980378e-04  7.0681363e-01],0,6,1785138725462005,1785138725462005,[ 0.00231238 -0.03103746  0.18574108],1,[0.01615753 0.01600612 0.00621988]
1785138732355533835,[ 0.00111739 -0.00198338  0.00102454],[4.373161e-05 4.335217e-05 3.477058e-02],1,[-0.01333465 -0.0047405   0.40238136],[0.1221751  0.12236474 0.09138287],[ 7.0739657e-01 -2.3633092e-04  1.6664609e-04  7.0681685e-01],0,6,1785138725470005,1785138725470005,[ 0.00226948 -0.03104896  0.18587698],1,[0.01622685 0.01607364 0.00623163]
1785138732355854792,[ 5.8485405e-04  9.4597874e-04 -4.1654625e-05],[4.3804030e-05 4.3419863e-05 3.4769040e-02],1,[-0.01319806 -0.00489992  0.4039392 ],[0.12309537 0.12329341 0.09125795],[ 7.0738924e-01 -2.2345463e-04  1.6462308e-04  7.0682418e-01],0,6,1785138725486005,1785138725486005,[ 0.00203826 -0.03118371  0.18619582],1,[0.01635518 0.01620474 0.00623124]
1785138732356277242,[0.00031854 0.00227756 0.00022466],[4.3840664e-05 4.3454380e-05 3.4769367e-02],1,[-0.01313299 -0.00498947  0.40475512],[0.12356483 0.12376366 0.09153311],[ 7.0738769e-01 -2.2817716e-04  1.6952385e-04  7.0682573e-01],0,6,1785138725494005,1785138725494005,[ 0.00209574 -0.03133482  0.18659021],1,[0.01642506 0.01627311 0.00624299]
1785138732356591045,[-0.00048042 -0.0003856   0.00128993],[4.3912813e-05 4.3520587e-05 3.4770016e-02],1,[-0.01300608 -0.00518597  0.40646163],[0.12451174 0.12471209 0.09208608],[ 7.0738882e-01 -2.3396107e-04  1.6890977e-04  7.0682460e-01],0,6,1785138725510005,1785138725510005,[ 0.00224252 -0.03155574  0.18718258],1,[0.01656559 0.01641089 0.00626651]
1785138732356902755,[ 0.00111749 -0.0019835   0.0007573 ],[4.3945533e-05 4.3553686e-05 3.4770343e-02],1,[-0.01294412 -0.00529365  0.40734932],[0.12498922 0.12519029 0.0923639 ],[ 7.0738167e-01 -2.2673170e-04  1.6489833e-04  7.0683175e-01],0,6,1785138725518005,1785138725518005,[ 0.00237958 -0.03177663  0.18747135],1,[0.01663632 0.01648054 0.00627828]
1785138732357283505,[-0.00127936  0.0012123  -0.00030797],[4.4012439e-05 4.3620283e-05 3.4771007e-02],1,[-0.01282451 -0.00552642  0.40914872],[0.12595229 0.12615477 0.09222894],[ 7.0738357e-01 -2.2140679e-04  1.5774605e-04  7.0682985e-01],0,6,1785138725534005,1785138725534005,[ 0.0024931  -0.0318867   0.18818744],1,[0.0167783  0.0166194  0.00627723]
1785138732357609652,[ 0.00058485 -0.00065192 -0.00057428],[4.4046956e-05 4.3654760e-05 3.4771334e-02],1,[-0.01276537 -0.0056503   0.41006055],[0.12643789 0.12664105 0.09250734],[ 7.0738363e-01 -2.1916315e-04  1.5724060e-04  7.0682979e-01],0,6,1785138725542005,1785138725542005,[ 0.00261376 -0.03196887  0.18849029],1,[0.01684966 0.01668924 0.006289  ]
1785138732357966948,[-0.00074634 -0.00385462 -0.0003045 ],[4.2271764e-05 4.1903451e-05 3.4763798e-02],1,[-0.01265081 -0.00561186  0.41042787],[0.10598235 0.10612034 0.08390769],[ 7.0739049e-01 -2.0873695e-04  1.4879867e-04  7.0682293e-01],0,6,1785138725558005,1785138725558005,[ 0.00279385 -0.03210705  0.18820816],1,[0.01368636 0.01357147 0.00585659]
1785138732358301010,[ 0.0029821   0.00173802 -0.00270134],[4.2307274e-05 4.1930361e-05 3.4764126e-02],1,[-0.01259577 -0.00545442  0.40991828],[0.1063537  0.10649273 0.08415741],[ 7.0739400e-01 -2.0426234e-04  1.5587118e-04  7.0681942e-01],0,6,1785138725566005,1785138725566005,[ 0.0027906  -0.03201826  0.18798885],1,[0.01374688 0.01363098 0.00586809]
1785138732358625023,[ 0.00111788 -0.00305567 -0.00243503],[4.2373467e-05 4.1991188e-05 3.4764774e-02],1,[-0.0124857  -0.00516613  0.40906897],[0.10710289 0.10724396 0.08465937],[ 7.0740110e-01 -1.8258582e-04  1.5503840e-04  7.0681232e-01],0,6,1785138725582005,1785138725582005,[ 0.00324816 -0.03129272  0.18780717],1,[0.01386878 0.01375046 0.00589112]
1785138732358818920,[-7.4633339e-04  1.4012121e-04 -3.8186787e-05],[4.2406769e-05 4.2025426e-05 3.4765087e-02],1,[-0.01243029 -0.00503548  0.40872735],[0.10748075 0.10762282 0.08491159],[ 7.0740014e-01 -1.8157490e-04  1.4977444e-04  7.0681328e-01],0,6,1785138725590005,1785138725590005,[ 0.00340402 -0.03116179  0.18785378],1,[0.01392997 0.01381029 0.00590264]
1785138732359147491,[-0.00207792  0.00067275  0.00289129],[4.2478401e-05 4.2089388e-05 3.4765728e-02],1,[-0.01232129 -0.00480235  0.4080874 ],[0.10824306 0.1083871  0.0848341 ],[ 7.0738518e-01 -1.8376065e-04  1.2841015e-04  7.0682824e-01],0,6,1785138725606005,1785138725606005,[ 0.00367916 -0.03088039  0.18755235],1,[0.0140531  0.013931   0.00590552]
1785138732359470523,[0.00111788 0.00173802 0.00049445],[4.2512613e-05 4.2122705e-05 3.4766041e-02],1,[-0.01226635 -0.00469849  0.40784538],[0.10862753 0.10877253 0.08508709],[ 7.0737982e-01 -1.8544150e-04  1.3490209e-04  7.0683366e-01],0,6,1785138725614005,1785138725614005,[ 0.00380284 -0.03052533  0.18760227],1,[0.01411488 0.01399154 0.00591705]
1785138732359789957,[ 0.00058506  0.00067266 -0.0011042 ],[4.258345e-05 4.218553e-05 3.476443e-02],1,[-0.01215116 -0.00451148  0.40751287],[0.10939677 0.10954781 0.08559559],[ 7.0737773e-01 -1.8434387e-04  1.3740374e-04  7.0683575e-01],0,6,1785138725630005,1785138725630005,[ 0.00454972 -0.03021793  0.18748435],1,[0.01423101 0.01410938 0.00594012]
1785138732360184844,[-0.00101284  0.00014002 -0.00057157],[4.2616426e-05 4.2216874e-05 3.4764759e-02],1,[-0.01209062 -0.00443077  0.40741745],[0.10978784 0.10993987 0.08585109],[ 7.0737678e-01 -1.8495218e-04  1.3378987e-04  7.0683670e-01],0,6,1785138725638005,1785138725638005,[ 0.00480296 -0.03000688  0.18747374],1,[0.01429348 0.01417046 0.00595166]
1785138732360514167,[-0.00101284  0.00014003 -0.00083789],[4.2680953e-05 4.2282867e-05 3.4765393e-02],1,[-0.01196829 -0.00429193  0.40731493],[0.11057676 0.11073075 0.08576543],[ 7.0738512e-01 -1.7642413e-04  1.2736523e-04  7.0682836e-01],0,6,1785138725654005,1785138725654005,[ 0.00513542 -0.02974506  0.18772952],1,[0.01441878 0.0142934  0.00595394]
1785138732360833852,[ 5.2430085e-05  6.7265501e-04 -1.3705140e-03],[4.2714677e-05 4.2317144e-05 3.4765705e-02],1,[-0.0119074  -0.00423466  0.40730748],[0.11097463 0.11112959 0.08602168],[ 7.0738542e-01 -1.7820475e-04  1.2870228e-04  7.0682806e-01],0,6,1785138725662005,1785138725662005,[ 0.00520526 -0.02984345  0.18796203],1,[0.01448194 0.01435528 0.00596549]
1785138732361226264,[ 0.0011177  -0.00039261 -0.00030524],[4.2785367e-05 4.2381122e-05 3.4766339e-02],1,[-0.01178427 -0.00414695  0.40742797],[0.11177728 0.11193412 0.08653669],[ 7.0738071e-01 -1.9197418e-04  1.2577811e-04  7.0683277e-01],0,6,1785138725678005,1785138725678005,[ 0.00575403 -0.02997948  0.1882329 ],1,[0.01460869 0.01447943 0.00598861]
1785138732361564163,[ 0.00191664  0.00253687 -0.00296841],[4.281887e-05 4.241567e-05 3.476665e-02],1,[-0.01172083 -0.00411608  0.4075525 ],[0.11218207 0.11233983 0.08679547],[ 7.0738590e-01 -1.9002192e-04  1.3694837e-04  7.0682758e-01],0,6,1785138725686005,1785138725686005,[ 0.00597193 -0.03008346  0.18836164],1,[0.01467244 0.01454211 0.00600018]
1785138732361989187,[-0.00181194  0.00173725 -0.00377275],[4.2886895e-05 4.2479347e-05 3.4765068e-02],1,[-0.0115904  -0.00406456  0.40792578],[0.11299115 0.11315552 0.08731557],[ 7.0738852e-01 -2.0762192e-04  1.3560640e-04  7.0682496e-01],0,6,1785138725702005,1785138725702005,[ 0.00618208 -0.02980021  0.1886472 ],1,[0.01479166 0.01466392 0.00602334]
1785138732362531784,[-0.00074668  0.00333515 -0.0029738 ],[4.2923617e-05 4.2513348e-05 3.4765381e-02],1,[-0.01152423 -0.00404861  0.40817118],[0.11340285 0.11356816 0.0875769 ],[ 7.0739907e-01 -2.1699896e-04  1.4153935e-04  7.0681441e-01],0,6,1785138725710005,1785138725710005,[ 0.00657038 -0.02965507  0.18864079],1,[0.01485636 0.01472745 0.00603492]
1785138732362926430,[-0.00021405 -0.00012696  0.0036841 ],[4.2990781e-05 4.2572614e-05 3.4766030e-02],1,[-0.01139169 -0.00403548  0.4086738 ],[0.11423334 0.11440052 0.08748051],[ 7.0739543e-01 -2.2940271e-04  1.4782068e-04  7.0681804e-01],0,6,1785138725726005,1785138725726005,[ 0.00660028 -0.02950011  0.18848282],1,[0.0149861  0.01485474 0.00603646]
1785138732363330525,[ 1.9164851e-03  2.0035717e-03 -4.4322398e-05],[4.3027107e-05 4.2603824e-05 3.4766350e-02],1,[-0.01132614 -0.00403824  0.4089799 ],[0.11465216 0.11482026 0.08774254],[ 7.0739222e-01 -2.2643231e-04  1.5572524e-04  7.0682126e-01],0,6,1785138725734005,1785138725734005,[ 0.00670018 -0.0294122   0.18839768],1,[0.01505128 0.01491879 0.00604805]
1785138732363717206,[ 0.00085122  0.00200357 -0.00324012],[4.3097236e-05 4.2673088e-05 3.4766983e-02],1,[-0.01119248 -0.00406155  0.4096962 ],[0.11549703 0.1156669  0.08826918],[ 7.0739800e-01 -2.1984834e-04  1.8218995e-04  7.0681536e-01],0,6,1785138725750005,1785138725750005,[ 0.00719024 -0.029246    0.1884485 ],1,[0.01518226 0.01504716 0.00607125]
1785138732364100241,[-0.00261089  0.00040568  0.00022199],[4.3131589e-05 4.2710992e-05 3.4767304e-02],1,[-0.0111247  -0.00408224  0.41010752],[0.11592309 0.11609384 0.08853378],[ 7.0740032e-01 -2.2716365e-04  1.7778092e-04  7.0681304e-01],0,6,1785138725758005,1785138725758005,[ 0.00731962 -0.02918096  0.18864147],1,[0.01524813 0.01511205 0.00608286]
1785138732364335826,[-0.00207842 -0.00145863  0.00022127],[4.3197739e-05 4.2776126e-05 3.4765702e-02],1,[-0.0109862  -0.00413942  0.4110111 ],[0.11677377 0.11695181 0.08842845],[ 7.0739979e-01 -2.2683888e-04  1.5851967e-04  7.0681369e-01],0,6,1785138725774005,1785138725774005,[ 0.00751218 -0.02913805  0.1888453 ],1,[0.01537078 0.01523765 0.00608377]
1785138732364699855,[-0.00234474  0.00040558 -0.00111031],[4.3231092e-05 4.2808515e-05 3.4766022e-02],1,[-0.01091656 -0.00417754  0.41150224],[0.11720704 0.11738599 0.08869374],[ 7.0740175e-01 -2.3539098e-04  1.5082759e-04  7.0681173e-01],0,6,1785138725782005,1785138725782005,[ 0.00764608 -0.02924741  0.18903784],1,[0.01543737 0.01530369 0.00609538]
1785138732365065327,[-0.00021421 -0.00332285 -0.00084399],[4.3300453e-05 4.2875177e-05 3.4766663e-02],1,[-0.01077589 -0.0042754   0.41258058],[0.118081   0.11826174 0.08922689],[ 7.0741308e-01 -2.2285042e-04  1.2385540e-04  7.0680040e-01],0,6,1785138725798005,1785138725798005,[ 0.00811215 -0.02953275  0.18924294],1,[0.01557095 0.01543508 0.00611863]
1785138732365442801,[ 0.00218264 -0.00438811  0.00128654],[4.3335185e-05 4.2909065e-05 3.4766983e-02],1,[-0.01070341 -0.00433344  0.41316545],[0.11852172 0.11870334 0.08949476],[ 7.07409978e-01 -2.05139222e-04  1.16254974e-04  7.06803501e-01],0,6,1785138725806005,1785138725806005,[ 0.00834222 -0.02952527  0.18935557],1,[0.01563801 0.01550093 0.00613026]
1785138732365918961,[ 0.00111737 -0.00199126  0.00022127],[4.3400847e-05 4.2980046e-05 3.4767624e-02],1,[-0.01055651 -0.00446966  0.41442257],[0.11941072 0.11959402 0.09003311],[ 7.0740616e-01 -1.8864207e-04  1.1321152e-04  7.0680732e-01],0,6,1785138725822005,1785138725822005,[ 0.00855907 -0.02988303  0.18949974],1,[0.01577261 0.01563322 0.00615354]
1785138732366460796,[0.00298159 0.00013927 0.00102022],[4.3434553e-05 4.3014043e-05 3.4767944e-02],1,[-0.01048229 -0.00454681  0.41509494],[0.11985901 0.12004314 0.09030359],[ 7.07402825e-01 -1.77802664e-04  1.18516386e-04  7.06810594e-01],0,6,1785138725830005,1785138725830005,[ 0.00880911 -0.02983727  0.1899665 ],1,[0.01584032 0.01570014 0.00616519]
1785138732366925255,[ 0.00111743  0.0025356  -0.00111442],[4.3500306e-05 4.3078660e-05 3.4766335e-02],1,[-0.01033151 -0.00470668  0.4164543 ],[0.12075304 0.12094525 0.09018639],[ 7.0740616e-01 -1.8446543e-04  1.3111257e-04  7.0680726e-01],0,6,1785138725846005,1785138725846005,[ 0.00921485 -0.02990372  0.19031541],1,[0.01596619 0.01582947 0.00616532]
1785138732367316235,[-0.00314363  0.00120401  0.00101611],[4.3532909e-05 4.3115793e-05 3.4766648e-02],1,[-0.01025571 -0.00479518  0.41717494],[0.12120885 0.12140194 0.09045751],[ 7.0740449e-01 -1.9330673e-04  1.2973927e-04  7.0680892e-01],0,6,1785138725854005,1785138725854005,[ 0.00917094 -0.02997849  0.19038612],1,[0.01603465 0.01589664 0.00617697]
1785138732367681736,[-0.00420889  0.0009377   0.00021715],[4.3596374e-05 4.3185148e-05 3.4767274e-02],1,[-0.01010578 -0.00498811  0.41869548],[0.12212823 0.12232303 0.09100238],[ 7.0740306e-01 -2.0656911e-04  1.1352314e-04  7.0681036e-01],0,6,1785138725870005,1785138725870005,[ 0.00934108 -0.03002553  0.19086033],1,[0.0161726  0.01603227 0.0062003 ]
1785138732368062066,[-0.00154573 -0.00145914  0.00208138],[4.3630102e-05 4.3219181e-05 3.4767594e-02],1,[-0.01003037 -0.00509196  0.41949552],[0.12259185 0.12278747 0.09127613],[ 7.0740068e-01 -2.1023478e-04  1.0169326e-04  7.0681274e-01],0,6,1785138725878005,1785138725878005,[ 0.00936403 -0.03004962  0.19109112],1,[0.0162419  0.01610016 0.00621197]
1785138732368418791,[-0.00074678  0.00386718 -0.0040439 ],[4.3696058e-05 4.3277869e-05 3.4768242e-02],1,[-0.00987904 -0.00531045  0.42110094],[0.12352694 0.12372418 0.09114919],[ 7.0741487e-01 -2.1613479e-04  1.1577592e-04  7.0679855e-01],0,6,1785138725894005,1785138725894005,[ 0.00953796 -0.02964216  0.19140159],1,[0.0163814  0.01623737 0.00621144]
1785138732368781256,[-0.00207837  0.00173665 -0.002446  ],[4.3729066e-05 4.3308170e-05 3.4768563e-02],1,[-0.0098043  -0.00542431  0.42190617],[0.12399846 0.12419648 0.09142354],[ 7.0742458e-01 -2.2892094e-04  1.1909619e-04  7.0678884e-01],0,6,1785138725902005,1785138725902005,[ 0.00947909 -0.0296432   0.19152926],1,[0.01645125 0.01630607 0.00622312]
1785138732369123273,[-0.00021427 -0.00066023  0.00048324],[4.3798111e-05 4.3381035e-05 3.4766961e-02],1,[-0.00964926 -0.00566519  0.4235912 ],[0.12493773 0.1251447  0.0919749 ],[ 7.0743209e-01 -2.2068129e-04  1.0998338e-04  7.0678133e-01],0,6,1785138725918005,1785138725918005,[ 0.00999583 -0.02978866  0.19187652],1,[0.01658072 0.01643899 0.00624649]
1785138732369481822,[-0.00101322  0.00067135  0.00074956],[4.3834170e-05 4.3417836e-05 3.4767281e-02],1,[-0.00956918 -0.00579239  0.42446825],[0.1254171  0.12562491 0.0922519 ],[ 7.0742989e-01 -2.2412855e-04  1.1074141e-04  7.0678353e-01],0,6,1785138725926005,1785138725926005,[ 0.01036922 -0.02972804  0.19180839],1,[0.01665126 0.01650836 0.00625818]
1785138732369865497,[-0.00021427  0.00120398  0.00128219],[4.3905551e-05 4.3492131e-05 3.4767915e-02],1,[-0.00940481 -0.00605677  0.4262887 ],[0.12638396 0.1265934  0.09280857],[ 7.0743006e-01 -2.2920425e-04  1.2851851e-04  7.0678335e-01],0,6,1785138725942005,1785138725942005,[ 0.01053445 -0.02949119  0.19230354],1,[0.01679287 0.01664761 0.00628159]
1785138732370049095,[-0.0007469  -0.00092654  0.00580957],[4.3942880e-05 4.3527776e-05 3.4768227e-02],1,[-0.00932147 -0.00619333  0.4272341 ],[0.12687147 0.12708169 0.09308823],[ 7.0741731e-01 -2.3159150e-04  1.2369656e-04  7.0679611e-01],0,6,1785138725950005,1785138725950005,[ 0.01099284 -0.02941992  0.19256501],1,[0.01686415 0.01671812 0.0062933 ]
1785138732370368018,[ 0.00271908 -0.00092908  0.00154981],[4.2179498e-05 4.1770349e-05 3.4758661e-02],1,[-0.00945242 -0.00619679  0.42586955],[0.10633489 0.10647281 0.08383702],[ 7.0741326e-01 -2.1496403e-04  1.2632116e-04  7.0680016e-01],0,6,1785138725966005,1785138725966005,[ 0.01089847 -0.02940601  0.19189675],1,[0.0137152  0.01360657 0.00584073]
1785138732370677173,[ 0.00058856  0.00040251 -0.00084704],[4.221359e-05 4.180128e-05 3.475898e-02],1,[-0.00951399 -0.00620996  0.4252799 ],[0.10670807 0.106847   0.08408615],[ 7.0741397e-01 -2.0912987e-04  1.2887838e-04  7.0679945e-01],0,6,1785138725974005,1785138725974005,[ 0.01086922 -0.02951841  0.19174206],1,[0.01377578 0.01366606 0.00585217]
1785138732370987149,[-1.0102605e-03 -3.9665902e-04 -4.9610884e-05],[4.2279575e-05 4.1862015e-05 3.4757320e-02],1,[-0.00961256 -0.00625646  0.4242804 ],[0.10745512 0.10759983 0.08458689],[ 7.0741189e-01 -2.1333343e-04  1.3706341e-04  7.0680153e-01],0,6,1785138725990005,1785138725990005,[ 0.01091508 -0.02973248  0.19171658],1,[0.01388935 0.01378242 0.00587506]
1785138732371520849,[-0.00074395  0.00146756  0.00101566],[4.2310407e-05 4.1892799e-05 3.4757648e-02],1,[-0.00965723 -0.00629041  0.4238675 ],[0.10783471 0.10798047 0.0848385 ],[ 7.0741057e-01 -2.1809932e-04  1.3741394e-04  7.0680285e-01],0,6,1785138725998005,1785138725998005,[ 0.0109674  -0.02968207  0.19147135],1,[0.0139505  0.01384268 0.00588651]
1785138732371831567,[ 0.00085395 -0.00039666  0.00154829],[4.2375665e-05 4.1963700e-05 3.4758296e-02],1,[-0.00973698 -0.0063749   0.42317018],[0.10860049 0.10874831 0.08475906],[ 7.0740634e-01 -2.1750671e-04  1.4154591e-04  7.0680708e-01],0,6,1785138726014005,1785138726014005,[ 0.01102871 -0.02955355  0.1911877 ],1,[0.01407356 0.01396319 0.00588923]
1785138732372205133,[ 0.00138659 -0.00252719  0.00208092],[4.2408858e-05 4.2000695e-05 3.4758624e-02],1,[-0.00977447 -0.00642579  0.42288408],[0.10898671 0.10913555 0.08501142],[ 7.0739889e-01 -2.0536882e-04  1.3929872e-04  7.0681453e-01],0,6,1785138726022005,1785138726022005,[ 0.01071099 -0.02946357  0.19094746],1,[0.01413528 0.01402394 0.00590069]
1785138732372512705,[ 0.00218553 -0.00092929  0.00234724],[4.2475680e-05 4.2067684e-05 3.4759279e-02],1,[-0.00984644 -0.00654241  0.4224638 ],[0.10976585 0.10991668 0.08551866],[ 7.0739520e-01 -1.9167770e-04  1.4011604e-04  7.0681822e-01],0,6,1785138726038005,1785138726038005,[ 0.01049436 -0.02944752  0.19079229],1,[0.01425963 0.01414602 0.00592363]
1785138732372822241,[5.5003911e-05 1.3597368e-04 3.1461837e-03],[4.2506665e-05 4.2100317e-05 3.4759607e-02],1,[-0.00987966 -0.00661039  0.42232814],[0.11015879 0.11031061 0.08577354],[ 7.0738578e-01 -1.9049703e-04  1.4280624e-04  7.0682770e-01],0,6,1785138726046005,1785138726046005,[ 0.0105473  -0.02953696  0.19064678],1,[0.01432233 0.01420728 0.00593511]
1785138732373132277,[-0.00314066 -0.00359229  0.00474538],[4.2572061e-05 4.2167412e-05 3.4757927e-02],1,[-0.00994282 -0.00676488  0.42219728],[0.11094463 0.11110281 0.08628579],[ 7.0737749e-01 -1.8403919e-04  1.1846032e-04  7.0683599e-01],0,6,1785138726062005,1785138726062005,[ 0.0103067  -0.02953068  0.190692  ],1,[0.01443938 0.01432698 0.00595808]
1785138732373452423,[-0.00180908 -0.00013018 -0.00031464],[4.2606640e-05 4.2200987e-05 3.4758240e-02],1,[-0.00997278 -0.0068498   0.42220208],[0.11134428 0.11150348 0.08654318],[ 7.07376301e-01 -1.83272772e-04  1.07996886e-04  7.06837177e-01],0,6,1785138726070005,1785138726070005,[ 0.01021209 -0.0294091   0.19071446],1,[0.01450252 0.0143893  0.00596958]
1785138732373825719,[-4.7750410e-04 -1.7280774e-03 -4.8317568e-05],[4.2670672e-05 4.2265259e-05 3.4758866e-02],1,[-0.01002427 -0.00703385  0.42225212],[0.11215049 0.11231171 0.08645345],[ 7.0737916e-01 -1.7912564e-04  9.8768825e-05  7.0683432e-01],0,6,1785138726086005,1785138726086005,[ 0.01034854 -0.02950252  0.19084105],1,[0.0146298  0.01451503 0.00597157]
1785138732374124625,[ 0.00218566 -0.00172808  0.00154958],[4.2702628e-05 4.2296553e-05 3.4759186e-02],1,[-0.01004745 -0.007134    0.42234322],[0.11255708 0.11271929 0.08671156],[ 7.0737600e-01 -1.7122355e-04  9.8496566e-05  7.0683748e-01],0,6,1785138726094005,1785138726094005,[ 0.01040629 -0.02964444  0.19093913],1,[0.01469353 0.01457721 0.00598307]
1785138732374458506,[-0.00127645 -0.00092913 -0.00191253],[4.2770636e-05 4.2363299e-05 3.4759805e-02],1,[-0.01008298 -0.00735233  0.42265096],[0.11337728 0.11354143 0.08723032],[ 7.0737404e-01 -1.6297467e-04  9.2700669e-05  7.0683944e-01],0,6,1785138726110005,1785138726110005,[ 0.01085371 -0.02994204  0.19086829],1,[0.014822   0.01470405 0.00600609]
1785138732374778742,[-0.00074382  0.00146772  0.00048431],[4.2805117e-05 4.2392290e-05 3.4760132e-02],1,[-0.01009608 -0.00746936  0.42286417],[0.11379091 0.11395601 0.08749097],[ 7.0737487e-01 -1.6563720e-04  9.3956485e-05  7.0683861e-01],0,6,1785138726118005,1785138726118005,[ 0.01093838 -0.02997869  0.19091909],1,[0.01488646 0.01476714 0.00601761]
1785138732374967890,[-0.00101133 -0.0011954   0.00101772],[4.2870215e-05 4.2455358e-05 3.4758467e-02],1,[-0.01009414 -0.00771501  0.42338246],[0.11461726 0.1147894  0.08739259],[ 7.0735860e-01 -1.6203296e-04  8.4414867e-05  7.0685488e-01],0,6,1785138726134005,1785138726134005,[ 0.0108685  -0.02976559  0.19118209],1,[0.01500656 0.01489021 0.00601899]
1785138732375297473,[5.3928699e-05 9.3513326e-04 1.2840359e-03],[4.2903888e-05 4.2488769e-05 3.4758773e-02],1,[-0.01009128 -0.00784382  0.4236856 ],[0.1150379  0.11521104 0.08765394],[ 7.0735466e-01 -1.6367139e-04  8.6798442e-05  7.0685881e-01],0,6,1785138726142005,1785138726142005,[ 0.01082499 -0.02992213  0.1912887 ],1,[0.01507149 0.01495401 0.00603051]
1785138732375608622,[5.3927768e-05 1.4677657e-03 7.5140106e-04],[4.2969306e-05 4.2556301e-05 3.4759413e-02],1,[-0.01008116 -0.00811382  0.4244009 ],[0.11588643 0.11606151 0.08817919],[ 7.0735162e-01 -1.5575052e-04  9.0051122e-05  7.0686185e-01],0,6,1785138726158005,1785138726158005,[ 0.0110165  -0.0296221   0.19127367],1,[0.01520252 0.01508288 0.00605358]
1785138732375938897,[-2.3429154e-03  1.2014491e-03 -4.7545589e-05],[4.3003063e-05 4.2588606e-05 3.4759726e-02],1,[-0.01007212 -0.00825162  0.42481163],[0.11631433 0.11649036 0.08844309],[ 7.0735067e-01 -1.6426983e-04  8.6406566e-05  7.0686281e-01],0,6,1785138726166005,1785138726166005,[ 0.01115694 -0.02936754  0.19134794],1,[0.01526832 0.01514733 0.00606512]
1785138732376409397,[ 0.00058656 -0.00146171 -0.00084649],[4.3073574e-05 4.2651940e-05 3.4760330e-02],1,[-0.010044   -0.00853413  0.42573473],[0.11717746 0.11735538 0.08897348],[ 7.0735061e-01 -1.6219712e-04  7.8727353e-05  7.0686287e-01],0,6,1785138726182005,1785138726182005,[ 0.01166154 -0.02922231  0.19158728],1,[0.01540086 0.01527636 0.00608821]
1785138732376728601,[-0.00181028  0.00120145  0.00048508],[4.3107731e-05 4.2682397e-05 3.4760643e-02],1,[-0.01002606 -0.0086813   0.42624685],[0.11761273 0.11779156 0.08923995],[ 7.0734847e-01 -1.6327808e-04  7.8839592e-05  7.0686501e-01],0,6,1785138726190005,1785138726190005,[ 0.01171344 -0.02931168  0.1917279 ],1,[0.01546717 0.01534125 0.00609977]
1785138732377093020,[-0.00154366 -0.00013015  0.00075118],[4.3177177e-05 4.2748634e-05 3.4758981e-02],1,[-0.00998965 -0.00898554  0.4272608 ],[0.11848132 0.11866795 0.08913016],[ 7.0734757e-01 -1.7344457e-04  7.0395719e-05  7.0686591e-01],0,6,1785138726206005,1785138726206005,[ 0.01191204 -0.02922281  0.19203965],1,[0.01559107 0.01546806 0.00610039]
1785138732377411412,[-2.0762910e-03  1.3616786e-04 -4.7770474e-05],[4.3213069e-05 4.2786523e-05 3.4759294e-02],1,[-0.00996897 -0.00914265  0.42781782],[0.11892391 0.11911151 0.0893973 ],[ 7.0734584e-01 -1.7989107e-04  6.6735003e-05  7.0686764e-01],0,6,1785138726214005,1785138726214005,[ 0.01199922 -0.0293604   0.19234042],1,[0.01565791 0.01553336 0.00611195]
1785138732377816188,[ 0.0011195  -0.00199436 -0.0021783 ],[4.328242e-05 4.285689e-05 3.475995e-02],1,[-0.00992044 -0.00947126  0.42902723],[0.11981665 0.12000614 0.08993417],[ 7.073496e-01 -1.725351e-04  6.617225e-05  7.068639e-01],0,6,1785138726230005,1785138726230005,[ 0.01216601 -0.02960568  0.19257468],1,[0.01579273 0.01566585 0.00613509]
1785138732378158546,[-0.00180998 -0.00199436  0.00101749],[4.3318189e-05 4.2890999e-05 3.4760255e-02],1,[-0.0098932  -0.00963957  0.42967674],[0.12026682 0.12045723 0.0902039 ],[ 7.0734602e-01 -1.6664530e-04  5.5339391e-05  7.0686746e-01],0,6,1785138726238005,1785138726238005,[ 0.01236533 -0.02933342  0.19283327],1,[0.01586043 0.01573204 0.00614667]
1785138732378536611,[ 5.4236036e-05 -1.1954125e-03 -4.7774578e-05],[4.3388372e-05 4.2953958e-05 3.4760881e-02],1,[-0.00982946 -0.00998142  0.43103388],[0.12117485 0.12136705 0.09008469],[ 7.0734745e-01 -1.6022059e-04  5.4750686e-05  7.0686603e-01],0,6,1785138726254005,1785138726254005,[ 0.01280867 -0.02927563  0.19310045],1,[0.0159964  0.01586624 0.00614665]
1785138732378902112,[ 0.00165214 -0.00332594 -0.00191198],[4.3423210e-05 4.2989137e-05 3.4761194e-02],1,[-0.00979408 -0.01015767  0.43174034],[0.12163273 0.1218258  0.09035505],[ 7.0735025e-01 -1.5027374e-04  5.1810272e-05  7.0686322e-01],0,6,1785138726262005,1785138726262005,[ 0.01281706 -0.02943605  0.1934918 ],1,[0.01606494 0.01593389 0.00615824]
1785138732379378474,[-0.0012785  -0.00119516 -0.00057806],[4.3490116e-05 4.3057778e-05 3.4759540e-02],1,[-0.00969491 -0.01052633  0.43324438],[0.12254538 0.12274712 0.09089839],[ 7.0735818e-01 -1.4817077e-04  5.2319381e-05  7.0685530e-01],0,6,1785138726278005,1785138726278005,[ 0.01285846 -0.02974932  0.1944215 ],1,[0.01619196 0.01606416 0.00618142]
1785138732379729437,[ 0.00138466 -0.00305938 -0.00244227],[4.3526161e-05 4.3092517e-05 3.4759853e-02],1,[-0.00964264 -0.01071665  0.4340378 ],[0.1230109  0.12321357 0.09117138],[ 7.0736176e-01 -1.3831556e-04  4.5593781e-05  7.0685172e-01],0,6,1785138726286005,1785138726286005,[ 0.01312381 -0.02993761  0.19448073],1,[0.01626114 0.01613185 0.00619302]
1785138732380079981,[-0.00234376  0.00013642 -0.00031174],[4.3595028e-05 4.3158376e-05 3.4760494e-02],1,[-0.00953066 -0.01110998  0.4357022 ],[0.12394983 0.12415432 0.09171997],[ 7.0735955e-01 -1.4353469e-04  5.3228730e-05  7.0685393e-01],0,6,1785138726302005,1785138726302005,[ 0.01335126 -0.03022183  0.19487393],1,[0.01640007 0.01626793 0.00621624]
1785138732380304525,[0.00138466 0.00226695 0.00101984],[4.3628308e-05 4.3190528e-05 3.4760822e-02],1,[-0.00947235 -0.01131061  0.43657213],[0.12442327 0.12462866 0.09199558],[ 7.0735639e-01 -1.4467565e-04  5.8168134e-05  7.0685709e-01],0,6,1785138726310005,1785138726310005,[ 0.01351616 -0.03008874  0.19511178],1,[0.01647015 0.01633689 0.00622786]
1785138732380655549,[0.00165097 0.00200063 0.00181878],[4.3695938e-05 4.3262600e-05 3.4761462e-02],1,[-0.00934826 -0.01171879  0.4382693 ],[0.12537816 0.1255853  0.09186376],[ 7.0734715e-01 -1.4100257e-04  7.0290378e-05  7.0686632e-01],0,6,1785138726326005,1785138726326005,[ 0.01381503 -0.0304213   0.19517882],1,[0.01661094 0.01647553 0.00622704]
1785138732381003307,[-0.00047955  0.001468    0.00181878],[4.3731521e-05 4.3296637e-05 3.4761790e-02],1,[-0.00928349 -0.01192963  0.43915233],[0.12585965 0.12606764 0.09213996],[ 7.0733917e-01 -1.4710978e-04  7.4841017e-05  7.0687431e-01],0,6,1785138726334005,1785138726334005,[ 0.01410286 -0.03071     0.19521515],1,[0.01668139 0.01654498 0.00623866]
1785138732381361255,[-0.00021325 -0.00119491  0.00075548],[4.3799140e-05 4.3368073e-05 3.4760125e-02],1,[-0.00914302 -0.0123682   0.4409904 ],[0.12681825 0.12703583 0.09269501],[ 7.0733291e-01 -1.5713806e-04  6.2833882e-05  7.0688057e-01],0,6,1785138726350005,1785138726350005,[ 0.01457738 -0.03107088  0.19574755],1,[0.01681197 0.01667961 0.00626193]
1785138732381802860,[-0.00100997  0.0006621   0.0010253 ],[4.2028529e-05 4.1610252e-05 3.4746181e-02],1,[-0.00912055 -0.01222601  0.44039664],[0.10594031 0.10607987 0.08384125],[ 7.073294e-01 -1.584148e-04  6.397790e-05  7.068841e-01],0,6,1785138726358005,1785138726358005,[ 0.01436031 -0.03088675  0.19547883],1,[0.01361893 0.01352032 0.00582233]
1785138732382129869,[ 5.5303331e-05  1.1947348e-03 -1.9041764e-03],[4.2093874e-05 4.1677184e-05 3.4746807e-02],1,[-0.00907227 -0.01197248  0.4393208 ],[0.10668367 0.1068254  0.08376776],[ 7.0731592e-01 -1.5899935e-04  5.2643587e-05  7.0689768e-01],0,6,1785138726374005,1785138726374005,[ 0.01437736 -0.03068818  0.19485135],1,[0.013739   0.01363871 0.00582548]
1785138732382539363,[-0.00287418  0.00172737  0.00075898],[4.2127616e-05 4.1708008e-05 3.4747135e-02],1,[-0.00904507 -0.01186011  0.4388361 ],[0.10705858 0.10720138 0.08401631],[ 7.0731032e-01 -1.6741428e-04  4.9419941e-05  7.0690328e-01],0,6,1785138726382005,1785138726382005,[ 0.01445826 -0.03061139  0.19437565],1,[0.01379966 0.01369822 0.00583685]
1785138732382860902,[ 0.00112056 -0.00333264  0.00182425],[4.2195748e-05 4.1773939e-05 3.4747776e-02],1,[-0.00898197 -0.01166403  0.4380353 ],[0.10781492 0.10795982 0.08451587],[ 7.0729423e-01 -1.6357774e-04  4.1823900e-05  7.0691937e-01],0,6,1785138726398005,1785138726398005,[ 0.01469275 -0.03046353  0.19413124],1,[0.01392158 0.0138183  0.00585961]
1785138732383201616,[ 5.8793509e-04 -6.6947774e-04 -3.9964856e-05],[4.2230182e-05 4.1804873e-05 3.4748096e-02],1,[-0.00894735 -0.01157999  0.43771932],[0.10819638 0.10834231 0.08476689],[ 7.0728672e-01 -1.5509069e-04  3.9711700e-05  7.0692688e-01],0,6,1785138726406005,1785138726406005,[ 0.01471999 -0.030452    0.19403133],1,[0.01398286 0.01387884 0.005871  ]
1785138732383584591,[-0.00127616 -0.00173445  0.00235928],[4.2298390e-05 4.1866046e-05 3.4746364e-02],1,[-0.008874   -0.01144182  0.43724635],[0.10895964 0.10911173 0.08527142],[ 7.0727450e-01 -1.5209144e-04  4.4140532e-05  7.0693910e-01],0,6,1785138726422005,1785138726422005,[ 0.01494606 -0.03010942  0.19384542],1,[0.01409708 0.01399534 0.0058938 ]
1785138732383948810,[ 0.00138701 -0.00200077  0.00182666],[4.2331350e-05 4.1899766e-05 3.4746684e-02],1,[-0.00883375 -0.01138457  0.43708658],[0.10934761 0.10950079 0.08552492],[ 7.0726341e-01 -1.4213905e-04  3.7497473e-05  7.0695019e-01],0,6,1785138726430005,1785138726430005,[ 0.01501274 -0.03015574  0.1937109 ],1,[0.01415866 0.01405593 0.00590521]
1785138732384272712,[5.5424403e-05 3.9607612e-04 1.0277028e-03],[4.2399504e-05 4.1960677e-05 3.4747325e-02],1,[-0.00874801 -0.01129628  0.4368204 ],[0.1101303  0.1102856  0.08544156],[ 7.0724499e-01 -1.5051078e-04  4.4920125e-05  7.0696861e-01],0,6,1785138726446005,1785138726446005,[ 0.01503914 -0.03012339  0.19360287],1,[0.01428273 0.01417871 0.00590765]
1785138732384578611,[-0.00287405  0.00012976  0.00049507],[4.2431049e-05 4.1995663e-05 3.4747645e-02],1,[-0.00870288 -0.01126472  0.4367598 ],[0.11052502 0.11068137 0.08569581],[ 7.0723546e-01 -1.5377303e-04  3.6385682e-05  7.0697814e-01],0,6,1785138726454005,1785138726454005,[ 0.01511937 -0.030245    0.19342709],1,[0.01434522 0.01424001 0.00591907]
1785138732384900199,[-0.00127616  0.00012976  0.0010277 ],[4.2495158e-05 4.2058371e-05 3.4748286e-02],1,[-0.0086056  -0.01122623  0.4367796 ],[0.11132129 0.11147971 0.08620682],[ 7.0722777e-01 -1.4676404e-04  3.8132159e-05  7.0698583e-01],0,6,1785138726470005,1785138726470005,[ 0.01547385 -0.03031215  0.1936491 ],1,[0.01447093 0.01436395 0.00594191]
1785138732385086762,[ 0.00218596  0.00066239 -0.00163545],[4.2527699e-05 4.2088250e-05 3.4748614e-02],1,[-0.00855319 -0.01121961  0.43685755],[0.11172286 0.11188231 0.08646357],[ 7.0722473e-01 -1.4779126e-04  4.3143868e-05  7.0698887e-01],0,6,1785138726478005,1785138726478005,[ 0.01547021 -0.03053106  0.19363451],1,[0.0145341  0.0144261  0.00595334]
1785138732385422988,[-0.00074327 -0.00013646 -0.00136843],[4.2591091e-05 4.2157026e-05 3.4746893e-02],1,[-0.00845225 -0.0112302   0.43709794],[0.11252555 0.11269181 0.08637188],[ 7.0722574e-01 -1.4648327e-04  2.5662712e-05  7.0698786e-01],0,6,1785138726494005,1785138726494005,[ 0.01528476 -0.03059039  0.19377008],1,[0.01465198 0.01454823 0.00595518]
1785138732385796345,[5.5672019e-05 1.1951179e-03 2.3599914e-03],[4.2625539e-05 4.2192209e-05 3.4747206e-02],1,[-0.00840011 -0.01124733  0.43725768],[0.11293395 0.11310127 0.08662935],[ 7.0721614e-01 -1.4828434e-04  2.9161401e-05  7.0699745e-01],0,6,1785138726502005,1785138726502005,[ 0.01528278 -0.03069442  0.19362307],1,[0.01471561 0.01461078 0.00596662]
1785138732386103346,[-0.00021064  0.00039617  0.0007621 ],[4.2692693e-05 4.2260916e-05 3.4747846e-02],1,[-0.00829094 -0.01130115  0.4376975 ],[0.11375778 0.1139272  0.08714681],[ 7.0720088e-01 -1.5115265e-04  2.0331036e-05  7.0701271e-01],0,6,1785138726518005,1785138726518005,[ 0.01546077 -0.03063776  0.1935151 ],1,[0.01484391 0.01473611 0.0059895 ]
1785138732386526125,[ 3.2199232e-04  9.2880067e-04 -3.6854064e-05],[4.2725849e-05 4.2293581e-05 3.4748167e-02],1,[-0.00823376 -0.0113387   0.4379765 ],[0.11417324 0.1143437  0.08740681],[ 7.0719379e-01 -1.4962188e-04  2.1962849e-05  7.0701981e-01],0,6,1785138726526005,1785138726526005,[ 0.01550072 -0.03099942  0.1936975 ],1,[0.01490853 0.01479961 0.00600096]
1785138732386827606,[ 0.0005883  -0.00013646 -0.00030317],[4.2789525e-05 4.2364016e-05 3.4748793e-02],1,[-0.00811455 -0.01144034  0.43864924],[0.11501129 0.1151838  0.08792935],[ 7.0719212e-01 -1.5611386e-04  2.2657632e-05  7.0702147e-01],0,6,1785138726542005,1785138726542005,[ 0.01558939 -0.03147469  0.19385839],1,[0.0150384  0.0149277  0.00602388]
1785138732387193818,[-0.00207571 -0.00173346  0.00156864],[4.2825082e-05 4.2396754e-05 3.4746751e-02],1,[-0.00804461 -0.01150916  0.43904233],[0.11542559 0.11560449 0.08819189],[ 7.07182050e-01 -1.55097150e-04  1.41903865e-05  7.07031548e-01],0,6,1785138726550005,1785138726550005,[ 0.01566596 -0.03156182  0.19419552],1,[0.01509404 0.01498748 0.00603535]
1785138732387556094,[-0.00180941 -0.00120083  0.0007697 ],[4.2891010e-05 4.2458534e-05 3.4747384e-02],1,[-0.0078978  -0.01166947  0.4398251 ],[0.1162778  0.11645885 0.08808921],[ 7.0717281e-01 -1.5621990e-04  3.3725058e-07  7.0704079e-01],0,6,1785138726566005,1785138726566005,[ 0.01602912 -0.03205721  0.19411628],1,[0.01522479 0.01511612 0.00603645]
1785138732387858856,[0.00085377 0.00039707 0.00103601],[4.292555e-05 4.249181e-05 3.474769e-02],1,[-0.00782168 -0.01175928  0.4402676 ],[0.11670756 0.11688966 0.08835242],[ 7.0716125e-01 -1.5534009e-04  2.4869428e-06  7.0705235e-01],0,6,1785138726574005,1785138726574005,[ 0.01613789 -0.03206844  0.1939783 ],1,[0.0152906  0.01518088 0.00604792]
1785138732388190103,[ 1.1200830e-03 -1.2008303e-03 -2.9250106e-05],[4.2992997e-05 4.2557651e-05 3.4748316e-02],1,[-0.00766217 -0.01195516  0.44125038],[0.11757442 0.11775861 0.08888143],[ 7.0714343e-01 -1.5747688e-04  8.3635096e-06  7.0707017e-01],0,6,1785138726590005,1785138726590005,[ 0.01653362 -0.03223859  0.1937729 ],1,[0.01542267 0.01531089 0.00607089]
1785138732388552118,[ 0.00191903  0.00199496 -0.00402399],[4.3024746e-05 4.2590185e-05 3.4748636e-02],1,[-0.00758053 -0.01206173  0.44178924],[0.11801156 0.11819677 0.0891472 ],[ 7.0714700e-01 -1.5672669e-04  1.6607410e-05  7.0706660e-01],0,6,1785138726598005,1785138726598005,[ 0.01628352 -0.03223393  0.19369532],1,[0.01548901 0.01537589 0.00608238]
1785138732388929963,[-0.00154308 -0.0006682  -0.00056188],[4.3092066e-05 4.2657648e-05 3.4749255e-02],1,[-0.00742043 -0.01228922  0.44289187],[0.1188933  0.11908051 0.08903542],[ 7.0714515e-01 -1.5949755e-04  2.1493837e-05  7.0706844e-01],0,6,1785138726614005,1785138726614005,[ 0.0159026  -0.03237185  0.19365396],1,[0.01562226 0.01550722 0.00608285]
1785138732389298730,[-0.00127712 -0.00013567 -0.00109524],[4.3126085e-05 4.2690030e-05 3.4747224e-02],1,[-0.00733594 -0.01241093  0.4434586 ],[0.11932824 0.11952268 0.08930185],[ 7.071424e-01 -1.630177e-04  1.738372e-05  7.070712e-01],0,6,1785138726622005,1785138726622005,[ 0.01609357 -0.03249781  0.1940109 ],1,[0.01567925 0.01556927 0.00609434]
1785138732389714016,[ 2.7176179e-03  6.6328060e-04 -2.9972929e-05],[4.3193493e-05 4.2756794e-05 3.4747850e-02],1,[-0.00716257 -0.01266624  0.4446913 ],[0.12022475 0.12042133 0.0898373 ],[ 7.0713180e-01 -1.4495081e-04  1.4883344e-05  7.0708179e-01],0,6,1785138726638005,1785138726638005,[ 0.01633679 -0.03215827  0.19451474],1,[0.0158137  0.0157008  0.00611735]
1785138732390057275,[-0.00047818  0.00066328 -0.00216051],[4.3228098e-05 4.2792442e-05 3.4748171e-02],1,[-0.00707267 -0.01279909  0.44535324],[0.12067682 0.12087444 0.09010632],[ 7.0713198e-01 -1.4784330e-04  2.0636684e-05  7.0708162e-01],0,6,1785138726646005,1785138726646005,[ 0.01647417 -0.0321354   0.19452251],1,[0.0158813  0.0157673  0.00612886]
1785138732390255941,[ 0.00032077  0.00039696 -0.00082892],[4.3295364e-05 4.2860720e-05 3.4748789e-02],1,[-0.00688791 -0.01308042  0.44676304],[0.12158865 0.12178833 0.09064694],[ 7.0713276e-01 -1.5111637e-04  1.3761855e-05  7.0708084e-01],0,6,1785138726662005,1785138726662005,[ 0.01669475 -0.0324293   0.19486773],1,[0.01601746 0.01590124 0.00615191]
1785138732390579113,[ 8.5340469e-04 -2.5325119e-03 -2.9971561e-05],[4.332800e-05 4.289469e-05 3.474910e-02],1,[-0.0067937  -0.01322855  0.4475108 ],[0.12204844 0.12224913 0.09091856],[ 7.0712811e-01 -1.4396374e-04  7.9139872e-06  7.0708549e-01],0,6,1785138726670005,1785138726670005,[ 0.0167576  -0.0325206   0.19491266],1,[0.016086   0.0159686  0.00616344]
1785138732390893387,[-0.00154344 -0.00359778 -0.0002963 ],[4.3393291e-05 4.2962445e-05 3.4749735e-02],1,[-0.0065985  -0.01354038  0.44896582],[0.12297581 0.12317847 0.09079464],[ 7.0712715e-01 -1.3203951e-04 -3.7092423e-06  7.0708644e-01],0,6,1785138726686005,1785138726686005,[ 0.01725673 -0.03295834  0.1952839 ],1,[0.01622289 0.01610375 0.00616313]
1785138732391267405,[-0.00047876  0.00066328 -0.00136136],[4.3426957e-05 4.2995118e-05 3.4747712e-02],1,[-0.00649084 -0.01370401  0.44973502],[0.12343223 0.12364305 0.09106686],[ 7.0712668e-01 -1.3404472e-04 -9.4847655e-06  7.0708692e-01],0,6,1785138726694005,1785138726694005,[ 0.01738976 -0.03293611  0.19531517],1,[0.01628116 0.01616681 0.00617466]
1785138732391625853,[-0.00047876  0.00039697  0.00023654],[4.3495995e-05 4.3065138e-05 3.4748323e-02],1,[-0.00626996 -0.01404316  0.45135236],[0.12437502 0.12458795 0.09161393],[ 7.0711505e-01 -1.4570176e-04 -1.8709121e-05  7.0709854e-01],0,6,1785138726710005,1785138726710005,[ 0.01776434 -0.03306454  0.19549938],1,[0.01641935 0.01630346 0.00619775]
1785138732391982507,[-0.00074507 -0.00120093  0.0013018 ],[4.3531327e-05 4.3101092e-05 3.4748629e-02],1,[-0.00615677 -0.01421849  0.452199  ],[0.12485038 0.12506437 0.09188877],[ 7.0710778e-01 -1.4480385e-04 -1.9898709e-05  7.0710582e-01],0,6,1785138726718005,1785138726718005,[ 0.01790939 -0.03299453  0.19568068],1,[0.01648922 0.01637236 0.0062093 ]
1785138732392563066,[-0.00367454  0.00013065 -0.00429084],[4.3596137e-05 4.3167205e-05 3.4749255e-02],1,[-0.00592491 -0.01457898  0.45391223],[0.12580916 0.1260252  0.09175497],[ 7.0710945e-01 -1.4649679e-04 -4.6699693e-05  7.0710415e-01],0,6,1785138726734005,1785138726734005,[ 0.01839465 -0.03311729  0.1960478 ],1,[0.01662977 0.01651099 0.00620834]
1785138732392920682,[ 0.0005865  -0.0022662  -0.00136136],[4.3630444e-05 4.3199372e-05 3.4749568e-02],1,[-0.00580461 -0.01476625  0.45477873],[0.1262926  0.12650965 0.09203039],[ 7.0711434e-01 -1.4155269e-04 -5.2726264e-05  7.0709926e-01],0,6,1785138726742005,1785138726742005,[ 0.01871579 -0.03338292  0.19632451],1,[0.01670027 0.0165807  0.0062199 ]
1785138732393298247,[-0.00180685 -0.00360531  0.00237076],[4.1909701e-05 4.1478972e-05 3.4732684e-02],1,[-0.00570218 -0.01476697  0.4549264 ],[0.10592215 0.10606135 0.0835283 ],[ 7.0710236e-01 -1.3514534e-04 -6.3588290e-05  7.0711124e-01],0,6,1785138726758005,1785138726758005,[ 0.018767   -0.03299336  0.19599771],1,[0.013591   0.01349953 0.00579656]
1785138732393695037,[ 0.00351976 -0.00120834  0.0005075 ],[4.1941948e-05 4.1512358e-05 3.4730565e-02],1,[-0.00572073 -0.01458831  0.4542478 ],[0.10628697 0.10643093 0.08377552],[ 7.0709425e-01 -1.2124427e-04 -6.3224870e-05  7.0711935e-01],0,6,1785138726766005,1785138726766005,[ 0.01886926 -0.03295659  0.1957418 ],1,[0.01364304 0.01355451 0.00580787]
1785138732394058364,[ 5.7652011e-05 -9.4202312e-04 -1.8893535e-03],[4.2009178e-05 4.1577950e-05 3.4731172e-02],1,[-0.00574303 -0.01426298  0.45307598],[0.10703383 0.10718008 0.08427243],[ 7.07081556e-01 -1.08959466e-04 -5.67974639e-05  7.07132041e-01],0,6,1785138726782005,1785138726782005,[ 0.01903742 -0.03264651  0.19500825],1,[0.01376311 0.01367267 0.00583049]
1785138732394421792,[ 0.00059028 -0.00200729  0.00050749],[4.2042688e-05 4.1606145e-05 3.4731492e-02],1,[-0.00574882 -0.01411678  0.45257872],[0.10741051 0.10755789 0.08452211],[ 7.0707357e-01 -1.0078161e-04 -6.2786894e-05  7.0714003e-01],0,6,1785138726790005,1785138726790005,[ 0.0189615  -0.03241968  0.19479306],1,[0.01382374 0.01373252 0.00584181]
1785138732394772065,[-0.00100762  0.00145482  0.00050749],[4.2107262e-05 4.1672556e-05 3.4732111e-02],1,[-0.00574768 -0.01385377  0.45171398],[0.10817038 0.10832    0.08444488],[ 7.0706993e-01 -1.0482954e-04 -8.4515639e-05  7.0714366e-01],0,6,1785138726806005,1785138726806005,[ 0.01910628 -0.03211252  0.19475104],1,[0.01394546 0.0138526  0.0058447 ]
1785138732395111186,[0.00218818 0.00092219 0.00450223],[4.2139065e-05 4.1703839e-05 3.4732431e-02],1,[-0.0057427  -0.01373574  0.4513681 ],[0.1085536  0.10870434 0.08469532],[ 7.07053244e-01 -1.01614576e-04 -7.57718153e-05  7.07160354e-01],0,6,1785138726814005,1785138726814005,[ 0.01901408 -0.03178536  0.19480807],1,[0.01400649 0.01391263 0.00585602]
1785138732395449847,[0.0008566  0.00038956 0.00237171],[4.220794e-05 4.176667e-05 3.473305e-02],1,[-0.0057223  -0.01352687  0.4508398 ],[0.1093267  0.10947962 0.08519868],[ 7.0703369e-01 -9.2226685e-05 -6.8792804e-05  7.0717990e-01],0,6,1785138726830005,1785138726830005,[ 0.01907629 -0.03159636  0.19443479],1,[0.01412944 0.014034   0.0058787 ]
1785138732412939743,[-0.00099547 -0.00175716 -0.0005525 ],[4.2798361e-05 4.2337495e-05 3.4689493e-02],1,[-0.00154755 -0.01183543  0.48370498],[0.12011553 0.12032747 0.08883731],[ 7.0647132e-01 -3.8449405e-05 -4.3913264e-05  7.0774174e-01],0,6,1785138727838005,1785138727838005,[ 0.02454488 -0.03112125  0.19212915],1,[0.01569731 0.01561169 0.00603874]
1785138732421871520,[-0.0039132  -0.00150685  0.00078752],[4.168844e-05 4.119998e-05 3.461954e-02],1,[ 0.00336441 -0.01663998  0.5049852 ],[0.11037615 0.11055132 0.0845335 ],[ 7.0599264e-01 -7.6148091e-05  9.4406118e-07  7.0821923e-01],0,6,1785138728854005,1785138728854005,[ 0.01952166 -0.0389961   0.18611875],1,[0.01415097 0.01406982 0.00579931]
1785138732421994463,[0.00088049 0.00115631 0.00238542],[4.1717700e-05 4.1230935e-05 3.4619838e-02],1,[ 0.00332701 -0.01679909  0.5047582 ],[0.11077077 0.1109473  0.08478281],[ 7.059868e-01 -7.768887e-05  3.070309e-06  7.082251e-01],0,6,1785138728862005,1785138728862005,[ 0.01942602 -0.03926043  0.18606998],1,[0.01421218 0.01413028 0.00581037]
1785138732422115452,[ 0.00034785 -0.00150685  0.00105384],[4.1779404e-05 4.1296120e-05 3.4620427e-02],1,[ 0.00326329 -0.01713973  0.50445235],[0.11156676 0.11174598 0.08528386],[ 7.0598549e-01 -6.9893009e-05 -5.5751144e-07  7.0822638e-01],0,6,1785138728878005,1785138728878005,[ 0.01927038 -0.03967532  0.18571019],1,[0.01433529 0.01425072 0.00583251]
1785138732422419878,[0.00034785 0.00248789 0.00504858],[4.1814445e-05 4.1327025e-05 3.4620717e-02],1,[ 0.00323793 -0.01731843  0.50437015],[0.11196816 0.11214871 0.08553562],[ 7.0597273e-01 -7.0744871e-05  7.6086526e-06  7.0823914e-01],0,6,1785138728886005,1785138728886005,[ 0.01913726 -0.03961547  0.18561876],1,[0.01439716 0.01431125 0.00584359]
1785138732422544764,[ 0.00061425  0.00089004 -0.00054372],[4.1882406e-05 4.1388066e-05 3.4618411e-02],1,[ 0.00319289 -0.01769101  0.5043437 ],[0.11277036 0.11295856 0.08604157],[ 7.0596308e-01 -6.3429325e-05  7.3930682e-06  7.0824867e-01],0,6,1785138728902005,1785138728902005,[ 0.01870423 -0.03977112  0.1856496 ],1,[0.0145134  0.01443013 0.00586575]
1785138732422678497,[ 0.0014132  -0.00017522  0.00078787],[4.1916228e-05 4.1416137e-05 3.4618709e-02],1,[ 0.00317581 -0.01788596  0.50437325],[0.11317852 0.1133681  0.08569752],[ 7.0596057e-01 -6.0932733e-05  1.3690615e-05  7.0825118e-01],0,6,1785138728910005,1785138728910005,[ 0.01878764 -0.03998517  0.18588635],1,[0.01457602 0.01449122 0.0058565 ]
1785138732422799165,[ 0.00088057  0.00115636 -0.00081004],[4.1978536e-05 4.1480955e-05 3.4619305e-02],1,[ 0.003157   -0.01829105  0.5045653 ],[0.11400183 0.11419415 0.08620486],[ 7.0596027e-01 -4.6600970e-05  3.2702887e-05  7.0825148e-01],0,6,1785138728926005,1785138728926005,[ 0.01897874 -0.04005025  0.185882  ],1,[0.01470147 0.01461429 0.00587867]
1785138732422927157,[ 0.00034793 -0.00124049  0.00211945],[4.2008054e-05 4.1513558e-05 3.4619596e-02],1,[ 0.00315425 -0.01850002  0.50472265],[0.11441698 0.11461066 0.08645977],[ 7.0595759e-01 -4.5319488e-05  3.2583896e-05  7.0825416e-01],0,6,1785138728934005,1785138728934005,[ 0.01904022 -0.04000701  0.18571699],1,[0.01476472 0.01467593 0.00588977]
1785138732423052284,[-2.3150707e-03  3.5697350e-04 -9.2540868e-06],[4.2057556e-05 4.1569616e-05 3.4618821e-02],1,[ 0.00316114 -0.01893008  0.50515485],[0.11525287 0.11544848 0.08697205],[ 7.0595485e-01 -5.3794669e-05  2.9666857e-05  7.0825690e-01],0,6,1785138728950005,1785138728950005,[ 0.01912316 -0.04033079  0.18571597],1,[0.0148899  0.01479816 0.00591198]
1785138732423190986,[ 1.6796740e-03 -4.4197647e-04 -9.2525443e-06],[4.2086598e-05 4.1598090e-05 3.4619112e-02],1,[ 0.00317026 -0.01915206  0.50542927],[0.1156751  0.11587203 0.08722943],[ 7.0595324e-01 -4.8079484e-05  3.0255673e-05  7.0825851e-01],0,6,1785138728958005,1785138728958005,[ 0.01913907 -0.0404536   0.18565917],1,[0.01495397 0.01486056 0.00592309]
1785138732423317636,[ 0.0016795  -0.00150768 -0.00081178],[4.215281e-05 4.166117e-05 3.461684e-02],1,[ 0.00320599 -0.01960373  0.5059784 ],[0.11651802 0.11672334 0.08713003],[ 7.0596248e-01 -2.9989666e-05  3.6688787e-05  7.0824927e-01],0,6,1785138728974005,1785138728974005,[ 0.01944956 -0.04075992  0.1855552 ],1,[0.01507309 0.01498247 0.00592432]
1785138732423448403,[-2.0489157e-03  9.0216636e-05 -1.0781003e-03],[4.2184609e-05 4.1693289e-05 3.4617137e-02],1,[ 0.00323068 -0.01983718  0.5063086 ],[0.11694731 0.11715399 0.08738808],[ 7.0596439e-01 -3.0400059e-05  3.1213680e-05  7.0824736e-01],0,6,1785138728982005,1785138728982005,[ 0.0195236  -0.04104389  0.18553717],1,[0.01513752 0.01504577 0.00593544]
1785138732423568581,[-0.00018471  0.00088917  0.00131875],[4.2251359e-05 4.1754989e-05 3.4617733e-02],1,[ 0.00329096 -0.02031931  0.5070775 ],[0.11781316 0.11802257 0.08790668],[ 7.0596451e-01 -3.6617876e-05  3.1525924e-05  7.0824724e-01],0,6,1785138728998005,1785138728998005,[ 0.01940889 -0.0411584   0.18570203],1,[0.01526727 0.01517357 0.00595769]
1785138732423691563,[ 0.00114688 -0.0001761  -0.00240968],[4.2284395e-05 4.1790045e-05 3.4618024e-02],1,[ 0.00332389 -0.02056603  0.50751454],[0.11824975 0.11846051 0.08816723],[ 7.0596915e-01 -3.0744573e-05  3.4695124e-05  7.0824260e-01],0,6,1785138729006005,1785138729006005,[ 0.01919537 -0.04117557  0.18588443],1,[0.01533254 0.01523742 0.00596882]
1785138732423814786,[ 8.1610400e-05 -1.7609878e-04  5.1979988e-04],[4.2347569e-05 4.1852967e-05 3.4618620e-02],1,[ 0.0033989  -0.02107133  0.50848913],[0.11913033 0.11934377 0.08869082],[ 7.0596796e-01 -2.7743125e-05  3.0068521e-05  7.0824385e-01],0,6,1785138729022005,1785138729022005,[ 0.01915255 -0.04144188  0.18587357],1,[0.0154632  0.01536545 0.0059911 ]
1785138732423945223,[-0.00151628 -0.00097505  0.0021177 ],[4.2381402e-05 4.1884294e-05 3.4618918e-02],1,[ 0.00344003 -0.02133056  0.5089891 ],[0.11957433 0.11978909 0.08831835],[ 7.0596170e-01 -3.0243889e-05  2.6415992e-05  7.0825011e-01],0,6,1785138729030005,1785138729030005,[ 0.01912213 -0.04164873  0.18597503],1,[0.01552904 0.0154303  0.00598046]
1785138732424066653,[-0.0004506   0.00408511 -0.00187592],[4.2444128e-05 4.1946096e-05 3.4616668e-02],1,[ 0.00352007 -0.02186781  0.51008445],[0.12045976 0.12068378 0.08884321],[ 7.0597321e-01 -4.4773740e-05  2.9988762e-05  7.0823854e-01],0,6,1785138729046005,1785138729046005,[ 0.01898199 -0.04207094  0.18601155],1,[0.0156514  0.01555498 0.00600275]
1785138732424198633,[0.0011473  0.0022209  0.00052093],[4.2476644e-05 4.1977200e-05 3.4616958e-02],1,[ 0.00356356 -0.02214331  0.5106776 ],[0.12091113 0.12113654 0.0891069 ],[ 7.0597404e-01 -5.0405892e-05  4.1367581e-05  7.0823771e-01],0,6,1785138729054005,1785138729054005,[ 0.01884263 -0.04232545  0.18603247],1,[0.01571767 0.01561991 0.0060139 ]
1785138732424323749,[1.9462453e-03 9.0372399e-05 2.6514572e-03],[4.2539963e-05 4.2035776e-05 3.4617547e-02],1,[ 0.00365785 -0.02270828  0.51195025],[0.12182149 0.12204962 0.08963681],[ 7.0596182e-01 -4.8186390e-05  5.3571355e-05  7.0824999e-01],0,6,1785138729070005,1785138729070005,[ 0.01876729 -0.04281592  0.18599248],1,[0.01585065 0.01575127 0.00603622]
1785138732424445940,[ 0.00088098 -0.00124121  0.00105355],[4.2571202e-05 4.2064905e-05 3.4617838e-02],1,[ 0.00370844 -0.02299815  0.51262826],[0.12228049 0.12250998 0.08990303],[ 7.0595813e-01 -3.9959745e-05  5.5526049e-05  7.0825356e-01],0,6,1785138729078005,1785138729078005,[ 0.0187015  -0.04304121  0.18591684],1,[0.01591781 0.01581737 0.00604739]
1785138732424568202,[-9.8323449e-04  9.0371235e-05  1.3198720e-03],[4.2635605e-05 4.2128369e-05 3.4618419e-02],1,[ 0.00381715 -0.02359126  0.51397777],[0.12320621 0.12343839 0.08978312],[ 7.059591e-01 -3.675202e-05  4.544808e-05  7.082526e-01],0,6,1785138729094005,1785138729094005,[ 0.01872318 -0.04340063  0.1861065 ],1,[0.0160528  0.01595024 0.00604728]
1785138732424690223,[-0.00018428  0.00088932 -0.00134328],[4.2666790e-05 4.2162374e-05 3.4618709e-02],1,[ 0.00387598 -0.0238936   0.51469475],[0.12367296 0.12390646 0.09004994],[ 7.0596033e-01 -4.0655104e-05  4.3586824e-05  7.0825136e-01],0,6,1785138729102005,1785138729102005,[ 0.01876334 -0.04360808  0.18626015],1,[0.01612038 0.01601682 0.00605845]
1785138732424812043,[-0.00204807  0.00035682  0.00291877],[4.2732492e-05 4.2222768e-05 3.4616448e-02],1,[ 0.00398787 -0.02451293  0.5162098 ],[0.12460269 0.12484643 0.09058613],[ 7.0594764e-01 -4.7044228e-05  4.8127014e-05  7.0826405e-01],0,6,1785138729118005,1785138729118005,[ 0.01848776 -0.04389331  0.1866317 ],1,[0.01624609 0.01614665 0.00608081]
1785138732424936929,[-0.00045018 -0.00150738  0.00211982],[4.2766354e-05 4.2252577e-05 3.4616739e-02],1,[ 0.00404754 -0.02482726  0.517007  ],[0.12507713 0.12532227 0.0908555 ],[ 7.0594168e-01 -4.8002294e-05  4.1726405e-05  7.0827001e-01],0,6,1785138729126005,1785138729126005,[ 0.01860442 -0.04396236  0.18674868],1,[0.0163144  0.01621418 0.006092  ]
1785138732425057938,[ 0.00168036 -0.0017737  -0.00054334],[4.2831918e-05 4.2318024e-05 3.4617320e-02],1,[ 0.00417605 -0.0254661   0.5186737 ],[0.12603393 0.12628187 0.09139682],[ 7.0593745e-01 -2.9291903e-05  3.9103550e-05  7.0827425e-01],0,6,1785138729142005,1785138729142005,[ 0.01880681 -0.04416689  0.18674386],1,[0.0164516  0.01634945 0.00611439]
1785138732425190098,[ 2.4790722e-03 -3.9040884e-03 -1.1414377e-05],[4.2857060e-05 4.2344338e-05 3.4616258e-02],1,[ 0.00424541 -0.02579075  0.51949006],[0.12651412 0.12676243 0.09099399],[ 7.0593858e-01 -1.5259115e-05  3.5716632e-05  7.0827317e-01],0,6,1785138729150005,1785138729150005,[ 0.01869145 -0.04433671  0.18678461],1,[0.01651862 0.01641442 0.00610231]
1785138732425315405,[ 0.00248296 -0.00071541  0.00212258],[4.1245446e-05 4.0733205e-05 3.4602061e-02],1,[ 0.00404918 -0.02566445  0.5176508 ],[0.10616959 0.10632516 0.08271565],[7.0593125e-01 6.3910948e-06 4.1018240e-05 7.0828038e-01],0,6,1785138729166005,1785138729166005,[ 0.01856108 -0.04371382  0.18632133],1,[0.01347507 0.01339432 0.00569683]
1785138732425452364,[0.00221665 0.00221407 0.00105732],[4.1277239e-05 4.0763352e-05 3.4602351e-02],1,[ 0.00395904 -0.02561598  0.5168329 ],[0.10654003 0.10669691 0.0829584 ],[7.0592046e-01 1.0641424e-05 5.0828829e-05 7.0829117e-01],0,6,1785138729174005,1785138729174005,[ 0.01840896 -0.04368934  0.18585624],1,[0.01353396 0.01345187 0.0057078 ]
1785138732425563264,[-0.00124568  0.00168122 -0.0032055 ],[4.1339754e-05 4.0826391e-05 3.4599960e-02],1,[ 0.00380034 -0.02555049  0.5153876 ],[0.10728148 0.10744491 0.08344629],[7.0591635e-01 6.6823063e-06 5.7225810e-05 7.0829529e-01],0,6,1785138729190005,1785138729190005,[ 0.01846816 -0.04375399  0.18525037],1,[0.01364451 0.0135645  0.00572975]
1785138732425757812,[ 1.4174767e-03  1.1485888e-03 -9.6997828e-06],[4.136726e-05 4.085777e-05 3.460025e-02],1,[ 0.00372974 -0.02553432  0.5147581 ],[0.10765821 0.107823   0.08369144],[7.0591474e-01 4.8645375e-06 6.1732455e-05 7.0829690e-01],0,6,1785138729198005,1785138729198005,[ 0.01834215 -0.04372159  0.1848406 ],1,[0.01370397 0.01362288 0.00574074]
1785138732425899941,[-0.00044673 -0.00018299  0.00052293],[4.1424795e-05 4.0917013e-05 3.4600824e-02],1,[ 0.00360167 -0.02552979  0.51361156],[0.10841817 0.10858564 0.08361637],[7.0590627e-01 2.2294189e-05 6.0217364e-05 7.0830536e-01],0,6,1785138729214005,1785138729214005,[ 0.01819103 -0.04343408  0.18447308],1,[0.01382353 0.01374012 0.00574367]
1785138732426037361,[ 0.00035222  0.00061596 -0.0032055 ],[4.1455380e-05 4.0946608e-05 3.4601122e-02],1,[ 0.00354553 -0.02554052  0.513126  ],[0.10880142 0.10897021 0.08386226],[7.0590913e-01 2.4204803e-05 6.1699851e-05 7.0830250e-01],0,6,1785138729222005,1785138729222005,[ 0.01818658 -0.04329919  0.18423347],1,[0.01388356 0.01379901 0.00575466]
1785138732426198085,[-0.00071305  0.00061596 -0.00080865],[4.1521445e-05 4.1007341e-05 3.4601696e-02],1,[ 0.00344566 -0.02558641  0.5123237 ],[0.10957448 0.1097459  0.08435644],[7.059065e-01 5.020799e-06 6.122027e-05 7.083050e-01],0,6,1785138729238005,1785138729238005,[ 0.01777715 -0.04297115  0.18414347],1,[0.01400439 0.01391759 0.00577666]
1785138732426414695,[ 0.00088485  0.00194754 -0.00107497],[4.1552707e-05 4.1038285e-05 3.4601979e-02],1,[ 0.00340075 -0.02562182  0.51200503],[0.10996433 0.11013705 0.08460474],[7.0590591e-01 3.8766093e-06 6.6448643e-05 7.0830560e-01],0,6,1785138729246005,1785138729246005,[ 0.01762535 -0.04293923  0.18410556],1,[0.01406504 0.01397722 0.00578767]
1785138732426564528,[ 0.00088514 -0.00044941 -0.00054327],[4.1613737e-05 4.1100331e-05 3.4599591e-02],1,[ 0.00331966 -0.02571493  0.51152486],[0.11074386 0.11092378 0.08510377],[7.0590484e-01 1.3249022e-05 6.8249843e-05 7.0830667e-01],0,6,1785138729262005,1785138729262005,[ 0.01769896 -0.04269277  0.1841905 ],1,[0.01417872 0.01409302 0.0058097 ]
1785138732426796898,[ 0.00035251 -0.00284626  0.00025567],[4.1644002e-05 4.1131920e-05 3.4599874e-02],1,[ 0.00328652 -0.02577273  0.5113494 ],[0.11114029 0.11132156 0.08476919],[7.0589942e-01 2.6408359e-05 6.2191175e-05 7.0831209e-01],0,6,1785138729270005,1785138729270005,[ 0.01780857 -0.04269811  0.18411416],1,[0.01423991 0.01415304 0.00580092]
1785138732427180864,[-1.8012372e-04  8.3223800e-05  1.0546205e-03],[4.1709714e-05 4.1194096e-05 3.4600455e-02],1,[ 0.00323191 -0.02591492  0.5111404 ],[0.11193992 0.11212388 0.08526964],[7.0588893e-01 1.9543177e-05 5.9798287e-05 7.0832258e-01],0,6,1785138729286005,1785138729286005,[ 0.01736207 -0.04278475  0.18380824],1,[0.01436313 0.01427435 0.00582296]
1785138732427486552,[ 0.00274936 -0.00044941 -0.0010759 ],[4.1743180e-05 4.1223091e-05 3.4600746e-02],1,[ 0.00320799 -0.02599733  0.5111044 ],[0.11234315 0.11252844 0.08552109],[7.0588571e-01 2.7769865e-05 6.1629842e-05 7.0832574e-01],0,6,1785138729294005,1785138729294005,[ 0.01716832 -0.04284525  0.18364023],1,[0.0144252  0.01433566 0.00583399]
1785138732427790958,[-0.00124539 -0.00178099  0.00025567],[4.1811421e-05 4.1281190e-05 3.4601312e-02],1,[ 0.00316832 -0.02619011  0.5111638 ],[0.1131565  0.11334443 0.08602643],[7.0588356e-01 4.1205472e-05 5.6992958e-05 7.0832795e-01],0,6,1785138729310005,1785138729310005,[ 0.01698265 -0.04343898  0.18349285],1,[0.01454974 0.01445789 0.00585606]
1785138732428093481,[-0.00044644  0.00194743 -0.00107591],[4.1843650e-05 4.1309970e-05 3.4601603e-02],1,[ 0.00315499 -0.02630029  0.5112569 ],[0.11356665 0.11375588 0.08628032],[7.0588183e-01 3.6989575e-05 5.6911220e-05 7.0832968e-01],0,6,1785138729318005,1785138729318005,[ 0.01719302 -0.04374142  0.18337892],1,[0.01461234 0.01451914 0.0058671 ]
1785138732428407324,[8.605176e-05 2.213745e-03 1.054609e-03],[4.190352e-05 4.136935e-05 3.459921e-02],1,[ 0.00314523 -0.02654309  0.51146066],[0.11438592 0.11458308 0.08618724],[7.0587546e-01 3.3265991e-05 6.7725698e-05 7.0833606e-01],0,6,1785138729334005,1785138729334005,[ 0.01722251 -0.04363666  0.18362904],1,[0.01472954 0.01463915 0.00586876]
1785138732428701130,[-0.00177816  0.00061585 -0.00027697],[4.1933508e-05 4.1400748e-05 3.4599494e-02],1,[ 0.00314652 -0.02667391  0.511626  ],[0.11480293 0.11500146 0.08644181],[7.0587265e-01 2.8507198e-05 6.6561050e-05 7.0833880e-01],0,6,1785138729342005,1785138729342005,[ 0.0173534  -0.0437309   0.18358617],1,[0.01479264 0.01470138 0.00587981]
1785138732428992962,[-0.00044691  0.00088221  0.00025363],[4.1991847e-05 4.1454739e-05 3.4598757e-02],1,[ 0.00316102 -0.02696051  0.51207066],[0.11564258 0.11584307 0.08695345],[7.0585495e-01 2.3302551e-05 7.2571092e-05 7.0835644e-01],0,6,1785138729358005,1785138729358005,[ 0.0172407  -0.04399074  0.18316816],1,[0.01491806 0.01482382 0.00590192]
1785138732429295845,[-1.8059835e-04  8.3262334e-05  2.1178527e-03],[4.2023908e-05 4.1485786e-05 3.4599047e-02],1,[ 0.00317372 -0.02711326  0.5123474 ],[0.11606669 0.1162685  0.0872105 ],[7.0584834e-01 1.9102301e-05 7.2960596e-05 7.0836300e-01],0,6,1785138729366005,1785138729366005,[ 0.01738769 -0.04388568  0.18287385],1,[0.01498187 0.01488667 0.00591298]
1785138732429611392,[0.0014173  0.00088221 0.00211785],[4.2083946e-05 4.1549494e-05 3.4599628e-02],1,[ 0.00321181 -0.02743603  0.5130063 ],[0.1169221  0.11712654 0.08772708],[7.0583045e-01 1.6936512e-05 7.7190824e-05 7.0838088e-01],0,6,1785138729382005,1785138729382005,[ 0.01760719 -0.04407711  0.18271682],1,[0.01511021 0.01501237 0.00593512]
1785138732429904206,[-0.00417534  0.00141484  0.00051995],[4.2113916e-05 4.1582003e-05 3.4599919e-02],1,[ 0.00323703 -0.02760874  0.51332957],[0.11735342 0.11755916 0.08736479],[7.0582563e-01 6.1833953e-06 7.1216607e-05 7.0838571e-01],0,6,1785138729390005,1785138729390005,[ 0.01767097 -0.04440771  0.18292402],1,[0.01517458 0.01507522 0.00592499]
1785138732430308241,[ 0.00035203  0.00034989 -0.00134169],[4.2176027e-05 4.1642863e-05 3.4597561e-02],1,[ 0.00329718 -0.02797828  0.5140848 ],[0.11821408 0.11842853 0.08788268],[7.0582306e-01 4.8371289e-06 6.9904039e-05 7.0838827e-01],0,6,1785138729406005,1785138729406005,[ 0.01755876 -0.04428479  0.18318444],1,[0.01529462 0.0151983  0.00594714]
1785138732430581037,[ 8.5712643e-05 -1.2480051e-03  1.3214699e-03],[4.2207670e-05 4.1673633e-05 3.4597851e-02],1,[ 0.00333045 -0.02817061  0.5145161 ],[0.11865258 0.11886839 0.08814286],[7.058177e-01 9.362275e-06 6.664746e-05 7.083935e-01],0,6,1785138729414005,1785138729414005,[ 0.01740702 -0.04436313  0.18336666],1,[0.01535954 0.01526207 0.00595822]
1785138732430844595,[ 1.6836112e-03  6.1620708e-04 -1.0110642e-05],[4.2273405e-05 4.1736785e-05 3.4598410e-02],1,[ 0.00340491 -0.02857292  0.51547784],[0.119537   0.11975549 0.08866572],[7.0580888e-01 1.6719985e-05 7.6002791e-05 7.0840234e-01],0,6,1785138729430005,1785138729430005,[ 0.0175945  -0.04456788  0.18336457],1,[0.0154903  0.01539073 0.0059804 ]
1785138732431098776,[-0.00044692  0.00088252 -0.00054275],[4.2304353e-05 4.1768159e-05 3.4598693e-02],1,[ 0.00344804 -0.02878219  0.51600564],[0.11998294 0.12020275 0.08892842],[7.0580804e-01 1.6934915e-05 7.8441088e-05 7.0840317e-01],0,6,1785138729438005,1785138729438005,[ 0.01767425 -0.04450389  0.18337142],1,[0.01555607 0.01545464 0.0059915 ]
1785138732431369829,[ 1.6836093e-03  8.3574560e-05 -1.3416882e-03],[4.2368723e-05 4.1827712e-05 3.4599267e-02],1,[ 0.00354443 -0.02921371  0.5170732 ],[0.12088232 0.12110475 0.0888155 ],[7.0581371e-01 1.3884489e-06 8.4849133e-05 7.0839751e-01],0,6,1785138729454005,1785138729454005,[ 0.01793668 -0.04449136  0.18358597],1,[0.01568813 0.01558376 0.00599184]
1785138732431643486,[-0.00044692 -0.00151432 -0.00027643],[4.2403266e-05 4.1859497e-05 3.4599543e-02],1,[ 0.003598   -0.02943723  0.51765233],[0.1213358  0.12155952 0.08907881],[7.058135e-01 7.107605e-06 8.245573e-05 7.083977e-01],0,6,1785138729462005,1785138729462005,[ 0.01792608 -0.04461792  0.18346119],1,[0.01575447 0.01564904 0.00600294]
1785138732431908327,[-0.00204485  0.00114884 -0.00027642],[4.2464118e-05 4.1922460e-05 3.4597177e-02],1,[ 0.00371608 -0.02989951  0.5188966 ],[0.12223966 0.12247298 0.08960795],[ 7.0581263e-01 -3.0693054e-06  7.4294330e-05  7.0839858e-01],0,6,1785138729478005,1785138729478005,[ 0.01828933 -0.04466384  0.18352222],1,[0.01587778 0.01577645 0.00602516]
1785138732432169251,[0.00115095 0.00354568 0.00078884],[4.2494044e-05 4.1953499e-05 3.4597460e-02],1,[ 0.00378051 -0.03013708  0.5195611 ],[0.12270062 0.1229353  0.08987379],[ 7.0580781e-01 -8.0667269e-06  8.2481114e-05  7.0840341e-01],0,6,1785138729486005,1785138729486005,[ 0.0183133  -0.04472515  0.18356888],1,[0.0159446  0.01584199 0.00603628]
1785138732432519413,[ 0.00061831 -0.00124801 -0.00027642],[4.2554409e-05 4.2017691e-05 3.4598026e-02],1,[ 0.00391863 -0.03062813  0.52097076],[0.12363029 0.12386765 0.090408  ],[ 7.0580596e-01 -1.2920401e-05  9.2136419e-05  7.0840526e-01],0,6,1785138729502005,1785138729502005,[ 0.01849818 -0.04495785  0.18377498],1,[0.01607941 0.01597459 0.00605853]
1785138732432841793,[-0.00337643  0.00248042  0.00105516],[4.2585871e-05 4.2049065e-05 3.4598317e-02],1,[ 0.00399167 -0.03087981  0.52169126],[0.12409902 0.1243377  0.09001607],[ 7.0580256e-01 -2.5569992e-05  8.9061112e-05  7.0840865e-01],0,6,1785138729510005,1785138729510005,[ 0.01849698 -0.04490777  0.18398203],1,[0.01614721 0.01604119 0.00604699]
1785138732433184351,[-0.00177853 -0.00018274 -0.00107537],[4.2648397e-05 4.2113450e-05 3.4598891e-02],1,[ 0.00414604 -0.03139802  0.5232121 ],[0.12504433 0.12528563 0.09055146],[ 7.0580679e-01 -4.3459295e-05  7.9959122e-05  7.0840448e-01],0,6,1785138729526005,1785138729526005,[ 0.01864837 -0.04531731  0.1842924 ],1,[0.01628367 0.01617562 0.00606925]
1785138732433531568,[ 0.00061831  0.00088252 -0.00080905],[4.2678792e-05 4.2144311e-05 3.4599181e-02],1,[ 0.00422726 -0.03166597  0.5240108 ],[0.12552093 0.12576354 0.09082042],[ 7.0580876e-01 -4.3058324e-05  8.0344631e-05  7.0840251e-01],0,6,1785138729534005,1785138729534005,[ 0.01872241 -0.04567547  0.18439065],1,[0.01635201 0.01624315 0.00608039]
1785138732433948226,[ 8.5821841e-05 -7.1468356e-04 -1.0699206e-03],[4.274104e-05 4.221179e-05 3.459682e-02],1,[ 0.00439121 -0.03223506  0.52567834],[0.12646978 0.12672304 0.0913609 ],[ 7.0580411e-01 -4.6145571e-05  8.4921776e-05  7.0840704e-01],0,6,1785138729550005,1785138729550005,[ 0.0184769  -0.04638129  0.18430972],1,[0.01647844 0.01637349 0.00610268]
1785138732434346921,[ 0.0008885   0.00113808 -0.00399392],[4.1125666e-05 4.0589726e-05 3.4584589e-02],1,[ 0.00430853 -0.03191688  0.5246178 ],[0.10578098 0.10593848 0.08277689],[ 7.0581114e-01 -4.5487621e-05  8.7989451e-05  7.0840013e-01],0,6,1785138729558005,1785138729558005,[ 0.01843861 -0.04643984  0.18393199],1,[0.01338864 0.01330816 0.00568491]
1785138732434731638,[-0.00124203 -0.0001935  -0.00106444],[4.1187966e-05 4.0649338e-05 3.4585170e-02],1,[ 0.00415902 -0.03133428  0.52262866],[0.10651907 0.10667922 0.08270728],[ 7.0579636e-01 -4.5198394e-05  8.2372746e-05  7.0841479e-01],0,6,1785138729574005,1785138729574005,[ 0.01806313 -0.04613356  0.18330698],1,[0.01350565 0.01342282 0.00568823]
1785138732435115054,[-0.00044309 -0.00179139  0.00106609],[4.1218387e-05 4.0678260e-05 3.4585446e-02],1,[ 0.00409099 -0.03106738  0.5217388 ],[0.10689128 0.10705275 0.08294976],[ 7.0578778e-01 -4.0007777e-05  7.5261043e-05  7.0842338e-01],0,6,1785138729582005,1785138729582005,[ 0.01802473 -0.04602776  0.18307954],1,[0.01356453 0.01348106 0.00569915]
1785138732435598458,[-0.00337256  0.00220335 -0.00026549],[4.1275674e-05 4.0740604e-05 3.4586035e-02],1,[ 0.00396812 -0.03058571  0.5201583 ],[0.10764211 0.10780621 0.08343711],[ 7.0577037e-01 -5.0444265e-05  6.9695503e-05  7.0844072e-01],0,6,1785138729598005,1785138729598005,[ 0.01772544 -0.04622945  0.18262972],1,[0.0136829  0.01359748 0.00572102]
1785138732435902624,[-0.0007094  -0.00099244 -0.00266234],[4.1305469e-05 4.0770294e-05 3.4586318e-02],1,[ 0.00391372 -0.03036943  0.5194639 ],[0.10802075 0.10818615 0.08368199],[ 7.057691e-01 -5.024110e-05  6.599678e-05  7.084420e-01],0,6,1785138729606005,1785138729606005,[ 0.01768854 -0.04611041  0.1824686 ],1,[0.01374241 0.01365632 0.00573196]
1785138732436379536,[-0.00097548  0.00087177 -0.00292872],[4.1369567e-05 4.0831521e-05 3.4583740e-02],1,[ 0.0038152  -0.02997715  0.51825994],[0.10877827 0.10895051 0.08417413],[ 7.0575988e-01 -6.5733795e-05  6.2366737e-05  7.0845121e-01],0,6,1785138729622005,1785138729622005,[ 0.01749096 -0.04560978  0.18229568],1,[0.01385428 0.01377076 0.00575385]
1785138732436758343,[-1.2417993e-03  7.2822440e-05 -5.3188071e-04],[4.1398929e-05 4.0863804e-05 3.4584023e-02],1,[ 0.00377119 -0.0298023   0.51771694],[0.10916332 0.10933691 0.08384879],[ 7.057560e-01 -6.597462e-05  5.681409e-05  7.084551e-01],0,6,1785138729630005,1785138729630005,[ 0.01727657 -0.04566828  0.1822584 ],1,[0.01391439 0.01383019 0.00574555]
1785138732437060885,[-0.00070916  0.0014044  -0.00159715],[4.145425e-05 4.092413e-05 3.458461e-02],1,[ 0.00369433 -0.02949507  0.516806  ],[0.10994003 0.11011631 0.08434239],[ 7.0573890e-01 -6.4294421e-05  6.5323969e-05  7.0847213e-01],0,6,1785138729646005,1785138729646005,[ 0.01696374 -0.04559644  0.18208088],1,[0.01403525 0.01394916 0.00576746]
1785138732437534411,[-0.00204074  0.0014044  -0.00266241],[4.1485964e-05 4.0954204e-05 3.4584902e-02],1,[ 0.00365963 -0.02936161  0.51643246],[0.11033171 0.11050932 0.0845904 ],[ 7.0573771e-01 -7.1375718e-05  6.0535465e-05  7.0847321e-01],0,6,1785138729654005,1785138729654005,[ 0.01656542 -0.04558186  0.18190162],1,[0.01409584 0.01400879 0.00577842]
1785138732437856059,[-0.00204075 -0.00019349 -0.00026556],[4.1544688e-05 4.1019939e-05 3.4585483e-02],1,[ 0.00359489 -0.02913512  0.5158424 ],[0.11112176 0.11130202 0.08508883],[ 7.057311e-01 -7.920599e-05  6.116162e-05  7.084799e-01],0,6,1785138729670005,1785138729670005,[ 0.01616547 -0.04572636  0.18145609],1,[0.01421776 0.01412862 0.00580036]
1785138732438178579,[ 0.00088874  0.00193703 -0.00026556],[4.1575317e-05 4.1052186e-05 3.4585774e-02],1,[ 0.00356878 -0.02904072  0.5156227 ],[0.11152016 0.11170173 0.08533926],[ 7.0572066e-01 -7.7307806e-05  6.2437859e-05  7.0849025e-01],0,6,1785138729678005,1785138729678005,[ 0.01621541 -0.04563441  0.18159606],1,[0.01427902 0.01418892 0.00581133]
1785138732438498745,[-0.00124104  0.00406753 -0.00106502],[4.1606265e-05 4.1082749e-05 3.4582913e-02],1,[ 0.00353866 -0.02895786  0.5154128 ],[0.1119136  0.11210133 0.08500196],[ 7.0571780e-01 -8.8244225e-05  7.1226670e-05  7.0849311e-01],0,6,1785138729686005,1785138729686005,[ 0.01616369 -0.04561274  0.18169214],1,[0.01433211 0.01424586 0.00580244]
1785138732438812589,[-7.0840993e-04 -1.5251087e-03  2.4147448e-07],[4.1666946e-05 4.1143816e-05 3.4583487e-02],1,[ 0.0034903  -0.02882941  0.5151378 ],[0.11272152 0.11291198 0.08550341],[ 7.0570183e-01 -8.4128907e-05  7.2682909e-05  7.0850897e-01],0,6,1785138729702005,1785138729702005,[ 0.01615467 -0.04588125  0.18124305],1,[0.01445582 0.01436697 0.00582439]
1785138732439155718,[ 0.00168844 -0.00125879  0.00053287],[4.1727977e-05 4.1204552e-05 3.4584075e-02],1,[ 0.00345787 -0.02874659  0.5150463 ],[0.11353862 0.11373178 0.08600812],[ 7.0567977e-01 -6.0831815e-05  6.5535140e-05  7.0853102e-01],0,6,1785138729718005,1785138729718005,[ 0.01621407 -0.04575887  0.18149784],1,[0.01458038 0.01448946 0.00584637]
1785138732439497274,[-0.00017577  0.00167068 -0.00159765],[4.1759602e-05 4.1236410e-05 3.4584358e-02],1,[ 0.00344758 -0.02872036  0.5150678 ],[0.11395064 0.11414514 0.08626169],[ 7.056735e-01 -6.321530e-05  6.725283e-05  7.085372e-01],0,6,1785138729726005,1785138729726005,[ 0.01615237 -0.04565732  0.1812314 ],1,[0.01464281 0.0145503  0.00585736]
1785138732439838008,[ 1.1558047e-03  7.2787632e-05 -7.9869980e-04],[4.1823612e-05 4.1298637e-05 3.4584932e-02],1,[ 0.00343561 -0.02869776  0.51523614],[0.11478169 0.11497883 0.08677129],[ 7.0566505e-01 -5.6510336e-05  5.3144169e-05  7.0854563e-01],0,6,1785138729742005,1785138729742005,[ 0.0160473  -0.04558128  0.18113996],1,[0.0147684  0.01467343 0.00587937]
1785138732440183482,[0.00168843 0.00060542 0.00292972],[4.1852392e-05 4.1331976e-05 3.4585223e-02],1,[ 0.00343497 -0.02870053  0.5153814 ],[0.11520075 0.11539919 0.08641893],[ 7.0565307e-01 -5.0470768e-05  5.6143272e-05  7.0855761e-01],0,6,1785138729750005,1785138729750005,[ 0.01600632 -0.04548743  0.18105106],1,[0.01483156 0.01473546 0.00586974]
1785138732440559143,[ 0.00088962  0.00220326 -0.00133181],[4.1913576e-05 4.1396113e-05 3.4582667e-02],1,[ 0.00343639 -0.02873454  0.5157886 ],[0.11603741 0.11624414 0.08692988],[ 7.0563084e-01 -5.6342797e-05  7.0898423e-05  7.0857972e-01],0,6,1785138729766005,1785138729766005,[ 0.0155957  -0.04549392  0.18097705],1,[0.01494949 0.01485633 0.00589176]
1785138732440897162,[ 0.00088962 -0.00099253 -0.00372866],[4.1942621e-05 4.1428357e-05 3.4582950e-02],1,[ 0.00344032 -0.02876557  0.5160492 ],[0.11646345 0.11667155 0.08718658],[ 7.0563275e-01 -5.0150989e-05  7.0638591e-05  7.0857781e-01],0,6,1785138729774005,1785138729774005,[ 0.01541891 -0.04551642  0.18096268],1,[0.01501317 0.01491858 0.00590277]
1785138732441242055,[ 0.0022212  -0.0004599  -0.00133181],[4.2004169e-05 4.1490148e-05 3.4583516e-02],1,[ 0.00345469 -0.02885368  0.51668173],[0.11732276 0.11753355 0.08770246],[ 7.0561945e-01 -4.0655890e-05  8.3425381e-05  7.0859104e-01],0,6,1785138729790005,1785138729790005,[ 0.01532615 -0.04554015  0.18114555],1,[0.01514104 0.01504383 0.00592482]
1785138732441620561,[-7.0828036e-04 -4.5989780e-04 -2.3347093e-07],[4.2034284e-05 4.1520827e-05 3.4583800e-02],1,[ 0.00346716 -0.02891103  0.5170507 ],[0.11775604 0.11796816 0.08796164],[ 7.0561451e-01 -3.6569403e-05  8.2160645e-05  7.0859599e-01],0,6,1785138729798005,1785138729798005,[ 0.01548134 -0.04537282  0.18094005],1,[0.01520555 0.01510681 0.00593585]
1785138732441997604,[0.00168857 0.00087168 0.00133135],[4.2093565e-05 4.1584473e-05 3.4584381e-02],1,[ 0.00350314 -0.02904806  0.51782894],[0.11862992 0.11884467 0.08785549],[ 7.0559722e-01 -2.7855513e-05  7.5994009e-05  7.0861316e-01],0,6,1785138729814005,1785138729814005,[ 0.01554969 -0.04530181  0.18146895],1,[0.01533502 0.01523257 0.00593663]
1785138732442409373,[-0.00283871  0.00167028  0.00052948],[4.2124851e-05 4.1616957e-05 3.4581568e-02],1,[ 0.00352393 -0.02912616  0.5182701 ],[0.11906096 0.11928336 0.08811531],[ 7.0559025e-01 -3.4911765e-05  7.5209427e-05  7.0862013e-01],0,6,1785138729822005,1785138729822005,[ 0.01530312 -0.04538729  0.18140943],1,[0.01539076 0.01529266 0.00594766]
1785138732442731312,[0.00088971 0.00087133 0.00292632],[4.2182986e-05 4.1679130e-05 3.4582131e-02],1,[ 0.00356985 -0.02930763  0.5192488 ],[0.11994935 0.12017448 0.08863744],[ 7.0556951e-01 -3.0411815e-05  7.6064658e-05  7.0864075e-01],0,6,1785138729838005,1785138729838005,[ 0.01507302 -0.04538652  0.1814314 ],1,[0.01552115 0.01542088 0.00596975]
1785138732443052560,[-0.00124082  0.00033869 -0.00053579],[4.2212061e-05 4.1709958e-05 3.4582421e-02],1,[ 0.00359575 -0.02940933  0.519785  ],[0.12039727 0.12062375 0.08889975],[ 7.0556462e-01 -3.1286712e-05  7.8054218e-05  7.0864564e-01],0,6,1785138729846005,1785138729846005,[ 0.01499301 -0.0453583   0.18162262],1,[0.01558683 0.01548542 0.0059808 ]
1785138732443381502,[-0.0009745   0.00193659 -0.00160105],[4.2278974e-05 4.1772208e-05 3.4582980e-02],1,[ 0.00365327 -0.02963942  0.5209204 ],[0.12130065 0.12152982 0.08878461],[ 7.0556408e-01 -4.4887336e-05  6.3676503e-05  7.0864618e-01],0,6,1785138729862005,1785138729862005,[ 0.01481112 -0.04585751  0.18161248],1,[0.01571895 0.01561535 0.00598098]
1785138732443702038,[1.1560237e-03 7.2379014e-05 2.1273762e-03],[4.2312618e-05 4.1800700e-05 3.4583263e-02],1,[ 0.00368445 -0.02976835  0.52151746],[0.12175614 0.12198663 0.08904754],[ 7.0555717e-01 -4.1080013e-05  6.6177323e-05  7.0865309e-01],0,6,1785138729870005,1785138729870005,[ 0.01461001 -0.04607972  0.18167894],1,[0.01578514 0.01568058 0.00599203]
1785138732444056649,[-0.00150713  0.00140396 -0.00053579],[4.2376774e-05 4.1865191e-05 3.4583829e-02],1,[ 0.00375322 -0.0300509   0.5228003 ],[0.12267477 0.12290785 0.0895759 ],[ 7.0555109e-01 -4.4229942e-05  7.5043507e-05  7.0865905e-01],0,6,1785138729886005,1785138729886005,[ 0.01449122 -0.0462424   0.18201683],1,[0.0159187  0.01581139 0.00601415]
1785138732444436528,[-0.00177378 -0.00152544  0.00053017],[4.2408908e-05 4.1895895e-05 3.4581073e-02],1,[ 0.00379274 -0.03020346  0.5234831 ],[0.12312687 0.12336854 0.08984134],[ 7.0554745e-01 -4.7386362e-05  6.7856337e-05  7.0866269e-01],0,6,1785138729894005,1785138729894005,[ 0.01420162 -0.04633316  0.1819528 ],1,[0.01597562 0.01587302 0.00602522]
1785138732444877502,[-0.00070851  0.00167035  0.00053017],[4.2470234e-05 4.1956337e-05 3.4581624e-02],1,[ 0.00387607 -0.03053362  0.5249264 ],[0.12406061 0.12430502 0.09037476],[ 7.0553708e-01 -5.6160476e-05  5.7353074e-05  7.0867306e-01],0,6,1785138729910005,1785138729910005,[ 0.01417132 -0.04675894  0.18207617],1,[0.01611035 0.01600478 0.00604737]
1785138732445226542,[-1.7737746e-03  3.3876707e-04 -2.4639594e-06],[4.2499112e-05 4.1987227e-05 3.4581911e-02],1,[ 0.00392092 -0.03070881  0.5256295 ],[0.12453138 0.12477714 0.08998292],[ 7.0553368e-01 -6.1783285e-05  5.8554619e-05  7.0867646e-01],0,6,1785138729918005,1785138729918005,[ 0.01413559 -0.04660885  0.18200846],1,[0.01617801 0.01607105 0.00603585]
1785138732445756305,[ 8.8937813e-04 -7.2649645e-04 -2.4646579e-06],[4.2562304e-05 4.2047541e-05 3.4582477e-02],1,[ 0.00401873 -0.03107603  0.5271122 ],[0.1254808  0.12572922 0.0905175 ],[ 7.0554435e-01 -5.4356035e-05  5.5073113e-05  7.0866579e-01],0,6,1785138729934005,1785138729934005,[ 0.01432885 -0.04680764  0.18218604],1,[0.01631397 0.01620403 0.00605801]
1785138732446036715,[-0.00070851  0.00033877  0.00186175],[4.2593714e-05 4.2077001e-05 3.4582775e-02],1,[ 0.00407181 -0.03127043  0.5278923 ],[0.12595946 0.1262092  0.09078605],[ 7.0553619e-01 -5.5244265e-05  5.3748143e-05  7.0867395e-01],0,6,1785138729942005,1785138729942005,[ 0.01448387 -0.04686014  0.18238798],1,[0.01638222 0.01627117 0.0060691 ]
1785138732446516563,[ 2.2222609e-03 -7.3563540e-04  1.8451537e-06],[4.1019066e-05 4.0504528e-05 3.4573339e-02],1,[ 0.00412411 -0.03117644  0.52759206],[0.10576762 0.10592537 0.08252948],[ 7.0553654e-01 -3.8370821e-05  6.2528015e-05  7.0867360e-01],0,6,1785138729958005,1785138729958005,[ 0.01426111 -0.04676722  0.18209693],1,[0.0133696  0.01328443 0.00566587]
1785138732446917241,[-0.00044076 -0.00100231 -0.0005339 ],[4.1049472e-05 4.0533327e-05 3.4570407e-02],1,[ 0.00412193 -0.03089715  0.5265598 ],[0.10612988 0.1062927  0.08277096],[ 7.0553219e-01 -3.4883498e-05  5.8626047e-05  7.0867789e-01],0,6,1785138729966005,1785138729966005,[ 0.01413219 -0.04676262  0.1819002 ],1,[0.01342032 0.01333843 0.00567675]
1785138732447189686,[-0.00150602 -0.00100231  0.00239557],[4.1109186e-05 4.0594572e-05 3.4570958e-02],1,[ 0.00412497 -0.03038832  0.5246164 ],[0.10687154 0.10703705 0.08270092],[ 7.0552129e-01 -2.9560018e-05  5.6922330e-05  7.0868880e-01],0,6,1785138729982005,1785138729982005,[ 0.01400181 -0.04652893  0.18124029],1,[0.01353747 0.01345298 0.00568001]
1785138732447595203,[-0.0012397  0.0008619 -0.0005339],[4.1139403e-05 4.0624360e-05 3.4571242e-02],1,[ 0.00413097 -0.03015698  0.52374685],[0.10724555 0.10741239 0.08294316],[ 7.0551658e-01 -3.1469404e-05  5.0824739e-05  7.0869344e-01],0,6,1785138729990005,1785138729990005,[ 0.01402513 -0.04617948  0.18100952],1,[0.01359643 0.01351074 0.00569089]
1785138732447866356,[0.00089082 0.0008619  0.00079768],[4.1201412e-05 4.0687355e-05 3.4571793e-02],1,[ 0.00415305 -0.02973624  0.5222043 ],[0.108      0.10816948 0.08343001],[ 7.0551091e-01 -3.7336365e-05  5.9408329e-05  7.0869911e-01],0,6,1785138730006005,1785138730006005,[ 0.01397761 -0.04579498  0.180452  ],1,[0.01371469 0.01362663 0.00571267]
1785138732448201059,[-0.0012397  -0.00233389  0.00026504],[4.1230021e-05 4.0719002e-05 3.4572076e-02],1,[ 0.00416836 -0.0295476   0.52152526],[0.10838045 0.10855124 0.08367463],[ 7.0550537e-01 -2.9564118e-05  5.1892835e-05  7.0870459e-01],0,6,1785138730014005,1785138730014005,[ 0.01409282 -0.04577115  0.18007168],1,[0.01377424 0.01368507 0.00572356]
1785138732448597780,[ 0.00089083  0.00139453 -0.0021318 ],[4.1289917e-05 4.0777471e-05 3.4572650e-02],1,[ 0.00420888 -0.02921279  0.52034897],[0.10914789 0.10932125 0.08416626],[ 7.0549923e-01 -2.0914127e-05  4.2931199e-05  7.0871073e-01],0,6,1785138730030005,1785138730030005,[ 0.01403595 -0.04563259  0.17990059],1,[0.01389369 0.01380225 0.00574537]
1785138732448860106,[ 0.00168992 -0.0036653  -0.00266306],[4.1319192e-05 4.0808325e-05 3.4569770e-02],1,[ 0.00423072 -0.02906756  0.51981217],[0.1095284  0.10970745 0.08384075],[ 7.0550454e-01 -8.7360586e-06  4.2261618e-05  7.0870543e-01],0,6,1785138730038005,1785138730038005,[ 0.01397573 -0.04559653  0.17984846],1,[0.01394586 0.01385752 0.00573706]
1785138732449264992,[-0.00123956 -0.00100214  0.00133168],[4.1382718e-05 4.0872146e-05 3.4570314e-02],1,[ 0.00428083 -0.02881649  0.5189082 ],[0.11030879 0.11049052 0.08433382],[7.0549440e-01 5.7695893e-06 3.0406460e-05 7.0871556e-01],0,6,1785138730054005,1785138730054005,[ 0.01364718 -0.04552124  0.17944951],1,[0.01406676 0.01397578 0.00575888]
1785138732449614954,[0.00142361 0.00219365 0.00186431],[4.1412022e-05 4.0903895e-05 3.4570590e-02],1,[ 0.00430767 -0.02870937  0.51853675],[0.11070232 0.11088537 0.08458156],[7.0548624e-01 2.4167603e-06 3.3893284e-05 7.0872372e-01],0,6,1785138730062005,1785138730062005,[ 0.01364714 -0.04527689  0.17921208],1,[0.01412744 0.0140354  0.00576979]
1785138732449976047,[-0.00070692  0.0013947   0.00079905],[4.1473308e-05 4.0965904e-05 3.4571141e-02],1,[ 0.00436846 -0.02853176  0.5179492 ],[0.1114961  0.11168176 0.08507945],[7.0547676e-01 3.1755590e-06 4.0171366e-05 7.0873308e-01],0,6,1785138730078005,1785138730078005,[ 0.01355156 -0.04554609  0.17898032],1,[0.01424966 0.01415562 0.00579164]
1785138732450317503,[-0.00123955  0.00379155 -0.00239675],[4.1505093e-05 4.0995146e-05 3.4571417e-02],1,[ 0.00440173 -0.02846321  0.5177302 ],[0.11189637 0.11208332 0.08532961],[ 7.0547593e-01 -9.6605645e-06  4.4051885e-05  7.0873398e-01],0,6,1785138730086005,1785138730086005,[ 0.01352788 -0.04565289  0.17882726],1,[0.01431096 0.01421586 0.00580257]
1785138732450585029,[ 9.3497336e-05 -1.0027519e-03  2.1250932e-03],[4.1567131e-05 4.1054645e-05 3.4568798e-02],1,[ 0.00445812 -0.02835616  0.5173625 ],[0.11269629 0.11289082 0.08524221],[7.0546758e-01 4.4792515e-08 3.9122380e-05 7.0874226e-01],0,6,1785138730102005,1785138730102005,[ 0.0131978  -0.04559568  0.17841774],1,[0.01442579 0.01433336 0.0058046 ]
1785138732450975017,[ 0.00062614 -0.0002038  -0.00240228],[4.1599404e-05 4.1082982e-05 3.4569081e-02],1,[ 0.00447997 -0.02831568  0.51724815],[0.11310329 0.11329915 0.08549307],[7.0546800e-01 5.6315725e-06 3.6676825e-05 7.0874184e-01],0,6,1785138730110005,1785138730110005,[ 0.01309278 -0.04540553  0.17824873],1,[0.01448771 0.01439398 0.00581553]
1785138732451429377,[ 9.3496987e-05  1.1277770e-03 -1.0706981e-03],[4.1662122e-05 4.1143136e-05 3.4569647e-02],1,[ 0.00452997 -0.02826536  0.51715547],[0.11392418 0.11412271 0.0859972 ],[ 7.0547551e-01 -1.7699967e-06  4.3485110e-05  7.0873439e-01],0,6,1785138730126005,1785138730126005,[ 0.01290388 -0.04556536  0.17822053],1,[0.01461209 0.01451584 0.00583742]
1785138732451761024,[ 9.3496637e-05 -1.0027502e-03 -2.9349145e-03],[4.169310e-05 4.117432e-05 3.456993e-02],1,[ 0.00455651 -0.02825738  0.5171743 ],[0.11433811 0.11453795 0.08625049],[7.0548111e-01 3.2951993e-06 4.3027416e-05 7.0872879e-01],0,6,1785138730134005,1785138730134005,[ 0.01269371 -0.04559393  0.17811652],1,[0.01467467 0.01457732 0.00584837]
1785138732452083384,[-0.00017281 -0.00047012  0.00026088],[4.1753159e-05 4.1236843e-05 3.4570489e-02],1,[ 0.00461133 -0.02827013  0.51723325],[0.115173   0.11537544 0.08615661],[7.0547116e-01 4.2280312e-06 3.3193613e-05 7.0873863e-01],0,6,1785138730150005,1785138730150005,[ 0.01239766 -0.04540496  0.17845413],1,[0.01480034 0.01470093 0.00584994]
1785138732452362532,[ 9.3498500e-05  2.4593575e-03 -5.4354896e-06],[4.1782339e-05 4.1267045e-05 3.4570772e-02],1,[ 0.00464137 -0.02829004  0.51732695],[0.11559398 0.11579771 0.08641057],[7.0546919e-01 8.1556391e-07 3.8883056e-05 7.0874059e-01],0,6,1785138730158005,1785138730158005,[ 0.01246958 -0.04532657  0.17843156],1,[0.01486369 0.01476293 0.00586089]
1785138732452768320,[-0.00310247 -0.00126912 -0.00080479],[4.1849609e-05 4.1328822e-05 3.4568205e-02],1,[ 0.00471068 -0.02835857  0.5176366 ],[0.1164344  0.11664648 0.08692095],[ 7.0546931e-01 -2.7393708e-06  2.7431404e-05  7.0874047e-01],0,6,1785138730174005,1785138730174005,[ 0.01248854 -0.04556718  0.17861044],1,[0.01498165 0.01488406 0.00588282]
1785138732453092012,[ 0.00035963 -0.00206807 -0.00053846],[4.1880343e-05 4.1359155e-05 3.4568489e-02],1,[ 0.00474995 -0.02840797  0.51785207],[0.11686239 0.11707582 0.08717738],[ 7.0547086e-01 -2.6032350e-07  1.7450608e-05  7.0873892e-01],0,6,1785138730182005,1785138730182005,[ 0.01260798 -0.04568688  0.17888321],1,[0.01504539 0.0149465  0.00589379]
1785138732453425373,[-0.00017299  0.0008614  -0.00053846],[4.1947242e-05 4.1418101e-05 3.4569047e-02],1,[ 0.0048329  -0.02853388  0.5183979 ],[0.11772561 0.1179417  0.08769269],[ 7.0545924e-01 -1.1693526e-05  1.1518019e-05  7.0875049e-01],0,6,1785138730198005,1785138730198005,[ 0.01232968 -0.04573523  0.17890348],1,[0.01517351 0.01507224 0.00591574]
1785138732453835619,[-0.00150458  0.00059509 -0.00027215],[4.1979962e-05 4.1449344e-05 3.4569331e-02],1,[ 0.00487593 -0.02861133  0.51868576],[0.11816086 0.11837827 0.08733024],[ 7.0545959e-01 -1.4290013e-05  8.8121851e-06  7.0875013e-01],0,6,1785138730206005,1785138730206005,[ 0.01232608 -0.04600726  0.17898796],1,[0.01523801 0.0151351  0.00590562]
1785138732454185871,[ 0.00115858  0.00192667 -0.00240268],[4.2039272e-05 4.1509782e-05 3.4569889e-02],1,[ 0.00496822 -0.02879825  0.51937   ],[0.11903871 0.11925869 0.08784683],[ 7.0546484e-01 -1.7783097e-05  1.5207785e-05  7.0874500e-01],0,6,1785138730222005,1785138730222005,[ 0.01237005 -0.04648249  0.17903706],1,[0.01536758 0.01526228 0.00592758]
1785138732454520174,[-0.00177089  0.00112772  0.00132574],[4.2069521e-05 4.1540861e-05 3.4570165e-02],1,[ 0.00501652 -0.02890455  0.5197636 ],[0.11948133 0.11970259 0.08810637],[ 7.0546174e-01 -2.2803753e-05  1.6389684e-05  7.0874810e-01],0,6,1785138730230005,1785138730230005,[ 0.01232481 -0.04639942  0.17900126],1,[0.0154327  0.01532616 0.00593857]
1785138732454848084,[-0.0004393  -0.00233449  0.00185755],[4.2128944e-05 4.1603409e-05 3.4567624e-02],1,[ 0.00511848 -0.02913719  0.52065295],[0.12036398 0.12059442 0.08862793],[ 7.0544749e-01 -2.3933746e-05  8.3532032e-06  7.0876223e-01],0,6,1785138730246005,1785138730246005,[ 0.01231106 -0.0462236   0.17945427],1,[0.01555403 0.01545046 0.00596057]
1785138732455191273,[-4.3930137e-04  6.2354025e-05  1.0585987e-03],[4.2161577e-05 4.1634146e-05 3.4567907e-02],1,[ 0.00517184 -0.02926409  0.52114767],[0.12081392 0.12104569 0.08888996],[ 7.0544267e-01 -2.2693112e-05  5.5302248e-06  7.0876706e-01],0,6,1785138730254005,1785138730254005,[ 0.01238585 -0.0463594   0.17958358],1,[0.01561977 0.01551462 0.00597157]
1785138732455531036,[ 0.00222386 -0.00233449 -0.00080561],[4.2223146e-05 4.1695264e-05 3.4568466e-02],1,[ 0.00527986 -0.02954183  0.5221518 ],[0.12172136 0.12195576 0.08877625],[ 7.0544082e-01 -2.1851412e-05 -6.0240518e-06  7.0876890e-01],0,6,1785138730270005,1785138730270005,[ 0.01183576 -0.04640374  0.17997183],1,[0.01575184 0.01564424 0.00597183]
1785138732455855189,[-0.00123825 -0.00180186  0.00185754],[4.2253156e-05 4.1726566e-05 3.4568749e-02],1,[ 0.00533333 -0.02969054  0.5227023 ],[0.12217887 0.12241457 0.08903889],[ 7.0543551e-01 -1.4343221e-05 -1.3607196e-05  7.0877421e-01],0,6,1785138730278005,1785138730278005,[ 0.01180299 -0.04631275  0.18014714],1,[0.0158182  0.01570909 0.00598283]
1785138732456182568,[ 0.00035965 -0.00180186  0.00079228],[4.2317173e-05 4.1788899e-05 3.4569308e-02],1,[ 0.00544484 -0.0300074   0.523894  ],[0.12310158 0.12333982 0.08956668],[ 7.0542961e-01  3.9168267e-06 -2.6014335e-05  7.0877999e-01],0,6,1785138730294005,1785138730294005,[ 0.01164924 -0.04625537  0.18043049],1,[0.01595142 0.01583926 0.00600486]
1785138732456508495,[-0.00177088  0.00059498 -0.00240351],[4.2349384e-05 4.1820327e-05 3.4569584e-02],1,[ 0.00550129 -0.03017553  0.52453375],[0.12356679 0.12380629 0.08983183],[ 7.0543355e-01 -7.6861431e-07 -3.1253923e-05  7.0877606e-01],0,6,1785138730302005,1785138730302005,[ 0.01160562 -0.0463328   0.18060997],1,[0.01601838 0.01590485 0.00601588]
1785138732456835874,[ 0.00062607 -0.00020397 -0.00133835],[4.2409432e-05 4.1882726e-05 3.4567062e-02],1,[ 0.00561665 -0.03053383  0.5258983 ],[0.12449343 0.12474302 0.09036466],[ 7.0545077e-01 -5.2583118e-07 -1.9008792e-05  7.0875895e-01],0,6,1785138730318005,1785138730318005,[ 0.01171488 -0.04660322  0.18096717],1,[0.01614277 0.01603279 0.00603794]
1785138732457164696,[ 0.00222397 -0.00526398 -0.00080571],[4.2442618e-05 4.1915555e-05 3.4567345e-02],1,[ 0.0056768  -0.03072226  0.52657837],[0.12496626 0.12521718 0.08997267],[ 7.0545220e-01  1.5385152e-05 -2.5981426e-05  7.0875752e-01],0,6,1785138730326005,1785138730326005,[ 0.01179829 -0.04637709  0.18134223],1,[0.01621026 0.01609909 0.00602643]
1785138732457515610,[-0.00256972 -0.00126924  0.00132482],[4.2507709e-05 4.1980438e-05 3.4567896e-02],1,[ 0.00580524 -0.03111408  0.52802   ],[0.12591982 0.12617335 0.09050664],[ 7.0544511e-01  1.9611120e-05 -4.3287571e-05  7.0876455e-01],0,6,1785138730342005,1785138730342005,[ 0.01210317 -0.04629052  0.1815533 ],1,[0.016346   0.01623238 0.00604849]
1785138732457907702,[-1.2381404e-03  1.1276092e-03 -6.7657093e-06],[4.2537715e-05 4.2012944e-05 3.4568172e-02],1,[ 0.00587227 -0.03131789  0.52877986],[0.12640056 0.12665537 0.09077489],[ 7.054445e-01  1.619828e-05 -4.682469e-05  7.087652e-01],0,6,1785138730350005,1785138730350005,[ 0.01211474 -0.04628003  0.18154709],1,[0.01641434 0.01629924 0.00605953]
1785138732458241173,[0.0003627  0.00164898 0.00053115],[4.0981973e-05 4.0451112e-05 3.4561966e-02],1,[ 0.005661   -0.03054947  0.527043  ],[0.10611679 0.10627924 0.08254257],[ 7.0544595e-01  4.6464793e-06 -3.5530924e-05  7.0876378e-01],0,6,1785138730366005,1785138730366005,[ 0.01170911 -0.04639652  0.18113291],1,[0.01340242 0.01331404 0.00565919]
1785138732458563212,[ 0.00089534 -0.00048155  0.00079747],[4.1009986e-05 4.0480347e-05 3.4562249e-02],1,[ 0.00556194 -0.03019482  0.52622676],[0.10648635 0.10665008 0.08223317],[ 7.0544046e-01  8.2260703e-06 -3.7623842e-05  7.0876926e-01],0,6,1785138730374005,1785138730374005,[ 0.01160176 -0.04615946  0.18098375],1,[0.01346077 0.01337131 0.00565167]
1785138732458891854,[ 0.00116257  0.00191519 -0.000269  ],[4.1068502e-05 4.0542116e-05 3.4559589e-02],1,[ 0.00536058 -0.0295381   0.5247875 ],[0.10722601 0.10739625 0.08271495],[ 7.0543176e-01  1.6762127e-05 -1.9888348e-05  7.0877784e-01],0,6,1785138730390005,1785138730390005,[ 0.01135256 -0.04592453  0.18060973],1,[0.0135704  0.0134831  0.00567333]
1785138732459224513,[-0.00123428 -0.00261219 -0.00053532],[4.1100324e-05 4.0572391e-05 3.4559865e-02],1,[ 0.00526737 -0.02923753  0.5241618 ],[0.10760183 0.10777339 0.08295703],[ 7.0542854e-01  1.9522804e-05 -2.6431566e-05  7.0878106e-01],0,6,1785138730398005,1785138730398005,[ 0.01160655 -0.04612603  0.18038407],1,[0.01362919 0.01354076 0.00568417]
1785138732459547574,[-0.00096796  0.00031729  0.00026363],[4.1162508e-05 4.0634739e-05 3.4560423e-02],1,[ 0.00509888 -0.02869193  0.52308923],[0.10835991 0.10853409 0.08344355],[ 7.0541698e-01  2.3097806e-05 -4.2851265e-05  7.0879263e-01],0,6,1785138730414005,1785138730414005,[ 0.0115236  -0.04611389  0.1803132 ],1,[0.01374749 0.01365677 0.00570586]
1785138732459868231,[-0.00016901 -0.00048166 -0.000269  ],[4.1194638e-05 4.0664352e-05 3.4560692e-02],1,[ 0.00502051 -0.02844314  0.52264094],[0.1087422  0.10891767 0.08368801],[ 7.0541275e-01  2.6911923e-05 -4.5943278e-05  7.0879686e-01],0,6,1785138730422005,1785138730422005,[ 0.01143508 -0.04588078  0.18028529],1,[0.01380687 0.01371465 0.00571671]
1785138732460201762,[ 0.00142888 -0.00101429  0.00212784],[4.1262399e-05 4.0724415e-05 3.4561250e-02],1,[ 0.00487538 -0.02798897  0.52183574],[0.10951331 0.10969133 0.08361159],[ 7.0540464e-01  3.4852066e-05 -4.9438062e-05  7.0880485e-01],0,6,1785138730438005,1785138730438005,[ 0.01129781 -0.0452178   0.1803912 ],1,[0.01392642 0.01383206 0.00571948]
1785138732460537988,[ 0.00116257  0.00271414 -0.00053532],[4.1295767e-05 4.0753945e-05 3.4561519e-02],1,[ 0.00480908 -0.02778026  0.52151483],[0.10990215 0.11008143 0.08385677],[ 7.0539927e-01  3.5951271e-05 -4.3070901e-05  7.0881015e-01],0,6,1785138730446005,1785138730446005,[ 0.01125746 -0.04482108  0.18017256],1,[0.01398653 0.0138908  0.00573033]
1785138732460855188,[-0.00043512 -0.00074786 -0.00026812],[4.1354469e-05 4.0814666e-05 3.4558866e-02],1,[ 0.00468318 -0.02740175  0.52102375],[0.11067964 0.11086608 0.08434954],[ 7.0539236e-01  3.3597113e-05 -3.6329700e-05  7.0881706e-01],0,6,1785138730462005,1785138730462005,[ 0.01117406 -0.04427619  0.17978415],1,[0.01409921 0.01400573 0.00575206]
1785138732461185152,[ 8.9645776e-04  5.1088980e-05 -1.8014689e-06],[4.1384825e-05 4.0844065e-05 3.4559149e-02],1,[ 0.00462592 -0.02723216  0.52085245],[0.11107504 0.11126278 0.08459712],[ 7.0538735e-01  3.9945233e-05 -3.8947084e-05  7.0882207e-01],0,6,1785138730470005,1785138730470005,[ 0.01103831 -0.04424877  0.17973822],1,[0.01415986 0.0140655  0.00576294]
1785138732461507532,[ 1.6954027e-03 -1.0141768e-03 -1.7993443e-06],[4.1455351e-05 4.0903127e-05 3.4559686e-02],1,[ 0.00452272 -0.02693217  0.520632  ],[0.11187255 0.11206288 0.0845129 ],[ 7.0538646e-01  4.2052518e-05 -4.1912463e-05  7.0882297e-01],0,6,1785138730486005,1785138730486005,[ 0.01118882 -0.04394459  0.17987017],1,[0.01428183 0.0141857  0.00576514]
1785138732461912338,[-0.00043512 -0.00101418  0.00106346],[4.1486535e-05 4.0935451e-05 3.4559961e-02],1,[ 0.00447808 -0.02680007  0.52058166],[0.11227471 0.11246631 0.08476118],[ 7.0537883e-01  4.4602122e-05 -4.6012468e-05  7.0883054e-01],0,6,1785138730494005,1785138730494005,[ 0.01127416 -0.04382066  0.18002838],1,[0.01434312 0.01424592 0.00577601]
1785138732462264113,[-0.0033646  -0.00181312 -0.00266496],[4.1544899e-05 4.0997729e-05 3.4560513e-02],1,[ 0.00439943 -0.02657169  0.5206172 ],[0.11308584 0.11328    0.08526016],[ 7.0538026e-01  4.5203124e-05 -7.4533586e-05  7.0882910e-01],0,6,1785138730510005,1785138730510005,[ 0.01127165 -0.04356402  0.18008202],1,[0.01446658 0.01436687 0.00579778]
1785138732462543261,[ 9.7509590e-05  5.8371946e-04 -1.0670645e-03],[4.1572872e-05 4.1027539e-05 3.4560796e-02],1,[ 0.00436651 -0.02647431  0.52069944],[0.11349487 0.11369026 0.08551086],[ 7.0537907e-01  4.5844841e-05 -7.9742451e-05  7.0883030e-01],0,6,1785138730518005,1785138730518005,[ 0.01148152 -0.0435164   0.179977  ],1,[0.01452844 0.01442757 0.00580868]
1785138732462956433,[ 0.00062997 -0.00101337 -0.00292453],[4.1632429e-05 4.1086190e-05 3.4558136e-02],1,[ 0.00431452 -0.02632872  0.52098686],[0.11431185 0.1145151  0.08601469],[ 7.0536810e-01  5.2507439e-05 -7.3045296e-05  7.0884126e-01],0,6,1785138730534005,1785138730534005,[ 0.01104196 -0.04352734  0.18000953],1,[0.01464436 0.0145461  0.00583048]
1785138732463299592,[-0.00096794 -0.00048073 -0.00132664],[4.1661307e-05 4.1115502e-05 3.4558419e-02],1,[ 0.00429007 -0.02627246  0.52115196],[0.1147277  0.11493225 0.08566993],[ 7.0536774e-01  5.6307668e-05 -7.6210374e-05  7.0884162e-01],0,6,1785138730542005,1785138730542005,[ 0.01094083 -0.04342452  0.18023032],1,[0.01470684 0.01460727 0.0058212 ]
1785138732463643733,[0.00036365 0.00378032 0.00133653],[4.1726882e-05 4.1177762e-05 3.4558970e-02],1,[ 0.00425006 -0.0261891   0.5216035 ],[0.11556644 0.11577357 0.08617511],[ 7.0536023e-01  5.2379888e-05 -7.7903191e-05  7.0884907e-01],0,6,1785138730558005,1785138730558005,[ 0.01100322 -0.04324609  0.18053444],1,[0.01483259 0.01473145 0.00584302]
1785138732463985179,[-0.00283214  0.00085084  0.00053758],[4.1757809e-05 4.1209711e-05 3.4559246e-02],1,[ 0.00423586 -0.02616369  0.52188855],[0.11598936 0.11619776 0.08642893],[ 7.0535272e-01  4.4656274e-05 -7.7938690e-05  7.0885658e-01],0,6,1785138730566005,1785138730566005,[ 0.01116264 -0.04334974  0.18077533],1,[0.01489565 0.01479319 0.00585393]
1785138732464335812,[0.00036365 0.00058453 0.0008039 ],[4.1819774e-05 4.1271418e-05 3.4559812e-02],1,[ 0.00421654 -0.0261426   0.5225685 ],[0.11684234 0.11705326 0.086939  ],[ 7.0533907e-01  4.4449418e-05 -8.2726605e-05  7.0887005e-01],0,6,1785138730582005,1785138730582005,[ 0.01110255 -0.04308854  0.18079689],1,[0.01502246 0.01491757 0.00587576]
1785138732464689481,[-9.6793182e-04  5.1896553e-05  2.7126243e-04],[4.1852229e-05 4.1300893e-05 3.4560088e-02],1,[ 0.00421085 -0.02614507  0.5229616 ],[0.11727242 0.11748459 0.08719526],[ 7.0533228e-01  4.5559973e-05 -8.5612701e-05  7.0887685e-01],0,6,1785138730590005,1785138730590005,[ 0.01103114 -0.04290016  0.180783  ],1,[0.01508625 0.01498022 0.00588669]
1785138732465037560,[-0.00070169 -0.00127968 -0.00106028],[4.1908646e-05 4.1360621e-05 3.4557357e-02],1,[ 0.00420736 -0.02617639  0.52378994],[0.11813059 0.11835139 0.08709408],[ 7.053217e-01  5.547159e-05 -8.708494e-05  7.088874e-01],0,6,1785138730606005,1785138730606005,[ 0.01089947 -0.0429473   0.18071805],1,[0.01520561 0.01510233 0.00588773]
1785138732465392271,[ 0.00329305 -0.001546   -0.0013266 ],[4.1939707e-05 4.1391264e-05 3.4557641e-02],1,[ 0.00420877 -0.02620695  0.5242539 ],[0.11856782 0.11878992 0.08735099],[ 7.053217e-01  6.803436e-05 -8.340252e-05  7.088874e-01],0,6,1785138730614005,1785138730614005,[ 0.01082227 -0.0429951   0.1807583 ],1,[0.01527007 0.01516576 0.00589866]
1785138732465846330,[ 0.00169516 -0.00181231 -0.00212555],[4.2001622e-05 4.1453215e-05 3.4558192e-02],1,[ 0.00421878 -0.02629842  0.5252746 ],[0.11944962 0.11967429 0.08786729],[ 7.0531112e-01  8.9177571e-05 -7.2148250e-05  7.0889795e-01],0,6,1785138730630005,1785138730630005,[ 0.01085817 -0.04327747  0.18066718],1,[0.01539952 0.01529283 0.00592054]
1785138732466184550,[0.00222778 0.00111716 0.00080393],[4.2033753e-05 4.1483134e-05 3.4558475e-02],1,[ 0.00422797 -0.02635799  0.525832  ],[0.11989423 0.12012016 0.08812667],[ 7.0530772e-01  9.2488772e-05 -6.5343200e-05  7.0890135e-01],0,6,1785138730638005,1785138730638005,[ 0.01091332 -0.04325423  0.18090898],1,[0.01546453 0.0153569  0.00593148]
1785138732466501700,[-7.0169079e-04  3.1821488e-04  4.9858936e-06],[4.2099720e-05 4.1546267e-05 3.4559019e-02],1,[ 0.00425461 -0.02650457  0.5270402 ],[0.12079091 0.12101934 0.08864792],[ 7.0529985e-01  8.8386274e-05 -6.0668259e-05  7.0890921e-01],0,6,1785138730654005,1785138730654005,[ 0.01086437 -0.04358985  0.18130545],1,[0.01559521 0.01548528 0.00595339]
1785138732466829520,[ 3.6357739e-04 -2.1441851e-04  4.9829541e-06],[4.2132837e-05 4.1580046e-05 3.4559287e-02],1,[ 0.00426954 -0.02659149  0.52766526],[0.12124301 0.12147267 0.08827486],[ 7.0529413e-01  9.0759735e-05 -6.0514314e-05  7.0891482e-01],0,6,1785138730662005,1785138730662005,[ 0.01060624 -0.04360428  0.18132155],1,[0.01566097 0.01555    0.00594275]
1785138732467148954,[-0.00389762  0.0008509  -0.00052721],[4.2193926e-05 4.1641022e-05 3.4556575e-02],1,[ 0.00430569 -0.02678845  0.529     ],[0.12214411 0.12238329 0.08879734],[ 7.0528686e-01  9.2316404e-05 -6.8371162e-05  7.0892203e-01],0,6,1785138730678005,1785138730678005,[ 0.010487  -0.043406   0.1815815],1,[0.01578328 0.01567585 0.00596467]
1785138732467470993,[-0.00070183 -0.00154595  0.00053806],[4.2225547e-05 4.1671490e-05 3.4556858e-02],1,[ 0.0043273  -0.02689675  0.52970827],[0.12260365 0.12284413 0.08905982],[ 7.052823e-01  9.187242e-05 -7.449970e-05  7.089266e-01],0,6,1785138730686005,1785138730686005,[ 0.01055919 -0.04321271  0.18160479],1,[0.01584964 0.01574048 0.00597563]
1785138732467787913,[0.0030266  0.00324774 0.00080437],[4.229059e-05 4.173384e-05 3.455741e-02],1,[ 0.00437626 -0.02713364  0.5312026 ],[0.12353042 0.12377346 0.08958729],[ 7.0526868e-01  9.8284196e-05 -6.8541085e-05  7.0894015e-01],0,6,1785138730702005,1785138730702005,[ 0.01064609 -0.04328428  0.1817244 ],1,[0.01598285 0.01587113 0.00599757]
1785138732468096797,[ 0.00116239 -0.00207858 -0.00239142],[4.2318610e-05 4.1765110e-05 3.4557693e-02],1,[ 0.00440584 -0.02726433  0.5319876 ],[0.12399767 0.12424197 0.08985228],[ 7.05269158e-01  1.03657934e-04 -6.39915888e-05  7.08939731e-01],0,6,1785138730710005,1785138730710005,[ 0.01087923 -0.04356897  0.18183474],1,[0.01604973 0.01593698 0.00600855]
1785138732468416412,[ 0.00222765 -0.000747    0.00027175],[4.2380059e-05 4.1829324e-05 3.4558244e-02],1,[ 0.00447243 -0.0275455   0.5335653 ],[0.12493996 0.12518676 0.08973059],[ 7.05276906e-01  1.10532754e-04 -7.81452472e-05  7.08931983e-01],0,6,1785138730726005,1785138730726005,[ 0.01080324 -0.04315     0.18237847],1,[0.01618442 0.0160694  0.00600826]
1785138732468725557,[0.00196133 0.00324774 0.00160332],[4.2410316e-05 4.1860214e-05 3.4558520e-02],1,[ 0.00450701 -0.02769375  0.534393  ],[0.12541504 0.12566304 0.08999617],[ 7.0526803e-01  1.1195218e-04 -6.4463413e-05  7.0894086e-01],0,6,1785138730734005,1785138730734005,[ 0.01059527 -0.04300355  0.18258321],1,[0.0162521  0.01613586 0.00601924]
1785138732469038379,[-0.00016932 -0.00101332 -0.00079348],[4.2473195e-05 4.1921354e-05 3.4555819e-02],1,[ 0.00458311 -0.02800332  0.5361192 ],[0.12636083 0.12661934 0.09052984],[ 7.0526505e-01  1.1242973e-04 -5.5838878e-05  7.0894378e-01],0,6,1785138730750005,1785138730750005,[ 0.01074145 -0.04248453  0.18284354],1,[0.01637778 0.01626483 0.00604122]
1785138732469374555,[-0.0014985   0.00217384 -0.00105574],[4.0899467e-05 4.0342959e-05 3.4550633e-02],1,[ 0.00450684 -0.0276879   0.5351712 ],[0.10573134 0.10589494 0.0821032 ],[ 7.0526832e-01  1.0469427e-04 -5.4137370e-05  7.0894051e-01],0,6,1785138730758005,1785138730758005,[ 0.01071601 -0.04216027  0.18256894],1,[0.01331911 0.01323309 0.00563278]
1785138732469753451,[ 0.00116466 -0.00102195  0.00187374],[4.0961611e-05 4.0397863e-05 3.4551177e-02],1,[ 0.00436291 -0.0271053   0.5334792 ],[0.10646773 0.10663392 0.08258341],[ 7.0525348e-01  1.1726490e-04 -5.6115998e-05  7.0895535e-01],0,6,1785138730774005,1785138730774005,[ 0.01017437 -0.04182394  0.18203242],1,[0.01343539 0.01334731 0.00565435]
1785138732470083295,[-0.00016692  0.00057594  0.00267269],[4.0993124e-05 4.0425693e-05 3.4551445e-02],1,[ 0.00429513 -0.02683841  0.53268987],[0.10683908 0.10700655 0.08227343],[ 7.0524091e-01  1.1972662e-04 -5.9336038e-05  7.0896775e-01],0,6,1785138730782005,1785138730782005,[ 0.01012277 -0.04185034  0.1816314 ],1,[0.01349371 0.01340467 0.0056468 ]
1785138732470426144,[-0.00203113  0.00190752 -0.00105573],[4.1051549e-05 4.0483184e-05 3.4552027e-02],1,[ 0.00416953 -0.02635201  0.53130287],[0.10758815 0.10775816 0.08275513],[ 7.0523059e-01  1.0603352e-04 -4.7293699e-05  7.0897806e-01],0,6,1785138730798005,1785138730798005,[ 0.00981742 -0.04155423  0.18132436],1,[0.01361082 0.01351991 0.00566838]
1785138732470757100,[ 0.00143131 -0.0010222   0.00107259],[4.1079933e-05 4.0513849e-05 3.4548931e-02],1,[ 0.00410786 -0.02612832  0.53070277],[0.10795985 0.10813526 0.08299717],[ 7.05224872e-01  1.10260116e-04 -4.77997237e-05  7.08983779e-01],0,6,1785138730806005,1785138730806005,[ 0.00974329 -0.04137481  0.18136477],1,[0.01366209 0.0135743  0.00567918]
1785138732471088557,[-0.00123185  0.00137464 -0.00185689],[4.1142881e-05 4.0572282e-05 3.4549482e-02],1,[ 0.00399455 -0.02572234  0.5296845 ],[0.10872158 0.10889962 0.0834836 ],[ 7.0521700e-01  1.0242241e-04 -4.9167975e-05  7.0899153e-01],0,6,1785138730822005,1785138730822005,[ 0.00958781 -0.04114404  0.18162079],1,[0.01378061 0.01369031 0.00570079]
1785138732471429752,[ 0.00089868  0.00243991 -0.00079162],[4.1172727e-05 4.0604245e-05 3.4549758e-02],1,[ 0.00394228 -0.02554056  0.52926475],[0.10910571 0.10928503 0.083728  ],[ 7.05215752e-01  1.00893616e-04 -4.54846086e-05  7.08992779e-01],0,6,1785138730830005,1785138730830005,[ 0.00942991 -0.0410837   0.18170631],1,[0.01384015 0.0137488  0.0057116 ]
1785138732471743095,[ 0.00356184 -0.00182115 -0.00025899],[4.1236879e-05 4.0665662e-05 3.4550298e-02],1,[ 0.00384666 -0.02521501  0.52853686],[0.10988051 0.11006241 0.08365094],[ 7.05211639e-01  1.07506414e-04 -2.37273580e-05  7.08996952e-01],0,6,1785138730846005,1785138730846005,[ 0.00935904 -0.04073795  0.18157503],1,[0.01396002 0.01386649 0.00571429]
1785138732472048854,[ 0.001165   -0.00155483 -0.00105794],[4.1264630e-05 4.0693554e-05 3.4550581e-02],1,[ 0.00380264 -0.02507087  0.52825385],[0.11027122 0.11045437 0.08389607],[ 7.05210328e-01  1.20976496e-04 -2.52257705e-05  7.08998263e-01],0,6,1785138730854005,1785138730854005,[ 0.0090634  -0.04070879  0.18159233],1,[0.01402022 0.01392584 0.00572511]
1785138732472365202,[ 0.00196395 -0.0010222   0.00027364],[4.1329080e-05 4.0753643e-05 3.4551140e-02],1,[ 0.00372079 -0.02481883  0.52784246],[0.11105929 0.11124495 0.08438872],[ 7.0519662e-01  1.4067491e-04 -2.2550657e-05  7.0901185e-01],0,6,1785138730870005,1785138730870005,[ 0.00901371 -0.04036659  0.18167616],1,[0.01414119 0.01404499 0.00574676]
1785138732472679978,[-0.00043257 -0.00235384  0.00400149],[4.1360723e-05 4.0783321e-05 3.4548070e-02],1,[ 0.0036811  -0.02470897  0.52771187],[0.1114496  0.11164133 0.08463624],[ 7.0518422e-01  1.4844364e-04 -2.9674000e-05  7.0902413e-01],0,6,1785138730878005,1785138730878005,[ 0.00890342 -0.04036545  0.18173723],1,[0.01419364 0.01410078 0.00575759]
1785138732473003880,[0.00010007 0.0016409  0.00133833],[4.1415904e-05 4.0840470e-05 3.4548614e-02],1,[ 0.00361197 -0.02452358  0.5275952 ],[0.11225089 0.11244524 0.08513369],[ 7.0516992e-01  1.4278077e-04 -2.3601029e-05  7.0903832e-01],0,6,1785138730894005,1785138730894005,[ 0.00912701 -0.04012037  0.18210198],1,[0.01431587 0.01422046 0.00577926]
1785138732473314388,[-0.00203046 -0.00155489  0.00027307],[4.1447194e-05 4.0870527e-05 3.4548890e-02],1,[ 0.00358336 -0.02444654  0.52756166],[0.11265495 0.11285058 0.08479789],[ 7.0516521e-01  1.4333808e-04 -2.9578030e-05  7.0904309e-01],0,6,1785138730902005,1785138730902005,[ 0.0092324  -0.04008299  0.18219557],1,[0.01437729 0.01428094 0.00577043]
1785138732473653760,[ 0.00143165  0.0016409  -0.00025956],[4.1506879e-05 4.0931372e-05 3.4549449e-02],1,[ 0.00353686 -0.02432388  0.5276319 ],[0.11346991 0.11366809 0.08529672],[ 7.0515817e-01  1.4627392e-04 -3.4342705e-05  7.0905012e-01],0,6,1785138730918005,1785138730918005,[ 0.00936785 -0.03993585  0.18264261],1,[0.01450075 0.01440195 0.00579212]
1785138732474021255,[ 0.0006327   0.00030932 -0.00105851],[4.1538558e-05 4.0960735e-05 3.4549724e-02],1,[ 0.00351874 -0.02427759  0.527734  ],[0.11388085 0.11408029 0.08554734],[ 7.0515704e-01  1.4671205e-04 -3.1220767e-05  7.0905113e-01],0,6,1785138730926005,1785138730926005,[ 0.00951177 -0.03995618  0.18269871],1,[0.01456278 0.01446259 0.00580297]
1785138732474336281,[ 2.4969103e-03  4.3006847e-05 -1.0585131e-03],[4.1595660e-05 4.1020827e-05 3.4550279e-02],1,[ 0.00349232 -0.02421576  0.52806246],[0.11470968 0.11491162 0.08605102],[ 7.0515722e-01  1.6697017e-04 -2.1789405e-05  7.0905095e-01],0,6,1785138730942005,1785138730942005,[ 0.009651   -0.03991465  0.18283874],1,[0.01468748 0.01458499 0.00582469]
1785138732474655825,[ 0.00169808  0.00084181 -0.00052706],[4.1623582e-05 4.1052095e-05 3.4547228e-02],1,[ 0.00348183 -0.02419774  0.5282888 ],[0.11511935 0.11532807 0.08630407],[ 7.0515579e-01  1.7022052e-04 -1.5527668e-05  7.0905238e-01],0,6,1785138730950005,1785138730950005,[ 0.00943865 -0.0398293   0.18318075],1,[0.01474133 0.01464249 0.00583555]
1785138732474982574,[ 5.4265079e-03 -1.0223981e-03  5.5737328e-06],[4.1684358e-05 4.1112762e-05 3.4547765e-02],1,[ 0.00346577 -0.02419041  0.52880335],[0.11596198 0.11617329 0.08620893],[ 7.0514858e-01  1.9876394e-04 -4.7132298e-06  7.0905960e-01],0,6,1785138730966005,1785138730966005,[ 0.00947352 -0.03982071  0.18331453],1,[0.01486695 0.01476575 0.00583699]
1785138732475310304,[ 2.2307145e-03 -1.2887145e-03  5.5667188e-06],[4.1713261e-05 4.1144103e-05 3.4548033e-02],1,[ 0.00346171 -0.0242001   0.5291178 ],[0.11638686 0.11659944 0.08646265],[7.0514590e-01 2.1125088e-04 5.5714276e-07 7.0906228e-01],0,6,1785138730974005,1785138730974005,[ 0.00931685 -0.03983703  0.18345135],1,[0.01492983 0.01482751 0.00584786]
1785138732475632643,[0.00143177 0.00084181 0.00186978],[4.1767293e-05 4.1203632e-05 3.4548584e-02],1,[ 0.00345591 -0.02424764  0.52985847],[0.11724377 0.11745888 0.08697253],[7.0513475e-01 2.2474432e-04 1.2680440e-05 7.0907336e-01],0,6,1785138730990005,1785138730990005,[ 0.00910843 -0.03993309  0.18383965],1,[0.01505681 0.01495204 0.00586961]
1785138732475965854,[-0.00336193 -0.0010224   0.00293505],[4.1799165e-05 4.1231480e-05 3.4548860e-02],1,[ 0.00345617 -0.02428489  0.53028315],[0.11767584 0.11789219 0.08722869],[7.0512676e-01 2.2053195e-04 6.8644920e-07 7.0908135e-01],0,6,1785138730998005,1785138730998005,[ 0.00903032 -0.03999385  0.18392308],1,[0.01512062 0.01501472 0.0058805 ]
1785138732476307660,[ 0.00223072 -0.00048977 -0.00079338],[4.1865045e-05 4.1290095e-05 3.4549404e-02],1,[ 0.00346321 -0.02438657  0.53123266],[0.11854725 0.11876605 0.08774348],[7.0511883e-01 2.2392086e-04 9.4415867e-07 7.0908910e-01],0,6,1785138731014005,1785138731014005,[ 0.00920008 -0.04012934  0.184102  ],1,[0.01524887 0.01514024 0.00590228]
1785138732476636532,[ 0.00276326 -0.00049002 -0.0023933 ],[4.1897263e-05 4.1318544e-05 3.4546357e-02],1,[ 0.00347165 -0.02444749  0.5317131 ],[0.11897705 0.11920344 0.08738003],[7.0512396e-01 2.3418620e-04 3.7883010e-06 7.0908397e-01],0,6,1785138731022005,1785138731022005,[ 0.00907726 -0.04012126  0.18422735],1,[0.01530392 0.01519951 0.00589212]
1785138732476961537,[-0.00176412 -0.00421844  0.00213408],[4.1959782e-05 4.1379513e-05 3.4546908e-02],1,[ 0.00349288 -0.02459079  0.53277236],[0.11986287 0.12009182 0.08789608],[ 7.0512074e-01  2.2976262e-04 -1.3849034e-05  7.0908725e-01],0,6,1785138731038005,1785138731038005,[ 0.00906026 -0.03996125  0.18451764],1,[0.01543324 0.01532664 0.00591391]
1785138732477374609,[-0.00123148 -0.00049002 -0.00212699],[4.1988864e-05 4.1410396e-05 3.4547184e-02],1,[ 0.00350646 -0.02467272  0.5333511 ],[0.12030949 0.1205397  0.08815534],[ 7.0512271e-01  2.3386878e-04 -2.1468657e-05  7.0908535e-01],0,6,1785138731046005,1785138731046005,[ 0.00903262 -0.0397693   0.18486425],1,[0.01549821 0.01539056 0.00592481]
1785138732477753275,[-0.00016622  0.00270577 -0.00106172],[4.2053623e-05 4.1473621e-05 3.4547720e-02],1,[ 0.0035429  -0.02485657  0.5346004 ],[0.12121021 0.12144292 0.08867633],[ 7.0513058e-01  2.1513864e-04 -2.1994472e-05  7.0907748e-01],0,6,1785138731062005,1785138731062005,[ 0.00940728 -0.03977776  0.18500622],1,[0.01562884 0.01551917 0.00594663]
1785138732478074342,[0.00223062 0.00030893 0.00133512],[4.2083320e-05 4.1503383e-05 3.4547996e-02],1,[ 0.00356531 -0.02495903  0.53526783],[0.12166434 0.12189829 0.08893806],[ 7.0512903e-01  2.1942430e-04 -1.6334194e-05  7.0907903e-01],0,6,1785138731070005,1785138731070005,[ 0.0094371  -0.03969799  0.18489718],1,[0.01569444 0.01558361 0.00595755]
1785138732478339995,[-0.00256307 -0.00075633  0.00186775],[4.2145737e-05 4.1562962e-05 3.4548532e-02],1,[ 0.00361698 -0.02518307  0.5366835 ],[0.12258019 0.12281659 0.08882306],[ 7.0512086e-01  2.1958101e-04 -1.4734994e-05  7.0908713e-01],0,6,1785138731086005,1785138731086005,[ 0.00952612 -0.03956308  0.1852945 ],1,[0.01582659 0.01571362 0.00595768]
1785138732478731986,[-0.00016613  0.00110792  0.00053652],[4.2176765e-05 4.1591378e-05 3.4545526e-02],1,[ 0.00364336 -0.02530475  0.53743505],[0.12303093 0.12327583 0.0890854 ],[ 7.0511764e-01  2.1469606e-04 -1.6539536e-05  7.0909029e-01],0,6,1785138731094005,1785138731094005,[ 0.00929511 -0.03961489  0.18584387],1,[0.01588289 0.01577458 0.0059686 ]
1785138732479054086,[0.00143177 0.00084161 0.00080284],[4.2239080e-05 4.1650463e-05 3.4546077e-02],1,[ 0.00369649 -0.0255688   0.5390213 ],[0.12396181 0.12420928 0.08961258],[ 7.0510536e-01  2.1114909e-04 -6.1100300e-06  7.0910251e-01],0,6,1785138731110005,1785138731110005,[ 0.00898262 -0.0396568   0.18629761],1,[0.01601596 0.01590498 0.00599046]
1785138732479401172,[ 0.00089913 -0.00022366  0.00213441],[4.2272164e-05 4.1677900e-05 3.4546353e-02],1,[ 0.00372427 -0.02571077  0.5398543 ],[0.12443112 0.12467986 0.08987742],[ 7.0510179e-01  2.1552874e-04 -2.9073499e-06  7.0910609e-01],0,6,1785138731118005,1785138731118005,[ 0.00895492 -0.03991874  0.18671872],1,[0.01608306 0.01597103 0.0060014 ]
1785138732479730355,[-0.00123139 -0.00128892  0.0002702 ],[4.2336713e-05 4.1735966e-05 3.4546904e-02],1,[ 0.00378665 -0.02601751  0.54145753],[0.12537757 0.1256288  0.08975507],[ 7.0509630e-01  2.1816333e-04 -5.4802535e-06  7.0911151e-01],0,6,1785138731134005,1785138731134005,[ 0.00942139 -0.04020798  0.18745808],1,[0.01621762 0.01610276 0.00600105]
1785138732480054308,[ 1.1654526e-03 -1.2889226e-03  3.8882717e-06],[4.2366555e-05 4.1765568e-05 3.4547187e-02],1,[ 0.00382279 -0.02618079  0.54229987],[0.12585472 0.12610717 0.09002049],[ 7.0509589e-01  2.2281022e-04 -6.3430302e-06  7.0911193e-01],0,6,1785138731142005,1785138731142005,[ 0.00939938 -0.04029479  0.18783292],1,[0.01628521 0.01616921 0.00601199]
1785138732480395053,[ 0.00303154 -0.0005001   0.00160706],[4.0843152e-05 4.0237774e-05 3.4540158e-02],1,[ 0.00379807 -0.02595321  0.54215467],[0.10571396 0.10587982 0.08190589],[ 7.0509529e-01  2.2671475e-04 -6.5084719e-06  7.0911258e-01],0,6,1785138731158005,1785138731158005,[ 0.00905967 -0.04025052  0.18813527],1,[0.01329473 0.01320991 0.00561721]
1785138732480731740,[9.0101879e-04 3.2531680e-05 2.4060044e-03],[4.0873379e-05 4.0266274e-05 3.4540433e-02],1,[ 0.00373903 -0.02557331  0.54121155],[0.10608079 0.10624797 0.08214477],[ 7.0508438e-01  2.3537689e-04 -4.0281316e-06  7.0912337e-01],0,6,1785138731166005,1785138731166005,[ 0.00919535 -0.04000075  0.18798544],1,[0.01335244 0.01326677 0.00562795]
1785138732481058418,[ 0.00276523 -0.00183168  0.00027548],[4.0933206e-05 4.0324729e-05 3.4540985e-02],1,[ 0.0036339  -0.02486643  0.5395333 ],[0.10682076 0.10699053 0.0826249 ],[ 7.0508170e-01  2.4509424e-04 -6.5564736e-06  7.0912606e-01],0,6,1785138731182005,1785138731182005,[ 0.00925215 -0.03961095  0.18755873],1,[0.01346861 0.01338074 0.00564944]
1785138732481544096,[-3.8926709e-03  3.2531912e-05  2.7546968e-04],[4.0967785e-05 4.0356241e-05 3.4541253e-02],1,[ 0.00358819 -0.02453751  0.5387755 ],[0.10719392 0.10736496 0.08231432],[ 7.0507777e-01  2.4390334e-04 -1.5343861e-05  7.0913005e-01],0,6,1785138731190005,1785138731190005,[ 0.00954131 -0.03935238  0.18743046],1,[0.01352695 0.01343809 0.00564186]
1785138732481995550,[ 0.00090102 -0.00156536  0.00054179],[4.1029645e-05 4.0417715e-05 3.4541804e-02],1,[ 0.00351114 -0.02392144  0.5374511 ],[0.10794661 0.1081202  0.08279593],[ 7.0506835e-01  2.4779807e-04 -1.7408387e-05  7.0913935e-01],0,6,1785138731206005,1785138731206005,[ 0.00961219 -0.03849037  0.18691869],1,[0.01364431 0.01355357 0.00566336]
1785138732482362064,[ 0.00090102  0.00216306 -0.00238768],[4.1055908e-05 4.0447856e-05 3.4542087e-02],1,[ 0.00347769 -0.02363518  0.5368816 ],[0.10832617 0.10850102 0.08303792],[ 7.0507348e-01  2.5100639e-04 -1.1818995e-05  7.0913422e-01],0,6,1785138731214005,1785138731214005,[ 0.00966243 -0.03834891  0.18679266],1,[0.01370332 0.01361165 0.00567412]
1785138732482722616,[ 0.00329817  0.00136428 -0.00078844],[4.1113886e-05 4.0505423e-05 3.4539238e-02],1,[ 0.0034128  -0.02311102  0.53592145],[0.10908543 0.10926712 0.08352425],[ 7.0507216e-01  2.5624566e-04 -8.5122656e-06  7.0913553e-01],0,6,1785138731230005,1785138731230005,[ 0.00947319 -0.03806179  0.18646805],1,[0.01381437 0.0137251  0.00569565]
1785138732483077637,[0.00170028 0.00269586 0.00107577],[4.114484e-05 4.053622e-05 3.453950e-02],1,[ 0.00338451 -0.02286911  0.5355268 ],[0.10947139 0.10965439 0.08376861],[7.0506716e-01 2.5747856e-04 5.7733578e-06 7.0914048e-01],0,6,1785138731238005,1785138731238005,[ 0.00948737 -0.03765952  0.18649375],1,[0.01387388 0.01378349 0.00570642]
1785138732483443830,[ 0.00010238 -0.00129888 -0.00158739],[4.1202158e-05 4.0596300e-05 3.4540042e-02],1,[ 0.00333358 -0.02242159  0.53481007],[0.11024989 0.11043548 0.08369088],[7.0506096e-01 2.5545710e-04 3.4848445e-06 7.0914668e-01],0,6,1785138731254005,1785138731254005,[ 0.00909149 -0.03719646  0.18661444],1,[0.01399333 0.01390044 0.00570904]
1785138732483795095,[4.896068e-03 3.270188e-05 8.094577e-04],[4.1230938e-05 4.0625906e-05 3.4540311e-02],1,[ 0.00331115 -0.02221738  0.5345346 ],[0.11064245 0.11082932 0.08393595],[7.0505750e-01 2.6870717e-04 1.1060206e-05 7.0915014e-01],0,6,1785138731262005,1785138731262005,[ 0.00915384 -0.03711189  0.18665531],1,[0.01405346 0.01395938 0.00571982]
1785138732484160406,[ 0.00143396 -0.00129888 -0.00185371],[4.1291027e-05 4.0684365e-05 3.4540862e-02],1,[ 0.00327903 -0.02184746  0.5341417 ],[0.11143425 0.11162363 0.08442848],[7.0505428e-01 2.9479110e-04 2.3603427e-05 7.0915335e-01],0,6,1785138731278005,1785138731278005,[ 0.00946152 -0.03692182  0.18684502],1,[0.01417405 0.01407797 0.00574139]
1785138732484499197,[-0.00016394 -0.0050273  -0.00078844],[4.132325e-05 4.071497e-05 3.454113e-02],1,[ 0.00326641 -0.02168066  0.53402096],[0.11183351 0.11202414 0.08467594],[7.0505458e-01 3.0805956e-04 9.3630015e-06 7.0915306e-01],0,6,1785138731286005,1785138731286005,[ 0.0091205  -0.03678352  0.18672527],1,[0.01423468 0.01413795 0.00575218]
1785138732484839841,[-0.00069701  0.00109794  0.00320622],[4.1386473e-05 4.0774969e-05 3.4538228e-02],1,[ 0.0032519  -0.02138072  0.53391874],[0.11263137 0.11282952 0.08517326],[7.0503247e-01 3.1716379e-04 4.9467080e-06 7.0917493e-01],0,6,1785138731302005,1785138731302005,[ 0.00876193 -0.03647024  0.18647102],1,[0.01434811 0.01425389 0.00577378]
1785138732485187378,[ 0.00143352 -0.00049996 -0.00025589],[4.1416744e-05 4.0803967e-05 3.4538511e-02],1,[ 0.0032468  -0.02124656  0.5339079 ],[0.1130373  0.11323676 0.08483685],[7.0502794e-01 3.2093123e-04 7.6446440e-06 7.0917946e-01],0,6,1785138731310005,1785138731310005,[ 0.00877772 -0.0362687   0.18660346],1,[0.01440949 0.01431394 0.00576493]
1785138732485534345,[ 0.00010194  0.00056531 -0.00078852],[4.1477317e-05 4.0863353e-05 3.4539077e-02],1,[ 0.00324641 -0.02101345  0.5340194 ],[0.11385605 0.11405808 0.08533555],[7.0502722e-01 3.3443436e-04 3.3293238e-06 7.0918018e-01],0,6,1785138731326005,1785138731326005,[ 0.00901002 -0.03645699  0.18640108],1,[0.01453286 0.01443536 0.00578654]
1785138732485925264,[ 0.00036825 -0.00023364 -0.00025589],[4.1509888e-05 4.0892490e-05 3.4539353e-02],1,[ 0.00325017 -0.02091356  0.53414   ],[0.11426889 0.1144722  0.08558609],[7.0502585e-01 3.3429303e-04 5.3654990e-06 7.0918161e-01],0,6,1785138731334005,1785138731334005,[ 0.00898454 -0.03626557  0.18649225],1,[0.01459484 0.01449634 0.00579735]
1785138732486248306,[-0.00043069 -0.00103259 -0.00078852],[4.1570063e-05 4.0954514e-05 3.4539904e-02],1,[ 0.00325953 -0.02074193  0.53451043],[0.11510155 0.11530739 0.08608961],[ 7.0501381e-01  3.4967653e-04 -6.1980363e-06  7.0919359e-01],0,6,1785138731350005,1785138731350005,[ 0.00860645 -0.03611599  0.18691868],1,[0.01471977 0.01461936 0.00581898]
1785138732486556539,[ 6.3457235e-04 -7.6627184e-04  1.0431191e-05],[4.1602118e-05 4.0983989e-05 3.4540180e-02],1,[ 0.00326611 -0.02067249  0.5347579 ],[0.1155214  0.11572849 0.08634259],[ 7.0501065e-01  3.5424842e-04 -8.9051246e-06  7.0919663e-01],0,6,1785138731358005,1785138731358005,[ 0.00856571 -0.03618522  0.18712871],1,[0.01478247 0.01468089 0.0058298 ]
1785138732486865393,[ 2.7642278e-03  3.2266602e-05 -1.0579269e-03],[4.1661428e-05 4.1043277e-05 3.4537297e-02],1,[ 0.0033024 -0.0205584  0.5352947],[0.11635952 0.11657491 0.08624677],[7.0501333e-01 3.7294294e-04 2.4168642e-06 7.0919400e-01],0,6,1785138731374005,1785138731374005,[ 0.00835465 -0.03637135  0.18740743],1,[0.01489937 0.01480057 0.00583118]
1785138732487226246,[-0.00123052  0.00429332 -0.00079161],[4.1691739e-05 4.1072213e-05 3.4537565e-02],1,[ 0.00332172 -0.02051679  0.53562164],[0.11678633 0.11700302 0.0865004 ],[7.0501763e-01 3.6260721e-04 9.2161345e-06 7.0918977e-01],0,6,1785138731382005,1785138731382005,[ 0.00812588 -0.03633679  0.18759333],1,[0.01496273 0.0148628  0.00584201]
1785138732487541993,[6.3369540e-04 3.2265321e-05 2.4041827e-03],[4.1747022e-05 4.1131530e-05 3.4538131e-02],1,[ 0.00336035 -0.02045732  0.53639084],[0.11764716 0.11786643 0.08701011],[7.0500672e-01 3.6736851e-04 1.9999687e-05 7.0920056e-01],0,6,1785138731398005,1785138731398005,[ 0.00775719 -0.03593408  0.18809031],1,[0.01508986 0.0149873  0.00586368]
1785138732487847240,[-0.0009642  -0.00183195 -0.00105793],[4.1778127e-05 4.1162024e-05 3.4538399e-02],1,[ 0.00338039 -0.02044038  0.53683144],[0.1180812  0.11830173 0.08726618],[7.05008209e-01 3.73460818e-04 1.26664545e-05 7.09199071e-01],0,6,1785138731406005,1785138731406005,[ 0.00775857 -0.03592124  0.18838154],1,[0.01515363 0.01504979 0.00587452]
1785138732488160683,[ 0.0006337  -0.00236458 -0.00105792],[4.1840005e-05 4.1218031e-05 3.4538943e-02],1,[ 0.00342913 -0.02043064  0.5378183 ],[0.11895655 0.1191796  0.08778079],[ 7.0501113e-01  3.7494875e-04 -1.2447278e-05  7.0919621e-01],0,6,1785138731422005,1785138731422005,[ 0.00798574 -0.03557733  0.18876144],1,[0.01528185 0.01517614 0.00589622]
1785138732488477172,[-9.6420082e-04  3.2265671e-05 -5.2529754e-04],[4.1872678e-05 4.1247284e-05 3.4539212e-02],1,[ 0.0034555  -0.02043644  0.53832495],[0.1193979  0.11962219 0.08741672],[ 7.0501292e-01  3.7820864e-04 -1.4762964e-05  7.0919442e-01],0,6,1785138731430005,1785138731430005,[ 0.0079565  -0.0353625   0.18909638],1,[0.01534626 0.01523947 0.00588604]
1785138732488780466,[ 0.00063396 -0.00129924  0.00080682],[4.194259e-05 4.130749e-05 3.453637e-02],1,[ 0.00350783 -0.02047121  0.5394423 ],[0.12027799 0.12051141 0.08793258],[ 7.0500952e-01  3.8376567e-04 -7.9726997e-06  7.0919782e-01],0,6,1785138731446005,1785138731446005,[ 0.00800928 -0.03531044  0.18983975],1,[0.01546669 0.01536236 0.00590774]
1785138732489082808,[ 0.00436239 -0.00076661 -0.00025844],[4.1972442e-05 4.1338346e-05 3.4536645e-02],1,[ 0.00353613 -0.0205003   0.5400514 ],[0.12072662 0.12096134 0.08819174],[ 7.0501000e-01  3.9737241e-04 -2.5969537e-06  7.0919734e-01],0,6,1785138731454005,1785138731454005,[ 0.00799508 -0.03512133  0.18990332],1,[0.01553185 0.01542619 0.0059186 ]
1785138732489398425,[-0.00149657 -0.00289714 -0.00052476],[4.2035914e-05 4.1398063e-05 3.4537204e-02],1,[ 0.00359365 -0.02058095  0.5413629 ],[0.12163138 0.12186866 0.08871254],[ 7.0500171e-01  4.1393843e-04 -1.6613365e-05  7.0920551e-01],0,6,1785138731470005,1785138731470005,[ 0.00769107 -0.03523534  0.1905094 ],1,[0.01566278 0.01555508 0.00594034]
1785138732489802449,[0.00143291 0.00163024 0.00054051],[4.2067441e-05 4.1428404e-05 3.4537476e-02],1,[ 0.00362385 -0.02063305  0.542066  ],[0.12208754 0.12232608 0.08897418],[ 7.0500094e-01  4.1381811e-04 -1.3412800e-05  7.0920628e-01],0,6,1785138731478005,1785138731478005,[ 0.0077408  -0.03522074  0.19083604],1,[0.01572852 0.01561976 0.00595122]
1785138732490156970,[-4.3130096e-04  3.2341224e-05 -1.3237087e-03],[4.2131789e-05 4.1488878e-05 3.4538016e-02],1,[ 0.00368652 -0.02075576  0.5435088 ],[0.12300748 0.12324851 0.08885846],[ 7.0499885e-01  4.2396114e-04 -8.3670739e-06  7.0920843e-01],0,6,1785138731494005,1785138731494005,[ 0.00760712 -0.03495841  0.19144955],1,[0.01586069 0.01574907 0.00595129]
1785138732490532130,[0.00063396 0.00136392 0.00027419],[4.2164302e-05 4.1519655e-05 3.4538284e-02],1,[ 0.00372017 -0.0208268   0.54427457],[0.12347127 0.12371354 0.08912069],[ 7.0500088e-01  4.2179596e-04 -5.4295465e-06  7.0920640e-01],0,6,1785138731502005,1785138731502005,[ 0.00770877 -0.03489102  0.19178884],1,[0.01592698 0.01581417 0.00596217]
1785138732490890608,[-0.00043179  0.00189684 -0.00025603],[4.2227697e-05 4.1579544e-05 3.4535423e-02],1,[ 0.00380342 -0.02099193  0.5458937 ],[0.12439508 0.12464739 0.08964765],[7.0500118e-01 4.1766732e-04 7.7088071e-06 7.0920610e-01],0,6,1785138731518005,1785138731518005,[ 0.00773153 -0.03474649  0.19271407],1,[0.01604995 0.01594044 0.00598394]
1785138732491262481,[-0.00176337  0.0013642   0.00054291],[4.2258947e-05 4.1608535e-05 3.4535699e-02],1,[ 0.00384765 -0.02108452  0.54674584],[0.12486646 0.12512006 0.08991238],[7.0500022e-01 4.1311226e-04 3.9646602e-06 7.0920706e-01],0,6,1785138731526005,1785138731526005,[ 0.0078117  -0.0348415   0.19290683],1,[0.01611693 0.01600622 0.00599484]
1785138732491579751,[ 0.00329664 -0.00103264  0.00134187],[4.2313437e-05 4.1669380e-05 3.4536250e-02],1,[ 0.00393461 -0.02128924  0.54852986],[0.12581706 0.1260732  0.09044433],[7.0499337e-01 4.0833367e-04 1.3910474e-05 7.0921379e-01],0,6,1785138731542005,1785138731542005,[ 0.00728353 -0.03479876  0.19373427],1,[0.01625162 0.01613794 0.00601664]
1785138732491889618,[ 0.00063348 -0.00263054 -0.00158762],[4.2344724e-05 4.1699594e-05 3.4536518e-02],1,[ 0.00397761 -0.02140049  0.54941016],[0.12629631 0.12655368 0.09005075],[7.0499694e-01 4.1757943e-04 1.0683334e-05 7.0921022e-01],0,6,1785138731550005,1785138731550005,[ 0.0072486  -0.03487941  0.19390874],1,[0.01631923 0.01620414 0.00600506]
1785138732492290005,[ 0.00170058 -0.0013024  -0.00105331],[4.0810501e-05 4.0181603e-05 3.4533482e-02],1,[ 0.00387157 -0.02120445  0.54744434],[0.10606882 0.10623454 0.08195233],[7.0499802e-01 4.3962029e-04 4.3407385e-06 7.0920914e-01],0,6,1785138731566005,1785138731566005,[ 0.00695224 -0.03456799  0.19362804],1,[0.01333617 0.01324786 0.00561269]
1785138732492600673,[-0.00069627 -0.0013024  -0.00052069],[4.0844672e-05 4.0211453e-05 3.4533750e-02],1,[ 0.00382255 -0.02112164  0.5465708 ],[0.10643755 0.10660452 0.08219119],[7.0499974e-01 4.4488715e-04 4.4965208e-07 7.0920742e-01],0,6,1785138731574005,1785138731574005,[ 0.00706695 -0.03450763  0.19342543],1,[0.013394   0.01330455 0.00562338]
1785138732492913795,[-0.00149501  0.00162689 -0.00052235],[4.0903135e-05 4.0269770e-05 3.4530830e-02],1,[ 0.00373188 -0.02098447  0.5450306 ],[0.10717551 0.10734895 0.08267125],[7.0499587e-01 4.4096832e-04 4.7496260e-06 7.0921129e-01],0,6,1785138731590005,1785138731590005,[ 0.00715234 -0.03437501  0.19327077],1,[0.01350274 0.01341538 0.0056448 ]
1785138732493226917,[0.00249973 0.00269216 0.00054292],[4.0934239e-05 4.0298801e-05 3.4531098e-02],1,[ 0.00369085 -0.02092982  0.54436165],[0.10755046 0.1077252  0.08291246],[7.0499259e-01 4.3817604e-04 1.7101800e-05 7.0921457e-01],0,6,1785138731598005,1785138731598005,[ 0.00697584 -0.03421578  0.19311206],1,[0.01356088 0.0134725  0.00565551]
1785138732493548115,[ 0.0003692   0.00189321 -0.0047834 ],[4.0998490e-05 4.0355964e-05 3.4531642e-02],1,[ 0.00361534 -0.02084732  0.5431178 ],[0.10830678 0.10848407 0.08283997],[7.0500362e-01 4.2537684e-04 3.0940850e-05 7.0920354e-01],0,6,1785138731614005,1785138731614005,[ 0.00691869 -0.03402816  0.19274078],1,[0.0136784  0.01358774 0.0056585 ]
1785138732493980242,[-0.00096238 -0.00023732  0.0002766 ],[4.1033232e-05 4.0385999e-05 3.4531903e-02],1,[ 0.00358241 -0.02081992  0.54258955],[0.10868817 0.10886672 0.08308192],[7.0500678e-01 4.2668116e-04 2.9439234e-05 7.0920050e-01],0,6,1785138731622005,1785138731622005,[ 0.00702982 -0.03414692  0.1927183 ],1,[0.01373725 0.01364549 0.00566922]
1785138732494333120,[-0.00335922  0.00056163 -0.00078866],[4.1092389e-05 4.0444105e-05 3.4532454e-02],1,[ 0.00352245 -0.02079382  0.54171515],[0.10945745 0.10963849 0.08356817],[7.0500427e-01 4.1905770e-04 2.1561867e-05 7.0920295e-01],0,6,1785138731638005,1785138731638005,[ 0.00665709 -0.03407945  0.19291714],1,[0.0138558  0.01376174 0.00569068]
1785138732494685156,[-0.00042975 -0.00023732 -0.00078866],[4.1123119e-05 4.0473697e-05 3.4532730e-02],1,[ 0.0034939  -0.02079246  0.5413661 ],[0.10984536 0.11002763 0.08381248],[7.0500696e-01 4.1953594e-04 1.9359748e-05 7.0920026e-01],0,6,1785138731646005,1785138731646005,[ 0.00649394 -0.03384756  0.19269696],1,[0.01391543 0.0138203  0.00570141]
1785138732494965967,[0.00116806 0.00162669 0.0016065 ],[4.1180305e-05 4.0532144e-05 3.4529835e-02],1,[ 0.00344486 -0.0208054   0.5408305 ],[0.11062096 0.11081033 0.08430348],[7.04996765e-01 4.11768939e-04 1.38371015e-05 7.09210455e-01],0,6,1785138731662005,1785138731662005,[ 0.0064539  -0.03335569  0.1926542 ],1,[0.0140272  0.01393432 0.00572289]
1785138732495399638,[0.00063543 0.00056142 0.00054124],[4.1207182e-05 4.0561863e-05 3.4530111e-02],1,[ 0.00342356 -0.02082197  0.54061025],[0.11101538 0.11120603 0.08397578],[7.0499438e-01 4.1253620e-04 2.0339898e-05 7.0921278e-01],0,6,1785138731670005,1785138731670005,[ 0.00641186 -0.03327191  0.19270027],1,[0.01408718 0.01399331 0.00571447]
1785138732495753096,[6.3543080e-04 2.8790906e-05 5.4123602e-04],[4.1262570e-05 4.0622872e-05 3.4530677e-02],1,[ 0.00338454 -0.02087678  0.54032856],[0.11181092 0.1120041  0.08446817],[7.0499188e-01 4.2952527e-04 1.1964409e-05 7.0921528e-01],0,6,1785138731686005,1785138731686005,[ 0.00605789 -0.03326609  0.19321613],1,[0.01420808 0.01411189 0.00573597]
1785138732496105884,[0.00063543 0.00295827 0.00187282],[4.1293370e-05 4.0651605e-05 3.4530945e-02],1,[ 0.00336686 -0.02091577  0.54026675],[0.11221205 0.11240648 0.08471556],[7.0498800e-01 4.2421027e-04 2.0745465e-05 7.0921916e-01],0,6,1785138731694005,1785138731694005,[ 0.00615204 -0.03323822  0.19343132],1,[0.01426881 0.01417133 0.00574672]
1785138732496470273,[ 0.00223333 -0.00023753  0.00107387],[4.1360530e-05 4.0710260e-05 3.4531474e-02],1,[ 0.00334    -0.02101543  0.5402885 ],[0.11302113 0.11321803 0.08521274],[7.0498317e-01 4.4221801e-04 1.9595216e-05 7.0922393e-01],0,6,1785138731710005,1785138731710005,[ 0.00615946 -0.03326331  0.1936265 ],1,[0.01439121 0.01429143 0.00576824]
1785138732496819384,[ 0.00116807 -0.00156911 -0.00158929],[4.1394193e-05 4.0739647e-05 3.4531742e-02],1,[ 0.00332884 -0.02107454  0.54037   ],[0.11342909 0.11362721 0.08546253],[7.0498604e-01 4.4931521e-04 2.0538404e-05 7.0922112e-01],0,6,1785138731718005,1785138731718005,[ 0.00606015 -0.03290403  0.19377862],1,[0.01445258 0.01435152 0.005779  ]
1785138732497173343,[0.00276611 0.00162662 0.00027436],[4.1455518e-05 4.0799074e-05 3.4528859e-02],1,[ 0.00330947 -0.02120512  0.5406058 ],[0.11424395 0.11444986 0.08537254],[7.0498091e-01 4.4754735e-04 3.2969034e-05 7.0922619e-01],0,6,1785138731734005,1785138731734005,[ 0.00608623 -0.03244627  0.19396272],1,[0.0145675  0.01446927 0.00578077]
1785138732497450918,[ 0.00063558 -0.00077022  0.00160593],[4.1484156e-05 4.0829309e-05 3.4529135e-02],1,[ 0.00330292 -0.02127787  0.5407893 ],[0.1146587  0.11486588 0.085623  ],[7.0497853e-01 4.5415177e-04 3.5842524e-05 7.0922852e-01],0,6,1785138731742005,1785138731742005,[ 0.0062939  -0.03242457  0.19394727],1,[0.01462947 0.01453014 0.00579154]
1785138732497954842,[ 0.00063558 -0.00183548 -0.00105723],[4.1537238e-05 4.0888623e-05 3.4529693e-02],1,[ 0.00329863 -0.02144388  0.5412816 ],[0.11549521 0.11570491 0.08612635],[7.0497656e-01 4.6085773e-04 3.9735638e-05 7.0923054e-01],0,6,1785138731758005,1785138731758005,[ 0.00640617 -0.0327602   0.19405958],1,[0.01475432 0.01465256 0.0058131 ]
1785138732498314742,[-0.00149495  0.00375715  0.00133962],[4.1563744e-05 4.0918647e-05 3.4529977e-02],1,[ 0.00329978 -0.02153887  0.5415891 ],[0.115917   0.11612793 0.08637924],[7.049739e-01 4.534172e-04 4.449558e-05 7.092332e-01],0,6,1785138731766005,1785138731766005,[ 0.00658338 -0.03301533  0.1942394 ],1,[0.01481711 0.01471419 0.00582388]
1785138732498677759,[ 3.8313773e-03  2.8727227e-05 -7.9090183e-04],[4.1624746e-05 4.0978841e-05 3.4530513e-02],1,[ 0.0033117  -0.02174979  0.5423251 ],[0.11676768 0.11698105 0.08688743],[7.0497268e-01 4.4751723e-04 4.0528259e-05 7.0923436e-01],0,6,1785138731782005,1785138731782005,[ 0.00666447 -0.03320157  0.1946876 ],1,[0.01494285 0.01483781 0.00584547]
1785138732499030156,[ 3.5650576e-03 -5.0390756e-04  8.0381287e-06],[4.1655105e-05 4.1010153e-05 3.4530789e-02],1,[ 0.00331852 -0.021865    0.5427052 ],[0.1171966  0.11741117 0.08653273],[7.0497495e-01 4.6293874e-04 5.0297014e-05 7.0923209e-01],0,6,1785138731790005,1785138731790005,[ 0.00646398 -0.03332782  0.19487524],1,[0.01500603 0.01489965 0.00583574]
1785138732499404925,[-0.00229423 -0.00130269  0.00080847],[4.1716408e-05 4.1071657e-05 3.4527924e-02],1,[ 0.00334433 -0.02211557  0.5435809 ],[0.1180524  0.11827554 0.08704221],[7.0496583e-01 4.5346396e-04 4.6013287e-05 7.0924115e-01],0,6,1785138731806005,1785138731806005,[ 0.00654126 -0.03344566  0.19542311],1,[0.01512461 0.0150207  0.00585733]
1785138732499728607,[-0.00149528  0.00029521  0.00027584],[4.1745807e-05 4.1101754e-05 3.4528192e-02],1,[ 0.0033587  -0.02224978  0.5440757 ],[0.11848841 0.11871281 0.08729817],[7.0496500e-01 4.5039522e-04 3.7305341e-05 7.0924199e-01],0,6,1785138731814005,1785138731814005,[ 0.00630032 -0.03349445  0.19577368],1,[0.01518853 0.01508334 0.00586814]
1785138732500108967,[ 0.00090157 -0.00130269 -0.00158838],[4.1809330e-05 4.1161518e-05 3.4528743e-02],1,[ 0.00338914 -0.02253635  0.545175  ],[0.11936774 0.11959461 0.08781254],[7.0496869e-01 4.6182016e-04 3.6927668e-05 7.0923835e-01],0,6,1785138731830005,1785138731830005,[ 0.00636514 -0.03364641  0.19638667],1,[0.01531699 0.01520924 0.00588976]
1785138732500483996,[ 2.4994612e-03 -1.8353177e-03  9.5210853e-06],[4.1841908e-05 4.1191379e-05 3.4529012e-02],1,[ 0.00340789 -0.02268676  0.5457773 ],[0.11981109 0.12003918 0.08807095],[7.0496970e-01 4.7332470e-04 3.7713322e-05 7.0923728e-01],0,6,1785138731838005,1785138731838005,[ 0.00651133 -0.0336346   0.19663449],1,[0.01538114 0.0152722  0.00590057]
1785138732500844117,[1.9668313e-03 1.0941592e-03 9.5214637e-06],[4.1901541e-05 4.1251467e-05 3.4529556e-02],1,[ 0.00344803 -0.02300343  0.5469901 ],[0.12070519 0.1209357  0.08796169],[7.0497108e-01 4.7211602e-04 4.9786944e-05 7.0923591e-01],0,6,1785138731854005,1785138731854005,[ 0.00639767 -0.03386449  0.19706227],1,[0.01551074 0.0153996  0.00590106]
1785138732501173751,[-0.00149528  0.00136047  0.00107478],[4.1934560e-05 4.1280920e-05 3.4529824e-02],1,[ 0.00347085 -0.02316916  0.54764736],[0.12115599 0.12138768 0.08822072],[7.0496875e-01 4.6732993e-04 5.5447021e-05 7.0923823e-01],0,6,1785138731862005,1785138731862005,[ 0.00660078 -0.03380757  0.19746582],1,[0.01557586 0.0154635  0.00591188]
1785138732501525366,[ 0.00090127 -0.00103664  0.00133902],[4.1996584e-05 4.1340780e-05 3.4526937e-02],1,[ 0.00352982 -0.02350803  0.5490591 ],[0.12205445 0.12229557 0.08874124],[7.0496351e-01 4.6867158e-04 4.3097145e-05 7.0924348e-01],0,6,1785138731878005,1785138731878005,[ 0.00654445 -0.03373285  0.19795753],1,[0.01569735 0.01558782 0.00593353]
1785138732501949218,[0.00010232 0.00215915 0.00160534],[4.2024283e-05 4.1370291e-05 3.4527205e-02],1,[ 0.0035609  -0.02368274  0.5498121 ],[0.12251264 0.122755   0.08900274],[7.0495981e-01 4.6455773e-04 4.9535840e-05 7.0924717e-01],0,6,1785138731886005,1785138731886005,[ 0.00675354 -0.03368732  0.19827962],1,[0.01576336 0.01565234 0.00594437]
1785138732502214961,[-0.00362611 -0.00290086  0.00240428],[4.2084928e-05 4.1430274e-05 3.4527734e-02],1,[ 0.00363057 -0.02404414  0.5514089 ],[0.12343666 0.12368147 0.08952821],[7.0495504e-01 4.6762466e-04 3.9875322e-05 7.0925188e-01],0,6,1785138731902005,1785138731902005,[ 0.00675226 -0.03375736  0.1991621 ],1,[0.01589574 0.01578259 0.00596606]
1785138732502602313,[0.00116759 0.00189284 0.00160534],[4.2117932e-05 4.1460287e-05 3.4528010e-02],1,[ 0.0036649  -0.02423143  0.5522032 ],[0.12390251 0.12414854 0.08914465],[7.0494795e-01 4.6232750e-04 4.0681767e-05 7.0925891e-01],0,6,1785138731910005,1785138731910005,[ 0.00657588 -0.03372327  0.19935867],1,[0.01596202 0.01584788 0.00595497]
1785138732502923361,[-0.00202821  0.00136021 -0.0005252 ],[4.2175529e-05 4.1523039e-05 3.4528553e-02],1,[ 0.00373765 -0.02461438  0.5538769 ],[0.12484197 0.1250904  0.08967128],[7.0495796e-01 4.7124818e-04 4.4649889e-05 7.0924902e-01],0,6,1785138731926005,1785138731926005,[ 0.00702457 -0.03360648  0.19978261],1,[0.01609519 0.0159792  0.00597667]
1785138732503244919,[ 0.00223285  0.00056125 -0.00318835],[4.2206670e-05 4.1552743e-05 3.4528822e-02],1,[ 0.00377792 -0.02481308  0.5547561 ],[0.1253156  0.12556522 0.08993585],[7.0496517e-01 4.7228383e-04 4.8140897e-05 7.0924175e-01],0,6,1785138731934005,1785138731934005,[ 0.00697448 -0.03399286  0.20007217],1,[0.01616224 0.01604496 0.00598752]
1785138732503569734,[-0.00016332  0.00269167 -0.00239052],[4.2267773e-05 4.1612082e-05 3.4525964e-02],1,[ 0.00384456 -0.02522524  0.5565949 ],[0.12625848 0.12651852 0.09046747],[7.049760e-01 4.716410e-04 6.304042e-05 7.092310e-01],0,6,1785138731950005,1785138731950005,[ 0.00736054 -0.03429234  0.20075302],1,[0.01628651 0.01617262 0.00600924]
1785138732503818234,[ 0.00250138 -0.00157667  0.0005424 ],[4.0725059e-05 4.0078357e-05 3.4522790e-02],1,[ 0.00380026 -0.02499197  0.55562294],[0.10568517 0.10585133 0.08205837],[7.0497805e-01 4.7789729e-04 6.6561843e-05 7.0922899e-01],0,6,1785138731958005,1785138731958005,[ 0.0074423  -0.0343082   0.20077904],1,[0.01325578 0.01316917 0.0056043 ]
1785138732504205136,[ 0.00116981  0.00135281 -0.00158813],[4.0786948e-05 4.0137445e-05 3.4523323e-02],1,[ 0.00372078 -0.024571    0.55382735],[0.10641994 0.10658861 0.08199096],[7.0498264e-01 4.8728572e-04 7.3166892e-05 7.0922446e-01],0,6,1785138731974005,1785138731974005,[ 0.00731152 -0.03464949  0.20024055],1,[0.01337062 0.01328197 0.00560765]
1785138732504447073,[-0.00175967  0.0045486  -0.00318603],[4.0818759e-05 4.0166527e-05 3.4523599e-02],1,[ 0.00368484 -0.02438416  0.5530364 ],[0.10679046 0.10696038 0.08222976],[7.0498770e-01 4.7329775e-04 8.2258877e-05 7.0921946e-01],0,6,1785138731982005,1785138731982005,[ 0.00734433 -0.03488902  0.20016402],1,[0.01342851 0.01333881 0.00561831]
1785138732504839095,[0.00063718 0.00241807 0.00134135],[4.087944e-05 4.022445e-05 3.452415e-02],1,[ 0.00362165 -0.02404613  0.55166453],[0.10753784 0.10771022 0.08270971],[7.0497674e-01 4.5738797e-04 8.3150415e-05 7.0923036e-01],0,6,1785138731998005,1785138731998005,[ 0.00746403 -0.03426464  0.20037095],1,[0.01354485 0.01345311 0.00563965]
1785138732505170442,[ 0.00010454 -0.00051141  0.00080871],[4.0907526e-05 4.0253461e-05 3.4524418e-02],1,[ 0.00359527 -0.02389351  0.55108064],[0.10791471 0.10808831 0.08295085],[7.0497543e-01 4.6146277e-04 8.4769446e-05 7.0923167e-01],0,6,1785138732006005,1785138732006005,[ 0.00748589 -0.0341325   0.20052862],1,[0.01360328 0.01351057 0.00565033]
1785138732505503822,[ 0.00090337  0.00055377 -0.00078992],[4.096541e-05 4.031293e-05 3.452149e-02],1,[ 0.00355176 -0.02362215  0.5501036 ],[0.10866863 0.10884896 0.08343549],[7.0497382e-01 4.5943793e-04 7.8568628e-05 7.0923316e-01],0,6,1785138732022005,1785138732022005,[ 0.00734235 -0.03403658  0.20017943],1,[0.01371307 0.01362273 0.0056717 ]
1785138732505934126,[ 0.00116969  0.00374956 -0.00105624],[4.0997900e-05 4.0342347e-05 3.4521751e-02],1,[ 0.00353322 -0.02350328  0.5496839 ],[0.10905185 0.10923345 0.08311634],[7.0497620e-01 4.5441158e-04 8.9961279e-05 7.0923078e-01],0,6,1785138732030005,1785138732030005,[ 0.00742284 -0.03401644  0.2001943 ],1,[0.01377222 0.01368062 0.00566372]
1785138732506330576,[-2.8250522e-03  2.1135784e-05  9.0326939e-06],[4.1054413e-05 4.0401053e-05 3.4522288e-02],1,[ 0.00350562 -0.02330044  0.5490236 ],[0.10982481 0.1100089  0.08360241],[7.049741e-01 4.376700e-04 7.431159e-05 7.092330e-01],0,6,1785138732046005,1785138732046005,[ 0.00755763 -0.0340753   0.20037483],1,[0.01389105 0.01379752 0.0056851 ]
1785138732506787471,[-0.00016189 -0.00184308  0.00054166],[4.1088348e-05 4.0431420e-05 3.4522548e-02],1,[ 0.00349523 -0.02321451  0.5487807 ],[0.11021457 0.11039991 0.08384664],[7.0497113e-01 4.3982803e-04 6.8026253e-05 7.0923597e-01],0,6,1785138732054005,1785138732054005,[ 0.0075396  -0.03398049  0.20051596],1,[0.01395038 0.01385567 0.00569579]
1785138732507134307,[-0.00122716  0.00348324  0.00054166],[4.1148793e-05 4.0489856e-05 3.4523081e-02],1,[ 0.00348211 -0.02307237  0.5484602 ],[0.11100071 0.11118852 0.08433745],[7.0496583e-01 4.3013159e-04 7.3872397e-05 7.0924115e-01],0,6,1785138732070005,1785138732070005,[ 0.00776135 -0.03392839  0.20058624],1,[0.01407069 0.0139735  0.0057172 ]
1785138732507464351,[0.00063706 0.00161903 0.00187324],[4.1178282e-05 4.0519812e-05 3.4523357e-02],1,[ 0.00348057 -0.02301614  0.5483787 ],[0.11139712 0.11158614 0.08458404],[7.0496166e-01 4.2621378e-04 7.7363969e-05 7.0924532e-01],0,6,1785138732078005,1785138732078005,[ 0.0078433  -0.03393535  0.20059144],1,[0.01413097 0.01403297 0.00572791]
1785138732507797832,[-3.6249091e-03  2.0920881e-05  2.7388538e-04],[4.1237603e-05 4.0577474e-05 3.4520421e-02],1,[ 0.00350114 -0.02292856  0.54836625],[0.11218932 0.11238573 0.08449972],[7.0494854e-01 4.1615320e-04 6.7009620e-05 7.0925832e-01],0,6,1785138732094005,1785138732094005,[ 0.00754346 -0.0339279   0.20059335],1,[0.01424361 0.0141484  0.00573007]
1785138732508057593,[-0.00309228 -0.0021096   0.00027388],[4.1264397e-05 4.0607065e-05 3.4520697e-02],1,[ 0.00351222 -0.02289788  0.54843146],[0.11259235 0.11279003 0.084747  ],[7.0494950e-01 4.1642337e-04 4.9799139e-05 7.0925742e-01],0,6,1785138732102005,1785138732102005,[ 0.00756461 -0.03388718  0.20054598],1,[0.01430427 0.01420827 0.00574078]
1785138732508436921,[ 0.00250036 -0.00157697 -0.00372086],[4.1325937e-05 4.0665564e-05 3.4521211e-02],1,[ 0.00354254 -0.02286155  0.54870343],[0.11340524 0.11360543 0.08524396],[7.0495546e-01 4.1455581e-04 5.9816124e-05 7.0925152e-01],0,6,1785138732118005,1785138732118005,[ 0.00777653 -0.03360863  0.20103812],1,[0.01442628 0.0143285  0.00576223]
1785138732508802022,[ 0.00143509 -0.00131066 -0.00292191],[4.1355190e-05 4.0694882e-05 3.4521472e-02],1,[ 0.00356014 -0.02285475  0.5489079 ],[0.11381511 0.11401655 0.08549364],[7.0496619e-01 4.2564259e-04 5.8870293e-05 7.0924079e-01],0,6,1785138732126005,1785138732126005,[ 0.00767459 -0.03372426  0.20098819],1,[0.01448763 0.01438893 0.00577296]
1785138732509172553,[-2.8259638e-03  2.0923791e-05  5.4019719e-04],[4.1407307e-05 4.0755636e-05 3.4522008e-02],1,[ 0.00360379 -0.02287023  0.54944813],[0.11464179 0.11484569 0.0859954 ],[7.0496398e-01 4.2890126e-04 3.8920396e-05 7.0924306e-01],0,6,1785138732142005,1785138732142005,[ 0.00817829 -0.03400174  0.2016877 ],1,[0.01461101 0.01451018 0.00579443]
1785138732509532253,[-0.00202701 -0.00051171  0.00027389],[4.1433661e-05 4.0785602e-05 3.4522269e-02],1,[ 0.00362942 -0.02288889  0.54976195],[0.11505861 0.11526372 0.08564989],[7.0496237e-01 4.2405404e-04 3.0477568e-05 7.0924467e-01],0,6,1785138732150005,1785138732150005,[ 0.0081403  -0.03361771  0.20213144],1,[0.01467308 0.0145712  0.00578517]
1785138732509950294,[-0.00362494  0.00295047  0.00160603],[4.1493866e-05 4.0845673e-05 3.4519397e-02],1,[ 0.00368527 -0.02294652  0.5505196 ],[0.11589073 0.11610401 0.08615299],[7.0495456e-01 4.0780153e-04 2.0062653e-05 7.0925242e-01],0,6,1785138732166005,1785138732166005,[ 0.00813235 -0.03365057  0.20280588],1,[0.01478892 0.01468986 0.00580665]
1785138732510354699,[ 0.0003698  -0.00184322 -0.00105713],[4.1524228e-05 4.0875359e-05 3.4519657e-02],1,[ 0.00371473 -0.02298579  0.55095947],[0.11631447 0.11652902 0.08640574],[7.0495701e-01 4.0807936e-04 1.5494643e-05 7.0924991e-01],0,6,1785138732174005,1785138732174005,[ 0.00801929 -0.03339797  0.20315145],1,[0.01485175 0.01475152 0.00581739]
1785138732510761829,[-0.00016283  0.00081994 -0.00079081],[4.157869e-05 4.093548e-05 3.452020e-02],1,[ 0.00377808 -0.02308405  0.55195725],[0.11716907 0.11738613 0.08691366],[7.0495975e-01 4.0772461e-04 1.3977256e-05 7.0924717e-01],0,6,1785138732190005,1785138732190005,[ 0.00812342 -0.03350205  0.20365123],1,[0.01497755 0.01487542 0.0058389 ]
1785138732511085552,[ 0.00116875 -0.00104427  0.00080708],[4.1609106e-05 4.0966908e-05 3.4520455e-02],1,[ 0.00381221 -0.02314515  0.55247366],[0.11759996 0.11781826 0.08655845],[7.0495933e-01 4.1501201e-04 1.3661643e-05 7.0924765e-01],0,6,1785138732198005,1785138732198005,[ 0.00816755 -0.03373099  0.20419525],1,[0.01504075 0.01493756 0.00582916]
1785138732511587972,[ 0.00010349 -0.00051164 -0.0005245 ],[4.1671297e-05 4.1027273e-05 3.4520976e-02],1,[ 0.0038851  -0.02328887  0.5536226 ],[0.11846896 0.11868972 0.08706765],[7.0496565e-01 4.1781418e-04 2.1661647e-06 7.0924139e-01],0,6,1785138732214005,1785138732214005,[ 0.00832226 -0.03374425  0.20489   ],1,[0.01516792 0.01506247 0.00585068]
1785138732511900363,[ 0.00170117 -0.00077758  0.00081019],[4.169647e-05 4.105766e-05 3.451785e-02],1,[ 0.00392663 -0.02337343  0.55425197],[0.11889753 0.11912592 0.08732346],[7.0496410e-01 4.2685494e-04 1.5679373e-06 7.0924294e-01],0,6,1785138732222005,1785138732222005,[ 0.00825287 -0.03358651  0.2052128 ],1,[0.01522256 0.01512144 0.00586145]
1785138732512295140,[ 9.0222503e-04  2.1367567e-05 -1.0540260e-03],[4.1754196e-05 4.1118084e-05 3.4518380e-02],1,[ 0.00401471 -0.02356186  0.55561584],[0.11978085 0.12001182 0.08783754],[7.0496815e-01 4.1499740e-04 1.7325696e-05 7.0923889e-01],0,6,1785138732238005,1785138732238005,[ 0.00846732 -0.03384624  0.20576414],1,[0.01535096 0.01524772 0.00588299]
1785138732512688214,[ 0.0006359  -0.00077758  0.00107651],[4.1784344e-05 4.1149553e-05 3.4518640e-02],1,[ 0.0040609  -0.02366592  0.5563473 ],[0.1202262  0.12045845 0.0880958 ],[7.0496821e-01 4.1901774e-04 1.4167421e-05 7.0923883e-01],0,6,1785138732246005,1785138732246005,[ 0.00852375 -0.03387482  0.20599265],1,[0.01541562 0.01531107 0.00589377]
1785138732512845201,[-0.00149462  0.000554    0.00320703],[4.1818665e-05 4.1180905e-05 3.4518901e-02],1,[ 0.0041096  -0.02377596  0.5570642 ],[0.12067404 0.12090754 0.08772782],[7.0495874e-01 4.1620672e-04 1.4025778e-05 7.0924819e-01],0,6,1785138732254005,1785138732254005,[ 0.00878161 -0.03389046  0.2064008 ],1,[0.01548049 0.01537482 0.00588342]
1785138732513300251,[-0.00122829 -0.00237548 -0.0023856 ],[4.1844956e-05 4.1211471e-05 3.4519177e-02],1,[ 0.00416028 -0.0238921   0.5578144 ],[0.12112436 0.12135912 0.08798588],[7.0495987e-01 4.1827868e-04 4.5191814e-06 7.0924705e-01],0,6,1785138732262005,1785138732262005,[ 0.00873487 -0.03403391  0.20665754],1,[0.01554541 0.01543873 0.0058942 ]
1785138732513705147,[-0.0012283   0.000554   -0.00451614],[4.1875803e-05 4.1240728e-05 3.4519453e-02],1,[ 0.00421221 -0.0240149   0.5585968 ],[0.12157718 0.12181319 0.08824475],[ 7.0497316e-01  4.1614994e-04 -6.7021510e-08  7.0923394e-01],0,6,1785138732270005,1785138732270005,[ 0.00890952 -0.03419199  0.20688227],1,[0.01561062 0.01550267 0.00590498]
1785138732514088613,[-0.00096199 -0.00051127 -0.0023856 ],[4.1908956e-05 4.1270207e-05 3.4519713e-02],1,[ 0.00426654 -0.02414425  0.55941015],[0.12203252 0.12226975 0.08850444],[ 7.0498109e-01  4.1359823e-04 -3.4979298e-06  7.0922607e-01],0,6,1785138732278005,1785138732278005,[ 0.00906543 -0.03424724  0.2071851 ],1,[0.01567608 0.01556698 0.00591577]
1785138732514667207,[-0.00069567  0.00188558 -0.00078771],[4.1943174e-05 4.1300766e-05 3.4519967e-02],1,[ 0.00432308 -0.02427832  0.560255  ],[0.12249038 0.12272883 0.08876495],[ 7.0498407e-01  4.0986488e-04 -3.5165276e-06  7.0922303e-01],0,6,1785138732286005,1785138732286005,[ 0.0091685  -0.03414233  0.2075851 ],1,[0.01574146 0.01563164 0.00592657]
1785138732515073476,[-1.7610303e-03  2.1517728e-03  1.0291056e-05],[4.1974919e-05 4.1331634e-05 3.4516811e-02],1,[ 0.00438158 -0.02441589  0.56113094],[0.12293977 0.12318676 0.08902629],[ 7.0498371e-01  4.0043623e-04 -1.6428195e-06  7.0922339e-01],0,6,1785138732294005,1785138732294005,[ 0.00909755 -0.0342081   0.20807713],1,[0.01579705 0.01569187 0.00593736]
1785138732515516053,[ 0.00116845  0.00295072 -0.00105497],[4.2037598e-05 4.1393851e-05 3.4517325e-02],1,[ 0.0044991  -0.02470687  0.5629745 ],[0.12386791 0.12411749 0.08955144],[ 7.0499200e-01  3.8788730e-04 -4.9482178e-06  7.0921516e-01],0,6,1785138732310005,1785138732310005,[ 0.00889248 -0.03419457  0.20892982],1,[0.0159291  0.01582127 0.00595897]
1785138732515761798,[-0.00042945  0.00135282  0.0034724 ],[4.2064919e-05 4.1425650e-05 3.4517586e-02],1,[ 0.00455908 -0.02486042  0.5638855 ],[0.12433583 0.12458668 0.08916739],[ 7.0498401e-01  3.8323333e-04 -3.4917286e-07  7.0922309e-01],0,6,1785138732318005,1785138732318005,[ 0.009103   -0.03443952  0.20955259],1,[0.01599547 0.01588655 0.00594787]
1785138732516258528,[ 0.00063582  0.00028756 -0.00025602],[4.2096453e-05 4.1456340e-05 3.4517847e-02],1,[ 0.00462104 -0.02501984  0.5648275 ],[0.12480632 0.12505846 0.08943012],[7.0498133e-01 3.8344946e-04 1.6557950e-06 7.0922577e-01],0,6,1785138732326005,1785138732326005,[ 0.00916394 -0.03448174  0.21003254],1,[0.01606219 0.01595183 0.00595867]
1785138732516516916,[ 0.00329898  0.00374967 -0.00105497],[4.2128384e-05 4.1486477e-05 3.4518108e-02],1,[ 0.00468454 -0.02518404  0.5657981 ],[0.12527943 0.1255328  0.08969369],[7.0498389e-01 3.8321284e-04 1.7621755e-05 7.0922321e-01],0,6,1785138732334005,1785138732334005,[ 0.00921875 -0.03450314  0.21031195],1,[0.01612901 0.01601754 0.00596948]
1785138732516945437,[1.7010784e-03 2.1243701e-05 8.0924225e-04],[4.218985e-05 4.154720e-05 3.451863e-02],1,[ 0.0048118  -0.02552539  0.56782305],[0.12623347 0.12648931 0.0902233 ],[7.0498484e-01 3.7478548e-04 3.1895437e-05 7.0922226e-01],0,6,1785138732350005,1785138732350005,[ 0.00908352 -0.03453918  0.21131726],1,[0.01626292 0.01614935 0.00599112]
1785138732517218243,[ 0.00010511  0.00241098 -0.00105164],[4.0658655e-05 4.0022263e-05 3.4515422e-02],1,[ 0.00477354 -0.02526583  0.56694186],[0.10567388 0.10583758 0.08186016],[7.0498437e-01 3.7486476e-04 3.6253074e-05 7.0922279e-01],0,6,1785138732358005,1785138732358005,[ 0.00909193 -0.03433767  0.21135211],1,[0.01323947 0.01315306 0.00558889]
1785138732517648327,[-0.00255828  0.0029435  -0.00158515],[4.0688647e-05 4.0051324e-05 3.4512214e-02],1,[ 0.00474177 -0.02502045  0.5661365 ],[0.10603449 0.10620327 0.08209816],[7.0498914e-01 3.6043979e-04 3.7642916e-05 7.0921803e-01],0,6,1785138732366005,1785138732366005,[ 0.00935177 -0.03451201  0.21147716],1,[0.01328947 0.01320627 0.00559951]
1785138732517923016,[3.7119968e-04 3.2098130e-03 1.2751232e-05],[4.0720461e-05 4.0080005e-05 3.4512483e-02],1,[ 0.00471431 -0.02479017  0.5653705 ],[0.10640261 0.1065727  0.08179213],[7.0498687e-01 3.5387714e-04 4.5473684e-05 7.0922035e-01],0,6,1785138732374005,1785138732374005,[ 0.00935763 -0.03437074  0.21161288],1,[0.01334703 0.01326269 0.00559218]
1785138732518312323,[-0.00042775  0.00081297 -0.00158515],[4.0771967e-05 4.0138257e-05 3.4513019e-02],1,[ 0.00466887 -0.02436798  0.56405485],[0.10714514 0.1073178  0.08226885],[7.0498484e-01 3.4747427e-04 5.4433611e-05 7.0922232e-01],0,6,1785138732390005,1785138732390005,[ 0.0094109  -0.03404418  0.21173684],1,[0.01346247 0.01337643 0.00561343]
1785138732518561404,[-0.00149301 -0.00238283 -0.00371567],[4.0803236e-05 4.0167502e-05 3.4513280e-02],1,[ 0.00465095 -0.02417488  0.56350213],[0.10751957 0.10769351 0.08250837],[7.0499349e-01 3.5106845e-04 4.0887029e-05 7.0921373e-01],0,6,1785138732398005,1785138732398005,[ 0.00943938 -0.03371736  0.21200201],1,[0.0135206  0.0134336  0.00562407]
1785138732518933067,[ 0.00090382 -0.00291546  0.00134433],[4.0831917e-05 4.0197116e-05 3.4513541e-02],1,[ 0.0046362 -0.0239931  0.5630173],[0.10789613 0.10807133 0.08274867],[7.0499194e-01 3.6290105e-04 3.5662502e-05 7.0921522e-01],0,6,1785138732406005,1785138732406005,[ 0.00953193 -0.03355733  0.21214327],1,[0.01357882 0.01349098 0.0056347 ]
1785138732519190013,[ 0.00063752  0.00161192 -0.00238409],[4.0864423e-05 4.0226998e-05 3.4513801e-02],1,[ 0.00462507 -0.02382308  0.56259763],[0.10827482 0.1084513  0.08298976],[7.0499462e-01 3.6377239e-04 3.6072732e-05 7.0921266e-01],0,6,1785138732414005,1785138732414005,[ 0.00965436 -0.03343109  0.21213639],1,[0.01363727 0.01354845 0.00564535]
1785138732519573789,[-4.2775040e-04 -5.1861245e-04  1.2747507e-05],[4.0924559e-05 4.0286530e-05 3.4514315e-02],1,[ 0.00461415 -0.02351903  0.56194437],[0.10903865 0.10921764 0.08347426],[7.0499641e-01 3.8468713e-04 2.8330729e-05 7.0921081e-01],0,6,1785138732430005,1785138732430005,[ 0.01001672 -0.03348856  0.2120258 ],1,[0.01375484 0.01366429 0.00566665]
1785138732519823662,[3.7120061e-04 8.1296969e-04 1.2769160e-05],[4.0953062e-05 4.0316052e-05 3.4511153e-02],1,[ 0.00461373 -0.02338451  0.5616763 ],[0.10941732 0.10960202 0.08315453],[7.0499450e-01 3.8436378e-04 3.0661271e-05 7.0921272e-01],0,6,1785138732438005,1785138732438005,[ 0.00988173 -0.03324908  0.21221781],1,[0.01380615 0.01371894 0.00565864]
1785138732520257803,[ 0.0003712  -0.00131756  0.0005454 ],[4.0979772e-05 4.0346054e-05 3.4511421e-02],1,[ 0.00461506 -0.02326028  0.56146896],[0.10980455 0.10999056 0.08339711],[7.0499188e-01 3.9044546e-04 2.6620541e-05 7.0921534e-01],0,6,1785138732446005,1785138732446005,[ 0.00989769 -0.03327196  0.2125616 ],1,[0.01386527 0.01377701 0.00566929]
1785138732520442052,[9.0383284e-04 2.8033787e-04 1.2768229e-05],[4.1009276e-05 4.0376995e-05 3.4511689e-02],1,[ 0.00461903 -0.02314851  0.5613209 ],[0.11019397 0.11038128 0.08364046],[7.0498997e-01 3.9498601e-04 2.8613716e-05 7.0921725e-01],0,6,1785138732454005,1785138732454005,[ 0.00992972 -0.0335197   0.21283191],1,[0.01392464 0.01383525 0.00567994]
1785138732520871184,[-0.00149302  0.00107929  0.00134435],[4.1064217e-05 4.0435705e-05 3.4512226e-02],1,[ 0.00463498 -0.0229596   0.56119144],[0.11097941 0.1111693  0.08412955],[7.0499182e-01 3.9615153e-04 1.9430827e-05 7.0921534e-01],0,6,1785138732470005,1785138732470005,[ 0.00997941 -0.03344417  0.21292624],1,[0.01404387 0.01395259 0.00570127]
1785138732521048149,[-0.00309091 -0.00238283 -0.00078618],[4.1093539e-05 4.0465078e-05 3.4512486e-02],1,[ 0.00464714 -0.02287944  0.5612067 ],[0.11137546 0.11156663 0.08437528],[7.0499027e-01 3.9429197e-04 5.9951876e-06 7.0921689e-01],0,6,1785138732478005,1785138732478005,[ 0.01026309 -0.03331536  0.21312755],1,[0.01410385 0.01401157 0.00571194]
1785138732521426003,[ 2.50172662e-03 -2.38282420e-03  1.27782405e-05],[4.1119300e-05 4.0493418e-05 3.4512747e-02],1,[ 0.00466405 -0.02280746  0.5612748 ],[0.11177374 0.11196617 0.08462179],[7.0499027e-01 4.0294041e-04 8.8693906e-07 7.0921695e-01],0,6,1785138732486005,1785138732486005,[ 0.01059054 -0.03304586  0.21345526],1,[0.0141642  0.01407088 0.00572261]
1785138732521682469,[-0.00069406 -0.00131756 -0.00025356],[4.1144929e-05 4.0523046e-05 3.4513008e-02],1,[ 0.00468502 -0.02274388  0.5613818 ],[0.11217427 0.11236796 0.08429039],[ 7.0498908e-01  4.1609205e-04 -2.6932692e-06  7.0921808e-01],0,6,1785138732494005,1785138732494005,[ 0.01075095 -0.03299049  0.21364328],1,[0.0142247  0.01413013 0.00571403]
1785138732522099528,[9.0401812e-04 2.8029957e-04 1.2397155e-05],[4.1202169e-05 4.0581297e-05 3.4510136e-02],1,[ 0.00473122 -0.02264204  0.5617411 ],[0.11297451 0.11317584 0.08478401],[ 7.0498526e-01  4.1145372e-04 -8.8445086e-07  7.0922190e-01],0,6,1785138732510005,1785138732510005,[ 0.01063224 -0.03270453  0.21387464],1,[0.0143377  0.01424576 0.00573538]
1785138732522352336,[ 0.00170297 -0.00451339 -0.0015855 ],[4.1227584e-05 4.0611885e-05 3.4510396e-02],1,[ 0.00475594 -0.02260251  0.5619922 ],[0.11338171 0.11358435 0.08503201],[ 7.0498711e-01  4.2533613e-04 -6.6975886e-06  7.0922005e-01],0,6,1785138732518005,1785138732518005,[ 0.01073461 -0.03248868  0.21415669],1,[0.01439841 0.01430585 0.00574607]
1785138732525936686,[ 1.4366498e-03 -7.8496535e-04  1.2396835e-05],[4.1253388e-05 4.0641502e-05 3.4510657e-02],1,[ 0.00478378 -0.02257123  0.5622895 ],[0.11379119 0.11399513 0.08528081],[ 7.049860e-01  4.372694e-04 -8.341096e-06  7.092212e-01],0,6,1785138732526005,1785138732526005,[ 0.01089638 -0.0326622   0.21428086],1,[0.01445955 0.01436596 0.00575675]
1785138732533903558,[1.7029648e-03 1.0792472e-03 1.2398523e-05],[4.1280731e-05 4.0671192e-05 3.4510933e-02],1,[ 0.00481415 -0.02255023  0.56263125],[0.11420297 0.11440821 0.0855304 ],[ 7.0498633e-01  4.4084372e-04 -3.1954776e-06  7.0922077e-01],0,6,1785138732534005,1785138732534005,[ 0.01095245 -0.03277797  0.21448672],1,[0.01452104 0.01442637 0.00576745]
1785138732545892137,[ 0.00010507  0.00081293 -0.00078655],[4.1342155e-05 4.0731236e-05 3.4511447e-02],1,[ 0.00488294 -0.02253177  0.56344634],[0.11503348 0.11524129 0.08603199],[7.0497817e-01 4.4784092e-04 5.6828753e-06 7.0922887e-01],0,6,1785138732550005,1785138732550005,[ 0.01129155 -0.03265132  0.21507022],1,[0.0146445  0.01454762 0.00578884]
1785138732553899686,[0.00010507 0.00214451 0.00161029],[4.1375817e-05 4.0760529e-05 3.4511708e-02],1,[ 0.0049226  -0.02253475  0.5638958 ],[0.11545224 0.1156613  0.08568589],[7.04974473e-01 4.45612444e-04 1.05307045e-05 7.09232509e-01],0,6,1785138732558005,1785138732558005,[ 0.01152455 -0.03270148  0.21527082],1,[0.01470655 0.01460864 0.00577955]
1785138732565890870,[-0.00149282 -0.00318181  0.00134398],[4.1405478e-05 4.0790230e-05 3.4511968e-02],1,[ 0.00496537 -0.02254593  0.56438714],[0.11587333 0.11608365 0.08593694],[7.0496899e-01 4.4714604e-04 3.5554388e-07 7.0923799e-01],0,6,1785138732566005,1785138732566005,[ 0.01169719 -0.03280785  0.21559986],1,[0.01476891 0.01467    0.00579026]
1785138732573834658,[-0.00016124 -0.00344813 -0.00025392],[4.1438881e-05 4.0819174e-05 3.4512237e-02],1,[ 0.00501101 -0.0225665   0.56491935],[0.11629678 0.11650835 0.08618879],[ 7.0496768e-01  4.5804447e-04 -9.3804701e-06  7.0923930e-01],0,6,1785138732574005,1785138732574005,[ 0.01175635 -0.03301666  0.21587998],1,[0.01483139 0.01473155 0.00580096]
1785138732585968492,[-0.00016146  0.00187805 -0.00132029],[4.1500687e-05 4.0878349e-05 3.4509368e-02],1,[ 0.00511155 -0.02262808  0.5661003 ],[0.11714185 0.11736191 0.08669492],[ 7.0497555e-01  4.7511820e-04 -9.9366671e-06  7.0923144e-01],0,6,1785138732590005,1785138732590005,[ 0.01167548 -0.03299183  0.21626408],1,[0.01494809 0.01485126 0.00582239]
1785138732593875520,[-0.00016146  0.00081279  0.00134288],[4.1532814e-05 4.0908119e-05 3.4509629e-02],1,[ 0.00516384 -0.0226693   0.5667483 ],[0.1175723  0.11779367 0.08694919],[ 7.0497227e-01  4.7228026e-04 -9.0789581e-06  7.0923471e-01],0,6,1785138732598005,1785138732598005,[ 0.01178854 -0.03291924  0.21664985],1,[0.01501093 0.01491311 0.00583311]
1785138732605802303,[ 1.0486110e-04  1.3838988e-05 -3.4508121e-03],[4.1563122e-05 4.0937579e-05 3.4509897e-02],1,[ 0.00521892 -0.02271683  0.56743276],[0.11800515 0.11822782 0.08720427],[ 7.0497960e-01  4.7203238e-04 -8.5528973e-06  7.0922750e-01],0,6,1785138732606005,1785138732606005,[ 0.01190186 -0.03281155  0.21680377],1,[0.01507388 0.01497525 0.00584383]
1785138732613772541,[-0.00016146  0.00214437  0.00320709],[4.1594813e-05 4.0967738e-05 3.4510158e-02],1,[ 0.00527555 -0.02277059  0.5681035 ],[0.11844041 0.11866437 0.0868457 ],[ 7.0497370e-01  4.6946594e-04 -4.2465017e-06  7.0923340e-01],0,6,1785138732614005,1785138732614005,[ 0.01190619 -0.03278493  0.21741067],1,[0.01513736 0.01503781 0.00583395]
1785138732625804843,[0.00090381 0.00320963 0.00160919],[4.1657790e-05 4.1029238e-05 3.4510687e-02],1,[ 0.00539386 -0.02289486  0.5695576 ],[0.11931823 0.11954474 0.0873563 ],[7.0496428e-01 4.5967646e-04 4.4418084e-06 7.0924270e-01],0,6,1785138732630005,1785138732630005,[ 0.01193322 -0.0322735   0.21812946],1,[0.01526516 0.0151635  0.0058554 ]
1785138732633842929,[-0.00016145  0.00187805 -0.00211923],[4.1691044e-05 4.1058993e-05 3.4510955e-02],1,[ 0.00545393 -0.02296327  0.57033753],[0.1197608  0.11998859 0.08761282],[7.0496762e-01 4.5695849e-04 1.3360841e-05 7.0923942e-01],0,6,1785138732638005,1785138732638005,[ 0.0116835  -0.03206399  0.21835113],1,[0.01532935 0.0152267  0.00586613]
1785138732645797855,[-0.00096041  0.00054647 -0.00052133],[4.1725092e-05 4.1088322e-05 3.4511216e-02],1,[ 0.00551329 -0.02303642  0.5711518 ],[0.12020584 0.12043489 0.08787016],[7.04970181e-01 4.49704879e-04 1.25020515e-05 7.09236860e-01],0,6,1785138732646005,1785138732646005,[ 0.0114837  -0.03195852  0.21872315],1,[0.01539371 0.01529009 0.00587687]
1785138732653839177,[ 0.00090399 -0.00238296  0.00134316],[4.1752253e-05 4.1119009e-05 3.4508124e-02],1,[ 0.00557083 -0.02311588  0.5719989 ],[0.12064317 0.12088028 0.08812831],[7.0496672e-01 4.5786015e-04 7.5715034e-06 7.0924026e-01],0,6,1785138732654005,1785138732654005,[ 0.01140226 -0.03193578  0.21888614],1,[0.01544888 0.01534944 0.00588761]
1785138732665928878,[-0.00096022 -0.00025244 -0.00078738],[4.1817784e-05 4.1178089e-05 3.4508653e-02],1,[ 0.00568814 -0.02329074  0.57378656],[0.12154534 0.12178511 0.08864705],[ 7.0496666e-01  4.7140548e-04 -4.0902278e-06  7.0924032e-01],0,6,1785138732670005,1785138732670005,[ 0.0114503  -0.03178641  0.2192502 ],1,[0.01557875 0.0154769  0.00590911]
1785138732673963017,[ 0.00090399 -0.00557876  0.00134316],[4.1851185e-05 4.1207455e-05 3.4508921e-02],1,[ 0.00575057 -0.02338636  0.57471156],[0.12200018 0.12224127 0.08827277],[ 7.0496351e-01  4.8359315e-04 -1.6832528e-05  7.0924348e-01],0,6,1785138732678005,1785138732678005,[ 0.01170116 -0.03178368  0.21970172],1,[0.01564383 0.01554117 0.00589848]
1785138732685803867,[ 0.00170294 -0.00078507 -0.00025474],[4.1880758e-05 4.1236955e-05 3.4509189e-02],1,[ 0.00581525 -0.02348748  0.57566786],[0.12245754 0.12269995 0.08853232],[ 7.0496261e-01  4.9570395e-04 -1.8247634e-05  7.0924437e-01],0,6,1785138732686005,1785138732686005,[ 0.01179387 -0.03185862  0.2200347 ],1,[0.01570912 0.0156055  0.00590923]
1785138732693806876,[-0.00122654  0.00134546 -0.00185264],[4.1910891e-05 4.1266278e-05 3.4509450e-02],1,[ 0.00588218 -0.02359447  0.576654  ],[0.12291744 0.12316114 0.0887927 ],[ 7.0496660e-01  4.9345655e-04 -1.8170123e-05  7.0924032e-01],0,6,1785138732694005,1785138732694005,[ 0.01193901 -0.03185405  0.22026813],1,[0.01577481 0.01567006 0.00591999]
1785138732705759558,[-0.00069391  0.00187809 -0.00132001],[4.1968615e-05 4.1326301e-05 3.4509994e-02],1,[ 0.00602112 -0.02382546  0.5787123 ],[0.12384488 0.12409115 0.08931591],[ 7.0497060e-01  4.7980036e-04 -1.7217619e-05  7.0923632e-01],0,6,1785138732710005,1785138732710005,[ 0.01204821 -0.03216652  0.22087596],1,[0.01590658 0.01580006 0.00594151]
1785138732713818313,[0.00143662 0.00081283 0.00054421],[4.2001702e-05 4.1357187e-05 3.4510255e-02],1,[ 0.00609336 -0.02395087  0.57978314],[0.12431245 0.12455998 0.08957876],[ 7.0497024e-01  4.7967941e-04 -1.1790907e-05  7.0923680e-01],0,6,1785138732718005,1785138732718005,[ 0.0121728  -0.03227648  0.2211304 ],1,[0.01597269 0.01586527 0.00595228]
1785138732725831109,[-0.00229196 -0.00025226 -0.00105229],[4.2036914e-05 4.1387277e-05 3.4507141e-02],1,[ 0.00616946 -0.02408446  0.5808816 ],[0.12477089 0.12502748 0.08984242],[ 7.0497137e-01  4.7841822e-04 -1.5006406e-05  7.0923567e-01],0,6,1785138732726005,1785138732726005,[ 0.01228643 -0.03255351  0.22161013],1,[0.01602876 0.0159262  0.00596306]
1785138732733861049,[ 9.03836219e-04  1.40496995e-05 -2.38385983e-03],[4.2072501e-05 4.1416857e-05 3.4507416e-02],1,[ 0.00624705 -0.02422387  0.581963  ],[0.12524346 0.12550141 0.08945486],[ 7.0497602e-01  4.7711420e-04 -1.5937647e-05  7.0923108e-01],0,6,1785138732734005,1785138732734005,[ 0.01228921 -0.032541    0.22192416],1,[0.01609552 0.0159918  0.00595181]
1785138732745784015,[ 0.00117016  0.00161195 -0.0013186 ],[4.2131371e-05 4.1477102e-05 3.4507953e-02],1,[ 0.00640765 -0.02451816  0.58420485],[0.12619643 0.12645705 0.0899825 ],[ 7.0497221e-01  4.8190879e-04 -7.1790564e-06  7.0923483e-01],0,6,1785138732750005,1785138732750005,[ 0.01277411 -0.0328012   0.22225536],1,[0.01622945 0.01612343 0.00597336]
1785138732753816731,[-0.00095765 -0.00026284 -0.00051473],[4.0624025e-05 3.9963092e-05 3.4504000e-02],1,[ 0.006319   -0.02406825  0.58328897],[0.1056572  0.10582218 0.08166456],[ 7.0497847e-01  4.7900164e-04 -8.0534592e-06  7.0922863e-01],0,6,1785138732758005,1785138732758005,[ 0.0128561  -0.03279159  0.22199751],1,[0.0132165  0.01313532 0.00557379]
1785138732765835046,[1.0762375e-04 3.4716213e-06 1.3494802e-03],[4.0651223e-05 3.9992156e-05 3.4504268e-02],1,[ 0.00623571 -0.0236367   0.5824506 ],[0.10602305 0.10618932 0.08190174],[ 7.0496875e-01  4.8234413e-04 -1.0491774e-05  7.0923823e-01],0,6,1785138732766005,1785138732766005,[ 0.01282871 -0.03251533  0.22194144],1,[0.01327349 0.01319133 0.00558438]
1785138732773784334,[ 0.00010762 -0.00079548  0.0016158 ],[4.0679075e-05 4.0021547e-05 3.4504529e-02],1,[ 0.0061578  -0.02322209  0.5816886 ],[0.10639098 0.10655853 0.0821397 ],[ 7.04963624e-01  4.86412056e-04 -1.29076125e-05  7.09243357e-01],0,6,1785138732774005,1785138732774005,[ 0.01285191 -0.03233382  0.22192708],1,[0.01333094 0.01324774 0.00559497]
1785138732785792501,[ 0.0006391   0.00080268 -0.00077852],[4.0730567e-05 4.0079056e-05 3.4501575e-02],1,[ 0.00602748 -0.02244508  0.5803845 ],[0.10712727 0.10730143 0.08261794],[ 7.0495182e-01  5.0387206e-04 -1.3520574e-05  7.0925504e-01],0,6,1785138732790005,1785138732790005,[ 0.01271932 -0.03203163  0.22187828],1,[0.0134393  0.01335768 0.00561615]
1785138732793866675,[ 0.00090541  0.00080268 -0.00077851],[4.0758143e-05 4.0108720e-05 3.4501836e-02],1,[ 0.00597338 -0.02208204  0.5798394 ],[0.1075014  0.10767689 0.08230653],[ 7.049506e-01  5.074634e-04 -9.488647e-06  7.092563e-01],0,6,1785138732798005,1785138732798005,[ 0.01246144 -0.03173516  0.22202979],1,[0.01349729 0.01341445 0.00560857]
1785138732805828655,[-0.0009588   0.00160162 -0.00077852],[4.0790965e-05 4.0137780e-05 3.4502096e-02],1,[ 0.00592149 -0.02173325  0.5793635 ],[0.10787763 0.10805445 0.08254599],[ 7.0494974e-01  5.0426152e-04 -8.4760641e-06  7.0925713e-01],0,6,1785138732806005,1785138732806005,[ 0.01225326 -0.03147576  0.22213493],1,[0.01355557 0.01347165 0.00561916]
1785138732813791979,[-0.00069249  0.00133531 -0.00237641],[4.0825696e-05 4.0166837e-05 3.4502350e-02],1,[ 0.00587291 -0.02139952  0.57895505],[0.10825601 0.10843415 0.08278622],[ 7.0495230e-01  4.9990899e-04 -7.8277553e-06  7.0925456e-01],0,6,1785138732814005,1785138732814005,[ 0.01221558 -0.03135332  0.22223616],1,[0.0136141  0.01352907 0.00562976]
1785138732825873074,[0.00063909 0.00160162 0.00055307],[4.0892875e-05 4.0225525e-05 3.4502864e-02],1,[ 0.00578833 -0.02077615  0.5783302 ],[0.1090192  0.10919995 0.08326903],[ 7.0494831e-01  5.0434645e-04 -1.3616155e-05  7.0925850e-01],0,6,1785138732830005,1785138732830005,[ 0.01230777 -0.03096622  0.22237308],1,[0.0137315  0.01364465 0.00565098]
1785138732833896061,[-0.00122512  0.00027004 -0.00104483],[4.0926130e-05 4.0254214e-05 3.4503125e-02],1,[ 0.00575275 -0.02048529  0.5781119 ],[0.10940404 0.10958608 0.08351161],[ 7.0494670e-01  5.0370843e-04 -1.5183365e-05  7.0926011e-01],0,6,1785138732838005,1785138732838005,[ 0.01231369 -0.03090374  0.22249407],1,[0.01379043 0.01370267 0.0056616 ]
1785138732845849544,[-0.00442091  0.00133531  0.00081938],[4.0955052e-05 4.0283641e-05 3.4503393e-02],1,[ 0.00572015 -0.02020828  0.57795227],[0.10979106 0.10997438 0.08375496],[ 7.0494360e-01  4.9027079e-04 -2.4312705e-05  7.0926321e-01],0,6,1785138732846005,1785138732846005,[ 0.0121978  -0.03074876  0.22233686],1,[0.0138497  0.013761   0.00567222]
1785138732853888602,[0.00143805 0.00053636 0.00081939],[4.098294e-05 4.031334e-05 3.450366e-02],1,[ 0.00569136 -0.01994475  0.5778174 ],[0.11018025 0.11036487 0.08343217],[ 7.0493746e-01  4.8959226e-04 -2.3603016e-05  7.0926929e-01],0,6,1785138732854005,1785138732854005,[ 0.01230075 -0.03075304  0.22229227],1,[0.0139091  0.01381939 0.00566407]
1785138732865801719,[-0.00095888  0.00053606 -0.00104731],[4.1038384e-05 4.0371735e-05 3.4500685e-02],1,[ 0.00564992 -0.01945433  0.5777151 ],[0.11095828 0.11115021 0.08391952],[ 7.0493180e-01  4.8595449e-04 -2.8941577e-05  7.0927495e-01],0,6,1785138732870005,1785138732870005,[ 0.01250792 -0.03070322  0.22220378],1,[0.01402027 0.01393342 0.00568532]
1785138732873886954,[ 0.00143796  0.00080237 -0.00237889],[4.1068604e-05 4.0401403e-05 3.4500938e-02],1,[ 0.00563372 -0.01922884  0.5777458 ],[0.11135399 0.11154725 0.08416437],[ 7.0493490e-01  4.8824612e-04 -2.7440399e-05  7.0927191e-01],0,6,1785138732878005,1785138732878005,[ 0.0123056  -0.03075963  0.2224466 ],1,[0.01407993 0.01399234 0.00569595]
1785138732885879381,[-0.00015994  0.00053606  0.0008169 ],[4.1098272e-05 4.0430943e-05 3.4501191e-02],1,[ 0.00561959 -0.01901785  0.5778308 ],[0.11175191 0.11194651 0.08441   ],[ 7.0493382e-01  4.8864126e-04 -2.5564057e-05  7.0927298e-01],0,6,1785138732886005,1785138732886005,[ 0.01222544 -0.03109953  0.2226485 ],1,[0.01414015 0.01405148 0.00570658]
1785138732893859628,[ 0.00170428 -0.00106184 -0.00051468],[4.1128758e-05 4.0459996e-05 3.4501452e-02],1,[ 0.00560805 -0.01882112  0.577967  ],[0.11215209 0.11234801 0.08465643],[ 7.0493126e-01  4.9919757e-04 -2.4780784e-05  7.0927554e-01],0,6,1785138732894005,1785138732894005,[ 0.01212013 -0.03122926  0.22262284],1,[0.01420052 0.01411093 0.00571722]
1785138732905818321,[0.00117164 0.00160132 0.00134954],[4.1186118e-05 4.0518786e-05 3.4501981e-02],1,[ 0.005593   -0.01846113  0.5783861 ],[0.11295921 0.11315774 0.08515166],[ 7.0492911e-01  5.0635060e-04 -2.5120482e-05  7.0927757e-01],0,6,1785138732910005,1785138732910005,[ 0.0120606  -0.03074722  0.22273503],1,[0.01432189 0.01423093 0.00573852]
1785138732913833965,[ 0.00276955 -0.00265974  0.00055059],[4.1216441e-05 4.0548355e-05 3.4502249e-02],1,[ 0.00558898 -0.01829596  0.5786288 ],[0.11336618 0.11356601 0.08481453],[ 7.0492321e-01  5.1913358e-04 -2.2809530e-05  7.0928353e-01],0,6,1785138732918005,1785138732918005,[ 0.0118785  -0.03064895  0.22282684],1,[0.01438287 0.01429085 0.00572968]
1785138732925873020,[ 3.7217233e-04 -2.1273668e-03  1.5973521e-05],[4.1247116e-05 4.0577354e-05 3.4499068e-02],1,[ 0.00559202 -0.01813937  0.5789192 ],[0.11376758 0.11397403 0.08506241],[ 7.0492154e-01  5.3148676e-04 -2.6853313e-05  7.0928520e-01],0,6,1785138732926005,1785138732926005,[ 0.01174124 -0.03064697  0.22295314],1,[0.01443548 0.01434731 0.00574032]
1785138732933972462,[ 0.00090481  0.00026948 -0.00211455],[4.1279527e-05 4.0606377e-05 3.4499336e-02],1,[ 0.00559768 -0.01799358  0.57925576],[0.114179   0.11438682 0.08531111],[ 7.0492637e-01  5.3622894e-04 -2.9367147e-05  7.0928031e-01],0,6,1785138732934005,1785138732934005,[ 0.0118103  -0.03060004  0.22312805],1,[0.01449682 0.01440764 0.00575098]
1785138732945859068,[ 0.00090481 -0.00558948 -0.00051666],[4.1338539e-05 4.0664872e-05 3.4499872e-02],1,[ 0.00561673 -0.01773006  0.5800657 ],[0.11500877 0.1152193  0.08581087],[ 7.0492911e-01  5.6206516e-04 -3.3460623e-05  7.0927757e-01],0,6,1785138732950005,1785138732950005,[ 0.01166326 -0.03021958  0.22360887],1,[0.01461993 0.01452843 0.00577229]
1785138732953998576,[-0.00202468 -0.00345895  0.00028229],[4.1366333e-05 4.0694667e-05 3.4500133e-02],1,[ 0.00562907 -0.01761151  0.5805376 ],[0.11542714 0.11563902 0.08606195],[ 7.0493042e-01  5.7191291e-04 -5.1644649e-05  7.0927626e-01],0,6,1785138732958005,1785138732958005,[ 0.01162578 -0.02985748  0.22402427],1,[0.01468186 0.01458911 0.00578296]
1785138732965892817,[ 0.00223639  0.00053579 -0.00184823],[4.1393985e-05 4.0724557e-05 3.4500409e-02],1,[ 0.00564403 -0.01749939  0.5810531 ],[0.11584786 0.11606105 0.08631384],[ 7.0493144e-01  5.7899469e-04 -5.0584891e-05  7.0927525e-01],0,6,1785138732966005,1785138732966005,[ 0.01168365 -0.02935461  0.22430532],1,[0.01474393 0.01465015 0.00579363]
1785138732973907519,[ 0.0009048  -0.00079579  0.00054861],[4.1425548e-05 4.0754607e-05 3.4500662e-02],1,[ 0.00566201 -0.01739466  0.5815671 ],[0.11627092 0.11648544 0.08596451],[ 7.0493329e-01  5.8562879e-04 -4.9105223e-05  7.0927340e-01],0,6,1785138732974005,1785138732974005,[ 0.01185421 -0.02931043  0.22467783],1,[0.01480632 0.01471154 0.0057842 ]
1785138732985925174,[ 0.00037218 -0.00212737 -0.00264718],[4.1484185e-05 4.0814022e-05 3.4501191e-02],1,[ 0.00570958 -0.01721567  0.58272225],[0.11712416 0.11734128 0.08646876],[ 7.0492363e-01  5.9421564e-04 -6.0352620e-05  7.0928299e-01],0,6,1785138732990005,1785138732990005,[ 0.01208356 -0.02932483  0.22552113],1,[0.01493157 0.01483476 0.00580554]
1785138732993919427,[ 0.0006387   0.00293259 -0.00264768],[4.1511863e-05 4.0845021e-05 3.4498062e-02],1,[ 0.00573419 -0.01713846  0.58336276],[0.11754525 0.11776979 0.0867221 ],[ 7.0493442e-01  5.9574086e-04 -5.6114673e-05  7.0927227e-01],0,6,1785138732998005,1785138732998005,[ 0.01194153 -0.0291685   0.22586255],1,[0.01498567 0.01489282 0.00581622]
1785138733005923035,[3.7237722e-04 1.0683723e-03 1.5481899e-05],[4.1540588e-05 4.0874867e-05 3.4498323e-02],1,[ 0.00575989 -0.01706912  0.5840421 ],[0.11797769 0.11820361 0.08697624],[ 7.0493466e-01  5.9229374e-04 -4.9221213e-05  7.0927203e-01],0,6,1785138733006005,1785138733006005,[ 0.01179497 -0.02900829  0.2261164 ],1,[0.01504881 0.01495512 0.0058269 ]
1785138733013823761,[0.00063869 0.00373153 0.00294496],[4.1570362e-05 4.0904910e-05 3.4498584e-02],1,[ 0.00578592 -0.01700704  0.5847608 ],[0.11841255 0.11863983 0.08723118],[ 7.0492929e-01  5.8727455e-04 -4.3047978e-05  7.0927739e-01],0,6,1785138733014005,1785138733014005,[ 0.01152919 -0.02878228  0.22668484],1,[0.01511218 0.01501777 0.00583759]
1785138733026040262,[ 0.00010606 -0.00239374  0.00081443],[4.1628849e-05 4.0964755e-05 3.4499113e-02],1,[ 0.00584491 -0.01690056  0.58628136],[0.11928954 0.11951953 0.08712507],[ 7.0492482e-01  5.8195129e-04 -3.6957783e-05  7.0928180e-01],0,6,1785138733030005,1785138733030005,[ 0.0118258  -0.02804036  0.22757018],1,[0.01523937 0.01514284 0.00583826]
1785138733034065634,[0.00170396 0.00453048 0.00161338],[4.1657713e-05 4.0994510e-05 3.4499373e-02],1,[ 0.00587888 -0.01685595  0.5870812 ],[0.11973169 0.11996303 0.08738064],[ 7.0492154e-01  5.7747448e-04 -2.6888580e-05  7.0928508e-01],0,6,1785138733038005,1785138733038005,[ 0.01189215 -0.02786506  0.22790599],1,[0.01530298 0.01520566 0.00584895]
1785138733045818838,[ 0.0006387   0.00213364 -0.00184873],[4.1689626e-05 4.1023734e-05 3.4499634e-02],1,[ 0.00591549 -0.01681867  0.58791614],[0.12017631 0.12040897 0.08763701],[ 7.0492250e-01  5.7518907e-04 -1.6014174e-05  7.0928419e-01],0,6,1785138733046005,1785138733046005,[ 0.01197739 -0.02774296  0.22802393],1,[0.01536715 0.01526884 0.00585965]
1785138733053893643,[-0.00016026 -0.00026321  0.00081443],[4.1720377e-05 4.1053609e-05 3.4499895e-02],1,[ 0.005954   -0.01678791  0.5887843 ],[0.12062339 0.12085737 0.0878942 ],[ 7.04924226e-01  5.72865771e-04 -1.41367755e-05  7.09282458e-01],0,6,1785138733054005,1785138733054005,[ 0.01189556 -0.02761206  0.22815864],1,[0.01543179 0.01533231 0.00587035]
1785138733066011117,[0.00037326 0.00133451 0.00134533],[4.1782132e-05 4.1112216e-05 3.4497023e-02],1,[ 0.00602327 -0.0167459   0.59061867],[0.12151452 0.12175811 0.08841101],[ 7.049297e-01  5.751727e-04 -8.351608e-06  7.092770e-01],0,6,1785138733070005,1785138733070005,[ 0.01174146 -0.02733965  0.22871168],1,[0.01555186 0.01545534 0.00589176]
1785138733073998807,[-0.00015937  0.00319872  0.00054638],[4.1815976e-05 4.1141728e-05 3.4497283e-02],1,[ 0.00605478 -0.01673323  0.59158516],[0.12196892 0.1222139  0.08867064],[ 7.0492589e-01  5.6812749e-04 -3.3537858e-06  7.0928073e-01],0,6,1785138733078005,1785138733078005,[ 0.01172794 -0.02731412  0.22905767],1,[0.01561686 0.01551921 0.00590248]
1785138733085896124,[ 0.00063958 -0.00079602  0.0008127 ],[4.1847459e-05 4.1171588e-05 3.4497544e-02],1,[ 0.00608811 -0.01672794  0.59252334],[0.12242584 0.12267219 0.08829587],[ 7.0492369e-01  5.6893425e-04 -1.7368772e-07  7.0928293e-01],0,6,1785138733086005,1785138733086005,[ 0.01167657 -0.02726915  0.22939892],1,[0.01568209 0.01558343 0.00589184]
1785138733093903101,[ 0.00117221 -0.00239392 -0.00264941],[4.1877491e-05 4.1200921e-05 3.4497805e-02],1,[ 0.00612204 -0.01672875  0.593494  ],[0.12288529 0.123133   0.08855528],[ 7.0493025e-01  5.7723059e-04 -2.1976782e-06  7.0927650e-01],0,6,1785138733094005,1785138733094005,[ 0.01144319 -0.02717501  0.22969401],1,[0.01574767 0.01564775 0.00590255]
1785138733105850974,[ 0.00063958 -0.00239392 -0.0007852 ],[4.1952106e-05 4.1261010e-05 3.4498319e-02],1,[ 0.00619216 -0.01674774  0.5955268 ],[0.12381182 0.12406222 0.08907653],[ 7.0494020e-01  6.0192373e-04 -3.0982767e-06  7.0926654e-01],0,6,1785138733110005,1785138733110005,[ 0.01130369 -0.0267357   0.23007746],1,[0.01587933 0.0157768  0.00592399]
1785138733113866567,[-0.00362147 -0.00079603 -0.00211678],[4.1983458e-05 4.1290648e-05 3.4498580e-02],1,[ 0.00622936 -0.0167646   0.5965877 ],[0.12427893 0.12453065 0.0893384 ],[ 7.0494336e-01  5.9878139e-04 -1.5596155e-05  7.0926344e-01],0,6,1785138733118005,1785138733118005,[ 0.01123384 -0.0266267   0.23028994],1,[0.01594578 0.01584181 0.00593472]
1785138733125898058,[ 0.00037326  0.00026924 -0.00158414],[4.2014628e-05 4.1320316e-05 3.4498841e-02],1,[ 0.00626716 -0.01678726  0.5976783 ],[0.1247486  0.12500165 0.08960108],[ 7.0494986e-01  5.9706206e-04 -1.8260313e-05  7.0925689e-01],0,6,1785138733126005,1785138733126005,[ 0.01099399 -0.02655047  0.2308386 ],1,[0.016012   0.01590706 0.00594545]
1785138733133891970,[ 0.00117222  0.00266609 -0.00238309],[4.2046362e-05 4.1350700e-05 3.4499101e-02],1,[ 0.00630479 -0.01681555  0.59879977],[0.12522088 0.12547524 0.08986459],[ 7.0495492e-01  5.9412321e-04 -8.4676767e-06  7.0925194e-01],0,6,1785138733134005,1785138733134005,[ 0.01081653 -0.02647779  0.23137836],1,[0.01607834 0.01597263 0.00595619]
1785138733146061522,[ 0.00090563  0.00213323 -0.00797738],[4.210887e-05 4.141024e-05 3.449625e-02],1,[ 0.00638898 -0.01688173  0.6010152 ],[0.12616102 0.12642607 0.08973977],[ 7.0499861e-01  5.9078523e-04 -4.9500813e-06  7.0920849e-01],0,6,1785138733150005,1785138733150005,[ 0.0105448  -0.02598197  0.23229949],1,[0.01620156 0.01609917 0.00595566]
1785138733153960736,[ 0.00011094  0.00266194 -0.00611122],[4.0585557e-05 3.9905812e-05 3.4492429e-02],1,[ 0.00621082 -0.01666261  0.60007775],[0.10564058 0.10580791 0.08146723],[7.050184e-01 5.850801e-04 7.930107e-07 7.091888e-01],0,6,1785138733158005,1785138733158005,[ 0.00999826 -0.02531843  0.23217136],1,[0.01319719 0.01311835 0.00555876]
1785138733165896144,[ 3.7724839e-04 -1.2192177e-06 -6.9101686e-03],[4.0611085e-05 3.9934806e-05 3.4492690e-02],1,[ 0.00603552 -0.01645081  0.5992216 ],[0.10600616 0.10617481 0.08170359],[7.0503747e-01 5.8471778e-04 5.8027226e-06 7.0916986e-01],0,6,1785138733166005,1785138733166005,[ 0.00955239 -0.02487756  0.23221157],1,[0.0132542 0.0131741 0.0055693]
1785138733174055119,[ 0.00144252 -0.00213175 -0.00637754],[4.0632909e-05 3.9963841e-05 3.4492955e-02],1,[ 0.00586359 -0.01624775  0.59844494],[0.10637382 0.10654379 0.08194073],[7.0505428e-01 5.9714721e-04 1.0828792e-06 7.0915318e-01],0,6,1785138733174005,1785138733174005,[ 0.00912306 -0.02431609  0.2322608 ],1,[0.01331164 0.01323041 0.00557985]
1785138733186028911,[ 0.00037726  0.00133036 -0.01276913],[4.0690309e-05 4.0021747e-05 3.4493476e-02],1,[ 0.0055309  -0.01586192  0.5971198 ],[0.1071154  0.10728798 0.08241731],[7.0511091e-01 5.9958530e-04 1.9169021e-05 7.0909691e-01],0,6,1785138733190005,1785138733190005,[ 0.008453   -0.02327177  0.23208672],1,[0.01342701 0.01334363 0.00560096]
1785138733194073148,[ 0.0011762   0.0021293  -0.01516597],[4.0715655e-05 4.0050476e-05 3.4493737e-02],1,[ 0.00536829 -0.01567982  0.59656715],[0.10748934 0.10766322 0.08265676],[7.0515180e-01 5.9603842e-04 2.8810640e-05 7.0905614e-01],0,6,1785138733198005,1785138733198005,[ 0.00784425 -0.02273918  0.23220274],1,[0.01348508 0.01340071 0.00561152]
1785138733206053182,[-0.00015538 -0.00080016 -0.01356807],[4.0743533e-05 4.0079594e-05 3.4493998e-02],1,[ 0.00520755 -0.01550453  0.5960594 ],[0.1078654  0.10804058 0.08234477],[7.0519197e-01 6.0114881e-04 2.7576234e-05 7.0901620e-01],0,6,1785138733206005,1785138733206005,[ 0.0073915  -0.02226779  0.23219623],1,[0.01354335 0.01345785 0.00560391]
1785138733214134229,[-0.00042222  0.0013315  -0.01595524],[4.0772349e-05 4.0109022e-05 3.4490861e-02],1,[ 0.00505441 -0.01534451  0.59562176],[0.10823742 0.10841814 0.08258417],[7.0523256e-01 5.9981277e-04 3.0489371e-05 7.0897585e-01],0,6,1785138733214005,1785138733214005,[ 0.00700015 -0.02174595  0.23231593],1,[0.0135941  0.01351183 0.00561448]
1785138733226239599,[-0.00015592 -0.00319585 -0.01994999],[4.0825686e-05 4.0167233e-05 3.4491375e-02],1,[ 0.00475526 -0.01504442  0.5949469 ],[0.10900002 0.10918343 0.0830653 ],[7.0533091e-01 6.1287865e-04 2.7404712e-05 7.0887792e-01],0,6,1785138733230005,1785138733230005,[ 0.00601437 -0.02075794  0.23226199],1,[0.0137113  0.01362684 0.00563562]
1785138733234106752,[ 0.00037673 -0.00292958 -0.0236784 ],[4.0854215e-05 4.0196275e-05 3.4491628e-02],1,[ 0.00460651 -0.01490032  0.59470665],[0.10938456 0.1095693  0.08330704],[7.0539236e-01 6.2203076e-04 1.5362570e-05 7.0881683e-01],0,6,1785138733238005,1785138733238005,[ 0.00539922 -0.01992068  0.23234636],1,[0.01377015 0.01368464 0.00564619]
1785138733246187366,[ 0.00117569  0.00106519 -0.02394472],[4.0886302e-05 4.0225208e-05 3.4491874e-02],1,[ 0.00445853 -0.01476039  0.59452873],[0.10977127 0.10995734 0.08354955],[7.0545685e-01 6.2810449e-04 1.9151756e-05 7.0875269e-01],0,6,1785138733246062,1785138733246062,[ 0.00498367 -0.01941116  0.23243026],1,[0.01382928 0.01374255 0.00565677]
1785138733253977452,[ 0.00064302 -0.00026639 -0.02580894],[4.0919858e-05 4.0253861e-05 3.4492128e-02],1,[ 0.00431215 -0.01462485  0.5944124 ],[0.11016016 0.11034754 0.08379285],[7.0552504e-01 6.3113589e-04 2.4459960e-05 7.0868474e-01],0,6,1785138733254062,1785138733254062,[ 0.00444982 -0.01883482  0.2326815 ],1,[0.01388878 0.01380084 0.00566736]
1785138733265989627,[-0.00175381 -0.00213059 -0.02953737],[4.098400e-05 4.031261e-05 3.449265e-02],1,[ 0.00402039 -0.01436936  0.59436077],[0.11094455 0.11113452 0.08371268],[7.0568627e-01 6.4509548e-04 9.1751044e-06 7.0852417e-01],0,6,1785138733270062,1785138733270062,[ 0.00338064 -0.01792832  0.23312333],1,[0.0140084  0.01391802 0.00566977]
1785138733274004970,[-0.00015589 -0.00106536 -0.03726052],[4.1013751e-05 4.0342053e-05 3.4492914e-02],1,[ 0.00387397 -0.01424757  0.5944197 ],[0.11134005 0.11153132 0.08395668],[7.0578426e-01 6.4959377e-04 2.5057434e-06 7.0842659e-01],0,6,1785138733278062,1785138733278062,[ 0.0025905  -0.01726824  0.2331174 ],1,[0.0140682  0.01397656 0.00568036]
1785138733285973862,[-0.00015616  0.00133138 -0.03566355],[4.1039693e-05 4.0370669e-05 3.4489714e-02],1,[ 0.00372895 -0.01412787  0.59453267],[0.11173057 0.11192804 0.08420146],[7.0588255e-01 6.4916018e-04 4.5027682e-06 7.0832860e-01],0,6,1785138733286062,1785138733286062,[ 0.00190655 -0.01669594  0.23321944],1,[0.01412003 0.01403179 0.00569095]
1785138733293935694,[ 0.00090907 -0.00079916 -0.03726145],[4.1069987e-05 4.0400017e-05 3.4489967e-02],1,[ 0.00358328 -0.01401111  0.59469914],[0.11213042 0.11232923 0.08444703],[7.0598257e-01 6.5171951e-04 7.2689809e-06 7.0822895e-01],0,6,1785138733294062,1785138733294062,[ 0.00140126 -0.01600708  0.23344839],1,[0.0141803  0.01409079 0.00570155]
1785138733306020084,[ 0.00011014  0.00319558 -0.04205513],[4.1123887e-05 4.0458326e-05 3.4490474e-02],1,[ 0.00329112 -0.01378101  0.59518903],[0.11293688 0.11313833 0.08494052],[7.06221342e-01 6.43611420e-04 1.17208765e-05 7.07990825e-01],0,6,1785138733310062,1785138733310062,[ 1.1906790e-04 -1.4294981e-02  2.3404209e-01],1,[0.01430224 0.01420943 0.00572276]
1785138733313919047,[ 0.00117535 -0.00372863 -0.04498461],[4.1151801e-05 4.0487477e-05 3.4490734e-02],1,[ 0.00314237 -0.01366726  0.5955103 ],[0.11334351 0.11354627 0.08518846],[7.0634574e-01 6.5366190e-04 1.0027523e-05 7.0786679e-01],0,6,1785138733318062,1785138733318062,[-0.00069657 -0.0134921   0.23424813],1,[0.01436335 0.01426894 0.00573337]
1785138733325991485,[-0.00042246 -0.00213073 -0.04818041],[4.1185856e-05 4.0516559e-05 3.4490980e-02],1,[ 0.00298966 -0.01355397  0.59583366],[0.11375242 0.11395647 0.08485074],[7.064761e-01 6.621588e-04 8.158032e-07 7.077366e-01],0,6,1785138733326062,1785138733326062,[-0.00174487 -0.01268555  0.23451895],1,[0.01442482 0.01432867 0.0057245 ]
1785138733334036935,[-0.00281932 -0.00053281 -0.05324042],[4.121243e-05 4.054540e-05 3.449124e-02],1,[ 0.0028335  -0.01344207  0.59620565],[0.11416363 0.11436895 0.08509855],[ 7.0661855e-01  6.6005543e-04 -6.8789027e-06  7.0759439e-01],0,6,1785138733334062,1785138733334062,[-0.00252213 -0.01203339  0.23463726],1,[0.01448665 0.01438879 0.00573511]
1785138733345966443,[ 0.00250698 -0.00026649 -0.05750148],[4.1266900e-05 4.0603496e-05 3.4491763e-02],1,[ 0.00251448 -0.0132234   0.59709024],[0.11499297 0.11520081 0.08559655],[7.0693737e-01 6.7187083e-04 1.5222832e-06 7.0727593e-01],0,6,1785138733350062,1785138733350062,[-0.00409037 -0.01070258  0.23516832],1,[0.01461075 0.01450933 0.00575634]
1785138733354051959,[ 0.00037703  0.00159828 -0.05962735],[4.1297575e-05 4.0632902e-05 3.4488734e-02],1,[ 0.00234341 -0.01312121  0.5976021 ],[0.11540273 0.11561748 0.08584675],[7.0710051e-01 6.7148521e-04 4.7951967e-06 7.0711279e-01],0,6,1785138733358062,1785138733358062,[-0.00505181 -0.01005968  0.2355806 ],1,[0.01466437 0.01456613 0.00576696]
1785138733365952812,[-0.00308516 -0.00133113 -0.06788315],[4.1326199e-05 4.0662155e-05 3.4488995e-02],1,[ 0.00216913 -0.01301956  0.59815973],[0.11582309 0.11603914 0.08609775],[ 7.0728242e-01  6.6803425e-04 -1.8741042e-07  7.0693088e-01],0,6,1785138733366062,1785138733366062,[-0.00582385 -0.00923733  0.23604073],1,[0.01472692 0.01462689 0.00577759]
1785138733374019462,[ 0.0019749  -0.00239653 -0.07001366],[4.1356532e-05 4.0691411e-05 3.4489255e-02],1,[ 0.00199145 -0.01291714  0.5987618 ],[0.1162458  0.11646314 0.08634955],[ 7.074748e-01  6.777171e-04 -6.288349e-06  7.067383e-01],0,6,1785138733374062,1785138733374062,[-0.00674182 -0.00832423  0.23637632],1,[0.01478954 0.01468803 0.00578822]
1785138733386018301,[-0.00175349  0.00053308 -0.0804    ],[4.1426079e-05 4.0749626e-05 3.4489769e-02],1,[ 0.00162709 -0.01271034  0.5999968 ],[0.11709832 0.11731819 0.08625128],[ 7.078872e-01  6.897849e-04 -9.776936e-06  7.063253e-01],0,6,1785138733390062,1785138733390062,[-0.00826381 -0.00683535  0.23662086],1,[0.01491665 0.01481058 0.00578939]
1785138733394020028,[ 0.0011759  -0.00213019 -0.08306315],[4.1456806e-05 4.0778490e-05 3.4490023e-02],1,[ 0.00143968 -0.01260663  0.6006761 ],[0.11752816 0.11774926 0.08650372],[ 7.0811611e-01  6.9518306e-04 -1.2436855e-05  7.0609570e-01],0,6,1785138733398062,1785138733398062,[-0.00929663 -0.00602526  0.23695539],1,[0.01498021 0.01487226 0.00580002]
1785138733405984512,[ 1.1759822e-03  4.0105078e-07 -8.4661059e-02],[4.1486357e-05 4.0807423e-05 3.4490276e-02],1,[ 0.0012476  -0.01250141  0.60139596],[0.11796039 0.11818271 0.08675697],[ 7.0834774e-01  7.0167176e-04 -1.0194440e-05  7.0586342e-01],0,6,1785138733406062,1785138733406062,[-0.01021776 -0.005063    0.23722188],1,[0.015044   0.014934   0.00581066]
1785138733413984186,[ 0.00117594 -0.00053223 -0.0902537 ],[4.1520925e-05 4.0836501e-05 3.4490529e-02],1,[ 0.00105132 -0.01239415  0.6021552 ],[0.11839504 0.11861856 0.08701102],[ 7.0859665e-01  7.0773822e-04 -7.5546818e-06  7.0561349e-01],0,6,1785138733414062,1785138733414062,[-0.01113799 -0.00415458  0.23741038],1,[0.01510762 0.01499586 0.00582131]
1785138733426211557,[ 0.00037716  0.00053302 -0.09664535],[4.1588290e-05 4.0894629e-05 3.4487996e-02],1,[ 0.00064324 -0.01217454  0.603736  ],[0.11926188 0.11949426 0.0869062 ],[ 7.0911020e-01  7.1369857e-04 -9.0156454e-06  7.0509732e-01],0,6,1785138733430062,1785138733430062,[-0.0130088  -0.00246493  0.23809847],1,[0.01522749 0.01511667 0.00582203]
1785138733434065565,[ 0.00197507  0.00079927 -0.10117273],[4.1618125e-05 4.0923649e-05 3.4488261e-02],1,[ 4.3165949e-04 -1.2062462e-02  6.0455894e-01],[0.11970367 0.11993729 0.08716086],[ 7.0938832e-01  7.1625249e-04 -4.4481744e-06  7.0481759e-01],0,6,1785138733438062,1785138733438062,[-0.01400274 -0.00166496  0.23849253],1,[0.01529232 0.0151794  0.00583267]
1785138733445989422,[ 0.00197504  0.00319624 -0.10143905],[4.1648622e-05 4.0952571e-05 3.4488525e-02],1,[ 2.1394838e-04 -1.1948804e-02  6.0541898e-01],[0.12014792 0.12038275 0.08741633],[7.0967084e-01 7.1578973e-04 1.2941645e-05 7.0453310e-01],0,6,1785138733446062,1785138733446062,[-0.01524524 -0.00078911  0.23861203],1,[0.01535751 0.01524229 0.00584333]
1785138733454053136,[-0.00175338  0.00106571 -0.10836326],[4.1680549e-05 4.0981686e-05 3.4488786e-02],1,[-9.4927091e-06 -1.1831879e-02  6.0631406e-01],[0.12059464 0.12083066 0.08767261],[7.0996571e-01 7.1070332e-04 1.3790522e-05 7.0423591e-01],0,6,1785138733454062,1785138733454062,[-0.01608142  0.00034974  0.23878182],1,[0.01542334 0.01530543 0.00585398]
1785138733466096309,[ 0.00170873 -0.0018639  -0.1187496 ],[4.1740706e-05 4.1039380e-05 3.4489308e-02],1,[-4.6897959e-04 -1.1582628e-02  6.0820925e-01],[0.12149553 0.12173387 0.08818761],[7.1060222e-01 7.0527336e-04 9.1044221e-06 7.0359367e-01],0,6,1785138733470062,1785138733470062,[-0.01791448  0.0027721   0.23942544],1,[0.01555544 0.01543229 0.0058753 ]
1785138733474141388,[ 0.00197501 -0.00213016 -0.12141275],[4.1776493e-05 4.1068375e-05 3.4489553e-02],1,[-0.00070518 -0.01145092  0.6092082 ],[0.12194972 0.12218919 0.08844632],[7.109378e-01 7.155021e-04 9.545687e-06 7.032546e-01],0,6,1785138733478062,1785138733478062,[-0.01871922  0.00390308  0.2397166 ],1,[0.01562191 0.01549613 0.00588597]
1785138733486035770,[-6.8805041e-04  4.6740752e-07 -1.2700538e-01],[4.1809079e-05 4.1097603e-05 3.4489822e-02],1,[-0.00094657 -0.01131422  0.6102402 ],[0.12240645 0.122647   0.08870585],[7.1128708e-01 7.1890256e-04 8.5340389e-06 7.0290124e-01],0,6,1785138733486062,1785138733486062,[-0.01986091  0.00515276  0.24002916],1,[0.01568848 0.01556034 0.00589664]
1785138733494057104,[ 0.00064348  0.000533   -0.12886962],[4.1841202e-05 4.1126365e-05 3.4490082e-02],1,[-0.00119421 -0.01117098  0.6112689 ],[0.12286569 0.12310731 0.08833046],[7.1164453e-01 7.1964809e-04 1.0934799e-05 7.0253932e-01],0,6,1785138733494062,1785138733494062,[-0.02089758  0.00657287  0.24035117],1,[0.01575508 0.01562468 0.00588598]
1785138733505993114,[ 1.0946288e-04  2.1312623e-03 -1.3685596e-01],[4.1872088e-05 4.1154573e-05 3.4487560e-02],1,[-0.00143056 -0.01102485  0.61232996],[0.12331633 0.1235664  0.08858977],[7.1201980e-01 7.1361073e-04 1.8670284e-05 7.0215899e-01],0,6,1785138733502062,1785138733502062,[-0.02203855  0.00773044  0.24067938],1,[0.0158123  0.01568487 0.00589665]
1785138733514175803,[ 0.00037581  0.00293009 -0.15043807],[4.1934298e-05 4.1212257e-05 3.4488082e-02],1,[-0.00192804 -0.01071583  0.61454934],[0.12424724 0.12449953 0.08911081],[7.1282142e-01 6.9987570e-04 2.8933331e-05 7.0134532e-01],0,6,1785138733518062,1785138733518062,[-0.02473797  0.0102205   0.2415223 ],1,[0.01594706 0.01581458 0.00591801]
1785138733526120831,[ 0.0019736  -0.00106447 -0.15336755],[4.1970288e-05 4.1240757e-05 3.4488328e-02],1,[-0.00218892 -0.0105518   0.61570513],[0.12471656 0.12496991 0.08937256],[7.1324438e-01 7.0765929e-04 3.6224774e-05 7.0091516e-01],0,6,1785138733526062,1785138733526062,[-0.02586209  0.01152776  0.24183507],1,[0.01601534 0.01587993 0.00592869]
1785138733534010195,[ 0.00090852  0.00133232 -0.16002546],[4.2005729e-05 4.1269028e-05 3.4488581e-02],1,[-0.00245818 -0.01038061  0.61689097],[0.12518847 0.12544286 0.08963513],[7.1368361e-01 7.0898619e-04 4.0953397e-05 7.0046788e-01],0,6,1785138733534062,1785138733534062,[-0.02727977  0.01293608  0.2422832 ],1,[0.01608374 0.01594562 0.00593938]
1785138733545999656,[ 0.00170741 -0.00159715 -0.17067808],[4.207246e-05 4.132595e-05 3.448908e-02],1,[-0.00302373 -0.01001272  0.61932147],[0.12614013 0.1263965  0.08950987],[7.1460789e-01 7.2690856e-04 4.2396659e-05 6.9952488e-01],0,6,1785138733550062,1785138733550062,[-0.03010464  0.01608195  0.24269827],1,[0.01622122 0.01607783 0.0059388 ]
1785138733554023946,[ 0.00037032  0.00132885 -0.17760088],[4.0543753e-05 3.9835155e-05 3.4472819e-02],1,[-0.00305087 -0.00957013  0.618503  ],[0.10562964 0.10579976 0.08128022],[7.1509540e-01 7.2777487e-04 4.7563874e-05 6.9902653e-01],0,6,1785138733558062,1785138733558062,[-0.0314731   0.01771964  0.24264155],1,[0.01321362 0.01310469 0.0055444 ]
1785138733566040278,[-4.2870559e-04 -2.7889619e-06 -1.8132931e-01],[4.0575687e-05 3.9861945e-05 3.4473084e-02],1,[-0.00309209 -0.00912469  0.61776555],[0.10599502 0.10616627 0.0815158 ],[7.1559769e-01 7.2628271e-04 4.5391822e-05 6.9851226e-01],0,6,1785138733566062,1785138733566062,[-0.03243967  0.01918251  0.2427285 ],1,[0.01327279 0.01316136 0.0055549 ]
1785138733574025434,[-1.6249029e-04  7.9600140e-04 -1.9145063e-01],[4.0609593e-05 3.9888724e-05 3.4469865e-02],1,[-0.00314555 -0.00867638  0.61710703],[0.10635684 0.10653313 0.08175217],[7.1612620e-01 7.2329352e-04 4.6276084e-05 6.9797051e-01],0,6,1785138733574062,1785138733574062,[-0.03364373  0.02053073  0.24278083],1,[0.0133249  0.01321498 0.00556541]
1785138733586043519,[ 0.00196804 -0.00133451 -0.2042338 ],[4.0670941e-05 3.9942399e-05 3.4470394e-02],1,[-0.00329717 -0.00777212  0.6160184 ],[0.10709785 0.1072764  0.08222719],[7.1723884e-01 7.3232147e-04 4.9397564e-05 6.9682705e-01],0,6,1785138733590062,1785138733590062,[-0.03625169  0.02362     0.24287558],1,[0.01344382 0.01332925 0.00558644]
1785138733594206552,[-1.6250915e-04 -5.3554086e-04 -2.1009275e-01],[4.0697367e-05 3.9968752e-05 3.4470655e-02],1,[-0.00339488 -0.00731301  0.6155834 ],[0.10747151 0.10765117 0.08246586],[7.1782005e-01 7.3336117e-04 4.7645779e-05 6.9622833e-01],0,6,1785138733598062,1785138733598062,[-0.03755387  0.02537416  0.24285467],1,[0.01350402 0.01338724 0.00559696]
1785138733606056750,[ 0.00116911 -0.00026922 -0.21701695],[4.0727256e-05 3.9995859e-05 3.4470916e-02],1,[-0.00350787 -0.00684868  0.61521816],[0.10784729 0.10802802 0.0827053 ],[7.1841937e-01 7.3820236e-04 4.9619182e-05 6.9560987e-01],0,6,1785138733606062,1785138733606062,[-0.03902586  0.02708506  0.24276847],1,[0.01356513 0.01344511 0.00560748]
1785138733614027138,[ 1.03844446e-04  2.63330992e-04 -2.21810669e-01],[4.0755829e-05 4.0023326e-05 3.4471177e-02],1,[-0.00363699 -0.00637828  0.6148644 ],[0.1082252  0.108407   0.08239265],[7.1903312e-01 7.3694903e-04 4.8689755e-05 6.9497550e-01],0,6,1785138733614062,1785138733614062,[-0.04050447  0.02888652  0.24267818],1,[0.01362688 0.01350322 0.00559983]
1785138733625962406,[ 0.00143557  0.00345906 -0.23379488],[4.0790532e-05 4.0049857e-05 3.4471430e-02],1,[-0.00378169 -0.00590121  0.6145784 ],[0.10860527 0.1087881  0.08263204],[7.1967632e-01 7.3206687e-04 5.6891648e-05 6.9430935e-01],0,6,1785138733622062,1785138733622062,[-0.04199813  0.03079233  0.24279478],1,[0.01368849 0.01356155 0.00561036]
1785138733633988369,[ 0.00063649 -0.00186718 -0.24897489],[4.0858402e-05 4.0102714e-05 3.4471944e-02],1,[-0.00411798 -0.00492453  0.61420625],[0.10937186 0.10955669 0.08311313],[7.2101843e-01 7.4608158e-04 5.9356596e-05 6.9291550e-01],0,6,1785138733638062,1785138733638062,[-0.04486773  0.03434418  0.24311984],1,[0.01381308 0.01367919 0.00563142]
1785138733646010923,[-0.00122752  0.00132879 -0.2519046 ],[4.0890718e-05 4.0128780e-05 3.4465447e-02],1,[-0.00430873 -0.00442677  0.6141162 ],[0.1097518  0.10994213 0.08335485],[7.2171575e-01 7.4437301e-04 5.8907124e-05 6.9218928e-01],0,6,1785138733646062,1785138733646062,[-0.04616766  0.03607015  0.2433322 ],1,[0.01386914 0.01373487 0.00564196]
1785138733654115304,[-0.00122767  0.00292634 -0.25829622],[4.0919218e-05 4.0155232e-05 3.4465708e-02],1,[-0.00451343 -0.00392168  0.6140874 ],[0.11014044 0.11033177 0.08359734],[7.2242713e-01 7.2987913e-04 6.0238573e-05 6.9144666e-01],0,6,1785138733654062,1785138733654062,[-0.04756551  0.03792366  0.24329503],1,[0.01393214 0.01379455 0.0056525 ]
1785138733666035294,[ 6.3654210e-04 -2.9202783e-06 -2.7267727e-01],[4.0977775e-05 4.0208051e-05 3.4466222e-02],1,[-0.00496715 -0.00288563  0.6141755 ],[0.11092433 0.11111759 0.08351657],[7.2391462e-01 7.3078525e-04 7.1720780e-05 6.8988919e-01],0,6,1785138733670062,1785138733670062,[-0.05041596  0.04183662  0.24356131],1,[0.01405956 0.01391531 0.00565484]
1785138733674169242,[ 0.00090297  0.00239383 -0.2849278 ],[4.1010651e-05 4.0233725e-05 3.4466483e-02],1,[-0.00521534 -0.00235317  0.6142925 ],[0.1113196  0.11151378 0.08375975],[7.2469127e-01 7.2727655e-04 7.7780336e-05 6.8907338e-01],0,6,1785138733678062,1785138733678062,[-0.05171265  0.04401437  0.2439359 ],1,[0.01412407 0.01397589 0.00566539]
1785138733686064715,[ 0.00143544  0.00266019 -0.28785726],[4.1042636e-05 4.0259642e-05 3.4466743e-02],1,[-0.00547645 -0.00181011  0.6144663 ],[0.11171711 0.11191218 0.08400372],[7.254868e-01 7.231330e-04 8.914661e-05 6.882357e-01],0,6,1785138733686062,1785138733686062,[-0.05290354  0.04598429  0.24412611],1,[0.0141892  0.01403716 0.00567594]
1785138733694030133,[ 0.00223447  0.00266025 -0.3003741 ],[4.1077408e-05 4.0285420e-05 3.4466997e-02],1,[-0.00575066 -0.00125853  0.61469483],[0.11211687 0.11231279 0.08424848],[7.2630423e-01 7.2316808e-04 1.0230800e-04 6.8737304e-01],0,6,1785138733694062,1785138733694062,[-0.05429014  0.04777692  0.2442469 ],1,[0.01425545 0.01409872 0.0056865 ]
1785138733706056865,[ 0.00250085 -0.00373156 -0.3126247 ],[4.1145562e-05 4.0336701e-05 3.4467511e-02],1,[-6.3428860e-03 -1.2389707e-04  6.1530459e-01],[0.1129232  0.11312069 0.08474033],[7.2799659e-01 7.3544448e-04 9.4784336e-05 6.8558043e-01],0,6,1785138733710062,1785138733710062,[-0.05716259  0.05228268  0.24417435],1,[0.01438894 0.01422359 0.00570762]
1785138733714040127,[ 0.00170139  0.00052975 -0.31875017],[4.117911e-05 4.036282e-05 3.445179e-02],1,[-6.653049e-03  4.628980e-04  6.156847e-01],[0.11332215 0.1135255  0.08498745],[7.2886950e-01 7.4203982e-04 1.0028288e-04 6.8465227e-01],0,6,1785138733718062,1785138733718062,[-0.05845944  0.05442624  0.24442032],1,[0.014448   0.01428162 0.00571819]
1785138733726002046,[-0.00042953 -0.0026661  -0.32673967],[4.1211402e-05 4.0388477e-05 3.4452051e-02],1,[-0.00697771  0.00106183  0.61611414],[0.11373091 0.11393504 0.08523535],[7.2975802e-01 7.4529008e-04 9.5393465e-05 6.8370515e-01],0,6,1785138733726062,1785138733726062,[-0.06005947  0.05673517  0.2446105 ],1,[0.01451435 0.01434437 0.00572877]
1785138733734093724,[-0.00069534 -0.00053572 -0.33792496],[4.1244257e-05 4.0413910e-05 3.4452312e-02],1,[-0.00731749  0.00167381  0.61655486],[0.11414199 0.11434684 0.08489694],[7.3067260e-01 7.4619171e-04 8.7641034e-05 6.8272769e-01],0,6,1785138733734062,1785138733734062,[-0.06156461  0.05903168  0.24493349],1,[0.01458153 0.01440772 0.00571987]
1785138733746039362,[ 0.00329903 -0.00106863 -0.3570997 ],[4.1314735e-05 4.0464285e-05 3.4452818e-02],1,[-0.0080414   0.00293653  0.6175802 ],[0.11497111 0.11517731 0.08539328],[7.3257613e-01 7.5340085e-04 8.6846216e-05 6.8068475e-01],0,6,1785138733750062,1785138733750062,[-0.06455577  0.06352618  0.2453274 ],1,[0.01471916 0.01453541 0.00574103]
1785138733754070184,[-1.6273302e-04  7.9621462e-04 -3.6322498e-01],[4.1349482e-05 4.0489307e-05 3.4453072e-02],1,[-0.00842484  0.0035873   0.61816084],[0.11538918 0.115596   0.08564264],[7.335605e-01 7.561537e-04 8.904197e-05 6.796238e-01],0,6,1785138733758062,1785138733758062,[-0.06593674  0.06579801  0.24541213],1,[0.0147888  0.0146003  0.00575161]
1785138733766012616,[ 0.00196725 -0.00373161 -0.37574178],[4.1383515e-05 4.0514482e-05 3.4453325e-02],1,[-0.00882159  0.00425165  0.61878604],[0.11580963 0.11601701 0.0858928 ],[7.3457253e-01 7.6584384e-04 8.5383421e-05 6.7852980e-01],0,6,1785138733766062,1785138733766062,[-0.06731156  0.06815416  0.24573143],1,[0.01485932 0.0146656  0.0057622 ]
1785138733774035243,[ 0.00143517 -0.00080183 -0.38133448],[4.1414252e-05 4.0539344e-05 3.4453586e-02],1,[-0.00923183  0.00492994  0.6194547 ],[0.11623245 0.11644035 0.08614375],[7.3560381e-01 7.7569165e-04 8.5562679e-05 6.7741156e-01],0,6,1785138733774062,1785138733774062,[-0.06864522  0.07050164  0.24584445],1,[0.01493067 0.01473118 0.00577279]
1785138733785994608,[-1.2281156e-03  2.6329060e-04 -3.8985661e-01],[4.1448642e-05 4.0563882e-05 3.4453839e-02],1,[-0.0096553   0.00562228  0.6201656 ],[0.11665765 0.11686603 0.08639549],[7.3665255e-01 7.7181164e-04 8.1845668e-05 6.7627108e-01],0,6,1785138733782062,1785138733782062,[-0.0700366   0.07283752  0.24620585],1,[0.01500246 0.0147971  0.00578339]
1785138733794124598,[ 0.00223396 -0.00106869 -0.4071678 ],[4.1522257e-05 4.0612977e-05 3.4417607e-02],1,[-0.01054537  0.00705591  0.6216628 ],[0.1175065  0.11772142 0.08629648],[7.3882157e-01 7.7504810e-04 8.4692103e-05 6.7390072e-01],0,6,1785138733798062,1785138733798062,[-0.07307911  0.07804759  0.24685499],1,[0.01513836 0.01492479 0.00578451]
1785138733805992138,[ 2.5003187e-03 -2.6937877e-04 -4.1702148e-01],[4.1552925e-05 4.0637839e-05 3.4417868e-02],1,[-0.01101225  0.00779706  0.6224725 ],[0.11793882 0.11815414 0.08654886],[7.3993701e-01 7.8365946e-04 9.0430694e-05 6.7267573e-01],0,6,1785138733806062,1785138733806062,[-0.07453188  0.0806598   0.24697898],1,[0.01521151 0.01499167 0.00579511]
1785138733814002511,[ 3.6971585e-04  5.2971754e-04 -4.2767408e-01],[4.1584834e-05 4.0662097e-05 3.4418121e-02],1,[-0.01149264  0.00855421  0.6233208 ],[0.11837359 0.11858926 0.08680205],[7.4107760e-01 7.8467879e-04 9.5097610e-05 6.7141896e-01],0,6,1785138733814062,1785138733814062,[-0.07590429  0.0830992   0.24727356],1,[0.0152857  0.01505894 0.00580572]
1785138733825971614,[-0.01081749 -0.00772455 -0.44578364],[4.1653286e-05 4.0710529e-05 3.4418635e-02],1,[-0.01249153  0.01011734  0.62513494],[0.11925051 0.11946672 0.08731084],[7.4343204e-01 7.6463516e-04 8.6134911e-05 6.6881108e-01],0,6,1785138733830062,1785138733830062,[-0.07821009  0.08726034  0.24811922],1,[0.01543639 0.01519378 0.00582695]
1785138733834121712,[-0.01640682 -0.01358653 -0.44578364],[4.1684711e-05 4.0734532e-05 3.4418881e-02],1,[-0.01300262  0.01090363  0.626093  ],[0.11969269 0.11990909 0.08756644],[ 7.4462217e-01  7.5102015e-04 -2.3302566e-05  6.6748577e-01],0,6,1785138733838062,1785138733838062,[-0.07847118  0.08809341  0.24693488],1,[0.01551211 0.0152612  0.00583758]
1785138733845963865,[-0.00255978 -0.00293292 -0.4620289 ],[4.1716958e-05 4.0758361e-05 3.4419157e-02],1,[-0.01352548  0.01171686  0.62708366],[0.12013737 0.12035389 0.08782284],[ 7.458400e-01  7.473257e-04 -4.079792e-05  6.661247e-01],0,6,1785138733846062,1785138733846062,[-0.08059886  0.09336183  0.24842691],1,[0.01558735 0.01532973 0.00584821]
1785138733854063197,[ 0.00116899  0.00052928 -0.47081736],[4.1751813e-05 4.0782270e-05 3.4419417e-02],1,[-0.01407051  0.01256044  0.6280918 ],[0.12058457 0.12080116 0.08745688],[ 7.4708897e-01  7.4952922e-04 -4.0810985e-05  6.6472375e-01],0,6,1785138733854062,1785138733854062,[-0.08314295  0.09680285  0.24955514],1,[0.01566514 0.01539942 0.00583801]
1785138733865975772,[ 0.0014351  0.0010623 -0.4945198],[4.1833129e-05 4.0828727e-05 3.4341514e-02],1,[-0.01522018  0.01431034  0.63021743],[0.12147689 0.12169953 0.08797009],[ 7.4966919e-01  7.5493188e-04 -2.4063702e-05  6.6181231e-01],0,6,1785138733870062,1785138733870062,[-0.08683917  0.10268206  0.25023505],1,[0.01581843 0.01553281 0.00585927]
1785138733873981387,[ 1.03257946e-04 -1.06827158e-03 -5.02775550e-01],[4.1871863e-05 4.0852356e-05 3.4341760e-02],1,[-0.01581836  0.01521522  0.63133043],[0.1219316  0.12215417 0.08822791],[ 7.5099313e-01  7.5647200e-04 -2.2305345e-05  6.6030949e-01],0,6,1785138733878062,1785138733878062,[-0.08831017  0.10554738  0.2504623 ],1,[0.01589917 0.01560362 0.00586991]
1785138733886001165,[-2.0268173e-03 -3.1467061e-06 -5.1609147e-01],[4.1911033e-05 4.0875875e-05 3.4342013e-02],1,[-0.01643044  0.01613934  0.6324765 ],[0.12238888 0.12261132 0.08848654],[ 7.5234509e-01  7.5113308e-04 -2.7949103e-05  6.5876883e-01],0,6,1785138733886062,1785138733886062,[-0.08982344  0.10844827  0.25106463],1,[0.01598036 0.01567435 0.00588055]
1785138733894000668,[-2.0268173e-03 -2.6927330e-04 -5.2780932e-01],[4.1949352e-05 4.0899231e-05 3.4342274e-02],1,[-0.01705595  0.01708441  0.6336571 ],[0.12284876 0.12307099 0.08874598],[ 7.5372744e-01  7.4810919e-04 -3.2911019e-05  6.5718687e-01],0,6,1785138733894062,1785138733894062,[-0.09121019  0.1115609   0.2516445 ],1,[0.01606202 0.01574564 0.0058912 ]
1785138733906000569,[ 6.359121e-04 -5.352384e-04 -5.467178e-01],[4.202470e-05 4.094540e-05 3.434279e-02],1,[-0.01834711  0.01904172  0.63606876],[0.12377636 0.12399794 0.08862729],[ 7.5655830e-01  7.5992435e-04 -1.3658975e-05  6.5392590e-01],0,6,1785138733910062,1785138733910062,[-0.09432571  0.11803266  0.25229263],1,[0.01622727 0.01588861 0.00589105]
1785138733913983531,[-0.00096125  0.0015949  -0.5581694 ],[4.2065920e-05 4.0968313e-05 3.4343049e-02],1,[-0.01901514  0.02005447  0.63729995],[0.12424411 0.12446525 0.08888731],[ 7.5800788e-01  7.5690832e-04 -1.2713356e-05  6.5224499e-01],0,6,1785138733918062,1785138733918062,[-0.09597739  0.12127113  0.25271976],1,[0.01631146 0.0159603  0.00590171]
1785138733926050970,[ 0.00063449 -0.00080206 -0.57148373],[4.2103569e-05 4.0995041e-05 3.4199942e-02],1,[-0.01968031  0.02108915  0.63856095],[0.12470442 0.12493112 0.08914815],[ 7.5948977e-01  7.5637322e-04 -8.8659835e-06  6.5051883e-01],0,6,1785138733926062,1785138733926062,[-0.09723657  0.1245828   0.25304204],1,[0.01639193 0.01602661 0.00591236]
1785138733934045824,[ 0.00170067  0.00079573 -0.5813374 ],[4.2141484e-05 4.1017785e-05 3.4200188e-02],1,[-0.02035761  0.02214821  0.63985175],[0.12517738 0.12540351 0.0894098 ],[ 7.6097751e-01  7.6035608e-04 -5.2760406e-06  6.4877778e-01],0,6,1785138733934062,1785138733934062,[-0.09855476  0.12811963  0.2534324 ],1,[0.01647728 0.01609903 0.00592303]
1785138733946138129,[ 6.3532387e-04 -5.3543213e-04 -6.0477328e-01],[4.2217878e-05 4.1062856e-05 3.4200709e-02],1,[-0.02175256  0.02434295  0.6425207 ],[0.12613142 0.12635612 0.08993556],[ 7.6402491e-01  7.6883414e-04 -9.7383759e-07  6.4518631e-01],0,6,1785138733950062,1785138733950062,[-0.10149813  0.13518377  0.2543634 ],1,[0.01665444 0.01624636 0.00594437]
1785138733954392725,[ 1.4354449e-03  5.3071865e-04 -6.1622512e-01],[4.0621657e-05 3.9576291e-05 3.3971943e-02],1,[-0.0226074   0.02545038  0.6416687 ],[0.10561362 0.10579132 0.08163202],[7.6558918e-01 7.6824601e-04 6.6037569e-06 6.4332926e-01],0,6,1785138733958062,1785138733958062,[-0.10305389  0.13897684  0.25429624],1,[0.01353854 0.01323367 0.00554798]
1785138733966081197,[ 0.00223479 -0.00186602 -0.62954086],[4.0658113e-05 3.9597177e-05 3.3972207e-02],1,[-0.02347291  0.02658647  0.64090085],[0.10597853 0.10615689 0.0818684 ],[7.6717681e-01 7.7965955e-04 7.3716037e-06 6.4143515e-01],0,6,1785138733966062,1785138733966062,[-0.10454026  0.14276825  0.2543502 ],1,[0.01361368 0.01329628 0.00555847]
1785138733974132929,[ 1.1693463e-03 -1.4667166e-06 -6.3966084e-01],[4.0692077e-05 3.9618040e-05 3.3972461e-02],1,[-0.02434854  0.02775039  0.64019847],[0.10634556 0.10652453 0.08156378],[7.6878780e-01 7.8444747e-04 1.4470166e-05 6.3950348e-01],0,6,1785138733974062,1785138733974062,[-0.10596062  0.14648473  0.25458747],1,[0.01369198 0.01335882 0.00555125]
1785138733986104276,[ 0.00170174 -0.00080082 -0.6652273 ],[4.079415e-05 3.966317e-05 3.397293e-02],1,[-0.02612857  0.03016301  0.6390355 ],[0.10708601 0.10726608 0.08203723],[7.7210003e-01 7.9287891e-04 2.0280209e-05 6.3550049e-01],0,6,1785138733990062,1785138733990062,[-0.10865682  0.1542002   0.25471997],1,[0.01382596 0.01347968 0.00557222]
1785138733994217504,[-0.00149345 -0.00133294 -0.6766797 ],[4.0840201e-05 3.9682945e-05 3.3723023e-02],1,[-0.02703306  0.03141478  0.6385694 ],[0.10745342 0.10763814 0.0822751 ],[7.7378857e-01 7.9544884e-04 1.6062686e-05 6.3344347e-01],0,6,1785138733998062,1785138733998062,[-0.10980822  0.15834695  0.254868  ],1,[0.01392289 0.01354136 0.00558273]
1785138734006036312,[-0.00149308  0.00212881 -0.69132704],[4.0879131e-05 3.9703125e-05 3.3723284e-02],1,[-0.02794666  0.03269648  0.6381779 ],[0.107829   0.10801414 0.08251374],[7.7550942e-01 7.8880746e-04 1.8128525e-05 6.3133568e-01],0,6,1785138734006062,1785138734006062,[-0.11117664  0.1621177   0.25500402],1,[0.01400906 0.01361079 0.00559325]
1785138734014066132,[-6.9518900e-04  1.8621234e-03 -7.0437652e-01],[4.0916500e-05 3.9722898e-05 3.3723544e-02],1,[-0.02886938  0.03400689  0.63785815],[0.10820678 0.10839225 0.08275316],[7.7726060e-01 7.7711302e-04 2.6447286e-05 6.2917840e-01],0,6,1785138734014062,1785138734014062,[-0.11240412  0.16604428  0.25491223],1,[0.01409245 0.01367795 0.00560377]
1785138734026092072,[-4.2856100e-04 -8.0059527e-04 -7.2648066e-01],[4.099214e-05 3.976226e-05 3.372406e-02],1,[-0.03073736  0.03671649  0.63741267],[0.10896896 0.10915487 0.08267762],[7.8083265e-01 7.7638024e-04 2.4602457e-05 6.2473989e-01],0,6,1785138734030062,1785138734030062,[-0.11444102  0.17386316  0.25477877],1,[0.01426175 0.01381127 0.00560652]
1785138734034197286,[-4.2797928e-04  2.6611884e-03 -7.3979658e-01],[4.1031613e-05 3.9782335e-05 3.3724304e-02],1,[-0.03168179  0.03811625  0.6372826 ],[0.1093534  0.10953942 0.08291774],[7.8265274e-01 7.6906610e-04 3.1173626e-05 6.2245822e-01],0,6,1785138734038062,1785138734038062,[-0.11541278  0.17790198  0.25448275],1,[0.01434736 0.01387764 0.00561704]
1785138734046026223,[-1.6178878e-04  2.1288206e-03 -7.5284600e-01],[4.1071711e-05 3.9802133e-05 3.3724573e-02],1,[-0.03263254  0.03954738  0.6372149 ],[0.10974009 0.10992614 0.08315864],[7.8449851e-01 7.6490792e-04 3.8960035e-05 6.2013030e-01],0,6,1785138734046062,1785138734046062,[-0.11630899  0.18212411  0.25436434],1,[0.01443579 0.01394372 0.00562757]
1785138734054115486,[-4.4236556e-03  5.3159631e-04 -7.6323229e-01],[4.1109612e-05 3.9821047e-05 3.3724826e-02],1,[-0.03358798  0.04101035  0.63720864],[0.11012906 0.11031505 0.08340032],[7.8636533e-01 7.5153809e-04 3.9534596e-05 6.1776131e-01],0,6,1785138734054062,1785138734054062,[-0.1168429   0.18619393  0.2542309 ],1,[0.01452681 0.01401053 0.0056381 ]
1785138734066092754,[-0.00841647 -0.00186565 -0.7845384 ],[4.1203053e-05 3.9847822e-05 3.3317551e-02],1,[-0.03554031  0.04402328  0.6373664 ],[0.11090772 0.11109726 0.083886  ],[ 7.9019159e-01  7.0659566e-04 -3.3329395e-06  6.1285955e-01],0,6,1785138734070062,1785138734070062,[-0.11795152  0.194229    0.25303307],1,[0.014709   0.0141404  0.00565919]
1785138734074151208,[-0.01587311  0.00079807 -0.796789  ],[4.1241961e-05 3.9866885e-05 3.3317812e-02],1,[-0.03652033  0.04557746  0.63752425],[0.11130358 0.11149275 0.08413002],[ 7.9215592e-01  6.6084211e-04 -3.4661156e-05  6.1031848e-01],0,6,1785138734078062,1785138734078062,[-0.11842816  0.1983917   0.25261435],1,[0.01480357 0.01420721 0.00566974]
1785138734086010463,[-1.8270450e-02 -5.3429836e-04 -8.0850691e-01],[4.1282190e-05 3.9885730e-05 3.3318073e-02],1,[-0.03750325  0.047163    0.63773507],[0.11170179 0.11189048 0.08437482],[ 7.9413986e-01  6.0382590e-04 -7.6651268e-05  6.0773474e-01],0,6,1785138734086062,1785138734086062,[-0.11893313  0.20238258  0.25230855],1,[0.01490145 0.01427466 0.00568029]
1785138734094224672,[-0.01773776 -0.0010669  -0.81649643],[4.1321968e-05 3.9904564e-05 3.3318318e-02],1,[-0.0384876   0.04877778  0.63796055],[0.11210237 0.11229046 0.08404507],[ 7.96140015e-01  5.50120545e-04 -1.19423516e-04  6.05112195e-01],0,6,1785138734094062,1785138734094062,[-0.11907598  0.20604038  0.2518163 ],1,[0.01500057 0.01434333 0.00567186]
1785138734106100488,[-0.02572709  0.00106449 -0.83833426],[4.1402622e-05 3.9941813e-05 3.3318833e-02],1,[-0.040452    0.05209314  0.63855654],[0.11291067 0.11309722 0.08453523],[ 8.0018288e-01  4.1104484e-04 -2.1947647e-04  5.9975582e-01],0,6,1785138734110062,1785138734110062,[-0.11897304  0.213592    0.25050843],1,[0.01520492 0.01448199 0.00569299]
1785138734114168891,[-0.03984595 -0.01438014 -0.8583079 ],[4.1446285e-05 3.9960210e-05 3.3319086e-02],1,[-0.04143108  0.05379219  0.6389238 ],[0.11331845 0.11350402 0.0847815 ],[ 8.0224377e-01  3.1694173e-04 -3.2381041e-04  5.9699649e-01],0,6,1785138734118062,1785138734118062,[-0.11831014  0.21649806  0.25056303],1,[0.01531057 0.01455149 0.00570356]
1785138734126114459,[-0.04010476 -0.01678208 -0.8732219 ],[4.1486674e-05 3.9978568e-05 3.3319362e-02],1,[-0.04240256  0.05551176  0.6393432 ],[0.11372866 0.11391313 0.08502855],[ 8.0434912e-01  2.2984535e-04 -5.0068519e-04  5.9415680e-01],0,6,1785138734126062,1785138734126062,[-0.11826899  0.21991529  0.24990158],1,[0.01541654 0.01462081 0.00571414]
1785138734134035474,[-0.03850927  0.00133096 -0.870028  ],[4.1533051e-05 3.9995561e-05 3.2622527e-02],1,[-0.04337578  0.05726783  0.6397969 ],[0.11413582 0.11432207 0.0852764 ],[ 8.06432605e-01  1.16401985e-04 -5.86370938e-04  5.91325819e-01],0,6,1785138734134062,1785138734134062,[-0.11815866  0.22436966  0.2484285 ],1,[0.01551826 0.01467815 0.00572472]
1785138734146066494,[-0.04516762  0.00159688 -0.8921322 ],[4.1617765e-05 4.0031940e-05 3.2623041e-02],1,[-0.04530806  0.0608697   0.64077795],[0.11496872 0.11515179 0.08518337],[ 8.1064564e-01 -1.5284188e-04 -7.7294314e-04  5.8553666e-01],0,6,1785138734150062,1785138734150062,[-0.11730269  0.2318863   0.24682064],1,[0.01574388 0.01481611 0.00572631]
1785138734154087297,[-0.04756479  0.00452595 -0.9009207 ],[4.1657455e-05 4.0050068e-05 3.2623280e-02],1,[-0.04626741  0.06271354  0.6413035 ],[0.11538895 0.11557018 0.08543185],[ 8.1276876e-01 -3.1045868e-04 -8.6844247e-04  5.8258557e-01],0,6,1785138734158062,1785138734158062,[-0.116696    0.23537107  0.24587198],1,[0.01585539 0.0148864  0.0057369 ]
1785138734166067541,[-5.6354504e-02 -2.6713812e-04 -9.1157311e-01],[4.1694264e-05 4.0068051e-05 3.2623541e-02],1,[-0.04722038  0.06458396  0.64186645],[0.11581173 0.11599093 0.08568113],[ 8.149092e-01 -4.873945e-04 -9.909221e-04  5.795876e-01],0,6,1785138734166062,1785138734166062,[-0.11604194  0.23885824  0.24506228],1,[0.01597039 0.01495627 0.0057475 ]
1785138734174147646,[-0.05874989  0.001596   -0.9262206 ],[4.1737116e-05 4.0085903e-05 3.2623786e-02],1,[-0.04816765  0.06648182  0.64246655],[0.11623707 0.11641406 0.08593121],[ 8.1706655e-01 -6.7604071e-04 -1.1244186e-03  5.7654190e-01],0,6,1785138734174062,1785138734174062,[-0.11542031  0.24241212  0.2443002 ],1,[0.01608626 0.01502523 0.0057581 ]
1785138734186146445,[-0.06940235  0.00346052 -0.9509882 ],[4.1818003e-05 4.0121420e-05 3.2624278e-02],1,[-0.05003778  0.07035992  0.6437698 ],[0.11709558 0.11726751 0.08643375],[ 0.8214405  -0.00110078 -0.00142369  0.5702915 ],0,6,1785138734190062,1785138734190062,[-0.11321621  0.24939977  0.24219294],1,[0.01632473 0.01516344 0.00577932]
1785138734194110931,[-0.07313163  0.00425998 -0.95764595],[4.1857300e-05 4.0139028e-05 3.2624539e-02],1,[-0.05095737  0.07233828  0.6444702 ],[0.11752879 0.11769786 0.08668621],[ 0.8236397  -0.00134095 -0.00157528  0.5671098 ],0,6,1785138734198062,1785138734198062,[-0.11208283  0.25269458  0.24140613],1,[0.01644939 0.01523239 0.00578994]
1785138734206130640,[-0.08085484  0.00479223 -0.97202843],[4.1899144e-05 4.0155883e-05 3.1571124e-02],1,[-0.05186247  0.07434454  0.6452023 ],[0.11796047 0.11812777 0.08693947],[ 0.82585716 -0.0016066  -0.00174518  0.56387454],0,6,1785138734206062,1785138734206062,[-0.11116129  0.2559404   0.24033928],1,[0.01655199 0.01528034 0.00580057]
1785138734214046725,[-0.08511608  0.00425977 -0.9816159 ],[4.1942054e-05 4.0173833e-05 3.1571370e-02],1,[-0.05275909  0.07637564  0.6459336 ],[0.1183991  0.11856293 0.08658281],[ 0.8280832  -0.00188521 -0.00192531  0.56059885],0,6,1785138734214062,1785138734214062,[-0.11016322  0.25912783  0.23924647],1,[0.01667321 0.01534787 0.00579087]
1785138734226090429,[-0.09603459  0.00612384 -1.0047855 ],[4.2028936e-05 4.0210678e-05 3.1571861e-02],1,[-0.05452597  0.0805117   0.6474803 ],[0.11928453 0.11944064 0.08708978],[ 0.83256775 -0.00250582 -0.00232175  0.55391276],0,6,1785138734230062,1785138734230062,[-0.10809985  0.26550445  0.23676297],1,[0.01692956 0.01548275 0.00581213]
1785138734234343411,[-0.10402443  0.0077223  -1.0167696 ],[4.2071522e-05 4.0230781e-05 3.1572115e-02],1,[-0.05539651  0.08261552  0.6482935 ],[0.11973137 0.11988321 0.08734447],[ 0.8348292  -0.00285204 -0.00253169  0.550496  ],0,6,1785138734238062,1785138734238062,[-0.10716356  0.26831514  0.23563482],1,[0.017057   0.01555051 0.00582276]
1785138734246091886,[-0.10828523  0.01011775 -1.0276887 ],[4.2115353e-05 4.0251729e-05 3.1572353e-02],1,[-0.05625793  0.0847415   0.6491326 ],[0.12018101 0.12032828 0.08759996],[ 0.8370986  -0.00322341 -0.00274883  0.5470358 ],0,6,1785138734246062,1785138734246062,[-0.10594881  0.27127206  0.23455828],1,[0.0171809  0.01561619 0.00583339]
1785138734254138318,[-0.11467691  0.01065173 -1.0410043 ],[4.2159369e-05 4.0274295e-05 3.1572592e-02],1,[-0.05710784  0.08689095  0.6499977 ],[0.12063345 0.12077587 0.08785626],[ 0.83938086 -0.00361077 -0.00297347  0.5435236 ],0,6,1785138734254119,1785138734254119,[-0.10445289  0.27435488  0.23359083],1,[0.01730774 0.01568031 0.00584403]
1785138734266084728,[-0.13145527  0.0071893  -1.0758919 ],[4.2255306e-05 4.0332670e-05 3.1573076e-02],1,[-0.05877465  0.09125766  0.65176886],[0.12154683 0.12167864 0.087744  ],[ 0.8440103  -0.00446889 -0.0034885   0.53629714],0,6,1785138734270119,1785138734270119,[-0.10200543  0.2798302   0.23118684],1,[0.01755174 0.01580668 0.00584437]
1785138734274131330,[-0.13678065  0.01171641 -1.0852141 ],[4.2337520e-05 4.0379022e-05 3.0090872e-02],1,[-0.05959067  0.09347193  0.652672  ],[0.12200496 0.12213033 0.08800089],[ 0.84634095 -0.00493238 -0.00376244  0.5326056 ],0,6,1785138734278119,1785138734278119,[-0.10062616  0.28220895  0.22974005],1,[0.01762372 0.01584694 0.00585501]
1785138734286114419,[-0.14477196  0.00985215 -1.10066   ],[4.2382635e-05 4.0422230e-05 3.0091085e-02],1,[-0.06039427  0.09570432  0.6535954 ],[0.12246885 0.12258798 0.08825859],[ 0.8486733  -0.00542367 -0.00405097  0.5288742 ],0,6,1785138734286119,1785138734286119,[-0.09902772  0.28457603  0.2284596 ],1,[0.01776516 0.01591318 0.00586567]
1785138734294121186,[-0.15142791  0.01278181 -1.1185036 ],[4.2424537e-05 4.0472987e-05 3.0091293e-02],1,[-0.06118475  0.0979552   0.6545402 ],[0.1229357  0.1230482  0.08851709],[ 0.85102546 -0.00593683 -0.00435241  0.52507305],0,6,1785138734294119,1785138734294119,[-0.0974729   0.28692102  0.22743793],1,[0.0178954  0.01597661 0.00587633]
1785138734306079087,[-0.16660844  0.02023836 -1.1523256 ],[4.2507523e-05 4.0603674e-05 3.0091688e-02],1,[-0.06272246  0.10250733  0.656492  ],[0.12387825 0.12397642 0.08903655],[ 0.85577977 -0.00706652 -0.00496305  0.51726836],0,6,1785138734310119,1785138734310119,[-0.0936725  0.2911826  0.2251491],1,[0.01815865 0.016105   0.00589765]
1785138734314096784,[-0.17353337  0.01837462 -1.1717665 ],[4.2551481e-05 4.0692983e-05 3.0091852e-02],1,[-0.06346741  0.10480895  0.65742725],[0.124354   0.12444443 0.08865704],[ 0.8581853  -0.00766794 -0.00528664  0.5132556 ],0,6,1785138734318119,1785138734318119,[-0.09165809  0.29353032  0.22383416],1,[0.01828928 0.01616853 0.00588688]
1785138734326103678,[-0.17992474  0.02103642 -1.1925392 ],[4.2597076e-05 4.0799099e-05 3.0092001e-02],1,[-0.06419516  0.10712813  0.6583814 ],[0.12483276 0.12491506 0.08891693],[ 0.86061156 -0.00830111 -0.0056189   0.5091633 ],0,6,1785138734326119,1785138734326119,[-0.08958347  0.29563788  0.22257453],1,[0.01842218 0.01623257 0.00589754]
1785138734334100065,[-0.18338633  0.02396694 -1.2106489 ],[4.2645810e-05 4.0924759e-05 3.0092131e-02],1,[-0.0649075   0.10946291  0.65935457],[0.12531456 0.12538832 0.08917763],[ 0.8630567  -0.00894652 -0.00594875  0.50499266],0,6,1785138734334119,1785138734334119,[-0.08781575  0.29764587  0.22141963],1,[0.01855684 0.01629496 0.00590821]
1785138734346191029,[-0.19803472  0.02716386 -1.2548571 ],[4.2733376e-05 4.1226340e-05 2.8163619e-02],1,[-0.06628246  0.11417361  0.66135615],[0.1262843  0.12633826 0.0897015 ],[ 0.86800426 -0.0103143  -0.00662798  0.49640548],0,6,1785138734350119,1785138734350119,[-0.08344339  0.3009285   0.21910721],1,[0.01871778 0.01638859 0.00592955]
1785138734354307843,[-0.21081728  0.02849546 -1.2809561 ],[4.0999352e-05 4.0092909e-05 2.7421942e-02],1,[-0.06698444  0.11658135  0.66011745],[0.10559248 0.10576151 0.08144166],[ 0.87051064 -0.01105717 -0.0069959   0.4919757 ],0,6,1785138734358119,1785138734358119,[-0.08078978  0.30243978  0.21684606],1,[0.01499957 0.01332397 0.00553552]
1785138734366132843,[-0.21800768  0.03275509 -1.307854  ],[4.1042531e-05 4.0349132e-05 2.7421927e-02],1,[-0.06766384  0.11899919  0.6589473 ],[0.10595794 0.10612732 0.08167724],[ 0.87304795 -0.01183871 -0.00736826  0.487435  ],0,6,1785138734366119,1785138734366119,[-0.07817193  0.30386826  0.21454708],1,[0.01510687 0.01337832 0.00554601]
1785138734374150391,[-0.22812767  0.03462099 -1.3328876 ],[4.1086212e-05 4.0652587e-05 2.7421871e-02],1,[-0.06831981  0.12142639  0.657842  ],[0.10632572 0.10649524 0.08191359],[ 0.8756062  -0.01265078 -0.00775059  0.48279792],0,6,1785138734374119,1785138734374119,[-0.07527114  0.30507594  0.21188325],1,[0.01521481 0.01343299 0.00555651]
1785138734386121236,[-0.26195133  0.04500696 -1.4007978 ],[4.1171414e-05 4.1400745e-05 2.7421614e-02],1,[-0.06955526  0.12629834  0.6556964 ],[0.10706835 0.10723747 0.08184467],[ 0.88082635 -0.01448216 -0.00855057  0.47314078],0,6,1785138734390119,1785138734390119,[-0.06879912  0.30638102  0.20439692],1,[0.01542935 0.01354374 0.00555979]
1785138734394175473,[-0.28458583  0.05113482 -1.4407458 ],[4.1211606e-05 4.1866093e-05 2.7421391e-02],1,[-0.07012843  0.12873723  0.6546916 ],[0.10744324 0.10761181 0.08208175],[ 0.8834988  -0.01550724 -0.00898589  0.46809056],0,6,1785138734398119,1785138734398119,[-0.06496511  0.30658165  0.19960031],1,[0.01553713 0.01359858 0.00557029]
1785138734406110882,[-0.3080229   0.05353086 -1.4873511 ],[4.1252133e-05 4.2391228e-05 2.7421106e-02],1,[-0.07066862  0.1311752   0.65372294],[0.10782053 0.10798829 0.0823196 ],[ 0.88622177 -0.01662116 -0.00945559  0.46286657],0,6,1785138734406119,1785138734406119,[-0.06076694  0.30634815  0.1940936 ],1,[0.0156477  0.01365253 0.00558079]
1785138734414150040,[-0.33651742  0.06178844 -1.5382175 ],[4.1293359e-05 4.3006188e-05 2.7420733e-02],1,[-0.07117198  0.13360797  0.6527797 ],[0.10820024 0.10836694 0.08255821],[ 0.88900167 -0.01783933 -0.00995274  0.45744818],0,6,1785138734414119,1785138734414119,[-0.05609842  0.30564898  0.18739359],1,[0.01575608 0.01370853 0.0055913 ]
1785138734427069350,[-0.38898605  0.05379597 -1.6575271 ],[4.1387084e-05 4.4152508e-05 2.5172181e-02],1,[-0.07205173  0.13844597  0.6509251 ],[0.10896423 0.10912965 0.08303776],[ 0.8947385  -0.0205566  -0.0111178   0.44597846],0,6,1785138734430119,1785138734430119,[-0.04588172  0.30248004  0.17033291],1,[0.01584067 0.01380045 0.00561231]
1785138747946089838,[-0.4172175   0.04261324 -1.7182465 ],[4.1432897e-05 4.4995602e-05 2.5171570e-02],1,[-0.07243044  0.1408364   0.6499526 ],[0.10935151 0.10951483 0.0827214 ],[ 0.8977025  -0.02202805 -0.0118213   0.4398925 ],0,6,1785138734438119,1785138734438119,[-0.04122503  0.299422    0.15911263],1,[0.01594149 0.01385646 0.00560454]
1785138747946921061,[-0.44385144  0.02237161 -1.7776346 ],[4.1480384e-05 4.5942765e-05 2.5170861e-02],1,[-0.07277171  0.14319807  0.6489511 ],[0.10974129 0.10990223 0.08296149],[ 0.90072364 -0.02356483 -0.01264476  0.43356887],0,6,1785138734446119,1785138734446119,[-0.0366304   0.29565474  0.1463195 ],1,[0.01604253 0.01391291 0.00561504]
1785138747947418612,[-0.46169615 -0.00479631 -1.8370227 ],[4.1524250e-05 4.7011428e-05 2.5170024e-02],1,[-0.07307513  0.14552902  0.6479099 ],[0.11013357 0.11029183 0.08320235],[ 0.9037956  -0.02512783 -0.01360258  0.42700955],0,6,1785138734454119,1785138734454119,[-0.0320245   0.29208368  0.1328723 ],1,[0.01614118 0.01396893 0.00562555]
1785138747947964835,[-0.46621832 -0.03063485 -1.949143  ],[4.1609062e-05 4.9554095e-05 2.5167949e-02],1,[-0.07357153  0.15009706  0.64569086],[0.11092574 0.11107775 0.08368642],[ 0.91006744 -0.02821744 -0.01575283  0.41319862],0,6,1785138734470119,1785138734470119,[-0.02302611  0.28391665  0.10572314],1,[0.01634451 0.01408153 0.00564658]
1785138747948336458,[-0.45902812 -0.04448281 -1.99202   ],[4.1652667e-05 5.1051065e-05 2.5166698e-02],1,[-0.0737635  0.1523272  0.6445109],[0.11132567 0.11147408 0.08392962],[ 0.91323847 -0.02970195 -0.01688835  0.4059902 ],0,6,1785138734478119,1785138734478119,[-0.01831747  0.2793178   0.09249711],1,[0.01644526 0.0141384  0.0056571 ]
1785138747948798703,[-0.43106166 -0.04741975 -2.028772  ],[4.1695843e-05 5.2668060e-05 2.5165314e-02],1,[-0.07391734  0.15452002  0.6432871 ],[0.11172817 0.11187268 0.0841736 ],[ 0.9164135  -0.03109264 -0.01801173  0.3986167 ],0,6,1785138734486119,1785138734486119,[-0.01367481  0.27489647  0.08013319],1,[0.01654504 0.0141967  0.00566763]
1785138747949468720,[-0.3975062  -0.04928577 -2.0655243 ],[4.1738611e-05 5.3065382e-05 2.2601072e-02],1,[-0.07403265  0.15667768  0.6420234 ],[0.11213148 0.11227234 0.08441836],[ 0.9195868  -0.03235602 -0.01909326  0.39108673],0,6,1785138734494119,1785138734494119,[-0.00930401  0.27033722  0.06828194],1,[0.01646849 0.01423831 0.00567815]
1785138747950023460,[-0.31334677 -0.03357284 -2.1163914 ],[4.1828447e-05 5.6830137e-05 2.2597741e-02],1,[-0.07415126  0.16087808  0.639331  ],[0.11294945 0.11308084 0.08433264],[ 0.9258553  -0.03443992 -0.02099865  0.3757193 ],0,6,1785138734510119,1785138734510119,[2.1879647e-04 2.6103327e-01 4.7232658e-02],1,[0.01665315 0.01435562 0.00568021]
1785138747950287249,[-0.2670084  -0.02452214 -2.1342344 ],[4.1872914e-05 5.9042606e-05 2.2595752e-02],1,[-0.0741534   0.16292153  0.6379458 ],[0.11336236 0.11348855 0.08457807],[ 0.9289471  -0.03525653 -0.02180795  0.36788428],0,6,1785138734518119,1785138734518119,[0.00484985 0.25635007 0.03809667],1,[0.01674543 0.01441516 0.00569073]
1785138747950719416,[-0.21374498 -0.01546863 -2.145153  ],[4.1918775e-05 6.1472754e-05 2.2593547e-02],1,[-0.07411729  0.16492584  0.63654286],[0.11377793 0.11389859 0.08482429],[ 0.9319981  -0.03588859 -0.02250767  0.3599791 ],0,6,1785138734526119,1785138734526119,[0.00970468 0.25148267 0.02981746],1,[0.0168355  0.01447503 0.00570125]
1785138747951025124,[-0.16554062 -0.00507867 -2.15767   ],[4.1959167e-05 6.4233944e-05 2.2591006e-02],1,[-0.0740419   0.16689084  0.6351266 ],[0.11419614 0.11431096 0.0850713 ],[ 0.93500763 -0.03634151 -0.02309889  0.35200354],0,6,1785138734534119,1785138734534119,[0.01460599 0.24671236 0.02219137],1,[0.01692139 0.01453596 0.00571177]
1785138747951335712,[-0.07339543  0.01542826 -2.1653934 ],[4.2036241e-05 7.0965449e-05 2.2584742e-02],1,[-0.0737676   0.17070246  0.6322738 ],[0.11504062 0.11514279 0.08556769],[ 0.9408653  -0.03675914 -0.0239783   0.33592626],0,6,1785138734550119,1785138734550119,[0.02494312 0.2369526  0.00924546],1,[0.01708269 0.01465955 0.0057328 ]
1785138747951565807,[-0.03717643  0.02448599 -2.160067  ],[4.2076870e-05 7.5106756e-05 2.2580827e-02],1,[-0.07356942  0.17254776  0.6308102 ],[0.11546689 0.11556228 0.0852254 ],[ 0.9437003  -0.03675401 -0.02427449  0.3278563 ],0,6,1785138734558119,1785138734558119,[0.0298154  0.23180385 0.00352334],1,[0.01715701 0.0147228  0.00572373]
1785138747951998125,[ 0.00596416  0.0311405  -2.1499486 ],[4.2114880e-05 7.5207150e-05 1.9798562e-02],1,[-0.07332958  0.17435347  0.6293498 ],[0.1158917  0.1159828  0.08547385],[ 0.946461   -0.03660307 -0.02448286  0.31980056],0,6,1785138734566119,1785138734566119,[ 0.03475189  0.22673133 -0.00150929],1,[0.017015   0.01478007 0.00573422]
1785138747952270049,[ 0.03792341  0.03727131 -2.1435566 ],[4.2160176e-05 8.0083075e-05 1.9793892e-02],1,[-0.07305042  0.17611842  0.62789625],[0.11632301 0.11640707 0.08572309],[ 0.9491438  -0.03632138 -0.02462307  0.31176984],0,6,1785138734574119,1785138734574119,[ 0.0395595   0.22176062 -0.00615187],1,[0.01708164 0.01484777 0.00574471]
1785138747952862610,[ 0.09970766  0.04925397 -2.1102672 ],[4.2322754e-05 9.1998190e-05 1.9782323e-02],1,[-0.07237616  0.17952962  0.6250169 ],[0.11719374 0.117263   0.08622395],[ 0.95426846 -0.03544128 -0.02470613  0.29581305],0,6,1785138734590119,1785138734590119,[ 0.04939121  0.21212462 -0.01413475],1,[0.01718254 0.01499141 0.00576565]
1785138747952941319,[ 0.12820482  0.05538027 -2.090826  ],[4.2472398e-05 9.9216282e-05 1.9775212e-02],1,[-0.07197966  0.18117672  0.6235959 ],[0.11763315 0.1176947  0.08647557],[ 0.95670664 -0.03483565 -0.0246574   0.2879079 ],0,6,1785138734598119,1785138734598119,[ 0.05421662  0.2072806  -0.01750862],1,[0.01722061 0.01506739 0.00577611]
1785138747953437839,[ 0.14604783  0.0663043  -2.0708523 ],[4.2706342e-05 1.0725280e-04 1.9767193e-02],1,[-0.07154465  0.18278496  0.6221897 ],[0.11807524 0.11812893 0.08672798],[ 0.9590602  -0.0341602  -0.02453743  0.28006154],0,6,1785138734606119,1785138734606119,[ 0.05903009  0.2025093  -0.02062328],1,[0.01726264 0.01514523 0.00578658]
1785138747953672082,[ 0.1625582   0.06843369 -2.0479486 ],[4.3043092e-05 1.1592285e-04 1.9758441e-02],1,[-0.0710703   0.18435451  0.6207989 ],[0.11852004 0.11856569 0.0869812 ],[ 0.9613293  -0.03342696 -0.0243839   0.27227616],0,6,1785138734614119,1785138734614119,[ 0.06400521  0.197777   -0.02358121],1,[0.0173029  0.0152246  0.00579705]
1785138747954073531,[ 0.19664794  0.08441444 -1.9896258 ],[4.4044078e-05 1.3451968e-04 1.9739352e-02],1,[-0.07000978  0.18738382  0.61795396],[0.11941777 0.11944692 0.08687694],[ 0.96559435 -0.03177463 -0.02391144  0.2569948 ],0,6,1785138734630119,1785138734630119,[ 0.07290093  0.18883543 -0.02878952],1,[0.01736861 0.01538715 0.00579765]
1785138747954456095,[ 0.20969583  0.09027261 -1.9600651 ],[4.4562126e-05 1.2874787e-04 1.6780403e-02],1,[-0.06942207  0.18884562  0.6165593 ],[0.1198587  0.11989004 0.08713078],[ 0.9675964  -0.03088091 -0.02360723  0.24949208],0,6,1785138734638119,1785138734638119,[ 0.07730092  0.18428054 -0.03130341],1,[0.01720669 0.01546915 0.00580811]
1785138747954679237,[ 0.21608953  0.0998629  -1.9283735 ],[4.5318371e-05 1.3633090e-04 1.6772296e-02],1,[-0.06879947  0.19027063  0.6151819 ],[0.12031357 0.12033711 0.08738541],[ 0.9695126  -0.02996251 -0.02325819  0.24208823],0,6,1785138734646119,1785138734646119,[ 0.08162779  0.17975023 -0.03358456],1,[0.01724658 0.01555288 0.00581858]
1785138747954903451,[ 0.22087964  0.09906444 -1.8958832 ],[4.6170553e-05 1.4327091e-04 1.6764745e-02],1,[-0.06814163  0.19166036  0.6138243 ],[0.12077112 0.1207868  0.08764084],[ 0.9713418  -0.02902699 -0.02289141  0.23479475],0,6,1785138734654119,1785138734654119,[ 0.08610544  0.17560175 -0.03555493],1,[0.01728506 0.01563752 0.00582904]
1785138747955243504,[ 0.22967024  0.11131729 -1.8324995 ],[4.8121437e-05 1.5474710e-04 1.6751802e-02],1,[-0.06672571  0.19434741  0.6111672 ],[0.12169429 0.12169407 0.08815413],[ 0.97475106 -0.02710035 -0.02207343  0.22054219],0,6,1785138734670119,1785138734670119,[ 0.09408396  0.168043   -0.03929904],1,[0.01736498 0.01580924 0.00585   ]
1785138747955518825,[ 0.23286612  0.11557522 -1.794949  ],[4.9193521e-05 1.5891055e-04 1.6746804e-02],1,[-0.06597013  0.19564499  0.6098063 ],[0.1221599  0.12215167 0.08778413],[ 0.97633374 -0.02613735 -0.02162416  0.21359216],0,6,1785138734678119,1785138734678119,[ 0.09804717  0.16427502 -0.04095007],1,[0.01740302 0.01589646 0.00583955]
1785138747955880399,[ 0.22807205  0.12063916 -1.7608604 ],[5.0312192e-05 1.6190285e-04 1.6742932e-02],1,[-0.06518321  0.19691145  0.6084672 ],[0.12262819 0.12261193 0.08804096],[ 0.97783786 -0.02518663 -0.02115075  0.20676446],0,6,1785138734686119,1785138734686119,[ 0.10192526  0.16034067 -0.04239033],1,[0.01744255 0.01598481 0.00585003]
1785138747956198801,[ 0.22168055  0.1262312  -1.7265056 ],[5.1471197e-05 1.6379158e-04 1.6740125e-02],1,[-0.06436579  0.19814757  0.60714984],[0.12309917 0.12307485 0.0882986 ],[ 0.9792665  -0.0242685  -0.02065675  0.20005378],0,6,1785138734694119,1785138734694119,[ 0.10557715  0.15670192 -0.04392417],1,[0.01748153 0.01607467 0.00586051]
1785138747956538584,[ 0.21289334  0.13608421 -1.6484752 ],[5.2441508e-05 1.4384618e-04 1.3927297e-02],1,[-0.06263898  0.20053491  0.60457754],[0.12402652 0.12400773 0.08881631],[ 0.98189783 -0.02249586 -0.01961362  0.18704571],0,6,1785138734710119,1785138734710119,[ 0.11231454  0.1494926  -0.04658633],1,[0.01741486 0.01625377 0.00588149]
1785138747956764962,[ 0.20942995  0.14380853 -1.6117237 ],[5.3425341e-05 1.4282414e-04 1.3927568e-02],1,[-0.06173568  0.20168552  0.6033218 ],[0.12450466 0.12447879 0.08907638],[ 0.9831094  -0.02164303 -0.01904534  0.18073407],0,6,1785138734718119,1785138734718119,[ 0.1154433   0.14589928 -0.04789305],1,[0.01746027 0.01634568 0.00589199]
1785138747957039572,[ 0.19797748  0.14460804 -1.5712436 ],[5.4403441e-05 1.4108287e-04 1.3928557e-02],1,[-0.0608078   0.20280854  0.6020575 ],[0.12498547 0.12495257 0.08869623],[ 0.9842509  -0.02083639 -0.0184743   0.17457029],0,6,1785138734726119,1785138734726119,[ 0.11845992  0.14265186 -0.04908653],1,[0.01750728 0.0164385  0.00588108]
1785138747957268986,[ 0.18732601  0.15073343 -1.5387529 ],[5.5347569e-05 1.3878979e-04 1.3930134e-02],1,[-0.05985592  0.20390612  0.6008136 ],[0.12546898 0.1254291  0.08895606],[ 0.9853303  -0.02007662 -0.0178877   0.16852665],0,6,1785138734734119,1785138734734119,[ 0.12141509  0.13951254 -0.05020333],1,[0.01755606 0.01653242 0.00589159]
1785138747957627013,[ 0.16974825  0.1509995  -1.4631193 ],[5.7127803e-05 1.3248133e-04 1.3935117e-02],1,[-0.05787997  0.20602864  0.5983904 ],[0.12644415 0.12639046 0.08947814],[ 0.98730403 -0.01866924 -0.01671425  0.15685293],0,6,1785138734750119,1785138734750119,[ 0.12730458  0.13359372 -0.05189925],1,[0.01765648 0.01672448 0.00591263]
1785138747957811793,[ 0.15990627  0.15364176 -1.4234273 ],[5.5065582e-05 1.2599526e-04 1.3795360e-02],1,[-0.05746206  0.20816791  0.59497154],[0.10563609 0.10572027 0.08125976],[ 0.98820287 -0.01802568 -0.01611913  0.15122983],0,6,1785138734758119,1785138734758119,[ 0.12983978  0.13116963 -0.05321135],1,[0.0142025  0.01358485 0.00552099]
1785138747958160392,[ 0.14472514  0.15364325 -1.3858768 ],[5.5765038e-05 1.2210551e-04 1.3798771e-02],1,[-0.05701032  0.21026033  0.5916297 ],[0.10600561 0.10608775 0.08149461],[ 0.9890393  -0.01743096 -0.01552807  0.14579554],0,6,1785138734766119,1785138734766119,[ 0.13202105  0.12874492 -0.05448752],1,[0.01424775 0.01366854 0.00553135]
1785138747958470118,[ 0.13354123  0.15417415 -1.3443323 ],[5.4284548e-05 1.0390303e-04 1.1324244e-02],1,[-0.05652367  0.21231006  0.5883632 ],[0.10637112 0.10645506 0.08173022],[ 0.98982203 -0.01688881 -0.01494353  0.14051306],0,6,1785138734774119,1785138734774119,[ 0.13402596  0.12648216 -0.05561757],1,[0.01422926 0.01374186 0.00554172]
1785138747958820912,[ 0.10797314  0.15444092 -1.2772207 ],[5.5079567e-05 9.6749587e-05 1.1331021e-02],1,[-0.05545848  0.21627891  0.5819973 ],[0.10712033 0.10720102 0.08166069],[ 0.99125534 -0.01596521 -0.01375501  0.13026446],0,6,1785138734790119,1785138734790119,[ 0.13794969  0.12214408 -0.05776816],1,[0.01433423 0.01390927 0.00554477]
1785138747959041839,[ 0.09705463  0.15310985 -1.2425996 ],[5.5342163e-05 9.3149356e-05 1.1334566e-02],1,[-0.05488345  0.21820022  0.57889456],[0.10749818 0.10757731 0.08189702],[ 0.99190545 -0.01556958 -0.01317761  0.12533009],0,6,1785138734798119,1785138734798119,[ 0.1398019   0.11995748 -0.05881277],1,[0.01438813 0.01399452 0.00555515]
1785138747959384057,[ 0.08081033  0.15390946 -1.2045163 ],[5.5548400e-05 8.9611858e-05 1.1338104e-02],1,[-0.05428175  0.22008067  0.57586116],[0.10787823 0.10795581 0.08213412],[ 0.9925115  -0.01523661 -0.01260648  0.12054057],0,6,1785138734806119,1785138734806119,[ 0.14127478  0.11790346 -0.05976376],1,[0.01444469 0.01408116 0.00556554]
1785138747959551494,[ 0.06376483  0.15151282 -1.1680311 ],[5.5689728e-05 8.6115542e-05 1.1341665e-02],1,[-0.05365535  0.22192147  0.5728957 ],[0.10826048 0.10833655 0.08237199],[ 0.9930762  -0.01497135 -0.01204376  0.11588995],0,6,1785138734814119,1785138734814119,[ 0.14286594  0.1158701  -0.06057512],1,[0.01450448 0.01416772 0.00557595]
1785138747960070986,[ 0.03367208  0.15071344 -1.0974572 ],[5.5713052e-05 7.9466103e-05 1.1348709e-02],1,[-0.05233098  0.22548841  0.56716615],[0.10903163 0.10910479 0.08285002],[ 0.9940913  -0.01462105 -0.01095347  0.1069987 ],0,6,1785138734830119,1785138734830119,[ 0.14563759  0.11189841 -0.06165433],1,[0.01462513 0.01434363 0.00559678]
1785138747960409276,[ 0.02088728  0.14565326 -1.0628363 ],[5.5609235e-05 7.6368873e-05 1.1352114e-02],1,[-0.05163446  0.2272154   0.5644006 ],[0.10942056 0.10949232 0.0830902 ],[ 0.994546   -0.0145311  -0.01042234  0.10275516],0,6,1785138734838119,1785138734838119,[ 0.14692378  0.10982926 -0.0619643 ],1,[0.01468635 0.01443288 0.0056072 ]
1785138747960711277,[ 0.00730616  0.14192465 -1.0303463 ],[5.354167e-05 6.729168e-05 9.312625e-03],1,[-0.05091716  0.22890563  0.56165534],[0.10980276 0.10988083 0.08277315],[ 0.9949688  -0.01449527 -0.00991412  0.09863449],0,6,1785138734846119,1785138734846119,[ 0.14807388  0.107762   -0.06236602],1,[0.01471352 0.0145007  0.00559935]
1785138747960955029,[-0.01106977  0.13979541 -0.9962575 ],[5.3331227e-05 6.5047112e-05 9.3152756e-03],1,[-0.05018061  0.23055945  0.55897397],[0.11019591 0.11027306 0.08301325],[ 0.995361   -0.01452567 -0.00941765  0.09464082],0,6,1785138734854119,1785138734854119,[ 0.14898635  0.10577293 -0.06252521],1,[0.01477979 0.01458866 0.00560978]
1785138747961383629,[-0.03290832  0.13100635 -0.9320754 ],[5.272051e-05 6.100035e-05 9.320325e-03],1,[-0.04865366  0.23375867  0.55380636],[0.11098906 0.11106452 0.08349578],[ 0.99605983 -0.0147234  -0.00847938  0.08704128],0,6,1785138734870119,1785138734870119,[ 0.15067439  0.10124604 -0.06199161],1,[0.01491603 0.01476748 0.00563066]
1785138747961622732,[-0.0443599   0.12408076 -0.90038407],[5.234360e-05 5.921702e-05 9.322683e-03],1,[-0.04786551  0.23530163  0.5513173 ],[0.11138908 0.11146379 0.08373821],[ 0.9963706  -0.01489615 -0.00804813  0.08342056],0,6,1785138734878119,1785138734878119,[ 0.15138139  0.09880561 -0.06187363],1,[0.01498663 0.01485745 0.00564111]
1785138747961930113,[-0.05021814  0.12274898 -0.8697578 ],[5.1920888e-05 5.7597223e-05 9.3249232e-03],1,[-0.04706136  0.236808    0.5488892 ],[0.11179142 0.11186543 0.08398141],[ 0.9966575  -0.01509327 -0.00762728  0.07992415],0,6,1785138734886119,1785138734886119,[ 0.15218718  0.09658758 -0.06160751],1,[0.01505849 0.01494814 0.00565157]
1785138747962170338,[-0.0624692   0.11822233 -0.8391313 ],[5.147870e-05 5.612085e-05 9.327036e-03],1,[-0.04624164  0.23827937  0.5465211 ],[0.1121961  0.11226946 0.08422539],[ 0.9969223  -0.01533412 -0.00722163  0.07654265],0,6,1785138734894119,1785138734894119,[ 0.1528062   0.09427787 -0.06119449],1,[0.01513173 0.01503986 0.00566204]
1785138747962528986,[-0.07658429  0.10650328 -0.782406  ],[5.0535305e-05 5.3560601e-05 9.3309348e-03],1,[-0.04455895  0.24111313  0.5419232 ],[0.11301253 0.11308478 0.08413908],[ 0.9973899  -0.01591677 -0.00648835  0.07012811],0,6,1785138734910119,1785138734910119,[ 0.15417385  0.08947164 -0.06024366],1,[0.01528075 0.01522496 0.005664  ]
1785138747962761436,[-0.08590446  0.1030423  -0.7541757 ],[4.9040042e-05 5.0194245e-05 7.7436250e-03],1,[-0.04370101  0.24247561  0.53969043],[0.11341392 0.11349551 0.08438373],[ 0.9975959  -0.01624771 -0.0061491   0.06708689],0,6,1785138734918119,1785138734918119,[ 0.15456854  0.08687437 -0.05981328],1,[0.01533693 0.01529009 0.00567447]
1785138747963105156,[-0.09096567  0.09611669 -0.7278104 ],[4.8606249e-05 4.9409027e-05 7.7450359e-03],1,[-0.04283215  0.24380125  0.53751624],[0.11382786 0.11390934 0.08462917],[ 0.9977839  -0.01660958 -0.00582801  0.06416751],0,6,1785138734926119,1785138734926119,[ 0.15477927  0.08429399 -0.05877006],1,[0.01541511 0.0153819  0.00568495]
1785138747963428467,[-0.09682423  0.08866072 -0.696385  ],[4.8150981e-05 4.8720103e-05 7.7463686e-03],1,[-0.04195227  0.24509202  0.535402  ],[0.11424422 0.11432564 0.08487539],[ 0.9979549  -0.01698562 -0.00553886  0.06137505],0,6,1785138734934119,1785138734934119,[ 0.15509553  0.08190411 -0.05776761],1,[0.01549426 0.01547513 0.00569543]
1785138747963811001,[-0.10161842  0.07960498 -0.64631766],[4.7274239e-05 4.7591486e-05 7.7487533e-03],1,[-0.04016232  0.2475682   0.53134036],[0.11508424 0.11516572 0.08537018],[ 0.9982547  -0.01778698 -0.00500271  0.05609023],0,6,1785138734950119,1785138734950119,[ 0.1553511   0.07664585 -0.05628752],1,[0.01565594 0.01566165 0.00571642]
1785138747964077275,[-0.10348158  0.0758767  -0.6242136 ],[4.6845322e-05 4.7150505e-05 7.7498136e-03],1,[-0.0392537   0.24875355  0.52939254],[0.11550794 0.11558954 0.08561876],[ 0.99838614 -0.01819517 -0.00476604  0.05358516],0,6,1785138734958119,1785138734958119,[ 0.15540376  0.07431163 -0.05512803],1,[0.01573835 0.01575505 0.00572692]
1785138747964377904,[-0.10561249  0.07294746 -0.5997124 ],[4.6424495e-05 4.6795183e-05 7.7507803e-03],1,[-0.03833664  0.24990518  0.52745765],[0.11593412 0.11601589 0.08527575],[ 0.998506   -0.01860994 -0.00453567  0.0511758 ],0,6,1785138734966119,1785138734966119,[ 0.15546775  0.07170876 -0.05405672],1,[0.01582165 0.01584955 0.00571785]
1785138747964615353,[-0.11253661  0.06868646 -0.57441235],[4.6022873e-05 4.6510577e-05 7.7516572e-03],1,[-0.03741125  0.2510226   0.52557737],[0.11636279 0.1164448  0.08552419],[ 0.9986143  -0.01905152 -0.00432267  0.04886715],0,6,1785138734974119,1785138734974119,[ 0.15546648  0.06926733 -0.05299154],1,[0.01590595 0.01594387 0.00572835]
1785138747965014237,[-0.10587844  0.06415838 -0.5299389 ],[4.4889170e-05 4.5049994e-05 6.5452694e-03],1,[-0.03553819  0.253154    0.52198035],[0.11721697 0.11731011 0.08602343],[ 0.99880165 -0.01990246 -0.0039315   0.04453995],0,6,1785138734990119,1785138734990119,[ 0.15533565  0.06366487 -0.050456  ],1,[0.01606534 0.01610753 0.00574937]
1785138747965419704,[-0.10721051  0.05670168 -0.5086335 ],[4.4569202e-05 4.4969569e-05 6.5458515e-03],1,[-0.03459132  0.25416696  0.52026075],[0.11765304 0.1177468  0.08627424],[ 0.99888325 -0.02032722 -0.00375663  0.04248584],0,6,1785138734998119,1785138734998119,[ 0.15513493  0.06089401 -0.04926522],1,[0.01615244 0.01620298 0.00575988]
1785138747965741172,[-0.10827544  0.05537054 -0.4849313 ],[4.4262317e-05 4.4943827e-05 6.5463693e-03],1,[-0.03363805  0.25514367  0.5185929 ],[0.11809167 0.11818611 0.08652585],[ 0.9989566  -0.02075105 -0.00358869  0.04052483],0,6,1785138735006119,1785138735006119,[ 0.15513867  0.05782722 -0.04801793],1,[0.01624044 0.01629829 0.0057704 ]
1785138747965939077,[-0.10561267  0.04711369 -0.46362603],[4.3974687e-05 4.4958600e-05 6.5468233e-03],1,[-0.03267642  0.25608313  0.5169748 ],[0.11853288 0.11862805 0.08677825],[ 0.9990224  -0.02117583 -0.00344757  0.03865382],0,6,1785138735014119,1785138735014119,[ 0.15539582  0.05472358 -0.04688271],1,[0.01632869 0.0163941  0.00578093]
1785138747966335116,[-0.10268272  0.04445106 -0.42820603],[4.3459018e-05 4.5103006e-05 6.5475618e-03],1,[-0.03073138  0.25785005  0.5138134 ],[0.11942308 0.11951989 0.08667342],[ 0.9991359  -0.02198454 -0.00318809  0.03512572],0,6,1785138735030119,1785138735030119,[ 0.15522556  0.04838331 -0.04399667],1,[0.01650654 0.01658698 0.00578169]
1785138747966656183,[-0.09868808  0.04258668 -0.41062915],[4.3226835e-05 4.5219880e-05 6.5478613e-03],1,[-0.02975055  0.2586773   0.5122712 ],[0.1198721  0.11996983 0.08692643],[ 0.9991846  -0.02237725 -0.00306374  0.03346648],0,6,1785138735038119,1785138735038119,[ 0.15496086  0.04514079 -0.04275228],1,[0.01659728 0.01668478 0.00579222]
1785138747966977902,[-0.09522625  0.03805909 -0.39278594],[4.3009604e-05 4.5374261e-05 6.5481062e-03],1,[-0.02876551  0.25946635  0.51077765],[0.12032376 0.12042248 0.08718024],[ 0.9992282  -0.02275875 -0.00295113  0.03188074],0,6,1785138735046119,1785138735046119,[ 0.1546469   0.04171424 -0.04144386],1,[0.01668857 0.01678265 0.00580276]
1785138747967246630,[-0.09203012  0.03406457 -0.37547553],[4.2816620e-05 4.5564368e-05 6.5482906e-03],1,[-0.02777575  0.26021734  0.5093317 ],[0.12077808 0.12087784 0.08743485],[ 0.9992674  -0.023124   -0.00285767  0.03036343],0,6,1785138735054119,1785138735054119,[ 0.15456636  0.03846873 -0.04019642],1,[0.01678015 0.0168813  0.0058133 ]
1785138747967646467,[-0.08111126  0.0306022  -0.34218633],[4.2393265e-05 4.5061050e-05 5.6338143e-03],1,[-0.02577974  0.26160824  0.5065782 ],[0.12168428 0.12179651 0.08794647],[ 0.9993343  -0.02379948 -0.00267642  0.02752442],0,6,1785138735070119,1785138735070119,[ 0.15399216  0.03181245 -0.03781823],1,[0.01696077 0.01705702 0.0058344 ]
1785138747967877534,[-0.07471957  0.02953694 -0.32807165],[4.2253738e-05 4.5295703e-05 5.6338990e-03],1,[-0.02477692  0.26224715  0.50526834],[0.12214653 0.12226012 0.08820348],[ 0.99936295 -0.02409888 -0.00259384  0.0261955 ],0,6,1785138735078119,1785138735078119,[ 0.15375988  0.02836551 -0.03636306],1,[0.01705482 0.01715603 0.00584496]
1785138747968283742,[-0.0733881   0.02447706 -0.31555474],[4.2133437e-05 4.5547782e-05 5.6339456e-03],1,[-0.02376853  0.26284704  0.50395805],[0.1226115  0.1227265  0.08783275],[ 0.9993888  -0.0243907  -0.00252792  0.02491588],0,6,1785138735086119,1785138735086119,[ 0.15378895  0.0246974  -0.03506942],1,[0.01715019 0.01725616 0.0058346 ]
1785138747968527042,[-0.06406663  0.02607463 -0.2987769 ],[4.2022300e-05 4.5822922e-05 5.6339609e-03],1,[-0.02275467  0.26340774  0.50269306],[0.12307921 0.12319569 0.08808954],[ 0.9994121  -0.02465252 -0.00246071  0.02370016],0,6,1785138735094119,1785138735094119,[ 0.15369777  0.02113707 -0.03354478],1,[0.01724653 0.0173569  0.00584516]
1785138747968893035,[-0.05581112  0.02287916 -0.27108002],[4.1835247e-05 4.6406618e-05 5.6339204e-03],1,[-0.02071371  0.2644134   0.5002933 ],[0.12402292 0.12414256 0.08860556],[ 0.99945205 -0.02510944 -0.00232674  0.02144035],0,6,1785138735110119,1785138735110119,[ 0.15334716  0.01392673 -0.03113845],1,[0.0174411  0.01755963 0.00586629]
1785138747969158948,[-0.04728884  0.0236777  -0.25856316],[4.1753588e-05 4.6717207e-05 5.6338692e-03],1,[-0.01968747  0.26485953  0.49915478],[0.12449896 0.12462027 0.08886478],[ 0.9994692  -0.02530658 -0.00226191  0.0203873 ],0,6,1785138735118119,1785138735118119,[ 0.15312478  0.01054471 -0.02993962],1,[0.01753951 0.01766204 0.00587687]
1785138747969541131,[-0.04063097  0.02500963 -0.2431168 ],[4.1681211e-05 4.7057143e-05 5.6337812e-03],1,[-0.018657   0.2652682  0.4980572],[0.12497781 0.12510085 0.08912481],[ 0.9994852  -0.02547011 -0.00218851  0.01939171],0,6,1785138735126119,1785138735126119,[ 0.15308352  0.00685003 -0.02858357],1,[0.01763915 0.01776502 0.00588745]
1785138747969790753,[-0.03530455  0.02367785 -0.23113309],[4.1598254e-05 4.6362584e-05 4.9343426e-03],1,[-0.01762601  0.26563892  0.49700034],[0.12544987 0.12558389 0.08938566],[ 0.99949944 -0.0256163  -0.00211715  0.01844954],0,6,1785138735134119,1785138735134119,[ 0.15294357  0.00318013 -0.02721843],1,[0.01773507 0.01784969 0.00589803]
1785138747970218492,[-0.0241192   0.0239443  -0.20689833],[4.1491297e-05 4.6963323e-05 4.9342029e-03],1,[-0.01555507  0.26626536  0.494967  ],[0.12642162 0.12655953 0.08926056],[ 0.99952435 -0.02583699 -0.00197223  0.01672147],0,6,1785138735150119,1785138735150119,[ 0.15226439 -0.00420312 -0.02486553],1,[0.01793741 0.01805863 0.00589754]
1785138747970408391,[-0.02145683  0.02420151 -0.20023608],[3.8788825e-05 4.4723842e-05 4.9064467e-03],1,[-0.01450652  0.2670034   0.4916792 ],[0.10567536 0.10573627 0.08108252],[ 0.9995354  -0.02592645 -0.00189508  0.01591262],0,6,1785138735158119,1785138735158119,[ 0.15186405 -0.00754235 -0.02426166],1,[0.01444039 0.01452353 0.00550827]
1785138747970759385,[-0.01266824  0.02553304 -0.18612133],[3.8758917e-05 4.5044973e-05 4.9063270e-03],1,[-0.0134567   0.26769382  0.48848665],[0.10604278 0.10610481 0.08131665],[ 0.99954593 -0.02598053 -0.0018168   0.01515983],0,6,1785138735166119,1785138735166119,[ 0.15144221 -0.01104799 -0.02351767],1,[0.01452639 0.01461311 0.00551868]
1785138747970941790,[-0.00867371  0.02553315 -0.17946343],[3.8733477e-05 4.5356497e-05 4.9062129e-03],1,[-0.01240469  0.2683365   0.48538828],[0.1064124  0.10647561 0.08155154],[ 0.9995558  -0.02601521 -0.00173105  0.01443814],0,6,1785138735174119,1785138735174119,[ 0.15124431 -0.01453528 -0.02268205],1,[0.01461295 0.01470246 0.00552911]
1785138747971356214,[ 0.00251176  0.03112565 -0.15922341],[3.8688315e-05 4.5992834e-05 4.9059647e-03],1,[-0.01029575  0.26948017  0.47945866],[0.1071583  0.107224   0.08202361],[ 0.99957377 -0.02603707 -0.00153346  0.01311566],0,6,1785138735190119,1785138735190119,[ 0.1503805  -0.02183814 -0.02174431],1,[0.01478831 0.01488273 0.00554997]
1785138747971679125,[ 0.0041096   0.03512057 -0.15283182],[3.8671336e-05 4.6306261e-05 4.9058427e-03],1,[-0.00923975  0.26998094  0.47662055],[0.10753462 0.10760164 0.08226079],[ 0.99958223 -0.02602009 -0.00141072  0.01250183],0,6,1785138735198119,1785138735198119,[ 0.15001166 -0.02529396 -0.02148334],1,[0.01487699 0.0149737  0.00556041]
1785138747972034277,[ 0.0102349   0.03565308 -0.1387176 ],[3.8658171e-05 4.5504199e-05 4.3673115e-03],1,[-0.00818436  0.27043715  0.47381222],[0.10790814 0.10798131 0.0819518 ],[ 0.9995903  -0.02598261 -0.0012822   0.01193834],0,6,1785138735206119,1785138735206119,[ 0.14941707 -0.02865183 -0.02090814],1,[0.01496525 0.01505603 0.00555302]
1785138747972466785,[ 0.01289808  0.03698476 -0.13259232],[3.8648570e-05 4.5768011e-05 4.3672267e-03],1,[-0.00712816  0.2708491   0.4710875 ],[0.10828897 0.10836362 0.08218893],[ 0.999598   -0.02593041 -0.0011491   0.01140365],0,6,1785138735214119,1785138735214119,[ 0.14916228 -0.0320995  -0.02005097],1,[0.01505584 0.01514878 0.00556347]
1785138747972797110,[ 0.02142015  0.03778372 -0.11554808],[3.8636943e-05 4.6252557e-05 4.3670922e-03],1,[-0.00501295  0.2715422   0.46588168],[0.10905755 0.1091353  0.08266548],[ 9.9961269e-01 -2.5778651e-02 -8.7259978e-04  1.0449958e-02],0,6,1785138735230119,1785138735230119,[ 0.14818834 -0.03892555 -0.01833448],1,[0.01523915 0.01533592 0.00558438]
1785138747972981789,[ 0.02328433  0.03538683 -0.10755862],[3.8637372e-05 4.6484332e-05 4.3670298e-03],1,[-0.00395594  0.27182245  0.4633971 ],[0.10944533 0.10952471 0.08290491],[ 9.9961966e-01 -2.5686940e-02 -7.3877670e-04  1.0014846e-02],0,6,1785138735238119,1785138735238119,[ 0.14766508 -0.04249391 -0.01743695],1,[0.01533168 0.01543133 0.00559484]
1785138747973412223,[ 0.0256813  0.038849  -0.0998354],[3.8637743e-05 4.6695870e-05 4.3669888e-03],1,[-0.00289908  0.2720594   0.46098772],[0.10983545 0.10991652 0.08314512],[ 9.9962634e-01 -2.5582617e-02 -5.9869565e-04  9.6131982e-03],0,6,1785138735246119,1785138735246119,[ 0.14721762 -0.04587941 -0.01678248],1,[0.01542498 0.01552699 0.00560532]
1785138747973974347,[ 0.03154017  0.03858269 -0.08731856],[3.8641010e-05 4.7240545e-05 4.3669525e-03],1,[2.7296750e-04 2.7251825e-01 4.5414355e-01],[0.1110201  0.11110656 0.08330513],[ 9.9964595e-01 -2.5214300e-02 -1.7614073e-04  8.4928432e-03],0,6,1785138735270119,1785138735270119,[ 0.1458719  -0.05599962 -0.01342844],1,[0.01571078 0.01581849 0.00561824]
1785138747974173133,[ 0.03127402  0.03725106 -0.07693274],[3.8642254e-05 4.6321016e-05 3.9421776e-03],1,[0.00132429 0.2725905  0.4519722 ],[0.11141533 0.111508   0.08354678],[ 9.9965173e-01 -2.5091151e-02 -3.4964967e-05  8.1788898e-03],0,6,1785138735278119,1785138735278119,[ 0.14527872 -0.05914241 -0.01216757],1,[0.0158056  0.01590962 0.00562873]
1785138747974428516,[ 0.03660036  0.03858272 -0.07107374],[3.864289e-05 4.653683e-05 3.942298e-03],1,[0.00342297 0.272613   0.44784296],[0.11222204 0.11231872 0.08403242],[ 9.9966365e-01 -2.4789626e-02  2.5447828e-04  7.6247281e-03],0,6,1785138735294119,1785138735294119,[ 0.14415053 -0.0662641  -0.00951043],1,[0.01600116 0.01610878 0.00564973]
1785138747974738412,[ 0.0395298   0.04204477 -0.06734536],[3.8642731e-05 4.6619687e-05 3.9423835e-03],1,[0.00447004 0.27256298 0.44588122],[0.1126291  0.11272787 0.08427641],[ 9.9966931e-01 -2.4634264e-02  4.1459387e-04  7.3691513e-03],0,6,1785138735302119,1785138735302119,[ 0.14340056 -0.0694913  -0.00839685],1,[0.01610032 0.01620927 0.00566024]
1785138747975047557,[ 0.04405717  0.04151219 -0.05376321],[3.8639908e-05 4.6749978e-05 3.9425944e-03],1,[0.00655956 0.27235246 0.44215384],[0.11345073 0.11355381 0.08476672],[ 9.9968082e-01 -2.4283707e-02  7.3329540e-04  6.9427197e-03],0,6,1785138735318119,1785138735318119,[ 0.14242679 -0.07553838 -0.00591259],1,[0.01630095 0.01641202 0.00568127]
1785138747975364466,[ 0.04538875  0.04097952 -0.05056744],[3.8636190e-05 4.6789428e-05 3.9427280e-03],1,[0.0076023  0.27219266 0.44031915],[0.11386532 0.11397065 0.08443238],[ 9.996863e-01 -2.410402e-02  8.924298e-04  6.753545e-03],0,6,1785138735326119,1785138735326119,[ 0.1416361  -0.07855225 -0.00456854],1,[0.0164023  0.01651484 0.00567269]
1785138747975670856,[ 0.04432354  0.04603954 -0.04044737],[3.8621813e-05 4.6834277e-05 3.9430368e-03],1,[0.00967846 0.27176487 0.43684182],[0.11470219 0.11481217 0.08492401],[ 0.9996974  -0.0237169   0.00124113  0.00641489],0,6,1785138735342119,1785138735342119,[ 0.1402857  -0.08462486 -0.00200086],1,[0.01660786 0.01672233 0.00569375]
1785138747976034003,[ 0.04938352  0.04390904 -0.03858303],[3.8610116e-05 4.5943962e-05 3.6022984e-03],1,[0.01071    0.27149794 0.43519577],[0.11512057 0.11523677 0.08517101],[ 0.9997026  -0.02352586  0.00141489  0.00627752],0,6,1785138735350119,1785138735350119,[ 0.13940187 -0.08755627 -0.00074957],1,[0.01670962 0.01682162 0.00570429]
1785138747976359148,[ 0.04805195  0.03911541 -0.03458822],[3.8579892e-05 4.5914599e-05 3.6026915e-03],1,[0.01276153 0.27085966 0.43208107],[0.11597303 0.11609421 0.08566736],[ 0.99971294 -0.02312412  0.00173819  0.00603788],0,6,1785138735366119,1785138735366119,[ 0.13775817 -0.09360345  0.00154055],1,[0.01691991 0.01703319 0.00572538]
1785138747976674655,[ 0.05071515  0.04151219 -0.0305935 ],[3.8563616e-05 4.5887045e-05 3.6029022e-03],1,[0.01378229 0.27048844 0.43060985],[0.11640322 0.11652697 0.08591672],[ 0.9997178  -0.02292682  0.00189863  0.00593539],0,6,1785138735374119,1785138735374119,[ 0.13715297 -0.09653994  0.00302515],1,[0.01702631 0.01714    0.00573594]
1785138747976987086,[ 0.04938355  0.04204487 -0.02340292],[3.8532515e-05 4.5802055e-05 3.6033534e-03],1,[0.01581353 0.2696462  0.42778927],[0.11727164 0.11740068 0.08581786],[ 0.99972755 -0.02250909  0.00223547  0.00576939],0,6,1785138735390119,1785138735390119,[ 0.13541694 -0.10238901  0.00588199],1,[0.01724088 0.01735514 0.00573724]
1785138747977313774,[ 0.05124779  0.04257746 -0.02180505],[3.8516668e-05 4.5750458e-05 3.6035883e-03],1,[0.01682276 0.26917347 0.4264372 ],[0.1177099  0.11784167 0.08606785],[ 0.99973214 -0.02230564  0.00240258  0.00569972],0,6,1785138735398119,1785138735398119,[ 0.13468565 -0.10548363  0.00718383],1,[0.0173498  0.01746425 0.0057478 ]
1785138747977692330,[ 0.05311195  0.04071328 -0.01727775],[3.8487280e-05 4.5628942e-05 3.6040747e-03],1,[0.01883248 0.26812938 0.4238963 ],[0.11859463 0.11873201 0.0865702 ],[ 0.9997407  -0.02190052  0.0027447   0.0056033 ],0,6,1785138735414119,1785138735414119,[ 0.13321176 -0.11102448  0.00996468],1,[0.01756926 0.01768412 0.00576895]
1785138747978009881,[ 0.05684052  0.04284383 -0.0159456 ],[3.8470956e-05 4.4873559e-05 3.3252870e-03],1,[0.01982948 0.26756057 0.42270437],[0.11903765 0.11918122 0.08682256],[ 0.9997454  -0.02167541  0.00290985  0.00555806],0,6,1785138735422119,1785138735422119,[ 0.132167   -0.11361437  0.0110295 ],1,[0.01767619 0.01779004 0.00577953]
1785138747978276415,[ 0.05391103  0.03991436 -0.01328246],[3.8441176e-05 4.4748493e-05 3.3257771e-03],1,[0.02180873 0.26633146 0.42046973],[0.11993907 0.12008853 0.08732969],[ 0.99975395 -0.02125403  0.00322409  0.00548439],0,6,1785138735438119,1785138735438119,[ 0.13050255 -0.11893391  0.01345307],1,[0.01789975 0.01801292 0.0058007 ]
1785138747978626577,[ 0.05923733  0.03591962 -0.00982041],[3.8426660e-05 4.4679957e-05 3.3260279e-03],1,[0.02279089 0.26567286 0.4193715 ],[0.12039401 0.1205465  0.08696825],[ 0.99975854 -0.02102045  0.00337076  0.00546168],0,6,1785138735446119,1785138735446119,[ 0.12949309 -0.12146728  0.0145127 ],1,[0.01801249 0.01812566 0.00579087]
1785138747978984394,[ 0.05577523  0.03964806 -0.00742352],[3.8392471e-05 4.4529792e-05 3.3265476e-03],1,[0.02473632 0.26426956 0.4173132 ],[0.12131249 0.12147115 0.08747658],[ 0.9997668  -0.02057006  0.00368371  0.00543495],0,6,1785138735462119,1785138735462119,[ 0.12727042 -0.12648506  0.01649843],1,[0.01824155 0.018353   0.00581205]
1785138747979326311,[ 0.05843837  0.03778385 -0.00582566],[3.837579e-05 4.444720e-05 3.326815e-03],1,[0.02569851 0.263525   0.41635337],[0.12177607 0.12193789 0.08773194],[ 0.9997711  -0.02033881  0.00383776  0.00542847],0,6,1785138735470119,1785138735470119,[ 0.12609741 -0.1291301   0.01758383],1,[0.0183572  0.01846812 0.00582265]
1785138747979655293,[ 0.05843839  0.03512066 -0.00768983],[3.8343027e-05 4.4272099e-05 3.3273597e-03],1,[0.02760152 0.26195127 0.41456395],[0.12271202 0.12288028 0.08824508],[ 0.9997792  -0.019886    0.00411797  0.00540162],0,6,1785138735486119,1785138735486119,[ 0.12390023 -0.1338282   0.0195516 ],1,[0.01859075 0.01869884 0.00584386]
1785138747980076891,[ 0.05577511  0.03671858 -0.00449387],[3.8319689e-05 4.3678996e-05 3.0952962e-03],1,[0.02854539 0.26112545 0.4137332 ],[0.12318126 0.12335575 0.08850285],[ 0.9997831  -0.01966074  0.00426529  0.00539945],0,6,1785138735494119,1785138735494119,[ 0.12281217 -0.13608801  0.02057659],1,[0.01870367 0.01881232 0.00585448]
1785138747980464634,[ 0.05897091  0.03299016 -0.0044939 ],[3.8286602e-05 4.3518532e-05 3.0958245e-03],1,[0.03041401 0.25939664 0.41213065],[0.12413508 0.12431623 0.08838433],[ 0.999791   -0.01919592  0.00453486  0.00538333],0,6,1785138735510119,1785138735510119,[ 0.12071948 -0.14049757  0.02651102],1,[0.01894192 0.01904741 0.00585454]
1785138747980816209,[ 0.06935724  0.02153853 -0.00502665],[3.8274477e-05 4.3441963e-05 3.0960806e-03],1,[0.03133757 0.25849676 0.41142812],[0.12461653 0.12480107 0.08864267],[ 0.9997957  -0.01893171  0.00463038  0.00537089],0,6,1785138735518119,1785138735518119,[ 0.11963784 -0.14225288  0.04088465],1,[0.01906231 0.01916618 0.00586516]
1785138747981169037,[ 0.09545622 -0.00322885 -0.00023309],[3.8247545e-05 4.3280252e-05 3.0966045e-03],1,[0.03317043 0.25664434 0.4106064 ],[0.12558863 0.12578008 0.08916179],[ 0.9998081  -0.01824127  0.0047039   0.00538583],0,6,1785138735534119,1785138735534119,[ 0.11825696 -0.14441034  0.08939558],1,[0.01930486 0.01940557 0.00588641]
1785138747981516765,[ 0.11596255 -0.01627839  0.00269652],[3.8235001e-05 4.3203647e-05 3.0968611e-03],1,[0.03408094 0.25569656 0.41056794],[0.1260793  0.12627427 0.08942257],[ 0.9998162  -0.01779681  0.00465141  0.00540195],0,6,1785138735542119,1785138735542119,[ 0.11763895 -0.14518546  0.1194239 ],1,[0.01942729 0.01952607 0.00589705]
1785138747981861136,[ 0.1441885  -0.04478139  0.00403145],[3.5042100e-05 3.9677332e-05 3.0842507e-03],1,[0.03605057 0.25416264 0.4088279 ],[0.10571022 0.10577568 0.08143257],[ 0.99983567 -0.01672764  0.0043912   0.00544893],0,6,1785138735558119,1785138735558119,[ 0.11684138 -0.1461344   0.18527097],1,[0.01555971 0.01561651 0.00551592]
1785138747982205557,[ 0.15990113 -0.05969524  0.00562878],[3.5024910e-05 3.9253988e-05 2.8887684e-03],1,[0.03710661 0.25357103 0.4071696 ],[0.10607468 0.10614503 0.0811315 ],[ 0.99984676 -0.01609835  0.00416778  0.00547992],0,6,1785138735566119,1785138735566119,[ 0.11651682 -0.14654642  0.21967997],1,[0.0156583  0.01571558 0.00550898]
1785138747982550119,[ 0.17854325 -0.08206575  0.00962365],[3.5011006e-05 3.9109946e-05 2.8892544e-03],1,[0.03920308 0.25233197 0.4049704 ],[0.10681605 0.10689105 0.08160056],[ 0.99986994 -0.01471213  0.00356557  0.00557831],0,6,1785138735582119,1785138735582119,[ 0.11564881 -0.14732052  0.28950423],1,[0.01586629 0.01591939 0.00552988]
1785138747982972418,[ 0.19079386 -0.09431619  0.01202038],[3.5006058e-05 3.9042159e-05 2.8894905e-03],1,[0.04024431 0.2516853  0.40442556],[0.10719032 0.10726769 0.08183623],[ 0.9998817  -0.01395528  0.00320279  0.00564216],0,6,1785138735590119,1785138735590119,[ 0.11544326 -0.14773378  0.32431373],1,[0.01597146 0.01602252 0.00554033]
1785138747983434152,[ 0.19904965 -0.10869728  0.01255327],[3.4999077e-05 3.8894552e-05 2.8899724e-03],1,[0.04231422 0.25034103 0.40442252],[0.10794616 0.10802832 0.08230986],[ 0.999904   -0.01238139  0.00236415  0.00576459],0,6,1785138735606119,1785138735606119,[ 0.1148433  -0.14842181  0.39243004],1,[0.0161843  0.0162303  0.00556126]
1785138747983786979,[ 0.19825055 -0.11721966  0.01787928],[3.4995268e-05 3.8825612e-05 2.8902101e-03],1,[0.04334484 0.2496431  0.4049034 ],[0.10832777 0.10841236 0.08200022],[ 0.99991405 -0.01158302  0.00190549  0.00584322],0,6,1785138735614119,1785138735614119,[ 0.11481125 -0.14895289  0.42542553],1,[0.01629154 0.01633478 0.00555389]
1785138747984215991,[ 0.1955874  -0.12201322  0.01628224],[3.4977511e-05 3.8439848e-05 2.7237376e-03],1,[0.04539865 0.24819629 0.40688315],[0.10909619 0.1091879  0.08247527],[ 9.9993163e-01 -9.9971974e-03  9.3708024e-04  5.9977984e-03],0,6,1785138735630119,1785138735630119,[ 0.11445845 -0.14978361  0.48895416],1,[0.01650348 0.01654478 0.00557483]
1785138747984601580,[ 0.19532105 -0.12520905  0.02054313],[3.4976936e-05 3.8377129e-05 2.7239639e-03],1,[0.04641895 0.24744943 0.40836388],[0.10948532 0.1095795  0.08271395],[ 9.9993902e-01 -9.2088040e-03  4.4165234e-04  6.0957978e-03],0,6,1785138735638119,1785138735638119,[ 0.11387909 -0.15010665  0.5194439 ],1,[0.01661302 0.01665143 0.0055853 ]
1785138747984969255,[ 0.18413576 -0.12654065  0.02027685],[3.4976623e-05 3.8257811e-05 2.7244133e-03],1,[0.04844555 0.24591772 0.41226244],[0.11027125 0.11037043 0.08319361],[ 9.9995053e-01 -7.7028233e-03 -5.6023686e-04  6.2839501e-03],0,6,1785138735654119,1785138735654119,[ 0.11327941 -0.14996177  0.57787466],1,[0.01683407 0.01686695 0.00560625]
1785138747985340838,[ 0.17801069 -0.1254751   0.02001061],[3.4977911e-05 3.8197188e-05 2.7246370e-03],1,[0.04945391 0.24513479 0.4146624 ],[0.11066809 0.11076979 0.08343459],[ 0.9999547  -0.00698314 -0.00106073  0.00638698],0,6,1785138735662119,1785138735662119,[ 0.11304498 -0.15005256  0.60568076],1,[0.01694214 0.01697198 0.00561672]
1785138747985708815,[ 0.16283065 -0.11775192  0.01974436],[3.4994704e-05 3.8043203e-05 2.7251041e-03],1,[0.05146172 0.24353306 0.42027974],[0.11146951 0.1115763  0.08335301],[ 0.99996054 -0.00561374 -0.00203816  0.00658649],0,6,1785138735678119,1785138735678119,[ 0.11265104 -0.15014969  0.6585505 ],1,[0.01713596 0.01716015 0.00561914]
1785138747986070108,[ 0.15723796 -0.11588782  0.0168149 ],[3.5012414e-05 3.7944788e-05 2.7253502e-03],1,[0.05246183 0.24271747 0.4234799 ],[0.11187404 0.11198338 0.08359467],[ 0.9999622  -0.00497898 -0.002503    0.00667223],0,6,1785138735686119,1785138735686119,[ 0.11259681 -0.1497871   0.68364835],1,[0.01722564 0.01724709 0.00562959]
1785138747986452141,[ 0.13886224 -0.10869723  0.01921167],[3.5052322e-05 3.7537164e-05 2.5815770e-03],1,[0.05445697 0.24105911 0.43066016],[0.11268866 0.11280508 0.08408033],[ 0.9999636  -0.00378595 -0.00339197  0.00686431],0,6,1785138735702119,1785138735702119,[ 0.11268544 -0.14970455  0.7318983 ],1,[0.01739298 0.01741362 0.0056505 ]
1785138747986810909,[ 0.12980749 -0.10283832  0.01788015],[3.5092427e-05 3.7406448e-05 2.5818320e-03],1,[0.05545115 0.24021576 0.4346254 ],[0.1131008  0.11321978 0.08432433],[ 0.9999633  -0.00325335 -0.00380698  0.00695952],0,6,1785138735710119,1785138735710119,[ 0.11253113 -0.1495745   0.75481373],1,[0.01747733 0.01749547 0.00566096]
1785138747987190367,[ 0.11542635 -0.09431624  0.02187495],[3.5200439e-05 3.7121361e-05 2.5823386e-03],1,[0.05743323 0.23850498 0.44326636],[0.1139327  0.1140568  0.08481466],[ 0.99996114 -0.00227432 -0.00459684  0.00717376],0,6,1785138735726119,1785138735726119,[ 0.11224037 -0.14901234  0.79840815],1,[0.01764467 0.01765779 0.00568189]
1785138747987556159,[ 0.10397477 -0.08819097  0.02320644],[3.5266352e-05 3.6979614e-05 2.5825787e-03],1,[0.0584207  0.23763928 0.44789785],[0.11435249 0.11447914 0.08447967],[ 0.9999596  -0.00184562 -0.00495154  0.00728558],0,6,1785138735734119,1785138735734119,[ 0.11211038 -0.14873868  0.81885713],1,[0.01772874 0.0177393  0.00567325]
1785138747987963710,[ 0.08772939 -0.07594054  0.02720123],[3.5427194e-05 3.6703554e-05 2.5830239e-03],1,[0.06039339 0.2358892  0.4578044 ],[0.11519984 0.11533159 0.08497132],[ 0.9999554  -0.00107618 -0.00560367  0.00752207],0,6,1785138735750119,1785138735750119,[ 0.11239872 -0.14802054  0.858049  ],1,[0.01789879 0.0179044  0.00569417]
1785138747988423450,[ 0.07734315 -0.0660867   0.02853293],[3.5519883e-05 3.6579429e-05 2.5832206e-03],1,[0.06138043 0.23500511 0.4630666 ],[0.11562743 0.11576173 0.08521832],[ 9.9995315e-01 -7.5588684e-04 -5.8804811e-03  7.6562148e-03],0,6,1785138735758119,1785138735758119,[ 0.11251843 -0.14765024  0.87655383],1,[0.01798533 0.01798864 0.00570464]
1785138747988789462,[ 0.06376113 -0.05250455  0.02507073],[3.5731111e-05 3.6315654e-05 2.4577538e-03],1,[0.06335357 0.23322572 0.4741757 ],[0.11648854 0.11662984 0.08571468],[ 9.9994880e-01 -2.0549973e-04 -6.3338047e-03  7.8996141e-03],0,6,1785138735774119,1785138735774119,[ 0.11282993 -0.14616281  0.91173977],1,[0.01815663 0.01816016 0.00572559]
1785138747989160584,[ 0.05630417 -0.0485099   0.02800025],[3.5848694e-05 3.6238103e-05 2.4578788e-03],1,[0.06434033 0.23233265 0.47997642],[0.11692408 0.11706795 0.08537034],[ 9.9994648e-01  2.7342634e-05 -6.5348488e-03  8.0241589e-03],0,6,1785138735782119,1785138735782119,[ 0.11307357 -0.14553364  0.92873603],1,[0.01824681 0.01824778 0.00571648]
1785138747989448900,[ 0.03846104 -0.03918875  0.02560342],[3.6103189e-05 3.6120251e-05 2.4580725e-03],1,[0.06632005 0.23053795 0.49211174],[0.11780331 0.11795226 0.08586798],[ 9.9994195e-01  3.8328304e-04 -6.8852678e-03  8.2828188e-03],0,6,1785138735798119,1785138735798119,[ 0.11399266 -0.14425422  0.9601131 ],1,[0.01843141 0.01842599 0.00573743]
1785138747989812718,[ 0.03180317 -0.03332981  0.02613601],[3.623917e-05 3.608055e-05 2.458142e-03],1,[0.0673135  0.22963588 0.49843115],[0.11824702 0.11839852 0.08611798],[ 9.999399e-01  5.196735e-04 -7.023889e-03  8.406221e-03],0,6,1785138735806119,1785138735806119,[ 0.11434574 -0.14375013  0.9748145 ],1,[0.01852585 0.01851741 0.0057479 ]
1785138747990179101,[ 0.0147589  -0.02001401  0.02826655],[3.6524263e-05 3.6035850e-05 2.4582315e-03],1,[0.06930614 0.22782193 0.5115422 ],[0.1191428  0.11929937 0.08662036],[ 9.9993610e-01  6.9637864e-04 -7.2302301e-03  8.6613754e-03],0,6,1785138735822119,1785138735822119,[ 0.11512583 -0.14263608  1.0022554 ],1,[0.01871878 0.01870444 0.00576885]
1785138747990541887,[ 0.01156313 -0.01255714  0.03039709],[3.6668735e-05 3.6029254e-05 2.4582595e-03],1,[0.07030551 0.22691156 0.5183211 ],[0.11959491 0.11975399 0.08687274],[ 9.9993449e-01  7.4720505e-04 -7.2877561e-03  8.7996181e-03],0,6,1785138735830119,1785138735830119,[ 0.1154143  -0.14194006  1.0150548 ],1,[0.01881738 0.01879997 0.00577933]
1785138747990909292,[ 0.00224205 -0.00909503  0.02773364],[3.6956804e-05 3.6036206e-05 2.3477913e-03],1,[0.07231038 0.22508657 0.5322309 ],[0.12050563 0.12067167 0.08676655],[ 9.9993163e-01  7.8576786e-04 -7.3704775e-03  9.0554953e-03],0,6,1785138735846119,1785138735846119,[ 0.11589965 -0.14053153  1.0392681 ],1,[0.01901414 0.01899501 0.00577997]
1785138747991295082,[ 0.00037781 -0.00163819  0.027201  ],[3.7101661e-05 3.6055364e-05 2.3477930e-03],1,[0.07331444 0.22417252 0.5393536 ],[0.12096634 0.12113488 0.08701954],[ 9.999304e-01  7.898935e-04 -7.384890e-03  9.175407e-03],0,6,1785138735854119,1785138735854119,[ 0.11629641 -0.1396885   1.0505319 ],1,[0.0191165  0.01909448 0.00579045]
1785138747991662948,[-0.00707903  0.00661762  0.02480416],[3.7384121e-05 3.6108526e-05 2.3477881e-03],1,[0.07532781 0.22234382 0.55398065],[0.12189654 0.12207005 0.08752791],[ 9.9992859e-01  7.4662466e-04 -7.3606172e-03  9.3886917e-03],0,6,1785138735870119,1785138735870119,[ 0.11687841 -0.13822278  1.0719416 ],1,[0.01932556 0.01929685 0.00581141]
1785138747992097800,[-0.00947586  0.00768287  0.02640206],[3.7522990e-05 3.6140962e-05 2.3477825e-03],1,[0.07633678 0.22142905 0.56147707],[0.12236608 0.12254206 0.0877833 ],[ 9.9992776e-01  7.1141211e-04 -7.3303557e-03  9.5016966e-03],0,6,1785138735878119,1785138735878119,[ 0.11729779 -0.1373402   1.0821724 ],1,[0.0194323  0.01939984 0.0058219 ]
1785138747992451109,[-0.01640007  0.0143408   0.02773364],[3.7784339e-05 3.6212008e-05 2.3477832e-03],1,[0.07836334 0.21960029 0.57681566],[0.12331418 0.12349505 0.08829647],[ 9.9992645e-01  5.8946322e-04 -7.2332914e-03  9.7205807e-03],0,6,1785138735894119,1785138735894119,[ 0.11842031 -0.13588233  1.1011285 ],1,[0.01964981 0.01961028 0.00584287]
1785138747992826679,[-0.01906327  0.01993343  0.03146204],[3.7905804e-05 3.6249308e-05 2.3477895e-03],1,[0.07938175 0.21868484 0.58459306],[0.1237928  0.12397608 0.08792438],[ 9.999257e-01  5.136954e-04 -7.162679e-03  9.851060e-03],0,6,1785138735902119,1785138735902119,[ 0.11886775 -0.13526735  1.1099595 ],1,[0.01976031 0.01971761 0.00583243]
1785138747993215214,[-0.02279163  0.02632502  0.02879882],[3.8109261e-05 3.6322981e-05 2.2500684e-03],1,[0.08142296 0.21685317 0.6004554 ],[0.12475704 0.1249472  0.0884387 ],[ 9.9992472e-01  3.4837579e-04 -6.9707432e-03  1.0093463e-02],0,6,1785138735918119,1785138735918119,[ 0.11954648 -0.13382356  1.1262811 ],1,[0.01998099 0.01993519 0.0058534 ]
1785138747993623617,[-0.0219927   0.02872188  0.02799984],[3.8200800e-05 3.6359241e-05 2.2501063e-03],1,[0.08244681 0.21593767 0.6085321 ],[0.12524495 0.12543748 0.08869708],[ 9.99924421e-01  2.58390559e-04 -6.86221663e-03  1.02085825e-02],0,6,1785138735926119,1785138735926119,[ 0.11995022 -0.13307486  1.1337255 ],1,[0.0200959  0.02004605 0.00586388]
1785138747994017391,[-0.02465583  0.03138502  0.02640199],[3.8373022e-05 3.6427602e-05 2.2501976e-03],1,[0.08450098 0.21410926 0.6249544 ],[0.12623022 0.1264275  0.08921625],[ 9.9992388e-01  6.8538604e-05 -6.6136285e-03  1.0421945e-02],0,6,1785138735942119,1785138735942119,[ 0.1207892  -0.13151327  1.147716  ],1,[0.02032843 0.02027146 0.00588485]
1785138747994494424,[-0.02785165  0.03138503  0.02720091],[3.8450544e-05 3.6458456e-05 2.2502556e-03],1,[0.08553171 0.2131958  0.6332943 ],[0.12672767 0.12692727 0.08947705],[ 9.9992353e-01 -4.4031956e-05 -6.4907521e-03  1.0534430e-02],0,6,1785138735950119,1785138735950119,[ 0.12117025 -0.13088115  1.1542513 ],1,[0.02044689 0.02038648 0.00589534]
1785138747994882378,[-0.02785194  0.03325132  0.02959694],[3.4985864e-05 3.3013344e-05 2.2399907e-03],1,[0.08761392 0.21114312 0.64376146],[0.10615493 0.10624878 0.08096408],[ 9.9992287e-01 -2.5991059e-04 -6.2344978e-03  1.0747778e-02],0,6,1785138735966119,1785138735966119,[ 0.12223037 -0.12947765  1.1646152 ],1,[0.01625489 0.01620335 0.00549828]
1785138747995281302,[-0.02305824  0.03032186  0.02720007],[3.5034598e-05 3.3036351e-05 2.2400832e-03],1,[0.08865996 0.21012156 0.6492069 ],[0.10652425 0.10661993 0.08119759],[ 9.9992234e-01 -3.5943839e-04 -6.1112046e-03  1.0857209e-02],0,6,1785138735974119,1785138735974119,[ 0.12282811 -0.12886517  1.1691258 ],1,[0.01635484 0.01630039 0.00550859]
1785138747995586390,[-0.02332453  0.03138713  0.02773285],[3.5092940e-05 3.3076645e-05 2.1531880e-03],1,[0.09075834 0.20808583 0.6605327 ],[0.10726881 0.10736952 0.08166687],[ 9.9992132e-01 -5.5364898e-04 -5.8718682e-03  1.1078297e-02],0,6,1785138735990119,1785138735990119,[ 0.12350173 -0.12780422  1.1776056 ],1,[0.0165553  0.01649664 0.00552923]
1785138747996013558,[-0.02225929  0.0308545   0.02799914],[3.5124591e-05 3.3094875e-05 2.1533018e-03],1,[0.09180938 0.20707065 0.6664037 ],[0.10764554 0.10774805 0.08190265],[ 9.9992061e-01 -6.4839242e-04 -5.7526310e-03  1.1194766e-02],0,6,1785138735998119,1785138735998119,[ 0.12379988 -0.12739937  1.181351  ],1,[0.01665824 0.01659606 0.00553956]
1785138747996350776,[-0.01906347  0.03085449  0.02933075],[3.5165758e-05 3.3129123e-05 2.1535538e-03],1,[0.09391636 0.20504367 0.67853737],[0.10840657 0.10851263 0.0823765 ],[ 9.9991930e-01 -8.0346968e-04 -5.4992726e-03  1.1423903e-02],0,6,1785138736014119,1785138736014119,[ 0.1245453 -0.1264258  1.1887031],1,[0.01686755 0.01679835 0.00556023]
1785138747996662635,[-0.02039506  0.03112079  0.02666761],[3.5177723e-05 3.3144370e-05 2.1536907e-03],1,[0.09497382 0.20403428 0.68474555],[0.1087909  0.10889871 0.08206608],[ 9.9991864e-01 -8.8339142e-04 -5.3749681e-03  1.1534355e-02],0,6,1785138736022119,1785138736022119,[ 0.1250389  -0.12584536  1.1924915 ],1,[0.01697346 0.01690063 0.00555271]
1785138747996970969,[-0.01693294  0.02765869  0.0250697 ],[3.5192148e-05 3.3172255e-05 2.1539778e-03],1,[0.09709741 0.20202036 0.6975326 ],[0.10956735 0.10967862 0.08254135],[ 0.99991715 -0.00103954 -0.00513314  0.01176418],0,6,1785138736038119,1785138736038119,[ 0.12594885 -0.12505372  1.1995584 ],1,[0.01718813 0.01710817 0.00557338]
1785138747997280494,[-0.01640032  0.02765871  0.02613494],[3.519236e-05 3.318459e-05 2.154130e-03],1,[0.09816216 0.20101494 0.7041038 ],[0.1099595  0.11007248 0.08278012],[ 0.9999164  -0.00110865 -0.00502567  0.01186924],0,6,1785138736046119,1785138736046119,[ 0.12609726 -0.1247795   1.2029287 ],1,[0.01729698 0.0172138  0.00558372]
1785138747997597033,[-0.01347083  0.02606081  0.02533597],[3.5167726e-05 3.3207547e-05 2.0763951e-03],1,[0.1002935  0.19900501 0.71758336],[0.11075028 0.11086804 0.08325998],[ 0.9999148  -0.00122591 -0.00478589  0.01208875],0,6,1785138736062119,1785138736062119,[ 0.12666637 -0.12427558  1.2091902 ],1,[0.01751493 0.01742656 0.00560442]
1785138747997916247,[-0.01054136  0.02339765  0.02853175],[3.5153465e-05 3.3218435e-05 2.0765632e-03],1,[0.10136144 0.19800109 0.72448456],[0.11115043 0.11126985 0.08350107],[ 0.99991375 -0.00127259 -0.00468872  0.01220592],0,6,1785138736070119,1785138736070119,[ 0.12687472 -0.12390605  1.2121259 ],1,[0.01762658 0.01753438 0.00561478]
1785138747998301305,[-0.01267193  0.02659343  0.02160754],[3.5117646e-05 3.3240674e-05 2.0769057e-03],1,[0.10349827 0.19599868 0.7385519 ],[0.1119589  0.11208159 0.0834188 ],[ 0.9999119  -0.00137065 -0.00449655  0.01241217],0,6,1785138736086119,1785138736086119,[ 0.12711067 -0.12301688  1.217381  ],1,[0.01785323 0.01775309 0.00561695]
1785138747998681975,[-0.01000871  0.0239303   0.02586859],[3.5097248e-05 3.3251792e-05 2.0770801e-03],1,[0.10456795 0.19499932 0.7457126 ],[0.11236727 0.11249157 0.08366057],[ 0.99991107 -0.00141679 -0.00439828  0.01251248],0,6,1785138736094119,1785138736094119,[ 0.12746452 -0.12277099  1.2201774 ],1,[0.01796773 0.01786364 0.00562731]
1785138747999063096,[0.77775025 0.81436056 0.0285276 ],[3.5057710e-05 3.3272816e-05 2.0774296e-03],1,[0.10623219 0.1934864  0.7601343 ],[0.11319239 0.11331984 0.08414642],[ 9.9991679e-01  8.3360606e-04 -1.8128193e-03  1.2746633e-02],0,6,1785138736110119,1785138736110119,[-0.00938778  0.01876256  1.2191361 ],1,[0.01819956 0.0180875  0.00564804]
1785138747999479173,[3.8396972e-03 2.8913100e-03 3.5294652e-05],[3.5036515e-05 3.3283643e-05 2.0776049e-03],1,[0.10615028 0.19377612 0.76901007],[0.11360919 0.11373819 0.08439051],[ 9.9991667e-01  1.6153128e-03 -9.8396500e-04  1.2774572e-02],0,6,1785138736118119,1785138736118119,[-0.00640357  0.03873918  1.5513718 ],1,[0.01831689 0.01820082 0.00565841]
1785138747999950796,[-0.01160647 -0.00935917 -0.00076278],[3.4995301e-05 3.3307322e-05 2.0075873e-03],1,[0.10614352 0.19435146 0.7892696 ],[0.11444985 0.11458332 0.08488102],[ 9.9991661e-01  1.5855534e-03 -9.9248439e-04  1.2778087e-02],0,6,1785138736134119,1785138736134119,[-0.00533798  0.03856     1.5459626 ],1,[0.01855218 0.0184301  0.00567916]
1785138748000406307,[-0.0337107  -0.02507184 -0.00129542],[3.4977500e-05 3.3319786e-05 2.0077585e-03],1,[0.10615367 0.19463067 0.79937375],[0.11487529 0.11501024 0.08454522],[ 0.9999167   0.00147186 -0.00107844  0.01277955],0,6,1785138736142119,1785138736142119,[-0.00337408  0.03770905  1.5378871 ],1,[0.01867195 0.01854545 0.00567043]
1785138748000739488,[-0.04729279 -0.02560451 -0.01114913],[3.4941724e-05 3.3346118e-05 2.0080996e-03],1,[0.1061979  0.19517545 0.8195834 ],[0.11573497 0.11587282 0.08503705],[ 0.9999175   0.00108403 -0.00131944  0.0127297 ],0,6,1785138736158119,1785138736158119,[-0.00263782  0.03764003  1.5199523 ],1,[0.01891416 0.01877909 0.0056912 ]
1785138748000982317,[-0.0401023  -0.02240865 -0.00928489],[3.4925171e-05 3.3360036e-05 2.0082679e-03],1,[0.10622004 0.19544905 0.8296547 ],[0.11616927 0.11630853 0.08528413],[ 9.9991810e-01  9.1725495e-04 -1.4145445e-03  1.2692981e-02],0,6,1785138736166119,1785138736166119,[-0.00251256  0.03811137  1.5074886 ],1,[0.01903649 0.01889705 0.00570159]
1785138748001294888,[-0.02172648 -0.00802759 -0.00289333],[3.4890945e-05 3.3387740e-05 2.0086062e-03],1,[0.1062667  0.19600455 0.84966195],[0.11704689 0.11718889 0.08578067],[ 9.9991846e-01  7.0308999e-04 -1.5292418e-03  1.2661058e-02],0,6,1785138736182119,1785138736182119,[-0.0023095   0.03917591  1.4804828 ],1,[0.01928273 0.01913479 0.00572238]
1785138748001604444,[-0.01187278 -0.01175603 -0.00502379],[3.4877110e-05 3.3402306e-05 2.0087713e-03],1,[0.10628883 0.19628762 0.8595888 ],[0.11749025 0.11763358 0.0860301 ],[ 9.9991858e-01  6.4482342e-04 -1.5707992e-03  1.2647734e-02],0,6,1785138736190119,1785138736190119,[-0.00244331  0.03980799  1.4667054 ],1,[0.01940694 0.01925474 0.00573278]
1785138748001911434,[-0.01213902 -0.01441913 -0.00369221],[3.4845725e-05 3.3432541e-05 1.9452681e-03],1,[0.10632955 0.19685948 0.8792322 ],[0.11838457 0.11853202 0.08592983],[ 9.9991882e-01  5.5616937e-04 -1.6653024e-03  1.2627833e-02],0,6,1785138736206119,1785138736206119,[-0.00210102  0.04028214  1.4396703 ],1,[0.01965494 0.01949553 0.00573377]
1785138748002278599,[-0.01134007 -0.01575072 -0.00236063],[3.4833844e-05 3.3448090e-05 1.9454315e-03],1,[0.10635111 0.1971473  0.8889513 ],[0.11883721 0.11898591 0.0861799 ],[ 9.9991876e-01  5.1043660e-04 -1.7264351e-03  1.2622835e-02],0,6,1785138736214119,1785138736214119,[-0.00195717  0.04067018  1.4267948 ],1,[0.01978128 0.01961749 0.00574418]
1785138748002623421,[-0.0116064  -0.0173486   0.00456359],[3.4821809e-05 3.3480610e-05 1.9457442e-03],1,[0.10639872 0.19772753 0.90824425],[0.11975194 0.11990306 0.08668239],[ 9.9991828e-01  4.1647480e-04 -1.8636815e-03  1.2642799e-02],0,6,1785138736230119,1785138736230119,[-1.3075843e-03  4.1112609e-02  1.4018188e+00],1,[0.02003668 0.01986287 0.00576501]
1785138748002962553,[-0.01773163 -0.02267495  0.00243304],[3.4812343e-05 3.3496723e-05 1.9459042e-03],1,[0.10642572 0.19801757 0.91782063],[0.12021408 0.12036636 0.08693483],[ 9.9991792e-01  3.5187532e-04 -1.9501211e-03  1.2661875e-02],0,6,1785138736238119,1785138736238119,[-1.0916631e-03  4.1109364e-02  1.3901141e+00],1,[0.02016564 0.01998677 0.00577544]
1785138748003276276,[-0.02652009 -0.02507179  0.00562879],[3.4800316e-05 3.3530083e-05 1.9462176e-03],1,[0.10647864 0.19859798 0.9368551 ],[0.12114806 0.12130254 0.08744211],[ 9.9991697e-01  1.8306512e-04 -2.1485649e-03  1.2709704e-02],0,6,1785138736254119,1785138736254119,[-1.0603513e-03  4.1523430e-02  1.3689063e+00],1,[0.02042466 0.02023651 0.00579629]
1785138748003754451,[-0.02731903 -0.02800126  0.0061615 ],[3.4191296e-05 3.3696571e-05 1.9468276e-03],1,[0.1065033  0.19889203 0.94628   ],[0.12161994 0.12177547 0.08707915],[ 9.9991637e-01  7.4554489e-05 -2.2574284e-03  1.2738452e-02],0,6,1785138736262119,1785138736262119,[-9.2973089e-04  4.1609079e-02  1.3587326e+00],1,[0.02079882 0.02017486 0.00578714]
1785138748004629676,[-0.02385706 -0.02800129  0.01388473],[3.4040157e-05 3.3801945e-05 1.8887265e-03],1,[0.10656501 0.19947319 0.96502554],[0.12257253 0.12272572 0.08758759],[ 9.9991447e-01 -1.2901885e-04 -2.4946406e-03  1.2844611e-02],0,6,1785138736278119,1785138736278119,[-1.8954994e-05  4.1355476e-02  1.3400896e+00],1,[0.02076393 0.02010606 0.00580779]
1785138748004994847,[-0.02359072 -0.02693604  0.01494998],[3.4064797e-05 3.3818025e-05 1.8888523e-03],1,[0.10660031 0.19976144 0.97435564],[0.12305366 0.12320461 0.08784302],[ 9.9991316e-01 -2.2319131e-04 -2.6064881e-03  1.2916700e-02],0,6,1785138736286119,1785138736286119,[3.1796659e-04 4.1487712e-02 1.3311973e+00],1,[0.02090237 0.02023903 0.0058182 ]
1785138748005354037,[-0.02518862 -0.02560446  0.01601524],[3.4151424e-05 3.3828539e-05 1.8890897e-03],1,[0.10667939 0.2003391  0.99293864],[0.12402616 0.12417243 0.08835626],[ 9.99910653e-01 -4.15321469e-04 -2.82227271e-03  1.30599355e-02],0,6,1785138736302119,1785138736302119,[1.2296588e-03 4.1484311e-02 1.3145741e+00],1,[0.02118799 0.02051432 0.00583901]
1785138748005781145,[-0.0230581  -0.02427286  0.01734685],[3.4196008e-05 3.3830747e-05 1.8892109e-03],1,[0.10672224 0.20062613 1.0021954 ],[0.12451763 0.12466143 0.08861408],[ 9.9990940e-01 -5.1120797e-04 -2.9229878e-03  1.3138012e-02],0,6,1785138736310119,1785138736310119,[1.2994199e-03 4.1517358e-02 1.3069354e+00],1,[0.02133645 0.02065385 0.00584945]
1785138748006129323,[-0.02172649 -0.02400656  0.02054266],[3.4273031e-05 3.3845212e-05 1.8894550e-03],1,[0.10681203 0.2011988  1.0205733 ],[0.12551123 0.12564978 0.08849406],[ 9.9990618e-01 -6.9462968e-04 -3.1136780e-03  1.3320426e-02],0,6,1785138736326119,1785138736326119,[0.00199968 0.04142775 1.2930244 ],1,[0.02164189 0.0209408  0.00584915]
1785138748006490506,[-0.01986236 -0.0197455   0.02107524],[3.4302488e-05 3.3856595e-05 1.8361051e-03],1,[0.10686064 0.2014837  1.0296993 ],[0.12601143 0.1261491  0.08875245],[ 9.9990469e-01 -7.7632384e-04 -3.1998532e-03  1.3413609e-02],0,6,1785138736334119,1785138736334119,[0.00233187 0.04138935 1.2864006 ],1,[0.02179542 0.02108572 0.0058596 ]
1785138748006766539,[-0.02066129 -0.01734868  0.0205426 ],[3.4360888e-05 3.3887267e-05 1.8363510e-03],1,[0.10696693 0.20204952 1.0479149 ],[0.1270268  0.1271586  0.08927164],[ 9.9990135e-01 -9.3672238e-04 -3.3551401e-03  1.3608458e-02],0,6,1785138736350119,1785138736350119,[0.00318567 0.04102451 1.2740427 ],1,[0.02210718 0.02137842 0.0058805 ]
1785138748007114397,[-0.01988536 -0.01465868  0.02292746],[3.0778425e-05 3.0194464e-05 1.8224398e-03],1,[0.10825381 0.20046094 1.0535191 ],[0.10577953 0.10592528 0.08109597],[ 0.9998997  -0.00101819 -0.00341736  0.01371075],0,6,1785138736358119,1785138736358119,[0.0046685  0.03978583 1.2675148 ],1,[0.01725171 0.01677395 0.0054927 ]
1785138748007474608,[-0.01162956 -0.01039762  0.01999798],[3.0842712e-05 3.0226023e-05 1.8226758e-03],1,[0.11077538 0.19738346 1.0649648 ],[0.10652363 0.10666944 0.08156396],[ 0.99989754 -0.00116748 -0.00352108  0.01382662],0,6,1785138736374119,1785138736374119,[0.00751219 0.0373193  1.2556483 ],1,[0.01750346 0.01701287 0.00551328]
1785138748007864746,[-0.01642325 -0.00613659  0.02186217],[3.0875981e-05 3.0241810e-05 1.8227915e-03],1,[0.11201087 0.19589333 1.0707318 ],[0.10689978 0.10704552 0.08126136],[ 0.99989647 -0.00124589 -0.00355274  0.01389388],0,6,1785138736382119,1785138736382119,[0.0087478  0.03629334 1.2499247 ],1,[0.0176297  0.01713319 0.00550616]
1785138748008206142,[-0.01136323 -0.004805    0.02212851],[3.0951920e-05 3.0271267e-05 1.8230177e-03],1,[0.11443032 0.19300835 1.0824958 ],[0.10766038 0.1078058  0.08173081],[ 0.9998942  -0.00138383 -0.00359344  0.01402959],0,6,1785138736398119,1785138736398119,[0.01086111 0.03424153 1.239567  ],1,[0.01788225 0.01737338 0.00552675]
1785138748008547578,[-0.0079012  -0.00507136  0.02425923],[3.0993266e-05 3.0284376e-05 1.7738723e-03],1,[0.11561389 0.1916102  1.0884913 ],[0.10804382 0.10818991 0.08196666],[ 0.99989295 -0.00143624 -0.00361782  0.01410236],0,6,1785138736406119,1785138736406119,[0.01181795 0.03306583 1.2347741 ],1,[0.01800817 0.01749361 0.00553705]
1785138748008899694,[-0.00603697  0.00025496  0.02132976],[3.1080675e-05 3.0310741e-05 1.7740906e-03],1,[0.11793351 0.1888979  1.1007029 ],[0.10882126 0.10896666 0.08244066],[ 0.9998907 -0.0015257 -0.0036216  0.0142556],0,6,1785138736422119,1785138736422119,[0.01393312 0.03107245 1.226024  ],1,[0.0182621  0.01773567 0.00555767]
1785138748009270165,[-0.00284119  0.00185285  0.02479186],[3.1124699e-05 3.0324714e-05 1.7741990e-03],1,[0.11907019 0.18758133 1.106919  ],[0.10921427 0.10935923 0.0826788 ],[ 0.99988955 -0.00155559 -0.00361901  0.01433527],0,6,1785138736430119,1785138736430119,[0.0149169  0.02993013 1.222247  ],1,[0.01838908 0.0178574  0.00556798]
1785138748009615668,[-0.00417277  0.00345073  0.02425923],[3.1211988e-05 3.0353209e-05 1.7744160e-03],1,[0.1212995  0.18501869 1.1194874 ],[0.11000897 0.11015284 0.0826017 ],[ 0.99988717 -0.00162409 -0.00359903  0.01449845],0,6,1785138736446119,1785138736446119,[0.01680396 0.02737078 1.2149284 ],1,[0.01864545 0.01810165 0.00557052]
1785138748009965801,[-0.00364013  0.00611391  0.02559081],[3.1254138e-05 3.0367562e-05 1.7745262e-03],1,[0.12239351 0.18376923 1.1258404 ],[0.11041071 0.11055393 0.08284054],[ 0.99988586 -0.00165852 -0.00357785  0.01458358],0,6,1785138736454119,1785138736454119,[0.01784868 0.02607765 1.2118268 ],1,[0.01877363 0.0182244  0.00558084]
1785138748010348875,[0.00035462 0.0093097  0.02266134],[3.1336607e-05 3.0396888e-05 1.7747474e-03],1,[0.12454393 0.18133518 1.1387607 ],[0.11122305 0.11136477 0.08332052],[ 0.9998838  -0.00170064 -0.00350157  0.01474185],0,6,1785138736470119,1785138736470119,[0.01966186 0.02402957 1.2060506 ],1,[0.01903113 0.01846973 0.00560149]
1785138748010692686,[0.00062082 0.00877701 0.02452549],[3.1376680e-05 3.0411666e-05 1.7295326e-03],1,[0.12560129 0.18015015 1.1453248 ],[0.1116325  0.11177446 0.08356167],[ 0.99988276 -0.00171606 -0.0034668   0.01481979],0,6,1785138736478119,1785138736478119,[0.02057007 0.02310743 1.2035295 ],1,[0.01915919 0.01859295 0.00561182]
1785138748011127278,[0.00248504 0.00824439 0.0197318 ],[3.1453150e-05 3.0442821e-05 1.7297582e-03],1,[0.12768325 0.17783919 1.1586599 ],[0.11246286 0.1126029  0.08404626],[ 0.9998809  -0.00174259 -0.00339563  0.01495987],0,6,1785138736494119,1785138736494119,[0.02259296 0.02094346 1.199168  ],1,[0.01941855 0.01884092 0.0056325 ]
1785138748011494973,[0.00355028 0.01037492 0.02452549],[3.1489482e-05 3.0458530e-05 1.7298730e-03],1,[0.12870781 0.1767109  1.1653413 ],[0.11288261 0.1130216  0.08371885],[ 0.9998799  -0.0017484  -0.00336019  0.01503428],0,6,1785138736502119,1785138736502119,[0.02328777 0.01996833 1.1974934 ],1,[0.01954853 0.01896545 0.00562418]
1785138748011901442,[0.00541449 0.0117065  0.02425918],[3.1555359e-05 3.0490819e-05 1.7301091e-03],1,[0.13072374 0.17450835 1.1789098 ],[0.11373142 0.11386805 0.08420479],[ 0.9998776  -0.00174325 -0.00327622  0.01520087],0,6,1785138736518119,1785138736518119,[0.02505704 0.0180443  1.1940978 ],1,[0.0198099  0.01921584 0.00564485]
1785138748012244271,[0.00674608 0.01410334 0.02266128],[3.1585208e-05 3.0507899e-05 1.7302289e-03],1,[0.1317174 0.1734331 1.1857958],[0.1141605  0.11429584 0.08444893],[ 0.99987674 -0.00173396 -0.00322241  0.01527468],0,6,1785138736526119,1785138736526119,[0.02590431 0.01721948 1.1927567 ],1,[0.01994119 0.01934153 0.0056552 ]
1785138748012516666,[0.00541452 0.01436968 0.02532443],[3.1635402e-05 3.0541640e-05 1.7304805e-03],1,[0.133675  0.1713343 1.1997641],[0.11502816 0.11516068 0.08493952],[ 0.9998746  -0.00174293 -0.00310818  0.01543597],0,6,1785138736542119,1785138736542119,[0.02754313 0.01543853 1.1901214 ],1,[0.02020573 0.01959393 0.0056759 ]
1785138748012822314,[0.0051481  0.01197273 0.02399284],[3.1658517e-05 3.0558400e-05 1.6887482e-03],1,[0.13464132 0.17031027 1.2068456 ],[0.11546543 0.11559767 0.08518599],[ 0.99987334 -0.00173866 -0.00305648  0.01551983],0,6,1785138736550119,1785138736550119,[0.02835481 0.01464736 1.1891129 ],1,[0.0203372  0.01972013 0.00568627]
1785138748013109247,[0.00621336 0.00771169 0.02079705],[3.1703556e-05 3.0593947e-05 1.6890026e-03],1,[0.1365462  0.16831195 1.2210743 ],[0.11635233 0.1164813  0.08509148],[ 0.99987143 -0.00173432 -0.00300105  0.01565903],0,6,1785138736566119,1785138736566119,[0.02992863 0.01299356 1.1867619 ],1,[0.02060351 0.01997451 0.00568764]
1785138748013393374,[0.00967547 0.00877694 0.01973179],[3.1722899e-05 3.0611882e-05 1.6891325e-03],1,[0.13748445 0.1673359  1.2282234 ],[0.11680067 0.11692788 0.08533859],[ 0.99987054 -0.0017113  -0.00296713  0.01572297],0,6,1785138736574119,1785138736574119,[0.03057612 0.01203067 1.1860027 ],1,[0.02073702 0.02010201 0.00569801]
1785138748013674186,[0.01207232 0.01170644 0.02532442],[3.1758605e-05 3.0648527e-05 1.6893960e-03],1,[0.13932934 0.16542836 1.2427106 ],[0.11770727 0.11783067 0.08583515],[ 0.9998682  -0.00166701 -0.00287785  0.0158952 ],0,6,1785138736590119,1785138736590119,[0.03174041 0.01046887 1.1846943 ],1,[0.02100475 0.02035834 0.00571875]
1785138748013953825,[0.00914282 0.01410324 0.02346022],[3.1775820e-05 3.0666873e-05 1.6895289e-03],1,[0.14023824 0.16449699 1.250046  ],[0.11816557 0.11828694 0.08608461],[ 0.999867   -0.00163871 -0.00282403  0.01597689],0,6,1785138736598119,1785138736598119,[0.03256448 0.00968418 1.1839885 ],1,[0.02113875 0.02048705 0.00572914]
1785138748014241248,[0.00940915 0.01197273 0.02186232],[3.1800933e-05 3.0703854e-05 1.6898036e-03],1,[0.1420299  0.16267875 1.2647269 ],[0.11909227 0.11920933 0.0859836 ],[ 0.999865   -0.00159536 -0.002732    0.01612612],0,6,1785138736614119,1785138736614119,[0.03373236 0.00814474 1.1828281 ],1,[0.02140851 0.02074572 0.00573006]
1785138748014610587,[0.01233855 0.0093096  0.02239479],[3.1811087e-05 3.0721909e-05 1.6511150e-03],1,[0.14291212 0.16179061 1.2720748 ],[0.11955921 0.1196754  0.08623368],[ 0.9998639  -0.00155957 -0.00269238  0.0161996 ],0,6,1785138736622119,1785138736622119,[0.03433942 0.00746178 1.1823747 ],1,[0.02154315 0.02087545 0.00574045]
1785138748014893692,[0.00887645 0.01223909 0.02399269],[3.1833806e-05 3.0759715e-05 1.6513906e-03],1,[0.14465101 0.1600596  1.2869463 ],[0.12050641 0.12061779 0.08673621],[ 0.99986154 -0.00151952 -0.00259119  0.01637127],0,6,1785138736638119,1785138736638119,[0.03535663 0.00646043 1.181021  ],1,[0.02181573 0.02113646 0.00576123]
1785138748015242122,[0.00461538 0.00904327 0.02106322],[3.1845379e-05 3.0778891e-05 1.6515288e-03],1,[0.14550588 0.15921663 1.2944647 ],[0.12098523 0.12109406 0.08698866],[ 0.99986047 -0.00150841 -0.00255404  0.01644421],0,6,1785138736646119,1785138736646119,[0.03583935 0.00597523 1.1802835 ],1,[0.02195236 0.02126771 0.00577162]
1785138748015494749,[0.00647958 0.00984223 0.01813374],[3.1867014e-05 3.0817660e-05 1.6518059e-03],1,[0.14719345 0.15757628 1.3096601 ],[0.12195341 0.12205688 0.08749594],[ 0.9998581  -0.00147681 -0.00248216  0.01660376],0,6,1785138736662119,1785138736662119,[0.03714477 0.00535345 1.1789353 ],1,[0.02222733 0.02153061 0.00579243]
1785138748015832468,[0.00568065 0.00957591 0.02106322],[3.1877218e-05 3.0837182e-05 1.6519456e-03],1,[0.14802448 0.15678026 1.3171691 ],[0.12244283 0.12254345 0.08713224],[ 0.99985695 -0.00146489 -0.00244174  0.01667332],0,6,1785138736670119,1785138736670119,[0.0374724 0.0051045 1.1782869],1,[0.02236529 0.02166306 0.00578239]
1785138748016230040,[0.00541433 0.00824431 0.02266112],[3.1891585e-05 3.0876261e-05 1.6522313e-03],1,[0.14966069 0.1552304  1.3323474 ],[0.12343244 0.1235271  0.0876407 ],[ 0.99985456 -0.0014234  -0.00238184  0.01682941],0,6,1785138736686119,1785138736686119,[0.03840267 0.00414923 1.1771942 ],1,[0.02264326 0.02192917 0.0058032 ]
1785138748016504229,[0.0083438  0.0074454  0.02186211],[3.1897951e-05 3.0895131e-05 1.6162688e-03],1,[0.15046735 0.15447502 1.3400143 ],[0.12393098 0.12402412 0.08789613],[ 0.9998534  -0.0014041  -0.00235348  0.01690736],0,6,1785138736694119,1785138736694119,[0.03883528 0.00358412 1.1764848 ],1,[0.02278176 0.02206268 0.00581361]
1785138748016707263,[0.00807748 0.01090748 0.02239474],[3.1906187e-05 3.0914784e-05 1.6164104e-03],1,[0.15126523 0.15373148 1.34773   ],[0.12443487 0.12452479 0.08815236],[ 0.9998521  -0.0013777  -0.00231112  0.01698773],0,6,1785138736702119,1785138736702119,[0.03908348 0.0029899  1.1757818 ],1,[0.02292195 0.0221968  0.00582402]
1785138748016965822,[0.00887644 0.00797801 0.02452527],[3.1933516e-05 3.0954048e-05 1.6166826e-03],1,[0.15283658 0.15227714 1.3633026 ],[0.12545371 0.1255369  0.08866722],[ 0.9998495  -0.00132453 -0.00224017  0.01715512],0,6,1785138736718119,1785138736718119,[0.04001468 0.00155514 1.1745715 ],1,[0.02320426 0.02246707 0.00584487]
1785138748017221245,[0.00887645 0.00744537 0.01866631],[3.195666e-05 3.099437e-05 1.616959e-03],1,[0.15438147 0.15086445 1.3788532 ],[0.1264875  0.12656355 0.08854645],[ 0.99984765 -0.00127121 -0.00217455  0.01727901],0,6,1785138736734119,1785138736734119,[4.1210432e-02 4.5643633e-04 1.1730956e+00],1,[0.02348764 0.02273821 0.00584454]
1785138748017475937,[0.00701223 0.00558116 0.01733473],[3.1966203e-05 3.1014817e-05 1.6170993e-03],1,[0.15514527 0.15017511 1.3865951 ],[0.12701006 0.12708238 0.08880484],[ 0.9998466  -0.00124785 -0.0021503   0.0173408 ],0,6,1785138736742119,1785138736742119,[4.1643791e-02 6.1961298e-05 1.1723067e+00],1,[0.02363037 0.02287468 0.00585497]
1785138748017737462,[0.0054196  0.00478681 0.02399184],[2.8214890e-05 2.7366383e-05 1.5695393e-03],1,[0.1561313  0.14865927 1.395296  ],[0.10581739 0.10593503 0.08092646],[ 0.9998439  -0.00120709 -0.00210181  0.01750339],0,6,1785138736758119,1785138736758119,[ 4.2494599e-02 -1.0711286e-03  1.1688467e+00],1,[0.01827694 0.01779582 0.00547977]
1785138748017990581,[0.00755012 0.00531946 0.02266026],[2.8225350e-05 2.7385513e-05 1.5696769e-03],1,[0.15636425 0.14783236 1.3964229 ],[0.10619477 0.10631204 0.08115942],[ 0.99984246 -0.00118441 -0.00207817  0.01758869],0,6,1785138736766119,1785138736766119,[ 0.0426409  -0.00183481  1.1663547 ],1,[0.01839105 0.01790573 0.00549004]
1785138748018249701,[0.00755013 0.00611841 0.02106236],[2.8246966e-05 2.7424037e-05 1.5699524e-03],1,[0.15684092 0.14621729 1.3992919 ],[0.10695796 0.10707431 0.08162758],[ 0.9998398  -0.00113092 -0.00201633  0.01775772],0,6,1785138736782119,1785138736782119,[ 0.04280102 -0.00290509  1.1614432 ],1,[0.01862153 0.01812722 0.00551058]
1785138748018514522,[0.00621853 0.00531944 0.02106236],[2.8255894e-05 2.7443213e-05 1.5700923e-03],1,[0.15708433 0.1454292  1.4008805 ],[0.10734381 0.1074596  0.08132423],[ 0.99983835 -0.00110623 -0.00199422  0.01783824],0,6,1785138736790119,1785138736790119,[ 0.04297484 -0.00336991  1.1589386 ],1,[0.01873783 0.01823858 0.00550343]
1785138748018766318,[0.00568589 0.00611838 0.01973078],[2.8280725e-05 2.7481248e-05 1.5703654e-03],1,[0.15757786 0.14389221 1.4046315 ],[0.10812413 0.1082386  0.08179382],[ 0.99983567 -0.00105178 -0.00194882  0.01799707],0,6,1785138736806119,1785138736806119,[ 0.04278785 -0.00424655  1.1545192 ],1,[0.01897211 0.01846337 0.00552397]
1785138748019016051,[0.00462066 0.00372154 0.02079604],[2.8292796e-05 2.7500415e-05 1.5705029e-03],1,[0.15782832 0.14314207 1.4067857 ],[0.10851865 0.10863236 0.08202976],[ 0.9998343  -0.00103426 -0.00192735  0.0180748 ],0,6,1785138736814119,1785138736814119,[ 0.0431972  -0.00476182  1.1526715 ],1,[0.01909035 0.01857641 0.00553425]
1785138748019397091,[0.00808293 0.00452065 0.01866528],[2.8318353e-05 2.7538597e-05 1.5392211e-03],1,[0.15834366 0.14167786 1.4116349 ],[0.1093155  0.10942839 0.08250391],[ 9.9983168e-01 -9.9864393e-04 -1.8763753e-03  1.8226851e-02],0,6,1785138736830119,1785138736830119,[ 0.04386455 -0.00557034  1.1499021 ],1,[0.01932696 0.01880349 0.00555483]
1785138748019623540,[0.00675133 0.00425431 0.01919792],[2.8331446e-05 2.7557837e-05 1.5393568e-03],1,[0.15860559 0.14096357 1.414324  ],[0.10971886 0.1098308  0.08274214],[ 9.9983048e-01 -9.6972164e-04 -1.8583897e-03  1.8296454e-02],0,6,1785138736838119,1785138736838119,[ 0.0439936  -0.00572697  1.1489816 ],1,[0.01944615 0.01891779 0.00556512]
1785138748020024528,[0.0091482  0.00558589 0.0173337 ],[2.8357004e-05 2.7596625e-05 1.5396297e-03],1,[0.15913498 0.13957526 1.4200392 ],[0.1105346  0.11064442 0.08266434],[ 9.9982834e-01 -9.1126718e-04 -1.7920299e-03  1.8422533e-02],0,6,1785138736854119,1785138736854119,[ 0.04397796 -0.00619866  1.1478733 ],1,[0.019686   0.01914801 0.00556762]
1785138748020394889,[0.00382186 0.00585221 0.01760002],[2.8369310e-05 2.7616108e-05 1.5397662e-03],1,[0.15940195 0.13889842 1.4230654 ],[0.11094703 0.11105567 0.08290325],[ 9.9982721e-01 -8.9466810e-04 -1.7662710e-03  1.8484896e-02],0,6,1785138736862119,1785138736862119,[ 0.04411164 -0.00664749  1.1478283 ],1,[0.01980649 0.01926393 0.00557792]
1785138748020780368,[0.00488713 0.00398802 0.01653476],[2.8395729e-05 2.7655180e-05 1.5400378e-03],1,[0.15994027 0.13757512 1.4296206 ],[0.1117811  0.11188718 0.08338337],[ 9.9982494e-01 -8.7039662e-04 -1.7228911e-03  1.8608795e-02],0,6,1785138736878119,1785138736878119,[ 0.04410347 -0.00739278  1.148081  ],1,[0.02004874 0.01949735 0.00559853]
1785138748021080506,[0.0046208  0.00638483 0.01999687],[2.8409413e-05 2.7674885e-05 1.5401733e-03],1,[0.16021197 0.13693097 1.433143  ],[0.11220279 0.11230747 0.08362457],[ 9.9982381e-01 -8.4907428e-04 -1.6964864e-03  1.8679913e-02],0,6,1785138736886119,1785138736886119,[ 0.04430819 -0.00736349  1.1486496 ],1,[0.02017121 0.01961529 0.00560883]
1785138748030271071,[-0.00016718 -0.00159948  0.01227348],[2.4206518e-05 2.3746346e-05 1.2222708e-03],1,[0.16601753 0.10554073 1.9206188 ],[0.12554637 0.1255065  0.08819031],[ 9.9965471e-01 -1.9395411e-04 -4.7363646e-04  2.6270788e-02],0,6,1785138737902119,1785138737902119,[ 0.02212063 -0.0040404   1.3683674 ],1,[0.02335744 0.02276698 0.00580285]
1785138748036562993,[-0.00177022 -0.00078668  0.00641212],[2.0042853e-05 1.9720386e-05 1.0613528e-03],1,[0.15019001 0.05945648 2.3640254 ],[0.1144961  0.11446953 0.08349735],[ 9.9952257e-01 -4.5258508e-05 -1.3976317e-04  3.0897442e-02],0,6,1785138738910119,1785138738910119,[-0.00395634 -0.01336951  1.5569905 ],1,[0.01907489 0.01875884 0.00557957]
1785138748042318060,[-0.00124427 -0.00078313  0.00028741],[1.9910993e-05 1.9615818e-05 9.6387335e-04],1,[0.14639938 0.02637056 2.9115474 ],[0.12772217 0.12760165 0.08808581],[ 9.9944240e-01 -2.5752244e-05 -2.2832102e-05  3.3392381e-02],0,6,1785138739926119,1785138739926119,[-0.00148816  0.02694882  1.1092367 ],1,[0.0203455  0.02006973 0.00577553]
