[35m[1785138941.796440][m info     | [34mUDPv4AgentLinux.cpp[m | [37minit                    [m | [32mrunning...[m             | port: 8888
[35m[1785138941.796660][m info     | [34mRoot.cpp          [m | [37mset_verbose_level       [m | [32mlogger setup[m           | verbose_level: 4
[35m[1785138949.690885][m info     | [34mRoot.cpp          [m | [37mcreate_client           [m | [32mcreate[m                 | client_key: 0x00000002, session_id: 0x81
[35m[1785138949.690932][m info     | [34mSessionManager.hpp[m | [37mestablish_session       [m | [32msession established[m    | client_key: 0x00000002, address: 127.0.0.1:60032
[35m[1785138949.694316][m info     | [34mProxyClient.cpp   [m | [37mcreate_participant      [m | [32mparticipant created[m    | client_key: 0x00000002, participant_id: 0x001(1)
[35m[1785138949.694453][m info     | [34mProxyClient.cpp   [m | [37mcreate_topic            [m | [32mtopic created[m          | client_key: 0x00000002, topic_id: 0x800(2), participant_id: 0x001(1)
[35m[1785138949.694503][m info     | [34mProxyClient.cpp   [m | [37mcreate_subscriber       [m | [32msubscriber created[m     | client_key: 0x00000002, subscriber_id: 0x800(4), participant_id: 0x001(1)
[35m[1785138949.695712][m info     | [34mProxyClient.cpp   [m | [37mcreate_datareader       [m | [32mdatareader created[m     | client_key: 0x00000002, datareader_id: 0x800(6), subscriber_id: 0x800(4)
[35m[1785138949.695830][m info     | [34mProxyClient.cpp   [m | [37mcreate_topic            [m | [32mtopic created[m          | client_key: 0x00000002, topic_id: 0x801(2), participant_id: 0x001(1)
[35m[1785138949.695845][m info     | [34mProxyClient.cpp   [m | [37mcreate_subscriber       [m | [32msubscriber created[m     | client_key: 0x00000002, subscriber_id: 0x801(4), participant_id: 0x001(1)
[35m[1785138949.696067][m info     | [34mProxyClient.cpp   [m | [37mcreate_datareader       [m | [32mdatareader created[m     | client_key: 0x00000002, datareader_id: 0x801(6), subscriber_id: 0x801(4)
[35m[1785138949.696153][m info     | [34mProxyClient.cpp   [m | [37mcreate_topic            [m | [32mtopic created[m          | client_key: 0x00000002, topic_id: 0x802(2), participant_id: 0x001(1)
[35m[1785138949.696172][m info     | [34mProxyClient.cpp   [m | [37mcreate_subscriber       [m | [32msubscriber created[m     | client_key: 0x00000002, subscriber_id: 0x802(4), participant_id: 0x001(1)
[35m[1785138949.696377][m info     | [34mProxyClient.cpp   [m | [37mcreate_datareader       [m | [32mdatareader created[m     | client_key: 0x00000002, datareader_id: 0x802(6), subscriber_id: 0x802(4)
[35m[1785138949.696458][m info     | [34mProxyClient.cpp   [m | [37mcreate_topic            [m | [32mtopic created[m          | client_key: 0x00000002, topic_id: 0x803(2), participant_id: 0x001(1)
[35m[1785138949.696474][m info     | [34mProxyClient.cpp   [m | [37mcreate_subscriber       [m | [32msubscriber created[m     | client_key: 0x00000002, subscriber_id: 0x803(4), participant_id: 0x001(1)
[35m[1785138949.696663][m info     | [34mProxyClient.cpp   [m | [37mcreate_datareader       [m | [32mdatareader created[m     | client_key: 0x00000002, datareader_id: 0x803(6), subscriber_id: 0x803(4)
[35m[1785138949.696747][m info     | [34mProxyClient.cpp   [m | [37mcreate_topic            [m | [32mtopic created[m          | client_key: 0x00000002, topic_id: 0x804(2), participant_id: 0x001(1)
[35m[1785138949.696762][m info     | [34mProxyClient.cpp   [m | [37mcreate_subscriber       [m | [32msubscriber created[m     | client_key: 0x00000002, subscriber_id: 0x804(4), participant_id: 0x001(1)
[35m[1785138949.696969][m info     | [34mProxyClient.cpp   [m | [37mcreate_datareader       [m | [32mdatareader created[m     | client_key: 0x00000002, datareader_id: 0x804(6), subscriber_id: 0x804(4)
[35m[1785138949.697048][m info     | [34mProxyClient.cpp   [m | [37mcreate_topic            [m | [32mtopic created[m          | client_key: 0x00000002, topic_id: 0x805(2), participant_id: 0x001(1)
[35m[1785138949.697065][m info     | [34mProxyClient.cpp   [m | [37mcreate_subscriber       [m | [32msubscriber created[m     | client_key: 0x00000002, subscriber_id: 0x805(4), participant_id: 0x001(1)
[35m[1785138949.697281][m info     | [34mProxyClient.cpp   [m | [37mcreate_datareader       [m | [32mdatareader created[m     | client_key: 0x00000002, datareader_id: 0x805(6), subscriber_id: 0x805(4)
[35m[1785138949.697383][m info     | [34mProxyClient.cpp   [m | [37mcreate_topic            [m | [32mtopic created[m          | client_key: 0x00000002, topic_id: 0x806(2), participant_id: 0x001(1)
[35m[1785138949.697398][m info     | [34mProxyClient.cpp   [m | [37mcreate_subscriber       [m | [32msubscriber created[m     | client_key: 0x00000002, subscriber_id: 0x806(4), participant_id: 0x001(1)
[35m[1785138949.697594][m info     | [34mProxyClient.cpp   [m | [37mcreate_datareader       [m | [32mdatareader created[m     | client_key: 0x00000002, datareader_id: 0x806(6), subscriber_id: 0x806(4)
[35m[1785138949.697673][m info     | [34mProxyClient.cpp   [m | [37mcreate_topic            [m | [32mtopic created[m          | client_key: 0x00000002, topic_id: 0x807(2), participant_id: 0x001(1)
[35m[1785138949.697690][m info     | [34mProxyClient.cpp   [m | [37mcreate_subscriber       [m | [32msubscriber created[m     | client_key: 0x00000002, subscriber_id: 0x807(4), participant_id: 0x001(1)
[35m[1785138949.697905][m info     | [34mProxyClient.cpp   [m | [37mcreate_datareader       [m | [32mdatareader created[m     | client_key: 0x00000002, datareader_id: 0x807(6), subscriber_id: 0x807(4)
[35m[1785138949.698035][m info     | [34mProxyClient.cpp   [m | [37mcreate_topic            [m | [32mtopic created[m          | client_key: 0x00000002, topic_id: 0x808(2), participant_id: 0x001(1)
[35m[1785138949.698049][m info     | [34mProxyClient.cpp   [m | [37mcreate_subscriber       [m | [32msubscriber created[m     | client_key: 0x00000002, subscriber_id: 0x808(4), participant_id: 0x001(1)
[35m[1785138949.698237][m info     | [34mProxyClient.cpp   [m | [37mcreate_datareader       [m | [32mdatareader created[m     | client_key: 0x00000002, datareader_id: 0x808(6), subscriber_id: 0x808(4)
[35m[1785138949.698317][m info     | [34mProxyClient.cpp   [m | [37mcreate_topic            [m | [32mtopic created[m          | client_key: 0x00000002, topic_id: 0x809(2), participant_id: 0x001(1)
[35m[1785138949.698329][m info     | [34mProxyClient.cpp   [m | [37mcreate_subscriber       [m | [32msubscriber created[m     | client_key: 0x00000002, subscriber_id: 0x809(4), participant_id: 0x001(1)
[35m[1785138949.698514][m info     | [34mProxyClient.cpp   [m | [37mcreate_datareader       [m | [32mdatareader created[m     | client_key: 0x00000002, datareader_id: 0x809(6), subscriber_id: 0x809(4)
[35m[1785138949.698589][m info     | [34mProxyClient.cpp   [m | [37mcreate_topic            [m | [32mtopic created[m          | client_key: 0x00000002, topic_id: 0x80A(2), participant_id: 0x001(1)
[35m[1785138949.698599][m info     | [34mProxyClient.cpp   [m | [37mcreate_subscriber       [m | [32msubscriber created[m     | client_key: 0x00000002, subscriber_id: 0x80A(4), participant_id: 0x001(1)
[35m[1785138949.698781][m info     | [34mProxyClient.cpp   [m | [37mcreate_datareader       [m | [32mdatareader created[m     | client_key: 0x00000002, datareader_id: 0x80A(6), subscriber_id: 0x80A(4)
[35m[1785138949.698865][m info     | [34mProxyClient.cpp   [m | [37mcreate_topic            [m | [32mtopic created[m          | client_key: 0x00000002, topic_id: 0x80B(2), participant_id: 0x001(1)
[35m[1785138949.698885][m info     | [34mProxyClient.cpp   [m | [37mcreate_subscriber       [m | [32msubscriber created[m     | client_key: 0x00000002, subscriber_id: 0x80B(4), participant_id: 0x001(1)
[35m[1785138949.699069][m info     | [34mProxyClient.cpp   [m | [37mcreate_datareader       [m | [32mdatareader created[m     | client_key: 0x00000002, datareader_id: 0x80B(6), subscriber_id: 0x80B(4)
[35m[1785138949.699155][m info     | [34mProxyClient.cpp   [m | [37mcreate_topic            [m | [32mtopic created[m          | client_key: 0x00000002, topic_id: 0x80C(2), participant_id: 0x001(1)
[35m[1785138949.699173][m info     | [34mProxyClient.cpp   [m | [37mcreate_subscriber       [m | [32msubscriber created[m     | client_key: 0x00000002, subscriber_id: 0x80C(4), participant_id: 0x001(1)
[35m[1785138949.699361][m info     | [34mProxyClient.cpp   [m | [37mcreate_datareader       [m | [32mdatareader created[m     | client_key: 0x00000002, datareader_id: 0x80C(6), subscriber_id: 0x80C(4)
[35m[1785138949.699436][m info     | [34mProxyClient.cpp   [m | [37mcreate_topic            [m | [32mtopic created[m          | client_key: 0x00000002, topic_id: 0x80D(2), participant_id: 0x001(1)
[35m[1785138949.699446][m info     | [34mProxyClient.cpp   [m | [37mcreate_subscriber       [m | [32msubscriber created[m     | client_key: 0x00000002, subscriber_id: 0x80D(4), participant_id: 0x001(1)
[35m[1785138949.699741][m info     | [34mProxyClient.cpp   [m | [37mcreate_datareader       [m | [32mdatareader created[m     | client_key: 0x00000002, datareader_id: 0x80D(6), subscriber_id: 0x80D(4)
[35m[1785138949.699818][m info     | [34mProxyClient.cpp   [m | [37mcreate_topic            [m | [32mtopic created[m          | client_key: 0x00000002, topic_id: 0x80E(2), participant_id: 0x001(1)
[35m[1785138949.699828][m info     | [34mProxyClient.cpp   [m | [37mcreate_subscriber       [m | [32msubscriber created[m     | client_key: 0x00000002, subscriber_id: 0x80E(4), participant_id: 0x001(1)
[35m[1785138949.700018][m info     | [34mProxyClient.cpp   [m | [37mcreate_datareader       [m | [32mdatareader created[m     | client_key: 0x00000002, datareader_id: 0x80E(6), subscriber_id: 0x80E(4)
[35m[1785138949.700096][m info     | [34mProxyClient.cpp   [m | [37mcreate_topic            [m | [32mtopic created[m          | client_key: 0x00000002, topic_id: 0x80F(2), participant_id: 0x001(1)
[35m[1785138949.700107][m info     | [34mProxyClient.cpp   [m | [37mcreate_subscriber       [m | [32msubscriber created[m     | client_key: 0x00000002, subscriber_id: 0x80F(4), participant_id: 0x001(1)
[35m[1785138949.700302][m info     | [34mProxyClient.cpp   [m | [37mcreate_datareader       [m | [32mdatareader created[m     | client_key: 0x00000002, datareader_id: 0x80F(6), subscriber_id: 0x80F(4)
[35m[1785138949.700377][m info     | [34mProxyClient.cpp   [m | [37mcreate_topic            [m | [32mtopic created[m          | client_key: 0x00000002, topic_id: 0x810(2), participant_id: 0x001(1)
[35m[1785138949.700392][m info     | [34mProxyClient.cpp   [m | [37mcreate_subscriber       [m | [32msubscriber created[m     | client_key: 0x00000002, subscriber_id: 0x810(4), participant_id: 0x001(1)
[35m[1785138949.700576][m info     | [34mProxyClient.cpp   [m | [37mcreate_datareader       [m | [32mdatareader created[m     | client_key: 0x00000002, datareader_id: 0x810(6), subscriber_id: 0x810(4)
[35m[1785138949.700648][m info     | [34mProxyClient.cpp   [m | [37mcreate_topic            [m | [32mtopic created[m          | client_key: 0x00000002, topic_id: 0x811(2), participant_id: 0x001(1)
[35m[1785138949.700658][m info     | [34mProxyClient.cpp   [m | [37mcreate_subscriber       [m | [32msubscriber created[m     | client_key: 0x00000002, subscriber_id: 0x811(4), participant_id: 0x001(1)
[35m[1785138949.700838][m info     | [34mProxyClient.cpp   [m | [37mcreate_datareader       [m | [32mdatareader created[m     | client_key: 0x00000002, datareader_id: 0x811(6), subscriber_id: 0x811(4)
[35m[1785138949.700921][m info     | [34mProxyClient.cpp   [m | [37mcreate_topic            [m | [32mtopic created[m          | client_key: 0x00000002, topic_id: 0x812(2), participant_id: 0x001(1)
[35m[1785138949.700931][m info     | [34mProxyClient.cpp   [m | [37mcreate_subscriber       [m | [32msubscriber created[m     | client_key: 0x00000002, subscriber_id: 0x812(4), participant_id: 0x001(1)
[35m[1785138949.701120][m info     | [34mProxyClient.cpp   [m | [37mcreate_datareader       [m | [32mdatareader created[m     | client_key: 0x00000002, datareader_id: 0x812(6), subscriber_id: 0x812(4)
[35m[1785138949.701195][m info     | [34mProxyClient.cpp   [m | [37mcreate_topic            [m | [32mtopic created[m          | client_key: 0x00000002, topic_id: 0x813(2), participant_id: 0x001(1)
[35m[1785138949.701216][m info     | [34mProxyClient.cpp   [m | [37mcreate_subscriber       [m | [32msubscriber created[m     | client_key: 0x00000002, subscriber_id: 0x813(4), participant_id: 0x001(1)
[35m[1785138949.701400][m info     | [34mProxyClient.cpp   [m | [37mcreate_datareader       [m | [32mdatareader created[m     | client_key: 0x00000002, datareader_id: 0x813(6), subscriber_id: 0x813(4)
[35m[1785138949.701477][m info     | [34mProxyClient.cpp   [m | [37mcreate_topic            [m | [32mtopic created[m          | client_key: 0x00000002, topic_id: 0x814(2), participant_id: 0x001(1)
[35m[1785138949.701487][m info     | [34mProxyClient.cpp   [m | [37mcreate_subscriber       [m | [32msubscriber created[m     | client_key: 0x00000002, subscriber_id: 0x814(4), participant_id: 0x001(1)
[35m[1785138949.701675][m info     | [34mProxyClient.cpp   [m | [37mcreate_datareader       [m | [32mdatareader created[m     | client_key: 0x00000002, datareader_id: 0x814(6), subscriber_id: 0x814(4)
[35m[1785138949.701743][m info     | [34mProxyClient.cpp   [m | [37mcreate_topic            [m | [32mtopic created[m          | client_key: 0x00000002, topic_id: 0x815(2), participant_id: 0x001(1)
[35m[1785138949.701761][m info     | [34mProxyClient.cpp   [m | [37mcreate_subscriber       [m | [32msubscriber created[m     | client_key: 0x00000002, subscriber_id: 0x815(4), participant_id: 0x001(1)
[35m[1785138949.701953][m info     | [34mProxyClient.cpp   [m | [37mcreate_datareader       [m | [32mdatareader created[m     | client_key: 0x00000002, datareader_id: 0x815(6), subscriber_id: 0x815(4)
[35m[1785138949.702023][m info     | [34mProxyClient.cpp   [m | [37mcreate_topic            [m | [32mtopic created[m          | client_key: 0x00000002, topic_id: 0x816(2), participant_id: 0x001(1)
[35m[1785138949.702033][m info     | [34mProxyClient.cpp   [m | [37mcreate_subscriber       [m | [32msubscriber created[m     | client_key: 0x00000002, subscriber_id: 0x816(4), participant_id: 0x001(1)
[35m[1785138949.702253][m info     | [34mProxyClient.cpp   [m | [37mcreate_datareader       [m | [32mdatareader created[m     | client_key: 0x00000002, datareader_id: 0x816(6), subscriber_id: 0x816(4)
[35m[1785138949.702346][m info     | [34mProxyClient.cpp   [m | [37mcreate_topic            [m | [32mtopic created[m          | client_key: 0x00000002, topic_id: 0x817(2), participant_id: 0x001(1)
[35m[1785138949.702363][m info     | [34mProxyClient.cpp   [m | [37mcreate_subscriber       [m | [32msubscriber created[m     | client_key: 0x00000002, subscriber_id: 0x817(4), participant_id: 0x001(1)
[35m[1785138949.702558][m info     | [34mProxyClient.cpp   [m | [37mcreate_datareader       [m | [32mdatareader created[m     | client_key: 0x00000002, datareader_id: 0x817(6), subscriber_id: 0x817(4)
[35m[1785138949.702627][m info     | [34mProxyClient.cpp   [m | [37mcreate_topic            [m | [32mtopic created[m          | client_key: 0x00000002, topic_id: 0x818(2), participant_id: 0x001(1)
[35m[1785138949.702642][m info     | [34mProxyClient.cpp   [m | [37mcreate_subscriber       [m | [32msubscriber created[m     | client_key: 0x00000002, subscriber_id: 0x818(4), participant_id: 0x001(1)
[35m[1785138949.702844][m info     | [34mProxyClient.cpp   [m | [37mcreate_datareader       [m | [32mdatareader created[m     | client_key: 0x00000002, datareader_id: 0x818(6), subscriber_id: 0x818(4)
[35m[1785138949.702927][m info     | [34mProxyClient.cpp   [m | [37mcreate_topic            [m | [32mtopic created[m          | client_key: 0x00000002, topic_id: 0x819(2), participant_id: 0x001(1)
[35m[1785138949.702944][m info     | [34mProxyClient.cpp   [m | [37mcreate_subscriber       [m | [32msubscriber created[m     | client_key: 0x00000002, subscriber_id: 0x819(4), participant_id: 0x001(1)
[35m[1785138949.703162][m info     | [34mProxyClient.cpp   [m | [37mcreate_datareader       [m | [32mdatareader created[m     | client_key: 0x00000002, datareader_id: 0x819(6), subscriber_id: 0x819(4)
[35m[1785138949.703245][m info     | [34mProxyClient.cpp   [m | [37mcreate_topic            [m | [32mtopic created[m          | client_key: 0x00000002, topic_id: 0x81A(2), participant_id: 0x001(1)
[35m[1785138949.703267][m info     | [34mProxyClient.cpp   [m | [37mcreate_subscriber       [m | [32msubscriber created[m     | client_key: 0x00000002, subscriber_id: 0x81A(4), participant_id: 0x001(1)
[35m[1785138949.703484][m info     | [34mProxyClient.cpp   [m | [37mcreate_datareader       [m | [32mdatareader created[m     | client_key: 0x00000002, datareader_id: 0x81A(6), subscriber_id: 0x81A(4)
[35m[1785138949.703570][m info     | [34mProxyClient.cpp   [m | [37mcreate_topic            [m | [32mtopic created[m          | client_key: 0x00000002, topic_id: 0x81B(2), participant_id: 0x001(1)
[35m[1785138949.703586][m info     | [34mProxyClient.cpp   [m | [37mcreate_subscriber       [m | [32msubscriber created[m     | client_key: 0x00000002, subscriber_id: 0x81B(4), participant_id: 0x001(1)
[35m[1785138949.703771][m info     | [34mProxyClient.cpp   [m | [37mcreate_datareader       [m | [32mdatareader created[m     | client_key: 0x00000002, datareader_id: 0x81B(6), subscriber_id: 0x81B(4)
[35m[1785138949.703849][m info     | [34mProxyClient.cpp   [m | [37mcreate_topic            [m | [32mtopic created[m          | client_key: 0x00000002, topic_id: 0x81C(2), participant_id: 0x001(1)
[35m[1785138949.703866][m info     | [34mProxyClient.cpp   [m | [37mcreate_subscriber       [m | [32msubscriber created[m     | client_key: 0x00000002, subscriber_id: 0x81C(4), participant_id: 0x001(1)
[35m[1785138949.704052][m info     | [34mProxyClient.cpp   [m | [37mcreate_datareader       [m | [32mdatareader created[m     | client_key: 0x00000002, datareader_id: 0x81C(6), subscriber_id: 0x81C(4)
[35m[1785138949.704532][m info     | [34mProxyClient.cpp   [m | [37mcreate_replier          [m | [32mreplier created[m        | client_key: 0x00000002, requester_id: 0x800(7), participant_id: 0x001(1)
[35m[1785138950.284125][m info     | [34mRoot.cpp          [m | [37mcreate_client           [m | [32mcreate[m                 | client_key: 0x00000003, session_id: 0x81
[35m[1785138950.284167][m info     | [34mSessionManager.hpp[m | [37mestablish_session       [m | [32msession established[m    | client_key: 0x00000003, address: 127.0.0.1:40132
[35m[1785138950.286852][m info     | [34mProxyClient.cpp   [m | [37mcreate_participant      [m | [32mparticipant created[m    | client_key: 0x00000003, participant_id: 0x001(1)
[35m[1785138950.287974][m info     | [34mProxyClient.cpp   [m | [37mcreate_topic            [m | [32mtopic created[m          | client_key: 0x00000003, topic_id: 0x800(2), participant_id: 0x001(1)
[35m[1785138950.288013][m info     | [34mProxyClient.cpp   [m | [37mcreate_subscriber       [m | [32msubscriber created[m     | client_key: 0x00000003, subscriber_id: 0x800(4), participant_id: 0x001(1)
[35m[1785138950.288538][m info     | [34mProxyClient.cpp   [m | [37mcreate_datareader       [m | [32mdatareader created[m     | client_key: 0x00000003, datareader_id: 0x800(6), subscriber_id: 0x800(4)
[35m[1785138950.288766][m info     | [34mProxyClient.cpp   [m | [37mcreate_topic            [m | [32mtopic created[m          | client_key: 0x00000003, topic_id: 0x801(2), participant_id: 0x001(1)
[35m[1785138950.288844][m info     | [34mProxyClient.cpp   [m | [37mcreate_subscriber       [m | [32msubscriber created[m     | client_key: 0x00000003, subscriber_id: 0x801(4), participant_id: 0x001(1)
[35m[1785138950.289254][m info     | [34mProxyClient.cpp   [m | [37mcreate_datareader       [m | [32mdatareader created[m     | client_key: 0x00000003, datareader_id: 0x801(6), subscriber_id: 0x801(4)
[35m[1785138950.289458][m info     | [34mProxyClient.cpp   [m | [37mcreate_topic            [m | [32mtopic created[m          | client_key: 0x00000003, topic_id: 0x802(2), participant_id: 0x001(1)
[35m[1785138950.289478][m info     | [34mProxyClient.cpp   [m | [37mcreate_subscriber       [m | [32msubscriber created[m     | client_key: 0x00000003, subscriber_id: 0x802(4), participant_id: 0x001(1)
[35m[1785138950.289814][m info     | [34mProxyClient.cpp   [m | [37mcreate_datareader       [m | [32mdatareader created[m     | client_key: 0x00000003, datareader_id: 0x802(6), subscriber_id: 0x802(4)
[35m[1785138950.290005][m info     | [34mProxyClient.cpp   [m | [37mcreate_topic            [m | [32mtopic created[m          | client_key: 0x00000003, topic_id: 0x803(2), participant_id: 0x001(1)
[35m[1785138950.290034][m info     | [34mProxyClient.cpp   [m | [37mcreate_subscriber       [m | [32msubscriber created[m     | client_key: 0x00000003, subscriber_id: 0x803(4), participant_id: 0x001(1)
[35m[1785138950.290390][m info     | [34mProxyClient.cpp   [m | [37mcreate_datareader       [m | [32mdatareader created[m     | client_key: 0x00000003, datareader_id: 0x803(6), subscriber_id: 0x803(4)
[35m[1785138950.290599][m info     | [34mProxyClient.cpp   [m | [37mcreate_topic            [m | [32mtopic created[m          | client_key: 0x00000003, topic_id: 0x804(2), participant_id: 0x001(1)
[35m[1785138950.290670][m info     | [34mProxyClient.cpp   [m | [37mcreate_subscriber       [m | [32msubscriber created[m     | client_key: 0x00000003, subscriber_id: 0x804(4), participant_id: 0x001(1)
[35m[1785138950.291068][m info     | [34mProxyClient.cpp   [m | [37mcreate_datareader       [m | [32mdatareader created[m     | client_key: 0x00000003, datareader_id: 0x804(6), subscriber_id: 0x804(4)
[35m[1785138950.291257][m info     | [34mProxyClient.cpp   [m | [37mcreate_topic            [m | [32mtopic created[m          | client_key: 0x00000003, topic_id: 0x805(2), participant_id: 0x001(1)
[35m[1785138950.291286][m info     | [34mProxyClient.cpp   [m | [37mcreate_subscriber       [m | [32msubscriber created[m     | client_key: 0x00000003, subscriber_id: 0x805(4), participant_id: 0x001(1)
[35m[1785138950.291643][m info     | [34mProxyClient.cpp   [m | [37mcreate_datareader       [m | [32mdatareader created[m     | client_key: 0x00000003, datareader_id: 0x805(6), subscriber_id: 0x805(4)
[35m[1785138950.291837][m info     | [34mProxyClient.cpp   [m | [37mcreate_topic            [m | [32mtopic created[m          | client_key: 0x00000003, topic_id: 0x806(2), participant_id: 0x001(1)
[35m[1785138950.291858][m info     | [34mProxyClient.cpp   [m | [37mcreate_subscriber       [m | [32msubscriber created[m     | client_key: 0x00000003, subscriber_id: 0x806(4), participant_id: 0x001(1)
[35m[1785138950.292215][m info     | [34mProxyClient.cpp   [m | [37mcreate_datareader       [m | [32mdatareader created[m     | client_key: 0x00000003, datareader_id: 0x806(6), subscriber_id: 0x806(4)
[35m[1785138950.292401][m info     | [34mProxyClient.cpp   [m | [37mcreate_topic            [m | [32mtopic created[m          | client_key: 0x00000003, topic_id: 0x807(2), participant_id: 0x001(1)
[35m[1785138950.292427][m info     | [34mProxyClient.cpp   [m | [37mcreate_subscriber       [m | [32msubscriber created[m     | client_key: 0x00000003, subscriber_id: 0x807(4), participant_id: 0x001(1)
[35m[1785138950.292766][m info     | [34mProxyClient.cpp   [m | [37mcreate_datareader       [m | [32mdatareader created[m     | client_key: 0x00000003, datareader_id: 0x807(6), subscriber_id: 0x807(4)
[35m[1785138950.292952][m info     | [34mProxyClient.cpp   [m | [37mcreate_topic            [m | [32mtopic created[m          | client_key: 0x00000003, topic_id: 0x808(2), participant_id: 0x001(1)
[35m[1785138950.292981][m info     | [34mProxyClient.cpp   [m | [37mcreate_subscriber       [m | [32msubscriber created[m     | client_key: 0x00000003, subscriber_id: 0x808(4), participant_id: 0x001(1)
[35m[1785138950.293365][m info     | [34mProxyClient.cpp   [m | [37mcreate_datareader       [m | [32mdatareader created[m     | client_key: 0x00000003, datareader_id: 0x808(6), subscriber_id: 0x808(4)
[35m[1785138950.293574][m info     | [34mProxyClient.cpp   [m | [37mcreate_topic            [m | [32mtopic created[m          | client_key: 0x00000003, topic_id: 0x809(2), participant_id: 0x001(1)
[35m[1785138950.293669][m info     | [34mProxyClient.cpp   [m | [37mcreate_subscriber       [m | [32msubscriber created[m     | client_key: 0x00000003, subscriber_id: 0x809(4), participant_id: 0x001(1)
[35m[1785138950.294156][m info     | [34mProxyClient.cpp   [m | [37mcreate_datareader       [m | [32mdatareader created[m     | client_key: 0x00000003, datareader_id: 0x809(6), subscriber_id: 0x809(4)
[35m[1785138950.294332][m info     | [34mProxyClient.cpp   [m | [37mcreate_topic            [m | [32mtopic created[m          | client_key: 0x00000003, topic_id: 0x80A(2), participant_id: 0x001(1)
[35m[1785138950.294359][m info     | [34mProxyClient.cpp   [m | [37mcreate_subscriber       [m | [32msubscriber created[m     | client_key: 0x00000003, subscriber_id: 0x80A(4), participant_id: 0x001(1)
[35m[1785138950.294724][m info     | [34mProxyClient.cpp   [m | [37mcreate_datareader       [m | [32mdatareader created[m     | client_key: 0x00000003, datareader_id: 0x80A(6), subscriber_id: 0x80A(4)
[35m[1785138950.294916][m info     | [34mProxyClient.cpp   [m | [37mcreate_topic            [m | [32mtopic created[m          | client_key: 0x00000003, topic_id: 0x80B(2), participant_id: 0x001(1)
[35m[1785138950.294936][m info     | [34mProxyClient.cpp   [m | [37mcreate_subscriber       [m | [32msubscriber created[m     | client_key: 0x00000003, subscriber_id: 0x80B(4), participant_id: 0x001(1)
[35m[1785138950.295310][m info     | [34mProxyClient.cpp   [m | [37mcreate_datareader       [m | [32mdatareader created[m     | client_key: 0x00000003, datareader_id: 0x80B(6), subscriber_id: 0x80B(4)
[35m[1785138950.295511][m info     | [34mProxyClient.cpp   [m | [37mcreate_topic            [m | [32mtopic created[m          | client_key: 0x00000003, topic_id: 0x80C(2), participant_id: 0x001(1)
[35m[1785138950.295585][m info     | [34mProxyClient.cpp   [m | [37mcreate_subscriber       [m | [32msubscriber created[m     | client_key: 0x00000003, subscriber_id: 0x80C(4), participant_id: 0x001(1)
[35m[1785138950.296041][m info     | [34mProxyClient.cpp   [m | [37mcreate_datareader       [m | [32mdatareader created[m     | client_key: 0x00000003, datareader_id: 0x80C(6), subscriber_id: 0x80C(4)
[35m[1785138950.296242][m info     | [34mProxyClient.cpp   [m | [37mcreate_topic            [m | [32mtopic created[m          | client_key: 0x00000003, topic_id: 0x80D(2), participant_id: 0x001(1)
[35m[1785138950.296323][m info     | [34mProxyClient.cpp   [m | [37mcreate_subscriber       [m | [32msubscriber created[m     | client_key: 0x00000003, subscriber_id: 0x80D(4), participant_id: 0x001(1)
[35m[1785138950.296717][m info     | [34mProxyClient.cpp   [m | [37mcreate_datareader       [m | [32mdatareader created[m     | client_key: 0x00000003, datareader_id: 0x80D(6), subscriber_id: 0x80D(4)
[35m[1785138950.296894][m info     | [34mProxyClient.cpp   [m | [37mcreate_topic            [m | [32mtopic created[m          | client_key: 0x00000003, topic_id: 0x80E(2), participant_id: 0x001(1)
[35m[1785138950.296925][m info     | [34mProxyClient.cpp   [m | [37mcreate_subscriber       [m | [32msubscriber created[m     | client_key: 0x00000003, subscriber_id: 0x80E(4), participant_id: 0x001(1)
[35m[1785138950.297380][m info     | [34mProxyClient.cpp   [m | [37mcreate_datareader       [m | [32mdatareader created[m     | client_key: 0x00000003, datareader_id: 0x80E(6), subscriber_id: 0x80E(4)
[35m[1785138950.297580][m info     | [34mProxyClient.cpp   [m | [37mcreate_topic            [m | [32mtopic created[m          | client_key: 0x00000003, topic_id: 0x80F(2), participant_id: 0x001(1)
[35m[1785138950.297653][m info     | [34mProxyClient.cpp   [m | [37mcreate_subscriber       [m | [32msubscriber created[m     | client_key: 0x00000003, subscriber_id: 0x80F(4), participant_id: 0x001(1)
[35m[1785138950.298238][m info     | [34mProxyClient.cpp   [m | [37mcreate_datareader       [m | [32mdatareader created[m     | client_key: 0x00000003, datareader_id: 0x80F(6), subscriber_id: 0x80F(4)
[35m[1785138950.298441][m info     | [34mProxyClient.cpp   [m | [37mcreate_topic            [m | [32mtopic created[m          | client_key: 0x00000003, topic_id: 0x810(2), participant_id: 0x001(1)
[35m[1785138950.298496][m info     | [34mProxyClient.cpp   [m | [37mcreate_subscriber       [m | [32msubscriber created[m     | client_key: 0x00000003, subscriber_id: 0x810(4), participant_id: 0x001(1)
[35m[1785138950.298999][m info     | [34mProxyClient.cpp   [m | [37mcreate_datareader       [m | [32mdatareader created[m     | client_key: 0x00000003, datareader_id: 0x810(6), subscriber_id: 0x810(4)
[35m[1785138950.299241][m info     | [34mProxyClient.cpp   [m | [37mcreate_topic            [m | [32mtopic created[m          | client_key: 0x00000003, topic_id: 0x811(2), participant_id: 0x001(1)
[35m[1785138950.299293][m info     | [34mProxyClient.cpp   [m | [37mcreate_subscriber       [m | [32msubscriber created[m     | client_key: 0x00000003, subscriber_id: 0x811(4), participant_id: 0x001(1)
[35m[1785138950.299825][m info     | [34mProxyClient.cpp   [m | [37mcreate_datareader       [m | [32mdatareader created[m     | client_key: 0x00000003, datareader_id: 0x811(6), subscriber_id: 0x811(4)
[35m[1785138950.299962][m info     | [34mProxyClient.cpp   [m | [37mcreate_topic            [m | [32mtopic created[m          | client_key: 0x00000003, topic_id: 0x812(2), participant_id: 0x001(1)
[35m[1785138950.300013][m info     | [34mProxyClient.cpp   [m | [37mcreate_subscriber       [m | [32msubscriber created[m     | client_key: 0x00000003, subscriber_id: 0x812(4), participant_id: 0x001(1)
[35m[1785138950.300596][m info     | [34mProxyClient.cpp   [m | [37mcreate_datareader       [m | [32mdatareader created[m     | client_key: 0x00000003, datareader_id: 0x812(6), subscriber_id: 0x812(4)
[35m[1785138950.300742][m info     | [34mProxyClient.cpp   [m | [37mcreate_topic            [m | [32mtopic created[m          | client_key: 0x00000003, topic_id: 0x813(2), participant_id: 0x001(1)
[35m[1785138950.300795][m info     | [34mProxyClient.cpp   [m | [37mcreate_subscriber       [m | [32msubscriber created[m     | client_key: 0x00000003, subscriber_id: 0x813(4), participant_id: 0x001(1)
[35m[1785138950.301340][m info     | [34mProxyClient.cpp   [m | [37mcreate_datareader       [m | [32mdatareader created[m     | client_key: 0x00000003, datareader_id: 0x813(6), subscriber_id: 0x813(4)
[35m[1785138950.301495][m info     | [34mProxyClient.cpp   [m | [37mcreate_topic            [m | [32mtopic created[m          | client_key: 0x00000003, topic_id: 0x814(2), participant_id: 0x001(1)
[35m[1785138950.301597][m info     | [34mProxyClient.cpp   [m | [37mcreate_subscriber       [m | [32msubscriber created[m     | client_key: 0x00000003, subscriber_id: 0x814(4), participant_id: 0x001(1)
[35m[1785138950.302110][m info     | [34mProxyClient.cpp   [m | [37mcreate_datareader       [m | [32mdatareader created[m     | client_key: 0x00000003, datareader_id: 0x814(6), subscriber_id: 0x814(4)
[35m[1785138950.302301][m info     | [34mProxyClient.cpp   [m | [37mcreate_topic            [m | [32mtopic created[m          | client_key: 0x00000003, topic_id: 0x815(2), participant_id: 0x001(1)
[35m[1785138950.302358][m info     | [34mProxyClient.cpp   [m | [37mcreate_subscriber       [m | [32msubscriber created[m     | client_key: 0x00000003, subscriber_id: 0x815(4), participant_id: 0x001(1)
[35m[1785138950.302909][m info     | [34mProxyClient.cpp   [m | [37mcreate_datareader       [m | [32mdatareader created[m     | client_key: 0x00000003, datareader_id: 0x815(6), subscriber_id: 0x815(4)
[35m[1785138950.303064][m info     | [34mProxyClient.cpp   [m | [37mcreate_topic            [m | [32mtopic created[m          | client_key: 0x00000003, topic_id: 0x816(2), participant_id: 0x001(1)
[35m[1785138950.303110][m info     | [34mProxyClient.cpp   [m | [37mcreate_subscriber       [m | [32msubscriber created[m     | client_key: 0x00000003, subscriber_id: 0x816(4), participant_id: 0x001(1)
[35m[1785138950.303678][m info     | [34mProxyClient.cpp   [m | [37mcreate_datareader       [m | [32mdatareader created[m     | client_key: 0x00000003, datareader_id: 0x816(6), subscriber_id: 0x816(4)
[35m[1785138950.303818][m info     | [34mProxyClient.cpp   [m | [37mcreate_topic            [m | [32mtopic created[m          | client_key: 0x00000003, topic_id: 0x817(2), participant_id: 0x001(1)
[35m[1785138950.303870][m info     | [34mProxyClient.cpp   [m | [37mcreate_subscriber       [m | [32msubscriber created[m     | client_key: 0x00000003, subscriber_id: 0x817(4), participant_id: 0x001(1)
[35m[1785138950.304449][m info     | [34mProxyClient.cpp   [m | [37mcreate_datareader       [m | [32mdatareader created[m     | client_key: 0x00000003, datareader_id: 0x817(6), subscriber_id: 0x817(4)
[35m[1785138950.304593][m info     | [34mProxyClient.cpp   [m | [37mcreate_topic            [m | [32mtopic created[m          | client_key: 0x00000003, topic_id: 0x818(2), participant_id: 0x001(1)
[35m[1785138950.304639][m info     | [34mProxyClient.cpp   [m | [37mcreate_subscriber       [m | [32msubscriber created[m     | client_key: 0x00000003, subscriber_id: 0x818(4), participant_id: 0x001(1)
[35m[1785138950.305227][m info     | [34mProxyClient.cpp   [m | [37mcreate_datareader       [m | [32mdatareader created[m     | client_key: 0x00000003, datareader_id: 0x818(6), subscriber_id: 0x818(4)
[35m[1785138950.305394][m info     | [34mProxyClient.cpp   [m | [37mcreate_topic            [m | [32mtopic created[m          | client_key: 0x00000003, topic_id: 0x819(2), participant_id: 0x001(1)
[35m[1785138950.305439][m info     | [34mProxyClient.cpp   [m | [37mcreate_subscriber       [m | [32msubscriber created[m     | client_key: 0x00000003, subscriber_id: 0x819(4), participant_id: 0x001(1)
[35m[1785138950.305999][m info     | [34mProxyClient.cpp   [m | [37mcreate_datareader       [m | [32mdatareader created[m     | client_key: 0x00000003, datareader_id: 0x819(6), subscriber_id: 0x819(4)
[35m[1785138950.306146][m info     | [34mProxyClient.cpp   [m | [37mcreate_topic            [m | [32mtopic created[m          | client_key: 0x00000003, topic_id: 0x81A(2), participant_id: 0x001(1)
[35m[1785138950.306203][m info     | [34mProxyClient.cpp   [m | [37mcreate_subscriber       [m | [32msubscriber created[m     | client_key: 0x00000003, subscriber_id: 0x81A(4), participant_id: 0x001(1)
[35m[1785138950.306741][m info     | [34mProxyClient.cpp   [m | [37mcreate_datareader       [m | [32mdatareader created[m     | client_key: 0x00000003, datareader_id: 0x81A(6), subscriber_id: 0x81A(4)
[35m[1785138950.306938][m info     | [34mProxyClient.cpp   [m | [37mcreate_topic            [m | [32mtopic created[m          | client_key: 0x00000003, topic_id: 0x81B(2), participant_id: 0x001(1)
[35m[1785138950.306987][m info     | [34mProxyClient.cpp   [m | [37mcreate_subscriber       [m | [32msubscriber created[m     | client_key: 0x00000003, subscriber_id: 0x81B(4), participant_id: 0x001(1)
[35m[1785138950.307506][m info     | [34mProxyClient.cpp   [m | [37mcreate_datareader       [m | [32mdatareader created[m     | client_key: 0x00000003, datareader_id: 0x81B(6), subscriber_id: 0x81B(4)
[35m[1785138950.307707][m info     | [34mProxyClient.cpp   [m | [37mcreate_topic            [m | [32mtopic created[m          | client_key: 0x00000003, topic_id: 0x81C(2), participant_id: 0x001(1)
[35m[1785138950.307754][m info     | [34mProxyClient.cpp   [m | [37mcreate_subscriber       [m | [32msubscriber created[m     | client_key: 0x00000003, subscriber_id: 0x81C(4), participant_id: 0x001(1)
[35m[1785138950.308228][m info     | [34mProxyClient.cpp   [m | [37mcreate_datareader       [m | [32mdatareader created[m     | client_key: 0x00000003, datareader_id: 0x81C(6), subscriber_id: 0x81C(4)
[35m[1785138950.309108][m info     | [34mProxyClient.cpp   [m | [37mcreate_replier          [m | [32mreplier created[m        | client_key: 0x00000003, requester_id: 0x800(7), participant_id: 0x001(1)
[35m[1785138950.764749][m info     | [34mRoot.cpp          [m | [37mcreate_client           [m | [32mcreate[m                 | client_key: 0x00000004, session_id: 0x81
[35m[1785138950.764772][m info     | [34mSessionManager.hpp[m | [37mestablish_session       [m | [32msession established[m    | client_key: 0x00000004, address: 127.0.0.1:31153
[35m[1785138950.766844][m info     | [34mProxyClient.cpp   [m | [37mcreate_participant      [m | [32mparticipant created[m    | client_key: 0x00000004, participant_id: 0x001(1)
[35m[1785138950.766930][m info     | [34mProxyClient.cpp   [m | [37mcreate_topic            [m | [32mtopic created[m          | client_key: 0x00000004, topic_id: 0x800(2), participant_id: 0x001(1)
[35m[1785138950.766960][m info     | [34mProxyClient.cpp   [m | [37mcreate_subscriber       [m | [32msubscriber created[m     | client_key: 0x00000004, subscriber_id: 0x800(4), participant_id: 0x001(1)
[35m[1785138950.767335][m info     | [34mProxyClient.cpp   [m | [37mcreate_datareader       [m | [32mdatareader created[m     | client_key: 0x00000004, datareader_id: 0x800(6), subscriber_id: 0x800(4)
[35m[1785138950.767436][m info     | [34mProxyClient.cpp   [m | [37mcreate_topic            [m | [32mtopic created[m          | client_key: 0x00000004, topic_id: 0x801(2), participant_id: 0x001(1)
[35m[1785138950.767452][m info     | [34mProxyClient.cpp   [m | [37mcreate_subscriber       [m | [32msubscriber created[m     | client_key: 0x00000004, subscriber_id: 0x801(4), participant_id: 0x001(1)
[35m[1785138950.767701][m info     | [34mProxyClient.cpp   [m | [37mcreate_datareader       [m | [32mdatareader created[m     | client_key: 0x00000004, datareader_id: 0x801(6), subscriber_id: 0x801(4)
[35m[1785138950.767806][m info     | [34mProxyClient.cpp   [m | [37mcreate_topic            [m | [32mtopic created[m          | client_key: 0x00000004, topic_id: 0x802(2), participant_id: 0x001(1)
[35m[1785138950.767823][m info     | [34mProxyClient.cpp   [m | [37mcreate_subscriber       [m | [32msubscriber created[m     | client_key: 0x00000004, subscriber_id: 0x802(4), participant_id: 0x001(1)
[35m[1785138950.768101][m info     | [34mProxyClient.cpp   [m | [37mcreate_datareader       [m | [32mdatareader created[m     | client_key: 0x00000004, datareader_id: 0x802(6), subscriber_id: 0x802(4)
[35m[1785138950.768199][m info     | [34mProxyClient.cpp   [m | [37mcreate_topic            [m | [32mtopic created[m          | client_key: 0x00000004, topic_id: 0x803(2), participant_id: 0x001(1)
[35m[1785138950.768217][m info     | [34mProxyClient.cpp   [m | [37mcreate_subscriber       [m | [32msubscriber created[m     | client_key: 0x00000004, subscriber_id: 0x803(4), participant_id: 0x001(1)
[35m[1785138950.768470][m info     | [34mProxyClient.cpp   [m | [37mcreate_datareader       [m | [32mdatareader created[m     | client_key: 0x00000004, datareader_id: 0x803(6), subscriber_id: 0x803(4)
[35m[1785138950.768565][m info     | [34mProxyClient.cpp   [m | [37mcreate_topic            [m | [32mtopic created[m          | client_key: 0x00000004, topic_id: 0x804(2), participant_id: 0x001(1)
[35m[1785138950.768582][m info     | [34mProxyClient.cpp   [m | [37mcreate_subscriber       [m | [32msubscriber created[m     | client_key: 0x00000004, subscriber_id: 0x804(4), participant_id: 0x001(1)
[35m[1785138950.768811][m info     | [34mProxyClient.cpp   [m | [37mcreate_datareader       [m | [32mdatareader created[m     | client_key: 0x00000004, datareader_id: 0x804(6), subscriber_id: 0x804(4)
[35m[1785138950.768884][m info     | [34mProxyClient.cpp   [m | [37mcreate_topic            [m | [32mtopic created[m          | client_key: 0x00000004, topic_id: 0x805(2), participant_id: 0x001(1)
[35m[1785138950.768901][m info     | [34mProxyClient.cpp   [m | [37mcreate_subscriber       [m | [32msubscriber created[m     | client_key: 0x00000004, subscriber_id: 0x805(4), participant_id: 0x001(1)
[35m[1785138950.769158][m info     | [34mProxyClient.cpp   [m | [37mcreate_datareader       [m | [32mdatareader created[m     | client_key: 0x00000004, datareader_id: 0x805(6), subscriber_id: 0x805(4)
[35m[1785138950.769255][m info     | [34mProxyClient.cpp   [m | [37mcreate_topic            [m | [32mtopic created[m          | client_key: 0x00000004, topic_id: 0x806(2), participant_id: 0x001(1)
[35m[1785138950.769277][m info     | [34mProxyClient.cpp   [m | [37mcreate_subscriber       [m | [32msubscriber created[m     | client_key: 0x00000004, subscriber_id: 0x806(4), participant_id: 0x001(1)
[35m[1785138950.769513][m info     | [34mProxyClient.cpp   [m | [37mcreate_datareader       [m | [32mdatareader created[m     | client_key: 0x00000004, datareader_id: 0x806(6), subscriber_id: 0x806(4)
[35m[1785138950.769601][m info     | [34mProxyClient.cpp   [m | [37mcreate_topic            [m | [32mtopic created[m          | client_key: 0x00000004, topic_id: 0x807(2), participant_id: 0x001(1)
[35m[1785138950.769619][m info     | [34mProxyClient.cpp   [m | [37mcreate_subscriber       [m | [32msubscriber created[m     | client_key: 0x00000004, subscriber_id: 0x807(4), participant_id: 0x001(1)
[35m[1785138950.769851][m info     | [34mProxyClient.cpp   [m | [37mcreate_datareader       [m | [32mdatareader created[m     | client_key: 0x00000004, datareader_id: 0x807(6), subscriber_id: 0x807(4)
[35m[1785138950.769949][m info     | [34mProxyClient.cpp   [m | [37mcreate_topic            [m | [32mtopic created[m          | client_key: 0x00000004, topic_id: 0x808(2), participant_id: 0x001(1)
[35m[1785138950.769962][m info     | [34mProxyClient.cpp   [m | [37mcreate_subscriber       [m | [32msubscriber created[m     | client_key: 0x00000004, subscriber_id: 0x808(4), participant_id: 0x001(1)
[35m[1785138950.770226][m info     | [34mProxyClient.cpp   [m | [37mcreate_datareader       [m | [32mdatareader created[m     | client_key: 0x00000004, datareader_id: 0x808(6), subscriber_id: 0x808(4)
[35m[1785138950.770313][m info     | [34mProxyClient.cpp   [m | [37mcreate_topic            [m | [32mtopic created[m          | client_key: 0x00000004, topic_id: 0x809(2), participant_id: 0x001(1)
[35m[1785138950.770330][m info     | [34mProxyClient.cpp   [m | [37mcreate_subscriber       [m | [32msubscriber created[m     | client_key: 0x00000004, subscriber_id: 0x809(4), participant_id: 0x001(1)
[35m[1785138950.770564][m info     | [34mProxyClient.cpp   [m | [37mcreate_datareader       [m | [32mdatareader created[m     | client_key: 0x00000004, datareader_id: 0x809(6), subscriber_id: 0x809(4)
[35m[1785138950.770650][m info     | [34mProxyClient.cpp   [m | [37mcreate_topic            [m | [32mtopic created[m          | client_key: 0x00000004, topic_id: 0x80A(2), participant_id: 0x001(1)
[35m[1785138950.770668][m info     | [34mProxyClient.cpp   [m | [37mcreate_subscriber       [m | [32msubscriber created[m     | client_key: 0x00000004, subscriber_id: 0x80A(4), participant_id: 0x001(1)
[35m[1785138950.770901][m info     | [34mProxyClient.cpp   [m | [37mcreate_datareader       [m | [32mdatareader created[m     | client_key: 0x00000004, datareader_id: 0x80A(6), subscriber_id: 0x80A(4)
[35m[1785138950.770988][m info     | [34mProxyClient.cpp   [m | [37mcreate_topic            [m | [32mtopic created[m          | client_key: 0x00000004, topic_id: 0x80B(2), participant_id: 0x001(1)
[35m[1785138950.771006][m info     | [34mProxyClient.cpp   [m | [37mcreate_subscriber       [m | [32msubscriber created[m     | client_key: 0x00000004, subscriber_id: 0x80B(4), participant_id: 0x001(1)
[35m[1785138950.771283][m info     | [34mProxyClient.cpp   [m | [37mcreate_datareader       [m | [32mdatareader created[m     | client_key: 0x00000004, datareader_id: 0x80B(6), subscriber_id: 0x80B(4)
[35m[1785138950.771404][m info     | [34mProxyClient.cpp   [m | [37mcreate_topic            [m | [32mtopic created[m          | client_key: 0x00000004, topic_id: 0x80C(2), participant_id: 0x001(1)
[35m[1785138950.771425][m info     | [34mProxyClient.cpp   [m | [37mcreate_subscriber       [m | [32msubscriber created[m     | client_key: 0x00000004, subscriber_id: 0x80C(4), participant_id: 0x001(1)
[35m[1785138950.771692][m info     | [34mProxyClient.cpp   [m | [37mcreate_datareader       [m | [32mdatareader created[m     | client_key: 0x00000004, datareader_id: 0x80C(6), subscriber_id: 0x80C(4)
[35m[1785138950.771778][m info     | [34mProxyClient.cpp   [m | [37mcreate_topic            [m | [32mtopic created[m          | client_key: 0x00000004, topic_id: 0x80D(2), participant_id: 0x001(1)
[35m[1785138950.771796][m info     | [34mProxyClient.cpp   [m | [37mcreate_subscriber       [m | [32msubscriber created[m     | client_key: 0x00000004, subscriber_id: 0x80D(4), participant_id: 0x001(1)
[35m[1785138950.772032][m info     | [34mProxyClient.cpp   [m | [37mcreate_datareader       [m | [32mdatareader created[m     | client_key: 0x00000004, datareader_id: 0x80D(6), subscriber_id: 0x80D(4)
[35m[1785138950.772125][m info     | [34mProxyClient.cpp   [m | [37mcreate_topic            [m | [32mtopic created[m          | client_key: 0x00000004, topic_id: 0x80E(2), participant_id: 0x001(1)
[35m[1785138950.772150][m info     | [34mProxyClient.cpp   [m | [37mcreate_subscriber       [m | [32msubscriber created[m     | client_key: 0x00000004, subscriber_id: 0x80E(4), participant_id: 0x001(1)
[35m[1785138950.772433][m info     | [34mProxyClient.cpp   [m | [37mcreate_datareader       [m | [32mdatareader created[m     | client_key: 0x00000004, datareader_id: 0x80E(6), subscriber_id: 0x80E(4)
[35m[1785138950.772539][m info     | [34mProxyClient.cpp   [m | [37mcreate_topic            [m | [32mtopic created[m          | client_key: 0x00000004, topic_id: 0x80F(2), participant_id: 0x001(1)
[35m[1785138950.772556][m info     | [34mProxyClient.cpp   [m | [37mcreate_subscriber       [m | [32msubscriber created[m     | client_key: 0x00000004, subscriber_id: 0x80F(4), participant_id: 0x001(1)
[35m[1785138950.772777][m info     | [34mProxyClient.cpp   [m | [37mcreate_datareader       [m | [32mdatareader created[m     | client_key: 0x00000004, datareader_id: 0x80F(6), subscriber_id: 0x80F(4)
[35m[1785138950.772856][m info     | [34mProxyClient.cpp   [m | [37mcreate_topic            [m | [32mtopic created[m          | client_key: 0x00000004, topic_id: 0x810(2), participant_id: 0x001(1)
[35m[1785138950.772868][m info     | [34mProxyClient.cpp   [m | [37mcreate_subscriber       [m | [32msubscriber created[m     | client_key: 0x00000004, subscriber_id: 0x810(4), participant_id: 0x001(1)
[35m[1785138950.773078][m info     | [34mProxyClient.cpp   [m | [37mcreate_datareader       [m | [32mdatareader created[m     | client_key: 0x00000004, datareader_id: 0x810(6), subscriber_id: 0x810(4)
[35m[1785138950.773164][m info     | [34mProxyClient.cpp   [m | [37mcreate_topic            [m | [32mtopic created[m          | client_key: 0x00000004, topic_id: 0x811(2), participant_id: 0x001(1)
[35m[1785138950.773185][m info     | [34mProxyClient.cpp   [m | [37mcreate_subscriber       [m | [32msubscriber created[m     | client_key: 0x00000004, subscriber_id: 0x811(4), participant_id: 0x001(1)
[35m[1785138950.773435][m info     | [34mProxyClient.cpp   [m | [37mcreate_datareader       [m | [32mdatareader created[m     | client_key: 0x00000004, datareader_id: 0x811(6), subscriber_id: 0x811(4)
[35m[1785138950.773545][m info     | [34mProxyClient.cpp   [m | [37mcreate_topic            [m | [32mtopic created[m          | client_key: 0x00000004, topic_id: 0x812(2), participant_id: 0x001(1)
[35m[1785138950.773559][m info     | [34mProxyClient.cpp   [m | [37mcreate_subscriber       [m | [32msubscriber created[m     | client_key: 0x00000004, subscriber_id: 0x812(4), participant_id: 0x001(1)
[35m[1785138950.773772][m info     | [34mProxyClient.cpp   [m | [37mcreate_datareader       [m | [32mdatareader created[m     | client_key: 0x00000004, datareader_id: 0x812(6), subscriber_id: 0x812(4)
[35m[1785138950.773848][m info     | [34mProxyClient.cpp   [m | [37mcreate_topic            [m | [32mtopic created[m          | client_key: 0x00000004, topic_id: 0x813(2), participant_id: 0x001(1)
[35m[1785138950.773861][m info     | [34mProxyClient.cpp   [m | [37mcreate_subscriber       [m | [32msubscriber created[m     | client_key: 0x00000004, subscriber_id: 0x813(4), participant_id: 0x001(1)
[35m[1785138950.774071][m info     | [34mProxyClient.cpp   [m | [37mcreate_datareader       [m | [32mdatareader created[m     | client_key: 0x00000004, datareader_id: 0x813(6), subscriber_id: 0x813(4)
[35m[1785138950.774152][m info     | [34mProxyClient.cpp   [m | [37mcreate_topic            [m | [32mtopic created[m          | client_key: 0x00000004, topic_id: 0x814(2), participant_id: 0x001(1)
[35m[1785138950.774166][m info     | [34mProxyClient.cpp   [m | [37mcreate_subscriber       [m | [32msubscriber created[m     | client_key: 0x00000004, subscriber_id: 0x814(4), participant_id: 0x001(1)
[35m[1785138950.774373][m info     | [34mProxyClient.cpp   [m | [37mcreate_datareader       [m | [32mdatareader created[m     | client_key: 0x00000004, datareader_id: 0x814(6), subscriber_id: 0x814(4)
[35m[1785138950.774450][m info     | [34mProxyClient.cpp   [m | [37mcreate_topic            [m | [32mtopic created[m          | client_key: 0x00000004, topic_id: 0x815(2), participant_id: 0x001(1)
[35m[1785138950.774461][m info     | [34mProxyClient.cpp   [m | [37mcreate_subscriber       [m | [32msubscriber created[m     | client_key: 0x00000004, subscriber_id: 0x815(4), participant_id: 0x001(1)
[35m[1785138950.774668][m info     | [34mProxyClient.cpp   [m | [37mcreate_datareader       [m | [32mdatareader created[m     | client_key: 0x00000004, datareader_id: 0x815(6), subscriber_id: 0x815(4)
[35m[1785138950.774748][m info     | [34mProxyClient.cpp   [m | [37mcreate_topic            [m | [32mtopic created[m          | client_key: 0x00000004, topic_id: 0x816(2), participant_id: 0x001(1)
[35m[1785138950.774759][m info     | [34mProxyClient.cpp   [m | [37mcreate_subscriber       [m | [32msubscriber created[m     | client_key: 0x00000004, subscriber_id: 0x816(4), participant_id: 0x001(1)
[35m[1785138950.774973][m info     | [34mProxyClient.cpp   [m | [37mcreate_datareader       [m | [32mdatareader created[m     | client_key: 0x00000004, datareader_id: 0x816(6), subscriber_id: 0x816(4)
[35m[1785138950.775044][m info     | [34mProxyClient.cpp   [m | [37mcreate_topic            [m | [32mtopic created[m          | client_key: 0x00000004, topic_id: 0x817(2), participant_id: 0x001(1)
[35m[1785138950.775059][m info     | [34mProxyClient.cpp   [m | [37mcreate_subscriber       [m | [32msubscriber created[m     | client_key: 0x00000004, subscriber_id: 0x817(4), participant_id: 0x001(1)
[35m[1785138950.775298][m info     | [34mProxyClient.cpp   [m | [37mcreate_datareader       [m | [32mdatareader created[m     | client_key: 0x00000004, datareader_id: 0x817(6), subscriber_id: 0x817(4)
[35m[1785138950.775388][m info     | [34mProxyClient.cpp   [m | [37mcreate_topic            [m | [32mtopic created[m          | client_key: 0x00000004, topic_id: 0x818(2), participant_id: 0x001(1)
[35m[1785138950.775399][m info     | [34mProxyClient.cpp   [m | [37mcreate_subscriber       [m | [32msubscriber created[m     | client_key: 0x00000004, subscriber_id: 0x818(4), participant_id: 0x001(1)
[35m[1785138950.775621][m info     | [34mProxyClient.cpp   [m | [37mcreate_datareader       [m | [32mdatareader created[m     | client_key: 0x00000004, datareader_id: 0x818(6), subscriber_id: 0x818(4)
[35m[1785138950.775694][m info     | [34mProxyClient.cpp   [m | [37mcreate_topic            [m | [32mtopic created[m          | client_key: 0x00000004, topic_id: 0x819(2), participant_id: 0x001(1)
[35m[1785138950.775704][m info     | [34mProxyClient.cpp   [m | [37mcreate_subscriber       [m | [32msubscriber created[m     | client_key: 0x00000004, subscriber_id: 0x819(4), participant_id: 0x001(1)
[35m[1785138950.775910][m info     | [34mProxyClient.cpp   [m | [37mcreate_datareader       [m | [32mdatareader created[m     | client_key: 0x00000004, datareader_id: 0x819(6), subscriber_id: 0x819(4)
[35m[1785138950.775996][m info     | [34mProxyClient.cpp   [m | [37mcreate_topic            [m | [32mtopic created[m          | client_key: 0x00000004, topic_id: 0x81A(2), participant_id: 0x001(1)
[35m[1785138950.776023][m info     | [34mProxyClient.cpp   [m | [37mcreate_subscriber       [m | [32msubscriber created[m     | client_key: 0x00000004, subscriber_id: 0x81A(4), participant_id: 0x001(1)
[35m[1785138950.776256][m info     | [34mProxyClient.cpp   [m | [37mcreate_datareader       [m | [32mdatareader created[m     | client_key: 0x00000004, datareader_id: 0x81A(6), subscriber_id: 0x81A(4)
[35m[1785138950.776350][m info     | [34mProxyClient.cpp   [m | [37mcreate_topic            [m | [32mtopic created[m          | client_key: 0x00000004, topic_id: 0x81B(2), participant_id: 0x001(1)
[35m[1785138950.776372][m info     | [34mProxyClient.cpp   [m | [37mcreate_subscriber       [m | [32msubscriber created[m     | client_key: 0x00000004, subscriber_id: 0x81B(4), participant_id: 0x001(1)
[35m[1785138950.776599][m info     | [34mProxyClient.cpp   [m | [37mcreate_datareader       [m | [32mdatareader created[m     | client_key: 0x00000004, datareader_id: 0x81B(6), subscriber_id: 0x81B(4)
[35m[1785138950.776675][m info     | [34mProxyClient.cpp   [m | [37mcreate_topic            [m | [32mtopic created[m          | client_key: 0x00000004, topic_id: 0x81C(2), participant_id: 0x001(1)
[35m[1785138950.776686][m info     | [34mProxyClient.cpp   [m | [37mcreate_subscriber       [m | [32msubscriber created[m     | client_key: 0x00000004, subscriber_id: 0x81C(4), participant_id: 0x001(1)
[35m[1785138950.776900][m info     | [34mProxyClient.cpp   [m | [37mcreate_datareader       [m | [32mdatareader created[m     | client_key: 0x00000004, datareader_id: 0x81C(6), subscriber_id: 0x81C(4)
[35m[1785138950.777441][m info     | [34mProxyClient.cpp   [m | [37mcreate_replier          [m | [32mreplier created[m        | client_key: 0x00000004, requester_id: 0x800(7), participant_id: 0x001(1)
[35m[1785138951.309744][m info     | [34mRoot.cpp          [m | [37mcreate_client           [m | [32mcreate[m                 | client_key: 0x00000005, session_id: 0x81
[35m[1785138951.309778][m info     | [34mSessionManager.hpp[m | [37mestablish_session       [m | [32msession established[m    | client_key: 0x00000005, address: 127.0.0.1:22239
[35m[1785138951.314427][m info     | [34mProxyClient.cpp   [m | [37mcreate_participant      [m | [32mparticipant created[m    | client_key: 0x00000005, participant_id: 0x001(1)
[35m[1785138951.314664][m info     | [34mProxyClient.cpp   [m | [37mcreate_topic            [m | [32mtopic created[m          | client_key: 0x00000005, topic_id: 0x800(2), participant_id: 0x001(1)
[35m[1785138951.314722][m info     | [34mProxyClient.cpp   [m | [37mcreate_subscriber       [m | [32msubscriber created[m     | client_key: 0x00000005, subscriber_id: 0x800(4), participant_id: 0x001(1)
[35m[1785138951.315122][m info     | [34mProxyClient.cpp   [m | [37mcreate_datareader       [m | [32mdatareader created[m     | client_key: 0x00000005, datareader_id: 0x800(6), subscriber_id: 0x800(4)
[35m[1785138951.315321][m info     | [34mProxyClient.cpp   [m | [37mcreate_topic            [m | [32mtopic created[m          | client_key: 0x00000005, topic_id: 0x801(2), participant_id: 0x001(1)
[35m[1785138951.315355][m info     | [34mProxyClient.cpp   [m | [37mcreate_subscriber       [m | [32msubscriber created[m     | client_key: 0x00000005, subscriber_id: 0x801(4), participant_id: 0x001(1)
[35m[1785138951.315696][m info     | [34mProxyClient.cpp   [m | [37mcreate_datareader       [m | [32mdatareader created[m     | client_key: 0x00000005, datareader_id: 0x801(6), subscriber_id: 0x801(4)
[35m[1785138951.316363][m info     | [34mProxyClient.cpp   [m | [37mcreate_topic            [m | [32mtopic created[m          | client_key: 0x00000005, topic_id: 0x802(2), participant_id: 0x001(1)
[35m[1785138951.316405][m info     | [34mProxyClient.cpp   [m | [37mcreate_subscriber       [m | [32msubscriber created[m     | client_key: 0x00000005, subscriber_id: 0x802(4), participant_id: 0x001(1)
[35m[1785138951.316812][m info     | [34mProxyClient.cpp   [m | [37mcreate_datareader       [m | [32mdatareader created[m     | client_key: 0x00000005, datareader_id: 0x802(6), subscriber_id: 0x802(4)
[35m[1785138951.317067][m info     | [34mProxyClient.cpp   [m | [37mcreate_topic            [m | [32mtopic created[m          | client_key: 0x00000005, topic_id: 0x803(2), participant_id: 0x001(1)
[35m[1785138951.317098][m info     | [34mProxyClient.cpp   [m | [37mcreate_subscriber       [m | [32msubscriber created[m     | client_key: 0x00000005, subscriber_id: 0x803(4), participant_id: 0x001(1)
[35m[1785138951.317486][m info     | [34mProxyClient.cpp   [m | [37mcreate_datareader       [m | [32mdatareader created[m     | client_key: 0x00000005, datareader_id: 0x803(6), subscriber_id: 0x803(4)
[35m[1785138951.317683][m info     | [34mProxyClient.cpp   [m | [37mcreate_topic            [m | [32mtopic created[m          | client_key: 0x00000005, topic_id: 0x804(2), participant_id: 0x001(1)
[35m[1785138951.317709][m info     | [34mProxyClient.cpp   [m | [37mcreate_subscriber       [m | [32msubscriber created[m     | client_key: 0x00000005, subscriber_id: 0x804(4), participant_id: 0x001(1)
[35m[1785138951.318093][m info     | [34mProxyClient.cpp   [m | [37mcreate_datareader       [m | [32mdatareader created[m     | client_key: 0x00000005, datareader_id: 0x804(6), subscriber_id: 0x804(4)
[35m[1785138951.318375][m info     | [34mProxyClient.cpp   [m | [37mcreate_topic            [m | [32mtopic created[m          | client_key: 0x00000005, topic_id: 0x805(2), participant_id: 0x001(1)
[35m[1785138951.318404][m info     | [34mProxyClient.cpp   [m | [37mcreate_subscriber       [m | [32msubscriber created[m     | client_key: 0x00000005, subscriber_id: 0x805(4), participant_id: 0x001(1)
[35m[1785138951.318795][m info     | [34mProxyClient.cpp   [m | [37mcreate_datareader       [m | [32mdatareader created[m     | client_key: 0x00000005, datareader_id: 0x805(6), subscriber_id: 0x805(4)
[35m[1785138951.319012][m info     | [34mProxyClient.cpp   [m | [37mcreate_topic            [m | [32mtopic created[m          | client_key: 0x00000005, topic_id: 0x806(2), participant_id: 0x001(1)
[35m[1785138951.319097][m info     | [34mProxyClient.cpp   [m | [37mcreate_subscriber       [m | [32msubscriber created[m     | client_key: 0x00000005, subscriber_id: 0x806(4), participant_id: 0x001(1)
[35m[1785138951.319556][m info     | [34mProxyClient.cpp   [m | [37mcreate_datareader       [m | [32mdatareader created[m     | client_key: 0x00000005, datareader_id: 0x806(6), subscriber_id: 0x806(4)
[35m[1785138951.319761][m info     | [34mProxyClient.cpp   [m | [37mcreate_topic            [m | [32mtopic created[m          | client_key: 0x00000005, topic_id: 0x807(2), participant_id: 0x001(1)
[35m[1785138951.319848][m info     | [34mProxyClient.cpp   [m | [37mcreate_subscriber       [m | [32msubscriber created[m     | client_key: 0x00000005, subscriber_id: 0x807(4), participant_id: 0x001(1)
[35m[1785138951.320255][m info     | [34mProxyClient.cpp   [m | [37mcreate_datareader       [m | [32mdatareader created[m     | client_key: 0x00000005, datareader_id: 0x807(6), subscriber_id: 0x807(4)
[35m[1785138951.320441][m info     | [34mProxyClient.cpp   [m | [37mcreate_topic            [m | [32mtopic created[m          | client_key: 0x00000005, topic_id: 0x808(2), participant_id: 0x001(1)
[35m[1785138951.320468][m info     | [34mProxyClient.cpp   [m | [37mcreate_subscriber       [m | [32msubscriber created[m     | client_key: 0x00000005, subscriber_id: 0x808(4), participant_id: 0x001(1)
[35m[1785138951.320852][m info     | [34mProxyClient.cpp   [m | [37mcreate_datareader       [m | [32mdatareader created[m     | client_key: 0x00000005, datareader_id: 0x808(6), subscriber_id: 0x808(4)
[35m[1785138951.321115][m info     | [34mProxyClient.cpp   [m | [37mcreate_topic            [m | [32mtopic created[m          | client_key: 0x00000005, topic_id: 0x809(2), participant_id: 0x001(1)
[35m[1785138951.321135][m info     | [34mProxyClient.cpp   [m | [37mcreate_subscriber       [m | [32msubscriber created[m     | client_key: 0x00000005, subscriber_id: 0x809(4), participant_id: 0x001(1)
[35m[1785138951.321523][m info     | [34mProxyClient.cpp   [m | [37mcreate_datareader       [m | [32mdatareader created[m     | client_key: 0x00000005, datareader_id: 0x809(6), subscriber_id: 0x809(4)
[35m[1785138951.321745][m info     | [34mProxyClient.cpp   [m | [37mcreate_topic            [m | [32mtopic created[m          | client_key: 0x00000005, topic_id: 0x80A(2), participant_id: 0x001(1)
[35m[1785138951.321768][m info     | [34mProxyClient.cpp   [m | [37mcreate_subscriber       [m | [32msubscriber created[m     | client_key: 0x00000005, subscriber_id: 0x80A(4), participant_id: 0x001(1)
[35m[1785138951.322188][m info     | [34mProxyClient.cpp   [m | [37mcreate_datareader       [m | [32mdatareader created[m     | client_key: 0x00000005, datareader_id: 0x80A(6), subscriber_id: 0x80A(4)
[35m[1785138951.322405][m info     | [34mProxyClient.cpp   [m | [37mcreate_topic            [m | [32mtopic created[m          | client_key: 0x00000005, topic_id: 0x80B(2), participant_id: 0x001(1)
[35m[1785138951.322428][m info     | [34mProxyClient.cpp   [m | [37mcreate_subscriber       [m | [32msubscriber created[m     | client_key: 0x00000005, subscriber_id: 0x80B(4), participant_id: 0x001(1)
[35m[1785138951.322816][m info     | [34mProxyClient.cpp   [m | [37mcreate_datareader       [m | [32mdatareader created[m     | client_key: 0x00000005, datareader_id: 0x80B(6), subscriber_id: 0x80B(4)
[35m[1785138951.323035][m info     | [34mProxyClient.cpp   [m | [37mcreate_topic            [m | [32mtopic created[m          | client_key: 0x00000005, topic_id: 0x80C(2), participant_id: 0x001(1)
[35m[1785138951.323060][m info     | [34mProxyClient.cpp   [m | [37mcreate_subscriber       [m | [32msubscriber created[m     | client_key: 0x00000005, subscriber_id: 0x80C(4), participant_id: 0x001(1)
[35m[1785138951.323464][m info     | [34mProxyClient.cpp   [m | [37mcreate_datareader       [m | [32mdatareader created[m     | client_key: 0x00000005, datareader_id: 0x80C(6), subscriber_id: 0x80C(4)
[35m[1785138951.323686][m info     | [34mProxyClient.cpp   [m | [37mcreate_topic            [m | [32mtopic created[m          | client_key: 0x00000005, topic_id: 0x80D(2), participant_id: 0x001(1)
[35m[1785138951.323719][m info     | [34mProxyClient.cpp   [m | [37mcreate_subscriber       [m | [32msubscriber created[m     | client_key: 0x00000005, subscriber_id: 0x80D(4), participant_id: 0x001(1)
[35m[1785138951.324158][m info     | [34mProxyClient.cpp   [m | [37mcreate_datareader       [m | [32mdatareader created[m     | client_key: 0x00000005, datareader_id: 0x80D(6), subscriber_id: 0x80D(4)
[35m[1785138951.324370][m info     | [34mProxyClient.cpp   [m | [37mcreate_topic            [m | [32mtopic created[m          | client_key: 0x00000005, topic_id: 0x80E(2), participant_id: 0x001(1)
[35m[1785138951.324393][m info     | [34mProxyClient.cpp   [m | [37mcreate_subscriber       [m | [32msubscriber created[m     | client_key: 0x00000005, subscriber_id: 0x80E(4), participant_id: 0x001(1)
[35m[1785138951.324786][m info     | [34mProxyClient.cpp   [m | [37mcreate_datareader       [m | [32mdatareader created[m     | client_key: 0x00000005, datareader_id: 0x80E(6), subscriber_id: 0x80E(4)
[35m[1785138951.324997][m info     | [34mProxyClient.cpp   [m | [37mcreate_topic            [m | [32mtopic created[m          | client_key: 0x00000005, topic_id: 0x80F(2), participant_id: 0x001(1)
[35m[1785138951.325023][m info     | [34mProxyClient.cpp   [m | [37mcreate_subscriber       [m | [32msubscriber created[m     | client_key: 0x00000005, subscriber_id: 0x80F(4), participant_id: 0x001(1)
[35m[1785138951.325425][m info     | [34mProxyClient.cpp   [m | [37mcreate_datareader       [m | [32mdatareader created[m     | client_key: 0x00000005, datareader_id: 0x80F(6), subscriber_id: 0x80F(4)
[35m[1785138951.325637][m info     | [34mProxyClient.cpp   [m | [37mcreate_topic            [m | [32mtopic created[m          | client_key: 0x00000005, topic_id: 0x810(2), participant_id: 0x001(1)
[35m[1785138951.325662][m info     | [34mProxyClient.cpp   [m | [37mcreate_subscriber       [m | [32msubscriber created[m     | client_key: 0x00000005, subscriber_id: 0x810(4), participant_id: 0x001(1)
[35m[1785138951.326068][m info     | [34mProxyClient.cpp   [m | [37mcreate_datareader       [m | [32mdatareader created[m     | client_key: 0x00000005, datareader_id: 0x810(6), subscriber_id: 0x810(4)
[35m[1785138951.326280][m info     | [34mProxyClient.cpp   [m | [37mcreate_topic            [m | [32mtopic created[m          | client_key: 0x00000005, topic_id: 0x811(2), participant_id: 0x001(1)
[35m[1785138951.326311][m info     | [34mProxyClient.cpp   [m | [37mcreate_subscriber       [m | [32msubscriber created[m     | client_key: 0x00000005, subscriber_id: 0x811(4), participant_id: 0x001(1)
[35m[1785138951.326702][m info     | [34mProxyClient.cpp   [m | [37mcreate_datareader       [m | [32mdatareader created[m     | client_key: 0x00000005, datareader_id: 0x811(6), subscriber_id: 0x811(4)
[35m[1785138951.326940][m info     | [34mProxyClient.cpp   [m | [37mcreate_topic            [m | [32mtopic created[m          | client_key: 0x00000005, topic_id: 0x812(2), participant_id: 0x001(1)
[35m[1785138951.326965][m info     | [34mProxyClient.cpp   [m | [37mcreate_subscriber       [m | [32msubscriber created[m     | client_key: 0x00000005, subscriber_id: 0x812(4), participant_id: 0x001(1)
[35m[1785138951.327408][m info     | [34mProxyClient.cpp   [m | [37mcreate_datareader       [m | [32mdatareader created[m     | client_key: 0x00000005, datareader_id: 0x812(6), subscriber_id: 0x812(4)
[35m[1785138951.327660][m info     | [34mProxyClient.cpp   [m | [37mcreate_topic            [m | [32mtopic created[m          | client_key: 0x00000005, topic_id: 0x813(2), participant_id: 0x001(1)
[35m[1785138951.327687][m info     | [34mProxyClient.cpp   [m | [37mcreate_subscriber       [m | [32msubscriber created[m     | client_key: 0x00000005, subscriber_id: 0x813(4), participant_id: 0x001(1)
[35m[1785138951.328107][m info     | [34mProxyClient.cpp   [m | [37mcreate_datareader       [m | [32mdatareader created[m     | client_key: 0x00000005, datareader_id: 0x813(6), subscriber_id: 0x813(4)
[35m[1785138951.328323][m info     | [34mProxyClient.cpp   [m | [37mcreate_topic            [m | [32mtopic created[m          | client_key: 0x00000005, topic_id: 0x814(2), participant_id: 0x001(1)
[35m[1785138951.328354][m info     | [34mProxyClient.cpp   [m | [37mcreate_subscriber       [m | [32msubscriber created[m     | client_key: 0x00000005, subscriber_id: 0x814(4), participant_id: 0x001(1)
[35m[1785138951.328760][m info     | [34mProxyClient.cpp   [m | [37mcreate_datareader       [m | [32mdatareader created[m     | client_key: 0x00000005, datareader_id: 0x814(6), subscriber_id: 0x814(4)
[35m[1785138951.328950][m info     | [34mProxyClient.cpp   [m | [37mcreate_topic            [m | [32mtopic created[m          | client_key: 0x00000005, topic_id: 0x815(2), participant_id: 0x001(1)
[35m[1785138951.328986][m info     | [34mProxyClient.cpp   [m | [37mcreate_subscriber       [m | [32msubscriber created[m     | client_key: 0x00000005, subscriber_id: 0x815(4), participant_id: 0x001(1)
[35m[1785138951.329383][m info     | [34mProxyClient.cpp   [m | [37mcreate_datareader       [m | [32mdatareader created[m     | client_key: 0x00000005, datareader_id: 0x815(6), subscriber_id: 0x815(4)
[35m[1785138951.329629][m info     | [34mProxyClient.cpp   [m | [37mcreate_topic            [m | [32mtopic created[m          | client_key: 0x00000005, topic_id: 0x816(2), participant_id: 0x001(1)
[35m[1785138951.329650][m info     | [34mProxyClient.cpp   [m | [37mcreate_subscriber       [m | [32msubscriber created[m     | client_key: 0x00000005, subscriber_id: 0x816(4), participant_id: 0x001(1)
[35m[1785138951.330049][m info     | [34mProxyClient.cpp   [m | [37mcreate_datareader       [m | [32mdatareader created[m     | client_key: 0x00000005, datareader_id: 0x816(6), subscriber_id: 0x816(4)
[35m[1785138951.330289][m info     | [34mProxyClient.cpp   [m | [37mcreate_topic            [m | [32mtopic created[m          | client_key: 0x00000005, topic_id: 0x817(2), participant_id: 0x001(1)
[35m[1785138951.330382][m info     | [34mProxyClient.cpp   [m | [37mcreate_subscriber       [m | [32msubscriber created[m     | client_key: 0x00000005, subscriber_id: 0x817(4), participant_id: 0x001(1)
[35m[1785138951.330849][m info     | [34mProxyClient.cpp   [m | [37mcreate_datareader       [m | [32mdatareader created[m     | client_key: 0x00000005, datareader_id: 0x817(6), subscriber_id: 0x817(4)
[35m[1785138951.331064][m info     | [34mProxyClient.cpp   [m | [37mcreate_topic            [m | [32mtopic created[m          | client_key: 0x00000005, topic_id: 0x818(2), participant_id: 0x001(1)
[35m[1785138951.331094][m info     | [34mProxyClient.cpp   [m | [37mcreate_subscriber       [m | [32msubscriber created[m     | client_key: 0x00000005, subscriber_id: 0x818(4), participant_id: 0x001(1)
[35m[1785138951.331481][m info     | [34mProxyClient.cpp   [m | [37mcreate_datareader       [m | [32mdatareader created[m     | client_key: 0x00000005, datareader_id: 0x818(6), subscriber_id: 0x818(4)
[35m[1785138951.331691][m info     | [34mProxyClient.cpp   [m | [37mcreate_topic            [m | [32mtopic created[m          | client_key: 0x00000005, topic_id: 0x819(2), participant_id: 0x001(1)
[35m[1785138951.331776][m info     | [34mProxyClient.cpp   [m | [37mcreate_subscriber       [m | [32msubscriber created[m     | client_key: 0x00000005, subscriber_id: 0x819(4), participant_id: 0x001(1)
[35m[1785138951.332230][m info     | [34mProxyClient.cpp   [m | [37mcreate_datareader       [m | [32mdatareader created[m     | client_key: 0x00000005, datareader_id: 0x819(6), subscriber_id: 0x819(4)
[35m[1785138951.332434][m info     | [34mProxyClient.cpp   [m | [37mcreate_topic            [m | [32mtopic created[m          | client_key: 0x00000005, topic_id: 0x81A(2), participant_id: 0x001(1)
[35m[1785138951.332532][m info     | [34mProxyClient.cpp   [m | [37mcreate_subscriber       [m | [32msubscriber created[m     | client_key: 0x00000005, subscriber_id: 0x81A(4), participant_id: 0x001(1)
[35m[1785138951.332990][m info     | [34mProxyClient.cpp   [m | [37mcreate_datareader       [m | [32mdatareader created[m     | client_key: 0x00000005, datareader_id: 0x81A(6), subscriber_id: 0x81A(4)
[35m[1785138951.333205][m info     | [34mProxyClient.cpp   [m | [37mcreate_topic            [m | [32mtopic created[m          | client_key: 0x00000005, topic_id: 0x81B(2), participant_id: 0x001(1)
[35m[1785138951.333234][m info     | [34mProxyClient.cpp   [m | [37mcreate_subscriber       [m | [32msubscriber created[m     | client_key: 0x00000005, subscriber_id: 0x81B(4), participant_id: 0x001(1)
[35m[1785138951.333627][m info     | [34mProxyClient.cpp   [m | [37mcreate_datareader       [m | [32mdatareader created[m     | client_key: 0x00000005, datareader_id: 0x81B(6), subscriber_id: 0x81B(4)
[35m[1785138951.333884][m info     | [34mProxyClient.cpp   [m | [37mcreate_topic            [m | [32mtopic created[m          | client_key: 0x00000005, topic_id: 0x81C(2), participant_id: 0x001(1)
[35m[1785138951.333909][m info     | [34mProxyClient.cpp   [m | [37mcreate_subscriber       [m | [32msubscriber created[m     | client_key: 0x00000005, subscriber_id: 0x81C(4), participant_id: 0x001(1)
[35m[1785138951.334454][m info     | [34mProxyClient.cpp   [m | [37mcreate_datareader       [m | [32mdatareader created[m     | client_key: 0x00000005, datareader_id: 0x81C(6), subscriber_id: 0x81C(4)
[35m[1785138951.335602][m info     | [34mProxyClient.cpp   [m | [37mcreate_replier          [m | [32mreplier created[m        | client_key: 0x00000005, requester_id: 0x800(7), participant_id: 0x001(1)
[35m[1785138951.993038][m info     | [34mRoot.cpp          [m | [37mcreate_client           [m | [32mcreate[m                 | client_key: 0x00000006, session_id: 0x81
[35m[1785138951.993067][m info     | [34mSessionManager.hpp[m | [37mestablish_session       [m | [32msession established[m    | client_key: 0x00000006, address: 127.0.0.1:61897
[35m[1785138951.995228][m info     | [34mProxyClient.cpp   [m | [37mcreate_participant      [m | [32mparticipant created[m    | client_key: 0x00000006, participant_id: 0x001(1)
[35m[1785138951.995341][m info     | [34mProxyClient.cpp   [m | [37mcreate_topic            [m | [32mtopic created[m          | client_key: 0x00000006, topic_id: 0x800(2), participant_id: 0x001(1)
[35m[1785138951.995383][m info     | [34mProxyClient.cpp   [m | [37mcreate_subscriber       [m | [32msubscriber created[m     | client_key: 0x00000006, subscriber_id: 0x800(4), participant_id: 0x001(1)
[35m[1785138951.995786][m info     | [34mProxyClient.cpp   [m | [37mcreate_datareader       [m | [32mdatareader created[m     | client_key: 0x00000006, datareader_id: 0x800(6), subscriber_id: 0x800(4)
[35m[1785138951.995910][m info     | [34mProxyClient.cpp   [m | [37mcreate_topic            [m | [32mtopic created[m          | client_key: 0x00000006, topic_id: 0x801(2), participant_id: 0x001(1)
[35m[1785138951.995931][m info     | [34mProxyClient.cpp   [m | [37mcreate_subscriber       [m | [32msubscriber created[m     | client_key: 0x00000006, subscriber_id: 0x801(4), participant_id: 0x001(1)
[35m[1785138951.996238][m info     | [34mProxyClient.cpp   [m | [37mcreate_datareader       [m | [32mdatareader created[m     | client_key: 0x00000006, datareader_id: 0x801(6), subscriber_id: 0x801(4)
[35m[1785138951.996432][m info     | [34mProxyClient.cpp   [m | [37mcreate_topic            [m | [32mtopic created[m          | client_key: 0x00000006, topic_id: 0x802(2), participant_id: 0x001(1)
[35m[1785138951.996460][m info     | [34mProxyClient.cpp   [m | [37mcreate_subscriber       [m | [32msubscriber created[m     | client_key: 0x00000006, subscriber_id: 0x802(4), participant_id: 0x001(1)
[35m[1785138951.996780][m info     | [34mProxyClient.cpp   [m | [37mcreate_datareader       [m | [32mdatareader created[m     | client_key: 0x00000006, datareader_id: 0x802(6), subscriber_id: 0x802(4)
[35m[1785138951.996872][m info     | [34mProxyClient.cpp   [m | [37mcreate_topic            [m | [32mtopic created[m          | client_key: 0x00000006, topic_id: 0x803(2), participant_id: 0x001(1)
[35m[1785138951.996886][m info     | [34mProxyClient.cpp   [m | [37mcreate_subscriber       [m | [32msubscriber created[m     | client_key: 0x00000006, subscriber_id: 0x803(4), participant_id: 0x001(1)
[35m[1785138951.997255][m info     | [34mProxyClient.cpp   [m | [37mcreate_datareader       [m | [32mdatareader created[m     | client_key: 0x00000006, datareader_id: 0x803(6), subscriber_id: 0x803(4)
[35m[1785138951.997396][m info     | [34mProxyClient.cpp   [m | [37mcreate_topic            [m | [32mtopic created[m          | client_key: 0x00000006, topic_id: 0x804(2), participant_id: 0x001(1)
[35m[1785138951.997414][m info     | [34mProxyClient.cpp   [m | [37mcreate_subscriber       [m | [32msubscriber created[m     | client_key: 0x00000006, subscriber_id: 0x804(4), participant_id: 0x001(1)
[35m[1785138951.997772][m info     | [34mProxyClient.cpp   [m | [37mcreate_datareader       [m | [32mdatareader created[m     | client_key: 0x00000006, datareader_id: 0x804(6), subscriber_id: 0x804(4)
[35m[1785138951.997897][m info     | [34mProxyClient.cpp   [m | [37mcreate_topic            [m | [32mtopic created[m          | client_key: 0x00000006, topic_id: 0x805(2), participant_id: 0x001(1)
[35m[1785138951.997914][m info     | [34mProxyClient.cpp   [m | [37mcreate_subscriber       [m | [32msubscriber created[m     | client_key: 0x00000006, subscriber_id: 0x805(4), participant_id: 0x001(1)
[35m[1785138951.998234][m info     | [34mProxyClient.cpp   [m | [37mcreate_datareader       [m | [32mdatareader created[m     | client_key: 0x00000006, datareader_id: 0x805(6), subscriber_id: 0x805(4)
[35m[1785138951.998356][m info     | [34mProxyClient.cpp   [m | [37mcreate_topic            [m | [32mtopic created[m          | client_key: 0x00000006, topic_id: 0x806(2), participant_id: 0x001(1)
[35m[1785138951.998377][m info     | [34mProxyClient.cpp   [m | [37mcreate_subscriber       [m | [32msubscriber created[m     | client_key: 0x00000006, subscriber_id: 0x806(4), participant_id: 0x001(1)
[35m[1785138951.998649][m info     | [34mProxyClient.cpp   [m | [37mcreate_datareader       [m | [32mdatareader created[m     | client_key: 0x00000006, datareader_id: 0x806(6), subscriber_id: 0x806(4)
[35m[1785138951.998746][m info     | [34mProxyClient.cpp   [m | [37mcreate_topic            [m | [32mtopic created[m          | client_key: 0x00000006, topic_id: 0x807(2), participant_id: 0x001(1)
[35m[1785138951.998760][m info     | [34mProxyClient.cpp   [m | [37mcreate_subscriber       [m | [32msubscriber created[m     | client_key: 0x00000006, subscriber_id: 0x807(4), participant_id: 0x001(1)
[35m[1785138951.999040][m info     | [34mProxyClient.cpp   [m | [37mcreate_datareader       [m | [32mdatareader created[m     | client_key: 0x00000006, datareader_id: 0x807(6), subscriber_id: 0x807(4)
[35m[1785138951.999135][m info     | [34mProxyClient.cpp   [m | [37mcreate_topic            [m | [32mtopic created[m          | client_key: 0x00000006, topic_id: 0x808(2), participant_id: 0x001(1)
[35m[1785138951.999156][m info     | [34mProxyClient.cpp   [m | [37mcreate_subscriber       [m | [32msubscriber created[m     | client_key: 0x00000006, subscriber_id: 0x808(4), participant_id: 0x001(1)
[35m[1785138951.999422][m info     | [34mProxyClient.cpp   [m | [37mcreate_datareader       [m | [32mdatareader created[m     | client_key: 0x00000006, datareader_id: 0x808(6), subscriber_id: 0x808(4)
[35m[1785138951.999510][m info     | [34mProxyClient.cpp   [m | [37mcreate_topic            [m | [32mtopic created[m          | client_key: 0x00000006, topic_id: 0x809(2), participant_id: 0x001(1)
[35m[1785138951.999535][m info     | [34mProxyClient.cpp   [m | [37mcreate_subscriber       [m | [32msubscriber created[m     | client_key: 0x00000006, subscriber_id: 0x809(4), participant_id: 0x001(1)
[35m[1785138951.999781][m info     | [34mProxyClient.cpp   [m | [37mcreate_datareader       [m | [32mdatareader created[m     | client_key: 0x00000006, datareader_id: 0x809(6), subscriber_id: 0x809(4)
[35m[1785138951.999871][m info     | [34mProxyClient.cpp   [m | [37mcreate_topic            [m | [32mtopic created[m          | client_key: 0x00000006, topic_id: 0x80A(2), participant_id: 0x001(1)
[35m[1785138951.999885][m info     | [34mProxyClient.cpp   [m | [37mcreate_subscriber       [m | [32msubscriber created[m     | client_key: 0x00000006, subscriber_id: 0x80A(4), participant_id: 0x001(1)
[35m[1785138952.000177][m info     | [34mProxyClient.cpp   [m | [37mcreate_datareader       [m | [32mdatareader created[m     | client_key: 0x00000006, datareader_id: 0x80A(6), subscriber_id: 0x80A(4)
[35m[1785138952.000273][m info     | [34mProxyClient.cpp   [m | [37mcreate_topic            [m | [32mtopic created[m          | client_key: 0x00000006, topic_id: 0x80B(2), participant_id: 0x001(1)
[35m[1785138952.000292][m info     | [34mProxyClient.cpp   [m | [37mcreate_subscriber       [m | [32msubscriber created[m     | client_key: 0x00000006, subscriber_id: 0x80B(4), participant_id: 0x001(1)
[35m[1785138952.000535][m info     | [34mProxyClient.cpp   [m | [37mcreate_datareader       [m | [32mdatareader created[m     | client_key: 0x00000006, datareader_id: 0x80B(6), subscriber_id: 0x80B(4)
[35m[1785138952.000632][m info     | [34mProxyClient.cpp   [m | [37mcreate_topic            [m | [32mtopic created[m          | client_key: 0x00000006, topic_id: 0x80C(2), participant_id: 0x001(1)
[35m[1785138952.000646][m info     | [34mProxyClient.cpp   [m | [37mcreate_subscriber       [m | [32msubscriber created[m     | client_key: 0x00000006, subscriber_id: 0x80C(4), participant_id: 0x001(1)
[35m[1785138952.000886][m info     | [34mProxyClient.cpp   [m | [37mcreate_datareader       [m | [32mdatareader created[m     | client_key: 0x00000006, datareader_id: 0x80C(6), subscriber_id: 0x80C(4)
[35m[1785138952.000982][m info     | [34mProxyClient.cpp   [m | [37mcreate_topic            [m | [32mtopic created[m          | client_key: 0x00000006, topic_id: 0x80D(2), participant_id: 0x001(1)
[35m[1785138952.000999][m info     | [34mProxyClient.cpp   [m | [37mcreate_subscriber       [m | [32msubscriber created[m     | client_key: 0x00000006, subscriber_id: 0x80D(4), participant_id: 0x001(1)
[35m[1785138952.001275][m info     | [34mProxyClient.cpp   [m | [37mcreate_datareader       [m | [32mdatareader created[m     | client_key: 0x00000006, datareader_id: 0x80D(6), subscriber_id: 0x80D(4)
[35m[1785138952.001401][m info     | [34mProxyClient.cpp   [m | [37mcreate_topic            [m | [32mtopic created[m          | client_key: 0x00000006, topic_id: 0x80E(2), participant_id: 0x001(1)
[35m[1785138952.001423][m info     | [34mProxyClient.cpp   [m | [37mcreate_subscriber       [m | [32msubscriber created[m     | client_key: 0x00000006, subscriber_id: 0x80E(4), participant_id: 0x001(1)
[35m[1785138952.001692][m info     | [34mProxyClient.cpp   [m | [37mcreate_datareader       [m | [32mdatareader created[m     | client_key: 0x00000006, datareader_id: 0x80E(6), subscriber_id: 0x80E(4)
[35m[1785138952.001794][m info     | [34mProxyClient.cpp   [m | [37mcreate_topic            [m | [32mtopic created[m          | client_key: 0x00000006, topic_id: 0x80F(2), participant_id: 0x001(1)
[35m[1785138952.001814][m info     | [34mProxyClient.cpp   [m | [37mcreate_subscriber       [m | [32msubscriber created[m     | client_key: 0x00000006, subscriber_id: 0x80F(4), participant_id: 0x001(1)
[35m[1785138952.002119][m info     | [34mProxyClient.cpp   [m | [37mcreate_datareader       [m | [32mdatareader created[m     | client_key: 0x00000006, datareader_id: 0x80F(6), subscriber_id: 0x80F(4)
[35m[1785138952.002226][m info     | [34mProxyClient.cpp   [m | [37mcreate_topic            [m | [32mtopic created[m          | client_key: 0x00000006, topic_id: 0x810(2), participant_id: 0x001(1)
[35m[1785138952.002245][m info     | [34mProxyClient.cpp   [m | [37mcreate_subscriber       [m | [32msubscriber created[m     | client_key: 0x00000006, subscriber_id: 0x810(4), participant_id: 0x001(1)
[35m[1785138952.002525][m info     | [34mProxyClient.cpp   [m | [37mcreate_datareader       [m | [32mdatareader created[m     | client_key: 0x00000006, datareader_id: 0x810(6), subscriber_id: 0x810(4)
[35m[1785138952.002611][m info     | [34mProxyClient.cpp   [m | [37mcreate_topic            [m | [32mtopic created[m          | client_key: 0x00000006, topic_id: 0x811(2), participant_id: 0x001(1)
[35m[1785138952.002632][m info     | [34mProxyClient.cpp   [m | [37mcreate_subscriber       [m | [32msubscriber created[m     | client_key: 0x00000006, subscriber_id: 0x811(4), participant_id: 0x001(1)
[35m[1785138952.002883][m info     | [34mProxyClient.cpp   [m | [37mcreate_datareader       [m | [32mdatareader created[m     | client_key: 0x00000006, datareader_id: 0x811(6), subscriber_id: 0x811(4)
[35m[1785138952.002994][m info     | [34mProxyClient.cpp   [m | [37mcreate_topic            [m | [32mtopic created[m          | client_key: 0x00000006, topic_id: 0x812(2), participant_id: 0x001(1)
[35m[1785138952.003019][m info     | [34mProxyClient.cpp   [m | [37mcreate_subscriber       [m | [32msubscriber created[m     | client_key: 0x00000006, subscriber_id: 0x812(4), participant_id: 0x001(1)
[35m[1785138952.003290][m info     | [34mProxyClient.cpp   [m | [37mcreate_datareader       [m | [32mdatareader created[m     | client_key: 0x00000006, datareader_id: 0x812(6), subscriber_id: 0x812(4)
[35m[1785138952.003394][m info     | [34mProxyClient.cpp   [m | [37mcreate_topic            [m | [32mtopic created[m          | client_key: 0x00000006, topic_id: 0x813(2), participant_id: 0x001(1)
[35m[1785138952.003410][m info     | [34mProxyClient.cpp   [m | [37mcreate_subscriber       [m | [32msubscriber created[m     | client_key: 0x00000006, subscriber_id: 0x813(4), participant_id: 0x001(1)
[35m[1785138952.003667][m info     | [34mProxyClient.cpp   [m | [37mcreate_datareader       [m | [32mdatareader created[m     | client_key: 0x00000006, datareader_id: 0x813(6), subscriber_id: 0x813(4)
[35m[1785138952.003758][m info     | [34mProxyClient.cpp   [m | [37mcreate_topic            [m | [32mtopic created[m          | client_key: 0x00000006, topic_id: 0x814(2), participant_id: 0x001(1)
[35m[1785138952.003777][m info     | [34mProxyClient.cpp   [m | [37mcreate_subscriber       [m | [32msubscriber created[m     | client_key: 0x00000006, subscriber_id: 0x814(4), participant_id: 0x001(1)
[35m[1785138952.004023][m info     | [34mProxyClient.cpp   [m | [37mcreate_datareader       [m | [32mdatareader created[m     | client_key: 0x00000006, datareader_id: 0x814(6), subscriber_id: 0x814(4)
[35m[1785138952.004108][m info     | [34mProxyClient.cpp   [m | [37mcreate_topic            [m | [32mtopic created[m          | client_key: 0x00000006, topic_id: 0x815(2), participant_id: 0x001(1)
[35m[1785138952.004121][m info     | [34mProxyClient.cpp   [m | [37mcreate_subscriber       [m | [32msubscriber created[m     | client_key: 0x00000006, subscriber_id: 0x815(4), participant_id: 0x001(1)
[35m[1785138952.004374][m info     | [34mProxyClient.cpp   [m | [37mcreate_datareader       [m | [32mdatareader created[m     | client_key: 0x00000006, datareader_id: 0x815(6), subscriber_id: 0x815(4)
[35m[1785138952.004470][m info     | [34mProxyClient.cpp   [m | [37mcreate_topic            [m | [32mtopic created[m          | client_key: 0x00000006, topic_id: 0x816(2), participant_id: 0x001(1)
[35m[1785138952.004493][m info     | [34mProxyClient.cpp   [m | [37mcreate_subscriber       [m | [32msubscriber created[m     | client_key: 0x00000006, subscriber_id: 0x816(4), participant_id: 0x001(1)
[35m[1785138952.004741][m info     | [34mProxyClient.cpp   [m | [37mcreate_datareader       [m | [32mdatareader created[m     | client_key: 0x00000006, datareader_id: 0x816(6), subscriber_id: 0x816(4)
[35m[1785138952.004839][m info     | [34mProxyClient.cpp   [m | [37mcreate_topic            [m | [32mtopic created[m          | client_key: 0x00000006, topic_id: 0x817(2), participant_id: 0x001(1)
[35m[1785138952.004853][m info     | [34mProxyClient.cpp   [m | [37mcreate_subscriber       [m | [32msubscriber created[m     | client_key: 0x00000006, subscriber_id: 0x817(4), participant_id: 0x001(1)
[35m[1785138952.005169][m info     | [34mProxyClient.cpp   [m | [37mcreate_datareader       [m | [32mdatareader created[m     | client_key: 0x00000006, datareader_id: 0x817(6), subscriber_id: 0x817(4)
[35m[1785138952.005295][m info     | [34mProxyClient.cpp   [m | [37mcreate_topic            [m | [32mtopic created[m          | client_key: 0x00000006, topic_id: 0x818(2), participant_id: 0x001(1)
[35m[1785138952.005315][m info     | [34mProxyClient.cpp   [m | [37mcreate_subscriber       [m | [32msubscriber created[m     | client_key: 0x00000006, subscriber_id: 0x818(4), participant_id: 0x001(1)
[35m[1785138952.005609][m info     | [34mProxyClient.cpp   [m | [37mcreate_datareader       [m | [32mdatareader created[m     | client_key: 0x00000006, datareader_id: 0x818(6), subscriber_id: 0x818(4)
[35m[1785138952.005709][m info     | [34mProxyClient.cpp   [m | [37mcreate_topic            [m | [32mtopic created[m          | client_key: 0x00000006, topic_id: 0x819(2), participant_id: 0x001(1)
[35m[1785138952.005730][m info     | [34mProxyClient.cpp   [m | [37mcreate_subscriber       [m | [32msubscriber created[m     | client_key: 0x00000006, subscriber_id: 0x819(4), participant_id: 0x001(1)
[35m[1785138952.006040][m info     | [34mProxyClient.cpp   [m | [37mcreate_datareader       [m | [32mdatareader created[m     | client_key: 0x00000006, datareader_id: 0x819(6), subscriber_id: 0x819(4)
[35m[1785138952.006146][m info     | [34mProxyClient.cpp   [m | [37mcreate_topic            [m | [32mtopic created[m          | client_key: 0x00000006, topic_id: 0x81A(2), participant_id: 0x001(1)
[35m[1785138952.006164][m info     | [34mProxyClient.cpp   [m | [37mcreate_subscriber       [m | [32msubscriber created[m     | client_key: 0x00000006, subscriber_id: 0x81A(4), participant_id: 0x001(1)
[35m[1785138952.006442][m info     | [34mProxyClient.cpp   [m | [37mcreate_datareader       [m | [32mdatareader created[m     | client_key: 0x00000006, datareader_id: 0x81A(6), subscriber_id: 0x81A(4)
[35m[1785138952.006532][m info     | [34mProxyClient.cpp   [m | [37mcreate_topic            [m | [32mtopic created[m          | client_key: 0x00000006, topic_id: 0x81B(2), participant_id: 0x001(1)
[35m[1785138952.006546][m info     | [34mProxyClient.cpp   [m | [37mcreate_subscriber       [m | [32msubscriber created[m     | client_key: 0x00000006, subscriber_id: 0x81B(4), participant_id: 0x001(1)
[35m[1785138952.006797][m info     | [34mProxyClient.cpp   [m | [37mcreate_datareader       [m | [32mdatareader created[m     | client_key: 0x00000006, datareader_id: 0x81B(6), subscriber_id: 0x81B(4)
[35m[1785138952.006893][m info     | [34mProxyClient.cpp   [m | [37mcreate_topic            [m | [32mtopic created[m          | client_key: 0x00000006, topic_id: 0x81C(2), participant_id: 0x001(1)
[35m[1785138952.006912][m info     | [34mProxyClient.cpp   [m | [37mcreate_subscriber       [m | [32msubscriber created[m     | client_key: 0x00000006, subscriber_id: 0x81C(4), participant_id: 0x001(1)
[35m[1785138952.007170][m info     | [34mProxyClient.cpp   [m | [37mcreate_datareader       [m | [32mdatareader created[m     | client_key: 0x00000006, datareader_id: 0x81C(6), subscriber_id: 0x81C(4)
[35m[1785138952.007806][m info     | [34mProxyClient.cpp   [m | [37mcreate_replier          [m | [32mreplier created[m        | client_key: 0x00000006, requester_id: 0x800(7), participant_id: 0x001(1)
[35m[1785138952.776859][m info     | [34mRoot.cpp          [m | [37mcreate_client           [m | [32mcreate[m                 | client_key: 0x00000007, session_id: 0x81
[35m[1785138952.776881][m info     | [34mSessionManager.hpp[m | [37mestablish_session       [m | [32msession established[m    | client_key: 0x00000007, address: 127.0.0.1:63963
[35m[1785138952.778771][m info     | [34mProxyClient.cpp   [m | [37mcreate_participant      [m | [32mparticipant created[m    | client_key: 0x00000007, participant_id: 0x001(1)
[35m[1785138952.778884][m info     | [34mProxyClient.cpp   [m | [37mcreate_topic            [m | [32mtopic created[m          | client_key: 0x00000007, topic_id: 0x800(2), participant_id: 0x001(1)
[35m[1785138952.778910][m info     | [34mProxyClient.cpp   [m | [37mcreate_subscriber       [m | [32msubscriber created[m     | client_key: 0x00000007, subscriber_id: 0x800(4), participant_id: 0x001(1)
[35m[1785138952.779218][m info     | [34mProxyClient.cpp   [m | [37mcreate_datareader       [m | [32mdatareader created[m     | client_key: 0x00000007, datareader_id: 0x800(6), subscriber_id: 0x800(4)
[35m[1785138952.779359][m info     | [34mProxyClient.cpp   [m | [37mcreate_topic            [m | [32mtopic created[m          | client_key: 0x00000007, topic_id: 0x801(2), participant_id: 0x001(1)
[35m[1785138952.779380][m info     | [34mProxyClient.cpp   [m | [37mcreate_subscriber       [m | [32msubscriber created[m     | client_key: 0x00000007, subscriber_id: 0x801(4), participant_id: 0x001(1)
[35m[1785138952.779742][m info     | [34mProxyClient.cpp   [m | [37mcreate_datareader       [m | [32mdatareader created[m     | client_key: 0x00000007, datareader_id: 0x801(6), subscriber_id: 0x801(4)
[35m[1785138952.779851][m info     | [34mProxyClient.cpp   [m | [37mcreate_topic            [m | [32mtopic created[m          | client_key: 0x00000007, topic_id: 0x802(2), participant_id: 0x001(1)
[35m[1785138952.779872][m info     | [34mProxyClient.cpp   [m | [37mcreate_subscriber       [m | [32msubscriber created[m     | client_key: 0x00000007, subscriber_id: 0x802(4), participant_id: 0x001(1)
[35m[1785138952.780214][m info     | [34mProxyClient.cpp   [m | [37mcreate_datareader       [m | [32mdatareader created[m     | client_key: 0x00000007, datareader_id: 0x802(6), subscriber_id: 0x802(4)
[35m[1785138952.780323][m info     | [34mProxyClient.cpp   [m | [37mcreate_topic            [m | [32mtopic created[m          | client_key: 0x00000007, topic_id: 0x803(2), participant_id: 0x001(1)
[35m[1785138952.780345][m info     | [34mProxyClient.cpp   [m | [37mcreate_subscriber       [m | [32msubscriber created[m     | client_key: 0x00000007, subscriber_id: 0x803(4), participant_id: 0x001(1)
[35m[1785138952.780686][m info     | [34mProxyClient.cpp   [m | [37mcreate_datareader       [m | [32mdatareader created[m     | client_key: 0x00000007, datareader_id: 0x803(6), subscriber_id: 0x803(4)
[35m[1785138952.780799][m info     | [34mProxyClient.cpp   [m | [37mcreate_topic            [m | [32mtopic created[m          | client_key: 0x00000007, topic_id: 0x804(2), participant_id: 0x001(1)
[35m[1785138952.780820][m info     | [34mProxyClient.cpp   [m | [37mcreate_subscriber       [m | [32msubscriber created[m     | client_key: 0x00000007, subscriber_id: 0x804(4), participant_id: 0x001(1)
[35m[1785138952.781115][m info     | [34mProxyClient.cpp   [m | [37mcreate_datareader       [m | [32mdatareader created[m     | client_key: 0x00000007, datareader_id: 0x804(6), subscriber_id: 0x804(4)
[35m[1785138952.781221][m info     | [34mProxyClient.cpp   [m | [37mcreate_topic            [m | [32mtopic created[m          | client_key: 0x00000007, topic_id: 0x805(2), participant_id: 0x001(1)
[35m[1785138952.781244][m info     | [34mProxyClient.cpp   [m | [37mcreate_subscriber       [m | [32msubscriber created[m     | client_key: 0x00000007, subscriber_id: 0x805(4), participant_id: 0x001(1)
[35m[1785138952.781603][m info     | [34mProxyClient.cpp   [m | [37mcreate_datareader       [m | [32mdatareader created[m     | client_key: 0x00000007, datareader_id: 0x805(6), subscriber_id: 0x805(4)
[35m[1785138952.781693][m info     | [34mProxyClient.cpp   [m | [37mcreate_topic            [m | [32mtopic created[m          | client_key: 0x00000007, topic_id: 0x806(2), participant_id: 0x001(1)
[35m[1785138952.781711][m info     | [34mProxyClient.cpp   [m | [37mcreate_subscriber       [m | [32msubscriber created[m     | client_key: 0x00000007, subscriber_id: 0x806(4), participant_id: 0x001(1)
[35m[1785138952.781972][m info     | [34mProxyClient.cpp   [m | [37mcreate_datareader       [m | [32mdatareader created[m     | client_key: 0x00000007, datareader_id: 0x806(6), subscriber_id: 0x806(4)
[35m[1785138952.782061][m info     | [34mProxyClient.cpp   [m | [37mcreate_topic            [m | [32mtopic created[m          | client_key: 0x00000007, topic_id: 0x807(2), participant_id: 0x001(1)
[35m[1785138952.782078][m info     | [34mProxyClient.cpp   [m | [37mcreate_subscriber       [m | [32msubscriber created[m     | client_key: 0x00000007, subscriber_id: 0x807(4), participant_id: 0x001(1)
[35m[1785138952.782334][m info     | [34mProxyClient.cpp   [m | [37mcreate_datareader       [m | [32mdatareader created[m     | client_key: 0x00000007, datareader_id: 0x807(6), subscriber_id: 0x807(4)
[35m[1785138952.782430][m info     | [34mProxyClient.cpp   [m | [37mcreate_topic            [m | [32mtopic created[m          | client_key: 0x00000007, topic_id: 0x808(2), participant_id: 0x001(1)
[35m[1785138952.782442][m info     | [34mProxyClient.cpp   [m | [37mcreate_subscriber       [m | [32msubscriber created[m     | client_key: 0x00000007, subscriber_id: 0x808(4), participant_id: 0x001(1)
[35m[1785138952.782694][m info     | [34mProxyClient.cpp   [m | [37mcreate_datareader       [m | [32mdatareader created[m     | client_key: 0x00000007, datareader_id: 0x808(6), subscriber_id: 0x808(4)
[35m[1785138952.782775][m info     | [34mProxyClient.cpp   [m | [37mcreate_topic            [m | [32mtopic created[m          | client_key: 0x00000007, topic_id: 0x809(2), participant_id: 0x001(1)
[35m[1785138952.782788][m info     | [34mProxyClient.cpp   [m | [37mcreate_subscriber       [m | [32msubscriber created[m     | client_key: 0x00000007, subscriber_id: 0x809(4), participant_id: 0x001(1)
[35m[1785138952.783017][m info     | [34mProxyClient.cpp   [m | [37mcreate_datareader       [m | [32mdatareader created[m     | client_key: 0x00000007, datareader_id: 0x809(6), subscriber_id: 0x809(4)
[35m[1785138952.783090][m info     | [34mProxyClient.cpp   [m | [37mcreate_topic            [m | [32mtopic created[m          | client_key: 0x00000007, topic_id: 0x80A(2), participant_id: 0x001(1)
[35m[1785138952.783100][m info     | [34mProxyClient.cpp   [m | [37mcreate_subscriber       [m | [32msubscriber created[m     | client_key: 0x00000007, subscriber_id: 0x80A(4), participant_id: 0x001(1)
[35m[1785138952.783338][m info     | [34mProxyClient.cpp   [m | [37mcreate_datareader       [m | [32mdatareader created[m     | client_key: 0x00000007, datareader_id: 0x80A(6), subscriber_id: 0x80A(4)
[35m[1785138952.783411][m info     | [34mProxyClient.cpp   [m | [37mcreate_topic            [m | [32mtopic created[m          | client_key: 0x00000007, topic_id: 0x80B(2), participant_id: 0x001(1)
[35m[1785138952.783429][m info     | [34mProxyClient.cpp   [m | [37mcreate_subscriber       [m | [32msubscriber created[m     | client_key: 0x00000007, subscriber_id: 0x80B(4), participant_id: 0x001(1)
[35m[1785138952.783689][m info     | [34mProxyClient.cpp   [m | [37mcreate_datareader       [m | [32mdatareader created[m     | client_key: 0x00000007, datareader_id: 0x80B(6), subscriber_id: 0x80B(4)
[35m[1785138952.783767][m info     | [34mProxyClient.cpp   [m | [37mcreate_topic            [m | [32mtopic created[m          | client_key: 0x00000007, topic_id: 0x80C(2), participant_id: 0x001(1)
[35m[1785138952.783778][m info     | [34mProxyClient.cpp   [m | [37mcreate_subscriber       [m | [32msubscriber created[m     | client_key: 0x00000007, subscriber_id: 0x80C(4), participant_id: 0x001(1)
[35m[1785138952.784023][m info     | [34mProxyClient.cpp   [m | [37mcreate_datareader       [m | [32mdatareader created[m     | client_key: 0x00000007, datareader_id: 0x80C(6), subscriber_id: 0x80C(4)
[35m[1785138952.784158][m info     | [34mProxyClient.cpp   [m | [37mcreate_topic            [m | [32mtopic created[m          | client_key: 0x00000007, topic_id: 0x80D(2), participant_id: 0x001(1)
[35m[1785138952.784184][m info     | [34mProxyClient.cpp   [m | [37mcreate_subscriber       [m | [32msubscriber created[m     | client_key: 0x00000007, subscriber_id: 0x80D(4), participant_id: 0x001(1)
[35m[1785138952.784417][m info     | [34mProxyClient.cpp   [m | [37mcreate_datareader       [m | [32mdatareader created[m     | client_key: 0x00000007, datareader_id: 0x80D(6), subscriber_id: 0x80D(4)
[35m[1785138952.784487][m info     | [34mProxyClient.cpp   [m | [37mcreate_topic            [m | [32mtopic created[m          | client_key: 0x00000007, topic_id: 0x80E(2), participant_id: 0x001(1)
[35m[1785138952.784507][m info     | [34mProxyClient.cpp   [m | [37mcreate_subscriber       [m | [32msubscriber created[m     | client_key: 0x00000007, subscriber_id: 0x80E(4), participant_id: 0x001(1)
[35m[1785138952.784733][m info     | [34mProxyClient.cpp   [m | [37mcreate_datareader       [m | [32mdatareader created[m     | client_key: 0x00000007, datareader_id: 0x80E(6), subscriber_id: 0x80E(4)
[35m[1785138952.784809][m info     | [34mProxyClient.cpp   [m | [37mcreate_topic            [m | [32mtopic created[m          | client_key: 0x00000007, topic_id: 0x80F(2), participant_id: 0x001(1)
[35m[1785138952.784822][m info     | [34mProxyClient.cpp   [m | [37mcreate_subscriber       [m | [32msubscriber created[m     | client_key: 0x00000007, subscriber_id: 0x80F(4), participant_id: 0x001(1)
[35m[1785138952.785048][m info     | [34mProxyClient.cpp   [m | [37mcreate_datareader       [m | [32mdatareader created[m     | client_key: 0x00000007, datareader_id: 0x80F(6), subscriber_id: 0x80F(4)
[35m[1785138952.785129][m info     | [34mProxyClient.cpp   [m | [37mcreate_topic            [m | [32mtopic created[m          | client_key: 0x00000007, topic_id: 0x810(2), participant_id: 0x001(1)
[35m[1785138952.785153][m info     | [34mProxyClient.cpp   [m | [37mcreate_subscriber       [m | [32msubscriber created[m     | client_key: 0x00000007, subscriber_id: 0x810(4), participant_id: 0x001(1)
[35m[1785138952.785377][m info     | [34mProxyClient.cpp   [m | [37mcreate_datareader       [m | [32mdatareader created[m     | client_key: 0x00000007, datareader_id: 0x810(6), subscriber_id: 0x810(4)
[35m[1785138952.785453][m info     | [34mProxyClient.cpp   [m | [37mcreate_topic            [m | [32mtopic created[m          | client_key: 0x00000007, topic_id: 0x811(2), participant_id: 0x001(1)
[35m[1785138952.785469][m info     | [34mProxyClient.cpp   [m | [37mcreate_subscriber       [m | [32msubscriber created[m     | client_key: 0x00000007, subscriber_id: 0x811(4), participant_id: 0x001(1)
[35m[1785138952.785690][m info     | [34mProxyClient.cpp   [m | [37mcreate_datareader       [m | [32mdatareader created[m     | client_key: 0x00000007, datareader_id: 0x811(6), subscriber_id: 0x811(4)
[35m[1785138952.785763][m info     | [34mProxyClient.cpp   [m | [37mcreate_topic            [m | [32mtopic created[m          | client_key: 0x00000007, topic_id: 0x812(2), participant_id: 0x001(1)
[35m[1785138952.785778][m info     | [34mProxyClient.cpp   [m | [37mcreate_subscriber       [m | [32msubscriber created[m     | client_key: 0x00000007, subscriber_id: 0x812(4), participant_id: 0x001(1)
[35m[1785138952.785996][m info     | [34mProxyClient.cpp   [m | [37mcreate_datareader       [m | [32mdatareader created[m     | client_key: 0x00000007, datareader_id: 0x812(6), subscriber_id: 0x812(4)
[35m[1785138952.786067][m info     | [34mProxyClient.cpp   [m | [37mcreate_topic            [m | [32mtopic created[m          | client_key: 0x00000007, topic_id: 0x813(2), participant_id: 0x001(1)
[35m[1785138952.786083][m info     | [34mProxyClient.cpp   [m | [37mcreate_subscriber       [m | [32msubscriber created[m     | client_key: 0x00000007, subscriber_id: 0x813(4), participant_id: 0x001(1)
[35m[1785138952.786330][m info     | [34mProxyClient.cpp   [m | [37mcreate_datareader       [m | [32mdatareader created[m     | client_key: 0x00000007, datareader_id: 0x813(6), subscriber_id: 0x813(4)
[35m[1785138952.786407][m info     | [34mProxyClient.cpp   [m | [37mcreate_topic            [m | [32mtopic created[m          | client_key: 0x00000007, topic_id: 0x814(2), participant_id: 0x001(1)
[35m[1785138952.786418][m info     | [34mProxyClient.cpp   [m | [37mcreate_subscriber       [m | [32msubscriber created[m     | client_key: 0x00000007, subscriber_id: 0x814(4), participant_id: 0x001(1)
[35m[1785138952.786641][m info     | [34mProxyClient.cpp   [m | [37mcreate_datareader       [m | [32mdatareader created[m     | client_key: 0x00000007, datareader_id: 0x814(6), subscriber_id: 0x814(4)
[35m[1785138952.786713][m info     | [34mProxyClient.cpp   [m | [37mcreate_topic            [m | [32mtopic created[m          | client_key: 0x00000007, topic_id: 0x815(2), participant_id: 0x001(1)
[35m[1785138952.786724][m info     | [34mProxyClient.cpp   [m | [37mcreate_subscriber       [m | [32msubscriber created[m     | client_key: 0x00000007, subscriber_id: 0x815(4), participant_id: 0x001(1)
[35m[1785138952.786949][m info     | [34mProxyClient.cpp   [m | [37mcreate_datareader       [m | [32mdatareader created[m     | client_key: 0x00000007, datareader_id: 0x815(6), subscriber_id: 0x815(4)
[35m[1785138952.787020][m info     | [34mProxyClient.cpp   [m | [37mcreate_topic            [m | [32mtopic created[m          | client_key: 0x00000007, topic_id: 0x816(2), participant_id: 0x001(1)
[35m[1785138952.787030][m info     | [34mProxyClient.cpp   [m | [37mcreate_subscriber       [m | [32msubscriber created[m     | client_key: 0x00000007, subscriber_id: 0x816(4), participant_id: 0x001(1)
[35m[1785138952.787265][m info     | [34mProxyClient.cpp   [m | [37mcreate_datareader       [m | [32mdatareader created[m     | client_key: 0x00000007, datareader_id: 0x816(6), subscriber_id: 0x816(4)
[35m[1785138952.787335][m info     | [34mProxyClient.cpp   [m | [37mcreate_topic            [m | [32mtopic created[m          | client_key: 0x00000007, topic_id: 0x817(2), participant_id: 0x001(1)
[35m[1785138952.787351][m info     | [34mProxyClient.cpp   [m | [37mcreate_subscriber       [m | [32msubscriber created[m     | client_key: 0x00000007, subscriber_id: 0x817(4), participant_id: 0x001(1)
[35m[1785138952.787586][m info     | [34mProxyClient.cpp   [m | [37mcreate_datareader       [m | [32mdatareader created[m     | client_key: 0x00000007, datareader_id: 0x817(6), subscriber_id: 0x817(4)
[35m[1785138952.787660][m info     | [34mProxyClient.cpp   [m | [37mcreate_topic            [m | [32mtopic created[m          | client_key: 0x00000007, topic_id: 0x818(2), participant_id: 0x001(1)
[35m[1785138952.787675][m info     | [34mProxyClient.cpp   [m | [37mcreate_subscriber       [m | [32msubscriber created[m     | client_key: 0x00000007, subscriber_id: 0x818(4), participant_id: 0x001(1)
[35m[1785138952.787897][m info     | [34mProxyClient.cpp   [m | [37mcreate_datareader       [m | [32mdatareader created[m     | client_key: 0x00000007, datareader_id: 0x818(6), subscriber_id: 0x818(4)
[35m[1785138952.788024][m info     | [34mProxyClient.cpp   [m | [37mcreate_topic            [m | [32mtopic created[m          | client_key: 0x00000007, topic_id: 0x819(2), participant_id: 0x001(1)
[35m[1785138952.788037][m info     | [34mProxyClient.cpp   [m | [37mcreate_subscriber       [m | [32msubscriber created[m     | client_key: 0x00000007, subscriber_id: 0x819(4), participant_id: 0x001(1)
[35m[1785138952.788286][m info     | [34mProxyClient.cpp   [m | [37mcreate_datareader       [m | [32mdatareader created[m     | client_key: 0x00000007, datareader_id: 0x819(6), subscriber_id: 0x819(4)
[35m[1785138952.788381][m info     | [34mProxyClient.cpp   [m | [37mcreate_topic            [m | [32mtopic created[m          | client_key: 0x00000007, topic_id: 0x81A(2), participant_id: 0x001(1)
[35m[1785138952.788393][m info     | [34mProxyClient.cpp   [m | [37mcreate_subscriber       [m | [32msubscriber created[m     | client_key: 0x00000007, subscriber_id: 0x81A(4), participant_id: 0x001(1)
[35m[1785138952.788674][m info     | [34mProxyClient.cpp   [m | [37mcreate_datareader       [m | [32mdatareader created[m     | client_key: 0x00000007, datareader_id: 0x81A(6), subscriber_id: 0x81A(4)
[35m[1785138952.788756][m info     | [34mProxyClient.cpp   [m | [37mcreate_topic            [m | [32mtopic created[m          | client_key: 0x00000007, topic_id: 0x81B(2), participant_id: 0x001(1)
[35m[1785138952.788768][m info     | [34mProxyClient.cpp   [m | [37mcreate_subscriber       [m | [32msubscriber created[m     | client_key: 0x00000007, subscriber_id: 0x81B(4), participant_id: 0x001(1)
[35m[1785138952.789003][m info     | [34mProxyClient.cpp   [m | [37mcreate_datareader       [m | [32mdatareader created[m     | client_key: 0x00000007, datareader_id: 0x81B(6), subscriber_id: 0x81B(4)
[35m[1785138952.789083][m info     | [34mProxyClient.cpp   [m | [37mcreate_topic            [m | [32mtopic created[m          | client_key: 0x00000007, topic_id: 0x81C(2), participant_id: 0x001(1)
[35m[1785138952.789099][m info     | [34mProxyClient.cpp   [m | [37mcreate_subscriber       [m | [32msubscriber created[m     | client_key: 0x00000007, subscriber_id: 0x81C(4), participant_id: 0x001(1)
[35m[1785138952.789364][m info     | [34mProxyClient.cpp   [m | [37mcreate_datareader       [m | [32mdatareader created[m     | client_key: 0x00000007, datareader_id: 0x81C(6), subscriber_id: 0x81C(4)
[35m[1785138952.789980][m info     | [34mProxyClient.cpp   [m | [37mcreate_replier          [m | [32mreplier created[m        | client_key: 0x00000007, requester_id: 0x800(7), participant_id: 0x001(1)
[35m[1785138953.278825][m info     | [34mRoot.cpp          [m | [37mcreate_client           [m | [32mcreate[m                 | client_key: 0x00000008, session_id: 0x81
[35m[1785138953.278849][m info     | [34mSessionManager.hpp[m | [37mestablish_session       [m | [32msession established[m    | client_key: 0x00000008, address: 127.0.0.1:23176
[35m[1785138953.295922][m info     | [34mProxyClient.cpp   [m | [37mcreate_participant      [m | [32mparticipant created[m    | client_key: 0x00000008, participant_id: 0x001(1)
[35m[1785138953.296121][m info     | [34mProxyClient.cpp   [m | [37mcreate_topic            [m | [32mtopic created[m          | client_key: 0x00000008, topic_id: 0x800(2), participant_id: 0x001(1)
[35m[1785138953.296165][m info     | [34mProxyClient.cpp   [m | [37mcreate_subscriber       [m | [32msubscriber created[m     | client_key: 0x00000008, subscriber_id: 0x800(4), participant_id: 0x001(1)
[35m[1785138953.296516][m info     | [34mProxyClient.cpp   [m | [37mcreate_datareader       [m | [32mdatareader created[m     | client_key: 0x00000008, datareader_id: 0x800(6), subscriber_id: 0x800(4)
[35m[1785138953.296608][m info     | [34mProxyClient.cpp   [m | [37mcreate_topic            [m | [32mtopic created[m          | client_key: 0x00000008, topic_id: 0x801(2), participant_id: 0x001(1)
[35m[1785138953.296632][m info     | [34mProxyClient.cpp   [m | [37mcreate_subscriber       [m | [32msubscriber created[m     | client_key: 0x00000008, subscriber_id: 0x801(4), participant_id: 0x001(1)
[35m[1785138953.296949][m info     | [34mProxyClient.cpp   [m | [37mcreate_datareader       [m | [32mdatareader created[m     | client_key: 0x00000008, datareader_id: 0x801(6), subscriber_id: 0x801(4)
[35m[1785138953.297039][m info     | [34mProxyClient.cpp   [m | [37mcreate_topic            [m | [32mtopic created[m          | client_key: 0x00000008, topic_id: 0x802(2), participant_id: 0x001(1)
[35m[1785138953.297050][m info     | [34mProxyClient.cpp   [m | [37mcreate_subscriber       [m | [32msubscriber created[m     | client_key: 0x00000008, subscriber_id: 0x802(4), participant_id: 0x001(1)
[35m[1785138953.297411][m info     | [34mProxyClient.cpp   [m | [37mcreate_datareader       [m | [32mdatareader created[m     | client_key: 0x00000008, datareader_id: 0x802(6), subscriber_id: 0x802(4)
[35m[1785138953.297533][m info     | [34mProxyClient.cpp   [m | [37mcreate_topic            [m | [32mtopic created[m          | client_key: 0x00000008, topic_id: 0x803(2), participant_id: 0x001(1)
[35m[1785138953.297556][m info     | [34mProxyClient.cpp   [m | [37mcreate_subscriber       [m | [32msubscriber created[m     | client_key: 0x00000008, subscriber_id: 0x803(4), participant_id: 0x001(1)
[35m[1785138953.297849][m info     | [34mProxyClient.cpp   [m | [37mcreate_datareader       [m | [32mdatareader created[m     | client_key: 0x00000008, datareader_id: 0x803(6), subscriber_id: 0x803(4)
[35m[1785138953.298336][m info     | [34mProxyClient.cpp   [m | [37mcreate_topic            [m | [32mtopic created[m          | client_key: 0x00000008, topic_id: 0x804(2), participant_id: 0x001(1)
[35m[1785138953.298365][m info     | [34mProxyClient.cpp   [m | [37mcreate_subscriber       [m | [32msubscriber created[m     | client_key: 0x00000008, subscriber_id: 0x804(4), participant_id: 0x001(1)
[35m[1785138953.298706][m info     | [34mProxyClient.cpp   [m | [37mcreate_datareader       [m | [32mdatareader created[m     | client_key: 0x00000008, datareader_id: 0x804(6), subscriber_id: 0x804(4)
[35m[1785138953.298803][m info     | [34mProxyClient.cpp   [m | [37mcreate_topic            [m | [32mtopic created[m          | client_key: 0x00000008, topic_id: 0x805(2), participant_id: 0x001(1)
[35m[1785138953.298824][m info     | [34mProxyClient.cpp   [m | [37mcreate_subscriber       [m | [32msubscriber created[m     | client_key: 0x00000008, subscriber_id: 0x805(4), participant_id: 0x001(1)
[35m[1785138953.299146][m info     | [34mProxyClient.cpp   [m | [37mcreate_datareader       [m | [32mdatareader created[m     | client_key: 0x00000008, datareader_id: 0x805(6), subscriber_id: 0x805(4)
[35m[1785138953.299246][m info     | [34mProxyClient.cpp   [m | [37mcreate_topic            [m | [32mtopic created[m          | client_key: 0x00000008, topic_id: 0x806(2), participant_id: 0x001(1)
[35m[1785138953.299265][m info     | [34mProxyClient.cpp   [m | [37mcreate_subscriber       [m | [32msubscriber created[m     | client_key: 0x00000008, subscriber_id: 0x806(4), participant_id: 0x001(1)
[35m[1785138953.299567][m info     | [34mProxyClient.cpp   [m | [37mcreate_datareader       [m | [32mdatareader created[m     | client_key: 0x00000008, datareader_id: 0x806(6), subscriber_id: 0x806(4)
[35m[1785138953.299658][m info     | [34mProxyClient.cpp   [m | [37mcreate_topic            [m | [32mtopic created[m          | client_key: 0x00000008, topic_id: 0x807(2), participant_id: 0x001(1)
[35m[1785138953.299670][m info     | [34mProxyClient.cpp   [m | [37mcreate_subscriber       [m | [32msubscriber created[m     | client_key: 0x00000008, subscriber_id: 0x807(4), participant_id: 0x001(1)
[35m[1785138953.300037][m info     | [34mProxyClient.cpp   [m | [37mcreate_datareader       [m | [32mdatareader created[m     | client_key: 0x00000008, datareader_id: 0x807(6), subscriber_id: 0x807(4)
[35m[1785138953.300149][m info     | [34mProxyClient.cpp   [m | [37mcreate_topic            [m | [32mtopic created[m          | client_key: 0x00000008, topic_id: 0x808(2), participant_id: 0x001(1)
[35m[1785138953.300169][m info     | [34mProxyClient.cpp   [m | [37mcreate_subscriber       [m | [32msubscriber created[m     | client_key: 0x00000008, subscriber_id: 0x808(4), participant_id: 0x001(1)
[35m[1785138953.300447][m info     | [34mProxyClient.cpp   [m | [37mcreate_datareader       [m | [32mdatareader created[m     | client_key: 0x00000008, datareader_id: 0x808(6), subscriber_id: 0x808(4)
[35m[1785138953.300532][m info     | [34mProxyClient.cpp   [m | [37mcreate_topic            [m | [32mtopic created[m          | client_key: 0x00000008, topic_id: 0x809(2), participant_id: 0x001(1)
[35m[1785138953.300558][m info     | [34mProxyClient.cpp   [m | [37mcreate_subscriber       [m | [32msubscriber created[m     | client_key: 0x00000008, subscriber_id: 0x809(4), participant_id: 0x001(1)
[35m[1785138953.300818][m info     | [34mProxyClient.cpp   [m | [37mcreate_datareader       [m | [32mdatareader created[m     | client_key: 0x00000008, datareader_id: 0x809(6), subscriber_id: 0x809(4)
[35m[1785138953.300907][m info     | [34mProxyClient.cpp   [m | [37mcreate_topic            [m | [32mtopic created[m          | client_key: 0x00000008, topic_id: 0x80A(2), participant_id: 0x001(1)
[35m[1785138953.300928][m info     | [34mProxyClient.cpp   [m | [37mcreate_subscriber       [m | [32msubscriber created[m     | client_key: 0x00000008, subscriber_id: 0x80A(4), participant_id: 0x001(1)
[35m[1785138953.301187][m info     | [34mProxyClient.cpp   [m | [37mcreate_datareader       [m | [32mdatareader created[m     | client_key: 0x00000008, datareader_id: 0x80A(6), subscriber_id: 0x80A(4)
[35m[1785138953.301277][m info     | [34mProxyClient.cpp   [m | [37mcreate_topic            [m | [32mtopic created[m          | client_key: 0x00000008, topic_id: 0x80B(2), participant_id: 0x001(1)
[35m[1785138953.301298][m info     | [34mProxyClient.cpp   [m | [37mcreate_subscriber       [m | [32msubscriber created[m     | client_key: 0x00000008, subscriber_id: 0x80B(4), participant_id: 0x001(1)
[35m[1785138953.301560][m info     | [34mProxyClient.cpp   [m | [37mcreate_datareader       [m | [32mdatareader created[m     | client_key: 0x00000008, datareader_id: 0x80B(6), subscriber_id: 0x80B(4)
[35m[1785138953.301644][m info     | [34mProxyClient.cpp   [m | [37mcreate_topic            [m | [32mtopic created[m          | client_key: 0x00000008, topic_id: 0x80C(2), participant_id: 0x001(1)
[35m[1785138953.301665][m info     | [34mProxyClient.cpp   [m | [37mcreate_subscriber       [m | [32msubscriber created[m     | client_key: 0x00000008, subscriber_id: 0x80C(4), participant_id: 0x001(1)
[35m[1785138953.301993][m info     | [34mProxyClient.cpp   [m | [37mcreate_datareader       [m | [32mdatareader created[m     | client_key: 0x00000008, datareader_id: 0x80C(6), subscriber_id: 0x80C(4)
[35m[1785138953.302101][m info     | [34mProxyClient.cpp   [m | [37mcreate_topic            [m | [32mtopic created[m          | client_key: 0x00000008, topic_id: 0x80D(2), participant_id: 0x001(1)
[35m[1785138953.302114][m info     | [34mProxyClient.cpp   [m | [37mcreate_subscriber       [m | [32msubscriber created[m     | client_key: 0x00000008, subscriber_id: 0x80D(4), participant_id: 0x001(1)
[35m[1785138953.302501][m info     | [34mProxyClient.cpp   [m | [37mcreate_datareader       [m | [32mdatareader created[m     | client_key: 0x00000008, datareader_id: 0x80D(6), subscriber_id: 0x80D(4)
[35m[1785138953.302627][m info     | [34mProxyClient.cpp   [m | [37mcreate_topic            [m | [32mtopic created[m          | client_key: 0x00000008, topic_id: 0x80E(2), participant_id: 0x001(1)
[35m[1785138953.302651][m info     | [34mProxyClient.cpp   [m | [37mcreate_subscriber       [m | [32msubscriber created[m     | client_key: 0x00000008, subscriber_id: 0x80E(4), participant_id: 0x001(1)
[35m[1785138953.302909][m info     | [34mProxyClient.cpp   [m | [37mcreate_datareader       [m | [32mdatareader created[m     | client_key: 0x00000008, datareader_id: 0x80E(6), subscriber_id: 0x80E(4)
[35m[1785138953.302999][m info     | [34mProxyClient.cpp   [m | [37mcreate_topic            [m | [32mtopic created[m          | client_key: 0x00000008, topic_id: 0x80F(2), participant_id: 0x001(1)
[35m[1785138953.303017][m info     | [34mProxyClient.cpp   [m | [37mcreate_subscriber       [m | [32msubscriber created[m     | client_key: 0x00000008, subscriber_id: 0x80F(4), participant_id: 0x001(1)
[35m[1785138953.303265][m info     | [34mProxyClient.cpp   [m | [37mcreate_datareader       [m | [32mdatareader created[m     | client_key: 0x00000008, datareader_id: 0x80F(6), subscriber_id: 0x80F(4)
[35m[1785138953.303355][m info     | [34mProxyClient.cpp   [m | [37mcreate_topic            [m | [32mtopic created[m          | client_key: 0x00000008, topic_id: 0x810(2), participant_id: 0x001(1)
[35m[1785138953.303367][m info     | [34mProxyClient.cpp   [m | [37mcreate_subscriber       [m | [32msubscriber created[m     | client_key: 0x00000008, subscriber_id: 0x810(4), participant_id: 0x001(1)
[35m[1785138953.303598][m info     | [34mProxyClient.cpp   [m | [37mcreate_datareader       [m | [32mdatareader created[m     | client_key: 0x00000008, datareader_id: 0x810(6), subscriber_id: 0x810(4)
[35m[1785138953.303676][m info     | [34mProxyClient.cpp   [m | [37mcreate_topic            [m | [32mtopic created[m          | client_key: 0x00000008, topic_id: 0x811(2), participant_id: 0x001(1)
[35m[1785138953.303689][m info     | [34mProxyClient.cpp   [m | [37mcreate_subscriber       [m | [32msubscriber created[m     | client_key: 0x00000008, subscriber_id: 0x811(4), participant_id: 0x001(1)
[35m[1785138953.303925][m info     | [34mProxyClient.cpp   [m | [37mcreate_datareader       [m | [32mdatareader created[m     | client_key: 0x00000008, datareader_id: 0x811(6), subscriber_id: 0x811(4)
[35m[1785138953.304010][m info     | [34mProxyClient.cpp   [m | [37mcreate_topic            [m | [32mtopic created[m          | client_key: 0x00000008, topic_id: 0x812(2), participant_id: 0x001(1)
[35m[1785138953.304023][m info     | [34mProxyClient.cpp   [m | [37mcreate_subscriber       [m | [32msubscriber created[m     | client_key: 0x00000008, subscriber_id: 0x812(4), participant_id: 0x001(1)
[35m[1785138953.304258][m info     | [34mProxyClient.cpp   [m | [37mcreate_datareader       [m | [32mdatareader created[m     | client_key: 0x00000008, datareader_id: 0x812(6), subscriber_id: 0x812(4)
[35m[1785138953.304341][m info     | [34mProxyClient.cpp   [m | [37mcreate_topic            [m | [32mtopic created[m          | client_key: 0x00000008, topic_id: 0x813(2), participant_id: 0x001(1)
[35m[1785138953.304356][m info     | [34mProxyClient.cpp   [m | [37mcreate_subscriber       [m | [32msubscriber created[m     | client_key: 0x00000008, subscriber_id: 0x813(4), participant_id: 0x001(1)
[35m[1785138953.304587][m info     | [34mProxyClient.cpp   [m | [37mcreate_datareader       [m | [32mdatareader created[m     | client_key: 0x00000008, datareader_id: 0x813(6), subscriber_id: 0x813(4)
[35m[1785138953.304667][m info     | [34mProxyClient.cpp   [m | [37mcreate_topic            [m | [32mtopic created[m          | client_key: 0x00000008, topic_id: 0x814(2), participant_id: 0x001(1)
[35m[1785138953.304686][m info     | [34mProxyClient.cpp   [m | [37mcreate_subscriber       [m | [32msubscriber created[m     | client_key: 0x00000008, subscriber_id: 0x814(4), participant_id: 0x001(1)
[35m[1785138953.304946][m info     | [34mProxyClient.cpp   [m | [37mcreate_datareader       [m | [32mdatareader created[m     | client_key: 0x00000008, datareader_id: 0x814(6), subscriber_id: 0x814(4)
[35m[1785138953.305027][m info     | [34mProxyClient.cpp   [m | [37mcreate_topic            [m | [32mtopic created[m          | client_key: 0x00000008, topic_id: 0x815(2), participant_id: 0x001(1)
[35m[1785138953.305039][m info     | [34mProxyClient.cpp   [m | [37mcreate_subscriber       [m | [32msubscriber created[m     | client_key: 0x00000008, subscriber_id: 0x815(4), participant_id: 0x001(1)
[35m[1785138953.305276][m info     | [34mProxyClient.cpp   [m | [37mcreate_datareader       [m | [32mdatareader created[m     | client_key: 0x00000008, datareader_id: 0x815(6), subscriber_id: 0x815(4)
[35m[1785138953.305360][m info     | [34mProxyClient.cpp   [m | [37mcreate_topic            [m | [32mtopic created[m          | client_key: 0x00000008, topic_id: 0x816(2), participant_id: 0x001(1)
[35m[1785138953.305372][m info     | [34mProxyClient.cpp   [m | [37mcreate_subscriber       [m | [32msubscriber created[m     | client_key: 0x00000008, subscriber_id: 0x816(4), participant_id: 0x001(1)
[35m[1785138953.305596][m info     | [34mProxyClient.cpp   [m | [37mcreate_datareader       [m | [32mdatareader created[m     | client_key: 0x00000008, datareader_id: 0x816(6), subscriber_id: 0x816(4)
[35m[1785138953.305679][m info     | [34mProxyClient.cpp   [m | [37mcreate_topic            [m | [32mtopic created[m          | client_key: 0x00000008, topic_id: 0x817(2), participant_id: 0x001(1)
[35m[1785138953.305691][m info     | [34mProxyClient.cpp   [m | [37mcreate_subscriber       [m | [32msubscriber created[m     | client_key: 0x00000008, subscriber_id: 0x817(4), participant_id: 0x001(1)
[35m[1785138953.306050][m info     | [34mProxyClient.cpp   [m | [37mcreate_datareader       [m | [32mdatareader created[m     | client_key: 0x00000008, datareader_id: 0x817(6), subscriber_id: 0x817(4)
[35m[1785138953.306154][m info     | [34mProxyClient.cpp   [m | [37mcreate_topic            [m | [32mtopic created[m          | client_key: 0x00000008, topic_id: 0x818(2), participant_id: 0x001(1)
[35m[1785138953.306209][m info     | [34mProxyClient.cpp   [m | [37mcreate_subscriber       [m | [32msubscriber created[m     | client_key: 0x00000008, subscriber_id: 0x818(4), participant_id: 0x001(1)
[35m[1785138953.306458][m info     | [34mProxyClient.cpp   [m | [37mcreate_datareader       [m | [32mdatareader created[m     | client_key: 0x00000008, datareader_id: 0x818(6), subscriber_id: 0x818(4)
[35m[1785138953.306535][m info     | [34mProxyClient.cpp   [m | [37mcreate_topic            [m | [32mtopic created[m          | client_key: 0x00000008, topic_id: 0x819(2), participant_id: 0x001(1)
[35m[1785138953.306551][m info     | [34mProxyClient.cpp   [m | [37mcreate_subscriber       [m | [32msubscriber created[m     | client_key: 0x00000008, subscriber_id: 0x819(4), participant_id: 0x001(1)
[35m[1785138953.306790][m info     | [34mProxyClient.cpp   [m | [37mcreate_datareader       [m | [32mdatareader created[m     | client_key: 0x00000008, datareader_id: 0x819(6), subscriber_id: 0x819(4)
[35m[1785138953.306879][m info     | [34mProxyClient.cpp   [m | [37mcreate_topic            [m | [32mtopic created[m          | client_key: 0x00000008, topic_id: 0x81A(2), participant_id: 0x001(1)
[35m[1785138953.306895][m info     | [34mProxyClient.cpp   [m | [37mcreate_subscriber       [m | [32msubscriber created[m     | client_key: 0x00000008, subscriber_id: 0x81A(4), participant_id: 0x001(1)
[35m[1785138953.307156][m info     | [34mProxyClient.cpp   [m | [37mcreate_datareader       [m | [32mdatareader created[m     | client_key: 0x00000008, datareader_id: 0x81A(6), subscriber_id: 0x81A(4)
[35m[1785138953.307245][m info     | [34mProxyClient.cpp   [m | [37mcreate_topic            [m | [32mtopic created[m          | client_key: 0x00000008, topic_id: 0x81B(2), participant_id: 0x001(1)
[35m[1785138953.307263][m info     | [34mProxyClient.cpp   [m | [37mcreate_subscriber       [m | [32msubscriber created[m     | client_key: 0x00000008, subscriber_id: 0x81B(4), participant_id: 0x001(1)
[35m[1785138953.307507][m info     | [34mProxyClient.cpp   [m | [37mcreate_datareader       [m | [32mdatareader created[m     | client_key: 0x00000008, datareader_id: 0x81B(6), subscriber_id: 0x81B(4)
[35m[1785138953.307584][m info     | [34mProxyClient.cpp   [m | [37mcreate_topic            [m | [32mtopic created[m          | client_key: 0x00000008, topic_id: 0x81C(2), participant_id: 0x001(1)
[35m[1785138953.307600][m info     | [34mProxyClient.cpp   [m | [37mcreate_subscriber       [m | [32msubscriber created[m     | client_key: 0x00000008, subscriber_id: 0x81C(4), participant_id: 0x001(1)
[35m[1785138953.307834][m info     | [34mProxyClient.cpp   [m | [37mcreate_datareader       [m | [32mdatareader created[m     | client_key: 0x00000008, datareader_id: 0x81C(6), subscriber_id: 0x81C(4)
[35m[1785138953.308528][m info     | [34mProxyClient.cpp   [m | [37mcreate_replier          [m | [32mreplier created[m        | client_key: 0x00000008, requester_id: 0x800(7), participant_id: 0x001(1)
[35m[1785138953.835856][m info     | [34mRoot.cpp          [m | [37mcreate_client           [m | [32mcreate[m                 | client_key: 0x00000009, session_id: 0x81
[35m[1785138953.835879][m info     | [34mSessionManager.hpp[m | [37mestablish_session       [m | [32msession established[m    | client_key: 0x00000009, address: 127.0.0.1:6302
[35m[1785138953.837926][m info     | [34mProxyClient.cpp   [m | [37mcreate_participant      [m | [32mparticipant created[m    | client_key: 0x00000009, participant_id: 0x001(1)
[35m[1785138953.838080][m info     | [34mProxyClient.cpp   [m | [37mcreate_topic            [m | [32mtopic created[m          | client_key: 0x00000009, topic_id: 0x800(2), participant_id: 0x001(1)
[35m[1785138953.838115][m info     | [34mProxyClient.cpp   [m | [37mcreate_subscriber       [m | [32msubscriber created[m     | client_key: 0x00000009, subscriber_id: 0x800(4), participant_id: 0x001(1)
[35m[1785138953.838431][m info     | [34mProxyClient.cpp   [m | [37mcreate_datareader       [m | [32mdatareader created[m     | client_key: 0x00000009, datareader_id: 0x800(6), subscriber_id: 0x800(4)
[35m[1785138953.838536][m info     | [34mProxyClient.cpp   [m | [37mcreate_topic            [m | [32mtopic created[m          | client_key: 0x00000009, topic_id: 0x801(2), participant_id: 0x001(1)
[35m[1785138953.838562][m info     | [34mProxyClient.cpp   [m | [37mcreate_subscriber       [m | [32msubscriber created[m     | client_key: 0x00000009, subscriber_id: 0x801(4), participant_id: 0x001(1)
[35m[1785138953.838819][m info     | [34mProxyClient.cpp   [m | [37mcreate_datareader       [m | [32mdatareader created[m     | client_key: 0x00000009, datareader_id: 0x801(6), subscriber_id: 0x801(4)
[35m[1785138953.838989][m info     | [34mProxyClient.cpp   [m | [37mcreate_topic            [m | [32mtopic created[m          | client_key: 0x00000009, topic_id: 0x802(2), participant_id: 0x001(1)
[35m[1785138953.839029][m info     | [34mProxyClient.cpp   [m | [37mcreate_subscriber       [m | [32msubscriber created[m     | client_key: 0x00000009, subscriber_id: 0x802(4), participant_id: 0x001(1)
[35m[1785138953.839382][m info     | [34mProxyClient.cpp   [m | [37mcreate_datareader       [m | [32mdatareader created[m     | client_key: 0x00000009, datareader_id: 0x802(6), subscriber_id: 0x802(4)
[35m[1785138953.839505][m info     | [34mProxyClient.cpp   [m | [37mcreate_topic            [m | [32mtopic created[m          | client_key: 0x00000009, topic_id: 0x803(2), participant_id: 0x001(1)
[35m[1785138953.839524][m info     | [34mProxyClient.cpp   [m | [37mcreate_subscriber       [m | [32msubscriber created[m     | client_key: 0x00000009, subscriber_id: 0x803(4), participant_id: 0x001(1)
[35m[1785138953.839806][m info     | [34mProxyClient.cpp   [m | [37mcreate_datareader       [m | [32mdatareader created[m     | client_key: 0x00000009, datareader_id: 0x803(6), subscriber_id: 0x803(4)
[35m[1785138953.839944][m info     | [34mProxyClient.cpp   [m | [37mcreate_topic            [m | [32mtopic created[m          | client_key: 0x00000009, topic_id: 0x804(2), participant_id: 0x001(1)
[35m[1785138953.839959][m info     | [34mProxyClient.cpp   [m | [37mcreate_subscriber       [m | [32msubscriber created[m     | client_key: 0x00000009, subscriber_id: 0x804(4), participant_id: 0x001(1)
[35m[1785138953.840396][m info     | [34mProxyClient.cpp   [m | [37mcreate_datareader       [m | [32mdatareader created[m     | client_key: 0x00000009, datareader_id: 0x804(6), subscriber_id: 0x804(4)
[35m[1785138953.840544][m info     | [34mProxyClient.cpp   [m | [37mcreate_topic            [m | [32mtopic created[m          | client_key: 0x00000009, topic_id: 0x805(2), participant_id: 0x001(1)
[35m[1785138953.840577][m info     | [34mProxyClient.cpp   [m | [37mcreate_subscriber       [m | [32msubscriber created[m     | client_key: 0x00000009, subscriber_id: 0x805(4), participant_id: 0x001(1)
[35m[1785138953.840943][m info     | [34mProxyClient.cpp   [m | [37mcreate_datareader       [m | [32mdatareader created[m     | client_key: 0x00000009, datareader_id: 0x805(6), subscriber_id: 0x805(4)
[35m[1785138953.841042][m info     | [34mProxyClient.cpp   [m | [37mcreate_topic            [m | [32mtopic created[m          | client_key: 0x00000009, topic_id: 0x806(2), participant_id: 0x001(1)
[35m[1785138953.841064][m info     | [34mProxyClient.cpp   [m | [37mcreate_subscriber       [m | [32msubscriber created[m     | client_key: 0x00000009, subscriber_id: 0x806(4), participant_id: 0x001(1)
[35m[1785138953.841375][m info     | [34mProxyClient.cpp   [m | [37mcreate_datareader       [m | [32mdatareader created[m     | client_key: 0x00000009, datareader_id: 0x806(6), subscriber_id: 0x806(4)
[35m[1785138953.841502][m info     | [34mProxyClient.cpp   [m | [37mcreate_topic            [m | [32mtopic created[m          | client_key: 0x00000009, topic_id: 0x807(2), participant_id: 0x001(1)
[35m[1785138953.841517][m info     | [34mProxyClient.cpp   [m | [37mcreate_subscriber       [m | [32msubscriber created[m     | client_key: 0x00000009, subscriber_id: 0x807(4), participant_id: 0x001(1)
[35m[1785138953.841862][m info     | [34mProxyClient.cpp   [m | [37mcreate_datareader       [m | [32mdatareader created[m     | client_key: 0x00000009, datareader_id: 0x807(6), subscriber_id: 0x807(4)
[35m[1785138953.841970][m info     | [34mProxyClient.cpp   [m | [37mcreate_topic            [m | [32mtopic created[m          | client_key: 0x00000009, topic_id: 0x808(2), participant_id: 0x001(1)
[35m[1785138953.841990][m info     | [34mProxyClient.cpp   [m | [37mcreate_subscriber       [m | [32msubscriber created[m     | client_key: 0x00000009, subscriber_id: 0x808(4), participant_id: 0x001(1)
[35m[1785138953.842312][m info     | [34mProxyClient.cpp   [m | [37mcreate_datareader       [m | [32mdatareader created[m     | client_key: 0x00000009, datareader_id: 0x808(6), subscriber_id: 0x808(4)
[35m[1785138953.842437][m info     | [34mProxyClient.cpp   [m | [37mcreate_topic            [m | [32mtopic created[m          | client_key: 0x00000009, topic_id: 0x809(2), participant_id: 0x001(1)
[35m[1785138953.842456][m info     | [34mProxyClient.cpp   [m | [37mcreate_subscriber       [m | [32msubscriber created[m     | client_key: 0x00000009, subscriber_id: 0x809(4), participant_id: 0x001(1)
[35m[1785138953.842785][m info     | [34mProxyClient.cpp   [m | [37mcreate_datareader       [m | [32mdatareader created[m     | client_key: 0x00000009, datareader_id: 0x809(6), subscriber_id: 0x809(4)
[35m[1785138953.842932][m info     | [34mProxyClient.cpp   [m | [37mcreate_topic            [m | [32mtopic created[m          | client_key: 0x00000009, topic_id: 0x80A(2), participant_id: 0x001(1)
[35m[1785138953.842952][m info     | [34mProxyClient.cpp   [m | [37mcreate_subscriber       [m | [32msubscriber created[m     | client_key: 0x00000009, subscriber_id: 0x80A(4), participant_id: 0x001(1)
[35m[1785138953.843364][m info     | [34mProxyClient.cpp   [m | [37mcreate_datareader       [m | [32mdatareader created[m     | client_key: 0x00000009, datareader_id: 0x80A(6), subscriber_id: 0x80A(4)
[35m[1785138953.843456][m info     | [34mProxyClient.cpp   [m | [37mcreate_topic            [m | [32mtopic created[m          | client_key: 0x00000009, topic_id: 0x80B(2), participant_id: 0x001(1)
[35m[1785138953.843476][m info     | [34mProxyClient.cpp   [m | [37mcreate_subscriber       [m | [32msubscriber created[m     | client_key: 0x00000009, subscriber_id: 0x80B(4), participant_id: 0x001(1)
[35m[1785138953.843748][m info     | [34mProxyClient.cpp   [m | [37mcreate_datareader       [m | [32mdatareader created[m     | client_key: 0x00000009, datareader_id: 0x80B(6), subscriber_id: 0x80B(4)
[35m[1785138953.843826][m info     | [34mProxyClient.cpp   [m | [37mcreate_topic            [m | [32mtopic created[m          | client_key: 0x00000009, topic_id: 0x80C(2), participant_id: 0x001(1)
[35m[1785138953.843844][m info     | [34mProxyClient.cpp   [m | [37mcreate_subscriber       [m | [32msubscriber created[m     | client_key: 0x00000009, subscriber_id: 0x80C(4), participant_id: 0x001(1)
[35m[1785138953.844087][m info     | [34mProxyClient.cpp   [m | [37mcreate_datareader       [m | [32mdatareader created[m     | client_key: 0x00000009, datareader_id: 0x80C(6), subscriber_id: 0x80C(4)
[35m[1785138953.844181][m info     | [34mProxyClient.cpp   [m | [37mcreate_topic            [m | [32mtopic created[m          | client_key: 0x00000009, topic_id: 0x80D(2), participant_id: 0x001(1)
[35m[1785138953.844198][m info     | [34mProxyClient.cpp   [m | [37mcreate_subscriber       [m | [32msubscriber created[m     | client_key: 0x00000009, subscriber_id: 0x80D(4), participant_id: 0x001(1)
[35m[1785138953.844491][m info     | [34mProxyClient.cpp   [m | [37mcreate_datareader       [m | [32mdatareader created[m     | client_key: 0x00000009, datareader_id: 0x80D(6), subscriber_id: 0x80D(4)
[35m[1785138953.844622][m info     | [34mProxyClient.cpp   [m | [37mcreate_topic            [m | [32mtopic created[m          | client_key: 0x00000009, topic_id: 0x80E(2), participant_id: 0x001(1)
[35m[1785138953.844642][m info     | [34mProxyClient.cpp   [m | [37mcreate_subscriber       [m | [32msubscriber created[m     | client_key: 0x00000009, subscriber_id: 0x80E(4), participant_id: 0x001(1)
[35m[1785138953.844935][m info     | [34mProxyClient.cpp   [m | [37mcreate_datareader       [m | [32mdatareader created[m     | client_key: 0x00000009, datareader_id: 0x80E(6), subscriber_id: 0x80E(4)
[35m[1785138953.845034][m info     | [34mProxyClient.cpp   [m | [37mcreate_topic            [m | [32mtopic created[m          | client_key: 0x00000009, topic_id: 0x80F(2), participant_id: 0x001(1)
[35m[1785138953.845056][m info     | [34mProxyClient.cpp   [m | [37mcreate_subscriber       [m | [32msubscriber created[m     | client_key: 0x00000009, subscriber_id: 0x80F(4), participant_id: 0x001(1)
[35m[1785138953.845326][m info     | [34mProxyClient.cpp   [m | [37mcreate_datareader       [m | [32mdatareader created[m     | client_key: 0x00000009, datareader_id: 0x80F(6), subscriber_id: 0x80F(4)
[35m[1785138953.845460][m info     | [34mProxyClient.cpp   [m | [37mcreate_topic            [m | [32mtopic created[m          | client_key: 0x00000009, topic_id: 0x810(2), participant_id: 0x001(1)
[35m[1785138953.845484][m info     | [34mProxyClient.cpp   [m | [37mcreate_subscriber       [m | [32msubscriber created[m     | client_key: 0x00000009, subscriber_id: 0x810(4), participant_id: 0x001(1)
[35m[1785138953.845769][m info     | [34mProxyClient.cpp   [m | [37mcreate_datareader       [m | [32mdatareader created[m     | client_key: 0x00000009, datareader_id: 0x810(6), subscriber_id: 0x810(4)
[35m[1785138953.845865][m info     | [34mProxyClient.cpp   [m | [37mcreate_topic            [m | [32mtopic created[m          | client_key: 0x00000009, topic_id: 0x811(2), participant_id: 0x001(1)
[35m[1785138953.845879][m info     | [34mProxyClient.cpp   [m | [37mcreate_subscriber       [m | [32msubscriber created[m     | client_key: 0x00000009, subscriber_id: 0x811(4), participant_id: 0x001(1)
[35m[1785138953.846151][m info     | [34mProxyClient.cpp   [m | [37mcreate_datareader       [m | [32mdatareader created[m     | client_key: 0x00000009, datareader_id: 0x811(6), subscriber_id: 0x811(4)
[35m[1785138953.846234][m info     | [34mProxyClient.cpp   [m | [37mcreate_topic            [m | [32mtopic created[m          | client_key: 0x00000009, topic_id: 0x812(2), participant_id: 0x001(1)
[35m[1785138953.846246][m info     | [34mProxyClient.cpp   [m | [37mcreate_subscriber       [m | [32msubscriber created[m     | client_key: 0x00000009, subscriber_id: 0x812(4), participant_id: 0x001(1)
[35m[1785138953.846494][m info     | [34mProxyClient.cpp   [m | [37mcreate_datareader       [m | [32mdatareader created[m     | client_key: 0x00000009, datareader_id: 0x812(6), subscriber_id: 0x812(4)
[35m[1785138953.846566][m info     | [34mProxyClient.cpp   [m | [37mcreate_topic            [m | [32mtopic created[m          | client_key: 0x00000009, topic_id: 0x813(2), participant_id: 0x001(1)
[35m[1785138953.846585][m info     | [34mProxyClient.cpp   [m | [37mcreate_subscriber       [m | [32msubscriber created[m     | client_key: 0x00000009, subscriber_id: 0x813(4), participant_id: 0x001(1)
[35m[1785138953.846867][m info     | [34mProxyClient.cpp   [m | [37mcreate_datareader       [m | [32mdatareader created[m     | client_key: 0x00000009, datareader_id: 0x813(6), subscriber_id: 0x813(4)
[35m[1785138953.846946][m info     | [34mProxyClient.cpp   [m | [37mcreate_topic            [m | [32mtopic created[m          | client_key: 0x00000009, topic_id: 0x814(2), participant_id: 0x001(1)
[35m[1785138953.846957][m info     | [34mProxyClient.cpp   [m | [37mcreate_subscriber       [m | [32msubscriber created[m     | client_key: 0x00000009, subscriber_id: 0x814(4), participant_id: 0x001(1)
[35m[1785138953.847255][m info     | [34mProxyClient.cpp   [m | [37mcreate_datareader       [m | [32mdatareader created[m     | client_key: 0x00000009, datareader_id: 0x814(6), subscriber_id: 0x814(4)
[35m[1785138953.847365][m info     | [34mProxyClient.cpp   [m | [37mcreate_topic            [m | [32mtopic created[m          | client_key: 0x00000009, topic_id: 0x815(2), participant_id: 0x001(1)
[35m[1785138953.847386][m info     | [34mProxyClient.cpp   [m | [37mcreate_subscriber       [m | [32msubscriber created[m     | client_key: 0x00000009, subscriber_id: 0x815(4), participant_id: 0x001(1)
[35m[1785138953.847657][m info     | [34mProxyClient.cpp   [m | [37mcreate_datareader       [m | [32mdatareader created[m     | client_key: 0x00000009, datareader_id: 0x815(6), subscriber_id: 0x815(4)
[35m[1785138953.847738][m info     | [34mProxyClient.cpp   [m | [37mcreate_topic            [m | [32mtopic created[m          | client_key: 0x00000009, topic_id: 0x816(2), participant_id: 0x001(1)
[35m[1785138953.847750][m info     | [34mProxyClient.cpp   [m | [37mcreate_subscriber       [m | [32msubscriber created[m     | client_key: 0x00000009, subscriber_id: 0x816(4), participant_id: 0x001(1)
[35m[1785138953.848009][m info     | [34mProxyClient.cpp   [m | [37mcreate_datareader       [m | [32mdatareader created[m     | client_key: 0x00000009, datareader_id: 0x816(6), subscriber_id: 0x816(4)
[35m[1785138953.848083][m info     | [34mProxyClient.cpp   [m | [37mcreate_topic            [m | [32mtopic created[m          | client_key: 0x00000009, topic_id: 0x817(2), participant_id: 0x001(1)
[35m[1785138953.848099][m info     | [34mProxyClient.cpp   [m | [37mcreate_subscriber       [m | [32msubscriber created[m     | client_key: 0x00000009, subscriber_id: 0x817(4), participant_id: 0x001(1)
[35m[1785138953.848421][m info     | [34mProxyClient.cpp   [m | [37mcreate_datareader       [m | [32mdatareader created[m     | client_key: 0x00000009, datareader_id: 0x817(6), subscriber_id: 0x817(4)
[35m[1785138953.848537][m info     | [34mProxyClient.cpp   [m | [37mcreate_topic            [m | [32mtopic created[m          | client_key: 0x00000009, topic_id: 0x818(2), participant_id: 0x001(1)
[35m[1785138953.848550][m info     | [34mProxyClient.cpp   [m | [37mcreate_subscriber       [m | [32msubscriber created[m     | client_key: 0x00000009, subscriber_id: 0x818(4), participant_id: 0x001(1)
[35m[1785138953.848813][m info     | [34mProxyClient.cpp   [m | [37mcreate_datareader       [m | [32mdatareader created[m     | client_key: 0x00000009, datareader_id: 0x818(6), subscriber_id: 0x818(4)
[35m[1785138953.848895][m info     | [34mProxyClient.cpp   [m | [37mcreate_topic            [m | [32mtopic created[m          | client_key: 0x00000009, topic_id: 0x819(2), participant_id: 0x001(1)
[35m[1785138953.848912][m info     | [34mProxyClient.cpp   [m | [37mcreate_subscriber       [m | [32msubscriber created[m     | client_key: 0x00000009, subscriber_id: 0x819(4), participant_id: 0x001(1)
[35m[1785138953.849178][m info     | [34mProxyClient.cpp   [m | [37mcreate_datareader       [m | [32mdatareader created[m     | client_key: 0x00000009, datareader_id: 0x819(6), subscriber_id: 0x819(4)
[35m[1785138953.849271][m info     | [34mProxyClient.cpp   [m | [37mcreate_topic            [m | [32mtopic created[m          | client_key: 0x00000009, topic_id: 0x81A(2), participant_id: 0x001(1)
[35m[1785138953.849290][m info     | [34mProxyClient.cpp   [m | [37mcreate_subscriber       [m | [32msubscriber created[m     | client_key: 0x00000009, subscriber_id: 0x81A(4), participant_id: 0x001(1)
[35m[1785138953.849539][m info     | [34mProxyClient.cpp   [m | [37mcreate_datareader       [m | [32mdatareader created[m     | client_key: 0x00000009, datareader_id: 0x81A(6), subscriber_id: 0x81A(4)
[35m[1785138953.849623][m info     | [34mProxyClient.cpp   [m | [37mcreate_topic            [m | [32mtopic created[m          | client_key: 0x00000009, topic_id: 0x81B(2), participant_id: 0x001(1)
[35m[1785138953.849636][m info     | [34mProxyClient.cpp   [m | [37mcreate_subscriber       [m | [32msubscriber created[m     | client_key: 0x00000009, subscriber_id: 0x81B(4), participant_id: 0x001(1)
[35m[1785138953.849877][m info     | [34mProxyClient.cpp   [m | [37mcreate_datareader       [m | [32mdatareader created[m     | client_key: 0x00000009, datareader_id: 0x81B(6), subscriber_id: 0x81B(4)
[35m[1785138953.849960][m info     | [34mProxyClient.cpp   [m | [37mcreate_topic            [m | [32mtopic created[m          | client_key: 0x00000009, topic_id: 0x81C(2), participant_id: 0x001(1)
[35m[1785138953.849977][m info     | [34mProxyClient.cpp   [m | [37mcreate_subscriber       [m | [32msubscriber created[m     | client_key: 0x00000009, subscriber_id: 0x81C(4), participant_id: 0x001(1)
[35m[1785138953.850225][m info     | [34mProxyClient.cpp   [m | [37mcreate_datareader       [m | [32mdatareader created[m     | client_key: 0x00000009, datareader_id: 0x81C(6), subscriber_id: 0x81C(4)
[35m[1785138953.850897][m info     | [34mProxyClient.cpp   [m | [37mcreate_replier          [m | [32mreplier created[m        | client_key: 0x00000009, requester_id: 0x800(7), participant_id: 0x001(1)
[35m[1785138956.584564][m info     | [34mProxyClient.cpp   [m | [37mcreate_topic            [m | [32mtopic created[m          | client_key: 0x00000002, topic_id: 0x013(2), participant_id: 0x001(1)
[35m[1785138956.584645][m info     | [34mProxyClient.cpp   [m | [37mcreate_publisher        [m | [32mpublisher created[m      | client_key: 0x00000002, publisher_id: 0x013(3), participant_id: 0x001(1)
[35m[1785138956.585253][m info     | [34mProxyClient.cpp   [m | [37mcreate_datawriter       [m | [32mdatawriter created[m     | client_key: 0x00000002, datawriter_id: 0x013(5), publisher_id: 0x013(3)
[35m[1785138956.585355][m info     | [34mProxyClient.cpp   [m | [37mcreate_topic            [m | [32mtopic created[m          | client_key: 0x00000002, topic_id: 0x057(2), participant_id: 0x001(1)
[35m[1785138956.585369][m info     | [34mProxyClient.cpp   [m | [37mcreate_publisher        [m | [32mpublisher created[m      | client_key: 0x00000002, publisher_id: 0x057(3), participant_id: 0x001(1)
[35m[1785138956.585667][m info     | [34mProxyClient.cpp   [m | [37mcreate_datawriter       [m | [32mdatawriter created[m     | client_key: 0x00000002, datawriter_id: 0x057(5), publisher_id: 0x057(3)
[35m[1785138956.585718][m info     | [34mProxyClient.cpp   [m | [37mcreate_topic            [m | [32mtopic created[m          | client_key: 0x00000002, topic_id: 0x05D(2), participant_id: 0x001(1)
[35m[1785138956.585728][m info     | [34mProxyClient.cpp   [m | [37mcreate_publisher        [m | [32mpublisher created[m      | client_key: 0x00000002, publisher_id: 0x05D(3), participant_id: 0x001(1)
[35m[1785138956.585965][m info     | [34mProxyClient.cpp   [m | [37mcreate_datawriter       [m | [32mdatawriter created[m     | client_key: 0x00000002, datawriter_id: 0x05D(5), publisher_id: 0x05D(3)
[35m[1785138956.586010][m info     | [34mProxyClient.cpp   [m | [37mcreate_topic            [m | [32mtopic created[m          | client_key: 0x00000002, topic_id: 0x08D(2), participant_id: 0x001(1)
[35m[1785138956.586026][m info     | [34mProxyClient.cpp   [m | [37mcreate_publisher        [m | [32mpublisher created[m      | client_key: 0x00000002, publisher_id: 0x08D(3), participant_id: 0x001(1)
[35m[1785138956.586266][m info     | [34mProxyClient.cpp   [m | [37mcreate_datawriter       [m | [32mdatawriter created[m     | client_key: 0x00000002, datawriter_id: 0x08D(5), publisher_id: 0x08D(3)
[35m[1785138956.586315][m info     | [34mProxyClient.cpp   [m | [37mcreate_topic            [m | [32mtopic created[m          | client_key: 0x00000002, topic_id: 0x0B4(2), participant_id: 0x001(1)
[35m[1785138956.586332][m info     | [34mProxyClient.cpp   [m | [37mcreate_publisher        [m | [32mpublisher created[m      | client_key: 0x00000002, publisher_id: 0x0B4(3), participant_id: 0x001(1)
[35m[1785138956.586549][m info     | [34mProxyClient.cpp   [m | [37mcreate_datawriter       [m | [32mdatawriter created[m     | client_key: 0x00000002, datawriter_id: 0x0B4(5), publisher_id: 0x0B4(3)
[35m[1785138956.586594][m info     | [34mProxyClient.cpp   [m | [37mcreate_topic            [m | [32mtopic created[m          | client_key: 0x00000002, topic_id: 0x0CB(2), participant_id: 0x001(1)
[35m[1785138956.586610][m info     | [34mProxyClient.cpp   [m | [37mcreate_publisher        [m | [32mpublisher created[m      | client_key: 0x00000002, publisher_id: 0x0CB(3), participant_id: 0x001(1)
[35m[1785138956.586866][m info     | [34mProxyClient.cpp   [m | [37mcreate_datawriter       [m | [32mdatawriter created[m     | client_key: 0x00000002, datawriter_id: 0x0CB(5), publisher_id: 0x0CB(3)
[35m[1785138956.586916][m info     | [34mProxyClient.cpp   [m | [37mcreate_topic            [m | [32mtopic created[m          | client_key: 0x00000002, topic_id: 0x0E2(2), participant_id: 0x001(1)
[35m[1785138956.586925][m info     | [34mProxyClient.cpp   [m | [37mcreate_publisher        [m | [32mpublisher created[m      | client_key: 0x00000002, publisher_id: 0x0E2(3), participant_id: 0x001(1)
[35m[1785138956.587143][m info     | [34mProxyClient.cpp   [m | [37mcreate_datawriter       [m | [32mdatawriter created[m     | client_key: 0x00000002, datawriter_id: 0x0E2(5), publisher_id: 0x0E2(3)
[35m[1785138956.587215][m info     | [34mProxyClient.cpp   [m | [37mcreate_topic            [m | [32mtopic created[m          | client_key: 0x00000002, topic_id: 0x0F2(2), participant_id: 0x001(1)
[35m[1785138956.587232][m info     | [34mProxyClient.cpp   [m | [37mcreate_publisher        [m | [32mpublisher created[m      | client_key: 0x00000002, publisher_id: 0x0F2(3), participant_id: 0x001(1)
[35m[1785138956.587436][m info     | [34mProxyClient.cpp   [m | [37mcreate_datawriter       [m | [32mdatawriter created[m     | client_key: 0x00000002, datawriter_id: 0x0F2(5), publisher_id: 0x0F2(3)
[35m[1785138956.587495][m info     | [34mProxyClient.cpp   [m | [37mcreate_topic            [m | [32mtopic created[m          | client_key: 0x00000002, topic_id: 0x0F9(2), participant_id: 0x001(1)
[35m[1785138956.587505][m info     | [34mProxyClient.cpp   [m | [37mcreate_publisher        [m | [32mpublisher created[m      | client_key: 0x00000002, publisher_id: 0x0F9(3), participant_id: 0x001(1)
[35m[1785138956.587696][m info     | [34mProxyClient.cpp   [m | [37mcreate_datawriter       [m | [32mdatawriter created[m     | client_key: 0x00000002, datawriter_id: 0x0F9(5), publisher_id: 0x0F9(3)
[35m[1785138956.587741][m info     | [34mProxyClient.cpp   [m | [37mcreate_topic            [m | [32mtopic created[m          | client_key: 0x00000002, topic_id: 0x0FA(2), participant_id: 0x001(1)
[35m[1785138956.587756][m info     | [34mProxyClient.cpp   [m | [37mcreate_publisher        [m | [32mpublisher created[m      | client_key: 0x00000002, publisher_id: 0x0FA(3), participant_id: 0x001(1)
[35m[1785138956.587942][m info     | [34mProxyClient.cpp   [m | [37mcreate_datawriter       [m | [32mdatawriter created[m     | client_key: 0x00000002, datawriter_id: 0x0FA(5), publisher_id: 0x0FA(3)
[35m[1785138956.587986][m info     | [34mProxyClient.cpp   [m | [37mcreate_topic            [m | [32mtopic created[m          | client_key: 0x00000002, topic_id: 0x0FC(2), participant_id: 0x001(1)
[35m[1785138956.588000][m info     | [34mProxyClient.cpp   [m | [37mcreate_publisher        [m | [32mpublisher created[m      | client_key: 0x00000002, publisher_id: 0x0FC(3), participant_id: 0x001(1)
[35m[1785138956.588199][m info     | [34mProxyClient.cpp   [m | [37mcreate_datawriter       [m | [32mdatawriter created[m     | client_key: 0x00000002, datawriter_id: 0x0FC(5), publisher_id: 0x0FC(3)
[35m[1785138956.588329][m info     | [34mProxyClient.cpp   [m | [37mcreate_topic            [m | [32mtopic created[m          | client_key: 0x00000002, topic_id: 0x100(2), participant_id: 0x001(1)
[35m[1785138956.588368][m info     | [34mProxyClient.cpp   [m | [37mcreate_publisher        [m | [32mpublisher created[m      | client_key: 0x00000002, publisher_id: 0x100(3), participant_id: 0x001(1)
[35m[1785138956.588797][m info     | [34mProxyClient.cpp   [m | [37mcreate_datawriter       [m | [32mdatawriter created[m     | client_key: 0x00000002, datawriter_id: 0x100(5), publisher_id: 0x100(3)
[35m[1785138956.588881][m info     | [34mProxyClient.cpp   [m | [37mcreate_topic            [m | [32mtopic created[m          | client_key: 0x00000002, topic_id: 0x105(2), participant_id: 0x001(1)
[35m[1785138956.588893][m info     | [34mProxyClient.cpp   [m | [37mcreate_publisher        [m | [32mpublisher created[m      | client_key: 0x00000002, publisher_id: 0x105(3), participant_id: 0x001(1)
[35m[1785138956.589169][m info     | [34mProxyClient.cpp   [m | [37mcreate_datawriter       [m | [32mdatawriter created[m     | client_key: 0x00000002, datawriter_id: 0x105(5), publisher_id: 0x105(3)
[35m[1785138956.589253][m info     | [34mProxyClient.cpp   [m | [37mcreate_topic            [m | [32mtopic created[m          | client_key: 0x00000002, topic_id: 0x10A(2), participant_id: 0x001(1)
[35m[1785138956.589278][m info     | [34mProxyClient.cpp   [m | [37mcreate_publisher        [m | [32mpublisher created[m      | client_key: 0x00000002, publisher_id: 0x10A(3), participant_id: 0x001(1)
[35m[1785138956.589486][m info     | [34mProxyClient.cpp   [m | [37mcreate_datawriter       [m | [32mdatawriter created[m     | client_key: 0x00000002, datawriter_id: 0x10A(5), publisher_id: 0x10A(3)
[35m[1785138957.028585][m info     | [34mProxyClient.cpp   [m | [37mcreate_topic            [m | [32mtopic created[m          | client_key: 0x00000003, topic_id: 0x013(2), participant_id: 0x001(1)
[35m[1785138957.028628][m info     | [34mProxyClient.cpp   [m | [37mcreate_publisher        [m | [32mpublisher created[m      | client_key: 0x00000003, publisher_id: 0x013(3), participant_id: 0x001(1)
[35m[1785138957.029180][m info     | [34mProxyClient.cpp   [m | [37mcreate_datawriter       [m | [32mdatawriter created[m     | client_key: 0x00000003, datawriter_id: 0x013(5), publisher_id: 0x013(3)
[35m[1785138957.029258][m info     | [34mProxyClient.cpp   [m | [37mcreate_topic            [m | [32mtopic created[m          | client_key: 0x00000003, topic_id: 0x057(2), participant_id: 0x001(1)
[35m[1785138957.029270][m info     | [34mProxyClient.cpp   [m | [37mcreate_publisher        [m | [32mpublisher created[m      | client_key: 0x00000003, publisher_id: 0x057(3), participant_id: 0x001(1)
[35m[1785138957.029602][m info     | [34mProxyClient.cpp   [m | [37mcreate_datawriter       [m | [32mdatawriter created[m     | client_key: 0x00000003, datawriter_id: 0x057(5), publisher_id: 0x057(3)
[35m[1785138957.029663][m info     | [34mProxyClient.cpp   [m | [37mcreate_topic            [m | [32mtopic created[m          | client_key: 0x00000003, topic_id: 0x05D(2), participant_id: 0x001(1)
[35m[1785138957.029674][m info     | [34mProxyClient.cpp   [m | [37mcreate_publisher        [m | [32mpublisher created[m      | client_key: 0x00000003, publisher_id: 0x05D(3), participant_id: 0x001(1)
[35m[1785138957.029976][m info     | [34mProxyClient.cpp   [m | [37mcreate_datawriter       [m | [32mdatawriter created[m     | client_key: 0x00000003, datawriter_id: 0x05D(5), publisher_id: 0x05D(3)
[35m[1785138957.030028][m info     | [34mProxyClient.cpp   [m | [37mcreate_topic            [m | [32mtopic created[m          | client_key: 0x00000003, topic_id: 0x08D(2), participant_id: 0x001(1)
[35m[1785138957.030042][m info     | [34mProxyClient.cpp   [m | [37mcreate_publisher        [m | [32mpublisher created[m      | client_key: 0x00000003, publisher_id: 0x08D(3), participant_id: 0x001(1)
[35m[1785138957.030305][m info     | [34mProxyClient.cpp   [m | [37mcreate_datawriter       [m | [32mdatawriter created[m     | client_key: 0x00000003, datawriter_id: 0x08D(5), publisher_id: 0x08D(3)
[35m[1785138957.030371][m info     | [34mProxyClient.cpp   [m | [37mcreate_topic            [m | [32mtopic created[m          | client_key: 0x00000003, topic_id: 0x0B4(2), participant_id: 0x001(1)
[35m[1785138957.030382][m info     | [34mProxyClient.cpp   [m | [37mcreate_publisher        [m | [32mpublisher created[m      | client_key: 0x00000003, publisher_id: 0x0B4(3), participant_id: 0x001(1)
[35m[1785138957.030630][m info     | [34mProxyClient.cpp   [m | [37mcreate_datawriter       [m | [32mdatawriter created[m     | client_key: 0x00000003, datawriter_id: 0x0B4(5), publisher_id: 0x0B4(3)
[35m[1785138957.030688][m info     | [34mProxyClient.cpp   [m | [37mcreate_topic            [m | [32mtopic created[m          | client_key: 0x00000003, topic_id: 0x0CB(2), participant_id: 0x001(1)
[35m[1785138957.030699][m info     | [34mProxyClient.cpp   [m | [37mcreate_publisher        [m | [32mpublisher created[m      | client_key: 0x00000003, publisher_id: 0x0CB(3), participant_id: 0x001(1)
[35m[1785138957.030935][m info     | [34mProxyClient.cpp   [m | [37mcreate_datawriter       [m | [32mdatawriter created[m     | client_key: 0x00000003, datawriter_id: 0x0CB(5), publisher_id: 0x0CB(3)
[35m[1785138957.030986][m info     | [34mProxyClient.cpp   [m | [37mcreate_topic            [m | [32mtopic created[m          | client_key: 0x00000003, topic_id: 0x0E2(2), participant_id: 0x001(1)
[35m[1785138957.030999][m info     | [34mProxyClient.cpp   [m | [37mcreate_publisher        [m | [32mpublisher created[m      | client_key: 0x00000003, publisher_id: 0x0E2(3), participant_id: 0x001(1)
[35m[1785138957.031242][m info     | [34mProxyClient.cpp   [m | [37mcreate_datawriter       [m | [32mdatawriter created[m     | client_key: 0x00000003, datawriter_id: 0x0E2(5), publisher_id: 0x0E2(3)
[35m[1785138957.031302][m info     | [34mProxyClient.cpp   [m | [37mcreate_topic            [m | [32mtopic created[m          | client_key: 0x00000003, topic_id: 0x0F2(2), participant_id: 0x001(1)
[35m[1785138957.031321][m info     | [34mProxyClient.cpp   [m | [37mcreate_publisher        [m | [32mpublisher created[m      | client_key: 0x00000003, publisher_id: 0x0F2(3), participant_id: 0x001(1)
[35m[1785138957.031539][m info     | [34mProxyClient.cpp   [m | [37mcreate_datawriter       [m | [32mdatawriter created[m     | client_key: 0x00000003, datawriter_id: 0x0F2(5), publisher_id: 0x0F2(3)
[35m[1785138957.031586][m info     | [34mProxyClient.cpp   [m | [37mcreate_topic            [m | [32mtopic created[m          | client_key: 0x00000003, topic_id: 0x0F9(2), participant_id: 0x001(1)
[35m[1785138957.031601][m info     | [34mProxyClient.cpp   [m | [37mcreate_publisher        [m | [32mpublisher created[m      | client_key: 0x00000003, publisher_id: 0x0F9(3), participant_id: 0x001(1)
[35m[1785138957.031807][m info     | [34mProxyClient.cpp   [m | [37mcreate_datawriter       [m | [32mdatawriter created[m     | client_key: 0x00000003, datawriter_id: 0x0F9(5), publisher_id: 0x0F9(3)
[35m[1785138957.031865][m info     | [34mProxyClient.cpp   [m | [37mcreate_topic            [m | [32mtopic created[m          | client_key: 0x00000003, topic_id: 0x0FA(2), participant_id: 0x001(1)
[35m[1785138957.031876][m info     | [34mProxyClient.cpp   [m | [37mcreate_publisher        [m | [32mpublisher created[m      | client_key: 0x00000003, publisher_id: 0x0FA(3), participant_id: 0x001(1)
[35m[1785138957.032083][m info     | [34mProxyClient.cpp   [m | [37mcreate_datawriter       [m | [32mdatawriter created[m     | client_key: 0x00000003, datawriter_id: 0x0FA(5), publisher_id: 0x0FA(3)
[35m[1785138957.032135][m info     | [34mProxyClient.cpp   [m | [37mcreate_topic            [m | [32mtopic created[m          | client_key: 0x00000003, topic_id: 0x0FC(2), participant_id: 0x001(1)
[35m[1785138957.032172][m info     | [34mProxyClient.cpp   [m | [37mcreate_publisher        [m | [32mpublisher created[m      | client_key: 0x00000003, publisher_id: 0x0FC(3), participant_id: 0x001(1)
[35m[1785138957.032484][m info     | [34mProxyClient.cpp   [m | [37mcreate_datawriter       [m | [32mdatawriter created[m     | client_key: 0x00000003, datawriter_id: 0x0FC(5), publisher_id: 0x0FC(3)
[35m[1785138957.032562][m info     | [34mProxyClient.cpp   [m | [37mcreate_topic            [m | [32mtopic created[m          | client_key: 0x00000003, topic_id: 0x100(2), participant_id: 0x001(1)
[35m[1785138957.032574][m info     | [34mProxyClient.cpp   [m | [37mcreate_publisher        [m | [32mpublisher created[m      | client_key: 0x00000003, publisher_id: 0x100(3), participant_id: 0x001(1)
[35m[1785138957.032784][m info     | [34mProxyClient.cpp   [m | [37mcreate_datawriter       [m | [32mdatawriter created[m     | client_key: 0x00000003, datawriter_id: 0x100(5), publisher_id: 0x100(3)
[35m[1785138957.032829][m info     | [34mProxyClient.cpp   [m | [37mcreate_topic            [m | [32mtopic created[m          | client_key: 0x00000003, topic_id: 0x105(2), participant_id: 0x001(1)
[35m[1785138957.032846][m info     | [34mProxyClient.cpp   [m | [37mcreate_publisher        [m | [32mpublisher created[m      | client_key: 0x00000003, publisher_id: 0x105(3), participant_id: 0x001(1)
[35m[1785138957.033049][m info     | [34mProxyClient.cpp   [m | [37mcreate_datawriter       [m | [32mdatawriter created[m     | client_key: 0x00000003, datawriter_id: 0x105(5), publisher_id: 0x105(3)
[35m[1785138957.033104][m info     | [34mProxyClient.cpp   [m | [37mcreate_topic            [m | [32mtopic created[m          | client_key: 0x00000003, topic_id: 0x10A(2), participant_id: 0x001(1)
[35m[1785138957.033119][m info     | [34mProxyClient.cpp   [m | [37mcreate_publisher        [m | [32mpublisher created[m      | client_key: 0x00000003, publisher_id: 0x10A(3), participant_id: 0x001(1)
[35m[1785138957.033314][m info     | [34mProxyClient.cpp   [m | [37mcreate_datawriter       [m | [32mdatawriter created[m     | client_key: 0x00000003, datawriter_id: 0x10A(5), publisher_id: 0x10A(3)
[35m[1785138957.412551][m info     | [34mProxyClient.cpp   [m | [37mcreate_topic            [m | [32mtopic created[m          | client_key: 0x00000004, topic_id: 0x013(2), participant_id: 0x001(1)
[35m[1785138957.412588][m info     | [34mProxyClient.cpp   [m | [37mcreate_publisher        [m | [32mpublisher created[m      | client_key: 0x00000004, publisher_id: 0x013(3), participant_id: 0x001(1)
[35m[1785138957.413224][m info     | [34mProxyClient.cpp   [m | [37mcreate_datawriter       [m | [32mdatawriter created[m     | client_key: 0x00000004, datawriter_id: 0x013(5), publisher_id: 0x013(3)
[35m[1785138957.413347][m info     | [34mProxyClient.cpp   [m | [37mcreate_topic            [m | [32mtopic created[m          | client_key: 0x00000004, topic_id: 0x057(2), participant_id: 0x001(1)
[35m[1785138957.413369][m info     | [34mProxyClient.cpp   [m | [37mcreate_publisher        [m | [32mpublisher created[m      | client_key: 0x00000004, publisher_id: 0x057(3), participant_id: 0x001(1)
[35m[1785138957.413788][m info     | [34mProxyClient.cpp   [m | [37mcreate_datawriter       [m | [32mdatawriter created[m     | client_key: 0x00000004, datawriter_id: 0x057(5), publisher_id: 0x057(3)
[35m[1785138957.413858][m info     | [34mProxyClient.cpp   [m | [37mcreate_topic            [m | [32mtopic created[m          | client_key: 0x00000004, topic_id: 0x05D(2), participant_id: 0x001(1)
[35m[1785138957.413871][m info     | [34mProxyClient.cpp   [m | [37mcreate_publisher        [m | [32mpublisher created[m      | client_key: 0x00000004, publisher_id: 0x05D(3), participant_id: 0x001(1)
[35m[1785138957.414165][m info     | [34mProxyClient.cpp   [m | [37mcreate_datawriter       [m | [32mdatawriter created[m     | client_key: 0x00000004, datawriter_id: 0x05D(5), publisher_id: 0x05D(3)
[35m[1785138957.414233][m info     | [34mProxyClient.cpp   [m | [37mcreate_topic            [m | [32mtopic created[m          | client_key: 0x00000004, topic_id: 0x08D(2), participant_id: 0x001(1)
[35m[1785138957.414246][m info     | [34mProxyClient.cpp   [m | [37mcreate_publisher        [m | [32mpublisher created[m      | client_key: 0x00000004, publisher_id: 0x08D(3), participant_id: 0x001(1)
[35m[1785138957.414519][m info     | [34mProxyClient.cpp   [m | [37mcreate_datawriter       [m | [32mdatawriter created[m     | client_key: 0x00000004, datawriter_id: 0x08D(5), publisher_id: 0x08D(3)
[35m[1785138957.414575][m info     | [34mProxyClient.cpp   [m | [37mcreate_topic            [m | [32mtopic created[m          | client_key: 0x00000004, topic_id: 0x0B4(2), participant_id: 0x001(1)
[35m[1785138957.414586][m info     | [34mProxyClient.cpp   [m | [37mcreate_publisher        [m | [32mpublisher created[m      | client_key: 0x00000004, publisher_id: 0x0B4(3), participant_id: 0x001(1)
[35m[1785138957.414850][m info     | [34mProxyClient.cpp   [m | [37mcreate_datawriter       [m | [32mdatawriter created[m     | client_key: 0x00000004, datawriter_id: 0x0B4(5), publisher_id: 0x0B4(3)
[35m[1785138957.414904][m info     | [34mProxyClient.cpp   [m | [37mcreate_topic            [m | [32mtopic created[m          | client_key: 0x00000004, topic_id: 0x0CB(2), participant_id: 0x001(1)
[35m[1785138957.414916][m info     | [34mProxyClient.cpp   [m | [37mcreate_publisher        [m | [32mpublisher created[m      | client_key: 0x00000004, publisher_id: 0x0CB(3), participant_id: 0x001(1)
[35m[1785138957.415171][m info     | [34mProxyClient.cpp   [m | [37mcreate_datawriter       [m | [32mdatawriter created[m     | client_key: 0x00000004, datawriter_id: 0x0CB(5), publisher_id: 0x0CB(3)
[35m[1785138957.415229][m info     | [34mProxyClient.cpp   [m | [37mcreate_topic            [m | [32mtopic created[m          | client_key: 0x00000004, topic_id: 0x0E2(2), participant_id: 0x001(1)
[35m[1785138957.415240][m info     | [34mProxyClient.cpp   [m | [37mcreate_publisher        [m | [32mpublisher created[m      | client_key: 0x00000004, publisher_id: 0x0E2(3), participant_id: 0x001(1)
[35m[1785138957.415487][m info     | [34mProxyClient.cpp   [m | [37mcreate_datawriter       [m | [32mdatawriter created[m     | client_key: 0x00000004, datawriter_id: 0x0E2(5), publisher_id: 0x0E2(3)
[35m[1785138957.415540][m info     | [34mProxyClient.cpp   [m | [37mcreate_topic            [m | [32mtopic created[m          | client_key: 0x00000004, topic_id: 0x0F2(2), participant_id: 0x001(1)
[35m[1785138957.415551][m info     | [34mProxyClient.cpp   [m | [37mcreate_publisher        [m | [32mpublisher created[m      | client_key: 0x00000004, publisher_id: 0x0F2(3), participant_id: 0x001(1)
[35m[1785138957.415797][m info     | [34mProxyClient.cpp   [m | [37mcreate_datawriter       [m | [32mdatawriter created[m     | client_key: 0x00000004, datawriter_id: 0x0F2(5), publisher_id: 0x0F2(3)
[35m[1785138957.415844][m info     | [34mProxyClient.cpp   [m | [37mcreate_topic            [m | [32mtopic created[m          | client_key: 0x00000004, topic_id: 0x0F9(2), participant_id: 0x001(1)
[35m[1785138957.415861][m info     | [34mProxyClient.cpp   [m | [37mcreate_publisher        [m | [32mpublisher created[m      | client_key: 0x00000004, publisher_id: 0x0F9(3), participant_id: 0x001(1)
[35m[1785138957.416090][m info     | [34mProxyClient.cpp   [m | [37mcreate_datawriter       [m | [32mdatawriter created[m     | client_key: 0x00000004, datawriter_id: 0x0F9(5), publisher_id: 0x0F9(3)
[35m[1785138957.416150][m info     | [34mProxyClient.cpp   [m | [37mcreate_topic            [m | [32mtopic created[m          | client_key: 0x00000004, topic_id: 0x0FA(2), participant_id: 0x001(1)
[35m[1785138957.416171][m info     | [34mProxyClient.cpp   [m | [37mcreate_publisher        [m | [32mpublisher created[m      | client_key: 0x00000004, publisher_id: 0x0FA(3), participant_id: 0x001(1)
[35m[1785138957.416472][m info     | [34mProxyClient.cpp   [m | [37mcreate_datawriter       [m | [32mdatawriter created[m     | client_key: 0x00000004, datawriter_id: 0x0FA(5), publisher_id: 0x0FA(3)
[35m[1785138957.416558][m info     | [34mProxyClient.cpp   [m | [37mcreate_topic            [m | [32mtopic created[m          | client_key: 0x00000004, topic_id: 0x0FC(2), participant_id: 0x001(1)
[35m[1785138957.416582][m info     | [34mProxyClient.cpp   [m | [37mcreate_publisher        [m | [32mpublisher created[m      | client_key: 0x00000004, publisher_id: 0x0FC(3), participant_id: 0x001(1)
[35m[1785138957.416897][m info     | [34mProxyClient.cpp   [m | [37mcreate_datawriter       [m | [32mdatawriter created[m     | client_key: 0x00000004, datawriter_id: 0x0FC(5), publisher_id: 0x0FC(3)
[35m[1785138957.416953][m info     | [34mProxyClient.cpp   [m | [37mcreate_topic            [m | [32mtopic created[m          | client_key: 0x00000004, topic_id: 0x100(2), participant_id: 0x001(1)
[35m[1785138957.416964][m info     | [34mProxyClient.cpp   [m | [37mcreate_publisher        [m | [32mpublisher created[m      | client_key: 0x00000004, publisher_id: 0x100(3), participant_id: 0x001(1)
[35m[1785138957.417169][m info     | [34mProxyClient.cpp   [m | [37mcreate_datawriter       [m | [32mdatawriter created[m     | client_key: 0x00000004, datawriter_id: 0x100(5), publisher_id: 0x100(3)
[35m[1785138957.417239][m info     | [34mProxyClient.cpp   [m | [37mcreate_topic            [m | [32mtopic created[m          | client_key: 0x00000004, topic_id: 0x105(2), participant_id: 0x001(1)
[35m[1785138957.417254][m info     | [34mProxyClient.cpp   [m | [37mcreate_publisher        [m | [32mpublisher created[m      | client_key: 0x00000004, publisher_id: 0x105(3), participant_id: 0x001(1)
[35m[1785138957.417466][m info     | [34mProxyClient.cpp   [m | [37mcreate_datawriter       [m | [32mdatawriter created[m     | client_key: 0x00000004, datawriter_id: 0x105(5), publisher_id: 0x105(3)
[35m[1785138957.417522][m info     | [34mProxyClient.cpp   [m | [37mcreate_topic            [m | [32mtopic created[m          | client_key: 0x00000004, topic_id: 0x10A(2), participant_id: 0x001(1)
[35m[1785138957.417534][m info     | [34mProxyClient.cpp   [m | [37mcreate_publisher        [m | [32mpublisher created[m      | client_key: 0x00000004, publisher_id: 0x10A(3), participant_id: 0x001(1)
[35m[1785138957.417733][m info     | [34mProxyClient.cpp   [m | [37mcreate_datawriter       [m | [32mdatawriter created[m     | client_key: 0x00000004, datawriter_id: 0x10A(5), publisher_id: 0x10A(3)
[35m[1785138957.844578][m info     | [34mProxyClient.cpp   [m | [37mcreate_topic            [m | [32mtopic created[m          | client_key: 0x00000005, topic_id: 0x013(2), participant_id: 0x001(1)
[35m[1785138957.844671][m info     | [34mProxyClient.cpp   [m | [37mcreate_publisher        [m | [32mpublisher created[m      | client_key: 0x00000005, publisher_id: 0x013(3), participant_id: 0x001(1)
[35m[1785138957.845224][m info     | [34mProxyClient.cpp   [m | [37mcreate_datawriter       [m | [32mdatawriter created[m     | client_key: 0x00000005, datawriter_id: 0x013(5), publisher_id: 0x013(3)
[35m[1785138957.845310][m info     | [34mProxyClient.cpp   [m | [37mcreate_topic            [m | [32mtopic created[m          | client_key: 0x00000005, topic_id: 0x057(2), participant_id: 0x001(1)
[35m[1785138957.845328][m info     | [34mProxyClient.cpp   [m | [37mcreate_publisher        [m | [32mpublisher created[m      | client_key: 0x00000005, publisher_id: 0x057(3), participant_id: 0x001(1)
[35m[1785138957.845663][m info     | [34mProxyClient.cpp   [m | [37mcreate_datawriter       [m | [32mdatawriter created[m     | client_key: 0x00000005, datawriter_id: 0x057(5), publisher_id: 0x057(3)
[35m[1785138957.845732][m info     | [34mProxyClient.cpp   [m | [37mcreate_topic            [m | [32mtopic created[m          | client_key: 0x00000005, topic_id: 0x05D(2), participant_id: 0x001(1)
[35m[1785138957.845747][m info     | [34mProxyClient.cpp   [m | [37mcreate_publisher        [m | [32mpublisher created[m      | client_key: 0x00000005, publisher_id: 0x05D(3), participant_id: 0x001(1)
[35m[1785138957.846005][m info     | [34mProxyClient.cpp   [m | [37mcreate_datawriter       [m | [32mdatawriter created[m     | client_key: 0x00000005, datawriter_id: 0x05D(5), publisher_id: 0x05D(3)
[35m[1785138957.846080][m info     | [34mProxyClient.cpp   [m | [37mcreate_topic            [m | [32mtopic created[m          | client_key: 0x00000005, topic_id: 0x08D(2), participant_id: 0x001(1)
[35m[1785138957.846092][m info     | [34mProxyClient.cpp   [m | [37mcreate_publisher        [m | [32mpublisher created[m      | client_key: 0x00000005, publisher_id: 0x08D(3), participant_id: 0x001(1)
[35m[1785138957.846343][m info     | [34mProxyClient.cpp   [m | [37mcreate_datawriter       [m | [32mdatawriter created[m     | client_key: 0x00000005, datawriter_id: 0x08D(5), publisher_id: 0x08D(3)
[35m[1785138957.846421][m info     | [34mProxyClient.cpp   [m | [37mcreate_topic            [m | [32mtopic created[m          | client_key: 0x00000005, topic_id: 0x0B4(2), participant_id: 0x001(1)
[35m[1785138957.846432][m info     | [34mProxyClient.cpp   [m | [37mcreate_publisher        [m | [32mpublisher created[m      | client_key: 0x00000005, publisher_id: 0x0B4(3), participant_id: 0x001(1)
[35m[1785138957.846675][m info     | [34mProxyClient.cpp   [m | [37mcreate_datawriter       [m | [32mdatawriter created[m     | client_key: 0x00000005, datawriter_id: 0x0B4(5), publisher_id: 0x0B4(3)
[35m[1785138957.846769][m info     | [34mProxyClient.cpp   [m | [37mcreate_topic            [m | [32mtopic created[m          | client_key: 0x00000005, topic_id: 0x0CB(2), participant_id: 0x001(1)
[35m[1785138957.846781][m info     | [34mProxyClient.cpp   [m | [37mcreate_publisher        [m | [32mpublisher created[m      | client_key: 0x00000005, publisher_id: 0x0CB(3), participant_id: 0x001(1)
[35m[1785138957.847015][m info     | [34mProxyClient.cpp   [m | [37mcreate_datawriter       [m | [32mdatawriter created[m     | client_key: 0x00000005, datawriter_id: 0x0CB(5), publisher_id: 0x0CB(3)
[35m[1785138957.847083][m info     | [34mProxyClient.cpp   [m | [37mcreate_topic            [m | [32mtopic created[m          | client_key: 0x00000005, topic_id: 0x0E2(2), participant_id: 0x001(1)
[35m[1785138957.847095][m info     | [34mProxyClient.cpp   [m | [37mcreate_publisher        [m | [32mpublisher created[m      | client_key: 0x00000005, publisher_id: 0x0E2(3), participant_id: 0x001(1)
[35m[1785138957.847367][m info     | [34mProxyClient.cpp   [m | [37mcreate_datawriter       [m | [32mdatawriter created[m     | client_key: 0x00000005, datawriter_id: 0x0E2(5), publisher_id: 0x0E2(3)
[35m[1785138957.847444][m info     | [34mProxyClient.cpp   [m | [37mcreate_topic            [m | [32mtopic created[m          | client_key: 0x00000005, topic_id: 0x0F2(2), participant_id: 0x001(1)
[35m[1785138957.847456][m info     | [34mProxyClient.cpp   [m | [37mcreate_publisher        [m | [32mpublisher created[m      | client_key: 0x00000005, publisher_id: 0x0F2(3), participant_id: 0x001(1)
[35m[1785138957.847684][m info     | [34mProxyClient.cpp   [m | [37mcreate_datawriter       [m | [32mdatawriter created[m     | client_key: 0x00000005, datawriter_id: 0x0F2(5), publisher_id: 0x0F2(3)
[35m[1785138957.847742][m info     | [34mProxyClient.cpp   [m | [37mcreate_topic            [m | [32mtopic created[m          | client_key: 0x00000005, topic_id: 0x0F9(2), participant_id: 0x001(1)
[35m[1785138957.847762][m info     | [34mProxyClient.cpp   [m | [37mcreate_publisher        [m | [32mpublisher created[m      | client_key: 0x00000005, publisher_id: 0x0F9(3), participant_id: 0x001(1)
[35m[1785138957.847979][m info     | [34mProxyClient.cpp   [m | [37mcreate_datawriter       [m | [32mdatawriter created[m     | client_key: 0x00000005, datawriter_id: 0x0F9(5), publisher_id: 0x0F9(3)
[35m[1785138957.848033][m info     | [34mProxyClient.cpp   [m | [37mcreate_topic            [m | [32mtopic created[m          | client_key: 0x00000005, topic_id: 0x0FA(2), participant_id: 0x001(1)
[35m[1785138957.848049][m info     | [34mProxyClient.cpp   [m | [37mcreate_publisher        [m | [32mpublisher created[m      | client_key: 0x00000005, publisher_id: 0x0FA(3), participant_id: 0x001(1)
[35m[1785138957.848288][m info     | [34mProxyClient.cpp   [m | [37mcreate_datawriter       [m | [32mdatawriter created[m     | client_key: 0x00000005, datawriter_id: 0x0FA(5), publisher_id: 0x0FA(3)
[35m[1785138957.848370][m info     | [34mProxyClient.cpp   [m | [37mcreate_topic            [m | [32mtopic created[m          | client_key: 0x00000005, topic_id: 0x0FC(2), participant_id: 0x001(1)
[35m[1785138957.848393][m info     | [34mProxyClient.cpp   [m | [37mcreate_publisher        [m | [32mpublisher created[m      | client_key: 0x00000005, publisher_id: 0x0FC(3), participant_id: 0x001(1)
[35m[1785138957.848680][m info     | [34mProxyClient.cpp   [m | [37mcreate_datawriter       [m | [32mdatawriter created[m     | client_key: 0x00000005, datawriter_id: 0x0FC(5), publisher_id: 0x0FC(3)
[35m[1785138957.848753][m info     | [34mProxyClient.cpp   [m | [37mcreate_topic            [m | [32mtopic created[m          | client_key: 0x00000005, topic_id: 0x100(2), participant_id: 0x001(1)
[35m[1785138957.848765][m info     | [34mProxyClient.cpp   [m | [37mcreate_publisher        [m | [32mpublisher created[m      | client_key: 0x00000005, publisher_id: 0x100(3), participant_id: 0x001(1)
[35m[1785138957.849001][m info     | [34mProxyClient.cpp   [m | [37mcreate_datawriter       [m | [32mdatawriter created[m     | client_key: 0x00000005, datawriter_id: 0x100(5), publisher_id: 0x100(3)
[35m[1785138957.849062][m info     | [34mProxyClient.cpp   [m | [37mcreate_topic            [m | [32mtopic created[m          | client_key: 0x00000005, topic_id: 0x105(2), participant_id: 0x001(1)
[35m[1785138957.849073][m info     | [34mProxyClient.cpp   [m | [37mcreate_publisher        [m | [32mpublisher created[m      | client_key: 0x00000005, publisher_id: 0x105(3), participant_id: 0x001(1)
[35m[1785138957.849309][m info     | [34mProxyClient.cpp   [m | [37mcreate_datawriter       [m | [32mdatawriter created[m     | client_key: 0x00000005, datawriter_id: 0x105(5), publisher_id: 0x105(3)
[35m[1785138957.849379][m info     | [34mProxyClient.cpp   [m | [37mcreate_topic            [m | [32mtopic created[m          | client_key: 0x00000005, topic_id: 0x10A(2), participant_id: 0x001(1)
[35m[1785138957.849397][m info     | [34mProxyClient.cpp   [m | [37mcreate_publisher        [m | [32mpublisher created[m      | client_key: 0x00000005, publisher_id: 0x10A(3), participant_id: 0x001(1)
[35m[1785138957.849605][m info     | [34mProxyClient.cpp   [m | [37mcreate_datawriter       [m | [32mdatawriter created[m     | client_key: 0x00000005, datawriter_id: 0x10A(5), publisher_id: 0x10A(3)
[35m[1785138958.444727][m info     | [34mProxyClient.cpp   [m | [37mcreate_topic            [m | [32mtopic created[m          | client_key: 0x00000006, topic_id: 0x013(2), participant_id: 0x001(1)
[35m[1785138958.444775][m info     | [34mProxyClient.cpp   [m | [37mcreate_publisher        [m | [32mpublisher created[m      | client_key: 0x00000006, publisher_id: 0x013(3), participant_id: 0x001(1)
[35m[1785138958.445303][m info     | [34mProxyClient.cpp   [m | [37mcreate_datawriter       [m | [32mdatawriter created[m     | client_key: 0x00000006, datawriter_id: 0x013(5), publisher_id: 0x013(3)
[35m[1785138958.445388][m info     | [34mProxyClient.cpp   [m | [37mcreate_topic            [m | [32mtopic created[m          | client_key: 0x00000006, topic_id: 0x057(2), participant_id: 0x001(1)
[35m[1785138958.445401][m info     | [34mProxyClient.cpp   [m | [37mcreate_publisher        [m | [32mpublisher created[m      | client_key: 0x00000006, publisher_id: 0x057(3), participant_id: 0x001(1)
[35m[1785138958.445733][m info     | [34mProxyClient.cpp   [m | [37mcreate_datawriter       [m | [32mdatawriter created[m     | client_key: 0x00000006, datawriter_id: 0x057(5), publisher_id: 0x057(3)
[35m[1785138958.445794][m info     | [34mProxyClient.cpp   [m | [37mcreate_topic            [m | [32mtopic created[m          | client_key: 0x00000006, topic_id: 0x05D(2), participant_id: 0x001(1)
[35m[1785138958.445809][m info     | [34mProxyClient.cpp   [m | [37mcreate_publisher        [m | [32mpublisher created[m      | client_key: 0x00000006, publisher_id: 0x05D(3), participant_id: 0x001(1)
[35m[1785138958.446069][m info     | [34mProxyClient.cpp   [m | [37mcreate_datawriter       [m | [32mdatawriter created[m     | client_key: 0x00000006, datawriter_id: 0x05D(5), publisher_id: 0x05D(3)
[35m[1785138958.446127][m info     | [34mProxyClient.cpp   [m | [37mcreate_topic            [m | [32mtopic created[m          | client_key: 0x00000006, topic_id: 0x08D(2), participant_id: 0x001(1)
[35m[1785138958.446137][m info     | [34mProxyClient.cpp   [m | [37mcreate_publisher        [m | [32mpublisher created[m      | client_key: 0x00000006, publisher_id: 0x08D(3), participant_id: 0x001(1)
[35m[1785138958.446393][m info     | [34mProxyClient.cpp   [m | [37mcreate_datawriter       [m | [32mdatawriter created[m     | client_key: 0x00000006, datawriter_id: 0x08D(5), publisher_id: 0x08D(3)
[35m[1785138958.446459][m info     | [34mProxyClient.cpp   [m | [37mcreate_topic            [m | [32mtopic created[m          | client_key: 0x00000006, topic_id: 0x0B4(2), participant_id: 0x001(1)
[35m[1785138958.446469][m info     | [34mProxyClient.cpp   [m | [37mcreate_publisher        [m | [32mpublisher created[m      | client_key: 0x00000006, publisher_id: 0x0B4(3), participant_id: 0x001(1)
[35m[1785138958.446713][m info     | [34mProxyClient.cpp   [m | [37mcreate_datawriter       [m | [32mdatawriter created[m     | client_key: 0x00000006, datawriter_id: 0x0B4(5), publisher_id: 0x0B4(3)
[35m[1785138958.446764][m info     | [34mProxyClient.cpp   [m | [37mcreate_topic            [m | [32mtopic created[m          | client_key: 0x00000006, topic_id: 0x0CB(2), participant_id: 0x001(1)
[35m[1785138958.446774][m info     | [34mProxyClient.cpp   [m | [37mcreate_publisher        [m | [32mpublisher created[m      | client_key: 0x00000006, publisher_id: 0x0CB(3), participant_id: 0x001(1)
[35m[1785138958.447010][m info     | [34mProxyClient.cpp   [m | [37mcreate_datawriter       [m | [32mdatawriter created[m     | client_key: 0x00000006, datawriter_id: 0x0CB(5), publisher_id: 0x0CB(3)
[35m[1785138958.447061][m info     | [34mProxyClient.cpp   [m | [37mcreate_topic            [m | [32mtopic created[m          | client_key: 0x00000006, topic_id: 0x0E2(2), participant_id: 0x001(1)
[35m[1785138958.447070][m info     | [34mProxyClient.cpp   [m | [37mcreate_publisher        [m | [32mpublisher created[m      | client_key: 0x00000006, publisher_id: 0x0E2(3), participant_id: 0x001(1)
[35m[1785138958.447300][m info     | [34mProxyClient.cpp   [m | [37mcreate_datawriter       [m | [32mdatawriter created[m     | client_key: 0x00000006, datawriter_id: 0x0E2(5), publisher_id: 0x0E2(3)
[35m[1785138958.447355][m info     | [34mProxyClient.cpp   [m | [37mcreate_topic            [m | [32mtopic created[m          | client_key: 0x00000006, topic_id: 0x0F2(2), participant_id: 0x001(1)
[35m[1785138958.447365][m info     | [34mProxyClient.cpp   [m | [37mcreate_publisher        [m | [32mpublisher created[m      | client_key: 0x00000006, publisher_id: 0x0F2(3), participant_id: 0x001(1)
[35m[1785138958.447573][m info     | [34mProxyClient.cpp   [m | [37mcreate_datawriter       [m | [32mdatawriter created[m     | client_key: 0x00000006, datawriter_id: 0x0F2(5), publisher_id: 0x0F2(3)
[35m[1785138958.447619][m info     | [34mProxyClient.cpp   [m | [37mcreate_topic            [m | [32mtopic created[m          | client_key: 0x00000006, topic_id: 0x0F9(2), participant_id: 0x001(1)
[35m[1785138958.447634][m info     | [34mProxyClient.cpp   [m | [37mcreate_publisher        [m | [32mpublisher created[m      | client_key: 0x00000006, publisher_id: 0x0F9(3), participant_id: 0x001(1)
[35m[1785138958.447834][m info     | [34mProxyClient.cpp   [m | [37mcreate_datawriter       [m | [32mdatawriter created[m     | client_key: 0x00000006, datawriter_id: 0x0F9(5), publisher_id: 0x0F9(3)
[35m[1785138958.447879][m info     | [34mProxyClient.cpp   [m | [37mcreate_topic            [m | [32mtopic created[m          | client_key: 0x00000006, topic_id: 0x0FA(2), participant_id: 0x001(1)
[35m[1785138958.447888][m info     | [34mProxyClient.cpp   [m | [37mcreate_publisher        [m | [32mpublisher created[m      | client_key: 0x00000006, publisher_id: 0x0FA(3), participant_id: 0x001(1)
[35m[1785138958.448078][m info     | [34mProxyClient.cpp   [m | [37mcreate_datawriter       [m | [32mdatawriter created[m     | client_key: 0x00000006, datawriter_id: 0x0FA(5), publisher_id: 0x0FA(3)
[35m[1785138958.448128][m info     | [34mProxyClient.cpp   [m | [37mcreate_topic            [m | [32mtopic created[m          | client_key: 0x00000006, topic_id: 0x0FC(2), participant_id: 0x001(1)
[35m[1785138958.448137][m info     | [34mProxyClient.cpp   [m | [37mcreate_publisher        [m | [32mpublisher created[m      | client_key: 0x00000006, publisher_id: 0x0FC(3), participant_id: 0x001(1)
[35m[1785138958.448398][m info     | [34mProxyClient.cpp   [m | [37mcreate_datawriter       [m | [32mdatawriter created[m     | client_key: 0x00000006, datawriter_id: 0x0FC(5), publisher_id: 0x0FC(3)
[35m[1785138958.448479][m info     | [34mProxyClient.cpp   [m | [37mcreate_topic            [m | [32mtopic created[m          | client_key: 0x00000006, topic_id: 0x100(2), participant_id: 0x001(1)
[35m[1785138958.448491][m info     | [34mProxyClient.cpp   [m | [37mcreate_publisher        [m | [32mpublisher created[m      | client_key: 0x00000006, publisher_id: 0x100(3), participant_id: 0x001(1)
[35m[1785138958.448696][m info     | [34mProxyClient.cpp   [m | [37mcreate_datawriter       [m | [32mdatawriter created[m     | client_key: 0x00000006, datawriter_id: 0x100(5), publisher_id: 0x100(3)
[35m[1785138958.448748][m info     | [34mProxyClient.cpp   [m | [37mcreate_topic            [m | [32mtopic created[m          | client_key: 0x00000006, topic_id: 0x105(2), participant_id: 0x001(1)
[35m[1785138958.448764][m info     | [34mProxyClient.cpp   [m | [37mcreate_publisher        [m | [32mpublisher created[m      | client_key: 0x00000006, publisher_id: 0x105(3), participant_id: 0x001(1)
[35m[1785138958.448983][m info     | [34mProxyClient.cpp   [m | [37mcreate_datawriter       [m | [32mdatawriter created[m     | client_key: 0x00000006, datawriter_id: 0x105(5), publisher_id: 0x105(3)
[35m[1785138958.449046][m info     | [34mProxyClient.cpp   [m | [37mcreate_topic            [m | [32mtopic created[m          | client_key: 0x00000006, topic_id: 0x10A(2), participant_id: 0x001(1)
[35m[1785138958.449058][m info     | [34mProxyClient.cpp   [m | [37mcreate_publisher        [m | [32mpublisher created[m      | client_key: 0x00000006, publisher_id: 0x10A(3), participant_id: 0x001(1)
[35m[1785138958.449273][m info     | [34mProxyClient.cpp   [m | [37mcreate_datawriter       [m | [32mdatawriter created[m     | client_key: 0x00000006, datawriter_id: 0x10A(5), publisher_id: 0x10A(3)
[35m[1785138959.020753][m info     | [34mProxyClient.cpp   [m | [37mcreate_topic            [m | [32mtopic created[m          | client_key: 0x00000007, topic_id: 0x013(2), participant_id: 0x001(1)
[35m[1785138959.020798][m info     | [34mProxyClient.cpp   [m | [37mcreate_publisher        [m | [32mpublisher created[m      | client_key: 0x00000007, publisher_id: 0x013(3), participant_id: 0x001(1)
[35m[1785138959.021388][m info     | [34mProxyClient.cpp   [m | [37mcreate_datawriter       [m | [32mdatawriter created[m     | client_key: 0x00000007, datawriter_id: 0x013(5), publisher_id: 0x013(3)
[35m[1785138959.021476][m info     | [34mProxyClient.cpp   [m | [37mcreate_topic            [m | [32mtopic created[m          | client_key: 0x00000007, topic_id: 0x057(2), participant_id: 0x001(1)
[35m[1785138959.021493][m info     | [34mProxyClient.cpp   [m | [37mcreate_publisher        [m | [32mpublisher created[m      | client_key: 0x00000007, publisher_id: 0x057(3), participant_id: 0x001(1)
[35m[1785138959.021848][m info     | [34mProxyClient.cpp   [m | [37mcreate_datawriter       [m | [32mdatawriter created[m     | client_key: 0x00000007, datawriter_id: 0x057(5), publisher_id: 0x057(3)
[35m[1785138959.021907][m info     | [34mProxyClient.cpp   [m | [37mcreate_topic            [m | [32mtopic created[m          | client_key: 0x00000007, topic_id: 0x05D(2), participant_id: 0x001(1)
[35m[1785138959.021924][m info     | [34mProxyClient.cpp   [m | [37mcreate_publisher        [m | [32mpublisher created[m      | client_key: 0x00000007, publisher_id: 0x05D(3), participant_id: 0x001(1)
[35m[1785138959.022236][m info     | [34mProxyClient.cpp   [m | [37mcreate_datawriter       [m | [32mdatawriter created[m     | client_key: 0x00000007, datawriter_id: 0x05D(5), publisher_id: 0x05D(3)
[35m[1785138959.022294][m info     | [34mProxyClient.cpp   [m | [37mcreate_topic            [m | [32mtopic created[m          | client_key: 0x00000007, topic_id: 0x08D(2), participant_id: 0x001(1)
[35m[1785138959.022321][m info     | [34mProxyClient.cpp   [m | [37mcreate_publisher        [m | [32mpublisher created[m      | client_key: 0x00000007, publisher_id: 0x08D(3), participant_id: 0x001(1)
[35m[1785138959.022580][m info     | [34mProxyClient.cpp   [m | [37mcreate_datawriter       [m | [32mdatawriter created[m     | client_key: 0x00000007, datawriter_id: 0x08D(5), publisher_id: 0x08D(3)
[35m[1785138959.022653][m info     | [34mProxyClient.cpp   [m | [37mcreate_topic            [m | [32mtopic created[m          | client_key: 0x00000007, topic_id: 0x0B4(2), participant_id: 0x001(1)
[35m[1785138959.022675][m info     | [34mProxyClient.cpp   [m | [37mcreate_publisher        [m | [32mpublisher created[m      | client_key: 0x00000007, publisher_id: 0x0B4(3), participant_id: 0x001(1)
[35m[1785138959.022924][m info     | [34mProxyClient.cpp   [m | [37mcreate_datawriter       [m | [32mdatawriter created[m     | client_key: 0x00000007, datawriter_id: 0x0B4(5), publisher_id: 0x0B4(3)
[35m[1785138959.022990][m info     | [34mProxyClient.cpp   [m | [37mcreate_topic            [m | [32mtopic created[m          | client_key: 0x00000007, topic_id: 0x0CB(2), participant_id: 0x001(1)
[35m[1785138959.023010][m info     | [34mProxyClient.cpp   [m | [37mcreate_publisher        [m | [32mpublisher created[m      | client_key: 0x00000007, publisher_id: 0x0CB(3), participant_id: 0x001(1)
[35m[1785138959.023258][m info     | [34mProxyClient.cpp   [m | [37mcreate_datawriter       [m | [32mdatawriter created[m     | client_key: 0x00000007, datawriter_id: 0x0CB(5), publisher_id: 0x0CB(3)
[35m[1785138959.023331][m info     | [34mProxyClient.cpp   [m | [37mcreate_topic            [m | [32mtopic created[m          | client_key: 0x00000007, topic_id: 0x0E2(2), participant_id: 0x001(1)
[35m[1785138959.023351][m info     | [34mProxyClient.cpp   [m | [37mcreate_publisher        [m | [32mpublisher created[m      | client_key: 0x00000007, publisher_id: 0x0E2(3), participant_id: 0x001(1)
[35m[1785138959.023573][m info     | [34mProxyClient.cpp   [m | [37mcreate_datawriter       [m | [32mdatawriter created[m     | client_key: 0x00000007, datawriter_id: 0x0E2(5), publisher_id: 0x0E2(3)
[35m[1785138959.023638][m info     | [34mProxyClient.cpp   [m | [37mcreate_topic            [m | [32mtopic created[m          | client_key: 0x00000007, topic_id: 0x0F2(2), participant_id: 0x001(1)
[35m[1785138959.023659][m info     | [34mProxyClient.cpp   [m | [37mcreate_publisher        [m | [32mpublisher created[m      | client_key: 0x00000007, publisher_id: 0x0F2(3), participant_id: 0x001(1)
[35m[1785138959.023871][m info     | [34mProxyClient.cpp   [m | [37mcreate_datawriter       [m | [32mdatawriter created[m     | client_key: 0x00000007, datawriter_id: 0x0F2(5), publisher_id: 0x0F2(3)
[35m[1785138959.023940][m info     | [34mProxyClient.cpp   [m | [37mcreate_topic            [m | [32mtopic created[m          | client_key: 0x00000007, topic_id: 0x0F9(2), participant_id: 0x001(1)
[35m[1785138959.023952][m info     | [34mProxyClient.cpp   [m | [37mcreate_publisher        [m | [32mpublisher created[m      | client_key: 0x00000007, publisher_id: 0x0F9(3), participant_id: 0x001(1)
[35m[1785138959.024175][m info     | [34mProxyClient.cpp   [m | [37mcreate_datawriter       [m | [32mdatawriter created[m     | client_key: 0x00000007, datawriter_id: 0x0F9(5), publisher_id: 0x0F9(3)
[35m[1785138959.024240][m info     | [34mProxyClient.cpp   [m | [37mcreate_topic            [m | [32mtopic created[m          | client_key: 0x00000007, topic_id: 0x0FA(2), participant_id: 0x001(1)
[35m[1785138959.024256][m info     | [34mProxyClient.cpp   [m | [37mcreate_publisher        [m | [32mpublisher created[m      | client_key: 0x00000007, publisher_id: 0x0FA(3), participant_id: 0x001(1)
[35m[1785138959.024520][m info     | [34mProxyClient.cpp   [m | [37mcreate_datawriter       [m | [32mdatawriter created[m     | client_key: 0x00000007, datawriter_id: 0x0FA(5), publisher_id: 0x0FA(3)
[35m[1785138959.024621][m info     | [34mProxyClient.cpp   [m | [37mcreate_topic            [m | [32mtopic created[m          | client_key: 0x00000007, topic_id: 0x0FC(2), participant_id: 0x001(1)
[35m[1785138959.024633][m info     | [34mProxyClient.cpp   [m | [37mcreate_publisher        [m | [32mpublisher created[m      | client_key: 0x00000007, publisher_id: 0x0FC(3), participant_id: 0x001(1)
[35m[1785138959.024852][m info     | [34mProxyClient.cpp   [m | [37mcreate_datawriter       [m | [32mdatawriter created[m     | client_key: 0x00000007, datawriter_id: 0x0FC(5), publisher_id: 0x0FC(3)
[35m[1785138959.024907][m info     | [34mProxyClient.cpp   [m | [37mcreate_topic            [m | [32mtopic created[m          | client_key: 0x00000007, topic_id: 0x100(2), participant_id: 0x001(1)
[35m[1785138959.024924][m info     | [34mProxyClient.cpp   [m | [37mcreate_publisher        [m | [32mpublisher created[m      | client_key: 0x00000007, publisher_id: 0x100(3), participant_id: 0x001(1)
[35m[1785138959.025157][m info     | [34mProxyClient.cpp   [m | [37mcreate_datawriter       [m | [32mdatawriter created[m     | client_key: 0x00000007, datawriter_id: 0x100(5), publisher_id: 0x100(3)
[35m[1785138959.025223][m info     | [34mProxyClient.cpp   [m | [37mcreate_topic            [m | [32mtopic created[m          | client_key: 0x00000007, topic_id: 0x105(2), participant_id: 0x001(1)
[35m[1785138959.025245][m info     | [34mProxyClient.cpp   [m | [37mcreate_publisher        [m | [32mpublisher created[m      | client_key: 0x00000007, publisher_id: 0x105(3), participant_id: 0x001(1)
[35m[1785138959.025542][m info     | [34mProxyClient.cpp   [m | [37mcreate_datawriter       [m | [32mdatawriter created[m     | client_key: 0x00000007, datawriter_id: 0x105(5), publisher_id: 0x105(3)
[35m[1785138959.025614][m info     | [34mProxyClient.cpp   [m | [37mcreate_topic            [m | [32mtopic created[m          | client_key: 0x00000007, topic_id: 0x10A(2), participant_id: 0x001(1)
[35m[1785138959.025627][m info     | [34mProxyClient.cpp   [m | [37mcreate_publisher        [m | [32mpublisher created[m      | client_key: 0x00000007, publisher_id: 0x10A(3), participant_id: 0x001(1)
[35m[1785138959.025838][m info     | [34mProxyClient.cpp   [m | [37mcreate_datawriter       [m | [32mdatawriter created[m     | client_key: 0x00000007, datawriter_id: 0x10A(5), publisher_id: 0x10A(3)
[35m[1785138959.442463][m info     | [34mProxyClient.cpp   [m | [37mcreate_topic            [m | [32mtopic created[m          | client_key: 0x00000008, topic_id: 0x013(2), participant_id: 0x001(1)
[35m[1785138959.442508][m info     | [34mProxyClient.cpp   [m | [37mcreate_publisher        [m | [32mpublisher created[m      | client_key: 0x00000008, publisher_id: 0x013(3), participant_id: 0x001(1)
[35m[1785138959.443045][m info     | [34mProxyClient.cpp   [m | [37mcreate_datawriter       [m | [32mdatawriter created[m     | client_key: 0x00000008, datawriter_id: 0x013(5), publisher_id: 0x013(3)
[35m[1785138959.443112][m info     | [34mProxyClient.cpp   [m | [37mcreate_topic            [m | [32mtopic created[m          | client_key: 0x00000008, topic_id: 0x057(2), participant_id: 0x001(1)
[35m[1785138959.443124][m info     | [34mProxyClient.cpp   [m | [37mcreate_publisher        [m | [32mpublisher created[m      | client_key: 0x00000008, publisher_id: 0x057(3), participant_id: 0x001(1)
[35m[1785138959.443468][m info     | [34mProxyClient.cpp   [m | [37mcreate_datawriter       [m | [32mdatawriter created[m     | client_key: 0x00000008, datawriter_id: 0x057(5), publisher_id: 0x057(3)
[35m[1785138959.443532][m info     | [34mProxyClient.cpp   [m | [37mcreate_topic            [m | [32mtopic created[m          | client_key: 0x00000008, topic_id: 0x05D(2), participant_id: 0x001(1)
[35m[1785138959.443547][m info     | [34mProxyClient.cpp   [m | [37mcreate_publisher        [m | [32mpublisher created[m      | client_key: 0x00000008, publisher_id: 0x05D(3), participant_id: 0x001(1)
[35m[1785138959.443828][m info     | [34mProxyClient.cpp   [m | [37mcreate_datawriter       [m | [32mdatawriter created[m     | client_key: 0x00000008, datawriter_id: 0x05D(5), publisher_id: 0x05D(3)
[35m[1785138959.443874][m info     | [34mProxyClient.cpp   [m | [37mcreate_topic            [m | [32mtopic created[m          | client_key: 0x00000008, topic_id: 0x08D(2), participant_id: 0x001(1)
[35m[1785138959.443891][m info     | [34mProxyClient.cpp   [m | [37mcreate_publisher        [m | [32mpublisher created[m      | client_key: 0x00000008, publisher_id: 0x08D(3), participant_id: 0x001(1)
[35m[1785138959.444150][m info     | [34mProxyClient.cpp   [m | [37mcreate_datawriter       [m | [32mdatawriter created[m     | client_key: 0x00000008, datawriter_id: 0x08D(5), publisher_id: 0x08D(3)
[35m[1785138959.444199][m info     | [34mProxyClient.cpp   [m | [37mcreate_topic            [m | [32mtopic created[m          | client_key: 0x00000008, topic_id: 0x0B4(2), participant_id: 0x001(1)
[35m[1785138959.444215][m info     | [34mProxyClient.cpp   [m | [37mcreate_publisher        [m | [32mpublisher created[m      | client_key: 0x00000008, publisher_id: 0x0B4(3), participant_id: 0x001(1)
[35m[1785138959.444468][m info     | [34mProxyClient.cpp   [m | [37mcreate_datawriter       [m | [32mdatawriter created[m     | client_key: 0x00000008, datawriter_id: 0x0B4(5), publisher_id: 0x0B4(3)
[35m[1785138959.444511][m info     | [34mProxyClient.cpp   [m | [37mcreate_topic            [m | [32mtopic created[m          | client_key: 0x00000008, topic_id: 0x0CB(2), participant_id: 0x001(1)
[35m[1785138959.444526][m info     | [34mProxyClient.cpp   [m | [37mcreate_publisher        [m | [32mpublisher created[m      | client_key: 0x00000008, publisher_id: 0x0CB(3), participant_id: 0x001(1)
[35m[1785138959.444773][m info     | [34mProxyClient.cpp   [m | [37mcreate_datawriter       [m | [32mdatawriter created[m     | client_key: 0x00000008, datawriter_id: 0x0CB(5), publisher_id: 0x0CB(3)
[35m[1785138959.444817][m info     | [34mProxyClient.cpp   [m | [37mcreate_topic            [m | [32mtopic created[m          | client_key: 0x00000008, topic_id: 0x0E2(2), participant_id: 0x001(1)
[35m[1785138959.444832][m info     | [34mProxyClient.cpp   [m | [37mcreate_publisher        [m | [32mpublisher created[m      | client_key: 0x00000008, publisher_id: 0x0E2(3), participant_id: 0x001(1)
[35m[1785138959.445072][m info     | [34mProxyClient.cpp   [m | [37mcreate_datawriter       [m | [32mdatawriter created[m     | client_key: 0x00000008, datawriter_id: 0x0E2(5), publisher_id: 0x0E2(3)
[35m[1785138959.445120][m info     | [34mProxyClient.cpp   [m | [37mcreate_topic            [m | [32mtopic created[m          | client_key: 0x00000008, topic_id: 0x0F2(2), participant_id: 0x001(1)
[35m[1785138959.445138][m info     | [34mProxyClient.cpp   [m | [37mcreate_publisher        [m | [32mpublisher created[m      | client_key: 0x00000008, publisher_id: 0x0F2(3), participant_id: 0x001(1)
[35m[1785138959.445400][m info     | [34mProxyClient.cpp   [m | [37mcreate_datawriter       [m | [32mdatawriter created[m     | client_key: 0x00000008, datawriter_id: 0x0F2(5), publisher_id: 0x0F2(3)
[35m[1785138959.445489][m info     | [34mProxyClient.cpp   [m | [37mcreate_topic            [m | [32mtopic created[m          | client_key: 0x00000008, topic_id: 0x0F9(2), participant_id: 0x001(1)
[35m[1785138959.445511][m info     | [34mProxyClient.cpp   [m | [37mcreate_publisher        [m | [32mpublisher created[m      | client_key: 0x00000008, publisher_id: 0x0F9(3), participant_id: 0x001(1)
[35m[1785138959.445829][m info     | [34mProxyClient.cpp   [m | [37mcreate_datawriter       [m | [32mdatawriter created[m     | client_key: 0x00000008, datawriter_id: 0x0F9(5), publisher_id: 0x0F9(3)
[35m[1785138959.445900][m info     | [34mProxyClient.cpp   [m | [37mcreate_topic            [m | [32mtopic created[m          | client_key: 0x00000008, topic_id: 0x0FA(2), participant_id: 0x001(1)
[35m[1785138959.445912][m info     | [34mProxyClient.cpp   [m | [37mcreate_publisher        [m | [32mpublisher created[m      | client_key: 0x00000008, publisher_id: 0x0FA(3), participant_id: 0x001(1)
[35m[1785138959.446275][m info     | [34mProxyClient.cpp   [m | [37mcreate_datawriter       [m | [32mdatawriter created[m     | client_key: 0x00000008, datawriter_id: 0x0FA(5), publisher_id: 0x0FA(3)
[35m[1785138959.446355][m info     | [34mProxyClient.cpp   [m | [37mcreate_topic            [m | [32mtopic created[m          | client_key: 0x00000008, topic_id: 0x0FC(2), participant_id: 0x001(1)
[35m[1785138959.446374][m info     | [34mProxyClient.cpp   [m | [37mcreate_publisher        [m | [32mpublisher created[m      | client_key: 0x00000008, publisher_id: 0x0FC(3), participant_id: 0x001(1)
[35m[1785138959.446671][m info     | [34mProxyClient.cpp   [m | [37mcreate_datawriter       [m | [32mdatawriter created[m     | client_key: 0x00000008, datawriter_id: 0x0FC(5), publisher_id: 0x0FC(3)
[35m[1785138959.446724][m info     | [34mProxyClient.cpp   [m | [37mcreate_topic            [m | [32mtopic created[m          | client_key: 0x00000008, topic_id: 0x100(2), participant_id: 0x001(1)
[35m[1785138959.446741][m info     | [34mProxyClient.cpp   [m | [37mcreate_publisher        [m | [32mpublisher created[m      | client_key: 0x00000008, publisher_id: 0x100(3), participant_id: 0x001(1)
[35m[1785138959.446997][m info     | [34mProxyClient.cpp   [m | [37mcreate_datawriter       [m | [32mdatawriter created[m     | client_key: 0x00000008, datawriter_id: 0x100(5), publisher_id: 0x100(3)
[35m[1785138959.447048][m info     | [34mProxyClient.cpp   [m | [37mcreate_topic            [m | [32mtopic created[m          | client_key: 0x00000008, topic_id: 0x105(2), participant_id: 0x001(1)
[35m[1785138959.447062][m info     | [34mProxyClient.cpp   [m | [37mcreate_publisher        [m | [32mpublisher created[m      | client_key: 0x00000008, publisher_id: 0x105(3), participant_id: 0x001(1)
[35m[1785138959.447337][m info     | [34mProxyClient.cpp   [m | [37mcreate_datawriter       [m | [32mdatawriter created[m     | client_key: 0x00000008, datawriter_id: 0x105(5), publisher_id: 0x105(3)
[35m[1785138959.447394][m info     | [34mProxyClient.cpp   [m | [37mcreate_topic            [m | [32mtopic created[m          | client_key: 0x00000008, topic_id: 0x10A(2), participant_id: 0x001(1)
[35m[1785138959.447411][m info     | [34mProxyClient.cpp   [m | [37mcreate_publisher        [m | [32mpublisher created[m      | client_key: 0x00000008, publisher_id: 0x10A(3), participant_id: 0x001(1)
[35m[1785138959.447615][m info     | [34mProxyClient.cpp   [m | [37mcreate_datawriter       [m | [32mdatawriter created[m     | client_key: 0x00000008, datawriter_id: 0x10A(5), publisher_id: 0x10A(3)
[35m[1785138959.838064][m info     | [34mProxyClient.cpp   [m | [37mcreate_topic            [m | [32mtopic created[m          | client_key: 0x00000009, topic_id: 0x013(2), participant_id: 0x001(1)
[35m[1785138959.838102][m info     | [34mProxyClient.cpp   [m | [37mcreate_publisher        [m | [32mpublisher created[m      | client_key: 0x00000009, publisher_id: 0x013(3), participant_id: 0x001(1)
[35m[1785138959.838585][m info     | [34mProxyClient.cpp   [m | [37mcreate_datawriter       [m | [32mdatawriter created[m     | client_key: 0x00000009, datawriter_id: 0x013(5), publisher_id: 0x013(3)
[35m[1785138959.838646][m info     | [34mProxyClient.cpp   [m | [37mcreate_topic            [m | [32mtopic created[m          | client_key: 0x00000009, topic_id: 0x057(2), participant_id: 0x001(1)
[35m[1785138959.838657][m info     | [34mProxyClient.cpp   [m | [37mcreate_publisher        [m | [32mpublisher created[m      | client_key: 0x00000009, publisher_id: 0x057(3), participant_id: 0x001(1)
[35m[1785138959.838943][m info     | [34mProxyClient.cpp   [m | [37mcreate_datawriter       [m | [32mdatawriter created[m     | client_key: 0x00000009, datawriter_id: 0x057(5), publisher_id: 0x057(3)
[35m[1785138959.838995][m info     | [34mProxyClient.cpp   [m | [37mcreate_topic            [m | [32mtopic created[m          | client_key: 0x00000009, topic_id: 0x05D(2), participant_id: 0x001(1)
[35m[1785138959.839004][m info     | [34mProxyClient.cpp   [m | [37mcreate_publisher        [m | [32mpublisher created[m      | client_key: 0x00000009, publisher_id: 0x05D(3), participant_id: 0x001(1)
[35m[1785138959.839250][m info     | [34mProxyClient.cpp   [m | [37mcreate_datawriter       [m | [32mdatawriter created[m     | client_key: 0x00000009, datawriter_id: 0x05D(5), publisher_id: 0x05D(3)
[35m[1785138959.839303][m info     | [34mProxyClient.cpp   [m | [37mcreate_topic            [m | [32mtopic created[m          | client_key: 0x00000009, topic_id: 0x08D(2), participant_id: 0x001(1)
[35m[1785138959.839312][m info     | [34mProxyClient.cpp   [m | [37mcreate_publisher        [m | [32mpublisher created[m      | client_key: 0x00000009, publisher_id: 0x08D(3), participant_id: 0x001(1)
[35m[1785138959.839532][m info     | [34mProxyClient.cpp   [m | [37mcreate_datawriter       [m | [32mdatawriter created[m     | client_key: 0x00000009, datawriter_id: 0x08D(5), publisher_id: 0x08D(3)
[35m[1785138959.839577][m info     | [34mProxyClient.cpp   [m | [37mcreate_topic            [m | [32mtopic created[m          | client_key: 0x00000009, topic_id: 0x0B4(2), participant_id: 0x001(1)
[35m[1785138959.839586][m info     | [34mProxyClient.cpp   [m | [37mcreate_publisher        [m | [32mpublisher created[m      | client_key: 0x00000009, publisher_id: 0x0B4(3), participant_id: 0x001(1)
[35m[1785138959.839801][m info     | [34mProxyClient.cpp   [m | [37mcreate_datawriter       [m | [32mdatawriter created[m     | client_key: 0x00000009, datawriter_id: 0x0B4(5), publisher_id: 0x0B4(3)
[35m[1785138959.839853][m info     | [34mProxyClient.cpp   [m | [37mcreate_topic            [m | [32mtopic created[m          | client_key: 0x00000009, topic_id: 0x0CB(2), participant_id: 0x001(1)
[35m[1785138959.839862][m info     | [34mProxyClient.cpp   [m | [37mcreate_publisher        [m | [32mpublisher created[m      | client_key: 0x00000009, publisher_id: 0x0CB(3), participant_id: 0x001(1)
[35m[1785138959.840076][m info     | [34mProxyClient.cpp   [m | [37mcreate_datawriter       [m | [32mdatawriter created[m     | client_key: 0x00000009, datawriter_id: 0x0CB(5), publisher_id: 0x0CB(3)
[35m[1785138959.840122][m info     | [34mProxyClient.cpp   [m | [37mcreate_topic            [m | [32mtopic created[m          | client_key: 0x00000009, topic_id: 0x0E2(2), participant_id: 0x001(1)
[35m[1785138959.840131][m info     | [34mProxyClient.cpp   [m | [37mcreate_publisher        [m | [32mpublisher created[m      | client_key: 0x00000009, publisher_id: 0x0E2(3), participant_id: 0x001(1)
[35m[1785138959.840347][m info     | [34mProxyClient.cpp   [m | [37mcreate_datawriter       [m | [32mdatawriter created[m     | client_key: 0x00000009, datawriter_id: 0x0E2(5), publisher_id: 0x0E2(3)
[35m[1785138959.840400][m info     | [34mProxyClient.cpp   [m | [37mcreate_topic            [m | [32mtopic created[m          | client_key: 0x00000009, topic_id: 0x0F2(2), participant_id: 0x001(1)
[35m[1785138959.840409][m info     | [34mProxyClient.cpp   [m | [37mcreate_publisher        [m | [32mpublisher created[m      | client_key: 0x00000009, publisher_id: 0x0F2(3), participant_id: 0x001(1)
[35m[1785138959.840625][m info     | [34mProxyClient.cpp   [m | [37mcreate_datawriter       [m | [32mdatawriter created[m     | client_key: 0x00000009, datawriter_id: 0x0F2(5), publisher_id: 0x0F2(3)
[35m[1785138959.840667][m info     | [34mProxyClient.cpp   [m | [37mcreate_topic            [m | [32mtopic created[m          | client_key: 0x00000009, topic_id: 0x0F9(2), participant_id: 0x001(1)
[35m[1785138959.840686][m info     | [34mProxyClient.cpp   [m | [37mcreate_publisher        [m | [32mpublisher created[m      | client_key: 0x00000009, publisher_id: 0x0F9(3), participant_id: 0x001(1)
[35m[1785138959.840887][m info     | [34mProxyClient.cpp   [m | [37mcreate_datawriter       [m | [32mdatawriter created[m     | client_key: 0x00000009, datawriter_id: 0x0F9(5), publisher_id: 0x0F9(3)
[35m[1785138959.840932][m info     | [34mProxyClient.cpp   [m | [37mcreate_topic            [m | [32mtopic created[m          | client_key: 0x00000009, topic_id: 0x0FA(2), participant_id: 0x001(1)
[35m[1785138959.840945][m info     | [34mProxyClient.cpp   [m | [37mcreate_publisher        [m | [32mpublisher created[m      | client_key: 0x00000009, publisher_id: 0x0FA(3), participant_id: 0x001(1)
[35m[1785138959.841152][m info     | [34mProxyClient.cpp   [m | [37mcreate_datawriter       [m | [32mdatawriter created[m     | client_key: 0x00000009, datawriter_id: 0x0FA(5), publisher_id: 0x0FA(3)
[35m[1785138959.841208][m info     | [34mProxyClient.cpp   [m | [37mcreate_topic            [m | [32mtopic created[m          | client_key: 0x00000009, topic_id: 0x0FC(2), participant_id: 0x001(1)
[35m[1785138959.841219][m info     | [34mProxyClient.cpp   [m | [37mcreate_publisher        [m | [32mpublisher created[m      | client_key: 0x00000009, publisher_id: 0x0FC(3), participant_id: 0x001(1)
[35m[1785138959.841426][m info     | [34mProxyClient.cpp   [m | [37mcreate_datawriter       [m | [32mdatawriter created[m     | client_key: 0x00000009, datawriter_id: 0x0FC(5), publisher_id: 0x0FC(3)
[35m[1785138959.841497][m info     | [34mProxyClient.cpp   [m | [37mcreate_topic            [m | [32mtopic created[m          | client_key: 0x00000009, topic_id: 0x100(2), participant_id: 0x001(1)
[35m[1785138959.841506][m info     | [34mProxyClient.cpp   [m | [37mcreate_publisher        [m | [32mpublisher created[m      | client_key: 0x00000009, publisher_id: 0x100(3), participant_id: 0x001(1)
[35m[1785138959.841758][m info     | [34mProxyClient.cpp   [m | [37mcreate_datawriter       [m | [32mdatawriter created[m     | client_key: 0x00000009, datawriter_id: 0x100(5), publisher_id: 0x100(3)
[35m[1785138959.841868][m info     | [34mProxyClient.cpp   [m | [37mcreate_topic            [m | [32mtopic created[m          | client_key: 0x00000009, topic_id: 0x105(2), participant_id: 0x001(1)
[35m[1785138959.841887][m info     | [34mProxyClient.cpp   [m | [37mcreate_publisher        [m | [32mpublisher created[m      | client_key: 0x00000009, publisher_id: 0x105(3), participant_id: 0x001(1)
[35m[1785138959.842164][m info     | [34mProxyClient.cpp   [m | [37mcreate_datawriter       [m | [32mdatawriter created[m     | client_key: 0x00000009, datawriter_id: 0x105(5), publisher_id: 0x105(3)
[35m[1785138959.842318][m info     | [34mProxyClient.cpp   [m | [37mcreate_topic            [m | [32mtopic created[m          | client_key: 0x00000009, topic_id: 0x10A(2), participant_id: 0x001(1)
[35m[1785138959.842332][m info     | [34mProxyClient.cpp   [m | [37mcreate_publisher        [m | [32mpublisher created[m      | client_key: 0x00000009, publisher_id: 0x10A(3), participant_id: 0x001(1)
[35m[1785138959.842555][m info     | [34mProxyClient.cpp   [m | [37mcreate_datawriter       [m | [32mdatawriter created[m     | client_key: 0x00000009, datawriter_id: 0x10A(5), publisher_id: 0x10A(3)
[35m[1785138972.119440][m info     | [34mProxyClient.cpp   [m | [37mcreate_topic            [m | [32mtopic created[m          | client_key: 0x00000003, topic_id: 0x0F6(2), participant_id: 0x001(1)
[35m[1785138972.119479][m info     | [34mProxyClient.cpp   [m | [37mcreate_publisher        [m | [32mpublisher created[m      | client_key: 0x00000003, publisher_id: 0x0F6(3), participant_id: 0x001(1)
[35m[1785138972.120097][m info     | [34mProxyClient.cpp   [m | [37mcreate_datawriter       [m | [32mdatawriter created[m     | client_key: 0x00000003, datawriter_id: 0x0F6(5), publisher_id: 0x0F6(3)
[35m[1785138972.132032][m info     | [34mProxyClient.cpp   [m | [37mcreate_topic            [m | [32mtopic created[m          | client_key: 0x00000009, topic_id: 0x0F6(2), participant_id: 0x001(1)
[35m[1785138972.132073][m info     | [34mProxyClient.cpp   [m | [37mcreate_publisher        [m | [32mpublisher created[m      | client_key: 0x00000009, publisher_id: 0x0F6(3), participant_id: 0x001(1)
[35m[1785138972.132731][m info     | [34mProxyClient.cpp   [m | [37mcreate_datawriter       [m | [32mdatawriter created[m     | client_key: 0x00000009, datawriter_id: 0x0F6(5), publisher_id: 0x0F6(3)
[35m[1785138972.203470][m info     | [34mProxyClient.cpp   [m | [37mcreate_topic            [m | [32mtopic created[m          | client_key: 0x00000002, topic_id: 0x0F6(2), participant_id: 0x001(1)
[35m[1785138972.203508][m info     | [34mProxyClient.cpp   [m | [37mcreate_publisher        [m | [32mpublisher created[m      | client_key: 0x00000002, publisher_id: 0x0F6(3), participant_id: 0x001(1)
[35m[1785138972.204256][m info     | [34mProxyClient.cpp   [m | [37mcreate_datawriter       [m | [32mdatawriter created[m     | client_key: 0x00000002, datawriter_id: 0x0F6(5), publisher_id: 0x0F6(3)
[35m[1785138972.204321][m info     | [34mProxyClient.cpp   [m | [37mcreate_topic            [m | [32mtopic created[m          | client_key: 0x00000004, topic_id: 0x0F6(2), participant_id: 0x001(1)
[35m[1785138972.204345][m info     | [34mProxyClient.cpp   [m | [37mcreate_publisher        [m | [32mpublisher created[m      | client_key: 0x00000004, publisher_id: 0x0F6(3), participant_id: 0x001(1)
[35m[1785138972.204808][m info     | [34mProxyClient.cpp   [m | [37mcreate_datawriter       [m | [32mdatawriter created[m     | client_key: 0x00000004, datawriter_id: 0x0F6(5), publisher_id: 0x0F6(3)
[35m[1785138972.205024][m info     | [34mProxyClient.cpp   [m | [37mcreate_topic            [m | [32mtopic created[m          | client_key: 0x00000008, topic_id: 0x0F6(2), participant_id: 0x001(1)
[35m[1785138972.205042][m info     | [34mProxyClient.cpp   [m | [37mcreate_publisher        [m | [32mpublisher created[m      | client_key: 0x00000008, publisher_id: 0x0F6(3), participant_id: 0x001(1)
[35m[1785138972.205486][m info     | [34mProxyClient.cpp   [m | [37mcreate_datawriter       [m | [32mdatawriter created[m     | client_key: 0x00000008, datawriter_id: 0x0F6(5), publisher_id: 0x0F6(3)
[35m[1785138972.211655][m info     | [34mProxyClient.cpp   [m | [37mcreate_topic            [m | [32mtopic created[m          | client_key: 0x00000006, topic_id: 0x0F6(2), participant_id: 0x001(1)
[35m[1785138972.211690][m info     | [34mProxyClient.cpp   [m | [37mcreate_publisher        [m | [32mpublisher created[m      | client_key: 0x00000006, publisher_id: 0x0F6(3), participant_id: 0x001(1)
[35m[1785138972.212130][m info     | [34mProxyClient.cpp   [m | [37mcreate_datawriter       [m | [32mdatawriter created[m     | client_key: 0x00000006, datawriter_id: 0x0F6(5), publisher_id: 0x0F6(3)
[35m[1785138972.212201][m info     | [34mProxyClient.cpp   [m | [37mcreate_topic            [m | [32mtopic created[m          | client_key: 0x00000007, topic_id: 0x0F6(2), participant_id: 0x001(1)
[35m[1785138972.212219][m info     | [34mProxyClient.cpp   [m | [37mcreate_publisher        [m | [32mpublisher created[m      | client_key: 0x00000007, publisher_id: 0x0F6(3), participant_id: 0x001(1)
[35m[1785138972.212643][m info     | [34mProxyClient.cpp   [m | [37mcreate_datawriter       [m | [32mdatawriter created[m     | client_key: 0x00000007, datawriter_id: 0x0F6(5), publisher_id: 0x0F6(3)
[35m[1785138972.215482][m info     | [34mProxyClient.cpp   [m | [37mcreate_topic            [m | [32mtopic created[m          | client_key: 0x00000005, topic_id: 0x0F6(2), participant_id: 0x001(1)
[35m[1785138972.215540][m info     | [34mProxyClient.cpp   [m | [37mcreate_publisher        [m | [32mpublisher created[m      | client_key: 0x00000005, publisher_id: 0x0F6(3), participant_id: 0x001(1)
[35m[1785138972.215983][m info     | [34mProxyClient.cpp   [m | [37mcreate_datawriter       [m | [32mdatawriter created[m     | client_key: 0x00000005, datawriter_id: 0x0F6(5), publisher_id: 0x0F6(3)
[35m[1785139048.900549][m info     | [34mRoot.cpp          [m | [37mdelete_client           [m | [32mdelete[m                 | client_key: 0x00000009
[35m[1785139048.900579][m info     | [34mSessionManager.hpp[m | [37mdestroy_session         [m | [32msession closed[m         | client_key: 0x00000009, address: 127.0.0.1:6302
[35m[1785139050.462559][m info     | [34mRoot.cpp          [m | [37mdelete_client           [m | [32mdelete[m                 | client_key: 0x00000008
[35m[1785139050.462585][m info     | [34mSessionManager.hpp[m | [37mdestroy_session         [m | [32msession closed[m         | client_key: 0x00000008, address: 127.0.0.1:23176
[35m[1785139050.615703][m info     | [34mSessionManager.hpp[m | [37mestablish_session       [m | [32msession re-established[m | client_key: 0x00000007, address: 127.0.0.1:63963
[35m[1785139050.663227][m info     | [34mSessionManager.hpp[m | [37mestablish_session       [m | [32msession re-established[m | client_key: 0x00000007, address: 127.0.0.1:63963
[35m[1785139050.704491][m info     | [34mSessionManager.hpp[m | [37mestablish_session       [m | [32msession re-established[m | client_key: 0x00000007, address: 127.0.0.1:63963
[35m[1785139050.744468][m info     | [34mSessionManager.hpp[m | [37mestablish_session       [m | [32msession re-established[m | client_key: 0x00000007, address: 127.0.0.1:63963
[35m[1785139050.780912][m info     | [34mSessionManager.hpp[m | [37mestablish_session       [m | [32msession re-established[m | client_key: 0x00000007, address: 127.0.0.1:63963
[35m[1785139050.819006][m info     | [34mSessionManager.hpp[m | [37mestablish_session       [m | [32msession re-established[m | client_key: 0x00000007, address: 127.0.0.1:63963
[35m[1785139050.845929][m info     | [34mSessionManager.hpp[m | [37mestablish_session       [m | [32msession re-established[m | client_key: 0x00000004, address: 127.0.0.1:31153
[35m[1785139050.846366][m info     | [34mRoot.cpp          [m | [37mcreate_client           [m | [32mcreate[m                 | client_key: 0x00000008, session_id: 0x81
[35m[1785139050.846377][m info     | [34mSessionManager.hpp[m | [37mestablish_session       [m | [32msession established[m    | client_key: 0x00000008, address: 127.0.0.1:23176
[35m[1785139050.847240][m info     | [34mRoot.cpp          [m | [37mcreate_client           [m | [32mcreate[m                 | client_key: 0x00000009, session_id: 0x81
[35m[1785139050.847249][m info     | [34mSessionManager.hpp[m | [37mestablish_session       [m | [32msession established[m    | client_key: 0x00000009, address: 127.0.0.1:6302
[35m[1785139050.861097][m info     | [34mSessionManager.hpp[m | [37mestablish_session       [m | [32msession re-established[m | client_key: 0x00000007, address: 127.0.0.1:63963
[35m[1785139050.890769][m info     | [34mSessionManager.hpp[m | [37mestablish_session       [m | [32msession re-established[m | client_key: 0x00000004, address: 127.0.0.1:31153
[35m[1785139050.890888][m info     | [34mSessionManager.hpp[m | [37mestablish_session       [m | [32msession re-established[m | client_key: 0x00000008, address: 127.0.0.1:23176
[35m[1785139050.891395][m info     | [34mSessionManager.hpp[m | [37mestablish_session       [m | [32msession re-established[m | client_key: 0x00000009, address: 127.0.0.1:6302
[35m[1785139050.902677][m info     | [34mSessionManager.hpp[m | [37mestablish_session       [m | [32msession re-established[m | client_key: 0x00000007, address: 127.0.0.1:63963
[35m[1785139050.928581][m info     | [34mSessionManager.hpp[m | [37mestablish_session       [m | [32msession re-established[m | client_key: 0x00000004, address: 127.0.0.1:31153
[35m[1785139050.928600][m info     | [34mSessionManager.hpp[m | [37mestablish_session       [m | [32msession re-established[m | client_key: 0x00000008, address: 127.0.0.1:23176
[35m[1785139050.929398][m info     | [34mSessionManager.hpp[m | [37mestablish_session       [m | [32msession re-established[m | client_key: 0x00000009, address: 127.0.0.1:6302
[35m[1785139050.942358][m info     | [34mSessionManager.hpp[m | [37mestablish_session       [m | [32msession re-established[m | client_key: 0x00000007, address: 127.0.0.1:63963
[35m[1785139050.968853][m info     | [34mSessionManager.hpp[m | [37mestablish_session       [m | [32msession re-established[m | client_key: 0x00000004, address: 127.0.0.1:31153
[35m[1785139050.969083][m info     | [34mSessionManager.hpp[m | [37mestablish_session       [m | [32msession re-established[m | client_key: 0x00000008, address: 127.0.0.1:23176
[35m[1785139050.969906][m info     | [34mSessionManager.hpp[m | [37mestablish_session       [m | [32msession re-established[m | client_key: 0x00000009, address: 127.0.0.1:6302
[35m[1785139050.983239][m info     | [34mSessionManager.hpp[m | [37mestablish_session       [m | [32msession re-established[m | client_key: 0x00000007, address: 127.0.0.1:63963
[35m[1785139050.996010][m info     | [34mProxyClient.cpp   [m | [37mcreate_participant      [m | [32mparticipant created[m    | client_key: 0x00000007, participant_id: 0x001(1)
[35m[1785139051.014894][m info     | [34mProxyClient.cpp   [m | [37mcreate_participant      [m | [32mparticipant created[m    | client_key: 0x00000004, participant_id: 0x001(1)
[35m[1785139051.017987][m info     | [34mProxyClient.cpp   [m | [37mcreate_participant      [m | [32mparticipant created[m    | client_key: 0x00000008, participant_id: 0x001(1)
[35m[1785139051.021239][m info     | [34mProxyClient.cpp   [m | [37mcreate_participant      [m | [32mparticipant created[m    | client_key: 0x00000009, participant_id: 0x001(1)
[35m[1785139051.035574][m info     | [34mProxyClient.cpp   [m | [37mcreate_topic            [m | [32mtopic created[m          | client_key: 0x00000007, topic_id: 0x800(2), participant_id: 0x001(1)
[35m[1785139051.035618][m info     | [34mProxyClient.cpp   [m | [37mcreate_subscriber       [m | [32msubscriber created[m     | client_key: 0x00000007, subscriber_id: 0x800(4), participant_id: 0x001(1)
[35m[1785139051.041632][m info     | [34mProxyClient.cpp   [m | [37mcreate_datareader       [m | [32mdatareader created[m     | client_key: 0x00000007, datareader_id: 0x800(6), subscriber_id: 0x800(4)
[35m[1785139051.043555][m info     | [34mProxyClient.cpp   [m | [37mcreate_topic            [m | [32mtopic created[m          | client_key: 0x00000004, topic_id: 0x800(2), participant_id: 0x001(1)
[35m[1785139051.043588][m info     | [34mProxyClient.cpp   [m | [37mcreate_subscriber       [m | [32msubscriber created[m     | client_key: 0x00000004, subscriber_id: 0x800(4), participant_id: 0x001(1)
[35m[1785139051.129892][m info     | [34mProxyClient.cpp   [m | [37mcreate_datareader       [m | [32mdatareader created[m     | client_key: 0x00000004, datareader_id: 0x800(6), subscriber_id: 0x800(4)
[35m[1785139051.129957][m info     | [34mProxyClient.cpp   [m | [37mcreate_topic            [m | [32mtopic created[m          | client_key: 0x00000008, topic_id: 0x800(2), participant_id: 0x001(1)
[35m[1785139051.129979][m info     | [34mProxyClient.cpp   [m | [37mcreate_subscriber       [m | [32msubscriber created[m     | client_key: 0x00000008, subscriber_id: 0x800(4), participant_id: 0x001(1)
[35m[1785139051.130413][m info     | [34mProxyClient.cpp   [m | [37mcreate_datareader       [m | [32mdatareader created[m     | client_key: 0x00000008, datareader_id: 0x800(6), subscriber_id: 0x800(4)
[35m[1785139051.130661][m info     | [34mProxyClient.cpp   [m | [37mcreate_topic            [m | [32mtopic created[m          | client_key: 0x00000009, topic_id: 0x800(2), participant_id: 0x001(1)
[35m[1785139051.130684][m info     | [34mProxyClient.cpp   [m | [37mcreate_subscriber       [m | [32msubscriber created[m     | client_key: 0x00000009, subscriber_id: 0x800(4), participant_id: 0x001(1)
[35m[1785139051.131134][m info     | [34mProxyClient.cpp   [m | [37mcreate_datareader       [m | [32mdatareader created[m     | client_key: 0x00000009, datareader_id: 0x800(6), subscriber_id: 0x800(4)
[35m[1785139051.132186][m info     | [34mProxyClient.cpp   [m | [37mcreate_topic            [m | [32mtopic created[m          | client_key: 0x00000007, topic_id: 0x801(2), participant_id: 0x001(1)
[35m[1785139051.132219][m info     | [34mProxyClient.cpp   [m | [37mcreate_subscriber       [m | [32msubscriber created[m     | client_key: 0x00000007, subscriber_id: 0x801(4), participant_id: 0x001(1)
[35m[1785139051.140422][m info     | [34mProxyClient.cpp   [m | [37mcreate_datareader       [m | [32mdatareader created[m     | client_key: 0x00000007, datareader_id: 0x801(6), subscriber_id: 0x801(4)
[35m[1785139051.144795][m info     | [34mProxyClient.cpp   [m | [37mcreate_topic            [m | [32mtopic created[m          | client_key: 0x00000004, topic_id: 0x801(2), participant_id: 0x001(1)
[35m[1785139051.144822][m info     | [34mProxyClient.cpp   [m | [37mcreate_subscriber       [m | [32msubscriber created[m     | client_key: 0x00000004, subscriber_id: 0x801(4), participant_id: 0x001(1)
[35m[1785139051.229942][m info     | [34mProxyClient.cpp   [m | [37mcreate_datareader       [m | [32mdatareader created[m     | client_key: 0x00000004, datareader_id: 0x801(6), subscriber_id: 0x801(4)
[35m[1785139051.230013][m info     | [34mProxyClient.cpp   [m | [37mcreate_topic            [m | [32mtopic created[m          | client_key: 0x00000008, topic_id: 0x801(2), participant_id: 0x001(1)
[35m[1785139051.230029][m info     | [34mProxyClient.cpp   [m | [37mcreate_subscriber       [m | [32msubscriber created[m     | client_key: 0x00000008, subscriber_id: 0x801(4), participant_id: 0x001(1)
[35m[1785139051.230371][m info     | [34mProxyClient.cpp   [m | [37mcreate_datareader       [m | [32mdatareader created[m     | client_key: 0x00000008, datareader_id: 0x801(6), subscriber_id: 0x801(4)
[35m[1785139051.230428][m info     | [34mProxyClient.cpp   [m | [37mcreate_topic            [m | [32mtopic created[m          | client_key: 0x00000009, topic_id: 0x801(2), participant_id: 0x001(1)
[35m[1785139051.230440][m info     | [34mProxyClient.cpp   [m | [37mcreate_subscriber       [m | [32msubscriber created[m     | client_key: 0x00000009, subscriber_id: 0x801(4), participant_id: 0x001(1)
[35m[1785139051.230757][m info     | [34mProxyClient.cpp   [m | [37mcreate_datareader       [m | [32mdatareader created[m     | client_key: 0x00000009, datareader_id: 0x801(6), subscriber_id: 0x801(4)
[35m[1785139051.231329][m info     | [34mProxyClient.cpp   [m | [37mcreate_topic            [m | [32mtopic created[m          | client_key: 0x00000007, topic_id: 0x802(2), participant_id: 0x001(1)
[35m[1785139051.231348][m info     | [34mProxyClient.cpp   [m | [37mcreate_subscriber       [m | [32msubscriber created[m     | client_key: 0x00000007, subscriber_id: 0x802(4), participant_id: 0x001(1)
[35m[1785139051.238018][m info     | [34mProxyClient.cpp   [m | [37mcreate_datareader       [m | [32mdatareader created[m     | client_key: 0x00000007, datareader_id: 0x802(6), subscriber_id: 0x802(4)
[35m[1785139051.241945][m info     | [34mProxyClient.cpp   [m | [37mcreate_topic            [m | [32mtopic created[m          | client_key: 0x00000004, topic_id: 0x802(2), participant_id: 0x001(1)
[35m[1785139051.241966][m info     | [34mProxyClient.cpp   [m | [37mcreate_subscriber       [m | [32msubscriber created[m     | client_key: 0x00000004, subscriber_id: 0x802(4), participant_id: 0x001(1)
[35m[1785139051.328302][m info     | [34mProxyClient.cpp   [m | [37mcreate_datareader       [m | [32mdatareader created[m     | client_key: 0x00000004, datareader_id: 0x802(6), subscriber_id: 0x802(4)
[35m[1785139051.328371][m info     | [34mProxyClient.cpp   [m | [37mcreate_topic            [m | [32mtopic created[m          | client_key: 0x00000008, topic_id: 0x802(2), participant_id: 0x001(1)
[35m[1785139051.328389][m info     | [34mProxyClient.cpp   [m | [37mcreate_subscriber       [m | [32msubscriber created[m     | client_key: 0x00000008, subscriber_id: 0x802(4), participant_id: 0x001(1)
[35m[1785139051.328736][m info     | [34mProxyClient.cpp   [m | [37mcreate_datareader       [m | [32mdatareader created[m     | client_key: 0x00000008, datareader_id: 0x802(6), subscriber_id: 0x802(4)
[35m[1785139051.328801][m info     | [34mProxyClient.cpp   [m | [37mcreate_topic            [m | [32mtopic created[m          | client_key: 0x00000009, topic_id: 0x802(2), participant_id: 0x001(1)
[35m[1785139051.328814][m info     | [34mProxyClient.cpp   [m | [37mcreate_subscriber       [m | [32msubscriber created[m     | client_key: 0x00000009, subscriber_id: 0x802(4), participant_id: 0x001(1)
[35m[1785139051.329155][m info     | [34mProxyClient.cpp   [m | [37mcreate_datareader       [m | [32mdatareader created[m     | client_key: 0x00000009, datareader_id: 0x802(6), subscriber_id: 0x802(4)
[35m[1785139051.329649][m info     | [34mProxyClient.cpp   [m | [37mcreate_topic            [m | [32mtopic created[m          | client_key: 0x00000007, topic_id: 0x803(2), participant_id: 0x001(1)
[35m[1785139051.329664][m info     | [34mProxyClient.cpp   [m | [37mcreate_subscriber       [m | [32msubscriber created[m     | client_key: 0x00000007, subscriber_id: 0x803(4), participant_id: 0x001(1)
[35m[1785139051.341113][m info     | [34mProxyClient.cpp   [m | [37mcreate_datareader       [m | [32mdatareader created[m     | client_key: 0x00000007, datareader_id: 0x803(6), subscriber_id: 0x803(4)
[35m[1785139051.344820][m info     | [34mProxyClient.cpp   [m | [37mcreate_topic            [m | [32mtopic created[m          | client_key: 0x00000004, topic_id: 0x803(2), participant_id: 0x001(1)
[35m[1785139051.344842][m info     | [34mProxyClient.cpp   [m | [37mcreate_subscriber       [m | [32msubscriber created[m     | client_key: 0x00000004, subscriber_id: 0x803(4), participant_id: 0x001(1)
[35m[1785139051.430216][m info     | [34mProxyClient.cpp   [m | [37mcreate_datareader       [m | [32mdatareader created[m     | client_key: 0x00000004, datareader_id: 0x803(6), subscriber_id: 0x803(4)
[35m[1785139051.430293][m info     | [34mProxyClient.cpp   [m | [37mcreate_topic            [m | [32mtopic created[m          | client_key: 0x00000008, topic_id: 0x803(2), participant_id: 0x001(1)
[35m[1785139051.430307][m info     | [34mProxyClient.cpp   [m | [37mcreate_subscriber       [m | [32msubscriber created[m     | client_key: 0x00000008, subscriber_id: 0x803(4), participant_id: 0x001(1)
[35m[1785139051.430626][m info     | [34mProxyClient.cpp   [m | [37mcreate_datareader       [m | [32mdatareader created[m     | client_key: 0x00000008, datareader_id: 0x803(6), subscriber_id: 0x803(4)
[35m[1785139051.430695][m info     | [34mProxyClient.cpp   [m | [37mcreate_topic            [m | [32mtopic created[m          | client_key: 0x00000009, topic_id: 0x803(2), participant_id: 0x001(1)
[35m[1785139051.430706][m info     | [34mProxyClient.cpp   [m | [37mcreate_subscriber       [m | [32msubscriber created[m     | client_key: 0x00000009, subscriber_id: 0x803(4), participant_id: 0x001(1)
[35m[1785139051.431001][m info     | [34mProxyClient.cpp   [m | [37mcreate_datareader       [m | [32mdatareader created[m     | client_key: 0x00000009, datareader_id: 0x803(6), subscriber_id: 0x803(4)
[35m[1785139051.431712][m info     | [34mProxyClient.cpp   [m | [37mcreate_topic            [m | [32mtopic created[m          | client_key: 0x00000007, topic_id: 0x804(2), participant_id: 0x001(1)
[35m[1785139051.431736][m info     | [34mProxyClient.cpp   [m | [37mcreate_subscriber       [m | [32msubscriber created[m     | client_key: 0x00000007, subscriber_id: 0x804(4), participant_id: 0x001(1)
[35m[1785139051.441157][m info     | [34mProxyClient.cpp   [m | [37mcreate_datareader       [m | [32mdatareader created[m     | client_key: 0x00000007, datareader_id: 0x804(6), subscriber_id: 0x804(4)
[35m[1785139051.444812][m info     | [34mProxyClient.cpp   [m | [37mcreate_topic            [m | [32mtopic created[m          | client_key: 0x00000004, topic_id: 0x804(2), participant_id: 0x001(1)
[35m[1785139051.444833][m info     | [34mProxyClient.cpp   [m | [37mcreate_subscriber       [m | [32msubscriber created[m     | client_key: 0x00000004, subscriber_id: 0x804(4), participant_id: 0x001(1)
[35m[1785139051.528042][m info     | [34mProxyClient.cpp   [m | [37mcreate_datareader       [m | [32mdatareader created[m     | client_key: 0x00000004, datareader_id: 0x804(6), subscriber_id: 0x804(4)
[35m[1785139051.528115][m info     | [34mProxyClient.cpp   [m | [37mcreate_topic            [m | [32mtopic created[m          | client_key: 0x00000008, topic_id: 0x804(2), participant_id: 0x001(1)
[35m[1785139051.528133][m info     | [34mProxyClient.cpp   [m | [37mcreate_subscriber       [m | [32msubscriber created[m     | client_key: 0x00000008, subscriber_id: 0x804(4), participant_id: 0x001(1)
[35m[1785139051.528488][m info     | [34mProxyClient.cpp   [m | [37mcreate_datareader       [m | [32mdatareader created[m     | client_key: 0x00000008, datareader_id: 0x804(6), subscriber_id: 0x804(4)
[35m[1785139051.528565][m info     | [34mProxyClient.cpp   [m | [37mcreate_topic            [m | [32mtopic created[m          | client_key: 0x00000009, topic_id: 0x804(2), participant_id: 0x001(1)
[35m[1785139051.528577][m info     | [34mProxyClient.cpp   [m | [37mcreate_subscriber       [m | [32msubscriber created[m     | client_key: 0x00000009, subscriber_id: 0x804(4), participant_id: 0x001(1)
[35m[1785139051.528899][m info     | [34mProxyClient.cpp   [m | [37mcreate_datareader       [m | [32mdatareader created[m     | client_key: 0x00000009, datareader_id: 0x804(6), subscriber_id: 0x804(4)
[35m[1785139051.529579][m info     | [34mProxyClient.cpp   [m | [37mcreate_topic            [m | [32mtopic created[m          | client_key: 0x00000007, topic_id: 0x805(2), participant_id: 0x001(1)
[35m[1785139051.529598][m info     | [34mProxyClient.cpp   [m | [37mcreate_subscriber       [m | [32msubscriber created[m     | client_key: 0x00000007, subscriber_id: 0x805(4), participant_id: 0x001(1)
[35m[1785139051.539578][m info     | [34mProxyClient.cpp   [m | [37mcreate_datareader       [m | [32mdatareader created[m     | client_key: 0x00000007, datareader_id: 0x805(6), subscriber_id: 0x805(4)
[35m[1785139051.542752][m info     | [34mProxyClient.cpp   [m | [37mcreate_topic            [m | [32mtopic created[m          | client_key: 0x00000004, topic_id: 0x805(2), participant_id: 0x001(1)
[35m[1785139051.542775][m info     | [34mProxyClient.cpp   [m | [37mcreate_subscriber       [m | [32msubscriber created[m     | client_key: 0x00000004, subscriber_id: 0x805(4), participant_id: 0x001(1)
[35m[1785139051.630355][m info     | [34mProxyClient.cpp   [m | [37mcreate_datareader       [m | [32mdatareader created[m     | client_key: 0x00000004, datareader_id: 0x805(6), subscriber_id: 0x805(4)
[35m[1785139051.630435][m info     | [34mProxyClient.cpp   [m | [37mcreate_topic            [m | [32mtopic created[m          | client_key: 0x00000008, topic_id: 0x805(2), participant_id: 0x001(1)
[35m[1785139051.630451][m info     | [34mProxyClient.cpp   [m | [37mcreate_subscriber       [m | [32msubscriber created[m     | client_key: 0x00000008, subscriber_id: 0x805(4), participant_id: 0x001(1)
[35m[1785139051.630838][m info     | [34mProxyClient.cpp   [m | [37mcreate_datareader       [m | [32mdatareader created[m     | client_key: 0x00000008, datareader_id: 0x805(6), subscriber_id: 0x805(4)
[35m[1785139051.631053][m info     | [34mProxyClient.cpp   [m | [37mcreate_topic            [m | [32mtopic created[m          | client_key: 0x00000009, topic_id: 0x805(2), participant_id: 0x001(1)
[35m[1785139051.631068][m info     | [34mProxyClient.cpp   [m | [37mcreate_subscriber       [m | [32msubscriber created[m     | client_key: 0x00000009, subscriber_id: 0x805(4), participant_id: 0x001(1)
[35m[1785139051.631403][m info     | [34mProxyClient.cpp   [m | [37mcreate_datareader       [m | [32mdatareader created[m     | client_key: 0x00000009, datareader_id: 0x805(6), subscriber_id: 0x805(4)
[35m[1785139051.631730][m info     | [34mProxyClient.cpp   [m | [37mcreate_topic            [m | [32mtopic created[m          | client_key: 0x00000007, topic_id: 0x806(2), participant_id: 0x001(1)
[35m[1785139051.631746][m info     | [34mProxyClient.cpp   [m | [37mcreate_subscriber       [m | [32msubscriber created[m     | client_key: 0x00000007, subscriber_id: 0x806(4), participant_id: 0x001(1)
[35m[1785139051.641305][m info     | [34mProxyClient.cpp   [m | [37mcreate_datareader       [m | [32mdatareader created[m     | client_key: 0x00000007, datareader_id: 0x806(6), subscriber_id: 0x806(4)
[35m[1785139051.645075][m info     | [34mProxyClient.cpp   [m | [37mcreate_topic            [m | [32mtopic created[m          | client_key: 0x00000004, topic_id: 0x806(2), participant_id: 0x001(1)
[35m[1785139051.645094][m info     | [34mProxyClient.cpp   [m | [37mcreate_subscriber       [m | [32msubscriber created[m     | client_key: 0x00000004, subscriber_id: 0x806(4), participant_id: 0x001(1)
[35m[1785139051.732358][m info     | [34mProxyClient.cpp   [m | [37mcreate_datareader       [m | [32mdatareader created[m     | client_key: 0x00000004, datareader_id: 0x806(6), subscriber_id: 0x806(4)
[35m[1785139051.732928][m info     | [34mProxyClient.cpp   [m | [37mcreate_topic            [m | [32mtopic created[m          | client_key: 0x00000008, topic_id: 0x806(2), participant_id: 0x001(1)
[35m[1785139051.732950][m info     | [34mProxyClient.cpp   [m | [37mcreate_subscriber       [m | [32msubscriber created[m     | client_key: 0x00000008, subscriber_id: 0x806(4), participant_id: 0x001(1)
[35m[1785139051.733317][m info     | [34mProxyClient.cpp   [m | [37mcreate_datareader       [m | [32mdatareader created[m     | client_key: 0x00000008, datareader_id: 0x806(6), subscriber_id: 0x806(4)
[35m[1785139051.733389][m info     | [34mProxyClient.cpp   [m | [37mcreate_topic            [m | [32mtopic created[m          | client_key: 0x00000009, topic_id: 0x806(2), participant_id: 0x001(1)
[35m[1785139051.733403][m info     | [34mProxyClient.cpp   [m | [37mcreate_subscriber       [m | [32msubscriber created[m     | client_key: 0x00000009, subscriber_id: 0x806(4), participant_id: 0x001(1)
[35m[1785139051.733744][m info     | [34mProxyClient.cpp   [m | [37mcreate_datareader       [m | [32mdatareader created[m     | client_key: 0x00000009, datareader_id: 0x806(6), subscriber_id: 0x806(4)
[35m[1785139051.734189][m info     | [34mProxyClient.cpp   [m | [37mcreate_topic            [m | [32mtopic created[m          | client_key: 0x00000007, topic_id: 0x807(2), participant_id: 0x001(1)
[35m[1785139051.734206][m info     | [34mProxyClient.cpp   [m | [37mcreate_subscriber       [m | [32msubscriber created[m     | client_key: 0x00000007, subscriber_id: 0x807(4), participant_id: 0x001(1)
[35m[1785139051.739687][m info     | [34mProxyClient.cpp   [m | [37mcreate_datareader       [m | [32mdatareader created[m     | client_key: 0x00000007, datareader_id: 0x807(6), subscriber_id: 0x807(4)
[35m[1785139051.743992][m info     | [34mProxyClient.cpp   [m | [37mcreate_topic            [m | [32mtopic created[m          | client_key: 0x00000004, topic_id: 0x807(2), participant_id: 0x001(1)
[35m[1785139051.744019][m info     | [34mProxyClient.cpp   [m | [37mcreate_subscriber       [m | [32msubscriber created[m     | client_key: 0x00000004, subscriber_id: 0x807(4), participant_id: 0x001(1)
[35m[1785139051.828366][m info     | [34mProxyClient.cpp   [m | [37mcreate_datareader       [m | [32mdatareader created[m     | client_key: 0x00000004, datareader_id: 0x807(6), subscriber_id: 0x807(4)
[35m[1785139051.828445][m info     | [34mProxyClient.cpp   [m | [37mcreate_topic            [m | [32mtopic created[m          | client_key: 0x00000008, topic_id: 0x807(2), participant_id: 0x001(1)
[35m[1785139051.828461][m info     | [34mProxyClient.cpp   [m | [37mcreate_subscriber       [m | [32msubscriber created[m     | client_key: 0x00000008, subscriber_id: 0x807(4), participant_id: 0x001(1)
[35m[1785139051.828763][m info     | [34mProxyClient.cpp   [m | [37mcreate_datareader       [m | [32mdatareader created[m     | client_key: 0x00000008, datareader_id: 0x807(6), subscriber_id: 0x807(4)
[35m[1785139051.828830][m info     | [34mProxyClient.cpp   [m | [37mcreate_topic            [m | [32mtopic created[m          | client_key: 0x00000009, topic_id: 0x807(2), participant_id: 0x001(1)
[35m[1785139051.828843][m info     | [34mProxyClient.cpp   [m | [37mcreate_subscriber       [m | [32msubscriber created[m     | client_key: 0x00000009, subscriber_id: 0x807(4), participant_id: 0x001(1)
[35m[1785139051.829147][m info     | [34mProxyClient.cpp   [m | [37mcreate_datareader       [m | [32mdatareader created[m     | client_key: 0x00000009, datareader_id: 0x807(6), subscriber_id: 0x807(4)
[35m[1785139051.829601][m info     | [34mProxyClient.cpp   [m | [37mcreate_topic            [m | [32mtopic created[m          | client_key: 0x00000007, topic_id: 0x808(2), participant_id: 0x001(1)
[35m[1785139051.829616][m info     | [34mProxyClient.cpp   [m | [37mcreate_subscriber       [m | [32msubscriber created[m     | client_key: 0x00000007, subscriber_id: 0x808(4), participant_id: 0x001(1)
[35m[1785139051.841778][m info     | [34mProxyClient.cpp   [m | [37mcreate_datareader       [m | [32mdatareader created[m     | client_key: 0x00000007, datareader_id: 0x808(6), subscriber_id: 0x808(4)
[35m[1785139051.844914][m info     | [34mProxyClient.cpp   [m | [37mcreate_topic            [m | [32mtopic created[m          | client_key: 0x00000004, topic_id: 0x808(2), participant_id: 0x001(1)
[35m[1785139051.844935][m info     | [34mProxyClient.cpp   [m | [37mcreate_subscriber       [m | [32msubscriber created[m     | client_key: 0x00000004, subscriber_id: 0x808(4), participant_id: 0x001(1)
[35m[1785139051.853159][m info     | [34mProxyClient.cpp   [m | [37mcreate_datareader       [m | [32mdatareader created[m     | client_key: 0x00000004, datareader_id: 0x808(6), subscriber_id: 0x808(4)
[35m[1785139051.853208][m info     | [34mProxyClient.cpp   [m | [37mcreate_topic            [m | [32mtopic created[m          | client_key: 0x00000008, topic_id: 0x808(2), participant_id: 0x001(1)
[35m[1785139051.853220][m info     | [34mProxyClient.cpp   [m | [37mcreate_subscriber       [m | [32msubscriber created[m     | client_key: 0x00000008, subscriber_id: 0x808(4), participant_id: 0x001(1)
[35m[1785139051.853497][m info     | [34mProxyClient.cpp   [m | [37mcreate_datareader       [m | [32mdatareader created[m     | client_key: 0x00000008, datareader_id: 0x808(6), subscriber_id: 0x808(4)
[35m[1785139051.853552][m info     | [34mProxyClient.cpp   [m | [37mcreate_topic            [m | [32mtopic created[m          | client_key: 0x00000009, topic_id: 0x808(2), participant_id: 0x001(1)
[35m[1785139051.853564][m info     | [34mProxyClient.cpp   [m | [37mcreate_subscriber       [m | [32msubscriber created[m     | client_key: 0x00000009, subscriber_id: 0x808(4), participant_id: 0x001(1)
[35m[1785139051.853840][m info     | [34mProxyClient.cpp   [m | [37mcreate_datareader       [m | [32mdatareader created[m     | client_key: 0x00000009, datareader_id: 0x808(6), subscriber_id: 0x808(4)
[35m[1785139051.854708][m info     | [34mProxyClient.cpp   [m | [37mcreate_topic            [m | [32mtopic created[m          | client_key: 0x00000007, topic_id: 0x809(2), participant_id: 0x001(1)
[35m[1785139051.854727][m info     | [34mProxyClient.cpp   [m | [37mcreate_subscriber       [m | [32msubscriber created[m     | client_key: 0x00000007, subscriber_id: 0x809(4), participant_id: 0x001(1)
[35m[1785139051.941452][m info     | [34mProxyClient.cpp   [m | [37mcreate_datareader       [m | [32mdatareader created[m     | client_key: 0x00000007, datareader_id: 0x809(6), subscriber_id: 0x809(4)
[35m[1785139051.942103][m info     | [34mProxyClient.cpp   [m | [37mcreate_topic            [m | [32mtopic created[m          | client_key: 0x00000004, topic_id: 0x809(2), participant_id: 0x001(1)
[35m[1785139051.942124][m info     | [34mProxyClient.cpp   [m | [37mcreate_subscriber       [m | [32msubscriber created[m     | client_key: 0x00000004, subscriber_id: 0x809(4), participant_id: 0x001(1)
[35m[1785139052.031925][m info     | [34mProxyClient.cpp   [m | [37mcreate_datareader       [m | [32mdatareader created[m     | client_key: 0x00000004, datareader_id: 0x809(6), subscriber_id: 0x809(4)
[35m[1785139052.032034][m info     | [34mProxyClient.cpp   [m | [37mcreate_topic            [m | [32mtopic created[m          | client_key: 0x00000008, topic_id: 0x809(2), participant_id: 0x001(1)
[35m[1785139052.032057][m info     | [34mProxyClient.cpp   [m | [37mcreate_subscriber       [m | [32msubscriber created[m     | client_key: 0x00000008, subscriber_id: 0x809(4), participant_id: 0x001(1)
[35m[1785139052.032427][m info     | [34mProxyClient.cpp   [m | [37mcreate_datareader       [m | [32mdatareader created[m     | client_key: 0x00000008, datareader_id: 0x809(6), subscriber_id: 0x809(4)
[35m[1785139052.032508][m info     | [34mProxyClient.cpp   [m | [37mcreate_topic            [m | [32mtopic created[m          | client_key: 0x00000009, topic_id: 0x809(2), participant_id: 0x001(1)
[35m[1785139052.032531][m info     | [34mProxyClient.cpp   [m | [37mcreate_subscriber       [m | [32msubscriber created[m     | client_key: 0x00000009, subscriber_id: 0x809(4), participant_id: 0x001(1)
[35m[1785139052.032858][m info     | [34mProxyClient.cpp   [m | [37mcreate_datareader       [m | [32mdatareader created[m     | client_key: 0x00000009, datareader_id: 0x809(6), subscriber_id: 0x809(4)
[35m[1785139052.036803][m info     | [34mProxyClient.cpp   [m | [37mcreate_topic            [m | [32mtopic created[m          | client_key: 0x00000007, topic_id: 0x80A(2), participant_id: 0x001(1)
[35m[1785139052.036822][m info     | [34mProxyClient.cpp   [m | [37mcreate_subscriber       [m | [32msubscriber created[m     | client_key: 0x00000007, subscriber_id: 0x80A(4), participant_id: 0x001(1)
[35m[1785139052.042720][m info     | [34mProxyClient.cpp   [m | [37mcreate_datareader       [m | [32mdatareader created[m     | client_key: 0x00000007, datareader_id: 0x80A(6), subscriber_id: 0x80A(4)
[35m[1785139052.046740][m info     | [34mProxyClient.cpp   [m | [37mcreate_topic            [m | [32mtopic created[m          | client_key: 0x00000004, topic_id: 0x80A(2), participant_id: 0x001(1)
[35m[1785139052.046762][m info     | [34mProxyClient.cpp   [m | [37mcreate_subscriber       [m | [32msubscriber created[m     | client_key: 0x00000004, subscriber_id: 0x80A(4), participant_id: 0x001(1)
[35m[1785139052.131175][m info     | [34mProxyClient.cpp   [m | [37mcreate_datareader       [m | [32mdatareader created[m     | client_key: 0x00000004, datareader_id: 0x80A(6), subscriber_id: 0x80A(4)
[35m[1785139052.131250][m info     | [34mProxyClient.cpp   [m | [37mcreate_topic            [m | [32mtopic created[m          | client_key: 0x00000008, topic_id: 0x80A(2), participant_id: 0x001(1)
[35m[1785139052.131267][m info     | [34mProxyClient.cpp   [m | [37mcreate_subscriber       [m | [32msubscriber created[m     | client_key: 0x00000008, subscriber_id: 0x80A(4), participant_id: 0x001(1)
[35m[1785139052.131574][m info     | [34mProxyClient.cpp   [m | [37mcreate_datareader       [m | [32mdatareader created[m     | client_key: 0x00000008, datareader_id: 0x80A(6), subscriber_id: 0x80A(4)
[35m[1785139052.131646][m info     | [34mProxyClient.cpp   [m | [37mcreate_topic            [m | [32mtopic created[m          | client_key: 0x00000009, topic_id: 0x80A(2), participant_id: 0x001(1)
[35m[1785139052.131660][m info     | [34mProxyClient.cpp   [m | [37mcreate_subscriber       [m | [32msubscriber created[m     | client_key: 0x00000009, subscriber_id: 0x80A(4), participant_id: 0x001(1)
[35m[1785139052.131969][m info     | [34mProxyClient.cpp   [m | [37mcreate_datareader       [m | [32mdatareader created[m     | client_key: 0x00000009, datareader_id: 0x80A(6), subscriber_id: 0x80A(4)
[35m[1785139052.132512][m info     | [34mProxyClient.cpp   [m | [37mcreate_topic            [m | [32mtopic created[m          | client_key: 0x00000007, topic_id: 0x80B(2), participant_id: 0x001(1)
[35m[1785139052.132535][m info     | [34mProxyClient.cpp   [m | [37mcreate_subscriber       [m | [32msubscriber created[m     | client_key: 0x00000007, subscriber_id: 0x80B(4), participant_id: 0x001(1)
[35m[1785139052.143190][m info     | [34mProxyClient.cpp   [m | [37mcreate_datareader       [m | [32mdatareader created[m     | client_key: 0x00000007, datareader_id: 0x80B(6), subscriber_id: 0x80B(4)
[35m[1785139052.146780][m info     | [34mProxyClient.cpp   [m | [37mcreate_topic            [m | [32mtopic created[m          | client_key: 0x00000004, topic_id: 0x80B(2), participant_id: 0x001(1)
[35m[1785139052.146800][m info     | [34mProxyClient.cpp   [m | [37mcreate_subscriber       [m | [32msubscriber created[m     | client_key: 0x00000004, subscriber_id: 0x80B(4), participant_id: 0x001(1)
[35m[1785139052.232393][m info     | [34mProxyClient.cpp   [m | [37mcreate_datareader       [m | [32mdatareader created[m     | client_key: 0x00000004, datareader_id: 0x80B(6), subscriber_id: 0x80B(4)
[35m[1785139052.232458][m info     | [34mProxyClient.cpp   [m | [37mcreate_topic            [m | [32mtopic created[m          | client_key: 0x00000008, topic_id: 0x80B(2), participant_id: 0x001(1)
[35m[1785139052.232472][m info     | [34mProxyClient.cpp   [m | [37mcreate_subscriber       [m | [32msubscriber created[m     | client_key: 0x00000008, subscriber_id: 0x80B(4), participant_id: 0x001(1)
[35m[1785139052.232884][m info     | [34mProxyClient.cpp   [m | [37mcreate_datareader       [m | [32mdatareader created[m     | client_key: 0x00000008, datareader_id: 0x80B(6), subscriber_id: 0x80B(4)
[35m[1785139052.232971][m info     | [34mProxyClient.cpp   [m | [37mcreate_topic            [m | [32mtopic created[m          | client_key: 0x00000009, topic_id: 0x80B(2), participant_id: 0x001(1)
[35m[1785139052.232988][m info     | [34mProxyClient.cpp   [m | [37mcreate_subscriber       [m | [32msubscriber created[m     | client_key: 0x00000009, subscriber_id: 0x80B(4), participant_id: 0x001(1)
[35m[1785139052.233330][m info     | [34mProxyClient.cpp   [m | [37mcreate_datareader       [m | [32mdatareader created[m     | client_key: 0x00000009, datareader_id: 0x80B(6), subscriber_id: 0x80B(4)
[35m[1785139052.233869][m info     | [34mProxyClient.cpp   [m | [37mcreate_topic            [m | [32mtopic created[m          | client_key: 0x00000007, topic_id: 0x80C(2), participant_id: 0x001(1)
[35m[1785139052.233891][m info     | [34mProxyClient.cpp   [m | [37mcreate_subscriber       [m | [32msubscriber created[m     | client_key: 0x00000007, subscriber_id: 0x80C(4), participant_id: 0x001(1)
[35m[1785139052.240628][m info     | [34mProxyClient.cpp   [m | [37mcreate_datareader       [m | [32mdatareader created[m     | client_key: 0x00000007, datareader_id: 0x80C(6), subscriber_id: 0x80C(4)
[35m[1785139052.244308][m info     | [34mProxyClient.cpp   [m | [37mcreate_topic            [m | [32mtopic created[m          | client_key: 0x00000004, topic_id: 0x80C(2), participant_id: 0x001(1)
[35m[1785139052.244328][m info     | [34mProxyClient.cpp   [m | [37mcreate_subscriber       [m | [32msubscriber created[m     | client_key: 0x00000004, subscriber_id: 0x80C(4), participant_id: 0x001(1)
[35m[1785139052.332937][m info     | [34mProxyClient.cpp   [m | [37mcreate_datareader       [m | [32mdatareader created[m     | client_key: 0x00000004, datareader_id: 0x80C(6), subscriber_id: 0x80C(4)
[35m[1785139052.333013][m info     | [34mProxyClient.cpp   [m | [37mcreate_topic            [m | [32mtopic created[m          | client_key: 0x00000008, topic_id: 0x80C(2), participant_id: 0x001(1)
[35m[1785139052.333032][m info     | [34mProxyClient.cpp   [m | [37mcreate_subscriber       [m | [32msubscriber created[m     | client_key: 0x00000008, subscriber_id: 0x80C(4), participant_id: 0x001(1)
[35m[1785139052.333352][m info     | [34mProxyClient.cpp   [m | [37mcreate_datareader       [m | [32mdatareader created[m     | client_key: 0x00000008, datareader_id: 0x80C(6), subscriber_id: 0x80C(4)
[35m[1785139052.333423][m info     | [34mProxyClient.cpp   [m | [37mcreate_topic            [m | [32mtopic created[m          | client_key: 0x00000009, topic_id: 0x80C(2), participant_id: 0x001(1)
[35m[1785139052.333436][m info     | [34mProxyClient.cpp   [m | [37mcreate_subscriber       [m | [32msubscriber created[m     | client_key: 0x00000009, subscriber_id: 0x80C(4), participant_id: 0x001(1)
[35m[1785139052.333737][m info     | [34mProxyClient.cpp   [m | [37mcreate_datareader       [m | [32mdatareader created[m     | client_key: 0x00000009, datareader_id: 0x80C(6), subscriber_id: 0x80C(4)
[35m[1785139052.334249][m info     | [34mProxyClient.cpp   [m | [37mcreate_topic            [m | [32mtopic created[m          | client_key: 0x00000007, topic_id: 0x80D(2), participant_id: 0x001(1)
[35m[1785139052.334273][m info     | [34mProxyClient.cpp   [m | [37mcreate_subscriber       [m | [32msubscriber created[m     | client_key: 0x00000007, subscriber_id: 0x80D(4), participant_id: 0x001(1)
[35m[1785139052.340726][m info     | [34mProxyClient.cpp   [m | [37mcreate_datareader       [m | [32mdatareader created[m     | client_key: 0x00000007, datareader_id: 0x80D(6), subscriber_id: 0x80D(4)
[35m[1785139052.344617][m info     | [34mProxyClient.cpp   [m | [37mcreate_topic            [m | [32mtopic created[m          | client_key: 0x00000004, topic_id: 0x80D(2), participant_id: 0x001(1)
[35m[1785139052.344637][m info     | [34mProxyClient.cpp   [m | [37mcreate_subscriber       [m | [32msubscriber created[m     | client_key: 0x00000004, subscriber_id: 0x80D(4), participant_id: 0x001(1)
[35m[1785139052.434075][m info     | [34mProxyClient.cpp   [m | [37mcreate_datareader       [m | [32mdatareader created[m     | client_key: 0x00000004, datareader_id: 0x80D(6), subscriber_id: 0x80D(4)
[35m[1785139052.434161][m info     | [34mProxyClient.cpp   [m | [37mcreate_topic            [m | [32mtopic created[m          | client_key: 0x00000008, topic_id: 0x80D(2), participant_id: 0x001(1)
[35m[1785139052.434185][m info     | [34mProxyClient.cpp   [m | [37mcreate_subscriber       [m | [32msubscriber created[m     | client_key: 0x00000008, subscriber_id: 0x80D(4), participant_id: 0x001(1)
[35m[1785139052.434575][m info     | [34mProxyClient.cpp   [m | [37mcreate_datareader       [m | [32mdatareader created[m     | client_key: 0x00000008, datareader_id: 0x80D(6), subscriber_id: 0x80D(4)
[35m[1785139052.434656][m info     | [34mProxyClient.cpp   [m | [37mcreate_topic            [m | [32mtopic created[m          | client_key: 0x00000009, topic_id: 0x80D(2), participant_id: 0x001(1)
[35m[1785139052.434672][m info     | [34mProxyClient.cpp   [m | [37mcreate_subscriber       [m | [32msubscriber created[m     | client_key: 0x00000009, subscriber_id: 0x80D(4), participant_id: 0x001(1)
[35m[1785139052.435014][m info     | [34mProxyClient.cpp   [m | [37mcreate_datareader       [m | [32mdatareader created[m     | client_key: 0x00000009, datareader_id: 0x80D(6), subscriber_id: 0x80D(4)
[35m[1785139052.435541][m info     | [34mProxyClient.cpp   [m | [37mcreate_topic            [m | [32mtopic created[m          | client_key: 0x00000007, topic_id: 0x80E(2), participant_id: 0x001(1)
[35m[1785139052.435563][m info     | [34mProxyClient.cpp   [m | [37mcreate_subscriber       [m | [32msubscriber created[m     | client_key: 0x00000007, subscriber_id: 0x80E(4), participant_id: 0x001(1)
[35m[1785139052.442043][m info     | [34mProxyClient.cpp   [m | [37mcreate_datareader       [m | [32mdatareader created[m     | client_key: 0x00000007, datareader_id: 0x80E(6), subscriber_id: 0x80E(4)
[35m[1785139052.445945][m info     | [34mProxyClient.cpp   [m | [37mcreate_topic            [m | [32mtopic created[m          | client_key: 0x00000004, topic_id: 0x80E(2), participant_id: 0x001(1)
[35m[1785139052.445966][m info     | [34mProxyClient.cpp   [m | [37mcreate_subscriber       [m | [32msubscriber created[m     | client_key: 0x00000004, subscriber_id: 0x80E(4), participant_id: 0x001(1)
[35m[1785139052.453337][m info     | [34mProxyClient.cpp   [m | [37mcreate_datareader       [m | [32mdatareader created[m     | client_key: 0x00000004, datareader_id: 0x80E(6), subscriber_id: 0x80E(4)
[35m[1785139052.453403][m info     | [34mProxyClient.cpp   [m | [37mcreate_topic            [m | [32mtopic created[m          | client_key: 0x00000008, topic_id: 0x80E(2), participant_id: 0x001(1)
[35m[1785139052.453419][m info     | [34mProxyClient.cpp   [m | [37mcreate_subscriber       [m | [32msubscriber created[m     | client_key: 0x00000008, subscriber_id: 0x80E(4), participant_id: 0x001(1)
[35m[1785139052.453836][m info     | [34mProxyClient.cpp   [m | [37mcreate_datareader       [m | [32mdatareader created[m     | client_key: 0x00000008, datareader_id: 0x80E(6), subscriber_id: 0x80E(4)
[35m[1785139052.453915][m info     | [34mProxyClient.cpp   [m | [37mcreate_topic            [m | [32mtopic created[m          | client_key: 0x00000009, topic_id: 0x80E(2), participant_id: 0x001(1)
[35m[1785139052.453930][m info     | [34mProxyClient.cpp   [m | [37mcreate_subscriber       [m | [32msubscriber created[m     | client_key: 0x00000009, subscriber_id: 0x80E(4), participant_id: 0x001(1)
[35m[1785139052.454281][m info     | [34mProxyClient.cpp   [m | [37mcreate_datareader       [m | [32mdatareader created[m     | client_key: 0x00000009, datareader_id: 0x80E(6), subscriber_id: 0x80E(4)
[35m[1785139052.454836][m info     | [34mProxyClient.cpp   [m | [37mcreate_topic            [m | [32mtopic created[m          | client_key: 0x00000007, topic_id: 0x80F(2), participant_id: 0x001(1)
[35m[1785139052.454853][m info     | [34mProxyClient.cpp   [m | [37mcreate_subscriber       [m | [32msubscriber created[m     | client_key: 0x00000007, subscriber_id: 0x80F(4), participant_id: 0x001(1)
[35m[1785139052.542185][m info     | [34mProxyClient.cpp   [m | [37mcreate_datareader       [m | [32mdatareader created[m     | client_key: 0x00000007, datareader_id: 0x80F(6), subscriber_id: 0x80F(4)
[35m[1785139052.542764][m info     | [34mProxyClient.cpp   [m | [37mcreate_topic            [m | [32mtopic created[m          | client_key: 0x00000004, topic_id: 0x80F(2), participant_id: 0x001(1)
[35m[1785139052.542789][m info     | [34mProxyClient.cpp   [m | [37mcreate_subscriber       [m | [32msubscriber created[m     | client_key: 0x00000004, subscriber_id: 0x80F(4), participant_id: 0x001(1)
[35m[1785139052.635228][m info     | [34mProxyClient.cpp   [m | [37mcreate_datareader       [m | [32mdatareader created[m     | client_key: 0x00000004, datareader_id: 0x80F(6), subscriber_id: 0x80F(4)
[35m[1785139052.635309][m info     | [34mProxyClient.cpp   [m | [37mcreate_topic            [m | [32mtopic created[m          | client_key: 0x00000008, topic_id: 0x80F(2), participant_id: 0x001(1)
[35m[1785139052.635332][m info     | [34mProxyClient.cpp   [m | [37mcreate_subscriber       [m | [32msubscriber created[m     | client_key: 0x00000008, subscriber_id: 0x80F(4), participant_id: 0x001(1)
[35m[1785139052.635689][m info     | [34mProxyClient.cpp   [m | [37mcreate_datareader       [m | [32mdatareader created[m     | client_key: 0x00000008, datareader_id: 0x80F(6), subscriber_id: 0x80F(4)
[35m[1785139052.635759][m info     | [34mProxyClient.cpp   [m | [37mcreate_topic            [m | [32mtopic created[m          | client_key: 0x00000009, topic_id: 0x80F(2), participant_id: 0x001(1)
[35m[1785139052.635773][m info     | [34mProxyClient.cpp   [m | [37mcreate_subscriber       [m | [32msubscriber created[m     | client_key: 0x00000009, subscriber_id: 0x80F(4), participant_id: 0x001(1)
[35m[1785139052.636103][m info     | [34mProxyClient.cpp   [m | [37mcreate_datareader       [m | [32mdatareader created[m     | client_key: 0x00000009, datareader_id: 0x80F(6), subscriber_id: 0x80F(4)
[35m[1785139052.640018][m info     | [34mProxyClient.cpp   [m | [37mcreate_topic            [m | [32mtopic created[m          | client_key: 0x00000007, topic_id: 0x810(2), participant_id: 0x001(1)
[35m[1785139052.640054][m info     | [34mProxyClient.cpp   [m | [37mcreate_subscriber       [m | [32msubscriber created[m     | client_key: 0x00000007, subscriber_id: 0x810(4), participant_id: 0x001(1)
[35m[1785139052.646178][m info     | [34mProxyClient.cpp   [m | [37mcreate_datareader       [m | [32mdatareader created[m     | client_key: 0x00000007, datareader_id: 0x810(6), subscriber_id: 0x810(4)
[35m[1785139052.648995][m info     | [34mProxyClient.cpp   [m | [37mcreate_topic            [m | [32mtopic created[m          | client_key: 0x00000004, topic_id: 0x810(2), participant_id: 0x001(1)
[35m[1785139052.649017][m info     | [34mProxyClient.cpp   [m | [37mcreate_subscriber       [m | [32msubscriber created[m     | client_key: 0x00000004, subscriber_id: 0x810(4), participant_id: 0x001(1)
[35m[1785139052.733614][m info     | [34mProxyClient.cpp   [m | [37mcreate_datareader       [m | [32mdatareader created[m     | client_key: 0x00000004, datareader_id: 0x810(6), subscriber_id: 0x810(4)
[35m[1785139052.733688][m info     | [34mProxyClient.cpp   [m | [37mcreate_topic            [m | [32mtopic created[m          | client_key: 0x00000008, topic_id: 0x810(2), participant_id: 0x001(1)
[35m[1785139052.733709][m info     | [34mProxyClient.cpp   [m | [37mcreate_subscriber       [m | [32msubscriber created[m     | client_key: 0x00000008, subscriber_id: 0x810(4), participant_id: 0x001(1)
[35m[1785139052.734148][m info     | [34mProxyClient.cpp   [m | [37mcreate_datareader       [m | [32mdatareader created[m     | client_key: 0x00000008, datareader_id: 0x810(6), subscriber_id: 0x810(4)
[35m[1785139052.734231][m info     | [34mProxyClient.cpp   [m | [37mcreate_topic            [m | [32mtopic created[m          | client_key: 0x00000009, topic_id: 0x810(2), participant_id: 0x001(1)
[35m[1785139052.734245][m info     | [34mProxyClient.cpp   [m | [37mcreate_subscriber       [m | [32msubscriber created[m     | client_key: 0x00000009, subscriber_id: 0x810(4), participant_id: 0x001(1)
[35m[1785139052.734587][m info     | [34mProxyClient.cpp   [m | [37mcreate_datareader       [m | [32mdatareader created[m     | client_key: 0x00000009, datareader_id: 0x810(6), subscriber_id: 0x810(4)
[35m[1785139052.735277][m info     | [34mProxyClient.cpp   [m | [37mcreate_topic            [m | [32mtopic created[m          | client_key: 0x00000007, topic_id: 0x811(2), participant_id: 0x001(1)
[35m[1785139052.735298][m info     | [34mProxyClient.cpp   [m | [37mcreate_subscriber       [m | [32msubscriber created[m     | client_key: 0x00000007, subscriber_id: 0x811(4), participant_id: 0x001(1)
[35m[1785139052.746261][m info     | [34mProxyClient.cpp   [m | [37mcreate_datareader       [m | [32mdatareader created[m     | client_key: 0x00000007, datareader_id: 0x811(6), subscriber_id: 0x811(4)
[35m[1785139052.749636][m info     | [34mProxyClient.cpp   [m | [37mcreate_topic            [m | [32mtopic created[m          | client_key: 0x00000004, topic_id: 0x811(2), participant_id: 0x001(1)
[35m[1785139052.749655][m info     | [34mProxyClient.cpp   [m | [37mcreate_subscriber       [m | [32msubscriber created[m     | client_key: 0x00000004, subscriber_id: 0x811(4), participant_id: 0x001(1)
[35m[1785139052.834839][m info     | [34mProxyClient.cpp   [m | [37mcreate_datareader       [m | [32mdatareader created[m     | client_key: 0x00000004, datareader_id: 0x811(6), subscriber_id: 0x811(4)
[35m[1785139052.835255][m info     | [34mProxyClient.cpp   [m | [37mcreate_topic            [m | [32mtopic created[m          | client_key: 0x00000008, topic_id: 0x811(2), participant_id: 0x001(1)
[35m[1785139052.835276][m info     | [34mProxyClient.cpp   [m | [37mcreate_subscriber       [m | [32msubscriber created[m     | client_key: 0x00000008, subscriber_id: 0x811(4), participant_id: 0x001(1)
[35m[1785139052.835623][m info     | [34mProxyClient.cpp   [m | [37mcreate_datareader       [m | [32mdatareader created[m     | client_key: 0x00000008, datareader_id: 0x811(6), subscriber_id: 0x811(4)
[35m[1785139052.835687][m info     | [34mProxyClient.cpp   [m | [37mcreate_topic            [m | [32mtopic created[m          | client_key: 0x00000009, topic_id: 0x811(2), participant_id: 0x001(1)
[35m[1785139052.835699][m info     | [34mProxyClient.cpp   [m | [37mcreate_subscriber       [m | [32msubscriber created[m     | client_key: 0x00000009, subscriber_id: 0x811(4), participant_id: 0x001(1)
[35m[1785139052.836014][m info     | [34mProxyClient.cpp   [m | [37mcreate_datareader       [m | [32mdatareader created[m     | client_key: 0x00000009, datareader_id: 0x811(6), subscriber_id: 0x811(4)
[35m[1785139052.836551][m info     | [34mProxyClient.cpp   [m | [37mcreate_topic            [m | [32mtopic created[m          | client_key: 0x00000007, topic_id: 0x812(2), participant_id: 0x001(1)
[35m[1785139052.836572][m info     | [34mProxyClient.cpp   [m | [37mcreate_subscriber       [m | [32msubscriber created[m     | client_key: 0x00000007, subscriber_id: 0x812(4), participant_id: 0x001(1)
[35m[1785139052.846597][m info     | [34mProxyClient.cpp   [m | [37mcreate_datareader       [m | [32mdatareader created[m     | client_key: 0x00000007, datareader_id: 0x812(6), subscriber_id: 0x812(4)
[35m[1785139052.849995][m info     | [34mProxyClient.cpp   [m | [37mcreate_topic            [m | [32mtopic created[m          | client_key: 0x00000004, topic_id: 0x812(2), participant_id: 0x001(1)
[35m[1785139052.850017][m info     | [34mProxyClient.cpp   [m | [37mcreate_subscriber       [m | [32msubscriber created[m     | client_key: 0x00000004, subscriber_id: 0x812(4), participant_id: 0x001(1)
[35m[1785139052.932939][m info     | [34mProxyClient.cpp   [m | [37mcreate_datareader       [m | [32mdatareader created[m     | client_key: 0x00000004, datareader_id: 0x812(6), subscriber_id: 0x812(4)
[35m[1785139052.933022][m info     | [34mProxyClient.cpp   [m | [37mcreate_topic            [m | [32mtopic created[m          | client_key: 0x00000008, topic_id: 0x812(2), participant_id: 0x001(1)
[35m[1785139052.933042][m info     | [34mProxyClient.cpp   [m | [37mcreate_subscriber       [m | [32msubscriber created[m     | client_key: 0x00000008, subscriber_id: 0x812(4), participant_id: 0x001(1)
[35m[1785139052.933399][m info     | [34mProxyClient.cpp   [m | [37mcreate_datareader       [m | [32mdatareader created[m     | client_key: 0x00000008, datareader_id: 0x812(6), subscriber_id: 0x812(4)
[35m[1785139052.933474][m info     | [34mProxyClient.cpp   [m | [37mcreate_topic            [m | [32mtopic created[m          | client_key: 0x00000009, topic_id: 0x812(2), participant_id: 0x001(1)
[35m[1785139052.933491][m info     | [34mProxyClient.cpp   [m | [37mcreate_subscriber       [m | [32msubscriber created[m     | client_key: 0x00000009, subscriber_id: 0x812(4), participant_id: 0x001(1)
[35m[1785139052.933865][m info     | [34mProxyClient.cpp   [m | [37mcreate_datareader       [m | [32mdatareader created[m     | client_key: 0x00000009, datareader_id: 0x812(6), subscriber_id: 0x812(4)
[35m[1785139052.934531][m info     | [34mProxyClient.cpp   [m | [37mcreate_topic            [m | [32mtopic created[m          | client_key: 0x00000007, topic_id: 0x813(2), participant_id: 0x001(1)
[35m[1785139052.934554][m info     | [34mProxyClient.cpp   [m | [37mcreate_subscriber       [m | [32msubscriber created[m     | client_key: 0x00000007, subscriber_id: 0x813(4), participant_id: 0x001(1)
[35m[1785139052.948061][m info     | [34mProxyClient.cpp   [m | [37mcreate_datareader       [m | [32mdatareader created[m     | client_key: 0x00000007, datareader_id: 0x813(6), subscriber_id: 0x813(4)
[35m[1785139052.951958][m info     | [34mProxyClient.cpp   [m | [37mcreate_topic            [m | [32mtopic created[m          | client_key: 0x00000004, topic_id: 0x813(2), participant_id: 0x001(1)
[35m[1785139052.951983][m info     | [34mProxyClient.cpp   [m | [37mcreate_subscriber       [m | [32msubscriber created[m     | client_key: 0x00000004, subscriber_id: 0x813(4), participant_id: 0x001(1)
[35m[1785139053.033622][m info     | [34mProxyClient.cpp   [m | [37mcreate_datareader       [m | [32mdatareader created[m     | client_key: 0x00000004, datareader_id: 0x813(6), subscriber_id: 0x813(4)
[35m[1785139053.033723][m info     | [34mProxyClient.cpp   [m | [37mcreate_topic            [m | [32mtopic created[m          | client_key: 0x00000008, topic_id: 0x813(2), participant_id: 0x001(1)
[35m[1785139053.033761][m info     | [34mProxyClient.cpp   [m | [37mcreate_subscriber       [m | [32msubscriber created[m     | client_key: 0x00000008, subscriber_id: 0x813(4), participant_id: 0x001(1)
[35m[1785139053.034146][m info     | [34mProxyClient.cpp   [m | [37mcreate_datareader       [m | [32mdatareader created[m     | client_key: 0x00000008, datareader_id: 0x813(6), subscriber_id: 0x813(4)
[35m[1785139053.034501][m info     | [34mProxyClient.cpp   [m | [37mcreate_topic            [m | [32mtopic created[m          | client_key: 0x00000009, topic_id: 0x813(2), participant_id: 0x001(1)
[35m[1785139053.034528][m info     | [34mProxyClient.cpp   [m | [37mcreate_subscriber       [m | [32msubscriber created[m     | client_key: 0x00000009, subscriber_id: 0x813(4), participant_id: 0x001(1)
[35m[1785139053.034890][m info     | [34mProxyClient.cpp   [m | [37mcreate_datareader       [m | [32mdatareader created[m     | client_key: 0x00000009, datareader_id: 0x813(6), subscriber_id: 0x813(4)
[35m[1785139053.035543][m info     | [34mProxyClient.cpp   [m | [37mcreate_topic            [m | [32mtopic created[m          | client_key: 0x00000007, topic_id: 0x814(2), participant_id: 0x001(1)
[35m[1785139053.035565][m info     | [34mProxyClient.cpp   [m | [37mcreate_subscriber       [m | [32msubscriber created[m     | client_key: 0x00000007, subscriber_id: 0x814(4), participant_id: 0x001(1)
[35m[1785139053.046728][m info     | [34mProxyClient.cpp   [m | [37mcreate_datareader       [m | [32mdatareader created[m     | client_key: 0x00000007, datareader_id: 0x814(6), subscriber_id: 0x814(4)
[35m[1785139053.050466][m info     | [34mProxyClient.cpp   [m | [37mcreate_topic            [m | [32mtopic created[m          | client_key: 0x00000004, topic_id: 0x814(2), participant_id: 0x001(1)
[35m[1785139053.050491][m info     | [34mProxyClient.cpp   [m | [37mcreate_subscriber       [m | [32msubscriber created[m     | client_key: 0x00000004, subscriber_id: 0x814(4), participant_id: 0x001(1)
[35m[1785139053.137497][m info     | [34mProxyClient.cpp   [m | [37mcreate_datareader       [m | [32mdatareader created[m     | client_key: 0x00000004, datareader_id: 0x814(6), subscriber_id: 0x814(4)
[35m[1785139053.138161][m info     | [34mProxyClient.cpp   [m | [37mcreate_topic            [m | [32mtopic created[m          | client_key: 0x00000008, topic_id: 0x814(2), participant_id: 0x001(1)
[35m[1785139053.138199][m info     | [34mProxyClient.cpp   [m | [37mcreate_subscriber       [m | [32msubscriber created[m     | client_key: 0x00000008, subscriber_id: 0x814(4), participant_id: 0x001(1)
[35m[1785139053.138631][m info     | [34mProxyClient.cpp   [m | [37mcreate_datareader       [m | [32mdatareader created[m     | client_key: 0x00000008, datareader_id: 0x814(6), subscriber_id: 0x814(4)
[35m[1785139053.138721][m info     | [34mProxyClient.cpp   [m | [37mcreate_topic            [m | [32mtopic created[m          | client_key: 0x00000009, topic_id: 0x814(2), participant_id: 0x001(1)
[35m[1785139053.138736][m info     | [34mProxyClient.cpp   [m | [37mcreate_subscriber       [m | [32msubscriber created[m     | client_key: 0x00000009, subscriber_id: 0x814(4), participant_id: 0x001(1)
[35m[1785139053.139222][m info     | [34mProxyClient.cpp   [m | [37mcreate_datareader       [m | [32mdatareader created[m     | client_key: 0x00000009, datareader_id: 0x814(6), subscriber_id: 0x814(4)
[35m[1785139053.140040][m info     | [34mProxyClient.cpp   [m | [37mcreate_topic            [m | [32mtopic created[m          | client_key: 0x00000007, topic_id: 0x815(2), participant_id: 0x001(1)
[35m[1785139053.140065][m info     | [34mProxyClient.cpp   [m | [37mcreate_subscriber       [m | [32msubscriber created[m     | client_key: 0x00000007, subscriber_id: 0x815(4), participant_id: 0x001(1)
[35m[1785139053.146232][m info     | [34mProxyClient.cpp   [m | [37mcreate_datareader       [m | [32mdatareader created[m     | client_key: 0x00000007, datareader_id: 0x815(6), subscriber_id: 0x815(4)
[35m[1785139053.149751][m info     | [34mProxyClient.cpp   [m | [37mcreate_topic            [m | [32mtopic created[m          | client_key: 0x00000004, topic_id: 0x815(2), participant_id: 0x001(1)
[35m[1785139053.149777][m info     | [34mProxyClient.cpp   [m | [37mcreate_subscriber       [m | [32msubscriber created[m     | client_key: 0x00000004, subscriber_id: 0x815(4), participant_id: 0x001(1)
[35m[1785139053.234569][m info     | [34mProxyClient.cpp   [m | [37mcreate_datareader       [m | [32mdatareader created[m     | client_key: 0x00000004, datareader_id: 0x815(6), subscriber_id: 0x815(4)
[35m[1785139053.234800][m info     | [34mProxyClient.cpp   [m | [37mcreate_topic            [m | [32mtopic created[m          | client_key: 0x00000008, topic_id: 0x815(2), participant_id: 0x001(1)
[35m[1785139053.234822][m info     | [34mProxyClient.cpp   [m | [37mcreate_subscriber       [m | [32msubscriber created[m     | client_key: 0x00000008, subscriber_id: 0x815(4), participant_id: 0x001(1)
[35m[1785139053.235167][m info     | [34mProxyClient.cpp   [m | [37mcreate_datareader       [m | [32mdatareader created[m     | client_key: 0x00000008, datareader_id: 0x815(6), subscriber_id: 0x815(4)
[35m[1785139053.235239][m info     | [34mProxyClient.cpp   [m | [37mcreate_topic            [m | [32mtopic created[m          | client_key: 0x00000009, topic_id: 0x815(2), participant_id: 0x001(1)
[35m[1785139053.235251][m info     | [34mProxyClient.cpp   [m | [37mcreate_subscriber       [m | [32msubscriber created[m     | client_key: 0x00000009, subscriber_id: 0x815(4), participant_id: 0x001(1)
[35m[1785139053.235565][m info     | [34mProxyClient.cpp   [m | [37mcreate_datareader       [m | [32mdatareader created[m     | client_key: 0x00000009, datareader_id: 0x815(6), subscriber_id: 0x815(4)
[35m[1785139053.235998][m info     | [34mProxyClient.cpp   [m | [37mcreate_topic            [m | [32mtopic created[m          | client_key: 0x00000007, topic_id: 0x816(2), participant_id: 0x001(1)
[35m[1785139053.236014][m info     | [34mProxyClient.cpp   [m | [37mcreate_subscriber       [m | [32msubscriber created[m     | client_key: 0x00000007, subscriber_id: 0x816(4), participant_id: 0x001(1)
[35m[1785139053.248034][m info     | [34mProxyClient.cpp   [m | [37mcreate_datareader       [m | [32mdatareader created[m     | client_key: 0x00000007, datareader_id: 0x816(6), subscriber_id: 0x816(4)
[35m[1785139053.252002][m info     | [34mProxyClient.cpp   [m | [37mcreate_topic            [m | [32mtopic created[m          | client_key: 0x00000004, topic_id: 0x816(2), participant_id: 0x001(1)
[35m[1785139053.252024][m info     | [34mProxyClient.cpp   [m | [37mcreate_subscriber       [m | [32msubscriber created[m     | client_key: 0x00000004, subscriber_id: 0x816(4), participant_id: 0x001(1)
[35m[1785139053.335049][m info     | [34mProxyClient.cpp   [m | [37mcreate_datareader       [m | [32mdatareader created[m     | client_key: 0x00000004, datareader_id: 0x816(6), subscriber_id: 0x816(4)
[35m[1785139053.335133][m info     | [34mProxyClient.cpp   [m | [37mcreate_topic            [m | [32mtopic created[m          | client_key: 0x00000008, topic_id: 0x816(2), participant_id: 0x001(1)
[35m[1785139053.335176][m info     | [34mProxyClient.cpp   [m | [37mcreate_subscriber       [m | [32msubscriber created[m     | client_key: 0x00000008, subscriber_id: 0x816(4), participant_id: 0x001(1)
[35m[1785139053.335537][m info     | [34mProxyClient.cpp   [m | [37mcreate_datareader       [m | [32mdatareader created[m     | client_key: 0x00000008, datareader_id: 0x816(6), subscriber_id: 0x816(4)
[35m[1785139053.335610][m info     | [34mProxyClient.cpp   [m | [37mcreate_topic            [m | [32mtopic created[m          | client_key: 0x00000009, topic_id: 0x816(2), participant_id: 0x001(1)
[35m[1785139053.335622][m info     | [34mProxyClient.cpp   [m | [37mcreate_subscriber       [m | [32msubscriber created[m     | client_key: 0x00000009, subscriber_id: 0x816(4), participant_id: 0x001(1)
[35m[1785139053.335950][m info     | [34mProxyClient.cpp   [m | [37mcreate_datareader       [m | [32mdatareader created[m     | client_key: 0x00000009, datareader_id: 0x816(6), subscriber_id: 0x816(4)
[35m[1785139053.336545][m info     | [34mProxyClient.cpp   [m | [37mcreate_topic            [m | [32mtopic created[m          | client_key: 0x00000007, topic_id: 0x817(2), participant_id: 0x001(1)
[35m[1785139053.336566][m info     | [34mProxyClient.cpp   [m | [37mcreate_subscriber       [m | [32msubscriber created[m     | client_key: 0x00000007, subscriber_id: 0x817(4), participant_id: 0x001(1)
[35m[1785139053.346485][m info     | [34mProxyClient.cpp   [m | [37mcreate_datareader       [m | [32mdatareader created[m     | client_key: 0x00000007, datareader_id: 0x817(6), subscriber_id: 0x817(4)
[35m[1785139053.349942][m info     | [34mProxyClient.cpp   [m | [37mcreate_topic            [m | [32mtopic created[m          | client_key: 0x00000004, topic_id: 0x817(2), participant_id: 0x001(1)
[35m[1785139053.349979][m info     | [34mProxyClient.cpp   [m | [37mcreate_subscriber       [m | [32msubscriber created[m     | client_key: 0x00000004, subscriber_id: 0x817(4), participant_id: 0x001(1)
[35m[1785139053.435459][m info     | [34mProxyClient.cpp   [m | [37mcreate_datareader       [m | [32mdatareader created[m     | client_key: 0x00000004, datareader_id: 0x817(6), subscriber_id: 0x817(4)
[35m[1785139053.435566][m info     | [34mProxyClient.cpp   [m | [37mcreate_topic            [m | [32mtopic created[m          | client_key: 0x00000008, topic_id: 0x817(2), participant_id: 0x001(1)
[35m[1785139053.435593][m info     | [34mProxyClient.cpp   [m | [37mcreate_subscriber       [m | [32msubscriber created[m     | client_key: 0x00000008, subscriber_id: 0x817(4), participant_id: 0x001(1)
[35m[1785139053.436121][m info     | [34mProxyClient.cpp   [m | [37mcreate_datareader       [m | [32mdatareader created[m     | client_key: 0x00000008, datareader_id: 0x817(6), subscriber_id: 0x817(4)
[35m[1785139053.436233][m info     | [34mProxyClient.cpp   [m | [37mcreate_topic            [m | [32mtopic created[m          | client_key: 0x00000009, topic_id: 0x817(2), participant_id: 0x001(1)
[35m[1785139053.436257][m info     | [34mProxyClient.cpp   [m | [37mcreate_subscriber       [m | [32msubscriber created[m     | client_key: 0x00000009, subscriber_id: 0x817(4), participant_id: 0x001(1)
[35m[1785139053.436704][m info     | [34mProxyClient.cpp   [m | [37mcreate_datareader       [m | [32mdatareader created[m     | client_key: 0x00000009, datareader_id: 0x817(6), subscriber_id: 0x817(4)
[35m[1785139053.437773][m info     | [34mProxyClient.cpp   [m | [37mcreate_topic            [m | [32mtopic created[m          | client_key: 0x00000007, topic_id: 0x818(2), participant_id: 0x001(1)
[35m[1785139053.437802][m info     | [34mProxyClient.cpp   [m | [37mcreate_subscriber       [m | [32msubscriber created[m     | client_key: 0x00000007, subscriber_id: 0x818(4), participant_id: 0x001(1)
[35m[1785139053.447697][m info     | [34mProxyClient.cpp   [m | [37mcreate_datareader       [m | [32mdatareader created[m     | client_key: 0x00000007, datareader_id: 0x818(6), subscriber_id: 0x818(4)
[35m[1785139053.455205][m info     | [34mProxyClient.cpp   [m | [37mcreate_topic            [m | [32mtopic created[m          | client_key: 0x00000004, topic_id: 0x818(2), participant_id: 0x001(1)
[35m[1785139053.455244][m info     | [34mProxyClient.cpp   [m | [37mcreate_subscriber       [m | [32msubscriber created[m     | client_key: 0x00000004, subscriber_id: 0x818(4), participant_id: 0x001(1)
[35m[1785139053.538658][m info     | [34mProxyClient.cpp   [m | [37mcreate_datareader       [m | [32mdatareader created[m     | client_key: 0x00000004, datareader_id: 0x818(6), subscriber_id: 0x818(4)
[35m[1785139053.538738][m info     | [34mProxyClient.cpp   [m | [37mcreate_topic            [m | [32mtopic created[m          | client_key: 0x00000008, topic_id: 0x818(2), participant_id: 0x001(1)
[35m[1785139053.538757][m info     | [34mProxyClient.cpp   [m | [37mcreate_subscriber       [m | [32msubscriber created[m     | client_key: 0x00000008, subscriber_id: 0x818(4), participant_id: 0x001(1)
[35m[1785139053.539131][m info     | [34mProxyClient.cpp   [m | [37mcreate_datareader       [m | [32mdatareader created[m     | client_key: 0x00000008, datareader_id: 0x818(6), subscriber_id: 0x818(4)
[35m[1785139053.539215][m info     | [34mProxyClient.cpp   [m | [37mcreate_topic            [m | [32mtopic created[m          | client_key: 0x00000009, topic_id: 0x818(2), participant_id: 0x001(1)
[35m[1785139053.539232][m info     | [34mProxyClient.cpp   [m | [37mcreate_subscriber       [m | [32msubscriber created[m     | client_key: 0x00000009, subscriber_id: 0x818(4), participant_id: 0x001(1)
[35m[1785139053.539583][m info     | [34mProxyClient.cpp   [m | [37mcreate_datareader       [m | [32mdatareader created[m     | client_key: 0x00000009, datareader_id: 0x818(6), subscriber_id: 0x818(4)
[35m[1785139053.540113][m info     | [34mProxyClient.cpp   [m | [37mcreate_topic            [m | [32mtopic created[m          | client_key: 0x00000007, topic_id: 0x819(2), participant_id: 0x001(1)
[35m[1785139053.540130][m info     | [34mProxyClient.cpp   [m | [37mcreate_subscriber       [m | [32msubscriber created[m     | client_key: 0x00000007, subscriber_id: 0x819(4), participant_id: 0x001(1)
[35m[1785139053.548735][m info     | [34mProxyClient.cpp   [m | [37mcreate_datareader       [m | [32mdatareader created[m     | client_key: 0x00000007, datareader_id: 0x819(6), subscriber_id: 0x819(4)
[35m[1785139053.552416][m info     | [34mProxyClient.cpp   [m | [37mcreate_topic            [m | [32mtopic created[m          | client_key: 0x00000004, topic_id: 0x819(2), participant_id: 0x001(1)
[35m[1785139053.552435][m info     | [34mProxyClient.cpp   [m | [37mcreate_subscriber       [m | [32msubscriber created[m     | client_key: 0x00000004, subscriber_id: 0x819(4), participant_id: 0x001(1)
[35m[1785139053.638392][m info     | [34mProxyClient.cpp   [m | [37mcreate_datareader       [m | [32mdatareader created[m     | client_key: 0x00000004, datareader_id: 0x819(6), subscriber_id: 0x819(4)
[35m[1785139053.638483][m info     | [34mProxyClient.cpp   [m | [37mcreate_topic            [m | [32mtopic created[m          | client_key: 0x00000008, topic_id: 0x819(2), participant_id: 0x001(1)
[35m[1785139053.638502][m info     | [34mProxyClient.cpp   [m | [37mcreate_subscriber       [m | [32msubscriber created[m     | client_key: 0x00000008, subscriber_id: 0x819(4), participant_id: 0x001(1)
[35m[1785139053.639031][m info     | [34mProxyClient.cpp   [m | [37mcreate_datareader       [m | [32mdatareader created[m     | client_key: 0x00000008, datareader_id: 0x819(6), subscriber_id: 0x819(4)
[35m[1785139053.639101][m info     | [34mProxyClient.cpp   [m | [37mcreate_topic            [m | [32mtopic created[m          | client_key: 0x00000009, topic_id: 0x819(2), participant_id: 0x001(1)
[35m[1785139053.639114][m info     | [34mProxyClient.cpp   [m | [37mcreate_subscriber       [m | [32msubscriber created[m     | client_key: 0x00000009, subscriber_id: 0x819(4), participant_id: 0x001(1)
[35m[1785139053.639496][m info     | [34mProxyClient.cpp   [m | [37mcreate_datareader       [m | [32mdatareader created[m     | client_key: 0x00000009, datareader_id: 0x819(6), subscriber_id: 0x819(4)
[35m[1785139053.639942][m info     | [34mProxyClient.cpp   [m | [37mcreate_topic            [m | [32mtopic created[m          | client_key: 0x00000007, topic_id: 0x81A(2), participant_id: 0x001(1)
[35m[1785139053.639962][m info     | [34mProxyClient.cpp   [m | [37mcreate_subscriber       [m | [32msubscriber created[m     | client_key: 0x00000007, subscriber_id: 0x81A(4), participant_id: 0x001(1)
[35m[1785139053.646745][m info     | [34mProxyClient.cpp   [m | [37mcreate_datareader       [m | [32mdatareader created[m     | client_key: 0x00000007, datareader_id: 0x81A(6), subscriber_id: 0x81A(4)
[35m[1785139053.651088][m info     | [34mProxyClient.cpp   [m | [37mcreate_topic            [m | [32mtopic created[m          | client_key: 0x00000004, topic_id: 0x81A(2), participant_id: 0x001(1)
[35m[1785139053.651110][m info     | [34mProxyClient.cpp   [m | [37mcreate_subscriber       [m | [32msubscriber created[m     | client_key: 0x00000004, subscriber_id: 0x81A(4), participant_id: 0x001(1)
[35m[1785139053.737340][m info     | [34mProxyClient.cpp   [m | [37mcreate_datareader       [m | [32mdatareader created[m     | client_key: 0x00000004, datareader_id: 0x81A(6), subscriber_id: 0x81A(4)
[35m[1785139053.737444][m info     | [34mProxyClient.cpp   [m | [37mcreate_topic            [m | [32mtopic created[m          | client_key: 0x00000008, topic_id: 0x81A(2), participant_id: 0x001(1)
[35m[1785139053.737472][m info     | [34mProxyClient.cpp   [m | [37mcreate_subscriber       [m | [32msubscriber created[m     | client_key: 0x00000008, subscriber_id: 0x81A(4), participant_id: 0x001(1)
[35m[1785139053.737958][m info     | [34mProxyClient.cpp   [m | [37mcreate_datareader       [m | [32mdatareader created[m     | client_key: 0x00000008, datareader_id: 0x81A(6), subscriber_id: 0x81A(4)
[35m[1785139053.738059][m info     | [34mProxyClient.cpp   [m | [37mcreate_topic            [m | [32mtopic created[m          | client_key: 0x00000009, topic_id: 0x81A(2), participant_id: 0x001(1)
[35m[1785139053.738075][m info     | [34mProxyClient.cpp   [m | [37mcreate_subscriber       [m | [32msubscriber created[m     | client_key: 0x00000009, subscriber_id: 0x81A(4), participant_id: 0x001(1)
[35m[1785139053.738529][m info     | [34mProxyClient.cpp   [m | [37mcreate_datareader       [m | [32mdatareader created[m     | client_key: 0x00000009, datareader_id: 0x81A(6), subscriber_id: 0x81A(4)
[35m[1785139053.739053][m info     | [34mProxyClient.cpp   [m | [37mcreate_topic            [m | [32mtopic created[m          | client_key: 0x00000007, topic_id: 0x81B(2), participant_id: 0x001(1)
[35m[1785139053.739074][m info     | [34mProxyClient.cpp   [m | [37mcreate_subscriber       [m | [32msubscriber created[m     | client_key: 0x00000007, subscriber_id: 0x81B(4), participant_id: 0x001(1)
[35m[1785139053.747174][m info     | [34mProxyClient.cpp   [m | [37mcreate_datareader       [m | [32mdatareader created[m     | client_key: 0x00000007, datareader_id: 0x81B(6), subscriber_id: 0x81B(4)
[35m[1785139053.750045][m info     | [34mProxyClient.cpp   [m | [37mcreate_topic            [m | [32mtopic created[m          | client_key: 0x00000004, topic_id: 0x81B(2), participant_id: 0x001(1)
[35m[1785139053.750070][m info     | [34mProxyClient.cpp   [m | [37mcreate_subscriber       [m | [32msubscriber created[m     | client_key: 0x00000004, subscriber_id: 0x81B(4), participant_id: 0x001(1)
[35m[1785139053.838431][m info     | [34mProxyClient.cpp   [m | [37mcreate_datareader       [m | [32mdatareader created[m     | client_key: 0x00000004, datareader_id: 0x81B(6), subscriber_id: 0x81B(4)
[35m[1785139053.838643][m info     | [34mProxyClient.cpp   [m | [37mcreate_topic            [m | [32mtopic created[m          | client_key: 0x00000008, topic_id: 0x81B(2), participant_id: 0x001(1)
[35m[1785139053.838663][m info     | [34mProxyClient.cpp   [m | [37mcreate_subscriber       [m | [32msubscriber created[m     | client_key: 0x00000008, subscriber_id: 0x81B(4), participant_id: 0x001(1)
[35m[1785139053.839096][m info     | [34mProxyClient.cpp   [m | [37mcreate_datareader       [m | [32mdatareader created[m     | client_key: 0x00000008, datareader_id: 0x81B(6), subscriber_id: 0x81B(4)
[35m[1785139053.839385][m info     | [34mProxyClient.cpp   [m | [37mcreate_topic            [m | [32mtopic created[m          | client_key: 0x00000009, topic_id: 0x81B(2), participant_id: 0x001(1)
[35m[1785139053.839413][m info     | [34mProxyClient.cpp   [m | [37mcreate_subscriber       [m | [32msubscriber created[m     | client_key: 0x00000009, subscriber_id: 0x81B(4), participant_id: 0x001(1)
[35m[1785139053.839929][m info     | [34mProxyClient.cpp   [m | [37mcreate_datareader       [m | [32mdatareader created[m     | client_key: 0x00000009, datareader_id: 0x81B(6), subscriber_id: 0x81B(4)
[35m[1785139053.840393][m info     | [34mProxyClient.cpp   [m | [37mcreate_topic            [m | [32mtopic created[m          | client_key: 0x00000007, topic_id: 0x81C(2), participant_id: 0x001(1)
[35m[1785139053.840421][m info     | [34mProxyClient.cpp   [m | [37mcreate_subscriber       [m | [32msubscriber created[m     | client_key: 0x00000007, subscriber_id: 0x81C(4), participant_id: 0x001(1)
[35m[1785139053.851674][m info     | [34mProxyClient.cpp   [m | [37mcreate_datareader       [m | [32mdatareader created[m     | client_key: 0x00000007, datareader_id: 0x81C(6), subscriber_id: 0x81C(4)
[35m[1785139053.856302][m info     | [34mProxyClient.cpp   [m | [37mcreate_topic            [m | [32mtopic created[m          | client_key: 0x00000004, topic_id: 0x81C(2), participant_id: 0x001(1)
[35m[1785139053.856322][m info     | [34mProxyClient.cpp   [m | [37mcreate_subscriber       [m | [32msubscriber created[m     | client_key: 0x00000004, subscriber_id: 0x81C(4), participant_id: 0x001(1)
[35m[1785139053.936848][m info     | [34mProxyClient.cpp   [m | [37mcreate_datareader       [m | [32mdatareader created[m     | client_key: 0x00000004, datareader_id: 0x81C(6), subscriber_id: 0x81C(4)
[35m[1785139053.936915][m info     | [34mProxyClient.cpp   [m | [37mcreate_topic            [m | [32mtopic created[m          | client_key: 0x00000008, topic_id: 0x81C(2), participant_id: 0x001(1)
[35m[1785139053.936931][m info     | [34mProxyClient.cpp   [m | [37mcreate_subscriber       [m | [32msubscriber created[m     | client_key: 0x00000008, subscriber_id: 0x81C(4), participant_id: 0x001(1)
[35m[1785139053.937318][m info     | [34mProxyClient.cpp   [m | [37mcreate_datareader       [m | [32mdatareader created[m     | client_key: 0x00000008, datareader_id: 0x81C(6), subscriber_id: 0x81C(4)
[35m[1785139053.937408][m info     | [34mProxyClient.cpp   [m | [37mcreate_topic            [m | [32mtopic created[m          | client_key: 0x00000009, topic_id: 0x81C(2), participant_id: 0x001(1)
[35m[1785139053.937423][m info     | [34mProxyClient.cpp   [m | [37mcreate_subscriber       [m | [32msubscriber created[m     | client_key: 0x00000009, subscriber_id: 0x81C(4), participant_id: 0x001(1)
[35m[1785139053.937905][m info     | [34mProxyClient.cpp   [m | [37mcreate_datareader       [m | [32mdatareader created[m     | client_key: 0x00000009, datareader_id: 0x81C(6), subscriber_id: 0x81C(4)
[35m[1785139053.977604][m info     | [34mProxyClient.cpp   [m | [37mcreate_replier          [m | [32mreplier created[m        | client_key: 0x00000007, requester_id: 0x800(7), participant_id: 0x001(1)
[35m[1785139054.071277][m info     | [34mProxyClient.cpp   [m | [37mcreate_replier          [m | [32mreplier created[m        | client_key: 0x00000004, requester_id: 0x800(7), participant_id: 0x001(1)
[35m[1785139054.072424][m info     | [34mProxyClient.cpp   [m | [37mcreate_replier          [m | [32mreplier created[m        | client_key: 0x00000008, requester_id: 0x800(7), participant_id: 0x001(1)
[35m[1785139054.073600][m info     | [34mProxyClient.cpp   [m | [37mcreate_replier          [m | [32mreplier created[m        | client_key: 0x00000009, requester_id: 0x800(7), participant_id: 0x001(1)
[35m[1785139060.643444][m info     | [34mProxyClient.cpp   [m | [37mcreate_topic            [m | [32mtopic created[m          | client_key: 0x00000004, topic_id: 0x013(2), participant_id: 0x001(1)
[35m[1785139060.643484][m info     | [34mProxyClient.cpp   [m | [37mcreate_publisher        [m | [32mpublisher created[m      | client_key: 0x00000004, publisher_id: 0x013(3), participant_id: 0x001(1)
[35m[1785139060.644370][m info     | [34mProxyClient.cpp   [m | [37mcreate_datawriter       [m | [32mdatawriter created[m     | client_key: 0x00000004, datawriter_id: 0x013(5), publisher_id: 0x013(3)
[35m[1785139060.644446][m info     | [34mProxyClient.cpp   [m | [37mcreate_topic            [m | [32mtopic created[m          | client_key: 0x00000008, topic_id: 0x013(2), participant_id: 0x001(1)
[35m[1785139060.644460][m info     | [34mProxyClient.cpp   [m | [37mcreate_publisher        [m | [32mpublisher created[m      | client_key: 0x00000008, publisher_id: 0x013(3), participant_id: 0x001(1)
[35m[1785139060.644963][m info     | [34mProxyClient.cpp   [m | [37mcreate_datawriter       [m | [32mdatawriter created[m     | client_key: 0x00000008, datawriter_id: 0x013(5), publisher_id: 0x013(3)
[35m[1785139060.645047][m info     | [34mProxyClient.cpp   [m | [37mcreate_topic            [m | [32mtopic created[m          | client_key: 0x00000009, topic_id: 0x013(2), participant_id: 0x001(1)
[35m[1785139060.645064][m info     | [34mProxyClient.cpp   [m | [37mcreate_publisher        [m | [32mpublisher created[m      | client_key: 0x00000009, publisher_id: 0x013(3), participant_id: 0x001(1)
[35m[1785139060.645533][m info     | [34mProxyClient.cpp   [m | [37mcreate_datawriter       [m | [32mdatawriter created[m     | client_key: 0x00000009, datawriter_id: 0x013(5), publisher_id: 0x013(3)
[35m[1785139060.645575][m info     | [34mProxyClient.cpp   [m | [37mcreate_topic            [m | [32mtopic created[m          | client_key: 0x00000004, topic_id: 0x057(2), participant_id: 0x001(1)
[35m[1785139060.645588][m info     | [34mProxyClient.cpp   [m | [37mcreate_publisher        [m | [32mpublisher created[m      | client_key: 0x00000004, publisher_id: 0x057(3), participant_id: 0x001(1)
[35m[1785139060.646213][m info     | [34mProxyClient.cpp   [m | [37mcreate_datawriter       [m | [32mdatawriter created[m     | client_key: 0x00000004, datawriter_id: 0x057(5), publisher_id: 0x057(3)
[35m[1785139060.646249][m info     | [34mProxyClient.cpp   [m | [37mcreate_topic            [m | [32mtopic created[m          | client_key: 0x00000008, topic_id: 0x057(2), participant_id: 0x001(1)
[35m[1785139060.646269][m info     | [34mProxyClient.cpp   [m | [37mcreate_publisher        [m | [32mpublisher created[m      | client_key: 0x00000008, publisher_id: 0x057(3), participant_id: 0x001(1)
[35m[1785139060.646669][m info     | [34mProxyClient.cpp   [m | [37mcreate_datawriter       [m | [32mdatawriter created[m     | client_key: 0x00000008, datawriter_id: 0x057(5), publisher_id: 0x057(3)
[35m[1785139060.646702][m info     | [34mProxyClient.cpp   [m | [37mcreate_topic            [m | [32mtopic created[m          | client_key: 0x00000009, topic_id: 0x057(2), participant_id: 0x001(1)
[35m[1785139060.646719][m info     | [34mProxyClient.cpp   [m | [37mcreate_publisher        [m | [32mpublisher created[m      | client_key: 0x00000009, publisher_id: 0x057(3), participant_id: 0x001(1)
[35m[1785139060.647205][m info     | [34mProxyClient.cpp   [m | [37mcreate_datawriter       [m | [32mdatawriter created[m     | client_key: 0x00000009, datawriter_id: 0x057(5), publisher_id: 0x057(3)
[35m[1785139060.647239][m info     | [34mProxyClient.cpp   [m | [37mcreate_topic            [m | [32mtopic created[m          | client_key: 0x00000004, topic_id: 0x05D(2), participant_id: 0x001(1)
[35m[1785139060.647250][m info     | [34mProxyClient.cpp   [m | [37mcreate_publisher        [m | [32mpublisher created[m      | client_key: 0x00000004, publisher_id: 0x05D(3), participant_id: 0x001(1)
[35m[1785139060.647855][m info     | [34mProxyClient.cpp   [m | [37mcreate_datawriter       [m | [32mdatawriter created[m     | client_key: 0x00000004, datawriter_id: 0x05D(5), publisher_id: 0x05D(3)
[35m[1785139060.647881][m info     | [34mProxyClient.cpp   [m | [37mcreate_topic            [m | [32mtopic created[m          | client_key: 0x00000008, topic_id: 0x05D(2), participant_id: 0x001(1)
[35m[1785139060.647898][m info     | [34mProxyClient.cpp   [m | [37mcreate_publisher        [m | [32mpublisher created[m      | client_key: 0x00000008, publisher_id: 0x05D(3), participant_id: 0x001(1)
[35m[1785139060.648285][m info     | [34mProxyClient.cpp   [m | [37mcreate_datawriter       [m | [32mdatawriter created[m     | client_key: 0x00000008, datawriter_id: 0x05D(5), publisher_id: 0x05D(3)
[35m[1785139060.648429][m info     | [34mProxyClient.cpp   [m | [37mcreate_topic            [m | [32mtopic created[m          | client_key: 0x00000009, topic_id: 0x05D(2), participant_id: 0x001(1)
[35m[1785139060.648447][m info     | [34mProxyClient.cpp   [m | [37mcreate_publisher        [m | [32mpublisher created[m      | client_key: 0x00000009, publisher_id: 0x05D(3), participant_id: 0x001(1)
[35m[1785139060.648830][m info     | [34mProxyClient.cpp   [m | [37mcreate_datawriter       [m | [32mdatawriter created[m     | client_key: 0x00000009, datawriter_id: 0x05D(5), publisher_id: 0x05D(3)
[35m[1785139060.648853][m info     | [34mProxyClient.cpp   [m | [37mcreate_topic            [m | [32mtopic created[m          | client_key: 0x00000004, topic_id: 0x08D(2), participant_id: 0x001(1)
[35m[1785139060.648877][m info     | [34mProxyClient.cpp   [m | [37mcreate_publisher        [m | [32mpublisher created[m      | client_key: 0x00000004, publisher_id: 0x08D(3), participant_id: 0x001(1)
[35m[1785139060.649451][m info     | [34mProxyClient.cpp   [m | [37mcreate_datawriter       [m | [32mdatawriter created[m     | client_key: 0x00000004, datawriter_id: 0x08D(5), publisher_id: 0x08D(3)
[35m[1785139060.649478][m info     | [34mProxyClient.cpp   [m | [37mcreate_topic            [m | [32mtopic created[m          | client_key: 0x00000008, topic_id: 0x08D(2), participant_id: 0x001(1)
[35m[1785139060.649488][m info     | [34mProxyClient.cpp   [m | [37mcreate_publisher        [m | [32mpublisher created[m      | client_key: 0x00000008, publisher_id: 0x08D(3), participant_id: 0x001(1)
[35m[1785139060.649861][m info     | [34mProxyClient.cpp   [m | [37mcreate_datawriter       [m | [32mdatawriter created[m     | client_key: 0x00000008, datawriter_id: 0x08D(5), publisher_id: 0x08D(3)
[35m[1785139060.649889][m info     | [34mProxyClient.cpp   [m | [37mcreate_topic            [m | [32mtopic created[m          | client_key: 0x00000009, topic_id: 0x08D(2), participant_id: 0x001(1)
[35m[1785139060.649902][m info     | [34mProxyClient.cpp   [m | [37mcreate_publisher        [m | [32mpublisher created[m      | client_key: 0x00000009, publisher_id: 0x08D(3), participant_id: 0x001(1)
[35m[1785139060.650271][m info     | [34mProxyClient.cpp   [m | [37mcreate_datawriter       [m | [32mdatawriter created[m     | client_key: 0x00000009, datawriter_id: 0x08D(5), publisher_id: 0x08D(3)
[35m[1785139060.650303][m info     | [34mProxyClient.cpp   [m | [37mcreate_topic            [m | [32mtopic created[m          | client_key: 0x00000004, topic_id: 0x0B4(2), participant_id: 0x001(1)
[35m[1785139060.650312][m info     | [34mProxyClient.cpp   [m | [37mcreate_publisher        [m | [32mpublisher created[m      | client_key: 0x00000004, publisher_id: 0x0B4(3), participant_id: 0x001(1)
[35m[1785139060.650857][m info     | [34mProxyClient.cpp   [m | [37mcreate_datawriter       [m | [32mdatawriter created[m     | client_key: 0x00000004, datawriter_id: 0x0B4(5), publisher_id: 0x0B4(3)
[35m[1785139060.650881][m info     | [34mProxyClient.cpp   [m | [37mcreate_topic            [m | [32mtopic created[m          | client_key: 0x00000008, topic_id: 0x0B4(2), participant_id: 0x001(1)
[35m[1785139060.650903][m info     | [34mProxyClient.cpp   [m | [37mcreate_publisher        [m | [32mpublisher created[m      | client_key: 0x00000008, publisher_id: 0x0B4(3), participant_id: 0x001(1)
[35m[1785139060.651330][m info     | [34mProxyClient.cpp   [m | [37mcreate_datawriter       [m | [32mdatawriter created[m     | client_key: 0x00000008, datawriter_id: 0x0B4(5), publisher_id: 0x0B4(3)
[35m[1785139060.651359][m info     | [34mProxyClient.cpp   [m | [37mcreate_topic            [m | [32mtopic created[m          | client_key: 0x00000009, topic_id: 0x0B4(2), participant_id: 0x001(1)
[35m[1785139060.651376][m info     | [34mProxyClient.cpp   [m | [37mcreate_publisher        [m | [32mpublisher created[m      | client_key: 0x00000009, publisher_id: 0x0B4(3), participant_id: 0x001(1)
[35m[1785139060.651734][m info     | [34mProxyClient.cpp   [m | [37mcreate_datawriter       [m | [32mdatawriter created[m     | client_key: 0x00000009, datawriter_id: 0x0B4(5), publisher_id: 0x0B4(3)
[35m[1785139060.651757][m info     | [34mProxyClient.cpp   [m | [37mcreate_topic            [m | [32mtopic created[m          | client_key: 0x00000004, topic_id: 0x0CB(2), participant_id: 0x001(1)
[35m[1785139060.651773][m info     | [34mProxyClient.cpp   [m | [37mcreate_publisher        [m | [32mpublisher created[m      | client_key: 0x00000004, publisher_id: 0x0CB(3), participant_id: 0x001(1)
[35m[1785139060.652312][m info     | [34mProxyClient.cpp   [m | [37mcreate_datawriter       [m | [32mdatawriter created[m     | client_key: 0x00000004, datawriter_id: 0x0CB(5), publisher_id: 0x0CB(3)
[35m[1785139060.652341][m info     | [34mProxyClient.cpp   [m | [37mcreate_topic            [m | [32mtopic created[m          | client_key: 0x00000008, topic_id: 0x0CB(2), participant_id: 0x001(1)
[35m[1785139060.652350][m info     | [34mProxyClient.cpp   [m | [37mcreate_publisher        [m | [32mpublisher created[m      | client_key: 0x00000008, publisher_id: 0x0CB(3), participant_id: 0x001(1)
[35m[1785139060.652723][m info     | [34mProxyClient.cpp   [m | [37mcreate_datawriter       [m | [32mdatawriter created[m     | client_key: 0x00000008, datawriter_id: 0x0CB(5), publisher_id: 0x0CB(3)
[35m[1785139060.652771][m info     | [34mProxyClient.cpp   [m | [37mcreate_topic            [m | [32mtopic created[m          | client_key: 0x00000009, topic_id: 0x0CB(2), participant_id: 0x001(1)
[35m[1785139060.652785][m info     | [34mProxyClient.cpp   [m | [37mcreate_publisher        [m | [32mpublisher created[m      | client_key: 0x00000009, publisher_id: 0x0CB(3), participant_id: 0x001(1)
[35m[1785139060.653157][m info     | [34mProxyClient.cpp   [m | [37mcreate_datawriter       [m | [32mdatawriter created[m     | client_key: 0x00000009, datawriter_id: 0x0CB(5), publisher_id: 0x0CB(3)
[35m[1785139060.653189][m info     | [34mProxyClient.cpp   [m | [37mcreate_topic            [m | [32mtopic created[m          | client_key: 0x00000004, topic_id: 0x0E2(2), participant_id: 0x001(1)
[35m[1785139060.653199][m info     | [34mProxyClient.cpp   [m | [37mcreate_publisher        [m | [32mpublisher created[m      | client_key: 0x00000004, publisher_id: 0x0E2(3), participant_id: 0x001(1)
[35m[1785139060.653702][m info     | [34mProxyClient.cpp   [m | [37mcreate_datawriter       [m | [32mdatawriter created[m     | client_key: 0x00000004, datawriter_id: 0x0E2(5), publisher_id: 0x0E2(3)
[35m[1785139060.653724][m info     | [34mProxyClient.cpp   [m | [37mcreate_topic            [m | [32mtopic created[m          | client_key: 0x00000008, topic_id: 0x0E2(2), participant_id: 0x001(1)
[35m[1785139060.653740][m info     | [34mProxyClient.cpp   [m | [37mcreate_publisher        [m | [32mpublisher created[m      | client_key: 0x00000008, publisher_id: 0x0E2(3), participant_id: 0x001(1)
[35m[1785139060.654056][m info     | [34mProxyClient.cpp   [m | [37mcreate_datawriter       [m | [32mdatawriter created[m     | client_key: 0x00000008, datawriter_id: 0x0E2(5), publisher_id: 0x0E2(3)
[35m[1785139060.654087][m info     | [34mProxyClient.cpp   [m | [37mcreate_topic            [m | [32mtopic created[m          | client_key: 0x00000009, topic_id: 0x0E2(2), participant_id: 0x001(1)
[35m[1785139060.654096][m info     | [34mProxyClient.cpp   [m | [37mcreate_publisher        [m | [32mpublisher created[m      | client_key: 0x00000009, publisher_id: 0x0E2(3), participant_id: 0x001(1)
[35m[1785139060.654431][m info     | [34mProxyClient.cpp   [m | [37mcreate_datawriter       [m | [32mdatawriter created[m     | client_key: 0x00000009, datawriter_id: 0x0E2(5), publisher_id: 0x0E2(3)
[35m[1785139060.654463][m info     | [34mProxyClient.cpp   [m | [37mcreate_topic            [m | [32mtopic created[m          | client_key: 0x00000004, topic_id: 0x0F2(2), participant_id: 0x001(1)
[35m[1785139060.654473][m info     | [34mProxyClient.cpp   [m | [37mcreate_publisher        [m | [32mpublisher created[m      | client_key: 0x00000004, publisher_id: 0x0F2(3), participant_id: 0x001(1)
[35m[1785139060.655032][m info     | [34mProxyClient.cpp   [m | [37mcreate_datawriter       [m | [32mdatawriter created[m     | client_key: 0x00000004, datawriter_id: 0x0F2(5), publisher_id: 0x0F2(3)
[35m[1785139060.655066][m info     | [34mProxyClient.cpp   [m | [37mcreate_topic            [m | [32mtopic created[m          | client_key: 0x00000008, topic_id: 0x0F2(2), participant_id: 0x001(1)
[35m[1785139060.655096][m info     | [34mProxyClient.cpp   [m | [37mcreate_publisher        [m | [32mpublisher created[m      | client_key: 0x00000008, publisher_id: 0x0F2(3), participant_id: 0x001(1)
[35m[1785139060.655465][m info     | [34mProxyClient.cpp   [m | [37mcreate_datawriter       [m | [32mdatawriter created[m     | client_key: 0x00000008, datawriter_id: 0x0F2(5), publisher_id: 0x0F2(3)
[35m[1785139060.655505][m info     | [34mProxyClient.cpp   [m | [37mcreate_topic            [m | [32mtopic created[m          | client_key: 0x00000009, topic_id: 0x0F2(2), participant_id: 0x001(1)
[35m[1785139060.655528][m info     | [34mProxyClient.cpp   [m | [37mcreate_publisher        [m | [32mpublisher created[m      | client_key: 0x00000009, publisher_id: 0x0F2(3), participant_id: 0x001(1)
[35m[1785139060.655917][m info     | [34mProxyClient.cpp   [m | [37mcreate_datawriter       [m | [32mdatawriter created[m     | client_key: 0x00000009, datawriter_id: 0x0F2(5), publisher_id: 0x0F2(3)
[35m[1785139060.656234][m info     | [34mProxyClient.cpp   [m | [37mcreate_topic            [m | [32mtopic created[m          | client_key: 0x00000004, topic_id: 0x0F9(2), participant_id: 0x001(1)
[35m[1785139060.656292][m info     | [34mProxyClient.cpp   [m | [37mcreate_publisher        [m | [32mpublisher created[m      | client_key: 0x00000004, publisher_id: 0x0F9(3), participant_id: 0x001(1)
[35m[1785139060.656844][m info     | [34mProxyClient.cpp   [m | [37mcreate_datawriter       [m | [32mdatawriter created[m     | client_key: 0x00000004, datawriter_id: 0x0F9(5), publisher_id: 0x0F9(3)
[35m[1785139060.656981][m info     | [34mProxyClient.cpp   [m | [37mcreate_topic            [m | [32mtopic created[m          | client_key: 0x00000008, topic_id: 0x0F9(2), participant_id: 0x001(1)
[35m[1785139060.656995][m info     | [34mProxyClient.cpp   [m | [37mcreate_publisher        [m | [32mpublisher created[m      | client_key: 0x00000008, publisher_id: 0x0F9(3), participant_id: 0x001(1)
[35m[1785139060.657367][m info     | [34mProxyClient.cpp   [m | [37mcreate_datawriter       [m | [32mdatawriter created[m     | client_key: 0x00000008, datawriter_id: 0x0F9(5), publisher_id: 0x0F9(3)
[35m[1785139060.657396][m info     | [34mProxyClient.cpp   [m | [37mcreate_topic            [m | [32mtopic created[m          | client_key: 0x00000009, topic_id: 0x0F9(2), participant_id: 0x001(1)
[35m[1785139060.657413][m info     | [34mProxyClient.cpp   [m | [37mcreate_publisher        [m | [32mpublisher created[m      | client_key: 0x00000009, publisher_id: 0x0F9(3), participant_id: 0x001(1)
[35m[1785139060.657753][m info     | [34mProxyClient.cpp   [m | [37mcreate_datawriter       [m | [32mdatawriter created[m     | client_key: 0x00000009, datawriter_id: 0x0F9(5), publisher_id: 0x0F9(3)
[35m[1785139060.657829][m info     | [34mProxyClient.cpp   [m | [37mcreate_topic            [m | [32mtopic created[m          | client_key: 0x00000007, topic_id: 0x013(2), participant_id: 0x001(1)
[35m[1785139060.657842][m info     | [34mProxyClient.cpp   [m | [37mcreate_publisher        [m | [32mpublisher created[m      | client_key: 0x00000007, publisher_id: 0x013(3), participant_id: 0x001(1)
[35m[1785139060.658468][m info     | [34mProxyClient.cpp   [m | [37mcreate_datawriter       [m | [32mdatawriter created[m     | client_key: 0x00000007, datawriter_id: 0x013(5), publisher_id: 0x013(3)
[35m[1785139060.658498][m info     | [34mProxyClient.cpp   [m | [37mcreate_topic            [m | [32mtopic created[m          | client_key: 0x00000004, topic_id: 0x0F6(2), participant_id: 0x001(1)
[35m[1785139060.658509][m info     | [34mProxyClient.cpp   [m | [37mcreate_publisher        [m | [32mpublisher created[m      | client_key: 0x00000004, publisher_id: 0x0F6(3), participant_id: 0x001(1)
[35m[1785139060.659055][m info     | [34mProxyClient.cpp   [m | [37mcreate_datawriter       [m | [32mdatawriter created[m     | client_key: 0x00000004, datawriter_id: 0x0F6(5), publisher_id: 0x0F6(3)
[35m[1785139060.659087][m info     | [34mProxyClient.cpp   [m | [37mcreate_topic            [m | [32mtopic created[m          | client_key: 0x00000008, topic_id: 0x0F6(2), participant_id: 0x001(1)
[35m[1785139060.659105][m info     | [34mProxyClient.cpp   [m | [37mcreate_publisher        [m | [32mpublisher created[m      | client_key: 0x00000008, publisher_id: 0x0F6(3), participant_id: 0x001(1)
[35m[1785139060.659441][m info     | [34mProxyClient.cpp   [m | [37mcreate_datawriter       [m | [32mdatawriter created[m     | client_key: 0x00000008, datawriter_id: 0x0F6(5), publisher_id: 0x0F6(3)
[35m[1785139060.659474][m info     | [34mProxyClient.cpp   [m | [37mcreate_topic            [m | [32mtopic created[m          | client_key: 0x00000009, topic_id: 0x0F6(2), participant_id: 0x001(1)
[35m[1785139060.659489][m info     | [34mProxyClient.cpp   [m | [37mcreate_publisher        [m | [32mpublisher created[m      | client_key: 0x00000009, publisher_id: 0x0F6(3), participant_id: 0x001(1)
[35m[1785139060.659819][m info     | [34mProxyClient.cpp   [m | [37mcreate_datawriter       [m | [32mdatawriter created[m     | client_key: 0x00000009, datawriter_id: 0x0F6(5), publisher_id: 0x0F6(3)
[35m[1785139060.659856][m info     | [34mProxyClient.cpp   [m | [37mcreate_topic            [m | [32mtopic created[m          | client_key: 0x00000007, topic_id: 0x057(2), participant_id: 0x001(1)
[35m[1785139060.659870][m info     | [34mProxyClient.cpp   [m | [37mcreate_publisher        [m | [32mpublisher created[m      | client_key: 0x00000007, publisher_id: 0x057(3), participant_id: 0x001(1)
[35m[1785139060.660473][m info     | [34mProxyClient.cpp   [m | [37mcreate_datawriter       [m | [32mdatawriter created[m     | client_key: 0x00000007, datawriter_id: 0x057(5), publisher_id: 0x057(3)
[35m[1785139060.660629][m info     | [34mProxyClient.cpp   [m | [37mcreate_topic            [m | [32mtopic created[m          | client_key: 0x00000004, topic_id: 0x0FA(2), participant_id: 0x001(1)
[35m[1785139060.660650][m info     | [34mProxyClient.cpp   [m | [37mcreate_publisher        [m | [32mpublisher created[m      | client_key: 0x00000004, publisher_id: 0x0FA(3), participant_id: 0x001(1)
[35m[1785139060.661147][m info     | [34mProxyClient.cpp   [m | [37mcreate_datawriter       [m | [32mdatawriter created[m     | client_key: 0x00000004, datawriter_id: 0x0FA(5), publisher_id: 0x0FA(3)
[35m[1785139060.661174][m info     | [34mProxyClient.cpp   [m | [37mcreate_topic            [m | [32mtopic created[m          | client_key: 0x00000008, topic_id: 0x0FA(2), participant_id: 0x001(1)
[35m[1785139060.661184][m info     | [34mProxyClient.cpp   [m | [37mcreate_publisher        [m | [32mpublisher created[m      | client_key: 0x00000008, publisher_id: 0x0FA(3), participant_id: 0x001(1)
[35m[1785139060.661520][m info     | [34mProxyClient.cpp   [m | [37mcreate_datawriter       [m | [32mdatawriter created[m     | client_key: 0x00000008, datawriter_id: 0x0FA(5), publisher_id: 0x0FA(3)
[35m[1785139060.661555][m info     | [34mProxyClient.cpp   [m | [37mcreate_topic            [m | [32mtopic created[m          | client_key: 0x00000009, topic_id: 0x0FA(2), participant_id: 0x001(1)
[35m[1785139060.661569][m info     | [34mProxyClient.cpp   [m | [37mcreate_publisher        [m | [32mpublisher created[m      | client_key: 0x00000009, publisher_id: 0x0FA(3), participant_id: 0x001(1)
[35m[1785139060.661898][m info     | [34mProxyClient.cpp   [m | [37mcreate_datawriter       [m | [32mdatawriter created[m     | client_key: 0x00000009, datawriter_id: 0x0FA(5), publisher_id: 0x0FA(3)
[35m[1785139060.661929][m info     | [34mProxyClient.cpp   [m | [37mcreate_topic            [m | [32mtopic created[m          | client_key: 0x00000007, topic_id: 0x05D(2), participant_id: 0x001(1)
[35m[1785139060.661938][m info     | [34mProxyClient.cpp   [m | [37mcreate_publisher        [m | [32mpublisher created[m      | client_key: 0x00000007, publisher_id: 0x05D(3), participant_id: 0x001(1)
[35m[1785139060.662465][m info     | [34mProxyClient.cpp   [m | [37mcreate_datawriter       [m | [32mdatawriter created[m     | client_key: 0x00000007, datawriter_id: 0x05D(5), publisher_id: 0x05D(3)
[35m[1785139060.662492][m info     | [34mProxyClient.cpp   [m | [37mcreate_topic            [m | [32mtopic created[m          | client_key: 0x00000004, topic_id: 0x0FC(2), participant_id: 0x001(1)
[35m[1785139060.662502][m info     | [34mProxyClient.cpp   [m | [37mcreate_publisher        [m | [32mpublisher created[m      | client_key: 0x00000004, publisher_id: 0x0FC(3), participant_id: 0x001(1)
[35m[1785139060.663011][m info     | [34mProxyClient.cpp   [m | [37mcreate_datawriter       [m | [32mdatawriter created[m     | client_key: 0x00000004, datawriter_id: 0x0FC(5), publisher_id: 0x0FC(3)
[35m[1785139060.663051][m info     | [34mProxyClient.cpp   [m | [37mcreate_topic            [m | [32mtopic created[m          | client_key: 0x00000008, topic_id: 0x0FC(2), participant_id: 0x001(1)
[35m[1785139060.663066][m info     | [34mProxyClient.cpp   [m | [37mcreate_publisher        [m | [32mpublisher created[m      | client_key: 0x00000008, publisher_id: 0x0FC(3), participant_id: 0x001(1)
[35m[1785139060.663407][m info     | [34mProxyClient.cpp   [m | [37mcreate_datawriter       [m | [32mdatawriter created[m     | client_key: 0x00000008, datawriter_id: 0x0FC(5), publisher_id: 0x0FC(3)
[35m[1785139060.663434][m info     | [34mProxyClient.cpp   [m | [37mcreate_topic            [m | [32mtopic created[m          | client_key: 0x00000009, topic_id: 0x0FC(2), participant_id: 0x001(1)
[35m[1785139060.663450][m info     | [34mProxyClient.cpp   [m | [37mcreate_publisher        [m | [32mpublisher created[m      | client_key: 0x00000009, publisher_id: 0x0FC(3), participant_id: 0x001(1)
[35m[1785139060.663753][m info     | [34mProxyClient.cpp   [m | [37mcreate_datawriter       [m | [32mdatawriter created[m     | client_key: 0x00000009, datawriter_id: 0x0FC(5), publisher_id: 0x0FC(3)
[35m[1785139060.663775][m info     | [34mProxyClient.cpp   [m | [37mcreate_topic            [m | [32mtopic created[m          | client_key: 0x00000007, topic_id: 0x08D(2), participant_id: 0x001(1)
[35m[1785139060.663790][m info     | [34mProxyClient.cpp   [m | [37mcreate_publisher        [m | [32mpublisher created[m      | client_key: 0x00000007, publisher_id: 0x08D(3), participant_id: 0x001(1)
[35m[1785139060.664370][m info     | [34mProxyClient.cpp   [m | [37mcreate_datawriter       [m | [32mdatawriter created[m     | client_key: 0x00000007, datawriter_id: 0x08D(5), publisher_id: 0x08D(3)
[35m[1785139060.664635][m info     | [34mProxyClient.cpp   [m | [37mcreate_topic            [m | [32mtopic created[m          | client_key: 0x00000004, topic_id: 0x100(2), participant_id: 0x001(1)
[35m[1785139060.664648][m info     | [34mProxyClient.cpp   [m | [37mcreate_publisher        [m | [32mpublisher created[m      | client_key: 0x00000004, publisher_id: 0x100(3), participant_id: 0x001(1)
[35m[1785139060.665131][m info     | [34mProxyClient.cpp   [m | [37mcreate_datawriter       [m | [32mdatawriter created[m     | client_key: 0x00000004, datawriter_id: 0x100(5), publisher_id: 0x100(3)
[35m[1785139060.665277][m info     | [34mProxyClient.cpp   [m | [37mcreate_topic            [m | [32mtopic created[m          | client_key: 0x00000008, topic_id: 0x100(2), participant_id: 0x001(1)
[35m[1785139060.665291][m info     | [34mProxyClient.cpp   [m | [37mcreate_publisher        [m | [32mpublisher created[m      | client_key: 0x00000008, publisher_id: 0x100(3), participant_id: 0x001(1)
[35m[1785139060.665625][m info     | [34mProxyClient.cpp   [m | [37mcreate_datawriter       [m | [32mdatawriter created[m     | client_key: 0x00000008, datawriter_id: 0x100(5), publisher_id: 0x100(3)
[35m[1785139060.665651][m info     | [34mProxyClient.cpp   [m | [37mcreate_topic            [m | [32mtopic created[m          | client_key: 0x00000009, topic_id: 0x100(2), participant_id: 0x001(1)
[35m[1785139060.665660][m info     | [34mProxyClient.cpp   [m | [37mcreate_publisher        [m | [32mpublisher created[m      | client_key: 0x00000009, publisher_id: 0x100(3), participant_id: 0x001(1)
[35m[1785139060.665989][m info     | [34mProxyClient.cpp   [m | [37mcreate_datawriter       [m | [32mdatawriter created[m     | client_key: 0x00000009, datawriter_id: 0x100(5), publisher_id: 0x100(3)
[35m[1785139060.666020][m info     | [34mProxyClient.cpp   [m | [37mcreate_topic            [m | [32mtopic created[m          | client_key: 0x00000007, topic_id: 0x0B4(2), participant_id: 0x001(1)
[35m[1785139060.666030][m info     | [34mProxyClient.cpp   [m | [37mcreate_publisher        [m | [32mpublisher created[m      | client_key: 0x00000007, publisher_id: 0x0B4(3), participant_id: 0x001(1)
[35m[1785139060.666533][m info     | [34mProxyClient.cpp   [m | [37mcreate_datawriter       [m | [32mdatawriter created[m     | client_key: 0x00000007, datawriter_id: 0x0B4(5), publisher_id: 0x0B4(3)
[35m[1785139060.666559][m info     | [34mProxyClient.cpp   [m | [37mcreate_topic            [m | [32mtopic created[m          | client_key: 0x00000004, topic_id: 0x105(2), participant_id: 0x001(1)
[35m[1785139060.666576][m info     | [34mProxyClient.cpp   [m | [37mcreate_publisher        [m | [32mpublisher created[m      | client_key: 0x00000004, publisher_id: 0x105(3), participant_id: 0x001(1)
[35m[1785139060.667160][m info     | [34mProxyClient.cpp   [m | [37mcreate_datawriter       [m | [32mdatawriter created[m     | client_key: 0x00000004, datawriter_id: 0x105(5), publisher_id: 0x105(3)
[35m[1785139060.667199][m info     | [34mProxyClient.cpp   [m | [37mcreate_topic            [m | [32mtopic created[m          | client_key: 0x00000008, topic_id: 0x105(2), participant_id: 0x001(1)
[35m[1785139060.667210][m info     | [34mProxyClient.cpp   [m | [37mcreate_publisher        [m | [32mpublisher created[m      | client_key: 0x00000008, publisher_id: 0x105(3), participant_id: 0x001(1)
[35m[1785139060.667571][m info     | [34mProxyClient.cpp   [m | [37mcreate_datawriter       [m | [32mdatawriter created[m     | client_key: 0x00000008, datawriter_id: 0x105(5), publisher_id: 0x105(3)
[35m[1785139060.667597][m info     | [34mProxyClient.cpp   [m | [37mcreate_topic            [m | [32mtopic created[m          | client_key: 0x00000009, topic_id: 0x105(2), participant_id: 0x001(1)
[35m[1785139060.667612][m info     | [34mProxyClient.cpp   [m | [37mcreate_publisher        [m | [32mpublisher created[m      | client_key: 0x00000009, publisher_id: 0x105(3), participant_id: 0x001(1)
[35m[1785139060.667959][m info     | [34mProxyClient.cpp   [m | [37mcreate_datawriter       [m | [32mdatawriter created[m     | client_key: 0x00000009, datawriter_id: 0x105(5), publisher_id: 0x105(3)
[35m[1785139060.667983][m info     | [34mProxyClient.cpp   [m | [37mcreate_topic            [m | [32mtopic created[m          | client_key: 0x00000007, topic_id: 0x0CB(2), participant_id: 0x001(1)
[35m[1785139060.667993][m info     | [34mProxyClient.cpp   [m | [37mcreate_publisher        [m | [32mpublisher created[m      | client_key: 0x00000007, publisher_id: 0x0CB(3), participant_id: 0x001(1)
[35m[1785139060.668482][m info     | [34mProxyClient.cpp   [m | [37mcreate_datawriter       [m | [32mdatawriter created[m     | client_key: 0x00000007, datawriter_id: 0x0CB(5), publisher_id: 0x0CB(3)
[35m[1785139060.668759][m info     | [34mProxyClient.cpp   [m | [37mcreate_topic            [m | [32mtopic created[m          | client_key: 0x00000004, topic_id: 0x10A(2), participant_id: 0x001(1)
[35m[1785139060.668780][m info     | [34mProxyClient.cpp   [m | [37mcreate_publisher        [m | [32mpublisher created[m      | client_key: 0x00000004, publisher_id: 0x10A(3), participant_id: 0x001(1)
[35m[1785139060.670625][m info     | [34mProxyClient.cpp   [m | [37mcreate_datawriter       [m | [32mdatawriter created[m     | client_key: 0x00000004, datawriter_id: 0x10A(5), publisher_id: 0x10A(3)
[35m[1785139060.670788][m info     | [34mProxyClient.cpp   [m | [37mcreate_topic            [m | [32mtopic created[m          | client_key: 0x00000008, topic_id: 0x10A(2), participant_id: 0x001(1)
[35m[1785139060.670804][m info     | [34mProxyClient.cpp   [m | [37mcreate_publisher        [m | [32mpublisher created[m      | client_key: 0x00000008, publisher_id: 0x10A(3), participant_id: 0x001(1)
[35m[1785139060.671291][m info     | [34mProxyClient.cpp   [m | [37mcreate_datawriter       [m | [32mdatawriter created[m     | client_key: 0x00000008, datawriter_id: 0x10A(5), publisher_id: 0x10A(3)
[35m[1785139060.671468][m info     | [34mProxyClient.cpp   [m | [37mcreate_topic            [m | [32mtopic created[m          | client_key: 0x00000009, topic_id: 0x10A(2), participant_id: 0x001(1)
[35m[1785139060.671483][m info     | [34mProxyClient.cpp   [m | [37mcreate_publisher        [m | [32mpublisher created[m      | client_key: 0x00000009, publisher_id: 0x10A(3), participant_id: 0x001(1)
[35m[1785139060.671809][m info     | [34mProxyClient.cpp   [m | [37mcreate_datawriter       [m | [32mdatawriter created[m     | client_key: 0x00000009, datawriter_id: 0x10A(5), publisher_id: 0x10A(3)
[35m[1785139060.671834][m info     | [34mProxyClient.cpp   [m | [37mcreate_topic            [m | [32mtopic created[m          | client_key: 0x00000007, topic_id: 0x0E2(2), participant_id: 0x001(1)
[35m[1785139060.671844][m info     | [34mProxyClient.cpp   [m | [37mcreate_publisher        [m | [32mpublisher created[m      | client_key: 0x00000007, publisher_id: 0x0E2(3), participant_id: 0x001(1)
[35m[1785139060.672434][m info     | [34mProxyClient.cpp   [m | [37mcreate_datawriter       [m | [32mdatawriter created[m     | client_key: 0x00000007, datawriter_id: 0x0E2(5), publisher_id: 0x0E2(3)
[35m[1785139060.672504][m info     | [34mProxyClient.cpp   [m | [37mcreate_topic            [m | [32mtopic created[m          | client_key: 0x00000007, topic_id: 0x0F2(2), participant_id: 0x001(1)
[35m[1785139060.672520][m info     | [34mProxyClient.cpp   [m | [37mcreate_publisher        [m | [32mpublisher created[m      | client_key: 0x00000007, publisher_id: 0x0F2(3), participant_id: 0x001(1)
[35m[1785139060.673064][m info     | [34mProxyClient.cpp   [m | [37mcreate_datawriter       [m | [32mdatawriter created[m     | client_key: 0x00000007, datawriter_id: 0x0F2(5), publisher_id: 0x0F2(3)
[35m[1785139060.673418][m info     | [34mProxyClient.cpp   [m | [37mcreate_topic            [m | [32mtopic created[m          | client_key: 0x00000007, topic_id: 0x0F9(2), participant_id: 0x001(1)
[35m[1785139060.673432][m info     | [34mProxyClient.cpp   [m | [37mcreate_publisher        [m | [32mpublisher created[m      | client_key: 0x00000007, publisher_id: 0x0F9(3), participant_id: 0x001(1)
[35m[1785139060.673928][m info     | [34mProxyClient.cpp   [m | [37mcreate_datawriter       [m | [32mdatawriter created[m     | client_key: 0x00000007, datawriter_id: 0x0F9(5), publisher_id: 0x0F9(3)
[35m[1785139060.673981][m info     | [34mProxyClient.cpp   [m | [37mcreate_topic            [m | [32mtopic created[m          | client_key: 0x00000007, topic_id: 0x0F6(2), participant_id: 0x001(1)
[35m[1785139060.673991][m info     | [34mProxyClient.cpp   [m | [37mcreate_publisher        [m | [32mpublisher created[m      | client_key: 0x00000007, publisher_id: 0x0F6(3), participant_id: 0x001(1)
[35m[1785139060.674491][m info     | [34mProxyClient.cpp   [m | [37mcreate_datawriter       [m | [32mdatawriter created[m     | client_key: 0x00000007, datawriter_id: 0x0F6(5), publisher_id: 0x0F6(3)
[35m[1785139060.674544][m info     | [34mProxyClient.cpp   [m | [37mcreate_topic            [m | [32mtopic created[m          | client_key: 0x00000007, topic_id: 0x0FA(2), participant_id: 0x001(1)
[35m[1785139060.674555][m info     | [34mProxyClient.cpp   [m | [37mcreate_publisher        [m | [32mpublisher created[m      | client_key: 0x00000007, publisher_id: 0x0FA(3), participant_id: 0x001(1)
[35m[1785139060.675111][m info     | [34mProxyClient.cpp   [m | [37mcreate_datawriter       [m | [32mdatawriter created[m     | client_key: 0x00000007, datawriter_id: 0x0FA(5), publisher_id: 0x0FA(3)
[35m[1785139060.675622][m info     | [34mProxyClient.cpp   [m | [37mcreate_topic            [m | [32mtopic created[m          | client_key: 0x00000007, topic_id: 0x0FC(2), participant_id: 0x001(1)
[35m[1785139060.675638][m info     | [34mProxyClient.cpp   [m | [37mcreate_publisher        [m | [32mpublisher created[m      | client_key: 0x00000007, publisher_id: 0x0FC(3), participant_id: 0x001(1)
[35m[1785139060.676121][m info     | [34mProxyClient.cpp   [m | [37mcreate_datawriter       [m | [32mdatawriter created[m     | client_key: 0x00000007, datawriter_id: 0x0FC(5), publisher_id: 0x0FC(3)
[35m[1785139060.676419][m info     | [34mProxyClient.cpp   [m | [37mcreate_topic            [m | [32mtopic created[m          | client_key: 0x00000007, topic_id: 0x100(2), participant_id: 0x001(1)
[35m[1785139060.676440][m info     | [34mProxyClient.cpp   [m | [37mcreate_publisher        [m | [32mpublisher created[m      | client_key: 0x00000007, publisher_id: 0x100(3), participant_id: 0x001(1)
[35m[1785139060.676940][m info     | [34mProxyClient.cpp   [m | [37mcreate_datawriter       [m | [32mdatawriter created[m     | client_key: 0x00000007, datawriter_id: 0x100(5), publisher_id: 0x100(3)
[35m[1785139060.676996][m info     | [34mProxyClient.cpp   [m | [37mcreate_topic            [m | [32mtopic created[m          | client_key: 0x00000007, topic_id: 0x105(2), participant_id: 0x001(1)
[35m[1785139060.677006][m info     | [34mProxyClient.cpp   [m | [37mcreate_publisher        [m | [32mpublisher created[m      | client_key: 0x00000007, publisher_id: 0x105(3), participant_id: 0x001(1)
[35m[1785139060.677588][m info     | [34mProxyClient.cpp   [m | [37mcreate_datawriter       [m | [32mdatawriter created[m     | client_key: 0x00000007, datawriter_id: 0x105(5), publisher_id: 0x105(3)
[35m[1785139060.677784][m info     | [34mProxyClient.cpp   [m | [37mcreate_topic            [m | [32mtopic created[m          | client_key: 0x00000007, topic_id: 0x10A(2), participant_id: 0x001(1)
[35m[1785139060.677797][m info     | [34mProxyClient.cpp   [m | [37mcreate_publisher        [m | [32mpublisher created[m      | client_key: 0x00000007, publisher_id: 0x10A(3), participant_id: 0x001(1)
[35m[1785139060.679724][m info     | [34mProxyClient.cpp   [m | [37mcreate_datawriter       [m | [32mdatawriter created[m     | client_key: 0x00000007, datawriter_id: 0x10A(5), publisher_id: 0x10A(3)
