bag_time_ns,actual_pos_x,actual_pos_y,actual_pos_z,actual_velocity_x,actual_velocity_y,actual_velocity_z,arrival_time_error,elapsed_time,final_position_error,header_frame_id,header_stamp_nanosec,header_stamp_sec,integrated_squared_jerk,integrated_squared_jerk_valid,is_finished,is_hover_stable,ladrc_accel_feedforward_enabled,ladrc_acceleration_command_x,ladrc_acceleration_command_y,ladrc_acceleration_command_z,max_acceleration,max_acceleration_valid,max_jerk,max_jerk_valid,max_velocity,max_velocity_valid,mission_id,motion_style,path_length,reference_acceleration_x,reference_acceleration_y,reference_acceleration_z,reference_jerk_x,reference_jerk_y,reference_jerk_z,reference_pos_x,reference_pos_y,reference_pos_z,reference_velocity_x,reference_velocity_y,reference_velocity_z,requested_duration,safety_factor,start_pos_x,start_pos_y,start_pos_z,target_pos_x,target_pos_y,target_pos_z,tracking_error,trajectory_duration,trajectory_profile,uav_id
1785140429904988625,-0.015879325568675995,14.993128380738199,-0.3864630460739136,-0.039073750376701355,0.010780427604913712,-0.18394511938095093,nan,-1.9076861143112183,16.96324920654297,world,904929874,1785140429,0.832145094871521,True,False,False,True,0.08998391577052633,-0.0233787370635379,0.8523532247154189,0.6799285411834717,True,0.5888354182243347,True,2.649759292602539,True,4,normal,16.958459854125977,0.0,0.0,0.0,0.5560387715296302,-0.05182673958996828,0.1867136804180013,-0.013916620053350925,14.992610100191087,-0.3773539960384369,0.0,0.0,0.0,12.0,0.0,-0.013916620053350925,14.992610100191087,-0.3773539960384369,16.0,13.5,5.0,0.009332503192126751,12.0,minimum_jerk,5
1785140430004979258,-0.01568688452243805,14.99361571110785,-0.3882625699043274,-0.039248764514923096,0.011016112752258778,-0.18452563881874084,nan,-1.8076725006103516,16.963682174682617,world,4944782,1785140430,0.832145094871521,True,False,False,True,0.0784550256853387,-0.04457428116854434,0.36753924677919897,0.6799285411834717,True,0.5888354182243347,True,2.649759292602539,True,4,normal,16.958459854125977,0.0,0.0,0.0,0.5560387715296302,-0.05182673958996828,0.1867136804180013,-0.013916620053350925,14.992610100191087,-0.3773539960384369,0.0,0.0,0.0,12.0,0.0,-0.013916620053350925,14.992610100191087,-0.3773539960384369,16.0,13.5,5.0,0.011096939444541931,12.0,minimum_jerk,5
1785140430104969680,-0.014894367195665836,14.994116950780153,-0.388603150844574,-0.03916473686695099,0.011160444468259811,-0.18498091399669647,nan,-1.7076830863952637,16.963085174560547,world,104931968,1785140430,0.832145094871521,True,False,False,True,-0.04204469943568176,-0.04656034661025193,0.3681220173549242,0.6799285411834717,True,0.5888354182243347,True,2.649759292602539,True,4,normal,16.958459854125977,0.0,0.0,0.0,0.5560387715296302,-0.05182673958996828,0.1867136804180013,-0.013916620053350925,14.992610100191087,-0.3773539960384369,0.0,0.0,0.0,12.0,0.0,-0.013916620053350925,14.992610100191087,-0.3773539960384369,16.0,13.5,5.0,0.01139166671782732,12.0,minimum_jerk,5
1785140430204972365,-0.015538251027464867,14.994738751556724,-0.39369845390319824,-0.03923771530389786,0.01250580046325922,-0.18621289730072021,nan,-1.6076825857162476,16.965368270874023,world,204933922,1785140430,0.832145094871521,True,False,False,True,0.046465574586257906,-0.0657068558297009,0.9607296841212777,0.6799285411834717,True,0.5888354182243347,True,2.649759292602539,True,4,normal,16.958459854125977,0.0,0.0,0.0,0.5560387715296302,-0.05182673958996828,0.1867136804180013,-0.013916620053350925,14.992610100191087,-0.3773539960384369,0.0,0.0,0.0,12.0,0.0,-0.013916620053350925,14.992610100191087,-0.3773539960384369,16.0,13.5,5.0,0.016562068834900856,12.0,minimum_jerk,5
1785140430305001861,-0.01725872792303562,14.995775502175093,-0.4028386175632477,-0.039421968162059784,0.015629790723323822,-0.18960508704185486,nan,-1.5076613426208496,16.96999168395996,world,304956465,1785140430,0.832145094871521,True,False,False,True,0.12839422712098528,-0.09790477687192714,1.434835239868581,0.6799285411834717,True,0.5888354182243347,True,2.649759292602539,True,4,normal,16.958459854125977,0.0,0.0,0.0,0.5560387715296302,-0.05182673958996828,0.1867136804180013,-0.013916620053350925,14.992610100191087,-0.3773539960384369,0.0,0.0,0.0,12.0,0.0,-0.013916620053350925,14.992610100191087,-0.3773539960384369,16.0,13.5,5.0,0.025897014886140823,12.0,minimum_jerk,5
1785140430405001119,-0.01665422134101391,14.997904257383198,-0.403908908367157,-0.03231457248330116,0.01154558639973402,-0.18915407359600067,nan,-1.4076749086380005,16.969947814941406,world,404940986,1785140430,0.832145094871521,True,False,False,True,0.08692826477884814,-0.1815636937919512,0.9730511947494884,0.6799285411834717,True,0.5888354182243347,True,2.649759292602539,True,4,normal,16.958459854125977,0.0,0.0,0.0,0.5560387715296302,-0.05182673958996828,0.1867136804180013,-0.013916620053350925,14.992610100191087,-0.3773539960384369,0.0,0.0,0.0,12.0,0.0,-0.013916620053350925,14.992610100191087,-0.3773539960384369,16.0,13.5,5.0,0.027215545997023582,12.0,minimum_jerk,5
1785140430504971253,-0.014461771585047245,14.999959949811455,-0.4036361575126648,-0.02481657825410366,0.0074170795269310474,-0.18913598358631134,nan,-1.3076800107955933,16.967973709106445,world,504935025,1785140430,0.832145094871521,True,False,False,True,-0.08643877925185886,-0.2410398701656717,1.033265625339546,0.6799285411834717,True,0.5888354182243347,True,2.649759292602539,True,4,normal,16.958459854125977,0.0,0.0,0.0,0.5560387715296302,-0.05182673958996828,0.1867136804180013,-0.013916620053350925,14.992610100191087,-0.3773539960384369,0.0,0.0,0.0,12.0,0.0,-0.013916620053350925,14.992610100191087,-0.3773539960384369,16.0,13.5,5.0,0.02729596197605133,12.0,minimum_jerk,5
1785140430604989257,-0.013559737242758274,15.001670847646892,-0.4085584580898285,-0.021891623735427856,0.007602554280310869,-0.18983140587806702,nan,-1.2076785564422607,16.968841552734375,world,604937429,1785140430,0.832145094871521,True,False,False,True,-0.04839249451567836,-0.259493885301708,1.6908494480249867,0.6799285411834717,True,0.5888354182243347,True,2.649759292602539,True,4,normal,16.958459854125977,0.0,0.0,0.0,0.5560387715296302,-0.05182673958996828,0.1867136804180013,-0.013916620053350925,14.992610100191087,-0.3773539960384369,0.0,0.0,0.0,12.0,0.0,-0.013916620053350925,14.992610100191087,-0.3773539960384369,16.0,13.5,5.0,0.032495275139808655,12.0,minimum_jerk,5
1785140430704980791,-0.012643466703593731,15.002380433725193,-0.4179230034351349,-0.0035019628703594208,-0.009450066834688187,-0.19193680584430695,nan,-1.1076629161834717,16.971027374267578,world,704953670,1785140430,0.832145094871521,True,False,False,True,-0.028798767376258423,-0.25223466813134887,2.2622683400470054,0.6799285411834717,True,0.5888354182243347,True,2.649759292602539,True,4,normal,16.958459854125977,0.0,0.0,0.0,0.5560387715296302,-0.05182673958996828,0.1867136804180013,-0.013916620053350925,14.992610100191087,-0.3773539960384369,0.0,0.0,0.0,12.0,0.0,-0.013916620053350925,14.992610100191087,-0.3773539960384369,16.0,13.5,5.0,0.041748348623514175,12.0,minimum_jerk,5
1785140430805001811,-0.00696413591504097,14.999717744562076,-0.4188873767852783,0.03146107867360115,-0.04257030040025711,-0.1917923241853714,nan,-1.0076777935028076,16.965742111206055,world,804937780,1785140430,0.832145094871521,True,False,False,True,-0.2729892380277779,-0.09551789342047196,1.8245801472774628,0.6799285411834717,True,0.5888354182243347,True,2.649759292602539,True,4,normal,16.958459854125977,0.0,0.0,0.0,0.5560387715296302,-0.05182673958996828,0.1867136804180013,-0.013916620053350925,14.992610100191087,-0.3773539960384369,0.0,0.0,0.0,12.0,0.0,-0.013916620053350925,14.992610100191087,-0.3773539960384369,16.0,13.5,5.0,0.04270687699317932,12.0,minimum_jerk,5
1785140430905015016,0.004197882954031229,14.992553588468581,-0.4185197353363037,0.07654980570077896,-0.06885509938001633,-0.19252504408359528,nan,-0.9076613783836365,16.9544620513916,world,904955354,1785140430,0.832145094871521,True,False,False,True,-0.742645955771196,0.2168353693539125,1.9284914316781463,0.6799285411834717,True,0.5888354182243347,True,2.649759292602539,True,4,normal,16.958459854125977,0.0,0.0,0.0,0.5560387715296302,-0.05182673958996828,0.1867136804180013,-0.013916620053350925,14.992610100191087,-0.3773539960384369,0.0,0.0,0.0,12.0,0.0,-0.013916620053350925,14.992610100191087,-0.3773539960384369,16.0,13.5,5.0,0.04497506469488144,12.0,minimum_jerk,5
1785140431004981503,0.016367772594094276,14.984462918713689,-0.42312100529670715,0.10388872772455215,-0.08974659442901611,-0.19125299155712128,nan,-0.807671070098877,16.943740844726562,world,4945094,1785140431,0.832145094871521,True,False,False,True,-1.087901860961005,0.44621602400569776,2.6164347397988035,0.6799285411834717,True,0.5888354182243347,True,2.649759292602539,True,4,normal,16.958459854125977,0.0,0.0,0.0,0.5560387715296302,-0.05182673958996828,0.1867136804180013,-0.013916620053350925,14.992610100191087,-0.3773539960384369,0.0,0.0,0.0,12.0,0.0,-0.013916620053350925,14.992610100191087,-0.3773539960384369,16.0,13.5,5.0,0.055480990558862686,12.0,minimum_jerk,5
1785140431104970001,0.03088494949042797,14.973658572882414,-0.4304865598678589,0.1252240091562271,-0.1022564023733139,-0.15507765114307404,nan,-0.7076771855354309,16.93146514892578,world,104937590,1785140431,0.832145094871521,True,False,False,True,-1.3907989794049498,0.6957546113403597,3.1147228760475247,0.6799285411834717,True,0.5888354182243347,True,2.649759292602539,True,4,normal,16.958459854125977,0.0,0.0,0.0,0.5560387715296302,-0.05182673958996828,0.1867136804180013,-0.013916620053350925,14.992610100191087,-0.3773539960384369,0.0,0.0,0.0,12.0,0.0,-0.013916620053350925,14.992610100191087,-0.3773539960384369,16.0,13.5,5.0,0.07203756272792816,12.0,minimum_jerk,5
1785140431204992304,0.045053932815790176,14.963857311755419,-0.4248512387275696,0.13397479057312012,-0.08163787424564362,-0.09033344686031342,nan,-0.6076669096946716,16.915441513061523,world,204948010,1785140431,0.832145094871521,True,False,False,True,-1.7533180016460084,0.9266005681544558,2.150560907440354,0.6799285411834717,True,0.5888354182243347,True,2.649759292602539,True,4,normal,16.958459854125977,0.0,0.0,0.0,0.5560387715296302,-0.05182673958996828,0.1867136804180013,-0.013916620053350925,14.992610100191087,-0.3773539960384369,0.0,0.0,0.0,12.0,0.0,-0.013916620053350925,14.992610100191087,-0.3773539960384369,16.0,13.5,5.0,0.08099529147148132,12.0,minimum_jerk,5
1785140431304992564,0.05962585657835007,14.95791720598936,-0.4106386601924896,0.1112036257982254,-0.007106334902346134,-0.024401996284723282,nan,-0.5076625347137451,16.896629333496094,world,304953060,1785140431,0.832145094871521,True,False,False,True,-2.0521100649673523,0.9131725604616316,1.4793908265558204,0.6799285411834717,True,0.5888354182243347,True,2.649759292602539,True,4,normal,16.958459854125977,0.0,0.0,0.0,0.5560387715296302,-0.05182673958996828,0.1867136804180013,-0.013916620053350925,14.992610100191087,-0.3773539960384369,0.0,0.0,0.0,12.0,0.0,-0.013916620053350925,14.992610100191087,-0.3773539960384369,16.0,13.5,5.0,0.08786331117153168,12.0,minimum_jerk,5
1785140431404994438,0.06714475154876709,14.961483176797628,-0.3979482352733612,0.02751849591732025,0.08955580741167068,-0.027811869978904724,nan,-0.4076590836048126,16.88578224182129,world,404957568,1785140431,0.832145094871521,True,False,False,True,-2.0616501747007634,0.5239110026733619,1.385909060975717,0.6799285411834717,True,0.5888354182243347,True,2.649759292602539,True,4,normal,16.958459854125977,0.0,0.0,0.0,0.5560387715296302,-0.05182673958996828,0.1867136804180013,-0.013916620053350925,14.992610100191087,-0.3773539960384369,0.0,0.0,0.0,12.0,0.0,-0.013916620053350925,14.992610100191087,-0.3773539960384369,16.0,13.5,5.0,0.08924099057912827,12.0,minimum_jerk,5
1785140431505000039,0.06403183937072754,14.974841421470046,-0.3950873613357544,-0.09757377207279205,0.17209437489509583,-0.1218700036406517,nan,-0.3076576292514801,16.888967514038086,world,504958660,1785140431,0.832145094871521,True,False,False,True,-1.6909793145100744,-0.11490837644182975,1.9924689399411042,0.6799285411834717,True,0.5888354182243347,True,2.649759292602539,True,4,normal,16.958459854125977,0.0,0.0,0.0,0.5560387715296302,-0.05182673958996828,0.1867136804180013,-0.013916620053350925,14.992610100191087,-0.3773539960384369,0.0,0.0,0.0,12.0,0.0,-0.013916620053350925,14.992610100191087,-0.3773539960384369,16.0,13.5,5.0,0.08189114928245544,12.0,minimum_jerk,5
1785140431605018463,0.057280588895082474,14.984090941026807,-0.39064517617225647,-0.22238066792488098,0.20373494923114777,-0.12036683410406113,nan,-0.2076549530029297,16.894729614257812,world,604961736,1785140431,0.832145094871521,True,False,False,True,-1.3275873965236187,-0.32989230976660877,1.8784526738125846,0.6799285411834717,True,0.5888354182243347,True,2.649759292602539,True,4,normal,16.958459854125977,0.0,0.0,0.0,0.5560387715296302,-0.05182673958996828,0.1867136804180013,-0.013916620053350925,14.992610100191087,-0.3773539960384369,0.0,0.0,0.0,12.0,0.0,-0.013916620053350925,14.992610100191087,-0.3773539960384369,16.0,13.5,5.0,0.07292649894952774,12.0,minimum_jerk,5
1785140431704991122,0.041845809668302536,14.991074328310788,-0.3808744251728058,-0.30562904477119446,0.18040190637111664,-0.1070747897028923,nan,-0.10766454041004181,16.906797409057617,world,704951096,1785140431,0.832145094871521,True,False,False,True,-1.0356069095395772,-0.09788438223396188,1.1961632136189904,0.6799285411834717,True,0.5888354182243347,True,2.649759292602539,True,4,normal,16.958459854125977,0.0,0.0,0.0,0.5560387715296302,-0.05182673958996828,0.1867136804180013,-0.013916620053350925,14.992610100191087,-0.3773539960384369,0.0,0.0,0.0,12.0,0.0,-0.013916620053350925,14.992610100191087,-0.3773539960384369,16.0,13.5,5.0,0.05589454993605614,12.0,minimum_jerk,5
1785140431805008375,0.019900651648640633,14.997224784456193,-0.38264191150665283,-0.3256168067455292,0.1390722393989563,-0.19532257318496704,nan,-0.007650888059288263,16.928617477416992,world,804965995,1785140431,0.832145094871521,True,False,False,True,-0.2608864753145741,-0.23280359730464473,2.116976957551814,0.6799285411834717,True,0.5888354182243347,True,2.649759292602539,True,4,normal,16.958459854125977,0.0,0.0,0.0,0.5560387715296302,-0.05182673958996828,0.1867136804180013,-0.013916620053350925,14.992610100191087,-0.3773539960384369,0.0,0.0,0.0,12.0,0.0,-0.013916620053350925,14.992610100191087,-0.3773539960384369,16.0,13.5,5.0,0.03453788161277771,12.0,minimum_jerk,5
1785140431904984119,-0.006381344515830278,15.001781143364497,-0.3923325538635254,-0.30435457825660706,0.0935811847448349,-0.15771381556987762,nan,0.0923357754945755,16.956911087036133,world,904951768,1785140431,0.832145094871521,True,False,False,True,0.2778521117332118,-0.22969058563425276,2.9376386499184246,0.6799285411834717,True,0.5888354182243347,True,2.649759292602539,True,4,normal,16.958459854125977,0.05016316957288219,-0.0046755615967377685,0.016844418936146122,0.5305651658814362,-0.049452419679299704,0.17815983326269075,-0.013844503047068165,14.992603378376897,-0.37732977968455433,0.0023340263950825005,-0.00021754774013561242,0.0007837486893580602,12.0,0.0,-0.013916620053350925,14.992610100191087,-0.3773539960384369,16.0,13.5,5.0,0.019105322659015656,12.0,minimum_jerk,5
1785140432004999137,-0.02582625485956669,15.004693888593465,-0.381717711687088,-0.24114781618118286,0.06401316821575165,-0.025612561032176018,nan,0.19234810769557953,16.972156524658203,world,4964562,1785140432,0.832145094871521,True,False,False,True,0.5555935247456578,-0.21212299937134335,1.1565449062754423,0.6799285411834717,True,0.5888354182243347,True,2.649759292602539,True,4,normal,16.958459854125977,0.10186491329871808,-0.009494529168108619,0.03420547961995982,0.5034194434975304,-0.046922246682366366,0.16904450175449165,-0.013272870941058858,14.992550098228431,-0.3771378298784923,0.009958995035302778,-0.0009282486558492078,0.0033441563997249,12.0,0.0,-0.013916620053350925,14.992610100191087,-0.3773539960384369,16.0,13.5,5.0,0.018056422472000122,12.0,minimum_jerk,5
1785140432104994599,-0.03902620077133179,15.007068895269185,-0.3606107532978058,-0.15276919305324554,0.04557580128312111,-0.08477455377578735,nan,0.2923523485660553,16.9781551361084,world,104968960,1785140432,0.832145094871521,True,False,False,True,0.4540847546826522,-0.24095231599346312,0.04084422146833955,0.6799285411834717,True,0.5888354182243347,True,2.649759292602539,True,4,normal,16.958459854125977,0.15087106288950494,-0.014062248333018326,0.05066137985878579,0.47673934460776657,-0.04443547308276548,0.16008552314960028,-0.011684765416780693,14.992402075580259,-0.3766045558650374,0.022618563424406445,-0.0021082098165045443,0.007595145229029899,12.0,0.0,-0.013916620053350925,14.992610100191087,-0.3773539960384369,16.0,13.5,5.0,0.03490661084651947,12.0,minimum_jerk,5
1785140432204999408,-0.04570700228214264,15.008666009642184,-0.36478838324546814,-0.0792204961180687,0.03164226934313774,-0.30309492349624634,nan,0.392349511384964,16.98592758178711,world,204965213,1785140432,0.832145094871521,True,False,False,True,0.486962215840292,-0.27435305433661017,2.025511365002856,0.6799285411834717,True,0.5888354182243347,True,2.649759292602539,True,4,normal,16.958459854125977,0.19722907896083158,-0.018383142755950092,0.06622805657404972,0.4505244857874932,-0.04199206314261224,0.15128276869687285,-0.008590308839151333,14.992113650377858,-0.37556546038089794,0.04004492156202123,-0.003732469439111741,0.013446786572681883,12.0,0.0,-0.013916620053350925,14.992610100191087,-0.3773539960384369,16.0,13.5,5.0,0.04204491525888443,12.0,minimum_jerk,5
1785140432305001472,-0.045770347118377686,15.009356602095068,-0.3844442367553711,0.01684674806892872,0.011007116176187992,-0.23657941818237305,nan,0.492347776889801,16.992267608642578,world,304964071,1785140432,0.832145094871521,True,False,False,True,0.4531115581962014,-0.29083080646844217,3.669548765658198,0.6799285411834717,True,0.5888354182243347,True,2.649759292602539,True,4,normal,16.958459854125977,0.24098932212837698,-0.022461906401871873,0.0809224204856204,0.42477268254895545,-0.03959181325222366,0.14263550486158225,-0.003525769462637284,14.991641599548224,-0.3738648257578671,0.06197692318786167,-0.005776686848308399,0.020811389460407028,12.0,0.0,-0.013916620053350925,14.992610100191087,-0.3773539960384369,16.0,13.5,5.0,0.04701435565948486,12.0,minimum_jerk,5
1785140432405018995,-0.04247468709945679,15.007386200595647,-0.3715265393257141,0.09084812551736832,-0.013715885579586029,0.02419929765164852,nan,0.5923630595207214,16.98488998413086,world,404979891,1785140432,0.832145094871521,True,False,False,True,0.4536272652591976,-0.20873442160108974,0.994516033065201,0.6799285411834717,True,0.5888354182243347,True,2.649759292602539,True,4,normal,16.958459854125977,0.2822043924164695,-0.02630344196444979,0.09476213429012134,0.399479966259978,-0.03723435350705923,0.13414239900658587,0.003947953289386433,14.990944995817209,-0.37135520529090704,0.08816169217852732,-0.008217292203883663,0.029604039972335957,12.0,0.0,-0.013916620053350925,14.992610100191087,-0.3773539960384369,16.0,13.5,5.0,0.04924839362502098,12.0,minimum_jerk,5
1785140432505009127,-0.035480182617902756,15.002895300276577,-0.33875128626823425,0.13011440634727478,-0.032412417232990265,-0.03177788853645325,nan,0.6923589706420898,16.967544555664062,world,504975673,1785140432,0.832145094871521,True,False,False,True,0.6648515743833605,-0.06176512921058163,-0.9571507079116349,0.6799285411834717,True,0.5888354182243347,True,2.649759292602539,True,4,normal,16.958459854125977,0.320905716138687,-0.029910678598004482,0.10775775070971963,0.37465552776048405,-0.03492054055829457,0.12580653734751474,0.014240198148285229,14.989985685924786,-0.3678991460810757,0.11833664415059346,-0.011029810787244238,0.03973656422714984,12.0,0.0,-0.013916620053350925,14.992610100191087,-0.3773539960384369,16.0,13.5,5.0,0.05906244367361069,12.0,minimum_jerk,5
1785140432605007193,-0.025703657418489456,14.998238835600205,-0.33963218331336975,0.15048344433307648,-0.03825902193784714,-0.34785085916519165,nan,0.7923505306243896,16.958171844482422,world,604965644,1785140432,0.832145094871521,True,False,False,True,0.7625576336101345,0.0016535905887273203,1.6061416349991762,0.6799285411834717,True,0.5888354182243347,True,2.649759292602539,True,4,normal,16.958459854125977,0.3571463578491214,-0.033288562293655975,0.1199270884266755,0.3502954539612634,-0.032650009678385696,0.11762660589814054,0.027738532969942345,14.988727545810248,-0.36336650572735946,0.15225669464591332,-0.014191398996396376,0.05112666468817161,12.0,0.0,-0.013916620053350925,14.992610100191087,-0.3773539960384369,16.0,13.5,5.0,0.05924399197101593,12.0,minimum_jerk,5
1785140432705016891,-0.011469530873000622,14.993319316767156,-0.3642558753490448,0.19266091287136078,-0.036172423511743546,-0.30600038170814514,nan,0.8923487663269043,16.952062606811523,world,704964092,1785140432,0.832145094871521,True,False,False,True,0.9614727384366104,0.010045408625830247,4.078558755982572,0.6799285411834717,True,0.5888354182243347,True,2.649759292602539,True,4,normal,16.958459854125977,0.39097652438763275,-0.03644177268338013,0.13128700652408246,0.32639709806740397,-0.030422514167358305,0.10960171588443408,0.04480697891809565,14.987136646130848,-0.3576350486326888,0.18968209013720402,-0.017679710109743507,0.0636938339056257,12.0,0.0,-0.013916620053350925,14.992610100191087,-0.3773539960384369,16.0,13.5,5.0,0.05700093135237694,12.0,minimum_jerk,5
1785140432805021240,0.007135327439755201,14.989621372893453,-0.3519401252269745,0.262569397687912,-0.021519098430871964,0.04434209689497948,nan,0.9923705458641052,16.930267333984375,world,804988818,1785140432,0.832145094871521,True,False,False,True,1.0123671207539546,-0.017032473721921647,1.2566644863001097,0.6799285411834717,True,0.5888354182243347,True,2.649759292602539,True,4,normal,16.958459854125977,0.422447194603993,-0.0393750613559276,0.14185462332021564,0.3029566306295275,-0.02823769709349133,0.10173058140579996,0.06578850103774629,14.985181020122782,-0.3505896096879283,0.23038166876881655,-0.0214731982101495,0.07736044944911624,12.0,0.0,-0.013916620053350925,14.992610100191087,-0.3773539960384369,16.0,13.5,5.0,0.05883651599287987,12.0,minimum_jerk,5
1785140432905003747,0.03474392369389534,14.98733998183161,-0.3105396032333374,0.3213927745819092,-0.009763870388269424,0.05374247580766678,nan,1.0923503637313843,16.890926361083984,world,904965194,1785140432,0.832145094871521,True,False,False,True,0.9985988039246656,-0.12362277799361224,-1.3861931332906137,0.6799285411834717,True,0.5888354182243347,True,2.649759292602539,True,4,normal,16.958459854125977,0.45158474632914425,-0.042090886911391,0.15163879629435326,0.27998926983635425,-0.026096976899426215,0.09401831261672872,0.0909829002095817,14.982832724227134,-0.34212951798901164,0.274093575077418,-0.025547456519520395,0.0920385822032652,12.0,0.0,-0.013916620053350925,14.992610100191087,-0.3773539960384369,16.0,13.5,5.0,0.06466112285852432,12.0,minimum_jerk,5
1785140433005037641,0.06458210945129395,14.986115847714245,-0.30399054288864136,0.34925010800361633,-0.007318195421248674,-0.31666603684425354,nan,1.1923727989196777,16.860557556152344,world,4989670,1785140433,0.832145094871521,True,False,False,True,0.9901376632839648,-0.2332690246378129,1.1436073111156653,0.6799285411834717,True,0.5888354182243347,True,2.649759292602539,True,4,normal,16.958459854125977,0.4784601665792856,-0.04459586584090582,0.16066336235811915,0.2574755820242762,-0.023998542230497317,0.08645838383764179,0.12070311084490866,14.980062590747199,-0.3321496924900546,0.32062504520104257,-0.029884518084852214,0.10766350349812719,12.0,0.0,-0.013916620053350925,14.992610100191087,-0.3773539960384369,16.0,13.5,5.0,0.06308047473430634,12.0,minimum_jerk,5
1785140433105061706,0.10073207318782806,14.984944457188249,-0.3287563621997833,0.3905567228794098,-0.012733381241559982,-0.34534409642219543,nan,1.292373776435852,16.83411407470703,world,104991544,1785140433,0.832145094871521,True,False,False,True,1.2021680789835565,-0.3155317547939577,4.367397278902473,0.6799285411834717,True,0.5888354182243347,True,2.649759292602539,True,4,normal,16.958459854125977,0.5031018270463415,-0.04689264258648655,0.16893784851446733,0.2354301646669337,-0.021943753674317883,0.07905569679152641,0.15520025642753948,14.976847213201152,-0.32056580779451527,0.369721983636753,-0.034460699411151464,0.12414988995526119,12.0,0.0,-0.013916620053350925,14.992610100191087,-0.3773539960384369,16.0,13.5,5.0,0.05567255616188049,12.0,minimum_jerk,5
1785140433205010439,0.13815823197364807,14.980187492445111,-0.3181387186050415,0.4425336718559265,-0.03444264456629753,0.06902861595153809,nan,1.3923596143722534,16.794986724853516,world,204975644,1785140433,0.832145094871521,True,False,False,True,1.2934011495679814,-0.22302002255412434,1.9535357363235546,0.6799285411834717,True,0.5888354182243347,True,2.649759292602539,True,4,normal,16.958459854125977,0.525558869308016,-0.04898579749015443,0.17647875613938896,0.21385134095630334,-0.01993245494054051,0.07180968841873019,0.1947203478122931,14.973163661640287,-0.30729525528860985,0.4211657302970492,-0.03925561983434608,0.1414243171449546,12.0,0.0,-0.013916620053350925,14.992610100191087,-0.3773539960384369,16.0,13.5,5.0,0.05801885947585106,12.0,minimum_jerk,5
1785140433305048912,0.1837916076183319,14.97151985950768,-0.2709817886352539,0.48294752836227417,-0.05699744075536728,0.14213082194328308,nan,1.4923696517944336,16.73621940612793,world,304987576,1785140433,0.832145094871521,True,False,False,True,1.49231685325894,0.02932680037136446,-1.1501627819679907,0.6799285411834717,True,0.5888354182243347,True,2.649759292602539,True,4,normal,16.958459854125977,0.545886149884833,-0.05088044356695374,0.18330450564413298,0.19273070467660655,-0.017963862510499945,0.06471753597456918,0.23950423744528765,14.968989486916012,-0.2922571585137982,0.4747609634392103,-0.04425107398888503,0.15942119747994485,12.0,0.0,-0.013916620053350925,14.992610100191087,-0.3773539960384369,16.0,13.5,5.0,0.05969037860631943,12.0,minimum_jerk,5
1785140433405027953,0.22909380495548248,14.96321303397417,-0.25565916299819946,0.5046663284301758,-0.06180392950773239,-0.22043795883655548,nan,1.5923776626586914,16.68785285949707,world,404995421,1785140433,0.832145094871521,True,False,False,True,1.6395570417799559,0.10634023213459712,1.0840442907769001,0.6799285411834717,True,0.5888354182243347,True,2.649759292602539,True,4,normal,16.958459854125977,0.5641239680208988,-0.0525803369909804,0.18942862921488934,0.17207395678747023,-0.016038507753886815,0.057781153798849086,0.2897452276789306,14.964306671884215,-0.27538660797905284,0.5302830899881774,-0.049426128214364054,0.17806511427746122,12.0,0.0,-0.013916620053350925,14.992610100191087,-0.3773539960384369,16.0,13.5,5.0,0.06378842890262604,12.0,minimum_jerk,5
1785140433505060775,0.2818625271320343,14.95513129234314,-0.271842360496521,0.5528233051300049,-0.05222000181674957,-0.26564714312553406,nan,1.6923704147338867,16.64240264892578,world,504988308,1785140433,0.832145094871521,True,False,False,True,2.018119944415543,0.07910837998488592,4.4492739974767,0.6799285411834717,True,0.5888354182243347,True,2.649759292602539,True,4,normal,16.958459854125977,0.5803168249482197,-0.0540896255912721,0.19486607003410583,0.15188366583881602,-0.01415663007768985,0.051001404391513745,0.34561776765356095,14.959098956653262,-0.25662502496161893,0.5875178416303982,-0.05476081119105254,0.19728411783279126,12.0,0.0,-0.013916620053350925,14.992610100191087,-0.3773539960384369,16.0,13.5,5.0,0.06566612422466278,12.0,minimum_jerk,5
1785140433605020579,0.335840106010437,14.947982881218195,-0.2549225687980652,0.6371136903762817,-0.02293075993657112,0.13283395767211914,nan,1.7923606634140015,16.585437774658203,world,604976806,1785140433,0.832145094871521,True,False,False,True,2.161727211946377,0.05408754835368351,2.1857123151387308,0.6799285411834717,True,0.5888354182243347,True,2.649759292602539,True,4,normal,16.958459854125977,0.5945136103725037,-0.055412866233601685,0.19963324490103224,0.13215719140284116,-0.012317983375394283,0.04437740111656188,0.40728926404399635,14.953350737739035,-0.23591619554624052,0.6462700198998944,-0.06023692904366223,0.21701266195408478,12.0,0.0,-0.013916620053350925,14.992610100191087,-0.3773539960384369,16.0,13.5,5.0,0.07412852346897125,12.0,minimum_jerk,5
1785140433705032121,0.40306755900382996,14.942721232771873,-0.20146863162517548,0.7136213779449463,-0.0015825174050405622,0.21485377848148346,nan,1.892364740371704,16.504575729370117,world,704980954,1785140433,0.832145094871521,True,False,False,True,2.327673639678058,-0.04898873623995786,-0.7699368655811571,0.6799285411834717,True,0.5888354182243347,True,2.649759292602539,True,4,normal,16.958459854125977,0.6067626793971874,-0.0565545659550356,0.20374639109945514,0.11289133514076005,-0.010522269539242424,0.0379080699956372,0.4749129605348824,14.947047731748098,-0.21320866164433458,0.7063523640187852,-0.06583702774548213,0.23718786586606805,12.0,0.0,-0.013916620053350925,14.992610100191087,-0.3773539960384369,16.0,13.5,5.0,0.07292673736810684,12.0,minimum_jerk,5
1785140433805043662,0.47082483768463135,14.940049793571234,-0.17904818058013916,0.751134991645813,0.003913789056241512,-0.13273054361343384,nan,1.992382526397705,16.433246612548828,world,805005019,1785140433,0.832145094871521,True,False,False,True,2.334514956397831,-0.26662759695164434,1.3909230088515183,0.6799285411834717,True,0.5888354182243347,True,2.649759292602539,True,4,normal,16.958459854125977,0.6171095421923123,-0.05751896662476029,0.2072207906057042,0.09408634138697711,-0.008769511342925973,0.03159349307441392,0.5486137013567816,14.940178302316664,-0.18846050149259827,0.7675725458052205,-0.07154318095197129,0.25774514719693525,12.0,0.0,-0.013916620053350925,14.992610100191087,-0.3773539960384369,16.0,13.5,5.0,0.07835634052753448,12.0,minimum_jerk,5
1785140433905028584,0.5498149991035461,14.938197158277035,-0.18677014112472534,0.8192354440689087,-0.00011742043716367334,-0.17810414731502533,nan,2.0923731327056885,16.360904693603516,world,904988659,1785140433,0.832145094871521,True,False,False,True,3.012005360453048,-0.453704279467564,4.65789335996984,0.6799285411834717,True,0.5888354182243347,True,2.649759292602539,True,4,normal,16.958459854125977,0.6255966987323637,-0.05831002954048197,0.2100707145948486,0.07574978514834085,-0.007060414830568892,0.025436213983804704,0.6284637009104546,14.932735718552689,-0.16164746603280825,0.8297173587539082,-0.0773355163114262,0.2786129127892838,12.0,0.0,-0.013916620053350925,14.992610100191087,-0.3773539960384369,16.0,13.5,5.0,0.08274415135383606,12.0,minimum_jerk,5
1785140434005048452,0.6287372708320618,14.932423040270805,-0.16395783424377441,0.9166340827941895,-0.027226954698562622,0.20421555638313293,nan,2.1923770904541016,16.278636932373047,world,4993247,1785140434,0.832145094871521,True,False,False,True,2.6746789583321564,-0.40777040448146773,2.7529686979381394,0.6799285411834717,True,0.5888354182243347,True,2.649759292602539,True,4,normal,16.958459854125977,0.6322742967091756,-0.05893242882116287,0.21231300228851513,0.05787417701982628,-0.005394281936741581,0.019433717837352017,0.7145787910834993,14.92470918410638,-0.13273065977934276,0.8926282695734391,-0.08319925740171416,0.29973792834395413,12.0,0.0,-0.013916620053350925,14.992610100191087,-0.3773539960384369,16.0,13.5,5.0,0.09167009592056274,12.0,minimum_jerk,5
1785140434105019808,0.7231941819190979,14.921752884984016,-0.10410337895154953,0.9910799264907837,-0.06196855753660202,0.30437353253364563,nan,2.2923667430877686,16.169540405273438,world,104983810,1785140434,0.832145094871521,True,False,False,True,2.9612345989952282,-0.15042349406065283,-0.07499773286075584,0.6799285411834717,True,0.5888354182243347,True,2.649759292602539,True,4,normal,16.958459854125977,0.6371868559521379,-0.059390314029248104,0.21396260311401452,0.040464428758375026,-0.003771570471871986,0.013587653966474558,0.8070019699385664,14.9160946912547,-0.1016956443028345,0.9561092374647363,-0.0891161318361547,0.3210543648199122,12.0,0.0,-0.013916620053350925,14.992610100191087,-0.3773539960384369,16.0,13.5,5.0,0.0840330719947815,12.0,minimum_jerk,5
1785140434205000631,0.8161100149154663,14.910958483815193,-0.07306503504514694,1.0231229066848755,-0.07931124418973923,-0.019529711455106735,nan,2.392340898513794,16.071008682250977,world,204958041,1785140434,0.832145094871521,True,False,False,True,2.939755512618052,-0.07743145571707216,1.8798402467910185,0.6799285411834717,True,0.5888354182243347,True,2.649759292602539,True,4,normal,16.958459854125977,0.6403814194627584,-0.05968806990463981,0.2150353137610727,0.023520528897129106,-0.002192279367167975,0.007898018520686757,0.905778525875359,14.906888018799025,-0.0685272120957823,1.0199852717331461,-0.09506982924643026,0.34250346164449513,12.0,0.0,-0.013916620053350925,14.992610100191087,-0.3773539960384369,16.0,13.5,5.0,0.0898754820227623,12.0,minimum_jerk,5
1785140434305036129,0.9218761324882507,14.899104744195938,-0.06937301158905029,1.0810436010360718,-0.08719907701015472,-0.05288912355899811,nan,2.4923744201660156,15.968902587890625,world,304989671,1785140434,0.832145094871521,True,False,False,True,3.283984507003756,-0.08506235253284586,5.146530807443826,0.6799285411834717,True,0.5888354182243347,True,2.649759292602539,True,4,normal,16.958459854125977,0.6419055981062365,-0.059830134116145836,0.21554712160381623,0.007030113844456898,-0.0006552562485925197,0.002360659897951256,1.0110185089780888,14.897078909294459,-0.033188409159102795,1.0841348540646296,-0.10104902326765486,0.36404441387241115,12.0,0.0,-0.013916620053350925,14.992610100191087,-0.3773539960384369,16.0,13.5,5.0,0.09622781723737717,12.0,minimum_jerk,5
1785140434405109457,1.0258333683013916,14.88760183006525,-0.03653112053871155,1.1692461967468262,-0.07551312446594238,0.30707305669784546,nan,2.592391014099121,15.8593111038208,world,405013786,1785140434,0.832145094871521,True,False,False,True,3.3692702068260503,-0.06748493212453685,3.091104869960285,0.6799285411834717,True,0.5888354182243347,True,2.649759292602539,True,4,normal,16.958459854125977,0.6418035269202698,-0.0598206203609086,0.2155128468593698,-0.008993946790032431,0.0008382993453689373,-0.0030201003826243883,1.1226610153833028,14.88667303941111,0.0043003134432148225,1.1483442850340675,-0.10703379560451658,0.3856054628274488,12.0,0.0,-0.013916620053350925,14.992610100191087,-0.3773539960384369,16.0,13.5,5.0,0.10508882999420166,12.0,minimum_jerk,5
1785140434505057138,1.147345781326294,14.876811899244785,0.030944369733333588,1.240448236465454,-0.06138090789318085,0.3881680965423584,nan,2.6923861503601074,15.722228050231934,world,505003607,1785140434,0.832145094871521,True,False,False,True,3.6506497323532248,-0.15163872339477444,0.628429544905639,0.6799285411834717,True,0.5888354182243347,True,2.649759292602539,True,4,normal,16.958459854125977,0.6401224893376477,-0.05966393578872342,0.21494836695249409,-0.024551211716060062,0.002288346283346572,-0.008244114139049477,1.240696441432626,14.875671304277748,0.04393573087417631,1.2124504473597424,-0.11300894257461945,0.40713183494062566,12.0,0.0,-0.013916620053350925,14.992610100191087,-0.3773539960384369,16.0,13.5,5.0,0.09425721317529678,12.0,minimum_jerk,5
1785140434605028484,1.2648237943649292,14.868781596422195,0.06986412405967712,1.270229458808899,-0.05471208319067955,0.08322364836931229,nan,2.7923738956451416,15.598243713378906,world,604989330,1785140434,0.832145094871521,True,False,False,True,4.131508948379578,-0.3652974066447101,2.8650068875472443,0.6799285411834717,True,0.5888354182243347,True,2.649759292602539,True,4,normal,16.958459854125977,0.6369092597845392,-0.05936444010637446,0.21386938838731537,-0.039644052411972386,0.0036951056038667975,-0.013312177696099853,1.3651217206123718,14.8640739897151,0.08571681342131257,1.2763067789783928,-0.11896080355882076,0.42857431576208255,12.0,0.0,-0.013916620053350925,14.992610100191087,-0.3773539960384369,16.0,13.5,5.0,0.10165207087993622,12.0,minimum_jerk,5
1785140434705024938,1.3972303867340088,14.861288994550705,0.08564619719982147,1.3326648473739624,-0.054914213716983795,0.07344401627779007,nan,2.8923728466033936,15.46754264831543,world,704988489,1785140434,0.832145094871521,True,False,False,True,3.9795881171455734,-0.5145036840812235,5.5202550632241785,0.6799285411834717,True,0.5888354182243347,True,2.649759292602539,True,4,normal,16.958459854125977,0.6322094852480808,-0.05892638793536753,0.21229123908232547,-0.05427524825384775,0.005058836364404771,-0.018225224347573413,1.49592824560366,14.85188189798606,0.12964067081101469,1.3397742093400717,-0.12487641619991498,0.44988620643636595,12.0,0.0,-0.013916620053350925,14.992610100191087,-0.3773539960384369,16.0,13.5,5.0,0.10846784710884094,12.0,minimum_jerk,5
1785140434805005260,1.526559829711914,14.852257326245308,0.12710916996002197,1.4225949048995972,-0.07412634044885635,0.3957501947879791,nan,2.992338180541992,15.331475257873535,world,804953944,1785140434,0.832145094871521,True,False,False,True,4.055013277568456,-0.5640961183501574,3.6383905388906532,0.6799285411834717,True,0.5888354182243347,True,2.649759292602539,True,4,normal,16.958459854125977,0.6260720663690414,-0.05835433716070032,0.21023033950868603,-0.06843842234255185,0.00637894419293511,-0.022981112778209384,1.633008559959831,14.839105044790186,0.17567121996838295,1.402678322569793,-0.13073952370683622,0.4710089394109784,12.0,0.0,-0.013916620053350925,14.992610100191087,-0.3773539960384369,16.0,13.5,5.0,0.1177394911646843,12.0,minimum_jerk,5
1785140434905055645,1.6757802963256836,14.839256629347801,0.20098504424095154,1.4923999309539795,-0.10504500567913055,0.47404611110687256,nan,3.092374324798584,15.165995597839355,world,904989471,1785140434,0.832145094871521,True,False,False,True,4.298897520586662,-0.45641163979731775,1.5136026252902703,0.6799285411834717,True,0.5888354182243347,True,2.649759292602539,True,4,normal,16.958459854125977,0.6185361489946445,-0.057651936451735386,0.20769983455049967,-0.08214808925601874,0.007656781950605908,-0.02758471687523395,1.7764478115597813,14.825735493743952,0.2238370529173236,1.4649426987223608,-0.13654300320110566,0.49191685343718095,12.0,0.0,-0.013916620053350925,14.992610100191087,-0.3773539960384369,16.0,13.5,5.0,0.10411044210195541,12.0,minimum_jerk,5
1785140435005016732,1.818474292755127,14.825885146856308,0.2478610724210739,1.521181583404541,-0.12542538344860077,0.19750964641571045,nan,3.192364454269409,15.01520824432373,world,4979612,1785140435,0.832145094871521,True,False,False,True,4.228582262010305,-0.40661260732978144,3.2331248857980843,0.6799285411834717,True,0.5888354182243347,True,2.649759292602539,True,4,normal,16.958459854125977,0.6096563611361455,-0.056824277524839734,0.20471806788730382,-0.09538805531854519,0.0088908402725012,-0.03203059892288898,1.926005388613623,14.81179567156509,0.27405737400986746,1.5263572702676889,-0.14226727490567256,0.5125394094020788,12.0,0.0,-0.013916620053350925,14.992610100191087,-0.3773539960384369,16.0,13.5,5.0,0.11156924068927765,12.0,minimum_jerk,5
1785140435105064031,1.977362871170044,14.810076758265495,0.27391132712364197,1.5708597898483276,-0.1458062082529068,0.18293173611164093,nan,3.2923974990844727,14.855523109436035,world,105013877,1785140435,0.832145094871521,True,False,False,True,4.754519462496917,-0.40859235056183413,6.176347559550881,0.6799285411834717,True,0.5888354182243347,True,2.649759292602539,True,4,normal,16.958459854125977,0.5994712394793626,-0.055874952271231765,0.20129797985133543,-0.10817011758764394,0.010082218727677936,-0.03632272028527195,2.081725156972609,14.797281489646533,0.32634691307233477,1.5868441949425975,-0.1479050833719792,0.5328504684531414,12.0,0.0,-0.013916620053350925,14.992610100191087,-0.3773539960384369,16.0,13.5,5.0,0.1174933910369873,12.0,minimum_jerk,5
1785140435205055636,2.1297261714935303,14.794420957565308,0.32490816712379456,1.6449246406555176,-0.15678754448890686,0.5009685754776001,nan,3.3924052715301514,14.694097518920898,world,205022192,1785140435,0.832145094871521,True,False,False,True,4.750401601008327,-0.3534415070008833,4.192962618601862,0.6799285411834717,True,0.5888354182243347,True,2.649759292602539,True,4,normal,16.958459854125977,0.5880337015908115,-0.054808892981751525,0.1974573397675209,-0.12048548154513328,0.011230097604945165,-0.040458127828642346,2.243401282000454,14.782212133229745,0.3806365523660602,1.646234357864297,-0.15344066589886185,0.5527932430715913,12.0,0.0,-0.013916620053350925,14.992610100191087,-0.3773539960384369,16.0,13.5,5.0,0.1271878033876419,12.0,minimum_jerk,5
1785140435305029546,2.302459955215454,14.777410075068474,0.40835803747177124,1.7079496383666992,-0.1565093994140625,0.5814279317855835,nan,3.492386817932129,14.503018379211426,world,305002545,1785140435,0.832145094871521,True,False,False,True,5.0,-0.37676752717654627,1.858717764351363,0.6799285411834717,True,0.5888354182243347,True,2.649759292602539,True,4,normal,16.958459854125977,0.5753911794311164,-0.05363052065003726,0.1932120749351619,-0.13233435624590334,0.012334496389694746,-0.0444368917520761,2.410912903746006,14.76659886731554,0.43688570801910903,1.7044047548695809,-0.1588625576298007,0.572326429375047,12.0,0.0,-0.013916620053350925,14.992610100191087,-0.3773539960384369,16.0,13.5,5.0,0.11266211420297623,12.0,minimum_jerk,5
1785140435405042010,2.4665744304656982,14.762386754155159,0.4648451507091522,1.737687349319458,-0.15175150334835052,0.29579228162765503,nan,3.5923893451690674,14.328812599182129,world,405005982,1785140435,0.832145094871521,True,False,False,True,4.975683017002168,-0.4405957281555741,3.7315157309193245,0.6799285411834717,True,0.5888354182243347,True,2.649759292602539,True,4,normal,16.958459854125977,0.5615841386610478,-0.052343606961392994,0.18857577342192564,-0.14372236854412446,0.013395939544465493,-0.04826090151131829,2.5842121741021375,14.750446151685349,0.49507831299328053,1.7612644233792523,-0.1641622802101453,0.5914194828065243,12.0,0.0,-0.013916620053350925,14.992610100191087,-0.3773539960384369,16.0,13.5,5.0,0.12204614281654358,12.0,minimum_jerk,5
1785140435505114006,2.6344101428985596,14.74796599149704,0.49661192297935486,1.7842254638671875,-0.14867030084133148,0.2451900839805603,nan,3.6923844814300537,14.158987045288086,world,504999720,1785140435,0.832145094871521,True,False,False,True,5.0,-0.5713432060628192,6.837381024487122,0.6799285411834717,True,0.5888354182243347,True,2.649759292602539,True,4,normal,16.958459854125977,0.5466625492086112,-0.05095280946593696,0.18356521475766815,-0.1546462241238844,0.014414120015753852,-0.05192905089960782,2.7631135858309657,14.733771276923575,0.55515207533898,1.8166832563046253,-0.1693277067405689,0.6100287143741385,12.0,0.0,-0.013916620053350925,14.992610100191087,-0.3773539960384369,16.0,13.5,5.0,0.14210213720798492,12.0,minimum_jerk,5
1785140435605034325,2.8239898681640625,14.729231119155884,0.5564252734184265,1.856056809425354,-0.15661294758319855,0.5897159576416016,nan,3.7923877239227295,13.959355354309082,world,605003697,1785140435,0.832145094871521,True,False,False,True,5.0,-0.5729004015405423,5.807373781610921,0.6799285411834717,True,0.5888354182243347,True,2.649759292602539,True,4,normal,16.958459854125977,0.5306705117907581,-0.04946223866187579,0.17819520763486327,-0.16510754986879167,0.015389189440599249,-0.055441886212350286,2.947494705893239,14.71658565465395,0.6170658829529981,1.8705602684353946,-0.17434942468643364,0.6281202139959868,12.0,0.0,-0.013916620053350925,14.992610100191087,-0.3773539960384369,16.0,13.5,5.0,0.13816887140274048,12.0,minimum_jerk,5
1785140435705032823,3.020332098007202,14.707694202661514,0.6485733389854431,1.8898403644561768,-0.17086993157863617,0.6791988611221313,nan,3.8923869132995605,13.74282455444336,world,705002565,1785140435,0.832145094871521,True,False,False,True,5.0,-0.30300586335032254,2.729050143855953,0.6799285411834717,True,0.5888354182243347,True,2.649759292602539,True,4,normal,16.958459854125977,0.5136561539626108,-0.047876380377166364,0.17248191292826762,-0.17510510604613555,0.016321032267159537,-0.05879899115652973,3.1371746048600224,14.69890614877676,0.6807589810799073,1.9227845146335811,-0.1792170931775176,0.6456567271205929,12.0,0.0,-0.013916620053350925,14.992610100191087,-0.3773539960384369,16.0,13.5,5.0,0.12151262164115906,12.0,minimum_jerk,5
1785140435805125167,3.2025065422058105,14.68799376487732,0.7121649980545044,1.8870596885681152,-0.17584629356861115,0.37633952498435974,nan,3.992396593093872,13.548900604248047,world,805012314,1785140435,0.832145094871521,True,False,False,True,5.0,-0.2991268539685267,4.394939461271846,0.6799285411834717,True,0.5888354182243347,True,2.649759292602539,True,4,normal,16.958459854125977,0.49566324817456314,-0.046199314513254264,0.16644002910088837,-0.18464029556441985,0.017209779256412948,-0.06200083681837881,3.3320112022620134,14.68074600219495,0.7461836601557396,1.9732634072337472,-0.1839220823896581,0.6626071634991103,12.0,0.0,-0.013916620053350925,14.992610100191087,-0.3773539960384369,16.0,13.5,5.0,0.1340942084789276,12.0,minimum_jerk,5
1785140435905052860,3.3993775844573975,14.667519211769104,0.7541173696517944,1.8867954015731812,-0.17110858857631683,0.3393743634223938,nan,4.0923919677734375,13.347895622253418,world,905008096,1785140435,0.832145094871521,True,False,False,True,5.0,-0.3781541961362464,7.547299791649506,0.6799285411834717,True,0.5888354182243347,True,2.649759292602539,True,4,normal,16.958459854125977,0.47674272055381206,-0.04443578774477384,0.1600866567671524,-0.19371074312848047,0.01805520901407865,-0.06504662559146263,3.531775241675251,14.662126583225964,0.8132629375798761,2.0218889887253777,-0.1884543299206079,0.6789352718031265,12.0,0.0,-0.013916620053350925,14.992610100191087,-0.3773539960384369,16.0,13.5,5.0,0.14510829746723175,12.0,minimum_jerk,5
1785140436005045907,3.5846948623657227,14.651917964220047,0.8177854418754578,1.8964842557907104,-0.15308086574077606,0.6522905826568604,nan,4.192400932312012,13.151335716247559,world,5017053,1785140436,0.832145094871521,True,False,False,True,5.0,-0.5384246603720465,5.6750626367457455,0.6799285411834717,True,0.5888354182243347,True,2.649759292602539,True,4,normal,16.958459854125977,0.4569355581902733,-0.04258962035790727,0.15343555908675222,-0.2023190265355284,0.018857561809058065,-0.06793722308089589,3.736334127978581,14.643060250671326,0.8819522888976506,2.0685843481890713,-0.19280666712962546,0.694615225918418,12.0,0.0,-0.013916620053350925,14.992610100191087,-0.3773539960384369,16.0,13.5,5.0,0.16489484906196594,12.0,minimum_jerk,5
1785140436105051398,3.787264347076416,14.638067543506622,0.914781391620636,1.8941307067871094,-0.13958702981472015,0.7285552620887756,nan,4.292391777038574,12.928074836730957,world,105007715,1785140436,0.832145094871521,True,False,False,True,5.0,-0.8756284105107024,3.729595138337147,0.6799285411834717,True,0.5888354182243347,True,2.649759292602539,True,4,normal,16.958459854125977,0.4362945771507356,-0.04066573518300341,0.14650447130176153,-0.2104623881234487,0.019616580607770745,-0.07067170328426814,3.9454232096301856,14.623571671923386,0.9521628460913417,2.1132484201893713,-0.19696967400452248,0.7096130888240739,12.0,0.0,-0.013916620053350925,14.992610100191087,-0.3773539960384369,16.0,13.5,5.0,0.16316166520118713,12.0,minimum_jerk,5
1785140436205029486,3.9722063541412354,14.625540882349014,0.9844384789466858,1.8802260160446167,-0.1445874124765396,0.46207374334335327,nan,4.3923749923706055,12.730255126953125,world,204992286,1785140436,0.832145094871521,True,False,False,True,5.0,-1.0379331195522106,5.1657965291928605,0.6799285411834717,True,0.5888354182243347,True,2.649759292602539,True,4,normal,16.958459854125977,0.41486409191746154,-0.03866826264270526,0.13930827388545408,-0.2181419275348393,0.020332367904671182,-0.07325043545337806,4.158858007531326,14.603678041736718,1.0238326624528267,2.1558056218099977,-0.20093630568382514,0.7239034803394336,12.0,0.0,-0.013916620053350925,14.992610100191087,-0.3773539960384369,16.0,13.5,5.0,0.19201231002807617,12.0,minimum_jerk,5
1785140436305085492,4.170072555541992,14.610147923231125,1.035548448562622,1.8661223649978638,-0.17732250690460205,0.42219024896621704,nan,4.492403507232666,12.525833129882812,world,305019036,1785140436,0.832145094871521,True,False,False,True,5.0,-1.1381878045074145,8.0,0.6799285411834717,True,0.5888354182243347,True,2.649759292602539,True,4,normal,16.958459854125977,0.39267877069713997,-0.0366004340586618,0.13185860816357184,-0.2253614082451224,0.021005274482241924,-0.07567468333525776,4.376538519528351,14.583388681018137,1.0969281580033083,2.1962002371609035,-0.20470136905318181,0.7374676914833596,12.0,0.0,-0.013916620053350925,14.992610100191087,-0.3773539960384369,16.0,13.5,5.0,0.21705234050750732,12.0,minimum_jerk,5
1785140436405073970,4.3541693687438965,14.586917459964752,1.1054884195327759,1.8595494031906128,-0.24336634576320648,0.698581874370575,nan,4.592410564422607,12.327773094177246,world,405026521,1785140436,0.832145094871521,True,False,False,True,5.0,-0.802349222370193,6.3490942881441494,0.6799285411834717,True,0.5888354182243347,True,2.649759292602539,True,4,normal,16.958459854125977,0.36979941038023045,-0.034467916130338935,0.12417588927936879,-0.23211587633318542,0.021634838600056577,-0.07794278344007391,4.598100049481998,14.562737582022875,1.171326870493961,2.2343324989331506,-0.2082555650949618,0.7502722211361619,12.0,0.0,-0.013916620053350925,14.992610100191087,-0.3773539960384369,16.0,13.5,5.0,0.2538140118122101,12.0,minimum_jerk,5
1785140436505108275,4.553520679473877,14.553219079971313,1.2061628103256226,1.849276065826416,-0.29643216729164124,0.7648100852966309,nan,4.692417144775391,12.104724884033203,world,505035758,1785140436,0.832145094871521,True,False,False,True,5.0,-0.1917046940826444,4.606165738995862,0.6799285411834717,True,0.5888354182243347,True,2.649759292602539,True,4,normal,16.958459854125977,0.3462678858415382,-0.03227461189173919,0.11627417850409483,-0.23840687253027049,0.022221203865145707,-0.08005525313390857,4.823358057609701,14.541741945161665,1.246966832839483,2.2701434276948365,-0.2115933965096689,0.7622972644436408,12.0,0.0,-0.013916620053350925,14.992610100191087,-0.3773539960384369,16.0,13.5,5.0,0.27314630150794983,12.0,minimum_jerk,5
1785140436605064212,4.734732627868652,14.520792037248611,1.2805445194244385,1.8335622549057007,-0.3027219772338867,0.5212957859039307,nan,4.792400360107422,11.90725040435791,world,605015339,1785140436,0.832145094871521,True,False,False,True,5.0,0.1343804530115567,5.910275400660354,0.6799285411834717,True,0.5888354182243347,True,2.649759292602539,True,4,normal,16.958459854125977,0.3221359846928509,-0.030025348313943503,0.1081708657322899,-0.2442331620789061,0.0227642551893946,-0.08201167779439422,5.052025955225194,14.520428482523615,1.3237518106923452,2.3035629906157293,-0.21470833574303735,0.7735193049027177,12.0,0.0,-0.013916620053350925,14.992610100191087,-0.3773539960384369,16.0,13.5,5.0,0.3202219009399414,12.0,minimum_jerk,5
1785140436705077737,4.928363800048828,14.488314688205719,1.3387316465377808,1.8229728937149048,-0.2595418095588684,0.4991590678691864,nan,4.892410755157471,11.703109741210938,world,705027212,1785140436,0.832145094871521,True,False,False,True,5.0,0.14927873360263827,8.0,0.6799285411834717,True,0.5888354182243347,True,2.649759292602539,True,4,normal,16.958459854125977,0.2974380680484935,-0.027723328095424132,0.09987748917036582,-0.24959760317584212,0.023264258976921512,-0.08381301718272344,5.283975786102148,14.498809120532494,1.4016388373042317,2.3345493209514068,-0.21759648051887404,0.7839242839722643,12.0,0.0,-0.013916620053350925,14.992610100191087,-0.3773539960384369,16.0,13.5,5.0,0.36128565669059753,12.0,minimum_jerk,5
1785140436805152508,5.109394550323486,14.46408623456955,1.4120426177978516,1.8233164548873901,-0.16869913041591644,0.715129554271698,nan,4.992415904998779,11.506875991821289,world,805032762,1785140436,0.832145094871521,True,False,False,True,5.0,-0.11663802682984092,8.0,0.6799285411834717,True,0.5888354182243347,True,2.649759292602539,True,4,normal,16.958459854125977,0.27222812848802536,-0.025373583725827445,0.09141217912462646,-0.25449834562535345,0.023721042776420988,-0.08545865001694428,5.518888100824521,14.476913634129449,1.480520643939165,2.363038161812439,-0.22025184164137818,0.793490624667128,12.0,0.0,-0.013916620053350925,14.992610100191087,-0.3773539960384369,16.0,13.5,5.0,0.41537782549858093,12.0,minimum_jerk,5
1785140436905084841,5.306307315826416,14.44728946685791,1.5100128650665283,1.8225085735321045,-0.08576495945453644,0.7802857160568237,nan,5.092403411865234,11.288597106933594,world,905018976,1785140436,0.832145094871521,True,False,False,True,5.0,-0.49817772707765606,5.722221915385237,0.6799285411834717,True,0.5888354182243347,True,2.649759292602539,True,4,normal,16.958459854125977,0.24655573134557507,-0.022980735044265524,0.08279157926531605,-0.258934949417305,0.02413456557584165,-0.08694842854492887,5.756481345649416,14.454768266111314,1.56030268694612,2.3889778909012667,-0.22266960754792225,0.8022009926040568,12.0,0.0,-0.013916620053350925,14.992610100191087,-0.3773539960384369,16.0,13.5,5.0,0.45303604006767273,12.0,minimum_jerk,5
1785140437005171635,5.485905170440674,14.43805581331253,1.5863198041915894,1.815071702003479,-0.056601837277412415,0.5848841667175293,nan,5.192418575286865,11.09411334991455,world,5035217,1785140437,0.832145094871521,True,False,False,True,5.0,-1.1183735634637824,7.683928868420096,0.6799285411834717,True,0.5888354182243347,True,2.649759292602539,True,4,normal,16.958459854125977,0.22045574130322998,-0.020548031685281645,0.07402739689315241,-0.2629093176455183,0.024505004756964946,-0.08828299181141594,5.996604768796073,14.432387067608486,1.6409343449992888,2.4123352798533686,-0.22484668112031375,0.8100442299455907,12.0,0.0,-0.013916620053350925,14.992610100191087,-0.3773539960384369,16.0,13.5,5.0,0.5136428475379944,12.0,minimum_jerk,5
1785140437105056768,5.678696632385254,14.430103063583374,1.6525980234146118,1.815974235534668,-0.07238798588514328,0.5979973077774048,nan,5.292407035827637,10.890339851379395,world,105022904,1785140437,0.832145094871521,True,False,False,True,5.0,-1.4877829113864354,8.0,0.6799285411834717,True,0.5888354182243347,True,2.649759292602539,True,4,normal,16.958459854125977,0.1939885205668963,-0.01808109983267235,0.0651399011875528,-0.26641930905797584,0.02483216073998397,-0.0894616207999174,6.2388683768586315,14.409806388760058,1.722284661216031,2.4330580130698802,-0.22677818617534806,0.8170027695030596,12.0,0.0,-0.013916620053350925,14.992610100191087,-0.3773539960384369,16.0,13.5,5.0,0.5648544430732727,12.0,minimum_jerk,5
1785140437205084560,5.857192516326904,14.415900230407715,1.731149673461914,1.8243257999420166,-0.14464648067951202,0.722006618976593,nan,5.39241361618042,10.695831298828125,world,205030488,1785140437,0.832145094871521,True,False,False,True,5.0,-1.4435571805226108,7.80473371367866,0.6799285411834717,True,0.5888354182243347,True,2.649759292602539,True,4,normal,16.958459854125977,0.16718857740421056,-0.015583155900637635,0.05614067976791526,-0.2694665568247182,0.02511618574787798,-0.09048486391677565,6.483115938670383,14.38704079141389,1.8043011743335255,2.4511206125672373,-0.22846174798506194,0.8230680559592366,12.0,0.0,-0.013916620053350925,14.992610100191087,-0.3773539960384369,16.0,13.5,5.0,0.630843997001648,12.0,minimum_jerk,5
1785140437305069301,6.051060676574707,14.390438079833984,1.827024221420288,1.8324693441390991,-0.24376682937145233,0.7442328333854675,nan,5.492415904998779,10.480555534362793,world,305033353,1785140437,0.832145094871521,True,False,False,True,5.0,-0.9777445618421772,6.8292410038242455,0.6799285411834717,True,0.5888354182243347,True,2.649759292602539,True,4,normal,16.958459854125977,0.14010821473066914,-0.013059074890202665,0.04704729556392956,-0.2720502774624233,0.025357006754469308,-0.09135245807412329,6.729024924174426,14.364120337648604,1.8868755811595261,2.4664879795132144,-0.2298940950904655,0.8282283033875301,12.0,0.0,-0.013916620053350925,14.992610100191087,-0.3773539960384369,16.0,13.5,5.0,0.681109607219696,12.0,minimum_jerk,5
1785140437405060595,6.229429244995117,14.360310733318329,1.9035347700119019,1.8350623846054077,-0.30978265404701233,0.621494710445404,nan,5.59241247177124,10.285537719726562,world,405027883,1785140437,0.832145094871521,True,False,False,True,5.0,-0.49441561706295,7.761091833273967,0.6799285411834717,True,0.5888354182243347,True,2.649759292602539,True,4,normal,16.958459854125977,0.11279434956579792,-0.010513229798859297,0.03787550296150949,-0.2741704923818936,0.025554625755395896,-0.09206441046154829,6.976319438866388,14.341070742780046,1.9699152383731755,2.4791343955689804,-0.2310728303607877,0.8324748757612043,12.0,0.0,-0.013916620053350925,14.992610100191087,-0.3773539960384369,16.0,13.5,5.0,0.7500810027122498,12.0,minimum_jerk,5
1785140437505098917,6.42255973815918,14.323561131954193,1.975386142730713,1.84738290309906,-0.34059423208236694,0.6363316774368286,nan,5.692432403564453,10.07739543914795,world,505050115,1785140437,0.832145094871521,True,False,False,True,5.0,-0.16028664496668077,8.0,0.6799285411834717,True,0.5888354182243347,True,2.649759292602539,True,4,normal,16.958459854125977,0.08528510113046628,-0.007949173607145199,0.028638102111269825,-0.27582771444426646,0.025709090552937047,-0.09262089329400319,7.2248006295945295,14.317910541326025,2.0533533725663533,2.4890417212558855,-0.23199626306853866,0.8358016819783552,12.0,0.0,-0.013916620053350925,14.992610100191087,-0.3773539960384369,16.0,13.5,5.0,0.8060404658317566,12.0,minimum_jerk,5
1785140437605097264,6.605406761169434,14.29264348745346,2.0529162883758545,1.8658943176269531,-0.3066023290157318,0.684770941734314,nan,5.792429447174072,9.877852439880371,world,605048051,1785140437,0.832145094871521,True,False,False,True,5.0,-0.013769913285743784,8.0,0.6799285411834717,True,0.5888354182243347,True,2.649759292602539,True,4,normal,16.958459854125977,0.05763953254409193,-0.0053724114148233915,0.019354925969055414,-0.2770211692729919,0.02582032896973052,-0.09302164654160672,7.474078548076362,14.294676079219817,2.137059042008509,2.4961887569852212,-0.23266241726236503,0.838201603374901,12.0,0.0,-0.013916620053350925,14.992610100191087,-0.3773539960384369,16.0,13.5,5.0,0.872739851474762,12.0,minimum_jerk,5
1785140437705067888,6.80651330947876,14.266758024692535,2.1409738063812256,1.8870025873184204,-0.22762858867645264,0.6885521411895752,nan,5.89241361618042,9.658267974853516,world,705028724,1785140437,0.832145094871521,True,False,False,True,5.0,-0.3794846857395709,8.0,0.6799285411834717,True,0.5888354182243347,True,2.649759292602539,True,4,normal,16.958459854125977,0.02990144468050593,-0.002787025772604451,0.010040682542251211,-0.27775121752999643,0.025888374622014432,-0.09326679131194904,7.72389983106958,14.271390971704557,2.22094716920887,2.500565721140567,-0.23307038122654986,0.8396713553568617,12.0,0.0,-0.013916620053350925,14.992610100191087,-0.3773539960384369,16.0,13.5,5.0,0.9208773970603943,12.0,minimum_jerk,5
1785140437805179329,6.992434978485107,14.249967873096466,2.2157435417175293,1.9042237997055054,-0.15732648968696594,0.6521109342575073,nan,5.992429256439209,9.457840919494629,world,805047209,1785140437,0.832145094871521,True,False,False,True,5.0,-0.7904777291655489,8.0,0.6799285411834717,True,0.5888354182243347,True,2.649759292602539,True,4,normal,16.958459854125977,0.0021048691853848833,-0.0001961886701564719,0.0007067994041498604,-0.2780180577733682,0.0259132460168046,-0.09335639427935816,7.974097857250692,14.248070749064071,2.3049618039673128,2.5021665039409986,-0.23321958548637126,0.8402088863052815,12.0,0.0,-0.013916620053350925,14.992610100191087,-0.3773539960384369,16.0,13.5,5.0,0.9857106804847717,12.0,minimum_jerk,5
1785140437905070894,7.194527626037598,14.237525165081024,2.2900938987731934,1.9243495464324951,-0.11735042929649353,0.6364421844482422,nan,6.092419147491455,9.242504119873047,world,905034425,1785140437,0.832145094871521,True,False,False,True,5.0,-1.2893565018489732,8.0,0.6799285411834717,True,0.5888354182243347,True,2.649759292602539,True,4,normal,16.958459854125977,-0.025688170507224717,0.0023943188705317364,-0.008625896437787661,-0.2778214992824545,0.025894925377589542,-0.09329039140125861,8.224253515607662,14.224754475403948,2.388962211925788,2.5009872938392794,-0.23310967477871408,0.8398129163309707,12.0,0.0,-0.013916620053350925,14.992610100191087,-0.3773539960384369,16.0,13.5,5.0,1.0345401763916016,12.0,minimum_jerk,5
1785140438005081634,7.3802056312561035,14.21820992231369,2.363421678543091,1.94387686252594,-0.13925132155418396,0.6289241313934326,nan,6.192415237426758,9.04257869720459,world,5031449,1785140438,0.832145094871521,True,False,False,True,5.0,-1.2091798029666798,8.0,0.6799285411834717,True,0.5888354182243347,True,2.649759292602539,True,4,normal,16.958459854125977,-0.05344017774914911,0.004981001897093745,-0.017944813888223998,-0.2771616111105851,0.02583341914062716,-0.09306880586524446,8.474168440560993,14.201460639796817,2.4728817833992998,2.4970304704545527,-0.23274087090088436,0.8384842444923251,12.0,0.0,-0.013916620053350925,14.992610100191087,-0.3773539960384369,16.0,13.5,5.0,1.0995529890060425,12.0,minimum_jerk,5
1785140438105051948,7.581933498382568,14.188745141029358,2.442995309829712,1.9640672206878662,-0.20774145424365997,0.6168442368507385,nan,6.2924017906188965,8.8247652053833,world,105018254,1785140438,0.832145094871521,True,False,False,True,5.0,-0.6000503996186992,8.0,0.6799285411834717,True,0.5888354182243347,True,2.649759292602539,True,4,normal,16.958459854125977,-0.08110025614869043,0.007559116506453772,-0.027232862317691287,-0.2760385272909819,0.0257287397987601,-0.092691682678674,8.723524026938438,14.17821893849434,2.556613533142656,2.4903034344457127,-0.23211386364654601,0.8362253558755122,12.0,0.0,-0.013916620053350925,14.992610100191087,-0.3773539960384369,16.0,13.5,5.0,1.147278904914856,12.0,minimum_jerk,5
1785140438205079079,7.770267963409424,14.158036172389984,2.510314702987671,1.9845292568206787,-0.2642914652824402,0.5972769856452942,nan,6.392419815063477,8.623226165771484,world,205035397,1785140438,0.832145094871521,True,False,False,True,5.0,-0.2684466539267778,8.0,0.6799285411834717,True,0.5888354182243347,True,2.649759292602539,True,4,normal,16.958459854125977,-0.10863363231100864,0.01012542157268434,-0.03647836507905022,-0.27445162508204746,0.025580829308074454,-0.09215881272955417,8.972148034130267,14.155045425537503,2.6400996240412353,2.480813692062726,-0.23122935265119593,0.8330387710233957,12.0,0.0,-0.013916620053350925,14.992610100191087,-0.3773539960384369,16.0,13.5,5.0,1.2088708877563477,12.0,minimum_jerk,5
1785140438305076003,7.976733684539795,14.123401463031769,2.5784432888031006,2.007826566696167,-0.2721346616744995,0.5818477272987366,nan,6.492431163787842,8.403889656066895,world,305047269,1785140438,0.832145094871521,True,False,False,True,5.0,-0.04822419437138886,8.0,0.6799285411834717,True,0.5888354182243347,True,2.649759292602539,True,4,normal,16.958459854125977,-0.13598330735583808,0.012674604397686556,-0.045662182372597226,-0.27240133956887924,0.025389728221573343,-0.09147034211622229,9.219669139276593,14.131974710838689,2.7232153686427614,2.4685797207590543,-0.23008906014396258,0.8289306945273032,12.0,0.0,-0.013916620053350925,14.992610100191087,-0.3773539960384369,16.0,13.5,5.0,1.2513676881790161,12.0,minimum_jerk,5
1785140438405102073,8.170507431030273,14.095819652080536,2.646824359893799,2.02998423576355,-0.22363071143627167,0.5751141905784607,nan,6.59243631362915,8.197157859802246,world,405052609,1785140438,0.832145094871521,True,False,False,True,5.0,-0.030155229366343683,8.0,0.6799285411834717,True,0.5888354182243347,True,2.649759292602539,True,4,normal,16.958459854125977,-0.16310290425702956,0.01520234231516393,-0.05476874113817487,-0.26988776929112435,0.02515544572384766,-0.09062630392755805,9.465813472173995,14.109032321034597,2.805868803371563,2.453622609644901,-0.22869495177882282,0.8239082079534581,12.0,0.0,-0.013916620053350925,14.992610100191087,-0.3773539960384369,16.0,13.5,5.0,1.3051005601882935,12.0,minimum_jerk,5
1785140438505079881,8.38330078125,14.074476718902588,2.7208738327026367,2.0541515350341797,-0.1440708488225937,0.5625683069229126,nan,6.692427158355713,7.971107006072998,world,505042650,1785140438,0.832145094871521,True,False,False,True,5.0,-0.44478502444619084,8.0,0.6799285411834717,True,0.5888354182243347,True,2.649759292602539,True,4,normal,16.958459854125977,-0.18994430776259996,0.017704150643898936,-0.0637818846323287,-0.266911228752424,0.024878011128857402,-0.08962680377154336,9.710293512235221,14.086245055074093,2.887963380954699,2.4359693519254666,-0.22704954351309542,0.8179803754192352,12.0,0.0,-0.013916620053350925,14.992610100191087,-0.3773539960384369,16.0,13.5,5.0,1.3375227451324463,12.0,minimum_jerk,5
1785140438605081914,8.581684112548828,14.062459826469421,2.7834296226501465,2.0753817558288574,-0.08308414369821548,0.5487658977508545,nan,6.79243278503418,7.762793064117432,world,605050174,1785140438,0.832145094871521,True,False,False,True,5.0,-0.9537112400804262,8.0,0.6799285411834717,True,0.5888354182243347,True,2.649759292602539,True,4,normal,16.958459854125977,-0.21646878908406997,0.02017641958734906,-0.07268860801617916,-0.2634708667161938,0.024557345095342492,-0.08847155580926941,9.952910173982005,14.06363146912945,2.9694322499705312,2.4156446692746973,-0.22515513958134736,0.8111554982787201,12.0,0.0,-0.013916620053350925,14.992610100191087,-0.3773539960384369,16.0,13.5,5.0,1.3837844133377075,12.0,minimum_jerk,5
1785140438705061676,8.79875373840332,14.054405689239502,2.8467459678649902,2.098752737045288,-0.0641942247748375,0.5445486903190613,nan,6.892419338226318,7.536697864532471,world,705034244,1785140438,0.832145094871521,True,False,False,True,5.0,-1.4644829596668054,8.0,0.6799285411834717,True,0.5888354182243347,True,2.649759292602539,True,4,normal,16.958459854125977,-0.24262108534203097,0.02261399825495236,-0.08147035442618744,-0.25956787581084195,0.024193558784691482,-0.08716096051647809,10.193316513481992,14.041223900824875,3.050158909229166,2.3926899966202004,-0.2230156020113953,0.8034474900721682,12.0,0.0,-0.013916620053350925,14.992610100191087,-0.3773539960384369,16.0,13.5,5.0,1.40938138961792,12.0,minimum_jerk,5
1785140438805097965,9.003582000732422,14.039337754249573,2.9131243228912354,2.1183958053588867,-0.10869504511356354,0.5499927997589111,nan,6.992429256439209,7.320915222167969,world,805044654,1785140438,0.832145094871521,True,False,False,True,5.0,-1.4085649347716664,8.0,0.6799285411834717,True,0.5888354182243347,True,2.649759292602539,True,4,normal,16.958459854125977,-0.2683659002691776,0.025013596785376152,-0.09011527163853206,-0.2552005757594651,0.023786495583232856,-0.08569445366869283,10.431352589142524,14.019037257846115,3.1300896515343664,2.3671344959619196,-0.2206336489075416,0.7948661431820825,12.0,0.0,-0.013916620053350925,14.992610100191087,-0.3773539960384369,16.0,13.5,5.0,1.444304347038269,12.0,minimum_jerk,5
1785140438905074430,9.228503227233887,14.013341546058655,2.9871060848236084,2.138347864151001,-0.1992003172636032,0.5499679446220398,nan,7.092428207397461,7.082967758178711,world,905043071,1785140438,0.832145094871521,True,False,False,True,5.0,-0.8216669493492255,8.0,0.6799285411834717,True,0.5888354182243347,True,2.649759292602539,True,4,normal,16.958459854125977,-0.2936480028142858,0.02737006725467045,-0.09860481347734473,-0.25037037786348026,0.023336287034223663,-0.08407250917042397,10.666679036372521,13.997103171369249,3.2091105207826267,2.339030116320828,-0.21801412228534317,0.785428901703008,12.0,0.0,-0.013916620053350925,14.992610100191087,-0.3773539960384369,16.0,13.5,5.0,1.4553004503250122,12.0,minimum_jerk,5
1785140439005220676,9.43681812286377,13.983789443969727,3.0500829219818115,2.151677370071411,-0.26970139145851135,0.5367792844772339,nan,7.192452907562256,6.86378812789917,world,5069020,1785140439,0.832145094871521,True,False,False,True,5.0,-0.3748472227011782,8.0,0.6799285411834717,True,0.5888354182243347,True,2.649759292602539,True,4,normal,16.958459854125977,-0.31843032267624416,0.029679954449025048,-0.10692653201145563,-0.24507538294101794,0.022842756120503863,-0.08229448929053718,10.899129767055797,13.975437121979422,3.287165745820861,2.3084141658960666,-0.21516049953238553,0.7751482934504994,12.0,0.0,-0.013916620053350925,14.992610100191087,-0.3773539960384369,16.0,13.5,5.0,1.4814294576644897,12.0,minimum_jerk,5
1785140439105077856,9.663025856018066,13.948917984962463,3.11383056640625,2.1633598804473877,-0.2883106470108032,0.5297254920005798,nan,7.292431354522705,6.626945495605469,world,105046667,1785140439,0.832145094871521,True,False,False,True,5.0,-0.04574594191645287,8.0,0.6799285411834717,True,0.5888354182243347,True,2.649759292602539,True,4,normal,16.958459854125977,-0.3426486449188433,0.03193727308297628,-0.11505886434329171,-0.2393195895215101,0.02230627553324932,-0.08036173670545088,11.128288767340116,13.954077885105054,3.3641156322942267,2.2753626361475643,-0.21207986358929565,0.7640498357911325,12.0,0.0,-0.013916620053350925,14.992610100191087,-0.3773539960384369,16.0,13.5,5.0,1.4864940643310547,12.0,minimum_jerk,5
1785140439205094287,9.874422073364258,13.921718001365662,3.1799356937408447,2.173537015914917,-0.2422889769077301,0.529832661151886,nan,7.392441272735596,6.404153823852539,world,205056726,1785140439,0.832145094871521,True,False,False,True,5.0,0.009441862754089814,8.0,0.6799285411834717,True,0.5888354182243347,True,2.649759292602539,True,4,normal,16.958459854125977,-0.3662757661119449,0.03413948760475671,-0.12299267576351047,-0.23309858279698337,0.021726433781184912,-0.07827276895551122,11.354094439381686,13.933031202100121,3.4399394961053043,2.239907703847675,-0.20877521355845075,0.7521443334455455,12.0,0.0,-0.013916620053350925,14.992610100191087,-0.3773539960384369,16.0,13.5,5.0,1.502384901046753,12.0,minimum_jerk,5
1785140439305097864,10.1046781539917,13.901510953903198,3.253095865249634,2.180361032485962,-0.1546580195426941,0.5237954258918762,nan,7.4924516677856445,6.161794185638428,world,305067887,1785140439,0.832145094871521,True,False,False,True,5.0,-0.44513743255630805,8.0,0.6799285411834717,True,0.5888354182243347,True,2.649759292602539,True,4,normal,16.958459854125977,-0.3892576924092208,0.0362815654066484,-0.13070983554043614,-0.22641407458758445,0.021103390418035065,-0.07602816085718056,11.576238552337578,13.912325802255543,3.514533835631459,2.202121462547349,-0.20525326906783814,0.739455994891494,12.0,0.0,-0.013916620053350925,14.992610100191087,-0.3773539960384369,16.0,13.5,5.0,1.494642734527588,12.0,minimum_jerk,5
1785140439405103675,10.316574096679688,13.890997409820557,3.3146135807037354,2.182100296020508,-0.08174777776002884,0.5114797353744507,nan,7.592453956604004,5.940937519073486,world,405071134,1785140439,0.832145094871521,True,False,False,True,5.0,-0.9515641226841851,8.0,0.6799285411834717,True,0.5888354182243347,True,2.649759292602539,True,4,normal,16.958459854125977,-0.4115460871441248,0.038359001170033324,-0.1381941125812527,-0.21926672000096925,0.02043720650445896,-0.07362813239073351,11.794471753292537,13.891984927023653,3.5878149200198863,2.1620744306873334,-0.20152060293405316,0.7260084996964551,12.0,0.0,-0.013916620053350925,14.992610100191087,-0.3773539960384369,16.0,13.5,5.0,1.5029375553131104,12.0,minimum_jerk,5
1785140439505073358,10.545363426208496,13.88524580001831,3.376678228378296,2.1810388565063477,-0.05332988128066063,0.5066340565681458,nan,7.692430019378662,5.704090595245361,world,505044794,1785140439,0.832145094871521,True,False,False,True,5.0,-1.4803584486987773,8.0,0.6799285411834717,True,0.5888354182243347,True,2.649759292602539,True,4,normal,16.958459854125977,-0.4330909878459881,0.04036713803986963,-0.14542872986022193,-0.21165804410440403,0.019728024187493975,-0.07107319566240544,12.008534110696685,13.872032803860227,3.65969546619103,2.1198464240662425,-0.19758465455309004,0.7118286494114647,12.0,0.0,-0.013916620053350925,14.992610100191087,-0.3773539960384369,16.0,13.5,5.0,1.490349531173706,12.0,minimum_jerk,5
1785140439605114906,10.75791072845459,13.870912909507751,3.442474365234375,2.1799168586730957,-0.09426245838403702,0.511876106262207,nan,7.792442798614502,5.481145858764648,world,605058049,1785140439,0.832145094871521,True,False,False,True,5.0,-1.3641013683539827,8.0,0.6799285411834717,True,0.5888354182243347,True,2.649759292602539,True,4,normal,16.958459854125977,-0.45385959797670594,0.04230291914723622,-0.1524026745439815,-0.20358314793527987,0.018975386849234305,-0.0683617056370196,12.2183452196503,13.852476927069642,3.7301484747780873,2.07548642316503,-0.19344998925161572,0.6969328913174273,12.0,0.0,-0.013916620053350925,14.992610100191087,-0.3773539960384369,16.0,13.5,5.0,1.4886118173599243,12.0,minimum_jerk,5
1785140439705094036,10.988224983215332,13.845032811164856,3.5160434246063232,2.1735308170318604,-0.18157143890857697,0.5106185078620911,nan,7.89245080947876,5.238231182098389,world,705066124,1785140439,0.832145094871521,True,False,False,True,5.0,-0.6442997981037737,8.0,0.6799285411834717,True,0.5888354182243347,True,2.649759292602539,True,4,normal,16.958459854125977,-0.4737964398053225,0.044161173575889834,-0.1590973176234416,-0.19504521433252986,0.018179591152741953,-0.06549473108819709,12.423606879306904,13.83334509107633,3.7990738121565593,2.0290928715877454,-0.18912578266861935,0.6813542820437837,12.0,0.0,-0.013916620053350925,14.992610100191087,-0.3773539960384369,16.0,13.5,5.0,1.4630666971206665,12.0,minimum_jerk,5
1785140439805132369,11.19900131225586,13.81637716293335,3.577523946762085,2.1629645824432373,-0.24661466479301453,0.4955320656299591,nan,7.992461204528809,5.017282009124756,world,805078206,1785140439,0.832145094871521,True,False,False,True,5.0,-0.19097075046735063,8.0,0.6799285411834717,True,0.5888354182243347,True,2.649759292602539,True,4,normal,16.958459854125977,-0.4928567734194389,0.04593773125009526,-0.16549763576905696,-0.1860435815769692,0.017340575421116666,-0.06247204981556154,12.624136160762836,13.814654346145739,3.866410052162294,1.980747555704876,-0.18461965787130807,0.6651202848449387,12.0,0.0,-0.013916620053350925,14.992610100191087,-0.3773539960384369,16.0,13.5,5.0,1.4541208744049072,12.0,minimum_jerk,5
1785140439905092654,11.425089836120605,13.783697366714478,3.638516664505005,2.1469266414642334,-0.2521885931491852,0.4827949106693268,nan,8.092447280883789,4.781623363494873,world,905063158,1785140439,0.832145094871521,True,False,False,True,5.0,0.1222525922508847,8.0,0.6799285411834717,True,0.5888354182243347,True,2.649759292602539,True,4,normal,16.958459854125977,-0.5109892954043431,0.047627810329357756,-0.17158640167606065,-0.17658088756937107,0.016458585525336134,-0.05929454760655606,12.819688742785232,13.796427464741873,3.932075153543985,1.9305544590778094,-0.17994130686181087,0.6482658166267692,12.0,0.0,-0.013916620053350925,14.992610100191087,-0.3773539960384369,16.0,13.5,5.0,1.4252173900604248,12.0,minimum_jerk,5
1785140440005125305,11.635126113891602,13.760675430297852,3.7040886878967285,2.1302552223205566,-0.18931835889816284,0.4816889464855194,nan,8.192466735839844,4.560642719268799,world,5085670,1785140440,0.832145094871521,True,False,False,True,5.0,0.08404556585501649,8.0,0.6799285411834717,True,0.5888354182243347,True,2.649759292602539,True,4,normal,16.958459854125977,-0.5281581782374536,0.049228071435601206,-0.17735158472906432,-0.16665151154588576,0.015533097570522514,-0.05596033705052039,13.010197429024434,13.778670710038988,3.9960465522676154,1.8785785164405144,-0.17509678201582612,0.6308126819895801,12.0,0.0,-0.013916620053350925,14.992610100191087,-0.3773539960384369,16.0,13.5,5.0,1.4058393239974976,12.0,minimum_jerk,5
1785140440105117901,11.861564636230469,13.746993899345398,3.7763779163360596,2.1099820137023926,-0.08847129344940186,0.46805644035339355,nan,8.292462348937988,4.322603702545166,world,105080911,1785140440,0.832145094871521,True,False,False,True,5.0,-0.500787653901602,8.0,0.6799285411834717,True,0.5888354182243347,True,2.649759292602539,True,4,normal,16.958459854125977,-0.5443070077908958,0.050733256373778735,-0.1827742414838649,-0.15626112668415826,0.014564640336889478,-0.052471323158277405,13.195379644799099,13.761410419992584,4.058229361858634,1.8249488020399163,-0.17009811396453534,0.612804223104678,12.0,0.0,-0.013916620053350925,14.992610100191087,-0.3773539960384369,16.0,13.5,5.0,1.3633453845977783,12.0,minimum_jerk,5
1785140440205077204,12.049948692321777,13.743200778961182,3.8308725357055664,2.088794469833374,-0.019035765901207924,0.44990846514701843,nan,8.392419815063477,4.126610279083252,world,205036838,1785140440,0.832145094871521,True,False,False,True,5.0,-1.1012074652150914,8.0,0.6799285411834717,True,0.5888354182243347,True,2.649759292602539,True,4,normal,16.958459854125977,-0.5593880483286835,0.052138915836242916,-0.1878383426356549,-0.14541170476353904,0.01355339760819485,-0.048828168038655306,13.375051627427165,13.744663722582148,4.118561876176289,1.7697786409331169,-0.1649558654034271,0.5942784936826686,12.0,0.0,-0.013916620053350925,14.992610100191087,-0.3773539960384369,16.0,13.5,5.0,1.3559738397598267,12.0,minimum_jerk,5
1785140440305094988,12.252052307128906,13.74388563632965,3.8849546909332275,2.0628278255462646,0.005841967649757862,0.4403820037841797,nan,8.49242877960205,3.9178972244262695,world,305044552,1785140440,0.832145094871521,True,False,False,True,5.0,-1.635650084014832,8.0,0.6799285411834717,True,0.5888354182243347,True,2.649759292602539,True,4,normal,16.958459854125977,-0.5733684468248637,0.05344198768900649,-0.1925328563828732,-0.134093307369749,0.01249844305405462,-0.04502753444611929,13.54922453911706,13.728429577411037,4.177047843407096,1.713126172895299,-0.1596754553700621,0.5752550166272745,12.0,0.0,-0.013916620053350925,14.992610100191087,-0.3773539960384369,16.0,13.5,5.0,1.3297417163848877,12.0,minimum_jerk,5
1785140440405170871,12.469913482666016,13.73690938949585,3.951188802719116,2.03249192237854,-0.04685934633016586,0.44049060344696045,nan,8.592443466186523,3.690208911895752,world,405064390,1785140440,0.832145094871521,True,False,False,True,5.0,-1.6974472010184258,8.0,0.6799285411834717,True,0.5888354182243347,True,2.649759292602539,True,4,normal,16.958459854125977,-0.5861943197637967,0.05463744960795058,-0.1968396890420674,-0.1223108767233212,0.011400237324318496,-0.04107108194153497,13.717671698374915,13.712729112795031,4.233611145592792,1.6551300695058941,-0.15426980903477672,0.5557803568226163,12.0,0.0,-0.013916620053350925,14.992610100191087,-0.3773539960384369,16.0,13.5,5.0,1.2795497179031372,12.0,minimum_jerk,5
1785140440505260711,12.669465065002441,13.71829104423523,4.017490863800049,2.0026488304138184,-0.14673541486263275,0.4334149956703186,nan,8.692487716674805,3.4792869091033936,world,505108844,1785140440,0.832145094871521,True,False,False,True,5.0,-0.8600101498431263,8.0,0.6799285411834717,True,0.5888354182243347,True,2.649759292602539,True,4,normal,16.958459854125977,-0.5978219230666486,0.055721224336059194,-0.20074415167718818,-0.11006119036647544,0.010258480063168207,-0.036957728447567284,13.880304364881212,13.697570599958496,4.288221984394637,1.5958928835751234,-0.14874848504359006,0.5358889507389843,12.0,0.0,-0.013916620053350925,14.992610100191087,-0.3773539960384369,16.0,13.5,5.0,1.2409095764160156,12.0,minimum_jerk,5
1785140440605194505,12.880436897277832,13.690266966819763,4.080130577087402,1.9663548469543457,-0.24376678466796875,0.406221866607666,nan,8.792464256286621,3.2579188346862793,world,605084858,1785140440,0.832145094871521,True,False,False,True,5.0,-0.3335958646525798,8.0,0.6799285411834717,True,0.5888354182243347,True,2.649759292602539,True,4,normal,16.958459854125977,-0.6081942504207314,0.056687998482479185,-0.20422710199278127,-0.09735645740069865,0.009074309245068468,-0.032691573689613174,14.03685098450337,13.682979349663972,4.340789173956337,1.5355955269610817,-0.14312834565905974,0.5156415472316476,12.0,0.0,-0.013916620053350925,14.992610100191087,-0.3773539960384369,16.0,13.5,5.0,1.1854491233825684,12.0,minimum_jerk,5
1785140440705081963,13.07034683227539,13.6600341796875,4.13084077835083,1.927781581878662,-0.27463117241859436,0.3886276185512543,nan,8.892443656921387,3.060051679611206,world,705058528,1785140440,0.832145094871521,True,False,False,True,5.0,0.26211343677001814,8.0,0.6799285411834717,True,0.5888354182243347,True,2.649759292602539,True,4,normal,16.958459854125977,-0.61727347915597,0.057534246707300896,-0.20727583941778116,-0.08418820655340009,0.007846935287599888,-0.02826977307739542,14.18732361660863,13.66895423789329,4.391316763723625,1.4743237502584385,-0.13741738344207888,0.4950669407119834,12.0,0.0,-0.013916620053350925,14.992610100191087,-0.3773539960384369,16.0,13.5,5.0,1.1469805240631104,12.0,minimum_jerk,5
1785140440805163957,13.27474594116211,13.631611824035645,4.193101406097412,1.8858444690704346,-0.2218882441520691,0.38330963253974915,nan,8.992477416992188,2.8452446460723877,world,805095969,1785140440,0.832145094871521,True,False,False,True,5.0,0.43153177492265393,8.0,0.6799285411834717,True,0.5888354182243347,True,2.649759292602539,True,4,normal,16.958459854125977,-0.625016847293292,0.05825598329214032,-0.209876004797928,-0.07054921736708608,0.006575685193141667,-0.023689902035035293,14.331704189314515,13.655496949073495,4.439798685292899,1.412176732746813,-0.13162484260179141,0.4741984348438093,12.0,0.0,-0.013916620053350925,14.992610100191087,-0.3773539960384369,16.0,13.5,5.0,1.0856292247772217,12.0,minimum_jerk,5
1785140440905096560,13.461544036865234,13.615588426589966,4.2553205490112305,1.8458049297332764,-0.11718522012233734,0.37076303362846375,nan,9.092453956604004,2.6479551792144775,world,905069779,1785140440,0.832145094871521,True,False,False,True,5.0,0.0841674659892071,8.0,0.6799285411834717,True,0.5888354182243347,True,2.649759292602539,True,4,normal,16.958459854125977,-0.6313693831922329,0.05884808449196288,-0.21200913906555474,-0.05645486683138734,0.005261992205701338,-0.018957124041187212,14.469753156568341,13.642629810588087,4.4861545008828045,1.3493607864815118,-0.12576995287848436,0.4531053076795484,12.0,0.0,-0.013916620053350925,14.992610100191087,-0.3773539960384369,16.0,13.5,5.0,1.0346503257751465,12.0,minimum_jerk,5
1785140441005122359,13.65696907043457,13.610514998435974,4.3124518394470215,1.7984156608581543,0.003766755573451519,0.3394318222999573,nan,9.19246768951416,2.444326162338257,world,5083255,1785140441,0.832145094871521,True,False,False,True,5.0,-0.527857950153165,8.0,0.6799285411834717,True,0.5888354182243347,True,2.649759292602539,True,4,normal,16.958459854125977,-0.6362912508302871,0.059306837308195304,-0.213661865580836,-0.04189179645926555,0.003904611219965326,-0.014066953415342143,14.601541141161999,13.630346239894207,4.530407925101153,1.2859569599868141,-0.11986026856688814,0.43181477471034313,12.0,0.0,-0.013916620053350925,14.992610100191087,-0.3773539960384369,16.0,13.5,5.0,0.9695950150489807,12.0,minimum_jerk,5
1785140441105099676,13.831250190734863,13.615371227264404,4.357239246368408,1.7508549690246582,0.0751994177699089,0.315655916929245,nan,9.292450904846191,2.2649343013763428,world,105066032,1785140441,0.832145094871521,True,False,False,True,5.0,-1.2546163559485697,8.0,0.6799285411834717,True,0.5888354182243347,True,2.649759292602539,True,4,normal,16.958459854125977,-0.639732627494265,0.05962759791218042,-0.21481745424755427,-0.026869817898233617,0.002504456750759887,-0.009022684835698236,14.726928986932826,13.618659207328772,4.57251223034439,1.222153709512238,-0.11391335512010992,0.4103901181419367,12.0,0.0,-0.013916620053350925,14.992610100191087,-0.3773539960384369,16.0,13.5,5.0,0.9211915135383606,12.0,minimum_jerk,5
1785140441205122699,14.018295288085938,13.614298939704895,4.413416862487793,1.6983722448349,0.07054577767848969,0.3104246258735657,nan,9.39246654510498,2.069854497909546,world,205083886,1785140441,0.832145094871521,True,False,False,True,5.0,-1.4851262789359647,8.0,0.6799285411834717,True,0.5888354182243347,True,2.649759292602539,True,4,normal,16.958459854125977,-0.6416492599772452,0.05980624159256931,-0.21546104516824016,-0.01137959378641673,0.0010606584900291205,-0.0038211828856444807,14.845959943819118,13.60756468169215,4.61248193961984,1.1580616956340375,-0.10793952688521102,0.38886849697210213,12.0,0.0,-0.013916620053350925,14.992610100191087,-0.3773539960384369,16.0,13.5,5.0,0.8512937426567078,12.0,minimum_jerk,5
1785140441305101569,14.188496589660645,13.601858735084534,4.471065998077393,1.6500791311264038,-0.00499303312972188,0.3067578971385956,nan,9.492457389831543,1.8898917436599731,world,305072344,1785140441,0.832145094871521,True,False,False,True,5.0,-0.5846654095030148,7.353366545520229,0.6799285411834717,True,0.5888354182243347,True,2.649759292602539,True,4,normal,16.958459854125977,-0.6419935627996542,0.0598383330466743,-0.21557665949307214,0.0045701116680922915,-0.0004259666761505243,0.0015346094789816522,14.958546480406394,13.597070821530219,4.650287660530086,1.093872220359275,-0.1019566145599966,0.3673141489907916,12.0,0.0,-0.013916620053350925,14.992610100191087,-0.3773539960384369,16.0,13.5,5.0,0.7906454205513,12.0,minimum_jerk,5
1785140441405124452,14.36454963684082,13.583744049072266,4.521762847900391,1.5942537784576416,-0.09349233657121658,0.23657535016536713,nan,9.592472076416016,1.705995798110962,world,405088354,1785140441,0.832145094871521,True,False,False,True,5.0,-0.26010062583645027,8.0,0.6799285411834717,True,0.5888354182243347,True,2.649759292602539,True,4,normal,16.958459854125977,-0.6407193658917958,0.05971956889800123,-0.21514879365632567,0.020987184601190645,-0.0019561537913269644,0.007047340363910859,15.064740907521347,13.587172751104568,4.685946958661344,1.0297130895642503,-0.09597653055454991,0.34576999045989254,12.0,0.0,-0.013916620053350925,14.992610100191087,-0.3773539960384369,16.0,13.5,5.0,0.7191911935806274,12.0,minimum_jerk,5
1785140441505119944,14.519803047180176,13.563612341880798,4.558439254760742,1.5395736694335938,-0.13572056591510773,0.22782385349273682,nan,9.692474365234375,1.545964241027832,world,505090498,1785140441,0.832145094871521,True,False,False,True,5.0,0.1658345740060153,8.0,0.6799285411834717,True,0.5888354182243347,True,2.649759292602539,True,4,normal,16.958459854125977,-0.6377805270571528,0.059445648368033566,-0.21416195345188793,0.03786552769144125,-0.0035293345420903954,0.012714962333992275,15.164514943533312,13.577873106462867,4.719450337252567,0.965772620104012,-0.09001682732943084,0.3242992567775378,12.0,0.0,-0.013916620053350925,14.992610100191087,-0.3773539960384369,16.0,13.5,5.0,0.6646663546562195,12.0,minimum_jerk,5
1785140441605126426,14.683939933776855,13.546749830245972,4.608975410461426,1.4786417484283447,-0.10376030951738358,0.2360990047454834,nan,9.792470932006836,1.3737175464630127,world,605085939,1785140441,0.832145094871521,True,False,False,True,5.0,0.25965504281927015,8.0,0.6799285411834717,True,0.5888354182243347,True,2.649759292602539,True,4,normal,16.958459854125977,-0.6331309743306992,0.05901227722432578,-0.2126006682568553,0.05520621459413233,-0.005145609000694523,0.018537835914679612,15.257906968042782,13.569168310355362,4.750810683887892,0.9022149638829049,-0.08409280500117067,0.3029570689312866,12.0,0.0,-0.013916620053350925,14.992610100191087,-0.3773539960384369,16.0,13.5,5.0,0.5916569828987122,12.0,minimum_jerk,5
1785140441705109704,14.831184387207031,13.541019678115845,4.662107944488525,1.421698808670044,-0.025252925232052803,0.21756549179553986,nan,9.892467498779297,1.2173675298690796,world,705083084,1785140441,0.832145094871521,True,False,False,True,5.0,-0.23011806632962833,6.529601350528258,0.6799285411834717,True,0.5888354182243347,True,2.649759292602539,True,4,normal,16.958459854125977,-0.6267242079717352,0.058415121362718536,-0.21044932380443626,0.0730103409996401,-0.006805079293218774,0.024516329030644712,15.344970123299873,13.561053409549118,4.780045843339336,0.839209338077012,-0.07822023580538962,0.2818002487892395,12.0,0.0,-0.013916620053350925,14.992610100191087,-0.3773539960384369,16.0,13.5,5.0,0.5275286436080933,12.0,minimum_jerk,5
1785140441805122308,14.98244571685791,13.543284893035889,4.699301242828369,1.3663601875305176,0.04665778949856758,0.03194954991340637,nan,9.992463111877441,1.0619369745254517,world,805077934,1785140441,0.832145094871521,True,False,False,True,4.9195910282028255,-0.736508932872534,8.0,0.6799285411834717,True,0.5888354182243347,True,2.649759292602539,True,4,normal,16.958459854125977,-0.6185140584470821,0.05764987745672567,-0.20769241670906746,0.09127752047842552,-0.008507709401701785,0.030650311921725515,15.42576674010028,13.553522594373861,4.807176745824114,0.776935104307455,-0.07241583751161396,0.2608890246486304,12.0,0.0,-0.013916620053350925,14.992610100191087,-0.3773539960384369,16.0,13.5,5.0,0.45637208223342896,12.0,minimum_jerk,5
1785140441905128850,15.114723205566406,13.551312685012817,4.718059539794922,1.300366759300232,0.09156432002782822,0.06881469488143921,nan,10.092476844787598,0.9305043816566467,world,905092291,1785140441,0.832145094871521,True,False,False,True,4.506425666780494,-1.2581698104673458,8.0,0.6799285411834717,True,0.5888354182243347,True,2.649759292602539,True,4,normal,16.958459854125977,-0.6084520940083085,0.05671203132542557,-0.2043136839501445,0.11001149930714371,-0.010253848505579394,0.036941042559735515,15.500393453934826,13.546566857719533,4.832235840820712,0.7155627907707185,-0.0666955045518236,0.24028065860845427,12.0,0.0,-0.013916620053350925,14.992610100191087,-0.3773539960384369,16.0,13.5,5.0,0.40224406123161316,12.0,minimum_jerk,5
1785140442005145000,15.250665664672852,13.553781151771545,4.758426189422607,1.2146210670471191,0.06188654527068138,0.16114188730716705,nan,10.192481994628906,0.7891465425491333,world,5097541,1785140442,0.832145094871521,True,False,False,True,4.4508165222815474,-1.3970959592544947,8.0,0.6799285411834717,True,0.5888354182243347,True,2.649759292602539,True,4,normal,16.958459854125977,-0.596494446093498,0.05559749410910031,-0.2002983947911252,0.1292072438963605,-0.012043027438775195,0.04338683070281213,15.568929739350445,13.540178791997192,4.85524981529038,0.6552965811379394,-0.061078268285869264,0.22004371402557155,12.0,0.0,-0.013916620053350925,14.992610100191087,-0.3773539960384369,16.0,13.5,5.0,0.33294424414634705,12.0,minimum_jerk,5
1785140442105131625,15.367866516113281,13.54467260837555,4.807783603668213,1.1253371238708496,-0.019794661551713943,0.1535167396068573,nan,10.29248046875,0.6622201204299927,world,105097160,1785140442,0.832145094871521,True,False,False,True,3.926765912993637,-0.5833629094853885,5.3224833775606655,0.6799285411834717,True,0.5888354182243347,True,2.649759292602539,True,4,normal,16.958459854125977,-0.5825948310653644,0.054301951845955654,-0.19563100753113938,0.14886523494269266,-0.013875291005607887,0.04998783776530091,15.631498639775849,13.534346928690507,4.876259986300569,0.5963263620651347,-0.05558182749084706,0.20024195342559192,12.0,0.0,-0.013916620053350925,14.992610100191087,-0.3773539960384369,16.0,13.5,5.0,0.2725757360458374,12.0,minimum_jerk,5
1785140442205114182,15.484070777893066,13.530012369155884,4.832868576049805,1.038901448249817,-0.08301307260990143,-0.16395023465156555,nan,10.392472267150879,0.5431542992591858,world,205087151,1785140442,0.832145094871521,True,False,False,True,3.9065187808369775,-0.19612803151839625,7.459678391158455,0.6799285411834717,True,0.5888354182243347,True,2.649759292602539,True,4,normal,16.958459854125977,-0.5667075146770433,0.05282114178126185,-0.19029616495052482,0.16898508297872716,-0.015750602904964772,0.056743932966944244,15.688239404981644,13.52905828873764,4.895313112887699,0.538849323074146,-0.05022456162250899,0.18094159158208978,12.0,0.0,-0.013916620053350925,14.992610100191087,-0.3773539960384369,16.0,13.5,5.0,0.2135065793991089,12.0,minimum_jerk,5
1785140442305158405,15.580333709716797,13.513533592224121,4.831565856933594,0.906564474105835,-0.12417672574520111,-0.12917853891849518,nan,10.492483139038086,0.4524080157279968,world,305101748,1785140442,0.832145094871521,True,False,False,True,3.575391486997818,0.18493331085937315,8.0,0.6799285411834717,True,0.5888354182243347,True,2.649759292602539,True,4,normal,16.958459854125977,-0.5487815302248436,0.05115031345836962,-0.18427675280957123,0.1895722709379477,-0.017669474184960454,0.06365695743599142,15.739325149213464,13.524296736668564,4.912467325526826,0.4830515529932242,-0.04502381547358558,0.16220511573838792,12.0,0.0,-0.013916620053350925,14.992610100191087,-0.3773539960384369,16.0,13.5,5.0,0.17871533334255219,12.0,minimum_jerk,5
1785140442405126214,15.66983699798584,13.496710896492004,4.864126205444336,0.7287499308586121,-0.09020885825157166,0.10193615406751633,nan,10.592476844787598,0.3570435643196106,world,405093011,1785140442,0.832145094871521,True,False,False,True,3.7944890010087646,0.42514046906145625,7.588483854729471,0.6799285411834717,True,0.5888354182243347,True,2.649759292602539,True,4,normal,16.958459854125977,-0.5287769941658311,0.049285749449467064,-0.17755937851144932,0.21061931948037182,-0.019631207718298183,0.07072439966575117,15.784916326709642,13.52004731701534,4.927776503556764,0.4291592743642063,-0.04000067458229095,0.14410848974006996,12.0,0.0,-0.013916620053350925,14.992610100191087,-0.3773539960384369,16.0,13.5,5.0,0.13356347382068634,12.0,minimum_jerk,5
1785140442505134369,15.739108085632324,13.488587498664856,4.915493011474609,0.6028172969818115,-0.015587049536406994,0.09193027019500732,nan,10.692479133605957,0.27447453141212463,world,505095356,1785140442,0.832145094871521,True,False,False,True,3.7636103256578792,0.2657779543085852,3.4039900497480553,0.6799285411834717,True,0.5888354182243347,True,2.649759292602539,True,4,normal,16.958459854125977,-0.5066429297968504,0.04722269836588344,-0.17012692445870004,0.23213134964481652,-0.021636280821954595,0.0779479792629385,15.825225031998393,13.51629026107037,4.94131186674133,0.3773694329388242,-0.03517349568328143,0.12671784650453155,12.0,0.0,-0.013916620053350925,14.992610100191087,-0.3773539960384369,16.0,13.5,5.0,0.09407541900873184,12.0,minimum_jerk,5
1785140442605162112,15.803084373474121,13.487139701843262,4.92898416519165,0.5425607562065125,0.029073553159832954,-0.4209834635257721,nan,10.792488098144531,0.2097245752811432,world,605103441,1785140442,0.832145094871521,True,False,False,True,3.9778089897566673,-0.09986571671070657,6.443089870770281,0.6799285411834717,True,0.5888354182243347,True,2.649759292602539,True,4,normal,16.958459854125977,-0.4823327108161699,0.044956814307077986,-0.16196373388628071,0.2541082859308612,-0.023684686458757348,0.08532767087507409,15.86047119078092,13.51300507020545,4.953147264493861,0.32789806323443216,-0.030562414718953157,0.1101057288145828,12.0,0.0,-0.013916620053350925,14.992610100191087,-0.3773539960384369,16.0,13.5,5.0,0.06742491573095322,12.0,minimum_jerk,5
1785140442705156150,15.85445785522461,13.49175763130188,4.901377201080322,0.4565396308898926,0.10433609783649445,-0.41846221685409546,nan,10.892473220825195,0.17600257694721222,world,705087971,1785140442,0.832145094871521,True,False,False,True,3.7909473451268023,-0.43074738593576034,8.0,0.6799285411834717,True,0.5888354182243347,True,2.649759292602539,True,4,normal,16.958459854125977,-0.4558078870538633,0.04248451344572379,-0.153056895513346,0.27654337805632867,-0.025775795454745037,0.09286120780765039,15.890888484289945,13.510169963679717,4.96336116523284,0.2809792373215316,-0.026189248859014747,0.0943507363290923,12.0,0.0,-0.013916620053350925,14.992610100191087,-0.3773539960384369,16.0,13.5,5.0,0.07421735674142838,12.0,minimum_jerk,5
1785140442805164606,15.898931503295898,13.500025272369385,4.919945240020752,0.3455781936645508,0.1562720090150833,0.036368031054735184,nan,10.992491722106934,0.12893256545066833,world,805109312,1785140442,0.832145094871521,True,False,False,True,3.958688860197503,-0.849513373583174,7.594395096710801,0.6799285411834717,True,0.5888354182243347,True,2.649759292602539,True,4,normal,16.958459854125977,-0.42700676530493276,0.039800045539512,-0.1433856932208939,0.29944939449111185,-0.027910797921467417,0.10055287761781184,15.916758804069978,13.50775866721084,4.972048226040531,0.2368112145413903,-0.022072477273945346,0.07951944305905734,12.0,0.0,-0.013916620053350925,14.992610100191087,-0.3773539960384369,16.0,13.5,5.0,0.055608805269002914,12.0,minimum_jerk,5
1785140442905199151,15.931264877319336,13.504595756530762,4.973922252655029,0.2816910445690155,0.12965010106563568,0.09074137359857559,nan,11.092496871948242,0.0736592635512352,world,905115723,1785140442,0.832145094871521,True,False,False,True,4.035912134122528,-0.7190966100383427,1.4522241375566804,0.6799285411834717,True,0.5888354182243347,True,2.649759292602539,True,4,normal,16.958459854125977,-0.39589569504969546,0.03690027412240793,-0.13293882741490215,0.32281583501997835,-0.03008871516472486,0.10839915441144443,15.938356818302992,13.505745579784875,4.979300678447906,0.19564440790541937,-0.01823544022452639,0.06569593582967315,12.0,0.0,-0.013916620053350925,14.992610100191087,-0.3773539960384369,16.0,13.5,5.0,0.008974696509540081,12.0,minimum_jerk,5
1785140443005139939,15.961082458496094,13.508800506591797,4.984136581420898,0.2623926103115082,0.10407476127147675,-0.5709969401359558,nan,11.192495346069336,0.042938001453876495,world,5110514,1785140443,0.832145094871521,True,False,False,True,4.070974927363976,-0.7380558765170089,4.816999569504723,0.6799285411834717,True,0.5888354182243347,True,2.649759292602539,True,4,normal,16.958459854125977,-0.3624272498071317,0.03378077871151053,-0.12170037263608036,0.34664390953735236,-0.03230965995522042,0.1164004444620903,15.955996249542494,13.504101460244705,4.985223868153092,0.1577091759560112,-0.014699608753425242,0.052957567324721566,12.0,0.0,-0.013916620053350925,14.992610100191087,-0.3773539960384369,16.0,13.5,5.0,0.0070094759576022625,12.0,minimum_jerk,5
1785140443105157883,15.985837936401367,13.51101553440094,4.936213970184326,0.23261967301368713,0.043726470321416855,-0.7091187834739685,nan,11.292486190795898,0.06626132875680923,world,105101727,1785140443,0.832145094871521,True,False,False,True,3.8345049291549165,-0.7536280330051868,8.0,0.6799285411834717,True,0.5888354182243347,True,2.649759292602539,True,4,normal,16.958459854125977,-0.3265551866655674,0.030437249140940592,-0.109654800858912,0.37093380499105333,-0.03457364971781099,0.12455681054543499,15.970012793765008,13.50279501935503,4.989930519366137,0.12324266001447981,-0.011487086106198419,0.04138396783466369,12.0,0.0,-0.013916620053350925,14.992610100191087,-0.3773539960384369,16.0,13.5,5.0,0.05659928917884827,12.0,minimum_jerk,5
1785140443205130130,16.005935668945312,13.504793882369995,4.939756870269775,0.17938771843910217,-0.05164601281285286,-0.021877091377973557,nan,11.39248275756836,0.06072436273097992,world,205098991,1785140443,0.832145094871521,True,False,False,True,3.8119613317510677,-0.38041037366762387,7.9373021516963576,0.6799285411834717,True,0.5888354182243347,True,2.649759292602539,True,4,normal,16.958459854125977,-0.28822947091103046,0.026865021822069846,-0.0967853107988974,0.3956880637668374,-0.03688092142080032,0.13286910637569072,15.980766765853517,13.501792673224639,4.993541623142651,0.09248401657062288,-0.008620163356332977,0.03105544432852625,12.0,0.0,-0.013916620053350925,14.992610100191087,-0.3773539960384369,16.0,13.5,5.0,0.05945822596549988,12.0,minimum_jerk,5
1785140443305144868,16.0180606842041,13.494077682495117,4.999958515167236,0.13534678518772125,-0.07382259517908096,0.14169910550117493,nan,11.492488861083984,0.019006943330168724,world,305105123,1785140443,0.832145094871521,True,False,False,True,3.9642193384727404,0.17214995392228022,-0.5672179804695179,0.6799285411834717,True,0.5888354182243347,True,2.649759292602539,True,4,normal,16.958459854125977,-0.2474010534721458,0.023059525035119544,-0.08307543214297919,0.4209081960347727,-0.03923161582270171,0.1413378390567247,15.988641409925904,13.501058700795742,4.996185870004599,0.0656798531632532,-0.0061218260676940695,0.022054805782138587,12.0,0.0,-0.013916620053350925,14.992610100191087,-0.3773539960384369,16.0,13.5,5.0,0.03047065995633602,12.0,minimum_jerk,5
1785140443405148505,16.02901840209961,13.483419299125671,5.014209270477295,0.1261877566576004,-0.07132081687450409,-0.6369137763977051,nan,11.592488288879395,0.036316532641649246,world,405103299,1785140443,0.832145094871521,True,False,False,True,3.92994267574847,0.3213293552485228,2.8283147772036044,0.6799285411834717,True,0.5888354182243347,True,2.649759292602539,True,4,normal,16.958459854125977,-0.204030291022546,0.01901706374215939,-0.0685118529572657,0.4465900131960927,-0.041625342516535296,0.1499616020882507,15.994043577151146,13.500555180666678,4.997999877545986,0.04308703390520918,-0.004016015789269467,0.014468305252535174,12.0,0.0,-0.013916620053350925,14.992610100191087,-0.3773539960384369,16.0,13.5,5.0,0.04218555614352226,12.0,minimum_jerk,5
1785140443505145579,16.038448333740234,13.475870132446289,4.9525251388549805,0.10393542796373367,-0.03241069242358208,-0.9731194376945496,nan,11.692484855651855,0.0656839981675148,world,505099512,1785140443,0.832145094871521,True,False,False,True,3.7217807500070026,0.3862301208467285,8.0,0.6799285411834717,True,0.5888354182243347,True,2.649759292602539,True,4,normal,16.958459854125977,-0.15806955086774543,0.0147331982397374,-0.05307857853751319,0.4727344339091686,-0.04406218712774773,0.15874070394891093,15.997407556316873,13.50024163405602,4.99912947670893,0.024960894893332863,-0.002326531648162433,0.008381682700360216,12.0,0.0,-0.013916620053350925,14.992610100191087,-0.3773539960384369,16.0,13.5,5.0,0.06671041995286942,12.0,minimum_jerk,5
1785140443605182048,16.042966842651367,13.476608276367188,4.927406311035156,0.04960673302412033,0.11339837312698364,-0.27018341422080994,nan,11.792488098144531,0.08753950893878937,world,605103219,1785140443,0.832145094871521,True,False,False,True,3.7495117824317314,0.08262028452528832,8.0,0.6799285411834717,True,0.5888354182243347,True,2.649759292602539,True,4,normal,16.958459854125977,-0.1094679179648601,0.010203182886354911,-0.03675851199132829,0.49934400279501734,-0.046542386832984894,0.1676759991035014,15.999193227441268,13.500075196898939,4.999729091780264,0.011561412500171286,-0.0010776052779375433,0.003882236256293581,12.0,0.0,-0.013916620053350925,14.992610100191087,-0.3773539960384369,16.0,13.5,5.0,0.0877348855137825,12.0,minimum_jerk,5
1785140443705173732,16.041038513183594,13.488972663879395,4.977048397064209,0.00569160794839263,0.20771029591560364,0.15968504548072815,nan,11.89249038696289,0.048296354711055756,world,705105503,1785140443,0.832145094871521,True,False,False,True,4.08844028422094,-0.6450258007781032,-0.2385044113913697,0.6799285411834717,True,0.5888354182243347,True,2.649759292602539,True,4,normal,16.958459854125977,-0.0581822510415968,0.0054229966108225724,-0.01953716680061124,0.5264168742074333,-0.04906576960498865,0.17676686779776485,15.999886384450392,13.500010589771444,4.999961848744174,0.003156099343762264,-0.00029417074345294836,0.0010597946661494717,12.0,0.0,-0.013916620053350925,14.992610100191087,-0.3773539960384369,16.0,13.5,5.0,0.04837726429104805,12.0,minimum_jerk,5
1785140443805144637,16.037214279174805,13.508188962936401,5.003299713134766,-0.003627570578828454,0.21005240082740784,-0.49513259530067444,nan,11.9924898147583,0.03824722021818161,world,805105643,1785140443,0.832145094871521,True,False,False,True,4.227758319110553,-1.3022263896786446,1.306972071600335,0.6799285411834717,True,0.5888354182243347,True,2.649759292602539,True,4,normal,16.958459854125977,-0.00416822367858849,0.0003885078778749218,-0.0013996584836970527,0.5539520476761819,-0.05163224219286894,0.18601297408124406,15.999999960777842,13.50000000365578,4.999999986829486,1.566227632565642e-05,-1.4598347406469259e-06,5.2592757988634276e-06,12.0,0.0,-0.013916620053350925,14.992610100191087,-0.3773539960384369,16.0,13.5,5.0,0.038247257471084595,12.0,minimum_jerk,5
1785140443905209549,16.033945083618164,13.525917172431946,4.949338436126709,-0.005316130351275206,0.18392543494701385,-1.0060473680496216,nan,12.092514991760254,0.06626132130622864,world,905135359,1785140443,0.832145094871521,True,True,False,True,4.205291325378301,-1.6566873571495617,8.0,0.6799285411834717,True,0.5888354182243347,True,2.649759292602539,True,4,normal,16.958459854125977,0.0,2.220446049250313e-16,0.0,0.5560387715296304,-0.05182673958996825,0.18671368041800107,16.0,13.5,5.0,0.0,4.440892098500626e-16,-1.7763568394002505e-15,12.0,0.0,-0.013916620053350925,14.992610100191087,-0.3773539960384369,16.0,13.5,5.0,0.06626132130622864,12.0,minimum_jerk,5
1785140444005260044,16.03061866760254,13.534146666526794,4.9108734130859375,0.019968466833233833,0.013631502166390419,-0.40345656871795654,nan,12.19252872467041,0.10023495554924011,world,5152772,1785140444,0.832145094871521,True,True,False,True,4.172843344875618,-1.533806425755185,8.0,0.6799285411834717,True,0.5888354182243347,True,2.649759292602539,True,4,normal,16.958459854125977,0.0,2.220446049250313e-16,0.0,0.5560387715296304,-0.05182673958996825,0.18671368041800107,16.0,13.5,5.0,0.0,4.440892098500626e-16,-1.7763568394002505e-15,12.0,0.0,-0.013916620053350925,14.992610100191087,-0.3773539960384369,16.0,13.5,5.0,0.10023495554924011,12.0,minimum_jerk,5
1785140444105203557,16.02992057800293,13.5219407081604,4.948486804962158,0.04869164153933525,-0.17136314511299133,0.14428181946277618,0.21247810125350952,12.292511940002441,0.06348420679569244,world,105129287,1785140444,0.832145094871521,True,True,True,True,4.081131330980087,-0.38377477430487905,1.0244272595458344,0.6799285411834717,True,0.5888354182243347,True,2.649759292602539,True,4,normal,16.958459854125977,0.0,2.220446049250313e-16,0.0,0.5560387715296304,-0.05182673958996825,0.18671368041800107,16.0,13.5,5.0,0.0,4.440892098500626e-16,-1.7763568394002505e-15,12.0,0.0,-0.013916620053350925,14.992610100191087,-0.3773539960384369,16.0,13.5,5.0,0.06348420679569244,12.0,minimum_jerk,5
1785140444205149986,16.031837463378906,13.498026251792908,4.981235027313232,0.052903540432453156,-0.21352389454841614,-0.33387842774391174,0.21247810125350952,12.392492294311523,0.037008702754974365,world,205109670,1785140444,0.832145094871521,True,True,True,True,3.8480520765875816,0.6120414587966394,1.0702959265902536,0.6799285411834717,True,0.5888354182243347,True,2.649759292602539,True,4,normal,16.958459854125977,0.0,2.220446049250313e-16,0.0,0.5560387715296304,-0.05182673958996825,0.18671368041800107,16.0,13.5,5.0,0.0,4.440892098500626e-16,-1.7763568394002505e-15,12.0,0.0,-0.013916620053350925,14.992610100191087,-0.3773539960384369,16.0,13.5,5.0,0.037008702754974365,12.0,minimum_jerk,5
1785140444305160866,16.034198760986328,13.476218223571777,4.940690517425537,0.0480288602411747,-0.20089827477931976,-0.8792853355407715,0.21247810125350952,12.492501258850098,0.07247580587863922,world,305116633,1785140444,0.832145094871521,True,True,True,True,3.7099437716757526,1.050184260758535,7.892856932296236,0.6799285411834717,True,0.5888354182243347,True,2.649759292602539,True,4,normal,16.958459854125977,0.0,2.220446049250313e-16,0.0,0.5560387715296304,-0.05182673958996825,0.18671368041800107,16.0,13.5,5.0,0.0,4.440892098500626e-16,-1.7763568394002505e-15,12.0,0.0,-0.013916620053350925,14.992610100191087,-0.3773539960384369,16.0,13.5,5.0,0.07247580587863922,12.0,minimum_jerk,5
1785140444405188699,16.034086227416992,13.46013629436493,4.902724742889404,0.01725105382502079,-0.03524265065789223,-0.3844454288482666,0.21247810125350952,12.592522621154785,0.11051452904939651,world,405148813,1785140444,0.832145094871521,True,True,True,True,3.7011944625076576,1.0796586387119398,8.0,0.6799285411834717,True,0.5888354182243347,True,2.649759292602539,True,4,normal,16.958459854125977,0.0,2.220446049250313e-16,0.0,0.5560387715296304,-0.05182673958996825,0.18671368041800107,16.0,13.5,5.0,0.0,4.440892098500626e-16,-1.7763568394002505e-15,12.0,0.0,-0.013916620053350925,14.992610100191087,-0.3773539960384369,16.0,13.5,5.0,0.11051452904939651,12.0,minimum_jerk,5
1785140444505199519,16.0289363861084,13.466190934181213,4.934325695037842,-0.03088521398603916,0.19701842963695526,0.16500473022460938,0.21247810125350952,12.69251537322998,0.07933146506547928,world,505133073,1785140444,0.832145094871521,True,True,True,True,4.015446970036263,0.1751996191477908,2.054857380384493,0.6799285411834717,True,0.5888354182243347,True,2.649759292602539,True,4,normal,16.958459854125977,0.0,2.220446049250313e-16,0.0,0.5560387715296304,-0.05182673958996825,0.18671368041800107,16.0,13.5,5.0,0.0,4.440892098500626e-16,-1.7763568394002505e-15,12.0,0.0,-0.013916620053350925,14.992610100191087,-0.3773539960384369,16.0,13.5,5.0,0.07933146506547928,12.0,minimum_jerk,5
1785140444605205560,16.020862579345703,13.490920066833496,4.970704555511475,-0.04821497201919556,0.2741868793964386,-0.20053239166736603,0.21247810125350952,12.792499542236328,0.03709333389997482,world,605114739,1785140444,0.832145094871521,True,True,True,True,4.239229917267701,-1.1691790228089716,1.2732805384582457,0.6799285411834717,True,0.5888354182243347,True,2.649759292602539,True,4,normal,16.958459854125977,0.0,2.220446049250313e-16,0.0,0.5560387715296304,-0.05182673958996825,0.18671368041800107,16.0,13.5,5.0,0.0,4.440892098500626e-16,-1.7763568394002505e-15,12.0,0.0,-0.013916620053350925,14.992610100191087,-0.3773539960384369,16.0,13.5,5.0,0.03709333389997482,12.0,minimum_jerk,5
1785140444705254282,16.0135555267334,13.516730070114136,4.941519737243652,-0.04910236597061157,0.27494698762893677,-0.7352588772773743,0.21247810125350952,12.892515182495117,0.06231844425201416,world,705132492,1785140444,0.832145094871521,True,True,True,True,4.34491459747213,-1.8803647031322919,7.1620814896044696,0.6799285411834717,True,0.5888354182243347,True,2.649759292602539,True,4,normal,16.958459854125977,0.0,2.220446049250313e-16,0.0,0.5560387715296304,-0.05182673958996825,0.18671368041800107,16.0,13.5,5.0,0.0,4.440892098500626e-16,-1.7763568394002505e-15,12.0,0.0,-0.013916620053350925,14.992610100191087,-0.3773539960384369,16.0,13.5,5.0,0.06231844425201416,12.0,minimum_jerk,5
1785140444805166286,16.008403778076172,13.534119129180908,4.909731864929199,-0.012127569876611233,0.1530066430568695,-0.32232746481895447,0.21247810125350952,12.992506980895996,0.09686627238988876,world,805121982,1785140444,0.832145094871521,True,True,True,True,4.3203431480571215,-1.9538078307383127,8.0,0.6799285411834717,True,0.5888354182243347,True,2.649759292602539,True,4,normal,16.958459854125977,0.0,2.220446049250313e-16,0.0,0.5560387715296304,-0.05182673958996825,0.18671368041800107,16.0,13.5,5.0,0.0,4.440892098500626e-16,-1.7763568394002505e-15,12.0,0.0,-0.013916620053350925,14.992610100191087,-0.3773539960384369,16.0,13.5,5.0,0.09686627238988876,12.0,minimum_jerk,5
1785140444905171786,16.009614944458008,13.526672959327698,4.94500732421875,0.04517954960465431,-0.08660826086997986,0.21870863437652588,0.21247810125350952,13.092506408691406,0.061871547251939774,world,905121531,1785140444,0.832145094871521,True,True,True,True,4.006743499006767,-0.6839514304064349,1.9148299131440247,0.6799285411834717,True,0.5888354182243347,True,2.649759292602539,True,4,normal,16.958459854125977,0.0,2.220446049250313e-16,0.0,0.5560387715296304,-0.05182673958996825,0.18671368041800107,16.0,13.5,5.0,0.0,4.440892098500626e-16,-1.7763568394002505e-15,12.0,0.0,-0.013916620053350925,14.992610100191087,-0.3773539960384369,16.0,13.5,5.0,0.061871547251939774,12.0,minimum_jerk,5
1785140445005192475,16.015012741088867,13.503179907798767,4.983801364898682,0.0599638968706131,-0.17680375277996063,-0.1648736298084259,0.21247810125350952,13.192508697509766,0.022313447669148445,world,5126170,1785140445,0.832145094871521,True,True,True,True,3.668100043408056,0.5155584489596403,1.118158536688903,0.6799285411834717,True,0.5888354182243347,True,2.649759292602539,True,4,normal,16.958459854125977,0.0,2.220446049250313e-16,0.0,0.5560387715296304,-0.05182673958996825,0.18671368041800107,16.0,13.5,5.0,0.0,4.440892098500626e-16,-1.7763568394002505e-15,12.0,0.0,-0.013916620053350925,14.992610100191087,-0.3773539960384369,16.0,13.5,5.0,0.022313447669148445,12.0,minimum_jerk,5
1785140445105191813,16.0203857421875,13.480334997177124,4.955646514892578,0.05698876082897186,-0.18726955354213715,-0.7165974974632263,0.21247810125350952,13.29252815246582,0.05262625217437744,world,105153741,1785140445,0.832145094871521,True,True,True,True,3.5049161045755897,1.073439708285548,7.001075557593458,0.6799285411834717,True,0.5888354182243347,True,2.649759292602539,True,4,normal,16.958459854125977,0.0,2.220446049250313e-16,0.0,0.5560387715296304,-0.05182673958996825,0.18671368041800107,16.0,13.5,5.0,0.0,4.440892098500626e-16,-1.7763568394002505e-15,12.0,0.0,-0.013916620053350925,14.992610100191087,-0.3773539960384369,16.0,13.5,5.0,0.05262625217437744,12.0,minimum_jerk,5
1785140445205184780,16.021636962890625,13.463314533233643,4.923402786254883,0.0072156996466219425,-0.07382071763277054,-0.3207540512084961,0.21247810125350952,13.392525672912598,0.08764196932315826,world,205157488,1785140445,0.832145094871521,True,True,True,True,3.5479548545573225,1.1519017485480965,8.0,0.6799285411834717,True,0.5888354182243347,True,2.649759292602539,True,4,normal,16.958459854125977,0.0,2.220446049250313e-16,0.0,0.5560387715296304,-0.05182673958996825,0.18671368041800107,16.0,13.5,5.0,0.0,4.440892098500626e-16,-1.7763568394002505e-15,12.0,0.0,-0.013916620053350925,14.992610100191087,-0.3773539960384369,16.0,13.5,5.0,0.08764196932315826,12.0,minimum_jerk,5
1785140445305159752,16.01439666748047,13.468836307525635,4.955014705657959,-0.06770452111959457,0.15450726449489594,0.20166097581386566,0.21247810125350952,13.492510795593262,0.05658724531531334,world,305126469,1785140445,0.832145094871521,True,True,True,True,4.091476945735575,0.16846521717733828,2.205126283409011,0.6799285411834717,True,0.5888354182243347,True,2.649759292602539,True,4,normal,16.958459854125977,0.0,2.220446049250313e-16,0.0,0.5560387715296304,-0.05182673958996825,0.18671368041800107,16.0,13.5,5.0,0.0,4.440892098500626e-16,-1.7763568394002505e-15,12.0,0.0,-0.013916620053350925,14.992610100191087,-0.3773539960384369,16.0,13.5,5.0,0.05658724531531334,12.0,minimum_jerk,5
1785140445405189328,16.002307891845703,13.492860198020935,4.991998672485352,-0.09024085849523544,0.2451346069574356,-0.14403603971004486,0.21247810125350952,13.592510223388672,0.010969246737658978,world,405127000,1785140445,0.832145094871521,True,True,True,True,4.505768986842774,-1.1392421683129734,1.2507022177019784,0.6799285411834717,True,0.5888354182243347,True,2.649759292602539,True,4,normal,16.958459854125977,0.0,2.220446049250313e-16,0.0,0.5560387715296304,-0.05182673958996825,0.18671368041800107,16.0,13.5,5.0,0.0,4.440892098500626e-16,-1.7763568394002505e-15,12.0,0.0,-0.013916620053350925,14.992610100191087,-0.3773539960384369,16.0,13.5,5.0,0.010969246737658978,12.0,minimum_jerk,5
1785140445505201561,15.991473197937012,13.518302083015442,4.9660210609436035,-0.08379577845335007,0.2537152171134949,-0.6657331585884094,0.21247810125350952,13.692523956298828,0.039525192230939865,world,505145044,1785140445,0.832145094871521,True,True,True,True,4.708112539521339,-1.8614241223084456,6.760611297967629,0.6799285411834717,True,0.5888354182243347,True,2.649759292602539,True,4,normal,16.958459854125977,0.0,2.220446049250313e-16,0.0,0.5560387715296304,-0.05182673958996825,0.18671368041800107,16.0,13.5,5.0,0.0,4.440892098500626e-16,-1.7763568394002505e-15,12.0,0.0,-0.013916620053350925,14.992610100191087,-0.3773539960384369,16.0,13.5,5.0,0.039525192230939865,12.0,minimum_jerk,5
1785140445605209406,15.984322547912598,13.536025047302246,4.935427188873291,-0.005843411665409803,0.14804786443710327,-0.3020463287830353,0.21247810125350952,13.79251480102539,0.07558593899011612,world,605129795,1785140445,0.832145094871521,True,True,True,True,4.68754749751655,-1.9610968225879877,8.0,0.6799285411834717,True,0.5888354182243347,True,2.649759292602539,True,4,normal,16.958459854125977,0.0,2.220446049250313e-16,0.0,0.5560387715296304,-0.05182673958996825,0.18671368041800107,16.0,13.5,5.0,0.0,4.440892098500626e-16,-1.7763568394002505e-15,12.0,0.0,-0.013916620053350925,14.992610100191087,-0.3773539960384369,16.0,13.5,5.0,0.07558593899011612,12.0,minimum_jerk,5
1785140445705186502,15.988423347473145,13.529975533485413,4.9679999351501465,0.10352606326341629,-0.08307291567325592,0.2179926335811615,0.21247810125350952,13.892515182495117,0.04534926265478134,world,705131618,1785140445,0.832145094871521,True,True,True,True,4.166876754983127,-0.7817506986750012,2.017844014060827,0.6799285411834717,True,0.5888354182243347,True,2.649759292602539,True,4,normal,16.958459854125977,0.0,2.220446049250313e-16,0.0,0.5560387715296304,-0.05182673958996825,0.18671368041800107,16.0,13.5,5.0,0.0,4.440892098500626e-16,-1.7763568394002505e-15,12.0,0.0,-0.013916620053350925,14.992610100191087,-0.3773539960384369,16.0,13.5,5.0,0.04534926265478134,12.0,minimum_jerk,5
1785140445805183827,16.000951766967773,13.507827758789062,5.004330158233643,0.13650371134281158,-0.17655403912067413,-0.14860743284225464,0.21247810125350952,13.992523193359375,0.008996106684207916,world,805148089,1785140445,0.832145094871521,True,True,True,True,3.5287475401345247,0.3847556579852336,1.14258898071033,0.6799285411834717,True,0.5888354182243347,True,2.649759292602539,True,4,normal,16.958459854125977,0.0,2.220446049250313e-16,0.0,0.5560387715296304,-0.05182673958996825,0.18671368041800107,16.0,13.5,5.0,0.0,4.440892098500626e-16,-1.7763568394002505e-15,12.0,0.0,-0.013916620053350925,14.992610100191087,-0.3773539960384369,16.0,13.5,5.0,0.008996106684207916,12.0,minimum_jerk,5
1785140445905180320,16.013460159301758,13.485545635223389,4.977056980133057,0.1311299204826355,-0.19119834899902344,-0.6799980401992798,0.21247810125350952,14.092521667480469,0.03027353063225746,world,905137078,1785140445,0.832145094871521,True,True,True,True,3.204418381935736,0.9593124828210252,6.682828367491447,0.6799285411834717,True,0.5888354182243347,True,2.649759292602539,True,4,normal,16.958459854125977,0.0,2.220446049250313e-16,0.0,0.5560387715296304,-0.05182673958996825,0.18671368041800107,16.0,13.5,5.0,0.0,4.440892098500626e-16,-1.7763568394002505e-15,12.0,0.0,-0.013916620053350925,14.992610100191087,-0.3773539960384369,16.0,13.5,5.0,0.03027353063225746,12.0,minimum_jerk,5
1785140446005185900,16.01932144165039,13.465979814529419,4.945138931274414,0.05335642769932747,-0.10062596201896667,-0.31483373045921326,0.21247810125350952,14.19252872467041,0.06738270074129105,world,5150614,1785140446,0.832145094871521,True,True,True,True,3.258590881602031,1.1403691107397962,8.0,0.6799285411834717,True,0.5888354182243347,True,2.649759292602539,True,4,normal,16.958459854125977,0.0,2.220446049250313e-16,0.0,0.5560387715296304,-0.05182673958996825,0.18671368041800107,16.0,13.5,5.0,0.0,4.440892098500626e-16,-1.7763568394002505e-15,12.0,0.0,-0.013916620053350925,14.992610100191087,-0.3773539960384369,16.0,13.5,5.0,0.06738270074129105,12.0,minimum_jerk,5
1785140446105190980,16.01057243347168,13.465580224990845,4.976120948791504,-0.07534419000148773,0.11003945767879486,0.19835911691188812,0.21247810125350952,14.292536735534668,0.04320539906620979,world,105152858,1785140446,0.832145094871521,True,True,True,True,4.143772578656804,0.49050225320937346,2.0005726097249044,0.6799285411834717,True,0.5888354182243347,True,2.649759292602539,True,4,normal,16.958459854125977,0.0,2.220446049250313e-16,0.0,0.5560387715296304,-0.05182673958996825,0.18671368041800107,16.0,13.5,5.0,0.0,4.440892098500626e-16,-1.7763568394002505e-15,12.0,0.0,-0.013916620053350925,14.992610100191087,-0.3773539960384369,16.0,13.5,5.0,0.04320539906620979,12.0,minimum_jerk,5
1785140446205182894,15.993736267089844,13.482865810394287,5.011064052581787,-0.11650556325912476,0.200602725148201,-0.16248011589050293,0.21247810125350952,14.392522811889648,0.02133607491850853,world,205138140,1785140446,0.832145094871521,True,True,True,True,4.823284885788761,-0.6761731370563265,1.0901208448186706,0.6799285411834717,True,0.5888354182243347,True,2.649759292602539,True,4,normal,16.958459854125977,0.0,2.220446049250313e-16,0.0,0.5560387715296304,-0.05182673958996825,0.18671368041800107,16.0,13.5,5.0,0.0,4.440892098500626e-16,-1.7763568394002505e-15,12.0,0.0,-0.013916620053350925,14.992610100191087,-0.3773539960384369,16.0,13.5,5.0,0.02133607491850853,12.0,minimum_jerk,5
1785140446305193163,15.978484153747559,13.5030677318573,4.982965469360352,-0.11086711287498474,0.22220516204833984,-0.6779663562774658,0.21247810125350952,14.492524147033691,0.027613725513219833,world,305143910,1785140446,0.832145094871521,True,True,True,True,5.0,-1.3317781210473933,6.62071579693308,0.6799285411834717,True,0.5888354182243347,True,2.649759292602539,True,4,normal,16.958459854125977,0.0,2.220446049250313e-16,0.0,0.5560387715296304,-0.05182673958996825,0.18671368041800107,16.0,13.5,5.0,0.0,4.440892098500626e-16,-1.7763568394002505e-15,12.0,0.0,-0.013916620053350925,14.992610100191087,-0.3773539960384369,16.0,13.5,5.0,0.027613725513219833,12.0,minimum_jerk,5
1785140446405218281,15.96902847290039,13.518258213996887,4.951972484588623,0.00563433114439249,0.18062473833560944,-0.2985924780368805,0.21247810125350952,14.59254264831543,0.05999366566538811,world,405159159,1785140446,0.832145094871521,True,True,True,True,5.0,-1.4862666867717091,8.0,0.6799285411834717,True,0.5888354182243347,True,2.649759292602539,True,4,normal,16.958459854125977,0.0,2.220446049250313e-16,0.0,0.5560387715296304,-0.05182673958996825,0.18671368041800107,16.0,13.5,5.0,0.0,4.440892098500626e-16,-1.7763568394002505e-15,12.0,0.0,-0.013916620053350925,14.992610100191087,-0.3773539960384369,16.0,13.5,5.0,0.05999366566538811,12.0,minimum_jerk,5
1785140446505186470,15.97658634185791,13.516459226608276,4.985044479370117,0.16539552807807922,0.016753695905208588,0.22779802978038788,0.21247810125350952,14.692538261413574,0.032291997224092484,world,505153308,1785140446,0.832145094871521,True,True,True,True,4.2497215999708144,-0.6259147000844398,1.6451094393023962,0.6799285411834717,True,0.5888354182243347,True,2.649759292602539,True,4,normal,16.958459854125977,0.0,2.220446049250313e-16,0.0,0.5560387715296304,-0.05182673958996825,0.18671368041800107,16.0,13.5,5.0,0.0,4.440892098500626e-16,-1.7763568394002505e-15,12.0,0.0,-0.013916620053350925,14.992610100191087,-0.3773539960384369,16.0,13.5,5.0,0.032291997224092484,12.0,minimum_jerk,5
1785140446605211447,15.99614143371582,13.504294037818909,5.019763469696045,0.20786818861961365,-0.056175339967012405,-0.1738305687904358,0.21247810125350952,14.7925386428833,0.020589366555213928,world,605155371,1785140446,0.832145094871521,True,True,True,True,3.296251405247954,0.10658386093369498,0.8820382088360468,0.6799285411834717,True,0.5888354182243347,True,2.649759292602539,True,4,normal,16.958459854125977,0.0,2.220446049250313e-16,0.0,0.5560387715296304,-0.05182673958996825,0.18671368041800107,16.0,13.5,5.0,0.0,4.440892098500626e-16,-1.7763568394002505e-15,12.0,0.0,-0.013916620053350925,14.992610100191087,-0.3773539960384369,16.0,13.5,5.0,0.020589366555213928,12.0,minimum_jerk,5
1785140446705207920,16.015396118164062,13.492027163505554,4.989485740661621,0.19964177906513214,-0.07712480425834656,-0.706489086151123,0.21247810125350952,14.892557144165039,0.020276987925171852,world,705175218,1785140446,0.832145094871521,True,True,True,True,2.8358136392902447,0.4323445642925656,6.593041236226616,0.6799285411834717,True,0.5888354182243347,True,2.649759292602539,True,4,normal,16.958459854125977,0.0,2.220446049250313e-16,0.0,0.5560387715296304,-0.05182673958996825,0.18671368041800107,16.0,13.5,5.0,0.0,4.440892098500626e-16,-1.7763568394002505e-15,12.0,0.0,-0.013916620053350925,14.992610100191087,-0.3773539960384369,16.0,13.5,5.0,0.020276987925171852,12.0,minimum_jerk,5
1785140446805255420,16.02573585510254,13.481319665908813,4.956174850463867,0.0775090903043747,-0.043222133070230484,-0.3163244426250458,0.21247810125350952,14.992563247680664,0.054147325456142426,world,805181540,1785140446,0.832145094871521,True,True,True,True,2.8886628962929706,0.5355812798786637,8.0,0.6799285411834717,True,0.5888354182243347,True,2.649759292602539,True,4,normal,16.958459854125977,0.0,2.220446049250313e-16,0.0,0.5560387715296304,-0.05182673958996825,0.18671368041800107,16.0,13.5,5.0,0.0,4.440892098500626e-16,-1.7763568394002505e-15,12.0,0.0,-0.013916620053350925,14.992610100191087,-0.3773539960384369,16.0,13.5,5.0,0.054147325456142426,12.0,minimum_jerk,5
1785140446905177632,16.0145263671875,13.481902956962585,4.987620830535889,-0.11817291378974915,0.0764223262667656,0.20641377568244934,0.21247810125350952,15.092535972595215,0.026301370933651924,world,905150672,1785140446,0.832145094871521,True,True,True,True,4.119108096163874,0.12645778650450068,1.6337567544722638,0.6799285411834717,True,0.5888354182243347,True,2.649759292602539,True,4,normal,16.958459854125977,0.0,2.220446049250313e-16,0.0,0.5560387715296304,-0.05182673958996825,0.18671368041800107,16.0,13.5,5.0,0.0,4.440892098500626e-16,-1.7763568394002505e-15,12.0,0.0,-0.013916620053350925,14.992610100191087,-0.3773539960384369,16.0,13.5,5.0,0.026301370933651924,12.0,minimum_jerk,5
1785140447005234119,15.990830421447754,13.493065237998962,5.0226545333862305,-0.17880646884441376,0.128543421626091,-0.16433162987232208,0.21247810125350952,15.192562103271484,0.02540472336113453,world,5181129,1785140447,0.832145094871521,True,True,True,True,5.0,-0.5777945634794073,0.7190127831621527,0.6799285411834717,True,0.5888354182243347,True,2.649759292602539,True,4,normal,16.958459854125977,0.0,2.220446049250313e-16,0.0,0.5560387715296304,-0.05182673958996825,0.18671368041800107,16.0,13.5,5.0,0.0,4.440892098500626e-16,-1.7763568394002505e-15,12.0,0.0,-0.013916620053350925,14.992610100191087,-0.3773539960384369,16.0,13.5,5.0,0.02540472336113453,12.0,minimum_jerk,5
1785140447105210424,15.968879699707031,13.506002068519592,4.993886470794678,-0.17416289448738098,0.1403161585330963,-0.698691189289093,0.21247810125350952,15.292547225952148,0.03227806091308594,world,105164437,1785140447,0.832145094871521,True,True,True,True,5.0,-0.9944148187748632,6.2747863402332165,0.6799285411834717,True,0.5888354182243347,True,2.649759292602539,True,4,normal,16.958459854125977,0.0,2.220446049250313e-16,0.0,0.5560387715296304,-0.05182673958996825,0.18671368041800107,16.0,13.5,5.0,0.0,4.440892098500626e-16,-1.7763568394002505e-15,12.0,0.0,-0.013916620053350925,14.992610100191087,-0.3773539960384369,16.0,13.5,5.0,0.03227806091308594,12.0,minimum_jerk,5
1785140447205208440,15.953121185302734,13.513864636421204,4.959468841552734,-0.034916337579488754,0.11083870381116867,-0.33143529295921326,0.21247810125350952,15.392544746398926,0.0635029599070549,world,205160289,1785140447,0.832145094871521,True,True,True,True,5.0,-1.042668751212846,8.0,0.6799285411834717,True,0.5888354182243347,True,2.649759292602539,True,4,normal,16.958459854125977,0.0,2.220446049250313e-16,0.0,0.5560387715296304,-0.05182673958996825,0.18671368041800107,16.0,13.5,5.0,0.0,4.440892098500626e-16,-1.7763568394002505e-15,12.0,0.0,-0.013916620053350925,14.992610100191087,-0.3773539960384369,16.0,13.5,5.0,0.0635029599070549,12.0,minimum_jerk,5
1785140447305243456,15.957951545715332,13.509534001350403,4.9901347160339355,0.15480010211467743,0.00267362711019814,0.22320416569709778,0.21247810125350952,15.492558479309082,0.044230006635189056,world,305176750,1785140447,0.832145094871521,True,True,True,True,4.661377965623973,-0.30854981861632635,1.610488186172352,0.6799285411834717,True,0.5888354182243347,True,2.649759292602539,True,4,normal,16.958459854125977,0.0,2.220446049250313e-16,0.0,0.5560387715296304,-0.05182673958996825,0.18671368041800107,16.0,13.5,5.0,0.0,4.440892098500626e-16,-1.7763568394002505e-15,12.0,0.0,-0.013916620053350925,14.992610100191087,-0.3773539960384369,16.0,13.5,5.0,0.044230006635189056,12.0,minimum_jerk,5
1785140447405209411,15.976919174194336,13.498827338218689,5.02670431137085,0.2112381011247635,-0.044832322746515274,-0.1422480195760727,0.21247810125350952,15.592556953430176,0.03531600162386894,world,405173093,1785140447,0.832145094871521,True,True,True,True,3.3638863668877588,0.18089511793363397,0.454233203188138,0.6799285411834717,True,0.5888354182243347,True,2.649759292602539,True,4,normal,16.958459854125977,0.0,2.220446049250313e-16,0.0,0.5560387715296304,-0.05182673958996825,0.18671368041800107,16.0,13.5,5.0,0.0,4.440892098500626e-16,-1.7763568394002505e-15,12.0,0.0,-0.013916620053350925,14.992610100191087,-0.3773539960384369,16.0,13.5,5.0,0.03531600162386894,12.0,minimum_jerk,5
1785140447505214961,15.996515274047852,13.48901379108429,4.998690605163574,0.20825183391571045,-0.052913449704647064,-0.6980215311050415,0.21247810125350952,15.692553520202637,0.011599767953157425,world,505169385,1785140447,0.832145094871521,True,True,True,True,2.8858922543088537,0.3944593096189554,6.021732010312588,0.6799285411834717,True,0.5888354182243347,True,2.649759292602539,True,4,normal,16.958459854125977,0.0,2.220446049250313e-16,0.0,0.5560387715296304,-0.05182673958996825,0.18671368041800107,16.0,13.5,5.0,0.0,4.440892098500626e-16,-1.7763568394002505e-15,12.0,0.0,-0.013916620053350925,14.992610100191087,-0.3773539960384369,16.0,13.5,5.0,0.011599767953157425,12.0,minimum_jerk,5
1785140447605193932,16.011306762695312,13.481037139892578,4.963636875152588,0.10937027633190155,-0.0011690784012898803,-0.34881505370140076,0.21247810125350952,15.792545318603516,0.04254068434238434,world,605160779,1785140447,0.832145094871521,True,True,True,True,2.8240684208261575,0.43355964044874057,7.900613622290402,0.6799285411834717,True,0.5888354182243347,True,2.649759292602539,True,4,normal,16.958459854125977,0.0,2.220446049250313e-16,0.0,0.5560387715296304,-0.05182673958996825,0.18671368041800107,16.0,13.5,5.0,0.0,4.440892098500626e-16,-1.7763568394002505e-15,12.0,0.0,-0.013916620053350925,14.992610100191087,-0.3773539960384369,16.0,13.5,5.0,0.04254068434238434,12.0,minimum_jerk,5
1785140447705195835,16.007568359375,13.48311197757721,4.993519306182861,-0.08047709614038467,0.104824498295784,0.18013711273670197,0.21247810125350952,15.892548561096191,0.019608283415436745,world,705163985,1785140447,0.832145094871521,True,True,True,True,3.674881593066935,0.06478418490764712,1.4992257821657475,0.6799285411834717,True,0.5888354182243347,True,2.649759292602539,True,4,normal,16.958459854125977,0.0,2.220446049250313e-16,0.0,0.5560387715296304,-0.05182673958996825,0.18671368041800107,16.0,13.5,5.0,0.0,4.440892098500626e-16,-1.7763568394002505e-15,12.0,0.0,-0.013916620053350925,14.992610100191087,-0.3773539960384369,16.0,13.5,5.0,0.019608283415436745,12.0,minimum_jerk,5
1785140447805197618,15.99056339263916,13.49465012550354,5.02691650390625,-0.15035709738731384,0.14411117136478424,-0.17607943713665009,0.21247810125350952,15.99255084991455,0.029020145535469055,world,805165918,1785140447,0.832145094871521,True,True,True,True,4.663598134324386,-0.591815307428263,0.6022638747666298,0.6799285411834717,True,0.5888354182243347,True,2.649759292602539,True,4,normal,16.958459854125977,0.0,2.220446049250313e-16,0.0,0.5560387715296304,-0.05182673958996825,0.18671368041800107,16.0,13.5,5.0,0.0,4.440892098500626e-16,-1.7763568394002505e-15,12.0,0.0,-0.013916620053350925,14.992610100191087,-0.3773539960384369,16.0,13.5,5.0,0.029020145535469055,12.0,minimum_jerk,5
1785140447905210622,15.973245620727539,13.50760042667389,4.9980926513671875,-0.15613093972206116,0.1487857699394226,-0.6941300630569458,0.21247810125350952,16.09256362915039,0.027878329157829285,world,905180034,1785140447,0.832145094871521,True,True,True,True,5.0,-0.9840565360065392,6.0355068932661045,0.6799285411834717,True,0.5888354182243347,True,2.649759292602539,True,4,normal,16.958459854125977,0.0,2.220446049250313e-16,0.0,0.5560387715296304,-0.05182673958996825,0.18671368041800107,16.0,13.5,5.0,0.0,4.440892098500626e-16,-1.7763568394002505e-15,12.0,0.0,-0.013916620053350925,14.992610100191087,-0.3773539960384369,16.0,13.5,5.0,0.027878329157829285,12.0,minimum_jerk,5
1785140448005253092,15.962194442749023,13.515849590301514,4.966429233551025,-0.05810042470693588,0.10264883190393448,-0.3131459951400757,0.21247810125350952,16.192564010620117,0.052985526621341705,world,5180194,1785140448,0.832145094871521,True,True,True,True,5.0,-1.0346152249195995,7.47548374458221,0.6799285411834717,True,0.5888354182243347,True,2.649759292602539,True,4,normal,16.958459854125977,0.0,2.220446049250313e-16,0.0,0.5560387715296304,-0.05182673958996825,0.18671368041800107,16.0,13.5,5.0,0.0,4.440892098500626e-16,-1.7763568394002505e-15,12.0,0.0,-0.013916620053350925,14.992610100191087,-0.3773539960384369,16.0,13.5,5.0,0.052985526621341705,12.0,minimum_jerk,5
1785140448105221853,15.969979286193848,13.511986494064331,5.001652240753174,0.11685118824243546,-0.007904496975243092,0.22884798049926758,0.21247810125350952,16.292560577392578,0.03236740827560425,world,105176157,1785140448,0.832145094871521,True,True,True,True,4.192785275394396,-0.35013589141082874,0.8546935677191927,0.6799285411834717,True,0.5888354182243347,True,2.649759292602539,True,4,normal,16.958459854125977,0.0,2.220446049250313e-16,0.0,0.5560387715296304,-0.05182673958996825,0.18671368041800107,16.0,13.5,5.0,0.0,4.440892098500626e-16,-1.7763568394002505e-15,12.0,0.0,-0.013916620053350925,14.992610100191087,-0.3773539960384369,16.0,13.5,5.0,0.03236740827560425,12.0,minimum_jerk,5
1785140448205201634,15.989654541015625,13.501769661903381,5.036833763122559,0.16699644923210144,-0.04954454302787781,-0.20371127128601074,0.21247810125350952,16.392547607421875,0.03829995170235634,world,205163102,1785140448,0.832145094871521,True,True,True,True,3.22663618332034,0.14372884092968838,0.13660625422928563,0.6799285411834717,True,0.5888354182243347,True,2.649759292602539,True,4,normal,16.958459854125977,0.0,2.220446049250313e-16,0.0,0.5560387715296304,-0.05182673958996825,0.18671368041800107,16.0,13.5,5.0,0.0,4.440892098500626e-16,-1.7763568394002505e-15,12.0,0.0,-0.013916620053350925,14.992610100191087,-0.3773539960384369,16.0,13.5,5.0,0.03829995170235634,12.0,minimum_jerk,5
1785140448305218726,16.00843048095703,13.492387533187866,5.004339694976807,0.1649188995361328,-0.05763902887701988,-0.7536612749099731,0.21247810125350952,16.492572784423828,0.012159589678049088,world,305190313,1785140448,0.832145094871521,True,True,True,True,2.819607381804165,0.340875827152894,6.056107904027865,0.6799285411834717,True,0.5888354182243347,True,2.649759292602539,True,4,normal,16.958459854125977,0.0,2.220446049250313e-16,0.0,0.5560387715296304,-0.05182673958996825,0.18671368041800107,16.0,13.5,5.0,0.0,4.440892098500626e-16,-1.7763568394002505e-15,12.0,0.0,-0.013916620053350925,14.992610100191087,-0.3773539960384369,16.0,13.5,5.0,0.012159589678049088,12.0,minimum_jerk,5
1785140448405229146,16.020137786865234,13.484650015830994,4.969298839569092,0.054881829768419266,-0.01198240090161562,-0.357500284910202,0.21247810125350952,16.592557907104492,0.039795901626348495,world,405172629,1785140448,0.832145094871521,True,True,True,True,2.843132316667836,0.38296463922655666,7.547631663523007,0.6799285411834717,True,0.5888354182243347,True,2.649759292602539,True,4,normal,16.958459854125977,0.0,2.220446049250313e-16,0.0,0.5560387715296304,-0.05182673958996825,0.18671368041800107,16.0,13.5,5.0,0.0,4.440892098500626e-16,-1.7763568394002505e-15,12.0,0.0,-0.013916620053350925,14.992610100191087,-0.3773539960384369,16.0,13.5,5.0,0.039795901626348495,12.0,minimum_jerk,5
1785140448505232292,16.0114803314209,13.48632562160492,5.001754283905029,-0.13863617181777954,0.08785097301006317,0.1777878850698471,0.21247810125350952,16.69257354736328,0.017940573394298553,world,505190192,1785140448,0.832145094871521,True,True,True,True,3.9023400311957266,0.034403492265683414,0.8896685869848961,0.6799285411834717,True,0.5888354182243347,True,2.649759292602539,True,4,normal,16.958459854125977,0.0,2.220446049250313e-16,0.0,0.5560387715296304,-0.05182673958996825,0.18671368041800107,16.0,13.5,5.0,0.0,4.440892098500626e-16,-1.7763568394002505e-15,12.0,0.0,-0.013916620053350925,14.992610100191087,-0.3773539960384369,16.0,13.5,5.0,0.017940573394298553,12.0,minimum_jerk,5
1785140448605273329,15.989367485046387,13.496589541435242,5.035433292388916,-0.19802197813987732,0.12320783734321594,-0.21844671666622162,0.21247810125350952,16.7925968170166,0.037151042371988297,world,605215349,1785140448,0.832145094871521,True,True,True,True,4.967264713918578,-0.5663064402830396,0.12741982798415896,0.6799285411834717,True,0.5888354182243347,True,2.649759292602539,True,4,normal,16.958459854125977,0.0,2.220446049250313e-16,0.0,0.5560387715296304,-0.05182673958996825,0.18671368041800107,16.0,13.5,5.0,0.0,4.440892098500626e-16,-1.7763568394002505e-15,12.0,0.0,-0.013916620053350925,14.992610100191087,-0.3773539960384369,16.0,13.5,5.0,0.037151042371988297,12.0,minimum_jerk,5
1785140448705214618,15.968008041381836,13.507886409759521,5.003335952758789,-0.19614103436470032,0.12589536607265472,-0.7488216757774353,0.21247810125350952,16.892555236816406,0.0331181138753891,world,705170845,1785140448,0.832145094871521,True,True,True,True,5.0,-0.9056222835875437,5.901643779459774,0.6799285411834717,True,0.5888354182243347,True,2.649759292602539,True,4,normal,16.958459854125977,0.0,2.220446049250313e-16,0.0,0.5560387715296304,-0.05182673958996825,0.18671368041800107,16.0,13.5,5.0,0.0,4.440892098500626e-16,-1.7763568394002505e-15,12.0,0.0,-0.013916620053350925,14.992610100191087,-0.3773539960384369,16.0,13.5,5.0,0.0331181138753891,12.0,minimum_jerk,5
1785140448805256236,15.951403617858887,13.516243696212769,4.968797206878662,-0.06513983011245728,0.08620505034923553,-0.3521011471748352,0.21247810125350952,16.99257469177246,0.059992335736751556,world,805191764,1785140448,0.832145094871521,True,True,True,True,5.0,-0.9798821299739313,7.29025937527714,0.6799285411834717,True,0.5888354182243347,True,2.649759292602539,True,4,normal,16.958459854125977,0.0,2.220446049250313e-16,0.0,0.5560387715296304,-0.05182673958996825,0.18671368041800107,16.0,13.5,5.0,0.0,4.440892098500626e-16,-1.7763568394002505e-15,12.0,0.0,-0.013916620053350925,14.992610100191087,-0.3773539960384369,16.0,13.5,5.0,0.059992335736751556,12.0,minimum_jerk,5
1785140448905255715,15.954619407653809,13.514667272567749,5.001684665679932,0.12787918746471405,-0.012783011421561241,0.19820860028266907,0.21247810125350952,17.09256935119629,0.0477217473089695,world,905184771,1785140448,0.832145094871521,True,True,True,True,4.767682289577323,-0.5003946588664165,0.7793518004395712,0.6799285411834717,True,0.5888354182243347,True,2.649759292602539,True,4,normal,16.958459854125977,0.0,2.220446049250313e-16,0.0,0.5560387715296304,-0.05182673958996825,0.18671368041800107,16.0,13.5,5.0,0.0,4.440892098500626e-16,-1.7763568394002505e-15,12.0,0.0,-0.013916620053350925,14.992610100191087,-0.3773539960384369,16.0,13.5,5.0,0.0477217473089695,12.0,minimum_jerk,5
1785140449005256155,15.971778869628906,13.50667929649353,5.0365190505981445,0.185990571975708,-0.05464879795908928,-0.20404256880283356,0.21247810125350952,17.192584991455078,0.046633530408144,world,5203135,1785140449,0.832145094871521,True,True,True,True,3.4992011814297186,-0.04634084266594163,-0.08482630887468767,0.6799285411834717,True,0.5888354182243347,True,2.649759292602539,True,4,normal,16.958459854125977,0.0,2.220446049250313e-16,0.0,0.5560387715296304,-0.05182673958996825,0.18671368041800107,16.0,13.5,5.0,0.0,4.440892098500626e-16,-1.7763568394002505e-15,12.0,0.0,-0.013916620053350925,14.992610100191087,-0.3773539960384369,16.0,13.5,5.0,0.046633530408144,12.0,minimum_jerk,5
1785140449105280581,15.989755630493164,13.498529553413391,5.004746913909912,0.18757224082946777,-0.06489970535039902,-0.747986376285553,0.21247810125350952,17.292591094970703,0.011386066675186157,world,105214256,1785140449,0.832145094871521,True,True,True,True,3.0505792535549823,0.1644019059252947,5.732647981413859,0.6799285411834717,True,0.5888354182243347,True,2.649759292602539,True,4,normal,16.958459854125977,0.0,2.220446049250313e-16,0.0,0.5560387715296304,-0.05182673958996825,0.18671368041800107,16.0,13.5,5.0,0.0,4.440892098500626e-16,-1.7763568394002505e-15,12.0,0.0,-0.013916620053350925,14.992610100191087,-0.3773539960384369,16.0,13.5,5.0,0.011386066675186157,12.0,minimum_jerk,5
1785140449205221830,16.003503799438477,13.490257143974304,4.968769073486328,0.10669518262147903,-0.03963276743888855,-0.3512715995311737,0.21247810125350952,17.39256477355957,0.032902441918849945,world,205181293,1785140449,0.832145094871521,True,True,True,True,2.993302522224899,0.26326852733584966,7.270052805824765,0.6799285411834717,True,0.5888354182243347,True,2.649759292602539,True,4,normal,16.958459854125977,0.0,2.220446049250313e-16,0.0,0.5560387715296304,-0.05182673958996825,0.18671368041800107,16.0,13.5,5.0,0.0,4.440892098500626e-16,-1.7763568394002505e-15,12.0,0.0,-0.013916620053350925,14.992610100191087,-0.3773539960384369,16.0,13.5,5.0,0.032902441918849945,12.0,minimum_jerk,5
1785140449305222260,16.000551223754883,13.488479018211365,5.001351356506348,-0.06386871635913849,0.03781542181968689,0.2145686149597168,0.21247810125350952,17.492578506469727,0.01161305420100689,world,305193276,1785140449,0.832145094871521,True,True,True,True,3.769369833428915,0.11577309615817295,0.7242370650732166,0.6799285411834717,True,0.5888354182243347,True,2.649759292602539,True,4,normal,16.958459854125977,0.0,2.220446049250313e-16,0.0,0.5560387715296304,-0.05182673958996825,0.18671368041800107,16.0,13.5,5.0,0.0,4.440892098500626e-16,-1.7763568394002505e-15,12.0,0.0,-0.013916620053350925,14.992610100191087,-0.3773539960384369,16.0,13.5,5.0,0.01161305420100689,12.0,minimum_jerk,5
1785140449405218824,15.985946655273438,13.493502140045166,5.037003040313721,-0.12291838228702545,0.06922294944524765,-0.1904177963733673,0.21247810125350952,17.592571258544922,0.040111638605594635,world,405186382,1785140449,0.832145094871521,True,True,True,True,4.6508618907140065,-0.3190591759406768,-0.25157485781917766,0.6799285411834717,True,0.5888354182243347,True,2.649759292602539,True,4,normal,16.958459854125977,0.0,2.220446049250313e-16,0.0,0.5560387715296304,-0.05182673958996825,0.18671368041800107,16.0,13.5,5.0,0.0,4.440892098500626e-16,-1.7763568394002505e-15,12.0,0.0,-0.013916620053350925,14.992610100191087,-0.3773539960384369,16.0,13.5,5.0,0.040111638605594635,12.0,minimum_jerk,5
1785140449505230856,15.971242904663086,13.499993443489075,5.005653381347656,-0.12912635505199432,0.07853192836046219,-0.7446060180664062,0.21247810125350952,17.692577362060547,0.0293075293302536,world,505194718,1785140449,0.832145094871521,True,True,True,True,5.0,-0.559410310901664,5.582877946321623,0.6799285411834717,True,0.5888354182243347,True,2.649759292602539,True,4,normal,16.958459854125977,0.0,2.220446049250313e-16,0.0,0.5560387715296304,-0.05182673958996825,0.18671368041800107,16.0,13.5,5.0,0.0,4.440892098500626e-16,-1.7763568394002505e-15,12.0,0.0,-0.013916620053350925,14.992610100191087,-0.3773539960384369,16.0,13.5,5.0,0.0293075293302536,12.0,minimum_jerk,5
1785140449605266333,15.96017074584961,13.503925681114197,4.970174789428711,-0.0392758883535862,0.07849642634391785,-0.34680405259132385,0.21247810125350952,17.792587280273438,0.049913160502910614,world,605203724,1785140449,0.832145094871521,True,True,True,True,5.0,-0.5972599251150751,7.111539588678596,0.6799285411834717,True,0.5888354182243347,True,2.649759292602539,True,4,normal,16.958459854125977,0.0,2.220446049250313e-16,0.0,0.5560387715296304,-0.05182673958996825,0.18671368041800107,16.0,13.5,5.0,0.0,4.440892098500626e-16,-1.7763568394002505e-15,12.0,0.0,-0.013916620053350925,14.992610100191087,-0.3773539960384369,16.0,13.5,5.0,0.049913160502910614,12.0,minimum_jerk,5
1785140449705219384,15.965404510498047,13.50211215019226,5.0058794021606445,0.13001330196857452,0.029744401574134827,0.23181623220443726,0.21247810125350952,17.89257049560547,0.0351550355553627,world,705186261,1785140449,0.832145094871521,True,True,True,True,4.44915503200464,-0.2155449803507253,0.26670576450599226,0.6799285411834717,True,0.5888354182243347,True,2.649759292602539,True,4,normal,16.958459854125977,0.0,2.220446049250313e-16,0.0,0.5560387715296304,-0.05182673958996825,0.18671368041800107,16.0,13.5,5.0,0.0,4.440892098500626e-16,-1.7763568394002505e-15,12.0,0.0,-0.013916620053350925,14.992610100191087,-0.3773539960384369,16.0,13.5,5.0,0.0351550355553627,12.0,minimum_jerk,5
1785140449805238259,15.983076095581055,13.498011112213135,5.043201923370361,0.1787378042936325,0.00601444486528635,-0.19889479875564575,0.21247810125350952,17.992576599121094,0.04644114896655083,world,805192032,1785140449,0.832145094871521,True,True,True,True,3.4947528615353116,-0.0331439662466263,-0.6391068920935359,0.6799285411834717,True,0.5888354182243347,True,2.649759292602539,True,4,normal,16.958459854125977,0.0,2.220446049250313e-16,0.0,0.5560387715296304,-0.05182673958996825,0.18671368041800107,16.0,13.5,5.0,0.0,4.440892098500626e-16,-1.7763568394002505e-15,12.0,0.0,-0.013916620053350925,14.992610100191087,-0.3773539960384369,16.0,13.5,5.0,0.04644114896655083,12.0,minimum_jerk,5
1785140449905218351,16.000743865966797,13.494627714157104,5.010444164276123,0.17888188362121582,-0.0012424946762621403,-0.779934823513031,0.21247810125350952,18.09257698059082,0.011768405325710773,world,905191811,1785140449,0.832145094871521,True,True,True,True,3.0714504700918974,0.02449704621469606,5.437967892537692,0.6799285411834717,True,0.5888354182243347,True,2.649759292602539,True,4,normal,16.958459854125977,0.0,2.220446049250313e-16,0.0,0.5560387715296304,-0.05182673958996825,0.18671368041800107,16.0,13.5,5.0,0.0,4.440892098500626e-16,-1.7763568394002505e-15,12.0,0.0,-0.013916620053350925,14.992610100191087,-0.3773539960384369,16.0,13.5,5.0,0.011768405325710773,12.0,minimum_jerk,5
1785140450005246404,16.014284133911133,13.491228938102722,4.973050594329834,0.09566395729780197,0.01372607983648777,-0.3883080780506134,0.21247810125350952,18.19259262084961,0.03173702210187912,world,5209053,1785140450,0.832145094871521,True,True,True,True,2.999675272037728,0.052390243574293255,7.007808665328591,0.6799285411834717,True,0.5888354182243347,True,2.649759292602539,True,4,normal,16.958459854125977,0.0,2.220446049250313e-16,0.0,0.5560387715296304,-0.05182673958996825,0.18671368041800107,16.0,13.5,5.0,0.0,4.440892098500626e-16,-1.7763568394002505e-15,12.0,0.0,-0.013916620053350925,14.992610100191087,-0.3773539960384369,16.0,13.5,5.0,0.03173702210187912,12.0,minimum_jerk,5
1785140450105241965,16.01096534729004,13.491537809371948,5.007035255432129,-0.07830014079809189,0.057431984692811966,0.19598336517810822,0.21247810125350952,18.292587280273438,0.015535196289420128,world,105202200,1785140450,0.832145094871521,True,True,True,True,3.757539195540681,-0.032622981095185216,0.21570809395398172,0.6799285411834717,True,0.5888354182243347,True,2.649759292602539,True,4,normal,16.958459854125977,0.0,2.220446049250313e-16,0.0,0.5560387715296304,-0.05182673958996825,0.18671368041800107,16.0,13.5,5.0,0.0,4.440892098500626e-16,-1.7763568394002505e-15,12.0,0.0,-0.013916620053350925,14.992610100191087,-0.3773539960384369,16.0,13.5,5.0,0.015535196289420128,12.0,minimum_jerk,5
1785140450205220985,15.995615005493164,13.496267199516296,5.043487071990967,-0.13744647800922394,0.07206493616104126,-0.21700888872146606,0.21247810125350952,18.392574310302734,0.04386670142412186,world,205189105,1785140450,0.832145094871521,True,True,True,True,4.654268433127855,-0.32863001609628223,-0.7374376715014885,0.6799285411834717,True,0.5888354182243347,True,2.649759292602539,True,4,normal,16.958459854125977,0.0,2.220446049250313e-16,0.0,0.5560387715296304,-0.05182673958996825,0.18671368041800107,16.0,13.5,5.0,0.0,4.440892098500626e-16,-1.7763568394002505e-15,12.0,0.0,-0.013916620053350925,14.992610100191087,-0.3773539960384369,16.0,13.5,5.0,0.04386670142412186,12.0,minimum_jerk,5
1785140450305226966,15.980090141296387,13.501798748970032,5.010524749755859,-0.14348728954792023,0.07210477441549301,-0.7868614792823792,0.21247810125350952,18.492576599121094,0.022592218592762947,world,305191770,1785140450,0.832145094871521,True,True,True,True,5.0,-0.5071506582579274,5.295861368223112,0.6799285411834717,True,0.5888354182243347,True,2.649759292602539,True,4,normal,16.958459854125977,0.0,2.220446049250313e-16,0.0,0.5560387715296304,-0.05182673958996825,0.18671368041800107,16.0,13.5,5.0,0.0,4.440892098500626e-16,-1.7763568394002505e-15,12.0,0.0,-0.013916620053350925,14.992610100191087,-0.3773539960384369,16.0,13.5,5.0,0.022592218592762947,12.0,minimum_jerk,5
1785140450405226675,15.968962669372559,13.505910754203796,4.971950531005859,-0.05333731323480606,0.06080262362957001,-0.38992980122566223,0.21247810125350952,18.592580795288086,0.042249564081430435,world,405195687,1785140450,0.832145094871521,True,True,True,True,5.0,-0.551894423859743,6.9248525365915805,0.6799285411834717,True,0.5888354182243347,True,2.649759292602539,True,4,normal,16.958459854125977,0.0,2.220446049250313e-16,0.0,0.5560387715296304,-0.05182673958996825,0.18671368041800107,16.0,13.5,5.0,0.0,4.440892098500626e-16,-1.7763568394002505e-15,12.0,0.0,-0.013916620053350925,14.992610100191087,-0.3773539960384369,16.0,13.5,5.0,0.042249564081430435,12.0,minimum_jerk,5
1785140450505212198,15.975129127502441,13.505614638328552,5.005186557769775,0.11928524076938629,0.017435185611248016,0.20626704394817352,0.21247810125350952,18.692577362060547,0.026018932461738586,world,505192440,1785140450,0.832145094871521,True,True,True,True,4.321781033435689,-0.3230586151920361,0.20001739628135717,0.6799285411834717,True,0.5888354182243347,True,2.649759292602539,True,4,normal,16.958459854125977,0.0,2.220446049250313e-16,0.0,0.5560387715296304,-0.05182673958996825,0.18671368041800107,16.0,13.5,5.0,0.0,4.440892098500626e-16,-1.7763568394002505e-15,12.0,0.0,-0.013916620053350925,14.992610100191087,-0.3773539960384369,16.0,13.5,5.0,0.026018932461738586,12.0,minimum_jerk,5
1785140450605230512,15.993552207946777,13.503030776977539,5.04236364364624,0.17006844282150269,-0.0036201472394168377,-0.19630663096904755,0.21247810125350952,18.792583465576172,0.04295856133103371,world,605200355,1785140450,0.832145094871521,True,True,True,True,3.3581558976387993,-0.16218117619258762,-0.877434834478537,0.6799285411834717,True,0.5888354182243347,True,2.649759292602539,True,4,normal,16.958459854125977,0.0,2.220446049250313e-16,0.0,0.5560387715296304,-0.05182673958996825,0.18671368041800107,16.0,13.5,5.0,0.0,4.440892098500626e-16,-1.7763568394002505e-15,12.0,0.0,-0.013916620053350925,14.992610100191087,-0.3773539960384369,16.0,13.5,5.0,0.04295856133103371,12.0,minimum_jerk,5
1785140450705272841,16.011518478393555,13.500488996505737,5.010531425476074,0.16818411648273468,-0.01148600596934557,-0.7761250734329224,0.21247810125350952,18.892597198486328,0.015614909119904041,world,705216425,1785140450,0.832145094871521,True,True,True,True,2.9321895671406506,-0.1014516814488468,5.08500860676969,0.6799285411834717,True,0.5888354182243347,True,2.649759292602539,True,4,normal,16.958459854125977,0.0,2.220446049250313e-16,0.0,0.5560387715296304,-0.05182673958996825,0.18671368041800107,16.0,13.5,5.0,0.0,4.440892098500626e-16,-1.7763568394002505e-15,12.0,0.0,-0.013916620053350925,14.992610100191087,-0.3773539960384369,16.0,13.5,5.0,0.015614909119904041,12.0,minimum_jerk,5
1785140450805278662,16.022705078125,13.498066663742065,4.971757888793945,0.06728644669055939,-0.005375610198825598,-0.3985777497291565,0.21247810125350952,18.992616653442383,0.036288775503635406,world,805237745,1785140450,0.832145094871521,True,True,True,True,2.9381591907318967,-0.07854042475831548,6.7944499669262575,0.6799285411834717,True,0.5888354182243347,True,2.649759292602539,True,4,normal,16.958459854125977,0.0,2.220446049250313e-16,0.0,0.5560387715296304,-0.05182673958996825,0.18671368041800107,16.0,13.5,5.0,0.0,4.440892098500626e-16,-1.7763568394002505e-15,12.0,0.0,-0.013916620053350925,14.992610100191087,-0.3773539960384369,16.0,13.5,5.0,0.036288775503635406,12.0,minimum_jerk,5
1785140450905248996,16.014013290405273,13.498234152793884,5.003526210784912,-0.12552055716514587,0.023392492905259132,0.19166985154151917,0.21247810125350952,19.092599868774414,0.01455763354897499,world,905216054,1785140450,0.832145094871521,True,True,True,True,3.9792589671646073,-0.1622508917252568,0.2571495275711906,0.6799285411834717,True,0.5888354182243347,True,2.649759292602539,True,4,normal,16.958459854125977,0.0,2.220446049250313e-16,0.0,0.5560387715296304,-0.05182673958996825,0.18671368041800107,16.0,13.5,5.0,0.0,4.440892098500626e-16,-1.7763568394002505e-15,12.0,0.0,-0.013916620053350925,14.992610100191087,-0.3773539960384369,16.0,13.5,5.0,0.01455763354897499,12.0,minimum_jerk,5
1785140451005237293,15.992146492004395,13.501121163368225,5.039941310882568,-0.1863223761320114,0.033202335238456726,-0.18803094327449799,0.21247810125350952,19.19257354736328,0.040721528232097626,world,5192599,1785140451,0.832145094871521,True,True,True,True,5.0,-0.3494679599016113,-0.8522089944805746,0.6799285411834717,True,0.5888354182243347,True,2.649759292602539,True,4,normal,16.958459854125977,0.0,2.220446049250313e-16,0.0,0.5560387715296304,-0.05182673958996825,0.18671368041800107,16.0,13.5,5.0,0.0,4.440892098500626e-16,-1.7763568394002505e-15,12.0,0.0,-0.013916620053350925,14.992610100191087,-0.3773539960384369,16.0,13.5,5.0,0.040721528232097626,12.0,minimum_jerk,5
1785140451105259385,15.971217155456543,13.504441976547241,5.009786605834961,-0.1834525167942047,0.03428157418966293,-0.7517701387405396,0.21247810125350952,19.29258155822754,0.030723948031663895,world,105197959,1785140451,0.832145094871521,True,True,True,True,5.0,-0.4601546415699722,4.885857067308453,0.6799285411834717,True,0.5888354182243347,True,2.649759292602539,True,4,normal,16.958459854125977,0.0,2.220446049250313e-16,0.0,0.5560387715296304,-0.05182673958996825,0.18671368041800107,16.0,13.5,5.0,0.0,4.440892098500626e-16,-1.7763568394002505e-15,12.0,0.0,-0.013916620053350925,14.992610100191087,-0.3773539960384369,16.0,13.5,5.0,0.030723948031663895,12.0,minimum_jerk,5
1785140451205230360,15.957353591918945,13.50558316707611,4.973290920257568,-0.05662427097558975,0.02402498386800289,-0.38362759351730347,0.21247810125350952,19.392581939697266,0.050628677010536194,world,205198309,1785140451,0.832145094871521,True,True,True,True,5.0,-0.44789929818736185,6.495541110970976,0.6799285411834717,True,0.5888354182243347,True,2.649759292602539,True,4,normal,16.958459854125977,0.0,2.220446049250313e-16,0.0,0.5560387715296304,-0.05182673958996825,0.18671368041800107,16.0,13.5,5.0,0.0,4.440892098500626e-16,-1.7763568394002505e-15,12.0,0.0,-0.013916620053350925,14.992610100191087,-0.3773539960384369,16.0,13.5,5.0,0.050628677010536194,12.0,minimum_jerk,5
1785140451305230760,15.964873313903809,13.503039002418518,5.006776809692383,0.13844972848892212,-0.004883948247879744,0.20427264273166656,0.21247810125350952,19.492576599121094,0.03590327128767967,world,305191085,1785140451,0.832145094871521,True,True,True,True,4.387338835863293,-0.18089546737681772,-0.04138701235119102,0.6799285411834717,True,0.5888354182243347,True,2.649759292602539,True,4,normal,16.958459854125977,0.0,2.220446049250313e-16,0.0,0.5560387715296304,-0.05182673958996825,0.18671368041800107,16.0,13.5,5.0,0.0,4.440892098500626e-16,-1.7763568394002505e-15,12.0,0.0,-0.013916620053350925,14.992610100191087,-0.3773539960384369,16.0,13.5,5.0,0.03590327128767967,12.0,minimum_jerk,5
1785140451405238685,15.985697746276855,13.49911618232727,5.043316841125488,0.19121457636356354,-0.0171996857970953,-0.20555919408798218,0.21247810125350952,19.592578887939453,0.0456254780292511,world,405194601,1785140451,0.832145094871521,True,True,True,True,3.1818883029560503,-0.05451783125181109,-1.0622351429718908,0.6799285411834717,True,0.5888354182243347,True,2.649759292602539,True,4,normal,16.958459854125977,0.0,2.220446049250313e-16,0.0,0.5560387715296304,-0.05182673958996825,0.18671368041800107,16.0,13.5,5.0,0.0,4.440892098500626e-16,-1.7763568394002505e-15,12.0,0.0,-0.013916620053350925,14.992610100191087,-0.3773539960384369,16.0,13.5,5.0,0.0456254780292511,12.0,minimum_jerk,5
1785140451505233074,16.005708694458008,13.495751976966858,5.011037349700928,0.1851825714111328,-0.01866907626390457,-0.7737916707992554,0.21247810125350952,19.692581176757812,0.013132325373589993,world,505196705,1785140451,0.832145094871521,True,True,True,True,2.7530284696247804,9.786042487275326e-05,4.913122891053167,0.6799285411834717,True,0.5888354182243347,True,2.649759292602539,True,4,normal,16.958459854125977,0.0,2.220446049250313e-16,0.0,0.5560387715296304,-0.05182673958996825,0.18671368041800107,16.0,13.5,5.0,0.0,4.440892098500626e-16,-1.7763568394002505e-15,12.0,0.0,-0.013916620053350925,14.992610100191087,-0.3773539960384369,16.0,13.5,5.0,0.013132325373589993,12.0,minimum_jerk,5
1785140451605230228,16.018680572509766,13.49224054813385,4.974335670471191,0.0633358433842659,0.005027924198657274,-0.38289985060691833,0.21247810125350952,19.79258155822754,0.032677680253982544,world,605197316,1785140451,0.832145094871521,True,True,True,True,2.772220080735184,0.03335875778259299,6.372930433594005,0.6799285411834717,True,0.5888354182243347,True,2.649759292602539,True,4,normal,16.958459854125977,0.0,2.220446049250313e-16,0.0,0.5560387715296304,-0.05182673958996825,0.18671368041800107,16.0,13.5,5.0,0.0,4.440892098500626e-16,-1.7763568394002505e-15,12.0,0.0,-0.013916620053350925,14.992610100191087,-0.3773539960384369,16.0,13.5,5.0,0.032677680253982544,12.0,minimum_jerk,5
1785140451705238633,16.009790420532227,13.492015480995178,5.008033275604248,-0.15106144547462463,0.04556918144226074,0.18719738721847534,0.21247810125350952,19.892574310302734,0.014971252530813217,world,705189811,1785140451,0.832145094871521,True,True,True,True,3.8784683201192447,-0.022925113473989497,-0.22035079307777283,0.6799285411834717,True,0.5888354182243347,True,2.649759292602539,True,4,normal,16.958459854125977,0.0,2.220446049250313e-16,0.0,0.5560387715296304,-0.05182673958996825,0.18671368041800107,16.0,13.5,5.0,0.0,4.440892098500626e-16,-1.7763568394002505e-15,12.0,0.0,-0.013916620053350925,14.992610100191087,-0.3773539960384369,16.0,13.5,5.0,0.014971252530813217,12.0,minimum_jerk,5
1785140451805237351,15.986105918884277,13.495629668235779,5.043281078338623,-0.21515367925167084,0.05815820023417473,-0.22269147634506226,0.21247810125350952,19.99257469177246,0.04566614702343941,world,805190542,1785140451,0.832145094871521,True,True,True,True,5.0,-0.27932648508141766,-1.0816481390346266,0.6799285411834717,True,0.5888354182243347,True,2.649759292602539,True,4,normal,16.958459854125977,0.0,2.220446049250313e-16,0.0,0.5560387715296304,-0.05182673958996825,0.18671368041800107,16.0,13.5,5.0,0.0,4.440892098500626e-16,-1.7763568394002505e-15,12.0,0.0,-0.013916620053350925,14.992610100191087,-0.3773539960384369,16.0,13.5,5.0,0.04566614702343941,12.0,minimum_jerk,5
1785140451905252158,15.963218688964844,13.499999761581421,5.010703086853027,-0.21162672340869904,0.05948447808623314,-0.7747718095779419,0.21247810125350952,20.09258270263672,0.03830692917108536,world,905200170,1785140451,0.832145094871521,True,True,True,True,5.0,-0.4244817387064317,4.8358986490036,0.6799285411834717,True,0.5888354182243347,True,2.649759292602539,True,4,normal,16.958459854125977,0.0,2.220446049250313e-16,0.0,0.5560387715296304,-0.05182673958996825,0.18671368041800107,16.0,13.5,5.0,0.0,4.440892098500626e-16,-1.7763568394002505e-15,12.0,0.0,-0.013916620053350925,14.992610100191087,-0.3773539960384369,16.0,13.5,5.0,0.03830692917108536,12.0,minimum_jerk,5
1785140452005231138,15.946866035461426,13.502933025360107,4.975298881530762,-0.07931927591562271,0.05181362107396126,-0.37916311621665955,0.21247810125350952,20.192575454711914,0.05866827070713043,world,5190241,1785140452,0.832145094871521,True,True,True,True,5.0,-0.4531445651473146,6.125601008041818,0.6799285411834717,True,0.5888354182243347,True,2.649759292602539,True,4,normal,16.958459854125977,0.0,2.220446049250313e-16,0.0,0.5560387715296304,-0.05182673958996825,0.18671368041800107,16.0,13.5,5.0,0.0,4.440892098500626e-16,-1.7763568394002505e-15,12.0,0.0,-0.013916620053350925,14.992610100191087,-0.3773539960384369,16.0,13.5,5.0,0.05866827070713043,12.0,minimum_jerk,5
1785140452105246757,15.952363967895508,13.502275824546814,5.009730339050293,0.12012960761785507,0.019558411091566086,0.1723749339580536,0.21247810125350952,20.292579650878906,0.04867289215326309,world,105194639,1785140452,0.832145094871521,True,True,True,True,4.604698457976892,-0.23675400192196772,-0.4679842237168974,0.6799285411834717,True,0.5888354182243347,True,2.649759292602539,True,4,normal,16.958459854125977,0.0,2.220446049250313e-16,0.0,0.5560387715296304,-0.05182673958996825,0.18671368041800107,16.0,13.5,5.0,0.0,4.440892098500626e-16,-1.7763568394002505e-15,12.0,0.0,-0.013916620053350925,14.992610100191087,-0.3773539960384369,16.0,13.5,5.0,0.04867289215326309,12.0,minimum_jerk,5
1785140452205256205,15.9713134765625,13.500205397605896,5.042460918426514,0.17740057408809662,0.004930173046886921,-0.2526701092720032,0.21247810125350952,20.392576217651367,0.05124342441558838,world,205192605,1785140452,0.832145094871521,True,True,True,True,3.332541326788647,-0.12566727725081148,-1.018115039545294,0.6799285411834717,True,0.5888354182243347,True,2.649759292602539,True,4,normal,16.958459854125977,0.0,2.220446049250313e-16,0.0,0.5560387715296304,-0.05182673958996825,0.18671368041800107,16.0,13.5,5.0,0.0,4.440892098500626e-16,-1.7763568394002505e-15,12.0,0.0,-0.013916620053350925,14.992610100191087,-0.3773539960384369,16.0,13.5,5.0,0.05124342441558838,12.0,minimum_jerk,5
1785140452305222030,15.990145683288574,13.498335719108582,5.0081071853637695,0.17749445140361786,-0.0020678238943219185,-0.7785540223121643,0.21247810125350952,20.492576599121094,0.012868715450167656,world,305192324,1785140452,0.832145094871521,True,True,True,True,2.9242721842881103,-0.0904587765731478,4.9151138875347105,0.6799285411834717,True,0.5888354182243347,True,2.649759292602539,True,4,normal,16.958459854125977,0.0,2.220446049250313e-16,0.0,0.5560387715296304,-0.05182673958996825,0.18671368041800107,16.0,13.5,5.0,0.0,4.440892098500626e-16,-1.7763568394002505e-15,12.0,0.0,-0.013916620053350925,14.992610100191087,-0.3773539960384369,16.0,13.5,5.0,0.012868715450167656,12.0,minimum_jerk,5
1785140452405229484,16.00271224975586,13.496468901634216,4.9752302169799805,0.07774651050567627,0.004937727004289627,-0.33903640508651733,0.21247810125350952,20.592578887939453,0.025166785344481468,world,405194167,1785140452,0.832145094871521,True,True,True,True,2.9404106272797295,-0.07028303603695732,5.858070067197433,0.6799285411834717,True,0.5888354182243347,True,2.649759292602539,True,4,normal,16.958459854125977,0.0,2.220446049250313e-16,0.0,0.5560387715296304,-0.05182673958996825,0.18671368041800107,16.0,13.5,5.0,0.0,4.440892098500626e-16,-1.7763568394002505e-15,12.0,0.0,-0.013916620053350925,14.992610100191087,-0.3773539960384369,16.0,13.5,5.0,0.025166785344481468,12.0,minimum_jerk,5
1785140452505240464,15.995859146118164,13.49671471118927,5.013925552368164,-0.10605072975158691,0.027959387749433517,0.20851854979991913,0.21247810125350952,20.69258689880371,0.014894992113113403,world,505202603,1785140452,0.832145094871521,True,True,True,True,3.9486114234980683,-0.12939087591303072,-1.0198237043640703,0.6799285411834717,True,0.5888354182243347,True,2.649759292602539,True,4,normal,16.958459854125977,0.0,2.220446049250313e-16,0.0,0.5560387715296304,-0.05182673958996825,0.18671368041800107,16.0,13.5,5.0,0.0,4.440892098500626e-16,-1.7763568394002505e-15,12.0,0.0,-0.013916620053350925,14.992610100191087,-0.3773539960384369,16.0,13.5,5.0,0.014894992113113403,12.0,minimum_jerk,5
1785140452605241345,15.977225303649902,13.499190211296082,5.047837257385254,-0.15599410235881805,0.03438035398721695,-0.27144530415534973,0.21247810125350952,20.792593002319336,0.052988167852163315,world,605210157,1785140452,0.832145094871521,True,True,True,True,4.921589270051483,-0.284906673665842,-1.38167291844378,0.6799285411834717,True,0.5888354182243347,True,2.649759292602539,True,4,normal,16.958459854125977,0.0,2.220446049250313e-16,0.0,0.5560387715296304,-0.05182673958996825,0.18671368041800107,16.0,13.5,5.0,0.0,4.440892098500626e-16,-1.7763568394002505e-15,12.0,0.0,-0.013916620053350925,14.992610100191087,-0.3773539960384369,16.0,13.5,5.0,0.052988167852163315,12.0,minimum_jerk,5
1785140452705226767,15.959466934204102,13.502079606056213,5.010427474975586,-0.1558377593755722,0.03506442904472351,-0.8163561820983887,0.21247810125350952,20.892578125,0.04190449044108391,world,705193955,1785140452,0.832145094871521,True,True,True,True,5.0,-0.3763990879197074,4.94425867961203,0.6799285411834717,True,0.5888354182243347,True,2.649759292602539,True,4,normal,16.958459854125977,0.0,2.220446049250313e-16,0.0,0.5560387715296304,-0.05182673958996825,0.18671368041800107,16.0,13.5,5.0,0.0,4.440892098500626e-16,-1.7763568394002505e-15,12.0,0.0,-0.013916620053350925,14.992610100191087,-0.3773539960384369,16.0,13.5,5.0,0.04190449044108391,12.0,minimum_jerk,5
1785140452805224934,15.946958541870117,13.503313064575195,4.975292205810547,-0.03576524928212166,0.027807869017124176,-0.35971036553382874,0.21247810125350952,20.992572784423828,0.05860757455229759,world,805188134,1785140452,0.832145094871521,True,True,True,True,5.0,-0.37483329814609573,5.84197475550864,0.6799285411834717,True,0.5888354182243347,True,2.649759292602539,True,4,normal,16.958459854125977,0.0,2.220446049250313e-16,0.0,0.5560387715296304,-0.05182673958996825,0.18671368041800107,16.0,13.5,5.0,0.0,4.440892098500626e-16,-1.7763568394002505e-15,12.0,0.0,-0.013916620053350925,14.992610100191087,-0.3773539960384369,16.0,13.5,5.0,0.05860757455229759,12.0,minimum_jerk,5
1785140452905224583,15.953701972961426,13.501665949821472,5.013413429260254,0.14918464422225952,0.005309169180691242,0.2047359198331833,0.21247810125350952,21.092573165893555,0.04823072627186775,world,905188675,1785140452,0.832145094871521,True,True,True,True,4.517277768819873,-0.16594039498250754,-1.117758670657972,0.6799285411834717,True,0.5888354182243347,True,2.649759292602539,True,4,normal,16.958459854125977,0.0,2.220446049250313e-16,0.0,0.5560387715296304,-0.05182673958996825,0.18671368041800107,16.0,13.5,5.0,0.0,4.440892098500626e-16,-1.7763568394002505e-15,12.0,0.0,-0.013916620053350925,14.992610100191087,-0.3773539960384369,16.0,13.5,5.0,0.04823072627186775,12.0,minimum_jerk,5
1785140453005325433,15.973381042480469,13.49917447566986,5.048041820526123,0.19655118882656097,-0.004079512320458889,-0.2724311947822571,0.21247810125350952,21.192615509033203,0.05492965504527092,world,5232818,1785140453,0.832145094871521,True,True,True,True,3.3890240279517734,-0.08434004689879113,-1.6027561563755066,0.6799285411834717,True,0.5888354182243347,True,2.649759292602539,True,4,normal,16.958459854125977,0.0,2.220446049250313e-16,0.0,0.5560387715296304,-0.05182673958996825,0.18671368041800107,16.0,13.5,5.0,0.0,4.440892098500626e-16,-1.7763568394002505e-15,12.0,0.0,-0.013916620053350925,14.992610100191087,-0.3773539960384369,16.0,13.5,5.0,0.05492965504527092,12.0,minimum_jerk,5
1785140453105230563,15.992744445800781,13.497157573699951,5.010335445404053,0.19411209225654602,-0.006189360283315182,-0.8316855430603027,0.21247810125350952,21.292583465576172,0.0129438741132617,world,105198993,1785140453,0.832145094871521,True,True,True,True,2.971198737993938,-0.05818510513861448,4.808528116824821,0.6799285411834717,True,0.5888354182243347,True,2.649759292602539,True,4,normal,16.958459854125977,0.0,2.220446049250313e-16,0.0,0.5560387715296304,-0.05182673958996825,0.18671368041800107,16.0,13.5,5.0,0.0,4.440892098500626e-16,-1.7763568394002505e-15,12.0,0.0,-0.013916620053350925,14.992610100191087,-0.3773539960384369,16.0,13.5,5.0,0.0129438741132617,12.0,minimum_jerk,5
1785140453205251923,16.00557518005371,13.495547413825989,4.975113391876221,0.09236312657594681,0.009013768285512924,-0.3599661886692047,0.21247810125350952,21.392593383789062,0.025889214128255844,world,205208842,1785140453,0.832145094871521,True,True,True,True,2.979594163947153,-0.05519987443250653,5.711406020618571,0.6799285411834717,True,0.5888354182243347,True,2.649759292602539,True,4,normal,16.958459854125977,0.0,2.220446049250313e-16,0.0,0.5560387715296304,-0.05182673958996825,0.18671368041800107,16.0,13.5,5.0,0.0,4.440892098500626e-16,-1.7763568394002505e-15,12.0,0.0,-0.013916620053350925,14.992610100191087,-0.3773539960384369,16.0,13.5,5.0,0.025889214128255844,12.0,minimum_jerk,5
1785140453305240531,15.998676300048828,13.49651837348938,5.013804912567139,-0.09530609101057053,0.03660514950752258,0.19953422248363495,0.21247810125350952,21.492586135864258,0.014298584312200546,world,305201598,1785140453,0.832145094871521,True,True,True,True,4.009825587009711,-0.14962081288329365,-1.3375055557799964,0.6799285411834717,True,0.5888354182243347,True,2.649759292602539,True,4,normal,16.958459854125977,0.0,2.220446049250313e-16,0.0,0.5560387715296304,-0.05182673958996825,0.18671368041800107,16.0,13.5,5.0,0.0,4.440892098500626e-16,-1.7763568394002505e-15,12.0,0.0,-0.013916620053350925,14.992610100191087,-0.3773539960384369,16.0,13.5,5.0,0.014298584312200546,12.0,minimum_jerk,5
1785140453405251472,15.980026245117188,13.499893426895142,5.048083305358887,-0.1469222754240036,0.041925814002752304,-0.28077781200408936,0.21247810125350952,21.59258460998535,0.05206694081425667,world,405200636,1785140453,0.832145094871521,True,True,True,True,4.978553530634427,-0.3299471681040591,-1.7335145055123329,0.6799285411834717,True,0.5888354182243347,True,2.649759292602539,True,4,normal,16.958459854125977,0.0,2.220446049250313e-16,0.0,0.5560387715296304,-0.05182673958996825,0.18671368041800107,16.0,13.5,5.0,0.0,4.440892098500626e-16,-1.7763568394002505e-15,12.0,0.0,-0.013916620053350925,14.992610100191087,-0.3773539960384369,16.0,13.5,5.0,0.05206694081425667,12.0,minimum_jerk,5
1785140453505279464,15.962421417236328,13.50329315662384,5.010610580444336,-0.14773641526699066,0.038772933185100555,-0.8315732479095459,0.21247810125350952,21.692584991455078,0.03918646648526192,world,505200595,1785140453,0.832145094871521,True,True,True,True,5.0,-0.41952914998443036,4.625645124933689,0.6799285411834717,True,0.5888354182243347,True,2.649759292602539,True,4,normal,16.958459854125977,0.0,2.220446049250313e-16,0.0,0.5560387715296304,-0.05182673958996825,0.18671368041800107,16.0,13.5,5.0,0.0,4.440892098500626e-16,-1.7763568394002505e-15,12.0,0.0,-0.013916620053350925,14.992610100191087,-0.3773539960384369,16.0,13.5,5.0,0.03918646648526192,12.0,minimum_jerk,5
1785140453605260077,15.948348999023438,13.504697680473328,4.974471569061279,-0.027884606271982193,0.022961584851145744,-0.3796544373035431,0.21247810125350952,21.79258155822754,0.057806529104709625,world,605196407,1785140453,0.832145094871521,True,True,True,True,5.0,-0.40436507939357,5.622294804097545,0.6799285411834717,True,0.5888354182243347,True,2.649759292602539,True,4,normal,16.958459854125977,0.0,2.220446049250313e-16,0.0,0.5560387715296304,-0.05182673958996825,0.18671368041800107,16.0,13.5,5.0,0.0,4.440892098500626e-16,-1.7763568394002505e-15,12.0,0.0,-0.013916620053350925,14.992610100191087,-0.3773539960384369,16.0,13.5,5.0,0.057806529104709625,12.0,minimum_jerk,5
1785140453705226213,15.952226638793945,13.502329468727112,5.011710166931152,0.15322767198085785,-0.008097551763057709,0.19180743396282196,0.21247810125350952,21.892576217651367,0.04924274981021881,world,705190896,1785140453,0.832145094871521,True,True,True,True,4.82012370234399,-0.15007898414365528,-1.3124978445619808,0.6799285411834717,True,0.5888354182243347,True,2.649759292602539,True,4,normal,16.958459854125977,0.0,2.220446049250313e-16,0.0,0.5560387715296304,-0.05182673958996825,0.18671368041800107,16.0,13.5,5.0,0.0,4.440892098500626e-16,-1.7763568394002505e-15,12.0,0.0,-0.013916620053350925,14.992610100191087,-0.3773539960384369,16.0,13.5,5.0,0.04924274981021881,12.0,minimum_jerk,5
1785140453805240539,15.969372749328613,13.498533129692078,5.046292304992676,0.1988915354013443,-0.018267732113599777,-0.27252769470214844,0.21247810125350952,21.992576599121094,0.055526189506053925,world,805191116,1785140453,0.832145094871521,True,True,True,True,3.6131932297598675,-0.015180415738497793,-1.8467075182158152,0.6799285411834717,True,0.5888354182243347,True,2.649759292602539,True,4,normal,16.958459854125977,0.0,2.220446049250313e-16,0.0,0.5560387715296304,-0.05182673958996825,0.18671368041800107,16.0,13.5,5.0,0.0,4.440892098500626e-16,-1.7763568394002505e-15,12.0,0.0,-0.013916620053350925,14.992610100191087,-0.3773539960384369,16.0,13.5,5.0,0.055526189506053925,12.0,minimum_jerk,5
1785140453905229348,15.987104415893555,13.495273351669312,5.009451866149902,0.19843986630439758,-0.020201602950692177,-0.8268387913703918,0.21247810125350952,22.092575073242188,0.016672585159540176,world,905192238,1785140453,0.832145094871521,True,True,True,True,3.1886996932319236,0.0374941332137744,4.463435721027524,0.6799285411834717,True,0.5888354182243347,True,2.649759292602539,True,4,normal,16.958459854125977,0.0,2.220446049250313e-16,0.0,0.5560387715296304,-0.05182673958996825,0.18671368041800107,16.0,13.5,5.0,0.0,4.440892098500626e-16,-1.7763568394002505e-15,12.0,0.0,-0.013916620053350925,14.992610100191087,-0.3773539960384369,16.0,13.5,5.0,0.016672585159540176,12.0,minimum_jerk,5
1785140454005237934,16.000940322875977,13.491453766822815,4.974186897277832,0.11922331899404526,0.005462717264890671,-0.3738962411880493,0.21247810125350952,22.192594528198242,0.027207326143980026,world,5210301,1785140454,0.832145094871521,True,True,True,True,3.1239410603144755,0.08460367961751467,5.465736274391926,0.6799285411834717,True,0.5888354182243347,True,2.649759292602539,True,4,normal,16.958459854125977,0.0,2.220446049250313e-16,0.0,0.5560387715296304,-0.05182673958996825,0.18671368041800107,16.0,13.5,5.0,0.0,4.440892098500626e-16,-1.7763568394002505e-15,12.0,0.0,-0.013916620053350925,14.992610100191087,-0.3773539960384369,16.0,13.5,5.0,0.027207326143980026,12.0,minimum_jerk,5
1785140454105221763,15.99887752532959,13.490669250488281,5.013329029083252,-0.04331238195300102,0.04517688602209091,0.19621331989765167,0.21247810125350952,22.292579650878906,0.016309073194861412,world,105194932,1785140454,0.832145094871521,True,True,True,True,3.8531095355047538,0.06528181380155583,-1.6439105260068156,0.6799285411834717,True,0.5888354182243347,True,2.649759292602539,True,4,normal,16.958459854125977,0.0,2.220446049250313e-16,0.0,0.5560387715296304,-0.05182673958996825,0.18671368041800107,16.0,13.5,5.0,0.0,4.440892098500626e-16,-1.7763568394002505e-15,12.0,0.0,-0.013916620053350925,14.992610100191087,-0.3773539960384369,16.0,13.5,5.0,0.016309073194861412,12.0,minimum_jerk,5
1785140454205219207,15.986516952514648,13.493658661842346,5.048704624176025,-0.09410755336284637,0.05524613708257675,-0.2831224501132965,0.21247810125350952,22.3925724029541,0.05093275383114815,world,205187397,1785140454,0.832145094871521,True,True,True,True,4.648466029566628,-0.18131925941414545,-2.116170868656714,0.6799285411834717,True,0.5888354182243347,True,2.649759292602539,True,4,normal,16.958459854125977,0.0,2.220446049250313e-16,0.0,0.5560387715296304,-0.05182673958996825,0.18671368041800107,16.0,13.5,5.0,0.0,4.440892098500626e-16,-1.7763568394002505e-15,12.0,0.0,-0.013916620053350925,14.992610100191087,-0.3773539960384369,16.0,13.5,5.0,0.05093275383114815,12.0,minimum_jerk,5
1785140454305277567,15.974334716796875,13.497368931770325,5.011263847351074,-0.10119948536157608,0.05549706891179085,-0.8480904698371887,0.21247810125350952,22.49262809753418,0.028151439502835274,world,305245206,1785140454,0.832145094871521,True,True,True,True,4.983746115399196,-0.30872160481863936,4.314093017678138,0.6799285411834717,True,0.5888354182243347,True,2.649759292602539,True,4,normal,16.958459854125977,0.0,2.220446049250313e-16,0.0,0.5560387715296304,-0.05182673958996825,0.18671368041800107,16.0,13.5,5.0,0.0,4.440892098500626e-16,-1.7763568394002505e-15,12.0,0.0,-0.013916620053350925,14.992610100191087,-0.3773539960384369,16.0,13.5,5.0,0.028151439502835274,12.0,minimum_jerk,5
1785140454405289900,15.966547966003418,13.501400232315063,4.973865032196045,-0.022962423041462898,0.055547792464494705,-0.3910805284976959,0.21247810125350952,22.59263801574707,0.042473942041397095,world,405255816,1785140454,0.832145094871521,True,True,True,True,5.0,-0.3758657819319959,5.445141403591097,0.6799285411834717,True,0.5888354182243347,True,2.649759292602539,True,4,normal,16.958459854125977,0.0,2.220446049250313e-16,0.0,0.5560387715296304,-0.05182673958996825,0.18671368041800107,16.0,13.5,5.0,0.0,4.440892098500626e-16,-1.7763568394002505e-15,12.0,0.0,-0.013916620053350925,14.992610100191087,-0.3773539960384369,16.0,13.5,5.0,0.042473942041397095,12.0,minimum_jerk,5
1785140454505288086,15.974493980407715,13.50390076637268,5.011319160461426,0.13230234384536743,0.03287266939878464,0.1993180364370346,0.21247810125350952,22.692636489868164,0.028176167979836464,world,505251858,1785140454,0.832145094871521,True,True,True,True,4.233994548185573,-0.3654335394749849,-1.6102552659428317,0.6799285411834717,True,0.5888354182243347,True,2.649759292602539,True,4,normal,16.958459854125977,0.0,2.220446049250313e-16,0.0,0.5560387715296304,-0.05182673958996825,0.18671368041800107,16.0,13.5,5.0,0.0,4.440892098500626e-16,-1.7763568394002505e-15,12.0,0.0,-0.013916620053350925,14.992610100191087,-0.3773539960384369,16.0,13.5,5.0,0.028176167979836464,12.0,minimum_jerk,5
1785140454605316960,15.993358612060547,13.504992127418518,5.047481060028076,0.1721959114074707,0.017215194180607796,-0.25828543305397034,0.21247810125350952,22.792661666870117,0.04820249229669571,world,605277847,1785140454,0.832145094871521,True,True,True,True,3.3691582021345026,-0.30603470611317307,-2.283949681906457,0.6799285411834717,True,0.5888354182243347,True,2.649759292602539,True,4,normal,16.958459854125977,0.0,2.220446049250313e-16,0.0,0.5560387715296304,-0.05182673958996825,0.18671368041800107,16.0,13.5,5.0,0.0,4.440892098500626e-16,-1.7763568394002505e-15,12.0,0.0,-0.013916620053350925,14.992610100191087,-0.3773539960384369,16.0,13.5,5.0,0.04820249229669571,12.0,minimum_jerk,5
1785140454705297854,16.011314392089844,13.505439639091492,5.011285781860352,0.16775843501091003,0.007020939141511917,-0.8322415947914124,0.21247810125350952,22.892629623413086,0.016881173476576805,world,705244583,1785140454,0.832145094871521,True,True,True,True,2.9729533496256826,-0.2846611475727372,4.066120572474142,0.6799285411834717,True,0.5888354182243347,True,2.649759292602539,True,4,normal,16.958459854125977,0.0,2.220446049250313e-16,0.0,0.5560387715296304,-0.05182673958996825,0.18671368041800107,16.0,13.5,5.0,0.0,4.440892098500626e-16,-1.7763568394002505e-15,12.0,0.0,-0.013916620053350925,14.992610100191087,-0.3773539960384369,16.0,13.5,5.0,0.016881173476576805,12.0,minimum_jerk,5
1785140454805283837,16.023094177246094,13.504809021949768,4.973555088043213,0.05618591979146004,-0.016995565965771675,-0.39414089918136597,0.21247810125350952,22.99263572692871,0.03543728217482567,world,805252628,1785140454,0.832145094871521,True,True,True,True,2.979604288725478,-0.24660125883601167,5.338722709599386,0.6799285411834717,True,0.5888354182243347,True,2.649759292602539,True,4,normal,16.958459854125977,0.0,2.220446049250313e-16,0.0,0.5560387715296304,-0.05182673958996825,0.18671368041800107,16.0,13.5,5.0,0.0,4.440892098500626e-16,-1.7763568394002505e-15,12.0,0.0,-0.013916620053350925,14.992610100191087,-0.3773539960384369,16.0,13.5,5.0,0.03543728217482567,12.0,minimum_jerk,5
1785140454905296661,16.01522445678711,13.502925276756287,5.010420799255371,-0.13577347993850708,-0.02625354751944542,0.19282323122024536,0.21247810125350952,23.092639923095703,0.0186797846108675,world,905254882,1785140454,0.832145094871521,True,True,True,True,3.941202306758653,-0.15356335793783127,-1.6843039899549428,0.6799285411834717,True,0.5888354182243347,True,2.649759292602539,True,4,normal,16.958459854125977,0.0,2.220446049250313e-16,0.0,0.5560387715296304,-0.05182673958996825,0.18671368041800107,16.0,13.5,5.0,0.0,4.440892098500626e-16,-1.7763568394002505e-15,12.0,0.0,-0.013916620053350925,14.992610100191087,-0.3773539960384369,16.0,13.5,5.0,0.0186797846108675,12.0,minimum_jerk,5
1785140455005315827,15.994343757629395,13.500547170639038,5.046474456787109,-0.1897970288991928,-0.027203407138586044,-0.25602537393569946,0.21247810125350952,23.192659378051758,0.046820588409900665,world,5277294,1785140455,0.832145094871521,True,True,True,True,4.977476186799807,-0.09607741796364641,-2.388905349116827,0.6799285411834717,True,0.5888354182243347,True,2.649759292602539,True,4,normal,16.958459854125977,0.0,2.220446049250313e-16,0.0,0.5560387715296304,-0.05182673958996825,0.18671368041800107,16.0,13.5,5.0,0.0,4.440892098500626e-16,-1.7763568394002505e-15,12.0,0.0,-0.013916620053350925,14.992610100191087,-0.3773539960384369,16.0,13.5,5.0,0.046820588409900665,12.0,minimum_jerk,5
1785140455105290458,15.974204063415527,13.498330116271973,5.010889053344727,-0.18849925696849823,-0.02500607818365097,-0.8254769444465637,0.21247810125350952,23.292638778686523,0.028049783781170845,world,105254019,1785140455,0.832145094871521,True,True,True,True,5.0,-0.05621019876116112,3.8972847966703075,0.6799285411834717,True,0.5888354182243347,True,2.649759292602539,True,4,normal,16.958459854125977,0.0,2.220446049250313e-16,0.0,0.5560387715296304,-0.05182673958996825,0.18671368041800107,16.0,13.5,5.0,0.0,4.440892098500626e-16,-1.7763568394002505e-15,12.0,0.0,-0.013916620053350925,14.992610100191087,-0.3773539960384369,16.0,13.5,5.0,0.028049783781170845,12.0,minimum_jerk,5
1785140455205335212,15.958853721618652,13.497689485549927,4.973925590515137,-0.06625957041978836,-0.0010357361752539873,-0.40484607219696045,0.21247810125350952,23.39263916015625,0.0487670935690403,world,205254670,1785140455,0.832145094871521,True,True,True,True,5.0,-0.08412189267335764,5.131873353278226,0.6799285411834717,True,0.5888354182243347,True,2.649759292602539,True,4,normal,16.958459854125977,0.0,2.220446049250313e-16,0.0,0.5560387715296304,-0.05182673958996825,0.18671368041800107,16.0,13.5,5.0,0.0,4.440892098500626e-16,-1.7763568394002505e-15,12.0,0.0,-0.013916620053350925,14.992610100191087,-0.3773539960384369,16.0,13.5,5.0,0.0487670935690403,12.0,minimum_jerk,5
1785140455305289055,15.962831497192383,13.500293254852295,5.009697437286377,0.12120484560728073,0.027310678735375404,0.17146942019462585,0.21247810125350952,23.49263572692871,0.03841384872794151,world,305251945,1785140455,0.832145094871521,True,True,True,True,4.680420572950745,-0.29014172892873613,-1.7151161904041325,0.6799285411834717,True,0.5888354182243347,True,2.649759292602539,True,4,normal,16.958459854125977,0.0,2.220446049250313e-16,0.0,0.5560387715296304,-0.05182673958996825,0.18671368041800107,16.0,13.5,5.0,0.0,4.440892098500626e-16,-1.7763568394002505e-15,12.0,0.0,-0.013916620053350925,14.992610100191087,-0.3773539960384369,16.0,13.5,5.0,0.03841384872794151,12.0,minimum_jerk,5
1785140455405306848,15.979827880859375,13.504509091377258,5.044814109802246,0.17227791249752045,0.029939457774162292,-0.2640732526779175,0.21247810125350952,23.5926456451416,0.04935130104422569,world,405260681,1785140455,0.832145094871521,True,True,True,True,3.4901975047896525,-0.44954608119181316,-2.4114158087804323,0.6799285411834717,True,0.5888354182243347,True,2.649759292602539,True,4,normal,16.958459854125977,0.0,2.220446049250313e-16,0.0,0.5560387715296304,-0.05182673958996825,0.18671368041800107,16.0,13.5,5.0,0.0,4.440892098500626e-16,-1.7763568394002505e-15,12.0,0.0,-0.013916620053350925,14.992610100191087,-0.3773539960384369,16.0,13.5,5.0,0.04935130104422569,12.0,minimum_jerk,5
1785140455505299964,15.996927261352539,13.507956504821777,5.00954532623291,0.1721082478761673,0.024099912494421005,-0.8201728463172913,0.21247810125350952,23.692644119262695,0.012800818309187889,world,505259248,1785140455,0.832145094871521,True,True,True,True,3.089611306529632,-0.5056305440785006,3.7787992493227853,0.6799285411834717,True,0.5888354182243347,True,2.649759292602539,True,4,normal,16.958459854125977,0.0,2.220446049250313e-16,0.0,0.5560387715296304,-0.05182673958996825,0.18671368041800107,16.0,13.5,5.0,0.0,4.440892098500626e-16,-1.7763568394002505e-15,12.0,0.0,-0.013916620053350925,14.992610100191087,-0.3773539960384369,16.0,13.5,5.0,0.012800818309187889,12.0,minimum_jerk,5
1785140455605308059,16.008623123168945,13.510171890258789,4.974821090698242,0.08425523340702057,-0.00956321693956852,-0.3716239035129547,0.21247810125350952,23.792648315429688,0.0284921582788229,world,605263335,1785140455,0.832145094871521,True,True,True,True,3.0775719738024723,-0.49489828892278703,4.853201162346151,0.6799285411834717,True,0.5888354182243347,True,2.649759292602539,True,4,normal,16.958459854125977,0.0,2.220446049250313e-16,0.0,0.5560387715296304,-0.05182673958996825,0.18671368041800107,16.0,13.5,5.0,0.0,4.440892098500626e-16,-1.7763568394002505e-15,12.0,0.0,-0.013916620053350925,14.992610100191087,-0.3773539960384369,16.0,13.5,5.0,0.0284921582788229,12.0,minimum_jerk,5
1785140455705326744,16.002662658691406,13.508233428001404,5.014260292053223,-0.08679941296577454,-0.052112434059381485,0.19608841836452484,0.21247810125350952,23.892654418945312,0.01668037846684456,world,705270328,1785140455,0.832145094871521,True,True,True,True,3.9770409430553126,-0.31614472708669666,-2.256904231692608,0.6799285411834717,True,0.5888354182243347,True,2.649759292602539,True,4,normal,16.958459854125977,0.0,2.220446049250313e-16,0.0,0.5560387715296304,-0.05182673958996825,0.18671368041800107,16.0,13.5,5.0,0.0,4.440892098500626e-16,-1.7763568394002505e-15,12.0,0.0,-0.013916620053350925,14.992610100191087,-0.3773539960384369,16.0,13.5,5.0,0.01668037846684456,12.0,minimum_jerk,5
1785140455805294703,15.985822677612305,13.503050804138184,5.048991680145264,-0.13540151715278625,-0.0635516420006752,-0.2915455400943756,0.21247810125350952,23.992643356323242,0.05109294131398201,world,805259577,1785140455,0.832145094871521,True,True,True,True,4.858335171640299,-0.06881433667364795,-2.6508968532168264,0.6799285411834717,True,0.5888354182243347,True,2.649759292602539,True,4,normal,16.958459854125977,0.0,2.220446049250313e-16,0.0,0.5560387715296304,-0.05182673958996825,0.18671368041800107,16.0,13.5,5.0,0.0,4.440892098500626e-16,-1.7763568394002505e-15,12.0,0.0,-0.013916620053350925,14.992610100191087,-0.3773539960384369,16.0,13.5,5.0,0.05109294131398201,12.0,minimum_jerk,5
1785140455905296236,15.969772338867188,13.497646927833557,5.01045036315918,-0.13726136088371277,-0.06472644954919815,-0.852258563041687,0.21247810125350952,24.09264373779297,0.03206958994269371,world,905258945,1785140455,0.832145094871521,True,True,True,True,5.0,0.06805587504123231,3.852959017948989,0.6799285411834717,True,0.5888354182243347,True,2.649759292602539,True,4,normal,16.958459854125977,0.0,2.220446049250313e-16,0.0,0.5560387715296304,-0.05182673958996825,0.18671368041800107,16.0,13.5,5.0,0.0,4.440892098500626e-16,-1.7763568394002505e-15,12.0,0.0,-0.013916620053350925,14.992610100191087,-0.3773539960384369,16.0,13.5,5.0,0.03206958994269371,12.0,minimum_jerk,5
1785140456005329759,15.958792686462402,13.492849707603455,4.974567890167236,-0.03166981786489487,-0.03594198822975159,-0.40002647042274475,0.21247810125350952,24.192670822143555,0.048948559910058975,world,5289523,1785140456,0.832145094871521,True,True,True,True,5.0,0.12026877668965251,4.755415399547607,0.6799285411834717,True,0.5888354182243347,True,2.649759292602539,True,4,normal,16.958459854125977,0.0,2.220446049250313e-16,0.0,0.5560387715296304,-0.05182673958996825,0.18671368041800107,16.0,13.5,5.0,0.0,4.440892098500626e-16,-1.7763568394002505e-15,12.0,0.0,-0.013916620053350925,14.992610100191087,-0.3773539960384369,16.0,13.5,5.0,0.048948559910058975,12.0,minimum_jerk,5
1785140456105300403,15.965496063232422,13.49275016784668,5.011906623840332,0.13607603311538696,0.016324184834957123,0.14881524443626404,0.21247810125350952,24.292654037475586,0.03721356391906738,world,105269675,1785140456,0.832145094871521,True,True,True,True,4.423578237965232,-0.04374449599777766,-2.206543552962694,0.6799285411834717,True,0.5888354182243347,True,2.649759292602539,True,4,normal,16.958459854125977,0.0,2.220446049250313e-16,0.0,0.5560387715296304,-0.05182673958996825,0.18671368041800107,16.0,13.5,5.0,0.0,4.440892098500626e-16,-1.7763568394002505e-15,12.0,0.0,-0.013916620053350925,14.992610100191087,-0.3773539960384369,16.0,13.5,5.0,0.03721356391906738,12.0,minimum_jerk,5
1785140456205302777,15.983896255493164,13.496165037155151,5.044160842895508,0.1789724975824356,0.03151199594140053,-0.3122498393058777,0.21247810125350952,24.392656326293945,0.047161612659692764,world,205272329,1785140456,0.832145094871521,True,True,True,True,3.4381620172112437,-0.2939652401934252,-2.493561088798245,0.6799285411834717,True,0.5888354182243347,True,2.649759292602539,True,4,normal,16.958459854125977,0.0,2.220446049250313e-16,0.0,0.5560387715296304,-0.05182673958996825,0.18671368041800107,16.0,13.5,5.0,0.0,4.440892098500626e-16,-1.7763568394002505e-15,12.0,0.0,-0.013916620053350925,14.992610100191087,-0.3773539960384369,16.0,13.5,5.0,0.047161612659692764,12.0,minimum_jerk,5
1785140456305307605,16.001853942871094,13.499708890914917,5.006323337554932,0.17630042135715485,0.03482931852340698,-0.8346837759017944,0.21247810125350952,24.492652893066406,0.006595941726118326,world,305267520,1785140456,0.832145094871521,True,True,True,True,3.043851640971334,-0.3905808373074263,3.78997323662025,0.6799285411834717,True,0.5888354182243347,True,2.649759292602539,True,4,normal,16.958459854125977,0.0,2.220446049250313e-16,0.0,0.5560387715296304,-0.05182673958996825,0.18671368041800107,16.0,13.5,5.0,0.0,4.440892098500626e-16,-1.7763568394002505e-15,12.0,0.0,-0.013916620053350925,14.992610100191087,-0.3773539960384369,16.0,13.5,5.0,0.006595941726118326,12.0,minimum_jerk,5
1785140456405304289,16.01401710510254,13.501211524009705,4.974302768707275,0.0704081580042839,0.028348932042717934,-0.3481976389884949,0.21247810125350952,24.5926570892334,0.029296668246388435,world,405271757,1785140456,0.832145094871521,True,True,True,True,3.034630906590539,-0.3745182805491095,4.399500989536541,0.6799285411834717,True,0.5888354182243347,True,2.649759292602539,True,4,normal,16.958459854125977,0.0,2.220446049250313e-16,0.0,0.5560387715296304,-0.05182673958996825,0.18671368041800107,16.0,13.5,5.0,0.0,4.440892098500626e-16,-1.7763568394002505e-15,12.0,0.0,-0.013916620053350925,14.992610100191087,-0.3773539960384369,16.0,13.5,5.0,0.029296668246388435,12.0,minimum_jerk,5
1785140456505295341,16.007476806640625,13.498830914497375,5.016615390777588,-0.10864175111055374,-0.0013674638466909528,0.19635814428329468,0.21247810125350952,24.69265365600586,0.018257617950439453,world,505268801,1785140456,0.832145094871521,True,True,True,True,3.9695047799274756,-0.09994103448806617,-2.836922114820106,0.6799285411834717,True,0.5888354182243347,True,2.649759292602539,True,4,normal,16.958459854125977,0.0,2.220446049250313e-16,0.0,0.5560387715296304,-0.05182673958996825,0.18671368041800107,16.0,13.5,5.0,0.0,4.440892098500626e-16,-1.7763568394002505e-15,12.0,0.0,-0.013916620053350925,14.992610100191087,-0.3773539960384369,16.0,13.5,5.0,0.018257617950439453,12.0,minimum_jerk,5
1785140456605332872,15.989568710327148,13.495030045509338,5.050205707550049,-0.15392594039440155,-0.012121262028813362,-0.3239608407020569,0.21247810125350952,24.79266357421875,0.05151820555329323,world,605278249,1785140456,0.832145094871521,True,True,True,True,4.895976436852881,0.037479591982702246,-2.883405879649244,0.6799285411834717,True,0.5888354182243347,True,2.649759292602539,True,4,normal,16.958459854125977,0.0,2.220446049250313e-16,0.0,0.5560387715296304,-0.05182673958996825,0.18671368041800107,16.0,13.5,5.0,0.0,4.440892098500626e-16,-1.7763568394002505e-15,12.0,0.0,-0.013916620053350925,14.992610100191087,-0.3773539960384369,16.0,13.5,5.0,0.05151820555329323,12.0,minimum_jerk,5
1785140456705348912,15.972453117370605,13.491742849349976,5.009405612945557,-0.15465238690376282,-0.014890743419528008,-0.8730753064155579,0.21247810125350952,24.89267349243164,0.0302568469196558,world,705290561,1785140456,0.832145094871521,True,True,True,True,5.0,0.09710538888609735,3.769510766489253,0.6799285411834717,True,0.5888354182243347,True,2.649759292602539,True,4,normal,16.958459854125977,0.0,2.220446049250313e-16,0.0,0.5560387715296304,-0.05182673958996825,0.18671368041800107,16.0,13.5,5.0,0.0,4.440892098500626e-16,-1.7763568394002505e-15,12.0,0.0,-0.013916620053350925,14.992610100191087,-0.3773539960384369,16.0,13.5,5.0,0.0302568469196558,12.0,minimum_jerk,5
1785140456805314656,15.961496353149414,13.489540100097656,4.974259376525879,-0.04192085936665535,0.011837401427328587,-0.37864911556243896,0.21247810125350952,24.99266242980957,0.04748178645968437,world,805277025,1785140456,0.832145094871521,True,True,True,True,5.0,0.10025736092646369,4.414566449242972,0.6799285411834717,True,0.5888354182243347,True,2.649759292602539,True,4,normal,16.958459854125977,0.0,2.220446049250313e-16,0.0,0.5560387715296304,-0.05182673958996825,0.18671368041800107,16.0,13.5,5.0,0.0,4.440892098500626e-16,-1.7763568394002505e-15,12.0,0.0,-0.013916620053350925,14.992610100191087,-0.3773539960384369,16.0,13.5,5.0,0.04748178645968437,12.0,minimum_jerk,5
1785140456905317832,15.969378471374512,13.491668939590454,5.012892246246338,0.13119012117385864,0.05553850159049034,0.16857239603996277,0.21247810125350952,25.092668533325195,0.03425338864326477,world,905286272,1785140456,0.832145094871521,True,True,True,True,4.314691320462465,-0.08789471705034106,-2.6123161586879124,0.6799285411834717,True,0.5888354182243347,True,2.649759292602539,True,4,normal,16.958459854125977,0.0,2.220446049250313e-16,0.0,0.5560387715296304,-0.05182673958996825,0.18671368041800107,16.0,13.5,5.0,0.0,4.440892098500626e-16,-1.7763568394002505e-15,12.0,0.0,-0.013916620053350925,14.992610100191087,-0.3773539960384369,16.0,13.5,5.0,0.03425338864326477,12.0,minimum_jerk,5
1785140457005333441,15.988729476928711,13.49730134010315,5.045584201812744,0.1728312075138092,0.0650920495390892,-0.3110632598400116,0.21247810125350952,25.19268035888672,0.04703431576490402,world,5297633,1785140457,0.832145094871521,True,True,True,True,3.312444204585034,-0.3555935809126731,-2.846169064069982,0.6799285411834717,True,0.5888354182243347,True,2.649759292602539,True,4,normal,16.958459854125977,0.0,2.220446049250313e-16,0.0,0.5560387715296304,-0.05182673958996825,0.18671368041800107,16.0,13.5,5.0,0.0,4.440892098500626e-16,-1.7763568394002505e-15,12.0,0.0,-0.013916620053350925,14.992610100191087,-0.3773539960384369,16.0,13.5,5.0,0.04703431576490402,12.0,minimum_jerk,5
1785140457105289337,16.007043838500977,13.502813696861267,5.006965160369873,0.16784411668777466,0.0620601549744606,-0.8411673307418823,0.21247810125350952,25.292644500732422,0.01029786467552185,world,105259641,1785140457,0.832145094871521,True,True,True,True,2.9348551943473122,-0.48574268198432713,3.5286258435056137,0.6799285411834717,True,0.5888354182243347,True,2.649759292602539,True,4,normal,16.958459854125977,0.0,2.220446049250313e-16,0.0,0.5560387715296304,-0.05182673958996825,0.18671368041800107,16.0,13.5,5.0,0.0,4.440892098500626e-16,-1.7763568394002505e-15,12.0,0.0,-0.013916620053350925,14.992610100191087,-0.3773539960384369,16.0,13.5,5.0,0.01029786467552185,12.0,minimum_jerk,5
1785140457205313292,16.0183048248291,13.50655996799469,4.974390029907227,0.0470261313021183,0.03480175510048866,-0.3547782301902771,0.21247810125350952,25.392662048339844,0.03215540945529938,world,205276693,1785140457,0.832145094871521,True,True,True,True,2.9687985478253602,-0.49660911771405214,4.1506337404563824,0.6799285411834717,True,0.5888354182243347,True,2.649759292602539,True,4,normal,16.958459854125977,0.0,2.220446049250313e-16,0.0,0.5560387715296304,-0.05182673958996825,0.18671368041800107,16.0,13.5,5.0,0.0,4.440892098500626e-16,-1.7763568394002505e-15,12.0,0.0,-0.013916620053350925,14.992610100191087,-0.3773539960384369,16.0,13.5,5.0,0.03215540945529938,12.0,minimum_jerk,5
1785140457305299736,16.0089111328125,13.505142331123352,5.016516208648682,-0.14613519608974457,-0.014037330634891987,0.18559226393699646,0.21247810125350952,25.492660522460938,0.019458597525954247,world,305275831,1785140457,0.832145094871521,True,True,True,True,4.050871886253719,-0.2355327696130843,-3.1144039697454735,0.6799285411834717,True,0.5888354182243347,True,2.649759292602539,True,4,normal,16.958459854125977,0.0,2.220446049250313e-16,0.0,0.5560387715296304,-0.05182673958996825,0.18671368041800107,16.0,13.5,5.0,0.0,4.440892098500626e-16,-1.7763568394002505e-15,12.0,0.0,-0.013916620053350925,14.992610100191087,-0.3773539960384369,16.0,13.5,5.0,0.019458597525954247,12.0,minimum_jerk,5
1785140457405305516,15.987116813659668,13.500779628753662,5.049585342407227,-0.1925932914018631,-0.02994915470480919,-0.33160847425460815,0.21247810125350952,25.59266471862793,0.05123758688569069,world,405280419,1785140457,0.832145094871521,True,True,True,True,5.0,-0.005798151606600438,-3.133121617609702,0.6799285411834717,True,0.5888354182243347,True,2.649759292602539,True,4,normal,16.958459854125977,0.0,2.220446049250313e-16,0.0,0.5560387715296304,-0.05182673958996825,0.18671368041800107,16.0,13.5,5.0,0.0,4.440892098500626e-16,-1.7763568394002505e-15,12.0,0.0,-0.013916620053350925,14.992610100191087,-0.3773539960384369,16.0,13.5,5.0,0.05123758688569069,12.0,minimum_jerk,5
1785140457505346033,15.966499328613281,13.496556758880615,5.008647918701172,-0.19002462923526764,-0.03367795795202255,-0.8718580603599548,0.21247810125350952,25.692678451538086,0.034769777208566666,world,505293764,1785140457,0.832145094871521,True,True,True,True,5.0,0.09146540774741034,3.5139773052987904,0.6799285411834717,True,0.5888354182243347,True,2.649759292602539,True,4,normal,16.958459854125977,0.0,2.220446049250313e-16,0.0,0.5560387715296304,-0.05182673958996825,0.18671368041800107,16.0,13.5,5.0,0.0,4.440892098500626e-16,-1.7763568394002505e-15,12.0,0.0,-0.013916620053350925,14.992610100191087,-0.3773539960384369,16.0,13.5,5.0,0.034769777208566666,12.0,minimum_jerk,5
1785140457605357133,15.952837944030762,13.492327809333801,4.974554538726807,-0.05807815492153168,-0.012238050810992718,-0.3853722810745239,0.21247810125350952,25.79266929626465,0.05413495749235153,world,605283995,1785140457,0.832145094871521,True,True,True,True,5.0,0.14110052682494667,4.050265695735499,0.6799285411834717,True,0.5888354182243347,True,2.649759292602539,True,4,normal,16.958459854125977,0.0,2.220446049250313e-16,0.0,0.5560387715296304,-0.05182673958996825,0.18671368041800107,16.0,13.5,5.0,0.0,4.440892098500626e-16,-1.7763568394002505e-15,12.0,0.0,-0.013916620053350925,14.992610100191087,-0.3773539960384369,16.0,13.5,5.0,0.05413495749235153,12.0,minimum_jerk,5
1785140457705316235,15.959781646728516,13.491952776908875,5.013979434967041,0.12526996433734894,0.03420139476656914,0.154792919754982,0.21247810125350952,25.892675399780273,0.04333241656422615,world,705290687,1785140457,0.832145094871521,True,True,True,True,4.4700767597826445,0.04803106328035279,-2.996019106976049,0.6799285411834717,True,0.5888354182243347,True,2.649759292602539,True,4,normal,16.958459854125977,0.0,2.220446049250313e-16,0.0,0.5560387715296304,-0.05182673958996825,0.18671368041800107,16.0,13.5,5.0,0.0,4.440892098500626e-16,-1.7763568394002505e-15,12.0,0.0,-0.013916620053350925,14.992610100191087,-0.3773539960384369,16.0,13.5,5.0,0.04333241656422615,12.0,minimum_jerk,5
1785140457805342144,15.978747367858887,13.495349764823914,5.0468902587890625,0.1704092025756836,0.04750428348779678,-0.3267580568790436,0.21247810125350952,25.992677688598633,0.05169134587049484,world,805294674,1785140457,0.832145094871521,True,True,True,True,3.3337457448221572,-0.20808108559576471,-3.1921245125653144,0.6799285411834717,True,0.5888354182243347,True,2.649759292602539,True,4,normal,16.958459854125977,0.0,2.220446049250313e-16,0.0,0.5560387715296304,-0.05182673958996825,0.18671368041800107,16.0,13.5,5.0,0.0,4.440892098500626e-16,-1.7763568394002505e-15,12.0,0.0,-0.013916620053350925,14.992610100191087,-0.3773539960384369,16.0,13.5,5.0,0.05169134587049484,12.0,minimum_jerk,5
1785140457905334489,15.996881484985352,13.499239206314087,5.008040428161621,0.16655917465686798,0.05079798400402069,-0.8545056581497192,0.21247810125350952,26.09267234802246,0.008657506667077541,world,905287921,1785140457,0.832145094871521,True,True,True,True,2.9714331376211773,-0.32945930033778215,3.2283213884714357,0.6799285411834717,True,0.5888354182243347,True,2.649759292602539,True,4,normal,16.958459854125977,0.0,2.220446049250313e-16,0.0,0.5560387715296304,-0.05182673958996825,0.18671368041800107,16.0,13.5,5.0,0.0,4.440892098500626e-16,-1.7763568394002505e-15,12.0,0.0,-0.013916620053350925,14.992610100191087,-0.3773539960384369,16.0,13.5,5.0,0.008657506667077541,12.0,minimum_jerk,5
1785140458005360507,16.008930206298828,13.504952907562256,4.975179672241211,0.052432216703891754,0.050237178802490234,-0.3624805212020874,0.21247810125350952,26.192699432373047,0.026838937774300575,world,5315893,1785140458,0.832145094871521,True,True,True,True,2.99548819510968,-0.4440323769234311,3.8344432289342905,0.6799285411834717,True,0.5888354182243347,True,2.649759292602539,True,4,normal,16.958459854125977,0.0,2.220446049250313e-16,0.0,0.5560387715296304,-0.05182673958996825,0.18671368041800107,16.0,13.5,5.0,0.0,4.440892098500626e-16,-1.7763568394002505e-15,12.0,0.0,-0.013916620053350925,14.992610100191087,-0.3773539960384369,16.0,13.5,5.0,0.026838937774300575,12.0,minimum_jerk,5
1785140458105354496,16.001462936401367,13.509549856185913,5.017327308654785,-0.13538117706775665,0.02209414541721344,0.18863897025585175,0.21247810125350952,26.292682647705078,0.019838739186525345,world,105298079,1785140458,0.832145094871521,True,True,True,True,3.9762651608153137,-0.568430217695531,-3.4498041409911693,0.6799285411834717,True,0.5888354182243347,True,2.649759292602539,True,4,normal,16.958459854125977,0.0,2.220446049250313e-16,0.0,0.5560387715296304,-0.05182673958996825,0.18671368041800107,16.0,13.5,5.0,0.0,4.440892098500626e-16,-1.7763568394002505e-15,12.0,0.0,-0.013916620053350925,14.992610100191087,-0.3773539960384369,16.0,13.5,5.0,0.019838739186525345,12.0,minimum_jerk,5
1785140458205341761,15.981712341308594,13.511623740196228,5.050671577453613,-0.18179406225681305,0.003998917061835527,-0.3305402100086212,0.21247810125350952,26.39267921447754,0.055110421031713486,world,205294722,1785140458,0.832145094871521,True,True,True,True,4.988253177567618,-0.46586726496678643,-3.485891606740042,0.6799285411834717,True,0.5888354182243347,True,2.649759292602539,True,4,normal,16.958459854125977,0.0,2.220446049250313e-16,0.0,0.5560387715296304,-0.05182673958996825,0.18671368041800107,16.0,13.5,5.0,0.0,4.440892098500626e-16,-1.7763568394002505e-15,12.0,0.0,-0.013916620053350925,14.992610100191087,-0.3773539960384369,16.0,13.5,5.0,0.055110421031713486,12.0,minimum_jerk,5
1785140458305332393,15.96267318725586,13.51209807395935,5.009916305541992,-0.18117037415504456,-0.011610466986894608,-0.8722570538520813,0.21247810125350952,26.492685317993164,0.04047205671668053,world,305300022,1785140458,0.832145094871521,True,True,True,True,5.0,-0.4081773809240947,3.1445519773245914,0.6799285411834717,True,0.5888354182243347,True,2.649759292602539,True,4,normal,16.958459854125977,0.0,2.220446049250313e-16,0.0,0.5560387715296304,-0.05182673958996825,0.18671368041800107,16.0,13.5,5.0,0.0,4.440892098500626e-16,-1.7763568394002505e-15,12.0,0.0,-0.013916620053350925,14.992610100191087,-0.3773539960384369,16.0,13.5,5.0,0.04047205671668053,12.0,minimum_jerk,5
1785140458405332603,15.950325012207031,13.508926391601562,4.975212574005127,-0.05602997913956642,-0.05875319987535477,-0.38627785444259644,0.21247810125350952,26.592681884765625,0.05622900649905205,world,405298348,1785140458,0.832145094871521,True,True,True,True,5.0,-0.26342235629519295,3.773194279033821,0.6799285411834717,True,0.5888354182243347,True,2.649759292602539,True,4,normal,16.958459854125977,0.0,2.220446049250313e-16,0.0,0.5560387715296304,-0.05182673958996825,0.18671368041800107,16.0,13.5,5.0,0.0,4.440892098500626e-16,-1.7763568394002505e-15,12.0,0.0,-0.013916620053350925,14.992610100191087,-0.3773539960384369,16.0,13.5,5.0,0.05622900649905205,12.0,minimum_jerk,5
1785140458505338483,15.958223342895508,13.501975655555725,5.015357971191406,0.12464888393878937,-0.08063527196645737,0.16435447335243225,0.21247810125350952,26.692686080932617,0.044554006308317184,world,505302626,1785140458,0.832145094871521,True,True,True,True,4.4008045586758895,0.07147432008274762,-3.417943194975642,0.6799285411834717,True,0.5888354182243347,True,2.649759292602539,True,4,normal,16.958459854125977,0.0,2.220446049250313e-16,0.0,0.5560387715296304,-0.05182673958996825,0.18671368041800107,16.0,13.5,5.0,0.0,4.440892098500626e-16,-1.7763568394002505e-15,12.0,0.0,-0.013916620053350925,14.992610100191087,-0.3773539960384369,16.0,13.5,5.0,0.044554006308317184,12.0,minimum_jerk,5
1785140458605369251,15.977461814880371,13.493748903274536,5.047610759735107,0.16539748013019562,-0.07885334640741348,-0.33265048265457153,0.21247810125350952,26.792692184448242,0.05304555222392082,world,605307114,1785140458,0.832145094871521,True,True,True,True,3.3368905556434667,0.2533886800353146,-3.5023028710472492,0.6799285411834717,True,0.5888354182243347,True,2.649759292602539,True,4,normal,16.958459854125977,0.0,2.220446049250313e-16,0.0,0.5560387715296304,-0.05182673958996825,0.18671368041800107,16.0,13.5,5.0,0.0,4.440892098500626e-16,-1.7763568394002505e-15,12.0,0.0,-0.013916620053350925,14.992610100191087,-0.3773539960384369,16.0,13.5,5.0,0.05304555222392082,12.0,minimum_jerk,5
1785140458705334475,15.995458602905273,13.486648201942444,5.007815361022949,0.16089752316474915,-0.06468753516674042,-0.8573090434074402,0.21247810125350952,26.892690658569336,0.016123730689287186,world,705305811,1785140458,0.832145094871521,True,True,True,True,3.0043051916456553,0.369336881561804,2.975007792577278,0.6799285411834717,True,0.5888354182243347,True,2.649759292602539,True,4,normal,16.958459854125977,0.0,2.220446049250313e-16,0.0,0.5560387715296304,-0.05182673958996825,0.18671368041800107,16.0,13.5,5.0,0.0,4.440892098500626e-16,-1.7763568394002505e-15,12.0,0.0,-0.013916620053350925,14.992610100191087,-0.3773539960384369,16.0,13.5,5.0,0.016123730689287186,12.0,minimum_jerk,5
1785140458805332511,16.008487701416016,13.484974026679993,4.97545862197876,0.05102941021323204,0.02047835849225521,-0.3590095043182373,0.21247810125350952,26.992685317993164,0.030001670122146606,world,805301472,1785140458,0.832145094871521,True,True,True,True,3.003927683060903,0.2578917887036144,3.452962701731381,0.6799285411834717,True,0.5888354182243347,True,2.649759292602539,True,4,normal,16.958459854125977,0.0,2.220446049250313e-16,0.0,0.5560387715296304,-0.05182673958996825,0.18671368041800107,16.0,13.5,5.0,0.0,4.440892098500626e-16,-1.7763568394002505e-15,12.0,0.0,-0.013916620053350925,14.992610100191087,-0.3773539960384369,16.0,13.5,5.0,0.030001670122146606,12.0,minimum_jerk,5
1785140458905370452,16.00348472595215,13.493602633476257,5.0164313316345215,-0.12661106884479523,0.10633271187543869,0.161781445145607,0.21247810125350952,27.092697143554688,0.017973821610212326,world,905312963,1785140458,0.832145094871521,True,True,True,True,3.834777160684392,-0.3891779473906405,-3.6650794390364974,0.6799285411834717,True,0.5888354182243347,True,2.649759292602539,True,4,normal,16.958459854125977,0.0,2.220446049250313e-16,0.0,0.5560387715296304,-0.05182673958996825,0.18671368041800107,16.0,13.5,5.0,0.0,4.440892098500626e-16,-1.7763568394002505e-15,12.0,0.0,-0.013916620053350925,14.992610100191087,-0.3773539960384369,16.0,13.5,5.0,0.017973821610212326,12.0,minimum_jerk,5
1785140459005349361,15.986176490783691,13.507329821586609,5.047392845153809,-0.1748790293931961,0.117124542593956,-0.34827950596809387,0.21247810125350952,27.192697525024414,0.04990889132022858,world,5314065,1785140459,0.832145094871521,True,True,True,True,4.80323325698156,-0.8832297312653514,-3.5597493748214895,0.6799285411834717,True,0.5888354182243347,True,2.649759292602539,True,4,normal,16.958459854125977,0.0,2.220446049250313e-16,0.0,0.5560387715296304,-0.05182673958996825,0.18671368041800107,16.0,13.5,5.0,0.0,4.440892098500626e-16,-1.7763568394002505e-15,12.0,0.0,-0.013916620053350925,14.992610100191087,-0.3773539960384369,16.0,13.5,5.0,0.04990889132022858,12.0,minimum_jerk,5
1785140459105352848,15.968706130981445,13.519213795661926,5.006110668182373,-0.17776602506637573,0.10196620225906372,-0.862449586391449,0.21247810125350952,27.292694091796875,0.03722655400633812,world,105309786,1785140459,0.832145094871521,True,True,True,True,5.0,-1.0921996522438824,2.986653410963653,0.6799285411834717,True,0.5888354182243347,True,2.649759292602539,True,4,normal,16.958459854125977,0.0,2.220446049250313e-16,0.0,0.5560387715296304,-0.05182673958996825,0.18671368041800107,16.0,13.5,5.0,0.0,4.440892098500626e-16,-1.7763568394002505e-15,12.0,0.0,-0.013916620053350925,14.992610100191087,-0.3773539960384369,16.0,13.5,5.0,0.03722655400633812,12.0,minimum_jerk,5
1785140459205339562,15.958155632019043,13.525197863578796,4.973710060119629,-0.06835150718688965,-0.007775173522531986,-0.366611510515213,0.21247810125350952,27.39269256591797,0.055471114814281464,world,205308814,1785140459,0.832145094871521,True,True,True,True,5.0,-1.0078650894323715,3.3232160711599006,0.6799285411834717,True,0.5888354182243347,True,2.649759292602539,True,4,normal,16.958459854125977,0.0,2.220446049250313e-16,0.0,0.5560387715296304,-0.05182673958996825,0.18671368041800107,16.0,13.5,5.0,0.0,4.440892098500626e-16,-1.7763568394002505e-15,12.0,0.0,-0.013916620053350925,14.992610100191087,-0.3773539960384369,16.0,13.5,5.0,0.055471114814281464,12.0,minimum_jerk,5
1785140459305342797,15.966792106628418,13.516971349716187,5.012618541717529,0.1024743914604187,-0.1411742866039276,0.1404346525669098,0.21247810125350952,27.49268913269043,0.039370276033878326,world,305303393,1785140459,0.832145094871521,True,True,True,True,4.220804076575347,-0.26004562856822033,-3.532928634998059,0.6799285411834717,True,0.5888354182243347,True,2.649759292602539,True,4,normal,16.958459854125977,0.0,2.220446049250313e-16,0.0,0.5560387715296304,-0.05182673958996825,0.18671368041800107,16.0,13.5,5.0,0.0,4.440892098500626e-16,-1.7763568394002505e-15,12.0,0.0,-0.013916620053350925,14.992610100191087,-0.3773539960384369,16.0,13.5,5.0,0.039370276033878326,12.0,minimum_jerk,5
1785140459405360801,15.985845565795898,13.49948251247406,5.042908668518066,0.1447688341140747,-0.17418250441551208,-0.33742883801460266,0.21247810125350952,27.592702865600586,0.04518594592809677,world,405320405,1785140459,0.832145094871521,True,True,True,True,3.2947985875571817,0.4962691128621755,-3.5064906858592764,0.6799285411834717,True,0.5888354182243347,True,2.649759292602539,True,4,normal,16.958459854125977,0.0,2.220446049250313e-16,0.0,0.5560387715296304,-0.05182673958996825,0.18671368041800107,16.0,13.5,5.0,0.0,4.440892098500626e-16,-1.7763568394002505e-15,12.0,0.0,-0.013916620053350925,14.992610100191087,-0.3773539960384369,16.0,13.5,5.0,0.04518594592809677,12.0,minimum_jerk,5
1785140459505374837,16.00326919555664,13.482517719268799,5.003910064697266,0.1404055505990982,-0.1691102832555771,-0.8279557228088379,0.21247810125350952,27.69270133972168,0.018210062757134438,world,505317809,1785140459,0.832145094871521,True,True,True,True,2.976102858119858,0.8841662588585295,2.759792387018803,0.6799285411834717,True,0.5888354182243347,True,2.649759292602539,True,4,normal,16.958459854125977,0.0,2.220446049250313e-16,0.0,0.5560387715296304,-0.05182673958996825,0.18671368041800107,16.0,13.5,5.0,0.0,4.440892098500626e-16,-1.7763568394002505e-15,12.0,0.0,-0.013916620053350925,14.992610100191087,-0.3773539960384369,16.0,13.5,5.0,0.018210062757134438,12.0,minimum_jerk,5
1785140459605382130,16.01460838317871,13.470293521881104,4.974449634552002,0.02645053341984749,-0.05463658273220062,-0.3383578658103943,0.21247810125350952,27.792707443237305,0.041817471385002136,world,605325283,1785140459,0.832145094871521,True,True,True,True,3.01399717665171,0.932787487836923,3.0039795059086516,0.6799285411834717,True,0.5888354182243347,True,2.649759292602539,True,4,normal,16.958459854125977,0.0,2.220446049250313e-16,0.0,0.5560387715296304,-0.05182673958996825,0.18671368041800107,16.0,13.5,5.0,0.0,4.440892098500626e-16,-1.7763568394002505e-15,12.0,0.0,-0.013916620053350925,14.992610100191087,-0.3773539960384369,16.0,13.5,5.0,0.041817471385002136,12.0,minimum_jerk,5
1785140459705364336,16.00733184814453,13.474985361099243,5.013615131378174,-0.14848122000694275,0.11288824677467346,0.13272643089294434,0.21247810125350952,27.892704010009766,0.029408501461148262,world,705319582,1785140459,0.832145094871521,True,True,True,True,3.9349526243470945,0.1824695756176053,-3.6927820253892887,0.6799285411834717,True,0.5888354182243347,True,2.649759292602539,True,4,normal,16.958459854125977,0.0,2.220446049250313e-16,0.0,0.5560387715296304,-0.05182673958996825,0.18671368041800107,16.0,13.5,5.0,0.0,4.440892098500626e-16,-1.7763568394002505e-15,12.0,0.0,-0.013916620053350925,14.992610100191087,-0.3773539960384369,16.0,13.5,5.0,0.029408501461148262,12.0,minimum_jerk,5
1785140459805388131,15.987704277038574,13.491335988044739,5.041424751281738,-0.19819580018520355,0.1615270972251892,-0.3521251082420349,0.21247810125350952,27.992706298828125,0.044071078300476074,world,805323108,1785140459,0.832145094871521,True,True,True,True,4.92088612590625,-0.6962333771604862,-3.405633152111132,0.6799285411834717,True,0.5888354182243347,True,2.649759292602539,True,4,normal,16.958459854125977,0.0,2.220446049250313e-16,0.0,0.5560387715296304,-0.05182673958996825,0.18671368041800107,16.0,13.5,5.0,0.0,4.440892098500626e-16,-1.7763568394002505e-15,12.0,0.0,-0.013916620053350925,14.992610100191087,-0.3773539960384369,16.0,13.5,5.0,0.044071078300476074,12.0,minimum_jerk,5
1785140459905384934,15.967947006225586,13.507925391197205,5.001925468444824,-0.19747452437877655,0.16835305094718933,-0.8071576952934265,0.21247810125350952,28.092697143554688,0.03307436406612396,world,905313279,1785140459,0.832145094871521,True,True,True,True,5.0,-1.1107911934114625,2.7495461967430552,0.6799285411834717,True,0.5888354182243347,True,2.649759292602539,True,4,normal,16.958459854125977,0.0,2.220446049250313e-16,0.0,0.5560387715296304,-0.05182673958996825,0.18671368041800107,16.0,13.5,5.0,0.0,4.440892098500626e-16,-1.7763568394002505e-15,12.0,0.0,-0.013916620053350925,14.992610100191087,-0.3773539960384369,16.0,13.5,5.0,0.03307436406612396,12.0,minimum_jerk,5
1785140460005360037,15.955248832702637,13.519689559936523,4.975849151611328,-0.07159488648176193,0.09458618611097336,-0.30503666400909424,0.21247810125350952,28.192699432373047,0.05453081056475639,world,5315573,1785140460,0.832145094871521,True,True,True,True,5.0,-1.1721109101077247,2.6332558748300565,0.6799285411834717,True,0.5888354182243347,True,2.649759292602539,True,4,normal,16.958459854125977,0.0,2.220446049250313e-16,0.0,0.5560387715296304,-0.05182673958996825,0.18671368041800107,16.0,13.5,5.0,0.0,4.440892098500626e-16,-1.7763568394002505e-15,12.0,0.0,-0.013916620053350925,14.992610100191087,-0.3773539960384369,16.0,13.5,5.0,0.05453081056475639,12.0,minimum_jerk,5
1785140460105388139,15.96215534210205,13.51578414440155,5.0184736251831055,0.09682547301054001,-0.052056677639484406,0.15398436784744263,0.21247810125350952,28.292715072631836,0.04497368261218071,world,105332845,1785140460,0.832145094871521,True,True,True,True,4.391055964221417,-0.4006108393903297,-4.202705335810756,0.6799285411834717,True,0.5888354182243347,True,2.649759292602539,True,4,normal,16.958459854125977,0.0,2.220446049250313e-16,0.0,0.5560387715296304,-0.05182673958996825,0.18671368041800107,16.0,13.5,5.0,0.0,4.440892098500626e-16,-1.7763568394002505e-15,12.0,0.0,-0.013916620053350925,14.992610100191087,-0.3773539960384369,16.0,13.5,5.0,0.04497368261218071,12.0,minimum_jerk,5
1785140460205357581,15.979029655456543,13.50256633758545,5.045846462249756,0.1348147988319397,-0.09936778992414474,-0.37593522667884827,0.21247810125350952,28.3927059173584,0.05048009008169174,world,205322314,1785140460,0.832145094871521,True,True,True,True,3.43722625950274,0.3140526224496022,-3.626780733204304,0.6799285411834717,True,0.5888354182243347,True,2.649759292602539,True,4,normal,16.958459854125977,0.0,2.220446049250313e-16,0.0,0.5560387715296304,-0.05182673958996825,0.18671368041800107,16.0,13.5,5.0,0.0,4.440892098500626e-16,-1.7763568394002505e-15,12.0,0.0,-0.013916620053350925,14.992610100191087,-0.3773539960384369,16.0,13.5,5.0,0.05048009008169174,12.0,minimum_jerk,5
1785140460305366968,15.994696617126465,13.489240288734436,5.003007411956787,0.13452959060668945,-0.1139526441693306,-0.842141330242157,0.21247810125350952,28.492704391479492,0.012366963550448418,world,305318977,1785140460,0.832145094871521,True,True,True,True,3.16473671902538,0.6423027115805218,2.8434650815234948,0.6799285411834717,True,0.5888354182243347,True,2.649759292602539,True,4,normal,16.958459854125977,0.0,2.220446049250313e-16,0.0,0.5560387715296304,-0.05182673958996825,0.18671368041800107,16.0,13.5,5.0,0.0,4.440892098500626e-16,-1.7763568394002505e-15,12.0,0.0,-0.013916620053350925,14.992610100191087,-0.3773539960384369,16.0,13.5,5.0,0.012366963550448418,12.0,minimum_jerk,5
1785140460405357980,16.00731086730957,13.47922968864441,4.975319862365723,0.04121626913547516,-0.055253855884075165,-0.30372077226638794,0.21247810125350952,28.592708587646484,0.03307512402534485,world,405325519,1785140460,0.832145094871521,True,True,True,True,3.1263429562968503,0.7226898423229833,2.6224847013627324,0.6799285411834717,True,0.5888354182243347,True,2.649759292602539,True,4,normal,16.958459854125977,0.0,2.220446049250313e-16,0.0,0.5560387715296304,-0.05182673958996825,0.18671368041800107,16.0,13.5,5.0,0.0,4.440892098500626e-16,-1.7763568394002505e-15,12.0,0.0,-0.013916620053350925,14.992610100191087,-0.3773539960384369,16.0,13.5,5.0,0.03307512402534485,12.0,minimum_jerk,5
1785140460505390692,16.005130767822266,13.482750654220581,5.019117832183838,-0.10878648608922958,0.07380145788192749,0.16731853783130646,0.21247810125350952,28.692718505859375,0.026255594566464424,world,505334425,1785140460,0.832145094871521,True,True,True,True,3.723467727216785,0.09732867960269485,-4.455790483266904,0.6799285411834717,True,0.5888354182243347,True,2.649759292602539,True,4,normal,16.958459854125977,0.0,2.220446049250313e-16,0.0,0.5560387715296304,-0.05182673958996825,0.18671368041800107,16.0,13.5,5.0,0.0,4.440892098500626e-16,-1.7763568394002505e-15,12.0,0.0,-0.013916620053350925,14.992610100191087,-0.3773539960384369,16.0,13.5,5.0,0.026255594566464424,12.0,minimum_jerk,5
1785140460605394138,15.992131233215332,13.494998574256897,5.048035144805908,-0.15011468529701233,0.11026652157306671,-0.3725462555885315,0.21247810125350952,28.7927303314209,0.048931654542684555,world,605347339,1785140460,0.832145094871521,True,True,True,True,4.5447485633956894,-0.5685336476960458,-3.934581832447689,0.6799285411834717,True,0.5888354182243347,True,2.649759292602539,True,4,normal,16.958459854125977,0.0,2.220446049250313e-16,0.0,0.5560387715296304,-0.05182673958996825,0.18671368041800107,16.0,13.5,5.0,0.0,4.440892098500626e-16,-1.7763568394002505e-15,12.0,0.0,-0.013916620053350925,14.992610100191087,-0.3773539960384369,16.0,13.5,5.0,0.048931654542684555,12.0,minimum_jerk,5
1785140460705373037,15.978067398071289,13.507399797439575,5.004941463470459,-0.15947110950946808,0.12048812955617905,-0.8585918545722961,0.21247810125350952,28.892717361450195,0.023668842390179634,world,705332721,1785140460,0.832145094871521,True,True,True,True,4.959315443417059,-0.8725576151292387,2.659299309548067,0.6799285411834717,True,0.5888354182243347,True,2.649759292602539,True,4,normal,16.958459854125977,0.0,2.220446049250313e-16,0.0,0.5560387715296304,-0.05182673958996825,0.18671368041800107,16.0,13.5,5.0,0.0,4.440892098500626e-16,-1.7763568394002505e-15,12.0,0.0,-0.013916620053350925,14.992610100191087,-0.3773539960384369,16.0,13.5,5.0,0.023668842390179634,12.0,minimum_jerk,5
1785140460805367015,15.968284606933594,13.517223715782166,4.9766316413879395,-0.0788513571023941,0.07734379172325134,-0.30191725492477417,0.21247810125350952,28.992713928222656,0.042995382100343704,world,805330967,1785140460,0.832145094871521,True,True,True,True,5.0,-0.9651657566533056,2.5026132180398495,0.6799285411834717,True,0.5888354182243347,True,2.649759292602539,True,4,normal,16.958459854125977,0.0,2.220446049250313e-16,0.0,0.5560387715296304,-0.05182673958996825,0.18671368041800107,16.0,13.5,5.0,0.0,4.440892098500626e-16,-1.7763568394002505e-15,12.0,0.0,-0.013916620053350925,14.992610100191087,-0.3773539960384369,16.0,13.5,5.0,0.042995382100343704,12.0,minimum_jerk,5
1785140460905360953,15.974123001098633,13.51572036743164,5.022641658782959,0.06825263798236847,-0.03345232456922531,0.18068097531795502,0.21247810125350952,29.092702865600586,0.03780732303857803,world,905317802,1785140460,0.832145094871521,True,True,True,True,4.26747619109298,-0.4634204075669696,-4.8978730092283165,0.6799285411834717,True,0.5888354182243347,True,2.649759292602539,True,4,normal,16.958459854125977,0.0,2.220446049250313e-16,0.0,0.5560387715296304,-0.05182673958996825,0.18671368041800107,16.0,13.5,5.0,0.0,4.440892098500626e-16,-1.7763568394002505e-15,12.0,0.0,-0.013916620053350925,14.992610100191087,-0.3773539960384369,16.0,13.5,5.0,0.03780732303857803,12.0,minimum_jerk,5
1785140461005421337,15.98843765258789,13.507074356079102,5.052380561828613,0.10105476528406143,-0.06890901923179626,-0.388528972864151,0.21247810125350952,29.1927433013916,0.054105985909700394,world,5361354,1785140461,0.832145094871521,True,True,True,True,3.564201581289393,0.06258402727062243,-4.287692488803476,0.6799285411834717,True,0.5888354182243347,True,2.649759292602539,True,4,normal,16.958459854125977,0.0,2.220446049250313e-16,0.0,0.5560387715296304,-0.05182673958996825,0.18671368041800107,16.0,13.5,5.0,0.0,4.440892098500626e-16,-1.7763568394002505e-15,12.0,0.0,-0.013916620053350925,14.992610100191087,-0.3773539960384369,16.0,13.5,5.0,0.054105985909700394,12.0,minimum_jerk,5
1785140461105405186,16.00132942199707,13.498037457466125,5.007506847381592,0.10262463986873627,-0.08503527194261551,-0.8934088349342346,0.21247810125350952,29.292728424072266,0.007872209884226322,world,105343730,1785140461,0.832145094871521,True,True,True,True,3.33222630032109,0.2923412464128242,2.5425450768492066,0.6799285411834717,True,0.5888354182243347,True,2.649759292602539,True,4,normal,16.958459854125977,0.0,2.220446049250313e-16,0.0,0.5560387715296304,-0.05182673958996825,0.18671368041800107,16.0,13.5,5.0,0.0,4.440892098500626e-16,-1.7763568394002505e-15,12.0,0.0,-0.013916620053350925,14.992610100191087,-0.3773539960384369,16.0,13.5,5.0,0.007872209884226322,12.0,minimum_jerk,5
1785140461205384146,16.012374877929688,13.490170359611511,4.975966930389404,0.028711730614304543,-0.06484060734510422,-0.34205538034439087,0.21247810125350952,29.392723083496094,0.028763655573129654,world,205338459,1785140461,0.832145094871521,True,True,True,True,3.2730261667898173,0.3946181784797472,2.5256507975803344,0.6799285411834717,True,0.5888354182243347,True,2.649759292602539,True,4,normal,16.958459854125977,0.0,2.220446049250313e-16,0.0,0.5560387715296304,-0.05182673958996825,0.18671368041800107,16.0,13.5,5.0,0.0,4.440892098500626e-16,-1.7763568394002505e-15,12.0,0.0,-0.013916620053350925,14.992610100191087,-0.3773539960384369,16.0,13.5,5.0,0.028763655573129654,12.0,minimum_jerk,5
1785140461305381851,16.01106071472168,13.490645051002502,5.019870281219482,-0.10109610110521317,0.01984359882771969,0.17405009269714355,0.21247810125350952,29.492733001708984,0.024590294808149338,world,305347977,1785140461,0.832145094871521,True,True,True,True,3.7205949599885977,0.046223692075913404,-4.840373544734032,0.6799285411834717,True,0.5888354182243347,True,2.649759292602539,True,4,normal,16.958459854125977,0.0,2.220446049250313e-16,0.0,0.5560387715296304,-0.05182673958996825,0.18671368041800107,16.0,13.5,5.0,0.0,4.440892098500626e-16,-1.7763568394002505e-15,12.0,0.0,-0.013916620053350925,14.992610100191087,-0.3773539960384369,16.0,13.5,5.0,0.024590294808149338,12.0,minimum_jerk,5
1785140461405353837,15.999809265136719,13.496777653694153,5.051565647125244,-0.13890202343463898,0.04577600583434105,-0.3613394796848297,0.21247810125350952,29.592714309692383,0.051666583865880966,world,405328399,1785140461,0.832145094871521,True,True,True,True,4.4461659691729825,-0.3651452258461122,-4.58159410619529,0.6799285411834717,True,0.5888354182243347,True,2.649759292602539,True,4,normal,16.958459854125977,0.0,2.220446049250313e-16,0.0,0.5560387715296304,-0.05182673958996825,0.18671368041800107,16.0,13.5,5.0,0.0,4.440892098500626e-16,-1.7763568394002505e-15,12.0,0.0,-0.013916620053350925,14.992610100191087,-0.3773539960384369,16.0,13.5,5.0,0.051666583865880966,12.0,minimum_jerk,5
1785140461505406937,15.987306594848633,13.503024816513062,5.00902795791626,-0.14673855900764465,0.054889269173145294,-0.8852845430374146,0.21247810125350952,29.692733764648438,0.015867453068494797,world,505349138,1785140461,0.832145094871521,True,True,True,True,4.823403459697253,-0.5278782762534339,2.121166127247237,0.6799285411834717,True,0.5888354182243347,True,2.649759292602539,True,4,normal,16.958459854125977,0.0,2.220446049250313e-16,0.0,0.5560387715296304,-0.05182673958996825,0.18671368041800107,16.0,13.5,5.0,0.0,4.440892098500626e-16,-1.7763568394002505e-15,12.0,0.0,-0.013916620053350925,14.992610100191087,-0.3773539960384369,16.0,13.5,5.0,0.015867453068494797,12.0,minimum_jerk,5
1785140461605393080,15.980168342590332,13.507277369499207,4.976723670959473,-0.08108700811862946,0.047497592866420746,-0.34505951404571533,0.21247810125350952,29.792728424072266,0.031433138996362686,world,605345801,1785140461,0.832145094871521,True,True,True,True,4.85752115474114,-0.5600143548202677,2.4064701321857984,0.6799285411834717,True,0.5888354182243347,True,2.649759292602539,True,4,normal,16.958459854125977,0.0,2.220446049250313e-16,0.0,0.5560387715296304,-0.05182673958996825,0.18671368041800107,16.0,13.5,5.0,0.0,4.440892098500626e-16,-1.7763568394002505e-15,12.0,0.0,-0.013916620053350925,14.992610100191087,-0.3773539960384369,16.0,13.5,5.0,0.031433138996362686,12.0,minimum_jerk,5
1785140461705394813,15.987783432006836,13.505253911018372,5.021923542022705,0.051677156239748,-0.010497719049453735,0.19738167524337769,0.21247810125350952,29.892738342285156,0.025641564279794693,world,705356881,1785140461,0.832145094871521,True,True,True,True,3.998838975227821,-0.21576698803897576,-5.1909738148175695,0.6799285411834717,True,0.5888354182243347,True,2.649759292602539,True,4,normal,16.958459854125977,0.0,2.220446049250313e-16,0.0,0.5560387715296304,-0.05182673958996825,0.18671368041800107,16.0,13.5,5.0,0.0,4.440892098500626e-16,-1.7763568394002505e-15,12.0,0.0,-0.013916620053350925,14.992610100191087,-0.3773539960384369,16.0,13.5,5.0,0.025641564279794693,12.0,minimum_jerk,5
1785140461805390895,16.00214958190918,13.499875903129578,5.054063320159912,0.07895735651254654,-0.029320288449525833,-0.3693149983882904,0.21247810125350952,29.99272918701172,0.054106179624795914,world,805347202,1785140461,0.832145094871521,True,True,True,True,3.3861090717796385,0.0501009639800048,-4.885559585544477,0.6799285411834717,True,0.5888354182243347,True,2.649759292602539,True,4,normal,16.958459854125977,0.0,2.220446049250313e-16,0.0,0.5560387715296304,-0.05182673958996825,0.18671368041800107,16.0,13.5,5.0,0.0,4.440892098500626e-16,-1.7763568394002505e-15,12.0,0.0,-0.013916620053350925,14.992610100191087,-0.3773539960384369,16.0,13.5,5.0,0.054106179624795914,12.0,minimum_jerk,5
1785140461905390223,16.014211654663086,13.49470317363739,5.009778022766113,0.07488391548395157,-0.03672085702419281,-0.9076932072639465,0.21247810125350952,30.092723846435547,0.018045421689748764,world,905340038,1785140461,0.832145094871521,True,True,True,True,3.1969922586395896,0.16457628054515713,2.0366459587877572,0.6799285411834717,True,0.5888354182243347,True,2.649759292602539,True,4,normal,16.958459854125977,0.0,2.220446049250313e-16,0.0,0.5560387715296304,-0.05182673958996825,0.18671368041800107,16.0,13.5,5.0,0.0,4.440892098500626e-16,-1.7763568394002505e-15,12.0,0.0,-0.013916620053350925,14.992610100191087,-0.3773539960384369,16.0,13.5,5.0,0.018045421689748764,12.0,minimum_jerk,5
1785140462005376827,16.02219009399414,13.489755392074585,4.975406646728516,-0.02107110619544983,-0.016527732834219933,-0.37853938341140747,0.21247810125350952,30.192726135253906,0.03467254340648651,world,5341330,1785140462,0.832145094871521,True,True,True,True,3.229693748496393,0.22734733951961766,2.3495404233656583,0.6799285411834717,True,0.5888354182243347,True,2.649759292602539,True,4,normal,16.958459854125977,0.0,2.220446049250313e-16,0.0,0.5560387715296304,-0.05182673958996825,0.18671368041800107,16.0,13.5,5.0,0.0,4.440892098500626e-16,-1.7763568394002505e-15,12.0,0.0,-0.013916620053350925,14.992610100191087,-0.3773539960384369,16.0,13.5,5.0,0.03467254340648651,12.0,minimum_jerk,5
1785140462105376396,16.015644073486328,13.489758133888245,5.017626762390137,-0.16431017220020294,0.03909614309668541,0.1660556048154831,0.21247810125350952,30.29273796081543,0.025696996599435806,world,105353352,1785140462,0.832145094871521,True,True,True,True,3.8855409919892807,0.07848793261552037,-5.041493165186228,0.6799285411834717,True,0.5888354182243347,True,2.649759292602539,True,4,normal,16.958459854125977,0.0,2.220446049250313e-16,0.0,0.5560387715296304,-0.05182673958996825,0.18671368041800107,16.0,13.5,5.0,0.0,4.440892098500626e-16,-1.7763568394002505e-15,12.0,0.0,-0.013916620053350925,14.992610100191087,-0.3773539960384369,16.0,13.5,5.0,0.025696996599435806,12.0,minimum_jerk,5
1785140462205388548,15.998174667358398,13.494234919548035,5.050549030303955,-0.19762833416461945,0.05528493598103523,-0.35189029574394226,0.21247810125350952,30.392736434936523,0.05090945214033127,world,205351618,1785140462,0.832145094871521,True,True,True,True,4.742702511316294,-0.22887128259543343,-5.03172764008741,0.6799285411834717,True,0.5888354182243347,True,2.649759292602539,True,4,normal,16.958459854125977,0.0,2.220446049250313e-16,0.0,0.5560387715296304,-0.05182673958996825,0.18671368041800107,16.0,13.5,5.0,0.0,4.440892098500626e-16,-1.7763568394002505e-15,12.0,0.0,-0.013916620053350925,14.992610100191087,-0.3773539960384369,16.0,13.5,5.0,0.05090945214033127,12.0,minimum_jerk,5
1785140462305386344,15.98046588897705,13.499168634414673,5.008882999420166,-0.19540703296661377,0.05975764989852905,-0.8862543106079102,0.21247810125350952,30.49272918701172,0.021475110203027725,world,305343974,1785140462,0.832145094871521,True,True,True,True,5.0,-0.37297253186265655,1.6821066329591683,0.6799285411834717,True,0.5888354182243347,True,2.649759292602539,True,4,normal,16.958459854125977,0.0,2.220446049250313e-16,0.0,0.5560387715296304,-0.05182673958996825,0.18671368041800107,16.0,13.5,5.0,0.0,4.440892098500626e-16,-1.7763568394002505e-15,12.0,0.0,-0.013916620053350925,14.992610100191087,-0.3773539960384369,16.0,13.5,5.0,0.021475110203027725,12.0,minimum_jerk,5
1785140462405375382,15.969426155090332,13.501986145973206,4.975175380706787,-0.07888200134038925,0.05505124479532242,-0.3738851249217987,0.21247810125350952,30.592727661132812,0.039433062076568604,world,405342570,1785140462,0.832145094871521,True,True,True,True,5.0,-0.38385018773325197,2.1511796232352753,0.6799285411834717,True,0.5888354182243347,True,2.649759292602539,True,4,normal,16.958459854125977,0.0,2.220446049250313e-16,0.0,0.5560387715296304,-0.05182673958996825,0.18671368041800107,16.0,13.5,5.0,0.0,4.440892098500626e-16,-1.7763568394002505e-15,12.0,0.0,-0.013916620053350925,14.992610100191087,-0.3773539960384369,16.0,13.5,5.0,0.039433062076568604,12.0,minimum_jerk,5
1785140462505384659,15.97741413116455,13.500232696533203,5.017704963684082,0.09276366233825684,0.01798054948449135,0.17610421776771545,0.21247810125350952,30.692733764648438,0.028699152171611786,world,505351396,1785140462,0.832145094871521,True,True,True,True,4.165342238270884,-0.08011954601565219,-5.238178168093521,0.6799285411834717,True,0.5888354182243347,True,2.649759292602539,True,4,normal,16.958459854125977,0.0,2.220446049250313e-16,0.0,0.5560387715296304,-0.05182673958996825,0.18671368041800107,16.0,13.5,5.0,0.0,4.440892098500626e-16,-1.7763568394002505e-15,12.0,0.0,-0.013916620053350925,14.992610100191087,-0.3773539960384369,16.0,13.5,5.0,0.028699152171611786,12.0,minimum_jerk,5
1785140462605396471,15.995208740234375,13.49681305885315,5.050713062286377,0.13034150004386902,0.002110946923494339,-0.34260863065719604,0.21247810125350952,30.792734146118164,0.05103848874568939,world,605350103,1785140462,0.832145094871521,True,True,True,True,3.28466878161333,0.06581041652915372,-5.2097841105804825,0.6799285411834717,True,0.5888354182243347,True,2.649759292602539,True,4,normal,16.958459854125977,0.0,2.220446049250313e-16,0.0,0.5560387715296304,-0.05182673958996825,0.18671368041800107,16.0,13.5,5.0,0.0,4.440892098500626e-16,-1.7763568394002505e-15,12.0,0.0,-0.013916620053350925,14.992610100191087,-0.3773539960384369,16.0,13.5,5.0,0.05103848874568939,12.0,minimum_jerk,5
1785140462705382163,16.010982513427734,13.493854522705078,5.009159564971924,0.12456213682889938,-0.003923315554857254,-0.8843958377838135,0.21247810125350952,30.892738342285156,0.015565349720418453,world,705352828,1785140462,0.832145094871521,True,True,True,True,3.0048167073308454,0.11888832279394117,1.4826879630913314,0.6799285411834717,True,0.5888354182243347,True,2.649759292602539,True,4,normal,16.958459854125977,0.0,2.220446049250313e-16,0.0,0.5560387715296304,-0.05182673958996825,0.18671368041800107,16.0,13.5,5.0,0.0,4.440892098500626e-16,-1.7763568394002505e-15,12.0,0.0,-0.013916620053350925,14.992610100191087,-0.3773539960384369,16.0,13.5,5.0,0.015565349720418453,12.0,minimum_jerk,5
1785140462805393073,16.02292823791504,13.491021752357483,4.973842144012451,0.012057706713676453,0.016152648255228996,-0.3865956962108612,0.21247810125350952,30.992748260498047,0.03592417761683464,world,805363818,1785140462,0.832145094871521,True,True,True,True,2.9911600407758905,0.14691244255176317,2.1069102484147466,0.6799285411834717,True,0.5888354182243347,True,2.649759292602539,True,4,normal,16.958459854125977,0.0,2.220446049250313e-16,0.0,0.5560387715296304,-0.05182673958996825,0.18671368041800107,16.0,13.5,5.0,0.0,4.440892098500626e-16,-1.7763568394002505e-15,12.0,0.0,-0.013916620053350925,14.992610100191087,-0.3773539960384369,16.0,13.5,5.0,0.03592417761683464,12.0,minimum_jerk,5
1785140462905393744,16.01783561706543,13.491671681404114,5.013552665710449,-0.16577580571174622,0.055204302072525024,0.16581416130065918,0.21247810125350952,31.092735290527344,0.023898636922240257,world,905350763,1785140462,0.832145094871521,True,True,True,True,3.687480984416406,0.05165602645480088,-5.063878213500373,0.6799285411834717,True,0.5888354182243347,True,2.649759292602539,True,4,normal,16.958459854125977,0.0,2.220446049250313e-16,0.0,0.5560387715296304,-0.05182673958996825,0.18671368041800107,16.0,13.5,5.0,0.0,4.440892098500626e-16,-1.7763568394002505e-15,12.0,0.0,-0.013916620053350925,14.992610100191087,-0.3773539960384369,16.0,13.5,5.0,0.023898636922240257,12.0,minimum_jerk,5
1785140463005398202,15.999135971069336,13.495864868164062,5.046807289123535,-0.2147729992866516,0.06404376775026321,-0.3180038630962372,0.21247810125350952,31.1927433013916,0.04699753224849701,world,5358717,1785140463,0.832145094871521,True,True,True,True,4.71171728046231,-0.19795279928052917,-5.27517830062199,0.6799285411834717,True,0.5888354182243347,True,2.649759292602539,True,4,normal,16.958459854125977,0.0,2.220446049250313e-16,0.0,0.5560387715296304,-0.05182673958996825,0.18671368041800107,16.0,13.5,5.0,0.0,4.440892098500626e-16,-1.7763568394002505e-15,12.0,0.0,-0.013916620053350925,14.992610100191087,-0.3773539960384369,16.0,13.5,5.0,0.04699753224849701,12.0,minimum_jerk,5
1785140463105398171,15.979525566101074,13.500525832176208,5.007992267608643,-0.21753348410129547,0.06443068385124207,-0.852944016456604,0.21247810125350952,31.292749404907227,0.021985342726111412,world,105365490,1785140463,0.832145094871521,True,True,True,True,5.0,-0.3326494112456806,1.1642207461735097,0.6799285411834717,True,0.5888354182243347,True,2.649759292602539,True,4,normal,16.958459854125977,0.0,2.220446049250313e-16,0.0,0.5560387715296304,-0.05182673958996825,0.18671368041800107,16.0,13.5,5.0,0.0,4.440892098500626e-16,-1.7763568394002505e-15,12.0,0.0,-0.013916620053350925,14.992610100191087,-0.3773539960384369,16.0,13.5,5.0,0.021985342726111412,12.0,minimum_jerk,5
1785140463205402920,15.967484474182129,13.504164338111877,4.974803447723389,-0.10818566381931305,0.05271836370229721,-0.3729935884475708,0.21247810125350952,31.392749786376953,0.04134570434689522,world,205365259,1785140463,0.832145094871521,True,True,True,True,5.0,-0.3722552041484132,1.8126878010182372,0.6799285411834717,True,0.5888354182243347,True,2.649759292602539,True,4,normal,16.958459854125977,0.0,2.220446049250313e-16,0.0,0.5560387715296304,-0.05182673958996825,0.18671368041800107,16.0,13.5,5.0,0.0,4.440892098500626e-16,-1.7763568394002505e-15,12.0,0.0,-0.013916620053350925,14.992610100191087,-0.3773539960384369,16.0,13.5,5.0,0.04134570434689522,12.0,minimum_jerk,5
1785140463305402699,15.975998878479004,13.504250645637512,5.016102313995361,0.07335615158081055,0.017961878329515457,0.17473025619983673,0.21247810125350952,31.49274444580078,0.02921311929821968,world,305361451,1785140463,0.832145094871521,True,True,True,True,4.0987182506285516,-0.19898033935072873,-5.401021648366937,0.6799285411834717,True,0.5888354182243347,True,2.649759292602539,True,4,normal,16.958459854125977,0.0,2.220446049250313e-16,0.0,0.5560387715296304,-0.05182673958996825,0.18671368041800107,16.0,13.5,5.0,0.0,4.440892098500626e-16,-1.7763568394002505e-15,12.0,0.0,-0.013916620053350925,14.992610100191087,-0.3773539960384369,16.0,13.5,5.0,0.02921311929821968,12.0,minimum_jerk,5
1785140463405385866,15.994451522827148,13.502467632293701,5.0491251945495605,0.11628561466932297,0.002151352586224675,-0.3311642110347748,0.21247810125350952,31.592742919921875,0.049499087035655975,world,405357783,1785140463,0.832145094871521,True,True,True,True,3.185230536572308,-0.06898976526601734,-5.475634834984811,0.6799285411834717,True,0.5888354182243347,True,2.649759292602539,True,4,normal,16.958459854125977,0.0,2.220446049250313e-16,0.0,0.5560387715296304,-0.05182673958996825,0.18671368041800107,16.0,13.5,5.0,0.0,4.440892098500626e-16,-1.7763568394002505e-15,12.0,0.0,-0.013916620053350925,14.992610100191087,-0.3773539960384369,16.0,13.5,5.0,0.049499087035655975,12.0,minimum_jerk,5
1785140463505404761,16.0105037689209,13.500565528869629,5.0086469650268555,0.11220098286867142,-0.005419474095106125,-0.8650332093238831,0.21247810125350952,31.692758560180664,0.013616864569485188,world,505374143,1785140463,0.832145094871521,True,True,True,True,2.921058155676538,-0.018477568267393205,1.117188603430856,0.6799285411834717,True,0.5888354182243347,True,2.649759292602539,True,4,normal,16.958459854125977,0.0,2.220446049250313e-16,0.0,0.5560387715296304,-0.05182673958996825,0.18671368041800107,16.0,13.5,5.0,0.0,4.440892098500626e-16,-1.7763568394002505e-15,12.0,0.0,-0.013916620053350925,14.992610100191087,-0.3773539960384369,16.0,13.5,5.0,0.013616864569485188,12.0,minimum_jerk,5
1785140463605447311,16.024072647094727,13.498941659927368,4.975710868835449,-0.002481928328052163,-0.005291638430207968,-0.36554020643234253,0.21247810125350952,31.792753219604492,0.034213658422231674,world,605367460,1785140463,0.832145094871521,True,True,True,True,2.8740799619238375,-2.9343120818828283e-05,1.6063302264047432,0.6799285411834717,True,0.5888354182243347,True,2.649759292602539,True,4,normal,16.958459854125977,0.0,2.220446049250313e-16,0.0,0.5560387715296304,-0.05182673958996825,0.18671368041800107,16.0,13.5,5.0,0.0,4.440892098500626e-16,-1.7763568394002505e-15,12.0,0.0,-0.013916620053350925,14.992610100191087,-0.3773539960384369,16.0,13.5,5.0,0.034213658422231674,12.0,minimum_jerk,5
1785140463705401133,16.02093505859375,13.499390482902527,5.01726770401001,-0.18417802453041077,0.015263233333826065,0.1693069189786911,0.21247810125350952,31.89275360107422,0.02714446187019348,world,705368512,1785140463,0.832145094871521,True,True,True,True,3.447008378356363,-0.09147637501497903,-5.624092760863512,0.6799285411834717,True,0.5888354182243347,True,2.649759292602539,True,4,normal,16.958459854125977,0.0,2.220446049250313e-16,0.0,0.5560387715296304,-0.05182673958996825,0.18671368041800107,16.0,13.5,5.0,0.0,4.440892098500626e-16,-1.7763568394002505e-15,12.0,0.0,-0.013916620053350925,14.992610100191087,-0.3773539960384369,16.0,13.5,5.0,0.02714446187019348,12.0,minimum_jerk,5
1785140463805450797,16.003137588500977,13.501432180404663,5.048811912536621,-0.23402680456638336,0.019120242446660995,-0.3453803062438965,0.21247810125350952,31.992774963378906,0.048933614045381546,world,805393869,1785140463,0.832145094871521,True,True,True,True,4.5175673178279805,-0.21227466025622121,-5.533552721301725,0.6799285411834717,True,0.5888354182243347,True,2.649759292602539,True,4,normal,16.958459854125977,0.0,2.220446049250313e-16,0.0,0.5560387715296304,-0.05182673958996825,0.18671368041800107,16.0,13.5,5.0,0.0,4.440892098500626e-16,-1.7763568394002505e-15,12.0,0.0,-0.013916620053350925,14.992610100191087,-0.3773539960384369,16.0,13.5,5.0,0.048933614045381546,12.0,minimum_jerk,5
1785140463905450415,15.983468055725098,13.503264546394348,5.0072174072265625,-0.24006812274456024,0.0172579325735569,-0.8667188882827759,0.21247810125350952,32.09278106689453,0.01833176054060459,world,905400531,1785140463,0.832145094871521,True,True,True,True,5.0,-0.25609010752802874,1.0799888242096563,0.6799285411834717,True,0.5888354182243347,True,2.649759292602539,True,4,normal,16.958459854125977,0.0,2.220446049250313e-16,0.0,0.5560387715296304,-0.05182673958996825,0.18671368041800107,16.0,13.5,5.0,0.0,4.440892098500626e-16,-1.7763568394002505e-15,12.0,0.0,-0.013916620053350925,14.992610100191087,-0.3773539960384369,16.0,13.5,5.0,0.01833176054060459,12.0,minimum_jerk,5
1785140464005406371,15.971332550048828,13.50507915019989,4.974376201629639,-0.14177660644054413,0.011149764992296696,-0.34747880697250366,0.21247810125350952,32.19275665283203,0.03878401219844818,world,5374792,1785140464,0.832145094871521,True,True,True,True,5.0,-0.27756020961298766,1.481552478766024,0.6799285411834717,True,0.5888354182243347,True,2.649759292602539,True,4,normal,16.958459854125977,0.0,2.220446049250313e-16,0.0,0.5560387715296304,-0.05182673958996825,0.18671368041800107,16.0,13.5,5.0,0.0,4.440892098500626e-16,-1.7763568394002505e-15,12.0,0.0,-0.013916620053350925,14.992610100191087,-0.3773539960384369,16.0,13.5,5.0,0.03878401219844818,12.0,minimum_jerk,5
