[35m[1785137957.745420][m info     | [34mUDPv4AgentLinux.cpp[m | [37minit                    [m | [32mrunning...[m             | port: 8888
[35m[1785137957.745598][m info     | [34mRoot.cpp          [m | [37mset_verbose_level       [m | [32mlogger setup[m           | verbose_level: 4
[35m[1785137965.647124][m info     | [34mRoot.cpp          [m | [37mcreate_client           [m | [32mcreate[m                 | client_key: 0x00000002, session_id: 0x81
[35m[1785137965.647168][m info     | [34mSessionManager.hpp[m | [37mestablish_session       [m | [32msession established[m    | client_key: 0x00000002, address: 127.0.0.1:25740
[35m[1785137965.649894][m info     | [34mProxyClient.cpp   [m | [37mcreate_participant      [m | [32mparticipant created[m    | client_key: 0x00000002, participant_id: 0x001(1)
[35m[1785137965.650088][m info     | [34mProxyClient.cpp   [m | [37mcreate_topic            [m | [32mtopic created[m          | client_key: 0x00000002, topic_id: 0x800(2), participant_id: 0x001(1)
[35m[1785137965.650164][m info     | [34mProxyClient.cpp   [m | [37mcreate_subscriber       [m | [32msubscriber created[m     | client_key: 0x00000002, subscriber_id: 0x800(4), participant_id: 0x001(1)
[35m[1785137965.651401][m info     | [34mProxyClient.cpp   [m | [37mcreate_datareader       [m | [32mdatareader created[m     | client_key: 0x00000002, datareader_id: 0x800(6), subscriber_id: 0x800(4)
[35m[1785137965.651518][m info     | [34mProxyClient.cpp   [m | [37mcreate_topic            [m | [32mtopic created[m          | client_key: 0x00000002, topic_id: 0x801(2), participant_id: 0x001(1)
[35m[1785137965.651533][m info     | [34mProxyClient.cpp   [m | [37mcreate_subscriber       [m | [32msubscriber created[m     | client_key: 0x00000002, subscriber_id: 0x801(4), participant_id: 0x001(1)
[35m[1785137965.651741][m info     | [34mProxyClient.cpp   [m | [37mcreate_datareader       [m | [32mdatareader created[m     | client_key: 0x00000002, datareader_id: 0x801(6), subscriber_id: 0x801(4)
[35m[1785137965.651811][m info     | [34mProxyClient.cpp   [m | [37mcreate_topic            [m | [32mtopic created[m          | client_key: 0x00000002, topic_id: 0x802(2), participant_id: 0x001(1)
[35m[1785137965.651826][m info     | [34mProxyClient.cpp   [m | [37mcreate_subscriber       [m | [32msubscriber created[m     | client_key: 0x00000002, subscriber_id: 0x802(4), participant_id: 0x001(1)
[35m[1785137965.652016][m info     | [34mProxyClient.cpp   [m | [37mcreate_datareader       [m | [32mdatareader created[m     | client_key: 0x00000002, datareader_id: 0x802(6), subscriber_id: 0x802(4)
[35m[1785137965.652088][m info     | [34mProxyClient.cpp   [m | [37mcreate_topic            [m | [32mtopic created[m          | client_key: 0x00000002, topic_id: 0x803(2), participant_id: 0x001(1)
[35m[1785137965.652103][m info     | [34mProxyClient.cpp   [m | [37mcreate_subscriber       [m | [32msubscriber created[m     | client_key: 0x00000002, subscriber_id: 0x803(4), participant_id: 0x001(1)
[35m[1785137965.652302][m info     | [34mProxyClient.cpp   [m | [37mcreate_datareader       [m | [32mdatareader created[m     | client_key: 0x00000002, datareader_id: 0x803(6), subscriber_id: 0x803(4)
[35m[1785137965.652386][m info     | [34mProxyClient.cpp   [m | [37mcreate_topic            [m | [32mtopic created[m          | client_key: 0x00000002, topic_id: 0x804(2), participant_id: 0x001(1)
[35m[1785137965.652402][m info     | [34mProxyClient.cpp   [m | [37mcreate_subscriber       [m | [32msubscriber created[m     | client_key: 0x00000002, subscriber_id: 0x804(4), participant_id: 0x001(1)
[35m[1785137965.652585][m info     | [34mProxyClient.cpp   [m | [37mcreate_datareader       [m | [32mdatareader created[m     | client_key: 0x00000002, datareader_id: 0x804(6), subscriber_id: 0x804(4)
[35m[1785137965.652661][m info     | [34mProxyClient.cpp   [m | [37mcreate_topic            [m | [32mtopic created[m          | client_key: 0x00000002, topic_id: 0x805(2), participant_id: 0x001(1)
[35m[1785137965.652697][m info     | [34mProxyClient.cpp   [m | [37mcreate_subscriber       [m | [32msubscriber created[m     | client_key: 0x00000002, subscriber_id: 0x805(4), participant_id: 0x001(1)
[35m[1785137965.652883][m info     | [34mProxyClient.cpp   [m | [37mcreate_datareader       [m | [32mdatareader created[m     | client_key: 0x00000002, datareader_id: 0x805(6), subscriber_id: 0x805(4)
[35m[1785137965.652961][m info     | [34mProxyClient.cpp   [m | [37mcreate_topic            [m | [32mtopic created[m          | client_key: 0x00000002, topic_id: 0x806(2), participant_id: 0x001(1)
[35m[1785137965.652971][m info     | [34mProxyClient.cpp   [m | [37mcreate_subscriber       [m | [32msubscriber created[m     | client_key: 0x00000002, subscriber_id: 0x806(4), participant_id: 0x001(1)
[35m[1785137965.653172][m info     | [34mProxyClient.cpp   [m | [37mcreate_datareader       [m | [32mdatareader created[m     | client_key: 0x00000002, datareader_id: 0x806(6), subscriber_id: 0x806(4)
[35m[1785137965.653254][m info     | [34mProxyClient.cpp   [m | [37mcreate_topic            [m | [32mtopic created[m          | client_key: 0x00000002, topic_id: 0x807(2), participant_id: 0x001(1)
[35m[1785137965.653272][m info     | [34mProxyClient.cpp   [m | [37mcreate_subscriber       [m | [32msubscriber created[m     | client_key: 0x00000002, subscriber_id: 0x807(4), participant_id: 0x001(1)
[35m[1785137965.653454][m info     | [34mProxyClient.cpp   [m | [37mcreate_datareader       [m | [32mdatareader created[m     | client_key: 0x00000002, datareader_id: 0x807(6), subscriber_id: 0x807(4)
[35m[1785137965.653527][m info     | [34mProxyClient.cpp   [m | [37mcreate_topic            [m | [32mtopic created[m          | client_key: 0x00000002, topic_id: 0x808(2), participant_id: 0x001(1)
[35m[1785137965.653538][m info     | [34mProxyClient.cpp   [m | [37mcreate_subscriber       [m | [32msubscriber created[m     | client_key: 0x00000002, subscriber_id: 0x808(4), participant_id: 0x001(1)
[35m[1785137965.653724][m info     | [34mProxyClient.cpp   [m | [37mcreate_datareader       [m | [32mdatareader created[m     | client_key: 0x00000002, datareader_id: 0x808(6), subscriber_id: 0x808(4)
[35m[1785137965.653795][m info     | [34mProxyClient.cpp   [m | [37mcreate_topic            [m | [32mtopic created[m          | client_key: 0x00000002, topic_id: 0x809(2), participant_id: 0x001(1)
[35m[1785137965.653806][m info     | [34mProxyClient.cpp   [m | [37mcreate_subscriber       [m | [32msubscriber created[m     | client_key: 0x00000002, subscriber_id: 0x809(4), participant_id: 0x001(1)
[35m[1785137965.654030][m info     | [34mProxyClient.cpp   [m | [37mcreate_datareader       [m | [32mdatareader created[m     | client_key: 0x00000002, datareader_id: 0x809(6), subscriber_id: 0x809(4)
[35m[1785137965.654104][m info     | [34mProxyClient.cpp   [m | [37mcreate_topic            [m | [32mtopic created[m          | client_key: 0x00000002, topic_id: 0x80A(2), participant_id: 0x001(1)
[35m[1785137965.654115][m info     | [34mProxyClient.cpp   [m | [37mcreate_subscriber       [m | [32msubscriber created[m     | client_key: 0x00000002, subscriber_id: 0x80A(4), participant_id: 0x001(1)
[35m[1785137965.654302][m info     | [34mProxyClient.cpp   [m | [37mcreate_datareader       [m | [32mdatareader created[m     | client_key: 0x00000002, datareader_id: 0x80A(6), subscriber_id: 0x80A(4)
[35m[1785137965.654424][m info     | [34mProxyClient.cpp   [m | [37mcreate_topic            [m | [32mtopic created[m          | client_key: 0x00000002, topic_id: 0x80B(2), participant_id: 0x001(1)
[35m[1785137965.654442][m info     | [34mProxyClient.cpp   [m | [37mcreate_subscriber       [m | [32msubscriber created[m     | client_key: 0x00000002, subscriber_id: 0x80B(4), participant_id: 0x001(1)
[35m[1785137965.654631][m info     | [34mProxyClient.cpp   [m | [37mcreate_datareader       [m | [32mdatareader created[m     | client_key: 0x00000002, datareader_id: 0x80B(6), subscriber_id: 0x80B(4)
[35m[1785137965.654714][m info     | [34mProxyClient.cpp   [m | [37mcreate_topic            [m | [32mtopic created[m          | client_key: 0x00000002, topic_id: 0x80C(2), participant_id: 0x001(1)
[35m[1785137965.654729][m info     | [34mProxyClient.cpp   [m | [37mcreate_subscriber       [m | [32msubscriber created[m     | client_key: 0x00000002, subscriber_id: 0x80C(4), participant_id: 0x001(1)
[35m[1785137965.654909][m info     | [34mProxyClient.cpp   [m | [37mcreate_datareader       [m | [32mdatareader created[m     | client_key: 0x00000002, datareader_id: 0x80C(6), subscriber_id: 0x80C(4)
[35m[1785137965.654985][m info     | [34mProxyClient.cpp   [m | [37mcreate_topic            [m | [32mtopic created[m          | client_key: 0x00000002, topic_id: 0x80D(2), participant_id: 0x001(1)
[35m[1785137965.654996][m info     | [34mProxyClient.cpp   [m | [37mcreate_subscriber       [m | [32msubscriber created[m     | client_key: 0x00000002, subscriber_id: 0x80D(4), participant_id: 0x001(1)
[35m[1785137965.655185][m info     | [34mProxyClient.cpp   [m | [37mcreate_datareader       [m | [32mdatareader created[m     | client_key: 0x00000002, datareader_id: 0x80D(6), subscriber_id: 0x80D(4)
[35m[1785137965.655265][m info     | [34mProxyClient.cpp   [m | [37mcreate_topic            [m | [32mtopic created[m          | client_key: 0x00000002, topic_id: 0x80E(2), participant_id: 0x001(1)
[35m[1785137965.655276][m info     | [34mProxyClient.cpp   [m | [37mcreate_subscriber       [m | [32msubscriber created[m     | client_key: 0x00000002, subscriber_id: 0x80E(4), participant_id: 0x001(1)
[35m[1785137965.655480][m info     | [34mProxyClient.cpp   [m | [37mcreate_datareader       [m | [32mdatareader created[m     | client_key: 0x00000002, datareader_id: 0x80E(6), subscriber_id: 0x80E(4)
[35m[1785137965.655556][m info     | [34mProxyClient.cpp   [m | [37mcreate_topic            [m | [32mtopic created[m          | client_key: 0x00000002, topic_id: 0x80F(2), participant_id: 0x001(1)
[35m[1785137965.655567][m info     | [34mProxyClient.cpp   [m | [37mcreate_subscriber       [m | [32msubscriber created[m     | client_key: 0x00000002, subscriber_id: 0x80F(4), participant_id: 0x001(1)
[35m[1785137965.655765][m info     | [34mProxyClient.cpp   [m | [37mcreate_datareader       [m | [32mdatareader created[m     | client_key: 0x00000002, datareader_id: 0x80F(6), subscriber_id: 0x80F(4)
[35m[1785137965.655841][m info     | [34mProxyClient.cpp   [m | [37mcreate_topic            [m | [32mtopic created[m          | client_key: 0x00000002, topic_id: 0x810(2), participant_id: 0x001(1)
[35m[1785137965.655858][m info     | [34mProxyClient.cpp   [m | [37mcreate_subscriber       [m | [32msubscriber created[m     | client_key: 0x00000002, subscriber_id: 0x810(4), participant_id: 0x001(1)
[35m[1785137965.656054][m info     | [34mProxyClient.cpp   [m | [37mcreate_datareader       [m | [32mdatareader created[m     | client_key: 0x00000002, datareader_id: 0x810(6), subscriber_id: 0x810(4)
[35m[1785137965.656138][m info     | [34mProxyClient.cpp   [m | [37mcreate_topic            [m | [32mtopic created[m          | client_key: 0x00000002, topic_id: 0x811(2), participant_id: 0x001(1)
[35m[1785137965.656166][m info     | [34mProxyClient.cpp   [m | [37mcreate_subscriber       [m | [32msubscriber created[m     | client_key: 0x00000002, subscriber_id: 0x811(4), participant_id: 0x001(1)
[35m[1785137965.656408][m info     | [34mProxyClient.cpp   [m | [37mcreate_datareader       [m | [32mdatareader created[m     | client_key: 0x00000002, datareader_id: 0x811(6), subscriber_id: 0x811(4)
[35m[1785137965.656505][m info     | [34mProxyClient.cpp   [m | [37mcreate_topic            [m | [32mtopic created[m          | client_key: 0x00000002, topic_id: 0x812(2), participant_id: 0x001(1)
[35m[1785137965.656523][m info     | [34mProxyClient.cpp   [m | [37mcreate_subscriber       [m | [32msubscriber created[m     | client_key: 0x00000002, subscriber_id: 0x812(4), participant_id: 0x001(1)
[35m[1785137965.656780][m info     | [34mProxyClient.cpp   [m | [37mcreate_datareader       [m | [32mdatareader created[m     | client_key: 0x00000002, datareader_id: 0x812(6), subscriber_id: 0x812(4)
[35m[1785137965.656883][m info     | [34mProxyClient.cpp   [m | [37mcreate_topic            [m | [32mtopic created[m          | client_key: 0x00000002, topic_id: 0x813(2), participant_id: 0x001(1)
[35m[1785137965.656910][m info     | [34mProxyClient.cpp   [m | [37mcreate_subscriber       [m | [32msubscriber created[m     | client_key: 0x00000002, subscriber_id: 0x813(4), participant_id: 0x001(1)
[35m[1785137965.657117][m info     | [34mProxyClient.cpp   [m | [37mcreate_datareader       [m | [32mdatareader created[m     | client_key: 0x00000002, datareader_id: 0x813(6), subscriber_id: 0x813(4)
[35m[1785137965.657201][m info     | [34mProxyClient.cpp   [m | [37mcreate_topic            [m | [32mtopic created[m          | client_key: 0x00000002, topic_id: 0x814(2), participant_id: 0x001(1)
[35m[1785137965.657216][m info     | [34mProxyClient.cpp   [m | [37mcreate_subscriber       [m | [32msubscriber created[m     | client_key: 0x00000002, subscriber_id: 0x814(4), participant_id: 0x001(1)
[35m[1785137965.657418][m info     | [34mProxyClient.cpp   [m | [37mcreate_datareader       [m | [32mdatareader created[m     | client_key: 0x00000002, datareader_id: 0x814(6), subscriber_id: 0x814(4)
[35m[1785137965.657489][m info     | [34mProxyClient.cpp   [m | [37mcreate_topic            [m | [32mtopic created[m          | client_key: 0x00000002, topic_id: 0x815(2), participant_id: 0x001(1)
[35m[1785137965.657505][m info     | [34mProxyClient.cpp   [m | [37mcreate_subscriber       [m | [32msubscriber created[m     | client_key: 0x00000002, subscriber_id: 0x815(4), participant_id: 0x001(1)
[35m[1785137965.657694][m info     | [34mProxyClient.cpp   [m | [37mcreate_datareader       [m | [32mdatareader created[m     | client_key: 0x00000002, datareader_id: 0x815(6), subscriber_id: 0x815(4)
[35m[1785137965.657762][m info     | [34mProxyClient.cpp   [m | [37mcreate_topic            [m | [32mtopic created[m          | client_key: 0x00000002, topic_id: 0x816(2), participant_id: 0x001(1)
[35m[1785137965.657773][m info     | [34mProxyClient.cpp   [m | [37mcreate_subscriber       [m | [32msubscriber created[m     | client_key: 0x00000002, subscriber_id: 0x816(4), participant_id: 0x001(1)
[35m[1785137965.657961][m info     | [34mProxyClient.cpp   [m | [37mcreate_datareader       [m | [32mdatareader created[m     | client_key: 0x00000002, datareader_id: 0x816(6), subscriber_id: 0x816(4)
[35m[1785137965.658036][m info     | [34mProxyClient.cpp   [m | [37mcreate_topic            [m | [32mtopic created[m          | client_key: 0x00000002, topic_id: 0x817(2), participant_id: 0x001(1)
[35m[1785137965.658047][m info     | [34mProxyClient.cpp   [m | [37mcreate_subscriber       [m | [32msubscriber created[m     | client_key: 0x00000002, subscriber_id: 0x817(4), participant_id: 0x001(1)
[35m[1785137965.658250][m info     | [34mProxyClient.cpp   [m | [37mcreate_datareader       [m | [32mdatareader created[m     | client_key: 0x00000002, datareader_id: 0x817(6), subscriber_id: 0x817(4)
[35m[1785137965.658331][m info     | [34mProxyClient.cpp   [m | [37mcreate_topic            [m | [32mtopic created[m          | client_key: 0x00000002, topic_id: 0x818(2), participant_id: 0x001(1)
[35m[1785137965.658342][m info     | [34mProxyClient.cpp   [m | [37mcreate_subscriber       [m | [32msubscriber created[m     | client_key: 0x00000002, subscriber_id: 0x818(4), participant_id: 0x001(1)
[35m[1785137965.658529][m info     | [34mProxyClient.cpp   [m | [37mcreate_datareader       [m | [32mdatareader created[m     | client_key: 0x00000002, datareader_id: 0x818(6), subscriber_id: 0x818(4)
[35m[1785137965.658616][m info     | [34mProxyClient.cpp   [m | [37mcreate_topic            [m | [32mtopic created[m          | client_key: 0x00000002, topic_id: 0x819(2), participant_id: 0x001(1)
[35m[1785137965.658641][m info     | [34mProxyClient.cpp   [m | [37mcreate_subscriber       [m | [32msubscriber created[m     | client_key: 0x00000002, subscriber_id: 0x819(4), participant_id: 0x001(1)
[35m[1785137965.658857][m info     | [34mProxyClient.cpp   [m | [37mcreate_datareader       [m | [32mdatareader created[m     | client_key: 0x00000002, datareader_id: 0x819(6), subscriber_id: 0x819(4)
[35m[1785137965.658931][m info     | [34mProxyClient.cpp   [m | [37mcreate_topic            [m | [32mtopic created[m          | client_key: 0x00000002, topic_id: 0x81A(2), participant_id: 0x001(1)
[35m[1785137965.658952][m info     | [34mProxyClient.cpp   [m | [37mcreate_subscriber       [m | [32msubscriber created[m     | client_key: 0x00000002, subscriber_id: 0x81A(4), participant_id: 0x001(1)
[35m[1785137965.659149][m info     | [34mProxyClient.cpp   [m | [37mcreate_datareader       [m | [32mdatareader created[m     | client_key: 0x00000002, datareader_id: 0x81A(6), subscriber_id: 0x81A(4)
[35m[1785137965.659235][m info     | [34mProxyClient.cpp   [m | [37mcreate_topic            [m | [32mtopic created[m          | client_key: 0x00000002, topic_id: 0x81B(2), participant_id: 0x001(1)
[35m[1785137965.659256][m info     | [34mProxyClient.cpp   [m | [37mcreate_subscriber       [m | [32msubscriber created[m     | client_key: 0x00000002, subscriber_id: 0x81B(4), participant_id: 0x001(1)
[35m[1785137965.659442][m info     | [34mProxyClient.cpp   [m | [37mcreate_datareader       [m | [32mdatareader created[m     | client_key: 0x00000002, datareader_id: 0x81B(6), subscriber_id: 0x81B(4)
[35m[1785137965.659515][m info     | [34mProxyClient.cpp   [m | [37mcreate_topic            [m | [32mtopic created[m          | client_key: 0x00000002, topic_id: 0x81C(2), participant_id: 0x001(1)
[35m[1785137965.659537][m info     | [34mProxyClient.cpp   [m | [37mcreate_subscriber       [m | [32msubscriber created[m     | client_key: 0x00000002, subscriber_id: 0x81C(4), participant_id: 0x001(1)
[35m[1785137965.659730][m info     | [34mProxyClient.cpp   [m | [37mcreate_datareader       [m | [32mdatareader created[m     | client_key: 0x00000002, datareader_id: 0x81C(6), subscriber_id: 0x81C(4)
[35m[1785137965.660182][m info     | [34mProxyClient.cpp   [m | [37mcreate_replier          [m | [32mreplier created[m        | client_key: 0x00000002, requester_id: 0x800(7), participant_id: 0x001(1)
[35m[1785137966.237727][m info     | [34mRoot.cpp          [m | [37mcreate_client           [m | [32mcreate[m                 | client_key: 0x00000003, session_id: 0x81
[35m[1785137966.237759][m info     | [34mSessionManager.hpp[m | [37mestablish_session       [m | [32msession established[m    | client_key: 0x00000003, address: 127.0.0.1:39834
[35m[1785137966.240611][m info     | [34mProxyClient.cpp   [m | [37mcreate_participant      [m | [32mparticipant created[m    | client_key: 0x00000003, participant_id: 0x001(1)
[35m[1785137966.242294][m info     | [34mProxyClient.cpp   [m | [37mcreate_topic            [m | [32mtopic created[m          | client_key: 0x00000003, topic_id: 0x800(2), participant_id: 0x001(1)
[35m[1785137966.245196][m info     | [34mProxyClient.cpp   [m | [37mcreate_subscriber       [m | [32msubscriber created[m     | client_key: 0x00000003, subscriber_id: 0x800(4), participant_id: 0x001(1)
[35m[1785137966.245588][m info     | [34mProxyClient.cpp   [m | [37mcreate_datareader       [m | [32mdatareader created[m     | client_key: 0x00000003, datareader_id: 0x800(6), subscriber_id: 0x800(4)
[35m[1785137966.245783][m info     | [34mProxyClient.cpp   [m | [37mcreate_topic            [m | [32mtopic created[m          | client_key: 0x00000003, topic_id: 0x801(2), participant_id: 0x001(1)
[35m[1785137966.245840][m info     | [34mProxyClient.cpp   [m | [37mcreate_subscriber       [m | [32msubscriber created[m     | client_key: 0x00000003, subscriber_id: 0x801(4), participant_id: 0x001(1)
[35m[1785137966.246215][m info     | [34mProxyClient.cpp   [m | [37mcreate_datareader       [m | [32mdatareader created[m     | client_key: 0x00000003, datareader_id: 0x801(6), subscriber_id: 0x801(4)
[35m[1785137966.249339][m info     | [34mProxyClient.cpp   [m | [37mcreate_topic            [m | [32mtopic created[m          | client_key: 0x00000003, topic_id: 0x802(2), participant_id: 0x001(1)
[35m[1785137966.249394][m info     | [34mProxyClient.cpp   [m | [37mcreate_subscriber       [m | [32msubscriber created[m     | client_key: 0x00000003, subscriber_id: 0x802(4), participant_id: 0x001(1)
[35m[1785137966.249766][m info     | [34mProxyClient.cpp   [m | [37mcreate_datareader       [m | [32mdatareader created[m     | client_key: 0x00000003, datareader_id: 0x802(6), subscriber_id: 0x802(4)
[35m[1785137966.249924][m info     | [34mProxyClient.cpp   [m | [37mcreate_topic            [m | [32mtopic created[m          | client_key: 0x00000003, topic_id: 0x803(2), participant_id: 0x001(1)
[35m[1785137966.249977][m info     | [34mProxyClient.cpp   [m | [37mcreate_subscriber       [m | [32msubscriber created[m     | client_key: 0x00000003, subscriber_id: 0x803(4), participant_id: 0x001(1)
[35m[1785137966.250341][m info     | [34mProxyClient.cpp   [m | [37mcreate_datareader       [m | [32mdatareader created[m     | client_key: 0x00000003, datareader_id: 0x803(6), subscriber_id: 0x803(4)
[35m[1785137966.251317][m info     | [34mProxyClient.cpp   [m | [37mcreate_topic            [m | [32mtopic created[m          | client_key: 0x00000003, topic_id: 0x804(2), participant_id: 0x001(1)
[35m[1785137966.251372][m info     | [34mProxyClient.cpp   [m | [37mcreate_subscriber       [m | [32msubscriber created[m     | client_key: 0x00000003, subscriber_id: 0x804(4), participant_id: 0x001(1)
[35m[1785137966.251739][m info     | [34mProxyClient.cpp   [m | [37mcreate_datareader       [m | [32mdatareader created[m     | client_key: 0x00000003, datareader_id: 0x804(6), subscriber_id: 0x804(4)
[35m[1785137966.252327][m info     | [34mProxyClient.cpp   [m | [37mcreate_topic            [m | [32mtopic created[m          | client_key: 0x00000003, topic_id: 0x805(2), participant_id: 0x001(1)
[35m[1785137966.252384][m info     | [34mProxyClient.cpp   [m | [37mcreate_subscriber       [m | [32msubscriber created[m     | client_key: 0x00000003, subscriber_id: 0x805(4), participant_id: 0x001(1)
[35m[1785137966.254482][m info     | [34mProxyClient.cpp   [m | [37mcreate_datareader       [m | [32mdatareader created[m     | client_key: 0x00000003, datareader_id: 0x805(6), subscriber_id: 0x805(4)
[35m[1785137966.254672][m info     | [34mProxyClient.cpp   [m | [37mcreate_topic            [m | [32mtopic created[m          | client_key: 0x00000003, topic_id: 0x806(2), participant_id: 0x001(1)
[35m[1785137966.254718][m info     | [34mProxyClient.cpp   [m | [37mcreate_subscriber       [m | [32msubscriber created[m     | client_key: 0x00000003, subscriber_id: 0x806(4), participant_id: 0x001(1)
[35m[1785137966.255070][m info     | [34mProxyClient.cpp   [m | [37mcreate_datareader       [m | [32mdatareader created[m     | client_key: 0x00000003, datareader_id: 0x806(6), subscriber_id: 0x806(4)
[35m[1785137966.255291][m info     | [34mProxyClient.cpp   [m | [37mcreate_topic            [m | [32mtopic created[m          | client_key: 0x00000003, topic_id: 0x807(2), participant_id: 0x001(1)
[35m[1785137966.255573][m info     | [34mProxyClient.cpp   [m | [37mcreate_subscriber       [m | [32msubscriber created[m     | client_key: 0x00000003, subscriber_id: 0x807(4), participant_id: 0x001(1)
[35m[1785137966.259256][m info     | [34mProxyClient.cpp   [m | [37mcreate_datareader       [m | [32mdatareader created[m     | client_key: 0x00000003, datareader_id: 0x807(6), subscriber_id: 0x807(4)
[35m[1785137966.259491][m info     | [34mProxyClient.cpp   [m | [37mcreate_topic            [m | [32mtopic created[m          | client_key: 0x00000003, topic_id: 0x808(2), participant_id: 0x001(1)
[35m[1785137966.259542][m info     | [34mProxyClient.cpp   [m | [37mcreate_subscriber       [m | [32msubscriber created[m     | client_key: 0x00000003, subscriber_id: 0x808(4), participant_id: 0x001(1)
[35m[1785137966.260005][m info     | [34mProxyClient.cpp   [m | [37mcreate_datareader       [m | [32mdatareader created[m     | client_key: 0x00000003, datareader_id: 0x808(6), subscriber_id: 0x808(4)
[35m[1785137966.260171][m info     | [34mProxyClient.cpp   [m | [37mcreate_topic            [m | [32mtopic created[m          | client_key: 0x00000003, topic_id: 0x809(2), participant_id: 0x001(1)
[35m[1785137966.260256][m info     | [34mProxyClient.cpp   [m | [37mcreate_subscriber       [m | [32msubscriber created[m     | client_key: 0x00000003, subscriber_id: 0x809(4), participant_id: 0x001(1)
[35m[1785137966.260709][m info     | [34mProxyClient.cpp   [m | [37mcreate_datareader       [m | [32mdatareader created[m     | client_key: 0x00000003, datareader_id: 0x809(6), subscriber_id: 0x809(4)
[35m[1785137966.260965][m info     | [34mProxyClient.cpp   [m | [37mcreate_topic            [m | [32mtopic created[m          | client_key: 0x00000003, topic_id: 0x80A(2), participant_id: 0x001(1)
[35m[1785137966.264181][m info     | [34mProxyClient.cpp   [m | [37mcreate_subscriber       [m | [32msubscriber created[m     | client_key: 0x00000003, subscriber_id: 0x80A(4), participant_id: 0x001(1)
[35m[1785137966.264564][m info     | [34mProxyClient.cpp   [m | [37mcreate_datareader       [m | [32mdatareader created[m     | client_key: 0x00000003, datareader_id: 0x80A(6), subscriber_id: 0x80A(4)
[35m[1785137966.264762][m info     | [34mProxyClient.cpp   [m | [37mcreate_topic            [m | [32mtopic created[m          | client_key: 0x00000003, topic_id: 0x80B(2), participant_id: 0x001(1)
[35m[1785137966.264790][m info     | [34mProxyClient.cpp   [m | [37mcreate_subscriber       [m | [32msubscriber created[m     | client_key: 0x00000003, subscriber_id: 0x80B(4), participant_id: 0x001(1)
[35m[1785137966.265156][m info     | [34mProxyClient.cpp   [m | [37mcreate_datareader       [m | [32mdatareader created[m     | client_key: 0x00000003, datareader_id: 0x80B(6), subscriber_id: 0x80B(4)
[35m[1785137966.265344][m info     | [34mProxyClient.cpp   [m | [37mcreate_topic            [m | [32mtopic created[m          | client_key: 0x00000003, topic_id: 0x80C(2), participant_id: 0x001(1)
[35m[1785137966.265365][m info     | [34mProxyClient.cpp   [m | [37mcreate_subscriber       [m | [32msubscriber created[m     | client_key: 0x00000003, subscriber_id: 0x80C(4), participant_id: 0x001(1)
[35m[1785137966.265720][m info     | [34mProxyClient.cpp   [m | [37mcreate_datareader       [m | [32mdatareader created[m     | client_key: 0x00000003, datareader_id: 0x80C(6), subscriber_id: 0x80C(4)
[35m[1785137966.265942][m info     | [34mProxyClient.cpp   [m | [37mcreate_topic            [m | [32mtopic created[m          | client_key: 0x00000003, topic_id: 0x80D(2), participant_id: 0x001(1)
[35m[1785137966.265969][m info     | [34mProxyClient.cpp   [m | [37mcreate_subscriber       [m | [32msubscriber created[m     | client_key: 0x00000003, subscriber_id: 0x80D(4), participant_id: 0x001(1)
[35m[1785137966.266361][m info     | [34mProxyClient.cpp   [m | [37mcreate_datareader       [m | [32mdatareader created[m     | client_key: 0x00000003, datareader_id: 0x80D(6), subscriber_id: 0x80D(4)
[35m[1785137966.266577][m info     | [34mProxyClient.cpp   [m | [37mcreate_topic            [m | [32mtopic created[m          | client_key: 0x00000003, topic_id: 0x80E(2), participant_id: 0x001(1)
[35m[1785137966.266597][m info     | [34mProxyClient.cpp   [m | [37mcreate_subscriber       [m | [32msubscriber created[m     | client_key: 0x00000003, subscriber_id: 0x80E(4), participant_id: 0x001(1)
[35m[1785137966.266967][m info     | [34mProxyClient.cpp   [m | [37mcreate_datareader       [m | [32mdatareader created[m     | client_key: 0x00000003, datareader_id: 0x80E(6), subscriber_id: 0x80E(4)
[35m[1785137966.267176][m info     | [34mProxyClient.cpp   [m | [37mcreate_topic            [m | [32mtopic created[m          | client_key: 0x00000003, topic_id: 0x80F(2), participant_id: 0x001(1)
[35m[1785137966.267209][m info     | [34mProxyClient.cpp   [m | [37mcreate_subscriber       [m | [32msubscriber created[m     | client_key: 0x00000003, subscriber_id: 0x80F(4), participant_id: 0x001(1)
[35m[1785137966.267569][m info     | [34mProxyClient.cpp   [m | [37mcreate_datareader       [m | [32mdatareader created[m     | client_key: 0x00000003, datareader_id: 0x80F(6), subscriber_id: 0x80F(4)
[35m[1785137966.267756][m info     | [34mProxyClient.cpp   [m | [37mcreate_topic            [m | [32mtopic created[m          | client_key: 0x00000003, topic_id: 0x810(2), participant_id: 0x001(1)
[35m[1785137966.267786][m info     | [34mProxyClient.cpp   [m | [37mcreate_subscriber       [m | [32msubscriber created[m     | client_key: 0x00000003, subscriber_id: 0x810(4), participant_id: 0x001(1)
[35m[1785137966.268179][m info     | [34mProxyClient.cpp   [m | [37mcreate_datareader       [m | [32mdatareader created[m     | client_key: 0x00000003, datareader_id: 0x810(6), subscriber_id: 0x810(4)
[35m[1785137966.268385][m info     | [34mProxyClient.cpp   [m | [37mcreate_topic            [m | [32mtopic created[m          | client_key: 0x00000003, topic_id: 0x811(2), participant_id: 0x001(1)
[35m[1785137966.268405][m info     | [34mProxyClient.cpp   [m | [37mcreate_subscriber       [m | [32msubscriber created[m     | client_key: 0x00000003, subscriber_id: 0x811(4), participant_id: 0x001(1)
[35m[1785137966.268779][m info     | [34mProxyClient.cpp   [m | [37mcreate_datareader       [m | [32mdatareader created[m     | client_key: 0x00000003, datareader_id: 0x811(6), subscriber_id: 0x811(4)
[35m[1785137966.268973][m info     | [34mProxyClient.cpp   [m | [37mcreate_topic            [m | [32mtopic created[m          | client_key: 0x00000003, topic_id: 0x812(2), participant_id: 0x001(1)
[35m[1785137966.268994][m info     | [34mProxyClient.cpp   [m | [37mcreate_subscriber       [m | [32msubscriber created[m     | client_key: 0x00000003, subscriber_id: 0x812(4), participant_id: 0x001(1)
[35m[1785137966.269399][m info     | [34mProxyClient.cpp   [m | [37mcreate_datareader       [m | [32mdatareader created[m     | client_key: 0x00000003, datareader_id: 0x812(6), subscriber_id: 0x812(4)
[35m[1785137966.269604][m info     | [34mProxyClient.cpp   [m | [37mcreate_topic            [m | [32mtopic created[m          | client_key: 0x00000003, topic_id: 0x813(2), participant_id: 0x001(1)
[35m[1785137966.269633][m info     | [34mProxyClient.cpp   [m | [37mcreate_subscriber       [m | [32msubscriber created[m     | client_key: 0x00000003, subscriber_id: 0x813(4), participant_id: 0x001(1)
[35m[1785137966.270000][m info     | [34mProxyClient.cpp   [m | [37mcreate_datareader       [m | [32mdatareader created[m     | client_key: 0x00000003, datareader_id: 0x813(6), subscriber_id: 0x813(4)
[35m[1785137966.270179][m info     | [34mProxyClient.cpp   [m | [37mcreate_topic            [m | [32mtopic created[m          | client_key: 0x00000003, topic_id: 0x814(2), participant_id: 0x001(1)
[35m[1785137966.270259][m info     | [34mProxyClient.cpp   [m | [37mcreate_subscriber       [m | [32msubscriber created[m     | client_key: 0x00000003, subscriber_id: 0x814(4), participant_id: 0x001(1)
[35m[1785137966.274337][m info     | [34mProxyClient.cpp   [m | [37mcreate_datareader       [m | [32mdatareader created[m     | client_key: 0x00000003, datareader_id: 0x814(6), subscriber_id: 0x814(4)
[35m[1785137966.274526][m info     | [34mProxyClient.cpp   [m | [37mcreate_topic            [m | [32mtopic created[m          | client_key: 0x00000003, topic_id: 0x815(2), participant_id: 0x001(1)
[35m[1785137966.274554][m info     | [34mProxyClient.cpp   [m | [37mcreate_subscriber       [m | [32msubscriber created[m     | client_key: 0x00000003, subscriber_id: 0x815(4), participant_id: 0x001(1)
[35m[1785137966.274925][m info     | [34mProxyClient.cpp   [m | [37mcreate_datareader       [m | [32mdatareader created[m     | client_key: 0x00000003, datareader_id: 0x815(6), subscriber_id: 0x815(4)
[35m[1785137966.275120][m info     | [34mProxyClient.cpp   [m | [37mcreate_topic            [m | [32mtopic created[m          | client_key: 0x00000003, topic_id: 0x816(2), participant_id: 0x001(1)
[35m[1785137966.275150][m info     | [34mProxyClient.cpp   [m | [37mcreate_subscriber       [m | [32msubscriber created[m     | client_key: 0x00000003, subscriber_id: 0x816(4), participant_id: 0x001(1)
[35m[1785137966.275567][m info     | [34mProxyClient.cpp   [m | [37mcreate_datareader       [m | [32mdatareader created[m     | client_key: 0x00000003, datareader_id: 0x816(6), subscriber_id: 0x816(4)
[35m[1785137966.275830][m info     | [34mProxyClient.cpp   [m | [37mcreate_topic            [m | [32mtopic created[m          | client_key: 0x00000003, topic_id: 0x817(2), participant_id: 0x001(1)
[35m[1785137966.275906][m info     | [34mProxyClient.cpp   [m | [37mcreate_subscriber       [m | [32msubscriber created[m     | client_key: 0x00000003, subscriber_id: 0x817(4), participant_id: 0x001(1)
[35m[1785137966.278575][m info     | [34mProxyClient.cpp   [m | [37mcreate_datareader       [m | [32mdatareader created[m     | client_key: 0x00000003, datareader_id: 0x817(6), subscriber_id: 0x817(4)
[35m[1785137966.278755][m info     | [34mProxyClient.cpp   [m | [37mcreate_topic            [m | [32mtopic created[m          | client_key: 0x00000003, topic_id: 0x818(2), participant_id: 0x001(1)
[35m[1785137966.278780][m info     | [34mProxyClient.cpp   [m | [37mcreate_subscriber       [m | [32msubscriber created[m     | client_key: 0x00000003, subscriber_id: 0x818(4), participant_id: 0x001(1)
[35m[1785137966.279168][m info     | [34mProxyClient.cpp   [m | [37mcreate_datareader       [m | [32mdatareader created[m     | client_key: 0x00000003, datareader_id: 0x818(6), subscriber_id: 0x818(4)
[35m[1785137966.279346][m info     | [34mProxyClient.cpp   [m | [37mcreate_topic            [m | [32mtopic created[m          | client_key: 0x00000003, topic_id: 0x819(2), participant_id: 0x001(1)
[35m[1785137966.279368][m info     | [34mProxyClient.cpp   [m | [37mcreate_subscriber       [m | [32msubscriber created[m     | client_key: 0x00000003, subscriber_id: 0x819(4), participant_id: 0x001(1)
[35m[1785137966.279737][m info     | [34mProxyClient.cpp   [m | [37mcreate_datareader       [m | [32mdatareader created[m     | client_key: 0x00000003, datareader_id: 0x819(6), subscriber_id: 0x819(4)
[35m[1785137966.279897][m info     | [34mProxyClient.cpp   [m | [37mcreate_topic            [m | [32mtopic created[m          | client_key: 0x00000003, topic_id: 0x81A(2), participant_id: 0x001(1)
[35m[1785137966.279926][m info     | [34mProxyClient.cpp   [m | [37mcreate_subscriber       [m | [32msubscriber created[m     | client_key: 0x00000003, subscriber_id: 0x81A(4), participant_id: 0x001(1)
[35m[1785137966.280320][m info     | [34mProxyClient.cpp   [m | [37mcreate_datareader       [m | [32mdatareader created[m     | client_key: 0x00000003, datareader_id: 0x81A(6), subscriber_id: 0x81A(4)
[35m[1785137966.280528][m info     | [34mProxyClient.cpp   [m | [37mcreate_topic            [m | [32mtopic created[m          | client_key: 0x00000003, topic_id: 0x81B(2), participant_id: 0x001(1)
[35m[1785137966.280560][m info     | [34mProxyClient.cpp   [m | [37mcreate_subscriber       [m | [32msubscriber created[m     | client_key: 0x00000003, subscriber_id: 0x81B(4), participant_id: 0x001(1)
[35m[1785137966.281154][m info     | [34mProxyClient.cpp   [m | [37mcreate_datareader       [m | [32mdatareader created[m     | client_key: 0x00000003, datareader_id: 0x81B(6), subscriber_id: 0x81B(4)
[35m[1785137966.281312][m info     | [34mProxyClient.cpp   [m | [37mcreate_topic            [m | [32mtopic created[m          | client_key: 0x00000003, topic_id: 0x81C(2), participant_id: 0x001(1)
[35m[1785137966.281334][m info     | [34mProxyClient.cpp   [m | [37mcreate_subscriber       [m | [32msubscriber created[m     | client_key: 0x00000003, subscriber_id: 0x81C(4), participant_id: 0x001(1)
[35m[1785137966.281725][m info     | [34mProxyClient.cpp   [m | [37mcreate_datareader       [m | [32mdatareader created[m     | client_key: 0x00000003, datareader_id: 0x81C(6), subscriber_id: 0x81C(4)
[35m[1785137966.282516][m info     | [34mProxyClient.cpp   [m | [37mcreate_replier          [m | [32mreplier created[m        | client_key: 0x00000003, requester_id: 0x800(7), participant_id: 0x001(1)
[35m[1785137966.828647][m info     | [34mRoot.cpp          [m | [37mcreate_client           [m | [32mcreate[m                 | client_key: 0x00000004, session_id: 0x81
[35m[1785137966.828669][m info     | [34mSessionManager.hpp[m | [37mestablish_session       [m | [32msession established[m    | client_key: 0x00000004, address: 127.0.0.1:32430
[35m[1785137966.830760][m info     | [34mProxyClient.cpp   [m | [37mcreate_participant      [m | [32mparticipant created[m    | client_key: 0x00000004, participant_id: 0x001(1)
[35m[1785137966.830859][m info     | [34mProxyClient.cpp   [m | [37mcreate_topic            [m | [32mtopic created[m          | client_key: 0x00000004, topic_id: 0x800(2), participant_id: 0x001(1)
[35m[1785137966.830892][m info     | [34mProxyClient.cpp   [m | [37mcreate_subscriber       [m | [32msubscriber created[m     | client_key: 0x00000004, subscriber_id: 0x800(4), participant_id: 0x001(1)
[35m[1785137966.831165][m info     | [34mProxyClient.cpp   [m | [37mcreate_datareader       [m | [32mdatareader created[m     | client_key: 0x00000004, datareader_id: 0x800(6), subscriber_id: 0x800(4)
[35m[1785137966.831261][m info     | [34mProxyClient.cpp   [m | [37mcreate_topic            [m | [32mtopic created[m          | client_key: 0x00000004, topic_id: 0x801(2), participant_id: 0x001(1)
[35m[1785137966.831273][m info     | [34mProxyClient.cpp   [m | [37mcreate_subscriber       [m | [32msubscriber created[m     | client_key: 0x00000004, subscriber_id: 0x801(4), participant_id: 0x001(1)
[35m[1785137966.831504][m info     | [34mProxyClient.cpp   [m | [37mcreate_datareader       [m | [32mdatareader created[m     | client_key: 0x00000004, datareader_id: 0x801(6), subscriber_id: 0x801(4)
[35m[1785137966.831615][m info     | [34mProxyClient.cpp   [m | [37mcreate_topic            [m | [32mtopic created[m          | client_key: 0x00000004, topic_id: 0x802(2), participant_id: 0x001(1)
[35m[1785137966.831644][m info     | [34mProxyClient.cpp   [m | [37mcreate_subscriber       [m | [32msubscriber created[m     | client_key: 0x00000004, subscriber_id: 0x802(4), participant_id: 0x001(1)
[35m[1785137966.832016][m info     | [34mProxyClient.cpp   [m | [37mcreate_datareader       [m | [32mdatareader created[m     | client_key: 0x00000004, datareader_id: 0x802(6), subscriber_id: 0x802(4)
[35m[1785137966.832136][m info     | [34mProxyClient.cpp   [m | [37mcreate_topic            [m | [32mtopic created[m          | client_key: 0x00000004, topic_id: 0x803(2), participant_id: 0x001(1)
[35m[1785137966.832162][m info     | [34mProxyClient.cpp   [m | [37mcreate_subscriber       [m | [32msubscriber created[m     | client_key: 0x00000004, subscriber_id: 0x803(4), participant_id: 0x001(1)
[35m[1785137966.832458][m info     | [34mProxyClient.cpp   [m | [37mcreate_datareader       [m | [32mdatareader created[m     | client_key: 0x00000004, datareader_id: 0x803(6), subscriber_id: 0x803(4)
[35m[1785137966.832565][m info     | [34mProxyClient.cpp   [m | [37mcreate_topic            [m | [32mtopic created[m          | client_key: 0x00000004, topic_id: 0x804(2), participant_id: 0x001(1)
[35m[1785137966.832586][m info     | [34mProxyClient.cpp   [m | [37mcreate_subscriber       [m | [32msubscriber created[m     | client_key: 0x00000004, subscriber_id: 0x804(4), participant_id: 0x001(1)
[35m[1785137966.832810][m info     | [34mProxyClient.cpp   [m | [37mcreate_datareader       [m | [32mdatareader created[m     | client_key: 0x00000004, datareader_id: 0x804(6), subscriber_id: 0x804(4)
[35m[1785137966.832893][m info     | [34mProxyClient.cpp   [m | [37mcreate_topic            [m | [32mtopic created[m          | client_key: 0x00000004, topic_id: 0x805(2), participant_id: 0x001(1)
[35m[1785137966.832913][m info     | [34mProxyClient.cpp   [m | [37mcreate_subscriber       [m | [32msubscriber created[m     | client_key: 0x00000004, subscriber_id: 0x805(4), participant_id: 0x001(1)
[35m[1785137966.833144][m info     | [34mProxyClient.cpp   [m | [37mcreate_datareader       [m | [32mdatareader created[m     | client_key: 0x00000004, datareader_id: 0x805(6), subscriber_id: 0x805(4)
[35m[1785137966.833271][m info     | [34mProxyClient.cpp   [m | [37mcreate_topic            [m | [32mtopic created[m          | client_key: 0x00000004, topic_id: 0x806(2), participant_id: 0x001(1)
[35m[1785137966.833292][m info     | [34mProxyClient.cpp   [m | [37mcreate_subscriber       [m | [32msubscriber created[m     | client_key: 0x00000004, subscriber_id: 0x806(4), participant_id: 0x001(1)
[35m[1785137966.833518][m info     | [34mProxyClient.cpp   [m | [37mcreate_datareader       [m | [32mdatareader created[m     | client_key: 0x00000004, datareader_id: 0x806(6), subscriber_id: 0x806(4)
[35m[1785137966.833604][m info     | [34mProxyClient.cpp   [m | [37mcreate_topic            [m | [32mtopic created[m          | client_key: 0x00000004, topic_id: 0x807(2), participant_id: 0x001(1)
[35m[1785137966.833624][m info     | [34mProxyClient.cpp   [m | [37mcreate_subscriber       [m | [32msubscriber created[m     | client_key: 0x00000004, subscriber_id: 0x807(4), participant_id: 0x001(1)
[35m[1785137966.833847][m info     | [34mProxyClient.cpp   [m | [37mcreate_datareader       [m | [32mdatareader created[m     | client_key: 0x00000004, datareader_id: 0x807(6), subscriber_id: 0x807(4)
[35m[1785137966.833935][m info     | [34mProxyClient.cpp   [m | [37mcreate_topic            [m | [32mtopic created[m          | client_key: 0x00000004, topic_id: 0x808(2), participant_id: 0x001(1)
[35m[1785137966.833948][m info     | [34mProxyClient.cpp   [m | [37mcreate_subscriber       [m | [32msubscriber created[m     | client_key: 0x00000004, subscriber_id: 0x808(4), participant_id: 0x001(1)
[35m[1785137966.834178][m info     | [34mProxyClient.cpp   [m | [37mcreate_datareader       [m | [32mdatareader created[m     | client_key: 0x00000004, datareader_id: 0x808(6), subscriber_id: 0x808(4)
[35m[1785137966.834268][m info     | [34mProxyClient.cpp   [m | [37mcreate_topic            [m | [32mtopic created[m          | client_key: 0x00000004, topic_id: 0x809(2), participant_id: 0x001(1)
[35m[1785137966.834281][m info     | [34mProxyClient.cpp   [m | [37mcreate_subscriber       [m | [32msubscriber created[m     | client_key: 0x00000004, subscriber_id: 0x809(4), participant_id: 0x001(1)
[35m[1785137966.834498][m info     | [34mProxyClient.cpp   [m | [37mcreate_datareader       [m | [32mdatareader created[m     | client_key: 0x00000004, datareader_id: 0x809(6), subscriber_id: 0x809(4)
[35m[1785137966.834575][m info     | [34mProxyClient.cpp   [m | [37mcreate_topic            [m | [32mtopic created[m          | client_key: 0x00000004, topic_id: 0x80A(2), participant_id: 0x001(1)
[35m[1785137966.834592][m info     | [34mProxyClient.cpp   [m | [37mcreate_subscriber       [m | [32msubscriber created[m     | client_key: 0x00000004, subscriber_id: 0x80A(4), participant_id: 0x001(1)
[35m[1785137966.834813][m info     | [34mProxyClient.cpp   [m | [37mcreate_datareader       [m | [32mdatareader created[m     | client_key: 0x00000004, datareader_id: 0x80A(6), subscriber_id: 0x80A(4)
[35m[1785137966.834887][m info     | [34mProxyClient.cpp   [m | [37mcreate_topic            [m | [32mtopic created[m          | client_key: 0x00000004, topic_id: 0x80B(2), participant_id: 0x001(1)
[35m[1785137966.834903][m info     | [34mProxyClient.cpp   [m | [37mcreate_subscriber       [m | [32msubscriber created[m     | client_key: 0x00000004, subscriber_id: 0x80B(4), participant_id: 0x001(1)
[35m[1785137966.835180][m info     | [34mProxyClient.cpp   [m | [37mcreate_datareader       [m | [32mdatareader created[m     | client_key: 0x00000004, datareader_id: 0x80B(6), subscriber_id: 0x80B(4)
[35m[1785137966.836024][m info     | [34mProxyClient.cpp   [m | [37mcreate_topic            [m | [32mtopic created[m          | client_key: 0x00000004, topic_id: 0x80C(2), participant_id: 0x001(1)
[35m[1785137966.836045][m info     | [34mProxyClient.cpp   [m | [37mcreate_subscriber       [m | [32msubscriber created[m     | client_key: 0x00000004, subscriber_id: 0x80C(4), participant_id: 0x001(1)
[35m[1785137966.836312][m info     | [34mProxyClient.cpp   [m | [37mcreate_datareader       [m | [32mdatareader created[m     | client_key: 0x00000004, datareader_id: 0x80C(6), subscriber_id: 0x80C(4)
[35m[1785137966.836404][m info     | [34mProxyClient.cpp   [m | [37mcreate_topic            [m | [32mtopic created[m          | client_key: 0x00000004, topic_id: 0x80D(2), participant_id: 0x001(1)
[35m[1785137966.836423][m info     | [34mProxyClient.cpp   [m | [37mcreate_subscriber       [m | [32msubscriber created[m     | client_key: 0x00000004, subscriber_id: 0x80D(4), participant_id: 0x001(1)
[35m[1785137966.836642][m info     | [34mProxyClient.cpp   [m | [37mcreate_datareader       [m | [32mdatareader created[m     | client_key: 0x00000004, datareader_id: 0x80D(6), subscriber_id: 0x80D(4)
[35m[1785137966.836728][m info     | [34mProxyClient.cpp   [m | [37mcreate_topic            [m | [32mtopic created[m          | client_key: 0x00000004, topic_id: 0x80E(2), participant_id: 0x001(1)
[35m[1785137966.836748][m info     | [34mProxyClient.cpp   [m | [37mcreate_subscriber       [m | [32msubscriber created[m     | client_key: 0x00000004, subscriber_id: 0x80E(4), participant_id: 0x001(1)
[35m[1785137966.836965][m info     | [34mProxyClient.cpp   [m | [37mcreate_datareader       [m | [32mdatareader created[m     | client_key: 0x00000004, datareader_id: 0x80E(6), subscriber_id: 0x80E(4)
[35m[1785137966.837045][m info     | [34mProxyClient.cpp   [m | [37mcreate_topic            [m | [32mtopic created[m          | client_key: 0x00000004, topic_id: 0x80F(2), participant_id: 0x001(1)
[35m[1785137966.837057][m info     | [34mProxyClient.cpp   [m | [37mcreate_subscriber       [m | [32msubscriber created[m     | client_key: 0x00000004, subscriber_id: 0x80F(4), participant_id: 0x001(1)
[35m[1785137966.837270][m info     | [34mProxyClient.cpp   [m | [37mcreate_datareader       [m | [32mdatareader created[m     | client_key: 0x00000004, datareader_id: 0x80F(6), subscriber_id: 0x80F(4)
[35m[1785137966.837362][m info     | [34mProxyClient.cpp   [m | [37mcreate_topic            [m | [32mtopic created[m          | client_key: 0x00000004, topic_id: 0x810(2), participant_id: 0x001(1)
[35m[1785137966.837375][m info     | [34mProxyClient.cpp   [m | [37mcreate_subscriber       [m | [32msubscriber created[m     | client_key: 0x00000004, subscriber_id: 0x810(4), participant_id: 0x001(1)
[35m[1785137966.837592][m info     | [34mProxyClient.cpp   [m | [37mcreate_datareader       [m | [32mdatareader created[m     | client_key: 0x00000004, datareader_id: 0x810(6), subscriber_id: 0x810(4)
[35m[1785137966.837674][m info     | [34mProxyClient.cpp   [m | [37mcreate_topic            [m | [32mtopic created[m          | client_key: 0x00000004, topic_id: 0x811(2), participant_id: 0x001(1)
[35m[1785137966.837691][m info     | [34mProxyClient.cpp   [m | [37mcreate_subscriber       [m | [32msubscriber created[m     | client_key: 0x00000004, subscriber_id: 0x811(4), participant_id: 0x001(1)
[35m[1785137966.837902][m info     | [34mProxyClient.cpp   [m | [37mcreate_datareader       [m | [32mdatareader created[m     | client_key: 0x00000004, datareader_id: 0x811(6), subscriber_id: 0x811(4)
[35m[1785137966.838012][m info     | [34mProxyClient.cpp   [m | [37mcreate_topic            [m | [32mtopic created[m          | client_key: 0x00000004, topic_id: 0x812(2), participant_id: 0x001(1)
[35m[1785137966.838024][m info     | [34mProxyClient.cpp   [m | [37mcreate_subscriber       [m | [32msubscriber created[m     | client_key: 0x00000004, subscriber_id: 0x812(4), participant_id: 0x001(1)
[35m[1785137966.838240][m info     | [34mProxyClient.cpp   [m | [37mcreate_datareader       [m | [32mdatareader created[m     | client_key: 0x00000004, datareader_id: 0x812(6), subscriber_id: 0x812(4)
[35m[1785137966.838327][m info     | [34mProxyClient.cpp   [m | [37mcreate_topic            [m | [32mtopic created[m          | client_key: 0x00000004, topic_id: 0x813(2), participant_id: 0x001(1)
[35m[1785137966.838342][m info     | [34mProxyClient.cpp   [m | [37mcreate_subscriber       [m | [32msubscriber created[m     | client_key: 0x00000004, subscriber_id: 0x813(4), participant_id: 0x001(1)
[35m[1785137966.838550][m info     | [34mProxyClient.cpp   [m | [37mcreate_datareader       [m | [32mdatareader created[m     | client_key: 0x00000004, datareader_id: 0x813(6), subscriber_id: 0x813(4)
[35m[1785137966.838633][m info     | [34mProxyClient.cpp   [m | [37mcreate_topic            [m | [32mtopic created[m          | client_key: 0x00000004, topic_id: 0x814(2), participant_id: 0x001(1)
[35m[1785137966.838646][m info     | [34mProxyClient.cpp   [m | [37mcreate_subscriber       [m | [32msubscriber created[m     | client_key: 0x00000004, subscriber_id: 0x814(4), participant_id: 0x001(1)
[35m[1785137966.838860][m info     | [34mProxyClient.cpp   [m | [37mcreate_datareader       [m | [32mdatareader created[m     | client_key: 0x00000004, datareader_id: 0x814(6), subscriber_id: 0x814(4)
[35m[1785137966.838948][m info     | [34mProxyClient.cpp   [m | [37mcreate_topic            [m | [32mtopic created[m          | client_key: 0x00000004, topic_id: 0x815(2), participant_id: 0x001(1)
[35m[1785137966.838960][m info     | [34mProxyClient.cpp   [m | [37mcreate_subscriber       [m | [32msubscriber created[m     | client_key: 0x00000004, subscriber_id: 0x815(4), participant_id: 0x001(1)
[35m[1785137966.839200][m info     | [34mProxyClient.cpp   [m | [37mcreate_datareader       [m | [32mdatareader created[m     | client_key: 0x00000004, datareader_id: 0x815(6), subscriber_id: 0x815(4)
[35m[1785137966.839289][m info     | [34mProxyClient.cpp   [m | [37mcreate_topic            [m | [32mtopic created[m          | client_key: 0x00000004, topic_id: 0x816(2), participant_id: 0x001(1)
[35m[1785137966.839301][m info     | [34mProxyClient.cpp   [m | [37mcreate_subscriber       [m | [32msubscriber created[m     | client_key: 0x00000004, subscriber_id: 0x816(4), participant_id: 0x001(1)
[35m[1785137966.839514][m info     | [34mProxyClient.cpp   [m | [37mcreate_datareader       [m | [32mdatareader created[m     | client_key: 0x00000004, datareader_id: 0x816(6), subscriber_id: 0x816(4)
[35m[1785137966.839593][m info     | [34mProxyClient.cpp   [m | [37mcreate_topic            [m | [32mtopic created[m          | client_key: 0x00000004, topic_id: 0x817(2), participant_id: 0x001(1)
[35m[1785137966.839610][m info     | [34mProxyClient.cpp   [m | [37mcreate_subscriber       [m | [32msubscriber created[m     | client_key: 0x00000004, subscriber_id: 0x817(4), participant_id: 0x001(1)
[35m[1785137966.839820][m info     | [34mProxyClient.cpp   [m | [37mcreate_datareader       [m | [32mdatareader created[m     | client_key: 0x00000004, datareader_id: 0x817(6), subscriber_id: 0x817(4)
[35m[1785137966.839911][m info     | [34mProxyClient.cpp   [m | [37mcreate_topic            [m | [32mtopic created[m          | client_key: 0x00000004, topic_id: 0x818(2), participant_id: 0x001(1)
[35m[1785137966.839922][m info     | [34mProxyClient.cpp   [m | [37mcreate_subscriber       [m | [32msubscriber created[m     | client_key: 0x00000004, subscriber_id: 0x818(4), participant_id: 0x001(1)
[35m[1785137966.840126][m info     | [34mProxyClient.cpp   [m | [37mcreate_datareader       [m | [32mdatareader created[m     | client_key: 0x00000004, datareader_id: 0x818(6), subscriber_id: 0x818(4)
[35m[1785137966.840213][m info     | [34mProxyClient.cpp   [m | [37mcreate_topic            [m | [32mtopic created[m          | client_key: 0x00000004, topic_id: 0x819(2), participant_id: 0x001(1)
[35m[1785137966.840228][m info     | [34mProxyClient.cpp   [m | [37mcreate_subscriber       [m | [32msubscriber created[m     | client_key: 0x00000004, subscriber_id: 0x819(4), participant_id: 0x001(1)
[35m[1785137966.840438][m info     | [34mProxyClient.cpp   [m | [37mcreate_datareader       [m | [32mdatareader created[m     | client_key: 0x00000004, datareader_id: 0x819(6), subscriber_id: 0x819(4)
[35m[1785137966.840520][m info     | [34mProxyClient.cpp   [m | [37mcreate_topic            [m | [32mtopic created[m          | client_key: 0x00000004, topic_id: 0x81A(2), participant_id: 0x001(1)
[35m[1785137966.840533][m info     | [34mProxyClient.cpp   [m | [37mcreate_subscriber       [m | [32msubscriber created[m     | client_key: 0x00000004, subscriber_id: 0x81A(4), participant_id: 0x001(1)
[35m[1785137966.840825][m info     | [34mProxyClient.cpp   [m | [37mcreate_datareader       [m | [32mdatareader created[m     | client_key: 0x00000004, datareader_id: 0x81A(6), subscriber_id: 0x81A(4)
[35m[1785137966.840901][m info     | [34mProxyClient.cpp   [m | [37mcreate_topic            [m | [32mtopic created[m          | client_key: 0x00000004, topic_id: 0x81B(2), participant_id: 0x001(1)
[35m[1785137966.840921][m info     | [34mProxyClient.cpp   [m | [37mcreate_subscriber       [m | [32msubscriber created[m     | client_key: 0x00000004, subscriber_id: 0x81B(4), participant_id: 0x001(1)
[35m[1785137966.841130][m info     | [34mProxyClient.cpp   [m | [37mcreate_datareader       [m | [32mdatareader created[m     | client_key: 0x00000004, datareader_id: 0x81B(6), subscriber_id: 0x81B(4)
[35m[1785137966.841215][m info     | [34mProxyClient.cpp   [m | [37mcreate_topic            [m | [32mtopic created[m          | client_key: 0x00000004, topic_id: 0x81C(2), participant_id: 0x001(1)
[35m[1785137966.841302][m info     | [34mProxyClient.cpp   [m | [37mcreate_subscriber       [m | [32msubscriber created[m     | client_key: 0x00000004, subscriber_id: 0x81C(4), participant_id: 0x001(1)
[35m[1785137966.841522][m info     | [34mProxyClient.cpp   [m | [37mcreate_datareader       [m | [32mdatareader created[m     | client_key: 0x00000004, datareader_id: 0x81C(6), subscriber_id: 0x81C(4)
[35m[1785137966.842022][m info     | [34mProxyClient.cpp   [m | [37mcreate_replier          [m | [32mreplier created[m        | client_key: 0x00000004, requester_id: 0x800(7), participant_id: 0x001(1)
[35m[1785137967.448465][m info     | [34mRoot.cpp          [m | [37mcreate_client           [m | [32mcreate[m                 | client_key: 0x00000005, session_id: 0x81
[35m[1785137967.448489][m info     | [34mSessionManager.hpp[m | [37mestablish_session       [m | [32msession established[m    | client_key: 0x00000005, address: 127.0.0.1:60588
[35m[1785137967.450285][m info     | [34mProxyClient.cpp   [m | [37mcreate_participant      [m | [32mparticipant created[m    | client_key: 0x00000005, participant_id: 0x001(1)
[35m[1785137967.450384][m info     | [34mProxyClient.cpp   [m | [37mcreate_topic            [m | [32mtopic created[m          | client_key: 0x00000005, topic_id: 0x800(2), participant_id: 0x001(1)
[35m[1785137967.450450][m info     | [34mProxyClient.cpp   [m | [37mcreate_subscriber       [m | [32msubscriber created[m     | client_key: 0x00000005, subscriber_id: 0x800(4), participant_id: 0x001(1)
[35m[1785137967.450745][m info     | [34mProxyClient.cpp   [m | [37mcreate_datareader       [m | [32mdatareader created[m     | client_key: 0x00000005, datareader_id: 0x800(6), subscriber_id: 0x800(4)
[35m[1785137967.450850][m info     | [34mProxyClient.cpp   [m | [37mcreate_topic            [m | [32mtopic created[m          | client_key: 0x00000005, topic_id: 0x801(2), participant_id: 0x001(1)
[35m[1785137967.450864][m info     | [34mProxyClient.cpp   [m | [37mcreate_subscriber       [m | [32msubscriber created[m     | client_key: 0x00000005, subscriber_id: 0x801(4), participant_id: 0x001(1)
[35m[1785137967.451211][m info     | [34mProxyClient.cpp   [m | [37mcreate_datareader       [m | [32mdatareader created[m     | client_key: 0x00000005, datareader_id: 0x801(6), subscriber_id: 0x801(4)
[35m[1785137967.451355][m info     | [34mProxyClient.cpp   [m | [37mcreate_topic            [m | [32mtopic created[m          | client_key: 0x00000005, topic_id: 0x802(2), participant_id: 0x001(1)
[35m[1785137967.451388][m info     | [34mProxyClient.cpp   [m | [37mcreate_subscriber       [m | [32msubscriber created[m     | client_key: 0x00000005, subscriber_id: 0x802(4), participant_id: 0x001(1)
[35m[1785137967.451682][m info     | [34mProxyClient.cpp   [m | [37mcreate_datareader       [m | [32mdatareader created[m     | client_key: 0x00000005, datareader_id: 0x802(6), subscriber_id: 0x802(4)
[35m[1785137967.451789][m info     | [34mProxyClient.cpp   [m | [37mcreate_topic            [m | [32mtopic created[m          | client_key: 0x00000005, topic_id: 0x803(2), participant_id: 0x001(1)
[35m[1785137967.451812][m info     | [34mProxyClient.cpp   [m | [37mcreate_subscriber       [m | [32msubscriber created[m     | client_key: 0x00000005, subscriber_id: 0x803(4), participant_id: 0x001(1)
[35m[1785137967.452058][m info     | [34mProxyClient.cpp   [m | [37mcreate_datareader       [m | [32mdatareader created[m     | client_key: 0x00000005, datareader_id: 0x803(6), subscriber_id: 0x803(4)
[35m[1785137967.452144][m info     | [34mProxyClient.cpp   [m | [37mcreate_topic            [m | [32mtopic created[m          | client_key: 0x00000005, topic_id: 0x804(2), participant_id: 0x001(1)
[35m[1785137967.452166][m info     | [34mProxyClient.cpp   [m | [37mcreate_subscriber       [m | [32msubscriber created[m     | client_key: 0x00000005, subscriber_id: 0x804(4), participant_id: 0x001(1)
[35m[1785137967.452396][m info     | [34mProxyClient.cpp   [m | [37mcreate_datareader       [m | [32mdatareader created[m     | client_key: 0x00000005, datareader_id: 0x804(6), subscriber_id: 0x804(4)
[35m[1785137967.452481][m info     | [34mProxyClient.cpp   [m | [37mcreate_topic            [m | [32mtopic created[m          | client_key: 0x00000005, topic_id: 0x805(2), participant_id: 0x001(1)
[35m[1785137967.452497][m info     | [34mProxyClient.cpp   [m | [37mcreate_subscriber       [m | [32msubscriber created[m     | client_key: 0x00000005, subscriber_id: 0x805(4), participant_id: 0x001(1)
[35m[1785137967.452714][m info     | [34mProxyClient.cpp   [m | [37mcreate_datareader       [m | [32mdatareader created[m     | client_key: 0x00000005, datareader_id: 0x805(6), subscriber_id: 0x805(4)
[35m[1785137967.452789][m info     | [34mProxyClient.cpp   [m | [37mcreate_topic            [m | [32mtopic created[m          | client_key: 0x00000005, topic_id: 0x806(2), participant_id: 0x001(1)
[35m[1785137967.452804][m info     | [34mProxyClient.cpp   [m | [37mcreate_subscriber       [m | [32msubscriber created[m     | client_key: 0x00000005, subscriber_id: 0x806(4), participant_id: 0x001(1)
[35m[1785137967.453023][m info     | [34mProxyClient.cpp   [m | [37mcreate_datareader       [m | [32mdatareader created[m     | client_key: 0x00000005, datareader_id: 0x806(6), subscriber_id: 0x806(4)
[35m[1785137967.453110][m info     | [34mProxyClient.cpp   [m | [37mcreate_topic            [m | [32mtopic created[m          | client_key: 0x00000005, topic_id: 0x807(2), participant_id: 0x001(1)
[35m[1785137967.453131][m info     | [34mProxyClient.cpp   [m | [37mcreate_subscriber       [m | [32msubscriber created[m     | client_key: 0x00000005, subscriber_id: 0x807(4), participant_id: 0x001(1)
[35m[1785137967.453370][m info     | [34mProxyClient.cpp   [m | [37mcreate_datareader       [m | [32mdatareader created[m     | client_key: 0x00000005, datareader_id: 0x807(6), subscriber_id: 0x807(4)
[35m[1785137967.453452][m info     | [34mProxyClient.cpp   [m | [37mcreate_topic            [m | [32mtopic created[m          | client_key: 0x00000005, topic_id: 0x808(2), participant_id: 0x001(1)
[35m[1785137967.453470][m info     | [34mProxyClient.cpp   [m | [37mcreate_subscriber       [m | [32msubscriber created[m     | client_key: 0x00000005, subscriber_id: 0x808(4), participant_id: 0x001(1)
[35m[1785137967.453689][m info     | [34mProxyClient.cpp   [m | [37mcreate_datareader       [m | [32mdatareader created[m     | client_key: 0x00000005, datareader_id: 0x808(6), subscriber_id: 0x808(4)
[35m[1785137967.453762][m info     | [34mProxyClient.cpp   [m | [37mcreate_topic            [m | [32mtopic created[m          | client_key: 0x00000005, topic_id: 0x809(2), participant_id: 0x001(1)
[35m[1785137967.453779][m info     | [34mProxyClient.cpp   [m | [37mcreate_subscriber       [m | [32msubscriber created[m     | client_key: 0x00000005, subscriber_id: 0x809(4), participant_id: 0x001(1)
[35m[1785137967.453991][m info     | [34mProxyClient.cpp   [m | [37mcreate_datareader       [m | [32mdatareader created[m     | client_key: 0x00000005, datareader_id: 0x809(6), subscriber_id: 0x809(4)
[35m[1785137967.454062][m info     | [34mProxyClient.cpp   [m | [37mcreate_topic            [m | [32mtopic created[m          | client_key: 0x00000005, topic_id: 0x80A(2), participant_id: 0x001(1)
[35m[1785137967.454080][m info     | [34mProxyClient.cpp   [m | [37mcreate_subscriber       [m | [32msubscriber created[m     | client_key: 0x00000005, subscriber_id: 0x80A(4), participant_id: 0x001(1)
[35m[1785137967.454305][m info     | [34mProxyClient.cpp   [m | [37mcreate_datareader       [m | [32mdatareader created[m     | client_key: 0x00000005, datareader_id: 0x80A(6), subscriber_id: 0x80A(4)
[35m[1785137967.454386][m info     | [34mProxyClient.cpp   [m | [37mcreate_topic            [m | [32mtopic created[m          | client_key: 0x00000005, topic_id: 0x80B(2), participant_id: 0x001(1)
[35m[1785137967.454402][m info     | [34mProxyClient.cpp   [m | [37mcreate_subscriber       [m | [32msubscriber created[m     | client_key: 0x00000005, subscriber_id: 0x80B(4), participant_id: 0x001(1)
[35m[1785137967.454619][m info     | [34mProxyClient.cpp   [m | [37mcreate_datareader       [m | [32mdatareader created[m     | client_key: 0x00000005, datareader_id: 0x80B(6), subscriber_id: 0x80B(4)
[35m[1785137967.454694][m info     | [34mProxyClient.cpp   [m | [37mcreate_topic            [m | [32mtopic created[m          | client_key: 0x00000005, topic_id: 0x80C(2), participant_id: 0x001(1)
[35m[1785137967.454710][m info     | [34mProxyClient.cpp   [m | [37mcreate_subscriber       [m | [32msubscriber created[m     | client_key: 0x00000005, subscriber_id: 0x80C(4), participant_id: 0x001(1)
[35m[1785137967.454941][m info     | [34mProxyClient.cpp   [m | [37mcreate_datareader       [m | [32mdatareader created[m     | client_key: 0x00000005, datareader_id: 0x80C(6), subscriber_id: 0x80C(4)
[35m[1785137967.455019][m info     | [34mProxyClient.cpp   [m | [37mcreate_topic            [m | [32mtopic created[m          | client_key: 0x00000005, topic_id: 0x80D(2), participant_id: 0x001(1)
[35m[1785137967.455040][m info     | [34mProxyClient.cpp   [m | [37mcreate_subscriber       [m | [32msubscriber created[m     | client_key: 0x00000005, subscriber_id: 0x80D(4), participant_id: 0x001(1)
[35m[1785137967.455295][m info     | [34mProxyClient.cpp   [m | [37mcreate_datareader       [m | [32mdatareader created[m     | client_key: 0x00000005, datareader_id: 0x80D(6), subscriber_id: 0x80D(4)
[35m[1785137967.455381][m info     | [34mProxyClient.cpp   [m | [37mcreate_topic            [m | [32mtopic created[m          | client_key: 0x00000005, topic_id: 0x80E(2), participant_id: 0x001(1)
[35m[1785137967.455398][m info     | [34mProxyClient.cpp   [m | [37mcreate_subscriber       [m | [32msubscriber created[m     | client_key: 0x00000005, subscriber_id: 0x80E(4), participant_id: 0x001(1)
[35m[1785137967.455628][m info     | [34mProxyClient.cpp   [m | [37mcreate_datareader       [m | [32mdatareader created[m     | client_key: 0x00000005, datareader_id: 0x80E(6), subscriber_id: 0x80E(4)
[35m[1785137967.455704][m info     | [34mProxyClient.cpp   [m | [37mcreate_topic            [m | [32mtopic created[m          | client_key: 0x00000005, topic_id: 0x80F(2), participant_id: 0x001(1)
[35m[1785137967.455720][m info     | [34mProxyClient.cpp   [m | [37mcreate_subscriber       [m | [32msubscriber created[m     | client_key: 0x00000005, subscriber_id: 0x80F(4), participant_id: 0x001(1)
[35m[1785137967.455930][m info     | [34mProxyClient.cpp   [m | [37mcreate_datareader       [m | [32mdatareader created[m     | client_key: 0x00000005, datareader_id: 0x80F(6), subscriber_id: 0x80F(4)
[35m[1785137967.456006][m info     | [34mProxyClient.cpp   [m | [37mcreate_topic            [m | [32mtopic created[m          | client_key: 0x00000005, topic_id: 0x810(2), participant_id: 0x001(1)
[35m[1785137967.456022][m info     | [34mProxyClient.cpp   [m | [37mcreate_subscriber       [m | [32msubscriber created[m     | client_key: 0x00000005, subscriber_id: 0x810(4), participant_id: 0x001(1)
[35m[1785137967.456240][m info     | [34mProxyClient.cpp   [m | [37mcreate_datareader       [m | [32mdatareader created[m     | client_key: 0x00000005, datareader_id: 0x810(6), subscriber_id: 0x810(4)
[35m[1785137967.456327][m info     | [34mProxyClient.cpp   [m | [37mcreate_topic            [m | [32mtopic created[m          | client_key: 0x00000005, topic_id: 0x811(2), participant_id: 0x001(1)
[35m[1785137967.456343][m info     | [34mProxyClient.cpp   [m | [37mcreate_subscriber       [m | [32msubscriber created[m     | client_key: 0x00000005, subscriber_id: 0x811(4), participant_id: 0x001(1)
[35m[1785137967.456574][m info     | [34mProxyClient.cpp   [m | [37mcreate_datareader       [m | [32mdatareader created[m     | client_key: 0x00000005, datareader_id: 0x811(6), subscriber_id: 0x811(4)
[35m[1785137967.456653][m info     | [34mProxyClient.cpp   [m | [37mcreate_topic            [m | [32mtopic created[m          | client_key: 0x00000005, topic_id: 0x812(2), participant_id: 0x001(1)
[35m[1785137967.456669][m info     | [34mProxyClient.cpp   [m | [37mcreate_subscriber       [m | [32msubscriber created[m     | client_key: 0x00000005, subscriber_id: 0x812(4), participant_id: 0x001(1)
[35m[1785137967.456878][m info     | [34mProxyClient.cpp   [m | [37mcreate_datareader       [m | [32mdatareader created[m     | client_key: 0x00000005, datareader_id: 0x812(6), subscriber_id: 0x812(4)
[35m[1785137967.456954][m info     | [34mProxyClient.cpp   [m | [37mcreate_topic            [m | [32mtopic created[m          | client_key: 0x00000005, topic_id: 0x813(2), participant_id: 0x001(1)
[35m[1785137967.456973][m info     | [34mProxyClient.cpp   [m | [37mcreate_subscriber       [m | [32msubscriber created[m     | client_key: 0x00000005, subscriber_id: 0x813(4), participant_id: 0x001(1)
[35m[1785137967.457206][m info     | [34mProxyClient.cpp   [m | [37mcreate_datareader       [m | [32mdatareader created[m     | client_key: 0x00000005, datareader_id: 0x813(6), subscriber_id: 0x813(4)
[35m[1785137967.457286][m info     | [34mProxyClient.cpp   [m | [37mcreate_topic            [m | [32mtopic created[m          | client_key: 0x00000005, topic_id: 0x814(2), participant_id: 0x001(1)
[35m[1785137967.457298][m info     | [34mProxyClient.cpp   [m | [37mcreate_subscriber       [m | [32msubscriber created[m     | client_key: 0x00000005, subscriber_id: 0x814(4), participant_id: 0x001(1)
[35m[1785137967.457517][m info     | [34mProxyClient.cpp   [m | [37mcreate_datareader       [m | [32mdatareader created[m     | client_key: 0x00000005, datareader_id: 0x814(6), subscriber_id: 0x814(4)
[35m[1785137967.457599][m info     | [34mProxyClient.cpp   [m | [37mcreate_topic            [m | [32mtopic created[m          | client_key: 0x00000005, topic_id: 0x815(2), participant_id: 0x001(1)
[35m[1785137967.457610][m info     | [34mProxyClient.cpp   [m | [37mcreate_subscriber       [m | [32msubscriber created[m     | client_key: 0x00000005, subscriber_id: 0x815(4), participant_id: 0x001(1)
[35m[1785137967.457827][m info     | [34mProxyClient.cpp   [m | [37mcreate_datareader       [m | [32mdatareader created[m     | client_key: 0x00000005, datareader_id: 0x815(6), subscriber_id: 0x815(4)
[35m[1785137967.457902][m info     | [34mProxyClient.cpp   [m | [37mcreate_topic            [m | [32mtopic created[m          | client_key: 0x00000005, topic_id: 0x816(2), participant_id: 0x001(1)
[35m[1785137967.457919][m info     | [34mProxyClient.cpp   [m | [37mcreate_subscriber       [m | [32msubscriber created[m     | client_key: 0x00000005, subscriber_id: 0x816(4), participant_id: 0x001(1)
[35m[1785137967.458135][m info     | [34mProxyClient.cpp   [m | [37mcreate_datareader       [m | [32mdatareader created[m     | client_key: 0x00000005, datareader_id: 0x816(6), subscriber_id: 0x816(4)
[35m[1785137967.458217][m info     | [34mProxyClient.cpp   [m | [37mcreate_topic            [m | [32mtopic created[m          | client_key: 0x00000005, topic_id: 0x817(2), participant_id: 0x001(1)
[35m[1785137967.458237][m info     | [34mProxyClient.cpp   [m | [37mcreate_subscriber       [m | [32msubscriber created[m     | client_key: 0x00000005, subscriber_id: 0x817(4), participant_id: 0x001(1)
[35m[1785137967.458462][m info     | [34mProxyClient.cpp   [m | [37mcreate_datareader       [m | [32mdatareader created[m     | client_key: 0x00000005, datareader_id: 0x817(6), subscriber_id: 0x817(4)
[35m[1785137967.458548][m info     | [34mProxyClient.cpp   [m | [37mcreate_topic            [m | [32mtopic created[m          | client_key: 0x00000005, topic_id: 0x818(2), participant_id: 0x001(1)
[35m[1785137967.458559][m info     | [34mProxyClient.cpp   [m | [37mcreate_subscriber       [m | [32msubscriber created[m     | client_key: 0x00000005, subscriber_id: 0x818(4), participant_id: 0x001(1)
[35m[1785137967.458775][m info     | [34mProxyClient.cpp   [m | [37mcreate_datareader       [m | [32mdatareader created[m     | client_key: 0x00000005, datareader_id: 0x818(6), subscriber_id: 0x818(4)
[35m[1785137967.458862][m info     | [34mProxyClient.cpp   [m | [37mcreate_topic            [m | [32mtopic created[m          | client_key: 0x00000005, topic_id: 0x819(2), participant_id: 0x001(1)
[35m[1785137967.458874][m info     | [34mProxyClient.cpp   [m | [37mcreate_subscriber       [m | [32msubscriber created[m     | client_key: 0x00000005, subscriber_id: 0x819(4), participant_id: 0x001(1)
[35m[1785137967.459094][m info     | [34mProxyClient.cpp   [m | [37mcreate_datareader       [m | [32mdatareader created[m     | client_key: 0x00000005, datareader_id: 0x819(6), subscriber_id: 0x819(4)
[35m[1785137967.459174][m info     | [34mProxyClient.cpp   [m | [37mcreate_topic            [m | [32mtopic created[m          | client_key: 0x00000005, topic_id: 0x81A(2), participant_id: 0x001(1)
[35m[1785137967.459197][m info     | [34mProxyClient.cpp   [m | [37mcreate_subscriber       [m | [32msubscriber created[m     | client_key: 0x00000005, subscriber_id: 0x81A(4), participant_id: 0x001(1)
[35m[1785137967.459448][m info     | [34mProxyClient.cpp   [m | [37mcreate_datareader       [m | [32mdatareader created[m     | client_key: 0x00000005, datareader_id: 0x81A(6), subscriber_id: 0x81A(4)
[35m[1785137967.459531][m info     | [34mProxyClient.cpp   [m | [37mcreate_topic            [m | [32mtopic created[m          | client_key: 0x00000005, topic_id: 0x81B(2), participant_id: 0x001(1)
[35m[1785137967.459548][m info     | [34mProxyClient.cpp   [m | [37mcreate_subscriber       [m | [32msubscriber created[m     | client_key: 0x00000005, subscriber_id: 0x81B(4), participant_id: 0x001(1)
[35m[1785137967.459805][m info     | [34mProxyClient.cpp   [m | [37mcreate_datareader       [m | [32mdatareader created[m     | client_key: 0x00000005, datareader_id: 0x81B(6), subscriber_id: 0x81B(4)
[35m[1785137967.459881][m info     | [34mProxyClient.cpp   [m | [37mcreate_topic            [m | [32mtopic created[m          | client_key: 0x00000005, topic_id: 0x81C(2), participant_id: 0x001(1)
[35m[1785137967.459899][m info     | [34mProxyClient.cpp   [m | [37mcreate_subscriber       [m | [32msubscriber created[m     | client_key: 0x00000005, subscriber_id: 0x81C(4), participant_id: 0x001(1)
[35m[1785137967.460119][m info     | [34mProxyClient.cpp   [m | [37mcreate_datareader       [m | [32mdatareader created[m     | client_key: 0x00000005, datareader_id: 0x81C(6), subscriber_id: 0x81C(4)
[35m[1785137967.460666][m info     | [34mProxyClient.cpp   [m | [37mcreate_replier          [m | [32mreplier created[m        | client_key: 0x00000005, requester_id: 0x800(7), participant_id: 0x001(1)
[35m[1785137967.906920][m info     | [34mRoot.cpp          [m | [37mcreate_client           [m | [32mcreate[m                 | client_key: 0x00000006, session_id: 0x81
[35m[1785137967.906940][m info     | [34mSessionManager.hpp[m | [37mestablish_session       [m | [32msession established[m    | client_key: 0x00000006, address: 127.0.0.1:29120
[35m[1785137967.908758][m info     | [34mProxyClient.cpp   [m | [37mcreate_participant      [m | [32mparticipant created[m    | client_key: 0x00000006, participant_id: 0x001(1)
[35m[1785137967.908907][m info     | [34mProxyClient.cpp   [m | [37mcreate_topic            [m | [32mtopic created[m          | client_key: 0x00000006, topic_id: 0x800(2), participant_id: 0x001(1)
[35m[1785137967.908936][m info     | [34mProxyClient.cpp   [m | [37mcreate_subscriber       [m | [32msubscriber created[m     | client_key: 0x00000006, subscriber_id: 0x800(4), participant_id: 0x001(1)
[35m[1785137967.909262][m info     | [34mProxyClient.cpp   [m | [37mcreate_datareader       [m | [32mdatareader created[m     | client_key: 0x00000006, datareader_id: 0x800(6), subscriber_id: 0x800(4)
[35m[1785137967.909381][m info     | [34mProxyClient.cpp   [m | [37mcreate_topic            [m | [32mtopic created[m          | client_key: 0x00000006, topic_id: 0x801(2), participant_id: 0x001(1)
[35m[1785137967.909402][m info     | [34mProxyClient.cpp   [m | [37mcreate_subscriber       [m | [32msubscriber created[m     | client_key: 0x00000006, subscriber_id: 0x801(4), participant_id: 0x001(1)
[35m[1785137967.909727][m info     | [34mProxyClient.cpp   [m | [37mcreate_datareader       [m | [32mdatareader created[m     | client_key: 0x00000006, datareader_id: 0x801(6), subscriber_id: 0x801(4)
[35m[1785137967.909831][m info     | [34mProxyClient.cpp   [m | [37mcreate_topic            [m | [32mtopic created[m          | client_key: 0x00000006, topic_id: 0x802(2), participant_id: 0x001(1)
[35m[1785137967.909851][m info     | [34mProxyClient.cpp   [m | [37mcreate_subscriber       [m | [32msubscriber created[m     | client_key: 0x00000006, subscriber_id: 0x802(4), participant_id: 0x001(1)
[35m[1785137967.910120][m info     | [34mProxyClient.cpp   [m | [37mcreate_datareader       [m | [32mdatareader created[m     | client_key: 0x00000006, datareader_id: 0x802(6), subscriber_id: 0x802(4)
[35m[1785137967.910222][m info     | [34mProxyClient.cpp   [m | [37mcreate_topic            [m | [32mtopic created[m          | client_key: 0x00000006, topic_id: 0x803(2), participant_id: 0x001(1)
[35m[1785137967.910246][m info     | [34mProxyClient.cpp   [m | [37mcreate_subscriber       [m | [32msubscriber created[m     | client_key: 0x00000006, subscriber_id: 0x803(4), participant_id: 0x001(1)
[35m[1785137967.910541][m info     | [34mProxyClient.cpp   [m | [37mcreate_datareader       [m | [32mdatareader created[m     | client_key: 0x00000006, datareader_id: 0x803(6), subscriber_id: 0x803(4)
[35m[1785137967.910639][m info     | [34mProxyClient.cpp   [m | [37mcreate_topic            [m | [32mtopic created[m          | client_key: 0x00000006, topic_id: 0x804(2), participant_id: 0x001(1)
[35m[1785137967.910661][m info     | [34mProxyClient.cpp   [m | [37mcreate_subscriber       [m | [32msubscriber created[m     | client_key: 0x00000006, subscriber_id: 0x804(4), participant_id: 0x001(1)
[35m[1785137967.910934][m info     | [34mProxyClient.cpp   [m | [37mcreate_datareader       [m | [32mdatareader created[m     | client_key: 0x00000006, datareader_id: 0x804(6), subscriber_id: 0x804(4)
[35m[1785137967.911037][m info     | [34mProxyClient.cpp   [m | [37mcreate_topic            [m | [32mtopic created[m          | client_key: 0x00000006, topic_id: 0x805(2), participant_id: 0x001(1)
[35m[1785137967.911050][m info     | [34mProxyClient.cpp   [m | [37mcreate_subscriber       [m | [32msubscriber created[m     | client_key: 0x00000006, subscriber_id: 0x805(4), participant_id: 0x001(1)
[35m[1785137967.911320][m info     | [34mProxyClient.cpp   [m | [37mcreate_datareader       [m | [32mdatareader created[m     | client_key: 0x00000006, datareader_id: 0x805(6), subscriber_id: 0x805(4)
[35m[1785137967.911429][m info     | [34mProxyClient.cpp   [m | [37mcreate_topic            [m | [32mtopic created[m          | client_key: 0x00000006, topic_id: 0x806(2), participant_id: 0x001(1)
[35m[1785137967.911446][m info     | [34mProxyClient.cpp   [m | [37mcreate_subscriber       [m | [32msubscriber created[m     | client_key: 0x00000006, subscriber_id: 0x806(4), participant_id: 0x001(1)
[35m[1785137967.911666][m info     | [34mProxyClient.cpp   [m | [37mcreate_datareader       [m | [32mdatareader created[m     | client_key: 0x00000006, datareader_id: 0x806(6), subscriber_id: 0x806(4)
[35m[1785137967.911747][m info     | [34mProxyClient.cpp   [m | [37mcreate_topic            [m | [32mtopic created[m          | client_key: 0x00000006, topic_id: 0x807(2), participant_id: 0x001(1)
[35m[1785137967.911758][m info     | [34mProxyClient.cpp   [m | [37mcreate_subscriber       [m | [32msubscriber created[m     | client_key: 0x00000006, subscriber_id: 0x807(4), participant_id: 0x001(1)
[35m[1785137967.911981][m info     | [34mProxyClient.cpp   [m | [37mcreate_datareader       [m | [32mdatareader created[m     | client_key: 0x00000006, datareader_id: 0x807(6), subscriber_id: 0x807(4)
[35m[1785137967.912086][m info     | [34mProxyClient.cpp   [m | [37mcreate_topic            [m | [32mtopic created[m          | client_key: 0x00000006, topic_id: 0x808(2), participant_id: 0x001(1)
[35m[1785137967.912102][m info     | [34mProxyClient.cpp   [m | [37mcreate_subscriber       [m | [32msubscriber created[m     | client_key: 0x00000006, subscriber_id: 0x808(4), participant_id: 0x001(1)
[35m[1785137967.912404][m info     | [34mProxyClient.cpp   [m | [37mcreate_datareader       [m | [32mdatareader created[m     | client_key: 0x00000006, datareader_id: 0x808(6), subscriber_id: 0x808(4)
[35m[1785137967.912495][m info     | [34mProxyClient.cpp   [m | [37mcreate_topic            [m | [32mtopic created[m          | client_key: 0x00000006, topic_id: 0x809(2), participant_id: 0x001(1)
[35m[1785137967.912517][m info     | [34mProxyClient.cpp   [m | [37mcreate_subscriber       [m | [32msubscriber created[m     | client_key: 0x00000006, subscriber_id: 0x809(4), participant_id: 0x001(1)
[35m[1785137967.912739][m info     | [34mProxyClient.cpp   [m | [37mcreate_datareader       [m | [32mdatareader created[m     | client_key: 0x00000006, datareader_id: 0x809(6), subscriber_id: 0x809(4)
[35m[1785137967.912842][m info     | [34mProxyClient.cpp   [m | [37mcreate_topic            [m | [32mtopic created[m          | client_key: 0x00000006, topic_id: 0x80A(2), participant_id: 0x001(1)
[35m[1785137967.912860][m info     | [34mProxyClient.cpp   [m | [37mcreate_subscriber       [m | [32msubscriber created[m     | client_key: 0x00000006, subscriber_id: 0x80A(4), participant_id: 0x001(1)
[35m[1785137967.913093][m info     | [34mProxyClient.cpp   [m | [37mcreate_datareader       [m | [32mdatareader created[m     | client_key: 0x00000006, datareader_id: 0x80A(6), subscriber_id: 0x80A(4)
[35m[1785137967.913183][m info     | [34mProxyClient.cpp   [m | [37mcreate_topic            [m | [32mtopic created[m          | client_key: 0x00000006, topic_id: 0x80B(2), participant_id: 0x001(1)
[35m[1785137967.913205][m info     | [34mProxyClient.cpp   [m | [37mcreate_subscriber       [m | [32msubscriber created[m     | client_key: 0x00000006, subscriber_id: 0x80B(4), participant_id: 0x001(1)
[35m[1785137967.913435][m info     | [34mProxyClient.cpp   [m | [37mcreate_datareader       [m | [32mdatareader created[m     | client_key: 0x00000006, datareader_id: 0x80B(6), subscriber_id: 0x80B(4)
[35m[1785137967.913518][m info     | [34mProxyClient.cpp   [m | [37mcreate_topic            [m | [32mtopic created[m          | client_key: 0x00000006, topic_id: 0x80C(2), participant_id: 0x001(1)
[35m[1785137967.913531][m info     | [34mProxyClient.cpp   [m | [37mcreate_subscriber       [m | [32msubscriber created[m     | client_key: 0x00000006, subscriber_id: 0x80C(4), participant_id: 0x001(1)
[35m[1785137967.913750][m info     | [34mProxyClient.cpp   [m | [37mcreate_datareader       [m | [32mdatareader created[m     | client_key: 0x00000006, datareader_id: 0x80C(6), subscriber_id: 0x80C(4)
[35m[1785137967.913832][m info     | [34mProxyClient.cpp   [m | [37mcreate_topic            [m | [32mtopic created[m          | client_key: 0x00000006, topic_id: 0x80D(2), participant_id: 0x001(1)
[35m[1785137967.913845][m info     | [34mProxyClient.cpp   [m | [37mcreate_subscriber       [m | [32msubscriber created[m     | client_key: 0x00000006, subscriber_id: 0x80D(4), participant_id: 0x001(1)
[35m[1785137967.914068][m info     | [34mProxyClient.cpp   [m | [37mcreate_datareader       [m | [32mdatareader created[m     | client_key: 0x00000006, datareader_id: 0x80D(6), subscriber_id: 0x80D(4)
[35m[1785137967.914164][m info     | [34mProxyClient.cpp   [m | [37mcreate_topic            [m | [32mtopic created[m          | client_key: 0x00000006, topic_id: 0x80E(2), participant_id: 0x001(1)
[35m[1785137967.914185][m info     | [34mProxyClient.cpp   [m | [37mcreate_subscriber       [m | [32msubscriber created[m     | client_key: 0x00000006, subscriber_id: 0x80E(4), participant_id: 0x001(1)
[35m[1785137967.914405][m info     | [34mProxyClient.cpp   [m | [37mcreate_datareader       [m | [32mdatareader created[m     | client_key: 0x00000006, datareader_id: 0x80E(6), subscriber_id: 0x80E(4)
[35m[1785137967.914483][m info     | [34mProxyClient.cpp   [m | [37mcreate_topic            [m | [32mtopic created[m          | client_key: 0x00000006, topic_id: 0x80F(2), participant_id: 0x001(1)
[35m[1785137967.914496][m info     | [34mProxyClient.cpp   [m | [37mcreate_subscriber       [m | [32msubscriber created[m     | client_key: 0x00000006, subscriber_id: 0x80F(4), participant_id: 0x001(1)
[35m[1785137967.914727][m info     | [34mProxyClient.cpp   [m | [37mcreate_datareader       [m | [32mdatareader created[m     | client_key: 0x00000006, datareader_id: 0x80F(6), subscriber_id: 0x80F(4)
[35m[1785137967.914808][m info     | [34mProxyClient.cpp   [m | [37mcreate_topic            [m | [32mtopic created[m          | client_key: 0x00000006, topic_id: 0x810(2), participant_id: 0x001(1)
[35m[1785137967.914820][m info     | [34mProxyClient.cpp   [m | [37mcreate_subscriber       [m | [32msubscriber created[m     | client_key: 0x00000006, subscriber_id: 0x810(4), participant_id: 0x001(1)
[35m[1785137967.915059][m info     | [34mProxyClient.cpp   [m | [37mcreate_datareader       [m | [32mdatareader created[m     | client_key: 0x00000006, datareader_id: 0x810(6), subscriber_id: 0x810(4)
[35m[1785137967.915143][m info     | [34mProxyClient.cpp   [m | [37mcreate_topic            [m | [32mtopic created[m          | client_key: 0x00000006, topic_id: 0x811(2), participant_id: 0x001(1)
[35m[1785137967.915182][m info     | [34mProxyClient.cpp   [m | [37mcreate_subscriber       [m | [32msubscriber created[m     | client_key: 0x00000006, subscriber_id: 0x811(4), participant_id: 0x001(1)
[35m[1785137967.915438][m info     | [34mProxyClient.cpp   [m | [37mcreate_datareader       [m | [32mdatareader created[m     | client_key: 0x00000006, datareader_id: 0x811(6), subscriber_id: 0x811(4)
[35m[1785137967.915527][m info     | [34mProxyClient.cpp   [m | [37mcreate_topic            [m | [32mtopic created[m          | client_key: 0x00000006, topic_id: 0x812(2), participant_id: 0x001(1)
[35m[1785137967.915544][m info     | [34mProxyClient.cpp   [m | [37mcreate_subscriber       [m | [32msubscriber created[m     | client_key: 0x00000006, subscriber_id: 0x812(4), participant_id: 0x001(1)
[35m[1785137967.915773][m info     | [34mProxyClient.cpp   [m | [37mcreate_datareader       [m | [32mdatareader created[m     | client_key: 0x00000006, datareader_id: 0x812(6), subscriber_id: 0x812(4)
[35m[1785137967.915845][m info     | [34mProxyClient.cpp   [m | [37mcreate_topic            [m | [32mtopic created[m          | client_key: 0x00000006, topic_id: 0x813(2), participant_id: 0x001(1)
[35m[1785137967.915863][m info     | [34mProxyClient.cpp   [m | [37mcreate_subscriber       [m | [32msubscriber created[m     | client_key: 0x00000006, subscriber_id: 0x813(4), participant_id: 0x001(1)
[35m[1785137967.916087][m info     | [34mProxyClient.cpp   [m | [37mcreate_datareader       [m | [32mdatareader created[m     | client_key: 0x00000006, datareader_id: 0x813(6), subscriber_id: 0x813(4)
[35m[1785137967.916168][m info     | [34mProxyClient.cpp   [m | [37mcreate_topic            [m | [32mtopic created[m          | client_key: 0x00000006, topic_id: 0x814(2), participant_id: 0x001(1)
[35m[1785137967.916188][m info     | [34mProxyClient.cpp   [m | [37mcreate_subscriber       [m | [32msubscriber created[m     | client_key: 0x00000006, subscriber_id: 0x814(4), participant_id: 0x001(1)
[35m[1785137967.916415][m info     | [34mProxyClient.cpp   [m | [37mcreate_datareader       [m | [32mdatareader created[m     | client_key: 0x00000006, datareader_id: 0x814(6), subscriber_id: 0x814(4)
[35m[1785137967.916496][m info     | [34mProxyClient.cpp   [m | [37mcreate_topic            [m | [32mtopic created[m          | client_key: 0x00000006, topic_id: 0x815(2), participant_id: 0x001(1)
[35m[1785137967.916517][m info     | [34mProxyClient.cpp   [m | [37mcreate_subscriber       [m | [32msubscriber created[m     | client_key: 0x00000006, subscriber_id: 0x815(4), participant_id: 0x001(1)
[35m[1785137967.916748][m info     | [34mProxyClient.cpp   [m | [37mcreate_datareader       [m | [32mdatareader created[m     | client_key: 0x00000006, datareader_id: 0x815(6), subscriber_id: 0x815(4)
[35m[1785137967.916869][m info     | [34mProxyClient.cpp   [m | [37mcreate_topic            [m | [32mtopic created[m          | client_key: 0x00000006, topic_id: 0x816(2), participant_id: 0x001(1)
[35m[1785137967.916919][m info     | [34mProxyClient.cpp   [m | [37mcreate_subscriber       [m | [32msubscriber created[m     | client_key: 0x00000006, subscriber_id: 0x816(4), participant_id: 0x001(1)
[35m[1785137967.917158][m info     | [34mProxyClient.cpp   [m | [37mcreate_datareader       [m | [32mdatareader created[m     | client_key: 0x00000006, datareader_id: 0x816(6), subscriber_id: 0x816(4)
[35m[1785137967.917259][m info     | [34mProxyClient.cpp   [m | [37mcreate_topic            [m | [32mtopic created[m          | client_key: 0x00000006, topic_id: 0x817(2), participant_id: 0x001(1)
[35m[1785137967.917271][m info     | [34mProxyClient.cpp   [m | [37mcreate_subscriber       [m | [32msubscriber created[m     | client_key: 0x00000006, subscriber_id: 0x817(4), participant_id: 0x001(1)
[35m[1785137967.917493][m info     | [34mProxyClient.cpp   [m | [37mcreate_datareader       [m | [32mdatareader created[m     | client_key: 0x00000006, datareader_id: 0x817(6), subscriber_id: 0x817(4)
[35m[1785137967.917568][m info     | [34mProxyClient.cpp   [m | [37mcreate_topic            [m | [32mtopic created[m          | client_key: 0x00000006, topic_id: 0x818(2), participant_id: 0x001(1)
[35m[1785137967.917579][m info     | [34mProxyClient.cpp   [m | [37mcreate_subscriber       [m | [32msubscriber created[m     | client_key: 0x00000006, subscriber_id: 0x818(4), participant_id: 0x001(1)
[35m[1785137967.917799][m info     | [34mProxyClient.cpp   [m | [37mcreate_datareader       [m | [32mdatareader created[m     | client_key: 0x00000006, datareader_id: 0x818(6), subscriber_id: 0x818(4)
[35m[1785137967.917872][m info     | [34mProxyClient.cpp   [m | [37mcreate_topic            [m | [32mtopic created[m          | client_key: 0x00000006, topic_id: 0x819(2), participant_id: 0x001(1)
[35m[1785137967.917887][m info     | [34mProxyClient.cpp   [m | [37mcreate_subscriber       [m | [32msubscriber created[m     | client_key: 0x00000006, subscriber_id: 0x819(4), participant_id: 0x001(1)
[35m[1785137967.918114][m info     | [34mProxyClient.cpp   [m | [37mcreate_datareader       [m | [32mdatareader created[m     | client_key: 0x00000006, datareader_id: 0x819(6), subscriber_id: 0x819(4)
[35m[1785137967.918192][m info     | [34mProxyClient.cpp   [m | [37mcreate_topic            [m | [32mtopic created[m          | client_key: 0x00000006, topic_id: 0x81A(2), participant_id: 0x001(1)
[35m[1785137967.918205][m info     | [34mProxyClient.cpp   [m | [37mcreate_subscriber       [m | [32msubscriber created[m     | client_key: 0x00000006, subscriber_id: 0x81A(4), participant_id: 0x001(1)
[35m[1785137967.918422][m info     | [34mProxyClient.cpp   [m | [37mcreate_datareader       [m | [32mdatareader created[m     | client_key: 0x00000006, datareader_id: 0x81A(6), subscriber_id: 0x81A(4)
[35m[1785137967.918497][m info     | [34mProxyClient.cpp   [m | [37mcreate_topic            [m | [32mtopic created[m          | client_key: 0x00000006, topic_id: 0x81B(2), participant_id: 0x001(1)
[35m[1785137967.918512][m info     | [34mProxyClient.cpp   [m | [37mcreate_subscriber       [m | [32msubscriber created[m     | client_key: 0x00000006, subscriber_id: 0x81B(4), participant_id: 0x001(1)
[35m[1785137967.918725][m info     | [34mProxyClient.cpp   [m | [37mcreate_datareader       [m | [32mdatareader created[m     | client_key: 0x00000006, datareader_id: 0x81B(6), subscriber_id: 0x81B(4)
[35m[1785137967.918802][m info     | [34mProxyClient.cpp   [m | [37mcreate_topic            [m | [32mtopic created[m          | client_key: 0x00000006, topic_id: 0x81C(2), participant_id: 0x001(1)
[35m[1785137967.918816][m info     | [34mProxyClient.cpp   [m | [37mcreate_subscriber       [m | [32msubscriber created[m     | client_key: 0x00000006, subscriber_id: 0x81C(4), participant_id: 0x001(1)
[35m[1785137967.919022][m info     | [34mProxyClient.cpp   [m | [37mcreate_datareader       [m | [32mdatareader created[m     | client_key: 0x00000006, datareader_id: 0x81C(6), subscriber_id: 0x81C(4)
[35m[1785137967.919566][m info     | [34mProxyClient.cpp   [m | [37mcreate_replier          [m | [32mreplier created[m        | client_key: 0x00000006, requester_id: 0x800(7), participant_id: 0x001(1)
[35m[1785137972.273094][m info     | [34mProxyClient.cpp   [m | [37mcreate_topic            [m | [32mtopic created[m          | client_key: 0x00000002, topic_id: 0x013(2), participant_id: 0x001(1)
[35m[1785137972.273173][m info     | [34mProxyClient.cpp   [m | [37mcreate_publisher        [m | [32mpublisher created[m      | client_key: 0x00000002, publisher_id: 0x013(3), participant_id: 0x001(1)
[35m[1785137972.273638][m info     | [34mProxyClient.cpp   [m | [37mcreate_datawriter       [m | [32mdatawriter created[m     | client_key: 0x00000002, datawriter_id: 0x013(5), publisher_id: 0x013(3)
[35m[1785137972.273752][m info     | [34mProxyClient.cpp   [m | [37mcreate_topic            [m | [32mtopic created[m          | client_key: 0x00000002, topic_id: 0x057(2), participant_id: 0x001(1)
[35m[1785137972.273768][m info     | [34mProxyClient.cpp   [m | [37mcreate_publisher        [m | [32mpublisher created[m      | client_key: 0x00000002, publisher_id: 0x057(3), participant_id: 0x001(1)
[35m[1785137972.273979][m info     | [34mProxyClient.cpp   [m | [37mcreate_datawriter       [m | [32mdatawriter created[m     | client_key: 0x00000002, datawriter_id: 0x057(5), publisher_id: 0x057(3)
[35m[1785137972.274025][m info     | [34mProxyClient.cpp   [m | [37mcreate_topic            [m | [32mtopic created[m          | client_key: 0x00000002, topic_id: 0x05D(2), participant_id: 0x001(1)
[35m[1785137972.274040][m info     | [34mProxyClient.cpp   [m | [37mcreate_publisher        [m | [32mpublisher created[m      | client_key: 0x00000002, publisher_id: 0x05D(3), participant_id: 0x001(1)
[35m[1785137972.274217][m info     | [34mProxyClient.cpp   [m | [37mcreate_datawriter       [m | [32mdatawriter created[m     | client_key: 0x00000002, datawriter_id: 0x05D(5), publisher_id: 0x05D(3)
[35m[1785137972.274269][m info     | [34mProxyClient.cpp   [m | [37mcreate_topic            [m | [32mtopic created[m          | client_key: 0x00000002, topic_id: 0x08D(2), participant_id: 0x001(1)
[35m[1785137972.274279][m info     | [34mProxyClient.cpp   [m | [37mcreate_publisher        [m | [32mpublisher created[m      | client_key: 0x00000002, publisher_id: 0x08D(3), participant_id: 0x001(1)
[35m[1785137972.274442][m info     | [34mProxyClient.cpp   [m | [37mcreate_datawriter       [m | [32mdatawriter created[m     | client_key: 0x00000002, datawriter_id: 0x08D(5), publisher_id: 0x08D(3)
[35m[1785137972.274486][m info     | [34mProxyClient.cpp   [m | [37mcreate_topic            [m | [32mtopic created[m          | client_key: 0x00000002, topic_id: 0x0B4(2), participant_id: 0x001(1)
[35m[1785137972.274499][m info     | [34mProxyClient.cpp   [m | [37mcreate_publisher        [m | [32mpublisher created[m      | client_key: 0x00000002, publisher_id: 0x0B4(3), participant_id: 0x001(1)
[35m[1785137972.274678][m info     | [34mProxyClient.cpp   [m | [37mcreate_datawriter       [m | [32mdatawriter created[m     | client_key: 0x00000002, datawriter_id: 0x0B4(5), publisher_id: 0x0B4(3)
[35m[1785137972.274727][m info     | [34mProxyClient.cpp   [m | [37mcreate_topic            [m | [32mtopic created[m          | client_key: 0x00000002, topic_id: 0x0CB(2), participant_id: 0x001(1)
[35m[1785137972.274738][m info     | [34mProxyClient.cpp   [m | [37mcreate_publisher        [m | [32mpublisher created[m      | client_key: 0x00000002, publisher_id: 0x0CB(3), participant_id: 0x001(1)
[35m[1785137972.274907][m info     | [34mProxyClient.cpp   [m | [37mcreate_datawriter       [m | [32mdatawriter created[m     | client_key: 0x00000002, datawriter_id: 0x0CB(5), publisher_id: 0x0CB(3)
[35m[1785137972.274958][m info     | [34mProxyClient.cpp   [m | [37mcreate_topic            [m | [32mtopic created[m          | client_key: 0x00000002, topic_id: 0x0E2(2), participant_id: 0x001(1)
[35m[1785137972.274984][m info     | [34mProxyClient.cpp   [m | [37mcreate_publisher        [m | [32mpublisher created[m      | client_key: 0x00000002, publisher_id: 0x0E2(3), participant_id: 0x001(1)
[35m[1785137972.275166][m info     | [34mProxyClient.cpp   [m | [37mcreate_datawriter       [m | [32mdatawriter created[m     | client_key: 0x00000002, datawriter_id: 0x0E2(5), publisher_id: 0x0E2(3)
[35m[1785137972.275222][m info     | [34mProxyClient.cpp   [m | [37mcreate_topic            [m | [32mtopic created[m          | client_key: 0x00000002, topic_id: 0x0F2(2), participant_id: 0x001(1)
[35m[1785137972.275232][m info     | [34mProxyClient.cpp   [m | [37mcreate_publisher        [m | [32mpublisher created[m      | client_key: 0x00000002, publisher_id: 0x0F2(3), participant_id: 0x001(1)
[35m[1785137972.275420][m info     | [34mProxyClient.cpp   [m | [37mcreate_datawriter       [m | [32mdatawriter created[m     | client_key: 0x00000002, datawriter_id: 0x0F2(5), publisher_id: 0x0F2(3)
[35m[1785137972.275478][m info     | [34mProxyClient.cpp   [m | [37mcreate_topic            [m | [32mtopic created[m          | client_key: 0x00000002, topic_id: 0x0F9(2), participant_id: 0x001(1)
[35m[1785137972.275489][m info     | [34mProxyClient.cpp   [m | [37mcreate_publisher        [m | [32mpublisher created[m      | client_key: 0x00000002, publisher_id: 0x0F9(3), participant_id: 0x001(1)
[35m[1785137972.275651][m info     | [34mProxyClient.cpp   [m | [37mcreate_datawriter       [m | [32mdatawriter created[m     | client_key: 0x00000002, datawriter_id: 0x0F9(5), publisher_id: 0x0F9(3)
[35m[1785137972.275697][m info     | [34mProxyClient.cpp   [m | [37mcreate_topic            [m | [32mtopic created[m          | client_key: 0x00000002, topic_id: 0x0FA(2), participant_id: 0x001(1)
[35m[1785137972.275706][m info     | [34mProxyClient.cpp   [m | [37mcreate_publisher        [m | [32mpublisher created[m      | client_key: 0x00000002, publisher_id: 0x0FA(3), participant_id: 0x001(1)
[35m[1785137972.275867][m info     | [34mProxyClient.cpp   [m | [37mcreate_datawriter       [m | [32mdatawriter created[m     | client_key: 0x00000002, datawriter_id: 0x0FA(5), publisher_id: 0x0FA(3)
[35m[1785137972.275918][m info     | [34mProxyClient.cpp   [m | [37mcreate_topic            [m | [32mtopic created[m          | client_key: 0x00000002, topic_id: 0x0FC(2), participant_id: 0x001(1)
[35m[1785137972.275933][m info     | [34mProxyClient.cpp   [m | [37mcreate_publisher        [m | [32mpublisher created[m      | client_key: 0x00000002, publisher_id: 0x0FC(3), participant_id: 0x001(1)
[35m[1785137972.276095][m info     | [34mProxyClient.cpp   [m | [37mcreate_datawriter       [m | [32mdatawriter created[m     | client_key: 0x00000002, datawriter_id: 0x0FC(5), publisher_id: 0x0FC(3)
[35m[1785137972.276144][m info     | [34mProxyClient.cpp   [m | [37mcreate_topic            [m | [32mtopic created[m          | client_key: 0x00000002, topic_id: 0x100(2), participant_id: 0x001(1)
[35m[1785137972.276156][m info     | [34mProxyClient.cpp   [m | [37mcreate_publisher        [m | [32mpublisher created[m      | client_key: 0x00000002, publisher_id: 0x100(3), participant_id: 0x001(1)
[35m[1785137972.276318][m info     | [34mProxyClient.cpp   [m | [37mcreate_datawriter       [m | [32mdatawriter created[m     | client_key: 0x00000002, datawriter_id: 0x100(5), publisher_id: 0x100(3)
[35m[1785137972.276364][m info     | [34mProxyClient.cpp   [m | [37mcreate_topic            [m | [32mtopic created[m          | client_key: 0x00000002, topic_id: 0x105(2), participant_id: 0x001(1)
[35m[1785137972.276373][m info     | [34mProxyClient.cpp   [m | [37mcreate_publisher        [m | [32mpublisher created[m      | client_key: 0x00000002, publisher_id: 0x105(3), participant_id: 0x001(1)
[35m[1785137972.276549][m info     | [34mProxyClient.cpp   [m | [37mcreate_datawriter       [m | [32mdatawriter created[m     | client_key: 0x00000002, datawriter_id: 0x105(5), publisher_id: 0x105(3)
[35m[1785137972.276597][m info     | [34mProxyClient.cpp   [m | [37mcreate_topic            [m | [32mtopic created[m          | client_key: 0x00000002, topic_id: 0x10A(2), participant_id: 0x001(1)
[35m[1785137972.276607][m info     | [34mProxyClient.cpp   [m | [37mcreate_publisher        [m | [32mpublisher created[m      | client_key: 0x00000002, publisher_id: 0x10A(3), participant_id: 0x001(1)
[35m[1785137972.276786][m info     | [34mProxyClient.cpp   [m | [37mcreate_datawriter       [m | [32mdatawriter created[m     | client_key: 0x00000002, datawriter_id: 0x10A(5), publisher_id: 0x10A(3)
[35m[1785137972.721090][m info     | [34mProxyClient.cpp   [m | [37mcreate_topic            [m | [32mtopic created[m          | client_key: 0x00000003, topic_id: 0x013(2), participant_id: 0x001(1)
[35m[1785137972.721122][m info     | [34mProxyClient.cpp   [m | [37mcreate_publisher        [m | [32mpublisher created[m      | client_key: 0x00000003, publisher_id: 0x013(3), participant_id: 0x001(1)
[35m[1785137972.721607][m info     | [34mProxyClient.cpp   [m | [37mcreate_datawriter       [m | [32mdatawriter created[m     | client_key: 0x00000003, datawriter_id: 0x013(5), publisher_id: 0x013(3)
[35m[1785137972.721704][m info     | [34mProxyClient.cpp   [m | [37mcreate_topic            [m | [32mtopic created[m          | client_key: 0x00000003, topic_id: 0x057(2), participant_id: 0x001(1)
[35m[1785137972.721727][m info     | [34mProxyClient.cpp   [m | [37mcreate_publisher        [m | [32mpublisher created[m      | client_key: 0x00000003, publisher_id: 0x057(3), participant_id: 0x001(1)
[35m[1785137972.721873][m info     | [34mProxyClient.cpp   [m | [37mcreate_datawriter       [m | [32mdatawriter created[m     | client_key: 0x00000003, datawriter_id: 0x057(5), publisher_id: 0x057(3)
[35m[1785137972.721921][m info     | [34mProxyClient.cpp   [m | [37mcreate_topic            [m | [32mtopic created[m          | client_key: 0x00000003, topic_id: 0x05D(2), participant_id: 0x001(1)
[35m[1785137972.721931][m info     | [34mProxyClient.cpp   [m | [37mcreate_publisher        [m | [32mpublisher created[m      | client_key: 0x00000003, publisher_id: 0x05D(3), participant_id: 0x001(1)
[35m[1785137972.722067][m info     | [34mProxyClient.cpp   [m | [37mcreate_datawriter       [m | [32mdatawriter created[m     | client_key: 0x00000003, datawriter_id: 0x05D(5), publisher_id: 0x05D(3)
[35m[1785137972.722122][m info     | [34mProxyClient.cpp   [m | [37mcreate_topic            [m | [32mtopic created[m          | client_key: 0x00000003, topic_id: 0x08D(2), participant_id: 0x001(1)
[35m[1785137972.722137][m info     | [34mProxyClient.cpp   [m | [37mcreate_publisher        [m | [32mpublisher created[m      | client_key: 0x00000003, publisher_id: 0x08D(3), participant_id: 0x001(1)
[35m[1785137972.722270][m info     | [34mProxyClient.cpp   [m | [37mcreate_datawriter       [m | [32mdatawriter created[m     | client_key: 0x00000003, datawriter_id: 0x08D(5), publisher_id: 0x08D(3)
[35m[1785137972.722332][m info     | [34mProxyClient.cpp   [m | [37mcreate_topic            [m | [32mtopic created[m          | client_key: 0x00000003, topic_id: 0x0B4(2), participant_id: 0x001(1)
[35m[1785137972.722341][m info     | [34mProxyClient.cpp   [m | [37mcreate_publisher        [m | [32mpublisher created[m      | client_key: 0x00000003, publisher_id: 0x0B4(3), participant_id: 0x001(1)
[35m[1785137972.722473][m info     | [34mProxyClient.cpp   [m | [37mcreate_datawriter       [m | [32mdatawriter created[m     | client_key: 0x00000003, datawriter_id: 0x0B4(5), publisher_id: 0x0B4(3)
[35m[1785137972.722516][m info     | [34mProxyClient.cpp   [m | [37mcreate_topic            [m | [32mtopic created[m          | client_key: 0x00000003, topic_id: 0x0CB(2), participant_id: 0x001(1)
[35m[1785137972.722536][m info     | [34mProxyClient.cpp   [m | [37mcreate_publisher        [m | [32mpublisher created[m      | client_key: 0x00000003, publisher_id: 0x0CB(3), participant_id: 0x001(1)
[35m[1785137972.722669][m info     | [34mProxyClient.cpp   [m | [37mcreate_datawriter       [m | [32mdatawriter created[m     | client_key: 0x00000003, datawriter_id: 0x0CB(5), publisher_id: 0x0CB(3)
[35m[1785137972.722716][m info     | [34mProxyClient.cpp   [m | [37mcreate_topic            [m | [32mtopic created[m          | client_key: 0x00000003, topic_id: 0x0E2(2), participant_id: 0x001(1)
[35m[1785137972.722726][m info     | [34mProxyClient.cpp   [m | [37mcreate_publisher        [m | [32mpublisher created[m      | client_key: 0x00000003, publisher_id: 0x0E2(3), participant_id: 0x001(1)
[35m[1785137972.722858][m info     | [34mProxyClient.cpp   [m | [37mcreate_datawriter       [m | [32mdatawriter created[m     | client_key: 0x00000003, datawriter_id: 0x0E2(5), publisher_id: 0x0E2(3)
[35m[1785137972.722908][m info     | [34mProxyClient.cpp   [m | [37mcreate_topic            [m | [32mtopic created[m          | client_key: 0x00000003, topic_id: 0x0F2(2), participant_id: 0x001(1)
[35m[1785137972.722927][m info     | [34mProxyClient.cpp   [m | [37mcreate_publisher        [m | [32mpublisher created[m      | client_key: 0x00000003, publisher_id: 0x0F2(3), participant_id: 0x001(1)
[35m[1785137972.723070][m info     | [34mProxyClient.cpp   [m | [37mcreate_datawriter       [m | [32mdatawriter created[m     | client_key: 0x00000003, datawriter_id: 0x0F2(5), publisher_id: 0x0F2(3)
[35m[1785137972.723122][m info     | [34mProxyClient.cpp   [m | [37mcreate_topic            [m | [32mtopic created[m          | client_key: 0x00000003, topic_id: 0x0F9(2), participant_id: 0x001(1)
[35m[1785137972.723132][m info     | [34mProxyClient.cpp   [m | [37mcreate_publisher        [m | [32mpublisher created[m      | client_key: 0x00000003, publisher_id: 0x0F9(3), participant_id: 0x001(1)
[35m[1785137972.723270][m info     | [34mProxyClient.cpp   [m | [37mcreate_datawriter       [m | [32mdatawriter created[m     | client_key: 0x00000003, datawriter_id: 0x0F9(5), publisher_id: 0x0F9(3)
[35m[1785137972.723318][m info     | [34mProxyClient.cpp   [m | [37mcreate_topic            [m | [32mtopic created[m          | client_key: 0x00000003, topic_id: 0x0FA(2), participant_id: 0x001(1)
[35m[1785137972.723335][m info     | [34mProxyClient.cpp   [m | [37mcreate_publisher        [m | [32mpublisher created[m      | client_key: 0x00000003, publisher_id: 0x0FA(3), participant_id: 0x001(1)
[35m[1785137972.723473][m info     | [34mProxyClient.cpp   [m | [37mcreate_datawriter       [m | [32mdatawriter created[m     | client_key: 0x00000003, datawriter_id: 0x0FA(5), publisher_id: 0x0FA(3)
[35m[1785137972.723522][m info     | [34mProxyClient.cpp   [m | [37mcreate_topic            [m | [32mtopic created[m          | client_key: 0x00000003, topic_id: 0x0FC(2), participant_id: 0x001(1)
[35m[1785137972.723532][m info     | [34mProxyClient.cpp   [m | [37mcreate_publisher        [m | [32mpublisher created[m      | client_key: 0x00000003, publisher_id: 0x0FC(3), participant_id: 0x001(1)
[35m[1785137972.723673][m info     | [34mProxyClient.cpp   [m | [37mcreate_datawriter       [m | [32mdatawriter created[m     | client_key: 0x00000003, datawriter_id: 0x0FC(5), publisher_id: 0x0FC(3)
[35m[1785137972.723719][m info     | [34mProxyClient.cpp   [m | [37mcreate_topic            [m | [32mtopic created[m          | client_key: 0x00000003, topic_id: 0x100(2), participant_id: 0x001(1)
[35m[1785137972.723735][m info     | [34mProxyClient.cpp   [m | [37mcreate_publisher        [m | [32mpublisher created[m      | client_key: 0x00000003, publisher_id: 0x100(3), participant_id: 0x001(1)
[35m[1785137972.723870][m info     | [34mProxyClient.cpp   [m | [37mcreate_datawriter       [m | [32mdatawriter created[m     | client_key: 0x00000003, datawriter_id: 0x100(5), publisher_id: 0x100(3)
[35m[1785137972.723918][m info     | [34mProxyClient.cpp   [m | [37mcreate_topic            [m | [32mtopic created[m          | client_key: 0x00000003, topic_id: 0x105(2), participant_id: 0x001(1)
[35m[1785137972.723935][m info     | [34mProxyClient.cpp   [m | [37mcreate_publisher        [m | [32mpublisher created[m      | client_key: 0x00000003, publisher_id: 0x105(3), participant_id: 0x001(1)
[35m[1785137972.724084][m info     | [34mProxyClient.cpp   [m | [37mcreate_datawriter       [m | [32mdatawriter created[m     | client_key: 0x00000003, datawriter_id: 0x105(5), publisher_id: 0x105(3)
[35m[1785137972.724128][m info     | [34mProxyClient.cpp   [m | [37mcreate_topic            [m | [32mtopic created[m          | client_key: 0x00000003, topic_id: 0x10A(2), participant_id: 0x001(1)
[35m[1785137972.724146][m info     | [34mProxyClient.cpp   [m | [37mcreate_publisher        [m | [32mpublisher created[m      | client_key: 0x00000003, publisher_id: 0x10A(3), participant_id: 0x001(1)
[35m[1785137972.724289][m info     | [34mProxyClient.cpp   [m | [37mcreate_datawriter       [m | [32mdatawriter created[m     | client_key: 0x00000003, datawriter_id: 0x10A(5), publisher_id: 0x10A(3)
[35m[1785137973.089303][m info     | [34mProxyClient.cpp   [m | [37mcreate_topic            [m | [32mtopic created[m          | client_key: 0x00000004, topic_id: 0x013(2), participant_id: 0x001(1)
[35m[1785137973.089352][m info     | [34mProxyClient.cpp   [m | [37mcreate_publisher        [m | [32mpublisher created[m      | client_key: 0x00000004, publisher_id: 0x013(3), participant_id: 0x001(1)
[35m[1785137973.089715][m info     | [34mProxyClient.cpp   [m | [37mcreate_datawriter       [m | [32mdatawriter created[m     | client_key: 0x00000004, datawriter_id: 0x013(5), publisher_id: 0x013(3)
[35m[1785137973.089807][m info     | [34mProxyClient.cpp   [m | [37mcreate_topic            [m | [32mtopic created[m          | client_key: 0x00000004, topic_id: 0x057(2), participant_id: 0x001(1)
[35m[1785137973.089819][m info     | [34mProxyClient.cpp   [m | [37mcreate_publisher        [m | [32mpublisher created[m      | client_key: 0x00000004, publisher_id: 0x057(3), participant_id: 0x001(1)
[35m[1785137973.090024][m info     | [34mProxyClient.cpp   [m | [37mcreate_datawriter       [m | [32mdatawriter created[m     | client_key: 0x00000004, datawriter_id: 0x057(5), publisher_id: 0x057(3)
[35m[1785137973.090092][m info     | [34mProxyClient.cpp   [m | [37mcreate_topic            [m | [32mtopic created[m          | client_key: 0x00000004, topic_id: 0x05D(2), participant_id: 0x001(1)
[35m[1785137973.090103][m info     | [34mProxyClient.cpp   [m | [37mcreate_publisher        [m | [32mpublisher created[m      | client_key: 0x00000004, publisher_id: 0x05D(3), participant_id: 0x001(1)
[35m[1785137973.090302][m info     | [34mProxyClient.cpp   [m | [37mcreate_datawriter       [m | [32mdatawriter created[m     | client_key: 0x00000004, datawriter_id: 0x05D(5), publisher_id: 0x05D(3)
[35m[1785137973.090367][m info     | [34mProxyClient.cpp   [m | [37mcreate_topic            [m | [32mtopic created[m          | client_key: 0x00000004, topic_id: 0x08D(2), participant_id: 0x001(1)
[35m[1785137973.090384][m info     | [34mProxyClient.cpp   [m | [37mcreate_publisher        [m | [32mpublisher created[m      | client_key: 0x00000004, publisher_id: 0x08D(3), participant_id: 0x001(1)
[35m[1785137973.090554][m info     | [34mProxyClient.cpp   [m | [37mcreate_datawriter       [m | [32mdatawriter created[m     | client_key: 0x00000004, datawriter_id: 0x08D(5), publisher_id: 0x08D(3)
[35m[1785137973.090610][m info     | [34mProxyClient.cpp   [m | [37mcreate_topic            [m | [32mtopic created[m          | client_key: 0x00000004, topic_id: 0x0B4(2), participant_id: 0x001(1)
[35m[1785137973.090620][m info     | [34mProxyClient.cpp   [m | [37mcreate_publisher        [m | [32mpublisher created[m      | client_key: 0x00000004, publisher_id: 0x0B4(3), participant_id: 0x001(1)
[35m[1785137973.090783][m info     | [34mProxyClient.cpp   [m | [37mcreate_datawriter       [m | [32mdatawriter created[m     | client_key: 0x00000004, datawriter_id: 0x0B4(5), publisher_id: 0x0B4(3)
[35m[1785137973.090843][m info     | [34mProxyClient.cpp   [m | [37mcreate_topic            [m | [32mtopic created[m          | client_key: 0x00000004, topic_id: 0x0CB(2), participant_id: 0x001(1)
[35m[1785137973.090862][m info     | [34mProxyClient.cpp   [m | [37mcreate_publisher        [m | [32mpublisher created[m      | client_key: 0x00000004, publisher_id: 0x0CB(3), participant_id: 0x001(1)
[35m[1785137973.091016][m info     | [34mProxyClient.cpp   [m | [37mcreate_datawriter       [m | [32mdatawriter created[m     | client_key: 0x00000004, datawriter_id: 0x0CB(5), publisher_id: 0x0CB(3)
[35m[1785137973.091077][m info     | [34mProxyClient.cpp   [m | [37mcreate_topic            [m | [32mtopic created[m          | client_key: 0x00000004, topic_id: 0x0E2(2), participant_id: 0x001(1)
[35m[1785137973.091088][m info     | [34mProxyClient.cpp   [m | [37mcreate_publisher        [m | [32mpublisher created[m      | client_key: 0x00000004, publisher_id: 0x0E2(3), participant_id: 0x001(1)
[35m[1785137973.091247][m info     | [34mProxyClient.cpp   [m | [37mcreate_datawriter       [m | [32mdatawriter created[m     | client_key: 0x00000004, datawriter_id: 0x0E2(5), publisher_id: 0x0E2(3)
[35m[1785137973.091322][m info     | [34mProxyClient.cpp   [m | [37mcreate_topic            [m | [32mtopic created[m          | client_key: 0x00000004, topic_id: 0x0F2(2), participant_id: 0x001(1)
[35m[1785137973.091349][m info     | [34mProxyClient.cpp   [m | [37mcreate_publisher        [m | [32mpublisher created[m      | client_key: 0x00000004, publisher_id: 0x0F2(3), participant_id: 0x001(1)
[35m[1785137973.091532][m info     | [34mProxyClient.cpp   [m | [37mcreate_datawriter       [m | [32mdatawriter created[m     | client_key: 0x00000004, datawriter_id: 0x0F2(5), publisher_id: 0x0F2(3)
[35m[1785137973.091582][m info     | [34mProxyClient.cpp   [m | [37mcreate_topic            [m | [32mtopic created[m          | client_key: 0x00000004, topic_id: 0x0F9(2), participant_id: 0x001(1)
[35m[1785137973.091602][m info     | [34mProxyClient.cpp   [m | [37mcreate_publisher        [m | [32mpublisher created[m      | client_key: 0x00000004, publisher_id: 0x0F9(3), participant_id: 0x001(1)
[35m[1785137973.091774][m info     | [34mProxyClient.cpp   [m | [37mcreate_datawriter       [m | [32mdatawriter created[m     | client_key: 0x00000004, datawriter_id: 0x0F9(5), publisher_id: 0x0F9(3)
[35m[1785137973.091835][m info     | [34mProxyClient.cpp   [m | [37mcreate_topic            [m | [32mtopic created[m          | client_key: 0x00000004, topic_id: 0x0FA(2), participant_id: 0x001(1)
[35m[1785137973.091847][m info     | [34mProxyClient.cpp   [m | [37mcreate_publisher        [m | [32mpublisher created[m      | client_key: 0x00000004, publisher_id: 0x0FA(3), participant_id: 0x001(1)
[35m[1785137973.091994][m info     | [34mProxyClient.cpp   [m | [37mcreate_datawriter       [m | [32mdatawriter created[m     | client_key: 0x00000004, datawriter_id: 0x0FA(5), publisher_id: 0x0FA(3)
[35m[1785137973.092056][m info     | [34mProxyClient.cpp   [m | [37mcreate_topic            [m | [32mtopic created[m          | client_key: 0x00000004, topic_id: 0x0FC(2), participant_id: 0x001(1)
[35m[1785137973.092069][m info     | [34mProxyClient.cpp   [m | [37mcreate_publisher        [m | [32mpublisher created[m      | client_key: 0x00000004, publisher_id: 0x0FC(3), participant_id: 0x001(1)
[35m[1785137973.092227][m info     | [34mProxyClient.cpp   [m | [37mcreate_datawriter       [m | [32mdatawriter created[m     | client_key: 0x00000004, datawriter_id: 0x0FC(5), publisher_id: 0x0FC(3)
[35m[1785137973.092292][m info     | [34mProxyClient.cpp   [m | [37mcreate_topic            [m | [32mtopic created[m          | client_key: 0x00000004, topic_id: 0x100(2), participant_id: 0x001(1)
[35m[1785137973.092310][m info     | [34mProxyClient.cpp   [m | [37mcreate_publisher        [m | [32mpublisher created[m      | client_key: 0x00000004, publisher_id: 0x100(3), participant_id: 0x001(1)
[35m[1785137973.092477][m info     | [34mProxyClient.cpp   [m | [37mcreate_datawriter       [m | [32mdatawriter created[m     | client_key: 0x00000004, datawriter_id: 0x100(5), publisher_id: 0x100(3)
[35m[1785137973.092524][m info     | [34mProxyClient.cpp   [m | [37mcreate_topic            [m | [32mtopic created[m          | client_key: 0x00000004, topic_id: 0x105(2), participant_id: 0x001(1)
[35m[1785137973.092534][m info     | [34mProxyClient.cpp   [m | [37mcreate_publisher        [m | [32mpublisher created[m      | client_key: 0x00000004, publisher_id: 0x105(3), participant_id: 0x001(1)
[35m[1785137973.092690][m info     | [34mProxyClient.cpp   [m | [37mcreate_datawriter       [m | [32mdatawriter created[m     | client_key: 0x00000004, datawriter_id: 0x105(5), publisher_id: 0x105(3)
[35m[1785137973.092739][m info     | [34mProxyClient.cpp   [m | [37mcreate_topic            [m | [32mtopic created[m          | client_key: 0x00000004, topic_id: 0x10A(2), participant_id: 0x001(1)
[35m[1785137973.092749][m info     | [34mProxyClient.cpp   [m | [37mcreate_publisher        [m | [32mpublisher created[m      | client_key: 0x00000004, publisher_id: 0x10A(3), participant_id: 0x001(1)
[35m[1785137973.092898][m info     | [34mProxyClient.cpp   [m | [37mcreate_datawriter       [m | [32mdatawriter created[m     | client_key: 0x00000004, datawriter_id: 0x10A(5), publisher_id: 0x10A(3)
[35m[1785137973.493496][m info     | [34mProxyClient.cpp   [m | [37mcreate_topic            [m | [32mtopic created[m          | client_key: 0x00000005, topic_id: 0x013(2), participant_id: 0x001(1)
[35m[1785137973.493540][m info     | [34mProxyClient.cpp   [m | [37mcreate_publisher        [m | [32mpublisher created[m      | client_key: 0x00000005, publisher_id: 0x013(3), participant_id: 0x001(1)
[35m[1785137973.493891][m info     | [34mProxyClient.cpp   [m | [37mcreate_datawriter       [m | [32mdatawriter created[m     | client_key: 0x00000005, datawriter_id: 0x013(5), publisher_id: 0x013(3)
[35m[1785137973.493966][m info     | [34mProxyClient.cpp   [m | [37mcreate_topic            [m | [32mtopic created[m          | client_key: 0x00000005, topic_id: 0x057(2), participant_id: 0x001(1)
[35m[1785137973.493982][m info     | [34mProxyClient.cpp   [m | [37mcreate_publisher        [m | [32mpublisher created[m      | client_key: 0x00000005, publisher_id: 0x057(3), participant_id: 0x001(1)
[35m[1785137973.494225][m info     | [34mProxyClient.cpp   [m | [37mcreate_datawriter       [m | [32mdatawriter created[m     | client_key: 0x00000005, datawriter_id: 0x057(5), publisher_id: 0x057(3)
[35m[1785137973.494283][m info     | [34mProxyClient.cpp   [m | [37mcreate_topic            [m | [32mtopic created[m          | client_key: 0x00000005, topic_id: 0x05D(2), participant_id: 0x001(1)
[35m[1785137973.494293][m info     | [34mProxyClient.cpp   [m | [37mcreate_publisher        [m | [32mpublisher created[m      | client_key: 0x00000005, publisher_id: 0x05D(3), participant_id: 0x001(1)
[35m[1785137973.494463][m info     | [34mProxyClient.cpp   [m | [37mcreate_datawriter       [m | [32mdatawriter created[m     | client_key: 0x00000005, datawriter_id: 0x05D(5), publisher_id: 0x05D(3)
[35m[1785137973.494507][m info     | [34mProxyClient.cpp   [m | [37mcreate_topic            [m | [32mtopic created[m          | client_key: 0x00000005, topic_id: 0x08D(2), participant_id: 0x001(1)
[35m[1785137973.494522][m info     | [34mProxyClient.cpp   [m | [37mcreate_publisher        [m | [32mpublisher created[m      | client_key: 0x00000005, publisher_id: 0x08D(3), participant_id: 0x001(1)
[35m[1785137973.494702][m info     | [34mProxyClient.cpp   [m | [37mcreate_datawriter       [m | [32mdatawriter created[m     | client_key: 0x00000005, datawriter_id: 0x08D(5), publisher_id: 0x08D(3)
[35m[1785137973.494750][m info     | [34mProxyClient.cpp   [m | [37mcreate_topic            [m | [32mtopic created[m          | client_key: 0x00000005, topic_id: 0x0B4(2), participant_id: 0x001(1)
[35m[1785137973.494760][m info     | [34mProxyClient.cpp   [m | [37mcreate_publisher        [m | [32mpublisher created[m      | client_key: 0x00000005, publisher_id: 0x0B4(3), participant_id: 0x001(1)
[35m[1785137973.494923][m info     | [34mProxyClient.cpp   [m | [37mcreate_datawriter       [m | [32mdatawriter created[m     | client_key: 0x00000005, datawriter_id: 0x0B4(5), publisher_id: 0x0B4(3)
[35m[1785137973.494965][m info     | [34mProxyClient.cpp   [m | [37mcreate_topic            [m | [32mtopic created[m          | client_key: 0x00000005, topic_id: 0x0CB(2), participant_id: 0x001(1)
[35m[1785137973.494982][m info     | [34mProxyClient.cpp   [m | [37mcreate_publisher        [m | [32mpublisher created[m      | client_key: 0x00000005, publisher_id: 0x0CB(3), participant_id: 0x001(1)
[35m[1785137973.495148][m info     | [34mProxyClient.cpp   [m | [37mcreate_datawriter       [m | [32mdatawriter created[m     | client_key: 0x00000005, datawriter_id: 0x0CB(5), publisher_id: 0x0CB(3)
[35m[1785137973.495206][m info     | [34mProxyClient.cpp   [m | [37mcreate_topic            [m | [32mtopic created[m          | client_key: 0x00000005, topic_id: 0x0E2(2), participant_id: 0x001(1)
[35m[1785137973.495216][m info     | [34mProxyClient.cpp   [m | [37mcreate_publisher        [m | [32mpublisher created[m      | client_key: 0x00000005, publisher_id: 0x0E2(3), participant_id: 0x001(1)
[35m[1785137973.495369][m info     | [34mProxyClient.cpp   [m | [37mcreate_datawriter       [m | [32mdatawriter created[m     | client_key: 0x00000005, datawriter_id: 0x0E2(5), publisher_id: 0x0E2(3)
[35m[1785137973.495414][m info     | [34mProxyClient.cpp   [m | [37mcreate_topic            [m | [32mtopic created[m          | client_key: 0x00000005, topic_id: 0x0F2(2), participant_id: 0x001(1)
[35m[1785137973.495429][m info     | [34mProxyClient.cpp   [m | [37mcreate_publisher        [m | [32mpublisher created[m      | client_key: 0x00000005, publisher_id: 0x0F2(3), participant_id: 0x001(1)
[35m[1785137973.495578][m info     | [34mProxyClient.cpp   [m | [37mcreate_datawriter       [m | [32mdatawriter created[m     | client_key: 0x00000005, datawriter_id: 0x0F2(5), publisher_id: 0x0F2(3)
[35m[1785137973.495621][m info     | [34mProxyClient.cpp   [m | [37mcreate_topic            [m | [32mtopic created[m          | client_key: 0x00000005, topic_id: 0x0F9(2), participant_id: 0x001(1)
[35m[1785137973.495635][m info     | [34mProxyClient.cpp   [m | [37mcreate_publisher        [m | [32mpublisher created[m      | client_key: 0x00000005, publisher_id: 0x0F9(3), participant_id: 0x001(1)
[35m[1785137973.495782][m info     | [34mProxyClient.cpp   [m | [37mcreate_datawriter       [m | [32mdatawriter created[m     | client_key: 0x00000005, datawriter_id: 0x0F9(5), publisher_id: 0x0F9(3)
[35m[1785137973.495829][m info     | [34mProxyClient.cpp   [m | [37mcreate_topic            [m | [32mtopic created[m          | client_key: 0x00000005, topic_id: 0x0FA(2), participant_id: 0x001(1)
[35m[1785137973.495838][m info     | [34mProxyClient.cpp   [m | [37mcreate_publisher        [m | [32mpublisher created[m      | client_key: 0x00000005, publisher_id: 0x0FA(3), participant_id: 0x001(1)
[35m[1785137973.495981][m info     | [34mProxyClient.cpp   [m | [37mcreate_datawriter       [m | [32mdatawriter created[m     | client_key: 0x00000005, datawriter_id: 0x0FA(5), publisher_id: 0x0FA(3)
[35m[1785137973.496030][m info     | [34mProxyClient.cpp   [m | [37mcreate_topic            [m | [32mtopic created[m          | client_key: 0x00000005, topic_id: 0x0FC(2), participant_id: 0x001(1)
[35m[1785137973.496043][m info     | [34mProxyClient.cpp   [m | [37mcreate_publisher        [m | [32mpublisher created[m      | client_key: 0x00000005, publisher_id: 0x0FC(3), participant_id: 0x001(1)
[35m[1785137973.496215][m info     | [34mProxyClient.cpp   [m | [37mcreate_datawriter       [m | [32mdatawriter created[m     | client_key: 0x00000005, datawriter_id: 0x0FC(5), publisher_id: 0x0FC(3)
[35m[1785137973.496264][m info     | [34mProxyClient.cpp   [m | [37mcreate_topic            [m | [32mtopic created[m          | client_key: 0x00000005, topic_id: 0x100(2), participant_id: 0x001(1)
[35m[1785137973.496280][m info     | [34mProxyClient.cpp   [m | [37mcreate_publisher        [m | [32mpublisher created[m      | client_key: 0x00000005, publisher_id: 0x100(3), participant_id: 0x001(1)
[35m[1785137973.496424][m info     | [34mProxyClient.cpp   [m | [37mcreate_datawriter       [m | [32mdatawriter created[m     | client_key: 0x00000005, datawriter_id: 0x100(5), publisher_id: 0x100(3)
[35m[1785137973.496476][m info     | [34mProxyClient.cpp   [m | [37mcreate_topic            [m | [32mtopic created[m          | client_key: 0x00000005, topic_id: 0x105(2), participant_id: 0x001(1)
[35m[1785137973.496485][m info     | [34mProxyClient.cpp   [m | [37mcreate_publisher        [m | [32mpublisher created[m      | client_key: 0x00000005, publisher_id: 0x105(3), participant_id: 0x001(1)
[35m[1785137973.496640][m info     | [34mProxyClient.cpp   [m | [37mcreate_datawriter       [m | [32mdatawriter created[m     | client_key: 0x00000005, datawriter_id: 0x105(5), publisher_id: 0x105(3)
[35m[1785137973.496691][m info     | [34mProxyClient.cpp   [m | [37mcreate_topic            [m | [32mtopic created[m          | client_key: 0x00000005, topic_id: 0x10A(2), participant_id: 0x001(1)
[35m[1785137973.496702][m info     | [34mProxyClient.cpp   [m | [37mcreate_publisher        [m | [32mpublisher created[m      | client_key: 0x00000005, publisher_id: 0x10A(3), participant_id: 0x001(1)
[35m[1785137973.496847][m info     | [34mProxyClient.cpp   [m | [37mcreate_datawriter       [m | [32mdatawriter created[m     | client_key: 0x00000005, datawriter_id: 0x10A(5), publisher_id: 0x10A(3)
[35m[1785137973.905433][m info     | [34mProxyClient.cpp   [m | [37mcreate_topic            [m | [32mtopic created[m          | client_key: 0x00000006, topic_id: 0x013(2), participant_id: 0x001(1)
[35m[1785137973.905463][m info     | [34mProxyClient.cpp   [m | [37mcreate_publisher        [m | [32mpublisher created[m      | client_key: 0x00000006, publisher_id: 0x013(3), participant_id: 0x001(1)
[35m[1785137973.905794][m info     | [34mProxyClient.cpp   [m | [37mcreate_datawriter       [m | [32mdatawriter created[m     | client_key: 0x00000006, datawriter_id: 0x013(5), publisher_id: 0x013(3)
[35m[1785137973.905882][m info     | [34mProxyClient.cpp   [m | [37mcreate_topic            [m | [32mtopic created[m          | client_key: 0x00000006, topic_id: 0x057(2), participant_id: 0x001(1)
[35m[1785137973.905910][m info     | [34mProxyClient.cpp   [m | [37mcreate_publisher        [m | [32mpublisher created[m      | client_key: 0x00000006, publisher_id: 0x057(3), participant_id: 0x001(1)
[35m[1785137973.906110][m info     | [34mProxyClient.cpp   [m | [37mcreate_datawriter       [m | [32mdatawriter created[m     | client_key: 0x00000006, datawriter_id: 0x057(5), publisher_id: 0x057(3)
[35m[1785137973.906176][m info     | [34mProxyClient.cpp   [m | [37mcreate_topic            [m | [32mtopic created[m          | client_key: 0x00000006, topic_id: 0x05D(2), participant_id: 0x001(1)
[35m[1785137973.906189][m info     | [34mProxyClient.cpp   [m | [37mcreate_publisher        [m | [32mpublisher created[m      | client_key: 0x00000006, publisher_id: 0x05D(3), participant_id: 0x001(1)
[35m[1785137973.906355][m info     | [34mProxyClient.cpp   [m | [37mcreate_datawriter       [m | [32mdatawriter created[m     | client_key: 0x00000006, datawriter_id: 0x05D(5), publisher_id: 0x05D(3)
[35m[1785137973.906421][m info     | [34mProxyClient.cpp   [m | [37mcreate_topic            [m | [32mtopic created[m          | client_key: 0x00000006, topic_id: 0x08D(2), participant_id: 0x001(1)
[35m[1785137973.906432][m info     | [34mProxyClient.cpp   [m | [37mcreate_publisher        [m | [32mpublisher created[m      | client_key: 0x00000006, publisher_id: 0x08D(3), participant_id: 0x001(1)
[35m[1785137973.906588][m info     | [34mProxyClient.cpp   [m | [37mcreate_datawriter       [m | [32mdatawriter created[m     | client_key: 0x00000006, datawriter_id: 0x08D(5), publisher_id: 0x08D(3)
[35m[1785137973.906643][m info     | [34mProxyClient.cpp   [m | [37mcreate_topic            [m | [32mtopic created[m          | client_key: 0x00000006, topic_id: 0x0B4(2), participant_id: 0x001(1)
[35m[1785137973.906697][m info     | [34mProxyClient.cpp   [m | [37mcreate_publisher        [m | [32mpublisher created[m      | client_key: 0x00000006, publisher_id: 0x0B4(3), participant_id: 0x001(1)
[35m[1785137973.906857][m info     | [34mProxyClient.cpp   [m | [37mcreate_datawriter       [m | [32mdatawriter created[m     | client_key: 0x00000006, datawriter_id: 0x0B4(5), publisher_id: 0x0B4(3)
[35m[1785137973.906975][m info     | [34mProxyClient.cpp   [m | [37mcreate_topic            [m | [32mtopic created[m          | client_key: 0x00000006, topic_id: 0x0CB(2), participant_id: 0x001(1)
[35m[1785137973.907008][m info     | [34mProxyClient.cpp   [m | [37mcreate_publisher        [m | [32mpublisher created[m      | client_key: 0x00000006, publisher_id: 0x0CB(3), participant_id: 0x001(1)
[35m[1785137973.907363][m info     | [34mProxyClient.cpp   [m | [37mcreate_datawriter       [m | [32mdatawriter created[m     | client_key: 0x00000006, datawriter_id: 0x0CB(5), publisher_id: 0x0CB(3)
[35m[1785137973.907435][m info     | [34mProxyClient.cpp   [m | [37mcreate_topic            [m | [32mtopic created[m          | client_key: 0x00000006, topic_id: 0x0E2(2), participant_id: 0x001(1)
[35m[1785137973.907455][m info     | [34mProxyClient.cpp   [m | [37mcreate_publisher        [m | [32mpublisher created[m      | client_key: 0x00000006, publisher_id: 0x0E2(3), participant_id: 0x001(1)
[35m[1785137973.907654][m info     | [34mProxyClient.cpp   [m | [37mcreate_datawriter       [m | [32mdatawriter created[m     | client_key: 0x00000006, datawriter_id: 0x0E2(5), publisher_id: 0x0E2(3)
[35m[1785137973.907706][m info     | [34mProxyClient.cpp   [m | [37mcreate_topic            [m | [32mtopic created[m          | client_key: 0x00000006, topic_id: 0x0F2(2), participant_id: 0x001(1)
[35m[1785137973.907717][m info     | [34mProxyClient.cpp   [m | [37mcreate_publisher        [m | [32mpublisher created[m      | client_key: 0x00000006, publisher_id: 0x0F2(3), participant_id: 0x001(1)
[35m[1785137973.907885][m info     | [34mProxyClient.cpp   [m | [37mcreate_datawriter       [m | [32mdatawriter created[m     | client_key: 0x00000006, datawriter_id: 0x0F2(5), publisher_id: 0x0F2(3)
[35m[1785137973.907937][m info     | [34mProxyClient.cpp   [m | [37mcreate_topic            [m | [32mtopic created[m          | client_key: 0x00000006, topic_id: 0x0F9(2), participant_id: 0x001(1)
[35m[1785137973.907947][m info     | [34mProxyClient.cpp   [m | [37mcreate_publisher        [m | [32mpublisher created[m      | client_key: 0x00000006, publisher_id: 0x0F9(3), participant_id: 0x001(1)
[35m[1785137973.908111][m info     | [34mProxyClient.cpp   [m | [37mcreate_datawriter       [m | [32mdatawriter created[m     | client_key: 0x00000006, datawriter_id: 0x0F9(5), publisher_id: 0x0F9(3)
[35m[1785137973.908159][m info     | [34mProxyClient.cpp   [m | [37mcreate_topic            [m | [32mtopic created[m          | client_key: 0x00000006, topic_id: 0x0FA(2), participant_id: 0x001(1)
[35m[1785137973.908184][m info     | [34mProxyClient.cpp   [m | [37mcreate_publisher        [m | [32mpublisher created[m      | client_key: 0x00000006, publisher_id: 0x0FA(3), participant_id: 0x001(1)
[35m[1785137973.908345][m info     | [34mProxyClient.cpp   [m | [37mcreate_datawriter       [m | [32mdatawriter created[m     | client_key: 0x00000006, datawriter_id: 0x0FA(5), publisher_id: 0x0FA(3)
[35m[1785137973.908396][m info     | [34mProxyClient.cpp   [m | [37mcreate_topic            [m | [32mtopic created[m          | client_key: 0x00000006, topic_id: 0x0FC(2), participant_id: 0x001(1)
[35m[1785137973.908407][m info     | [34mProxyClient.cpp   [m | [37mcreate_publisher        [m | [32mpublisher created[m      | client_key: 0x00000006, publisher_id: 0x0FC(3), participant_id: 0x001(1)
[35m[1785137973.908557][m info     | [34mProxyClient.cpp   [m | [37mcreate_datawriter       [m | [32mdatawriter created[m     | client_key: 0x00000006, datawriter_id: 0x0FC(5), publisher_id: 0x0FC(3)
[35m[1785137973.908606][m info     | [34mProxyClient.cpp   [m | [37mcreate_topic            [m | [32mtopic created[m          | client_key: 0x00000006, topic_id: 0x100(2), participant_id: 0x001(1)
[35m[1785137973.908619][m info     | [34mProxyClient.cpp   [m | [37mcreate_publisher        [m | [32mpublisher created[m      | client_key: 0x00000006, publisher_id: 0x100(3), participant_id: 0x001(1)
[35m[1785137973.908761][m info     | [34mProxyClient.cpp   [m | [37mcreate_datawriter       [m | [32mdatawriter created[m     | client_key: 0x00000006, datawriter_id: 0x100(5), publisher_id: 0x100(3)
[35m[1785137973.908803][m info     | [34mProxyClient.cpp   [m | [37mcreate_topic            [m | [32mtopic created[m          | client_key: 0x00000006, topic_id: 0x105(2), participant_id: 0x001(1)
[35m[1785137973.908820][m info     | [34mProxyClient.cpp   [m | [37mcreate_publisher        [m | [32mpublisher created[m      | client_key: 0x00000006, publisher_id: 0x105(3), participant_id: 0x001(1)
[35m[1785137973.908969][m info     | [34mProxyClient.cpp   [m | [37mcreate_datawriter       [m | [32mdatawriter created[m     | client_key: 0x00000006, datawriter_id: 0x105(5), publisher_id: 0x105(3)
[35m[1785137973.909015][m info     | [34mProxyClient.cpp   [m | [37mcreate_topic            [m | [32mtopic created[m          | client_key: 0x00000006, topic_id: 0x10A(2), participant_id: 0x001(1)
[35m[1785137973.909032][m info     | [34mProxyClient.cpp   [m | [37mcreate_publisher        [m | [32mpublisher created[m      | client_key: 0x00000006, publisher_id: 0x10A(3), participant_id: 0x001(1)
[35m[1785137973.909226][m info     | [34mProxyClient.cpp   [m | [37mcreate_datawriter       [m | [32mdatawriter created[m     | client_key: 0x00000006, datawriter_id: 0x10A(5), publisher_id: 0x10A(3)
[35m[1785137985.710376][m info     | [34mProxyClient.cpp   [m | [37mcreate_topic            [m | [32mtopic created[m          | client_key: 0x00000002, topic_id: 0x0F6(2), participant_id: 0x001(1)
[35m[1785137985.710442][m info     | [34mProxyClient.cpp   [m | [37mcreate_publisher        [m | [32mpublisher created[m      | client_key: 0x00000002, publisher_id: 0x0F6(3), participant_id: 0x001(1)
[35m[1785137985.710923][m info     | [34mProxyClient.cpp   [m | [37mcreate_datawriter       [m | [32mdatawriter created[m     | client_key: 0x00000002, datawriter_id: 0x0F6(5), publisher_id: 0x0F6(3)
[35m[1785137985.710966][m info     | [34mProxyClient.cpp   [m | [37mcreate_topic            [m | [32mtopic created[m          | client_key: 0x00000003, topic_id: 0x0F6(2), participant_id: 0x001(1)
[35m[1785137985.710977][m info     | [34mProxyClient.cpp   [m | [37mcreate_publisher        [m | [32mpublisher created[m      | client_key: 0x00000003, publisher_id: 0x0F6(3), participant_id: 0x001(1)
[35m[1785137985.711268][m info     | [34mProxyClient.cpp   [m | [37mcreate_datawriter       [m | [32mdatawriter created[m     | client_key: 0x00000003, datawriter_id: 0x0F6(5), publisher_id: 0x0F6(3)
[35m[1785137985.711367][m info     | [34mProxyClient.cpp   [m | [37mcreate_topic            [m | [32mtopic created[m          | client_key: 0x00000004, topic_id: 0x0F6(2), participant_id: 0x001(1)
[35m[1785137985.711385][m info     | [34mProxyClient.cpp   [m | [37mcreate_publisher        [m | [32mpublisher created[m      | client_key: 0x00000004, publisher_id: 0x0F6(3), participant_id: 0x001(1)
[35m[1785137985.711649][m info     | [34mProxyClient.cpp   [m | [37mcreate_datawriter       [m | [32mdatawriter created[m     | client_key: 0x00000004, datawriter_id: 0x0F6(5), publisher_id: 0x0F6(3)
[35m[1785137985.711681][m info     | [34mProxyClient.cpp   [m | [37mcreate_topic            [m | [32mtopic created[m          | client_key: 0x00000006, topic_id: 0x0F6(2), participant_id: 0x001(1)
[35m[1785137985.711691][m info     | [34mProxyClient.cpp   [m | [37mcreate_publisher        [m | [32mpublisher created[m      | client_key: 0x00000006, publisher_id: 0x0F6(3), participant_id: 0x001(1)
[35m[1785137985.711955][m info     | [34mProxyClient.cpp   [m | [37mcreate_datawriter       [m | [32mdatawriter created[m     | client_key: 0x00000006, datawriter_id: 0x0F6(5), publisher_id: 0x0F6(3)
[35m[1785137985.910486][m info     | [34mProxyClient.cpp   [m | [37mcreate_topic            [m | [32mtopic created[m          | client_key: 0x00000005, topic_id: 0x0F6(2), participant_id: 0x001(1)
[35m[1785137985.910524][m info     | [34mProxyClient.cpp   [m | [37mcreate_publisher        [m | [32mpublisher created[m      | client_key: 0x00000005, publisher_id: 0x0F6(3), participant_id: 0x001(1)
[35m[1785137985.910981][m info     | [34mProxyClient.cpp   [m | [37mcreate_datawriter       [m | [32mdatawriter created[m     | client_key: 0x00000005, datawriter_id: 0x0F6(5), publisher_id: 0x0F6(3)
