[35m[1785141662.576505][m info     | [34mUDPv4AgentLinux.cpp[m | [37minit                    [m | [32mrunning...[m             | port: 8888
[35m[1785141662.576671][m info     | [34mRoot.cpp          [m | [37mset_verbose_level       [m | [32mlogger setup[m           | verbose_level: 4
[35m[1785141670.372755][m info     | [34mRoot.cpp          [m | [37mcreate_client           [m | [32mcreate[m                 | client_key: 0x00000002, session_id: 0x81
[35m[1785141670.372794][m info     | [34mSessionManager.hpp[m | [37mestablish_session       [m | [32msession established[m    | client_key: 0x00000002, address: 127.0.0.1:65220
[35m[1785141670.375621][m info     | [34mProxyClient.cpp   [m | [37mcreate_participant      [m | [32mparticipant created[m    | client_key: 0x00000002, participant_id: 0x001(1)
[35m[1785141670.375771][m info     | [34mProxyClient.cpp   [m | [37mcreate_topic            [m | [32mtopic created[m          | client_key: 0x00000002, topic_id: 0x800(2), participant_id: 0x001(1)
[35m[1785141670.375829][m info     | [34mProxyClient.cpp   [m | [37mcreate_subscriber       [m | [32msubscriber created[m     | client_key: 0x00000002, subscriber_id: 0x800(4), participant_id: 0x001(1)
[35m[1785141670.376938][m info     | [34mProxyClient.cpp   [m | [37mcreate_datareader       [m | [32mdatareader created[m     | client_key: 0x00000002, datareader_id: 0x800(6), subscriber_id: 0x800(4)
[35m[1785141670.377028][m info     | [34mProxyClient.cpp   [m | [37mcreate_topic            [m | [32mtopic created[m          | client_key: 0x00000002, topic_id: 0x801(2), participant_id: 0x001(1)
[35m[1785141670.377039][m info     | [34mProxyClient.cpp   [m | [37mcreate_subscriber       [m | [32msubscriber created[m     | client_key: 0x00000002, subscriber_id: 0x801(4), participant_id: 0x001(1)
[35m[1785141670.377280][m info     | [34mProxyClient.cpp   [m | [37mcreate_datareader       [m | [32mdatareader created[m     | client_key: 0x00000002, datareader_id: 0x801(6), subscriber_id: 0x801(4)
[35m[1785141670.377366][m info     | [34mProxyClient.cpp   [m | [37mcreate_topic            [m | [32mtopic created[m          | client_key: 0x00000002, topic_id: 0x802(2), participant_id: 0x001(1)
[35m[1785141670.377384][m info     | [34mProxyClient.cpp   [m | [37mcreate_subscriber       [m | [32msubscriber created[m     | client_key: 0x00000002, subscriber_id: 0x802(4), participant_id: 0x001(1)
[35m[1785141670.377578][m info     | [34mProxyClient.cpp   [m | [37mcreate_datareader       [m | [32mdatareader created[m     | client_key: 0x00000002, datareader_id: 0x802(6), subscriber_id: 0x802(4)
[35m[1785141670.377733][m info     | [34mProxyClient.cpp   [m | [37mcreate_topic            [m | [32mtopic created[m          | client_key: 0x00000002, topic_id: 0x803(2), participant_id: 0x001(1)
[35m[1785141670.377802][m info     | [34mProxyClient.cpp   [m | [37mcreate_subscriber       [m | [32msubscriber created[m     | client_key: 0x00000002, subscriber_id: 0x803(4), participant_id: 0x001(1)
[35m[1785141670.378064][m info     | [34mProxyClient.cpp   [m | [37mcreate_datareader       [m | [32mdatareader created[m     | client_key: 0x00000002, datareader_id: 0x803(6), subscriber_id: 0x803(4)
[35m[1785141670.378162][m info     | [34mProxyClient.cpp   [m | [37mcreate_topic            [m | [32mtopic created[m          | client_key: 0x00000002, topic_id: 0x804(2), participant_id: 0x001(1)
[35m[1785141670.378187][m info     | [34mProxyClient.cpp   [m | [37mcreate_subscriber       [m | [32msubscriber created[m     | client_key: 0x00000002, subscriber_id: 0x804(4), participant_id: 0x001(1)
[35m[1785141670.378399][m info     | [34mProxyClient.cpp   [m | [37mcreate_datareader       [m | [32mdatareader created[m     | client_key: 0x00000002, datareader_id: 0x804(6), subscriber_id: 0x804(4)
[35m[1785141670.378485][m info     | [34mProxyClient.cpp   [m | [37mcreate_topic            [m | [32mtopic created[m          | client_key: 0x00000002, topic_id: 0x805(2), participant_id: 0x001(1)
[35m[1785141670.378511][m info     | [34mProxyClient.cpp   [m | [37mcreate_subscriber       [m | [32msubscriber created[m     | client_key: 0x00000002, subscriber_id: 0x805(4), participant_id: 0x001(1)
[35m[1785141670.378761][m info     | [34mProxyClient.cpp   [m | [37mcreate_datareader       [m | [32mdatareader created[m     | client_key: 0x00000002, datareader_id: 0x805(6), subscriber_id: 0x805(4)
[35m[1785141670.378850][m info     | [34mProxyClient.cpp   [m | [37mcreate_topic            [m | [32mtopic created[m          | client_key: 0x00000002, topic_id: 0x806(2), participant_id: 0x001(1)
[35m[1785141670.378863][m info     | [34mProxyClient.cpp   [m | [37mcreate_subscriber       [m | [32msubscriber created[m     | client_key: 0x00000002, subscriber_id: 0x806(4), participant_id: 0x001(1)
[35m[1785141670.379109][m info     | [34mProxyClient.cpp   [m | [37mcreate_datareader       [m | [32mdatareader created[m     | client_key: 0x00000002, datareader_id: 0x806(6), subscriber_id: 0x806(4)
[35m[1785141670.379199][m info     | [34mProxyClient.cpp   [m | [37mcreate_topic            [m | [32mtopic created[m          | client_key: 0x00000002, topic_id: 0x807(2), participant_id: 0x001(1)
[35m[1785141670.379220][m info     | [34mProxyClient.cpp   [m | [37mcreate_subscriber       [m | [32msubscriber created[m     | client_key: 0x00000002, subscriber_id: 0x807(4), participant_id: 0x001(1)
[35m[1785141670.379459][m info     | [34mProxyClient.cpp   [m | [37mcreate_datareader       [m | [32mdatareader created[m     | client_key: 0x00000002, datareader_id: 0x807(6), subscriber_id: 0x807(4)
[35m[1785141670.379577][m info     | [34mProxyClient.cpp   [m | [37mcreate_topic            [m | [32mtopic created[m          | client_key: 0x00000002, topic_id: 0x808(2), participant_id: 0x001(1)
[35m[1785141670.379595][m info     | [34mProxyClient.cpp   [m | [37mcreate_subscriber       [m | [32msubscriber created[m     | client_key: 0x00000002, subscriber_id: 0x808(4), participant_id: 0x001(1)
[35m[1785141670.379787][m info     | [34mProxyClient.cpp   [m | [37mcreate_datareader       [m | [32mdatareader created[m     | client_key: 0x00000002, datareader_id: 0x808(6), subscriber_id: 0x808(4)
[35m[1785141670.379874][m info     | [34mProxyClient.cpp   [m | [37mcreate_topic            [m | [32mtopic created[m          | client_key: 0x00000002, topic_id: 0x809(2), participant_id: 0x001(1)
[35m[1785141670.379888][m info     | [34mProxyClient.cpp   [m | [37mcreate_subscriber       [m | [32msubscriber created[m     | client_key: 0x00000002, subscriber_id: 0x809(4), participant_id: 0x001(1)
[35m[1785141670.380086][m info     | [34mProxyClient.cpp   [m | [37mcreate_datareader       [m | [32mdatareader created[m     | client_key: 0x00000002, datareader_id: 0x809(6), subscriber_id: 0x809(4)
[35m[1785141670.380194][m info     | [34mProxyClient.cpp   [m | [37mcreate_topic            [m | [32mtopic created[m          | client_key: 0x00000002, topic_id: 0x80A(2), participant_id: 0x001(1)
[35m[1785141670.380216][m info     | [34mProxyClient.cpp   [m | [37mcreate_subscriber       [m | [32msubscriber created[m     | client_key: 0x00000002, subscriber_id: 0x80A(4), participant_id: 0x001(1)
[35m[1785141670.380422][m info     | [34mProxyClient.cpp   [m | [37mcreate_datareader       [m | [32mdatareader created[m     | client_key: 0x00000002, datareader_id: 0x80A(6), subscriber_id: 0x80A(4)
[35m[1785141670.380496][m info     | [34mProxyClient.cpp   [m | [37mcreate_topic            [m | [32mtopic created[m          | client_key: 0x00000002, topic_id: 0x80B(2), participant_id: 0x001(1)
[35m[1785141670.380515][m info     | [34mProxyClient.cpp   [m | [37mcreate_subscriber       [m | [32msubscriber created[m     | client_key: 0x00000002, subscriber_id: 0x80B(4), participant_id: 0x001(1)
[35m[1785141670.380723][m info     | [34mProxyClient.cpp   [m | [37mcreate_datareader       [m | [32mdatareader created[m     | client_key: 0x00000002, datareader_id: 0x80B(6), subscriber_id: 0x80B(4)
[35m[1785141670.380813][m info     | [34mProxyClient.cpp   [m | [37mcreate_topic            [m | [32mtopic created[m          | client_key: 0x00000002, topic_id: 0x80C(2), participant_id: 0x001(1)
[35m[1785141670.380834][m info     | [34mProxyClient.cpp   [m | [37mcreate_subscriber       [m | [32msubscriber created[m     | client_key: 0x00000002, subscriber_id: 0x80C(4), participant_id: 0x001(1)
[35m[1785141670.381036][m info     | [34mProxyClient.cpp   [m | [37mcreate_datareader       [m | [32mdatareader created[m     | client_key: 0x00000002, datareader_id: 0x80C(6), subscriber_id: 0x80C(4)
[35m[1785141670.381122][m info     | [34mProxyClient.cpp   [m | [37mcreate_topic            [m | [32mtopic created[m          | client_key: 0x00000002, topic_id: 0x80D(2), participant_id: 0x001(1)
[35m[1785141670.381135][m info     | [34mProxyClient.cpp   [m | [37mcreate_subscriber       [m | [32msubscriber created[m     | client_key: 0x00000002, subscriber_id: 0x80D(4), participant_id: 0x001(1)
[35m[1785141670.381383][m info     | [34mProxyClient.cpp   [m | [37mcreate_datareader       [m | [32mdatareader created[m     | client_key: 0x00000002, datareader_id: 0x80D(6), subscriber_id: 0x80D(4)
[35m[1785141670.381465][m info     | [34mProxyClient.cpp   [m | [37mcreate_topic            [m | [32mtopic created[m          | client_key: 0x00000002, topic_id: 0x80E(2), participant_id: 0x001(1)
[35m[1785141670.381478][m info     | [34mProxyClient.cpp   [m | [37mcreate_subscriber       [m | [32msubscriber created[m     | client_key: 0x00000002, subscriber_id: 0x80E(4), participant_id: 0x001(1)
[35m[1785141670.381678][m info     | [34mProxyClient.cpp   [m | [37mcreate_datareader       [m | [32mdatareader created[m     | client_key: 0x00000002, datareader_id: 0x80E(6), subscriber_id: 0x80E(4)
[35m[1785141670.381756][m info     | [34mProxyClient.cpp   [m | [37mcreate_topic            [m | [32mtopic created[m          | client_key: 0x00000002, topic_id: 0x80F(2), participant_id: 0x001(1)
[35m[1785141670.381768][m info     | [34mProxyClient.cpp   [m | [37mcreate_subscriber       [m | [32msubscriber created[m     | client_key: 0x00000002, subscriber_id: 0x80F(4), participant_id: 0x001(1)
[35m[1785141670.381985][m info     | [34mProxyClient.cpp   [m | [37mcreate_datareader       [m | [32mdatareader created[m     | client_key: 0x00000002, datareader_id: 0x80F(6), subscriber_id: 0x80F(4)
[35m[1785141670.382059][m info     | [34mProxyClient.cpp   [m | [37mcreate_topic            [m | [32mtopic created[m          | client_key: 0x00000002, topic_id: 0x810(2), participant_id: 0x001(1)
[35m[1785141670.382077][m info     | [34mProxyClient.cpp   [m | [37mcreate_subscriber       [m | [32msubscriber created[m     | client_key: 0x00000002, subscriber_id: 0x810(4), participant_id: 0x001(1)
[35m[1785141670.382282][m info     | [34mProxyClient.cpp   [m | [37mcreate_datareader       [m | [32mdatareader created[m     | client_key: 0x00000002, datareader_id: 0x810(6), subscriber_id: 0x810(4)
[35m[1785141670.382381][m info     | [34mProxyClient.cpp   [m | [37mcreate_topic            [m | [32mtopic created[m          | client_key: 0x00000002, topic_id: 0x811(2), participant_id: 0x001(1)
[35m[1785141670.382401][m info     | [34mProxyClient.cpp   [m | [37mcreate_subscriber       [m | [32msubscriber created[m     | client_key: 0x00000002, subscriber_id: 0x811(4), participant_id: 0x001(1)
[35m[1785141670.382603][m info     | [34mProxyClient.cpp   [m | [37mcreate_datareader       [m | [32mdatareader created[m     | client_key: 0x00000002, datareader_id: 0x811(6), subscriber_id: 0x811(4)
[35m[1785141670.382688][m info     | [34mProxyClient.cpp   [m | [37mcreate_topic            [m | [32mtopic created[m          | client_key: 0x00000002, topic_id: 0x812(2), participant_id: 0x001(1)
[35m[1785141670.382699][m info     | [34mProxyClient.cpp   [m | [37mcreate_subscriber       [m | [32msubscriber created[m     | client_key: 0x00000002, subscriber_id: 0x812(4), participant_id: 0x001(1)
[35m[1785141670.382902][m info     | [34mProxyClient.cpp   [m | [37mcreate_datareader       [m | [32mdatareader created[m     | client_key: 0x00000002, datareader_id: 0x812(6), subscriber_id: 0x812(4)
[35m[1785141670.382976][m info     | [34mProxyClient.cpp   [m | [37mcreate_topic            [m | [32mtopic created[m          | client_key: 0x00000002, topic_id: 0x813(2), participant_id: 0x001(1)
[35m[1785141670.382994][m info     | [34mProxyClient.cpp   [m | [37mcreate_subscriber       [m | [32msubscriber created[m     | client_key: 0x00000002, subscriber_id: 0x813(4), participant_id: 0x001(1)
[35m[1785141670.383185][m info     | [34mProxyClient.cpp   [m | [37mcreate_datareader       [m | [32mdatareader created[m     | client_key: 0x00000002, datareader_id: 0x813(6), subscriber_id: 0x813(4)
[35m[1785141670.383268][m info     | [34mProxyClient.cpp   [m | [37mcreate_topic            [m | [32mtopic created[m          | client_key: 0x00000002, topic_id: 0x814(2), participant_id: 0x001(1)
[35m[1785141670.383279][m info     | [34mProxyClient.cpp   [m | [37mcreate_subscriber       [m | [32msubscriber created[m     | client_key: 0x00000002, subscriber_id: 0x814(4), participant_id: 0x001(1)
[35m[1785141670.383470][m info     | [34mProxyClient.cpp   [m | [37mcreate_datareader       [m | [32mdatareader created[m     | client_key: 0x00000002, datareader_id: 0x814(6), subscriber_id: 0x814(4)
[35m[1785141670.383541][m info     | [34mProxyClient.cpp   [m | [37mcreate_topic            [m | [32mtopic created[m          | client_key: 0x00000002, topic_id: 0x815(2), participant_id: 0x001(1)
[35m[1785141670.383558][m info     | [34mProxyClient.cpp   [m | [37mcreate_subscriber       [m | [32msubscriber created[m     | client_key: 0x00000002, subscriber_id: 0x815(4), participant_id: 0x001(1)
[35m[1785141670.383747][m info     | [34mProxyClient.cpp   [m | [37mcreate_datareader       [m | [32mdatareader created[m     | client_key: 0x00000002, datareader_id: 0x815(6), subscriber_id: 0x815(4)
[35m[1785141670.383818][m info     | [34mProxyClient.cpp   [m | [37mcreate_topic            [m | [32mtopic created[m          | client_key: 0x00000002, topic_id: 0x816(2), participant_id: 0x001(1)
[35m[1785141670.383829][m info     | [34mProxyClient.cpp   [m | [37mcreate_subscriber       [m | [32msubscriber created[m     | client_key: 0x00000002, subscriber_id: 0x816(4), participant_id: 0x001(1)
[35m[1785141670.384032][m info     | [34mProxyClient.cpp   [m | [37mcreate_datareader       [m | [32mdatareader created[m     | client_key: 0x00000002, datareader_id: 0x816(6), subscriber_id: 0x816(4)
[35m[1785141670.384110][m info     | [34mProxyClient.cpp   [m | [37mcreate_topic            [m | [32mtopic created[m          | client_key: 0x00000002, topic_id: 0x817(2), participant_id: 0x001(1)
[35m[1785141670.384120][m info     | [34mProxyClient.cpp   [m | [37mcreate_subscriber       [m | [32msubscriber created[m     | client_key: 0x00000002, subscriber_id: 0x817(4), participant_id: 0x001(1)
[35m[1785141670.384323][m info     | [34mProxyClient.cpp   [m | [37mcreate_datareader       [m | [32mdatareader created[m     | client_key: 0x00000002, datareader_id: 0x817(6), subscriber_id: 0x817(4)
[35m[1785141670.384399][m info     | [34mProxyClient.cpp   [m | [37mcreate_topic            [m | [32mtopic created[m          | client_key: 0x00000002, topic_id: 0x818(2), participant_id: 0x001(1)
[35m[1785141670.384416][m info     | [34mProxyClient.cpp   [m | [37mcreate_subscriber       [m | [32msubscriber created[m     | client_key: 0x00000002, subscriber_id: 0x818(4), participant_id: 0x001(1)
[35m[1785141670.384624][m info     | [34mProxyClient.cpp   [m | [37mcreate_datareader       [m | [32mdatareader created[m     | client_key: 0x00000002, datareader_id: 0x818(6), subscriber_id: 0x818(4)
[35m[1785141670.384699][m info     | [34mProxyClient.cpp   [m | [37mcreate_topic            [m | [32mtopic created[m          | client_key: 0x00000002, topic_id: 0x819(2), participant_id: 0x001(1)
[35m[1785141670.384715][m info     | [34mProxyClient.cpp   [m | [37mcreate_subscriber       [m | [32msubscriber created[m     | client_key: 0x00000002, subscriber_id: 0x819(4), participant_id: 0x001(1)
[35m[1785141670.384914][m info     | [34mProxyClient.cpp   [m | [37mcreate_datareader       [m | [32mdatareader created[m     | client_key: 0x00000002, datareader_id: 0x819(6), subscriber_id: 0x819(4)
[35m[1785141670.384979][m info     | [34mProxyClient.cpp   [m | [37mcreate_topic            [m | [32mtopic created[m          | client_key: 0x00000002, topic_id: 0x81A(2), participant_id: 0x001(1)
[35m[1785141670.384994][m info     | [34mProxyClient.cpp   [m | [37mcreate_subscriber       [m | [32msubscriber created[m     | client_key: 0x00000002, subscriber_id: 0x81A(4), participant_id: 0x001(1)
[35m[1785141670.385229][m info     | [34mProxyClient.cpp   [m | [37mcreate_datareader       [m | [32mdatareader created[m     | client_key: 0x00000002, datareader_id: 0x81A(6), subscriber_id: 0x81A(4)
[35m[1785141670.385304][m info     | [34mProxyClient.cpp   [m | [37mcreate_topic            [m | [32mtopic created[m          | client_key: 0x00000002, topic_id: 0x81B(2), participant_id: 0x001(1)
[35m[1785141670.385325][m info     | [34mProxyClient.cpp   [m | [37mcreate_subscriber       [m | [32msubscriber created[m     | client_key: 0x00000002, subscriber_id: 0x81B(4), participant_id: 0x001(1)
[35m[1785141670.385525][m info     | [34mProxyClient.cpp   [m | [37mcreate_datareader       [m | [32mdatareader created[m     | client_key: 0x00000002, datareader_id: 0x81B(6), subscriber_id: 0x81B(4)
[35m[1785141670.385598][m info     | [34mProxyClient.cpp   [m | [37mcreate_topic            [m | [32mtopic created[m          | client_key: 0x00000002, topic_id: 0x81C(2), participant_id: 0x001(1)
[35m[1785141670.385615][m info     | [34mProxyClient.cpp   [m | [37mcreate_subscriber       [m | [32msubscriber created[m     | client_key: 0x00000002, subscriber_id: 0x81C(4), participant_id: 0x001(1)
[35m[1785141670.385806][m info     | [34mProxyClient.cpp   [m | [37mcreate_datareader       [m | [32mdatareader created[m     | client_key: 0x00000002, datareader_id: 0x81C(6), subscriber_id: 0x81C(4)
[35m[1785141670.386260][m info     | [34mProxyClient.cpp   [m | [37mcreate_replier          [m | [32mreplier created[m        | client_key: 0x00000002, requester_id: 0x800(7), participant_id: 0x001(1)
[35m[1785141670.844427][m info     | [34mRoot.cpp          [m | [37mcreate_client           [m | [32mcreate[m                 | client_key: 0x00000003, session_id: 0x81
[35m[1785141670.844455][m info     | [34mSessionManager.hpp[m | [37mestablish_session       [m | [32msession established[m    | client_key: 0x00000003, address: 127.0.0.1:9350
[35m[1785141670.847261][m info     | [34mProxyClient.cpp   [m | [37mcreate_participant      [m | [32mparticipant created[m    | client_key: 0x00000003, participant_id: 0x001(1)
[35m[1785141670.847588][m info     | [34mProxyClient.cpp   [m | [37mcreate_topic            [m | [32mtopic created[m          | client_key: 0x00000003, topic_id: 0x800(2), participant_id: 0x001(1)
[35m[1785141670.848156][m info     | [34mProxyClient.cpp   [m | [37mcreate_subscriber       [m | [32msubscriber created[m     | client_key: 0x00000003, subscriber_id: 0x800(4), participant_id: 0x001(1)
[35m[1785141670.848741][m info     | [34mProxyClient.cpp   [m | [37mcreate_datareader       [m | [32mdatareader created[m     | client_key: 0x00000003, datareader_id: 0x800(6), subscriber_id: 0x800(4)
[35m[1785141670.848913][m info     | [34mProxyClient.cpp   [m | [37mcreate_topic            [m | [32mtopic created[m          | client_key: 0x00000003, topic_id: 0x801(2), participant_id: 0x001(1)
[35m[1785141670.848945][m info     | [34mProxyClient.cpp   [m | [37mcreate_subscriber       [m | [32msubscriber created[m     | client_key: 0x00000003, subscriber_id: 0x801(4), participant_id: 0x001(1)
[35m[1785141670.849297][m info     | [34mProxyClient.cpp   [m | [37mcreate_datareader       [m | [32mdatareader created[m     | client_key: 0x00000003, datareader_id: 0x801(6), subscriber_id: 0x801(4)
[35m[1785141670.849512][m info     | [34mProxyClient.cpp   [m | [37mcreate_topic            [m | [32mtopic created[m          | client_key: 0x00000003, topic_id: 0x802(2), participant_id: 0x001(1)
[35m[1785141670.849571][m info     | [34mProxyClient.cpp   [m | [37mcreate_subscriber       [m | [32msubscriber created[m     | client_key: 0x00000003, subscriber_id: 0x802(4), participant_id: 0x001(1)
[35m[1785141670.850122][m info     | [34mProxyClient.cpp   [m | [37mcreate_datareader       [m | [32mdatareader created[m     | client_key: 0x00000003, datareader_id: 0x802(6), subscriber_id: 0x802(4)
[35m[1785141670.850283][m info     | [34mProxyClient.cpp   [m | [37mcreate_topic            [m | [32mtopic created[m          | client_key: 0x00000003, topic_id: 0x803(2), participant_id: 0x001(1)
[35m[1785141670.850326][m info     | [34mProxyClient.cpp   [m | [37mcreate_subscriber       [m | [32msubscriber created[m     | client_key: 0x00000003, subscriber_id: 0x803(4), participant_id: 0x001(1)
[35m[1785141670.850667][m info     | [34mProxyClient.cpp   [m | [37mcreate_datareader       [m | [32mdatareader created[m     | client_key: 0x00000003, datareader_id: 0x803(6), subscriber_id: 0x803(4)
[35m[1785141670.853084][m info     | [34mProxyClient.cpp   [m | [37mcreate_topic            [m | [32mtopic created[m          | client_key: 0x00000003, topic_id: 0x804(2), participant_id: 0x001(1)
[35m[1785141670.853116][m info     | [34mProxyClient.cpp   [m | [37mcreate_subscriber       [m | [32msubscriber created[m     | client_key: 0x00000003, subscriber_id: 0x804(4), participant_id: 0x001(1)
[35m[1785141670.853467][m info     | [34mProxyClient.cpp   [m | [37mcreate_datareader       [m | [32mdatareader created[m     | client_key: 0x00000003, datareader_id: 0x804(6), subscriber_id: 0x804(4)
[35m[1785141670.853775][m info     | [34mProxyClient.cpp   [m | [37mcreate_topic            [m | [32mtopic created[m          | client_key: 0x00000003, topic_id: 0x805(2), participant_id: 0x001(1)
[35m[1785141670.853867][m info     | [34mProxyClient.cpp   [m | [37mcreate_subscriber       [m | [32msubscriber created[m     | client_key: 0x00000003, subscriber_id: 0x805(4), participant_id: 0x001(1)
[35m[1785141670.854326][m info     | [34mProxyClient.cpp   [m | [37mcreate_datareader       [m | [32mdatareader created[m     | client_key: 0x00000003, datareader_id: 0x805(6), subscriber_id: 0x805(4)
[35m[1785141670.854535][m info     | [34mProxyClient.cpp   [m | [37mcreate_topic            [m | [32mtopic created[m          | client_key: 0x00000003, topic_id: 0x806(2), participant_id: 0x001(1)
[35m[1785141670.854563][m info     | [34mProxyClient.cpp   [m | [37mcreate_subscriber       [m | [32msubscriber created[m     | client_key: 0x00000003, subscriber_id: 0x806(4), participant_id: 0x001(1)
[35m[1785141670.855019][m info     | [34mProxyClient.cpp   [m | [37mcreate_datareader       [m | [32mdatareader created[m     | client_key: 0x00000003, datareader_id: 0x806(6), subscriber_id: 0x806(4)
[35m[1785141670.855186][m info     | [34mProxyClient.cpp   [m | [37mcreate_topic            [m | [32mtopic created[m          | client_key: 0x00000003, topic_id: 0x807(2), participant_id: 0x001(1)
[35m[1785141670.855248][m info     | [34mProxyClient.cpp   [m | [37mcreate_subscriber       [m | [32msubscriber created[m     | client_key: 0x00000003, subscriber_id: 0x807(4), participant_id: 0x001(1)
[35m[1785141670.855677][m info     | [34mProxyClient.cpp   [m | [37mcreate_datareader       [m | [32mdatareader created[m     | client_key: 0x00000003, datareader_id: 0x807(6), subscriber_id: 0x807(4)
[35m[1785141670.855832][m info     | [34mProxyClient.cpp   [m | [37mcreate_topic            [m | [32mtopic created[m          | client_key: 0x00000003, topic_id: 0x808(2), participant_id: 0x001(1)
[35m[1785141670.855854][m info     | [34mProxyClient.cpp   [m | [37mcreate_subscriber       [m | [32msubscriber created[m     | client_key: 0x00000003, subscriber_id: 0x808(4), participant_id: 0x001(1)
[35m[1785141670.856190][m info     | [34mProxyClient.cpp   [m | [37mcreate_datareader       [m | [32mdatareader created[m     | client_key: 0x00000003, datareader_id: 0x808(6), subscriber_id: 0x808(4)
[35m[1785141670.856407][m info     | [34mProxyClient.cpp   [m | [37mcreate_topic            [m | [32mtopic created[m          | client_key: 0x00000003, topic_id: 0x809(2), participant_id: 0x001(1)
[35m[1785141670.856430][m info     | [34mProxyClient.cpp   [m | [37mcreate_subscriber       [m | [32msubscriber created[m     | client_key: 0x00000003, subscriber_id: 0x809(4), participant_id: 0x001(1)
[35m[1785141670.856766][m info     | [34mProxyClient.cpp   [m | [37mcreate_datareader       [m | [32mdatareader created[m     | client_key: 0x00000003, datareader_id: 0x809(6), subscriber_id: 0x809(4)
[35m[1785141670.856958][m info     | [34mProxyClient.cpp   [m | [37mcreate_topic            [m | [32mtopic created[m          | client_key: 0x00000003, topic_id: 0x80A(2), participant_id: 0x001(1)
[35m[1785141670.856991][m info     | [34mProxyClient.cpp   [m | [37mcreate_subscriber       [m | [32msubscriber created[m     | client_key: 0x00000003, subscriber_id: 0x80A(4), participant_id: 0x001(1)
[35m[1785141670.857424][m info     | [34mProxyClient.cpp   [m | [37mcreate_datareader       [m | [32mdatareader created[m     | client_key: 0x00000003, datareader_id: 0x80A(6), subscriber_id: 0x80A(4)
[35m[1785141670.857654][m info     | [34mProxyClient.cpp   [m | [37mcreate_topic            [m | [32mtopic created[m          | client_key: 0x00000003, topic_id: 0x80B(2), participant_id: 0x001(1)
[35m[1785141670.857686][m info     | [34mProxyClient.cpp   [m | [37mcreate_subscriber       [m | [32msubscriber created[m     | client_key: 0x00000003, subscriber_id: 0x80B(4), participant_id: 0x001(1)
[35m[1785141670.858027][m info     | [34mProxyClient.cpp   [m | [37mcreate_datareader       [m | [32mdatareader created[m     | client_key: 0x00000003, datareader_id: 0x80B(6), subscriber_id: 0x80B(4)
[35m[1785141670.858302][m info     | [34mProxyClient.cpp   [m | [37mcreate_topic            [m | [32mtopic created[m          | client_key: 0x00000003, topic_id: 0x80C(2), participant_id: 0x001(1)
[35m[1785141670.858338][m info     | [34mProxyClient.cpp   [m | [37mcreate_subscriber       [m | [32msubscriber created[m     | client_key: 0x00000003, subscriber_id: 0x80C(4), participant_id: 0x001(1)
[35m[1785141670.858728][m info     | [34mProxyClient.cpp   [m | [37mcreate_datareader       [m | [32mdatareader created[m     | client_key: 0x00000003, datareader_id: 0x80C(6), subscriber_id: 0x80C(4)
[35m[1785141670.858903][m info     | [34mProxyClient.cpp   [m | [37mcreate_topic            [m | [32mtopic created[m          | client_key: 0x00000003, topic_id: 0x80D(2), participant_id: 0x001(1)
[35m[1785141670.858926][m info     | [34mProxyClient.cpp   [m | [37mcreate_subscriber       [m | [32msubscriber created[m     | client_key: 0x00000003, subscriber_id: 0x80D(4), participant_id: 0x001(1)
[35m[1785141670.859372][m info     | [34mProxyClient.cpp   [m | [37mcreate_datareader       [m | [32mdatareader created[m     | client_key: 0x00000003, datareader_id: 0x80D(6), subscriber_id: 0x80D(4)
[35m[1785141670.859597][m info     | [34mProxyClient.cpp   [m | [37mcreate_topic            [m | [32mtopic created[m          | client_key: 0x00000003, topic_id: 0x80E(2), participant_id: 0x001(1)
[35m[1785141670.859620][m info     | [34mProxyClient.cpp   [m | [37mcreate_subscriber       [m | [32msubscriber created[m     | client_key: 0x00000003, subscriber_id: 0x80E(4), participant_id: 0x001(1)
[35m[1785141670.860027][m info     | [34mProxyClient.cpp   [m | [37mcreate_datareader       [m | [32mdatareader created[m     | client_key: 0x00000003, datareader_id: 0x80E(6), subscriber_id: 0x80E(4)
[35m[1785141670.860340][m info     | [34mProxyClient.cpp   [m | [37mcreate_topic            [m | [32mtopic created[m          | client_key: 0x00000003, topic_id: 0x80F(2), participant_id: 0x001(1)
[35m[1785141670.860464][m info     | [34mProxyClient.cpp   [m | [37mcreate_subscriber       [m | [32msubscriber created[m     | client_key: 0x00000003, subscriber_id: 0x80F(4), participant_id: 0x001(1)
[35m[1785141670.860980][m info     | [34mProxyClient.cpp   [m | [37mcreate_datareader       [m | [32mdatareader created[m     | client_key: 0x00000003, datareader_id: 0x80F(6), subscriber_id: 0x80F(4)
[35m[1785141670.861296][m info     | [34mProxyClient.cpp   [m | [37mcreate_topic            [m | [32mtopic created[m          | client_key: 0x00000003, topic_id: 0x810(2), participant_id: 0x001(1)
[35m[1785141670.861324][m info     | [34mProxyClient.cpp   [m | [37mcreate_subscriber       [m | [32msubscriber created[m     | client_key: 0x00000003, subscriber_id: 0x810(4), participant_id: 0x001(1)
[35m[1785141670.861658][m info     | [34mProxyClient.cpp   [m | [37mcreate_datareader       [m | [32mdatareader created[m     | client_key: 0x00000003, datareader_id: 0x810(6), subscriber_id: 0x810(4)
[35m[1785141670.861943][m info     | [34mProxyClient.cpp   [m | [37mcreate_topic            [m | [32mtopic created[m          | client_key: 0x00000003, topic_id: 0x811(2), participant_id: 0x001(1)
[35m[1785141670.861968][m info     | [34mProxyClient.cpp   [m | [37mcreate_subscriber       [m | [32msubscriber created[m     | client_key: 0x00000003, subscriber_id: 0x811(4), participant_id: 0x001(1)
[35m[1785141670.862313][m info     | [34mProxyClient.cpp   [m | [37mcreate_datareader       [m | [32mdatareader created[m     | client_key: 0x00000003, datareader_id: 0x811(6), subscriber_id: 0x811(4)
[35m[1785141670.862482][m info     | [34mProxyClient.cpp   [m | [37mcreate_topic            [m | [32mtopic created[m          | client_key: 0x00000003, topic_id: 0x812(2), participant_id: 0x001(1)
[35m[1785141670.862504][m info     | [34mProxyClient.cpp   [m | [37mcreate_subscriber       [m | [32msubscriber created[m     | client_key: 0x00000003, subscriber_id: 0x812(4), participant_id: 0x001(1)
[35m[1785141670.862831][m info     | [34mProxyClient.cpp   [m | [37mcreate_datareader       [m | [32mdatareader created[m     | client_key: 0x00000003, datareader_id: 0x812(6), subscriber_id: 0x812(4)
[35m[1785141670.862984][m info     | [34mProxyClient.cpp   [m | [37mcreate_topic            [m | [32mtopic created[m          | client_key: 0x00000003, topic_id: 0x813(2), participant_id: 0x001(1)
[35m[1785141670.863016][m info     | [34mProxyClient.cpp   [m | [37mcreate_subscriber       [m | [32msubscriber created[m     | client_key: 0x00000003, subscriber_id: 0x813(4), participant_id: 0x001(1)
[35m[1785141670.863361][m info     | [34mProxyClient.cpp   [m | [37mcreate_datareader       [m | [32mdatareader created[m     | client_key: 0x00000003, datareader_id: 0x813(6), subscriber_id: 0x813(4)
[35m[1785141670.865622][m info     | [34mProxyClient.cpp   [m | [37mcreate_topic            [m | [32mtopic created[m          | client_key: 0x00000003, topic_id: 0x814(2), participant_id: 0x001(1)
[35m[1785141670.865652][m info     | [34mProxyClient.cpp   [m | [37mcreate_subscriber       [m | [32msubscriber created[m     | client_key: 0x00000003, subscriber_id: 0x814(4), participant_id: 0x001(1)
[35m[1785141670.866475][m info     | [34mProxyClient.cpp   [m | [37mcreate_datareader       [m | [32mdatareader created[m     | client_key: 0x00000003, datareader_id: 0x814(6), subscriber_id: 0x814(4)
[35m[1785141670.866667][m info     | [34mProxyClient.cpp   [m | [37mcreate_topic            [m | [32mtopic created[m          | client_key: 0x00000003, topic_id: 0x815(2), participant_id: 0x001(1)
[35m[1785141670.866697][m info     | [34mProxyClient.cpp   [m | [37mcreate_subscriber       [m | [32msubscriber created[m     | client_key: 0x00000003, subscriber_id: 0x815(4), participant_id: 0x001(1)
[35m[1785141670.867043][m info     | [34mProxyClient.cpp   [m | [37mcreate_datareader       [m | [32mdatareader created[m     | client_key: 0x00000003, datareader_id: 0x815(6), subscriber_id: 0x815(4)
[35m[1785141670.867320][m info     | [34mProxyClient.cpp   [m | [37mcreate_topic            [m | [32mtopic created[m          | client_key: 0x00000003, topic_id: 0x816(2), participant_id: 0x001(1)
[35m[1785141670.867457][m info     | [34mProxyClient.cpp   [m | [37mcreate_subscriber       [m | [32msubscriber created[m     | client_key: 0x00000003, subscriber_id: 0x816(4), participant_id: 0x001(1)
[35m[1785141670.867897][m info     | [34mProxyClient.cpp   [m | [37mcreate_datareader       [m | [32mdatareader created[m     | client_key: 0x00000003, datareader_id: 0x816(6), subscriber_id: 0x816(4)
[35m[1785141670.868081][m info     | [34mProxyClient.cpp   [m | [37mcreate_topic            [m | [32mtopic created[m          | client_key: 0x00000003, topic_id: 0x817(2), participant_id: 0x001(1)
[35m[1785141670.868112][m info     | [34mProxyClient.cpp   [m | [37mcreate_subscriber       [m | [32msubscriber created[m     | client_key: 0x00000003, subscriber_id: 0x817(4), participant_id: 0x001(1)
[35m[1785141670.868475][m info     | [34mProxyClient.cpp   [m | [37mcreate_datareader       [m | [32mdatareader created[m     | client_key: 0x00000003, datareader_id: 0x817(6), subscriber_id: 0x817(4)
[35m[1785141670.868614][m info     | [34mProxyClient.cpp   [m | [37mcreate_topic            [m | [32mtopic created[m          | client_key: 0x00000003, topic_id: 0x818(2), participant_id: 0x001(1)
[35m[1785141670.868642][m info     | [34mProxyClient.cpp   [m | [37mcreate_subscriber       [m | [32msubscriber created[m     | client_key: 0x00000003, subscriber_id: 0x818(4), participant_id: 0x001(1)
[35m[1785141670.869000][m info     | [34mProxyClient.cpp   [m | [37mcreate_datareader       [m | [32mdatareader created[m     | client_key: 0x00000003, datareader_id: 0x818(6), subscriber_id: 0x818(4)
[35m[1785141670.869327][m info     | [34mProxyClient.cpp   [m | [37mcreate_topic            [m | [32mtopic created[m          | client_key: 0x00000003, topic_id: 0x819(2), participant_id: 0x001(1)
[35m[1785141670.869359][m info     | [34mProxyClient.cpp   [m | [37mcreate_subscriber       [m | [32msubscriber created[m     | client_key: 0x00000003, subscriber_id: 0x819(4), participant_id: 0x001(1)
[35m[1785141670.869715][m info     | [34mProxyClient.cpp   [m | [37mcreate_datareader       [m | [32mdatareader created[m     | client_key: 0x00000003, datareader_id: 0x819(6), subscriber_id: 0x819(4)
[35m[1785141670.869888][m info     | [34mProxyClient.cpp   [m | [37mcreate_topic            [m | [32mtopic created[m          | client_key: 0x00000003, topic_id: 0x81A(2), participant_id: 0x001(1)
[35m[1785141670.869911][m info     | [34mProxyClient.cpp   [m | [37mcreate_subscriber       [m | [32msubscriber created[m     | client_key: 0x00000003, subscriber_id: 0x81A(4), participant_id: 0x001(1)
[35m[1785141670.870260][m info     | [34mProxyClient.cpp   [m | [37mcreate_datareader       [m | [32mdatareader created[m     | client_key: 0x00000003, datareader_id: 0x81A(6), subscriber_id: 0x81A(4)
[35m[1785141670.870547][m info     | [34mProxyClient.cpp   [m | [37mcreate_topic            [m | [32mtopic created[m          | client_key: 0x00000003, topic_id: 0x81B(2), participant_id: 0x001(1)
[35m[1785141670.870570][m info     | [34mProxyClient.cpp   [m | [37mcreate_subscriber       [m | [32msubscriber created[m     | client_key: 0x00000003, subscriber_id: 0x81B(4), participant_id: 0x001(1)
[35m[1785141670.870928][m info     | [34mProxyClient.cpp   [m | [37mcreate_datareader       [m | [32mdatareader created[m     | client_key: 0x00000003, datareader_id: 0x81B(6), subscriber_id: 0x81B(4)
[35m[1785141670.871171][m info     | [34mProxyClient.cpp   [m | [37mcreate_topic            [m | [32mtopic created[m          | client_key: 0x00000003, topic_id: 0x81C(2), participant_id: 0x001(1)
[35m[1785141670.871204][m info     | [34mProxyClient.cpp   [m | [37mcreate_subscriber       [m | [32msubscriber created[m     | client_key: 0x00000003, subscriber_id: 0x81C(4), participant_id: 0x001(1)
[35m[1785141670.871543][m info     | [34mProxyClient.cpp   [m | [37mcreate_datareader       [m | [32mdatareader created[m     | client_key: 0x00000003, datareader_id: 0x81C(6), subscriber_id: 0x81C(4)
[35m[1785141670.872504][m info     | [34mProxyClient.cpp   [m | [37mcreate_replier          [m | [32mreplier created[m        | client_key: 0x00000003, requester_id: 0x800(7), participant_id: 0x001(1)
[35m[1785141671.591417][m info     | [34mRoot.cpp          [m | [37mcreate_client           [m | [32mcreate[m                 | client_key: 0x00000004, session_id: 0x81
[35m[1785141671.591447][m info     | [34mSessionManager.hpp[m | [37mestablish_session       [m | [32msession established[m    | client_key: 0x00000004, address: 127.0.0.1:6850
[35m[1785141671.593351][m info     | [34mProxyClient.cpp   [m | [37mcreate_participant      [m | [32mparticipant created[m    | client_key: 0x00000004, participant_id: 0x001(1)
[35m[1785141671.593461][m info     | [34mProxyClient.cpp   [m | [37mcreate_topic            [m | [32mtopic created[m          | client_key: 0x00000004, topic_id: 0x800(2), participant_id: 0x001(1)
[35m[1785141671.593501][m info     | [34mProxyClient.cpp   [m | [37mcreate_subscriber       [m | [32msubscriber created[m     | client_key: 0x00000004, subscriber_id: 0x800(4), participant_id: 0x001(1)
[35m[1785141671.593848][m info     | [34mProxyClient.cpp   [m | [37mcreate_datareader       [m | [32mdatareader created[m     | client_key: 0x00000004, datareader_id: 0x800(6), subscriber_id: 0x800(4)
[35m[1785141671.593972][m info     | [34mProxyClient.cpp   [m | [37mcreate_topic            [m | [32mtopic created[m          | client_key: 0x00000004, topic_id: 0x801(2), participant_id: 0x001(1)
[35m[1785141671.593990][m info     | [34mProxyClient.cpp   [m | [37mcreate_subscriber       [m | [32msubscriber created[m     | client_key: 0x00000004, subscriber_id: 0x801(4), participant_id: 0x001(1)
[35m[1785141671.594249][m info     | [34mProxyClient.cpp   [m | [37mcreate_datareader       [m | [32mdatareader created[m     | client_key: 0x00000004, datareader_id: 0x801(6), subscriber_id: 0x801(4)
[35m[1785141671.594365][m info     | [34mProxyClient.cpp   [m | [37mcreate_topic            [m | [32mtopic created[m          | client_key: 0x00000004, topic_id: 0x802(2), participant_id: 0x001(1)
[35m[1785141671.594389][m info     | [34mProxyClient.cpp   [m | [37mcreate_subscriber       [m | [32msubscriber created[m     | client_key: 0x00000004, subscriber_id: 0x802(4), participant_id: 0x001(1)
[35m[1785141671.594645][m info     | [34mProxyClient.cpp   [m | [37mcreate_datareader       [m | [32mdatareader created[m     | client_key: 0x00000004, datareader_id: 0x802(6), subscriber_id: 0x802(4)
[35m[1785141671.594744][m info     | [34mProxyClient.cpp   [m | [37mcreate_topic            [m | [32mtopic created[m          | client_key: 0x00000004, topic_id: 0x803(2), participant_id: 0x001(1)
[35m[1785141671.594758][m info     | [34mProxyClient.cpp   [m | [37mcreate_subscriber       [m | [32msubscriber created[m     | client_key: 0x00000004, subscriber_id: 0x803(4), participant_id: 0x001(1)
[35m[1785141671.594994][m info     | [34mProxyClient.cpp   [m | [37mcreate_datareader       [m | [32mdatareader created[m     | client_key: 0x00000004, datareader_id: 0x803(6), subscriber_id: 0x803(4)
[35m[1785141671.595100][m info     | [34mProxyClient.cpp   [m | [37mcreate_topic            [m | [32mtopic created[m          | client_key: 0x00000004, topic_id: 0x804(2), participant_id: 0x001(1)
[35m[1785141671.595117][m info     | [34mProxyClient.cpp   [m | [37mcreate_subscriber       [m | [32msubscriber created[m     | client_key: 0x00000004, subscriber_id: 0x804(4), participant_id: 0x001(1)
[35m[1785141671.595389][m info     | [34mProxyClient.cpp   [m | [37mcreate_datareader       [m | [32mdatareader created[m     | client_key: 0x00000004, datareader_id: 0x804(6), subscriber_id: 0x804(4)
[35m[1785141671.595487][m info     | [34mProxyClient.cpp   [m | [37mcreate_topic            [m | [32mtopic created[m          | client_key: 0x00000004, topic_id: 0x805(2), participant_id: 0x001(1)
[35m[1785141671.595507][m info     | [34mProxyClient.cpp   [m | [37mcreate_subscriber       [m | [32msubscriber created[m     | client_key: 0x00000004, subscriber_id: 0x805(4), participant_id: 0x001(1)
[35m[1785141671.595730][m info     | [34mProxyClient.cpp   [m | [37mcreate_datareader       [m | [32mdatareader created[m     | client_key: 0x00000004, datareader_id: 0x805(6), subscriber_id: 0x805(4)
[35m[1785141671.595823][m info     | [34mProxyClient.cpp   [m | [37mcreate_topic            [m | [32mtopic created[m          | client_key: 0x00000004, topic_id: 0x806(2), participant_id: 0x001(1)
[35m[1785141671.595836][m info     | [34mProxyClient.cpp   [m | [37mcreate_subscriber       [m | [32msubscriber created[m     | client_key: 0x00000004, subscriber_id: 0x806(4), participant_id: 0x001(1)
[35m[1785141671.596061][m info     | [34mProxyClient.cpp   [m | [37mcreate_datareader       [m | [32mdatareader created[m     | client_key: 0x00000004, datareader_id: 0x806(6), subscriber_id: 0x806(4)
[35m[1785141671.596152][m info     | [34mProxyClient.cpp   [m | [37mcreate_topic            [m | [32mtopic created[m          | client_key: 0x00000004, topic_id: 0x807(2), participant_id: 0x001(1)
[35m[1785141671.596174][m info     | [34mProxyClient.cpp   [m | [37mcreate_subscriber       [m | [32msubscriber created[m     | client_key: 0x00000004, subscriber_id: 0x807(4), participant_id: 0x001(1)
[35m[1785141671.596424][m info     | [34mProxyClient.cpp   [m | [37mcreate_datareader       [m | [32mdatareader created[m     | client_key: 0x00000004, datareader_id: 0x807(6), subscriber_id: 0x807(4)
[35m[1785141671.596527][m info     | [34mProxyClient.cpp   [m | [37mcreate_topic            [m | [32mtopic created[m          | client_key: 0x00000004, topic_id: 0x808(2), participant_id: 0x001(1)
[35m[1785141671.596540][m info     | [34mProxyClient.cpp   [m | [37mcreate_subscriber       [m | [32msubscriber created[m     | client_key: 0x00000004, subscriber_id: 0x808(4), participant_id: 0x001(1)
[35m[1785141671.596763][m info     | [34mProxyClient.cpp   [m | [37mcreate_datareader       [m | [32mdatareader created[m     | client_key: 0x00000004, datareader_id: 0x808(6), subscriber_id: 0x808(4)
[35m[1785141671.596861][m info     | [34mProxyClient.cpp   [m | [37mcreate_topic            [m | [32mtopic created[m          | client_key: 0x00000004, topic_id: 0x809(2), participant_id: 0x001(1)
[35m[1785141671.596876][m info     | [34mProxyClient.cpp   [m | [37mcreate_subscriber       [m | [32msubscriber created[m     | client_key: 0x00000004, subscriber_id: 0x809(4), participant_id: 0x001(1)
[35m[1785141671.597125][m info     | [34mProxyClient.cpp   [m | [37mcreate_datareader       [m | [32mdatareader created[m     | client_key: 0x00000004, datareader_id: 0x809(6), subscriber_id: 0x809(4)
[35m[1785141671.597218][m info     | [34mProxyClient.cpp   [m | [37mcreate_topic            [m | [32mtopic created[m          | client_key: 0x00000004, topic_id: 0x80A(2), participant_id: 0x001(1)
[35m[1785141671.597239][m info     | [34mProxyClient.cpp   [m | [37mcreate_subscriber       [m | [32msubscriber created[m     | client_key: 0x00000004, subscriber_id: 0x80A(4), participant_id: 0x001(1)
[35m[1785141671.597451][m info     | [34mProxyClient.cpp   [m | [37mcreate_datareader       [m | [32mdatareader created[m     | client_key: 0x00000004, datareader_id: 0x80A(6), subscriber_id: 0x80A(4)
[35m[1785141671.597552][m info     | [34mProxyClient.cpp   [m | [37mcreate_topic            [m | [32mtopic created[m          | client_key: 0x00000004, topic_id: 0x80B(2), participant_id: 0x001(1)
[35m[1785141671.597570][m info     | [34mProxyClient.cpp   [m | [37mcreate_subscriber       [m | [32msubscriber created[m     | client_key: 0x00000004, subscriber_id: 0x80B(4), participant_id: 0x001(1)
[35m[1785141671.597789][m info     | [34mProxyClient.cpp   [m | [37mcreate_datareader       [m | [32mdatareader created[m     | client_key: 0x00000004, datareader_id: 0x80B(6), subscriber_id: 0x80B(4)
[35m[1785141671.597877][m info     | [34mProxyClient.cpp   [m | [37mcreate_topic            [m | [32mtopic created[m          | client_key: 0x00000004, topic_id: 0x80C(2), participant_id: 0x001(1)
[35m[1785141671.597898][m info     | [34mProxyClient.cpp   [m | [37mcreate_subscriber       [m | [32msubscriber created[m     | client_key: 0x00000004, subscriber_id: 0x80C(4), participant_id: 0x001(1)
[35m[1785141671.598104][m info     | [34mProxyClient.cpp   [m | [37mcreate_datareader       [m | [32mdatareader created[m     | client_key: 0x00000004, datareader_id: 0x80C(6), subscriber_id: 0x80C(4)
[35m[1785141671.598210][m info     | [34mProxyClient.cpp   [m | [37mcreate_topic            [m | [32mtopic created[m          | client_key: 0x00000004, topic_id: 0x80D(2), participant_id: 0x001(1)
[35m[1785141671.598229][m info     | [34mProxyClient.cpp   [m | [37mcreate_subscriber       [m | [32msubscriber created[m     | client_key: 0x00000004, subscriber_id: 0x80D(4), participant_id: 0x001(1)
[35m[1785141671.598456][m info     | [34mProxyClient.cpp   [m | [37mcreate_datareader       [m | [32mdatareader created[m     | client_key: 0x00000004, datareader_id: 0x80D(6), subscriber_id: 0x80D(4)
[35m[1785141671.598544][m info     | [34mProxyClient.cpp   [m | [37mcreate_topic            [m | [32mtopic created[m          | client_key: 0x00000004, topic_id: 0x80E(2), participant_id: 0x001(1)
[35m[1785141671.598559][m info     | [34mProxyClient.cpp   [m | [37mcreate_subscriber       [m | [32msubscriber created[m     | client_key: 0x00000004, subscriber_id: 0x80E(4), participant_id: 0x001(1)
[35m[1785141671.598768][m info     | [34mProxyClient.cpp   [m | [37mcreate_datareader       [m | [32mdatareader created[m     | client_key: 0x00000004, datareader_id: 0x80E(6), subscriber_id: 0x80E(4)
[35m[1785141671.598861][m info     | [34mProxyClient.cpp   [m | [37mcreate_topic            [m | [32mtopic created[m          | client_key: 0x00000004, topic_id: 0x80F(2), participant_id: 0x001(1)
[35m[1785141671.598883][m info     | [34mProxyClient.cpp   [m | [37mcreate_subscriber       [m | [32msubscriber created[m     | client_key: 0x00000004, subscriber_id: 0x80F(4), participant_id: 0x001(1)
[35m[1785141671.599119][m info     | [34mProxyClient.cpp   [m | [37mcreate_datareader       [m | [32mdatareader created[m     | client_key: 0x00000004, datareader_id: 0x80F(6), subscriber_id: 0x80F(4)
[35m[1785141671.599219][m info     | [34mProxyClient.cpp   [m | [37mcreate_topic            [m | [32mtopic created[m          | client_key: 0x00000004, topic_id: 0x810(2), participant_id: 0x001(1)
[35m[1785141671.599236][m info     | [34mProxyClient.cpp   [m | [37mcreate_subscriber       [m | [32msubscriber created[m     | client_key: 0x00000004, subscriber_id: 0x810(4), participant_id: 0x001(1)
[35m[1785141671.599443][m info     | [34mProxyClient.cpp   [m | [37mcreate_datareader       [m | [32mdatareader created[m     | client_key: 0x00000004, datareader_id: 0x810(6), subscriber_id: 0x810(4)
[35m[1785141671.599526][m info     | [34mProxyClient.cpp   [m | [37mcreate_topic            [m | [32mtopic created[m          | client_key: 0x00000004, topic_id: 0x811(2), participant_id: 0x001(1)
[35m[1785141671.599546][m info     | [34mProxyClient.cpp   [m | [37mcreate_subscriber       [m | [32msubscriber created[m     | client_key: 0x00000004, subscriber_id: 0x811(4), participant_id: 0x001(1)
[35m[1785141671.599752][m info     | [34mProxyClient.cpp   [m | [37mcreate_datareader       [m | [32mdatareader created[m     | client_key: 0x00000004, datareader_id: 0x811(6), subscriber_id: 0x811(4)
[35m[1785141671.599839][m info     | [34mProxyClient.cpp   [m | [37mcreate_topic            [m | [32mtopic created[m          | client_key: 0x00000004, topic_id: 0x812(2), participant_id: 0x001(1)
[35m[1785141671.599852][m info     | [34mProxyClient.cpp   [m | [37mcreate_subscriber       [m | [32msubscriber created[m     | client_key: 0x00000004, subscriber_id: 0x812(4), participant_id: 0x001(1)
[35m[1785141671.600061][m info     | [34mProxyClient.cpp   [m | [37mcreate_datareader       [m | [32mdatareader created[m     | client_key: 0x00000004, datareader_id: 0x812(6), subscriber_id: 0x812(4)
[35m[1785141671.600149][m info     | [34mProxyClient.cpp   [m | [37mcreate_topic            [m | [32mtopic created[m          | client_key: 0x00000004, topic_id: 0x813(2), participant_id: 0x001(1)
[35m[1785141671.600179][m info     | [34mProxyClient.cpp   [m | [37mcreate_subscriber       [m | [32msubscriber created[m     | client_key: 0x00000004, subscriber_id: 0x813(4), participant_id: 0x001(1)
[35m[1785141671.600386][m info     | [34mProxyClient.cpp   [m | [37mcreate_datareader       [m | [32mdatareader created[m     | client_key: 0x00000004, datareader_id: 0x813(6), subscriber_id: 0x813(4)
[35m[1785141671.600530][m info     | [34mProxyClient.cpp   [m | [37mcreate_topic            [m | [32mtopic created[m          | client_key: 0x00000004, topic_id: 0x814(2), participant_id: 0x001(1)
[35m[1785141671.600544][m info     | [34mProxyClient.cpp   [m | [37mcreate_subscriber       [m | [32msubscriber created[m     | client_key: 0x00000004, subscriber_id: 0x814(4), participant_id: 0x001(1)
[35m[1785141671.600753][m info     | [34mProxyClient.cpp   [m | [37mcreate_datareader       [m | [32mdatareader created[m     | client_key: 0x00000004, datareader_id: 0x814(6), subscriber_id: 0x814(4)
[35m[1785141671.600835][m info     | [34mProxyClient.cpp   [m | [37mcreate_topic            [m | [32mtopic created[m          | client_key: 0x00000004, topic_id: 0x815(2), participant_id: 0x001(1)
[35m[1785141671.600848][m info     | [34mProxyClient.cpp   [m | [37mcreate_subscriber       [m | [32msubscriber created[m     | client_key: 0x00000004, subscriber_id: 0x815(4), participant_id: 0x001(1)
[35m[1785141671.601055][m info     | [34mProxyClient.cpp   [m | [37mcreate_datareader       [m | [32mdatareader created[m     | client_key: 0x00000004, datareader_id: 0x815(6), subscriber_id: 0x815(4)
[35m[1785141671.601137][m info     | [34mProxyClient.cpp   [m | [37mcreate_topic            [m | [32mtopic created[m          | client_key: 0x00000004, topic_id: 0x816(2), participant_id: 0x001(1)
[35m[1785141671.601164][m info     | [34mProxyClient.cpp   [m | [37mcreate_subscriber       [m | [32msubscriber created[m     | client_key: 0x00000004, subscriber_id: 0x816(4), participant_id: 0x001(1)
[35m[1785141671.601371][m info     | [34mProxyClient.cpp   [m | [37mcreate_datareader       [m | [32mdatareader created[m     | client_key: 0x00000004, datareader_id: 0x816(6), subscriber_id: 0x816(4)
[35m[1785141671.601463][m info     | [34mProxyClient.cpp   [m | [37mcreate_topic            [m | [32mtopic created[m          | client_key: 0x00000004, topic_id: 0x817(2), participant_id: 0x001(1)
[35m[1785141671.601477][m info     | [34mProxyClient.cpp   [m | [37mcreate_subscriber       [m | [32msubscriber created[m     | client_key: 0x00000004, subscriber_id: 0x817(4), participant_id: 0x001(1)
[35m[1785141671.601692][m info     | [34mProxyClient.cpp   [m | [37mcreate_datareader       [m | [32mdatareader created[m     | client_key: 0x00000004, datareader_id: 0x817(6), subscriber_id: 0x817(4)
[35m[1785141671.601774][m info     | [34mProxyClient.cpp   [m | [37mcreate_topic            [m | [32mtopic created[m          | client_key: 0x00000004, topic_id: 0x818(2), participant_id: 0x001(1)
[35m[1785141671.601787][m info     | [34mProxyClient.cpp   [m | [37mcreate_subscriber       [m | [32msubscriber created[m     | client_key: 0x00000004, subscriber_id: 0x818(4), participant_id: 0x001(1)
[35m[1785141671.601994][m info     | [34mProxyClient.cpp   [m | [37mcreate_datareader       [m | [32mdatareader created[m     | client_key: 0x00000004, datareader_id: 0x818(6), subscriber_id: 0x818(4)
[35m[1785141671.602075][m info     | [34mProxyClient.cpp   [m | [37mcreate_topic            [m | [32mtopic created[m          | client_key: 0x00000004, topic_id: 0x819(2), participant_id: 0x001(1)
[35m[1785141671.602095][m info     | [34mProxyClient.cpp   [m | [37mcreate_subscriber       [m | [32msubscriber created[m     | client_key: 0x00000004, subscriber_id: 0x819(4), participant_id: 0x001(1)
[35m[1785141671.602333][m info     | [34mProxyClient.cpp   [m | [37mcreate_datareader       [m | [32mdatareader created[m     | client_key: 0x00000004, datareader_id: 0x819(6), subscriber_id: 0x819(4)
[35m[1785141671.602432][m info     | [34mProxyClient.cpp   [m | [37mcreate_topic            [m | [32mtopic created[m          | client_key: 0x00000004, topic_id: 0x81A(2), participant_id: 0x001(1)
[35m[1785141671.602446][m info     | [34mProxyClient.cpp   [m | [37mcreate_subscriber       [m | [32msubscriber created[m     | client_key: 0x00000004, subscriber_id: 0x81A(4), participant_id: 0x001(1)
[35m[1785141671.602655][m info     | [34mProxyClient.cpp   [m | [37mcreate_datareader       [m | [32mdatareader created[m     | client_key: 0x00000004, datareader_id: 0x81A(6), subscriber_id: 0x81A(4)
[35m[1785141671.602747][m info     | [34mProxyClient.cpp   [m | [37mcreate_topic            [m | [32mtopic created[m          | client_key: 0x00000004, topic_id: 0x81B(2), participant_id: 0x001(1)
[35m[1785141671.602767][m info     | [34mProxyClient.cpp   [m | [37mcreate_subscriber       [m | [32msubscriber created[m     | client_key: 0x00000004, subscriber_id: 0x81B(4), participant_id: 0x001(1)
[35m[1785141671.602975][m info     | [34mProxyClient.cpp   [m | [37mcreate_datareader       [m | [32mdatareader created[m     | client_key: 0x00000004, datareader_id: 0x81B(6), subscriber_id: 0x81B(4)
[35m[1785141671.603055][m info     | [34mProxyClient.cpp   [m | [37mcreate_topic            [m | [32mtopic created[m          | client_key: 0x00000004, topic_id: 0x81C(2), participant_id: 0x001(1)
[35m[1785141671.603068][m info     | [34mProxyClient.cpp   [m | [37mcreate_subscriber       [m | [32msubscriber created[m     | client_key: 0x00000004, subscriber_id: 0x81C(4), participant_id: 0x001(1)
[35m[1785141671.603304][m info     | [34mProxyClient.cpp   [m | [37mcreate_datareader       [m | [32mdatareader created[m     | client_key: 0x00000004, datareader_id: 0x81C(6), subscriber_id: 0x81C(4)
[35m[1785141671.603772][m info     | [34mProxyClient.cpp   [m | [37mcreate_replier          [m | [32mreplier created[m        | client_key: 0x00000004, requester_id: 0x800(7), participant_id: 0x001(1)
[35m[1785141672.162886][m info     | [34mRoot.cpp          [m | [37mcreate_client           [m | [32mcreate[m                 | client_key: 0x00000005, session_id: 0x81
[35m[1785141672.162911][m info     | [34mSessionManager.hpp[m | [37mestablish_session       [m | [32msession established[m    | client_key: 0x00000005, address: 127.0.0.1:15028
[35m[1785141672.165307][m info     | [34mProxyClient.cpp   [m | [37mcreate_participant      [m | [32mparticipant created[m    | client_key: 0x00000005, participant_id: 0x001(1)
[35m[1785141672.165421][m info     | [34mProxyClient.cpp   [m | [37mcreate_topic            [m | [32mtopic created[m          | client_key: 0x00000005, topic_id: 0x800(2), participant_id: 0x001(1)
[35m[1785141672.165461][m info     | [34mProxyClient.cpp   [m | [37mcreate_subscriber       [m | [32msubscriber created[m     | client_key: 0x00000005, subscriber_id: 0x800(4), participant_id: 0x001(1)
[35m[1785141672.165723][m info     | [34mProxyClient.cpp   [m | [37mcreate_datareader       [m | [32mdatareader created[m     | client_key: 0x00000005, datareader_id: 0x800(6), subscriber_id: 0x800(4)
[35m[1785141672.165841][m info     | [34mProxyClient.cpp   [m | [37mcreate_topic            [m | [32mtopic created[m          | client_key: 0x00000005, topic_id: 0x801(2), participant_id: 0x001(1)
[35m[1785141672.165866][m info     | [34mProxyClient.cpp   [m | [37mcreate_subscriber       [m | [32msubscriber created[m     | client_key: 0x00000005, subscriber_id: 0x801(4), participant_id: 0x001(1)
[35m[1785141672.166282][m info     | [34mProxyClient.cpp   [m | [37mcreate_datareader       [m | [32mdatareader created[m     | client_key: 0x00000005, datareader_id: 0x801(6), subscriber_id: 0x801(4)
[35m[1785141672.166409][m info     | [34mProxyClient.cpp   [m | [37mcreate_topic            [m | [32mtopic created[m          | client_key: 0x00000005, topic_id: 0x802(2), participant_id: 0x001(1)
[35m[1785141672.166438][m info     | [34mProxyClient.cpp   [m | [37mcreate_subscriber       [m | [32msubscriber created[m     | client_key: 0x00000005, subscriber_id: 0x802(4), participant_id: 0x001(1)
[35m[1785141672.166730][m info     | [34mProxyClient.cpp   [m | [37mcreate_datareader       [m | [32mdatareader created[m     | client_key: 0x00000005, datareader_id: 0x802(6), subscriber_id: 0x802(4)
[35m[1785141672.166856][m info     | [34mProxyClient.cpp   [m | [37mcreate_topic            [m | [32mtopic created[m          | client_key: 0x00000005, topic_id: 0x803(2), participant_id: 0x001(1)
[35m[1785141672.166876][m info     | [34mProxyClient.cpp   [m | [37mcreate_subscriber       [m | [32msubscriber created[m     | client_key: 0x00000005, subscriber_id: 0x803(4), participant_id: 0x001(1)
[35m[1785141672.167206][m info     | [34mProxyClient.cpp   [m | [37mcreate_datareader       [m | [32mdatareader created[m     | client_key: 0x00000005, datareader_id: 0x803(6), subscriber_id: 0x803(4)
[35m[1785141672.167346][m info     | [34mProxyClient.cpp   [m | [37mcreate_topic            [m | [32mtopic created[m          | client_key: 0x00000005, topic_id: 0x804(2), participant_id: 0x001(1)
[35m[1785141672.167368][m info     | [34mProxyClient.cpp   [m | [37mcreate_subscriber       [m | [32msubscriber created[m     | client_key: 0x00000005, subscriber_id: 0x804(4), participant_id: 0x001(1)
[35m[1785141672.167628][m info     | [34mProxyClient.cpp   [m | [37mcreate_datareader       [m | [32mdatareader created[m     | client_key: 0x00000005, datareader_id: 0x804(6), subscriber_id: 0x804(4)
[35m[1785141672.167724][m info     | [34mProxyClient.cpp   [m | [37mcreate_topic            [m | [32mtopic created[m          | client_key: 0x00000005, topic_id: 0x805(2), participant_id: 0x001(1)
[35m[1785141672.167743][m info     | [34mProxyClient.cpp   [m | [37mcreate_subscriber       [m | [32msubscriber created[m     | client_key: 0x00000005, subscriber_id: 0x805(4), participant_id: 0x001(1)
[35m[1785141672.167991][m info     | [34mProxyClient.cpp   [m | [37mcreate_datareader       [m | [32mdatareader created[m     | client_key: 0x00000005, datareader_id: 0x805(6), subscriber_id: 0x805(4)
[35m[1785141672.168110][m info     | [34mProxyClient.cpp   [m | [37mcreate_topic            [m | [32mtopic created[m          | client_key: 0x00000005, topic_id: 0x806(2), participant_id: 0x001(1)
[35m[1785141672.168127][m info     | [34mProxyClient.cpp   [m | [37mcreate_subscriber       [m | [32msubscriber created[m     | client_key: 0x00000005, subscriber_id: 0x806(4), participant_id: 0x001(1)
[35m[1785141672.168433][m info     | [34mProxyClient.cpp   [m | [37mcreate_datareader       [m | [32mdatareader created[m     | client_key: 0x00000005, datareader_id: 0x806(6), subscriber_id: 0x806(4)
[35m[1785141672.168528][m info     | [34mProxyClient.cpp   [m | [37mcreate_topic            [m | [32mtopic created[m          | client_key: 0x00000005, topic_id: 0x807(2), participant_id: 0x001(1)
[35m[1785141672.168541][m info     | [34mProxyClient.cpp   [m | [37mcreate_subscriber       [m | [32msubscriber created[m     | client_key: 0x00000005, subscriber_id: 0x807(4), participant_id: 0x001(1)
[35m[1785141672.168809][m info     | [34mProxyClient.cpp   [m | [37mcreate_datareader       [m | [32mdatareader created[m     | client_key: 0x00000005, datareader_id: 0x807(6), subscriber_id: 0x807(4)
[35m[1785141672.168893][m info     | [34mProxyClient.cpp   [m | [37mcreate_topic            [m | [32mtopic created[m          | client_key: 0x00000005, topic_id: 0x808(2), participant_id: 0x001(1)
[35m[1785141672.168915][m info     | [34mProxyClient.cpp   [m | [37mcreate_subscriber       [m | [32msubscriber created[m     | client_key: 0x00000005, subscriber_id: 0x808(4), participant_id: 0x001(1)
[35m[1785141672.169205][m info     | [34mProxyClient.cpp   [m | [37mcreate_datareader       [m | [32mdatareader created[m     | client_key: 0x00000005, datareader_id: 0x808(6), subscriber_id: 0x808(4)
[35m[1785141672.169305][m info     | [34mProxyClient.cpp   [m | [37mcreate_topic            [m | [32mtopic created[m          | client_key: 0x00000005, topic_id: 0x809(2), participant_id: 0x001(1)
[35m[1785141672.169321][m info     | [34mProxyClient.cpp   [m | [37mcreate_subscriber       [m | [32msubscriber created[m     | client_key: 0x00000005, subscriber_id: 0x809(4), participant_id: 0x001(1)
[35m[1785141672.169587][m info     | [34mProxyClient.cpp   [m | [37mcreate_datareader       [m | [32mdatareader created[m     | client_key: 0x00000005, datareader_id: 0x809(6), subscriber_id: 0x809(4)
[35m[1785141672.169666][m info     | [34mProxyClient.cpp   [m | [37mcreate_topic            [m | [32mtopic created[m          | client_key: 0x00000005, topic_id: 0x80A(2), participant_id: 0x001(1)
[35m[1785141672.169684][m info     | [34mProxyClient.cpp   [m | [37mcreate_subscriber       [m | [32msubscriber created[m     | client_key: 0x00000005, subscriber_id: 0x80A(4), participant_id: 0x001(1)
[35m[1785141672.169976][m info     | [34mProxyClient.cpp   [m | [37mcreate_datareader       [m | [32mdatareader created[m     | client_key: 0x00000005, datareader_id: 0x80A(6), subscriber_id: 0x80A(4)
[35m[1785141672.170072][m info     | [34mProxyClient.cpp   [m | [37mcreate_topic            [m | [32mtopic created[m          | client_key: 0x00000005, topic_id: 0x80B(2), participant_id: 0x001(1)
[35m[1785141672.170093][m info     | [34mProxyClient.cpp   [m | [37mcreate_subscriber       [m | [32msubscriber created[m     | client_key: 0x00000005, subscriber_id: 0x80B(4), participant_id: 0x001(1)
[35m[1785141672.170358][m info     | [34mProxyClient.cpp   [m | [37mcreate_datareader       [m | [32mdatareader created[m     | client_key: 0x00000005, datareader_id: 0x80B(6), subscriber_id: 0x80B(4)
[35m[1785141672.170465][m info     | [34mProxyClient.cpp   [m | [37mcreate_topic            [m | [32mtopic created[m          | client_key: 0x00000005, topic_id: 0x80C(2), participant_id: 0x001(1)
[35m[1785141672.170486][m info     | [34mProxyClient.cpp   [m | [37mcreate_subscriber       [m | [32msubscriber created[m     | client_key: 0x00000005, subscriber_id: 0x80C(4), participant_id: 0x001(1)
[35m[1785141672.170720][m info     | [34mProxyClient.cpp   [m | [37mcreate_datareader       [m | [32mdatareader created[m     | client_key: 0x00000005, datareader_id: 0x80C(6), subscriber_id: 0x80C(4)
[35m[1785141672.170802][m info     | [34mProxyClient.cpp   [m | [37mcreate_topic            [m | [32mtopic created[m          | client_key: 0x00000005, topic_id: 0x80D(2), participant_id: 0x001(1)
[35m[1785141672.170825][m info     | [34mProxyClient.cpp   [m | [37mcreate_subscriber       [m | [32msubscriber created[m     | client_key: 0x00000005, subscriber_id: 0x80D(4), participant_id: 0x001(1)
[35m[1785141672.171055][m info     | [34mProxyClient.cpp   [m | [37mcreate_datareader       [m | [32mdatareader created[m     | client_key: 0x00000005, datareader_id: 0x80D(6), subscriber_id: 0x80D(4)
[35m[1785141672.171134][m info     | [34mProxyClient.cpp   [m | [37mcreate_topic            [m | [32mtopic created[m          | client_key: 0x00000005, topic_id: 0x80E(2), participant_id: 0x001(1)
[35m[1785141672.171159][m info     | [34mProxyClient.cpp   [m | [37mcreate_subscriber       [m | [32msubscriber created[m     | client_key: 0x00000005, subscriber_id: 0x80E(4), participant_id: 0x001(1)
[35m[1785141672.171390][m info     | [34mProxyClient.cpp   [m | [37mcreate_datareader       [m | [32mdatareader created[m     | client_key: 0x00000005, datareader_id: 0x80E(6), subscriber_id: 0x80E(4)
[35m[1785141672.171465][m info     | [34mProxyClient.cpp   [m | [37mcreate_topic            [m | [32mtopic created[m          | client_key: 0x00000005, topic_id: 0x80F(2), participant_id: 0x001(1)
[35m[1785141672.171484][m info     | [34mProxyClient.cpp   [m | [37mcreate_subscriber       [m | [32msubscriber created[m     | client_key: 0x00000005, subscriber_id: 0x80F(4), participant_id: 0x001(1)
[35m[1785141672.171710][m info     | [34mProxyClient.cpp   [m | [37mcreate_datareader       [m | [32mdatareader created[m     | client_key: 0x00000005, datareader_id: 0x80F(6), subscriber_id: 0x80F(4)
[35m[1785141672.171786][m info     | [34mProxyClient.cpp   [m | [37mcreate_topic            [m | [32mtopic created[m          | client_key: 0x00000005, topic_id: 0x810(2), participant_id: 0x001(1)
[35m[1785141672.171806][m info     | [34mProxyClient.cpp   [m | [37mcreate_subscriber       [m | [32msubscriber created[m     | client_key: 0x00000005, subscriber_id: 0x810(4), participant_id: 0x001(1)
[35m[1785141672.172035][m info     | [34mProxyClient.cpp   [m | [37mcreate_datareader       [m | [32mdatareader created[m     | client_key: 0x00000005, datareader_id: 0x810(6), subscriber_id: 0x810(4)
[35m[1785141672.172111][m info     | [34mProxyClient.cpp   [m | [37mcreate_topic            [m | [32mtopic created[m          | client_key: 0x00000005, topic_id: 0x811(2), participant_id: 0x001(1)
[35m[1785141672.172127][m info     | [34mProxyClient.cpp   [m | [37mcreate_subscriber       [m | [32msubscriber created[m     | client_key: 0x00000005, subscriber_id: 0x811(4), participant_id: 0x001(1)
[35m[1785141672.172353][m info     | [34mProxyClient.cpp   [m | [37mcreate_datareader       [m | [32mdatareader created[m     | client_key: 0x00000005, datareader_id: 0x811(6), subscriber_id: 0x811(4)
[35m[1785141672.172445][m info     | [34mProxyClient.cpp   [m | [37mcreate_topic            [m | [32mtopic created[m          | client_key: 0x00000005, topic_id: 0x812(2), participant_id: 0x001(1)
[35m[1785141672.172465][m info     | [34mProxyClient.cpp   [m | [37mcreate_subscriber       [m | [32msubscriber created[m     | client_key: 0x00000005, subscriber_id: 0x812(4), participant_id: 0x001(1)
[35m[1785141672.172680][m info     | [34mProxyClient.cpp   [m | [37mcreate_datareader       [m | [32mdatareader created[m     | client_key: 0x00000005, datareader_id: 0x812(6), subscriber_id: 0x812(4)
[35m[1785141672.172755][m info     | [34mProxyClient.cpp   [m | [37mcreate_topic            [m | [32mtopic created[m          | client_key: 0x00000005, topic_id: 0x813(2), participant_id: 0x001(1)
[35m[1785141672.172775][m info     | [34mProxyClient.cpp   [m | [37mcreate_subscriber       [m | [32msubscriber created[m     | client_key: 0x00000005, subscriber_id: 0x813(4), participant_id: 0x001(1)
[35m[1785141672.173023][m info     | [34mProxyClient.cpp   [m | [37mcreate_datareader       [m | [32mdatareader created[m     | client_key: 0x00000005, datareader_id: 0x813(6), subscriber_id: 0x813(4)
[35m[1785141672.173100][m info     | [34mProxyClient.cpp   [m | [37mcreate_topic            [m | [32mtopic created[m          | client_key: 0x00000005, topic_id: 0x814(2), participant_id: 0x001(1)
[35m[1785141672.173117][m info     | [34mProxyClient.cpp   [m | [37mcreate_subscriber       [m | [32msubscriber created[m     | client_key: 0x00000005, subscriber_id: 0x814(4), participant_id: 0x001(1)
[35m[1785141672.173340][m info     | [34mProxyClient.cpp   [m | [37mcreate_datareader       [m | [32mdatareader created[m     | client_key: 0x00000005, datareader_id: 0x814(6), subscriber_id: 0x814(4)
[35m[1785141672.173420][m info     | [34mProxyClient.cpp   [m | [37mcreate_topic            [m | [32mtopic created[m          | client_key: 0x00000005, topic_id: 0x815(2), participant_id: 0x001(1)
[35m[1785141672.173432][m info     | [34mProxyClient.cpp   [m | [37mcreate_subscriber       [m | [32msubscriber created[m     | client_key: 0x00000005, subscriber_id: 0x815(4), participant_id: 0x001(1)
[35m[1785141672.173652][m info     | [34mProxyClient.cpp   [m | [37mcreate_datareader       [m | [32mdatareader created[m     | client_key: 0x00000005, datareader_id: 0x815(6), subscriber_id: 0x815(4)
[35m[1785141672.173736][m info     | [34mProxyClient.cpp   [m | [37mcreate_topic            [m | [32mtopic created[m          | client_key: 0x00000005, topic_id: 0x816(2), participant_id: 0x001(1)
[35m[1785141672.173748][m info     | [34mProxyClient.cpp   [m | [37mcreate_subscriber       [m | [32msubscriber created[m     | client_key: 0x00000005, subscriber_id: 0x816(4), participant_id: 0x001(1)
[35m[1785141672.173965][m info     | [34mProxyClient.cpp   [m | [37mcreate_datareader       [m | [32mdatareader created[m     | client_key: 0x00000005, datareader_id: 0x816(6), subscriber_id: 0x816(4)
[35m[1785141672.174042][m info     | [34mProxyClient.cpp   [m | [37mcreate_topic            [m | [32mtopic created[m          | client_key: 0x00000005, topic_id: 0x817(2), participant_id: 0x001(1)
[35m[1785141672.174053][m info     | [34mProxyClient.cpp   [m | [37mcreate_subscriber       [m | [32msubscriber created[m     | client_key: 0x00000005, subscriber_id: 0x817(4), participant_id: 0x001(1)
[35m[1785141672.174285][m info     | [34mProxyClient.cpp   [m | [37mcreate_datareader       [m | [32mdatareader created[m     | client_key: 0x00000005, datareader_id: 0x817(6), subscriber_id: 0x817(4)
[35m[1785141672.174395][m info     | [34mProxyClient.cpp   [m | [37mcreate_topic            [m | [32mtopic created[m          | client_key: 0x00000005, topic_id: 0x818(2), participant_id: 0x001(1)
[35m[1785141672.174410][m info     | [34mProxyClient.cpp   [m | [37mcreate_subscriber       [m | [32msubscriber created[m     | client_key: 0x00000005, subscriber_id: 0x818(4), participant_id: 0x001(1)
[35m[1785141672.174679][m info     | [34mProxyClient.cpp   [m | [37mcreate_datareader       [m | [32mdatareader created[m     | client_key: 0x00000005, datareader_id: 0x818(6), subscriber_id: 0x818(4)
[35m[1785141672.174776][m info     | [34mProxyClient.cpp   [m | [37mcreate_topic            [m | [32mtopic created[m          | client_key: 0x00000005, topic_id: 0x819(2), participant_id: 0x001(1)
[35m[1785141672.174792][m info     | [34mProxyClient.cpp   [m | [37mcreate_subscriber       [m | [32msubscriber created[m     | client_key: 0x00000005, subscriber_id: 0x819(4), participant_id: 0x001(1)
[35m[1785141672.175016][m info     | [34mProxyClient.cpp   [m | [37mcreate_datareader       [m | [32mdatareader created[m     | client_key: 0x00000005, datareader_id: 0x819(6), subscriber_id: 0x819(4)
[35m[1785141672.175112][m info     | [34mProxyClient.cpp   [m | [37mcreate_topic            [m | [32mtopic created[m          | client_key: 0x00000005, topic_id: 0x81A(2), participant_id: 0x001(1)
[35m[1785141672.175128][m info     | [34mProxyClient.cpp   [m | [37mcreate_subscriber       [m | [32msubscriber created[m     | client_key: 0x00000005, subscriber_id: 0x81A(4), participant_id: 0x001(1)
[35m[1785141672.175362][m info     | [34mProxyClient.cpp   [m | [37mcreate_datareader       [m | [32mdatareader created[m     | client_key: 0x00000005, datareader_id: 0x81A(6), subscriber_id: 0x81A(4)
[35m[1785141672.175449][m info     | [34mProxyClient.cpp   [m | [37mcreate_topic            [m | [32mtopic created[m          | client_key: 0x00000005, topic_id: 0x81B(2), participant_id: 0x001(1)
[35m[1785141672.175461][m info     | [34mProxyClient.cpp   [m | [37mcreate_subscriber       [m | [32msubscriber created[m     | client_key: 0x00000005, subscriber_id: 0x81B(4), participant_id: 0x001(1)
[35m[1785141672.175680][m info     | [34mProxyClient.cpp   [m | [37mcreate_datareader       [m | [32mdatareader created[m     | client_key: 0x00000005, datareader_id: 0x81B(6), subscriber_id: 0x81B(4)
[35m[1785141672.175756][m info     | [34mProxyClient.cpp   [m | [37mcreate_topic            [m | [32mtopic created[m          | client_key: 0x00000005, topic_id: 0x81C(2), participant_id: 0x001(1)
[35m[1785141672.175767][m info     | [34mProxyClient.cpp   [m | [37mcreate_subscriber       [m | [32msubscriber created[m     | client_key: 0x00000005, subscriber_id: 0x81C(4), participant_id: 0x001(1)
[35m[1785141672.175985][m info     | [34mProxyClient.cpp   [m | [37mcreate_datareader       [m | [32mdatareader created[m     | client_key: 0x00000005, datareader_id: 0x81C(6), subscriber_id: 0x81C(4)
[35m[1785141672.176561][m info     | [34mProxyClient.cpp   [m | [37mcreate_replier          [m | [32mreplier created[m        | client_key: 0x00000005, requester_id: 0x800(7), participant_id: 0x001(1)
[35m[1785141672.721687][m info     | [34mRoot.cpp          [m | [37mcreate_client           [m | [32mcreate[m                 | client_key: 0x00000006, session_id: 0x81
[35m[1785141672.721708][m info     | [34mSessionManager.hpp[m | [37mestablish_session       [m | [32msession established[m    | client_key: 0x00000006, address: 127.0.0.1:14502
[35m[1785141672.723645][m info     | [34mProxyClient.cpp   [m | [37mcreate_participant      [m | [32mparticipant created[m    | client_key: 0x00000006, participant_id: 0x001(1)
[35m[1785141672.723720][m info     | [34mProxyClient.cpp   [m | [37mcreate_topic            [m | [32mtopic created[m          | client_key: 0x00000006, topic_id: 0x800(2), participant_id: 0x001(1)
[35m[1785141672.723749][m info     | [34mProxyClient.cpp   [m | [37mcreate_subscriber       [m | [32msubscriber created[m     | client_key: 0x00000006, subscriber_id: 0x800(4), participant_id: 0x001(1)
[35m[1785141672.724057][m info     | [34mProxyClient.cpp   [m | [37mcreate_datareader       [m | [32mdatareader created[m     | client_key: 0x00000006, datareader_id: 0x800(6), subscriber_id: 0x800(4)
[35m[1785141672.724225][m info     | [34mProxyClient.cpp   [m | [37mcreate_topic            [m | [32mtopic created[m          | client_key: 0x00000006, topic_id: 0x801(2), participant_id: 0x001(1)
[35m[1785141672.724272][m info     | [34mProxyClient.cpp   [m | [37mcreate_subscriber       [m | [32msubscriber created[m     | client_key: 0x00000006, subscriber_id: 0x801(4), participant_id: 0x001(1)
[35m[1785141672.724607][m info     | [34mProxyClient.cpp   [m | [37mcreate_datareader       [m | [32mdatareader created[m     | client_key: 0x00000006, datareader_id: 0x801(6), subscriber_id: 0x801(4)
[35m[1785141672.724698][m info     | [34mProxyClient.cpp   [m | [37mcreate_topic            [m | [32mtopic created[m          | client_key: 0x00000006, topic_id: 0x802(2), participant_id: 0x001(1)
[35m[1785141672.724718][m info     | [34mProxyClient.cpp   [m | [37mcreate_subscriber       [m | [32msubscriber created[m     | client_key: 0x00000006, subscriber_id: 0x802(4), participant_id: 0x001(1)
[35m[1785141672.725010][m info     | [34mProxyClient.cpp   [m | [37mcreate_datareader       [m | [32mdatareader created[m     | client_key: 0x00000006, datareader_id: 0x802(6), subscriber_id: 0x802(4)
[35m[1785141672.725114][m info     | [34mProxyClient.cpp   [m | [37mcreate_topic            [m | [32mtopic created[m          | client_key: 0x00000006, topic_id: 0x803(2), participant_id: 0x001(1)
[35m[1785141672.725134][m info     | [34mProxyClient.cpp   [m | [37mcreate_subscriber       [m | [32msubscriber created[m     | client_key: 0x00000006, subscriber_id: 0x803(4), participant_id: 0x001(1)
[35m[1785141672.725541][m info     | [34mProxyClient.cpp   [m | [37mcreate_datareader       [m | [32mdatareader created[m     | client_key: 0x00000006, datareader_id: 0x803(6), subscriber_id: 0x803(4)
[35m[1785141672.725645][m info     | [34mProxyClient.cpp   [m | [37mcreate_topic            [m | [32mtopic created[m          | client_key: 0x00000006, topic_id: 0x804(2), participant_id: 0x001(1)
[35m[1785141672.725664][m info     | [34mProxyClient.cpp   [m | [37mcreate_subscriber       [m | [32msubscriber created[m     | client_key: 0x00000006, subscriber_id: 0x804(4), participant_id: 0x001(1)
[35m[1785141672.725938][m info     | [34mProxyClient.cpp   [m | [37mcreate_datareader       [m | [32mdatareader created[m     | client_key: 0x00000006, datareader_id: 0x804(6), subscriber_id: 0x804(4)
[35m[1785141672.726032][m info     | [34mProxyClient.cpp   [m | [37mcreate_topic            [m | [32mtopic created[m          | client_key: 0x00000006, topic_id: 0x805(2), participant_id: 0x001(1)
[35m[1785141672.726045][m info     | [34mProxyClient.cpp   [m | [37mcreate_subscriber       [m | [32msubscriber created[m     | client_key: 0x00000006, subscriber_id: 0x805(4), participant_id: 0x001(1)
[35m[1785141672.726336][m info     | [34mProxyClient.cpp   [m | [37mcreate_datareader       [m | [32mdatareader created[m     | client_key: 0x00000006, datareader_id: 0x805(6), subscriber_id: 0x805(4)
[35m[1785141672.726442][m info     | [34mProxyClient.cpp   [m | [37mcreate_topic            [m | [32mtopic created[m          | client_key: 0x00000006, topic_id: 0x806(2), participant_id: 0x001(1)
[35m[1785141672.726461][m info     | [34mProxyClient.cpp   [m | [37mcreate_subscriber       [m | [32msubscriber created[m     | client_key: 0x00000006, subscriber_id: 0x806(4), participant_id: 0x001(1)
[35m[1785141672.726721][m info     | [34mProxyClient.cpp   [m | [37mcreate_datareader       [m | [32mdatareader created[m     | client_key: 0x00000006, datareader_id: 0x806(6), subscriber_id: 0x806(4)
[35m[1785141672.726805][m info     | [34mProxyClient.cpp   [m | [37mcreate_topic            [m | [32mtopic created[m          | client_key: 0x00000006, topic_id: 0x807(2), participant_id: 0x001(1)
[35m[1785141672.726818][m info     | [34mProxyClient.cpp   [m | [37mcreate_subscriber       [m | [32msubscriber created[m     | client_key: 0x00000006, subscriber_id: 0x807(4), participant_id: 0x001(1)
[35m[1785141672.727085][m info     | [34mProxyClient.cpp   [m | [37mcreate_datareader       [m | [32mdatareader created[m     | client_key: 0x00000006, datareader_id: 0x807(6), subscriber_id: 0x807(4)
[35m[1785141672.727175][m info     | [34mProxyClient.cpp   [m | [37mcreate_topic            [m | [32mtopic created[m          | client_key: 0x00000006, topic_id: 0x808(2), participant_id: 0x001(1)
[35m[1785141672.727197][m info     | [34mProxyClient.cpp   [m | [37mcreate_subscriber       [m | [32msubscriber created[m     | client_key: 0x00000006, subscriber_id: 0x808(4), participant_id: 0x001(1)
[35m[1785141672.727489][m info     | [34mProxyClient.cpp   [m | [37mcreate_datareader       [m | [32mdatareader created[m     | client_key: 0x00000006, datareader_id: 0x808(6), subscriber_id: 0x808(4)
[35m[1785141672.727587][m info     | [34mProxyClient.cpp   [m | [37mcreate_topic            [m | [32mtopic created[m          | client_key: 0x00000006, topic_id: 0x809(2), participant_id: 0x001(1)
[35m[1785141672.727616][m info     | [34mProxyClient.cpp   [m | [37mcreate_subscriber       [m | [32msubscriber created[m     | client_key: 0x00000006, subscriber_id: 0x809(4), participant_id: 0x001(1)
[35m[1785141672.727867][m info     | [34mProxyClient.cpp   [m | [37mcreate_datareader       [m | [32mdatareader created[m     | client_key: 0x00000006, datareader_id: 0x809(6), subscriber_id: 0x809(4)
[35m[1785141672.727947][m info     | [34mProxyClient.cpp   [m | [37mcreate_topic            [m | [32mtopic created[m          | client_key: 0x00000006, topic_id: 0x80A(2), participant_id: 0x001(1)
[35m[1785141672.727964][m info     | [34mProxyClient.cpp   [m | [37mcreate_subscriber       [m | [32msubscriber created[m     | client_key: 0x00000006, subscriber_id: 0x80A(4), participant_id: 0x001(1)
[35m[1785141672.728206][m info     | [34mProxyClient.cpp   [m | [37mcreate_datareader       [m | [32mdatareader created[m     | client_key: 0x00000006, datareader_id: 0x80A(6), subscriber_id: 0x80A(4)
[35m[1785141672.728308][m info     | [34mProxyClient.cpp   [m | [37mcreate_topic            [m | [32mtopic created[m          | client_key: 0x00000006, topic_id: 0x80B(2), participant_id: 0x001(1)
[35m[1785141672.728329][m info     | [34mProxyClient.cpp   [m | [37mcreate_subscriber       [m | [32msubscriber created[m     | client_key: 0x00000006, subscriber_id: 0x80B(4), participant_id: 0x001(1)
[35m[1785141672.728573][m info     | [34mProxyClient.cpp   [m | [37mcreate_datareader       [m | [32mdatareader created[m     | client_key: 0x00000006, datareader_id: 0x80B(6), subscriber_id: 0x80B(4)
[35m[1785141672.728664][m info     | [34mProxyClient.cpp   [m | [37mcreate_topic            [m | [32mtopic created[m          | client_key: 0x00000006, topic_id: 0x80C(2), participant_id: 0x001(1)
[35m[1785141672.728675][m info     | [34mProxyClient.cpp   [m | [37mcreate_subscriber       [m | [32msubscriber created[m     | client_key: 0x00000006, subscriber_id: 0x80C(4), participant_id: 0x001(1)
[35m[1785141672.728908][m info     | [34mProxyClient.cpp   [m | [37mcreate_datareader       [m | [32mdatareader created[m     | client_key: 0x00000006, datareader_id: 0x80C(6), subscriber_id: 0x80C(4)
[35m[1785141672.729007][m info     | [34mProxyClient.cpp   [m | [37mcreate_topic            [m | [32mtopic created[m          | client_key: 0x00000006, topic_id: 0x80D(2), participant_id: 0x001(1)
[35m[1785141672.729021][m info     | [34mProxyClient.cpp   [m | [37mcreate_subscriber       [m | [32msubscriber created[m     | client_key: 0x00000006, subscriber_id: 0x80D(4), participant_id: 0x001(1)
[35m[1785141672.729257][m info     | [34mProxyClient.cpp   [m | [37mcreate_datareader       [m | [32mdatareader created[m     | client_key: 0x00000006, datareader_id: 0x80D(6), subscriber_id: 0x80D(4)
[35m[1785141672.729347][m info     | [34mProxyClient.cpp   [m | [37mcreate_topic            [m | [32mtopic created[m          | client_key: 0x00000006, topic_id: 0x80E(2), participant_id: 0x001(1)
[35m[1785141672.729361][m info     | [34mProxyClient.cpp   [m | [37mcreate_subscriber       [m | [32msubscriber created[m     | client_key: 0x00000006, subscriber_id: 0x80E(4), participant_id: 0x001(1)
[35m[1785141672.729588][m info     | [34mProxyClient.cpp   [m | [37mcreate_datareader       [m | [32mdatareader created[m     | client_key: 0x00000006, datareader_id: 0x80E(6), subscriber_id: 0x80E(4)
[35m[1785141672.729672][m info     | [34mProxyClient.cpp   [m | [37mcreate_topic            [m | [32mtopic created[m          | client_key: 0x00000006, topic_id: 0x80F(2), participant_id: 0x001(1)
[35m[1785141672.729684][m info     | [34mProxyClient.cpp   [m | [37mcreate_subscriber       [m | [32msubscriber created[m     | client_key: 0x00000006, subscriber_id: 0x80F(4), participant_id: 0x001(1)
[35m[1785141672.729904][m info     | [34mProxyClient.cpp   [m | [37mcreate_datareader       [m | [32mdatareader created[m     | client_key: 0x00000006, datareader_id: 0x80F(6), subscriber_id: 0x80F(4)
[35m[1785141672.729983][m info     | [34mProxyClient.cpp   [m | [37mcreate_topic            [m | [32mtopic created[m          | client_key: 0x00000006, topic_id: 0x810(2), participant_id: 0x001(1)
[35m[1785141672.729994][m info     | [34mProxyClient.cpp   [m | [37mcreate_subscriber       [m | [32msubscriber created[m     | client_key: 0x00000006, subscriber_id: 0x810(4), participant_id: 0x001(1)
[35m[1785141672.730222][m info     | [34mProxyClient.cpp   [m | [37mcreate_datareader       [m | [32mdatareader created[m     | client_key: 0x00000006, datareader_id: 0x810(6), subscriber_id: 0x810(4)
[35m[1785141672.730308][m info     | [34mProxyClient.cpp   [m | [37mcreate_topic            [m | [32mtopic created[m          | client_key: 0x00000006, topic_id: 0x811(2), participant_id: 0x001(1)
[35m[1785141672.730319][m info     | [34mProxyClient.cpp   [m | [37mcreate_subscriber       [m | [32msubscriber created[m     | client_key: 0x00000006, subscriber_id: 0x811(4), participant_id: 0x001(1)
[35m[1785141672.730539][m info     | [34mProxyClient.cpp   [m | [37mcreate_datareader       [m | [32mdatareader created[m     | client_key: 0x00000006, datareader_id: 0x811(6), subscriber_id: 0x811(4)
[35m[1785141672.730620][m info     | [34mProxyClient.cpp   [m | [37mcreate_topic            [m | [32mtopic created[m          | client_key: 0x00000006, topic_id: 0x812(2), participant_id: 0x001(1)
[35m[1785141672.730631][m info     | [34mProxyClient.cpp   [m | [37mcreate_subscriber       [m | [32msubscriber created[m     | client_key: 0x00000006, subscriber_id: 0x812(4), participant_id: 0x001(1)
[35m[1785141672.730845][m info     | [34mProxyClient.cpp   [m | [37mcreate_datareader       [m | [32mdatareader created[m     | client_key: 0x00000006, datareader_id: 0x812(6), subscriber_id: 0x812(4)
[35m[1785141672.730967][m info     | [34mProxyClient.cpp   [m | [37mcreate_topic            [m | [32mtopic created[m          | client_key: 0x00000006, topic_id: 0x813(2), participant_id: 0x001(1)
[35m[1785141672.730985][m info     | [34mProxyClient.cpp   [m | [37mcreate_subscriber       [m | [32msubscriber created[m     | client_key: 0x00000006, subscriber_id: 0x813(4), participant_id: 0x001(1)
[35m[1785141672.731246][m info     | [34mProxyClient.cpp   [m | [37mcreate_datareader       [m | [32mdatareader created[m     | client_key: 0x00000006, datareader_id: 0x813(6), subscriber_id: 0x813(4)
[35m[1785141672.731357][m info     | [34mProxyClient.cpp   [m | [37mcreate_topic            [m | [32mtopic created[m          | client_key: 0x00000006, topic_id: 0x814(2), participant_id: 0x001(1)
[35m[1785141672.731382][m info     | [34mProxyClient.cpp   [m | [37mcreate_subscriber       [m | [32msubscriber created[m     | client_key: 0x00000006, subscriber_id: 0x814(4), participant_id: 0x001(1)
[35m[1785141672.731625][m info     | [34mProxyClient.cpp   [m | [37mcreate_datareader       [m | [32mdatareader created[m     | client_key: 0x00000006, datareader_id: 0x814(6), subscriber_id: 0x814(4)
[35m[1785141672.731712][m info     | [34mProxyClient.cpp   [m | [37mcreate_topic            [m | [32mtopic created[m          | client_key: 0x00000006, topic_id: 0x815(2), participant_id: 0x001(1)
[35m[1785141672.731724][m info     | [34mProxyClient.cpp   [m | [37mcreate_subscriber       [m | [32msubscriber created[m     | client_key: 0x00000006, subscriber_id: 0x815(4), participant_id: 0x001(1)
[35m[1785141672.731954][m info     | [34mProxyClient.cpp   [m | [37mcreate_datareader       [m | [32mdatareader created[m     | client_key: 0x00000006, datareader_id: 0x815(6), subscriber_id: 0x815(4)
[35m[1785141672.732043][m info     | [34mProxyClient.cpp   [m | [37mcreate_topic            [m | [32mtopic created[m          | client_key: 0x00000006, topic_id: 0x816(2), participant_id: 0x001(1)
[35m[1785141672.732062][m info     | [34mProxyClient.cpp   [m | [37mcreate_subscriber       [m | [32msubscriber created[m     | client_key: 0x00000006, subscriber_id: 0x816(4), participant_id: 0x001(1)
[35m[1785141672.732296][m info     | [34mProxyClient.cpp   [m | [37mcreate_datareader       [m | [32mdatareader created[m     | client_key: 0x00000006, datareader_id: 0x816(6), subscriber_id: 0x816(4)
[35m[1785141672.732386][m info     | [34mProxyClient.cpp   [m | [37mcreate_topic            [m | [32mtopic created[m          | client_key: 0x00000006, topic_id: 0x817(2), participant_id: 0x001(1)
[35m[1785141672.732398][m info     | [34mProxyClient.cpp   [m | [37mcreate_subscriber       [m | [32msubscriber created[m     | client_key: 0x00000006, subscriber_id: 0x817(4), participant_id: 0x001(1)
[35m[1785141672.732622][m info     | [34mProxyClient.cpp   [m | [37mcreate_datareader       [m | [32mdatareader created[m     | client_key: 0x00000006, datareader_id: 0x817(6), subscriber_id: 0x817(4)
[35m[1785141672.732706][m info     | [34mProxyClient.cpp   [m | [37mcreate_topic            [m | [32mtopic created[m          | client_key: 0x00000006, topic_id: 0x818(2), participant_id: 0x001(1)
[35m[1785141672.732717][m info     | [34mProxyClient.cpp   [m | [37mcreate_subscriber       [m | [32msubscriber created[m     | client_key: 0x00000006, subscriber_id: 0x818(4), participant_id: 0x001(1)
[35m[1785141672.732936][m info     | [34mProxyClient.cpp   [m | [37mcreate_datareader       [m | [32mdatareader created[m     | client_key: 0x00000006, datareader_id: 0x818(6), subscriber_id: 0x818(4)
[35m[1785141672.733014][m info     | [34mProxyClient.cpp   [m | [37mcreate_topic            [m | [32mtopic created[m          | client_key: 0x00000006, topic_id: 0x819(2), participant_id: 0x001(1)
[35m[1785141672.733025][m info     | [34mProxyClient.cpp   [m | [37mcreate_subscriber       [m | [32msubscriber created[m     | client_key: 0x00000006, subscriber_id: 0x819(4), participant_id: 0x001(1)
[35m[1785141672.733255][m info     | [34mProxyClient.cpp   [m | [37mcreate_datareader       [m | [32mdatareader created[m     | client_key: 0x00000006, datareader_id: 0x819(6), subscriber_id: 0x819(4)
[35m[1785141672.733354][m info     | [34mProxyClient.cpp   [m | [37mcreate_topic            [m | [32mtopic created[m          | client_key: 0x00000006, topic_id: 0x81A(2), participant_id: 0x001(1)
[35m[1785141672.733366][m info     | [34mProxyClient.cpp   [m | [37mcreate_subscriber       [m | [32msubscriber created[m     | client_key: 0x00000006, subscriber_id: 0x81A(4), participant_id: 0x001(1)
[35m[1785141672.733586][m info     | [34mProxyClient.cpp   [m | [37mcreate_datareader       [m | [32mdatareader created[m     | client_key: 0x00000006, datareader_id: 0x81A(6), subscriber_id: 0x81A(4)
[35m[1785141672.733667][m info     | [34mProxyClient.cpp   [m | [37mcreate_topic            [m | [32mtopic created[m          | client_key: 0x00000006, topic_id: 0x81B(2), participant_id: 0x001(1)
[35m[1785141672.733679][m info     | [34mProxyClient.cpp   [m | [37mcreate_subscriber       [m | [32msubscriber created[m     | client_key: 0x00000006, subscriber_id: 0x81B(4), participant_id: 0x001(1)
[35m[1785141672.733917][m info     | [34mProxyClient.cpp   [m | [37mcreate_datareader       [m | [32mdatareader created[m     | client_key: 0x00000006, datareader_id: 0x81B(6), subscriber_id: 0x81B(4)
[35m[1785141672.734005][m info     | [34mProxyClient.cpp   [m | [37mcreate_topic            [m | [32mtopic created[m          | client_key: 0x00000006, topic_id: 0x81C(2), participant_id: 0x001(1)
[35m[1785141672.734017][m info     | [34mProxyClient.cpp   [m | [37mcreate_subscriber       [m | [32msubscriber created[m     | client_key: 0x00000006, subscriber_id: 0x81C(4), participant_id: 0x001(1)
[35m[1785141672.734268][m info     | [34mProxyClient.cpp   [m | [37mcreate_datareader       [m | [32mdatareader created[m     | client_key: 0x00000006, datareader_id: 0x81C(6), subscriber_id: 0x81C(4)
[35m[1785141672.734838][m info     | [34mProxyClient.cpp   [m | [37mcreate_replier          [m | [32mreplier created[m        | client_key: 0x00000006, requester_id: 0x800(7), participant_id: 0x001(1)
[35m[1785141673.433726][m info     | [34mRoot.cpp          [m | [37mcreate_client           [m | [32mcreate[m                 | client_key: 0x00000007, session_id: 0x81
[35m[1785141673.433755][m info     | [34mSessionManager.hpp[m | [37mestablish_session       [m | [32msession established[m    | client_key: 0x00000007, address: 127.0.0.1:36554
[35m[1785141673.437710][m info     | [34mProxyClient.cpp   [m | [37mcreate_participant      [m | [32mparticipant created[m    | client_key: 0x00000007, participant_id: 0x001(1)
[35m[1785141673.437860][m info     | [34mProxyClient.cpp   [m | [37mcreate_topic            [m | [32mtopic created[m          | client_key: 0x00000007, topic_id: 0x800(2), participant_id: 0x001(1)
[35m[1785141673.437897][m info     | [34mProxyClient.cpp   [m | [37mcreate_subscriber       [m | [32msubscriber created[m     | client_key: 0x00000007, subscriber_id: 0x800(4), participant_id: 0x001(1)
[35m[1785141673.438172][m info     | [34mProxyClient.cpp   [m | [37mcreate_datareader       [m | [32mdatareader created[m     | client_key: 0x00000007, datareader_id: 0x800(6), subscriber_id: 0x800(4)
[35m[1785141673.438295][m info     | [34mProxyClient.cpp   [m | [37mcreate_topic            [m | [32mtopic created[m          | client_key: 0x00000007, topic_id: 0x801(2), participant_id: 0x001(1)
[35m[1785141673.438312][m info     | [34mProxyClient.cpp   [m | [37mcreate_subscriber       [m | [32msubscriber created[m     | client_key: 0x00000007, subscriber_id: 0x801(4), participant_id: 0x001(1)
[35m[1785141673.438562][m info     | [34mProxyClient.cpp   [m | [37mcreate_datareader       [m | [32mdatareader created[m     | client_key: 0x00000007, datareader_id: 0x801(6), subscriber_id: 0x801(4)
[35m[1785141673.438661][m info     | [34mProxyClient.cpp   [m | [37mcreate_topic            [m | [32mtopic created[m          | client_key: 0x00000007, topic_id: 0x802(2), participant_id: 0x001(1)
[35m[1785141673.438684][m info     | [34mProxyClient.cpp   [m | [37mcreate_subscriber       [m | [32msubscriber created[m     | client_key: 0x00000007, subscriber_id: 0x802(4), participant_id: 0x001(1)
[35m[1785141673.439013][m info     | [34mProxyClient.cpp   [m | [37mcreate_datareader       [m | [32mdatareader created[m     | client_key: 0x00000007, datareader_id: 0x802(6), subscriber_id: 0x802(4)
[35m[1785141673.439168][m info     | [34mProxyClient.cpp   [m | [37mcreate_topic            [m | [32mtopic created[m          | client_key: 0x00000007, topic_id: 0x803(2), participant_id: 0x001(1)
[35m[1785141673.439196][m info     | [34mProxyClient.cpp   [m | [37mcreate_subscriber       [m | [32msubscriber created[m     | client_key: 0x00000007, subscriber_id: 0x803(4), participant_id: 0x001(1)
[35m[1785141673.439587][m info     | [34mProxyClient.cpp   [m | [37mcreate_datareader       [m | [32mdatareader created[m     | client_key: 0x00000007, datareader_id: 0x803(6), subscriber_id: 0x803(4)
[35m[1785141673.439732][m info     | [34mProxyClient.cpp   [m | [37mcreate_topic            [m | [32mtopic created[m          | client_key: 0x00000007, topic_id: 0x804(2), participant_id: 0x001(1)
[35m[1785141673.439751][m info     | [34mProxyClient.cpp   [m | [37mcreate_subscriber       [m | [32msubscriber created[m     | client_key: 0x00000007, subscriber_id: 0x804(4), participant_id: 0x001(1)
[35m[1785141673.440079][m info     | [34mProxyClient.cpp   [m | [37mcreate_datareader       [m | [32mdatareader created[m     | client_key: 0x00000007, datareader_id: 0x804(6), subscriber_id: 0x804(4)
[35m[1785141673.440195][m info     | [34mProxyClient.cpp   [m | [37mcreate_topic            [m | [32mtopic created[m          | client_key: 0x00000007, topic_id: 0x805(2), participant_id: 0x001(1)
[35m[1785141673.440231][m info     | [34mProxyClient.cpp   [m | [37mcreate_subscriber       [m | [32msubscriber created[m     | client_key: 0x00000007, subscriber_id: 0x805(4), participant_id: 0x001(1)
[35m[1785141673.440550][m info     | [34mProxyClient.cpp   [m | [37mcreate_datareader       [m | [32mdatareader created[m     | client_key: 0x00000007, datareader_id: 0x805(6), subscriber_id: 0x805(4)
[35m[1785141673.440645][m info     | [34mProxyClient.cpp   [m | [37mcreate_topic            [m | [32mtopic created[m          | client_key: 0x00000007, topic_id: 0x806(2), participant_id: 0x001(1)
[35m[1785141673.440658][m info     | [34mProxyClient.cpp   [m | [37mcreate_subscriber       [m | [32msubscriber created[m     | client_key: 0x00000007, subscriber_id: 0x806(4), participant_id: 0x001(1)
[35m[1785141673.440973][m info     | [34mProxyClient.cpp   [m | [37mcreate_datareader       [m | [32mdatareader created[m     | client_key: 0x00000007, datareader_id: 0x806(6), subscriber_id: 0x806(4)
[35m[1785141673.441076][m info     | [34mProxyClient.cpp   [m | [37mcreate_topic            [m | [32mtopic created[m          | client_key: 0x00000007, topic_id: 0x807(2), participant_id: 0x001(1)
[35m[1785141673.441094][m info     | [34mProxyClient.cpp   [m | [37mcreate_subscriber       [m | [32msubscriber created[m     | client_key: 0x00000007, subscriber_id: 0x807(4), participant_id: 0x001(1)
[35m[1785141673.441385][m info     | [34mProxyClient.cpp   [m | [37mcreate_datareader       [m | [32mdatareader created[m     | client_key: 0x00000007, datareader_id: 0x807(6), subscriber_id: 0x807(4)
[35m[1785141673.441494][m info     | [34mProxyClient.cpp   [m | [37mcreate_topic            [m | [32mtopic created[m          | client_key: 0x00000007, topic_id: 0x808(2), participant_id: 0x001(1)
[35m[1785141673.441507][m info     | [34mProxyClient.cpp   [m | [37mcreate_subscriber       [m | [32msubscriber created[m     | client_key: 0x00000007, subscriber_id: 0x808(4), participant_id: 0x001(1)
[35m[1785141673.441798][m info     | [34mProxyClient.cpp   [m | [37mcreate_datareader       [m | [32mdatareader created[m     | client_key: 0x00000007, datareader_id: 0x808(6), subscriber_id: 0x808(4)
[35m[1785141673.441897][m info     | [34mProxyClient.cpp   [m | [37mcreate_topic            [m | [32mtopic created[m          | client_key: 0x00000007, topic_id: 0x809(2), participant_id: 0x001(1)
[35m[1785141673.441912][m info     | [34mProxyClient.cpp   [m | [37mcreate_subscriber       [m | [32msubscriber created[m     | client_key: 0x00000007, subscriber_id: 0x809(4), participant_id: 0x001(1)
[35m[1785141673.442177][m info     | [34mProxyClient.cpp   [m | [37mcreate_datareader       [m | [32mdatareader created[m     | client_key: 0x00000007, datareader_id: 0x809(6), subscriber_id: 0x809(4)
[35m[1785141673.442271][m info     | [34mProxyClient.cpp   [m | [37mcreate_topic            [m | [32mtopic created[m          | client_key: 0x00000007, topic_id: 0x80A(2), participant_id: 0x001(1)
[35m[1785141673.442290][m info     | [34mProxyClient.cpp   [m | [37mcreate_subscriber       [m | [32msubscriber created[m     | client_key: 0x00000007, subscriber_id: 0x80A(4), participant_id: 0x001(1)
[35m[1785141673.442598][m info     | [34mProxyClient.cpp   [m | [37mcreate_datareader       [m | [32mdatareader created[m     | client_key: 0x00000007, datareader_id: 0x80A(6), subscriber_id: 0x80A(4)
[35m[1785141673.442745][m info     | [34mProxyClient.cpp   [m | [37mcreate_topic            [m | [32mtopic created[m          | client_key: 0x00000007, topic_id: 0x80B(2), participant_id: 0x001(1)
[35m[1785141673.442769][m info     | [34mProxyClient.cpp   [m | [37mcreate_subscriber       [m | [32msubscriber created[m     | client_key: 0x00000007, subscriber_id: 0x80B(4), participant_id: 0x001(1)
[35m[1785141673.443032][m info     | [34mProxyClient.cpp   [m | [37mcreate_datareader       [m | [32mdatareader created[m     | client_key: 0x00000007, datareader_id: 0x80B(6), subscriber_id: 0x80B(4)
[35m[1785141673.443131][m info     | [34mProxyClient.cpp   [m | [37mcreate_topic            [m | [32mtopic created[m          | client_key: 0x00000007, topic_id: 0x80C(2), participant_id: 0x001(1)
[35m[1785141673.443155][m info     | [34mProxyClient.cpp   [m | [37mcreate_subscriber       [m | [32msubscriber created[m     | client_key: 0x00000007, subscriber_id: 0x80C(4), participant_id: 0x001(1)
[35m[1785141673.443426][m info     | [34mProxyClient.cpp   [m | [37mcreate_datareader       [m | [32mdatareader created[m     | client_key: 0x00000007, datareader_id: 0x80C(6), subscriber_id: 0x80C(4)
[35m[1785141673.443538][m info     | [34mProxyClient.cpp   [m | [37mcreate_topic            [m | [32mtopic created[m          | client_key: 0x00000007, topic_id: 0x80D(2), participant_id: 0x001(1)
[35m[1785141673.443563][m info     | [34mProxyClient.cpp   [m | [37mcreate_subscriber       [m | [32msubscriber created[m     | client_key: 0x00000007, subscriber_id: 0x80D(4), participant_id: 0x001(1)
[35m[1785141673.443864][m info     | [34mProxyClient.cpp   [m | [37mcreate_datareader       [m | [32mdatareader created[m     | client_key: 0x00000007, datareader_id: 0x80D(6), subscriber_id: 0x80D(4)
[35m[1785141673.443965][m info     | [34mProxyClient.cpp   [m | [37mcreate_topic            [m | [32mtopic created[m          | client_key: 0x00000007, topic_id: 0x80E(2), participant_id: 0x001(1)
[35m[1785141673.443980][m info     | [34mProxyClient.cpp   [m | [37mcreate_subscriber       [m | [32msubscriber created[m     | client_key: 0x00000007, subscriber_id: 0x80E(4), participant_id: 0x001(1)
[35m[1785141673.444433][m info     | [34mProxyClient.cpp   [m | [37mcreate_datareader       [m | [32mdatareader created[m     | client_key: 0x00000007, datareader_id: 0x80E(6), subscriber_id: 0x80E(4)
[35m[1785141673.444552][m info     | [34mProxyClient.cpp   [m | [37mcreate_topic            [m | [32mtopic created[m          | client_key: 0x00000007, topic_id: 0x80F(2), participant_id: 0x001(1)
[35m[1785141673.444577][m info     | [34mProxyClient.cpp   [m | [37mcreate_subscriber       [m | [32msubscriber created[m     | client_key: 0x00000007, subscriber_id: 0x80F(4), participant_id: 0x001(1)
[35m[1785141673.444884][m info     | [34mProxyClient.cpp   [m | [37mcreate_datareader       [m | [32mdatareader created[m     | client_key: 0x00000007, datareader_id: 0x80F(6), subscriber_id: 0x80F(4)
[35m[1785141673.444975][m info     | [34mProxyClient.cpp   [m | [37mcreate_topic            [m | [32mtopic created[m          | client_key: 0x00000007, topic_id: 0x810(2), participant_id: 0x001(1)
[35m[1785141673.444996][m info     | [34mProxyClient.cpp   [m | [37mcreate_subscriber       [m | [32msubscriber created[m     | client_key: 0x00000007, subscriber_id: 0x810(4), participant_id: 0x001(1)
[35m[1785141673.445270][m info     | [34mProxyClient.cpp   [m | [37mcreate_datareader       [m | [32mdatareader created[m     | client_key: 0x00000007, datareader_id: 0x810(6), subscriber_id: 0x810(4)
[35m[1785141673.445376][m info     | [34mProxyClient.cpp   [m | [37mcreate_topic            [m | [32mtopic created[m          | client_key: 0x00000007, topic_id: 0x811(2), participant_id: 0x001(1)
[35m[1785141673.445391][m info     | [34mProxyClient.cpp   [m | [37mcreate_subscriber       [m | [32msubscriber created[m     | client_key: 0x00000007, subscriber_id: 0x811(4), participant_id: 0x001(1)
[35m[1785141673.445654][m info     | [34mProxyClient.cpp   [m | [37mcreate_datareader       [m | [32mdatareader created[m     | client_key: 0x00000007, datareader_id: 0x811(6), subscriber_id: 0x811(4)
[35m[1785141673.445765][m info     | [34mProxyClient.cpp   [m | [37mcreate_topic            [m | [32mtopic created[m          | client_key: 0x00000007, topic_id: 0x812(2), participant_id: 0x001(1)
[35m[1785141673.445788][m info     | [34mProxyClient.cpp   [m | [37mcreate_subscriber       [m | [32msubscriber created[m     | client_key: 0x00000007, subscriber_id: 0x812(4), participant_id: 0x001(1)
[35m[1785141673.446072][m info     | [34mProxyClient.cpp   [m | [37mcreate_datareader       [m | [32mdatareader created[m     | client_key: 0x00000007, datareader_id: 0x812(6), subscriber_id: 0x812(4)
[35m[1785141673.446168][m info     | [34mProxyClient.cpp   [m | [37mcreate_topic            [m | [32mtopic created[m          | client_key: 0x00000007, topic_id: 0x813(2), participant_id: 0x001(1)
[35m[1785141673.446221][m info     | [34mProxyClient.cpp   [m | [37mcreate_subscriber       [m | [32msubscriber created[m     | client_key: 0x00000007, subscriber_id: 0x813(4), participant_id: 0x001(1)
[35m[1785141673.446587][m info     | [34mProxyClient.cpp   [m | [37mcreate_datareader       [m | [32mdatareader created[m     | client_key: 0x00000007, datareader_id: 0x813(6), subscriber_id: 0x813(4)
[35m[1785141673.446744][m info     | [34mProxyClient.cpp   [m | [37mcreate_topic            [m | [32mtopic created[m          | client_key: 0x00000007, topic_id: 0x814(2), participant_id: 0x001(1)
[35m[1785141673.446773][m info     | [34mProxyClient.cpp   [m | [37mcreate_subscriber       [m | [32msubscriber created[m     | client_key: 0x00000007, subscriber_id: 0x814(4), participant_id: 0x001(1)
[35m[1785141673.447081][m info     | [34mProxyClient.cpp   [m | [37mcreate_datareader       [m | [32mdatareader created[m     | client_key: 0x00000007, datareader_id: 0x814(6), subscriber_id: 0x814(4)
[35m[1785141673.447180][m info     | [34mProxyClient.cpp   [m | [37mcreate_topic            [m | [32mtopic created[m          | client_key: 0x00000007, topic_id: 0x815(2), participant_id: 0x001(1)
[35m[1785141673.447208][m info     | [34mProxyClient.cpp   [m | [37mcreate_subscriber       [m | [32msubscriber created[m     | client_key: 0x00000007, subscriber_id: 0x815(4), participant_id: 0x001(1)
[35m[1785141673.447461][m info     | [34mProxyClient.cpp   [m | [37mcreate_datareader       [m | [32mdatareader created[m     | client_key: 0x00000007, datareader_id: 0x815(6), subscriber_id: 0x815(4)
[35m[1785141673.447563][m info     | [34mProxyClient.cpp   [m | [37mcreate_topic            [m | [32mtopic created[m          | client_key: 0x00000007, topic_id: 0x816(2), participant_id: 0x001(1)
[35m[1785141673.447590][m info     | [34mProxyClient.cpp   [m | [37mcreate_subscriber       [m | [32msubscriber created[m     | client_key: 0x00000007, subscriber_id: 0x816(4), participant_id: 0x001(1)
[35m[1785141673.447859][m info     | [34mProxyClient.cpp   [m | [37mcreate_datareader       [m | [32mdatareader created[m     | client_key: 0x00000007, datareader_id: 0x816(6), subscriber_id: 0x816(4)
[35m[1785141673.447956][m info     | [34mProxyClient.cpp   [m | [37mcreate_topic            [m | [32mtopic created[m          | client_key: 0x00000007, topic_id: 0x817(2), participant_id: 0x001(1)
[35m[1785141673.447972][m info     | [34mProxyClient.cpp   [m | [37mcreate_subscriber       [m | [32msubscriber created[m     | client_key: 0x00000007, subscriber_id: 0x817(4), participant_id: 0x001(1)
[35m[1785141673.448252][m info     | [34mProxyClient.cpp   [m | [37mcreate_datareader       [m | [32mdatareader created[m     | client_key: 0x00000007, datareader_id: 0x817(6), subscriber_id: 0x817(4)
[35m[1785141673.448393][m info     | [34mProxyClient.cpp   [m | [37mcreate_topic            [m | [32mtopic created[m          | client_key: 0x00000007, topic_id: 0x818(2), participant_id: 0x001(1)
[35m[1785141673.448412][m info     | [34mProxyClient.cpp   [m | [37mcreate_subscriber       [m | [32msubscriber created[m     | client_key: 0x00000007, subscriber_id: 0x818(4), participant_id: 0x001(1)
[35m[1785141673.448753][m info     | [34mProxyClient.cpp   [m | [37mcreate_datareader       [m | [32mdatareader created[m     | client_key: 0x00000007, datareader_id: 0x818(6), subscriber_id: 0x818(4)
[35m[1785141673.448877][m info     | [34mProxyClient.cpp   [m | [37mcreate_topic            [m | [32mtopic created[m          | client_key: 0x00000007, topic_id: 0x819(2), participant_id: 0x001(1)
[35m[1785141673.448893][m info     | [34mProxyClient.cpp   [m | [37mcreate_subscriber       [m | [32msubscriber created[m     | client_key: 0x00000007, subscriber_id: 0x819(4), participant_id: 0x001(1)
[35m[1785141673.449210][m info     | [34mProxyClient.cpp   [m | [37mcreate_datareader       [m | [32mdatareader created[m     | client_key: 0x00000007, datareader_id: 0x819(6), subscriber_id: 0x819(4)
[35m[1785141673.449330][m info     | [34mProxyClient.cpp   [m | [37mcreate_topic            [m | [32mtopic created[m          | client_key: 0x00000007, topic_id: 0x81A(2), participant_id: 0x001(1)
[35m[1785141673.449349][m info     | [34mProxyClient.cpp   [m | [37mcreate_subscriber       [m | [32msubscriber created[m     | client_key: 0x00000007, subscriber_id: 0x81A(4), participant_id: 0x001(1)
[35m[1785141673.449651][m info     | [34mProxyClient.cpp   [m | [37mcreate_datareader       [m | [32mdatareader created[m     | client_key: 0x00000007, datareader_id: 0x81A(6), subscriber_id: 0x81A(4)
[35m[1785141673.449744][m info     | [34mProxyClient.cpp   [m | [37mcreate_topic            [m | [32mtopic created[m          | client_key: 0x00000007, topic_id: 0x81B(2), participant_id: 0x001(1)
[35m[1785141673.449766][m info     | [34mProxyClient.cpp   [m | [37mcreate_subscriber       [m | [32msubscriber created[m     | client_key: 0x00000007, subscriber_id: 0x81B(4), participant_id: 0x001(1)
[35m[1785141673.450050][m info     | [34mProxyClient.cpp   [m | [37mcreate_datareader       [m | [32mdatareader created[m     | client_key: 0x00000007, datareader_id: 0x81B(6), subscriber_id: 0x81B(4)
[35m[1785141673.450170][m info     | [34mProxyClient.cpp   [m | [37mcreate_topic            [m | [32mtopic created[m          | client_key: 0x00000007, topic_id: 0x81C(2), participant_id: 0x001(1)
[35m[1785141673.450194][m info     | [34mProxyClient.cpp   [m | [37mcreate_subscriber       [m | [32msubscriber created[m     | client_key: 0x00000007, subscriber_id: 0x81C(4), participant_id: 0x001(1)
[35m[1785141673.450576][m info     | [34mProxyClient.cpp   [m | [37mcreate_datareader       [m | [32mdatareader created[m     | client_key: 0x00000007, datareader_id: 0x81C(6), subscriber_id: 0x81C(4)
[35m[1785141673.451308][m info     | [34mProxyClient.cpp   [m | [37mcreate_replier          [m | [32mreplier created[m        | client_key: 0x00000007, requester_id: 0x800(7), participant_id: 0x001(1)
[35m[1785141673.969822][m info     | [34mRoot.cpp          [m | [37mcreate_client           [m | [32mcreate[m                 | client_key: 0x00000008, session_id: 0x81
[35m[1785141673.969851][m info     | [34mSessionManager.hpp[m | [37mestablish_session       [m | [32msession established[m    | client_key: 0x00000008, address: 127.0.0.1:30879
[35m[1785141673.985927][m info     | [34mProxyClient.cpp   [m | [37mcreate_participant      [m | [32mparticipant created[m    | client_key: 0x00000008, participant_id: 0x001(1)
[35m[1785141673.986495][m info     | [34mProxyClient.cpp   [m | [37mcreate_topic            [m | [32mtopic created[m          | client_key: 0x00000008, topic_id: 0x800(2), participant_id: 0x001(1)
[35m[1785141673.986544][m info     | [34mProxyClient.cpp   [m | [37mcreate_subscriber       [m | [32msubscriber created[m     | client_key: 0x00000008, subscriber_id: 0x800(4), participant_id: 0x001(1)
[35m[1785141673.987531][m info     | [34mProxyClient.cpp   [m | [37mcreate_datareader       [m | [32mdatareader created[m     | client_key: 0x00000008, datareader_id: 0x800(6), subscriber_id: 0x800(4)
[35m[1785141673.988725][m info     | [34mProxyClient.cpp   [m | [37mcreate_topic            [m | [32mtopic created[m          | client_key: 0x00000008, topic_id: 0x801(2), participant_id: 0x001(1)
[35m[1785141673.988854][m info     | [34mProxyClient.cpp   [m | [37mcreate_subscriber       [m | [32msubscriber created[m     | client_key: 0x00000008, subscriber_id: 0x801(4), participant_id: 0x001(1)
[35m[1785141673.989631][m info     | [34mProxyClient.cpp   [m | [37mcreate_datareader       [m | [32mdatareader created[m     | client_key: 0x00000008, datareader_id: 0x801(6), subscriber_id: 0x801(4)
[35m[1785141673.989834][m info     | [34mProxyClient.cpp   [m | [37mcreate_topic            [m | [32mtopic created[m          | client_key: 0x00000008, topic_id: 0x802(2), participant_id: 0x001(1)
[35m[1785141673.989856][m info     | [34mProxyClient.cpp   [m | [37mcreate_subscriber       [m | [32msubscriber created[m     | client_key: 0x00000008, subscriber_id: 0x802(4), participant_id: 0x001(1)
[35m[1785141673.990647][m info     | [34mProxyClient.cpp   [m | [37mcreate_datareader       [m | [32mdatareader created[m     | client_key: 0x00000008, datareader_id: 0x802(6), subscriber_id: 0x802(4)
[35m[1785141673.990839][m info     | [34mProxyClient.cpp   [m | [37mcreate_topic            [m | [32mtopic created[m          | client_key: 0x00000008, topic_id: 0x803(2), participant_id: 0x001(1)
[35m[1785141673.990939][m info     | [34mProxyClient.cpp   [m | [37mcreate_subscriber       [m | [32msubscriber created[m     | client_key: 0x00000008, subscriber_id: 0x803(4), participant_id: 0x001(1)
[35m[1785141673.991464][m info     | [34mProxyClient.cpp   [m | [37mcreate_datareader       [m | [32mdatareader created[m     | client_key: 0x00000008, datareader_id: 0x803(6), subscriber_id: 0x803(4)
[35m[1785141673.991665][m info     | [34mProxyClient.cpp   [m | [37mcreate_topic            [m | [32mtopic created[m          | client_key: 0x00000008, topic_id: 0x804(2), participant_id: 0x001(1)
[35m[1785141673.991714][m info     | [34mProxyClient.cpp   [m | [37mcreate_subscriber       [m | [32msubscriber created[m     | client_key: 0x00000008, subscriber_id: 0x804(4), participant_id: 0x001(1)
[35m[1785141673.993672][m info     | [34mProxyClient.cpp   [m | [37mcreate_datareader       [m | [32mdatareader created[m     | client_key: 0x00000008, datareader_id: 0x804(6), subscriber_id: 0x804(4)
[35m[1785141673.993857][m info     | [34mProxyClient.cpp   [m | [37mcreate_topic            [m | [32mtopic created[m          | client_key: 0x00000008, topic_id: 0x805(2), participant_id: 0x001(1)
[35m[1785141673.993884][m info     | [34mProxyClient.cpp   [m | [37mcreate_subscriber       [m | [32msubscriber created[m     | client_key: 0x00000008, subscriber_id: 0x805(4), participant_id: 0x001(1)
[35m[1785141673.994336][m info     | [34mProxyClient.cpp   [m | [37mcreate_datareader       [m | [32mdatareader created[m     | client_key: 0x00000008, datareader_id: 0x805(6), subscriber_id: 0x805(4)
[35m[1785141673.994520][m info     | [34mProxyClient.cpp   [m | [37mcreate_topic            [m | [32mtopic created[m          | client_key: 0x00000008, topic_id: 0x806(2), participant_id: 0x001(1)
[35m[1785141673.994546][m info     | [34mProxyClient.cpp   [m | [37mcreate_subscriber       [m | [32msubscriber created[m     | client_key: 0x00000008, subscriber_id: 0x806(4), participant_id: 0x001(1)
[35m[1785141673.995365][m info     | [34mProxyClient.cpp   [m | [37mcreate_datareader       [m | [32mdatareader created[m     | client_key: 0x00000008, datareader_id: 0x806(6), subscriber_id: 0x806(4)
[35m[1785141673.995590][m info     | [34mProxyClient.cpp   [m | [37mcreate_topic            [m | [32mtopic created[m          | client_key: 0x00000008, topic_id: 0x807(2), participant_id: 0x001(1)
[35m[1785141673.995642][m info     | [34mProxyClient.cpp   [m | [37mcreate_subscriber       [m | [32msubscriber created[m     | client_key: 0x00000008, subscriber_id: 0x807(4), participant_id: 0x001(1)
[35m[1785141673.996298][m info     | [34mProxyClient.cpp   [m | [37mcreate_datareader       [m | [32mdatareader created[m     | client_key: 0x00000008, datareader_id: 0x807(6), subscriber_id: 0x807(4)
[35m[1785141673.996488][m info     | [34mProxyClient.cpp   [m | [37mcreate_topic            [m | [32mtopic created[m          | client_key: 0x00000008, topic_id: 0x808(2), participant_id: 0x001(1)
[35m[1785141673.996557][m info     | [34mProxyClient.cpp   [m | [37mcreate_subscriber       [m | [32msubscriber created[m     | client_key: 0x00000008, subscriber_id: 0x808(4), participant_id: 0x001(1)
[35m[1785141673.996980][m info     | [34mProxyClient.cpp   [m | [37mcreate_datareader       [m | [32mdatareader created[m     | client_key: 0x00000008, datareader_id: 0x808(6), subscriber_id: 0x808(4)
[35m[1785141673.997204][m info     | [34mProxyClient.cpp   [m | [37mcreate_topic            [m | [32mtopic created[m          | client_key: 0x00000008, topic_id: 0x809(2), participant_id: 0x001(1)
[35m[1785141673.997270][m info     | [34mProxyClient.cpp   [m | [37mcreate_subscriber       [m | [32msubscriber created[m     | client_key: 0x00000008, subscriber_id: 0x809(4), participant_id: 0x001(1)
[35m[1785141673.997867][m info     | [34mProxyClient.cpp   [m | [37mcreate_datareader       [m | [32mdatareader created[m     | client_key: 0x00000008, datareader_id: 0x809(6), subscriber_id: 0x809(4)
[35m[1785141673.998151][m info     | [34mProxyClient.cpp   [m | [37mcreate_topic            [m | [32mtopic created[m          | client_key: 0x00000008, topic_id: 0x80A(2), participant_id: 0x001(1)
[35m[1785141673.998182][m info     | [34mProxyClient.cpp   [m | [37mcreate_subscriber       [m | [32msubscriber created[m     | client_key: 0x00000008, subscriber_id: 0x80A(4), participant_id: 0x001(1)
[35m[1785141673.998893][m info     | [34mProxyClient.cpp   [m | [37mcreate_datareader       [m | [32mdatareader created[m     | client_key: 0x00000008, datareader_id: 0x80A(6), subscriber_id: 0x80A(4)
[35m[1785141673.999240][m info     | [34mProxyClient.cpp   [m | [37mcreate_topic            [m | [32mtopic created[m          | client_key: 0x00000008, topic_id: 0x80B(2), participant_id: 0x001(1)
[35m[1785141673.999357][m info     | [34mProxyClient.cpp   [m | [37mcreate_subscriber       [m | [32msubscriber created[m     | client_key: 0x00000008, subscriber_id: 0x80B(4), participant_id: 0x001(1)
[35m[1785141673.999845][m info     | [34mProxyClient.cpp   [m | [37mcreate_datareader       [m | [32mdatareader created[m     | client_key: 0x00000008, datareader_id: 0x80B(6), subscriber_id: 0x80B(4)
[35m[1785141674.000033][m info     | [34mProxyClient.cpp   [m | [37mcreate_topic            [m | [32mtopic created[m          | client_key: 0x00000008, topic_id: 0x80C(2), participant_id: 0x001(1)
[35m[1785141674.000061][m info     | [34mProxyClient.cpp   [m | [37mcreate_subscriber       [m | [32msubscriber created[m     | client_key: 0x00000008, subscriber_id: 0x80C(4), participant_id: 0x001(1)
[35m[1785141674.000511][m info     | [34mProxyClient.cpp   [m | [37mcreate_datareader       [m | [32mdatareader created[m     | client_key: 0x00000008, datareader_id: 0x80C(6), subscriber_id: 0x80C(4)
[35m[1785141674.000721][m info     | [34mProxyClient.cpp   [m | [37mcreate_topic            [m | [32mtopic created[m          | client_key: 0x00000008, topic_id: 0x80D(2), participant_id: 0x001(1)
[35m[1785141674.000757][m info     | [34mProxyClient.cpp   [m | [37mcreate_subscriber       [m | [32msubscriber created[m     | client_key: 0x00000008, subscriber_id: 0x80D(4), participant_id: 0x001(1)
[35m[1785141674.001180][m info     | [34mProxyClient.cpp   [m | [37mcreate_datareader       [m | [32mdatareader created[m     | client_key: 0x00000008, datareader_id: 0x80D(6), subscriber_id: 0x80D(4)
[35m[1785141674.001395][m info     | [34mProxyClient.cpp   [m | [37mcreate_topic            [m | [32mtopic created[m          | client_key: 0x00000008, topic_id: 0x80E(2), participant_id: 0x001(1)
[35m[1785141674.001423][m info     | [34mProxyClient.cpp   [m | [37mcreate_subscriber       [m | [32msubscriber created[m     | client_key: 0x00000008, subscriber_id: 0x80E(4), participant_id: 0x001(1)
[35m[1785141674.001845][m info     | [34mProxyClient.cpp   [m | [37mcreate_datareader       [m | [32mdatareader created[m     | client_key: 0x00000008, datareader_id: 0x80E(6), subscriber_id: 0x80E(4)
[35m[1785141674.002057][m info     | [34mProxyClient.cpp   [m | [37mcreate_topic            [m | [32mtopic created[m          | client_key: 0x00000008, topic_id: 0x80F(2), participant_id: 0x001(1)
[35m[1785141674.002078][m info     | [34mProxyClient.cpp   [m | [37mcreate_subscriber       [m | [32msubscriber created[m     | client_key: 0x00000008, subscriber_id: 0x80F(4), participant_id: 0x001(1)
[35m[1785141674.002498][m info     | [34mProxyClient.cpp   [m | [37mcreate_datareader       [m | [32mdatareader created[m     | client_key: 0x00000008, datareader_id: 0x80F(6), subscriber_id: 0x80F(4)
[35m[1785141674.002712][m info     | [34mProxyClient.cpp   [m | [37mcreate_topic            [m | [32mtopic created[m          | client_key: 0x00000008, topic_id: 0x810(2), participant_id: 0x001(1)
[35m[1785141674.002734][m info     | [34mProxyClient.cpp   [m | [37mcreate_subscriber       [m | [32msubscriber created[m     | client_key: 0x00000008, subscriber_id: 0x810(4), participant_id: 0x001(1)
[35m[1785141674.003185][m info     | [34mProxyClient.cpp   [m | [37mcreate_datareader       [m | [32mdatareader created[m     | client_key: 0x00000008, datareader_id: 0x810(6), subscriber_id: 0x810(4)
[35m[1785141674.003369][m info     | [34mProxyClient.cpp   [m | [37mcreate_topic            [m | [32mtopic created[m          | client_key: 0x00000008, topic_id: 0x811(2), participant_id: 0x001(1)
[35m[1785141674.003416][m info     | [34mProxyClient.cpp   [m | [37mcreate_subscriber       [m | [32msubscriber created[m     | client_key: 0x00000008, subscriber_id: 0x811(4), participant_id: 0x001(1)
[35m[1785141674.003868][m info     | [34mProxyClient.cpp   [m | [37mcreate_datareader       [m | [32mdatareader created[m     | client_key: 0x00000008, datareader_id: 0x811(6), subscriber_id: 0x811(4)
[35m[1785141674.004059][m info     | [34mProxyClient.cpp   [m | [37mcreate_topic            [m | [32mtopic created[m          | client_key: 0x00000008, topic_id: 0x812(2), participant_id: 0x001(1)
[35m[1785141674.004106][m info     | [34mProxyClient.cpp   [m | [37mcreate_subscriber       [m | [32msubscriber created[m     | client_key: 0x00000008, subscriber_id: 0x812(4), participant_id: 0x001(1)
[35m[1785141674.004629][m info     | [34mProxyClient.cpp   [m | [37mcreate_datareader       [m | [32mdatareader created[m     | client_key: 0x00000008, datareader_id: 0x812(6), subscriber_id: 0x812(4)
[35m[1785141674.004795][m info     | [34mProxyClient.cpp   [m | [37mcreate_topic            [m | [32mtopic created[m          | client_key: 0x00000008, topic_id: 0x813(2), participant_id: 0x001(1)
[35m[1785141674.004828][m info     | [34mProxyClient.cpp   [m | [37mcreate_subscriber       [m | [32msubscriber created[m     | client_key: 0x00000008, subscriber_id: 0x813(4), participant_id: 0x001(1)
[35m[1785141674.005276][m info     | [34mProxyClient.cpp   [m | [37mcreate_datareader       [m | [32mdatareader created[m     | client_key: 0x00000008, datareader_id: 0x813(6), subscriber_id: 0x813(4)
[35m[1785141674.005456][m info     | [34mProxyClient.cpp   [m | [37mcreate_topic            [m | [32mtopic created[m          | client_key: 0x00000008, topic_id: 0x814(2), participant_id: 0x001(1)
[35m[1785141674.005511][m info     | [34mProxyClient.cpp   [m | [37mcreate_subscriber       [m | [32msubscriber created[m     | client_key: 0x00000008, subscriber_id: 0x814(4), participant_id: 0x001(1)
[35m[1785141674.006165][m info     | [34mProxyClient.cpp   [m | [37mcreate_datareader       [m | [32mdatareader created[m     | client_key: 0x00000008, datareader_id: 0x814(6), subscriber_id: 0x814(4)
[35m[1785141674.006347][m info     | [34mProxyClient.cpp   [m | [37mcreate_topic            [m | [32mtopic created[m          | client_key: 0x00000008, topic_id: 0x815(2), participant_id: 0x001(1)
[35m[1785141674.006401][m info     | [34mProxyClient.cpp   [m | [37mcreate_subscriber       [m | [32msubscriber created[m     | client_key: 0x00000008, subscriber_id: 0x815(4), participant_id: 0x001(1)
[35m[1785141674.006973][m info     | [34mProxyClient.cpp   [m | [37mcreate_datareader       [m | [32mdatareader created[m     | client_key: 0x00000008, datareader_id: 0x815(6), subscriber_id: 0x815(4)
[35m[1785141674.007133][m info     | [34mProxyClient.cpp   [m | [37mcreate_topic            [m | [32mtopic created[m          | client_key: 0x00000008, topic_id: 0x816(2), participant_id: 0x001(1)
[35m[1785141674.007177][m info     | [34mProxyClient.cpp   [m | [37mcreate_subscriber       [m | [32msubscriber created[m     | client_key: 0x00000008, subscriber_id: 0x816(4), participant_id: 0x001(1)
[35m[1785141674.007612][m info     | [34mProxyClient.cpp   [m | [37mcreate_datareader       [m | [32mdatareader created[m     | client_key: 0x00000008, datareader_id: 0x816(6), subscriber_id: 0x816(4)
[35m[1785141674.007831][m info     | [34mProxyClient.cpp   [m | [37mcreate_topic            [m | [32mtopic created[m          | client_key: 0x00000008, topic_id: 0x817(2), participant_id: 0x001(1)
[35m[1785141674.007859][m info     | [34mProxyClient.cpp   [m | [37mcreate_subscriber       [m | [32msubscriber created[m     | client_key: 0x00000008, subscriber_id: 0x817(4), participant_id: 0x001(1)
[35m[1785141674.008311][m info     | [34mProxyClient.cpp   [m | [37mcreate_datareader       [m | [32mdatareader created[m     | client_key: 0x00000008, datareader_id: 0x817(6), subscriber_id: 0x817(4)
[35m[1785141674.008532][m info     | [34mProxyClient.cpp   [m | [37mcreate_topic            [m | [32mtopic created[m          | client_key: 0x00000008, topic_id: 0x818(2), participant_id: 0x001(1)
[35m[1785141674.008580][m info     | [34mProxyClient.cpp   [m | [37mcreate_subscriber       [m | [32msubscriber created[m     | client_key: 0x00000008, subscriber_id: 0x818(4), participant_id: 0x001(1)
[35m[1785141674.009074][m info     | [34mProxyClient.cpp   [m | [37mcreate_datareader       [m | [32mdatareader created[m     | client_key: 0x00000008, datareader_id: 0x818(6), subscriber_id: 0x818(4)
[35m[1785141674.009345][m info     | [34mProxyClient.cpp   [m | [37mcreate_topic            [m | [32mtopic created[m          | client_key: 0x00000008, topic_id: 0x819(2), participant_id: 0x001(1)
[35m[1785141674.009367][m info     | [34mProxyClient.cpp   [m | [37mcreate_subscriber       [m | [32msubscriber created[m     | client_key: 0x00000008, subscriber_id: 0x819(4), participant_id: 0x001(1)
[35m[1785141674.009832][m info     | [34mProxyClient.cpp   [m | [37mcreate_datareader       [m | [32mdatareader created[m     | client_key: 0x00000008, datareader_id: 0x819(6), subscriber_id: 0x819(4)
[35m[1785141674.010077][m info     | [34mProxyClient.cpp   [m | [37mcreate_topic            [m | [32mtopic created[m          | client_key: 0x00000008, topic_id: 0x81A(2), participant_id: 0x001(1)
[35m[1785141674.010101][m info     | [34mProxyClient.cpp   [m | [37mcreate_subscriber       [m | [32msubscriber created[m     | client_key: 0x00000008, subscriber_id: 0x81A(4), participant_id: 0x001(1)
[35m[1785141674.010701][m info     | [34mProxyClient.cpp   [m | [37mcreate_datareader       [m | [32mdatareader created[m     | client_key: 0x00000008, datareader_id: 0x81A(6), subscriber_id: 0x81A(4)
[35m[1785141674.010867][m info     | [34mProxyClient.cpp   [m | [37mcreate_topic            [m | [32mtopic created[m          | client_key: 0x00000008, topic_id: 0x81B(2), participant_id: 0x001(1)
[35m[1785141674.010889][m info     | [34mProxyClient.cpp   [m | [37mcreate_subscriber       [m | [32msubscriber created[m     | client_key: 0x00000008, subscriber_id: 0x81B(4), participant_id: 0x001(1)
[35m[1785141674.011482][m info     | [34mProxyClient.cpp   [m | [37mcreate_datareader       [m | [32mdatareader created[m     | client_key: 0x00000008, datareader_id: 0x81B(6), subscriber_id: 0x81B(4)
[35m[1785141674.011662][m info     | [34mProxyClient.cpp   [m | [37mcreate_topic            [m | [32mtopic created[m          | client_key: 0x00000008, topic_id: 0x81C(2), participant_id: 0x001(1)
[35m[1785141674.011710][m info     | [34mProxyClient.cpp   [m | [37mcreate_subscriber       [m | [32msubscriber created[m     | client_key: 0x00000008, subscriber_id: 0x81C(4), participant_id: 0x001(1)
[35m[1785141674.012190][m info     | [34mProxyClient.cpp   [m | [37mcreate_datareader       [m | [32mdatareader created[m     | client_key: 0x00000008, datareader_id: 0x81C(6), subscriber_id: 0x81C(4)
[35m[1785141674.013396][m info     | [34mProxyClient.cpp   [m | [37mcreate_replier          [m | [32mreplier created[m        | client_key: 0x00000008, requester_id: 0x800(7), participant_id: 0x001(1)
[35m[1785141674.621506][m info     | [34mRoot.cpp          [m | [37mcreate_client           [m | [32mcreate[m                 | client_key: 0x00000009, session_id: 0x81
[35m[1785141674.621528][m info     | [34mSessionManager.hpp[m | [37mestablish_session       [m | [32msession established[m    | client_key: 0x00000009, address: 127.0.0.1:60334
[35m[1785141674.623572][m info     | [34mProxyClient.cpp   [m | [37mcreate_participant      [m | [32mparticipant created[m    | client_key: 0x00000009, participant_id: 0x001(1)
[35m[1785141674.623663][m info     | [34mProxyClient.cpp   [m | [37mcreate_topic            [m | [32mtopic created[m          | client_key: 0x00000009, topic_id: 0x800(2), participant_id: 0x001(1)
[35m[1785141674.623693][m info     | [34mProxyClient.cpp   [m | [37mcreate_subscriber       [m | [32msubscriber created[m     | client_key: 0x00000009, subscriber_id: 0x800(4), participant_id: 0x001(1)
[35m[1785141674.624132][m info     | [34mProxyClient.cpp   [m | [37mcreate_datareader       [m | [32mdatareader created[m     | client_key: 0x00000009, datareader_id: 0x800(6), subscriber_id: 0x800(4)
[35m[1785141674.624253][m info     | [34mProxyClient.cpp   [m | [37mcreate_topic            [m | [32mtopic created[m          | client_key: 0x00000009, topic_id: 0x801(2), participant_id: 0x001(1)
[35m[1785141674.624272][m info     | [34mProxyClient.cpp   [m | [37mcreate_subscriber       [m | [32msubscriber created[m     | client_key: 0x00000009, subscriber_id: 0x801(4), participant_id: 0x001(1)
[35m[1785141674.624601][m info     | [34mProxyClient.cpp   [m | [37mcreate_datareader       [m | [32mdatareader created[m     | client_key: 0x00000009, datareader_id: 0x801(6), subscriber_id: 0x801(4)
[35m[1785141674.624688][m info     | [34mProxyClient.cpp   [m | [37mcreate_topic            [m | [32mtopic created[m          | client_key: 0x00000009, topic_id: 0x802(2), participant_id: 0x001(1)
[35m[1785141674.624707][m info     | [34mProxyClient.cpp   [m | [37mcreate_subscriber       [m | [32msubscriber created[m     | client_key: 0x00000009, subscriber_id: 0x802(4), participant_id: 0x001(1)
[35m[1785141674.624996][m info     | [34mProxyClient.cpp   [m | [37mcreate_datareader       [m | [32mdatareader created[m     | client_key: 0x00000009, datareader_id: 0x802(6), subscriber_id: 0x802(4)
[35m[1785141674.625073][m info     | [34mProxyClient.cpp   [m | [37mcreate_topic            [m | [32mtopic created[m          | client_key: 0x00000009, topic_id: 0x803(2), participant_id: 0x001(1)
[35m[1785141674.625084][m info     | [34mProxyClient.cpp   [m | [37mcreate_subscriber       [m | [32msubscriber created[m     | client_key: 0x00000009, subscriber_id: 0x803(4), participant_id: 0x001(1)
[35m[1785141674.625394][m info     | [34mProxyClient.cpp   [m | [37mcreate_datareader       [m | [32mdatareader created[m     | client_key: 0x00000009, datareader_id: 0x803(6), subscriber_id: 0x803(4)
[35m[1785141674.625500][m info     | [34mProxyClient.cpp   [m | [37mcreate_topic            [m | [32mtopic created[m          | client_key: 0x00000009, topic_id: 0x804(2), participant_id: 0x001(1)
[35m[1785141674.625517][m info     | [34mProxyClient.cpp   [m | [37mcreate_subscriber       [m | [32msubscriber created[m     | client_key: 0x00000009, subscriber_id: 0x804(4), participant_id: 0x001(1)
[35m[1785141674.625889][m info     | [34mProxyClient.cpp   [m | [37mcreate_datareader       [m | [32mdatareader created[m     | client_key: 0x00000009, datareader_id: 0x804(6), subscriber_id: 0x804(4)
[35m[1785141674.625979][m info     | [34mProxyClient.cpp   [m | [37mcreate_topic            [m | [32mtopic created[m          | client_key: 0x00000009, topic_id: 0x805(2), participant_id: 0x001(1)
[35m[1785141674.626012][m info     | [34mProxyClient.cpp   [m | [37mcreate_subscriber       [m | [32msubscriber created[m     | client_key: 0x00000009, subscriber_id: 0x805(4), participant_id: 0x001(1)
[35m[1785141674.626352][m info     | [34mProxyClient.cpp   [m | [37mcreate_datareader       [m | [32mdatareader created[m     | client_key: 0x00000009, datareader_id: 0x805(6), subscriber_id: 0x805(4)
[35m[1785141674.626447][m info     | [34mProxyClient.cpp   [m | [37mcreate_topic            [m | [32mtopic created[m          | client_key: 0x00000009, topic_id: 0x806(2), participant_id: 0x001(1)
[35m[1785141674.626474][m info     | [34mProxyClient.cpp   [m | [37mcreate_subscriber       [m | [32msubscriber created[m     | client_key: 0x00000009, subscriber_id: 0x806(4), participant_id: 0x001(1)
[35m[1785141674.626907][m info     | [34mProxyClient.cpp   [m | [37mcreate_datareader       [m | [32mdatareader created[m     | client_key: 0x00000009, datareader_id: 0x806(6), subscriber_id: 0x806(4)
[35m[1785141674.627002][m info     | [34mProxyClient.cpp   [m | [37mcreate_topic            [m | [32mtopic created[m          | client_key: 0x00000009, topic_id: 0x807(2), participant_id: 0x001(1)
[35m[1785141674.627029][m info     | [34mProxyClient.cpp   [m | [37mcreate_subscriber       [m | [32msubscriber created[m     | client_key: 0x00000009, subscriber_id: 0x807(4), participant_id: 0x001(1)
[35m[1785141674.627398][m info     | [34mProxyClient.cpp   [m | [37mcreate_datareader       [m | [32mdatareader created[m     | client_key: 0x00000009, datareader_id: 0x807(6), subscriber_id: 0x807(4)
[35m[1785141674.627530][m info     | [34mProxyClient.cpp   [m | [37mcreate_topic            [m | [32mtopic created[m          | client_key: 0x00000009, topic_id: 0x808(2), participant_id: 0x001(1)
[35m[1785141674.627556][m info     | [34mProxyClient.cpp   [m | [37mcreate_subscriber       [m | [32msubscriber created[m     | client_key: 0x00000009, subscriber_id: 0x808(4), participant_id: 0x001(1)
[35m[1785141674.627863][m info     | [34mProxyClient.cpp   [m | [37mcreate_datareader       [m | [32mdatareader created[m     | client_key: 0x00000009, datareader_id: 0x808(6), subscriber_id: 0x808(4)
[35m[1785141674.627955][m info     | [34mProxyClient.cpp   [m | [37mcreate_topic            [m | [32mtopic created[m          | client_key: 0x00000009, topic_id: 0x809(2), participant_id: 0x001(1)
[35m[1785141674.627969][m info     | [34mProxyClient.cpp   [m | [37mcreate_subscriber       [m | [32msubscriber created[m     | client_key: 0x00000009, subscriber_id: 0x809(4), participant_id: 0x001(1)
[35m[1785141674.628233][m info     | [34mProxyClient.cpp   [m | [37mcreate_datareader       [m | [32mdatareader created[m     | client_key: 0x00000009, datareader_id: 0x809(6), subscriber_id: 0x809(4)
[35m[1785141674.628323][m info     | [34mProxyClient.cpp   [m | [37mcreate_topic            [m | [32mtopic created[m          | client_key: 0x00000009, topic_id: 0x80A(2), participant_id: 0x001(1)
[35m[1785141674.628335][m info     | [34mProxyClient.cpp   [m | [37mcreate_subscriber       [m | [32msubscriber created[m     | client_key: 0x00000009, subscriber_id: 0x80A(4), participant_id: 0x001(1)
[35m[1785141674.628610][m info     | [34mProxyClient.cpp   [m | [37mcreate_datareader       [m | [32mdatareader created[m     | client_key: 0x00000009, datareader_id: 0x80A(6), subscriber_id: 0x80A(4)
[35m[1785141674.628711][m info     | [34mProxyClient.cpp   [m | [37mcreate_topic            [m | [32mtopic created[m          | client_key: 0x00000009, topic_id: 0x80B(2), participant_id: 0x001(1)
[35m[1785141674.628727][m info     | [34mProxyClient.cpp   [m | [37mcreate_subscriber       [m | [32msubscriber created[m     | client_key: 0x00000009, subscriber_id: 0x80B(4), participant_id: 0x001(1)
[35m[1785141674.628990][m info     | [34mProxyClient.cpp   [m | [37mcreate_datareader       [m | [32mdatareader created[m     | client_key: 0x00000009, datareader_id: 0x80B(6), subscriber_id: 0x80B(4)
[35m[1785141674.629079][m info     | [34mProxyClient.cpp   [m | [37mcreate_topic            [m | [32mtopic created[m          | client_key: 0x00000009, topic_id: 0x80C(2), participant_id: 0x001(1)
[35m[1785141674.629092][m info     | [34mProxyClient.cpp   [m | [37mcreate_subscriber       [m | [32msubscriber created[m     | client_key: 0x00000009, subscriber_id: 0x80C(4), participant_id: 0x001(1)
[35m[1785141674.629342][m info     | [34mProxyClient.cpp   [m | [37mcreate_datareader       [m | [32mdatareader created[m     | client_key: 0x00000009, datareader_id: 0x80C(6), subscriber_id: 0x80C(4)
[35m[1785141674.629428][m info     | [34mProxyClient.cpp   [m | [37mcreate_topic            [m | [32mtopic created[m          | client_key: 0x00000009, topic_id: 0x80D(2), participant_id: 0x001(1)
[35m[1785141674.629441][m info     | [34mProxyClient.cpp   [m | [37mcreate_subscriber       [m | [32msubscriber created[m     | client_key: 0x00000009, subscriber_id: 0x80D(4), participant_id: 0x001(1)
[35m[1785141674.629686][m info     | [34mProxyClient.cpp   [m | [37mcreate_datareader       [m | [32mdatareader created[m     | client_key: 0x00000009, datareader_id: 0x80D(6), subscriber_id: 0x80D(4)
[35m[1785141674.629762][m info     | [34mProxyClient.cpp   [m | [37mcreate_topic            [m | [32mtopic created[m          | client_key: 0x00000009, topic_id: 0x80E(2), participant_id: 0x001(1)
[35m[1785141674.629779][m info     | [34mProxyClient.cpp   [m | [37mcreate_subscriber       [m | [32msubscriber created[m     | client_key: 0x00000009, subscriber_id: 0x80E(4), participant_id: 0x001(1)
[35m[1785141674.630067][m info     | [34mProxyClient.cpp   [m | [37mcreate_datareader       [m | [32mdatareader created[m     | client_key: 0x00000009, datareader_id: 0x80E(6), subscriber_id: 0x80E(4)
[35m[1785141674.630163][m info     | [34mProxyClient.cpp   [m | [37mcreate_topic            [m | [32mtopic created[m          | client_key: 0x00000009, topic_id: 0x80F(2), participant_id: 0x001(1)
[35m[1785141674.630188][m info     | [34mProxyClient.cpp   [m | [37mcreate_subscriber       [m | [32msubscriber created[m     | client_key: 0x00000009, subscriber_id: 0x80F(4), participant_id: 0x001(1)
[35m[1785141674.630435][m info     | [34mProxyClient.cpp   [m | [37mcreate_datareader       [m | [32mdatareader created[m     | client_key: 0x00000009, datareader_id: 0x80F(6), subscriber_id: 0x80F(4)
[35m[1785141674.630512][m info     | [34mProxyClient.cpp   [m | [37mcreate_topic            [m | [32mtopic created[m          | client_key: 0x00000009, topic_id: 0x810(2), participant_id: 0x001(1)
[35m[1785141674.630530][m info     | [34mProxyClient.cpp   [m | [37mcreate_subscriber       [m | [32msubscriber created[m     | client_key: 0x00000009, subscriber_id: 0x810(4), participant_id: 0x001(1)
[35m[1785141674.630765][m info     | [34mProxyClient.cpp   [m | [37mcreate_datareader       [m | [32mdatareader created[m     | client_key: 0x00000009, datareader_id: 0x810(6), subscriber_id: 0x810(4)
[35m[1785141674.630847][m info     | [34mProxyClient.cpp   [m | [37mcreate_topic            [m | [32mtopic created[m          | client_key: 0x00000009, topic_id: 0x811(2), participant_id: 0x001(1)
[35m[1785141674.630863][m info     | [34mProxyClient.cpp   [m | [37mcreate_subscriber       [m | [32msubscriber created[m     | client_key: 0x00000009, subscriber_id: 0x811(4), participant_id: 0x001(1)
[35m[1785141674.631126][m info     | [34mProxyClient.cpp   [m | [37mcreate_datareader       [m | [32mdatareader created[m     | client_key: 0x00000009, datareader_id: 0x811(6), subscriber_id: 0x811(4)
[35m[1785141674.631258][m info     | [34mProxyClient.cpp   [m | [37mcreate_topic            [m | [32mtopic created[m          | client_key: 0x00000009, topic_id: 0x812(2), participant_id: 0x001(1)
[35m[1785141674.631287][m info     | [34mProxyClient.cpp   [m | [37mcreate_subscriber       [m | [32msubscriber created[m     | client_key: 0x00000009, subscriber_id: 0x812(4), participant_id: 0x001(1)
[35m[1785141674.631588][m info     | [34mProxyClient.cpp   [m | [37mcreate_datareader       [m | [32mdatareader created[m     | client_key: 0x00000009, datareader_id: 0x812(6), subscriber_id: 0x812(4)
[35m[1785141674.631691][m info     | [34mProxyClient.cpp   [m | [37mcreate_topic            [m | [32mtopic created[m          | client_key: 0x00000009, topic_id: 0x813(2), participant_id: 0x001(1)
[35m[1785141674.631710][m info     | [34mProxyClient.cpp   [m | [37mcreate_subscriber       [m | [32msubscriber created[m     | client_key: 0x00000009, subscriber_id: 0x813(4), participant_id: 0x001(1)
[35m[1785141674.631962][m info     | [34mProxyClient.cpp   [m | [37mcreate_datareader       [m | [32mdatareader created[m     | client_key: 0x00000009, datareader_id: 0x813(6), subscriber_id: 0x813(4)
[35m[1785141674.632035][m info     | [34mProxyClient.cpp   [m | [37mcreate_topic            [m | [32mtopic created[m          | client_key: 0x00000009, topic_id: 0x814(2), participant_id: 0x001(1)
[35m[1785141674.632051][m info     | [34mProxyClient.cpp   [m | [37mcreate_subscriber       [m | [32msubscriber created[m     | client_key: 0x00000009, subscriber_id: 0x814(4), participant_id: 0x001(1)
[35m[1785141674.632328][m info     | [34mProxyClient.cpp   [m | [37mcreate_datareader       [m | [32mdatareader created[m     | client_key: 0x00000009, datareader_id: 0x814(6), subscriber_id: 0x814(4)
[35m[1785141674.632415][m info     | [34mProxyClient.cpp   [m | [37mcreate_topic            [m | [32mtopic created[m          | client_key: 0x00000009, topic_id: 0x815(2), participant_id: 0x001(1)
[35m[1785141674.632427][m info     | [34mProxyClient.cpp   [m | [37mcreate_subscriber       [m | [32msubscriber created[m     | client_key: 0x00000009, subscriber_id: 0x815(4), participant_id: 0x001(1)
[35m[1785141674.632685][m info     | [34mProxyClient.cpp   [m | [37mcreate_datareader       [m | [32mdatareader created[m     | client_key: 0x00000009, datareader_id: 0x815(6), subscriber_id: 0x815(4)
[35m[1785141674.632766][m info     | [34mProxyClient.cpp   [m | [37mcreate_topic            [m | [32mtopic created[m          | client_key: 0x00000009, topic_id: 0x816(2), participant_id: 0x001(1)
[35m[1785141674.632777][m info     | [34mProxyClient.cpp   [m | [37mcreate_subscriber       [m | [32msubscriber created[m     | client_key: 0x00000009, subscriber_id: 0x816(4), participant_id: 0x001(1)
[35m[1785141674.633033][m info     | [34mProxyClient.cpp   [m | [37mcreate_datareader       [m | [32mdatareader created[m     | client_key: 0x00000009, datareader_id: 0x816(6), subscriber_id: 0x816(4)
[35m[1785141674.633105][m info     | [34mProxyClient.cpp   [m | [37mcreate_topic            [m | [32mtopic created[m          | client_key: 0x00000009, topic_id: 0x817(2), participant_id: 0x001(1)
[35m[1785141674.633116][m info     | [34mProxyClient.cpp   [m | [37mcreate_subscriber       [m | [32msubscriber created[m     | client_key: 0x00000009, subscriber_id: 0x817(4), participant_id: 0x001(1)
[35m[1785141674.633370][m info     | [34mProxyClient.cpp   [m | [37mcreate_datareader       [m | [32mdatareader created[m     | client_key: 0x00000009, datareader_id: 0x817(6), subscriber_id: 0x817(4)
[35m[1785141674.633447][m info     | [34mProxyClient.cpp   [m | [37mcreate_topic            [m | [32mtopic created[m          | client_key: 0x00000009, topic_id: 0x818(2), participant_id: 0x001(1)
[35m[1785141674.633460][m info     | [34mProxyClient.cpp   [m | [37mcreate_subscriber       [m | [32msubscriber created[m     | client_key: 0x00000009, subscriber_id: 0x818(4), participant_id: 0x001(1)
[35m[1785141674.633693][m info     | [34mProxyClient.cpp   [m | [37mcreate_datareader       [m | [32mdatareader created[m     | client_key: 0x00000009, datareader_id: 0x818(6), subscriber_id: 0x818(4)
[35m[1785141674.633772][m info     | [34mProxyClient.cpp   [m | [37mcreate_topic            [m | [32mtopic created[m          | client_key: 0x00000009, topic_id: 0x819(2), participant_id: 0x001(1)
[35m[1785141674.633783][m info     | [34mProxyClient.cpp   [m | [37mcreate_subscriber       [m | [32msubscriber created[m     | client_key: 0x00000009, subscriber_id: 0x819(4), participant_id: 0x001(1)
[35m[1785141674.634042][m info     | [34mProxyClient.cpp   [m | [37mcreate_datareader       [m | [32mdatareader created[m     | client_key: 0x00000009, datareader_id: 0x819(6), subscriber_id: 0x819(4)
[35m[1785141674.634120][m info     | [34mProxyClient.cpp   [m | [37mcreate_topic            [m | [32mtopic created[m          | client_key: 0x00000009, topic_id: 0x81A(2), participant_id: 0x001(1)
[35m[1785141674.634131][m info     | [34mProxyClient.cpp   [m | [37mcreate_subscriber       [m | [32msubscriber created[m     | client_key: 0x00000009, subscriber_id: 0x81A(4), participant_id: 0x001(1)
[35m[1785141674.634366][m info     | [34mProxyClient.cpp   [m | [37mcreate_datareader       [m | [32mdatareader created[m     | client_key: 0x00000009, datareader_id: 0x81A(6), subscriber_id: 0x81A(4)
[35m[1785141674.634440][m info     | [34mProxyClient.cpp   [m | [37mcreate_topic            [m | [32mtopic created[m          | client_key: 0x00000009, topic_id: 0x81B(2), participant_id: 0x001(1)
[35m[1785141674.634457][m info     | [34mProxyClient.cpp   [m | [37mcreate_subscriber       [m | [32msubscriber created[m     | client_key: 0x00000009, subscriber_id: 0x81B(4), participant_id: 0x001(1)
[35m[1785141674.634685][m info     | [34mProxyClient.cpp   [m | [37mcreate_datareader       [m | [32mdatareader created[m     | client_key: 0x00000009, datareader_id: 0x81B(6), subscriber_id: 0x81B(4)
[35m[1785141674.634756][m info     | [34mProxyClient.cpp   [m | [37mcreate_topic            [m | [32mtopic created[m          | client_key: 0x00000009, topic_id: 0x81C(2), participant_id: 0x001(1)
[35m[1785141674.634771][m info     | [34mProxyClient.cpp   [m | [37mcreate_subscriber       [m | [32msubscriber created[m     | client_key: 0x00000009, subscriber_id: 0x81C(4), participant_id: 0x001(1)
[35m[1785141674.634998][m info     | [34mProxyClient.cpp   [m | [37mcreate_datareader       [m | [32mdatareader created[m     | client_key: 0x00000009, datareader_id: 0x81C(6), subscriber_id: 0x81C(4)
[35m[1785141674.635687][m info     | [34mProxyClient.cpp   [m | [37mcreate_replier          [m | [32mreplier created[m        | client_key: 0x00000009, requester_id: 0x800(7), participant_id: 0x001(1)
[35m[1785141677.175615][m info     | [34mProxyClient.cpp   [m | [37mcreate_topic            [m | [32mtopic created[m          | client_key: 0x00000002, topic_id: 0x013(2), participant_id: 0x001(1)
[35m[1785141677.175685][m info     | [34mProxyClient.cpp   [m | [37mcreate_publisher        [m | [32mpublisher created[m      | client_key: 0x00000002, publisher_id: 0x013(3), participant_id: 0x001(1)
[35m[1785141677.176258][m info     | [34mProxyClient.cpp   [m | [37mcreate_datawriter       [m | [32mdatawriter created[m     | client_key: 0x00000002, datawriter_id: 0x013(5), publisher_id: 0x013(3)
[35m[1785141677.176353][m info     | [34mProxyClient.cpp   [m | [37mcreate_topic            [m | [32mtopic created[m          | client_key: 0x00000002, topic_id: 0x057(2), participant_id: 0x001(1)
[35m[1785141677.176364][m info     | [34mProxyClient.cpp   [m | [37mcreate_publisher        [m | [32mpublisher created[m      | client_key: 0x00000002, publisher_id: 0x057(3), participant_id: 0x001(1)
[35m[1785141677.176632][m info     | [34mProxyClient.cpp   [m | [37mcreate_datawriter       [m | [32mdatawriter created[m     | client_key: 0x00000002, datawriter_id: 0x057(5), publisher_id: 0x057(3)
[35m[1785141677.176683][m info     | [34mProxyClient.cpp   [m | [37mcreate_topic            [m | [32mtopic created[m          | client_key: 0x00000002, topic_id: 0x05D(2), participant_id: 0x001(1)
[35m[1785141677.176692][m info     | [34mProxyClient.cpp   [m | [37mcreate_publisher        [m | [32mpublisher created[m      | client_key: 0x00000002, publisher_id: 0x05D(3), participant_id: 0x001(1)
[35m[1785141677.176964][m info     | [34mProxyClient.cpp   [m | [37mcreate_datawriter       [m | [32mdatawriter created[m     | client_key: 0x00000002, datawriter_id: 0x05D(5), publisher_id: 0x05D(3)
[35m[1785141677.177013][m info     | [34mProxyClient.cpp   [m | [37mcreate_topic            [m | [32mtopic created[m          | client_key: 0x00000002, topic_id: 0x08D(2), participant_id: 0x001(1)
[35m[1785141677.177022][m info     | [34mProxyClient.cpp   [m | [37mcreate_publisher        [m | [32mpublisher created[m      | client_key: 0x00000002, publisher_id: 0x08D(3), participant_id: 0x001(1)
[35m[1785141677.177284][m info     | [34mProxyClient.cpp   [m | [37mcreate_datawriter       [m | [32mdatawriter created[m     | client_key: 0x00000002, datawriter_id: 0x08D(5), publisher_id: 0x08D(3)
[35m[1785141677.177338][m info     | [34mProxyClient.cpp   [m | [37mcreate_topic            [m | [32mtopic created[m          | client_key: 0x00000002, topic_id: 0x0B4(2), participant_id: 0x001(1)
[35m[1785141677.177347][m info     | [34mProxyClient.cpp   [m | [37mcreate_publisher        [m | [32mpublisher created[m      | client_key: 0x00000002, publisher_id: 0x0B4(3), participant_id: 0x001(1)
[35m[1785141677.177597][m info     | [34mProxyClient.cpp   [m | [37mcreate_datawriter       [m | [32mdatawriter created[m     | client_key: 0x00000002, datawriter_id: 0x0B4(5), publisher_id: 0x0B4(3)
[35m[1785141677.177643][m info     | [34mProxyClient.cpp   [m | [37mcreate_topic            [m | [32mtopic created[m          | client_key: 0x00000002, topic_id: 0x0CB(2), participant_id: 0x001(1)
[35m[1785141677.177652][m info     | [34mProxyClient.cpp   [m | [37mcreate_publisher        [m | [32mpublisher created[m      | client_key: 0x00000002, publisher_id: 0x0CB(3), participant_id: 0x001(1)
[35m[1785141677.177951][m info     | [34mProxyClient.cpp   [m | [37mcreate_datawriter       [m | [32mdatawriter created[m     | client_key: 0x00000002, datawriter_id: 0x0CB(5), publisher_id: 0x0CB(3)
[35m[1785141677.178001][m info     | [34mProxyClient.cpp   [m | [37mcreate_topic            [m | [32mtopic created[m          | client_key: 0x00000002, topic_id: 0x0E2(2), participant_id: 0x001(1)
[35m[1785141677.178015][m info     | [34mProxyClient.cpp   [m | [37mcreate_publisher        [m | [32mpublisher created[m      | client_key: 0x00000002, publisher_id: 0x0E2(3), participant_id: 0x001(1)
[35m[1785141677.178282][m info     | [34mProxyClient.cpp   [m | [37mcreate_datawriter       [m | [32mdatawriter created[m     | client_key: 0x00000002, datawriter_id: 0x0E2(5), publisher_id: 0x0E2(3)
[35m[1785141677.178336][m info     | [34mProxyClient.cpp   [m | [37mcreate_topic            [m | [32mtopic created[m          | client_key: 0x00000002, topic_id: 0x0F2(2), participant_id: 0x001(1)
[35m[1785141677.178349][m info     | [34mProxyClient.cpp   [m | [37mcreate_publisher        [m | [32mpublisher created[m      | client_key: 0x00000002, publisher_id: 0x0F2(3), participant_id: 0x001(1)
[35m[1785141677.178612][m info     | [34mProxyClient.cpp   [m | [37mcreate_datawriter       [m | [32mdatawriter created[m     | client_key: 0x00000002, datawriter_id: 0x0F2(5), publisher_id: 0x0F2(3)
[35m[1785141677.178659][m info     | [34mProxyClient.cpp   [m | [37mcreate_topic            [m | [32mtopic created[m          | client_key: 0x00000002, topic_id: 0x0F9(2), participant_id: 0x001(1)
[35m[1785141677.178668][m info     | [34mProxyClient.cpp   [m | [37mcreate_publisher        [m | [32mpublisher created[m      | client_key: 0x00000002, publisher_id: 0x0F9(3), participant_id: 0x001(1)
[35m[1785141677.178936][m info     | [34mProxyClient.cpp   [m | [37mcreate_datawriter       [m | [32mdatawriter created[m     | client_key: 0x00000002, datawriter_id: 0x0F9(5), publisher_id: 0x0F9(3)
[35m[1785141677.178979][m info     | [34mProxyClient.cpp   [m | [37mcreate_topic            [m | [32mtopic created[m          | client_key: 0x00000002, topic_id: 0x0FA(2), participant_id: 0x001(1)
[35m[1785141677.178995][m info     | [34mProxyClient.cpp   [m | [37mcreate_publisher        [m | [32mpublisher created[m      | client_key: 0x00000002, publisher_id: 0x0FA(3), participant_id: 0x001(1)
[35m[1785141677.179272][m info     | [34mProxyClient.cpp   [m | [37mcreate_datawriter       [m | [32mdatawriter created[m     | client_key: 0x00000002, datawriter_id: 0x0FA(5), publisher_id: 0x0FA(3)
[35m[1785141677.179352][m info     | [34mProxyClient.cpp   [m | [37mcreate_topic            [m | [32mtopic created[m          | client_key: 0x00000002, topic_id: 0x0FC(2), participant_id: 0x001(1)
[35m[1785141677.179375][m info     | [34mProxyClient.cpp   [m | [37mcreate_publisher        [m | [32mpublisher created[m      | client_key: 0x00000002, publisher_id: 0x0FC(3), participant_id: 0x001(1)
[35m[1785141677.179642][m info     | [34mProxyClient.cpp   [m | [37mcreate_datawriter       [m | [32mdatawriter created[m     | client_key: 0x00000002, datawriter_id: 0x0FC(5), publisher_id: 0x0FC(3)
[35m[1785141677.179694][m info     | [34mProxyClient.cpp   [m | [37mcreate_topic            [m | [32mtopic created[m          | client_key: 0x00000002, topic_id: 0x100(2), participant_id: 0x001(1)
[35m[1785141677.179712][m info     | [34mProxyClient.cpp   [m | [37mcreate_publisher        [m | [32mpublisher created[m      | client_key: 0x00000002, publisher_id: 0x100(3), participant_id: 0x001(1)
[35m[1785141677.179946][m info     | [34mProxyClient.cpp   [m | [37mcreate_datawriter       [m | [32mdatawriter created[m     | client_key: 0x00000002, datawriter_id: 0x100(5), publisher_id: 0x100(3)
[35m[1785141677.179990][m info     | [34mProxyClient.cpp   [m | [37mcreate_topic            [m | [32mtopic created[m          | client_key: 0x00000002, topic_id: 0x105(2), participant_id: 0x001(1)
[35m[1785141677.180006][m info     | [34mProxyClient.cpp   [m | [37mcreate_publisher        [m | [32mpublisher created[m      | client_key: 0x00000002, publisher_id: 0x105(3), participant_id: 0x001(1)
[35m[1785141677.180285][m info     | [34mProxyClient.cpp   [m | [37mcreate_datawriter       [m | [32mdatawriter created[m     | client_key: 0x00000002, datawriter_id: 0x105(5), publisher_id: 0x105(3)
[35m[1785141677.180342][m info     | [34mProxyClient.cpp   [m | [37mcreate_topic            [m | [32mtopic created[m          | client_key: 0x00000002, topic_id: 0x10A(2), participant_id: 0x001(1)
[35m[1785141677.180354][m info     | [34mProxyClient.cpp   [m | [37mcreate_publisher        [m | [32mpublisher created[m      | client_key: 0x00000002, publisher_id: 0x10A(3), participant_id: 0x001(1)
[35m[1785141677.180604][m info     | [34mProxyClient.cpp   [m | [37mcreate_datawriter       [m | [32mdatawriter created[m     | client_key: 0x00000002, datawriter_id: 0x10A(5), publisher_id: 0x10A(3)
[35m[1785141677.607486][m info     | [34mProxyClient.cpp   [m | [37mcreate_topic            [m | [32mtopic created[m          | client_key: 0x00000003, topic_id: 0x013(2), participant_id: 0x001(1)
[35m[1785141677.607523][m info     | [34mProxyClient.cpp   [m | [37mcreate_publisher        [m | [32mpublisher created[m      | client_key: 0x00000003, publisher_id: 0x013(3), participant_id: 0x001(1)
[35m[1785141677.608106][m info     | [34mProxyClient.cpp   [m | [37mcreate_datawriter       [m | [32mdatawriter created[m     | client_key: 0x00000003, datawriter_id: 0x013(5), publisher_id: 0x013(3)
[35m[1785141677.608176][m info     | [34mProxyClient.cpp   [m | [37mcreate_topic            [m | [32mtopic created[m          | client_key: 0x00000003, topic_id: 0x057(2), participant_id: 0x001(1)
[35m[1785141677.608198][m info     | [34mProxyClient.cpp   [m | [37mcreate_publisher        [m | [32mpublisher created[m      | client_key: 0x00000003, publisher_id: 0x057(3), participant_id: 0x001(1)
[35m[1785141677.608467][m info     | [34mProxyClient.cpp   [m | [37mcreate_datawriter       [m | [32mdatawriter created[m     | client_key: 0x00000003, datawriter_id: 0x057(5), publisher_id: 0x057(3)
[35m[1785141677.608522][m info     | [34mProxyClient.cpp   [m | [37mcreate_topic            [m | [32mtopic created[m          | client_key: 0x00000003, topic_id: 0x05D(2), participant_id: 0x001(1)
[35m[1785141677.608532][m info     | [34mProxyClient.cpp   [m | [37mcreate_publisher        [m | [32mpublisher created[m      | client_key: 0x00000003, publisher_id: 0x05D(3), participant_id: 0x001(1)
[35m[1785141677.608774][m info     | [34mProxyClient.cpp   [m | [37mcreate_datawriter       [m | [32mdatawriter created[m     | client_key: 0x00000003, datawriter_id: 0x05D(5), publisher_id: 0x05D(3)
[35m[1785141677.608822][m info     | [34mProxyClient.cpp   [m | [37mcreate_topic            [m | [32mtopic created[m          | client_key: 0x00000003, topic_id: 0x08D(2), participant_id: 0x001(1)
[35m[1785141677.608831][m info     | [34mProxyClient.cpp   [m | [37mcreate_publisher        [m | [32mpublisher created[m      | client_key: 0x00000003, publisher_id: 0x08D(3), participant_id: 0x001(1)
[35m[1785141677.609061][m info     | [34mProxyClient.cpp   [m | [37mcreate_datawriter       [m | [32mdatawriter created[m     | client_key: 0x00000003, datawriter_id: 0x08D(5), publisher_id: 0x08D(3)
[35m[1785141677.609118][m info     | [34mProxyClient.cpp   [m | [37mcreate_topic            [m | [32mtopic created[m          | client_key: 0x00000003, topic_id: 0x0B4(2), participant_id: 0x001(1)
[35m[1785141677.609127][m info     | [34mProxyClient.cpp   [m | [37mcreate_publisher        [m | [32mpublisher created[m      | client_key: 0x00000003, publisher_id: 0x0B4(3), participant_id: 0x001(1)
[35m[1785141677.609361][m info     | [34mProxyClient.cpp   [m | [37mcreate_datawriter       [m | [32mdatawriter created[m     | client_key: 0x00000003, datawriter_id: 0x0B4(5), publisher_id: 0x0B4(3)
[35m[1785141677.609423][m info     | [34mProxyClient.cpp   [m | [37mcreate_topic            [m | [32mtopic created[m          | client_key: 0x00000003, topic_id: 0x0CB(2), participant_id: 0x001(1)
[35m[1785141677.609432][m info     | [34mProxyClient.cpp   [m | [37mcreate_publisher        [m | [32mpublisher created[m      | client_key: 0x00000003, publisher_id: 0x0CB(3), participant_id: 0x001(1)
[35m[1785141677.609656][m info     | [34mProxyClient.cpp   [m | [37mcreate_datawriter       [m | [32mdatawriter created[m     | client_key: 0x00000003, datawriter_id: 0x0CB(5), publisher_id: 0x0CB(3)
[35m[1785141677.609708][m info     | [34mProxyClient.cpp   [m | [37mcreate_topic            [m | [32mtopic created[m          | client_key: 0x00000003, topic_id: 0x0E2(2), participant_id: 0x001(1)
[35m[1785141677.609718][m info     | [34mProxyClient.cpp   [m | [37mcreate_publisher        [m | [32mpublisher created[m      | client_key: 0x00000003, publisher_id: 0x0E2(3), participant_id: 0x001(1)
[35m[1785141677.609970][m info     | [34mProxyClient.cpp   [m | [37mcreate_datawriter       [m | [32mdatawriter created[m     | client_key: 0x00000003, datawriter_id: 0x0E2(5), publisher_id: 0x0E2(3)
[35m[1785141677.610020][m info     | [34mProxyClient.cpp   [m | [37mcreate_topic            [m | [32mtopic created[m          | client_key: 0x00000003, topic_id: 0x0F2(2), participant_id: 0x001(1)
[35m[1785141677.610033][m info     | [34mProxyClient.cpp   [m | [37mcreate_publisher        [m | [32mpublisher created[m      | client_key: 0x00000003, publisher_id: 0x0F2(3), participant_id: 0x001(1)
[35m[1785141677.610297][m info     | [34mProxyClient.cpp   [m | [37mcreate_datawriter       [m | [32mdatawriter created[m     | client_key: 0x00000003, datawriter_id: 0x0F2(5), publisher_id: 0x0F2(3)
[35m[1785141677.610347][m info     | [34mProxyClient.cpp   [m | [37mcreate_topic            [m | [32mtopic created[m          | client_key: 0x00000003, topic_id: 0x0F9(2), participant_id: 0x001(1)
[35m[1785141677.610363][m info     | [34mProxyClient.cpp   [m | [37mcreate_publisher        [m | [32mpublisher created[m      | client_key: 0x00000003, publisher_id: 0x0F9(3), participant_id: 0x001(1)
[35m[1785141677.610601][m info     | [34mProxyClient.cpp   [m | [37mcreate_datawriter       [m | [32mdatawriter created[m     | client_key: 0x00000003, datawriter_id: 0x0F9(5), publisher_id: 0x0F9(3)
[35m[1785141677.610646][m info     | [34mProxyClient.cpp   [m | [37mcreate_topic            [m | [32mtopic created[m          | client_key: 0x00000003, topic_id: 0x0FA(2), participant_id: 0x001(1)
[35m[1785141677.610663][m info     | [34mProxyClient.cpp   [m | [37mcreate_publisher        [m | [32mpublisher created[m      | client_key: 0x00000003, publisher_id: 0x0FA(3), participant_id: 0x001(1)
[35m[1785141677.610901][m info     | [34mProxyClient.cpp   [m | [37mcreate_datawriter       [m | [32mdatawriter created[m     | client_key: 0x00000003, datawriter_id: 0x0FA(5), publisher_id: 0x0FA(3)
[35m[1785141677.610952][m info     | [34mProxyClient.cpp   [m | [37mcreate_topic            [m | [32mtopic created[m          | client_key: 0x00000003, topic_id: 0x0FC(2), participant_id: 0x001(1)
[35m[1785141677.610961][m info     | [34mProxyClient.cpp   [m | [37mcreate_publisher        [m | [32mpublisher created[m      | client_key: 0x00000003, publisher_id: 0x0FC(3), participant_id: 0x001(1)
[35m[1785141677.611194][m info     | [34mProxyClient.cpp   [m | [37mcreate_datawriter       [m | [32mdatawriter created[m     | client_key: 0x00000003, datawriter_id: 0x0FC(5), publisher_id: 0x0FC(3)
[35m[1785141677.611259][m info     | [34mProxyClient.cpp   [m | [37mcreate_topic            [m | [32mtopic created[m          | client_key: 0x00000003, topic_id: 0x100(2), participant_id: 0x001(1)
[35m[1785141677.611270][m info     | [34mProxyClient.cpp   [m | [37mcreate_publisher        [m | [32mpublisher created[m      | client_key: 0x00000003, publisher_id: 0x100(3), participant_id: 0x001(1)
[35m[1785141677.611530][m info     | [34mProxyClient.cpp   [m | [37mcreate_datawriter       [m | [32mdatawriter created[m     | client_key: 0x00000003, datawriter_id: 0x100(5), publisher_id: 0x100(3)
[35m[1785141677.611590][m info     | [34mProxyClient.cpp   [m | [37mcreate_topic            [m | [32mtopic created[m          | client_key: 0x00000003, topic_id: 0x105(2), participant_id: 0x001(1)
[35m[1785141677.611600][m info     | [34mProxyClient.cpp   [m | [37mcreate_publisher        [m | [32mpublisher created[m      | client_key: 0x00000003, publisher_id: 0x105(3), participant_id: 0x001(1)
[35m[1785141677.611854][m info     | [34mProxyClient.cpp   [m | [37mcreate_datawriter       [m | [32mdatawriter created[m     | client_key: 0x00000003, datawriter_id: 0x105(5), publisher_id: 0x105(3)
[35m[1785141677.611909][m info     | [34mProxyClient.cpp   [m | [37mcreate_topic            [m | [32mtopic created[m          | client_key: 0x00000003, topic_id: 0x10A(2), participant_id: 0x001(1)
[35m[1785141677.611928][m info     | [34mProxyClient.cpp   [m | [37mcreate_publisher        [m | [32mpublisher created[m      | client_key: 0x00000003, publisher_id: 0x10A(3), participant_id: 0x001(1)
[35m[1785141677.612179][m info     | [34mProxyClient.cpp   [m | [37mcreate_datawriter       [m | [32mdatawriter created[m     | client_key: 0x00000003, datawriter_id: 0x10A(5), publisher_id: 0x10A(3)
[35m[1785141678.171629][m info     | [34mProxyClient.cpp   [m | [37mcreate_topic            [m | [32mtopic created[m          | client_key: 0x00000004, topic_id: 0x013(2), participant_id: 0x001(1)
[35m[1785141678.171677][m info     | [34mProxyClient.cpp   [m | [37mcreate_publisher        [m | [32mpublisher created[m      | client_key: 0x00000004, publisher_id: 0x013(3), participant_id: 0x001(1)
[35m[1785141678.172264][m info     | [34mProxyClient.cpp   [m | [37mcreate_datawriter       [m | [32mdatawriter created[m     | client_key: 0x00000004, datawriter_id: 0x013(5), publisher_id: 0x013(3)
[35m[1785141678.172340][m info     | [34mProxyClient.cpp   [m | [37mcreate_topic            [m | [32mtopic created[m          | client_key: 0x00000004, topic_id: 0x057(2), participant_id: 0x001(1)
[35m[1785141678.172351][m info     | [34mProxyClient.cpp   [m | [37mcreate_publisher        [m | [32mpublisher created[m      | client_key: 0x00000004, publisher_id: 0x057(3), participant_id: 0x001(1)
[35m[1785141678.172612][m info     | [34mProxyClient.cpp   [m | [37mcreate_datawriter       [m | [32mdatawriter created[m     | client_key: 0x00000004, datawriter_id: 0x057(5), publisher_id: 0x057(3)
[35m[1785141678.172671][m info     | [34mProxyClient.cpp   [m | [37mcreate_topic            [m | [32mtopic created[m          | client_key: 0x00000004, topic_id: 0x05D(2), participant_id: 0x001(1)
[35m[1785141678.172681][m info     | [34mProxyClient.cpp   [m | [37mcreate_publisher        [m | [32mpublisher created[m      | client_key: 0x00000004, publisher_id: 0x05D(3), participant_id: 0x001(1)
[35m[1785141678.172926][m info     | [34mProxyClient.cpp   [m | [37mcreate_datawriter       [m | [32mdatawriter created[m     | client_key: 0x00000004, datawriter_id: 0x05D(5), publisher_id: 0x05D(3)
[35m[1785141678.172979][m info     | [34mProxyClient.cpp   [m | [37mcreate_topic            [m | [32mtopic created[m          | client_key: 0x00000004, topic_id: 0x08D(2), participant_id: 0x001(1)
[35m[1785141678.172989][m info     | [34mProxyClient.cpp   [m | [37mcreate_publisher        [m | [32mpublisher created[m      | client_key: 0x00000004, publisher_id: 0x08D(3), participant_id: 0x001(1)
[35m[1785141678.173227][m info     | [34mProxyClient.cpp   [m | [37mcreate_datawriter       [m | [32mdatawriter created[m     | client_key: 0x00000004, datawriter_id: 0x08D(5), publisher_id: 0x08D(3)
[35m[1785141678.173291][m info     | [34mProxyClient.cpp   [m | [37mcreate_topic            [m | [32mtopic created[m          | client_key: 0x00000004, topic_id: 0x0B4(2), participant_id: 0x001(1)
[35m[1785141678.173301][m info     | [34mProxyClient.cpp   [m | [37mcreate_publisher        [m | [32mpublisher created[m      | client_key: 0x00000004, publisher_id: 0x0B4(3), participant_id: 0x001(1)
[35m[1785141678.173597][m info     | [34mProxyClient.cpp   [m | [37mcreate_datawriter       [m | [32mdatawriter created[m     | client_key: 0x00000004, datawriter_id: 0x0B4(5), publisher_id: 0x0B4(3)
[35m[1785141678.173684][m info     | [34mProxyClient.cpp   [m | [37mcreate_topic            [m | [32mtopic created[m          | client_key: 0x00000004, topic_id: 0x0CB(2), participant_id: 0x001(1)
[35m[1785141678.173704][m info     | [34mProxyClient.cpp   [m | [37mcreate_publisher        [m | [32mpublisher created[m      | client_key: 0x00000004, publisher_id: 0x0CB(3), participant_id: 0x001(1)
[35m[1785141678.174238][m info     | [34mProxyClient.cpp   [m | [37mcreate_datawriter       [m | [32mdatawriter created[m     | client_key: 0x00000004, datawriter_id: 0x0CB(5), publisher_id: 0x0CB(3)
[35m[1785141678.174317][m info     | [34mProxyClient.cpp   [m | [37mcreate_topic            [m | [32mtopic created[m          | client_key: 0x00000004, topic_id: 0x0E2(2), participant_id: 0x001(1)
[35m[1785141678.174330][m info     | [34mProxyClient.cpp   [m | [37mcreate_publisher        [m | [32mpublisher created[m      | client_key: 0x00000004, publisher_id: 0x0E2(3), participant_id: 0x001(1)
[35m[1785141678.174616][m info     | [34mProxyClient.cpp   [m | [37mcreate_datawriter       [m | [32mdatawriter created[m     | client_key: 0x00000004, datawriter_id: 0x0E2(5), publisher_id: 0x0E2(3)
[35m[1785141678.174684][m info     | [34mProxyClient.cpp   [m | [37mcreate_topic            [m | [32mtopic created[m          | client_key: 0x00000004, topic_id: 0x0F2(2), participant_id: 0x001(1)
[35m[1785141678.174696][m info     | [34mProxyClient.cpp   [m | [37mcreate_publisher        [m | [32mpublisher created[m      | client_key: 0x00000004, publisher_id: 0x0F2(3), participant_id: 0x001(1)
[35m[1785141678.174941][m info     | [34mProxyClient.cpp   [m | [37mcreate_datawriter       [m | [32mdatawriter created[m     | client_key: 0x00000004, datawriter_id: 0x0F2(5), publisher_id: 0x0F2(3)
[35m[1785141678.175002][m info     | [34mProxyClient.cpp   [m | [37mcreate_topic            [m | [32mtopic created[m          | client_key: 0x00000004, topic_id: 0x0F9(2), participant_id: 0x001(1)
[35m[1785141678.175024][m info     | [34mProxyClient.cpp   [m | [37mcreate_publisher        [m | [32mpublisher created[m      | client_key: 0x00000004, publisher_id: 0x0F9(3), participant_id: 0x001(1)
[35m[1785141678.175313][m info     | [34mProxyClient.cpp   [m | [37mcreate_datawriter       [m | [32mdatawriter created[m     | client_key: 0x00000004, datawriter_id: 0x0F9(5), publisher_id: 0x0F9(3)
[35m[1785141678.175410][m info     | [34mProxyClient.cpp   [m | [37mcreate_topic            [m | [32mtopic created[m          | client_key: 0x00000004, topic_id: 0x0FA(2), participant_id: 0x001(1)
[35m[1785141678.175433][m info     | [34mProxyClient.cpp   [m | [37mcreate_publisher        [m | [32mpublisher created[m      | client_key: 0x00000004, publisher_id: 0x0FA(3), participant_id: 0x001(1)
[35m[1785141678.175692][m info     | [34mProxyClient.cpp   [m | [37mcreate_datawriter       [m | [32mdatawriter created[m     | client_key: 0x00000004, datawriter_id: 0x0FA(5), publisher_id: 0x0FA(3)
[35m[1785141678.175753][m info     | [34mProxyClient.cpp   [m | [37mcreate_topic            [m | [32mtopic created[m          | client_key: 0x00000004, topic_id: 0x0FC(2), participant_id: 0x001(1)
[35m[1785141678.175764][m info     | [34mProxyClient.cpp   [m | [37mcreate_publisher        [m | [32mpublisher created[m      | client_key: 0x00000004, publisher_id: 0x0FC(3), participant_id: 0x001(1)
[35m[1785141678.176007][m info     | [34mProxyClient.cpp   [m | [37mcreate_datawriter       [m | [32mdatawriter created[m     | client_key: 0x00000004, datawriter_id: 0x0FC(5), publisher_id: 0x0FC(3)
[35m[1785141678.176063][m info     | [34mProxyClient.cpp   [m | [37mcreate_topic            [m | [32mtopic created[m          | client_key: 0x00000004, topic_id: 0x100(2), participant_id: 0x001(1)
[35m[1785141678.176072][m info     | [34mProxyClient.cpp   [m | [37mcreate_publisher        [m | [32mpublisher created[m      | client_key: 0x00000004, publisher_id: 0x100(3), participant_id: 0x001(1)
[35m[1785141678.176454][m info     | [34mProxyClient.cpp   [m | [37mcreate_datawriter       [m | [32mdatawriter created[m     | client_key: 0x00000004, datawriter_id: 0x100(5), publisher_id: 0x100(3)
[35m[1785141678.176523][m info     | [34mProxyClient.cpp   [m | [37mcreate_topic            [m | [32mtopic created[m          | client_key: 0x00000004, topic_id: 0x105(2), participant_id: 0x001(1)
[35m[1785141678.176539][m info     | [34mProxyClient.cpp   [m | [37mcreate_publisher        [m | [32mpublisher created[m      | client_key: 0x00000004, publisher_id: 0x105(3), participant_id: 0x001(1)
[35m[1785141678.176804][m info     | [34mProxyClient.cpp   [m | [37mcreate_datawriter       [m | [32mdatawriter created[m     | client_key: 0x00000004, datawriter_id: 0x105(5), publisher_id: 0x105(3)
[35m[1785141678.176859][m info     | [34mProxyClient.cpp   [m | [37mcreate_topic            [m | [32mtopic created[m          | client_key: 0x00000004, topic_id: 0x10A(2), participant_id: 0x001(1)
[35m[1785141678.176874][m info     | [34mProxyClient.cpp   [m | [37mcreate_publisher        [m | [32mpublisher created[m      | client_key: 0x00000004, publisher_id: 0x10A(3), participant_id: 0x001(1)
[35m[1785141678.177097][m info     | [34mProxyClient.cpp   [m | [37mcreate_datawriter       [m | [32mdatawriter created[m     | client_key: 0x00000004, datawriter_id: 0x10A(5), publisher_id: 0x10A(3)
[35m[1785141678.615660][m info     | [34mProxyClient.cpp   [m | [37mcreate_topic            [m | [32mtopic created[m          | client_key: 0x00000005, topic_id: 0x013(2), participant_id: 0x001(1)
[35m[1785141678.615702][m info     | [34mProxyClient.cpp   [m | [37mcreate_publisher        [m | [32mpublisher created[m      | client_key: 0x00000005, publisher_id: 0x013(3), participant_id: 0x001(1)
[35m[1785141678.616298][m info     | [34mProxyClient.cpp   [m | [37mcreate_datawriter       [m | [32mdatawriter created[m     | client_key: 0x00000005, datawriter_id: 0x013(5), publisher_id: 0x013(3)
[35m[1785141678.616362][m info     | [34mProxyClient.cpp   [m | [37mcreate_topic            [m | [32mtopic created[m          | client_key: 0x00000005, topic_id: 0x057(2), participant_id: 0x001(1)
[35m[1785141678.616374][m info     | [34mProxyClient.cpp   [m | [37mcreate_publisher        [m | [32mpublisher created[m      | client_key: 0x00000005, publisher_id: 0x057(3), participant_id: 0x001(1)
[35m[1785141678.616721][m info     | [34mProxyClient.cpp   [m | [37mcreate_datawriter       [m | [32mdatawriter created[m     | client_key: 0x00000005, datawriter_id: 0x057(5), publisher_id: 0x057(3)
[35m[1785141678.616786][m info     | [34mProxyClient.cpp   [m | [37mcreate_topic            [m | [32mtopic created[m          | client_key: 0x00000005, topic_id: 0x05D(2), participant_id: 0x001(1)
[35m[1785141678.616797][m info     | [34mProxyClient.cpp   [m | [37mcreate_publisher        [m | [32mpublisher created[m      | client_key: 0x00000005, publisher_id: 0x05D(3), participant_id: 0x001(1)
[35m[1785141678.617041][m info     | [34mProxyClient.cpp   [m | [37mcreate_datawriter       [m | [32mdatawriter created[m     | client_key: 0x00000005, datawriter_id: 0x05D(5), publisher_id: 0x05D(3)
[35m[1785141678.617096][m info     | [34mProxyClient.cpp   [m | [37mcreate_topic            [m | [32mtopic created[m          | client_key: 0x00000005, topic_id: 0x08D(2), participant_id: 0x001(1)
[35m[1785141678.617106][m info     | [34mProxyClient.cpp   [m | [37mcreate_publisher        [m | [32mpublisher created[m      | client_key: 0x00000005, publisher_id: 0x08D(3), participant_id: 0x001(1)
[35m[1785141678.617345][m info     | [34mProxyClient.cpp   [m | [37mcreate_datawriter       [m | [32mdatawriter created[m     | client_key: 0x00000005, datawriter_id: 0x08D(5), publisher_id: 0x08D(3)
[35m[1785141678.617405][m info     | [34mProxyClient.cpp   [m | [37mcreate_topic            [m | [32mtopic created[m          | client_key: 0x00000005, topic_id: 0x0B4(2), participant_id: 0x001(1)
[35m[1785141678.617415][m info     | [34mProxyClient.cpp   [m | [37mcreate_publisher        [m | [32mpublisher created[m      | client_key: 0x00000005, publisher_id: 0x0B4(3), participant_id: 0x001(1)
[35m[1785141678.617649][m info     | [34mProxyClient.cpp   [m | [37mcreate_datawriter       [m | [32mdatawriter created[m     | client_key: 0x00000005, datawriter_id: 0x0B4(5), publisher_id: 0x0B4(3)
[35m[1785141678.617717][m info     | [34mProxyClient.cpp   [m | [37mcreate_topic            [m | [32mtopic created[m          | client_key: 0x00000005, topic_id: 0x0CB(2), participant_id: 0x001(1)
[35m[1785141678.617726][m info     | [34mProxyClient.cpp   [m | [37mcreate_publisher        [m | [32mpublisher created[m      | client_key: 0x00000005, publisher_id: 0x0CB(3), participant_id: 0x001(1)
[35m[1785141678.617951][m info     | [34mProxyClient.cpp   [m | [37mcreate_datawriter       [m | [32mdatawriter created[m     | client_key: 0x00000005, datawriter_id: 0x0CB(5), publisher_id: 0x0CB(3)
[35m[1785141678.618003][m info     | [34mProxyClient.cpp   [m | [37mcreate_topic            [m | [32mtopic created[m          | client_key: 0x00000005, topic_id: 0x0E2(2), participant_id: 0x001(1)
[35m[1785141678.618012][m info     | [34mProxyClient.cpp   [m | [37mcreate_publisher        [m | [32mpublisher created[m      | client_key: 0x00000005, publisher_id: 0x0E2(3), participant_id: 0x001(1)
[35m[1785141678.618254][m info     | [34mProxyClient.cpp   [m | [37mcreate_datawriter       [m | [32mdatawriter created[m     | client_key: 0x00000005, datawriter_id: 0x0E2(5), publisher_id: 0x0E2(3)
[35m[1785141678.618308][m info     | [34mProxyClient.cpp   [m | [37mcreate_topic            [m | [32mtopic created[m          | client_key: 0x00000005, topic_id: 0x0F2(2), participant_id: 0x001(1)
[35m[1785141678.618317][m info     | [34mProxyClient.cpp   [m | [37mcreate_publisher        [m | [32mpublisher created[m      | client_key: 0x00000005, publisher_id: 0x0F2(3), participant_id: 0x001(1)
[35m[1785141678.618548][m info     | [34mProxyClient.cpp   [m | [37mcreate_datawriter       [m | [32mdatawriter created[m     | client_key: 0x00000005, datawriter_id: 0x0F2(5), publisher_id: 0x0F2(3)
[35m[1785141678.618593][m info     | [34mProxyClient.cpp   [m | [37mcreate_topic            [m | [32mtopic created[m          | client_key: 0x00000005, topic_id: 0x0F9(2), participant_id: 0x001(1)
[35m[1785141678.618608][m info     | [34mProxyClient.cpp   [m | [37mcreate_publisher        [m | [32mpublisher created[m      | client_key: 0x00000005, publisher_id: 0x0F9(3), participant_id: 0x001(1)
[35m[1785141678.618831][m info     | [34mProxyClient.cpp   [m | [37mcreate_datawriter       [m | [32mdatawriter created[m     | client_key: 0x00000005, datawriter_id: 0x0F9(5), publisher_id: 0x0F9(3)
[35m[1785141678.618883][m info     | [34mProxyClient.cpp   [m | [37mcreate_topic            [m | [32mtopic created[m          | client_key: 0x00000005, topic_id: 0x0FA(2), participant_id: 0x001(1)
[35m[1785141678.618892][m info     | [34mProxyClient.cpp   [m | [37mcreate_publisher        [m | [32mpublisher created[m      | client_key: 0x00000005, publisher_id: 0x0FA(3), participant_id: 0x001(1)
[35m[1785141678.619117][m info     | [34mProxyClient.cpp   [m | [37mcreate_datawriter       [m | [32mdatawriter created[m     | client_key: 0x00000005, datawriter_id: 0x0FA(5), publisher_id: 0x0FA(3)
[35m[1785141678.619178][m info     | [34mProxyClient.cpp   [m | [37mcreate_topic            [m | [32mtopic created[m          | client_key: 0x00000005, topic_id: 0x0FC(2), participant_id: 0x001(1)
[35m[1785141678.619193][m info     | [34mProxyClient.cpp   [m | [37mcreate_publisher        [m | [32mpublisher created[m      | client_key: 0x00000005, publisher_id: 0x0FC(3), participant_id: 0x001(1)
[35m[1785141678.619472][m info     | [34mProxyClient.cpp   [m | [37mcreate_datawriter       [m | [32mdatawriter created[m     | client_key: 0x00000005, datawriter_id: 0x0FC(5), publisher_id: 0x0FC(3)
[35m[1785141678.619534][m info     | [34mProxyClient.cpp   [m | [37mcreate_topic            [m | [32mtopic created[m          | client_key: 0x00000005, topic_id: 0x100(2), participant_id: 0x001(1)
[35m[1785141678.619544][m info     | [34mProxyClient.cpp   [m | [37mcreate_publisher        [m | [32mpublisher created[m      | client_key: 0x00000005, publisher_id: 0x100(3), participant_id: 0x001(1)
[35m[1785141678.619798][m info     | [34mProxyClient.cpp   [m | [37mcreate_datawriter       [m | [32mdatawriter created[m     | client_key: 0x00000005, datawriter_id: 0x100(5), publisher_id: 0x100(3)
[35m[1785141678.619848][m info     | [34mProxyClient.cpp   [m | [37mcreate_topic            [m | [32mtopic created[m          | client_key: 0x00000005, topic_id: 0x105(2), participant_id: 0x001(1)
[35m[1785141678.619864][m info     | [34mProxyClient.cpp   [m | [37mcreate_publisher        [m | [32mpublisher created[m      | client_key: 0x00000005, publisher_id: 0x105(3), participant_id: 0x001(1)
[35m[1785141678.620115][m info     | [34mProxyClient.cpp   [m | [37mcreate_datawriter       [m | [32mdatawriter created[m     | client_key: 0x00000005, datawriter_id: 0x105(5), publisher_id: 0x105(3)
[35m[1785141678.620173][m info     | [34mProxyClient.cpp   [m | [37mcreate_topic            [m | [32mtopic created[m          | client_key: 0x00000005, topic_id: 0x10A(2), participant_id: 0x001(1)
[35m[1785141678.620187][m info     | [34mProxyClient.cpp   [m | [37mcreate_publisher        [m | [32mpublisher created[m      | client_key: 0x00000005, publisher_id: 0x10A(3), participant_id: 0x001(1)
[35m[1785141678.620434][m info     | [34mProxyClient.cpp   [m | [37mcreate_datawriter       [m | [32mdatawriter created[m     | client_key: 0x00000005, datawriter_id: 0x10A(5), publisher_id: 0x10A(3)
[35m[1785141679.023639][m info     | [34mProxyClient.cpp   [m | [37mcreate_topic            [m | [32mtopic created[m          | client_key: 0x00000006, topic_id: 0x013(2), participant_id: 0x001(1)
[35m[1785141679.023684][m info     | [34mProxyClient.cpp   [m | [37mcreate_publisher        [m | [32mpublisher created[m      | client_key: 0x00000006, publisher_id: 0x013(3), participant_id: 0x001(1)
[35m[1785141679.024311][m info     | [34mProxyClient.cpp   [m | [37mcreate_datawriter       [m | [32mdatawriter created[m     | client_key: 0x00000006, datawriter_id: 0x013(5), publisher_id: 0x013(3)
[35m[1785141679.024401][m info     | [34mProxyClient.cpp   [m | [37mcreate_topic            [m | [32mtopic created[m          | client_key: 0x00000006, topic_id: 0x057(2), participant_id: 0x001(1)
[35m[1785141679.024416][m info     | [34mProxyClient.cpp   [m | [37mcreate_publisher        [m | [32mpublisher created[m      | client_key: 0x00000006, publisher_id: 0x057(3), participant_id: 0x001(1)
[35m[1785141679.024701][m info     | [34mProxyClient.cpp   [m | [37mcreate_datawriter       [m | [32mdatawriter created[m     | client_key: 0x00000006, datawriter_id: 0x057(5), publisher_id: 0x057(3)
[35m[1785141679.024756][m info     | [34mProxyClient.cpp   [m | [37mcreate_topic            [m | [32mtopic created[m          | client_key: 0x00000006, topic_id: 0x05D(2), participant_id: 0x001(1)
[35m[1785141679.024765][m info     | [34mProxyClient.cpp   [m | [37mcreate_publisher        [m | [32mpublisher created[m      | client_key: 0x00000006, publisher_id: 0x05D(3), participant_id: 0x001(1)
[35m[1785141679.025014][m info     | [34mProxyClient.cpp   [m | [37mcreate_datawriter       [m | [32mdatawriter created[m     | client_key: 0x00000006, datawriter_id: 0x05D(5), publisher_id: 0x05D(3)
[35m[1785141679.025064][m info     | [34mProxyClient.cpp   [m | [37mcreate_topic            [m | [32mtopic created[m          | client_key: 0x00000006, topic_id: 0x08D(2), participant_id: 0x001(1)
[35m[1785141679.025073][m info     | [34mProxyClient.cpp   [m | [37mcreate_publisher        [m | [32mpublisher created[m      | client_key: 0x00000006, publisher_id: 0x08D(3), participant_id: 0x001(1)
[35m[1785141679.025330][m info     | [34mProxyClient.cpp   [m | [37mcreate_datawriter       [m | [32mdatawriter created[m     | client_key: 0x00000006, datawriter_id: 0x08D(5), publisher_id: 0x08D(3)
[35m[1785141679.025385][m info     | [34mProxyClient.cpp   [m | [37mcreate_topic            [m | [32mtopic created[m          | client_key: 0x00000006, topic_id: 0x0B4(2), participant_id: 0x001(1)
[35m[1785141679.025401][m info     | [34mProxyClient.cpp   [m | [37mcreate_publisher        [m | [32mpublisher created[m      | client_key: 0x00000006, publisher_id: 0x0B4(3), participant_id: 0x001(1)
[35m[1785141679.025656][m info     | [34mProxyClient.cpp   [m | [37mcreate_datawriter       [m | [32mdatawriter created[m     | client_key: 0x00000006, datawriter_id: 0x0B4(5), publisher_id: 0x0B4(3)
[35m[1785141679.025708][m info     | [34mProxyClient.cpp   [m | [37mcreate_topic            [m | [32mtopic created[m          | client_key: 0x00000006, topic_id: 0x0CB(2), participant_id: 0x001(1)
[35m[1785141679.025717][m info     | [34mProxyClient.cpp   [m | [37mcreate_publisher        [m | [32mpublisher created[m      | client_key: 0x00000006, publisher_id: 0x0CB(3), participant_id: 0x001(1)
[35m[1785141679.025976][m info     | [34mProxyClient.cpp   [m | [37mcreate_datawriter       [m | [32mdatawriter created[m     | client_key: 0x00000006, datawriter_id: 0x0CB(5), publisher_id: 0x0CB(3)
[35m[1785141679.026017][m info     | [34mProxyClient.cpp   [m | [37mcreate_topic            [m | [32mtopic created[m          | client_key: 0x00000006, topic_id: 0x0E2(2), participant_id: 0x001(1)
[35m[1785141679.026033][m info     | [34mProxyClient.cpp   [m | [37mcreate_publisher        [m | [32mpublisher created[m      | client_key: 0x00000006, publisher_id: 0x0E2(3), participant_id: 0x001(1)
[35m[1785141679.026303][m info     | [34mProxyClient.cpp   [m | [37mcreate_datawriter       [m | [32mdatawriter created[m     | client_key: 0x00000006, datawriter_id: 0x0E2(5), publisher_id: 0x0E2(3)
[35m[1785141679.026355][m info     | [34mProxyClient.cpp   [m | [37mcreate_topic            [m | [32mtopic created[m          | client_key: 0x00000006, topic_id: 0x0F2(2), participant_id: 0x001(1)
[35m[1785141679.026371][m info     | [34mProxyClient.cpp   [m | [37mcreate_publisher        [m | [32mpublisher created[m      | client_key: 0x00000006, publisher_id: 0x0F2(3), participant_id: 0x001(1)
[35m[1785141679.026599][m info     | [34mProxyClient.cpp   [m | [37mcreate_datawriter       [m | [32mdatawriter created[m     | client_key: 0x00000006, datawriter_id: 0x0F2(5), publisher_id: 0x0F2(3)
[35m[1785141679.026645][m info     | [34mProxyClient.cpp   [m | [37mcreate_topic            [m | [32mtopic created[m          | client_key: 0x00000006, topic_id: 0x0F9(2), participant_id: 0x001(1)
[35m[1785141679.026654][m info     | [34mProxyClient.cpp   [m | [37mcreate_publisher        [m | [32mpublisher created[m      | client_key: 0x00000006, publisher_id: 0x0F9(3), participant_id: 0x001(1)
[35m[1785141679.026868][m info     | [34mProxyClient.cpp   [m | [37mcreate_datawriter       [m | [32mdatawriter created[m     | client_key: 0x00000006, datawriter_id: 0x0F9(5), publisher_id: 0x0F9(3)
[35m[1785141679.026919][m info     | [34mProxyClient.cpp   [m | [37mcreate_topic            [m | [32mtopic created[m          | client_key: 0x00000006, topic_id: 0x0FA(2), participant_id: 0x001(1)
[35m[1785141679.026928][m info     | [34mProxyClient.cpp   [m | [37mcreate_publisher        [m | [32mpublisher created[m      | client_key: 0x00000006, publisher_id: 0x0FA(3), participant_id: 0x001(1)
[35m[1785141679.027147][m info     | [34mProxyClient.cpp   [m | [37mcreate_datawriter       [m | [32mdatawriter created[m     | client_key: 0x00000006, datawriter_id: 0x0FA(5), publisher_id: 0x0FA(3)
[35m[1785141679.027205][m info     | [34mProxyClient.cpp   [m | [37mcreate_topic            [m | [32mtopic created[m          | client_key: 0x00000006, topic_id: 0x0FC(2), participant_id: 0x001(1)
[35m[1785141679.027215][m info     | [34mProxyClient.cpp   [m | [37mcreate_publisher        [m | [32mpublisher created[m      | client_key: 0x00000006, publisher_id: 0x0FC(3), participant_id: 0x001(1)
[35m[1785141679.027495][m info     | [34mProxyClient.cpp   [m | [37mcreate_datawriter       [m | [32mdatawriter created[m     | client_key: 0x00000006, datawriter_id: 0x0FC(5), publisher_id: 0x0FC(3)
[35m[1785141679.027561][m info     | [34mProxyClient.cpp   [m | [37mcreate_topic            [m | [32mtopic created[m          | client_key: 0x00000006, topic_id: 0x100(2), participant_id: 0x001(1)
[35m[1785141679.027572][m info     | [34mProxyClient.cpp   [m | [37mcreate_publisher        [m | [32mpublisher created[m      | client_key: 0x00000006, publisher_id: 0x100(3), participant_id: 0x001(1)
[35m[1785141679.028157][m info     | [34mProxyClient.cpp   [m | [37mcreate_datawriter       [m | [32mdatawriter created[m     | client_key: 0x00000006, datawriter_id: 0x100(5), publisher_id: 0x100(3)
[35m[1785141679.028243][m info     | [34mProxyClient.cpp   [m | [37mcreate_topic            [m | [32mtopic created[m          | client_key: 0x00000006, topic_id: 0x105(2), participant_id: 0x001(1)
[35m[1785141679.028267][m info     | [34mProxyClient.cpp   [m | [37mcreate_publisher        [m | [32mpublisher created[m      | client_key: 0x00000006, publisher_id: 0x105(3), participant_id: 0x001(1)
[35m[1785141679.028549][m info     | [34mProxyClient.cpp   [m | [37mcreate_datawriter       [m | [32mdatawriter created[m     | client_key: 0x00000006, datawriter_id: 0x105(5), publisher_id: 0x105(3)
[35m[1785141679.028607][m info     | [34mProxyClient.cpp   [m | [37mcreate_topic            [m | [32mtopic created[m          | client_key: 0x00000006, topic_id: 0x10A(2), participant_id: 0x001(1)
[35m[1785141679.028619][m info     | [34mProxyClient.cpp   [m | [37mcreate_publisher        [m | [32mpublisher created[m      | client_key: 0x00000006, publisher_id: 0x10A(3), participant_id: 0x001(1)
[35m[1785141679.028847][m info     | [34mProxyClient.cpp   [m | [37mcreate_datawriter       [m | [32mdatawriter created[m     | client_key: 0x00000006, datawriter_id: 0x10A(5), publisher_id: 0x10A(3)
[35m[1785141679.635576][m info     | [34mProxyClient.cpp   [m | [37mcreate_topic            [m | [32mtopic created[m          | client_key: 0x00000007, topic_id: 0x013(2), participant_id: 0x001(1)
[35m[1785141679.635614][m info     | [34mProxyClient.cpp   [m | [37mcreate_publisher        [m | [32mpublisher created[m      | client_key: 0x00000007, publisher_id: 0x013(3), participant_id: 0x001(1)
[35m[1785141679.636169][m info     | [34mProxyClient.cpp   [m | [37mcreate_datawriter       [m | [32mdatawriter created[m     | client_key: 0x00000007, datawriter_id: 0x013(5), publisher_id: 0x013(3)
[35m[1785141679.636252][m info     | [34mProxyClient.cpp   [m | [37mcreate_topic            [m | [32mtopic created[m          | client_key: 0x00000007, topic_id: 0x057(2), participant_id: 0x001(1)
[35m[1785141679.636265][m info     | [34mProxyClient.cpp   [m | [37mcreate_publisher        [m | [32mpublisher created[m      | client_key: 0x00000007, publisher_id: 0x057(3), participant_id: 0x001(1)
[35m[1785141679.636572][m info     | [34mProxyClient.cpp   [m | [37mcreate_datawriter       [m | [32mdatawriter created[m     | client_key: 0x00000007, datawriter_id: 0x057(5), publisher_id: 0x057(3)
[35m[1785141679.636645][m info     | [34mProxyClient.cpp   [m | [37mcreate_topic            [m | [32mtopic created[m          | client_key: 0x00000007, topic_id: 0x05D(2), participant_id: 0x001(1)
[35m[1785141679.636657][m info     | [34mProxyClient.cpp   [m | [37mcreate_publisher        [m | [32mpublisher created[m      | client_key: 0x00000007, publisher_id: 0x05D(3), participant_id: 0x001(1)
[35m[1785141679.636937][m info     | [34mProxyClient.cpp   [m | [37mcreate_datawriter       [m | [32mdatawriter created[m     | client_key: 0x00000007, datawriter_id: 0x05D(5), publisher_id: 0x05D(3)
[35m[1785141679.637005][m info     | [34mProxyClient.cpp   [m | [37mcreate_topic            [m | [32mtopic created[m          | client_key: 0x00000007, topic_id: 0x08D(2), participant_id: 0x001(1)
[35m[1785141679.637021][m info     | [34mProxyClient.cpp   [m | [37mcreate_publisher        [m | [32mpublisher created[m      | client_key: 0x00000007, publisher_id: 0x08D(3), participant_id: 0x001(1)
[35m[1785141679.637358][m info     | [34mProxyClient.cpp   [m | [37mcreate_datawriter       [m | [32mdatawriter created[m     | client_key: 0x00000007, datawriter_id: 0x08D(5), publisher_id: 0x08D(3)
[35m[1785141679.637432][m info     | [34mProxyClient.cpp   [m | [37mcreate_topic            [m | [32mtopic created[m          | client_key: 0x00000007, topic_id: 0x0B4(2), participant_id: 0x001(1)
[35m[1785141679.637454][m info     | [34mProxyClient.cpp   [m | [37mcreate_publisher        [m | [32mpublisher created[m      | client_key: 0x00000007, publisher_id: 0x0B4(3), participant_id: 0x001(1)
[35m[1785141679.637743][m info     | [34mProxyClient.cpp   [m | [37mcreate_datawriter       [m | [32mdatawriter created[m     | client_key: 0x00000007, datawriter_id: 0x0B4(5), publisher_id: 0x0B4(3)
[35m[1785141679.637797][m info     | [34mProxyClient.cpp   [m | [37mcreate_topic            [m | [32mtopic created[m          | client_key: 0x00000007, topic_id: 0x0CB(2), participant_id: 0x001(1)
[35m[1785141679.637814][m info     | [34mProxyClient.cpp   [m | [37mcreate_publisher        [m | [32mpublisher created[m      | client_key: 0x00000007, publisher_id: 0x0CB(3), participant_id: 0x001(1)
[35m[1785141679.638089][m info     | [34mProxyClient.cpp   [m | [37mcreate_datawriter       [m | [32mdatawriter created[m     | client_key: 0x00000007, datawriter_id: 0x0CB(5), publisher_id: 0x0CB(3)
[35m[1785141679.638138][m info     | [34mProxyClient.cpp   [m | [37mcreate_topic            [m | [32mtopic created[m          | client_key: 0x00000007, topic_id: 0x0E2(2), participant_id: 0x001(1)
[35m[1785141679.638165][m info     | [34mProxyClient.cpp   [m | [37mcreate_publisher        [m | [32mpublisher created[m      | client_key: 0x00000007, publisher_id: 0x0E2(3), participant_id: 0x001(1)
[35m[1785141679.638434][m info     | [34mProxyClient.cpp   [m | [37mcreate_datawriter       [m | [32mdatawriter created[m     | client_key: 0x00000007, datawriter_id: 0x0E2(5), publisher_id: 0x0E2(3)
[35m[1785141679.638484][m info     | [34mProxyClient.cpp   [m | [37mcreate_topic            [m | [32mtopic created[m          | client_key: 0x00000007, topic_id: 0x0F2(2), participant_id: 0x001(1)
[35m[1785141679.638500][m info     | [34mProxyClient.cpp   [m | [37mcreate_publisher        [m | [32mpublisher created[m      | client_key: 0x00000007, publisher_id: 0x0F2(3), participant_id: 0x001(1)
[35m[1785141679.638764][m info     | [34mProxyClient.cpp   [m | [37mcreate_datawriter       [m | [32mdatawriter created[m     | client_key: 0x00000007, datawriter_id: 0x0F2(5), publisher_id: 0x0F2(3)
[35m[1785141679.638813][m info     | [34mProxyClient.cpp   [m | [37mcreate_topic            [m | [32mtopic created[m          | client_key: 0x00000007, topic_id: 0x0F9(2), participant_id: 0x001(1)
[35m[1785141679.638822][m info     | [34mProxyClient.cpp   [m | [37mcreate_publisher        [m | [32mpublisher created[m      | client_key: 0x00000007, publisher_id: 0x0F9(3), participant_id: 0x001(1)
[35m[1785141679.639090][m info     | [34mProxyClient.cpp   [m | [37mcreate_datawriter       [m | [32mdatawriter created[m     | client_key: 0x00000007, datawriter_id: 0x0F9(5), publisher_id: 0x0F9(3)
[35m[1785141679.639144][m info     | [34mProxyClient.cpp   [m | [37mcreate_topic            [m | [32mtopic created[m          | client_key: 0x00000007, topic_id: 0x0FA(2), participant_id: 0x001(1)
[35m[1785141679.639156][m info     | [34mProxyClient.cpp   [m | [37mcreate_publisher        [m | [32mpublisher created[m      | client_key: 0x00000007, publisher_id: 0x0FA(3), participant_id: 0x001(1)
[35m[1785141679.639459][m info     | [34mProxyClient.cpp   [m | [37mcreate_datawriter       [m | [32mdatawriter created[m     | client_key: 0x00000007, datawriter_id: 0x0FA(5), publisher_id: 0x0FA(3)
[35m[1785141679.639538][m info     | [34mProxyClient.cpp   [m | [37mcreate_topic            [m | [32mtopic created[m          | client_key: 0x00000007, topic_id: 0x0FC(2), participant_id: 0x001(1)
[35m[1785141679.639553][m info     | [34mProxyClient.cpp   [m | [37mcreate_publisher        [m | [32mpublisher created[m      | client_key: 0x00000007, publisher_id: 0x0FC(3), participant_id: 0x001(1)
[35m[1785141679.639860][m info     | [34mProxyClient.cpp   [m | [37mcreate_datawriter       [m | [32mdatawriter created[m     | client_key: 0x00000007, datawriter_id: 0x0FC(5), publisher_id: 0x0FC(3)
[35m[1785141679.639921][m info     | [34mProxyClient.cpp   [m | [37mcreate_topic            [m | [32mtopic created[m          | client_key: 0x00000007, topic_id: 0x100(2), participant_id: 0x001(1)
[35m[1785141679.639932][m info     | [34mProxyClient.cpp   [m | [37mcreate_publisher        [m | [32mpublisher created[m      | client_key: 0x00000007, publisher_id: 0x100(3), participant_id: 0x001(1)
[35m[1785141679.640229][m info     | [34mProxyClient.cpp   [m | [37mcreate_datawriter       [m | [32mdatawriter created[m     | client_key: 0x00000007, datawriter_id: 0x100(5), publisher_id: 0x100(3)
[35m[1785141679.640286][m info     | [34mProxyClient.cpp   [m | [37mcreate_topic            [m | [32mtopic created[m          | client_key: 0x00000007, topic_id: 0x105(2), participant_id: 0x001(1)
[35m[1785141679.640304][m info     | [34mProxyClient.cpp   [m | [37mcreate_publisher        [m | [32mpublisher created[m      | client_key: 0x00000007, publisher_id: 0x105(3), participant_id: 0x001(1)
[35m[1785141679.640603][m info     | [34mProxyClient.cpp   [m | [37mcreate_datawriter       [m | [32mdatawriter created[m     | client_key: 0x00000007, datawriter_id: 0x105(5), publisher_id: 0x105(3)
[35m[1785141679.640661][m info     | [34mProxyClient.cpp   [m | [37mcreate_topic            [m | [32mtopic created[m          | client_key: 0x00000007, topic_id: 0x10A(2), participant_id: 0x001(1)
[35m[1785141679.640672][m info     | [34mProxyClient.cpp   [m | [37mcreate_publisher        [m | [32mpublisher created[m      | client_key: 0x00000007, publisher_id: 0x10A(3), participant_id: 0x001(1)
[35m[1785141679.640952][m info     | [34mProxyClient.cpp   [m | [37mcreate_datawriter       [m | [32mdatawriter created[m     | client_key: 0x00000007, datawriter_id: 0x10A(5), publisher_id: 0x10A(3)
[35m[1785141680.047608][m info     | [34mProxyClient.cpp   [m | [37mcreate_topic            [m | [32mtopic created[m          | client_key: 0x00000008, topic_id: 0x013(2), participant_id: 0x001(1)
[35m[1785141680.047637][m info     | [34mProxyClient.cpp   [m | [37mcreate_publisher        [m | [32mpublisher created[m      | client_key: 0x00000008, publisher_id: 0x013(3), participant_id: 0x001(1)
[35m[1785141680.048067][m info     | [34mProxyClient.cpp   [m | [37mcreate_datawriter       [m | [32mdatawriter created[m     | client_key: 0x00000008, datawriter_id: 0x013(5), publisher_id: 0x013(3)
[35m[1785141680.048114][m info     | [34mProxyClient.cpp   [m | [37mcreate_topic            [m | [32mtopic created[m          | client_key: 0x00000008, topic_id: 0x057(2), participant_id: 0x001(1)
[35m[1785141680.048128][m info     | [34mProxyClient.cpp   [m | [37mcreate_publisher        [m | [32mpublisher created[m      | client_key: 0x00000008, publisher_id: 0x057(3), participant_id: 0x001(1)
[35m[1785141680.048402][m info     | [34mProxyClient.cpp   [m | [37mcreate_datawriter       [m | [32mdatawriter created[m     | client_key: 0x00000008, datawriter_id: 0x057(5), publisher_id: 0x057(3)
[35m[1785141680.048458][m info     | [34mProxyClient.cpp   [m | [37mcreate_topic            [m | [32mtopic created[m          | client_key: 0x00000008, topic_id: 0x05D(2), participant_id: 0x001(1)
[35m[1785141680.048473][m info     | [34mProxyClient.cpp   [m | [37mcreate_publisher        [m | [32mpublisher created[m      | client_key: 0x00000008, publisher_id: 0x05D(3), participant_id: 0x001(1)
[35m[1785141680.048729][m info     | [34mProxyClient.cpp   [m | [37mcreate_datawriter       [m | [32mdatawriter created[m     | client_key: 0x00000008, datawriter_id: 0x05D(5), publisher_id: 0x05D(3)
[35m[1785141680.048776][m info     | [34mProxyClient.cpp   [m | [37mcreate_topic            [m | [32mtopic created[m          | client_key: 0x00000008, topic_id: 0x08D(2), participant_id: 0x001(1)
[35m[1785141680.048785][m info     | [34mProxyClient.cpp   [m | [37mcreate_publisher        [m | [32mpublisher created[m      | client_key: 0x00000008, publisher_id: 0x08D(3), participant_id: 0x001(1)
[35m[1785141680.049132][m info     | [34mProxyClient.cpp   [m | [37mcreate_datawriter       [m | [32mdatawriter created[m     | client_key: 0x00000008, datawriter_id: 0x08D(5), publisher_id: 0x08D(3)
[35m[1785141680.049206][m info     | [34mProxyClient.cpp   [m | [37mcreate_topic            [m | [32mtopic created[m          | client_key: 0x00000008, topic_id: 0x0B4(2), participant_id: 0x001(1)
[35m[1785141680.049223][m info     | [34mProxyClient.cpp   [m | [37mcreate_publisher        [m | [32mpublisher created[m      | client_key: 0x00000008, publisher_id: 0x0B4(3), participant_id: 0x001(1)
[35m[1785141680.049521][m info     | [34mProxyClient.cpp   [m | [37mcreate_datawriter       [m | [32mdatawriter created[m     | client_key: 0x00000008, datawriter_id: 0x0B4(5), publisher_id: 0x0B4(3)
[35m[1785141680.049586][m info     | [34mProxyClient.cpp   [m | [37mcreate_topic            [m | [32mtopic created[m          | client_key: 0x00000008, topic_id: 0x0CB(2), participant_id: 0x001(1)
[35m[1785141680.049598][m info     | [34mProxyClient.cpp   [m | [37mcreate_publisher        [m | [32mpublisher created[m      | client_key: 0x00000008, publisher_id: 0x0CB(3), participant_id: 0x001(1)
[35m[1785141680.049867][m info     | [34mProxyClient.cpp   [m | [37mcreate_datawriter       [m | [32mdatawriter created[m     | client_key: 0x00000008, datawriter_id: 0x0CB(5), publisher_id: 0x0CB(3)
[35m[1785141680.049928][m info     | [34mProxyClient.cpp   [m | [37mcreate_topic            [m | [32mtopic created[m          | client_key: 0x00000008, topic_id: 0x0E2(2), participant_id: 0x001(1)
[35m[1785141680.049939][m info     | [34mProxyClient.cpp   [m | [37mcreate_publisher        [m | [32mpublisher created[m      | client_key: 0x00000008, publisher_id: 0x0E2(3), participant_id: 0x001(1)
[35m[1785141680.050205][m info     | [34mProxyClient.cpp   [m | [37mcreate_datawriter       [m | [32mdatawriter created[m     | client_key: 0x00000008, datawriter_id: 0x0E2(5), publisher_id: 0x0E2(3)
[35m[1785141680.050275][m info     | [34mProxyClient.cpp   [m | [37mcreate_topic            [m | [32mtopic created[m          | client_key: 0x00000008, topic_id: 0x0F2(2), participant_id: 0x001(1)
[35m[1785141680.050286][m info     | [34mProxyClient.cpp   [m | [37mcreate_publisher        [m | [32mpublisher created[m      | client_key: 0x00000008, publisher_id: 0x0F2(3), participant_id: 0x001(1)
[35m[1785141680.050556][m info     | [34mProxyClient.cpp   [m | [37mcreate_datawriter       [m | [32mdatawriter created[m     | client_key: 0x00000008, datawriter_id: 0x0F2(5), publisher_id: 0x0F2(3)
[35m[1785141680.050610][m info     | [34mProxyClient.cpp   [m | [37mcreate_topic            [m | [32mtopic created[m          | client_key: 0x00000008, topic_id: 0x0F9(2), participant_id: 0x001(1)
[35m[1785141680.050627][m info     | [34mProxyClient.cpp   [m | [37mcreate_publisher        [m | [32mpublisher created[m      | client_key: 0x00000008, publisher_id: 0x0F9(3), participant_id: 0x001(1)
[35m[1785141680.050889][m info     | [34mProxyClient.cpp   [m | [37mcreate_datawriter       [m | [32mdatawriter created[m     | client_key: 0x00000008, datawriter_id: 0x0F9(5), publisher_id: 0x0F9(3)
[35m[1785141680.050948][m info     | [34mProxyClient.cpp   [m | [37mcreate_topic            [m | [32mtopic created[m          | client_key: 0x00000008, topic_id: 0x0FA(2), participant_id: 0x001(1)
[35m[1785141680.050965][m info     | [34mProxyClient.cpp   [m | [37mcreate_publisher        [m | [32mpublisher created[m      | client_key: 0x00000008, publisher_id: 0x0FA(3), participant_id: 0x001(1)
[35m[1785141680.051292][m info     | [34mProxyClient.cpp   [m | [37mcreate_datawriter       [m | [32mdatawriter created[m     | client_key: 0x00000008, datawriter_id: 0x0FA(5), publisher_id: 0x0FA(3)
[35m[1785141680.051490][m info     | [34mProxyClient.cpp   [m | [37mcreate_topic            [m | [32mtopic created[m          | client_key: 0x00000008, topic_id: 0x0FC(2), participant_id: 0x001(1)
[35m[1785141680.051518][m info     | [34mProxyClient.cpp   [m | [37mcreate_publisher        [m | [32mpublisher created[m      | client_key: 0x00000008, publisher_id: 0x0FC(3), participant_id: 0x001(1)
[35m[1785141680.052035][m info     | [34mProxyClient.cpp   [m | [37mcreate_datawriter       [m | [32mdatawriter created[m     | client_key: 0x00000008, datawriter_id: 0x0FC(5), publisher_id: 0x0FC(3)
[35m[1785141680.052098][m info     | [34mProxyClient.cpp   [m | [37mcreate_topic            [m | [32mtopic created[m          | client_key: 0x00000008, topic_id: 0x100(2), participant_id: 0x001(1)
[35m[1785141680.052112][m info     | [34mProxyClient.cpp   [m | [37mcreate_publisher        [m | [32mpublisher created[m      | client_key: 0x00000008, publisher_id: 0x100(3), participant_id: 0x001(1)
[35m[1785141680.052542][m info     | [34mProxyClient.cpp   [m | [37mcreate_datawriter       [m | [32mdatawriter created[m     | client_key: 0x00000008, datawriter_id: 0x100(5), publisher_id: 0x100(3)
[35m[1785141680.052615][m info     | [34mProxyClient.cpp   [m | [37mcreate_topic            [m | [32mtopic created[m          | client_key: 0x00000008, topic_id: 0x105(2), participant_id: 0x001(1)
[35m[1785141680.052628][m info     | [34mProxyClient.cpp   [m | [37mcreate_publisher        [m | [32mpublisher created[m      | client_key: 0x00000008, publisher_id: 0x105(3), participant_id: 0x001(1)
[35m[1785141680.052957][m info     | [34mProxyClient.cpp   [m | [37mcreate_datawriter       [m | [32mdatawriter created[m     | client_key: 0x00000008, datawriter_id: 0x105(5), publisher_id: 0x105(3)
[35m[1785141680.053011][m info     | [34mProxyClient.cpp   [m | [37mcreate_topic            [m | [32mtopic created[m          | client_key: 0x00000008, topic_id: 0x10A(2), participant_id: 0x001(1)
[35m[1785141680.053028][m info     | [34mProxyClient.cpp   [m | [37mcreate_publisher        [m | [32mpublisher created[m      | client_key: 0x00000008, publisher_id: 0x10A(3), participant_id: 0x001(1)
[35m[1785141680.053334][m info     | [34mProxyClient.cpp   [m | [37mcreate_datawriter       [m | [32mdatawriter created[m     | client_key: 0x00000008, datawriter_id: 0x10A(5), publisher_id: 0x10A(3)
[35m[1785141680.624502][m info     | [34mProxyClient.cpp   [m | [37mcreate_topic            [m | [32mtopic created[m          | client_key: 0x00000009, topic_id: 0x013(2), participant_id: 0x001(1)
[35m[1785141680.624538][m info     | [34mProxyClient.cpp   [m | [37mcreate_publisher        [m | [32mpublisher created[m      | client_key: 0x00000009, publisher_id: 0x013(3), participant_id: 0x001(1)
[35m[1785141680.625101][m info     | [34mProxyClient.cpp   [m | [37mcreate_datawriter       [m | [32mdatawriter created[m     | client_key: 0x00000009, datawriter_id: 0x013(5), publisher_id: 0x013(3)
[35m[1785141680.625181][m info     | [34mProxyClient.cpp   [m | [37mcreate_topic            [m | [32mtopic created[m          | client_key: 0x00000009, topic_id: 0x057(2), participant_id: 0x001(1)
[35m[1785141680.625208][m info     | [34mProxyClient.cpp   [m | [37mcreate_publisher        [m | [32mpublisher created[m      | client_key: 0x00000009, publisher_id: 0x057(3), participant_id: 0x001(1)
[35m[1785141680.625599][m info     | [34mProxyClient.cpp   [m | [37mcreate_datawriter       [m | [32mdatawriter created[m     | client_key: 0x00000009, datawriter_id: 0x057(5), publisher_id: 0x057(3)
[35m[1785141680.625656][m info     | [34mProxyClient.cpp   [m | [37mcreate_topic            [m | [32mtopic created[m          | client_key: 0x00000009, topic_id: 0x05D(2), participant_id: 0x001(1)
[35m[1785141680.625677][m info     | [34mProxyClient.cpp   [m | [37mcreate_publisher        [m | [32mpublisher created[m      | client_key: 0x00000009, publisher_id: 0x05D(3), participant_id: 0x001(1)
[35m[1785141680.625994][m info     | [34mProxyClient.cpp   [m | [37mcreate_datawriter       [m | [32mdatawriter created[m     | client_key: 0x00000009, datawriter_id: 0x05D(5), publisher_id: 0x05D(3)
[35m[1785141680.626044][m info     | [34mProxyClient.cpp   [m | [37mcreate_topic            [m | [32mtopic created[m          | client_key: 0x00000009, topic_id: 0x08D(2), participant_id: 0x001(1)
[35m[1785141680.626063][m info     | [34mProxyClient.cpp   [m | [37mcreate_publisher        [m | [32mpublisher created[m      | client_key: 0x00000009, publisher_id: 0x08D(3), participant_id: 0x001(1)
[35m[1785141680.626379][m info     | [34mProxyClient.cpp   [m | [37mcreate_datawriter       [m | [32mdatawriter created[m     | client_key: 0x00000009, datawriter_id: 0x08D(5), publisher_id: 0x08D(3)
[35m[1785141680.626446][m info     | [34mProxyClient.cpp   [m | [37mcreate_topic            [m | [32mtopic created[m          | client_key: 0x00000009, topic_id: 0x0B4(2), participant_id: 0x001(1)
[35m[1785141680.626467][m info     | [34mProxyClient.cpp   [m | [37mcreate_publisher        [m | [32mpublisher created[m      | client_key: 0x00000009, publisher_id: 0x0B4(3), participant_id: 0x001(1)
[35m[1785141680.626764][m info     | [34mProxyClient.cpp   [m | [37mcreate_datawriter       [m | [32mdatawriter created[m     | client_key: 0x00000009, datawriter_id: 0x0B4(5), publisher_id: 0x0B4(3)
[35m[1785141680.626824][m info     | [34mProxyClient.cpp   [m | [37mcreate_topic            [m | [32mtopic created[m          | client_key: 0x00000009, topic_id: 0x0CB(2), participant_id: 0x001(1)
[35m[1785141680.626846][m info     | [34mProxyClient.cpp   [m | [37mcreate_publisher        [m | [32mpublisher created[m      | client_key: 0x00000009, publisher_id: 0x0CB(3), participant_id: 0x001(1)
[35m[1785141680.627133][m info     | [34mProxyClient.cpp   [m | [37mcreate_datawriter       [m | [32mdatawriter created[m     | client_key: 0x00000009, datawriter_id: 0x0CB(5), publisher_id: 0x0CB(3)
[35m[1785141680.627189][m info     | [34mProxyClient.cpp   [m | [37mcreate_topic            [m | [32mtopic created[m          | client_key: 0x00000009, topic_id: 0x0E2(2), participant_id: 0x001(1)
[35m[1785141680.627212][m info     | [34mProxyClient.cpp   [m | [37mcreate_publisher        [m | [32mpublisher created[m      | client_key: 0x00000009, publisher_id: 0x0E2(3), participant_id: 0x001(1)
[35m[1785141680.627497][m info     | [34mProxyClient.cpp   [m | [37mcreate_datawriter       [m | [32mdatawriter created[m     | client_key: 0x00000009, datawriter_id: 0x0E2(5), publisher_id: 0x0E2(3)
[35m[1785141680.627547][m info     | [34mProxyClient.cpp   [m | [37mcreate_topic            [m | [32mtopic created[m          | client_key: 0x00000009, topic_id: 0x0F2(2), participant_id: 0x001(1)
[35m[1785141680.627567][m info     | [34mProxyClient.cpp   [m | [37mcreate_publisher        [m | [32mpublisher created[m      | client_key: 0x00000009, publisher_id: 0x0F2(3), participant_id: 0x001(1)
[35m[1785141680.627850][m info     | [34mProxyClient.cpp   [m | [37mcreate_datawriter       [m | [32mdatawriter created[m     | client_key: 0x00000009, datawriter_id: 0x0F2(5), publisher_id: 0x0F2(3)
[35m[1785141680.627907][m info     | [34mProxyClient.cpp   [m | [37mcreate_topic            [m | [32mtopic created[m          | client_key: 0x00000009, topic_id: 0x0F9(2), participant_id: 0x001(1)
[35m[1785141680.627923][m info     | [34mProxyClient.cpp   [m | [37mcreate_publisher        [m | [32mpublisher created[m      | client_key: 0x00000009, publisher_id: 0x0F9(3), participant_id: 0x001(1)
[35m[1785141680.628239][m info     | [34mProxyClient.cpp   [m | [37mcreate_datawriter       [m | [32mdatawriter created[m     | client_key: 0x00000009, datawriter_id: 0x0F9(5), publisher_id: 0x0F9(3)
[35m[1785141680.628419][m info     | [34mProxyClient.cpp   [m | [37mcreate_topic            [m | [32mtopic created[m          | client_key: 0x00000009, topic_id: 0x0FA(2), participant_id: 0x001(1)
[35m[1785141680.628446][m info     | [34mProxyClient.cpp   [m | [37mcreate_publisher        [m | [32mpublisher created[m      | client_key: 0x00000009, publisher_id: 0x0FA(3), participant_id: 0x001(1)
[35m[1785141680.629018][m info     | [34mProxyClient.cpp   [m | [37mcreate_datawriter       [m | [32mdatawriter created[m     | client_key: 0x00000009, datawriter_id: 0x0FA(5), publisher_id: 0x0FA(3)
[35m[1785141680.629101][m info     | [34mProxyClient.cpp   [m | [37mcreate_topic            [m | [32mtopic created[m          | client_key: 0x00000009, topic_id: 0x0FC(2), participant_id: 0x001(1)
[35m[1785141680.629122][m info     | [34mProxyClient.cpp   [m | [37mcreate_publisher        [m | [32mpublisher created[m      | client_key: 0x00000009, publisher_id: 0x0FC(3), participant_id: 0x001(1)
[35m[1785141680.629474][m info     | [34mProxyClient.cpp   [m | [37mcreate_datawriter       [m | [32mdatawriter created[m     | client_key: 0x00000009, datawriter_id: 0x0FC(5), publisher_id: 0x0FC(3)
[35m[1785141680.629541][m info     | [34mProxyClient.cpp   [m | [37mcreate_topic            [m | [32mtopic created[m          | client_key: 0x00000009, topic_id: 0x100(2), participant_id: 0x001(1)
[35m[1785141680.629561][m info     | [34mProxyClient.cpp   [m | [37mcreate_publisher        [m | [32mpublisher created[m      | client_key: 0x00000009, publisher_id: 0x100(3), participant_id: 0x001(1)
[35m[1785141680.629856][m info     | [34mProxyClient.cpp   [m | [37mcreate_datawriter       [m | [32mdatawriter created[m     | client_key: 0x00000009, datawriter_id: 0x100(5), publisher_id: 0x100(3)
[35m[1785141680.629906][m info     | [34mProxyClient.cpp   [m | [37mcreate_topic            [m | [32mtopic created[m          | client_key: 0x00000009, topic_id: 0x105(2), participant_id: 0x001(1)
[35m[1785141680.629923][m info     | [34mProxyClient.cpp   [m | [37mcreate_publisher        [m | [32mpublisher created[m      | client_key: 0x00000009, publisher_id: 0x105(3), participant_id: 0x001(1)
[35m[1785141680.630223][m info     | [34mProxyClient.cpp   [m | [37mcreate_datawriter       [m | [32mdatawriter created[m     | client_key: 0x00000009, datawriter_id: 0x105(5), publisher_id: 0x105(3)
[35m[1785141680.630281][m info     | [34mProxyClient.cpp   [m | [37mcreate_topic            [m | [32mtopic created[m          | client_key: 0x00000009, topic_id: 0x10A(2), participant_id: 0x001(1)
[35m[1785141680.630302][m info     | [34mProxyClient.cpp   [m | [37mcreate_publisher        [m | [32mpublisher created[m      | client_key: 0x00000009, publisher_id: 0x10A(3), participant_id: 0x001(1)
[35m[1785141680.630585][m info     | [34mProxyClient.cpp   [m | [37mcreate_datawriter       [m | [32mdatawriter created[m     | client_key: 0x00000009, datawriter_id: 0x10A(5), publisher_id: 0x10A(3)
[35m[1785141697.080373][m info     | [34mProxyClient.cpp   [m | [37mcreate_topic            [m | [32mtopic created[m          | client_key: 0x00000005, topic_id: 0x0F6(2), participant_id: 0x001(1)
[35m[1785141697.080425][m info     | [34mProxyClient.cpp   [m | [37mcreate_publisher        [m | [32mpublisher created[m      | client_key: 0x00000005, publisher_id: 0x0F6(3), participant_id: 0x001(1)
[35m[1785141697.081216][m info     | [34mProxyClient.cpp   [m | [37mcreate_datawriter       [m | [32mdatawriter created[m     | client_key: 0x00000005, datawriter_id: 0x0F6(5), publisher_id: 0x0F6(3)
[35m[1785141697.620405][m info     | [34mProxyClient.cpp   [m | [37mcreate_topic            [m | [32mtopic created[m          | client_key: 0x00000003, topic_id: 0x0F6(2), participant_id: 0x001(1)
[35m[1785141697.620445][m info     | [34mProxyClient.cpp   [m | [37mcreate_publisher        [m | [32mpublisher created[m      | client_key: 0x00000003, publisher_id: 0x0F6(3), participant_id: 0x001(1)
[35m[1785141697.621115][m info     | [34mProxyClient.cpp   [m | [37mcreate_datawriter       [m | [32mdatawriter created[m     | client_key: 0x00000003, datawriter_id: 0x0F6(5), publisher_id: 0x0F6(3)
[35m[1785141697.812799][m info     | [34mProxyClient.cpp   [m | [37mcreate_topic            [m | [32mtopic created[m          | client_key: 0x00000007, topic_id: 0x0F6(2), participant_id: 0x001(1)
[35m[1785141697.812838][m info     | [34mProxyClient.cpp   [m | [37mcreate_publisher        [m | [32mpublisher created[m      | client_key: 0x00000007, publisher_id: 0x0F6(3), participant_id: 0x001(1)
[35m[1785141697.813651][m info     | [34mProxyClient.cpp   [m | [37mcreate_datawriter       [m | [32mdatawriter created[m     | client_key: 0x00000007, datawriter_id: 0x0F6(5), publisher_id: 0x0F6(3)
[35m[1785141697.888526][m info     | [34mProxyClient.cpp   [m | [37mcreate_topic            [m | [32mtopic created[m          | client_key: 0x00000008, topic_id: 0x0F6(2), participant_id: 0x001(1)
[35m[1785141697.888565][m info     | [34mProxyClient.cpp   [m | [37mcreate_publisher        [m | [32mpublisher created[m      | client_key: 0x00000008, publisher_id: 0x0F6(3), participant_id: 0x001(1)
[35m[1785141697.889199][m info     | [34mProxyClient.cpp   [m | [37mcreate_datawriter       [m | [32mdatawriter created[m     | client_key: 0x00000008, datawriter_id: 0x0F6(5), publisher_id: 0x0F6(3)
[35m[1785141697.992596][m info     | [34mProxyClient.cpp   [m | [37mcreate_topic            [m | [32mtopic created[m          | client_key: 0x00000006, topic_id: 0x0F6(2), participant_id: 0x001(1)
[35m[1785141697.992643][m info     | [34mProxyClient.cpp   [m | [37mcreate_publisher        [m | [32mpublisher created[m      | client_key: 0x00000006, publisher_id: 0x0F6(3), participant_id: 0x001(1)
[35m[1785141697.993401][m info     | [34mProxyClient.cpp   [m | [37mcreate_datawriter       [m | [32mdatawriter created[m     | client_key: 0x00000006, datawriter_id: 0x0F6(5), publisher_id: 0x0F6(3)
[35m[1785141698.092743][m info     | [34mProxyClient.cpp   [m | [37mcreate_topic            [m | [32mtopic created[m          | client_key: 0x00000009, topic_id: 0x0F6(2), participant_id: 0x001(1)
[35m[1785141698.092780][m info     | [34mProxyClient.cpp   [m | [37mcreate_publisher        [m | [32mpublisher created[m      | client_key: 0x00000009, publisher_id: 0x0F6(3), participant_id: 0x001(1)
[35m[1785141698.093463][m info     | [34mProxyClient.cpp   [m | [37mcreate_datawriter       [m | [32mdatawriter created[m     | client_key: 0x00000009, datawriter_id: 0x0F6(5), publisher_id: 0x0F6(3)
[35m[1785141698.280418][m info     | [34mProxyClient.cpp   [m | [37mcreate_topic            [m | [32mtopic created[m          | client_key: 0x00000004, topic_id: 0x0F6(2), participant_id: 0x001(1)
[35m[1785141698.280460][m info     | [34mProxyClient.cpp   [m | [37mcreate_publisher        [m | [32mpublisher created[m      | client_key: 0x00000004, publisher_id: 0x0F6(3), participant_id: 0x001(1)
[35m[1785141698.281168][m info     | [34mProxyClient.cpp   [m | [37mcreate_datawriter       [m | [32mdatawriter created[m     | client_key: 0x00000004, datawriter_id: 0x0F6(5), publisher_id: 0x0F6(3)
[35m[1785141698.392362][m info     | [34mProxyClient.cpp   [m | [37mcreate_topic            [m | [32mtopic created[m          | client_key: 0x00000002, topic_id: 0x0F6(2), participant_id: 0x001(1)
[35m[1785141698.392422][m info     | [34mProxyClient.cpp   [m | [37mcreate_publisher        [m | [32mpublisher created[m      | client_key: 0x00000002, publisher_id: 0x0F6(3), participant_id: 0x001(1)
[35m[1785141698.393233][m info     | [34mProxyClient.cpp   [m | [37mcreate_datawriter       [m | [32mdatawriter created[m     | client_key: 0x00000002, datawriter_id: 0x0F6(5), publisher_id: 0x0F6(3)
