[35m[1785143264.757639][m info     | [34mUDPv4AgentLinux.cpp[m | [37minit                    [m | [32mrunning...[m             | port: 8888
[35m[1785143264.757815][m info     | [34mRoot.cpp          [m | [37mset_verbose_level       [m | [32mlogger setup[m           | verbose_level: 4
[35m[1785143272.680109][m info     | [34mRoot.cpp          [m | [37mcreate_client           [m | [32mcreate[m                 | client_key: 0x00000002, session_id: 0x81
[35m[1785143272.680159][m info     | [34mSessionManager.hpp[m | [37mestablish_session       [m | [32msession established[m    | client_key: 0x00000002, address: 127.0.0.1:46248
[35m[1785143272.683252][m info     | [34mProxyClient.cpp   [m | [37mcreate_participant      [m | [32mparticipant created[m    | client_key: 0x00000002, participant_id: 0x001(1)
[35m[1785143272.683397][m info     | [34mProxyClient.cpp   [m | [37mcreate_topic            [m | [32mtopic created[m          | client_key: 0x00000002, topic_id: 0x800(2), participant_id: 0x001(1)
[35m[1785143272.683450][m info     | [34mProxyClient.cpp   [m | [37mcreate_subscriber       [m | [32msubscriber created[m     | client_key: 0x00000002, subscriber_id: 0x800(4), participant_id: 0x001(1)
[35m[1785143272.684645][m info     | [34mProxyClient.cpp   [m | [37mcreate_datareader       [m | [32mdatareader created[m     | client_key: 0x00000002, datareader_id: 0x800(6), subscriber_id: 0x800(4)
[35m[1785143272.684757][m info     | [34mProxyClient.cpp   [m | [37mcreate_topic            [m | [32mtopic created[m          | client_key: 0x00000002, topic_id: 0x801(2), participant_id: 0x001(1)
[35m[1785143272.684770][m info     | [34mProxyClient.cpp   [m | [37mcreate_subscriber       [m | [32msubscriber created[m     | client_key: 0x00000002, subscriber_id: 0x801(4), participant_id: 0x001(1)
[35m[1785143272.685027][m info     | [34mProxyClient.cpp   [m | [37mcreate_datareader       [m | [32mdatareader created[m     | client_key: 0x00000002, datareader_id: 0x801(6), subscriber_id: 0x801(4)
[35m[1785143272.685119][m info     | [34mProxyClient.cpp   [m | [37mcreate_topic            [m | [32mtopic created[m          | client_key: 0x00000002, topic_id: 0x802(2), participant_id: 0x001(1)
[35m[1785143272.685137][m info     | [34mProxyClient.cpp   [m | [37mcreate_subscriber       [m | [32msubscriber created[m     | client_key: 0x00000002, subscriber_id: 0x802(4), participant_id: 0x001(1)
[35m[1785143272.685350][m info     | [34mProxyClient.cpp   [m | [37mcreate_datareader       [m | [32mdatareader created[m     | client_key: 0x00000002, datareader_id: 0x802(6), subscriber_id: 0x802(4)
[35m[1785143272.685444][m info     | [34mProxyClient.cpp   [m | [37mcreate_topic            [m | [32mtopic created[m          | client_key: 0x00000002, topic_id: 0x803(2), participant_id: 0x001(1)
[35m[1785143272.685464][m info     | [34mProxyClient.cpp   [m | [37mcreate_subscriber       [m | [32msubscriber created[m     | client_key: 0x00000002, subscriber_id: 0x803(4), participant_id: 0x001(1)
[35m[1785143272.685668][m info     | [34mProxyClient.cpp   [m | [37mcreate_datareader       [m | [32mdatareader created[m     | client_key: 0x00000002, datareader_id: 0x803(6), subscriber_id: 0x803(4)
[35m[1785143272.685798][m info     | [34mProxyClient.cpp   [m | [37mcreate_topic            [m | [32mtopic created[m          | client_key: 0x00000002, topic_id: 0x804(2), participant_id: 0x001(1)
[35m[1785143272.685820][m info     | [34mProxyClient.cpp   [m | [37mcreate_subscriber       [m | [32msubscriber created[m     | client_key: 0x00000002, subscriber_id: 0x804(4), participant_id: 0x001(1)
[35m[1785143272.686027][m info     | [34mProxyClient.cpp   [m | [37mcreate_datareader       [m | [32mdatareader created[m     | client_key: 0x00000002, datareader_id: 0x804(6), subscriber_id: 0x804(4)
[35m[1785143272.686112][m info     | [34mProxyClient.cpp   [m | [37mcreate_topic            [m | [32mtopic created[m          | client_key: 0x00000002, topic_id: 0x805(2), participant_id: 0x001(1)
[35m[1785143272.686134][m info     | [34mProxyClient.cpp   [m | [37mcreate_subscriber       [m | [32msubscriber created[m     | client_key: 0x00000002, subscriber_id: 0x805(4), participant_id: 0x001(1)
[35m[1785143272.686363][m info     | [34mProxyClient.cpp   [m | [37mcreate_datareader       [m | [32mdatareader created[m     | client_key: 0x00000002, datareader_id: 0x805(6), subscriber_id: 0x805(4)
[35m[1785143272.686458][m info     | [34mProxyClient.cpp   [m | [37mcreate_topic            [m | [32mtopic created[m          | client_key: 0x00000002, topic_id: 0x806(2), participant_id: 0x001(1)
[35m[1785143272.686472][m info     | [34mProxyClient.cpp   [m | [37mcreate_subscriber       [m | [32msubscriber created[m     | client_key: 0x00000002, subscriber_id: 0x806(4), participant_id: 0x001(1)
[35m[1785143272.686678][m info     | [34mProxyClient.cpp   [m | [37mcreate_datareader       [m | [32mdatareader created[m     | client_key: 0x00000002, datareader_id: 0x806(6), subscriber_id: 0x806(4)
[35m[1785143272.686766][m info     | [34mProxyClient.cpp   [m | [37mcreate_topic            [m | [32mtopic created[m          | client_key: 0x00000002, topic_id: 0x807(2), participant_id: 0x001(1)
[35m[1785143272.686785][m info     | [34mProxyClient.cpp   [m | [37mcreate_subscriber       [m | [32msubscriber created[m     | client_key: 0x00000002, subscriber_id: 0x807(4), participant_id: 0x001(1)
[35m[1785143272.686995][m info     | [34mProxyClient.cpp   [m | [37mcreate_datareader       [m | [32mdatareader created[m     | client_key: 0x00000002, datareader_id: 0x807(6), subscriber_id: 0x807(4)
[35m[1785143272.687078][m info     | [34mProxyClient.cpp   [m | [37mcreate_topic            [m | [32mtopic created[m          | client_key: 0x00000002, topic_id: 0x808(2), participant_id: 0x001(1)
[35m[1785143272.687094][m info     | [34mProxyClient.cpp   [m | [37mcreate_subscriber       [m | [32msubscriber created[m     | client_key: 0x00000002, subscriber_id: 0x808(4), participant_id: 0x001(1)
[35m[1785143272.687290][m info     | [34mProxyClient.cpp   [m | [37mcreate_datareader       [m | [32mdatareader created[m     | client_key: 0x00000002, datareader_id: 0x808(6), subscriber_id: 0x808(4)
[35m[1785143272.687384][m info     | [34mProxyClient.cpp   [m | [37mcreate_topic            [m | [32mtopic created[m          | client_key: 0x00000002, topic_id: 0x809(2), participant_id: 0x001(1)
[35m[1785143272.687399][m info     | [34mProxyClient.cpp   [m | [37mcreate_subscriber       [m | [32msubscriber created[m     | client_key: 0x00000002, subscriber_id: 0x809(4), participant_id: 0x001(1)
[35m[1785143272.687605][m info     | [34mProxyClient.cpp   [m | [37mcreate_datareader       [m | [32mdatareader created[m     | client_key: 0x00000002, datareader_id: 0x809(6), subscriber_id: 0x809(4)
[35m[1785143272.687686][m info     | [34mProxyClient.cpp   [m | [37mcreate_topic            [m | [32mtopic created[m          | client_key: 0x00000002, topic_id: 0x80A(2), participant_id: 0x001(1)
[35m[1785143272.687697][m info     | [34mProxyClient.cpp   [m | [37mcreate_subscriber       [m | [32msubscriber created[m     | client_key: 0x00000002, subscriber_id: 0x80A(4), participant_id: 0x001(1)
[35m[1785143272.687915][m info     | [34mProxyClient.cpp   [m | [37mcreate_datareader       [m | [32mdatareader created[m     | client_key: 0x00000002, datareader_id: 0x80A(6), subscriber_id: 0x80A(4)
[35m[1785143272.687988][m info     | [34mProxyClient.cpp   [m | [37mcreate_topic            [m | [32mtopic created[m          | client_key: 0x00000002, topic_id: 0x80B(2), participant_id: 0x001(1)
[35m[1785143272.688005][m info     | [34mProxyClient.cpp   [m | [37mcreate_subscriber       [m | [32msubscriber created[m     | client_key: 0x00000002, subscriber_id: 0x80B(4), participant_id: 0x001(1)
[35m[1785143272.688245][m info     | [34mProxyClient.cpp   [m | [37mcreate_datareader       [m | [32mdatareader created[m     | client_key: 0x00000002, datareader_id: 0x80B(6), subscriber_id: 0x80B(4)
[35m[1785143272.688351][m info     | [34mProxyClient.cpp   [m | [37mcreate_topic            [m | [32mtopic created[m          | client_key: 0x00000002, topic_id: 0x80C(2), participant_id: 0x001(1)
[35m[1785143272.688369][m info     | [34mProxyClient.cpp   [m | [37mcreate_subscriber       [m | [32msubscriber created[m     | client_key: 0x00000002, subscriber_id: 0x80C(4), participant_id: 0x001(1)
[35m[1785143272.688568][m info     | [34mProxyClient.cpp   [m | [37mcreate_datareader       [m | [32mdatareader created[m     | client_key: 0x00000002, datareader_id: 0x80C(6), subscriber_id: 0x80C(4)
[35m[1785143272.688649][m info     | [34mProxyClient.cpp   [m | [37mcreate_topic            [m | [32mtopic created[m          | client_key: 0x00000002, topic_id: 0x80D(2), participant_id: 0x001(1)
[35m[1785143272.688661][m info     | [34mProxyClient.cpp   [m | [37mcreate_subscriber       [m | [32msubscriber created[m     | client_key: 0x00000002, subscriber_id: 0x80D(4), participant_id: 0x001(1)
[35m[1785143272.688862][m info     | [34mProxyClient.cpp   [m | [37mcreate_datareader       [m | [32mdatareader created[m     | client_key: 0x00000002, datareader_id: 0x80D(6), subscriber_id: 0x80D(4)
[35m[1785143272.688941][m info     | [34mProxyClient.cpp   [m | [37mcreate_topic            [m | [32mtopic created[m          | client_key: 0x00000002, topic_id: 0x80E(2), participant_id: 0x001(1)
[35m[1785143272.688953][m info     | [34mProxyClient.cpp   [m | [37mcreate_subscriber       [m | [32msubscriber created[m     | client_key: 0x00000002, subscriber_id: 0x80E(4), participant_id: 0x001(1)
[35m[1785143272.689160][m info     | [34mProxyClient.cpp   [m | [37mcreate_datareader       [m | [32mdatareader created[m     | client_key: 0x00000002, datareader_id: 0x80E(6), subscriber_id: 0x80E(4)
[35m[1785143272.689364][m info     | [34mProxyClient.cpp   [m | [37mcreate_topic            [m | [32mtopic created[m          | client_key: 0x00000002, topic_id: 0x80F(2), participant_id: 0x001(1)
[35m[1785143272.689378][m info     | [34mProxyClient.cpp   [m | [37mcreate_subscriber       [m | [32msubscriber created[m     | client_key: 0x00000002, subscriber_id: 0x80F(4), participant_id: 0x001(1)
[35m[1785143272.689581][m info     | [34mProxyClient.cpp   [m | [37mcreate_datareader       [m | [32mdatareader created[m     | client_key: 0x00000002, datareader_id: 0x80F(6), subscriber_id: 0x80F(4)
[35m[1785143272.689659][m info     | [34mProxyClient.cpp   [m | [37mcreate_topic            [m | [32mtopic created[m          | client_key: 0x00000002, topic_id: 0x810(2), participant_id: 0x001(1)
[35m[1785143272.689679][m info     | [34mProxyClient.cpp   [m | [37mcreate_subscriber       [m | [32msubscriber created[m     | client_key: 0x00000002, subscriber_id: 0x810(4), participant_id: 0x001(1)
[35m[1785143272.689893][m info     | [34mProxyClient.cpp   [m | [37mcreate_datareader       [m | [32mdatareader created[m     | client_key: 0x00000002, datareader_id: 0x810(6), subscriber_id: 0x810(4)
[35m[1785143272.689976][m info     | [34mProxyClient.cpp   [m | [37mcreate_topic            [m | [32mtopic created[m          | client_key: 0x00000002, topic_id: 0x811(2), participant_id: 0x001(1)
[35m[1785143272.689988][m info     | [34mProxyClient.cpp   [m | [37mcreate_subscriber       [m | [32msubscriber created[m     | client_key: 0x00000002, subscriber_id: 0x811(4), participant_id: 0x001(1)
[35m[1785143272.690193][m info     | [34mProxyClient.cpp   [m | [37mcreate_datareader       [m | [32mdatareader created[m     | client_key: 0x00000002, datareader_id: 0x811(6), subscriber_id: 0x811(4)
[35m[1785143272.690282][m info     | [34mProxyClient.cpp   [m | [37mcreate_topic            [m | [32mtopic created[m          | client_key: 0x00000002, topic_id: 0x812(2), participant_id: 0x001(1)
[35m[1785143272.690293][m info     | [34mProxyClient.cpp   [m | [37mcreate_subscriber       [m | [32msubscriber created[m     | client_key: 0x00000002, subscriber_id: 0x812(4), participant_id: 0x001(1)
[35m[1785143272.690497][m info     | [34mProxyClient.cpp   [m | [37mcreate_datareader       [m | [32mdatareader created[m     | client_key: 0x00000002, datareader_id: 0x812(6), subscriber_id: 0x812(4)
[35m[1785143272.690577][m info     | [34mProxyClient.cpp   [m | [37mcreate_topic            [m | [32mtopic created[m          | client_key: 0x00000002, topic_id: 0x813(2), participant_id: 0x001(1)
[35m[1785143272.690597][m info     | [34mProxyClient.cpp   [m | [37mcreate_subscriber       [m | [32msubscriber created[m     | client_key: 0x00000002, subscriber_id: 0x813(4), participant_id: 0x001(1)
[35m[1785143272.690820][m info     | [34mProxyClient.cpp   [m | [37mcreate_datareader       [m | [32mdatareader created[m     | client_key: 0x00000002, datareader_id: 0x813(6), subscriber_id: 0x813(4)
[35m[1785143272.690908][m info     | [34mProxyClient.cpp   [m | [37mcreate_topic            [m | [32mtopic created[m          | client_key: 0x00000002, topic_id: 0x814(2), participant_id: 0x001(1)
[35m[1785143272.690920][m info     | [34mProxyClient.cpp   [m | [37mcreate_subscriber       [m | [32msubscriber created[m     | client_key: 0x00000002, subscriber_id: 0x814(4), participant_id: 0x001(1)
[35m[1785143272.691121][m info     | [34mProxyClient.cpp   [m | [37mcreate_datareader       [m | [32mdatareader created[m     | client_key: 0x00000002, datareader_id: 0x814(6), subscriber_id: 0x814(4)
[35m[1785143272.691241][m info     | [34mProxyClient.cpp   [m | [37mcreate_topic            [m | [32mtopic created[m          | client_key: 0x00000002, topic_id: 0x815(2), participant_id: 0x001(1)
[35m[1785143272.691264][m info     | [34mProxyClient.cpp   [m | [37mcreate_subscriber       [m | [32msubscriber created[m     | client_key: 0x00000002, subscriber_id: 0x815(4), participant_id: 0x001(1)
[35m[1785143272.691475][m info     | [34mProxyClient.cpp   [m | [37mcreate_datareader       [m | [32mdatareader created[m     | client_key: 0x00000002, datareader_id: 0x815(6), subscriber_id: 0x815(4)
[35m[1785143272.691578][m info     | [34mProxyClient.cpp   [m | [37mcreate_topic            [m | [32mtopic created[m          | client_key: 0x00000002, topic_id: 0x816(2), participant_id: 0x001(1)
[35m[1785143272.691606][m info     | [34mProxyClient.cpp   [m | [37mcreate_subscriber       [m | [32msubscriber created[m     | client_key: 0x00000002, subscriber_id: 0x816(4), participant_id: 0x001(1)
[35m[1785143272.691812][m info     | [34mProxyClient.cpp   [m | [37mcreate_datareader       [m | [32mdatareader created[m     | client_key: 0x00000002, datareader_id: 0x816(6), subscriber_id: 0x816(4)
[35m[1785143272.691899][m info     | [34mProxyClient.cpp   [m | [37mcreate_topic            [m | [32mtopic created[m          | client_key: 0x00000002, topic_id: 0x817(2), participant_id: 0x001(1)
[35m[1785143272.691911][m info     | [34mProxyClient.cpp   [m | [37mcreate_subscriber       [m | [32msubscriber created[m     | client_key: 0x00000002, subscriber_id: 0x817(4), participant_id: 0x001(1)
[35m[1785143272.692116][m info     | [34mProxyClient.cpp   [m | [37mcreate_datareader       [m | [32mdatareader created[m     | client_key: 0x00000002, datareader_id: 0x817(6), subscriber_id: 0x817(4)
[35m[1785143272.692218][m info     | [34mProxyClient.cpp   [m | [37mcreate_topic            [m | [32mtopic created[m          | client_key: 0x00000002, topic_id: 0x818(2), participant_id: 0x001(1)
[35m[1785143272.692232][m info     | [34mProxyClient.cpp   [m | [37mcreate_subscriber       [m | [32msubscriber created[m     | client_key: 0x00000002, subscriber_id: 0x818(4), participant_id: 0x001(1)
[35m[1785143272.692440][m info     | [34mProxyClient.cpp   [m | [37mcreate_datareader       [m | [32mdatareader created[m     | client_key: 0x00000002, datareader_id: 0x818(6), subscriber_id: 0x818(4)
[35m[1785143272.692528][m info     | [34mProxyClient.cpp   [m | [37mcreate_topic            [m | [32mtopic created[m          | client_key: 0x00000002, topic_id: 0x819(2), participant_id: 0x001(1)
[35m[1785143272.692542][m info     | [34mProxyClient.cpp   [m | [37mcreate_subscriber       [m | [32msubscriber created[m     | client_key: 0x00000002, subscriber_id: 0x819(4), participant_id: 0x001(1)
[35m[1785143272.692751][m info     | [34mProxyClient.cpp   [m | [37mcreate_datareader       [m | [32mdatareader created[m     | client_key: 0x00000002, datareader_id: 0x819(6), subscriber_id: 0x819(4)
[35m[1785143272.692827][m info     | [34mProxyClient.cpp   [m | [37mcreate_topic            [m | [32mtopic created[m          | client_key: 0x00000002, topic_id: 0x81A(2), participant_id: 0x001(1)
[35m[1785143272.692839][m info     | [34mProxyClient.cpp   [m | [37mcreate_subscriber       [m | [32msubscriber created[m     | client_key: 0x00000002, subscriber_id: 0x81A(4), participant_id: 0x001(1)
[35m[1785143272.693046][m info     | [34mProxyClient.cpp   [m | [37mcreate_datareader       [m | [32mdatareader created[m     | client_key: 0x00000002, datareader_id: 0x81A(6), subscriber_id: 0x81A(4)
[35m[1785143272.693121][m info     | [34mProxyClient.cpp   [m | [37mcreate_topic            [m | [32mtopic created[m          | client_key: 0x00000002, topic_id: 0x81B(2), participant_id: 0x001(1)
[35m[1785143272.693133][m info     | [34mProxyClient.cpp   [m | [37mcreate_subscriber       [m | [32msubscriber created[m     | client_key: 0x00000002, subscriber_id: 0x81B(4), participant_id: 0x001(1)
[35m[1785143272.693348][m info     | [34mProxyClient.cpp   [m | [37mcreate_datareader       [m | [32mdatareader created[m     | client_key: 0x00000002, datareader_id: 0x81B(6), subscriber_id: 0x81B(4)
[35m[1785143272.693437][m info     | [34mProxyClient.cpp   [m | [37mcreate_topic            [m | [32mtopic created[m          | client_key: 0x00000002, topic_id: 0x81C(2), participant_id: 0x001(1)
[35m[1785143272.693454][m info     | [34mProxyClient.cpp   [m | [37mcreate_subscriber       [m | [32msubscriber created[m     | client_key: 0x00000002, subscriber_id: 0x81C(4), participant_id: 0x001(1)
[35m[1785143272.693682][m info     | [34mProxyClient.cpp   [m | [37mcreate_datareader       [m | [32mdatareader created[m     | client_key: 0x00000002, datareader_id: 0x81C(6), subscriber_id: 0x81C(4)
[35m[1785143272.694268][m info     | [34mProxyClient.cpp   [m | [37mcreate_replier          [m | [32mreplier created[m        | client_key: 0x00000002, requester_id: 0x800(7), participant_id: 0x001(1)
[35m[1785143273.052148][m info     | [34mRoot.cpp          [m | [37mcreate_client           [m | [32mcreate[m                 | client_key: 0x00000003, session_id: 0x81
[35m[1785143273.052175][m info     | [34mSessionManager.hpp[m | [37mestablish_session       [m | [32msession established[m    | client_key: 0x00000003, address: 127.0.0.1:63683
[35m[1785143273.054130][m info     | [34mProxyClient.cpp   [m | [37mcreate_participant      [m | [32mparticipant created[m    | client_key: 0x00000003, participant_id: 0x001(1)
[35m[1785143273.054242][m info     | [34mProxyClient.cpp   [m | [37mcreate_topic            [m | [32mtopic created[m          | client_key: 0x00000003, topic_id: 0x800(2), participant_id: 0x001(1)
[35m[1785143273.054304][m info     | [34mProxyClient.cpp   [m | [37mcreate_subscriber       [m | [32msubscriber created[m     | client_key: 0x00000003, subscriber_id: 0x800(4), participant_id: 0x001(1)
[35m[1785143273.054665][m info     | [34mProxyClient.cpp   [m | [37mcreate_datareader       [m | [32mdatareader created[m     | client_key: 0x00000003, datareader_id: 0x800(6), subscriber_id: 0x800(4)
[35m[1785143273.054783][m info     | [34mProxyClient.cpp   [m | [37mcreate_topic            [m | [32mtopic created[m          | client_key: 0x00000003, topic_id: 0x801(2), participant_id: 0x001(1)
[35m[1785143273.054812][m info     | [34mProxyClient.cpp   [m | [37mcreate_subscriber       [m | [32msubscriber created[m     | client_key: 0x00000003, subscriber_id: 0x801(4), participant_id: 0x001(1)
[35m[1785143273.055092][m info     | [34mProxyClient.cpp   [m | [37mcreate_datareader       [m | [32mdatareader created[m     | client_key: 0x00000003, datareader_id: 0x801(6), subscriber_id: 0x801(4)
[35m[1785143273.055209][m info     | [34mProxyClient.cpp   [m | [37mcreate_topic            [m | [32mtopic created[m          | client_key: 0x00000003, topic_id: 0x802(2), participant_id: 0x001(1)
[35m[1785143273.055228][m info     | [34mProxyClient.cpp   [m | [37mcreate_subscriber       [m | [32msubscriber created[m     | client_key: 0x00000003, subscriber_id: 0x802(4), participant_id: 0x001(1)
[35m[1785143273.055482][m info     | [34mProxyClient.cpp   [m | [37mcreate_datareader       [m | [32mdatareader created[m     | client_key: 0x00000003, datareader_id: 0x802(6), subscriber_id: 0x802(4)
[35m[1785143273.055587][m info     | [34mProxyClient.cpp   [m | [37mcreate_topic            [m | [32mtopic created[m          | client_key: 0x00000003, topic_id: 0x803(2), participant_id: 0x001(1)
[35m[1785143273.055609][m info     | [34mProxyClient.cpp   [m | [37mcreate_subscriber       [m | [32msubscriber created[m     | client_key: 0x00000003, subscriber_id: 0x803(4), participant_id: 0x001(1)
[35m[1785143273.055940][m info     | [34mProxyClient.cpp   [m | [37mcreate_datareader       [m | [32mdatareader created[m     | client_key: 0x00000003, datareader_id: 0x803(6), subscriber_id: 0x803(4)
[35m[1785143273.056061][m info     | [34mProxyClient.cpp   [m | [37mcreate_topic            [m | [32mtopic created[m          | client_key: 0x00000003, topic_id: 0x804(2), participant_id: 0x001(1)
[35m[1785143273.056081][m info     | [34mProxyClient.cpp   [m | [37mcreate_subscriber       [m | [32msubscriber created[m     | client_key: 0x00000003, subscriber_id: 0x804(4), participant_id: 0x001(1)
[35m[1785143273.056340][m info     | [34mProxyClient.cpp   [m | [37mcreate_datareader       [m | [32mdatareader created[m     | client_key: 0x00000003, datareader_id: 0x804(6), subscriber_id: 0x804(4)
[35m[1785143273.056430][m info     | [34mProxyClient.cpp   [m | [37mcreate_topic            [m | [32mtopic created[m          | client_key: 0x00000003, topic_id: 0x805(2), participant_id: 0x001(1)
[35m[1785143273.056450][m info     | [34mProxyClient.cpp   [m | [37mcreate_subscriber       [m | [32msubscriber created[m     | client_key: 0x00000003, subscriber_id: 0x805(4), participant_id: 0x001(1)
[35m[1785143273.056680][m info     | [34mProxyClient.cpp   [m | [37mcreate_datareader       [m | [32mdatareader created[m     | client_key: 0x00000003, datareader_id: 0x805(6), subscriber_id: 0x805(4)
[35m[1785143273.056789][m info     | [34mProxyClient.cpp   [m | [37mcreate_topic            [m | [32mtopic created[m          | client_key: 0x00000003, topic_id: 0x806(2), participant_id: 0x001(1)
[35m[1785143273.056803][m info     | [34mProxyClient.cpp   [m | [37mcreate_subscriber       [m | [32msubscriber created[m     | client_key: 0x00000003, subscriber_id: 0x806(4), participant_id: 0x001(1)
[35m[1785143273.057043][m info     | [34mProxyClient.cpp   [m | [37mcreate_datareader       [m | [32mdatareader created[m     | client_key: 0x00000003, datareader_id: 0x806(6), subscriber_id: 0x806(4)
[35m[1785143273.057131][m info     | [34mProxyClient.cpp   [m | [37mcreate_topic            [m | [32mtopic created[m          | client_key: 0x00000003, topic_id: 0x807(2), participant_id: 0x001(1)
[35m[1785143273.057160][m info     | [34mProxyClient.cpp   [m | [37mcreate_subscriber       [m | [32msubscriber created[m     | client_key: 0x00000003, subscriber_id: 0x807(4), participant_id: 0x001(1)
[35m[1785143273.057389][m info     | [34mProxyClient.cpp   [m | [37mcreate_datareader       [m | [32mdatareader created[m     | client_key: 0x00000003, datareader_id: 0x807(6), subscriber_id: 0x807(4)
[35m[1785143273.057489][m info     | [34mProxyClient.cpp   [m | [37mcreate_topic            [m | [32mtopic created[m          | client_key: 0x00000003, topic_id: 0x808(2), participant_id: 0x001(1)
[35m[1785143273.057502][m info     | [34mProxyClient.cpp   [m | [37mcreate_subscriber       [m | [32msubscriber created[m     | client_key: 0x00000003, subscriber_id: 0x808(4), participant_id: 0x001(1)
[35m[1785143273.057738][m info     | [34mProxyClient.cpp   [m | [37mcreate_datareader       [m | [32mdatareader created[m     | client_key: 0x00000003, datareader_id: 0x808(6), subscriber_id: 0x808(4)
[35m[1785143273.057826][m info     | [34mProxyClient.cpp   [m | [37mcreate_topic            [m | [32mtopic created[m          | client_key: 0x00000003, topic_id: 0x809(2), participant_id: 0x001(1)
[35m[1785143273.057846][m info     | [34mProxyClient.cpp   [m | [37mcreate_subscriber       [m | [32msubscriber created[m     | client_key: 0x00000003, subscriber_id: 0x809(4), participant_id: 0x001(1)
[35m[1785143273.058095][m info     | [34mProxyClient.cpp   [m | [37mcreate_datareader       [m | [32mdatareader created[m     | client_key: 0x00000003, datareader_id: 0x809(6), subscriber_id: 0x809(4)
[35m[1785143273.058211][m info     | [34mProxyClient.cpp   [m | [37mcreate_topic            [m | [32mtopic created[m          | client_key: 0x00000003, topic_id: 0x80A(2), participant_id: 0x001(1)
[35m[1785143273.058229][m info     | [34mProxyClient.cpp   [m | [37mcreate_subscriber       [m | [32msubscriber created[m     | client_key: 0x00000003, subscriber_id: 0x80A(4), participant_id: 0x001(1)
[35m[1785143273.058446][m info     | [34mProxyClient.cpp   [m | [37mcreate_datareader       [m | [32mdatareader created[m     | client_key: 0x00000003, datareader_id: 0x80A(6), subscriber_id: 0x80A(4)
[35m[1785143273.058535][m info     | [34mProxyClient.cpp   [m | [37mcreate_topic            [m | [32mtopic created[m          | client_key: 0x00000003, topic_id: 0x80B(2), participant_id: 0x001(1)
[35m[1785143273.058549][m info     | [34mProxyClient.cpp   [m | [37mcreate_subscriber       [m | [32msubscriber created[m     | client_key: 0x00000003, subscriber_id: 0x80B(4), participant_id: 0x001(1)
[35m[1785143273.058778][m info     | [34mProxyClient.cpp   [m | [37mcreate_datareader       [m | [32mdatareader created[m     | client_key: 0x00000003, datareader_id: 0x80B(6), subscriber_id: 0x80B(4)
[35m[1785143273.058863][m info     | [34mProxyClient.cpp   [m | [37mcreate_topic            [m | [32mtopic created[m          | client_key: 0x00000003, topic_id: 0x80C(2), participant_id: 0x001(1)
[35m[1785143273.058885][m info     | [34mProxyClient.cpp   [m | [37mcreate_subscriber       [m | [32msubscriber created[m     | client_key: 0x00000003, subscriber_id: 0x80C(4), participant_id: 0x001(1)
[35m[1785143273.059117][m info     | [34mProxyClient.cpp   [m | [37mcreate_datareader       [m | [32mdatareader created[m     | client_key: 0x00000003, datareader_id: 0x80C(6), subscriber_id: 0x80C(4)
[35m[1785143273.059237][m info     | [34mProxyClient.cpp   [m | [37mcreate_topic            [m | [32mtopic created[m          | client_key: 0x00000003, topic_id: 0x80D(2), participant_id: 0x001(1)
[35m[1785143273.059270][m info     | [34mProxyClient.cpp   [m | [37mcreate_subscriber       [m | [32msubscriber created[m     | client_key: 0x00000003, subscriber_id: 0x80D(4), participant_id: 0x001(1)
[35m[1785143273.059541][m info     | [34mProxyClient.cpp   [m | [37mcreate_datareader       [m | [32mdatareader created[m     | client_key: 0x00000003, datareader_id: 0x80D(6), subscriber_id: 0x80D(4)
[35m[1785143273.059665][m info     | [34mProxyClient.cpp   [m | [37mcreate_topic            [m | [32mtopic created[m          | client_key: 0x00000003, topic_id: 0x80E(2), participant_id: 0x001(1)
[35m[1785143273.059681][m info     | [34mProxyClient.cpp   [m | [37mcreate_subscriber       [m | [32msubscriber created[m     | client_key: 0x00000003, subscriber_id: 0x80E(4), participant_id: 0x001(1)
[35m[1785143273.059945][m info     | [34mProxyClient.cpp   [m | [37mcreate_datareader       [m | [32mdatareader created[m     | client_key: 0x00000003, datareader_id: 0x80E(6), subscriber_id: 0x80E(4)
[35m[1785143273.060028][m info     | [34mProxyClient.cpp   [m | [37mcreate_topic            [m | [32mtopic created[m          | client_key: 0x00000003, topic_id: 0x80F(2), participant_id: 0x001(1)
[35m[1785143273.060047][m info     | [34mProxyClient.cpp   [m | [37mcreate_subscriber       [m | [32msubscriber created[m     | client_key: 0x00000003, subscriber_id: 0x80F(4), participant_id: 0x001(1)
[35m[1785143273.060267][m info     | [34mProxyClient.cpp   [m | [37mcreate_datareader       [m | [32mdatareader created[m     | client_key: 0x00000003, datareader_id: 0x80F(6), subscriber_id: 0x80F(4)
[35m[1785143273.060368][m info     | [34mProxyClient.cpp   [m | [37mcreate_topic            [m | [32mtopic created[m          | client_key: 0x00000003, topic_id: 0x810(2), participant_id: 0x001(1)
[35m[1785143273.060381][m info     | [34mProxyClient.cpp   [m | [37mcreate_subscriber       [m | [32msubscriber created[m     | client_key: 0x00000003, subscriber_id: 0x810(4), participant_id: 0x001(1)
[35m[1785143273.060651][m info     | [34mProxyClient.cpp   [m | [37mcreate_datareader       [m | [32mdatareader created[m     | client_key: 0x00000003, datareader_id: 0x810(6), subscriber_id: 0x810(4)
[35m[1785143273.060739][m info     | [34mProxyClient.cpp   [m | [37mcreate_topic            [m | [32mtopic created[m          | client_key: 0x00000003, topic_id: 0x811(2), participant_id: 0x001(1)
[35m[1785143273.060757][m info     | [34mProxyClient.cpp   [m | [37mcreate_subscriber       [m | [32msubscriber created[m     | client_key: 0x00000003, subscriber_id: 0x811(4), participant_id: 0x001(1)
[35m[1785143273.060972][m info     | [34mProxyClient.cpp   [m | [37mcreate_datareader       [m | [32mdatareader created[m     | client_key: 0x00000003, datareader_id: 0x811(6), subscriber_id: 0x811(4)
[35m[1785143273.061054][m info     | [34mProxyClient.cpp   [m | [37mcreate_topic            [m | [32mtopic created[m          | client_key: 0x00000003, topic_id: 0x812(2), participant_id: 0x001(1)
[35m[1785143273.061071][m info     | [34mProxyClient.cpp   [m | [37mcreate_subscriber       [m | [32msubscriber created[m     | client_key: 0x00000003, subscriber_id: 0x812(4), participant_id: 0x001(1)
[35m[1785143273.061288][m info     | [34mProxyClient.cpp   [m | [37mcreate_datareader       [m | [32mdatareader created[m     | client_key: 0x00000003, datareader_id: 0x812(6), subscriber_id: 0x812(4)
[35m[1785143273.061378][m info     | [34mProxyClient.cpp   [m | [37mcreate_topic            [m | [32mtopic created[m          | client_key: 0x00000003, topic_id: 0x813(2), participant_id: 0x001(1)
[35m[1785143273.061391][m info     | [34mProxyClient.cpp   [m | [37mcreate_subscriber       [m | [32msubscriber created[m     | client_key: 0x00000003, subscriber_id: 0x813(4), participant_id: 0x001(1)
[35m[1785143273.061598][m info     | [34mProxyClient.cpp   [m | [37mcreate_datareader       [m | [32mdatareader created[m     | client_key: 0x00000003, datareader_id: 0x813(6), subscriber_id: 0x813(4)
[35m[1785143273.061680][m info     | [34mProxyClient.cpp   [m | [37mcreate_topic            [m | [32mtopic created[m          | client_key: 0x00000003, topic_id: 0x814(2), participant_id: 0x001(1)
[35m[1785143273.061692][m info     | [34mProxyClient.cpp   [m | [37mcreate_subscriber       [m | [32msubscriber created[m     | client_key: 0x00000003, subscriber_id: 0x814(4), participant_id: 0x001(1)
[35m[1785143273.061900][m info     | [34mProxyClient.cpp   [m | [37mcreate_datareader       [m | [32mdatareader created[m     | client_key: 0x00000003, datareader_id: 0x814(6), subscriber_id: 0x814(4)
[35m[1785143273.062009][m info     | [34mProxyClient.cpp   [m | [37mcreate_topic            [m | [32mtopic created[m          | client_key: 0x00000003, topic_id: 0x815(2), participant_id: 0x001(1)
[35m[1785143273.062026][m info     | [34mProxyClient.cpp   [m | [37mcreate_subscriber       [m | [32msubscriber created[m     | client_key: 0x00000003, subscriber_id: 0x815(4), participant_id: 0x001(1)
[35m[1785143273.062277][m info     | [34mProxyClient.cpp   [m | [37mcreate_datareader       [m | [32mdatareader created[m     | client_key: 0x00000003, datareader_id: 0x815(6), subscriber_id: 0x815(4)
[35m[1785143273.062376][m info     | [34mProxyClient.cpp   [m | [37mcreate_topic            [m | [32mtopic created[m          | client_key: 0x00000003, topic_id: 0x816(2), participant_id: 0x001(1)
[35m[1785143273.062395][m info     | [34mProxyClient.cpp   [m | [37mcreate_subscriber       [m | [32msubscriber created[m     | client_key: 0x00000003, subscriber_id: 0x816(4), participant_id: 0x001(1)
[35m[1785143273.062632][m info     | [34mProxyClient.cpp   [m | [37mcreate_datareader       [m | [32mdatareader created[m     | client_key: 0x00000003, datareader_id: 0x816(6), subscriber_id: 0x816(4)
[35m[1785143273.062716][m info     | [34mProxyClient.cpp   [m | [37mcreate_topic            [m | [32mtopic created[m          | client_key: 0x00000003, topic_id: 0x817(2), participant_id: 0x001(1)
[35m[1785143273.062729][m info     | [34mProxyClient.cpp   [m | [37mcreate_subscriber       [m | [32msubscriber created[m     | client_key: 0x00000003, subscriber_id: 0x817(4), participant_id: 0x001(1)
[35m[1785143273.062939][m info     | [34mProxyClient.cpp   [m | [37mcreate_datareader       [m | [32mdatareader created[m     | client_key: 0x00000003, datareader_id: 0x817(6), subscriber_id: 0x817(4)
[35m[1785143273.063023][m info     | [34mProxyClient.cpp   [m | [37mcreate_topic            [m | [32mtopic created[m          | client_key: 0x00000003, topic_id: 0x818(2), participant_id: 0x001(1)
[35m[1785143273.063035][m info     | [34mProxyClient.cpp   [m | [37mcreate_subscriber       [m | [32msubscriber created[m     | client_key: 0x00000003, subscriber_id: 0x818(4), participant_id: 0x001(1)
[35m[1785143273.063259][m info     | [34mProxyClient.cpp   [m | [37mcreate_datareader       [m | [32mdatareader created[m     | client_key: 0x00000003, datareader_id: 0x818(6), subscriber_id: 0x818(4)
[35m[1785143273.063355][m info     | [34mProxyClient.cpp   [m | [37mcreate_topic            [m | [32mtopic created[m          | client_key: 0x00000003, topic_id: 0x819(2), participant_id: 0x001(1)
[35m[1785143273.063378][m info     | [34mProxyClient.cpp   [m | [37mcreate_subscriber       [m | [32msubscriber created[m     | client_key: 0x00000003, subscriber_id: 0x819(4), participant_id: 0x001(1)
[35m[1785143273.063589][m info     | [34mProxyClient.cpp   [m | [37mcreate_datareader       [m | [32mdatareader created[m     | client_key: 0x00000003, datareader_id: 0x819(6), subscriber_id: 0x819(4)
[35m[1785143273.063771][m info     | [34mProxyClient.cpp   [m | [37mcreate_topic            [m | [32mtopic created[m          | client_key: 0x00000003, topic_id: 0x81A(2), participant_id: 0x001(1)
[35m[1785143273.063782][m info     | [34mProxyClient.cpp   [m | [37mcreate_subscriber       [m | [32msubscriber created[m     | client_key: 0x00000003, subscriber_id: 0x81A(4), participant_id: 0x001(1)
[35m[1785143273.063989][m info     | [34mProxyClient.cpp   [m | [37mcreate_datareader       [m | [32mdatareader created[m     | client_key: 0x00000003, datareader_id: 0x81A(6), subscriber_id: 0x81A(4)
[35m[1785143273.064074][m info     | [34mProxyClient.cpp   [m | [37mcreate_topic            [m | [32mtopic created[m          | client_key: 0x00000003, topic_id: 0x81B(2), participant_id: 0x001(1)
[35m[1785143273.064085][m info     | [34mProxyClient.cpp   [m | [37mcreate_subscriber       [m | [32msubscriber created[m     | client_key: 0x00000003, subscriber_id: 0x81B(4), participant_id: 0x001(1)
[35m[1785143273.064399][m info     | [34mProxyClient.cpp   [m | [37mcreate_datareader       [m | [32mdatareader created[m     | client_key: 0x00000003, datareader_id: 0x81B(6), subscriber_id: 0x81B(4)
[35m[1785143273.064490][m info     | [34mProxyClient.cpp   [m | [37mcreate_topic            [m | [32mtopic created[m          | client_key: 0x00000003, topic_id: 0x81C(2), participant_id: 0x001(1)
[35m[1785143273.064508][m info     | [34mProxyClient.cpp   [m | [37mcreate_subscriber       [m | [32msubscriber created[m     | client_key: 0x00000003, subscriber_id: 0x81C(4), participant_id: 0x001(1)
[35m[1785143273.064712][m info     | [34mProxyClient.cpp   [m | [37mcreate_datareader       [m | [32mdatareader created[m     | client_key: 0x00000003, datareader_id: 0x81C(6), subscriber_id: 0x81C(4)
[35m[1785143273.065169][m info     | [34mProxyClient.cpp   [m | [37mcreate_replier          [m | [32mreplier created[m        | client_key: 0x00000003, requester_id: 0x800(7), participant_id: 0x001(1)
[35m[1785143273.728444][m info     | [34mRoot.cpp          [m | [37mcreate_client           [m | [32mcreate[m                 | client_key: 0x00000004, session_id: 0x81
[35m[1785143273.728463][m info     | [34mSessionManager.hpp[m | [37mestablish_session       [m | [32msession established[m    | client_key: 0x00000004, address: 127.0.0.1:56199
[35m[1785143273.730380][m info     | [34mProxyClient.cpp   [m | [37mcreate_participant      [m | [32mparticipant created[m    | client_key: 0x00000004, participant_id: 0x001(1)
[35m[1785143273.730492][m info     | [34mProxyClient.cpp   [m | [37mcreate_topic            [m | [32mtopic created[m          | client_key: 0x00000004, topic_id: 0x800(2), participant_id: 0x001(1)
[35m[1785143273.730540][m info     | [34mProxyClient.cpp   [m | [37mcreate_subscriber       [m | [32msubscriber created[m     | client_key: 0x00000004, subscriber_id: 0x800(4), participant_id: 0x001(1)
[35m[1785143273.730838][m info     | [34mProxyClient.cpp   [m | [37mcreate_datareader       [m | [32mdatareader created[m     | client_key: 0x00000004, datareader_id: 0x800(6), subscriber_id: 0x800(4)
[35m[1785143273.730971][m info     | [34mProxyClient.cpp   [m | [37mcreate_topic            [m | [32mtopic created[m          | client_key: 0x00000004, topic_id: 0x801(2), participant_id: 0x001(1)
[35m[1785143273.730996][m info     | [34mProxyClient.cpp   [m | [37mcreate_subscriber       [m | [32msubscriber created[m     | client_key: 0x00000004, subscriber_id: 0x801(4), participant_id: 0x001(1)
[35m[1785143273.731400][m info     | [34mProxyClient.cpp   [m | [37mcreate_datareader       [m | [32mdatareader created[m     | client_key: 0x00000004, datareader_id: 0x801(6), subscriber_id: 0x801(4)
[35m[1785143273.731510][m info     | [34mProxyClient.cpp   [m | [37mcreate_topic            [m | [32mtopic created[m          | client_key: 0x00000004, topic_id: 0x802(2), participant_id: 0x001(1)
[35m[1785143273.731535][m info     | [34mProxyClient.cpp   [m | [37mcreate_subscriber       [m | [32msubscriber created[m     | client_key: 0x00000004, subscriber_id: 0x802(4), participant_id: 0x001(1)
[35m[1785143273.731800][m info     | [34mProxyClient.cpp   [m | [37mcreate_datareader       [m | [32mdatareader created[m     | client_key: 0x00000004, datareader_id: 0x802(6), subscriber_id: 0x802(4)
[35m[1785143273.731923][m info     | [34mProxyClient.cpp   [m | [37mcreate_topic            [m | [32mtopic created[m          | client_key: 0x00000004, topic_id: 0x803(2), participant_id: 0x001(1)
[35m[1785143273.731954][m info     | [34mProxyClient.cpp   [m | [37mcreate_subscriber       [m | [32msubscriber created[m     | client_key: 0x00000004, subscriber_id: 0x803(4), participant_id: 0x001(1)
[35m[1785143273.732233][m info     | [34mProxyClient.cpp   [m | [37mcreate_datareader       [m | [32mdatareader created[m     | client_key: 0x00000004, datareader_id: 0x803(6), subscriber_id: 0x803(4)
[35m[1785143273.732342][m info     | [34mProxyClient.cpp   [m | [37mcreate_topic            [m | [32mtopic created[m          | client_key: 0x00000004, topic_id: 0x804(2), participant_id: 0x001(1)
[35m[1785143273.732369][m info     | [34mProxyClient.cpp   [m | [37mcreate_subscriber       [m | [32msubscriber created[m     | client_key: 0x00000004, subscriber_id: 0x804(4), participant_id: 0x001(1)
[35m[1785143273.732625][m info     | [34mProxyClient.cpp   [m | [37mcreate_datareader       [m | [32mdatareader created[m     | client_key: 0x00000004, datareader_id: 0x804(6), subscriber_id: 0x804(4)
[35m[1785143273.732718][m info     | [34mProxyClient.cpp   [m | [37mcreate_topic            [m | [32mtopic created[m          | client_key: 0x00000004, topic_id: 0x805(2), participant_id: 0x001(1)
[35m[1785143273.732734][m info     | [34mProxyClient.cpp   [m | [37mcreate_subscriber       [m | [32msubscriber created[m     | client_key: 0x00000004, subscriber_id: 0x805(4), participant_id: 0x001(1)
[35m[1785143273.732984][m info     | [34mProxyClient.cpp   [m | [37mcreate_datareader       [m | [32mdatareader created[m     | client_key: 0x00000004, datareader_id: 0x805(6), subscriber_id: 0x805(4)
[35m[1785143273.733082][m info     | [34mProxyClient.cpp   [m | [37mcreate_topic            [m | [32mtopic created[m          | client_key: 0x00000004, topic_id: 0x806(2), participant_id: 0x001(1)
[35m[1785143273.733097][m info     | [34mProxyClient.cpp   [m | [37mcreate_subscriber       [m | [32msubscriber created[m     | client_key: 0x00000004, subscriber_id: 0x806(4), participant_id: 0x001(1)
[35m[1785143273.733367][m info     | [34mProxyClient.cpp   [m | [37mcreate_datareader       [m | [32mdatareader created[m     | client_key: 0x00000004, datareader_id: 0x806(6), subscriber_id: 0x806(4)
[35m[1785143273.733471][m info     | [34mProxyClient.cpp   [m | [37mcreate_topic            [m | [32mtopic created[m          | client_key: 0x00000004, topic_id: 0x807(2), participant_id: 0x001(1)
[35m[1785143273.733486][m info     | [34mProxyClient.cpp   [m | [37mcreate_subscriber       [m | [32msubscriber created[m     | client_key: 0x00000004, subscriber_id: 0x807(4), participant_id: 0x001(1)
[35m[1785143273.733724][m info     | [34mProxyClient.cpp   [m | [37mcreate_datareader       [m | [32mdatareader created[m     | client_key: 0x00000004, datareader_id: 0x807(6), subscriber_id: 0x807(4)
[35m[1785143273.733819][m info     | [34mProxyClient.cpp   [m | [37mcreate_topic            [m | [32mtopic created[m          | client_key: 0x00000004, topic_id: 0x808(2), participant_id: 0x001(1)
[35m[1785143273.733836][m info     | [34mProxyClient.cpp   [m | [37mcreate_subscriber       [m | [32msubscriber created[m     | client_key: 0x00000004, subscriber_id: 0x808(4), participant_id: 0x001(1)
[35m[1785143273.734059][m info     | [34mProxyClient.cpp   [m | [37mcreate_datareader       [m | [32mdatareader created[m     | client_key: 0x00000004, datareader_id: 0x808(6), subscriber_id: 0x808(4)
[35m[1785143273.734151][m info     | [34mProxyClient.cpp   [m | [37mcreate_topic            [m | [32mtopic created[m          | client_key: 0x00000004, topic_id: 0x809(2), participant_id: 0x001(1)
[35m[1785143273.734174][m info     | [34mProxyClient.cpp   [m | [37mcreate_subscriber       [m | [32msubscriber created[m     | client_key: 0x00000004, subscriber_id: 0x809(4), participant_id: 0x001(1)
[35m[1785143273.734405][m info     | [34mProxyClient.cpp   [m | [37mcreate_datareader       [m | [32mdatareader created[m     | client_key: 0x00000004, datareader_id: 0x809(6), subscriber_id: 0x809(4)
[35m[1785143273.734507][m info     | [34mProxyClient.cpp   [m | [37mcreate_topic            [m | [32mtopic created[m          | client_key: 0x00000004, topic_id: 0x80A(2), participant_id: 0x001(1)
[35m[1785143273.734519][m info     | [34mProxyClient.cpp   [m | [37mcreate_subscriber       [m | [32msubscriber created[m     | client_key: 0x00000004, subscriber_id: 0x80A(4), participant_id: 0x001(1)
[35m[1785143273.734739][m info     | [34mProxyClient.cpp   [m | [37mcreate_datareader       [m | [32mdatareader created[m     | client_key: 0x00000004, datareader_id: 0x80A(6), subscriber_id: 0x80A(4)
[35m[1785143273.734827][m info     | [34mProxyClient.cpp   [m | [37mcreate_topic            [m | [32mtopic created[m          | client_key: 0x00000004, topic_id: 0x80B(2), participant_id: 0x001(1)
[35m[1785143273.734838][m info     | [34mProxyClient.cpp   [m | [37mcreate_subscriber       [m | [32msubscriber created[m     | client_key: 0x00000004, subscriber_id: 0x80B(4), participant_id: 0x001(1)
[35m[1785143273.735044][m info     | [34mProxyClient.cpp   [m | [37mcreate_datareader       [m | [32mdatareader created[m     | client_key: 0x00000004, datareader_id: 0x80B(6), subscriber_id: 0x80B(4)
[35m[1785143273.735124][m info     | [34mProxyClient.cpp   [m | [37mcreate_topic            [m | [32mtopic created[m          | client_key: 0x00000004, topic_id: 0x80C(2), participant_id: 0x001(1)
[35m[1785143273.735146][m info     | [34mProxyClient.cpp   [m | [37mcreate_subscriber       [m | [32msubscriber created[m     | client_key: 0x00000004, subscriber_id: 0x80C(4), participant_id: 0x001(1)
[35m[1785143273.735363][m info     | [34mProxyClient.cpp   [m | [37mcreate_datareader       [m | [32mdatareader created[m     | client_key: 0x00000004, datareader_id: 0x80C(6), subscriber_id: 0x80C(4)
[35m[1785143273.735460][m info     | [34mProxyClient.cpp   [m | [37mcreate_topic            [m | [32mtopic created[m          | client_key: 0x00000004, topic_id: 0x80D(2), participant_id: 0x001(1)
[35m[1785143273.735476][m info     | [34mProxyClient.cpp   [m | [37mcreate_subscriber       [m | [32msubscriber created[m     | client_key: 0x00000004, subscriber_id: 0x80D(4), participant_id: 0x001(1)
[35m[1785143273.735697][m info     | [34mProxyClient.cpp   [m | [37mcreate_datareader       [m | [32mdatareader created[m     | client_key: 0x00000004, datareader_id: 0x80D(6), subscriber_id: 0x80D(4)
[35m[1785143273.735790][m info     | [34mProxyClient.cpp   [m | [37mcreate_topic            [m | [32mtopic created[m          | client_key: 0x00000004, topic_id: 0x80E(2), participant_id: 0x001(1)
[35m[1785143273.735802][m info     | [34mProxyClient.cpp   [m | [37mcreate_subscriber       [m | [32msubscriber created[m     | client_key: 0x00000004, subscriber_id: 0x80E(4), participant_id: 0x001(1)
[35m[1785143273.736023][m info     | [34mProxyClient.cpp   [m | [37mcreate_datareader       [m | [32mdatareader created[m     | client_key: 0x00000004, datareader_id: 0x80E(6), subscriber_id: 0x80E(4)
[35m[1785143273.736102][m info     | [34mProxyClient.cpp   [m | [37mcreate_topic            [m | [32mtopic created[m          | client_key: 0x00000004, topic_id: 0x80F(2), participant_id: 0x001(1)
[35m[1785143273.736119][m info     | [34mProxyClient.cpp   [m | [37mcreate_subscriber       [m | [32msubscriber created[m     | client_key: 0x00000004, subscriber_id: 0x80F(4), participant_id: 0x001(1)
[35m[1785143273.736346][m info     | [34mProxyClient.cpp   [m | [37mcreate_datareader       [m | [32mdatareader created[m     | client_key: 0x00000004, datareader_id: 0x80F(6), subscriber_id: 0x80F(4)
[35m[1785143273.736428][m info     | [34mProxyClient.cpp   [m | [37mcreate_topic            [m | [32mtopic created[m          | client_key: 0x00000004, topic_id: 0x810(2), participant_id: 0x001(1)
[35m[1785143273.736444][m info     | [34mProxyClient.cpp   [m | [37mcreate_subscriber       [m | [32msubscriber created[m     | client_key: 0x00000004, subscriber_id: 0x810(4), participant_id: 0x001(1)
[35m[1785143273.736667][m info     | [34mProxyClient.cpp   [m | [37mcreate_datareader       [m | [32mdatareader created[m     | client_key: 0x00000004, datareader_id: 0x810(6), subscriber_id: 0x810(4)
[35m[1785143273.736807][m info     | [34mProxyClient.cpp   [m | [37mcreate_topic            [m | [32mtopic created[m          | client_key: 0x00000004, topic_id: 0x811(2), participant_id: 0x001(1)
[35m[1785143273.736824][m info     | [34mProxyClient.cpp   [m | [37mcreate_subscriber       [m | [32msubscriber created[m     | client_key: 0x00000004, subscriber_id: 0x811(4), participant_id: 0x001(1)
[35m[1785143273.737108][m info     | [34mProxyClient.cpp   [m | [37mcreate_datareader       [m | [32mdatareader created[m     | client_key: 0x00000004, datareader_id: 0x811(6), subscriber_id: 0x811(4)
[35m[1785143273.737218][m info     | [34mProxyClient.cpp   [m | [37mcreate_topic            [m | [32mtopic created[m          | client_key: 0x00000004, topic_id: 0x812(2), participant_id: 0x001(1)
[35m[1785143273.737236][m info     | [34mProxyClient.cpp   [m | [37mcreate_subscriber       [m | [32msubscriber created[m     | client_key: 0x00000004, subscriber_id: 0x812(4), participant_id: 0x001(1)
[35m[1785143273.737492][m info     | [34mProxyClient.cpp   [m | [37mcreate_datareader       [m | [32mdatareader created[m     | client_key: 0x00000004, datareader_id: 0x812(6), subscriber_id: 0x812(4)
[35m[1785143273.737588][m info     | [34mProxyClient.cpp   [m | [37mcreate_topic            [m | [32mtopic created[m          | client_key: 0x00000004, topic_id: 0x813(2), participant_id: 0x001(1)
[35m[1785143273.737608][m info     | [34mProxyClient.cpp   [m | [37mcreate_subscriber       [m | [32msubscriber created[m     | client_key: 0x00000004, subscriber_id: 0x813(4), participant_id: 0x001(1)
[35m[1785143273.737843][m info     | [34mProxyClient.cpp   [m | [37mcreate_datareader       [m | [32mdatareader created[m     | client_key: 0x00000004, datareader_id: 0x813(6), subscriber_id: 0x813(4)
[35m[1785143273.737929][m info     | [34mProxyClient.cpp   [m | [37mcreate_topic            [m | [32mtopic created[m          | client_key: 0x00000004, topic_id: 0x814(2), participant_id: 0x001(1)
[35m[1785143273.737945][m info     | [34mProxyClient.cpp   [m | [37mcreate_subscriber       [m | [32msubscriber created[m     | client_key: 0x00000004, subscriber_id: 0x814(4), participant_id: 0x001(1)
[35m[1785143273.738170][m info     | [34mProxyClient.cpp   [m | [37mcreate_datareader       [m | [32mdatareader created[m     | client_key: 0x00000004, datareader_id: 0x814(6), subscriber_id: 0x814(4)
[35m[1785143273.738266][m info     | [34mProxyClient.cpp   [m | [37mcreate_topic            [m | [32mtopic created[m          | client_key: 0x00000004, topic_id: 0x815(2), participant_id: 0x001(1)
[35m[1785143273.738282][m info     | [34mProxyClient.cpp   [m | [37mcreate_subscriber       [m | [32msubscriber created[m     | client_key: 0x00000004, subscriber_id: 0x815(4), participant_id: 0x001(1)
[35m[1785143273.738501][m info     | [34mProxyClient.cpp   [m | [37mcreate_datareader       [m | [32mdatareader created[m     | client_key: 0x00000004, datareader_id: 0x815(6), subscriber_id: 0x815(4)
[35m[1785143273.738590][m info     | [34mProxyClient.cpp   [m | [37mcreate_topic            [m | [32mtopic created[m          | client_key: 0x00000004, topic_id: 0x816(2), participant_id: 0x001(1)
[35m[1785143273.738606][m info     | [34mProxyClient.cpp   [m | [37mcreate_subscriber       [m | [32msubscriber created[m     | client_key: 0x00000004, subscriber_id: 0x816(4), participant_id: 0x001(1)
[35m[1785143273.738862][m info     | [34mProxyClient.cpp   [m | [37mcreate_datareader       [m | [32mdatareader created[m     | client_key: 0x00000004, datareader_id: 0x816(6), subscriber_id: 0x816(4)
[35m[1785143273.738949][m info     | [34mProxyClient.cpp   [m | [37mcreate_topic            [m | [32mtopic created[m          | client_key: 0x00000004, topic_id: 0x817(2), participant_id: 0x001(1)
[35m[1785143273.738965][m info     | [34mProxyClient.cpp   [m | [37mcreate_subscriber       [m | [32msubscriber created[m     | client_key: 0x00000004, subscriber_id: 0x817(4), participant_id: 0x001(1)
[35m[1785143273.739201][m info     | [34mProxyClient.cpp   [m | [37mcreate_datareader       [m | [32mdatareader created[m     | client_key: 0x00000004, datareader_id: 0x817(6), subscriber_id: 0x817(4)
[35m[1785143273.739309][m info     | [34mProxyClient.cpp   [m | [37mcreate_topic            [m | [32mtopic created[m          | client_key: 0x00000004, topic_id: 0x818(2), participant_id: 0x001(1)
[35m[1785143273.739322][m info     | [34mProxyClient.cpp   [m | [37mcreate_subscriber       [m | [32msubscriber created[m     | client_key: 0x00000004, subscriber_id: 0x818(4), participant_id: 0x001(1)
[35m[1785143273.739555][m info     | [34mProxyClient.cpp   [m | [37mcreate_datareader       [m | [32mdatareader created[m     | client_key: 0x00000004, datareader_id: 0x818(6), subscriber_id: 0x818(4)
[35m[1785143273.739642][m info     | [34mProxyClient.cpp   [m | [37mcreate_topic            [m | [32mtopic created[m          | client_key: 0x00000004, topic_id: 0x819(2), participant_id: 0x001(1)
[35m[1785143273.739660][m info     | [34mProxyClient.cpp   [m | [37mcreate_subscriber       [m | [32msubscriber created[m     | client_key: 0x00000004, subscriber_id: 0x819(4), participant_id: 0x001(1)
[35m[1785143273.739890][m info     | [34mProxyClient.cpp   [m | [37mcreate_datareader       [m | [32mdatareader created[m     | client_key: 0x00000004, datareader_id: 0x819(6), subscriber_id: 0x819(4)
[35m[1785143273.739970][m info     | [34mProxyClient.cpp   [m | [37mcreate_topic            [m | [32mtopic created[m          | client_key: 0x00000004, topic_id: 0x81A(2), participant_id: 0x001(1)
[35m[1785143273.739987][m info     | [34mProxyClient.cpp   [m | [37mcreate_subscriber       [m | [32msubscriber created[m     | client_key: 0x00000004, subscriber_id: 0x81A(4), participant_id: 0x001(1)
[35m[1785143273.740226][m info     | [34mProxyClient.cpp   [m | [37mcreate_datareader       [m | [32mdatareader created[m     | client_key: 0x00000004, datareader_id: 0x81A(6), subscriber_id: 0x81A(4)
[35m[1785143273.740319][m info     | [34mProxyClient.cpp   [m | [37mcreate_topic            [m | [32mtopic created[m          | client_key: 0x00000004, topic_id: 0x81B(2), participant_id: 0x001(1)
[35m[1785143273.740332][m info     | [34mProxyClient.cpp   [m | [37mcreate_subscriber       [m | [32msubscriber created[m     | client_key: 0x00000004, subscriber_id: 0x81B(4), participant_id: 0x001(1)
[35m[1785143273.740558][m info     | [34mProxyClient.cpp   [m | [37mcreate_datareader       [m | [32mdatareader created[m     | client_key: 0x00000004, datareader_id: 0x81B(6), subscriber_id: 0x81B(4)
[35m[1785143273.740651][m info     | [34mProxyClient.cpp   [m | [37mcreate_topic            [m | [32mtopic created[m          | client_key: 0x00000004, topic_id: 0x81C(2), participant_id: 0x001(1)
[35m[1785143273.740666][m info     | [34mProxyClient.cpp   [m | [37mcreate_subscriber       [m | [32msubscriber created[m     | client_key: 0x00000004, subscriber_id: 0x81C(4), participant_id: 0x001(1)
[35m[1785143273.740937][m info     | [34mProxyClient.cpp   [m | [37mcreate_datareader       [m | [32mdatareader created[m     | client_key: 0x00000004, datareader_id: 0x81C(6), subscriber_id: 0x81C(4)
[35m[1785143273.741487][m info     | [34mProxyClient.cpp   [m | [37mcreate_replier          [m | [32mreplier created[m        | client_key: 0x00000004, requester_id: 0x800(7), participant_id: 0x001(1)
[35m[1785143274.283279][m info     | [34mRoot.cpp          [m | [37mcreate_client           [m | [32mcreate[m                 | client_key: 0x00000005, session_id: 0x81
[35m[1785143274.283309][m info     | [34mSessionManager.hpp[m | [37mestablish_session       [m | [32msession established[m    | client_key: 0x00000005, address: 127.0.0.1:37554
[35m[1785143274.286184][m info     | [34mProxyClient.cpp   [m | [37mcreate_participant      [m | [32mparticipant created[m    | client_key: 0x00000005, participant_id: 0x001(1)
[35m[1785143274.286333][m info     | [34mProxyClient.cpp   [m | [37mcreate_topic            [m | [32mtopic created[m          | client_key: 0x00000005, topic_id: 0x800(2), participant_id: 0x001(1)
[35m[1785143274.286364][m info     | [34mProxyClient.cpp   [m | [37mcreate_subscriber       [m | [32msubscriber created[m     | client_key: 0x00000005, subscriber_id: 0x800(4), participant_id: 0x001(1)
[35m[1785143274.286700][m info     | [34mProxyClient.cpp   [m | [37mcreate_datareader       [m | [32mdatareader created[m     | client_key: 0x00000005, datareader_id: 0x800(6), subscriber_id: 0x800(4)
[35m[1785143274.286914][m info     | [34mProxyClient.cpp   [m | [37mcreate_topic            [m | [32mtopic created[m          | client_key: 0x00000005, topic_id: 0x801(2), participant_id: 0x001(1)
[35m[1785143274.286938][m info     | [34mProxyClient.cpp   [m | [37mcreate_subscriber       [m | [32msubscriber created[m     | client_key: 0x00000005, subscriber_id: 0x801(4), participant_id: 0x001(1)
[35m[1785143274.287367][m info     | [34mProxyClient.cpp   [m | [37mcreate_datareader       [m | [32mdatareader created[m     | client_key: 0x00000005, datareader_id: 0x801(6), subscriber_id: 0x801(4)
[35m[1785143274.287572][m info     | [34mProxyClient.cpp   [m | [37mcreate_topic            [m | [32mtopic created[m          | client_key: 0x00000005, topic_id: 0x802(2), participant_id: 0x001(1)
[35m[1785143274.287604][m info     | [34mProxyClient.cpp   [m | [37mcreate_subscriber       [m | [32msubscriber created[m     | client_key: 0x00000005, subscriber_id: 0x802(4), participant_id: 0x001(1)
[35m[1785143274.287929][m info     | [34mProxyClient.cpp   [m | [37mcreate_datareader       [m | [32mdatareader created[m     | client_key: 0x00000005, datareader_id: 0x802(6), subscriber_id: 0x802(4)
[35m[1785143274.288289][m info     | [34mProxyClient.cpp   [m | [37mcreate_topic            [m | [32mtopic created[m          | client_key: 0x00000005, topic_id: 0x803(2), participant_id: 0x001(1)
[35m[1785143274.288351][m info     | [34mProxyClient.cpp   [m | [37mcreate_subscriber       [m | [32msubscriber created[m     | client_key: 0x00000005, subscriber_id: 0x803(4), participant_id: 0x001(1)
[35m[1785143274.289057][m info     | [34mProxyClient.cpp   [m | [37mcreate_datareader       [m | [32mdatareader created[m     | client_key: 0x00000005, datareader_id: 0x803(6), subscriber_id: 0x803(4)
[35m[1785143274.289293][m info     | [34mProxyClient.cpp   [m | [37mcreate_topic            [m | [32mtopic created[m          | client_key: 0x00000005, topic_id: 0x804(2), participant_id: 0x001(1)
[35m[1785143274.289369][m info     | [34mProxyClient.cpp   [m | [37mcreate_subscriber       [m | [32msubscriber created[m     | client_key: 0x00000005, subscriber_id: 0x804(4), participant_id: 0x001(1)
[35m[1785143274.290671][m info     | [34mProxyClient.cpp   [m | [37mcreate_datareader       [m | [32mdatareader created[m     | client_key: 0x00000005, datareader_id: 0x804(6), subscriber_id: 0x804(4)
[35m[1785143274.290939][m info     | [34mProxyClient.cpp   [m | [37mcreate_topic            [m | [32mtopic created[m          | client_key: 0x00000005, topic_id: 0x805(2), participant_id: 0x001(1)
[35m[1785143274.291022][m info     | [34mProxyClient.cpp   [m | [37mcreate_subscriber       [m | [32msubscriber created[m     | client_key: 0x00000005, subscriber_id: 0x805(4), participant_id: 0x001(1)
[35m[1785143274.292634][m info     | [34mProxyClient.cpp   [m | [37mcreate_datareader       [m | [32mdatareader created[m     | client_key: 0x00000005, datareader_id: 0x805(6), subscriber_id: 0x805(4)
[35m[1785143274.292867][m info     | [34mProxyClient.cpp   [m | [37mcreate_topic            [m | [32mtopic created[m          | client_key: 0x00000005, topic_id: 0x806(2), participant_id: 0x001(1)
[35m[1785143274.292892][m info     | [34mProxyClient.cpp   [m | [37mcreate_subscriber       [m | [32msubscriber created[m     | client_key: 0x00000005, subscriber_id: 0x806(4), participant_id: 0x001(1)
[35m[1785143274.293273][m info     | [34mProxyClient.cpp   [m | [37mcreate_datareader       [m | [32mdatareader created[m     | client_key: 0x00000005, datareader_id: 0x806(6), subscriber_id: 0x806(4)
[35m[1785143274.293511][m info     | [34mProxyClient.cpp   [m | [37mcreate_topic            [m | [32mtopic created[m          | client_key: 0x00000005, topic_id: 0x807(2), participant_id: 0x001(1)
[35m[1785143274.293537][m info     | [34mProxyClient.cpp   [m | [37mcreate_subscriber       [m | [32msubscriber created[m     | client_key: 0x00000005, subscriber_id: 0x807(4), participant_id: 0x001(1)
[35m[1785143274.293897][m info     | [34mProxyClient.cpp   [m | [37mcreate_datareader       [m | [32mdatareader created[m     | client_key: 0x00000005, datareader_id: 0x807(6), subscriber_id: 0x807(4)
[35m[1785143274.294075][m info     | [34mProxyClient.cpp   [m | [37mcreate_topic            [m | [32mtopic created[m          | client_key: 0x00000005, topic_id: 0x808(2), participant_id: 0x001(1)
[35m[1785143274.294101][m info     | [34mProxyClient.cpp   [m | [37mcreate_subscriber       [m | [32msubscriber created[m     | client_key: 0x00000005, subscriber_id: 0x808(4), participant_id: 0x001(1)
[35m[1785143274.294472][m info     | [34mProxyClient.cpp   [m | [37mcreate_datareader       [m | [32mdatareader created[m     | client_key: 0x00000005, datareader_id: 0x808(6), subscriber_id: 0x808(4)
[35m[1785143274.294666][m info     | [34mProxyClient.cpp   [m | [37mcreate_topic            [m | [32mtopic created[m          | client_key: 0x00000005, topic_id: 0x809(2), participant_id: 0x001(1)
[35m[1785143274.294738][m info     | [34mProxyClient.cpp   [m | [37mcreate_subscriber       [m | [32msubscriber created[m     | client_key: 0x00000005, subscriber_id: 0x809(4), participant_id: 0x001(1)
[35m[1785143274.295122][m info     | [34mProxyClient.cpp   [m | [37mcreate_datareader       [m | [32mdatareader created[m     | client_key: 0x00000005, datareader_id: 0x809(6), subscriber_id: 0x809(4)
[35m[1785143274.295316][m info     | [34mProxyClient.cpp   [m | [37mcreate_topic            [m | [32mtopic created[m          | client_key: 0x00000005, topic_id: 0x80A(2), participant_id: 0x001(1)
[35m[1785143274.295338][m info     | [34mProxyClient.cpp   [m | [37mcreate_subscriber       [m | [32msubscriber created[m     | client_key: 0x00000005, subscriber_id: 0x80A(4), participant_id: 0x001(1)
[35m[1785143274.295712][m info     | [34mProxyClient.cpp   [m | [37mcreate_datareader       [m | [32mdatareader created[m     | client_key: 0x00000005, datareader_id: 0x80A(6), subscriber_id: 0x80A(4)
[35m[1785143274.295890][m info     | [34mProxyClient.cpp   [m | [37mcreate_topic            [m | [32mtopic created[m          | client_key: 0x00000005, topic_id: 0x80B(2), participant_id: 0x001(1)
[35m[1785143274.295916][m info     | [34mProxyClient.cpp   [m | [37mcreate_subscriber       [m | [32msubscriber created[m     | client_key: 0x00000005, subscriber_id: 0x80B(4), participant_id: 0x001(1)
[35m[1785143274.296278][m info     | [34mProxyClient.cpp   [m | [37mcreate_datareader       [m | [32mdatareader created[m     | client_key: 0x00000005, datareader_id: 0x80B(6), subscriber_id: 0x80B(4)
[35m[1785143274.296486][m info     | [34mProxyClient.cpp   [m | [37mcreate_topic            [m | [32mtopic created[m          | client_key: 0x00000005, topic_id: 0x80C(2), participant_id: 0x001(1)
[35m[1785143274.296504][m info     | [34mProxyClient.cpp   [m | [37mcreate_subscriber       [m | [32msubscriber created[m     | client_key: 0x00000005, subscriber_id: 0x80C(4), participant_id: 0x001(1)
[35m[1785143274.296888][m info     | [34mProxyClient.cpp   [m | [37mcreate_datareader       [m | [32mdatareader created[m     | client_key: 0x00000005, datareader_id: 0x80C(6), subscriber_id: 0x80C(4)
[35m[1785143274.297094][m info     | [34mProxyClient.cpp   [m | [37mcreate_topic            [m | [32mtopic created[m          | client_key: 0x00000005, topic_id: 0x80D(2), participant_id: 0x001(1)
[35m[1785143274.297134][m info     | [34mProxyClient.cpp   [m | [37mcreate_subscriber       [m | [32msubscriber created[m     | client_key: 0x00000005, subscriber_id: 0x80D(4), participant_id: 0x001(1)
[35m[1785143274.297509][m info     | [34mProxyClient.cpp   [m | [37mcreate_datareader       [m | [32mdatareader created[m     | client_key: 0x00000005, datareader_id: 0x80D(6), subscriber_id: 0x80D(4)
[35m[1785143274.297693][m info     | [34mProxyClient.cpp   [m | [37mcreate_topic            [m | [32mtopic created[m          | client_key: 0x00000005, topic_id: 0x80E(2), participant_id: 0x001(1)
[35m[1785143274.297719][m info     | [34mProxyClient.cpp   [m | [37mcreate_subscriber       [m | [32msubscriber created[m     | client_key: 0x00000005, subscriber_id: 0x80E(4), participant_id: 0x001(1)
[35m[1785143274.298080][m info     | [34mProxyClient.cpp   [m | [37mcreate_datareader       [m | [32mdatareader created[m     | client_key: 0x00000005, datareader_id: 0x80E(6), subscriber_id: 0x80E(4)
[35m[1785143274.298266][m info     | [34mProxyClient.cpp   [m | [37mcreate_topic            [m | [32mtopic created[m          | client_key: 0x00000005, topic_id: 0x80F(2), participant_id: 0x001(1)
[35m[1785143274.298297][m info     | [34mProxyClient.cpp   [m | [37mcreate_subscriber       [m | [32msubscriber created[m     | client_key: 0x00000005, subscriber_id: 0x80F(4), participant_id: 0x001(1)
[35m[1785143274.298654][m info     | [34mProxyClient.cpp   [m | [37mcreate_datareader       [m | [32mdatareader created[m     | client_key: 0x00000005, datareader_id: 0x80F(6), subscriber_id: 0x80F(4)
[35m[1785143274.298849][m info     | [34mProxyClient.cpp   [m | [37mcreate_topic            [m | [32mtopic created[m          | client_key: 0x00000005, topic_id: 0x810(2), participant_id: 0x001(1)
[35m[1785143274.298870][m info     | [34mProxyClient.cpp   [m | [37mcreate_subscriber       [m | [32msubscriber created[m     | client_key: 0x00000005, subscriber_id: 0x810(4), participant_id: 0x001(1)
[35m[1785143274.299236][m info     | [34mProxyClient.cpp   [m | [37mcreate_datareader       [m | [32mdatareader created[m     | client_key: 0x00000005, datareader_id: 0x810(6), subscriber_id: 0x810(4)
[35m[1785143274.299431][m info     | [34mProxyClient.cpp   [m | [37mcreate_topic            [m | [32mtopic created[m          | client_key: 0x00000005, topic_id: 0x811(2), participant_id: 0x001(1)
[35m[1785143274.299452][m info     | [34mProxyClient.cpp   [m | [37mcreate_subscriber       [m | [32msubscriber created[m     | client_key: 0x00000005, subscriber_id: 0x811(4), participant_id: 0x001(1)
[35m[1785143274.299813][m info     | [34mProxyClient.cpp   [m | [37mcreate_datareader       [m | [32mdatareader created[m     | client_key: 0x00000005, datareader_id: 0x811(6), subscriber_id: 0x811(4)
[35m[1785143274.300006][m info     | [34mProxyClient.cpp   [m | [37mcreate_topic            [m | [32mtopic created[m          | client_key: 0x00000005, topic_id: 0x812(2), participant_id: 0x001(1)
[35m[1785143274.300032][m info     | [34mProxyClient.cpp   [m | [37mcreate_subscriber       [m | [32msubscriber created[m     | client_key: 0x00000005, subscriber_id: 0x812(4), participant_id: 0x001(1)
[35m[1785143274.300525][m info     | [34mProxyClient.cpp   [m | [37mcreate_datareader       [m | [32mdatareader created[m     | client_key: 0x00000005, datareader_id: 0x812(6), subscriber_id: 0x812(4)
[35m[1785143274.300775][m info     | [34mProxyClient.cpp   [m | [37mcreate_topic            [m | [32mtopic created[m          | client_key: 0x00000005, topic_id: 0x813(2), participant_id: 0x001(1)
[35m[1785143274.300806][m info     | [34mProxyClient.cpp   [m | [37mcreate_subscriber       [m | [32msubscriber created[m     | client_key: 0x00000005, subscriber_id: 0x813(4), participant_id: 0x001(1)
[35m[1785143274.301203][m info     | [34mProxyClient.cpp   [m | [37mcreate_datareader       [m | [32mdatareader created[m     | client_key: 0x00000005, datareader_id: 0x813(6), subscriber_id: 0x813(4)
[35m[1785143274.301397][m info     | [34mProxyClient.cpp   [m | [37mcreate_topic            [m | [32mtopic created[m          | client_key: 0x00000005, topic_id: 0x814(2), participant_id: 0x001(1)
[35m[1785143274.301425][m info     | [34mProxyClient.cpp   [m | [37mcreate_subscriber       [m | [32msubscriber created[m     | client_key: 0x00000005, subscriber_id: 0x814(4), participant_id: 0x001(1)
[35m[1785143274.301792][m info     | [34mProxyClient.cpp   [m | [37mcreate_datareader       [m | [32mdatareader created[m     | client_key: 0x00000005, datareader_id: 0x814(6), subscriber_id: 0x814(4)
[35m[1785143274.301955][m info     | [34mProxyClient.cpp   [m | [37mcreate_topic            [m | [32mtopic created[m          | client_key: 0x00000005, topic_id: 0x815(2), participant_id: 0x001(1)
[35m[1785143274.302015][m info     | [34mProxyClient.cpp   [m | [37mcreate_subscriber       [m | [32msubscriber created[m     | client_key: 0x00000005, subscriber_id: 0x815(4), participant_id: 0x001(1)
[35m[1785143274.302520][m info     | [34mProxyClient.cpp   [m | [37mcreate_datareader       [m | [32mdatareader created[m     | client_key: 0x00000005, datareader_id: 0x815(6), subscriber_id: 0x815(4)
[35m[1785143274.302671][m info     | [34mProxyClient.cpp   [m | [37mcreate_topic            [m | [32mtopic created[m          | client_key: 0x00000005, topic_id: 0x816(2), participant_id: 0x001(1)
[35m[1785143274.302725][m info     | [34mProxyClient.cpp   [m | [37mcreate_subscriber       [m | [32msubscriber created[m     | client_key: 0x00000005, subscriber_id: 0x816(4), participant_id: 0x001(1)
[35m[1785143274.303213][m info     | [34mProxyClient.cpp   [m | [37mcreate_datareader       [m | [32mdatareader created[m     | client_key: 0x00000005, datareader_id: 0x816(6), subscriber_id: 0x816(4)
[35m[1785143274.303361][m info     | [34mProxyClient.cpp   [m | [37mcreate_topic            [m | [32mtopic created[m          | client_key: 0x00000005, topic_id: 0x817(2), participant_id: 0x001(1)
[35m[1785143274.303417][m info     | [34mProxyClient.cpp   [m | [37mcreate_subscriber       [m | [32msubscriber created[m     | client_key: 0x00000005, subscriber_id: 0x817(4), participant_id: 0x001(1)
[35m[1785143274.303892][m info     | [34mProxyClient.cpp   [m | [37mcreate_datareader       [m | [32mdatareader created[m     | client_key: 0x00000005, datareader_id: 0x817(6), subscriber_id: 0x817(4)
[35m[1785143274.304049][m info     | [34mProxyClient.cpp   [m | [37mcreate_topic            [m | [32mtopic created[m          | client_key: 0x00000005, topic_id: 0x818(2), participant_id: 0x001(1)
[35m[1785143274.304101][m info     | [34mProxyClient.cpp   [m | [37mcreate_subscriber       [m | [32msubscriber created[m     | client_key: 0x00000005, subscriber_id: 0x818(4), participant_id: 0x001(1)
[35m[1785143274.304625][m info     | [34mProxyClient.cpp   [m | [37mcreate_datareader       [m | [32mdatareader created[m     | client_key: 0x00000005, datareader_id: 0x818(6), subscriber_id: 0x818(4)
[35m[1785143274.304805][m info     | [34mProxyClient.cpp   [m | [37mcreate_topic            [m | [32mtopic created[m          | client_key: 0x00000005, topic_id: 0x819(2), participant_id: 0x001(1)
[35m[1785143274.304852][m info     | [34mProxyClient.cpp   [m | [37mcreate_subscriber       [m | [32msubscriber created[m     | client_key: 0x00000005, subscriber_id: 0x819(4), participant_id: 0x001(1)
[35m[1785143274.305420][m info     | [34mProxyClient.cpp   [m | [37mcreate_datareader       [m | [32mdatareader created[m     | client_key: 0x00000005, datareader_id: 0x819(6), subscriber_id: 0x819(4)
[35m[1785143274.305570][m info     | [34mProxyClient.cpp   [m | [37mcreate_topic            [m | [32mtopic created[m          | client_key: 0x00000005, topic_id: 0x81A(2), participant_id: 0x001(1)
[35m[1785143274.305629][m info     | [34mProxyClient.cpp   [m | [37mcreate_subscriber       [m | [32msubscriber created[m     | client_key: 0x00000005, subscriber_id: 0x81A(4), participant_id: 0x001(1)
[35m[1785143274.306098][m info     | [34mProxyClient.cpp   [m | [37mcreate_datareader       [m | [32mdatareader created[m     | client_key: 0x00000005, datareader_id: 0x81A(6), subscriber_id: 0x81A(4)
[35m[1785143274.306372][m info     | [34mProxyClient.cpp   [m | [37mcreate_topic            [m | [32mtopic created[m          | client_key: 0x00000005, topic_id: 0x81B(2), participant_id: 0x001(1)
[35m[1785143274.306434][m info     | [34mProxyClient.cpp   [m | [37mcreate_subscriber       [m | [32msubscriber created[m     | client_key: 0x00000005, subscriber_id: 0x81B(4), participant_id: 0x001(1)
[35m[1785143274.306900][m info     | [34mProxyClient.cpp   [m | [37mcreate_datareader       [m | [32mdatareader created[m     | client_key: 0x00000005, datareader_id: 0x81B(6), subscriber_id: 0x81B(4)
[35m[1785143274.307071][m info     | [34mProxyClient.cpp   [m | [37mcreate_topic            [m | [32mtopic created[m          | client_key: 0x00000005, topic_id: 0x81C(2), participant_id: 0x001(1)
[35m[1785143274.307114][m info     | [34mProxyClient.cpp   [m | [37mcreate_subscriber       [m | [32msubscriber created[m     | client_key: 0x00000005, subscriber_id: 0x81C(4), participant_id: 0x001(1)
[35m[1785143274.307582][m info     | [34mProxyClient.cpp   [m | [37mcreate_datareader       [m | [32mdatareader created[m     | client_key: 0x00000005, datareader_id: 0x81C(6), subscriber_id: 0x81C(4)
[35m[1785143274.308669][m info     | [34mProxyClient.cpp   [m | [37mcreate_replier          [m | [32mreplier created[m        | client_key: 0x00000005, requester_id: 0x800(7), participant_id: 0x001(1)
[35m[1785143274.936867][m info     | [34mRoot.cpp          [m | [37mcreate_client           [m | [32mcreate[m                 | client_key: 0x00000006, session_id: 0x81
[35m[1785143274.936887][m info     | [34mSessionManager.hpp[m | [37mestablish_session       [m | [32msession established[m    | client_key: 0x00000006, address: 127.0.0.1:53382
[35m[1785143274.938766][m info     | [34mProxyClient.cpp   [m | [37mcreate_participant      [m | [32mparticipant created[m    | client_key: 0x00000006, participant_id: 0x001(1)
[35m[1785143274.938870][m info     | [34mProxyClient.cpp   [m | [37mcreate_topic            [m | [32mtopic created[m          | client_key: 0x00000006, topic_id: 0x800(2), participant_id: 0x001(1)
[35m[1785143274.938900][m info     | [34mProxyClient.cpp   [m | [37mcreate_subscriber       [m | [32msubscriber created[m     | client_key: 0x00000006, subscriber_id: 0x800(4), participant_id: 0x001(1)
[35m[1785143274.939345][m info     | [34mProxyClient.cpp   [m | [37mcreate_datareader       [m | [32mdatareader created[m     | client_key: 0x00000006, datareader_id: 0x800(6), subscriber_id: 0x800(4)
[35m[1785143274.939485][m info     | [34mProxyClient.cpp   [m | [37mcreate_topic            [m | [32mtopic created[m          | client_key: 0x00000006, topic_id: 0x801(2), participant_id: 0x001(1)
[35m[1785143274.939513][m info     | [34mProxyClient.cpp   [m | [37mcreate_subscriber       [m | [32msubscriber created[m     | client_key: 0x00000006, subscriber_id: 0x801(4), participant_id: 0x001(1)
[35m[1785143274.939859][m info     | [34mProxyClient.cpp   [m | [37mcreate_datareader       [m | [32mdatareader created[m     | client_key: 0x00000006, datareader_id: 0x801(6), subscriber_id: 0x801(4)
[35m[1785143274.939957][m info     | [34mProxyClient.cpp   [m | [37mcreate_topic            [m | [32mtopic created[m          | client_key: 0x00000006, topic_id: 0x802(2), participant_id: 0x001(1)
[35m[1785143274.939971][m info     | [34mProxyClient.cpp   [m | [37mcreate_subscriber       [m | [32msubscriber created[m     | client_key: 0x00000006, subscriber_id: 0x802(4), participant_id: 0x001(1)
[35m[1785143274.940252][m info     | [34mProxyClient.cpp   [m | [37mcreate_datareader       [m | [32mdatareader created[m     | client_key: 0x00000006, datareader_id: 0x802(6), subscriber_id: 0x802(4)
[35m[1785143274.940350][m info     | [34mProxyClient.cpp   [m | [37mcreate_topic            [m | [32mtopic created[m          | client_key: 0x00000006, topic_id: 0x803(2), participant_id: 0x001(1)
[35m[1785143274.940369][m info     | [34mProxyClient.cpp   [m | [37mcreate_subscriber       [m | [32msubscriber created[m     | client_key: 0x00000006, subscriber_id: 0x803(4), participant_id: 0x001(1)
[35m[1785143274.940699][m info     | [34mProxyClient.cpp   [m | [37mcreate_datareader       [m | [32mdatareader created[m     | client_key: 0x00000006, datareader_id: 0x803(6), subscriber_id: 0x803(4)
[35m[1785143274.940817][m info     | [34mProxyClient.cpp   [m | [37mcreate_topic            [m | [32mtopic created[m          | client_key: 0x00000006, topic_id: 0x804(2), participant_id: 0x001(1)
[35m[1785143274.940835][m info     | [34mProxyClient.cpp   [m | [37mcreate_subscriber       [m | [32msubscriber created[m     | client_key: 0x00000006, subscriber_id: 0x804(4), participant_id: 0x001(1)
[35m[1785143274.941087][m info     | [34mProxyClient.cpp   [m | [37mcreate_datareader       [m | [32mdatareader created[m     | client_key: 0x00000006, datareader_id: 0x804(6), subscriber_id: 0x804(4)
[35m[1785143274.941192][m info     | [34mProxyClient.cpp   [m | [37mcreate_topic            [m | [32mtopic created[m          | client_key: 0x00000006, topic_id: 0x805(2), participant_id: 0x001(1)
[35m[1785143274.941211][m info     | [34mProxyClient.cpp   [m | [37mcreate_subscriber       [m | [32msubscriber created[m     | client_key: 0x00000006, subscriber_id: 0x805(4), participant_id: 0x001(1)
[35m[1785143274.941483][m info     | [34mProxyClient.cpp   [m | [37mcreate_datareader       [m | [32mdatareader created[m     | client_key: 0x00000006, datareader_id: 0x805(6), subscriber_id: 0x805(4)
[35m[1785143274.941571][m info     | [34mProxyClient.cpp   [m | [37mcreate_topic            [m | [32mtopic created[m          | client_key: 0x00000006, topic_id: 0x806(2), participant_id: 0x001(1)
[35m[1785143274.941590][m info     | [34mProxyClient.cpp   [m | [37mcreate_subscriber       [m | [32msubscriber created[m     | client_key: 0x00000006, subscriber_id: 0x806(4), participant_id: 0x001(1)
[35m[1785143274.941957][m info     | [34mProxyClient.cpp   [m | [37mcreate_datareader       [m | [32mdatareader created[m     | client_key: 0x00000006, datareader_id: 0x806(6), subscriber_id: 0x806(4)
[35m[1785143274.942083][m info     | [34mProxyClient.cpp   [m | [37mcreate_topic            [m | [32mtopic created[m          | client_key: 0x00000006, topic_id: 0x807(2), participant_id: 0x001(1)
[35m[1785143274.942098][m info     | [34mProxyClient.cpp   [m | [37mcreate_subscriber       [m | [32msubscriber created[m     | client_key: 0x00000006, subscriber_id: 0x807(4), participant_id: 0x001(1)
[35m[1785143274.942393][m info     | [34mProxyClient.cpp   [m | [37mcreate_datareader       [m | [32mdatareader created[m     | client_key: 0x00000006, datareader_id: 0x807(6), subscriber_id: 0x807(4)
[35m[1785143274.942508][m info     | [34mProxyClient.cpp   [m | [37mcreate_topic            [m | [32mtopic created[m          | client_key: 0x00000006, topic_id: 0x808(2), participant_id: 0x001(1)
[35m[1785143274.942527][m info     | [34mProxyClient.cpp   [m | [37mcreate_subscriber       [m | [32msubscriber created[m     | client_key: 0x00000006, subscriber_id: 0x808(4), participant_id: 0x001(1)
[35m[1785143274.942773][m info     | [34mProxyClient.cpp   [m | [37mcreate_datareader       [m | [32mdatareader created[m     | client_key: 0x00000006, datareader_id: 0x808(6), subscriber_id: 0x808(4)
[35m[1785143274.942865][m info     | [34mProxyClient.cpp   [m | [37mcreate_topic            [m | [32mtopic created[m          | client_key: 0x00000006, topic_id: 0x809(2), participant_id: 0x001(1)
[35m[1785143274.942880][m info     | [34mProxyClient.cpp   [m | [37mcreate_subscriber       [m | [32msubscriber created[m     | client_key: 0x00000006, subscriber_id: 0x809(4), participant_id: 0x001(1)
[35m[1785143274.943106][m info     | [34mProxyClient.cpp   [m | [37mcreate_datareader       [m | [32mdatareader created[m     | client_key: 0x00000006, datareader_id: 0x809(6), subscriber_id: 0x809(4)
[35m[1785143274.943199][m info     | [34mProxyClient.cpp   [m | [37mcreate_topic            [m | [32mtopic created[m          | client_key: 0x00000006, topic_id: 0x80A(2), participant_id: 0x001(1)
[35m[1785143274.943218][m info     | [34mProxyClient.cpp   [m | [37mcreate_subscriber       [m | [32msubscriber created[m     | client_key: 0x00000006, subscriber_id: 0x80A(4), participant_id: 0x001(1)
[35m[1785143274.943440][m info     | [34mProxyClient.cpp   [m | [37mcreate_datareader       [m | [32mdatareader created[m     | client_key: 0x00000006, datareader_id: 0x80A(6), subscriber_id: 0x80A(4)
[35m[1785143274.943535][m info     | [34mProxyClient.cpp   [m | [37mcreate_topic            [m | [32mtopic created[m          | client_key: 0x00000006, topic_id: 0x80B(2), participant_id: 0x001(1)
[35m[1785143274.943553][m info     | [34mProxyClient.cpp   [m | [37mcreate_subscriber       [m | [32msubscriber created[m     | client_key: 0x00000006, subscriber_id: 0x80B(4), participant_id: 0x001(1)
[35m[1785143274.943808][m info     | [34mProxyClient.cpp   [m | [37mcreate_datareader       [m | [32mdatareader created[m     | client_key: 0x00000006, datareader_id: 0x80B(6), subscriber_id: 0x80B(4)
[35m[1785143274.943892][m info     | [34mProxyClient.cpp   [m | [37mcreate_topic            [m | [32mtopic created[m          | client_key: 0x00000006, topic_id: 0x80C(2), participant_id: 0x001(1)
[35m[1785143274.943903][m info     | [34mProxyClient.cpp   [m | [37mcreate_subscriber       [m | [32msubscriber created[m     | client_key: 0x00000006, subscriber_id: 0x80C(4), participant_id: 0x001(1)
[35m[1785143274.944125][m info     | [34mProxyClient.cpp   [m | [37mcreate_datareader       [m | [32mdatareader created[m     | client_key: 0x00000006, datareader_id: 0x80C(6), subscriber_id: 0x80C(4)
[35m[1785143274.944217][m info     | [34mProxyClient.cpp   [m | [37mcreate_topic            [m | [32mtopic created[m          | client_key: 0x00000006, topic_id: 0x80D(2), participant_id: 0x001(1)
[35m[1785143274.944236][m info     | [34mProxyClient.cpp   [m | [37mcreate_subscriber       [m | [32msubscriber created[m     | client_key: 0x00000006, subscriber_id: 0x80D(4), participant_id: 0x001(1)
[35m[1785143274.944456][m info     | [34mProxyClient.cpp   [m | [37mcreate_datareader       [m | [32mdatareader created[m     | client_key: 0x00000006, datareader_id: 0x80D(6), subscriber_id: 0x80D(4)
[35m[1785143274.944532][m info     | [34mProxyClient.cpp   [m | [37mcreate_topic            [m | [32mtopic created[m          | client_key: 0x00000006, topic_id: 0x80E(2), participant_id: 0x001(1)
[35m[1785143274.944543][m info     | [34mProxyClient.cpp   [m | [37mcreate_subscriber       [m | [32msubscriber created[m     | client_key: 0x00000006, subscriber_id: 0x80E(4), participant_id: 0x001(1)
[35m[1785143274.944760][m info     | [34mProxyClient.cpp   [m | [37mcreate_datareader       [m | [32mdatareader created[m     | client_key: 0x00000006, datareader_id: 0x80E(6), subscriber_id: 0x80E(4)
[35m[1785143274.944843][m info     | [34mProxyClient.cpp   [m | [37mcreate_topic            [m | [32mtopic created[m          | client_key: 0x00000006, topic_id: 0x80F(2), participant_id: 0x001(1)
[35m[1785143274.944855][m info     | [34mProxyClient.cpp   [m | [37mcreate_subscriber       [m | [32msubscriber created[m     | client_key: 0x00000006, subscriber_id: 0x80F(4), participant_id: 0x001(1)
[35m[1785143274.945077][m info     | [34mProxyClient.cpp   [m | [37mcreate_datareader       [m | [32mdatareader created[m     | client_key: 0x00000006, datareader_id: 0x80F(6), subscriber_id: 0x80F(4)
[35m[1785143274.945160][m info     | [34mProxyClient.cpp   [m | [37mcreate_topic            [m | [32mtopic created[m          | client_key: 0x00000006, topic_id: 0x810(2), participant_id: 0x001(1)
[35m[1785143274.945179][m info     | [34mProxyClient.cpp   [m | [37mcreate_subscriber       [m | [32msubscriber created[m     | client_key: 0x00000006, subscriber_id: 0x810(4), participant_id: 0x001(1)
[35m[1785143274.945398][m info     | [34mProxyClient.cpp   [m | [37mcreate_datareader       [m | [32mdatareader created[m     | client_key: 0x00000006, datareader_id: 0x810(6), subscriber_id: 0x810(4)
[35m[1785143274.945472][m info     | [34mProxyClient.cpp   [m | [37mcreate_topic            [m | [32mtopic created[m          | client_key: 0x00000006, topic_id: 0x811(2), participant_id: 0x001(1)
[35m[1785143274.945482][m info     | [34mProxyClient.cpp   [m | [37mcreate_subscriber       [m | [32msubscriber created[m     | client_key: 0x00000006, subscriber_id: 0x811(4), participant_id: 0x001(1)
[35m[1785143274.945701][m info     | [34mProxyClient.cpp   [m | [37mcreate_datareader       [m | [32mdatareader created[m     | client_key: 0x00000006, datareader_id: 0x811(6), subscriber_id: 0x811(4)
[35m[1785143274.945776][m info     | [34mProxyClient.cpp   [m | [37mcreate_topic            [m | [32mtopic created[m          | client_key: 0x00000006, topic_id: 0x812(2), participant_id: 0x001(1)
[35m[1785143274.945787][m info     | [34mProxyClient.cpp   [m | [37mcreate_subscriber       [m | [32msubscriber created[m     | client_key: 0x00000006, subscriber_id: 0x812(4), participant_id: 0x001(1)
[35m[1785143274.946002][m info     | [34mProxyClient.cpp   [m | [37mcreate_datareader       [m | [32mdatareader created[m     | client_key: 0x00000006, datareader_id: 0x812(6), subscriber_id: 0x812(4)
[35m[1785143274.946083][m info     | [34mProxyClient.cpp   [m | [37mcreate_topic            [m | [32mtopic created[m          | client_key: 0x00000006, topic_id: 0x813(2), participant_id: 0x001(1)
[35m[1785143274.946100][m info     | [34mProxyClient.cpp   [m | [37mcreate_subscriber       [m | [32msubscriber created[m     | client_key: 0x00000006, subscriber_id: 0x813(4), participant_id: 0x001(1)
[35m[1785143274.946329][m info     | [34mProxyClient.cpp   [m | [37mcreate_datareader       [m | [32mdatareader created[m     | client_key: 0x00000006, datareader_id: 0x813(6), subscriber_id: 0x813(4)
[35m[1785143274.946405][m info     | [34mProxyClient.cpp   [m | [37mcreate_topic            [m | [32mtopic created[m          | client_key: 0x00000006, topic_id: 0x814(2), participant_id: 0x001(1)
[35m[1785143274.946416][m info     | [34mProxyClient.cpp   [m | [37mcreate_subscriber       [m | [32msubscriber created[m     | client_key: 0x00000006, subscriber_id: 0x814(4), participant_id: 0x001(1)
[35m[1785143274.946641][m info     | [34mProxyClient.cpp   [m | [37mcreate_datareader       [m | [32mdatareader created[m     | client_key: 0x00000006, datareader_id: 0x814(6), subscriber_id: 0x814(4)
[35m[1785143274.946718][m info     | [34mProxyClient.cpp   [m | [37mcreate_topic            [m | [32mtopic created[m          | client_key: 0x00000006, topic_id: 0x815(2), participant_id: 0x001(1)
[35m[1785143274.946728][m info     | [34mProxyClient.cpp   [m | [37mcreate_subscriber       [m | [32msubscriber created[m     | client_key: 0x00000006, subscriber_id: 0x815(4), participant_id: 0x001(1)
[35m[1785143274.946955][m info     | [34mProxyClient.cpp   [m | [37mcreate_datareader       [m | [32mdatareader created[m     | client_key: 0x00000006, datareader_id: 0x815(6), subscriber_id: 0x815(4)
[35m[1785143274.947027][m info     | [34mProxyClient.cpp   [m | [37mcreate_topic            [m | [32mtopic created[m          | client_key: 0x00000006, topic_id: 0x816(2), participant_id: 0x001(1)
[35m[1785143274.947047][m info     | [34mProxyClient.cpp   [m | [37mcreate_subscriber       [m | [32msubscriber created[m     | client_key: 0x00000006, subscriber_id: 0x816(4), participant_id: 0x001(1)
[35m[1785143274.947279][m info     | [34mProxyClient.cpp   [m | [37mcreate_datareader       [m | [32mdatareader created[m     | client_key: 0x00000006, datareader_id: 0x816(6), subscriber_id: 0x816(4)
[35m[1785143274.947359][m info     | [34mProxyClient.cpp   [m | [37mcreate_topic            [m | [32mtopic created[m          | client_key: 0x00000006, topic_id: 0x817(2), participant_id: 0x001(1)
[35m[1785143274.947374][m info     | [34mProxyClient.cpp   [m | [37mcreate_subscriber       [m | [32msubscriber created[m     | client_key: 0x00000006, subscriber_id: 0x817(4), participant_id: 0x001(1)
[35m[1785143274.947619][m info     | [34mProxyClient.cpp   [m | [37mcreate_datareader       [m | [32mdatareader created[m     | client_key: 0x00000006, datareader_id: 0x817(6), subscriber_id: 0x817(4)
[35m[1785143274.947695][m info     | [34mProxyClient.cpp   [m | [37mcreate_topic            [m | [32mtopic created[m          | client_key: 0x00000006, topic_id: 0x818(2), participant_id: 0x001(1)
[35m[1785143274.947711][m info     | [34mProxyClient.cpp   [m | [37mcreate_subscriber       [m | [32msubscriber created[m     | client_key: 0x00000006, subscriber_id: 0x818(4), participant_id: 0x001(1)
[35m[1785143274.947924][m info     | [34mProxyClient.cpp   [m | [37mcreate_datareader       [m | [32mdatareader created[m     | client_key: 0x00000006, datareader_id: 0x818(6), subscriber_id: 0x818(4)
[35m[1785143274.947995][m info     | [34mProxyClient.cpp   [m | [37mcreate_topic            [m | [32mtopic created[m          | client_key: 0x00000006, topic_id: 0x819(2), participant_id: 0x001(1)
[35m[1785143274.948005][m info     | [34mProxyClient.cpp   [m | [37mcreate_subscriber       [m | [32msubscriber created[m     | client_key: 0x00000006, subscriber_id: 0x819(4), participant_id: 0x001(1)
[35m[1785143274.948230][m info     | [34mProxyClient.cpp   [m | [37mcreate_datareader       [m | [32mdatareader created[m     | client_key: 0x00000006, datareader_id: 0x819(6), subscriber_id: 0x819(4)
[35m[1785143274.948302][m info     | [34mProxyClient.cpp   [m | [37mcreate_topic            [m | [32mtopic created[m          | client_key: 0x00000006, topic_id: 0x81A(2), participant_id: 0x001(1)
[35m[1785143274.948318][m info     | [34mProxyClient.cpp   [m | [37mcreate_subscriber       [m | [32msubscriber created[m     | client_key: 0x00000006, subscriber_id: 0x81A(4), participant_id: 0x001(1)
[35m[1785143274.948527][m info     | [34mProxyClient.cpp   [m | [37mcreate_datareader       [m | [32mdatareader created[m     | client_key: 0x00000006, datareader_id: 0x81A(6), subscriber_id: 0x81A(4)
[35m[1785143274.948604][m info     | [34mProxyClient.cpp   [m | [37mcreate_topic            [m | [32mtopic created[m          | client_key: 0x00000006, topic_id: 0x81B(2), participant_id: 0x001(1)
[35m[1785143274.948615][m info     | [34mProxyClient.cpp   [m | [37mcreate_subscriber       [m | [32msubscriber created[m     | client_key: 0x00000006, subscriber_id: 0x81B(4), participant_id: 0x001(1)
[35m[1785143274.948834][m info     | [34mProxyClient.cpp   [m | [37mcreate_datareader       [m | [32mdatareader created[m     | client_key: 0x00000006, datareader_id: 0x81B(6), subscriber_id: 0x81B(4)
[35m[1785143274.948909][m info     | [34mProxyClient.cpp   [m | [37mcreate_topic            [m | [32mtopic created[m          | client_key: 0x00000006, topic_id: 0x81C(2), participant_id: 0x001(1)
[35m[1785143274.948920][m info     | [34mProxyClient.cpp   [m | [37mcreate_subscriber       [m | [32msubscriber created[m     | client_key: 0x00000006, subscriber_id: 0x81C(4), participant_id: 0x001(1)
[35m[1785143274.949155][m info     | [34mProxyClient.cpp   [m | [37mcreate_datareader       [m | [32mdatareader created[m     | client_key: 0x00000006, datareader_id: 0x81C(6), subscriber_id: 0x81C(4)
[35m[1785143274.950550][m info     | [34mProxyClient.cpp   [m | [37mcreate_replier          [m | [32mreplier created[m        | client_key: 0x00000006, requester_id: 0x800(7), participant_id: 0x001(1)
[35m[1785143279.100260][m info     | [34mProxyClient.cpp   [m | [37mcreate_topic            [m | [32mtopic created[m          | client_key: 0x00000002, topic_id: 0x013(2), participant_id: 0x001(1)
[35m[1785143279.100330][m info     | [34mProxyClient.cpp   [m | [37mcreate_publisher        [m | [32mpublisher created[m      | client_key: 0x00000002, publisher_id: 0x013(3), participant_id: 0x001(1)
[35m[1785143279.100803][m info     | [34mProxyClient.cpp   [m | [37mcreate_datawriter       [m | [32mdatawriter created[m     | client_key: 0x00000002, datawriter_id: 0x013(5), publisher_id: 0x013(3)
[35m[1785143279.100892][m info     | [34mProxyClient.cpp   [m | [37mcreate_topic            [m | [32mtopic created[m          | client_key: 0x00000002, topic_id: 0x057(2), participant_id: 0x001(1)
[35m[1785143279.100906][m info     | [34mProxyClient.cpp   [m | [37mcreate_publisher        [m | [32mpublisher created[m      | client_key: 0x00000002, publisher_id: 0x057(3), participant_id: 0x001(1)
[35m[1785143279.101151][m info     | [34mProxyClient.cpp   [m | [37mcreate_datawriter       [m | [32mdatawriter created[m     | client_key: 0x00000002, datawriter_id: 0x057(5), publisher_id: 0x057(3)
[35m[1785143279.101244][m info     | [34mProxyClient.cpp   [m | [37mcreate_topic            [m | [32mtopic created[m          | client_key: 0x00000002, topic_id: 0x05D(2), participant_id: 0x001(1)
[35m[1785143279.101259][m info     | [34mProxyClient.cpp   [m | [37mcreate_publisher        [m | [32mpublisher created[m      | client_key: 0x00000002, publisher_id: 0x05D(3), participant_id: 0x001(1)
[35m[1785143279.101498][m info     | [34mProxyClient.cpp   [m | [37mcreate_datawriter       [m | [32mdatawriter created[m     | client_key: 0x00000002, datawriter_id: 0x05D(5), publisher_id: 0x05D(3)
[35m[1785143279.101552][m info     | [34mProxyClient.cpp   [m | [37mcreate_topic            [m | [32mtopic created[m          | client_key: 0x00000002, topic_id: 0x08D(2), participant_id: 0x001(1)
[35m[1785143279.101569][m info     | [34mProxyClient.cpp   [m | [37mcreate_publisher        [m | [32mpublisher created[m      | client_key: 0x00000002, publisher_id: 0x08D(3), participant_id: 0x001(1)
[35m[1785143279.101777][m info     | [34mProxyClient.cpp   [m | [37mcreate_datawriter       [m | [32mdatawriter created[m     | client_key: 0x00000002, datawriter_id: 0x08D(5), publisher_id: 0x08D(3)
[35m[1785143279.101837][m info     | [34mProxyClient.cpp   [m | [37mcreate_topic            [m | [32mtopic created[m          | client_key: 0x00000002, topic_id: 0x0B4(2), participant_id: 0x001(1)
[35m[1785143279.101848][m info     | [34mProxyClient.cpp   [m | [37mcreate_publisher        [m | [32mpublisher created[m      | client_key: 0x00000002, publisher_id: 0x0B4(3), participant_id: 0x001(1)
[35m[1785143279.102045][m info     | [34mProxyClient.cpp   [m | [37mcreate_datawriter       [m | [32mdatawriter created[m     | client_key: 0x00000002, datawriter_id: 0x0B4(5), publisher_id: 0x0B4(3)
[35m[1785143279.102098][m info     | [34mProxyClient.cpp   [m | [37mcreate_topic            [m | [32mtopic created[m          | client_key: 0x00000002, topic_id: 0x0CB(2), participant_id: 0x001(1)
[35m[1785143279.102116][m info     | [34mProxyClient.cpp   [m | [37mcreate_publisher        [m | [32mpublisher created[m      | client_key: 0x00000002, publisher_id: 0x0CB(3), participant_id: 0x001(1)
[35m[1785143279.102313][m info     | [34mProxyClient.cpp   [m | [37mcreate_datawriter       [m | [32mdatawriter created[m     | client_key: 0x00000002, datawriter_id: 0x0CB(5), publisher_id: 0x0CB(3)
[35m[1785143279.102379][m info     | [34mProxyClient.cpp   [m | [37mcreate_topic            [m | [32mtopic created[m          | client_key: 0x00000002, topic_id: 0x0E2(2), participant_id: 0x001(1)
[35m[1785143279.102394][m info     | [34mProxyClient.cpp   [m | [37mcreate_publisher        [m | [32mpublisher created[m      | client_key: 0x00000002, publisher_id: 0x0E2(3), participant_id: 0x001(1)
[35m[1785143279.102590][m info     | [34mProxyClient.cpp   [m | [37mcreate_datawriter       [m | [32mdatawriter created[m     | client_key: 0x00000002, datawriter_id: 0x0E2(5), publisher_id: 0x0E2(3)
[35m[1785143279.102641][m info     | [34mProxyClient.cpp   [m | [37mcreate_topic            [m | [32mtopic created[m          | client_key: 0x00000002, topic_id: 0x0F2(2), participant_id: 0x001(1)
[35m[1785143279.102657][m info     | [34mProxyClient.cpp   [m | [37mcreate_publisher        [m | [32mpublisher created[m      | client_key: 0x00000002, publisher_id: 0x0F2(3), participant_id: 0x001(1)
[35m[1785143279.102849][m info     | [34mProxyClient.cpp   [m | [37mcreate_datawriter       [m | [32mdatawriter created[m     | client_key: 0x00000002, datawriter_id: 0x0F2(5), publisher_id: 0x0F2(3)
[35m[1785143279.102901][m info     | [34mProxyClient.cpp   [m | [37mcreate_topic            [m | [32mtopic created[m          | client_key: 0x00000002, topic_id: 0x0F9(2), participant_id: 0x001(1)
[35m[1785143279.102917][m info     | [34mProxyClient.cpp   [m | [37mcreate_publisher        [m | [32mpublisher created[m      | client_key: 0x00000002, publisher_id: 0x0F9(3), participant_id: 0x001(1)
[35m[1785143279.103108][m info     | [34mProxyClient.cpp   [m | [37mcreate_datawriter       [m | [32mdatawriter created[m     | client_key: 0x00000002, datawriter_id: 0x0F9(5), publisher_id: 0x0F9(3)
[35m[1785143279.103169][m info     | [34mProxyClient.cpp   [m | [37mcreate_topic            [m | [32mtopic created[m          | client_key: 0x00000002, topic_id: 0x0FA(2), participant_id: 0x001(1)
[35m[1785143279.103182][m info     | [34mProxyClient.cpp   [m | [37mcreate_publisher        [m | [32mpublisher created[m      | client_key: 0x00000002, publisher_id: 0x0FA(3), participant_id: 0x001(1)
[35m[1785143279.103373][m info     | [34mProxyClient.cpp   [m | [37mcreate_datawriter       [m | [32mdatawriter created[m     | client_key: 0x00000002, datawriter_id: 0x0FA(5), publisher_id: 0x0FA(3)
[35m[1785143279.103434][m info     | [34mProxyClient.cpp   [m | [37mcreate_topic            [m | [32mtopic created[m          | client_key: 0x00000002, topic_id: 0x0FC(2), participant_id: 0x001(1)
[35m[1785143279.103449][m info     | [34mProxyClient.cpp   [m | [37mcreate_publisher        [m | [32mpublisher created[m      | client_key: 0x00000002, publisher_id: 0x0FC(3), participant_id: 0x001(1)
[35m[1785143279.103637][m info     | [34mProxyClient.cpp   [m | [37mcreate_datawriter       [m | [32mdatawriter created[m     | client_key: 0x00000002, datawriter_id: 0x0FC(5), publisher_id: 0x0FC(3)
[35m[1785143279.103695][m info     | [34mProxyClient.cpp   [m | [37mcreate_topic            [m | [32mtopic created[m          | client_key: 0x00000002, topic_id: 0x100(2), participant_id: 0x001(1)
[35m[1785143279.103706][m info     | [34mProxyClient.cpp   [m | [37mcreate_publisher        [m | [32mpublisher created[m      | client_key: 0x00000002, publisher_id: 0x100(3), participant_id: 0x001(1)
[35m[1785143279.103897][m info     | [34mProxyClient.cpp   [m | [37mcreate_datawriter       [m | [32mdatawriter created[m     | client_key: 0x00000002, datawriter_id: 0x100(5), publisher_id: 0x100(3)
[35m[1785143279.103959][m info     | [34mProxyClient.cpp   [m | [37mcreate_topic            [m | [32mtopic created[m          | client_key: 0x00000002, topic_id: 0x105(2), participant_id: 0x001(1)
[35m[1785143279.103969][m info     | [34mProxyClient.cpp   [m | [37mcreate_publisher        [m | [32mpublisher created[m      | client_key: 0x00000002, publisher_id: 0x105(3), participant_id: 0x001(1)
[35m[1785143279.104200][m info     | [34mProxyClient.cpp   [m | [37mcreate_datawriter       [m | [32mdatawriter created[m     | client_key: 0x00000002, datawriter_id: 0x105(5), publisher_id: 0x105(3)
[35m[1785143279.104265][m info     | [34mProxyClient.cpp   [m | [37mcreate_topic            [m | [32mtopic created[m          | client_key: 0x00000002, topic_id: 0x10A(2), participant_id: 0x001(1)
[35m[1785143279.104277][m info     | [34mProxyClient.cpp   [m | [37mcreate_publisher        [m | [32mpublisher created[m      | client_key: 0x00000002, publisher_id: 0x10A(3), participant_id: 0x001(1)
[35m[1785143279.104485][m info     | [34mProxyClient.cpp   [m | [37mcreate_datawriter       [m | [32mdatawriter created[m     | client_key: 0x00000002, datawriter_id: 0x10A(5), publisher_id: 0x10A(3)
[35m[1785143279.324338][m info     | [34mProxyClient.cpp   [m | [37mcreate_topic            [m | [32mtopic created[m          | client_key: 0x00000003, topic_id: 0x013(2), participant_id: 0x001(1)
[35m[1785143279.324384][m info     | [34mProxyClient.cpp   [m | [37mcreate_publisher        [m | [32mpublisher created[m      | client_key: 0x00000003, publisher_id: 0x013(3), participant_id: 0x001(1)
[35m[1785143279.324874][m info     | [34mProxyClient.cpp   [m | [37mcreate_datawriter       [m | [32mdatawriter created[m     | client_key: 0x00000003, datawriter_id: 0x013(5), publisher_id: 0x013(3)
[35m[1785143279.324970][m info     | [34mProxyClient.cpp   [m | [37mcreate_topic            [m | [32mtopic created[m          | client_key: 0x00000003, topic_id: 0x057(2), participant_id: 0x001(1)
[35m[1785143279.324990][m info     | [34mProxyClient.cpp   [m | [37mcreate_publisher        [m | [32mpublisher created[m      | client_key: 0x00000003, publisher_id: 0x057(3), participant_id: 0x001(1)
[35m[1785143279.325372][m info     | [34mProxyClient.cpp   [m | [37mcreate_datawriter       [m | [32mdatawriter created[m     | client_key: 0x00000003, datawriter_id: 0x057(5), publisher_id: 0x057(3)
[35m[1785143279.325445][m info     | [34mProxyClient.cpp   [m | [37mcreate_topic            [m | [32mtopic created[m          | client_key: 0x00000003, topic_id: 0x05D(2), participant_id: 0x001(1)
[35m[1785143279.325481][m info     | [34mProxyClient.cpp   [m | [37mcreate_publisher        [m | [32mpublisher created[m      | client_key: 0x00000003, publisher_id: 0x05D(3), participant_id: 0x001(1)
[35m[1785143279.325780][m info     | [34mProxyClient.cpp   [m | [37mcreate_datawriter       [m | [32mdatawriter created[m     | client_key: 0x00000003, datawriter_id: 0x05D(5), publisher_id: 0x05D(3)
[35m[1785143279.325842][m info     | [34mProxyClient.cpp   [m | [37mcreate_topic            [m | [32mtopic created[m          | client_key: 0x00000003, topic_id: 0x08D(2), participant_id: 0x001(1)
[35m[1785143279.325857][m info     | [34mProxyClient.cpp   [m | [37mcreate_publisher        [m | [32mpublisher created[m      | client_key: 0x00000003, publisher_id: 0x08D(3), participant_id: 0x001(1)
[35m[1785143279.326075][m info     | [34mProxyClient.cpp   [m | [37mcreate_datawriter       [m | [32mdatawriter created[m     | client_key: 0x00000003, datawriter_id: 0x08D(5), publisher_id: 0x08D(3)
[35m[1785143279.326129][m info     | [34mProxyClient.cpp   [m | [37mcreate_topic            [m | [32mtopic created[m          | client_key: 0x00000003, topic_id: 0x0B4(2), participant_id: 0x001(1)
[35m[1785143279.326147][m info     | [34mProxyClient.cpp   [m | [37mcreate_publisher        [m | [32mpublisher created[m      | client_key: 0x00000003, publisher_id: 0x0B4(3), participant_id: 0x001(1)
[35m[1785143279.326344][m info     | [34mProxyClient.cpp   [m | [37mcreate_datawriter       [m | [32mdatawriter created[m     | client_key: 0x00000003, datawriter_id: 0x0B4(5), publisher_id: 0x0B4(3)
[35m[1785143279.326401][m info     | [34mProxyClient.cpp   [m | [37mcreate_topic            [m | [32mtopic created[m          | client_key: 0x00000003, topic_id: 0x0CB(2), participant_id: 0x001(1)
[35m[1785143279.326417][m info     | [34mProxyClient.cpp   [m | [37mcreate_publisher        [m | [32mpublisher created[m      | client_key: 0x00000003, publisher_id: 0x0CB(3), participant_id: 0x001(1)
[35m[1785143279.326613][m info     | [34mProxyClient.cpp   [m | [37mcreate_datawriter       [m | [32mdatawriter created[m     | client_key: 0x00000003, datawriter_id: 0x0CB(5), publisher_id: 0x0CB(3)
[35m[1785143279.326666][m info     | [34mProxyClient.cpp   [m | [37mcreate_topic            [m | [32mtopic created[m          | client_key: 0x00000003, topic_id: 0x0E2(2), participant_id: 0x001(1)
[35m[1785143279.326676][m info     | [34mProxyClient.cpp   [m | [37mcreate_publisher        [m | [32mpublisher created[m      | client_key: 0x00000003, publisher_id: 0x0E2(3), participant_id: 0x001(1)
[35m[1785143279.326878][m info     | [34mProxyClient.cpp   [m | [37mcreate_datawriter       [m | [32mdatawriter created[m     | client_key: 0x00000003, datawriter_id: 0x0E2(5), publisher_id: 0x0E2(3)
[35m[1785143279.326923][m info     | [34mProxyClient.cpp   [m | [37mcreate_topic            [m | [32mtopic created[m          | client_key: 0x00000003, topic_id: 0x0F2(2), participant_id: 0x001(1)
[35m[1785143279.326944][m info     | [34mProxyClient.cpp   [m | [37mcreate_publisher        [m | [32mpublisher created[m      | client_key: 0x00000003, publisher_id: 0x0F2(3), participant_id: 0x001(1)
[35m[1785143279.327141][m info     | [34mProxyClient.cpp   [m | [37mcreate_datawriter       [m | [32mdatawriter created[m     | client_key: 0x00000003, datawriter_id: 0x0F2(5), publisher_id: 0x0F2(3)
[35m[1785143279.327193][m info     | [34mProxyClient.cpp   [m | [37mcreate_topic            [m | [32mtopic created[m          | client_key: 0x00000003, topic_id: 0x0F9(2), participant_id: 0x001(1)
[35m[1785143279.327211][m info     | [34mProxyClient.cpp   [m | [37mcreate_publisher        [m | [32mpublisher created[m      | client_key: 0x00000003, publisher_id: 0x0F9(3), participant_id: 0x001(1)
[35m[1785143279.327402][m info     | [34mProxyClient.cpp   [m | [37mcreate_datawriter       [m | [32mdatawriter created[m     | client_key: 0x00000003, datawriter_id: 0x0F9(5), publisher_id: 0x0F9(3)
[35m[1785143279.327451][m info     | [34mProxyClient.cpp   [m | [37mcreate_topic            [m | [32mtopic created[m          | client_key: 0x00000003, topic_id: 0x0FA(2), participant_id: 0x001(1)
[35m[1785143279.327461][m info     | [34mProxyClient.cpp   [m | [37mcreate_publisher        [m | [32mpublisher created[m      | client_key: 0x00000003, publisher_id: 0x0FA(3), participant_id: 0x001(1)
[35m[1785143279.327663][m info     | [34mProxyClient.cpp   [m | [37mcreate_datawriter       [m | [32mdatawriter created[m     | client_key: 0x00000003, datawriter_id: 0x0FA(5), publisher_id: 0x0FA(3)
[35m[1785143279.327707][m info     | [34mProxyClient.cpp   [m | [37mcreate_topic            [m | [32mtopic created[m          | client_key: 0x00000003, topic_id: 0x0FC(2), participant_id: 0x001(1)
[35m[1785143279.327724][m info     | [34mProxyClient.cpp   [m | [37mcreate_publisher        [m | [32mpublisher created[m      | client_key: 0x00000003, publisher_id: 0x0FC(3), participant_id: 0x001(1)
[35m[1785143279.327911][m info     | [34mProxyClient.cpp   [m | [37mcreate_datawriter       [m | [32mdatawriter created[m     | client_key: 0x00000003, datawriter_id: 0x0FC(5), publisher_id: 0x0FC(3)
[35m[1785143279.327962][m info     | [34mProxyClient.cpp   [m | [37mcreate_topic            [m | [32mtopic created[m          | client_key: 0x00000003, topic_id: 0x100(2), participant_id: 0x001(1)
[35m[1785143279.327972][m info     | [34mProxyClient.cpp   [m | [37mcreate_publisher        [m | [32mpublisher created[m      | client_key: 0x00000003, publisher_id: 0x100(3), participant_id: 0x001(1)
[35m[1785143279.328198][m info     | [34mProxyClient.cpp   [m | [37mcreate_datawriter       [m | [32mdatawriter created[m     | client_key: 0x00000003, datawriter_id: 0x100(5), publisher_id: 0x100(3)
[35m[1785143279.328270][m info     | [34mProxyClient.cpp   [m | [37mcreate_topic            [m | [32mtopic created[m          | client_key: 0x00000003, topic_id: 0x105(2), participant_id: 0x001(1)
[35m[1785143279.328281][m info     | [34mProxyClient.cpp   [m | [37mcreate_publisher        [m | [32mpublisher created[m      | client_key: 0x00000003, publisher_id: 0x105(3), participant_id: 0x001(1)
[35m[1785143279.328481][m info     | [34mProxyClient.cpp   [m | [37mcreate_datawriter       [m | [32mdatawriter created[m     | client_key: 0x00000003, datawriter_id: 0x105(5), publisher_id: 0x105(3)
[35m[1785143279.328533][m info     | [34mProxyClient.cpp   [m | [37mcreate_topic            [m | [32mtopic created[m          | client_key: 0x00000003, topic_id: 0x10A(2), participant_id: 0x001(1)
[35m[1785143279.328544][m info     | [34mProxyClient.cpp   [m | [37mcreate_publisher        [m | [32mpublisher created[m      | client_key: 0x00000003, publisher_id: 0x10A(3), participant_id: 0x001(1)
[35m[1785143279.328728][m info     | [34mProxyClient.cpp   [m | [37mcreate_datawriter       [m | [32mdatawriter created[m     | client_key: 0x00000003, datawriter_id: 0x10A(5), publisher_id: 0x10A(3)
[35m[1785143279.920472][m info     | [34mProxyClient.cpp   [m | [37mcreate_topic            [m | [32mtopic created[m          | client_key: 0x00000004, topic_id: 0x013(2), participant_id: 0x001(1)
[35m[1785143279.920510][m info     | [34mProxyClient.cpp   [m | [37mcreate_publisher        [m | [32mpublisher created[m      | client_key: 0x00000004, publisher_id: 0x013(3), participant_id: 0x001(1)
[35m[1785143279.920951][m info     | [34mProxyClient.cpp   [m | [37mcreate_datawriter       [m | [32mdatawriter created[m     | client_key: 0x00000004, datawriter_id: 0x013(5), publisher_id: 0x013(3)
[35m[1785143279.921034][m info     | [34mProxyClient.cpp   [m | [37mcreate_topic            [m | [32mtopic created[m          | client_key: 0x00000004, topic_id: 0x057(2), participant_id: 0x001(1)
[35m[1785143279.921046][m info     | [34mProxyClient.cpp   [m | [37mcreate_publisher        [m | [32mpublisher created[m      | client_key: 0x00000004, publisher_id: 0x057(3), participant_id: 0x001(1)
[35m[1785143279.921288][m info     | [34mProxyClient.cpp   [m | [37mcreate_datawriter       [m | [32mdatawriter created[m     | client_key: 0x00000004, datawriter_id: 0x057(5), publisher_id: 0x057(3)
[35m[1785143279.921361][m info     | [34mProxyClient.cpp   [m | [37mcreate_topic            [m | [32mtopic created[m          | client_key: 0x00000004, topic_id: 0x05D(2), participant_id: 0x001(1)
[35m[1785143279.921378][m info     | [34mProxyClient.cpp   [m | [37mcreate_publisher        [m | [32mpublisher created[m      | client_key: 0x00000004, publisher_id: 0x05D(3), participant_id: 0x001(1)
[35m[1785143279.921583][m info     | [34mProxyClient.cpp   [m | [37mcreate_datawriter       [m | [32mdatawriter created[m     | client_key: 0x00000004, datawriter_id: 0x05D(5), publisher_id: 0x05D(3)
[35m[1785143279.921643][m info     | [34mProxyClient.cpp   [m | [37mcreate_topic            [m | [32mtopic created[m          | client_key: 0x00000004, topic_id: 0x08D(2), participant_id: 0x001(1)
[35m[1785143279.921653][m info     | [34mProxyClient.cpp   [m | [37mcreate_publisher        [m | [32mpublisher created[m      | client_key: 0x00000004, publisher_id: 0x08D(3), participant_id: 0x001(1)
[35m[1785143279.921847][m info     | [34mProxyClient.cpp   [m | [37mcreate_datawriter       [m | [32mdatawriter created[m     | client_key: 0x00000004, datawriter_id: 0x08D(5), publisher_id: 0x08D(3)
[35m[1785143279.921904][m info     | [34mProxyClient.cpp   [m | [37mcreate_topic            [m | [32mtopic created[m          | client_key: 0x00000004, topic_id: 0x0B4(2), participant_id: 0x001(1)
[35m[1785143279.921919][m info     | [34mProxyClient.cpp   [m | [37mcreate_publisher        [m | [32mpublisher created[m      | client_key: 0x00000004, publisher_id: 0x0B4(3), participant_id: 0x001(1)
[35m[1785143279.922114][m info     | [34mProxyClient.cpp   [m | [37mcreate_datawriter       [m | [32mdatawriter created[m     | client_key: 0x00000004, datawriter_id: 0x0B4(5), publisher_id: 0x0B4(3)
[35m[1785143279.922190][m info     | [34mProxyClient.cpp   [m | [37mcreate_topic            [m | [32mtopic created[m          | client_key: 0x00000004, topic_id: 0x0CB(2), participant_id: 0x001(1)
[35m[1785143279.922209][m info     | [34mProxyClient.cpp   [m | [37mcreate_publisher        [m | [32mpublisher created[m      | client_key: 0x00000004, publisher_id: 0x0CB(3), participant_id: 0x001(1)
[35m[1785143279.922428][m info     | [34mProxyClient.cpp   [m | [37mcreate_datawriter       [m | [32mdatawriter created[m     | client_key: 0x00000004, datawriter_id: 0x0CB(5), publisher_id: 0x0CB(3)
[35m[1785143279.922495][m info     | [34mProxyClient.cpp   [m | [37mcreate_topic            [m | [32mtopic created[m          | client_key: 0x00000004, topic_id: 0x0E2(2), participant_id: 0x001(1)
[35m[1785143279.922510][m info     | [34mProxyClient.cpp   [m | [37mcreate_publisher        [m | [32mpublisher created[m      | client_key: 0x00000004, publisher_id: 0x0E2(3), participant_id: 0x001(1)
[35m[1785143279.922712][m info     | [34mProxyClient.cpp   [m | [37mcreate_datawriter       [m | [32mdatawriter created[m     | client_key: 0x00000004, datawriter_id: 0x0E2(5), publisher_id: 0x0E2(3)
[35m[1785143279.922774][m info     | [34mProxyClient.cpp   [m | [37mcreate_topic            [m | [32mtopic created[m          | client_key: 0x00000004, topic_id: 0x0F2(2), participant_id: 0x001(1)
[35m[1785143279.922784][m info     | [34mProxyClient.cpp   [m | [37mcreate_publisher        [m | [32mpublisher created[m      | client_key: 0x00000004, publisher_id: 0x0F2(3), participant_id: 0x001(1)
[35m[1785143279.922982][m info     | [34mProxyClient.cpp   [m | [37mcreate_datawriter       [m | [32mdatawriter created[m     | client_key: 0x00000004, datawriter_id: 0x0F2(5), publisher_id: 0x0F2(3)
[35m[1785143279.923038][m info     | [34mProxyClient.cpp   [m | [37mcreate_topic            [m | [32mtopic created[m          | client_key: 0x00000004, topic_id: 0x0F9(2), participant_id: 0x001(1)
[35m[1785143279.923056][m info     | [34mProxyClient.cpp   [m | [37mcreate_publisher        [m | [32mpublisher created[m      | client_key: 0x00000004, publisher_id: 0x0F9(3), participant_id: 0x001(1)
[35m[1785143279.923268][m info     | [34mProxyClient.cpp   [m | [37mcreate_datawriter       [m | [32mdatawriter created[m     | client_key: 0x00000004, datawriter_id: 0x0F9(5), publisher_id: 0x0F9(3)
[35m[1785143279.923342][m info     | [34mProxyClient.cpp   [m | [37mcreate_topic            [m | [32mtopic created[m          | client_key: 0x00000004, topic_id: 0x0FA(2), participant_id: 0x001(1)
[35m[1785143279.923352][m info     | [34mProxyClient.cpp   [m | [37mcreate_publisher        [m | [32mpublisher created[m      | client_key: 0x00000004, publisher_id: 0x0FA(3), participant_id: 0x001(1)
[35m[1785143279.923550][m info     | [34mProxyClient.cpp   [m | [37mcreate_datawriter       [m | [32mdatawriter created[m     | client_key: 0x00000004, datawriter_id: 0x0FA(5), publisher_id: 0x0FA(3)
[35m[1785143279.923606][m info     | [34mProxyClient.cpp   [m | [37mcreate_topic            [m | [32mtopic created[m          | client_key: 0x00000004, topic_id: 0x0FC(2), participant_id: 0x001(1)
[35m[1785143279.923622][m info     | [34mProxyClient.cpp   [m | [37mcreate_publisher        [m | [32mpublisher created[m      | client_key: 0x00000004, publisher_id: 0x0FC(3), participant_id: 0x001(1)
[35m[1785143279.923823][m info     | [34mProxyClient.cpp   [m | [37mcreate_datawriter       [m | [32mdatawriter created[m     | client_key: 0x00000004, datawriter_id: 0x0FC(5), publisher_id: 0x0FC(3)
[35m[1785143279.923887][m info     | [34mProxyClient.cpp   [m | [37mcreate_topic            [m | [32mtopic created[m          | client_key: 0x00000004, topic_id: 0x100(2), participant_id: 0x001(1)
[35m[1785143279.923897][m info     | [34mProxyClient.cpp   [m | [37mcreate_publisher        [m | [32mpublisher created[m      | client_key: 0x00000004, publisher_id: 0x100(3), participant_id: 0x001(1)
[35m[1785143279.924088][m info     | [34mProxyClient.cpp   [m | [37mcreate_datawriter       [m | [32mdatawriter created[m     | client_key: 0x00000004, datawriter_id: 0x100(5), publisher_id: 0x100(3)
[35m[1785143279.924186][m info     | [34mProxyClient.cpp   [m | [37mcreate_topic            [m | [32mtopic created[m          | client_key: 0x00000004, topic_id: 0x105(2), participant_id: 0x001(1)
[35m[1785143279.924221][m info     | [34mProxyClient.cpp   [m | [37mcreate_publisher        [m | [32mpublisher created[m      | client_key: 0x00000004, publisher_id: 0x105(3), participant_id: 0x001(1)
[35m[1785143279.924754][m info     | [34mProxyClient.cpp   [m | [37mcreate_datawriter       [m | [32mdatawriter created[m     | client_key: 0x00000004, datawriter_id: 0x105(5), publisher_id: 0x105(3)
[35m[1785143279.924848][m info     | [34mProxyClient.cpp   [m | [37mcreate_topic            [m | [32mtopic created[m          | client_key: 0x00000004, topic_id: 0x10A(2), participant_id: 0x001(1)
[35m[1785143279.924870][m info     | [34mProxyClient.cpp   [m | [37mcreate_publisher        [m | [32mpublisher created[m      | client_key: 0x00000004, publisher_id: 0x10A(3), participant_id: 0x001(1)
[35m[1785143279.925198][m info     | [34mProxyClient.cpp   [m | [37mcreate_datawriter       [m | [32mdatawriter created[m     | client_key: 0x00000004, datawriter_id: 0x10A(5), publisher_id: 0x10A(3)
[35m[1785143280.346173][m info     | [34mProxyClient.cpp   [m | [37mcreate_topic            [m | [32mtopic created[m          | client_key: 0x00000005, topic_id: 0x013(2), participant_id: 0x001(1)
[35m[1785143280.346214][m info     | [34mProxyClient.cpp   [m | [37mcreate_publisher        [m | [32mpublisher created[m      | client_key: 0x00000005, publisher_id: 0x013(3), participant_id: 0x001(1)
[35m[1785143280.346631][m info     | [34mProxyClient.cpp   [m | [37mcreate_datawriter       [m | [32mdatawriter created[m     | client_key: 0x00000005, datawriter_id: 0x013(5), publisher_id: 0x013(3)
[35m[1785143280.346705][m info     | [34mProxyClient.cpp   [m | [37mcreate_topic            [m | [32mtopic created[m          | client_key: 0x00000005, topic_id: 0x057(2), participant_id: 0x001(1)
[35m[1785143280.346719][m info     | [34mProxyClient.cpp   [m | [37mcreate_publisher        [m | [32mpublisher created[m      | client_key: 0x00000005, publisher_id: 0x057(3), participant_id: 0x001(1)
[35m[1785143280.346987][m info     | [34mProxyClient.cpp   [m | [37mcreate_datawriter       [m | [32mdatawriter created[m     | client_key: 0x00000005, datawriter_id: 0x057(5), publisher_id: 0x057(3)
[35m[1785143280.347040][m info     | [34mProxyClient.cpp   [m | [37mcreate_topic            [m | [32mtopic created[m          | client_key: 0x00000005, topic_id: 0x05D(2), participant_id: 0x001(1)
[35m[1785143280.347060][m info     | [34mProxyClient.cpp   [m | [37mcreate_publisher        [m | [32mpublisher created[m      | client_key: 0x00000005, publisher_id: 0x05D(3), participant_id: 0x001(1)
[35m[1785143280.347298][m info     | [34mProxyClient.cpp   [m | [37mcreate_datawriter       [m | [32mdatawriter created[m     | client_key: 0x00000005, datawriter_id: 0x05D(5), publisher_id: 0x05D(3)
[35m[1785143280.347366][m info     | [34mProxyClient.cpp   [m | [37mcreate_topic            [m | [32mtopic created[m          | client_key: 0x00000005, topic_id: 0x08D(2), participant_id: 0x001(1)
[35m[1785143280.347379][m info     | [34mProxyClient.cpp   [m | [37mcreate_publisher        [m | [32mpublisher created[m      | client_key: 0x00000005, publisher_id: 0x08D(3), participant_id: 0x001(1)
[35m[1785143280.347601][m info     | [34mProxyClient.cpp   [m | [37mcreate_datawriter       [m | [32mdatawriter created[m     | client_key: 0x00000005, datawriter_id: 0x08D(5), publisher_id: 0x08D(3)
[35m[1785143280.347660][m info     | [34mProxyClient.cpp   [m | [37mcreate_topic            [m | [32mtopic created[m          | client_key: 0x00000005, topic_id: 0x0B4(2), participant_id: 0x001(1)
[35m[1785143280.347677][m info     | [34mProxyClient.cpp   [m | [37mcreate_publisher        [m | [32mpublisher created[m      | client_key: 0x00000005, publisher_id: 0x0B4(3), participant_id: 0x001(1)
[35m[1785143280.347897][m info     | [34mProxyClient.cpp   [m | [37mcreate_datawriter       [m | [32mdatawriter created[m     | client_key: 0x00000005, datawriter_id: 0x0B4(5), publisher_id: 0x0B4(3)
[35m[1785143280.347968][m info     | [34mProxyClient.cpp   [m | [37mcreate_topic            [m | [32mtopic created[m          | client_key: 0x00000005, topic_id: 0x0CB(2), participant_id: 0x001(1)
[35m[1785143280.347980][m info     | [34mProxyClient.cpp   [m | [37mcreate_publisher        [m | [32mpublisher created[m      | client_key: 0x00000005, publisher_id: 0x0CB(3), participant_id: 0x001(1)
[35m[1785143280.348191][m info     | [34mProxyClient.cpp   [m | [37mcreate_datawriter       [m | [32mdatawriter created[m     | client_key: 0x00000005, datawriter_id: 0x0CB(5), publisher_id: 0x0CB(3)
[35m[1785143280.348247][m info     | [34mProxyClient.cpp   [m | [37mcreate_topic            [m | [32mtopic created[m          | client_key: 0x00000005, topic_id: 0x0E2(2), participant_id: 0x001(1)
[35m[1785143280.348265][m info     | [34mProxyClient.cpp   [m | [37mcreate_publisher        [m | [32mpublisher created[m      | client_key: 0x00000005, publisher_id: 0x0E2(3), participant_id: 0x001(1)
[35m[1785143280.348467][m info     | [34mProxyClient.cpp   [m | [37mcreate_datawriter       [m | [32mdatawriter created[m     | client_key: 0x00000005, datawriter_id: 0x0E2(5), publisher_id: 0x0E2(3)
[35m[1785143280.348524][m info     | [34mProxyClient.cpp   [m | [37mcreate_topic            [m | [32mtopic created[m          | client_key: 0x00000005, topic_id: 0x0F2(2), participant_id: 0x001(1)
[35m[1785143280.348536][m info     | [34mProxyClient.cpp   [m | [37mcreate_publisher        [m | [32mpublisher created[m      | client_key: 0x00000005, publisher_id: 0x0F2(3), participant_id: 0x001(1)
[35m[1785143280.348737][m info     | [34mProxyClient.cpp   [m | [37mcreate_datawriter       [m | [32mdatawriter created[m     | client_key: 0x00000005, datawriter_id: 0x0F2(5), publisher_id: 0x0F2(3)
[35m[1785143280.348783][m info     | [34mProxyClient.cpp   [m | [37mcreate_topic            [m | [32mtopic created[m          | client_key: 0x00000005, topic_id: 0x0F9(2), participant_id: 0x001(1)
[35m[1785143280.348802][m info     | [34mProxyClient.cpp   [m | [37mcreate_publisher        [m | [32mpublisher created[m      | client_key: 0x00000005, publisher_id: 0x0F9(3), participant_id: 0x001(1)
[35m[1785143280.349002][m info     | [34mProxyClient.cpp   [m | [37mcreate_datawriter       [m | [32mdatawriter created[m     | client_key: 0x00000005, datawriter_id: 0x0F9(5), publisher_id: 0x0F9(3)
[35m[1785143280.349054][m info     | [34mProxyClient.cpp   [m | [37mcreate_topic            [m | [32mtopic created[m          | client_key: 0x00000005, topic_id: 0x0FA(2), participant_id: 0x001(1)
[35m[1785143280.349066][m info     | [34mProxyClient.cpp   [m | [37mcreate_publisher        [m | [32mpublisher created[m      | client_key: 0x00000005, publisher_id: 0x0FA(3), participant_id: 0x001(1)
[35m[1785143280.349268][m info     | [34mProxyClient.cpp   [m | [37mcreate_datawriter       [m | [32mdatawriter created[m     | client_key: 0x00000005, datawriter_id: 0x0FA(5), publisher_id: 0x0FA(3)
[35m[1785143280.349318][m info     | [34mProxyClient.cpp   [m | [37mcreate_topic            [m | [32mtopic created[m          | client_key: 0x00000005, topic_id: 0x0FC(2), participant_id: 0x001(1)
[35m[1785143280.349343][m info     | [34mProxyClient.cpp   [m | [37mcreate_publisher        [m | [32mpublisher created[m      | client_key: 0x00000005, publisher_id: 0x0FC(3), participant_id: 0x001(1)
[35m[1785143280.349533][m info     | [34mProxyClient.cpp   [m | [37mcreate_datawriter       [m | [32mdatawriter created[m     | client_key: 0x00000005, datawriter_id: 0x0FC(5), publisher_id: 0x0FC(3)
[35m[1785143280.349587][m info     | [34mProxyClient.cpp   [m | [37mcreate_topic            [m | [32mtopic created[m          | client_key: 0x00000005, topic_id: 0x100(2), participant_id: 0x001(1)
[35m[1785143280.349599][m info     | [34mProxyClient.cpp   [m | [37mcreate_publisher        [m | [32mpublisher created[m      | client_key: 0x00000005, publisher_id: 0x100(3), participant_id: 0x001(1)
[35m[1785143280.349792][m info     | [34mProxyClient.cpp   [m | [37mcreate_datawriter       [m | [32mdatawriter created[m     | client_key: 0x00000005, datawriter_id: 0x100(5), publisher_id: 0x100(3)
[35m[1785143280.349856][m info     | [34mProxyClient.cpp   [m | [37mcreate_topic            [m | [32mtopic created[m          | client_key: 0x00000005, topic_id: 0x105(2), participant_id: 0x001(1)
[35m[1785143280.349877][m info     | [34mProxyClient.cpp   [m | [37mcreate_publisher        [m | [32mpublisher created[m      | client_key: 0x00000005, publisher_id: 0x105(3), participant_id: 0x001(1)
[35m[1785143280.350137][m info     | [34mProxyClient.cpp   [m | [37mcreate_datawriter       [m | [32mdatawriter created[m     | client_key: 0x00000005, datawriter_id: 0x105(5), publisher_id: 0x105(3)
[35m[1785143280.350226][m info     | [34mProxyClient.cpp   [m | [37mcreate_topic            [m | [32mtopic created[m          | client_key: 0x00000005, topic_id: 0x10A(2), participant_id: 0x001(1)
[35m[1785143280.350241][m info     | [34mProxyClient.cpp   [m | [37mcreate_publisher        [m | [32mpublisher created[m      | client_key: 0x00000005, publisher_id: 0x10A(3), participant_id: 0x001(1)
[35m[1785143280.350468][m info     | [34mProxyClient.cpp   [m | [37mcreate_datawriter       [m | [32mdatawriter created[m     | client_key: 0x00000005, datawriter_id: 0x10A(5), publisher_id: 0x10A(3)
[35m[1785143280.937002][m info     | [34mProxyClient.cpp   [m | [37mcreate_topic            [m | [32mtopic created[m          | client_key: 0x00000006, topic_id: 0x013(2), participant_id: 0x001(1)
[35m[1785143280.937042][m info     | [34mProxyClient.cpp   [m | [37mcreate_publisher        [m | [32mpublisher created[m      | client_key: 0x00000006, publisher_id: 0x013(3), participant_id: 0x001(1)
[35m[1785143280.937507][m info     | [34mProxyClient.cpp   [m | [37mcreate_datawriter       [m | [32mdatawriter created[m     | client_key: 0x00000006, datawriter_id: 0x013(5), publisher_id: 0x013(3)
[35m[1785143280.937584][m info     | [34mProxyClient.cpp   [m | [37mcreate_topic            [m | [32mtopic created[m          | client_key: 0x00000006, topic_id: 0x057(2), participant_id: 0x001(1)
[35m[1785143280.937599][m info     | [34mProxyClient.cpp   [m | [37mcreate_publisher        [m | [32mpublisher created[m      | client_key: 0x00000006, publisher_id: 0x057(3), participant_id: 0x001(1)
[35m[1785143280.937789][m info     | [34mProxyClient.cpp   [m | [37mcreate_datawriter       [m | [32mdatawriter created[m     | client_key: 0x00000006, datawriter_id: 0x057(5), publisher_id: 0x057(3)
[35m[1785143280.937845][m info     | [34mProxyClient.cpp   [m | [37mcreate_topic            [m | [32mtopic created[m          | client_key: 0x00000006, topic_id: 0x05D(2), participant_id: 0x001(1)
[35m[1785143280.937854][m info     | [34mProxyClient.cpp   [m | [37mcreate_publisher        [m | [32mpublisher created[m      | client_key: 0x00000006, publisher_id: 0x05D(3), participant_id: 0x001(1)
[35m[1785143280.938043][m info     | [34mProxyClient.cpp   [m | [37mcreate_datawriter       [m | [32mdatawriter created[m     | client_key: 0x00000006, datawriter_id: 0x05D(5), publisher_id: 0x05D(3)
[35m[1785143280.938101][m info     | [34mProxyClient.cpp   [m | [37mcreate_topic            [m | [32mtopic created[m          | client_key: 0x00000006, topic_id: 0x08D(2), participant_id: 0x001(1)
[35m[1785143280.938115][m info     | [34mProxyClient.cpp   [m | [37mcreate_publisher        [m | [32mpublisher created[m      | client_key: 0x00000006, publisher_id: 0x08D(3), participant_id: 0x001(1)
[35m[1785143280.938309][m info     | [34mProxyClient.cpp   [m | [37mcreate_datawriter       [m | [32mdatawriter created[m     | client_key: 0x00000006, datawriter_id: 0x08D(5), publisher_id: 0x08D(3)
[35m[1785143280.938366][m info     | [34mProxyClient.cpp   [m | [37mcreate_topic            [m | [32mtopic created[m          | client_key: 0x00000006, topic_id: 0x0B4(2), participant_id: 0x001(1)
[35m[1785143280.938376][m info     | [34mProxyClient.cpp   [m | [37mcreate_publisher        [m | [32mpublisher created[m      | client_key: 0x00000006, publisher_id: 0x0B4(3), participant_id: 0x001(1)
[35m[1785143280.938575][m info     | [34mProxyClient.cpp   [m | [37mcreate_datawriter       [m | [32mdatawriter created[m     | client_key: 0x00000006, datawriter_id: 0x0B4(5), publisher_id: 0x0B4(3)
[35m[1785143280.938624][m info     | [34mProxyClient.cpp   [m | [37mcreate_topic            [m | [32mtopic created[m          | client_key: 0x00000006, topic_id: 0x0CB(2), participant_id: 0x001(1)
[35m[1785143280.938639][m info     | [34mProxyClient.cpp   [m | [37mcreate_publisher        [m | [32mpublisher created[m      | client_key: 0x00000006, publisher_id: 0x0CB(3), participant_id: 0x001(1)
[35m[1785143280.938824][m info     | [34mProxyClient.cpp   [m | [37mcreate_datawriter       [m | [32mdatawriter created[m     | client_key: 0x00000006, datawriter_id: 0x0CB(5), publisher_id: 0x0CB(3)
[35m[1785143280.938874][m info     | [34mProxyClient.cpp   [m | [37mcreate_topic            [m | [32mtopic created[m          | client_key: 0x00000006, topic_id: 0x0E2(2), participant_id: 0x001(1)
[35m[1785143280.938883][m info     | [34mProxyClient.cpp   [m | [37mcreate_publisher        [m | [32mpublisher created[m      | client_key: 0x00000006, publisher_id: 0x0E2(3), participant_id: 0x001(1)
[35m[1785143280.939064][m info     | [34mProxyClient.cpp   [m | [37mcreate_datawriter       [m | [32mdatawriter created[m     | client_key: 0x00000006, datawriter_id: 0x0E2(5), publisher_id: 0x0E2(3)
[35m[1785143280.939116][m info     | [34mProxyClient.cpp   [m | [37mcreate_topic            [m | [32mtopic created[m          | client_key: 0x00000006, topic_id: 0x0F2(2), participant_id: 0x001(1)
[35m[1785143280.939129][m info     | [34mProxyClient.cpp   [m | [37mcreate_publisher        [m | [32mpublisher created[m      | client_key: 0x00000006, publisher_id: 0x0F2(3), participant_id: 0x001(1)
[35m[1785143280.939327][m info     | [34mProxyClient.cpp   [m | [37mcreate_datawriter       [m | [32mdatawriter created[m     | client_key: 0x00000006, datawriter_id: 0x0F2(5), publisher_id: 0x0F2(3)
[35m[1785143280.939381][m info     | [34mProxyClient.cpp   [m | [37mcreate_topic            [m | [32mtopic created[m          | client_key: 0x00000006, topic_id: 0x0F9(2), participant_id: 0x001(1)
[35m[1785143280.939391][m info     | [34mProxyClient.cpp   [m | [37mcreate_publisher        [m | [32mpublisher created[m      | client_key: 0x00000006, publisher_id: 0x0F9(3), participant_id: 0x001(1)
[35m[1785143280.939580][m info     | [34mProxyClient.cpp   [m | [37mcreate_datawriter       [m | [32mdatawriter created[m     | client_key: 0x00000006, datawriter_id: 0x0F9(5), publisher_id: 0x0F9(3)
[35m[1785143280.939628][m info     | [34mProxyClient.cpp   [m | [37mcreate_topic            [m | [32mtopic created[m          | client_key: 0x00000006, topic_id: 0x0FA(2), participant_id: 0x001(1)
[35m[1785143280.939648][m info     | [34mProxyClient.cpp   [m | [37mcreate_publisher        [m | [32mpublisher created[m      | client_key: 0x00000006, publisher_id: 0x0FA(3), participant_id: 0x001(1)
[35m[1785143280.939835][m info     | [34mProxyClient.cpp   [m | [37mcreate_datawriter       [m | [32mdatawriter created[m     | client_key: 0x00000006, datawriter_id: 0x0FA(5), publisher_id: 0x0FA(3)
[35m[1785143280.939887][m info     | [34mProxyClient.cpp   [m | [37mcreate_topic            [m | [32mtopic created[m          | client_key: 0x00000006, topic_id: 0x0FC(2), participant_id: 0x001(1)
[35m[1785143280.939896][m info     | [34mProxyClient.cpp   [m | [37mcreate_publisher        [m | [32mpublisher created[m      | client_key: 0x00000006, publisher_id: 0x0FC(3), participant_id: 0x001(1)
[35m[1785143280.940089][m info     | [34mProxyClient.cpp   [m | [37mcreate_datawriter       [m | [32mdatawriter created[m     | client_key: 0x00000006, datawriter_id: 0x0FC(5), publisher_id: 0x0FC(3)
[35m[1785143280.940132][m info     | [34mProxyClient.cpp   [m | [37mcreate_topic            [m | [32mtopic created[m          | client_key: 0x00000006, topic_id: 0x100(2), participant_id: 0x001(1)
[35m[1785143280.940153][m info     | [34mProxyClient.cpp   [m | [37mcreate_publisher        [m | [32mpublisher created[m      | client_key: 0x00000006, publisher_id: 0x100(3), participant_id: 0x001(1)
[35m[1785143280.940348][m info     | [34mProxyClient.cpp   [m | [37mcreate_datawriter       [m | [32mdatawriter created[m     | client_key: 0x00000006, datawriter_id: 0x100(5), publisher_id: 0x100(3)
[35m[1785143280.940402][m info     | [34mProxyClient.cpp   [m | [37mcreate_topic            [m | [32mtopic created[m          | client_key: 0x00000006, topic_id: 0x105(2), participant_id: 0x001(1)
[35m[1785143280.940412][m info     | [34mProxyClient.cpp   [m | [37mcreate_publisher        [m | [32mpublisher created[m      | client_key: 0x00000006, publisher_id: 0x105(3), participant_id: 0x001(1)
[35m[1785143280.940625][m info     | [34mProxyClient.cpp   [m | [37mcreate_datawriter       [m | [32mdatawriter created[m     | client_key: 0x00000006, datawriter_id: 0x105(5), publisher_id: 0x105(3)
[35m[1785143280.940714][m info     | [34mProxyClient.cpp   [m | [37mcreate_topic            [m | [32mtopic created[m          | client_key: 0x00000006, topic_id: 0x10A(2), participant_id: 0x001(1)
[35m[1785143280.940731][m info     | [34mProxyClient.cpp   [m | [37mcreate_publisher        [m | [32mpublisher created[m      | client_key: 0x00000006, publisher_id: 0x10A(3), participant_id: 0x001(1)
[35m[1785143280.940921][m info     | [34mProxyClient.cpp   [m | [37mcreate_datawriter       [m | [32mdatawriter created[m     | client_key: 0x00000006, datawriter_id: 0x10A(5), publisher_id: 0x10A(3)
[35m[1785143292.729384][m info     | [34mProxyClient.cpp   [m | [37mcreate_topic            [m | [32mtopic created[m          | client_key: 0x00000002, topic_id: 0x0F6(2), participant_id: 0x001(1)
[35m[1785143292.729426][m info     | [34mProxyClient.cpp   [m | [37mcreate_publisher        [m | [32mpublisher created[m      | client_key: 0x00000002, publisher_id: 0x0F6(3), participant_id: 0x001(1)
[35m[1785143292.729883][m info     | [34mProxyClient.cpp   [m | [37mcreate_datawriter       [m | [32mdatawriter created[m     | client_key: 0x00000002, datawriter_id: 0x0F6(5), publisher_id: 0x0F6(3)
[35m[1785143292.729980][m info     | [34mProxyClient.cpp   [m | [37mcreate_topic            [m | [32mtopic created[m          | client_key: 0x00000003, topic_id: 0x0F6(2), participant_id: 0x001(1)
[35m[1785143292.729995][m info     | [34mProxyClient.cpp   [m | [37mcreate_publisher        [m | [32mpublisher created[m      | client_key: 0x00000003, publisher_id: 0x0F6(3), participant_id: 0x001(1)
[35m[1785143292.730411][m info     | [34mProxyClient.cpp   [m | [37mcreate_datawriter       [m | [32mdatawriter created[m     | client_key: 0x00000003, datawriter_id: 0x0F6(5), publisher_id: 0x0F6(3)
[35m[1785143292.730465][m info     | [34mProxyClient.cpp   [m | [37mcreate_topic            [m | [32mtopic created[m          | client_key: 0x00000005, topic_id: 0x0F6(2), participant_id: 0x001(1)
[35m[1785143292.730481][m info     | [34mProxyClient.cpp   [m | [37mcreate_publisher        [m | [32mpublisher created[m      | client_key: 0x00000005, publisher_id: 0x0F6(3), participant_id: 0x001(1)
[35m[1785143292.730831][m info     | [34mProxyClient.cpp   [m | [37mcreate_datawriter       [m | [32mdatawriter created[m     | client_key: 0x00000005, datawriter_id: 0x0F6(5), publisher_id: 0x0F6(3)
[35m[1785143292.730870][m info     | [34mProxyClient.cpp   [m | [37mcreate_topic            [m | [32mtopic created[m          | client_key: 0x00000006, topic_id: 0x0F6(2), participant_id: 0x001(1)
[35m[1785143292.730888][m info     | [34mProxyClient.cpp   [m | [37mcreate_publisher        [m | [32mpublisher created[m      | client_key: 0x00000006, publisher_id: 0x0F6(3), participant_id: 0x001(1)
[35m[1785143292.731219][m info     | [34mProxyClient.cpp   [m | [37mcreate_datawriter       [m | [32mdatawriter created[m     | client_key: 0x00000006, datawriter_id: 0x0F6(5), publisher_id: 0x0F6(3)
[35m[1785143292.733466][m info     | [34mProxyClient.cpp   [m | [37mcreate_topic            [m | [32mtopic created[m          | client_key: 0x00000004, topic_id: 0x0F6(2), participant_id: 0x001(1)
[35m[1785143292.733489][m info     | [34mProxyClient.cpp   [m | [37mcreate_publisher        [m | [32mpublisher created[m      | client_key: 0x00000004, publisher_id: 0x0F6(3), participant_id: 0x001(1)
[35m[1785143292.733808][m info     | [34mProxyClient.cpp   [m | [37mcreate_datawriter       [m | [32mdatawriter created[m     | client_key: 0x00000004, datawriter_id: 0x0F6(5), publisher_id: 0x0F6(3)
