bag_time_ns,actual_pos_x,actual_pos_y,actual_pos_z,actual_velocity_x,actual_velocity_y,actual_velocity_z,arrival_time_error,elapsed_time,final_position_error,header_frame_id,header_stamp_nanosec,header_stamp_sec,integrated_squared_jerk,integrated_squared_jerk_valid,is_finished,is_hover_stable,ladrc_accel_feedforward_enabled,ladrc_acceleration_command_x,ladrc_acceleration_command_y,ladrc_acceleration_command_z,max_acceleration,max_acceleration_valid,max_jerk,max_jerk_valid,max_velocity,max_velocity_valid,mission_id,motion_style,path_length,reference_acceleration_x,reference_acceleration_y,reference_acceleration_z,reference_jerk_x,reference_jerk_y,reference_jerk_z,reference_pos_x,reference_pos_y,reference_pos_z,reference_velocity_x,reference_velocity_y,reference_velocity_z,requested_duration,safety_factor,start_pos_x,start_pos_y,start_pos_z,target_pos_x,target_pos_y,target_pos_z,tracking_error,trajectory_duration,trajectory_profile,uav_id
1785139537349574383,-0.018098678439855576,17.99551807763055,-0.3225754201412201,-0.03775865584611893,-0.005376589018851519,-0.16770979762077332,nan,-1.8997976779937744,7.858096122741699,world,349517265,1785139537,0.17835988104343414,True,False,False,True,0.061930044640864705,0.015025971008990177,0.6951593391218309,0.3147837817668915,True,0.27261075377464294,True,1.2267483472824097,True,1,normal,7.851189136505127,0.0,0.0,0.0,0.2004806027638642,-0.008793105886847464,0.18451781632999578,-0.016482049599289894,17.99588213954121,-0.3141131103038788,0.0,0.0,0.0,12.0,0.0,-0.016482049599289894,17.99588213954121,-0.3141131103038788,5.75735931,17.74264069,5.0,0.00862303376197815,12.0,minimum_jerk,6
1785139537449543859,-0.016003893688321114,17.995187878608704,-0.3223631978034973,-0.03691737353801727,-0.004107599146664143,-0.16871368885040283,nan,-1.7998087406158447,7.8564019203186035,world,449505928,1785139537,0.17835988104343414,True,False,False,True,-0.029823985588199556,0.02415193413384351,0.13453481299259396,0.3147837817668915,True,0.27261075377464294,True,1.2267483472824097,True,1,normal,7.851189136505127,0.0,0.0,0.0,0.2004806027638642,-0.008793105886847464,0.18451781632999578,-0.016482049599289894,17.99588213954121,-0.3141131103038788,0.0,0.0,0.0,12.0,0.0,-0.016482049599289894,17.99588213954121,-0.3141131103038788,5.75735931,17.74264069,5.0,0.008293043822050095,12.0,minimum_jerk,6
1785139537549623925,-0.014504153281450272,17.994874708820134,-0.32391226291656494,-0.036208685487508774,-0.0034664408303797245,-0.16881129145622253,nan,-1.6997668743133545,7.856339454650879,world,549550266,1785139537,0.17835988104343414,True,False,False,True,-0.1175751513825854,0.027663373318899287,0.30789047065604597,0.3147837817668915,True,0.27261075377464294,True,1.2267483472824097,True,1,normal,7.851189136505127,0.0,0.0,0.0,0.2004806027638642,-0.008793105886847464,0.18451781632999578,-0.016482049599289894,17.99588213954121,-0.3141131103038788,0.0,0.0,0.0,12.0,0.0,-0.016482049599289894,17.99588213954121,-0.3141131103038788,5.75735931,17.74264069,5.0,0.010047406889498234,12.0,minimum_jerk,6
1785139537649566411,-0.014340698719024658,17.994490921963006,-0.32998988032341003,-0.03538095951080322,-0.004228179343044758,-0.17011022567749023,nan,-1.5997813940048218,7.860327243804932,world,649536234,1785139537,0.17835988104343414,True,False,False,True,-0.05696027318334382,0.03370529936404624,0.7986368639703227,0.3147837817668915,True,0.27261075377464294,True,1.2267483472824097,True,1,normal,7.851189136505127,0.0,0.0,0.0,0.2004806027638642,-0.008793105886847464,0.18451781632999578,-0.016482049599289894,17.99588213954121,-0.3141131103038788,0.0,0.0,0.0,12.0,0.0,-0.016482049599289894,17.99588213954121,-0.3141131103038788,5.75735931,17.74264069,5.0,0.016080817207694054,12.0,minimum_jerk,6
1785139537749613494,-0.015233798883855343,17.99395932490006,-0.33836814761161804,-0.03527374193072319,-0.003578058211132884,-0.17228169739246368,nan,-1.499781847000122,7.866649150848389,world,749533733,1785139537,0.17835988104343414,True,False,False,True,0.0073371389488392155,0.048104176939506166,1.1594369203268462,0.3147837817668915,True,0.27261075377464294,True,1.2267483472824097,True,1,normal,7.851189136505127,0.0,0.0,0.0,0.2004806027638642,-0.008793105886847464,0.18451781632999578,-0.016482049599289894,17.99588213954121,-0.3141131103038788,0.0,0.0,0.0,12.0,0.0,-0.016482049599289894,17.99588213954121,-0.3141131103038788,5.75735931,17.74264069,5.0,0.024363132193684578,12.0,minimum_jerk,6
1785139537849568744,-0.014583688229322433,17.993282947689295,-0.3385670483112335,-0.034963734447956085,-0.002927476307377219,-0.17217859625816345,nan,-1.3998173475265503,7.86628532409668,world,849501016,1785139537,0.17835988104343414,True,False,False,True,-0.026202036566014383,0.0650834852789971,0.6490831229879663,0.3147837817668915,True,0.27261075377464294,True,1.2267483472824097,True,1,normal,7.851189136505127,0.0,0.0,0.0,0.2004806027638642,-0.008793105886847464,0.18451781632999578,-0.016482049599289894,17.99588213954121,-0.3141131103038788,0.0,0.0,0.0,12.0,0.0,-0.016482049599289894,17.99588213954121,-0.3141131103038788,5.75735931,17.74264069,5.0,0.024664847180247307,12.0,minimum_jerk,6
1785139537949540495,-0.014562400989234447,17.99262894084677,-0.34102150797843933,-0.03423827886581421,-0.0028140004724264145,-0.1738419234752655,nan,-1.2998104095458984,7.867915153503418,world,949503435,1785139537,0.17835988104343414,True,False,False,True,-0.05232228016332032,0.07677563893419734,0.9274209357933989,0.3147837817668915,True,0.27261075377464294,True,1.2267483472824097,True,1,normal,7.851189136505127,0.0,0.0,0.0,0.2004806027638642,-0.008793105886847464,0.18451781632999578,-0.016482049599289894,17.99588213954121,-0.3141131103038788,0.0,0.0,0.0,12.0,0.0,-0.016482049599289894,17.99588213954121,-0.3141131103038788,5.75735931,17.74264069,5.0,0.027172232046723366,12.0,minimum_jerk,6
1785139538049561138,-0.015713533386588097,17.992152277380228,-0.3479635715484619,-0.036053117364645004,-0.0011671889806166291,-0.17588059604167938,nan,-1.1998019218444824,7.873457908630371,world,49513468,1785139538,0.17835988104343414,True,False,False,True,0.01294360263956214,0.08216348017020556,1.4616249732139621,0.3147837817668915,True,0.27261075377464294,True,1.2267483472824097,True,1,normal,7.851189136505127,0.0,0.0,0.0,0.2004806027638642,-0.008793105886847464,0.18451781632999578,-0.016482049599289894,17.99588213954121,-0.3141131103038788,0.0,0.0,0.0,12.0,0.0,-0.016482049599289894,17.99588213954121,-0.3141131103038788,5.75735931,17.74264069,5.0,0.034064002335071564,12.0,minimum_jerk,6
1785139538149578806,-0.01775006577372551,17.991878002882004,-0.3575875163078308,-0.03702493757009506,0.00044571488979272544,-0.17813251912593842,nan,-1.0998034477233887,7.881481647491455,world,149510717,1785139538,0.17835988104343414,True,False,False,True,0.08120278575632989,0.07879704634875406,1.901915560992537,0.3147837817668915,True,0.27261075377464294,True,1.2267483472824097,True,1,normal,7.851189136505127,0.0,0.0,0.0,0.2004806027638642,-0.008793105886847464,0.18451781632999578,-0.016482049599289894,17.99588213954121,-0.3141131103038788,0.0,0.0,0.0,12.0,0.0,-0.016482049599289894,17.99588213954121,-0.3141131103038788,5.75735931,17.74264069,5.0,0.04367682337760925,12.0,minimum_jerk,6
1785139538249595191,-0.016451233997941017,17.9932699566707,-0.3568945825099945,-0.036345552653074265,0.001960891066119075,-0.17769046127796173,nan,-0.9997979998588562,7.88010311126709,world,249515561,1785139538,0.17835988104343414,True,False,False,True,-0.011667789198312725,0.016033465520840832,1.3361345772042943,0.3147837817668915,True,0.27261075377464294,True,1.2267483472824097,True,1,normal,7.851189136505127,0.0,0.0,0.0,0.2004806027638642,-0.008793105886847464,0.18451781632999578,-0.016482049599289894,17.99588213954121,-0.3141131103038788,0.0,0.0,0.0,12.0,0.0,-0.016482049599289894,17.99588213954121,-0.3141131103038788,5.75735931,17.74264069,5.0,0.04286115616559982,12.0,minimum_jerk,6
1785139538349575348,-0.01601502299308777,17.994653383269906,-0.3599313199520111,-0.036228395998477936,0.004004260525107384,-0.17819148302078247,nan,-0.8997746109962463,7.881892204284668,world,349542195,1785139538,0.17835988104343414,True,False,False,True,-0.05936875218175431,-0.020995804492223838,1.706872296925925,0.3147837817668915,True,0.27261075377464294,True,1.2267483472824097,True,1,normal,7.851189136505127,0.0,0.0,0.0,0.2004806027638642,-0.008793105886847464,0.18451781632999578,-0.016482049599289894,17.99588213954121,-0.3141131103038788,0.0,0.0,0.0,12.0,0.0,-0.016482049599289894,17.99588213954121,-0.3141131103038788,5.75735931,17.74264069,5.0,0.04583706334233284,12.0,minimum_jerk,6
1785139538449573839,-0.016761695966124535,17.99576200498268,-0.3667517602443695,-0.03626575320959091,0.005682629998773336,-0.17943155765533447,nan,-0.7997984290122986,7.88711404800415,world,449515770,1785139538,0.17835988104343414,True,False,False,True,0.007586094571114304,-0.027531080408901773,2.3004971560303007,0.3147837817668915,True,0.27261075377464294,True,1.2267483472824097,True,1,normal,7.851189136505127,0.0,0.0,0.0,0.2004806027638642,-0.008793105886847464,0.18451781632999578,-0.016482049599289894,17.99588213954121,-0.3141131103038788,0.0,0.0,0.0,12.0,0.0,-0.016482049599289894,17.99588213954121,-0.3141131103038788,5.75735931,17.74264069,5.0,0.05263952910900116,12.0,minimum_jerk,6
1785139538549567442,-0.01830373890697956,17.996637436095625,-0.3772334158420563,-0.029474979266524315,-0.0007825090433470905,-0.18201276659965515,nan,-0.6997935771942139,7.895406246185303,world,549521775,1785139538,0.17835988104343414,True,False,False,True,0.07057254535894518,-0.027584701064170485,2.7774951426854377,0.3147837817668915,True,0.27261075377464294,True,1.2267483472824097,True,1,normal,7.851189136505127,0.0,0.0,0.0,0.2004806027638642,-0.008793105886847464,0.18451781632999578,-0.016482049599289894,17.99588213954121,-0.3141131103038788,0.0,0.0,0.0,12.0,0.0,-0.016482049599289894,17.99588213954121,-0.3141131103038788,5.75735931,17.74264069,5.0,0.06315110623836517,12.0,minimum_jerk,6
1785139538649559070,-0.016601474955677986,17.996622049016878,-0.37535396218299866,-0.0064508384093642235,-0.020948531106114388,-0.1810876578092575,nan,-0.5997974872589111,7.892880439758301,world,649516109,1785139538,0.17835988104343414,True,False,False,True,-0.020302040724040626,-0.005180585497189522,2.1931357279951262,0.3147837817668915,True,0.27261075377464294,True,1.2267483472824097,True,1,normal,7.851189136505127,0.0,0.0,0.0,0.2004806027638642,-0.008793105886847464,0.18451781632999578,-0.016482049599289894,17.99588213954121,-0.3141131103038788,0.0,0.0,0.0,12.0,0.0,-0.016482049599289894,17.99588213954121,-0.3141131103038788,5.75735931,17.74264069,5.0,0.06124543771147728,12.0,minimum_jerk,6
1785139538749554977,-0.01351549755781889,17.994305584579706,-0.3781890869140625,0.00898622628301382,-0.03423242270946503,-0.1816103160381317,nan,-0.49979373812675476,7.892480373382568,world,749520511,1785139538,0.17835988104343414,True,False,False,True,-0.15724842310247195,0.10371030272514203,2.653599849868196,0.3147837817668915,True,0.27261075377464294,True,1.2267483472824097,True,1,normal,7.851189136505127,0.0,0.0,0.0,0.2004806027638642,-0.008793105886847464,0.18451781632999578,-0.016482049599289894,17.99588213954121,-0.3141131103038788,0.0,0.0,0.0,12.0,0.0,-0.016482049599289894,17.99588213954121,-0.3141131103038788,5.75735931,17.74264069,5.0,0.06416398286819458,12.0,minimum_jerk,6
1785139538849670209,-0.01012208592146635,17.99085193220526,-0.38491782546043396,0.030171705409884453,-0.0516669936478138,-0.18324168026447296,nan,-0.39979004859924316,7.8944783210754395,world,849524383,1785139538,0.17835988104343414,True,False,False,True,-0.22944470423006486,0.21965719984715598,3.2631506245565514,0.3147837817668915,True,0.27261075377464294,True,1.2267483472824097,True,1,normal,7.851189136505127,0.0,0.0,0.0,0.2004806027638642,-0.008793105886847464,0.18451781632999578,-0.016482049599289894,17.99588213954121,-0.3141131103038788,0.0,0.0,0.0,12.0,0.0,-0.016482049599289894,17.99588213954121,-0.3141131103038788,5.75735931,17.74264069,5.0,0.0712675228714943,12.0,minimum_jerk,6
1785139538949551268,-0.003641908522695303,17.984182072803378,-0.395336389541626,0.07312177121639252,-0.08213964104652405,-0.17714250087738037,nan,-0.2997938096523285,7.896653175354004,world,949520410,1785139538,0.17835988104343414,True,False,False,True,-0.375862118826805,0.3881275086224265,3.815291523388088,0.3147837817668915,True,0.27261075377464294,True,1.2267483472824097,True,1,normal,7.851189136505127,0.0,0.0,0.0,0.2004806027638642,-0.008793105886847464,0.18451781632999578,-0.016482049599289894,17.99588213954121,-0.3141131103038788,0.0,0.0,0.0,12.0,0.0,-0.016482049599289894,17.99588213954121,-0.3141131103038788,5.75735931,17.74264069,5.0,0.08306010812520981,12.0,minimum_jerk,6
1785139539049582421,0.008617599494755268,17.97902064025402,-0.3901371359825134,0.11446461826562881,-0.08829943835735321,-0.13563498854637146,nan,-0.19978415966033936,7.884001731872559,world,49531485,1785139539,0.17835988104343414,True,False,False,True,-0.7750851085680275,0.5043216704855535,3.001370901754521,0.3147837817668915,True,0.27261075377464294,True,1.2267483472824097,True,1,normal,7.851189136505127,0.0,0.0,0.0,0.2004806027638642,-0.008793105886847464,0.18451781632999578,-0.016482049599289894,17.99588213954121,-0.3141131103038788,0.0,0.0,0.0,12.0,0.0,-0.016482049599289894,17.99588213954121,-0.3141131103038788,5.75735931,17.74264069,5.0,0.08181659132242203,12.0,minimum_jerk,6
1785139539149592444,0.025241021066904068,17.972672091796994,-0.3853548467159271,0.15326593816280365,-0.08751832693815231,-0.11257671564817429,nan,-0.0997900441288948,7.86842679977417,world,149524205,1785139539,0.17835988104343414,True,False,False,True,-1.1965695971524428,0.5860757928231134,3.0830255918108262,0.3147837817668915,True,0.27261075377464294,True,1.2267483472824097,True,1,normal,7.851189136505127,0.0,0.0,0.0,0.2004806027638642,-0.008793105886847464,0.18451781632999578,-0.016482049599289894,17.99588213954121,-0.3141131103038788,0.0,0.0,0.0,12.0,0.0,-0.016482049599289894,17.99588213954121,-0.3141131103038788,5.75735931,17.74264069,5.0,0.08576074987649918,12.0,minimum_jerk,6
1785139539249572020,0.042597539722919464,17.966941565275192,-0.38390427827835083,0.1676253378391266,-0.06352049112319946,-0.09912125766277313,nan,0.000219370995182544,7.854631423950195,world,249533677,1785139539,0.17835988104343414,True,False,False,True,-1.5808105996336455,0.7085966672818244,3.459986037825729,0.3147837817668915,True,0.27261075377464294,True,1.2267483472824097,True,1,normal,7.851189136505127,4.39772183744368e-05,-1.9288466437369326e-06,4.047563799614167e-05,0.20045861335070372,-0.008792141428263222,0.1844975777710389,-0.016482049598937162,17.995882139541195,-0.31411311030355415,4.823751370218196e-09,-2.1157037631273224e-10,4.439671754178892e-09,12.0,0.0,-0.016482049599289894,17.99588213954121,-0.3141131103038788,5.75735931,17.74264069,5.0,0.09591017663478851,12.0,minimum_jerk,6
1785139539349562226,0.059009987860918045,17.965479005128145,-0.3838582932949066,0.14279921352863312,0.013626374304294586,-0.0775192528963089,nan,0.100221186876297,7.842625141143799,world,349535525,1785139539,0.17835988104343414,True,False,False,True,-1.8178439673804272,0.6399980409098935,3.747962317315525,0.3147837817668915,True,0.27261075377464294,True,1.2267483472824097,True,1,normal,7.851189136505127,0.019591785996118716,-0.0008592983381002613,0.018031837096311898,0.19051830419958438,-0.008356158147542831,0.17534874185911786,-0.01644883392303392,17.995880682697234,-0.3140825393460595,0.0009900947155546045,-4.3425685836220855e-05,0.0009112608020696407,12.0,0.0,-0.016482049599289894,17.99588213954121,-0.3141131103038788,5.75735931,17.74264069,5.0,0.10717719793319702,12.0,minimum_jerk,6
1785139539449577148,0.07103293389081955,17.97238834761083,-0.36522531509399414,0.044512517750263214,0.14939646422863007,0.06721813231706619,nan,0.20022203028202057,7.821300029754639,world,449536701,1785139539,0.17835988104343414,True,False,False,True,-1.8750670755176804,0.2863096286185849,2.387378344660618,0.3147837817668915,True,0.27261075377464294,True,1.2267483472824097,True,1,normal,7.851189136505127,0.038153724107500675,-0.001673427411079636,0.03511582547197968,0.18074516237398947,-0.007927506847941272,0.16635376297596796,-0.016220518482812325,17.995870668751675,-0.31387240297434416,0.0038855390697428924,-0.00017042026009855113,0.0035761623545111825,12.0,0.0,-0.016482049599289894,17.99588213954121,-0.3141131103038788,5.75735931,17.74264069,5.0,0.1039312556385994,12.0,minimum_jerk,6
1785139539549566061,0.07000089436769485,17.991852670907974,-0.3408347964286804,-0.0838819369673729,0.2420426309108734,0.027421070262789726,nan,0.30021771788597107,7.805938243865967,world,549533189,1785139539,0.17835988104343414,True,False,False,True,-1.4914689034358357,-0.3610114213036552,1.7093360862159424,0.3147837817668915,True,0.27261075377464294,True,1.2267483472824097,True,1,normal,7.851189136505127,0.0557458119711246,-0.0024450187232714173,0.051307185596253975,0.17113958095087242,-0.0075062047698659816,0.1575130029007344,-0.015611511064183377,17.995843957605338,-0.31331188630856704,0.008588317764032901,-0.0003766847587643335,0.0079044935915022,12.0,0.0,-0.016482049599289894,17.99588213954121,-0.3141131103038788,5.75735931,17.74264069,5.0,0.09001624584197998,12.0,minimum_jerk,6
1785139539649581965,0.057745106518268585,18.015569431707263,-0.33487075567245483,-0.18392859399318695,0.2677781879901886,-0.1253589391708374,nan,0.40021345019340515,7.811590194702148,world,649526921,1785139539,0.17835988104343414,True,False,False,True,-0.8247267087795139,-1.0751051656945385,2.683943245982827,0.3147837817668915,True,0.27261075377464294,True,1.2267483472824097,True,1,normal,7.851189136505127,0.07238573854878953,-0.0031748481148914844,0.06662219798984009,0.16170105044481187,-0.007092229567218648,0.1488259927145487,-0.014445886612888625,17.99579283316196,-0.3122390719043372,0.015002485600439134,-0.0006580110126960542,0.013807948720983173,12.0,0.0,-0.016482049599289894,17.99588213954121,-0.3141131103038788,5.75735931,17.74264069,5.0,0.07819748669862747,12.0,minimum_jerk,6
1785139539749582841,0.03656211122870445,18.039145544171333,-0.34064754843711853,-0.2588500678539276,0.23158793151378632,-0.1323215216398239,nan,0.5002235770225525,7.831854820251465,world,749538086,1785139539,0.17835988104343414,True,False,False,True,-0.13095185250936758,-1.467855103237669,3.8552571827146616,0.3147837817668915,True,0.27261075377464294,True,1.2267483472824097,True,1,normal,7.851189136505127,0.08809239931447102,-0.0038637443439401517,0.0810782536199858,0.15242824994943582,-0.0066855233048702094,0.14029151668503584,-0.012556914653565033,17.995709982600726,-0.3105005047999001,0.02303493284806197,-0.0010103152167195014,0.021200831650724637,12.0,0.0,-0.016482049599289894,17.99588213954121,-0.3141131103038788,5.75735931,17.74264069,5.0,0.07216765731573105,12.0,minimum_jerk,6
1785139539849586332,0.024931320920586586,18.048447646200657,-0.32175514101982117,-0.2615676522254944,0.11460365355014801,0.023709531873464584,nan,0.6002210378646851,7.827855587005615,world,849534734,1785139539,0.17835988104343414,True,False,False,True,-0.11205532033693688,-1.1809967547431983,2.0395537512274537,0.3147837817668915,True,0.27261075377464294,True,1.2267483472824097,True,1,normal,7.851189136505127,0.10287823441330943,-0.004512253036836931,0.09468680211515637,0.14332368826566227,-0.006286196019162422,0.1319118838558669,-0.00978801759568809,17.995588538407702,-0.307952074519272,0.03259081257654331,-0.0014294373718612904,0.029995847409372712,12.0,0.0,-0.016482049599289894,17.99588213954121,-0.3141131103038788,5.75735931,17.74264069,5.0,0.06473053991794586,12.0,minimum_jerk,6
1785139539949585033,0.014472221955657005,18.045636612921953,-0.2987183630466461,-0.21189135313034058,-0.0063301390036940575,-0.039593178778886795,nan,0.7002325654029846,7.8197808265686035,world,949546931,1785139539,0.17835988104343414,True,False,False,True,-0.20591833153947087,-0.6087035607631945,1.462098124633073,0.3147837817668915,True,0.27261075377464294,True,1.2267483472824097,True,1,normal,7.851189136505127,0.11676386821928124,-0.005121278781366,0.10746682568309082,0.1343849471400934,-0.005894141645179801,0.12368486852126225,-0.00599053185078931,17.995421980178136,-0.3044569544551213,0.04358162966500748,-0.0019114960703562728,0.04011154708748316,12.0,0.0,-0.016482049599289894,17.99588213954121,-0.3141131103038788,5.75735931,17.74264069,5.0,0.054526738822460175,12.0,minimum_jerk,6
1785139540049579357,0.005954598542302847,18.035597257316113,-0.2978013753890991,-0.1658342331647873,-0.08463945984840393,-0.21891076862812042,nan,0.8002251982688904,7.825035572052002,world,49539151,1785139540,0.17835988104343414,True,False,False,True,-0.03531021311854465,-0.1788626846685117,2.8051612372405703,0.3147837817668915,True,0.27261075377464294,True,1.2267483472824097,True,1,normal,7.851189136505127,0.12976151315936674,-0.005691357216198096,0.11942956436560577,0.12561494942701987,-0.005509488379700067,0.1156131608102604,-0.0010269316195688507,17.99520427601219,-0.2998885689695757,0.05591429766553754,-0.002452408528224953,0.05146225602195764,12.0,0.0,-0.016482049599289894,17.99588213954121,-0.3141131103038788,5.75735931,17.74264069,5.0,0.04104498773813248,12.0,minimum_jerk,6
1785139540149576866,-0.0016216627554968,18.019498255103827,-0.31057584285736084,-0.1267220675945282,-0.1320275515317917,-0.19302783906459808,nan,0.9002229571342468,7.8386688232421875,world,149536710,1785139540,0.17835988104343414,True,False,False,True,0.14166683593193102,0.2231080663172208,4.290895668782864,0.3147837817668915,True,0.27261075377464294,True,1.2267483472824097,True,1,normal,7.851189136505127,0.14189117567266757,-0.006223365826411647,0.1305934316371456,0.11701155650091266,-0.005132142422323234,0.107694792380253,0.005233725903394252,17.994929682741013,-0.29412640126356693,0.0695037982527707,-0.003048445830415543,0.06396972526737345,12.0,0.0,-0.016482049599289894,17.99588213954121,-0.3141131103038788,5.75735931,17.74264069,5.0,0.030351197347044945,12.0,minimum_jerk,6
1785139540249592089,-0.008848197758197784,18.009785875678062,-0.29185062646865845,-0.10117524862289429,-0.1077168732881546,0.012604787945747375,nan,1.0002328157424927,7.830976963043213,world,249547434,1785139540,0.17835988104343414,True,False,False,True,0.3895030158551785,0.2937441498152185,2.2809991732858754,0.3147837817668915,True,0.27261075377464294,True,1.2267483472824097,True,1,normal,7.851189136505127,0.15317018724676604,-0.006718064773355867,0.14097437900722465,0.10857421057407689,-0.004762079308406855,0.09992924985605058,0.012913543552825413,17.99459284491804,-0.2870580706472894,0.0842653584326263,-0.003695889822138901,0.07755593167567602,12.0,0.0,-0.016482049599289894,17.99588213954121,-0.3141131103038788,5.75735931,17.74264069,5.0,0.026969801634550095,12.0,minimum_jerk,6
1785139540349601350,-0.015368605963885784,18.0041346331127,-0.2658742368221283,-0.07137603312730789,-0.04767041653394699,-0.019322814419865608,nan,1.100236177444458,7.818068504333496,world,349550124,1785139540,0.17835988104343414,True,False,False,True,0.6396554712498244,0.07576002818389393,1.4687914832230564,0.3147837817668915,True,0.27261075377464294,True,1.2267483472824097,True,1,normal,7.851189136505127,0.16361307829872027,-0.007176091363054432,0.15058577994334538,0.10030450211379822,-0.004399368796057501,0.09231799706780154,0.022124012757773218,17.994188872514375,-0.2785809629289263,0.10011194103673111,-0.004390923041620445,0.09214076820395764,12.0,0.0,-0.016482049599289894,17.99588213954121,-0.3141131103038788,5.75735931,17.74264069,5.0,0.040817588567733765,12.0,minimum_jerk,6
1785139540449600583,-0.019113538786768913,18.003604902885854,-0.26143717765808105,-0.03372017294168472,0.0006782017298974097,-0.19622842967510223,nan,1.2002440690994263,7.817829608917236,world,449559335,1785139540,0.17835988104343414,True,False,False,True,0.8562792318956247,-0.1538633722097831,2.8870087282019528,0.3147837817668915,True,0.27261075377464294,True,1.2267483472824097,True,1,normal,7.851189136505127,0.17323775196110042,-0.007598230829281712,0.15944411208415088,0.09220150075816468,-0.004043970079478038,0.08486017773142636,0.03297058088281564,17.99371314059459,-0.268598026737016,0.11696257662363677,-0.0051299941583950815,0.10764971240805386,12.0,0.0,-0.016482049599289894,17.99588213954121,-0.3141131103038788,5.75735931,17.74264069,5.0,0.05349654331803322,12.0,minimum_jerk,6
1785139540549592291,-0.018336476758122444,18.00725968182087,-0.2710868716239929,0.039415206760168076,0.039158809930086136,-0.16664119064807892,nan,1.3002408742904663,7.82387638092041,world,549557045,1785139540,0.17835988104343414,True,False,False,True,0.9839288006743411,-0.4022579326832558,4.44495091774981,0.3147837817668915,True,0.27261075377464294,True,1.2267483472824097,True,1,normal,7.851189136505127,0.18205946911477455,-0.007985152516301185,0.1675634211995274,0.084266475780987,-0.0036959388291865312,0.07755696005785745,0.045547619300441926,17.993161510017742,-0.2570224047929206,0.13473346672146627,-0.0059094277603470675,0.12400563806812415,12.0,0.0,-0.016482049599289894,17.99588213954121,-0.3141131103038788,5.75735931,17.74264069,5.0,0.06691595911979675,12.0,minimum_jerk,6
1785139540649624807,-0.008746073581278324,17.9993107651826,-0.25001081824302673,0.13498060405254364,0.03001745603978634,0.050365131348371506,nan,1.400244951248169,7.802337169647217,world,649561687,1785139540,0.17835988104343414,True,False,False,True,0.8630401046379966,-0.09537317845604026,2.511298199820766,0.3147837817668915,True,0.27261075377464294,True,1.2267483472824097,True,1,normal,7.851189136505127,0.19009662338747033,-0.00833766317107003,0.1749606363687768,0.07649794341174333,-0.0033552099668106546,0.07040697841823672,0.059945603333138545,17.992530012524163,-0.24377082565438168,0.15334849963644182,-0.006725885578469879,0.14113849370118492,12.0,0.0,-0.016482049599289894,17.99588213954121,-0.3141131103038788,5.75735931,17.74264069,5.0,0.06930701434612274,12.0,minimum_jerk,6
1785139540749606817,0.010608290322124958,17.990313150919974,-0.2191476970911026,0.21247786283493042,-0.0003418931446503848,0.043528590351343155,nan,1.5002375841140747,7.7669806480407715,world,749552504,1785139540,0.17835988104343414,True,False,False,True,0.5968747552870483,0.2282008243466535,1.670954936079793,0.3147837817668915,True,0.27261075377464294,True,1.2267483472824097,True,1,normal,7.851189136505127,0.1973644624453604,-0.008656431558253432,0.18164979119927818,0.06889734815770582,-0.0030218468486313795,0.06341156230441447,0.07624209945058692,17.991815246038183,-0.228771898895549,0.17272646484550475,-0.007575805708426954,0.1589735349770055,12.0,0.0,-0.016482049599289894,17.99588213954121,-0.3141131103038788,5.75735931,17.74264069,5.0,0.06635268032550812,12.0,minimum_jerk,6
1785139540849596722,0.03332830220460892,17.982165532186627,-0.20896883308887482,0.2516832649707794,-0.014402591623365879,-0.13461357355117798,nan,1.600235104560852,7.743078231811523,world,849548811,1785139540,0.17835988104343414,True,False,False,True,0.3971837943717161,0.31618510522997567,3.034417402319304,0.3147837817668915,True,0.27261075377464294,True,1.2267483472824097,True,1,normal,7.851189136505127,0.20388094732247036,-0.008942245451191285,0.18764741662086581,0.061463439119095256,-0.0026957946100181133,0.05656956041650174,0.09451225904498678,17.99101391440974,-0.21195645687331047,0.19279443019830989,-0.008455989336409385,0.17744363679252667,12.0,0.0,-0.016482049599289894,17.99588213954121,-0.3141131103038788,5.75735931,17.74264069,5.0,0.06189262121915817,12.0,minimum_jerk,6
1785139540949588811,0.06088868901133537,17.975078055635095,-0.21289612352848053,0.27451348304748535,-0.0005872267647646368,-0.11214564740657806,nan,1.7002500295639038,7.725159645080566,world,949564315,1785139540,0.17835988104343414,True,False,False,True,0.39139420171682116,0.32987815793468706,4.682746011208913,0.3147837817668915,True,0.27261075377464294,True,1.2267483472824097,True,1,normal,7.851189136505127,0.20966335902607866,-0.009195862797159976,0.19296941768212328,0.054195334402430045,-0.002377014571005521,0.0498801610796671,0.11482424225124721,17.99012302812627,-0.1932617665397763,0.21348080008300874,-0.009363296269364376,0.19648290416451814,12.0,0.0,-0.016482049599289894,17.99588213954121,-0.3141131103038788,5.75735931,17.74264069,5.0,0.05933719873428345,12.0,minimum_jerk,6
1785139541049595658,0.08437777310609818,17.96873862296343,-0.1866760551929474,0.27080366015434265,0.04065948352217674,0.10496662557125092,nan,1.800243616104126,7.689957618713379,world,49558237,1785139541,0.17835988104343414,True,False,False,True,0.45072100025379147,0.3967709204241231,2.8651759102073426,0.3147837817668915,True,0.27261075377464294,True,1.2267483472824097,True,1,normal,7.851189136505127,0.21472619967274575,-0.009417919660919582,0.19762914180341434,0.04709584994081828,-0.002065630238794041,0.043345956015108794,0.1372278600754844,17.989140402470415,-0.17264198297054448,0.2347048250478176,-0.010294184825602778,0.2160170171223316,12.0,0.0,-0.016482049599289894,17.99588213954121,-0.3141131103038788,5.75735931,17.74264069,5.0,0.05836368352174759,12.0,minimum_jerk,6
1785139541149607674,0.10724972188472748,17.968212120234966,-0.15208832919597626,0.25919270515441895,0.07888994365930557,0.12012432515621185,nan,1.9002455472946167,7.649747371673584,world,149560265,1785139541,0.17835988104343414,True,False,False,True,0.7131668352558087,0.22413508369977858,2.0577275861001,0.3147837817668915,True,0.27261075377464294,True,1.2267483472824097,True,1,normal,7.851189136505127,0.21908782705163202,-0.009609221217542959,0.20164348507903368,0.04016283527563254,-0.0017615472939824207,0.0369649659893022,0.1617800339627557,17.988063540860033,-0.15004471695389313,0.25640172882643925,-0.011245813909474173,0.2359863570542789,12.0,0.0,-0.016482049599289894,17.99588213954121,-0.3141131103038788,5.75735931,17.74264069,5.0,0.05806729197502136,12.0,minimum_jerk,6
1785139541249602258,0.1316390335559845,17.972638865932822,-0.1328033059835434,0.25581467151641846,0.10279208421707153,-0.04993880167603493,nan,2.000247001647949,7.61887788772583,world,249562052,1785139541,0.17835988104343414,True,False,False,True,0.9002128971723997,-0.07350529441178644,3.2860269873454127,0.3147837817668915,True,0.27261075377464294,True,1.2267483472824097,True,1,normal,7.851189136505127,0.22276447750834685,-0.009770479595306808,0.2050273910745716,0.03339692579533994,-0.0014647936047932882,0.030737775799433986,0.1885224699191588,17.986890614064148,-0.12543158322428083,0.2785003109972099,-0.012215060661019808,0.25632539270124544,12.0,0.0,-0.016482049599289894,17.99588213954121,-0.3141131103038788,5.75735931,17.74264069,5.0,0.05910313129425049,12.0,minimum_jerk,6
1785139541349601220,0.15720951557159424,17.980278266593814,-0.12759265303611755,0.2763969600200653,0.11257153749465942,-0.02418927662074566,nan,2.1002416610717773,7.596733093261719,world,349555724,1785139541,0.17835988104343414,True,False,False,True,1.1382744381302876,-0.3067387630945961,4.953194513161602,0.3147837817668915,True,0.27261075377464294,True,1.2267483472824097,True,1,normal,7.851189136505127,0.22577269703839223,-0.009902420503773284,0.2077960883503824,0.026798534939981175,-0.0011753873047617856,0.024664765966374652,0.21748999772337363,17.985620094444037,-0.09877052524049285,0.3009314643682534,-0.013198894029617662,0.2769705193655104,12.0,0.0,-0.016482049599289894,17.99588213954121,-0.3141131103038788,5.75735931,17.74264069,5.0,0.06702974438667297,12.0,minimum_jerk,6
1785139541449605051,0.19021764397621155,17.982076156884432,-0.09407347440719604,0.3270054757595062,0.08970284461975098,0.18333078920841217,nan,2.2002391815185547,7.549833297729492,world,449552772,1785139541,0.17835988104343414,True,False,False,True,0.9293632201423114,-0.2687059074141528,3.2129087177204267,0.3147837817668915,True,0.27261075377464294,True,1.2267483472824097,True,1,normal,7.851189136505127,0.22812952569945333,-0.010005791322137579,0.20996526019048892,0.020367003831993698,-0.0008932994954304334,0.018745330074104886,0.24871543342578376,17.984250542683373,-0.070031339851332,0.3236313944885846,-0.014194515982167418,0.29786302207601195,12.0,0.0,-0.016482049599289894,17.99588213954121,-0.3141131103038788,5.75735931,17.74264069,5.0,0.0632830411195755,12.0,minimum_jerk,6
1785139541549609293,0.23078957200050354,17.98229570686817,-0.049741338938474655,0.37641414999961853,0.04966634511947632,0.18826326727867126,nan,2.3002421855926514,7.490013122558594,world,549556663,1785139541,0.17835988104343414,True,False,False,True,0.7612787778356103,-0.13075431954708422,2.5262461389695376,0.3147837817668915,True,0.27261075377464294,True,1.2267483472824097,True,1,normal,7.851189136505127,0.22985164336241437,-0.0100813236317539,0.2115502583711217,0.014102207430365818,-0.0006185246924838414,0.012979353037703326,0.2822233461014314,17.982780881179256,-0.03919141423534066,0.346536330878899,-0.015199129536969853,0.3189442079246813,12.0,0.0,-0.016482049599289894,17.99588213954121,-0.3141131103038788,5.75735931,17.74264069,5.0,0.05250685289502144,12.0,minimum_jerk,6
1785139541649600139,0.2707453668117523,17.980788270011544,-0.025304321199655533,0.40139663219451904,0.018083158880472183,0.03635420277714729,nan,2.400247097015381,7.4440131187438965,world,649562629,1785139541,0.17835988104343414,True,False,False,True,0.6748596077822399,-0.0585687967190448,3.7655346723605967,0.3147837817668915,True,0.27261075377464294,True,1.2267483472824097,True,1,normal,7.851189136505127,0.23095563368991462,-0.010129744794270052,0.2125663461206169,0.008004366060657117,-0.0003510725594303376,0.00736703763983599,0.31803013998762136,17.98121039043966,-0.0062356503032057545,0.36958290412828465,-0.01620995530323875,0.34015575313773483,12.0,0.0,-0.016482049599289894,17.99588213954121,-0.3141131103038788,5.75735931,17.74264069,5.0,0.05098668485879898,12.0,minimum_jerk,6
1785139541749627415,0.31162115931510925,17.97789776325226,-0.012386173941195011,0.4101981222629547,-0.005442113149911165,0.058244697749614716,nan,2.500262498855591,7.405094623565674,world,749578853,1785139541,0.17835988104343414,True,False,False,True,0.7735358719301132,0.014207863464751192,5.414018904135758,0.3147837817668915,True,0.27261075377464294,True,1.2267483472824097,True,1,normal,7.851189136505127,0.23145818664889908,-0.010151786833854815,0.2130288845073914,0.0020729872080182607,-9.092149450316313e-05,0.0019079305809654168,0.35615038594665543,17.979538431384622,0.028849362637463277,0.39271212643871617,-0.01722440606831156,0.3614433666788744,12.0,0.0,-0.016482049599289894,17.99588213954121,-0.3141131103038788,5.75735931,17.74264069,5.0,0.06071172282099724,12.0,minimum_jerk,6
1785139541849614925,0.35477426648139954,17.973407618701458,0.029412992298603058,0.40134143829345703,-0.011391174979507923,0.28050604462623596,nan,2.6002581119537354,7.344924449920654,world,849578466,1785139541,0.17835988104343414,True,False,False,True,0.793684741545916,0.11847635918971895,3.71808579530997,0.3147837817668915,True,0.27261075377464294,True,1.2267483472824097,True,1,normal,7.851189136505127,0.23137594050217308,-0.010148179506926541,0.2129531870125405,-0.0036901406995484692,0.0001618500616077721,-0.0033963221101899407,0.39657715677890415,17.97776530784204,0.0660572489486683,0.4158576132724628,-0.018239570197538985,0.3827459497197279,12.0,0.0,-0.016482049599289894,17.99588213954121,-0.3141131103038788,5.75735931,17.74264069,5.0,0.05576085299253464,12.0,minimum_jerk,6
1785139541949580434,0.3962990939617157,17.97016535513103,0.08177178353071213,0.3911203444004059,-0.002659272402524948,0.28933361172676086,nan,2.7002432346343994,7.278852939605713,world,949556689,1785139541,0.17835988104343414,True,False,False,True,1.1019996311735352,0.11699160136756057,3.0049496982725383,0.3147837817668915,True,0.27261075377464294,True,1.2267483472824097,True,1,normal,7.851189136505127,0.23072585684679692,-0.010119666751386973,0.21235486470670065,-0.009285636849546322,0.00040726926654866425,-0.008546290319815644,0.43931239639373476,17.975890934551796,0.1053897977606624,0.4389639164580752,-0.019253015726750616,0.4040124690163096,12.0,0.0,-0.016482049599289894,17.99588213954121,-0.3141131103038788,5.75735931,17.74264069,5.0,0.04940381646156311,12.0,minimum_jerk,6
1785139542049599554,0.4339967370033264,17.968947330489755,0.11548888683319092,0.39370790123939514,0.008537313900887966,0.14581508934497833,nan,2.800248861312866,7.228267669677734,world,49562614,1785139542,0.17835988104343414,True,False,False,True,1.3572418960333672,0.03278100893576963,4.155962484687115,0.3147837817668915,True,0.27261075377464294,True,1.2267483472824097,True,1,normal,7.851189136505127,0.22952435302134222,-0.010066968633888201,0.21124902773729493,-0.014715218949102285,0.000645411459182438,-0.013543554986734728,0.48436328117236216,17.97391499675685,0.14685361405254407,0.4619822670551735,-0.020262603643738587,0.4251980387379723,12.0,0.0,-0.016482049599289894,17.99588213954121,-0.3141131103038788,5.75735931,17.74264069,5.0,0.05954168736934662,12.0,minimum_jerk,6
1785139542149616259,0.4727036654949188,17.969425410032272,0.13833707571029663,0.4172338545322418,0.021419305354356766,0.16601160168647766,nan,2.900261163711548,7.184342861175537,world,149575482,1785139542,0.17835988104343414,True,False,False,True,1.5696510102435877,-0.07722027172631381,5.814256025447331,0.3147837817668915,True,0.27261075377464294,True,1.2267483472824097,True,1,normal,7.851189136505127,0.22778808543493012,-0.009990815706748387,0.20965100628687733,-0.019978050000811376,0.0008762399286916479,-0.01838734575745006,0.5317123646715539,17.971838259660522,0.19043264051221642,0.4848550623729078,-0.021265807486825192,0.44624964266976175,12.0,0.0,-0.016482049599289894,17.99588213954121,-0.3141131103038788,5.75735931,17.74264069,5.0,0.07875148206949234,12.0,minimum_jerk,6
1785139542249623376,0.5193192958831787,17.965553630143404,0.18903522193431854,0.4743552505970001,0.025188030675053596,0.3652876615524292,nan,3.0002593994140625,7.115626335144043,world,249574484,1785139542,0.17835988104343414,True,False,False,True,1.7561901715845996,0.022054979417509536,4.622198840006625,0.3147837817668915,True,0.27261075377464294,True,1.2267483472824097,True,1,normal,7.851189136505127,0.22553417418477664,-0.00989195885970718,0.20757655730604607,-0.025073079258132458,0.0010997085891933265,-0.02307669554858996,0.5813324252919695,17.96966191720578,0.23610182299479915,0.5075250450399168,-0.022260115940091356,0.4671145824209771,12.0,0.0,-0.016482049599289894,17.99588213954121,-0.3141131103038788,5.75735931,17.74264069,5.0,0.0779600590467453,12.0,minimum_jerk,6
1785139542349643468,0.5722116231918335,17.962347488850355,0.250924676656723,0.533174455165863,0.01864960417151451,0.38564249873161316,nan,3.1002614498138428,7.034752368927002,world,349576742,1785139542,0.17835988104343414,True,False,False,True,1.5491321391876944,0.10806735694632998,3.6035595747450277,0.3147837817668915,True,0.27261075377464294,True,1.2267483472824097,True,1,normal,7.851189136505127,0.22277901232012648,-0.009771117094083556,0.20504076858687642,-0.030001223036260807,0.0013158576303937465,-0.027612447715953267,0.6332092620980017,17.96738659224755,0.28384809128007166,0.5299452544716126,-0.02324346930605466,0.4877496365307772,12.0,0.0,-0.016482049599289894,17.99588213954121,-0.3141131103038788,5.75735931,17.74264069,5.0,0.06949860602617264,12.0,minimum_jerk,6
1785139542449621009,0.6253076791763306,17.96015426889062,0.29291388392448425,0.5725272297859192,0.013240876607596874,0.2305067479610443,nan,3.2002601623535156,6.967203617095947,world,449575103,1785139542,0.17835988104343414,True,False,False,True,1.4891903592020816,0.061664675214933524,4.754704987680494,0.3147837817668915,True,0.27261075377464294,True,1.2267483472824097,True,1,normal,7.851189136505127,0.2195394926443925,-0.00962903133048075,0.20205918788388663,-0.034762141724225995,0.0015246721569105942,-0.03199428968927727,0.6873117874427419,17.96501364829415,0.333642833000337,0.5520648688339187,-0.02421363853231683,0.5081080297315484,12.0,0.0,-0.016482049599289894,17.99588213954121,-0.3141131103038788,5.75735931,17.74264069,5.0,0.07434359937906265,12.0,minimum_jerk,6
1785139542549601997,0.6868284344673157,17.958621002733707,0.3261890113353729,0.6115003824234009,0.01397088821977377,0.2617749571800232,nan,3.3002543449401855,6.899379730224609,world,549567482,1785139542,0.17835988104343414,True,False,False,True,1.5452427048927486,0.012785931716926466,6.497725987740851,0.3147837817668915,True,0.27261075377464294,True,1.2267483472824097,True,1,normal,7.851189136505127,0.21583242235007907,-0.009466438734596157,0.19864728415724947,-0.03935578861578633,0.001726150120201905,-0.036222178481192704,0.743606605847539,17.96254455007572,0.3854553117117143,0.5738360104370244,-0.02516852369703842,0.5281456964795269,12.0,0.0,-0.016482049599289894,17.99588213954121,-0.3141131103038788,5.75735931,17.74264069,5.0,0.08216842263936996,12.0,minimum_jerk,6
1785139542649612531,0.7442353963851929,17.954817943274975,0.3839249312877655,0.6328225135803223,0.019340967759490013,0.45749932527542114,nan,3.4002537727355957,6.817960262298584,world,649567205,1785139542,0.17835988104343414,True,False,False,True,1.4498527544584272,0.08736001296781223,4.786067976686566,0.3147837817668915,True,0.27261075377464294,True,1.2267483472824097,True,1,normal,7.851189136505127,0.21167413026551574,-0.009284055491010884,0.19482008609156098,-0.04378262216037952,0.0019203116279209566,-0.040296536038201894,0.8020623273424107,17.959980674360512,0.4392566367951818,0.5952149208237109,-0.02610620554846909,0.5478223624795409,12.0,0.0,-0.016482049599289894,17.99588213954121,-0.3141131103038788,5.75735931,17.74264069,5.0,0.08020102977752686,12.0,minimum_jerk,6
1785139542749605010,0.8079814314842224,17.952516589313745,0.45350512862205505,0.6366965770721436,0.021805379539728165,0.4571272134780884,nan,3.5002615451812744,6.723912715911865,world,749575525,1785139542,0.17835988104343414,True,False,False,True,1.6136600022727645,0.07947768179356096,4.179561423156201,0.3147837817668915,True,0.27261075377464294,True,1.2267483472824097,True,1,normal,7.851189136505127,0.2070811107385691,-0.00908260504401492,0.19059277471185881,-0.048042737493520754,0.002107160852724094,-0.044217449920883264,0.8626395311249371,17.957323750150163,0.49501052623502145,0.6161578706488264,-0.027024766111717596,0.5670977802305072,12.0,0.0,-0.016482049599289894,17.99588213954121,-0.3141131103038788,5.75735931,17.74264069,5.0,0.06879908591508865,12.0,minimum_jerk,6
1785139542849612879,0.8672686219215393,17.951719101518393,0.5034925937652588,0.6357725262641907,0.023038789629936218,0.32181841135025024,nan,3.6002602577209473,6.646448612213135,world,849574146,1785139542,0.17835988104343414,True,False,False,True,1.7089346505539385,-0.012417390376118574,5.255174499521533,0.3147837817668915,True,0.27261075377464294,True,1.2267483472824097,True,1,normal,7.851189136505127,0.20207088540036675,-0.00886285589467866,0.18598147653147962,-0.05213538755994554,0.0022866650286681037,-0.04798423255645311,0.9252816151760072,17.95457626001675,0.5526648848119345,0.6366185824215953,-0.027922175649886895,0.5859293569756926,12.0,0.0,-0.016482049599289894,17.99588213954121,-0.3141131103038788,5.75735931,17.74264069,5.0,0.07610246539115906,12.0,minimum_jerk,6
1785139542949621249,0.9322464466094971,17.952038940042257,0.5472614765167236,0.6458042860031128,0.02430368959903717,0.35919827222824097,nan,3.700261354446411,6.569051742553711,world,949574861,1785139542,0.17835988104343414,True,False,False,True,1.8502768860842298,-0.1045222300785694,6.913061033589316,0.3147837817668915,True,0.27261075377464294,True,1.2267483472824097,True,1,normal,7.851189136505127,0.1966596079805546,-0.008625516547731669,0.18100105907814834,-0.05606107541936349,0.0024588462200187296,-0.051597346949700265,0.9899457253731105,17.95174008354779,0.6121802705599785,0.6565586070447447,-0.02879674778045963,0.6042817050348387,12.0,0.0,-0.016482049599289894,17.99588213954121,-0.3141131103038788,5.75735931,17.74264069,5.0,0.08685474097728729,12.0,minimum_jerk,6
1785139543049617906,0.9979040026664734,17.948992114514112,0.6111167669296265,0.673107385635376,0.017583126202225685,0.5296539664268494,nan,3.80026912689209,6.477444648742676,world,49583200,1785139543,0.17835988104343414,True,False,False,True,1.81170742444628,-0.034649516853061675,5.12389018589971,0.3147837817668915,True,0.27261075377464294,True,1.2267483472824097,True,1,normal,7.851189136505127,0.1908637088128009,-0.008371307639792692,0.17566664445968078,-0.05981993931637085,0.002623710490202334,-0.0550569203378269,1.056580700194827,17.94881746469441,0.6735095955709842,0.675939430280653,-0.029646793263854068,0.6221193767739825,12.0,0.0,-0.016482049599289894,17.99588213954121,-0.3141131103038788,5.75735931,17.74264069,5.0,0.08564957976341248,12.0,minimum_jerk,6
1785139543149650120,1.0604864358901978,17.946372903883457,0.6784806847572327,0.701892614364624,0.00775905279442668,0.5839959979057312,nan,3.900242567062378,6.385737895965576,world,149558888,1785139543,0.17835988104343414,True,False,False,True,1.7455603712538093,0.02324685326206652,4.631937010345256,0.3147837817668915,True,0.27261075377464294,True,1.2267483472824097,True,1,normal,7.851189136505127,0.1847024363769928,-0.008101073411748264,0.16999594854198868,-0.06341049967718476,0.002781192944916128,-0.05836159095455874,1.1251003417819638,17.945812184106174,0.7365735252832473,0.6947157279806842,-0.030470324176886138,0.639400656870952,12.0,0.0,-0.016482049599289894,17.99588213954121,-0.3141131103038788,5.75735931,17.74264069,5.0,0.08689101785421371,12.0,minimum_jerk,6
1785139543249613054,1.1424182653427124,17.94336051121354,0.7495661377906799,0.7290501594543457,-0.0009032019879668951,0.43355593085289,nan,4.000262260437012,6.277273178100586,world,249575704,1785139543,0.17835988104343414,True,False,False,True,1.7528660638485718,-0.000181354952563861,5.961141792212412,0.3147837817668915,True,0.27261075377464294,True,1.2267483472824097,True,1,normal,7.851189136505127,0.178187456546662,-0.007815325530362205,0.1639997083314455,-0.06683562828328429,0.0029314195408775183,-0.06151400192267262,1.1954987292073176,17.94272450147573,0.8013666102091703,0.7128666454122654,-0.03126642582821301,0.6561063511011629,12.0,0.0,-0.016482049599289894,17.99588213954121,-0.3141131103038788,5.75735931,17.74264069,5.0,0.07417026907205582,12.0,minimum_jerk,6
1785139543349638005,1.2200406789779663,17.941000018268824,0.7988872528076172,0.7417683005332947,-0.0043541258201003075,0.40955764055252075,nan,4.100276947021484,6.186756610870361,world,349592509,1785139543,0.17835988104343414,True,False,False,True,1.7878462524959637,-0.033387428658676756,7.432071193891201,0.3147837817668915,True,0.27261075377464294,True,1.2267483472824097,True,1,normal,7.851189136505127,0.1713385953852908,-0.007514933569414305,0.15769617128885183,-0.070093469804407,0.003074308903054575,-0.0645124456381217,1.2676758645437693,17.93955880272546,0.8677968145163829,0.730348250522877,-0.03203317135217135,0.67219602539625,12.0,0.0,-0.016482049599289894,17.99588213954121,-0.3141131103038788,5.75735931,17.74264069,5.0,0.08378374576568604,12.0,minimum_jerk,6
1785139543449593334,1.2855403423309326,17.938134294003248,0.862143337726593,0.7401756048202515,-0.0034133358858525753,0.572892963886261,nan,4.2002434730529785,6.09567403793335,world,449558648,1785139543,0.17835988104343414,True,False,False,True,2.0389192342280418,-0.02674758874353734,6.769177918438601,0.3147837817668915,True,0.27261075377464294,True,1.2267483472824097,True,1,normal,7.851189136505127,0.1641757945573516,-0.00720077217295915,0.1511036912715469,-0.07318274206753703,0.003209804795168382,-0.06735574201783673,1.3415305333637717,17.936319527133612,0.9357709827330108,0.7471209211448886,-0.03276882291522195,0.6876332124085076,12.0,0.0,-0.016482049599289894,17.99588213954121,-0.3141131103038788,5.75735931,17.74264069,5.0,0.09251607954502106,12.0,minimum_jerk,6
1785139543549687546,1.368111491203308,17.93545551598072,0.9536466002464294,0.7359771728515625,-0.0037707474548369646,0.6529222130775452,nan,4.300283908843994,5.972909450531006,world,549600221,1785139543,0.17835988104343414,True,False,False,True,2.0950906045733215,-0.0412974399396993,5.414263313207375,0.3147837817668915,True,0.27261075377464294,True,1.2267483472824097,True,1,normal,7.851189136505127,0.1567068945521914,-0.006873185225901704,0.14422948448874642,-0.07610715625148484,0.003338069990014885,-0.07004730674692972,1.4170819697464825,17.933005831090913,1.00530681747086,0.7631739667826026,-0.03347291163080245,0.7024080728472785,12.0,0.0,-0.016482049599289894,17.99588213954121,-0.3141131103038788,5.75735931,17.74264069,5.0,0.07122419774532318,12.0,minimum_jerk,6
1785139543649592891,1.4327120780944824,17.933888234198093,1.0166699886322021,0.7360849976539612,-0.006072018761187792,0.5168197751045227,nan,4.400218486785889,5.882692337036133,world,649533779,1785139543,0.17835988104343414,True,False,False,True,2.531459078294902,-0.1055989004228409,7.04437706807294,0.3147837817668915,True,0.27261075377464294,True,1.2267483472824097,True,1,normal,7.851189136505127,0.14896211859280628,-0.006533498322820137,0.13710136771191303,-0.07886154886080995,0.003458878015997693,-0.07258238746088172,1.4941193761206417,17.92962696020686,1.0762103054089385,0.7784497512331632,-0.03414290956739409,0.7164675596539152,12.0,0.0,-0.016482049599289894,17.99588213954121,-0.3141131103038788,5.75735931,17.74264069,5.0,0.08563914895057678,12.0,minimum_jerk,6
1785139543749611058,1.5037733316421509,17.932405196130276,1.0709519386291504,0.7531915307044983,-0.009199166670441628,0.48488831520080566,nan,4.500242233276367,5.79365348815918,world,749558720,1785139543,0.17835988104343414,True,False,False,True,2.2727590618294005,-0.14337299950820617,7.584511140390468,0.3147837817668915,True,0.27261075377464294,True,1.2267483472824097,True,1,normal,7.851189136505127,0.14094318327977823,-0.006181786754044136,0.1297209208614303,-0.08145131816752219,0.0035724656420447415,-0.07496595260726066,1.5727146916492676,17.9261797592202,1.14854765772721,0.7929506091288387,-0.03477891912227851,0.7298138215712001,12.0,0.0,-0.016482049599289894,17.99588213954121,-0.3141131103038788,5.75735931,17.74264069,5.0,0.10398443788290024,12.0,minimum_jerk,6
1785139543849661047,1.5890158414840698,17.927244663238525,1.1461479663848877,0.7940993905067444,-0.019174592569470406,0.6059883832931519,nan,4.600289344787598,5.679906845092773,world,849605191,1785139543,0.17835988104343414,True,False,False,True,2.3373894716621764,-0.046806335265273016,7.1766740652597605,0.3147837817668915,True,0.27261075377464294,True,1.2267483472824097,True,1,normal,7.851189136505127,0.13267162780095243,-0.00581899523121578,0.12210796811904931,-0.08387448236315825,0.003678745945773384,-0.07719617817434174,1.6527385666595569,17.922669901424783,1.2221998239098657,0.8066397778425912,-0.03537932788174698,0.7424130231079673,12.0,0.0,-0.016482049599289894,17.99588213954121,-0.3141131103038788,5.75735931,17.74264069,5.0,0.09932471811771393,12.0,minimum_jerk,6
1785139543949649458,1.6720783710479736,17.92180009931326,1.2242321968078613,0.8375562429428101,-0.027843963354825974,0.6798722147941589,nan,4.700242042541504,5.565792083740234,world,949557515,1785139543,0.17835988104343414,True,False,False,True,1.8677611319522225,0.07873024764526239,6.172207345518384,0.3147837817668915,True,0.27261075377464294,True,1.2267483472824097,True,1,normal,7.851189136505127,0.12417410428773501,-0.005446292720361382,0.11428703950423236,-0.08612838161248831,0.0037776022664568823,-0.07927061610988634,1.7340131684516544,17.919105186586453,1.2970031307586158,0.8194778825759843,-0.03594240886190607,0.7542289245895265,12.0,0.0,-0.016482049599289894,17.99588213954121,-0.3141131103038788,5.75735931,17.74264069,5.0,0.09559702128171921,12.0,minimum_jerk,6
1785139544049649392,1.7640939950942993,17.916284695267677,1.3016310930252075,0.8587043881416321,-0.0312962681055069,0.5875537395477295,nan,4.80027437210083,5.4455718994140625,world,49589689,1785139544,0.17835988104343414,True,False,False,True,2.290543603697856,0.0515000074087188,7.718282194888102,0.3147837817668915,True,0.27261075377464294,True,1.2267483472824097,True,1,normal,7.851189136505127,0.11545263709027825,-0.005063768009747704,0.10625999818311332,-0.08821696216704508,0.0038692076872120246,-0.08119289845462785,1.8165941515333164,17.91548317369111,1.3730088014247221,0.8314648185211795,-0.036468157465870066,0.7652614295531123,12.0,0.0,-0.016482049599289894,17.99588213954121,-0.3141131103038788,5.75735931,17.74264069,5.0,0.0886097401380539,12.0,minimum_jerk,6
1785139544149624919,1.8490734100341797,17.912037529051304,1.3650238513946533,0.8573101758956909,-0.02536427043378353,0.5989068746566772,nan,4.900251388549805,5.340079307556152,world,149568492,1785139544,0.17835988104343414,True,False,False,True,2.0864902793935465,0.03936381435182977,8.0,0.3147837817668915,True,0.27261075377464294,True,1.2267483472824097,True,1,normal,7.851189136505127,0.10653556487086291,-0.004672664036869393,0.09805292642005908,-0.09013735720679608,0.003953436468931105,-0.08296038665219255,1.90028388429945,17.91181253088722,1.4500349402449273,0.8425632953327449,-0.03695493813413134,0.7754762168074745,12.0,0.0,-0.016482049599289894,17.99588213954121,-0.3141131103038788,5.75735931,17.74264069,5.0,0.0992443859577179,12.0,minimum_jerk,6
1785139544249729821,1.9401185512542725,17.906739965081215,1.4494743347167969,0.8388245105743408,-0.012815602123737335,0.6600329279899597,nan,5.000309467315674,5.215792179107666,world,249628660,1785139544,0.17835988104343414,True,False,False,True,2.2165008809130198,0.05246379730344825,8.0,0.3147837817668915,True,0.27261075377464294,True,1.2267483472824097,True,1,normal,7.851189136505127,0.09742739276761347,-0.004273178397683472,0.08966997064239285,-0.09189211576821602,0.004030400412692743,-0.084575426778149,1.9851074876880275,17.908092156367108,1.5281046679628603,0.8527688500869431,-0.037402555122261524,0.7848691787784582,12.0,0.0,-0.016482049599289894,17.99588213954121,-0.3141131103038788,5.75735931,17.74264069,5.0,0.0906011164188385,12.0,minimum_jerk,6
1785139544349679900,2.021547317504883,17.903316773474216,1.5293022394180298,0.8153985738754272,-0.0030423463322222233,0.6710610389709473,nan,5.100292205810547,5.101749897003174,world,349608345,1785139544,0.17835988104343414,True,False,False,True,2.4137193996096777,0.03025211990467142,7.664188586009805,0.3147837817668915,True,0.27261075377464294,True,1.2267483472824097,True,1,normal,7.851189136505127,0.08815910782466058,-0.0038666701880645526,0.08113965062528777,-0.09347847121235955,0.004099978173345033,-0.08603547248053212,2.0708409109519543,17.90433187702632,1.607011773333986,0.8620478588119478,-0.037809533678386714,0.7934093687222279,12.0,0.0,-0.016482049599289894,17.99588213954121,-0.3141131103038788,5.75735931,17.74264069,5.0,0.09203075617551804,12.0,minimum_jerk,6
1785139544449638255,2.106839656829834,17.901518397033215,1.607858657836914,0.798105776309967,0.006678891833871603,0.6356104612350464,nan,5.200271129608154,4.985795497894287,world,449586447,1785139544,0.17835988104343414,True,False,False,True,2.4640424800438776,-0.07312188032793224,8.0,0.3147837817668915,True,0.27261075377464294,True,1.2267483472824097,True,1,normal,7.851189136505127,0.07874086092310789,-0.0034535846270071988,0.072471309010323,-0.09489777669112942,0.004162229100310298,-0.08734176916977487,2.1574527681018987,17.900533069458522,1.6867273694029832,0.8703923057556197,-0.038175522230552573,0.8010894091216538,12.0,0.0,-0.016482049599289894,17.99588213954121,-0.3141131103038788,5.75735931,17.74264069,5.0,0.0937172994017601,12.0,minimum_jerk,6
1785139544549628129,2.184141159057617,17.901653714478016,1.676401138305664,0.7946580648422241,0.014704452827572823,0.6385810375213623,nan,5.300265312194824,4.882569313049316,world,549581271,1785139544,0.17835988104343414,True,False,False,True,2.9818078568380635,-0.20923361639743127,8.0,0.3147837817668915,True,0.27261075377464294,True,1.2267483472824097,True,1,normal,7.851189136505127,0.06918762664980732,-0.0030345785018813,0.06367872806884134,-0.09615025882243583,0.004217163133080213,-0.08849452541988057,2.2448646911946586,17.89669917089212,1.767179328085885,0.8777893405385391,-0.03849995715940961,0.807897472777912,12.0,0.0,-0.016482049599289894,17.99588213954121,-0.3141131103038788,5.75735931,17.74264069,5.0,0.10932783037424088,12.0,minimum_jerk,6
1785139544649684219,2.272614002227783,17.898159235715866,1.7613158226013184,0.8147287368774414,0.0131399380043149,0.6397282481193542,nan,5.400305271148682,4.759906768798828,world,649621159,1785139544,0.17835988104343414,True,False,False,True,2.7624522455232343,-0.15475340611901964,8.0,0.3147837817668915,True,0.27261075377464294,True,1.2267483472824097,True,1,normal,7.851189136505127,0.059513073807522465,-0.002610251328193036,0.05477448825801973,-0.09723614978428033,0.004264790455012778,-0.08949395492223511,2.333008593051131,17.892833167639843,1.8483049834816756,0.8842278357693477,-0.03878235041609363,0.8138233182914513,12.0,0.0,-0.016482049599289894,17.99588213954121,-0.3141131103038788,5.75735931,17.74264069,5.0,0.10603295266628265,12.0,minimum_jerk,6
1785139544749609912,2.3641772270202637,17.894493773579597,1.8429579734802246,0.8562248945236206,0.0014646443305537105,0.6204634308815002,nan,5.5002522468566895,4.637203693389893,world,749566830,1785139544,0.17835988104343414,True,False,False,True,2.77282696440568,-0.08268751554912529,8.0,0.3147837817668915,True,0.27261075377464294,True,1.2267483472824097,True,1,normal,7.851189136505127,0.04974733665949005,-0.0021819247987336643,0.0457863244727677,-0.09815406823101708,0.004305050480104348,-0.09033878631752162,2.421665670161657,17.888944656452704,1.9299029537845809,0.8896887328821985,-0.039021866089373164,0.8188494045889515,12.0,0.0,-0.016482049599289894,17.99588213954121,-0.3141131103038788,5.75735931,17.74264069,5.0,0.104379802942276,12.0,minimum_jerk,6
1785139544849746433,2.4516584873199463,17.891167022287846,1.911293625831604,0.8976408243179321,-0.011279316619038582,0.590697705745697,nan,5.60032320022583,4.52656888961792,world,849641555,1785139544,0.17835988104343414,True,False,False,True,2.9594363823339473,-0.12087897807703646,8.0,0.3147837817668915,True,0.27261075377464294,True,1.2267483472824097,True,1,normal,7.851189136505127,0.039885969308251,-0.0017494039158496462,0.036710144809532275,-0.09890592166649864,0.004338026871727466,-0.0910307752291804,2.5109301656514567,17.88502950381471,2.01205997823735,0.8941741971522841,-0.03921859914850602,0.8229777245407687,12.0,0.0,-0.016482049599289894,17.99588213954121,-0.3141131103038788,5.75735931,17.74264069,5.0,0.1170668974518776,12.0,minimum_jerk,6
1785139544949629556,2.541518211364746,17.887781143188477,1.9741512537002563,0.9236720204353333,-0.01856556162238121,0.5687445998191833,nan,5.700226306915283,4.417970180511475,world,949540337,1785139544,0.17835988104343414,True,False,False,True,2.589896314359217,-0.12245856054351453,8.0,0.3147837817668915,True,0.27261075377464294,True,1.2267483472824097,True,1,normal,7.851189136505127,0.029974379795055905,-0.0013146802822662923,0.027587741803351662,-0.09948963371911373,0.004363628559947246,-0.09156801061170225,2.6004438447069123,17.881103421952403,2.0944463456129054,0.8976643279713094,-0.03937167675016698,0.8261899620767414,12.0,0.0,-0.016482049599289894,17.99588213954121,-0.3141131103038788,5.75735931,17.74264069,5.0,0.13411834836006165,12.0,minimum_jerk,6
1785139545049658634,2.6389944553375244,17.882558934390545,2.051375150680542,0.9325677752494812,-0.021221227943897247,0.5577705502510071,nan,5.800291538238525,4.293968677520752,world,49606406,1785139545,0.17835988104343414,True,False,False,True,2.733319006772452,-0.08343697164877581,8.0,0.3147837817668915,True,0.27261075377464294,True,1.2267483472824097,True,1,normal,7.851189136505127,0.019996664062228886,-0.0008770563438997674,0.01840447771893905,-0.0999071402623814,0.004381940452433564,-0.09195227419932706,2.690402074297972,17.877157842044507,2.177241867255495,0.9001648530225361,-0.03948135011130535,0.8284913888271106,12.0,0.0,-0.016482049599289894,17.99588213954121,-0.3141131103038788,5.75735931,17.74264069,5.0,0.1360674351453781,12.0,minimum_jerk,6
1785139545149691730,2.7284810543060303,17.87817084044218,2.1196846961975098,0.927529513835907,-0.01981695182621479,0.5449833869934082,nan,5.900306701660156,4.181947708129883,world,149624183,1785139545,0.17835988104343414,True,False,False,True,2.614466974741549,-0.05236951859049113,8.0,0.3147837817668915,True,0.27261075377464294,True,1.2267483472824097,True,1,normal,7.851189136505127,0.009990547657810933,-0.000438186748302042,0.009195074298191996,-0.10015727907192135,0.004392911573870608,-0.0921824963069992,2.7805154231242852,17.873205458586337,2.260180157136832,0.901664647339127,-0.03954713128939668,0.8298717656237997,12.0,0.0,-0.016482049599289894,17.99588213954121,-0.3141131103038788,5.75735931,17.74264069,5.0,0.14990398287773132,12.0,minimum_jerk,6
1785139545249737069,2.8238730430603027,17.874426275491714,2.187467336654663,0.9092400670051575,-0.01832336187362671,0.532182514667511,nan,6.000340461730957,4.066085338592529,world,249660314,1785139545,0.17835988104343414,True,False,False,True,2.908756214608487,-0.11418489555717945,8.0,0.3147837817668915,True,0.27261075377464294,True,1.2267483472824097,True,1,normal,7.851189136505127,-3.410636147471724e-05,1.4959095479792628e-06,-3.139072436664225e-05,-0.10024030041488613,0.004396552901008958,-0.09225890727495056,2.8707455874539525,17.869247951584658,2.3432259613676636,0.9021627066351114,-0.03956897623632496,0.8303301681446967,12.0,0.0,-0.016482049599289894,17.99588213954121,-0.3141131103038788,5.75735931,17.74264069,5.0,0.16274090111255646,12.0,minimum_jerk,6
1785139545349848924,2.9101450443267822,17.8717749863863,2.2459981441497803,0.8940991163253784,-0.014681565575301647,0.5262029767036438,nan,6.100309371948242,3.963310718536377,world,349626013,1785139545,0.17835988104343414,True,False,False,True,2.7467214191638076,-0.16228545783449685,8.0,0.3147837817668915,True,0.27261075377464294,True,1.2267483472824097,True,1,normal,7.851189136505127,-0.01005224031897356,0.0004408925966213409,-0.009251854829397055,-0.10015624998807093,0.004392866438116138,-0.09218154916147858,2.960917225635114,17.865293011547635,2.426217899453982,0.9016584745512317,-0.03954686055009909,0.8298660843293131,12.0,0.0,-0.016482049599289894,17.99588213954121,-0.3141131103038788,5.75735931,17.74264069,5.0,0.18734724819660187,12.0,minimum_jerk,6
1785139545449700547,3.006906747817993,17.86766390502453,2.320260763168335,0.8887818455696106,-0.016053790226578712,0.5279291272163391,nan,6.200319766998291,3.842085599899292,world,449636305,1785139545,0.17835988104343414,True,False,False,True,2.957515900465975,-0.16272156222428844,8.0,0.3147837817668915,True,0.27261075377464294,True,1.2267483472824097,True,1,normal,7.851189136505127,-0.0200577389708535,0.0008797350975106276,-0.018460689684668075,-0.09990509747746373,0.004381850855615533,-0.0919503940662516,3.051025473840842,17.86134085180336,2.5091514948393954,0.9001526099335602,-0.03948081312779539,0.8284801205646859,12.0,0.0,-0.016482049599289894,17.99588213954121,-0.3141131103038788,5.75735931,17.74264069,5.0,0.19407770037651062,12.0,minimum_jerk,6
1785139545549692766,3.0962018966674805,17.86394365131855,2.386528491973877,0.8920055031776428,-0.020118355751037598,0.5264360904693604,nan,6.30032205581665,3.7318503856658936,world,549639635,1785139545,0.17835988104343414,True,False,False,True,2.738191988753003,-0.13513540317225847,8.0,0.3147837817668915,True,0.27261075377464294,True,1.2267483472824097,True,1,normal,7.851189136505127,-0.030028928511538266,0.0013170727962222468,-0.027637947209310787,-0.09948688522952787,0.004363508010828654,-0.09156548096399769,3.140925594252912,17.85739782057178,2.5918935341067915,0.8976478782742803,-0.03937095526426865,0.8261748221473255,12.0,0.0,-0.016482049599289894,17.99588213954121,-0.3141131103038788,5.75735931,17.74264069,5.0,0.2102804332971573,12.0,minimum_jerk,6
1785139545649646041,3.1920018196105957,17.860119715332985,2.4523799419403076,0.8931156992912292,-0.025843974202871323,0.5186124444007874,nan,6.400295734405518,3.6173510551452637,world,649609632,1785139545,0.17835988104343414,True,False,False,True,2.8558142416254264,-0.16172186182149006,8.0,0.3147837817668915,True,0.27261075377464294,True,1.2267483472824097,True,1,normal,7.851189136505127,-0.039947179519061016,0.0017520886038323233,-0.036766481304334575,-0.09890178598539456,0.004337845480204491,-0.09102696884175021,3.230500478998963,17.853469054219747,2.674336233816848,0.8941494933430791,-0.039217515636150425,0.8229549877130324,12.0,0.0,-0.016482049599289894,17.99588213954121,-0.3141131103038788,5.75735931,17.74264069,5.0,0.22536852955818176,12.0,minimum_jerk,6
1785139545749779536,3.279345989227295,17.856603235006332,2.5096917152404785,0.8862547278404236,-0.030231965705752373,0.5178321003913879,nan,6.500335216522217,3.5149924755096436,world,749652196,1785139545,0.17835988104343414,True,False,False,True,2.8134153516853364,-0.17169556298414113,8.0,0.3147837817668915,True,0.27261075377464294,True,1.2267483472824097,True,1,normal,7.851189136505127,-0.04980499749420986,0.0021844538106092146,-0.04583939420202554,-0.09814916050127681,0.004304835226425562,-0.09033426935397332,3.3197342444222375,17.849555249406556,2.7564649750108225,0.8896594910265128,-0.0390205835376957,0.8188224910457853,12.0,0.0,-0.016482049599289894,17.99588213954121,-0.3141131103038788,5.75735931,17.74264069,5.0,0.25015580654144287,12.0,minimum_jerk,6
1785139545849692996,3.3747920989990234,17.850350335240364,2.583775281906128,0.8735456466674805,-0.033535417169332504,0.5228511095046997,nan,6.600323677062988,3.3950507640838623,world,849641369,1785139545,0.17835988104343414,True,False,False,True,2.5878903588553923,-0.0761394420532838,8.0,0.3147837817668915,True,0.27261075377464294,True,1.2267483472824097,True,1,normal,7.851189136505127,-0.059574197776970594,0.0026129322336181163,-0.054830745378221635,-0.09722984824120218,0.004264514068495713,-0.08948815512438801,3.4084245112676532,17.845665282513234,2.8380934923957004,0.8841904046151978,-0.038780708680696906,0.8137888675030402,12.0,0.0,-0.016482049599289894,17.99588213954121,-0.3141131103038788,5.75735931,17.74264069,5.0,0.25657522678375244,12.0,minimum_jerk,6
1785139545949682850,3.4609954357147217,17.844614908099174,2.6502509117126465,0.8565745949745178,-0.03452811390161514,0.5237827301025391,nan,6.700305461883545,3.2870969772338867,world,949620663,1785139545,0.17835988104343414,True,False,False,True,2.8200366788611997,-0.018023000740118103,8.0,0.3147837817668915,True,0.27261075377464294,True,1.2267483472824097,True,1,normal,7.851189136505127,-0.06924249241035174,0.0030369849214319927,-0.06372922527499136,-0.09614358510929227,0.004216870423134605,-0.08848838308511547,3.4965134640363216,17.841801689335252,2.9191685738928155,0.8777498433107118,-0.0384982248057468,0.8078611204219766,12.0,0.0,-0.016482049599289894,17.99588213954121,-0.3141131103038788,5.75735931,17.74264069,5.0,0.27126768231391907,12.0,minimum_jerk,6
1785139546049708051,3.551328182220459,17.839354783296585,2.7168428897857666,0.835841715335846,-0.031047308817505836,0.5223477482795715,nan,6.800315856933594,3.176276683807373,world,49631146,1785139546,0.17835988104343414,True,False,False,True,3.090663015323356,-0.04843150196099487,8.0,0.3147837817668915,True,0.27261075377464294,True,1.2267483472824097,True,1,normal,7.851189136505127,-0.07879656883454333,0.003456027983407911,-0.07252258131312217,-0.09488993026326697,0.004161884954941235,-0.08733454749488351,3.583935446882291,17.837967349546737,2.9996297913452405,0.870346064187481,-0.03817349406922718,0.8010468494273046,12.0,0.0,-0.016482049599289894,17.99588213954121,-0.3141131103038788,5.75735931,17.74264069,5.0,0.28466400504112244,12.0,minimum_jerk,6
1785139546149750304,3.6322855949401855,17.83575038611889,2.7752232551574707,0.8216613531112671,-0.02272304892539978,0.524578332901001,nan,6.900354862213135,3.0780253410339355,world,149675152,1785139546,0.17835988104343414,True,False,False,True,3.1157297594316313,-0.09385753505965229,8.0,0.3147837817668915,True,0.27261075377464294,True,1.2267483472824097,True,1,normal,7.851189136505127,-0.08821957478019138,0.0038693222767719054,-0.08119530304472777,-0.09346874423557971,0.004099551546850478,-0.08602651999091399,3.6705939794141162,17.834166494790484,3.0793883463809513,0.8619908101849911,-0.03780703151802503,0.7933568624551615,12.0,0.0,-0.016482049599289894,17.99588213954121,-0.3141131103038788,5.75735931,17.74264069,5.0,0.3065720796585083,12.0,minimum_jerk,6
1785139546249726473,3.7259507179260254,17.8274986743927,2.851392984390259,0.8262802362442017,-0.01673024706542492,0.53067946434021,nan,7.00031042098999,2.9580962657928467,world,249625532,1785139546,0.17835988104343414,True,False,False,True,2.976815228746021,0.03815900461401216,8.0,0.3147837817668915,True,0.27261075377464294,True,1.2267483472824097,True,1,normal,7.851189136505127,-0.09748435779895681,0.004275676891530446,-0.08972239996994702,-0.09188175848609376,0.004029946140922086,-0.08456589416973725,3.7562984254769924,17.830407486393586,3.158268781791057,0.8527084326090968,-0.037399905203651954,0.7848135718971607,12.0,0.0,-0.016482049599289894,17.99588213954121,-0.3141131103038788,5.75735931,17.74264069,5.0,0.3083864450454712,12.0,minimum_jerk,6
1785139546349712039,3.812913656234741,17.820613220334053,2.9198591709136963,0.8365734815597534,-0.013218122534453869,0.5299683809280396,nan,7.100319862365723,2.848496913909912,world,349635855,1785139546,0.17835988104343414,True,False,False,True,2.628806049881903,0.1739392198072966,8.0,0.3147837817668915,True,0.27261075377464294,True,1.2267483472824097,True,1,normal,7.851189136505127,-0.10658705509099065,0.00467492240476871,-0.09810031685508969,-0.09012685833736406,0.003952975987122211,-0.08295072373002055,3.8410746940607847,17.826689187984304,3.236294943624336,0.8425024195201001,-0.03695226811289659,0.7754201880851848,12.0,0.0,-0.016482049599289894,17.99588213954121,-0.3141131103038788,5.75735931,17.74264069,5.0,0.31774449348449707,12.0,minimum_jerk,6
1785139546449753360,3.9054086208343506,17.815546289086342,2.988144636154175,0.8306168913841248,-0.0015772129409015179,0.5230090022087097,nan,7.200284481048584,2.73543381690979,world,449600812,1785139546,0.17835988104343414,True,False,False,True,2.814807495031293,0.08952362430697204,8.0,0.3147837817668915,True,0.27261075377464294,True,1.2267483472824097,True,1,normal,7.851189136505127,-0.11550191116388553,0.005065929177166015,-0.10630534892696675,-0.08820576345364162,0.003868716510153511,-0.08118259141187928,3.9247475396172797,17.823019285855676,3.313305539838408,0.8314003139548551,-0.036465328287016624,0.7652020610079397,12.0,0.0,-0.016482049599289894,17.99588213954121,-0.3141131103038788,5.75735931,17.74264069,5.0,0.325821191072464,12.0,minimum_jerk,6
1785139546549717926,3.9877898693084717,17.813487768173218,3.047239303588867,0.8056979179382324,0.015828905627131462,0.5202057361602783,nan,7.300315856933594,2.6362226009368896,world,549633797,1785139546,0.17835988104343414,True,False,False,True,2.6081668348647904,-0.02237866549154078,8.0,0.3147837817668915,True,0.27261075377464294,True,1.2267483472824097,True,1,normal,7.851189136505127,-0.12422214151191091,0.0054483996393992346,-0.11433125187981985,-0.08611626701637287,0.0037770709186608735,-0.07925946610938683,4.007321160184064,17.819397595881213,3.389304434212197,0.8194086074708764,-0.035939370446587446,0.7541651653482631,12.0,0.0,-0.016482049599289894,17.99588213954121,-0.3141131103038788,5.75735931,17.74264069,5.0,0.34267324209213257,12.0,minimum_jerk,6
1785139546649693113,4.075759410858154,17.809974119067192,3.1254026889801025,0.7677972316741943,0.03136392682790756,0.5248416662216187,nan,7.400323390960693,2.519211530685425,world,649636786,1785139546,0.17835988104343414,True,False,False,True,2.588777144702597,-0.027728247384744165,8.0,0.3147837817668915,True,0.27261075377464294,True,1.2267483472824097,True,1,normal,7.851189136505127,-0.13272298915463288,0.005821247947015572,-0.12215523994831412,-0.08386015823770165,0.003678117687726773,-0.07718299457296768,4.088632664738423,17.815831262482824,3.4641417055294066,0.8065585124180634,-0.035375763569424706,0.7423382282476658,12.0,0.0,-0.016482049599289894,17.99588213954121,-0.3141131103038788,5.75735931,17.74264069,5.0,0.33903414011001587,12.0,minimum_jerk,6
1785139546749694448,4.152658462524414,17.808415800333023,3.1949594020843506,0.7334197759628296,0.03723123297095299,0.5200086832046509,nan,7.500334739685059,2.416104793548584,world,749649694,1785139546,0.17835988104343414,True,False,False,True,2.769672629995588,-0.05543767593191204,8.0,0.3147837817668915,True,0.27261075377464294,True,1.2267483472824097,True,1,normal,7.851189136505127,-0.140990194027812,0.006183848651701941,-0.12976418849157256,-0.0814368526702367,0.0035718311834109194,-0.07495263889045006,4.168620248255154,17.812322996437135,3.5377604698415035,0.7928692410412448,-0.034775350307140504,0.729738932222133,12.0,0.0,-0.016482049599289894,17.99588213954121,-0.3141131103038788,5.75735931,17.74264069,5.0,0.34319472312927246,12.0,minimum_jerk,6
1785139546849746961,4.231210231781006,17.80835086107254,3.263578176498413,0.7065587043762207,0.03267301619052887,0.5104719996452332,nan,7.600341796875,2.312706232070923,world,849660467,1785139546,0.17835988104343414,True,False,False,True,3.0825220481631854,-0.17605625886200232,8.0,0.3147837817668915,True,0.27261075377464294,True,1.2267483472824097,True,1,normal,7.851189136505127,-0.14900632843452843,0.006535437372354791,-0.13714205745118102,-0.0788465615831429,0.0034582206720069723,-0.07256859350919892,4.247194301832728,17.808876728002478,3.610078253140505,0.7783662226319201,-0.034139245991840234,0.7163906818169083,12.0,0.0,-0.016482049599289894,17.99588213954121,-0.3141131103038788,5.75735931,17.74264069,5.0,0.34686896204948425,12.0,minimum_jerk,6
1785139546949717809,4.306398391723633,17.808699995279312,3.3270671367645264,0.6937743425369263,0.022729190066456795,0.504833459854126,nan,7.700331211090088,2.2154810428619385,world,949651464,1785139546,0.17835988104343414,True,False,False,True,3.1787080787986506,-0.2534542839803978,8.0,0.3147837817668915,True,0.27261075377464294,True,1.2267483472824097,True,1,normal,7.851189136505127,-0.15675370771336028,0.006875238457373367,-0.14427257026440343,-0.07608968442031722,0.003337303673177361,-0.07003122606835083,4.3242647396764875,17.80549640835378,3.6810121424967592,0.7630775516296233,-0.033468682849376485,0.7023193345192635,12.0,0.0,-0.016482049599289894,17.99588213954121,-0.3141131103038788,5.75735931,17.74264069,5.0,0.3544101119041443,12.0,minimum_jerk,6
1785139547049740575,4.376326560974121,17.801491364836693,3.3994526863098145,0.6995188593864441,0.005486979149281979,0.5074634552001953,nan,7.800339698791504,2.114820718765259,world,49654773,1785139547,0.17835988104343414,True,False,False,True,3.069656381165095,-0.009436155612619138,8.0,0.3147837817668915,True,0.27261075377464294,True,1.2267483472824097,True,1,normal,7.851189136505127,-0.16421845308323557,0.007202643181574923,-0.15114295321477367,-0.07316521035332635,0.0032090358518526325,-0.06733960622425839,4.399782251208117,17.802184200259557,3.750516753568305,0.7470251984903289,-0.032764624506868706,0.6875451114403894,12.0,0.0,-0.016482049599289894,17.99588213954121,-0.3141131103038788,5.75735931,17.74264069,5.0,0.35184744000434875,12.0,minimum_jerk,6
1785139547149700853,4.446589469909668,17.793682798743248,3.468287706375122,0.7144924998283386,-0.010212056338787079,0.5014808773994446,nan,7.900336265563965,2.0166471004486084,world,149652823,1785139547,0.17835988104343414,True,False,False,True,3.1594812889769965,0.23006404549540427,8.0,0.3147837817668915,True,0.27261075377464294,True,1.2267483472824097,True,1,normal,7.851189136505127,-0.1713815883919867,0.007516819248402966,-0.15773574108065924,-0.0700739968389561,0.003073454816201384,-0.0644945231607702,4.473649397209861,17.798944377416856,3.8185024055010506,0.7302431293311762,-0.03202856072272976,0.6720992742269338,12.0,0.0,-0.016482049599289894,17.99588213954121,-0.3141131103038788,5.75735931,17.74264069,5.0,0.3512979745864868,12.0,minimum_jerk,6
1785139547249752133,4.5234808921813965,17.78648741543293,3.5353636741638184,0.7303886413574219,-0.012212366797029972,0.488709032535553,nan,8.000349044799805,1.9156038761138916,world,249667503,1785139547,0.17835988104343414,True,False,False,True,2.862515751632329,0.2622183144727104,8.0,0.3147837817668915,True,0.27261075377464294,True,1.2267483472824097,True,1,normal,7.851189136505127,-0.17822830872733064,0.007817117312436742,-0.16403730775535608,-0.06681520130522078,0.002930523610904321,-0.06149520139367115,4.545814292522412,17.795779215515665,3.884921344366864,0.7127577021213605,-0.031261647560992256,0.6560060821581115,12.0,0.0,-0.016482049599289894,17.99588213954121,-0.3141131103038788,5.75735931,17.74264069,5.0,0.3503936231136322,12.0,minimum_jerk,6
1785139547349746916,4.600872039794922,17.782027050852776,3.5962812900543213,0.7358195185661316,0.007711248472332954,0.477929949760437,nan,8.100337028503418,1.8191866874694824,world,349653430,1785139547,0.17835988104343414,True,False,False,True,2.817516914524629,0.18949065583461866,8.0,0.3147837817668915,True,0.27261075377464294,True,1.2267483472824097,True,1,normal,7.851189136505127,-0.18473920710782465,0.008102686180890412,-0.17002979149170172,-0.06339015124325376,0.0027803004598990176,-0.0583428627158018,4.616179806695961,17.792692974710416,3.9496841734946955,0.694608594152081,-0.030465625272922486,0.639302053316114,12.0,0.0,-0.016482049599289894,17.99588213954121,-0.3141131103038788,5.75735931,17.74264069,5.0,0.35389503836631775,12.0,minimum_jerk,6
1785139547449702365,4.671568393707275,17.774520814418793,3.6659200191497803,0.7238656878471375,0.033943261951208115,0.4751313626766205,nan,8.20032787322998,1.7203859090805054,world,449642663,1785139547,0.17835988104343414,True,False,False,True,2.9035054622040817,0.27778905039409263,8.0,0.3147837817668915,True,0.27261075377464294,True,1.2267483472824097,True,1,normal,7.851189136505127,-0.19089940208973966,0.008372873151663865,-0.1756994957451794,-0.05979800421507675,0.0026227484137437765,-0.05503673176628465,4.68469991875586,17.78968767348718,4.012748536219456,0.6758255144582859,-0.029641796900742395,0.6220145312253438,12.0,0.0,-0.016482049599289894,17.99588213954121,-0.3141131103038788,5.75735931,17.74264069,5.0,0.3474082350730896,12.0,minimum_jerk,6
1785139547549691548,4.740047931671143,17.770912528038025,3.731029510498047,0.697837233543396,0.05890873819589615,0.4671473205089569,nan,8.300333023071289,1.6266554594039917,world,549648377,1785139547,0.17835988104343414,True,False,False,True,2.782358265328777,0.29802601409131846,8.0,0.3147837817668915,True,0.27261075377464294,True,1.2267483472824097,True,1,normal,7.851189136505127,-0.196692937569225,0.008626978387921203,-0.1810317348783792,-0.056038225598947,0.0024578440238578678,-0.05157631649134842,4.751321918892393,17.786765623705215,4.074065919623421,0.6564416546785217,-0.028791618234130845,0.604174064719853,12.0,0.0,-0.016482049599289894,17.99588213954121,-0.3141131103038788,5.75735931,17.74264069,5.0,0.3435875475406647,12.0,minimum_jerk,6
1785139547649687333,4.8105316162109375,17.77175523340702,3.794304847717285,0.6599481105804443,0.07815349102020264,0.45332223176956177,nan,8.400323867797852,1.5333073139190674,world,649637199,1785139547,0.17835988104343414,True,False,False,True,2.6182120396735065,0.05944581671326907,8.0,0.3147837817668915,True,0.27261075377464294,True,1.2267483472824097,True,1,normal,7.851189136505127,-0.20210132213787535,0.0088641908540317,-0.18600948981687382,-0.0521119738016913,0.0022856380981187037,-0.04796268306245921,4.815967353370822,17.78393026635576,4.133564116662029,0.6365005776760961,-0.027916999946063142,0.5858207480746032,12.0,0.0,-0.016482049599289894,17.99588213954121,-0.3141131103038788,5.75735931,17.74264069,5.0,0.3395211696624756,12.0,minimum_jerk,6
1785139547749696203,4.877095699310303,17.77611456811428,3.851569652557373,0.6251295208930969,0.08896030485630035,0.4429578185081482,nan,8.50032901763916,1.447368860244751,world,749644666,1785139547,0.17835988104343414,True,False,False,True,2.826925626071931,-0.16838376365878202,8.0,0.3147837817668915,True,0.27261075377464294,True,1.2267483472824097,True,1,normal,7.851189136505127,-0.20710949026802417,0.009083849773949243,-0.1906188945894487,-0.048018058582263046,0.0021060784323957867,-0.04419473600865487,4.878601759862167,17.781183112961138,4.191211408986469,0.6160355050762791,-0.02701939914143983,0.5669851577227489,12.0,0.0,-0.016482049599289894,17.99588213954121,-0.3141131103038788,5.75735931,17.74264069,5.0,0.3396829068660736,12.0,minimum_jerk,6
1785139547849712748,4.939899921417236,17.77384714782238,3.91967511177063,0.6002923846244812,0.08226076513528824,0.4405632019042969,nan,8.60033130645752,1.3551071882247925,world,849645841,1785139547,0.17835988104343414,True,False,False,True,2.774395389272513,-0.07102750377201567,8.0,0.3147837817668915,True,0.27261075377464294,True,1.2267483472824097,True,1,normal,7.851189136505127,-0.21169972529649494,0.009285178092471924,-0.19484364317967828,-0.0437572211617373,0.0019191975367439836,-0.0402731575330626,4.939162956528834,17.778526890825017,4.2469505658386,0.5950911341400356,-0.026100776248068336,0.5477084320132146,12.0,0.0,-0.016482049599289894,17.99588213954121,-0.3141131103038788,5.75735931,17.74264069,5.0,0.3273097276687622,12.0,minimum_jerk,6
1785139547949691831,5.000047206878662,17.77172912657261,3.983154058456421,0.5791398286819458,0.06142783910036087,0.4284438192844391,nan,8.700335502624512,1.2682048082351685,world,949649231,1785139547,0.17835988104343414,True,False,False,True,2.6069466985821332,0.08871293314785007,8.0,0.3147837817668915,True,0.27261075377464294,True,1.2267483472824097,True,1,normal,7.851189136505127,-0.21585562151448823,0.009467456253030929,-0.19866863614391672,-0.039329189211868565,0.001724983466810246,-0.03619769699091924,4.99760899205589,17.775963439937648,4.300742976176177,0.5737087332601498,-0.025162941303141978,0.5280285534421383,12.0,0.0,-0.016482049599289894,17.99588213954121,-0.3141131103038788,5.75735931,17.74264069,5.0,0.3176265060901642,12.0,minimum_jerk,6
1785139548049643733,5.061801433563232,17.769819483160973,4.043360710144043,0.5552722215652466,0.038069725036621094,0.4073530435562134,nan,8.800292015075684,1.1830884218215942,world,49605922,1785139548,0.17835988104343414,True,False,False,True,2.628645882704207,0.057328418581301784,8.0,0.3147837817668915,True,0.27261075377464294,True,1.2267483472824097,True,1,normal,7.851189136505127,-0.21955869023341257,0.00962987333928704,-0.20207685691099364,-0.03473629810946277,0.001523538652531721,-0.03197050381026245,5.053870433763315,17.7734958056256,4.352524735729535,0.5519435765226541,-0.02420831863542161,0.5079963950292226,12.0,0.0,-0.016482049599289894,17.99588213954121,-0.3141131103038788,5.75735931,17.74264069,5.0,0.30928757786750793,12.0,minimum_jerk,6
1785139548149718768,5.119936943054199,17.768318727612495,4.0970139503479,0.5260905027389526,0.0287875197827816,0.39288386702537537,nan,8.900341987609863,1.1055996417999268,world,149655348,1785139548,0.17835988104343414,True,False,False,True,2.6104780932509715,0.039367257692385096,8.0,0.3147837817668915,True,0.27261075377464294,True,1.2267483472824097,True,1,normal,7.851189136505127,-0.22279709532846015,0.00977191021723281,-0.20505741177910708,-0.029972005852496042,0.0013145761608300242,-0.027585556880265316,5.107987533861019,17.7711222224216,4.402332891723069,0.5298109052539006,-0.02323757673150692,0.4876259845468143,12.0,0.0,-0.016482049599289894,17.99588213954121,-0.3141131103038788,5.75735931,17.74264069,5.0,0.3055655360221863,12.0,minimum_jerk,6
1785139548249693483,5.171360015869141,17.76329143345356,4.162564754486084,0.49539682269096375,0.030867088586091995,0.38638100028038025,nan,9.000336647033691,1.0223108530044556,world,249650723,1785139548,0.17835988104343414,True,False,False,True,2.5366392826121125,0.1723012061824306,8.0,0.3147837817668915,True,0.27261075377464294,True,1.2267483472824097,True,1,normal,7.851189136505127,-0.2255491189308647,0.009892614338257139,-0.2075903121126237,-0.02504318706394193,0.001098397513582594,-0.023049183448559774,5.159847484456424,17.768847638094808,4.450063618321672,0.5073905313243969,-0.022254216150648015,0.4669907790369514,12.0,0.0,-0.016482049599289894,17.99588213954121,-0.3141131103038788,5.75735931,17.74264069,5.0,0.2877829074859619,12.0,minimum_jerk,6
1785139548349705639,5.22315788269043,17.759887918829918,4.227670192718506,0.46273624897003174,0.03699987009167671,0.3695381283760071,nan,9.10035228729248,0.9392347931861877,world,349668619,1785139548,0.17835988104343414,True,False,False,True,2.6694760288181554,0.22385946676081966,8.0,0.3147837817668915,True,0.27261075377464294,True,1.2267483472824097,True,1,normal,7.851189136505127,-0.22780032831274033,0.009991352680996574,-0.209662274354949,-0.019946286015798953,0.0008748467560866502,-0.018358110903445968,5.2094622164372435,17.76667152935491,4.495727896444791,0.48471535527365894,-0.02125967991488112,0.44612105941271185,12.0,0.0,-0.016482049599289894,17.99588213954121,-0.3141131103038788,5.75735931,17.74264069,5.0,0.26849305629730225,12.0,minimum_jerk,6
1785139548449683090,5.267639636993408,17.759305402636528,4.279214382171631,0.4397418200969696,0.04492996260523796,0.3490878641605377,nan,9.200318336486816,0.8715704083442688,world,449631993,1785139548,0.17835988104343414,True,False,False,True,2.75376274127825,0.10047855725523515,8.0,0.3147837817668915,True,0.27261075377464294,True,1.2267483472824097,True,1,normal,7.851189136505127,-0.22953269215688854,0.010067334389481736,-0.2112567028892034,-0.01468489066306089,0.0006440812565251565,-0.013515641517619859,5.256776018368235,17.764596339712853,4.539274450546385,0.46185205873689217,-0.020256892689590467,0.4250781979442717,12.0,0.0,-0.016482049599289894,17.99588213954121,-0.3141131103038788,5.75735931,17.74264069,5.0,0.2603406310081482,12.0,minimum_jerk,6
1785139548549709392,5.309669017791748,17.76098781824112,4.324324131011963,0.4221041798591614,0.05534057319164276,0.33153659105300903,nan,9.300345420837402,0.8107410669326782,world,549659007,1785139548,0.17835988104343414,True,False,False,True,2.694399269067288,-0.04909573255870743,8.0,0.3147837817668915,True,0.27261075377464294,True,1.2267483472824097,True,1,normal,7.851189136505127,-0.2307313092600345,0.01011990589495633,-0.21235988298463093,-0.009253206782624313,0.0004058468795025763,-0.008516442419074344,5.301823029251558,17.76262057182747,4.58073470139257,0.43882819844365706,-0.01924706311659749,0.40388755722279246,12.0,0.0,-0.016482049599289894,17.99588213954121,-0.3141131103038788,5.75735931,17.74264069,5.0,0.25653576850891113,12.0,minimum_jerk,6
1785139548649718663,5.3540849685668945,17.753057688474655,4.387723922729492,0.409718781709671,0.054005835205316544,0.3199223577976227,nan,9.400339126586914,0.7332262396812439,world,649652528,1785139548,0.17835988104343414,True,False,False,True,2.750244413339641,0.22009135327614732,8.0,0.3147837817668915,True,0.27261075377464294,True,1.2267483472824097,True,1,normal,7.851189136505127,-0.23137813390935458,0.010148275710057025,-0.21295520577494198,-0.0036562209931253475,0.00016036233877514405,-0.0033651031789144747,5.344548388001002,17.760746631913293,4.620058156079352,0.4157194485560778,-0.018233510274712345,0.3826187860370096,12.0,0.0,-0.016482049599289894,17.99588213954121,-0.3141131103038788,5.75735931,17.74264069,5.0,0.23265695571899414,12.0,minimum_jerk,6
1785139548749752861,5.393947124481201,17.745897889137268,4.441941261291504,0.40361884236335754,0.04725516214966774,0.30499160289764404,nan,9.50037670135498,0.6659644246101379,world,749693839,1785139548,0.17835988104343414,True,False,False,True,2.5923886053692597,0.5316978405429555,7.873170541863868,0.3147837817668915,True,0.27261075377464294,True,1.2267483472824097,True,1,normal,7.851189136505127,-0.23145684962908675,0.01015172819198809,-0.21302765394456946,0.0021103646689524247,-9.256087490827625e-05,0.0019423319513547366,5.384977852686795,17.75897339021794,4.657268521752481,0.39256417647727115,-0.017217916963335828,0.36130719687773194,12.0,0.0,-0.016482049599289894,17.99588213954121,-0.3141131103038788,5.75735931,17.74264069,5.0,0.21591027081012726,12.0,minimum_jerk,6
1785139548849708580,5.43610954284668,17.741352438926697,4.491043567657471,0.3971741795539856,0.05060572922229767,0.27309179306030273,nan,9.600342750549316,0.6018635630607605,world,849656672,1785139548,0.17835988104343414,True,False,False,True,2.538492536641818,0.44864922798762075,8.0,0.3147837817668915,True,0.27261075377464294,True,1.2267483472824097,True,1,normal,7.851189136505127,-0.23095090495534354,0.010129537391343132,-0.21256199390017594,0.008039819359647926,-0.00035262754583683525,0.0073996680550547644,5.423064936105533,17.757302885676328,4.6923230126404665,0.36944676548930744,-0.01620398424443653,0.3400304542108783,12.0,0.0,-0.016482049599289894,17.99588213954121,-0.3141131103038788,5.75735931,17.74264069,5.0,0.20233139395713806,12.0,minimum_jerk,6
1785139548949700367,5.473881244659424,17.740944743156433,4.529292583465576,0.38497474789619446,0.07318723201751709,0.2585601210594177,nan,9.70034408569336,0.5494799017906189,world,949657476,1785139548,0.17835988104343414,True,False,False,True,2.395406552168767,0.2946084278139133,8.0,0.3147837817668915,True,0.27261075377464294,True,1.2267483472824097,True,1,normal,7.851189136505127,-0.22984336790823345,0.010080960669233446,-0.21154264183010163,0.014138435573691543,-0.0006201136636658708,0.013012696602137885,5.45885696833348,17.75573304238502,4.7252651902759375,0.34640162483977566,-0.015193221312187644,0.3188202275303551,12.0,0.0,-0.016482049599289894,17.99588213954121,-0.3141131103038788,5.75735931,17.74264069,5.0,0.19710323214530945,12.0,minimum_jerk,6
1785139549049705710,5.511595249176025,17.73375168442726,4.5877366065979,0.35966506600379944,0.10133764892816544,0.24746167659759521,nan,9.800344467163086,0.4800417721271515,world,49658311,1785139549,0.17835988104343414,True,False,False,True,2.3829162937381527,0.4697320651298853,8.0,0.3147837817668915,True,0.27261075377464294,True,1.2267483472824097,True,1,normal,7.851189136505127,-0.22811762907218291,0.010005269534484093,-0.2099543108035884,0.020404053353082596,-0.0008949244923503394,0.018779429616071375,5.49235065358525,17.754264004897607,4.756092021292503,0.323498265673992,-0.014188676934662803,0.29774049332350394,12.0,0.0,-0.016482049599289894,17.99588213954121,-0.3141131103038788,5.75735931,17.74264069,5.0,0.17068876326084137,12.0,minimum_jerk,6
1785139549149778851,5.546026706695557,17.730715930461884,4.640441417694092,0.32748791575431824,0.1202598437666893,0.20266082882881165,nan,9.900392532348633,0.41723620891571045,world,149708539,1785139549,0.17835988104343414,True,False,False,True,2.363821345001207,0.5952229613807335,7.368169831436771,0.3147837817668915,True,0.27261075377464294,True,1.2267483472824097,True,1,normal,7.851189136505127,-0.22575569485333347,0.009901674785676523,-0.2077804399234684,0.02683984189894062,-0.0011771990334726312,0.02470278395794767,5.523577994616849,17.752894369568953,4.7848329603035875,0.3007883398002642,-0.013192616567040294,0.2768387907474583,12.0,0.0,-0.016482049599289894,17.99588213954121,-0.3141131103038788,5.75735931,17.74264069,5.0,0.14779968559741974,12.0,minimum_jerk,6
1785139549249731735,5.574981689453125,17.733047008514404,4.671833038330078,0.297504186630249,0.13273093104362488,0.09023788571357727,nan,10.000368118286133,0.37556248903274536,world,249684686,1785139549,0.17835988104343414,True,False,False,True,2.4012517802097806,0.3250578852897791,8.0,0.3147837817668915,True,0.27261075377464294,True,1.2267483472824097,True,1,normal,7.851189136505127,-0.2227439231197157,0.009769578077089142,-0.20500847327976235,0.033438030219980486,-0.0014665964503219886,0.030775607382996895,5.5525260480372545,17.751624704097907,4.811476094504608,0.27836329956513595,-0.01220905132139638,0.2561992904753456,12.0,0.0,-0.016482049599289894,17.99588213954121,-0.3141131103038788,5.75735931,17.74264069,5.0,0.14265191555023193,12.0,minimum_jerk,6
1785139549349741427,5.601033687591553,17.73937314748764,4.695563793182373,0.266061007976532,0.14682666957378387,0.13191184401512146,nan,10.100367546081543,0.3422422707080841,world,349682235,1785139549,0.17835988104343414,True,False,False,True,2.382043198879396,0.04218588977611107,8.0,0.3147837817668915,True,0.27261075377464294,True,1.2267483472824097,True,1,normal,7.851189136505127,-0.21906319339919644,0.009608140782272595,-0.2016208128220014,0.040204826535530924,-0.0017633890362234103,0.037003613795995594,5.579254365686477,17.75045239653285,4.836076234063329,0.25626743027953935,-0.011239923557355092,0.23586275170658944,12.0,0.0,-0.016482049599289894,17.99588213954121,-0.3141131103038788,5.75735931,17.74264069,5.0,0.14262129366397858,12.0,minimum_jerk,6
1785139549449702436,5.62660026550293,17.73976731300354,4.746470928192139,0.24009686708450317,0.14736388623714447,0.17354707419872284,nan,10.200361251831055,0.2852773666381836,world,449675184,1785139549,0.17835988104343414,True,False,False,True,2.3927663410720794,0.12430156028511166,7.302918919904685,0.3147837817668915,True,0.27261075377464294,True,1.2267483472824097,True,1,normal,7.851189136505127,-0.21469770576798863,0.009416669914469267,-0.19760291665738006,0.04713828454981572,-0.0020674914263854524,0.0433850118702942,5.60379129810107,17.749376203415483,4.858659472172958,0.23457497863725063,-0.010288489744775031,0.21589750942031216,12.0,0.0,-0.016482049599289894,17.99588213954121,-0.3141131103038788,5.75735931,17.74264069,5.0,0.11488624662160873,12.0,minimum_jerk,6
1785139549549749698,5.649942398071289,17.741028904914856,4.793469429016113,0.2230023890733719,0.1296376883983612,0.09433629363775253,nan,10.300386428833008,0.23280006647109985,world,549703220,1785139549,0.17835988104343414,True,False,False,True,2.3336658820234013,0.2545365691241568,6.353770684421348,0.3147837817668915,True,0.27261075377464294,True,1.2267483472824097,True,1,normal,7.851189136505127,-0.20962884279753125,0.009194348910787659,-0.19293764972536476,0.05424106898250036,-0.0023790204957668468,0.049922254153655476,5.626188881171981,17.748393842444713,4.879273701491597,0.2133473358096385,-0.009357442508593106,0.19636006666333206,12.0,0.0,-0.016482049599289894,17.99588213954121,-0.3141131103038788,5.75735931,17.74264069,5.0,0.08933557569980621,12.0,minimum_jerk,6
1785139549649701079,5.670231819152832,17.743859827518463,4.810848236083984,0.21227315068244934,0.11042360216379166,-0.11533693969249725,nan,10.400349617004395,0.20825722813606262,world,649663277,1785139549,0.17835988104343414,True,False,False,True,2.360723086646499,0.13040142757381107,8.0,0.3147837817668915,True,0.27261075377464294,True,1.2267483472824097,True,1,normal,7.851189136505127,-0.2038449880427824,0.008940668272404112,-0.18761432051244586,0.061506431521868854,-0.002697680262518695,0.05660912965247378,5.64647772173355,17.74750397120071,4.897947091857937,0.19267520155202078,-0.008450759952134346,0.17733390144080996,12.0,0.0,-0.016482049599289894,17.99588213954121,-0.3141131103038788,5.75735931,17.74264069,5.0,0.09035345911979675,12.0,minimum_jerk,6
1785139549749718675,5.6893157958984375,17.747263103723526,4.8182878494262695,0.19655437767505646,0.09113422781229019,3.584541263990104e-05,nan,10.500361442565918,0.1940891295671463,world,749675534,1785139549,0.17835988104343414,True,False,False,True,2.2379581974663876,0.026853844543034966,8.0,0.3147837817668915,True,0.27261075377464294,True,1.2267483472824097,True,1,normal,7.851189136505127,-0.19732320481734966,0.00865462199320452,-0.1816118186107949,0.06894235406445115,-0.0030238208136838113,0.06345298472394101,5.664738525177896,17.746703049934258,4.914753922691094,0.1726083285103428,-0.007570624233063095,0.15886480496376532,12.0,0.0,-0.016482049599289894,17.99588213954121,-0.3141131103038788,5.75735931,17.74264069,5.0,0.09954927861690521,12.0,minimum_jerk,6
1785139549849719139,5.705955505371094,17.744363248348236,4.864284992218018,0.1766228973865509,0.07597377151250839,0.12008605152368546,nan,10.600363731384277,0.14513401687145233,world,849678282,1785139549,0.17835988104343414,True,False,False,True,2.221096269788999,0.22251643843167843,5.959712699721908,0.3147837817668915,True,0.27261075377464294,True,1.2267483472824097,True,1,normal,7.851189136505127,-0.19005006398839352,0.008335621069637422,-0.17491778415001358,0.07654470394355595,-0.0033572608899517867,0.07045001575502419,5.6810249267770665,17.74598872619519,4.929743558683427,0.15323284950903115,-0.00672081314850842,0.14103205193737622,12.0,0.0,-0.016482049599289894,17.99588213954121,-0.3141131103038788,5.75735931,17.74264069,5.0,0.0700642541050911,12.0,minimum_jerk,6
1785139549949699765,5.7194318771362305,17.741908729076385,4.9050774574279785,0.15845821797847748,0.06631559878587723,-0.012498659081757069,nan,10.700356483459473,0.10222189128398895,world,949669648,1785139549,0.17835988104343414,True,False,False,True,2.294562708589776,0.3794905801637457,5.269574600186327,0.3147837817668915,True,0.27261075377464294,True,1.2267483472824097,True,1,normal,7.851189136505127,-0.18200914407323365,0.007982945253289547,-0.16751710316853563,0.08431335742377732,-0.0036979950642712436,0.07760010886245194,5.695410050866432,17.745357792740435,4.942983301820725,0.13462478368342268,-0.005904660907851411,0.12390560865592626,12.0,0.0,-0.016482049599289894,17.99588213954121,-0.3141131103038788,5.75735931,17.74264069,5.0,0.04500885680317879,12.0,minimum_jerk,6
1785139550049768167,5.733006954193115,17.741646260023117,4.908896446228027,0.1431657075881958,0.06361103802919388,-0.3327619731426239,nan,10.800374031066895,0.09430738538503647,world,49689559,1785139550,0.17835988104343414,True,False,False,True,2.2632547627584585,0.2859852797683999,7.852873488349063,0.3147837817668915,True,0.27261075377464294,True,1.2267483472824097,True,1,normal,7.851189136505127,-0.17318074643372228,0.007595730559273178,-0.15939164548495954,0.09225106865381694,-0.00404614413397035,0.08490579890245109,5.707978941581871,17.74480651952289,4.954551424803849,0.11685551511908088,-0.005125298426573777,0.10755117541863513,12.0,0.0,-0.016482049599289894,17.99588213954121,-0.3141131103038788,5.75735931,17.74264069,5.0,0.05216095969080925,12.0,minimum_jerk,6
1785139550149704550,5.74442720413208,17.743724644184113,4.898412227630615,0.1254347413778305,0.07241228222846985,-0.14860208332538605,nan,10.900362014770508,0.10241332650184631,world,149676046,1785139550,0.17835988104343414,True,False,False,True,2.1809182018053397,0.15455967332988815,8.0,0.3147837817668915,True,0.27261075377464294,True,1.2267483472824097,True,1,normal,7.851189136505127,-0.16355304875372978,0.00717345845923148,-0.1505305301066806,0.1003534835345401,-0.004401517127682289,0.09236307846057201,5.718813118037502,17.74433133110337,4.96452295598327,0.10001406487161546,-0.0043866301800080665,0.09205068519339044,12.0,0.0,-0.016482049599289894,17.99588213954121,-0.3141131103038788,5.75735931,17.74264069,5.0,0.07090188562870026,12.0,minimum_jerk,6
1785139550249716595,5.751974582672119,17.73991432785988,4.939675331115723,0.1061861589550972,0.08223868906497955,0.09016496688127518,nan,11.000368118286133,0.06062585115432739,world,249681789,1785139550,0.17835988104343414,True,False,False,True,2.256339267537351,0.3012150704643299,5.549471378785702,0.3147837817668915,True,0.27261075377464294,True,1.2267483472824097,True,1,normal,7.851189136505127,-0.1531049711998116,0.006715204388867357,-0.14091435563135724,0.10862437483866771,-0.004764279519720083,0.09997541991156955,5.728014292266394,17.743927766378594,4.972991508815717,0.08417339625204256,-0.0036918563486741385,0.07747129176282463,12.0,0.0,-0.016482049599289894,17.99588213954121,-0.3141131103038788,5.75735931,17.74264069,5.0,0.041233129799366,12.0,minimum_jerk,6
1785139550349702511,5.758129596710205,17.737857311964035,4.983814239501953,0.0941583663225174,0.08144690096378326,-0.0830598846077919,nan,11.100347518920898,0.01689535193145275,world,349663858,1785139550,0.17835988104343414,True,False,False,True,2.331952448754035,0.4323928544508998,3.785635739213678,0.3147837817668915,True,0.27261075377464294,True,1.2267483472824097,True,1,normal,7.851189136505127,-0.1418243807266899,0.006220436191202078,-0.13053195507829596,0.1170601850395443,-0.005134275276491754,0.10773954898830351,5.73568317873902,17.743591407998487,4.98004977862389,0.06942283689656037,-0.003044894854570046,0.06389521026467904,12.0,0.0,-0.016482049599289894,17.99588213954121,-0.3141131103038788,5.75735931,17.74264069,5.0,0.023471103981137276,12.0,minimum_jerk,6
1785139550449716110,5.763954162597656,17.73867005109787,4.977132797241211,0.08807387202978134,0.07898600399494171,-0.5307496190071106,nan,11.200356483459473,0.024128137156367302,world,449670083,1785139550,0.17835988104343414,True,False,False,True,2.2701295205696446,0.2926934806458003,6.844508295721488,0.3147837817668915,True,0.27261075377464294,True,1.2267483472824097,True,1,normal,7.851189136505127,-0.12968838891192602,0.005688149976985052,-0.11936226246072001,0.12566551240452517,-0.005511706078614731,0.11565969783213592,5.741936712894873,17.743317127159138,4.985805390143774,0.05583879605617881,-0.002449097017602264,0.05139276604689158,12.0,0.0,-0.016482049599289894,17.99588213954121,-0.3141131103038788,5.75735931,17.74264069,5.0,0.0241159126162529,12.0,minimum_jerk,6
1785139550549727113,5.769866943359375,17.74165391921997,4.944404125213623,0.082730732858181,0.08403489738702774,-0.38997191190719604,nan,11.300374031066895,0.0569939985871315,world,549689853,1785139550,0.17835988104343414,True,False,False,True,2.168069409883892,0.14607045028755117,8.0,0.3147837817668915,True,0.27261075377464294,True,1.2267483472824097,True,1,normal,7.851189136505127,-0.11668235055561649,0.005117703405801616,-0.10739179866758741,0.13443864872596767,-0.0058964970038747275,0.12373429424735427,5.7468942020387885,17.743099691026295,4.9903681511226665,0.04351083978214376,-0.0019083912166839578,0.04004639367900609,12.0,0.0,-0.016482049599289894,17.99588213954121,-0.3141131103038788,5.75735931,17.74264069,5.0,0.05140553414821625,12.0,minimum_jerk,6
1785139550649742525,5.775984764099121,17.73727771639824,4.9764404296875,0.07771440595388412,0.08911831676959991,0.0521862730383873,nan,11.400376319885254,0.03050774335861206,world,649690767,1785139550,0.17835988104343414,True,False,False,True,2.087832678401626,0.34470473445705374,5.336968249128099,0.3147837817668915,True,0.27261075377464294,True,1.2267483472824097,True,1,normal,7.851189136505127,-0.10279260692331693,0.004508497403743511,-0.09460799250837404,0.14337757783520488,-0.006288559622846038,0.1319614825978792,5.750684727085382,17.74293343809388,4.993856864717387,0.03252938599594657,-0.0014267431938710384,0.029939311772711363,12.0,0.0,-0.016482049599289894,17.99588213954121,-0.3141131103038788,5.75735931,17.74264069,5.0,0.031231574714183807,12.0,minimum_jerk,6
1785139550749722009,5.781764984130859,17.734352827072144,5.023358345031738,0.06911848485469818,0.08489304780960083,-0.08689051121473312,nan,11.500371932983398,0.03478416055440903,world,749686452,1785139550,0.17835988104343414,True,False,False,True,2.006475184257616,0.5297364181746206,2.214622800581563,0.3147837817668915,True,0.27261075377464294,True,1.2267483472824097,True,1,normal,7.851189136505127,-0.08800159461615564,0.0038597616378014676,-0.08099467902765811,0.15248297983788772,-0.0066879237650528875,0.1403418888375828,5.753447879362469,17.742812245867704,4.99640000763161,0.022982490822387902,-0.0010080151025023687,0.021152565195382778,12.0,0.0,-0.016482049599289894,17.99588213954121,-0.3141131103038788,5.75735931,17.74264069,5.0,0.04000215232372284,12.0,minimum_jerk,6
1785139550849735878,5.7868547439575195,17.73453849554062,5.013875961303711,0.06216752901673317,0.08221404999494553,-0.6496064066886902,nan,11.60037899017334,0.0335882194340229,world,849693298,1785139550,0.17835988104343414,True,False,False,True,1.9280473485944578,0.39683031436862415,5.629199470038265,0.3147837817668915,True,0.27261075377464294,True,1.2267483472824097,True,1,normal,7.851189136505127,-0.0722899163572901,0.0031706453408347768,-0.06653400541016996,0.16175648293479905,-0.007094660843598062,0.14887701152567157,5.7553320230917,17.742729607073283,4.9981341309421765,0.014959626376439772,-0.0006561312014343734,0.013768502059747334,12.0,0.0,-0.016482049599289894,17.99588213954121,-0.3141131103038788,5.75735931,17.74264069,5.0,0.03617431968450546,12.0,minimum_jerk,6
1785139550949750118,5.790891170501709,17.737207800149918,4.964834690093994,0.036049939692020416,0.08991306275129318,-0.598072350025177,nan,11.700383186340332,0.04889275133609772,world,949696887,1785139550,0.17835988104343414,True,False,False,True,1.8572887592767084,0.2447847995001913,8.0,0.3147837817668915,True,0.27261075377464294,True,1.2267483472824097,True,1,normal,7.851189136505127,-0.05564303215981958,0.002440510787085126,-0.05121258938054307,0.17119676265052286,-0.007508712766813745,0.15756563164490267,5.7564939183712625,17.742678646191873,4.999203513101012,0.008554875433940623,-0.00037521797372130905,0.007873714026619183,12.0,0.0,-0.016482049599289894,17.99588213954121,-0.3141131103038788,5.75735931,17.74264069,5.0,0.04893175885081291,12.0,minimum_jerk,6
1785139551049753066,5.7896342277526855,17.73700362443924,4.985732555389404,-0.01318497397005558,0.10896677523851395,0.023929718881845474,nan,11.800382614135742,0.03573523089289665,world,49696229,1785139551,0.17835988104343414,True,False,False,True,1.9897526087538566,0.2865105185162644,5.4499877490626485,0.3147837817668915,True,0.27261075377464294,True,1.2267483472824097,True,1,normal,7.851189136505127,-0.03804450091682021,0.0016686368674174723,-0.03501529891549815,0.18080370914499522,-0.007930074717100138,0.16640764810096365,5.757100119553247,17.742652058127447,4.999761446969998,0.003862519736575365,-0.00016941062908604199,0.003554975880454947,12.0,0.0,-0.016482049599289894,17.99588213954121,-0.3141131103038788,5.75735931,17.74264069,5.0,0.035877328366041183,12.0,minimum_jerk,6
1785139551149719776,5.78487491607666,17.739170759916306,5.035129070281982,-0.03782988339662552,0.10912396758794785,0.022086432203650475,nan,11.90036678314209,0.04475712776184082,world,149680061,1785139551,0.17835988104343414,True,False,False,True,2.2376584774922117,0.279001016469718,0.9846203873941599,0.3147837817668915,True,0.27261075377464294,True,1.2267483472824097,True,1,normal,7.851189136505127,-0.019479795077251616,0.0008543864015120028,-0.017928763185354413,0.19057623753738917,-0.008358699111439952,0.17540206239405765,5.757326672857708,17.7426421214694,4.999969961511784,0.0009786128851043685,-4.292209122669366e-05,0.0009006931847945765,12.0,0.0,-0.016482049599289894,17.99588213954121,-0.3141131103038788,5.75735931,17.74264069,5.0,0.044800881296396255,12.0,minimum_jerk,6
1785139551249759734,5.7790303230285645,17.74400007724762,5.032402515411377,-0.04099119082093239,0.1038244292140007,-0.6751391887664795,nan,12.000385284423828,0.03900517523288727,world,249700762,1785139551,0.17835988104343414,True,True,False,True,2.368460144627067,0.08431101184113096,4.4205918948532394,0.3147837817668915,True,0.27261075377464294,True,1.2267483472824097,True,1,normal,7.851189136505127,-8.881784197001252e-16,2.7755575615628914e-17,0.0,0.20048060276386415,-0.008793105886847473,0.18451781632999575,5.757359309999984,17.74264069,5.0,-5.329070518200751e-15,0.0,0.0,12.0,0.0,-0.016482049599289894,17.99588213954121,-0.3141131103038788,5.75735931,17.74264069,5.0,0.03900517523288727,12.0,minimum_jerk,6
1785139551349755318,5.774140357971191,17.749660938978195,4.973198890686035,-0.03293050080537796,0.09085941314697266,-0.7808722853660583,nan,12.100378036499023,0.032391153275966644,world,349692459,1785139551,0.17835988104343414,True,True,False,True,2.374640142518793,-0.05659728076777598,8.0,0.3147837817668915,True,0.27261075377464294,True,1.2267483472824097,True,1,normal,7.851189136505127,-8.881784197001252e-16,2.7755575615628914e-17,0.0,0.20048060276386415,-0.008793105886847473,0.18451781632999575,5.757359309999984,17.74264069,5.0,-5.329070518200751e-15,0.0,0.0,12.0,0.0,-0.016482049599289894,17.99588213954121,-0.3141131103038788,5.75735931,17.74264069,5.0,0.032391153275966644,12.0,minimum_jerk,6
1785139551449730604,5.772624492645264,17.74831721186638,4.980757236480713,0.0101553900167346,0.056781042367219925,-0.04264445975422859,0.18037007749080658,12.2003812789917,0.02520977333188057,world,449695327,1785139551,0.17835988104343414,True,True,True,True,2.2725489600709667,0.12177714829936359,5.827524883254087,0.3147837817668915,True,0.27261075377464294,True,1.2267483472824097,True,1,normal,7.851189136505127,-8.881784197001252e-16,2.7755575615628914e-17,0.0,0.20048060276386415,-0.008793105886847473,0.18451781632999575,5.757359309999984,17.74264069,5.0,-5.329070518200751e-15,0.0,0.0,12.0,0.0,-0.016482049599289894,17.99588213954121,-0.3141131103038788,5.75735931,17.74264069,5.0,0.02520977333188057,12.0,minimum_jerk,6
1785139551549750835,5.775078773498535,17.745107501745224,5.030735969543457,0.03493155539035797,0.03301938995718956,0.05473870784044266,0.18037007749080658,12.300385475158691,0.035563524812459946,world,549699408,1785139551,0.17835988104343414,True,True,True,True,2.036896004344908,0.37522747052766936,0.6467807329967208,0.3147837817668915,True,0.27261075377464294,True,1.2267483472824097,True,1,normal,7.851189136505127,-8.881784197001252e-16,2.7755575615628914e-17,0.0,0.20048060276386415,-0.008793105886847473,0.18451781632999575,5.757359309999984,17.74264069,5.0,-5.329070518200751e-15,0.0,0.0,12.0,0.0,-0.016482049599289894,17.99588213954121,-0.3141131103038788,5.75735931,17.74264069,5.0,0.035563524812459946,12.0,minimum_jerk,6
1785139551649757420,5.778769016265869,17.742832362651825,5.03206205368042,0.03540734201669693,0.026836592704057693,-0.6507789492607117,0.18037007749080658,12.400385856628418,0.03855369612574577,world,649699611,1785139551,0.17835988104343414,True,True,True,True,1.873895428061115,0.3811052956879323,3.57615434992878,0.3147837817668915,True,0.27261075377464294,True,1.2267483472824097,True,1,normal,7.851189136505127,-8.881784197001252e-16,2.7755575615628914e-17,0.0,0.20048060276386415,-0.008793105886847473,0.18451781632999575,5.757359309999984,17.74264069,5.0,-5.329070518200751e-15,0.0,0.0,12.0,0.0,-0.016482049599289894,17.99588213954121,-0.3141131103038788,5.75735931,17.74264069,5.0,0.03855369612574577,12.0,minimum_jerk,6
1785139551749805043,5.781857013702393,17.742288142442703,4.9715576171875,0.02542933076620102,0.02999965474009514,-0.8599777817726135,0.18037007749080658,12.500418663024902,0.03753972426056862,world,749738847,1785139551,0.17835988104343414,True,True,True,True,1.822629387500493,0.30976053986838964,8.0,0.3147837817668915,True,0.27261075377464294,True,1.2267483472824097,True,1,normal,7.851189136505127,-8.881784197001252e-16,2.7755575615628914e-17,0.0,0.20048060276386415,-0.008793105886847473,0.18451781632999575,5.757359309999984,17.74264069,5.0,-5.329070518200751e-15,0.0,0.0,12.0,0.0,-0.016482049599289894,17.99588213954121,-0.3141131103038788,5.75735931,17.74264069,5.0,0.03753972426056862,12.0,minimum_jerk,6
1785139551849750071,5.780932903289795,17.740135729312897,4.966108798980713,-0.02384359948337078,0.05931632220745087,-0.1301407516002655,0.18037007749080658,12.600399017333984,0.04135943204164505,world,849713853,1785139551,0.17835988104343414,True,True,True,True,1.914598041069762,0.35801661960217346,6.340471432625341,0.3147837817668915,True,0.27261075377464294,True,1.2267483472824097,True,1,normal,7.851189136505127,-8.881784197001252e-16,2.7755575615628914e-17,0.0,0.20048060276386415,-0.008793105886847473,0.18451781632999575,5.757359309999984,17.74264069,5.0,-5.329070518200751e-15,0.0,0.0,12.0,0.0,-0.016482049599289894,17.99588213954121,-0.3141131103038788,5.75735931,17.74264069,5.0,0.04135943204164505,12.0,minimum_jerk,6
1785139551949753520,5.775343418121338,17.741698771715164,5.013260841369629,-0.06106611713767052,0.07654895633459091,0.1328120231628418,0.18037007749080658,12.700392723083496,0.02236437425017357,world,949706932,1785139551,0.17835988104343414,True,True,True,True,2.177032717505465,0.2757891468001039,0.9409829307600233,0.3147837817668915,True,0.27261075377464294,True,1.2267483472824097,True,1,normal,7.851189136505127,-8.881784197001252e-16,2.7755575615628914e-17,0.0,0.20048060276386415,-0.008793105886847473,0.18451781632999575,5.757359309999984,17.74264069,5.0,-5.329070518200751e-15,0.0,0.0,12.0,0.0,-0.016482049599289894,17.99588213954121,-0.3141131103038788,5.75735931,17.74264069,5.0,0.02236437425017357,12.0,minimum_jerk,6
1785139552049739557,5.767753601074219,17.74607217311859,5.02536153793335,-0.06547485291957855,0.07691141963005066,-0.5182088017463684,0.18037007749080658,12.800382614135742,0.0276228878647089,world,49695844,1785139552,0.17835988104343414,True,True,True,True,2.3698505279594624,0.07451144050243336,2.5724628133104095,0.3147837817668915,True,0.27261075377464294,True,1.2267483472824097,True,1,normal,7.851189136505127,-8.881784197001252e-16,2.7755575615628914e-17,0.0,0.20048060276386415,-0.008793105886847473,0.18451781632999575,5.757359309999984,17.74264069,5.0,-5.329070518200751e-15,0.0,0.0,12.0,0.0,-0.016482049599289894,17.99588213954121,-0.3141131103038788,5.75735931,17.74264069,5.0,0.0276228878647089,12.0,minimum_jerk,6
1785139552149825141,5.761042594909668,17.75127112865448,4.971019744873047,-0.05870528519153595,0.0719783678650856,-0.8698848485946655,0.18037007749080658,12.900404930114746,0.03046155348420143,world,149722186,1785139552,0.17835988104343414,True,True,True,True,2.449782900381396,-0.06948934585920744,8.0,0.3147837817668915,True,0.27261075377464294,True,1.2267483472824097,True,1,normal,7.851189136505127,-8.881784197001252e-16,2.7755575615628914e-17,0.0,0.20048060276386415,-0.008793105886847473,0.18451781632999575,5.757359309999984,17.74264069,5.0,-5.329070518200751e-15,0.0,0.0,12.0,0.0,-0.016482049599289894,17.99588213954121,-0.3141131103038788,5.75735931,17.74264069,5.0,0.03046155348420143,12.0,minimum_jerk,6
1785139552249779968,5.757643222808838,17.75064754486084,4.9544548988342285,-0.005746530368924141,0.0424494631588459,-0.19753322005271912,0.18037007749080658,13.000398635864258,0.04624442383646965,world,249712220,1785139552,0.17835988104343414,True,True,True,True,2.3966276773494855,0.05694316466306129,7.132738003575414,0.3147837817668915,True,0.27261075377464294,True,1.2267483472824097,True,1,normal,7.851189136505127,-8.881784197001252e-16,2.7755575615628914e-17,0.0,0.20048060276386415,-0.008793105886847473,0.18451781632999575,5.757359309999984,17.74264069,5.0,-5.329070518200751e-15,0.0,0.0,12.0,0.0,-0.016482049599289894,17.99588213954121,-0.3141131103038788,5.75735931,17.74264069,5.0,0.04624442383646965,12.0,minimum_jerk,6
1785139552349770893,5.760096549987793,17.74740821123123,4.997640132904053,0.041000865399837494,0.009676991030573845,0.19901064038276672,0.18037007749080658,13.100391387939453,0.0059825340285897255,world,349705780,1785139552,0.17835988104343414,True,True,True,True,2.1159834674288107,0.3117895503793709,1.1999913478449162,0.3147837817668915,True,0.27261075377464294,True,1.2267483472824097,True,1,normal,7.851189136505127,-8.881784197001252e-16,2.7755575615628914e-17,0.0,0.20048060276386415,-0.008793105886847473,0.18451781632999575,5.757359309999984,17.74264069,5.0,-5.329070518200751e-15,0.0,0.0,12.0,0.0,-0.016482049599289894,17.99588213954121,-0.3141131103038788,5.75735931,17.74264069,5.0,0.0059825340285897255,12.0,minimum_jerk,6
1785139552449770415,5.76522970199585,17.743803411722183,5.0202507972717285,0.04802416265010834,0.00028125318931415677,-0.3766113817691803,0.18037007749080658,13.200403213500977,0.021757522597908974,world,449719689,1785139552,0.17835988104343414,True,True,True,True,1.8891766212448378,0.3771481806232174,1.9508530532731325,0.3147837817668915,True,0.27261075377464294,True,1.2267483472824097,True,1,normal,7.851189136505127,-8.881784197001252e-16,2.7755575615628914e-17,0.0,0.20048060276386415,-0.008793105886847473,0.18451781632999575,5.757359309999984,17.74264069,5.0,-5.329070518200751e-15,0.0,0.0,12.0,0.0,-0.016482049599289894,17.99588213954121,-0.3141131103038788,5.75735931,17.74264069,5.0,0.021757522597908974,12.0,minimum_jerk,6
1785139552549754287,5.769936561584473,17.74156093597412,4.974876880645752,0.04338165745139122,0.0016846966464072466,-0.8063933849334717,0.18037007749080658,13.300394058227539,0.028116263449192047,world,549709152,1785139552,0.17835988104343414,True,True,True,True,1.7971993437016383,0.36380384016928435,7.415459018438179,0.3147837817668915,True,0.27261075377464294,True,1.2267483472824097,True,1,normal,7.851189136505127,-8.881784197001252e-16,2.7755575615628914e-17,0.0,0.20048060276386415,-0.008793105886847473,0.18451781632999575,5.757359309999984,17.74264069,5.0,-5.329070518200751e-15,0.0,0.0,12.0,0.0,-0.016482049599289894,17.99588213954121,-0.3141131103038788,5.75735931,17.74264069,5.0,0.028116263449192047,12.0,minimum_jerk,6
1785139552649757986,5.771182537078857,17.740160912275314,4.955324649810791,-0.002666482701897621,0.031741417944431305,-0.2487906962633133,0.18037007749080658,13.400384902954102,0.046830736100673676,world,649698704,1785139552,0.17835988104343414,True,True,True,True,1.854584273090358,0.345084807248347,6.861655153914015,0.3147837817668915,True,0.27261075377464294,True,1.2267483472824097,True,1,normal,7.851189136505127,-8.881784197001252e-16,2.7755575615628914e-17,0.0,0.20048060276386415,-0.008793105886847473,0.18451781632999575,5.757359309999984,17.74264069,5.0,-5.329070518200751e-15,0.0,0.0,12.0,0.0,-0.016482049599289894,17.99588213954121,-0.3141131103038788,5.75735931,17.74264069,5.0,0.046830736100673676,12.0,minimum_jerk,6
1785139552749774741,5.766916275024414,17.74303635954857,4.9935431480407715,-0.05250000208616257,0.0606905035674572,0.1913372427225113,0.18037007749080658,13.500393867492676,0.011540496721863747,world,749707744,1785139552,0.17835988104343414,True,True,True,True,2.1285955500704636,0.17718709347262676,1.8597711021556451,0.3147837817668915,True,0.27261075377464294,True,1.2267483472824097,True,1,normal,7.851189136505127,-8.881784197001252e-16,2.7755575615628914e-17,0.0,0.20048060276386415,-0.008793105886847473,0.18451781632999575,5.757359309999984,17.74264069,5.0,-5.329070518200751e-15,0.0,0.0,12.0,0.0,-0.016482049599289894,17.99588213954121,-0.3141131103038788,5.75735931,17.74264069,5.0,0.011540496721863747,12.0,minimum_jerk,6
1785139552849752631,5.759589672088623,17.748681366443634,5.016986846923828,-0.06469117105007172,0.06413226574659348,-0.3120774030685425,0.18037007749080658,13.6003999710083,0.018166376277804375,world,849714960,1785139552,0.17835988104343414,True,True,True,True,2.395578546753094,-0.05677594485820142,1.9386447364128965,0.3147837817668915,True,0.27261075377464294,True,1.2267483472824097,True,1,normal,7.851189136505127,-8.881784197001252e-16,2.7755575615628914e-17,0.0,0.20048060276386415,-0.008793105886847473,0.18451781632999575,5.757359309999984,17.74264069,5.0,-5.329070518200751e-15,0.0,0.0,12.0,0.0,-0.016482049599289894,17.99588213954121,-0.3141131103038788,5.75735931,17.74264069,5.0,0.018166376277804375,12.0,minimum_jerk,6
1785139552949815553,5.75270414352417,17.75436718761921,4.9774394035339355,-0.06196305900812149,0.05686748027801514,-0.7410920858383179,0.18037007749080658,13.70042896270752,0.02584882639348507,world,949746582,1785139552,0.17835988104343414,True,True,True,True,2.504519789530649,-0.17547487105690318,7.144790715130222,0.3147837817668915,True,0.27261075377464294,True,1.2267483472824097,True,1,normal,7.851189136505127,-8.881784197001252e-16,2.7755575615628914e-17,0.0,0.20048060276386415,-0.008793105886847473,0.18451781632999575,5.757359309999984,17.74264069,5.0,-5.329070518200751e-15,0.0,0.0,12.0,0.0,-0.016482049599289894,17.99588213954121,-0.3141131103038788,5.75735931,17.74264069,5.0,0.02584882639348507,12.0,minimum_jerk,6
1785139553049771943,5.750992298126221,17.753861978650093,4.957607746124268,-0.010798868723213673,0.015130197629332542,-0.20680782198905945,0.18037007749080658,13.800415992736816,0.044312067329883575,world,49731126,1785139553,0.17835988104343414,True,True,True,True,2.3866653325218756,-0.015405284467684036,6.72427554810066,0.3147837817668915,True,0.27261075377464294,True,1.2267483472824097,True,1,normal,7.851189136505127,-8.881784197001252e-16,2.7755575615628914e-17,0.0,0.20048060276386415,-0.008793105886847473,0.18451781632999575,5.757359309999984,17.74264069,5.0,-5.329070518200751e-15,0.0,0.0,12.0,0.0,-0.016482049599289894,17.99588213954121,-0.3141131103038788,5.75735931,17.74264069,5.0,0.044312067329883575,12.0,minimum_jerk,6
1785139553149766114,5.755517482757568,17.74892547726631,4.995704174041748,0.04433060064911842,-0.029934704303741455,0.2228681594133377,0.18037007749080658,13.900400161743164,0.007832304574549198,world,149714947,1785139553,0.17835988104343414,True,True,True,True,2.035998535038254,0.30270071186593644,1.7723579350366439,0.3147837817668915,True,0.27261075377464294,True,1.2267483472824097,True,1,normal,7.851189136505127,-8.881784197001252e-16,2.7755575615628914e-17,0.0,0.20048060276386415,-0.008793105886847473,0.18451781632999575,5.757359309999984,17.74264069,5.0,-5.329070518200751e-15,0.0,0.0,12.0,0.0,-0.016482049599289894,17.99588213954121,-0.3141131103038788,5.75735931,17.74264069,5.0,0.007832304574549198,12.0,minimum_jerk,6
1785139553249773971,5.762877464294434,17.74240231513977,5.019615173339844,0.05276499688625336,-0.03963983803987503,-0.28536972403526306,0.18037007749080658,14.000407218933105,0.020377974957227707,world,249723085,1785139553,0.17835988104343414,True,True,True,True,1.7880747419894631,0.46284673417260297,2.0238166170549885,0.3147837817668915,True,0.27261075377464294,True,1.2267483472824097,True,1,normal,7.851189136505127,-8.881784197001252e-16,2.7755575615628914e-17,0.0,0.20048060276386415,-0.008793105886847473,0.18451781632999575,5.757359309999984,17.74264069,5.0,-5.329070518200751e-15,0.0,0.0,12.0,0.0,-0.016482049599289894,17.99588213954121,-0.3141131103038788,5.75735931,17.74264069,5.0,0.020377974957227707,12.0,minimum_jerk,6
1785139553349781498,5.769077301025391,17.73720946907997,4.981167793273926,0.04405837878584862,-0.0353449210524559,-0.7086071968078613,0.18037007749080658,14.100409507751465,0.02283553034067154,world,349723649,1785139553,0.17835988104343414,True,True,True,True,1.6950581813143382,0.513189551322357,6.983011469049968,0.3147837817668915,True,0.27261075377464294,True,1.2267483472824097,True,1,normal,7.851189136505127,-8.881784197001252e-16,2.7755575615628914e-17,0.0,0.20048060276386415,-0.008793105886847473,0.18451781632999575,5.757359309999984,17.74264069,5.0,-5.329070518200751e-15,0.0,0.0,12.0,0.0,-0.016482049599289894,17.99588213954121,-0.3141131103038788,5.75735931,17.74264069,5.0,0.02283553034067154,12.0,minimum_jerk,6
1785139553449764608,5.774078845977783,17.732628613710403,4.961613655090332,-0.014528666622936726,0.012642983347177505,-0.22154250741004944,0.18037007749080658,14.200404167175293,0.043049924075603485,world,449718100,1785139553,0.17835988104343414,True,True,True,True,1.6575580702829542,0.5508768967685069,6.683193121388492,0.3147837817668915,True,0.27261075377464294,True,1.2267483472824097,True,1,normal,7.851189136505127,-8.881784197001252e-16,2.7755575615628914e-17,0.0,0.20048060276386415,-0.008793105886847473,0.18451781632999575,5.757359309999984,17.74264069,5.0,-5.329070518200751e-15,0.0,0.0,12.0,0.0,-0.016482049599289894,17.99588213954121,-0.3141131103038788,5.75735931,17.74264069,5.0,0.043049924075603485,12.0,minimum_jerk,6
1785139553549811259,5.771669387817383,17.7344968020916,4.99813175201416,-0.07773594558238983,0.06467659771442413,0.21845604479312897,0.18037007749080658,14.300415992736816,0.01657080464065075,world,549731729,1785139553,0.17835988104343414,True,True,True,True,1.915933699992747,0.3361963903012797,1.893273614689382,0.3147837817668915,True,0.27261075377464294,True,1.2267483472824097,True,1,normal,7.851189136505127,-8.881784197001252e-16,2.7755575615628914e-17,0.0,0.20048060276386415,-0.008793105886847473,0.18451781632999575,5.757359309999984,17.74264069,5.0,-5.329070518200751e-15,0.0,0.0,12.0,0.0,-0.016482049599289894,17.99588213954121,-0.3141131103038788,5.75735931,17.74264069,5.0,0.01657080464065075,12.0,minimum_jerk,6
1785139553649834806,5.764279842376709,17.74081501364708,5.024386405944824,-0.09631730616092682,0.07699679583311081,-0.2402595728635788,0.18037007749080658,14.400426864624023,0.025415027514100075,world,649744175,1785139553,0.17835988104343414,True,True,True,True,2.249449818498895,0.035513499437503926,1.807321858161736,0.3147837817668915,True,0.27261075377464294,True,1.2267483472824097,True,1,normal,7.851189136505127,-8.881784197001252e-16,2.7755575615628914e-17,0.0,0.20048060276386415,-0.008793105886847473,0.18451781632999575,5.757359309999984,17.74264069,5.0,-5.329070518200751e-15,0.0,0.0,12.0,0.0,-0.016482049599289894,17.99588213954121,-0.3141131103038788,5.75735931,17.74264069,5.0,0.025415027514100075,12.0,minimum_jerk,6
1785139553749761900,5.755593776702881,17.74815109372139,4.9858574867248535,-0.09699172526597977,0.07443897426128387,-0.6812340021133423,0.18037007749080658,14.500418663024902,0.015280456282198429,world,749733156,1785139553,0.17835988104343414,True,True,True,True,2.444974045682846,-0.13639769087878795,6.454142933592225,0.3147837817668915,True,0.27261075377464294,True,1.2267483472824097,True,1,normal,7.851189136505127,-8.881784197001252e-16,2.7755575615628914e-17,0.0,0.20048060276386415,-0.008793105886847473,0.18451781632999575,5.757359309999984,17.74264069,5.0,-5.329070518200751e-15,0.0,0.0,12.0,0.0,-0.016482049599289894,17.99588213954121,-0.3141131103038788,5.75735931,17.74264069,5.0,0.015280456282198429,12.0,minimum_jerk,6
1785139553849799834,5.75236177444458,17.74744737148285,4.971020698547363,-0.058996401727199554,0.041586022824048996,-0.22785474359989166,0.18037007749080658,14.600420951843262,0.029797306284308434,world,849735102,1785139553,0.17835988104343414,True,True,True,True,2.391050410824182,0.03210973242359752,6.280463837675344,0.3147837817668915,True,0.27261075377464294,True,1.2267483472824097,True,1,normal,7.851189136505127,-8.881784197001252e-16,2.7755575615628914e-17,0.0,0.20048060276386415,-0.008793105886847473,0.18451781632999575,5.757359309999984,17.74264069,5.0,-5.329070518200751e-15,0.0,0.0,12.0,0.0,-0.016482049599289894,17.99588213954121,-0.3141131103038788,5.75735931,17.74264069,5.0,0.029797306284308434,12.0,minimum_jerk,6
1785139553949765442,5.754053115844727,17.743019372224808,5.006185054779053,0.0005357657209970057,-0.008055371232330799,0.20457854866981506,0.18037007749080658,14.700413703918457,0.007023476529866457,world,949727200,1785139553,0.17835988104343414,True,True,True,True,2.125698869508098,0.36287501816596335,1.9129140511942377,0.3147837817668915,True,0.27261075377464294,True,1.2267483472824097,True,1,normal,7.851189136505127,-8.881784197001252e-16,2.7755575615628914e-17,0.0,0.20048060276386415,-0.008793105886847473,0.18451781632999575,5.757359309999984,17.74264069,5.0,-5.329070518200751e-15,0.0,0.0,12.0,0.0,-0.016482049599289894,17.99588213954121,-0.3141131103038788,5.75735931,17.74264069,5.0,0.007023476529866457,12.0,minimum_jerk,6
1785139554049794569,5.758547306060791,17.736989468336105,5.0295634269714355,0.016532381996512413,-0.02060100995004177,-0.2603299021720886,0.18037007749080658,14.800422668457031,0.030122149735689163,world,49738904,1785139554,0.17835988104343414,True,True,True,True,1.8969598498973608,0.5444227012584109,1.8087350472075818,0.3147837817668915,True,0.27261075377464294,True,1.2267483472824097,True,1,normal,7.851189136505127,-8.881784197001252e-16,2.7755575615628914e-17,0.0,0.20048060276386415,-0.008793105886847473,0.18451781632999575,5.757359309999984,17.74264069,5.0,-5.329070518200751e-15,0.0,0.0,12.0,0.0,-0.016482049599289894,17.99588213954121,-0.3141131103038788,5.75735931,17.74264069,5.0,0.030122149735689163,12.0,minimum_jerk,6
1785139554149789762,5.762511253356934,17.73243272304535,4.993366718292236,0.01827809028327465,-0.01705152355134487,-0.6855999827384949,0.18037007749080658,14.90043830871582,0.013219134882092476,world,149755267,1785139554,0.17835988104343414,True,True,True,True,1.8372834080133935,0.5679379731246715,6.5926672345720245,0.3147837817668915,True,0.27261075377464294,True,1.2267483472824097,True,1,normal,7.851189136505127,-8.881784197001252e-16,2.7755575615628914e-17,0.0,0.20048060276386415,-0.008793105886847473,0.18451781632999575,5.757359309999984,17.74264069,5.0,-5.329070518200751e-15,0.0,0.0,12.0,0.0,-0.016482049599289894,17.99588213954121,-0.3141131103038788,5.75735931,17.74264069,5.0,0.013219134882092476,12.0,minimum_jerk,6
1785139554249812748,5.767072677612305,17.730948358774185,4.973398208618164,-0.010036028921604156,0.032264817506074905,-0.2218921184539795,0.18037007749080658,15.000434875488281,0.03063846379518509,world,249751342,1785139554,0.17835988104343414,True,True,True,True,1.7624655544218886,0.5044479611514343,6.399660584998818,0.3147837817668915,True,0.27261075377464294,True,1.2267483472824097,True,1,normal,7.851189136505127,-8.881784197001252e-16,2.7755575615628914e-17,0.0,0.20048060276386415,-0.008793105886847473,0.18451781632999575,5.757359309999984,17.74264069,5.0,-5.329070518200751e-15,0.0,0.0,12.0,0.0,-0.016482049599289894,17.99588213954121,-0.3141131103038788,5.75735931,17.74264069,5.0,0.03063846379518509,12.0,minimum_jerk,6
1785139554349803643,5.766742706298828,17.73670467734337,5.012801170349121,-0.052283599972724915,0.08538743108510971,0.2103564441204071,0.18037007749080658,15.100431442260742,0.016945628449320793,world,349748228,1785139554,0.17835988104343414,True,True,True,True,1.8761709384816527,0.20013811443780213,1.793008651170433,0.3147837817668915,True,0.27261075377464294,True,1.2267483472824097,True,1,normal,7.851189136505127,-8.881784197001252e-16,2.7755575615628914e-17,0.0,0.20048060276386415,-0.008793105886847473,0.18451781632999575,5.757359309999984,17.74264069,5.0,-5.329070518200751e-15,0.0,0.0,12.0,0.0,-0.016482049599289894,17.99588213954121,-0.3141131103038788,5.75735931,17.74264069,5.0,0.016945628449320793,12.0,minimum_jerk,6
1785139554449791763,5.763165473937988,17.745142221450806,5.034611701965332,-0.0642370879650116,0.09230130165815353,-0.242483988404274,0.18037007749080658,15.200418472290039,0.035184357315301895,world,449733142,1785139554,0.17835988104343414,True,True,True,True,2.100973182807919,-0.11296089242450494,1.7298270536197038,0.3147837817668915,True,0.27261075377464294,True,1.2267483472824097,True,1,normal,7.851189136505127,-8.881784197001252e-16,2.7755575615628914e-17,0.0,0.20048060276386415,-0.008793105886847473,0.18451781632999575,5.757359309999984,17.74264069,5.0,-5.329070518200751e-15,0.0,0.0,12.0,0.0,-0.016482049599289894,17.99588213954121,-0.3141131103038788,5.75735931,17.74264069,5.0,0.035184357315301895,12.0,minimum_jerk,6
1785139554549763622,5.758383274078369,17.753719076514244,4.999233245849609,-0.06817331165075302,0.0823502317070961,-0.6723072528839111,0.18037007749080658,15.300414085388184,0.011151998303830624,world,549727874,1785139554,0.17835988104343414,True,True,True,True,2.249440166054895,-0.2860543043078772,6.38414103352107,0.3147837817668915,True,0.27261075377464294,True,1.2267483472824097,True,1,normal,7.851189136505127,-8.881784197001252e-16,2.7755575615628914e-17,0.0,0.20048060276386415,-0.008793105886847473,0.18451781632999575,5.757359309999984,17.74264069,5.0,-5.329070518200751e-15,0.0,0.0,12.0,0.0,-0.016482049599289894,17.99588213954121,-0.3141131103038788,5.75735931,17.74264069,5.0,0.011151998303830624,12.0,minimum_jerk,6
1785139554649806976,5.7558393478393555,17.754865244030952,4.981442451477051,-0.05509840324521065,0.02008100226521492,-0.1848476678133011,0.18037007749080658,15.400435447692871,0.022274034097790718,world,649753575,1785139554,0.17835988104343414,True,True,True,True,2.2256749065804815,-0.11076426650234833,6.020156376514697,0.3147837817668915,True,0.27261075377464294,True,1.2267483472824097,True,1,normal,7.851189136505127,-8.881784197001252e-16,2.7755575615628914e-17,0.0,0.20048060276386415,-0.008793105886847473,0.18451781632999575,5.757359309999984,17.74264069,5.0,-5.329070518200751e-15,0.0,0.0,12.0,0.0,-0.016482049599289894,17.99588213954121,-0.3141131103038788,5.75735931,17.74264069,5.0,0.022274034097790718,12.0,minimum_jerk,6
1785139554749786329,5.755579948425293,17.74886080622673,5.0182037353515625,-0.025657545775175095,-0.048087988048791885,0.2016977071762085,0.18037007749080658,15.500422477722168,0.019319212064146996,world,749736736,1785139554,0.17835988104343414,True,True,True,True,2.1151581035040627,0.3301718050472528,1.4382563537547923,0.3147837817668915,True,0.27261075377464294,True,1.2267483472824097,True,1,normal,7.851189136505127,-8.881784197001252e-16,2.7755575615628914e-17,0.0,0.20048060276386415,-0.008793105886847473,0.18451781632999575,5.757359309999984,17.74264069,5.0,-5.329070518200751e-15,0.0,0.0,12.0,0.0,-0.016482049599289894,17.99588213954121,-0.3141131103038788,5.75735931,17.74264069,5.0,0.019319212064146996,12.0,minimum_jerk,6
1785139554849808293,5.756283283233643,17.73959669470787,5.038604259490967,-0.016519708558917046,-0.06483425199985504,-0.29528164863586426,0.18037007749080658,15.600420951843262,0.03873903304338455,world,849734894,1785139554,0.17835988104343414,True,True,True,True,2.045257972875429,0.6069077908844017,1.7272202447644878,0.3147837817668915,True,0.27261075377464294,True,1.2267483472824097,True,1,normal,7.851189136505127,-8.881784197001252e-16,2.7755575615628914e-17,0.0,0.20048060276386415,-0.008793105886847473,0.18451781632999575,5.757359309999984,17.74264069,5.0,-5.329070518200751e-15,0.0,0.0,12.0,0.0,-0.016482049599289894,17.99588213954121,-0.3141131103038788,5.75735931,17.74264069,5.0,0.03873903304338455,12.0,minimum_jerk,6
1785139554949784110,5.7566914558410645,17.731605172157288,5.000397205352783,-0.012341877445578575,-0.05885644257068634,-0.6825643181800842,0.18037007749080658,15.700417518615723,0.011062840931117535,world,949732362,1785139554,0.17835988104343414,True,True,True,True,2.041202275550402,0.7438716346095103,6.5383205318024675,0.3147837817668915,True,0.27261075377464294,True,1.2267483472824097,True,1,normal,7.851189136505127,-8.881784197001252e-16,2.7755575615628914e-17,0.0,0.20048060276386415,-0.008793105886847473,0.18451781632999575,5.757359309999984,17.74264069,5.0,-5.329070518200751e-15,0.0,0.0,12.0,0.0,-0.016482049599289894,17.99588213954121,-0.3141131103038788,5.75735931,17.74264069,5.0,0.011062840931117535,12.0,minimum_jerk,6
1785139555049797838,5.758457660675049,17.726207435131073,4.987481117248535,-0.013504428789019585,0.011856266297399998,-0.1410055011510849,0.18037007749080658,15.800431251525879,0.02068769372999668,world,49744757,1785139555,0.17835988104343414,True,True,True,True,1.9951323921673136,0.7242639715049415,5.535922899081596,0.3147837817668915,True,0.27261075377464294,True,1.2267483472824097,True,1,normal,7.851189136505127,-8.881784197001252e-16,2.7755575615628914e-17,0.0,0.20048060276386415,-0.008793105886847473,0.18451781632999575,5.757359309999984,17.74264069,5.0,-5.329070518200751e-15,0.0,0.0,12.0,0.0,-0.016482049599289894,17.99588213954121,-0.3141131103038788,5.75735931,17.74264069,5.0,0.02068769372999668,12.0,minimum_jerk,6
1785139555149791608,5.759117126464844,17.729710668325424,5.028497695922852,-0.020877903327345848,0.08213084191083908,0.19405920803546906,0.18037007749080658,15.900435447692871,0.031343165785074234,world,149749408,1785139555,0.17835988104343414,True,True,True,True,1.9812337052476336,0.3829058755694612,0.6954739013044442,0.3147837817668915,True,0.27261075377464294,True,1.2267483472824097,True,1,normal,7.851189136505127,-8.881784197001252e-16,2.7755575615628914e-17,0.0,0.20048060276386415,-0.008793105886847473,0.18451781632999575,5.757359309999984,17.74264069,5.0,-5.329070518200751e-15,0.0,0.0,12.0,0.0,-0.016482049599289894,17.99588213954121,-0.3141131103038788,5.75735931,17.74264069,5.0,0.031343165785074234,12.0,minimum_jerk,6
1785139555249786901,5.758486270904541,17.738271445035934,5.046192169189453,-0.024989107623696327,0.09512206166982651,-0.36429503560066223,0.18037007749080658,16.000431060791016,0.04641203209757805,world,249745463,1785139555,0.17835988104343414,True,True,True,True,2.0491977472598437,0.012227728660005571,1.591078789940387,0.3147837817668915,True,0.27261075377464294,True,1.2267483472824097,True,1,normal,7.851189136505127,-8.881784197001252e-16,2.7755575615628914e-17,0.0,0.20048060276386415,-0.008793105886847473,0.18451781632999575,5.757359309999984,17.74264069,5.0,-5.329070518200751e-15,0.0,0.0,12.0,0.0,-0.016482049599289894,17.99588213954121,-0.3141131103038788,5.75735931,17.74264069,5.0,0.04641203209757805,12.0,minimum_jerk,6
1785139555349841346,5.757011413574219,17.74698957800865,5.0020647048950195,-0.029187306761741638,0.09357329457998276,-0.731052577495575,0.18037007749080658,16.100440979003906,0.0048266826197505,world,349759161,1785139555,0.17835988104343414,True,True,True,True,2.11514381478225,-0.18731294975081997,6.777324005194851,0.3147837817668915,True,0.27261075377464294,True,1.2267483472824097,True,1,normal,7.851189136505127,-8.881784197001252e-16,2.7755575615628914e-17,0.0,0.20048060276386415,-0.008793105886847473,0.18451781632999575,5.757359309999984,17.74264069,5.0,-5.329070518200751e-15,0.0,0.0,12.0,0.0,-0.016482049599289894,17.99588213954121,-0.3141131103038788,5.75735931,17.74264069,5.0,0.0048266826197505,12.0,minimum_jerk,6
1785139555449779351,5.756845474243164,17.751609697937965,4.990498065948486,-0.0296393521130085,0.04842732474207878,-0.10889401286840439,0.18037007749080658,16.200429916381836,0.013076462782919407,world,449744125,1785139555,0.17835988104343414,True,True,True,True,2.0950034978864154,-0.13707747997973876,5.149106780224295,0.3147837817668915,True,0.27261075377464294,True,1.2267483472824097,True,1,normal,7.851189136505127,-8.881784197001252e-16,2.7755575615628914e-17,0.0,0.20048060276386415,-0.008793105886847473,0.18451781632999575,5.757359309999984,17.74264069,5.0,-5.329070518200751e-15,0.0,0.0,12.0,0.0,-0.016482049599289894,17.99588213954121,-0.3141131103038788,5.75735931,17.74264069,5.0,0.013076462782919407,12.0,minimum_jerk,6
1785139555549817015,5.7568488121032715,17.750288411974907,5.035516738891602,-0.022940481081604958,-0.00941996555775404,0.1933281272649765,0.18037007749080658,16.30045509338379,0.03633437678217888,world,549772100,1785139555,0.17835988104343414,True,True,True,True,2.057898505164296,0.143653603501016,0.0765776086074399,0.3147837817668915,True,0.27261075377464294,True,1.2267483472824097,True,1,normal,7.851189136505127,-8.881784197001252e-16,2.7755575615628914e-17,0.0,0.20048060276386415,-0.008793105886847473,0.18451781632999575,5.757359309999984,17.74264069,5.0,-5.329070518200751e-15,0.0,0.0,12.0,0.0,-0.016482049599289894,17.99588213954121,-0.3141131103038788,5.75735931,17.74264069,5.0,0.03633437678217888,12.0,minimum_jerk,6
1785139555649792320,5.756523132324219,17.7462657392025,5.051225662231445,-0.02157287485897541,-0.026425017043948174,-0.4155701696872711,0.18037007749080658,16.40043830871582,0.05136057361960411,world,649752184,1785139555,0.17835988104343414,True,True,True,True,2.072586082907447,0.35748500853047965,1.4180853165615108,0.3147837817668915,True,0.27261075377464294,True,1.2267483472824097,True,1,normal,7.851189136505127,-8.881784197001252e-16,2.7755575615628914e-17,0.0,0.20048060276386415,-0.008793105886847473,0.18451781632999575,5.757359309999984,17.74264069,5.0,-5.329070518200751e-15,0.0,0.0,12.0,0.0,-0.016482049599289894,17.99588213954121,-0.3141131103038788,5.75735931,17.74264069,5.0,0.05136057361960411,12.0,minimum_jerk,6
1785139555749795368,5.755814552307129,17.742243945598602,5.00333833694458,-0.018468419089913368,-0.03464613854885101,-0.7799094915390015,0.18037007749080658,16.50043487548828,0.0036997534334659576,world,749749131,1785139555,0.17835988104343414,True,True,True,True,2.102878241891268,0.4231503259569863,6.620235410720517,0.3147837817668915,True,0.27261075377464294,True,1.2267483472824097,True,1,normal,7.851189136505127,-8.881784197001252e-16,2.7755575615628914e-17,0.0,0.20048060276386415,-0.008793105886847473,0.18451781632999575,5.757359309999984,17.74264069,5.0,-5.329070518200751e-15,0.0,0.0,12.0,0.0,-0.016482049599289894,17.99588213954121,-0.3141131103038788,5.75735931,17.74264069,5.0,0.0036997534334659576,12.0,minimum_jerk,6
1785139555849825397,5.756042003631592,17.74041900038719,4.991398334503174,-0.014857230708003044,-0.015382649376988411,-0.14340512454509735,0.18037007749080658,16.600465774536133,0.00898108258843422,world,849783808,1785139555,0.17835988104343414,True,True,True,True,2.0822732294226727,0.39540037216566426,4.993409826701756,0.3147837817668915,True,0.27261075377464294,True,1.2267483472824097,True,1,normal,7.851189136505127,-8.881784197001252e-16,2.7755575615628914e-17,0.0,0.20048060276386415,-0.008793105886847473,0.18451781632999575,5.757359309999984,17.74264069,5.0,-5.329070518200751e-15,0.0,0.0,12.0,0.0,-0.016482049599289894,17.99588213954121,-0.3141131103038788,5.75735931,17.74264069,5.0,0.00898108258843422,12.0,minimum_jerk,6
1785139555949791735,5.756272315979004,17.742259711027145,5.037440299987793,-0.011875814758241177,0.01706554740667343,0.19435198605060577,0.18037007749080658,16.700437545776367,0.037458013743162155,world,949751369,1785139555,0.17835988104343414,True,True,True,True,2.0595544369076113,0.21922485987249674,-0.14604620327080653,0.3147837817668915,True,0.27261075377464294,True,1.2267483472824097,True,1,normal,7.851189136505127,-8.881784197001252e-16,2.7755575615628914e-17,0.0,0.20048060276386415,-0.008793105886847473,0.18451781632999575,5.757359309999984,17.74264069,5.0,-5.329070518200751e-15,0.0,0.0,12.0,0.0,-0.016482049599289894,17.99588213954121,-0.3141131103038788,5.75735931,17.74264069,5.0,0.037458013743162155,12.0,minimum_jerk,6
1785139556049842343,5.756082534790039,17.74596819281578,5.054989814758301,-0.013353698886930943,0.022871946915984154,-0.4164305627346039,0.18037007749080658,16.800464630126953,0.055105190724134445,world,49782710,1785139556,0.17835988104343414,True,True,True,True,2.075955666915356,0.06408834916318781,0.9174137268645925,0.3147837817668915,True,0.27261075377464294,True,1.2267483472824097,True,1,normal,7.851189136505127,-8.881784197001252e-16,2.7755575615628914e-17,0.0,0.20048060276386415,-0.008793105886847473,0.18451781632999575,5.757359309999984,17.74264069,5.0,-5.329070518200751e-15,0.0,0.0,12.0,0.0,-0.016482049599289894,17.99588213954121,-0.3141131103038788,5.75735931,17.74264069,5.0,0.055105190724134445,12.0,minimum_jerk,6
1785139556149814362,5.755383014678955,17.749423623085022,5.006047248840332,-0.014620965346693993,0.022302888333797455,-0.8136669397354126,0.18037007749080658,16.900449752807617,0.009299631230533123,world,149765329,1785139556,0.17835988104343414,True,True,True,True,2.1105496664316643,-0.0034384400787358382,6.498873394488162,0.3147837817668915,True,0.27261075377464294,True,1.2267483472824097,True,1,normal,7.851189136505127,-8.881784197001252e-16,2.7755575615628914e-17,0.0,0.20048060276386415,-0.008793105886847473,0.18451781632999575,5.757359309999984,17.74264069,5.0,-5.329070518200751e-15,0.0,0.0,12.0,0.0,-0.016482049599289894,17.99588213954121,-0.3141131103038788,5.75735931,17.74264069,5.0,0.009299631230533123,12.0,minimum_jerk,6
1785139556249798554,5.755615234375,17.751553386449814,4.9874396324157715,-0.011227533221244812,0.0014662774046882987,-0.2034102827310562,0.18037007749080658,17.00044822692871,0.015499702654778957,world,249761795,1785139556,0.17835988104343414,True,True,True,True,2.097484031829793,0.001907746143147468,5.362010900995117,0.3147837817668915,True,0.27261075377464294,True,1.2267483472824097,True,1,normal,7.851189136505127,-8.881784197001252e-16,2.7755575615628914e-17,0.0,0.20048060276386415,-0.008793105886847473,0.18451781632999575,5.757359309999984,17.74264069,5.0,-5.329070518200751e-15,0.0,0.0,12.0,0.0,-0.016482049599289894,17.99588213954121,-0.3141131103038788,5.75735931,17.74264069,5.0,0.015499702654778957,12.0,minimum_jerk,6
1785139556349807002,5.756115436553955,17.75058889389038,5.030688285827637,-0.006712337024509907,-0.02801748365163803,0.22429846227169037,0.18037007749080658,17.10044288635254,0.03172525763511658,world,349757368,1785139556,0.17835988104343414,True,True,True,True,2.0599626011272973,0.12005504219520888,0.10766043544060766,0.3147837817668915,True,0.27261075377464294,True,1.2267483472824097,True,1,normal,7.851189136505127,-8.881784197001252e-16,2.7755575615628914e-17,0.0,0.20048060276386415,-0.008793105886847473,0.18451781632999575,5.757359309999984,17.74264069,5.0,-5.329070518200751e-15,0.0,0.0,12.0,0.0,-0.016482049599289894,17.99588213954121,-0.3141131103038788,5.75735931,17.74264069,5.0,0.03172525763511658,12.0,minimum_jerk,6
1785139556449808677,5.756494522094727,17.74766430258751,5.053720474243164,-0.005335551220923662,-0.0376487635076046,-0.3487333357334137,0.18037007749080658,17.20046043395996,0.05396178364753723,world,449775274,1785139556,0.17835988104343414,True,True,True,True,2.0587662186124938,0.26158733577072646,0.43898359961768785,0.3147837817668915,True,0.27261075377464294,True,1.2267483472824097,True,1,normal,7.851189136505127,-8.881784197001252e-16,2.7755575615628914e-17,0.0,0.20048060276386415,-0.008793105886847473,0.18451781632999575,5.757359309999984,17.74264069,5.0,-5.329070518200751e-15,0.0,0.0,12.0,0.0,-0.016482049599289894,17.99588213954121,-0.3141131103038788,5.75735931,17.74264069,5.0,0.05396178364753723,12.0,minimum_jerk,6
1785139556549863884,5.7564873695373535,17.744451999664307,5.009320259094238,-0.006053014658391476,-0.04139696806669235,-0.8020883202552795,0.18037007749080658,17.30048370361328,0.009534587152302265,world,549800895,1785139556,0.17835988104343414,True,True,True,True,2.0751264867594363,0.3284572506834892,5.904789430654626,0.3147837817668915,True,0.27261075377464294,True,1.2267483472824097,True,1,normal,7.851189136505127,-8.881784197001252e-16,2.7755575615628914e-17,0.0,0.20048060276386415,-0.008793105886847473,0.18451781632999575,5.757359309999984,17.74264069,5.0,-5.329070518200751e-15,0.0,0.0,12.0,0.0,-0.016482049599289894,17.99588213954121,-0.3141131103038788,5.75735931,17.74264069,5.0,0.009534587152302265,12.0,minimum_jerk,6
1785139556649808792,5.756010055541992,17.74414700269699,4.987417697906494,-0.007388838101178408,-0.02821468375623226,-0.2396315336227417,0.18037007749080658,17.40045166015625,0.012743774801492691,world,649765500,1785139556,0.17835988104343414,True,True,True,True,2.1009280231721257,0.2561855020910902,5.284015427444242,0.3147837817668915,True,0.27261075377464294,True,1.2267483472824097,True,1,normal,7.851189136505127,-8.881784197001252e-16,2.7755575615628914e-17,0.0,0.20048060276386415,-0.008793105886847473,0.18451781632999575,5.757359309999984,17.74264069,5.0,-5.329070518200751e-15,0.0,0.0,12.0,0.0,-0.016482049599289894,17.99588213954121,-0.3141131103038788,5.75735931,17.74264069,5.0,0.012743774801492691,12.0,minimum_jerk,6
1785139556749853558,5.755249500274658,17.74605718255043,5.025857448577881,-0.007787007372826338,-0.005500703118741512,0.18614549934864044,0.18037007749080658,17.500469207763672,0.02616737224161625,world,749785079,1785139556,0.17835988104343414,True,True,True,True,2.128498395605764,0.10324604125126317,0.26509819646147004,0.3147837817668915,True,0.27261075377464294,True,1.2267483472824097,True,1,normal,7.851189136505127,-8.881784197001252e-16,2.7755575615628914e-17,0.0,0.20048060276386415,-0.008793105886847473,0.18451781632999575,5.757359309999984,17.74264069,5.0,-5.329070518200751e-15,0.0,0.0,12.0,0.0,-0.016482049599289894,17.99588213954121,-0.3141131103038788,5.75735931,17.74264069,5.0,0.02616737224161625,12.0,minimum_jerk,6
1785139556849848150,5.754366874694824,17.748805463314056,5.047922611236572,-0.0075620063580572605,2.8360715077724308e-05,-0.3282472491264343,0.18037007749080658,17.600465774536133,0.0484100803732872,world,849781735,1785139556,0.17835988104343414,True,True,True,True,2.14642464118625,0.014158250505602363,0.5158895096370033,0.3147837817668915,True,0.27261075377464294,True,1.2267483472824097,True,1,normal,7.851189136505127,-8.881784197001252e-16,2.7755575615628914e-17,0.0,0.20048060276386415,-0.008793105886847473,0.18451781632999575,5.757359309999984,17.74264069,5.0,-5.329070518200751e-15,0.0,0.0,12.0,0.0,-0.016482049599289894,17.99588213954121,-0.3141131103038788,5.75735931,17.74264069,5.0,0.0484100803732872,12.0,minimum_jerk,6
1785139556949830048,5.7534637451171875,17.751002624630928,5.000802040100098,-0.005549565888941288,-0.0036635780707001686,-0.7724944353103638,0.18037007749080658,17.700458526611328,0.009259624406695366,world,949771447,1785139556,0.17835988104343414,True,True,True,True,2.162003152742721,-0.009792531053730139,5.648673336020327,0.3147837817668915,True,0.27261075377464294,True,1.2267483472824097,True,1,normal,7.851189136505127,-8.881784197001252e-16,2.7755575615628914e-17,0.0,0.20048060276386415,-0.008793105886847473,0.18451781632999575,5.757359309999984,17.74264069,5.0,-5.329070518200751e-15,0.0,0.0,12.0,0.0,-0.016482049599289894,17.99588213954121,-0.3141131103038788,5.75735931,17.74264069,5.0,0.009259624406695366,12.0,minimum_jerk,6
1785139557049840339,5.754979133605957,17.75181083381176,4.984077453613281,0.005891941953450441,-0.026034964248538017,-0.23658588528633118,0.18037007749080658,17.80047035217285,0.018527932465076447,world,49787980,1785139557,0.17835988104343414,True,True,True,True,2.09602357089087,0.007440628780918862,5.11325560923629,0.3147837817668915,True,0.27261075377464294,True,1.2267483472824097,True,1,normal,7.851189136505127,-8.881784197001252e-16,2.7755575615628914e-17,0.0,0.20048060276386415,-0.008793105886847473,0.18451781632999575,5.757359309999984,17.74264069,5.0,-5.329070518200751e-15,0.0,0.0,12.0,0.0,-0.016482049599289894,17.99588213954121,-0.3141131103038788,5.75735931,17.74264069,5.0,0.018527932465076447,12.0,minimum_jerk,6
1785139557149817869,5.757434368133545,17.74968135356903,5.0216145515441895,0.014837097376585007,-0.0505325086414814,0.19318300485610962,0.18037007749080658,17.900461196899414,0.022732475772500038,world,149774747,1785139557,0.17835988104343414,True,True,True,True,1.9815277456944564,0.1341964226026058,0.2796566880108613,0.3147837817668915,True,0.27261075377464294,True,1.2267483472824097,True,1,normal,7.851189136505127,-8.881784197001252e-16,2.7755575615628914e-17,0.0,0.20048060276386415,-0.008793105886847473,0.18451781632999575,5.757359309999984,17.74264069,5.0,-5.329070518200751e-15,0.0,0.0,12.0,0.0,-0.016482049599289894,17.99588213954121,-0.3141131103038788,5.75735931,17.74264069,5.0,0.022732475772500038,12.0,minimum_jerk,6
1785139557249824443,5.760025501251221,17.74556663632393,5.0439229011535645,0.01497805304825306,-0.05630604550242424,-0.3104887008666992,0.18037007749080658,18.000473022460938,0.044100917875766754,world,249787713,1785139557,0.17835988104343414,True,True,True,True,1.9414604949695513,0.2798256074888903,0.41766226452854727,0.3147837817668915,True,0.27261075377464294,True,1.2267483472824097,True,1,normal,7.851189136505127,-8.881784197001252e-16,2.7755575615628914e-17,0.0,0.20048060276386415,-0.008793105886847473,0.18451781632999575,5.757359309999984,17.74264069,5.0,-5.329070518200751e-15,0.0,0.0,12.0,0.0,-0.016482049599289894,17.99588213954121,-0.3141131103038788,5.75735931,17.74264069,5.0,0.044100917875766754,12.0,minimum_jerk,6
1785139557349833412,5.761821269989014,17.741332560777664,5.003748416900635,0.008841096423566341,-0.055177852511405945,-0.7415813207626343,0.18037007749080658,18.1004581451416,0.00597251346334815,world,349771284,1785139557,0.17835988104343414,True,True,True,True,1.9350192094141048,0.3691220558871327,5.4389470920013165,0.3147837817668915,True,0.27261075377464294,True,1.2267483472824097,True,1,normal,7.851189136505127,-8.881784197001252e-16,2.7755575615628914e-17,0.0,0.20048060276386415,-0.008793105886847473,0.18451781632999575,5.757359309999984,17.74264069,5.0,-5.329070518200751e-15,0.0,0.0,12.0,0.0,-0.016482049599289894,17.99588213954121,-0.3141131103038788,5.75735931,17.74264069,5.0,0.00597251346334815,12.0,minimum_jerk,6
1785139557449824767,5.760867595672607,17.73952442407608,4.982922077178955,-0.015625299885869026,-0.03122680075466633,-0.249137744307518,0.18037007749080658,18.200464248657227,0.017710862681269646,world,449777548,1785139557,0.17835988104343414,True,True,True,True,2.0182144803594237,0.33359254821146156,5.018398346226796,0.3147837817668915,True,0.27261075377464294,True,1.2267483472824097,True,1,normal,7.851189136505127,-8.881784197001252e-16,2.7755575615628914e-17,0.0,0.20048060276386415,-0.008793105886847473,0.18451781632999575,5.757359309999984,17.74264069,5.0,-5.329070518200751e-15,0.0,0.0,12.0,0.0,-0.016482049599289894,17.99588213954121,-0.3141131103038788,5.75735931,17.74264069,5.0,0.017710862681269646,12.0,minimum_jerk,6
1785139557549844116,5.757202625274658,17.740753203630447,5.020106792449951,-0.0369383879005909,-0.0009775181533768773,0.20228083431720734,0.18037007749080658,18.300460815429688,0.020195797085762024,world,549775887,1785139557,0.17835988104343414,True,True,True,True,2.2057619863627367,0.17576352672036089,0.21954432606459573,0.3147837817668915,True,0.27261075377464294,True,1.2267483472824097,True,1,normal,7.851189136505127,-8.881784197001252e-16,2.7755575615628914e-17,0.0,0.20048060276386415,-0.008793105886847473,0.18451781632999575,5.757359309999984,17.74264069,5.0,-5.329070518200751e-15,0.0,0.0,12.0,0.0,-0.016482049599289894,17.99588213954121,-0.3141131103038788,5.75735931,17.74264069,5.0,0.020195797085762024,12.0,minimum_jerk,6
1785139557649852233,5.752344608306885,17.743378072977066,5.043556213378906,-0.03885437175631523,0.0057999370619654655,-0.2997887432575226,0.18037007749080658,18.400476455688477,0.043850138783454895,world,649793562,1785139557,0.17835988104343414,True,True,True,True,2.3236722104762535,0.06293176643883805,0.25454319865249864,0.3147837817668915,True,0.27261075377464294,True,1.2267483472824097,True,1,normal,7.851189136505127,-8.881784197001252e-16,2.7755575615628914e-17,0.0,0.20048060276386415,-0.008793105886847473,0.18451781632999575,5.757359309999984,17.74264069,5.0,-5.329070518200751e-15,0.0,0.0,12.0,0.0,-0.016482049599289894,17.99588213954121,-0.3141131103038788,5.75735931,17.74264069,5.0,0.043850138783454895,12.0,minimum_jerk,6
1785139557749830704,5.748148441314697,17.745589643716812,5.004199504852295,-0.03225158154964447,0.006232214160263538,-0.7336099743843079,0.18037007749080658,18.50046730041504,0.010543826036155224,world,749780409,1785139557,0.17835988104343414,True,True,True,True,2.387836242505822,0.027377174402850063,5.183042622288934,0.3147837817668915,True,0.27261075377464294,True,1.2267483472824097,True,1,normal,7.851189136505127,-8.881784197001252e-16,2.7755575615628914e-17,0.0,0.20048060276386415,-0.008793105886847473,0.18451781632999575,5.757359309999984,17.74264069,5.0,-5.329070518200751e-15,0.0,0.0,12.0,0.0,-0.016482049599289894,17.99588213954121,-0.3141131103038788,5.75735931,17.74264069,5.0,0.010543826036155224,12.0,minimum_jerk,6
1785139557849826508,5.746537208557129,17.744887739419937,4.984161376953125,0.01238999143242836,-0.010938459075987339,-0.23775319755077362,0.18037007749080658,18.600473403930664,0.019313961267471313,world,849788526,1785139557,0.17835988104343414,True,True,True,True,2.3484227620496214,0.10978715063954489,4.840911348438207,0.3147837817668915,True,0.27261075377464294,True,1.2267483472824097,True,1,normal,7.851189136505127,-8.881784197001252e-16,2.7755575615628914e-17,0.0,0.20048060276386415,-0.008793105886847473,0.18451781632999575,5.757359309999984,17.74264069,5.0,-5.329070518200751e-15,0.0,0.0,12.0,0.0,-0.016482049599289894,17.99588213954121,-0.3141131103038788,5.75735931,17.74264069,5.0,0.019313961267471313,12.0,minimum_jerk,6
1785139557949825809,5.749890327453613,17.741810739040375,5.0203471183776855,0.05263067036867142,-0.03120225854218006,0.1905541568994522,0.18037007749080658,18.70046615600586,0.021690545603632927,world,949780112,1785139557,0.17835988104343414,True,True,True,True,2.1175108060333705,0.2817189353787138,0.15093843319232025,0.3147837817668915,True,0.27261075377464294,True,1.2267483472824097,True,1,normal,7.851189136505127,-8.881784197001252e-16,2.7755575615628914e-17,0.0,0.20048060276386415,-0.008793105886847473,0.18451781632999575,5.757359309999984,17.74264069,5.0,-5.329070518200751e-15,0.0,0.0,12.0,0.0,-0.016482049599289894,17.99588213954121,-0.3141131103038788,5.75735931,17.74264069,5.0,0.021690545603632927,12.0,minimum_jerk,6
1785139558049828095,5.755674839019775,17.737645626068115,5.04362154006958,0.05794110521674156,-0.03520927578210831,-0.2819916307926178,0.18037007749080658,18.80046272277832,0.04393889755010605,world,49777379,1785139558,0.17835988104343414,True,True,True,True,1.9100815874666213,0.39100110416349637,0.1325658678753867,0.3147837817668915,True,0.27261075377464294,True,1.2267483472824097,True,1,normal,7.851189136505127,-8.881784197001252e-16,2.7755575615628914e-17,0.0,0.20048060276386415,-0.008793105886847473,0.18451781632999575,5.757359309999984,17.74264069,5.0,-5.329070518200751e-15,0.0,0.0,12.0,0.0,-0.016482049599289894,17.99588213954121,-0.3141131103038788,5.75735931,17.74264069,5.0,0.04393889755010605,12.0,minimum_jerk,6
1785139558149819821,5.760849475860596,17.733964800834656,5.005351543426514,0.05206828936934471,-0.031940389424562454,-0.7278696894645691,0.18037007749080658,18.900470733642578,0.010774568654596806,world,149785276,1785139558,0.17835988104343414,True,True,True,True,1.8171771586261043,0.4527782687412737,5.0887266372889135,0.3147837817668915,True,0.27261075377464294,True,1.2267483472824097,True,1,normal,7.851189136505127,-8.881784197001252e-16,2.7755575615628914e-17,0.0,0.20048060276386415,-0.008793105886847473,0.18451781632999575,5.757359309999984,17.74264069,5.0,-5.329070518200751e-15,0.0,0.0,12.0,0.0,-0.016482049599289894,17.99588213954121,-0.3141131103038788,5.75735931,17.74264069,5.0,0.010774568654596806,12.0,minimum_jerk,6
1785139558249832507,5.76215124130249,17.732455760240555,4.985625267028809,0.012685063295066357,0.0036526513285934925,-0.23504218459129333,0.18037007749080658,19.00048065185547,0.01825728267431259,world,249796799,1785139558,0.17835988104343414,True,True,True,True,1.9124624182395102,0.417541079340325,4.626722619855913,0.3147837817668915,True,0.27261075377464294,True,1.2267483472824097,True,1,normal,7.851189136505127,-8.881784197001252e-16,2.7755575615628914e-17,0.0,0.20048060276386415,-0.008793105886847473,0.18451781632999575,5.757359309999984,17.74264069,5.0,-5.329070518200751e-15,0.0,0.0,12.0,0.0,-0.016482049599289894,17.99588213954121,-0.3141131103038788,5.75735931,17.74264069,5.0,0.01825728267431259,12.0,minimum_jerk,6
1785139558349842938,5.758719444274902,17.735213458538055,5.022038459777832,-0.0283801406621933,0.039953697472810745,0.16765937209129333,0.18037007749080658,19.100479125976562,0.023296082392334938,world,349794947,1785139558,0.17835988104343414,True,True,True,True,2.1804389754054094,0.21819999918588082,-0.1297440603748048,0.3147837817668915,True,0.27261075377464294,True,1.2267483472824097,True,1,normal,7.851189136505127,-8.881784197001252e-16,2.7755575615628914e-17,0.0,0.20048060276386415,-0.008793105886847473,0.18451781632999575,5.757359309999984,17.74264069,5.0,-5.329070518200751e-15,0.0,0.0,12.0,0.0,-0.016482049599289894,17.99588213954121,-0.3141131103038788,5.75735931,17.74264069,5.0,0.023296082392334938,12.0,minimum_jerk,6
1785139558449876553,5.753057479858398,17.740195274353027,5.041406154632568,-0.03911976143717766,0.04606078565120697,-0.33264800906181335,0.18037007749080658,19.20049476623535,0.041700784116983414,world,449813594,1785139558,0.17835988104343414,True,True,True,True,2.367994645005583,0.04321585501163866,0.3327451641198458,0.3147837817668915,True,0.27261075377464294,True,1.2267483472824097,True,1,normal,7.851189136505127,-8.881784197001252e-16,2.7755575615628914e-17,0.0,0.20048060276386415,-0.008793105886847473,0.18451781632999575,5.757359309999984,17.74264069,5.0,-5.329070518200751e-15,0.0,0.0,12.0,0.0,-0.016482049599289894,17.99588213954121,-0.3141131103038788,5.75735931,17.74264069,5.0,0.041700784116983414,12.0,minimum_jerk,6
1785139558549846328,5.748022556304932,17.744749933481216,5.001357555389404,-0.03442276641726494,0.041613347828388214,-0.7120774984359741,0.18037007749080658,19.30048179626465,0.00966782495379448,world,549796684,1785139558,0.17835988104343414,True,True,True,True,2.4544397783289558,-0.034824629999304496,5.1381335421627625,0.3147837817668915,True,0.27261075377464294,True,1.2267483472824097,True,1,normal,7.851189136505127,-8.881784197001252e-16,2.7755575615628914e-17,0.0,0.20048060276386415,-0.008793105886847473,0.18451781632999575,5.757359309999984,17.74264069,5.0,-5.329070518200751e-15,0.0,0.0,12.0,0.0,-0.016482049599289894,17.99588213954121,-0.3141131103038788,5.75735931,17.74264069,5.0,0.00966782495379448,12.0,minimum_jerk,6
1785139558649835740,5.747561454772949,17.7464397251606,4.98863410949707,0.014016940258443356,0.01113853882998228,-0.17168284952640533,0.18037007749080658,19.400487899780273,0.015479473397135735,world,649802206,1785139558,0.17835988104343414,True,True,True,True,2.3498950159239764,0.01912386623734691,3.9862239941740616,0.3147837817668915,True,0.27261075377464294,True,1.2267483472824097,True,1,normal,7.851189136505127,-8.881784197001252e-16,2.7755575615628914e-17,0.0,0.20048060276386415,-0.008793105886847473,0.18451781632999575,5.757359309999984,17.74264069,5.0,-5.329070518200751e-15,0.0,0.0,12.0,0.0,-0.016482049599289894,17.99588213954121,-0.3141131103038788,5.75735931,17.74264069,5.0,0.015479473397135735,12.0,minimum_jerk,6
1785139558749824801,5.752768516540527,17.744449019432068,5.029924392700195,0.06004023924469948,-0.02181067317724228,0.1609296053647995,0.18037007749080658,19.500471115112305,0.030328446999192238,world,749784525,1785139558,0.17835988104343414,True,True,True,True,2.029287472114759,0.21237000631762457,-0.7235046721787095,0.3147837817668915,True,0.27261075377464294,True,1.2267483472824097,True,1,normal,7.851189136505127,-8.881784197001252e-16,2.7755575615628914e-17,0.0,0.20048060276386415,-0.008793105886847473,0.18451781632999575,5.757359309999984,17.74264069,5.0,-5.329070518200751e-15,0.0,0.0,12.0,0.0,-0.016482049599289894,17.99588213954121,-0.3141131103038788,5.75735931,17.74264069,5.0,0.030328446999192238,12.0,minimum_jerk,6
1785139558849839280,5.760373115539551,17.74058771133423,5.0462822914123535,0.06470971554517746,-0.03152342513203621,-0.3958705961704254,0.18037007749080658,19.600479125976562,0.04642572999000549,world,849792181,1785139558,0.17835988104343414,True,True,True,True,1.7739233784134967,0.3733412619792021,0.19621043189202347,0.3147837817668915,True,0.27261075377464294,True,1.2267483472824097,True,1,normal,7.851189136505127,-8.881784197001252e-16,2.7755575615628914e-17,0.0,0.20048060276386415,-0.008793105886847473,0.18451781632999575,5.757359309999984,17.74264069,5.0,-5.329070518200751e-15,0.0,0.0,12.0,0.0,-0.016482049599289894,17.99588213954121,-0.3141131103038788,5.75735931,17.74264069,5.0,0.04642572999000549,12.0,minimum_jerk,6
1785139558949854601,5.766908645629883,17.736896008253098,5.000833988189697,0.05532507225871086,-0.031579550355672836,-0.7606897950172424,0.18037007749080658,19.70048713684082,0.011175272054970264,world,949801360,1785139558,0.17835988104343414,True,True,True,True,1.7074391743282555,0.4316474589663298,5.263563290831679,0.3147837817668915,True,0.27261075377464294,True,1.2267483472824097,True,1,normal,7.851189136505127,-8.881784197001252e-16,2.7755575615628914e-17,0.0,0.20048060276386415,-0.008793105886847473,0.18451781632999575,5.757359309999984,17.74264069,5.0,-5.329070518200751e-15,0.0,0.0,12.0,0.0,-0.016482049599289894,17.99588213954121,-0.3141131103038788,5.75735931,17.74264069,5.0,0.011175272054970264,12.0,minimum_jerk,6
1785139559049846667,5.769024848937988,17.736627995967865,4.990158557891846,-0.006298324093222618,-0.0010506168473511934,-0.15261732041835785,0.18037007749080658,19.80049705505371,0.01640400104224682,world,49812062,1785139559,0.17835988104343414,True,True,True,True,1.7905954104545212,0.35590757710951004,3.667457351387315,0.3147837817668915,True,0.27261075377464294,True,1.2267483472824097,True,1,normal,7.851189136505127,-8.881784197001252e-16,2.7755575615628914e-17,0.0,0.20048060276386415,-0.008793105886847473,0.18451781632999575,5.757359309999984,17.74264069,5.0,-5.329070518200751e-15,0.0,0.0,12.0,0.0,-0.016482049599289894,17.99588213954121,-0.3141131103038788,5.75735931,17.74264069,5.0,0.01640400104224682,12.0,minimum_jerk,6
1785139559149848613,5.76424503326416,17.74003991484642,5.034920692443848,-0.0620543472468853,0.030063819140195847,0.1746608465909958,0.18037007749080658,19.900489807128906,0.03568797931075096,world,149803067,1785139559,0.17835988104343414,True,True,True,True,2.1345367401188606,0.13798833631854873,-1.2499863721731383,0.3147837817668915,True,0.27261075377464294,True,1.2267483472824097,True,1,normal,7.851189136505127,-8.881784197001252e-16,2.7755575615628914e-17,0.0,0.20048060276386415,-0.008793105886847473,0.18451781632999575,5.757359309999984,17.74264069,5.0,-5.329070518200751e-15,0.0,0.0,12.0,0.0,-0.016482049599289894,17.99588213954121,-0.3141131103038788,5.75735931,17.74264069,5.0,0.03568797931075096,12.0,minimum_jerk,6
1785139559249860266,5.756295204162598,17.744979470968246,5.0509114265441895,-0.07140905410051346,0.03370245173573494,-0.4270198941230774,0.18037007749080658,20.00048828125,0.0509762242436409,world,249803369,1785139559,0.17835988104343414,True,True,True,True,2.4388537456583927,-0.028030354258277518,-0.03535146827694202,0.3147837817668915,True,0.27261075377464294,True,1.2267483472824097,True,1,normal,7.851189136505127,-8.881784197001252e-16,2.7755575615628914e-17,0.0,0.20048060276386415,-0.008793105886847473,0.18451781632999575,5.757359309999984,17.74264069,5.0,-5.329070518200751e-15,0.0,0.0,12.0,0.0,-0.016482049599289894,17.99588213954121,-0.3141131103038788,5.75735931,17.74264069,5.0,0.0509762242436409,12.0,minimum_jerk,6
1785139559349868243,5.74891996383667,17.74912205338478,5.002501487731934,-0.06681928038597107,0.029160916805267334,-0.8004676103591919,0.18037007749080658,20.100496292114258,0.010931059718132019,world,349812728,1785139559,0.17835988104343414,True,True,True,True,2.5314382298073452,-0.06136053428969643,5.23762607651021,0.3147837817668915,True,0.27261075377464294,True,1.2267483472824097,True,1,normal,7.851189136505127,-8.881784197001252e-16,2.7755575615628914e-17,0.0,0.20048060276386415,-0.008793105886847473,0.18451781632999575,5.757359309999984,17.74264069,5.0,-5.329070518200751e-15,0.0,0.0,12.0,0.0,-0.016482049599289894,17.99588213954121,-0.3141131103038788,5.75735931,17.74264069,5.0,0.010931059718132019,12.0,minimum_jerk,6
1785139559449847395,5.746821880340576,17.750842288136482,4.9903106689453125,-0.0015870229108259082,-0.007296444848179817,-0.17818304896354675,0.18037007749080658,20.20049285888672,0.016498083248734474,world,449809844,1785139559,0.17835988104343414,True,True,True,True,2.440583997460663,-0.023896388927817758,3.6881650192589985,0.3147837817668915,True,0.27261075377464294,True,1.2267483472824097,True,1,normal,7.851189136505127,-8.881784197001252e-16,2.7755575615628914e-17,0.0,0.20048060276386415,-0.008793105886847473,0.18451781632999575,5.757359309999984,17.74264069,5.0,-5.329070518200751e-15,0.0,0.0,12.0,0.0,-0.016482049599289894,17.99588213954121,-0.3141131103038788,5.75735931,17.74264069,5.0,0.016498083248734474,12.0,minimum_jerk,6
1785139559549874688,5.752716541290283,17.74791795015335,5.037447452545166,0.060616493225097656,-0.04324346408247948,0.11980016529560089,0.18037007749080658,20.300498962402344,0.03810139745473862,world,549815587,1785139559,0.17835988104343414,True,True,True,True,2.04404048529115,0.18215070602819797,-1.3528069614082443,0.3147837817668915,True,0.27261075377464294,True,1.2267483472824097,True,1,normal,7.851189136505127,-8.881784197001252e-16,2.7755575615628914e-17,0.0,0.20048060276386415,-0.008793105886847473,0.18451781632999575,5.757359309999984,17.74264069,5.0,-5.329070518200751e-15,0.0,0.0,12.0,0.0,-0.016482049599289894,17.99588213954121,-0.3141131103038788,5.75735931,17.74264069,5.0,0.03810139745473862,12.0,minimum_jerk,6
1785139559649867046,5.760494232177734,17.74360391497612,5.04910135269165,0.06818127632141113,-0.04913201555609703,-0.4432915151119232,0.18037007749080658,20.40049934387207,0.04921075329184532,world,649815007,1785139559,0.17835988104343414,True,True,True,True,1.767644893851965,0.3454940262235764,-0.07030564924771188,0.3147837817668915,True,0.27261075377464294,True,1.2267483472824097,True,1,normal,7.851189136505127,-8.881784197001252e-16,2.7755575615628914e-17,0.0,0.20048060276386415,-0.008793105886847473,0.18451781632999575,5.757359309999984,17.74264069,5.0,-5.329070518200751e-15,0.0,0.0,12.0,0.0,-0.016482049599289894,17.99588213954121,-0.3141131103038788,5.75735931,17.74264069,5.0,0.04921075329184532,12.0,minimum_jerk,6
1785139559749840908,5.767797946929932,17.739093899726868,5.001303195953369,0.05923352763056755,-0.04692981019616127,-0.7765356302261353,0.18037007749080658,20.50048828125,0.011101494543254375,world,749801984,1785139559,0.17835988104343414,True,True,True,True,1.6449759761904506,0.43610992988089226,5.148764386110475,0.3147837817668915,True,0.27261075377464294,True,1.2267483472824097,True,1,normal,7.851189136505127,-8.881784197001252e-16,2.7755575615628914e-17,0.0,0.20048060276386415,-0.008793105886847473,0.18451781632999575,5.757359309999984,17.74264069,5.0,-5.329070518200751e-15,0.0,0.0,12.0,0.0,-0.016482049599289894,17.99588213954121,-0.3141131103038788,5.75735931,17.74264069,5.0,0.011101494543254375,12.0,minimum_jerk,6
1785139559849858042,5.771890640258789,17.73839795589447,4.993339538574219,-0.007288217078894377,-0.012896873988211155,-0.1291027069091797,0.18037007749080658,20.600500106811523,0.016538502648472786,world,849814279,1785139559,0.17835988104343414,True,True,True,True,1.687857841429597,0.34940365521790473,3.178689079714867,0.3147837817668915,True,0.27261075377464294,True,1.2267483472824097,True,1,normal,7.851189136505127,-8.881784197001252e-16,2.7755575615628914e-17,0.0,0.20048060276386415,-0.008793105886847473,0.18451781632999575,5.757359309999984,17.74264069,5.0,-5.329070518200751e-15,0.0,0.0,12.0,0.0,-0.016482049599289894,17.99588213954121,-0.3141131103038788,5.75735931,17.74264069,5.0,0.016538502648472786,12.0,minimum_jerk,6
1785139559949894993,5.7684173583984375,17.741582095623016,5.039602279663086,-0.06526778638362885,0.01961027830839157,0.14594407379627228,0.18037007749080658,20.700510025024414,0.04113078489899635,world,949826123,1785139559,0.17835988104343414,True,True,True,True,1.9990911218081349,0.11433348124127907,-1.7824611509438624,0.3147837817668915,True,0.27261075377464294,True,1.2267483472824097,True,1,normal,7.851189136505127,-8.881784197001252e-16,2.7755575615628914e-17,0.0,0.20048060276386415,-0.008793105886847473,0.18451781632999575,5.757359309999984,17.74264069,5.0,-5.329070518200751e-15,0.0,0.0,12.0,0.0,-0.016482049599289894,17.99588213954121,-0.3141131103038788,5.75735931,17.74264069,5.0,0.04113078489899635,12.0,minimum_jerk,6
1785139560049871480,5.761348724365234,17.745963782072067,5.051506996154785,-0.07697586715221405,0.0241596307605505,-0.4870752692222595,0.18037007749080658,20.80049705505371,0.05176803097128868,world,49810505,1785139560,0.17835988104343414,True,True,True,True,2.292876478588666,-0.02313091642468154,-0.3096027187775898,0.3147837817668915,True,0.27261075377464294,True,1.2267483472824097,True,1,normal,7.851189136505127,-8.881784197001252e-16,2.7755575615628914e-17,0.0,0.20048060276386415,-0.008793105886847473,0.18451781632999575,5.757359309999984,17.74264069,5.0,-5.329070518200751e-15,0.0,0.0,12.0,0.0,-0.016482049599289894,17.99588213954121,-0.3141131103038788,5.75735931,17.74264069,5.0,0.05176803097128868,12.0,minimum_jerk,6
1785139560149863166,5.754209995269775,17.74953982234001,4.99963903427124,-0.07564591616392136,0.020701276138424873,-0.808648407459259,0.18037007749080658,20.90050506591797,0.007592529524117708,world,149819684,1785139560,0.17835988104343414,True,True,True,True,2.4451559213322036,-0.06879216148067377,5.2561981004188505,0.3147837817668915,True,0.27261075377464294,True,1.2267483472824097,True,1,normal,7.851189136505127,-8.881784197001252e-16,2.7755575615628914e-17,0.0,0.20048060276386415,-0.008793105886847473,0.18451781632999575,5.757359309999984,17.74264069,5.0,-5.329070518200751e-15,0.0,0.0,12.0,0.0,-0.016482049599289894,17.99588213954121,-0.3141131103038788,5.75735931,17.74264069,5.0,0.007592529524117708,12.0,minimum_jerk,6
1785139560249861094,5.7511887550354,17.748871088027954,4.993227958679199,-0.02575649321079254,-0.017007825896143913,-0.12417618930339813,0.18037007749080658,21.00049591064453,0.011079447343945503,world,249810298,1785139560,0.17835988104343414,True,True,True,True,2.37195437737653,0.050602637407444404,2.8943718092424695,0.3147837817668915,True,0.27261075377464294,True,1.2267483472824097,True,1,normal,7.851189136505127,-8.881784197001252e-16,2.7755575615628914e-17,0.0,0.20048060276386415,-0.008793105886847473,0.18451781632999575,5.757359309999984,17.74264069,5.0,-5.329070518200751e-15,0.0,0.0,12.0,0.0,-0.016482049599289894,17.99588213954121,-0.3141131103038788,5.75735931,17.74264069,5.0,0.011079447343945503,12.0,minimum_jerk,6
1785139560349862177,5.754433631896973,17.74374234676361,5.0459747314453125,0.026550328359007835,-0.04892848804593086,0.13060154020786285,0.18037007749080658,21.100507736206055,0.046080898493528366,world,349822082,1785139560,0.17835988104343414,True,True,True,True,2.0798581952724575,0.31533897137214506,-2.3302432679043763,0.3147837817668915,True,0.27261075377464294,True,1.2267483472824097,True,1,normal,7.851189136505127,-8.881784197001252e-16,2.7755575615628914e-17,0.0,0.20048060276386415,-0.008793105886847473,0.18451781632999575,5.757359309999984,17.74264069,5.0,-5.329070518200751e-15,0.0,0.0,12.0,0.0,-0.016482049599289894,17.99588213954121,-0.3141131103038788,5.75735931,17.74264069,5.0,0.046080898493528366,12.0,minimum_jerk,6
1785139560449876135,5.759105205535889,17.737837582826614,5.056937217712402,0.03276335820555687,-0.0533023476600647,-0.4902559816837311,0.18037007749080658,21.200511932373047,0.05716611444950104,world,449826612,1785139560,0.17835988104343414,True,True,True,True,1.8737524332702433,0.48238168898216605,-0.7176800904825984,0.3147837817668915,True,0.27261075377464294,True,1.2267483472824097,True,1,normal,7.851189136505127,-8.881784197001252e-16,2.7755575615628914e-17,0.0,0.20048060276386415,-0.008793105886847473,0.18451781632999575,5.757359309999984,17.74264069,5.0,-5.329070518200751e-15,0.0,0.0,12.0,0.0,-0.016482049599289894,17.99588213954121,-0.3141131103038788,5.75735931,17.74264069,5.0,0.05716611444950104,12.0,minimum_jerk,6
1785139560549858243,5.7634077072143555,17.732263803482056,5.003769397735596,0.031119966879487038,-0.045382820069789886,-0.8621155023574829,0.18037007749080658,21.300506591796875,0.012588536366820335,world,549820932,1785139560,0.17835988104343414,True,True,True,True,1.8119565053157434,0.5669539525227545,4.894662756281285,0.3147837817668915,True,0.27261075377464294,True,1.2267483472824097,True,1,normal,7.851189136505127,-8.881784197001252e-16,2.7755575615628914e-17,0.0,0.20048060276386415,-0.008793105886847473,0.18451781632999575,5.757359309999984,17.74264069,5.0,-5.329070518200751e-15,0.0,0.0,12.0,0.0,-0.016482049599289894,17.99588213954121,-0.3141131103038788,5.75735931,17.74264069,5.0,0.012588536366820335,12.0,minimum_jerk,6
1785139560649848586,5.763838291168213,17.730481833219528,4.9893479347229,-0.006632453761994839,0.009397272020578384,-0.21886591613292694,0.18037007749080658,21.40049934387207,0.01741497963666916,world,649813320,1785139560,0.17835988104343414,True,True,True,True,1.90668157062789,0.4986992503689704,3.114399172113904,0.3147837817668915,True,0.27261075377464294,True,1.2267483472824097,True,1,normal,7.851189136505127,-8.881784197001252e-16,2.7755575615628914e-17,0.0,0.20048060276386415,-0.008793105886847473,0.18451781632999575,5.757359309999984,17.74264069,5.0,-5.329070518200751e-15,0.0,0.0,12.0,0.0,-0.016482049599289894,17.99588213954121,-0.3141131103038788,5.75735931,17.74264069,5.0,0.01741497963666916,12.0,minimum_jerk,6
1785139560749868886,5.759180068969727,17.735371440649033,5.035656452178955,-0.04648280888795853,0.06099113076925278,0.10650555044412613,0.18037007749080658,21.50052261352539,0.03643541783094406,world,749836495,1785139560,0.17835988104343414,True,True,True,True,2.1762436943628476,0.18996939406161217,-1.9467988934192624,0.3147837817668915,True,0.27261075377464294,True,1.2267483472824097,True,1,normal,7.851189136505127,-8.881784197001252e-16,2.7755575615628914e-17,0.0,0.20048060276386415,-0.008793105886847473,0.18451781632999575,5.757359309999984,17.74264069,5.0,-5.329070518200751e-15,0.0,0.0,12.0,0.0,-0.016482049599289894,17.99588213954121,-0.3141131103038788,5.75735931,17.74264069,5.0,0.03643541783094406,12.0,minimum_jerk,6
1785139560849864800,5.753170490264893,17.742111951112747,5.04853630065918,-0.053015220910310745,0.06681191176176071,-0.44884926080703735,0.18037007749080658,21.60051155090332,0.04871958866715431,world,849824624,1785139560,0.17835988104343414,True,True,True,True,2.367670812200747,-0.051997051572303665,-0.7442437625243259,0.3147837817668915,True,0.27261075377464294,True,1.2267483472824097,True,1,normal,7.851189136505127,-8.881784197001252e-16,2.7755575615628914e-17,0.0,0.20048060276386415,-0.008793105886847473,0.18451781632999575,5.757359309999984,17.74264069,5.0,-5.329070518200751e-15,0.0,0.0,12.0,0.0,-0.016482049599289894,17.99588213954121,-0.3141131103038788,5.75735931,17.74264069,5.0,0.04871958866715431,12.0,minimum_jerk,6
1785139560949880741,5.74684476852417,17.749178767204285,4.995192050933838,-0.04576064273715019,0.05980496481060982,-0.8081238269805908,0.18037007749080658,21.70052146911621,0.013282258994877338,world,949838852,1785139560,0.17835988104343414,True,True,True,True,2.4788784385574223,-0.16991569804317277,4.6369442643271235,0.3147837817668915,True,0.27261075377464294,True,1.2267483472824097,True,1,normal,7.851189136505127,-8.881784197001252e-16,2.7755575615628914e-17,0.0,0.20048060276386415,-0.008793105886847473,0.18451781632999575,5.757359309999984,17.74264069,5.0,-5.329070518200751e-15,0.0,0.0,12.0,0.0,-0.016482049599289894,17.99588213954121,-0.3141131103038788,5.75735931,17.74264069,5.0,0.013282258994877338,12.0,minimum_jerk,6
1785139561049887746,5.7445173263549805,17.749620109796524,4.987736225128174,0.007920830510556698,0.010927049443125725,-0.19538801908493042,0.18037007749080658,21.800514221191406,0.0190795436501503,world,49828474,1785139561,0.17835988104343414,True,True,True,True,2.4335169339972893,-0.024893495304143448,2.6916706385340925,0.3147837817668915,True,0.27261075377464294,True,1.2267483472824097,True,1,normal,7.851189136505127,-8.881784197001252e-16,2.7755575615628914e-17,0.0,0.20048060276386415,-0.008793105886847473,0.18451781632999575,5.757359309999984,17.74264069,5.0,-5.329070518200751e-15,0.0,0.0,12.0,0.0,-0.016482049599289894,17.99588213954121,-0.3141131103038788,5.75735931,17.74264069,5.0,0.0190795436501503,12.0,minimum_jerk,6
1785139561149885553,5.748078346252441,17.74473649263382,5.030770301818848,0.057422809302806854,-0.03882370516657829,0.1157543957233429,0.18037007749080658,21.900529861450195,0.03220776468515396,world,149844315,1785139561,0.17835988104343414,True,True,True,True,2.1485305147274874,0.3189378804083616,-2.027427657445419,0.3147837817668915,True,0.27261075377464294,True,1.2267483472824097,True,1,normal,7.851189136505127,-8.881784197001252e-16,2.7755575615628914e-17,0.0,0.20048060276386415,-0.008793105886847473,0.18451781632999575,5.757359309999984,17.74264069,5.0,-5.329070518200751e-15,0.0,0.0,12.0,0.0,-0.016482049599289894,17.99588213954121,-0.3141131103038788,5.75735931,17.74264069,5.0,0.03220776468515396,12.0,minimum_jerk,6
1785139561249885204,5.754702091217041,17.737372756004333,5.045575141906738,0.06707566231489182,-0.05104254558682442,-0.44903767108917236,0.18037007749080658,22.000520706176758,0.04595547169446945,world,249834518,1785139561,0.17835988104343414,True,True,True,True,1.8768188381925988,0.5721469868854421,-0.788577872344842,0.3147837817668915,True,0.27261075377464294,True,1.2267483472824097,True,1,normal,7.851189136505127,-8.881784197001252e-16,2.7755575615628914e-17,0.0,0.20048060276386415,-0.008793105886847473,0.18451781632999575,5.757359309999984,17.74264069,5.0,-5.329070518200751e-15,0.0,0.0,12.0,0.0,-0.016482049599289894,17.99588213954121,-0.3141131103038788,5.75735931,17.74264069,5.0,0.04595547169446945,12.0,minimum_jerk,6
1785139561349887029,5.761090278625488,17.730953216552734,4.997793197631836,0.06440920382738113,-0.045466531068086624,-0.8017463684082031,0.18037007749080658,22.10051155090332,0.01246543787419796,world,349828368,1785139561,0.17835988104343414,True,True,True,True,1.7789532259710605,0.6487355917649372,4.435454626463384,0.3147837817668915,True,0.27261075377464294,True,1.2267483472824097,True,1,normal,7.851189136505127,-8.881784197001252e-16,2.7755575615628914e-17,0.0,0.20048060276386415,-0.008793105886847473,0.18451781632999575,5.757359309999984,17.74264069,5.0,-5.329070518200751e-15,0.0,0.0,12.0,0.0,-0.016482049599289894,17.99588213954121,-0.3141131103038788,5.75735931,17.74264069,5.0,0.01246543787419796,12.0,minimum_jerk,6
1785139561449858446,5.764030933380127,17.730589896440506,4.988381862640381,0.018156858161091805,0.01782151311635971,-0.18089111149311066,0.18037007749080658,22.20050811767578,0.01801980286836624,world,449822538,1785139561,0.17835988104343414,True,True,True,True,1.8340343324274935,0.5039446800280264,2.5998695906826055,0.3147837817668915,True,0.27261075377464294,True,1.2267483472824097,True,1,normal,7.851189136505127,-8.881784197001252e-16,2.7755575615628914e-17,0.0,0.20048060276386415,-0.008793105886847473,0.18451781632999575,5.757359309999984,17.74264069,5.0,-5.329070518200751e-15,0.0,0.0,12.0,0.0,-0.016482049599289894,17.99588213954121,-0.3141131103038788,5.75735931,17.74264069,5.0,0.01801980286836624,12.0,minimum_jerk,6
1785139561549857105,5.761114120483398,17.73801052570343,5.035032749176025,-0.030511774122714996,0.07399522513151169,0.07826967537403107,0.18037007749080658,22.300512313842773,0.035536326467990875,world,549825636,1785139561,0.17835988104343414,True,True,True,True,2.09143104542273,0.09038467828576824,-2.2550434866468128,0.3147837817668915,True,0.27261075377464294,True,1.2267483472824097,True,1,normal,7.851189136505127,-8.881784197001252e-16,2.7755575615628914e-17,0.0,0.20048060276386415,-0.008793105886847473,0.18451781632999575,5.757359309999984,17.74264069,5.0,-5.329070518200751e-15,0.0,0.0,12.0,0.0,-0.016482049599289894,17.99588213954121,-0.3141131103038788,5.75735931,17.74264069,5.0,0.035536326467990875,12.0,minimum_jerk,6
1785139561649872275,5.7564191818237305,17.746877253055573,5.044576644897461,-0.03988828510046005,0.07965440303087234,-0.47246697545051575,0.18037007749080658,22.400522232055664,0.04478738084435463,world,649836277,1785139561,0.17835988104343414,True,True,True,True,2.2980243728342353,-0.18807313936721903,-0.819764319293834,0.3147837817668915,True,0.27261075377464294,True,1.2267483472824097,True,1,normal,7.851189136505127,-8.881784197001252e-16,2.7755575615628914e-17,0.0,0.20048060276386415,-0.008793105886847473,0.18451781632999575,5.757359309999984,17.74264069,5.0,-5.329070518200751e-15,0.0,0.0,12.0,0.0,-0.016482049599289894,17.99588213954121,-0.3141131103038788,5.75735931,17.74264069,5.0,0.04478738084435463,12.0,minimum_jerk,6
1785139561749918173,5.75164270401001,17.755148991942406,4.996166706085205,-0.03853924944996834,0.0685165598988533,-0.7901743650436401,0.18037007749080658,22.50053596496582,0.014276951551437378,world,749851046,1785139561,0.17835988104343414,True,True,True,True,2.3894851451303705,-0.3097757465290726,4.29743256495814,0.3147837817668915,True,0.27261075377464294,True,1.2267483472824097,True,1,normal,7.851189136505127,-8.881784197001252e-16,2.7755575615628914e-17,0.0,0.20048060276386415,-0.008793105886847473,0.18451781632999575,5.757359309999984,17.74264069,5.0,-5.329070518200751e-15,0.0,0.0,12.0,0.0,-0.016482049599289894,17.99588213954121,-0.3141131103038788,5.75735931,17.74264069,5.0,0.014276951551437378,12.0,minimum_jerk,6
1785139561849867840,5.7497382164001465,17.757108077406883,4.99069881439209,0.0019880637992173433,-0.0061541395261883736,-0.1324237585067749,0.18037007749080658,22.600515365600586,0.018812188878655434,world,849829006,1785139561,0.17835988104343414,True,True,True,True,2.347079420143304,-0.1725642519151723,2.0405675995443975,0.3147837817668915,True,0.27261075377464294,True,1.2267483472824097,True,1,normal,7.851189136505127,-8.881784197001252e-16,2.7755575615628914e-17,0.0,0.20048060276386415,-0.008793105886847473,0.18451781632999575,5.757359309999984,17.74264069,5.0,-5.329070518200751e-15,0.0,0.0,12.0,0.0,-0.016482049599289894,17.99588213954121,-0.3141131103038788,5.75735931,17.74264069,5.0,0.018812188878655434,12.0,minimum_jerk,6
1785139561949887508,5.752626419067383,17.75092877447605,5.0388712882995605,0.04002643749117851,-0.07044228166341782,0.13687404990196228,0.18037007749080658,22.700519561767578,0.04002586379647255,world,949832644,1785139561,0.17835988104343414,True,True,True,True,2.108672121141261,0.2741729300813027,-2.971815051176735,0.3147837817668915,True,0.27261075377464294,True,1.2267483472824097,True,1,normal,7.851189136505127,-8.881784197001252e-16,2.7755575615628914e-17,0.0,0.20048060276386415,-0.008793105886847473,0.18451781632999575,5.757359309999984,17.74264069,5.0,-5.329070518200751e-15,0.0,0.0,12.0,0.0,-0.016482049599289894,17.99588213954121,-0.3141131103038788,5.75735931,17.74264069,5.0,0.04002586379647255,12.0,minimum_jerk,6
1785139562049912757,5.75759744644165,17.741139441728592,5.051644325256348,0.0455695204436779,-0.08314509689807892,-0.5012673735618591,0.18037007749080658,22.80054473876953,0.05166668817400932,world,49861470,1785139562,0.17835988104343414,True,True,True,True,1.9279454550913184,0.5864051080037629,-1.198429607576553,0.3147837817668915,True,0.27261075377464294,True,1.2267483472824097,True,1,normal,7.851189136505127,-8.881784197001252e-16,2.7755575615628914e-17,0.0,0.20048060276386415,-0.008793105886847473,0.18451781632999575,5.757359309999984,17.74264069,5.0,-5.329070518200751e-15,0.0,0.0,12.0,0.0,-0.016482049599289894,17.99588213954121,-0.3141131103038788,5.75735931,17.74264069,5.0,0.05166668817400932,12.0,minimum_jerk,6
1785139562149918890,5.762067794799805,17.732222855091095,4.9991302490234375,0.04229111224412918,-0.07673628628253937,-0.8292242288589478,0.18037007749080658,22.900531768798828,0.011465495452284813,world,149848958,1785139562,0.17835988104343414,True,True,True,True,1.8553703851090118,0.7328846564905871,4.424500060997305,0.3147837817668915,True,0.27261075377464294,True,1.2267483472824097,True,1,normal,7.851189136505127,-8.881784197001252e-16,2.7755575615628914e-17,0.0,0.20048060276386415,-0.008793105886847473,0.18451781632999575,5.757359309999984,17.74264069,5.0,-5.329070518200751e-15,0.0,0.0,12.0,0.0,-0.016482049599289894,17.99588213954121,-0.3141131103038788,5.75735931,17.74264069,5.0,0.011465495452284813,12.0,minimum_jerk,6
1785139562249882593,5.76337194442749,17.72662028670311,4.991559028625488,0.006608669646084309,-0.004993711598217487,-0.16831116378307343,0.18037007749080658,23.00053596496582,0.019080227240920067,world,249853518,1785139562,0.17835988104343414,True,True,True,True,1.917304088926298,0.7199891491644423,2.1109905584346764,0.3147837817668915,True,0.27261075377464294,True,1.2267483472824097,True,1,normal,7.851189136505127,-8.881784197001252e-16,2.7755575615628914e-17,0.0,0.20048060276386415,-0.008793105886847473,0.18451781632999575,5.757359309999984,17.74264069,5.0,-5.329070518200751e-15,0.0,0.0,12.0,0.0,-0.016482049599289894,17.99588213954121,-0.3141131103038788,5.75735931,17.74264069,5.0,0.019080227240920067,12.0,minimum_jerk,6
1785139562349915155,5.760415554046631,17.729571759700775,5.038234233856201,-0.029561353847384453,0.0640501156449318,0.11620097607374191,0.18037007749080658,23.100543975830078,0.0405215285718441,world,349860222,1785139562,0.17835988104343414,True,True,True,True,2.1490586144953747,0.3771941650672791,-3.0832607051983056,0.3147837817668915,True,0.27261075377464294,True,1.2267483472824097,True,1,normal,7.851189136505127,-8.881784197001252e-16,2.7755575615628914e-17,0.0,0.20048060276386415,-0.008793105886847473,0.18451781632999575,5.757359309999984,17.74264069,5.0,-5.329070518200751e-15,0.0,0.0,12.0,0.0,-0.016482049599289894,17.99588213954121,-0.3141131103038788,5.75735931,17.74264069,5.0,0.0405215285718441,12.0,minimum_jerk,6
1785139562449886853,5.755638599395752,17.736761897802353,5.0507917404174805,-0.036951471120119095,0.07686617970466614,-0.5058132410049438,0.18037007749080658,23.200532913208008,0.05115976929664612,world,449846818,1785139562,0.17835988104343414,True,True,True,True,2.3089539158680137,0.05003336473985959,-1.3899473233000454,0.3147837817668915,True,0.27261075377464294,True,1.2267483472824097,True,1,normal,7.851189136505127,-8.881784197001252e-16,2.7755575615628914e-17,0.0,0.20048060276386415,-0.008793105886847473,0.18451781632999575,5.757359309999984,17.74264069,5.0,-5.329070518200751e-15,0.0,0.0,12.0,0.0,-0.016482049599289894,17.99588213954121,-0.3141131103038788,5.75735931,17.74264069,5.0,0.05115976929664612,12.0,minimum_jerk,6
1785139562549905660,5.751272201538086,17.744073927402496,4.999275207519531,-0.03417466953396797,0.08165938407182693,-0.8243708610534668,0.18037007749080658,23.30054473876953,0.006295425351709127,world,549858751,1785139562,0.17835988104343414,True,True,True,True,2.385262277093052,-0.10181984904569658,4.1482956341357236,0.3147837817668915,True,0.27261075377464294,True,1.2267483472824097,True,1,normal,7.851189136505127,-8.881784197001252e-16,2.7755575615628914e-17,0.0,0.20048060276386415,-0.008793105886847473,0.18451781632999575,5.757359309999984,17.74264069,5.0,-5.329070518200751e-15,0.0,0.0,12.0,0.0,-0.016482049599289894,17.99588213954121,-0.3141131103038788,5.75735931,17.74264069,5.0,0.006295425351709127,12.0,minimum_jerk,6
1785139562649907234,5.749434471130371,17.748355627059937,4.991578102111816,0.006287890952080488,0.04915473237633705,-0.15620854496955872,0.18037007749080658,23.400529861450195,0.012899300083518028,world,649844225,1785139562,0.17835988104343414,True,True,True,True,2.348568298540509,-0.07789366877040593,1.936607874362299,0.3147837817668915,True,0.27261075377464294,True,1.2267483472824097,True,1,normal,7.851189136505127,-8.881784197001252e-16,2.7755575615628914e-17,0.0,0.20048060276386415,-0.008793105886847473,0.18451781632999575,5.757359309999984,17.74264069,5.0,-5.329070518200751e-15,0.0,0.0,12.0,0.0,-0.016482049599289894,17.99588213954121,-0.3141131103038788,5.75735931,17.74264069,5.0,0.012899300083518028,12.0,minimum_jerk,6
1785139562749885895,5.75269889831543,17.747483670711517,5.0443620681762695,0.043867770582437515,-0.0028514836449176073,0.13365091383457184,0.18037007749080658,23.500530242919922,0.04486832767724991,world,749845158,1785139562,0.17835988104343414,True,True,True,True,2.1240976411086248,0.13492798310439402,-3.3606103289627676,0.3147837817668915,True,0.27261075377464294,True,1.2267483472824097,True,1,normal,7.851189136505127,-8.881784197001252e-16,2.7755575615628914e-17,0.0,0.20048060276386415,-0.008793105886847473,0.18451781632999575,5.757359309999984,17.74264069,5.0,-5.329070518200751e-15,0.0,0.0,12.0,0.0,-0.016482049599289894,17.99588213954121,-0.3141131103038788,5.75735931,17.74264069,5.0,0.04486832767724991,12.0,minimum_jerk,6
1785139562849897098,5.757324695587158,17.744561105966568,5.056718826293945,0.047425996512174606,-0.01566131040453911,-0.4869045913219452,0.18037007749080658,23.600534439086914,0.05675134062767029,world,849848907,1785139562,0.17835988104343414,True,True,True,True,1.9404282682451388,0.3155051080366032,-1.8958061798869854,0.3147837817668915,True,0.27261075377464294,True,1.2267483472824097,True,1,normal,7.851189136505127,-8.881784197001252e-16,2.7755575615628914e-17,0.0,0.20048060276386415,-0.008793105886847473,0.18451781632999575,5.757359309999984,17.74264069,5.0,-5.329070518200751e-15,0.0,0.0,12.0,0.0,-0.016482049599289894,17.99588213954121,-0.3141131103038788,5.75735931,17.74264069,5.0,0.05675134062767029,12.0,minimum_jerk,6
1785139562949890276,5.761880397796631,17.74122780561447,5.0038018226623535,0.043987520039081573,-0.0257025845348835,-0.8732894659042358,0.18037007749080658,23.700536727905273,0.006073741242289543,world,949850641,1785139562,0.17835988104343414,True,True,True,True,1.8567391160557907,0.3970892905667107,3.8851159982714654,0.3147837817668915,True,0.27261075377464294,True,1.2267483472824097,True,1,normal,7.851189136505127,-8.881784197001252e-16,2.7755575615628914e-17,0.0,0.20048060276386415,-0.008793105886847473,0.18451781632999575,5.757359309999984,17.74264069,5.0,-5.329070518200751e-15,0.0,0.0,12.0,0.0,-0.016482049599289894,17.99588213954121,-0.3141131103038788,5.75735931,17.74264069,5.0,0.006073741242289543,12.0,minimum_jerk,6
1785139563049898122,5.763106346130371,17.73862937092781,4.992554664611816,0.0077658225782215595,-0.015169411897659302,-0.2077682912349701,0.18037007749080658,23.80051612854004,0.01022507343441248,world,49834562,1785139563,0.17835988104343414,True,True,True,True,1.932293297537678,0.4076540793702236,1.8522719736468296,0.3147837817668915,True,0.27261075377464294,True,1.2267483472824097,True,1,normal,7.851189136505127,-8.881784197001252e-16,2.7755575615628914e-17,0.0,0.20048060276386415,-0.008793105886847473,0.18451781632999575,5.757359309999984,17.74264069,5.0,-5.329070518200751e-15,0.0,0.0,12.0,0.0,-0.016482049599289894,17.99588213954121,-0.3141131103038788,5.75735931,17.74264069,5.0,0.01022507343441248,12.0,minimum_jerk,6
1785139563149906830,5.760091781616211,17.738789439201355,5.039173126220703,-0.029714640229940414,0.010229755192995071,0.13820013403892517,0.18037007749080658,23.90054702758789,0.03945671394467354,world,149861153,1785139563,0.17835988104343414,True,True,True,True,2.1599671125738085,0.31743651052030636,-3.396343685267508,0.3147837817668915,True,0.27261075377464294,True,1.2267483472824097,True,1,normal,7.851189136505127,-8.881784197001252e-16,2.7755575615628914e-17,0.0,0.20048060276386415,-0.008793105886847473,0.18451781632999575,5.757359309999984,17.74264069,5.0,-5.329070518200751e-15,0.0,0.0,12.0,0.0,-0.016482049599289894,17.99588213954121,-0.3141131103038788,5.75735931,17.74264069,5.0,0.03945671394467354,12.0,minimum_jerk,6
1785139563249921158,5.755115509033203,17.740510135889053,5.055389404296875,-0.03718595206737518,0.015267077833414078,-0.4861622750759125,0.18037007749080658,24.000551223754883,0.055475760251283646,world,249865252,1785139563,0.17835988104343414,True,True,True,True,2.332726662619472,0.2074704347455937,-2.172567288557542,0.3147837817668915,True,0.27261075377464294,True,1.2267483472824097,True,1,normal,7.851189136505127,-8.881784197001252e-16,2.7755575615628914e-17,0.0,0.20048060276386415,-0.008793105886847473,0.18451781632999575,5.757359309999984,17.74264069,5.0,-5.329070518200751e-15,0.0,0.0,12.0,0.0,-0.016482049599289894,17.99588213954121,-0.3141131103038788,5.75735931,17.74264069,5.0,0.055475760251283646,12.0,minimum_jerk,6
1785139563349905069,5.750641822814941,17.742314040660858,5.003195285797119,-0.0346221849322319,0.019115354865789413,-0.8837516903877258,0.18037007749080658,24.100557327270508,0.007445883937180042,world,349871495,1785139563,0.17835988104343414,True,True,True,True,2.40775629982456,0.16393032903646484,3.626270894023813,0.3147837817668915,True,0.27261075377464294,True,1.2267483472824097,True,1,normal,7.851189136505127,-8.881784197001252e-16,2.7755575615628914e-17,0.0,0.20048060276386415,-0.008793105886847473,0.18451781632999575,5.757359309999984,17.74264069,5.0,-5.329070518200751e-15,0.0,0.0,12.0,0.0,-0.016482049599289894,17.99588213954121,-0.3141131103038788,5.75735931,17.74264069,5.0,0.007445883937180042,12.0,minimum_jerk,6
1785139563449934275,5.748363018035889,17.74199292063713,4.987829685211182,0.00828191451728344,0.019870176911354065,-0.23065726459026337,0.18037007749080658,24.200565338134766,0.01514824852347374,world,449882347,1785139563,0.17835988104343414,True,True,True,True,2.385054077304357,0.22238945919242586,2.009678415080308,0.3147837817668915,True,0.27261075377464294,True,1.2267483472824097,True,1,normal,7.851189136505127,-8.881784197001252e-16,2.7755575615628914e-17,0.0,0.20048060276386415,-0.008793105886847473,0.18451781632999575,5.757359309999984,17.74264069,5.0,-5.329070518200751e-15,0.0,0.0,12.0,0.0,-0.016482049599289894,17.99588213954121,-0.3141131103038788,5.75735931,17.74264069,5.0,0.01514824852347374,12.0,minimum_jerk,6
1785139563549912064,5.751272678375244,17.741108298301697,5.03195858001709,0.050611462444067,0.010171269997954369,0.14984090626239777,0.18037007749080658,24.30055046081543,0.032569099217653275,world,549864073,1785139563,0.17835988104343414,True,True,True,True,2.157894569784358,0.2995420978732284,-3.1637587078987215,0.3147837817668915,True,0.27261075377464294,True,1.2267483472824097,True,1,normal,7.851189136505127,-8.881784197001252e-16,2.7755575615628914e-17,0.0,0.20048060276386415,-0.008793105886847473,0.18451781632999575,5.757359309999984,17.74264069,5.0,-5.329070518200751e-15,0.0,0.0,12.0,0.0,-0.016482049599289894,17.99588213954121,-0.3141131103038788,5.75735931,17.74264069,5.0,0.032569099217653275,12.0,minimum_jerk,6
1785139563649898660,5.756725311279297,17.740140467882156,5.049975395202637,0.05615805462002754,0.005069643724709749,-0.43903833627700806,0.18037007749080658,24.400545120239258,0.050041913986206055,world,649860117,1785139563,0.17835988104343414,True,True,True,True,1.9434548336099826,0.3165569319080817,-2.3327726108750158,0.3147837817668915,True,0.27261075377464294,True,1.2267483472824097,True,1,normal,7.851189136505127,-8.881784197001252e-16,2.7755575615628914e-17,0.0,0.20048060276386415,-0.008793105886847473,0.18451781632999575,5.757359309999984,17.74264069,5.0,-5.329070518200751e-15,0.0,0.0,12.0,0.0,-0.016482049599289894,17.99588213954121,-0.3141131103038788,5.75735931,17.74264069,5.0,0.050041913986206055,12.0,minimum_jerk,6
1785139563749921324,5.761873245239258,17.73939722776413,5.001399993896484,0.05304260179400444,0.003718616906553507,-0.8363510966300964,0.18037007749080658,24.50056266784668,0.005731984041631222,world,749880116,1785139563,0.17835988104343414,True,True,True,True,1.8483281234751685,0.32220890943171043,3.246870503215951,0.3147837817668915,True,0.27261075377464294,True,1.2267483472824097,True,1,normal,7.851189136505127,-8.881784197001252e-16,2.7755575615628914e-17,0.0,0.20048060276386415,-0.008793105886847473,0.18451781632999575,5.757359309999984,17.74264069,5.0,-5.329070518200751e-15,0.0,0.0,12.0,0.0,-0.016482049599289894,17.99588213954121,-0.3141131103038788,5.75735931,17.74264069,5.0,0.005731984041631222,12.0,minimum_jerk,6
1785139563849898492,5.761930465698242,17.73841866850853,4.988025188446045,0.015309160575270653,0.014590596780180931,-0.23358196020126343,0.18037007749080658,24.600549697875977,0.013495074585080147,world,849864327,1785139563,0.17835988104343414,True,True,True,True,1.9763292180270968,0.34507608488287467,1.600291289235835,0.3147837817668915,True,0.27261075377464294,True,1.2267483472824097,True,1,normal,7.851189136505127,-8.881784197001252e-16,2.7755575615628914e-17,0.0,0.20048060276386415,-0.008793105886847473,0.18451781632999575,5.757359309999984,17.74264069,5.0,-5.329070518200751e-15,0.0,0.0,12.0,0.0,-0.016482049599289894,17.99588213954121,-0.3141131103038788,5.75735931,17.74264069,5.0,0.013495074585080147,12.0,minimum_jerk,6
1785139563949896219,5.757132053375244,17.739255607128143,5.035843372344971,-0.026568271219730377,0.02629760280251503,0.12293661385774612,0.18037007749080658,24.700551986694336,0.03600357845425606,world,949865801,1785139563,0.17835988104343414,True,True,True,True,2.2732902406399127,0.2948349113042901,-3.4854056094391224,0.3147837817668915,True,0.27261075377464294,True,1.2267483472824097,True,1,normal,7.851189136505127,-8.881784197001252e-16,2.7755575615628914e-17,0.0,0.20048060276386415,-0.008793105886847473,0.18451781632999575,5.757359309999984,17.74264069,5.0,-5.329070518200751e-15,0.0,0.0,12.0,0.0,-0.016482049599289894,17.99588213954121,-0.3141131103038788,5.75735931,17.74264069,5.0,0.03600357845425606,12.0,minimum_jerk,6
1785139564049930394,5.751619338989258,17.740873217582703,5.050214767456055,-0.03278684616088867,0.026522522792220116,-0.44422662258148193,0.18037007749080658,24.800559997558594,0.05057265982031822,world,49874719,1785139564,0.17835988104343414,True,True,True,True,2.4511586349433827,0.21523259895606772,-2.351235963794357,0.3147837817668915,True,0.27261075377464294,True,1.2267483472824097,True,1,normal,7.851189136505127,-8.881784197001252e-16,2.7755575615628914e-17,0.0,0.20048060276386415,-0.008793105886847473,0.18451781632999575,5.757359309999984,17.74264069,5.0,-5.329070518200751e-15,0.0,0.0,12.0,0.0,-0.016482049599289894,17.99588213954121,-0.3141131103038788,5.75735931,17.74264069,5.0,0.05057265982031822,12.0,minimum_jerk,6
1785139564149929464,5.746673107147217,17.74267789721489,5.002338886260986,-0.026981482282280922,0.02598673664033413,-0.8242577314376831,0.18037007749080658,24.900550842285156,0.010939227417111397,world,149865132,1785139564,0.17835988104343414,True,True,True,True,2.5042557838869017,0.17953075961214163,3.0054689852025334,0.3147837817668915,True,0.27261075377464294,True,1.2267483472824097,True,1,normal,7.851189136505127,-8.881784197001252e-16,2.7755575615628914e-17,0.0,0.20048060276386415,-0.008793105886847473,0.18451781632999575,5.757359309999984,17.74264069,5.0,-5.329070518200751e-15,0.0,0.0,12.0,0.0,-0.016482049599289894,17.99588213954121,-0.3141131103038788,5.75735931,17.74264069,5.0,0.010939227417111397,12.0,minimum_jerk,6
1785139564249890912,5.745762348175049,17.74323096871376,4.991220474243164,0.02938406728208065,0.019556501880288124,-0.20829446613788605,0.18037007749080658,25.00054359436035,0.014557404443621635,world,249857699,1785139564,0.17835988104343414,True,True,True,True,2.416211509502438,0.20664067645860168,1.2986054829189366,0.3147837817668915,True,0.27261075377464294,True,1.2267483472824097,True,1,normal,7.851189136505127,-8.881784197001252e-16,2.7755575615628914e-17,0.0,0.20048060276386415,-0.008793105886847473,0.18451781632999575,5.757359309999984,17.74264069,5.0,-5.329070518200751e-15,0.0,0.0,12.0,0.0,-0.016482049599289894,17.99588213954121,-0.3141131103038788,5.75735931,17.74264069,5.0,0.014557404443621635,12.0,minimum_jerk,6
1785139564349930788,5.7512593269348145,17.743062674999237,5.036698341369629,0.07798805087804794,0.010215925984084606,0.13139685988426208,0.18037007749080658,25.10056495666504,0.03720424696803093,world,349880002,1785139564,0.17835988104343414,True,True,True,True,2.085472698796982,0.25682840749516667,-3.725298809082837,0.3147837817668915,True,0.27261075377464294,True,1.2267483472824097,True,1,normal,7.851189136505127,-8.881784197001252e-16,2.7755575615628914e-17,0.0,0.20048060276386415,-0.008793105886847473,0.18451781632999575,5.757359309999984,17.74264069,5.0,-5.329070518200751e-15,0.0,0.0,12.0,0.0,-0.016482049599289894,17.99588213954121,-0.3141131103038788,5.75735931,17.74264069,5.0,0.03720424696803093,12.0,minimum_jerk,6
1785139564449908457,5.759672164916992,17.74277824163437,5.052488803863525,0.08227568864822388,0.005943424999713898,-0.47234588861465454,0.18037007749080658,25.20054817199707,0.05253991484642029,world,449862089,1785139564,0.17835988104343414,True,True,True,True,1.8158934444842023,0.27167071565968126,-2.63366181551703,0.3147837817668915,True,0.27261075377464294,True,1.2267483472824097,True,1,normal,7.851189136505127,-8.881784197001252e-16,2.7755575615628914e-17,0.0,0.20048060276386415,-0.008793105886847473,0.18451781632999575,5.757359309999984,17.74264069,5.0,-5.329070518200751e-15,0.0,0.0,12.0,0.0,-0.016482049599289894,17.99588213954121,-0.3141131103038788,5.75735931,17.74264069,5.0,0.05253991484642029,12.0,minimum_jerk,6
1785139564549920791,5.767251491546631,17.742542415857315,5.001931190490723,0.07284926623106003,0.0028134759049862623,-0.8613930940628052,0.18037007749080658,25.300554275512695,0.010079405270516872,world,549867050,1785139564,0.17835988104343414,True,True,True,True,1.6909095770645033,0.2710430966823706,2.9950162398321214,0.3147837817668915,True,0.27261075377464294,True,1.2267483472824097,True,1,normal,7.851189136505127,-8.881784197001252e-16,2.7755575615628914e-17,0.0,0.20048060276386415,-0.008793105886847473,0.18451781632999575,5.757359309999984,17.74264069,5.0,-5.329070518200751e-15,0.0,0.0,12.0,0.0,-0.016482049599289894,17.99588213954121,-0.3141131103038788,5.75735931,17.74264069,5.0,0.010079405270516872,12.0,minimum_jerk,6
1785139564649940409,5.768460273742676,17.742212414741516,4.990213394165039,0.006745522376149893,0.007364481687545776,-0.22197367250919342,0.18037007749080658,25.400564193725586,0.014805150218307972,world,649878563,1785139564,0.17835988104343414,True,True,True,True,1.8309039200609736,0.2796914929310228,1.1861913673905473,0.3147837817668915,True,0.27261075377464294,True,1.2267483472824097,True,1,normal,7.851189136505127,-8.881784197001252e-16,2.7755575615628914e-17,0.0,0.20048060276386415,-0.008793105886847473,0.18451781632999575,5.757359309999984,17.74264069,5.0,-5.329070518200751e-15,0.0,0.0,12.0,0.0,-0.016482049599289894,17.99588213954121,-0.3141131103038788,5.75735931,17.74264069,5.0,0.014805150218307972,12.0,minimum_jerk,6
1785139564749915974,5.7625322341918945,17.74267902970314,5.035284996032715,-0.0533757321536541,0.012051062658429146,0.1227780133485794,0.18037007749080658,25.500560760498047,0.03566218540072441,world,749875017,1785139564,0.17835988104343414,True,True,True,True,2.2490182502941605,0.2536075164138783,-3.8737404193013925,0.3147837817668915,True,0.27261075377464294,True,1.2267483472824097,True,1,normal,7.851189136505127,-8.881784197001252e-16,2.7755575615628914e-17,0.0,0.20048060276386415,-0.008793105886847473,0.18451781632999575,5.757359309999984,17.74264069,5.0,-5.329070518200751e-15,0.0,0.0,12.0,0.0,-0.016482049599289894,17.99588213954121,-0.3141131103038788,5.75735931,17.74264069,5.0,0.03566218540072441,12.0,minimum_jerk,6
1785139564849938368,5.753731727600098,17.74361389875412,5.051224231719971,-0.06376312673091888,0.011986017227172852,-0.47129806876182556,0.18037007749080658,25.60057830810547,0.05136173963546753,world,849893894,1785139564,0.17835988104343414,True,True,True,True,2.5542194815503283,0.2109072579500043,-2.704560764313538,0.3147837817668915,True,0.27261075377464294,True,1.2267483472824097,True,1,normal,7.851189136505127,-8.881784197001252e-16,2.7755575615628914e-17,0.0,0.20048060276386415,-0.008793105886847473,0.18451781632999575,5.757359309999984,17.74264069,5.0,-5.329070518200751e-15,0.0,0.0,12.0,0.0,-0.016482049599289894,17.99588213954121,-0.3141131103038788,5.75735931,17.74264069,5.0,0.05136173963546753,12.0,minimum_jerk,6
1785139564949922689,5.746098518371582,17.744446098804474,5.001348972320557,-0.05677797645330429,0.009843389503657818,-0.842639684677124,0.18037007749080658,25.7005672454834,0.011484104208648205,world,949880690,1785139564,0.17835988104343414,True,True,True,True,2.6313047723175615,0.1975442474548537,2.783141297126181,0.3147837817668915,True,0.27261075377464294,True,1.2267483472824097,True,1,normal,7.851189136505127,-8.881784197001252e-16,2.7755575615628914e-17,0.0,0.20048060276386415,-0.008793105886847473,0.18451781632999575,5.757359309999984,17.74264069,5.0,-5.329070518200751e-15,0.0,0.0,12.0,0.0,-0.016482049599289894,17.99588213954121,-0.3141131103038788,5.75735931,17.74264069,5.0,0.011484104208648205,12.0,minimum_jerk,6
1785139565049913042,5.743533134460449,17.7417354285717,4.989924430847168,0.018673831596970558,0.003957699052989483,-0.21498019993305206,0.18037007749080658,25.800565719604492,0.017131833359599113,world,49879278,1785139565,0.17835988104343414,True,True,True,True,2.5471322950025876,0.3156892180771466,0.9789907045767846,0.3147837817668915,True,0.27261075377464294,True,1.2267483472824097,True,1,normal,7.851189136505127,-8.881784197001252e-16,2.7755575615628914e-17,0.0,0.20048060276386415,-0.008793105886847473,0.18451781632999575,5.757359309999984,17.74264069,5.0,-5.329070518200751e-15,0.0,0.0,12.0,0.0,-0.016482049599289894,17.99588213954121,-0.3141131103038788,5.75735931,17.74264069,5.0,0.017131833359599113,12.0,minimum_jerk,6
1785139565149935725,5.7495880126953125,17.73871201276779,5.03481912612915,0.08519112318754196,-0.00043872816604562104,0.1121826097369194,0.18037007749080658,25.900577545166016,0.035891491919755936,world,149893005,1785139565,0.17835988104343414,True,True,True,True,2.1204219780711098,0.4481802910868922,-4.048848178824089,0.3147837817668915,True,0.27261075377464294,True,1.2267483472824097,True,1,normal,7.851189136505127,-8.881784197001252e-16,2.7755575615628914e-17,0.0,0.20048060276386415,-0.008793105886847473,0.18451781632999575,5.757359309999984,17.74264069,5.0,-5.329070518200751e-15,0.0,0.0,12.0,0.0,-0.016482049599289894,17.99588213954121,-0.3141131103038788,5.75735931,17.74264069,5.0,0.035891491919755936,12.0,minimum_jerk,6
1785139565249935716,5.759457588195801,17.736162066459656,5.048597812652588,0.09334369003772736,-0.0012659188359975815,-0.48935624957084656,0.18037007749080658,26.000574111938477,0.04907262697815895,world,249890160,1785139565,0.17835988104343414,True,True,True,True,1.7427021547306816,0.46397987668900365,-2.694416304782168,0.3147837817668915,True,0.27261075377464294,True,1.2267483472824097,True,1,normal,7.851189136505127,-8.881784197001252e-16,2.7755575615628914e-17,0.0,0.20048060276386415,-0.008793105886847473,0.18451781632999575,5.757359309999984,17.74264069,5.0,-5.329070518200751e-15,0.0,0.0,12.0,0.0,-0.016482049599289894,17.99588213954121,-0.3141131103038788,5.75735931,17.74264069,5.0,0.04907262697815895,12.0,minimum_jerk,6
1785139565349978648,5.769074440002441,17.73453152179718,4.992737770080566,0.08137284964323044,0.008026388473808765,-0.8240601420402527,0.18037007749080658,26.10059356689453,0.01599196158349514,world,349911752,1785139565,0.17835988104343414,True,True,True,True,1.6211147857496178,0.450721025803609,2.809600642995753,0.3147837817668915,True,0.27261075377464294,True,1.2267483472824097,True,1,normal,7.851189136505127,-8.881784197001252e-16,2.7755575615628914e-17,0.0,0.20048060276386415,-0.008793105886847473,0.18451781632999575,5.757359309999984,17.74264069,5.0,-5.329070518200751e-15,0.0,0.0,12.0,0.0,-0.016482049599289894,17.99588213954121,-0.3141131103038788,5.75735931,17.74264069,5.0,0.01599196158349514,12.0,minimum_jerk,6
1785139565449932682,5.770527362823486,17.735192239284515,4.989462852478027,0.008015211671590805,0.04143188148736954,-0.20310162007808685,0.18037007749080658,26.200563430786133,0.018436608836054802,world,449877588,1785139565,0.17835988104343414,True,True,True,True,1.7744392066122614,0.39140577812570493,0.48536225478937034,0.3147837817668915,True,0.27261075377464294,True,1.2267483472824097,True,1,normal,7.851189136505127,-8.881784197001252e-16,2.7755575615628914e-17,0.0,0.20048060276386415,-0.008793105886847473,0.18451781632999575,5.757359309999984,17.74264069,5.0,-5.329070518200751e-15,0.0,0.0,12.0,0.0,-0.016482049599289894,17.99588213954121,-0.3141131103038788,5.75735931,17.74264069,5.0,0.018436608836054802,12.0,minimum_jerk,6
1785139565549920190,5.763477802276611,17.7397218644619,5.039285659790039,-0.06480772793292999,0.06260228902101517,0.07890018820762634,0.18037007749080658,26.300565719604492,0.03986625745892525,world,549879363,1785139565,0.17835988104343414,True,True,True,True,2.243970104937175,0.19069402632365778,-4.410771864235476,0.3147837817668915,True,0.27261075377464294,True,1.2267483472824097,True,1,normal,7.851189136505127,-8.881784197001252e-16,2.7755575615628914e-17,0.0,0.20048060276386415,-0.008793105886847473,0.18451781632999575,5.757359309999984,17.74264069,5.0,-5.329070518200751e-15,0.0,0.0,12.0,0.0,-0.016482049599289894,17.99588213954121,-0.3141131103038788,5.75735931,17.74264069,5.0,0.03986625745892525,12.0,minimum_jerk,6
1785139565649943394,5.75439977645874,17.744858622550964,5.048525333404541,-0.07507741451263428,0.059606779366731644,-0.5159814357757568,0.18037007749080658,26.40056800842285,0.04866606742143631,world,649883692,1785139565,0.17835988104343414,True,True,True,True,2.576243013531457,0.03403602207082451,-2.721046924018177,0.3147837817668915,True,0.27261075377464294,True,1.2267483472824097,True,1,normal,7.851189136505127,-8.881784197001252e-16,2.7755575615628914e-17,0.0,0.20048060276386415,-0.008793105886847473,0.18451781632999575,5.757359309999984,17.74264069,5.0,-5.329070518200751e-15,0.0,0.0,12.0,0.0,-0.016482049599289894,17.99588213954121,-0.3141131103038788,5.75735931,17.74264069,5.0,0.04866606742143631,12.0,minimum_jerk,6
1785139565749948295,5.745785713195801,17.749618351459503,4.997037410736084,-0.06674669682979584,0.04837480187416077,-0.8269494771957397,0.18037007749080658,26.500577926635742,0.013835202902555466,world,749892539,1785139565,0.17835988104343414,True,True,True,True,2.6956986598321997,-0.02612838019945246,2.7420190254510786,0.3147837817668915,True,0.27261075377464294,True,1.2267483472824097,True,1,normal,7.851189136505127,-8.881784197001252e-16,2.7755575615628914e-17,0.0,0.20048060276386415,-0.008793105886847473,0.18451781632999575,5.757359309999984,17.74264069,5.0,-5.329070518200751e-15,0.0,0.0,12.0,0.0,-0.016482049599289894,17.99588213954121,-0.3141131103038788,5.75735931,17.74264069,5.0,0.013835202902555466,12.0,minimum_jerk,6
1785139565849985826,5.743766784667969,17.74974074959755,4.991688251495361,0.018375635147094727,0.0022559917997568846,-0.16401371359825134,0.18037007749080658,26.600614547729492,0.017442842945456505,world,849930692,1785139565,0.17835988104343414,True,True,True,True,2.551083606938059,0.09435238011471905,0.22064889397194726,0.3147837817668915,True,0.27261075377464294,True,1.2267483472824097,True,1,normal,7.851189136505127,-8.881784197001252e-16,2.7755575615628914e-17,0.0,0.20048060276386415,-0.008793105886847473,0.18451781632999575,5.757359309999984,17.74264069,5.0,-5.329070518200751e-15,0.0,0.0,12.0,0.0,-0.016482049599289894,17.99588213954121,-0.3141131103038788,5.75735931,17.74264069,5.0,0.017442842945456505,12.0,minimum_jerk,6
1785139565949953146,5.751734733581543,17.745246171951294,5.042162895202637,0.08825752139091492,-0.03254421055316925,0.049062855541706085,0.18037007749080658,26.700590133666992,0.04261612519621849,world,949904664,1785139565,0.17835988104343414,True,True,True,True,2.0585110363319448,0.3658868933211104,-4.681647492683956,0.3147837817668915,True,0.27261075377464294,True,1.2267483472824097,True,1,normal,7.851189136505127,-8.881784197001252e-16,2.7755575615628914e-17,0.0,0.20048060276386415,-0.008793105886847473,0.18451781632999575,5.757359309999984,17.74264069,5.0,-5.329070518200751e-15,0.0,0.0,12.0,0.0,-0.016482049599289894,17.99588213954121,-0.3141131103038788,5.75735931,17.74264069,5.0,0.04261612519621849,12.0,minimum_jerk,6
1785139566049925684,5.761622905731201,17.740210086107254,5.047702312469482,0.09177464246749878,-0.03858422860503197,-0.5578958988189697,0.18037007749080658,26.80057716369629,0.04795410856604576,world,49890949,1785139566,0.17835988104343414,True,True,True,True,1.7098524515329248,0.5151308287573794,-2.763410232477666,0.3147837817668915,True,0.27261075377464294,True,1.2267483472824097,True,1,normal,7.851189136505127,-8.881784197001252e-16,2.7755575615628914e-17,0.0,0.20048060276386415,-0.008793105886847473,0.18451781632999575,5.757359309999984,17.74264069,5.0,-5.329070518200751e-15,0.0,0.0,12.0,0.0,-0.016482049599289894,17.99588213954121,-0.3141131103038788,5.75735931,17.74264069,5.0,0.04795410856604576,12.0,minimum_jerk,6
1785139566149966062,5.770864486694336,17.735560357570648,4.99334192276001,0.07836271077394485,-0.03207596018910408,-0.8346816897392273,0.18037007749080658,26.900590896606445,0.01663883775472641,world,149905467,1785139566,0.17835988104343414,True,True,True,True,1.57668294990121,0.5759057619290857,2.782422025017204,0.3147837817668915,True,0.27261075377464294,True,1.2267483472824097,True,1,normal,7.851189136505127,-8.881784197001252e-16,2.7755575615628914e-17,0.0,0.20048060276386415,-0.008793105886847473,0.18451781632999575,5.757359309999984,17.74264069,5.0,-5.329070518200751e-15,0.0,0.0,12.0,0.0,-0.016482049599289894,17.99588213954121,-0.3141131103038788,5.75735931,17.74264069,5.0,0.01663883775472641,12.0,minimum_jerk,6
1785139566249930976,5.774035453796387,17.733333230018616,4.989758491516113,-0.007956338115036488,0.018391186371445656,-0.16808483004570007,0.18037007749080658,27.000579833984375,0.0216705109924078,world,249894577,1785139566,0.17835988104343414,True,True,True,True,1.6855694030653907,0.5457044968225999,0.002275329216272992,0.3147837817668915,True,0.27261075377464294,True,1.2267483472824097,True,1,normal,7.851189136505127,-8.881784197001252e-16,2.7755575615628914e-17,0.0,0.20048060276386415,-0.008793105886847473,0.18451781632999575,5.757359309999984,17.74264069,5.0,-5.329070518200751e-15,0.0,0.0,12.0,0.0,-0.016482049599289894,17.99588213954121,-0.3141131103038788,5.75735931,17.74264069,5.0,0.0216705109924078,12.0,minimum_jerk,6
1785139566349937249,5.767762184143066,17.73669409751892,5.04013729095459,-0.08267571777105331,0.05921773985028267,0.11609325557947159,0.18037007749080658,27.1005859375,0.04188775271177292,world,349899527,1785139566,0.17835988104343414,True,True,True,True,2.167038520223568,0.2931857934490578,-5.160196619917199,0.3147837817668915,True,0.27261075377464294,True,1.2267483472824097,True,1,normal,7.851189136505127,-8.881784197001252e-16,2.7755575615628914e-17,0.0,0.20048060276386415,-0.008793105886847473,0.18451781632999575,5.757359309999984,17.74264069,5.0,-5.329070518200751e-15,0.0,0.0,12.0,0.0,-0.016482049599289894,17.99588213954121,-0.3141131103038788,5.75735931,17.74264069,5.0,0.04188775271177292,12.0,minimum_jerk,6
1785139566449944082,5.757351398468018,17.742548882961273,5.052304744720459,-0.0961715579032898,0.06209696829319,-0.5538034439086914,0.18037007749080658,27.200593948364258,0.05230482667684555,world,449909026,1785139566,0.17835988104343414,True,True,True,True,2.5253842366873496,0.0756729290838016,-3.298167564822137,0.3147837817668915,True,0.27261075377464294,True,1.2267483472824097,True,1,normal,7.851189136505127,-8.881784197001252e-16,2.7755575615628914e-17,0.0,0.20048060276386415,-0.008793105886847473,0.18451781632999575,5.757359309999984,17.74264069,5.0,-5.329070518200751e-15,0.0,0.0,12.0,0.0,-0.016482049599289894,17.99588213954121,-0.3141131103038788,5.75735931,17.74264069,5.0,0.05230482667684555,12.0,minimum_jerk,6
1785139566549949303,5.746862411499023,17.748534202575684,4.992090225219727,-0.08731202781200409,0.05647886544466019,-0.8492777347564697,0.18037007749080658,27.30059814453125,0.014404267072677612,world,549913435,1785139566,0.17835988104343414,True,True,True,True,2.704009248703348,-0.028862522442972077,2.49258195150679,0.3147837817668915,True,0.27261075377464294,True,1.2267483472824097,True,1,normal,7.851189136505127,-8.881784197001252e-16,2.7755575615628914e-17,0.0,0.20048060276386415,-0.008793105886847473,0.18451781632999575,5.757359309999984,17.74264069,5.0,-5.329070518200751e-15,0.0,0.0,12.0,0.0,-0.016482049599289894,17.99588213954121,-0.3141131103038788,5.75735931,17.74264069,5.0,0.014404267072677612,12.0,minimum_jerk,6
1785139566649952830,5.742125511169434,17.748208463191986,4.991398334503174,-0.004938256926834583,0.018661947920918465,-0.19117943942546844,0.18037007749080658,27.400585174560547,0.018359122797846794,world,649900572,1785139566,0.17835988104343414,True,True,True,True,2.6492876312946447,0.11242147884358872,-0.246183731618615,0.3147837817668915,True,0.27261075377464294,True,1.2267483472824097,True,1,normal,7.851189136505127,-8.881784197001252e-16,2.7755575615628914e-17,0.0,0.20048060276386415,-0.008793105886847473,0.18451781632999575,5.757359309999984,17.74264069,5.0,-5.329070518200751e-15,0.0,0.0,12.0,0.0,-0.016482049599289894,17.99588213954121,-0.3141131103038788,5.75735931,17.74264069,5.0,0.018359122797846794,12.0,minimum_jerk,6
1785139566749935148,5.746381759643555,17.743936777114868,5.039576053619385,0.07085014134645462,-0.020160693675279617,0.08692318201065063,0.18037007749080658,27.500587463378906,0.04109076038002968,world,749900863,1785139566,0.17835988104343414,True,True,True,True,2.245217247980495,0.4080418120576622,-5.110207459300355,0.3147837817668915,True,0.27261075377464294,True,1.2267483472824097,True,1,normal,7.851189136505127,-8.881784197001252e-16,2.7755575615628914e-17,0.0,0.20048060276386415,-0.008793105886847473,0.18451781632999575,5.757359309999984,17.74264069,5.0,-5.329070518200751e-15,0.0,0.0,12.0,0.0,-0.016482049599289894,17.99588213954121,-0.3141131103038788,5.75735931,17.74264069,5.0,0.04109076038002968,12.0,minimum_jerk,6
1785139566849941871,5.7547287940979,17.7382093667984,5.050026893615723,0.0797291249036789,-0.028779558837413788,-0.5583550333976746,0.18037007749080658,27.600582122802734,0.05029161274433136,world,849896285,1785139566,0.17835988104343414,True,True,True,True,1.8599065847769936,0.5843812869709826,-3.2547888882228855,0.3147837817668915,True,0.27261075377464294,True,1.2267483472824097,True,1,normal,7.851189136505127,-8.881784197001252e-16,2.7755575615628914e-17,0.0,0.20048060276386415,-0.008793105886847473,0.18451781632999575,5.757359309999984,17.74264069,5.0,-5.329070518200751e-15,0.0,0.0,12.0,0.0,-0.016482049599289894,17.99588213954121,-0.3141131103038788,5.75735931,17.74264069,5.0,0.05029161274433136,12.0,minimum_jerk,6
1785139566949935450,5.762465953826904,17.733408242464066,4.994884490966797,0.07714121043682098,-0.024851348251104355,-0.8745299577713013,0.18037007749080658,27.70058822631836,0.011725371703505516,world,949901967,1785139566,0.17835988104343414,True,True,True,True,1.7590164562130068,0.6228760772743512,2.3824166873917636,0.3147837817668915,True,0.27261075377464294,True,1.2267483472824097,True,1,normal,7.851189136505127,-8.881784197001252e-16,2.7755575615628914e-17,0.0,0.20048060276386415,-0.008793105886847473,0.18451781632999575,5.757359309999984,17.74264069,5.0,-5.329070518200751e-15,0.0,0.0,12.0,0.0,-0.016482049599289894,17.99588213954121,-0.3141131103038788,5.75735931,17.74264069,5.0,0.011725371703505516,12.0,minimum_jerk,6
1785139567049970707,5.767704010009766,17.731280118227005,4.98740291595459,0.022319622337818146,0.025896620005369186,-0.21622318029403687,0.18037007749080658,27.80060386657715,0.01986861601471901,world,49919651,1785139567,0.17835988104343414,True,True,True,True,1.754169036895193,0.5896199784274305,-0.09759688292160829,0.3147837817668915,True,0.27261075377464294,True,1.2267483472824097,True,1,normal,7.851189136505127,-8.881784197001252e-16,2.7755575615628914e-17,0.0,0.20048060276386415,-0.008793105886847473,0.18451781632999575,5.757359309999984,17.74264069,5.0,-5.329070518200751e-15,0.0,0.0,12.0,0.0,-0.016482049599289894,17.99588213954121,-0.3141131103038788,5.75735931,17.74264069,5.0,0.01986861601471901,12.0,minimum_jerk,6
1785139567149965769,5.765863418579102,17.735191076993942,5.035418510437012,-0.039762694388628006,0.07065282762050629,0.103417307138443,0.18037007749080658,27.900592803955078,0.0371791273355484,world,149908100,1785139567,0.17835988104343414,True,True,True,True,2.02642915629675,0.319111930244227,-5.181197573134282,0.3147837817668915,True,0.27261075377464294,True,1.2267483472824097,True,1,normal,7.851189136505127,-8.881784197001252e-16,2.7755575615628914e-17,0.0,0.20048060276386415,-0.008793105886847473,0.18451781632999575,5.757359309999984,17.74264069,5.0,-5.329070518200751e-15,0.0,0.0,12.0,0.0,-0.016482049599289894,17.99588213954121,-0.3141131103038788,5.75735931,17.74264069,5.0,0.0371791273355484,12.0,minimum_jerk,6
1785139567249950681,5.760379791259766,17.742099404335022,5.048686504364014,-0.05529717728495598,0.07530667632818222,-0.5250344276428223,0.18037007749080658,28.00059700012207,0.048783112317323685,world,249911637,1785139567,0.17835988104343414,True,True,True,True,2.302589487905023,0.06439528197240005,-3.695360185908215,0.3147837817668915,True,0.27261075377464294,True,1.2267483472824097,True,1,normal,7.851189136505127,-8.881784197001252e-16,2.7755575615628914e-17,0.0,0.20048060276386415,-0.008793105886847473,0.18451781632999575,5.757359309999984,17.74264069,5.0,-5.329070518200751e-15,0.0,0.0,12.0,0.0,-0.016482049599289894,17.99588213954121,-0.3141131103038788,5.75735931,17.74264069,5.0,0.048783112317323685,12.0,minimum_jerk,6
1785139567349961742,5.754502773284912,17.748613268136978,4.995608806610107,-0.0622374452650547,0.07152807712554932,-0.872579038143158,0.18037007749080658,28.100589752197266,0.007944436743855476,world,349904344,1785139567,0.17835988104343414,True,True,True,True,2.445907070240736,-0.06352317767751808,2.158770365388461,0.3147837817668915,True,0.27261075377464294,True,1.2267483472824097,True,1,normal,7.851189136505127,-8.881784197001252e-16,2.7755575615628914e-17,0.0,0.20048060276386415,-0.008793105886847473,0.18451781632999575,5.757359309999984,17.74264069,5.0,-5.329070518200751e-15,0.0,0.0,12.0,0.0,-0.016482049599289894,17.99588213954121,-0.3141131103038788,5.75735931,17.74264069,5.0,0.007944436743855476,12.0,minimum_jerk,6
1785139567449945192,5.749500751495361,17.750961244106293,4.986858367919922,-0.027095919474959373,0.026514116674661636,-0.1942327320575714,0.18037007749080658,28.20059585571289,0.017426734790205956,world,449909825,1785139567,0.17835988104343414,True,True,True,True,2.4940002326098094,0.02223643180137891,-0.3580407887742636,0.3147837817668915,True,0.27261075377464294,True,1.2267483472824097,True,1,normal,7.851189136505127,-8.881784197001252e-16,2.7755575615628914e-17,0.0,0.20048060276386415,-0.008793105886847473,0.18451781632999575,5.757359309999984,17.74264069,5.0,-5.329070518200751e-15,0.0,0.0,12.0,0.0,-0.016482049599289894,17.99588213954121,-0.3141131103038788,5.75735931,17.74264069,5.0,0.017426734790205956,12.0,minimum_jerk,6
1785139567549935815,5.749887466430664,17.7478244304657,5.037127494812012,0.020098911598324776,-0.02097800001502037,0.07556024193763733,0.18037007749080658,28.300573348999023,0.038224998861551285,world,549887413,1785139567,0.17835988104343414,True,True,True,True,2.3164213470067803,0.2931310314375978,-5.301101914551722,0.3147837817668915,True,0.27261075377464294,True,1.2267483472824097,True,1,normal,7.851189136505127,-8.881784197001252e-16,2.7755575615628914e-17,0.0,0.20048060276386415,-0.008793105886847473,0.18451781632999575,5.757359309999984,17.74264069,5.0,-5.329070518200751e-15,0.0,0.0,12.0,0.0,-0.016482049599289894,17.99588213954121,-0.3141131103038788,5.75735931,17.74264069,5.0,0.038224998861551285,12.0,minimum_jerk,6
1785139567649946465,5.752566337585449,17.74322283267975,5.046804904937744,0.02826129086315632,-0.031265903264284134,-0.5065457820892334,0.18037007749080658,28.40059471130371,0.047053273767232895,world,649908594,1785139567,0.17835988104343414,True,True,True,True,2.1264937506935677,0.4783770399130096,-3.667970139629217,0.3147837817668915,True,0.27261075377464294,True,1.2267483472824097,True,1,normal,7.851189136505127,-8.881784197001252e-16,2.7755575615628914e-17,0.0,0.20048060276386415,-0.008793105886847473,0.18451781632999575,5.757359309999984,17.74264069,5.0,-5.329070518200751e-15,0.0,0.0,12.0,0.0,-0.016482049599289894,17.99588213954121,-0.3141131103038788,5.75735931,17.74264069,5.0,0.047053273767232895,12.0,minimum_jerk,6
1785139567749944202,5.756031036376953,17.73841705918312,4.989714622497559,0.035885486751794815,-0.031801048666238785,-0.8188948631286621,0.18037007749080658,28.500595092773438,0.011197873391211033,world,749909687,1785139567,0.17835988104343414,True,True,True,True,2.04969410913398,0.5486810066628373,1.8450879257280521,0.3147837817668915,True,0.27261075377464294,True,1.2267483472824097,True,1,normal,7.851189136505127,-8.881784197001252e-16,2.7755575615628914e-17,0.0,0.20048060276386415,-0.008793105886847473,0.18451781632999575,5.757359309999984,17.74264069,5.0,-5.329070518200751e-15,0.0,0.0,12.0,0.0,-0.016482049599289894,17.99588213954121,-0.3141131103038788,5.75735931,17.74264069,5.0,0.011197873391211033,12.0,minimum_jerk,6
1785139567849944082,5.759642124176025,17.737485826015472,4.98725700378418,0.02974986843764782,0.002856223378330469,-0.1835966557264328,0.18037007749080658,28.600597381591797,0.013934411108493805,world,849911440,1785139567,0.17835988104343414,True,True,True,True,1.9864593855528856,0.4860934084881098,-0.5109415094272007,0.3147837817668915,True,0.27261075377464294,True,1.2267483472824097,True,1,normal,7.851189136505127,-8.881784197001252e-16,2.7755575615628914e-17,0.0,0.20048060276386415,-0.008793105886847473,0.18451781632999575,5.757359309999984,17.74264069,5.0,-5.329070518200751e-15,0.0,0.0,12.0,0.0,-0.016482049599289894,17.99588213954121,-0.3141131103038788,5.75735931,17.74264069,5.0,0.013934411108493805,12.0,minimum_jerk,6
1785139567949955144,5.76154899597168,17.74127957224846,5.038053035736084,0.005793408025056124,0.04018913209438324,0.08557716012001038,0.18037007749080658,28.700603485107422,0.038307175040245056,world,949917653,1785139567,0.17835988104343414,True,True,True,True,2.000258493966554,0.24141102301430362,-5.398289759490954,0.3147837817668915,True,0.27261075377464294,True,1.2267483472824097,True,1,normal,7.851189136505127,-8.881784197001252e-16,2.7755575615628914e-17,0.0,0.20048060276386415,-0.008793105886847473,0.18451781632999575,5.757359309999984,17.74264069,5.0,-5.329070518200751e-15,0.0,0.0,12.0,0.0,-0.016482049599289894,17.99588213954121,-0.3141131103038788,5.75735931,17.74264069,5.0,0.038307175040245056,12.0,minimum_jerk,6
1785139568049967017,5.761649131774902,17.74624502658844,5.047990798950195,-0.005159529857337475,0.043304942548274994,-0.5044827461242676,0.18037007749080658,28.80059814453125,0.048316773027181625,world,49912013,1785139568,0.17835988104343414,True,True,True,True,2.083268569321089,0.04231448098029139,-3.783906416035941,0.3147837817668915,True,0.27261075377464294,True,1.2267483472824097,True,1,normal,7.851189136505127,-8.881784197001252e-16,2.7755575615628914e-17,0.0,0.20048060276386415,-0.008793105886847473,0.18451781632999575,5.757359309999984,17.74264069,5.0,-5.329070518200751e-15,0.0,0.0,12.0,0.0,-0.016482049599289894,17.99588213954121,-0.3141131103038788,5.75735931,17.74264069,5.0,0.048316773027181625,12.0,minimum_jerk,6
1785139568149949925,5.760733127593994,17.750967860221863,4.996633529663086,-0.017724353820085526,0.038559239357709885,-0.8301076292991638,0.18037007749080658,28.900598526000977,0.009594661183655262,world,149913646,1785139568,0.17835988104343414,True,True,True,True,2.1429831372678767,-0.014023940053467604,1.6218340515011131,0.3147837817668915,True,0.27261075377464294,True,1.2267483472824097,True,1,normal,7.851189136505127,-8.881784197001252e-16,2.7755575615628914e-17,0.0,0.20048060276386415,-0.008793105886847473,0.18451781632999575,5.757359309999984,17.74264069,5.0,-5.329070518200751e-15,0.0,0.0,12.0,0.0,-0.016482049599289894,17.99588213954121,-0.3141131103038788,5.75735931,17.74264069,5.0,0.009594661183655262,12.0,minimum_jerk,6
1785139568249919558,5.760863780975342,17.751410484313965,4.99092960357666,-0.02979903481900692,0.0006228851852938533,-0.15128260850906372,0.18037007749080658,29.00057029724121,0.013094376772642136,world,249884843,1785139568,0.17835988104343414,True,True,True,True,2.128838354597191,0.07887597957730583,-0.7110183220916074,0.3147837817668915,True,0.27261075377464294,True,1.2267483472824097,True,1,normal,7.851189136505127,-8.881784197001252e-16,2.7755575615628914e-17,0.0,0.20048060276386415,-0.008793105886847473,0.18451781632999575,5.757359309999984,17.74264069,5.0,-5.329070518200751e-15,0.0,0.0,12.0,0.0,-0.016482049599289894,17.99588213954121,-0.3141131103038788,5.75735931,17.74264069,5.0,0.013094376772642136,12.0,minimum_jerk,6
1785139568349973661,5.76075553894043,17.74698296189308,5.044552326202393,-0.026471270248293877,-0.03782035410404205,0.10088123381137848,0.18037007749080658,29.10060691833496,0.0448920875787735,world,349921262,1785139568,0.17835988104343414,True,True,True,True,2.1031195270914256,0.3467845814466645,-6.0236810792329045,0.3147837817668915,True,0.27261075377464294,True,1.2267483472824097,True,1,normal,7.851189136505127,-8.881784197001252e-16,2.7755575615628914e-17,0.0,0.20048060276386415,-0.008793105886847473,0.18451781632999575,5.757359309999984,17.74264069,5.0,-5.329070518200751e-15,0.0,0.0,12.0,0.0,-0.016482049599289894,17.99588213954121,-0.3141131103038788,5.75735931,17.74264069,5.0,0.0448920875787735,12.0,minimum_jerk,6
1785139568449964895,5.760146141052246,17.741570681333542,5.053522109985352,-0.0277911014854908,-0.044858913868665695,-0.5344282388687134,0.18037007749080658,29.200611114501953,0.05360529571771622,world,449925591,1785139568,0.17835988104343414,True,True,True,True,2.128928931423933,0.5372721420655496,-4.051182847243288,0.3147837817668915,True,0.27261075377464294,True,1.2267483472824097,True,1,normal,7.851189136505127,-8.881784197001252e-16,2.7755575615628914e-17,0.0,0.20048060276386415,-0.008793105886847473,0.18451781632999575,5.757359309999984,17.74264069,5.0,-5.329070518200751e-15,0.0,0.0,12.0,0.0,-0.016482049599289894,17.99588213954121,-0.3141131103038788,5.75735931,17.74264069,5.0,0.05360529571771622,12.0,minimum_jerk,6
1785139568549965056,5.7589111328125,17.73636743426323,4.997756004333496,-0.027399029582738876,-0.04143550246953964,-0.8770766854286194,0.18037007749080658,29.30060386657715,0.006840863265097141,world,549918458,1785139568,0.17835988104343414,True,True,True,True,2.170674015031182,0.5932862231354814,1.6747751565412883,0.3147837817668915,True,0.27261075377464294,True,1.2267483472824097,True,1,normal,7.851189136505127,-8.881784197001252e-16,2.7755575615628914e-17,0.0,0.20048060276386415,-0.008793105886847473,0.18451781632999575,5.757359309999984,17.74264069,5.0,-5.329070518200751e-15,0.0,0.0,12.0,0.0,-0.016482049599289894,17.99588213954121,-0.3141131103038788,5.75735931,17.74264069,5.0,0.006840863265097141,12.0,minimum_jerk,6
1785139568649984202,5.759760856628418,17.732602208852768,4.9872612953186035,-0.02137700654566288,0.00368230021558702,-0.20795829594135284,0.18037007749080658,29.400606155395508,0.01639552228152752,world,649920412,1785139568,0.17835988104343414,True,True,True,True,2.1141713034776135,0.6157648805901496,-0.7354927702060216,0.3147837817668915,True,0.27261075377464294,True,1.2267483472824097,True,1,normal,7.851189136505127,-8.881784197001252e-16,2.7755575615628914e-17,0.0,0.20048060276386415,-0.008793105886847473,0.18451781632999575,5.757359309999984,17.74264069,5.0,-5.329070518200751e-15,0.0,0.0,12.0,0.0,-0.016482049599289894,17.99588213954121,-0.3141131103038788,5.75735931,17.74264069,5.0,0.01639552228152752,12.0,minimum_jerk,6
1785139568749961760,5.760821342468262,17.73439595103264,5.034893035888672,-0.017461609095335007,0.046919677406549454,0.13125650584697723,0.18037007749080658,29.5006103515625,0.03602062538266182,world,749925131,1785139568,0.17835988104343414,True,True,True,True,2.0432213332142823,0.4025061725305789,-5.868202112905619,0.3147837817668915,True,0.27261075377464294,True,1.2267483472824097,True,1,normal,7.851189136505127,-8.881784197001252e-16,2.7755575615628914e-17,0.0,0.20048060276386415,-0.008793105886847473,0.18451781632999575,5.757359309999984,17.74264069,5.0,-5.329070518200751e-15,0.0,0.0,12.0,0.0,-0.016482049599289894,17.99588213954121,-0.3141131103038788,5.75735931,17.74264069,5.0,0.03602062538266182,12.0,minimum_jerk,6
1785139568849953666,5.76113748550415,17.739105314016342,5.051242828369141,-0.021299095824360847,0.053790632635354996,-0.48767679929733276,0.18037007749080658,29.600595474243164,0.05150340870022774,world,849910554,1785139568,0.17835988104343414,True,True,True,True,2.0597099305598126,0.18380109469188594,-4.573922800257287,0.3147837817668915,True,0.27261075377464294,True,1.2267483472824097,True,1,normal,7.851189136505127,-8.881784197001252e-16,2.7755575615628914e-17,0.0,0.20048060276386415,-0.008793105886847473,0.18451781632999575,5.757359309999984,17.74264069,5.0,-5.329070518200751e-15,0.0,0.0,12.0,0.0,-0.016482049599289894,17.99588213954121,-0.3141131103038788,5.75735931,17.74264069,5.0,0.05150340870022774,12.0,minimum_jerk,6
1785139568949961291,5.7604660987854,17.744046360254288,5.000399112701416,-0.0261390320956707,0.054938506335020065,-0.8611642122268677,0.18037007749080658,29.700611114501953,0.0034332689829170704,world,949924321,1785139568,0.17835988104343414,True,True,True,True,2.1087804255761586,0.0742433550179302,1.0944449263706997,0.3147837817668915,True,0.27261075377464294,True,1.2267483472824097,True,1,normal,7.851189136505127,-8.881784197001252e-16,2.7755575615628914e-17,0.0,0.20048060276386415,-0.008793105886847473,0.18451781632999575,5.757359309999984,17.74264069,5.0,-5.329070518200751e-15,0.0,0.0,12.0,0.0,-0.016482049599289894,17.99588213954121,-0.3141131103038788,5.75735931,17.74264069,5.0,0.0034332689829170704,12.0,minimum_jerk,6
1785139569049968044,5.762045860290527,17.747191339731216,4.987422466278076,-0.03355790302157402,0.035558782517910004,-0.2348911464214325,0.18037007749080658,29.800607681274414,0.014172738417983055,world,49920534,1785139569,0.17835988104343414,True,True,True,True,2.040749505367127,0.07316785770121861,-0.7543234138244868,0.3147837817668915,True,0.27261075377464294,True,1.2267483472824097,True,1,normal,7.851189136505127,-8.881784197001252e-16,2.7755575615628914e-17,0.0,0.20048060276386415,-0.008793105886847473,0.18451781632999575,5.757359309999984,17.74264069,5.0,-5.329070518200751e-15,0.0,0.0,12.0,0.0,-0.016482049599289894,17.99588213954121,-0.3141131103038788,5.75735931,17.74264069,5.0,0.014172738417983055,12.0,minimum_jerk,6
1785139569149977462,5.762777805328369,17.747202187776566,5.032726287841797,-0.03579234704375267,0.003277204465121031,0.12244683504104614,0.18037007749080658,29.900617599487305,0.03348398581147194,world,149932177,1785139569,0.17835988104343414,True,True,True,True,2.0003195294086105,0.2073947071956388,-5.758881079884369,0.3147837817668915,True,0.27261075377464294,True,1.2267483472824097,True,1,normal,7.851189136505127,-8.881784197001252e-16,2.7755575615628914e-17,0.0,0.20048060276386415,-0.008793105886847473,0.18451781632999575,5.757359309999984,17.74264069,5.0,-5.329070518200751e-15,0.0,0.0,12.0,0.0,-0.016482049599289894,17.99588213954121,-0.3141131103038788,5.75735931,17.74264069,5.0,0.03348398581147194,12.0,minimum_jerk,6
1785139569249997921,5.762013912200928,17.745556324720383,5.048563003540039,-0.04032228887081146,-0.008095579221844673,-0.4684906303882599,0.18037007749080658,30.000629425048828,0.048872604966163635,world,249945482,1785139569,0.17835988104343414,True,True,True,True,2.0654500164048875,0.3186022547438804,-4.684529561976363,0.3147837817668915,True,0.27261075377464294,True,1.2267483472824097,True,1,normal,7.851189136505127,-8.881784197001252e-16,2.7755575615628914e-17,0.0,0.20048060276386415,-0.008793105886847473,0.18451781632999575,5.757359309999984,17.74264069,5.0,-5.329070518200751e-15,0.0,0.0,12.0,0.0,-0.016482049599289894,17.99588213954121,-0.3141131103038788,5.75735931,17.74264069,5.0,0.048872604966163635,12.0,minimum_jerk,6
1785139569349931386,5.759884834289551,17.743353307247162,4.9932074546813965,-0.04459559917449951,-0.017720701172947884,-0.8311382532119751,0.18037007749080658,30.10057830810547,0.007281810976564884,world,349893564,1785139569,0.17835988104343414,True,True,True,True,2.1471174456665945,0.37042182425472636,0.8082513295634266,0.3147837817668915,True,0.27261075377464294,True,1.2267483472824097,True,1,normal,7.851189136505127,-8.881784197001252e-16,2.7755575615628914e-17,0.0,0.20048060276386415,-0.008793105886847473,0.18451781632999575,5.757359309999984,17.74264069,5.0,-5.329070518200751e-15,0.0,0.0,12.0,0.0,-0.016482049599289894,17.99588213954121,-0.3141131103038788,5.75735931,17.74264069,5.0,0.007281810976564884,12.0,minimum_jerk,6
1785139569450000787,5.761497974395752,17.7412069439888,4.987788200378418,-0.04365413635969162,-0.013546444475650787,-0.2137114554643631,0.18037007749080658,30.200632095336914,0.01297351997345686,world,449946044,1785139569,0.17835988104343414,True,True,True,True,2.06314269323682,0.40934439170943704,-1.0546208208334313,0.3147837817668915,True,0.27261075377464294,True,1.2267483472824097,True,1,normal,7.851189136505127,-8.881784197001252e-16,2.7755575615628914e-17,0.0,0.20048060276386415,-0.008793105886847473,0.18451781632999575,5.757359309999984,17.74264069,5.0,-5.329070518200751e-15,0.0,0.0,12.0,0.0,-0.016482049599289894,17.99588213954121,-0.3141131103038788,5.75735931,17.74264069,5.0,0.01297351997345686,12.0,minimum_jerk,6
1785139569549973847,5.762790679931641,17.740524232387543,5.037186622619629,-0.038984961807727814,0.002857309067621827,0.09485412389039993,0.18037007749080658,30.30061912536621,0.03764072433114052,world,549932569,1785139569,0.17835988104343414,True,True,True,True,1.960866332742396,0.38347286035661143,-6.065432126997019,0.3147837817668915,True,0.27261075377464294,True,1.2267483472824097,True,1,normal,7.851189136505127,-8.881784197001252e-16,2.7755575615628914e-17,0.0,0.20048060276386415,-0.008793105886847473,0.18451781632999575,5.757359309999984,17.74264069,5.0,-5.329070518200751e-15,0.0,0.0,12.0,0.0,-0.016482049599289894,17.99588213954121,-0.3141131103038788,5.75735931,17.74264069,5.0,0.03764072433114052,12.0,minimum_jerk,6
1785139569649972194,5.762636184692383,17.740976959466934,5.047645568847656,-0.042145177721977234,0.006048773881047964,-0.49275049567222595,0.18037007749080658,30.400619506835938,0.04796575382351875,world,649936597,1785139569,0.17835988104343414,True,True,True,True,2.0119242902089054,0.313024498123301,-4.613357549862421,0.3147837817668915,True,0.27261075377464294,True,1.2267483472824097,True,1,normal,7.851189136505127,-8.881784197001252e-16,2.7755575615628914e-17,0.0,0.20048060276386415,-0.008793105886847473,0.18451781632999575,5.757359309999984,17.74264069,5.0,-5.329070518200751e-15,0.0,0.0,12.0,0.0,-0.016482049599289894,17.99588213954121,-0.3141131103038788,5.75735931,17.74264069,5.0,0.04796575382351875,12.0,minimum_jerk,6
1785139569749912913,5.761172771453857,17.74186298251152,4.997137546539307,-0.04647320508956909,0.011590426787734032,-0.8184042572975159,0.18037007749080658,30.500566482543945,0.004831247963011265,world,749879630,1785139569,0.17835988104343414,True,True,True,True,2.0942370922844837,0.2755228364902223,0.9402456105580999,0.3147837817668915,True,0.27261075377464294,True,1.2267483472824097,True,1,normal,7.851189136505127,-8.881784197001252e-16,2.7755575615628914e-17,0.0,0.20048060276386415,-0.008793105886847473,0.18451781632999575,5.757359309999984,17.74264069,5.0,-5.329070518200751e-15,0.0,0.0,12.0,0.0,-0.016482049599289894,17.99588213954121,-0.3141131103038788,5.75735931,17.74264069,5.0,0.004831247963011265,12.0,minimum_jerk,6
1785139569850006340,5.764373302459717,17.741287529468536,4.993428707122803,-0.0512978695333004,0.020559394732117653,-0.13470929861068726,0.18037007749080658,30.600637435913086,0.009706133045256138,world,849952287,1785139569,0.17835988104343414,True,True,True,True,1.9622162504042944,0.3153009854192579,-1.606002894807931,0.3147837817668915,True,0.27261075377464294,True,1.2267483472824097,True,1,normal,7.851189136505127,-8.881784197001252e-16,2.7755575615628914e-17,0.0,0.20048060276386415,-0.008793105886847473,0.18451781632999575,5.757359309999984,17.74264069,5.0,-5.329070518200751e-15,0.0,0.0,12.0,0.0,-0.016482049599289894,17.99588213954121,-0.3141131103038788,5.75735931,17.74264069,5.0,0.009706133045256138,12.0,minimum_jerk,6
1785139569950000589,5.766490459442139,17.74107438325882,5.045651435852051,-0.05125441029667854,0.017302367836236954,0.1267097145318985,0.18037007749080658,30.700637817382812,0.046582020819187164,world,949953640,1785139569,0.17835988104343414,True,True,True,True,1.8295719884512744,0.3459144498437973,-7.029449420158896,0.3147837817668915,True,0.27261075377464294,True,1.2267483472824097,True,1,normal,7.851189136505127,-8.881784197001252e-16,2.7755575615628914e-17,0.0,0.20048060276386415,-0.008793105886847473,0.18451781632999575,5.757359309999984,17.74264069,5.0,-5.329070518200751e-15,0.0,0.0,12.0,0.0,-0.016482049599289894,17.99588213954121,-0.3141131103038788,5.75735931,17.74264069,5.0,0.046582020819187164,12.0,minimum_jerk,6
1785139570049948341,5.766514301300049,17.741065680980682,5.056850433349609,-0.05599291995167732,0.014244056306779385,-0.5636571049690247,0.18037007749080658,30.800594329833984,0.05760439485311508,world,49907594,1785139570,0.17835988104343414,True,True,True,True,1.9207722414335207,0.3286536061277294,-4.852296117871221,0.3147837817668915,True,0.27261075377464294,True,1.2267483472824097,True,1,normal,7.851189136505127,-8.881784197001252e-16,2.7755575615628914e-17,0.0,0.20048060276386415,-0.008793105886847473,0.18451781632999575,5.757359309999984,17.74264069,5.0,-5.329070518200751e-15,0.0,0.0,12.0,0.0,-0.016482049599289894,17.99588213954121,-0.3141131103038788,5.75735931,17.74264069,5.0,0.05760439485311508,12.0,minimum_jerk,6
1785139570149983638,5.764406204223633,17.741237848997116,4.993066310882568,-0.06385384500026703,0.011600201949477196,-0.8814681172370911,0.18037007749080658,30.900630950927734,0.009985125623643398,world,149945095,1785139570,0.17835988104343414,True,True,True,True,2.0278274758279915,0.3193534185596937,0.9482439564611886,0.3147837817668915,True,0.27261075377464294,True,1.2267483472824097,True,1,normal,7.851189136505127,-8.881784197001252e-16,2.7755575615628914e-17,0.0,0.20048060276386415,-0.008793105886847473,0.18451781632999575,5.757359309999984,17.74264069,5.0,-5.329070518200751e-15,0.0,0.0,12.0,0.0,-0.016482049599289894,17.99588213954121,-0.3141131103038788,5.75735931,17.74264069,5.0,0.009985125623643398,12.0,minimum_jerk,6
1785139570249947299,5.763901710510254,17.740718990564346,4.9911370277404785,-0.07791145890951157,0.01334703154861927,-0.19465382397174835,0.18037007749080658,31.00058364868164,0.011182495392858982,world,249897575,1785139570,0.17835988104343414,True,True,True,True,2.0238883333431166,0.3429712721962175,-1.6919031158435565,0.3147837817668915,True,0.27261075377464294,True,1.2267483472824097,True,1,normal,7.851189136505127,-8.881784197001252e-16,2.7755575615628914e-17,0.0,0.20048060276386415,-0.008793105886847473,0.18451781632999575,5.757359309999984,17.74264069,5.0,-5.329070518200751e-15,0.0,0.0,12.0,0.0,-0.016482049599289894,17.99588213954121,-0.3141131103038788,5.75735931,17.74264069,5.0,0.011182495392858982,12.0,minimum_jerk,6
1785139570349925007,5.761630535125732,17.740842550992966,5.04066801071167,-0.0778573676943779,0.01620470918715,0.09397953003644943,0.18037007749080658,31.100574493408203,0.040931206196546555,world,349887697,1785139570,0.17835988104343414,True,True,True,True,2.058312615351801,0.34124587652911825,-6.834429830082511,0.3147837817668915,True,0.27261075377464294,True,1.2267483472824097,True,1,normal,7.851189136505127,-8.881784197001252e-16,2.7755575615628914e-17,0.0,0.20048060276386415,-0.008793105886847473,0.18451781632999575,5.757359309999984,17.74264069,5.0,-5.329070518200751e-15,0.0,0.0,12.0,0.0,-0.016482049599289894,17.99588213954121,-0.3141131103038788,5.75735931,17.74264069,5.0,0.040931206196546555,12.0,minimum_jerk,6
1785139570450017022,5.7576704025268555,17.741466641426086,5.051841735839844,-0.07884778082370758,0.014232438057661057,-0.5578484535217285,0.18037007749080658,31.200651168823242,0.051855962723493576,world,449971546,1785139570,0.17835988104343414,True,True,True,True,2.1714096896194297,0.3075360799072084,-5.088678291140297,0.3147837817668915,True,0.27261075377464294,True,1.2267483472824097,True,1,normal,7.851189136505127,-8.881784197001252e-16,2.7755575615628914e-17,0.0,0.20048060276386415,-0.008793105886847473,0.18451781632999575,5.757359309999984,17.74264069,5.0,-5.329070518200751e-15,0.0,0.0,12.0,0.0,-0.016482049599289894,17.99588213954121,-0.3141131103038788,5.75735931,17.74264069,5.0,0.051855962723493576,12.0,minimum_jerk,6
1785139570549997104,5.752986431121826,17.742147982120514,4.996379375457764,-0.0731581300497055,0.013373191468417645,-0.8853738307952881,0.18037007749080658,31.300636291503906,0.005698574706912041,world,549954844,1785139570,0.17835988104343414,True,True,True,True,2.2911543846242033,0.2906807262209818,0.6582260658649288,0.3147837817668915,True,0.27261075377464294,True,1.2267483472824097,True,1,normal,7.851189136505127,-8.881784197001252e-16,2.7755575615628914e-17,0.0,0.20048060276386415,-0.008793105886847473,0.18451781632999575,5.757359309999984,17.74264069,5.0,-5.329070518200751e-15,0.0,0.0,12.0,0.0,-0.016482049599289894,17.99588213954121,-0.3141131103038788,5.75735931,17.74264069,5.0,0.005698574706912041,12.0,minimum_jerk,6
1785139570650010089,5.755197525024414,17.740623474121094,4.991852760314941,-0.03721747547388077,0.014261391945183277,-0.1597859263420105,0.18037007749080658,31.40065574645996,0.008667178452014923,world,649973410,1785139570,0.17835988104343414,True,True,True,True,2.1176473266467535,0.3625082568190529,-1.9207871507815915,0.3147837817668915,True,0.27261075377464294,True,1.2267483472824097,True,1,normal,7.851189136505127,-8.881784197001252e-16,2.7755575615628914e-17,0.0,0.20048060276386415,-0.008793105886847473,0.18451781632999575,5.757359309999984,17.74264069,5.0,-5.329070518200751e-15,0.0,0.0,12.0,0.0,-0.016482049599289894,17.99588213954121,-0.3141131103038788,5.75735931,17.74264069,5.0,0.008667178452014923,12.0,minimum_jerk,6
1785139570749963772,5.7600884437561035,17.73935553431511,5.045406818389893,-0.00994233787059784,0.013024630956351757,0.14735497534275055,0.18037007749080658,31.50059700012207,0.04560723155736923,world,749914349,1785139570,0.17835988104343414,True,True,True,True,1.8013030467630944,0.4305383943650034,-7.601666666754123,0.3147837817668915,True,0.27261075377464294,True,1.2267483472824097,True,1,normal,7.851189136505127,-8.881784197001252e-16,2.7755575615628914e-17,0.0,0.20048060276386415,-0.008793105886847473,0.18451781632999575,5.757359309999984,17.74264069,5.0,-5.329070518200751e-15,0.0,0.0,12.0,0.0,-0.016482049599289894,17.99588213954121,-0.3141131103038788,5.75735931,17.74264069,5.0,0.04560723155736923,12.0,minimum_jerk,6
1785139570850025339,5.764394760131836,17.73859390616417,5.060070037841797,-0.011833082884550095,0.01034463755786419,-0.5530524253845215,0.18037007749080658,31.600648880004883,0.060615867376327515,world,849964203,1785139570,0.17835988104343414,True,True,True,True,1.7551569527212603,0.409577266442228,-5.670467049013135,0.3147837817668915,True,0.27261075377464294,True,1.2267483472824097,True,1,normal,7.851189136505127,-8.881784197001252e-16,2.7755575615628914e-17,0.0,0.20048060276386415,-0.008793105886847473,0.18451781632999575,5.757359309999984,17.74264069,5.0,-5.329070518200751e-15,0.0,0.0,12.0,0.0,-0.016482049599289894,17.99588213954121,-0.3141131103038788,5.75735931,17.74264069,5.0,0.060615867376327515,12.0,minimum_jerk,6
1785139570949987517,5.766429424285889,17.738348931074142,4.996692180633545,-0.025196785107254982,0.013015751726925373,-0.9202986359596252,0.18037007749080658,31.70062255859375,0.010565407574176788,world,949936792,1785139570,0.17835988104343414,True,True,True,True,1.8041699463778869,0.3955494566992603,0.4892416697575306,0.3147837817668915,True,0.27261075377464294,True,1.2267483472824097,True,1,normal,7.851189136505127,-8.881784197001252e-16,2.7755575615628914e-17,0.0,0.20048060276386415,-0.008793105886847473,0.18451781632999575,5.757359309999984,17.74264069,5.0,-5.329070518200751e-15,0.0,0.0,12.0,0.0,-0.016482049599289894,17.99588213954121,-0.3141131103038788,5.75735931,17.74264069,5.0,0.010565407574176788,12.0,minimum_jerk,6
1785139571050021442,5.768703460693359,17.738159954547882,4.990981578826904,-0.07021842151880264,0.028327226638793945,-0.25534000992774963,0.18037007749080658,31.800634384155273,0.015169003047049046,world,49954165,1785139571,0.17835988104343414,True,True,True,True,1.7888016731811562,0.3982663977678593,-1.9206122773373533,0.3147837817668915,True,0.27261075377464294,True,1.2267483472824097,True,1,normal,7.851189136505127,-8.881784197001252e-16,2.7755575615628914e-17,0.0,0.20048060276386415,-0.008793105886847473,0.18451781632999575,5.757359309999984,17.74264069,5.0,-5.329070518200751e-15,0.0,0.0,12.0,0.0,-0.016482049599289894,17.99588213954121,-0.3141131103038788,5.75735931,17.74264069,5.0,0.015169003047049046,12.0,minimum_jerk,6
1785139571150003288,5.765651226043701,17.73982772231102,5.0365729331970215,-0.1021866425871849,0.03817309811711311,0.0723947212100029,0.18037007749080658,31.900651931762695,0.03760648891329765,world,149965466,1785139571,0.17835988104343414,True,True,True,True,1.9566100607345847,0.32519284842042084,-6.99449148712638,0.3147837817668915,True,0.27261075377464294,True,1.2267483472824097,True,1,normal,7.851189136505127,-8.881784197001252e-16,2.7755575615628914e-17,0.0,0.20048060276386415,-0.008793105886847473,0.18451781632999575,5.757359309999984,17.74264069,5.0,-5.329070518200751e-15,0.0,0.0,12.0,0.0,-0.016482049599289894,17.99588213954121,-0.3141131103038788,5.75735931,17.74264069,5.0,0.03760648891329765,12.0,minimum_jerk,6
1785139571250047902,5.7589430809021,17.74248570203781,5.047848701477051,-0.10840295255184174,0.036482781171798706,-0.5471194982528687,0.18037007749080658,32.00067901611328,0.04787515476346016,world,249995864,1785139571,0.17835988104343414,True,True,True,True,2.2355468660853726,0.23364273088962967,-5.2825878471297445,0.3147837817668915,True,0.27261075377464294,True,1.2267483472824097,True,1,normal,7.851189136505127,-8.881784197001252e-16,2.7755575615628914e-17,0.0,0.20048060276386415,-0.008793105886847473,0.18451781632999575,5.757359309999984,17.74264069,5.0,-5.329070518200751e-15,0.0,0.0,12.0,0.0,-0.016482049599289894,17.99588213954121,-0.3141131103038788,5.75735931,17.74264069,5.0,0.04787515476346016,12.0,minimum_jerk,6
1785139571349959074,5.751377105712891,17.745063364505768,4.99488639831543,-0.1042637750506401,0.032269202172756195,-0.8507373929023743,0.18037007749080658,32.100608825683594,0.008234381675720215,world,349923347,1785139571,0.17835988104343414,True,True,True,True,2.411008606589835,0.18894462892752922,0.3097055480865345,0.3147837817668915,True,0.27261075377464294,True,1.2267483472824097,True,1,normal,7.851189136505127,-8.881784197001252e-16,2.7755575615628914e-17,0.0,0.20048060276386415,-0.008793105886847473,0.18451781632999575,5.757359309999984,17.74264069,5.0,-5.329070518200751e-15,0.0,0.0,12.0,0.0,-0.016482049599289894,17.99588213954121,-0.3141131103038788,5.75735931,17.74264069,5.0,0.008234381675720215,12.0,minimum_jerk,6
