[35m[1785136908.327617][m info     | [34mUDPv4AgentLinux.cpp[m | [37minit                    [m | [32mrunning...[m             | port: 8888
[35m[1785136908.327794][m info     | [34mRoot.cpp          [m | [37mset_verbose_level       [m | [32mlogger setup[m           | verbose_level: 4
[35m[1785136916.239484][m info     | [34mRoot.cpp          [m | [37mcreate_client           [m | [32mcreate[m                 | client_key: 0x00000002, session_id: 0x81
[35m[1785136916.239524][m info     | [34mSessionManager.hpp[m | [37mestablish_session       [m | [32msession established[m    | client_key: 0x00000002, address: 127.0.0.1:57578
[35m[1785136916.242230][m info     | [34mProxyClient.cpp   [m | [37mcreate_participant      [m | [32mparticipant created[m    | client_key: 0x00000002, participant_id: 0x001(1)
[35m[1785136916.242334][m info     | [34mProxyClient.cpp   [m | [37mcreate_topic            [m | [32mtopic created[m          | client_key: 0x00000002, topic_id: 0x800(2), participant_id: 0x001(1)
[35m[1785136916.242374][m info     | [34mProxyClient.cpp   [m | [37mcreate_subscriber       [m | [32msubscriber created[m     | client_key: 0x00000002, subscriber_id: 0x800(4), participant_id: 0x001(1)
[35m[1785136916.243520][m info     | [34mProxyClient.cpp   [m | [37mcreate_datareader       [m | [32mdatareader created[m     | client_key: 0x00000002, datareader_id: 0x800(6), subscriber_id: 0x800(4)
[35m[1785136916.243622][m info     | [34mProxyClient.cpp   [m | [37mcreate_topic            [m | [32mtopic created[m          | client_key: 0x00000002, topic_id: 0x801(2), participant_id: 0x001(1)
[35m[1785136916.243634][m info     | [34mProxyClient.cpp   [m | [37mcreate_subscriber       [m | [32msubscriber created[m     | client_key: 0x00000002, subscriber_id: 0x801(4), participant_id: 0x001(1)
[35m[1785136916.243935][m info     | [34mProxyClient.cpp   [m | [37mcreate_datareader       [m | [32mdatareader created[m     | client_key: 0x00000002, datareader_id: 0x801(6), subscriber_id: 0x801(4)
[35m[1785136916.244015][m info     | [34mProxyClient.cpp   [m | [37mcreate_topic            [m | [32mtopic created[m          | client_key: 0x00000002, topic_id: 0x802(2), participant_id: 0x001(1)
[35m[1785136916.244031][m info     | [34mProxyClient.cpp   [m | [37mcreate_subscriber       [m | [32msubscriber created[m     | client_key: 0x00000002, subscriber_id: 0x802(4), participant_id: 0x001(1)
[35m[1785136916.244277][m info     | [34mProxyClient.cpp   [m | [37mcreate_datareader       [m | [32mdatareader created[m     | client_key: 0x00000002, datareader_id: 0x802(6), subscriber_id: 0x802(4)
[35m[1785136916.244350][m info     | [34mProxyClient.cpp   [m | [37mcreate_topic            [m | [32mtopic created[m          | client_key: 0x00000002, topic_id: 0x803(2), participant_id: 0x001(1)
[35m[1785136916.244366][m info     | [34mProxyClient.cpp   [m | [37mcreate_subscriber       [m | [32msubscriber created[m     | client_key: 0x00000002, subscriber_id: 0x803(4), participant_id: 0x001(1)
[35m[1785136916.244550][m info     | [34mProxyClient.cpp   [m | [37mcreate_datareader       [m | [32mdatareader created[m     | client_key: 0x00000002, datareader_id: 0x803(6), subscriber_id: 0x803(4)
[35m[1785136916.244629][m info     | [34mProxyClient.cpp   [m | [37mcreate_topic            [m | [32mtopic created[m          | client_key: 0x00000002, topic_id: 0x804(2), participant_id: 0x001(1)
[35m[1785136916.244644][m info     | [34mProxyClient.cpp   [m | [37mcreate_subscriber       [m | [32msubscriber created[m     | client_key: 0x00000002, subscriber_id: 0x804(4), participant_id: 0x001(1)
[35m[1785136916.244833][m info     | [34mProxyClient.cpp   [m | [37mcreate_datareader       [m | [32mdatareader created[m     | client_key: 0x00000002, datareader_id: 0x804(6), subscriber_id: 0x804(4)
[35m[1785136916.244906][m info     | [34mProxyClient.cpp   [m | [37mcreate_topic            [m | [32mtopic created[m          | client_key: 0x00000002, topic_id: 0x805(2), participant_id: 0x001(1)
[35m[1785136916.244925][m info     | [34mProxyClient.cpp   [m | [37mcreate_subscriber       [m | [32msubscriber created[m     | client_key: 0x00000002, subscriber_id: 0x805(4), participant_id: 0x001(1)
[35m[1785136916.245114][m info     | [34mProxyClient.cpp   [m | [37mcreate_datareader       [m | [32mdatareader created[m     | client_key: 0x00000002, datareader_id: 0x805(6), subscriber_id: 0x805(4)
[35m[1785136916.245223][m info     | [34mProxyClient.cpp   [m | [37mcreate_topic            [m | [32mtopic created[m          | client_key: 0x00000002, topic_id: 0x806(2), participant_id: 0x001(1)
[35m[1785136916.245238][m info     | [34mProxyClient.cpp   [m | [37mcreate_subscriber       [m | [32msubscriber created[m     | client_key: 0x00000002, subscriber_id: 0x806(4), participant_id: 0x001(1)
[35m[1785136916.245430][m info     | [34mProxyClient.cpp   [m | [37mcreate_datareader       [m | [32mdatareader created[m     | client_key: 0x00000002, datareader_id: 0x806(6), subscriber_id: 0x806(4)
[35m[1785136916.245509][m info     | [34mProxyClient.cpp   [m | [37mcreate_topic            [m | [32mtopic created[m          | client_key: 0x00000002, topic_id: 0x807(2), participant_id: 0x001(1)
[35m[1785136916.245524][m info     | [34mProxyClient.cpp   [m | [37mcreate_subscriber       [m | [32msubscriber created[m     | client_key: 0x00000002, subscriber_id: 0x807(4), participant_id: 0x001(1)
[35m[1785136916.245711][m info     | [34mProxyClient.cpp   [m | [37mcreate_datareader       [m | [32mdatareader created[m     | client_key: 0x00000002, datareader_id: 0x807(6), subscriber_id: 0x807(4)
[35m[1785136916.245798][m info     | [34mProxyClient.cpp   [m | [37mcreate_topic            [m | [32mtopic created[m          | client_key: 0x00000002, topic_id: 0x808(2), participant_id: 0x001(1)
[35m[1785136916.245809][m info     | [34mProxyClient.cpp   [m | [37mcreate_subscriber       [m | [32msubscriber created[m     | client_key: 0x00000002, subscriber_id: 0x808(4), participant_id: 0x001(1)
[35m[1785136916.245993][m info     | [34mProxyClient.cpp   [m | [37mcreate_datareader       [m | [32mdatareader created[m     | client_key: 0x00000002, datareader_id: 0x808(6), subscriber_id: 0x808(4)
[35m[1785136916.246063][m info     | [34mProxyClient.cpp   [m | [37mcreate_topic            [m | [32mtopic created[m          | client_key: 0x00000002, topic_id: 0x809(2), participant_id: 0x001(1)
[35m[1785136916.246074][m info     | [34mProxyClient.cpp   [m | [37mcreate_subscriber       [m | [32msubscriber created[m     | client_key: 0x00000002, subscriber_id: 0x809(4), participant_id: 0x001(1)
[35m[1785136916.246265][m info     | [34mProxyClient.cpp   [m | [37mcreate_datareader       [m | [32mdatareader created[m     | client_key: 0x00000002, datareader_id: 0x809(6), subscriber_id: 0x809(4)
[35m[1785136916.246339][m info     | [34mProxyClient.cpp   [m | [37mcreate_topic            [m | [32mtopic created[m          | client_key: 0x00000002, topic_id: 0x80A(2), participant_id: 0x001(1)
[35m[1785136916.246350][m info     | [34mProxyClient.cpp   [m | [37mcreate_subscriber       [m | [32msubscriber created[m     | client_key: 0x00000002, subscriber_id: 0x80A(4), participant_id: 0x001(1)
[35m[1785136916.246533][m info     | [34mProxyClient.cpp   [m | [37mcreate_datareader       [m | [32mdatareader created[m     | client_key: 0x00000002, datareader_id: 0x80A(6), subscriber_id: 0x80A(4)
[35m[1785136916.246604][m info     | [34mProxyClient.cpp   [m | [37mcreate_topic            [m | [32mtopic created[m          | client_key: 0x00000002, topic_id: 0x80B(2), participant_id: 0x001(1)
[35m[1785136916.246620][m info     | [34mProxyClient.cpp   [m | [37mcreate_subscriber       [m | [32msubscriber created[m     | client_key: 0x00000002, subscriber_id: 0x80B(4), participant_id: 0x001(1)
[35m[1785136916.246808][m info     | [34mProxyClient.cpp   [m | [37mcreate_datareader       [m | [32mdatareader created[m     | client_key: 0x00000002, datareader_id: 0x80B(6), subscriber_id: 0x80B(4)
[35m[1785136916.246885][m info     | [34mProxyClient.cpp   [m | [37mcreate_topic            [m | [32mtopic created[m          | client_key: 0x00000002, topic_id: 0x80C(2), participant_id: 0x001(1)
[35m[1785136916.246896][m info     | [34mProxyClient.cpp   [m | [37mcreate_subscriber       [m | [32msubscriber created[m     | client_key: 0x00000002, subscriber_id: 0x80C(4), participant_id: 0x001(1)
[35m[1785136916.247082][m info     | [34mProxyClient.cpp   [m | [37mcreate_datareader       [m | [32mdatareader created[m     | client_key: 0x00000002, datareader_id: 0x80C(6), subscriber_id: 0x80C(4)
[35m[1785136916.247182][m info     | [34mProxyClient.cpp   [m | [37mcreate_topic            [m | [32mtopic created[m          | client_key: 0x00000002, topic_id: 0x80D(2), participant_id: 0x001(1)
[35m[1785136916.247197][m info     | [34mProxyClient.cpp   [m | [37mcreate_subscriber       [m | [32msubscriber created[m     | client_key: 0x00000002, subscriber_id: 0x80D(4), participant_id: 0x001(1)
[35m[1785136916.247390][m info     | [34mProxyClient.cpp   [m | [37mcreate_datareader       [m | [32mdatareader created[m     | client_key: 0x00000002, datareader_id: 0x80D(6), subscriber_id: 0x80D(4)
[35m[1785136916.247494][m info     | [34mProxyClient.cpp   [m | [37mcreate_topic            [m | [32mtopic created[m          | client_key: 0x00000002, topic_id: 0x80E(2), participant_id: 0x001(1)
[35m[1785136916.247506][m info     | [34mProxyClient.cpp   [m | [37mcreate_subscriber       [m | [32msubscriber created[m     | client_key: 0x00000002, subscriber_id: 0x80E(4), participant_id: 0x001(1)
[35m[1785136916.247699][m info     | [34mProxyClient.cpp   [m | [37mcreate_datareader       [m | [32mdatareader created[m     | client_key: 0x00000002, datareader_id: 0x80E(6), subscriber_id: 0x80E(4)
[35m[1785136916.247783][m info     | [34mProxyClient.cpp   [m | [37mcreate_topic            [m | [32mtopic created[m          | client_key: 0x00000002, topic_id: 0x80F(2), participant_id: 0x001(1)
[35m[1785136916.247795][m info     | [34mProxyClient.cpp   [m | [37mcreate_subscriber       [m | [32msubscriber created[m     | client_key: 0x00000002, subscriber_id: 0x80F(4), participant_id: 0x001(1)
[35m[1785136916.247989][m info     | [34mProxyClient.cpp   [m | [37mcreate_datareader       [m | [32mdatareader created[m     | client_key: 0x00000002, datareader_id: 0x80F(6), subscriber_id: 0x80F(4)
[35m[1785136916.248061][m info     | [34mProxyClient.cpp   [m | [37mcreate_topic            [m | [32mtopic created[m          | client_key: 0x00000002, topic_id: 0x810(2), participant_id: 0x001(1)
[35m[1785136916.248076][m info     | [34mProxyClient.cpp   [m | [37mcreate_subscriber       [m | [32msubscriber created[m     | client_key: 0x00000002, subscriber_id: 0x810(4), participant_id: 0x001(1)
[35m[1785136916.248272][m info     | [34mProxyClient.cpp   [m | [37mcreate_datareader       [m | [32mdatareader created[m     | client_key: 0x00000002, datareader_id: 0x810(6), subscriber_id: 0x810(4)
[35m[1785136916.248355][m info     | [34mProxyClient.cpp   [m | [37mcreate_topic            [m | [32mtopic created[m          | client_key: 0x00000002, topic_id: 0x811(2), participant_id: 0x001(1)
[35m[1785136916.248366][m info     | [34mProxyClient.cpp   [m | [37mcreate_subscriber       [m | [32msubscriber created[m     | client_key: 0x00000002, subscriber_id: 0x811(4), participant_id: 0x001(1)
[35m[1785136916.248584][m info     | [34mProxyClient.cpp   [m | [37mcreate_datareader       [m | [32mdatareader created[m     | client_key: 0x00000002, datareader_id: 0x811(6), subscriber_id: 0x811(4)
[35m[1785136916.248676][m info     | [34mProxyClient.cpp   [m | [37mcreate_topic            [m | [32mtopic created[m          | client_key: 0x00000002, topic_id: 0x812(2), participant_id: 0x001(1)
[35m[1785136916.248690][m info     | [34mProxyClient.cpp   [m | [37mcreate_subscriber       [m | [32msubscriber created[m     | client_key: 0x00000002, subscriber_id: 0x812(4), participant_id: 0x001(1)
[35m[1785136916.248929][m info     | [34mProxyClient.cpp   [m | [37mcreate_datareader       [m | [32mdatareader created[m     | client_key: 0x00000002, datareader_id: 0x812(6), subscriber_id: 0x812(4)
[35m[1785136916.249012][m info     | [34mProxyClient.cpp   [m | [37mcreate_topic            [m | [32mtopic created[m          | client_key: 0x00000002, topic_id: 0x813(2), participant_id: 0x001(1)
[35m[1785136916.249030][m info     | [34mProxyClient.cpp   [m | [37mcreate_subscriber       [m | [32msubscriber created[m     | client_key: 0x00000002, subscriber_id: 0x813(4), participant_id: 0x001(1)
[35m[1785136916.249296][m info     | [34mProxyClient.cpp   [m | [37mcreate_datareader       [m | [32mdatareader created[m     | client_key: 0x00000002, datareader_id: 0x813(6), subscriber_id: 0x813(4)
[35m[1785136916.249374][m info     | [34mProxyClient.cpp   [m | [37mcreate_topic            [m | [32mtopic created[m          | client_key: 0x00000002, topic_id: 0x814(2), participant_id: 0x001(1)
[35m[1785136916.249385][m info     | [34mProxyClient.cpp   [m | [37mcreate_subscriber       [m | [32msubscriber created[m     | client_key: 0x00000002, subscriber_id: 0x814(4), participant_id: 0x001(1)
[35m[1785136916.249581][m info     | [34mProxyClient.cpp   [m | [37mcreate_datareader       [m | [32mdatareader created[m     | client_key: 0x00000002, datareader_id: 0x814(6), subscriber_id: 0x814(4)
[35m[1785136916.249648][m info     | [34mProxyClient.cpp   [m | [37mcreate_topic            [m | [32mtopic created[m          | client_key: 0x00000002, topic_id: 0x815(2), participant_id: 0x001(1)
[35m[1785136916.249663][m info     | [34mProxyClient.cpp   [m | [37mcreate_subscriber       [m | [32msubscriber created[m     | client_key: 0x00000002, subscriber_id: 0x815(4), participant_id: 0x001(1)
[35m[1785136916.249860][m info     | [34mProxyClient.cpp   [m | [37mcreate_datareader       [m | [32mdatareader created[m     | client_key: 0x00000002, datareader_id: 0x815(6), subscriber_id: 0x815(4)
[35m[1785136916.249945][m info     | [34mProxyClient.cpp   [m | [37mcreate_topic            [m | [32mtopic created[m          | client_key: 0x00000002, topic_id: 0x816(2), participant_id: 0x001(1)
[35m[1785136916.249958][m info     | [34mProxyClient.cpp   [m | [37mcreate_subscriber       [m | [32msubscriber created[m     | client_key: 0x00000002, subscriber_id: 0x816(4), participant_id: 0x001(1)
[35m[1785136916.250158][m info     | [34mProxyClient.cpp   [m | [37mcreate_datareader       [m | [32mdatareader created[m     | client_key: 0x00000002, datareader_id: 0x816(6), subscriber_id: 0x816(4)
[35m[1785136916.250261][m info     | [34mProxyClient.cpp   [m | [37mcreate_topic            [m | [32mtopic created[m          | client_key: 0x00000002, topic_id: 0x817(2), participant_id: 0x001(1)
[35m[1785136916.250274][m info     | [34mProxyClient.cpp   [m | [37mcreate_subscriber       [m | [32msubscriber created[m     | client_key: 0x00000002, subscriber_id: 0x817(4), participant_id: 0x001(1)
[35m[1785136916.250468][m info     | [34mProxyClient.cpp   [m | [37mcreate_datareader       [m | [32mdatareader created[m     | client_key: 0x00000002, datareader_id: 0x817(6), subscriber_id: 0x817(4)
[35m[1785136916.250540][m info     | [34mProxyClient.cpp   [m | [37mcreate_topic            [m | [32mtopic created[m          | client_key: 0x00000002, topic_id: 0x818(2), participant_id: 0x001(1)
[35m[1785136916.250556][m info     | [34mProxyClient.cpp   [m | [37mcreate_subscriber       [m | [32msubscriber created[m     | client_key: 0x00000002, subscriber_id: 0x818(4), participant_id: 0x001(1)
[35m[1785136916.250754][m info     | [34mProxyClient.cpp   [m | [37mcreate_datareader       [m | [32mdatareader created[m     | client_key: 0x00000002, datareader_id: 0x818(6), subscriber_id: 0x818(4)
[35m[1785136916.250830][m info     | [34mProxyClient.cpp   [m | [37mcreate_topic            [m | [32mtopic created[m          | client_key: 0x00000002, topic_id: 0x819(2), participant_id: 0x001(1)
[35m[1785136916.250848][m info     | [34mProxyClient.cpp   [m | [37mcreate_subscriber       [m | [32msubscriber created[m     | client_key: 0x00000002, subscriber_id: 0x819(4), participant_id: 0x001(1)
[35m[1785136916.251043][m info     | [34mProxyClient.cpp   [m | [37mcreate_datareader       [m | [32mdatareader created[m     | client_key: 0x00000002, datareader_id: 0x819(6), subscriber_id: 0x819(4)
[35m[1785136916.251117][m info     | [34mProxyClient.cpp   [m | [37mcreate_topic            [m | [32mtopic created[m          | client_key: 0x00000002, topic_id: 0x81A(2), participant_id: 0x001(1)
[35m[1785136916.251133][m info     | [34mProxyClient.cpp   [m | [37mcreate_subscriber       [m | [32msubscriber created[m     | client_key: 0x00000002, subscriber_id: 0x81A(4), participant_id: 0x001(1)
[35m[1785136916.251339][m info     | [34mProxyClient.cpp   [m | [37mcreate_datareader       [m | [32mdatareader created[m     | client_key: 0x00000002, datareader_id: 0x81A(6), subscriber_id: 0x81A(4)
[35m[1785136916.251420][m info     | [34mProxyClient.cpp   [m | [37mcreate_topic            [m | [32mtopic created[m          | client_key: 0x00000002, topic_id: 0x81B(2), participant_id: 0x001(1)
[35m[1785136916.251437][m info     | [34mProxyClient.cpp   [m | [37mcreate_subscriber       [m | [32msubscriber created[m     | client_key: 0x00000002, subscriber_id: 0x81B(4), participant_id: 0x001(1)
[35m[1785136916.251630][m info     | [34mProxyClient.cpp   [m | [37mcreate_datareader       [m | [32mdatareader created[m     | client_key: 0x00000002, datareader_id: 0x81B(6), subscriber_id: 0x81B(4)
[35m[1785136916.251702][m info     | [34mProxyClient.cpp   [m | [37mcreate_topic            [m | [32mtopic created[m          | client_key: 0x00000002, topic_id: 0x81C(2), participant_id: 0x001(1)
[35m[1785136916.251718][m info     | [34mProxyClient.cpp   [m | [37mcreate_subscriber       [m | [32msubscriber created[m     | client_key: 0x00000002, subscriber_id: 0x81C(4), participant_id: 0x001(1)
[35m[1785136916.251914][m info     | [34mProxyClient.cpp   [m | [37mcreate_datareader       [m | [32mdatareader created[m     | client_key: 0x00000002, datareader_id: 0x81C(6), subscriber_id: 0x81C(4)
[35m[1785136916.252356][m info     | [34mProxyClient.cpp   [m | [37mcreate_replier          [m | [32mreplier created[m        | client_key: 0x00000002, requester_id: 0x800(7), participant_id: 0x001(1)
[35m[1785136916.488472][m info     | [34mRoot.cpp          [m | [37mcreate_client           [m | [32mcreate[m                 | client_key: 0x00000003, session_id: 0x81
[35m[1785136916.488494][m info     | [34mSessionManager.hpp[m | [37mestablish_session       [m | [32msession established[m    | client_key: 0x00000003, address: 127.0.0.1:5299
[35m[1785136916.490350][m info     | [34mProxyClient.cpp   [m | [37mcreate_participant      [m | [32mparticipant created[m    | client_key: 0x00000003, participant_id: 0x001(1)
[35m[1785136916.490459][m info     | [34mProxyClient.cpp   [m | [37mcreate_topic            [m | [32mtopic created[m          | client_key: 0x00000003, topic_id: 0x800(2), participant_id: 0x001(1)
[35m[1785136916.490492][m info     | [34mProxyClient.cpp   [m | [37mcreate_subscriber       [m | [32msubscriber created[m     | client_key: 0x00000003, subscriber_id: 0x800(4), participant_id: 0x001(1)
[35m[1785136916.490825][m info     | [34mProxyClient.cpp   [m | [37mcreate_datareader       [m | [32mdatareader created[m     | client_key: 0x00000003, datareader_id: 0x800(6), subscriber_id: 0x800(4)
[35m[1785136916.490937][m info     | [34mProxyClient.cpp   [m | [37mcreate_topic            [m | [32mtopic created[m          | client_key: 0x00000003, topic_id: 0x801(2), participant_id: 0x001(1)
[35m[1785136916.490956][m info     | [34mProxyClient.cpp   [m | [37mcreate_subscriber       [m | [32msubscriber created[m     | client_key: 0x00000003, subscriber_id: 0x801(4), participant_id: 0x001(1)
[35m[1785136916.491237][m info     | [34mProxyClient.cpp   [m | [37mcreate_datareader       [m | [32mdatareader created[m     | client_key: 0x00000003, datareader_id: 0x801(6), subscriber_id: 0x801(4)
[35m[1785136916.491345][m info     | [34mProxyClient.cpp   [m | [37mcreate_topic            [m | [32mtopic created[m          | client_key: 0x00000003, topic_id: 0x802(2), participant_id: 0x001(1)
[35m[1785136916.491361][m info     | [34mProxyClient.cpp   [m | [37mcreate_subscriber       [m | [32msubscriber created[m     | client_key: 0x00000003, subscriber_id: 0x802(4), participant_id: 0x001(1)
[35m[1785136916.491589][m info     | [34mProxyClient.cpp   [m | [37mcreate_datareader       [m | [32mdatareader created[m     | client_key: 0x00000003, datareader_id: 0x802(6), subscriber_id: 0x802(4)
[35m[1785136916.491677][m info     | [34mProxyClient.cpp   [m | [37mcreate_topic            [m | [32mtopic created[m          | client_key: 0x00000003, topic_id: 0x803(2), participant_id: 0x001(1)
[35m[1785136916.491694][m info     | [34mProxyClient.cpp   [m | [37mcreate_subscriber       [m | [32msubscriber created[m     | client_key: 0x00000003, subscriber_id: 0x803(4), participant_id: 0x001(1)
[35m[1785136916.491899][m info     | [34mProxyClient.cpp   [m | [37mcreate_datareader       [m | [32mdatareader created[m     | client_key: 0x00000003, datareader_id: 0x803(6), subscriber_id: 0x803(4)
[35m[1785136916.491993][m info     | [34mProxyClient.cpp   [m | [37mcreate_topic            [m | [32mtopic created[m          | client_key: 0x00000003, topic_id: 0x804(2), participant_id: 0x001(1)
[35m[1785136916.492004][m info     | [34mProxyClient.cpp   [m | [37mcreate_subscriber       [m | [32msubscriber created[m     | client_key: 0x00000003, subscriber_id: 0x804(4), participant_id: 0x001(1)
[35m[1785136916.492240][m info     | [34mProxyClient.cpp   [m | [37mcreate_datareader       [m | [32mdatareader created[m     | client_key: 0x00000003, datareader_id: 0x804(6), subscriber_id: 0x804(4)
[35m[1785136916.492337][m info     | [34mProxyClient.cpp   [m | [37mcreate_topic            [m | [32mtopic created[m          | client_key: 0x00000003, topic_id: 0x805(2), participant_id: 0x001(1)
[35m[1785136916.492354][m info     | [34mProxyClient.cpp   [m | [37mcreate_subscriber       [m | [32msubscriber created[m     | client_key: 0x00000003, subscriber_id: 0x805(4), participant_id: 0x001(1)
[35m[1785136916.492560][m info     | [34mProxyClient.cpp   [m | [37mcreate_datareader       [m | [32mdatareader created[m     | client_key: 0x00000003, datareader_id: 0x805(6), subscriber_id: 0x805(4)
[35m[1785136916.492635][m info     | [34mProxyClient.cpp   [m | [37mcreate_topic            [m | [32mtopic created[m          | client_key: 0x00000003, topic_id: 0x806(2), participant_id: 0x001(1)
[35m[1785136916.492646][m info     | [34mProxyClient.cpp   [m | [37mcreate_subscriber       [m | [32msubscriber created[m     | client_key: 0x00000003, subscriber_id: 0x806(4), participant_id: 0x001(1)
[35m[1785136916.492884][m info     | [34mProxyClient.cpp   [m | [37mcreate_datareader       [m | [32mdatareader created[m     | client_key: 0x00000003, datareader_id: 0x806(6), subscriber_id: 0x806(4)
[35m[1785136916.492970][m info     | [34mProxyClient.cpp   [m | [37mcreate_topic            [m | [32mtopic created[m          | client_key: 0x00000003, topic_id: 0x807(2), participant_id: 0x001(1)
[35m[1785136916.492989][m info     | [34mProxyClient.cpp   [m | [37mcreate_subscriber       [m | [32msubscriber created[m     | client_key: 0x00000003, subscriber_id: 0x807(4), participant_id: 0x001(1)
[35m[1785136916.493230][m info     | [34mProxyClient.cpp   [m | [37mcreate_datareader       [m | [32mdatareader created[m     | client_key: 0x00000003, datareader_id: 0x807(6), subscriber_id: 0x807(4)
[35m[1785136916.493321][m info     | [34mProxyClient.cpp   [m | [37mcreate_topic            [m | [32mtopic created[m          | client_key: 0x00000003, topic_id: 0x808(2), participant_id: 0x001(1)
[35m[1785136916.493332][m info     | [34mProxyClient.cpp   [m | [37mcreate_subscriber       [m | [32msubscriber created[m     | client_key: 0x00000003, subscriber_id: 0x808(4), participant_id: 0x001(1)
[35m[1785136916.493530][m info     | [34mProxyClient.cpp   [m | [37mcreate_datareader       [m | [32mdatareader created[m     | client_key: 0x00000003, datareader_id: 0x808(6), subscriber_id: 0x808(4)
[35m[1785136916.493610][m info     | [34mProxyClient.cpp   [m | [37mcreate_topic            [m | [32mtopic created[m          | client_key: 0x00000003, topic_id: 0x809(2), participant_id: 0x001(1)
[35m[1785136916.493627][m info     | [34mProxyClient.cpp   [m | [37mcreate_subscriber       [m | [32msubscriber created[m     | client_key: 0x00000003, subscriber_id: 0x809(4), participant_id: 0x001(1)
[35m[1785136916.493825][m info     | [34mProxyClient.cpp   [m | [37mcreate_datareader       [m | [32mdatareader created[m     | client_key: 0x00000003, datareader_id: 0x809(6), subscriber_id: 0x809(4)
[35m[1785136916.493907][m info     | [34mProxyClient.cpp   [m | [37mcreate_topic            [m | [32mtopic created[m          | client_key: 0x00000003, topic_id: 0x80A(2), participant_id: 0x001(1)
[35m[1785136916.493918][m info     | [34mProxyClient.cpp   [m | [37mcreate_subscriber       [m | [32msubscriber created[m     | client_key: 0x00000003, subscriber_id: 0x80A(4), participant_id: 0x001(1)
[35m[1785136916.494136][m info     | [34mProxyClient.cpp   [m | [37mcreate_datareader       [m | [32mdatareader created[m     | client_key: 0x00000003, datareader_id: 0x80A(6), subscriber_id: 0x80A(4)
[35m[1785136916.494226][m info     | [34mProxyClient.cpp   [m | [37mcreate_topic            [m | [32mtopic created[m          | client_key: 0x00000003, topic_id: 0x80B(2), participant_id: 0x001(1)
[35m[1785136916.494245][m info     | [34mProxyClient.cpp   [m | [37mcreate_subscriber       [m | [32msubscriber created[m     | client_key: 0x00000003, subscriber_id: 0x80B(4), participant_id: 0x001(1)
[35m[1785136916.494465][m info     | [34mProxyClient.cpp   [m | [37mcreate_datareader       [m | [32mdatareader created[m     | client_key: 0x00000003, datareader_id: 0x80B(6), subscriber_id: 0x80B(4)
[35m[1785136916.494542][m info     | [34mProxyClient.cpp   [m | [37mcreate_topic            [m | [32mtopic created[m          | client_key: 0x00000003, topic_id: 0x80C(2), participant_id: 0x001(1)
[35m[1785136916.494554][m info     | [34mProxyClient.cpp   [m | [37mcreate_subscriber       [m | [32msubscriber created[m     | client_key: 0x00000003, subscriber_id: 0x80C(4), participant_id: 0x001(1)
[35m[1785136916.494760][m info     | [34mProxyClient.cpp   [m | [37mcreate_datareader       [m | [32mdatareader created[m     | client_key: 0x00000003, datareader_id: 0x80C(6), subscriber_id: 0x80C(4)
[35m[1785136916.494851][m info     | [34mProxyClient.cpp   [m | [37mcreate_topic            [m | [32mtopic created[m          | client_key: 0x00000003, topic_id: 0x80D(2), participant_id: 0x001(1)
[35m[1785136916.494869][m info     | [34mProxyClient.cpp   [m | [37mcreate_subscriber       [m | [32msubscriber created[m     | client_key: 0x00000003, subscriber_id: 0x80D(4), participant_id: 0x001(1)
[35m[1785136916.495096][m info     | [34mProxyClient.cpp   [m | [37mcreate_datareader       [m | [32mdatareader created[m     | client_key: 0x00000003, datareader_id: 0x80D(6), subscriber_id: 0x80D(4)
[35m[1785136916.495186][m info     | [34mProxyClient.cpp   [m | [37mcreate_topic            [m | [32mtopic created[m          | client_key: 0x00000003, topic_id: 0x80E(2), participant_id: 0x001(1)
[35m[1785136916.495200][m info     | [34mProxyClient.cpp   [m | [37mcreate_subscriber       [m | [32msubscriber created[m     | client_key: 0x00000003, subscriber_id: 0x80E(4), participant_id: 0x001(1)
[35m[1785136916.495444][m info     | [34mProxyClient.cpp   [m | [37mcreate_datareader       [m | [32mdatareader created[m     | client_key: 0x00000003, datareader_id: 0x80E(6), subscriber_id: 0x80E(4)
[35m[1785136916.495550][m info     | [34mProxyClient.cpp   [m | [37mcreate_topic            [m | [32mtopic created[m          | client_key: 0x00000003, topic_id: 0x80F(2), participant_id: 0x001(1)
[35m[1785136916.495566][m info     | [34mProxyClient.cpp   [m | [37mcreate_subscriber       [m | [32msubscriber created[m     | client_key: 0x00000003, subscriber_id: 0x80F(4), participant_id: 0x001(1)
[35m[1785136916.495779][m info     | [34mProxyClient.cpp   [m | [37mcreate_datareader       [m | [32mdatareader created[m     | client_key: 0x00000003, datareader_id: 0x80F(6), subscriber_id: 0x80F(4)
[35m[1785136916.495862][m info     | [34mProxyClient.cpp   [m | [37mcreate_topic            [m | [32mtopic created[m          | client_key: 0x00000003, topic_id: 0x810(2), participant_id: 0x001(1)
[35m[1785136916.495880][m info     | [34mProxyClient.cpp   [m | [37mcreate_subscriber       [m | [32msubscriber created[m     | client_key: 0x00000003, subscriber_id: 0x810(4), participant_id: 0x001(1)
[35m[1785136916.496091][m info     | [34mProxyClient.cpp   [m | [37mcreate_datareader       [m | [32mdatareader created[m     | client_key: 0x00000003, datareader_id: 0x810(6), subscriber_id: 0x810(4)
[35m[1785136916.496183][m info     | [34mProxyClient.cpp   [m | [37mcreate_topic            [m | [32mtopic created[m          | client_key: 0x00000003, topic_id: 0x811(2), participant_id: 0x001(1)
[35m[1785136916.496205][m info     | [34mProxyClient.cpp   [m | [37mcreate_subscriber       [m | [32msubscriber created[m     | client_key: 0x00000003, subscriber_id: 0x811(4), participant_id: 0x001(1)
[35m[1785136916.496429][m info     | [34mProxyClient.cpp   [m | [37mcreate_datareader       [m | [32mdatareader created[m     | client_key: 0x00000003, datareader_id: 0x811(6), subscriber_id: 0x811(4)
[35m[1785136916.496516][m info     | [34mProxyClient.cpp   [m | [37mcreate_topic            [m | [32mtopic created[m          | client_key: 0x00000003, topic_id: 0x812(2), participant_id: 0x001(1)
[35m[1785136916.496530][m info     | [34mProxyClient.cpp   [m | [37mcreate_subscriber       [m | [32msubscriber created[m     | client_key: 0x00000003, subscriber_id: 0x812(4), participant_id: 0x001(1)
[35m[1785136916.496740][m info     | [34mProxyClient.cpp   [m | [37mcreate_datareader       [m | [32mdatareader created[m     | client_key: 0x00000003, datareader_id: 0x812(6), subscriber_id: 0x812(4)
[35m[1785136916.496810][m info     | [34mProxyClient.cpp   [m | [37mcreate_topic            [m | [32mtopic created[m          | client_key: 0x00000003, topic_id: 0x813(2), participant_id: 0x001(1)
[35m[1785136916.496829][m info     | [34mProxyClient.cpp   [m | [37mcreate_subscriber       [m | [32msubscriber created[m     | client_key: 0x00000003, subscriber_id: 0x813(4), participant_id: 0x001(1)
[35m[1785136916.497081][m info     | [34mProxyClient.cpp   [m | [37mcreate_datareader       [m | [32mdatareader created[m     | client_key: 0x00000003, datareader_id: 0x813(6), subscriber_id: 0x813(4)
[35m[1785136916.497241][m info     | [34mProxyClient.cpp   [m | [37mcreate_topic            [m | [32mtopic created[m          | client_key: 0x00000003, topic_id: 0x814(2), participant_id: 0x001(1)
[35m[1785136916.497261][m info     | [34mProxyClient.cpp   [m | [37mcreate_subscriber       [m | [32msubscriber created[m     | client_key: 0x00000003, subscriber_id: 0x814(4), participant_id: 0x001(1)
[35m[1785136916.497471][m info     | [34mProxyClient.cpp   [m | [37mcreate_datareader       [m | [32mdatareader created[m     | client_key: 0x00000003, datareader_id: 0x814(6), subscriber_id: 0x814(4)
[35m[1785136916.497556][m info     | [34mProxyClient.cpp   [m | [37mcreate_topic            [m | [32mtopic created[m          | client_key: 0x00000003, topic_id: 0x815(2), participant_id: 0x001(1)
[35m[1785136916.497567][m info     | [34mProxyClient.cpp   [m | [37mcreate_subscriber       [m | [32msubscriber created[m     | client_key: 0x00000003, subscriber_id: 0x815(4), participant_id: 0x001(1)
[35m[1785136916.497778][m info     | [34mProxyClient.cpp   [m | [37mcreate_datareader       [m | [32mdatareader created[m     | client_key: 0x00000003, datareader_id: 0x815(6), subscriber_id: 0x815(4)
[35m[1785136916.497856][m info     | [34mProxyClient.cpp   [m | [37mcreate_topic            [m | [32mtopic created[m          | client_key: 0x00000003, topic_id: 0x816(2), participant_id: 0x001(1)
[35m[1785136916.497867][m info     | [34mProxyClient.cpp   [m | [37mcreate_subscriber       [m | [32msubscriber created[m     | client_key: 0x00000003, subscriber_id: 0x816(4), participant_id: 0x001(1)
[35m[1785136916.498094][m info     | [34mProxyClient.cpp   [m | [37mcreate_datareader       [m | [32mdatareader created[m     | client_key: 0x00000003, datareader_id: 0x816(6), subscriber_id: 0x816(4)
[35m[1785136916.498174][m info     | [34mProxyClient.cpp   [m | [37mcreate_topic            [m | [32mtopic created[m          | client_key: 0x00000003, topic_id: 0x817(2), participant_id: 0x001(1)
[35m[1785136916.498193][m info     | [34mProxyClient.cpp   [m | [37mcreate_subscriber       [m | [32msubscriber created[m     | client_key: 0x00000003, subscriber_id: 0x817(4), participant_id: 0x001(1)
[35m[1785136916.498410][m info     | [34mProxyClient.cpp   [m | [37mcreate_datareader       [m | [32mdatareader created[m     | client_key: 0x00000003, datareader_id: 0x817(6), subscriber_id: 0x817(4)
[35m[1785136916.498483][m info     | [34mProxyClient.cpp   [m | [37mcreate_topic            [m | [32mtopic created[m          | client_key: 0x00000003, topic_id: 0x818(2), participant_id: 0x001(1)
[35m[1785136916.498499][m info     | [34mProxyClient.cpp   [m | [37mcreate_subscriber       [m | [32msubscriber created[m     | client_key: 0x00000003, subscriber_id: 0x818(4), participant_id: 0x001(1)
[35m[1785136916.498716][m info     | [34mProxyClient.cpp   [m | [37mcreate_datareader       [m | [32mdatareader created[m     | client_key: 0x00000003, datareader_id: 0x818(6), subscriber_id: 0x818(4)
[35m[1785136916.498796][m info     | [34mProxyClient.cpp   [m | [37mcreate_topic            [m | [32mtopic created[m          | client_key: 0x00000003, topic_id: 0x819(2), participant_id: 0x001(1)
[35m[1785136916.498812][m info     | [34mProxyClient.cpp   [m | [37mcreate_subscriber       [m | [32msubscriber created[m     | client_key: 0x00000003, subscriber_id: 0x819(4), participant_id: 0x001(1)
[35m[1785136916.499022][m info     | [34mProxyClient.cpp   [m | [37mcreate_datareader       [m | [32mdatareader created[m     | client_key: 0x00000003, datareader_id: 0x819(6), subscriber_id: 0x819(4)
[35m[1785136916.499097][m info     | [34mProxyClient.cpp   [m | [37mcreate_topic            [m | [32mtopic created[m          | client_key: 0x00000003, topic_id: 0x81A(2), participant_id: 0x001(1)
[35m[1785136916.499109][m info     | [34mProxyClient.cpp   [m | [37mcreate_subscriber       [m | [32msubscriber created[m     | client_key: 0x00000003, subscriber_id: 0x81A(4), participant_id: 0x001(1)
[35m[1785136916.499328][m info     | [34mProxyClient.cpp   [m | [37mcreate_datareader       [m | [32mdatareader created[m     | client_key: 0x00000003, datareader_id: 0x81A(6), subscriber_id: 0x81A(4)
[35m[1785136916.499420][m info     | [34mProxyClient.cpp   [m | [37mcreate_topic            [m | [32mtopic created[m          | client_key: 0x00000003, topic_id: 0x81B(2), participant_id: 0x001(1)
[35m[1785136916.499444][m info     | [34mProxyClient.cpp   [m | [37mcreate_subscriber       [m | [32msubscriber created[m     | client_key: 0x00000003, subscriber_id: 0x81B(4), participant_id: 0x001(1)
[35m[1785136916.499667][m info     | [34mProxyClient.cpp   [m | [37mcreate_datareader       [m | [32mdatareader created[m     | client_key: 0x00000003, datareader_id: 0x81B(6), subscriber_id: 0x81B(4)
[35m[1785136916.499744][m info     | [34mProxyClient.cpp   [m | [37mcreate_topic            [m | [32mtopic created[m          | client_key: 0x00000003, topic_id: 0x81C(2), participant_id: 0x001(1)
[35m[1785136916.499756][m info     | [34mProxyClient.cpp   [m | [37mcreate_subscriber       [m | [32msubscriber created[m     | client_key: 0x00000003, subscriber_id: 0x81C(4), participant_id: 0x001(1)
[35m[1785136916.499966][m info     | [34mProxyClient.cpp   [m | [37mcreate_datareader       [m | [32mdatareader created[m     | client_key: 0x00000003, datareader_id: 0x81C(6), subscriber_id: 0x81C(4)
[35m[1785136916.500447][m info     | [34mProxyClient.cpp   [m | [37mcreate_replier          [m | [32mreplier created[m        | client_key: 0x00000003, requester_id: 0x800(7), participant_id: 0x001(1)
[35m[1785136917.255085][m info     | [34mRoot.cpp          [m | [37mcreate_client           [m | [32mcreate[m                 | client_key: 0x00000004, session_id: 0x81
[35m[1785136917.255116][m info     | [34mSessionManager.hpp[m | [37mestablish_session       [m | [32msession established[m    | client_key: 0x00000004, address: 127.0.0.1:46532
[35m[1785136917.257835][m info     | [34mProxyClient.cpp   [m | [37mcreate_participant      [m | [32mparticipant created[m    | client_key: 0x00000004, participant_id: 0x001(1)
[35m[1785136917.258029][m info     | [34mProxyClient.cpp   [m | [37mcreate_topic            [m | [32mtopic created[m          | client_key: 0x00000004, topic_id: 0x800(2), participant_id: 0x001(1)
[35m[1785136917.258101][m info     | [34mProxyClient.cpp   [m | [37mcreate_subscriber       [m | [32msubscriber created[m     | client_key: 0x00000004, subscriber_id: 0x800(4), participant_id: 0x001(1)
[35m[1785136917.258542][m info     | [34mProxyClient.cpp   [m | [37mcreate_datareader       [m | [32mdatareader created[m     | client_key: 0x00000004, datareader_id: 0x800(6), subscriber_id: 0x800(4)
[35m[1785136917.258712][m info     | [34mProxyClient.cpp   [m | [37mcreate_topic            [m | [32mtopic created[m          | client_key: 0x00000004, topic_id: 0x801(2), participant_id: 0x001(1)
[35m[1785136917.258732][m info     | [34mProxyClient.cpp   [m | [37mcreate_subscriber       [m | [32msubscriber created[m     | client_key: 0x00000004, subscriber_id: 0x801(4), participant_id: 0x001(1)
[35m[1785136917.259154][m info     | [34mProxyClient.cpp   [m | [37mcreate_datareader       [m | [32mdatareader created[m     | client_key: 0x00000004, datareader_id: 0x801(6), subscriber_id: 0x801(4)
[35m[1785136917.259315][m info     | [34mProxyClient.cpp   [m | [37mcreate_topic            [m | [32mtopic created[m          | client_key: 0x00000004, topic_id: 0x802(2), participant_id: 0x001(1)
[35m[1785136917.259344][m info     | [34mProxyClient.cpp   [m | [37mcreate_subscriber       [m | [32msubscriber created[m     | client_key: 0x00000004, subscriber_id: 0x802(4), participant_id: 0x001(1)
[35m[1785136917.260040][m info     | [34mProxyClient.cpp   [m | [37mcreate_datareader       [m | [32mdatareader created[m     | client_key: 0x00000004, datareader_id: 0x802(6), subscriber_id: 0x802(4)
[35m[1785136917.260202][m info     | [34mProxyClient.cpp   [m | [37mcreate_topic            [m | [32mtopic created[m          | client_key: 0x00000004, topic_id: 0x803(2), participant_id: 0x001(1)
[35m[1785136917.260265][m info     | [34mProxyClient.cpp   [m | [37mcreate_subscriber       [m | [32msubscriber created[m     | client_key: 0x00000004, subscriber_id: 0x803(4), participant_id: 0x001(1)
[35m[1785136917.260666][m info     | [34mProxyClient.cpp   [m | [37mcreate_datareader       [m | [32mdatareader created[m     | client_key: 0x00000004, datareader_id: 0x803(6), subscriber_id: 0x803(4)
[35m[1785136917.260881][m info     | [34mProxyClient.cpp   [m | [37mcreate_topic            [m | [32mtopic created[m          | client_key: 0x00000004, topic_id: 0x804(2), participant_id: 0x001(1)
[35m[1785136917.260932][m info     | [34mProxyClient.cpp   [m | [37mcreate_subscriber       [m | [32msubscriber created[m     | client_key: 0x00000004, subscriber_id: 0x804(4), participant_id: 0x001(1)
[35m[1785136917.261313][m info     | [34mProxyClient.cpp   [m | [37mcreate_datareader       [m | [32mdatareader created[m     | client_key: 0x00000004, datareader_id: 0x804(6), subscriber_id: 0x804(4)
[35m[1785136917.261472][m info     | [34mProxyClient.cpp   [m | [37mcreate_topic            [m | [32mtopic created[m          | client_key: 0x00000004, topic_id: 0x805(2), participant_id: 0x001(1)
[35m[1785136917.261521][m info     | [34mProxyClient.cpp   [m | [37mcreate_subscriber       [m | [32msubscriber created[m     | client_key: 0x00000004, subscriber_id: 0x805(4), participant_id: 0x001(1)
[35m[1785136917.261994][m info     | [34mProxyClient.cpp   [m | [37mcreate_datareader       [m | [32mdatareader created[m     | client_key: 0x00000004, datareader_id: 0x805(6), subscriber_id: 0x805(4)
[35m[1785136917.262137][m info     | [34mProxyClient.cpp   [m | [37mcreate_topic            [m | [32mtopic created[m          | client_key: 0x00000004, topic_id: 0x806(2), participant_id: 0x001(1)
[35m[1785136917.262172][m info     | [34mProxyClient.cpp   [m | [37mcreate_subscriber       [m | [32msubscriber created[m     | client_key: 0x00000004, subscriber_id: 0x806(4), participant_id: 0x001(1)
[35m[1785136917.262515][m info     | [34mProxyClient.cpp   [m | [37mcreate_datareader       [m | [32mdatareader created[m     | client_key: 0x00000004, datareader_id: 0x806(6), subscriber_id: 0x806(4)
[35m[1785136917.262714][m info     | [34mProxyClient.cpp   [m | [37mcreate_topic            [m | [32mtopic created[m          | client_key: 0x00000004, topic_id: 0x807(2), participant_id: 0x001(1)
[35m[1785136917.262761][m info     | [34mProxyClient.cpp   [m | [37mcreate_subscriber       [m | [32msubscriber created[m     | client_key: 0x00000004, subscriber_id: 0x807(4), participant_id: 0x001(1)
[35m[1785136917.263202][m info     | [34mProxyClient.cpp   [m | [37mcreate_datareader       [m | [32mdatareader created[m     | client_key: 0x00000004, datareader_id: 0x807(6), subscriber_id: 0x807(4)
[35m[1785136917.263370][m info     | [34mProxyClient.cpp   [m | [37mcreate_topic            [m | [32mtopic created[m          | client_key: 0x00000004, topic_id: 0x808(2), participant_id: 0x001(1)
[35m[1785136917.263415][m info     | [34mProxyClient.cpp   [m | [37mcreate_subscriber       [m | [32msubscriber created[m     | client_key: 0x00000004, subscriber_id: 0x808(4), participant_id: 0x001(1)
[35m[1785136917.263838][m info     | [34mProxyClient.cpp   [m | [37mcreate_datareader       [m | [32mdatareader created[m     | client_key: 0x00000004, datareader_id: 0x808(6), subscriber_id: 0x808(4)
[35m[1785136917.264037][m info     | [34mProxyClient.cpp   [m | [37mcreate_topic            [m | [32mtopic created[m          | client_key: 0x00000004, topic_id: 0x809(2), participant_id: 0x001(1)
[35m[1785136917.264088][m info     | [34mProxyClient.cpp   [m | [37mcreate_subscriber       [m | [32msubscriber created[m     | client_key: 0x00000004, subscriber_id: 0x809(4), participant_id: 0x001(1)
[35m[1785136917.264548][m info     | [34mProxyClient.cpp   [m | [37mcreate_datareader       [m | [32mdatareader created[m     | client_key: 0x00000004, datareader_id: 0x809(6), subscriber_id: 0x809(4)
[35m[1785136917.264723][m info     | [34mProxyClient.cpp   [m | [37mcreate_topic            [m | [32mtopic created[m          | client_key: 0x00000004, topic_id: 0x80A(2), participant_id: 0x001(1)
[35m[1785136917.264749][m info     | [34mProxyClient.cpp   [m | [37mcreate_subscriber       [m | [32msubscriber created[m     | client_key: 0x00000004, subscriber_id: 0x80A(4), participant_id: 0x001(1)
[35m[1785136917.265238][m info     | [34mProxyClient.cpp   [m | [37mcreate_datareader       [m | [32mdatareader created[m     | client_key: 0x00000004, datareader_id: 0x80A(6), subscriber_id: 0x80A(4)
[35m[1785136917.265439][m info     | [34mProxyClient.cpp   [m | [37mcreate_topic            [m | [32mtopic created[m          | client_key: 0x00000004, topic_id: 0x80B(2), participant_id: 0x001(1)
[35m[1785136917.265509][m info     | [34mProxyClient.cpp   [m | [37mcreate_subscriber       [m | [32msubscriber created[m     | client_key: 0x00000004, subscriber_id: 0x80B(4), participant_id: 0x001(1)
[35m[1785136917.266009][m info     | [34mProxyClient.cpp   [m | [37mcreate_datareader       [m | [32mdatareader created[m     | client_key: 0x00000004, datareader_id: 0x80B(6), subscriber_id: 0x80B(4)
[35m[1785136917.266167][m info     | [34mProxyClient.cpp   [m | [37mcreate_topic            [m | [32mtopic created[m          | client_key: 0x00000004, topic_id: 0x80C(2), participant_id: 0x001(1)
[35m[1785136917.266188][m info     | [34mProxyClient.cpp   [m | [37mcreate_subscriber       [m | [32msubscriber created[m     | client_key: 0x00000004, subscriber_id: 0x80C(4), participant_id: 0x001(1)
[35m[1785136917.266694][m info     | [34mProxyClient.cpp   [m | [37mcreate_datareader       [m | [32mdatareader created[m     | client_key: 0x00000004, datareader_id: 0x80C(6), subscriber_id: 0x80C(4)
[35m[1785136917.266887][m info     | [34mProxyClient.cpp   [m | [37mcreate_topic            [m | [32mtopic created[m          | client_key: 0x00000004, topic_id: 0x80D(2), participant_id: 0x001(1)
[35m[1785136917.266973][m info     | [34mProxyClient.cpp   [m | [37mcreate_subscriber       [m | [32msubscriber created[m     | client_key: 0x00000004, subscriber_id: 0x80D(4), participant_id: 0x001(1)
[35m[1785136917.267412][m info     | [34mProxyClient.cpp   [m | [37mcreate_datareader       [m | [32mdatareader created[m     | client_key: 0x00000004, datareader_id: 0x80D(6), subscriber_id: 0x80D(4)
[35m[1785136917.267627][m info     | [34mProxyClient.cpp   [m | [37mcreate_topic            [m | [32mtopic created[m          | client_key: 0x00000004, topic_id: 0x80E(2), participant_id: 0x001(1)
[35m[1785136917.267648][m info     | [34mProxyClient.cpp   [m | [37mcreate_subscriber       [m | [32msubscriber created[m     | client_key: 0x00000004, subscriber_id: 0x80E(4), participant_id: 0x001(1)
[35m[1785136917.268116][m info     | [34mProxyClient.cpp   [m | [37mcreate_datareader       [m | [32mdatareader created[m     | client_key: 0x00000004, datareader_id: 0x80E(6), subscriber_id: 0x80E(4)
[35m[1785136917.268320][m info     | [34mProxyClient.cpp   [m | [37mcreate_topic            [m | [32mtopic created[m          | client_key: 0x00000004, topic_id: 0x80F(2), participant_id: 0x001(1)
[35m[1785136917.268344][m info     | [34mProxyClient.cpp   [m | [37mcreate_subscriber       [m | [32msubscriber created[m     | client_key: 0x00000004, subscriber_id: 0x80F(4), participant_id: 0x001(1)
[35m[1785136917.268825][m info     | [34mProxyClient.cpp   [m | [37mcreate_datareader       [m | [32mdatareader created[m     | client_key: 0x00000004, datareader_id: 0x80F(6), subscriber_id: 0x80F(4)
[35m[1785136917.269021][m info     | [34mProxyClient.cpp   [m | [37mcreate_topic            [m | [32mtopic created[m          | client_key: 0x00000004, topic_id: 0x810(2), participant_id: 0x001(1)
[35m[1785136917.269046][m info     | [34mProxyClient.cpp   [m | [37mcreate_subscriber       [m | [32msubscriber created[m     | client_key: 0x00000004, subscriber_id: 0x810(4), participant_id: 0x001(1)
[35m[1785136917.269556][m info     | [34mProxyClient.cpp   [m | [37mcreate_datareader       [m | [32mdatareader created[m     | client_key: 0x00000004, datareader_id: 0x810(6), subscriber_id: 0x810(4)
[35m[1785136917.269724][m info     | [34mProxyClient.cpp   [m | [37mcreate_topic            [m | [32mtopic created[m          | client_key: 0x00000004, topic_id: 0x811(2), participant_id: 0x001(1)
[35m[1785136917.269748][m info     | [34mProxyClient.cpp   [m | [37mcreate_subscriber       [m | [32msubscriber created[m     | client_key: 0x00000004, subscriber_id: 0x811(4), participant_id: 0x001(1)
[35m[1785136917.270283][m info     | [34mProxyClient.cpp   [m | [37mcreate_datareader       [m | [32mdatareader created[m     | client_key: 0x00000004, datareader_id: 0x811(6), subscriber_id: 0x811(4)
[35m[1785136917.270467][m info     | [34mProxyClient.cpp   [m | [37mcreate_topic            [m | [32mtopic created[m          | client_key: 0x00000004, topic_id: 0x812(2), participant_id: 0x001(1)
[35m[1785136917.270487][m info     | [34mProxyClient.cpp   [m | [37mcreate_subscriber       [m | [32msubscriber created[m     | client_key: 0x00000004, subscriber_id: 0x812(4), participant_id: 0x001(1)
[35m[1785136917.270932][m info     | [34mProxyClient.cpp   [m | [37mcreate_datareader       [m | [32mdatareader created[m     | client_key: 0x00000004, datareader_id: 0x812(6), subscriber_id: 0x812(4)
[35m[1785136917.271138][m info     | [34mProxyClient.cpp   [m | [37mcreate_topic            [m | [32mtopic created[m          | client_key: 0x00000004, topic_id: 0x813(2), participant_id: 0x001(1)
[35m[1785136917.271175][m info     | [34mProxyClient.cpp   [m | [37mcreate_subscriber       [m | [32msubscriber created[m     | client_key: 0x00000004, subscriber_id: 0x813(4), participant_id: 0x001(1)
[35m[1785136917.271681][m info     | [34mProxyClient.cpp   [m | [37mcreate_datareader       [m | [32mdatareader created[m     | client_key: 0x00000004, datareader_id: 0x813(6), subscriber_id: 0x813(4)
[35m[1785136917.271861][m info     | [34mProxyClient.cpp   [m | [37mcreate_topic            [m | [32mtopic created[m          | client_key: 0x00000004, topic_id: 0x814(2), participant_id: 0x001(1)
[35m[1785136917.271881][m info     | [34mProxyClient.cpp   [m | [37mcreate_subscriber       [m | [32msubscriber created[m     | client_key: 0x00000004, subscriber_id: 0x814(4), participant_id: 0x001(1)
[35m[1785136917.272347][m info     | [34mProxyClient.cpp   [m | [37mcreate_datareader       [m | [32mdatareader created[m     | client_key: 0x00000004, datareader_id: 0x814(6), subscriber_id: 0x814(4)
[35m[1785136917.272552][m info     | [34mProxyClient.cpp   [m | [37mcreate_topic            [m | [32mtopic created[m          | client_key: 0x00000004, topic_id: 0x815(2), participant_id: 0x001(1)
[35m[1785136917.272572][m info     | [34mProxyClient.cpp   [m | [37mcreate_subscriber       [m | [32msubscriber created[m     | client_key: 0x00000004, subscriber_id: 0x815(4), participant_id: 0x001(1)
[35m[1785136917.273075][m info     | [34mProxyClient.cpp   [m | [37mcreate_datareader       [m | [32mdatareader created[m     | client_key: 0x00000004, datareader_id: 0x815(6), subscriber_id: 0x815(4)
[35m[1785136917.273332][m info     | [34mProxyClient.cpp   [m | [37mcreate_topic            [m | [32mtopic created[m          | client_key: 0x00000004, topic_id: 0x816(2), participant_id: 0x001(1)
[35m[1785136917.273356][m info     | [34mProxyClient.cpp   [m | [37mcreate_subscriber       [m | [32msubscriber created[m     | client_key: 0x00000004, subscriber_id: 0x816(4), participant_id: 0x001(1)
[35m[1785136917.273832][m info     | [34mProxyClient.cpp   [m | [37mcreate_datareader       [m | [32mdatareader created[m     | client_key: 0x00000004, datareader_id: 0x816(6), subscriber_id: 0x816(4)
[35m[1785136917.274007][m info     | [34mProxyClient.cpp   [m | [37mcreate_topic            [m | [32mtopic created[m          | client_key: 0x00000004, topic_id: 0x817(2), participant_id: 0x001(1)
[35m[1785136917.274033][m info     | [34mProxyClient.cpp   [m | [37mcreate_subscriber       [m | [32msubscriber created[m     | client_key: 0x00000004, subscriber_id: 0x817(4), participant_id: 0x001(1)
[35m[1785136917.274528][m info     | [34mProxyClient.cpp   [m | [37mcreate_datareader       [m | [32mdatareader created[m     | client_key: 0x00000004, datareader_id: 0x817(6), subscriber_id: 0x817(4)
[35m[1785136917.274769][m info     | [34mProxyClient.cpp   [m | [37mcreate_topic            [m | [32mtopic created[m          | client_key: 0x00000004, topic_id: 0x818(2), participant_id: 0x001(1)
[35m[1785136917.274789][m info     | [34mProxyClient.cpp   [m | [37mcreate_subscriber       [m | [32msubscriber created[m     | client_key: 0x00000004, subscriber_id: 0x818(4), participant_id: 0x001(1)
[35m[1785136917.275247][m info     | [34mProxyClient.cpp   [m | [37mcreate_datareader       [m | [32mdatareader created[m     | client_key: 0x00000004, datareader_id: 0x818(6), subscriber_id: 0x818(4)
[35m[1785136917.275443][m info     | [34mProxyClient.cpp   [m | [37mcreate_topic            [m | [32mtopic created[m          | client_key: 0x00000004, topic_id: 0x819(2), participant_id: 0x001(1)
[35m[1785136917.275512][m info     | [34mProxyClient.cpp   [m | [37mcreate_subscriber       [m | [32msubscriber created[m     | client_key: 0x00000004, subscriber_id: 0x819(4), participant_id: 0x001(1)
[35m[1785136917.276008][m info     | [34mProxyClient.cpp   [m | [37mcreate_datareader       [m | [32mdatareader created[m     | client_key: 0x00000004, datareader_id: 0x819(6), subscriber_id: 0x819(4)
[35m[1785136917.276186][m info     | [34mProxyClient.cpp   [m | [37mcreate_topic            [m | [32mtopic created[m          | client_key: 0x00000004, topic_id: 0x81A(2), participant_id: 0x001(1)
[35m[1785136917.276262][m info     | [34mProxyClient.cpp   [m | [37mcreate_subscriber       [m | [32msubscriber created[m     | client_key: 0x00000004, subscriber_id: 0x81A(4), participant_id: 0x001(1)
[35m[1785136917.276742][m info     | [34mProxyClient.cpp   [m | [37mcreate_datareader       [m | [32mdatareader created[m     | client_key: 0x00000004, datareader_id: 0x81A(6), subscriber_id: 0x81A(4)
[35m[1785136917.276957][m info     | [34mProxyClient.cpp   [m | [37mcreate_topic            [m | [32mtopic created[m          | client_key: 0x00000004, topic_id: 0x81B(2), participant_id: 0x001(1)
[35m[1785136917.276987][m info     | [34mProxyClient.cpp   [m | [37mcreate_subscriber       [m | [32msubscriber created[m     | client_key: 0x00000004, subscriber_id: 0x81B(4), participant_id: 0x001(1)
[35m[1785136917.277424][m info     | [34mProxyClient.cpp   [m | [37mcreate_datareader       [m | [32mdatareader created[m     | client_key: 0x00000004, datareader_id: 0x81B(6), subscriber_id: 0x81B(4)
[35m[1785136917.277686][m info     | [34mProxyClient.cpp   [m | [37mcreate_topic            [m | [32mtopic created[m          | client_key: 0x00000004, topic_id: 0x81C(2), participant_id: 0x001(1)
[35m[1785136917.277714][m info     | [34mProxyClient.cpp   [m | [37mcreate_subscriber       [m | [32msubscriber created[m     | client_key: 0x00000004, subscriber_id: 0x81C(4), participant_id: 0x001(1)
[35m[1785136917.278195][m info     | [34mProxyClient.cpp   [m | [37mcreate_datareader       [m | [32mdatareader created[m     | client_key: 0x00000004, datareader_id: 0x81C(6), subscriber_id: 0x81C(4)
[35m[1785136917.279300][m info     | [34mProxyClient.cpp   [m | [37mcreate_replier          [m | [32mreplier created[m        | client_key: 0x00000004, requester_id: 0x800(7), participant_id: 0x001(1)
[35m[1785136918.021815][m info     | [34mRoot.cpp          [m | [37mcreate_client           [m | [32mcreate[m                 | client_key: 0x00000005, session_id: 0x81
[35m[1785136918.021843][m info     | [34mSessionManager.hpp[m | [37mestablish_session       [m | [32msession established[m    | client_key: 0x00000005, address: 127.0.0.1:32960
[35m[1785136918.023793][m info     | [34mProxyClient.cpp   [m | [37mcreate_participant      [m | [32mparticipant created[m    | client_key: 0x00000005, participant_id: 0x001(1)
[35m[1785136918.024172][m info     | [34mProxyClient.cpp   [m | [37mcreate_topic            [m | [32mtopic created[m          | client_key: 0x00000005, topic_id: 0x800(2), participant_id: 0x001(1)
[35m[1785136918.024216][m info     | [34mProxyClient.cpp   [m | [37mcreate_subscriber       [m | [32msubscriber created[m     | client_key: 0x00000005, subscriber_id: 0x800(4), participant_id: 0x001(1)
[35m[1785136918.024593][m info     | [34mProxyClient.cpp   [m | [37mcreate_datareader       [m | [32mdatareader created[m     | client_key: 0x00000005, datareader_id: 0x800(6), subscriber_id: 0x800(4)
[35m[1785136918.024690][m info     | [34mProxyClient.cpp   [m | [37mcreate_topic            [m | [32mtopic created[m          | client_key: 0x00000005, topic_id: 0x801(2), participant_id: 0x001(1)
[35m[1785136918.024713][m info     | [34mProxyClient.cpp   [m | [37mcreate_subscriber       [m | [32msubscriber created[m     | client_key: 0x00000005, subscriber_id: 0x801(4), participant_id: 0x001(1)
[35m[1785136918.024967][m info     | [34mProxyClient.cpp   [m | [37mcreate_datareader       [m | [32mdatareader created[m     | client_key: 0x00000005, datareader_id: 0x801(6), subscriber_id: 0x801(4)
[35m[1785136918.025071][m info     | [34mProxyClient.cpp   [m | [37mcreate_topic            [m | [32mtopic created[m          | client_key: 0x00000005, topic_id: 0x802(2), participant_id: 0x001(1)
[35m[1785136918.025095][m info     | [34mProxyClient.cpp   [m | [37mcreate_subscriber       [m | [32msubscriber created[m     | client_key: 0x00000005, subscriber_id: 0x802(4), participant_id: 0x001(1)
[35m[1785136918.025363][m info     | [34mProxyClient.cpp   [m | [37mcreate_datareader       [m | [32mdatareader created[m     | client_key: 0x00000005, datareader_id: 0x802(6), subscriber_id: 0x802(4)
[35m[1785136918.025451][m info     | [34mProxyClient.cpp   [m | [37mcreate_topic            [m | [32mtopic created[m          | client_key: 0x00000005, topic_id: 0x803(2), participant_id: 0x001(1)
[35m[1785136918.025469][m info     | [34mProxyClient.cpp   [m | [37mcreate_subscriber       [m | [32msubscriber created[m     | client_key: 0x00000005, subscriber_id: 0x803(4), participant_id: 0x001(1)
[35m[1785136918.025712][m info     | [34mProxyClient.cpp   [m | [37mcreate_datareader       [m | [32mdatareader created[m     | client_key: 0x00000005, datareader_id: 0x803(6), subscriber_id: 0x803(4)
[35m[1785136918.025798][m info     | [34mProxyClient.cpp   [m | [37mcreate_topic            [m | [32mtopic created[m          | client_key: 0x00000005, topic_id: 0x804(2), participant_id: 0x001(1)
[35m[1785136918.025815][m info     | [34mProxyClient.cpp   [m | [37mcreate_subscriber       [m | [32msubscriber created[m     | client_key: 0x00000005, subscriber_id: 0x804(4), participant_id: 0x001(1)
[35m[1785136918.026042][m info     | [34mProxyClient.cpp   [m | [37mcreate_datareader       [m | [32mdatareader created[m     | client_key: 0x00000005, datareader_id: 0x804(6), subscriber_id: 0x804(4)
[35m[1785136918.026123][m info     | [34mProxyClient.cpp   [m | [37mcreate_topic            [m | [32mtopic created[m          | client_key: 0x00000005, topic_id: 0x805(2), participant_id: 0x001(1)
[35m[1785136918.026145][m info     | [34mProxyClient.cpp   [m | [37mcreate_subscriber       [m | [32msubscriber created[m     | client_key: 0x00000005, subscriber_id: 0x805(4), participant_id: 0x001(1)
[35m[1785136918.026371][m info     | [34mProxyClient.cpp   [m | [37mcreate_datareader       [m | [32mdatareader created[m     | client_key: 0x00000005, datareader_id: 0x805(6), subscriber_id: 0x805(4)
[35m[1785136918.026457][m info     | [34mProxyClient.cpp   [m | [37mcreate_topic            [m | [32mtopic created[m          | client_key: 0x00000005, topic_id: 0x806(2), participant_id: 0x001(1)
[35m[1785136918.026471][m info     | [34mProxyClient.cpp   [m | [37mcreate_subscriber       [m | [32msubscriber created[m     | client_key: 0x00000005, subscriber_id: 0x806(4), participant_id: 0x001(1)
[35m[1785136918.026702][m info     | [34mProxyClient.cpp   [m | [37mcreate_datareader       [m | [32mdatareader created[m     | client_key: 0x00000005, datareader_id: 0x806(6), subscriber_id: 0x806(4)
[35m[1785136918.026782][m info     | [34mProxyClient.cpp   [m | [37mcreate_topic            [m | [32mtopic created[m          | client_key: 0x00000005, topic_id: 0x807(2), participant_id: 0x001(1)
[35m[1785136918.026795][m info     | [34mProxyClient.cpp   [m | [37mcreate_subscriber       [m | [32msubscriber created[m     | client_key: 0x00000005, subscriber_id: 0x807(4), participant_id: 0x001(1)
[35m[1785136918.027017][m info     | [34mProxyClient.cpp   [m | [37mcreate_datareader       [m | [32mdatareader created[m     | client_key: 0x00000005, datareader_id: 0x807(6), subscriber_id: 0x807(4)
[35m[1785136918.027101][m info     | [34mProxyClient.cpp   [m | [37mcreate_topic            [m | [32mtopic created[m          | client_key: 0x00000005, topic_id: 0x808(2), participant_id: 0x001(1)
[35m[1785136918.027114][m info     | [34mProxyClient.cpp   [m | [37mcreate_subscriber       [m | [32msubscriber created[m     | client_key: 0x00000005, subscriber_id: 0x808(4), participant_id: 0x001(1)
[35m[1785136918.027359][m info     | [34mProxyClient.cpp   [m | [37mcreate_datareader       [m | [32mdatareader created[m     | client_key: 0x00000005, datareader_id: 0x808(6), subscriber_id: 0x808(4)
[35m[1785136918.027454][m info     | [34mProxyClient.cpp   [m | [37mcreate_topic            [m | [32mtopic created[m          | client_key: 0x00000005, topic_id: 0x809(2), participant_id: 0x001(1)
[35m[1785136918.027472][m info     | [34mProxyClient.cpp   [m | [37mcreate_subscriber       [m | [32msubscriber created[m     | client_key: 0x00000005, subscriber_id: 0x809(4), participant_id: 0x001(1)
[35m[1785136918.027694][m info     | [34mProxyClient.cpp   [m | [37mcreate_datareader       [m | [32mdatareader created[m     | client_key: 0x00000005, datareader_id: 0x809(6), subscriber_id: 0x809(4)
[35m[1785136918.027806][m info     | [34mProxyClient.cpp   [m | [37mcreate_topic            [m | [32mtopic created[m          | client_key: 0x00000005, topic_id: 0x80A(2), participant_id: 0x001(1)
[35m[1785136918.027827][m info     | [34mProxyClient.cpp   [m | [37mcreate_subscriber       [m | [32msubscriber created[m     | client_key: 0x00000005, subscriber_id: 0x80A(4), participant_id: 0x001(1)
[35m[1785136918.028072][m info     | [34mProxyClient.cpp   [m | [37mcreate_datareader       [m | [32mdatareader created[m     | client_key: 0x00000005, datareader_id: 0x80A(6), subscriber_id: 0x80A(4)
[35m[1785136918.028164][m info     | [34mProxyClient.cpp   [m | [37mcreate_topic            [m | [32mtopic created[m          | client_key: 0x00000005, topic_id: 0x80B(2), participant_id: 0x001(1)
[35m[1785136918.028186][m info     | [34mProxyClient.cpp   [m | [37mcreate_subscriber       [m | [32msubscriber created[m     | client_key: 0x00000005, subscriber_id: 0x80B(4), participant_id: 0x001(1)
[35m[1785136918.028493][m info     | [34mProxyClient.cpp   [m | [37mcreate_datareader       [m | [32mdatareader created[m     | client_key: 0x00000005, datareader_id: 0x80B(6), subscriber_id: 0x80B(4)
[35m[1785136918.028585][m info     | [34mProxyClient.cpp   [m | [37mcreate_topic            [m | [32mtopic created[m          | client_key: 0x00000005, topic_id: 0x80C(2), participant_id: 0x001(1)
[35m[1785136918.028604][m info     | [34mProxyClient.cpp   [m | [37mcreate_subscriber       [m | [32msubscriber created[m     | client_key: 0x00000005, subscriber_id: 0x80C(4), participant_id: 0x001(1)
[35m[1785136918.028831][m info     | [34mProxyClient.cpp   [m | [37mcreate_datareader       [m | [32mdatareader created[m     | client_key: 0x00000005, datareader_id: 0x80C(6), subscriber_id: 0x80C(4)
[35m[1785136918.028912][m info     | [34mProxyClient.cpp   [m | [37mcreate_topic            [m | [32mtopic created[m          | client_key: 0x00000005, topic_id: 0x80D(2), participant_id: 0x001(1)
[35m[1785136918.028934][m info     | [34mProxyClient.cpp   [m | [37mcreate_subscriber       [m | [32msubscriber created[m     | client_key: 0x00000005, subscriber_id: 0x80D(4), participant_id: 0x001(1)
[35m[1785136918.029180][m info     | [34mProxyClient.cpp   [m | [37mcreate_datareader       [m | [32mdatareader created[m     | client_key: 0x00000005, datareader_id: 0x80D(6), subscriber_id: 0x80D(4)
[35m[1785136918.029263][m info     | [34mProxyClient.cpp   [m | [37mcreate_topic            [m | [32mtopic created[m          | client_key: 0x00000005, topic_id: 0x80E(2), participant_id: 0x001(1)
[35m[1785136918.029280][m info     | [34mProxyClient.cpp   [m | [37mcreate_subscriber       [m | [32msubscriber created[m     | client_key: 0x00000005, subscriber_id: 0x80E(4), participant_id: 0x001(1)
[35m[1785136918.029507][m info     | [34mProxyClient.cpp   [m | [37mcreate_datareader       [m | [32mdatareader created[m     | client_key: 0x00000005, datareader_id: 0x80E(6), subscriber_id: 0x80E(4)
[35m[1785136918.029598][m info     | [34mProxyClient.cpp   [m | [37mcreate_topic            [m | [32mtopic created[m          | client_key: 0x00000005, topic_id: 0x80F(2), participant_id: 0x001(1)
[35m[1785136918.029615][m info     | [34mProxyClient.cpp   [m | [37mcreate_subscriber       [m | [32msubscriber created[m     | client_key: 0x00000005, subscriber_id: 0x80F(4), participant_id: 0x001(1)
[35m[1785136918.029833][m info     | [34mProxyClient.cpp   [m | [37mcreate_datareader       [m | [32mdatareader created[m     | client_key: 0x00000005, datareader_id: 0x80F(6), subscriber_id: 0x80F(4)
[35m[1785136918.029919][m info     | [34mProxyClient.cpp   [m | [37mcreate_topic            [m | [32mtopic created[m          | client_key: 0x00000005, topic_id: 0x810(2), participant_id: 0x001(1)
[35m[1785136918.029935][m info     | [34mProxyClient.cpp   [m | [37mcreate_subscriber       [m | [32msubscriber created[m     | client_key: 0x00000005, subscriber_id: 0x810(4), participant_id: 0x001(1)
[35m[1785136918.030170][m info     | [34mProxyClient.cpp   [m | [37mcreate_datareader       [m | [32mdatareader created[m     | client_key: 0x00000005, datareader_id: 0x810(6), subscriber_id: 0x810(4)
[35m[1785136918.030255][m info     | [34mProxyClient.cpp   [m | [37mcreate_topic            [m | [32mtopic created[m          | client_key: 0x00000005, topic_id: 0x811(2), participant_id: 0x001(1)
[35m[1785136918.030269][m info     | [34mProxyClient.cpp   [m | [37mcreate_subscriber       [m | [32msubscriber created[m     | client_key: 0x00000005, subscriber_id: 0x811(4), participant_id: 0x001(1)
[35m[1785136918.030484][m info     | [34mProxyClient.cpp   [m | [37mcreate_datareader       [m | [32mdatareader created[m     | client_key: 0x00000005, datareader_id: 0x811(6), subscriber_id: 0x811(4)
[35m[1785136918.030564][m info     | [34mProxyClient.cpp   [m | [37mcreate_topic            [m | [32mtopic created[m          | client_key: 0x00000005, topic_id: 0x812(2), participant_id: 0x001(1)
[35m[1785136918.030584][m info     | [34mProxyClient.cpp   [m | [37mcreate_subscriber       [m | [32msubscriber created[m     | client_key: 0x00000005, subscriber_id: 0x812(4), participant_id: 0x001(1)
[35m[1785136918.030801][m info     | [34mProxyClient.cpp   [m | [37mcreate_datareader       [m | [32mdatareader created[m     | client_key: 0x00000005, datareader_id: 0x812(6), subscriber_id: 0x812(4)
[35m[1785136918.030879][m info     | [34mProxyClient.cpp   [m | [37mcreate_topic            [m | [32mtopic created[m          | client_key: 0x00000005, topic_id: 0x813(2), participant_id: 0x001(1)
[35m[1785136918.030895][m info     | [34mProxyClient.cpp   [m | [37mcreate_subscriber       [m | [32msubscriber created[m     | client_key: 0x00000005, subscriber_id: 0x813(4), participant_id: 0x001(1)
[35m[1785136918.031117][m info     | [34mProxyClient.cpp   [m | [37mcreate_datareader       [m | [32mdatareader created[m     | client_key: 0x00000005, datareader_id: 0x813(6), subscriber_id: 0x813(4)
[35m[1785136918.031208][m info     | [34mProxyClient.cpp   [m | [37mcreate_topic            [m | [32mtopic created[m          | client_key: 0x00000005, topic_id: 0x814(2), participant_id: 0x001(1)
[35m[1785136918.031223][m info     | [34mProxyClient.cpp   [m | [37mcreate_subscriber       [m | [32msubscriber created[m     | client_key: 0x00000005, subscriber_id: 0x814(4), participant_id: 0x001(1)
[35m[1785136918.031446][m info     | [34mProxyClient.cpp   [m | [37mcreate_datareader       [m | [32mdatareader created[m     | client_key: 0x00000005, datareader_id: 0x814(6), subscriber_id: 0x814(4)
[35m[1785136918.031529][m info     | [34mProxyClient.cpp   [m | [37mcreate_topic            [m | [32mtopic created[m          | client_key: 0x00000005, topic_id: 0x815(2), participant_id: 0x001(1)
[35m[1785136918.031546][m info     | [34mProxyClient.cpp   [m | [37mcreate_subscriber       [m | [32msubscriber created[m     | client_key: 0x00000005, subscriber_id: 0x815(4), participant_id: 0x001(1)
[35m[1785136918.031792][m info     | [34mProxyClient.cpp   [m | [37mcreate_datareader       [m | [32mdatareader created[m     | client_key: 0x00000005, datareader_id: 0x815(6), subscriber_id: 0x815(4)
[35m[1785136918.031881][m info     | [34mProxyClient.cpp   [m | [37mcreate_topic            [m | [32mtopic created[m          | client_key: 0x00000005, topic_id: 0x816(2), participant_id: 0x001(1)
[35m[1785136918.031899][m info     | [34mProxyClient.cpp   [m | [37mcreate_subscriber       [m | [32msubscriber created[m     | client_key: 0x00000005, subscriber_id: 0x816(4), participant_id: 0x001(1)
[35m[1785136918.032116][m info     | [34mProxyClient.cpp   [m | [37mcreate_datareader       [m | [32mdatareader created[m     | client_key: 0x00000005, datareader_id: 0x816(6), subscriber_id: 0x816(4)
[35m[1785136918.032208][m info     | [34mProxyClient.cpp   [m | [37mcreate_topic            [m | [32mtopic created[m          | client_key: 0x00000005, topic_id: 0x817(2), participant_id: 0x001(1)
[35m[1785136918.032233][m info     | [34mProxyClient.cpp   [m | [37mcreate_subscriber       [m | [32msubscriber created[m     | client_key: 0x00000005, subscriber_id: 0x817(4), participant_id: 0x001(1)
[35m[1785136918.032472][m info     | [34mProxyClient.cpp   [m | [37mcreate_datareader       [m | [32mdatareader created[m     | client_key: 0x00000005, datareader_id: 0x817(6), subscriber_id: 0x817(4)
[35m[1785136918.032560][m info     | [34mProxyClient.cpp   [m | [37mcreate_topic            [m | [32mtopic created[m          | client_key: 0x00000005, topic_id: 0x818(2), participant_id: 0x001(1)
[35m[1785136918.032574][m info     | [34mProxyClient.cpp   [m | [37mcreate_subscriber       [m | [32msubscriber created[m     | client_key: 0x00000005, subscriber_id: 0x818(4), participant_id: 0x001(1)
[35m[1785136918.032812][m info     | [34mProxyClient.cpp   [m | [37mcreate_datareader       [m | [32mdatareader created[m     | client_key: 0x00000005, datareader_id: 0x818(6), subscriber_id: 0x818(4)
[35m[1785136918.032894][m info     | [34mProxyClient.cpp   [m | [37mcreate_topic            [m | [32mtopic created[m          | client_key: 0x00000005, topic_id: 0x819(2), participant_id: 0x001(1)
[35m[1785136918.032912][m info     | [34mProxyClient.cpp   [m | [37mcreate_subscriber       [m | [32msubscriber created[m     | client_key: 0x00000005, subscriber_id: 0x819(4), participant_id: 0x001(1)
[35m[1785136918.033152][m info     | [34mProxyClient.cpp   [m | [37mcreate_datareader       [m | [32mdatareader created[m     | client_key: 0x00000005, datareader_id: 0x819(6), subscriber_id: 0x819(4)
[35m[1785136918.033239][m info     | [34mProxyClient.cpp   [m | [37mcreate_topic            [m | [32mtopic created[m          | client_key: 0x00000005, topic_id: 0x81A(2), participant_id: 0x001(1)
[35m[1785136918.033262][m info     | [34mProxyClient.cpp   [m | [37mcreate_subscriber       [m | [32msubscriber created[m     | client_key: 0x00000005, subscriber_id: 0x81A(4), participant_id: 0x001(1)
[35m[1785136918.033494][m info     | [34mProxyClient.cpp   [m | [37mcreate_datareader       [m | [32mdatareader created[m     | client_key: 0x00000005, datareader_id: 0x81A(6), subscriber_id: 0x81A(4)
[35m[1785136918.033583][m info     | [34mProxyClient.cpp   [m | [37mcreate_topic            [m | [32mtopic created[m          | client_key: 0x00000005, topic_id: 0x81B(2), participant_id: 0x001(1)
[35m[1785136918.033600][m info     | [34mProxyClient.cpp   [m | [37mcreate_subscriber       [m | [32msubscriber created[m     | client_key: 0x00000005, subscriber_id: 0x81B(4), participant_id: 0x001(1)
[35m[1785136918.033832][m info     | [34mProxyClient.cpp   [m | [37mcreate_datareader       [m | [32mdatareader created[m     | client_key: 0x00000005, datareader_id: 0x81B(6), subscriber_id: 0x81B(4)
[35m[1785136918.033919][m info     | [34mProxyClient.cpp   [m | [37mcreate_topic            [m | [32mtopic created[m          | client_key: 0x00000005, topic_id: 0x81C(2), participant_id: 0x001(1)
[35m[1785136918.033939][m info     | [34mProxyClient.cpp   [m | [37mcreate_subscriber       [m | [32msubscriber created[m     | client_key: 0x00000005, subscriber_id: 0x81C(4), participant_id: 0x001(1)
[35m[1785136918.034216][m info     | [34mProxyClient.cpp   [m | [37mcreate_datareader       [m | [32mdatareader created[m     | client_key: 0x00000005, datareader_id: 0x81C(6), subscriber_id: 0x81C(4)
[35m[1785136918.034771][m info     | [34mProxyClient.cpp   [m | [37mcreate_replier          [m | [32mreplier created[m        | client_key: 0x00000005, requester_id: 0x800(7), participant_id: 0x001(1)
[35m[1785136918.584252][m info     | [34mRoot.cpp          [m | [37mcreate_client           [m | [32mcreate[m                 | client_key: 0x00000006, session_id: 0x81
[35m[1785136918.584281][m info     | [34mSessionManager.hpp[m | [37mestablish_session       [m | [32msession established[m    | client_key: 0x00000006, address: 127.0.0.1:17878
[35m[1785136918.587238][m info     | [34mProxyClient.cpp   [m | [37mcreate_participant      [m | [32mparticipant created[m    | client_key: 0x00000006, participant_id: 0x001(1)
[35m[1785136918.587332][m info     | [34mProxyClient.cpp   [m | [37mcreate_topic            [m | [32mtopic created[m          | client_key: 0x00000006, topic_id: 0x800(2), participant_id: 0x001(1)
[35m[1785136918.587366][m info     | [34mProxyClient.cpp   [m | [37mcreate_subscriber       [m | [32msubscriber created[m     | client_key: 0x00000006, subscriber_id: 0x800(4), participant_id: 0x001(1)
[35m[1785136918.587830][m info     | [34mProxyClient.cpp   [m | [37mcreate_datareader       [m | [32mdatareader created[m     | client_key: 0x00000006, datareader_id: 0x800(6), subscriber_id: 0x800(4)
[35m[1785136918.587920][m info     | [34mProxyClient.cpp   [m | [37mcreate_topic            [m | [32mtopic created[m          | client_key: 0x00000006, topic_id: 0x801(2), participant_id: 0x001(1)
[35m[1785136918.587938][m info     | [34mProxyClient.cpp   [m | [37mcreate_subscriber       [m | [32msubscriber created[m     | client_key: 0x00000006, subscriber_id: 0x801(4), participant_id: 0x001(1)
[35m[1785136918.588162][m info     | [34mProxyClient.cpp   [m | [37mcreate_datareader       [m | [32mdatareader created[m     | client_key: 0x00000006, datareader_id: 0x801(6), subscriber_id: 0x801(4)
[35m[1785136918.588274][m info     | [34mProxyClient.cpp   [m | [37mcreate_topic            [m | [32mtopic created[m          | client_key: 0x00000006, topic_id: 0x802(2), participant_id: 0x001(1)
[35m[1785136918.588293][m info     | [34mProxyClient.cpp   [m | [37mcreate_subscriber       [m | [32msubscriber created[m     | client_key: 0x00000006, subscriber_id: 0x802(4), participant_id: 0x001(1)
[35m[1785136918.588624][m info     | [34mProxyClient.cpp   [m | [37mcreate_datareader       [m | [32mdatareader created[m     | client_key: 0x00000006, datareader_id: 0x802(6), subscriber_id: 0x802(4)
[35m[1785136918.588718][m info     | [34mProxyClient.cpp   [m | [37mcreate_topic            [m | [32mtopic created[m          | client_key: 0x00000006, topic_id: 0x803(2), participant_id: 0x001(1)
[35m[1785136918.588742][m info     | [34mProxyClient.cpp   [m | [37mcreate_subscriber       [m | [32msubscriber created[m     | client_key: 0x00000006, subscriber_id: 0x803(4), participant_id: 0x001(1)
[35m[1785136918.589032][m info     | [34mProxyClient.cpp   [m | [37mcreate_datareader       [m | [32mdatareader created[m     | client_key: 0x00000006, datareader_id: 0x803(6), subscriber_id: 0x803(4)
[35m[1785136918.589127][m info     | [34mProxyClient.cpp   [m | [37mcreate_topic            [m | [32mtopic created[m          | client_key: 0x00000006, topic_id: 0x804(2), participant_id: 0x001(1)
[35m[1785136918.589147][m info     | [34mProxyClient.cpp   [m | [37mcreate_subscriber       [m | [32msubscriber created[m     | client_key: 0x00000006, subscriber_id: 0x804(4), participant_id: 0x001(1)
[35m[1785136918.589431][m info     | [34mProxyClient.cpp   [m | [37mcreate_datareader       [m | [32mdatareader created[m     | client_key: 0x00000006, datareader_id: 0x804(6), subscriber_id: 0x804(4)
[35m[1785136918.589524][m info     | [34mProxyClient.cpp   [m | [37mcreate_topic            [m | [32mtopic created[m          | client_key: 0x00000006, topic_id: 0x805(2), participant_id: 0x001(1)
[35m[1785136918.589542][m info     | [34mProxyClient.cpp   [m | [37mcreate_subscriber       [m | [32msubscriber created[m     | client_key: 0x00000006, subscriber_id: 0x805(4), participant_id: 0x001(1)
[35m[1785136918.589801][m info     | [34mProxyClient.cpp   [m | [37mcreate_datareader       [m | [32mdatareader created[m     | client_key: 0x00000006, datareader_id: 0x805(6), subscriber_id: 0x805(4)
[35m[1785136918.589886][m info     | [34mProxyClient.cpp   [m | [37mcreate_topic            [m | [32mtopic created[m          | client_key: 0x00000006, topic_id: 0x806(2), participant_id: 0x001(1)
[35m[1785136918.589904][m info     | [34mProxyClient.cpp   [m | [37mcreate_subscriber       [m | [32msubscriber created[m     | client_key: 0x00000006, subscriber_id: 0x806(4), participant_id: 0x001(1)
[35m[1785136918.590150][m info     | [34mProxyClient.cpp   [m | [37mcreate_datareader       [m | [32mdatareader created[m     | client_key: 0x00000006, datareader_id: 0x806(6), subscriber_id: 0x806(4)
[35m[1785136918.590244][m info     | [34mProxyClient.cpp   [m | [37mcreate_topic            [m | [32mtopic created[m          | client_key: 0x00000006, topic_id: 0x807(2), participant_id: 0x001(1)
[35m[1785136918.590256][m info     | [34mProxyClient.cpp   [m | [37mcreate_subscriber       [m | [32msubscriber created[m     | client_key: 0x00000006, subscriber_id: 0x807(4), participant_id: 0x001(1)
[35m[1785136918.590498][m info     | [34mProxyClient.cpp   [m | [37mcreate_datareader       [m | [32mdatareader created[m     | client_key: 0x00000006, datareader_id: 0x807(6), subscriber_id: 0x807(4)
[35m[1785136918.590580][m info     | [34mProxyClient.cpp   [m | [37mcreate_topic            [m | [32mtopic created[m          | client_key: 0x00000006, topic_id: 0x808(2), participant_id: 0x001(1)
[35m[1785136918.590597][m info     | [34mProxyClient.cpp   [m | [37mcreate_subscriber       [m | [32msubscriber created[m     | client_key: 0x00000006, subscriber_id: 0x808(4), participant_id: 0x001(1)
[35m[1785136918.590837][m info     | [34mProxyClient.cpp   [m | [37mcreate_datareader       [m | [32mdatareader created[m     | client_key: 0x00000006, datareader_id: 0x808(6), subscriber_id: 0x808(4)
[35m[1785136918.590927][m info     | [34mProxyClient.cpp   [m | [37mcreate_topic            [m | [32mtopic created[m          | client_key: 0x00000006, topic_id: 0x809(2), participant_id: 0x001(1)
[35m[1785136918.590947][m info     | [34mProxyClient.cpp   [m | [37mcreate_subscriber       [m | [32msubscriber created[m     | client_key: 0x00000006, subscriber_id: 0x809(4), participant_id: 0x001(1)
[35m[1785136918.591197][m info     | [34mProxyClient.cpp   [m | [37mcreate_datareader       [m | [32mdatareader created[m     | client_key: 0x00000006, datareader_id: 0x809(6), subscriber_id: 0x809(4)
[35m[1785136918.591280][m info     | [34mProxyClient.cpp   [m | [37mcreate_topic            [m | [32mtopic created[m          | client_key: 0x00000006, topic_id: 0x80A(2), participant_id: 0x001(1)
[35m[1785136918.591297][m info     | [34mProxyClient.cpp   [m | [37mcreate_subscriber       [m | [32msubscriber created[m     | client_key: 0x00000006, subscriber_id: 0x80A(4), participant_id: 0x001(1)
[35m[1785136918.591532][m info     | [34mProxyClient.cpp   [m | [37mcreate_datareader       [m | [32mdatareader created[m     | client_key: 0x00000006, datareader_id: 0x80A(6), subscriber_id: 0x80A(4)
[35m[1785136918.591614][m info     | [34mProxyClient.cpp   [m | [37mcreate_topic            [m | [32mtopic created[m          | client_key: 0x00000006, topic_id: 0x80B(2), participant_id: 0x001(1)
[35m[1785136918.591626][m info     | [34mProxyClient.cpp   [m | [37mcreate_subscriber       [m | [32msubscriber created[m     | client_key: 0x00000006, subscriber_id: 0x80B(4), participant_id: 0x001(1)
[35m[1785136918.591859][m info     | [34mProxyClient.cpp   [m | [37mcreate_datareader       [m | [32mdatareader created[m     | client_key: 0x00000006, datareader_id: 0x80B(6), subscriber_id: 0x80B(4)
[35m[1785136918.591942][m info     | [34mProxyClient.cpp   [m | [37mcreate_topic            [m | [32mtopic created[m          | client_key: 0x00000006, topic_id: 0x80C(2), participant_id: 0x001(1)
[35m[1785136918.591955][m info     | [34mProxyClient.cpp   [m | [37mcreate_subscriber       [m | [32msubscriber created[m     | client_key: 0x00000006, subscriber_id: 0x80C(4), participant_id: 0x001(1)
[35m[1785136918.592195][m info     | [34mProxyClient.cpp   [m | [37mcreate_datareader       [m | [32mdatareader created[m     | client_key: 0x00000006, datareader_id: 0x80C(6), subscriber_id: 0x80C(4)
[35m[1785136918.592309][m info     | [34mProxyClient.cpp   [m | [37mcreate_topic            [m | [32mtopic created[m          | client_key: 0x00000006, topic_id: 0x80D(2), participant_id: 0x001(1)
[35m[1785136918.592336][m info     | [34mProxyClient.cpp   [m | [37mcreate_subscriber       [m | [32msubscriber created[m     | client_key: 0x00000006, subscriber_id: 0x80D(4), participant_id: 0x001(1)
[35m[1785136918.592577][m info     | [34mProxyClient.cpp   [m | [37mcreate_datareader       [m | [32mdatareader created[m     | client_key: 0x00000006, datareader_id: 0x80D(6), subscriber_id: 0x80D(4)
[35m[1785136918.592659][m info     | [34mProxyClient.cpp   [m | [37mcreate_topic            [m | [32mtopic created[m          | client_key: 0x00000006, topic_id: 0x80E(2), participant_id: 0x001(1)
[35m[1785136918.592675][m info     | [34mProxyClient.cpp   [m | [37mcreate_subscriber       [m | [32msubscriber created[m     | client_key: 0x00000006, subscriber_id: 0x80E(4), participant_id: 0x001(1)
[35m[1785136918.592899][m info     | [34mProxyClient.cpp   [m | [37mcreate_datareader       [m | [32mdatareader created[m     | client_key: 0x00000006, datareader_id: 0x80E(6), subscriber_id: 0x80E(4)
[35m[1785136918.592987][m info     | [34mProxyClient.cpp   [m | [37mcreate_topic            [m | [32mtopic created[m          | client_key: 0x00000006, topic_id: 0x80F(2), participant_id: 0x001(1)
[35m[1785136918.592999][m info     | [34mProxyClient.cpp   [m | [37mcreate_subscriber       [m | [32msubscriber created[m     | client_key: 0x00000006, subscriber_id: 0x80F(4), participant_id: 0x001(1)
[35m[1785136918.593246][m info     | [34mProxyClient.cpp   [m | [37mcreate_datareader       [m | [32mdatareader created[m     | client_key: 0x00000006, datareader_id: 0x80F(6), subscriber_id: 0x80F(4)
[35m[1785136918.593337][m info     | [34mProxyClient.cpp   [m | [37mcreate_topic            [m | [32mtopic created[m          | client_key: 0x00000006, topic_id: 0x810(2), participant_id: 0x001(1)
[35m[1785136918.593355][m info     | [34mProxyClient.cpp   [m | [37mcreate_subscriber       [m | [32msubscriber created[m     | client_key: 0x00000006, subscriber_id: 0x810(4), participant_id: 0x001(1)
[35m[1785136918.593587][m info     | [34mProxyClient.cpp   [m | [37mcreate_datareader       [m | [32mdatareader created[m     | client_key: 0x00000006, datareader_id: 0x810(6), subscriber_id: 0x810(4)
[35m[1785136918.593668][m info     | [34mProxyClient.cpp   [m | [37mcreate_topic            [m | [32mtopic created[m          | client_key: 0x00000006, topic_id: 0x811(2), participant_id: 0x001(1)
[35m[1785136918.593683][m info     | [34mProxyClient.cpp   [m | [37mcreate_subscriber       [m | [32msubscriber created[m     | client_key: 0x00000006, subscriber_id: 0x811(4), participant_id: 0x001(1)
[35m[1785136918.593910][m info     | [34mProxyClient.cpp   [m | [37mcreate_datareader       [m | [32mdatareader created[m     | client_key: 0x00000006, datareader_id: 0x811(6), subscriber_id: 0x811(4)
[35m[1785136918.593989][m info     | [34mProxyClient.cpp   [m | [37mcreate_topic            [m | [32mtopic created[m          | client_key: 0x00000006, topic_id: 0x812(2), participant_id: 0x001(1)
[35m[1785136918.594000][m info     | [34mProxyClient.cpp   [m | [37mcreate_subscriber       [m | [32msubscriber created[m     | client_key: 0x00000006, subscriber_id: 0x812(4), participant_id: 0x001(1)
[35m[1785136918.594239][m info     | [34mProxyClient.cpp   [m | [37mcreate_datareader       [m | [32mdatareader created[m     | client_key: 0x00000006, datareader_id: 0x812(6), subscriber_id: 0x812(4)
[35m[1785136918.594327][m info     | [34mProxyClient.cpp   [m | [37mcreate_topic            [m | [32mtopic created[m          | client_key: 0x00000006, topic_id: 0x813(2), participant_id: 0x001(1)
[35m[1785136918.594345][m info     | [34mProxyClient.cpp   [m | [37mcreate_subscriber       [m | [32msubscriber created[m     | client_key: 0x00000006, subscriber_id: 0x813(4), participant_id: 0x001(1)
[35m[1785136918.594571][m info     | [34mProxyClient.cpp   [m | [37mcreate_datareader       [m | [32mdatareader created[m     | client_key: 0x00000006, datareader_id: 0x813(6), subscriber_id: 0x813(4)
[35m[1785136918.594654][m info     | [34mProxyClient.cpp   [m | [37mcreate_topic            [m | [32mtopic created[m          | client_key: 0x00000006, topic_id: 0x814(2), participant_id: 0x001(1)
[35m[1785136918.594666][m info     | [34mProxyClient.cpp   [m | [37mcreate_subscriber       [m | [32msubscriber created[m     | client_key: 0x00000006, subscriber_id: 0x814(4), participant_id: 0x001(1)
[35m[1785136918.594894][m info     | [34mProxyClient.cpp   [m | [37mcreate_datareader       [m | [32mdatareader created[m     | client_key: 0x00000006, datareader_id: 0x814(6), subscriber_id: 0x814(4)
[35m[1785136918.594968][m info     | [34mProxyClient.cpp   [m | [37mcreate_topic            [m | [32mtopic created[m          | client_key: 0x00000006, topic_id: 0x815(2), participant_id: 0x001(1)
[35m[1785136918.594985][m info     | [34mProxyClient.cpp   [m | [37mcreate_subscriber       [m | [32msubscriber created[m     | client_key: 0x00000006, subscriber_id: 0x815(4), participant_id: 0x001(1)
[35m[1785136918.595217][m info     | [34mProxyClient.cpp   [m | [37mcreate_datareader       [m | [32mdatareader created[m     | client_key: 0x00000006, datareader_id: 0x815(6), subscriber_id: 0x815(4)
[35m[1785136918.595300][m info     | [34mProxyClient.cpp   [m | [37mcreate_topic            [m | [32mtopic created[m          | client_key: 0x00000006, topic_id: 0x816(2), participant_id: 0x001(1)
[35m[1785136918.595318][m info     | [34mProxyClient.cpp   [m | [37mcreate_subscriber       [m | [32msubscriber created[m     | client_key: 0x00000006, subscriber_id: 0x816(4), participant_id: 0x001(1)
[35m[1785136918.595545][m info     | [34mProxyClient.cpp   [m | [37mcreate_datareader       [m | [32mdatareader created[m     | client_key: 0x00000006, datareader_id: 0x816(6), subscriber_id: 0x816(4)
[35m[1785136918.595627][m info     | [34mProxyClient.cpp   [m | [37mcreate_topic            [m | [32mtopic created[m          | client_key: 0x00000006, topic_id: 0x817(2), participant_id: 0x001(1)
[35m[1785136918.595644][m info     | [34mProxyClient.cpp   [m | [37mcreate_subscriber       [m | [32msubscriber created[m     | client_key: 0x00000006, subscriber_id: 0x817(4), participant_id: 0x001(1)
[35m[1785136918.595871][m info     | [34mProxyClient.cpp   [m | [37mcreate_datareader       [m | [32mdatareader created[m     | client_key: 0x00000006, datareader_id: 0x817(6), subscriber_id: 0x817(4)
[35m[1785136918.595952][m info     | [34mProxyClient.cpp   [m | [37mcreate_topic            [m | [32mtopic created[m          | client_key: 0x00000006, topic_id: 0x818(2), participant_id: 0x001(1)
[35m[1785136918.595969][m info     | [34mProxyClient.cpp   [m | [37mcreate_subscriber       [m | [32msubscriber created[m     | client_key: 0x00000006, subscriber_id: 0x818(4), participant_id: 0x001(1)
[35m[1785136918.596201][m info     | [34mProxyClient.cpp   [m | [37mcreate_datareader       [m | [32mdatareader created[m     | client_key: 0x00000006, datareader_id: 0x818(6), subscriber_id: 0x818(4)
[35m[1785136918.596295][m info     | [34mProxyClient.cpp   [m | [37mcreate_topic            [m | [32mtopic created[m          | client_key: 0x00000006, topic_id: 0x819(2), participant_id: 0x001(1)
[35m[1785136918.596311][m info     | [34mProxyClient.cpp   [m | [37mcreate_subscriber       [m | [32msubscriber created[m     | client_key: 0x00000006, subscriber_id: 0x819(4), participant_id: 0x001(1)
[35m[1785136918.596556][m info     | [34mProxyClient.cpp   [m | [37mcreate_datareader       [m | [32mdatareader created[m     | client_key: 0x00000006, datareader_id: 0x819(6), subscriber_id: 0x819(4)
[35m[1785136918.596640][m info     | [34mProxyClient.cpp   [m | [37mcreate_topic            [m | [32mtopic created[m          | client_key: 0x00000006, topic_id: 0x81A(2), participant_id: 0x001(1)
[35m[1785136918.596653][m info     | [34mProxyClient.cpp   [m | [37mcreate_subscriber       [m | [32msubscriber created[m     | client_key: 0x00000006, subscriber_id: 0x81A(4), participant_id: 0x001(1)
[35m[1785136918.596872][m info     | [34mProxyClient.cpp   [m | [37mcreate_datareader       [m | [32mdatareader created[m     | client_key: 0x00000006, datareader_id: 0x81A(6), subscriber_id: 0x81A(4)
[35m[1785136918.596946][m info     | [34mProxyClient.cpp   [m | [37mcreate_topic            [m | [32mtopic created[m          | client_key: 0x00000006, topic_id: 0x81B(2), participant_id: 0x001(1)
[35m[1785136918.596963][m info     | [34mProxyClient.cpp   [m | [37mcreate_subscriber       [m | [32msubscriber created[m     | client_key: 0x00000006, subscriber_id: 0x81B(4), participant_id: 0x001(1)
[35m[1785136918.597186][m info     | [34mProxyClient.cpp   [m | [37mcreate_datareader       [m | [32mdatareader created[m     | client_key: 0x00000006, datareader_id: 0x81B(6), subscriber_id: 0x81B(4)
[35m[1785136918.597313][m info     | [34mProxyClient.cpp   [m | [37mcreate_topic            [m | [32mtopic created[m          | client_key: 0x00000006, topic_id: 0x81C(2), participant_id: 0x001(1)
[35m[1785136918.597326][m info     | [34mProxyClient.cpp   [m | [37mcreate_subscriber       [m | [32msubscriber created[m     | client_key: 0x00000006, subscriber_id: 0x81C(4), participant_id: 0x001(1)
[35m[1785136918.597545][m info     | [34mProxyClient.cpp   [m | [37mcreate_datareader       [m | [32mdatareader created[m     | client_key: 0x00000006, datareader_id: 0x81C(6), subscriber_id: 0x81C(4)
[35m[1785136918.598114][m info     | [34mProxyClient.cpp   [m | [37mcreate_replier          [m | [32mreplier created[m        | client_key: 0x00000006, requester_id: 0x800(7), participant_id: 0x001(1)
[35m[1785136919.161633][m info     | [34mRoot.cpp          [m | [37mcreate_client           [m | [32mcreate[m                 | client_key: 0x00000007, session_id: 0x81
[35m[1785136919.161660][m info     | [34mSessionManager.hpp[m | [37mestablish_session       [m | [32msession established[m    | client_key: 0x00000007, address: 127.0.0.1:21693
[35m[1785136919.163740][m info     | [34mProxyClient.cpp   [m | [37mcreate_participant      [m | [32mparticipant created[m    | client_key: 0x00000007, participant_id: 0x001(1)
[35m[1785136919.164123][m info     | [34mProxyClient.cpp   [m | [37mcreate_topic            [m | [32mtopic created[m          | client_key: 0x00000007, topic_id: 0x800(2), participant_id: 0x001(1)
[35m[1785136919.164163][m info     | [34mProxyClient.cpp   [m | [37mcreate_subscriber       [m | [32msubscriber created[m     | client_key: 0x00000007, subscriber_id: 0x800(4), participant_id: 0x001(1)
[35m[1785136919.164451][m info     | [34mProxyClient.cpp   [m | [37mcreate_datareader       [m | [32mdatareader created[m     | client_key: 0x00000007, datareader_id: 0x800(6), subscriber_id: 0x800(4)
[35m[1785136919.164558][m info     | [34mProxyClient.cpp   [m | [37mcreate_topic            [m | [32mtopic created[m          | client_key: 0x00000007, topic_id: 0x801(2), participant_id: 0x001(1)
[35m[1785136919.164579][m info     | [34mProxyClient.cpp   [m | [37mcreate_subscriber       [m | [32msubscriber created[m     | client_key: 0x00000007, subscriber_id: 0x801(4), participant_id: 0x001(1)
[35m[1785136919.164884][m info     | [34mProxyClient.cpp   [m | [37mcreate_datareader       [m | [32mdatareader created[m     | client_key: 0x00000007, datareader_id: 0x801(6), subscriber_id: 0x801(4)
[35m[1785136919.164993][m info     | [34mProxyClient.cpp   [m | [37mcreate_topic            [m | [32mtopic created[m          | client_key: 0x00000007, topic_id: 0x802(2), participant_id: 0x001(1)
[35m[1785136919.165007][m info     | [34mProxyClient.cpp   [m | [37mcreate_subscriber       [m | [32msubscriber created[m     | client_key: 0x00000007, subscriber_id: 0x802(4), participant_id: 0x001(1)
[35m[1785136919.165326][m info     | [34mProxyClient.cpp   [m | [37mcreate_datareader       [m | [32mdatareader created[m     | client_key: 0x00000007, datareader_id: 0x802(6), subscriber_id: 0x802(4)
[35m[1785136919.165454][m info     | [34mProxyClient.cpp   [m | [37mcreate_topic            [m | [32mtopic created[m          | client_key: 0x00000007, topic_id: 0x803(2), participant_id: 0x001(1)
[35m[1785136919.165475][m info     | [34mProxyClient.cpp   [m | [37mcreate_subscriber       [m | [32msubscriber created[m     | client_key: 0x00000007, subscriber_id: 0x803(4), participant_id: 0x001(1)
[35m[1785136919.165792][m info     | [34mProxyClient.cpp   [m | [37mcreate_datareader       [m | [32mdatareader created[m     | client_key: 0x00000007, datareader_id: 0x803(6), subscriber_id: 0x803(4)
[35m[1785136919.165906][m info     | [34mProxyClient.cpp   [m | [37mcreate_topic            [m | [32mtopic created[m          | client_key: 0x00000007, topic_id: 0x804(2), participant_id: 0x001(1)
[35m[1785136919.165932][m info     | [34mProxyClient.cpp   [m | [37mcreate_subscriber       [m | [32msubscriber created[m     | client_key: 0x00000007, subscriber_id: 0x804(4), participant_id: 0x001(1)
[35m[1785136919.166189][m info     | [34mProxyClient.cpp   [m | [37mcreate_datareader       [m | [32mdatareader created[m     | client_key: 0x00000007, datareader_id: 0x804(6), subscriber_id: 0x804(4)
[35m[1785136919.166277][m info     | [34mProxyClient.cpp   [m | [37mcreate_topic            [m | [32mtopic created[m          | client_key: 0x00000007, topic_id: 0x805(2), participant_id: 0x001(1)
[35m[1785136919.166300][m info     | [34mProxyClient.cpp   [m | [37mcreate_subscriber       [m | [32msubscriber created[m     | client_key: 0x00000007, subscriber_id: 0x805(4), participant_id: 0x001(1)
[35m[1785136919.166540][m info     | [34mProxyClient.cpp   [m | [37mcreate_datareader       [m | [32mdatareader created[m     | client_key: 0x00000007, datareader_id: 0x805(6), subscriber_id: 0x805(4)
[35m[1785136919.166618][m info     | [34mProxyClient.cpp   [m | [37mcreate_topic            [m | [32mtopic created[m          | client_key: 0x00000007, topic_id: 0x806(2), participant_id: 0x001(1)
[35m[1785136919.166629][m info     | [34mProxyClient.cpp   [m | [37mcreate_subscriber       [m | [32msubscriber created[m     | client_key: 0x00000007, subscriber_id: 0x806(4), participant_id: 0x001(1)
[35m[1785136919.166859][m info     | [34mProxyClient.cpp   [m | [37mcreate_datareader       [m | [32mdatareader created[m     | client_key: 0x00000007, datareader_id: 0x806(6), subscriber_id: 0x806(4)
[35m[1785136919.166938][m info     | [34mProxyClient.cpp   [m | [37mcreate_topic            [m | [32mtopic created[m          | client_key: 0x00000007, topic_id: 0x807(2), participant_id: 0x001(1)
[35m[1785136919.166955][m info     | [34mProxyClient.cpp   [m | [37mcreate_subscriber       [m | [32msubscriber created[m     | client_key: 0x00000007, subscriber_id: 0x807(4), participant_id: 0x001(1)
[35m[1785136919.167205][m info     | [34mProxyClient.cpp   [m | [37mcreate_datareader       [m | [32mdatareader created[m     | client_key: 0x00000007, datareader_id: 0x807(6), subscriber_id: 0x807(4)
[35m[1785136919.167290][m info     | [34mProxyClient.cpp   [m | [37mcreate_topic            [m | [32mtopic created[m          | client_key: 0x00000007, topic_id: 0x808(2), participant_id: 0x001(1)
[35m[1785136919.167307][m info     | [34mProxyClient.cpp   [m | [37mcreate_subscriber       [m | [32msubscriber created[m     | client_key: 0x00000007, subscriber_id: 0x808(4), participant_id: 0x001(1)
[35m[1785136919.167556][m info     | [34mProxyClient.cpp   [m | [37mcreate_datareader       [m | [32mdatareader created[m     | client_key: 0x00000007, datareader_id: 0x808(6), subscriber_id: 0x808(4)
[35m[1785136919.167650][m info     | [34mProxyClient.cpp   [m | [37mcreate_topic            [m | [32mtopic created[m          | client_key: 0x00000007, topic_id: 0x809(2), participant_id: 0x001(1)
[35m[1785136919.167674][m info     | [34mProxyClient.cpp   [m | [37mcreate_subscriber       [m | [32msubscriber created[m     | client_key: 0x00000007, subscriber_id: 0x809(4), participant_id: 0x001(1)
[35m[1785136919.167960][m info     | [34mProxyClient.cpp   [m | [37mcreate_datareader       [m | [32mdatareader created[m     | client_key: 0x00000007, datareader_id: 0x809(6), subscriber_id: 0x809(4)
[35m[1785136919.168072][m info     | [34mProxyClient.cpp   [m | [37mcreate_topic            [m | [32mtopic created[m          | client_key: 0x00000007, topic_id: 0x80A(2), participant_id: 0x001(1)
[35m[1785136919.168093][m info     | [34mProxyClient.cpp   [m | [37mcreate_subscriber       [m | [32msubscriber created[m     | client_key: 0x00000007, subscriber_id: 0x80A(4), participant_id: 0x001(1)
[35m[1785136919.168379][m info     | [34mProxyClient.cpp   [m | [37mcreate_datareader       [m | [32mdatareader created[m     | client_key: 0x00000007, datareader_id: 0x80A(6), subscriber_id: 0x80A(4)
[35m[1785136919.168485][m info     | [34mProxyClient.cpp   [m | [37mcreate_topic            [m | [32mtopic created[m          | client_key: 0x00000007, topic_id: 0x80B(2), participant_id: 0x001(1)
[35m[1785136919.168501][m info     | [34mProxyClient.cpp   [m | [37mcreate_subscriber       [m | [32msubscriber created[m     | client_key: 0x00000007, subscriber_id: 0x80B(4), participant_id: 0x001(1)
[35m[1785136919.168776][m info     | [34mProxyClient.cpp   [m | [37mcreate_datareader       [m | [32mdatareader created[m     | client_key: 0x00000007, datareader_id: 0x80B(6), subscriber_id: 0x80B(4)
[35m[1785136919.168880][m info     | [34mProxyClient.cpp   [m | [37mcreate_topic            [m | [32mtopic created[m          | client_key: 0x00000007, topic_id: 0x80C(2), participant_id: 0x001(1)
[35m[1785136919.168903][m info     | [34mProxyClient.cpp   [m | [37mcreate_subscriber       [m | [32msubscriber created[m     | client_key: 0x00000007, subscriber_id: 0x80C(4), participant_id: 0x001(1)
[35m[1785136919.169180][m info     | [34mProxyClient.cpp   [m | [37mcreate_datareader       [m | [32mdatareader created[m     | client_key: 0x00000007, datareader_id: 0x80C(6), subscriber_id: 0x80C(4)
[35m[1785136919.169287][m info     | [34mProxyClient.cpp   [m | [37mcreate_topic            [m | [32mtopic created[m          | client_key: 0x00000007, topic_id: 0x80D(2), participant_id: 0x001(1)
[35m[1785136919.169302][m info     | [34mProxyClient.cpp   [m | [37mcreate_subscriber       [m | [32msubscriber created[m     | client_key: 0x00000007, subscriber_id: 0x80D(4), participant_id: 0x001(1)
[35m[1785136919.169560][m info     | [34mProxyClient.cpp   [m | [37mcreate_datareader       [m | [32mdatareader created[m     | client_key: 0x00000007, datareader_id: 0x80D(6), subscriber_id: 0x80D(4)
[35m[1785136919.169643][m info     | [34mProxyClient.cpp   [m | [37mcreate_topic            [m | [32mtopic created[m          | client_key: 0x00000007, topic_id: 0x80E(2), participant_id: 0x001(1)
[35m[1785136919.169661][m info     | [34mProxyClient.cpp   [m | [37mcreate_subscriber       [m | [32msubscriber created[m     | client_key: 0x00000007, subscriber_id: 0x80E(4), participant_id: 0x001(1)
[35m[1785136919.169929][m info     | [34mProxyClient.cpp   [m | [37mcreate_datareader       [m | [32mdatareader created[m     | client_key: 0x00000007, datareader_id: 0x80E(6), subscriber_id: 0x80E(4)
[35m[1785136919.170018][m info     | [34mProxyClient.cpp   [m | [37mcreate_topic            [m | [32mtopic created[m          | client_key: 0x00000007, topic_id: 0x80F(2), participant_id: 0x001(1)
[35m[1785136919.170033][m info     | [34mProxyClient.cpp   [m | [37mcreate_subscriber       [m | [32msubscriber created[m     | client_key: 0x00000007, subscriber_id: 0x80F(4), participant_id: 0x001(1)
[35m[1785136919.170288][m info     | [34mProxyClient.cpp   [m | [37mcreate_datareader       [m | [32mdatareader created[m     | client_key: 0x00000007, datareader_id: 0x80F(6), subscriber_id: 0x80F(4)
[35m[1785136919.170385][m info     | [34mProxyClient.cpp   [m | [37mcreate_topic            [m | [32mtopic created[m          | client_key: 0x00000007, topic_id: 0x810(2), participant_id: 0x001(1)
[35m[1785136919.170398][m info     | [34mProxyClient.cpp   [m | [37mcreate_subscriber       [m | [32msubscriber created[m     | client_key: 0x00000007, subscriber_id: 0x810(4), participant_id: 0x001(1)
[35m[1785136919.170649][m info     | [34mProxyClient.cpp   [m | [37mcreate_datareader       [m | [32mdatareader created[m     | client_key: 0x00000007, datareader_id: 0x810(6), subscriber_id: 0x810(4)
[35m[1785136919.170744][m info     | [34mProxyClient.cpp   [m | [37mcreate_topic            [m | [32mtopic created[m          | client_key: 0x00000007, topic_id: 0x811(2), participant_id: 0x001(1)
[35m[1785136919.170762][m info     | [34mProxyClient.cpp   [m | [37mcreate_subscriber       [m | [32msubscriber created[m     | client_key: 0x00000007, subscriber_id: 0x811(4), participant_id: 0x001(1)
[35m[1785136919.171009][m info     | [34mProxyClient.cpp   [m | [37mcreate_datareader       [m | [32mdatareader created[m     | client_key: 0x00000007, datareader_id: 0x811(6), subscriber_id: 0x811(4)
[35m[1785136919.171111][m info     | [34mProxyClient.cpp   [m | [37mcreate_topic            [m | [32mtopic created[m          | client_key: 0x00000007, topic_id: 0x812(2), participant_id: 0x001(1)
[35m[1785136919.171128][m info     | [34mProxyClient.cpp   [m | [37mcreate_subscriber       [m | [32msubscriber created[m     | client_key: 0x00000007, subscriber_id: 0x812(4), participant_id: 0x001(1)
[35m[1785136919.171376][m info     | [34mProxyClient.cpp   [m | [37mcreate_datareader       [m | [32mdatareader created[m     | client_key: 0x00000007, datareader_id: 0x812(6), subscriber_id: 0x812(4)
[35m[1785136919.171464][m info     | [34mProxyClient.cpp   [m | [37mcreate_topic            [m | [32mtopic created[m          | client_key: 0x00000007, topic_id: 0x813(2), participant_id: 0x001(1)
[35m[1785136919.171483][m info     | [34mProxyClient.cpp   [m | [37mcreate_subscriber       [m | [32msubscriber created[m     | client_key: 0x00000007, subscriber_id: 0x813(4), participant_id: 0x001(1)
[35m[1785136919.171720][m info     | [34mProxyClient.cpp   [m | [37mcreate_datareader       [m | [32mdatareader created[m     | client_key: 0x00000007, datareader_id: 0x813(6), subscriber_id: 0x813(4)
[35m[1785136919.171806][m info     | [34mProxyClient.cpp   [m | [37mcreate_topic            [m | [32mtopic created[m          | client_key: 0x00000007, topic_id: 0x814(2), participant_id: 0x001(1)
[35m[1785136919.171819][m info     | [34mProxyClient.cpp   [m | [37mcreate_subscriber       [m | [32msubscriber created[m     | client_key: 0x00000007, subscriber_id: 0x814(4), participant_id: 0x001(1)
[35m[1785136919.172093][m info     | [34mProxyClient.cpp   [m | [37mcreate_datareader       [m | [32mdatareader created[m     | client_key: 0x00000007, datareader_id: 0x814(6), subscriber_id: 0x814(4)
[35m[1785136919.172257][m info     | [34mProxyClient.cpp   [m | [37mcreate_topic            [m | [32mtopic created[m          | client_key: 0x00000007, topic_id: 0x815(2), participant_id: 0x001(1)
[35m[1785136919.172302][m info     | [34mProxyClient.cpp   [m | [37mcreate_subscriber       [m | [32msubscriber created[m     | client_key: 0x00000007, subscriber_id: 0x815(4), participant_id: 0x001(1)
[35m[1785136919.172658][m info     | [34mProxyClient.cpp   [m | [37mcreate_datareader       [m | [32mdatareader created[m     | client_key: 0x00000007, datareader_id: 0x815(6), subscriber_id: 0x815(4)
[35m[1785136919.172769][m info     | [34mProxyClient.cpp   [m | [37mcreate_topic            [m | [32mtopic created[m          | client_key: 0x00000007, topic_id: 0x816(2), participant_id: 0x001(1)
[35m[1785136919.172784][m info     | [34mProxyClient.cpp   [m | [37mcreate_subscriber       [m | [32msubscriber created[m     | client_key: 0x00000007, subscriber_id: 0x816(4), participant_id: 0x001(1)
[35m[1785136919.173041][m info     | [34mProxyClient.cpp   [m | [37mcreate_datareader       [m | [32mdatareader created[m     | client_key: 0x00000007, datareader_id: 0x816(6), subscriber_id: 0x816(4)
[35m[1785136919.173155][m info     | [34mProxyClient.cpp   [m | [37mcreate_topic            [m | [32mtopic created[m          | client_key: 0x00000007, topic_id: 0x817(2), participant_id: 0x001(1)
[35m[1785136919.173179][m info     | [34mProxyClient.cpp   [m | [37mcreate_subscriber       [m | [32msubscriber created[m     | client_key: 0x00000007, subscriber_id: 0x817(4), participant_id: 0x001(1)
[35m[1785136919.173433][m info     | [34mProxyClient.cpp   [m | [37mcreate_datareader       [m | [32mdatareader created[m     | client_key: 0x00000007, datareader_id: 0x817(6), subscriber_id: 0x817(4)
[35m[1785136919.173535][m info     | [34mProxyClient.cpp   [m | [37mcreate_topic            [m | [32mtopic created[m          | client_key: 0x00000007, topic_id: 0x818(2), participant_id: 0x001(1)
[35m[1785136919.173550][m info     | [34mProxyClient.cpp   [m | [37mcreate_subscriber       [m | [32msubscriber created[m     | client_key: 0x00000007, subscriber_id: 0x818(4), participant_id: 0x001(1)
[35m[1785136919.173786][m info     | [34mProxyClient.cpp   [m | [37mcreate_datareader       [m | [32mdatareader created[m     | client_key: 0x00000007, datareader_id: 0x818(6), subscriber_id: 0x818(4)
[35m[1785136919.173880][m info     | [34mProxyClient.cpp   [m | [37mcreate_topic            [m | [32mtopic created[m          | client_key: 0x00000007, topic_id: 0x819(2), participant_id: 0x001(1)
[35m[1785136919.173899][m info     | [34mProxyClient.cpp   [m | [37mcreate_subscriber       [m | [32msubscriber created[m     | client_key: 0x00000007, subscriber_id: 0x819(4), participant_id: 0x001(1)
[35m[1785136919.174136][m info     | [34mProxyClient.cpp   [m | [37mcreate_datareader       [m | [32mdatareader created[m     | client_key: 0x00000007, datareader_id: 0x819(6), subscriber_id: 0x819(4)
[35m[1785136919.174233][m info     | [34mProxyClient.cpp   [m | [37mcreate_topic            [m | [32mtopic created[m          | client_key: 0x00000007, topic_id: 0x81A(2), participant_id: 0x001(1)
[35m[1785136919.174255][m info     | [34mProxyClient.cpp   [m | [37mcreate_subscriber       [m | [32msubscriber created[m     | client_key: 0x00000007, subscriber_id: 0x81A(4), participant_id: 0x001(1)
[35m[1785136919.174489][m info     | [34mProxyClient.cpp   [m | [37mcreate_datareader       [m | [32mdatareader created[m     | client_key: 0x00000007, datareader_id: 0x81A(6), subscriber_id: 0x81A(4)
[35m[1785136919.174584][m info     | [34mProxyClient.cpp   [m | [37mcreate_topic            [m | [32mtopic created[m          | client_key: 0x00000007, topic_id: 0x81B(2), participant_id: 0x001(1)
[35m[1785136919.174600][m info     | [34mProxyClient.cpp   [m | [37mcreate_subscriber       [m | [32msubscriber created[m     | client_key: 0x00000007, subscriber_id: 0x81B(4), participant_id: 0x001(1)
[35m[1785136919.174826][m info     | [34mProxyClient.cpp   [m | [37mcreate_datareader       [m | [32mdatareader created[m     | client_key: 0x00000007, datareader_id: 0x81B(6), subscriber_id: 0x81B(4)
[35m[1785136919.174920][m info     | [34mProxyClient.cpp   [m | [37mcreate_topic            [m | [32mtopic created[m          | client_key: 0x00000007, topic_id: 0x81C(2), participant_id: 0x001(1)
[35m[1785136919.174936][m info     | [34mProxyClient.cpp   [m | [37mcreate_subscriber       [m | [32msubscriber created[m     | client_key: 0x00000007, subscriber_id: 0x81C(4), participant_id: 0x001(1)
[35m[1785136919.175165][m info     | [34mProxyClient.cpp   [m | [37mcreate_datareader       [m | [32mdatareader created[m     | client_key: 0x00000007, datareader_id: 0x81C(6), subscriber_id: 0x81C(4)
[35m[1785136919.175829][m info     | [34mProxyClient.cpp   [m | [37mcreate_replier          [m | [32mreplier created[m        | client_key: 0x00000007, requester_id: 0x800(7), participant_id: 0x001(1)
[35m[1785136919.700093][m info     | [34mRoot.cpp          [m | [37mcreate_client           [m | [32mcreate[m                 | client_key: 0x00000008, session_id: 0x81
[35m[1785136919.700121][m info     | [34mSessionManager.hpp[m | [37mestablish_session       [m | [32msession established[m    | client_key: 0x00000008, address: 127.0.0.1:24776
[35m[1785136919.714682][m info     | [34mProxyClient.cpp   [m | [37mcreate_participant      [m | [32mparticipant created[m    | client_key: 0x00000008, participant_id: 0x001(1)
[35m[1785136919.715546][m info     | [34mProxyClient.cpp   [m | [37mcreate_topic            [m | [32mtopic created[m          | client_key: 0x00000008, topic_id: 0x800(2), participant_id: 0x001(1)
[35m[1785136919.715872][m info     | [34mProxyClient.cpp   [m | [37mcreate_subscriber       [m | [32msubscriber created[m     | client_key: 0x00000008, subscriber_id: 0x800(4), participant_id: 0x001(1)
[35m[1785136919.716678][m info     | [34mProxyClient.cpp   [m | [37mcreate_datareader       [m | [32mdatareader created[m     | client_key: 0x00000008, datareader_id: 0x800(6), subscriber_id: 0x800(4)
[35m[1785136919.716901][m info     | [34mProxyClient.cpp   [m | [37mcreate_topic            [m | [32mtopic created[m          | client_key: 0x00000008, topic_id: 0x801(2), participant_id: 0x001(1)
[35m[1785136919.716934][m info     | [34mProxyClient.cpp   [m | [37mcreate_subscriber       [m | [32msubscriber created[m     | client_key: 0x00000008, subscriber_id: 0x801(4), participant_id: 0x001(1)
[35m[1785136919.717457][m info     | [34mProxyClient.cpp   [m | [37mcreate_datareader       [m | [32mdatareader created[m     | client_key: 0x00000008, datareader_id: 0x801(6), subscriber_id: 0x801(4)
[35m[1785136919.717836][m info     | [34mProxyClient.cpp   [m | [37mcreate_topic            [m | [32mtopic created[m          | client_key: 0x00000008, topic_id: 0x802(2), participant_id: 0x001(1)
[35m[1785136919.717932][m info     | [34mProxyClient.cpp   [m | [37mcreate_subscriber       [m | [32msubscriber created[m     | client_key: 0x00000008, subscriber_id: 0x802(4), participant_id: 0x001(1)
[35m[1785136919.718621][m info     | [34mProxyClient.cpp   [m | [37mcreate_datareader       [m | [32mdatareader created[m     | client_key: 0x00000008, datareader_id: 0x802(6), subscriber_id: 0x802(4)
[35m[1785136919.718841][m info     | [34mProxyClient.cpp   [m | [37mcreate_topic            [m | [32mtopic created[m          | client_key: 0x00000008, topic_id: 0x803(2), participant_id: 0x001(1)
[35m[1785136919.718916][m info     | [34mProxyClient.cpp   [m | [37mcreate_subscriber       [m | [32msubscriber created[m     | client_key: 0x00000008, subscriber_id: 0x803(4), participant_id: 0x001(1)
[35m[1785136919.719707][m info     | [34mProxyClient.cpp   [m | [37mcreate_datareader       [m | [32mdatareader created[m     | client_key: 0x00000008, datareader_id: 0x803(6), subscriber_id: 0x803(4)
[35m[1785136919.720002][m info     | [34mProxyClient.cpp   [m | [37mcreate_topic            [m | [32mtopic created[m          | client_key: 0x00000008, topic_id: 0x804(2), participant_id: 0x001(1)
[35m[1785136919.720085][m info     | [34mProxyClient.cpp   [m | [37mcreate_subscriber       [m | [32msubscriber created[m     | client_key: 0x00000008, subscriber_id: 0x804(4), participant_id: 0x001(1)
[35m[1785136919.721356][m info     | [34mProxyClient.cpp   [m | [37mcreate_datareader       [m | [32mdatareader created[m     | client_key: 0x00000008, datareader_id: 0x804(6), subscriber_id: 0x804(4)
[35m[1785136919.721608][m info     | [34mProxyClient.cpp   [m | [37mcreate_topic            [m | [32mtopic created[m          | client_key: 0x00000008, topic_id: 0x805(2), participant_id: 0x001(1)
[35m[1785136919.721652][m info     | [34mProxyClient.cpp   [m | [37mcreate_subscriber       [m | [32msubscriber created[m     | client_key: 0x00000008, subscriber_id: 0x805(4), participant_id: 0x001(1)
[35m[1785136919.723298][m info     | [34mProxyClient.cpp   [m | [37mcreate_datareader       [m | [32mdatareader created[m     | client_key: 0x00000008, datareader_id: 0x805(6), subscriber_id: 0x805(4)
[35m[1785136919.723574][m info     | [34mProxyClient.cpp   [m | [37mcreate_topic            [m | [32mtopic created[m          | client_key: 0x00000008, topic_id: 0x806(2), participant_id: 0x001(1)
[35m[1785136919.724018][m info     | [34mProxyClient.cpp   [m | [37mcreate_subscriber       [m | [32msubscriber created[m     | client_key: 0x00000008, subscriber_id: 0x806(4), participant_id: 0x001(1)
[35m[1785136919.724752][m info     | [34mProxyClient.cpp   [m | [37mcreate_datareader       [m | [32mdatareader created[m     | client_key: 0x00000008, datareader_id: 0x806(6), subscriber_id: 0x806(4)
[35m[1785136919.724923][m info     | [34mProxyClient.cpp   [m | [37mcreate_topic            [m | [32mtopic created[m          | client_key: 0x00000008, topic_id: 0x807(2), participant_id: 0x001(1)
[35m[1785136919.724979][m info     | [34mProxyClient.cpp   [m | [37mcreate_subscriber       [m | [32msubscriber created[m     | client_key: 0x00000008, subscriber_id: 0x807(4), participant_id: 0x001(1)
[35m[1785136919.725526][m info     | [34mProxyClient.cpp   [m | [37mcreate_datareader       [m | [32mdatareader created[m     | client_key: 0x00000008, datareader_id: 0x807(6), subscriber_id: 0x807(4)
[35m[1785136919.726818][m info     | [34mProxyClient.cpp   [m | [37mcreate_topic            [m | [32mtopic created[m          | client_key: 0x00000008, topic_id: 0x808(2), participant_id: 0x001(1)
[35m[1785136919.726996][m info     | [34mProxyClient.cpp   [m | [37mcreate_subscriber       [m | [32msubscriber created[m     | client_key: 0x00000008, subscriber_id: 0x808(4), participant_id: 0x001(1)
[35m[1785136919.728198][m info     | [34mProxyClient.cpp   [m | [37mcreate_datareader       [m | [32mdatareader created[m     | client_key: 0x00000008, datareader_id: 0x808(6), subscriber_id: 0x808(4)
[35m[1785136919.728381][m info     | [34mProxyClient.cpp   [m | [37mcreate_topic            [m | [32mtopic created[m          | client_key: 0x00000008, topic_id: 0x809(2), participant_id: 0x001(1)
[35m[1785136919.728427][m info     | [34mProxyClient.cpp   [m | [37mcreate_subscriber       [m | [32msubscriber created[m     | client_key: 0x00000008, subscriber_id: 0x809(4), participant_id: 0x001(1)
[35m[1785136919.728994][m info     | [34mProxyClient.cpp   [m | [37mcreate_datareader       [m | [32mdatareader created[m     | client_key: 0x00000008, datareader_id: 0x809(6), subscriber_id: 0x809(4)
[35m[1785136919.729171][m info     | [34mProxyClient.cpp   [m | [37mcreate_topic            [m | [32mtopic created[m          | client_key: 0x00000008, topic_id: 0x80A(2), participant_id: 0x001(1)
[35m[1785136919.729231][m info     | [34mProxyClient.cpp   [m | [37mcreate_subscriber       [m | [32msubscriber created[m     | client_key: 0x00000008, subscriber_id: 0x80A(4), participant_id: 0x001(1)
[35m[1785136919.729776][m info     | [34mProxyClient.cpp   [m | [37mcreate_datareader       [m | [32mdatareader created[m     | client_key: 0x00000008, datareader_id: 0x80A(6), subscriber_id: 0x80A(4)
[35m[1785136919.729959][m info     | [34mProxyClient.cpp   [m | [37mcreate_topic            [m | [32mtopic created[m          | client_key: 0x00000008, topic_id: 0x80B(2), participant_id: 0x001(1)
[35m[1785136919.729979][m info     | [34mProxyClient.cpp   [m | [37mcreate_subscriber       [m | [32msubscriber created[m     | client_key: 0x00000008, subscriber_id: 0x80B(4), participant_id: 0x001(1)
[35m[1785136919.732025][m info     | [34mProxyClient.cpp   [m | [37mcreate_datareader       [m | [32mdatareader created[m     | client_key: 0x00000008, datareader_id: 0x80B(6), subscriber_id: 0x80B(4)
[35m[1785136919.732198][m info     | [34mProxyClient.cpp   [m | [37mcreate_topic            [m | [32mtopic created[m          | client_key: 0x00000008, topic_id: 0x80C(2), participant_id: 0x001(1)
[35m[1785136919.732223][m info     | [34mProxyClient.cpp   [m | [37mcreate_subscriber       [m | [32msubscriber created[m     | client_key: 0x00000008, subscriber_id: 0x80C(4), participant_id: 0x001(1)
[35m[1785136919.732760][m info     | [34mProxyClient.cpp   [m | [37mcreate_datareader       [m | [32mdatareader created[m     | client_key: 0x00000008, datareader_id: 0x80C(6), subscriber_id: 0x80C(4)
[35m[1785136919.732918][m info     | [34mProxyClient.cpp   [m | [37mcreate_topic            [m | [32mtopic created[m          | client_key: 0x00000008, topic_id: 0x80D(2), participant_id: 0x001(1)
[35m[1785136919.732942][m info     | [34mProxyClient.cpp   [m | [37mcreate_subscriber       [m | [32msubscriber created[m     | client_key: 0x00000008, subscriber_id: 0x80D(4), participant_id: 0x001(1)
[35m[1785136919.733397][m info     | [34mProxyClient.cpp   [m | [37mcreate_datareader       [m | [32mdatareader created[m     | client_key: 0x00000008, datareader_id: 0x80D(6), subscriber_id: 0x80D(4)
[35m[1785136919.733576][m info     | [34mProxyClient.cpp   [m | [37mcreate_topic            [m | [32mtopic created[m          | client_key: 0x00000008, topic_id: 0x80E(2), participant_id: 0x001(1)
[35m[1785136919.733609][m info     | [34mProxyClient.cpp   [m | [37mcreate_subscriber       [m | [32msubscriber created[m     | client_key: 0x00000008, subscriber_id: 0x80E(4), participant_id: 0x001(1)
[35m[1785136919.734125][m info     | [34mProxyClient.cpp   [m | [37mcreate_datareader       [m | [32mdatareader created[m     | client_key: 0x00000008, datareader_id: 0x80E(6), subscriber_id: 0x80E(4)
[35m[1785136919.734333][m info     | [34mProxyClient.cpp   [m | [37mcreate_topic            [m | [32mtopic created[m          | client_key: 0x00000008, topic_id: 0x80F(2), participant_id: 0x001(1)
[35m[1785136919.734365][m info     | [34mProxyClient.cpp   [m | [37mcreate_subscriber       [m | [32msubscriber created[m     | client_key: 0x00000008, subscriber_id: 0x80F(4), participant_id: 0x001(1)
[35m[1785136919.734745][m info     | [34mProxyClient.cpp   [m | [37mcreate_datareader       [m | [32mdatareader created[m     | client_key: 0x00000008, datareader_id: 0x80F(6), subscriber_id: 0x80F(4)
[35m[1785136919.735031][m info     | [34mProxyClient.cpp   [m | [37mcreate_topic            [m | [32mtopic created[m          | client_key: 0x00000008, topic_id: 0x810(2), participant_id: 0x001(1)
[35m[1785136919.735060][m info     | [34mProxyClient.cpp   [m | [37mcreate_subscriber       [m | [32msubscriber created[m     | client_key: 0x00000008, subscriber_id: 0x810(4), participant_id: 0x001(1)
[35m[1785136919.736968][m info     | [34mProxyClient.cpp   [m | [37mcreate_datareader       [m | [32mdatareader created[m     | client_key: 0x00000008, datareader_id: 0x810(6), subscriber_id: 0x810(4)
[35m[1785136919.737129][m info     | [34mProxyClient.cpp   [m | [37mcreate_topic            [m | [32mtopic created[m          | client_key: 0x00000008, topic_id: 0x811(2), participant_id: 0x001(1)
[35m[1785136919.737156][m info     | [34mProxyClient.cpp   [m | [37mcreate_subscriber       [m | [32msubscriber created[m     | client_key: 0x00000008, subscriber_id: 0x811(4), participant_id: 0x001(1)
[35m[1785136919.737621][m info     | [34mProxyClient.cpp   [m | [37mcreate_datareader       [m | [32mdatareader created[m     | client_key: 0x00000008, datareader_id: 0x811(6), subscriber_id: 0x811(4)
[35m[1785136919.737768][m info     | [34mProxyClient.cpp   [m | [37mcreate_topic            [m | [32mtopic created[m          | client_key: 0x00000008, topic_id: 0x812(2), participant_id: 0x001(1)
[35m[1785136919.737797][m info     | [34mProxyClient.cpp   [m | [37mcreate_subscriber       [m | [32msubscriber created[m     | client_key: 0x00000008, subscriber_id: 0x812(4), participant_id: 0x001(1)
[35m[1785136919.738233][m info     | [34mProxyClient.cpp   [m | [37mcreate_datareader       [m | [32mdatareader created[m     | client_key: 0x00000008, datareader_id: 0x812(6), subscriber_id: 0x812(4)
[35m[1785136919.738373][m info     | [34mProxyClient.cpp   [m | [37mcreate_topic            [m | [32mtopic created[m          | client_key: 0x00000008, topic_id: 0x813(2), participant_id: 0x001(1)
[35m[1785136919.738406][m info     | [34mProxyClient.cpp   [m | [37mcreate_subscriber       [m | [32msubscriber created[m     | client_key: 0x00000008, subscriber_id: 0x813(4), participant_id: 0x001(1)
[35m[1785136919.739022][m info     | [34mProxyClient.cpp   [m | [37mcreate_datareader       [m | [32mdatareader created[m     | client_key: 0x00000008, datareader_id: 0x813(6), subscriber_id: 0x813(4)
[35m[1785136919.739270][m info     | [34mProxyClient.cpp   [m | [37mcreate_topic            [m | [32mtopic created[m          | client_key: 0x00000008, topic_id: 0x814(2), participant_id: 0x001(1)
[35m[1785136919.739298][m info     | [34mProxyClient.cpp   [m | [37mcreate_subscriber       [m | [32msubscriber created[m     | client_key: 0x00000008, subscriber_id: 0x814(4), participant_id: 0x001(1)
[35m[1785136919.740907][m info     | [34mProxyClient.cpp   [m | [37mcreate_datareader       [m | [32mdatareader created[m     | client_key: 0x00000008, datareader_id: 0x814(6), subscriber_id: 0x814(4)
[35m[1785136919.741067][m info     | [34mProxyClient.cpp   [m | [37mcreate_topic            [m | [32mtopic created[m          | client_key: 0x00000008, topic_id: 0x815(2), participant_id: 0x001(1)
[35m[1785136919.741098][m info     | [34mProxyClient.cpp   [m | [37mcreate_subscriber       [m | [32msubscriber created[m     | client_key: 0x00000008, subscriber_id: 0x815(4), participant_id: 0x001(1)
[35m[1785136919.741582][m info     | [34mProxyClient.cpp   [m | [37mcreate_datareader       [m | [32mdatareader created[m     | client_key: 0x00000008, datareader_id: 0x815(6), subscriber_id: 0x815(4)
[35m[1785136919.741757][m info     | [34mProxyClient.cpp   [m | [37mcreate_topic            [m | [32mtopic created[m          | client_key: 0x00000008, topic_id: 0x816(2), participant_id: 0x001(1)
[35m[1785136919.741787][m info     | [34mProxyClient.cpp   [m | [37mcreate_subscriber       [m | [32msubscriber created[m     | client_key: 0x00000008, subscriber_id: 0x816(4), participant_id: 0x001(1)
[35m[1785136919.742362][m info     | [34mProxyClient.cpp   [m | [37mcreate_datareader       [m | [32mdatareader created[m     | client_key: 0x00000008, datareader_id: 0x816(6), subscriber_id: 0x816(4)
[35m[1785136919.743900][m info     | [34mProxyClient.cpp   [m | [37mcreate_topic            [m | [32mtopic created[m          | client_key: 0x00000008, topic_id: 0x817(2), participant_id: 0x001(1)
[35m[1785136919.743950][m info     | [34mProxyClient.cpp   [m | [37mcreate_subscriber       [m | [32msubscriber created[m     | client_key: 0x00000008, subscriber_id: 0x817(4), participant_id: 0x001(1)
[35m[1785136919.744426][m info     | [34mProxyClient.cpp   [m | [37mcreate_datareader       [m | [32mdatareader created[m     | client_key: 0x00000008, datareader_id: 0x817(6), subscriber_id: 0x817(4)
[35m[1785136919.744621][m info     | [34mProxyClient.cpp   [m | [37mcreate_topic            [m | [32mtopic created[m          | client_key: 0x00000008, topic_id: 0x818(2), participant_id: 0x001(1)
[35m[1785136919.744642][m info     | [34mProxyClient.cpp   [m | [37mcreate_subscriber       [m | [32msubscriber created[m     | client_key: 0x00000008, subscriber_id: 0x818(4), participant_id: 0x001(1)
[35m[1785136919.745183][m info     | [34mProxyClient.cpp   [m | [37mcreate_datareader       [m | [32mdatareader created[m     | client_key: 0x00000008, datareader_id: 0x818(6), subscriber_id: 0x818(4)
[35m[1785136919.745350][m info     | [34mProxyClient.cpp   [m | [37mcreate_topic            [m | [32mtopic created[m          | client_key: 0x00000008, topic_id: 0x819(2), participant_id: 0x001(1)
[35m[1785136919.745371][m info     | [34mProxyClient.cpp   [m | [37mcreate_subscriber       [m | [32msubscriber created[m     | client_key: 0x00000008, subscriber_id: 0x819(4), participant_id: 0x001(1)
[35m[1785136919.745819][m info     | [34mProxyClient.cpp   [m | [37mcreate_datareader       [m | [32mdatareader created[m     | client_key: 0x00000008, datareader_id: 0x819(6), subscriber_id: 0x819(4)
[35m[1785136919.745991][m info     | [34mProxyClient.cpp   [m | [37mcreate_topic            [m | [32mtopic created[m          | client_key: 0x00000008, topic_id: 0x81A(2), participant_id: 0x001(1)
[35m[1785136919.746011][m info     | [34mProxyClient.cpp   [m | [37mcreate_subscriber       [m | [32msubscriber created[m     | client_key: 0x00000008, subscriber_id: 0x81A(4), participant_id: 0x001(1)
[35m[1785136919.746543][m info     | [34mProxyClient.cpp   [m | [37mcreate_datareader       [m | [32mdatareader created[m     | client_key: 0x00000008, datareader_id: 0x81A(6), subscriber_id: 0x81A(4)
[35m[1785136919.746704][m info     | [34mProxyClient.cpp   [m | [37mcreate_topic            [m | [32mtopic created[m          | client_key: 0x00000008, topic_id: 0x81B(2), participant_id: 0x001(1)
[35m[1785136919.746725][m info     | [34mProxyClient.cpp   [m | [37mcreate_subscriber       [m | [32msubscriber created[m     | client_key: 0x00000008, subscriber_id: 0x81B(4), participant_id: 0x001(1)
[35m[1785136919.747169][m info     | [34mProxyClient.cpp   [m | [37mcreate_datareader       [m | [32mdatareader created[m     | client_key: 0x00000008, datareader_id: 0x81B(6), subscriber_id: 0x81B(4)
[35m[1785136919.747331][m info     | [34mProxyClient.cpp   [m | [37mcreate_topic            [m | [32mtopic created[m          | client_key: 0x00000008, topic_id: 0x81C(2), participant_id: 0x001(1)
[35m[1785136919.747353][m info     | [34mProxyClient.cpp   [m | [37mcreate_subscriber       [m | [32msubscriber created[m     | client_key: 0x00000008, subscriber_id: 0x81C(4), participant_id: 0x001(1)
[35m[1785136919.747733][m info     | [34mProxyClient.cpp   [m | [37mcreate_datareader       [m | [32mdatareader created[m     | client_key: 0x00000008, datareader_id: 0x81C(6), subscriber_id: 0x81C(4)
[35m[1785136919.750352][m info     | [34mProxyClient.cpp   [m | [37mcreate_replier          [m | [32mreplier created[m        | client_key: 0x00000008, requester_id: 0x800(7), participant_id: 0x001(1)
[35m[1785136920.447408][m info     | [34mRoot.cpp          [m | [37mcreate_client           [m | [32mcreate[m                 | client_key: 0x00000009, session_id: 0x81
[35m[1785136920.447433][m info     | [34mSessionManager.hpp[m | [37mestablish_session       [m | [32msession established[m    | client_key: 0x00000009, address: 127.0.0.1:45236
[35m[1785136920.449388][m info     | [34mProxyClient.cpp   [m | [37mcreate_participant      [m | [32mparticipant created[m    | client_key: 0x00000009, participant_id: 0x001(1)
[35m[1785136920.449699][m info     | [34mProxyClient.cpp   [m | [37mcreate_topic            [m | [32mtopic created[m          | client_key: 0x00000009, topic_id: 0x800(2), participant_id: 0x001(1)
[35m[1785136920.449721][m info     | [34mProxyClient.cpp   [m | [37mcreate_subscriber       [m | [32msubscriber created[m     | client_key: 0x00000009, subscriber_id: 0x800(4), participant_id: 0x001(1)
[35m[1785136920.450000][m info     | [34mProxyClient.cpp   [m | [37mcreate_datareader       [m | [32mdatareader created[m     | client_key: 0x00000009, datareader_id: 0x800(6), subscriber_id: 0x800(4)
[35m[1785136920.450103][m info     | [34mProxyClient.cpp   [m | [37mcreate_topic            [m | [32mtopic created[m          | client_key: 0x00000009, topic_id: 0x801(2), participant_id: 0x001(1)
[35m[1785136920.450116][m info     | [34mProxyClient.cpp   [m | [37mcreate_subscriber       [m | [32msubscriber created[m     | client_key: 0x00000009, subscriber_id: 0x801(4), participant_id: 0x001(1)
[35m[1785136920.450360][m info     | [34mProxyClient.cpp   [m | [37mcreate_datareader       [m | [32mdatareader created[m     | client_key: 0x00000009, datareader_id: 0x801(6), subscriber_id: 0x801(4)
[35m[1785136920.450453][m info     | [34mProxyClient.cpp   [m | [37mcreate_topic            [m | [32mtopic created[m          | client_key: 0x00000009, topic_id: 0x802(2), participant_id: 0x001(1)
[35m[1785136920.450501][m info     | [34mProxyClient.cpp   [m | [37mcreate_subscriber       [m | [32msubscriber created[m     | client_key: 0x00000009, subscriber_id: 0x802(4), participant_id: 0x001(1)
[35m[1785136920.450816][m info     | [34mProxyClient.cpp   [m | [37mcreate_datareader       [m | [32mdatareader created[m     | client_key: 0x00000009, datareader_id: 0x802(6), subscriber_id: 0x802(4)
[35m[1785136920.450900][m info     | [34mProxyClient.cpp   [m | [37mcreate_topic            [m | [32mtopic created[m          | client_key: 0x00000009, topic_id: 0x803(2), participant_id: 0x001(1)
[35m[1785136920.450912][m info     | [34mProxyClient.cpp   [m | [37mcreate_subscriber       [m | [32msubscriber created[m     | client_key: 0x00000009, subscriber_id: 0x803(4), participant_id: 0x001(1)
[35m[1785136920.451211][m info     | [34mProxyClient.cpp   [m | [37mcreate_datareader       [m | [32mdatareader created[m     | client_key: 0x00000009, datareader_id: 0x803(6), subscriber_id: 0x803(4)
[35m[1785136920.451381][m info     | [34mProxyClient.cpp   [m | [37mcreate_topic            [m | [32mtopic created[m          | client_key: 0x00000009, topic_id: 0x804(2), participant_id: 0x001(1)
[35m[1785136920.451399][m info     | [34mProxyClient.cpp   [m | [37mcreate_subscriber       [m | [32msubscriber created[m     | client_key: 0x00000009, subscriber_id: 0x804(4), participant_id: 0x001(1)
[35m[1785136920.451730][m info     | [34mProxyClient.cpp   [m | [37mcreate_datareader       [m | [32mdatareader created[m     | client_key: 0x00000009, datareader_id: 0x804(6), subscriber_id: 0x804(4)
[35m[1785136920.451884][m info     | [34mProxyClient.cpp   [m | [37mcreate_topic            [m | [32mtopic created[m          | client_key: 0x00000009, topic_id: 0x805(2), participant_id: 0x001(1)
[35m[1785136920.451943][m info     | [34mProxyClient.cpp   [m | [37mcreate_subscriber       [m | [32msubscriber created[m     | client_key: 0x00000009, subscriber_id: 0x805(4), participant_id: 0x001(1)
[35m[1785136920.452319][m info     | [34mProxyClient.cpp   [m | [37mcreate_datareader       [m | [32mdatareader created[m     | client_key: 0x00000009, datareader_id: 0x805(6), subscriber_id: 0x805(4)
[35m[1785136920.452446][m info     | [34mProxyClient.cpp   [m | [37mcreate_topic            [m | [32mtopic created[m          | client_key: 0x00000009, topic_id: 0x806(2), participant_id: 0x001(1)
[35m[1785136920.452462][m info     | [34mProxyClient.cpp   [m | [37mcreate_subscriber       [m | [32msubscriber created[m     | client_key: 0x00000009, subscriber_id: 0x806(4), participant_id: 0x001(1)
[35m[1785136920.452775][m info     | [34mProxyClient.cpp   [m | [37mcreate_datareader       [m | [32mdatareader created[m     | client_key: 0x00000009, datareader_id: 0x806(6), subscriber_id: 0x806(4)
[35m[1785136920.452893][m info     | [34mProxyClient.cpp   [m | [37mcreate_topic            [m | [32mtopic created[m          | client_key: 0x00000009, topic_id: 0x807(2), participant_id: 0x001(1)
[35m[1785136920.452914][m info     | [34mProxyClient.cpp   [m | [37mcreate_subscriber       [m | [32msubscriber created[m     | client_key: 0x00000009, subscriber_id: 0x807(4), participant_id: 0x001(1)
[35m[1785136920.453248][m info     | [34mProxyClient.cpp   [m | [37mcreate_datareader       [m | [32mdatareader created[m     | client_key: 0x00000009, datareader_id: 0x807(6), subscriber_id: 0x807(4)
[35m[1785136920.453360][m info     | [34mProxyClient.cpp   [m | [37mcreate_topic            [m | [32mtopic created[m          | client_key: 0x00000009, topic_id: 0x808(2), participant_id: 0x001(1)
[35m[1785136920.453378][m info     | [34mProxyClient.cpp   [m | [37mcreate_subscriber       [m | [32msubscriber created[m     | client_key: 0x00000009, subscriber_id: 0x808(4), participant_id: 0x001(1)
[35m[1785136920.453649][m info     | [34mProxyClient.cpp   [m | [37mcreate_datareader       [m | [32mdatareader created[m     | client_key: 0x00000009, datareader_id: 0x808(6), subscriber_id: 0x808(4)
[35m[1785136920.453726][m info     | [34mProxyClient.cpp   [m | [37mcreate_topic            [m | [32mtopic created[m          | client_key: 0x00000009, topic_id: 0x809(2), participant_id: 0x001(1)
[35m[1785136920.453745][m info     | [34mProxyClient.cpp   [m | [37mcreate_subscriber       [m | [32msubscriber created[m     | client_key: 0x00000009, subscriber_id: 0x809(4), participant_id: 0x001(1)
[35m[1785136920.454006][m info     | [34mProxyClient.cpp   [m | [37mcreate_datareader       [m | [32mdatareader created[m     | client_key: 0x00000009, datareader_id: 0x809(6), subscriber_id: 0x809(4)
[35m[1785136920.454094][m info     | [34mProxyClient.cpp   [m | [37mcreate_topic            [m | [32mtopic created[m          | client_key: 0x00000009, topic_id: 0x80A(2), participant_id: 0x001(1)
[35m[1785136920.454112][m info     | [34mProxyClient.cpp   [m | [37mcreate_subscriber       [m | [32msubscriber created[m     | client_key: 0x00000009, subscriber_id: 0x80A(4), participant_id: 0x001(1)
[35m[1785136920.454399][m info     | [34mProxyClient.cpp   [m | [37mcreate_datareader       [m | [32mdatareader created[m     | client_key: 0x00000009, datareader_id: 0x80A(6), subscriber_id: 0x80A(4)
[35m[1785136920.454507][m info     | [34mProxyClient.cpp   [m | [37mcreate_topic            [m | [32mtopic created[m          | client_key: 0x00000009, topic_id: 0x80B(2), participant_id: 0x001(1)
[35m[1785136920.454525][m info     | [34mProxyClient.cpp   [m | [37mcreate_subscriber       [m | [32msubscriber created[m     | client_key: 0x00000009, subscriber_id: 0x80B(4), participant_id: 0x001(1)
[35m[1785136920.454810][m info     | [34mProxyClient.cpp   [m | [37mcreate_datareader       [m | [32mdatareader created[m     | client_key: 0x00000009, datareader_id: 0x80B(6), subscriber_id: 0x80B(4)
[35m[1785136920.454895][m info     | [34mProxyClient.cpp   [m | [37mcreate_topic            [m | [32mtopic created[m          | client_key: 0x00000009, topic_id: 0x80C(2), participant_id: 0x001(1)
[35m[1785136920.454907][m info     | [34mProxyClient.cpp   [m | [37mcreate_subscriber       [m | [32msubscriber created[m     | client_key: 0x00000009, subscriber_id: 0x80C(4), participant_id: 0x001(1)
[35m[1785136920.455169][m info     | [34mProxyClient.cpp   [m | [37mcreate_datareader       [m | [32mdatareader created[m     | client_key: 0x00000009, datareader_id: 0x80C(6), subscriber_id: 0x80C(4)
[35m[1785136920.455256][m info     | [34mProxyClient.cpp   [m | [37mcreate_topic            [m | [32mtopic created[m          | client_key: 0x00000009, topic_id: 0x80D(2), participant_id: 0x001(1)
[35m[1785136920.455269][m info     | [34mProxyClient.cpp   [m | [37mcreate_subscriber       [m | [32msubscriber created[m     | client_key: 0x00000009, subscriber_id: 0x80D(4), participant_id: 0x001(1)
[35m[1785136920.455515][m info     | [34mProxyClient.cpp   [m | [37mcreate_datareader       [m | [32mdatareader created[m     | client_key: 0x00000009, datareader_id: 0x80D(6), subscriber_id: 0x80D(4)
[35m[1785136920.455588][m info     | [34mProxyClient.cpp   [m | [37mcreate_topic            [m | [32mtopic created[m          | client_key: 0x00000009, topic_id: 0x80E(2), participant_id: 0x001(1)
[35m[1785136920.455606][m info     | [34mProxyClient.cpp   [m | [37mcreate_subscriber       [m | [32msubscriber created[m     | client_key: 0x00000009, subscriber_id: 0x80E(4), participant_id: 0x001(1)
[35m[1785136920.455856][m info     | [34mProxyClient.cpp   [m | [37mcreate_datareader       [m | [32mdatareader created[m     | client_key: 0x00000009, datareader_id: 0x80E(6), subscriber_id: 0x80E(4)
[35m[1785136920.455930][m info     | [34mProxyClient.cpp   [m | [37mcreate_topic            [m | [32mtopic created[m          | client_key: 0x00000009, topic_id: 0x80F(2), participant_id: 0x001(1)
[35m[1785136920.455944][m info     | [34mProxyClient.cpp   [m | [37mcreate_subscriber       [m | [32msubscriber created[m     | client_key: 0x00000009, subscriber_id: 0x80F(4), participant_id: 0x001(1)
[35m[1785136920.456187][m info     | [34mProxyClient.cpp   [m | [37mcreate_datareader       [m | [32mdatareader created[m     | client_key: 0x00000009, datareader_id: 0x80F(6), subscriber_id: 0x80F(4)
[35m[1785136920.456275][m info     | [34mProxyClient.cpp   [m | [37mcreate_topic            [m | [32mtopic created[m          | client_key: 0x00000009, topic_id: 0x810(2), participant_id: 0x001(1)
[35m[1785136920.456286][m info     | [34mProxyClient.cpp   [m | [37mcreate_subscriber       [m | [32msubscriber created[m     | client_key: 0x00000009, subscriber_id: 0x810(4), participant_id: 0x001(1)
[35m[1785136920.456520][m info     | [34mProxyClient.cpp   [m | [37mcreate_datareader       [m | [32mdatareader created[m     | client_key: 0x00000009, datareader_id: 0x810(6), subscriber_id: 0x810(4)
[35m[1785136920.456597][m info     | [34mProxyClient.cpp   [m | [37mcreate_topic            [m | [32mtopic created[m          | client_key: 0x00000009, topic_id: 0x811(2), participant_id: 0x001(1)
[35m[1785136920.456613][m info     | [34mProxyClient.cpp   [m | [37mcreate_subscriber       [m | [32msubscriber created[m     | client_key: 0x00000009, subscriber_id: 0x811(4), participant_id: 0x001(1)
[35m[1785136920.456880][m info     | [34mProxyClient.cpp   [m | [37mcreate_datareader       [m | [32mdatareader created[m     | client_key: 0x00000009, datareader_id: 0x811(6), subscriber_id: 0x811(4)
[35m[1785136920.457021][m info     | [34mProxyClient.cpp   [m | [37mcreate_topic            [m | [32mtopic created[m          | client_key: 0x00000009, topic_id: 0x812(2), participant_id: 0x001(1)
[35m[1785136920.457043][m info     | [34mProxyClient.cpp   [m | [37mcreate_subscriber       [m | [32msubscriber created[m     | client_key: 0x00000009, subscriber_id: 0x812(4), participant_id: 0x001(1)
[35m[1785136920.457303][m info     | [34mProxyClient.cpp   [m | [37mcreate_datareader       [m | [32mdatareader created[m     | client_key: 0x00000009, datareader_id: 0x812(6), subscriber_id: 0x812(4)
[35m[1785136920.457386][m info     | [34mProxyClient.cpp   [m | [37mcreate_topic            [m | [32mtopic created[m          | client_key: 0x00000009, topic_id: 0x813(2), participant_id: 0x001(1)
[35m[1785136920.457405][m info     | [34mProxyClient.cpp   [m | [37mcreate_subscriber       [m | [32msubscriber created[m     | client_key: 0x00000009, subscriber_id: 0x813(4), participant_id: 0x001(1)
[35m[1785136920.457662][m info     | [34mProxyClient.cpp   [m | [37mcreate_datareader       [m | [32mdatareader created[m     | client_key: 0x00000009, datareader_id: 0x813(6), subscriber_id: 0x813(4)
[35m[1785136920.457740][m info     | [34mProxyClient.cpp   [m | [37mcreate_topic            [m | [32mtopic created[m          | client_key: 0x00000009, topic_id: 0x814(2), participant_id: 0x001(1)
[35m[1785136920.457758][m info     | [34mProxyClient.cpp   [m | [37mcreate_subscriber       [m | [32msubscriber created[m     | client_key: 0x00000009, subscriber_id: 0x814(4), participant_id: 0x001(1)
[35m[1785136920.458020][m info     | [34mProxyClient.cpp   [m | [37mcreate_datareader       [m | [32mdatareader created[m     | client_key: 0x00000009, datareader_id: 0x814(6), subscriber_id: 0x814(4)
[35m[1785136920.458098][m info     | [34mProxyClient.cpp   [m | [37mcreate_topic            [m | [32mtopic created[m          | client_key: 0x00000009, topic_id: 0x815(2), participant_id: 0x001(1)
[35m[1785136920.458110][m info     | [34mProxyClient.cpp   [m | [37mcreate_subscriber       [m | [32msubscriber created[m     | client_key: 0x00000009, subscriber_id: 0x815(4), participant_id: 0x001(1)
[35m[1785136920.458368][m info     | [34mProxyClient.cpp   [m | [37mcreate_datareader       [m | [32mdatareader created[m     | client_key: 0x00000009, datareader_id: 0x815(6), subscriber_id: 0x815(4)
[35m[1785136920.458443][m info     | [34mProxyClient.cpp   [m | [37mcreate_topic            [m | [32mtopic created[m          | client_key: 0x00000009, topic_id: 0x816(2), participant_id: 0x001(1)
[35m[1785136920.458463][m info     | [34mProxyClient.cpp   [m | [37mcreate_subscriber       [m | [32msubscriber created[m     | client_key: 0x00000009, subscriber_id: 0x816(4), participant_id: 0x001(1)
[35m[1785136920.458704][m info     | [34mProxyClient.cpp   [m | [37mcreate_datareader       [m | [32mdatareader created[m     | client_key: 0x00000009, datareader_id: 0x816(6), subscriber_id: 0x816(4)
[35m[1785136920.458790][m info     | [34mProxyClient.cpp   [m | [37mcreate_topic            [m | [32mtopic created[m          | client_key: 0x00000009, topic_id: 0x817(2), participant_id: 0x001(1)
[35m[1785136920.458808][m info     | [34mProxyClient.cpp   [m | [37mcreate_subscriber       [m | [32msubscriber created[m     | client_key: 0x00000009, subscriber_id: 0x817(4), participant_id: 0x001(1)
[35m[1785136920.459072][m info     | [34mProxyClient.cpp   [m | [37mcreate_datareader       [m | [32mdatareader created[m     | client_key: 0x00000009, datareader_id: 0x817(6), subscriber_id: 0x817(4)
[35m[1785136920.459161][m info     | [34mProxyClient.cpp   [m | [37mcreate_topic            [m | [32mtopic created[m          | client_key: 0x00000009, topic_id: 0x818(2), participant_id: 0x001(1)
[35m[1785136920.459175][m info     | [34mProxyClient.cpp   [m | [37mcreate_subscriber       [m | [32msubscriber created[m     | client_key: 0x00000009, subscriber_id: 0x818(4), participant_id: 0x001(1)
[35m[1785136920.459456][m info     | [34mProxyClient.cpp   [m | [37mcreate_datareader       [m | [32mdatareader created[m     | client_key: 0x00000009, datareader_id: 0x818(6), subscriber_id: 0x818(4)
[35m[1785136920.459533][m info     | [34mProxyClient.cpp   [m | [37mcreate_topic            [m | [32mtopic created[m          | client_key: 0x00000009, topic_id: 0x819(2), participant_id: 0x001(1)
[35m[1785136920.459551][m info     | [34mProxyClient.cpp   [m | [37mcreate_subscriber       [m | [32msubscriber created[m     | client_key: 0x00000009, subscriber_id: 0x819(4), participant_id: 0x001(1)
[35m[1785136920.459801][m info     | [34mProxyClient.cpp   [m | [37mcreate_datareader       [m | [32mdatareader created[m     | client_key: 0x00000009, datareader_id: 0x819(6), subscriber_id: 0x819(4)
[35m[1785136920.459875][m info     | [34mProxyClient.cpp   [m | [37mcreate_topic            [m | [32mtopic created[m          | client_key: 0x00000009, topic_id: 0x81A(2), participant_id: 0x001(1)
[35m[1785136920.459886][m info     | [34mProxyClient.cpp   [m | [37mcreate_subscriber       [m | [32msubscriber created[m     | client_key: 0x00000009, subscriber_id: 0x81A(4), participant_id: 0x001(1)
[35m[1785136920.460125][m info     | [34mProxyClient.cpp   [m | [37mcreate_datareader       [m | [32mdatareader created[m     | client_key: 0x00000009, datareader_id: 0x81A(6), subscriber_id: 0x81A(4)
[35m[1785136920.460213][m info     | [34mProxyClient.cpp   [m | [37mcreate_topic            [m | [32mtopic created[m          | client_key: 0x00000009, topic_id: 0x81B(2), participant_id: 0x001(1)
[35m[1785136920.460227][m info     | [34mProxyClient.cpp   [m | [37mcreate_subscriber       [m | [32msubscriber created[m     | client_key: 0x00000009, subscriber_id: 0x81B(4), participant_id: 0x001(1)
[35m[1785136920.460467][m info     | [34mProxyClient.cpp   [m | [37mcreate_datareader       [m | [32mdatareader created[m     | client_key: 0x00000009, datareader_id: 0x81B(6), subscriber_id: 0x81B(4)
[35m[1785136920.460550][m info     | [34mProxyClient.cpp   [m | [37mcreate_topic            [m | [32mtopic created[m          | client_key: 0x00000009, topic_id: 0x81C(2), participant_id: 0x001(1)
[35m[1785136920.460566][m info     | [34mProxyClient.cpp   [m | [37mcreate_subscriber       [m | [32msubscriber created[m     | client_key: 0x00000009, subscriber_id: 0x81C(4), participant_id: 0x001(1)
[35m[1785136920.460828][m info     | [34mProxyClient.cpp   [m | [37mcreate_datareader       [m | [32mdatareader created[m     | client_key: 0x00000009, datareader_id: 0x81C(6), subscriber_id: 0x81C(4)
[35m[1785136920.461550][m info     | [34mProxyClient.cpp   [m | [37mcreate_replier          [m | [32mreplier created[m        | client_key: 0x00000009, requester_id: 0x800(7), participant_id: 0x001(1)
[35m[1785136923.203799][m info     | [34mProxyClient.cpp   [m | [37mcreate_topic            [m | [32mtopic created[m          | client_key: 0x00000002, topic_id: 0x013(2), participant_id: 0x001(1)
[35m[1785136923.203851][m info     | [34mProxyClient.cpp   [m | [37mcreate_publisher        [m | [32mpublisher created[m      | client_key: 0x00000002, publisher_id: 0x013(3), participant_id: 0x001(1)
[35m[1785136923.204354][m info     | [34mProxyClient.cpp   [m | [37mcreate_datawriter       [m | [32mdatawriter created[m     | client_key: 0x00000002, datawriter_id: 0x013(5), publisher_id: 0x013(3)
[35m[1785136923.204458][m info     | [34mProxyClient.cpp   [m | [37mcreate_topic            [m | [32mtopic created[m          | client_key: 0x00000002, topic_id: 0x057(2), participant_id: 0x001(1)
[35m[1785136923.204476][m info     | [34mProxyClient.cpp   [m | [37mcreate_publisher        [m | [32mpublisher created[m      | client_key: 0x00000002, publisher_id: 0x057(3), participant_id: 0x001(1)
[35m[1785136923.204734][m info     | [34mProxyClient.cpp   [m | [37mcreate_datawriter       [m | [32mdatawriter created[m     | client_key: 0x00000002, datawriter_id: 0x057(5), publisher_id: 0x057(3)
[35m[1785136923.204784][m info     | [34mProxyClient.cpp   [m | [37mcreate_topic            [m | [32mtopic created[m          | client_key: 0x00000002, topic_id: 0x05D(2), participant_id: 0x001(1)
[35m[1785136923.204802][m info     | [34mProxyClient.cpp   [m | [37mcreate_publisher        [m | [32mpublisher created[m      | client_key: 0x00000002, publisher_id: 0x05D(3), participant_id: 0x001(1)
[35m[1785136923.205014][m info     | [34mProxyClient.cpp   [m | [37mcreate_datawriter       [m | [32mdatawriter created[m     | client_key: 0x00000002, datawriter_id: 0x05D(5), publisher_id: 0x05D(3)
[35m[1785136923.205065][m info     | [34mProxyClient.cpp   [m | [37mcreate_topic            [m | [32mtopic created[m          | client_key: 0x00000002, topic_id: 0x08D(2), participant_id: 0x001(1)
[35m[1785136923.205079][m info     | [34mProxyClient.cpp   [m | [37mcreate_publisher        [m | [32mpublisher created[m      | client_key: 0x00000002, publisher_id: 0x08D(3), participant_id: 0x001(1)
[35m[1785136923.205281][m info     | [34mProxyClient.cpp   [m | [37mcreate_datawriter       [m | [32mdatawriter created[m     | client_key: 0x00000002, datawriter_id: 0x08D(5), publisher_id: 0x08D(3)
[35m[1785136923.205337][m info     | [34mProxyClient.cpp   [m | [37mcreate_topic            [m | [32mtopic created[m          | client_key: 0x00000002, topic_id: 0x0B4(2), participant_id: 0x001(1)
[35m[1785136923.205350][m info     | [34mProxyClient.cpp   [m | [37mcreate_publisher        [m | [32mpublisher created[m      | client_key: 0x00000002, publisher_id: 0x0B4(3), participant_id: 0x001(1)
[35m[1785136923.205539][m info     | [34mProxyClient.cpp   [m | [37mcreate_datawriter       [m | [32mdatawriter created[m     | client_key: 0x00000002, datawriter_id: 0x0B4(5), publisher_id: 0x0B4(3)
[35m[1785136923.205584][m info     | [34mProxyClient.cpp   [m | [37mcreate_topic            [m | [32mtopic created[m          | client_key: 0x00000002, topic_id: 0x0CB(2), participant_id: 0x001(1)
[35m[1785136923.205601][m info     | [34mProxyClient.cpp   [m | [37mcreate_publisher        [m | [32mpublisher created[m      | client_key: 0x00000002, publisher_id: 0x0CB(3), participant_id: 0x001(1)
[35m[1785136923.205820][m info     | [34mProxyClient.cpp   [m | [37mcreate_datawriter       [m | [32mdatawriter created[m     | client_key: 0x00000002, datawriter_id: 0x0CB(5), publisher_id: 0x0CB(3)
[35m[1785136923.205871][m info     | [34mProxyClient.cpp   [m | [37mcreate_topic            [m | [32mtopic created[m          | client_key: 0x00000002, topic_id: 0x0E2(2), participant_id: 0x001(1)
[35m[1785136923.205880][m info     | [34mProxyClient.cpp   [m | [37mcreate_publisher        [m | [32mpublisher created[m      | client_key: 0x00000002, publisher_id: 0x0E2(3), participant_id: 0x001(1)
[35m[1785136923.206066][m info     | [34mProxyClient.cpp   [m | [37mcreate_datawriter       [m | [32mdatawriter created[m     | client_key: 0x00000002, datawriter_id: 0x0E2(5), publisher_id: 0x0E2(3)
[35m[1785136923.206116][m info     | [34mProxyClient.cpp   [m | [37mcreate_topic            [m | [32mtopic created[m          | client_key: 0x00000002, topic_id: 0x0F2(2), participant_id: 0x001(1)
[35m[1785136923.206129][m info     | [34mProxyClient.cpp   [m | [37mcreate_publisher        [m | [32mpublisher created[m      | client_key: 0x00000002, publisher_id: 0x0F2(3), participant_id: 0x001(1)
[35m[1785136923.206315][m info     | [34mProxyClient.cpp   [m | [37mcreate_datawriter       [m | [32mdatawriter created[m     | client_key: 0x00000002, datawriter_id: 0x0F2(5), publisher_id: 0x0F2(3)
[35m[1785136923.206363][m info     | [34mProxyClient.cpp   [m | [37mcreate_topic            [m | [32mtopic created[m          | client_key: 0x00000002, topic_id: 0x0F9(2), participant_id: 0x001(1)
[35m[1785136923.206378][m info     | [34mProxyClient.cpp   [m | [37mcreate_publisher        [m | [32mpublisher created[m      | client_key: 0x00000002, publisher_id: 0x0F9(3), participant_id: 0x001(1)
[35m[1785136923.206545][m info     | [34mProxyClient.cpp   [m | [37mcreate_datawriter       [m | [32mdatawriter created[m     | client_key: 0x00000002, datawriter_id: 0x0F9(5), publisher_id: 0x0F9(3)
[35m[1785136923.206589][m info     | [34mProxyClient.cpp   [m | [37mcreate_topic            [m | [32mtopic created[m          | client_key: 0x00000002, topic_id: 0x0FA(2), participant_id: 0x001(1)
[35m[1785136923.206598][m info     | [34mProxyClient.cpp   [m | [37mcreate_publisher        [m | [32mpublisher created[m      | client_key: 0x00000002, publisher_id: 0x0FA(3), participant_id: 0x001(1)
[35m[1785136923.206767][m info     | [34mProxyClient.cpp   [m | [37mcreate_datawriter       [m | [32mdatawriter created[m     | client_key: 0x00000002, datawriter_id: 0x0FA(5), publisher_id: 0x0FA(3)
[35m[1785136923.206816][m info     | [34mProxyClient.cpp   [m | [37mcreate_topic            [m | [32mtopic created[m          | client_key: 0x00000002, topic_id: 0x0FC(2), participant_id: 0x001(1)
[35m[1785136923.206825][m info     | [34mProxyClient.cpp   [m | [37mcreate_publisher        [m | [32mpublisher created[m      | client_key: 0x00000002, publisher_id: 0x0FC(3), participant_id: 0x001(1)
[35m[1785136923.206993][m info     | [34mProxyClient.cpp   [m | [37mcreate_datawriter       [m | [32mdatawriter created[m     | client_key: 0x00000002, datawriter_id: 0x0FC(5), publisher_id: 0x0FC(3)
[35m[1785136923.207038][m info     | [34mProxyClient.cpp   [m | [37mcreate_topic            [m | [32mtopic created[m          | client_key: 0x00000002, topic_id: 0x100(2), participant_id: 0x001(1)
[35m[1785136923.207047][m info     | [34mProxyClient.cpp   [m | [37mcreate_publisher        [m | [32mpublisher created[m      | client_key: 0x00000002, publisher_id: 0x100(3), participant_id: 0x001(1)
[35m[1785136923.207217][m info     | [34mProxyClient.cpp   [m | [37mcreate_datawriter       [m | [32mdatawriter created[m     | client_key: 0x00000002, datawriter_id: 0x100(5), publisher_id: 0x100(3)
[35m[1785136923.207270][m info     | [34mProxyClient.cpp   [m | [37mcreate_topic            [m | [32mtopic created[m          | client_key: 0x00000002, topic_id: 0x105(2), participant_id: 0x001(1)
[35m[1785136923.207279][m info     | [34mProxyClient.cpp   [m | [37mcreate_publisher        [m | [32mpublisher created[m      | client_key: 0x00000002, publisher_id: 0x105(3), participant_id: 0x001(1)
[35m[1785136923.207451][m info     | [34mProxyClient.cpp   [m | [37mcreate_datawriter       [m | [32mdatawriter created[m     | client_key: 0x00000002, datawriter_id: 0x105(5), publisher_id: 0x105(3)
[35m[1785136923.207518][m info     | [34mProxyClient.cpp   [m | [37mcreate_topic            [m | [32mtopic created[m          | client_key: 0x00000002, topic_id: 0x10A(2), participant_id: 0x001(1)
[35m[1785136923.207587][m info     | [34mProxyClient.cpp   [m | [37mcreate_publisher        [m | [32mpublisher created[m      | client_key: 0x00000002, publisher_id: 0x10A(3), participant_id: 0x001(1)
[35m[1785136923.208050][m info     | [34mProxyClient.cpp   [m | [37mcreate_datawriter       [m | [32mdatawriter created[m     | client_key: 0x00000002, datawriter_id: 0x10A(5), publisher_id: 0x10A(3)
[35m[1785136923.407751][m info     | [34mProxyClient.cpp   [m | [37mcreate_topic            [m | [32mtopic created[m          | client_key: 0x00000003, topic_id: 0x013(2), participant_id: 0x001(1)
[35m[1785136923.407778][m info     | [34mProxyClient.cpp   [m | [37mcreate_publisher        [m | [32mpublisher created[m      | client_key: 0x00000003, publisher_id: 0x013(3), participant_id: 0x001(1)
[35m[1785136923.408235][m info     | [34mProxyClient.cpp   [m | [37mcreate_datawriter       [m | [32mdatawriter created[m     | client_key: 0x00000003, datawriter_id: 0x013(5), publisher_id: 0x013(3)
[35m[1785136923.408344][m info     | [34mProxyClient.cpp   [m | [37mcreate_topic            [m | [32mtopic created[m          | client_key: 0x00000003, topic_id: 0x057(2), participant_id: 0x001(1)
[35m[1785136923.408361][m info     | [34mProxyClient.cpp   [m | [37mcreate_publisher        [m | [32mpublisher created[m      | client_key: 0x00000003, publisher_id: 0x057(3), participant_id: 0x001(1)
[35m[1785136923.408588][m info     | [34mProxyClient.cpp   [m | [37mcreate_datawriter       [m | [32mdatawriter created[m     | client_key: 0x00000003, datawriter_id: 0x057(5), publisher_id: 0x057(3)
[35m[1785136923.408639][m info     | [34mProxyClient.cpp   [m | [37mcreate_topic            [m | [32mtopic created[m          | client_key: 0x00000003, topic_id: 0x05D(2), participant_id: 0x001(1)
[35m[1785136923.408649][m info     | [34mProxyClient.cpp   [m | [37mcreate_publisher        [m | [32mpublisher created[m      | client_key: 0x00000003, publisher_id: 0x05D(3), participant_id: 0x001(1)
[35m[1785136923.408804][m info     | [34mProxyClient.cpp   [m | [37mcreate_datawriter       [m | [32mdatawriter created[m     | client_key: 0x00000003, datawriter_id: 0x05D(5), publisher_id: 0x05D(3)
[35m[1785136923.408847][m info     | [34mProxyClient.cpp   [m | [37mcreate_topic            [m | [32mtopic created[m          | client_key: 0x00000003, topic_id: 0x08D(2), participant_id: 0x001(1)
[35m[1785136923.408864][m info     | [34mProxyClient.cpp   [m | [37mcreate_publisher        [m | [32mpublisher created[m      | client_key: 0x00000003, publisher_id: 0x08D(3), participant_id: 0x001(1)
[35m[1785136923.409012][m info     | [34mProxyClient.cpp   [m | [37mcreate_datawriter       [m | [32mdatawriter created[m     | client_key: 0x00000003, datawriter_id: 0x08D(5), publisher_id: 0x08D(3)
[35m[1785136923.409056][m info     | [34mProxyClient.cpp   [m | [37mcreate_topic            [m | [32mtopic created[m          | client_key: 0x00000003, topic_id: 0x0B4(2), participant_id: 0x001(1)
[35m[1785136923.409073][m info     | [34mProxyClient.cpp   [m | [37mcreate_publisher        [m | [32mpublisher created[m      | client_key: 0x00000003, publisher_id: 0x0B4(3), participant_id: 0x001(1)
[35m[1785136923.409233][m info     | [34mProxyClient.cpp   [m | [37mcreate_datawriter       [m | [32mdatawriter created[m     | client_key: 0x00000003, datawriter_id: 0x0B4(5), publisher_id: 0x0B4(3)
[35m[1785136923.409284][m info     | [34mProxyClient.cpp   [m | [37mcreate_topic            [m | [32mtopic created[m          | client_key: 0x00000003, topic_id: 0x0CB(2), participant_id: 0x001(1)
[35m[1785136923.409300][m info     | [34mProxyClient.cpp   [m | [37mcreate_publisher        [m | [32mpublisher created[m      | client_key: 0x00000003, publisher_id: 0x0CB(3), participant_id: 0x001(1)
[35m[1785136923.409452][m info     | [34mProxyClient.cpp   [m | [37mcreate_datawriter       [m | [32mdatawriter created[m     | client_key: 0x00000003, datawriter_id: 0x0CB(5), publisher_id: 0x0CB(3)
[35m[1785136923.409495][m info     | [34mProxyClient.cpp   [m | [37mcreate_topic            [m | [32mtopic created[m          | client_key: 0x00000003, topic_id: 0x0E2(2), participant_id: 0x001(1)
[35m[1785136923.409511][m info     | [34mProxyClient.cpp   [m | [37mcreate_publisher        [m | [32mpublisher created[m      | client_key: 0x00000003, publisher_id: 0x0E2(3), participant_id: 0x001(1)
[35m[1785136923.409674][m info     | [34mProxyClient.cpp   [m | [37mcreate_datawriter       [m | [32mdatawriter created[m     | client_key: 0x00000003, datawriter_id: 0x0E2(5), publisher_id: 0x0E2(3)
[35m[1785136923.409718][m info     | [34mProxyClient.cpp   [m | [37mcreate_topic            [m | [32mtopic created[m          | client_key: 0x00000003, topic_id: 0x0F2(2), participant_id: 0x001(1)
[35m[1785136923.409737][m info     | [34mProxyClient.cpp   [m | [37mcreate_publisher        [m | [32mpublisher created[m      | client_key: 0x00000003, publisher_id: 0x0F2(3), participant_id: 0x001(1)
[35m[1785136923.409887][m info     | [34mProxyClient.cpp   [m | [37mcreate_datawriter       [m | [32mdatawriter created[m     | client_key: 0x00000003, datawriter_id: 0x0F2(5), publisher_id: 0x0F2(3)
[35m[1785136923.409935][m info     | [34mProxyClient.cpp   [m | [37mcreate_topic            [m | [32mtopic created[m          | client_key: 0x00000003, topic_id: 0x0F9(2), participant_id: 0x001(1)
[35m[1785136923.409946][m info     | [34mProxyClient.cpp   [m | [37mcreate_publisher        [m | [32mpublisher created[m      | client_key: 0x00000003, publisher_id: 0x0F9(3), participant_id: 0x001(1)
[35m[1785136923.410097][m info     | [34mProxyClient.cpp   [m | [37mcreate_datawriter       [m | [32mdatawriter created[m     | client_key: 0x00000003, datawriter_id: 0x0F9(5), publisher_id: 0x0F9(3)
[35m[1785136923.410150][m info     | [34mProxyClient.cpp   [m | [37mcreate_topic            [m | [32mtopic created[m          | client_key: 0x00000003, topic_id: 0x0FA(2), participant_id: 0x001(1)
[35m[1785136923.410162][m info     | [34mProxyClient.cpp   [m | [37mcreate_publisher        [m | [32mpublisher created[m      | client_key: 0x00000003, publisher_id: 0x0FA(3), participant_id: 0x001(1)
[35m[1785136923.410315][m info     | [34mProxyClient.cpp   [m | [37mcreate_datawriter       [m | [32mdatawriter created[m     | client_key: 0x00000003, datawriter_id: 0x0FA(5), publisher_id: 0x0FA(3)
[35m[1785136923.410367][m info     | [34mProxyClient.cpp   [m | [37mcreate_topic            [m | [32mtopic created[m          | client_key: 0x00000003, topic_id: 0x0FC(2), participant_id: 0x001(1)
[35m[1785136923.410377][m info     | [34mProxyClient.cpp   [m | [37mcreate_publisher        [m | [32mpublisher created[m      | client_key: 0x00000003, publisher_id: 0x0FC(3), participant_id: 0x001(1)
[35m[1785136923.410537][m info     | [34mProxyClient.cpp   [m | [37mcreate_datawriter       [m | [32mdatawriter created[m     | client_key: 0x00000003, datawriter_id: 0x0FC(5), publisher_id: 0x0FC(3)
[35m[1785136923.410599][m info     | [34mProxyClient.cpp   [m | [37mcreate_topic            [m | [32mtopic created[m          | client_key: 0x00000003, topic_id: 0x100(2), participant_id: 0x001(1)
[35m[1785136923.410610][m info     | [34mProxyClient.cpp   [m | [37mcreate_publisher        [m | [32mpublisher created[m      | client_key: 0x00000003, publisher_id: 0x100(3), participant_id: 0x001(1)
[35m[1785136923.410769][m info     | [34mProxyClient.cpp   [m | [37mcreate_datawriter       [m | [32mdatawriter created[m     | client_key: 0x00000003, datawriter_id: 0x100(5), publisher_id: 0x100(3)
[35m[1785136923.410815][m info     | [34mProxyClient.cpp   [m | [37mcreate_topic            [m | [32mtopic created[m          | client_key: 0x00000003, topic_id: 0x105(2), participant_id: 0x001(1)
[35m[1785136923.410830][m info     | [34mProxyClient.cpp   [m | [37mcreate_publisher        [m | [32mpublisher created[m      | client_key: 0x00000003, publisher_id: 0x105(3), participant_id: 0x001(1)
[35m[1785136923.411007][m info     | [34mProxyClient.cpp   [m | [37mcreate_datawriter       [m | [32mdatawriter created[m     | client_key: 0x00000003, datawriter_id: 0x105(5), publisher_id: 0x105(3)
[35m[1785136923.411064][m info     | [34mProxyClient.cpp   [m | [37mcreate_topic            [m | [32mtopic created[m          | client_key: 0x00000003, topic_id: 0x10A(2), participant_id: 0x001(1)
[35m[1785136923.411078][m info     | [34mProxyClient.cpp   [m | [37mcreate_publisher        [m | [32mpublisher created[m      | client_key: 0x00000003, publisher_id: 0x10A(3), participant_id: 0x001(1)
[35m[1785136923.411239][m info     | [34mProxyClient.cpp   [m | [37mcreate_datawriter       [m | [32mdatawriter created[m     | client_key: 0x00000003, datawriter_id: 0x10A(5), publisher_id: 0x10A(3)
[35m[1785136924.039998][m info     | [34mProxyClient.cpp   [m | [37mcreate_topic            [m | [32mtopic created[m          | client_key: 0x00000004, topic_id: 0x013(2), participant_id: 0x001(1)
[35m[1785136924.040041][m info     | [34mProxyClient.cpp   [m | [37mcreate_publisher        [m | [32mpublisher created[m      | client_key: 0x00000004, publisher_id: 0x013(3), participant_id: 0x001(1)
[35m[1785136924.040526][m info     | [34mProxyClient.cpp   [m | [37mcreate_datawriter       [m | [32mdatawriter created[m     | client_key: 0x00000004, datawriter_id: 0x013(5), publisher_id: 0x013(3)
[35m[1785136924.040614][m info     | [34mProxyClient.cpp   [m | [37mcreate_topic            [m | [32mtopic created[m          | client_key: 0x00000004, topic_id: 0x057(2), participant_id: 0x001(1)
[35m[1785136924.040626][m info     | [34mProxyClient.cpp   [m | [37mcreate_publisher        [m | [32mpublisher created[m      | client_key: 0x00000004, publisher_id: 0x057(3), participant_id: 0x001(1)
[35m[1785136924.040908][m info     | [34mProxyClient.cpp   [m | [37mcreate_datawriter       [m | [32mdatawriter created[m     | client_key: 0x00000004, datawriter_id: 0x057(5), publisher_id: 0x057(3)
[35m[1785136924.040962][m info     | [34mProxyClient.cpp   [m | [37mcreate_topic            [m | [32mtopic created[m          | client_key: 0x00000004, topic_id: 0x05D(2), participant_id: 0x001(1)
[35m[1785136924.040973][m info     | [34mProxyClient.cpp   [m | [37mcreate_publisher        [m | [32mpublisher created[m      | client_key: 0x00000004, publisher_id: 0x05D(3), participant_id: 0x001(1)
[35m[1785136924.041197][m info     | [34mProxyClient.cpp   [m | [37mcreate_datawriter       [m | [32mdatawriter created[m     | client_key: 0x00000004, datawriter_id: 0x05D(5), publisher_id: 0x05D(3)
[35m[1785136924.041251][m info     | [34mProxyClient.cpp   [m | [37mcreate_topic            [m | [32mtopic created[m          | client_key: 0x00000004, topic_id: 0x08D(2), participant_id: 0x001(1)
[35m[1785136924.041261][m info     | [34mProxyClient.cpp   [m | [37mcreate_publisher        [m | [32mpublisher created[m      | client_key: 0x00000004, publisher_id: 0x08D(3), participant_id: 0x001(1)
[35m[1785136924.041458][m info     | [34mProxyClient.cpp   [m | [37mcreate_datawriter       [m | [32mdatawriter created[m     | client_key: 0x00000004, datawriter_id: 0x08D(5), publisher_id: 0x08D(3)
[35m[1785136924.041507][m info     | [34mProxyClient.cpp   [m | [37mcreate_topic            [m | [32mtopic created[m          | client_key: 0x00000004, topic_id: 0x0B4(2), participant_id: 0x001(1)
[35m[1785136924.041517][m info     | [34mProxyClient.cpp   [m | [37mcreate_publisher        [m | [32mpublisher created[m      | client_key: 0x00000004, publisher_id: 0x0B4(3), participant_id: 0x001(1)
[35m[1785136924.041710][m info     | [34mProxyClient.cpp   [m | [37mcreate_datawriter       [m | [32mdatawriter created[m     | client_key: 0x00000004, datawriter_id: 0x0B4(5), publisher_id: 0x0B4(3)
[35m[1785136924.041762][m info     | [34mProxyClient.cpp   [m | [37mcreate_topic            [m | [32mtopic created[m          | client_key: 0x00000004, topic_id: 0x0CB(2), participant_id: 0x001(1)
[35m[1785136924.041772][m info     | [34mProxyClient.cpp   [m | [37mcreate_publisher        [m | [32mpublisher created[m      | client_key: 0x00000004, publisher_id: 0x0CB(3), participant_id: 0x001(1)
[35m[1785136924.041966][m info     | [34mProxyClient.cpp   [m | [37mcreate_datawriter       [m | [32mdatawriter created[m     | client_key: 0x00000004, datawriter_id: 0x0CB(5), publisher_id: 0x0CB(3)
[35m[1785136924.042013][m info     | [34mProxyClient.cpp   [m | [37mcreate_topic            [m | [32mtopic created[m          | client_key: 0x00000004, topic_id: 0x0E2(2), participant_id: 0x001(1)
[35m[1785136924.042023][m info     | [34mProxyClient.cpp   [m | [37mcreate_publisher        [m | [32mpublisher created[m      | client_key: 0x00000004, publisher_id: 0x0E2(3), participant_id: 0x001(1)
[35m[1785136924.042212][m info     | [34mProxyClient.cpp   [m | [37mcreate_datawriter       [m | [32mdatawriter created[m     | client_key: 0x00000004, datawriter_id: 0x0E2(5), publisher_id: 0x0E2(3)
[35m[1785136924.042272][m info     | [34mProxyClient.cpp   [m | [37mcreate_topic            [m | [32mtopic created[m          | client_key: 0x00000004, topic_id: 0x0F2(2), participant_id: 0x001(1)
[35m[1785136924.042281][m info     | [34mProxyClient.cpp   [m | [37mcreate_publisher        [m | [32mpublisher created[m      | client_key: 0x00000004, publisher_id: 0x0F2(3), participant_id: 0x001(1)
[35m[1785136924.042458][m info     | [34mProxyClient.cpp   [m | [37mcreate_datawriter       [m | [32mdatawriter created[m     | client_key: 0x00000004, datawriter_id: 0x0F2(5), publisher_id: 0x0F2(3)
[35m[1785136924.042503][m info     | [34mProxyClient.cpp   [m | [37mcreate_topic            [m | [32mtopic created[m          | client_key: 0x00000004, topic_id: 0x0F9(2), participant_id: 0x001(1)
[35m[1785136924.042517][m info     | [34mProxyClient.cpp   [m | [37mcreate_publisher        [m | [32mpublisher created[m      | client_key: 0x00000004, publisher_id: 0x0F9(3), participant_id: 0x001(1)
[35m[1785136924.042688][m info     | [34mProxyClient.cpp   [m | [37mcreate_datawriter       [m | [32mdatawriter created[m     | client_key: 0x00000004, datawriter_id: 0x0F9(5), publisher_id: 0x0F9(3)
[35m[1785136924.042736][m info     | [34mProxyClient.cpp   [m | [37mcreate_topic            [m | [32mtopic created[m          | client_key: 0x00000004, topic_id: 0x0FA(2), participant_id: 0x001(1)
[35m[1785136924.042745][m info     | [34mProxyClient.cpp   [m | [37mcreate_publisher        [m | [32mpublisher created[m      | client_key: 0x00000004, publisher_id: 0x0FA(3), participant_id: 0x001(1)
[35m[1785136924.042911][m info     | [34mProxyClient.cpp   [m | [37mcreate_datawriter       [m | [32mdatawriter created[m     | client_key: 0x00000004, datawriter_id: 0x0FA(5), publisher_id: 0x0FA(3)
[35m[1785136924.042960][m info     | [34mProxyClient.cpp   [m | [37mcreate_topic            [m | [32mtopic created[m          | client_key: 0x00000004, topic_id: 0x0FC(2), participant_id: 0x001(1)
[35m[1785136924.042969][m info     | [34mProxyClient.cpp   [m | [37mcreate_publisher        [m | [32mpublisher created[m      | client_key: 0x00000004, publisher_id: 0x0FC(3), participant_id: 0x001(1)
[35m[1785136924.043137][m info     | [34mProxyClient.cpp   [m | [37mcreate_datawriter       [m | [32mdatawriter created[m     | client_key: 0x00000004, datawriter_id: 0x0FC(5), publisher_id: 0x0FC(3)
[35m[1785136924.043197][m info     | [34mProxyClient.cpp   [m | [37mcreate_topic            [m | [32mtopic created[m          | client_key: 0x00000004, topic_id: 0x100(2), participant_id: 0x001(1)
[35m[1785136924.043207][m info     | [34mProxyClient.cpp   [m | [37mcreate_publisher        [m | [32mpublisher created[m      | client_key: 0x00000004, publisher_id: 0x100(3), participant_id: 0x001(1)
[35m[1785136924.043374][m info     | [34mProxyClient.cpp   [m | [37mcreate_datawriter       [m | [32mdatawriter created[m     | client_key: 0x00000004, datawriter_id: 0x100(5), publisher_id: 0x100(3)
[35m[1785136924.043442][m info     | [34mProxyClient.cpp   [m | [37mcreate_topic            [m | [32mtopic created[m          | client_key: 0x00000004, topic_id: 0x105(2), participant_id: 0x001(1)
[35m[1785136924.043456][m info     | [34mProxyClient.cpp   [m | [37mcreate_publisher        [m | [32mpublisher created[m      | client_key: 0x00000004, publisher_id: 0x105(3), participant_id: 0x001(1)
[35m[1785136924.043674][m info     | [34mProxyClient.cpp   [m | [37mcreate_datawriter       [m | [32mdatawriter created[m     | client_key: 0x00000004, datawriter_id: 0x105(5), publisher_id: 0x105(3)
[35m[1785136924.043782][m info     | [34mProxyClient.cpp   [m | [37mcreate_topic            [m | [32mtopic created[m          | client_key: 0x00000004, topic_id: 0x10A(2), participant_id: 0x001(1)
[35m[1785136924.043795][m info     | [34mProxyClient.cpp   [m | [37mcreate_publisher        [m | [32mpublisher created[m      | client_key: 0x00000004, publisher_id: 0x10A(3), participant_id: 0x001(1)
[35m[1785136924.043989][m info     | [34mProxyClient.cpp   [m | [37mcreate_datawriter       [m | [32mdatawriter created[m     | client_key: 0x00000004, datawriter_id: 0x10A(5), publisher_id: 0x10A(3)
[35m[1785136924.628027][m info     | [34mProxyClient.cpp   [m | [37mcreate_topic            [m | [32mtopic created[m          | client_key: 0x00000005, topic_id: 0x013(2), participant_id: 0x001(1)
[35m[1785136924.628069][m info     | [34mProxyClient.cpp   [m | [37mcreate_publisher        [m | [32mpublisher created[m      | client_key: 0x00000005, publisher_id: 0x013(3), participant_id: 0x001(1)
[35m[1785136924.628570][m info     | [34mProxyClient.cpp   [m | [37mcreate_datawriter       [m | [32mdatawriter created[m     | client_key: 0x00000005, datawriter_id: 0x013(5), publisher_id: 0x013(3)
[35m[1785136924.628655][m info     | [34mProxyClient.cpp   [m | [37mcreate_topic            [m | [32mtopic created[m          | client_key: 0x00000005, topic_id: 0x057(2), participant_id: 0x001(1)
[35m[1785136924.628670][m info     | [34mProxyClient.cpp   [m | [37mcreate_publisher        [m | [32mpublisher created[m      | client_key: 0x00000005, publisher_id: 0x057(3), participant_id: 0x001(1)
[35m[1785136924.628925][m info     | [34mProxyClient.cpp   [m | [37mcreate_datawriter       [m | [32mdatawriter created[m     | client_key: 0x00000005, datawriter_id: 0x057(5), publisher_id: 0x057(3)
[35m[1785136924.628975][m info     | [34mProxyClient.cpp   [m | [37mcreate_topic            [m | [32mtopic created[m          | client_key: 0x00000005, topic_id: 0x05D(2), participant_id: 0x001(1)
[35m[1785136924.628985][m info     | [34mProxyClient.cpp   [m | [37mcreate_publisher        [m | [32mpublisher created[m      | client_key: 0x00000005, publisher_id: 0x05D(3), participant_id: 0x001(1)
[35m[1785136924.629197][m info     | [34mProxyClient.cpp   [m | [37mcreate_datawriter       [m | [32mdatawriter created[m     | client_key: 0x00000005, datawriter_id: 0x05D(5), publisher_id: 0x05D(3)
[35m[1785136924.629254][m info     | [34mProxyClient.cpp   [m | [37mcreate_topic            [m | [32mtopic created[m          | client_key: 0x00000005, topic_id: 0x08D(2), participant_id: 0x001(1)
[35m[1785136924.629264][m info     | [34mProxyClient.cpp   [m | [37mcreate_publisher        [m | [32mpublisher created[m      | client_key: 0x00000005, publisher_id: 0x08D(3), participant_id: 0x001(1)
[35m[1785136924.629455][m info     | [34mProxyClient.cpp   [m | [37mcreate_datawriter       [m | [32mdatawriter created[m     | client_key: 0x00000005, datawriter_id: 0x08D(5), publisher_id: 0x08D(3)
[35m[1785136924.629509][m info     | [34mProxyClient.cpp   [m | [37mcreate_topic            [m | [32mtopic created[m          | client_key: 0x00000005, topic_id: 0x0B4(2), participant_id: 0x001(1)
[35m[1785136924.629520][m info     | [34mProxyClient.cpp   [m | [37mcreate_publisher        [m | [32mpublisher created[m      | client_key: 0x00000005, publisher_id: 0x0B4(3), participant_id: 0x001(1)
[35m[1785136924.629706][m info     | [34mProxyClient.cpp   [m | [37mcreate_datawriter       [m | [32mdatawriter created[m     | client_key: 0x00000005, datawriter_id: 0x0B4(5), publisher_id: 0x0B4(3)
[35m[1785136924.629757][m info     | [34mProxyClient.cpp   [m | [37mcreate_topic            [m | [32mtopic created[m          | client_key: 0x00000005, topic_id: 0x0CB(2), participant_id: 0x001(1)
[35m[1785136924.629771][m info     | [34mProxyClient.cpp   [m | [37mcreate_publisher        [m | [32mpublisher created[m      | client_key: 0x00000005, publisher_id: 0x0CB(3), participant_id: 0x001(1)
[35m[1785136924.629950][m info     | [34mProxyClient.cpp   [m | [37mcreate_datawriter       [m | [32mdatawriter created[m     | client_key: 0x00000005, datawriter_id: 0x0CB(5), publisher_id: 0x0CB(3)
[35m[1785136924.629993][m info     | [34mProxyClient.cpp   [m | [37mcreate_topic            [m | [32mtopic created[m          | client_key: 0x00000005, topic_id: 0x0E2(2), participant_id: 0x001(1)
[35m[1785136924.630010][m info     | [34mProxyClient.cpp   [m | [37mcreate_publisher        [m | [32mpublisher created[m      | client_key: 0x00000005, publisher_id: 0x0E2(3), participant_id: 0x001(1)
[35m[1785136924.630189][m info     | [34mProxyClient.cpp   [m | [37mcreate_datawriter       [m | [32mdatawriter created[m     | client_key: 0x00000005, datawriter_id: 0x0E2(5), publisher_id: 0x0E2(3)
[35m[1785136924.630235][m info     | [34mProxyClient.cpp   [m | [37mcreate_topic            [m | [32mtopic created[m          | client_key: 0x00000005, topic_id: 0x0F2(2), participant_id: 0x001(1)
[35m[1785136924.630251][m info     | [34mProxyClient.cpp   [m | [37mcreate_publisher        [m | [32mpublisher created[m      | client_key: 0x00000005, publisher_id: 0x0F2(3), participant_id: 0x001(1)
[35m[1785136924.630421][m info     | [34mProxyClient.cpp   [m | [37mcreate_datawriter       [m | [32mdatawriter created[m     | client_key: 0x00000005, datawriter_id: 0x0F2(5), publisher_id: 0x0F2(3)
[35m[1785136924.630468][m info     | [34mProxyClient.cpp   [m | [37mcreate_topic            [m | [32mtopic created[m          | client_key: 0x00000005, topic_id: 0x0F9(2), participant_id: 0x001(1)
[35m[1785136924.630477][m info     | [34mProxyClient.cpp   [m | [37mcreate_publisher        [m | [32mpublisher created[m      | client_key: 0x00000005, publisher_id: 0x0F9(3), participant_id: 0x001(1)
[35m[1785136924.630642][m info     | [34mProxyClient.cpp   [m | [37mcreate_datawriter       [m | [32mdatawriter created[m     | client_key: 0x00000005, datawriter_id: 0x0F9(5), publisher_id: 0x0F9(3)
[35m[1785136924.630688][m info     | [34mProxyClient.cpp   [m | [37mcreate_topic            [m | [32mtopic created[m          | client_key: 0x00000005, topic_id: 0x0FA(2), participant_id: 0x001(1)
[35m[1785136924.630699][m info     | [34mProxyClient.cpp   [m | [37mcreate_publisher        [m | [32mpublisher created[m      | client_key: 0x00000005, publisher_id: 0x0FA(3), participant_id: 0x001(1)
[35m[1785136924.630865][m info     | [34mProxyClient.cpp   [m | [37mcreate_datawriter       [m | [32mdatawriter created[m     | client_key: 0x00000005, datawriter_id: 0x0FA(5), publisher_id: 0x0FA(3)
[35m[1785136924.630913][m info     | [34mProxyClient.cpp   [m | [37mcreate_topic            [m | [32mtopic created[m          | client_key: 0x00000005, topic_id: 0x0FC(2), participant_id: 0x001(1)
[35m[1785136924.630923][m info     | [34mProxyClient.cpp   [m | [37mcreate_publisher        [m | [32mpublisher created[m      | client_key: 0x00000005, publisher_id: 0x0FC(3), participant_id: 0x001(1)
[35m[1785136924.631090][m info     | [34mProxyClient.cpp   [m | [37mcreate_datawriter       [m | [32mdatawriter created[m     | client_key: 0x00000005, datawriter_id: 0x0FC(5), publisher_id: 0x0FC(3)
[35m[1785136924.631142][m info     | [34mProxyClient.cpp   [m | [37mcreate_topic            [m | [32mtopic created[m          | client_key: 0x00000005, topic_id: 0x100(2), participant_id: 0x001(1)
[35m[1785136924.631160][m info     | [34mProxyClient.cpp   [m | [37mcreate_publisher        [m | [32mpublisher created[m      | client_key: 0x00000005, publisher_id: 0x100(3), participant_id: 0x001(1)
[35m[1785136924.631330][m info     | [34mProxyClient.cpp   [m | [37mcreate_datawriter       [m | [32mdatawriter created[m     | client_key: 0x00000005, datawriter_id: 0x100(5), publisher_id: 0x100(3)
[35m[1785136924.631377][m info     | [34mProxyClient.cpp   [m | [37mcreate_topic            [m | [32mtopic created[m          | client_key: 0x00000005, topic_id: 0x105(2), participant_id: 0x001(1)
[35m[1785136924.631394][m info     | [34mProxyClient.cpp   [m | [37mcreate_publisher        [m | [32mpublisher created[m      | client_key: 0x00000005, publisher_id: 0x105(3), participant_id: 0x001(1)
[35m[1785136924.631564][m info     | [34mProxyClient.cpp   [m | [37mcreate_datawriter       [m | [32mdatawriter created[m     | client_key: 0x00000005, datawriter_id: 0x105(5), publisher_id: 0x105(3)
[35m[1785136924.631612][m info     | [34mProxyClient.cpp   [m | [37mcreate_topic            [m | [32mtopic created[m          | client_key: 0x00000005, topic_id: 0x10A(2), participant_id: 0x001(1)
[35m[1785136924.631622][m info     | [34mProxyClient.cpp   [m | [37mcreate_publisher        [m | [32mpublisher created[m      | client_key: 0x00000005, publisher_id: 0x10A(3), participant_id: 0x001(1)
[35m[1785136924.631797][m info     | [34mProxyClient.cpp   [m | [37mcreate_datawriter       [m | [32mdatawriter created[m     | client_key: 0x00000005, datawriter_id: 0x10A(5), publisher_id: 0x10A(3)
[35m[1785136925.028119][m info     | [34mProxyClient.cpp   [m | [37mcreate_topic            [m | [32mtopic created[m          | client_key: 0x00000006, topic_id: 0x013(2), participant_id: 0x001(1)
[35m[1785136925.028183][m info     | [34mProxyClient.cpp   [m | [37mcreate_publisher        [m | [32mpublisher created[m      | client_key: 0x00000006, publisher_id: 0x013(3), participant_id: 0x001(1)
[35m[1785136925.028650][m info     | [34mProxyClient.cpp   [m | [37mcreate_datawriter       [m | [32mdatawriter created[m     | client_key: 0x00000006, datawriter_id: 0x013(5), publisher_id: 0x013(3)
[35m[1785136925.028710][m info     | [34mProxyClient.cpp   [m | [37mcreate_topic            [m | [32mtopic created[m          | client_key: 0x00000006, topic_id: 0x057(2), participant_id: 0x001(1)
[35m[1785136925.028725][m info     | [34mProxyClient.cpp   [m | [37mcreate_publisher        [m | [32mpublisher created[m      | client_key: 0x00000006, publisher_id: 0x057(3), participant_id: 0x001(1)
[35m[1785136925.028987][m info     | [34mProxyClient.cpp   [m | [37mcreate_datawriter       [m | [32mdatawriter created[m     | client_key: 0x00000006, datawriter_id: 0x057(5), publisher_id: 0x057(3)
[35m[1785136925.029039][m info     | [34mProxyClient.cpp   [m | [37mcreate_topic            [m | [32mtopic created[m          | client_key: 0x00000006, topic_id: 0x05D(2), participant_id: 0x001(1)
[35m[1785136925.029049][m info     | [34mProxyClient.cpp   [m | [37mcreate_publisher        [m | [32mpublisher created[m      | client_key: 0x00000006, publisher_id: 0x05D(3), participant_id: 0x001(1)
[35m[1785136925.029270][m info     | [34mProxyClient.cpp   [m | [37mcreate_datawriter       [m | [32mdatawriter created[m     | client_key: 0x00000006, datawriter_id: 0x05D(5), publisher_id: 0x05D(3)
[35m[1785136925.029322][m info     | [34mProxyClient.cpp   [m | [37mcreate_topic            [m | [32mtopic created[m          | client_key: 0x00000006, topic_id: 0x08D(2), participant_id: 0x001(1)
[35m[1785136925.029333][m info     | [34mProxyClient.cpp   [m | [37mcreate_publisher        [m | [32mpublisher created[m      | client_key: 0x00000006, publisher_id: 0x08D(3), participant_id: 0x001(1)
[35m[1785136925.029538][m info     | [34mProxyClient.cpp   [m | [37mcreate_datawriter       [m | [32mdatawriter created[m     | client_key: 0x00000006, datawriter_id: 0x08D(5), publisher_id: 0x08D(3)
[35m[1785136925.029591][m info     | [34mProxyClient.cpp   [m | [37mcreate_topic            [m | [32mtopic created[m          | client_key: 0x00000006, topic_id: 0x0B4(2), participant_id: 0x001(1)
[35m[1785136925.029601][m info     | [34mProxyClient.cpp   [m | [37mcreate_publisher        [m | [32mpublisher created[m      | client_key: 0x00000006, publisher_id: 0x0B4(3), participant_id: 0x001(1)
[35m[1785136925.029789][m info     | [34mProxyClient.cpp   [m | [37mcreate_datawriter       [m | [32mdatawriter created[m     | client_key: 0x00000006, datawriter_id: 0x0B4(5), publisher_id: 0x0B4(3)
[35m[1785136925.029839][m info     | [34mProxyClient.cpp   [m | [37mcreate_topic            [m | [32mtopic created[m          | client_key: 0x00000006, topic_id: 0x0CB(2), participant_id: 0x001(1)
[35m[1785136925.029848][m info     | [34mProxyClient.cpp   [m | [37mcreate_publisher        [m | [32mpublisher created[m      | client_key: 0x00000006, publisher_id: 0x0CB(3), participant_id: 0x001(1)
[35m[1785136925.030033][m info     | [34mProxyClient.cpp   [m | [37mcreate_datawriter       [m | [32mdatawriter created[m     | client_key: 0x00000006, datawriter_id: 0x0CB(5), publisher_id: 0x0CB(3)
[35m[1785136925.030080][m info     | [34mProxyClient.cpp   [m | [37mcreate_topic            [m | [32mtopic created[m          | client_key: 0x00000006, topic_id: 0x0E2(2), participant_id: 0x001(1)
[35m[1785136925.030089][m info     | [34mProxyClient.cpp   [m | [37mcreate_publisher        [m | [32mpublisher created[m      | client_key: 0x00000006, publisher_id: 0x0E2(3), participant_id: 0x001(1)
[35m[1785136925.030270][m info     | [34mProxyClient.cpp   [m | [37mcreate_datawriter       [m | [32mdatawriter created[m     | client_key: 0x00000006, datawriter_id: 0x0E2(5), publisher_id: 0x0E2(3)
[35m[1785136925.030325][m info     | [34mProxyClient.cpp   [m | [37mcreate_topic            [m | [32mtopic created[m          | client_key: 0x00000006, topic_id: 0x0F2(2), participant_id: 0x001(1)
[35m[1785136925.030334][m info     | [34mProxyClient.cpp   [m | [37mcreate_publisher        [m | [32mpublisher created[m      | client_key: 0x00000006, publisher_id: 0x0F2(3), participant_id: 0x001(1)
[35m[1785136925.030510][m info     | [34mProxyClient.cpp   [m | [37mcreate_datawriter       [m | [32mdatawriter created[m     | client_key: 0x00000006, datawriter_id: 0x0F2(5), publisher_id: 0x0F2(3)
[35m[1785136925.030554][m info     | [34mProxyClient.cpp   [m | [37mcreate_topic            [m | [32mtopic created[m          | client_key: 0x00000006, topic_id: 0x0F9(2), participant_id: 0x001(1)
[35m[1785136925.030572][m info     | [34mProxyClient.cpp   [m | [37mcreate_publisher        [m | [32mpublisher created[m      | client_key: 0x00000006, publisher_id: 0x0F9(3), participant_id: 0x001(1)
[35m[1785136925.030739][m info     | [34mProxyClient.cpp   [m | [37mcreate_datawriter       [m | [32mdatawriter created[m     | client_key: 0x00000006, datawriter_id: 0x0F9(5), publisher_id: 0x0F9(3)
[35m[1785136925.030783][m info     | [34mProxyClient.cpp   [m | [37mcreate_topic            [m | [32mtopic created[m          | client_key: 0x00000006, topic_id: 0x0FA(2), participant_id: 0x001(1)
[35m[1785136925.030800][m info     | [34mProxyClient.cpp   [m | [37mcreate_publisher        [m | [32mpublisher created[m      | client_key: 0x00000006, publisher_id: 0x0FA(3), participant_id: 0x001(1)
[35m[1785136925.030963][m info     | [34mProxyClient.cpp   [m | [37mcreate_datawriter       [m | [32mdatawriter created[m     | client_key: 0x00000006, datawriter_id: 0x0FA(5), publisher_id: 0x0FA(3)
[35m[1785136925.031012][m info     | [34mProxyClient.cpp   [m | [37mcreate_topic            [m | [32mtopic created[m          | client_key: 0x00000006, topic_id: 0x0FC(2), participant_id: 0x001(1)
[35m[1785136925.031021][m info     | [34mProxyClient.cpp   [m | [37mcreate_publisher        [m | [32mpublisher created[m      | client_key: 0x00000006, publisher_id: 0x0FC(3), participant_id: 0x001(1)
[35m[1785136925.031195][m info     | [34mProxyClient.cpp   [m | [37mcreate_datawriter       [m | [32mdatawriter created[m     | client_key: 0x00000006, datawriter_id: 0x0FC(5), publisher_id: 0x0FC(3)
[35m[1785136925.031247][m info     | [34mProxyClient.cpp   [m | [37mcreate_topic            [m | [32mtopic created[m          | client_key: 0x00000006, topic_id: 0x100(2), participant_id: 0x001(1)
[35m[1785136925.031257][m info     | [34mProxyClient.cpp   [m | [37mcreate_publisher        [m | [32mpublisher created[m      | client_key: 0x00000006, publisher_id: 0x100(3), participant_id: 0x001(1)
[35m[1785136925.031417][m info     | [34mProxyClient.cpp   [m | [37mcreate_datawriter       [m | [32mdatawriter created[m     | client_key: 0x00000006, datawriter_id: 0x100(5), publisher_id: 0x100(3)
[35m[1785136925.031464][m info     | [34mProxyClient.cpp   [m | [37mcreate_topic            [m | [32mtopic created[m          | client_key: 0x00000006, topic_id: 0x105(2), participant_id: 0x001(1)
[35m[1785136925.031473][m info     | [34mProxyClient.cpp   [m | [37mcreate_publisher        [m | [32mpublisher created[m      | client_key: 0x00000006, publisher_id: 0x105(3), participant_id: 0x001(1)
[35m[1785136925.031653][m info     | [34mProxyClient.cpp   [m | [37mcreate_datawriter       [m | [32mdatawriter created[m     | client_key: 0x00000006, datawriter_id: 0x105(5), publisher_id: 0x105(3)
[35m[1785136925.031697][m info     | [34mProxyClient.cpp   [m | [37mcreate_topic            [m | [32mtopic created[m          | client_key: 0x00000006, topic_id: 0x10A(2), participant_id: 0x001(1)
[35m[1785136925.031713][m info     | [34mProxyClient.cpp   [m | [37mcreate_publisher        [m | [32mpublisher created[m      | client_key: 0x00000006, publisher_id: 0x10A(3), participant_id: 0x001(1)
[35m[1785136925.031945][m info     | [34mProxyClient.cpp   [m | [37mcreate_datawriter       [m | [32mdatawriter created[m     | client_key: 0x00000006, datawriter_id: 0x10A(5), publisher_id: 0x10A(3)
[35m[1785136925.456234][m info     | [34mProxyClient.cpp   [m | [37mcreate_topic            [m | [32mtopic created[m          | client_key: 0x00000007, topic_id: 0x013(2), participant_id: 0x001(1)
[35m[1785136925.456266][m info     | [34mProxyClient.cpp   [m | [37mcreate_publisher        [m | [32mpublisher created[m      | client_key: 0x00000007, publisher_id: 0x013(3), participant_id: 0x001(1)
[35m[1785136925.456706][m info     | [34mProxyClient.cpp   [m | [37mcreate_datawriter       [m | [32mdatawriter created[m     | client_key: 0x00000007, datawriter_id: 0x013(5), publisher_id: 0x013(3)
[35m[1785136925.456776][m info     | [34mProxyClient.cpp   [m | [37mcreate_topic            [m | [32mtopic created[m          | client_key: 0x00000007, topic_id: 0x057(2), participant_id: 0x001(1)
[35m[1785136925.456786][m info     | [34mProxyClient.cpp   [m | [37mcreate_publisher        [m | [32mpublisher created[m      | client_key: 0x00000007, publisher_id: 0x057(3), participant_id: 0x001(1)
[35m[1785136925.456969][m info     | [34mProxyClient.cpp   [m | [37mcreate_datawriter       [m | [32mdatawriter created[m     | client_key: 0x00000007, datawriter_id: 0x057(5), publisher_id: 0x057(3)
[35m[1785136925.457018][m info     | [34mProxyClient.cpp   [m | [37mcreate_topic            [m | [32mtopic created[m          | client_key: 0x00000007, topic_id: 0x05D(2), participant_id: 0x001(1)
[35m[1785136925.457028][m info     | [34mProxyClient.cpp   [m | [37mcreate_publisher        [m | [32mpublisher created[m      | client_key: 0x00000007, publisher_id: 0x05D(3), participant_id: 0x001(1)
[35m[1785136925.457207][m info     | [34mProxyClient.cpp   [m | [37mcreate_datawriter       [m | [32mdatawriter created[m     | client_key: 0x00000007, datawriter_id: 0x05D(5), publisher_id: 0x05D(3)
[35m[1785136925.457274][m info     | [34mProxyClient.cpp   [m | [37mcreate_topic            [m | [32mtopic created[m          | client_key: 0x00000007, topic_id: 0x08D(2), participant_id: 0x001(1)
[35m[1785136925.457289][m info     | [34mProxyClient.cpp   [m | [37mcreate_publisher        [m | [32mpublisher created[m      | client_key: 0x00000007, publisher_id: 0x08D(3), participant_id: 0x001(1)
[35m[1785136925.457460][m info     | [34mProxyClient.cpp   [m | [37mcreate_datawriter       [m | [32mdatawriter created[m     | client_key: 0x00000007, datawriter_id: 0x08D(5), publisher_id: 0x08D(3)
[35m[1785136925.457513][m info     | [34mProxyClient.cpp   [m | [37mcreate_topic            [m | [32mtopic created[m          | client_key: 0x00000007, topic_id: 0x0B4(2), participant_id: 0x001(1)
[35m[1785136925.457522][m info     | [34mProxyClient.cpp   [m | [37mcreate_publisher        [m | [32mpublisher created[m      | client_key: 0x00000007, publisher_id: 0x0B4(3), participant_id: 0x001(1)
[35m[1785136925.457683][m info     | [34mProxyClient.cpp   [m | [37mcreate_datawriter       [m | [32mdatawriter created[m     | client_key: 0x00000007, datawriter_id: 0x0B4(5), publisher_id: 0x0B4(3)
[35m[1785136925.457737][m info     | [34mProxyClient.cpp   [m | [37mcreate_topic            [m | [32mtopic created[m          | client_key: 0x00000007, topic_id: 0x0CB(2), participant_id: 0x001(1)
[35m[1785136925.457746][m info     | [34mProxyClient.cpp   [m | [37mcreate_publisher        [m | [32mpublisher created[m      | client_key: 0x00000007, publisher_id: 0x0CB(3), participant_id: 0x001(1)
[35m[1785136925.457910][m info     | [34mProxyClient.cpp   [m | [37mcreate_datawriter       [m | [32mdatawriter created[m     | client_key: 0x00000007, datawriter_id: 0x0CB(5), publisher_id: 0x0CB(3)
[35m[1785136925.457958][m info     | [34mProxyClient.cpp   [m | [37mcreate_topic            [m | [32mtopic created[m          | client_key: 0x00000007, topic_id: 0x0E2(2), participant_id: 0x001(1)
[35m[1785136925.457970][m info     | [34mProxyClient.cpp   [m | [37mcreate_publisher        [m | [32mpublisher created[m      | client_key: 0x00000007, publisher_id: 0x0E2(3), participant_id: 0x001(1)
[35m[1785136925.458144][m info     | [34mProxyClient.cpp   [m | [37mcreate_datawriter       [m | [32mdatawriter created[m     | client_key: 0x00000007, datawriter_id: 0x0E2(5), publisher_id: 0x0E2(3)
[35m[1785136925.458195][m info     | [34mProxyClient.cpp   [m | [37mcreate_topic            [m | [32mtopic created[m          | client_key: 0x00000007, topic_id: 0x0F2(2), participant_id: 0x001(1)
[35m[1785136925.458210][m info     | [34mProxyClient.cpp   [m | [37mcreate_publisher        [m | [32mpublisher created[m      | client_key: 0x00000007, publisher_id: 0x0F2(3), participant_id: 0x001(1)
[35m[1785136925.458389][m info     | [34mProxyClient.cpp   [m | [37mcreate_datawriter       [m | [32mdatawriter created[m     | client_key: 0x00000007, datawriter_id: 0x0F2(5), publisher_id: 0x0F2(3)
[35m[1785136925.458433][m info     | [34mProxyClient.cpp   [m | [37mcreate_topic            [m | [32mtopic created[m          | client_key: 0x00000007, topic_id: 0x0F9(2), participant_id: 0x001(1)
[35m[1785136925.458447][m info     | [34mProxyClient.cpp   [m | [37mcreate_publisher        [m | [32mpublisher created[m      | client_key: 0x00000007, publisher_id: 0x0F9(3), participant_id: 0x001(1)
[35m[1785136925.458604][m info     | [34mProxyClient.cpp   [m | [37mcreate_datawriter       [m | [32mdatawriter created[m     | client_key: 0x00000007, datawriter_id: 0x0F9(5), publisher_id: 0x0F9(3)
[35m[1785136925.458652][m info     | [34mProxyClient.cpp   [m | [37mcreate_topic            [m | [32mtopic created[m          | client_key: 0x00000007, topic_id: 0x0FA(2), participant_id: 0x001(1)
[35m[1785136925.458661][m info     | [34mProxyClient.cpp   [m | [37mcreate_publisher        [m | [32mpublisher created[m      | client_key: 0x00000007, publisher_id: 0x0FA(3), participant_id: 0x001(1)
[35m[1785136925.458818][m info     | [34mProxyClient.cpp   [m | [37mcreate_datawriter       [m | [32mdatawriter created[m     | client_key: 0x00000007, datawriter_id: 0x0FA(5), publisher_id: 0x0FA(3)
[35m[1785136925.458876][m info     | [34mProxyClient.cpp   [m | [37mcreate_topic            [m | [32mtopic created[m          | client_key: 0x00000007, topic_id: 0x0FC(2), participant_id: 0x001(1)
[35m[1785136925.458885][m info     | [34mProxyClient.cpp   [m | [37mcreate_publisher        [m | [32mpublisher created[m      | client_key: 0x00000007, publisher_id: 0x0FC(3), participant_id: 0x001(1)
[35m[1785136925.459043][m info     | [34mProxyClient.cpp   [m | [37mcreate_datawriter       [m | [32mdatawriter created[m     | client_key: 0x00000007, datawriter_id: 0x0FC(5), publisher_id: 0x0FC(3)
[35m[1785136925.459089][m info     | [34mProxyClient.cpp   [m | [37mcreate_topic            [m | [32mtopic created[m          | client_key: 0x00000007, topic_id: 0x100(2), participant_id: 0x001(1)
[35m[1785136925.459097][m info     | [34mProxyClient.cpp   [m | [37mcreate_publisher        [m | [32mpublisher created[m      | client_key: 0x00000007, publisher_id: 0x100(3), participant_id: 0x001(1)
[35m[1785136925.459263][m info     | [34mProxyClient.cpp   [m | [37mcreate_datawriter       [m | [32mdatawriter created[m     | client_key: 0x00000007, datawriter_id: 0x100(5), publisher_id: 0x100(3)
[35m[1785136925.459329][m info     | [34mProxyClient.cpp   [m | [37mcreate_topic            [m | [32mtopic created[m          | client_key: 0x00000007, topic_id: 0x105(2), participant_id: 0x001(1)
[35m[1785136925.459341][m info     | [34mProxyClient.cpp   [m | [37mcreate_publisher        [m | [32mpublisher created[m      | client_key: 0x00000007, publisher_id: 0x105(3), participant_id: 0x001(1)
[35m[1785136925.459519][m info     | [34mProxyClient.cpp   [m | [37mcreate_datawriter       [m | [32mdatawriter created[m     | client_key: 0x00000007, datawriter_id: 0x105(5), publisher_id: 0x105(3)
[35m[1785136925.459572][m info     | [34mProxyClient.cpp   [m | [37mcreate_topic            [m | [32mtopic created[m          | client_key: 0x00000007, topic_id: 0x10A(2), participant_id: 0x001(1)
[35m[1785136925.459581][m info     | [34mProxyClient.cpp   [m | [37mcreate_publisher        [m | [32mpublisher created[m      | client_key: 0x00000007, publisher_id: 0x10A(3), participant_id: 0x001(1)
[35m[1785136925.459739][m info     | [34mProxyClient.cpp   [m | [37mcreate_datawriter       [m | [32mdatawriter created[m     | client_key: 0x00000007, datawriter_id: 0x10A(5), publisher_id: 0x10A(3)
[35m[1785136925.877136][m info     | [34mProxyClient.cpp   [m | [37mcreate_topic            [m | [32mtopic created[m          | client_key: 0x00000008, topic_id: 0x013(2), participant_id: 0x001(1)
[35m[1785136925.877195][m info     | [34mProxyClient.cpp   [m | [37mcreate_publisher        [m | [32mpublisher created[m      | client_key: 0x00000008, publisher_id: 0x013(3), participant_id: 0x001(1)
[35m[1785136925.877900][m info     | [34mProxyClient.cpp   [m | [37mcreate_datawriter       [m | [32mdatawriter created[m     | client_key: 0x00000008, datawriter_id: 0x013(5), publisher_id: 0x013(3)
[35m[1785136925.878086][m info     | [34mProxyClient.cpp   [m | [37mcreate_topic            [m | [32mtopic created[m          | client_key: 0x00000008, topic_id: 0x057(2), participant_id: 0x001(1)
[35m[1785136925.878138][m info     | [34mProxyClient.cpp   [m | [37mcreate_publisher        [m | [32mpublisher created[m      | client_key: 0x00000008, publisher_id: 0x057(3), participant_id: 0x001(1)
[35m[1785136925.878704][m info     | [34mProxyClient.cpp   [m | [37mcreate_datawriter       [m | [32mdatawriter created[m     | client_key: 0x00000008, datawriter_id: 0x057(5), publisher_id: 0x057(3)
[35m[1785136925.878795][m info     | [34mProxyClient.cpp   [m | [37mcreate_topic            [m | [32mtopic created[m          | client_key: 0x00000008, topic_id: 0x05D(2), participant_id: 0x001(1)
[35m[1785136925.878940][m info     | [34mProxyClient.cpp   [m | [37mcreate_publisher        [m | [32mpublisher created[m      | client_key: 0x00000008, publisher_id: 0x05D(3), participant_id: 0x001(1)
[35m[1785136925.879386][m info     | [34mProxyClient.cpp   [m | [37mcreate_datawriter       [m | [32mdatawriter created[m     | client_key: 0x00000008, datawriter_id: 0x05D(5), publisher_id: 0x05D(3)
[35m[1785136925.879548][m info     | [34mProxyClient.cpp   [m | [37mcreate_topic            [m | [32mtopic created[m          | client_key: 0x00000008, topic_id: 0x08D(2), participant_id: 0x001(1)
[35m[1785136925.879574][m info     | [34mProxyClient.cpp   [m | [37mcreate_publisher        [m | [32mpublisher created[m      | client_key: 0x00000008, publisher_id: 0x08D(3), participant_id: 0x001(1)
[35m[1785136925.880037][m info     | [34mProxyClient.cpp   [m | [37mcreate_datawriter       [m | [32mdatawriter created[m     | client_key: 0x00000008, datawriter_id: 0x08D(5), publisher_id: 0x08D(3)
[35m[1785136925.880185][m info     | [34mProxyClient.cpp   [m | [37mcreate_topic            [m | [32mtopic created[m          | client_key: 0x00000008, topic_id: 0x0B4(2), participant_id: 0x001(1)
[35m[1785136925.880216][m info     | [34mProxyClient.cpp   [m | [37mcreate_publisher        [m | [32mpublisher created[m      | client_key: 0x00000008, publisher_id: 0x0B4(3), participant_id: 0x001(1)
[35m[1785136925.880821][m info     | [34mProxyClient.cpp   [m | [37mcreate_datawriter       [m | [32mdatawriter created[m     | client_key: 0x00000008, datawriter_id: 0x0B4(5), publisher_id: 0x0B4(3)
[35m[1785136925.881002][m info     | [34mProxyClient.cpp   [m | [37mcreate_topic            [m | [32mtopic created[m          | client_key: 0x00000008, topic_id: 0x0CB(2), participant_id: 0x001(1)
[35m[1785136925.881064][m info     | [34mProxyClient.cpp   [m | [37mcreate_publisher        [m | [32mpublisher created[m      | client_key: 0x00000008, publisher_id: 0x0CB(3), participant_id: 0x001(1)
[35m[1785136925.881532][m info     | [34mProxyClient.cpp   [m | [37mcreate_datawriter       [m | [32mdatawriter created[m     | client_key: 0x00000008, datawriter_id: 0x0CB(5), publisher_id: 0x0CB(3)
[35m[1785136925.881646][m info     | [34mProxyClient.cpp   [m | [37mcreate_topic            [m | [32mtopic created[m          | client_key: 0x00000008, topic_id: 0x0E2(2), participant_id: 0x001(1)
[35m[1785136925.881686][m info     | [34mProxyClient.cpp   [m | [37mcreate_publisher        [m | [32mpublisher created[m      | client_key: 0x00000008, publisher_id: 0x0E2(3), participant_id: 0x001(1)
[35m[1785136925.882098][m info     | [34mProxyClient.cpp   [m | [37mcreate_datawriter       [m | [32mdatawriter created[m     | client_key: 0x00000008, datawriter_id: 0x0E2(5), publisher_id: 0x0E2(3)
[35m[1785136925.882204][m info     | [34mProxyClient.cpp   [m | [37mcreate_topic            [m | [32mtopic created[m          | client_key: 0x00000008, topic_id: 0x0F2(2), participant_id: 0x001(1)
[35m[1785136925.882246][m info     | [34mProxyClient.cpp   [m | [37mcreate_publisher        [m | [32mpublisher created[m      | client_key: 0x00000008, publisher_id: 0x0F2(3), participant_id: 0x001(1)
[35m[1785136925.882668][m info     | [34mProxyClient.cpp   [m | [37mcreate_datawriter       [m | [32mdatawriter created[m     | client_key: 0x00000008, datawriter_id: 0x0F2(5), publisher_id: 0x0F2(3)
[35m[1785136925.882766][m info     | [34mProxyClient.cpp   [m | [37mcreate_topic            [m | [32mtopic created[m          | client_key: 0x00000008, topic_id: 0x0F9(2), participant_id: 0x001(1)
[35m[1785136925.882805][m info     | [34mProxyClient.cpp   [m | [37mcreate_publisher        [m | [32mpublisher created[m      | client_key: 0x00000008, publisher_id: 0x0F9(3), participant_id: 0x001(1)
[35m[1785136925.883528][m info     | [34mProxyClient.cpp   [m | [37mcreate_datawriter       [m | [32mdatawriter created[m     | client_key: 0x00000008, datawriter_id: 0x0F9(5), publisher_id: 0x0F9(3)
[35m[1785136925.883626][m info     | [34mProxyClient.cpp   [m | [37mcreate_topic            [m | [32mtopic created[m          | client_key: 0x00000008, topic_id: 0x0FA(2), participant_id: 0x001(1)
[35m[1785136925.883678][m info     | [34mProxyClient.cpp   [m | [37mcreate_publisher        [m | [32mpublisher created[m      | client_key: 0x00000008, publisher_id: 0x0FA(3), participant_id: 0x001(1)
[35m[1785136925.884222][m info     | [34mProxyClient.cpp   [m | [37mcreate_datawriter       [m | [32mdatawriter created[m     | client_key: 0x00000008, datawriter_id: 0x0FA(5), publisher_id: 0x0FA(3)
[35m[1785136925.884326][m info     | [34mProxyClient.cpp   [m | [37mcreate_topic            [m | [32mtopic created[m          | client_key: 0x00000008, topic_id: 0x0FC(2), participant_id: 0x001(1)
[35m[1785136925.884376][m info     | [34mProxyClient.cpp   [m | [37mcreate_publisher        [m | [32mpublisher created[m      | client_key: 0x00000008, publisher_id: 0x0FC(3), participant_id: 0x001(1)
[35m[1785136925.885037][m info     | [34mProxyClient.cpp   [m | [37mcreate_datawriter       [m | [32mdatawriter created[m     | client_key: 0x00000008, datawriter_id: 0x0FC(5), publisher_id: 0x0FC(3)
[35m[1785136925.885201][m info     | [34mProxyClient.cpp   [m | [37mcreate_topic            [m | [32mtopic created[m          | client_key: 0x00000008, topic_id: 0x100(2), participant_id: 0x001(1)
[35m[1785136925.885254][m info     | [34mProxyClient.cpp   [m | [37mcreate_publisher        [m | [32mpublisher created[m      | client_key: 0x00000008, publisher_id: 0x100(3), participant_id: 0x001(1)
[35m[1785136925.885715][m info     | [34mProxyClient.cpp   [m | [37mcreate_datawriter       [m | [32mdatawriter created[m     | client_key: 0x00000008, datawriter_id: 0x100(5), publisher_id: 0x100(3)
[35m[1785136925.885848][m info     | [34mProxyClient.cpp   [m | [37mcreate_topic            [m | [32mtopic created[m          | client_key: 0x00000008, topic_id: 0x105(2), participant_id: 0x001(1)
[35m[1785136925.885888][m info     | [34mProxyClient.cpp   [m | [37mcreate_publisher        [m | [32mpublisher created[m      | client_key: 0x00000008, publisher_id: 0x105(3), participant_id: 0x001(1)
[35m[1785136925.886358][m info     | [34mProxyClient.cpp   [m | [37mcreate_datawriter       [m | [32mdatawriter created[m     | client_key: 0x00000008, datawriter_id: 0x105(5), publisher_id: 0x105(3)
[35m[1785136925.886466][m info     | [34mProxyClient.cpp   [m | [37mcreate_topic            [m | [32mtopic created[m          | client_key: 0x00000008, topic_id: 0x10A(2), participant_id: 0x001(1)
[35m[1785136925.886512][m info     | [34mProxyClient.cpp   [m | [37mcreate_publisher        [m | [32mpublisher created[m      | client_key: 0x00000008, publisher_id: 0x10A(3), participant_id: 0x001(1)
[35m[1785136925.886949][m info     | [34mProxyClient.cpp   [m | [37mcreate_datawriter       [m | [32mdatawriter created[m     | client_key: 0x00000008, datawriter_id: 0x10A(5), publisher_id: 0x10A(3)
[35m[1785136926.448275][m info     | [34mProxyClient.cpp   [m | [37mcreate_topic            [m | [32mtopic created[m          | client_key: 0x00000009, topic_id: 0x013(2), participant_id: 0x001(1)
[35m[1785136926.448316][m info     | [34mProxyClient.cpp   [m | [37mcreate_publisher        [m | [32mpublisher created[m      | client_key: 0x00000009, publisher_id: 0x013(3), participant_id: 0x001(1)
[35m[1785136926.448761][m info     | [34mProxyClient.cpp   [m | [37mcreate_datawriter       [m | [32mdatawriter created[m     | client_key: 0x00000009, datawriter_id: 0x013(5), publisher_id: 0x013(3)
[35m[1785136926.448824][m info     | [34mProxyClient.cpp   [m | [37mcreate_topic            [m | [32mtopic created[m          | client_key: 0x00000009, topic_id: 0x057(2), participant_id: 0x001(1)
[35m[1785136926.448835][m info     | [34mProxyClient.cpp   [m | [37mcreate_publisher        [m | [32mpublisher created[m      | client_key: 0x00000009, publisher_id: 0x057(3), participant_id: 0x001(1)
[35m[1785136926.449100][m info     | [34mProxyClient.cpp   [m | [37mcreate_datawriter       [m | [32mdatawriter created[m     | client_key: 0x00000009, datawriter_id: 0x057(5), publisher_id: 0x057(3)
[35m[1785136926.449164][m info     | [34mProxyClient.cpp   [m | [37mcreate_topic            [m | [32mtopic created[m          | client_key: 0x00000009, topic_id: 0x05D(2), participant_id: 0x001(1)
[35m[1785136926.449178][m info     | [34mProxyClient.cpp   [m | [37mcreate_publisher        [m | [32mpublisher created[m      | client_key: 0x00000009, publisher_id: 0x05D(3), participant_id: 0x001(1)
[35m[1785136926.449642][m info     | [34mProxyClient.cpp   [m | [37mcreate_datawriter       [m | [32mdatawriter created[m     | client_key: 0x00000009, datawriter_id: 0x05D(5), publisher_id: 0x05D(3)
[35m[1785136926.449734][m info     | [34mProxyClient.cpp   [m | [37mcreate_topic            [m | [32mtopic created[m          | client_key: 0x00000009, topic_id: 0x08D(2), participant_id: 0x001(1)
[35m[1785136926.449752][m info     | [34mProxyClient.cpp   [m | [37mcreate_publisher        [m | [32mpublisher created[m      | client_key: 0x00000009, publisher_id: 0x08D(3), participant_id: 0x001(1)
[35m[1785136926.450030][m info     | [34mProxyClient.cpp   [m | [37mcreate_datawriter       [m | [32mdatawriter created[m     | client_key: 0x00000009, datawriter_id: 0x08D(5), publisher_id: 0x08D(3)
[35m[1785136926.450088][m info     | [34mProxyClient.cpp   [m | [37mcreate_topic            [m | [32mtopic created[m          | client_key: 0x00000009, topic_id: 0x0B4(2), participant_id: 0x001(1)
[35m[1785136926.450098][m info     | [34mProxyClient.cpp   [m | [37mcreate_publisher        [m | [32mpublisher created[m      | client_key: 0x00000009, publisher_id: 0x0B4(3), participant_id: 0x001(1)
[35m[1785136926.450331][m info     | [34mProxyClient.cpp   [m | [37mcreate_datawriter       [m | [32mdatawriter created[m     | client_key: 0x00000009, datawriter_id: 0x0B4(5), publisher_id: 0x0B4(3)
[35m[1785136926.450389][m info     | [34mProxyClient.cpp   [m | [37mcreate_topic            [m | [32mtopic created[m          | client_key: 0x00000009, topic_id: 0x0CB(2), participant_id: 0x001(1)
[35m[1785136926.450399][m info     | [34mProxyClient.cpp   [m | [37mcreate_publisher        [m | [32mpublisher created[m      | client_key: 0x00000009, publisher_id: 0x0CB(3), participant_id: 0x001(1)
[35m[1785136926.450593][m info     | [34mProxyClient.cpp   [m | [37mcreate_datawriter       [m | [32mdatawriter created[m     | client_key: 0x00000009, datawriter_id: 0x0CB(5), publisher_id: 0x0CB(3)
[35m[1785136926.450638][m info     | [34mProxyClient.cpp   [m | [37mcreate_topic            [m | [32mtopic created[m          | client_key: 0x00000009, topic_id: 0x0E2(2), participant_id: 0x001(1)
[35m[1785136926.450653][m info     | [34mProxyClient.cpp   [m | [37mcreate_publisher        [m | [32mpublisher created[m      | client_key: 0x00000009, publisher_id: 0x0E2(3), participant_id: 0x001(1)
[35m[1785136926.450833][m info     | [34mProxyClient.cpp   [m | [37mcreate_datawriter       [m | [32mdatawriter created[m     | client_key: 0x00000009, datawriter_id: 0x0E2(5), publisher_id: 0x0E2(3)
[35m[1785136926.450877][m info     | [34mProxyClient.cpp   [m | [37mcreate_topic            [m | [32mtopic created[m          | client_key: 0x00000009, topic_id: 0x0F2(2), participant_id: 0x001(1)
[35m[1785136926.450892][m info     | [34mProxyClient.cpp   [m | [37mcreate_publisher        [m | [32mpublisher created[m      | client_key: 0x00000009, publisher_id: 0x0F2(3), participant_id: 0x001(1)
[35m[1785136926.451074][m info     | [34mProxyClient.cpp   [m | [37mcreate_datawriter       [m | [32mdatawriter created[m     | client_key: 0x00000009, datawriter_id: 0x0F2(5), publisher_id: 0x0F2(3)
[35m[1785136926.451116][m info     | [34mProxyClient.cpp   [m | [37mcreate_topic            [m | [32mtopic created[m          | client_key: 0x00000009, topic_id: 0x0F9(2), participant_id: 0x001(1)
[35m[1785136926.451129][m info     | [34mProxyClient.cpp   [m | [37mcreate_publisher        [m | [32mpublisher created[m      | client_key: 0x00000009, publisher_id: 0x0F9(3), participant_id: 0x001(1)
[35m[1785136926.451313][m info     | [34mProxyClient.cpp   [m | [37mcreate_datawriter       [m | [32mdatawriter created[m     | client_key: 0x00000009, datawriter_id: 0x0F9(5), publisher_id: 0x0F9(3)
[35m[1785136926.451365][m info     | [34mProxyClient.cpp   [m | [37mcreate_topic            [m | [32mtopic created[m          | client_key: 0x00000009, topic_id: 0x0FA(2), participant_id: 0x001(1)
[35m[1785136926.451374][m info     | [34mProxyClient.cpp   [m | [37mcreate_publisher        [m | [32mpublisher created[m      | client_key: 0x00000009, publisher_id: 0x0FA(3), participant_id: 0x001(1)
[35m[1785136926.451549][m info     | [34mProxyClient.cpp   [m | [37mcreate_datawriter       [m | [32mdatawriter created[m     | client_key: 0x00000009, datawriter_id: 0x0FA(5), publisher_id: 0x0FA(3)
[35m[1785136926.451603][m info     | [34mProxyClient.cpp   [m | [37mcreate_topic            [m | [32mtopic created[m          | client_key: 0x00000009, topic_id: 0x0FC(2), participant_id: 0x001(1)
[35m[1785136926.451612][m info     | [34mProxyClient.cpp   [m | [37mcreate_publisher        [m | [32mpublisher created[m      | client_key: 0x00000009, publisher_id: 0x0FC(3), participant_id: 0x001(1)
[35m[1785136926.451790][m info     | [34mProxyClient.cpp   [m | [37mcreate_datawriter       [m | [32mdatawriter created[m     | client_key: 0x00000009, datawriter_id: 0x0FC(5), publisher_id: 0x0FC(3)
[35m[1785136926.451868][m info     | [34mProxyClient.cpp   [m | [37mcreate_topic            [m | [32mtopic created[m          | client_key: 0x00000009, topic_id: 0x100(2), participant_id: 0x001(1)
[35m[1785136926.451885][m info     | [34mProxyClient.cpp   [m | [37mcreate_publisher        [m | [32mpublisher created[m      | client_key: 0x00000009, publisher_id: 0x100(3), participant_id: 0x001(1)
[35m[1785136926.452181][m info     | [34mProxyClient.cpp   [m | [37mcreate_datawriter       [m | [32mdatawriter created[m     | client_key: 0x00000009, datawriter_id: 0x100(5), publisher_id: 0x100(3)
[35m[1785136926.452246][m info     | [34mProxyClient.cpp   [m | [37mcreate_topic            [m | [32mtopic created[m          | client_key: 0x00000009, topic_id: 0x105(2), participant_id: 0x001(1)
[35m[1785136926.452269][m info     | [34mProxyClient.cpp   [m | [37mcreate_publisher        [m | [32mpublisher created[m      | client_key: 0x00000009, publisher_id: 0x105(3), participant_id: 0x001(1)
[35m[1785136926.452484][m info     | [34mProxyClient.cpp   [m | [37mcreate_datawriter       [m | [32mdatawriter created[m     | client_key: 0x00000009, datawriter_id: 0x105(5), publisher_id: 0x105(3)
[35m[1785136926.452543][m info     | [34mProxyClient.cpp   [m | [37mcreate_topic            [m | [32mtopic created[m          | client_key: 0x00000009, topic_id: 0x10A(2), participant_id: 0x001(1)
[35m[1785136926.452555][m info     | [34mProxyClient.cpp   [m | [37mcreate_publisher        [m | [32mpublisher created[m      | client_key: 0x00000009, publisher_id: 0x10A(3), participant_id: 0x001(1)
[35m[1785136926.452750][m info     | [34mProxyClient.cpp   [m | [37mcreate_datawriter       [m | [32mdatawriter created[m     | client_key: 0x00000009, datawriter_id: 0x10A(5), publisher_id: 0x10A(3)
[35m[1785136938.609521][m info     | [34mProxyClient.cpp   [m | [37mcreate_topic            [m | [32mtopic created[m          | client_key: 0x00000002, topic_id: 0x0F6(2), participant_id: 0x001(1)
[35m[1785136938.609566][m info     | [34mProxyClient.cpp   [m | [37mcreate_publisher        [m | [32mpublisher created[m      | client_key: 0x00000002, publisher_id: 0x0F6(3), participant_id: 0x001(1)
[35m[1785136938.610158][m info     | [34mProxyClient.cpp   [m | [37mcreate_datawriter       [m | [32mdatawriter created[m     | client_key: 0x00000002, datawriter_id: 0x0F6(5), publisher_id: 0x0F6(3)
[35m[1785136938.610214][m info     | [34mProxyClient.cpp   [m | [37mcreate_topic            [m | [32mtopic created[m          | client_key: 0x00000003, topic_id: 0x0F6(2), participant_id: 0x001(1)
[35m[1785136938.610235][m info     | [34mProxyClient.cpp   [m | [37mcreate_publisher        [m | [32mpublisher created[m      | client_key: 0x00000003, publisher_id: 0x0F6(3), participant_id: 0x001(1)
[35m[1785136938.610600][m info     | [34mProxyClient.cpp   [m | [37mcreate_datawriter       [m | [32mdatawriter created[m     | client_key: 0x00000003, datawriter_id: 0x0F6(5), publisher_id: 0x0F6(3)
[35m[1785136938.713664][m info     | [34mProxyClient.cpp   [m | [37mcreate_topic            [m | [32mtopic created[m          | client_key: 0x00000004, topic_id: 0x0F6(2), participant_id: 0x001(1)
[35m[1785136938.713712][m info     | [34mProxyClient.cpp   [m | [37mcreate_publisher        [m | [32mpublisher created[m      | client_key: 0x00000004, publisher_id: 0x0F6(3), participant_id: 0x001(1)
[35m[1785136938.714351][m info     | [34mProxyClient.cpp   [m | [37mcreate_datawriter       [m | [32mdatawriter created[m     | client_key: 0x00000004, datawriter_id: 0x0F6(5), publisher_id: 0x0F6(3)
[35m[1785136938.802006][m info     | [34mProxyClient.cpp   [m | [37mcreate_topic            [m | [32mtopic created[m          | client_key: 0x00000007, topic_id: 0x0F6(2), participant_id: 0x001(1)
[35m[1785136938.802041][m info     | [34mProxyClient.cpp   [m | [37mcreate_publisher        [m | [32mpublisher created[m      | client_key: 0x00000007, publisher_id: 0x0F6(3), participant_id: 0x001(1)
[35m[1785136938.802627][m info     | [34mProxyClient.cpp   [m | [37mcreate_datawriter       [m | [32mdatawriter created[m     | client_key: 0x00000007, datawriter_id: 0x0F6(5), publisher_id: 0x0F6(3)
[35m[1785136938.805844][m info     | [34mProxyClient.cpp   [m | [37mcreate_topic            [m | [32mtopic created[m          | client_key: 0x00000005, topic_id: 0x0F6(2), participant_id: 0x001(1)
[35m[1785136938.805870][m info     | [34mProxyClient.cpp   [m | [37mcreate_publisher        [m | [32mpublisher created[m      | client_key: 0x00000005, publisher_id: 0x0F6(3), participant_id: 0x001(1)
[35m[1785136938.806368][m info     | [34mProxyClient.cpp   [m | [37mcreate_datawriter       [m | [32mdatawriter created[m     | client_key: 0x00000005, datawriter_id: 0x0F6(5), publisher_id: 0x0F6(3)
[35m[1785136938.806504][m info     | [34mProxyClient.cpp   [m | [37mcreate_topic            [m | [32mtopic created[m          | client_key: 0x00000008, topic_id: 0x0F6(2), participant_id: 0x001(1)
[35m[1785136938.806528][m info     | [34mProxyClient.cpp   [m | [37mcreate_publisher        [m | [32mpublisher created[m      | client_key: 0x00000008, publisher_id: 0x0F6(3), participant_id: 0x001(1)
[35m[1785136938.806927][m info     | [34mProxyClient.cpp   [m | [37mcreate_datawriter       [m | [32mdatawriter created[m     | client_key: 0x00000008, datawriter_id: 0x0F6(5), publisher_id: 0x0F6(3)
[35m[1785136938.813936][m info     | [34mProxyClient.cpp   [m | [37mcreate_topic            [m | [32mtopic created[m          | client_key: 0x00000009, topic_id: 0x0F6(2), participant_id: 0x001(1)
[35m[1785136938.813976][m info     | [34mProxyClient.cpp   [m | [37mcreate_publisher        [m | [32mpublisher created[m      | client_key: 0x00000009, publisher_id: 0x0F6(3), participant_id: 0x001(1)
[35m[1785136938.814534][m info     | [34mProxyClient.cpp   [m | [37mcreate_datawriter       [m | [32mdatawriter created[m     | client_key: 0x00000009, datawriter_id: 0x0F6(5), publisher_id: 0x0F6(3)
[35m[1785136938.909941][m info     | [34mProxyClient.cpp   [m | [37mcreate_topic            [m | [32mtopic created[m          | client_key: 0x00000006, topic_id: 0x0F6(2), participant_id: 0x001(1)
[35m[1785136938.909976][m info     | [34mProxyClient.cpp   [m | [37mcreate_publisher        [m | [32mpublisher created[m      | client_key: 0x00000006, publisher_id: 0x0F6(3), participant_id: 0x001(1)
[35m[1785136938.910553][m info     | [34mProxyClient.cpp   [m | [37mcreate_datawriter       [m | [32mdatawriter created[m     | client_key: 0x00000006, datawriter_id: 0x0F6(5), publisher_id: 0x0F6(3)
