bag_time_ns,angular_velocity_0,angular_velocity_1,angular_velocity_2,orientation_variance_0,orientation_variance_1,orientation_variance_2,pose_frame,position_0,position_1,position_2,position_variance_0,position_variance_1,position_variance_2,q_0,q_1,q_2,q_3,quality,reset_counter,timestamp,timestamp_sample,velocity_0,velocity_1,velocity_2,velocity_frame,velocity_variance_0,velocity_variance_1,velocity_variance_2
1785207421562176600,-0.0006954019,0.0018667488,-0.0013759932,4.3888274e-05,4.3001095e-05,0.03410729,1,0.0023042157,0.0074571567,0.15588583,0.1083265,0.10849155,0.08794572,0.7018725,-0.0010785941,0.0010102654,0.71230114,0,6,1785207421560786,1785207421560786,-0.0054720775,-0.015681544,0.094130464,1,0.014986304,0.014797473,0.0064114467
1785207421570147471,0.003033021,-0.0010627285,0.0002219034,4.3930726e-05,4.3042142e-05,0.03410764,1,0.0022841813,0.0074354853,0.1558243,0.10871778,0.108884156,0.08821973,0.701874,-0.001071392,0.0010160614,0.7122996,0,6,1785207421568786,1785207421568786,-0.0053618676,-0.015762893,0.09423633,1,0.015055556,0.014864703,0.0064245644
1785207421582261196,0.0011688108,2.5369227e-06,-4.4416254e-05,4.397725e-05,4.3082815e-05,0.034107983,1,0.0022639157,0.0074102725,0.15578718,0.10911143,0.109279126,0.08849468,0.70187443,-0.0010641591,0.0010180883,0.7122992,0,6,1785207421576793,1785207421576793,-0.005441072,-0.015776547,0.09430973,1,0.015124834,0.014931947,0.0064376905
1785207421590194566,-0.0009617205,-0.0015953598,0.0015534812,4.4020257e-05,4.312559e-05,0.03410834,1,0.002243603,0.0073828665,0.15577286,0.10950746,0.10967645,0.08877057,0.7018725,-0.0010640468,0.0010159187,0.7123011,0,6,1785207421584793,1785207421584793,-0.0054251347,-0.015776804,0.09424056,1,0.015194647,0.014999708,0.0064508244
1785207421602235583,-0.0020269817,-0.00026378082,0.00022190282,4.4105258e-05,4.3206623e-05,0.034109056,1,0.002199584,0.007316118,0.15581177,0.11030673,0.11047825,0.08932515,0.7018646,-0.0010689398,0.0009919495,0.712309,0,6,1785207421600793,1785207421600793,-0.0056852154,-0.016217766,0.09464239,1,0.015334949,0.015135812,0.0064771185
1785207421610282909,-0.0028259316,0.00080148457,-4.4416312e-05,4.4148033e-05,4.3247055e-05,0.034109414,1,0.0021784848,0.0072768503,0.15586595,0.11071,0.110882744,0.089603856,0.70186526,-0.0010770899,0.0009866887,0.7123082,0,6,1785207421608793,1785207421608793,-0.0054103965,-0.016327107,0.09479135,1,0.015405505,0.015204124,0.006490278
1785207421622279061,0.0017014433,0.00186675,-0.0013759923,4.4191616e-05,4.328734e-05,0.034109768,1,0.0021572863,0.0072340015,0.15592092,0.1111157,0.11128966,0.089234605,0.70186824,-0.0010815591,0.0009927469,0.7123053,0,6,1785207421616793,1785207421616793,-0.005578516,-0.016584808,0.094865344,1,0.015476348,0.015272794,0.006478817
1785207421630306228,0.0046309177,0.0002688528,-0.0008433613,4.423419e-05,4.3329615e-05,0.03411012,1,0.0021361436,0.007186811,0.15599705,0.11152385,0.111699,0.089513175,0.70187277,-0.0010713824,0.0010045572,0.71230084,0,6,1785207421624793,1785207421624793,-0.0054297782,-0.016725069,0.094915465,1,0.015547549,0.015341732,0.0064919735
1785207421642344049,0.0006358069,0.001067583,-0.0005786782,4.431731e-05,4.3410328e-05,0.034107506,1,0.0020984372,0.0070894104,0.15620711,0.11234005,0.11252228,0.09007316,0.70187247,-0.0010700941,0.0010110901,0.7123012,0,6,1785207421640793,1785207421640793,-0.005642312,-0.016699377,0.09489091,1,0.015679276,0.015475296,0.0065183123
1785207421650361859,0.00196739,0.0021328472,-0.004307104,4.436111e-05,4.3453456e-05,0.03410786,1,0.0020778265,0.00703637,0.1563421,0.112755485,0.112938926,0.09035457,0.70188284,-0.0010700593,0.0010186617,0.71229094,0,6,1785207421648793,1785207421648793,-0.0058389027,-0.016814703,0.095156774,1,0.015750734,0.015544695,0.0065314956
1785207421662365556,0.0011684342,0.001067583,0.0012855326,4.4404147e-05,4.3495933e-05,0.034108218,1,0.0020556608,0.0069804518,0.15649652,0.113173425,0.11335805,0.09063693,0.7018845,-0.0010711541,0.0010281178,0.71228933,0,6,1785207421656793,1785207421656793,-0.0059560034,-0.016894143,0.095178165,1,0.01582292,0.015614677,0.0065446864
1785207421670384869,0.000635809,-0.0013292613,0.0015518483,4.4448385e-05,4.3537515e-05,0.034108568,1,0.002032874,0.006922437,0.156669,0.11359388,0.11377967,0.09092025,0.7018789,-0.0010653859,0.0010278394,0.7122948,0,6,1785207421664793,1785207421664793,-0.0059751878,-0.016862899,0.0952995,1,0.015895145,0.01568466,0.0065578856
1785207421682423281,0.0019673887,2.3217872e-06,-0.001643946,4.4531556e-05,4.362143e-05,0.034109272,1,0.0019852982,0.006799149,0.15703583,0.114442386,0.11463044,0.09081754,0.70188624,-0.001052376,0.0010287629,0.71228755,0,6,1785207421680793,1785207421680793,-0.0060684327,-0.01712883,0.09553067,1,0.016040266,0.0158254,0.006558691
1785207421690462812,-0.00096209405,0.002132851,0.0007528995,4.4574183e-05,4.366126e-05,0.034109637,1,0.0019614475,0.0067324317,0.15722966,0.11487047,0.11505961,0.09110163,0.7018874,-0.0010586914,0.0010306583,0.71228635,0,6,1785207421688793,1785207421688793,-0.006104825,-0.017379094,0.09557324,1,0.016113518,0.015896332,0.006571893
1785207421702443785,0.0014350117,0.0013338621,-0.0029758415,4.461775e-05,4.370378e-05,0.034106668,1,0.0019351451,0.006662218,0.15743989,0.11529251,0.11548816,0.091386676,0.70189166,-0.001060539,0.0010378733,0.7122822,0,6,1785207421696793,1785207421696793,-0.0061937408,-0.017493814,0.09548078,1,0.016175225,0.015962392,0.0065851035
1785207421710434023,0.00090236927,-0.0031935112,-0.00590532,4.4658624e-05,4.374694e-05,0.03410701,1,0.0019077865,0.006589666,0.15766668,0.11572559,0.11592237,0.09167268,0.7019103,-0.0010514131,0.0010342445,0.71226376,0,6,1785207421704793,1785207421704793,-0.006340918,-0.017614048,0.09565583,1,0.016248701,0.016033655,0.0065983245
1785207421722481462,0.0006360594,0.00426334,-0.00057899725,4.4746015e-05,4.3830136e-05,0.034107722,1,0.0018502538,0.006434685,0.15817468,0.116599545,0.11679852,0.092247576,0.701921,-0.0010562292,0.0010416028,0.7122533,0,6,1785207421720793,1785207421720793,-0.006543855,-0.017965104,0.09628153,1,0.016396422,0.01617685,0.006624792
1785207421730516384,-0.0022934184,0.00053491537,0.0015515293,4.4788165e-05,4.3870612e-05,0.034108076,1,0.0018205212,0.006353302,0.15843979,0.11704045,0.11724048,0.09184884,0.7019187,-0.0010629492,0.0010424652,0.7122555,0,6,1785207421728793,1785207421728793,-0.006535873,-0.017940216,0.0963644,1,0.016470782,0.016248977,0.00661176
1785207421742566739,-0.0014944677,-0.004791407,0.00021995796,4.483101e-05,4.3912773e-05,0.034108434,1,0.001790124,0.0062706433,0.15872063,0.11748399,0.11768506,0.09213655,0.701918,-0.0010586232,0.0010249704,0.7122563,0,6,1785207421736793,1785207421736793,-0.0067323,-0.017922904,0.09638398,1,0.016545547,0.016321452,0.0066249925
1785207421750584378,-0.0025597373,-0.0010629818,0.0020841598,4.4871525e-05,4.3956632e-05,0.034108784,1,0.0017579785,0.00618604,0.1590163,0.11793018,0.118132256,0.09242522,0.7019138,-0.0010584741,0.0010116122,0.7122604,0,6,1785207421744793,1785207421744793,-0.006955808,-0.017943371,0.0964121,1,0.01662059,0.016394174,0.006638232
1785207421762572255,-0.0009618364,0.00026859855,-0.0016442626,4.495777e-05,4.4044737e-05,0.034109484,1,0.0016890365,0.006015037,0.15965271,0.118830584,0.119034596,0.09300547,0.7019182,-0.0010663084,0.0010093569,0.7122561,0,6,1785207421760793,1785207421760793,-0.007101041,-0.01755688,0.09676492,1,0.016771136,0.016539799,0.00666474
1785207421770598341,-0.0028268956,0.004529184,-0.002979279,4.500353e-05,4.4086297e-05,0.034106534,1,0.0016610164,0.0059317267,0.15999468,0.119274646,0.11948598,0.09329705,0.7019268,-0.001084023,0.0010121029,0.71224755,0,6,1785207421768793,1785207421768793,-0.0071463096,-0.017661441,0.09703346,1,0.016834373,0.016607735,0.006678005
1785207421782601957,0.00063521083,0.002132338,-0.0013813777,4.5047407e-05,4.412503e-05,0.034106895,1,0.0016315164,0.0058466927,0.16035163,0.119731404,0.11994375,0.093589604,0.70193297,-0.0010931105,0.0010190762,0.7122415,0,6,1785207421776793,1785207421776793,-0.0073840213,-0.017690916,0.097194865,1,0.016910417,0.016681321,0.0066912808
1785207421790575764,-0.0006963706,0.0018660249,0.00048283004,4.5091463e-05,4.416609e-05,0.03410725,1,0.0016000898,0.0057585877,0.16067895,0.12019089,0.12040421,0.093175426,0.7019346,-0.0010976644,0.0010238495,0.71223986,0,6,1785207421784793,1785207421784793,-0.007513301,-0.017974464,0.09746645,1,0.01698673,0.01675544,0.0066774404
1785207421802632130,-0.0001637371,0.003996554,-4.9799888e-05,4.5181132e-05,4.424896e-05,0.034107957,1,0.0015360657,0.005573909,0.16138293,0.121118076,0.12133328,0.093760975,0.70193845,-0.0011211555,0.0010393779,0.712236,0,6,1785207421800793,1785207421800793,-0.0076638577,-0.018060245,0.09811352,1,0.017139962,0.016904004,0.006703987
1785207421810562074,0.0006352108,0.0010670759,0.0010154638,4.5227178e-05,4.42899e-05,0.034108307,1,0.0015023731,0.0054789446,0.16175817,0.1215858,0.1218019,0.09405521,0.7019381,-0.0011250074,0.0010479864,0.71223634,0,6,1785207421808793,1785207421808793,-0.007671309,-0.018197827,0.09836545,1,0.017217133,0.016978815,0.0067172735
1785207421822600987,0.003298374,-0.0007971362,0.00021651939,4.5269495e-05,4.4331377e-05,0.034108657,1,0.0014678222,0.005382156,0.16214891,0.122056305,0.12227327,0.094350435,0.7019377,-0.0011179219,0.001053305,0.7122367,0,6,1785207421816793,1785207421816793,-0.00788894,-0.018133119,0.09879214,1,0.017294426,0.017053753,0.006730569
1785207421830606223,0.00090152945,-0.001329768,-0.00031612068,4.5311615e-05,4.4373563e-05,0.034109022,1,0.0014311002,0.0052838717,0.16255488,0.1225296,0.12274741,0.09464663,0.70193845,-0.0011074163,0.0010530172,0.712236,0,6,1785207421824793,1785207421824793,-0.008105667,-0.018255625,0.099030815,1,0.017372038,0.017129013,0.0067438725
1785207421842631380,0.0011688841,0.0010672673,0.0015493936,4.5399738e-05,4.445679e-05,0.03410643,1,0.0013366324,0.005076196,0.16333064,0.123472735,0.12369958,0.09451597,0.70193857,-0.0011105813,0.0010591121,0.71223587,0,6,1785207421840793,1785207421840793,-0.008342119,-0.018543418,0.09936309,1,0.017514914,0.01727437,0.00674268
1785207421850648629,0.0027667854,-0.0029274742,0.0015493934,4.5445624e-05,4.4498305e-05,0.034106787,1,0.0012882762,0.004968986,0.16373989,0.123954296,0.124182016,0.09481285,0.70193344,-0.0010967054,0.0010592993,0.71224093,0,6,1785207421848793,1785207421848793,-0.008397913,-0.018630136,0.09943045,1,0.017593546,0.017350577,0.0067559863
1785207421862595418,-0.0009616442,2.0028092e-06,0.00021780765,4.548682e-05,4.4539745e-05,0.034107145,1,0.0012398079,0.0048601916,0.16416217,0.12443871,0.124667265,0.09511071,0.70193356,-0.0010944963,0.0010560231,0.7122408,0,6,1785207421856793,1785207421856793,-0.00837535,-0.018542765,0.09961023,1,0.017672211,0.017426832,0.006769301
1785207421870628997,-0.00042901037,0.0010672663,0.00021781243,4.5528974e-05,4.458195e-05,0.034107503,1,0.0011910214,0.004751956,0.16459826,0.12492599,0.12515534,0.09540956,0.70193255,-0.0010991005,0.0010564841,0.7122418,0,6,1785207421864793,1785207421864793,-0.008484087,-0.01828583,0.09989278,1,0.017751094,0.01750321,0.0067826235
1785207421882602727,-0.0014942765,-0.00053063035,-0.0011137644,4.5623186e-05,4.466742e-05,0.03410821,1,0.0010888075,0.0045283553,0.16551004,0.1259092,0.12614007,0.09601023,0.70194334,-0.0011075439,0.001049914,0.71223116,0,6,1785207421880793,1785207421880793,-0.008912667,-0.018966291,0.1003353,1,0.017909728,0.017656926,0.0068092956
1785207421890640846,-0.00016269379,0.0010672668,-0.0011137704,4.566234e-05,4.4711807e-05,0.034108568,1,0.0010356357,0.0044114115,0.16598509,0.12640515,0.12663674,0.09631205,0.70194644,-0.0011068945,0.0010489543,0.7122281,0,6,1785207421888793,1785207421888793,-0.008957257,-0.019060934,0.10044949,1,0.017989608,0.017734451,0.006822644
1785207421902601511,0.0009025649,-0.0013295761,0.0010167598,4.5703382e-05,4.4756278e-05,0.03410892,1,0.000982457,0.0042927545,0.16643576,0.12690403,0.1271363,0.09586554,0.7019473,-0.0011059083,0.0010529138,0.71222734,0,6,1785207421896793,1785207421896793,-0.008954265,-0.01916573,0.10062128,1,0.018069794,0.017812261,0.006807139
1785207421910610364,-0.002559667,-0.0021286998,-0.001913971,4.5748595e-05,4.479941e-05,0.034105986,1,0.0009294154,0.0041733254,0.1668989,0.1273922,0.12763366,0.096167,0.7019507,-0.0011021628,0.0010384513,0.71222395,0,6,1785207421904793,1785207421904793,-0.009178641,-0.019319138,0.10075258,1,0.018135684,0.017883992,0.0068204817
1785207421922594042,0.0011670315,-0.00080215,0.0007514356,4.3296288e-05,4.2451655e-05,0.034104813,1,0.0008602375,0.0040959707,0.16712937,0.10638337,0.10653908,0.086798325,0.70195353,-0.001100556,0.0010400442,0.71222115,0,6,1785207421920793,1785207421920793,-0.009436217,-0.01982354,0.100519106,1,0.014579935,0.01439775,0.0063147596
1785207421930640897,0.0032975613,0.0031925912,0.005012493,4.3341388e-05,4.2492175e-05,0.034105167,1,0.0008436733,0.004135412,0.16691303,0.10676255,0.1069196,0.087067276,0.70194155,-0.0010981301,0.0010554913,0.71223295,0,6,1785207421928793,1785207421928793,-0.009521478,-0.0198235,0.10045781,1,0.014647283,0.014463249,0.006327696
1785207421942618905,0.0006344057,0.0015946946,0.00021880135,4.338507e-05,4.253244e-05,0.034105532,1,0.0008253516,0.004169068,0.16672581,0.107144035,0.107302405,0.08733714,0.701939,-0.0010998043,0.0010622453,0.71223545,0,6,1785207421936793,1785207421936793,-0.009577358,-0.019994825,0.10046198,1,0.014714928,0.014528843,0.00634064
1785207421950603923,-0.00016454677,-0.0024000467,0.0010177507,4.343092e-05,4.2573076e-05,0.03410589,1,0.00080543867,0.0041964888,0.16656685,0.10752783,0.1076875,0.08760793,0.7019387,-0.0010968968,0.0010592502,0.71223575,0,6,1785207421944793,1785207421944793,-0.00974031,-0.020113382,0.10044453,1,0.014782662,0.014594486,0.0063535934
1785207421962583905,0.001167034,-0.00053583225,0.001017749,4.3521522e-05,4.2653963e-05,0.034106582,1,0.00075872726,0.004238856,0.16622272,0.10830239,0.108464606,0.08752995,0.7019327,-0.0010794131,0.0010530159,0.71224165,0,6,1785207421960793,1785207421960793,-0.010072662,-0.019831505,0.100780986,1,0.014919009,0.014726905,0.006356251
1785207421970598890,-0.00043086137,-0.00026951684,0.00075143186,4.3562883e-05,4.2692507e-05,0.034106936,1,0.0007326099,0.0042535146,0.16609518,0.10869319,0.10885664,0.08780158,0.7019309,-0.001078411,0.0010511775,0.7122435,0,6,1785207421968793,1785207421968793,-0.009994956,-0.019946655,0.10096528,1,0.014987373,0.014793401,0.00636921
1785207421982599330,0.00010211696,0.0007957681,-0.0005800341,4.3601965e-05,4.2731514e-05,0.034104057,1,0.0007036767,0.0042632604,0.16599469,0.10907994,0.10924876,0.08807414,0.70193315,-0.0010800756,0.0010519611,0.7122413,0,6,1785207421976793,1785207421976793,-0.010120031,-0.01985307,0.10091148,1,0.015045971,0.014855781,0.006382177
1785207421990611689,0.00010211568,0.0007957681,-4.740284e-05,4.364405e-05,4.277218e-05,0.034104414,1,0.0006725202,0.0042692707,0.16591962,0.109475344,0.10964543,0.08834763,0.7019349,-0.001080237,0.0010527679,0.71223956,0,6,1785207421984793,1785207421984793,-0.010268197,-0.019863363,0.10082148,1,0.0151152415,0.014923031,0.006395153
1785207422002595809,0.00010211649,-3.1795353e-06,-0.0019116154,4.372638e-05,4.2850603e-05,0.034105115,1,0.00060342136,0.0042685103,0.16584906,0.11027332,0.11044589,0.08889738,0.7019395,-0.0010896024,0.0010528371,0.712235,0,6,1785207422000793,1785207422000793,-0.010573496,-0.01993005,0.10135969,1,0.015254211,0.015057882,0.006421129
1785207422010571639,-0.0041589392,0.00026313635,-0.0027105669,4.3767064e-05,4.2891377e-05,0.034105472,1,0.00056638167,0.004261154,0.16585232,0.11067591,0.1108497,0.08917365,0.7019473,-0.0010987256,0.0010400394,0.71222734,0,6,1785207422008793,1785207422008793,-0.010744123,-0.019977372,0.10141289,1,0.015323992,0.01512564,0.006434131
1785207422022572049,0.0003684301,-3.1776726e-06,0.0010178651,4.3810116e-05,4.293265e-05,0.034105815,1,0.00052657665,0.004249919,0.1658577,0.11108093,0.111255914,0.08880817,0.70194703,-0.0011007646,0.0010382363,0.7122276,0,6,1785207422016793,1785207422016793,-0.011058296,-0.019995542,0.10152506,1,0.015393858,0.0151936365,0.0064229392
1785207422030559752,-0.00043051725,0.004524195,0.0012841768,4.38526e-05,4.2973435e-05,0.034106165,1,0.0004838924,0.004234493,0.16588727,0.11148839,0.11166454,0.08908432,0.7019449,-0.0011107929,0.0010473091,0.71222967,0,6,1785207422024793,1785207422024793,-0.011195582,-0.020034138,0.10160475,1,0.015464428,0.015262064,0.0064359354
1785207422042631887,0.0003684322,0.0005294536,-0.00058003276,4.3936318e-05,4.305704e-05,0.03410688,1,0.00039650337,0.00419038,0.16601592,0.11231067,0.11248909,0.08963942,0.7019474,-0.0011243378,0.0010478118,0.7122272,0,6,1785207422040793,1785207422040793,-0.011184431,-0.020275382,0.10195857,1,0.015606153,0.015399465,0.0064619537
1785207422050639367,-0.0014960102,0.0007957602,0.00075149315,4.3978678e-05,4.3097127e-05,0.03410402,1,0.0003532329,0.0041621993,0.16611543,0.11271785,0.11290229,0.089918375,0.70194703,-0.0011294136,0.001047523,0.71222746,0,6,1785207422048793,1785207422048793,-0.0111897625,-0.020349609,0.10216973,1,0.015666308,0.015463636,0.006474976
1785207422062574143,-0.0012296925,-3.1879172e-06,0.00048517913,4.4016786e-05,4.3139593e-05,0.034104377,1,0.00030837228,0.0041291513,0.1662363,0.11313505,0.11332065,0.09019827,0.70194584,-0.0011333319,0.0010431063,0.71222866,0,6,1785207422056793,1785207422056793,-0.011412828,-0.020573607,0.102123104,1,0.015737776,0.015533048,0.0064880056
1785207422070572716,-0.0012296913,-0.00080213696,-0.00031376973,4.4059874e-05,4.3180702e-05,0.034104727,1,0.0002610053,0.0040917173,0.16637659,0.113554746,0.11374149,0.09047911,0.70194614,-0.0011346049,0.001036829,0.71222836,0,6,1785207422064793,1785207422064793,-0.011566243,-0.020626266,0.101922974,1,0.01580968,0.015602688,0.0065010437
1785207422082625124,-0.00043074356,0.0007957597,-0.0003137708,4.414622e-05,4.3258995e-05,0.03410542,1,0.00016553751,0.004007153,0.1666941,0.11440171,0.11459065,0.090379976,0.70195055,-0.0011333921,0.001023558,0.71222407,0,6,1785207422080793,1785207422080793,-0.011526949,-0.020761374,0.10197892,1,0.015954211,0.015742907,0.006502121
1785207422090598490,-0.00069706084,0.0026599737,-0.00084640307,4.419056e-05,4.329912e-05,0.034105778,1,0.00011590734,0.0039580944,0.1668824,0.11482901,0.11501901,0.09066159,0.7019534,-0.0011411574,0.0010266873,0.7122212,0,6,1785207422088793,1785207422088793,-0.011548059,-0.020993035,0.10212705,1,0.016026778,0.0158132,0.006515164
1785207422102601094,-0.0022949588,-0.00026950333,0.00075149536,4.42318e-05,4.3340056e-05,0.034106135,1,6.6310546e-05,0.0039054619,0.16709009,0.115258865,0.115449905,0.09094415,0.70195323,-0.0011485021,0.0010227,0.7122214,0,6,1785207422096793,1785207422096793,-0.011477071,-0.020934163,0.102187924,1,0.016099608,0.015883842,0.006528215
1785207422110607622,0.001167154,-0.0005358206,-0.0011127155,4.427056e-05,4.3380373e-05,0.0341065,1,1.4851394e-05,0.0038495148,0.16731627,0.11569128,0.11588334,0.09122766,0.7019553,-0.0011449544,0.0010207023,0.71221936,0,6,1785207422104793,1785207422104793,-0.011786687,-0.021054298,0.102292016,1,0.016172377,0.0159546,0.0065412754
1785207422122637698,-0.0033613527,-0.0010674861,0.00022639755,4.43528e-05,4.3462183e-05,0.03410401,1,-8.0607846e-05,0.0037150185,0.16779765,0.116554804,0.11675461,0.091120794,0.7019484,-0.001155865,0.0010023672,0.7122262,0,6,1785207422120793,1785207422120793,-0.0124819605,-0.021263195,0.10248861,1,0.016306985,0.01609145,0.006541769
1785207422130599532,0.001166021,-0.0021327497,-0.0011051819,4.4396e-05,4.350334e-05,0.03410437,1,-0.00013384697,0.003641519,0.16805166,0.11699485,0.11719569,0.09140505,0.70194894,-0.0011493339,0.0009982196,0.7122257,0,6,1785207422128793,1785207422128793,-0.012731362,-0.0214984,0.10261496,1,0.016380707,0.016163088,0.006554833
1785207422142605563,0.0011660232,0.0010630442,-0.0045672953,4.4438908e-05,4.354429e-05,0.03410472,1,-0.00018877914,0.0035644327,0.16832449,0.11743752,0.11763936,0.09169026,0.7019589,-0.0011466489,0.0010015912,0.71221584,0,6,1785207422136793,1785207422136793,-0.012837059,-0.021502089,0.10290278,1,0.016454805,0.01623504,0.0065679057
1785207422150599527,0.0008997004,0.0026609416,0.0010253437,4.4483473e-05,4.3586904e-05,0.034105062,1,-0.00024603703,0.003484687,0.16861509,0.117882825,0.11808565,0.09197642,0.7019578,-0.0011488865,0.0010091172,0.7122169,0,6,1785207422144793,1785207422144793,-0.013076725,-0.021601591,0.10295063,1,0.016528793,0.016306981,0.0065809856
1785207422162553900,0.0011660134,-0.0008011679,0.0007590305,4.4568595e-05,4.3672382e-05,0.03410577,1,-0.00036786438,0.003314472,0.16924505,0.1187814,0.118986115,0.09255162,0.7019624,-0.001152951,0.0010133256,0.7122123,0,6,1785207422160793,1785207422160793,-0.013349195,-0.021670252,0.10307185,1,0.01667802,0.016451728,0.0066071707
1785207422170581468,0.00063338946,-0.00053485297,0.00022639373,4.4611483e-05,4.371419e-05,0.034106128,1,-0.0004306053,0.0032260567,0.1695851,0.1192347,0.11944032,0.092840664,0.7019583,-0.0011468738,0.0010127175,0.7122165,0,6,1785207422168793,1785207422168793,-0.013443808,-0.02171842,0.10345649,1,0.01675304,0.016524674,0.006620276
1785207422182564665,-0.0009645099,0.00026409654,-0.00030623702,4.4658565e-05,4.3755594e-05,0.03410647,1,-0.0004944122,0.0031345114,0.16994235,0.119690694,0.11989719,0.09313066,0.70195746,-0.00115022,0.0010109337,0.71221733,0,6,1785207422176793,1785207422176793,-0.013408257,-0.02184333,0.103591144,1,0.01682838,0.016597783,0.0066333893
1785207422190598545,0.0006336164,-0.0010675522,-0.0021709849,4.470399e-05,4.3798533e-05,0.03410364,1,-0.000560771,0.0030403805,0.17028983,0.12013889,0.12035289,0.09272083,0.7019608,-0.0011471838,0.0010095943,0.712214,0,6,1785207422184793,1785207422184793,-0.013539104,-0.021898547,0.10391552,1,0.016891439,0.016665494,0.006619857
1785207422202619915,-0.00016533758,-0.0021328148,0.0012911262,4.4791337e-05,4.388236e-05,0.034104347,1,-0.000698966,0.0028406843,0.17103447,0.121064104,0.121279925,0.09330129,0.70196384,-0.0011403359,0.0010002342,0.71221095,0,6,1785207422200793,1785207422200793,-0.013758328,-0.022403706,0.10413999,1,0.017043084,0.016812472,0.006646083
1785207422210581969,-0.00069796655,-0.0042633438,0.001024805,4.4834203e-05,4.3925073e-05,0.034104697,1,-0.0007704605,0.0027356495,0.17142895,0.12153082,0.121747516,0.09359296,0.7019601,-0.0011308519,0.0009896219,0.71221477,0,6,1785207422208793,1785207422208793,-0.0140208015,-0.022384632,0.10430663,1,0.017119696,0.016886782,0.006659207
1785207422222601675,-0.00043164962,-0.000801235,0.001291125,4.487611e-05,4.3967677e-05,0.03410504,1,-0.0008444808,0.002628309,0.17183912,0.12200031,0.12221785,0.0938856,0.70195395,-0.0011274014,0.000978997,0.7122208,0,6,1785207422216793,1785207422216793,-0.014190958,-0.022434574,0.104634725,1,0.01719662,0.016961448,0.00667234
1785207422230573438,0.0022315115,0.00026402902,0.0018237553,4.4916073e-05,4.4010554e-05,0.034105398,1,-0.0009200967,0.0025190052,0.1722664,0.12247257,0.12269092,0.09417921,0.70194817,-0.0011237251,0.0009876088,0.71222645,0,6,1785207422224793,1785207422224793,-0.014291939,-0.022402728,0.10523385,1,0.017273555,0.017035913,0.0066854823
1785207422242620767,-0.00043164927,0.0010629776,-0.00083940366,4.5004672e-05,4.4094748e-05,0.034106083,1,-0.0010701411,0.0022920265,0.17314087,0.123425476,0.12364538,0.09404827,0.701939,-0.0011354875,0.0009870697,0.71223557,0,6,1785207422240793,1785207422240793,-0.014014422,-0.02273534,0.10592902,1,0.017428467,0.017185915,0.0066842902
1785207422250624439,0.00036729715,0.00026403042,-4.0456805e-05,4.5048604e-05,4.4138153e-05,0.034106433,1,-0.0011463627,0.0021732468,0.17358597,0.12390616,0.12412679,0.09434255,0.70193845,-0.0011359365,0.0009878151,0.71223605,0,6,1785207422248793,1785207422248793,-0.014227333,-0.022926569,0.10600521,1,0.017506195,0.01726123,0.0066974354
1785207422262582650,0.0038297826,-0.00026895804,-0.0019073857,4.5090415e-05,4.4179407e-05,0.03410363,1,-0.0012276332,0.002053338,0.17404488,0.12437739,0.12460647,0.094637804,0.7019391,-0.0011243948,0.000995451,0.71223545,0,6,1785207422256793,1785207422256793,-0.0143583035,-0.023190092,0.10628567,1,0.017570755,0.017331181,0.006710587
1785207422270574741,0.0019655656,0.002926835,-0.0027063363,4.5133853e-05,4.422205e-05,0.034103986,1,-0.0013101036,0.0019315244,0.17451952,0.12486355,0.12509342,0.09493403,0.70194584,-0.0011257173,0.0010090359,0.7122288,0,6,1785207422264793,1785207422264793,-0.014437298,-0.022884596,0.10677795,1,0.017648881,0.01740715,0.006723747
1785207422282661273,0.00090029894,0.0013289382,0.003152619,4.5215995e-05,4.4308876e-05,0.034104694,1,-0.0014746443,0.0016849246,0.17551161,0.12584448,0.12607582,0.09552942,0.7019381,-0.0011327969,0.0010249781,0.7122364,0,6,1785207422280793,1785207422280793,-0.014179941,-0.02303405,0.107035644,1,0.017806487,0.017560259,0.0067500905
1785207422290606425,0.0016992491,0.0013289382,0.003418935,4.5259512e-05,4.4349497e-05,0.034105036,1,-0.0015575048,0.0015585214,0.17602625,0.12633927,0.1265713,0.09582859,0.7019267,-0.0011318167,0.0010326513,0.7122476,0,6,1785207422288793,1785207422288793,-0.014370515,-0.022828782,0.10716274,1,0.017885352,0.017636808,0.0067632757
1785207422302614570,0.000633991,-0.0018668561,-0.0013747565,4.5304983e-05,4.439038e-05,0.0341054,1,-0.0016414892,0.0014310007,0.17655307,0.12683697,0.12706965,0.09612875,0.70192516,-0.0011258998,0.0010317038,0.7122491,0,6,1785207422296793,1785207422296793,-0.01435159,-0.022937154,0.10730291,1,0.017964806,0.01771398,0.006776469
1785207422310615558,0.0016992441,0.0010626218,0.0015547216,4.5350906e-05,4.443249e-05,0.03410576,1,-0.0017252913,0.0013016833,0.17706336,0.1273376,0.1275709,0.09568341,0.7019237,-0.0011238122,0.0010382817,0.7122506,0,6,1785207422304793,1785207422304793,-0.014261464,-0.022748467,0.107453406,1,0.01804462,0.017791452,0.006761128
1785207422322663688,0.0016956958,-0.003737098,-0.0016384154,4.294074e-05,4.214132e-05,0.034103073,1,-0.0017907685,0.0012547098,0.17729013,0.10636163,0.10651499,0.086415306,0.70192355,-0.0011025314,0.0010263842,0.71225077,0,6,1785207422320793,1785207422320793,-0.014721739,-0.022756578,0.10753412,1,0.014517546,0.014334448,0.0062640244
1785207422330695514,0.00036373682,-0.0032043601,-0.0029691027,4.2981686e-05,4.2181986e-05,0.034100343,1,-0.0017740245,0.0013310445,0.177028,0.10673472,0.106893025,0.08668207,0.7019288,-0.0010922072,0.0010169249,0.71224564,0,6,1785207422328793,1785207422328793,-0.0148455445,-0.02261447,0.10739982,1,0.014574825,0.014395083,0.006276814
1785207422342710521,0.00036373304,0.0010567014,-0.0029691057,4.3021733e-05,4.222124e-05,0.034100696,1,-0.0017605163,0.0014024465,0.17679623,0.10711565,0.10727524,0.086949736,0.70193803,-0.0010868672,0.0010176076,0.7122365,0,6,1785207422336793,1785207422336793,-0.014830723,-0.022315199,0.10716811,1,0.014641724,0.014460129,0.0062896106
1785207422350782273,0.001428993,-0.0008075116,0.0018245935,4.3061853e-05,4.226052e-05,0.034101047,1,-0.001749669,0.0014691814,0.1765947,0.10749888,0.107659735,0.087218314,0.7019355,-0.0010886699,0.0010178959,0.71223897,0,6,1785207422344793,1785207422344793,-0.014829657,-0.02217295,0.10717487,1,0.014709096,0.01452553,0.006302415
1785207422362714183,0.0014289938,0.00025775144,-0.0011048882,4.313721e-05,4.2340944e-05,0.03410176,1,-0.001739414,0.0015882148,0.17626695,0.108272284,0.10843561,0.08713953,0.701942,-0.001083721,0.0010287324,0.71223253,0,6,1785207422360793,1785207422360793,-0.0151730385,-0.021789754,0.10715129,1,0.0148446355,0.014657262,0.006305016
1785207422370771487,0.0006300453,0.0029209133,0.00049300573,4.317535e-05,4.2382053e-05,0.034102116,1,-0.0017396417,0.0016402847,0.17613944,0.108662486,0.10882702,0.087408945,0.7019427,-0.001085215,0.0010354655,0.71223193,0,6,1785207422368793,1785207422368793,-0.015236195,-0.021741593,0.10712595,1,0.014912554,0.01472331,0.006317827
1785207422382779021,-0.0028320602,0.0015893294,-3.9625167e-05,4.3217402e-05,4.241967e-05,0.034102473,1,-0.0017433197,0.0016870993,0.1760405,0.10905504,0.10922075,0.087679274,0.7019395,-0.0010975787,0.0010349825,0.712235,0,6,1785207422376793,1785207422376793,-0.015367784,-0.02166062,0.10722754,1,0.014980448,0.014789321,0.006330646
1785207422390781882,0.0016953107,-0.00027488172,-0.0005722528,4.3259002e-05,4.24606e-05,0.03410283,1,-0.001751541,0.0017280763,0.17596965,0.10944995,0.10961683,0.08795052,0.70194143,-0.0010967756,0.0010349771,0.7122332,0,6,1785207422384793,1785207422384793,-0.015775554,-0.021764435,0.1072889,1,0.015048891,0.0148554435,0.0063434737
1785207422402803873,0.0022287648,-0.0016065757,0.0012909434,4.3343232e-05,4.254145e-05,0.03410047,1,-0.0017880703,0.0017914196,0.17590633,0.11024011,0.11041367,0.08849577,0.70193577,-0.0010819684,0.0010324748,0.7122387,0,6,1785207422400793,1785207422400793,-0.016184345,-0.021901198,0.107159086,1,0.0151765505,0.01498479,0.006369151
1785207422410842151,0.00036455214,-0.0021392084,-0.0021711707,4.3383596e-05,4.2577904e-05,0.034100827,1,-0.0018146397,0.0018150395,0.17591333,0.11064205,0.1108168,0.08876978,0.70194036,-0.0010732339,0.0010276634,0.71223426,0,6,1785207422408793,1785207422408793,-0.016351616,-0.022011198,0.10738912,1,0.015245857,0.015052016,0.006382002
1785207422422829626,0.0016961265,-0.00400342,-0.000839585,4.3427943e-05,4.2615604e-05,0.034101177,1,-0.0018443624,0.0018323499,0.17594703,0.1110464,0.11122231,0.08904471,0.7019442,-0.0010592074,0.0010198881,0.7122305,0,6,1785207422416793,1785207422416793,-0.016525052,-0.02215076,0.10763996,1,0.015314867,0.015119268,0.0063948627
1785207422430867414,-0.00016808382,0.0005239537,0.0004919892,4.3472457e-05,4.265471e-05,0.034101535,1,-0.0018787263,0.0018442451,0.17597948,0.111453176,0.11163023,0.088679746,0.70194274,-0.0010550126,0.0010180846,0.71223193,0,6,1785207422424793,1785207422424793,-0.016971217,-0.022104932,0.1076376,1,0.015384563,0.015186804,0.006383765
1785207422442912147,-0.0022986112,-0.00080762664,-0.0024374872,4.3557815e-05,4.273271e-05,0.034102228,1,-0.001957969,0.00185543,0.17611526,0.11227406,0.112453334,0.08923027,0.70194906,-0.0010631842,0.00100985,0.71222574,0,6,1785207422440793,1785207422440793,-0.017083135,-0.022111239,0.107708775,1,0.0155249685,0.0153231565,0.0064094868
1785207422450921631,-0.001499666,-0.0002749944,-4.0639545e-05,4.3597687e-05,4.2771957e-05,0.034102578,1,-0.00200126,0.0018529248,0.17621806,0.11268819,0.11286854,0.08950693,0.7019507,-0.0010657383,0.0010019909,0.71222407,0,6,1785207422448793,1785207422448793,-0.017153552,-0.022282965,0.10774402,1,0.0155956,0.015391608,0.0064223595
1785207422462928703,-0.003363878,0.0045186956,0.00049198995,4.363998e-05,4.2810592e-05,0.034102928,1,-0.0020471339,0.0018452925,0.17634325,0.1131048,0.113286205,0.08978452,0.7019498,-0.0010841693,0.0010023133,0.712225,0,6,1785207422456793,1785207422456793,-0.017273912,-0.02227712,0.1078466,1,0.015666295,0.015460234,0.0064352416
1785207422470918410,0.00036454888,0.0013229009,-0.00083958317,4.3678952e-05,4.285047e-05,0.034103286,1,-0.0020953342,0.0018325871,0.1764913,0.1135239,0.113706335,0.09006304,0.7019515,-0.0010943371,0.0010049577,0.7122233,0,6,1785207422464793,1785207422464793,-0.017270792,-0.022512862,0.10810859,1,0.015737562,0.015529503,0.00644813
1785207422482967311,0.001163119,-0.0010742438,-0.0019071944,4.375352e-05,4.2929136e-05,0.03410096,1,-0.0021927587,0.0017933707,0.1768088,0.11436136,0.114551105,0.08996533,0.7019616,-0.0010887091,0.0010115713,0.71221334,0,6,1785207422480793,1785207422480793,-0.017465742,-0.022904407,0.108543284,1,0.015869219,0.015663609,0.006449319
1785207422490988568,0.0016957481,-0.0018731919,0.0020875477,4.379445e-05,4.2968088e-05,0.03410131,1,-0.0022459049,0.0017661395,0.17700009,0.11478786,0.114978656,0.09024462,0.7019589,-0.001078886,0.001009525,0.71221596,0,6,1785207422488793,1785207422488793,-0.01769804,-0.022908345,0.10867214,1,0.01594105,0.015733464,0.0064622136
1785207422502919196,-0.0004347784,-0.00080792885,0.0028864916,4.3836702e-05,4.300846e-05,0.03410166,1,-0.0023025007,0.001734851,0.17721179,0.1152169,0.115408726,0.09052485,0.70195204,-0.0010743268,0.0010059827,0.7122227,0,6,1785207422496793,1785207422496793,-0.0179217,-0.022952134,0.10865294,1,0.016013036,0.015803382,0.0064751157
1785207422510948737,9.785744e-05,-0.0024058241,0.0004896544,4.3878892e-05,4.3046522e-05,0.03410201,1,-0.0023626483,0.0016990857,0.17744274,0.11564851,0.11584134,0.09080602,0.70195055,-0.001072021,0.0009994456,0.7122242,0,6,1785207422504793,1785207422504793,-0.01808762,-0.023049025,0.10871543,1,0.016085291,0.01587377,0.006488025
1785207422522989063,0.0024946996,0.001322601,-0.00030929592,4.39654e-05,4.3125332e-05,0.03410272,1,-0.0024913999,0.0016115289,0.17796427,0.11651944,0.1167142,0.09137118,0.70194876,-0.0010573283,0.0009952298,0.712226,0,6,1785207422520793,1785207422520793,-0.018458182,-0.023488177,0.10908992,1,0.016230676,0.0160151,0.0065138685
1785207422530971916,0.0024947005,0.0026541827,0.0002233345,4.400987e-05,4.3167784e-05,0.034103084,1,-0.0025612705,0.0015612373,0.17824002,0.1169588,0.11715449,0.09098052,0.7019488,-0.001055932,0.0010068861,0.7122259,0,6,1785207422528793,1785207422528793,-0.018791616,-0.023295041,0.10918671,1,0.016303696,0.016086085,0.006501407
1785207422542995159,0.0011645753,0.0015887332,-0.0008435274,4.405162e-05,4.320776e-05,0.03410039,1,-0.0026457873,0.0015094578,0.17853482,0.117391355,0.117593974,0.09126336,0.7019508,-0.0010605555,0.001016277,0.71222395,0,6,1785207422536793,1785207422536793,-0.018944722,-0.023321422,0.10941788,1,0.01636527,0.016152458,0.0065143276
1785207422551013520,0.001164579,-0.0002754773,-0.0032403776,4.4092067e-05,4.3247546e-05,0.03410074,1,-0.0027331025,0.0014528548,0.17884958,0.117835775,0.11803937,0.091547154,0.701959,-0.0010515869,0.0010197768,0.7122159,0,6,1785207422544793,1785207422544793,-0.019159425,-0.023513049,0.10979271,1,0.016439058,0.01622424,0.006527256
1785207422562981448,0.0027624732,-0.0013407432,0.00048805453,4.4171382e-05,4.3326087e-05,0.034101464,1,-0.0029173107,0.0013270556,0.17953256,0.11873255,0.11893802,0.09211757,0.7019606,-0.0010365753,0.001014844,0.71221435,0,6,1785207422560793,1785207422560793,-0.019542947,-0.023584805,0.1098548,1,0.01658699,0.016367977,0.0065531386
1785207422571017813,0.00063194823,0.0026539979,-0.0035066896,4.4209075e-05,4.336544e-05,0.03410182,1,-0.0030122616,0.0012588998,0.1798994,0.119184926,0.11939129,0.0924042,0.7019688,-0.0010374252,0.0010191454,0.71220624,0,6,1785207422568793,1785207422568793,-0.019514384,-0.02359972,0.11010727,1,0.016661283,0.016440125,0.006566092
1785207422583012352,-0.00096595683,0.00078978576,0.0015533174,4.4250002e-05,4.340551e-05,0.03410217,1,-0.0031084653,0.0011886761,0.1802847,0.119639985,0.119847216,0.09269179,0.7019694,-0.0010442913,0.0010226998,0.71220565,0,6,1785207422576793,1785207422576793,-0.019581325,-0.02333156,0.11048725,1,0.016735967,0.016513044,0.006579053
1785207422591080667,0.0030287886,0.00318663,-0.0005772093,4.429326e-05,4.34471e-05,0.034102514,1,-0.003207311,0.0011177581,0.18068779,0.120097734,0.1203058,0.092980325,0.70197076,-0.0010467059,0.0010346102,0.7122043,0,6,1785207422584802,1785207422584802,-0.019855613,-0.02303133,0.1107703,1,0.01681092,0.016585823,0.006592023
1785207422603035500,-0.00016700558,-0.0021396922,0.00022173297,4.4375694e-05,4.353149e-05,0.034103222,1,-0.0034128122,0.0009709432,0.18150537,0.12102137,0.12123102,0.092859566,0.70197314,-0.0010283875,0.0010319742,0.712202,0,6,1785207422600802,1785207422600802,-0.020023031,-0.022674218,0.11111079,1,0.01696176,0.016732072,0.0065915803
1785207422611104116,-0.0025641678,-0.0013406621,-0.0011091869,4.4421446e-05,4.357529e-05,0.034100544,1,-0.0035148636,0.0008947561,0.18193921,0.12147624,0.121693686,0.093148805,0.70197636,-0.0010329315,0.0010228908,0.7121988,0,6,1785207422608802,1785207422608802,-0.019997064,-0.02258854,0.111458994,1,0.017024761,0.016800078,0.006604553
1785207422623071694,-0.00016732502,-0.0013406617,-0.0008428702,4.446639e-05,4.361716e-05,0.034100886,1,-0.003617575,0.00081525877,0.18239002,0.12194471,0.122163,0.093439,0.7019805,-0.0010299747,0.0010169103,0.71219474,0,6,1785207422616802,1785207422616802,-0.019885296,-0.02279909,0.111792326,1,0.017100658,0.016873553,0.0066175335
1785207422631078433,-0.0028304863,-0.0029385593,-4.392541e-05,4.4509863e-05,4.3656455e-05,0.034101237,1,-0.0037207564,0.00073088036,0.18285754,0.12241594,0.122635044,0.09373015,0.70198196,-0.0010280767,0.0010007946,0.7121933,0,6,1785207422624802,1785207422624802,-0.019848756,-0.023063025,0.11218659,1,0.017176764,0.01694733,0.006630522
1785207422643095374,0.00063162274,0.0002572355,0.0012876589,4.4591285e-05,4.3735705e-05,0.034101944,1,-0.0039342013,0.0005504481,0.18383901,0.123366736,0.123587385,0.09431535,0.70198643,-0.0010309246,0.0009991338,0.71218896,0,6,1785207422640802,1785207422640802,-0.020489207,-0.02322236,0.11259571,1,0.017330036,0.017096227,0.006656524
1785207422651151065,0.0014305719,0.00078986725,0.0002223917,4.463202e-05,4.3776377e-05,0.034102295,1,-0.0040470865,0.00045467177,0.18432133,0.12384634,0.12406772,0.09389073,0.7019867,-0.0010258037,0.00100387,0.7121887,0,6,1785207422648802,1785207422648802,-0.020785972,-0.023390127,0.11281115,1,0.017407196,0.017171266,0.0066423197
1785207422663090048,0.00063162326,0.0034530298,0.0026192383,4.4672677e-05,4.381793e-05,0.034102652,1,-0.004161913,0.0003567153,0.18481795,0.12432876,0.124550834,0.0941835,0.7019808,-0.0010350297,0.0010138205,0.7121944,0,6,1785207422656802,1785207422656802,-0.020791125,-0.023240965,0.112937756,1,0.017484592,0.01724643,0.0066553196
1785207422671130912,-0.00016732002,-0.0029385583,-0.0013755065,4.4710472e-05,4.385865e-05,0.034103017,1,-0.0042785816,0.00025598286,0.18532981,0.12481402,0.12503676,0.094477236,0.7019826,-0.0010291095,0.0010103448,0.71219265,0,6,1785207422664802,1785207422664802,-0.020969324,-0.023439713,0.113312595,1,0.017562255,0.017321741,0.006668327
1785207422683136892,0.0011642538,-0.0013406612,-0.0008428677,4.4753822e-05,4.3897926e-05,0.034103367,1,-0.004397862,0.00015041683,0.18585658,0.12530212,0.1255255,0.094771944,0.7019874,-0.0010235675,0.0010057653,0.71218795,0,6,1785207422672802,1785207422672802,-0.021183975,-0.023792585,0.11354238,1,0.017640159,0.017397374,0.006681342
1785207422691069671,0.002761222,-0.0010746457,-0.00057876727,4.479822e-05,4.3936598e-05,0.034100723,1,-0.0045115813,4.2902786e-05,0.18639784,0.12578022,0.12601238,0.09506762,0.70198953,-0.0010101806,0.001009941,0.7121859,0,6,1785207422680802,1785207422680802,-0.021384558,-0.024013141,0.11384168,1,0.01770455,0.017467592,0.006694366
1785207422703093706,0.0006306914,-0.0008083298,-4.612917e-05,4.488508e-05,4.4015567e-05,0.03410143,1,-0.004745663,-0.00018388769,0.18752553,0.12677039,0.12700392,0.095661886,0.70199376,-0.001025946,0.0010131752,0.7121817,0,6,1785207422696802,1785207422696802,-0.021522824,-0.024173912,0.11476378,1,0.017861228,0.0176198,0.006720437
1785207422711114030,-0.00016825704,-0.004803071,0.00048649884,4.4925968e-05,4.405715e-05,0.03410178,1,-0.004864763,-0.000300614,0.18811177,0.12726982,0.12750399,0.09596048,0.70199376,-0.0010147123,0.0010008528,0.7121817,0,6,1785207422704802,1785207422704802,-0.021554971,-0.024204025,0.115156814,1,0.017940268,0.01769672,0.0067334846
1785207422723108819,0.0011579228,0.0018513345,-4.462611e-05,4.2581098e-05,4.182339e-05,0.03409774,1,-0.00490393,-0.00040630143,0.18855572,0.106334575,0.106489055,0.086046726,0.701991,-0.0010029356,0.0009950484,0.7121844,0,6,1785207422720802,1785207422720802,-0.021963509,-0.024446364,0.115668684,1,0.014446215,0.014269546,0.0062162555
1785207422731148540,-0.0009726073,0.003449231,-4.4627926e-05,4.2623396e-05,4.186285e-05,0.03409809,1,-0.004828423,-0.00039805373,0.18843064,0.10671278,0.106868476,0.08631141,0.7019922,-0.0010133527,0.0010009184,0.71218324,0,6,1785207422728802,1785207422728802,-0.021889511,-0.024585718,0.11574251,1,0.014512162,0.014333781,0.006228907
1785207422743179828,-0.0012389234,0.00051975437,-0.00057725667,4.2666492e-05,4.190003e-05,0.03409844,1,-0.0047583953,-0.00039549457,0.18833785,0.10709327,0.107250154,0.08657699,0.70199484,-0.0010226002,0.0010004159,0.7121806,0,6,1785207422736802,1785207422736802,-0.021858817,-0.024542578,0.11608214,1,0.014578426,0.014398549,0.006241566
1785207422751176778,0.0019563388,-0.0021433686,-0.0021747656,4.270579e-05,4.193655e-05,0.034095865,1,-0.004691079,-0.00039749232,0.18827654,0.10747013,0.107632086,0.086843476,0.70200014,-0.0010152734,0.0009985451,0.71217537,0,6,1785207422744802,1785207422744802,-0.021982508,-0.024346637,0.116275616,1,0.014635558,0.014459354,0.0062542325
1785207422763170195,0.0022226484,-0.0024096835,0.002086292,4.278229e-05,4.2016727e-05,0.034096558,1,-0.0045783985,-0.0004159338,0.18823537,0.108242355,0.108406745,0.08676578,0.70200384,-0.0009930831,0.0009934211,0.7121718,0,6,1785207422760802,1785207422760802,-0.02222909,-0.024585428,0.116674796,1,0.014769334,0.014589398,0.006256916
1785207422771169600,9.212922e-05,0.00025347853,-0.0021747733,4.2821004e-05,4.205631e-05,0.034096915,1,-0.004530363,-0.00043416102,0.18825348,0.10863195,0.10879753,0.08703309,0.70200735,-0.0009872791,0.0009923558,0.71216834,0,6,1785207422768802,1785207422768802,-0.022252498,-0.024574094,0.11683575,1,0.014836757,0.014654636,0.006269588
1785207422783153729,9.212189e-05,0.002384007,-0.00031055528,4.2858017e-05,4.2097985e-05,0.03409726,1,-0.004487396,-0.00045723552,0.18829906,0.109023884,0.109190635,0.087301314,0.7020108,-0.0009954594,0.0009976114,0.71216494,0,6,1785207422776802,1785207422776802,-0.02218566,-0.024704244,0.11694639,1,0.014904413,0.0147201475,0.0062822676
1785207422791182740,-0.0020384062,-1.2838282e-05,-0.0003105564,4.289783e-05,4.2138177e-05,0.03409761,1,-0.0044494327,-0.00048638048,0.18837188,0.10941817,0.10958607,0.087570444,0.70201236,-0.0010020689,0.0009938596,0.7121634,0,6,1785207422784802,1785207422784802,-0.022198325,-0.024785709,0.11718795,1,0.01497242,0.0147863375,0.006294955
1785207422803184592,0.0014237047,0.00025347713,-0.0013758173,4.2979613e-05,4.2214513e-05,0.034098323,1,-0.004387442,-0.0005573139,0.18859906,0.11021384,0.11038398,0.08811143,0.70201534,-0.0010069951,0.0009842047,0.71216047,0,6,1785207422800802,1785207422800802,-0.022268694,-0.024815949,0.11779018,1,0.015109138,0.014919706,0.0063203527
1785207422811192674,-0.00017419679,-0.0045402125,0.0018199707,4.3023763e-05,4.2253676e-05,0.03409866,1,-0.0043656137,-0.0005998049,0.18875189,0.110615246,0.110786475,0.08838329,0.7020126,-0.000995091,0.0009719762,0.71216315,0,6,1785207422808802,1785207422808802,-0.022542918,-0.024810087,0.11801654,1,0.015177823,0.014986436,0.0063330648
1785207422823190719,-0.0007080373,0.00078611774,0.0010212264,4.3062246e-05,4.2292664e-05,0.03409611,1,-0.0043418896,-0.0006463641,0.18890843,0.11101198,0.1111889,0.08802469,0.70200986,-0.0009956749,0.00096758135,0.7121659,0,6,1785207422816802,1785207422816802,-0.022789426,-0.024833482,0.11826387,1,0.015236372,0.015048875,0.006322349
1785207422831192609,0.0006235448,-0.0024096738,0.0002222825,4.3100925e-05,4.233179e-05,0.03409647,1,-0.004324525,-0.0006965004,0.18909018,0.111418076,0.11159612,0.08829643,0.70200914,-0.0009917484,0.0009632254,0.7121666,0,6,1785207422824802,1785207422824802,-0.02294497,-0.024718124,0.11855964,1,0.01530567,0.015116209,0.0063350564
1785207422843231190,0.004618289,-1.28261745e-05,0.0018201817,4.3183773e-05,4.2409087e-05,0.034097183,1,-0.0043035774,-0.00081028475,0.18952501,0.11223755,0.11241778,0.08884267,0.7019955,-0.0009805914,0.00096777175,0.71218014,0,6,1785207422840802,1785207422840802,-0.022947785,-0.024928486,0.118934505,1,0.015444668,0.0152512835,0.006360496
1785207422851277374,0.0008898603,0.0023840156,-0.00057667005,4.3224678e-05,4.2449017e-05,0.034097534,1,-0.0043003326,-0.0008742197,0.18977745,0.11265096,0.11283225,0.08911716,0.7019969,-0.0009828091,0.0009784676,0.7121787,0,6,1785207422848802,1785207422848802,-0.023070803,-0.025163619,0.11921893,1,0.015514312,0.015318918,0.0063732285
1785207422863216708,0.001688807,-0.0037412564,0.0012875433,4.3260923e-05,4.2488733e-05,0.034097884,1,-0.0043012784,-0.0009431017,0.19005175,0.11306683,0.11324916,0.08939257,0.70199454,-0.00097098824,0.00097534363,0.712181,0,6,1785207422856802,1785207422856802,-0.022974515,-0.025234638,0.11928778,1,0.015584338,0.015386894,0.0063859685
1785207422871197217,-0.0020396202,0.0005198023,0.0031517532,4.3298067e-05,4.252808e-05,0.03409825,1,-0.0043057282,-0.0010158275,0.1903468,0.11348518,0.113668524,0.08966891,0.7019858,-0.00097343937,0.00096761517,0.71218973,0,6,1785207422864802,1785207422864802,-0.023005351,-0.025260115,0.11941417,1,0.015654735,0.01545535,0.0063987155
1785207422883270144,-0.0023059319,-0.0010780948,0.00022227645,4.338307e-05,4.2606855e-05,0.03409894,1,-0.0043303054,-0.0011746867,0.19098242,0.11432937,0.11451467,0.089570545,0.70198464,-0.0009772853,0.0009585695,0.7121908,0,6,1785207422880802,1785207422880802,-0.023284957,-0.025496462,0.11976521,1,0.015796391,0.015592991,0.0063998634
1785207422891239883,-0.0015075675,-0.0016106837,-0.0016415215,4.342542e-05,4.2648004e-05,0.034096375,1,-0.0043441304,-0.0012602578,0.19132386,0.114746824,0.11493853,0.08984764,0.701989,-0.0009804635,0.000945602,0.7121865,0,6,1785207422888802,1785207422888802,-0.023283966,-0.025645085,0.1200805,1,0.015856203,0.015657032,0.006412616
1785207422903262785,0.0011555941,-1.2786128e-05,-4.3628588e-05,4.3464708e-05,4.2686308e-05,0.034096725,1,-0.004362078,-0.0013503181,0.19168702,0.11517506,0.115367785,0.090125665,0.70198816,-0.0009761824,0.0009447865,0.71218735,0,6,1785207422896802,1785207422896802,-0.023290796,-0.025751082,0.120553516,1,0.01592737,0.015726443,0.0064253765
1785207422911206876,0.0030198027,0.0013187928,-0.00030994476,4.3502656e-05,4.272384e-05,0.034097083,1,-0.004383662,-0.0014445838,0.19207127,0.11560584,0.11579955,0.09040462,0.70199263,-0.00097122183,0.00095455453,0.71218294,0,6,1785207422904802,1785207422904802,-0.02333767,-0.025989344,0.12087814,1,0.015998852,0.015796285,0.006438144
1785207422923199361,-0.004170729,0.0034493215,-4.3630844e-05,4.358153e-05,4.2800613e-05,0.0340978,1,-0.004438741,-0.0016472868,0.19289723,0.116475075,0.116670705,0.09096532,0.7019791,-0.0009917291,0.0009713833,0.71219623,0,6,1785207422920802,1785207422920802,-0.023392538,-0.026117155,0.12122328,1,0.016142951,0.015936079,0.0064637032
1785207422931214255,-0.0015075689,0.0005198489,0.003152168,4.3625132e-05,4.284058e-05,0.03409814,1,-0.0044719293,-0.0017523967,0.1933371,0.116913565,0.11711012,0.091247074,0.70197135,-0.0010016792,0.0009661122,0.7122039,0,6,1785207422928802,1785207422928802,-0.023497546,-0.02600726,0.12130579,1,0.016215444,0.01600633,0.0064764945
1785207422943226847,-0.0020401971,-0.0013443679,-0.0003099455,4.3666838e-05,4.288193e-05,0.0340985,1,-0.0045097033,-0.0018603867,0.19375956,0.11735465,0.1175521,0.090856954,0.70196927,-0.0010055795,0.0009579017,0.71220595,0,6,1785207422936802,1785207422936802,-0.02366764,-0.02609075,0.121534586,1,0.01628806,0.01607682,0.006464131
1785207422951304410,-0.0009749335,-0.0016106833,-0.0029731062,4.3706328e-05,4.292429e-05,0.03409885,1,-0.004551699,-0.0019712495,0.19420113,0.11779834,0.11799666,0.0911385,0.70197624,-0.001004188,0.00094674213,0.7121991,0,6,1785207422944802,1785207422944802,-0.023725279,-0.026057545,0.121853225,1,0.016360803,0.016147371,0.0064769196
1785207422963225981,-0.0007087729,0.00078608654,0.0018200009,4.3785007e-05,4.3003398e-05,0.03409665,1,-0.0046434887,-0.0022025283,0.19513863,0.11868373,0.118890084,0.0917044,0.7019702,-0.0010094339,0.00094898505,0.712205,0,6,1785207422960802,1785207422960802,-0.023658745,-0.02617452,0.12223458,1,0.01649538,0.016284917,0.006502518
1785207422971214255,-0.0007087736,0.0029166164,0.0004884198,4.382553e-05,4.304398e-05,0.034097,1,-0.0046941624,-0.0023230352,0.1956333,0.11913516,0.11934241,0.09198876,0.70196784,-0.0010190441,0.00095481746,0.7122074,0,6,1785207422968802,1785207422968802,-0.023873344,-0.026474543,0.122551225,1,0.016568942,0.016356686,0.006515329
1785207422983265991,0.0011554402,0.0010524024,-0.0019084228,4.3865297e-05,4.3083746e-05,0.03409735,1,-0.004749894,-0.0024482056,0.19614443,0.119589254,0.11979737,0.092274055,0.70197105,-0.0010226204,0.000959968,0.7122041,0,6,1785207422976802,1785207422976802,-0.024073388,-0.02657663,0.122574046,1,0.01664265,0.01642855,0.006528148
1785207422991217225,0.0008891202,-0.00054549286,-0.00084316236,4.390575e-05,4.3123888e-05,0.03409771,1,-0.004809262,-0.0025755917,0.19667096,0.12004603,0.120254986,0.092560306,0.7019751,-0.0010175005,0.00096182653,0.7122001,0,6,1785207422984802,1785207422984802,-0.024049362,-0.026460607,0.12279132,1,0.01671697,0.016500542,0.0065409746
1785207423003228606,0.0006228071,0.000786087,-0.0024410556,4.399037e-05,4.3198786e-05,0.034098417,1,-0.004938787,-0.0028360235,0.19772044,0.12096766,0.121178225,0.092439115,0.70197976,-0.0010196071,0.0009591622,0.7121955,0,6,1785207423000802,1785207423000802,-0.024459511,-0.026319137,0.12332644,1,0.016866075,0.016645415,0.006540513
1785207423011275981,-0.00070877874,-0.0024097036,-0.00057685137,4.402908e-05,4.3237127e-05,0.03409879,1,-0.0050102854,-0.0029701653,0.19824351,0.121432535,0.12164388,0.09272605,0.701983,-0.0010129053,0.00095511356,0.71219236,0,6,1785207423008802,1785207423008802,-0.024525696,-0.026613783,0.12367871,1,0.016941188,0.016718162,0.0065533435
1785207423023268345,-0.0017740402,-0.0016107555,0.0010210534,4.4069533e-05,4.3278887e-05,0.034099147,1,-0.0050851945,-0.0031089871,0.198784,0.121900156,0.12211224,0.09301393,0.70197976,-0.0010136458,0.00094126223,0.7121956,0,6,1785207423016802,1785207423016802,-0.024665758,-0.026780058,0.123938225,1,0.017016495,0.01679129,0.006566182
1785207423031247922,0.0006223314,-0.0005459669,0.0020826194,4.411107e-05,4.331914e-05,0.03409659,1,-0.0051600244,-0.0032460764,0.19933987,0.12235915,0.12257923,0.09330276,0.7019761,-0.00101107,0.00093914545,0.71219915,0,6,1785207423024802,1785207423024802,-0.024826316,-0.026641482,0.12402782,1,0.01707956,0.016859531,0.006579027
1785207423043328834,-0.0009755589,0.002383508,-0.003776337,4.4191464e-05,4.3403605e-05,0.034097284,1,-0.0053209444,-0.0035287805,0.20049524,0.1233078,0.12352944,0.093883276,0.7019813,-0.0010273578,0.0009337099,0.712194,0,6,1785207423040802,1785207423040802,-0.025030738,-0.026984846,0.12421346,1,0.017231112,0.017006624,0.006604742
1785207423051298191,-0.00097556354,0.0015845632,0.0010173554,4.423212e-05,4.344299e-05,0.03409764,1,-0.005406259,-0.0036751898,0.20109406,0.12378631,0.12400868,0.09417497,0.70198184,-0.0010379598,0.00093498186,0.71219355,0,6,1785207423048802,1785207423048802,-0.025094405,-0.027056353,0.124375224,1,0.01730715,0.017080393,0.006617611
1785207423063276970,8.970371e-05,0.0007856139,0.0015499854,4.427458e-05,4.3480337e-05,0.034098007,1,-0.005494988,-0.003824494,0.2016673,0.12426761,0.12449069,0.09375111,0.70197666,-0.0010410171,0.0009371015,0.7121986,0,6,1785207423056802,1785207423056802,-0.025225809,-0.027168892,0.124561034,1,0.017383683,0.017154606,0.006603528
1785207423071246498,0.001953917,0.00051929895,-0.0016458074,4.4319066e-05,4.3518554e-05,0.034098357,1,-0.0055868407,-0.003976633,0.20225549,0.124751724,0.124975495,0.094042495,0.7019798,-0.0010392094,0.00094341877,0.7121955,0,6,1785207423064802,1785207423064802,-0.025197553,-0.027208993,0.12471611,1,0.017460605,0.017229192,0.0066163917
1785207423083279359,0.002220231,-0.0008122823,-0.00031422728,4.4406894e-05,4.360425e-05,0.034099065,1,-0.0057776063,-0.0042871945,0.20347601,0.12572846,0.12595353,0.09462814,0.7019847,-0.0010223082,0.0009460702,0.71219075,0,6,1785207423080802,1785207423080802,-0.025168754,-0.02722756,0.12525044,1,0.017615018,0.017379351,0.0066421446
1785207423091329239,0.00035641674,-0.0064052115,0.0004824252,4.444783e-05,4.3646487e-05,0.034096505,1,-0.005879697,-0.0044440334,0.20410806,0.12620813,0.1264421,0.0949224,0.70198375,-0.0010048863,0.00093338336,0.7121917,0,6,1785207423088802,1785207423088802,-0.025182668,-0.027427765,0.12538594,1,0.017679187,0.017449047,0.0066550323
1785207423103270096,0.0003564157,-0.0032094182,-0.00031651926,4.4487344e-05,4.3688462e-05,0.034096856,1,-0.0059850267,-0.004604366,0.20475376,0.12670344,0.12693812,0.09521763,0.701986,-0.0009927399,0.0009221891,0.71218944,0,6,1785207423096802,1785207423096802,-0.02538593,-0.02754236,0.12560533,1,0.017756838,0.017524539,0.006667928
1785207423111273668,0.0030195774,0.0005190093,0.00048243284,4.4529832e-05,4.372831e-05,0.034097213,1,-0.0060940166,-0.004767533,0.20541285,0.12720165,0.127437,0.09551383,0.70198566,-0.0009852148,0.0009268094,0.7121898,0,6,1785207423104802,1785207423104802,-0.025504673,-0.02768954,0.1257652,1,0.017834999,0.01760034,0.006680831
1785207423123270451,-0.00018256356,-0.0008250023,-0.00084360066,4.222908e-05,4.1559073e-05,0.03409198,1,-0.0060796654,-0.004661721,0.20591879,0.10630791,0.10646317,0.085695356,0.7019815,-0.0009773312,0.00094172545,0.7121939,0,6,1785207423120802,1785207423120802,-0.025616635,-0.02787221,0.12579936,1,0.014374019,0.014203376,0.0061714593
1785207423131306334,-0.0017804668,-0.0008250009,-0.00057728135,4.2270036e-05,4.159691e-05,0.034092322,1,-0.005961202,-0.0044004074,0.20578629,0.10668556,0.10684202,0.08595807,0.70198727,-0.0009791806,0.00093096,0.71218824,0,6,1785207423128802,1785207423128802,-0.025393482,-0.027788952,0.12603591,1,0.014439903,0.0142676085,0.0061839786
1785207423143318415,-0.0007152,-0.0005586869,-0.0032404403,4.230908e-05,4.1633684e-05,0.034092676,1,-0.005849138,-0.004150793,0.20568915,0.10706548,0.107223116,0.08622168,0.7019988,-0.0009810562,0.00092397333,0.712177,0,6,1785207423136802,1785207423136802,-0.025274336,-0.027694633,0.12633346,1,0.014505767,0.014331647,0.0061965063
1785207423151320194,0.0011490071,-0.0010913173,0.00075430184,4.234765e-05,4.167268e-05,0.03409304,1,-0.0057438496,-0.0039124046,0.20562507,0.10744767,0.10760647,0.08648618,0.702003,-0.00097463996,0.0009185821,0.7121728,0,6,1785207423144802,1785207423144802,-0.02520694,-0.02761734,0.12634228,1,0.014571805,0.014395977,0.0062090415
1785207423163326986,0.00035017467,-0.0008250708,-4.524806e-05,4.2426025e-05,4.174904e-05,0.03409091,1,-0.005555826,-0.0034658974,0.20559138,0.10821279,0.10837793,0.08701787,0.7020066,-0.0009649484,0.0009296832,0.7121693,0,6,1785207423160802,1785207423160802,-0.025221955,-0.027240386,0.12655991,1,0.014695281,0.01452146,0.0062341336
1785207423171285213,-0.002845618,0.0018380904,-0.0008441962,4.2463584e-05,4.1790496e-05,0.03409126,1,-0.0054731746,-0.0032571221,0.20561989,0.10860177,0.1087681,0.08728506,0.7020121,-0.00097469706,0.00092309725,0.71216375,0,6,1785207423168802,1785207423168802,-0.025337085,-0.027118128,0.12667775,1,0.014762179,0.014586574,0.006246691
1785207423183315398,8.3857565e-05,0.0005065114,0.00075370487,4.250251e-05,4.182888e-05,0.034091618,1,-0.0053983014,-0.0030580407,0.20565987,0.108993076,0.109160565,0.08693734,0.7020147,-0.0009780679,0.00092147314,0.71216124,0,6,1785207423176802,1785207423176802,-0.025392765,-0.026996637,0.12693334,1,0.01482931,0.014652091,0.006236619
1785207423191322778,-0.0025793035,0.0039686193,0.0015526486,4.2542506e-05,4.1869975e-05,0.03409196,1,-0.0053299153,-0.0028680733,0.20572995,0.10938672,0.109555356,0.08720444,0.7020142,-0.0009912419,0.00092281116,0.7121617,0,6,1785207423184802,1785207423184802,-0.025337161,-0.026818683,0.12714317,1,0.0148968315,0.014717776,0.0062491745
1785207423203331503,0.00088280754,0.0026370394,-0.00031156273,4.2625434e-05,4.1950858e-05,0.03409266,1,-0.0052107465,-0.0025154194,0.20595478,0.11018108,0.11035194,0.087741345,0.70202076,-0.0009938519,0.0009253114,0.7121552,0,6,1785207423200802,1785207423200802,-0.025118526,-0.026567586,0.12728202,1,0.01503259,0.014849738,0.0062743085
1785207423211378327,-0.00018245797,0.0018380913,-4.524466e-05,4.2666037e-05,4.1989708e-05,0.034093015,1,-0.0051582125,-0.0023507064,0.20610645,0.11058182,0.11075377,0.08801116,0.7020252,-0.0010009995,0.00092823186,0.7121509,0,6,1785207423208802,1785207423208802,-0.024911916,-0.026240231,0.1271908,1,0.015100782,0.014916089,0.006286887
1785207423223356835,-0.0009814071,0.0026370394,0.0028842315,4.2706626e-05,4.2026622e-05,0.034093387,1,-0.005112172,-0.0021937154,0.20628291,0.11098496,0.11115796,0.08828187,0.70202273,-0.0010096446,0.0009319157,0.71215326,0,6,1785207423216802,1785207423216802,-0.0252265,-0.026170956,0.12724063,1,0.015169215,0.014982492,0.006299474
1785207423231366910,-0.00018245575,0.0005065105,0.0018189679,4.2744585e-05,4.2063406e-05,0.034093745,1,-0.005074351,-0.0020452428,0.20648474,0.111390494,0.11156454,0.08855349,0.7020195,-0.001011461,0.0009296339,0.7121564,0,6,1785207423224802,1785207423224802,-0.025457805,-0.026082052,0.12734923,1,0.015237836,0.015049192,0.006312068
1785207423243407415,0.00034985575,-0.0029557887,0.0018174426,4.2819203e-05,4.213775e-05,0.03409162,1,-0.005014467,-0.0017664762,0.20694155,0.11220134,0.11238232,0.08846181,0.70201486,-0.0009958444,0.0009210903,0.71216106,0,6,1785207423240802,1785207423240802,-0.025650617,-0.025665637,0.12748891,1,0.0153654935,0.015178518,0.006313731
1785207423251434933,0.0030130143,-0.0026894715,-0.00084571465,4.2855583e-05,4.217638e-05,0.034091987,1,-0.0049934774,-0.0016376487,0.2071962,0.11261401,0.11279607,0.0887342,0.7020202,-0.0009776838,0.00091708294,0.71215576,0,6,1785207423248802,1785207423248802,-0.02571401,-0.025511334,0.12765425,1,0.015434861,0.015246097,0.00632633
1785207423263397320,-0.0007154107,-0.0002926262,-0.0019109844,4.2895095e-05,4.2212727e-05,0.034092337,1,-0.004978389,-0.0015158447,0.20747378,0.113029145,0.11321225,0.08900751,0.7020283,-0.0009742026,0.00091184425,0.71214783,0,6,1785207423256802,1785207423256802,-0.025809456,-0.025356667,0.12763844,1,0.015504552,0.0153138535,0.0063389363
1785207423271343534,-0.0020469949,0.0015715875,0.00048586368,4.293647e-05,4.2247793e-05,0.03409269,1,-0.0049690637,-0.0014005001,0.20777385,0.11344674,0.113630876,0.08928174,0.70203173,-0.0009827635,0.0009065323,0.7121445,0,6,1785207423264802,1785207423264802,-0.025882589,-0.025196264,0.1278435,1,0.015574558,0.015381697,0.00635155
1785207423283369823,0.0006161643,0.0010389532,0.0023500747,4.30155e-05,4.232698e-05,0.0340934,1,-0.0049682166,-0.001186396,0.20844351,0.114289396,0.1144755,0.08983294,0.7020369,-0.0009800162,0.0009107588,0.7121393,0,6,1785207423280802,1785207423280802,-0.026002884,-0.024582678,0.1283643,1,0.015715066,0.015518094,0.0063768015
1785207423291400256,0.002480384,-0.0021568388,-4.676434e-05,4.3055483e-05,4.2367257e-05,0.034093764,1,-0.0049743005,-0.0010875082,0.20881054,0.11471447,0.114901535,0.090109915,0.7020387,-0.0009727971,0.0009101757,0.7121376,0,6,1785207423288802,1785207423288802,-0.025911532,-0.024486125,0.12843183,1,0.015785491,0.0155863715,0.0063894386
1785207423303346112,0.00061616837,0.0023705352,-0.00057940185,4.3094427e-05,4.240563e-05,0.03409413,1,-0.0049855867,-0.0009945236,0.20919207,0.11514207,0.11533006,0.08973164,0.70204306,-0.0009716546,0.0009141474,0.71213335,0,6,1785207423296802,1785207423296802,-0.026117118,-0.024290992,0.12897173,1,0.015856437,0.015655203,0.006377764
1785207423311359553,0.00034941785,-0.00029286277,0.0018155541,4.3135857e-05,4.244079e-05,0.034091633,1,-0.004999455,-0.0009063098,0.2095962,0.11556349,0.11575807,0.09000844,0.7020442,-0.0009704966,0.00091443874,0.71213216,0,6,1785207423304802,1785207423304802,-0.026245244,-0.024404164,0.12926345,1,0.015916293,0.015719406,0.0063903984
1785207423323383577,8.3107036e-05,-0.002689708,0.00021765522,4.3217256e-05,4.2520576e-05,0.034092333,1,-0.0050433986,-0.0007532957,0.21046562,0.11643107,0.1166276,0.0905648,0.7020443,-0.00096246955,0.0009006169,0.7121321,0,6,1785207423320802,1785207423320802,-0.026566258,-0.024564888,0.12961155,1,0.016059136,0.015858462,0.0064156894
1785207423331385256,8.3105406e-05,0.0026366145,-0.00058129034,4.3258337e-05,4.25603e-05,0.034092676,1,-0.005073552,-0.0006865257,0.21092902,0.11686871,0.11706617,0.09084437,0.7020493,-0.0009666251,0.0008995994,0.7121271,0,6,1785207423328802,1785207423328802,-0.026513482,-0.024369232,0.12968141,1,0.016130805,0.015928198,0.0064283465
1785207423343425741,-0.0025800564,-0.0013581263,-0.002179188,4.3301414e-05,4.260151e-05,0.034093034,1,-0.0051077423,-0.0006252837,0.2114102,0.11730893,0.1175073,0.09112488,0.70205724,-0.0009711423,0.0008937586,0.7121193,0,6,1785207423336802,1785207423336802,-0.026526071,-0.024403885,0.12971784,1,0.016202744,0.015998067,0.0064410116
1785207423351429083,0.0006157342,-0.0018907599,-0.000847601,4.3342352e-05,4.2641463e-05,0.03409339,1,-0.0051462455,-0.0005713157,0.21190839,0.11775175,0.117951006,0.09140631,0.7020648,-0.0009654717,0.0008831742,0.71211195,0,6,1785207423344802,1785207423344802,-0.026539303,-0.024478788,0.12975372,1,0.016275104,0.016068257,0.006453684
1785207423363462345,0.0014146826,-0.0005591782,-0.0011139269,4.342661e-05,4.2718802e-05,0.034094103,1,-0.005234174,-0.00047972103,0.21294485,0.11864523,0.118846186,0.09129268,0.7020795,-0.00094455865,0.00088641484,0.7120975,0,6,1785207423360802,1785207423360802,-0.026471565,-0.024216773,0.13032234,1,0.016420651,0.016209304,0.0064537846
1785207423371395795,-0.0007158455,0.0005060872,0.0012829234,4.346955e-05,4.275876e-05,0.034094453,1,-0.005284116,-0.0004414316,0.2134849,0.11909592,0.1192977,0.09157481,0.7020802,-0.0009483905,0.0008824109,0.71209675,0,6,1785207423368802,1785207423368802,-0.026457526,-0.024111878,0.13060169,1,0.016493855,0.016280819,0.0064664604
1785207423383439085,0.002744722,-0.0026903264,-5.3503918e-05,4.3510532e-05,4.2798398e-05,0.034091953,1,-0.0053247605,-0.00040305612,0.21404108,0.119539045,0.11974823,0.09185788,0.7020812,-0.0009371962,0.00088160427,0.71209574,0,6,1785207423376802,1785207423376802,-0.026452295,-0.023923555,0.13043445,1,0.016555332,0.016347265,0.006479144
1785207423391428801,-0.0012500276,-0.0018913788,0.0012780665,4.3549917e-05,4.2836535e-05,0.034092322,1,-0.0053694793,-0.00036903855,0.21461181,0.11999488,0.12020493,0.09214188,0.7020833,-0.0009297393,0.0008740639,0.7120938,0,6,1785207423384802,1785207423384802,-0.026473038,-0.023827134,0.13059193,1,0.016628854,0.016419018,0.006491836
1785207423403463646,0.0006141905,-0.0026903283,-0.0021840327,4.3626376e-05,4.2911175e-05,0.034093026,1,-0.005470135,-0.00031573127,0.21580414,0.12091459,0.12112631,0.0927127,0.70209396,-0.0009155849,0.0008516678,0.7120833,0,6,1785207423400802,1785207423400802,-0.026489373,-0.023723619,0.13116184,1,0.016776765,0.016562881,0.006517242
1785207423411488598,-0.0009837073,-0.0008261129,-0.0024503549,4.3666223e-05,4.295057e-05,0.034093384,1,-0.0055266498,-0.0002977493,0.21642524,0.1213785,0.12159101,0.09299952,0.70210445,-0.000912341,0.0008454475,0.7120729,0,6,1785207423408802,1785207423408802,-0.026498968,-0.023793755,0.1315216,1,0.016851239,0.016635379,0.0065299566
1785207423423431439,-0.0025816048,-2.7165283e-05,-0.002982984,4.3707936e-05,4.2992488e-05,0.034093734,1,-0.005587186,-0.00028594566,0.21703373,0.12184512,0.12205841,0.09258849,0.7021156,-0.00091964484,0.0008369688,0.71206194,0,6,1785207423416802,1785207423416802,-0.02660337,-0.023982914,0.13189359,1,0.016925778,0.016707906,0.0065166103
1785207423431463816,0.0046089296,0.0015707295,-0.0008524498,4.374984e-05,4.303136e-05,0.0340941,1,-0.005652605,-0.00028111975,0.21765924,0.12231448,0.12252851,0.09287504,0.70212245,-0.0009135304,0.0008467456,0.7120552,0,6,1785207423424802,1785207423424802,-0.026796795,-0.024167102,0.13216347,1,0.017000407,0.016780775,0.0065293205
1785207423443490455,-0.0028479206,0.0007717833,-0.0021840378,4.3830696e-05,4.3107302e-05,0.034094825,1,-0.0057963626,-0.00028678417,0.21895565,0.123261444,0.12347687,0.09345096,0.70213586,-0.0009177619,0.00084306137,0.712042,0,6,1785207423440802,1785207423440802,-0.0269071,-0.023995128,0.13257265,1,0.01715094,0.016926743,0.0065547647
1785207423453015671,-0.0017826529,-2.7505681e-05,0.0018079645,4.3872413e-05,4.3145345e-05,0.03409232,1,-0.0058744485,-0.00029380788,0.21962743,0.12372716,0.123950936,0.093740344,0.70213634,-0.00092250644,0.0008375543,0.71204144,0,6,1785207423448802,1785207423448802,-0.027048774,-0.024135718,0.13305292,1,0.017213464,0.016994663,0.0065674977
1785207423464228653,-0.0028479092,-0.0008264589,-0.001121512,4.391355e-05,4.318437e-05,0.034092672,1,-0.0059563415,-0.0003067337,0.22031574,0.12420739,0.124431916,0.09403067,0.70213926,-0.00092873804,0.00082683336,0.7120386,0,6,1785207423456802,1785207423456802,-0.0270344,-0.024152238,0.13346401,1,0.017289313,0.017068427,0.0065802378
1785207423471984818,8.156174e-05,-0.0002938239,-0.0011215109,4.3954107e-05,4.3225282e-05,0.034093026,1,-0.006041129,-0.00032454164,0.221019,0.12469042,0.124915674,0.09432195,0.702147,-0.00092826027,0.00082300213,0.71203095,0,6,1785207423464802,1785207423464802,-0.026996545,-0.024209324,0.13370569,1,0.017365528,0.017142422,0.0065929852
1785207423485101225,-0.002581599,0.0015703908,-0.0003225666,4.403461e-05,4.330481e-05,0.034093726,1,-0.006218311,-0.00037698282,0.222429,0.12566495,0.12589158,0.09418421,0.70215195,-0.0009420054,0.0008120613,0.71202606,0,6,1785207423480802,1785207423480802,-0.02677515,-0.024630595,0.13426709,1,0.017518759,0.017291509,0.0065914486
1785207423493140886,0.0006141939,0.0015703917,0.0020742824,4.407583e-05,4.3346347e-05,0.034094077,1,-0.006311287,-0.00041302925,0.22313581,0.12615646,0.12638374,0.09447612,0.7021499,-0.0009472582,0.00081480265,0.712028,0,6,1785207423488802,1785207423488802,-0.026986277,-0.024853064,0.13450974,1,0.01759591,0.017366365,0.0066041993
1785207423505069870,-0.0015163322,0.00050512515,-5.6253102e-05,4.411476e-05,4.338685e-05,0.034094427,1,-0.0064088153,-0.000454636,0.22385627,0.12665085,0.12687874,0.09476898,0.7021509,-0.0009491214,0.0008149886,0.71202713,0,6,1785207423496802,1785207423496802,-0.027149197,-0.02488643,0.13464934,1,0.017673356,0.01744148,0.0066169575
1785207423513107286,-0.0031142307,0.002103021,-0.0016541438,4.415501e-05,4.342404e-05,0.034094788,1,-0.0065101897,-0.00050015387,0.22459006,0.1271481,0.12737657,0.09506279,0.7021574,-0.00096602825,0.0008090949,0.7120207,0,6,1785207423504802,1785207423504802,-0.027269633,-0.024831496,0.1348297,1,0.017750878,0.01751656,0.006629724
1785207423526964732,8.20111e-05,0.00023901882,0.001809569,4.419468e-05,4.346121e-05,0.034092277,1,-0.0066196932,-0.00055170286,0.22533625,0.12763466,0.1278724,0.09535756,0.7021574,-0.00096867763,0.00081014587,0.7120207,0,6,1785207423512802,1785207423512802,-0.02735562,-0.024872338,0.13492192,1,0.017814858,0.017586041,0.0066424976
1785207423534335089,0.0032738242,-0.0026934482,-0.0021838893,4.1919488e-05,4.129473e-05,0.034086656,1,-0.0065963077,-0.00050889887,0.22506395,0.10628087,0.106436774,0.08593492,0.7021623,-0.00095665024,0.00081021874,0.7120158,0,6,1785207423520802,1785207423520802,-0.0271573,-0.025176575,0.1349831,1,0.014306765,0.014141489,0.0061497325
1785207423546052284,0.0024748696,0.000502347,-0.00085231545,4.199398e-05,4.136772e-05,0.03408738,1,-0.006564391,-0.00044609656,0.22460926,0.107037336,0.107195646,0.085860394,0.7021729,-0.00094682915,0.0008309485,0.71200544,0,6,1785207423536802,1785207423536802,-0.02704238,-0.02534972,0.13498424,1,0.0144376755,0.014268835,0.006152697
1785207423554042862,0.001409606,0.00023603067,-0.0021838949,4.2030668e-05,4.1407027e-05,0.034087744,1,-0.0065562963,-0.0004240598,0.22442424,0.10741897,0.10757845,0.086122915,0.7021816,-0.0009422634,0.00083347125,0.71199685,0,6,1785207423544802,1785207423544802,-0.027014207,-0.025188712,0.13503209,1,0.014503275,0.014332521,0.0061651077
1785207423565946819,0.00087697076,-0.0005629184,-0.0003196792,4.210541e-05,4.1483156e-05,0.03408846,1,-0.0065565677,-0.00039529835,0.22416101,0.10818908,0.10835086,0.086650625,0.70219344,-0.0009296642,0.0008232429,0.7119851,0,6,1785207423560802,1785207423560802,-0.026983138,-0.0251671,0.13487402,1,0.014635288,0.014460869,0.00618995
1785207423573854891,0.0011432893,-0.0016281824,-5.3366035e-05,4.2144613e-05,4.1524305e-05,0.03408881,1,-0.006563943,-0.00039089358,0.22407945,0.10857759,0.108740486,0.08691581,0.7021959,-0.00092359824,0.0008229042,0.7119828,0,6,1785207423568802,1785207423568802,-0.026925582,-0.025444768,0.1345961,1,0.01470167,0.014525418,0.006202382
1785207423585884005,0.004072766,-0.0042913426,0.0002129531,4.2184452e-05,4.1558615e-05,0.034089174,1,-0.006576316,-0.00039356347,0.22402859,0.108968414,0.10913241,0.087181896,0.70219785,-0.00090473203,0.00082194177,0.7119809,0,6,1785207423576802,1785207423576802,-0.026936477,-0.025595503,0.13431688,1,0.014768383,0.014590393,0.0062148217
1785207423593777389,-0.00045462698,0.0018338112,0.00021195464,4.2223655e-05,4.159478e-05,0.03408671,1,-0.00659408,-0.00040241567,0.22399949,0.10935504,0.10952446,0.08683453,0.7021989,-0.00090132386,0.00082204153,0.71197975,0,6,1785207423584802,1785207423584802,-0.027132854,-0.025767881,0.13439377,1,0.0148256095,0.014651301,0.00620482
1785207423605710491,-0.0001883111,0.0013011787,0.00047827262,4.230238e-05,4.1676238e-05,0.034087412,1,-0.0066480245,-0.00043748185,0.22403827,0.11014814,0.11031981,0.08736741,0.70220095,-0.0009050954,0.00082453556,0.7119778,0,6,1785207423600819,1785207423600819,-0.027266968,-0.025971223,0.13471515,1,0.014959852,0.014781951,0.006229704
1785207423613718532,0.0030074837,-3.0401163e-05,-0.00032067002,4.2341166e-05,4.171799e-05,0.034087785,1,-0.006682132,-0.00046444725,0.22410503,0.11054823,0.110721,0.08763519,0.7022032,-0.00090365345,0.0008326333,0.71197563,0,6,1785207423608819,1785207423608819,-0.027328597,-0.02611879,0.1348446,1,0.015027313,0.014847446,0.006242157
1785207423625551575,-0.00231884,-3.0400231e-05,-0.00032067983,4.2380016e-05,4.1756743e-05,0.03408815,1,-0.0067214807,-0.0004971663,0.22420086,0.1109507,0.111124545,0.08790387,0.70220685,-0.00090324966,0.0008260636,0.711972,0,6,1785207423616819,1785207423616819,-0.02746615,-0.02616482,0.13468918,1,0.015095177,0.014913278,0.006254617
1785207423633517757,0.0027411669,-0.0016282969,0.00074459845,4.2419062e-05,4.1797273e-05,0.034088515,1,-0.0067664897,-0.0005347092,0.22432369,0.11135556,0.11153047,0.08817345,0.702207,-0.0008991355,0.0008270852,0.7119719,0,6,1785207423624819,1785207423624819,-0.02761579,-0.026194334,0.13461286,1,0.015163227,0.014979219,0.0062670847
1785207423645510422,-0.00072094507,-0.0018946137,-0.0016522512,4.249982e-05,4.187722e-05,0.03408922,1,-0.006871638,-0.0006262431,0.22460744,0.11217251,0.112349465,0.08808311,0.7022147,-0.0008863456,0.000818684,0.7119643,0,6,1785207423640819,1785207423640819,-0.027717214,-0.026384888,0.13430126,1,0.015300394,0.015112256,0.0062688473
1785207423653467477,0.001675899,-0.0032261945,-5.4353855e-05,4.253959e-05,4.191582e-05,0.034089576,1,-0.006930346,-0.0006788307,0.22476748,0.11258461,0.11276257,0.08835346,0.70221764,-0.00087505084,0.0008126719,0.7119614,0,6,1785207423648819,1785207423648819,-0.027708841,-0.026319928,0.1343429,1,0.01536934,0.015179381,0.0062813205
1785207423665407702,7.719791e-05,-3.0237716e-05,-5.2900916e-05,4.2580374e-05,4.19595e-05,0.03408711,1,-0.006986567,-0.0007364962,0.22495484,0.112991385,0.11317546,0.08862472,0.702219,-0.000869828,0.00081266806,0.7119601,0,6,1785207423656819,1785207423656819,-0.027632792,-0.026352236,0.13452078,1,0.015428009,0.015242142,0.006293801
1785207423673311767,-0.0007217496,-0.0016281349,-0.0013844757,4.2620384e-05,4.199817e-05,0.034087468,1,-0.007046986,-0.0007990351,0.22516902,0.11340825,0.11359337,0.08889688,0.7022229,-0.00086984865,0.000806616,0.71195626,0,6,1785207423664819,1785207423664819,-0.027811548,-0.026452214,0.13465264,1,0.0154974265,0.015309639,0.006306289
1785207423685310253,0.002740359,0.00023607817,0.002077631,4.2698095e-05,4.206775e-05,0.034088206,1,-0.007182913,-0.0009355881,0.22567645,0.114249386,0.114436544,0.089443915,0.70222014,-0.000861728,0.00081196055,0.71195894,0,6,1785207423680819,1785207423680819,-0.028035598,-0.026430195,0.1352364,1,0.015636731,0.015444517,0.006331287
1785207423693246107,0.00034351263,0.000502395,0.0015450004,4.27392e-05,4.2102893e-05,0.034088574,1,-0.007256965,-0.0010104484,0.22597025,0.11467369,0.11486183,0.089718804,0.7022177,-0.00086331426,0.0008142703,0.7119613,0,6,1785207423688819,1785207423688819,-0.027931219,-0.026465088,0.13563578,1,0.015706947,0.01551261,0.0063437973
1785207423705211280,-0.0017870129,-0.0013618194,0.00074604875,4.2778694e-05,4.213941e-05,0.034088936,1,-0.007334555,-0.001089642,0.22628917,0.115100496,0.1152896,0.0899946,0.70221484,-0.0008633294,0.00080759387,0.71196413,0,6,1785207423696819,1785207423696819,-0.028047945,-0.026562747,0.13579696,1,0.015777145,0.015580833,0.006356315
1785207423713176851,0.0027403585,-0.000562869,0.00074605667,4.2816948e-05,4.2176976e-05,0.034089293,1,-0.0074164732,-0.0011733948,0.22661372,0.11552983,0.11571987,0.08961683,0.7022134,-0.0008581284,0.00080927816,0.71196556,0,6,1785207423704819,1785207423704819,-0.02811908,-0.026646886,0.13598907,1,0.015847744,0.015649488,0.0063447286
1785207423725109091,-0.002319817,0.0028990605,0.003940334,4.289397e-05,4.225226e-05,0.03408721,1,-0.007591952,-0.0013517977,0.22733438,0.1163871,0.116584845,0.09016898,0.7022051,-0.00086460094,0.0008039915,0.7119738,0,6,1785207423720819,1785207423720819,-0.028469102,-0.026691709,0.13642322,1,0.015979018,0.015782675,0.0063697654
1785207423733075915,0.001142302,0.0007685274,-0.00032071891,4.29311e-05,4.2286658e-05,0.034087587,1,-0.007686371,-0.0014455001,0.2277294,0.11682391,0.11702262,0.090446435,0.70220226,-0.00087071414,0.00080948015,0.7119766,0,6,1785207423728819,1785207423728819,-0.028612096,-0.026667338,0.13664109,1,0.016050614,0.015852174,0.0063822945
1785207423745021030,-0.00045559916,-0.005090426,-0.0016523077,4.297049e-05,4.232425e-05,0.034087952,1,-0.0077858865,-0.0015427426,0.22814743,0.1172633,0.11746295,0.09072481,0.7022073,-0.0008575031,0.00079742674,0.7119716,0,6,1785207423736819,1785207423736819,-0.028905122,-0.026692672,0.13697918,1,0.016122174,0.015921874,0.006394831
1785207423752984025,0.0016749275,0.00023589563,-0.0005870351,4.3011336e-05,4.2363525e-05,0.034088317,1,-0.007889973,-0.0016436373,0.2285874,0.11770527,0.11790583,0.09100411,0.702212,-0.00085227226,0.0007962761,0.71196705,0,6,1785207423744819,1785207423744819,-0.028898777,-0.026690735,0.137102,1,0.016193898,0.01599178,0.0064073754
1785207423764917318,0.0008759819,0.00023589609,-0.0024512506,4.30919e-05,4.2437703e-05,0.034089047,1,-0.008106067,-0.0018524216,0.22952883,0.118597016,0.11879934,0.09156548,0.7022188,-0.000851604,0.00079627073,0.7119604,0,6,1785207423760819,1785207423760819,-0.028843887,-0.02633743,0.13730872,1,0.016338175,0.016131738,0.0064324858
1785207423772931961,0.0019412424,0.0010348442,0.00047822748,4.3130924e-05,4.247753e-05,0.034089405,1,-0.008219145,-0.0019603996,0.22999027,0.11904682,0.119249985,0.0911701,0.70222014,-0.00084903254,0.000800854,0.71195894,0,6,1785207423768819,1785207423768819,-0.02893839,-0.026408985,0.13751507,1,0.016410943,0.016202558,0.006420003
1785207423784850296,-0.00018928421,0.0023664255,0.00047822527,4.3170476e-05,4.2514956e-05,0.034089763,1,-0.008335401,-0.0020724689,0.23047236,0.11949926,0.11970324,0.09145101,0.7022196,-0.00085664674,0.0008087915,0.7119595,0,6,1785207423776819,1785207423776819,-0.028913869,-0.026577868,0.13771188,1,0.0164839,0.016273577,0.006432559
1785207423792815075,0.0008759808,-0.0013619997,0.0018098056,4.3209275e-05,4.2550808e-05,0.03409012,1,-0.008454683,-0.0021897322,0.23097539,0.119954355,0.12015913,0.091732845,0.70221484,-0.0008513893,0.0008085673,0.71196413,0,6,1785207423784819,1785207423784819,-0.029023083,-0.026917575,0.13800463,1,0.016557187,0.016344802,0.006445122
1785207423804792832,-0.0017878196,0.00023528002,0.0007395382,4.3285683e-05,4.26284e-05,0.034088053,1,-0.008695186,-0.0024255975,0.23204438,0.120861836,0.121075094,0.092299305,0.70221335,-0.0008585288,0.0008024258,0.7119656,0,6,1785207423800819,1785207423800819,-0.029377734,-0.02687309,0.13881223,1,0.016692404,0.016482502,0.0064702714
1785207423812780835,0.0024732393,-0.0021615657,0.0010058568,4.3325097e-05,4.2665964e-05,0.03408841,1,-0.008821286,-0.0025487007,0.23260912,0.12132479,0.12153888,0.09258393,0.70221204,-0.0008491178,0.0008026892,0.71196693,0,6,1785207423808819,1785207423808819,-0.029524548,-0.027154548,0.1389597,1,0.016766112,0.016553948,0.0064828573
1785207423824727973,0.0030058734,0.0013005445,0.0004732231,4.336447e-05,4.270597e-05,0.034088776,1,-0.008951991,-0.0026771126,0.23319186,0.121790454,0.12200534,0.0928695,0.7022099,-0.00084277574,0.0008119995,0.711969,0,6,1785207423816819,1785207423816819,-0.029833155,-0.027401283,0.13912073,1,0.016840165,0.01662605,0.00649545
1785207423832711618,0.0016742903,0.00076791085,-0.00085835956,4.3404347e-05,4.2745523e-05,0.03408914,1,-0.009087772,-0.0028101618,0.23378362,0.122258835,0.1224745,0.09245917,0.7022142,-0.00084056513,0.000819418,0.7119648,0,6,1785207423824819,1785207423824819,-0.030068524,-0.027610565,0.13942748,1,0.016914256,0.016698208,0.0064822114
1785207423844763465,-0.0023204493,0.00076790946,0.0010058524,4.3485055e-05,4.281931e-05,0.034089856,1,-0.009368745,-0.0030905672,0.235023,0.12320381,0.12342093,0.09303068,0.70221055,-0.0008507146,0.00082182087,0.71196836,0,6,1785207423840819,1785207423840819,-0.030081492,-0.028254934,0.13995725,1,0.017063253,0.016842753,0.006507396
1785207423865461076,-0.00072255335,0.0013005426,-0.001124673,4.352442e-05,4.285965e-05,0.034090213,1,-0.009513622,-0.0032382377,0.23566926,0.12368043,0.12389824,0.093317844,0.702214,-0.0008589735,0.00082096114,0.71196496,0,6,1785207423848819,1785207423848819,-0.030158132,-0.02838718,0.14026551,1,0.017138353,0.016915753,0.00652
1785207423867850748,0.00034270907,0.0015668592,0.0015384846,4.356423e-05,4.2897107e-05,0.03409057,1,-0.00966129,-0.00338923,0.23633236,0.12415982,0.124378294,0.09360594,0.70221245,-0.00086163124,0.0008288329,0.71196645,0,6,1785207423856819,1785207423856819,-0.03024746,-0.028426813,0.140376,1,0.017213687,0.016988909,0.006532611
1785207423875678299,7.6005934e-05,-0.00029769447,-0.0037905427,4.3603377e-05,4.2935077e-05,0.03408813,1,-0.009808815,-0.0035397916,0.23701112,0.124629736,0.124856785,0.09389498,0.70222044,-0.00086234085,0.0008265609,0.71195865,0,6,1785207423864819,1785207423864819,-0.03034379,-0.028459815,0.14056653,1,0.017276473,0.017056841,0.0065452293
1785207423887574581,0.00087494624,-3.1375326e-05,0.00047051584,4.368665e-05,4.3016644e-05,0.034088843,1,-0.010110178,-0.0038541893,0.23841658,0.12560211,0.12583062,0.0944759,0.7022328,-0.00086293695,0.00081531086,0.7119465,0,6,1785207423880819,1785207423880819,-0.03022881,-0.029122354,0.14107391,1,0.017428176,0.017204715,0.0065704887
1785207423895575148,0.0022065302,-0.0016292711,0.0015357783,4.372387e-05,4.3055443e-05,0.034089208,1,-0.010265197,-0.0040183724,0.23910573,0.12609255,0.12632173,0.094046734,0.7022298,-0.00085611985,0.0008184392,0.71194947,0,6,1785207423888819,1785207423888819,-0.03048549,-0.029265225,0.14142519,1,0.01750434,0.017279057,0.006556315
1785207423907375710,0.0006086346,-0.0013629547,-0.0019263346,4.3763524e-05,4.3093652e-05,0.03408958,1,-0.010423083,-0.004186053,0.2398118,0.12658583,0.12681565,0.09433734,0.7022359,-0.0008470015,0.0008148131,0.71194345,0,6,1785207423896819,1785207423896819,-0.03034217,-0.029402578,0.1417222,1,0.017580966,0.017353399,0.0065689436
1785207423915767225,0.0003423142,-0.0021619042,0.0028673569,4.3803997e-05,4.3133383e-05,0.034089945,1,-0.010582054,-0.004356856,0.24053374,0.12708196,0.12731239,0.094628885,0.7022317,-0.00084315945,0.00081419415,0.7119475,0,6,1785207423904819,1785207423904819,-0.030229993,-0.029488802,0.14192171,1,0.017657768,0.017427893,0.0065815803
1785207423928083441,0.00034232333,-0.0034934864,-0.00032843486,4.384438e-05,4.3171767e-05,0.03409031,1,-0.010742447,-0.0045315064,0.24127099,0.12758097,0.12781198,0.09492138,0.7022306,-0.000830573,0.00080197345,0.71194863,0,6,1785207423912819,1785207423912819,-0.030221445,-0.029795151,0.14224452,1,0.017734906,0.017502828,0.0065942244
1785207423935917102,-0.00046425092,0.00022822293,-0.0013907325,4.160689e-05,4.1056803e-05,0.034084715,1,-0.010629038,-0.0044528972,0.2410255,0.10625934,0.10641246,0.085589215,0.7022363,-0.00083087175,0.00080097205,0.7119431,0,6,1785207423920819,1785207423920819,-0.030265294,-0.029629275,0.14246713,1,0.014252156,0.014084612,0.006108628
1785207423947705572,0.0016658306,-0.0024350514,-0.00165797,4.168455e-05,4.1130024e-05,0.034082696,1,-0.010427971,-0.004318213,0.24065506,0.10700916,0.10716846,0.086111516,0.70225424,-0.0008132301,0.00079095183,0.71192545,0,6,1785207423936819,1785207423936819,-0.030494375,-0.029515672,0.1424537,1,0.014372886,0.014206727,0.0061332225
1785207423955608504,-0.0012636477,-0.0037666322,-0.00059270975,4.172307e-05,4.1167532e-05,0.03408306,1,-0.0103392815,-0.0042629233,0.24052532,0.10739023,0.10755072,0.085774615,0.70226,-0.0008043324,0.0007761718,0.71191967,0,6,1785207423944819,1785207423944819,-0.030440377,-0.02978802,0.14235455,1,0.0144378925,0.01427022,0.00612383
1785207423967521719,-0.00073101174,-0.0005708388,-6.0073206e-05,4.179883e-05,4.1242834e-05,0.03408378,1,-0.010189206,-0.0041787336,0.24037452,0.10815921,0.10832201,0.086298555,0.70226634,-0.00080130564,0.0007612416,0.7119135,0,6,1785207423960819,1785207423960819,-0.0308391,-0.029926462,0.14256139,1,0.014568956,0.014397781,0.0061484366
1785207423985072729,0.0006005683,0.0028912714,-6.0072674e-05,4.18376e-05,4.1276544e-05,0.03408415,1,-0.010126813,-0.004148539,0.24035327,0.10854713,0.108711064,0.08656185,0.702269,-0.0008068259,0.0007644793,0.71191084,0,6,1785207423968819,1785207423968819,-0.030647669,-0.029967947,0.14277148,1,0.014634998,0.014462236,0.0061607505
1785207423987226796,-0.0020625936,-0.00057083834,-0.0027232342,4.187672e-05,4.1311665e-05,0.034084514,1,-0.010070332,-0.0041259713,0.24036789,0.10893736,0.109102406,0.08682603,0.7022777,-0.00081343483,0.00076131,0.7119022,0,6,1785207423976819,1785207423976819,-0.030411882,-0.030037373,0.14319132,1,0.014701155,0.014526716,0.006173072
1785207423995167219,0.00086688006,0.0012933756,0.001537826,4.1916344e-05,4.1348107e-05,0.03408487,1,-0.010018629,-0.0041103726,0.24041812,0.10932991,0.10949604,0.08709108,0.7022796,-0.00081552827,0.0007604483,0.7119004,0,6,1785207423984819,1785207423984819,-0.030023513,-0.029974746,0.14350429,1,0.014767575,0.014591101,0.0061854008
1785207424007045728,-0.0015299584,0.0023586394,-0.0035221851,4.199471e-05,4.1428113e-05,0.034085594,1,-0.009930725,-0.0040964102,0.24061698,0.11012202,0.110290274,0.08762387,0.70229083,-0.0008129168,0.0007565276,0.7118893,0,6,1785207424000819,1785207424000819,-0.02983272,-0.029676793,0.1436558,1,0.014901252,0.014720794,0.00621008
1785207424015036186,0.00139887,0.0015597381,-0.00032589448,4.2034302e-05,4.1464595e-05,0.034083202,1,-0.009891647,-0.004096969,0.24072579,0.11051468,0.11068859,0.08727106,0.70229566,-0.00081692357,0.0007613226,0.7118846,0,6,1785207424008819,1785207424008819,-0.02971269,-0.029390857,0.14373106,1,0.014958645,0.0147819305,0.0061998554
1785207424026892302,0.0013988733,-0.00083710626,-0.0029890588,4.2072814e-05,4.1502826e-05,0.034083568,1,-0.009858486,-0.0041017374,0.24086556,0.110916495,0.11109151,0.08753779,0.70230436,-0.0008114953,0.0007627924,0.711876,0,6,1785207424016819,1785207424016819,-0.029648703,-0.02922387,0.14386676,1,0.015025986,0.014847453,0.0062121972
1785207424034814431,0.00033360184,-0.002168687,-0.00059221225,4.2110856e-05,4.1543233e-05,0.034083918,1,-0.00983141,-0.0041119787,0.24103501,0.1113207,0.111496784,0.087805405,0.7023108,-0.0008071478,0.0007578605,0.71186966,0,6,1785207424024819,1785207424024819,-0.029562961,-0.029198421,0.14387132,1,0.015093685,0.014912927,0.0062245457
1785207424046745068,0.0011325547,-0.0008371067,0.00047305026,4.2187316e-05,4.1616284e-05,0.03408464,1,-0.009793129,-0.004148727,0.24145824,0.11213629,0.11231447,0.08834333,0.7023117,-0.0007985026,0.00075857085,0.71186876,0,6,1785207424040819,1785207424040819,-0.029309554,-0.02905856,0.14395422,1,0.01522961,0.015044995,0.006249265
1785207424054708685,-0.0020632385,-0.001369739,0.0034025281,4.222468e-05,4.165271e-05,0.034085013,1,-0.009781698,-0.0041750195,0.24171126,0.1125477,0.112726904,0.08861364,0.7023051,-0.0008012706,0.0007509831,0.71187526,0,6,1785207424048819,1785207424048819,-0.029244347,-0.029080007,0.1439654,1,0.01529791,0.015111039,0.0062616356
1785207424066543270,6.7294925e-05,0.0007607881,-0.0016574762,4.2262942e-05,4.1689804e-05,0.034085378,1,-0.009776604,-0.004206907,0.24199113,0.11296155,0.11314175,0.088884845,0.7023087,-0.0008021866,0.0007467897,0.7118717,0,6,1785207424056819,1785207424056819,-0.029435169,-0.029135572,0.14419869,1,0.015366517,0.015177444,0.006274014
1785207424074546963,0.0037957127,0.0012934231,0.002337267,4.229904e-05,4.1727595e-05,0.034085743,1,-0.00977979,-0.0042447727,0.24224974,0.11337785,0.113559015,0.08851848,0.70230657,-0.00079866644,0.0007561948,0.7118738,0,6,1785207424064819,1785207424064819,-0.029859908,-0.02921157,0.14473051,1,0.015435389,0.015244124,0.0062630815
1785207424086403851,-0.00019826088,-3.83039e-05,-0.0037893208,4.2375592e-05,4.1802698e-05,0.03408373,1,-0.009818082,-0.004334922,0.24285434,0.11420962,0.114398085,0.0890615,0.7023136,-0.0008084363,0.0007541761,0.71186686,0,6,1785207424080819,1785207424080819,-0.029873319,-0.02918408,0.14544424,1,0.0155629115,0.015374186,0.0062878397
1785207424094381955,-0.0009972134,-0.0011035623,-0.0043219603,4.241323e-05,4.1838393e-05,0.034084097,1,-0.009845918,-0.004386386,0.24319808,0.11463317,0.11482263,0.08933437,0.70232767,-0.0008074525,0.00074892567,0.71185297,0,6,1785207424088819,1785207424088819,-0.030024217,-0.029025432,0.14578862,1,0.015632488,0.015442036,0.00630023
1785207424106261766,-0.0009972171,-0.0021688282,-0.0005935304,4.2449974e-05,4.1877138e-05,0.034084477,1,-0.0098786615,-0.00444189,0.24356835,0.11505923,0.115249656,0.08960813,0.70233375,-0.00080603524,0.0007380971,0.711847,0,6,1785207424096819,1785207424096819,-0.029864468,-0.028955469,0.14599559,1,0.015702503,0.0155099165,0.006312627
1785207424114222567,-0.00046458526,-0.0016361959,0.0023359442,4.248785e-05,4.1915766e-05,0.034084834,1,-0.009915757,-0.004501711,0.24396408,0.115487784,0.11567917,0.089882806,0.70233214,-0.000803124,0.00073186617,0.7118486,0,6,1785207424104819,1785207424104819,-0.029917216,-0.028928008,0.14631858,1,0.015772555,0.015578299,0.006325031
1785207424126122767,-0.0012635292,-0.00136988,0.00020541035,4.2566724e-05,4.1992767e-05,0.03408555,1,-0.010006231,-0.004634284,0.244779,0.11635247,0.11654569,0.089780025,0.7023317,-0.0007949946,0.00071658066,0.7118491,0,6,1785207424120819,1785207424120819,-0.029889138,-0.028981114,0.14654605,1,0.015913162,0.015714927,0.00632593
1785207424134151276,0.00060068467,0.002092228,-0.0013924779,4.2606418e-05,4.2032512e-05,0.034085896,1,-0.01005715,-0.0047085565,0.2452211,0.116788626,0.116982736,0.09005543,0.7023363,-0.0008015136,0.0007161055,0.7118445,0,6,1785207424128819,1785207424128819,-0.02974961,-0.02911481,0.14657015,1,0.015983663,0.015783083,0.006338339
1785207424146045605,0.002198578,0.0012932802,0.0012706798,4.2645857e-05,4.2070755e-05,0.034086257,1,-0.010113065,-0.004787574,0.24568518,0.11722734,0.117422305,0.09033174,0.70233667,-0.00080017804,0.00072591525,0.71184415,0,6,1785207424136819,1785207424136819,-0.02998027,-0.029046271,0.14657515,1,0.016054442,0.015851356,0.006350755
1785207424153997189,-0.0017962431,0.0028909734,0.0007363283,4.268375e-05,4.2106636e-05,0.034083888,1,-0.0101740975,-0.0048683025,0.24617109,0.11765916,0.11786118,0.09060897,0.70233655,-0.0008093373,0.00072968664,0.7118442,0,6,1785207424144819,1785207424144819,-0.030036224,-0.028923962,0.14675762,1,0.016114326,0.01591542,0.006363179
1785207424165862874,-0.00019834156,-0.00057113636,-0.0024594646,4.276424e-05,4.2183492e-05,0.034084596,1,-0.010312984,-0.005039486,0.24720894,0.118549176,0.11875299,0.09116617,0.70233536,-0.0008114021,0.00073336967,0.7118454,0,6,1785207424160819,1785207424160819,-0.030399999,-0.028615357,0.14713249,1,0.016257342,0.01605455,0.006388049
1785207424173812855,0.0006005997,0.0012930771,-6.261676e-05,4.2803327e-05,4.221947e-05,0.03408496,1,-0.010389855,-0.005130093,0.24776104,0.11899809,0.11920277,0.09144614,0.70234036,-0.0008137482,0.00073584705,0.71184045,0,6,1785207424168819,1785207424168819,-0.030368317,-0.028762823,0.14760791,1,0.016329177,0.01612436,0.0064004953
1785207424185748792,6.7970366e-05,0.0010267613,-0.0005952515,4.284189e-05,4.2257267e-05,0.034085326,1,-0.010471066,-0.005226747,0.2482922,0.11944963,0.119655155,0.091051355,0.7023427,-0.0008153291,0.00073838973,0.7118382,0,6,1785207424176819,1785207424176819,-0.030427674,-0.029086797,0.14796978,1,0.016401464,0.016194498,0.006388107
1785207424193700696,-0.001529928,-0.00030481908,0.00020369956,4.2881045e-05,4.2294272e-05,0.0340857,1,-0.010557378,-0.005328518,0.24884431,0.11990381,0.120110154,0.0913311,0.7023442,-0.00082098995,0.0007330544,0.71183676,0,6,1785207424184819,1785207424184819,-0.030660314,-0.029076282,0.14794764,1,0.016474055,0.016264861,0.0064005493
1785207424205644128,-0.0012636097,0.00022781268,0.0015352789,4.2959113e-05,4.2370906e-05,0.03408642,1,-0.0107495105,-0.005543216,0.2500059,0.12082014,0.12102805,0.09189334,0.7023363,-0.0008349981,0.00073573075,0.71184444,0,6,1785207424200819,1785207424200819,-0.03128809,-0.02905614,0.14809886,1,0.016619818,0.016406232,0.0064254557
1785207424213558021,-0.0015299212,-0.0016364008,-0.0005952494,4.2998417e-05,4.2409934e-05,0.03408678,1,-0.01085413,-0.005655729,0.2506167,0.121282324,0.12149098,0.09217584,0.7023357,-0.0008357008,0.000725705,0.711845,0,6,1785207424208819,1785207424208819,-0.03141432,-0.029055467,0.1483247,1,0.016693,0.016477536,0.0064379196
1785207424225488968,0.0021980372,0.0015591972,-0.0019283897,4.3038504e-05,4.2444757e-05,0.034084413,1,-0.010958792,-0.0057695294,0.25124657,0.12173614,0.12195274,0.09245928,0.70234495,-0.00083537877,0.0007311734,0.711836,0,6,1785207424216819,1785207424216819,-0.03138728,-0.028880637,0.148449,1,0.016754149,0.016544022,0.00645039
1785207424233456202,0.0003338253,0.0004939367,-0.0011294476,4.3078853e-05,4.248298e-05,0.03408477,1,-0.011067212,-0.00588502,0.25185496,0.12220353,0.12242094,0.092052944,0.70234907,-0.0008342845,0.0007359547,0.7118319,0,6,1785207424224819,1785207424224819,-0.031493016,-0.028676588,0.14850746,1,0.01682765,0.01661541,0.0064374115
1785207424245393472,0.0003338277,-0.001902909,-0.00299366,4.3157826e-05,4.2562144e-05,0.034085486,1,-0.011302395,-0.0061270073,0.25313064,0.123146474,0.12336541,0.09262021,0.70235896,-0.0008229122,0.0007276687,0.71182215,0,6,1785207424240819,1785207424240819,-0.03225826,-0.028867425,0.14898261,1,0.016975285,0.016759127,0.006462354
1785207424253397234,6.750738e-05,0.0012928843,-0.00086312904,4.3196385e-05,4.2602358e-05,0.03408585,1,-0.011429898,-0.006254659,0.25379702,0.12362206,0.12384172,0.09290523,0.7023643,-0.0008247814,0.00072883005,0.7118168,0,6,1785207424248819,1785207424248819,-0.032578863,-0.029176796,0.14926493,1,0.01704966,0.01683115,0.006474836
1785207424265302483,6.7508896e-05,-3.8696453e-05,-0.00033049614,4.3235217e-05,4.264125e-05,0.034086216,1,-0.011561633,-0.006386405,0.25448188,0.12410041,0.12432076,0.093191184,0.7023663,-0.0008255019,0.0007289263,0.7118149,0,6,1785207424256819,1785207424256819,-0.03248092,-0.029047074,0.14942089,1,0.017124219,0.016903624,0.006487325
1785207424273251472,6.750552e-05,-0.0024355398,-0.00059681345,4.3273656e-05,4.2680527e-05,0.03408658,1,-0.011695479,-0.0065201907,0.25518382,0.12458153,0.12480255,0.093478076,0.7023708,-0.000819403,0.00072384364,0.7118104,0,6,1785207424264819,1785207424264819,-0.032345507,-0.028999178,0.14952806,1,0.017199192,0.016976604,0.0064998213
1785207424285217767,-0.0012648175,0.0020918192,-0.0016621115,4.3352768e-05,4.2759206e-05,0.03408455,1,-0.0119652115,-0.006796778,0.25660768,0.12553953,0.12577002,0.09334437,0.70237595,-0.0008234363,0.0007231384,0.71180534,0,6,1785207424280819,1785207424280819,-0.032296367,-0.02896296,0.14963269,1,0.017337516,0.017117294,0.0064985882
1785207424293232791,-0.00046587165,-3.871089e-05,-0.0005968392,4.339342e-05,4.279479e-05,0.03408491,1,-0.012100575,-0.0069384743,0.25732937,0.12602885,0.12626006,0.09363188,0.70237905,-0.00083053106,0.0007230088,0.71180224,0,6,1785207424288819,1785207424288819,-0.032200992,-0.028925555,0.14973533,1,0.017413326,0.017191263,0.0065110875
1785207424305130917,0.000865706,0.00022760592,0.001800003,4.3434575e-05,4.2834356e-05,0.03408528,1,-0.012238947,-0.0070840633,0.25806767,0.12652102,0.1267529,0.09392032,0.702378,-0.0008289602,0.000724117,0.7118034,0,6,1785207424296819,1785207424296819,-0.032237604,-0.029192839,0.14990911,1,0.017489217,0.017265081,0.0065235943
1785207424313103139,-0.0023300766,-0.0019029267,-0.00059684715,4.347527e-05,4.2872576e-05,0.03408564,1,-0.012380724,-0.007234719,0.25882143,0.12701602,0.12724854,0.0942097,0.7023764,-0.0008284494,0.00071584637,0.71180487,0,6,1785207424304819,1785207424304819,-0.032266743,-0.029408578,0.14989457,1,0.017565418,0.017339433,0.0065361075
1785207424325039998,-0.0007399705,-0.0016438966,-0.0021914202,4.1325333e-05,4.0844432e-05,0.034080878,1,-0.012384458,-0.0072401944,0.25918463,0.10623268,0.10638675,0.08525466,0.7023998,-0.0008251615,0.0006971548,0.7117819,0,6,1785207424320819,1785207424320819,-0.03241948,-0.029776378,0.15010118,1,0.014188408,0.014023322,0.006069801
1785207424333047077,5.8979145e-05,-4.600035e-05,0.001537008,4.1363597e-05,4.0880637e-05,0.03408125,1,-0.012253819,-0.0071022417,0.258824,0.106608815,0.106764056,0.085513584,0.7024005,-0.00082529575,0.0006915458,0.71178114,0,6,1785207424328819,1785207424328819,-0.032344095,-0.029873045,0.15002108,1,0.014252687,0.014085742,0.0060819825
1785207424344979097,0.0005916183,-4.6001747e-05,0.0018033216,4.1401545e-05,4.092e-05,0.034081616,1,-0.012132957,-0.0069741854,0.25850713,0.10698719,0.10714358,0.085773386,0.7023955,-0.00082357344,0.0006916419,0.7117861,0,6,1785207424336819,1785207424336819,-0.03236818,-0.029775042,0.14998575,1,0.014317378,0.014148896,0.006094172
1785207424352978942,-0.00047364796,0.0010192632,-0.0011261567,4.1440562e-05,4.0957653e-05,0.034081973,1,-0.012020851,-0.0068549793,0.2581881,0.10736782,0.10752534,0.08543937,0.7023992,-0.0008263638,0.00069022644,0.71178246,0,6,1785207424344819,1785207424344819,-0.032191977,-0.029651035,0.14987189,1,0.014382353,0.014212464,0.006084964
1785207424364917444,-0.00073956524,-0.0021765055,-0.0019249382,4.151583e-05,4.1035728e-05,0.034080014,1,-0.011826464,-0.0066424543,0.25767663,0.10812973,0.10829361,0.085959725,0.70241934,-0.0008394095,0.0006776409,0.7117626,0,6,1785207424360819,1785207424360819,-0.031779755,-0.029576894,0.14988863,1,0.0145033365,0.0143355215,0.006109348
1785207424372913141,0.0003257055,-0.0029754546,-0.0011259929,4.1554358e-05,4.1070798e-05,0.03408037,1,-0.011738266,-0.006550273,0.2574831,0.108517066,0.10868209,0.08622121,0.70242447,-0.00083158637,0.00066810637,0.7117576,0,6,1785207424368819,1785207424368819,-0.03132004,-0.029654674,0.14978896,1,0.014568762,0.014399124,0.006121551
1785207424384827298,0.0008583364,-0.0019101892,0.00073822157,4.159274e-05,4.1105955e-05,0.034080736,1,-0.01165594,-0.0064677545,0.25732893,0.108906694,0.10907285,0.086483575,0.70242494,-0.00082413864,0.0006597336,0.7117571,0,6,1785207424376819,1785207424376819,-0.03103652,-0.02980413,0.14991523,1,0.014634471,0.014463173,0.0061337617
1785207424392806554,0.001390968,0.003149816,0.0018034836,4.1630166e-05,4.114274e-05,0.034081094,1,-0.011579205,-0.006394528,0.2572146,0.10929863,0.1094659,0.08674682,0.70242345,-0.0008258332,0.00066790235,0.7117585,0,6,1785207424384819,1785207424384819,-0.03068803,-0.029842753,0.14999866,1,0.014700333,0.0145276105,0.0061459783
1785207424404779942,0.0021899166,-0.004307033,-0.00085967773,4.170559e-05,4.121572e-05,0.034081817,1,-0.011446085,-0.0062717744,0.25706294,0.11008949,0.110258915,0.08666403,0.7024239,-0.00080947607,0.00066109205,0.7117582,0,6,1785207424400819,1785207424400819,-0.030472092,-0.029790714,0.14995788,1,0.014832994,0.014657286,0.0061483136
1785207424412795947,-0.000206928,0.0004866561,0.001004532,4.174381e-05,4.1252788e-05,0.034082167,1,-0.011388809,-0.006222359,0.25702494,0.11048843,0.11065891,0.086928055,0.7024223,-0.000806177,0.00065618625,0.71175975,0,6,1785207424408819,1785207424408819,-0.030253222,-0.029822024,0.14991978,1,0.014899636,0.0147219105,0.0061605363
1785207424424710093,5.9390208e-05,0.0010192879,-0.0013923111,4.178101e-05,4.1289473e-05,0.034082532,1,-0.011338022,-0.0061808303,0.25702196,0.11088973,0.111061245,0.08719296,0.7024263,-0.00080895046,0.0006580352,0.7117557,0,6,1785207424416819,1785207424416819,-0.030201457,-0.02984087,0.14989552,1,0.014966594,0.014786755,0.0061727664
1785207424432728784,5.9207086e-05,0.0018181978,0.0012705262,4.1818934e-05,4.1327297e-05,0.034080204,1,-0.01129199,-0.006146187,0.25705284,0.111286215,0.11146357,0.08745876,0.70242697,-0.00081434695,0.0006587615,0.71175516,0,6,1785207424424819,1785207424424819,-0.029941915,-0.029789327,0.14985129,1,0.015024025,0.014847895,0.006185003
1785207424444676353,-0.0015386884,-0.0021765446,-0.0016589516,4.189647e-05,4.1403746e-05,0.03408091,1,-0.011216563,-0.006096731,0.257215,0.11210046,0.11227995,0.08799301,0.70243615,-0.0008197527,0.00064297003,0.7117461,0,6,1785207424440819,1785207424440819,-0.029677618,-0.029595243,0.15002282,1,0.015159068,0.014978868,0.0062094987
1785207424452666961,-0.00020710763,-0.0011112811,-0.001126315,4.193467e-05,4.144019e-05,0.03408127,1,-0.011186671,-0.006081242,0.25734463,0.11251118,0.11269172,0.08826147,0.70244163,-0.0008209412,0.0006343555,0.7117407,0,6,1785207424448819,1785207424448819,-0.029373284,-0.029591078,0.15001817,1,0.01522699,0.015044795,0.006221757
1785207424464554156,5.920953e-05,0.002084513,-6.1057304e-05,4.197218e-05,4.1479452e-05,0.034081634,1,-0.01116082,-0.0060714437,0.25750494,0.11292432,0.11310589,0.08853082,0.7024433,-0.0008218193,0.0006366855,0.711739,0,6,1785207424456819,1785207424456819,-0.029071452,-0.029326905,0.15004483,1,0.0152953025,0.0151111,0.0062340214
1785207424472666003,0.0011244735,-0.0008449638,-6.1051054e-05,4.2009728e-05,4.1519437e-05,0.03408199,1,-0.01113991,-0.006065697,0.25767297,0.11333991,0.11352247,0.08816766,0.7024449,-0.0008226704,0.0006352636,0.7117374,0,6,1785207424464819,1785207424464819,-0.029060302,-0.029055683,0.15023746,1,0.015363653,0.015177361,0.006223294
1785207424484532529,0.0005918387,-0.0011112797,-0.0008600065,4.20853e-05,4.1596042e-05,0.034082714,1,-0.011116696,-0.0060677147,0.25810158,0.11417842,0.11436292,0.08870696,0.7024579,-0.00080747536,0.0006397154,0.7117245,0,6,1785207424480819,1785207424480819,-0.028986668,-0.028750697,0.15051647,1,0.015501144,0.015311182,0.0062478264
1785207424492496897,0.002189737,0.0010192483,-0.0003273704,4.2123716e-05,4.1632284e-05,0.03408308,1,-0.011113221,-0.0060770763,0.25835967,0.11460138,0.11478681,0.088977955,0.70246136,-0.0008038367,0.0006444461,0.7117212,0,6,1785207424488819,1785207424488819,-0.02888888,-0.028783746,0.15067454,1,0.015570175,0.01537839,0.0062601035
1785207424504458463,0.0016573784,0.0018179144,-0.0024603866,4.21625e-05,4.1669977e-05,0.03408076,1,-0.011116187,-0.006090037,0.2586473,0.11501834,0.11521032,0.08924985,0.70246696,-0.00080472114,0.0006507231,0.7117156,0,6,1785207424496819,1785207424496819,-0.028684147,-0.028696463,0.15102139,1,0.015628932,0.015441117,0.0062723877
1785207424512506118,-0.00020683778,0.0020842317,-0.0013951248,4.2201977e-05,4.171078e-05,0.034081124,1,-0.011124713,-0.006108732,0.25896454,0.11544613,0.11563909,0.089522645,0.7024739,-0.00080898346,0.00065667235,0.71170884,0,6,1785207424504819,1785207424504819,-0.028825631,-0.028771196,0.15136097,1,0.015698439,0.015508648,0.0062846793
1785207424524403552,-0.0012721013,-4.6299305e-05,0.0015343498,4.227727e-05,4.178743e-05,0.034081846,1,-0.011160119,-0.0061617657,0.25964507,0.11630924,0.11650411,0.08941934,0.70247346,-0.00080601533,0.00064476684,0.71170926,0,6,1785207424520819,1785207424520819,-0.028909737,-0.028595006,0.15214735,1,0.015838176,0.015643472,0.00628554
1785207424532421862,0.0016573768,-0.0019105114,-0.002726702,4.2314696e-05,4.182456e-05,0.03408221,1,-0.0111861145,-0.0061963024,0.26000777,0.11674459,0.11694038,0.08969285,0.702481,-0.00079965545,0.0006427076,0.71170187,0,6,1785207424528819,1785207424528819,-0.028900381,-0.028722906,0.15230261,1,0.01590837,0.015711289,0.006297835
1785207424544368219,0.00059210625,-0.00057892967,0.0015343537,4.2354262e-05,4.1859726e-05,0.034082577,1,-0.01121745,-0.0062383893,0.26039708,0.11718249,0.117379166,0.089967266,0.7024808,-0.0007955361,0.00063995656,0.711702,0,6,1785207424536819,1785207424536819,-0.028957939,-0.029097594,0.15251732,1,0.015978815,0.015779302,0.006310138
1785207424552367063,0.0013910587,0.0018179154,-6.354211e-05,4.2392945e-05,4.189654e-05,0.03408294,1,-0.011254046,-0.006287617,0.26081267,0.11762296,0.117820494,0.09024258,0.70248246,-0.00079522136,0.00064402516,0.7117003,0,6,1785207424544819,1785207424544819,-0.028945768,-0.0291773,0.15268967,1,0.01604962,0.01584812,0.006322448
1785207424564307889,0.001657379,-0.00031261472,-0.0013951195,4.246813e-05,4.1968597e-05,0.034083664,1,-0.011344044,-0.006401603,0.26171634,0.118511625,0.11871082,0.090795934,0.7024793,-0.0007967603,0.0006425613,0.71170354,0,6,1785207424560819,1785207424560819,-0.029218053,-0.02918724,0.15281701,1,0.016191935,0.015985845,0.006347089
1785207424572333703,5.9408718e-05,-0.0003129267,-6.6198605e-05,4.25074e-05,4.2005762e-05,0.034081344,1,-0.011397044,-0.006463264,0.26220378,0.118949905,0.119156465,0.091073975,0.702482,-0.0007930134,0.00064345833,0.71170086,0,6,1785207424568819,1785207424568819,-0.029325234,-0.029125197,0.15283398,1,0.016252162,0.016050488,0.0063594203
1785207424584288075,-0.00047322316,0.001018655,0.0015317046,4.2546777e-05,4.2044067e-05,0.034081705,1,-0.011456755,-0.006529604,0.2627127,0.119400576,0.119608015,0.09135293,0.70248055,-0.00080015894,0.00064171705,0.7117022,0,6,1785207424576819,1785207424576819,-0.02972466,-0.029175367,0.1527895,1,0.016323898,0.016119901,0.0063717584
1785207424592267983,0.0013909943,-0.0024434552,-0.0013977755,4.2585965e-05,4.2083804e-05,0.03408205,1,-0.0115236575,-0.006601079,0.26322368,0.11985388,0.120062165,0.0909585,0.702484,-0.00079034164,0.00063826167,0.71169883,0,6,1785207424584819,1785207424584819,-0.029906668,-0.029223826,0.15293805,1,0.01639581,0.016189648,0.006359444
1785207424604276407,0.001124674,-0.0019108229,0.0007327535,4.266233e-05,4.216374e-05,0.03408278,1,-0.011674507,-0.0067578987,0.2643155,0.120768405,0.12097831,0.09151685,0.7024847,-0.000778209,0.0006307461,0.7116981,0,6,1785207424600819,1785207424600819,-0.030260153,-0.029251657,0.15348512,1,0.016540408,0.016329635,0.0063841213
1785207424612274939,-0.0010058568,-0.0005792426,0.0017980153,4.270163e-05,4.2200558e-05,0.034083154,1,-0.011758776,-0.006843356,0.264895,0.12122967,0.12144034,0.091797404,0.70248204,-0.00077663217,0.00062442,0.71170086,0,6,1785207424608832,1785207424608832,-0.03044506,-0.029260889,0.15355785,1,0.016613057,0.016399926,0.006396471
1785207424624212700,5.9412792e-05,-4.6610367e-05,0.00073275453,4.2740652e-05,4.2238407e-05,0.03408352,1,-0.01184739,-0.0069330926,0.26549527,0.12169361,0.12190503,0.09207888,0.7024789,-0.000776195,0.0006207854,0.71170396,0,6,1785207424616832,1785207424616832,-0.03028241,-0.029243045,0.15377428,1,0.016685821,0.016470669,0.006408828
1785207424632259574,0.0003257242,-0.0008455585,-6.619489e-05,4.2779346e-05,4.2271597e-05,0.03408389,1,-0.011939613,-0.0070271525,0.26611644,0.12216025,0.12237238,0.092361264,0.70248175,-0.00077578606,0.0006217254,0.71170115,0,6,1785207424624832,1785207424624832,-0.030384313,-0.029303065,0.15387096,1,0.01675886,0.016541684,0.0064211916
1785207424644218665,-0.0012727857,-0.000845823,-0.0011336103,4.2857282e-05,4.2342755e-05,0.034081917,1,-0.012132254,-0.0072235614,0.26736197,0.12309006,0.12331117,0.092237465,0.702485,-0.00077789044,0.00061322725,0.7116979,0,6,1785207424640832,1785207424640832,-0.030558418,-0.02903697,0.15414284,1,0.01689388,0.016679205,0.006420654
1785207424652222858,-0.00020752498,-0.00084582204,-0.0006009747,4.2897023e-05,4.2378673e-05,0.034082275,1,-0.012232615,-0.007324898,0.2680142,0.12356467,0.12378654,0.092520505,0.70249,-0.00077856216,0.0006094418,0.711693,0,6,1785207424648832,1785207424648832,-0.030565983,-0.028887691,0.15416573,1,0.016967544,0.016750528,0.006433021
1785207424664219330,-0.0012727831,-0.0016447715,-0.0024651894,4.293708e-05,4.2415624e-05,0.034082633,1,-0.0123358015,-0.0074301204,0.26868528,0.12404202,0.12426463,0.09280447,0.7024964,-0.0007773092,0.0006000748,0.7116867,0,6,1785207424656832,1785207424656832,-0.030321384,-0.029085495,0.15427984,1,0.017041532,0.016822519,0.0064453944
1785207424672221870,0.00032510795,0.0010183905,-0.0006009767,4.297574e-05,4.2454023e-05,0.03408299,1,-0.012441472,-0.0075404276,0.26937512,0.124522135,0.12474544,0.09308936,0.70250165,-0.0007776194,0.00060054683,0.7116815,0,6,1785207424664832,1785207424664832,-0.030243184,-0.029148094,0.15446006,1,0.0171157,0.016894622,0.0064577754
1785207424684167415,0.00218932,-0.0003131912,0.00019797683,4.3052958e-05,4.252959e-05,0.034083728,1,-0.012662944,-0.0077713565,0.27081013,0.1254907,0.12571533,0.09366192,0.70250744,-0.0007695155,0.0005953082,0.71167576,0,6,1785207424680832,1785207424680832,-0.030173838,-0.02892405,0.15475522,1,0.017265059,0.017039621,0.006482559
1785207424692143195,-0.0036696324,-0.002710036,0.00046427484,4.309171e-05,4.2566928e-05,0.034084093,1,-0.012778653,-0.0078905905,0.27152646,0.12597917,0.12620443,0.09324089,0.70250756,-0.0007659658,0.0005846663,0.71167564,0,6,1785207424688832,1785207424688832,-0.030155642,-0.028880395,0.15495121,1,0.017340316,0.017112613,0.0064689107
1785207424704093720,-0.0026043665,0.0004857569,-0.00060097536,4.313134e-05,4.2603493e-05,0.034084458,1,-0.0128975175,-0.0080138,0.27226138,0.12647046,0.12669632,0.09352732,0.7025092,-0.00077557703,0.00057134964,0.71167403,0,6,1785207424696832,1785207424696832,-0.030110477,-0.029004721,0.15522316,1,0.017415784,0.01718581,0.0064813015
1785207424712071082,0.0011240558,-0.0005795057,0.00046429015,4.3171003e-05,4.2642532e-05,0.034084823,1,-0.013019575,-0.008141901,0.27301535,0.12696458,0.127191,0.09381468,0.7025105,-0.0007743515,0.0005720854,0.7116728,0,6,1785207424704832,1785207424704832,-0.030074652,-0.029260078,0.15560924,1,0.01749166,0.017259564,0.0064936993
1785207424724089896,-0.0012800342,-0.0016518724,-0.00086293835,4.106404e-05,4.065313e-05,0.034079004,1,-0.012989047,-0.0081028305,0.2734775,0.10620583,0.10636113,0.08493893,0.70251906,-0.0007649855,0.0005541422,0.7116644,0,6,1785207424720832,1785207424720832,-0.029923262,-0.029531868,0.15571906,1,0.0141291125,0.013964811,0.006033562
1785207424732092005,0.0013831287,0.00021234015,0.001001275,4.1101714e-05,4.069161e-05,0.03407936,1,-0.012838885,-0.007941378,0.27321076,0.10658145,0.106737934,0.08519618,0.7025177,-0.00076399476,0.0005587092,0.7116657,0,6,1785207424728832,1785207424728832,-0.029593842,-0.029649397,0.15554337,1,0.014193143,0.014027459,0.0060456395
1785207424744116390,-0.0007474085,-0.0011192393,0.0023328543,4.1138217e-05,4.072579e-05,0.03407972,1,-0.012696658,-0.007790947,0.27298656,0.1069593,0.10711695,0.0854543,0.7025167,-0.0007598899,0.0005482689,0.7116667,0,6,1785207424736832,1785207424736832,-0.029457957,-0.029649023,0.15545008,1,0.014257262,0.014089957,0.006057724
1785207424752085497,-0.00021476788,0.002609184,-6.39875e-05,4.1174804e-05,4.076196e-05,0.034080077,1,-0.012563377,-0.0076508354,0.27280417,0.10733939,0.10749819,0.08571328,0.7025164,-0.00077131815,0.00055245264,0.711667,0,6,1785207424744832,1785207424744832,-0.029350836,-0.029631564,0.15543908,1,0.014321496,0.014152555,0.0060698153
1785207424764099892,0.0011168104,-5.397573e-05,-6.3987456e-05,4.124871e-05,4.0834217e-05,0.034080807,1,-0.012322492,-0.0073976344,0.2725045,0.10810634,0.10826738,0.0856382,0.70252055,-0.00076850876,0.0005535518,0.7116628,0,6,1785207424760832,1785207424760832,-0.029036293,-0.029347992,0.15548877,1,0.014450906,0.014278681,0.006072734
1785207424772112361,0.00085049454,0.00047865696,-0.0008629391,4.1285904e-05,4.087136e-05,0.034081172,1,-0.012213223,-0.007284555,0.2724145,0.10849322,0.108655356,0.08589799,0.7025251,-0.0007652204,0.0005545361,0.7116584,0,6,1785207424768832,1785207424768832,-0.028920665,-0.02938898,0.15545933,1,0.014515922,0.014341659,0.0060848314
1785207424784058207,-0.0007472907,-0.0027179942,-0.0019359218,4.1323816e-05,4.090674e-05,0.034078874,1,-0.01211258,-0.0071752183,0.2723624,0.108876,0.10904355,0.08615865,0.7025318,-0.00076111907,0.000546514,0.7116518,0,6,1785207424776832,1785207424776832,-0.02878378,-0.029282583,0.15534817,1,0.01457202,0.014401313,0.006096936
1785207424792057190,-0.00074729184,0.0012767483,-0.00033802306,4.1361072e-05,4.0944553e-05,0.034079224,1,-0.01201898,-0.0070736236,0.27234712,0.10926735,0.109436035,0.08642018,0.7025374,-0.0007664458,0.0005418516,0.7116462,0,6,1785207424784832,1785207424784832,-0.028608423,-0.029103419,0.15532275,1,0.014637483,0.014464988,0.006109047
1785207424804046368,5.165732e-05,-0.00032114936,0.00019461082,4.1435927e-05,4.1020012e-05,0.03407994,1,-0.011853846,-0.0068922886,0.2724241,0.11005699,0.11022789,0.08694586,0.7025425,-0.00076461205,0.00052553625,0.71164125,0,6,1785207424800832,1785207424800832,-0.028410453,-0.028902631,0.15528443,1,0.014769237,0.014593218,0.006133291
1785207424812050762,5.1658484e-05,-0.0016527288,-0.0011369726,4.147296e-05,4.105874e-05,0.034080304,1,-0.011780848,-0.0068148407,0.2724904,0.11045531,0.11062729,0.08659902,0.7025479,-0.0007612661,0.0005206285,0.7116358,0,6,1785207424808832,1785207424808832,-0.028098958,-0.029030133,0.15534818,1,0.014835527,0.014657301,0.006123445
1785207424824017607,0.00031797093,0.001809381,-7.1707196e-05,4.1510684e-05,4.109514e-05,0.03408067,1,-0.011713493,-0.006747138,0.27259058,0.11085598,0.11102903,0.0868622,0.7025541,-0.0007647314,0.00052097166,0.71162975,0,6,1785207424816832,1785207424816832,-0.027908621,-0.029340873,0.15531994,1,0.014901983,0.014721745,0.0061355685
1785207424832015869,0.0027148195,-0.001386412,0.0023251374,4.1547784e-05,4.1132032e-05,0.03408104,1,-0.011651264,-0.006689632,0.2727247,0.11125901,0.1114331,0.087126255,0.70255077,-0.00075652916,0.0005240569,0.7116331,0,6,1785207424824832,1785207424824832,-0.027562192,-0.029519351,0.15552472,1,0.014968707,0.014786531,0.006147699
1785207424844026397,0.002448501,-5.4832548e-05,-0.0014032883,4.1622265e-05,4.1206105e-05,0.034081753,1,-0.011547242,-0.006598277,0.27309024,0.112072214,0.11224832,0.087657005,0.70256174,-0.0007370898,0.0005257648,0.71162224,0,6,1785207424840832,1785207424840832,-0.027733427,-0.02939451,0.15541062,1,0.015102767,0.0149166575,0.0061719813
1785207424852094592,-0.00074750814,0.0015431559,-0.00033719096,4.1659634e-05,4.12496e-05,0.034079425,1,-0.011503801,-0.0065624933,0.27331808,0.112474814,0.11265699,0.0879237,0.7025658,-0.0007405506,0.0005269376,0.7116182,0,6,1785207424848832,1785207424848832,-0.027590351,-0.029228017,0.15537912,1,0.015160178,0.014977779,0.006184133
1785207424864010431,5.1439973e-05,-0.0003210581,-0.0016687672,4.1697363e-05,4.128572e-05,0.034079783,1,-0.011465283,-0.006533742,0.27357042,0.11288728,0.113070495,0.087566495,0.70257276,-0.0007436196,0.0005254882,0.7116114,0,6,1785207424856832,1785207424856832,-0.027284969,-0.029269226,0.15556963,1,0.015227656,0.015043226,0.006173741
1785207424871988385,0.0013830164,-0.0008536894,0.0017933416,4.1734645e-05,4.1322288e-05,0.03408014,1,-0.011431506,-0.006511617,0.2738528,0.113302164,0.11348641,0.08783307,0.7025732,-0.0007372595,0.00052298995,0.7116109,0,6,1785207424864832,1785207424864832,-0.027204676,-0.029230135,0.15565206,1,0.015295516,0.0151091395,0.00618589
1785207424884039109,-0.0015464498,-0.0011200085,-0.0030003495,4.1809766e-05,4.139623e-05,0.034080863,1,-0.011381234,-0.006487242,0.27450472,0.11413925,0.11432548,0.08836886,0.7025762,-0.000740681,0.00051001593,0.71160793,0,6,1785207424880832,1785207424880832,-0.02704316,-0.029180272,0.15604806,1,0.015432138,0.01524143,0.0062102093
1785207424892043232,-0.0034106723,0.00021157786,-0.0011361396,4.1847015e-05,4.143426e-05,0.034081213,1,-0.011364741,-0.0064839353,0.2748732,0.11456148,0.114748664,0.08863809,0.70258415,-0.0007489548,0.0004996035,0.7116002,0,6,1785207424888832,1785207424888832,-0.027065897,-0.029122856,0.1561649,1,0.015500775,0.015308032,0.00622238
1785207424903984098,-0.00074750895,-0.0040494814,-0.00060349866,4.1885833e-05,4.147254e-05,0.03408157,1,-0.011353669,-0.006487493,0.2752695,0.11498619,0.11517431,0.08890821,0.70258856,-0.0007462806,0.00048669873,0.7115958,0,6,1785207424896832,1785207424896832,-0.026968231,-0.029252617,0.15646566,1,0.015569593,0.015374835,0.006234557
1785207424911971039,0.0013830168,-0.0021852688,0.002059662,4.192378e-05,4.1507745e-05,0.034081943,1,-0.0113490205,-0.0064981394,0.27569312,0.115413375,0.11560242,0.089179225,0.7025865,-0.0007356983,0.00047580423,0.71159786,0,6,1785207424904832,1785207424904832,-0.027203742,-0.029377786,0.1566815,1,0.01563856,0.015441883,0.0062467414
1785207424924005933,0.0029807459,-0.002451111,-0.00033299628,4.1999505e-05,4.1579362e-05,0.03407999,1,-0.011356621,-0.0065426254,0.2765746,0.11626633,0.11646309,0.08907732,0.70259464,-0.0007211055,0.0004824141,0.7115898,0,6,1785207424920832,1785207424920832,-0.027083913,-0.029452533,0.1565248,1,0.015766792,0.015571996,0.006247696
1785207424931982755,-0.0018129372,0.0007446832,-0.0029961634,4.2037052e-05,4.1616804e-05,0.03408035,1,-0.0113680465,-0.006576431,0.27703264,0.1167009,0.116898604,0.089349054,0.702602,-0.00072336715,0.00047916453,0.71158254,0,6,1785207424928832,1785207424928832,-0.027284998,-0.029646797,0.15671255,1,0.015836615,0.015639761,0.0062598847
1785207424943984366,-0.0004813657,-0.00058689574,0.0009985847,4.2075273e-05,4.1656054e-05,0.034080707,1,-0.011386175,-0.00661691,0.27751634,0.11713801,0.11733663,0.08962168,0.7026044,-0.00072599354,0.0004756075,0.71158016,0,6,1785207424936832,1785207424936832,-0.027350532,-0.029736722,0.15699685,1,0.01590661,0.015707659,0.0062720804
1785207424951983380,0.0003175866,0.0015436318,0.001264899,4.211289e-05,4.169493e-05,0.034081057,1,-0.011408431,-0.0066641984,0.27802512,0.11757767,0.117777176,0.0898952,0.7026018,-0.0007267443,0.00047476953,0.7115827,0,6,1785207424944832,1785207424944832,-0.027038252,-0.029977757,0.15711948,1,0.015976833,0.0157759,0.0062842835
1785207424963937471,-0.0010139938,-0.0011195298,-0.00219721,4.2188654e-05,4.1770116e-05,0.034081772,1,-0.011465275,-0.006780424,0.2791097,0.11846469,0.11866592,0.09044495,0.7026046,-0.00074449816,0.00048409865,0.7115799,0,6,1785207424960832,1785207424960832,-0.027124852,-0.03043503,0.15703091,1,0.016118152,0.015912725,0.0063087093
1785207424971950591,0.0011165327,-0.0016521611,0.0007322694,4.2227162e-05,4.1807514e-05,0.03408213,1,-0.011501563,-0.0068489336,0.27968523,0.11891208,0.11911412,0.090721175,0.70260555,-0.00073805207,0.00047935278,0.7115791,0,6,1785207424968832,1785207424968832,-0.026987651,-0.030645106,0.15721221,1,0.016189288,0.015981574,0.0063209324
1785207424983971409,-0.0028782063,0.00021205097,0.0004659455,4.226518e-05,4.1840816e-05,0.034082495,1,-0.011541351,-0.0069234055,0.28026268,0.11936207,0.119564906,0.09033327,0.7026044,-0.0007421107,0.00046933242,0.71158016,0,6,1785207424976832,1785207424976832,-0.026859062,-0.030674912,0.15734157,1,0.016260454,0.016050316,0.006308981
1785207424991956185,0.001649014,-5.4480508e-05,-6.852453e-05,4.2302912e-05,4.1874795e-05,0.034080207,1,-0.0115834465,-0.0070010317,0.2808621,0.11980442,0.12001483,0.090609275,0.7026055,-0.0007432385,0.0004729501,0.7115791,0,6,1785207424984832,1785207424984832,-0.02675085,-0.030648364,0.15749481,1,0.016320638,0.016115142,0.0063212016
1785207425003935574,-0.0007478293,0.0023423648,0.0023283195,4.2379732e-05,4.1945194e-05,0.034080945,1,-0.011684451,-0.0071703126,0.2821273,0.1207172,0.12092928,0.091164,0.7025952,-0.00075783196,0.00047013594,0.7115892,0,6,1785207425000832,1785207425000832,-0.027156547,-0.030686593,0.15815534,1,0.01646445,0.016254844,0.0063456637
1785207425011904311,-0.0004815117,0.00047815125,0.00019778869,4.2418284e-05,4.1983167e-05,0.03408131,1,-0.01174365,-0.0072624832,0.28279388,0.12117756,0.12139044,0.09144273,0.7025926,-0.0007607922,0.00046903398,0.7115918,0,6,1785207425008832,1785207425008832,-0.027282339,-0.030738262,0.15842304,1,0.01653655,0.016324582,0.006357905
1785207425023900461,0.0019153269,0.0007444662,-0.0006011584,4.245631e-05,4.2018815e-05,0.034081683,1,-0.011807218,-0.0073594246,0.28348088,0.121640585,0.12185424,0.09172236,0.7025983,-0.000758518,0.00047404342,0.7115862,0,6,1785207425016832,1785207425016832,-0.02720585,-0.030713258,0.15866154,1,0.016608987,0.016394868,0.0063701533
1785207425031918891,-0.00021519745,0.0015434152,0.0007304203,4.2494725e-05,4.2056934e-05,0.03408204,1,-0.011875185,-0.0074607194,0.2841887,0.1221063,0.1223207,0.09200291,0.7025952,-0.00076223945,0.00047607135,0.7115893,0,6,1785207425024832,1785207425024832,-0.027302874,-0.030784152,0.15887563,1,0.016681619,0.016465336,0.0063824086
1785207425043956019,-0.00021519745,-0.0011197454,0.0001977884,4.2571402e-05,4.213942e-05,0.034082755,1,-0.012026179,-0.0076784827,0.28563073,0.12304582,0.12326162,0.09187869,0.7025939,-0.00076472806,0.00047317703,0.71159047,0,6,1785207425040832,1785207425040832,-0.02759748,-0.030987214,0.15938161,1,0.016827634,0.016607068,0.006381838
1785207425051958869,0.0003174282,-0.0032502734,0.0009967398,4.2609325e-05,4.217935e-05,0.03408312,1,-0.012109517,-0.0077954247,0.28636408,0.12351965,0.12373613,0.09215988,0.7025939,-0.00075706065,0.0004633998,0.71159047,0,6,1785207425048832,1785207425048832,-0.027664289,-0.031216027,0.1595108,1,0.016900962,0.016678132,0.006394096
1785207425063906608,0.00031716592,-5.427189e-05,0.0028627722,4.264671e-05,4.2216772e-05,0.03408084,1,-0.012194308,-0.007920182,0.28711593,0.1239843,0.124209285,0.09244198,0.70258594,-0.0007531973,0.00046119554,0.71159834,0,6,1785207425056832,1785207425056832,-0.027720716,-0.031471547,0.15958172,1,0.016962478,0.016744751,0.0064063612
1785207425071880194,-0.0015470431,-0.00032058917,-0.0005993397,4.26855e-05,4.2251202e-05,0.0340812,1,-0.012284043,-0.008050834,0.2878848,0.12446343,0.12468915,0.09272501,0.70258576,-0.00075498305,0.0004586235,0.7115986,0,6,1785207425064832,1785207425064832,-0.027907506,-0.031783324,0.15954158,1,0.017036596,0.016816704,0.0064186333
1785207425083901291,0.0005834842,0.0012773089,0.0012648759,4.276236e-05,4.2323227e-05,0.03408192,1,-0.012475714,-0.008331719,0.28947404,0.12543,0.12565708,0.09329382,0.70257986,-0.00076992245,0.00046712678,0.7116044,0,6,1785207425080832,1785207425080832,-0.027731437,-0.0322356,0.1597787,1,0.017185315,0.016961148,0.006443199
1785207425091906736,0.002447696,-5.4271426e-05,0.001264877,4.2801043e-05,4.2362175e-05,0.03408227,1,-0.012575559,-0.008478196,0.29029372,0.12591746,0.1261452,0.09357961,0.7025768,-0.00076572463,0.00047378673,0.7116074,0,6,1785207425088832,1785207425088832,-0.027737794,-0.03212174,0.15996417,1,0.017259873,0.017033571,0.0064554918
1785207425103869263,-0.0007480987,0.0023425738,0.00019960845,4.2839743e-05,4.2399857e-05,0.034082633,1,-0.012679792,-0.008628266,0.29105836,0.12640773,0.12663609,0.09315887,0.7025752,-0.00077016425,0.0004770472,0.71160895,0,6,1785207425096832,1785207425096832,-0.027858032,-0.03225593,0.15999617,1,0.017334884,0.017106032,0.0064419163
1785207425111870431,0.0008497987,0.00074467715,-0.0005993365,4.287948e-05,4.2438263e-05,0.034082994,1,-0.012788624,-0.00878372,0.2918411,0.1269008,0.12712976,0.09344435,0.7025755,-0.0007731094,0.00048262154,0.71160865,0,6,1785207425104832,1785207425104832,-0.028026016,-0.032551058,0.16029054,1,0.017410368,0.017179184,0.006454205
1785207425123862373,-0.0044765268,-0.0016521662,-0.00059934345,4.291846e-05,4.2476833e-05,0.03408335,1,-0.012900486,-0.008943621,0.29264277,0.12739673,0.12762624,0.09373075,0.70257765,-0.000777822,0.0004705243,0.71160656,0,6,1785207425112832,1785207425112832,-0.027773209,-0.032477964,0.16060714,1,0.017486013,0.017252667,0.006466501
1785207425131883007,0.004571471,0.0010035918,0.0010026813,4.0851377e-05,4.052599e-05,0.034079198,1,-0.012591427,-0.008666396,0.2920342,0.10655397,0.10671196,0.08489825,0.7025815,-0.0007769737,0.00047812497,0.71160275,0,6,1785207425128832,1785207425128832,-0.027286688,-0.03229407,0.16076478,1,0.0141368145,0.013970699,0.0060117603
1785207425143875130,0.0013756827,0.00020464556,0.0012689906,4.088836e-05,4.0560713e-05,0.034079548,1,-0.012449953,-0.008543334,0.29179913,0.1069313,0.10709048,0.0851548,0.7025771,-0.00076943694,0.00048390217,0.71160704,0,6,1785207425136832,1785207425136832,-0.027288795,-0.032264043,0.16090935,1,0.0142004965,0.01403254,0.0060237455
1785207425151876668,-0.00022221531,-0.0003279862,0.0023342601,4.0925075e-05,4.0599043e-05,0.0340799,1,-0.012317366,-0.008429957,0.29160923,0.10731086,0.107471205,0.085412204,0.702572,-0.00077164534,0.00048287457,0.71161216,0,6,1785207425144832,1785207425144832,-0.02717757,-0.032132927,0.1610599,1,0.014264385,0.0140948575,0.006035737
1785207425163854895,-0.0039506415,-0.0016595656,0.00073635846,4.09994e-05,4.067442e-05,0.034080606,1,-0.012075806,-0.008231073,0.291327,0.10807672,0.108239345,0.08533635,0.70256615,-0.0007701969,0.00044818563,0.71161795,0,6,1785207425160832,1785207425160832,-0.026852224,-0.03214857,0.16101393,1,0.014392655,0.014219709,0.0060385894
1785207425171861282,0.0013756807,-0.00059430115,0.0007363676,4.1036506e-05,4.07078e-05,0.034080964,1,-0.011966358,-0.008146616,0.29123342,0.10846305,0.10862678,0.08559456,0.70256436,-0.000768239,0.00044464288,0.71161973,0,6,1785207425168832,1785207425168832,-0.026768005,-0.032230146,0.16106574,1,0.014457228,0.014282403,0.006050587
1785207425183855699,0.0008430482,0.003933073,0.00020373035,4.1073676e-05,4.0744137e-05,0.03408132,1,-0.01186613,-0.00807158,0.29117984,0.10885166,0.109016486,0.08585363,0.702564,-0.00077313563,0.0004531364,0.7116201,0,6,1785207425176832,1785207425176832,-0.026972838,-0.032201495,0.16105048,1,0.014522081,0.014345476,0.0060625914
1785207425191853811,0.00031041674,0.00020464743,0.0012689952,4.1110914e-05,4.0780946e-05,0.03408168,1,-0.011775121,-0.008004958,0.29116517,0.10924255,0.10940845,0.086113565,0.70256096,-0.0007757296,0.0004556492,0.7116231,0,6,1785207425184832,1785207425184832,-0.027025355,-0.0320858,0.1610495,1,0.014587088,0.01440871,0.0060746027
1785207425203849150,4.378776e-05,0.0010035764,-6.2690226e-05,4.1184143e-05,4.0854386e-05,0.034079812,1,-0.011609095,-0.0078939665,0.29124406,0.110024504,0.1101971,0.08663603,0.7025574,-0.00078239053,0.0004562189,0.7116266,0,6,1785207425200832,1785207425200832,-0.026628926,-0.031868078,0.16060612,1,0.014708756,0.014532177,0.0060986457
1785207425211870255,4.3782522e-05,-0.0035237959,-0.0029921695,4.1220992e-05,4.088991e-05,0.03408017,1,-0.011535444,-0.007850265,0.2913354,0.110422224,0.110595904,0.086898565,0.70256555,-0.000776268,0.00045018544,0.71161854,0,6,1785207425208832,1785207425208832,-0.02645021,-0.031849135,0.16052713,1,0.014774657,0.014596202,0.0061106775
1785207425223833152,-0.00048884645,0.00020462973,-0.00086164125,4.125811e-05,4.0927305e-05,0.034080528,1,-0.011467873,-0.007813938,0.29144335,0.11082228,0.110997036,0.086551644,0.702568,-0.0007731382,0.0004419008,0.7116161,0,6,1785207425216832,1785207425216832,-0.026304945,-0.031742126,0.16040052,1,0.014840906,0.014660647,0.0061008623
1785207425231921114,4.378159e-05,-0.0013932665,-0.003258484,4.1295716e-05,4.0966424e-05,0.034080878,1,-0.011406014,-0.0077847154,0.2915847,0.111224696,0.1114005,0.086814076,0.7025773,-0.00077306735,0.00044038918,0.7116069,0,6,1785207425224832,1785207425224832,-0.026119605,-0.031696107,0.16037337,1,0.014907228,0.01472498,0.006112892
1785207425243920079,0.00057641824,0.0015362096,-0.0011279555,4.1370477e-05,4.1034265e-05,0.034081593,1,-0.011298674,-0.007747015,0.29196706,0.11203662,0.112214476,0.08734156,0.70257735,-0.0007800718,0.0004385257,0.7116069,0,6,1785207425240832,1785207425240832,-0.025543924,-0.031536024,0.16048202,1,0.015040529,0.014854353,0.0061369734
1785207425251878466,-0.00022253266,-0.00059431884,0.002600471,4.140801e-05,4.1070845e-05,0.034081966,1,-0.01125129,-0.0077381134,0.2922057,0.11244617,0.11262501,0.08760662,0.70257187,-0.00078110927,0.00043594575,0.71161234,0,6,1785207425248832,1785207425248832,-0.02535535,-0.031396724,0.1603922,1,0.015107641,0.014919596,0.0061490242
1785207425263848146,0.0024406337,-6.168662e-05,-0.0019269008,4.1445615e-05,4.110625e-05,0.03408233,1,-0.011209464,-0.007734678,0.2924753,0.11285811,0.11303792,0.08787255,0.70257473,-0.000774642,0.00043718604,0.71160954,0,6,1785207425256832,1785207425256832,-0.025285639,-0.031271134,0.16053961,1,0.015174834,0.014984902,0.0061610816
1785207425271846208,-0.0026193946,-0.000860414,-0.0011259764,4.1482454e-05,4.1148174e-05,0.034080107,1,-0.011172685,-0.0077399313,0.2927472,0.11326461,0.11345067,0.08751531,0.70257753,-0.00077829626,0.00043121926,0.7116067,0,6,1785207425264832,1785207425264832,-0.025105255,-0.03141819,0.1604693,1,0.015232154,0.015045913,0.0061507258
1785207425283840986,0.0013753464,-0.004322523,-0.0008596537,4.155749e-05,4.121739e-05,0.03408083,1,-0.011114176,-0.0077704964,0.29338172,0.11410034,0.1142884,0.08804779,0.70258504,-0.0007614339,0.00040892934,0.71159935,0,6,1785207425280832,1785207425280832,-0.025074698,-0.03121267,0.16098104,1,0.015367373,0.0151770795,0.006174844
1785207425291949876,0.0008427111,-6.146589e-05,0.0018035031,4.159486e-05,4.1248888e-05,0.034081187,1,-0.011095259,-0.0077935862,0.29374444,0.11452186,0.1147109,0.088315345,0.70258135,-0.00075417536,0.0004057707,0.711603,0,6,1785207425288832,1785207425288832,-0.025179606,-0.031104116,0.16106531,1,0.015435322,0.015243147,0.0061869132
1785207425303840478,-0.0010214945,-0.0019256799,-0.0003270249,4.1632364e-05,4.128566e-05,0.034081545,1,-0.0110812895,-0.007821911,0.29413497,0.11494585,0.11513584,0.0885838,0.7025799,-0.0007540542,0.00039999755,0.71160436,0,6,1785207425296832,1785207425296832,-0.024936954,-0.031051429,0.16113733,1,0.01550349,0.01530936,0.006198989
1785207425311798984,4.376343e-05,-0.000860414,0.0010045553,4.1669184e-05,4.1324824e-05,0.034081902,1,-0.011070527,-0.007856895,0.2945525,0.115372315,0.11556323,0.08885313,0.7025785,-0.0007486482,0.00039282042,0.7116058,0,6,1785207425304832,1785207425304832,-0.024579862,-0.03116182,0.16110122,1,0.015572131,0.015375951,0.006211072
1785207425323787120,-0.0026193974,0.00047116866,0.002336136,4.1743617e-05,4.1404222e-05,0.03408261,1,-0.011059268,-0.007946062,0.2954641,0.11623272,0.11642542,0.08939445,0.70257026,-0.0007661272,0.0003871568,0.7116139,0,6,1785207425320832,1785207425320832,-0.02422182,-0.031321,0.16107136,1,0.015710007,0.015509718,0.006235258
1785207425332179395,-0.0023530764,0.00047116494,0.0012708724,4.1781677e-05,4.143891e-05,0.034082968,1,-0.011060333,-0.007999363,0.29591787,0.1166667,0.11686024,0.08902067,0.7025631,-0.0007746284,0.00037746184,0.7116209,0,6,1785207425328832,1785207425328832,-0.024245491,-0.031211145,0.16117956,1,0.015779348,0.015577247,0.0062240646
1785207425343852316,0.00030977267,0.0018030079,-0.0011236229,4.181921e-05,4.1475225e-05,0.034080762,1,-0.01106384,-0.008060029,0.29639837,0.11709397,0.11729453,0.089291595,0.7025651,-0.000779453,0.00038140564,0.711619,0,6,1785207425336832,1785207425336832,-0.02417511,-0.03128777,0.16144724,1,0.01583819,0.015640426,0.006236159
1785207425351851309,-0.0007554919,-6.120466e-05,-0.0011236239,4.1857074e-05,4.151191e-05,0.034081127,1,-0.011072045,-0.008126899,0.2969047,0.11753286,0.11773431,0.089563414,0.70256686,-0.00078083726,0.00037752578,0.71161723,0,6,1785207425344832,1785207425344832,-0.024154024,-0.031425465,0.1614766,1,0.015908137,0.015708286,0.00624826
1785207425363797024,0.0008423998,-0.0011264677,0.0028711215,4.193219e-05,4.1585026e-05,0.03408185,1,-0.011100454,-0.008280831,0.29798943,0.11841829,0.11862149,0.09010972,0.7025617,-0.0007881142,0.00036993844,0.7116223,0,6,1785207425360832,1785207425360832,-0.023775531,-0.03178141,0.16165291,1,0.016048636,0.015844572,0.006272482
1785207425371800315,0.00030977256,0.0015366909,0.002338485,4.1969597e-05,4.1622712e-05,0.034082204,1,-0.0111194,-0.008365973,0.29856676,0.118864864,0.1190689,0.090384215,0.70255244,-0.0007891554,0.00037341937,0.7116314,0,6,1785207425368832,1785207425368832,-0.023577528,-0.031632535,0.16164085,1,0.01611925,0.015913097,0.0062846034
1785207425383805423,-0.0023533895,0.00020511169,0.0034037505,4.2007425e-05,4.1659176e-05,0.034082565,1,-0.011141306,-0.008455187,0.2991668,0.11931403,0.119518876,0.09065962,0.7025425,-0.0007961573,0.00036713266,0.71164125,0,6,1785207425376832,1785207425376832,-0.023365188,-0.03159607,0.16176343,1,0.016190052,0.015981752,0.0062967315
1785207425391842498,0.00084240583,0.0004714285,0.00074059144,4.20452e-05,4.169841e-05,0.034082916,1,-0.011166931,-0.008549651,0.29973993,0.1197658,0.11997143,0.090271786,0.70253706,-0.00079869345,0.00036921736,0.7116467,0,6,1785207425384832,1785207425384832,-0.02336331,-0.031723052,0.1619153,1,0.016261026,0.016050616,0.0062848306
1785207425403803432,0.00057608855,-0.0027243658,-0.0003246779,4.2121093e-05,4.1771676e-05,0.034083646,1,-0.011230376,-0.00875387,0.3009571,0.12067721,0.120884344,0.09082304,0.70253336,-0.00076670456,0.00035045086,0.7116503,0,6,1785207425400832,1785207425400832,-0.023089778,-0.031704724,0.16236788,1,0.01640388,0.01618896,0.006309088
1785207425411828093,-0.0010219427,-0.0021919515,-0.0005928835,4.2158914e-05,4.180544e-05,0.034081444,1,-0.011265062,-0.0088613,0.30160055,0.121126115,0.12134113,0.09110002,0.7025336,-0.000763528,0.0003433333,0.7116501,0,6,1785207425408832,1785207425408832,-0.022940895,-0.031871036,0.16252038,1,0.01646407,0.016253764,0.0063212267
1785207425423797043,4.3322216e-05,-0.00059405575,-0.0016581425,4.2196792e-05,4.1844753e-05,0.0340818,1,-0.011303348,-0.008973832,0.302265,0.12158826,0.121804066,0.0913779,0.7025377,-0.0007626058,0.00033550375,0.7116461,0,6,1785207425416832,1785207425416832,-0.02292994,-0.03183433,0.16254789,1,0.01653616,0.016323643,0.006333372
1785207425431795896,0.00030963426,0.00020489423,0.0018039617,4.2234307e-05,4.1883606e-05,0.03408216,1,-0.011345961,-0.009089956,0.30295035,0.12205307,0.12226965,0.091656685,0.70253456,-0.000760609,0.0003371642,0.7116492,0,6,1785207425424832,1785207425424832,-0.022956302,-0.031704064,0.1627091,1,0.01660827,0.016393557,0.0063455245
1785207425443806403,0.00084227265,0.0012701582,-6.025077e-05,4.230935e-05,4.1954234e-05,0.034082897,1,-0.011442115,-0.009330632,0.30438206,0.12299077,0.1232088,0.09221698,0.7025264,-0.0007562544,0.00034405667,0.7116572,0,6,1785207425440832,1785207425440832,-0.022748817,-0.031417668,0.16293468,1,0.016753105,0.016534459,0.0063698497
1785207425451790298,-0.00048931607,-0.003257215,-0.0011255125,4.234724e-05,4.1992487e-05,0.034083262,1,-0.011495288,-0.0094559705,0.3050904,0.123463675,0.12368239,0.09181144,0.70253086,-0.00075154926,0.00033497947,0.7116529,0,6,1785207425448832,1785207425448832,-0.022877667,-0.03130835,0.16311127,1,0.016826063,0.016605156,0.0063570747
1785207425463794243,0.0011085843,-0.0027245833,0.0012713321,4.2385007e-05,4.2029576e-05,0.034083627,1,-0.0115532335,-0.009584701,0.3058198,0.123939306,0.12415867,0.09209177,0.702527,-0.0007415854,0.00032901388,0.7116567,0,6,1785207425456832,1785207425456832,-0.022911562,-0.031303063,0.16338326,1,0.016899416,0.016676126,0.0063692373
1785207425471786183,4.332431e-05,-0.003257216,-0.0013918311,4.2423268e-05,4.206912e-05,0.034083992,1,-0.011614501,-0.009717197,0.30656952,0.12441767,0.12463767,0.092373006,0.7025284,-0.00073159806,0.00031933,0.71165526,0,6,1785207425464832,1785207425464832,-0.022861755,-0.031263,0.16360193,1,0.016972993,0.016747411,0.0063814064
1785207425483798885,-0.00075605663,0.0020693506,-0.0013896729,4.2499312e-05,4.2153148e-05,0.034082152,1,-0.011739896,-0.009998746,0.30812803,0.12537023,0.12559965,0.09293822,0.7025312,-0.0007272354,0.00032675426,0.71165246,0,6,1785207425480832,1785207425480832,-0.022962196,-0.03160552,0.16399902,1,0.017108552,0.016885752,0.006405765
1785207425491830730,0.0005755191,0.0015367186,0.0015398052,4.2537744e-05,4.219007e-05,0.034082517,1,-0.011808099,-0.010147907,0.3089355,0.1258567,0.12608679,0.0932222,0.7025296,-0.0007286359,0.00033146027,0.7116541,0,6,1785207425488832,1785207425488832,-0.022825835,-0.03182576,0.16422026,1,0.01718258,0.016957583,0.006417955
1785207425503816390,4.2891363e-05,0.0044661947,-0.0008570393,4.2575914e-05,4.2228505e-05,0.034082882,1,-0.011878099,-0.0103015145,0.3097612,0.12634596,0.12657669,0.0935071,0.7025276,-0.0007413676,0.00034141273,0.71165615,0,6,1785207425496832,1785207425496832,-0.0226694,-0.03186754,0.16435872,1,0.0172571,0.017029902,0.006430151
1785207425511773675,0.00084183714,-6.117765e-05,-0.0037865168,4.261439e-05,4.226992e-05,0.034083247,1,-0.011950994,-0.010458416,0.3105643,0.12683803,0.12706937,0.09308657,0.70253503,-0.00074315374,0.00034732764,0.7116487,0,6,1785207425504832,1785207425504832,-0.022641122,-0.03179882,0.1646987,1,0.017331876,0.017102368,0.0064166402
1785207425523810843,0.0003032526,0.0015241087,0.00021423752,4.0581825e-05,4.0345632e-05,0.03408314,1,-0.011859701,-0.010271278,0.31099904,0.106157795,0.10631228,0.08435584,0.70253825,-0.0007505513,0.00036981952,0.7116455,0,6,1785207425520832,1785207425520832,-0.022195054,-0.03172889,0.16496715,1,0.014027855,0.013859472,0.0059676473
1785207425531779028,-0.0010283268,-0.0011390531,0.000746871,4.0618113e-05,4.038533e-05,0.034083497,1,-0.011700078,-0.009938105,0.310658,0.106532514,0.10668814,0.08461003,0.70253587,-0.0007517943,0.0003641314,0.7116479,0,6,1785207425528832,1785207425528832,-0.022017352,-0.031589095,0.16477141,1,0.01409098,0.013920756,0.0059795314
1785207425543807119,-0.0004956955,0.0007251599,-0.0003183936,4.06545e-05,4.042062e-05,0.034083854,1,-0.011548234,-0.009619051,0.31036377,0.10690945,0.10706619,0.08486507,0.7025368,-0.0007534117,0.00035809726,0.711647,0,6,1785207425536832,1785207425536832,-0.021896526,-0.03144317,0.16474554,1,0.014154341,0.013982326,0.005991422
1785207425551834275,-0.0031590746,-0.0011390098,0.00074732536,4.0690607e-05,4.04531e-05,0.03408172,1,-0.011402135,-0.009314966,0.31011558,0.107282706,0.107444614,0.08512097,0.702534,-0.0007564983,0.00034681978,0.7116497,0,6,1785207425544832,1785207425544832,-0.021640511,-0.031504896,0.16462632,1,0.014209131,0.0140404375,0.0060033198
1785207425563794087,0.00083566597,-0.0019379561,-5.161669e-05,4.0763436e-05,4.0523468e-05,0.034082443,1,-0.01113037,-0.008747422,0.3096837,0.1080475,0.10821171,0.08504788,0.7025358,-0.0007623085,0.00032624,0.711648,0,6,1785207425560832,1785207425560832,-0.021395853,-0.031188946,0.16439836,1,0.014336786,0.014164392,0.006006354
1785207425571773112,0.0016346141,0.0007252046,-0.0005842503,4.079997e-05,4.0561117e-05,0.0340828,1,-0.0110056605,-0.008482724,0.3095332,0.108433284,0.10859861,0.08530458,0.7025375,-0.0007579298,0.00032564675,0.7116463,0,6,1785207425568832,1785207425568832,-0.021287236,-0.031048305,0.16442043,1,0.014401096,0.014226918,0.0060182572
1785207425583786826,-0.00049591693,-0.00034006033,0.0015462732,4.0836465e-05,4.0595234e-05,0.034083158,1,-0.010887522,-0.008231139,0.3094247,0.10882134,0.10898777,0.08556213,0.7025346,-0.0007558026,0.0003243192,0.7116491,0,6,1785207425576832,1785207425576832,-0.021103662,-0.031143922,0.16432407,1,0.014465528,0.014289583,0.0060301675
1785207425591792311,-0.00022959663,0.0001925719,-0.0013831987,4.0872983e-05,4.062914e-05,0.034083515,1,-0.010775445,-0.007993024,0.3093568,0.109211676,0.10937919,0.08582055,0.7025363,-0.0007585553,0.00032034598,0.71164745,0,6,1785207425584832,1785207425584832,-0.02083868,-0.031139959,0.1643288,1,0.014530237,0.014352495,0.006042084
1785207425603826995,-0.0010285465,-0.0008726921,-5.1621686e-05,4.0946237e-05,4.0699277e-05,0.034084238,1,-0.010564481,-0.0075520896,0.30934265,0.10999925,0.11016887,0.08633996,0.70253444,-0.00074060296,0.00029681248,0.7116493,0,6,1785207425600832,1785207425600832,-0.020185059,-0.030880615,0.16466896,1,0.014660336,0.014478928,0.006065937
1785207425611938671,-0.0012948631,0.0007252041,0.0002146943,4.0982908e-05,4.073353e-05,0.034084603,1,-0.010467452,-0.007348114,0.30939516,0.110396504,0.110567145,0.08660096,0.70253354,-0.0007433466,0.00029216072,0.71165025,0,6,1785207425608844,1785207425608844,-0.020076176,-0.03075497,0.1649033,1,0.014725659,0.01454241,0.006077874
1785207425623811107,0.0005684116,-0.003269882,0.0012769434,4.101984e-05,4.0769064e-05,0.03408246,1,-0.010368362,-0.0071514226,0.30945075,0.11078908,0.110965505,0.08625666,0.7025315,-0.00073664647,0.000283449,0.7116522,0,6,1785207425616844,1785207425616844,-0.019925408,-0.03046364,0.16486697,1,0.014781841,0.014602228,0.0060682185
1785207425631839035,-0.00076316984,-0.0019383011,0.002874836,4.105659e-05,4.079997e-05,0.03408282,1,-0.010274996,-0.0069639166,0.3095423,0.111190885,0.11136837,0.086517565,0.7025247,-0.00073066895,0.00027023547,0.71165895,0,6,1785207425624844,1785207425624844,-0.019767717,-0.030238295,0.16485882,1,0.014847619,0.014666175,0.006080154
1785207425643858921,0.0016336777,-0.0011393498,0.003673791,4.112998e-05,4.0870902e-05,0.03408354,1,-0.010105087,-0.006616565,0.3098344,0.11200156,0.11218113,0.08704197,0.702504,-0.0007210023,0.00024912696,0.7116794,0,6,1785207425640844,1785207425640844,-0.019479835,-0.029838547,0.165242,1,0.014979978,0.014794734,0.006104044
1785207425651858094,0.0016336832,-0.0016719853,0.0010106213,4.116665e-05,4.0907595e-05,0.0340839,1,-0.010028513,-0.006456874,0.31003356,0.11241046,0.112591036,0.08730547,0.7024988,-0.000710207,0.00024842276,0.7116845,0,6,1785207425648844,1785207425648844,-0.019559981,-0.02982088,0.16531688,1,0.015046547,0.014859364,0.0061159995
1785207425663814780,3.5785022e-05,-7.408811e-05,-0.0021851722,4.120354e-05,4.094192e-05,0.034084264,1,-0.0099572325,-0.0063072294,0.31026545,0.11282176,0.11300331,0.08756985,0.7025038,-0.0007050417,0.00024429642,0.7116796,0,6,1785207425656844,1785207425656844,-0.019246887,-0.029769102,0.1652659,1,0.015113181,0.014924105,0.0061279614
1785207425671818913,0.0011010417,-0.0022046212,-0.0043156925,4.1240426e-05,4.097401e-05,0.034084637,1,-0.009889449,-0.00616601,0.31052947,0.11323546,0.11341797,0.087835096,0.70251685,-0.00070250727,0.00023902838,0.71166676,0,6,1785207425664844,1785207425664844,-0.018987358,-0.029516734,0.16543786,1,0.015180029,0.014988993,0.0061399303
1785207425683912528,-0.0007631673,0.00072486,0.0020758905,4.1314226e-05,4.1046063e-05,0.03408536,1,-0.00976726,-0.005911239,0.311127,0.11407011,0.114254475,0.08774283,0.70251715,-0.0007031133,0.00023416578,0.71166646,0,6,1785207425680844,1785207425680844,-0.018656673,-0.029659959,0.16568993,1,0.01531487,0.015119884,0.006141568
1785207425691856407,-0.002094822,0.002056549,-0.00031994036,4.135102e-05,4.108419e-05,0.03408322,1,-0.00971048,-0.0057990057,0.31147286,0.11448282,0.11467368,0.08800882,0.7025162,-0.00071002217,0.00023084779,0.7116674,0,6,1785207425688844,1785207425688844,-0.01820558,-0.029631523,0.16593958,1,0.015372447,0.015181444,0.0061535416
1785207425703875060,-0.00023061491,0.0007249727,0.0020769108,4.1387946e-05,4.11244e-05,0.03408358,1,-0.009656272,-0.005696159,0.31184888,0.11490612,0.11509793,0.08827569,0.70251495,-0.00071621,0.00022913079,0.7116686,0,6,1785207425696844,1785207425696844,-0.018017408,-0.029775104,0.1660144,1,0.015440405,0.015247416,0.0061655217
1785207425711828016,0.002698869,-0.001671873,0.0023432265,4.1424948e-05,4.1168256e-05,0.03408393,1,-0.009607072,-0.0056030154,0.3122544,0.11533187,0.115524635,0.088543445,0.70250726,-0.0007058513,0.00022836974,0.7116762,0,6,1785207425704844,1785207425704844,-0.018058319,-0.029891815,0.16623956,1,0.015508621,0.015313678,0.0061775087
1785207425723823024,-0.002094827,0.0007249708,0.0015442737,4.1499028e-05,4.1238196e-05,0.034084644,1,-0.009526085,-0.005442309,0.31315166,0.116190836,0.11638541,0.089081585,0.70250744,-0.0007059164,0.00022658467,0.71167606,0,6,1785207425720844,1785207425720844,-0.018156322,-0.029664159,0.16653669,1,0.015645593,0.015446739,0.0062015024
1785207425731812259,-0.00023061107,0.0004586554,0.0018105938,4.153608e-05,4.127338e-05,0.034085,1,-0.009492187,-0.00537327,0.31364155,0.116624065,0.11681951,0.089351974,0.70250314,-0.0007103054,0.00022485683,0.7116803,0,6,1785207425728844,1785207425728844,-0.01791376,-0.02972825,0.16675268,1,0.015714545,0.015513665,0.006213509
1785207425743830501,3.570516e-05,0.0012576026,0.00021269375,4.1573225e-05,4.131115e-05,0.03408536,1,-0.0094617875,-0.005312559,0.31411874,0.11705981,0.117256105,0.0889781,0.70250154,-0.00071058184,0.00022436872,0.7116819,0,6,1785207425736844,1785207425736844,-0.017847737,-0.029674094,0.16707698,1,0.015783655,0.015580731,0.0062023494
1785207425751853339,-0.0012958758,0.002322866,-0.002716782,4.161041e-05,4.1346117e-05,0.034085725,1,-0.0094356835,-0.0052587064,0.31462425,0.11749809,0.1176952,0.08924831,0.70250744,-0.0007214428,0.00022614983,0.711676,0,6,1785207425744844,1785207425744844,-0.017751137,-0.02952925,0.16735457,1,0.01585288,0.01564788,0.006214354
1785207425763842927,0.0005682276,-0.0016718484,-0.0016512931,4.1684765e-05,4.1422518e-05,0.03408394,1,-0.009392783,-0.005172389,0.31571767,0.11837261,0.118577786,0.08979139,0.70252055,-0.00072171324,0.00022219316,0.71166307,0,6,1785207425760844,1785207425760844,-0.017536495,-0.02939139,0.16792771,1,0.01598117,0.015778491,0.0062383832
1785207425771815431,-0.0004970331,-0.0019381633,-0.002982881,4.172203e-05,4.1458872e-05,0.034084298,1,-0.009377022,-0.005139182,0.3163036,0.11881839,0.11902441,0.09006426,0.7025289,-0.0007141167,0.00021342046,0.7116549,0,6,1785207425768844,1785207425768844,-0.017468808,-0.029300632,0.16814616,1,0.016051214,0.015846549,0.006250408
1785207425783866014,0.0013671753,0.00045868196,0.001011866,4.1759333e-05,4.149713e-05,0.034084663,1,-0.00936479,-0.0051130154,0.31691405,0.11926675,0.11947359,0.09033802,0.7025285,-0.00071149634,0.00021412279,0.71165526,0,6,1785207425776844,1785207425776844,-0.017268678,-0.029264195,0.16823618,1,0.0161215,0.015914822,0.0062624393
1785207425791816746,0.0003019129,-0.0006065839,0.00074554636,4.179666e-05,4.1536772e-05,0.03408502,1,-0.009355292,-0.0050939484,0.31754816,0.119717695,0.11992534,0.09061268,0.7025273,-0.00070889806,0.00021490794,0.71165645,0,6,1785207425784844,1785207425784844,-0.017170038,-0.02938105,0.16841306,1,0.016191918,0.015983233,0.006274477
1785207425803839547,0.00083454244,0.001523946,-0.00031971725,4.187137e-05,4.1605064e-05,0.034085736,1,-0.00934945,-0.005077263,0.31875968,0.12062742,0.12083659,0.09049923,0.70253736,-0.00071132404,0.00021967538,0.7116465,0,6,1785207425800844,1785207425800844,-0.017212471,-0.029369844,0.1688819,1,0.016333504,0.016120736,0.0062746503
1785207425811842968,0.0024324395,0.00045868242,0.0023434456,4.190887e-05,4.1640455e-05,0.0340861,1,-0.0093522,-0.005079299,0.3194032,0.121086225,0.12129612,0.09077456,0.7025327,-0.0007080723,0.00022598583,0.7116511,0,6,1785207425808844,1785207425808844,-0.01714665,-0.029383536,0.16910028,1,0.016404865,0.016189996,0.006286692
1785207425823818871,0.0011008643,0.00045868196,-0.002716562,4.194646e-05,4.167713e-05,0.03408646,1,-0.009358549,-0.0050870734,0.3200694,0.12154768,0.121758275,0.09105078,0.70253754,-0.00070519565,0.00022822194,0.7116463,0,6,1785207425816844,1785207425816844,-0.017147947,-0.029229231,0.1690984,1,0.016476277,0.016259324,0.0062987404
1785207425831829866,0.00030163524,-0.00034009153,-0.0037802763,4.198387e-05,4.1712134e-05,0.034084342,1,-0.009366653,-0.0051016356,0.32075796,0.12200072,0.1222194,0.0913279,0.7025476,-0.00070122536,0.00023242316,0.71163636,0,6,1785207425824844,1785207425824844,-0.017282741,-0.02915329,0.16925946,1,0.016536526,0.01632427,0.006310795
1785207425843875671,-0.00023099477,0.0017904362,-0.0019160637,4.205851e-05,4.179057e-05,0.03408505,1,-0.009395842,-0.005151743,0.32220158,0.12293661,0.12315678,0.091884844,0.7025599,-0.00069367257,0.00023240557,0.71162426,0,6,1785207425840844,1785207425840844,-0.01721201,-0.029564206,0.16956799,1,0.01668046,0.016464032,0.006334925
1785207425851852342,-0.0020952122,0.00072516967,-0.0019160552,4.2095922e-05,4.182932e-05,0.034085408,1,-0.00941434,-0.0051873745,0.32295495,0.12340859,0.123629466,0.09216467,0.70256656,-0.000705908,0.00022807918,0.7116177,0,6,1785207425848844,1785207425848844,-0.017016647,-0.029512173,0.16964264,1,0.016752934,0.016534403,0.006347
1785207425863841719,-0.0004973146,-7.3777046e-05,-5.18481e-05,4.21335e-05,4.18621e-05,0.034085773,1,-0.00943527,-0.005228232,0.32369584,0.12388329,0.12410484,0.09175914,0.7025675,-0.0007053722,0.0002261747,0.71161675,0,6,1785207425856844,1785207425856844,-0.016909225,-0.029440043,0.169725,1,0.016825533,0.016604898,0.0063342717
1785207425871822879,-0.0028941603,0.0009914879,0.0018123651,4.2171087e-05,4.1895113e-05,0.034086153,1,-0.009458974,-0.005274445,0.32445776,0.12436072,0.12458291,0.09203869,0.7025639,-0.000714993,0.00021938639,0.7116203,0,6,1785207425864844,1785207425864844,-0.016820222,-0.029461967,0.16990761,1,0.016898416,0.016675685,0.006346343
1785207425883873382,0.0016332135,0.00045885518,0.0007471023,4.2246185e-05,4.197335e-05,0.03408687,1,-0.009512265,-0.005383984,0.32604155,0.1253238,0.1255472,0.09260051,0.7025608,-0.00070993305,0.00022462438,0.7116234,0,6,1785207425880844,1785207425880844,-0.016643738,-0.029428571,0.17024717,1,0.01704498,0.016817993,0.006370506
1785207425891856836,0.00030163646,0.0025893839,-0.0016497445,4.2283824e-05,4.2009884e-05,0.03408724,1,-0.009545109,-0.0054451698,0.32686394,0.12580948,0.12603344,0.09288278,0.70256245,-0.00071482157,0.00023425982,0.71162176,0,6,1785207425888844,1785207425888844,-0.016895663,-0.029133841,0.1704033,1,0.017118504,0.016889375,0.006382597
1785207425903859489,0.00056784466,-0.0014056345,0.0018099803,4.2321502e-05,4.2049338e-05,0.034085143,1,-0.009582208,-0.0055073597,0.3277047,0.12628512,0.12651818,0.09316597,0.70256066,-0.0007147612,0.00023307119,0.71162355,0,6,1785207425896844,1785207425896844,-0.017155368,-0.02900718,0.1704726,1,0.017180027,0.016956039,0.0063946955
1785207425911852541,-0.00023109734,-0.0016719517,-0.0008531874,4.235922e-05,4.208609e-05,0.03408551,1,-0.009623947,-0.00557353,0.3285638,0.12677617,0.12700985,0.09345007,0.7025619,-0.0007075315,0.00022708994,0.7116223,0,6,1785207425904844,1785207425904844,-0.0172541,-0.02889382,0.17064163,1,0.01725395,0.017027844,0.0064068004
1785207425923848891,-0.0010369333,0.0001855446,0.00048162517,4.036699e-05,4.0193365e-05,0.03408616,1,-0.009435157,-0.005424074,0.32903743,0.10613197,0.10628799,0.084083185,0.70256746,-0.0007055692,0.0002178557,0.7116169,0,6,1785207425920844,1785207425920844,-0.016985003,-0.028755467,0.17080164,1,0.013973897,0.0138079,0.005937351
1785207425931878723,0.0016262301,-0.0006134049,0.0015468934,4.0402887e-05,4.0226834e-05,0.034086518,1,-0.009209495,-0.0052146483,0.32873613,0.106506184,0.10666335,0.08433596,0.70256364,-0.0007004738,0.00021397031,0.71162057,0,6,1785207425928844,1785207425928844,-0.016858302,-0.0286086,0.17060673,1,0.014036657,0.013868949,0.0059491456
1785207425943883820,-0.0005042966,-0.0046081482,0.0018132024,4.043881e-05,4.0260347e-05,0.034086876,1,-0.008992734,-0.0050168475,0.32848218,0.1068826,0.10704089,0.084589586,0.7025591,-0.0006915886,0.00020413495,0.7116251,0,6,1785207425936844,1785207425936844,-0.016701208,-0.028662307,0.17055787,1,0.014099593,0.013930156,0.005960947
1785207425951919232,-0.0018358765,-0.003010253,0.0010142503,4.0474788e-05,4.0295716e-05,0.034087233,1,-0.008783646,-0.0048298487,0.32827398,0.10726123,0.10742063,0.08484405,0.70255494,-0.00068229105,0.00018644152,0.7116292,0,6,1785207425944844,1785207425944844,-0.016552353,-0.028417451,0.17037155,1,0.014162774,0.013991594,0.0059727547
1785207425963854979,2.8582406e-05,-0.0016787834,-0.0008510469,4.0546525e-05,4.036059e-05,0.034085497,1,-0.00839483,-0.0044841683,0.3279903,0.10801906,0.10818485,0.085355535,0.7025575,-0.0006875908,0.00017023765,0.7116267,0,6,1785207425960844,1785207425960844,-0.016687213,-0.028067328,0.17023744,1,0.014280845,0.014111351,0.00599639
1785207425971855084,-0.0013030013,-0.00087983394,-0.0013836841,4.0582574e-05,4.039361e-05,0.034085855,1,-0.008215068,-0.0043250974,0.32791317,0.10840429,0.10857121,0.08561256,0.7025625,-0.00068708195,0.00016579604,0.7116217,0,6,1785207425968844,1785207425968844,-0.016684158,-0.028020343,0.17024142,1,0.014344771,0.01417354,0.006008217
1785207425983837549,-0.0039661643,-0.001146148,0.0020784293,4.06187e-05,4.0425533e-05,0.034086224,1,-0.008043164,-0.004176307,0.3278378,0.10879179,0.10895982,0.085278004,0.7025588,-0.0006951564,0.00014741281,0.71162534,0,6,1785207425976844,1785207425976844,-0.01663902,-0.028063271,0.17034857,1,0.014408816,0.014235824,0.005999104
1785207425991818848,-0.0036998428,-0.003010366,-5.2099695e-05,4.065507e-05,4.046021e-05,0.034086585,1,-0.007879336,-0.0040373327,0.3278052,0.10918156,0.109350674,0.08553495,0.7025578,-0.0006975771,0.00012646576,0.7116264,0,6,1785207425984844,1785207425984844,-0.01659368,-0.027894264,0.17047979,1,0.014473077,0.014298312,0.0060109305
1785207426003806272,-0.002101949,-0.00034720264,0.0020784307,4.0727176e-05,4.0533756e-05,0.034087293,1,-0.0075720614,-0.0037845431,0.3278648,0.10996796,0.110139206,0.08605141,0.70255077,-0.0007025906,0.00010652691,0.7116333,0,6,1785207426000844,1785207426000844,-0.016477574,-0.027596297,0.17084788,1,0.014602465,0.014424147,0.006034603
1785207426011870559,0.0016264775,0.0017833267,-5.2097672e-05,4.0763418e-05,4.0569405e-05,0.03408765,1,-0.0074296016,-0.0036703355,0.3279544,0.11036462,0.1105369,0.08631093,0.7025501,-0.00070141704,0.00010755001,0.711634,0,6,1785207426008844,1785207426008844,-0.016350808,-0.027405547,0.17086868,1,0.014667516,0.014487407,0.006046449
1785207426023842062,0.0018927928,0.0028485912,0.00048053183,4.0799536e-05,4.0610557e-05,0.034088016,1,-0.0072933272,-0.0035627678,0.32808143,0.1107636,0.110936895,0.08657131,0.70254904,-0.00070371263,0.000119503806,0.71163505,0,6,1785207426016844,1785207426016844,-0.01623097,-0.027072523,0.17094612,1,0.0147327315,0.014550817,0.0060583013
1785207426031810257,-0.0005040539,-0.001678783,-0.0021826283,4.0835672e-05,4.06452e-05,0.03408838,1,-0.0071629677,-0.003463053,0.3282454,0.11116492,0.111339204,0.086832546,0.7025544,-0.00070631015,0.000118295306,0.71162975,0,6,1785207426024844,1785207426024844,-0.016043061,-0.027117651,0.1710088,1,0.014798315,0.014614608,0.006070161
1785207426043876028,0.0013604595,0.00018552085,-5.131031e-05,4.090797e-05,4.0711308e-05,0.034086667,1,-0.0069241915,-0.0032903857,0.32851413,0.11196721,0.112148464,0.08674639,0.7025539,-0.00069418387,0.00011306688,0.7116302,0,6,1785207426040844,1785207426040844,-0.015811449,-0.026990723,0.17100789,1,0.014920331,0.014738519,0.0060722474
1785207426051869401,-0.0010363879,0.002582366,-0.0005839435,4.0944287e-05,4.07471e-05,0.034087032,1,-0.0068134186,-0.003214654,0.32870182,0.112375475,0.11255774,0.08700838,0.7025564,-0.0007013479,0.00011567425,0.7116278,0,6,1785207426048844,1785207426048844,-0.015717717,-0.026747966,0.17093123,1,0.014986529,0.014802856,0.0060841115
1785207426063850071,-0.001835336,0.0041802623,-5.130979e-05,4.0980885e-05,4.07821e-05,0.03408739,1,-0.0067082336,-0.0031456093,0.32892364,0.112786114,0.112969376,0.087271236,0.7025566,-0.00071794115,0.00011937456,0.71162754,0,6,1785207426056844,1785207426056844,-0.015699754,-0.026737345,0.17088686,1,0.015052893,0.014867364,0.006095982
1785207426071805191,-0.0023679684,0.0017834178,0.0007476404,4.101754e-05,4.081791e-05,0.03408774,1,-0.0066091926,-0.0030847914,0.32917893,0.11319915,0.11338339,0.08753496,0.70255524,-0.00073148415,0.00011633622,0.71162885,0,6,1785207426064844,1785207426064844,-0.015614836,-0.026846249,0.1709272,1,0.015119486,0.014932103,0.00610786
1785207426083837720,-0.0023679682,0.0012507844,0.001812902,4.1090527e-05,4.0889987e-05,0.03408847,1,-0.0064240205,-0.0029868688,0.32978836,0.11403246,0.11421858,0.08806501,0.7025491,-0.0007439159,0.00011304638,0.7116349,0,6,1785207426080844,1785207426080844,-0.015216135,-0.026791641,0.17113124,1,0.01525338,0.015062261,0.0061316346
1785207426091889934,-0.0013027054,-0.0019450076,0.00021501038,4.112735e-05,4.0925155e-05,0.034088843,1,-0.0063385116,-0.002947468,0.33014125,0.11445276,0.11463978,0.08833135,0.70254964,-0.0007457452,0.00010227997,0.71163434,0,6,1785207426088844,1785207426088844,-0.015154621,-0.026663803,0.17119384,1,0.0153206475,0.015127649,0.0061435318
1785207426103881465,-0.0013027032,-0.0006134282,0.00074763753,4.1164454e-05,4.096305e-05,0.034089193,1,-0.0062566875,-0.0029148865,0.33048606,0.114875495,0.11506341,0.08796803,0.70254636,-0.0007456983,9.273146e-05,0.7116376,0,6,1785207426096844,1785207426096844,-0.014709342,-0.026715625,0.1710176,1,0.01538829,0.015193381,0.0061329505
1785207426111856993,-0.0013030387,-0.0006135311,-0.0003185085,4.1200947e-05,4.100443e-05,0.03408709,1,-0.006174548,-0.0028886194,0.3308605,0.11529215,0.115486726,0.08823421,0.7025465,-0.0007494323,8.5486136e-05,0.7116375,0,6,1785207426104844,1785207426104844,-0.014564231,-0.026773155,0.17104924,1,0.01544595,0.015255106,0.0061448454
1785207426123847653,0.0013601219,0.0020496317,0.0012793881,4.1274474e-05,4.1076986e-05,0.034087803,1,-0.0060263616,-0.002855493,0.33170155,0.116149664,0.11634608,0.08876919,0.70253897,-0.0007479273,8.1812264e-05,0.7116449,0,6,1785207426120844,1785207426120844,-0.014668406,-0.026609253,0.17147717,1,0.015582072,0.015387389,0.0061686547
1785207426131859901,0.0018927538,0.0023159469,-0.0008511425,4.1311298e-05,4.1121668e-05,0.03408815,1,-0.0059611215,-0.0028472296,0.33216664,0.116582155,0.11677947,0.089038,0.7025407,-0.0007529174,9.472259e-05,0.71164316,0,6,1785207426128844,1785207426128844,-0.014764407,-0.026465273,0.17155246,1,0.015650382,0.015453787,0.006180569
1785207426143878844,0.0005611708,-0.001945111,0.00048043867,4.1348438e-05,4.1165324e-05,0.0340885,1,-0.0059009735,-0.0028449923,0.33266023,0.11701715,0.117215335,0.08930769,0.70254093,-0.0007480069,9.119234e-05,0.711643,0,6,1785207426136844,1785207426136844,-0.014675094,-0.026450997,0.17172539,1,0.015718939,0.015520402,0.00619249
1785207426151853431,0.00056117825,-0.00087984605,-0.0024490415,4.1385454e-05,4.1203723e-05,0.03408885,1,-0.005845815,-0.0028486247,0.3331814,0.11745467,0.11765369,0.089578256,0.70254457,-0.000741982,9.036719e-05,0.7116394,0,6,1785207426144844,1785207426144844,-0.014798994,-0.02648007,0.17178944,1,0.0157877,0.015587235,0.006204418
1785207426163849882,2.8538285e-05,0.0009843679,0.0020783367,4.145884e-05,4.1278978e-05,0.03408958,1,-0.005749102,-0.0028767907,0.3341932,0.11833731,0.11853794,0.08947168,0.702543,-0.00074907625,8.0132355e-05,0.7116409,0,6,1785207426160844,1785207426160844,-0.014556467,-0.026692107,0.17215905,1,0.01592613,0.015721697,0.0062050754
1785207426171857741,-0.0021019834,-0.0032766936,-5.219724e-05,4.149511e-05,4.1310454e-05,0.034089953,1,-0.0057060923,-0.0028999771,0.33474147,0.11878246,0.11898385,0.089742936,0.70254016,-0.0007452205,6.668476e-05,0.71164376,0,6,1785207426168844,1785207426168844,-0.014374742,-0.026666448,0.1723886,1,0.015995765,0.015789323,0.006217007
1785207426183839244,-0.00050413876,0.0025818546,-0.00058846676,4.153203e-05,4.1347e-05,0.034087863,1,-0.005665672,-0.0029257084,0.33531636,0.1192202,0.119429074,0.090015076,0.7025426,-0.0007508626,6.641425e-05,0.7116414,0,6,1785207426176844,1785207426176844,-0.014153708,-0.026773106,0.17241341,1,0.016054759,0.015852794,0.006228945
1785207426191840020,0.00029480836,-0.0011465708,0.0010094346,4.1569394e-05,4.138215e-05,0.03408822,1,-0.005627939,-0.002958031,0.33591634,0.11967033,0.11988003,0.0902881,0.7025418,-0.00075310294,6.5099746e-05,0.71164215,0,6,1785207426184844,1785207426184844,-0.013982765,-0.02685511,0.17252037,1,0.016124815,0.015920896,0.00624089
1785207426203840137,-0.0021020367,0.0017829074,0.0020746966,4.1642656e-05,4.145168e-05,0.034088943,1,-0.0055634975,-0.0030385698,0.33719534,0.1205784,0.12078967,0.09083682,0.7025342,-0.0007639823,6.3745225e-05,0.71164966,0,6,1785207426200844,1785207426200844,-0.013910319,-0.026690405,0.17324778,1,0.016265873,0.016057957,0.006264799
1785207426211852736,-0.0015694017,0.00045132497,0.00021048216,4.1678915e-05,4.14917e-05,0.034089293,1,-0.005537484,-0.0030850032,0.337873,0.12103636,0.12124839,0.091112524,0.70253265,-0.0007692001,5.8824106e-05,0.71165115,0,6,1785207426208844,1785207426208844,-0.013909832,-0.026520021,0.17337011,1,0.016336758,0.01612683,0.006276763
1785207426223874104,0.002691655,0.0004513259,-0.0019200444,4.1715524e-05,4.153318e-05,0.034089644,1,-0.0055153593,-0.0031350588,0.3385303,0.12149695,0.121709704,0.090718396,0.7025372,-0.00076771295,6.605023e-05,0.7116467,0,6,1785207426216844,1785207426216844,-0.013898331,-0.026271265,0.17345083,1,0.016407808,0.016195886,0.006264649
1785207426231848139,0.0026916508,0.00045132544,0.00021048306,4.1752362e-05,4.1569896e-05,0.03409,1,-0.005497478,-0.0031885381,0.33921295,0.12196019,0.122173645,0.09099385,0.7025398,-0.00076132285,7.299162e-05,0.71164405,0,6,1785207426224844,1785207426224844,-0.013946297,-0.026173674,0.17400114,1,0.016479088,0.016265186,0.0062766103
1785207426243910565,2.8485898e-05,-0.00088025443,-0.0027189937,4.1826377e-05,4.165e-05,0.03409073,1,-0.0054722815,-0.0033089423,0.34065655,0.12289468,0.123109445,0.091547444,0.7025567,-0.00076050503,7.4903735e-05,0.71162736,0,6,1785207426240844,1785207426240844,-0.013707252,-0.026135918,0.17455669,1,0.016622445,0.016404431,0.0063005527
1785207426251890471,-0.001835901,-0.002744432,0.003140292,4.1863612e-05,4.1689433e-05,0.03408863,1,-0.005461773,-0.0033766767,0.34141165,0.12335436,0.12357753,0.09182559,0.70255065,-0.0007600103,6.390679e-05,0.71163344,0,6,1785207426248844,1785207426248844,-0.01359821,-0.026220763,0.17462373,1,0.016683085,0.016470019,0.0063125337
1785207426263861444,0.0016262155,-0.0032770648,0.0004771315,4.1900745e-05,4.1729134e-05,0.034088995,1,-0.0054551545,-0.0034500307,0.3421887,0.12382815,0.124052025,0.09210463,0.70254755,-0.00074521964,5.606408e-05,0.7116365,0,6,1785207426256844,1785207426256844,-0.013763249,-0.026399624,0.1749058,1,0.016755346,0.01654028,0.0063245213
1785207426271870476,-0.0029011634,-0.00061390316,0.002075024,4.1937994e-05,4.1766587e-05,0.03408936,1,-0.00545323,-0.0035297922,0.34298813,0.12430466,0.124529205,0.09238457,0.70254296,-0.0007503924,4.9275568e-05,0.711641,0,6,1785207426264844,1785207426264844,-0.013793968,-0.026688505,0.17515421,1,0.01682774,0.0166106,0.0063365153
1785207426283851387,2.831011e-05,0.00018504681,-0.0013870831,4.2011696e-05,4.1833806e-05,0.034090083,1,-0.0054587615,-0.0037029283,0.34454244,0.12526587,0.12549168,0.09225554,0.7025576,-0.0007505789,3.9275223e-05,0.71162647,0,6,1785207426280844,1785207426280844,-0.0136029,-0.026596159,0.17561875,1,0.0169734,0.01675202,0.006335678
1785207426291866250,-0.0013032658,-0.003010748,-0.0019197175,4.2049087e-05,4.186902e-05,0.03409045,1,-0.0054659024,-0.0037956,0.3453533,0.12575059,0.12597701,0.0925361,0.70256287,-0.0007451645,2.8167859e-05,0.7116213,0,6,1785207426288844,1785207426288844,-0.013689047,-0.026544513,0.17585489,1,0.017046584,0.016823126,0.006347675
1785207426303921131,0.0018925245,-0.0019454835,-0.00058813166,4.208651e-05,4.1902807e-05,0.034090806,1,-0.005476963,-0.00389224,0.34618524,0.12623808,0.12646508,0.09281756,0.7025662,-0.0007352747,2.4667774e-05,0.71161807,0,6,1785207426296844,1785207426296844,-0.013790318,-0.02657479,0.17605697,1,0.017120117,0.016894516,0.006359678
1785207426311869648,-0.00077063683,0.0020492587,0.0015423916,4.2124026e-05,4.1943516e-05,0.03409115,1,-0.0054923953,-0.003993912,0.34703776,0.12672836,0.1269559,0.09309993,0.70256346,-0.00073897216,2.6402104e-05,0.71162075,0,6,1785207426304844,1785207426304844,-0.013885959,-0.026812784,0.17625375,1,0.017193839,0.016966179,0.0063716886
1785207426323887339,-0.0029055264,0.00017630681,0.0015475434,4.0167324e-05,4.007017e-05,0.034089085,1,-0.005339444,-0.003832675,0.34757504,0.10610599,0.106263414,0.08437642,0.7025598,-0.00074592186,2.1329026e-05,0.71162426,0,6,1785207426320844,1785207426320844,-0.013551808,-0.02694018,0.1764914,1,0.013923927,0.013761864,0.005927512
1785207426331839774,-0.0021065762,0.0012415699,0.00048228065,4.0202565e-05,4.0106646e-05,0.03408945,1,-0.005173295,-0.0035777641,0.34729028,0.10647971,0.10663828,0.084629476,0.7025584,-0.0007522798,1.7648033e-05,0.7116257,0,6,1785207426328844,1785207426328844,-0.013065997,-0.026915085,0.1764129,1,0.013986347,0.013822677,0.005939234
1785207426343905516,-0.002106573,-0.0019542277,-0.0037787682,4.0237996e-05,4.0142295e-05,0.034089807,1,-0.005011852,-0.003335374,0.34702972,0.10685562,0.107015334,0.08430446,0.702565,-0.00075857557,4.9543637e-06,0.71161926,0,6,1785207426336844,1785207426336844,-0.012873897,-0.02690518,0.17631702,1,0.014048944,0.013883641,0.0059306542
1785207426351905250,-0.000775003,-0.0014215889,0.00021596416,4.0273455e-05,4.0175368e-05,0.034090165,1,-0.004856195,-0.003105584,0.3468166,0.10723375,0.107394576,0.08455747,0.7025688,-0.00075359235,-3.8644866e-06,0.7116154,0,6,1785207426344844,1785207426344844,-0.012621336,-0.026995389,0.17614155,1,0.014111589,0.013944596,0.005942376
1785207426363942748,0.0016218496,0.0020405196,-0.0011156156,4.0344126e-05,4.0254232e-05,0.034090873,1,-0.0045596226,-0.0026837487,0.34652933,0.107996665,0.108159676,0.085066035,0.7025702,-0.0007445114,1.1900426e-06,0.71161413,0,6,1785207426360844,1785207426360844,-0.012153763,-0.027073247,0.17616288,1,0.01423784,0.014067355,0.0059658377
1785207426371871228,0.00029026903,-9.001e-05,-0.0019145627,4.037955e-05,4.0285242e-05,0.034091245,1,-0.004420697,-0.002489913,0.3464532,0.10838149,0.10854556,0.08532158,0.7025748,-0.00074371404,1.0960351e-06,0.7116096,0,6,1785207426368844,1785207426368844,-0.012256023,-0.026975164,0.17611925,1,0.014301453,0.014129177,0.0059775785
1785207426383856978,2.3946748e-05,-0.0016879058,0.0012812322,4.0415198e-05,4.0314542e-05,0.034091603,1,-0.004288002,-0.002306591,0.346421,0.10876856,0.10893367,0.08557798,0.7025748,-0.0007406193,-4.224615e-06,0.7116096,0,6,1785207426376844,1785207426376844,-0.011948907,-0.026953442,0.17632556,1,0.014364917,0.0141908545,0.0059893257
1785207426391863916,0.0026871194,-0.0019542216,0.00021597036,4.045075e-05,4.0347102e-05,0.03409197,1,-0.0041580666,-0.0021340074,0.34643185,0.1091579,0.10932404,0.085835226,0.7025706,-0.000727364,-7.567479e-06,0.7116137,0,6,1785207426384844,1785207426384844,-0.011540049,-0.026944138,0.17634541,1,0.014428618,0.014252803,0.0060010795
1785207426403873201,0.0008230015,0.00044267438,-0.0011151681,4.0522784e-05,4.042168e-05,0.034090236,1,-0.003914895,-0.0018208397,0.3464893,0.10993668,0.11010945,0.085755,0.7025785,-0.00071295653,-4.4837793e-06,0.7116059,0,6,1785207426400844,1785207426400844,-0.011393602,-0.026948655,0.17667335,1,0.014548361,0.014374457,0.0060036103
1785207426411874879,0.0016219501,0.0033721505,-0.0013814822,4.0559484e-05,4.0453775e-05,0.034090593,1,-0.0038015991,-0.0016790497,0.3465806,0.11033276,0.11050658,0.08601301,0.70258224,-0.00071709184,4.1744997e-06,0.7116023,0,6,1785207426408844,1785207426408844,-0.011295276,-0.026896942,0.17688942,1,0.014612841,0.014437158,0.006015369
1785207426423871520,0.0008229994,-0.00062259194,0.00234694,4.0595292e-05,4.049328e-05,0.034090944,1,-0.0036922968,-0.0015464872,0.34671208,0.110731155,0.110906005,0.08627188,0.702578,-0.00071403664,8.009875e-06,0.71160644,0,6,1785207426416844,1785207426416844,-0.011051877,-0.026873222,0.17702356,1,0.014677562,0.014500152,0.0060271346
1785207426431890821,-0.0010412103,-0.0006225924,0.0012816756,4.0631836e-05,4.0531835e-05,0.0340913,1,-0.0035877917,-0.0014236742,0.34688196,0.11113188,0.11130773,0.08653161,0.70257306,-0.00071318494,3.5640946e-06,0.7116114,0,6,1785207426424844,1785207426424844,-0.011035181,-0.026924,0.1769986,1,0.01474272,0.0145634925,0.006038906
1785207426443897681,-0.0021064708,-0.001155226,-0.0059088576,4.0704253e-05,4.060405e-05,0.034092017,1,-0.003392751,-0.0012034229,0.34732655,0.11194035,0.11211816,0.087053634,0.7025891,-0.00071966613,-1.9668894e-05,0.7115955,0,6,1785207426440844,1785207426440844,-0.010630913,-0.026683288,0.1765857,1,0.01487339,0.014690569,0.0060624685
1785207426451920008,-0.0005085842,0.0028395222,0.00021641399,4.0740862e-05,4.0636518e-05,0.03409239,1,-0.0032997853,-0.0011054748,0.34760034,0.11234812,0.11252688,0.08731594,0.7025962,-0.0007282423,-2.0750354e-05,0.7115885,0,6,1785207426448844,1785207426448844,-0.010345709,-0.026685528,0.17676258,1,0.014939151,0.0147544695,0.0060742595
1785207426463855844,-0.0010412089,-0.00035627652,0.002346942,4.0776526e-05,4.0672323e-05,0.034092747,1,-0.0032101397,-0.0010155933,0.3478874,0.11275826,0.11293795,0.08696296,0.702588,-0.0007315433,-2.1769569e-05,0.7115965,0,6,1785207426456844,1785207426456844,-0.010159154,-0.026636647,0.1770146,1,0.015005105,0.014818604,0.0060642464
1785207426471918047,0.00055624987,-0.0003562332,0.0010158037,4.0812214e-05,4.0707266e-05,0.034090664,1,-0.0031196717,-0.00093445915,0.34820953,0.11316298,0.11334892,0.08722513,0.70258486,-0.0007288014,-2.5002777e-05,0.71159965,0,6,1785207426464844,1785207426464844,-0.009872423,-0.026762962,0.1771595,1,0.01506167,0.014879127,0.0060760365
1785207426483881635,0.0018878283,-0.0011551813,0.0015484373,4.088407e-05,4.078614e-05,0.034091372,1,-0.002948717,-0.0007975813,0.34895203,0.11399497,0.11418283,0.08775207,0.7025802,-0.0007195845,-2.53914e-05,0.7116042,0,6,1785207426480844,1785207426480844,-0.009623521,-0.026642887,0.1773173,1,0.0151945595,0.015008645,0.0060996353
1785207426491928529,0.0008225708,0.0015079807,-0.0021799935,4.092037e-05,4.0828276e-05,0.034091722,1,-0.002868868,-0.0007380067,0.34937063,0.114414595,0.11460338,0.08801684,0.70258224,-0.00071577536,-2.062907e-05,0.7116022,0,6,1785207426488844,1785207426488844,-0.009499571,-0.02635607,0.17728215,1,0.015261436,0.015073758,0.006111444
1785207426503896886,-0.002373229,0.0012416658,-0.0011147278,4.095705e-05,4.0864456e-05,0.034092087,1,-0.0027928278,-0.0006845353,0.34981856,0.11483665,0.11502634,0.08828247,0.7025873,-0.0007243553,-2.4547466e-05,0.7115972,0,6,1785207426496844,1785207426496844,-0.009393747,-0.026255919,0.17719653,1,0.015328605,0.015139199,0.006123259
1785207426511903664,-0.00024269754,-0.0006225505,-0.00031577545,4.0993495e-05,4.0898616e-05,0.034092445,1,-0.0027192743,-0.00063769054,0.35029548,0.11526115,0.11545172,0.08854898,0.70258707,-0.0007280723,-2.5729949e-05,0.71159744,0,6,1785207426504844,1785207426504844,-0.009035443,-0.026166338,0.17721839,1,0.0153958695,0.015204759,0.006135081
1785207426523847505,-0.001840594,-0.00062254956,-0.0027126253,4.1065417e-05,4.096272e-05,0.034093168,1,-0.0025802404,-0.0005652534,0.35121447,0.11611755,0.11630983,0.088449076,0.7025957,-0.00072070607,-5.3057556e-05,0.7115889,0,6,1785207426520844,1785207426520844,-0.008783948,-0.026247049,0.17731567,1,0.015531268,0.015336383,0.0061362167
1785207426531909066,-0.004237443,0.0012416663,-0.0011147276,4.1101943e-05,4.099846e-05,0.034093533,1,-0.0025156043,-0.0005393326,0.35171777,0.11654948,0.116742566,0.08871629,0.7026,-0.0007349744,-6.0905808e-05,0.7115847,0,6,1785207426528844,1785207426528844,-0.008709631,-0.026220983,0.17733072,1,0.015599151,0.015402505,0.006148043
1785207426543916457,0.0010888248,-0.0022206446,-0.0011165167,4.1138996e-05,4.1029674e-05,0.034091476,1,-0.00245418,-0.0005192505,0.35225046,0.11697474,0.117174864,0.08898437,0.70260125,-0.0007323236,-6.670027e-05,0.71158344,0,6,1785207426536844,1785207426536844,-0.0086808195,-0.026426125,0.17766337,1,0.015657077,0.015464893,0.006159876
1785207426551912755,-0.0010417104,-0.0014216937,0.00048136793,4.117561e-05,4.1059448e-05,0.034091856,1,-0.0023960578,-0.0005076998,0.3528121,0.11741152,0.1176125,0.08925333,0.7026025,-0.0007266668,-7.3922776e-05,0.71158224,0,6,1785207426544844,1785207426544844,-0.008528779,-0.026674839,0.17773408,1,0.01572538,0.015531355,0.0061717145
1785207426563856516,-0.0021069658,0.0012414623,-0.0005838912,4.124749e-05,4.1125684e-05,0.03409257,1,-0.0022891848,-0.0005039781,0.35401574,0.11829264,0.11849529,0.08979388,0.7025929,-0.0007289824,-8.525348e-05,0.71159166,0,6,1785207426560844,1785207426560844,-0.008506113,-0.026478633,0.17800209,1,0.015862783,0.015665026,0.006195411
1785207426571896186,0.0008225067,0.0015077817,-0.0016491552,4.128363e-05,4.115803e-05,0.034092937,1,-0.0022416546,-0.00051125174,0.35465813,0.11873701,0.118940465,0.09006548,0.702598,-0.0007309751,-8.180831e-05,0.71158665,0,6,1785207426568844,1785207426568844,-0.008488934,-0.026617773,0.17827635,1,0.015931895,0.015732342,0.006207269
1785207426583878620,0.0013551377,0.0020404144,-0.0013828394,4.132011e-05,4.1194548e-05,0.034093294,1,-0.0021979273,-0.0005245699,0.35528967,0.11918395,0.11938817,0.08968253,0.7026027,-0.0007341413,-7.41702e-05,0.71158206,0,6,1785207426576844,1785207426576844,-0.008582641,-0.026494242,0.17855334,1,0.016001375,0.015799902,0.0061957585
1785207426591894204,0.0018877701,0.00044251932,-0.0011165257,4.135686e-05,4.123636e-05,0.034093644,1,-0.0021584805,-0.0005431529,0.35594797,0.11963346,0.119838424,0.08995391,0.70260584,-0.0007301714,-6.605152e-05,0.7115789,0,6,1785207426584844,1785207426584844,-0.008635376,-0.026426619,0.17869213,1,0.016071301,0.015867904,0.0062076137
1785207426603908158,2.355536e-05,0.0036383136,0.0028782182,4.1429736e-05,4.131528e-05,0.03409436,1,-0.0020892874,-0.00059510965,0.35734102,0.12054026,0.120746635,0.09049932,0.7026027,-0.00073312764,-6.2134604e-05,0.711582,0,6,1785207426600844,1785207426600844,-0.008506018,-0.026440011,0.17917727,1,0.016211543,0.016004534,0.006231344
1785207426611910808,0.0024206066,0.0017744801,0.0012837277,4.146564e-05,4.1352843e-05,0.03409228,1,-0.002061333,-0.0006338865,0.35807443,0.12098692,0.12120118,0.09077335,0.7025983,-0.00073150377,-4.8582937e-05,0.71158636,0,6,1785207426608844,1785207426608844,-0.008522607,-0.026505703,0.1792214,1,0.016270729,0.016068473,0.0062432187
1785207426623919441,-0.002106766,0.0017744787,-0.00031417035,4.1502302e-05,4.138829e-05,0.034092635,1,-0.0020358614,-0.0006787927,0.35883054,0.121446684,0.1216617,0.09104827,0.7025958,-0.0007388504,-4.8594025e-05,0.71158886,0,6,1785207426616855,1785207426616855,-0.0083720535,-0.026639676,0.17926583,1,0.016341232,0.016137233,0.0062551
1785207426631934735,0.0005563908,-0.0006223661,-0.0019120604,4.1538857e-05,4.1422256e-05,0.034093015,1,-0.0020125557,-0.0007294146,0.35960892,0.12190908,0.12212483,0.091324076,0.7026009,-0.00074131566,-4.8903876e-05,0.71158385,0,6,1785207426624855,1785207426624855,-0.008204385,-0.026675882,0.1793771,1,0.016412085,0.016206238,0.006266988
1785207426643946855,-0.0021067702,-8.9732e-05,-0.000580483,4.161209e-05,4.1487267e-05,0.034093738,1,-0.0019708658,-0.0008488087,0.36118615,0.122841835,0.123058975,0.09120251,0.70260614,-0.00074625155,-5.688769e-05,0.71157855,0,6,1785207426640855,1785207426640855,-0.008004248,-0.026956698,0.18006822,1,0.016554695,0.016344922,0.006266663
1785207426651944836,2.3760367e-05,0.0009755315,-4.784966e-05,4.1648393e-05,4.1527543e-05,0.034094088,1,-0.001954012,-0.00091684476,0.36200884,0.12331222,0.123530015,0.09147896,0.7026052,-0.0007487507,-6.004306e-05,0.7115795,0,6,1785207426648855,1785207426648855,-0.007973434,-0.026938815,0.18012093,1,0.016626462,0.016414732,0.0062785535
1785207426664023652,0.00029007602,0.0020407974,-0.00297733,4.168481e-05,4.156491e-05,0.034094438,1,-0.0019390275,-0.0009897837,0.36285198,0.1237853,0.12400373,0.0917563,0.70261186,-0.0007536024,-5.1118248e-05,0.711573,0,6,1785207426656855,1785207426656855,-0.0077466476,-0.027022652,0.1801112,1,0.016698394,0.01648488,0.006290451
1785207426671958194,0.00029007258,-8.973153e-05,0.0020826792,4.1722564e-05,4.1603205e-05,0.034094796,1,-0.0019242737,-0.0010675527,0.3637146,0.12426109,0.12448012,0.09203453,0.7026082,-0.0007538896,-5.189707e-05,0.7115766,0,6,1785207426664855,1785207426664855,-0.007373733,-0.027016101,0.18012007,1,0.016770538,0.0165551,0.006302355
1785207426683976816,-0.00050912716,-0.0006224052,-0.003510249,4.1796306e-05,4.1688607e-05,0.034093097,1,-0.001894494,-0.0012353482,0.365502,0.12520851,0.12543698,0.092593685,0.7026109,-0.0007537336,-5.708604e-05,0.7115739,0,6,1785207426680855,1785207426680855,-0.0071011423,-0.026812442,0.18070932,1,0.01690372,0.016691439,0.006326182
1785207426692000916,0.0013550839,-0.0016876678,-0.0032439334,4.1833446e-05,4.172548e-05,0.034093462,1,-0.0018815377,-0.001325104,0.36642653,0.12569231,0.12592141,0.09287461,0.70261914,-0.00074614614,-5.9573827e-05,0.7115658,0,6,1785207426688855,1785207426688855,-0.0071730027,-0.026949648,0.18099774,1,0.016976241,0.016762016,0.006338105
1785207426703943956,0.000822446,-0.0008887183,-0.00031445915,4.1870877e-05,4.1761767e-05,0.034093816,1,-0.0018722335,-0.0014192804,0.36733085,0.12617885,0.12640856,0.09245963,0.7026224,-0.00074047357,-5.9389473e-05,0.7115626,0,6,1785207426696855,1785207426696855,-0.0073073995,-0.026839854,0.18128672,1,0.017049242,0.016833162,0.0063250344
1785207426711955974,2.3505883e-05,-0.0011550356,-0.0024449865,4.190829e-05,4.179694e-05,0.03409417,1,-0.0018653251,-0.0015162621,0.36825562,0.12666816,0.12689847,0.092740245,0.70262605,-0.00073705096,-6.294445e-05,0.71155894,0,6,1785207426704855,1785207426704855,-0.00713713,-0.02668435,0.18153185,1,0.017122589,0.016904509,0.006336954
1785207426723963425,-0.0015766389,-0.003558246,-0.00084391073,3.9978433e-05,3.9935454e-05,0.034093224,1,-0.001760642,-0.0014444137,0.36878148,0.1060857,0.10624076,0.084087335,0.7026277,-0.0007362689,-7.072299e-05,0.7115573,0,6,1785207426720855,1785207426720855,-0.007040636,-0.02680332,0.18174352,1,0.013883115,0.013722681,0.005897891
1785207426731976484,0.00055388425,-0.00089508155,0.0015529341,4.001278e-05,3.9967646e-05,0.03409358,1,-0.0016656807,-0.0012823655,0.3684168,0.106459044,0.10661519,0.08433895,0.7026237,-0.0007322821,-7.788306e-05,0.71156126,0,6,1785207426728855,1785207426728855,-0.006995033,-0.026748246,0.1816919,1,0.013945098,0.01378293,0.00590953
1785207426744015415,-0.0013103202,-0.00089508435,-0.00057760574,4.0047584e-05,3.9996827e-05,0.034093954,1,-0.0015758092,-0.0011296159,0.36810404,0.10683458,0.1069918,0.084591396,0.70262045,-0.00072757795,-8.123865e-05,0.7115645,0,6,1785207426736855,1785207426736855,-0.0071064066,-0.026613636,0.18156648,1,0.0140074035,0.013843524,0.0059211757
1785207426752004590,-0.0010439793,-9.635836e-05,-0.002443938,4.008331e-05,4.002863e-05,0.034091875,1,-0.0014903682,-0.0009853581,0.36784098,0.107206434,0.10736881,0.08484469,0.7026263,-0.0007326385,-9.06586e-05,0.7115587,0,6,1785207426744855,1785207426744855,-0.0069298875,-0.026588349,0.1813388,1,0.0140614025,0.013900923,0.005932828
1785207426763999417,0.002418129,-9.635743e-05,-0.005639736,4.0151797e-05,4.0093084e-05,0.034092598,1,-0.0013288271,-0.000722098,0.367409,0.10796833,0.108132906,0.08477021,0.7026458,-0.0007361878,-8.150033e-05,0.71153945,0,6,1785207426760855,1785207426760855,-0.0066403365,-0.026182692,0.18092366,1,0.014186943,0.014023253,0.0059357947
1785207426771955399,-0.0037071463,-0.001694249,-0.0008460499,4.0186493e-05,4.013034e-05,0.03409294,1,-0.0012527877,-0.0006030965,0.3672628,0.108352624,0.10851827,0.08502428,0.7026506,-0.0007389975,-9.4580806e-05,0.7115347,0,6,1785207426768855,1785207426768855,-0.006590191,-0.026102936,0.18078357,1,0.014250142,0.014084916,0.0059474525
1785207426784011061,2.1286774e-05,0.0015015386,-0.0019113088,4.022162e-05,4.0165727e-05,0.034093298,1,-0.0011799276,-0.0004925531,0.36716184,0.10873917,0.108905874,0.085279204,0.70265394,-0.00074302044,-9.596472e-05,0.71153146,0,6,1785207426776855,1785207426776855,-0.00638336,-0.025987528,0.18064511,1,0.014313545,0.014146768,0.005959117
1785207426791988233,-0.0007776648,-9.635603e-05,-0.0011123625,4.0257215e-05,4.020054e-05,0.034093656,1,-0.0011089781,-0.00039002733,0.3671053,0.10912796,0.10929571,0.08553496,0.7026572,-0.00074402534,-9.9563935e-05,0.7115281,0,6,1785207426784855,1785207426784855,-0.0060961833,-0.025933094,0.18067552,1,0.014376933,0.014208635,0.0059707877
1785207426804019900,0.0034833984,-9.6355565e-05,0.0007518504,4.0327723e-05,4.027644e-05,0.034094363,1,-0.00097304303,-0.00021053577,0.36712435,0.10991237,0.11008216,0.08604902,0.70264614,-0.000743586,-8.1422855e-05,0.7115391,0,6,1785207426800855,1785207426800855,-0.0057596224,-0.025781188,0.18083403,1,0.014504802,0.01433315,0.005994147
1785207426812013413,0.00161918,-0.00062898966,0.001550799,4.0362327e-05,4.0309187e-05,0.034094736,1,-0.0009089752,-0.00013123144,0.3671973,0.11030802,0.11047879,0.086307324,0.70264155,-0.00073409086,-8.186665e-05,0.7115436,0,6,1785207426808855,1785207426808855,-0.005665002,-0.025556613,0.1808992,1,0.014569222,0.014396038,0.0060058367
1785207426823979746,0.00268478,0.0020342113,-4.6779023e-05,4.039764e-05,4.0344567e-05,0.034092676,1,-0.0008509668,-5.8848178e-05,0.36726603,0.11069899,0.110875554,0.085964456,0.70264083,-0.00072995137,-7.027577e-05,0.71154433,0,6,1785207426816855,1785207426816855,-0.0057283235,-0.025463728,0.18074057,1,0.014624759,0.014455595,0.00599638
1785207426832005289,0.00082056806,0.0009689466,-0.00031309528,4.043315e-05,4.0378673e-05,0.034093034,1,-0.00079702446,5.9863087e-06,0.36737463,0.11109913,0.11127672,0.086222656,0.7026396,-0.000731811,-6.3975036e-05,0.7115456,0,6,1785207426824855,1785207426824855,-0.005802942,-0.025443012,0.18079731,1,0.01468935,0.014518627,0.0060080686
1785207426844053077,0.0013532008,-0.0006289501,-0.0024436235,4.050494e-05,4.0448296e-05,0.03409374,1,-0.0006979367,0.00011371641,0.36770922,0.11190642,0.112086,0.08674162,0.70264316,-0.00072306156,-6.0666036e-05,0.71154207,0,6,1785207426840855,1785207426840855,-0.005478479,-0.02551206,0.1808431,1,0.014819312,0.014645149,0.0060314634
1785207426852037923,-0.0005110112,-0.00196053,-0.0045741554,4.0540814e-05,4.0480594e-05,0.034094114,1,-0.00065002724,0.0001555974,0.36793274,0.11231358,0.112494126,0.08700238,0.7026533,-0.00071807916,-6.70906e-05,0.71153206,0,6,1785207426848855,1785207426848855,-0.0051934165,-0.025635812,0.18093207,1,0.014884657,0.014708609,0.0060431696
1785207426864002534,-0.0015762812,-0.00062894775,-0.0016446781,4.057681e-05,4.0515355e-05,0.034094464,1,-0.00060384674,0.00018953429,0.36819273,0.11272311,0.1129046,0.087264,0.70266,-0.0007176079,-7.578589e-05,0.7115254,0,6,1785207426856855,1785207426856855,-0.005129749,-0.025721747,0.18093821,1,0.01495029,0.014772589,0.0060548824
1785207426872005955,0.0008205668,0.0025668435,-0.00057940953,4.0612114e-05,4.0548646e-05,0.034094837,1,-0.0005605432,0.0002164071,0.3684887,0.113135025,0.11331743,0.087526485,0.7026615,-0.0007236274,-7.13214e-05,0.71152395,0,6,1785207426864855,1785207426864855,-0.00517394,-0.025702829,0.18121575,1,0.015016089,0.014836697,0.0060666017
1785207426883977458,0.00082056725,0.001235263,-0.0008457282,4.0684707e-05,4.0623607e-05,0.034095544,1,-0.00048278194,0.00025136853,0.3691544,0.11396603,0.114150226,0.087433055,0.7026629,-0.0007153429,-6.222881e-05,0.7115226,0,6,1785207426880855,1785207426880855,-0.0051296647,-0.025698626,0.1812911,1,0.015148327,0.014965426,0.006068208
1785207426891978425,0.0016195172,-0.000628951,-0.0051067835,4.072075e-05,4.0657626e-05,0.034095902,1,-0.00044788845,0.00025900913,0.36953694,0.11438514,0.1145702,0.087696254,0.7026735,-0.00071158394,-5.990059e-05,0.7115121,0,6,1785207426888855,1785207426888855,-0.005208558,-0.025695628,0.1812829,1,0.0152149135,0.01503007,0.0060799317
1785207426903964486,0.00028801046,-0.00089540007,-0.0011133166,4.075672e-05,4.069826e-05,0.034093823,1,-0.00041744858,0.00026181067,0.36995217,0.114798315,0.11498996,0.08796032,0.7026792,-0.00070555677,-6.202524e-05,0.7115064,0,6,1785207426896855,1785207426896855,-0.005315514,-0.025602734,0.18155977,1,0.015271926,0.015091327,0.006091662
1785207426911975071,-0.0021088324,-0.00089540007,0.0012835294,4.0791703e-05,4.073471e-05,0.03409418,1,-0.00038952607,0.0002598041,0.3703999,0.115222156,0.11541471,0.088225245,0.70267695,-0.0007081805,-6.9044945e-05,0.7115087,0,6,1785207426904855,1785207426904855,-0.0052230074,-0.025395289,0.18158546,1,0.015339014,0.015156647,0.006103399
1785207426923961723,-0.0034404106,0.0033656554,0.0010172152,4.0863615e-05,4.080609e-05,0.034094896,1,-0.00033994322,0.00024460958,0.37135428,0.1160772,0.11627151,0.08812491,0.70267016,-0.0007308694,-7.32615e-05,0.71151537,0,6,1785207426920855,1785207426920855,-0.0052173436,-0.024820082,0.18186668,1,0.015473869,0.015288032,0.006104501
1785207426932058611,-0.0010435677,-0.001960666,-0.0016459434,4.0899162e-05,4.0842966e-05,0.034095254,1,-0.00031920546,0.0002319227,0.37186012,0.11650843,0.11670359,0.08839053,0.7026744,-0.00073279906,-7.9394245e-05,0.71151125,0,6,1785207426928855,1785207426928855,-0.00522145,-0.024495186,0.18186347,1,0.015541633,0.01535413,0.0061162426
1785207426944002692,-0.0013098784,0.0009688111,-0.0021785824,4.0935065e-05,4.0879568e-05,0.03409561,1,-0.00030019588,0.00021584524,0.3723955,0.11694215,0.11713814,0.088657014,0.702679,-0.0007336188,-8.510007e-05,0.71150666,0,6,1785207426936855,1785207426936855,-0.0050562257,-0.024356576,0.18203965,1,0.01560949,0.0154204145,0.006127991
1785207426952003118,0.00082064373,-0.00169435,-0.002711207,4.097001e-05,4.0913164e-05,0.03409597,1,-0.00028227043,0.00019431947,0.37296003,0.11737837,0.11757516,0.08892437,0.7026866,-0.00073297287,-8.6990556e-05,0.7114991,0,6,1785207426944855,1785207426944855,-0.004961151,-0.024394138,0.1821649,1,0.015677502,0.015486776,0.0061397445
1785207426963995130,-0.0026414604,0.0030993412,-0.008303852,4.104179e-05,4.097273e-05,0.03409669,1,-0.00025625713,0.0001408535,0.37417275,0.11825836,0.11845669,0.08946171,0.7027145,-0.0007487239,-8.360776e-05,0.71147156,0,6,1785207426960855,1785207426960855,-0.005494295,-0.023869677,0.18229853,1,0.015814524,0.01562019,0.0061632707
1785207426971996678,-0.0029075108,0.0020339154,-0.003245405,4.107729e-05,4.1001374e-05,0.03409463,1,-0.00025216746,0.00010942329,0.3748195,0.11869238,0.11889812,0.08973168,0.70272905,-0.00076355395,-8.8112385e-05,0.7114572,0,6,1785207426968855,1785207426968855,-0.005628356,-0.023808757,0.18245602,1,0.015872972,0.015683012,0.006175043
1785207426983982969,0.0016198665,-0.0008955677,-0.0027127704,4.1112635e-05,4.1034444e-05,0.034094997,1,-0.00025143154,7.397162e-05,0.37549305,0.11913857,0.11934512,0.09000253,0.702736,-0.0007614874,-8.681335e-05,0.7114503,0,6,1785207426976855,1785207426976855,-0.0058128648,-0.023588471,0.18269566,1,0.015941964,0.015750077,0.006186822
1785207426991954821,0.0013535562,-0.00062924856,-0.005375936,4.1148807e-05,4.1066927e-05,0.03409537,1,-0.0002538013,3.6552396e-05,0.3761616,0.119587325,0.11979467,0.08961975,0.7027472,-0.0007545479,-8.431858e-05,0.71143925,0,6,1785207426984855,1785207426984855,-0.005911205,-0.023129595,0.18290606,1,0.01601123,0.015817532,0.00617536
1785207427003968394,-0.0013096163,-0.003026093,-0.005642253,4.1221567e-05,4.1134903e-05,0.0340961,1,-0.00026589635,-4.3595093e-05,0.3775749,0.12049257,0.12070143,0.09016189,0.70278865,-0.00074927835,-9.5477975e-05,0.7113983,0,6,1785207427000855,1785207427000855,-0.0060336194,-0.02256586,0.18302777,1,0.016150385,0.015953604,0.006198921
1785207427011974730,-0.0010432813,0.00016969489,-0.010702258,4.1258183e-05,4.1173203e-05,0.03409645,1,-0.00027749946,-8.7092194e-05,0.37831894,0.12094909,0.12115867,0.09043428,0.7028151,-0.00074985763,-0.000102719416,0.7113722,0,6,1785207427008855,1785207427008855,-0.0065777884,-0.022169279,0.18328263,1,0.016220387,0.016021812,0.00621071
1785207427023994494,-0.0018422394,0.00016970094,-0.013365419,4.129356e-05,4.120884e-05,0.034096807,1,-0.0002948619,-0.0001322119,0.37908724,0.121408224,0.1216185,0.090707555,0.7028514,-0.000753857,-0.00010731698,0.7113363,0,6,1785207427016855,1785207427016855,-0.006928694,-0.021892294,0.18338972,1,0.01629045,0.01608992,0.0062225047
1785207427032010449,0.0016198659,0.0007023155,-0.01576226,4.1329666e-05,4.1239033e-05,0.03409718,1,-0.00031590753,-0.00018042151,0.37987894,0.12186998,0.12208094,0.090981714,0.70289457,-0.0007560309,-0.00010471678,0.7112937,0,6,1785207427024855,1785207427024855,-0.0071624415,-0.021822333,0.18352126,1,0.016360996,0.01615854,0.006234306
1785207427044011558,0.0029509708,0.0007023406,-0.01576203,4.1401938e-05,4.130494e-05,0.03409549,1,-0.00036549973,-0.00028606944,0.38149828,0.1227901,0.123010024,0.09085987,0.70298356,-0.0007460726,-0.0001061001,0.7112058,0,6,1785207427040855,1785207427040855,-0.0076545095,-0.021447489,0.18373016,1,0.016491469,0.016291915,0.0062339595
1785207427051989280,-0.0013101115,-0.0032923836,-0.01629467,4.1438616e-05,4.133851e-05,0.034095846,1,-0.0003929979,-0.00034210563,0.3823254,0.12325965,0.12348029,0.09113465,0.7030305,-0.00074107846,-0.00011351949,0.7111594,0,6,1785207427048855,1785207427048855,-0.007966515,-0.02109034,0.18382165,1,0.016562486,0.016360877,0.0062457644
1785207427063975451,0.000287821,0.0007023392,-0.02215362,4.1475025e-05,4.1377647e-05,0.034096196,1,-0.00042465088,-0.00039846505,0.3831748,0.123731874,0.1239532,0.091410324,0.7030896,-0.0007402672,-0.00011604415,0.71110094,0,6,1785207427056855,1785207427056855,-0.008261934,-0.02055652,0.18410434,1,0.01663402,0.016430512,0.006257576
1785207427071992638,0.00028780784,0.0020339284,-0.02295257,4.1511183e-05,4.14153e-05,0.03409656,1,-0.00046054946,-0.00045460594,0.38404742,0.1242068,0.12442878,0.09168688,0.703154,-0.0007436528,-0.00011140832,0.7110373,0,6,1785207427064855,1785207427064855,-0.008581946,-0.020044576,0.18442975,1,0.016705733,0.016500253,0.006269393
1785207427084001412,-0.00024484843,-0.0038250154,-0.029876791,4.158279e-05,4.1497737e-05,0.03409726,1,-0.00054902263,-0.00056455255,0.385857,0.12516476,0.12538801,0.092242666,0.7033154,-0.0007308096,-0.000114018134,0.7108776,0,6,1785207427080855,1785207427080855,-0.009864669,-0.018831639,0.18492968,1,0.016850121,0.016640384,0.006293046
1785207427092006796,-0.00024480943,-0.00089554954,-0.031474683,4.1619423e-05,4.153576e-05,0.034097627,1,-0.0006036731,-0.0006183419,0.38679454,0.12564784,0.12587167,0.0925219,0.7034021,-0.0007262619,-0.000120188946,0.71079177,0,6,1785207427088855,1785207427088855,-0.010497404,-0.018469205,0.18531533,1,0.01692253,0.016710943,0.0063048825
1785207427103975043,-0.0010437933,-0.002759762,-0.035469428,4.165597e-05,4.157162e-05,0.034097984,1,-0.0006652252,-0.0006728801,0.38775203,0.12613367,0.12635806,0.092802025,0.7035009,-0.00072321534,-0.00012936433,0.71069396,0,6,1785207427096855,1785207427096855,-0.011173891,-0.0180169,0.18544622,1,0.016995158,0.01678171,0.0063167247
1785207427111943248,0.0013530815,-0.0008955612,-0.035735738,4.1692187e-05,4.1606883e-05,0.034098342,1,-0.0007335511,-0.00072640314,0.38867494,0.12662226,0.12684718,0.09238734,0.7036028,-0.00071606913,-0.00013209107,0.7105931,0,6,1785207427104855,1785207427104855,-0.011866879,-0.017444875,0.18579556,1,0.017068312,0.01685244,0.006303714
1785207427123974183,-0.00024655112,0.0025585364,-0.04238876,3.979271e-05,3.97731e-05,0.034092873,1,-0.0008122021,-0.00047673966,0.38914624,0.10606031,0.106216714,0.08380327,0.7038272,-0.00071348675,-0.00013641102,0.7103709,0,6,1785207427120855,1785207427120855,-0.012825247,-0.015867844,0.18593703,1,0.013837591,0.013683246,0.0058695516
1785207427131991029,-0.00024660584,0.003623817,-0.045850877,3.982748e-05,3.980551e-05,0.03409323,1,-0.00082331896,-0.00017850165,0.38872913,0.106433176,0.10659069,0.08405348,0.7039545,-0.0007235422,-0.00012731737,0.71024466,0,6,1785207427128855,1785207427128855,-0.013267785,-0.015135378,0.18585514,1,0.013899351,0.013743143,0.0058811116
1785207427144010062,-0.0005129215,0.0012269681,-0.045850877,3.986257e-05,3.983544e-05,0.03409359,1,-0.0008425994,0.00011500888,0.3883668,0.10680823,0.10696684,0.08430453,0.70408225,-0.00072792236,-0.00012608538,0.7101181,0,6,1785207427136855,1785207427136855,-0.014044714,-0.014082419,0.18584326,1,0.013961482,0.013803356,0.005892678
1785207427152006901,1.9718078e-05,0.0012269588,-0.05304141,3.9897823e-05,3.9869632e-05,0.034093946,1,-0.00087152875,0.0004038747,0.38805744,0.10718547,0.10734516,0.08455641,0.70422614,-0.00073118013,-0.00012446681,0.70997536,0,6,1785207427144855,1785207427144855,-0.014880428,-0.013553543,0.18569615,1,0.014023945,0.013863972,0.0059042512
1785207427164001888,-0.00077920884,-0.0030340995,-0.059965633,3.9969058e-05,3.9942428e-05,0.034094676,1,-0.000958734,0.00096390455,0.38756046,0.10794659,0.10810837,0.084481314,0.7045471,-0.0007232937,-0.00014826344,0.70965683,0,6,1785207427160855,1785207427160855,-0.016581178,-0.012001521,0.1854284,1,0.014149319,0.013985136,0.005907164
1785207427172000240,0.0024165479,-0.0035667769,-0.06422669,4.0004248e-05,3.9979703e-05,0.034095034,1,-0.00101646,0.0012384473,0.38737163,0.10833049,0.1084933,0.08473397,0.7047242,-0.0007103363,-0.0001552207,0.70948106,0,6,1785207427168855,1785207427168855,-0.017340438,-0.011143127,0.18541278,1,0.014212406,0.014046065,0.0059187417
1785207427183996920,0.0032157172,0.00042798975,-0.06795551,4.0039096e-05,4.0013558e-05,0.034092925,1,-0.0010838053,0.0015096643,0.38723123,0.10871026,0.10887853,0.08498746,0.70491326,-0.0006974262,-0.00014936573,0.7092932,0,6,1785207427176855,1785207427176855,-0.018041639,-0.010311577,0.18536578,1,0.014266899,0.014103821,0.005930326
1785207427192008727,0.00028617162,0.00016169157,-0.07061865,4.007518e-05,4.004861e-05,0.03409329,1,-0.0011598441,0.0017791841,0.38713753,0.10909853,0.10926787,0.08524179,0.70511097,-0.0006950551,-0.00014730169,0.70909667,0,6,1785207427184855,1785207427184855,-0.01886162,-0.009136084,0.18529612,1,0.014330328,0.014165136,0.0059419163
1785207427203996711,0.0002861495,-0.0014362643,-0.0778092,4.0146744e-05,4.0112274e-05,0.03409402,1,-0.001340843,0.0023147939,0.3870862,0.10988188,0.110053286,0.08575297,0.70553666,-0.00069518527,-0.00015560209,0.70867306,0,6,1785207427200855,1785207427200855,-0.02073519,-0.007172508,0.1853617,1,0.014458067,0.014288757,0.005965116
1785207427212009981,-0.0005127868,-0.004898326,-0.07940709,4.018249e-05,4.0146668e-05,0.03409438,1,-0.0014458178,0.0025805437,0.38712636,0.11027697,0.110449396,0.08600983,0.7057602,-0.00068186235,-0.00017044501,0.7084505,0,6,1785207427208855,1785207427208855,-0.021502424,-0.0062416475,0.18530026,1,0.014522347,0.014350688,0.0059767244
1785207427224001602,-0.0010453506,-0.00037097558,-0.08499973,4.0217466e-05,4.0179777e-05,0.034094743,1,-0.0015600367,0.0028448661,0.38715023,0.11067436,0.110847786,0.08566964,0.7059915,-0.00068098365,-0.00017814971,0.70821995,0,6,1785207427216855,1785207427216855,-0.022451688,-0.0053377547,0.18537182,1,0.01458684,0.014412791,0.005967423
1785207427232005794,-0.00024644844,-0.0014362601,-0.089527115,4.0253046e-05,4.0209732e-05,0.034095116,1,-0.0016839841,0.003107792,0.38721737,0.11107406,0.11124846,0.08592639,0.7062424,-0.00067784503,-0.00018585776,0.7079698,0,6,1785207427224855,1785207427224855,-0.023386559,-0.004412735,0.18542458,1,0.014651774,0.014475052,0.0059790304
1785207427244089940,0.0005525897,0.00042797718,-0.0975166,4.032689e-05,4.0276984e-05,0.03409584,1,-0.0019633665,0.003633415,0.3874742,0.11188044,0.11205673,0.08644245,0.7067699,-0.00066291314,-0.00019710932,0.7074432,0,6,1785207427240855,1785207427240855,-0.025617532,-0.00231097,0.18537657,1,0.014781988,0.014599793,0.0060022636
1785207427252066460,-0.0007791901,0.0009605624,-0.10177823,4.036379e-05,4.031335e-05,0.034093533,1,-0.0021182564,0.0038964252,0.38766205,0.11227963,0.112462044,0.08670175,0.70705324,-0.00066580775,-0.00019803672,0.70716,0,6,1785207427248855,1785207427248855,-0.02654794,-0.0014888002,0.18550576,1,0.014838319,0.014658956,0.00601389
1785207427264033404,-0.00024656602,0.0020257991,-0.10816982,4.040065e-05,4.0345032e-05,0.034093894,1,-0.002282661,0.004159269,0.3878898,0.11268856,0.112871945,0.0869619,0.70735234,-0.0006717141,-0.0001952049,0.70686084,0,6,1785207427256855,1785207427256855,-0.02745937,-0.0004167967,0.18584485,1,0.0149040865,0.014721905,0.0060255225
1785207427272034090,-0.0018444837,0.00016160589,-0.112963505,4.0437804e-05,4.037794e-05,0.03409425,1,-0.0024564364,0.004422777,0.3881565,0.11309986,0.1132842,0.08722291,0.7076674,-0.0006768687,-0.00020066636,0.70654535,0,6,1785207427264855,1785207427264855,-0.028446537,0.0005272781,0.18594839,1,0.014970195,0.014785271,0.0060371608
1785207427283988942,0.00055238826,-0.0019689319,-0.12148562,4.0508297e-05,4.044599e-05,0.03409498,1,-0.0028333059,0.0049516335,0.38875043,0.113929614,0.114115804,0.087130815,0.70831823,-0.0006672173,-0.00021348972,0.705893,0,6,1785207427280855,1785207427280855,-0.030419756,0.0025150264,0.18621935,1,0.015103526,0.014912816,0.0060388483
1785207427292038239,-0.0010454248,-0.000104686245,-0.12548034,4.054409e-05,4.0480318e-05,0.03409534,1,-0.0030371412,0.005218279,0.38910243,0.11434809,0.11453518,0.08739254,0.7086671,-0.00066486106,-0.00022042685,0.7055427,0,6,1785207427288855,1785207427288855,-0.03145354,0.0036843426,0.18648678,1,0.015170791,0.0149767,0.0060504912
1785207427304001407,1.9680709e-05,-0.00010477612,-0.1292088,4.0580137e-05,4.051392e-05,0.03409569,1,-0.0032500094,0.005487456,0.38949,0.11476899,0.11495695,0.08765513,0.7090271,-0.0006677895,-0.000222042,0.7051809,0,6,1785207427296855,1785207427296855,-0.032313783,0.00488849,0.18670487,1,0.0152378185,0.015040929,0.0060621407
1785207427312016670,0.00055244344,0.00069422973,-0.1358667,4.0617426e-05,4.0550876e-05,0.034096055,1,-0.0034722798,0.0057590962,0.3899119,0.115192324,0.11538113,0.087918565,0.7094039,-0.00066546135,-0.00022212933,0.7048019,0,6,1785207427304855,1785207427304855,-0.033332746,0.005928602,0.18678217,1,0.01530529,0.015105427,0.0060737967
1785207427324031044,0.0005521465,0.00042800978,-0.14651746,4.069388e-05,4.0617117e-05,0.034093484,1,-0.0039388747,0.006306239,0.390802,0.11603753,0.11623401,0.08781963,0.7102029,-0.0006586551,-0.00023576968,0.7039968,0,6,1785207427320855,1785207427320855,-0.035501745,0.008208401,0.18656653,1,0.015431614,0.015231113,0.006074986
1785207427332036830,0.0037476737,0.0014933408,-0.15131117,4.073141e-05,4.0641993e-05,0.034093842,1,-0.0041878987,0.0065851854,0.3912694,0.11646809,0.11666543,0.08808377,0.71062434,-0.00065368577,-0.0002218308,0.7035713,0,6,1785207427328855,1785207427328855,-0.036484167,0.00962011,0.18672359,1,0.015500038,0.015296364,0.0060866466
1785207427344056233,0.0008181711,-0.0014360691,-0.15743642,4.0768497e-05,4.067275e-05,0.034094207,1,-0.0044461493,0.006870385,0.39176863,0.11690112,0.11709931,0.08834877,0.7110606,-0.00064767816,-0.00022179785,0.7031305,0,6,1785207427336855,1785207427336855,-0.037445683,0.01121673,0.18675841,1,0.015569311,0.015361868,0.0060983137
1785207427352053472,-0.0013121794,0.00016185688,-0.16089855,4.080578e-05,4.0707786e-05,0.03409458,1,-0.0047137295,0.0071615367,0.39229938,0.11733665,0.11753565,0.088614635,0.7115093,-0.0006466177,-0.00022734875,0.70267636,0,6,1785207427344855,1785207427344855,-0.038403917,0.0126164425,0.18707801,1,0.015638536,0.0154275745,0.0061099865
1785207427364041497,-0.0045080152,-0.0011696336,-0.1664912,4.0883566e-05,4.077426e-05,0.034095287,1,-0.0052788923,0.0077602295,0.39345208,0.11821525,0.118415795,0.08914896,0.7124295,-0.0006502456,-0.00024168628,0.7017433,0,6,1785207427360855,1785207427360855,-0.0405688,0.015429485,0.18716702,1,0.015777929,0.015559845,0.0061333515
1785207427372030110,0.00055202725,0.0028247929,-0.17314906,4.092183e-05,4.0809453e-05,0.034095645,1,-0.005576019,0.0080682235,0.39407167,0.118658334,0.11885962,0.08941743,0.7129074,-0.0006574727,-0.00023953519,0.7012579,0,6,1785207427368855,1785207427368855,-0.041515015,0.016916044,0.18738163,1,0.015847933,0.015626334,0.0061450433
1785207427384011401,1.9238214e-05,0.00175973,-0.17954068,4.0960545e-05,4.0843574e-05,0.034095995,1,-0.0058830595,0.008383582,0.39465657,0.11910397,0.11930595,0.0890407,0.7134047,-0.0006620507,-0.00023323491,0.70075196,0,6,1785207427376855,1785207427376855,-0.04257725,0.01856964,0.18771459,1,0.015918305,0.015693128,0.0061339005
1785207427392028698,0.00028548826,0.001759395,-0.18753198,4.0999872e-05,4.0875446e-05,0.034090996,1,-0.006197486,0.00870823,0.3952719,0.119542085,0.119751655,0.089308955,0.7139226,-0.0006663108,-0.00023180716,0.70022434,0,6,1785207427384855,1785207427384855,-0.043455586,0.020109972,0.18783857,1,0.015978979,0.015755977,0.006145591
1785207427404021922,0.0005517058,-0.0006374372,-0.20084776,4.1076455e-05,4.0940195e-05,0.034091704,1,-0.006852315,0.009378031,0.39658552,0.12044588,0.12065691,0.08984809,0.71501076,-0.00066476903,-0.00023386284,0.6991132,0,6,1785207427400855,1785207427400855,-0.045442607,0.023182608,0.18811405,1,0.0161212,0.015890993,0.00616899
1785207427412028069,0.00028545636,-0.0014362582,-0.207772,4.1113883e-05,4.0973355e-05,0.034092054,1,-0.007194758,0.009723942,0.39728487,0.12090166,0.12111338,0.090118974,0.7155873,-0.00065783935,-0.00023774708,0.698523,0,6,1785207427408855,1785207427408855,-0.04654259,0.024692781,0.18842326,1,0.016192874,0.015958685,0.006180699
1785207427424032804,1.9214349e-05,0.0017594416,-0.2109678,4.1152376e-05,4.100952e-05,0.03409242,1,-0.0075479965,0.010077281,0.39801216,0.121360056,0.121572435,0.090390734,0.71617126,-0.0006610379,-0.0002365751,0.6979243,0,6,1785207427416855,1785207427416855,-0.04780784,0.02622591,0.18877138,1,0.016264802,0.016026884,0.0061924146
1785207427432025415,-0.0021113495,0.0017596316,-0.21842465,4.1191703e-05,4.1043535e-05,0.034092784,1,-0.007912573,0.010437208,0.39876738,0.121821076,0.12203408,0.090663366,0.71677476,-0.00066728756,-0.00023684364,0.6973044,0,6,1785207427424855,1785207427424855,-0.049013123,0.027593864,0.18919696,1,0.016337207,0.016095359,0.0062041357
1785207427444073042,0.002416093,0.001493064,-0.23227309,4.1271574e-05,4.110766e-05,0.0340935,1,-0.008672615,0.011178254,0.40030214,0.12275104,0.122965194,0.090543136,0.7180267,-0.00067899487,-0.00023130028,0.69601524,0,6,1785207427440855,1785207427440855,-0.0511926,0.030563504,0.18968005,1,0.01648312,0.016233085,0.006203895
1785207427452083446,1.9013067e-05,0.001227017,-0.23733306,4.131048e-05,4.1141015e-05,0.034093864,1,-0.009068068,0.011560217,0.40108147,0.12322001,0.12343469,0.0908164,0.7186842,-0.0006806654,-0.00022402914,0.6953362,0,6,1785207427448855,1785207427448855,-0.052411497,0.03222146,0.19004367,1,0.016556934,0.0163023,0.006215621
1785207427464003812,-0.002377927,0.0022921108,-0.24292621,4.1349358e-05,4.1171916e-05,0.034083363,1,-0.009472589,0.011952699,0.40188703,0.123680025,0.12390313,0.091090545,0.71935195,-0.0006918972,-0.00022447927,0.6946455,0,6,1785207427456855,1785207427456855,-0.053771965,0.034052003,0.19028758,1,0.016620047,0.016367374,0.006227352
1785207427471993908,-0.00077993993,0.0033572451,-0.25517675,4.138963e-05,4.1204676e-05,0.034083713,1,-0.009888608,0.012354856,0.40271738,0.12415419,0.12437786,0.09136557,0.7200519,-0.00070231804,-0.0002211714,0.69391984,0,6,1785207427464855,1785207427464855,-0.054902796,0.035763387,0.19048412,1,0.016694425,0.016437441,0.00623909
1785207427483966203,1.8728315e-05,0.0014931273,-0.26210093,4.146924e-05,4.1260184e-05,0.03408442,1,-0.010753573,0.013190501,0.40444723,0.12511066,0.12533537,0.09191827,0.7214916,-0.0007200885,-0.00020852138,0.6924228,0,6,1785207427480855,1785207427480855,-0.057676554,0.039437458,0.19059375,1,0.016845452,0.01657855,0.0062625855
1785207427492023485,0.0016168465,0.0004276489,-0.26982415,4.1509793e-05,4.1288564e-05,0.03408477,1,-0.011205012,0.013624356,0.4053453,0.12559299,0.12581815,0.09219595,0.7222286,-0.0007185587,-0.00020764566,0.691654,0,6,1785207427488855,1785207427488855,-0.0590288,0.041357648,0.1907081,1,0.016922385,0.01664943,0.0062743435
1785207427504025196,0.0026821296,0.0028246376,-0.27861255,4.155059e-05,4.132122e-05,0.03408513,1,-0.011668424,0.014069557,0.40620744,0.12607807,0.12630364,0.09178783,0.7229924,-0.00071791647,-0.00019506429,0.69085556,0,6,1785207427496855,1785207427496855,-0.060345355,0.043271672,0.19067256,1,0.016998915,0.016720368,0.0062616803
1785207427511982459,0.0029483745,0.0017595771,-0.28793362,4.1590705e-05,4.1351977e-05,0.034085494,1,-0.012142879,0.01452671,0.40709144,0.12656592,0.12679186,0.092065215,0.7237793,-0.00071159704,-0.00018071801,0.6900311,0,6,1785207427504855,1785207427504855,-0.061586086,0.045244936,0.19078045,1,0.01707605,0.016791916,0.006273436
1785207427524032841,-0.0013183,-0.000371804,-0.3009831,3.970515e-05,3.9584538e-05,0.034056146,1,-0.012886942,0.015511932,0.40743142,0.106041804,0.10619556,0.08354371,0.7254143,-0.0007219977,-0.00018422445,0.6883121,0,6,1785207427520855,1785207427520855,-0.0642645,0.04925746,0.19102088,1,0.0138597265,0.013646675,0.0058437074
1785207427532036743,-0.0007858508,-0.0025024228,-0.30977318,3.974242e-05,3.9613125e-05,0.03403266,1,-0.013161544,0.01604147,0.40692335,0.10640838,0.106567465,0.08379265,0.7262638,-0.0007198333,-0.0001944784,0.6874157,0,6,1785207427528855,1785207427528855,-0.06569741,0.051306266,0.19092052,1,0.013918822,0.013704006,0.0058551985
1785207427544039636,-0.0037150222,0.0004273015,-0.31776264,3.9780934e-05,3.964326e-05,0.03403302,1,-0.013453578,0.016582975,0.406473,0.10678284,0.106943116,0.084042415,0.7271327,-0.0007267324,-0.00020522534,0.68649656,0,6,1785207427536855,1785207427536855,-0.066970035,0.053344063,0.19077213,1,0.013985408,0.013764949,0.005866695
1785207427552024882,-0.0010523455,-0.002236255,-0.32708374,3.9820166e-05,3.9671973e-05,0.034033377,1,-0.01376288,0.017136166,0.40607408,0.10715949,0.107320935,0.08372206,0.72802675,-0.00073021697,-0.00021495116,0.6855483,0,6,1785207427544855,1785207427544855,-0.068346106,0.055284552,0.19073209,1,0.014052283,0.013826252,0.0058584157
1785207427564031942,0.0018773274,-0.004100531,-0.3403995,3.9900533e-05,3.972796e-05,0.034034107,1,-0.014431501,0.018278146,0.40543905,0.10791942,0.10808313,0.08422233,0.7298751,-0.0007156455,-0.00024484648,0.68358016,0,6,1785207427560855,1785207427560855,-0.07078069,0.059499286,0.19046178,1,0.014187371,0.013949788,0.0058814175
1785207427572037207,0.0013449447,-0.003034932,-0.3481227,3.9939932e-05,3.975728e-05,0.034034472,1,-0.014789408,0.018868973,0.40519986,0.10830272,0.10846752,0.084473714,0.73082334,-0.0007009869,-0.00025285958,0.68256634,0,6,1785207427568855,1785207427568855,-0.07199969,0.06154884,0.1903888,1,0.014255437,0.0140121775,0.005892928
1785207427584024019,0.0008121879,-0.0003718962,-0.35771,3.997939e-05,3.9788396e-05,0.034034837,1,-0.01516397,0.019472243,0.40501067,0.10868826,0.10885413,0.08472593,0.7317949,-0.0006981686,-0.00025444484,0.68152463,0,6,1785207427576855,1785207427576855,-0.07350519,0.063588016,0.1901648,1,0.014323265,0.014074741,0.0059044445
1785207427592039553,0.0029427144,-0.0017036689,-0.3649006,4.0018178e-05,3.9823368e-05,0.034035187,1,-0.015555445,0.020088868,0.4048705,0.10907605,0.10924297,0.084978975,0.7327878,-0.00068782194,-0.0002563039,0.68045694,0,6,1785207427584855,1785207427584855,-0.074733354,0.06585611,0.19032636,1,0.014392109,0.0141375605,0.0059159673
1785207427604089594,0.0013447392,0.0028234355,-0.38461095,4.0097028e-05,3.9873194e-05,0.033987317,1,-0.016382413,0.021369725,0.40473753,0.109851606,0.110025376,0.08548758,0.7348408,-0.00068728667,-0.0002445709,0.6782393,0,6,1785207427600855,1785207427600855,-0.07718835,0.07053731,0.19047278,1,0.014524495,0.014260491,0.005939032
1785207427612048501,1.2879958e-05,0.0017585484,-0.3904699,4.013677e-05,3.990613e-05,0.03398765,1,-0.016818061,0.022033457,0.4047023,0.11024613,0.11042091,0.08515246,0.7359004,-0.00069132645,-0.00023798732,0.6770895,0,6,1785207427608855,1785207427608855,-0.07859492,0.072781466,0.1903492,1,0.014595948,0.014324634,0.0059300037
1785207427624123610,-0.0031829085,0.00016047293,-0.39979094,4.0176605e-05,3.9936866e-05,0.03398801,1,-0.01727065,0.022712165,0.40471163,0.110642955,0.11081872,0.0854071,0.736978,-0.0007024041,-0.00024657167,0.6759164,0,6,1785207427616868,1785207427616868,-0.08010421,0.075109586,0.19026475,1,0.014667434,0.014388732,0.0059415395
1785207427632033564,-0.0015848338,-0.000904751,-0.40751415,4.0216208e-05,3.9966875e-05,0.03398836,1,-0.017739715,0.023406645,0.40476495,0.1110421,0.11121882,0.08566257,0.7380765,-0.00070369424,-0.00025558713,0.6747167,0,6,1785207427624868,1785207427624868,-0.08143064,0.07759455,0.19037275,1,0.014740381,0.014453429,0.005953083
1785207427644071072,0.0016112268,0.0009590164,-0.4256236,4.0298062e-05,4.002046e-05,0.033989083,1,-0.01872382,0.024845105,0.4050019,0.11184741,0.11202592,0.08617605,0.7403411,-0.0007159516,-0.00027174165,0.67223096,0,6,1785207427640868,1785207427640868,-0.08411242,0.08258456,0.19055155,1,0.014887128,0.0145845935,0.0059761894
1785207427652063101,1.3106735e-05,0.0017586516,-0.43893945,4.0338775e-05,4.004196e-05,0.033989448,1,-0.019238383,0.025590703,0.40518233,0.1122536,0.11243295,0.08643406,0.74151486,-0.0007169339,-0.00026688215,0.67093605,0,6,1785207427648868,1785207427648868,-0.085324354,0.08530115,0.19049257,1,0.014961705,0.014650509,0.005987752
1785207427664072816,-0.0010522407,0.0041551846,-0.44772786,4.0380055e-05,4.0060077e-05,0.03398982,1,-0.019768296,0.026355432,0.4054019,0.11266217,0.112842314,0.08669291,0.74271345,-0.0007313731,-0.00025986342,0.66960895,0,6,1785207427656868,1785207427656868,-0.08682466,0.08804465,0.1905046,1,0.01503699,0.014716479,0.0059993216
1785207427672053955,0.00054521795,-0.0009051417,-0.45465204,4.0421666e-05,4.0088027e-05,0.03399018,1,-0.020313684,0.027138146,0.40560296,0.11307312,0.113254026,0.086345196,0.74392825,-0.0007345982,-0.00026211873,0.6682591,0,6,1785207427664868,1785207427664868,-0.0880355,0.09058335,0.19052026,1,0.015112507,0.01478291,0.0059896577
1785207427684028194,-0.0002531315,0.00095926365,-0.46956718,4.0505893e-05,4.0148796e-05,0.033897113,1,-0.021442672,0.02875861,0.4061215,0.113894284,0.114082105,0.0868635,0.74641323,-0.000728788,-0.00027068934,0.6654824,0,6,1785207427680868,1785207427680868,-0.09023916,0.09574699,0.19044456,1,0.015260177,0.014913347,0.006012805
1785207427692068304,0.00027942366,0.0017578718,-0.48075253,4.05492e-05,4.0181858e-05,0.033897463,1,-0.022025757,0.029596359,0.40643477,0.11431238,0.11450089,0.08712393,0.7476865,-0.00073447736,-0.00027091263,0.6640514,0,6,1785207427688868,1785207427688868,-0.09118263,0.09844863,0.19025706,1,0.015337872,0.014980946,0.006024388
1785207427704026562,0.0018770173,0.0022909355,-0.48794305,4.0593015e-05,4.021278e-05,0.0338978,1,-0.022621678,0.030453602,0.4067836,0.11473292,0.11492206,0.08738521,0.7489782,-0.0007352697,-0.00025896615,0.6625942,0,6,1785207427696868,1785207427696868,-0.09251127,0.10133972,0.19039804,1,0.015415503,0.015049083,0.0060359775
1785207427712062354,-0.0018514555,0.00016040588,-0.49380195,4.0638723e-05,4.0244817e-05,0.03389814,1,-0.02323163,0.03133156,0.40716925,0.11515593,0.11534564,0.087647334,0.750286,-0.0007419086,-0.00026287677,0.661113,0,6,1785207427704868,1785207427704868,-0.09355372,0.10420907,0.19063373,1,0.015493891,0.015117337,0.006047573
1785207427724044878,0.0013444724,-0.0014378955,-0.5151072,4.073101e-05,4.029047e-05,0.033898856,1,-0.024485264,0.033147264,0.40804154,0.116009384,0.11620009,0.088174164,0.75296766,-0.00073676935,-0.00027375325,0.6580572,0,6,1785207427720868,1785207427720868,-0.09559648,0.10971247,0.19028129,1,0.015654556,0.015254479,0.0060707848
1785207427732084367,0.0010781595,-0.0011711176,-0.5246945,4.0775656e-05,4.0314484e-05,0.033899207,1,-0.02513109,0.034083508,0.40848452,0.116439864,0.11663098,0.0878106,0.75434166,-0.00072951295,-0.00027477852,0.6564815,0,6,1785207427728868,1785207427728868,-0.096718825,0.11232436,0.19028838,1,0.015735228,0.015324567,0.0060603376
1785207427744058475,-0.0023834386,0.0030899865,-0.534282,4.0821404e-05,4.033507e-05,0.033899564,1,-0.025789037,0.035037953,0.40895957,0.11687287,0.117064334,0.088074274,0.75574005,-0.0007396022,-0.000276105,0.6548713,0,6,1785207427736868,1785207427736868,-0.09777014,0.11485867,0.1901689,1,0.015817637,0.015393893,0.006071947
1785207427752095780,-0.0031835225,0.00016075978,-0.542268,4.0862564e-05,4.0355924e-05,0.033729333,1,-0.02645509,0.036007073,0.4094661,0.1172997,0.11749735,0.088338815,0.75715405,-0.00075149036,-0.00028183736,0.653236,0,6,1785207427744868,1785207427744868,-0.0986056,0.11742417,0.19016217,1,0.015896745,0.015458942,0.006083564
1785207427764062945,-0.0069115674,0.0014921937,-0.5574479,4.0950003e-05,4.0402356e-05,0.03373004,1,-0.027816568,0.03800132,0.4105673,0.11817825,0.11837635,0.088870466,0.7600289,-0.0007952366,-0.00031484166,0.64988875,0,6,1785207427760868,1785207427760868,-0.10004431,0.12279893,0.18957576,1,0.016065376,0.015599998,0.006106816
1785207427772080522,-0.007976978,-0.00037187617,-0.5688995,4.0995128e-05,4.043454e-05,0.033730384,1,-0.028510055,0.03902766,0.41115817,0.118621394,0.11881962,0.089137584,0.7614958,-0.0008184202,-0.0003367294,0.64816916,0,6,1785207427768868,1785207427768868,-0.10064863,0.12540391,0.18924959,1,0.016151091,0.015671816,0.006118454
1785207427784039852,-0.008509768,-0.0022361777,-0.5723616,4.1041716e-05,4.0462364e-05,0.03373074,1,-0.029212542,0.04007333,0.41177467,0.11906714,0.119265415,0.089405574,0.762973,-0.0008402051,-0.00036514524,0.6464298,0,6,1785207427776868,1785207427776868,-0.101508975,0.12812893,0.18883352,1,0.016238464,0.015743235,0.0061300984
1785207427792091324,-0.01197151,-0.002502148,-0.5838132,4.108784e-05,4.0497456e-05,0.03373109,1,-0.029925087,0.04113921,0.41238207,0.11951551,0.11971375,0.08902854,0.7644704,-0.0008665696,-0.00040376023,0.64465815,0,6,1785207427784868,1785207427784868,-0.10227059,0.13098992,0.18823558,1,0.016325975,0.015814973,0.00611899
1785207427804104406,-0.016764894,0.00096024526,-0.59686273,4.1179952e-05,4.054237e-05,0.033731807,1,-0.031374708,0.043329395,0.41366854,0.120420165,0.120618105,0.089564964,0.7675148,-0.00095154473,-0.00048390054,0.6410303,0,6,1785207427800868,1785207427800868,-0.10341198,0.13603565,0.18732715,1,0.016507186,0.015959512,0.006142286
1785207427812108177,-0.019961735,-0.002768647,-0.60991186,4.122174e-05,4.056706e-05,0.0334578,1,-0.032109823,0.044451226,0.41434547,0.12086738,0.1210709,0.08983448,0.76906276,-0.0010080365,-0.0005395634,0.63917226,0,6,1785207427808868,1785207427808868,-0.103746146,0.13859272,0.1866235,1,0.016596442,0.01602745,0.0061539463
1785207427824093066,-0.027417699,-0.0009036986,-0.612575,4.12685e-05,4.0591964e-05,0.03345816,1,-0.032851163,0.04559229,0.41504315,0.12132632,0.12152947,0.09010487,0.77062744,-0.0010814796,-0.0006114246,0.6372847,0,6,1785207427816868,1785207427816868,-0.10423995,0.1412536,0.18614043,1,0.016688187,0.016100224,0.0061656097
1785207427832090736,-0.029015785,-0.0033014584,-0.62349397,4.1317406e-05,4.061377e-05,0.03345851,1,-0.033599008,0.046752226,0.4157628,0.12178797,0.12199064,0.090376124,0.7722024,-0.0011612021,-0.0006982107,0.6353753,0,6,1785207427824868,1785207427824868,-0.10464608,0.1438359,0.18569171,1,0.016780533,0.016172864,0.006177279
1785207427844121180,-0.034874983,-0.0014369152,-0.6397393,4.141162e-05,4.0662093e-05,0.03345921,1,-0.035106957,0.04912941,0.4172619,0.12271947,0.12292088,0.09092127,0.77541226,-0.0013595617,-0.0008687857,0.63145334,0,6,1785207427840868,1785207427840868,-0.10471906,0.14890432,0.1845435,1,0.016970448,0.016318895,0.00620064
1785207427852166089,-0.03700511,0.00016085897,-0.6466635,4.145749e-05,4.067958e-05,0.033459567,1,-0.03586627,0.05034551,0.41798612,0.12318935,0.12338997,0.090527266,0.7770361,-0.001470392,-0.0009653868,0.62945366,0,6,1785207427848868,1785207427848868,-0.10496648,0.15144444,0.18387987,1,0.017068364,0.016393417,0.006188719
1785207427864082809,-0.038869556,-0.0009041736,-0.6530552,4.1505104e-05,4.0705967e-05,0.033459917,1,-0.036628447,0.051579226,0.41872934,0.123662025,0.123861715,0.090800025,0.7786706,-0.0015839663,-0.0010670075,0.62742996,0,6,1785207427856868,1785207427856868,-0.1047864,0.15371102,0.18320848,1,0.017166909,0.016467027,0.0062004034
1785207427872116487,-0.04685898,0.00042780582,-0.66131085,4.1554224e-05,4.0729963e-05,0.033460252,1,-0.03739151,0.0528299,0.4194904,0.12413749,0.124336146,0.09107366,0.78031987,-0.0017224655,-0.0011826257,0.6253771,0,6,1785207427864868,1785207427864868,-0.104576364,0.15609117,0.18245095,1,0.017266378,0.016540498,0.0062120934
1785207427884105443,-0.055380926,0.003090383,-0.67436236,4.165256e-05,4.076519e-05,0.033010438,1,-0.03892149,0.05538635,0.42106014,0.1250879,0.12528925,0.091623574,0.7836622,-0.002053959,-0.0014393335,0.6211822,0,6,1785207427880868,1785207427880868,-0.10420375,0.16099946,0.1808534,1,0.017461507,0.016683448,0.006235493
1785207427892084128,-0.0591097,-0.00090417964,-0.6807539,4.1700245e-05,4.0791336e-05,0.033010796,1,-0.039688814,0.056694187,0.42186925,0.12557185,0.12577172,0.09189985,0.7853462,-0.0022305974,-0.0015890199,0.6190508,0,6,1785207427888868,1785207427888868,-0.10405472,0.16367468,0.18010847,1,0.017560547,0.01675859,0.006247201
1785207427904060349,-0.06257103,0.0038891188,-0.6895425,4.1748575e-05,4.0819916e-05,0.033011146,1,-0.040456828,0.058021184,0.42269292,0.12605867,0.12625693,0.09217701,0.787048,-0.0024285114,-0.0017400198,0.6168846,0,6,1785207427896868,1785207427896868,-0.10383167,0.16612817,0.17925343,1,0.01766064,0.016833013,0.0062589147
1785207427912091633,-0.067632005,0.0017589463,-0.696999,4.1798092e-05,4.0856034e-05,0.033011474,1,-0.04122545,0.059365906,0.42350388,0.12654838,0.12674488,0.091768645,0.78876126,-0.0026397665,-0.0019015801,0.614691,0,6,1785207427904868,1785207427904868,-0.103624344,0.16851342,0.17838289,1,0.017761502,0.01690771,0.0062463
1785207427924095537,-0.08041981,0.0038912923,-0.7119139,3.9888742e-05,3.9199567e-05,0.032699287,1,-0.04257917,0.062072624,0.42357427,0.10601516,0.1061712,0.08330447,0.79222757,-0.0031088586,-0.0022599353,0.6102137,0,6,1785207427920868,1785207427920868,-0.102391444,0.1738586,0.17612438,1,0.014378164,0.013733733,0.0058205803
1785207427932090152,-0.0838818,0.0046892315,-0.7175066,3.9936993e-05,3.9242823e-05,0.032699607,1,-0.043164566,0.06343658,0.42287242,0.106386736,0.10654419,0.08355225,0.79398257,-0.003379335,-0.0024580604,0.6079263,0,6,1785207427928868,1785207427928868,-0.10151512,0.17645249,0.1746524,1,0.014466094,0.013797626,0.0058320286
1785207427944097162,-0.08867562,0.0028252378,-0.7265614,3.9986255e-05,3.9293067e-05,0.032699943,1,-0.043748878,0.06482073,0.42222035,0.10676056,0.10691935,0.083800845,0.7957485,-0.0036589203,-0.002671367,0.60561043,0,6,1785207427936868,1785207427936868,-0.10063094,0.17895535,0.17339122,1,0.014556219,0.013861547,0.0058434843
1785207427952123005,-0.09080577,0.0041568032,-0.7316215,4.0034636e-05,3.9350598e-05,0.03270025,1,-0.044333,0.0662236,0.4216176,0.107136644,0.1072967,0.08405026,0.79752433,-0.003947296,-0.0028888527,0.6032671,0,6,1785207427944868,1785207427944868,-0.099932544,0.1812177,0.17219542,1,0.0146448165,0.0139250625,0.005854943
1785207427964044674,-0.10438829,0.0054881587,-0.7460042,4.0127255e-05,3.9481976e-05,0.032000747,1,-0.045495924,0.06908722,0.4205511,0.10788908,0.10805643,0.08455157,0.8010968,-0.004604943,-0.0033640487,0.59850764,0,6,1785207427960868,1785207427960868,-0.098162614,0.18594496,0.16947728,1,0.014818462,0.014044634,0.005877874
1785207427972076388,-0.11051324,0.007352436,-0.7507981,4.0177085e-05,3.9575923e-05,0.032001022,1,-0.04607591,0.07054764,0.4200458,0.10827209,0.108440384,0.084225625,0.80289,-0.0049620294,-0.0036183726,0.5960957,0,6,1785207427968868,1785207427968868,-0.09747678,0.18846864,0.16839239,1,0.014909625,0.014108451,0.0058693644
1785207427984048873,-0.113709405,0.0068193562,-0.7582548,4.0228606e-05,3.9683335e-05,0.032001276,1,-0.0466548,0.07202622,0.41958573,0.108657435,0.10882657,0.084476635,0.80469406,-0.0053328346,-0.0038818063,0.59365314,0,6,1785207427976868,1785207427976868,-0.09649682,0.19057287,0.16734838,1,0.015000757,0.014172173,0.005880835
1785207427992093252,-0.11797042,0.007884912,-0.7670433,4.027726e-05,3.9799743e-05,0.03200153,1,-0.047231745,0.07352155,0.41916847,0.109045126,0.109215006,0.08472847,0.80650777,-0.0057168193,-0.004150571,0.5911812,0,6,1785207427984868,1785207427984868,-0.09565806,0.1927458,0.16597384,1,0.015093296,0.014234859,0.0058923103
1785207428004034527,-0.13022007,0.0105478875,-0.7787614,4.0378098e-05,4.007472e-05,0.032001983,1,-0.048376564,0.07656871,0.41845393,0.109827645,0.10999867,0.08523465,0.81015444,-0.0065389085,-0.0047335965,0.58616096,0,6,1785207428000868,1785207428000868,-0.09333891,0.19775382,0.16362762,1,0.015277784,0.014361696,0.0059152776
1785207428012020405,-0.13181935,0.008151207,-0.78435373,4.0429215e-05,4.0228508e-05,0.03200219,1,-0.048941795,0.07812129,0.41815564,0.1102225,0.110393934,0.08548899,0.8119883,-0.0069707558,-0.0050320644,0.5836105,0,6,1785207428008868,1785207428008868,-0.092075065,0.20003095,0.16231968,1,0.015368808,0.014424308,0.0059267664
1785207428024014951,-0.13767768,0.009749053,-0.79074544,4.0479736e-05,4.0414645e-05,0.032002367,1,-0.04950235,0.079691134,0.41789362,0.11061978,0.1107915,0.085744165,0.81382734,-0.0074223564,-0.005343014,0.5810347,0,6,1785207428016868,1785207428016868,-0.09099626,0.20217866,0.16116767,1,0.015461836,0.014487161,0.005938263
1785207428032047547,-0.14140539,0.010548558,-0.80059636,4.0531057e-05,4.058609e-05,0.03100142,1,-0.050062735,0.08127599,0.4176362,0.11101352,0.11118953,0.08540596,0.81567997,-0.007885368,-0.005662539,0.578422,0,6,1785207428024868,1785207428024868,-0.08999252,0.2044249,0.16033766,1,0.015546,0.014541765,0.0059291227
1785207428044030461,-0.1539231,0.011880037,-0.8099172,4.0632687e-05,4.1085335e-05,0.031001652,1,-0.051171362,0.08449712,0.4172358,0.11182048,0.11199615,0.08591695,0.8194114,-0.008891673,-0.0063194884,0.57310206,0,6,1785207428040868,1785207428040868,-0.08764795,0.20858128,0.15837742,1,0.01573979,0.014669282,0.005952128
1785207428052074859,-0.156319,0.014276926,-0.8168416,4.0682833e-05,4.1380114e-05,0.031001715,1,-0.05171643,0.08613144,0.4170864,0.11222771,0.11240298,0.086173706,0.821286,-0.009411864,-0.006662719,0.57040024,0,6,1785207428048868,1785207428048868,-0.08628658,0.21050869,0.15729985,1,0.015836282,0.0147333415,0.0059636394
1785207428064011245,-0.16430886,0.019604044,-0.8197711,4.0733506e-05,4.1710147e-05,0.031001752,1,-0.0522554,0.08778208,0.41696987,0.112637445,0.11281217,0.0864313,0.8231579,-0.009966985,-0.0070011676,0.567682,0,6,1785207428056868,1785207428056868,-0.08506019,0.21270348,0.15621048,1,0.015932744,0.014797766,0.005975156
1785207428072052337,-0.16777118,0.01773871,-0.82589626,4.0785817e-05,4.2073778e-05,0.031001749,1,-0.052787956,0.08945003,0.41688508,0.113049716,0.11322373,0.08668974,0.8250348,-0.010536893,-0.0073573245,0.56493586,0,6,1785207428064868,1785207428064868,-0.083663374,0.21486686,0.1552091,1,0.016033418,0.014861698,0.005986681
1785207428084091898,-0.17629336,0.019336717,-0.83601636,4.0886818e-05,4.298032e-05,0.031001575,1,-0.053826794,0.092836104,0.416806,0.113881946,0.11405401,0.08720916,0.8287915,-0.011727117,-0.008079109,0.5593764,0,6,1785207428080868,1785207428080868,-0.08050993,0.21890913,0.15289779,1,0.016236775,0.01498854,0.0060097473
1785207428092037340,-0.18215202,0.0235987,-0.8405438,4.093966e-05,4.351313e-05,0.031001402,1,-0.054334622,0.0945522,0.41675118,0.11430194,0.11447276,0.086855516,0.83067155,-0.012349843,-0.00844566,0.5565618,0,6,1785207428088868,1785207428088868,-0.079163335,0.22078519,0.15162855,1,0.016338013,0.015052201,0.0059998385
1785207428104082952,-0.18880996,0.024663534,-0.8498656,4.0992243e-05,4.390769e-05,0.029644025,1,-0.054834135,0.096283205,0.41672537,0.114719905,0.1148917,0.08711551,0.83255786,-0.012997815,-0.008823893,0.55371535,0,6,1785207428096868,1785207428096868,-0.07736261,0.22247009,0.15073943,1,0.016414026,0.015107096,0.00601137
1785207428112060173,-0.19493581,0.022799028,-0.85279506,4.104355e-05,4.455026e-05,0.029643724,1,-0.055322833,0.098027885,0.41672927,0.11514522,0.11531524,0.087376356,0.83444554,-0.013667162,-0.009220549,0.5508437,0,6,1785207428104868,1785207428104868,-0.0756219,0.224279,0.14983357,1,0.016514871,0.015171862,0.0060229097
1785207428124065239,-0.20345756,0.027593428,-0.8637139,4.1148614e-05,4.605038e-05,0.029642923,1,-0.056275338,0.101565786,0.4168203,0.11600383,0.116169676,0.087900594,0.83822685,-0.015042142,-0.010011575,0.54502225,0,6,1785207428120868,1785207428120868,-0.0728766,0.22854482,0.14781275,1,0.016719157,0.015302237,0.0060460092
1785207428132019958,-0.2047886,0.028124653,-0.87170357,4.1201587e-05,4.6917445e-05,0.02964241,1,-0.056739215,0.103359394,0.4169048,0.11643716,0.116600595,0.08816399,0.8401196,-0.015754065,-0.010419614,0.5420724,0,6,1785207428128868,1785207428128868,-0.07124414,0.23052037,0.14675644,1,0.016818266,0.015367301,0.0060575632
1785207428144059930,-0.21038152,0.031854443,-0.87729615,4.1254498e-05,4.7859743e-05,0.02964183,1,-0.05719283,0.105169214,0.41701353,0.11687319,0.117033996,0.088428244,0.8420174,-0.016487224,-0.0108217085,0.5390898,0,6,1785207428136868,1785207428136868,-0.06955121,0.23257537,0.14557956,1,0.016919207,0.015433423,0.006069125
1785207428152073760,-0.21597403,0.03504946,-0.8818236,4.1310926e-05,4.8895603e-05,0.029641138,1,-0.057635438,0.106994525,0.41706476,0.11731195,0.11746989,0.088061474,0.8439111,-0.017248733,-0.011228354,0.536088,0,6,1785207428144868,1785207428144868,-0.06762129,0.23442483,0.14436415,1,0.01702491,0.015499092,0.0060585663
1785207428164017180,-0.22050123,0.033718217,-0.89007956,4.1419935e-05,5.128951e-05,0.029639436,1,-0.058484856,0.11068737,0.41724375,0.118197724,0.11834922,0.08859048,0.8476919,-0.018783929,-0.012064439,0.53001887,0,6,1785207428160868,1785207428160868,-0.06393744,0.23793775,0.14267097,1,0.017236138,0.015630532,0.0060816975
1785207428172056558,-0.22502786,0.040375587,-0.8996644,4.1472933e-05,5.195989e-05,0.027924612,1,-0.05889377,0.11255186,0.4173712,0.11864155,0.11878994,0.08885627,0.84958667,-0.019584008,-0.012478743,0.52693754,0,6,1785207428168868,1785207428168868,-0.062180795,0.23979454,0.14179571,1,0.017295329,0.015687864,0.0060932706
1785207428184030335,-0.22929068,0.03877887,-0.90152806,4.153057e-05,5.3342443e-05,0.02792357,1,-0.05929062,0.11443145,0.41752356,0.119091466,0.119235866,0.08912292,0.8514694,-0.020396704,-0.012894307,0.52384895,0,6,1785207428176868,1785207428176868,-0.060169272,0.24166285,0.14109986,1,0.017399307,0.015755167,0.006104852
1785207428192011203,-0.23594815,0.0385118,-0.9052567,4.158247e-05,5.485891e-05,0.027922394,1,-0.059674207,0.11632545,0.41770008,0.1195442,0.119684346,0.089390434,0.85334355,-0.02123214,-0.01332909,0.52074605,0,6,1785207428184868,1785207428184868,-0.058139637,0.24337783,0.14024101,1,0.017502282,0.015822679,0.0061164377
1785207428204012472,-0.24207287,0.048897684,-0.91804004,4.169653e-05,5.8293026e-05,0.027919631,1,-0.06040387,0.120153375,0.4181197,0.1204582,0.120589025,0.08992805,0.8570909,-0.022959115,-0.014173723,0.5144583,0,6,1785207428200868,1785207428200868,-0.054398358,0.24690382,0.13867354,1,0.0177075,0.015958205,0.00613962
1785207428212023267,-0.24899785,0.0459695,-0.91937137,4.174683e-05,6.0227372e-05,0.027918035,1,-0.060750544,0.122089274,0.41830516,0.120919496,0.121045254,0.08954475,0.85895824,-0.02385007,-0.014607105,0.5112814,0,6,1785207428208868,1785207428208868,-0.052514404,0.24857424,0.1379689,1,0.017813979,0.01602681,0.0061282557
1785207428224021169,-0.25086126,0.050228644,-0.9294917,4.1801115e-05,6.23238e-05,0.027916282,1,-0.061083976,0.12403745,0.41851303,0.12138369,0.12150409,0.08981377,0.86082774,-0.024760552,-0.015040084,0.50807136,0,6,1785207428216868,1785207428216868,-0.050417986,0.25005788,0.1371631,1,0.01792069,0.016095396,0.006139852
1785207428232070046,-0.25245965,0.050230436,-0.9310892,4.1851825e-05,6.456525e-05,0.027914388,1,-0.061402787,0.12599757,0.41874334,0.121850796,0.12196555,0.09008365,0.86269414,-0.025670886,-0.015469259,0.5048372,0,6,1785207428224868,1785207428224868,-0.048174687,0.25154558,0.13651665,1,0.018027665,0.01616384,0.006151452
1785207428244074561,-0.2604493,0.053958528,-0.94467115,4.196145e-05,6.7522444e-05,0.02590046,1,-0.06199871,0.12995328,0.41926935,0.12279117,0.122893125,0.09062603,0.86641455,-0.027562048,-0.016333843,0.49829662,0,6,1785207428240868,1785207428240868,-0.04412614,0.25452504,0.13522549,1,0.01816669,0.016295932,0.006174668
1785207428252115072,-0.26950306,0.056888103,-0.946802,4.201356e-05,7.012056e-05,0.025898198,1,-0.06227683,0.13194957,0.41956434,0.123267114,0.12336245,0.09089852,0.86827445,-0.028542422,-0.016779322,0.49497807,0,6,1785207428248868,1785207428248868,-0.0419592,0.25602585,0.13463731,1,0.018268181,0.016365848,0.0061862795
1785207428264030448,-0.26976916,0.0627464,-0.95053047,4.2069136e-05,7.293526e-05,0.025895702,1,-0.062540404,0.1339566,0.41987854,0.12374603,0.12383446,0.09117189,0.8701274,-0.029537078,-0.017208304,0.4916401,0,6,1785207428256868,1785207428256868,-0.039897136,0.25728658,0.13376336,1,0.018371979,0.016436398,0.0061979
1785207428272032957,-0.2753634,0.061415765,-0.95266056,4.2124615e-05,7.587178e-05,0.025893087,1,-0.06278948,0.13597518,0.42016625,0.12422795,0.12430916,0.09077459,0.8719683,-0.030546729,-0.01764102,0.48828998,0,6,1785207428264868,1785207428264868,-0.037719414,0.25883248,0.13310798,1,0.018481104,0.016508132,0.0061858594
1785207428284048493,-0.2801562,0.067539975,-0.9614493,4.223555e-05,8.2402505e-05,0.025887208,1,-0.06323969,0.14004768,0.42080095,0.12520088,0.12526669,0.09132167,0.87563837,-0.032617085,-0.018504012,0.4815093,0,6,1785207428280868,1785207428280868,-0.03315519,0.2615984,0.13189054,1,0.018698879,0.01665254,0.0062091155
1785207428292083413,-0.28574833,0.07180218,-0.9686398,4.228848e-05,8.595879e-05,0.02588399,1,-0.063442074,0.14209913,0.42114788,0.12569195,0.12574953,0.09159653,0.8774654,-0.03367542,-0.018928465,0.47808182,0,6,1785207428288868,1785207428288868,-0.031059539,0.2626919,0.1313435,1,0.018809142,0.016725374,0.006220753
1785207428304052090,-0.28841218,0.072866164,-0.9752977,4.2339063e-05,8.977488e-05,0.02588051,1,-0.06362927,0.14415959,0.4215132,0.12618612,0.12623513,0.09187227,0.87929076,-0.034753542,-0.019355241,0.47462112,0,6,1785207428296868,1785207428296868,-0.028845452,0.26388237,0.13074936,1,0.018917311,0.016798478,0.006232391
1785207428312024823,-0.29134145,0.073932685,-0.9744973,4.2393178e-05,8.943847e-05,0.02369497,1,-0.06380155,0.14622809,0.4218969,0.12667947,0.12671986,0.092148885,0.88110244,-0.035837695,-0.019781712,0.4711506,0,6,1785207428304868,1785207428304868,-0.026548056,0.2652085,0.13030086,1,0.018926168,0.01686659,0.0062440345
1785207428324071127,-0.30145827,0.07872538,-0.987812,4.0264254e-05,9.524009e-05,0.023265671,1,-0.064268745,0.15044554,0.42124134,0.10598331,0.106138624,0.083619386,0.884694,-0.038073406,-0.020634871,0.46415648,0,6,1785207428320868,1785207428320868,-0.021797383,0.2671866,0.12886548,1,0.015177953,0.013703724,0.0058171735
1785207428332110546,-0.30332088,0.08405079,-0.98594815,4.031379e-05,9.949674e-05,0.023261724,1,-0.06455843,0.15259111,0.42018062,0.10635677,0.10651203,0.083302446,0.88646716,-0.03921759,-0.02105607,0.46064588,0,6,1785207428328868,1785207428328868,-0.019285455,0.2683,0.12738095,1,0.015267876,0.013766783,0.0058091497
1785207428344072550,-0.30918008,0.08831279,-0.9928723,4.0366984e-05,0.000104049876,0.023257481,1,-0.06482505,0.15474446,0.4191678,0.106732614,0.10688762,0.083549835,0.88823485,-0.040383134,-0.021469086,0.45710728,0,6,1785207428336868,1785207428336868,-0.016512224,0.26946908,0.12569518,1,0.015356796,0.013830485,0.005820532
1785207428352088304,-0.31557322,0.089377634,-0.9976656,4.0417966e-05,0.0001088076,0.023253031,1,-0.0650682,0.15690595,0.4182004,0.10711085,0.10726541,0.08379804,0.8899947,-0.04157827,-0.021883331,0.45354372,0,6,1785207428344868,1785207428344868,-0.013972852,0.27047393,0.124026716,1,0.015444931,0.013894824,0.0058319196
1785207428364056340,-0.3307523,0.09736769,-1.0269607,4.0514333e-05,0.00011912015,0.023243343,1,-0.0654894,0.1612435,0.4163892,0.10787459,0.10802763,0.08429694,0.89353865,-0.044047862,-0.022725774,0.4462423,0,6,1785207428360868,1785207428360868,-0.009052953,0.2718309,0.11957544,1,0.015627528,0.014024686,0.0058547226
1785207428372101279,-0.34486732,0.10162929,-1.0386785,4.0564046e-05,0.0001246884,0.023238089,1,-0.06566728,0.16341871,0.4155352,0.108260125,0.10841208,0.084547624,0.8953168,-0.045353845,-0.02315493,0.44250968,0,6,1785207428368868,1785207428368868,-0.006551513,0.27237418,0.11677977,1,0.015716145,0.014090481,0.005866127
1785207428384073333,-0.35818252,0.10588953,-1.0591848,4.061584e-05,0.000121876874,0.021003364,1,-0.06582242,0.16559498,0.41471255,0.108645834,0.10879731,0.08479913,0.8971076,-0.046711043,-0.023600532,0.4387015,0,6,1785207428376868,1785207428376868,-0.004024263,0.2723945,0.11424745,1,0.015716499,0.014155059,0.0058775367
1785207428392094658,-0.37229803,0.109085605,-1.0828866,4.0664698e-05,0.00012741325,0.020998135,1,-0.06595428,0.1677681,0.41385916,0.1090364,0.10918625,0.08447026,0.89891493,-0.04812172,-0.024058947,0.43480748,0,6,1785207428384868,1785207428384868,-0.0011937529,0.2719223,0.11131495,1,0.015804313,0.0142220445,0.0058688973
1785207428404106967,-0.39893013,0.11840595,-1.1417421,4.0768893e-05,0.00013921675,0.02098692,1,-0.066135906,0.17209357,0.41221797,0.10982503,0.109970935,0.08497395,0.902604,-0.051096898,-0.025010426,0.42669618,0,6,1785207428400868,1785207428400868,0.0058349543,0.26965734,0.10287497,1,0.01598337,0.014357557,0.00589173
1785207428412091783,-0.40985212,0.105089016,-1.1803572,4.081659e-05,0.00014552857,0.020980913,1,-0.06618118,0.17423539,0.4114136,0.110223114,0.110366724,0.08522705,0.9045031,-0.052634086,-0.025551874,0.4224344,0,6,1785207428408868,1785207428408868,0.009515825,0.26729146,0.09750558,1,0.01607109,0.014426354,0.005903152
1785207428424093733,-0.41331318,0.096831314,-1.2203051,4.0865732e-05,0.00015212309,0.020974621,1,-0.06619422,0.176353,0.41061088,0.11062373,0.110764824,0.08548097,0.90644467,-0.054170813,-0.026145762,0.4180192,0,6,1785207428416868,1785207428416868,0.0136282565,0.2638948,0.09146093,1,0.016162422,0.014495611,0.0059145843
1785207428432094729,-0.41917565,0.075260304,-1.2634472,4.091483e-05,0.00015902761,0.020968022,1,-0.06617066,0.17844075,0.4098017,0.111026905,0.11116525,0.08573573,0.90843016,-0.055690568,-0.026819251,0.41344184,0,6,1785207428424868,1785207428424868,0.018372286,0.2599791,0.084300555,1,0.016253674,0.014565608,0.005926022
1785207428444095276,-0.4090586,0.010808013,-1.3806256,4.1011335e-05,0.00017363248,0.02095402,1,-0.06597826,0.18249644,0.40811872,0.11184099,0.11197313,0.08624775,0.9125806,-0.058524933,-0.028510857,0.4036813,0,6,1785207428440868,1785207428440868,0.032272942,0.2482323,0.06654592,1,0.016430957,0.014706889,0.005948909
1785207428452175131,-0.4077256,-0.024611931,-1.4503998,4.1056894e-05,0.00016654072,0.018706633,1,-0.06578577,0.18443997,0.40716866,0.11225014,0.112379156,0.085903846,0.9147659,-0.059823945,-0.02956551,0.39843482,0,6,1785207428448868,1785207428448868,0.041257914,0.24056216,0.056351542,1,0.01641271,0.014777848,0.0059395186
1785207428464098864,-0.3965403,-0.05550616,-1.5159134,4.1107367e-05,0.0001737253,0.018699728,1,-0.06551857,0.18632074,0.40617737,0.11266364,0.112789005,0.08616017,0.91701216,-0.061030302,-0.030734269,0.39296237,0,6,1785207428456868,1785207428456868,0.050605852,0.23269525,0.045714207,1,0.01650296,0.01485003,0.0059509687
1785207428472170433,-0.37629995,-0.08800054,-1.5782315,4.1157142e-05,0.00018125006,0.018692486,1,-0.065175526,0.1881371,0.40514186,0.11307977,0.113201246,0.086417325,0.9193202,-0.062114254,-0.032011896,0.38725612,0,6,1785207428464868,1785207428464868,0.05994901,0.22463666,0.03495779,1,0.01659148,0.01492285,0.0059624217
1785207428484090188,-0.29906484,-0.12768531,-1.6930143,4.12561e-05,0.00019721541,0.01867709,1,-0.064263836,0.19157615,0.40293828,0.11391994,0.11403298,0.08693415,0.924111,-0.06374894,-0.034687605,0.3751691,0,6,1785207428480868,1785207428480868,0.07852021,0.20865515,0.01462011,1,0.016768087,0.015071688,0.0059853406
1785207428492144034,-0.25645038,-0.13434318,-1.7452128,4.1301948e-05,0.00020567229,0.018668924,1,-0.06369522,0.19319858,0.4017772,0.11434403,0.11445249,0.087193824,0.92657715,-0.06429298,-0.036023226,0.36881378,0,6,1785207428488868,1785207428488868,0.08780609,0.20051186,0.0053547625,1,0.016859636,0.015147898,0.005996812
1785207428504143329,-0.19786076,-0.13514814,-1.7918175,4.134679e-05,0.00021454373,0.018660339,1,-0.06305218,0.1947547,0.40058193,0.11477082,0.11487446,0.08745435,0.92908347,-0.06462817,-0.03729551,0.36226544,0,6,1785207428496868,1785207428496868,0.09687093,0.19220202,-0.0031586704,1,0.016949963,0.0152244875,0.0060082893
1785207428512131030,-0.13234231,-0.12689279,-1.8275045,4.1395608e-05,0.00022381495,0.018651355,1,-0.062336598,0.19624467,0.39932728,0.11520032,0.1152989,0.08709765,0.9316127,-0.06471912,-0.038465522,0.3555698,0,6,1785207428504868,1785207428504868,0.10578723,0.18413411,-0.010946679,1,0.017037239,0.015301936,0.0059982548
1785207428524189036,1.7151702e-05,-0.1047908,-1.8871595,4.148436e-05,0.00022082309,0.016491015,1,-0.060690198,0.19903746,0.3967517,0.11606419,0.116154015,0.08761924,0.9367071,-0.06419776,-0.040425412,0.3417956,0,6,1785207428520868,1785207428520868,0.12356028,0.16886206,-0.0243244,1,0.017095119,0.015458453,0.0060212077
1785207428532199420,0.0695263,-0.088010706,-1.9084648,4.153246e-05,0.0002306403,0.01648147,1,-0.059760176,0.20034184,0.39544216,0.116501674,0.11658599,0.087881304,0.93926,-0.063563354,-0.041188497,0.33474448,0,6,1785207428528868,1785207428528868,0.13252236,0.1612867,-0.029860532,1,0.017177574,0.015538295,0.0060326834
1785207428544170101,0.1273166,-0.070963725,-1.9295042,4.1582658e-05,0.00024110395,0.016471284,1,-0.05875786,0.20158578,0.39412472,0.11694191,0.1170205,0.08814422,0.94180435,-0.06271992,-0.041809287,0.32760182,0,6,1785207428536868,1785207428536868,0.14127693,0.15374507,-0.034652203,1,0.017256044,0.015619732,0.0060441545
1785207428552166498,0.18750404,-0.05418648,-1.9414881,4.163658e-05,0.00025221938,0.016460434,1,-0.057686254,0.20276994,0.3928032,0.11738489,0.11745757,0.088407986,0.9443311,-0.061666187,-0.042290438,0.32038656,0,6,1785207428544868,1785207428544868,0.14976655,0.14649536,-0.038962048,1,0.017333074,0.015703738,0.0060556233
1785207428564168188,0.2887057,-0.015300892,-1.9582661,4.1780073e-05,0.000276526,0.016436625,1,-0.05533485,0.20496641,0.39016956,0.11827915,0.11833948,0.08893808,0.9493003,-0.059004348,-0.042834964,0.3057986,0,6,1785207428560868,1785207428560868,0.16688897,0.13232121,-0.045056503,1,0.017467499,0.015877787,0.006078534
1785207428572201976,0.336908,0.0062708356,-1.9537387,4.1904517e-05,0.00028951658,0.01642383,1,-0.054056205,0.20598152,0.38882822,0.11873043,0.11878437,0.088565275,0.951721,-0.057433862,-0.04289425,0.298477,0,6,1785207428568868,1785207428568868,0.17531013,0.12582412,-0.04727323,1,0.017522082,0.015968261,0.0060676355
1785207428584144614,0.37472403,0.021987,-1.9508095,4.208883e-05,0.00030297876,0.016410511,1,-0.052709587,0.20694408,0.38750094,0.11918447,0.11923191,0.08883055,0.9540906,-0.05572641,-0.042839613,0.29115394,0,6,1785207428576868,1785207428576868,0.18365778,0.119198285,-0.049121514,1,0.01757342,0.016062414,0.0060790507
1785207428592163123,0.40748084,0.038765978,-1.9484128,4.2374413e-05,0.00031666123,0.016396865,1,-0.05129661,0.207854,0.38618907,0.119641274,0.11968213,0.08909669,0.95641065,-0.053905588,-0.042678244,0.2838159,0,6,1785207428584868,1785207428584868,0.19169705,0.11276444,-0.050853327,1,0.017616179,0.016162813,0.0060904417
1785207428604148652,0.45968068,0.08058348,-1.9255099,4.3351014e-05,0.00030704626,0.014346262,1,-0.048270997,0.20952804,0.38361263,0.120555595,0.120589875,0.08963153,0.9608728,-0.049981,-0.04200943,0.26918516,0,6,1785207428600868,1785207428600868,0.20768306,0.100635596,-0.053578455,1,0.017574072,0.016376395,0.0061131353
1785207428612232675,0.4697981,0.09736228,-1.9119283,4.4178378e-05,0.00031909754,0.014333695,1,-0.046662413,0.21029292,0.38235307,0.12102016,0.12104839,0.08990024,0.96300733,-0.047962535,-0.04152837,0.26190084,0,6,1785207428608868,1785207428608868,0.21537296,0.094828315,-0.054202076,1,0.01760388,0.016494222,0.0061244806
1785207428624124978,0.4828496,0.114671186,-1.8962153,4.530292e-05,0.00033072507,0.01432125,1,-0.044992395,0.21101174,0.38111576,0.121487424,0.121509716,0.09016981,0.96507293,-0.045913283,-0.04096833,0.25465247,0,6,1785207428616868,1785207428616868,0.22282177,0.089112185,-0.054788187,1,0.017634235,0.016615406,0.0061358353
1785207428632209482,0.4892395,0.13038662,-1.8751765,4.675939e-05,0.00034125068,0.014309576,1,-0.043263342,0.21168579,0.37983215,0.12195739,0.12197389,0.08978334,0.96706396,-0.043847974,-0.040327284,0.24746402,0,6,1785207428624880,1785207428624880,0.22998099,0.08371475,-0.05546049,1,0.017666811,0.016739447,0.00612418
1785207428644133104,0.49403653,0.16714108,-1.830168,5.0785304e-05,0.00035813477,0.014289281,1,-0.03963356,0.21290939,0.3773292,0.12290544,0.122910835,0.09032287,0.97082347,-0.039705776,-0.03882712,0.23327653,0,6,1785207428640880,1785207428640880,0.24379969,0.073791586,-0.056792125,1,0.017735647,0.016996065,0.0061469255
1785207428652184596,0.49083918,0.18764628,-1.8043358,5.3337782e-05,0.0003638302,0.014281341,1,-0.037737478,0.21346353,0.37610915,0.12338353,0.12338365,0.09059393,0.97258776,-0.037685145,-0.03794712,0.22630306,0,6,1785207428648880,1785207428648880,0.25021183,0.069092505,-0.057317868,1,0.017770566,0.017127601,0.006158316
1785207428664166408,0.48417765,0.1993658,-1.7811673,5.620768e-05,0.00036708283,0.014275526,1,-0.035789613,0.21398078,0.37490985,0.123864315,0.12385939,0.09086585,0.974278,-0.035700478,-0.037009303,0.21940446,0,6,1785207428656880,1785207428656880,0.25654888,0.06469728,-0.057821915,1,0.01780872,0.017261166,0.0061697243
1785207428672136726,0.47672236,0.20842054,-1.7516063,5.7567537e-05,0.0003233639,0.012322432,1,-0.03378424,0.21446592,0.37373057,0.12433443,0.12433766,0.09113865,0.9758921,-0.03375177,-0.03604049,0.21259494,0,6,1785207428664880,1785207428664880,0.26274052,0.06076827,-0.05837768,1,0.017799024,0.017357318,0.0061811497
1785207428684128637,0.4572826,0.23878074,-1.694348,6.363573e-05,0.00031797413,0.012322349,1,-0.029632183,0.21534416,0.3713076,0.12530877,0.12530404,0.09101378,0.9789093,-0.030013325,-0.033932198,0.19920968,0,6,1785207428680880,1785207428680880,0.27383915,0.053288065,-0.05893916,1,0.01789761,0.017626863,0.0061804526
1785207428692172274,0.44902602,0.25609154,-1.6637219,6.680905e-05,0.00031219888,0.012325249,1,-0.027490646,0.21573909,0.37013048,0.12580004,0.12579173,0.09128718,0.9803101,-0.028219376,-0.032781404,0.19266878,0,6,1785207428688880,1785207428688880,0.27903068,0.049757984,-0.059095364,1,0.01794905,0.017764619,0.006191907
1785207428704142614,0.43171462,0.26568112,-1.6317639,7.0018585e-05,0.00030457153,0.012329964,1,-0.025307272,0.21610554,0.36897492,0.12629406,0.12628244,0.091561444,0.9816391,-0.026495798,-0.031596318,0.18623754,0,6,1785207428696880,1785207428696880,0.2841042,0.046234053,-0.05932134,1,0.018003467,0.01790352,0.0062033786
1785207428712157607,0.4066797,0.27180862,-1.6008711,7.319861e-05,0.00029526567,0.012336391,1,-0.02308417,0.21644461,0.36784062,0.12679085,0.12677619,0.09183659,0.9828984,-0.024870297,-0.030394739,0.17991212,0,6,1785207428704880,1785207428704880,0.28881326,0.042993125,-0.059554264,1,0.018059606,0.018045314,0.0062148646
1785207428724134409,0.37049726,0.29254735,-1.5334749,7.461696e-05,0.00026437885,0.012216567,1,-0.020054799,0.2182164,0.36422205,0.106042534,0.106099404,0.08336742,0.9852133,-0.021909814,-0.02789567,0.16762063,0,6,1785207428720880,1785207428720880,0.2963965,0.03822948,-0.060408376,1,0.014507346,0.014621668,0.005792194
1785207428732188857,0.35611838,0.3026701,-1.4999185,7.284774e-05,0.0002213927,0.010471225,1,-0.019218586,0.21963488,0.3617733,0.106412135,0.106467396,0.08361444,0.9862613,-0.020505128,-0.026609393,0.16174106,0,6,1785207428728880,1785207428728880,0.29952076,0.03615191,-0.060792733,1,0.014544387,0.014685631,0.005803462
1785207428744159898,0.32628927,0.31146196,-1.4650307,7.498721e-05,0.00021024639,0.010480505,1,-0.018320678,0.22100738,0.35935444,0.10678987,0.1068436,0.08329715,0.9872527,-0.019215446,-0.025291216,0.15595888,0,6,1785207428736880,1785207428736880,0.30258596,0.03383526,-0.061304227,1,0.014601408,0.014803463,0.0057953964
1785207428752178317,0.29646057,0.31252593,-1.4312091,7.690048e-05,0.0001987046,0.010490408,1,-0.017364314,0.22233564,0.3569872,0.10716981,0.107222125,0.08354412,0.98818433,-0.018053558,-0.023979614,0.15030238,0,6,1785207428744880,1785207428744880,0.30522108,0.031923585,-0.061925642,1,0.014660938,0.014923411,0.0058066817
1785207428764148407,0.2602413,0.3157196,-1.3606358,7.99011e-05,0.00017558131,0.010511072,1,-0.015286913,0.22487472,0.35240352,0.107936315,0.10798621,0.08404052,0.9898799,-0.015973797,-0.021355513,0.13937934,0,6,1785207428760880,1785207428760880,0.3102144,0.02882951,-0.06293078,1,0.01478392,0.015167083,0.0058292905
1785207428772144684,0.23334357,0.31518933,-1.3257478,8.100344e-05,0.00016433813,0.010521486,1,-0.014170241,0.22608751,0.35018545,0.10832292,0.108371824,0.08428995,0.99064803,-0.015069652,-0.02005849,0.13411586,0,6,1785207428768880,1785207428768880,0.3124296,0.027175158,-0.063155256,1,0.014847871,0.0152899735,0.005840615
1785207428784115496,0.20697749,0.3141236,-1.2911268,8.181379e-05,0.00015341566,0.0105318725,1,-0.013005751,0.22726248,0.3480166,0.108711764,0.10875984,0.0845402,0.99136674,-0.014273894,-0.01877282,0.1289802,0,6,1785207428776880,1785207428776880,0.31411788,0.025441658,-0.06331204,1,0.014914081,0.015413372,0.005851952
1785207428792156177,0.17768386,0.31518957,-1.2583698,8.236359e-05,0.00014285615,0.010542153,1,-0.011797829,0.22840087,0.34584364,0.109102875,0.10915029,0.08421359,0.9920382,-0.01359356,-0.01750119,0.12397231,0,6,1785207428784880,1785207428784880,0.31560665,0.023876647,-0.06356003,1,0.014982235,0.015538354,0.0058434447
1785207428804147276,0.13107638,0.30080765,-1.1888624,7.708588e-05,0.00011032381,0.008953474,1,-0.009249582,0.2305787,0.34164268,0.1098838,0.109935746,0.08471476,0.9932481,-0.012524995,-0.015046596,0.11434599,0,6,1785207428800880,1785207428800880,0.31882754,0.02125873,-0.0635315,1,0.015118825,0.01568585,0.0058661522
1785207428812204639,0.10551136,0.29841086,-1.1558393,7.671244e-05,0.000102816935,0.008961614,1,-0.007912402,0.23162013,0.33961272,0.11028172,0.11033389,0.084966585,0.99379444,-0.012135492,-0.013863325,0.10969673,0,6,1785207428808880,1785207428808880,0.31984073,0.019678451,-0.06337336,1,0.015192891,0.015806261,0.0058775214
1785207428824193224,0.07967721,0.29361728,-1.1225497,7.6166325e-05,9.5829826e-05,0.008969408,1,-0.006540691,0.23262882,0.3376303,0.11068199,0.11073455,0.085219234,0.99430186,-0.011848526,-0.012700848,0.10517721,0,6,1785207428816880,1785207428816880,0.32064068,0.018433398,-0.06308341,1,0.015269063,0.015927408,0.005888899
1785207428832171086,0.05544382,0.28829044,-1.0913908,7.539291e-05,8.937854e-05,0.008976892,1,-0.0051364563,0.23360728,0.33569375,0.111084625,0.111137755,0.08547271,0.9947737,-0.011658992,-0.0115745235,0.100773826,0,6,1785207428824880,1785207428824880,0.3212868,0.017213352,-0.062840015,1,0.015346421,0.016046971,0.0059002857
1785207428844199667,0.015227173,0.26272398,-1.025877,7.318219e-05,7.7985285e-05,0.008991017,1,-0.002233754,0.23547396,0.33192223,0.11189706,0.11195189,0.085388176,0.9956135,-0.011508479,-0.009444131,0.092370026,0,6,1785207428840880,1785207428840880,0.32283077,0.014542845,-0.061806187,1,0.015504342,0.016285816,0.0059025837
1785207428852244425,-0.0036799475,0.25446746,-0.9960499,7.1808725e-05,7.3051124e-05,0.008997585,1,-0.0007367402,0.23636156,0.33008698,0.11230689,0.11236285,0.085642375,0.99598694,-0.011550331,-0.0084631145,0.08834561,0,6,1785207428848880,1785207428848880,0.32321244,0.012998355,-0.061422978,1,0.015585021,0.016405988,0.005913983
1785207428864190119,-0.02098999,0.2440806,-0.9643584,7.032613e-05,6.867091e-05,0.009003707,1,0.00078462216,0.237219,0.328295,0.11271916,0.112776436,0.0858974,0.99633145,-0.011661296,-0.007530911,0.08444444,0,6,1785207428856880,1785207428856880,0.32299423,0.0116150575,-0.061053973,1,0.015667204,0.016525188,0.0059253885
1785207428872191716,-0.03137725,0.23662306,-0.9316017,6.8712325e-05,6.481515e-05,0.009009435,1,0.0023264834,0.23804794,0.32654476,0.113133885,0.11319267,0.08615326,0.9966484,-0.011816678,-0.0066252826,0.08067582,0,6,1785207428864880,1785207428864880,0.3226267,0.010297713,-0.06066932,1,0.015750863,0.016643696,0.0059368
1785207428884170883,-0.06653107,0.20919427,-0.8743424,6.226213e-05,5.5118955e-05,0.007641071,1,0.0054752263,0.23961717,0.3231709,0.11396177,0.114032425,0.086667486,0.99720746,-0.012292562,-0.004990229,0.07349369,0,6,1785207428880880,1785207428880880,0.32265845,0.007068593,-0.05916733,1,0.01591943,0.016750094,0.0059596393
1785207428892159376,-0.083574764,0.20147017,-0.8453142,6.0652805e-05,5.286093e-05,0.0076451884,1,0.0070801317,0.240357,0.32154822,0.11438393,0.114456855,0.08692586,0.9974531,-0.012641976,-0.004238943,0.07006947,0,6,1785207428888880,1785207428888880,0.32208496,0.0054781735,-0.05838665,1,0.016005935,0.016865196,0.0059710704
1785207428904205279,-0.091565,0.18841892,-0.8141556,5.9047576e-05,5.0948547e-05,0.0076489556,1,0.008702412,0.2410678,0.31996742,0.11480862,0.114884004,0.08718507,0.9976769,-0.01303296,-0.0035362358,0.06677115,0,6,1785207428896880,1785207428896880,0.32169867,0.0039099744,-0.05747165,1,0.016094118,0.016978769,0.0059825047
1785207428912195395,-0.097157136,0.17909884,-0.7875238,5.7453617e-05,4.9291193e-05,0.0076524564,1,0.010342406,0.24175012,0.3183973,0.115235865,0.1153139,0.08683085,0.9978823,-0.013436711,-0.00287386,0.06357773,0,6,1785207428904880,1785207428904880,0.3212073,0.0023320483,-0.056555014,1,0.016183715,0.01709278,0.0059726452
1785207428924198256,-0.12032772,0.15566306,-0.73399407,5.437326e-05,4.6635854e-05,0.0076586893,1,0.013666771,0.24302693,0.31537986,0.11609812,0.116182,0.08734982,0.99823946,-0.014380636,-0.0016764106,0.057518672,0,6,1785207428920880,1785207428920880,0.31946397,-0.0013997578,-0.054763846,1,0.016365062,0.01732001,0.0059955115
1785207428932226093,-0.1283158,0.14793915,-0.7070965,5.2905478e-05,4.5624507e-05,0.007661415,1,0.015347773,0.24361831,0.3139315,0.11653316,0.116620235,0.087610565,0.9983939,-0.014908428,-0.0011446445,0.054646537,0,6,1785207428928880,1785207428928880,0.31858256,-0.0035405464,-0.053772148,1,0.016456721,0.01743087,0.006006953
1785207428944188629,-0.12884971,0.13222612,-0.67647,5.1495e-05,4.479992e-05,0.0076638972,1,0.017041475,0.24417846,0.31252185,0.11697082,0.117061295,0.08787216,0.9985332,-0.015439697,-0.0006623883,0.05189276,0,6,1785207428936880,1785207428936880,0.31778988,-0.005470622,-0.05290371,1,0.016549606,0.017541338,0.0060183983
1785207428952233448,-0.12911512,0.121306896,-0.65729773,4.9181803e-05,4.3219632e-05,0.0065475963,1,0.018749846,0.24471006,0.31115022,0.117402405,0.11750479,0.0881346,0.9986599,-0.015969584,-0.00023191409,0.049228244,0,6,1785207428944880,1785207428944880,0.3169596,-0.007397188,-0.051986035,1,0.016640969,0.017529678,0.0060298466
1785207428964248653,-0.13337593,0.10266537,-0.60163766,4.7052017e-05,4.2397507e-05,0.00655103,1,0.022197187,0.24567868,0.30842513,0.11829099,0.11840111,0.08803246,0.99887896,-0.017046744,0.00052185974,0.044157963,0,6,1785207428960880,1785207428960880,0.31471586,-0.011886828,-0.050090514,1,0.016831158,0.017748285,0.006030916
1785207428972234901,-0.13657175,0.09547446,-0.58246285,4.6084686e-05,4.212796e-05,0.006552505,1,0.023934796,0.2461146,0.30711892,0.11873934,0.11885358,0.08829557,0.9989718,-0.017600639,0.0008514726,0.04177077,0,6,1785207428968880,1785207428968880,0.31368992,-0.014296581,-0.04915592,1,0.016927572,0.017855559,0.006042363
1785207428984256498,-0.13044688,0.08588601,-0.5590272,4.5194833e-05,4.1937317e-05,0.006553826,1,0.025682084,0.24651867,0.3058488,0.11919041,0.11930893,0.08855953,0.9990553,-0.018141005,0.0011495645,0.039472684,0,6,1785207428976880,1785207428976880,0.31275958,-0.016506147,-0.048203208,1,0.017024936,0.017962718,0.0060538147
1785207428992223280,-0.12698443,0.07683185,-0.53985244,4.4371773e-05,4.180424e-05,0.0065550185,1,0.027439076,0.24689125,0.30461562,0.11964423,0.119767204,0.088824354,0.9991305,-0.018658575,0.0014094976,0.037257474,0,6,1785207428984880,1785207428984880,0.31170025,-0.018854592,-0.04705265,1,0.017122876,0.018070739,0.006065272
1785207429004252592,-0.121391326,0.06671206,-0.49351344,4.3006698e-05,4.1709463e-05,0.006556957,1,0.030972501,0.2475411,0.30225983,0.1205602,0.12069256,0.08935655,0.999257,-0.019659655,0.0018587827,0.033098493,0,6,1785207429000880,1785207429000880,0.30904078,-0.023573248,-0.044517685,1,0.017320823,0.018287646,0.0060882038
1785207429012182633,-0.120326824,0.056857854,-0.473007,4.2433225e-05,4.173419e-05,0.0065577473,1,0.032748792,0.24781905,0.3010725,0.121022366,0.12115969,0.08897877,0.9993094,-0.020151287,0.0020484414,0.031154236,0,6,1785207429008880,1785207429008880,0.30783832,-0.026020985,-0.04360294,1,0.017421307,0.0183925,0.0060771657
1785207429024194632,-0.117131,0.048069753,-0.45676208,4.1794923e-05,4.1305128e-05,0.0056777233,1,0.034535483,0.24806319,0.29991907,0.121479325,0.12162874,0.08924508,0.9993562,-0.02062474,0.0022004927,0.029275397,0,6,1785207429016880,1785207429016880,0.30646154,-0.028864533,-0.042795908,1,0.017520236,0.018392611,0.0060886284
1785207429032192181,-0.11313606,0.045139797,-0.43812,4.1376974e-05,4.138163e-05,0.0056782956,1,0.036326304,0.2482734,0.2987992,0.12194713,0.1221017,0.08951225,0.9993977,-0.021088898,0.0023399005,0.027460927,0,6,1785207429024880,1785207429024880,0.30500185,-0.03151692,-0.041732453,1,0.017622,0.018499753,0.006100099
1785207429044231522,-0.097689345,0.037416667,-0.39817265,4.069194e-05,4.1662006e-05,0.0056791636,1,0.03991711,0.24859013,0.2966637,0.122891344,0.12305668,0.09004917,0.99946636,-0.021915788,0.002556329,0.024085667,0,6,1785207429040880,1785207429040880,0.30201235,-0.037659463,-0.039347947,1,0.017827276,0.018711766,0.006123057
1785207429052233670,-0.092896275,0.03022637,-0.38059568,4.041356e-05,4.1851665e-05,0.0056794845,1,0.041716214,0.24869418,0.29564598,0.12336779,0.123538725,0.09031892,0.9994947,-0.0222934,0.002646853,0.022502758,0,6,1785207429048880,1785207429048880,0.30032718,-0.040723678,-0.0383179,1,0.017931236,0.018818283,0.006134544
1785207429064269804,-0.08437384,0.026497398,-0.35929048,4.0172137e-05,4.2056072e-05,0.0056797517,1,0.04351597,0.24876232,0.29466036,0.12384714,0.12402383,0.09058953,0.99951917,-0.022645,0.0027201166,0.021006694,0,6,1785207429056880,1785207429056880,0.29871917,-0.043920524,-0.037234314,1,0.018036017,0.01892493,0.006146036
1785207429072294585,-0.07638431,0.023568233,-0.3443768,3.9962993e-05,4.229534e-05,0.0056799524,1,0.045318857,0.24879454,0.29370624,0.124329425,0.12451202,0.09086101,0.9995409,-0.022958575,0.0027827404,0.019572822,0,6,1785207429064880,1785207429064880,0.29756418,-0.04703997,-0.03615653,1,0.018141545,0.019030942,0.006157535
1785207429084335658,-0.0646665,0.016111225,-0.31721252,3.9636776e-05,4.287146e-05,0.005680165,1,0.048933223,0.2487512,0.29178643,0.12530288,0.1254977,0.090737596,0.9995769,-0.023520151,0.002871877,0.0168728,0,6,1785207429080880,1785207429080880,0.29450813,-0.053400826,-0.033950422,1,0.018353991,0.019242924,0.0061571966
1785207429092372772,-0.06120381,0.019839838,-0.29910433,3.9513507e-05,4.258222e-05,0.0049930885,1,0.050739903,0.24867743,0.29087412,0.12578681,0.12599297,0.091009684,0.9995912,-0.023771629,0.0029172576,0.01561957,0,6,1785207429088880,1785207429088880,0.29292887,-0.05653163,-0.032886058,1,0.018458968,0.019268816,0.006168703
1785207429104375623,-0.052948393,0.018508118,-0.28472322,3.941389e-05,4.2872092e-05,0.004993124,1,0.052546978,0.2485687,0.2899914,0.12628101,0.12649345,0.091282636,0.99960375,-0.02399229,0.0029666258,0.014424253,0,6,1785207429096880,1785207429096880,0.29134002,-0.05973209,-0.032001,1,0.018567495,0.019377237,0.0061802156
1785207429112368003,-0.0430948,0.015844775,-0.27300528,3.9330414e-05,4.317674e-05,0.004993129,1,0.05435421,0.24842408,0.28913808,0.12677823,0.1269971,0.09155647,0.999615,-0.024176667,0.003009126,0.013279429,0,6,1785207429104880,1785207429104880,0.2898236,-0.06306945,-0.030856263,1,0.018676436,0.019485025,0.0061917393
1785207429124345937,-0.031113617,0.017706756,-0.24450804,3.6324524e-05,4.0811046e-05,0.0049374187,1,0.05811917,0.24813849,0.28559077,0.106044926,0.10609006,0.08314117,0.9996333,-0.02446963,0.0030930561,0.011180939,0,6,1785207429120880,1785207429120880,0.28694126,-0.06954779,-0.0294554,1,0.015008253,0.015547565,0.0057725986
1785207429132367903,-0.02392321,0.01797306,-0.23279011,3.6291178e-05,4.114814e-05,0.0049373335,1,0.060073487,0.24799609,0.28289518,0.10641916,0.10646654,0.082828335,0.999641,-0.024574501,0.0031441834,0.010199489,0,6,1785207429128880,1785207429128880,0.28547046,-0.07269133,-0.028709017,1,0.015100556,0.015638458,0.005764824
1785207429144389530,-0.019129507,0.016907882,-0.22213751,3.6267083e-05,4.1482876e-05,0.0049372436,1,0.06202448,0.24781655,0.28027594,0.10679571,0.10684544,0.08307343,0.99964803,-0.024657506,0.003191815,0.00926585,0,6,1785207429136880,1785207429136880,0.28413808,-0.07600079,-0.028110117,1,0.015193326,0.015729323,0.005776101
1785207429152324982,-0.012471526,0.017973088,-0.21201749,3.6249796e-05,4.1822997e-05,0.004937139,1,0.06397219,0.24759842,0.27772948,0.10717461,0.10722678,0.083319336,0.99965423,-0.02471552,0.003242709,0.008372908,0,6,1785207429144880,1785207429144880,0.28264233,-0.07951715,-0.02766963,1,0.015286716,0.01581934,0.005787385
1785207429164321651,0.00084434147,0.020902166,-0.19976698,3.623628e-05,4.216202e-05,0.004937033,1,0.06591575,0.24734257,0.2752546,0.107555866,0.107610576,0.083566055,0.9996604,-0.024732081,0.0033051237,0.0075267903,0,6,1785207429152880,1785207429152880,0.28112724,-0.08276011,-0.026664719,1,0.01538096,0.015910713,0.005798676
1785207429172341543,0.057036925,0.01690694,-0.17792958,3.620362e-05,4.2043015e-05,0.0044072084,1,0.06978682,0.24672918,0.270562,0.108320795,0.108385086,0.084061936,0.99967706,-0.024463188,0.0034228966,0.005978475,0,6,1785207429168880,1785207429168880,0.2784678,-0.08804026,-0.018938048,1,0.01556928,0.01605451,0.0058212867
1785207429184330378,0.10737096,0.018237803,-0.17100532,3.6202287e-05,4.2351232e-05,0.004407117,1,0.071717925,0.24637853,0.26836452,0.10870924,0.10877638,0.0843111,0.9996899,-0.024092048,0.0034776097,0.0052573313,0,6,1785207429176880,1785207429176880,0.2770478,-0.09021089,-0.013497922,1,0.015665585,0.016147522,0.005832604
1785207429192317227,0.16436248,0.020368263,-0.15609173,3.620569e-05,4.2643136e-05,0.0044070366,1,0.07364428,0.24600199,0.26627257,0.10910012,0.1091702,0.08456108,0.9997072,-0.023493012,0.0035480708,0.0045915223,0,6,1785207429184880,1785207429184880,0.27554962,-0.09207359,-0.0074707055,1,0.015762227,0.016240729,0.005843933
1785207429204311322,0.28793368,0.04513574,-0.1435741,3.6216574e-05,4.3193813e-05,0.004406908,1,0.07748266,0.24518062,0.26233315,0.109889224,0.10996544,0.08448383,0.9997548,-0.021561543,0.0037905022,0.0033530379,0,6,1785207429200880,1785207429200880,0.27237684,-0.09495301,0.0082905935,1,0.01595783,0.016429314,0.005846793
1785207429212282982,0.35690948,0.06777241,-0.13824798,3.622581e-05,4.3451644e-05,0.0044068564,1,0.079391584,0.24474111,0.26055682,0.11028748,0.1103669,0.08473457,0.9997839,-0.02020644,0.0040358463,0.0027631947,0,6,1785207429208880,1785207429208880,0.27056193,-0.09612111,0.018694941,1,0.016056754,0.016524458,0.0058581363
1785207429224352179,0.42162466,0.09493662,-0.12945867,3.6236655e-05,4.368716e-05,0.004406827,1,0.08129144,0.24428433,0.25892395,0.11068823,0.11077095,0.08498613,0.9998152,-0.018587396,0.004378317,0.002203882,0,6,1785207429216880,1785207429216880,0.26846623,-0.09703222,0.030706212,1,0.01615653,0.016621893,0.0058694854
1785207429232345720,0.48607314,0.13035683,-0.119871125,3.6249046e-05,4.391159e-05,0.004406806,1,0.08318078,0.24381323,0.2574484,0.11109151,0.1111776,0.08523851,0.9998472,-0.016711831,0.004860979,0.0016823676,0,6,1785207429224880,1785207429224880,0.26623663,-0.09754623,0.044755977,1,0.01625699,0.016719125,0.005880845
1785207429244340867,0.6179002,0.23741566,-0.10815167,3.6249654e-05,4.3443826e-05,0.0039871996,1,0.086925685,0.24283911,0.25502214,0.11190167,0.111998536,0.08574575,0.9999052,-0.012169885,0.006414877,0.0006715481,0,6,1785207429240880,1785207429240880,0.26124668,-0.09770562,0.0782402,1,0.016456796,0.0168841,0.0059035844
1785207429252300876,0.68154943,0.303463,-0.10708537,3.626265e-05,4.3605374e-05,0.0039872383,1,0.088775724,0.24234135,0.25405133,0.11231262,0.11241311,0.08540639,0.99992627,-0.0095102405,0.0075608636,0.00018122485,0,6,1785207429248880,1785207429248880,0.25845778,-0.09736463,0.097231716,1,0.016559647,0.01698322,0.005894509
1785207429264309318,0.7430687,0.36737838,-0.10309049,3.6276688e-05,4.3744374e-05,0.0039872997,1,0.09060966,0.24183896,0.2532832,0.11272616,0.112830356,0.08566032,0.999938,-0.0066023427,0.008962457,-0.00030115823,0,6,1785207429256880,1785207429256880,0.25569928,-0.09681073,0.11672747,1,0.016662925,0.01708302,0.0059058894
1785207429272326053,0.804055,0.4347567,-0.098030716,3.6291523e-05,4.3868455e-05,0.0039873742,1,0.09242631,0.24133535,0.25271872,0.11314231,0.11325029,0.08591508,0.9999373,-0.0034512829,0.010634474,-0.0007635455,0,6,1785207429264880,1785207429264880,0.2526531,-0.09577046,0.13636357,1,0.016767219,0.017183721,0.005917276
1785207429284300040,0.9276259,0.5940138,-0.09430052,3.6318663e-05,4.4062937e-05,0.0039875805,1,0.09599409,0.24033754,0.2521829,0.113982536,0.11409832,0.0864271,0.9998817,0.003573008,0.014870175,-0.0016733869,0,6,1785207429280880,1785207429280880,0.24525365,-0.09247453,0.1729674,1,0.016977923,0.01738687,0.0059400722
1785207429292343757,0.98914486,0.67071277,-0.08977361,3.633247e-05,4.413673e-05,0.003987706,1,0.09773884,0.23985143,0.25219083,0.11440664,0.11452644,0.08668436,0.99981713,0.0074695023,0.01747599,-0.0021100943,0,6,1785207429288880,1785207429288880,0.24092104,-0.09019883,0.1897421,1,0.017084356,0.017489795,0.0059514833
1785207429304291794,1.0506631,0.73676,-0.09163975,3.634601e-05,4.4193817e-05,0.00398785,1,0.099454775,0.23937894,0.25234842,0.11483343,0.11495734,0.08633519,0.9997223,0.011607015,0.020352947,-0.002549644,0,6,1785207429296880,1785207429296880,0.2367617,-0.08723998,0.20487902,1,0.017191593,0.017593034,0.0059419274
1785207429312272041,1.1121835,0.79907674,-0.09030822,3.6336613e-05,4.3454944e-05,0.003649396,1,0.10113981,0.23892634,0.2526539,0.11525946,0.11539068,0.08659232,0.9995919,0.01599558,0.023479953,-0.0029925562,0,6,1785207429304880,1785207429304880,0.23215379,-0.08359245,0.21626976,1,0.01729457,0.017674148,0.0059533413
1785207429324305831,1.2219051,0.91838676,-0.083651304,3.6361736e-05,4.3326163e-05,0.0036499233,1,0.104398906,0.2381003,0.2535922,0.11612669,0.1162664,0.087109074,0.99920535,0.02542761,0.030453367,-0.003829179,0,6,1785207429320880,1785207429320880,0.22073154,-0.07444347,0.2282999,1,0.01750707,0.017879058,0.005976169
1785207429332303981,1.2828907,0.9609982,-0.084188424,3.6375055e-05,4.312095e-05,0.0036503272,1,0.10596313,0.23773925,0.25416288,0.11656442,0.11670848,0.08736872,0.998939,0.030497264,0.03424661,-0.004241893,0,6,1785207429328880,1785207429328880,0.21423383,-0.06854076,0.22949041,1,0.01761318,0.017980685,0.0059875865
1785207429344273640,1.340681,0.9852332,-0.08738727,3.6386573e-05,4.2787437e-05,0.0036508616,1,0.10747798,0.23742332,0.25476995,0.11700492,0.11715339,0.0876292,0.9986197,0.03579979,0.038151026,-0.0046706414,0,6,1785207429336880,1785207429336880,0.20719431,-0.06150312,0.22757322,1,0.017719613,0.018082151,0.0059990063
1785207429352288712,1.3947438,1.0012108,-0.08472474,3.639571e-05,4.2328662e-05,0.003651524,1,0.10893825,0.23716265,0.2553781,0.11744822,0.11760115,0.08789052,0.9982445,0.04132357,0.042123627,-0.005099202,0,6,1785207429344880,1785207429344880,0.19938621,-0.05321764,0.2207119,1,0.017825896,0.018183595,0.0060104285
1785207429364270484,1.4703768,1.0326371,-0.07940179,3.63896e-05,4.1099025e-05,0.0036531861,1,0.11166094,0.23685081,0.25639686,0.118343234,0.11850524,0.08778777,0.9973183,0.05283642,0.050291564,-0.0059296438,0,6,1785207429360880,1785207429360880,0.18028615,-0.03213545,0.19037107,1,0.018035859,0.018380946,0.006011495
1785207429372232807,1.5143181,1.0134633,-0.08313371,3.634364e-05,4.0023355e-05,0.0033756862,1,0.11291103,0.23682301,0.25671792,0.1187919,0.11896105,0.08804976,0.99676716,0.058839183,0.054339375,-0.0063629537,0,6,1785207429368880,1785207429368880,0.16977261,-0.019448012,0.16843875,1,0.018134382,0.018460596,0.006022911
1785207429384256327,1.5454785,0.9889601,-0.079934664,3.631164e-05,3.9346414e-05,0.0033766052,1,0.11407622,0.23689845,0.25688422,0.11924649,0.11942022,0.0883126,0.99615973,0.06497919,0.058284722,-0.006815291,0,6,1785207429376880,1785207429376880,0.15787648,-0.0047405893,0.14273171,1,0.018236836,0.018555392,0.006034324
1785207429392236163,1.5606574,0.97404873,-0.08019691,3.62698e-05,3.8686594e-05,0.0033775177,1,0.11514316,0.23709458,0.25685495,0.11970392,0.11988227,0.088576294,0.99549747,0.071191005,0.062160015,-0.0072685294,0,6,1785207429384880,1785207429384880,0.144327,0.011987465,0.11143543,1,0.018338382,0.018648697,0.0060457354
1785207429404266687,1.6032668,0.89362216,-0.077814214,3.6192378e-05,3.76085e-05,0.0033790937,1,0.1169432,0.2379127,0.25603455,0.12062736,0.120814994,0.089106224,0.9940188,0.083809145,0.06953887,-0.008184952,0,6,1785207429400880,1785207429400880,0.11381419,0.05194658,0.032158166,1,0.018538471,0.018830083,0.006068548
1785207429412268835,1.6171168,0.83795947,-0.07514689,3.6195557e-05,3.729676e-05,0.003379613,1,0.11765445,0.23857291,0.255155,0.121093385,0.12128568,0.08937246,0.9932117,0.09023068,0.07289625,-0.0086764265,0,6,1785207429408880,1785207429408880,0.09655775,0.07544172,-0.013892543,1,0.018638456,0.018920427,0.0060799466
1785207429424254453,1.6096596,0.78389823,-0.072480954,3.6264337e-05,3.7212845e-05,0.0033798385,1,0.118226916,0.23942493,0.25385478,0.12156231,0.12175926,0.088994175,0.9923686,0.09663922,0.0760347,-0.009172807,0,6,1785207429416880,1785207429416880,0.078184694,0.10116622,-0.061344188,1,0.018739248,0.019010445,0.0060688746
1785207429432252083,1.5987406,0.72664034,-0.07168417,3.6435806e-05,3.741723e-05,0.0033796742,1,0.11865236,0.24048464,0.2522016,0.12203415,0.122235745,0.089260206,0.99149656,0.10299527,0.07894869,-0.009682257,0,6,1785207429424880,1785207429424880,0.05894059,0.12855496,-0.109939136,1,0.018841434,0.019100148,0.0060802475
1785207429444300851,1.55107,0.57750446,-0.0671533,3.6996615e-05,3.8903756e-05,0.003139043,1,0.1190426,0.24327251,0.24783231,0.12298381,0.12319664,0.08979483,0.9896996,0.11550144,0.08389754,-0.010748196,0,6,1785207429440880,1785207429440880,0.019361518,0.1874154,-0.2037653,1,0.019048061,0.0192712,0.006102956
1785207429452335711,1.499405,0.51571816,-0.06528768,3.7700418e-05,4.031397e-05,0.0031371377,1,0.11900086,0.24501911,0.24514449,0.12346458,0.123681925,0.09006343,0.9887993,0.12148307,0.08596704,-0.011299736,0,6,1785207429448880,1785207429448880,-0.0010765905,0.21830115,-0.248202,1,0.019157706,0.01936596,0.0061142854
1785207429464300661,1.4496037,0.44008455,-0.06369439,3.869962e-05,4.2269352e-05,0.0031343927,1,0.118797705,0.24701302,0.24213134,0.123948395,0.124170214,0.09033289,0.9879089,0.12725894,0.08775298,-0.011860721,0,6,1785207429456880,1785207429456880,-0.0217788,0.25041062,-0.29187062,1,0.019272642,0.019464208,0.0061255987
1785207429472272632,1.3955412,0.35992384,-0.061828878,4.00495e-05,4.482792e-05,0.0031306918,1,0.11843318,0.24926391,0.23880312,0.12443531,0.12466154,0.09060321,0.9870378,0.13282381,0.08921733,-0.012434782,0,6,1785207429464880,1785207429464880,-0.042323004,0.28365123,-0.33396456,1,0.019392211,0.019564297,0.006136902
1785207429484294168,1.2522637,0.23928192,-0.057563633,4.4011864e-05,5.208037e-05,0.0031198934,1,0.11721068,0.25457233,0.23117676,0.1254187,0.12565348,0.09047926,0.98538584,0.14309752,0.09139515,-0.013595312,0,6,1785207429480880,1785207429480880,-0.08469356,0.3535672,-0.4169947,1,0.01964872,0.019775247,0.00613616
1785207429492267492,1.1792932,0.17376755,-0.050107762,4.6657526e-05,5.6944526e-05,0.0031125913,1,0.116349384,0.2576473,0.22688909,0.12591527,0.12615417,0.09075018,0.9846161,0.14780414,0.09211223,-0.014154276,0,6,1785207429488880,1785207429488880,-0.106006674,0.38997784,-0.45717046,1,0.019784946,0.019884694,0.006147394
1785207429504269431,1.1020612,0.109054625,-0.050372314,4.9742965e-05,6.273411e-05,0.0031039242,1,0.11532101,0.26101413,0.2223094,0.1264152,0.12665805,0.09102197,0.9838927,0.15221629,0.092567675,-0.014716928,0,6,1785207429496880,1785207429496880,-0.12724616,0.4274653,-0.49636284,1,0.01992913,0.01999848,0.0061586103
1785207429512286127,1.0096495,0.05019727,-0.04690984,5.3303847e-05,6.945501e-05,0.0030938485,1,0.11412716,0.26467636,0.21744598,0.12691854,0.12716517,0.091294624,0.9832287,0.15626179,0.09279237,-0.015275688,0,6,1785207429504880,1785207429504880,-0.1480692,0.4648888,-0.53430575,1,0.02008195,0.020115731,0.0061698165
1785207429524316961,0.82720405,-0.074422374,-0.03174064,5.714935e-05,7.867618e-05,0.0028467414,1,0.11200327,0.27222645,0.2051118,0.10604897,0.106162004,0.08292926,0.9820977,0.16327626,0.09251401,-0.016317692,0,6,1785207429520880,1785207429520880,-0.18812382,0.53997827,-0.6050821,1,0.01602953,0.015985807,0.005753424
1785207429532270738,0.72760195,-0.1428642,-0.03493692,6.151939e-05,8.778666e-05,0.0028334605,1,0.111062385,0.27612808,0.19771226,0.10642366,0.10653903,0.083174214,0.98164576,0.16620913,0.091989405,-0.016859088,0,6,1785207429528880,1785207429528880,-0.20735848,0.5771782,-0.63805926,1,0.016176386,0.016091902,0.0057643917
1785207429544295721,0.62187403,-0.21343951,-0.02561619,6.616366e-05,9.78375e-05,0.0028189647,1,0.109955646,0.2803374,0.19009478,0.106801085,0.106918596,0.08286077,0.9812826,0.16871926,0.091193505,-0.017382514,0,6,1785207429536880,1785207429536880,-0.225927,0.6142452,-0.6686264,1,0.016333243,0.016201416,0.005756348
1785207429552308048,0.5286636,-0.28001836,-0.01656078,7.10383e-05,0.00010880697,0.0028033191,1,0.108689584,0.28485286,0.18231083,0.1071813,0.10730073,0.08310569,0.981002,0.17085743,0.09012983,-0.017878918,0,6,1785207429544880,1785207429544880,-0.24388151,0.6508996,-0.69681245,1,0.016500382,0.016315695,0.005767338
1785207429564276525,0.3236004,-0.42675814,-0.0061754514,8.0859754e-05,0.00013380233,0.0027688977,1,0.10570754,0.2947728,0.16633242,0.107950434,0.108072884,0.08359796,0.98071116,0.17393118,0.087172724,-0.01883326,0,6,1785207429560880,1785207429560880,-0.27655482,0.7210523,-0.7427144,1,0.016871242,0.016556833,0.00578944
1785207429572263765,0.23198745,-0.4991963,-0.001380536,8.567006e-05,0.00014763384,0.002750453,1,0.1040106,0.3001594,0.1581919,0.10833951,0.10846297,0.0838453,0.9807001,0.17488609,0.08526049,-0.019310277,0,6,1785207429568880,1785207429568880,-0.29145175,0.75453675,-0.76059383,1,0.017072026,0.016680809,0.0058005773
1785207429584262157,0.1483638,-0.56417763,0.0087399185,9.034773e-05,0.00016219629,0.0027314087,1,0.102186166,0.30581886,0.14998104,0.10873167,0.108855754,0.08409347,0.9807666,0.17550726,0.08308725,-0.019768583,0,6,1785207429576880,1785207429576880,-0.3054785,0.7870599,-0.775727,1,0.017282499,0.01680706,0.005811787
1785207429592279033,0.05834944,-0.6318217,0.015930237,8.9931156e-05,0.00016931792,0.002548584,1,0.10024099,0.31174293,0.14171797,0.10912533,0.10925086,0.084342435,0.9809127,0.17577623,0.0806518,-0.020210564,0,6,1785207429584880,1785207429584880,-0.3188719,0.8185706,-0.78857225,1,0.01749806,0.016934702,0.0058230734
1785207429604274801,-0.09638047,-0.77962697,0.029782582,9.715019e-05,0.00019922626,0.0025118426,1,0.09602163,0.3243474,0.1250724,0.10992551,0.11005011,0.08426445,0.9814314,0.17530794,0.0749326,-0.021089915,0,6,1785207429600880,1785207429600880,-0.34176233,0.87771666,-0.80432373,1,0.017954674,0.01719118,0.0058261435
1785207429612302948,-0.15656748,-0.83954835,0.035640217,0.000100234596,0.0002143953,0.0024937815,1,0.09376921,0.33100438,0.1167463,0.11033049,0.110453874,0.08451416,0.98177475,0.17469391,0.07167337,-0.021528052,0,6,1785207429608880,1785207429608880,-0.3514581,0.9050624,-0.8066537,1,0.018196123,0.017321631,0.0058377157
1785207429624273939,-0.22314824,-0.8954744,0.04629233,0.00010284548,0.00022960122,0.0024761558,1,0.09143411,0.33787975,0.10846992,0.1107388,0.110860415,0.08476468,0.98216915,0.17381632,0.0681887,-0.021955796,0,6,1785207429616880,1785207429616880,-0.3599819,0.93055123,-0.8055698,1,0.018446539,0.017453467,0.0058493996
1785207429632281197,-0.2899916,-0.95006967,0.055347946,0.00010506256,0.00024455553,0.0024591745,1,0.08902616,0.3449607,0.10026593,0.11115049,0.11126975,0.08501602,0.9826124,0.17266828,0.06448968,-0.02235297,0,6,1785207429624880,1785207429624880,-0.36737946,0.9548123,-0.80183786,1,0.018707965,0.017587336,0.0058612223
1785207429644290831,-0.37388277,-1.0552638,0.07559278,0.000108319924,0.00027336902,0.0024274827,1,0.08401999,0.35970446,0.08415984,0.11198422,0.11209687,0.085521154,0.98359513,0.16977224,0.056421638,-0.023121351,0,6,1785207429640893,1785207429640893,-0.3799576,1.0000973,-0.7848674,1,0.019264167,0.017861234,0.0058852984
1785207429652334357,-0.40504006,-1.0981413,0.07958734,0.00010928835,0.00028704555,0.002413027,1,0.08143562,0.3673472,0.07630935,0.11240639,0.11251469,0.08577496,0.9841074,0.16812158,0.052114524,-0.023492968,0,6,1785207429648893,1785207429648893,-0.3849467,1.0208918,-0.77167785,1,0.019559734,0.018001152,0.0058975704
1785207429664273278,-0.43859684,-1.1300992,0.08677481,0.0001048417,0.0002868365,0.002277138,1,0.07880435,0.37516028,0.06857961,0.112830006,0.11293488,0.085434966,0.9846266,0.16634096,0.04766681,-0.023855656,0,6,1785207429656893,1785207429656893,-0.3895814,1.0409253,-0.7579581,1,0.01983938,0.018137926,0.0058895517
1785207429672263954,-0.47881114,-1.1679155,0.09529797,0.000104968916,0.00029822238,0.002265811,1,0.07613072,0.38313636,0.061008103,0.11325935,0.11335846,0.08568865,0.98515654,0.1643938,0.0430776,-0.024198784,0,6,1785207429664893,1785207429664893,-0.3934931,1.0602763,-0.74377745,1,0.020147314,0.018279593,0.0059020817
1785207429684290651,-0.50890476,-1.2315649,0.109150566,0.00010398227,0.00031811267,0.0022472786,1,0.07068575,0.3995585,0.0463492,0.1141292,0.114214346,0.086198494,0.9861973,0.16023825,0.033483546,-0.024849718,0,6,1785207429680893,1785207429680893,-0.398633,1.0975102,-0.713794,1,0.020787656,0.01856632,0.005927567
1785207429692303850,-0.5118339,-1.2502071,0.11767361,0.000102831546,0.00032631774,0.0022404096,1,0.06792462,0.40799847,0.039270468,0.1145698,0.1146467,0.08645465,0.9866893,0.1581073,0.028530978,-0.02514626,0,6,1785207429688893,1785207429688893,-0.40074456,1.1156111,-0.6978792,1,0.021117467,0.018710272,0.0059405025
1785207429704267447,-0.5184928,-1.2616583,0.12646018,0.00010125066,0.00033342463,0.002235069,1,0.0651415,0.41658774,0.032357033,0.11501425,0.11508202,0.086711645,0.9871573,0.1559524,0.023524247,-0.02541765,0,6,1785207429696893,1785207429696893,-0.4022318,1.1336704,-0.6834755,1,0.021452226,0.01885427,0.005953552
1785207429712251160,-0.52701503,-1.2683164,0.13578078,9.925358e-05,0.00033931743,0.0022313595,1,0.062341675,0.4253291,0.025583992,0.11546259,0.115520306,0.08696947,0.98760235,0.15375921,0.018480316,-0.025654446,0,6,1785207429704893,1785207429704893,-0.40314227,1.1523473,-0.67287016,1,0.021787673,0.018997192,0.0059666745
1785207429724251948,-0.5192915,-1.2869581,0.15123154,9.401154e-05,0.00034726417,0.0022290263,1,0.056714527,0.4432889,0.012300073,0.11637106,0.11640589,0.08687275,0.9884063,0.14935353,0.008270693,-0.026039748,0,6,1785207429720893,1785207429720893,-0.40264863,1.1916107,-0.66037536,1,0.02245595,0.01927759,0.0059718755
1785207429732260858,-0.49905115,-1.2920179,0.15842503,8.755913e-05,0.00033646237,0.0021343858,1,0.053894777,0.4525176,0.0057397084,0.116827935,0.11685264,0.08713125,0.9887512,0.14722554,0.0031119941,-0.026193047,0,6,1785207429728893,1785207429728893,-0.4015401,1.2125607,-0.6599721,1,0.022728655,0.01940185,0.005985144
1785207429744275752,-0.4836064,-1.2896209,0.17014007,8.428008e-05,0.0003375363,0.002136775,1,0.05107971,0.46192485,-0.00080854073,0.11729197,0.11730297,0.08739058,0.9890561,0.14516419,-0.0020446368,-0.026291123,0,6,1785207429736893,1785207429736893,-0.39969322,1.2349036,-0.66668606,1,0.023056002,0.019538026,0.0059984582
1785207429752326222,-0.47721288,-1.2890891,0.17839551,8.073682e-05,0.0003374763,0.0021405634,1,0.048277415,0.47151878,-0.0073922724,0.11776005,0.117756344,0.087650746,0.9893278,0.14312407,-0.007208943,-0.026345272,0,6,1785207429744893,1785207429744893,-0.3965404,1.2580287,-0.6778949,1,0.023380259,0.019672206,0.0060117813
1785207429764319826,-0.44259244,-1.288023,0.19384491,7.298283e-05,0.00033477636,0.002151388,1,0.04275232,0.4912907,-0.020813763,0.1187084,0.1186723,0.0881736,0.9897569,0.13920666,-0.01754324,-0.026365438,0,6,1785207429760893,1785207429760893,-0.38684666,1.3062347,-0.71382004,1,0.02400794,0.01993122,0.0060383356
1785207429772291306,-0.42501682,-1.2720442,0.20475999,6.895383e-05,0.00033223446,0.002158146,1,0.04004393,0.50147474,-0.027711226,0.11918872,0.119134896,0.08843629,0.98991233,0.13735922,-0.022672417,-0.026305921,0,6,1785207429768893,1785207429768893,-0.38093925,1.3302755,-0.73534256,1,0.02430835,0.020056227,0.0060515236
1785207429784360021,-0.42687947,-1.251539,0.20955124,6.489771e-05,0.00032885413,0.002165769,1,0.03737992,0.51185465,-0.034793757,0.11967314,0.11960059,0.08806787,0.9900409,0.13551298,-0.027723767,-0.026207073,0,6,1785207429776893,1785207429776893,-0.37385878,1.354418,-0.76071686,1,0.024602842,0.020178873,0.0060428036
1785207429792344266,-0.42954338,-1.2350273,0.21540917,6.084299e-05,0.00032478795,0.002174077,1,0.034773882,0.52243966,-0.04207639,0.12016169,0.120069385,0.088330366,0.9901441,0.13365877,-0.032710128,-0.026078077,0,6,1785207429784893,1785207429784893,-0.364823,1.380109,-0.79353535,1,0.024892092,0.020299006,0.006055919
1785207429804359781,-0.42821115,-1.1764386,0.2215314,5.1871735e-05,0.00030511263,0.0021079904,1,0.029786538,0.5442557,-0.057427566,0.12114568,0.1210157,0.08885791,0.99028045,0.12995034,-0.042386938,-0.02571087,0,6,1785207429800893,1785207429800893,-0.34238824,1.4333991,-0.87265414,1,0.025352603,0.020510513,0.0060819685
1785207429812407776,-0.44472358,-1.1415507,0.22659142,4.846953e-05,0.00030009422,0.0021165991,1,0.027426997,0.5554912,-0.06555225,0.12164639,0.12149383,0.08912295,0.9903266,0.12803808,-0.047015842,-0.025476994,0,6,1785207429808893,1785207429808893,-0.32927227,1.459801,-0.9154334,1,0.025619015,0.020623721,0.0060949386
1785207429824391661,-0.4559082,-1.1175826,0.23005366,4.5321027e-05,0.0002946317,0.0021253973,1,0.025172254,0.56694055,-0.07399011,0.122151285,0.12197512,0.08938885,0.99035895,0.12608242,-0.051542476,-0.02521462,0,6,1785207429816893,1785207429816893,-0.3146519,1.4855708,-0.95840526,1,0.0258835,0.020736728,0.0061078775
1785207429832433063,-0.45244616,-1.0872215,0.23059042,4.2463827e-05,0.00028892176,0.0021341536,1,0.023030285,0.57859933,-0.08273892,0.1226604,0.12245958,0.08965559,0.9903751,0.12411613,-0.05595323,-0.024934178,0,6,1785207429824893,1785207429824893,-0.29952073,1.5111039,-1.0004638,1,0.02614649,0.02084945,0.0061207796
1785207429844438419,-0.46496326,-0.9958761,0.23857516,3.7819493e-05,0.00027730488,0.002150793,1,0.019103749,0.60252357,-0.101193756,0.12369145,0.123438135,0.089538336,0.9903758,0.120155856,-0.06426529,-0.024255523,0,6,1785207429840893,1785207429840893,-0.26692003,1.559027,-1.0809244,1,0.026671385,0.02107349,0.0061238674
1785207429852466867,-0.47934383,-0.9665813,0.23964155,3.6120568e-05,0.0002714844,0.0021585035,1,0.017334694,0.61477184,-0.110878095,0.12421346,0.123932265,0.0898057,0.9903687,0.118108094,-0.06819069,-0.023880696,0,6,1785207429848893,1785207429848893,-0.24908777,1.5813177,-1.1190124,1,0.026937764,0.02118742,0.006136743
1785207429864399225,-0.47961026,-0.9268999,0.23724538,3.487124e-05,0.00026561777,0.0021658107,1,0.015703995,0.6272009,-0.12083338,0.12473987,0.12442968,0.09007393,0.99035376,0.11604659,-0.07197638,-0.023494724,0,6,1785207429856893,1785207429856893,-0.2309151,1.6031123,-1.1556511,1,0.027216017,0.021305764,0.006149683
1785207429872395021,-0.49399242,-0.8669795,0.23697542,3.397118e-05,0.00025184703,0.0020930518,1,0.0142096095,0.63980335,-0.13104592,0.1252617,0.12492964,0.09034301,0.99034166,0.11394906,-0.07553874,-0.023087978,0,6,1785207429864893,1785207429864893,-0.21258889,1.6235888,-1.1900743,1,0.027387807,0.021407863,0.006162693
1785207429884406970,-0.5222203,-0.77403533,0.23271713,3.3937693e-05,0.00024102177,0.0021042938,1,0.011656463,0.6654983,-0.15217376,0.12633638,0.12594125,0.09088376,0.9903366,0.10959977,-0.08202484,-0.022212202,0,6,1785207429880893,1785207429880893,-0.17382357,1.6619728,-1.2524242,1,0.027995734,0.021663088,0.0061889207
1785207429892440297,-0.5222217,-0.71864074,0.23111883,3.4635712e-05,0.0002359583,0.0021088517,1,0.01060534,0.67857605,-0.1630571,0.12688081,0.12645228,0.09115545,0.9903396,0.107382044,-0.08498852,-0.021762975,0,6,1785207429888893,1785207429888893,-0.15431766,1.6801313,-1.2806221,1,0.028330762,0.021801706,0.00620223
1785207429904371463,-0.5248847,-0.6464697,0.22765516,3.5816538e-05,0.00023099864,0.0021128238,1,0.009701797,0.69180024,-0.17414336,0.12743016,0.12696691,0.09075671,0.9903536,0.10516584,-0.08767304,-0.021292103,0,6,1785207429896893,1785207429896893,-0.13522892,1.6973381,-1.3070129,1,0.028681202,0.02194555,0.0061922325
1785207429912333264,-0.5267494,-0.5711019,0.22366028,3.7479243e-05,0.0002262145,0.0021161388,1,0.008947156,0.7051635,-0.18540917,0.12798452,0.1274852,0.091028124,0.9903828,0.10294785,-0.090059295,-0.020809857,0,6,1785207429904893,1785207429904893,-0.11555486,1.7137356,-1.3315514,1,0.029047543,0.022095188,0.0062056817
1785207429924386341,-0.51822525,-0.4541337,0.21006759,3.7010304e-05,0.00019030445,0.002013896,1,0.007738716,0.72960997,-0.20996897,0.1060106,0.10621152,0.08271378,0.99047375,0.09855353,-0.09410125,-0.019849926,0,6,1785207429920893,1785207429920893,-0.076259665,1.742291,-1.3755367,1,0.021753207,0.017312104,0.0057847076
1785207429932349084,-0.51183426,-0.3721085,0.20686975,3.9711398e-05,0.0001863824,0.0020153036,1,0.007282346,0.7407299,-0.22319984,0.10639361,0.10659069,0.08295765,0.9905449,0.09638938,-0.09568795,-0.019334236,0,6,1785207429928893,1785207429928893,-0.057204705,1.7546575,-1.3953835,1,0.022047678,0.01744216,0.0057976167
1785207429944380449,-0.50277966,-0.29061556,0.20553914,4.2592288e-05,0.0001773089,0.001944704,1,0.0069768587,0.7520132,-0.23652147,0.10677835,0.10697245,0.083202325,0.99063754,0.094266,-0.09694359,-0.018790148,0,6,1785207429936893,1785207429936893,-0.038008716,1.7663356,-1.413704,1,0.02226883,0.01756903,0.0058106696
1785207429952410821,-0.48706636,-0.22030833,0.19861612,4.5974295e-05,0.0001735554,0.0019452617,1,0.00682251,0.7634512,-0.24992248,0.10716834,0.1073574,0.08344781,0.99074715,0.09220269,-0.097910084,-0.018230712,0,6,1785207429944893,1785207429944893,-0.018519253,1.7772989,-1.4303474,1,0.022592686,0.01771259,0.0058238036
1785207429964389637,-0.4604352,-0.060252372,0.18263572,5.359953e-05,0.00016605714,0.001945508,1,0.0069607147,0.78676736,-0.27695736,0.10795924,0.108136296,0.08337503,0.9910256,0.08826083,-0.098923676,-0.01710213,0,6,1785207429960893,1785207429960893,0.018987488,1.7978147,-1.4597952,1,0.023266567,0.018012358,0.005830978
1785207429972379461,-0.4444561,0.023637315,0.17571183,5.780609e-05,0.00016220394,0.0019453416,1,0.007246087,0.79863346,-0.2905732,0.108360305,0.10853036,0.083621286,0.99119884,0.086398505,-0.0989281,-0.01653276,0,6,1785207429968893,1785207429968893,0.037236672,1.8071039,-1.4725546,1,0.023605365,0.01816593,0.0058441334
1785207429984343059,-0.42075393,0.10166812,0.17011945,6.2238905e-05,0.00015836878,0.0019449312,1,0.007672773,0.8106296,-0.30423155,0.10876519,0.10892755,0.083868355,0.9913926,0.08462328,-0.098617785,-0.015947139,0,6,1785207429976893,1785207429976893,0.05525973,1.8160285,-1.4841596,1,0.023945892,0.018320818,0.0058572977
1785207429992368240,-0.39838353,0.17969841,0.1607983,6.682734e-05,0.00015456826,0.0019443309,1,0.0082363505,0.8227525,-0.3179251,0.10917397,0.109327905,0.08411624,0.9916044,0.08295113,-0.097999476,-0.01536041,0,6,1785207429984893,1785207429984893,0.07240939,1.8246737,-1.4947339,1,0.024281878,0.01847693,0.0058703846
1785207430004354199,-0.35896897,0.34774417,0.15227492,7.5148935e-05,0.00014299633,0.0018745974,1,0.009760328,0.84735984,-0.34539708,0.11000116,0.11013807,0.08461448,0.9920939,0.07986065,-0.09576949,-0.014150472,0,6,1785207430000893,1785207430000893,0.10586771,1.8408597,-1.5135505,1,0.02481378,0.018787472,0.005896366
1785207430012369723,-0.33100623,0.43110085,0.14268737,7.987615e-05,0.00013927792,0.0018737763,1,0.0107165305,0.85983706,-0.35916424,0.11042178,0.1105481,0.084864825,0.992368,0.078470975,-0.09415458,-0.013530589,0,6,1785207430008893,1785207430008893,0.12193647,1.848397,-1.5214788,1,0.025134109,0.018948028,0.0059092995
1785207430024363306,-0.3017111,0.51472425,0.13416538,8.4548796e-05,0.00013554144,0.0018730281,1,0.011794935,0.8724232,-0.3730187,0.11084646,0.11096141,0.08453391,0.9926584,0.07720675,-0.09220596,-0.0129110655,0,6,1785207430016893,1785207430016893,0.13740893,1.8556101,-1.5285956,1,0.02544625,0.019109068,0.0059022605
1785207430032362829,-0.27214968,0.5898256,0.12644224,8.911493e-05,0.00013177659,0.001872415,1,0.01299,0.8851149,-0.38687912,0.11127525,0.11137801,0.08478418,0.99296194,0.07606096,-0.089946516,-0.0122890705,0,6,1785207430024893,1785207430024893,0.1520837,1.8625983,-1.5349568,1,0.025754593,0.019270988,0.0059150574
1785207430044388563,-0.21649006,0.75174564,0.10753354,9.8022356e-05,0.00012418756,0.0018714743,1,0.01571135,0.91080236,-0.4146005,0.11214529,0.112221204,0.08528721,0.99360174,0.07413716,-0.084482156,-0.011043322,0,6,1785207430040893,1785207430040893,0.18014719,1.8758223,-1.5460979,1,0.026351642,0.019597426,0.005940453
1785207430052377786,-0.19278744,0.8244498,0.103807054,0.000102145714,0.00012047758,0.0018712493,1,0.017230347,0.92379165,-0.42845738,0.11258663,0.11264784,0.085539974,0.9939345,0.073339574,-0.081285186,-0.010413457,0,6,1785207430048893,1785207430048893,0.1932868,1.8821074,-1.5508964,1,0.026642494,0.019761538,0.005953071
1785207430064364356,-0.16908541,0.89955103,0.095016584,0.000105932195,0.00011682807,0.001871302,1,0.018847087,0.93687475,-0.44230866,0.11303223,0.11307786,0.085793555,0.9942726,0.072628304,-0.07779081,-0.009790073,0,6,1785207430056893,1785207430056893,0.20556454,1.8884203,-1.5554979,1,0.026927607,0.019926965,0.005965647
1785207430072357186,-0.12967053,0.96959245,0.08835808,0.00010942034,0.000113257105,0.0018715744,1,0.02055579,0.95005023,-0.45615295,0.11348212,0.11351129,0.08604797,0.9946075,0.07207263,-0.074011214,-0.0091610355,0,6,1785207430064893,1785207430064893,0.21727282,1.894502,-1.5596148,1,0.027206551,0.020093359,0.0059781764
1785207430084326785,-0.08972306,1.1032826,0.07051839,0.000113101756,0.000104020866,0.0018085046,1,0.02423087,0.9766686,-0.48385802,0.11439051,0.114388354,0.08595738,0.99526334,0.07127007,-0.06564066,-0.007929038,0,6,1785207430080893,1785207430080893,0.23851256,1.9062418,-1.5677837,1,0.027592158,0.020427752,0.0059824046
1785207430092333591,-0.08120077,1.1568122,0.06545899,0.00011529485,0.000100909216,0.0018096127,1,0.026183289,0.9901072,-0.49771953,0.114853166,0.11483214,0.086212516,0.995581,0.070943214,-0.06108958,-0.007324075,0,6,1785207430088893,1785207430088893,0.2478152,1.9119524,-1.571455,1,0.027851444,0.020597035,0.0059947805
1785207430104321484,-0.053505298,1.2143366,0.051872533,0.000117049116,9.794229e-05,0.0018110159,1,0.028203962,1.0036317,-0.5115707,0.11532022,0.11527942,0.08646849,0.9958834,0.07070843,-0.05631328,-0.006746003,0,6,1785207430096893,1785207430096893,0.25639093,1.9178481,-1.5750421,1,0.028104695,0.02076757,0.006007124
1785207430112319063,-0.022343945,1.2707957,0.048411313,0.000118336604,9.512073e-05,0.001812741,1,0.0302868,1.0172415,-0.5254131,0.11579171,0.11573022,0.086725295,0.9961648,0.07060382,-0.0513108,-0.0061711464,0,6,1785207430104893,1785207430104893,0.26419294,1.9236207,-1.5786182,1,0.028354155,0.020938601,0.006019443
1785207430124327755,-0.015154986,1.3632072,0.03217247,0.000119306555,8.990498e-05,0.0018173688,1,0.034613315,1.0447086,-0.5530756,0.116748124,0.11664246,0.08724143,0.99666727,0.07052069,-0.04069054,-0.00505915,0,6,1785207430120893,1785207430120893,0.2771727,1.9344807,-1.5860481,1,0.028838478,0.021282466,0.0060439766
1785207430132365450,0.0021564402,1.3994263,0.023644293,0.00011900028,8.753582e-05,0.0018202362,1,0.036842834,1.0585635,-0.566898,0.1172331,0.11710394,0.08750076,0.9968809,0.07051963,-0.035142984,-0.0045389337,0,6,1785207430128893,1785207430128893,0.2823686,1.9402993,-1.5895503,1,0.029074317,0.021455491,0.006056218
1785207430144350286,0.029586844,1.438042,0.018051675,0.00011819028,8.534292e-05,0.0018234313,1,0.039107513,1.0725011,-0.5808081,0.11772263,0.11756904,0.08714224,0.99705994,0.07062752,-0.029445603,-0.0040271734,0,6,1785207430136893,1785207430136893,0.2865248,1.9461423,-1.5932559,1,0.029307554,0.021628236,0.006047127
1785207430152352745,0.05195808,1.4769242,0.012726111,0.000114687966,8.17425e-05,0.0017681024,1,0.041401576,1.0865208,-0.5947127,0.118209735,0.11803766,0.08740141,0.99720335,0.07082817,-0.023588667,-0.003526396,0,6,1785207430144893,1785207430144893,0.28955713,1.951965,-1.596997,1,0.029380174,0.021801447,0.006059317
1785207430164341549,0.04503255,1.5224645,0.003673265,0.00011057806,7.820636e-05,0.0017761333,1,0.046042368,1.1147958,-0.6225107,0.11921092,0.11898606,0.08792231,0.99739206,0.07120199,-0.011532714,-0.0025572276,0,6,1785207430160893,1785207430160893,0.29353362,1.962766,-1.6051129,1,0.029828383,0.022150094,0.00608374
1785207430172331885,0.0652723,1.5304538,-0.005917108,0.00010780262,7.669392e-05,0.001780614,1,0.048375208,1.1290513,-0.63640994,0.119718485,0.1194658,0.08818404,0.9974274,0.07144722,-0.0054281475,-0.0021146063,0,6,1785207430168893,1785207430168893,0.2938987,1.9686636,-1.6093557,1,0.03004742,0.022324225,0.0060959305
1785207430184359452,0.08524783,1.5621456,-0.013105277,0.00010461434,7.53396e-05,0.0017853505,1,0.050703123,1.1433871,-0.6503112,0.12023074,0.11994925,0.08844661,0.99741894,0.07177807,0.0007773995,-0.0017010013,0,6,1785207430176893,1785207430176893,0.2928375,1.9746425,-1.6136873,1,0.030264415,0.022497784,0.006108118
1785207430192346982,0.08205196,1.5762602,-0.016561138,0.000101048834,7.415088e-05,0.0017902995,1,0.05301797,1.1578033,-0.66426545,0.12074771,0.12043644,0.08807792,0.99737024,0.07211919,0.007068491,-0.0012960223,0,6,1785207430184893,1785207430184893,0.29112056,1.9805858,-1.6181582,1,0.030479308,0.022671476,0.006098468
1785207430204348731,0.07512826,1.5624117,-0.025090665,9.285935e-05,7.217769e-05,0.0018008511,1,0.057584863,1.186866,-0.69218946,0.12179593,0.12142214,0.08860356,0.99716336,0.0726664,0.01961157,-0.0005445322,0,6,1785207430200893,1785207430200893,0.2849213,1.9920285,-1.6276004,1,0.030903682,0.023019556,0.006122875
1785207430212333055,0.09696431,1.5701349,-0.033347044,8.713924e-05,7.029578e-05,0.0017533717,1,0.05982077,1.2015158,-0.7061632,0.12231749,0.12192057,0.088867664,0.9969941,0.07302932,0.025875792,-0.00020786407,0,6,1785207430208893,1785207430208893,0.27978393,1.9983292,-1.632579,1,0.03096812,0.02319068,0.0061351075
1785207430224347418,0.10415715,1.5738634,-0.034143243,8.257051e-05,6.967613e-05,0.0017587561,1,0.062009424,1.2162466,-0.7201499,0.1228531,0.122422956,0.08913262,0.9967817,0.07342851,0.03216426,0.00011351315,0,6,1785207430216893,1785207430216893,0.27351087,2.0048087,-1.6381478,1,0.031176887,0.023363193,0.006147351
1785207430232375084,0.084980436,1.5586838,-0.039993297,7.787444e-05,6.9186484e-05,0.0017641371,1,0.06414491,1.2310578,-0.73415244,0.12339358,0.1229292,0.089398436,0.99653405,0.073783524,0.038416747,0.0004162209,0,6,1785207430224893,1785207430224893,0.26681626,2.0109959,-1.6437116,1,0.03138516,0.023535462,0.0061596176
1785207430244348930,0.09962893,1.5051538,-0.04772779,6.8333764e-05,6.841493e-05,0.0017748411,1,0.068230726,1.2609148,-0.7622065,0.12448926,0.12395336,0.08993266,0.9959391,0.07446333,0.05059316,0.0009408774,0,6,1785207430240893,1785207430240893,0.24990918,2.0236728,-1.6547254,1,0.031799793,0.023877243,0.0061841677
1785207430252361277,0.1134777,1.491039,-0.047725815,6.36286e-05,6.815167e-05,0.0017800062,1,0.07016074,1.2759627,-0.77629906,0.12504454,0.12447131,0.08954761,0.9955859,0.07488605,0.056563333,0.0011795671,0,6,1785207430248893,1785207430248893,0.23964424,2.030164,-1.6598219,1,0.032008775,0.024046618,0.0061738207
1785207430264358487,0.10282369,1.4625435,-0.053845454,5.9030564e-05,6.8024834e-05,0.0017849284,1,0.07200601,1.2910889,-0.79040456,0.12560482,0.12499321,0.08981493,0.995204,0.075287186,0.06244145,0.0013919363,0,6,1785207430256893,1785207430256893,0.22890906,2.036486,-1.664846,1,0.0322173,0.024215123,0.006186157
1785207430272342400,0.08258416,1.4103453,-0.058105875,5.459268e-05,6.796859e-05,0.0017896196,1,0.07376226,1.3062916,-0.8045242,0.12617016,0.12551908,0.090083115,0.99480635,0.07560809,0.06812721,0.0015741261,0,6,1785207430264893,1785207430264893,0.21741371,2.0426602,-1.6698761,1,0.0324249,0.02438257,0.0061984956
1785207430284354769,0.09137413,1.3166021,-0.060511686,4.6316287e-05,6.706884e-05,0.0017516795,1,0.07698054,1.336927,-0.8328096,0.12730362,0.12658262,0.0906221,0.99396545,0.076196566,0.07888825,0.0018617064,0,6,1785207430280893,1785207430280893,0.19109702,2.0559132,-1.6801531,1,0.032710157,0.024709228,0.006223236
1785207430292336799,0.09510123,1.2785193,-0.065300964,4.2835774e-05,6.717222e-05,0.0017552543,1,0.07842704,1.352363,-0.8469755,0.12788369,0.12712052,0.090892896,0.993517,0.0765426,0.08403181,0.001961672,0,6,1785207430288893,1785207430288893,0.17677331,2.0626702,-1.6849568,1,0.032920986,0.024871787,0.0062356615
1785207430304345661,0.06713928,1.2185982,-0.06636058,3.9720035e-05,6.737141e-05,0.001758369,1,0.079756334,1.3678749,-0.8611554,0.12846895,0.1276625,0.09116457,0.99306726,0.07680378,0.0889631,0.002040019,0,6,1785207430296893,1785207430296893,0.16180956,2.068848,-1.6896273,1,0.03313231,0.025032064,0.006248089
1785207430312354953,0.056486838,1.1472253,-0.061040025,3.7021222e-05,6.756983e-05,0.0017610671,1,0.08096316,1.3834608,-0.87540567,0.12905943,0.12820852,0.09076569,0.99262506,0.07699488,0.09360956,0.0021222183,0,6,1785207430304893,1785207430304893,0.14598267,2.0752778,-1.6940603,1,0.033340175,0.02519163,0.0062371134
1785207430324398430,0.071146816,1.0364453,-0.06370165,2.7979388e-05,5.645871e-05,0.0016323238,1,0.082142666,1.4144225,-0.904972,0.10613003,0.106208086,0.0824977,0.99174637,0.07741562,0.1021808,0.0022282936,0,6,1785207430320893,1785207430320893,0.11077782,2.089166,-1.7032117,1,0.02384435,0.01917111,0.0058043245
1785207430332382764,0.07221255,0.9722633,-0.065829046,2.726661e-05,5.675858e-05,0.001632924,1,0.0821179,1.4298121,-0.92026615,0.10652414,0.10659697,0.08274077,0.99131113,0.07767097,0.106134444,0.0022585813,0,6,1785207430328893,1785207430328893,0.09226703,2.0960147,-1.7080373,1,0.024001734,0.019289337,0.0058163423
1785207430344377881,0.059696652,0.8921021,-0.061567105,2.7051005e-05,5.707054e-05,0.001633015,1,0.08196272,1.4452877,-0.9355496,0.1069218,0.10698878,0.082984656,0.99089724,0.07788359,0.109780304,0.00227915,0,6,1785207430336893,1785207430336893,0.07336249,2.1025786,-1.7129245,1,0.02415962,0.019406855,0.0058283852
1785207430352365401,0.05410308,0.81327254,-0.05997061,2.7346547e-05,5.7320874e-05,0.0016326566,1,0.08167195,1.4608495,-0.9508228,0.10732304,0.107383534,0.08322935,0.9905089,0.07806518,0.11310529,0.0022909888,0,6,1785207430344893,1785207430344893,0.053713366,2.10945,-1.7173728,1,0.0243156,0.019523457,0.005840411
1785207430364311805,0.0708813,0.6678638,-0.06343506,2.9313482e-05,5.7349986e-05,0.0015951828,1,0.080659956,1.492231,-0.98132837,0.10813527,0.10818179,0.08372119,0.989799,0.078479566,0.1188859,0.0022132434,0,6,1785207430360893,1785207430360893,0.012834732,2.123341,-1.7251978,1,0.024577048,0.019748742,0.005864546
1785207430372360020,0.06315832,0.57971334,-0.063432746,3.1074014e-05,5.771678e-05,0.0015932437,1,0.07993506,1.5080514,-0.9966146,0.10854739,0.10858547,0.08340179,0.9894888,0.07870296,0.12129872,0.0021229922,0,6,1785207430368893,1785207430368893,-0.007661766,2.130222,-1.7283777,1,0.024740987,0.019860027,0.005857394
1785207430384351690,0.053038713,0.4902312,-0.058106385,3.331949e-05,5.804751e-05,0.0015908558,1,0.079062276,1.5239555,-1.011879,0.108963214,0.10899216,0.08364809,0.98922044,0.078888856,0.12335097,0.002026272,0,6,1785207430376893,1785207430376893,-0.028378144,2.137044,-1.7309626,1,0.024903923,0.019970957,0.0058694878
1785207430392355330,0.051440723,0.41353205,-0.054911472,3.6004865e-05,5.834654e-05,0.0015880594,1,0.07803863,1.539943,-1.0271196,0.10938277,0.109401874,0.083895214,0.98898923,0.07905809,0.12508579,0.0019217848,0,6,1785207430384893,1785207430384893,-0.049531065,2.1439333,-1.7332747,1,0.025067348,0.020080198,0.005881583
1785207430404357720,0.058630858,0.2353666,-0.051715754,4.26255e-05,5.908132e-05,0.0015810803,1,0.07553029,1.5721653,-1.0575297,0.11023321,0.11023044,0.08439194,0.9886434,0.07945609,0.12754762,0.0016544828,0,6,1785207430400893,1785207430400893,-0.09191767,2.1576025,-1.7376335,1,0.025399351,0.02029221,0.0059058
1785207430412359066,0.060761556,0.13736221,-0.049851693,4.6525958e-05,5.9457947e-05,0.0015769914,1,0.07404663,1.5883982,-1.0726978,0.11066415,0.1106493,0.08464154,0.988541,0.0796669,0.12820989,0.001478418,0,6,1785207430408893,1785207430408893,-0.11283857,2.164351,-1.7391074,1,0.025564957,0.020396847,0.005917929
1785207430424353792,0.050375238,0.040689535,-0.04585669,5.071036e-05,5.9763217e-05,0.0015726903,1,0.072410606,1.6047113,-1.0878379,0.111098945,0.111071244,0.084891975,0.98849,0.07985231,0.12848908,0.0012898381,0,6,1785207430416893,1785207430416893,-0.13379394,2.1712532,-1.7403986,1,0.025730403,0.02050065,0.005930065
1785207430432380837,0.056234375,-0.060510572,-0.040264368,5.4364464e-05,5.9510687e-05,0.0015393831,1,0.07062109,1.6211056,-1.1029948,0.11153639,0.111496076,0.08456077,0.9884902,0.080044806,0.12837005,0.0010902451,0,6,1785207430424893,1785207430424893,-0.15465948,2.1782823,-1.7416306,1,0.025846682,0.020602288,0.0059223403
1785207430444364351,0.05490285,-0.2802213,-0.030676749,6.359187e-05,6.0127433e-05,0.001529914,1,0.06658943,1.6541321,-1.1332245,0.11242538,0.11235545,0.08506234,0.98865557,0.08042657,0.12685195,0.000640368,0,6,1785207430440893,1785207430440893,-0.19557056,2.1919208,-1.744051,1,0.026186703,0.020804135,0.005946719
1785207430452352572,0.061028004,-0.39686775,-0.027747663,6.841321e-05,6.0373495e-05,0.0015250344,1,0.06435223,1.6707635,-1.1482995,0.11287582,0.11278981,0.08531437,0.9888209,0.08065108,0.12541391,0.00037881304,0,6,1785207430448893,1785207430448893,-0.2153268,2.198879,-1.7450149,1,0.026353998,0.02090438,0.0059588943
1785207430464285762,0.062625505,-0.5175091,-0.020024428,7.322415e-05,6.0557613e-05,0.0015202272,1,0.061972465,1.6874729,-1.1633464,0.11333027,0.11322731,0.08556724,0.98904264,0.080884114,0.12350044,0.000103520615,0,6,1785207430456893,1785207430456893,-0.23461926,2.2057438,-1.7458191,1,0.0265232,0.021003773,0.0059711067
1785207430472295193,0.0671534,-0.6376176,-0.013899195,7.8003184e-05,6.0740735e-05,0.0015154524,1,0.0594523,1.7042598,-1.1783664,0.11378875,0.11366795,0.08582096,0.98931795,0.081139065,0.12110564,-0.00018344368,0,6,1785207430464893,1785207430464893,-0.25366065,2.2125883,-1.7466352,1,0.026694937,0.021102203,0.0059833536
1785207430484293956,0.06688602,-0.8828948,0.00021381826,8.747759e-05,6.119072e-05,0.0015059034,1,0.054007474,1.7380667,-1.2083322,0.11471797,0.114558704,0.0863309,0.99001604,0.08168782,0.11486872,-0.00081021205,0,6,1785207430480893,1785207430480893,-0.2895006,2.226838,-1.748884,1,0.027045507,0.021300295,0.00600801
1785207430492341540,0.0690181,-1.0104601,0.008205531,9.197363e-05,6.138582e-05,0.001501399,1,0.05109382,1.755087,-1.223336,0.11518877,0.11500884,0.08598482,0.99043524,0.08195503,0.11099682,-0.0011291393,0,6,1785207430488893,1785207430488893,-0.30654624,2.2338893,-1.7501042,1,0.027219348,0.021400323,0.005999682
1785207430504353889,0.07620758,-1.1300362,0.013798683,9.479667e-05,6.109945e-05,0.0014736176,1,0.048060104,1.7721853,-1.2383174,0.115662076,0.11546192,0.08624011,0.99089,0.082246274,0.10663243,-0.0014757533,0,6,1785207430496893,1785207430496893,-0.32291156,2.2411523,-1.7513599,1,0.027349772,0.021499723,0.0060120635
1785207430512310781,0.085794106,-1.2346983,0.024716886,9.8710436e-05,6.1264895e-05,0.0014697257,1,0.044910073,1.7893617,-1.2532802,0.11614114,0.11591847,0.08649625,0.9913657,0.08258182,0.10183825,-0.0018256712,0,6,1785207430504893,1785207430504893,-0.3386013,2.2483788,-1.7531095,1,0.027524322,0.021599118,0.0060244408
1785207430524319603,0.07221267,-1.448284,0.036427807,0.00010561382,6.166914e-05,0.0014627913,1,0.038287256,1.8239496,-1.2831646,0.11711198,0.11684124,0.08701106,0.9923645,0.08324104,0.090979114,-0.0025481659,0,6,1785207430520893,1785207430520893,-0.36721283,2.2630248,-1.7576715,1,0.027878458,0.021800997,0.0060494365
1785207430532320108,0.05942945,-1.5505491,0.046020903,0.00010845142,6.183441e-05,0.0014599756,1,0.034827918,1.8413584,-1.2980938,0.11760382,0.11730749,0.08726974,0.9928811,0.08347824,0.084912315,-0.0029063507,0,6,1785207430528893,1785207430528893,-0.38041872,2.2703161,-1.7604983,1,0.02805418,0.021902742,0.0060619763
1785207430544322348,0.08126779,-1.640031,0.05348505,0.00011089165,6.198541e-05,0.0014575716,1,0.031278145,1.8588469,-1.3130218,0.11809998,0.117777,0.08752927,0.99338543,0.08377357,0.07846472,-0.0032692673,0,6,1785207430536893,1785207430536893,-0.39259228,2.2782524,-1.7641982,1,0.028230641,0.022005146,0.006074552
1785207430552360373,0.095916,-1.7164639,0.05774155,0.00011291081,6.215796e-05,0.001455567,1,0.027647208,1.8764166,-1.3280112,0.118600495,0.11824976,0.087170556,0.99386406,0.084140435,0.07170361,-0.0036439614,0,6,1785207430544893,1785207430544893,-0.403444,2.2860928,-1.7681104,1,0.028407145,0.022108847,0.006065812
1785207430564304573,0.058897674,-1.8815805,0.07291072,0.00011540946,6.2528445e-05,0.001453073,1,0.020182595,1.911789,-1.358009,0.1196147,0.1192052,0.087690204,0.9947505,0.08474487,0.057188828,-0.0043861507,0,6,1785207430560893,1785207430560893,-0.4214756,2.300829,-1.7775174,1,0.028760802,0.022320436,0.006091159
1785207430572324645,0.06688554,-1.9465613,0.08064702,0.00011426228,6.227893e-05,0.00143231,1,0.01636709,1.929593,-1.3730297,0.12012596,0.119687565,0.08795131,0.99514234,0.08497884,0.049477104,-0.0047460617,0,6,1785207430568893,1785207430568893,-0.42897853,2.3089638,-1.7830937,1,0.028896369,0.022427121,0.0061039026
1785207430584303661,0.089257196,-1.9950308,0.08810765,0.00011412367,6.24516e-05,0.0014324631,1,0.012506714,1.947478,-1.3880717,0.12064404,0.120173596,0.08821327,0.99547654,0.08528584,0.041556083,-0.0050917077,0,6,1785207430576893,1785207430576893,-0.4352075,2.3169558,-1.7892716,1,0.029075207,0.022536118,0.0061167055
1785207430592297713,0.090855055,-2.0453646,0.091558136,0.00011339485,6.26227e-05,0.0014332081,1,0.00861266,1.9654434,-1.403139,0.121166624,0.12066299,0.08847609,0.9957514,0.08562772,0.03342936,-0.0054424573,0,6,1785207430584893,1785207430584893,-0.4398721,2.3249123,-1.7957067,1,0.029253295,0.022646723,0.0061295284
1785207430604316985,0.042117245,-2.125792,0.108341254,0.000110079185,6.3007334e-05,0.0014365137,1,0.00076625095,2.001602,-1.433369,0.122225426,0.12165194,0.08900432,0.9961399,0.085976966,0.01661751,-0.0060979957,0,6,1785207430600893,1785207430600893,-0.4455435,2.3399856,-1.8104581,1,0.029612124,0.02287338,0.006155324
1785207430612290469,0.05516724,-2.1391077,0.115800776,0.000107483946,6.322535e-05,0.0014390784,1,-0.0031658127,2.0197983,-1.4486073,0.12276172,0.12215153,0.08862966,0.9962302,0.086137824,0.008072618,-0.0063830568,0,6,1785207430608893,1785207430608893,-0.44619703,2.3482456,-1.8184935,1,0.029791983,0.022989018,0.0061461
1785207430624310793,0.076473504,-2.1585486,0.12006544,0.000104284336,6.346764e-05,0.0014422234,1,-0.0070866747,2.0380769,-1.4638886,0.123302646,0.122654594,0.08889403,0.9962411,0.08636681,-0.00055107556,-0.00665516,0,6,1785207430616893,1785207430616893,-0.44510275,2.356867,-1.8272276,1,0.029972356,0.023106275,0.0061590625
1785207430632295768,0.053305782,-2.1795886,0.123771116,0.000100527366,6.3735024e-05,0.0014459018,1,-0.010984885,2.0564368,-1.4792166,0.12384824,0.12316114,0.089159265,0.9961797,0.08655904,-0.009258087,-0.006914596,0,6,1785207430624893,1785207430624893,-0.4427647,2.364796,-1.8361268,1,0.030154899,0.023225568,0.006172086
1785207430644389020,0.030131653,-2.1676033,0.13710961,9.029938e-05,6.384962e-05,0.0014351313,1,-0.018671451,2.0933883,-1.5100243,0.124949425,0.1241844,0.08969234,0.9958582,0.08659522,-0.026705943,-0.0073924125,0,6,1785207430640906,1785207430640906,-0.43391564,2.3811262,-1.8549173,1,0.030479772,0.023466727,0.0061982204
1785207430652271121,0.047712795,-2.1500268,0.14003882,8.518643e-05,6.414073e-05,0.0014401427,1,-0.02243422,2.1119874,-1.5255083,0.12550904,0.12470154,0.08996018,0.99558055,0.08668265,-0.03532913,-0.0075764335,0,6,1785207430648906,1785207430648906,-0.42681956,2.3899848,-1.8642156,1,0.03066562,0.023590796,0.006211328
1785207430664255026,0.043452676,-2.1385758,0.13709407,7.9812424e-05,6.4478336e-05,0.0014453687,1,-0.026126299,2.1306696,-1.5410452,0.12607346,0.12522227,0.0902289,0.99522847,0.08678979,-0.0439047,-0.0077643674,0,6,1785207430656906,1785207430656906,-0.41821748,2.3983753,-1.873663,1,0.030852448,0.02371687,0.0062244376
1785207430672312768,-0.011412316,-2.1106136,0.14027722,7.425982e-05,6.483373e-05,0.0014507559,1,-0.02973678,2.1494253,-1.5567129,0.12664275,0.12574658,0.08984075,0.9948238,0.0867082,-0.05238434,-0.007948812,0,6,1785207430664906,1785207430664906,-0.40850708,2.4054422,-1.8831402,1,0.031042123,0.023844691,0.0062147076
1785207430684256849,0.0072315736,-2.021662,0.14216813,6.290703e-05,6.5424545e-05,0.001461899,1,-0.03667191,2.18716,-1.5882112,0.12779601,0.12680627,0.09037864,0.9938409,0.086445525,-0.06884516,-0.008249743,0,6,1785207430680906,1785207430680906,-0.38419306,2.4218512,-1.9028114,1,0.031421524,0.024105802,0.0062409067
1785207430692253666,0.011226336,-1.982514,0.14162777,5.7325473e-05,6.574842e-05,0.0014673478,1,-0.039968174,2.2061467,-1.6040509,0.12838006,0.1273417,0.090648904,0.9932611,0.08638678,-0.0768094,-0.00837428,0,6,1785207430688906,1785207430688906,-0.36930284,2.430345,-1.9134175,1,0.03161808,0.024239339,0.0062540746
1785207430704292816,-0.03271646,-1.945764,0.1469362,5.1988027e-05,6.614387e-05,0.0014724815,1,-0.04313225,2.2252088,-1.6199571,0.12896913,0.12788089,0.090920046,0.9926408,0.08620163,-0.08462731,-0.008475889,0,6,1785207430696906,1785207430696906,-0.35294795,2.4378068,-1.9245818,1,0.03181498,0.024374316,0.006267226
1785207430712282089,-0.06280988,-1.888505,0.14562024,4.696314e-05,6.6533976e-05,0.001477308,1,-0.04615518,2.2443428,-1.6359309,0.12956327,0.12842388,0.091192074,0.9919936,0.0858452,-0.09222759,-0.008575914,0,6,1785207430704906,1785207430704906,-0.33565572,2.4456923,-1.9351645,1,0.03201048,0.024510767,0.0062803132
1785207430724292985,0.003476026,-1.7572079,0.14801076,3.502151e-05,5.5714707e-05,0.0013863061,1,-0.050006956,2.2824795,-1.6693623,0.106335975,0.10643111,0.08229376,0.9905797,0.08544391,-0.10665938,-0.008657906,0,6,1785207430720906,1785207430720906,-0.2956924,2.462756,-1.9559498,1,0.023103295,0.018767605,0.005818504
1785207430732325450,-0.019959487,-1.6914291,0.14692765,3.153624e-05,5.6028086e-05,0.0013896638,1,-0.05084566,2.3014855,-1.6867278,0.10673658,0.10681974,0.08253632,0.989834,0.08528343,-0.113487355,-0.008717977,0,6,1785207430728906,1785207430728906,-0.27320305,2.4699836,-1.9661324,1,0.023253284,0.01887866,0.0058309706
1785207430744271884,-0.063636854,-1.6197903,0.15092377,2.8680231e-05,5.6373297e-05,0.0013923607,1,-0.05153244,2.3205662,-1.7041221,0.107140675,0.10721121,0.0827797,0.98909074,0.084941134,-0.120032385,-0.008763147,0,6,1785207430736906,1785207430736906,-0.24972817,2.476885,-1.9757934,1,0.023403915,0.018990636,0.005843415
1785207430752292707,-0.049521256,-1.5343012,0.14854388,2.6511736e-05,5.662511e-05,0.0013944642,1,-0.05205938,2.3397245,-1.7215431,0.10754829,0.10760553,0.0830239,0.9883467,0.08459053,-0.126247,-0.00878594,0,6,1785207430744906,1785207430744906,-0.2254355,2.484674,-1.9849665,1,0.023552405,0.019103907,0.0058557503
1785207430764250603,-0.02581826,-1.3505441,0.146668,2.4475172e-05,5.698843e-05,0.0013965105,1,-0.05259808,2.3782833,-1.7564526,0.10837419,0.108402915,0.08351475,0.9868701,0.084161036,-0.13758153,-0.008704589,0,6,1785207430760906,1785207430760906,-0.17362173,2.5000503,-2.0019794,1,0.023860335,0.0193333,0.0058804946
1785207430772302395,-0.061239958,-1.256535,0.14480034,2.4675077e-05,5.7243262e-05,0.0013962425,1,-0.0525928,2.3976765,-1.7739398,0.10879255,0.10880604,0.08376141,0.98617315,0.08382897,-0.14269012,-0.008650447,0,6,1785207430768906,1785207430768906,-0.14636397,2.5068223,-2.0101023,1,0.024018617,0.01944973,0.005892884
1785207430784251735,-0.06310256,-1.158796,0.14241272,5.3391283e-05,0.0026862142,0.08731056,1,-0.052394662,2.4171407,-1.7915031,0.10921457,0.10921216,0.083441794,0.98542714,0.08701205,-0.14534086,0.015441068,0,7,1785207430776906,1785207430776906,-0.11850172,2.513905,-2.0181792,1,0.024174359,0.019566892,0.005885865
1785207430792259042,-0.032744348,-1.0509373,0.1402864,0.00013646271,0.0026903432,0.08722343,1,-0.052000314,2.436687,-1.809083,0.10964026,0.10962133,0.08368843,0.9847953,0.08683435,-0.1496552,0.015537506,0,7,1785207430784906,1785207430784906,-0.090573855,2.52298,-2.0251992,1,0.024296151,0.019683598,0.005898064
1785207430804273455,-0.0420645,-0.8155148,0.12696323,0.0004614372,0.0027031123,0.086885795,1,-0.050616946,2.4760318,-1.8442727,0.11050256,0.11044888,0.084184185,0.9836879,0.08652074,-0.1569168,0.015793402,0,7,1785207430800906,1785207430800906,-0.03394391,2.5393994,-2.0375452,1,0.024585878,0.01992687,0.0059226165
1785207430812283969,-0.044994242,-0.6964714,0.1240348,0.00070081797,0.0027123406,0.08663722,1,-0.049619928,2.4958246,-1.8618753,0.11093922,0.1108673,0.08443331,0.98323476,0.08631031,-0.15983029,0.01594851,0,7,1785207430808906,1785207430808906,-0.0050677443,2.5474362,-2.0426009,1,0.024752244,0.020060593,0.00593483
1785207430824260329,-0.035407,-0.57290035,0.1221723,0.0009884663,0.002709754,0.08635224,1,-0.048416875,2.515697,-1.8794756,0.111379586,0.11128885,0.084683254,0.9828495,0.086113594,-0.1622678,0.016142532,0,7,1785207430816906,1785207430816906,0.023747586,2.5555854,-2.0468223,1,0.024923539,0.020207638,0.0059468765
1785207430832277065,-0.033808876,-0.43361738,0.115246646,0.0013201368,0.0027014853,0.0860289,1,-0.047007844,2.5356488,-1.8970699,0.1118237,0.11171356,0.08493403,0.9825462,0.08593128,-0.16416731,0.016364917,0,7,1785207430824906,1785207430824906,0.052384995,2.563535,-2.0505867,1,0.025115296,0.020374838,0.005959008
1785207430844275447,-0.034607656,-0.13054958,0.08941404,0.0020979021,0.0026954422,0.08525734,1,-0.04357689,2.5757842,-1.9323182,0.112723306,0.11257255,0.08485332,0.98222923,0.08554272,-0.16620752,0.016830672,0,7,1785207430840906,1785207430840906,0.109145,2.579294,-2.05665,1,0.02555465,0.020813627,0.0059634144
1785207430852372274,-0.025820434,0.03616309,0.07476798,0.001634909,0.0017212363,0.054058306,1,-0.041529458,2.595986,-1.949919,0.11317514,0.11300503,0.08510487,0.9822283,0.085374035,-0.16627648,0.017061194,0,7,1785207430848906,1785207430848906,0.13732377,2.5870857,-2.0590303,1,0.025615158,0.020976651,0.0059754313
1785207430864357531,-0.029016457,0.2159263,0.059321683,0.0019352256,0.0017079917,0.053771306,1,-0.039279938,2.6162612,-1.967504,0.11363456,0.11344293,0.08535726,0.98234683,0.08520171,-0.16568527,0.016848188,0,7,1785207430856906,1785207430856906,0.16504417,2.5945568,-2.0614154,1,0.02581919,0.021255046,0.0059874924
1785207430872350412,-0.023157325,0.40154874,0.041478116,0.0022494919,0.0016977827,0.053467307,1,-0.036832657,2.6366096,-1.9850717,0.11409791,0.11388425,0.085610494,0.9825876,0.08503461,-0.16436046,0.016627349,0,7,1785207430864906,1785207430864906,0.1921082,2.6021473,-2.0631263,1,0.026040686,0.021578902,0.0059996396
1785207430884369663,-0.018630406,0.77359235,0.008455417,0.0029068086,0.0016862907,0.05282161,1,-0.03136249,2.6775239,-2.0201397,0.115036555,0.11477742,0.08611947,0.98342335,0.08471546,-0.15949629,0.01620945,0,7,1785207430880906,1785207430880906,0.24450561,2.6169126,-2.0652506,1,0.026492752,0.022400163,0.00602381
1785207430892401657,-0.012238628,0.95921457,-0.008589739,0.0032442284,0.0016727023,0.05249785,1,-0.02834887,2.6980855,-2.037638,0.11551193,0.11522944,0.08637522,0.984007,0.084562354,-0.15596063,0.015992828,0,7,1785207430888906,1785207430888906,0.26956737,2.6240456,-2.0662658,1,0.026718825,0.022907209,0.0060358252
1785207430904344846,0.0026747177,1.1509622,-0.027765898,0.003581184,0.0016586666,0.052175004,1,-0.025158208,2.718716,-2.0551646,0.115991384,0.11568517,0.08602888,0.9846915,0.084450945,-0.15166388,0.015777132,0,7,1785207430896906,1785207430896906,0.2938392,2.6311686,-2.067368,1,0.02696472,0.023484744,0.0060272096
1785207430912356752,0.0016099082,1.3328564,-0.04587049,0.0039129974,0.0016493343,0.051852595,1,-0.021796228,2.739414,-2.0726683,0.11647497,0.11614479,0.086284526,0.9854664,0.08435091,-0.14662546,0.015555107,0,7,1785207430904906,1785207430904906,0.3172921,2.6380775,-2.06831,1,0.027220216,0.024148947,0.0060393675
1785207430924374521,-0.011172883,1.4990376,-0.059984833,0.004236847,0.001640226,0.05153792,1,-0.018269835,2.7601779,-2.090148,0.11696273,0.116608396,0.08654101,0.9863164,0.08419227,-0.14091416,0.0153267635,0,7,1785207430912906,1785207430912906,0.3399248,2.6447384,-2.068954,1,0.027476426,0.024902228,0.0060515106
1785207430932376629,-0.007178738,1.6617563,-0.076767504,0.0041238717,0.0014750871,0.046389684,1,-0.014580571,2.7810092,-2.1076038,0.11745343,0.1170757,0.08679834,0.98722404,0.08402055,-0.1345419,0.015089838,0,7,1785207430920906,1785207430920906,0.36163026,2.6514826,-2.069761,1,0.027610952,0.025411516,0.006063623
1785207430944361255,-0.007977019,1.9677538,-0.10365666,0.0046484596,0.0014498621,0.04589046,1,-0.006765695,2.8228695,-2.1424518,0.11844995,0.11802388,0.087315544,0.9891392,0.083727665,-0.119902164,0.014728942,0,7,1785207430936906,1785207430936906,0.4009429,2.6647978,-2.071974,1,0.0281352,0.02724894,0.0060881325
1785207430952397567,-0.013838216,2.1001127,-0.117244795,0.0048819715,0.0014407972,0.045666073,1,-0.0026608498,2.8438928,-2.15985,0.118954696,0.11850477,0.08757541,0.9901165,0.083513804,-0.11172977,0.014535636,0,7,1785207430944906,1785207430944906,0.4188587,2.671117,-2.0733113,1,0.028397953,0.02829191,0.0061003813
1785207430964370111,0.0010766957,2.3286119,-0.14202048,0.005273903,0.0014193241,0.04529574,1,0.0058956225,2.8861194,-2.1947076,0.11997735,0.11948112,0.087476104,0.9920076,0.08306881,-0.093922354,0.014107385,0,7,1785207430960906,1785207430960906,0.4506203,2.6840663,-2.0778785,1,0.02893023,0.030680813,0.006103599
1785207430972424798,-0.020226784,2.4279487,-0.15238558,0.0054294923,0.0014090826,0.045150466,1,0.010327582,2.9073231,-2.2121282,0.12049534,0.11997706,0.08773668,0.9928881,0.08282923,-0.08438005,0.013880507,0,7,1785207430968906,1785207430968906,0.46448174,2.6897745,-2.08078,1,0.029204935,0.03200639,0.006115977
1785207430984371934,-0.03407694,2.5200934,-0.16251752,0.0055524474,0.0013997322,0.045036916,1,0.014846895,2.9285815,-2.2295475,0.12101784,0.12047849,0.08799811,0.99371296,0.082493655,-0.074454464,0.013641612,0,7,1785207430976906,1785207430976906,0.4766971,2.6957228,-2.0841444,1,0.029480433,0.033411607,0.0061283745
1785207430992383599,-0.025552493,2.6143692,-0.17264341,0.0056392313,0.0013905641,0.04495935,1,0.019438963,2.9498963,-2.2469714,0.121544905,0.12098566,0.08826038,0.99446213,0.082166605,-0.064143464,0.013390057,0,7,1785207430984906,1785207430984906,0.48700917,2.7018607,-2.0880837,1,0.029758377,0.034893602,0.0061408053
1785207431004364779,-0.01703189,2.7294185,-0.18727475,0.0054459055,0.0013163747,0.04296393,1,0.028796371,2.9926982,-2.2818508,0.1226112,0.12201518,0.088787496,0.99566895,0.081603386,-0.042646654,0.012865218,0,7,1785207431000906,1785207431000906,0.5035965,2.7142453,-2.0976946,1,0.0302176,0.037482303,0.0061658463
1785207431012344985,-0.03540499,2.755251,-0.18914574,0.0054070964,0.0013103528,0.043008834,1,0.03353708,3.0141795,-2.2993195,0.12315201,0.12254055,0.08905234,0.9961131,0.08121913,-0.031684455,0.01257778,0,7,1785207431008906,1785207431008906,0.5091636,2.7198694,-2.103561,1,0.030494811,0.03912209,0.0061784135
1785207431024349078,-0.034608748,2.8007905,-0.19554435,0.0053228256,0.0013055198,0.043098006,1,0.03829713,3.0357122,-2.3168685,0.12369754,0.123072654,0.08867727,0.9964413,0.08081428,-0.020556765,0.012296098,0,7,1785207431016906,1785207431016906,0.5123169,2.7256272,-2.1098185,1,0.030779608,0.04080823,0.006168814
1785207431032389839,-0.013833613,2.837009,-0.19555318,0.005193899,0.0013019198,0.04323059,1,0.043060917,3.057298,-2.3344462,0.12424785,0.1236119,0.088941924,0.99664193,0.08046447,-0.009256299,0.012033318,0,7,1785207431024906,1785207431024906,0.5139597,2.7316263,-2.1166303,1,0.031069515,0.04253815,0.0061814855
1785207431044408829,-0.03647306,2.8324826,-0.20299257,0.004808793,0.0012976646,0.043620057,1,0.052549385,3.1006246,-2.36972,0.12536299,0.124712855,0.0894738,0.9966599,0.079728805,0.013427185,0.011504121,0,7,1785207431040906,1785207431040906,0.5117249,2.742997,-2.133814,1,0.031642586,0.04611808,0.00620694
1785207431052519121,-0.03806952,2.8465972,-0.20406432,0.0045560882,0.0012984101,0.043872073,1,0.05723947,3.122365,-2.3874342,0.12592793,0.1252752,0.08974103,0.9964802,0.07928962,0.024776513,0.011245466,0,7,1785207431048906,1785207431048906,0.50661254,2.748851,-2.143436,1,0.031936247,0.04793999,0.00621975
1785207431064462690,-0.02582021,2.877223,-0.21072884,0.0042681266,0.0013004434,0.044158075,1,0.061865162,3.1441565,-2.4052052,0.12649783,0.12584585,0.09000913,0.99616474,0.07887989,0.036240574,0.0109814955,0,7,1785207431056906,1785207431056906,0.49913618,2.7547314,-2.1532483,1,0.032229215,0.049776163,0.006232604
1785207431072434139,-0.010106665,2.866304,-0.21125925,0.0038593698,0.0012711,0.043411564,1,0.06641328,3.1659982,-2.4230356,0.12707077,0.12641814,0.0902781,0.9957114,0.07853354,0.047713947,0.010717683,0,7,1785207431064906,1785207431064906,0.49048686,2.760698,-2.1634583,1,0.03243227,0.050988298,0.0062455
1785207431084473278,-0.05218534,2.789339,-0.21498051,0.0031818952,0.0012754845,0.044084772,1,0.07522596,3.2098145,-2.4590387,0.1282355,0.12760137,0.09015821,0.9944597,0.0775941,0.070184775,0.010157319,0,7,1785207431080906,1785207431080906,0.46663207,2.770542,-2.1863186,1,0.03303123,0.054553553,0.0062485603
1785207431092453755,-0.05085102,2.7832139,-0.21365255,0.002824209,0.0012782188,0.044439808,1,0.07944949,3.23179,-2.47715,0.12882562,0.12820692,0.09042782,0.9936562,0.07708777,0.0812856,0.009877797,0,7,1785207431088906,1785207431088906,0.4509523,2.7759683,-2.1983488,1,0.03332578,0.056255262,0.0062615355
1785207431104445775,-0.026087577,2.7549832,-0.21473105,0.0024637382,0.0012798689,0.04479868,1,0.08352969,3.2538137,-2.4953382,0.12942097,0.12882206,0.09069831,0.9927295,0.07665103,0.09230805,0.00959565,0,7,1785207431096906,1785207431096906,0.43378982,2.7818112,-2.210708,1,0.03362615,0.057925794,0.0062745726
1785207431112461488,-0.033807967,2.679351,-0.21151038,0.002107272,0.001280986,0.045154102,1,0.0874543,3.2758846,-2.5136058,0.1300216,0.12944703,0.090969674,0.99170566,0.076240785,0.10305755,0.009302613,0,7,1785207431104906,1785207431104906,0.41476715,2.7869086,-2.2230906,1,0.03392732,0.05951726,0.006287607
1785207431124440974,-0.0540106,2.5581834,-0.20857325,0.0009788593,0.0009635459,0.033460964,1,0.09162365,3.3203301,-2.5517087,0.10665166,0.10700685,0.08265816,0.9894238,0.07527616,0.12368506,0.00872702,0,7,1785207431120906,1785207431120906,0.3666994,2.7977948,-2.2473352,1,0.023615565,0.035826083,0.005846725
1785207431132482526,-0.041760437,2.4947991,-0.20379078,0.00076378876,0.0009628717,0.033676755,1,0.09188287,3.3427162,-2.5715094,0.10705097,0.10735394,0.08290174,0.98813874,0.07497118,0.133721,0.0089468835,0,7,1785207431128906,1785207431128906,0.33898386,2.8038945,-2.2592504,1,0.023825014,0.036581483,0.005859308
1785207431144448316,-0.030309986,2.4005241,-0.20032163,0.0005627011,0.0009516631,0.033480365,1,0.09197047,3.365162,-2.5914128,0.10745276,0.10769949,0.082590565,0.98679674,0.074726105,0.14340271,0.009157537,0,7,1785207431136906,1785207431136906,0.30992076,2.8099244,-2.2706523,1,0.024017232,0.037055545,0.0058529773
1785207431152486903,-0.05481113,2.2947974,-0.19631487,0.00039426563,0.00095242745,0.033648085,1,0.091874465,3.3876574,-2.6113498,0.10785886,0.1080559,0.08283415,0.98543096,0.074410155,0.15264793,0.009360374,0,7,1785207431144906,1785207431144906,0.27904794,2.815106,-2.2807858,1,0.024245828,0.037676655,0.0058655953
1785207431164457552,-0.063600495,2.0982554,-0.18967012,0.00014676372,0.0009513549,0.033896744,1,0.09107274,3.4327948,-2.6512945,0.10868138,0.108782984,0.08332377,0.98264796,0.073639326,0.16995496,0.009776791,0,7,1785207431160906,1785207431160906,0.21339123,2.8258438,-2.2984273,1,0.024683325,0.03868278,0.0058906334
1785207431172446835,-0.05241269,1.9792117,-0.18221489,7.133924e-05,0.00094902865,0.033974554,1,0.09034827,3.4554384,-2.6712914,0.1090979,0.10915406,0.08356981,0.9812565,0.07329447,0.17794459,0.00997404,0,7,1785207431168906,1785207431168906,0.17909557,2.8314548,-2.305512,1,0.024908755,0.039019234,0.005903048
1785207431184453182,-0.05960431,1.8604356,-0.17554662,3.0076859e-05,0.00094774575,0.034017146,1,0.08939406,3.4781315,-2.6912944,0.10951799,0.10953042,0.08381668,0.9798895,0.07295827,0.18544582,0.010176583,0,7,1785207431176906,1785207431176906,0.1435336,2.8365128,-2.3118494,1,0.0251428,0.039280374,0.005915465
1785207431192468124,-0.081176855,1.7355332,-0.17048685,2.4512046e-05,0.00094686094,0.03402365,1,0.08820054,3.5008678,-2.7112978,0.10994169,0.10991218,0.08406437,0.9785646,0.07253972,0.19246158,0.010392382,0,7,1785207431184906,1785207431184906,0.10732982,2.8409252,-2.3168676,1,0.025373751,0.039454028,0.005927818
1785207431204461727,-0.09209573,1.4377917,-0.15823959,0.000121047,0.0009394013,0.033934664,1,0.085076764,3.546464,-2.7513351,0.11080013,0.11069235,0.083989374,0.97612655,0.071626,0.20476769,0.010812827,0,7,1785207431200906,1785207431200906,0.033853285,2.8497274,-2.3228297,1,0.02585381,0.03943563,0.005932792
1785207431212506405,-0.08304027,1.2947793,-0.152119,0.00022267626,0.00092864584,0.033576507,1,0.08313561,3.569324,-2.7713113,0.111234576,0.111089736,0.08423785,0.9750344,0.071186684,0.21004608,0.0110085355,0,7,1785207431208906,1785207431208906,-0.0036787966,2.8538282,-2.3233385,1,0.026075553,0.039088555,0.00594477
1785207431224446567,-0.08863384,1.1368545,-0.14465538,0.00036126756,0.00092590885,0.03344071,1,0.08093707,3.5922208,-2.791244,0.11167325,0.11149436,0.084487185,0.9740436,0.070763476,0.21472417,0.011189782,0,7,1785207431216906,1785207431216906,-0.041081823,2.8575265,-2.322618,1,0.026326638,0.038827863,0.0059568137
1785207431232477669,-0.10754262,0.9400469,-0.13453533,0.0005331699,0.0009208778,0.033273887,1,0.078483656,3.6151516,-2.811127,0.112115785,0.11190474,0.08473735,0.9731993,0.07027438,0.2186669,0.0113812005,0,7,1785207431224906,1785207431224906,-0.07776006,2.8610227,-2.3209295,1,0.026551984,0.038482763,0.005968703
1785207431244493404,-0.110205434,0.5134082,-0.11243351,0.0009720823,0.0009065741,0.032849398,1,0.07281725,3.6611104,-2.8507109,0.11301263,0.1127427,0.0852402,0.97203857,0.06927829,0.2240621,0.011743355,0,7,1785207431240906,1785207431240906,-0.1510732,2.8676155,-2.314255,1,0.027038861,0.037405115,0.005992152
1785207431252491293,-0.10248291,0.2966267,-0.10257959,0.0012382733,0.0009003421,0.0325895,1,0.0696032,3.6841376,-2.8703985,0.11346704,0.11317021,0.08549288,0.971734,0.068835504,0.2255062,0.01190837,0,7,1785207431248906,1785207431248906,-0.1872177,2.8708944,-2.3093655,1,0.02729833,0.036759786,0.006003833
1785207431264456212,-0.09662447,0.04868643,-0.0919264,0.0015285581,0.00089425006,0.032305364,1,0.06614114,3.7071948,-2.8900592,0.1139255,0.113603234,0.085155696,0.97164243,0.06843049,0.22601575,0.012052683,0,7,1785207431256906,1785207431256906,-0.2222949,2.8739898,-2.3036084,1,0.027541595,0.0360442,0.005995142
1785207431272453861,-0.098755,-0.20884097,-0.078877084,0.0018385097,0.0008865355,0.03200319,1,0.062438417,3.730281,-2.909634,0.11438807,0.114041775,0.08540831,0.97178257,0.06805141,0.22552013,0.0121804075,0,7,1785207431264906,1785207431264906,-0.25634623,2.876907,-2.297059,1,0.027782409,0.03523454,0.0060065472
1785207431284435892,-0.09555929,-0.7374787,-0.054641753,0.0025035802,0.0008648807,0.031173436,1,0.05431981,3.776533,-2.9485123,0.115325294,0.11493451,0.085916035,0.9727571,0.06734153,0.22148448,0.012384896,0,7,1785207431280906,1785207431280906,-0.3231606,2.8821402,-2.2830093,1,0.028239762,0.033385407,0.006029067
1785207431292499756,-0.091297925,-1.0133823,-0.04105902,0.0028606043,0.00085757946,0.03082377,1,0.049917195,3.7996957,-2.9678142,0.11580043,0.11538862,0.08617117,0.9735947,0.06702976,0.217866,0.012438567,0,7,1785207431288906,1785207431288906,-0.35537627,2.8846629,-2.2756033,1,0.028482236,0.032470267,0.0060403235
1785207431304470596,-0.08517387,-1.2834268,-0.02401522,0.0032223398,0.0008487572,0.03047093,1,0.04529397,3.8228822,-2.9870245,0.11627985,0.11584755,0.08642716,0.9746496,0.06675878,0.2131806,0.012467177,0,7,1785207431296906,1785207431296906,-0.38665456,2.8871448,-2.2682545,1,0.028702598,0.03152556,0.006051446
1785207431312447005,-0.08783526,-1.5553354,-0.012033386,0.0035874923,0.0008384369,0.030116161,1,0.040458284,3.846092,-3.0061424,0.11676357,0.11631112,0.086683996,0.97590774,0.06650166,0.20742708,0.0124713145,0,7,1785207431304906,1785207431304906,-0.41678157,2.8895817,-2.2604737,1,0.02892507,0.030569011,0.006062528
1785207431324447802,-0.08837053,-2.0639994,0.011940119,0.004312537,0.0008183298,0.029411336,1,0.030186964,3.8925693,-3.044259,0.11774408,0.11725132,0.08659115,0.9789386,0.065960534,0.19280846,0.012386966,0,7,1785207431320906,1785207431320906,-0.473394,2.8936245,-2.2441878,1,0.029384445,0.028739437,0.006063874
1785207431332462643,-0.08490539,-2.292765,0.024986293,0.004663032,0.0008088272,0.029070418,1,0.02477039,3.9158356,-3.0631723,0.118240945,0.11772763,0.08684871,0.98063326,0.06573608,0.18408048,0.012314062,0,7,1785207431328906,1785207431328906,-0.49953905,2.895624,-2.236213,1,0.029600643,0.027861604,0.0060749403
1785207431344442881,-0.08943278,-2.5241935,0.034036685,0.005001756,0.0007977123,0.028742878,1,0.019183487,3.939119,-3.0819917,0.11874226,0.1182078,0.08710713,0.9824121,0.06550939,0.17443046,0.012208056,0,7,1785207431336906,1785207431336906,-0.5239152,2.897305,-2.228563,1,0.02979931,0.027036145,0.00608599
1785207431352488590,-0.10274966,-2.7383115,0.048150763,0.0053047095,0.00078340236,0.028337942,1,0.013434608,3.9624147,-3.1007202,0.119247414,0.118691444,0.08736637,0.98424566,0.06523707,0.1638852,0.012095965,0,7,1785207431344906,1785207431344906,-0.547281,2.8988454,-2.220985,1,0.029982286,0.026263513,0.0060970737
1785207431364465612,-0.14082909,-3.0853217,0.062256705,0.0058756573,0.0007602037,0.027790332,1,0.0014947844,4.009043,-3.1379132,0.120272435,0.119669475,0.08788745,0.987892,0.06453717,0.14058843,0.011799928,0,7,1785207431360906,1785207431360906,-0.58948755,2.90112,-2.2070472,1,0.030366734,0.024946168,0.0061194072
1785207431372482467,-0.15468039,-3.2544324,0.070254646,0.0061229463,0.0007492679,0.027554054,1,-0.004665939,4.03237,-3.156389,0.12079175,0.12016336,0.08814927,0.98964906,0.06405765,0.12789124,0.011630305,0,7,1785207431368906,1785207431368906,-0.6072845,2.9022653,-2.2008271,1,0.03054408,0.024406906,0.006130643
1785207431384448468,-0.15867129,-3.381998,0.07372178,0.0063345945,0.00073723786,0.02735448,1,-0.010933336,4.0557055,-3.1748435,0.12131562,0.12066023,0.087784074,0.991309,0.06354528,0.11461953,0.011438435,0,7,1785207431376906,1785207431376906,-0.6237152,2.9034472,-2.1947434,1,0.030716453,0.023961706,0.006120269
1785207431392445576,-0.14562519,-3.479203,0.078251004,0.006503908,0.00072501,0.027197462,1,-0.01729911,4.079052,-3.1932235,0.121844076,0.121160164,0.08804573,0.99283093,0.06307082,0.10091141,0.011215257,0,7,1785207431384906,1785207431384906,-0.6389637,2.9050086,-2.1891966,1,0.030881884,0.023597755,0.006131662
1785207431404432417,-0.20314558,-3.6709516,0.0907325,0.006707765,0.0007025799,0.027016183,1,-0.030260617,4.1257677,-3.2297907,0.1229148,0.122168645,0.088571616,0.9953979,0.061901733,0.0723551,0.0107728755,0,7,1785207431400906,1785207431400906,-0.6617772,2.9062388,-2.1816945,1,0.03121475,0.023123667,0.0061546983
1785207431412461415,-0.24176049,-3.7625644,0.089953035,0.0067219283,0.0006913823,0.026946092,1,-0.036816742,4.1491303,-3.2479997,0.12345646,0.122676864,0.088835835,0.996425,0.061045747,0.057446506,0.010523303,0,7,1785207431408906,1785207431408906,-0.6701114,2.9069154,-2.1793272,1,0.031364307,0.023018396,0.0061663548
1785207431424448275,-0.18956523,-3.7934556,0.09026799,0.0066935327,0.0006820948,0.026983844,1,-0.043406542,4.172504,-3.2661648,0.124003425,0.12318803,0.08910092,0.9972292,0.06030805,0.042333823,0.010232405,0,7,1785207431416906,1785207431416906,-0.6769008,2.909027,-2.177117,1,0.031521138,0.022996038,0.006178141
1785207431432426597,-0.18450512,-3.8094354,0.092354834,0.006609949,0.00067314476,0.027076442,1,-0.050013985,4.195888,-3.2842937,0.12455507,0.12370197,0.08936687,0.99780077,0.0596471,0.027152218,0.009929195,0,7,1785207431424906,1785207431424906,-0.6810127,2.9098458,-2.1764631,1,0.03167181,0.023050167,0.0061899666
1785207431444443925,-0.27318335,-3.9210236,0.09417778,0.0062720207,0.0006572316,0.027430423,1,-0.06318173,4.2426558,-3.3206012,0.12567249,0.12473804,0.089254156,0.99826974,0.057937376,-0.0038122353,0.009290625,0,7,1785207431440906,1785207431440906,-0.67961824,2.9095776,-2.1787827,1,0.031969547,0.02338124,0.0061914236
1785207431452461933,-0.26573193,-3.9362009,0.096651025,0.0060203285,0.0006506022,0.027688812,1,-0.0697035,4.2660365,-3.338741,0.12623832,0.12526035,0.089520775,0.9981506,0.05686616,-0.019539632,0.008940752,0,7,1785207431448906,1785207431448906,-0.6763952,2.910535,-2.1814973,1,0.03211825,0.023649856,0.0062034614
1785207431464449164,-0.2239185,-3.8991838,0.09370516,0.005717393,0.00064442476,0.027998004,1,-0.0761663,4.289425,-3.356885,0.12680893,0.12578556,0.08978826,0.9977764,0.055972725,-0.035155363,0.008581172,0,7,1785207431456906,1785207431456906,-0.67079484,2.9114773,-2.1857407,1,0.032266874,0.023978788,0.0062155733
1785207431472441272,-0.2359044,-3.8722863,0.09367916,0.005367396,0.00063793384,0.028354554,1,-0.082545295,4.3128147,-3.3750439,0.12738433,0.12631373,0.090056606,0.9971646,0.055062197,-0.050630618,0.008214415,0,7,1785207431464906,1785207431464906,-0.66140956,2.911825,-2.1907449,1,0.032403104,0.024360908,0.0062277107
1785207431484467927,-0.28064263,-3.8834727,0.09338651,0.0049785487,0.000632069,0.028749337,1,-0.088811636,4.336202,-3.393221,0.12796457,0.12684497,0.090325825,0.996319,0.05400696,-0.0661103,0.007832029,0,7,1785207431472906,1785207431472906,-0.6486809,2.9110963,-2.1959865,1,0.032544535,0.024792012,0.0062399097
1785207431492428286,-0.3299123,-3.8600364,0.09154629,0.0045524877,0.000626176,0.029134836,1,-0.094942704,4.359581,-3.4114218,0.1285491,0.12737924,0.09059591,0.995248,0.052706633,-0.08153823,0.0074186064,0,7,1785207431480906,1785207431480906,-0.63408035,2.910506,-2.2022083,1,0.032677464,0.025257025,0.006252147
1785207431504492713,-0.26067227,-3.666424,0.08170042,0.003646689,0.0006154961,0.030051442,1,-0.106749386,4.406341,-3.447973,0.12973382,0.12845786,0.09047167,0.9924769,0.050516143,-0.111331105,0.0065814857,0,7,1785207431496906,1785207431496906,-0.59829295,2.911272,-2.215691,1,0.032944135,0.02627482,0.0062534353
1785207431512441860,-0.29928702,-3.6022422,0.08007474,0.0031801579,0.00060951454,0.030524028,1,-0.11237742,4.429712,-3.466327,0.13033353,0.12900247,0.090742394,0.9908234,0.049351998,-0.12568027,0.006156924,0,7,1785207431504906,1785207431504906,-0.5750408,2.9100983,-2.2225583,1,0.033076663,0.026821876,0.0062656826
1785207431524400798,-0.37334517,-3.4193127,0.063051835,0.0020542855,0.00052072876,0.028973376,1,-0.118887275,4.4771686,-3.5047126,0.10687345,0.107066065,0.0824623,0.9870534,0.046437852,-0.15343371,0.0052106585,0,7,1785207431520906,1785207431520906,-0.5192414,2.9084637,-2.2364683,1,0.023510374,0.020546386,0.0058172867
1785207431532422582,-0.4146306,-3.273904,0.052629482,0.0016611734,0.00051220134,0.029375078,1,-0.11980476,4.5012493,-3.5247028,0.10727452,0.107445695,0.082705215,0.984989,0.045097794,-0.16657351,0.004028232,0,7,1785207431528906,1785207431528906,-0.48674947,2.9072833,-2.2428167,1,0.023629205,0.020940386,0.0058291885
1785207431544468083,-0.52915186,-3.1351528,0.048335392,0.0012977681,0.0005043219,0.029746426,1,-0.120520435,4.5253,-3.5446775,0.10767899,0.10782736,0.08294894,0.982866,0.043351892,-0.1791295,0.0027648774,0,7,1785207431536906,1785207431536906,-0.45176193,2.904729,-2.2477314,1,0.023756733,0.021336086,0.0058410675
1785207431552429283,-0.6378021,-3.0139802,0.041433606,0.00097084424,0.0004960053,0.030081717,1,-0.12101457,4.5493126,-3.5646276,0.10808687,0.108211204,0.08319348,0.9806949,0.04112173,-0.19116609,0.0014110421,0,7,1785207431544906,1785207431544906,-0.414998,2.9018435,-2.251415,1,0.023869362,0.021704532,0.005852877
1785207431564441822,-0.720096,-2.704786,0.018809726,0.0004404522,0.0004716282,0.030602932,1,-0.12128595,4.59724,-3.604529,0.10891298,0.108985975,0.08312392,0.9762844,0.036081173,-0.21345896,-0.0015083345,0,7,1785207431560906,1785207431560906,-0.33816385,2.8966894,-2.2541463,1,0.024078025,0.022347301,0.005857346
1785207431572475108,-0.78481305,-2.5196965,0.014271268,0.00025056052,0.00046010784,0.030804394,1,-0.1210446,4.621147,-3.6243968,0.10933131,0.10937758,0.08336927,0.97412366,0.033228546,-0.22353925,-0.003051102,0,7,1785207431568906,1785207431568906,-0.29840103,2.8930807,-2.2527409,1,0.024218364,0.022632962,0.0058690803
1785207431584479772,-0.8268888,-2.3199594,0.006298215,0.0001167066,0.00044985284,0.030948551,1,-0.12054032,4.6450114,-3.6441941,0.10975316,0.109772064,0.08361544,0.9720381,0.030158564,-0.2328322,-0.0046515716,0,7,1785207431576906,1785207431576906,-0.25773165,2.8895133,-2.2500973,1,0.024330217,0.022870338,0.005880656
1785207431592513078,-0.81969774,-2.1204891,-0.0035382442,3.9747334e-05,0.0004385688,0.031036844,1,-0.11976389,4.6688366,-3.6639116,0.11017857,0.11016963,0.083862424,0.97004855,0.027072096,-0.24131627,-0.006277093,0,7,1785207431584906,1785207431584906,-0.21617487,2.8862326,-2.2459123,1,0.02442928,0.023036435,0.0058921655
1785207431604469651,-0.9677709,-1.7396564,-0.013969501,6.570375e-05,0.00040851533,0.031041037,1,-0.11735641,4.716336,-3.7030714,0.11104016,0.110974744,0.08435886,0.9664134,0.020369766,-0.2560008,-0.009695622,0,7,1785207431600906,1785207431600906,-0.12986618,2.8740597,-2.2347217,1,0.024626462,0.023241738,0.0059149335
1785207431612459055,-1.0916073,-1.5337944,-0.021696195,0.00017029364,0.0003956458,0.030949362,1,-0.11571008,4.739982,-3.7225058,0.1114764,0.111382544,0.08460832,0.9648147,0.01634935,-0.26216564,-0.011603364,0,7,1785207431608906,1785207431608906,-0.08636262,2.8660102,-2.228054,1,0.02474058,0.02328226,0.0059262407
1785207431624459821,-1.1960034,-1.3023657,-0.029418748,0.0003337609,0.00038277698,0.0307988,1,-0.11376519,4.7635503,-3.7418704,0.1119163,0.11179392,0.08428003,0.9634054,0.011911405,-0.2674362,-0.013648266,0,7,1785207431616906,1785207431616906,-0.0425382,2.8572202,-2.2205212,1,0.024839623,0.023244102,0.0059177447
1785207431632439507,-1.3328925,-1.0869136,-0.031020653,0.00055557705,0.00036769477,0.030542055,1,-0.11151748,4.787035,-3.7611237,0.11235985,0.112208895,0.08452942,0.9621898,0.006991204,-0.27182925,-0.015838796,0,7,1785207431624906,1785207431624906,0.0014666923,2.8469856,-2.2117581,1,0.02490868,0.023135515,0.0059288354
1785207431644506799,-1.6516724,-0.67625475,-0.030754894,0.0011645823,0.00033560788,0.02996522,1,-0.10611916,4.833697,-3.7992408,0.113258146,0.11305129,0.0850307,0.9602981,-0.0047346638,-0.2781667,-0.020700766,0,7,1785207431640906,1785207431640906,0.08737023,2.8227637,-2.1872766,1,0.025102567,0.02284749,0.005950945
1785207431652554131,-1.7853632,-0.44722202,-0.029162461,0.0015361735,0.0003222478,0.029607028,1,-0.10298326,4.8568625,-3.8180692,0.1137129,0.11347851,0.08528258,0.9596345,-0.011419292,-0.28004423,-0.023380237,0,7,1785207431648919,1785207431648919,0.12822004,2.8100817,-2.1718118,1,0.02518049,0.022644062,0.0059618703
1785207431664449840,-1.9379623,-0.20221026,-0.023843095,0.0019477296,0.0003079463,0.029209813,1,-0.09957206,4.879911,-3.8367262,0.11417141,0.11390986,0.08553529,0.9591784,-0.018654542,-0.28096527,-0.026217416,0,7,1785207431656919,1785207431656919,0.1672034,2.795986,-2.1549675,1,0.0252399,0.022395574,0.0059727496
1785207431672422020,-2.1033444,0.056382496,-0.017986424,0.002397458,0.0002913563,0.028776713,1,-0.09589601,4.9028306,-3.855205,0.11463367,0.11434544,0.08578882,0.9589356,-0.026526013,-0.28086278,-0.029241076,0,7,1785207431664919,1785207431664919,0.20526962,2.7805343,-2.1374216,1,0.025289383,0.022140514,0.005983556
1785207431684501666,-2.362737,0.55519146,-0.007332325,0.0033695553,0.00025685126,0.027839176,1,-0.08777872,4.948249,-3.891722,0.115569495,0.115229264,0.08570184,0.95901734,-0.04381292,-0.27764446,-0.03577294,0,7,1785207431680919,1785207431680919,0.27668387,2.7473483,-2.0949388,1,0.02538408,0.02165789,0.005984664
1785207431692469959,-2.4820454,0.8161855,0.0025162862,0.0038752325,0.00023641503,0.027353963,1,-0.083373636,4.9707384,-3.909644,0.11604305,0.115677625,0.085956104,0.95931596,-0.05313329,-0.27449816,-0.039248258,0,7,1785207431688919,1785207431688919,0.30871657,2.7298305,-2.0702412,1,0.025388421,0.021437569,0.005995267
1785207431704503368,-2.600822,1.0872974,0.021685885,0.0043783654,0.00021227298,0.026793828,1,-0.07875901,4.993074,-3.9273326,0.11652018,0.11612999,0.08621119,0.95977527,-0.06291599,-0.27025706,-0.042827312,0,7,1785207431696919,1785207431696919,0.33977684,2.7113402,-2.0459688,1,0.025380291,0.021252492,0.0060058474
1785207431712445612,-2.6887076,1.3544091,0.0323351,0.004893629,0.00018873422,0.026302129,1,-0.07393835,5.015245,-3.9447892,0.11700119,0.11658703,0.08646711,0.9603751,-0.07304777,-0.26491857,-0.046497133,0,7,1785207431704919,1785207431704919,0.37021577,2.6917167,-2.0215282,1,0.025393495,0.021121979,0.006016486
1785207431724494189,-2.7318492,1.8689351,0.062415823,0.005894272,0.00014307779,0.025347186,1,-0.06368303,5.059065,-3.9790447,0.11797435,0.117514156,0.08698144,0.96191067,-0.0936618,-0.25108245,-0.05397327,0,7,1785207431720919,1785207431720919,0.4320453,2.6496818,-1.9793869,1,0.025378048,0.021051383,0.0060376143
1785207431732453145,-2.7395718,2.104892,0.08026796,0.0063640713,0.00012124938,0.024899239,1,-0.058240335,5.0806904,-3.9958887,0.118466444,0.117984265,0.087239854,0.9627993,-0.10396337,-0.242648,-0.057716954,0,7,1785207431728919,1785207431728919,0.4629379,2.625994,-1.9612119,1,0.02536629,0.021127822,0.0060481834
1785207431744519405,-2.7339764,2.33952,0.10210192,0.006805601,0.00010179737,0.024477182,1,-0.052597865,5.1021085,-4.012615,0.118962206,0.11845867,0.08688408,0.9637306,-0.11421606,-0.2332424,-0.06145071,0,7,1785207431736919,1785207431736919,0.49145052,2.6012754,-1.9419684,1,0.025360411,0.021288766,0.0060376497
1785207431752467450,-2.698027,2.5541675,0.12127002,0.007217779,8.4327854e-05,0.024082504,1,-0.046774067,5.1233134,-4.029148,0.11946162,0.118937634,0.087142326,0.9646774,-0.1243198,-0.22293045,-0.06514692,0,7,1785207431744919,1785207431744919,0.51801354,2.5759268,-1.9213964,1,0.025321364,0.021543749,0.006048198
1785207431764445263,-2.6476858,2.9200902,0.1708539,0.007940112,5.200476e-05,0.023392558,1,-0.034650818,5.165076,-4.061568,0.120471165,0.11990923,0.0876613,0.9664847,-0.1439214,-0.19988866,-0.07237694,0,7,1785207431760919,1785207431760919,0.5629844,2.525493,-1.8707725,1,0.025173679,0.022358526,0.00606914
1785207431772441660,-2.658337,3.0654998,0.20255204,0.008200283,3.870613e-05,0.02300203,1,-0.028400227,5.185631,-4.0773983,0.120980926,0.12040143,0.087922014,0.96722955,-0.153671,-0.18732555,-0.075903766,0,7,1785207431768919,1785207431768919,0.5813197,2.5000446,-1.8414112,1,0.025083028,0.022916663,0.0060795993
1785207431784436746,-2.646616,3.1925354,0.23610376,0.008451191,2.8754293e-05,0.022761103,1,-0.022044247,5.205965,-4.0929656,0.12149439,0.120898984,0.08818357,0.96782285,-0.16335435,-0.17417347,-0.07935918,0,7,1785207431776919,1785207431776919,0.59852207,2.4737022,-1.812701,1,0.024985064,0.023586284,0.006090044
1785207431792422121,-2.608536,3.2971954,0.2659314,0.008658721,2.325243e-05,0.0225591,1,-0.015590361,5.2260704,-4.108277,0.12201124,0.12140146,0.08844595,0.96825284,-0.17284873,-0.16053236,-0.082699396,0,7,1785207431784919,1785207431784919,0.61474353,2.446393,-1.7849065,1,0.024873504,0.024353711,0.0061004227
1785207431804454568,-2.5864213,3.4889498,0.34477773,0.008935668,3.3427415e-05,0.022272017,1,-0.0024369908,5.265558,-4.138307,0.12305479,0.12242145,0.08833923,0.96851796,-0.1914631,-0.13187571,-0.08901594,0,7,1785207431800919,1785207431800919,0.64150405,2.3884778,-1.729671,1,0.02466751,0.02612259,0.006099241
1785207431812411690,-2.5739033,3.553663,0.38661003,0.008995516,5.3112337e-05,0.022192502,1,0.004237266,5.2849236,-4.1529512,0.12358141,0.122939326,0.08860221,0.9683085,-0.2006133,-0.11695616,-0.091947265,0,7,1785207431808919,1785207431808919,0.65331125,2.35733,-1.7042487,1,0.024565412,0.02709086,0.0061093788
1785207431824441301,-2.521969,3.572043,0.43186483,0.00899747,8.600515e-05,0.022157678,1,0.010972367,5.3040137,-4.1673865,0.12411118,0.12346256,0.088866,0.9678561,-0.20956545,-0.10186093,-0.094663695,0,7,1785207431816919,1785207431816919,0.66515857,2.3232052,-1.6844779,1,0.024464302,0.028124236,0.006119446
1785207431832422850,-2.4447343,3.564854,0.4787406,0.008942606,0.00013445389,0.022164114,1,0.017762898,5.3228045,-4.18165,0.12464405,0.12399131,0.089130625,0.9671839,-0.21817844,-0.08671965,-0.097124934,0,7,1785207431824919,1785207431824919,0.6753401,2.2862284,-1.6681185,1,0.02437115,0.029213762,0.0061294623
1785207431844459544,-2.2268896,3.588825,0.57325286,0.008569969,0.00028423313,0.022043662,1,0.031438656,5.359434,-4.2097864,0.125718,0.12506357,0.089016594,0.9652917,-0.23406297,-0.056271333,-0.10129189,0,7,1785207431840919,1785207431840919,0.68784684,2.2105649,-1.6384424,1,0.024221184,0.03128885,0.0061267028
1785207431852466260,-2.1219614,3.5805666,0.61268336,0.008346903,0.00039297406,0.022158,1,0.038287107,5.37726,-4.223671,0.12625977,0.12560937,0.08928176,0.96409726,-0.2412814,-0.04097906,-0.10305538,0,7,1785207431848919,1785207431848919,0.691063,2.1703386,-1.6256131,1,0.024170497,0.03239135,0.0061363457
1785207431864423084,-2.0758784,3.5395505,0.6630691,0.008068057,0.0005265296,0.022303317,1,0.04512106,5.394733,-4.237443,0.12680446,0.12616117,0.089547746,0.962705,-0.24820137,-0.025771538,-0.104551226,0,7,1785207431856919,1785207431856919,0.6921262,2.1256132,-1.6167209,1,0.02413649,0.03353376,0.0061459476
1785207431872424350,-1.9698892,3.4764416,0.70722365,0.0077381697,0.00068480754,0.022474939,1,0.051924374,5.411827,-4.25113,0.12735198,0.12671916,0.08981455,0.9611424,-0.25476292,-0.010763704,-0.10576079,0,7,1785207431864919,1785207431864919,0.69119966,2.079762,-1.6108327,1,0.024126275,0.03474128,0.006155589
1785207431884454091,-1.6950506,3.3440838,0.7916414,0.0069393944,0.0010729835,0.022885565,1,0.06536527,5.4448547,-4.278285,0.12845556,0.12785482,0.090350635,0.9577571,-0.26614314,0.018458158,-0.107371606,0,7,1785207431880919,1785207431880919,0.6812452,1.9860338,-1.5977254,1,0.024183458,0.03740968,0.006174961
1785207431892374494,-1.5634984,3.301734,0.8281324,0.006482518,0.0013035522,0.023111887,1,0.071956836,5.460787,-4.2917395,0.12901153,0.12843306,0.09061991,0.95596546,-0.2709828,0.032750268,-0.10782271,0,7,1785207431888919,1785207431888919,0.6718369,1.9388211,-1.5903853,1,0.024260065,0.03872826,0.006184451
1785207431904419855,-1.4614881,3.2335553,0.86890554,0.005996349,0.0015566157,0.023345018,1,0.07843576,5.47632,-4.3051176,0.12957022,0.12901844,0.09089,0.95410573,-0.2753492,0.0468076,-0.10804714,0,7,1785207431896919,1785207431896919,0.6604796,1.889631,-1.584615,1,0.024374202,0.0400136,0.0061938176
1785207431912421621,-1.4106206,3.115569,0.90595615,0.0054888586,0.0018293168,0.02357982,1,0.08478745,5.4914336,-4.318509,0.13013162,0.1296109,0.09049354,0.9521497,-0.279452,0.060472917,-0.10798481,0,7,1785207431904919,1785207431904919,0.6469879,1.8378762,-1.5793349,1,0.02452572,0.041237034,0.0061799525
1785207431924373045,-1.1527847,2.93874,0.96261215,0.0036254835,0.0019859334,0.020070339,1,0.09206703,5.5239444,-4.3470116,0.10731258,0.107012495,0.08226895,0.94815016,-0.28638393,0.08660082,-0.10721877,0,7,1785207431920919,1785207431920919,0.60896355,1.7410853,-1.5671109,1,0.018794969,0.02840715,0.00575142
1785207431932400129,-1.0134956,2.8471196,0.9906041,0.003197853,0.0022718515,0.020212065,1,0.093056664,5.5413256,-4.3620505,0.10771166,0.10738362,0.08251046,0.94640964,-0.28858584,0.099100314,-0.105859235,0,7,1785207431928919,1785207431928919,0.5858335,1.6954966,-1.5585772,1,0.018981291,0.029104084,0.0057603605
1785207431944402108,-0.9458538,2.7315254,1.0111442,0.0027810712,0.002574847,0.020325864,1,0.09394275,5.5582542,-4.3769455,0.10811252,0.10775809,0.08275272,0.94466907,-0.29046735,0.11114752,-0.10428472,0,7,1785207431936919,1785207431936919,0.5604729,1.6483452,-1.5493653,1,0.019206049,0.029792206,0.005769242
1785207431952420436,-0.92028385,2.6114128,1.035393,0.0023793338,0.0028956477,0.020406801,1,0.09470694,5.574721,-4.391692,0.10851518,0.10813604,0.08299575,0.9428889,-0.29222718,0.12273258,-0.10247176,0,7,1785207431944919,1785207431944919,0.53348196,1.6000735,-1.5393622,1,0.019475458,0.030434117,0.005777982
1785207431964388791,-0.6614233,2.3552327,1.0678425,0.0016391044,0.003593773,0.020448897,1,0.09583193,5.6063123,-4.4207664,0.109325916,0.108903095,0.08292407,0.9395228,-0.29459602,0.14439215,-0.09829104,0,7,1785207431960919,1785207431960919,0.4783649,1.5107461,-1.5146542,1,0.020164892,0.031624176,0.0057763318
1785207431972404805,-0.57993364,2.2103474,1.0827754,0.0013124907,0.003965201,0.02040409,1,0.09618584,5.621477,-4.435046,0.109734036,0.10929256,0.08316776,0.93800575,-0.2951679,0.15433645,-0.09592449,0,7,1785207431968919,1785207431968919,0.45031172,1.468517,-1.4963087,1,0.020623924,0.03224747,0.0057848785
1785207431984377328,-0.52880603,2.0862381,1.0921055,0.0010209967,0.0043428596,0.020317929,1,0.096391164,5.6362386,-4.4491034,0.11014399,0.109686136,0.083412215,0.93654513,-0.29554233,0.16376114,-0.09338173,0,7,1785207431976919,1785207431976919,0.42148444,1.4270806,-1.4754775,1,0.02118038,0.03283157,0.0057932846
1785207431992380468,-0.4899185,1.9533459,1.103826,0.00074431236,0.0045861294,0.019614488,1,0.09644751,5.6506042,-4.4629264,0.11055186,0.11008087,0.08365707,0.9351316,-0.2957918,0.17267872,-0.09065492,0,7,1785207431984919,1785207431984919,0.3927371,1.3855815,-1.4539558,1,0.021732194,0.0329193,0.005801402
1785207432004393978,-0.35782555,1.6343046,1.119264,0.00035329067,0.005304209,0.019287458,1,0.09611113,5.6781807,-4.489825,0.11138202,0.11089108,0.08414981,0.932617,-0.29574364,0.18866488,-0.084657356,0,7,1785207432000919,1785207432000919,0.33814344,1.3093797,-1.4017832,1,0.023228845,0.033649776,0.005817407
1785207432012383742,-0.3040353,1.4942168,1.118471,0.00021413929,0.0056576785,0.01907314,1,0.09573312,5.6914425,-4.502838,0.111800306,0.11130308,0.084397316,0.93154526,-0.29542214,0.19575256,-0.08142625,0,7,1785207432008919,1785207432008919,0.31230378,1.2753503,-1.3693991,1,0.024209298,0.033922505,0.0058251866
1785207432024365332,-0.27287704,1.3661157,1.117676,0.000113212394,0.006003918,0.018827831,1,0.09522132,5.7043796,-4.515525,0.1122208,0.11171982,0.08464559,0.93056077,-0.29500416,0.20232637,-0.07806014,0,7,1785207432016919,1785207432016919,0.28716198,1.2430496,-1.3342391,1,0.02531425,0.034125876,0.0058328635
1785207432032411221,-0.24278155,1.229762,1.1144805,4.9406466e-05,0.0063298754,0.018565673,1,0.09458135,5.7170067,-4.5279136,0.1126437,0.112141274,0.08431557,0.9296681,-0.29451412,0.20837454,-0.074557364,0,7,1785207432024919,1785207432024919,0.2630722,1.2123021,-1.2973492,1,0.026555011,0.034233008,0.0058208713
1785207432044466801,-0.24491166,0.9282834,1.1046356,2.7164582e-05,0.0069165574,0.018001258,1,0.092955895,5.741385,-4.551585,0.11349747,0.11299894,0.084812514,0.92816293,-0.2935597,0.21872328,-0.06705572,0,7,1785207432040919,1785207432040919,0.21992016,1.1557522,-1.2136527,1,0.02936457,0.03409055,0.005835464
1785207432052466474,-0.26195803,0.7908641,1.0998417,6.4788495e-05,0.0069853673,0.017229531,1,0.09199513,5.7531724,-4.562812,0.11392736,0.11343475,0.08506176,0.92751503,-0.29322833,0.22306387,-0.06305206,0,7,1785207432048919,1785207432048919,0.20070082,1.1308819,-1.1669067,1,0.03070525,0.033529703,0.00584257
1785207432064423217,-0.28779036,0.65184426,1.0851964,0.0001323788,0.0072251847,0.016922139,1,0.090947494,5.764714,-4.5736103,0.11436239,0.113875866,0.08531213,0.92692626,-0.29302755,0.22687525,-0.058908015,0,7,1785207432056919,1785207432056919,0.1822223,1.106748,-1.1191652,1,0.032518584,0.03327164,0.0058496697
1785207432072405246,-0.31282097,0.494453,1.0665542,0.00022692396,0.0074464045,0.016606389,1,0.08981467,5.7760115,-4.5839796,0.11480103,0.11432173,0.08556326,0.9264102,-0.29298252,0.23009187,-0.054619197,0,7,1785207432064919,1785207432064919,0.1638301,1.0822453,-1.0717221,1,0.03444201,0.0329027,0.0058566546
1785207432084437251,-0.3895142,0.12133904,1.0330019,0.00049070467,0.007795891,0.015993146,1,0.08730074,5.797871,-4.603484,0.11569058,0.11522727,0.08547264,0.9256751,-0.29341465,0.23444436,-0.04548959,0,7,1785207432080919,1785207432080919,0.12900436,1.0332707,-0.97541636,1,0.03854145,0.03196306,0.0058504255
1785207432092456079,-0.45103294,-0.07440674,1.0103651,0.000654508,0.007933412,0.015691835,1,0.08593113,5.8084354,-4.6126113,0.11614227,0.11568681,0.08572429,0.9254389,-0.29402167,0.23550686,-0.04062838,0,7,1785207432088919,1785207432088919,0.112143144,1.0082072,-0.92723703,1,0.040844392,0.03139689,0.0058573135
1785207432104451986,-0.52746415,-0.2744117,0.98639715,0.00083562953,0.008058733,0.015385417,1,0.08448129,5.818744,-4.621317,0.11659909,0.11615067,0.08597668,0.9252676,-0.29497278,0.23581003,-0.035563465,0,7,1785207432096919,1785207432096919,0.094132364,0.98123246,-0.8812352,1,0.043328483,0.030788083,0.005864221
1785207432112486875,-0.59377563,-0.48639777,0.95417434,0.0010317933,0.008163475,0.01508453,1,0.082945235,5.828786,-4.629618,0.11706149,0.11661869,0.08622983,0.92517614,-0.29625335,0.23529616,-0.030309875,0,7,1785207432104919,1785207432104919,0.07573697,0.9532014,-0.8368023,1,0.045824733,0.030167619,0.005871186
1785207432124477492,-0.70749444,-0.89652216,0.88439983,0.0014274112,0.008127316,0.014269032,1,0.07960048,5.848051,-4.645044,0.11800479,0.11756632,0.086738124,0.9252428,-0.29966983,0.23184092,-0.019332292,0,7,1785207432120919,1785207432120919,0.03826841,0.896286,-0.74961364,1,0.050280154,0.028792605,0.005885355
1785207432132498124,-0.7490394,-1.0946603,0.84818256,0.0016452406,0.008158648,0.014019896,1,0.07779143,5.857271,-4.6521773,0.11848662,0.11804586,0.08699354,0.9254033,-0.30173358,0.22891185,-0.01360386,0,7,1785207432128919,1785207432128919,0.019418262,0.86679286,-0.70748305,1,0.052828062,0.028185913,0.0058925506
1785207432144460237,-0.7564975,-1.2832072,0.8090394,0.0018675828,0.008177551,0.013778674,1,0.07588326,5.8662004,-4.6589484,0.11897582,0.118528955,0.08724971,0.9256665,-0.3039058,0.22521594,-0.0077900747,0,7,1785207432136919,1785207432136919,-0.0009126301,0.83487815,-0.6687093,1,0.05547203,0.027602784,0.0058998712
1785207432152501899,-0.7485082,-1.4619039,0.76430035,0.0020903312,0.008181746,0.013551736,1,0.07386661,5.8748226,-4.6654344,0.119472876,0.11901535,0.086891524,0.92604023,-0.30610546,0.22078346,-0.0019394851,0,7,1785207432144919,1785207432144919,-0.021839155,0.8014982,-0.632257,1,0.05811438,0.027056552,0.005886548
1785207432164486124,-0.65450215,-1.7907982,0.6740293,0.002527354,0.008142586,0.013153936,1,0.06949202,5.891111,-4.677444,0.120492384,0.11999824,0.087404065,0.9271764,-0.31020164,0.20981944,0.009741618,0,7,1785207432160919,1785207432160919,-0.0646625,0.7315381,-0.56332517,1,0.063038215,0.026089197,0.005901812
1785207432172439549,-0.5985781,-1.9111749,0.62555194,0.0027403042,0.008106345,0.012977256,1,0.067129426,5.8987637,-4.682988,0.12101564,0.1204944,0.087661475,0.9279236,-0.31196997,0.20345253,0.01547973,0,7,1785207432168919,1785207432168919,-0.08605963,0.6954982,-0.53041565,1,0.065409906,0.025652414,0.0059096096
1785207432184436178,-0.53785807,-2.0174336,0.5752226,0.0029475866,0.008062002,0.012814347,1,0.064650506,5.9060783,-4.68824,0.12154843,0.12099358,0.08791966,0.92875546,-0.31354767,0.19661094,0.021101734,0,7,1785207432176919,1785207432176919,-0.107278,0.6577647,-0.49968156,1,0.06773044,0.025254268,0.005917533
1785207432192448915,-0.45423412,-2.122094,0.521434,0.0031460356,0.00801163,0.012666307,1,0.062052608,5.9130363,-4.693227,0.122091144,0.12149571,0.08817861,0.9296919,-0.31485254,0.18929987,0.026578872,0,7,1785207432184919,1785207432184919,-0.12898067,0.6173034,-0.47273573,1,0.07000482,0.024901584,0.005925601
1785207432204445914,-0.2161509,-2.279485,0.41810617,0.003471944,0.0078217,0.0122636035,1,0.056501485,5.925826,-4.7025824,0.12320438,0.12250752,0.08806675,0.93195516,-0.31621966,0.17348321,0.03699215,0,7,1785207432200919,1785207432200919,-0.172472,0.5309909,-0.42726222,1,0.07357986,0.024295608,0.0059207627
1785207432212532330,-0.13945256,-2.3263586,0.3619006,0.003635517,0.007773975,0.012147787,1,0.053544614,5.931624,-4.706988,0.123778135,0.12301815,0.08832617,0.9332108,-0.31637084,0.16514617,0.0418798,0,7,1785207432208919,1785207432208919,-0.19342114,0.48507756,-0.4074383,1,0.07555356,0.02405339,0.0059291846
1785207432224443256,-0.03905181,-2.376424,0.30838537,0.0037842353,0.007729968,0.012043119,1,0.050471872,5.9370065,-4.711213,0.12436301,0.12353159,0.08858637,0.93453145,-0.3161848,0.15656264,0.04654335,0,7,1785207432216919,1785207432216919,-0.21398701,0.4370632,-0.39110076,1,0.07758136,0.023823373,0.0059377095
1785207432232485419,0.10715565,-2.4182334,0.25194657,0.003914818,0.007689633,0.011952914,1,0.047280367,5.9419494,-4.7152996,0.124959424,0.12404777,0.088847354,0.9359666,-0.31550047,0.14775068,0.050947726,0,7,1785207432224919,1785207432224919,-0.23530604,0.385507,-0.3809145,1,0.07965308,0.023610972,0.005946347
1785207432244546900,0.34790376,-2.4619117,0.14006394,0.004112301,0.0076314677,0.0118136825,1,0.040533412,5.950423,-4.7232194,0.12618838,0.12508826,0.08937167,0.93914825,-0.31258586,0.12969695,0.058901872,0,7,1785207432240919,1785207432240919,-0.2761383,0.27396947,-0.37258348,1,0.08385629,0.023247138,0.0059639714
1785207432252532015,0.41155353,-2.4800215,0.08759126,0.00417641,0.00761944,0.01176164,1,0.03699514,5.9539137,-4.727104,0.12682173,0.12561251,0.08963499,0.94078153,-0.3106618,0.12046283,0.06251466,0,7,1785207432248919,1785207432248919,-0.29444376,0.21550901,-0.3719342,1,0.086181656,0.023065956,0.005972932
1785207432264475513,0.54551214,-2.473096,0.030638019,0.004214613,0.007619989,0.011722935,1,0.033357132,5.956901,-4.730963,0.12746836,0.12613937,0.08989911,0.9424692,-0.30831167,0.111179724,0.06583969,0,7,1785207432256919,1785207432256919,-0.3121794,0.15785652,-0.3737546,1,0.08862374,0.022892773,0.005982
1785207432272483541,0.6714758,-2.4400733,-0.022106921,0.0041950005,0.0075757126,0.011610829,1,0.029627273,5.959388,-4.7348623,0.12812112,0.12666762,0.089510985,0.9442273,-0.30544958,0.101965204,0.06883783,0,7,1785207432264919,1785207432264919,-0.32828456,0.099874064,-0.37708235,1,0.09061711,0.022719493,0.005969081
1785207432284477454,0.87866795,-2.4451342,-0.115059525,0.0041423216,0.0076336246,0.0116056735,1,0.021958973,5.9628677,-4.742672,0.12948336,0.12773368,0.09003929,0.94785637,-0.2985022,0.08352605,0.07408305,0,7,1785207432280919,1785207432280919,-0.35313678,-0.014566695,-0.38698047,1,0.09579775,0.022437055,0.005987741
1785207432292504268,0.97773975,-2.443269,-0.16219863,0.004079301,0.0076742186,0.011628143,1,0.018048115,5.9638696,-4.7466054,0.13018714,0.12827034,0.09030462,0.9497261,-0.2944133,0.07422387,0.07636659,0,7,1785207432288919,1785207432288919,-0.36373752,-0.07122376,-0.39430878,1,0.09869615,0.022306247,0.0059972513
1785207432304451924,1.089856,-2.4067857,-0.20745872,0.0039932234,0.00771895,0.01166953,1,0.014097879,5.964385,-4.750579,0.13090701,0.12880932,0.09057073,0.95162296,-0.2899042,0.06500444,0.078381784,0,7,1785207432296919,1785207432296919,-0.37257728,-0.12717925,-0.40375155,1,0.10176906,0.022190746,0.006006894
1785207432312510437,1.2046367,-2.3865461,-0.24554709,0.0038853541,0.0077645183,0.011731873,1,0.01012619,5.9644217,-4.7546053,0.13164368,0.12935057,0.09083763,0.9535503,-0.28494284,0.055883996,0.08016557,0,7,1785207432304919,1785207432304919,-0.37859803,-0.1820292,-0.41441923,1,0.10498933,0.022093909,0.006016674
1785207432324536872,1.4762893,-2.4164042,-0.31718293,0.001972581,0.0042860494,0.0067371977,1,0.003268039,5.967068,-4.76586,0.10814641,0.107065976,0.0820162,0.95757425,-0.2733582,0.03748978,0.08319453,0,7,1785207432320919,1785207432320919,-0.38232714,-0.28545558,-0.4401371,1,0.049397685,0.016914222,0.0055995886
1785207432332498913,1.556717,-2.3911028,-0.34542024,0.0018783682,0.0042916415,0.006779749,1,0.0004086069,5.9696174,-4.772976,0.10845895,0.107457876,0.08225447,0.9595321,-0.2670303,0.028146546,0.08485879,0,7,1785207432328919,1785207432328919,-0.38063,-0.33537757,-0.4556806,1,0.05096527,0.016932547,0.00560981
1785207432344526260,1.6714985,-2.3610127,-0.3746951,0.0017844669,0.0043089096,0.006856403,1,-0.0024028004,5.9716473,-4.780124,0.108779274,0.10785196,0.0824935,0.9614766,-0.26028395,0.018925417,0.08635417,0,7,1785207432336919,1785207432336919,-0.37669444,-0.38357425,-0.47322413,1,0.0528078,0.016964002,0.005620219
1785207432352503189,1.8190355,-2.364475,-0.40266484,0.0016848649,0.004319871,0.006945064,1,-0.0051490213,5.973178,-4.787319,0.10910453,0.10824815,0.08273326,0.96345085,-0.2529329,0.009747954,0.08770686,0,7,1785207432344919,1785207432344919,-0.37049893,-0.429755,-0.49168095,1,0.054772258,0.01700901,0.005630801
1785207432364487604,2.052859,-2.357018,-0.4394273,0.0014757373,0.004321501,0.0071525974,1,-0.010380127,5.9748063,-4.801889,0.10977105,0.10904693,0.083214976,0.967377,-0.2366203,-0.008528467,0.09010971,0,7,1785207432360919,1785207432360919,-0.35255474,-0.5176699,-0.53117484,1,0.059124894,0.01713976,0.0056525557
1785207432372530649,2.1862867,-2.3319864,-0.4625705,0.0013682968,0.004314753,0.0072667995,1,-0.012840478,5.9749355,-4.809294,0.11011299,0.1094495,0.082897246,0.96929365,-0.22771752,-0.017522354,0.09114639,0,7,1785207432368919,1785207432368919,-0.3414407,-0.558177,-0.5514123,1,0.0615285,0.01722473,0.005645307
1785207432384465300,2.3234324,-2.3138814,-0.47536546,0.0012597573,0.00429871,0.0073914053,1,-0.015181349,5.9746394,-4.816773,0.11046121,0.10985435,0.08313832,0.97118634,-0.2182211,-0.026385467,0.09208934,0,7,1785207432376919,1785207432376919,-0.32844388,-0.5963626,-0.5715639,1,0.06417736,0.017326158,0.0056567444
1785207432392486984,2.4672453,-2.3029609,-0.4886784,0.0011516096,0.004271251,0.007527035,1,-0.01738716,5.973942,-4.8243256,0.11081611,0.11026144,0.08338012,0.9730383,-0.20812888,-0.03514653,0.09297151,0,7,1785207432384919,1785207432384919,-0.31362543,-0.6311733,-0.5911189,1,0.067049906,0.017442089,0.0056684376
1785207432404476549,2.5777657,-2.2893772,-0.50173706,0.0010445233,0.004236434,0.0076689594,1,-0.01944643,5.972871,-4.83194,0.11117815,0.11067082,0.08362266,0.974818,-0.19751887,-0.04381865,0.09378752,0,7,1785207432392919,1785207432392919,-0.2976164,-0.66316956,-0.6074278,1,0.070146896,0.017568097,0.0056803953
1785207432412507400,2.805734,-2.2089481,-0.5251727,0.0008342441,0.0041358485,0.007937639,1,-0.02311069,5.969746,-4.8472123,0.11192544,0.11149658,0.08410992,0.97812223,-0.1747522,-0.060595933,0.09521968,0,7,1785207432408919,1785207432408919,-0.2652078,-0.714168,-0.62421495,1,0.0765176,0.017842129,0.0057049184
1785207432424479592,2.8930829,-2.1748629,-0.5291687,0.0007370381,0.0040772934,0.008093421,1,-0.024710508,5.9677587,-4.854794,0.112312354,0.11191315,0.08435466,0.9795929,-0.16277218,-0.06867795,0.09584504,0,7,1785207432416919,1785207432416919,-0.24812639,-0.733633,-0.6253141,1,0.079927005,0.017987227,0.0057174494
1785207432432504452,2.9799016,-2.1468983,-0.53636575,0.00064456934,0.0040101735,0.00825303,1,-0.026151793,5.965534,-4.862285,0.112708785,0.112332225,0.08460015,0.98092496,-0.15040623,-0.0765884,0.0964284,0,7,1785207432424919,1785207432424919,-0.2310918,-0.7495284,-0.6202144,1,0.08339739,0.018128224,0.005730131
1785207432444459122,3.0827048,-2.0289161,-0.5483385,0.00047278925,0.003850391,0.008584635,1,-0.02857668,5.9604883,-4.876829,0.1135329,0.11317809,0.084513284,0.9831093,-0.12485016,-0.09172794,0.09744039,0,7,1785207432440919,1785207432440919,-0.1999435,-0.7718828,-0.5863885,1,0.09052465,0.018404871,0.0057368386
1785207432452480375,3.0880303,-1.9341079,-0.5480761,0.00039562295,0.0037572186,0.008754993,1,-0.029580398,5.957718,-4.8837285,0.11396196,0.11360507,0.08475934,0.98394626,-0.11191408,-0.09874712,0.097846545,0,7,1785207432448919,1785207432448919,-0.18614893,-0.77904046,-0.55808276,1,0.094169475,0.018539542,0.0057499357
1785207432464499225,3.0898929,-1.8515496,-0.5480868,0.00032516717,0.0036542437,0.008928445,1,-0.03045624,5.954812,-4.8903117,0.11440329,0.11403479,0.08500615,0.9846097,-0.09896685,-0.1053891,0.098195694,0,7,1785207432456919,1785207432456919,-0.17304564,-0.78421056,-0.52446127,1,0.0978271,0.018662032,0.005763122
1785207432472492616,3.0808372,-1.7913588,-0.5512973,0.00026059092,0.003539701,0.009107585,1,-0.031207522,5.9517846,-4.8965435,0.11485761,0.11446732,0.08525371,0.9850946,-0.086034894,-0.11174371,0.09848938,0,7,1785207432464919,1785207432464919,-0.16023155,-0.78813523,-0.48690665,1,0.10145816,0.018774806,0.0057763658
1785207432484445030,3.0957515,-1.6776468,-0.5552764,0.00015166138,0.0032721274,0.009452786,1,-0.032358382,5.945429,-4.9078426,0.11580763,0.115341,0.08575111,0.9855395,-0.06005865,-0.12376024,0.098935984,0,7,1785207432480919,1785207432480919,-0.13668296,-0.79075336,-0.40058023,1,0.1086417,0.018978944,0.005803173
1785207432492455243,3.0632625,-1.5799068,-0.54835075,0.00010932535,0.003131301,0.00963597,1,-0.032772336,5.94212,-4.912891,0.11630495,0.11578222,0.08540676,0.9855232,-0.047149707,-0.12922493,0.09910571,0,7,1785207432488919,1785207432488919,-0.1263123,-0.79138726,-0.35256174,1,0.11231026,0.019067565,0.0057969987
1785207432504433787,3.0078728,-1.4627212,-0.54994404,7.476509e-05,0.0029792835,0.009822576,1,-0.033087406,5.93873,-4.917489,0.11681802,0.11622655,0.08565565,0.98537046,-0.034464434,-0.1342218,0.09920619,0,7,1785207432496919,1785207432496919,-0.11618002,-0.7914195,-0.3034437,1,0.11590112,0.019144643,0.0058104685
1785207432512496899,2.9522097,-1.3420856,-0.54408604,4.8208127e-05,0.0028177889,0.010010652,1,-0.03330575,5.9352646,-4.9216347,0.11734749,0.11667395,0.08590532,0.98509955,-0.022020763,-0.13872227,0.09924853,0,7,1785207432504919,1785207432504919,-0.10610003,-0.7910363,-0.25430995,1,0.119430356,0.019211827,0.0058239396
1785207432524561616,2.8563333,-1.1335614,-0.5385047,2.0574307e-05,0.0024747015,0.010381431,1,-0.033454508,5.928135,-4.9285655,0.118458204,0.11757813,0.08640698,0.98424643,0.0021735223,-0.14634739,0.099179894,0,7,1785207432520919,1785207432520919,-0.08584446,-0.7876941,-0.15436324,1,0.12627682,0.019326808,0.0058508622
1785207432532475737,2.8214483,-1.0339576,-0.53743094,1.9724128e-05,0.0022926435,0.01056437,1,-0.033389412,5.9244895,-4.9313416,0.11904065,0.11803497,0.08665899,0.98367596,0.01400881,-0.14955005,0.09909672,0,7,1785207432528919,1785207432528919,-0.07614424,-0.7846929,-0.10336522,1,0.1294882,0.019373441,0.005864218
1785207432544479038,2.7735124,-0.91944104,-0.5318342,2.7541733e-05,0.0021047732,0.010744454,1,-0.033234734,5.920799,-4.9336596,0.11964188,0.11849501,0.08691179,0.983031,0.02563634,-0.15229383,0.098992996,0,7,1785207432536919,1785207432536919,-0.06636587,-0.78149617,-0.053598996,1,0.13248163,0.01941336,0.0058774347
1785207432552499971,2.7351654,-0.7830863,-0.5299579,4.4050703e-05,0.0019118083,0.010905693,1,-0.032990724,5.917069,-4.935537,0.12026085,0.11895823,0.08716537,0.9823346,0.037054807,-0.1545008,0.098869346,0,7,1785207432544919,1785207432544919,-0.056069702,-0.77724963,-0.0062947823,1,0.13514157,0.019448092,0.005890528
1785207432564467464,2.6632586,-0.5215656,-0.526771,0.00010210484,0.0015285179,0.011230988,1,-0.03221345,5.9095373,-4.938135,0.12156021,0.11989438,0.087059245,0.98083436,0.0593251,-0.15725122,0.09857263,0,7,1785207432560919,1785207432560919,-0.033227466,-0.7647705,0.08118402,1,0.13977239,0.019518148,0.0058956943
1785207432572478367,2.6233115,-0.39905825,-0.52357346,0.0001428874,0.001341863,0.011376895,1,-0.03166926,5.905758,-4.9388514,0.122239776,0.12036729,0.087313436,0.9800341,0.070181474,-0.1578655,0.09841844,0,7,1785207432568919,1785207432568919,-0.020809954,-0.7569571,0.12188718,1,0.1416178,0.019550765,0.005908121
1785207432584485426,2.5753765,-0.25444633,-0.52702576,0.00019117614,0.0011607977,0.011509713,1,-0.031016566,5.901984,-4.939207,0.1229394,0.12084338,0.08756843,0.9792248,0.0808038,-0.15791632,0.09824528,0,7,1785207432576919,1785207432576919,-0.007728833,-0.7477592,0.15894835,1,0.14317398,0.019583616,0.005920339
1785207432592465812,2.5301046,-0.08773499,-0.52728313,0.00024651186,0.000987881,0.011627332,1,-0.030249747,5.898231,-4.939242,0.12365911,0.121322624,0.08782423,0.9784269,0.0911862,-0.157316,0.09806971,0,7,1785207432584919,1785207432584919,0.006349789,-0.7364095,0.1903226,1,0.14445195,0.01961791,0.0059323576
1785207432604555526,2.4158537,0.26487,-0.52835387,0.00037249053,0.00067687564,0.011812443,1,-0.028332267,5.890871,-4.9385467,0.12515861,0.12229039,0.08833828,0.9769291,0.111116245,-0.15396456,0.09776339,0,7,1785207432600919,1785207432600919,0.0396718,-0.70574546,0.23404902,1,0.14629318,0.019691259,0.0059558926
1785207432612542133,2.349009,0.42572668,-0.53101367,0.00044068246,0.00054242386,0.011878741,1,-0.027154531,5.887313,-4.937957,0.12593822,0.12277872,0.08796604,0.976231,0.120612584,-0.15131575,0.097617984,0,7,1785207432608919,1785207432608919,0.05897706,-0.6856585,0.24548063,1,0.14692236,0.0197289,0.0059464443
1785207432624480131,2.2928176,0.5985647,-0.5355407,0.0005118963,0.00042291312,0.011924681,1,-0.025817363,5.8838787,-4.937271,0.12673663,0.12327004,0.08822327,0.97557515,0.12980844,-0.14798698,0.097481996,0,7,1785207432616919,1785207432616919,0.08024635,-0.661164,0.2474892,1,0.1474113,0.019766841,0.0059578847
1785207432632535228,2.2336938,0.7604867,-0.5390052,0.0005865554,0.00031846206,0.011954525,1,-0.024303459,5.8805995,-4.936554,0.12755568,0.1237644,0.088481314,0.9749562,0.13872093,-0.14400418,0.09736394,0,7,1785207432624919,1785207432624919,0.10279733,-0.6333832,0.24354476,1,0.14774513,0.019806018,0.0059691807
1785207432644555902,2.0368843,1.0624946,-0.5507218,0.0007393939,0.00015606785,0.01196417,1,-0.020726329,5.8746142,-4.9351916,0.12925242,0.124761954,0.088999875,0.97387356,0.15529737,-0.13425067,0.097107835,0,7,1785207432640919,1785207432640919,0.14918296,-0.56845313,0.22028936,1,0.14819849,0.019886777,0.005991588
1785207432652570683,1.956988,1.1940502,-0.55952495,0.0008136724,9.9409095e-05,0.011946604,1,-0.018658632,5.8719597,-4.934629,0.13013001,0.12526509,0.089260384,0.9734065,0.16295597,-0.12854993,0.096954234,0,7,1785207432648919,1785207432648919,0.172792,-0.5314895,0.2026355,1,0.14835751,0.019928863,0.0060027195
1785207432664506366,1.868569,1.3072379,-0.569112,0.0008845773,5.856699e-05,0.011916585,1,-0.01640653,5.8695602,-4.9342666,0.13102701,0.12577106,0.088878036,0.97297,0.17024334,-0.122394495,0.096779,0,7,1785207432656933,1785207432656933,0.19566078,-0.49237913,0.18264328,1,0.14847805,0.019972214,0.005992299
1785207432672522580,1.7465957,1.4065764,-0.5773641,0.0009514569,3.2810975e-05,0.011875515,1,-0.013978805,5.867436,-4.934034,0.13194342,0.12628002,0.08913832,0.972579,0.17703944,-0.11585637,0.09656247,0,7,1785207432664933,1785207432664933,0.21750782,-0.45084625,0.16057035,1,0.14853719,0.020016527,0.0060032965
1785207432684494892,1.4411292,1.5911367,-0.59467167,0.0010732645,2.3627275e-05,0.011763,1,-0.008636004,5.8640594,-4.933993,0.13383399,0.12730674,0.08966138,0.9720072,0.18878576,-0.10174104,0.09597275,0,7,1785207432680933,1785207432680933,0.25726622,-0.36634123,0.11676315,1,0.14838785,0.02010834,0.006025014
1785207432692514472,1.2669593,1.6579823,-0.5986657,0.0011263427,3.8985156e-05,0.011693523,1,-0.005748779,5.862812,-4.934173,0.13480715,0.12782437,0.08992416,0.9718415,0.19363679,-0.094292246,0.09559213,0,7,1785207432688933,1785207432688933,0.27451813,-0.32375893,0.096373335,1,0.14825404,0.020156719,0.0060357936
1785207432704481965,1.0528415,1.7330889,-0.60291106,0.0011722625,6.680264e-05,0.011619842,1,-0.0027366239,5.861863,-4.9344797,0.13579996,0.12834507,0.090187766,0.9717882,0.19765978,-0.086622305,0.09515792,0,7,1785207432696933,1785207432696933,0.28991988,-0.28125063,0.076048836,1,0.14804739,0.020207906,0.0060464796
1785207432712530440,0.81688434,1.8023313,-0.6061079,0.001210011,0.00010652967,0.011542425,1,0.00038729282,5.8612156,-4.934921,0.13681155,0.12886876,0.09045222,0.97187763,0.20072967,-0.07873892,0.09466684,0,7,1785207432704933,1785207432704933,0.30412558,-0.23768361,0.054409295,1,0.14773159,0.020261962,0.006057045
1785207432724507712,0.41874713,1.8750328,-0.6151885,0.00061903684,0.00012501513,0.0052876673,1,0.0023062457,5.8593926,-4.9393797,0.10751016,0.107074216,0.0817201,0.97241247,0.20432407,-0.06266416,0.09348264,0,7,1785207432720933,1785207432720933,0.3189414,-0.14582714,0.002170381,1,0.055234347,0.01595916,0.0056353775
1785207432732588908,0.28852126,1.9293561,-0.6183982,0.00062508887,0.0001605668,0.0052461294,1,0.0010525878,5.8582788,-4.943376,0.10787224,0.107462175,0.08195656,0.9729523,0.20488788,-0.054379642,0.09180223,0,7,1785207432728933,1785207432728933,0.31897235,-0.09690873,-0.029643567,1,0.05503814,0.016014922,0.0056454837
1785207432744587039,0.17560035,1.9738299,-0.62452745,0.00062619173,0.00020039914,0.005205259,1,-0.00016057026,5.85756,-4.9475293,0.10824171,0.107852474,0.0821938,0.97352916,0.20496814,-0.045953482,0.090096295,0,7,1785207432736933,1785207432736933,0.31773758,-0.046428613,-0.064593114,1,0.054782115,0.016075626,0.0056554484
1785207432752586522,0.06534274,1.9866123,-0.63092214,0.000621779,0.00024412484,0.0051660123,1,-0.0013427909,5.8572454,-4.9518676,0.10861856,0.10824515,0.08243182,0.9741319,0.20458944,-0.037496958,0.088341296,0,7,1785207432744933,1785207432744933,0.31551874,0.0048094136,-0.10243519,1,0.05445614,0.0161424,0.0056652473
1785207432764542483,-0.07526866,2.0417335,-0.64132994,0.000597673,0.000341067,0.005089149,1,-0.0036822383,5.8578377,-4.9611754,0.1093943,0.10903779,0.08291023,0.9753345,0.20279361,-0.020477127,0.08472419,0,7,1785207432760933,1785207432760933,0.3042917,0.10769287,-0.18205515,1,0.053536173,0.016299762,0.0056842812
1785207432772568846,-0.14611427,2.0518582,-0.65116894,0.00057879754,0.00039379095,0.0050553707,1,-0.004870991,5.85874,-4.9661617,0.10979317,0.1094379,0.083150625,0.97590387,0.20150343,-0.011860388,0.08287043,0,7,1785207432768933,1785207432768933,0.2971901,0.15767306,-0.22210936,1,0.05292596,0.016394833,0.005693443
1785207432784558551,-0.23773058,2.0254936,-0.6612853,0.0005556476,0.00044897312,0.0050234073,1,-0.0060839937,5.860032,-4.971388,0.11019928,0.10984056,0.082832985,0.97647023,0.1998576,-0.0033595364,0.080942065,0,7,1785207432776933,1785207432776933,0.28842264,0.2064849,-0.26182035,1,0.052230928,0.016500684,0.0056840996
1785207432792545189,-0.31894806,2.0294874,-0.66315514,0.00052873616,0.00050562294,0.004993743,1,-0.0073402263,5.861705,-4.9768367,0.110612534,0.1102459,0.08307335,0.9770278,0.19787477,0.005071578,0.078971475,0,7,1785207432784933,1785207432784933,0.27717513,0.25383434,-0.30079255,1,0.05145395,0.016616745,0.0056929025
1785207432804574539,-0.48673594,2.0119133,-0.66687083,0.00046589767,0.0006205096,0.0049418397,1,-0.010042368,5.8661265,-4.9883404,0.111459926,0.11106471,0.08355646,0.9780962,0.19294171,0.021859843,0.07499026,0,7,1785207432800933,1785207432800933,0.25178558,0.34103402,-0.3680784,1,0.04968114,0.016881922,0.0057100696
1785207432812575764,-0.60018635,1.9522595,-0.66819876,0.0004314295,0.0006785235,0.0049183685,1,-0.011497257,5.8688254,-4.994329,0.11189375,0.11147827,0.083799206,0.9786381,0.18987714,0.029932633,0.07292568,0,7,1785207432808933,1785207432808933,0.23815113,0.37976596,-0.39481768,1,0.04871303,0.017027406,0.0057184976
1785207432824555731,-0.70031744,1.9088484,-0.664745,0.00039592103,0.0007355178,0.004896957,1,-0.01303473,5.8718143,-5.0004263,0.11233409,0.11189465,0.08404276,0.9791872,0.18641262,0.037755676,0.0708334,0,7,1785207432816933,1785207432816933,0.223032,0.41477683,-0.4152427,1,0.047692858,0.01717944,0.005726828
1785207432832573488,-0.7892687,1.8654381,-0.6607507,0.00035977206,0.0007901889,0.0048785093,1,-0.014661506,5.8750606,-5.0065665,0.11278073,0.11231386,0.08371626,0.97973233,0.18259762,0.045377817,0.06872739,0,7,1785207432824933,1785207432824933,0.20798686,0.44564036,-0.4263699,1,0.046668652,0.01733545,0.0057163476
1785207432844595684,-0.98342216,1.6534544,-0.6490115,0.00028755434,0.00088780816,0.004846526,1,-0.018150935,5.882184,-5.0186796,0.11369182,0.11316096,0.08420408,0.98084044,0.17397733,0.059446726,0.064421736,0,7,1785207432840933,1785207432840933,0.18226625,0.49334976,-0.41686612,1,0.044619713,0.017648146,0.00573306
1785207432852640823,-1.0827557,1.5242883,-0.6386355,0.0002528282,0.00092914497,0.004839992,1,-0.019995034,5.8859844,-5.0244827,0.11415609,0.11358891,0.084449194,0.98144126,0.16909681,0.06565386,0.06220153,0,7,1785207432848933,1785207432848933,0.17073542,0.51093006,-0.3972326,1,0.04362979,0.017802125,0.005741458
1785207432864645737,-1.1594536,1.414298,-0.6322502,0.00021924876,0.0009631,0.004839695,1,-0.021900712,5.889907,-5.030027,0.11462584,0.114019796,0.084695116,0.9820589,0.16392936,0.071376465,0.05994246,0,7,1785207432856933,1785207432856933,0.15952046,0.5255191,-0.369793,1,0.042628694,0.017956948,0.005749835
1785207432872657262,-1.2358873,1.2976515,-0.6229268,0.00018748008,0.0009897902,0.0048448513,1,-0.023860736,5.8939257,-5.0352488,0.115100875,0.11445366,0.08494184,0.9826933,0.1584934,0.07661291,0.05765767,0,7,1785207432864933,1785207432864933,0.14985444,0.5368109,-0.3341488,1,0.041598894,0.018113436,0.005758158
1785207432884658909,-1.3195139,1.0177482,-0.6157401,0.0001305861,0.0010244497,0.004867242,1,-0.027897814,5.902176,-5.04451,0.11606585,0.115330465,0.085437715,0.98400116,0.14713405,0.08541118,0.05290036,0,7,1785207432880933,1785207432880933,0.133973,0.55385077,-0.24506772,1,0.039453525,0.018421385,0.0057746163
1785207432892689069,-1.3528042,0.8736706,-0.6144084,0.000105635074,0.0010348524,0.0048818667,1,-0.029956613,5.9063797,-5.0485277,0.1165553,0.11577344,0.08509696,0.9846709,0.14131372,0.088933155,0.050444353,0,7,1785207432888933,1785207432888933,0.12715806,0.5599457,-0.1952247,1,0.03835353,0.018572254,0.005763234
1785207432904637587,-1.3796998,0.7450399,-0.6128157,8.3500396e-05,0.0010396405,0.004891968,1,-0.03202938,5.9106226,-5.0520754,0.11704834,0.11621956,0.0853452,0.98534936,0.1354242,0.09191352,0.04794788,0,7,1785207432896933,1785207432896933,0.12059616,0.56537974,-0.14361784,1,0.03724229,0.018720722,0.0057714153
1785207432912656736,-1.4116582,0.6169431,-0.61148167,6.455e-05,0.0010420159,0.004908622,1,-0.034116354,5.9149017,-5.055142,0.11754614,0.116668865,0.08559425,0.9860365,0.12946427,0.0943812,0.045424756,0,7,1785207432904933,1785207432904933,0.1143257,0.5702794,-0.09066592,1,0.036182083,0.018859956,0.0057796333
1785207432924663604,-1.4715793,0.35648486,-0.60828656,3.5930956e-05,0.0010388878,0.004940525,1,-0.038312476,5.9235516,-5.0597987,0.1185532,0.117577046,0.08609478,0.9874579,0.117255054,0.09774973,0.040290497,0,7,1785207432920933,1785207432920933,0.10334894,0.5786114,0.019040883,1,0.03417996,0.019115575,0.0057962816
1785207432932674437,-1.4912871,0.22678661,-0.6106838,2.6756064e-05,0.0010324119,0.0049562533,1,-0.040410385,5.927916,-5.0613694,0.11906209,0.11803596,0.08634627,0.98818487,0.111082815,0.09864785,0.037681315,0,7,1785207432928933,1785207432928933,0.09841134,0.5819342,0.07575427,1,0.033262506,0.01923199,0.005804763
1785207432944644736,-1.5104623,0.092298925,-0.6090845,2.101694e-05,0.0010225234,0.0049719587,1,-0.04250341,5.9323034,-5.0624285,0.11957434,0.118498094,0.08659856,0.98892385,0.10487053,0.09901485,0.03504164,0,7,1785207432936933,1785207432936933,0.09381987,0.58501405,0.13271832,1,0.03239972,0.019334042,0.005813327
1785207432952691477,-1.5352285,-0.035532236,-0.60695696,1.8693541e-05,0.001009503,0.0049873786,1,-0.04458751,5.9367104,-5.062992,0.120089814,0.11896341,0.08624568,0.9896735,0.098611765,0.098858915,0.032391053,0,7,1785207432944933,1785207432944933,0.089376174,0.58756465,0.18964729,1,0.031601068,0.019425033,0.005801833
1785207432964667296,-1.6042045,-0.27281854,-0.60562557,2.4232331e-05,0.0009725318,0.005018963,1,-0.048721284,5.9455724,-5.0626,0.12113006,0.11990375,0.0867508,0.9911998,0.0857764,0.09712366,0.02706583,0,7,1785207432960933,1785207432960933,0.08100951,0.59191525,0.302176,1,0.030249637,0.01958694,0.005819679
1785207432972681867,-1.6532054,-0.39372826,-0.6125515,3.1679272e-05,0.0009470572,0.005030502,1,-0.050766002,5.9500265,-5.061652,0.1216534,0.12037868,0.08700458,0.9919742,0.079157844,0.09553262,0.024388751,0,7,1785207432968933,1785207432968933,0.0768239,0.59373564,0.35781652,1,0.029677644,0.019648304,0.0058288127
1785207432984659499,-1.7133949,-0.51755977,-0.60935384,4.2022577e-05,0.00091946137,0.005047828,1,-0.052796517,5.9544935,-5.060213,0.122181,0.12085675,0.087259166,0.9927544,0.0723387,0.09345723,0.021718929,0,7,1785207432976933,1785207432976933,0.07250233,0.5953866,0.41193396,1,0.029200312,0.019702472,0.005838122
1785207432992690070,-1.771719,-0.65577924,-0.6069536,5.483553e-05,0.0008891029,0.005065449,1,-0.054813605,5.9589744,-5.058304,0.12271161,0.1213379,0.08751457,0.99353874,0.06530866,0.09083998,0.019070683,0,7,1785207432984933,1785207432984933,0.068085365,0.5970036,0.462763,1,0.028800378,0.019754646,0.005847621
1785207433004677491,-1.8963563,-0.941533,-0.586713,8.523727e-05,0.0008187536,0.0051055443,1,-0.058808353,5.967977,-5.0531926,0.12378209,0.12230929,0.088027835,0.9950894,0.050617408,0.08391301,0.013911936,0,7,1785207433000933,1785207433000933,0.058871586,0.60008997,0.55307823,1,0.02825113,0.019846007,0.0058672084
1785207433012671923,-1.9594737,-1.0872083,-0.57765615,0.00010192122,0.00077997526,0.00512771,1,-0.060791243,5.972499,-5.050107,0.12432212,0.12279939,0.0876596,0.99583817,0.04291921,0.07958576,0.0114170555,0,7,1785207433008933,1785207433008933,0.053450163,0.6016127,0.590842,1,0.028052775,0.019883746,0.0058562486
1785207433024669362,-2.0327122,-1.2440659,-0.56487334,0.000119080614,0.00073952554,0.005151073,1,-0.062770896,5.977034,-5.0467014,0.124865405,0.123292446,0.08791644,0.99655706,0.034961015,0.074639566,0.008990526,0,7,1785207433016933,1785207433016933,0.04745937,0.6026229,0.6214749,1,0.027905898,0.019921428,0.005866357
1785207433032658344,-2.1205966,-1.3995929,-0.5478327,0.00013614992,0.00069819577,0.005175407,1,-0.06475054,5.981576,-5.0430274,0.12541202,0.12378838,0.088174105,0.9972325,0.026686328,0.06907246,0.006661347,0,7,1785207433024933,1785207433024933,0.04128601,0.60253704,0.6469471,1,0.02778882,0.019959625,0.0058765654
1785207433044650774,-2.27506,-1.6970685,-0.51320857,0.00016783162,0.00061491533,0.005222423,1,-0.0687179,5.990652,-5.0350666,0.12651394,0.124788806,0.0886919,0.998379,0.009183337,0.05612253,0.0023006387,0,7,1785207433040933,1785207433040933,0.028129479,0.6003645,0.6762262,1,0.027625607,0.02003336,0.005897222
1785207433052714858,-2.313944,-1.8368841,-0.4876361,0.00018198662,0.0005739954,0.005249258,1,-0.07071101,5.9951787,-5.0309205,0.12707072,0.12529327,0.08895203,0.99880844,0.00012284792,0.048802502,0.00030071245,0,7,1785207433048933,1785207433048933,0.021167738,0.59849447,0.6767029,1,0.027569626,0.020069728,0.0059076296
1785207433064649218,-2.3858483,-1.9673766,-0.46128896,0.00019473597,0.00053357653,0.0052769994,1,-0.0727125,5.9996853,-5.0267754,0.12763098,0.12580056,0.089212984,0.9991176,-0.009170015,0.04095685,-0.0015547718,0,7,1785207433056933,1785207433056933,0.014161326,0.594321,0.6659749,1,0.027522331,0.020105787,0.0059180753
1785207433072662556,-2.4207313,-2.0725782,-0.439708,0.00020583598,0.0004934895,0.0053060562,1,-0.074721456,6.004157,-5.0227304,0.12819472,0.12631065,0.08883176,0.99928665,-0.01865502,0.03267181,-0.0032804282,0,7,1785207433064933,1785207433064933,0.0077316724,0.5887532,0.6481962,1,0.027484428,0.020142501,0.0059069893
1785207433084674583,-2.401556,-2.195084,-0.3920365,0.00022210524,0.00041614898,0.0053672674,1,-0.07874067,6.0129304,-5.0150733,0.12933266,0.12733941,0.08935404,0.99915516,-0.03761108,0.015293029,-0.0063692937,0,7,1785207433080933,1785207433080933,-0.0028377972,0.57047266,0.5937226,1,0.027430236,0.020217637,0.0059280614
1785207433092677612,-2.39303,-2.2305048,-0.368091,0.00022696145,0.00037920283,0.0053994264,1,-0.08073549,6.0171967,-5.011556,0.12990692,0.12785804,0.089616425,0.99884546,-0.046989664,0.0063377027,-0.007721352,0,7,1785207433088933,1785207433088933,-0.006149934,0.557744,0.5599655,1,0.02741308,0.020255959,0.0059386482
1785207433104659011,-2.3134,-2.2126656,-0.3430421,0.00022949565,0.000343519,0.0054326444,1,-0.08270743,6.0213623,-5.0082765,0.1304847,0.12837954,0.08987963,0.9983794,-0.056140672,-0.002584707,-0.008958027,0,7,1785207433096933,1785207433096933,-0.008164886,0.5443965,0.52556026,1,0.027404275,0.02029452,0.0059492677
1785207433112689020,-2.187694,-2.1508856,-0.32253775,0.00022977016,0.00030872098,0.005464626,1,-0.08464696,6.0254188,-5.0052323,0.13106506,0.12890385,0.09014367,0.997783,-0.06480803,-0.011278078,-0.01009169,0,7,1785207433104933,1785207433104933,-0.008560315,0.52922183,0.4920581,1,0.02739833,0.020333534,0.0059599145
1785207433124657395,-1.9299031,-2.0526102,-0.2841931,0.00020659901,0.00023428263,0.0051533575,1,-0.08836332,6.0321445,-5.003143,0.107655786,0.10710953,0.08147631,0.9962841,-0.08053781,-0.028025376,-0.01208872,0,7,1785207433120933,1785207433120933,-0.004846576,0.49365056,0.42993918,1,0.020268612,0.01595994,0.00555201
1785207433132717782,-1.7687829,-1.9450175,-0.25942653,0.0002008972,0.00020485354,0.0051885517,1,-0.09012114,6.0348134,-5.0039635,0.10806093,0.10749737,0.08171244,0.9954283,-0.087552875,-0.03590461,-0.012957555,0,7,1785207433128933,1785207433128933,-0.0011959446,0.4741378,0.40055025,1,0.020276383,0.015993923,0.0055625075
1785207433144665217,-1.6132511,-1.8278406,-0.24371853,0.00019303469,0.00017668246,0.0052246484,1,-0.091801174,6.0373473,-5.0049,0.10846879,0.10788744,0.081949346,0.99454236,-0.09392342,-0.043298192,-0.013753759,0,7,1785207433136933,1785207433136933,0.004531965,0.45287713,0.37162828,1,0.020285109,0.016029287,0.00557301
1785207433152703091,-1.4755704,-1.7569972,-0.22000898,0.00018307395,0.0001500674,0.005261287,1,-0.09338603,6.0397344,-5.005951,0.10887937,0.10827976,0.082187034,0.9936358,-0.099723026,-0.050342355,-0.014454359,0,7,1785207433144933,1785207433144933,0.012615244,0.4302687,0.34349188,1,0.020294711,0.016066397,0.005583518
1785207433164657038,-1.207118,-1.554867,-0.18486279,0.0001574425,0.0001021303,0.0053349817,1,-0.09622871,6.044024,-5.008399,0.10970875,0.10907124,0.082664736,0.9918058,-0.109827615,-0.06337177,-0.01559957,0,7,1785207433160933,1785207433160933,0.03117813,0.3818782,0.2863645,1,0.020316616,0.016144037,0.0056045144
1785207433172668433,-1.0681025,-1.4296968,-0.16995421,0.0001421772,8.131469e-05,0.0053711245,1,-0.09747196,6.0459094,-5.0098143,0.110127576,0.10947046,0.08290475,0.9909411,-0.114007466,-0.0691327,-0.016087651,0,7,1785207433168933,1785207433168933,0.042752605,0.3555064,0.25657144,1,0.020332891,0.016185436,0.0056150006
1785207433184677193,-0.956517,-1.3431436,-0.15504043,0.00012568489,6.286249e-05,0.0054052672,1,-0.098578185,6.047605,-5.0113764,0.110549144,0.109872006,0.08259,0.9901111,-0.11771591,-0.07449997,-0.016512893,0,7,1785207433176933,1785207433176933,0.05612664,0.32797235,0.22693464,1,0.020359606,0.016229067,0.0056072376
1785207433192681815,-0.8630393,-1.2459383,-0.1414628,0.00010846369,4.7149537e-05,0.0054382607,1,-0.09953898,6.0491033,-5.0130754,0.11097363,0.11027598,0.08282997,0.9893138,-0.121053435,-0.079493575,-0.01688727,0,7,1785207433184933,1785207433184933,0.07009729,0.29986212,0.19734132,1,0.020393997,0.016275635,0.005617735
1785207433204646603,-0.6092398,-1.016108,-0.114026755,7.422817e-05,2.5753088e-05,0.005494015,1,-0.10099648,6.051487,-5.016933,0.11183129,0.111091256,0.083312236,0.98792046,-0.12629601,-0.08807157,-0.017489022,0,7,1785207433200933,1785207433200933,0.10202244,0.24148312,0.13297193,1,0.020478277,0.016381226,0.0056387014
1785207433212613072,-0.52508366,-0.94366956,-0.10524415,5.844214e-05,2.0685116e-05,0.0055149277,1,-0.10147042,6.0523562,-5.0191245,0.11226457,0.11150267,0.08355454,0.98732096,-0.12827802,-0.091804676,-0.017720338,0,7,1785207433208933,1785207433208933,0.12064369,0.2099893,0.09731296,1,0.020545296,0.0164423,0.005649211
1785207433224591255,-0.48567045,-0.8874756,-0.09273132,4.44924e-05,1.9712108e-05,0.005529909,1,-0.10175464,6.052986,-5.021536,0.11270095,0.111916676,0.08379763,0.9867509,-0.1300801,-0.09529386,-0.017914483,0,7,1785207433216933,1785207433216933,0.14116523,0.17609933,0.05614315,1,0.020626102,0.016508868,0.0056597474
1785207433232668123,-0.43506816,-0.8395402,-0.08820126,3.3080658e-05,2.2974533e-05,0.0055381157,1,-0.10183831,6.053367,-5.0242,0.11314048,0.11233333,0.084041506,0.9862097,-0.13170418,-0.09857836,-0.018074775,0,7,1785207433224933,1785207433224933,0.16303775,0.14176425,0.013129353,1,0.020733787,0.016580556,0.0056703417
1785207433244638511,-0.35730547,-0.7950644,-0.07515373,1.9624777e-05,4.1822e-05,0.0055328375,1,-0.10138213,6.0533895,-5.030192,0.114029445,0.11317471,0.08395912,0.9851958,-0.13444571,-0.10477892,-0.01830544,0,7,1785207433240933,1785207433240933,0.20702137,0.07635428,-0.05611104,1,0.02101329,0.01674174,0.0056728334
1785207433252663592,-0.3359991,-0.76790065,-0.07195793,1.8121273e-05,5.6874378e-05,0.005518963,1,-0.10085626,6.0530624,-5.033414,0.114479065,0.113599546,0.08420369,0.9847046,-0.1356822,-0.10774798,-0.01837783,0,7,1785207433248933,1785207433248933,0.22707109,0.047342982,-0.07802219,1,0.021175224,0.016828382,0.0056835706
1785207433264633479,-0.28167084,-0.7279535,-0.068758525,2.0088222e-05,7.465679e-05,0.0054992703,1,-0.10014812,6.052537,-5.036704,0.114932224,0.114027195,0.084449045,0.9842444,-0.13674232,-0.110565335,-0.018433828,0,7,1785207433256933,1785207433256933,0.24567811,0.021081882,-0.09182388,1,0.021358604,0.016918322,0.0056943777
1785207433272604888,-0.20763502,-0.6909358,-0.06263099,2.5282174e-05,9.43822e-05,0.0054744044,1,-0.0992706,6.0518365,-5.0399904,0.115389004,0.11445767,0.08469519,0.9838309,-0.13753493,-0.11322844,-0.018449297,0,7,1785207433264933,1785207433264933,0.26280364,-0.0019070032,-0.09587763,1,0.021560723,0.017010847,0.0057052495
1785207433284640930,-0.062226284,-0.61317146,-0.055441678,4.4167144e-05,0.0001374001,0.0054126116,1,-0.097064674,6.050008,-5.0462713,0.116313756,0.11532714,0.08518985,0.9831559,-0.13825426,-0.11812158,-0.018374326,0,7,1785207433280933,1785207433280933,0.29130068,-0.039777923,-0.07779915,1,0.022017086,0.017201085,0.0057271607
1785207433292686629,0.017402593,-0.54712516,-0.052244462,5.6750243e-05,0.00015909711,0.0053783846,1,-0.09576966,6.0489187,-5.0491395,0.116781875,0.11576619,0.08543836,0.98290795,-0.13818616,-0.12025692,-0.01830047,0,7,1785207433288933,1785207433288933,0.3028722,-0.054860096,-0.058074627,1,0.022274366,0.01730132,0.005738223
1785207433304603486,0.11806987,-0.48241046,-0.047448914,7.103294e-05,0.00018039579,0.005342857,1,-0.09436394,6.0477405,-5.0517755,0.11725396,0.11620812,0.08509776,0.98274016,-0.13774772,-0.12213304,-0.018194856,0,7,1785207433296933,1785207433296933,0.31326237,-0.06770011,-0.032670267,1,0.022551728,0.017406141,0.0057297964
1785207433312597949,0.2174063,-0.41955966,-0.048248626,8.681108e-05,0.00020129971,0.00530623,1,-0.092855565,6.046486,-5.0541267,0.1177301,0.11665301,0.08534615,0.9826547,-0.13691217,-0.12376755,-0.018065996,0,7,1785207433304933,1785207433304933,0.32293263,-0.079337865,-0.0032992268,1,0.022850864,0.017513245,0.0057409992
1785207433324619153,0.40728948,-0.30104905,-0.044786714,0.000120047946,0.00023905344,0.0052345493,1,-0.08955833,6.043782,-5.0578685,0.118694805,0.11755171,0.08584531,0.98271763,-0.13411313,-0.12635438,-0.017730393,0,7,1785207433320933,1785207433320933,0.34005442,-0.09919217,0.065846115,1,0.02349935,0.017739473,0.005763593
1785207433332625257,0.4909127,-0.23340483,-0.044254135,0.00013697316,0.00025575107,0.005200983,1,-0.08778322,6.042351,-5.0592074,0.11918376,0.11800559,0.086096086,0.9828618,-0.13219386,-0.12727937,-0.017537545,0,7,1785207433328933,1785207433328933,0.3473827,-0.10780422,0.10487109,1,0.02386105,0.017860927,0.0057750395
1785207433344597900,0.5708074,-0.15990199,-0.039992075,0.00015388982,0.00027128853,0.0051685837,1,-0.08593248,6.0408716,-5.060169,0.119677216,0.11846254,0.08634766,0.9830782,-0.12996686,-0.12792955,-0.01732617,0,7,1785207433336933,1785207433336933,0.35408428,-0.11588856,0.14557962,1,0.024238167,0.017985776,0.005786545
1785207433352698543,0.6568276,-0.084001064,-0.04025858,0.00017017848,0.00028510962,0.0051385285,1,-0.08401112,6.039351,-5.0607414,0.12017529,0.118922584,0.08660004,0.9833715,-0.12740186,-0.12828466,-0.017099498,0,7,1785207433344933,1785207433344933,0.36040792,-0.12315648,0.18795879,1,0.024633449,0.018117063,0.0057981303
1785207433364625619,0.8259383,0.06247287,-0.039194368,0.00020048858,0.00030679625,0.00508664,1,-0.07996918,6.036209,-5.0608015,0.121185705,0.11985211,0.08649942,0.9841755,-0.12127213,-0.12812437,-0.016611863,0,7,1785207433360933,1785207433360933,0.37205055,-0.13532522,0.27711535,1,0.025499249,0.018404758,0.0058014393
1785207433372614201,0.90157217,0.13517712,-0.040258717,0.00021497667,0.00031605753,0.005062948,1,-0.07785546,6.034597,-5.0602045,0.12169834,0.12032172,0.086752445,0.98467296,-0.117734216,-0.12763329,-0.016359763,0,7,1785207433368933,1785207433368933,0.37735513,-0.14071935,0.32345614,1,0.025993222,0.018566474,0.0058134245
1785207433384617581,0.97747236,0.20681508,-0.0394598,0.00022913635,0.00032453047,0.0050403695,1,-0.07568413,6.03296,-5.0591826,0.12221621,0.12079465,0.08700627,0.98522794,-0.1138942,-0.12686536,-0.016103571,0,7,1785207433376933,1785207433376933,0.3823025,-0.14606345,0.37011257,1,0.026506117,0.018738387,0.005825512
1785207433392573871,1.0469809,0.28857455,-0.034664154,0.00024308923,0.00033205762,0.0050178105,1,-0.07345915,6.0312996,-5.0577374,0.122738995,0.12127093,0.0872609,0.9858376,-0.10977732,-0.12578896,-0.015823565,0,7,1785207433384933,1785207433384933,0.3870072,-0.15107071,0.41631642,1,0.027023299,0.018915595,0.0058376626
1785207433404613150,1.1971831,0.47419718,-0.034662265,0.00027124837,0.00034564215,0.0049761767,1,-0.06884785,6.0279145,-5.0536094,0.12380163,0.122233644,0.08777259,0.9872204,-0.10066854,-0.12259327,-0.015256577,0,7,1785207433400933,1785207433400933,0.3969258,-0.16040637,0.5052279,1,0.027987175,0.019258514,0.0058618006
1785207433412663938,1.2709532,0.57512987,-0.029867122,0.0002849869,0.0003513833,0.004956752,1,-0.066457815,6.02619,-5.050958,0.12434099,0.12272002,0.08802965,0.9879911,-0.09565643,-0.120414324,-0.014962434,0,7,1785207433408933,1785207433408933,0.40261513,-0.16542809,0.54589516,1,0.028423317,0.019421464,0.0058737467
1785207433424606304,1.3447223,0.6702058,-0.027738387,0.000298308,0.00035574374,0.004939125,1,-0.06400544,6.0244403,-5.047963,0.124885626,0.12320966,0.087661415,0.9888035,-0.09035102,-0.1178543,-0.014654558,0,7,1785207433416933,1785207433416933,0.4089874,-0.17065392,0.58311754,1,0.028816791,0.01957648,0.005864638
1785207433432667292,1.4091709,0.76421523,-0.026405593,0.0003112462,0.0003585408,0.0049234466,1,-0.06148666,6.0226626,-5.044637,0.12543546,0.12370261,0.087918274,0.98964655,-0.084773816,-0.11492399,-0.014342954,0,7,1785207433424933,1785207433424933,0.41574,-0.17621559,0.6172538,1,0.029170595,0.019721871,0.005876336
1785207433444622822,1.551384,0.96981114,-0.022407766,0.00033507662,0.00035971182,0.0048985574,1,-0.056238294,6.0190177,-5.0371175,0.12655029,0.12469817,0.08843443,0.99139756,-0.072808,-0.10789921,-0.01369809,0,7,1785207433440933,1785207433440933,0.43063343,-0.18718283,0.67217755,1,0.029776322,0.0199793,0.0058993963
1785207433452676416,1.6155664,1.0923162,-0.018940784,0.0003453402,0.0003575846,0.004890477,1,-0.053502385,6.0171504,-5.033005,0.12711513,0.1252007,0.08869372,0.9923003,-0.06639244,-0.10369957,-0.013363421,0,7,1785207433448933,1785207433448933,0.43863085,-0.19276525,0.6923493,1,0.030026555,0.020096278,0.0059107733
1785207433464599305,1.6632366,1.1969787,-0.014150745,0.00035438876,0.00035330837,0.0048845983,1,-0.05068868,6.0152483,-5.0287185,0.12768415,0.12570636,0.08895383,0.9932001,-0.05976448,-0.099057674,-0.0130153615,0,7,1785207433456933,1785207433456933,0.44777068,-0.19907208,0.70521325,1,0.030256514,0.020208614,0.005922111
1785207433472635005,1.6933306,1.2843299,-0.011487123,0.00036239973,0.0003471712,0.0048827813,1,-0.047785666,6.013309,-5.0243163,0.12825865,0.12621516,0.08921476,0.9940744,-0.05299817,-0.09405791,-0.0126669295,0,7,1785207433464933,1785207433464933,0.4577985,-0.20520496,0.7114573,1,0.030474108,0.020317446,0.0059334175
1785207433484586497,1.7431327,1.4784735,-0.0056239553,0.00037475786,0.000329685,0.004888021,1,-0.04167915,6.00932,-5.015435,0.12942196,0.1272421,0.08909414,0.995716,-0.03914678,-0.08291043,-0.011966088,0,7,1785207433480933,1785207433480933,0.48109812,-0.21713871,0.6945183,1,0.030860387,0.020518946,0.005934338
1785207433492627618,1.7601758,1.5634298,0.00023117792,0.00037879212,0.00031877583,0.004894954,1,-0.038465466,6.0072756,-5.0111,0.13001074,0.12776026,0.08935563,0.99646443,-0.032083705,-0.076778084,-0.011593876,0,7,1785207433488933,1785207433488933,0.49288395,-0.22199422,0.6762633,1,0.03104096,0.020614112,0.00594556
1785207433504608095,1.7436643,1.6273456,0.0031651214,0.0003812101,0.00030643184,0.00490494,1,-0.035145927,6.005207,-5.0068974,0.13060427,0.12828153,0.089617945,0.9971435,-0.025045553,-0.070368245,-0.011220871,0,7,1785207433496933,1785207433496933,0.5045433,-0.22608341,0.651939,1,0.031209156,0.020707125,0.005956766
1785207433512630601,1.721294,1.6822064,0.008754593,0.00038197875,0.00029279228,0.00491787,1,-0.031722046,6.00312,-5.002888,0.13120252,0.12880592,0.08988108,0.9977442,-0.018100493,-0.06372905,-0.01083804,0,7,1785207433504933,1785207433504933,0.5160349,-0.22906338,0.61951184,1,0.031364232,0.020798208,0.005967955
1785207433524620586,1.6803001,1.7650335,0.015137192,0.00033984618,0.0002232144,0.0044272547,1,-0.02686503,5.999936,-4.998191,0.10750426,0.10705104,0.08126446,0.99869376,-0.0044300063,-0.04989674,-0.010075153,0,7,1785207433520933,1785207433520933,0.5351435,-0.22985354,0.5354934,1,0.022618605,0.016268209,0.005560026
1785207433532602835,1.6233066,1.7937974,0.020738365,0.0003364452,0.0002087612,0.0044451635,1,-0.025408404,5.998841,-4.9975333,0.107908696,0.10743744,0.08149981,0.9990362,0.0021490697,-0.042731855,-0.0098107215,0,7,1785207433528933,1785207433528933,0.54222625,-0.22811058,0.485973,1,0.02272286,0.016335772,0.005570941
1785207433544612878,1.5833576,1.8100442,0.019662743,0.00033153765,0.00019384168,0.004465045,1,-0.023837302,5.9977517,-4.9971876,0.108316325,0.10782616,0.08173592,0.9992878,0.008538512,-0.03549443,-0.00955433,0,7,1785207433536933,1785207433536933,0.5481877,-0.22407217,0.43361777,1,0.02282381,0.01640312,0.0055818646
1785207433552631136,1.5348889,1.8225601,0.019665768,0.00032504124,0.00017853902,0.0044869026,1,-0.022164643,5.996686,-4.9971743,0.108727165,0.10821721,0.0819728,0.99945027,0.014750113,-0.028198132,-0.00930698,0,7,1785207433544933,1785207433544933,0.5523063,-0.21817549,0.3796179,1,0.022922855,0.016472058,0.00559281
1785207433564604930,1.4275631,1.8523878,0.031919528,0.00030680723,0.00014716876,0.004536621,1,-0.01857936,5.994686,-4.99819,0.10955855,0.10900639,0.08244886,0.99951845,0.026563773,-0.0134453755,-0.008746233,0,7,1785207433560933,1785207433560933,0.555094,-0.20141166,0.26944602,1,0.023125356,0.01661964,0.0056148106
1785207433572605554,1.3737657,1.8473288,0.027388452,0.00029519387,0.00013145775,0.0045640026,1,-0.016699592,5.9937754,-4.999232,0.10997916,0.10940456,0.082688056,0.99942935,0.032137025,-0.00603241,-0.008475198,0,7,1785207433568933,1785207433568933,0.5538206,-0.19075477,0.21387947,1,0.023234602,0.016701316,0.0056258943
1785207433584589859,1.3146461,1.845729,0.02845153,0.00028212008,0.000116022486,0.0045925695,1,-0.014783559,5.99294,-5.0006304,0.1104031,0.10980516,0.082928024,0.9992634,0.037461866,0.0013701094,-0.008211447,0,7,1785207433576933,1785207433576933,0.5502892,-0.17869444,0.15936224,1,0.023349717,0.0167871,0.0056370283
1785207433592633785,1.2462025,1.8427999,0.03085809,0.00026768795,0.00010108086,0.004622001,1,-0.012849439,5.9921904,-5.0023766,0.110830404,0.110208206,0.08261292,0.9990249,0.042539105,0.008754586,-0.007937995,0,7,1785207433584933,1785207433584933,0.5450143,-0.16586165,0.10662654,1,0.023466744,0.016878054,0.005629943
1785207433604643628,1.0765579,1.7807494,0.026058877,0.00023450622,7.309117e-05,0.004682885,1,-0.008978669,5.990966,-5.006864,0.11169521,0.111021854,0.08309351,0.9983653,0.051673964,0.023271102,-0.007410957,0,7,1785207433600933,1785207433600933,0.53058624,-0.13816828,0.006364696,1,0.023707926,0.017076947,0.005652373
1785207433612669700,0.98734325,1.739736,0.024990184,0.00021607593,6.064535e-05,0.004713823,1,-0.0070671015,5.9905057,-5.00958,0.112132855,0.11143252,0.083334975,0.99796224,0.05570595,0.030280866,-0.0071656043,0,7,1785207433608933,1785207433608933,0.52074057,-0.12295704,-0.040470697,1,0.023843851,0.017189927,0.005663696
1785207433624598359,0.89519817,1.7000546,0.026328564,0.00019708958,4.9612077e-05,0.0047439043,1,-0.005190362,5.990155,-5.0125856,0.112574056,0.11184583,0.08357722,0.99752015,0.05939062,0.037129555,-0.0069160834,0,7,1785207433616933,1785207433616933,0.5097691,-0.107608385,-0.08421228,1,0.023981206,0.017312532,0.005675058
1785207433632630002,0.7798818,1.6225575,0.024191765,0.00017768072,4.0152336e-05,0.004772837,1,-0.0033566775,5.989913,-5.0158606,0.11301887,0.11226183,0.08382025,0.997058,0.062612176,0.04371294,-0.0066691474,0,7,1785207433624933,1785207433624933,0.49813482,-0.09228587,-0.12556092,1,0.024124883,0.017448932,0.005686482
1785207433644602394,0.58414036,1.4284126,0.017263995,0.00013857578,2.6325568e-05,0.004825895,1,0.0001562757,5.9897604,-5.0231256,0.11391961,0.11310219,0.08373754,0.9961206,0.06784629,0.05569315,-0.006254102,0,7,1785207433640933,1785207433640933,0.47288322,-0.061644595,-0.19176646,1,0.02440102,0.017749568,0.00569051
1785207433652663873,0.4954565,1.3413277,0.015133045,0.00011973932,2.2202912e-05,0.00484892,1,0.0018238013,5.9898424,-5.027006,0.114375606,0.113526694,0.08398128,0.995659,0.06990802,0.06115124,-0.0060662827,0,7,1785207433648933,1785207433648933,0.45954815,-0.047429666,-0.21414262,1,0.024528574,0.017907541,0.005701908
1785207433664626807,0.3780114,1.2321378,0.012740379,0.00010189558,1.9984562e-05,0.004869047,1,0.0034293733,5.9900193,-5.030973,0.1148354,0.11395415,0.08422582,0.9952224,0.07152558,0.066195965,-0.005892777,0,7,1785207433656947,1785207433656947,0.44665048,-0.03452964,-0.22861092,1,0.024645789,0.018072143,0.00571327
1785207433672596092,0.2871983,1.1152248,0.012199815,8.5299864e-05,1.9605197e-05,0.0048857136,1,0.004977126,5.9902844,-5.034953,0.11529898,0.114384614,0.084471144,0.99482036,0.07273889,0.07077208,-0.005733982,0,7,1785207433664947,1785207433664947,0.43451092,-0.022171373,-0.2333217,1,0.024747292,0.01823984,0.005724563
1785207433684622135,0.13379994,0.90084046,0.0036770704,5.680413e-05,2.4086823e-05,0.0049098628,1,0.007919501,5.9910407,-5.042664,0.11623765,0.115254864,0.0849642,0.99412423,0.07422858,0.078593895,-0.0055060517,0,7,1785207433680947,1785207433680947,0.4125845,-0.0023771848,-0.2149094,1,0.02489741,0.018574437,0.0057468712
1785207433692675689,0.0602963,0.8100269,0.0028786086,4.5289155e-05,2.8682527e-05,0.0049168495,1,0.009325804,5.991507,-5.0462494,0.1167127,0.11569475,0.085211925,0.99383295,0.0745296,0.08192762,-0.005406254,0,7,1785207433688947,1785207433688947,0.4025235,0.0054942053,-0.19308102,1,0.024938734,0.018737895,0.005757848
1785207433704599109,-0.017467897,0.71708244,-5.0722905e-05,3.574408e-05,3.467566e-05,0.0049204705,1,0.010693381,5.9920197,-5.04958,0.1171915,0.116137855,0.085460454,0.9935853,0.07452213,0.0848917,-0.0053193695,0,7,1785207433696947,1785207433696947,0.3930575,0.012402854,-0.16534984,1,0.02495723,0.01889278,0.00576868
1785207433712629749,-0.088041715,0.6291981,-0.00058453676,2.82359e-05,4.192964e-05,0.0049207937,1,0.01202968,5.9925714,-5.0526223,0.11767401,0.1165842,0.08511957,0.9933823,0.07422533,0.08749298,-0.005234238,0,7,1785207433704947,1785207433704947,0.38478938,0.018259993,-0.13175546,1,0.024951966,0.01903908,0.0057597863
1785207433724616739,-0.2041554,0.472338,-0.0011183216,1.9479481e-05,5.9448714e-05,0.0049121752,1,0.014632801,5.9937596,-5.057633,0.118649915,0.11748674,0.085617185,0.99309784,0.07291982,0.09172716,-0.0050754566,0,7,1785207433720947,1785207433720947,0.370133,0.027565757,-0.048721693,1,0.02489437,0.01929917,0.005780749
1785207433732637531,-0.25741875,0.4020309,-0.0051142923,1.8307519e-05,6.937979e-05,0.004902788,1,0.015909994,5.9943867,-5.059528,0.119143106,0.117942944,0.0858672,0.9930135,0.07193434,0.09340584,-0.0050041955,0,7,1785207433728947,1785207433728947,0.36359257,0.031554323,-0.0013309604,1,0.024837993,0.01940985,0.0057910103
1785207433744626645,-0.30721962,0.3383815,-0.0056471755,1.925848e-05,7.988477e-05,0.004891404,1,0.017174508,5.995032,-5.0609813,0.11963986,0.11840246,0.08611801,0.9929645,0.07075511,0.09482066,-0.0049344744,0,7,1785207433736947,1785207433736947,0.35754663,0.03502517,0.048919782,1,0.024773285,0.019509124,0.00580117
1785207433752684677,-0.3628796,0.26913944,-0.007244368,2.2292355e-05,9.057e-05,0.0048777577,1,0.018430993,5.99569,-5.0619745,0.12014002,0.118865274,0.08636963,0.99295306,0.06936036,0.095967315,-0.004869331,0,7,1785207433744947,1785207433744947,0.352273,0.03793245,0.10154615,1,0.024703251,0.019598952,0.0058112494
1785207433764675684,-0.45742193,0.15515573,-0.008044593,3.402762e-05,0.000111778456,0.0048449575,1,0.020937663,5.9970303,-5.0625134,0.121150404,0.11980077,0.08626897,0.9930302,0.06598386,0.097544976,-0.004698521,0,7,1785207433760947,1785207433760947,0.3429985,0.04228197,0.21278763,1,0.02453028,0.01974825,0.005810893
1785207433772652433,-0.5088209,0.10482229,-0.006180914,4.2443193e-05,0.00012190233,0.0048264926,1,0.022191087,5.9977074,-5.062031,0.121660486,0.12027343,0.08652123,0.993114,0.06401097,0.09801028,-0.004607755,0,7,1785207433768947,1785207433768947,0.33852857,0.04420085,0.27067,1,0.024438394,0.01980722,0.005820686
1785207433784600169,-0.54823565,0.05821678,-0.009643344,5.2207128e-05,0.00013118546,0.004807518,1,0.023444429,5.9983883,-5.061041,0.12217376,0.12074935,0.0867743,0.9932227,0.061867252,0.09828826,-0.0045204754,0,7,1785207433776947,1785207433776947,0.33407852,0.046171855,0.3286574,1,0.02434747,0.019860875,0.005830442
1785207433792591185,-0.5855199,0.017204095,-0.011241936,6.285851e-05,0.00013963415,0.004788492,1,0.024697846,5.9990735,-5.059543,0.12269019,0.1212285,0.08702817,0.9933528,0.05957644,0.09839451,-0.0044321558,0,7,1785207433784947,1785207433784947,0.3297152,0.04805061,0.38666314,1,0.024252918,0.019907609,0.0058401423
1785207433804625003,-0.6667462,-0.07387583,-0.011508022,8.59237e-05,0.00015367896,0.004750446,1,0.027200544,6.0004554,-5.0550447,0.123732045,0.1221964,0.087538324,0.9936745,0.054532103,0.0980779,-0.0042319424,0,7,1785207433800947,1785207433800947,0.32041323,0.051678285,0.50025815,1,0.024083387,0.019977229,0.00585954
1785207433812612812,-0.70509577,-0.116752304,-0.0099103,9.7787706e-05,0.00015897198,0.0047333636,1,0.028445907,6.0011525,-5.0520663,0.124257706,0.12268507,0.08779462,0.9938646,0.051773217,0.09765142,-0.004115017,0,7,1785207433808947,1785207433808947,0.3153894,0.053609703,0.55420125,1,0.024014859,0.020006591,0.005869295
1785207433824604571,-0.7469073,-0.16122752,-0.011508466,0.00010935858,0.00016303011,0.0047178073,1,0.029681507,6.0018554,-5.0486226,0.124786414,0.12317683,0.08742893,0.99407244,0.04885141,0.097045325,-0.003990276,0,7,1785207433816947,1785207433816947,0.30961892,0.055637717,0.6043655,1,0.023949584,0.020033944,0.0058582667
1785207433832644279,-0.79191476,-0.19904415,-0.0101773525,0.00012044117,0.00016609754,0.004703733,1,0.030901859,6.002565,-5.044753,0.12531814,0.123671636,0.08768502,0.99429446,0.04575232,0.09628375,-0.0038487797,0,7,1785207433824947,1785207433824947,0.30329713,0.05780041,0.65126085,1,0.023899835,0.020059414,0.0058681215
1785207433844596793,-0.86967915,-0.28186807,-0.007247188,0.00014079225,0.00016925168,0.0046803798,1,0.033270918,6.00401,-5.0358644,0.12639073,0.12467026,0.08819964,0.9947741,0.03906651,0.09426551,-0.0035232578,0,7,1785207433840947,1785207433840947,0.28800854,0.06280523,0.73121256,1,0.023834474,0.020105291,0.0058880416
1785207433852687267,-0.9077621,-0.32740897,-0.008844867,0.00014991521,0.00016930909,0.004671276,1,0.03440336,6.0047526,-5.0309343,0.12693161,0.12517399,0.088458166,0.9950279,0.035503395,0.09299429,-0.0033392033,0,7,1785207433848947,1785207433848947,0.27885157,0.06595284,0.7619494,1,0.023814853,0.020126468,0.005898081
1785207433864623271,-0.9421169,-0.37374794,-0.011773417,0.00015818836,0.00016839476,0.0046639917,1,0.035487887,6.005513,-5.025759,0.12747556,0.12568063,0.08871751,0.99528843,0.031797796,0.09154197,-0.003156286,0,7,1785207433856947,1785207433856947,0.2683362,0.06947446,0.7841746,1,0.02380368,0.020150106,0.005908191
1785207433872636228,-0.9684823,-0.4070369,-0.009379001,0.0001656286,0.00016666192,0.0046583586,1,0.03651439,6.0062923,-5.020397,0.12802261,0.12619016,0.08897768,0.9955502,0.027977245,0.08993593,-0.0029581646,0,7,1785207433864947,1785207433864947,0.25677028,0.072701134,0.80064946,1,0.023799118,0.020173226,0.00591835
1785207433884590806,-0.9996414,-0.4613658,-0.014971277,0.00017790665,0.00016099858,0.0046507767,1,0.038354617,6.0079,-5.0093126,0.12912561,0.1272178,0.088858955,0.99605566,0.020114707,0.08638327,-0.0025646982,0,7,1785207433880947,1785207433880947,0.22951867,0.07904243,0.8072805,1,0.023801407,0.020220242,0.005917332
1785207433892597772,-1.0078979,-0.4866646,-0.009644155,0.00018283882,0.00015724142,0.004649677,1,0.03914125,6.0087314,-5.0037622,0.12968199,0.1277359,0.0891197,0.9962941,0.016124558,0.08445532,-0.0023548654,0,7,1785207433888947,1785207433888947,0.21366005,0.082051605,0.7972818,1,0.023808006,0.020244608,0.0059275907
1785207433904576546,-1.0182834,-0.5066394,-0.0075153783,0.00018690193,0.00015284668,0.0046500843,1,0.039825633,6.009575,-4.9982915,0.1302415,0.12825683,0.08938127,0.99652094,0.01209054,0.08243397,-0.002124626,0,7,1785207433896947,1785207433896947,0.19681647,0.08427173,0.7795168,1,0.023819225,0.020271212,0.005937896
1785207433912574025,-1.0124248,-0.51649296,-0.006716054,0.00019013345,0.00014789308,0.0046518818,1,0.040398553,6.0104284,-4.992975,0.13080417,0.12878062,0.08964367,0.9967311,0.00806306,0.0803656,-0.001890739,0,7,1785207433904947,1785207433904947,0.1789833,0.08637838,0.7515403,1,0.023835212,0.020299109,0.005948243
1785207433924582014,-0.9730233,-0.5210196,-0.0029881347,0.0001847434,0.00013423647,0.0044362023,1,0.041795813,6.010662,-4.985604,0.10775534,0.10702334,0.08160801,0.9970928,0.00022179862,0.076183535,-0.0014169259,0,7,1785207433920947,1785207433920947,0.14043666,0.08736802,0.6679949,1,0.018130746,0.015917383,0.005558981
1785207433932599059,-0.9583754,-0.5231511,-0.0056517143,0.00018574765,0.00012817902,0.0044413265,1,0.04259174,6.010058,-4.983607,0.10815887,0.10741085,0.08130597,0.9972453,-0.0036033927,0.07407764,-0.0011803078,0,7,1785207433928947,1785207433928947,0.120606765,0.08597734,0.61624056,1,0.018147424,0.015941173,0.005551633
1785207433944576240,-0.929081,-0.514362,-0.005652875,0.00018616568,0.00012187713,0.0044472804,1,0.043239992,6.0094676,-4.9819455,0.10856481,0.107800566,0.0815415,0.9973779,-0.0073236898,0.071992114,-0.0009531638,0,7,1785207433936947,1785207433936947,0.10081005,0.08348209,0.5616662,1,0.018164918,0.015965443,0.005561883
1785207433952652266,-0.8992539,-0.50104576,-0.0032551282,0.00018596908,0.00011534296,0.004453255,1,0.043741524,6.0088806,-4.9806414,0.108973034,0.10819248,0.0817778,0.9974896,-0.010927596,0.069962285,-0.0007247725,0,7,1785207433944947,1785207433944947,0.08130662,0.07992426,0.5050504,1,0.018183446,0.015989281,0.005572139
1785207433964610271,-0.85158277,-0.50078034,-0.00458685,0.00018373341,0.00010175047,0.004469228,1,0.04431615,6.0076814,-4.979157,0.10979699,0.108982965,0.0822527,0.99766695,-0.01781574,0.06590392,-0.00028359232,0,7,1785207433960947,1785207433960947,0.043544892,0.06979182,0.38946542,1,0.018220283,0.016038476,0.0055926507
1785207433972686017,-0.81589675,-0.48906186,-0.0053852294,0.00018170878,9.4773786e-05,0.0044783005,1,0.044397242,6.0070524,-4.9789915,0.11021262,0.10938156,0.082491316,0.99773216,-0.021094574,0.06391913,-7.807829e-05,0,7,1785207433968947,1785207433968947,0.025573332,0.063219965,0.33051527,1,0.018239325,0.016063029,0.005602892
1785207433984633953,-0.76929164,-0.4946542,-0.0024520168,0.00017916599,8.7704524e-05,0.004487984,1,0.044348113,6.006392,-4.979222,0.110630676,0.1097824,0.0827307,0.99778694,-0.024194898,0.061935015,0.00012774553,0,7,1785207433976947,1785207433976947,0.008506621,0.055888887,0.27117544,1,0.018258404,0.016087858,0.0056131226
1785207433992605492,-0.73680055,-0.50051385,-0.0027212321,0.00017608494,8.061334e-05,0.0044982275,1,0.04417547,6.0056944,-4.9798503,0.111051194,0.1101855,0.082970865,0.997834,-0.02714524,0.0599181,0.00033126667,0,7,1785207433984947,1785207433984947,-0.007941422,0.047750454,0.2120528,1,0.01827861,0.016112616,0.00562334
1785207434004581651,-0.6161595,-0.51409584,-0.0019175605,0.0001683217,6.676951e-05,0.0045199795,1,0.043473028,6.004164,-4.9822774,0.11189962,0.110998556,0.08289548,0.99791366,-0.032422446,0.05582831,0.00071127585,0,7,1785207434000947,1785207434000947,-0.039233692,0.030022817,0.09608634,1,0.018312808,0.016163934,0.00562537
1785207434012582736,-0.5402599,-0.53113943,0.0031433022,0.0001636311,6.0128623e-05,0.0045313835,1,0.04295658,6.0033226,-4.984077,0.112327546,0.11140857,0.08313636,0.9979556,-0.03463217,0.05370785,0.0008972149,0,7,1785207434008947,1785207434008947,-0.053440623,0.020440938,0.039142124,1,0.018329673,0.016191375,0.0056354715
1785207434024559285,-0.471816,-0.54711926,0.0020779995,0.00015849897,5.3792635e-05,0.0045423317,1,0.04233757,6.002424,-4.9862595,0.112757884,0.11182094,0.08337802,0.99800164,-0.03657196,0.051518515,0.001075771,0,7,1785207434016947,1785207434016947,-0.06721302,0.01052163,-0.016784208,1,0.018350275,0.016219925,0.005645565
1785207434032594013,-0.37647468,-0.5473857,-0.0032473702,0.00015311396,4.7879003e-05,0.0045537003,1,0.041619774,6.001468,-4.988821,0.11319083,0.11223571,0.08362045,0.99805367,-0.038155872,0.049312234,0.0012178023,0,7,1785207434024947,1785207434024947,-0.08037115,0.00081660063,-0.07211704,1,0.018374799,0.016251134,0.005655652
1785207434044588817,-0.17780338,-0.56709266,0.0012802175,0.00014170677,3.755432e-05,0.004575575,1,0.03991529,5.9993806,-4.995042,0.11406441,0.11307253,0.08410767,0.99818754,-0.040122777,0.04483013,0.0014662165,0,7,1785207434040947,1785207434040947,-0.10362358,-0.019067978,-0.17506258,1,0.018431162,0.016321948,0.005675729
1785207434052655816,-0.08619067,-0.5660274,0.0026118981,0.00013576772,3.3205055e-05,0.0045859325,1,0.03894512,5.99825,-4.9986477,0.11450511,0.11349466,0.083780706,0.99826986,-0.04054666,0.042553935,0.0015776883,0,7,1785207434048947,1785207434048947,-0.11380986,-0.02812775,-0.2172816,1,0.018469589,0.016363686,0.0056669135
1785207434064569377,0.020069515,-0.563098,0.0031452351,0.0001298379,2.9461864e-05,0.0045956755,1,0.037907675,5.9970717,-5.0024886,0.114948496,0.11391931,0.0840246,0.9983633,-0.040554125,0.04029135,0.0016746833,0,7,1785207434056947,1785207434056947,-0.12257981,-0.035785068,-0.24875061,1,0.018512305,0.016411845,0.005676958
1785207434072562086,0.124732085,-0.56682634,0.001014811,0.00012400582,2.6363334e-05,0.0046046767,1,0.036814716,5.995854,-5.006489,0.1153946,0.114346534,0.08426927,0.99846876,-0.040145405,0.038019773,0.0017515129,0,7,1785207434064947,1785207434064947,-0.12987897,-0.04272774,-0.27165526,1,0.018563747,0.016466424,0.0056870272
1785207434084560637,0.21261546,-0.57454985,0.007137492,0.000118310105,2.3899824e-05,0.004612905,1,0.035675883,5.9946017,-5.0105805,0.11584348,0.11477638,0.08451473,0.9985844,-0.039361175,0.03572819,0.0018302085,0,7,1785207434072947,1785207434072947,-0.13619046,-0.049009107,-0.28516534,1,0.018623246,0.016527697,0.0056971163
1785207434092622035,0.37560147,-0.5801422,0.0034110204,0.00010736631,2.0712132e-05,0.0046267356,1,0.03329151,5.992018,-5.018706,0.11674981,0.115644075,0.08500799,0.99883634,-0.036834195,0.031072395,0.0019619393,0,7,1785207434088947,1785207434088947,-0.14569326,-0.058619734,-0.28034163,1,0.018769938,0.016670596,0.005717468
1785207434104577525,0.4523003,-0.5817402,0.003941308,0.00010230043,1.9941908e-05,0.004632642,1,0.032062415,5.9907045,-5.0225863,0.11720742,0.116082,0.085255794,0.99896884,-0.03508253,0.028748706,0.0020048048,0,7,1785207434096947,1785207434096947,-0.14884475,-0.06162902,-0.26408273,1,0.018855978,0.016751355,0.005727739
1785207434112597726,0.5212764,-0.58999586,0.004473699,9.737733e-05,1.966004e-05,0.0046379147,1,0.030818563,5.9893866,-5.0262556,0.11766807,0.11652267,0.08550438,0.99910283,-0.03305532,0.026396323,0.002045729,0,7,1785207434104947,1785207434104947,-0.15133747,-0.06412139,-0.2407143,1,0.018950159,0.016837528,0.0057380768
1785207434124593461,0.61635166,-0.61156714,0.00234,8.809623e-05,2.0395633e-05,0.004646596,1,0.028303698,5.9867487,-5.0327663,0.1185987,0.11741234,0.0854114,0.99936306,-0.028354581,0.021561522,0.0021191118,0,7,1785207434120947,1785207434120947,-0.15469153,-0.06805334,-0.17508668,1,0.019158617,0.017025199,0.005739342
1785207434132568757,0.66561925,-0.62222064,0.005270987,8.371999e-05,2.1308924e-05,0.0046501276,1,0.027038837,5.9854345,-5.0355096,0.119068794,0.117861405,0.085660644,0.99948454,-0.025731653,0.019080946,0.0021502792,0,7,1785207434128947,1785207434128947,-0.15595418,-0.06934582,-0.13414343,1,0.019272797,0.017126089,0.005749857
1785207434144551649,0.70689857,-0.62728035,0.0050036116,7.941562e-05,2.251553e-05,0.004653295,1,0.02577213,5.9841285,-5.037865,0.119542144,0.11831332,0.08591068,0.9995972,-0.022932585,0.016579797,0.0021812269,0,7,1785207434136947,1785207434136947,-0.1567624,-0.0702852,-0.089611515,1,0.019392943,0.017230691,0.005760428
1785207434152618768,0.7468461,-0.6320738,0.0060690204,7.523109e-05,2.3947141e-05,0.004656117,1,0.02450649,5.9828324,-5.0398054,0.12001881,0.1187681,0.0861615,0.99969923,-0.019972764,0.014058107,0.0022157552,0,7,1785207434144947,1785207434144947,-0.1573093,-0.07079983,-0.04165773,1,0.019516757,0.017338308,0.0057710405
1785207434164589917,0.8083646,-0.64565676,0.0028727907,6.707361e-05,2.7066177e-05,0.004660895,1,0.021985937,5.9802785,-5.0423503,0.120982215,0.119686365,0.08666554,0.9998642,-0.013674269,0.008924124,0.0022485123,0,7,1785207434160947,1785207434160947,-0.15757416,-0.07132296,0.06207348,1,0.019777523,0.017561845,0.005792415
1785207434172598797,0.82647514,-0.6485851,0.0036698328,6.3053776e-05,2.8598752e-05,0.0046634483,1,0.020733304,5.979023,-5.0429335,0.12146908,0.1201499,0.08631183,0.9999236,-0.010373143,0.0063356785,0.0022748087,0,7,1785207434168947,1785207434168947,-0.15759268,-0.07151901,0.11618853,1,0.01991309,0.017676907,0.005782973
1785207434184568824,0.84298605,-0.6565754,0.0026031316,5.9177684e-05,2.9963754e-05,0.0046660267,1,0.019486723,5.977781,-5.04304,0.121959426,0.1206164,0.08656408,0.9999659,-0.0070073064,0.0037268065,0.0022915795,0,7,1785207434176947,1785207434176947,-0.1574416,-0.07171443,0.1714004,1,0.02004882,0.017793972,0.0057937326
1785207434192612288,0.8536389,-0.6677603,0.0034021868,5.5463926e-05,3.105509e-05,0.0046687173,1,0.018246405,5.9765525,-5.0426574,0.122453265,0.12108588,0.08681713,0.9999903,-0.0035931552,0.0010683397,0.0023130286,0,7,1785207434184947,1785207434184947,-0.1572962,-0.071750864,0.22817239,1,0.020187689,0.017911978,0.005804533
1785207434204601792,0.8866621,-0.6797446,0.0039352025,4.8399957e-05,3.226186e-05,0.0046747113,1,0.015787633,5.974145,-5.040389,0.12345158,0.12203387,0.08732562,0.9999821,0.003411109,-0.0043067113,0.0023636215,0,7,1785207434200947,1785207434200947,-0.15650494,-0.070951834,0.34572035,1,0.020457268,0.018142315,0.005826185
1785207434212613918,0.9042391,-0.68480444,0.003669703,4.5162706e-05,3.2306634e-05,0.0046779737,1,0.014569906,5.972968,-5.0384846,0.12395604,0.12251239,0.08758107,0.9999478,0.007020862,-0.007035444,0.0023886526,0,7,1785207434208947,1785207434208947,-0.15627044,-0.07042916,0.4057342,1,0.020577203,0.018249994,0.0058369907
1785207434224631685,0.9114296,-0.6898644,0.0026028287,4.210017e-05,3.1954365e-05,0.0046814596,1,0.013358703,5.97181,-5.036067,0.12446395,0.122993894,0.08783733,0.99989235,0.010670156,-0.009781702,0.0024102146,0,7,1785207434216947,1785207434216947,-0.15591475,-0.06986939,0.4647675,1,0.02069038,0.0183523,0.005847798
1785207434232599046,0.9186197,-0.69385993,0.0028700402,3.9197686e-05,3.1259027e-05,0.004684744,1,0.012155852,5.97067,-5.0331507,0.12497525,0.12347834,0.088094406,0.9998154,0.014345629,-0.012549199,0.002428195,0,7,1785207434224947,1785207434224947,-0.15517782,-0.069104575,0.521599,1,0.020796448,0.0184488,0.005858603
1785207434244621472,0.9178212,-0.6911964,0.0023368064,3.3902783e-05,2.9128969e-05,0.00469231,1,0.009784881,5.9684515,-5.025878,0.12600802,0.124456085,0.08798211,0.999598,0.021710113,-0.018066134,0.0024773816,0,7,1785207434240947,1785207434240947,-0.15293877,-0.0672978,0.6250066,1,0.020978482,0.01862162,0.0058592195
1785207434252666239,0.91329384,-0.6978544,0.0039322884,3.15592e-05,2.7776521e-05,0.0046960777,1,0.008621751,5.9673734,-5.0216093,0.12652932,0.1249493,0.08823978,0.99945754,0.025377752,-0.02083999,0.0025022153,0,7,1785207434248947,1785207434248947,-0.1512327,-0.06599905,0.66932815,1,0.021052882,0.018698452,0.005869954
1785207434264631257,0.8981136,-0.69572407,0.004200165,2.939004e-05,2.6347323e-05,0.004699749,1,0.007477748,5.966322,-5.0169845,0.12705381,0.12544538,0.088498265,0.99929756,0.028987156,-0.023617567,0.0025252544,0,7,1785207434256947,1785207434256947,-0.14904805,-0.0637744,0.7062417,1,0.02112129,0.018770514,0.005880683
1785207434272577628,0.8954506,-0.6965227,0.0039339857,2.7388085e-05,2.4926845e-05,0.0047032447,1,0.0063565955,5.965303,-5.012056,0.12758145,0.12594429,0.08875756,0.99911743,0.032577086,-0.02639238,0.0025489926,0,7,1785207434264947,1785207434264947,-0.14643317,-0.060848553,0.7378398,1,0.021184998,0.018838312,0.0058914125
1785207434284639549,0.86455756,-0.68027794,0.0036683863,2.3957946e-05,2.2434742e-05,0.004709314,1,0.0041980874,5.963383,-5.001493,0.12864608,0.12695056,0.0892786,0.9987036,0.03960637,-0.031873967,0.0025892637,0,7,1785207434280947,1785207434280947,-0.1393746,-0.052925028,0.778121,1,0.021297714,0.018962532,0.0059128613
1785207434292666823,0.83339924,-0.65684134,0.0028683895,2.2559012e-05,2.1462236e-05,0.0047117565,1,0.00317078,5.9624963,-4.9959917,0.12918301,0.12745789,0.088896394,0.99847645,0.04297678,-0.034510784,0.0026094618,0,7,1785207434288947,1785207434288947,-0.13497145,-0.047236297,0.78380984,1,0.021347852,0.019020515,0.0059020105
1785207434304632281,0.792386,-0.6392654,0.0060624983,2.1384409e-05,2.074884e-05,0.004713355,1,0.0021878495,5.9616714,-4.990464,0.12972295,0.12796795,0.08915708,0.9982412,0.04618844,-0.037072543,0.0026337476,0,7,1785207434296947,1785207434296947,-0.12901284,-0.040315114,0.7783757,1,0.02139394,0.019076083,0.005912712
1785207434312570357,0.7572327,-0.6147637,0.006064804,2.0439045e-05,2.03535e-05,0.0047147716,1,0.0012592282,5.960918,-4.984985,0.13026595,0.12848082,0.08941859,0.99799967,0.049250476,-0.039547507,0.002661768,0,7,1785207434304947,1785207434304947,-0.12223483,-0.032102004,0.7654632,1,0.021437978,0.019129705,0.0059234174
1785207434324622098,0.66561896,-0.5460518,0.0068607065,1.8106977e-05,1.9659954e-05,0.0046156123,1,-0.00064282183,5.9593463,-4.9767056,0.10772778,0.10701216,0.08142398,0.99751455,0.054881755,-0.044106092,0.0027088998,0,7,1785207434320947,1785207434320947,-0.10543183,-0.011163637,0.70883,1,0.016678622,0.015204649,0.0055384715
1785207434332645074,0.60809493,-0.5154251,0.0052626133,1.7969975e-05,2.0544685e-05,0.004614941,1,-0.0015917525,5.9585605,-4.97402,0.10812531,0.107395746,0.08165956,0.9972806,0.05736689,-0.04618532,0.0027265633,0,7,1785207434328947,1785207434328947,-0.09545819,0.0014153423,0.66672105,1,0.016713249,0.015247412,0.005548996
1785207434344589734,0.5630873,-0.4808041,0.0049982183,1.8088564e-05,2.1865477e-05,0.0046135774,1,-0.002448678,5.957899,-4.9716067,0.10852512,0.10778147,0.08189591,0.9970542,0.05965507,-0.048131615,0.0027405985,0,7,1785207434336947,1785207434336947,-0.08444237,0.015623778,0.62050694,1,0.016746672,0.015289585,0.0055595217
1785207434352658115,0.5202105,-0.43446517,0.0023352967,1.8471157e-05,2.3643226e-05,0.0046114936,1,-0.003207287,5.957371,-4.969493,0.10892721,0.108169325,0.082133025,0.99683744,0.061783373,-0.04990465,0.0027465592,0,7,1785207434344947,1785207434344947,-0.072796136,0.030540172,0.5720256,1,0.016778296,0.015331072,0.005570045
1785207434364660123,0.4104885,-0.36469,0.003665303,2.0060008e-05,2.8691917e-05,0.0046050097,1,-0.0044054156,5.956738,-4.966224,0.10973822,0.10895146,0.082062714,0.9964492,0.06537592,-0.05298411,0.0027704306,0,7,1785207434360947,1785207434360947,-0.047014993,0.062490247,0.4702791,1,0.016838158,0.015412658,0.0055732587
1785207434372619949,0.3763993,-0.3282059,0.007128856,2.1276255e-05,3.1984364e-05,0.004600175,1,-0.004836174,5.9566417,-4.965099,0.11014711,0.10934574,0.082300566,0.9962752,0.06690775,-0.054326713,0.00278204,0,7,1785207434368947,1785207434368947,-0.033686694,0.07958625,0.41822636,1,0.01686851,0.0154539,0.0055837817
1785207434384597100,0.33059356,-0.28772515,0.008725483,2.2784086e-05,3.579449e-05,0.004594935,1,-0.005152511,5.9566984,-4.9643197,0.11055831,0.10974218,0.082539186,0.99611723,0.06827549,-0.05550625,0.0028133758,0,7,1785207434376947,1785207434376947,-0.020025108,0.09685982,0.36602825,1,0.016898902,0.015495877,0.0055943066
1785207434392598235,0.27280277,-0.24777801,0.008458833,2.4568353e-05,4.010775e-05,0.0045889188,1,-0.00535068,5.9569087,-4.9638877,0.11097179,0.11014081,0.08277857,0.9959804,0.069422685,-0.056529325,0.0028372162,0,7,1785207434384947,1785207434384947,-0.005785378,0.11419956,0.31421787,1,0.016929915,0.015539145,0.0056048334
1785207434404624157,0.15722162,-0.16202411,0.004198199,2.8986768e-05,5.017554e-05,0.004574593,1,-0.0053848904,5.9577923,-4.964058,0.11180569,0.11094468,0.08325969,0.9957779,0.07101862,-0.058091525,0.0028612188,0,7,1785207434400947,1785207434400947,0.022672443,0.14963245,0.21214831,1,0.016996242,0.015630843,0.0056258994
1785207434412614602,0.089577265,-0.113022,0.007127286,3.16276e-05,5.5836208e-05,0.0045663724,1,-0.0052232533,5.958466,-4.96465,0.11222613,0.11134999,0.08294112,0.9957184,0.07144444,-0.058586046,0.0028743418,0,7,1785207434408947,1785207434408947,0.036767438,0.16703281,0.16182463,1,0.017028235,0.015680686,0.0056180055
1785207434424585731,0.013144622,-0.06615032,0.006860828,3.454698e-05,6.193143e-05,0.0045574405,1,-0.0049421405,5.9592924,-4.965582,0.112648904,0.11175762,0.083182,0.99569106,0.07157246,-0.058893394,0.0028871016,0,7,1785207434416947,1785207434416947,0.051070828,0.18433397,0.11202423,1,0.017059304,0.015732579,0.005628494
1785207434432633153,-0.057961803,-0.012887089,0.0055293227,3.7723483e-05,6.841106e-05,0.0045478684,1,-0.004541519,5.960269,-4.9668493,0.11307402,0.11216759,0.08342366,0.99569666,0.071406364,-0.05900022,0.0028915233,0,7,1785207434424947,1785207434424947,0.065208256,0.20144938,0.06286112,1,0.017090714,0.015787099,0.0056389743
1785207434444598802,-0.20337033,0.098965555,0.005528834,4.469107e-05,8.21811e-05,0.0045267837,1,-0.0033904184,5.962662,-4.9703774,0.113931246,0.11299472,0.08390932,0.995807,0.070222534,-0.05855764,0.0028968723,0,7,1785207434440947,1785207434440947,0.092742324,0.23444647,-0.033739984,1,0.017152168,0.015907438,0.0056598703
1785207434452682323,-0.27287883,0.15409297,0.00206695,4.8389353e-05,8.9216745e-05,0.0045161345,1,-0.0026429077,5.964072,-4.972639,0.114363424,0.11341202,0.08415332,0.99591166,0.069197975,-0.05799571,0.0028863188,0,7,1785207434448947,1785207434448947,0.10643727,0.2506693,-0.082406044,1,0.017182017,0.015973343,0.005670281
1785207434464585233,-0.33013666,0.20735644,0.0018002593,5.218789e-05,9.62645e-05,0.004505373,1,-0.0017814767,5.965623,-4.975243,0.114797965,0.1138319,0.08382575,0.99604344,0.06793273,-0.057222832,0.0028699602,0,7,1785207434456947,1785207434456947,0.119861625,0.2666083,-0.12938349,1,0.017210333,0.016042238,0.0056617917
1785207434472593922,-0.38952523,0.25715736,0.0012679293,5.5999742e-05,0.0001032765,0.0044946363,1,-0.00081231294,5.967307,-4.978146,0.11523485,0.11425441,0.08406966,0.9961998,0.066436395,-0.056250613,0.002855509,0,7,1785207434464947,1785207434464947,0.1321014,0.2812429,-0.16989934,1,0.01723805,0.016114924,0.0056721396
1785207434484590920,-0.49818215,0.3477049,0.0015343803,6.3469924e-05,0.00011654984,0.004474068,1,0.0014052928,5.971021,-4.9845862,0.11611566,0.11510755,0.08455983,0.99657655,0.06276381,-0.053739503,0.0028226455,0,7,1785207434480947,1785207434480947,0.15256599,0.30499694,-0.22252446,1,0.017291352,0.016273566,0.005692734
1785207434492587546,-0.5461191,0.39244598,-0.0003303383,6.708144e-05,0.0001226888,0.0044644075,1,0.0026344745,5.9730253,-4.9879823,0.116559535,0.11553833,0.08480609,0.99678946,0.060627453,-0.05222346,0.0028006074,0,7,1785207434488947,1785207434488947,0.16124071,0.31499442,-0.23726171,1,0.017316889,0.016356902,0.0057029924
1785207434504555880,-0.5935233,0.43132836,-0.0011282575,7.049011e-05,0.00012856607,0.00445521,1,0.00393391,5.9751143,-4.991423,0.11700569,0.115971975,0.085053146,0.9970147,0.058304112,-0.050543256,0.002773475,0,7,1785207434496947,1785207434496947,0.16901061,0.32365027,-0.24535291,1,0.017344426,0.016442178,0.00571325
1785207434512588624,-0.6443895,0.47047704,0.0025996617,7.36588e-05,0.00013393097,0.004446154,1,0.0052954517,5.9772763,-4.9948525,0.11745406,0.1164085,0.08530099,0.9972506,0.055775717,-0.04871115,0.0027592944,0,7,1785207434504947,1785207434504947,0.17571232,0.33072096,-0.24606273,1,0.017373344,0.016528795,0.0057235043
1785207434524597204,-0.7304092,0.541584,0.0015333965,7.948698e-05,0.00014334537,0.0044310885,1,0.008168553,5.9817743,-5.0014343,0.11835764,0.117290385,0.08520761,0.9977398,0.05017523,-0.044614926,0.0026979856,0,7,1785207434520947,1785207434520947,0.18588479,0.34160978,-0.22563462,1,0.017440783,0.016708931,0.0057244417
1785207434532626783,-0.7700912,0.5799323,-0.00219427,8.201797e-05,0.00014745291,0.0044245403,1,0.009665466,5.984095,-5.0044746,0.11881278,0.11773579,0.08545611,0.9979871,0.047135517,-0.04234205,0.0026698408,0,7,1785207434528947,1785207434528947,0.18990852,0.34567714,-0.20587327,1,0.017479751,0.016801849,0.0057347137
1785207434544575650,-0.81669587,0.6137553,0.0010024299,8.4257445e-05,0.00015095324,0.004418893,1,0.01119533,5.986454,-5.0072975,0.11927012,0.118184194,0.0857054,0.99823344,0.043914266,-0.039931715,0.0026469408,0,7,1785207434536947,1785207434536947,0.19322251,0.34893262,-0.18145032,1,0.017523255,0.016896429,0.005745011
1785207434552634965,-0.85904086,0.6467777,-0.002726525,8.619469e-05,0.00015377035,0.0044142283,1,0.01275278,5.9888444,-5.0098658,0.1197297,0.11863562,0.085955486,0.99847573,0.04051735,-0.0373885,0.0026143435,0,7,1785207434544947,1785207434544947,0.19594903,0.35151538,-0.15241697,1,0.01757092,0.016993001,0.0057553244
1785207434564584613,-0.93520683,0.7045689,-0.0027260073,8.890809e-05,0.0001572747,0.0044081975,1,0.015931835,5.9937024,-5.0140996,0.120655484,0.119547576,0.08645805,0.99893355,0.03325369,-0.03193035,0.0025382126,0,7,1785207434560947,1785207434560947,0.19997056,0.3551903,-0.08073908,1,0.017680438,0.01719183,0.0057760146
1785207434572596799,-0.966366,0.7341295,-0.0035264825,8.9639594e-05,0.00015770514,0.0044071283,1,0.017546786,5.9961615,-5.0156965,0.12112171,0.12000814,0.08671053,0.9991424,0.029413946,-0.029035127,0.0024984844,0,7,1785207434568947,1785207434568947,0.20115738,0.35623932,-0.038840342,1,0.017743114,0.017294236,0.005786405
1785207434584571826,-0.9991226,0.7650224,-0.004857301,8.9909365e-05,0.0001571878,0.004406823,1,0.019172525,5.9986343,-5.0169034,0.12159011,0.12047176,0.08635625,0.9993347,0.025447326,-0.026014866,0.0024513083,0,7,1785207434576947,1785207434576947,0.20190904,0.35672808,0.005860793,1,0.017810687,0.017398357,0.0057766214
1785207434592599671,-1.0374718,0.8009759,-0.00059702166,8.970119e-05,0.00015584174,0.004408472,1,0.020806096,6.0011168,-5.0177093,0.12206083,0.1209385,0.08660856,0.9995083,0.02132985,-0.02285843,0.0024164638,0,7,1785207434584947,1785207434584947,0.20241658,0.35676587,0.052616235,1,0.017883597,0.017504366,0.0057870587
1785207434604573044,-1.1248238,0.8680872,-0.0016618245,8.778194e-05,0.00015050446,0.0044159167,1,0.024088576,6.006097,-5.0180607,0.12300913,0.12188134,0.087115586,0.9997881,0.012568309,-0.016133782,0.0023473285,0,7,1785207434600947,1785207434600947,0.20257019,0.35588685,0.15135284,1,0.018044934,0.017722916,0.0058080177
1785207434612561425,-1.1495911,0.892588,0.0004683602,8.611329e-05,0.00014672898,0.004421455,1,0.025733473,6.0085926,-5.017584,0.12348675,0.12235749,0.087370306,0.9998862,0.007980889,-0.012594784,0.002317747,0,7,1785207434608947,1785207434608947,0.20240125,0.35528028,0.20249882,1,0.018132286,0.017834486,0.0058185356
1785207434624619057,-1.1684996,0.90643656,0.00047050224,8.4034305e-05,0.00014232726,0.004428029,1,0.027379043,6.0110893,-5.0166655,0.1239667,0.1228368,0.08762583,0.9999515,0.0033201326,-0.00899116,0.0022872502,0,7,1785207434616947,1785207434616947,0.20206901,0.35437003,0.25380933,1,0.018221416,0.01794345,0.005829086
1785207434632599523,-1.1887399,0.9216162,0.00020295533,8.156986e-05,0.00013733008,0.0044355835,1,0.02902479,6.013585,-5.0153074,0.124449015,0.12331925,0.08788216,0.9999823,-0.0014292607,-0.005327324,0.0022572014,0,7,1785207434624947,1785207434624947,0.20176853,0.35330847,0.30452928,1,0.018309932,0.018047303,0.0058396785
1785207434644567076,-1.2268225,0.95756966,0.0007354171,7.572552e-05,0.00012593444,0.004453007,1,0.032310367,6.018571,-5.0113096,0.12542094,0.12429344,0.08776956,0.9999334,-0.011123954,0.0021838925,0.0021908896,0,7,1785207434640947,1785207434640947,0.20000073,0.3508757,0.4020006,1,0.018482028,0.018240642,0.0058399998
1785207434652645296,-1.2577161,0.98340183,0.0036656463,7.240744e-05,0.00011966787,0.0044621476,1,0.033942867,6.0210543,-5.0087004,0.12591057,0.12478507,0.08802649,0.9998491,-0.016133936,0.006081611,0.0021711863,0,7,1785207434648947,1785207434648947,0.19847025,0.34878603,0.44675568,1,0.018565454,0.018331058,0.005850661
1785207434664590196,-1.2944679,1.0137616,0.0026004764,6.890936e-05,0.000113086644,0.004472319,1,0.035565168,6.023525,-5.0057235,0.12640275,0.12527975,0.08828422,0.9997203,-0.02128306,0.010094739,0.0021477796,0,7,1785207434656947,1785207434656947,0.19682164,0.34615085,0.4870058,1,0.018646326,0.018416757,0.0058613494
1785207434672684786,-1.3160386,1.035068,0.0055290326,6.525675e-05,0.000106267486,0.004482883,1,0.037177395,6.02598,-5.0024114,0.1268975,0.12577744,0.08854276,0.9995446,-0.026539432,0.0142052565,0.002129739,0,7,1785207434664960,1785207434664960,0.19527584,0.34318924,0.52389187,1,0.018724047,0.018497342,0.0058720517
1785207434684600100,-1.3234961,1.0411925,0.0087279985,5.76429e-05,9.2264105e-05,0.004504687,1,0.04036322,6.030829,-4.994925,0.12789474,0.12678161,0.08906228,0.9990552,-0.03710815,0.022524815,0.0021244138,0,7,1785207434680960,1785207434680960,0.19072947,0.33559602,0.5810858,1,0.018868677,0.018643845,0.00589349
1785207434692648444,-1.3352144,1.0446541,0.008993004,5.375054e-05,8.5163636e-05,0.0045157718,1,0.04192715,6.0332084,-4.9908495,0.12839729,0.12728807,0.08932327,0.9987404,-0.0424413,0.026683614,0.00212678,0,7,1785207434688960,1785207434688960,0.18738423,0.33004856,0.6011038,1,0.018936977,0.018711643,0.005904226
1785207434704576743,-1.34773,1.0609008,0.0116546955,4.9865088e-05,7.8070465e-05,0.00452684,1,0.043463305,6.0355444,-4.9866176,0.12890248,0.1277974,0.08894048,0.99837595,-0.04781659,0.030894952,0.0021322349,0,7,1785207434696960,1785207434696960,0.18321596,0.3231601,0.61565024,1,0.019002631,0.018776061,0.0058933925
1785207434712619426,-1.359448,1.0683578,0.01538463,4.6024827e-05,7.108206e-05,0.004537761,1,0.044965304,6.0378256,-4.9822755,0.12941033,0.1283096,0.08920121,0.9979602,-0.053247184,0.035150543,0.0021516688,0,7,1785207434704960,1785207434704960,0.1782035,0.3151156,0.62272495,1,0.01906569,0.01883707,0.005904128
1785207434724617796,-1.3053946,1.0252312,0.01963907,3.70579e-05,5.6525576e-05,0.004548455,1,0.046442464,6.0409703,-4.9751782,0.10790532,0.10687504,0.08124512,0.9970066,-0.06388824,0.043489344,0.0022180513,0,7,1785207434720960,1785207434720960,0.164783,0.29373688,0.6084827,1,0.015185066,0.0150112705,0.005522293
1785207434732632346,-1.2675778,0.9988659,0.019371863,3.371025e-05,5.03339e-05,0.004558086,1,0.0464285,6.0418262,-4.972547,0.10828477,0.107259244,0.081480056,0.99648386,-0.06898504,0.047496762,0.0022514493,0,7,1785207434728960,1785207434728960,0.15535432,0.27922234,0.5857709,1,0.015232182,0.015055373,0.0055328407
1785207434744564803,-1.2385484,0.97676283,0.028693555,3.0564814e-05,4.4500906e-05,0.004567153,1,0.04636484,6.042588,-4.970074,0.10866629,0.10764561,0.08171576,0.9959325,-0.07395565,0.051415022,0.0023171173,0,7,1785207434736960,1785207434736960,0.14370249,0.26182514,0.5530945,1,0.015278164,0.015098311,0.0055433926
1785207434752661438,-1.1807599,0.9352151,0.027893452,2.7665184e-05,3.9065842e-05,0.004575577,1,0.046238057,6.0432396,-4.9678254,0.109049916,0.108034134,0.08195223,0.99536383,-0.078732654,0.05519285,0.0023923507,0,7,1785207434744960,1785207434744960,0.13114037,0.24326879,0.51463544,1,0.015323013,0.015140101,0.0055539487
1785207434764652465,-1.039078,0.831354,0.029490683,2.2839995e-05,2.9781644e-05,0.0045898613,1,0.045764912,6.0441656,-4.964125,0.109823495,0.10881765,0.081881456,0.9942327,-0.08740995,0.0620845,0.0025190855,0,7,1785207434760960,1785207434760960,0.10305138,0.20154901,0.42904216,1,0.015411088,0.015221375,0.0055572004
1785207434772686571,-0.9890111,0.78927517,0.032955095,2.1040863e-05,2.6160244e-05,0.004595368,1,0.045398284,6.044413,-4.96271,0.11021347,0.10921266,0.08211865,0.9936699,-0.09139394,0.06527297,0.002610493,0,7,1785207434768960,1785207434768960,0.08754281,0.17862973,0.38485992,1,0.0154547235,0.015261619,0.0055677397
1785207434784604891,-0.92083436,0.74053895,0.036149655,1.9700145e-05,2.3281524e-05,0.0045996737,1,0.044935934,6.0445046,-4.9615946,0.110605605,0.10960983,0.082356624,0.9931175,-0.095123775,0.068277195,0.0027178016,0,7,1785207434776960,1785207434776960,0.07141337,0.15478118,0.3398423,1,0.015498715,0.015302328,0.0055782795
1785207434792611937,-0.8459995,0.6731611,0.03402071,1.8844468e-05,2.1204029e-05,0.004602694,1,0.044370603,6.044429,-4.9607887,0.1109999,0.11000917,0.082595356,0.9925888,-0.098562084,0.07102866,0.0028203523,0,7,1785207434784960,1785207434784960,0.054350868,0.12957835,0.29389817,1,0.015543524,0.015343394,0.005588808
1785207434804637820,-0.71630335,0.5836792,0.03987883,1.8685443e-05,1.9575959e-05,0.004604355,1,0.04290139,6.04374,-4.960123,0.111794986,0.11081443,0.08307514,0.991603,-0.1046086,0.07596846,0.003060363,0,7,1785207434800960,1785207434800960,0.01810419,0.07660826,0.2023087,1,0.01563571,0.015427341,0.005609853
1785207434812636510,-0.64146864,0.52082855,0.036682192,1.9468227e-05,2.0143514e-05,0.0046030893,1,0.04198709,6.043114,-4.9602623,0.11219587,0.11122038,0.0833162,0.99115604,-0.10723033,0.07811197,0.0031776452,0,7,1785207434808960,1785207434808960,-0.00063724973,0.049551543,0.15692894,1,0.0156848,0.015472337,0.005620379
1785207434824571661,-0.5445295,0.4513202,0.040409163,2.0884587e-05,2.1720687e-05,0.00460018,1,0.040947415,6.0422983,-4.9607153,0.11259903,0.11162858,0.08299698,0.9907597,-0.10948514,0.07998395,0.0033101344,0,7,1785207434816960,1785207434816960,-0.019843511,0.022395214,0.1128089,1,0.01573561,0.0155192865,0.0056124846
1785207434832602912,-0.442264,0.38660535,0.038278956,2.2954293e-05,2.4318288e-05,0.004595596,1,0.039780583,6.041292,-4.961464,0.11300448,0.11203904,0.08323796,0.9904218,-0.111329965,0.08160084,0.0034288708,0,7,1785207434824960,1785207434824960,-0.038766224,-0.0043757325,0.07127148,1,0.01578894,0.015568403,0.0056229956
1785207434844604509,-0.22068876,0.19725479,0.041209355,2.8991726e-05,3.262243e-05,0.0045814184,1,0.03708117,6.0387187,-4.963761,0.11382246,0.112866886,0.08372226,0.98995537,-0.11379592,0.08381611,0.0037138464,0,7,1785207434840960,1785207434840960,-0.07480971,-0.05630785,-0.0026094378,1,0.015904121,0.015674597,0.0056440197
1785207434852650679,-0.079807684,0.089396685,0.038279545,3.301721e-05,3.8384926e-05,0.0045717116,1,0.03555398,6.0371647,-4.9652634,0.114235096,0.113284335,0.083965585,0.9898624,-0.11424419,0.084297374,0.0038531497,0,7,1785207434848960,1785207434848960,-0.09222405,-0.08081068,-0.0352533,1,0.015965097,0.015730986,0.005654539
1785207434864569500,0.06000843,-0.026450813,0.038013384,3.7743543e-05,4.5267243e-05,0.0045601847,1,0.03391266,6.035441,-4.966973,0.11465025,0.11370417,0.08420969,0.9898715,-0.11413199,0.084334806,0.0039872956,0,7,1785207434856960,1785207434856960,-0.10907294,-0.10457936,-0.0649878,1,0.016029714,0.015790727,0.0056650597
1785207434872621320,0.19423181,-0.14842361,0.03588273,4.308102e-05,5.314162e-05,0.004546712,1,0.03216279,6.0335507,-4.968887,0.115067974,0.11412642,0.08388145,0.9899825,-0.113484055,0.08389832,0.004126635,0,7,1785207434864960,1785207434864960,-0.12503797,-0.12796967,-0.09328904,1,0.016098343,0.015854187,0.005656694
1785207434884607768,0.48478276,-0.4006248,0.034818385,5.5170836e-05,7.118905e-05,0.0045167324,1,0.028354043,6.029296,-4.9732294,0.11591159,0.114978425,0.08437024,0.9905192,-0.11048783,0.08151424,0.004440022,0,7,1785207434880960,1785207434880960,-0.15549803,-0.17120093,-0.14202331,1,0.01625181,0.015996773,0.0056777853
1785207434892622208,0.6198048,-0.51833683,0.036415186,6.184876e-05,8.120357e-05,0.004500117,1,0.026305329,6.0269527,-4.9756017,0.11633768,0.115408264,0.08461581,0.9909323,-0.108140476,0.07960918,0.004604851,0,7,1785207434888960,1785207434888960,-0.16931498,-0.19063304,-0.15967418,1,0.016336538,0.016074894,0.005688361
1785207434904607634,0.7417784,-0.6381784,0.031354103,6.880902e-05,9.164697e-05,0.0044827894,1,0.024171958,6.024481,-4.978056,0.11676681,0.115840726,0.084862165,0.9914252,-0.10530079,0.0772337,0.0047691274,0,7,1785207434896960,1785207434896960,-0.1818221,-0.20850702,-0.17187026,1,0.016425658,0.0161569,0.005698951
1785207434912606164,0.87466925,-0.74816775,0.028428191,7.5790595e-05,0.00010216306,0.0044653686,1,0.021964032,6.021894,-4.9805527,0.11719904,0.11627585,0.08510931,0.9919915,-0.10194416,0.07440479,0.004923634,0,7,1785207434904960,1785207434904960,-0.19307475,-0.22455259,-0.17961939,1,0.016518151,0.016241886,0.005709568
1785207434924607560,1.1005057,-0.9396487,0.028158892,8.986714e-05,0.0001231735,0.0044304356,1,0.01736338,6.0164332,-4.9855337,0.11807314,0.11715415,0.085605964,0.99328333,-0.093782865,0.06756834,0.0052480865,0,7,1785207434920960,1785207434920960,-0.21171233,-0.2510988,-0.18051614,1,0.016712895,0.016419305,0.005730889
1785207434932614646,1.1929163,-1.0349909,0.028957402,9.683132e-05,0.00013350182,0.0044127326,1,0.014988204,6.0135846,-4.9879293,0.11851508,0.11759734,0.08526326,0.9939752,-0.08910797,0.06359011,0.0054224427,0,7,1785207434928960,1785207434928960,-0.2195942,-0.26229653,-0.17363569,1,0.01681528,0.016511803,0.005721992
1785207434944610412,1.2981119,-1.1111563,0.027632417,0.00010349814,0.0001434457,0.0043961946,1,0.012574286,6.0106716,-4.990222,0.11896046,0.11804329,0.08551185,0.99468327,-0.0840199,0.05928515,0.0055983313,0,7,1785207434936960,1785207434936960,-0.22616363,-0.27191496,-0.16287988,1,0.016922439,0.016607802,0.005732735
1785207434952635472,1.3825339,-1.1857251,0.024696562,0.00010992759,0.00015288948,0.0043803956,1,0.010129257,6.0077043,-4.992381,0.11940929,0.11849198,0.08576123,0.9953915,-0.07856232,0.05468568,0.005764301,0,7,1785207434944960,1785207434944960,-0.23200333,-0.28054798,-0.1481263,1,0.017034046,0.01670701,0.0057435185
1785207434964566435,1.5180883,-1.2901214,0.020702897,0.00012189531,0.00017025418,0.004351211,1,0.005170463,6.001649,-4.996171,0.12031749,0.119397655,0.08626236,0.9967435,-0.06677581,0.04479384,0.0060734837,0,7,1785207434960960,1785207434960960,-0.24115989,-0.2934009,-0.1062569,1,0.017271323,0.016915647,0.0057652085
1785207434972579252,1.5788085,-1.3404554,0.022835877,0.0001270577,0.00017762641,0.0043387474,1,0.0026694434,5.998579,-4.9977393,0.12077694,0.11985467,0.08651412,0.9973643,-0.060510404,0.039549105,0.006236487,0,7,1785207434968960,1785207434968960,-0.2443395,-0.29825625,-0.079742,1,0.017396422,0.017025065,0.0057761064
1785207434984615885,1.6552421,-1.4003756,0.018841626,0.00013161705,0.00018377663,0.0043281107,1,0.00016363675,5.9954925,-4.999055,0.12123998,0.12031448,0.08676668,0.99794185,-0.053948075,0.03407303,0.0063893395,0,7,1785207434976960,1785207434976960,-0.24675936,-0.30190852,-0.050372995,1,0.017524442,0.01713663,0.005787036
1785207434992654110,1.7449894,-1.4560366,0.01990982,0.00013537392,0.0001887368,0.004319464,1,-0.0023428327,5.9923983,-5.0000887,0.121706635,0.1207771,0.08641171,0.9984695,-0.047025017,0.02836625,0.0065422016,0,7,1785207434984960,1785207434984960,-0.24861674,-0.3044279,-0.019089121,1,0.017655162,0.017249424,0.00577779
1785207435004640548,1.8296782,-1.5252796,0.016178835,0.00013946136,0.00019363049,0.004310051,1,-0.0073344847,5.9862084,-5.0012856,0.122650705,0.121710755,0.08691728,0.999312,-0.03254024,0.016437337,0.006828939,0,7,1785207435000960,1785207435000960,-0.25039637,-0.30830228,0.049370974,1,0.01792005,0.017479194,0.0057997494
1785207435012693760,1.8483205,-1.530872,0.016710961,0.00013961,0.0001932059,0.0043103998,1,-0.009816305,5.983117,-5.001422,0.12312817,0.122181855,0.08717127,0.9996061,-0.025126422,0.010381473,0.006972113,0,7,1785207435008960,1785207435008960,-0.25103343,-0.30974156,0.0858316,1,0.01805438,0.017595831,0.0058107614
1785207435024593304,1.868295,-1.5460509,0.014844889,0.00013837768,0.0001909323,0.0043139784,1,-0.012286079,5.9800334,-5.0012393,0.123609215,0.1226558,0.08742607,0.9998101,-0.017634302,0.004273791,0.007111479,0,7,1785207435016960,1785207435016960,-0.25128987,-0.3103299,0.12290331,1,0.018191196,0.017713415,0.005821808
1785207435032614226,1.9029142,-1.5646954,0.016179223,0.00013568228,0.00018676643,0.0043209135,1,-0.01474067,5.976963,-5.000736,0.12409387,0.12313261,0.087681666,0.9999218,-0.010015394,-0.0019055881,0.0072478466,0,7,1785207435024960,1785207435024960,-0.25095204,-0.31028205,0.15970115,1,0.018328449,0.017832242,0.005832867
1785207435044591186,1.9860045,-1.6081052,0.014047973,0.00012633993,0.00017290926,0.0043442617,1,-0.01958242,5.970888,-4.99879,0.12507391,0.124094866,0.08819528,0.9998496,0.0057472065,-0.014540008,0.0075159394,0,7,1785207435040960,1785207435040960,-0.24818176,-0.3074254,0.2312119,1,0.018595284,0.018066742,0.0058549787
1785207435052643867,1.9886678,-1.6059744,0.018041298,0.00011991024,0.00016375164,0.004359922,1,-0.021962963,5.967891,-4.997346,0.12556922,0.124580316,0.08782483,0.99965763,0.013750441,-0.020905407,0.0076621445,0,7,1785207435048960,1785207435048960,-0.24637246,-0.30580744,0.26560506,1,0.018722558,0.018179307,0.0058450643
1785207435064577185,1.9644365,-1.5822684,0.0137806,0.000112493704,0.00015329031,0.0043778764,1,-0.024314279,5.964922,-4.9956136,0.12606803,0.12506865,0.088081814,0.99936444,0.02168321,-0.027198419,0.007801817,0,7,1785207435056960,1785207435056960,-0.24426223,-0.3039713,0.29781953,1,0.018844413,0.018288495,0.0058560767
1785207435072597385,1.9417949,-1.5473866,0.017247394,0.00010434397,0.00014173175,0.004397661,1,-0.026631983,5.9619846,-4.9936156,0.12657024,0.12555987,0.08833961,0.99897635,0.029508451,-0.033353433,0.007937737,0,7,1785207435064960,1785207435064960,-0.24127613,-0.30098325,0.32681876,1,0.018959941,0.018393712,0.0058670603
1785207435084613780,1.9444599,-1.5295405,0.019909522,8.66549e-05,0.00011686368,0.004439911,1,-0.031138187,5.9562473,-4.9889407,0.12758468,0.12655091,0.088857636,0.99791455,0.04507515,-0.04546408,0.008241342,0,7,1785207435080960,1785207435080960,-0.23224926,-0.29051012,0.37247622,1,0.019171532,0.018590271,0.0058889585
1785207435092722487,1.9367368,-1.5135617,0.019905834,7.750662e-05,0.00010401046,0.0044619925,1,-0.033309564,5.953473,-4.9863377,0.12809685,0.12705079,0.08911787,0.99723935,0.052870076,-0.051459875,0.008398132,0,7,1785207435088960,1785207435088960,-0.22618896,-0.2833507,0.3878692,1,0.019268515,0.01868222,0.0058998726
1785207435104619366,1.8930622,-1.4725474,0.01724544,6.845563e-05,9.1232534e-05,0.0044839024,1,-0.035416618,5.950772,-4.98362,0.12861224,0.12755355,0.089378916,0.9964839,0.060510438,-0.05731694,0.008547819,0,7,1785207435096960,1785207435096960,-0.21920177,-0.27518788,0.3967625,1,0.01936079,0.018770667,0.005910777
1785207435112621983,1.8432587,-1.4120966,0.021242365,5.973127e-05,7.888867e-05,0.00450505,1,-0.03745291,5.9481535,-4.980851,0.12913081,0.1280592,0.08899539,0.9956631,0.06795132,-0.06294238,0.008707102,0,7,1785207435104960,1785207435104960,-0.21127811,-0.2655141,0.4013008,1,0.019445475,0.018854907,0.005900057
1785207435124633688,1.7577889,-1.3258212,0.022578752,4.1633473e-05,5.408773e-05,0.0044922247,1,-0.040357817,5.944599,-4.976626,0.10736754,0.106854595,0.08107665,0.9938502,0.08222231,-0.07361642,0.009056319,0,7,1785207435120960,1785207435120960,-0.18930683,-0.238313,0.39204732,1,0.015440485,0.0150666265,0.005519083
1785207435132674007,1.6922736,-1.2754893,0.022040641,3.5100693e-05,4.457e-05,0.004508355,1,-0.041215576,5.9436727,-4.97524,0.107754484,0.10723392,0.08131096,0.99287,0.08906418,-0.07868854,0.009219548,0,7,1785207435128960,1785207435128960,-0.17555568,-0.22157118,0.37863362,1,0.015496913,0.015126512,0.005529658
1785207435144650045,1.6054538,-1.1929322,0.026306264,2.9453167e-05,3.618695e-05,0.004522469,1,-0.041968428,5.9428654,-4.973928,0.108143725,0.10761543,0.08154602,0.9918729,0.09557125,-0.08346294,0.009396868,0,7,1785207435136960,1785207435136960,-0.16034745,-0.20281944,0.36021787,1,0.015549499,0.015184388,0.0055402126
1785207435152653313,1.4997289,-1.1162307,0.023901802,2.4859957e-05,2.9310853e-05,0.0045337076,1,-0.042602945,5.9421973,-4.9727387,0.10853524,0.10799912,0.08178185,0.9908803,0.101663105,-0.087917104,0.009570636,0,7,1785207435144960,1785207435144960,-0.1431932,-0.18161906,0.33523422,1,0.015600126,0.015238836,0.0055507636
1785207435164659979,1.3303494,-0.96789575,0.027369311,1.9466563e-05,2.094312e-05,0.0045476425,1,-0.04345988,5.9413557,-4.970885,0.10932509,0.108773164,0.0822558,0.98892474,0.11277651,-0.095975466,0.009900371,0,7,1785207435160960,1785207435160960,-0.104537934,-0.13219291,0.27506322,1,0.015696835,0.015345758,0.005571863
1785207435172621879,1.2238246,-0.87468284,0.02736891,1.8789124e-05,1.967464e-05,0.004549677,1,-0.043660536,5.941215,-4.9702497,0.109723404,0.1091635,0.08194704,0.98799515,0.11775017,-0.09949223,0.010084686,0,7,1785207435168960,1785207435168960,-0.083265126,-0.10499299,0.24166413,1,0.015741937,0.0153975515,0.0055645304
1785207435184640648,1.1053128,-0.79692054,0.03162366,1.9506817e-05,2.0448488e-05,0.0045482763,1,-0.043695733,5.941278,-4.9698405,0.11012397,0.10955607,0.08218436,0.98711866,0.12226097,-0.10268236,0.010269354,0,7,1785207435176960,1785207435176960,-0.060848944,-0.07653841,0.207423,1,0.01578552,0.015448073,0.0055750385
1785207435192597078,1.0078421,-0.7194209,0.03269561,2.1680593e-05,2.3392295e-05,0.004543251,1,-0.043559033,5.941555,-4.969659,0.11052678,0.109950885,0.08242245,0.98629606,0.12634543,-0.10558217,0.010458749,0,7,1785207435184960,1785207435184960,-0.03816017,-0.046965335,0.17377156,1,0.015826134,0.015496786,0.0055855135
1785207435204637668,0.79106015,-0.5252773,0.03429198,3.054182e-05,3.618913e-05,0.004521782,1,-0.04276336,5.9427767,-4.9699664,0.11133907,0.11074729,0.08290094,0.98486143,0.13330482,-0.11027281,0.010850644,0,7,1785207435200960,1785207435200960,0.008140257,0.014080891,0.10800892,1,0.015907433,0.015593244,0.0056064543
1785207435212648321,0.65523934,-0.44591483,0.036684766,3.7121994e-05,4.5908408e-05,0.004505579,1,-0.042093843,5.943733,-4.9704514,0.11174856,0.11114892,0.08314134,0.98428077,0.13602762,-0.11209699,0.011049968,0,7,1785207435208960,1785207435208960,0.032527935,0.045414086,0.07540292,1,0.01594901,0.015641846,0.0056169215
1785207435224629448,0.5308697,-0.35669887,0.03482344,4.4950655e-05,5.765583e-05,0.004485693,1,-0.04123669,5.944924,-4.9711676,0.11216028,0.11155284,0.082823806,0.98379916,0.13823792,-0.11359342,0.011228238,0,7,1785207435216960,1785207435216960,0.056960378,0.076759115,0.043592308,1,0.015989074,0.015689552,0.005609031
1785207435232612709,0.41022876,-0.25656363,0.032426637,5.401042e-05,7.144414e-05,0.004462944,1,-0.040193543,5.9463496,-4.9720945,0.11257426,0.11195912,0.08306415,0.98342216,0.13997711,-0.11470521,0.011403283,0,7,1785207435224960,1785207435224960,0.080983736,0.108146586,0.012932983,1,0.016028203,0.015737243,0.00561942
1785207435244631648,0.11168824,-0.055228993,0.031626612,7.592777e-05,0.000105392406,0.0044072806,1,-0.03755387,5.9498954,-4.9745455,0.11340885,0.11277881,0.08354715,0.98304194,0.14175259,-0.11574746,0.011719823,0,7,1785207435240960,1785207435240960,0.12875916,0.16917372,-0.043986365,1,0.01610199,0.015831139,0.0056400495
1785207435252637902,-0.02892671,0.050232284,0.030561542,8.844584e-05,0.00012504833,0.00437521,1,-0.035961248,5.952009,-4.9760466,0.113829434,0.113192305,0.08378982,0.9830479,0.14175852,-0.11567618,0.011853416,0,7,1785207435248960,1785207435248960,0.15204556,0.19929346,-0.07021812,1,0.01614098,0.015879517,0.005650325
1785207435264638917,-0.1730039,0.16821016,0.028963735,0.00010160341,0.00014606968,0.0043411357,1,-0.034191992,5.954346,-4.977717,0.11425222,0.11360828,0.084033266,0.98318547,0.14120938,-0.115163125,0.011985409,0,7,1785207435256960,1785207435256960,0.17452079,0.22843929,-0.09464672,1,0.01617964,0.015928071,0.0056605586
1785207435272615275,-0.33359233,0.28139466,0.027366558,0.00011531851,0.00016818264,0.004305414,1,-0.032254685,5.9568954,-4.979536,0.11467719,0.11402676,0.084277496,0.9834644,0.14003523,-0.114199884,0.012099264,0,7,1785207435264960,1785207435264960,0.19579843,0.25588962,-0.11552904,1,0.01621743,0.015975233,0.005670729
1785207435284638432,-0.6337303,0.5048343,0.02203904,0.00014421856,0.00021556107,0.004229351,1,-0.027911907,5.96258,-4.9834814,0.11553354,0.11487145,0.0841926,0.98441905,0.1358437,-0.11097439,0.012266111,0,7,1785207435280960,1785207435280960,0.23462348,0.30565527,-0.14474113,1,0.016295915,0.016069755,0.005671981
1785207435292630880,-0.7868625,0.61988235,0.02124038,0.00015876046,0.00023977243,0.004189919,1,-0.025529305,5.965685,-4.985549,0.11596482,0.115297705,0.084437504,0.9850786,0.13285996,-0.10870294,0.012338925,0,7,1785207435288960,1785207435288960,0.25179565,0.3276532,-0.15307081,1,0.01633866,0.016117474,0.0056819944
1785207435304576030,-0.93227077,0.73493147,0.020441586,0.00017302674,0.00026368152,0.0041518547,1,-0.023020787,5.9689455,-4.987638,0.116398215,0.11572668,0.084683195,0.9858502,0.12928629,-0.10597471,0.012403511,0,7,1785207435296960,1785207435296960,0.2677547,0.34782016,-0.15763296,1,0.016385345,0.016166674,0.005691958
1785207435312593695,-1.0667611,0.83400023,0.017246041,0.00018699703,0.0002871635,0.0041145133,1,-0.020395467,5.9723473,-4.989719,0.116833635,0.11615839,0.08492967,0.9867127,0.12516163,-0.10284698,0.012454944,0,7,1785207435304960,1785207435304960,0.28255656,0.36623186,-0.1581107,1,0.016435865,0.016217122,0.0057018735
1785207435324629907,-1.335473,1.0361358,0.018844929,0.00021311248,0.00033220544,0.0040435833,1,-0.014837581,5.979518,-4.993724,0.11771038,0.117030144,0.08542497,0.98865324,0.115334876,-0.095422834,0.012539336,0,7,1785207435320960,1785207435320960,0.30752063,0.39715254,-0.14633578,1,0.016556777,0.016324598,0.005721659
1785207435332672580,-1.4728938,1.1471871,0.015112798,0.00022492604,0.00035277312,0.0040113153,1,-0.011932792,5.9832516,-4.9955845,0.11815165,0.117470235,0.085673794,0.9897167,0.10957896,-0.091079116,0.0125719,0,7,1785207435328960,1785207435328960,0.3173636,0.4094427,-0.13506827,1,0.016629284,0.016382048,0.005731557
1785207435344599686,-1.5884737,1.2459924,0.013514894,0.00023595245,0.00037188546,0.00398129,1,-0.008959661,5.9870663,-4.997307,0.118594795,0.117913164,0.085330255,0.99081385,0.10333192,-0.08632552,0.012591167,0,7,1785207435336960,1785207435336960,0.3262306,0.42065063,-0.120644525,1,0.016710604,0.016443074,0.0057218494
1785207435352667606,-1.6747608,1.3237557,0.010584889,0.00024582978,0.000389646,0.0039537675,1,-0.0059246854,5.9909544,-4.9988766,0.119039826,0.11835895,0.08557893,0.99191225,0.09670284,-0.08124065,0.012603716,0,7,1785207435344960,1785207435344960,0.3343534,0.43077415,-0.103305645,1,0.016801782,0.016508063,0.0057317857
1785207435364682327,-1.8627793,1.4744916,0.01138702,0.00026171244,0.0004188878,0.003907747,1,0.00030556854,5.998909,-5.0014706,0.119935416,0.11925905,0.08607865,0.99404764,0.08235905,-0.07019296,0.012625582,0,7,1785207435360960,1785207435360960,0.34778076,0.44647807,-0.060203347,1,0.017016139,0.016649337,0.0057517802
1785207435372639649,-1.974898,1.5626429,0.011652653,0.00026785932,0.0004299808,0.0038906254,1,0.0034822978,6.0029516,-5.0024543,0.12038604,0.119713455,0.08632969,0.99507135,0.07453498,-0.06417162,0.012630137,0,7,1785207435368960,1785207435368960,0.35274762,0.4522632,-0.03502499,1,0.01714026,0.016727077,0.0057618585
1785207435384628120,-2.0734377,1.6459963,0.0076561365,0.00027250178,0.00043879208,0.0038772882,1,0.006689596,6.0070243,-5.003205,0.12083854,0.12017077,0.08658152,0.99604446,0.066289455,-0.057808008,0.012626119,0,7,1785207435376960,1785207435376960,0.3569009,0.45695168,-0.007822434,1,0.017275354,0.016809506,0.005771991
1785207435392565124,-2.1381493,1.7120471,0.0076537495,0.00027553388,0.00044485845,0.0038683088,1,0.0099227475,6.011121,-5.00371,0.12129293,0.120630994,0.08683414,0.9969407,0.05773736,-0.051154133,0.012610899,0,7,1785207435384960,1785207435384960,0.3606471,0.4611379,0.020906318,1,0.017420387,0.016896423,0.005782195
1785207435404586878,-2.254795,1.8180413,0.0068526627,0.00027682912,0.0004477879,0.0038643205,1,0.016445743,6.0193634,-5.004004,0.12220749,0.121560216,0.0867307,0.9984314,0.03989807,-0.037214465,0.01256848,0,7,1785207435400960,1785207435400960,0.36553547,0.46661323,0.080826916,1,0.017739113,0.017082691,0.0057825646
1785207435412575299,-2.3136523,1.887016,0.010579899,0.00027483387,0.00044490228,0.0038693186,1,0.019721858,6.023494,-5.0037546,0.12266774,0.12202922,0.08698393,0.99900585,0.0306201,-0.029864822,0.0125644235,0,7,1785207435408960,1785207435408960,0.3668685,0.4679157,0.11141794,1,0.017911112,0.017181367,0.0057929493
1785207435424594458,-2.3589268,1.9418762,0.010315877,0.00027099947,0.00043882808,0.003879345,1,0.023001758,6.0276217,-5.003243,0.12313,0.12250117,0.08723795,0.9994494,0.021139313,-0.022276493,0.012561638,0,7,1785207435416960,1785207435416960,0.36783618,0.46859676,0.14134091,1,0.018086515,0.017281692,0.005803403
1785207435432581957,-2.4065967,1.9725033,0.009261337,0.00026543887,0.00042958805,0.0038942657,1,0.026282804,6.0317416,-5.002475,0.12359436,0.12297606,0.08749276,0.9997499,0.011462939,-0.0145373605,0.012550227,0,7,1785207435424960,1785207435424960,0.36843023,0.46841034,0.1704877,1,0.018264147,0.017382853,0.0058139195
1785207435444572242,-2.4492068,2.0127182,0.008455631,0.00024923016,0.0004025726,0.0039366647,1,0.03283752,6.0399303,-5.000196,0.12452949,0.123934545,0.08738263,0.9998872,-0.008219578,0.0011816866,0.01252183,0,7,1785207435440960,1785207435440960,0.36803576,0.4654265,0.22410104,1,0.018613135,0.017582532,0.005814419
1785207435452648678,-2.4614577,2.0366862,0.014309548,0.00023873281,0.0003851546,0.0039646993,1,0.03609704,6.043983,-4.998721,0.12500045,0.1244182,0.08763802,0.9997148,-0.018151276,0.009171527,0.012523162,0,7,1785207435448960,1785207435448960,0.3661066,0.46224707,0.24691364,1,0.018784178,0.017680898,0.005825083
1785207435464580022,-2.4785016,2.0737045,0.012977996,0.00022695083,0.00036550948,0.003996245,1,0.039331924,6.0479975,-4.9970636,0.12547374,0.12490477,0.087894216,0.99937564,-0.028147463,0.017304933,0.0125134615,0,7,1785207435456960,1785207435456960,0.3631874,0.45806763,0.2653787,1,0.01895092,0.017777475,0.005835788
1785207435472587639,-2.4800992,2.0814285,0.01937754,0.00021406752,0.0003440193,0.0040307366,1,0.0425375,6.051965,-4.9952545,0.12594941,0.12539423,0.08815122,0.9988678,-0.03815906,0.025497258,0.012524902,0,7,1785207435464960,1785207435464960,0.35992265,0.45265087,0.28042877,1,0.019112488,0.01787132,0.005846524
1785207435484613090,-2.4590602,2.063585,0.023903104,0.00018521606,0.00029577664,0.004108067,1,0.048836913,6.059708,-4.9913282,0.12690817,0.1263818,0.08866763,0.9973571,-0.058089484,0.041795466,0.0125622,0,7,1785207435480960,1785207435480960,0.34982473,0.43628317,0.29514113,1,0.019407004,0.018046401,0.0058680675
1785207435492625796,-2.4225745,2.0465412,0.028158087,0.0001695629,0.0002698658,0.0041497485,1,0.05190697,6.0634556,-4.9892898,0.12739137,0.12687989,0.08892705,0.99636716,-0.0678865,0.049851794,0.012600995,0,7,1785207435488960,1785207435488960,0.34243262,0.42536616,0.29548937,1,0.019545695,0.018129202,0.005878862
1785207435504585483,-2.3717086,2.0294967,0.029489512,0.00015361723,0.00024368009,0.0041919975,1,0.054907057,6.0670986,-4.9872565,0.12787718,0.12738083,0.08918728,0.99523365,-0.07748449,0.057847846,0.012637974,0,7,1785207435496960,1785207435496960,0.3333858,0.4122482,0.29003152,1,0.019679226,0.018209564,0.005889673
1785207435512662932,-2.3144522,1.9834228,0.031363055,0.000137668,0.000217564,0.004233502,1,0.057825305,6.07062,-4.9852767,0.12836562,0.12788455,0.08880568,0.99397355,-0.08684314,0.06568098,0.012685099,0,7,1785207435504960,1785207435504960,0.32290488,0.39698708,0.28065374,1,0.01980395,0.01828706,0.0058790506
1785207435524569379,-2.1253939,1.8412447,0.03613609,0.00010138843,0.00015994634,0.0042466368,1,0.061106507,6.0746384,-4.983173,0.10765147,0.1067319,0.08092069,0.9911742,-0.10451661,0.08053755,0.012792813,0,7,1785207435520960,1785207435520960,0.29464167,0.35721603,0.24535081,1,0.01581011,0.014668181,0.005501229
1785207435532571605,-2.0172677,1.764015,0.040398706,8.6774744e-05,0.00013580933,0.004285501,1,0.061478768,6.0751433,-4.983102,0.10801408,0.107111864,0.08115432,0.9896843,-0.11268373,0.08752921,0.012890399,0,7,1785207435528960,1785207435528960,0.27672896,0.33229646,0.2201997,1,0.015896294,0.014724484,0.005511832
1785207435544561139,-1.9259226,1.6881136,0.046795998,7.2980314e-05,0.00011311781,0.0043220976,1,0.061750077,6.075495,-4.983186,0.108378746,0.107494004,0.0813887,0.9881506,-0.12045957,0.094225645,0.013016381,0,7,1785207435536960,1785207435536960,0.25704414,0.3049655,0.19316243,1,0.015980065,0.014779536,0.005522434
1785207435552618329,-1.8106085,1.6018265,0.046787463,6.0373008e-05,9.228756e-05,0.004355645,1,0.06190651,6.0756745,-4.9834347,0.1087455,0.10787833,0.08162384,0.98659796,-0.1278053,0.10058677,0.013145353,0,7,1785207435544960,1785207435544960,0.23603863,0.27603555,0.16557334,1,0.01605969,0.014832893,0.0055330284
1785207435564603033,-1.55015,1.4020904,0.05611812,3.929172e-05,5.726605e-05,0.004411964,1,0.0618277,6.0754695,-4.9844227,0.109485455,0.108653545,0.08155475,0.98357093,-0.14082775,0.11214094,0.013425392,0,7,1785207435560960,1785207435560960,0.18991886,0.2135157,0.108747415,1,0.016206222,0.014934013,0.0055365306
1785207435572577197,-1.4534779,1.3168688,0.059043974,3.120269e-05,4.3621552e-05,0.0044338047,1,0.061568007,6.075052,-4.985166,0.10985874,0.10904445,0.08179062,0.9821013,-0.14668423,0.11737046,0.013597656,0,7,1785207435568960,1785207435568960,0.16490214,0.1796899,0.081157476,1,0.016275596,0.0149838505,0.00554708
1785207435584587149,-1.3355012,1.2276527,0.05744327,2.5096877e-05,3.287237e-05,0.0044504935,1,0.06114717,6.074407,-4.98608,0.110234246,0.10943753,0.08202726,0.9806784,-0.15209611,0.12225969,0.013766233,0,7,1785207435576960,1785207435576960,0.13889836,0.1449393,0.054236528,1,0.016341185,0.015033221,0.0055576176
1785207435592596970,-1.1775748,1.1264534,0.061701294,2.1152659e-05,2.5298928e-05,0.004462115,1,0.06055729,6.0735292,-4.987165,0.11061206,0.10983287,0.08226466,0.979346,-0.15690044,0.12676673,0.01393391,0,7,1785207435584960,1785207435584960,0.11213365,0.109707326,0.026965005,1,0.016405458,0.015082974,0.0055681397
1785207435604602894,-0.9381571,0.9157965,0.07023023,2.0034991e-05,2.0196934e-05,0.0044685393,1,0.058837704,6.071039,-4.98985,0.11137468,0.110630274,0.08274177,0.97697866,-0.16494444,0.13453908,0.014328725,0,7,1785207435600960,1785207435600960,0.056074087,0.036007907,-0.025659857,1,0.016523909,0.015180826,0.005589102
1785207435612578390,-0.80446595,0.8114013,0.06809724,2.3049284e-05,2.281537e-05,0.004463009,1,0.05769547,6.069416,-4.9914346,0.111759596,0.111032374,0.08298148,0.97595406,-0.1682417,0.13783081,0.014527264,0,7,1785207435608960,1785207435608960,0.02745363,-0.0008933693,-0.050015643,1,0.01658063,0.015229902,0.0055995337
1785207435624597730,-0.6313605,0.68516755,0.07102527,2.8536164e-05,2.8923281e-05,0.0044515147,1,0.05636154,6.067543,-4.993167,0.11214698,0.11143677,0.08322197,0.97508925,-0.1708796,0.14065672,0.014730145,0,7,1785207435616960,1785207435616960,-0.0011669555,-0.036922,-0.072529964,1,0.016634328,0.01528039,0.0056099487
1785207435632588074,-0.46970677,0.55919975,0.06836354,3.645185e-05,3.849034e-05,0.0044341283,1,0.054835137,6.065424,-4.9950204,0.11253688,0.11184348,0.082903445,0.97439796,-0.17285912,0.14298905,0.0149163185,0,7,1785207435624960,1785207435624960,-0.0297264,-0.072756276,-0.09316335,1,0.016683374,0.01533229,0.0056020087
1785207435644567008,-0.16317672,0.28808996,0.06863088,5.9277074e-05,6.745802e-05,0.0043825265,1,0.05121883,6.0604587,-4.9990344,0.113324516,0.112663954,0.08338505,0.9735328,-0.17503186,0.14616252,0.015308527,0,7,1785207435640960,1785207435640960,-0.08362941,-0.14084123,-0.12150893,1,0.016768284,0.015435506,0.0056226617
1785207435652623667,0.014722076,0.14028516,0.06303833,7.401855e-05,8.633121e-05,0.004348647,1,0.049151666,6.057644,-5.001113,0.113722354,0.113077745,0.083627015,0.97340024,-0.17512748,0.1469095,0.015487644,0,7,1785207435648960,1785207435648960,-0.10794495,-0.17118518,-0.12751223,1,0.016802413,0.015487849,0.0056329407
1785207435664578565,0.19821389,-0.0027265176,0.06170671,9.065755e-05,0.00010769703,0.004310734,1,0.046928737,6.0546317,-5.0031843,0.11412304,0.11349399,0.083869755,0.97347945,-0.17450875,0.14710368,0.01565378,0,7,1785207435656960,1785207435656960,-0.13061753,-0.1992416,-0.12841468,1,0.016831191,0.015541111,0.005643196
1785207435672565383,0.37478155,-0.15213013,0.061706044,0.0001087733,0.00013109163,0.004269314,1,0.044562995,6.05144,-5.00521,0.1145266,0.11391267,0.08411327,0.97377074,-0.17317359,0.14673577,0.015814643,0,7,1785207435664960,1785207435664960,-0.1515382,-0.2249945,-0.124580294,1,0.016853837,0.015595264,0.0056534284
1785207435684585845,0.7305804,-0.47463816,0.05824481,0.00014824866,0.0001815366,0.0041795713,1,0.039461084,6.0445957,-5.008963,0.11534271,0.11475748,0.08402752,0.97497815,-0.16845104,0.14415519,0.016158968,0,7,1785207435680974,1785207435680974,-0.18743983,-0.26853088,-0.10092151,1,0.016878296,0.01570798,0.0056549273
1785207435692614441,0.9188652,-0.6312329,0.058511734,0.00016909339,0.00020788878,0.0041324603,1,0.03675265,6.04098,-5.0106153,0.115755446,0.11518366,0.084271714,0.9758922,-0.16498287,0.14194657,0.01631897,0,7,1785207435688974,1785207435688974,-0.2030412,-0.28723538,-0.0829194,1,0.016881626,0.015766613,0.005665126
1785207435704606870,1.0986283,-0.77983767,0.060907573,0.00019025746,0.00023448103,0.004084789,1,0.03395368,6.0372543,-5.012083,0.116171405,0.11561237,0.08451669,0.97698987,-0.1607876,0.13916425,0.016480392,0,7,1785207435696974,1785207435696974,-0.21740915,-0.30412644,-0.062325954,1,0.01688272,0.015827257,0.0056753317
1785207435712602414,1.2650766,-0.93430024,0.059307437,0.00021132105,0.00026041237,0.0040378803,1,0.031072687,6.0334315,-5.0133467,0.11659063,0.11604363,0.08476245,0.9782508,-0.15591702,0.13578784,0.01664339,0,7,1785207435704974,1785207435704974,-0.23071758,-0.31978667,-0.039290555,1,0.016884081,0.015890697,0.0056855474
1785207435724556310,1.5982379,-1.226982,0.059043437,0.00025229243,0.00031001872,0.00394675,1,0.0250984,6.0255337,-5.0151935,0.11743894,0.11691375,0.08525631,0.98117834,-0.14420013,0.12730916,0.01696533,0,7,1785207435720974,1785207435720974,-0.2538758,-0.34660062,0.012956804,1,0.016880838,0.016027357,0.0057060895
1785207435732594524,1.7550975,-1.3622711,0.059309382,0.00027203528,0.00033352533,0.0039035839,1,0.022021636,6.021481,-5.015748,0.11786821,0.11735268,0.08550442,0.98280203,-0.13734546,0.12224284,0.017120214,0,7,1785207435728974,1785207435728974,-0.26408547,-0.35809758,0.04169485,1,0.016883386,0.01610237,0.00571642
1785207435744575101,1.8890556,-1.4893026,0.05850784,0.00029088167,0.00035502968,0.003863313,1,0.01889344,6.0173707,-5.016039,0.118300885,0.11779418,0.08575332,0.9844851,-0.12992111,0.11666674,0.01727752,0,7,1785207435736974,1785207435736974,-0.27346522,-0.36855873,0.072302744,1,0.016891863,0.016183266,0.005726795
1785207435752593809,1.9974455,-1.6014229,0.056108925,0.00030852522,0.00037451924,0.0038262587,1,0.015719317,6.0132084,-5.01604,0.118737,0.118238255,0.08540876,0.9861881,-0.122026145,0.11062996,0.017426597,0,7,1785207435744974,1785207435744974,-0.28215367,-0.3782561,0.10417668,1,0.016904376,0.016270338,0.005717607
1785207435764609191,2.2424567,-1.8184698,0.057987448,0.0003398066,0.00040799397,0.0037616624,1,0.00925736,6.0047574,-5.015188,0.11961964,0.11913421,0.08590706,0.9895652,-0.104831405,0.097244084,0.017743569,0,7,1785207435760974,1785207435760974,-0.29710165,-0.39425674,0.16965267,1,0.016950611,0.016463634,0.005738662
1785207435772561173,2.3806756,-1.91887,0.053190604,0.00035290798,0.00042068204,0.0037359511,1,0.0059780153,6.0004888,-5.0143347,0.12006618,0.119586095,0.08615739,0.9912089,-0.09538602,0.08992904,0.01786532,0,7,1785207435768974,1785207435768974,-0.30386952,-0.4004626,0.20223689,1,0.016986568,0.016569786,0.00574927
1785207435784567558,2.489598,-2.0187392,0.051850963,0.0003639055,0.0004302452,0.0037154672,1,0.0026722138,5.996199,-5.013201,0.12051618,0.120040596,0.0864085,0.99278164,-0.08545976,0.08220875,0.01797295,0,7,1785207435776974,1785207435776974,-0.30994666,-0.40632465,0.23369877,1,0.017029999,0.016682213,0.0057599465
1785207435792570406,2.5692246,-2.0882504,0.052654065,0.00037280086,0.00043696308,0.0036999322,1,-0.0006581949,5.991891,-5.0118,0.12096964,0.12049773,0.086660415,0.9942445,-0.07516697,0.074169494,0.018072536,0,7,1785207435784974,1785207435784974,-0.31604928,-0.41181514,0.26368305,1,0.017080288,0.016799,0.005770689
1785207435804611727,2.6874719,-2.2192757,0.045187525,0.00038279532,0.00044071372,0.003685439,1,-0.0073849605,5.98323,-5.008268,0.12188672,0.12141983,0.08655623,0.99673796,-0.053816557,0.057312887,0.018232942,0,7,1785207435800974,1785207435800974,-0.3265468,-0.42112285,0.31529665,1,0.017198123,0.017034188,0.005771994
1785207435812594106,2.763638,-2.2919796,0.041467585,0.00038381392,0.00043734358,0.0036878693,1,-0.010771061,5.9788895,-5.006185,0.12235033,0.12188488,0.08680875,0.99774486,-0.042710047,0.048445903,0.01828216,0,7,1785207435808974,1785207435808974,-0.33073127,-0.42417264,0.33621675,1,0.01726352,0.017151514,0.0057827714
1785207435824577839,2.816634,-2.345777,0.039867453,0.00038211353,0.0004304126,0.003696579,1,-0.014168159,5.9745502,-5.003935,0.122817196,0.12235257,0.08706205,0.9985666,-0.031341232,0.039331574,0.01831628,0,7,1785207435816974,1785207435816974,-0.334864,-0.42669767,0.35219106,1,0.017331487,0.01726724,0.0057935524
1785207435832623397,2.8419337,-2.3649518,0.036945477,0.0003774709,0.00042024336,0.0037114678,1,-0.017574823,5.9702187,-5.001553,0.123287275,0.1228229,0.087316155,0.99918187,-0.019840432,0.030099414,0.01833306,0,7,1785207435824974,1785207435824974,-0.33847356,-0.428142,0.3643416,1,0.017400134,0.017379059,0.005804316
1785207435844599695,2.8547173,-2.4120896,0.03186933,0.00035950553,0.000389856,0.0037599788,1,-0.024388317,5.9616213,-4.996549,0.12423677,0.12377151,0.08782674,0.9997615,0.003256741,0.011427082,0.018321754,0,7,1785207435840974,1785207435840974,-0.34204736,-0.42611858,0.37089288,1,0.017537467,0.017592717,0.005825827
1785207435852623633,2.9010563,-2.4533687,0.02922218,0.00034658532,0.0003699388,0.003792896,1,-0.027776813,5.957385,-4.9940333,0.124716096,0.124249786,0.08808324,0.9997189,0.014977015,0.0018561626,0.018290237,0,7,1785207435848974,1785207435848974,-0.34230646,-0.42180717,0.3651487,1,0.017605906,0.017695758,0.0058365823
1785207435864573602,2.9069126,-2.4594963,0.03268078,0.00033117452,0.000347479,0.0038308492,1,-0.031143565,5.95321,-4.991566,0.12519842,0.12473072,0.088340536,0.9994445,0.026772587,-0.007776707,0.018262155,0,7,1785207435856974,1785207435856974,-0.341407,-0.4162183,0.35381678,1,0.017674105,0.01779669,0.005847352
1785207435872612347,2.8826807,-2.4259393,0.030820899,0.00031344855,0.00032283756,0.0038726223,1,-0.034476556,5.9491134,-4.9892135,0.12568364,0.12521422,0.0879681,0.9989428,0.038488824,-0.01730931,0.018227607,0,7,1785207435864974,1785207435864974,-0.33889183,-0.40760055,0.33475927,1,0.017741123,0.017894458,0.0058371555
1785207435884593946,2.8171685,-2.4107578,0.028419336,0.0002724756,0.00026823266,0.0039683697,1,-0.040982917,5.9412484,-4.985049,0.12666306,0.12618947,0.08848303,0.99728954,0.06143697,-0.03619711,0.018138427,0,7,1785207435880974,1785207435880974,-0.32744956,-0.38109922,0.27712238,1,0.017873254,0.01808322,0.005858698
1785207435892602735,2.7654989,-2.3622935,0.03028264,0.00024990682,0.00023946131,0.0040197973,1,-0.044125367,5.937527,-4.983322,0.12715712,0.12668115,0.0887417,0.9961523,0.072693676,-0.04549072,0.018081501,0,7,1785207435888974,1785207435888974,-0.31891608,-0.3639278,0.24321665,1,0.01793773,0.018174345,0.0058694864
1785207435904581648,2.6512504,-2.2797334,0.03373366,0.00022655,0.00021071635,0.004071987,1,-0.047173645,5.93397,-4.981852,0.12765406,0.12717554,0.08900117,0.9948523,0.083523035,-0.054471895,0.0180423,0,7,1785207435896974,1785207435896974,-0.30832878,-0.34462348,0.20924896,1,0.018001499,0.01826369,0.0058802916
1785207435912587541,2.5167613,-2.2198122,0.035315108,0.00020276889,0.00018246856,0.004124107,1,-0.050111853,5.9305935,-4.9806337,0.12815388,0.12767264,0.08926145,0.9934199,0.09381045,-0.063188516,0.017999338,0,7,1785207435904974,1785207435904974,-0.29567382,-0.32340032,0.17675835,1,0.018064575,0.018350374,0.005891107
1785207435924575632,2.337556,-2.0499203,0.03561303,0.00015060193,0.00012552842,0.004190998,1,-0.05450856,5.9262404,-4.9811687,0.10703504,0.10676076,0.080767795,0.990211,0.1131721,-0.07970412,0.017931314,0,7,1785207435920974,1785207435920974,-0.26714528,-0.2741769,0.11887634,1,0.014508274,0.0147490585,0.005493084
1785207435932598969,2.1822917,-1.9508524,0.036931086,0.0001281257,0.00010088154,0.0042382134,1,-0.055970665,5.9252505,-4.982833,0.10741272,0.1071352,0.08100078,0.98850137,0.122103915,-0.08738679,0.017871644,0,7,1785207435928974,1785207435928974,-0.250014,-0.24693075,0.092039175,1,0.01455975,0.014819744,0.0055036745
1785207435944569015,1.9956064,-1.8611035,0.032652844,0.00010687617,7.870513e-05,0.0042813662,1,-0.05730075,5.9244566,-4.9846344,0.10779257,0.10751173,0.08123452,0.9867818,0.13030031,-0.09469755,0.0177779,0,7,1785207435936974,1785207435936974,-0.23131248,-0.21894391,0.066234104,1,0.014611612,0.014891752,0.005514282
1785207435952606378,1.8712374,-1.7580385,0.030026356,8.733955e-05,5.9643637e-05,0.004320061,1,-0.058488,5.923868,-4.9865665,0.10817465,0.10789039,0.081469014,0.9850614,0.1378931,-0.101624735,0.017666837,0,7,1785207435944974,1785207435944974,-0.2117988,-0.18884678,0.04180491,1,0.014664979,0.014964824,0.005524901
1785207435964587927,1.5974638,-1.5292742,0.033730075,5.4235963e-05,3.197739e-05,0.00438103,1,-0.06040916,5.923361,-4.9907837,0.10894549,0.10865418,0.081940286,0.98167026,0.15165247,-0.11409912,0.017505966,0,7,1785207435960974,1785207435960974,-0.16970643,-0.12578613,-0.0031040998,1,0.014774045,0.01511022,0.0055461135
1785207435972633144,1.4006552,-1.4227487,0.03345908,4.1298896e-05,2.4041436e-05,0.004402005,1,-0.06111875,5.923458,-4.99306,0.10933425,0.10903937,0.082177065,0.9800938,0.15743174,-0.11970364,0.017397089,0,7,1785207435968974,1785207435968974,-0.14641352,-0.092803635,-0.02526286,1,0.01483095,0.015186081,0.005556713
1785207435984572874,1.2374034,-1.3199503,0.036135264,3.1288542e-05,2.0507507e-05,0.004415654,1,-0.061647825,5.9238005,-4.9954476,0.10972527,0.10942681,0.08241461,0.9786169,0.16250136,-0.124915786,0.01727698,0,7,1785207435976974,1785207435976974,-0.1223716,-0.058427572,-0.046636175,1,0.014888699,0.015262675,0.0055672913
1785207435992594367,1.1148977,-1.2054344,0.036672704,2.4385567e-05,2.1515334e-05,0.004421653,1,-0.061991468,5.9244027,-4.997926,0.11011854,0.109816514,0.08210393,0.9772276,0.16706544,-0.12969398,0.017166765,0,7,1785207435984974,1785207435984974,-0.09764223,-0.022679303,-0.06743631,1,0.014947409,0.015338158,0.00555994
1785207436004591605,0.74764735,-0.9694792,0.042254064,2.0128025e-05,3.7427155e-05,0.0044102194,1,-0.062087737,5.9264054,-5.003205,0.11091186,0.110602915,0.08257968,0.9748785,0.1741168,-0.1378714,0.016937748,0,7,1785207436000974,1785207436000974,-0.04468244,0.049918026,-0.10899661,1,0.015068943,0.01548864,0.00558083
1785207436012633907,0.5945165,-0.86694705,0.043058366,2.3023653e-05,5.25245e-05,0.0043919664,1,-0.061822493,5.927817,-5.0060077,0.11131189,0.11099967,0.08281871,0.97393394,0.17661507,-0.1413409,0.01680744,0,7,1785207436008974,1785207436008974,-0.016726842,0.08710346,-0.12937903,1,0.015131626,0.015562542,0.0055911974
1785207436024634841,0.4690818,-0.7510992,0.042263597,2.922659e-05,7.217695e-05,0.0043662256,1,-0.061343454,5.929506,-5.0089107,0.11171419,0.11139889,0.08305851,0.9731272,0.17859998,-0.14438638,0.016679995,0,7,1785207436016974,1785207436016974,0.010558339,0.12404256,-0.14697076,1,0.015196356,0.01563519,0.0056014755
1785207436032607932,0.3100917,-0.6264632,0.03533495,3.8622893e-05,9.60064e-05,0.0043331156,1,-0.060660936,5.9314604,-5.0118785,0.112118736,0.11180061,0.08329908,0.97248816,0.17999509,-0.14695294,0.016532546,0,7,1785207436024974,1785207436024974,0.036237787,0.1582306,-0.15872331,1,0.015263195,0.01570338,0.0056116553
1785207436044561378,0.009153732,-0.40009484,0.04146172,6.6638604e-05,0.00015551137,0.0042458307,1,-0.058739655,5.9360723,-5.0177836,0.11293446,0.112611726,0.08321847,0.97173727,0.18094373,-0.15074015,0.01623576,0,7,1785207436040974,1785207436040974,0.081695214,0.21700652,-0.15884948,1,0.015404591,0.015827544,0.0056132646
1785207436052605493,-0.112019934,-0.29969344,0.03933296,8.442119e-05,0.00018973873,0.004193943,1,-0.057535637,5.938677,-5.0205936,0.1133456,0.11302121,0.08345972,0.97159636,0.18062094,-0.1520467,0.016078917,0,7,1785207436048974,1785207436048974,0.10116041,0.24183123,-0.14728376,1,0.015479279,0.01588001,0.005623174
1785207436064601598,-0.23479185,-0.18198179,0.038000375,0.00010430519,0.00022561692,0.0041383035,1,-0.05619202,5.941452,-5.0232406,0.11375889,0.11343333,0.083701745,0.97160894,0.1798308,-0.15291622,0.015925484,0,7,1785207436056974,1785207436056974,0.118447185,0.2639119,-0.1298408,1,0.015557095,0.015925072,0.005633012
1785207436072581572,-0.3794015,-0.061606977,0.03799982,0.00012598594,0.00026296612,0.0040793982,1,-0.05472397,5.944373,-5.0256796,0.1141743,0.113848105,0.083944544,0.9717943,0.17848611,-0.15332897,0.015771525,0,7,1785207436064974,1785207436064974,0.13414699,0.28280702,-0.10682116,1,0.015638594,0.01596705,0.005642784
1785207436084585513,-0.6726139,0.14505285,0.038530085,0.0001726447,0.0003404547,0.003954748,1,-0.051461928,5.95058,-5.0297775,0.11501132,0.11468557,0.08443247,0.9726641,0.17406899,-0.15292649,0.015424938,0,7,1785207436080974,1785207436080974,0.16152452,0.3140059,-0.046535138,1,0.0158182,0.016036984,0.0056622103
1785207436092589051,-0.80843514,0.24891634,0.038263094,0.00019692734,0.00037792517,0.0038931237,1,-0.04968874,5.9538307,-5.031369,0.1154329,0.11510832,0.08467759,0.9733307,0.1710207,-0.15214314,0.01522585,0,7,1785207436088974,1785207436088974,0.1728747,0.32709825,-0.010649558,1,0.015919311,0.0160657,0.0056718835
1785207436104586189,-0.9461206,0.35650846,0.042524174,0.00022142229,0.0004142374,0.0038324469,1,-0.04783636,5.9571652,-5.0326223,0.11585652,0.11553375,0.08492349,0.9741438,0.16742703,-0.15095055,0.015030681,0,7,1785207436096974,1785207436096974,0.18314886,0.33901104,0.027824434,1,0.016030006,0.016093535,0.0056815213
1785207436112633450,-1.0811431,0.46676248,0.043322857,0.000245523,0.00045007298,0.00377264,1,-0.04591252,5.960573,-5.0335436,0.11628213,0.11596184,0.08458734,0.9750957,0.16329859,-0.14933862,0.014835823,0,7,1785207436104974,1785207436104974,0.19254808,0.34955865,0.067854054,1,0.016150305,0.016121449,0.005671997
1785207436124597315,-1.3762215,0.67954856,0.041458905,0.0002919749,0.0005144034,0.0036621208,1,-0.041866977,5.9675736,-5.0342836,0.117139354,0.11682608,0.08507963,0.97739655,0.15328933,-0.14488383,0.01438767,0,7,1785207436120974,1785207436120974,0.21015681,0.36755687,0.1515379,1,0.016426193,0.01617214,0.005691262
1785207436132581377,-1.5061827,0.7772893,0.048118547,0.00031400134,0.0005418243,0.0036128063,1,-0.03975321,5.971152,-5.0340843,0.11757097,0.11726223,0.08532695,0.9787121,0.14745298,-0.14205654,0.01415064,0,7,1785207436128974,1785207436128974,0.21825035,0.3753923,0.19530226,1,0.016584752,0.016199633,0.005700913
1785207436144607078,-1.6286892,0.8734276,0.049714055,0.00033484577,0.00056698854,0.00356693,1,-0.037583005,5.9747763,-5.033496,0.118004575,0.117701076,0.085575044,0.98010737,0.14111598,-0.13886103,0.01391245,0,7,1785207436136974,1785207436136974,0.22588475,0.38282615,0.23974758,1,0.016759045,0.016229754,0.005710587
1785207436152649410,-1.7413408,0.9711663,0.053443126,0.00035409335,0.00058862177,0.0035250613,1,-0.03536067,5.978442,-5.032514,0.11844015,0.11814253,0.085823916,0.9815666,0.13431215,-0.13527812,0.013679139,0,7,1785207436144974,1785207436144974,0.23295927,0.38978422,0.2846738,1,0.016946172,0.016261678,0.005720312
1785207436164617793,-2.000999,1.1764957,0.057439573,0.00038810362,0.0006205378,0.0034594042,1,-0.03076903,5.985882,-5.0294023,0.119317435,0.11903375,0.08572533,0.98463535,0.11919973,-0.12692788,0.013195393,0,7,1785207436160974,1785207436160974,0.24666516,0.4015614,0.3727332,1,0.017372247,0.016338445,0.005720176
1785207436172602847,-2.132027,1.2840873,0.057968475,0.00040263758,0.00063180196,0.0034337423,1,-0.028402036,5.9896464,-5.0272894,0.11975917,0.11948344,0.0859748,0.9862233,0.11082688,-0.12212179,0.012934406,0,7,1785207436168974,1785207436168974,0.25329924,0.40676576,0.4148238,1,0.017605573,0.016384482,0.005730076
1785207436184600986,-2.2547982,1.3796948,0.058240242,0.00041505514,0.00063969014,0.0034135722,1,-0.025987266,5.9934397,-5.0248146,0.12020301,0.11993585,0.086225055,0.98781514,0.101944424,-0.11691264,0.012657537,0,7,1785207436176974,1785207436176974,0.26033878,0.4121697,0.4545817,1,0.017837796,0.016434716,0.0057400707
1785207436192600067,-2.3602612,1.4603856,0.056642585,0.00042534454,0.0006438937,0.0033992152,1,-0.023518972,5.9972634,-5.022008,0.12064902,0.12039095,0.08647609,0.9893773,0.09261257,-0.11136639,0.012364752,0,7,1785207436184974,1785207436184974,0.2681752,0.4178154,0.48982474,1,0.018064255,0.016487472,0.005750151
1785207436204630657,-2.5695841,1.6494735,0.05556701,0.0004402468,0.0006424328,0.003386047,1,-0.018404312,6.0050054,-5.015559,0.12154778,0.12130915,0.086980514,0.99233997,0.072691485,-0.099198654,0.011705045,0,7,1785207436200974,1785207436200974,0.28485763,0.42881972,0.5440412,1,0.018478889,0.01659519,0.005770533
1785207436212614148,-2.674513,1.7647874,0.05582679,0.00044451328,0.00063731725,0.0033859252,1,-0.015755195,6.0089216,-5.0120144,0.122000605,0.121772036,0.08723391,0.99371606,0.062064618,-0.0924514,0.011364679,0,7,1785207436208974,1785207436208974,0.29365334,0.43397567,0.5618297,1,0.018666882,0.016648894,0.0057808096
1785207436224584585,-2.748283,1.8577307,0.052100513,0.00044661737,0.00062918046,0.0033920952,1,-0.013036943,6.012868,-5.008328,0.122455865,0.12223763,0.08748809,0.99498445,0.051091764,-0.0852909,0.011006719,0,7,1785207436216974,1785207436216974,0.30351654,0.43946412,0.5724719,1,0.018840736,0.016702538,0.0057911435
1785207436232591560,-2.7754476,1.9157872,0.046244666,0.00044657808,0.0006177777,0.0034036725,1,-0.0102436645,6.016845,-5.004553,0.12291358,0.12270579,0.08712462,0.9961073,0.039960314,-0.07785054,0.010626646,0,7,1785207436224974,1785207436224974,0.31373206,0.44451514,0.57804835,1,0.01900309,0.016755348,0.005781057
1785207436244584931,-2.849481,2.0100667,0.04703803,0.00044069937,0.00058555417,0.0034420462,1,-0.0044295215,6.0248494,-4.9969287,0.123836555,0.123649746,0.08763335,0.9978511,0.017294006,-0.062431168,0.009833567,0,7,1785207436240974,1785207436240974,0.33372235,0.44916567,0.5663417,1,0.019292869,0.016857803,0.005801929
1785207436252650416,-2.872918,2.0870302,0.047034055,0.00043473917,0.0005651546,0.0034685421,1,-0.0014141604,6.0288486,-4.9932218,0.124301895,0.12412552,0.087888904,0.9984641,0.0057505257,-0.05428975,0.009438274,0,7,1785207436248974,1785207436248974,0.3431049,0.449056,0.54581755,1,0.019427035,0.016907746,0.0058124173
1785207436264624891,-2.8534772,2.1144605,0.041179385,0.00042672604,0.00054214697,0.0034996986,1,0.0016727004,6.0328293,-4.9897094,0.124769844,0.12460381,0.08814525,0.99888515,-0.005773209,-0.04597714,0.009022567,0,7,1785207436256974,1785207436256974,0.35286802,0.4469642,0.5119186,1,0.01955366,0.016957339,0.0058229435
1785207436272618250,-2.824979,2.1136649,0.044659995,0.00041674744,0.0005164386,0.0035355224,1,0.0048314123,6.0367703,-4.986478,0.12524043,0.12508462,0.0884024,0.9991071,-0.017164292,-0.0376312,0.008618197,0,7,1785207436264974,1785207436264974,0.36211273,0.44180155,0.46983385,1,0.019674782,0.017006941,0.005833512
1785207436284628913,-2.7658582,2.159472,0.04889426,0.0003910781,0.00045784644,0.0036192797,1,0.011313192,6.0444345,-4.981006,0.12618956,0.12605368,0.08828403,0.99896467,-0.039745037,-0.020705214,0.007835941,0,7,1785207436280974,1785207436280974,0.37394035,0.4227992,0.38060135,1,0.019899003,0.017104493,0.0058336803
1785207436292634466,-2.6308389,2.1144614,0.04570191,0.00037586584,0.00042602472,0.0036664498,1,0.014605025,6.0481215,-4.978757,0.12666824,0.12654206,0.08854173,0.9986218,-0.050478376,-0.012281914,0.007458142,0,7,1785207436288974,1785207436288974,0.37784648,0.41101894,0.33864906,1,0.020008467,0.017153317,0.0058443416
1785207436304590987,-2.509661,2.0465548,0.046256404,0.00035911554,0.00039304583,0.0037163133,1,0.017916685,6.051696,-4.976811,0.12714967,0.12703298,0.08880024,0.9981241,-0.060672414,-0.004108668,0.0070912438,0,7,1785207436296974,1785207436296974,0.37998036,0.39659184,0.29931682,1,0.020115677,0.01720202,0.0058550294
1785207436312583565,-2.3948817,2.0090013,0.043832928,0.00034095248,0.00035914086,0.0037685188,1,0.02123286,6.0551353,-4.975144,0.12763388,0.12752643,0.08905955,0.99748755,-0.0704164,0.0038704237,0.0067354944,0,7,1785207436304974,1785207436304974,0.37990427,0.3799685,0.26343548,1,0.020218968,0.017251372,0.0058657513
1785207436324584219,-2.062538,1.8961116,0.034235496,0.0002896586,0.00027645848,0.0037867131,1,0.026050944,6.0598636,-4.9752755,0.10719736,0.10668096,0.08113407,0.9959116,-0.08803835,0.019329386,0.0059872977,0,7,1785207436320974,1785207436320974,0.37322372,0.342316,0.19738488,1,0.01608538,0.013934359,0.0054887803
1785207436332584862,-1.8883677,1.8021014,0.03079078,0.00026840568,0.00024240187,0.0038421531,1,0.0275666,6.061169,-4.9769783,0.10755596,0.10705635,0.080835655,0.9950351,-0.09573931,0.02658869,0.005671185,0,7,1785207436328974,1785207436328974,0.36766768,0.32071504,0.16568053,1,0.01617352,0.013979817,0.0054821526
1785207436344572582,-1.7416257,1.7214096,0.029186022,0.0002466214,0.000209072,0.0038973973,1,0.029068591,6.062328,-4.978841,0.10791668,0.10743377,0.08106858,0.9941177,-0.10285131,0.033509172,0.0053596734,0,7,1785207436336974,1785207436336974,0.3604464,0.2975546,0.1352171,1,0.016267832,0.014028677,0.0054927487
1785207436352621426,-1.5607988,1.6396489,0.027850281,0.00022449004,0.00017703604,0.0039516967,1,0.030543348,6.063331,-4.980856,0.108279526,0.107813254,0.08130227,0.9931915,-0.10925368,0.040110525,0.005058534,0,7,1785207436344974,1785207436344974,0.35191932,0.27350965,0.105687074,1,0.016366854,0.014081049,0.005503365
1785207436364585631,-1.2228432,1.4572237,0.019869445,0.00017919551,0.00011815369,0.0040558665,1,0.033370066,6.064822,-4.9853477,0.10901174,0.10857846,0.0817719,0.9913923,-0.1199778,0.05222242,0.0044303345,0,7,1785207436360974,1785207436360974,0.33110183,0.22114,0.045928385,1,0.016580408,0.014197546,0.005524633
1785207436372613005,-1.0745057,1.3621483,0.017209124,0.00015659806,9.25432e-05,0.0041042035,1,0.03469824,6.0652876,-4.987833,0.109381184,0.10896428,0.082007855,0.9905425,-0.124401115,0.05773116,0.004123598,0,7,1785207436368974,1785207436368974,0.3188396,0.19282532,0.01566237,1,0.016699731,0.014263888,0.005535291
1785207436384576429,-0.92110586,1.271602,0.020671615,0.00013487345,7.047204e-05,0.004148127,1,0.035955,6.0655518,-4.9904895,0.1097529,0.10935229,0.082244575,0.9897467,-0.12819709,0.06286719,0.003833464,0,7,1785207436376974,1785207436376974,0.30506697,0.16337608,-0.016572945,1,0.016822083,0.014334369,0.005545958
1785207436392557275,-0.819641,1.201027,0.019879835,0.00011455971,5.223268e-05,0.0041868077,1,0.037123475,6.0655975,-4.9933424,0.11012693,0.10974252,0.0819353,0.98899,-0.13153836,0.06770379,0.0035585172,0,7,1785207436384974,1785207436384974,0.28886476,0.13111606,-0.05295427,1,0.016940087,0.014409653,0.0055388696
1785207436404582796,-0.67396444,1.1237963,0.028669005,7.826116e-05,2.7853603e-05,0.004247735,1,0.03912483,6.0649652,-4.999748,0.11088224,0.11052981,0.082409404,0.98754686,-0.13725916,0.07682371,0.0030457801,0,7,1785207436400974,1785207436400974,0.2512912,0.06228557,-0.13034345,1,0.017172132,0.014577127,0.005560201
1785207436412600431,-0.61883724,1.0950339,0.03479829,6.2811465e-05,2.2229013e-05,0.0042689317,1,0.039935593,6.064273,-5.0033007,0.11126368,0.11092697,0.0826476,0.9868479,-0.13974416,0.08120913,0.0028247177,0,7,1785207436408974,1785207436408974,0.23115443,0.027547523,-0.16656615,1,0.01728814,0.014673086,0.005570873
1785207436424554898,-0.5900758,1.0739961,0.04012776,4.9700597e-05,2.104785e-05,0.0042832033,1,0.040612496,6.0633283,-5.0070596,0.111647725,0.111326516,0.08288657,0.9861501,-0.142098,0.08549523,0.002627432,0,7,1785207436416974,1785207436416974,0.21086295,-0.006224883,-0.19826333,1,0.017390983,0.014773686,0.005581543
1785207436432585778,-0.5368143,1.0596141,0.040656954,3.8970167e-05,2.4245684e-05,0.0042908564,1,0.04115569,6.062151,-5.0109735,0.11203455,0.111728586,0.08312631,0.9854615,-0.1442561,0.08972169,0.002434426,0,7,1785207436424974,1785207436424974,0.19096309,-0.037310503,-0.22166173,1,0.017477486,0.014874366,0.005592179
1785207436444608003,-0.36743626,0.97359467,0.048641622,2.4846831e-05,4.277046e-05,0.004286692,1,0.041875232,6.0591846,-5.0189815,0.11281675,0.11254027,0.08360809,0.9841852,-0.14770402,0.09776847,0.0020671785,0,7,1785207436440974,1785207436440974,0.1561075,-0.08954465,-0.23823299,1,0.017608672,0.015065969,0.005613324
1785207436452644253,-0.2819495,0.916869,0.046780057,2.1633563e-05,5.691036e-05,0.004275882,1,0.042078022,6.0574503,-5.0229125,0.1132122,0.11294989,0.08328518,0.9836337,-0.14887953,0.10146962,0.001884887,0,7,1785207436448974,1785207436448974,0.14104375,-0.11124313,-0.23196058,1,0.017649764,0.015156617,0.0056053875
1785207436464600965,-0.18607403,0.8585465,0.051570643,2.0746706e-05,7.3690295e-05,0.0042601046,1,0.042189017,6.0555763,-5.026705,0.11361061,0.11336206,0.08352639,0.9831451,-0.14969732,0.10494549,0.0017087191,0,7,1785207436456974,1785207436456974,0.12698789,-0.13017182,-0.21794821,1,0.017673856,0.015241493,0.005615849
1785207436472567854,-0.07874945,0.7922335,0.053967904,2.203669e-05,9.2345275e-05,0.004240274,1,0.04221897,6.0535855,-5.030292,0.11401202,0.11377676,0.08376837,0.98273623,-0.15008853,0.108169824,0.0015418361,0,7,1785207436464974,1785207436464974,0.11480359,-0.14611112,-0.19520216,1,0.017687624,0.015320798,0.005626256
1785207436484572275,0.16732746,0.6404335,0.05982361,3.0257519e-05,0.0001320817,0.00419254,1,0.042085264,6.0493326,-5.036629,0.1148239,0.114613764,0.08425466,0.9821967,-0.14948338,0.11376726,0.0012087317,0,7,1785207436480974,1785207436480974,0.094411366,-0.1711775,-0.13122545,1,0.017689614,0.015472205,0.0056469846
1785207436492628213,0.2919614,0.55787593,0.057961963,3.66225e-05,0.00015229176,0.004165768,1,0.041939262,6.0471025,-5.039296,0.11523432,0.11503601,0.08449898,0.9820854,-0.14843231,0.11608226,0.0010391364,0,7,1785207436488974,1785207436488974,0.08568144,-0.18107906,-0.09267196,1,0.017674599,0.015542381,0.0056573055
1785207436504623898,0.40940747,0.47638276,0.0582288,4.4187764e-05,0.00017187833,0.0041387253,1,0.04174956,6.0448184,-5.041549,0.115647905,0.11546087,0.08416703,0.98207617,-0.14691332,0.11807655,0.00085496646,0,7,1785207436496974,1785207436496974,0.077845275,-0.18995576,-0.050585564,1,0.01765613,0.015610642,0.0056486814
1785207436512562193,0.5177982,0.39675406,0.060360275,5.265666e-05,0.00019043755,0.0041118045,1,0.0415231,6.0424886,-5.0434017,0.116064586,0.1158883,0.08441125,0.98216367,-0.1449614,0.119751595,0.00067253446,0,7,1785207436504974,1785207436504974,0.070800416,-0.19766061,-0.0049666474,1,0.01763088,0.01567764,0.005658961
1785207436524575361,0.73804164,0.23856227,0.067284256,7.137641e-05,0.00022340693,0.0040603303,1,0.04097944,6.03772,-5.0458226,0.11690728,0.116750866,0.084902026,0.98262024,-0.1397526,0.12217453,0.0003154838,0,7,1785207436520974,1785207436520974,0.058453906,-0.21076949,0.09298281,1,0.01756857,0.015807461,0.0056794966
1785207436532587656,0.84190506,0.15520477,0.07127873,8.118968e-05,0.00023743942,0.0040365895,1,0.040668108,6.035292,-5.046364,0.11733333,0.117186025,0.08514859,0.98298395,-0.13651665,0.12290569,0.00014683095,0,7,1785207436528974,1785207436528974,0.052617885,-0.21644111,0.14406885,1,0.01753451,0.015872093,0.005689769
1785207436544553244,0.9463007,0.08143645,0.07367719,9.1200935e-05,0.0002501527,0.0040139696,1,0.0403324,6.0328403,-5.046449,0.117762536,0.11762379,0.08539594,0.98343015,-0.13286608,0.1233358,-1.5149517e-05,0,7,1785207436536974,1785207436536974,0.04717084,-0.22152223,0.19606403,1,0.017494693,0.015937336,0.005700062
1785207436552615403,1.0504307,0.0010086577,0.07314272,0.00010147557,0.00026183185,0.0039921203,1,0.03997535,6.030368,-5.0460715,0.11819495,0.11806419,0.08564408,0.9839547,-0.12880789,0.1234572,-0.00019267449,0,7,1785207436544974,1785207436544974,0.041958608,-0.22607271,0.24902022,1,0.01745485,0.016003827,0.0057103797
1785207436564614955,1.2581567,-0.15878166,0.07474137,0.00012307659,0.00028273108,0.003949397,1,0.039196383,6.025375,-5.043939,0.11906934,0.11895279,0.08554655,0.98522425,-0.11945035,0.12273749,-0.0005880004,0,7,1785207436560974,1785207436560974,0.031472534,-0.23449446,0.35441568,1,0.017386187,0.016139425,0.0057114656
1785207436572619586,1.3550959,-0.23281705,0.07687254,0.00013440356,0.00029242196,0.003928483,1,0.03877184,6.0228553,-5.0421953,0.11951142,0.11940112,0.085795335,0.98595065,-0.11417545,0.12192064,-0.000790837,0,7,1785207436568974,1785207436568974,0.025849594,-0.23862486,0.40580893,1,0.017363371,0.016208788,0.0057218517
1785207436584589152,1.4538993,-0.31297845,0.08033336,0.0001461358,0.0003014325,0.003907843,1,0.038322,6.02032,-5.0400057,0.11995669,0.119852096,0.08604491,0.9867287,-0.108513005,0.12079112,-0.0009948503,0,7,1785207436576974,1785207436576974,0.020156266,-0.24269056,0.45570618,1,0.017351126,0.016276984,0.0057322285
1785207436592602889,1.5537678,-0.39260614,0.08113314,0.00015810362,0.00030953338,0.0038878776,1,0.037843693,6.017769,-5.0373883,0.12040507,0.12030569,0.08629527,0.9875534,-0.1024467,0.119337946,-0.0012075735,0,7,1785207436584974,1785207436584974,0.013993638,-0.24683328,0.50327295,1,0.017348142,0.016343718,0.0057425955
1785207436604598023,1.656566,-0.47676256,0.083528005,0.00017001557,0.00031604685,0.003869556,1,0.037333976,6.0152,-5.0343637,0.12085649,0.12076187,0.08654642,0.98841614,-0.09597956,0.11755697,-0.001429643,0,7,1785207436592974,1785207436592974,0.007456805,-0.251175,0.5476857,1,0.017353885,0.016407091,0.0057529276
1785207436612766473,1.8520421,-0.64880276,0.081929795,0.00019301353,0.0003245571,0.0038382502,1,0.036191802,6.009999,-5.0272336,0.1217681,0.121681884,0.08705109,0.99022484,-0.081831545,0.112937234,-0.0019317897,0,7,1785207436608974,1785207436608974,-0.008605318,-0.26084012,0.62297875,1,0.017379783,0.016526377,0.0057735303
1785207436624682648,1.9404584,-0.7316274,0.08326182,0.00020387552,0.00032617568,0.0038258694,1,0.03554556,6.007363,-5.023195,0.122228175,0.12214566,0.08669231,0.9911409,-0.074217655,0.110121496,-0.0022011239,0,7,1785207436616974,1785207436616974,-0.01770373,-0.2657245,0.65452296,1,0.01739943,0.0165814,0.005763549
1785207436632630411,2.0373974,-0.81152034,0.08326405,0.0002141016,0.0003258465,0.0038156372,1,0.034837995,6.0047,-5.0188947,0.12269085,0.122611776,0.08694485,0.9920514,-0.06621158,0.106976286,-0.0024868378,0,7,1785207436624974,1785207436624974,-0.027914297,-0.2708518,0.6798825,1,0.01742079,0.016633129,0.0057737767
1785207436644623972,2.1806755,-0.98755616,0.079000786,0.0002319478,0.00031864806,0.0038051961,1,0.03320288,5.999289,-5.0097547,0.1236246,0.123551674,0.08745231,0.9938009,-0.049284853,0.099604264,-0.00312594,0,7,1785207436640974,1785207436640974,-0.05249013,-0.2818699,0.70373136,1,0.017473718,0.01673185,0.005794174
1785207436652661384,2.2264822,-1.0541341,0.0742067,0.00023936635,0.0003120156,0.003804513,1,0.032251123,5.996539,-5.005069,0.12409545,0.12402529,0.08770722,0.99460524,-0.040467493,0.09545021,-0.0034770228,0,7,1785207436648974,1785207436648974,-0.066711865,-0.2870377,0.70279396,1,0.017501548,0.016778942,0.0058043753
1785207436664625800,2.2754838,-1.1137897,0.073945634,0.0002457208,0.0003036267,0.0038066509,1,0.03119766,5.9937634,-5.0003877,0.12456892,0.124501355,0.08796294,0.99534214,-0.031470466,0.09104345,-0.0038401284,0,7,1785207436656974,1785207436656974,-0.08197558,-0.2914924,0.69416714,1,0.017530158,0.016824368,0.0058145784
1785207436672651711,2.3271494,-1.1641235,0.07288104,0.00025100366,0.0002935539,0.0038115433,1,0.030033823,5.9909716,-4.995789,0.12504499,0.124979846,0.08821945,0.99600154,-0.022253454,0.086418085,-0.0042219628,0,7,1785207436664974,1785207436664974,-0.09808121,-0.29421413,0.6749569,1,0.017559212,0.016868673,0.005824793
1785207436684650061,2.2978556,-1.2554675,0.06248673,0.00025812988,0.0002688102,0.0038293663,1,0.027357912,5.9853864,-4.9871264,0.12600486,0.1259441,0.08810241,0.99704844,-0.0037769119,0.076518625,-0.005024801,0,7,1785207436680987,1785207436680987,-0.13162518,-0.29609832,0.61505234,1,0.017619366,0.016955642,0.0058242907
1785207436692673237,2.2698889,-1.2738498,0.06515903,0.00025995207,0.0002544628,0.0038419971,1,0.025838759,5.9826126,-4.9831543,0.12648867,0.12642989,0.08835947,0.99741966,0.005279465,0.07139202,-0.0054291044,0,7,1785207436688987,1785207436688987,-0.1483039,-0.29423064,0.57874036,1,0.017650599,0.016998751,0.005834542
1785207436704565035,2.2240856,-1.277574,0.061958145,0.00026056077,0.00023899048,0.0038566736,1,0.024202665,5.979877,-4.9794607,0.12697484,0.12691791,0.08861733,0.99768615,0.014184541,0.06623667,-0.005823506,0,7,1785207436696987,1785207436696987,-0.16439295,-0.28988874,0.5383165,1,0.017681507,0.017040852,0.005844812
1785207436712608078,2.1369994,-1.2882289,0.061681293,0.00025993536,0.00022257364,0.0038738206,1,0.022455739,5.9771957,-4.976083,0.12746377,0.12740858,0.088876,0.9978561,0.022780133,0.061039504,-0.006205102,0,7,1785207436704987,1785207436704987,-0.17947893,-0.2835858,0.49342537,1,0.017714141,0.01708415,0.005855105
1785207436724584818,2.0054533,-1.2813158,0.05158857,0.00025274907,0.00018696947,0.0039017908,1,0.019181214,5.9729633,-4.9732265,0.106783144,0.10665999,0.08098385,0.99793273,0.039003022,0.05059979,-0.006979082,0,7,1785207436720987,1785207436720987,-0.20744605,-0.2629936,0.3939774,1,0.014250275,0.013813636,0.0054789847
1785207436732637188,1.9415369,-1.2738603,0.055036504,0.00024858917,0.0001688972,0.0039241314,1,0.017657172,5.971438,-4.973723,0.107153654,0.10703367,0.08121701,0.9978435,0.046794847,0.045438364,-0.0073564937,0,7,1785207436728987,1785207436728987,-0.21924484,-0.24849859,0.34104002,1,0.014280524,0.01385391,0.005489191
1785207436744572269,1.8584467,-1.2839798,0.05609536,0.00024323692,0.00015066205,0.003947827,1,0.016046217,5.9700265,-4.974517,0.10752622,0.10740929,0.08091774,0.9976856,0.05425682,0.040251642,-0.00771483,0,7,1785207436736987,1785207436736987,-0.2293666,-0.23179029,0.2876289,1,0.014312003,0.013896255,0.005482188
1785207436752599141,1.8065166,-1.2847759,0.053714935,0.00023671545,0.00013251133,0.0039726095,1,0.014358603,5.9687433,-4.975646,0.10790086,0.10778688,0.081150874,0.9974616,0.061462164,0.03503908,-0.008065523,0,7,1785207436744987,1785207436744987,-0.23850718,-0.21336417,0.23393752,1,0.014344946,0.013941077,0.005492447
1785207436764597060,1.6885381,-1.2719953,0.050770395,0.00022009965,9.747739e-05,0.00402433,1,0.010791431,5.9666286,-4.978916,0.1086564,0.108547956,0.081619404,0.996817,0.07528322,0.024719508,-0.008789257,0,7,1785207436760987,1785207436760987,-0.25220683,-0.17085563,0.12763537,1,0.014416049,0.014041977,0.0055130576
1785207436772584478,1.5788164,-1.2903708,0.052356444,0.00021023508,8.131996e-05,0.004050464,1,0.008942206,5.9658213,-4.9810557,0.10903738,0.108931534,0.081854805,0.996429,0.081639335,0.019516991,-0.009129196,0,7,1785207436768987,1785207436768987,-0.256067,-0.1479765,0.07518816,1,0.014455355,0.014098267,0.0055234022
1785207436784619337,1.5154334,-1.2938317,0.049980238,0.0001994734,6.637712e-05,0.0040762844,1,0.007066042,5.9651923,-4.9835267,0.109420516,0.10931715,0.08209096,0.9960016,0.08767842,0.014272844,-0.00947284,0,7,1785207436776987,1785207436776987,-0.25924322,-0.12353008,0.024146464,1,0.014497707,0.0141600985,0.0055337767
1785207436792612246,1.4272821,-1.2711964,0.049173024,0.00018780967,5.3088483e-05,0.00410135,1,0.0051672063,5.964752,-4.9863286,0.109805845,0.10970483,0.08178315,0.9955371,0.09341759,0.009106915,-0.009813233,0,7,1785207436784987,1785207436784987,-0.26152405,-0.09866242,-0.024659134,1,0.014543973,0.014228949,0.005526502
1785207436804639230,1.139128,-1.250424,0.05075776,0.00016249345,3.272903e-05,0.0041472614,1,0.0013487636,5.964448,-4.9928317,0.110583276,0.11048658,0.082256116,0.9945974,0.103274934,-0.0010285663,-0.010458858,0,7,1785207436800987,1785207436800987,-0.26140398,-0.04774492,-0.11678512,1,0.014652964,0.014393262,0.0055473726
1785207436812691370,1.0312703,-1.2317809,0.049973097,0.00014943084,2.6204922e-05,0.004166968,1,-0.0005517092,5.964592,-4.9965067,0.11097546,0.11088072,0.08249374,0.994137,0.10742101,-0.0060272077,-0.010772166,0,7,1785207436808987,1785207436808987,-0.26014432,-0.021127945,-0.15973015,1,0.014715351,0.014487415,0.005557833
1785207436824609268,0.88612735,-1.1886387,0.05156268,0.00013638184,2.2359285e-05,0.004183984,1,-0.0024371836,5.9649396,-5.0004425,0.11137,0.11127709,0.082732126,0.9936947,0.111041725,-0.0108649535,-0.01106833,0,7,1785207436816987,1785207436816987,-0.25759467,0.0050679157,-0.19976798,1,0.014786239,0.014591372,0.00556829
1785207436832644687,0.72260934,-1.1529526,0.053422853,0.00012338471,2.1402957e-05,0.0041980594,1,-0.0042968495,5.965485,-5.0046077,0.11176693,0.111675754,0.082971275,0.9932921,0.11402032,-0.015538013,-0.011347117,0,7,1785207436824987,1785207436824987,-0.25377133,0.030716086,-0.23483612,1,0.014863575,0.014703065,0.005578752
1785207436844610415,0.4680127,-1.1252553,0.052368052,9.8741424e-05,2.8089105e-05,0.004216135,1,-0.007907604,5.967138,-5.013403,0.112568,0.112480074,0.08345187,0.9926043,0.1182632,-0.024674248,-0.0119066285,0,7,1785207436840987,1785207436840987,-0.24397194,0.07682696,-0.27612302,1,0.015033543,0.014946346,0.005599669
1785207436852702992,0.3582892,-1.0948957,0.05396288,8.753594e-05,3.549092e-05,0.004220063,1,-0.009652222,5.9682083,-5.0178437,0.11297223,0.11288587,0.08313044,0.9923036,0.11974149,-0.02910309,-0.012188082,0,7,1785207436848987,1785207436848987,-0.23885833,0.09604426,-0.28077692,1,0.015128676,0.015074439,0.00559173
1785207436864645236,0.23152314,-1.0602746,0.056091275,7.712738e-05,4.5212983e-05,0.0042208764,1,-0.011354924,5.969415,-5.022223,0.11337893,0.11329413,0.083371036,0.992046,0.12072701,-0.03338634,-0.012456599,0,7,1785207436856987,1785207436856987,-0.23352447,0.112903796,-0.2762935,1,0.015230516,0.015205467,0.005602123
1785207436872603128,0.101827174,-1.044562,0.059020262,6.754657e-05,5.6878445e-05,0.00421892,1,-0.013014908,5.970738,-5.0264654,0.113788106,0.113704905,0.08361239,0.9918355,0.12119555,-0.03758173,-0.012722007,0,7,1785207436864987,1785207436864987,-0.22813974,0.12702668,-0.2620333,1,0.015339024,0.015339434,0.0056124893
1785207436884596228,-0.08992051,-1.017397,0.061159395,5.1270996e-05,8.575911e-05,0.004206577,1,-0.016209757,5.973662,-5.0342674,0.11461391,0.11453412,0.084097415,0.99152315,0.120857485,-0.045817893,-0.013272893,0,7,1785207436880987,1785207436880987,-0.21804948,0.15014409,-0.20930742,1,0.015582549,0.01561024,0.0056330916
1785207436892622359,-0.17114699,-0.99422765,0.06541951,4.4464432e-05,0.00010235265,0.0041969223,1,-0.017750068,5.975237,-5.0377126,0.11503055,0.114952646,0.08434108,0.9914075,0.12019468,-0.04981113,-0.013536475,0,7,1785207436888987,1785207436888987,-0.21351637,0.1592144,-0.17370549,1,0.015716441,0.01574183,0.005643338
1785207436904599249,-0.26542276,-0.9644005,0.06648159,3.8522554e-05,0.00012016458,0.0041851853,1,-0.019256359,5.9768715,-5.0408015,0.11544968,0.11537382,0.08458552,0.9913246,0.11917484,-0.053689405,-0.013799122,0,7,1785207436896987,1785207436896987,-0.20939584,0.1669335,-0.13418284,1,0.015858348,0.015872212,0.0056535606
1785207436912620511,-0.37381333,-0.9311116,0.07074012,3.351582e-05,0.00013926557,0.0041709035,1,-0.02073063,5.978555,-5.0434813,0.11587123,0.115797564,0.084252514,0.9912837,0.11773177,-0.057432204,-0.0140538905,0,7,1785207436904987,1785207436904987,-0.20556578,0.17329691,-0.09126263,1,0.016008524,0.015999166,0.005644816
1785207436924593933,-0.58154005,-0.8703911,0.071542084,2.6146961e-05,0.00017929546,0.0041385153,1,-0.02359391,5.9820347,-5.04759,0.11672207,0.11665341,0.084741905,0.9913261,0.113563314,-0.0645228,-0.014588337,0,7,1785207436920987,1785207436920987,-0.19857019,0.18340622,0.0049549947,1,0.016337987,0.016235825,0.0056651128
1785207436932621367,-0.66968936,-0.83976555,0.072607614,2.3756927e-05,0.0001996393,0.0041206987,1,-0.024986984,5.9838157,-5.048965,0.1171513,0.11708546,0.08498776,0.9913965,0.11092517,-0.06788142,-0.014857529,0,7,1785207436928987,1785207436928987,-0.19529162,0.18715253,0.05770368,1,0.01651742,0.016348807,0.0056752358
1785207436944602084,-0.74825394,-0.81126857,0.07553849,2.2281967e-05,0.00022008657,0.004101864,1,-0.026355343,5.9856176,-5.0498624,0.11758309,0.11752027,0.085234396,0.99149203,0.10796439,-0.071121685,-0.015133102,0,7,1785207436936987,1785207436936987,-0.19215792,0.1907706,0.112136655,1,0.016704075,0.016457899,0.005685358
1785207436952669613,-0.81776166,-0.777447,0.07580612,2.1678536e-05,0.00023967396,0.00408302,1,-0.027701208,5.987438,-5.0502734,0.118017465,0.11795787,0.08548181,0.9916088,0.10471686,-0.07422371,-0.0154078975,0,7,1785207436944987,1785207436944987,-0.18926753,0.1937674,0.16767499,1,0.016899178,0.01656026,0.0056954706
1785207436964611376,-0.9663673,-0.7119319,0.0829958,2.2951284e-05,0.00027457037,0.0040471307,1,-0.030328149,5.991122,-5.049604,0.118894055,0.118841454,0.085978955,0.99189913,0.097359404,-0.080018215,-0.015951602,0,7,1785207436960987,1785207436960987,-0.18359224,0.19892125,0.28195632,1,0.017315414,0.016751349,0.005715692
1785207436972614584,-1.040668,-0.67970973,0.08406055,2.4729472e-05,0.000289726,0.0040303366,1,-0.031610973,5.9929814,-5.04852,0.11933631,0.11928747,0.08563134,0.9920697,0.09323271,-0.08271851,-0.016217694,0,7,1785207436968987,1785207436968987,-0.18082795,0.20103054,0.34061915,1,0.017534109,0.01683918,0.005706169
1785207436984590882,-1.1187003,-0.64801604,0.08885562,2.7161263e-05,0.0003024719,0.004014797,1,-0.032872133,5.9948473,-5.046925,0.119781114,0.11973615,0.08588014,0.9922548,0.088799655,-0.08528345,-0.016488072,0,7,1785207436976987,1785207436976987,-0.1777698,0.2029474,0.39883316,1,0.017753934,0.016918693,0.005716286
1785207436992610061,-1.1919364,-0.6152606,0.09018702,3.0250403e-05,0.00031283303,0.0040014884,1,-0.034109954,5.9967217,-5.0448284,0.12022876,0.1201878,0.08612971,0.99245024,0.08406852,-0.08771641,-0.016758626,0,7,1785207436984987,1785207436984987,-0.17454696,0.20487091,0.4555243,1,0.017970756,0.016991548,0.005726425
1785207437004617858,-1.3469328,-0.5454848,0.09471442,3.8240763e-05,0.00032812095,0.0039784964,1,-0.036505837,6.0004935,-5.0391994,0.12113221,0.1210994,0.086631216,0.9928653,0.073681,-0.09213754,-0.01733004,0,7,1785207437000987,1785207437000987,-0.16661792,0.20876892,0.5614792,1,0.018362293,0.017113442,0.0057467893
1785207437012646624,-1.419104,-0.5079353,0.09471407,4.2981534e-05,0.00033275172,0.003969268,1,-0.037652876,6.002395,-5.0357137,0.12158802,0.121559285,0.08688314,0.99307615,0.06804375,-0.0941234,-0.017627984,0,7,1785207437008987,1785207437008987,-0.16152507,0.2112312,0.6103812,1,0.018535478,0.017165506,0.0057570133
1785207437024603685,-1.483286,-0.47251594,0.090719335,4.8208774e-05,0.00033508512,0.003961851,1,-0.03875888,6.004309,-5.0318108,0.12204656,0.12202184,0.08713586,0.99328095,0.062146332,-0.0959616,-0.017953008,0,7,1785207437016987,1785207437016987,-0.1558226,0.21359254,0.6558553,1,0.018689765,0.017211655,0.0057672653
1785207437032609288,-1.5562576,-0.4187181,0.09284484,5.394929e-05,0.00033534825,0.003955991,1,-0.039817315,6.006236,-5.027545,0.122507825,0.12248703,0.08677588,0.99348295,0.055967957,-0.09759444,-0.01829213,0,7,1785207437024987,1785207437024987,-0.14913704,0.21619654,0.6957641,1,0.018830916,0.017253537,0.005757303
1785207437044578101,-1.6840892,-0.3076649,0.10030269,6.674209e-05,0.00033123803,0.003947125,1,-0.041755106,6.0101404,-5.018077,0.12343836,0.123425,0.08728171,0.9938677,0.042809993,-0.10017514,-0.018958172,0,7,1785207437040987,1785207437040987,-0.13157022,0.22211908,0.75467867,1,0.01907091,0.017327923,0.0057778987
1785207437052631965,-1.734689,-0.25946167,0.097642995,7.3663876e-05,0.00032693092,0.003944654,1,-0.042608887,6.0121164,-5.012997,0.12390782,0.123897925,0.08753582,0.99403685,0.03590414,-0.10113815,-0.019309398,0,7,1785207437048987,1785207437048987,-0.12037933,0.22460333,0.7738354,1,0.019175978,0.017363708,0.0057882285
1785207437064591491,-1.777566,-0.21338879,0.09764284,8.083135e-05,0.00032079144,0.0039437707,1,-0.043368798,6.014106,-5.007756,0.124380015,0.1243734,0.08779073,0.9941814,0.028817836,-0.10191136,-0.019671418,0,7,1785207437056987,1785207437056987,-0.10760811,0.22698909,0.7859105,1,0.019271197,0.017398521,0.005798579
1785207437072584710,-1.809258,-0.1619872,0.10137038,8.819703e-05,0.00031280218,0.0039445395,1,-0.044021286,6.0161085,-5.0024247,0.12485496,0.12485141,0.08804643,0.99429923,0.021596642,-0.10247646,-0.020033523,0,7,1785207437064987,1785207437064987,-0.09302702,0.2293972,0.78865284,1,0.019359788,0.01743199,0.005808946
1785207437084577949,-1.844678,-0.029364076,0.103765905,0.000103414684,0.00029230365,0.0039501125,1,-0.044936758,6.020138,-4.991815,0.12581313,0.125815,0.08856024,0.9944608,0.0068955016,-0.10281303,-0.020730231,0,7,1785207437080987,1785207437080987,-0.05672219,0.23126507,0.7599108,1,0.019512692,0.017495347,0.0058297385
1785207437092600293,-1.8334924,0.012980786,0.10403802,0.00011120401,0.0002802847,0.003954488,1,-0.04515914,6.022146,-4.986759,0.12629634,0.12630054,0.08818469,0.99449426,-0.00045321955,-0.1026501,-0.021073362,0,7,1785207437088987,1785207437088987,-0.0348558,0.23020963,0.7281066,1,0.019584099,0.017525887,0.005819185
1785207437104615124,-1.838286,0.055592548,0.10323738,0.000119020006,0.00026738702,0.003959715,1,-0.04519983,6.0241337,-4.9819665,0.1267823,0.12678862,0.08844175,0.9944906,-0.0077907224,-0.102317944,-0.021422993,0,7,1785207437096987,1785207437096987,-0.010950756,0.22723559,0.6871066,1,0.019651106,0.01755667,0.005829613
1785207437112575541,-1.845743,0.10778974,0.1082946,0.00012682399,0.0002537267,0.003965717,1,-0.045047503,6.026084,-4.9774947,0.12727103,0.12727919,0.08869962,0.99445343,-0.015168321,-0.1017798,-0.021753917,0,7,1785207437104987,1785207437104987,0.0136198,0.22209518,0.64089817,1,0.0197154,0.017586809,0.0058400556
1785207437124559463,-1.7943567,0.15494382,0.10617394,0.00013883015,0.00021317208,0.003872368,1,-0.04508706,6.0287786,-4.972446,0.10675172,0.10658832,0.08083986,0.9942643,-0.029662123,-0.10028344,-0.022405684,0,7,1785207437120987,1785207437120987,0.06360572,0.20515881,0.5405546,1,0.01566619,0.014139073,0.0054669464
1785207437132580524,-1.7781122,0.18583699,0.10536663,0.00014623975,0.00019818525,0.0038800912,1,-0.04525712,6.029515,-4.971826,0.10711572,0.10696038,0.08107238,0.9941102,-0.03677239,-0.09939099,-0.02267436,0,7,1785207437128987,1785207437128987,0.08809949,0.19365026,0.489591,1,0.015715634,0.014164198,0.0054772603
1785207437144607097,-1.7469536,0.2375021,0.105360486,0.00015351828,0.00018283806,0.0038883036,1,-0.045213185,6.0301723,-4.9715104,0.10748187,0.10733443,0.08130567,0.993928,-0.04377695,-0.09830857,-0.022936516,0,7,1785207437136987,1785207437136987,0.11198158,0.18037754,0.43964586,1,0.015766514,0.014189751,0.005487585
1785207437152606397,-1.6942219,0.26599964,0.109365135,0.00016057244,0.00016723324,0.0038969987,1,-0.044961166,6.0307364,-4.9714823,0.10785016,0.10771048,0.081005335,0.99372053,-0.050585154,-0.09707577,-0.023173608,0,7,1785207437144987,1785207437144987,0.13538519,0.16544232,0.39003927,1,0.015818538,0.014215597,0.0054806643
1785207437164603745,-1.5959522,0.34536135,0.111220084,0.00017394996,0.00013590473,0.0039152415,1,-0.04385143,6.031531,-4.972315,0.108593255,0.10846867,0.08147259,0.9932399,-0.06353424,-0.094240405,-0.023593169,0,7,1785207437160987,1785207437160987,0.18027864,0.1307206,0.2947845,1,0.015935546,0.014265931,0.0055013285
1785207437172579601,-1.5312376,0.40581438,0.10961911,0.00018018168,0.00012062386,0.003924435,1,-0.04300661,6.0317373,-4.9731574,0.10896809,0.10885083,0.08170735,0.992986,-0.069696814,-0.09249414,-0.02378978,0,7,1785207437168987,1785207437168987,0.2013796,0.11166162,0.24944471,1,0.015998533,0.0142912185,0.005511669
1785207437184557832,-1.4281737,0.45002314,0.106959164,0.00018589094,0.00010575111,0.0039336556,1,-0.04197956,6.031805,-4.974272,0.109345056,0.109234996,0.08194287,0.9927374,-0.075471334,-0.090564616,-0.023972575,0,7,1785207437176987,1785207437176987,0.2215107,0.09179217,0.20544162,1,0.016066387,0.014316452,0.005522011
1785207437192577260,-1.3317672,0.5091457,0.107755475,0.00019098392,9.15075e-05,0.0039429497,1,-0.04077861,6.0317287,-4.9756474,0.10972435,0.109621316,0.08217915,0.9925041,-0.08083449,-0.08842548,-0.024134217,0,7,1785207437184987,1785207437184987,0.240608,0.07115563,0.16329637,1,0.016142959,0.0143426545,0.0055323513
1785207437204587442,-1.121644,0.65056056,0.10668341,0.00019920175,6.5755696e-05,0.003960772,1,-0.03788656,6.031115,-4.9791317,0.11048981,0.110400386,0.08265399,0.9921086,-0.09041262,-0.083361626,-0.02443302,0,7,1785207437200987,1785207437200987,0.27607936,0.027848631,0.084301315,1,0.016311985,0.014396049,0.005553034
1785207437212599366,-0.9706426,0.7160745,0.1069487,0.00020239771,5.4674718e-05,0.0039688013,1,-0.03621275,6.0305705,-4.9812098,0.11087605,0.11079319,0.082340375,0.99197805,-0.094377786,-0.08043502,-0.024547867,0,7,1785207437208987,1785207437208987,0.29243612,0.005718723,0.046073306,1,0.016403658,0.014423848,0.0055454522
1785207437224574271,-0.8260335,0.7855822,0.10615123,0.0002049216,4.503005e-05,0.003976066,1,-0.034396853,6.029863,-4.9835167,0.1112647,0.11118823,0.08257811,0.9919028,-0.097748525,-0.07724533,-0.024640134,0,7,1785207437216987,1785207437216987,0.30784953,-0.016875539,0.008660057,1,0.01650354,0.014453799,0.0055557895
1785207437232579994,-0.6790262,0.8457706,0.10828109,0.00020658602,3.695644e-05,0.0039826194,1,-0.032445773,6.028989,-4.9860463,0.111655794,0.11158555,0.0828166,0.99188274,-0.100541264,-0.07382132,-0.024708414,0,7,1785207437224987,1785207437224987,0.32263327,-0.039750777,-0.027633011,1,0.016607188,0.014486317,0.0055661337
1785207437244574897,-0.341871,0.94830203,0.10082089,0.00020735116,2.5945736e-05,0.0039931517,1,-0.02817193,6.026746,-4.991707,0.1124456,0.11238722,0.0832959,0.99203116,-0.10416845,-0.0663995,-0.024785938,0,7,1785207437240987,1785207437240987,0.3481117,-0.08315147,-0.08776934,1,0.016825147,0.014564693,0.005586863
1785207437252635844,-0.18287872,0.997038,0.10562071,0.00020680358,2.3079629e-05,0.0039966716,1,-0.025875593,6.0253983,-4.9947405,0.112844296,0.11279157,0.0835367,0.9922055,-0.104968324,-0.06241319,-0.024789691,0,7,1785207437248987,1785207437248987,0.358412,-0.1025925,-0.107403174,1,0.016930303,0.01461173,0.0055972645
1785207437264580111,-0.029748011,1.0316589,0.10455505,0.00020556206,2.1972653e-05,0.003999163,1,-0.023489283,6.023915,-4.9978404,0.113245875,0.113198504,0.08377828,0.9924367,-0.105160005,-0.058287974,-0.024767514,0,7,1785207437256987,1785207437256987,0.36731046,-0.120539494,-0.12010085,1,0.0170284,0.014666425,0.0056077004
1785207437272602334,0.115393884,1.0702747,0.1018949,0.00020369896,2.2628685e-05,0.0040005115,1,-0.021026568,6.0223103,-5.000951,0.11365023,0.11360795,0.08345337,0.992721,-0.104752675,-0.05403658,-0.024734315,0,7,1785207437264987,1785207437264987,0.37439993,-0.13644822,-0.124117985,1,0.017116709,0.014727556,0.005599674
1785207437284594963,0.35934138,1.150435,0.101898365,0.00019924188,2.8970875e-05,0.00399891,1,-0.015929885,6.0187936,-5.006927,0.114467464,0.11443448,0.08393712,0.9934117,-0.10243056,-0.045088015,-0.024661623,0,7,1785207437280987,1785207437280987,0.3837397,-0.16297942,-0.10820643,1,0.017262917,0.014868532,0.0056207124
1785207437292598872,0.47678503,1.1765345,0.100565836,0.00019621867,3.4527282e-05,0.0039965184,1,-0.013315124,6.0169125,-5.0096717,0.1148804,0.11485159,0.08418016,0.99380577,-0.10054939,-0.04042963,-0.024605718,0,7,1785207437288987,1785207437288987,0.3870812,-0.17327335,-0.08934767,1,0.01731993,0.0149475755,0.005631284
1785207437304577023,0.60195434,1.1986387,0.09976527,0.00019270439,4.147749e-05,0.003993224,1,-0.010667159,6.01497,-5.012185,0.11529624,0.11527127,0.084423974,0.99422574,-0.09817531,-0.03569894,-0.02454598,0,7,1785207437296987,1785207437296987,0.38916373,-0.18188873,-0.06486262,1,0.017367397,0.0150321415,0.0056418898
1785207437312569541,0.71593714,1.2356565,0.099770606,0.00018889688,4.962955e-05,0.0039890213,1,-0.007993866,6.012976,-5.014431,0.115715,0.11569355,0.08466857,0.9946671,-0.095323525,-0.030847974,-0.024481105,0,7,1785207437304987,1785207437304987,0.39053842,-0.18942842,-0.036361206,1,0.01740453,0.015121437,0.0056525297
1785207437324586355,0.8967646,1.3067629,0.09684757,0.00017942513,6.917369e-05,0.003979066,1,-0.0025934766,6.0088615,-5.018014,0.116561085,0.11654576,0.08516011,0.99556553,-0.08846146,-0.020731919,-0.024373028,0,7,1785207437320987,1785207437320987,0.39150095,-0.20225346,0.029936325,1,0.017455481,0.015311281,0.0056738993
1785207437332576238,0.96547616,1.328333,0.100310355,0.00017381631,7.993574e-05,0.0039740526,1,0.00012609613,6.006749,-5.0193105,0.11698865,0.116975844,0.08482099,0.9960011,-0.08455599,-0.015513776,-0.024321264,0,7,1785207437328987,1785207437328987,0.39144173,-0.20814887,0.066286914,1,0.017474148,0.015411646,0.0056654145
1785207437344606357,1.0379132,1.3421824,0.10004255,0.00016763624,9.094039e-05,0.0039693676,1,0.0028548897,6.004606,-5.02026,0.117419176,0.11740857,0.08506703,0.9964175,-0.08036363,-0.0102468,-0.024266882,0,7,1785207437336987,1785207437336987,0.39108026,-0.21315172,0.104233496,1,0.017488455,0.015514376,0.0056761466
1785207437352638048,1.1257986,1.3509705,0.10243364,0.00016082062,0.00010212651,0.003965136,1,0.005590135,6.002438,-5.020849,0.11785264,0.11784395,0.08531384,0.99681425,-0.07583457,-0.004943311,-0.024207614,0,7,1785207437344987,1785207437344987,0.39041716,-0.21734218,0.14425333,1,0.017497752,0.015619197,0.0056869066
1785207437364638121,1.2749349,1.3877219,0.100846976,0.00014522973,0.00012317645,0.003959955,1,0.011067866,5.998055,-5.0208855,0.1187284,0.11872267,0.08580984,0.9975247,-0.065802105,0.0057837497,-0.024107054,0,7,1785207437360987,1785207437360987,0.38756964,-0.22362693,0.23021701,1,0.01751552,0.015833711,0.0057084654
1785207437372640577,1.3377857,1.4127555,0.10164552,0.00013666907,0.00013226416,0.0039595654,1,0.013802349,5.9958467,-5.020307,0.11917069,0.119166054,0.08605903,0.99782157,-0.060376644,0.0112950485,-0.024065219,0,7,1785207437368987,1785207437368987,0.38589236,-0.22640465,0.27530697,1,0.017522851,0.01594326,0.0057192743
1785207437384669445,1.3902496,1.4297998,0.10537385,0.00012776731,0.00014016475,0.003960701,1,0.016532596,5.993629,-5.0193224,0.11961591,0.11961212,0.085710526,0.9980696,-0.054733448,0.016872698,-0.024013523,0,7,1785207437376987,1785207437376987,0.38389054,-0.228976,0.32056814,1,0.017530046,0.016053982,0.0057104267
1785207437392630803,1.4309958,1.4449806,0.1013827,0.00011867374,0.00014654569,0.003963287,1,0.019253816,5.9914026,-5.017936,0.12006377,0.12006071,0.08595956,0.9982617,-0.048907913,0.022505347,-0.02398286,0,7,1785207437384987,1785207437384987,0.3817006,-0.23135814,0.36484784,1,0.017536925,0.01616283,0.0057212543
1785207437404637959,1.5194118,1.4585637,0.104040734,0.00010040641,0.00015384422,0.003974532,1,0.024657993,5.9869313,-5.0140176,0.12096882,0.12096644,0.08646,0.99846447,-0.03674244,0.033862345,-0.023917735,0,7,1785207437400987,1785207437400987,0.3750905,-0.23522173,0.44652903,1,0.017565778,0.01636628,0.0057428177
1785207437412631859,1.5700129,1.4654871,0.101111256,9.144976e-05,0.0001548266,0.003982643,1,0.027331024,5.9846954,-5.0115304,0.12142565,0.12142335,0.086711414,0.99846935,-0.030364757,0.03956632,-0.02390742,0,7,1785207437408987,1785207437408987,0.37099427,-0.2360487,0.4832967,1,0.017583638,0.016459597,0.005753559
1785207437424637182,1.6041023,1.4724101,0.10484502,8.2758634e-05,0.0001540674,0.0039922306,1,0.029978449,5.9824634,-5.008723,0.121885315,0.12188293,0.086963624,0.9984039,-0.023826804,0.045290835,-0.023892488,0,7,1785207437416987,1785207437416987,0.3661748,-0.2370446,0.5163929,1,0.017604569,0.016544793,0.0057642525
1785207437432669174,1.6307324,1.4726782,0.10058256,7.43515e-05,0.00015184538,0.0040029967,1,0.032592695,5.9802337,-5.005636,0.122347765,0.122345164,0.08721662,0.998264,-0.017176645,0.051019523,-0.023892494,0,7,1785207437424987,1785207437424987,0.36035317,-0.23796415,0.54355437,1,0.017626602,0.016621755,0.005774902
1785207437444685647,1.6331292,1.4276708,0.10004911,5.8750877e-05,0.00014335092,0.004027366,1,0.03769215,5.9757895,-4.998798,0.12328089,0.12327746,0.08710859,0.997767,-0.0037801454,0.062262643,-0.02387778,0,7,1785207437440987,1785207437440987,0.34578246,-0.23858796,0.5787462,1,0.01768054,0.016755868,0.0057757837
1785207437452687523,1.6419193,1.3861239,0.09924299,5.179202e-05,0.00013720786,0.004040604,1,0.040159427,5.973586,-4.995166,0.12375151,0.12374749,0.08736219,0.9974175,0.0029181144,0.06767092,-0.023886943,0,7,1785207437448987,1785207437448987,0.3369658,-0.23739865,0.5876733,1,0.017711213,0.01681389,0.005786302
1785207437464615970,1.638723,1.3493731,0.100316145,4.5402325e-05,0.00012994089,0.0040542083,1,0.0425563,5.971404,-4.9914494,0.12422443,0.124219805,0.08761659,0.99700534,0.0096246,0.07291783,-0.023889871,0,7,1785207437456987,1785207437456987,0.32628,-0.23545344,0.5906103,1,0.017741902,0.016866812,0.0057967994
1785207437472606564,1.6224774,1.32141,0.09765444,3.9653645e-05,0.00012190367,0.0040681325,1,0.044867385,5.969252,-4.987711,0.12470037,0.12469492,0.08787179,0.99653053,0.016264755,0.07804728,-0.02389949,0,7,1785207437464987,1785207437464987,0.3133389,-0.23226318,0.58514315,1,0.017774556,0.016917374,0.0058072833
1785207437484628708,1.5628229,1.2068945,0.098445974,3.0416228e-05,0.000104389124,0.0040951604,1,0.049167696,5.965076,-4.980407,0.12566017,0.12565275,0.08775707,0.99543226,0.02919711,0.08769974,-0.023895599,0,7,1785207437480987,1785207437480987,0.28155938,-0.22165242,0.54875743,1,0.017840229,0.01701154,0.005807481
1785207437492650651,1.5388544,1.1541634,0.09658698,2.7105452e-05,9.530633e-05,0.0041076937,1,0.051122133,5.9630814,-4.976975,0.12614402,0.12613547,0.08801285,0.9948232,0.03549507,0.092173286,-0.023896774,0,7,1785207437488987,1785207437488987,0.26234943,-0.21323611,0.5203614,1,0.017874952,0.017056126,0.0058179433
1785207437504629123,1.495712,1.1059588,0.09765473,2.473118e-05,8.60615e-05,0.0041194516,1,0.052923646,5.9611673,-4.9737577,0.1266305,0.12662071,0.08826942,0.9941793,0.041630756,0.09645629,-0.023889957,0,7,1785207437496987,1785207437496987,0.24135754,-0.20337641,0.48766804,1,0.017911099,0.017098794,0.005828397
1785207437512603276,1.432329,1.0369831,0.0949909,2.332364e-05,7.6786724e-05,0.004130275,1,0.054560926,5.9593463,-4.9707904,0.12711963,0.12710848,0.08852679,0.9935148,0.04753616,0.10049119,-0.02388038,0,7,1785207437504987,1785207437504987,0.21928217,-0.19221723,0.45094615,1,0.017948361,0.01713938,0.005838841
1785207437524600553,1.3005117,0.8676156,0.092588395,2.26338e-05,5.855036e-05,0.0041094352,1,0.056677867,5.9564962,-4.968021,0.10651646,0.106496334,0.08069722,0.992193,0.058463085,0.10755436,-0.023815252,0,7,1785207437520987,1785207437520987,0.1720787,-0.1647851,0.37401333,1,0.014420092,0.013849023,0.0054656984
1785207437532690395,1.2280749,0.7991719,0.088329196,2.44088e-05,5.0516403e-05,0.0041157817,1,0.057154637,5.955486,-4.968163,0.106886394,0.106867865,0.08092933,0.9915425,0.06352522,0.11064695,-0.02377793,0,7,1785207437528987,1785207437528987,0.14701168,-0.14867072,0.33583334,1,0.014451577,0.013879728,0.005475968
1785207437544605397,1.1455173,0.6974392,0.085394286,2.7301006e-05,4.3269913e-05,0.0041202763,1,0.057453133,5.9546046,-4.968526,0.10725849,0.10724146,0.081162184,0.9909199,0.06826327,0.11337767,-0.023739917,0,7,1785207437536987,1785207437536987,0.121802084,-0.13162936,0.29743397,1,0.014485117,0.013911592,0.0054862443
1785207437552666444,1.0634927,0.59543884,0.09045438,3.1326774e-05,3.6919864e-05,0.0041227425,1,0.057570137,5.9538584,-4.9690905,0.10763267,0.10761705,0.080863304,0.9903401,0.07265548,0.11570232,-0.023678815,0,7,1785207437544987,1785207437544987,0.09593013,-0.11359728,0.25862324,1,0.014520118,0.013943142,0.0054793237
1785207437564601984,0.91328937,0.4383133,0.079539806,4.27907e-05,2.7261576e-05,0.004121219,1,0.05723369,5.952815,-4.9709234,0.108387314,0.10837434,0.081329726,0.98930025,0.080502175,0.119364455,-0.023592116,0,7,1785207437560987,1785207437560987,0.041882526,-0.07374601,0.17915227,1,0.014601093,0.0140091935,0.00549983
1785207437572637313,0.8349928,0.35442308,0.08113649,5.0254173e-05,2.4196575e-05,0.0041169617,1,0.05676676,5.952534,-4.9722104,0.108767815,0.10875606,0.08156407,0.9888478,0.083957545,0.12073681,-0.023535991,0,7,1785207437568987,1785207437568987,0.013789168,-0.052337654,0.13742256,1,0.014645041,0.014043693,0.00551008
1785207437584605365,0.7511026,0.27905667,0.078208715,5.885806e-05,2.2464945e-05,0.004110233,1,0.05609144,5.9524245,-4.973764,0.10915046,0.109139845,0.08179917,0.9884484,0.08707497,0.12180723,-0.023470042,0,7,1785207437576987,1785207437576987,-0.0152524,-0.029923942,0.094100274,1,0.0146926055,0.0140802255,0.005520326
1785207437592627849,0.683991,0.2236623,0.079808086,6.848998e-05,2.2134875e-05,0.0041010724,1,0.055201046,5.952496,-4.9755964,0.109535284,0.10952573,0.08203503,0.9880934,0.08990169,0.12264639,-0.023390986,0,7,1785207437584987,1785207437584987,-0.044942997,-0.0061536706,0.049669746,1,0.014744395,0.014119237,0.0055305664
1785207437604609617,0.5321922,0.0857114,0.07740614,9.028674e-05,2.5723639e-05,0.004075916,1,0.052759934,5.9532094,-4.980127,0.110311456,0.11030384,0.08196191,0.98753303,0.09468107,0.12359419,-0.02320366,0,7,1785207437600987,1785207437600987,-0.104402274,0.042522144,-0.037686322,1,0.014865623,0.014203765,0.0055332356
1785207437612649143,0.454694,0.013007212,0.07554281,0.00010215449,2.9651053e-05,0.004060264,1,0.05121188,5.9538536,-4.98281,0.110702984,0.110696234,0.08219847,0.98734516,0.09658992,0.12363725,-0.023103984,0,7,1785207437608987,1785207437608987,-0.13363801,0.067015156,-0.079271376,1,0.014935797,0.014249229,0.0055433996
1785207437624597108,0.37426668,-0.06236006,0.07128082,0.000114652314,3.4932382e-05,0.004042629,1,0.04945198,5.954691,-4.985751,0.111096814,0.11109085,0.082435794,0.98721987,0.098179065,0.12340404,-0.023006937,0,7,1785207437616987,1785207437616987,-0.16171372,0.091283135,-0.11784684,1,0.015014802,0.014297752,0.0055535254
1785207437632608411,0.29064348,-0.14944585,0.071014024,0.0001275456,4.1479227e-05,0.0040233317,1,0.047491044,5.9557133,-4.988917,0.111492984,0.11148773,0.08267388,0.987167,0.09942709,0.12284472,-0.022910636,0,7,1785207437624987,1785207437624987,-0.18824007,0.11434315,-0.15102984,1,0.0151024945,0.0143504245,0.005563623
1785207437644606139,0.10555413,-0.35051453,0.07181193,0.00015360684,5.8010624e-05,0.00398103,1,0.043029275,5.958268,-4.9957156,0.11229254,0.112288475,0.08315234,0.9873057,0.10083625,0.120601624,-0.022688052,0,7,1785207437640987,1785207437640987,-0.23397449,0.15520407,-0.19383454,1,0.015312739,0.014469225,0.0055836826
1785207437652651897,0.016870525,-0.45198095,0.07181261,0.00016671204,6.7791974e-05,0.003958288,1,0.040569376,5.95977,-4.9992166,0.112696014,0.112692416,0.08339271,0.9875017,0.10097879,0.11888666,-0.022576952,0,7,1785207437648987,1785207437648987,-0.25307631,0.17289038,-0.2033198,1,0.015432067,0.014535137,0.005593666
1785207437664600953,-0.06488876,-0.5587736,0.07713898,0.00017959776,7.830172e-05,0.0039350386,1,0.03798048,5.9614034,-5.0027103,0.11310199,0.11309878,0.08363384,0.9877782,0.10078882,0.11675601,-0.022452349,0,7,1785207437656987,1785207437656987,-0.27019107,0.18878943,-0.20588395,1,0.0155599965,0.0146066,0.005603638
1785207437672568714,-0.15357128,-0.659175,0.076872155,0.00019185309,8.923737e-05,0.0039119907,1,0.035278305,5.9631524,-5.0061326,0.113510504,0.11350758,0.083310425,0.98813134,0.10024476,0.11423348,-0.022321114,0,7,1785207437664987,1785207437664987,-0.28526828,0.20285636,-0.20109634,1,0.015696345,0.01468294,0.00559517
1785207437684591730,-0.33439934,-0.8692981,0.07447577,0.00021431844,0.00011211941,0.0038666876,1,0.029594285,5.9669447,-5.0125704,0.114335105,0.114332445,0.08379326,0.9890602,0.09803571,0.10798892,-0.022073872,0,7,1785207437680987,1785207437680987,-0.30934334,0.22597927,-0.17120345,1,0.015993785,0.0148482025,0.0056150537
1785207437692656785,-0.4097671,-0.97209597,0.073944196,0.0002242178,0.00012363761,0.003845415,1,0.02664426,5.9689627,-5.0154862,0.11475142,0.11474868,0.08403582,0.9896215,0.096429996,0.10425083,-0.0219637,0,7,1785207437689001,1785207437689001,-0.31893155,0.2356966,-0.14789557,1,0.01615453,0.014939299,0.005625011
1785207437704565084,-0.47714597,-1.0679693,0.07421075,0.00023283073,0.0001349402,0.003825645,1,0.02363703,5.9710507,-5.018147,0.11517039,0.11516743,0.08427915,0.9902313,0.09454136,0.1001296,-0.021866744,0,7,1785207437697001,1785207437697001,-0.3271512,0.2443291,-0.11970346,1,0.01632362,0.015036536,0.005634981
1785207437712586336,-0.55890495,-1.1550553,0.0758051,0.0002402873,0.00014595836,0.0038073156,1,0.020583326,5.973198,-5.0205145,0.11559204,0.11558871,0.084523246,0.9908833,0.09233537,0.09565962,-0.021765271,0,7,1785207437705001,1785207437705001,-0.33401948,0.25140005,-0.08649443,1,0.016504142,0.01514054,0.0056449636
1785207437724569947,-0.70697856,-1.3175068,0.07633964,0.00025211376,0.00016676089,0.0037749768,1,0.014373863,5.97763,-5.024247,0.11644353,0.11643894,0.084433034,0.99227726,0.086980335,0.08575872,-0.021580743,0,7,1785207437721001,1785207437721001,-0.34428105,0.2626559,-0.00894632,1,0.016893826,0.015372016,0.005646009
1785207437732623660,-0.77275527,-1.4008654,0.07447881,0.00025633,0.0001762533,0.0037614142,1,0.011234825,5.9799023,-5.0255623,0.11687346,0.116867945,0.084677756,0.99300116,0.08387306,0.08032639,-0.021485785,0,7,1785207437729001,1785207437729001,-0.3480677,0.2672343,0.034042105,1,0.017106475,0.015501349,0.0056560733
1785207437744564451,-0.8308135,-1.4887488,0.07421253,0.00025966502,0.00018513582,0.0037493426,1,0.008082162,5.9822044,-5.0264792,0.11730624,0.11729958,0.084923245,0.99373066,0.080522984,0.07454686,-0.0214083,0,7,1785207437737001,1785207437737001,-0.35088554,0.2712147,0.07962486,1,0.017333176,0.015640005,0.0056661754
1785207437752610981,-0.89393,-1.5694433,0.07340992,0.00026209297,0.0001933501,0.0037384254,1,0.0049205194,5.9845333,-5.026982,0.117741644,0.11773367,0.08516951,0.9944567,0.076917835,0.068440124,-0.021340985,0,7,1785207437745001,1785207437745001,-0.3534581,0.27449745,0.12712462,1,0.017567834,0.015785927,0.005676327
1785207437764592458,-1.0590457,-1.7156513,0.072606936,0.00026368382,0.00020726153,0.0037232179,1,-0.0014209481,5.989243,-5.0267067,0.11862184,0.11861035,0.08566434,0.9958756,0.06870827,0.055330284,-0.021206435,0,7,1785207437761001,1785207437761001,-0.35741112,0.2790918,0.22404103,1,0.018061453,0.016099283,0.0056967866
1785207437772611866,-1.1216314,-1.7862239,0.07287761,0.00026282665,0.00021280322,0.0037186805,1,-0.0045949,5.991619,-5.025928,0.119066454,0.11905278,0.08591291,0.9965427,0.064160906,0.048361678,-0.02114972,0,7,1785207437769001,1785207437769001,-0.35868752,0.28137946,0.27246842,1,0.018315695,0.016262174,0.0057070926
1785207437784579237,-1.1714303,-1.8400211,0.071547665,0.0002607018,0.0002172741,0.0037164823,1,-0.007766763,5.9940104,-5.024726,0.11951412,0.119497955,0.08616226,0.99716306,0.05938762,0.04115948,-0.02109451,0,7,1785207437777001,1785207437777001,-0.3596988,0.28380594,0.32036158,1,0.018565737,0.01642475,0.0057174456
1785207437792560544,-1.2081853,-1.8834283,0.07314795,0.00025718246,0.00022061018,0.0037168115,1,-0.010935321,5.996417,-5.023106,0.11996485,0.119945884,0.08581248,0.9977234,0.05444654,0.03377666,-0.021046123,0,7,1785207437785001,1785207437785001,-0.36054635,0.28608996,0.36755008,1,0.018806726,0.016582774,0.0057081347
1785207437804569112,-1.2944703,-1.9747759,0.06941148,0.0002457104,0.00022347065,0.0037257203,1,-0.017255042,6.0012703,-5.018675,0.120875575,0.12084998,0.08631159,0.9986359,0.044103615,0.018483981,-0.020968413,0,7,1785207437801001,1785207437801001,-0.3612653,0.2900404,0.45366013,1,0.019246725,0.016872535,0.0057289554
1785207437812569415,-1.3706373,-2.0155222,0.07153308,0.00023780779,0.00022315345,0.003734088,1,-0.020402042,6.003711,-5.015917,0.12133555,0.121306114,0.08656231,0.9989818,0.038540933,0.010578259,-0.020931834,0,7,1785207437809001,1785207437809001,-0.36113244,0.2910693,0.49187675,1,0.019446807,0.01700588,0.005739387
1785207437824605625,-1.4534596,-2.0650592,0.07047349,0.00022857556,0.00022159624,0.0037445957,1,-0.02353325,6.0061545,-5.012833,0.12179824,0.12176467,0.08681382,0.9992458,0.032635164,0.002493741,-0.020894552,0,7,1785207437817001,1785207437817001,-0.36018005,0.29174128,0.5262829,1,0.01962937,0.017128957,0.005749826
1785207437832610146,-1.5027314,-2.1028736,0.07234373,0.00021820173,0.00021879509,0.0037579213,1,-0.026645055,6.008602,-5.0094633,0.12226435,0.12222621,0.087066114,0.99941474,0.026490543,-0.005762571,-0.02086282,0,7,1785207437825001,1785207437825001,-0.35868603,0.29285762,0.55518687,1,0.019799242,0.017244311,0.0057602692
1785207437844579240,-1.5349528,-2.1124628,0.06781836,0.00019410597,0.00020975564,0.0037913558,1,-0.03279646,6.0135155,-5.002052,0.12320573,0.12315731,0.08695699,0.99943566,0.013918263,-0.022405446,-0.020803094,0,7,1785207437841001,1785207437841001,-0.35388756,0.29525682,0.5912671,1,0.02009855,0.017445607,0.0057608597
1785207437852645016,-1.575701,-2.1196527,0.06567831,0.00018076564,0.00020386008,0.0038107415,1,-0.03581972,6.0159764,-4.998144,0.123680994,0.12362684,0.087209865,0.99928325,0.0074842907,-0.030734824,-0.020794364,0,7,1785207437849001,1785207437849001,-0.3491425,0.2949566,0.5961709,1,0.020232536,0.017535351,0.0057712975
1785207437864594593,-1.6516011,-2.1398928,0.069933265,0.00016688107,0.00019702787,0.0038316096,1,-0.03878822,6.0184255,-4.994208,0.12415929,0.12409903,0.08746353,0.9990179,0.00076824805,-0.039127,-0.02077638,0,7,1785207437857001,1785207437857001,-0.34223592,0.29298133,0.591182,1,0.020351678,0.017617214,0.0057817367
1785207437872599003,-1.6811616,-2.1508112,0.06702102,0.00015268716,0.00018928666,0.0038536962,1,-0.041685607,6.020854,-4.990314,0.12464062,0.12457385,0.08771798,0.99863297,-0.006128397,-0.047572173,-0.020773228,0,7,1785207437865001,1785207437865001,-0.3334657,0.29062858,0.57895094,1,0.020460222,0.017692624,0.00579218
1785207437884584478,-1.6561269,-2.0698519,0.06328093,0.0001239528,0.00017164958,0.00390008,1,-0.047213603,6.0256248,-4.9829173,0.12561184,0.12553097,0.08822928,0.9975325,-0.019783016,-0.06407853,-0.020774653,0,7,1785207437881001,1785207437881001,-0.31019598,0.2818672,0.525226,1,0.020652926,0.017824057,0.0058130748
1785207437892662557,-1.690482,-2.0325675,0.060077854,0.00010970108,0.00016206606,0.0039240676,1,-0.04980716,6.0279365,-4.9795756,0.12610221,0.12601364,0.088486135,0.9968257,-0.026680453,-0.07207,-0.02079897,0,7,1785207437889001,1785207437889001,-0.2949328,0.27379188,0.4869336,1,0.020740533,0.017882735,0.0058235307
1785207437904614779,-1.6662483,-1.9795691,0.06089495,9.5801726e-05,0.00015206657,0.003948121,1,-0.052263282,6.030177,-4.9765177,0.12659559,0.12649892,0.088743776,0.99602246,-0.033554114,-0.079874,-0.020823473,0,7,1785207437897001,1785207437897001,-0.27767754,0.26500672,0.44847116,1,0.020821456,0.01793944,0.0058339997
1785207437912621915,-1.5764987,-1.8730438,0.05690311,8.2487706e-05,0.00014152857,0.0039721266,1,-0.054571252,6.0323434,-4.9737487,0.12709197,0.12698679,0.08836596,0.99515575,-0.04010928,-0.0873032,-0.020845138,0,7,1785207437905001,1785207437905001,-0.2597418,0.2556368,0.41215047,1,0.020895572,0.017993908,0.005823451
1785207437924622318,-1.4705216,-1.6410874,0.051825915,5.485073e-05,0.0001101428,0.0038401678,1,-0.058427982,6.035505,-4.9714165,0.10646571,0.1064497,0.08056633,0.993313,-0.052357137,-0.100750595,-0.020914484,0,7,1785207437921001,1785207437921001,-0.22142091,0.23160352,0.3479696,1,0.016438423,0.014443101,0.0054533966
1785207437932656654,-1.3908932,-1.5159181,0.053438354,4.5354318e-05,9.979112e-05,0.0038601686,1,-0.059968535,6.0364976,-4.9717474,0.106832005,0.10681852,0.080797814,0.9923615,-0.058143243,-0.10676938,-0.020939212,0,7,1785207437929001,1785207437929001,-0.2006188,0.2182987,0.31897506,1,0.016500331,0.014485567,0.005463717
1785207437944587376,-1.2686542,-1.3603896,0.052104544,3.7326525e-05,8.9733294e-05,0.0038784074,1,-0.061341364,6.0374026,-4.9722214,0.1072006,0.10718938,0.08103004,0.9914371,-0.06344088,-0.11219974,-0.020950839,0,7,1785207437937001,1785207437937001,-0.17914248,0.20459509,0.29046333,1,0.016562203,0.014528024,0.0054740473
1785207437952691274,-1.1605296,-1.2157801,0.05210638,3.0912597e-05,8.012216e-05,0.0038945866,1,-0.0625399,6.0382133,-4.972839,0.1075715,0.1075623,0.08126303,0.9905565,-0.06827825,-0.117034934,-0.020948382,0,7,1785207437945001,1785207437945001,-0.15669985,0.18966891,0.26220208,1,0.016625714,0.014570678,0.0054843836
1785207437964570839,-0.9972773,-0.94840056,0.046511665,2.3441426e-05,6.198825e-05,0.003920417,1,-0.064378485,6.0395,-4.974471,0.10832016,0.108314276,0.081194386,0.9889297,-0.07691074,-0.12515573,-0.02095255,0,7,1785207437961001,1785207437961001,-0.10862512,0.15555935,0.20558509,1,0.016749764,0.014658158,0.0054877503
1785207437972602170,-0.8944803,-0.8131108,0.045449216,2.2680812e-05,5.352046e-05,0.0039298004,1,-0.06500026,6.0399585,-4.9755063,0.108698115,0.108693495,0.08142809,0.98821455,-0.080648616,-0.12840752,-0.020963565,0,7,1785207437969001,1785207437969001,-0.0824007,0.13702513,0.17456903,1,0.016812589,0.014701889,0.005498088
1785207437984579039,-0.80073726,-0.69886094,0.046782777,2.4091074e-05,4.5785422e-05,0.0039362838,1,-0.06540754,6.040281,-4.9767213,0.10907847,0.10907485,0.08166255,0.9875707,-0.0839915,-0.13118827,-0.020960534,0,7,1785207437977001,1785207437977001,-0.05468519,0.11723725,0.14219119,1,0.016883135,0.01474691,0.0055084256
1785207437992551608,-0.71684766,-0.5931334,0.04758132,2.775315e-05,3.9038936e-05,0.0039395248,1,-0.06559018,6.0404572,-4.978129,0.109461255,0.10945839,0.081897765,0.98699373,-0.086990155,-0.13355677,-0.0209456,0,7,1785207437985001,1785207437985001,-0.025977481,0.09635544,0.10837407,1,0.01696008,0.014794286,0.0055187633
1785207438004567911,-0.5602533,-0.3891356,0.044652775,4.183098e-05,2.8894981e-05,0.0039359066,1,-0.06524933,6.0403347,-4.981588,0.1102343,0.11023212,0.082370475,0.986059,-0.0920096,-0.13705906,-0.020898994,0,7,1785207438001001,1785207438001001,0.034505136,0.051245127,0.034717597,1,0.017125499,0.014890193,0.0055394047
1785207438012592770,-0.48541838,-0.31030622,0.044919897,5.233751e-05,2.5483065e-05,0.0039289715,1,-0.064711444,6.0400205,-4.9836707,0.11062465,0.11062241,0.08260797,0.9856942,-0.09404946,-0.13829763,-0.020866925,0,7,1785207438009001,1785207438009001,0.06592114,0.027534874,-0.0038841674,1,0.017204652,0.0149353985,0.005549694
1785207438024629822,-0.41537732,-0.2245524,0.044653025,6.5208274e-05,2.3376157e-05,0.003918364,1,-0.06392328,6.039531,-4.9859953,0.11101762,0.11101506,0.082846224,0.9853963,-0.09581174,-0.13921343,-0.020828694,0,7,1785207438017001,1785207438017001,0.09719225,0.0038434358,-0.04133726,1,0.017287835,0.014978516,0.0055599636
1785207438032610787,-0.34134197,-0.13400505,0.04571896,8.01788e-05,2.2677978e-05,0.0039042165,1,-0.06289035,6.038869,-4.988531,0.111413054,0.11140993,0.082530506,0.9851736,-0.09727063,-0.13978407,-0.020782227,0,7,1785207438025001,1785207438025001,0.12715584,-0.019394193,-0.07419259,1,0.017369976,0.015020955,0.0055522206
1785207438044634193,-0.16637227,0.048954237,0.050513193,0.00011546724,2.5477284e-05,0.0038664474,1,-0.06015493,6.037067,-4.994036,0.11221255,0.112207346,0.08300765,0.9849786,-0.09916586,-0.13984971,-0.020625262,0,7,1785207438041001,1785207438041001,0.18006723,-0.060301308,-0.11371256,1,0.017518291,0.015100709,0.005572635
1785207438052664412,-0.08195013,0.14243107,0.049447794,0.00013547552,2.897195e-05,0.0038431033,1,-0.058490913,6.035957,-4.9968796,0.11261652,0.11260982,0.08324736,0.98500824,-0.099592976,-0.13935083,-0.020525431,0,7,1785207438049001,1785207438049001,0.20320012,-0.07798448,-0.12297631,1,0.017581586,0.015134132,0.0055828136
1785207438064586838,7.5266e-05,0.23777224,0.049714163,0.0001562836,3.3596494e-05,0.00381783,1,-0.056651372,6.0347233,-4.9997168,0.11302331,0.11301483,0.08348785,0.98512286,-0.099685654,-0.13848814,-0.02041796,0,7,1785207438057001,1785207438057001,0.22433782,-0.09456315,-0.12596019,1,0.017639033,0.015166046,0.005592988
1785207438072585817,0.08449743,0.32938504,0.049447518,0.0001773041,3.913739e-05,0.0037914272,1,-0.054653358,6.033377,-5.0024967,0.11343294,0.113422364,0.08372912,0.9853209,-0.0994447,-0.13726433,-0.020300813,0,7,1785207438065001,1785207438065001,0.24317636,-0.10945347,-0.12226923,1,0.017683486,0.015196094,0.00560316
1785207438084580459,0.26532605,0.5179369,0.052909605,0.0002188609,5.276243e-05,0.003736562,1,-0.050254136,6.030403,-5.0076566,0.11426065,0.11424499,0.08364408,0.98596954,-0.09787096,-0.13373415,-0.020010952,0,7,1785207438081001,1785207438081001,0.27459395,-0.13409016,-0.09626214,1,0.017742272,0.015250002,0.0056049353
1785207438092628781,0.35214502,0.6130117,0.052111182,0.00023836191,6.017005e-05,0.0037098126,1,-0.04788283,6.028798,-5.009947,0.11467873,0.114660084,0.08388601,0.98641443,-0.09654951,-0.13141859,-0.019849636,0,7,1785207438089001,1785207438089001,0.28769943,-0.14451334,-0.075448215,1,0.01776736,0.01527695,0.005615103
1785207438104598817,0.44136107,0.7110161,0.053708795,0.0002564379,6.762271e-05,0.0036842756,1,-0.04541476,6.027127,-5.0120063,0.11509931,0.11507746,0.084128715,0.98693657,-0.09487078,-0.12871933,-0.019675782,0,7,1785207438097001,1785207438097001,0.29945245,-0.1536716,-0.050472286,1,0.017783398,0.015303374,0.00562528
1785207438112606523,0.5263152,0.8031619,0.051046096,0.00027324032,7.513602e-05,0.0036601203,1,-0.042859096,6.0253983,-5.0138063,0.11552302,0.115497574,0.08437219,0.98752695,-0.092843175,-0.12566115,-0.019498114,0,7,1785207438105001,1785207438105001,0.31005645,-0.16218865,-0.022577584,1,0.017790474,0.015332014,0.0056354725
1785207438124647302,0.6834417,0.99384433,0.05051395,0.00030173766,8.9747606e-05,0.003617328,1,-0.037518024,6.021788,-5.016556,0.11637885,0.11634537,0.08486148,0.9888876,-0.08781384,-0.118422434,-0.019132102,0,7,1785207438121001,1785207438121001,0.3286155,-0.17700408,0.039923478,1,0.017791707,0.015396172,0.0056559173
1785207438132638377,0.7628043,1.081462,0.046518695,0.00031339537,9.6479576e-05,0.0035990973,1,-0.034744583,6.019917,-5.017474,0.116810985,0.11677308,0.0851073,0.9896408,-0.08481608,-0.114271745,-0.018958991,0,7,1785207438129001,1785207438129001,0.33685726,-0.18336938,0.074127555,1,0.017785488,0.015433222,0.005666184
1785207438144604354,0.836042,1.1658837,0.049449258,0.00032350418,0.000102795806,0.0035828324,1,-0.031910434,6.0180106,-5.018069,0.11724593,0.11720333,0.08535389,0.99042964,-0.08151175,-0.109785,-0.018772136,0,7,1785207438137001,1785207438137001,0.34421116,-0.18895681,0.110305056,1,0.017775562,0.015475641,0.005676491
1785207438152645854,0.91007715,1.251638,0.0489156,0.00033192337,0.00010863941,0.0035687275,1,-0.029022986,6.0160747,-5.018332,0.11768369,0.11763615,0.08501255,0.9912457,-0.07791066,-0.10496128,-0.018579835,0,7,1785207438145001,1785207438145001,0.35071513,-0.19375972,0.14766814,1,0.017761953,0.015524422,0.005667576
1785207438164581745,1.0570841,1.4279389,0.049715996,0.00034427838,0.00011873987,0.0035465902,1,-0.023114836,6.0121284,-5.017825,0.11856762,0.11850956,0.085506245,0.99293,-0.06978791,-0.09428259,-0.018178485,0,7,1785207438161001,1785207438161001,0.36121124,-0.20235743,0.22443536,1,0.017732188,0.015644284,0.0056884377
1785207438172595222,1.1178038,1.5166214,0.052117925,0.00034837853,0.00012294749,0.0035381601,1,-0.020102,6.010121,-5.017053,0.11901338,0.11894987,0.08575427,0.99377805,-0.06531255,-0.08841252,-0.017965978,0,7,1785207438169001,1785207438169001,0.3660751,-0.20638217,0.26270962,1,0.01771774,0.015714003,0.0056989524
1785207438184601666,1.1628104,1.5909243,0.04892132,0.0003509793,0.00012654098,0.0035321242,1,-0.017052557,6.008092,-5.015939,0.11946234,0.119393095,0.08600308,0.9946086,-0.060637396,-0.082227625,-0.017765569,0,7,1785207438177001,1785207438177001,0.37070915,-0.21030806,0.3005114,1,0.017706083,0.01579047,0.0057095103
1785207438192589204,1.2144773,1.6500455,0.04865041,0.0003519729,0.00012939189,0.0035284397,1,-0.013968954,6.006044,-5.0144887,0.11991408,0.11983893,0.08625268,0.9954087,-0.055754103,-0.075791486,-0.017569475,0,7,1785207438185001,1785207438185001,0.37510583,-0.21389157,0.3376896,1,0.01769981,0.015868658,0.005720085
1785207438204589697,1.310617,1.777345,0.050517883,0.00034924663,0.00013260717,0.003528268,1,-0.007708305,6.0018954,-5.0106187,0.12082572,0.120738335,0.08614961,0.996884,-0.045393914,-0.062188968,-0.017153824,0,7,1785207438201001,1785207438201001,0.3827091,-0.22050121,0.40536374,1,0.017701622,0.016026638,0.0057213823
1785207438212562076,1.3542932,1.8559078,0.05211989,0.00034549963,0.00013298405,0.0035317976,1,-0.0045385696,5.9997983,-5.008242,0.1212856,0.12119188,0.08639982,0.9975468,-0.03992182,-0.054950897,-0.016942117,0,7,1785207438209001,1785207438209001,0.3858336,-0.22362824,0.43563524,1,0.017707378,0.016105145,0.005731957
1785207438224606562,1.3982345,1.9360696,0.052652866,0.00034019502,0.00013254068,0.003537704,1,-0.0013461948,5.997687,-5.005603,0.12174815,0.12164796,0.086650826,0.99814844,-0.034264714,-0.04739102,-0.016726952,0,7,1785207438217001,1785207438217001,0.38880122,-0.22629343,0.46253592,1,0.017717022,0.016181465,0.005742518
1785207438232607095,1.4416436,1.994393,0.0513135,0.0003333812,0.00013119832,0.0035460193,1,0.001868067,5.9955654,-5.0027385,0.12221335,0.12210657,0.08690262,0.998676,-0.028428083,-0.039566066,-0.016515207,0,7,1785207438225001,1785207438225001,0.39163113,-0.22856788,0.4839963,1,0.017731253,0.016254874,0.005753059
1785207438244570848,1.4818584,2.064168,0.05105531,0.00031525997,0.0001259334,0.0035694656,1,0.008353209,5.991301,-4.9965286,0.1231511,0.12303089,0.08740857,0.9994607,-0.016398616,-0.023457808,-0.01609493,0,7,1785207438241001,1785207438241001,0.39637563,-0.23235056,0.5068439,1,0.017764945,0.01639043,0.005774099
1785207438252643136,1.4922441,2.1003876,0.0491901,0.00030407097,0.00012209803,0.0035846517,1,0.011616177,5.9891634,-4.9933043,0.12362414,0.12349699,0.087662734,0.9997052,-0.010312692,-0.015191845,-0.015889315,0,7,1785207438249001,1785207438249001,0.3976914,-0.23352249,0.5063273,1,0.017786248,0.016454652,0.0057846005
1785207438264594486,1.5103562,2.1408663,0.051050685,0.00029163662,0.00011752291,0.003601821,1,0.014883878,5.987029,-4.9900913,0.124099776,0.12396556,0.08791769,0.99984545,-0.004164025,-0.0067675565,-0.01568245,0,7,1785207438257001,1785207438257001,0.39772525,-0.23361659,0.49713665,1,0.017808381,0.016516764,0.005795101
1785207438272566565,1.5401826,2.1677642,0.05477265,0.00027798905,0.00011231107,0.0036208408,1,0.0181465,5.9849086,-4.986939,0.124578,0.12443661,0.087548934,0.9998768,0.002106345,0.0017888745,-0.015455793,0,7,1785207438265001,1785207438265001,0.39670908,-0.23228015,0.48181558,1,0.017832156,0.016577063,0.005785008
1785207438284571236,1.4981034,2.1603084,0.04892812,0.000247652,0.00010028413,0.003663529,1,0.024615549,5.980737,-4.9810724,0.12554224,0.12538616,0.088059194,0.99960333,0.014523217,0.01888589,-0.015020883,0,7,1785207438281001,1785207438281001,0.38997585,-0.22675605,0.42660233,1,0.017884588,0.016693324,0.0058059962
1785207438292586366,1.4749361,2.1589754,0.050788477,0.0002313436,9.3637675e-05,0.0036866472,1,0.027792383,5.97871,-4.9784994,0.12602824,0.12586467,0.088315524,0.99930245,0.020573169,0.027427558,-0.014804653,0,7,1785207438289001,1785207438289001,0.38353947,-0.22142135,0.38757798,1,0.017913394,0.01674871,0.0058164895
1785207438304559908,1.4650797,2.1299493,0.048380457,0.00021446332,8.671192e-05,0.0037106152,1,0.030911066,5.9767404,-4.97623,0.12651685,0.12634565,0.08857264,0.9988961,0.026572745,0.035885643,-0.014588609,0,7,1785207438297001,1785207438297001,0.37556326,-0.21434093,0.34479305,1,0.017944574,0.016802555,0.005826981
1785207438312630553,1.4115512,2.067364,0.04599575,0.00019716023,7.956686e-05,0.0037352263,1,0.033957727,5.974838,-4.9742875,0.12700807,0.12682913,0.08883057,0.99839693,0.032406256,0.044121344,-0.01438287,0,7,1785207438305001,1785207438305001,0.3656663,-0.20636143,0.2999982,1,0.017976673,0.016854826,0.0058374745
1785207438324559901,1.2933277,1.9520773,0.03906397,0.00015757105,6.4641456e-05,0.0037453093,1,0.038111456,5.972212,-4.9737177,0.10637247,0.10637302,0.080424085,0.99717015,0.04329794,0.059840746,-0.01400687,0,7,1785207438321001,1785207438321001,0.33911484,-0.18507251,0.21123245,1,0.014427684,0.013674315,0.005447077
1785207438332587004,1.2467217,1.8740473,0.035861913,0.00014029858,5.7743946e-05,0.003769644,1,0.039227877,5.9714932,-4.9750156,0.106744014,0.106742285,0.080655105,0.9964584,0.04845707,0.0673245,-0.013783903,0,7,1785207438329001,1785207438329001,0.32355964,-0.17253426,0.16909237,1,0.014457138,0.013718634,0.00545741
1785207438344575434,1.1567098,1.7624586,0.034803312,0.0001235543,5.1183957e-05,0.0037931127,1,0.040253367,5.9708605,-4.9765625,0.10711763,0.10711353,0.08088688,0.9957125,0.05328294,0.07438662,-0.013571684,0,7,1785207438337001,1785207438337001,0.30640554,-0.15943807,0.12835029,1,0.014488139,0.013763258,0.0054677534
1785207438352627363,1.0752152,1.6711134,0.03693561,0.00010753644,4.5072728e-05,0.0038154058,1,0.041172624,5.9703226,-4.97835,0.10749334,0.10748676,0.0811194,0.9949453,0.057761252,0.0810529,-0.0133398995,0,7,1785207438345001,1785207438345001,0.2874717,-0.1449953,0.08916947,1,0.014520706,0.013808765,0.0054781074
1785207438364615002,0.920485,1.4836272,0.032937374,7.8064695e-05,3.45499e-05,0.003855732,1,0.042648178,5.969566,-4.982608,0.108251095,0.10823926,0.0815867,0.9933697,0.065813854,0.093377806,-0.0128746405,0,7,1785207438361001,1785207438361001,0.24718222,-0.11394854,0.014575515,1,0.014592719,0.013902921,0.0054988363
1785207438372617368,0.824345,1.3443437,0.027610216,6.490499e-05,3.0354131e-05,0.0038732544,1,0.04319128,5.969356,-4.9850693,0.10863317,0.10861857,0.08182148,0.99261206,0.06927934,0.09879951,-0.012667152,0,7,1785207438369001,1785207438369001,0.22546998,-0.09764714,-0.022084296,1,0.014632895,0.013952411,0.0055092126
1785207438384596080,0.74471647,1.23835,0.024681259,5.3175838e-05,2.7002214e-05,0.0038885009,1,0.043587826,5.9692674,-4.987753,0.109017394,0.108999945,0.082057014,0.99188507,0.07239756,0.103764795,-0.012469669,0,7,1785207438377001,1785207438377001,0.20189732,-0.08009347,-0.058828827,1,0.014677524,0.014005135,0.005519596
1785207438392600961,0.6784054,1.1563246,0.026278172,4.318441e-05,2.4594192e-05,0.003901031,1,0.043821525,5.9693127,-4.990663,0.10940361,0.10938325,0.08174907,0.9911813,0.07523901,0.10838992,-0.012267808,0,7,1785207438385001,1785207438385001,0.17700897,-0.06117059,-0.0966771,1,0.014724999,0.014060286,0.005512399
1785207438404597757,0.52713627,0.9408757,0.01802041,2.905773e-05,2.2984406e-05,0.003917101,1,0.04377547,5.969824,-4.9971914,0.11018311,0.110156596,0.08222079,0.9898966,0.08000445,0.11646028,-0.011878544,0,7,1785207438401001,1785207438401001,0.12536077,-0.022625614,-0.17025654,1,0.01484117,0.014184762,0.0055331644
1785207438412639046,0.45789608,0.84899557,0.020950539,2.512392e-05,2.3839862e-05,0.0039203456,1,0.043487374,5.9702916,-5.0007706,0.1105763,0.110546574,0.082457796,0.989332,0.08194324,0.11987866,-0.011696564,0,7,1785207438409001,1785207438409001,0.09956722,-0.0037124855,-0.20015487,1,0.014911105,0.014252274,0.005543526
1785207438424580818,0.3979727,0.76457447,0.017221639,2.3443281e-05,2.5873745e-05,0.0039201584,1,0.043028966,5.9708953,-5.004493,0.11097185,0.11093881,0.08269556,0.98881304,0.08363748,0.12296779,-0.011511742,0,7,1785207438417001,1785207438417001,0.07527882,0.014258408,-0.22175331,1,0.014989391,0.014322072,0.005553864
1785207438432586300,0.32393804,0.6620422,0.013759709,2.4093679e-05,2.9079321e-05,0.003916468,1,0.042411294,5.971625,-5.008301,0.1113698,0.11133334,0.08293408,0.9883549,0.085040286,0.12567437,-0.011347505,0,7,1785207438425001,1785207438425001,0.05238089,0.030940512,-0.2364681,1,0.015074133,0.014394197,0.0055641844
1785207438444566124,0.17240429,0.4279503,0.015357936,3.2341195e-05,3.8680802e-05,0.0038989508,1,0.040746674,5.973419,-5.0159183,0.11217312,0.11212951,0.082854316,0.98767114,0.08695334,0.12970564,-0.011015315,0,7,1785207438441001,1785207438441001,0.012174129,0.059299983,-0.24144006,1,0.015278161,0.014546332,0.0055665555
1785207438452738501,0.09410713,0.31503236,0.014824713,3.983234e-05,4.5024808e-05,0.0038852817,1,0.039731678,5.9744563,-5.0195894,0.1125786,0.11253124,0.083093524,0.98745257,0.08742934,0.13105723,-0.0108451545,0,7,1785207438449001,1785207438449001,-0.0046155015,0.07099005,-0.23043235,1,0.0153943375,0.0146233365,0.005576749
1785207438464651418,0.0216693,0.20477693,0.014558499,4.92686e-05,5.220635e-05,0.0038687608,1,0.03861972,5.975568,-5.0230827,0.112986416,0.11293522,0.08333349,0.9873157,0.08761607,0.13197352,-0.010679954,0,7,1785207438457001,1785207438457001,-0.01907998,0.0806733,-0.21046597,1,0.015514581,0.014698099,0.0055869087
1785207438472627194,-0.055296104,0.08919574,0.013226875,6.0414925e-05,5.999706e-05,0.0038499879,1,0.037425306,5.9767404,-5.0263376,0.113397166,0.113341935,0.083574235,0.98726577,0.087490015,0.13244376,-0.010517522,0,7,1785207438465001,1785207438465001,-0.03172205,0.0890105,-0.18392332,1,0.015644291,0.014771934,0.0055970233
1785207438484576771,-0.1988404,-0.13158055,0.010030789,8.716681e-05,7.709001e-05,0.0038064723,1,0.03483958,5.979231,-5.031957,0.11422677,0.114162944,0.08405802,0.98741823,0.08637346,0.1320638,-0.010202094,0,7,1785207438481001,1785207438481001,-0.05248853,0.10229039,-0.11556006,1,0.015918769,0.014914533,0.0056171706
1785207438492609354,-0.2683491,-0.23837301,0.0039057524,0.00010196076,8.600186e-05,0.00378293,1,0.033468347,5.9805346,-5.0342646,0.11464568,0.11457725,0.08373001,0.9876155,0.08537704,0.13124405,-0.010078807,0,7,1785207438489001,1785207438489001,-0.061218657,0.10792022,-0.075976975,1,0.016062083,0.014984277,0.0056086113
1785207438504601591,-0.3346617,-0.3438343,0.0047046775,0.00011729109,9.486181e-05,0.0037589038,1,0.03205516,5.9818707,-5.0361977,0.115067355,0.11499411,0.08397217,0.98788846,0.0841131,0.13000908,-0.009953227,0,7,1785207438497001,1785207438497001,-0.06905115,0.11298709,-0.03353835,1,0.016212326,0.015053255,0.0056186216
1785207438512641488,-0.40070853,-0.44237092,0.0057692993,0.00013314294,0.00010366856,0.0037344075,1,0.030605786,5.983235,-5.0377326,0.11549183,0.11541353,0.084215105,0.98823214,0.082583,0.12837745,-0.00983019,0,7,1785207438505001,1785207438505001,-0.076133616,0.117541976,0.01202711,1,0.016367977,0.015122887,0.005628622
1785207438524610692,-0.5328007,-0.6290591,0.006035485,0.00016446675,0.000120205244,0.003686873,1,0.02762312,5.9860272,-5.0395336,0.1163493,0.11626008,0.084703274,0.98910755,0.078722864,0.124006666,-0.009560549,0,7,1785207438521001,1785207438521001,-0.088052265,0.124387324,0.10937774,1,0.016693944,0.015268363,0.005648627
1785207438532652682,-0.59192294,-0.71774197,0.0060352827,0.00017928165,0.00012767449,0.003664548,1,0.026097562,5.987447,-5.0397744,0.11678196,0.11668693,0.08494852,0.9896274,0.07641296,0.12128361,-0.009428792,0,7,1785207438529001,1785207438529001,-0.09330369,0.12729202,0.16021828,1,0.016867103,0.015343456,0.0056586205
1785207438544594104,-0.65530604,-0.8098877,0.0039047059,0.00019371952,0.00013471975,0.003643228,1,0.024553422,5.98888,-5.039563,0.11721794,0.11711668,0.08519453,0.9901957,0.07385136,0.1182029,-0.009302462,0,7,1785207438537001,1785207438537001,-0.098198585,0.13008861,0.21205038,1,0.017053224,0.015424489,0.005668617
1785207438552625595,-0.71149886,-0.9052287,0.0020417299,0.00020754723,0.00014118195,0.0036230993,1,0.022993285,5.990325,-5.038895,0.117656924,0.11754907,0.08544131,0.9908077,0.07105372,0.11474803,-0.009186299,0,7,1785207438545001,1785207438545001,-0.102698095,0.1326213,0.26424462,1,0.017245444,0.015510471,0.0056786337
1785207438564608324,-0.8409284,-1.0828618,-0.00035898498,0.00023215334,0.00015218451,0.0035878127,1,0.019829469,5.9932446,-5.036191,0.118544,0.11842177,0.08534557,0.99213624,0.064701855,0.106766574,-0.008964584,0,7,1785207438561001,1785207438561001,-0.111656465,0.1371964,0.3679173,1,0.017634377,0.015690643,0.005679442
1785207438572607223,-0.9075074,-1.1622238,-0.0027546787,0.00024309936,0.00015678545,0.0035724272,1,0.018225059,5.9947166,-5.0341654,0.11899213,0.11886209,0.08559297,0.99283713,0.061114963,0.102278605,-0.0088551575,0,7,1785207438569001,1785207438569001,-0.1158286,0.13915649,0.4187424,1,0.017821144,0.015780805,0.0056895427
1785207438584577329,-0.97062486,-1.2442486,-0.0019562226,0.00025290446,0.0001606449,0.0035589237,1,0.016608547,5.9961953,-5.0317035,0.11944331,0.11930504,0.08584114,0.9935518,0.0572713,0.097459756,-0.008740627,0,7,1785207438577001,1785207438577001,-0.119769365,0.14124212,0.4675148,1,0.017999604,0.015870333,0.005699675
1785207438592598661,-1.0188272,-1.3196169,-0.0043491186,0.00026117184,0.00016375296,0.0035477083,1,0.0149773415,5.9976835,-5.0288324,0.11989754,0.11975058,0.0860901,0.9942676,0.053210042,0.09233739,-0.008628939,0,7,1785207438585001,1785207438585001,-0.12441845,0.14369181,0.5122983,1,0.018167604,0.015957916,0.005709835
1785207438604593323,-1.1032501,-1.4764756,-0.0038197902,0.00027294643,0.00016732431,0.003532411,1,0.011644965,6.0006995,-5.0220037,0.12081446,0.12064896,0.08659035,0.99566954,0.04459873,0.081132025,-0.008417738,0,7,1785207438601001,1785207438601001,-0.13544023,0.1498527,0.5871747,1,0.01845593,0.016117327,0.005730224
1785207438612626917,-1.1695633,-1.5497121,-0.0043558134,0.00027641378,0.00016786507,0.0035285621,1,0.009933979,6.00223,-5.0181475,0.12127761,0.12110213,0.0862358,0.9963423,0.039947204,0.07508277,-0.008307264,0,7,1785207438609001,1785207438609001,-0.14164801,0.15240642,0.6169793,1,0.018577667,0.016189082,0.0057205604
1785207438624596612,-1.243599,-1.6216177,-0.0035581316,0.0002781829,0.00016752096,0.0035272976,1,0.00819063,6.0037727,-5.0140405,0.12174367,0.1215578,0.08648612,0.99698675,0.03499952,0.06874284,-0.008183997,0,7,1785207438617001,1785207438617001,-0.1479532,0.15484746,0.64137197,1,0.018687565,0.016256057,0.0057307845
1785207438632595131,-1.2968625,-1.6892618,-0.0016887272,0.00027823407,0.00016636957,0.003528558,1,0.006413822,6.005326,-5.0097394,0.12221261,0.12201593,0.08673723,0.9975909,0.02980962,0.06212147,-0.008047823,0,7,1785207438625001,1785207438625001,-0.15444516,0.15715422,0.6578798,1,0.018786963,0.016318826,0.0057410207
1785207438644592378,-1.325892,-1.7872652,0.001781173,0.00027347927,0.00016164035,0.0035383638,1,0.0027429056,6.00847,-5.000831,0.123159036,0.12293952,0.08724181,0.9986233,0.019115962,0.048227392,-0.0077659157,0,7,1785207438641001,1785207438641001,-0.16894008,0.16281666,0.662162,1,0.018963454,0.016434247,0.005761527
1785207438652698640,-1.3727623,-1.8162946,0.003891773,0.00026875682,0.00015816746,0.0035467225,1,0.00084475824,6.0100627,-4.9963846,0.12363649,0.12340495,0.08749529,0.9990353,0.013625368,0.041049924,-0.0076065287,0,7,1785207438649001,1785207438649001,-0.17608832,0.16456912,0.65109,1,0.019044071,0.016488206,0.005771798
1785207438664622949,-1.4004605,-1.8354684,0.007099523,0.0002625906,0.0001540183,0.0035572005,1,-0.001092701,6.0116587,-4.9920273,0.12411677,0.12387281,0.087749556,0.9993696,0.0079775015,0.033785157,-0.007433711,0,7,1785207438657001,1785207438657001,-0.18259026,0.16554,0.6321409,1,0.019119522,0.016539587,0.005782083
1785207438672587133,-1.3858114,-1.8423939,0.0071066744,0.00025513174,0.0001492281,0.0035696113,1,-0.0030633917,6.0132513,-4.987859,0.12459986,0.12434307,0.08738248,0.99962056,0.0023496978,0.026470076,-0.007256967,0,7,1785207438665001,1785207438665001,-0.18826382,0.16551381,0.60342604,1,0.019188175,0.016588468,0.0057719015
1785207438684597244,-1.3466638,-1.809371,0.01028354,0.00023661736,0.00013788938,0.0035995748,1,-0.00707691,6.0163956,-4.9802923,0.12557371,0.12529029,0.08789136,0.9998681,-0.008553155,0.011964072,-0.0068945657,0,7,1785207438681001,1785207438681001,-0.19751994,0.161775,0.5218539,1,0.019312149,0.016680792,0.0057925265
1785207438692631209,-1.3439993,-1.7816751,0.008431256,0.00022580281,0.00013149033,0.0036169528,1,-0.009107975,6.01792,-4.977006,0.12606516,0.12576778,0.08814699,0.9998676,-0.014004214,0.004859246,-0.0067172353,0,7,1785207438689001,1785207438689001,-0.19980863,0.15750976,0.4736622,1,0.019373035,0.016726233,0.005802861
1785207438704572340,-1.3005915,-1.7505147,0.008972688,0.00021399821,0.00012469903,0.0036357145,1,-0.011134809,6.0193987,-4.974091,0.12655944,0.12624769,0.088403426,0.9997898,-0.019313624,-0.0021286104,-0.0065456275,0,7,1785207438697015,1785207438697015,-0.20008603,0.15188211,0.4227439,1,0.019432297,0.016771093,0.0058132103
1785207438712556983,-1.2356122,-1.7116313,0.016163127,0.00020137132,0.00011754689,0.00365566,1,-0.013144485,6.020823,-4.971564,0.12705651,0.12673001,0.08866065,0.9996426,-0.024367498,-0.008972579,-0.006353704,0,7,1785207438705015,1785207438705015,-0.19887528,0.14532696,0.3707261,1,0.019491253,0.016816288,0.0058235754
1785207438724580008,-1.2148513,-1.6147059,0.013229503,0.00016767305,9.597102e-05,0.003599718,1,-0.01647126,6.0226593,-4.970448,0.10634146,0.10632946,0.08028684,0.9991484,-0.034324158,-0.022101996,-0.005980591,0,7,1785207438721015,1785207438721015,-0.1923121,0.12616126,0.26843867,1,0.015494621,0.01363753,0.0054355785
1785207438732570943,-1.136556,-1.5627726,0.016170615,0.00015395795,8.839427e-05,0.0036211743,1,-0.01777464,6.023071,-4.971777,0.106712535,0.10669784,0.0805173,0.9988196,-0.039003335,-0.028364424,-0.0058081886,0,7,1785207438729015,1785207438729015,-0.18596342,0.115451135,0.2185697,1,0.015545245,0.01367795,0.005445811
1785207438744559383,-1.0547959,-1.5044506,0.015895532,0.00014010629,8.0824815e-05,0.0036427611,1,-0.01902431,6.023409,-4.9734077,0.10708581,0.10706816,0.08074851,0.9984526,-0.04332555,-0.03440512,-0.0056311456,0,7,1785207438737015,1785207438737015,-0.17837158,0.10401162,0.16965108,1,0.015600992,0.013722205,0.005456057
1785207438752585413,-1.0454742,-1.4405357,0.015879456,0.00012618225,7.344691e-05,0.0036641392,1,-0.020210546,6.0236597,-4.9753346,0.10746109,0.10744026,0.08098047,0.99804485,-0.047551267,-0.040194932,-0.005462339,0,7,1785207438745015,1785207438745015,-0.16990076,0.09033715,0.1218209,1,0.015660845,0.013769106,0.005466316
1785207438764608419,-0.8835539,-1.3174975,0.017500708,9.9021665e-05,5.9286438e-05,0.0037057947,1,-0.022346538,6.0238667,-4.980066,0.108218834,0.108190775,0.081446625,0.99715555,-0.05524414,-0.05101625,-0.0051156655,0,7,1785207438761015,1785207438761015,-0.14720628,0.062124994,0.026655588,1,0.015797716,0.01387929,0.005486872
1785207438772580047,-0.81191444,-1.2652999,0.013496382,8.612571e-05,5.2515083e-05,0.00372563,1,-0.023270816,6.023815,-4.982863,0.10860116,0.10856907,0.081144616,0.9966939,-0.058570787,-0.056092687,-0.0049495203,0,7,1785207438769015,1785207438769015,-0.13407166,0.046951715,-0.020455146,1,0.015869815,0.013940182,0.0054798885
1785207438784568266,-0.7772943,-1.1955246,0.014289488,7.393206e-05,4.616157e-05,0.0037443454,1,-0.02409005,6.0236473,-4.9859505,0.108985834,0.10894944,0.081378035,0.99621993,-0.06174413,-0.06091448,-0.004790842,0,7,1785207438777015,1785207438777015,-0.120387115,0.030377205,-0.0661794,1,0.015947495,0.014006597,0.005490188
1785207438792564791,-0.6918067,-1.1161623,0.015631868,6.2698695e-05,4.0435578e-05,0.0037614745,1,-0.024795808,6.02336,-4.989321,0.1093729,0.10933192,0.08161221,0.99575204,-0.06462817,-0.06541946,-0.004628603,0,7,1785207438785015,1785207438785015,-0.10515267,0.014079091,-0.11093853,1,0.016033703,0.014080177,0.005500498
1785207438804579571,-0.49952596,-0.9715529,0.007905418,4.3909036e-05,3.1347634e-05,0.0037896945,1,-0.025828458,6.0224266,-4.9968743,0.11015441,0.110103406,0.08208281,0.9948789,-0.06917944,-0.073563,-0.0043256045,0,7,1785207438801015,1785207438801015,-0.07238656,-0.018824834,-0.19444972,1,0.016228462,0.014247564,0.005521146
1785207438812586856,-0.43720925,-0.887929,0.013229714,3.6684283e-05,2.7976585e-05,0.0038004618,1,-0.02615206,6.021777,-5.001011,0.11054897,0.11049252,0.082319245,0.99447703,-0.07101221,-0.07717184,-0.0041676494,0,7,1785207438809015,1785207438809015,-0.05648689,-0.035280738,-0.22876568,1,0.016327448,0.014337716,0.0055314815
1785207438824611014,-0.33920398,-0.79392004,0.01403346,3.1033782e-05,2.5543928e-05,0.003808696,1,-0.02635267,6.021014,-5.00531,0.110945836,0.1108837,0.08255644,0.9941142,-0.072487555,-0.08041453,-0.0039984137,0,7,1785207438817015,1785207438817015,-0.041308258,-0.04984575,-0.25277227,1,0.016427146,0.014431253,0.005541821
1785207438832599484,-0.23294318,-0.7105635,0.0055125817,2.7046026e-05,2.408478e-05,0.0038143166,1,-0.026436593,6.0201507,-5.009693,0.11134564,0.11127747,0.08224351,0.99379915,-0.07353772,-0.083310455,-0.0038501176,0,7,1785207438825015,1785207438825015,-0.026838616,-0.06299904,-0.26768517,1,0.01653107,0.014530049,0.005534328
1785207438844580319,-0.0774149,-0.5694156,0.006573448,2.3973751e-05,2.3826013e-05,0.0038179972,1,-0.026285166,6.0181613,-5.0184307,0.11215337,0.11207233,0.08271853,0.9932942,-0.0745974,-0.08825857,-0.0035222606,0,7,1785207438841015,1785207438841015,-0.0016726949,-0.08565859,-0.2677765,1,0.016720442,0.014732539,0.0055550053
1785207438852681081,0.001148071,-0.47886816,0.004977025,2.476625e-05,2.497754e-05,0.0038162286,1,-0.026075473,6.017059,-5.022622,0.112561375,0.1124735,0.08295718,0.9931087,-0.07468857,-0.09025204,-0.003367148,0,7,1785207438849015,1785207438849015,0.008298232,-0.094265126,-0.25283393,1,0.016807724,0.014829767,0.005565333
1785207438864610911,0.084238715,-0.39817438,0.0023138463,2.6997448e-05,2.6853377e-05,0.003812298,1,-0.025794085,6.015904,-5.0265956,0.112972155,0.112877205,0.083196595,0.992975,-0.07444718,-0.091913514,-0.0032179651,0,7,1785207438857015,1785207438857015,0.016753318,-0.10109539,-0.2288622,1,0.016890565,0.014924323,0.005575654
1785207438872560056,0.16945982,-0.32440475,0.0031129546,3.0552594e-05,2.946033e-05,0.0038063137,1,-0.025451455,6.0147085,-5.0302896,0.11338573,0.11328346,0.08343677,0.9928916,-0.073871545,-0.093274325,-0.003058128,0,7,1785207438865015,1785207438865015,0.024263367,-0.106853455,-0.197891,1,0.016958276,0.015016223,0.0055859773
1785207438884590606,0.3175314,-0.19071439,-8.422924e-05,4.1106807e-05,3.6567806e-05,0.0037890081,1,-0.024608284,6.0122232,-5.0366445,0.11422122,0.11410369,0.083919436,0.9928642,-0.071770914,-0.095195085,-0.0027497069,0,7,1785207438881015,1785207438881015,0.0366125,-0.11586413,-0.118471175,1,0.01708288,0.015185028,0.0056065926
1785207438892640271,0.36893114,-0.13425587,-0.0011514911,4.783219e-05,4.0634415e-05,0.0037783287,1,-0.024121054,6.0109477,-5.0392118,0.11464273,0.11451734,0.08359275,0.99290836,-0.07036222,-0.0957896,-0.0025824192,0,7,1785207438889015,1785207438889015,0.041509695,-0.119254455,-0.07177214,1,0.017136531,0.015262025,0.0055983705
1785207438904625485,0.42033008,-0.07167192,-0.0011508882,5.531551e-05,4.5157492e-05,0.003766499,1,-0.023599604,6.0096545,-5.0413413,0.11506743,0.11493392,0.08383437,0.99298745,-0.06874682,-0.096145876,-0.0024172938,0,7,1785207438897015,1785207438897015,0.045779955,-0.12236472,-0.022337185,1,0.017178977,0.015338287,0.005608668
1785207438912633401,0.48105028,-0.008288202,-0.006477385,6.340644e-05,4.995925e-05,0.0037537846,1,-0.023048624,6.008347,-5.0430126,0.11549489,0.11535311,0.08407676,0.993104,-0.066901684,-0.096247405,-0.0022620035,0,7,1785207438905015,1785207438905015,0.049500257,-0.12496297,0.029638477,1,0.01722094,0.015409769,0.0056189564
1785207438924598668,0.597164,0.11075522,-0.010205951,8.10138e-05,5.941472e-05,0.0037270775,1,-0.021872614,6.0057034,-5.0449286,0.116358116,0.11619935,0.08456385,0.9934399,-0.06250351,-0.09574266,-0.0019421534,0,7,1785207438921015,1785207438921015,0.05602096,-0.1289214,0.13770464,1,0.017296514,0.015546906,0.00563954
1785207438932599631,0.6525579,0.16854514,-0.0094071785,9.028674e-05,6.417495e-05,0.003713224,1,-0.021249857,6.004373,-5.0451593,0.11679388,0.11662642,0.084808566,0.99365497,-0.059962478,-0.0951385,-0.0017835572,0,7,1785207438929015,1785207438929015,0.059187748,-0.13048771,0.19254445,1,0.01732483,0.015613985,0.00564985
1785207438944611045,0.7084843,0.22367257,-0.009940058,9.956566e-05,6.8754875e-05,0.0036995448,1,-0.020604542,6.0030384,-5.0448895,0.11723239,0.11705612,0.08447279,0.99389666,-0.057200663,-0.09431338,-0.0016191711,0,7,1785207438937015,1785207438937015,0.062333826,-0.13197942,0.24763846,1,0.017354986,0.015678722,0.005641182
1785207438952648797,0.7585516,0.2841264,-0.009140006,0.000108780856,7.285473e-05,0.0036864092,1,-0.019937659,6.0017004,-5.0441303,0.11767365,0.11748847,0.08471738,0.99416345,-0.054229103,-0.09325299,-0.0014445104,0,7,1785207438945015,1785207438945015,0.065193854,-0.13335009,0.3032275,1,0.017384794,0.01574219,0.005651494
1785207438964608393,0.8062221,0.34324914,-0.011537285,0.00011783703,7.646424e-05,0.003673922,1,-0.019250901,6.00036,-5.0428834,0.11811766,0.117923476,0.08496274,0.99445194,-0.051069643,-0.09195487,-0.0012703849,0,7,1785207438953015,1785207438953015,0.06805863,-0.13454232,0.35844028,1,0.017411938,0.015805503,0.005661823
1785207438972596212,0.9036943,0.47001576,-0.015266555,0.0001346674,8.242459e-05,0.0036513463,1,-0.01781677,5.9976735,-5.0389643,0.11901329,0.11880093,0.085455805,0.99508667,-0.044161465,-0.08860872,-0.00092984014,0,7,1785207438969015,1785207438969015,0.07418157,-0.13721111,0.46457326,1,0.017461333,0.015924811,0.0056825066
1785207438984566387,0.95216405,0.53233355,-0.015533231,0.00014219561,8.439e-05,0.0036420317,1,-0.017064817,5.996328,-5.0363183,0.1194654,0.119243786,0.085703515,0.9954262,-0.04041898,-0.08655978,-0.00075704727,0,7,1785207438977015,1785207438977015,0.07778223,-0.13829154,0.514812,1,0.017488461,0.01598027,0.0056928466
1785207438992589252,1.0043621,0.5967819,-0.018195804,0.00014919284,8.566891e-05,0.003633936,1,-0.016285952,5.994979,-5.033242,0.11992017,0.119689204,0.085952,0.9957768,-0.036462367,-0.08425417,-0.00058706023,0,7,1785207438985015,1785207438985015,0.08156976,-0.13968861,0.562132,1,0.01751416,0.016032627,0.005703188
1785207439004603190,1.0850556,0.73420155,-0.017396178,0.00016121288,8.6606575e-05,0.0036213386,1,-0.014640145,5.9922686,-5.0258813,0.12083755,0.12058758,0.08585259,0.9964938,-0.028050954,-0.07882508,-0.00021624056,0,7,1785207439001015,1785207439001015,0.090203494,-0.1425083,0.64403236,1,0.017565401,0.016126452,0.005704273
1785207439012599134,1.120742,0.7994487,-0.020058066,0.00016597271,8.616117e-05,0.0036172057,1,-0.013762248,5.9909062,-5.021699,0.1213001,0.12104047,0.0861017,0.9968503,-0.023614943,-0.07570969,-3.8860533e-05,0,7,1785207439009015,1785207439009015,0.09595433,-0.1439321,0.676029,1,0.017593503,0.016168315,0.0057145758
1785207439024598564,1.1617545,0.860169,-0.020327067,0.0001699313,8.508961e-05,0.0036144992,1,-0.012836975,5.98954,-5.0172567,0.12176522,0.12149578,0.086351596,0.9971987,-0.019020395,-0.07233974,0.00014474972,0,7,1785207439017015,1785207439017015,0.10258776,-0.14520405,0.70015204,1,0.017621167,0.016207093,0.0057248743
1785207439032622831,1.1971773,0.92035645,-0.021928847,0.00017311939,8.336076e-05,0.0036130669,1,-0.01186583,5.9881787,-5.0126104,0.1222322,0.121952906,0.08660227,0.9975331,-0.014274005,-0.068731144,0.00032389606,0,7,1785207439025015,1785207439025015,0.10930344,-0.14610471,0.71866983,1,0.017646445,0.016241303,0.0057351706
1785207439044649974,1.2445817,1.0484544,-0.019793702,0.00017736778,7.867592e-05,0.0036138666,1,-0.0097541,5.9854617,-5.002884,0.12317502,0.1228754,0.08649643,0.99814373,-0.0044288766,-0.060737435,0.00071118434,0,7,1785207439041015,1785207439041015,0.12515946,-0.14658971,0.72862947,1,0.017698983,0.016307112,0.0057357303
1785207439052665174,1.2467113,1.0918652,-0.021929678,0.0001784535,7.586033e-05,0.0036157786,1,-0.008600307,5.984112,-4.9979715,0.123650186,0.12334017,0.0867477,0.9984072,0.00054437906,-0.056409426,0.0009038916,0,7,1785207439049015,1785207439049015,0.13400915,-0.14624694,0.71939325,1,0.017724566,0.016338127,0.0057460265
1785207439064615962,1.2464451,1.1179638,-0.024859684,0.00017878038,7.273267e-05,0.0036187607,1,-0.007376729,5.982774,-4.9931345,0.12412784,0.123807274,0.08699976,0.9986331,0.0055252826,-0.0519651,0.0010839648,0,7,1785207439057015,1785207439057015,0.14317432,-0.14498578,0.70163333,1,0.017750518,0.016368143,0.0057563274
1785207439072582510,1.2424512,1.1469913,-0.019798994,0.00017840316,6.931454e-05,0.0036227389,1,-0.0060805823,5.9814568,-4.9884567,0.124607995,0.12427671,0.08725261,0.9988199,0.010488089,-0.047406845,0.0012799541,0,7,1785207439065015,1785207439065015,0.15251742,-0.14227137,0.67253745,1,0.017776987,0.01639771,0.0057666353
1785207439084566812,1.1966435,1.195196,-0.021131117,0.00017554358,6.183909e-05,0.0036334405,1,-0.0032706265,5.9789267,-4.979898,0.1255758,0.12522258,0.08776067,0.99907434,0.020197492,-0.03794437,0.0016770795,0,7,1785207439081015,1785207439081015,0.17122301,-0.13337772,0.586869,1,0.017833194,0.016455738,0.005787275
1785207439092602591,1.1708118,1.189336,-0.019002922,0.00017312876,5.7887773e-05,0.0036399912,1,-0.001757738,5.977735,-4.9761505,0.12606345,0.12569901,0.08801589,0.99913776,0.024896257,-0.033173688,0.0018694049,0,7,1785207439089015,1785207439089015,0.1799268,-0.12658301,0.53426814,1,0.017861716,0.016484736,0.005797612
1785207439104574209,1.1460446,1.1973263,-0.019267388,0.0001700175,5.3864766e-05,0.0036472043,1,-0.0001858022,5.9766116,-4.972825,0.12655276,0.12617704,0.08764598,0.99915963,0.029489648,-0.028393244,0.0020602844,0,7,1785207439097015,1785207439097015,0.18709235,-0.11796414,0.47921655,1,0.017888423,0.016511887,0.005787325
1785207439112581183,1.1159514,1.2045165,-0.016869852,0.00016628111,4.988775e-05,0.003655102,1,0.0014371318,5.9755673,-4.9699183,0.12704544,0.12665813,0.08790097,0.99914217,0.03397891,-0.023568153,0.0022556896,0,7,1785207439105015,1785207439105015,0.19322744,-0.10837424,0.4231644,1,0.01791821,0.016541293,0.0057976763
1785207439124603768,1.008097,1.1643175,-0.020604553,0.00015423416,4.176489e-05,0.0036269065,1,0.003989557,5.973937,-4.9683776,0.10636597,0.1062899,0.08018422,0.99900097,0.042331498,-0.014086319,0.0026099582,0,7,1785207439121015,1785207439121015,0.20223327,-0.08619297,0.3096269,1,0.014380827,0.013425956,0.005431548
1785207439132619488,0.9673514,1.1597893,-0.021666778,0.00014867981,3.8126338e-05,0.0036362836,1,0.0049126083,5.9733667,-4.9696703,0.10673867,0.10665828,0.08041436,0.9988824,0.046229225,-0.009441212,0.0027900867,0,7,1785207439129015,1785207439129015,0.20399682,-0.07308365,0.25297695,1,0.014409849,0.013454041,0.0054417686
1785207439144615513,0.9063643,1.1592575,-0.020864101,0.00014256802,3.4719786e-05,0.0036459875,1,0.005863175,5.972903,-4.9713154,0.107113406,0.10702857,0.08064525,0.99873793,0.04990869,-0.0047890884,0.0029756166,0,7,1785207439137015,1785207439137015,0.20457135,-0.05958852,0.19634306,1,0.014439477,0.013483749,0.005452004
1785207439152619341,0.83339345,1.1310279,-0.025927575,0.00013592391,3.1654232e-05,0.0036558826,1,0.006833119,5.972549,-4.973315,0.10749018,0.10740077,0.08087688,0.99857366,0.053299032,-0.0002210904,0.0031359268,0,7,1785207439145015,1785207439145015,0.20441826,-0.045319855,0.13998285,1,0.014471294,0.0135155255,0.0054622507
1785207439164622969,0.7023664,1.1107876,-0.024060475,0.00012120698,2.6794292e-05,0.0036757735,1,0.008795872,5.9721994,-4.9783254,0.10824965,0.10815077,0.080810584,0.9981984,0.059267674,0.008682618,0.0034616098,0,7,1785207439161015,1785207439161015,0.19990912,-0.0142526915,0.028820124,1,0.014543492,0.013586211,0.0054656584
1785207439172629062,0.62540096,1.0953412,-0.026990639,0.00011335522,2.5138455e-05,0.0036854665,1,0.009765833,5.972215,-4.9813347,0.10863269,0.10852887,0.08104293,0.99799436,0.0618288,0.01309513,0.0036133104,0,7,1785207439169015,1785207439169015,0.19631991,0.002049221,-0.025924496,1,0.01458738,0.013627966,0.0054759323
1785207439184569611,0.5385826,1.0569913,-0.026989903,0.00010530901,2.4081119e-05,0.0036947564,1,0.010720862,5.9723625,-4.984693,0.109017886,0.10890899,0.08127604,0.9977881,0.06405657,0.017371576,0.0037563345,0,7,1785207439177015,1785207439177015,0.19188213,0.01885652,-0.07980346,1,0.014635909,0.013673219,0.0054862145
1785207439192601122,0.46108428,1.0300936,-0.026725482,9.7101816e-05,2.3688766e-05,0.003703542,1,0.011648365,5.972646,-4.988394,0.10940527,0.109291166,0.08150989,0.9975832,0.06595234,0.021516673,0.0039005997,0,7,1785207439185015,1785207439185015,0.18566342,0.036211118,-0.13234104,1,0.014690833,0.013722893,0.0054965047
1785207439204625710,0.30608824,0.97230303,-0.02752259,8.068004e-05,2.5076653e-05,0.0037189494,1,0.013385333,5.9736257,-4.996766,0.110186815,0.11006186,0.08197986,0.997179,0.068878435,0.029535709,0.0041878195,0,7,1785207439201015,1785207439201015,0.17135699,0.070232205,-0.22940223,1,0.014823843,0.013841476,0.005517114
1785207439212617646,0.21554054,0.91983885,-0.030452592,7.2885e-05,2.6880214e-05,0.0037251273,1,0.014187522,5.974313,-5.0013804,0.11058109,0.11045048,0.08221598,0.99699605,0.0698111,0.033267543,0.004315167,0,7,1785207439209015,1785207439209015,0.1637451,0.08594894,-0.26921105,1,0.014902441,0.013909212,0.005527427
1785207439224656160,0.13324934,0.87829334,-0.028855655,6.5494365e-05,2.9414536e-05,0.003730171,1,0.014940809,5.9751177,-5.0061917,0.11097778,0.110841334,0.082452856,0.9968287,0.0704069,0.03682162,0.004445247,0,7,1785207439217015,1785207439217015,0.15568423,0.10006024,-0.2972812,1,0.01499359,0.013984544,0.0055377404
1785207439232616116,0.0634737,0.844205,-0.031786937,5.853676e-05,3.264766e-05,0.0037340815,1,0.01564394,5.97603,-5.011103,0.11137694,0.11123448,0.082140975,0.9966747,0.07071063,0.040232252,0.0045702765,0,7,1785207439225015,1785207439225015,0.14778757,0.1129907,-0.31528434,1,0.015094996,0.014066462,0.005530267
1785207439244635704,-0.078738086,0.742473,-0.03205333,4.635274e-05,4.094775e-05,0.0037383095,1,0.016907835,5.978129,-5.020931,0.11218258,0.11202755,0.08261537,0.99641675,0.07048606,0.0465036,0.004798673,0,7,1785207439241015,1785207439241015,0.13380837,0.13343853,-0.31724423,1,0.015329069,0.0142467255,0.005550879
1785207439252682173,-0.15330681,0.69506866,-0.031787712,4.127765e-05,4.593726e-05,0.0037385812,1,0.017480401,5.979285,-5.02566,0.112589605,0.11242788,0.082853705,0.9963195,0.06993114,0.049326062,0.0049162474,0,7,1785207439249015,1785207439249015,0.12780029,0.1407956,-0.30093977,1,0.01546228,0.014342409,0.0055611734
1785207439264637951,-0.2169565,0.6593823,-0.034718882,3.684354e-05,5.1425453e-05,0.0037377137,1,0.018021086,5.980492,-5.0301523,0.11299937,0.1128307,0.0830928,0.99624044,0.06910884,0.05199806,0.0050265077,0,7,1785207439257015,1785207439257015,0.12261465,0.14663127,-0.27435312,1,0.015601553,0.014439669,0.005571465
1785207439272589561,-0.26649156,0.62369573,-0.03711675,3.3126867e-05,5.7227568e-05,0.0037358154,1,0.018533876,5.981741,-5.034338,0.113411926,0.11323601,0.083332665,0.9961756,0.06807927,0.054527596,0.0051309112,0,7,1785207439265015,1785207439265015,0.11770461,0.15145361,-0.24038218,1,0.0157461,0.014538167,0.005581757
1785207439284611775,-0.35996816,0.5363441,-0.037649535,2.7837832e-05,6.9475595e-05,0.0037292275,1,0.019492427,5.9843335,-5.041582,0.11424556,0.1140542,0.08325018,0.9960917,0.06544469,0.05907761,0.005318346,0,7,1785207439281015,1785207439281015,0.11014171,0.15852872,-0.1531738,1,0.016057832,0.014735433,0.0055839615
1785207439292594894,-0.39991555,0.49746197,-0.03738415,2.6168716e-05,7.577047e-05,0.003724788,1,0.01994861,5.985664,-5.0445457,0.11466672,0.11446714,0.083490714,0.9960711,0.06387272,0.061102055,0.0054143416,0,7,1785207439289015,1785207439289015,0.10707521,0.16091393,-0.101694345,1,0.016221808,0.014834342,0.0055942284
1785207439304619562,-0.44225952,0.45618328,-0.03578554,2.5153677e-05,8.1930324e-05,0.0037198295,1,0.020393206,5.98701,-5.0470285,0.11509084,0.11488265,0.08373201,0.99606425,0.06213711,0.062965475,0.0055123377,0,7,1785207439297015,1785207439297015,0.104364075,0.16271307,-0.047262285,1,0.016391966,0.014933468,0.0056044953
1785207439312639360,-0.48540294,0.41783428,-0.037650995,2.4750067e-05,8.787689e-05,0.0037143996,1,0.02082499,5.988369,-5.04901,0.11551738,0.11530033,0.08397407,0.9960715,0.06023239,0.06466906,0.0056101177,0,7,1785207439305015,1785207439305015,0.10181006,0.16436797,0.009827753,1,0.016566487,0.015030634,0.0056147585
1785207439324619945,-0.5735535,0.35285297,-0.040847596,2.5710626e-05,9.894262e-05,0.0037027444,1,0.021661019,5.991117,-5.051412,0.11638071,0.1161444,0.084460504,0.9961249,0.055868667,0.06767661,0.00579954,0,7,1785207439321015,1785207439321015,0.096965075,0.16668431,0.12779133,1,0.016938869,0.015227727,0.005635283
1785207439332657187,-0.6148319,0.32036358,-0.03498827,2.7003949e-05,0.00010375153,0.0036968281,1,0.022068925,5.9925,-5.0518227,0.116817035,0.11657041,0.084704876,0.99616766,0.053444732,0.06898529,0.0059073986,0,7,1785207439329015,1785207439329015,0.09486881,0.16732833,0.18775354,1,0.017133193,0.015326028,0.005645551
1785207439344617594,-0.6534482,0.2830783,-0.037651435,2.8772512e-05,0.000107965374,0.0036910297,1,0.022470107,5.9938865,-5.0516996,0.11725652,0.1169991,0.08495002,0.996221,0.05086169,0.07014665,0.006016869,0,7,1785207439337015,1785207439337015,0.092583954,0.16807489,0.24847002,1,0.017333362,0.015423458,0.0056558196
1785207439352661868,-0.68673784,0.24446233,-0.03898273,3.1005136e-05,0.00011167597,0.0036852704,1,0.022865115,5.995278,-5.0510373,0.11769921,0.117430456,0.08461274,0.9962839,0.048141632,0.07115723,0.006123038,0,7,1785207439345015,1785207439345015,0.09062337,0.16878551,0.30959526,1,0.01753587,0.015519849,0.0056470516
1785207439364620933,-0.7583767,0.16723084,-0.043510295,3.6539215e-05,0.00011691342,0.0036748692,1,0.02363868,5.998069,-5.048099,0.11859429,0.11830129,0.08510353,0.9964371,0.042275127,0.07270728,0.006311274,0,7,1785207439361015,1785207439361015,0.08665836,0.1696167,0.4323966,1,0.017929751,0.015705504,0.005667618
1785207439372602970,-0.7919326,0.123023,-0.040046956,3.9691527e-05,0.00011835928,0.003670456,1,0.024017729,5.999467,-5.0458283,0.11904667,0.11874073,0.08535008,0.9965257,0.039139766,0.07323669,0.00641358,0,7,1785207439369015,1785207439369015,0.08470917,0.1700482,0.49237907,1,0.018108582,0.01578904,0.0056779133
1785207439384593243,-0.841468,0.07908042,-0.041377876,4.3060314e-05,0.00011910097,0.0036664177,1,0.0243886,6.0008645,-5.043046,0.11950149,0.11918225,0.08559742,0.9966243,0.035821922,0.073582485,0.006523238,0,7,1785207439377015,1785207439377015,0.08230906,0.17039557,0.549122,1,0.018272895,0.015864547,0.0056882165
1785207439392620135,-0.88035005,0.035937715,-0.042176604,4.6596906e-05,0.00011921735,0.0036629487,1,0.024747923,6.002265,-5.039779,0.11996018,0.11962693,0.08584553,0.9967299,0.0323351,0.073757224,0.0066312114,0,7,1785207439385015,1785207439385015,0.07944644,0.17083703,0.6028317,1,0.018423682,0.015935495,0.0056985263
1785207439404613584,-0.9685006,-0.0482173,-0.042442802,5.3753596e-05,0.00011741015,0.0036579676,1,0.025412232,6.005072,-5.031952,0.12088677,0.12052394,0.08574512,0.99695474,0.024837885,0.07360327,0.0068473974,0,7,1785207439401015,1785207439401015,0.071294546,0.17182063,0.6962595,1,0.018665742,0.016053976,0.0056995284
1785207439412627592,-1.0028555,-0.09695439,-0.04377304,5.7366364e-05,0.00011554297,0.0036564064,1,0.025702912,6.0064807,-5.0274796,0.121354535,0.12097617,0.08599384,0.99707115,0.020861372,0.07324955,0.00697081,0,7,1785207439409015,1785207439409015,0.0660613,0.17242543,0.7349482,1,0.018760704,0.016103046,0.0057098405
1785207439424616082,-1.034547,-0.15447968,-0.04829964,6.098505e-05,0.00011322061,0.0036552935,1,0.025958313,6.007893,-5.02268,0.12182518,0.12143084,0.086243354,0.99719024,0.016754905,0.07266862,0.007086254,0,7,1785207439417015,1785207439417015,0.060223717,0.17306845,0.7677471,1,0.018844048,0.016147355,0.0057201553
1785207439432663823,-1.0633097,-0.20747413,-0.046169136,6.45418e-05,0.000110481924,0.0036546604,1,0.026172772,6.0093093,-5.0176105,0.12229868,0.1218879,0.08649364,0.9973091,0.012532202,0.07187364,0.007200184,0,7,1785207439425015,1785207439425015,0.053547822,0.17355922,0.79275495,1,0.01891742,0.016187543,0.005730473
1785207439444641472,-1.1029905,-0.3129366,-0.047234092,7.13067e-05,0.00010399877,0.003654747,1,0.026443023,6.0121417,-5.006952,0.12325407,0.12280912,0.086996585,0.99753624,0.003829446,0.06965058,0.00745284,0,7,1785207439441015,1785207439441015,0.03608505,0.17334883,0.81150013,1,0.0190352,0.016256075,0.00575112
1785207439452671350,-1.1176385,-0.35794336,-0.044837084,7.446487e-05,0.00010030952,0.0036553626,1,0.026473192,6.0135474,-5.0015435,0.123734936,0.123272486,0.08724924,0.99764013,-0.000619061,0.068237044,0.0075851106,0,7,1785207439449015,1785207439449015,0.025212508,0.17226823,0.8057749,1,0.019081466,0.01628492,0.0057614488
1785207439464596460,-1.1296227,-0.39868993,-0.042972885,7.745949e-05,9.638458e-05,0.0036564772,1,0.026421191,6.0149417,-4.99618,0.12421946,0.12373889,0.08750269,0.99773294,-0.005119652,0.066656694,0.0077292,0,7,1785207439457015,1785207439457015,0.013411404,0.17066276,0.79080975,1,0.01912754,0.016314128,0.0057717827
1785207439472593305,-1.1314863,-0.43757322,-0.043239977,8.030153e-05,9.217576e-05,0.003658028,1,0.026276551,6.016319,-4.990965,0.12470671,0.12420759,0.087138265,0.99781334,-0.009634057,0.06491243,0.007879282,0,7,1785207439465015,1785207439465015,0.0001368378,0.16805334,0.7641915,1,0.01917118,0.016342489,0.0057617696
1785207439484574902,-1.1232306,-0.48897174,-0.0437742,8.547776e-05,8.3233186e-05,0.0036621636,1,0.025674568,6.01898,-4.981273,0.12568933,0.12515192,0.08764553,0.9979256,-0.018627346,0.061083023,0.008161519,0,7,1785207439481015,1785207439481015,-0.028990678,0.15849881,0.6807627,1,0.019248622,0.01639812,0.0057824417
1785207439492594160,-1.1112467,-0.51080966,-0.045638476,8.774737e-05,7.857624e-05,0.0036647357,1,0.02520501,6.0202403,-4.9769454,0.12618469,0.12562753,0.087900355,0.99795526,-0.023072885,0.059026856,0.008297037,0,7,1785207439489015,1785207439489015,-0.044176154,0.15166558,0.628379,1,0.019286616,0.016425516,0.0057927854
1785207439504613007,-1.0894092,-0.52678734,-0.040578093,8.976739e-05,7.388e-05,0.0036675984,1,0.024621585,6.0214405,-4.9730167,0.12668276,0.12610546,0.08815597,0.9979669,-0.027440617,0.056903068,0.008441765,0,7,1785207439497015,1785207439497015,-0.05932316,0.14355105,0.5735196,1,0.019324195,0.016452704,0.0058031343
1785207439512611946,-1.0574503,-0.54330117,-0.042707536,9.150866e-05,6.917096e-05,0.0036707511,1,0.023925984,6.0225706,-4.9694996,0.12718354,0.12658569,0.08841239,0.9979622,-0.031688455,0.05471451,0.008584651,0,7,1785207439505015,1785207439505015,-0.07381991,0.13432394,0.5178439,1,0.019359812,0.016479895,0.0058134883
1785207439524596629,-0.96930397,-0.5680713,-0.04403699,9.096056e-05,5.57756e-05,0.0035849784,1,0.02235486,6.0243936,-4.96677,0.10633954,0.106254466,0.08008522,0.9979127,-0.03969542,0.050166674,0.008826274,0,7,1785207439521015,1785207439521015,-0.10058948,0.112791374,0.40390435,1,0.01537102,0.013378473,0.005427385
1785207439532648738,-0.921633,-0.58085513,-0.043769933,9.171655e-05,5.1459298e-05,0.0035887214,1,0.021489492,6.0250745,-4.967491,0.106713645,0.10662235,0.08031502,0.9978719,-0.04341503,0.04782276,0.008932443,0,7,1785207439529015,1785207439529015,-0.112864695,0.10051832,0.34654367,1,0.015404431,0.013405402,0.00543758
1785207439544609987,-0.8702345,-0.596567,-0.04536774,9.214172e-05,4.726134e-05,0.0035926788,1,0.020531207,6.025659,-4.968566,0.1070899,0.10699211,0.080545574,0.99782455,-0.046927128,0.045418005,0.009018631,0,7,1785207439537015,1785207439537015,-0.124625996,0.08733212,0.28906578,1,0.015440596,0.013434414,0.0054477793
1785207439552632851,-0.8124436,-0.6029592,-0.042171873,9.224821e-05,4.322824e-05,0.0035967892,1,0.019484209,6.026137,-4.97,0.107468314,0.10736376,0.08077687,0.99777126,-0.050220486,0.04298049,0.009112554,0,7,1785207439545015,1785207439545015,-0.13580243,0.07294275,0.23131582,1,0.015479764,0.013466168,0.0054579824
1785207439564604058,-0.6957969,-0.6306561,-0.042970017,9.140005e-05,3.5906836e-05,0.0036053273,1,0.017146267,6.026746,-4.973955,0.10823173,0.10811284,0.08124171,0.9976613,-0.056078136,0.03796555,0.009273642,0,7,1785207439561015,1785207439561015,-0.15597904,0.04189986,0.11622701,1,0.0155717945,0.013541489,0.005478399
1785207439572644816,-0.642268,-0.65036297,-0.04084011,9.0353766e-05,3.2763633e-05,0.0036097015,1,0.015865702,6.0268636,-4.976477,0.10861679,0.108490326,0.08147525,0.997607,-0.05867703,0.03535319,0.009349925,0,7,1785207439569015,1785207439569015,-0.16514175,0.025364503,0.059324037,1,0.015624424,0.013584953,0.0054886118
1785207439584630230,-0.5724925,-0.65835315,-0.042702403,8.890453e-05,3.0039739e-05,0.003614062,1,0.014518044,6.0268536,-4.979362,0.10900413,0.10886981,0.08170955,0.9975562,-0.061020877,0.032703675,0.009416459,0,7,1785207439577015,1785207439577015,-0.17342454,0.008866484,0.0027876126,1,0.015681975,0.013633813,0.005498829
1785207439592577642,-0.49952218,-0.6831203,-0.043766867,8.707744e-05,2.7791068e-05,0.003618323,1,0.013110454,6.0267134,-4.9825816,0.1093938,0.10925135,0.081404924,0.9975142,-0.06306582,0.029973201,0.009472101,0,7,1785207439585015,1785207439585015,-0.18076402,-0.008091536,-0.052635275,1,0.015744587,0.013689249,0.005491645
1785207439604614303,-0.3570438,-0.7124158,-0.045894552,8.233288e-05,2.4863808e-05,0.0036263429,1,0.010149366,6.0260234,-4.9900827,0.11017987,0.1100204,0.08187418,0.9974553,-0.06633686,0.024309747,0.009563482,0,7,1785207439601015,1785207439601015,-0.19282563,-0.043258157,-0.16146642,1,0.015883747,0.013824518,0.0055120843
1785207439612602792,-0.26915926,-0.726797,-0.04855691,7.957104e-05,2.4254563e-05,0.0036299021,1,0.008607555,6.025474,-4.994347,0.1105768,0.11040837,0.082109936,0.9974452,-0.0674758,0.021403734,0.00958862,0,7,1785207439609015,1785207439609015,-0.19741304,-0.060425848,-0.21095946,1,0.015959708,0.013903893,0.005522314
1785207439624594418,-0.18873262,-0.75822204,-0.0440299,7.659363e-05,2.423856e-05,0.003633084,1,0.0070366096,6.0247974,-4.998884,0.11097626,0.110798605,0.08234645,0.99745,-0.06828338,0.018392509,0.00962596,0,7,1785207439617015,1785207439617015,-0.20072621,-0.07592205,-0.24945979,1,0.016038999,0.01399305,0.0055325525
1785207439632618114,-0.12135383,-0.7781956,-0.046961643,7.349729e-05,2.481812e-05,0.0036357897,1,0.005444773,6.0240045,-5.003614,0.11137829,0.11119116,0.08258372,0.9974662,-0.068807274,0.015283953,0.009658189,0,7,1785207439625015,1785207439625015,-0.20330602,-0.0905851,-0.27859917,1,0.016118621,0.01409086,0.0055428017
1785207439644572840,0.03390789,-0.78778327,-0.04616103,6.713849e-05,2.772983e-05,0.0036396177,1,0.0022200444,6.022113,-5.013301,0.112190284,0.1119835,0.08250612,0.99753153,-0.06896285,0.008992022,0.009708528,0,7,1785207439641015,1785207439641015,-0.20613748,-0.11433503,-0.30157265,1,0.016273705,0.014310981,0.0055453763
1785207439652651079,0.10261814,-0.8058925,-0.0482937,6.3956875e-05,3.0007857e-05,0.0036407113,1,0.0006016152,6.021044,-5.018062,0.112600304,0.11238338,0.08274408,0.9975808,-0.06858888,0.005785552,0.009732082,0,7,1785207439649015,1785207439649015,-0.20610715,-0.12366868,-0.29565156,1,0.016345628,0.014427925,0.0055556563
1785207439664601076,0.16094081,-0.82879573,-0.04935972,6.0807546e-05,3.2762764e-05,0.0036412962,1,-0.0010126161,6.019911,-5.022671,0.11301302,0.11278579,0.08298279,0.9976363,-0.06797528,0.0024920008,0.009752102,0,7,1785207439657015,1785207439657015,-0.20565368,-0.131533,-0.2804574,1,0.016412703,0.0145468265,0.0055659474
1785207439672603021,0.20861101,-0.8426445,-0.046430986,5.768974e-05,3.591614e-05,0.0036414082,1,-0.002620102,6.0187225,-5.0270543,0.113427915,0.11319027,0.08322227,0.9976941,-0.06715664,-0.0008664744,0.009785487,0,7,1785207439665015,1785207439665015,-0.205192,-0.13805927,-0.2559464,1,0.016473213,0.014665826,0.005576251
1785207439684608293,0.3156704,-0.8421119,-0.050156623,5.1743147e-05,4.312862e-05,0.003640526,1,-0.005818282,6.0162272,-5.034878,0.11426683,0.114007935,0.08370353,0.9978128,-0.06492244,-0.0076063615,0.009840573,0,7,1785207439681015,1785207439681015,-0.2040434,-0.14691459,-0.18233973,1,0.01658567,0.014909205,0.0055968855
1785207439692608214,0.37159675,-0.83572036,-0.048292976,4.8896043e-05,4.703128e-05,0.0036396633,1,-0.0074062976,6.0149407,-5.0381994,0.114690326,0.11442068,0.08394531,0.99787545,-0.0634615,-0.010948323,0.0098693315,0,7,1785207439689015,1785207439689015,-0.20315813,-0.14990455,-0.13603553,1,0.01663562,0.015032369,0.0056072203
1785207439704646648,0.42272928,-0.8410465,-0.04722941,4.6175985e-05,5.1024614e-05,0.0036385832,1,-0.008986992,6.0136366,-5.041074,0.11511652,0.114836074,0.08418786,0.99793774,-0.061790776,-0.0142931035,0.009904858,0,7,1785207439697029,1785207439697029,-0.20254767,-0.15213765,-0.085532546,1,0.016680589,0.015156345,0.0056175683
1785207439712616903,0.47173202,-0.84823686,-0.0480288,4.357694e-05,5.500025e-05,0.0036373986,1,-0.010559577,6.0123205,-5.0434623,0.1155454,0.11525412,0.08385838,0.99799734,-0.059918422,-0.01766753,0.009945665,0,7,1785207439705029,1785207439705029,-0.20146526,-0.15395652,-0.031386554,1,0.016723676,0.015280366,0.0056092804
1785207439724585184,0.5423066,-0.86128575,-0.054156244,3.8742342e-05,6.277582e-05,0.003634844,1,-0.013677046,6.009656,-5.046713,0.11641117,0.116098315,0.08434403,0.99809605,-0.055715803,-0.024484798,0.010021699,0,7,1785207439721029,1785207439721029,-0.19938953,-0.15713775,0.08565819,1,0.016799893,0.015528338,0.0056300214
1785207439732681107,0.5697352,-0.8671457,-0.050162505,3.6544818e-05,6.641999e-05,0.0036335923,1,-0.015220751,6.0083127,-5.047535,0.11684806,0.116524495,0.084588006,0.99813044,-0.05342757,-0.027928377,0.010058516,0,7,1785207439729029,1785207439729029,-0.19824663,-0.15817246,0.14739104,1,0.01683882,0.015651332,0.005640405
1785207439744588013,0.603026,-0.8711407,-0.049627516,3.447519e-05,6.972509e-05,0.0036324617,1,-0.016752793,6.006966,-5.0478063,0.117286935,0.1169528,0.084832765,0.99815303,-0.05101929,-0.031393148,0.010108904,0,7,1785207439737029,1785207439737029,-0.1972683,-0.15903144,0.21017756,1,0.016874067,0.015770493,0.005650799
1785207439752616698,0.64270747,-0.8650151,-0.053355172,3.258462e-05,7.2734925e-05,0.0036315373,1,-0.01827666,6.0056176,-5.047522,0.117729135,0.11738448,0.0850783,0.99816614,-0.04845187,-0.03483894,0.01015053,0,7,1785207439745029,1785207439745029,-0.19633712,-0.15952866,0.27342296,1,0.016909977,0.015890455,0.0056612045
1785207439764612632,0.73165655,-0.8447757,-0.04962528,2.9402292e-05,7.738672e-05,0.0036304581,1,-0.021298172,6.0029197,-5.0452566,0.11862149,0.1182562,0.084983364,0.9981637,-0.042798724,-0.041618064,0.010265908,0,7,1785207439761029,1785207439761029,-0.19410703,-0.160362,0.39976147,1,0.016983496,0.016122203,0.0056628096
1785207439772615709,0.77400136,-0.8341224,-0.053087927,2.8119972e-05,7.889209e-05,0.0036304314,1,-0.02279251,6.00157,-5.0432873,0.11907164,0.11869625,0.08522953,0.99814695,-0.039708246,-0.04493755,0.010323477,0,7,1785207439769029,1785207439769029,-0.19259016,-0.16090298,0.46112704,1,0.01702065,0.016225826,0.005673206
1785207439784625679,0.8219375,-0.82347053,-0.052287858,2.7070517e-05,7.991065e-05,0.0036306595,1,-0.02427368,6.000219,-5.0407934,0.1195244,0.11913906,0.08547648,0.99811846,-0.036433827,-0.048211765,0.0103848735,0,7,1785207439777029,1785207439777029,-0.19090915,-0.16140203,0.5193993,1,0.01705548,0.016321773,0.0056836004
1785207439792610892,0.86587965,-0.8117526,-0.049626313,2.6294469e-05,8.0424696e-05,0.003631119,1,-0.025739865,5.9988685,-5.037799,0.11997975,0.119584605,0.085724205,0.99807703,-0.032973006,-0.051435266,0.0104640685,0,7,1785207439785029,1785207439785029,-0.18895465,-0.16176929,0.5751566,1,0.01709065,0.016408999,0.005693982
1785207439804603430,0.9295297,-0.78751713,-0.054420277,2.5604091e-05,7.9778445e-05,0.0036328477,1,-0.028613482,5.996159,-5.0304246,0.12089812,0.1204837,0.086222,0.9979454,-0.02565323,-0.05774135,0.010625972,0,7,1785207439801029,1785207439801029,-0.18316796,-0.16336279,0.67336273,1,0.017155968,0.016550278,0.00571469
1785207439812617848,0.967081,-0.76168454,-0.0552172,2.5699974e-05,7.8752506e-05,0.003633863,1,-0.030008368,5.9948006,-5.0261307,0.12136022,0.12093632,0.08647208,0.9978563,-0.021788927,-0.06077434,0.010705246,0,7,1785207439809029,1785207439809029,-0.17913827,-0.16424273,0.7135447,1,0.017184656,0.016606318,0.005725024
1785207439824626917,1.0054299,-0.73185784,-0.05574953,2.6135118e-05,7.740112e-05,0.003634978,1,-0.03136566,5.9934373,-5.021507,0.12182566,0.12139228,0.08672293,0.9977533,-0.017768553,-0.06368953,0.010784391,0,7,1785207439817029,1785207439817029,-0.17384689,-0.16502532,0.7458456,1,0.017214185,0.016658379,0.005735351
1785207439832610687,1.043779,-0.6964385,-0.05202025,2.6905862e-05,7.5750206e-05,0.0036360554,1,-0.032676958,5.9920716,-5.016598,0.12229357,0.121850744,0.08636687,0.99763685,-0.013597936,-0.0664642,0.010881855,0,7,1785207439825029,1785207439825029,-0.16772361,-0.16548935,0.77219945,1,0.017242786,0.01670482,0.0057257316
1785207439844602624,1.1007719,-0.6282595,-0.052555453,2.9435072e-05,7.139434e-05,0.0036382806,1,-0.035126034,5.9893427,-5.0061917,0.12323675,0.12277506,0.086869,0.9973608,-0.004863539,-0.07158516,0.011108041,0,7,1785207439841029,1785207439841029,-0.15109494,-0.16554254,0.7993132,1,0.017298017,0.01678089,0.005746328
1785207439852612433,1.1138209,-0.5931065,-0.054686386,3.1192943e-05,6.87721e-05,0.0036393448,1,-0.036236063,5.9879837,-5.000855,0.123712,0.12324085,0.08712124,0.99719983,-0.00039351644,-0.07393673,0.011217161,0,7,1785207439849029,1785207439849029,-0.13994992,-0.16494855,0.79692024,1,0.01732462,0.016814686,0.0057566273
1785207439864628085,1.1303322,-0.5494313,-0.05495032,3.3301538e-05,6.591682e-05,0.0036402913,1,-0.03724817,5.986635,-4.995553,0.12418968,0.12370904,0.08737427,0.9970255,0.004139813,-0.076123685,0.011326678,0,7,1785207439857029,1785207439857029,-0.12671034,-0.16359347,0.78218037,1,0.017350098,0.016844738,0.0057669263
1785207439872588741,1.1420504,-0.50202674,-0.053618956,3.5762027e-05,6.292476e-05,0.0036410228,1,-0.038147278,5.9853034,-4.99037,0.124669775,0.12417961,0.0876281,0.99684006,0.0087230075,-0.07812069,0.011447229,0,7,1785207439865029,1785207439865029,-0.11175079,-0.16110997,0.7589678,1,0.017373538,0.016873294,0.0057772356
1785207439884582942,1.1148866,-0.42133173,-0.05122485,4.1776595e-05,5.672946e-05,0.00364151,1,-0.03954874,5.982726,-4.980608,0.12563609,0.12512684,0.0875141,0.9964348,0.017814273,-0.08162741,0.011726248,0,7,1785207439881029,1785207439881029,-0.0764996,-0.15317352,0.6873841,1,0.017416786,0.016921598,0.005777324
1785207439892666651,1.1007713,-0.37099957,-0.05202278,4.534498e-05,5.362246e-05,0.00364125,1,-0.04002735,5.9814963,-4.976162,0.12612338,0.12560447,0.087768495,0.99622256,0.022247313,-0.08309863,0.011848013,0,7,1785207439889029,1785207439889029,-0.057313923,-0.14741723,0.64203197,1,0.017439667,0.01694624,0.005787639
1785207439904612000,1.0813303,-0.32439396,-0.050159566,4.9247974e-05,5.048602e-05,0.0036406862,1,-0.04034871,5.980321,-4.972059,0.12661308,0.12608445,0.08802368,0.9960061,0.026611159,-0.08438173,0.011976844,0,7,1785207439897029,1785207439897029,-0.037174977,-0.14016394,0.5940832,1,0.017463624,0.01697078,0.005797959
1785207439912607222,1.0496386,-0.28844103,-0.050695114,5.3465046e-05,4.734488e-05,0.0036398126,1,-0.04050506,5.97921,-4.968315,0.12710519,0.12656678,0.08827966,0.99578595,0.030858114,-0.085508525,0.012098933,0,7,1785207439905029,1785207439905029,-0.016105829,-0.13186966,0.5449083,1,0.017487898,0.016995147,0.0058082864
1785207439924621610,0.99931353,-0.2002843,-0.052559067,6.1798026e-05,4.0473005e-05,0.0035864508,1,-0.04063548,5.9776125,-4.964964,0.106407695,0.10621399,0.08049838,0.9953461,0.038995814,-0.08725599,0.012321871,0,7,1785207439921029,1785207439921029,0.026882531,-0.11134228,0.44089788,1,0.014066888,0.013737855,0.0054398836
1785207439932618676,0.98306817,-0.17019047,-0.053094506,6.6807246e-05,3.7511738e-05,0.0035846045,1,-0.04059735,5.97714,-4.9652815,0.10678124,0.10658181,0.08020549,0.9951247,0.04296069,-0.0879022,0.012429135,0,7,1785207439929029,1785207439929029,0.04879483,-0.09901207,0.38749376,1,0.014090997,0.013760817,0.0054332656
1785207439944595905,0.9409903,-0.12917751,-0.05042908,7.2048046e-05,3.4708348e-05,0.0035823695,1,-0.040376414,5.976761,-4.9659204,0.10715674,0.106951535,0.08043568,0.9949069,0.046774767,-0.08840359,0.012540747,0,7,1785207439937029,1785207439937029,0.07051987,-0.08585648,0.3346431,1,0.014117073,0.013784703,0.005443448
1785207439952678271,0.90636927,-0.08363825,-0.049629554,7.751608e-05,3.21524e-05,0.0035796599,1,-0.03997628,5.976483,-4.966878,0.10753421,0.10732319,0.08066661,0.9946976,0.050440893,-0.08872686,0.012646202,0,7,1785207439945029,1785207439945029,0.09174428,-0.07178202,0.2828618,1,0.014144258,0.013809837,0.0054536397
1785207439964594024,0.80783266,0.022356797,-0.054689888,8.8949484e-05,2.7937887e-05,0.0035727795,1,-0.03865018,5.9762535,-4.9697146,0.108294696,0.108072,0.081130706,0.99432504,0.05723878,-0.08875149,0.012832304,0,7,1785207439961029,1785207439961029,0.13355623,-0.042118642,0.1841013,1,0.014206815,0.013863099,0.005474029
1785207439972628670,0.7340632,0.08600543,-0.04856223,9.476104e-05,2.6369467e-05,0.0035687392,1,-0.037727647,5.976309,-4.971573,0.10867819,0.108449556,0.08136387,0.99417526,0.06024631,-0.08842694,0.012917258,0,7,1785207439969029,1785207439969029,0.1541555,-0.026723241,0.1370284,1,0.014245792,0.0138935875,0.0054842234
1785207439984600439,0.6589619,0.15871117,-0.05095853,0.00010053016,2.5224363e-05,0.00356432,1,-0.03663627,5.976483,-4.9737124,0.10906377,0.10882915,0.0815978,0.99406,0.062957674,-0.08781957,0.0129957,0,7,1785207439977029,1785207439977029,0.17407244,-0.010853862,0.09148797,1,0.014289334,0.013925945,0.005494417
1785207439992588838,0.5748062,0.23620875,-0.0546862,0.00010620271,2.4556026e-05,0.0035595205,1,-0.035381343,5.9767766,-4.9761224,0.10945146,0.10921081,0.08183247,0.9939856,0.065333866,-0.08691343,0.013044799,0,7,1785207439985029,1785207439985029,0.19340278,0.005024509,0.047503468,1,0.014338025,0.0139602525,0.005504608
1785207440004612805,0.38785246,0.39493302,-0.050424397,0.0001172302,2.4836509e-05,0.0035486214,1,-0.032401796,5.977724,-4.9816914,0.110233374,0.10998049,0.08176123,0.99397254,0.06898565,-0.0841852,0.013133688,0,7,1785207440001029,1785207440001029,0.23010191,0.036878172,-0.035705544,1,0.014458819,0.014037698,0.0055074985
1785207440012609910,0.29490784,0.4838829,-0.052288186,0.00012244219,2.5838583e-05,0.0035426116,1,-0.030688947,5.9783807,-4.9848447,0.11062772,0.11036859,0.08199661,0.9940402,0.07024631,-0.08231819,0.013165711,0,7,1785207440009029,1785207440009029,0.24730806,0.053129714,-0.07586047,1,0.014533064,0.014082286,0.0055176564
1785207440024609270,0.20116507,0.5691037,-0.04989152,0.00012733566,2.7441089e-05,0.003536319,1,-0.028835902,5.9791613,-4.9882336,0.111024424,0.110758945,0.08223274,0.9941573,0.07112965,-0.080111675,0.013193879,0,7,1785207440017029,1785207440017029,0.26356944,0.0692544,-0.11342423,1,0.014616245,0.014130251,0.005527806
1785207440032631944,0.0996994,0.64873236,-0.045899104,0.00013193137,2.9630952e-05,0.0035297018,1,-0.026854428,5.980063,-4.991824,0.11142296,0.11115113,0.082469635,0.9943224,0.071609326,-0.07758968,0.013229408,0,7,1785207440025029,1785207440025029,0.27827513,0.08441902,-0.14495824,1,0.014705647,0.0141799105,0.005537949
1785207440044606587,-0.08246113,0.80053246,-0.047498927,0.0001400881,3.5615107e-05,0.0035159707,1,-0.022557108,5.982183,-4.9993744,0.11222872,0.111943446,0.0829457,0.9947815,0.07143535,-0.07162858,0.0132739665,0,7,1785207440041029,1785207440041029,0.30216837,0.11015894,-0.18045062,1,0.014915709,0.014298568,0.0055582356
1785207440052679115,-0.16848077,0.8652473,-0.045101892,0.00014352339,3.9354527e-05,0.0035090004,1,-0.020274153,5.983374,-5.0031753,0.11263551,0.11234321,0.082628794,0.9950632,0.0708193,-0.06824388,0.013293023,0,7,1785207440049029,1785207440049029,0.31107038,0.120401524,-0.18214135,1,0.015032186,0.014363816,0.005550366
1785207440064610867,-0.23932193,0.93182606,-0.045370497,0.00014659297,4.3508386e-05,0.003501981,1,-0.01792297,5.9846354,-5.0068803,0.11304497,0.1127454,0.08286712,0.99537116,0.06990052,-0.06459771,0.0133167105,0,7,1785207440057029,1785207440057029,0.31801915,0.12905528,-0.17351848,1,0.015154099,0.0144322915,0.0055605145
1785207440072593174,-0.30456853,0.9928127,-0.043773454,0.000149263,4.8015867e-05,0.003495008,1,-0.015517252,5.9859548,-5.010419,0.113457166,0.11315004,0.08310621,0.99569875,0.06871011,-0.06070387,0.013340988,0,7,1785207440065029,1785207440065029,0.32365543,0.13661805,-0.15732564,1,0.015282194,0.014505205,0.0055706752
1785207440084571104,-0.4334673,1.0820279,-0.047500074,0.00015334017,5.8127487e-05,0.0034812277,1,-0.010575577,5.988737,-5.016782,0.11428993,0.11396674,0.08358667,0.99638385,0.065568745,-0.052355014,0.013378503,0,7,1785207440081029,1785207440081029,0.33203393,0.14843822,-0.10421663,1,0.015560101,0.0146643445,0.0055910363
1785207440092575223,-0.5013755,1.1318301,-0.04483779,0.00015482142,6.358456e-05,0.0034744935,1,-0.008056582,5.9901814,-5.0195017,0.11471061,0.11437885,0.083828054,0.9967357,0.06358841,-0.04790903,0.013388197,0,7,1785207440089029,1785207440089029,0.3346233,0.15265135,-0.0689163,1,0.015706958,0.014749876,0.0056012445
1785207440104598167,-0.5623641,1.1805654,-0.047501672,0.000155805,6.920452e-05,0.0034680585,1,-0.005517605,5.9916506,-5.0218654,0.1151334,0.11479285,0.0840702,0.99708796,0.061353646,-0.043265093,0.013398778,0,7,1785207440097029,1785207440097029,0.33636513,0.1562128,-0.030127317,1,0.015856322,0.014837006,0.0056114728
1785207440112615430,-0.6185549,1.2263725,-0.045638736,0.00015624963,7.4935626e-05,0.0034620874,1,-0.0029627637,5.9931407,-5.0238485,0.11555993,0.11520998,0.08431311,0.99743474,0.058881573,-0.038434826,0.013407721,0,7,1785207440105029,1785207440105029,0.3375822,0.15939777,0.011747942,1,0.016011626,0.014929169,0.005621724
1785207440124632404,-0.684337,1.294282,-0.046172276,0.00015535059,8.614792e-05,0.0034521837,1,0.0021826236,5.996175,-5.0265446,0.11642197,0.11605187,0.08422508,0.9980753,0.053497203,-0.028332168,0.013456536,0,7,1785207440121029,1785207440121029,0.3392409,0.16494524,0.101999335,1,0.016332444,0.015122067,0.005623586
1785207440132616945,-0.7330719,1.3185176,-0.048832595,0.00015382387,9.132767e-05,0.0034487357,1,0.0047694035,5.997714,-5.0272565,0.11685755,0.11647664,0.08446864,0.9983629,0.050555184,-0.023117071,0.013462839,0,7,1785207440129029,1785207440129029,0.33959955,0.1669985,0.14966273,1,0.016498389,0.015222555,0.0056338976
1785207440144571851,-0.78393793,1.3406221,-0.04483732,0.0001515009,9.605809e-05,0.0034465329,1,0.007360939,5.999262,-5.027529,0.11729622,0.116904,0.08471297,0.9986256,0.04741036,-0.0178184,0.013482717,0,7,1785207440137029,1785207440137029,0.3394833,0.16846108,0.19902475,1,0.01666644,0.015325364,0.005644232
1785207440152662183,-0.8358699,1.3691177,-0.046968598,0.00014840238,0.000100225254,0.003445669,1,0.009953707,6.000816,-5.0273514,0.11773799,0.11733394,0.08495807,0.99886084,0.044054296,-0.01241249,0.013496561,0,7,1785207440145029,1785207440145029,0.33891585,0.16984916,0.24939337,1,0.016836517,0.015430213,0.005654589
1785207440164601049,-0.9285477,1.4314363,-0.046168897,0.00013981952,0.00010645483,0.0034483804,1,0.015131124,6.003932,-5.0256147,0.11862996,0.118200876,0.084863916,0.9992318,0.036757473,-0.0012394352,0.013530892,0,7,1785207440161029,1785207440161029,0.33681875,0.17172574,0.351552,1,0.017183237,0.015643017,0.005656205
1785207440172587865,-0.9599747,1.4572678,-0.04723813,0.00013436943,0.00010847337,0.0034520165,1,0.017711256,6.005491,-5.024053,0.119081214,0.11863864,0.08510964,0.9993575,0.032868907,0.004515619,0.013554964,0,7,1785207440169029,1785207440169029,0.335508,0.17246504,0.40273216,1,0.017360944,0.0157517,0.005666613
1785207440184601481,-0.9823445,1.4777743,-0.046438485,0.00012828899,0.000109645036,0.0034571302,1,0.020284165,6.00705,-5.0220394,0.11953569,0.11907905,0.085356146,0.99943686,0.028885916,0.010358634,0.013581156,0,7,1785207440177029,1785207440177029,0.33404696,0.1731761,0.45283848,1,0.017532645,0.015856983,0.0056770314
1785207440192624977,-1.0100414,1.4905578,-0.045371506,0.000121646546,0.0001099988,0.0034636229,1,0.02284758,6.0086107,-5.019593,0.119993374,0.119522095,0.08560342,0.99946773,0.024790423,0.016260158,0.013613801,0,7,1785207440185029,1785207440185029,0.33221456,0.17402938,0.50000453,1,0.017694172,0.015956676,0.0056874556
1785207440204636059,-1.0752894,1.5126616,-0.048831757,0.000107194595,0.0001083909,0.0034800933,1,0.027934486,6.011734,-5.013521,0.12091817,0.12041599,0.08610032,0.9993778,0.016253613,0.028163455,0.013670881,0,7,1785207440201029,1785207440201029,0.32734552,0.1747858,0.5809611,1,0.017970227,0.016127842,0.0057082893
1785207440212643353,-1.1088443,1.5267771,-0.04803261,9.9601355e-05,0.00010658245,0.0034897,1,0.03044728,6.0132904,-5.009982,0.12138516,0.120866776,0.086349934,0.99925184,0.01176593,0.034200527,0.013700668,0,7,1785207440209029,1785207440209029,0.32348084,0.17461333,0.612604,1,0.018085528,0.01619934,0.005718694
1785207440224586297,-1.1431997,1.5315704,-0.046433695,9.189377e-05,0.000104226085,0.0034999691,1,0.03292928,6.01484,-5.0061913,0.12185512,0.121320054,0.08599782,0.9990694,0.007140675,0.040257573,0.013743131,0,7,1785207440217029,1785207440217029,0.31881964,0.1740866,0.63623667,1,0.018190043,0.01626383,0.0057093515
1785207440232621173,-1.1605113,1.5305041,-0.049633916,8.424994e-05,0.00010139791,0.0035106456,1,0.035374027,6.016381,-5.002196,0.122328006,0.12177583,0.08624726,0.998829,0.002421903,0.046314716,0.013779399,0,7,1785207440225029,1785207440225029,0.31320593,0.17347287,0.6542001,1,0.01828449,0.016322268,0.0057197423
1785207440244589976,-1.1778216,1.5006777,-0.048561715,6.950609e-05,9.426811e-05,0.003532876,1,0.04010581,6.0194197,-4.993814,0.12328109,0.122693755,0.086748496,0.9981781,-0.0070965574,0.05829215,0.013859432,0,7,1785207440241029,1785207440241029,0.29715255,0.17044951,0.66505057,1,0.018436475,0.01641789,0.005740507
1785207440252710534,-1.1823488,1.47884,-0.047499683,6.251861e-05,9.0094705e-05,0.0035442435,1,0.04236557,6.0209074,-4.9895744,0.123762466,0.123156816,0.08700029,0.99777216,-0.011908726,0.064154215,0.013903809,0,7,1785207440249029,1785207440249029,0.2863549,0.16757406,0.6583622,1,0.018503264,0.016460437,0.0057508852
1785207440264602531,-1.179419,1.446616,-0.044570465,5.5897934e-05,8.561313e-05,0.0035555514,1,0.044535384,6.022365,-4.9853797,0.12424661,0.12362229,0.08725287,0.99731684,-0.016714277,0.06989264,0.013958115,0,7,1785207440257029,1785207440257029,0.27378404,0.16372932,0.6442814,1,0.018565811,0.016499948,0.0057612644
1785207440272591742,-1.1503913,1.3984121,-0.045371946,4.97621e-05,8.1013124e-05,0.0035664944,1,0.046600007,6.023785,-4.981303,0.12473352,0.12409015,0.0868911,0.9968205,-0.02142789,0.07545631,0.014008251,0,7,1785207440265029,1785207440265029,0.25923112,0.15919396,0.6204102,1,0.018625282,0.01653731,0.0057514324
1785207440284603936,-1.1000572,1.2751081,-0.04456985,3.9315382e-05,7.16415e-05,0.0035867274,1,0.050347522,6.0264773,-4.973775,0.1257156,0.12503307,0.08739665,0.99574256,-0.030492807,0.08583839,0.014094994,0,7,1785207440281029,1785207440281029,0.22364059,0.14549236,0.55055094,1,0.018734083,0.016607236,0.0057721855
1785207440292607233,-1.07316,1.2173169,-0.046700694,3.5151614e-05,6.68232e-05,0.003595915,1,0.051996086,6.0277243,-4.9704213,0.12621073,0.1255081,0.08765062,0.9951686,-0.034880627,0.09068146,0.014132704,0,7,1785207440289029,1785207440289029,0.2029595,0.13655299,0.50925714,1,0.018781751,0.016639367,0.0057825604
1785207440304600111,-1.008178,1.1446134,-0.04484314,3.174216e-05,6.196581e-05,0.0036043897,1,0.053477924,6.028894,-4.967376,0.1267086,0.12598552,0.08790538,0.99458677,-0.039048333,0.09524669,0.014161449,0,7,1785207440297029,1785207440297029,0.18117563,0.12679778,0.4657989,1,0.018828401,0.016670115,0.0057929344
1785207440312635509,-0.9589107,1.0641861,-0.044035528,2.9123985e-05,5.7126792e-05,0.0036120138,1,0.054780427,6.0299735,-4.964653,0.12720765,0.12646413,0.08816093,0.9940081,-0.04297689,0.09949735,0.014187791,0,7,1785207440305029,1785207440305029,0.15826023,0.115310304,0.42130622,1,0.018869694,0.016697612,0.005803307
1785207440324593691,-0.88887334,0.9219759,-0.04643768,2.5236257e-05,4.454868e-05,0.0035408437,1,0.05653417,6.0316076,-4.9628053,0.10633177,0.10617817,0.0804007,0.99286246,-0.05046581,0.10712059,0.0142318485,0,7,1785207440321029,1785207440321029,0.10932021,0.089457475,0.33252424,1,0.015042198,0.013538002,0.0054357797
1785207440332640330,-0.816168,0.8314294,-0.041110143,2.5462796e-05,4.063379e-05,0.0035447355,1,0.05697817,6.032158,-4.9635983,0.106707335,0.106545195,0.08010871,0.9923186,-0.05384409,0.11046094,0.01425256,0,7,1785207440329029,1785207440329029,0.08368108,0.07587068,0.28818458,1,0.015079068,0.013563998,0.005429234
1785207440344594755,-0.76556873,0.73715293,-0.039508894,2.6687741e-05,3.7052556e-05,0.0035472966,1,0.057224996,6.032597,-4.9646482,0.10708503,0.10691414,0.08033855,0.9918081,-0.056985725,0.11342546,0.014280158,0,7,1785207440337029,1785207440337029,0.05743512,0.06103462,0.24459927,1,0.015118819,0.013591504,0.005439432
1785207440352673264,-0.7272194,0.6577903,-0.042440016,2.8928098e-05,3.385535e-05,0.0035484575,1,0.057269476,6.032918,-4.965955,0.107464865,0.10728502,0.08056914,0.9913269,-0.059969567,0.1160605,0.014299872,0,7,1785207440345029,1785207440345029,0.030555058,0.045586072,0.20106785,1,0.015160192,0.013621266,0.0054496275
1785207440364638359,-0.5828753,0.49027827,-0.03818171,3.656852e-05,2.8675431e-05,0.003546406,1,0.056729946,6.033188,-4.9693513,0.108231075,0.10803271,0.08103255,0.9904842,-0.06516408,0.12037472,0.014308859,0,7,1785207440361029,1785207440361029,-0.025230786,0.013170548,0.11308071,1,0.0152496975,0.013689201,0.0054699983
1785207440372614545,-0.52242213,0.40798593,-0.037647568,4.199672e-05,2.680865e-05,0.0035430498,1,0.05613371,6.0331264,-4.9714527,0.108617514,0.108409576,0.081265375,0.99013615,-0.06733055,0.12203383,0.014313229,0,7,1785207440369029,1785207440369029,-0.054137014,-0.0042448905,0.06885171,1,0.015299982,0.013728881,0.0054801726
1785207440384610970,-0.46756127,0.33048865,-0.0392447,4.847278e-05,2.5493378e-05,0.0035380549,1,0.055313494,6.032924,-4.9738235,0.10900567,0.10878804,0.08149895,0.9898347,-0.0692775,0.12338238,0.014303681,0,7,1785207440377029,1785207440377029,-0.08302528,-0.022172954,0.025473077,1,0.015352007,0.013769508,0.0054903384
1785207440392584410,-0.3975202,0.23887579,-0.038711667,5.596874e-05,2.4796258e-05,0.0035314607,1,0.054273404,6.032582,-4.976436,0.109396644,0.10916906,0.08119637,0.9895896,-0.07096189,0.12438992,0.014287533,0,7,1785207440385029,1785207440385029,-0.111408494,-0.039838742,-0.01656187,1,0.015409618,0.01381541,0.0054831947
1785207440404683478,-0.24066009,0.034078814,-0.03711349,7.3666684e-05,2.5259285e-05,0.0035137085,1,0.051542107,6.031485,-4.982403,0.11018567,0.10993758,0.08166419,0.98931247,-0.073357746,0.12520884,0.014227391,0,7,1785207440401029,1785207440401029,-0.16727948,-0.074648015,-0.09484849,1,0.015531065,0.013920763,0.005503441
1785207440412707434,-0.17168434,-0.076708734,-0.036846597,8.369656e-05,2.6433267e-05,0.0035027093,1,0.049859893,6.030731,-4.985732,0.11058378,0.11032518,0.08189923,0.9892824,-0.07412652,0.12499717,0.014193621,0,7,1785207440409029,1785207440409029,-0.19401965,-0.09209475,-0.13146189,1,0.015593175,0.013979218,0.0055135447
1785207440424722685,-0.09338714,-0.18962704,-0.04030864,9.430856e-05,2.8194467e-05,0.0034905397,1,0.047975913,6.0298424,-4.989271,0.11098434,0.11071507,0.08213503,0.98933107,-0.07458534,0.12434205,0.014151231,0,7,1785207440417029,1785207440417029,-0.21973139,-0.10891332,-0.16423981,1,0.01565921,0.014043594,0.005523636
1785207440432765837,-0.01668864,-0.30281118,-0.0392436,0.00010525565,3.0479752e-05,0.0034775098,1,0.045901675,6.0288267,-4.992972,0.111387394,0.11110731,0.08237158,0.9894585,-0.074730165,0.12324254,0.01409427,0,7,1785207440425029,1785207440425029,-0.24344574,-0.1243284,-0.18892108,1,0.015723845,0.014113111,0.0055337157
1785207440444788701,0.12073132,-0.5318428,-0.03817864,0.00012778284,3.6530102e-05,0.0034493383,1,0.041263558,6.026466,-5.000578,0.11220108,0.11189906,0.082846954,0.9899359,-0.07416735,0.11970867,0.014006362,0,7,1785207440441029,1785207440441029,-0.28236043,-0.15013859,-0.20883542,1,0.015844349,0.014266021,0.0055538546
1785207440452894401,0.18437935,-0.63943446,-0.03791133,0.00013906555,4.0092375e-05,0.003434643,1,0.038743544,6.0251455,-5.0043125,0.11261104,0.11229801,0.08253102,0.9902781,-0.073483735,0.11728014,0.01395648,0,7,1785207440449029,1785207440449029,-0.29783383,-0.16076939,-0.20493874,1,0.015898848,0.01434648,0.0055459617
1785207440464823479,0.25016007,-0.7374387,-0.036312345,0.00015008949,4.388653e-05,0.0034200277,1,0.036115304,6.023748,-5.0079255,0.11302422,0.11270009,0.08276901,0.99067855,-0.072539024,0.114457466,0.013917549,0,7,1785207440457029,1785207440457029,-0.31129172,-0.1697804,-0.19368312,1,0.015948728,0.014433008,0.005556035
1785207440473073491,0.3172722,-0.8338449,-0.038709726,0.0001607687,4.7979225e-05,0.0034054588,1,0.03339477,6.022287,-5.01136,0.11343994,0.1131047,0.08300775,0.9911325,-0.07131935,0.11125534,0.013868881,0,7,1785207440465029,1785207440465029,-0.3227851,-0.17754744,-0.17528942,1,0.015994262,0.014523064,0.00556612
1785207440484868666,0.42885846,-1.0309188,-0.039244458,0.00018079135,5.653604e-05,0.0033772846,1,0.027735805,6.0192056,-5.017499,0.114278935,0.113921605,0.08348755,0.99217707,-0.068159625,0.103678964,0.013769999,0,7,1785207440481029,1785207440481029,-0.34044948,-0.19005817,-0.121317886,1,0.016080443,0.014716456,0.0055863447
1785207440493012198,0.48318657,-1.1188034,-0.03791101,0.00018964938,6.078105e-05,0.0033643832,1,0.024821298,6.017601,-5.020124,0.11470221,0.114333935,0.08372859,0.99275076,-0.06625415,0.09933788,0.013727387,0,7,1785207440489029,1785207440489029,-0.3475668,-0.19490224,-0.08767455,1,0.016118199,0.014820087,0.005596491
1785207440504912731,0.53804797,-1.1931055,-0.037910286,0.00019772263,6.506021e-05,0.0033522332,1,0.021861056,6.0159636,-5.022413,0.11512798,0.114748865,0.08397039,0.99334544,-0.06412263,0.09468861,0.013684496,0,7,1785207440497029,1785207440497029,-0.35353947,-0.19901434,-0.050707735,1,0.01615464,0.014929262,0.0056066643
1785207440512919755,0.5947733,-1.2663422,-0.03950744,0.00020500741,6.922896e-05,0.0033409814,1,0.018862871,6.0142975,-5.02434,0.11555625,0.115166426,0.0836431,0.9939538,-0.061765395,0.08975083,0.0136317955,0,7,1785207440505029,1785207440505029,-0.35881972,-0.20260462,-0.011373248,1,0.016190743,0.015044392,0.005598336
1785207440524968539,0.6935764,-1.4157459,-0.039779536,0.00021669523,7.663378e-05,0.0033222137,1,0.012775254,6.010895,-5.027056,0.11641937,0.11600871,0.084127255,0.99518394,-0.056400903,0.07902528,0.0135257365,0,7,1785207440521029,1785207440521029,-0.36682367,-0.2085849,0.07419716,1,0.016256716,0.015293271,0.0056188414
1785207440532963590,0.7417797,-1.4951082,-0.036581542,0.00022111894,7.9955484e-05,0.0033146704,1,0.009700488,6.009165,-5.0278068,0.11685506,0.11643429,0.08437049,0.9957953,-0.053428568,0.073179826,0.013484379,0,7,1785207440529029,1785207440529029,-0.36955637,-0.21122228,0.12083087,1,0.016289212,0.015428025,0.005629153
1785207440544971637,0.79238033,-1.5723399,-0.037379257,0.0002244618,8.292197e-05,0.0033085628,1,0.0066117127,6.0074177,-5.0281305,0.117293224,0.1168626,0.084614486,0.99639434,-0.05025236,0.0670249,0.013443292,0,7,1785207440537029,1785207440537029,-0.37193617,-0.21332291,0.1689402,1,0.016323615,0.01556742,0.0056394977
1785207440553002576,0.8461752,-1.6383867,-0.035512783,0.00022650794,8.537799e-05,0.0033042617,1,0.0035105986,6.005658,-5.0280194,0.11773385,0.117293656,0.08485926,0.9969718,-0.046858426,0.060595706,0.01340475,0,7,1785207440545029,1785207440545029,-0.374072,-0.21487936,0.21795565,1,0.016359283,0.015711524,0.0056498786
1785207440565040829,0.9412505,-1.7563645,-0.03871349,0.00022656654,8.880681e-05,0.003301178,1,-0.0027173932,6.0021143,-5.0264707,0.1186225,0.11816406,0.08476748,0.99802667,-0.039433695,0.04701656,0.013311827,0,7,1785207440561029,1785207440561029,-0.3772346,-0.21754456,0.31726673,1,0.016432097,0.016010193,0.0056517427
1785207440573025721,0.9758714,-1.8133563,-0.03471886,0.0002244378,8.974114e-05,0.003302576,1,-0.005839478,6.0003285,-5.0250425,0.11907051,0.11860345,0.08501289,0.9984861,-0.035483133,0.03987831,0.0132751325,0,7,1785207440569029,1785207440569029,-0.37833497,-0.2188994,0.36514,1,0.016469838,0.016161697,0.005662203
1785207440585026694,1.0038353,-1.8674179,-0.035252403,0.00022086628,9.0109635e-05,0.0033059814,1,-0.008963539,5.9985347,-5.0231977,0.11952097,0.11904565,0.08525907,0.99888974,-0.03141012,0.032518685,0.013241073,0,7,1785207440577029,1785207440577029,-0.37907138,-0.2201443,0.41117465,1,0.016507788,0.016307773,0.005672664
1785207440593117397,1.0325968,-1.9156215,-0.032589044,0.0002159144,8.995044e-05,0.0033112965,1,-0.0120868115,5.996733,-5.020952,0.119973876,0.11949063,0.08550604,0.99923056,-0.027215378,0.024961617,0.013216853,0,7,1785207440585029,1785207440585029,-0.37946203,-0.22143038,0.45483753,1,0.01654531,0.016444342,0.005683107
1785207440605076120,1.1196834,-2.0024402,-0.036573116,0.00020197898,8.8142304e-05,0.0033273601,1,-0.01832266,5.9931116,-5.015369,0.12088582,0.120387696,0.08600229,0.9997017,-0.01836345,0.009294237,0.013155757,0,7,1785207440601029,1785207440601029,-0.3791782,-0.22259296,0.53143567,1,0.016613169,0.016678888,0.0057039047
1785207440613119262,1.1694833,-2.041323,-0.034177702,0.00019335761,8.655244e-05,0.0033377758,1,-0.021427922,5.9913,-5.012089,0.12134593,0.12084077,0.08625158,0.9998202,-0.01363052,0.0012265836,0.0131260045,0,7,1785207440609029,1785207440609029,-0.37834144,-0.22264245,0.5639437,1,0.016647853,0.01678293,0.005714267
1785207440625111068,1.2030402,-2.0695517,-0.036046997,0.00018382425,8.449957e-05,0.003349567,1,-0.024518745,5.98949,-5.0085306,0.12180844,0.121296495,0.0859005,0.9998519,-0.008738621,-0.0069643427,0.0130916275,0,7,1785207440617029,1785207440617029,-0.37668273,-0.2226769,0.58999044,1,0.016681276,0.016877301,0.0057049147
1785207440633149080,1.2033051,-2.0884604,-0.033925775,0.00017344201,8.204893e-05,0.003362604,1,-0.02758768,5.9876804,-5.004754,0.12227333,0.12175483,0.08614961,0.9997913,-0.0038128668,-0.015236736,0.013061536,0,7,1785207440625029,1785207440625029,-0.37396282,-0.22303508,0.60916674,1,0.016713457,0.016962567,0.0057152263
1785207440645119005,1.2288735,-2.0956507,-0.032576103,0.00015071483,7.6228964e-05,0.0033915658,1,-0.033628274,5.984068,-4.9968133,0.123210266,0.12267928,0.086650185,0.9993883,0.006093858,-0.031883832,0.013018244,0,7,1785207440641029,1785207440641029,-0.36541438,-0.22162895,0.6226254,1,0.016776,0.01711179,0.0057358113
1785207440653192434,1.2571033,-2.0887263,-0.033642665,0.0001388245,7.2903036e-05,0.0034069887,1,-0.036581088,5.9822817,-4.992766,0.123682305,0.12314535,0.08690165,0.9990453,0.011202988,-0.04017592,0.012997152,0,7,1785207440649029,1785207440649029,-0.3591315,-0.21919875,0.61872596,1,0.016806824,0.017178044,0.005746093
1785207440665160054,1.2507094,-2.0692863,-0.03285829,0.00012683232,6.934244e-05,0.0034227504,1,-0.03947204,5.9805202,-4.988756,0.12415672,0.12361396,0.087153904,0.9986104,0.016334374,-0.048398957,0.012972503,0,7,1785207440657029,1785207440657029,-0.3508463,-0.21592666,0.60552907,1,0.016837435,0.017240688,0.0057563772
1785207440673162349,1.2118281,-2.0250778,-0.030994564,0.000114883354,6.555923e-05,0.0034386136,1,-0.042281747,5.9787903,-4.984857,0.124632135,0.124083795,0.08740694,0.99809265,0.021322606,-0.056469493,0.012951299,0,7,1785207440665029,1785207440665029,-0.3403354,-0.21172589,0.5827436,1,0.016864339,0.017296765,0.005766663
1785207440685186436,1.1945175,-1.9156221,-0.026451707,9.1428265e-05,5.7779424e-05,0.0034702695,1,-0.047584962,5.9754705,-4.9777045,0.12559281,0.12503363,0.08729628,0.99683833,0.03107009,-0.07197806,0.012933874,0,7,1785207440681029,1785207440681029,-0.31169963,-0.19802853,0.51185876,1,0.016921991,0.017399495,0.0057669403
1785207440693287658,1.1513757,-1.8373239,-0.027531698,8.021675e-05,5.3830998e-05,0.003485641,1,-0.050046034,5.9739027,-4.974531,0.12607673,0.12551233,0.08754989,0.99612105,0.035823945,-0.07932448,0.012932031,0,7,1785207440689029,1785207440689029,-0.29487023,-0.1900706,0.4735742,1,0.016950473,0.017446708,0.0057772268
1785207440705202709,1.0784026,-1.7419845,-0.023537705,6.963287e-05,4.9891365e-05,0.0035003764,1,-0.052362755,5.972404,-4.9716363,0.12656303,0.12599353,0.087804295,0.9953707,0.040285923,-0.08629664,0.012927893,0,7,1785207440697029,1785207440697029,-0.27643085,-0.18098968,0.43524477,1,0.016979804,0.017492617,0.00578752
1785207440713235922,1.0208815,-1.642913,-0.025129601,5.987099e-05,4.6009824e-05,0.003514233,1,-0.054524414,5.970983,-4.969018,0.12705174,0.12647727,0.08805949,0.994599,0.044493996,-0.09287843,0.01292157,0,7,1785207440705044,1785207440705044,-0.25681016,-0.17080194,0.39782062,1,0.017009567,0.017536659,0.005797821
1785207440725237987,0.9239558,-1.4061563,-0.023002816,4.0963885e-05,3.7733444e-05,0.0034891122,1,-0.05840386,5.9691367,-4.9669766,0.10642627,0.10613056,0.07979884,0.9930369,0.052409414,-0.10470964,0.012915583,0,7,1785207440721044,1785207440721044,-0.21479702,-0.14692345,0.32511985,1,0.013741021,0.014147491,0.005414507
1785207440733304644,0.84166396,-1.2788574,-0.021673229,3.4871766e-05,3.4592627e-05,0.003498559,1,-0.060102712,5.968706,-4.9674907,0.1067988,0.10649786,0.08002765,0.9922897,0.0559146,-0.10985598,0.012902306,0,7,1785207440729044,1785207440729044,-0.19178654,-0.13377452,0.28839058,1,0.013769171,0.014184819,0.005424669
1785207440745267836,0.77455235,-1.1808527,-0.019807754,3.0195553e-05,3.179982e-05,0.0035061804,1,-0.061607465,5.9683657,-4.9682117,0.10717276,0.10686669,0.08025719,0.9915687,0.05912261,-0.11458622,0.012889453,0,7,1785207440737044,1785207440737044,-0.16723745,-0.11990833,0.25194445,1,0.013796464,0.014220716,0.0054348405
1785207440753302722,0.73140943,-1.0716631,-0.019269168,2.7086244e-05,2.9418188e-05,0.003511885,1,-0.062909886,5.9681263,-4.96914,0.10754917,0.107237995,0.08048748,0.99087536,0.062138207,-0.11890734,0.012881785,0,7,1785207440745044,1785207440745044,-0.14207383,-0.10481799,0.21512257,1,0.013829129,0.014260386,0.0054450203
1785207440765291583,0.5961221,-0.8338419,-0.026998347,2.6052066e-05,2.5983683e-05,0.0035167823,1,-0.06487152,5.9679785,-4.9716673,0.108307965,0.10798678,0.0809503,0.9896458,0.06738599,-0.12607753,0.012842319,0,7,1785207440761044,1785207440761044,-0.086843506,-0.0721338,0.1374092,1,0.013904467,0.014341911,0.0054653836
1785207440773283628,0.5433895,-0.75634533,-0.02486712,2.8330935e-05,2.5090014e-05,0.0035156128,1,-0.06550305,5.9680834,-4.9732866,0.1086904,0.10836429,0.08118282,0.9890988,0.06964294,-0.12911108,0.012797549,0,7,1785207440769044,1785207440769044,-0.057152987,-0.054833792,0.09755963,1,0.013947636,0.014385091,0.0054755704
1785207440785292356,0.49678472,-0.6610038,-0.022468451,3.2562497e-05,2.4836572e-05,0.00351185,1,-0.06589355,5.9683156,-4.975153,0.10907491,0.108743936,0.08141611,0.9885981,0.07170905,-0.1317903,0.012767876,0,7,1785207440777044,1785207440777044,-0.027207408,-0.0368851,0.056700516,1,0.013994401,0.014429439,0.0054857587
1785207440793271538,0.42887488,-0.5550094,-0.025665611,3.8774593e-05,2.5229927e-05,0.0035054607,1,-0.06603805,5.968679,-4.977264,0.10946152,0.10912574,0.081114314,0.9881607,0.07351812,-0.13405822,0.012727988,0,7,1785207440785044,1785207440785044,0.0037537236,-0.018393405,0.014856157,1,0.0140478145,0.014476891,0.005478689
1785207440805318748,0.30663493,-0.39282337,-0.02593287,5.7005513e-05,2.8059441e-05,0.0034848324,1,-0.065561,5.9698124,-4.9822636,0.110241294,0.10989602,0.08158155,0.9874636,0.076372564,-0.13756506,0.01259993,0,7,1785207440801044,1785207440801044,0.06717959,0.018915547,-0.06528147,1,0.014175434,0.01457351,0.005498986
1785207440813359746,0.24298601,-0.29508558,-0.0269986,6.887813e-05,3.0526167e-05,0.0034706658,1,-0.06494453,5.970583,-4.985118,0.11063383,0.110283956,0.08181629,0.9872071,0.07743739,-0.13881162,0.012526474,0,7,1785207440809044,1785207440809044,0.09729451,0.0370969,-0.099973805,1,0.014248083,0.014620289,0.0055091
1785207440825320253,0.16788468,-0.18642876,-0.022737525,8.236137e-05,3.360072e-05,0.0034543257,1,-0.064088814,5.971483,-4.988169,0.111029424,0.11067483,0.08205179,0.9870314,0.07820035,-0.13963744,0.012457558,0,7,1785207440817044,1785207440817044,0.12655547,0.054566845,-0.13067098,1,0.014331722,0.014669166,0.0055191875
1785207440833335593,0.09145208,-0.085494764,-0.022205248,9.7235614e-05,3.723859e-05,0.0034360301,1,-0.063001715,5.9725065,-4.9913816,0.11142744,0.111068085,0.08228804,0.9869363,0.07865796,-0.14005874,0.012388143,0,7,1785207440825044,1785207440825044,0.15443134,0.070795566,-0.15549847,1,0.014426727,0.014717277,0.005529231
1785207440845343459,-0.055021826,0.107051745,-0.024069479,0.00013022454,4.6236783e-05,0.0033944778,1,-0.060205974,5.9748764,-4.9980364,0.11223108,0.11186193,0.08221234,0.9869762,0.07868497,-0.13977794,0.012199312,0,7,1785207440841044,1785207440841044,0.20226713,0.09897348,-0.17870808,1,0.01463301,0.014808372,0.0055314396
1785207440853383515,-0.1338514,0.21144769,-0.02406924,0.00014762886,5.1218623e-05,0.0033723097,1,-0.05854252,5.9761996,-5.001342,0.1126368,0.112262554,0.08244928,0.9871163,0.07824567,-0.13904272,0.012088478,0,7,1785207440849044,1785207440849044,0.22169517,0.11040788,-0.17733192,1,0.014741181,0.014850368,0.0055414145
1785207440865403294,-0.21907233,0.3145122,-0.02167239,0.00016523975,5.6382007e-05,0.0033497536,1,-0.056730285,5.9775963,-5.0045524,0.11304516,0.11266566,0.082686976,0.9873395,0.07746311,-0.13790222,0.011965623,0,7,1785207440857044,1785207440857044,0.23929632,0.120360985,-0.16919771,1,0.014852824,0.014890991,0.005551378
1785207440873371054,-0.29843497,0.40266252,-0.023269948,0.00018275647,6.181763e-05,0.003327019,1,-0.054783404,5.9790583,-5.00762,0.11345622,0.11307124,0.08292543,0.98763514,0.076359615,-0.13640459,0.01182787,0,7,1785207440865044,1785207440865044,0.2550433,0.1292886,-0.15510817,1,0.014969003,0.014931409,0.0055613327
1785207440885369382,-0.44703892,0.58775157,-0.022737471,0.00021590778,7.264063e-05,0.0032834397,1,-0.050541855,5.9821362,-5.0131288,0.11428553,0.11388905,0.08340462,0.9884288,0.073253065,-0.13232578,0.011511168,0,7,1785207440881044,1785207440881044,0.28039485,0.14343071,-0.108078085,1,0.015206099,0.015009556,0.0055812416
1785207440893408556,-0.5197437,0.682826,-0.021672172,0.00023134299,7.7787896e-05,0.0032630744,1,-0.048282232,5.983736,-5.0154843,0.11470483,0.114302054,0.083645366,0.98892,0.071255624,-0.12973621,0.011342043,0,7,1785207440889044,1785207440889044,0.29048684,0.14905,-0.07741962,1,0.015332318,0.015050439,0.0055911965
1785207440905396886,-0.5953768,0.76991206,-0.017676836,0.00024593904,8.285847e-05,0.003243624,1,-0.045947216,5.9853673,-5.0175323,0.11512697,0.114717536,0.08388687,0.98946697,0.06894875,-0.12679327,0.011168995,0,7,1785207440897044,1785207440897044,0.29922068,0.15389775,-0.043439858,1,0.015464494,0.015094701,0.005601161
1785207440913400393,-0.65449995,0.8553987,-0.017945865,0.00025921362,8.769917e-05,0.0032257244,1,-0.04354451,5.987025,-5.019238,0.115551986,0.11513551,0.08356039,0.99005824,0.06638571,-0.12351856,0.0109929405,0,7,1785207440905044,1785207440905044,0.3072669,0.15821607,-0.006596749,1,0.015602448,0.0151422145,0.005592653
1785207440925406977,-0.7610253,1.0151892,-0.013949141,0.00028224787,9.6474134e-05,0.0031943491,1,-0.038560294,5.9904027,-5.0215654,0.11641087,0.115978986,0.08404393,0.99134374,0.0606106,-0.11597857,0.010624598,0,7,1785207440921044,1785207440921044,0.32097268,0.1652662,0.075772196,1,0.015896128,0.015248199,0.0056126467
1785207440933434269,-0.8228114,1.0940183,-0.013683282,0.00029220775,0.000100469566,0.0031806096,1,-0.035992462,5.992115,-5.022152,0.116844825,0.116404496,0.084286846,0.99202394,0.057367753,-0.111751005,0.010444181,0,7,1785207440929044,1785207440929044,0.326506,0.16791318,0.119774915,1,0.01605128,0.015310638,0.005622692
1785207440945461001,-0.8864609,1.1731142,-0.013149187,0.00030077575,0.00010406137,0.0031686658,1,-0.03338177,5.9938374,-5.0223403,0.11728186,0.11683254,0.084530525,0.9927233,0.053872637,-0.10720628,0.010256397,0,7,1785207440937044,1785207440937044,0.3316674,0.17019175,0.16439441,1,0.016212342,0.015379646,0.005632773
1785207440953468906,-0.9437189,1.2506121,-0.011019789,0.00030804196,0.00010719933,0.0031584315,1,-0.030733002,5.9955664,-5.022128,0.11772071,0.11726217,0.08477498,0.9934331,0.05013558,-0.10235183,0.0100677665,0,7,1785207440945044,1785207440945044,0.33618322,0.17214935,0.20953605,1,0.016373852,0.015452264,0.0056428965
1785207440965486401,-1.0438535,1.4098697,-0.014487279,0.0003191109,0.00011215664,0.003142837,1,-0.025332984,5.99904,-5.0204835,0.11861042,0.118130974,0.08468202,0.99485433,0.041991167,-0.09169859,0.009649447,0,7,1785207440961044,1785207440961044,0.3444458,0.17561066,0.30069828,1,0.016705075,0.01561943,0.0056442227
1785207440973470942,-1.0752792,1.4807093,-0.012089303,0.0003223654,0.0001138003,0.0031381561,1,-0.022583198,6.0007834,-5.019054,0.11906003,0.11856921,0.08492709,0.9955445,0.03769188,-0.08591492,0.009445525,0,7,1785207440969044,1785207440969044,0.3485386,0.17715651,0.34524336,1,0.016867535,0.015709115,0.0056544677
1785207440985469020,-1.1120305,1.5456908,-0.0136836795,0.00032404432,0.000114813236,0.0031356805,1,-0.019800454,6.0025287,-5.017241,0.11951281,0.119009994,0.08517293,0.9962087,0.03324961,-0.07985985,0.009232198,0,7,1785207440977044,1785207440977044,0.35263586,0.1782903,0.38720503,1,0.017023511,0.015800564,0.0056647477
1785207440993490571,-1.1474499,1.6098733,-0.006763097,0.00032425133,0.000115205235,0.0031352974,1,-0.016984819,6.0042753,-5.0150642,0.119968735,0.119453326,0.08541954,0.996839,0.028648697,-0.073550284,0.009039762,0,7,1785207440985044,1785207440985044,0.3566557,0.1796548,0.42663944,1,0.017169084,0.01589001,0.00567505
1785207441005493748,-1.2076383,1.7470256,-0.01022629,0.00032011542,0.00011412243,0.0031409506,1,-0.011259461,6.0077734,-5.0097413,0.12088981,0.12034753,0.085915096,0.99797106,0.019079389,-0.06012669,0.0086363135,0,7,1785207441001044,1785207441001044,0.3643762,0.18177964,0.4924322,1,0.01742637,0.016056933,0.005695687
1785207441013549324,-1.236402,1.8173335,-0.010757857,0.00031565173,0.00011252331,0.0031471825,1,-0.008353453,6.009517,-5.0066795,0.1213533,0.120797195,0.08556754,0.99846035,0.014106068,-0.05298028,0.0084289545,0,7,1785207441009044,1785207441009044,0.36843342,0.182377,0.51673377,1,0.017534059,0.016131137,0.005686499
1785207441025501144,-1.2595707,1.8775215,-0.009689664,0.00030987972,0.00011030112,0.0031553956,1,-0.005416118,6.0112567,-5.003409,0.12182123,0.12125046,0.085815534,0.9988858,0.009041537,-0.045583,0.008221775,0,7,1785207441017044,1785207441017044,0.37197742,0.18258399,0.53629804,1,0.017637135,0.016204054,0.005696822
1785207441033526322,-1.2928602,1.9305184,-0.011284378,0.0003027784,0.000107501626,0.0031655144,1,-0.0024518983,6.012986,-4.9999704,0.122292064,0.12170617,0.0860643,0.99923986,0.0038443417,-0.03796,0.008003997,0,7,1785207441025044,1785207441025044,0.37517098,0.18183093,0.55015635,1,0.017729603,0.016271342,0.0057071433
1785207441045572950,-1.2795444,2.0098805,-0.005701878,0.00028480322,0.00010028774,0.0031911416,1,0.0035495572,6.0164027,-4.9928293,0.12324223,0.12262489,0.08656418,0.9997037,-0.0066031157,-0.022162138,0.007604453,0,7,1785207441041044,1785207441041044,0.38051906,0.17977816,0.5534922,1,0.017890455,0.0163914,0.0057277833
1785207441053575316,-1.2750187,2.0418375,-0.0067635486,0.00027407592,9.5934505e-05,0.0032064419,1,0.0065791737,6.0180817,-4.989263,0.123721495,0.12308786,0.0868153,0.99980444,-0.011767103,-0.01406548,0.007408581,0,7,1785207441049044,1785207441049044,0.38238022,0.17739508,0.54183996,1,0.017961351,0.016445648,0.005738106
1785207441065585736,-1.2760819,2.0524917,-0.009153758,0.0002623878,9.123744e-05,0.003223046,1,0.009620059,6.0197315,-4.9857864,0.12420352,0.12355324,0.087067194,0.99981344,-0.016928619,-0.0059031686,0.0071962625,0,7,1785207441057044,1785207441057044,0.38305235,0.17390937,0.524028,1,0.018027827,0.016497364,0.0057484363
1785207441073575156,-1.2651627,2.0535572,-0.0051662666,0.0002497793,8.631939e-05,0.0032407928,1,0.01266183,6.021341,-4.9824505,0.124688275,0.124021016,0.08731988,0.9997294,-0.022070577,0.0022713386,0.00699831,0,7,1785207441065044,1785207441065044,0.3824028,0.169073,0.49866602,1,0.018089632,0.016546017,0.0057587735
1785207441085578854,-1.1676943,2.0125437,-0.0051651117,0.00022254116,7.591131e-05,0.0032788361,1,0.018690102,6.024391,-4.9765067,0.12566407,0.1249623,0.08720974,0.99930215,-0.03179829,0.018444553,0.006623087,0,7,1785207441081044,1785207441081044,0.37574938,0.15508702,0.4190985,1,0.01819693,0.016632983,0.005759226
1785207441093628248,-1.1415935,1.9765923,-0.0051555093,0.00020809825,7.050113e-05,0.0032989113,1,0.021650244,6.0258093,-4.9740086,0.12615691,0.12543721,0.08746301,0.9989678,-0.03643696,0.026353393,0.006428646,0,7,1785207441089044,1785207441089044,0.3699514,0.14594243,0.37407905,1,0.018248321,0.016676012,0.005769574
1785207441105583134,-1.0923245,1.9233295,-0.002769804,0.00019325307,6.504592e-05,0.0033194344,1,0.024557952,6.027144,-4.971849,0.12665243,0.12591453,0.087717056,0.9985622,-0.040916793,0.03406298,0.006244938,0,7,1785207441097044,1785207441097044,0.36242887,0.13570301,0.32804215,1,0.018297963,0.016717896,0.0057799285
1785207441113587362,-1.0097673,1.8644732,-0.001708163,0.00017812864,5.9620746e-05,0.003340206,1,0.02739903,6.028386,-4.970035,0.12715064,0.12639426,0.0879719,0.9981011,-0.045075335,0.04154094,0.006065991,0,7,1785207441105044,1785207441105044,0.35295486,0.1241168,0.2813157,1,0.018346468,0.016759207,0.0057902914
1785207441125569619,-0.9141691,1.7590349,-0.004627608,0.00014242451,4.5975637e-05,0.00331848,1,0.031495225,6.030068,-4.969939,0.10631676,0.106127515,0.08024553,0.9970295,-0.052715827,0.05586391,0.005700697,0,7,1785207441121044,1785207441121044,0.32780877,0.09748433,0.18691146,1,0.014691114,0.013600329,0.005424711
1785207441133604025,-0.85131663,1.6852665,-0.0025049683,0.00012774534,4.1606567e-05,0.003337749,1,0.032752,6.0305037,-4.971575,0.106692314,0.106494285,0.07995497,0.9964357,-0.056217648,0.06264711,0.005551946,0,7,1785207441129044,1785207441129044,0.312554,0.08300009,0.13974765,1,0.014732478,0.013638554,0.0054182624
1785207441145640404,-0.78207463,1.6173555,0.0012243821,0.00011347671,3.760873e-05,0.003356237,1,0.03391108,6.030827,-4.973501,0.107069984,0.10686298,0.08018422,0.99581975,-0.0594307,0.069150455,0.0054170806,0,7,1785207441137044,1785207441137044,0.29521137,0.06747836,0.09296407,1,0.014776769,0.01367858,0.0054284832
1785207441153614216,-0.7288126,1.5587655,0.00016125239,9.9744575e-05,3.4071556e-05,0.0033737274,1,0.034956876,6.031029,-4.9757147,0.10744979,0.10723363,0.08041421,0.9951836,-0.062414348,0.07540678,0.0052812896,0,7,1785207441145044,1785207441145044,0.2763553,0.051217593,0.047263633,1,0.01482347,0.013721241,0.005438709
1785207441165591934,-0.5956538,1.3963139,0.0073499084,7.430572e-05,2.8562412e-05,0.0034050436,1,0.03666714,6.0310574,-4.9809794,0.108215265,0.10798029,0.08087643,0.9938934,-0.06762041,0.087052055,0.005041079,0,7,1785207441161044,1785207441161044,0.23616366,0.017398102,-0.04162994,1,0.014922395,0.013816602,0.005459178
1785207441173649113,-0.5269445,1.3156201,0.0070834244,6.302099e-05,2.6714106e-05,0.0034184,1,0.037313614,6.030874,-4.984023,0.10860164,0.10835694,0.08110866,0.9932642,-0.0698015,0.09235664,0.0049298843,0,7,1785207441169044,1785207441169044,0.21358071,-0.00018441214,-0.084648296,1,0.014976451,0.013870372,0.005469415
1785207441185594861,-0.46595815,1.2426493,0.0041544004,5.295186e-05,2.5521844e-05,0.003429883,1,0.037805315,6.0305557,-4.9873295,0.10899026,0.10873565,0.08134163,0.992648,-0.07173655,0.09736965,0.004805388,0,7,1785207441177044,1785207441177044,0.19035001,-0.017818388,-0.12597935,1,0.015030642,0.013927793,0.005479649
1785207441193590674,-0.3820673,1.1470422,0.0070826025,4.426886e-05,2.5046187e-05,0.0034392648,1,0.038138036,6.0301037,-4.990889,0.109381154,0.109116465,0.081575364,0.99206275,-0.073349565,0.10202691,0.0046807555,0,7,1785207441185044,1785207441185044,0.16693094,-0.035169426,-0.16605136,1,0.015091067,0.013990756,0.0054898844
1785207441205583812,-0.23000155,0.9387827,0.008415687,3.17339e-05,2.6269778e-05,0.0034510214,1,0.038314465,6.0288,-4.998685,0.110169955,0.109884605,0.08150561,0.9910316,-0.075644076,0.11006634,0.0044455887,0,7,1785207441201044,1785207441201044,0.11865924,-0.06940321,-0.23645966,1,0.015220416,0.014132587,0.005493011
1785207441213573583,-0.15996043,0.85223,0.007882121,2.8096947e-05,2.7953196e-05,0.0034531995,1,0.038153954,6.0279593,-5.0028496,0.11056794,0.11027203,0.081740044,0.9905852,-0.07636211,0.11353964,0.0043225186,0,7,1785207441209044,1785207441209044,0.095533475,-0.08482258,-0.259907,1,0.015286235,0.014209166,0.0055032144
1785207441225574215,-0.07127713,0.749432,0.010810233,2.6301806e-05,3.034197e-05,0.0034528298,1,0.037841216,6.0270076,-5.0071077,0.11096835,0.11066175,0.08197524,0.9901985,-0.07673747,0.11662224,0.0042025317,0,7,1785207441217044,1785207441217044,0.0741844,-0.098702334,-0.27614656,1,0.015352006,0.014289178,0.0055134017
1785207441233603450,0.004089668,0.6354499,0.01028106,2.6339558e-05,3.3307893e-05,0.0034499469,1,0.03738492,6.0259514,-5.011401,0.11137041,0.11105307,0.08221118,0.9898797,-0.07679766,0.11926285,0.0040790765,0,7,1785207441225044,1785207441225044,0.05446988,-0.11161219,-0.28370208,1,0.015417604,0.01437198,0.0055235666
1785207441245637315,0.13351946,0.42559266,0.011347894,3.1739604e-05,4.0765895e-05,0.0034375363,1,0.036114916,6.023582,-5.019741,0.1121836,0.111844525,0.08213588,0.98944426,-0.07611217,0.12325795,0.003833429,0,7,1785207441241044,1785207441241044,0.021340113,-0.13224022,-0.26812765,1,0.015547196,0.01454577,0.0055260803
1785207441253673995,0.19503841,0.33025151,0.013477729,3.6858863e-05,4.514947e-05,0.0034282561,1,0.035329647,6.0222926,-5.0236526,0.11259397,0.112244,0.08237251,0.9893214,-0.07540705,0.12467204,0.0037235809,0,7,1785207441249044,1785207441249044,0.0072808713,-0.14033349,-0.24900712,1,0.015606858,0.014630597,0.0055361814
1785207441265587973,0.2656121,0.231182,0.013477409,4.3378153e-05,4.9695976e-05,0.0034174123,1,0.03446214,6.020949,-5.0273266,0.11300685,0.11264602,0.0826099,0.98926604,-0.074420266,0.12570313,0.003609375,0,7,1785207441257044,1785207441257044,-0.004904126,-0.14718266,-0.22263443,1,0.015662069,0.0147133535,0.005546263
1785207441273564099,0.32659844,0.13024819,0.010548577,5.11732e-05,5.4389813e-05,0.0034051454,1,0.033525284,6.0195584,-5.0307097,0.11342223,0.1130506,0.08284805,0.98927927,-0.07318239,0.1263281,0.0034828358,0,7,1785207441265044,1785207441265044,-0.015539199,-0.15315709,-0.18959308,1,0.01571344,0.014793838,0.0055563273
1785207441285567686,0.44164714,-0.0548413,0.015608919,6.994681e-05,6.413506e-05,0.0033770702,1,0.031494893,6.0166683,-5.0364003,0.11426044,0.11386755,0.08332663,0.9894913,-0.07001787,0.12646645,0.0032678489,0,7,1785207441281044,1785207441281044,-0.031943902,-0.16230576,-0.10535169,1,0.01580975,0.014950918,0.005576426
1785207441293662856,0.4893177,-0.14911744,0.0153424395,8.053207e-05,6.890689e-05,0.0033619353,1,0.030422807,6.015184,-5.0386305,0.11468326,0.114279956,0.08356706,0.9896858,-0.06812084,0.1259827,0.0031560168,0,7,1785207441289044,1785207441289044,-0.038365103,-0.16536339,-0.05711515,1,0.01585417,0.015027195,0.005586464
1785207441305610048,0.53991634,-0.2425938,0.016145637,9.1764574e-05,7.357313e-05,0.003346128,1,0.029322192,6.0136747,-5.04039,0.115107514,0.114694014,0.08324383,0.98993623,-0.06602565,0.12513119,0.0030446267,0,7,1785207441297044,1785207441297044,-0.043962635,-0.16809262,-0.0064387894,1,0.015893701,0.015099983,0.0055781775
1785207441313595410,0.59317946,-0.3264836,0.019342843,0.0001035116,7.806514e-05,0.0033301094,1,0.028198931,6.012151,-5.041689,0.115535215,0.115111694,0.08348417,0.99023795,-0.06372189,0.1239345,0.0029390305,0,7,1785207441305044,1785207441305044,-0.04902177,-0.1702355,0.04652025,1,0.015935684,0.015176258,0.0055882144
1785207441325612524,0.6943793,-0.49000198,0.01934319,0.00012737197,8.611107e-05,0.0032986444,1,0.025904879,6.0090714,-5.0428414,0.11639793,0.115955085,0.08396714,0.99097973,-0.058491,0.12054354,0.002707367,0,7,1785207441321044,1785207441321044,-0.057387445,-0.1738985,0.15788558,1,0.016017688,0.0153305745,0.005608313
1785207441333602716,0.7401858,-0.5698967,0.023602951,0.0001393262,8.962407e-05,0.0032833978,1,0.024738116,6.007517,-5.0426774,0.11683293,0.116380826,0.08420978,0.99140775,-0.055587534,0.11838024,0.0026016484,0,7,1785207441329044,1785207441329044,-0.0613504,-0.17557192,0.21461655,1,0.016059082,0.015409402,0.005618383
1785207441345602616,0.7809325,-0.64925855,0.026266607,0.00015100776,9.262384e-05,0.0032689357,1,0.023560153,6.005955,-5.0420184,0.11727034,0.11680928,0.08445318,0.99186856,-0.052519612,0.115897685,0.002507306,0,7,1785207441337044,1785207441337044,-0.06500043,-0.17681867,0.2711731,1,0.016102333,0.015490635,0.005628471
1785207441353627514,0.821413,-0.7312834,0.024401031,0.0001620652,9.5093565e-05,0.0032556278,1,0.022371216,6.004388,-5.040869,0.11771018,0.11724045,0.08469735,0.992358,-0.04928746,0.11309558,0.0024065785,0,7,1785207441345044,1785207441345044,-0.06878953,-0.178185,0.32690033,1,0.016145043,0.015573512,0.005638579
1785207441365609460,0.9186181,-0.9006607,0.026534686,0.00018224237,9.8407014e-05,0.0032325736,1,0.01995492,6.0012326,-5.037112,0.11859709,0.11811095,0.08460657,0.99341565,-0.042275842,0.10645844,0.002198448,0,7,1785207441361044,1785207441361044,-0.07696233,-0.1808978,0.43453184,1,0.016230494,0.015736168,0.005639941
1785207441373583542,0.97294676,-0.9885454,0.029460134,0.00019115207,9.911749e-05,0.0032230394,1,0.018721983,5.999647,-5.034555,0.11904284,0.11854895,0.084851384,0.99397385,-0.038445935,0.102633975,0.0020923885,0,7,1785207441369044,1785207441369044,-0.08158255,-0.18228917,0.48339844,1,0.016269274,0.01581116,0.005650079
1785207441385583803,1.0203509,-1.0782943,0.029194184,0.00019898823,9.924687e-05,0.003215291,1,0.017468791,5.998054,-5.031583,0.11949225,0.118990846,0.08509697,0.99454504,-0.034423202,0.098444745,0.0019781056,0,7,1785207441377044,1785207441377044,-0.08644782,-0.1837419,0.5292166,1,0.016308641,0.015885592,0.0056602233
1785207441393586479,1.0632286,-1.1573894,0.028928244,0.00020565584,9.884384e-05,0.0032092433,1,0.016191917,5.996453,-5.0282216,0.11994402,0.119435355,0.08534332,0.9951185,-0.030221483,0.09392863,0.0018597064,0,7,1785207441385044,1785207441385044,-0.091788545,-0.18523654,0.5713022,1,0.01634574,0.015953805,0.0056703617
1785207441405621115,1.1428566,-1.3235713,0.032923352,0.0002155832,9.660392e-05,0.0032019904,1,0.0135452775,5.993226,-5.0204997,0.120854594,0.12033202,0.085838355,0.99624366,-0.02133756,0.0839082,0.0016253894,0,7,1785207441401044,1785207441401044,-0.10457091,-0.18796897,0.6379365,1,0.016414281,0.016076311,0.005690627
1785207441413598172,1.1974515,-1.4074606,0.0334575,0.00021883157,9.474449e-05,0.0032008193,1,0.012163582,5.991604,-5.0162597,0.12131338,0.12078409,0.08549159,0.9967831,-0.01660917,0.078392446,0.0014987622,0,7,1785207441409044,1785207441409044,-0.11207641,-0.18877247,0.66047895,1,0.016446069,0.01613044,0.005681276
1785207441425625996,1.2509811,-1.4838933,0.032393113,0.00022081212,9.244795e-05,0.003201353,1,0.010736805,5.9899793,-5.011832,0.12177449,0.12123862,0.08573933,0.9972954,-0.011658797,0.072554484,0.0013553804,0,7,1785207441417044,1785207441417044,-0.1196758,-0.18954149,0.67689353,1,0.016475214,0.016179768,0.0056913886
1785207441433586121,1.2778796,-1.5496728,0.03238734,0.00022161045,8.977242e-05,0.0032034477,1,0.009263327,5.9883513,-5.0072675,0.1222379,0.12169557,0.08598784,0.9977679,-0.0065711294,0.06644293,0.0012068428,0,7,1785207441425044,1785207441425044,-0.12764445,-0.1902251,0.68599415,1,0.016501745,0.016223822,0.005701498
1785207441445607943,1.2850686,-1.6399558,0.035585877,0.00021970966,8.3411236e-05,0.0032120307,1,0.0061535384,5.9851,-4.9980373,0.12316997,0.12261504,0.0864872,0.9985559,0.0036752098,0.053588837,0.0009071787,0,7,1785207441441044,1785207441441044,-0.14599389,-0.18966597,0.6729176,1,0.016548507,0.016297698,0.005721712
1785207441453629093,1.306909,-1.6713793,0.032394867,0.00021702629,7.987135e-05,0.0032184734,1,0.0045080516,5.983493,-4.993542,0.123640224,0.12307905,0.08673805,0.99885774,0.0088759195,0.046945717,0.0007534552,0,7,1785207441449044,1785207441449044,-0.15549983,-0.18750167,0.65009266,1,0.016572595,0.016332634,0.005731826
1785207441465589910,1.3103695,-1.6945499,0.03132341,0.00021328431,7.610433e-05,0.0032262001,1,0.0028023,5.981911,-4.9892325,0.12411277,0.123545386,0.08698968,0.999092,0.014121537,0.040193982,0.0005866331,0,7,1785207441457044,1785207441457044,-0.16444299,-0.18418787,0.6196812,1,0.016596396,0.016365778,0.005741948
1785207441473564753,1.2656286,-1.6916206,0.029984405,0.00020852392,7.214208e-05,0.0032351401,1,0.0010411735,5.9803605,-4.985167,0.12458761,0.12401405,0.08663063,0.99925613,0.019234706,0.033423368,0.0004191334,0,7,1785207441465044,1785207441465044,-0.17273258,-0.18024781,0.5819612,1,0.016619379,0.01639698,0.005732019
1785207441485551018,1.2278097,-1.6570005,0.028136618,0.00019636432,6.3878986e-05,0.0032560022,1,-0.0026244354,5.977398,-4.9779997,0.12554418,0.12495833,0.087134264,0.99937594,0.029073665,0.02006074,7.0595655e-05,0,7,1785207441481044,1785207441481044,-0.18633512,-0.16678925,0.48810703,1,0.016663812,0.016457595,0.00575231
1785207441493600953,1.1929247,-1.6348947,0.025728645,0.00018904942,5.9703932e-05,0.0032677115,1,-0.0045069703,5.9760137,-4.9749594,0.1260259,0.12543394,0.087387264,0.9993347,0.0338856,0.013495164,-0.000100226025,0,7,1785207441489044,1785207441489044,-0.19060066,-0.1580029,0.43815628,1,0.016687239,0.016487934,0.005762475
1785207441505613287,1.1207508,-1.5954816,0.028921284,0.0001809757,5.556884e-05,0.0032801412,1,-0.0064058877,5.9747047,-4.972298,0.12650993,0.12591186,0.087641045,0.9992362,0.038430613,0.007069658,-0.00025808584,0,7,1785207441497044,1785207441497044,-0.193509,-0.14845392,0.38715938,1,0.016711079,0.016519317,0.005772657
1785207441513578061,1.0834682,-1.560859,0.030264683,0.00017212567,5.1503477e-05,0.0032932763,1,-0.00831128,5.9734807,-4.9700236,0.12699628,0.12639214,0.08789562,0.9990845,0.04277311,0.00079192227,-0.00039808173,0,7,1785207441505044,1785207441505044,-0.19503808,-0.1371164,0.33505595,1,0.016735638,0.0165516,0.005782856
1785207441525609391,1.0259544,-1.5060091,0.02705771,0.00014944718,4.2648488e-05,0.0033062717,1,-0.0115351435,5.9718404,-4.969502,0.10643305,0.1061014,0.080182835,0.9986219,0.05122186,-0.011411418,-0.0006893209,0,7,1785207441521044,1785207441521044,-0.19182296,-0.110581286,0.22815959,1,0.013547106,0.013441883,0.0054180524
1785207441533636633,0.9519172,-1.4761828,0.031051196,0.00013895225,3.898311e-05,0.0033206511,1,-0.012839853,5.971425,-4.9711876,0.10680465,0.10646918,0.07989284,0.9983304,0.05508775,-0.017349504,-0.00083175505,0,7,1785207441529044,1785207441529044,-0.18771176,-0.09583148,0.17358556,1,0.013574112,0.013477396,0.005411511
1785207441545592019,0.9156977,-1.4415616,0.0377223,0.00012814511,3.5609643e-05,0.003335051,1,-0.014109321,5.971123,-4.9732113,0.10717815,0.10683887,0.08012186,0.99800336,0.058756266,-0.023155548,-0.0009455839,0,7,1785207441537044,1785207441537044,-0.1824191,-0.079776436,0.1202318,1,0.01360338,0.013516114,0.0054216124
1785207441553653756,0.88480794,-1.396286,0.03399104,0.00011715224,3.2599834e-05,0.003349275,1,-0.015334114,5.9709425,-4.975562,0.10755358,0.1072105,0.08035162,0.99764055,0.06231734,-0.028789094,-0.0010544006,0,7,1785207441545044,1785207441545044,-0.1758277,-0.063118145,0.068825096,1,0.013636304,0.013559622,0.0054317294
1785207441565607069,0.80571,-1.3504812,0.035311386,0.00010606406,3.0018815e-05,0.0033631653,1,-0.016502881,5.9708843,-4.978229,0.10793096,0.10758411,0.08058213,0.9972571,0.06560954,-0.034239173,-0.0011639148,0,7,1785207441553044,1785207441553044,-0.16781998,-0.04680469,0.01864061,1,0.013673263,0.013608249,0.005441861
1785207441573614203,0.6579051,-1.2492807,0.033722557,8.424327e-05,2.633164e-05,0.003389117,1,-0.018632365,5.971143,-4.9844832,0.10869174,0.1083374,0.08104536,0.9964654,0.07120985,-0.04454261,-0.0013854639,0,7,1785207441569044,1785207441569044,-0.1484305,-0.012391584,-0.07728378,1,0.013762374,0.013723035,0.0054621636
1785207441585605728,0.5828033,-1.1779101,0.03957377,7.3897245e-05,2.5392934e-05,0.0034005428,1,-0.019573268,5.97147,-4.988044,0.109074436,0.108716436,0.08127809,0.9960655,0.07360699,-0.049330093,-0.0014721537,0,7,1785207441577044,1785207441577044,-0.13745317,0.004918886,-0.12180579,1,0.013810943,0.013786379,0.005472336
1785207441593603705,0.4733486,-1.1001453,0.0406348,6.4245505e-05,2.5172749e-05,0.0034106385,1,-0.020425024,5.971926,-4.9918685,0.10946,0.109098315,0.08097755,0.9956854,0.075587064,-0.053804714,-0.0015456891,0,7,1785207441585044,1785207441585044,-0.12545738,0.022179967,-0.16476795,1,0.013869406,0.013860989,0.0054653496
1785207441605618042,0.2800027,-0.96512294,0.039306384,4.7700083e-05,2.6902435e-05,0.0034259025,1,-0.021827932,5.9732275,-5.0002832,0.11023774,0.109868735,0.081443705,0.9949996,0.07834329,-0.06192886,-0.0017178882,0,7,1785207441601044,1785207441601044,-0.098920494,0.0567575,-0.24516621,1,0.014013271,0.014035211,0.005485728
1785207441613583768,0.18839109,-0.8820318,0.032115746,4.103458e-05,2.8896819e-05,0.003430799,1,-0.022372557,5.9740705,-5.0048347,0.11063007,0.1102574,0.0816779,0.9947023,0.079173416,-0.065541,-0.0018219454,0,7,1785207441609044,1785207441609044,-0.08571581,0.07306531,-0.27877355,1,0.014097143,0.014131886,0.005495922
1785207441625626029,0.08479337,-0.79681104,0.033446074,3.5600016e-05,3.156662e-05,0.0034337882,1,-0.022816107,5.97503,-5.0095444,0.11102481,0.110648446,0.08191285,0.9944477,0.0795986,-0.06880618,-0.0019254979,0,7,1785207441617044,1785207441617044,-0.07296547,0.08794902,-0.30243826,1,0.01418733,0.014233435,0.005506121
1785207441633635307,-0.0038905463,-0.72890025,0.038508266,3.1447125e-05,3.482098e-05,0.0034349104,1,-0.02316082,5.9760957,-5.014335,0.11142202,0.111041926,0.08214855,0.99423295,0.079651944,-0.071779795,-0.0020173339,0,7,1785207441625044,1785207441625044,-0.06053821,0.10137783,-0.31598103,1,0.014286487,0.01433984,0.005516315
1785207441645628425,-0.14556989,-0.60186744,0.03771058,2.6881868e-05,4.318313e-05,0.003431566,1,-0.023584157,5.9784927,-5.0238113,0.11222415,0.111836374,0.08262222,0.99390304,0.07887869,-0.07700713,-0.002194763,0,7,1785207441641044,1785207441641044,-0.039531928,0.123246156,-0.31018168,1,0.014501893,0.014552211,0.005536671
1785207441653676386,-0.22013843,-0.5265002,0.03824261,2.6375159e-05,4.797236e-05,0.0034274226,1,-0.023682678,5.979798,-5.0283427,0.11262814,0.11223648,0.08230842,0.99379593,0.07806112,-0.079189435,-0.0022843657,0,7,1785207441649044,1785207441649044,-0.030940535,0.13147548,-0.29408574,1,0.0146121355,0.014653976,0.005529001
1785207441665643725,-0.29151118,-0.45858958,0.03930878,2.6981012e-05,5.3082258e-05,0.003421933,1,-0.02371978,5.981154,-5.0326443,0.113035865,0.112640046,0.082545556,0.99372894,0.076956324,-0.08108672,-0.002372022,0,7,1785207441657044,1785207441657044,-0.023499379,0.13787365,-0.2684231,1,0.014731264,0.014757037,0.0055391486
1785207441673598861,-0.35675836,-0.39946747,0.036379855,2.861736e-05,5.864411e-05,0.0034149613,1,-0.02370354,5.982549,-5.036648,0.11344636,0.1130462,0.08278345,0.9936971,0.07558785,-0.0827442,-0.0024709676,0,7,1785207441665044,1785207441665044,-0.017048892,0.14305559,-0.23449208,1,0.014855756,0.014857179,0.0055492828
1785207441685619260,-0.47233966,-0.30758816,0.040908918,3.4756646e-05,7.034045e-05,0.0033975798,1,-0.023547843,5.9854193,-5.043506,0.11427588,0.113866344,0.08326153,0.99372303,0.072128095,-0.08546914,-0.0026662888,0,7,1785207441681044,1785207441681044,-0.0075920383,0.15000401,-0.14380908,1,0.015116587,0.015050288,0.0055695307
1785207441693616635,-0.51708066,-0.26471147,0.0395778,3.9127535e-05,7.6262324e-05,0.0033875124,1,-0.023424547,5.9868784,-5.0462637,0.11469498,0.114280365,0.083501704,0.99377227,0.070100665,-0.0865737,-0.0027679687,0,7,1785207441689044,1785207441689044,-0.004163045,0.1523402,-0.09083862,1,0.01525424,0.015143464,0.005579646
1785207441705598823,-0.5655507,-0.21703997,0.04437092,4.4235872e-05,8.235089e-05,0.003376542,1,-0.023278268,5.9883475,-5.048529,0.11511705,0.11469703,0.08374264,0.99384534,0.06788512,-0.08749208,-0.002863793,0,7,1785207441697044,1785207441697044,-0.0011902624,0.15423283,-0.03460139,1,0.015394624,0.0152335055,0.0055897613
1785207441713612549,-0.6156177,-0.1667074,0.045169517,4.998748e-05,8.82771e-05,0.00336509,1,-0.023113754,5.9898233,-5.0502925,0.11554211,0.11511635,0.08341754,0.99394333,0.06547043,-0.08821347,-0.0029486797,0,7,1785207441705044,1785207441705044,0.0011242522,0.15563488,0.023783615,1,0.015535979,0.015320819,0.00558148
1785207441725636365,-0.7064305,-0.078556545,0.044900518,6.3018946e-05,9.90196e-05,0.0033416718,1,-0.022736654,5.9927897,-5.0522194,0.11639988,0.115961805,0.08389997,0.9942024,0.06009838,-0.08910584,-0.003156819,0,7,1785207441721061,1785207441721061,0.0052057244,0.1569122,0.14661157,1,0.01582564,0.015486025,0.005601709
1785207441733639702,-0.75063884,-0.03514806,0.045699716,7.0038834e-05,0.000103859726,0.0033300384,1,-0.022528233,5.9942684,-5.0523634,0.11683401,0.11638909,0.08414232,0.99435985,0.057139512,-0.08929154,-0.0032544076,0,7,1785207441729061,1785207441729061,0.0071943635,0.15733874,0.20934445,1,0.015974443,0.015566912,0.0056118337
1785207441745620726,-0.79484725,-0.0005264506,0.044901613,7.715049e-05,0.00010796714,0.003319045,1,-0.022307968,5.9957438,-5.051956,0.11727123,0.11681903,0.08438545,0.99453086,0.054009058,-0.08933082,-0.0033663874,0,7,1785207441737061,1785207441737061,0.008907648,0.15763284,0.2722126,1,0.016125076,0.015646154,0.0056219655
1785207441753675561,-0.8353274,0.039687406,0.04703136,8.42975e-05,0.00011129156,0.0033088003,1,-0.022077527,5.9972153,-5.051001,0.11771155,0.11725164,0.084629335,0.99471456,0.050710395,-0.08921485,-0.0034769406,0,7,1785207441745061,1785207441745061,0.010555347,0.15798624,0.3345606,1,0.016277295,0.015723817,0.005632106
1785207441765602974,-0.9168203,0.13076691,0.05102503,9.831387e-05,0.00011566842,0.003290861,1,-0.021584183,6.0001483,-5.0474772,0.118601605,0.11812489,0.085119426,0.9951185,0.04362421,-0.08844593,-0.003682166,0,7,1785207441761061,1785207441761061,0.01427657,0.15862198,0.4556794,1,0.016581504,0.015875455,0.0056524286
1785207441773612022,-0.962893,0.18616055,0.04862684,0.00010484981,0.000116609306,0.0032836113,1,-0.021317216,6.0016093,-5.0449295,0.11905134,0.1185655,0.084780104,0.9953381,0.03982437,-0.08775922,-0.0037995488,0,7,1785207441769061,1785207441769061,0.01660236,0.15895852,0.5120454,1,0.016721284,0.01594462,0.005643522
1785207441785600501,-1.0097648,0.25327295,0.051022187,0.00011105261,0.00011673436,0.0032775118,1,-0.021033928,6.0030675,-5.0419,0.11950415,0.11900873,0.085025385,0.99557215,0.03583885,-0.086812876,-0.003918023,0,7,1785207441777061,1785207441777061,0.019172603,0.15932453,0.56545544,1,0.016850295,0.016007824,0.005653706
1785207441793582908,-1.0558373,0.31665587,0.049957316,0.0001169795,0.000116180134,0.0032722664,1,-0.02073209,6.0045223,-5.038415,0.11995825,0.11945313,0.08527144,0.99581724,0.031668026,-0.08560913,-0.004043261,0,7,1785207441785061,1785207441785061,0.022589915,0.15957606,0.61542946,1,0.016961847,0.016061375,0.0056639
1785207441805611072,-1.1434548,0.44821775,0.05155633,0.00012753363,0.000113294336,0.0032650526,1,-0.020040642,6.007421,-5.0302267,0.120878555,0.12035219,0.085765876,0.99633193,0.022781946,-0.08237047,-0.004328367,0,7,1785207441801061,1785207441801061,0.03138098,0.16020061,0.7008991,1,0.017155666,0.016160786,0.0056843096
1785207441813646039,-1.1711524,0.50467503,0.05208825,0.00013200848,0.00011094607,0.0032631536,1,-0.019641932,6.0088677,-5.025598,0.12134294,0.12080542,0.086014256,0.9965877,0.018133508,-0.08040081,-0.004462618,0,7,1785207441809061,1785207441809061,0.03678507,0.16072361,0.73618865,1,0.017232038,0.01620242,0.0056945207
1785207441825628987,-1.197251,0.5611352,0.05421834,0.0001360044,0.0001080833,0.003262249,1,-0.01919846,6.0103145,-5.020681,0.12181005,0.121261045,0.08626341,0.9968371,0.013377569,-0.07820396,-0.0045985244,0,7,1785207441817061,1785207441817061,0.043227628,0.16137575,0.7638346,1,0.017297566,0.016238997,0.0057047363
1785207441833602498,-1.2268124,0.62345207,0.05208696,0.00013956973,0.000104756815,0.0032622393,1,-0.018701945,6.0117598,-5.0155344,0.12227981,0.12171905,0.085912034,0.99707806,0.008515849,-0.07576531,-0.004743005,0,7,1785207441825061,1785207441825061,0.05079294,0.16142805,0.7829636,1,0.017352033,0.016270485,0.005695287
1785207441845597139,-1.2702218,0.75847524,0.049422555,0.00014558065,9.709244e-05,0.0032643517,1,-0.017508328,6.01462,-5.004907,0.12322705,0.12264201,0.086410776,0.9975299,-0.0015365407,-0.070043415,-0.005068889,0,7,1785207441841061,1785207441841061,0.06990337,0.15929087,0.786852,1,0.01743748,0.016323509,0.0057157343
1785207441853619612,-1.2640963,0.80374914,0.05182053,0.00014796242,9.287778e-05,0.0032664153,1,-0.016790217,6.016027,-4.9996147,0.123704456,0.12310693,0.08666132,0.9977274,-0.006586991,-0.066853076,-0.0052284645,0,7,1785207441849061,1785207441849061,0.08141649,0.15756342,0.770885,1,0.01747297,0.016346635,0.0057259705
1785207441865615985,-1.2539768,0.84209794,0.050490525,0.00014985389,8.841758e-05,0.0032691197,1,-0.0159798,6.017411,-4.994452,0.124182254,0.1235724,0.08691265,0.99789983,-0.011595486,-0.06350261,-0.0053864713,0,7,1785207441857061,1785207441857061,0.093663394,0.15476671,0.7466991,1,0.017501034,0.016365474,0.0057362146
1785207441873562715,-1.2510471,0.8823119,0.048093263,0.00015129149,8.381105e-05,0.0032725187,1,-0.0150722265,6.018763,-4.9894824,0.12466455,0.124041826,0.08716476,0.99804556,-0.016586171,-0.059994157,-0.0055554775,0,7,1785207441865061,1785207441865061,0.10622656,0.15036157,0.7141036,1,0.017529,0.016386075,0.0057464675
1785207441885594486,-1.1868649,0.9350428,0.045428693,0.00015286538,7.425327e-05,0.0032809677,1,-0.012955112,6.0213194,-4.9804235,0.12563646,0.12498742,0.08767135,0.9982527,-0.02629973,-0.05258458,-0.005902599,0,7,1785207441881061,1785207441881061,0.13261794,0.1373421,0.6225591,1,0.01757874,0.016425101,0.005766998
1785207441893620927,-1.1471833,0.94782645,0.0470296,0.00015305508,6.940392e-05,0.003285861,1,-0.011741108,6.0225015,-4.976462,0.12612605,0.1254636,0.087304786,0.998313,-0.030901132,-0.048781063,-0.00606236,0,7,1785207441889061,1785207441889061,0.14537893,0.12842818,0.5700184,1,0.017602962,0.01644463,0.005756889
1785207441905589127,-1.1162906,0.9622074,0.046497513,0.00015284732,6.457304e-05,0.0032911333,1,-0.01043141,6.0236025,-4.9729004,0.12661807,0.12594204,0.087558255,0.9983448,-0.035372924,-0.04492017,-0.006218796,0,7,1785207441897061,1785207441897061,0.15707836,0.11816685,0.51539147,1,0.017627992,0.016464699,0.00576717
1785207441913585561,-1.0691535,0.970196,0.044097986,0.00015218103,5.981038e-05,0.0032967962,1,-0.009033795,6.0246134,-4.9697523,0.12711252,0.12642273,0.08781251,0.9983498,-0.039681472,-0.041018363,-0.0063727633,0,7,1785207441905061,1785207441905061,0.16779438,0.106698096,0.4595686,1,0.017653802,0.016485449,0.005777459
1785207441925607944,-1.0140247,0.96780044,0.046230704,0.00015106253,5.5165845e-05,0.0033027953,1,-0.0075560883,6.0255256,-4.967027,0.12760942,0.1269057,0.08806756,0.99833083,-0.04376384,-0.03711809,-0.006516486,0,7,1785207441913061,1785207441913061,0.17767914,0.09429613,0.40270478,1,0.01768105,0.016507525,0.005787755
1785207441933572518,-0.9490373,0.97446656,0.04064096,0.00014467599,4.3583772e-05,0.003273724,1,-0.0053619724,6.0276384,-4.9690137,0.10673244,0.10648296,0.08034401,0.99822026,-0.051489968,-0.029307337,-0.0067941654,0,7,1785207441929061,1785207441929061,0.19361854,0.065480635,0.2854,1,0.014213213,0.013397241,0.005423751
1785207441945590583,-0.8781961,0.98059314,0.04196577,0.00014178414,3.9704115e-05,0.0032807295,1,-0.004165,6.0284996,-4.9705377,0.10710922,0.10685304,0.08005242,0.9981373,-0.0550531,-0.025359493,-0.006927965,0,7,1785207441937061,1785207441937061,0.19973679,0.050171122,0.22687021,1,0.014243471,0.013422238,0.005417197
1785207441953611753,-0.8065564,0.979262,0.045432333,0.00013821549,3.6142097e-05,0.003288095,1,-0.0029121814,6.0292253,-4.972427,0.107488,0.10722501,0.08028193,0.99804425,-0.05830774,-0.021410916,-0.0070435074,0,7,1785207441945061,1785207441945061,0.20507798,0.034045838,0.16889101,1,0.014276897,0.0134502025,0.0054273424
1785207441965595874,-0.6883136,0.9813915,0.044897627,0.00012955932,3.0286652e-05,0.0033030768,1,-0.0002727551,6.030242,-4.977284,0.10825169,0.107974686,0.080743164,0.9978232,-0.064139664,-0.013517581,-0.0072419024,0,7,1785207441961061,1785207441961061,0.21231465,-0.00067946594,0.055644076,1,0.014356076,0.013514397,0.0054476433
1785207441973613418,-0.58631355,0.98006076,0.043294307,0.00012458088,2.8133927e-05,0.0033104448,1,0.0010949958,6.030526,-4.9802446,0.10863667,0.108352445,0.0809749,0.99770975,-0.06655714,-0.009569288,-0.0073476164,0,7,1785207441969061,1785207441969061,0.21426108,-0.01808661,6.8104127e-06,1,0.014403391,0.013552734,0.0054577943
1785207441985602247,-0.49842867,0.9683429,0.047559924,0.00011918614,2.655861e-05,0.0033176518,1,0.0024841065,6.030659,-4.983558,0.1090238,0.1087322,0.08120738,0.9976006,-0.06859855,-0.0056635593,-0.0074327816,0,7,1785207441977061,1785207441977061,0.21538532,-0.036283173,-0.055314645,1,0.014454527,0.013596409,0.005467943
1785207441993605825,-0.40415353,0.9555595,0.052085374,0.000113315764,2.5600257e-05,0.0033247175,1,0.0038852196,6.0306373,-4.9872217,0.10941312,0.10911399,0.081440605,0.9974978,-0.070276335,-0.0018072311,-0.0074894195,0,7,1785207441985061,1785207441985061,0.21508381,-0.054648593,-0.109261185,1,0.014510387,0.0136475265,0.0054780864
1785207442005608340,-0.19962314,0.9323899,0.045158893,0.00010068163,2.5700741e-05,0.0033375632,1,0.006688722,6.03013,-4.995545,0.11019755,0.10988302,0.081371605,0.9973254,-0.07246024,0.005767939,-0.0076306607,0,7,1785207442001061,1785207442001061,0.21219206,-0.09024322,-0.20999573,1,0.014639911,0.013771386,0.0054811155
1785207442013596708,-0.113868795,0.90788865,0.045696206,9.424719e-05,2.6780286e-05,0.0033431572,1,0.008080593,6.0296583,-5.000136,0.110593736,0.110271245,0.08160553,0.9972602,-0.07296541,0.0094348425,-0.00770244,0,7,1785207442009061,1785207442009061,0.20980765,-0.10685037,-0.2486069,1,0.014711526,0.013845566,0.0054912497
1785207442025610074,-0.025185622,0.8919097,0.048358925,8.7816974e-05,2.853233e-05,0.003348076,1,0.009456688,6.0290527,-5.004923,0.11099232,0.11066174,0.08184022,0.9972081,-0.07311799,0.013023153,-0.007761067,0,7,1785207442017061,1785207442017061,0.2063369,-0.12180868,-0.27899382,1,0.014783597,0.013926902,0.0055013844
1785207442033575379,0.045121264,0.8817896,0.04676347,8.144518e-05,3.0931256e-05,0.0033522884,1,0.010810381,6.028325,-5.00984,0.11139333,0.11105455,0.08207565,0.9971657,-0.072973184,0.016565196,-0.007822734,0,7,1785207442025061,1785207442025061,0.20232175,-0.13543169,-0.29949772,1,0.014857801,0.014016697,0.005511522
1785207442045604674,0.1889324,0.85116315,0.046764947,6.939875e-05,3.7320726e-05,0.003358428,1,0.01344182,6.0265656,-5.019685,0.112202756,0.111847356,0.08254878,0.9971113,-0.07178898,0.023496483,-0.00795751,0,7,1785207442041061,1785207442041061,0.19415967,-0.15659946,-0.30316207,1,0.015004218,0.014213644,0.005531809
1785207442053617809,0.23899952,0.826662,0.04463525,6.3815736e-05,4.1214604e-05,0.0033603592,1,0.014720514,6.0255613,-5.0244427,0.112611204,0.11224744,0.08278648,0.9970938,-0.07085221,0.026823647,-0.008027438,0,7,1785207442049061,1785207442049061,0.19026124,-0.16496544,-0.29036936,1,0.015073495,0.014317418,0.005541962
1785207442065595047,0.2896003,0.81281334,0.0483644,5.8571008e-05,4.548498e-05,0.0033615765,1,0.015975209,6.02449,-5.0289836,0.11302213,0.11265002,0.082470976,0.9970807,-0.06971047,0.030085169,-0.008089028,0,7,1785207442057061,1785207442057061,0.18635307,-0.17175837,-0.2681111,1,0.015140459,0.014423474,0.005534211
1785207442073611418,0.32954687,0.80242765,0.04596868,5.3709453e-05,4.9978906e-05,0.0033619606,1,0.017204465,6.0233636,-5.0332465,0.11343442,0.113054,0.08270859,0.99706894,-0.06839904,0.03329853,-0.008154903,0,7,1785207442065061,1785207442065061,0.18267512,-0.17739621,-0.2372863,1,0.015203239,0.01452877,0.00554437
1785207442085634812,0.39799118,0.78351885,0.049696468,4.5226094e-05,5.9784015e-05,0.0033611236,1,0.019603623,6.0209794,-5.0406713,0.114268616,0.113871865,0.0831861,0.9970386,-0.06538521,0.039625667,-0.008286547,0,7,1785207442081061,1785207442081061,0.1767181,-0.18549795,-0.15203376,1,0.015325503,0.01474853,0.005564708
1785207442093620846,0.43261132,0.7643446,0.05022926,4.1552907e-05,6.486432e-05,0.0033599588,1,0.020781104,6.019738,-5.043738,0.11468941,0.114284694,0.08342599,0.9970231,-0.06365849,0.042696085,-0.00834122,0,7,1785207442089061,1785207442089061,0.1742175,-0.18839197,-0.10211117,1,0.015386159,0.014858996,0.0055748876
1785207442105604025,0.46457034,0.7454354,0.053159393,3.8290018e-05,6.981689e-05,0.0033585127,1,0.021946004,6.0184717,-5.046329,0.11511266,0.11470015,0.083666645,0.9970071,-0.06180052,0.045686826,-0.00839392,0,7,1785207442097061,1785207442097061,0.17185257,-0.19066748,-0.048452653,1,0.01544565,0.014969597,0.005585075
1785207442113569129,0.49785903,0.72200024,0.05395793,3.544387e-05,7.471549e-05,0.0033567045,1,0.023099296,6.017184,-5.048422,0.115538366,0.115118265,0.08390807,0.99699086,-0.05980947,0.048588246,-0.00843669,0,7,1785207442105061,1785207442105061,0.16973704,-0.1923488,0.007951348,1,0.015503698,0.0150795635,0.005595271
1785207442125596702,0.5572481,0.6903081,0.055556748,3.097942e-05,8.3715044e-05,0.0033526563,1,0.025379978,6.0145617,-5.05099,0.11639707,0.11596251,0.08382254,0.9969527,-0.055474363,0.054176427,-0.00853931,0,7,1785207442121061,1785207442121061,0.16593099,-0.19484681,0.12955771,1,0.015621863,0.015297454,0.005597206
1785207442133595820,0.5857434,0.6722002,0.053957198,2.9366889e-05,8.743522e-05,0.0033505298,1,0.026501115,6.0132313,-5.0514503,0.11682872,0.11638729,0.084064625,0.9969299,-0.053133942,0.056867626,-0.008587388,0,7,1785207442129061,1785207442129061,0.16396837,-0.19589932,0.19244266,1,0.015678622,0.015402631,0.00560742
1785207442145598125,0.6179682,0.65488905,0.053957887,2.8189845e-05,9.062397e-05,0.0033487626,1,0.027613964,6.0118885,-5.051353,0.11726412,0.11681618,0.08430747,0.99690527,-0.05066016,0.059486672,-0.008645909,0,7,1785207442137061,1785207442137061,0.16215995,-0.19672358,0.2556646,1,0.015739597,0.015509163,0.005617643
1785207442153668097,0.64433295,0.64077497,0.0539572,2.7415663e-05,9.318537e-05,0.0033472201,1,0.02871811,6.010536,-5.0506973,0.117701955,0.117247805,0.08455108,0.9968761,-0.04808513,0.062050115,-0.008701956,0,7,1785207442145061,1785207442145061,0.16023104,-0.19735456,0.31919232,1,0.015801506,0.0156142395,0.0056278757
1785207442165642940,0.70611846,0.5933705,0.053690277,2.7024325e-05,9.603831e-05,0.003345245,1,0.030904049,6.0078063,-5.047715,0.11858494,0.11811934,0.085040614,0.99681294,-0.04256217,0.06689292,-0.008831193,0,7,1785207442161061,1785207442161061,0.15683885,-0.19841167,0.44494635,1,0.015925927,0.015810601,0.0056483503
1785207442173634905,0.7404739,0.5654067,0.055819985,2.7365262e-05,9.643524e-05,0.0033447528,1,0.03198363,6.0064282,-5.045414,0.11903006,0.11855922,0.08528654,0.9967794,-0.039608665,0.06915918,-0.008898427,0,7,1785207442169061,1785207442169061,0.15457729,-0.19902566,0.5041858,1,0.015985072,0.01589781,0.0056585846
1785207442185588568,0.77642614,0.5363789,0.057150964,2.804114e-05,9.6254356e-05,0.0033445011,1,0.033049323,6.005042,-5.042597,0.11947758,0.1190018,0.084945425,0.99674535,-0.036512204,0.07131206,-0.008960642,0,7,1785207442177061,1785207442177061,0.15181471,-0.19962691,0.5610744,1,0.0160409,0.015977113,0.0056496505
1785207442193575223,0.813444,0.50202423,0.055286437,2.9041561e-05,9.5479045e-05,0.0033445193,1,0.034097005,6.003646,-5.0392914,0.11992748,0.11944704,0.085191205,0.9967119,-0.03327162,0.0733264,-0.009035311,0,7,1785207442185061,1785207442185061,0.14856623,-0.20047636,0.6147124,1,0.016092036,0.016046029,0.005659862
1785207442205631800,0.90079576,0.4314507,0.057149142,3.1908392e-05,9.24895e-05,0.003345129,1,0.036115814,6.0008235,-5.0313625,0.12083436,0.120345265,0.085685074,0.9966466,-0.026295884,0.0769384,-0.009203984,0,7,1785207442201061,1785207442201061,0.13938513,-0.20190676,0.7060384,1,0.016181393,0.016160976,0.0056802654
1785207442213643833,0.94500464,0.3933667,0.057415757,3.3722983e-05,9.041548e-05,0.0033453938,1,0.037068028,5.9993978,-5.0268416,0.12128954,0.12079639,0.08593317,0.9966146,-0.022537274,0.078517586,-0.009302971,0,7,1785207442209061,1785207442209061,0.13293894,-0.20279497,0.7408932,1,0.016215954,0.016204042,0.005690453
1785207442225571146,0.98228866,0.35102287,0.060611274,3.580549e-05,8.809495e-05,0.0033458746,1,0.037970945,5.997961,-5.0220256,0.12174874,0.1212517,0.08618205,0.99658227,-0.018623719,0.079929814,-0.0093947975,0,7,1785207442217061,1785207442217061,0.12567513,-0.20365937,0.7698927,1,0.016250202,0.01624421,0.0057006367
1785207442233617504,1.0131812,0.2927004,0.057413127,3.8146783e-05,8.56048e-05,0.003346267,1,0.038817693,5.9965143,-5.0169616,0.122210234,0.12170943,0.08643171,0.9965522,-0.014584682,0.081122704,-0.0095004095,0,7,1785207442225061,1785207442225061,0.11740722,-0.2044272,0.7919435,1,0.016279407,0.016277846,0.005710817
1785207442245607536,1.0664444,0.19176653,0.056882113,4.3508142e-05,8.0011465e-05,0.003346984,1,0.040289972,5.993595,-5.0063424,0.12314001,0.12263196,0.086327955,0.9964927,-0.0061802873,0.08288227,-0.009735591,0,7,1785207442241061,1785207442241061,0.09491528,-0.20518795,0.80462015,1,0.0163309,0.016333891,0.0057114083
1785207442253674522,1.0874836,0.14436066,0.056350682,4.646665e-05,7.698285e-05,0.003347296,1,0.040883046,5.99213,-5.0009937,0.123608276,0.12309671,0.08657821,0.9964603,-0.0018390546,0.08346231,-0.009873749,0,7,1785207442249061,1785207442249061,0.08071607,-0.20477395,0.79344815,1,0.016353633,0.016357595,0.005721574
1785207442265621242,1.1007993,0.0910989,0.057147153,4.957251e-05,7.38288e-05,0.0033475857,1,0.04136132,5.9906673,-4.9957337,0.124078795,0.12356376,0.086829245,0.9964256,0.002562156,0.0838422,-0.010005085,0,7,1785207442257061,1785207442257061,0.06506908,-0.20364527,0.7740233,1,0.016375266,0.016379446,0.005731741
1785207442273610302,1.0986687,0.034372665,0.057149377,5.281732e-05,7.06021e-05,0.0033478097,1,0.04171494,5.989213,-4.990626,0.12455156,0.12403309,0.08708107,0.99639124,0.006964726,0.08398315,-0.010141675,0,7,1785207442265061,1785207442265061,0.048076775,-0.20179825,0.7461194,1,0.01639503,0.016398937,0.0057419105
1785207442285596366,1.0821568,-0.049250696,0.055553567,5.9695427e-05,6.395225e-05,0.0033478702,1,0.04199112,5.9863586,-4.981193,0.12550159,0.124976434,0.086970754,0.99630886,0.01567842,0.0837506,-0.010424452,0,7,1785207442281061,1785207442281061,0.008933684,-0.19448306,0.66149855,1,0.016427172,0.01643057,0.005742049
1785207442293640049,1.0765642,-0.09345868,0.05661892,6.329664e-05,6.0587605e-05,0.0033478753,1,0.041892458,5.984981,-4.9769883,0.125981,0.12545249,0.08722314,0.996262,0.019990861,0.08337226,-0.010560078,0,7,1785207442289061,1785207442289061,-0.012142283,-0.1887012,0.61107105,1,0.016445268,0.016447794,0.005752225
1785207442305623528,1.052063,-0.1339395,0.056619313,6.7005654e-05,5.7252357e-05,0.0033477424,1,0.041629903,5.9836516,-4.973164,0.12646265,0.1259308,0.08747631,0.99621207,0.0242239,0.08282767,-0.010695796,0,7,1785207442297061,1785207442297061,-0.03313695,-0.18160161,0.55869144,1,0.016463513,0.016464837,0.0057624048
1785207442313610413,1.0291598,-0.16296728,0.055023897,7.074983e-05,5.3934742e-05,0.0033475573,1,0.041203137,5.9823804,-4.9697337,0.12694654,0.12641138,0.08773027,0.9961574,0.028353453,0.082154356,-0.010829391,0,7,1785207442305061,1785207442305061,-0.054301355,-0.17342098,0.5047553,1,0.016482022,0.016482247,0.0057725906
1785207442325615994,1.006274,-0.22156352,0.057155564,7.6798024e-05,4.629747e-05,0.0033394166,1,0.040075283,5.980854,-4.9669924,0.10644974,0.10611034,0.080046855,0.99602616,0.036487747,0.08048178,-0.011105109,0,7,1785207442321061,1785207442321061,-0.09637524,-0.15266612,0.39214414,1,0.013363064,0.013369308,0.005409263
1785207442333594764,0.9767133,-0.25378636,0.055824738,8.0487654e-05,4.3175056e-05,0.0033390867,1,0.039373744,5.980601,-4.967625,0.10682022,0.10647851,0.080276124,0.9959561,0.040419288,0.079447076,-0.011227816,0,7,1785207442329061,1785207442329061,-0.1169756,-0.14045727,0.3354488,1,0.013383877,0.013388964,0.0054193134
1785207442345628288,0.9500817,-0.28867388,0.050763715,8.406209e-05,4.0176215e-05,0.003338749,1,0.03850813,5.980426,-4.9686065,0.107192546,0.10684853,0.08050613,0.99588454,0.04423662,0.078281626,-0.011368287,0,7,1785207442337061,1785207442337061,-0.13697107,-0.12741557,0.27964175,1,0.013406504,0.013410671,0.0054293703
1785207442353601097,0.9159934,-0.3206327,0.050762236,8.749627e-05,3.7305712e-05,0.0033382655,1,0.03748309,5.9803386,-4.9699154,0.10756587,0.10721959,0.080212936,0.99581337,0.047926042,0.07698296,-0.011510676,0,7,1785207442345061,1785207442345061,-0.15629667,-0.11379898,0.22502278,1,0.013429473,0.0134329805,0.0054226555
1785207442365596218,0.8054723,-0.42289844,0.05581729,9.3833296e-05,3.2194275e-05,0.0033375123,1,0.034982443,5.980439,-4.973531,0.10831985,0.107969105,0.08067366,0.9956994,0.054713566,0.073832534,-0.011750363,0,7,1785207442361061,1785207442361061,-0.19234563,-0.084581636,0.12055684,1,0.013493747,0.013494768,0.005442771
1785207442373599615,0.7474157,-0.48281914,0.057414684,9.66472e-05,3.004874e-05,0.0033370801,1,0.033520017,5.980639,-4.9758153,0.10869974,0.10834682,0.080905125,0.995667,0.057746638,0.07191903,-0.011847322,0,7,1785207442369061,1785207442369061,-0.20931803,-0.06925364,0.07095843,1,0.0135319885,0.013532068,0.0054528355
1785207442385620064,0.67471164,-0.53554946,0.053685263,9.908561e-05,2.8260689e-05,0.0033366664,1,0.03192435,5.9809427,-4.9784026,0.10908161,0.108726546,0.08113734,0.9956533,0.060505204,0.06979369,-0.011947816,0,7,1785207442377061,1785207442377061,-0.22534868,-0.053638253,0.02268911,1,0.0135747725,0.0135741215,0.0054629035
1785207442393568376,0.5817672,-0.5976015,0.052084804,0.00010114541,2.6874397e-05,0.0033362294,1,0.03020325,5.9813523,-4.9812875,0.10946551,0.109108336,0.081370294,0.99566585,0.06290688,0.06743366,-0.012047143,0,7,1785207442385061,1785207442385061,-0.24039002,-0.03796775,-0.024534954,1,0.013624383,0.013623194,0.0054729725
1785207442405595618,0.4161176,-0.7230367,0.05075558,0.00010410844,2.5465899e-05,0.0033351458,1,0.02640918,5.982497,-4.9879045,0.11023961,0.10987834,0.081300154,0.99577546,0.066656455,0.06195352,-0.01225135,0,7,1785207442401061,1785207442401061,-0.26854455,-0.0058831694,-0.11354396,1,0.013746756,0.013745726,0.005475796
1785207442413573847,0.31971222,-0.78002805,0.05235069,0.00010499946,2.5508141e-05,0.0033344487,1,0.024350952,5.9832325,-4.9915943,0.11062996,0.11026669,0.08153381,0.99587005,0.06800707,0.05887307,-0.012328953,0,7,1785207442409061,1785207442409061,-0.2806051,0.009367247,-0.15129156,1,0.013818532,0.013818769,0.005485863
1785207442425581722,0.21877824,-0.8380852,0.049686827,0.0001053889,2.6057245e-05,0.003333605,1,0.022201724,5.984071,-4.9954886,0.11102146,0.110656306,0.081768215,0.99599373,0.06895442,0.055566978,-0.012410906,0,7,1785207442417061,1785207442417061,-0.29114982,0.02422065,-0.18380336,1,0.013893693,0.013897021,0.0054959357
1785207442433562486,0.12396954,-0.9025335,0.053150743,0.00010543708,2.7130864e-05,0.0033327162,1,0.019971766,5.9850073,-4.9995427,0.111416414,0.111049324,0.08200338,0.9961465,0.06950702,0.052013315,-0.01247612,0,7,1785207442425061,1785207442425061,-0.3004865,0.03796721,-0.2088384,1,0.013980827,0.013988069,0.005506014
1785207442445724282,-0.03928216,-0.9936137,0.053682707,0.000104479164,3.076664e-05,0.0033305045,1,0.015320171,5.987129,-5.0078135,0.11221372,0.111842744,0.082475945,0.9965083,0.0696488,0.044290308,-0.012595068,0,7,1785207442441061,1785207442441061,-0.3139288,0.060660437,-0.22557272,1,0.014173645,0.0141932005,0.0055261957
1785207442453629253,-0.12690005,-1.0322295,0.052884776,0.00010348254,3.3279564e-05,0.0033292214,1,0.012924848,5.988288,-5.0118537,0.11261621,0.11224326,0.08216352,0.9967127,0.06919127,0.04020518,-0.012648066,0,7,1785207442449061,1785207442449061,-0.3183086,0.069192864,-0.21819143,1,0.014276556,0.014304029,0.005518547
1785207442465658829,-0.20865873,-1.0809653,0.050490268,0.00010223179,3.6196376e-05,0.003327789,1,0.010499953,5.9894943,-5.0157356,0.11302134,0.11264634,0.08240011,0.99692994,0.06839224,0.03594102,-0.012707947,0,7,1785207442457061,1785207442457061,-0.32120484,0.076575935,-0.20267385,1,0.014382857,0.014419622,0.0055286596
1785207442473559422,-0.27923304,-1.1270378,0.050224718,0.00010079167,3.954156e-05,0.003326116,1,0.00805521,5.990741,-5.0194,0.11342914,0.11305204,0.08263746,0.9971539,0.06730204,0.03148891,-0.012774106,0,7,1785207442465061,1785207442465061,-0.32308787,0.08300549,-0.17978917,1,0.014493215,0.014540094,0.0055387854
1785207442485589299,-0.41878325,-1.1890894,0.05155632,9.72009e-05,4.7346897e-05,0.0033223669,1,0.003126731,5.9933186,-5.025846,0.11425301,0.113871366,0.083114415,0.99760395,0.06425539,0.022158494,-0.012907074,0,7,1785207442481061,1785207442481061,-0.3255415,0.09228132,-0.11288794,1,0.014723261,0.014791459,0.0055590803
1785207442493579080,-0.4784376,-1.2061338,0.052089974,9.5042975e-05,5.1679628e-05,0.0033202667,1,0.000650314,5.9946346,-5.0285387,0.11466771,0.11428373,0.08335403,0.9978189,0.062350903,0.01737328,-0.0129647665,0,7,1785207442489061,1785207442489061,-0.3261333,0.09583971,-0.07249088,1,0.014838401,0.014917795,0.005569251
1785207442505580212,-0.5351624,-1.2239772,0.04782988,9.268452e-05,5.625074e-05,0.0033182856,1,-0.0018300792,5.9959626,-5.0308347,0.11508668,0.11470009,0.083594404,0.9980221,0.060211148,0.01251763,-0.013037022,0,7,1785207442497061,1785207442497061,-0.32628447,0.09882166,-0.028212538,1,0.014958984,0.015048655,0.0055794376
1785207442513587626,-0.5892263,-1.2452817,0.051026396,9.005194e-05,6.0953993e-05,0.0033164471,1,-0.004310726,5.997298,-5.032704,0.11550854,0.11511916,0.08383554,0.99821025,0.057853322,0.007588195,-0.013106603,0,7,1785207442505061,1785207442505061,-0.32594222,0.101142116,0.02008948,1,0.015081572,0.015180256,0.005589638
1785207442525591133,-0.67897445,-1.2948164,0.05102822,8.3787156e-05,7.024085e-05,0.0033138888,1,-0.0092602195,5.999974,-5.034994,0.11636104,0.11596552,0.08375042,0.9985267,0.052559454,-0.0025539417,-0.013249752,0,7,1785207442521061,1785207442521061,-0.324265,0.104347415,0.1250934,1,0.015332498,0.015444417,0.005591642
1785207442533605070,-0.73490053,-1.3163882,0.054487564,8.0220016e-05,7.465661e-05,0.0033132725,1,-0.011724535,6.0013075,-5.035417,0.116791725,0.11639284,0.083992206,0.99864966,0.049611494,-0.007766099,-0.013315327,0,7,1785207442529061,1785207442529061,-0.32311475,0.10553033,0.17985792,1,0.015460734,0.015576567,0.0056018764
1785207442545605761,-0.79402184,-1.3384931,0.051824167,7.638382e-05,7.8683326e-05,0.0033133132,1,-0.014181369,6.0026383,-5.0353484,0.11722541,0.116822936,0.08423476,0.9987465,0.04642759,-0.013059054,-0.013393948,0,7,1785207442537061,1785207442537061,-0.3220308,0.10664473,0.23546459,1,0.01559075,0.015708368,0.0056121224
1785207442553657309,-0.8446217,-1.3454176,0.048627995,7.228364e-05,8.223256e-05,0.0033140949,1,-0.016629713,6.003963,-5.0347853,0.11766211,0.11725582,0.08447808,0.9988134,0.043029055,-0.018395457,-0.013488267,0,7,1785207442545061,1785207442545061,-0.32070753,0.10732827,0.291156,1,0.0157229,0.015840163,0.005622383
1785207442565576437,-0.9205225,-1.3629941,0.049962427,6.360079e-05,8.787133e-05,0.0033174285,1,-0.021485487,6.0066013,-5.0321937,0.11854283,0.11812842,0.084967025,0.99884313,0.03570208,-0.02915661,-0.013701227,0,7,1785207442561061,1785207442561061,-0.31738248,0.10873457,0.399478,1,0.015981475,0.016091412,0.005642933
1785207442573626572,-0.9546112,-1.3635266,0.052888617,5.9171245e-05,8.971153e-05,0.0033202511,1,-0.02389331,6.0079107,-5.030182,0.118988626,0.1185697,0.0846292,0.99879986,0.031844925,-0.03455975,-0.013797611,0,7,1785207442569061,1785207442569061,-0.31514987,0.10952026,0.45029667,1,0.016108403,0.01620971,0.0056342096
1785207442585619028,-0.98470473,-1.36113,0.05608619,5.472356e-05,9.084971e-05,0.0033237927,1,-0.026283009,6.0092154,-5.0277267,0.11943745,0.11901378,0.084873915,0.9987168,0.027857203,-0.039951462,-0.013884309,0,7,1785207442577061,1785207442577061,-0.312545,0.110435694,0.4992572,1,0.016229028,0.016320717,0.005644481
1785207442593597447,-1.0089384,-1.3635277,0.054222655,5.0350536e-05,9.142058e-05,0.0033278284,1,-0.0286514,6.010516,-5.024849,0.11988926,0.11946062,0.0851194,0.99859065,0.023770252,-0.04534687,-0.013976123,0,7,1785207442585061,1785207442585061,-0.30938104,0.111406684,0.54492396,1,0.016338706,0.016419575,0.0056547443
1785207442605606705,-1.0898988,-1.3558044,0.052087847,4.232702e-05,9.063744e-05,0.0033371032,1,-0.033303075,6.0130982,-5.0179653,0.120801546,0.1203624,0.085612684,0.9982101,0.015140989,-0.05609036,-0.014192131,0,7,1785207442601061,1785207442601061,-0.30089322,0.11216961,0.62283576,1,0.016523024,0.016582526,0.005675236
1785207442613575276,-1.1213243,-1.3408903,0.053686425,3.875947e-05,8.9292706e-05,0.0033422508,1,-0.03557321,6.014376,-5.0140285,0.12126187,0.12081723,0.08586049,0.99795437,0.010604504,-0.06140025,-0.014308449,0,7,1785207442609061,1785207442609061,-0.29522377,0.11229776,0.6550099,1,0.016600223,0.016648356,0.0056854645
1785207442625559737,-1.132244,-1.3206496,0.05422289,3.555382e-05,8.743761e-05,0.0033475477,1,-0.03779515,6.015644,-5.0098395,0.121724896,0.12127463,0.08551332,0.9976552,0.0060015293,-0.06663282,-0.014427939,0,7,1785207442617061,1785207442617061,-0.2884282,0.112180606,0.6801484,1,0.016669588,0.016706022,0.0056762286
1785207442633615983,-1.133576,-1.2873609,0.05768556,3.277763e-05,8.507387e-05,0.0033527554,1,-0.039955683,6.0168967,-5.0054407,0.122188374,0.12173262,0.08576096,0.9973168,0.0013921371,-0.07173675,-0.014532161,0,7,1785207442625061,1785207442625061,-0.28030238,0.11194173,0.6970096,1,0.01672525,0.016752992,0.0056864438
1785207442645609632,-1.1378375,-1.2173193,0.060881324,2.8905055e-05,7.917169e-05,0.0033630044,1,-0.044044312,6.0193553,-4.9963346,0.12312734,0.12265982,0.08625857,0.9965309,-0.007858743,-0.08153136,-0.014736717,0,7,1785207442641061,1785207442641061,-0.25772548,0.10923625,0.7016666,1,0.016826695,0.016839327,0.0057068816
1785207442653625151,-1.1391675,-1.1704491,0.056617197,2.7872728e-05,7.575539e-05,0.0033676908,1,-0.04594073,6.020547,-4.991759,0.12360062,0.12312709,0.08650854,0.996091,-0.012487054,-0.086178035,-0.014840796,0,7,1785207442649061,1785207442649061,-0.2436132,0.10675595,0.6927091,1,0.016870439,0.016876211,0.0057171034
1785207442665608971,-1.1151998,-1.112125,0.05662117,2.7481863e-05,7.211228e-05,0.0033719658,1,-0.047716577,6.021706,-4.987262,0.124076374,0.12359678,0.0867593,0.99562967,-0.017043931,-0.0905977,-0.014944411,0,7,1785207442657061,1785207442657061,-0.2271885,0.10322308,0.67347,1,0.016909191,0.016908675,0.005727326
1785207442673581680,-1.0885689,-1.0471432,0.059283424,2.776608e-05,6.8301684e-05,0.0033757323,1,-0.049353965,6.022822,-4.9829187,0.12455459,0.12406887,0.08701084,0.9951547,-0.021489315,-0.09475972,-0.015035718,0,7,1785207442665061,1785207442665061,-0.20843968,0.09831637,0.6456392,1,0.01694425,0.016937794,0.0057375515
1785207442685622848,-1.0217229,-0.9278341,0.059284948,3.0523523e-05,6.0436236e-05,0.0033813228,1,-0.052137364,6.024887,-4.9749355,0.12551829,0.12502019,0.08690097,0.9941761,-0.029999472,-0.10238804,-0.015187624,0,7,1785207442681061,1785207442681061,-0.1643763,0.084897734,0.57008845,1,0.017006785,0.016989967,0.0057378435
1785207442693599724,-0.97884655,-0.863653,0.05715803,3.3061344e-05,5.6361616e-05,0.0033829487,1,-0.053247176,6.02581,-4.971377,0.12600118,0.1254971,0.08715309,0.9936867,-0.03400894,-0.10581847,-0.015257136,0,7,1785207442689061,1785207442689061,-0.13983479,0.076142535,0.5267854,1,0.017032543,0.017011298,0.005748077
1785207442705587191,-0.94023156,-0.80266565,0.05902281,3.6410875e-05,5.231132e-05,0.0033838935,1,-0.054157015,6.0266495,-4.9681387,0.126489,0.12597863,0.087405995,0.9932026,-0.03785743,-0.10899981,-0.015316067,0,7,1785207442697061,1785207442697061,-0.11402263,0.06608377,0.48254198,1,0.01706118,0.017035663,0.0057583153
1785207442713633298,-0.89655536,-0.7456744,0.0627523,4.0566232e-05,4.8346024e-05,0.003383949,1,-0.054859366,6.0273976,-4.9652276,0.12697923,0.12646255,0.08765969,0.99272627,-0.04153737,-0.1119535,-0.015347607,0,7,1785207442705061,1785207442705061,-0.08744303,0.055249058,0.4375642,1,0.017090326,0.017059604,0.0057685566
1785207442725633820,-0.8230491,-0.6218331,0.058489863,5.0450795e-05,3.872455e-05,0.0033370783,1,-0.05576842,6.0286875,-4.9630804,0.10633151,0.10609114,0.07998882,0.991815,-0.048425656,-0.11713215,-0.015432173,0,7,1785207442721077,1785207442721077,-0.031610336,0.02969132,0.34378847,1,0.013798405,0.013782395,0.005405913
1785207442733610817,-0.7804378,-0.56297827,0.054761536,5.7069672e-05,3.5621084e-05,0.003333807,1,-0.055960033,6.0292106,-4.963787,0.10670499,0.10646005,0.08021787,0.99138695,-0.0516236,-0.11936362,-0.01546829,0,7,1785207442729077,1785207442729077,-0.0028386917,0.015565818,0.29696777,1,0.013828725,0.013805267,0.0054160026
1785207442745585209,-0.7303709,-0.4932029,0.057956588,6.448099e-05,3.286528e-05,0.003329396,1,-0.05591975,6.029611,-4.9647727,0.10708042,0.106830895,0.07992744,0.9909862,-0.05463205,-0.1213339,-0.015485984,0,7,1785207442737077,1785207442737077,0.025787868,0.0012505942,0.25133565,1,0.013861509,0.013829029,0.0054094535
1785207442753627559,-0.67764014,-0.41224313,0.054226704,7.265893e-05,3.046458e-05,0.0033238651,1,-0.05565053,6.029885,-4.966026,0.10745785,0.10720369,0.080156475,0.9906236,-0.057418667,-0.12299429,-0.015506604,0,7,1785207442745077,1785207442745077,0.05403549,-0.013880289,0.20714678,1,0.013896244,0.013854409,0.005419531
1785207442765594807,-0.5522062,-0.2497898,0.056893174,9.1175534e-05,2.6898111e-05,0.0033092014,1,-0.05442054,6.0300374,-4.969301,0.10821766,0.107954286,0.08061677,0.99003226,-0.062285434,-0.12536207,-0.015521699,0,7,1785207442761077,1785207442761077,0.11119354,-0.044629365,0.12298318,1,0.013970361,0.013904939,0.0054396633
1785207442773644932,-0.46725127,-0.14645965,0.056359287,0.00010137839,2.5869487e-05,0.0033002766,1,-0.05346348,6.0299144,-4.9712996,0.10860112,0.108333066,0.08084803,0.9898248,-0.064262144,-0.12600468,-0.015495261,0,7,1785207442769077,1785207442769077,0.1387665,-0.05993704,0.08403786,1,0.014014481,0.013934233,0.005449715
1785207442785598435,-0.38842174,-0.033541583,0.054761034,0.00011203537,2.5386249e-05,0.0032903524,1,-0.052286226,6.0296593,-4.9735203,0.10898669,0.10871391,0.081080034,0.9896916,-0.06590477,-0.12620597,-0.015464743,0,7,1785207442777077,1785207442777077,0.16586374,-0.075665906,0.04687807,1,0.014063975,0.0139662735,0.0054597543
1785207442793624965,-0.3058638,0.07351757,0.054228395,0.00012308407,2.5450483e-05,0.0032794913,1,-0.05089309,6.029272,-4.975953,0.1093744,0.10909687,0.08131278,0.9896312,-0.067223646,-0.12598926,-0.015423535,0,7,1785207442785077,1785207442785077,0.19236341,-0.0909584,0.01128025,1,0.014119365,0.014001129,0.0054697697
1785207442805610138,-0.12743208,0.3238548,0.053428642,0.00014593282,2.7227044e-05,0.0032553703,1,-0.04748411,6.0281086,-4.9813886,0.11015641,0.10986931,0.08124298,0.9897603,-0.0687917,-0.12412811,-0.0153114805,0,7,1785207442801077,1785207442801077,0.2431365,-0.12161469,-0.055986162,1,0.01423851,0.014076306,0.0054724575
1785207442813602964,-0.049135175,0.4458275,0.05449454,0.00015740536,2.8906888e-05,0.0032424708,1,-0.045476794,6.027332,-4.9843826,0.11055078,0.11025886,0.08147643,0.9899496,-0.06906498,-0.12246487,-0.015240942,0,7,1785207442809077,1785207442809077,0.2676761,-0.136867,-0.088223904,1,0.014304391,0.014118928,0.0054824078
1785207442825607984,0.03342281,0.56726754,0.051831152,0.00016867557,3.10569e-05,0.0032293056,1,-0.043277986,6.026429,-4.9875507,0.110947475,0.11065071,0.08171062,0.9902176,-0.069005616,-0.120321214,-0.015173685,0,7,1785207442817077,1785207442817077,0.29081216,-0.15137915,-0.116941795,1,0.0143727735,0.014165117,0.00549234
1785207442833585362,0.116779804,0.68338156,0.052097477,0.00017975802,3.363299e-05,0.0032159023,1,-0.04089991,6.0254083,-4.9908586,0.111346506,0.111044906,0.08194557,0.99055904,-0.06860867,-0.11771933,-0.015097939,0,7,1785207442825077,1785207442825077,0.31207207,-0.16473986,-0.1398755,1,0.014443933,0.014215199,0.005502258
1785207442845582947,0.24407905,0.89909714,0.053433757,0.00020076742,3.9795304e-05,0.0031889265,1,-0.035680022,6.0230465,-4.997646,0.11215036,0.1118392,0.08241771,0.9914246,-0.066983424,-0.111205615,-0.014959261,0,7,1785207442841077,1785207442841077,0.34708503,-0.18773282,-0.15939742,1,0.014582435,0.014323861,0.005522088
1785207442853590632,0.29973903,0.99949825,0.055830684,0.00021058532,4.3285996e-05,0.0031758754,1,-0.032876465,6.0217285,-5.001003,0.11255652,0.11224058,0.082654916,0.99193,-0.06581669,-0.10734002,-0.01487199,0,7,1785207442849077,1785207442849077,0.3613926,-0.19726697,-0.1584718,1,0.014651042,0.014385374,0.005532015
1785207442865599910,0.3596598,1.0937744,0.053966038,0.00021992688,4.697706e-05,0.003163099,1,-0.029967735,6.020335,-5.0042157,0.11296506,0.11264442,0.08234066,0.99247366,-0.064406425,-0.10309858,-0.014788739,0,7,1785207442857077,1785207442857077,0.37331417,-0.20523761,-0.14964475,1,0.014719158,0.014451638,0.005524124
1785207442873555376,0.40546694,1.1707393,0.056897104,0.00022870778,5.0822477e-05,0.0031507292,1,-0.026969947,6.018877,-5.0072703,0.11337599,0.113050714,0.08257778,0.99304247,-0.06279248,-0.09852846,-0.014697446,0,7,1785207442865077,1785207442865077,0.3835049,-0.21226506,-0.1335461,1,0.014785522,0.014523443,0.0055340817
1785207442885574783,0.50453603,1.3244039,0.05263615,0.00024434936,5.884567e-05,0.0031275798,1,-0.020766718,6.015801,-5.0126915,0.11420499,0.113870755,0.08305428,0.9942237,-0.058963325,-0.088495575,-0.014531041,0,7,1785207442881077,1785207442881077,0.39841273,-0.22283027,-0.08242662,1,0.014916131,0.014683225,0.0055540763
1785207442893582909,0.54981124,1.4050972,0.057429507,0.00025108186,6.288942e-05,0.0031170628,1,-0.017586296,6.014198,-5.014976,0.114623055,0.114284515,0.08329367,0.9948262,-0.05676295,-0.0830076,-0.014443411,0,7,1785207442889077,1785207442889077,0.40383288,-0.22710614,-0.05023652,1,0.014981136,0.014771315,0.0055641215
1785207442905581116,0.60120744,1.4833952,0.05583068,0.00025684125,6.684287e-05,0.0031076085,1,-0.014367949,6.012559,-5.0169363,0.11504349,0.11470079,0.083533816,0.9954299,-0.054351836,-0.07719749,-0.014350246,0,7,1785207442897077,1785207442897077,0.40789974,-0.23066106,-0.014655986,1,0.015045009,0.014864597,0.0055742017
1785207442913581146,0.6411555,1.5513061,0.053436853,0.00026149853,7.063084e-05,0.0030990033,1,-0.011121607,6.010887,-5.0185494,0.11546472,0.115118,0.08377472,0.99602246,-0.05176212,-0.07110852,-0.0142722335,0,7,1785207442905077,1785207442905077,0.41162565,-0.23398562,0.023773847,1,0.015106086,0.014959941,0.005584314
1785207442925576728,0.7080001,1.6519742,0.05343454,0.0002674727,7.7414006e-05,0.003086764,1,-0.0045475513,6.007458,-5.020656,0.11631732,0.11596311,0.08368994,0.99713224,-0.046181582,-0.058271375,-0.014113708,0,7,1785207442921077,1785207442921077,0.4174645,-0.23921232,0.108663656,1,0.015235043,0.01517106,0.0055862414
1785207442933558634,0.7495471,1.6988451,0.05503112,0.00026825382,8.0173224e-05,0.003083485,1,-0.0012306724,6.0057096,-5.021114,0.11674715,0.11638948,0.08393149,0.9976379,-0.04315029,-0.051572513,-0.01403389,0,7,1785207442929077,1785207442929077,0.41936976,-0.2412819,0.15349135,1,0.015299581,0.015282882,0.0055964496
1785207442945619539,0.7929567,1.766223,0.056099497,0.0002675672,8.246749e-05,0.0030821383,1,0.0020975491,6.003943,-5.021163,0.117179334,0.11681842,0.0841738,0.9981075,-0.039939582,-0.04462755,-0.013951211,0,7,1785207442937077,1785207442937077,0.42013726,-0.24282679,0.19882911,1,0.015365465,0.015398752,0.0056066876
1785207442953597779,0.82944167,1.8338674,0.058231004,0.00026525964,8.421973e-05,0.0030829543,1,0.0054298723,6.002161,-5.020804,0.11761388,0.11724993,0.08441688,0.99853444,-0.036572635,-0.037408352,-0.013862361,0,7,1785207442945077,1785207442945077,0.4204368,-0.24411808,0.24439842,1,0.015431845,0.015517828,0.0056169545
1785207442965592008,0.91786,1.9470512,0.05636285,0.0002555837,8.598953e-05,0.003091384,1,0.012100816,5.9985614,-5.0188613,0.11849007,0.11812073,0.084905334,0.99922955,-0.02929575,-0.022230467,-0.013708815,0,7,1785207442961077,1785207442961077,0.4206323,-0.2462092,0.33499432,1,0.015568214,0.01576849,0.0056375843
1785207442973625782,0.94715244,1.9774123,0.055832315,0.00024838452,8.6037966e-05,0.0030987952,1,0.015436436,5.9967403,-5.0172887,0.118931726,0.11856007,0.08515071,0.9994799,-0.025431795,-0.014400664,-0.013628501,0,7,1785207442969077,1785207442969077,0.42036727,-0.24768111,0.37851596,1,0.015636979,0.015895415,0.0056479312
1785207442985582681,0.967925,1.9925933,0.05503353,0.0002397082,8.548356e-05,0.003107853,1,0.018763464,5.994903,-5.0153065,0.11937385,0.11900011,0.0848109,0.9996565,-0.021476895,-0.0064890916,-0.013552297,0,7,1785207442977077,1785207442977077,0.419884,-0.24874407,0.41896406,1,0.015699921,0.016015178,0.0056392034
1785207442993609762,0.9913617,2.009371,0.05317033,0.00022982946,8.446927e-05,0.0031190086,1,0.022084964,5.993055,-5.0129743,0.119820215,0.11944467,0.085056126,0.9997561,-0.017429518,0.0014762424,-0.013487056,0,7,1785207442985077,1785207442985077,0.41873527,-0.24937458,0.45587817,1,0.015762722,0.016129717,0.0056495424
1785207443005595606,1.0472887,2.074884,0.052640248,0.0002069549,8.127265e-05,0.0031456042,1,0.02868244,5.9893374,-5.0074024,0.120720014,0.12034157,0.08554889,0.9997128,-0.008990905,0.017742012,-0.013366505,0,7,1785207443001077,1785207443001077,0.4133446,-0.24996544,0.5153225,1,0.015878355,0.01633469,0.005670186
1785207443013562353,1.0869672,2.111371,0.050235953,0.00019431167,7.912879e-05,0.0031606525,1,0.03194194,5.9874744,-5.0042543,0.12117343,0.12079387,0.08579644,0.9995603,-0.0045697256,0.026101355,-0.013313332,0,7,1785207443009077,1785207443009077,0.40923414,-0.24940622,0.5352561,1,0.015930602,0.016423106,0.005680478
1785207443025569987,1.1141329,2.110838,0.050770137,0.00018117909,7.6704826e-05,0.0031764708,1,0.035167113,5.985613,-5.0009317,0.12162917,0.12124871,0.08604476,0.99931705,-1.6766835e-05,0.034489043,-0.013263644,0,7,1785207443017077,1785207443017077,0.40451217,-0.24874572,0.550175,1,0.015978564,0.01650264,0.005690758
1785207443033563966,1.1189268,2.0874014,0.047842044,0.00016778064,7.4031006e-05,0.0031928066,1,0.03835122,5.983753,-4.997477,0.12208724,0.12170605,0.086293854,0.99898577,0.004568841,0.042800225,-0.013226209,0,7,1785207443025077,1785207443025077,0.39856127,-0.24804641,0.5589518,1,0.01602267,0.016572505,0.005701016
1785207443045585386,1.1319759,2.0583735,0.045979578,0.00014045084,6.802032e-05,0.0032266711,1,0.044534564,5.980066,-4.9904304,0.1230103,0.12262819,0.08618915,0.99806476,0.013807861,0.05918548,-0.01316099,0,7,1785207443041077,1785207443041077,0.37980977,-0.24311148,0.55008954,1,0.016102204,0.01669126,0.0057017202
1785207443053620002,1.1564776,2.0288143,0.04357022,0.0001267089,6.470946e-05,0.0032436375,1,0.04748712,5.9782586,-4.9869843,0.123472914,0.12309064,0.08643883,0.9974769,0.018519038,0.0672624,-0.013145549,0,7,1785207443049077,1785207443049077,0.3670791,-0.23885192,0.53136903,1,0.016134089,0.016737757,0.005711939
1785207443065617607,1.1365032,1.9611697,0.040119182,0.00011329464,6.132339e-05,0.0032607003,1,0.050332163,5.976485,-4.983685,0.12394014,0.12355779,0.086689286,0.99682003,0.023194639,0.07509452,-0.013143802,0,7,1785207443057077,1785207443057077,0.35260156,-0.2339161,0.5060576,1,0.016168786,0.016785005,0.005722166
1785207443073600535,1.1133344,1.8799429,0.037453678,0.000100370016,5.793156e-05,0.0032772797,1,0.053053375,5.9747543,-4.980578,0.12440965,0.12402737,0.08694053,0.9961085,0.02776874,0.08260671,-0.013154058,0,7,1785207443065077,1785207443065077,0.3355535,-0.22731735,0.47538167,1,0.016201554,0.016828932,0.005732397
1785207443085606015,1.0757841,1.7646277,0.03559138,7.673667e-05,5.1129067e-05,0.003308241,1,0.05803373,5.971467,-4.975114,0.12535554,0.12497381,0.087445356,0.99453306,0.036659684,0.09688366,-0.013182255,0,7,1785207443081077,1785207443081077,0.29392996,-0.21044895,0.40069723,1,0.016264213,0.016906513,0.0057528485
1785207443093603400,1.0166613,1.6506448,0.03213039,6.614924e-05,4.7759415e-05,0.0033224588,1,0.060266335,5.969927,-4.9727993,0.12583193,0.12545067,0.08769895,0.9937004,0.04086658,0.103514306,-0.013205507,0,7,1785207443089077,1785207443089077,0.27131355,-0.2010603,0.36171386,1,0.016295154,0.01694076,0.005763067
1785207443105584104,0.9626001,1.5198832,0.028665025,5.6498386e-05,4.4487162e-05,0.003335643,1,0.062313646,5.9684634,-4.970752,0.12631062,0.12592994,0.0873319,0.99287325,0.04483528,0.10962241,-0.01324384,0,7,1785207443097077,1785207443097077,0.24722418,-0.1903829,0.32404327,1,0.01632616,0.016973713,0.0057529146
1785207443113601496,0.9162606,1.4224117,0.030000646,4.7963913e-05,4.1332365e-05,0.0033475934,1,0.06416396,5.9670854,-4.968971,0.12679163,0.12641162,0.08758527,0.99205106,0.048608106,0.1153073,-0.013272736,0,7,1785207443105077,1785207443105077,0.22182386,-0.17894176,0.28858608,1,0.01635756,0.017006554,0.0057631303
1785207443125603620,0.79723346,1.1513127,0.02760176,3.2908596e-05,3.4113316e-05,0.003348749,1,0.0666624,5.9653325,-4.968692,0.10638808,0.10610231,0.0799279,0.9904842,0.055485334,0.12523873,-0.013331208,0,7,1785207443121077,1785207443121077,0.17007378,-0.15362531,0.21969306,1,0.013292426,0.013760491,0.005401149
1785207443133632715,0.7341164,1.0037737,0.024140628,2.902147e-05,3.1684434e-05,0.0033553208,1,0.06731242,5.9649544,-4.9701304,0.106756896,0.10646979,0.08015668,0.98978496,0.05852786,0.12931195,-0.0133667365,0,7,1785207443129077,1785207443129077,0.14213756,-0.13952976,0.18465519,1,0.013323074,0.013791265,0.005411226
1785207443145593391,0.6779245,0.88872457,0.024941523,2.681444e-05,2.9600085e-05,0.0033598663,1,0.06774893,5.9646726,-4.9717607,0.1071276,0.10683923,0.08038619,0.9891397,0.06132787,0.13289893,-0.01340272,0,7,1785207443137077,1785207443137077,0.11276655,-0.12458494,0.14945973,1,0.013356252,0.0138232475,0.005421299
1785207443153615302,0.62226415,0.7662193,0.025207192,2.6327174e-05,2.7882032e-05,0.0033623266,1,0.06796342,5.9644923,-4.9735694,0.107500225,0.10721067,0.08009405,0.9885517,0.063908845,0.13601771,-0.013435827,0,7,1785207443145077,1785207443145077,0.082769416,-0.10906654,0.11338633,1,0.0133925155,0.013856486,0.005414663
1785207443165625782,0.49842718,0.5273337,0.02441002,3.0843086e-05,2.5702557e-05,0.003360496,1,0.06769486,5.964462,-4.9778433,0.10825134,0.10795968,0.080553785,0.987588,0.06831542,0.14078473,-0.013511941,0,7,1785207443161077,1785207443161077,0.018930525,-0.07571537,0.035575308,1,0.013477294,0.013929849,0.0054347594
1785207443173594232,0.45288712,0.42986205,0.024143478,3.5960034e-05,2.532296e-05,0.0033560095,1,0.067188755,5.964627,-4.980337,0.10862992,0.10833732,0.08078477,0.9872028,0.0701914,0.14254935,-0.013544811,0,7,1785207443169077,1785207443169077,-0.014744551,-0.057597786,-0.0048516416,1,0.013525581,0.013970931,0.0054448005
1785207443185602277,0.39749363,0.33691743,0.028938128,4.2903135e-05,2.5472322e-05,0.0033491666,1,0.066425554,5.9649196,-4.983082,0.10901057,0.10871709,0.08101649,0.9868805,0.071854666,0.1439443,-0.013558425,0,7,1785207443177077,1785207443177077,-0.048901778,-0.039425142,-0.04627628,1,0.013578029,0.014014179,0.005454832
1785207443193571760,0.35168675,0.24024537,0.023078447,5.159599e-05,2.6160562e-05,0.0033400352,1,0.06540156,5.965343,-4.9860845,0.10939332,0.10909905,0.081248954,0.98662305,0.07332053,0.14496389,-0.013585489,0,7,1785207443185077,1785207443185077,-0.083383605,-0.020788211,-0.08748068,1,0.013637027,0.014059721,0.005464834
1785207443205573954,0.26247168,0.055422723,0.02520607,7.4092786e-05,2.9196644e-05,0.0033147985,1,0.062563255,5.966591,-4.9928145,0.11016413,0.109868556,0.08171612,0.986305,0.07568515,0.14590439,-0.013640147,0,7,1785207443201077,1785207443201077,-0.1506432,0.016128289,-0.16234323,1,0.013771064,0.014156167,0.0054847575
1785207443213573723,0.20894217,-0.03698928,0.029200839,8.74452e-05,3.1550368e-05,0.0032993366,1,0.060771666,5.967408,-4.996481,0.11055359,0.11025739,0.081411056,0.98624575,0.07658487,0.14583428,-0.013656044,0,7,1785207443209077,1785207443209077,-0.18181208,0.033604153,-0.1934454,1,0.013848706,0.014210398,0.0054773353
1785207443225586347,0.1554128,-0.13818903,0.02733655,0.00010176987,3.438522e-05,0.0032824213,1,0.058755063,5.9683447,-5.000295,0.11094544,0.11064863,0.08164497,0.98626107,0.07726087,0.14537236,-0.013667029,0,7,1785207443217077,1785207443217077,-0.2102395,0.04987021,-0.21586017,1,0.01393122,0.014265322,0.005487228
1785207443233607026,0.10161663,-0.24098732,0.03026567,0.00011698078,3.766772e-05,0.0032641708,1,0.056533743,5.9693904,-5.0041895,0.11133974,0.11104233,0.08187962,0.9863505,0.07772534,0.14451505,-0.013678255,0,7,1785207443225077,1785207443225077,-0.23586373,0.06456867,-0.22913255,1,0.014018838,0.014321121,0.0054970933
1785207443245604571,-0.0254159,-0.45244235,0.03665695,0.00014935172,4.538746e-05,0.0032245617,1,0.051584672,5.9717526,-5.011898,0.11213593,0.11183726,0.082351185,0.98676544,0.07791273,0.14155371,-0.013645811,0,7,1785207443241077,1785207443241077,-0.27696446,0.08861641,-0.22534512,1,0.0142013505,0.014438199,0.0055168015
1785207443253663984,-0.088799074,-0.5528435,0.035857905,0.00016536645,4.95568e-05,0.0032046149,1,0.04890293,5.9730434,-5.0155797,0.112537906,0.11223855,0.08258809,0.9870861,0.07761977,0.13946608,-0.013618201,0,7,1785207443249077,1785207443249077,-0.29350293,0.09821997,-0.21234684,1,0.01429442,0.014497811,0.0055266474
1785207443265591517,-0.15457845,-0.6612343,0.031330694,0.0001811151,5.387896e-05,0.0031847816,1,0.04611036,5.9743905,-5.01907,0.1129425,0.11264239,0.08282575,0.98748034,0.077059716,0.13696583,-0.013598137,0,7,1785207443257077,1785207443257077,-0.30768368,0.10630747,-0.19218585,1,0.014387719,0.014557926,0.005536496
1785207443273640940,-0.21822932,-0.77388465,0.033727493,0.00019640535,5.8283982e-05,0.003165093,1,0.043219015,5.975785,-5.0223093,0.113348104,0.113047354,0.08250968,0.9879478,0.076239616,0.13402364,-0.013579062,0,7,1785207443265077,1785207443265077,-0.3197094,0.113278605,-0.16544127,1,0.01447792,0.014617885,0.0055284505
1785207443285600343,-0.33194563,-0.971225,0.0313299,0.00022333903,6.688442e-05,0.0031300276,1,0.037221648,5.9786773,-5.027863,0.11417055,0.1138678,0.08298559,0.9890656,0.0738939,0.12690817,-0.013539617,0,7,1785207443281077,1785207443281077,-0.33804244,0.12375255,-0.09444534,1,0.0146727,0.014754525,0.00554819
1785207443293618327,-0.39639398,-1.0700285,0.031063585,0.00023492899,7.0986964e-05,0.0031145683,1,0.034140732,5.980159,-5.0301003,0.11458586,0.11428191,0.08322468,0.98969996,0.07234953,0.12278702,-0.01352217,0,7,1785207443289077,1785207443289077,-0.34519866,0.12767914,-0.0527144,1,0.014774165,0.01482915,0.0055580847
1785207443305579293,-0.46190783,-1.164837,0.028399851,0.00024526086,7.4939504e-05,0.0031005165,1,0.031016335,5.9816575,-5.0319424,0.115003936,0.11469864,0.08346452,0.990379,0.07053805,0.11828529,-0.013511061,0,7,1785207443297077,1785207443297077,-0.3515031,0.13123685,-0.008172189,1,0.014878818,0.014909881,0.0055680056
1785207443313581417,-0.5183672,-1.2580475,0.029467477,0.00025409652,7.865568e-05,0.0030881963,1,0.02785703,5.9831705,-5.0333705,0.11542482,0.115118004,0.08370512,0.99109226,0.0684862,0.11341839,-0.013495272,0,7,1785207443305077,1785207443305077,-0.35654655,0.13428979,0.038594306,1,0.0149877155,0.014997995,0.0055779577
1785207443325603459,-0.6342137,-1.4460672,0.027070997,0.00026767695,8.52569e-05,0.0030684762,1,0.021462468,5.986226,-5.034918,0.1162752,0.11596478,0.08418859,0.99259734,0.06366211,0.10254915,-0.013465796,0,7,1785207443321077,1785207443321077,-0.3645731,0.13946557,0.1384386,1,0.015219717,0.015198239,0.005597979
1785207443333668441,-0.6914732,-1.5286247,0.026534665,0.00027259978,8.816404e-05,0.0030608764,1,0.018235391,5.9877653,-5.034994,0.116704784,0.11639224,0.08385865,0.99336785,0.060906105,0.09658976,-0.013461207,0,7,1785207443329077,1785207443329077,-0.36795703,0.14157745,0.19009902,1,0.015341392,0.015311134,0.0055894824
1785207443345577079,-0.75245845,-1.6010635,0.026002584,0.0002761946,9.07799e-05,0.0030546247,1,0.01499484,5.989308,-5.034611,0.117135294,0.11682067,0.08410064,0.99413615,0.05789794,0.090334296,-0.013447827,0,7,1785207443337077,1785207443337077,-0.37092006,0.14341524,0.24224131,1,0.015462174,0.015428544,0.005599608
1785207443353597758,-0.80359256,-1.678827,0.025472535,0.00027853492,9.309898e-05,0.003050195,1,0.011740494,5.990854,-5.033769,0.11757082,0.11725362,0.084343396,0.9948929,0.054672737,0.08377608,-0.013439681,0,7,1785207443345077,1785207443345077,-0.3737379,0.1452063,0.2941586,1,0.015588122,0.01555561,0.0056097833
1785207443365650918,-0.89467186,-1.837818,0.023347229,0.00027938007,9.688121e-05,0.0030460244,1,0.005198842,5.99395,-5.0307384,0.11845092,0.11812787,0.08483119,0.99633944,0.047616966,0.06971409,-0.0134312855,0,7,1785207443361077,1785207443361077,-0.37834266,0.14812599,0.39397725,1,0.01583817,0.015819896,0.0056302445
1785207443373585294,-0.9202393,-1.9243703,0.024949824,0.00027776125,9.8214354e-05,0.0030465377,1,0.0019141487,5.9955025,-5.0285845,0.11889548,0.118569165,0.08507624,0.9970098,0.043874957,0.062177178,-0.013435486,0,7,1785207443369077,1785207443369077,-0.38050517,0.15032175,0.43959826,1,0.015955137,0.015948353,0.0056405016
1785207443385580054,-0.94447285,-2.0013363,0.024146605,0.0002747484,9.916668e-05,0.003048827,1,-0.001378724,5.9970613,-5.026037,0.119343,0.11901321,0.08532206,0.99763024,0.040035672,0.054317046,-0.013446405,0,7,1785207443377077,1785207443377077,-0.38255686,0.15225483,0.4826538,1,0.016063783,0.016070535,0.0056507587
1785207443393572039,-1.0078568,-2.071643,0.02759305,0.00027028905,9.968118e-05,0.0030530004,1,-0.0046802377,5.9986215,-5.023118,0.119793415,0.119459964,0.08498034,0.99819493,0.035980497,0.046168454,-0.0134456735,0,7,1785207443385077,1785207443385077,-0.38469604,0.15327488,0.522015,1,0.016161447,0.016181687,0.005641847
1785207443405586917,-1.1239718,-2.1954803,0.026272526,0.00025722172,9.92357e-05,0.0030667032,1,-0.011304269,6.001731,-5.0163236,0.1207002,0.120359264,0.08547243,0.99911845,0.0270909,0.02911719,-0.013445672,0,7,1785207443401077,1785207443401077,-0.38804466,0.15548617,0.5865595,1,0.016326219,0.016374797,0.005662253
1785207443413577930,-1.1593914,-2.2487438,0.023615014,0.00024877803,9.828614e-05,0.0030763259,1,-0.014620369,6.003281,-5.0125217,0.12115883,0.12081382,0.08571962,0.9994545,0.022367004,0.020240463,-0.013453221,0,7,1785207443409077,1785207443409077,-0.38893273,0.15669559,0.6115474,1,0.016398111,0.016460262,0.005672427
1785207443425564615,-1.162321,-2.2977455,0.023627479,0.0002390307,9.686241e-05,0.0030877285,1,-0.017933061,6.0048347,-5.0085163,0.121620096,0.12127092,0.08596759,0.99969226,0.01759398,0.011167289,-0.013462894,0,7,1785207443417077,1785207443417077,-0.38909674,0.15846927,0.62919044,1,0.016462658,0.016537124,0.005682583
1785207443433552542,-1.1745737,-2.3358283,0.028940508,0.00022810101,9.501683e-05,0.003100736,1,-0.021238122,6.006391,-5.0043674,0.122083955,0.12173053,0.08621634,0.9998258,0.012794033,0.0019240696,-0.013458821,0,7,1785207443425077,1785207443425077,-0.38864514,0.15952519,0.6383519,1,0.016519653,0.0166052,0.005692721
1785207443445660496,-1.2414179,-2.3568676,0.032399103,0.00020370873,9.013114e-05,0.0031304802,1,-0.027796023,6.009488,-4.995973,0.12301925,0.12265715,0.08671616,0.9997656,0.0027483422,-0.016763946,-0.013421115,0,7,1785207443441077,1785207443441077,-0.38418135,0.15956397,0.6242258,1,0.016616212,0.01672231,0.0057129753
1785207443453619939,-1.2281014,-2.3526068,0.032947436,0.000190418,8.706355e-05,0.0031470745,1,-0.031023607,6.0110183,-4.9919205,0.12349062,0.12312412,0.08635961,0.99956685,-0.0023187217,-0.026104499,-0.013393885,0,7,1785207443449077,1785207443449077,-0.37894583,0.15816575,0.6004708,1,0.016659202,0.016774297,0.005703255
1785207443465594391,-1.1868232,-2.3347635,0.0350773,0.0001766084,8.366384e-05,0.0031645193,1,-0.034195963,6.012528,-4.9880595,0.12396444,0.123593524,0.08660971,0.999258,-0.007231787,-0.035399053,-0.013353975,0,7,1785207443457077,1785207443457077,-0.3719392,0.15633115,0.5691761,1,0.016699297,0.016821623,0.005713373
1785207443473581016,-1.1980065,-2.2833655,0.032117505,0.00016236806,7.9963334e-05,0.0031826987,1,-0.03729939,6.0140066,-4.9844394,0.1244407,0.12406534,0.08686059,0.99884635,-0.0121233165,-0.044514574,-0.013320817,0,7,1785207443465077,1785207443465077,-0.36327365,0.15233219,0.5329722,1,0.016736545,0.016865449,0.0057234955
1785207443485611373,-1.1253039,-2.1395543,0.032951545,0.00013338063,7.184739e-05,0.0032200494,1,-0.043224562,6.016817,-4.9780335,0.12539755,0.12501357,0.08736469,0.9977584,-0.02169764,-0.06190275,-0.01325229,0,7,1785207443481077,1785207443481077,-0.33856112,0.14133953,0.45411432,1,0.016802356,0.016942678,0.0057437685
1785207443493620480,-1.0456755,-2.0657845,0.03055447,0.0001191524,6.7510686e-05,0.0032388568,1,-0.04601277,6.01814,-4.975268,0.125881,0.12549254,0.08761791,0.9971076,-0.026062716,-0.07016263,-0.013209135,0,7,1785207443489077,1785207443489077,-0.3232837,0.13485563,0.41377917,1,0.016835596,0.01698129,0.005753922
1785207443505585775,-1.0451435,-1.9592584,0.033181485,0.000105314844,6.309048e-05,0.003257357,1,-0.048671532,6.019394,-4.972796,0.12636685,0.1259739,0.087871924,0.9964026,-0.030332413,-0.078029454,-0.013159401,0,7,1785207443497077,1785207443497077,-0.30739662,0.12602204,0.3741056,1,0.016869066,0.017019914,0.0057640905
1785207443513581176,-1.0067953,-1.8444752,0.03613272,9.201225e-05,5.8647103e-05,0.0032753467,1,-0.051191736,6.0205703,-4.9706035,0.12685512,0.12645766,0.087502845,0.99566036,-0.034505595,-0.0854286,-0.013108758,0,7,1785207443505077,1785207443505077,-0.28968835,0.11705657,0.33532718,1,0.016902648,0.017058335,0.00575383
1785207443525609910,-0.8371481,-1.6479493,0.03773897,6.406375e-05,4.7513673e-05,0.0032698687,1,-0.0549456,6.0227776,-4.969642,0.10627222,0.10608923,0.07986052,0.99411863,-0.04189902,-0.09901938,-0.012954421,0,7,1785207443521077,1785207443521077,-0.24830414,0.09764279,0.25847724,1,0.013676302,0.013803778,0.00539301
1785207443533549796,-0.81264585,-1.5278417,0.033191416,5.3763375e-05,4.368416e-05,0.0032842434,1,-0.056173827,6.0237966,-4.9708066,0.1066449,0.10645804,0.08008899,0.99334085,-0.04523546,-0.10517364,-0.012895106,0,7,1785207443529077,1785207443529077,-0.22581194,0.08587971,0.22029428,1,0.013711851,0.0138416765,0.0054030656
1785207443545641269,-0.759117,-1.405602,0.03427012,4.48031e-05,4.0026185e-05,0.0032971085,1,-0.057231948,6.0247116,-4.972186,0.10701956,0.106828816,0.08031818,0.9925766,-0.048401397,-0.11083356,-0.01283885,0,7,1785207443537077,1785207443537077,-0.20177563,0.07389489,0.18239845,1,0.013747762,0.013882462,0.005413136
1785207443553611052,-0.6698994,-1.2977451,0.02602479,3.739284e-05,3.6546382e-05,0.0033080357,1,-0.058101747,6.0255184,-4.9737816,0.10739498,0.10720049,0.080548115,0.99183893,-0.051230438,-0.11604892,-0.012791753,0,7,1785207443545077,1785207443545077,-0.1756521,0.06132202,0.14436461,1,0.013784347,0.013923512,0.0054232148
1785207443565619949,-0.5612452,-1.0790986,0.030008487,2.8020715e-05,3.068123e-05,0.0033237773,1,-0.059245113,6.0267944,-4.9776363,0.108154304,0.10795203,0.08101021,0.99046284,-0.05608372,-0.125209,-0.012677474,0,7,1785207443561077,1785207443561077,-0.12171445,0.033820983,0.06797553,1,0.013873492,0.014016775,0.005443389
1785207443573635348,-0.50371957,-0.9603221,0.027879614,2.6400918e-05,2.8502485e-05,0.00332783,1,-0.059505615,6.027251,-4.979868,0.10853708,0.1083309,0.080711864,0.9898413,-0.058200844,-0.12910452,-0.012615855,0,7,1785207443569077,1785207443569077,-0.092742875,0.019268434,0.029187491,1,0.013926586,0.014067865,0.005436499
1785207443585636540,-0.4230266,-0.8551265,0.030015456,2.7021455e-05,2.688856e-05,0.0033290782,1,-0.05954193,6.027582,-4.9823365,0.10892199,0.10871188,0.08094324,0.98927695,-0.060013574,-0.13256104,-0.012537944,0,7,1785207443577077,1785207443577077,-0.06239162,0.004257894,-0.010279722,1,0.013983771,0.014123317,0.005446584
1785207443593602536,-0.37109444,-0.7648459,0.028412296,2.9972423e-05,2.582661e-05,0.0033274472,1,-0.059344903,6.0277843,-4.985047,0.10930908,0.109095044,0.081175365,0.98876214,-0.06157568,-0.13565753,-0.012452393,0,7,1785207443585077,1785207443585077,-0.031184314,-0.011421059,-0.049810756,1,0.014046453,0.01418404,0.0054566646
1785207443605614538,-0.26936194,-0.5480644,0.02947898,4.290341e-05,2.5585578e-05,0.0033152758,1,-0.058239784,6.027793,-4.9911833,0.11009003,0.109868154,0.081641845,0.98790675,-0.06415121,-0.1406196,-0.0122837005,0,7,1785207443601077,1785207443601077,0.031049233,-0.042454746,-0.12480752,1,0.014189988,0.014314094,0.0054767723
1785207443613604078,-0.202783,-0.43567887,0.03081051,5.2795804e-05,2.639957e-05,0.003304831,1,-0.057338748,6.027605,-4.9945602,0.110484004,0.11025823,0.0818762,0.9875889,-0.065054335,-0.14243515,-0.012182636,0,7,1785207443609077,1785207443609077,0.060585137,-0.057310965,-0.1539621,1,0.014268582,0.014381581,0.0054867943
1785207443625593479,-0.15351452,-0.3347457,0.030543366,6.470653e-05,2.7792874e-05,0.0032915077,1,-0.056216877,6.027295,-4.9980793,0.11087887,0.11064935,0.082111314,0.9873409,-0.06573391,-0.1438442,-0.012078728,0,7,1785207443617077,1785207443617077,0.08869333,-0.07148213,-0.17711082,1,0.0143421795,0.014445791,0.005496795
1785207443633613556,-0.10770798,-0.2266214,0.030543568,7.836362e-05,2.9799545e-05,0.0032761078,1,-0.05488893,6.02687,-5.0016665,0.1112776,0.11104427,0.0818022,0.98716277,-0.06623894,-0.1448403,-0.0119720325,0,7,1785207443625077,1785207443625077,0.114902444,-0.084570415,-0.19308634,1,0.014419162,0.014509806,0.0054892437
1785207443645608707,0.0012151642,0.008802092,0.02921201,0.000109918605,3.507757e-05,0.0032398046,1,-0.051701717,6.025724,-5.0088468,0.11208233,0.11184157,0.082273036,0.9870519,-0.06657312,-0.14545779,-0.011780359,0,7,1785207443641077,1785207443641077,0.15812595,-0.10565215,-0.19662213,1,0.0145691885,0.014626517,0.0055090906
1785207443653635618,0.05101626,0.1294433,0.031342532,0.00012718403,3.8268045e-05,0.003219614,1,-0.049887996,6.025028,-5.0122976,0.11248834,0.112243965,0.082509585,0.9871205,-0.066433415,-0.14506373,-0.011677799,0,7,1785207443649077,1785207443649077,0.1755771,-0.11430991,-0.18499427,1,0.0146385,0.014683618,0.0055190017
1785207443665581305,0.09602372,0.24156237,0.03134255,0.00014485889,4.1819447e-05,0.0031986549,1,-0.047954325,6.0242624,-5.0155716,0.11289673,0.112648875,0.082746886,0.9872677,-0.06610517,-0.14421733,-0.011577901,0,7,1785207443657077,1785207443657077,0.19101766,-0.121917024,-0.16699438,1,0.014707674,0.014737962,0.005528895
1785207443673556388,0.14049843,0.35261622,0.031342622,0.00016280473,4.5504843e-05,0.003177291,1,-0.045914903,6.023434,-5.0186224,0.113307536,0.113056295,0.08298494,0.98748887,-0.06559656,-0.1429372,-0.01148001,0,7,1785207443665077,1785207443665077,0.204701,-0.12881507,-0.14310752,1,0.014775293,0.014789816,0.0055387705
1785207443685594991,0.2222565,0.5744562,0.03241275,0.00019866198,5.2868283e-05,0.0031342125,1,-0.041570406,6.0216126,-5.023875,0.11413455,0.11387698,0.08346331,0.98814464,-0.06408146,-0.13905409,-0.011306996,0,7,1785207443681077,1785207443681077,0.22638892,-0.13959774,-0.0787649,1,0.014903679,0.014891276,0.0055585136
1785207443693626400,0.25954095,0.68684155,0.032679703,0.00021583062,5.666839e-05,0.003113513,1,-0.039291613,6.0206337,-5.0259852,0.11455251,0.11429192,0.08314062,0.9885723,-0.06308005,-0.1364547,-0.011223858,0,7,1785207443689077,1785207443689077,0.23514892,-0.14406292,-0.040394668,1,0.014968132,0.014944942,0.0055501964
1785207443705612484,0.30268416,0.78564477,0.032412082,0.00023232785,6.026295e-05,0.0030936897,1,-0.03695774,6.019616,-5.027727,0.11497286,0.11470939,0.08338008,0.98905694,-0.061909445,-0.13345182,-0.011143389,0,7,1785207443697077,1785207443697077,0.24280563,-0.14821237,0.0006859925,1,0.015032604,0.014999719,0.005560062
1785207443713583138,0.34715882,0.88817656,0.035341486,0.00024808786,6.361706e-05,0.0030748458,1,-0.034576327,6.0185647,-5.0290833,0.1153956,0.1151294,0.0836203,0.9895947,-0.060562186,-0.13004848,-0.011051962,0,7,1785207443705077,1785207443705077,0.24959372,-0.15165655,0.044069286,1,0.015097234,0.015058443,0.005569945
1785207443725580834,0.40974504,1.0764612,0.032946702,0.00027641823,6.993805e-05,0.0030407351,1,-0.029697103,6.016376,-5.030566,0.11624824,0.11597704,0.084103025,0.99079514,-0.05743544,-0.122093715,-0.010924563,0,7,1785207443721077,1785207443721077,0.26103535,-0.1576481,0.1374321,1,0.01522674,0.01518871,0.0055897716
1785207443733616812,0.4414343,1.1600857,0.035341762,0.00028874594,7.265175e-05,0.003025964,1,-0.02720728,6.015241,-5.030669,0.11667815,0.116404705,0.08434553,0.99144036,-0.055688515,-0.117589466,-0.010845069,0,7,1785207443729094,1785207443729094,0.26603493,-0.1604522,0.18575948,1,0.015293692,0.015261341,0.0055997176
1785207443745568210,0.47685382,1.2474374,0.03214615,0.00030001655,7.505717e-05,0.0030125584,1,-0.024689222,6.0140815,-5.030341,0.11711046,0.11683495,0.08458879,0.992108,-0.05379709,-0.11274562,-0.010777539,0,7,1785207443737094,1785207443737094,0.27055648,-0.16299787,0.23418438,1,0.015361427,0.015340115,0.005609697
1785207443753649534,0.5221294,1.3425115,0.031877596,0.00031001138,7.726877e-05,0.003000623,1,-0.022145234,6.0129,-5.0295806,0.11754517,0.11726779,0.084254555,0.99279726,-0.05173202,-0.10752913,-0.010720521,0,7,1785207443745094,1785207443745094,0.2749221,-0.16515635,0.2824876,1,0.015430741,0.015425309,0.005600961
1785207443765605240,0.62466145,1.53133,0.0316119,0.0003253609,8.0632235e-05,0.002981981,1,-0.016990615,6.01048,-5.02679,0.11841959,0.11813909,0.08474156,0.9942211,-0.046953022,-0.09595675,-0.010591819,0,7,1785207443761094,1785207443761094,0.28306922,-0.16928285,0.3762856,1,0.015562398,0.015602404,0.0056210808
1785207443773610630,0.65688443,1.6216115,0.034012374,0.00033076626,8.179238e-05,0.0029756872,1,-0.014378025,6.009238,-5.0247903,0.11886146,0.118579656,0.08498621,0.9949343,-0.0443157,-0.08961646,-0.010518157,0,7,1785207443769094,1785207443769094,0.28724444,-0.17186613,0.4194201,1,0.015627097,0.015694462,0.005631184
1785207443785598257,0.6805868,1.6919191,0.033478785,0.0003346112,8.268401e-05,0.0029712222,1,-0.011739071,6.0079713,-5.022417,0.11930571,0.11902279,0.085231625,0.99562955,-0.041573226,-0.0829712,-0.010450134,0,7,1785207443777094,1785207443777094,0.2918057,-0.17458147,0.46009886,1,0.015689123,0.015785472,0.005641306
1785207443793605651,0.7098808,1.7635585,0.0318787,0.00033670355,8.3202845e-05,0.0029688813,1,-0.009072934,6.006682,-5.0196924,0.11975232,0.11946846,0.08547781,0.9962983,-0.03871923,-0.07604475,-0.010388168,0,7,1785207443785094,1785207443785094,0.29611653,-0.17687993,0.49733165,1,0.01574684,0.015871303,0.0056514307
1785207443805577067,0.810815,1.929207,0.03453531,0.00033546722,8.3230145e-05,0.0029706329,1,-0.0036653199,6.004039,-5.01334,0.120652564,0.1203673,0.08597248,0.99754333,-0.032455847,-0.06122895,-0.010247575,0,7,1785207443801094,1785207443801094,0.3044518,-0.18165605,0.5564887,1,0.015848512,0.016024787,0.0056716744
1785207443813624576,0.86567587,2.012564,0.03347285,0.00033218777,8.278011e-05,0.002974635,1,-0.0009229272,6.0026846,-5.0098023,0.121106155,0.1208204,0.085623704,0.998106,-0.028978162,-0.053305633,-0.010170481,0,7,1785207443809094,1785207443809094,0.3086928,-0.18393421,0.57633966,1,0.015893385,0.016092947,0.0056623486
1785207443825613175,0.8979003,2.0676923,0.029745195,0.00032719056,8.199762e-05,0.0029802178,1,0.0018428308,6.00131,-5.0060935,0.121559456,0.12127344,0.08587124,0.99860835,-0.02534816,-0.045130134,-0.010105913,0,7,1785207443817094,1785207443817094,0.3130465,-0.18654735,0.5910341,1,0.015929805,0.016152017,0.0056724576
1785207443833673408,0.914682,2.1049745,0.03720636,0.0003206132,8.100323e-05,0.0029880623,1,0.0046346267,5.9999113,-5.0022573,0.122017555,0.12173132,0.086119555,0.99903864,-0.021630839,-0.036790434,-0.010021925,0,7,1785207443825094,1785207443825094,0.31698433,-0.18921004,0.59924096,1,0.015967814,0.016209146,0.0056825606
1785207443845647800,0.9746001,2.1742184,0.033464838,0.00030283254,7.8268116e-05,0.0030091228,1,0.010281043,5.9970512,-4.9944725,0.12294055,0.12265417,0.08661849,0.99966115,-0.013915837,-0.019670142,-0.009859565,0,7,1785207443841094,1785207443841094,0.32316977,-0.19286586,0.5902507,1,0.016035967,0.01630921,0.0057027624
1785207443853644794,0.9988347,2.1888654,0.032940757,0.00029187466,7.654358e-05,0.003022079,1,0.013123889,5.9956007,-4.9906397,0.12340542,0.12311913,0.086869135,0.9998436,-0.009853897,-0.010962763,-0.009777629,0,7,1785207443849094,1785207443849094,0.32479098,-0.19386238,0.5756357,1,0.016067183,0.016354023,0.0057128696
1785207443865613365,0.9932448,2.1696892,0.037203245,0.00027970292,7.4582385e-05,0.0030364844,1,0.015969021,5.9941387,-4.98693,0.12387254,0.12358643,0.087120555,0.9999338,-0.005793549,-0.002295215,-0.009683903,0,7,1785207443857094,1785207443857094,0.32542157,-0.19496271,0.55219156,1,0.016097257,0.016396157,0.00572298
1785207443873628894,0.9745994,2.1353362,0.036939707,0.00026646216,7.242637e-05,0.003052154,1,0.01880714,5.9926677,-4.9834256,0.124341905,0.12405606,0.08675948,0.99993306,-0.0017983512,0.006241212,-0.009579784,0,7,1785207443865094,1785207443865094,0.3245302,-0.19530031,0.51997435,1,0.016125832,0.016435336,0.005713071
1785207443885629104,0.99883544,2.0674253,0.03746423,0.00023745773,6.773802e-05,0.0030863946,1,0.024401275,5.9897447,-4.9772844,0.12528735,0.12500234,0.08726266,0.99967283,0.0062876716,0.022949751,-0.009381253,0,7,1785207443881094,1785207443881094,0.31673488,-0.1913187,0.4317748,1,0.016180364,0.016509218,0.0057333214
1785207443893597865,0.95755625,2.0032442,0.03800629,0.0002219502,6.516566e-05,0.0031043459,1,0.027119908,5.9883113,-4.974731,0.12576033,0.12547603,0.08751542,0.9994243,0.010237252,0.030989796,-0.00927093,0,7,1785207443889094,1785207443889094,0.31002542,-0.18849379,0.38263696,1,0.016202506,0.016540911,0.0057434593
1785207443905590261,0.92879444,1.9302738,0.035068575,0.00020595544,6.2477106e-05,0.0031233034,1,0.0297709,5.986902,-4.9725533,0.1262386,0.12595494,0.08776897,0.9991086,0.014043866,0.03873975,-0.009172371,0,7,1785207443897094,1785207443897094,0.30117127,-0.18446498,0.3316108,1,0.016230183,0.016576765,0.0057536094
1785207443913587405,0.9405126,1.885,0.03719088,0.00018952016,5.9596332e-05,0.003142893,1,0.03233659,5.985531,-4.9707584,0.12671913,0.12643619,0.088023305,0.9987281,0.017853275,0.04627334,-0.009068763,0,7,1785207443905094,1785207443905094,0.29008666,-0.17843659,0.28044116,1,0.016258517,0.016612938,0.00576377
1785207443925708183,0.86994904,1.7681035,0.037209075,0.00015259294,5.216227e-05,0.0031759792,1,0.03621954,5.9834094,-4.970815,0.106341876,0.106115155,0.0797742,0.9977943,0.0252595,0.060745265,-0.008865363,0,7,1785207443921094,1785207443921094,0.26133373,-0.16467379,0.17432493,1,0.0132231405,0.013489913,0.005383782
1785207443933694467,0.84171826,1.7105801,0.03587076,0.00013622479,4.9158836e-05,0.0031956201,1,0.037525583,5.9826627,-4.9726186,0.10671064,0.10648347,0.08000226,0.9972619,0.028707188,0.06758874,-0.008748648,0,7,1785207443929094,1785207443929094,0.24376841,-0.15581511,0.12103399,1,0.0132524455,0.013527394,0.005393827
1785207443945795137,0.86249286,1.6693004,0.039852507,0.000120340745,4.621374e-05,0.0032147209,1,0.03870236,5.9819784,-4.974755,0.10708126,0.106853686,0.08023106,0.99668175,0.032189656,0.07426307,-0.008629599,0,7,1785207443937094,1785207443937094,0.22463237,-0.14546004,0.06957478,1,0.01328426,0.013567208,0.0054038786
1785207443953771062,0.8278705,1.5965962,0.039073087,0.00010503501,4.3295833e-05,0.0032332141,1,0.039740253,5.9813633,-4.9772115,0.10745375,0.10722584,0.0804606,0.9960678,0.03561631,0.08067256,-0.00851198,0,7,1785207443945094,1785207443945094,0.20473821,-0.13539226,0.019725379,1,0.013319349,0.013610512,0.0054139406
1785207443965738841,0.72240937,1.4165691,0.02920692,7.670927e-05,3.7548358e-05,0.0032675152,1,0.04135553,5.9803443,-4.983055,0.10820318,0.10797482,0.08092187,0.99481255,0.041713938,0.0924071,-0.0083091,0,7,1785207443961094,1785207443961094,0.16105455,-0.11385004,-0.07601387,1,0.013397861,0.0137083465,0.0054340954
1785207443973743830,0.719747,1.3406688,0.028935537,6.429711e-05,3.4903194e-05,0.0032828432,1,0.041911237,5.979957,-4.986413,0.10858145,0.10835295,0.081153624,0.99417037,0.044639524,0.09780036,-0.008232078,0,7,1785207443969094,1785207443969094,0.13785763,-0.10129594,-0.119724,1,0.01344474,0.013765666,0.005444189
1785207443985763638,0.6483741,1.23068,0.026819315,5.3430882e-05,3.2527165e-05,0.0032963557,1,0.042296875,5.979654,-4.990047,0.10896173,0.108733155,0.080853745,0.99354166,0.047358938,0.10278865,-0.00815961,0,7,1785207443977094,1785207443977094,0.11443509,-0.08990297,-0.16165966,1,0.013496057,0.013827404,0.0054372614
1785207443993756384,0.5671475,1.0999188,0.025483927,4.4242013e-05,3.0456553e-05,0.0033078853,1,0.042507205,5.979431,-4.993938,0.10934405,0.10911548,0.08108545,0.99295294,0.04973485,0.1072652,-0.008079915,0,7,1785207443985094,1785207443985094,0.090136886,-0.07777491,-0.20213714,1,0.013553909,0.0138956895,0.0054473574
1785207444005831285,0.4944433,0.88580084,0.024678243,3.13955e-05,2.7247235e-05,0.0033244768,1,0.042379946,5.979254,-5.002409,0.110115044,0.10988671,0.0815511,0.99188244,0.053906403,0.11489267,-0.007935321,0,7,1785207444001094,1785207444001094,0.040766746,-0.052032888,-0.27112246,1,0.013684152,0.014043781,0.00546754
1785207444013799585,0.42813024,0.76382804,0.01909147,2.7965129e-05,2.6229805e-05,0.0033291911,1,0.04205161,5.979297,-5.006896,0.11050383,0.11027572,0.08178504,0.99141335,0.055718444,0.118037015,-0.007886726,0,7,1785207444009094,1785207444009094,0.018341208,-0.040910807,-0.29306912,1,0.013757944,0.01412487,0.0054776296
1785207444025806558,0.3498341,0.6357296,0.022287412,2.6543492e-05,2.5635434e-05,0.0033314738,1,0.041565116,5.9794145,-5.01146,0.11089488,0.11066708,0.082019724,0.9910123,0.057212863,0.120666295,-0.007823716,0,7,1785207444017094,1785207444017094,-0.0023849232,-0.030556897,-0.3069377,1,0.013838199,0.014210218,0.0054877084
1785207444033794224,0.29390764,0.52840424,0.023350999,2.704673e-05,2.544501e-05,0.0033314254,1,0.040931717,5.979602,-5.0160356,0.111288264,0.11106084,0.08225516,0.9906714,0.058455806,0.12285349,-0.0077516446,0,7,1785207444025094,1785207444025094,-0.021807047,-0.020761788,-0.31162256,1,0.013925912,0.014299347,0.005497764
1785207444045848606,0.21561074,0.32893455,0.02254963,3.339802e-05,2.6278789e-05,0.0033245306,1,0.039277945,5.9801607,-5.0249047,0.11208061,0.11185429,0.082179844,0.99015105,0.060460433,0.1260465,-0.0076074144,0,7,1785207444041094,1785207444041094,-0.053516373,-0.0048258714,-0.28970206,1,0.01410702,0.014475486,0.005500251
1785207444053848115,0.1684726,0.225604,0.01962045,3.8902002e-05,2.7255475e-05,0.0033183119,1,0.0382966,5.9805126,-5.029054,0.11248138,0.112255596,0.08241596,0.98997974,0.061196323,0.12703618,-0.0075515737,0,7,1785207444049094,1785207444049094,-0.06648029,0.0017941573,-0.26701552,1,0.014203205,0.014562893,0.0055102496
1785207444065858193,0.120269574,0.12413741,0.017223611,4.57793e-05,2.86023e-05,0.0033103474,1,0.03723287,5.980903,-5.032933,0.11288471,0.1126595,0.08265283,0.9898711,0.0617341,0.12762375,-0.0075116227,0,7,1785207444057094,1785207444057094,-0.07740398,0.0073239324,-0.23671292,1,0.014300698,0.014647382,0.0055202222
1785207444073873923,0.07126737,0.037052035,0.018289195,5.3960157e-05,3.0317871e-05,0.0033007117,1,0.036100276,5.9813256,-5.036489,0.11329065,0.11306602,0.08289045,0.98982036,0.062077872,0.12785286,-0.0074644503,0,7,1785207444065094,1785207444065094,-0.08688698,0.012134895,-0.1997958,1,0.014399865,0.014730149,0.005530183
1785207444085879262,-0.013154852,-0.13525447,0.016957594,7.332857e-05,3.4459998e-05,0.0032777167,1,0.033675756,5.9822373,-5.0424194,0.11411053,0.113887034,0.08280943,0.989884,0.062241133,0.12728533,-0.007367597,0,7,1785207444081094,1785207444081094,-0.10109852,0.019001357,-0.10840653,1,0.014602564,0.014891839,0.0055320556
1785207444093869363,-0.05177059,-0.21754616,0.01642511,8.438827e-05,3.696945e-05,0.003264405,1,0.032406997,5.9827156,-5.044718,0.114524536,0.11430157,0.08304772,0.98999417,0.062076963,0.12650867,-0.007323399,0,7,1785207444089094,1785207444089094,-0.10656113,0.021749705,-0.056415442,1,0.014704836,0.014970064,0.0055419747
1785207444105908377,-0.08639197,-0.3003704,0.01722394,9.609152e-05,3.9736893e-05,0.0032501887,1,0.03110971,5.983206,-5.0465403,0.11494131,0.11471881,0.083286755,0.9901542,0.061773755,0.12540184,-0.0072858096,0,7,1785207444097094,1785207444097094,-0.11122769,0.024104046,-0.00227146,1,0.01480697,0.015048274,0.0055519016
1785207444113912384,-0.12447496,-0.3786674,0.018022636,0.00010807952,4.252314e-05,0.00323544,1,0.02978917,5.983704,-5.047874,0.11535865,0.1151369,0.08352655,0.9903617,0.061316367,0.12398222,-0.007242725,0,7,1785207444105094,1785207444105094,-0.115368426,0.026072627,0.05384286,1,0.0149050895,0.015123395,0.005561833
1785207444125917413,-0.19504872,-0.5296687,0.01535945,0.00013248826,4.841711e-05,0.0032056419,1,0.027094351,5.9847174,-5.049011,0.116206,0.11598489,0.08400841,0.9909058,0.05997065,0.120239794,-0.007176749,0,7,1785207444121094,1785207444121094,-0.12224665,0.029060785,0.17166199,1,0.015110847,0.01527932,0.005581707
1785207444133909708,-0.23233306,-0.59997606,0.0124298595,0.00014448437,5.1431995e-05,0.0031908818,1,0.02572453,5.985226,-5.0487986,0.1166339,0.116412975,0.08425048,0.9912361,0.059075855,0.11794063,-0.0071569257,0,7,1785207444129094,1785207444129094,-0.12539874,0.03027234,0.23146155,1,0.015212941,0.015359156,0.005591667
1785207444145956596,-0.26562223,-0.67321306,0.012429881,0.00015577524,5.421643e-05,0.0031770566,1,0.02434154,5.985737,-5.048064,0.117064625,0.1168438,0.08449332,0.9916017,0.058046285,0.11535094,-0.007136003,0,7,1785207444137094,1785207444137094,-0.12833548,0.031617332,0.29095238,1,0.015315901,0.015440713,0.005601639
1785207444153953039,-0.3045051,-0.75364035,0.013495331,0.00016633853,5.684692e-05,0.0031641126,1,0.022946043,5.9862504,-5.04681,0.117498204,0.11727736,0.08415996,0.9920031,0.056862667,0.112453885,-0.007117079,0,7,1785207444145094,1785207444145094,-0.13130526,0.03297619,0.3496614,1,0.015418447,0.0155232195,0.00559294
1785207444165984939,-0.33779353,-0.83033985,0.009767137,0.0001761522,5.944557e-05,0.003151949,1,0.021537121,5.9867663,-5.045051,0.117934644,0.11771366,0.08440266,0.9924368,0.05553804,0.109244026,-0.0071068336,0,7,1785207444153094,1785207444153094,-0.13442224,0.034375425,0.40663567,1,0.015518534,0.015605371,0.0056029386
1785207444173935585,-0.41422716,-0.98560166,0.0118982885,0.00019252319,6.390121e-05,0.0031316173,1,0.018671226,5.987809,-5.040074,0.11881601,0.11859437,0.08489036,0.99338704,0.05241716,0.10190396,-0.0070900414,0,7,1785207444169094,1785207444169094,-0.14140648,0.037310038,0.51557624,1,0.015697002,0.015759468,0.005622975
1785207444185999535,-0.45310876,-1.0710895,0.010299108,0.0001989021,6.5647684e-05,0.0031234883,1,0.017211594,5.988339,-5.0368967,0.11925812,0.119036436,0.08513535,0.9938974,0.050631665,0.09774579,-0.0070846374,0,7,1785207444177094,1785207444177094,-0.14527607,0.039139975,0.5651518,1,0.015771631,0.015826503,0.005633007
1785207444193970120,-0.48986065,-1.158175,0.011631419,0.00020424541,6.721338e-05,0.0031168256,1,0.015728889,5.988878,-5.0333023,0.11970558,0.11948331,0.08538111,0.9944265,0.048695248,0.09324575,-0.0070782793,0,7,1785207444185094,1785207444185094,-0.14967678,0.041477546,0.61002266,1,0.015841836,0.015890555,0.0056430376
1785207444206019883,-0.57668036,-1.342998,0.013759653,0.0002114726,6.9679954e-05,0.003107622,1,0.01267583,5.989999,-5.025048,0.1206083,0.1203846,0.08528244,0.99552983,0.0443091,0.08310904,-0.0070721917,0,7,1785207444201094,1785207444201094,-0.16032846,0.047240812,0.6834407,1,0.0159613,0.016002629,0.0056438358
1785207444214008181,-0.62142026,-1.4151702,0.012160424,0.00021327437,7.050649e-05,0.0031052392,1,0.0110937515,5.990583,-5.020468,0.12106346,0.120838925,0.0855288,0.9960842,0.04184499,0.07756003,-0.0070645316,0,7,1785207444209094,1785207444209094,-0.16661684,0.05010033,0.71232045,1,0.016010974,0.016050437,0.005653851
1785207444226004223,-0.6672267,-1.485744,0.011096271,0.00021397916,7.1053146e-05,0.0031042327,1,0.009468428,5.991185,-5.0156546,0.121521086,0.12129565,0.08577593,0.996629,0.0391901,0.07172866,-0.0070581455,0,7,1785207444217094,1785207444217094,-0.17340297,0.053416915,0.7335345,1,0.016054867,0.016093198,0.0056638657
1785207444234002269,-0.6989201,-1.5603118,0.013496371,0.0002136203,7.1341296e-05,0.0031045491,1,0.0077960202,5.9918094,-5.0106688,0.12198112,0.12175474,0.08602383,0.9971569,0.03639461,0.06560298,-0.007050442,0,7,1785207444225094,1785207444225094,-0.18058671,0.05730338,0.7465,1,0.016092665,0.016130839,0.0056738793
1785207444246028748,-0.74259436,-1.6836169,0.018553684,0.00020987232,7.116892e-05,0.003108961,1,0.004293314,5.99314,-5.000485,0.12290826,0.12267988,0.08652196,0.9981288,0.030517012,0.052523684,-0.0070015583,0,7,1785207444241094,1785207444241094,-0.19669114,0.066289574,0.74263495,1,0.01615575,0.01619407,0.005693907
1785207444253988141,-0.7662989,-1.7014595,0.022813825,0.00020649018,7.0749455e-05,0.0031127557,1,0.0024555696,5.99385,-4.995465,0.123372056,0.12314315,0.08677219,0.9985512,0.027435044,0.045765005,-0.0069619603,0,7,1785207444249094,1785207444249094,-0.2054845,0.07108598,0.7220016,1,0.016178459,0.016218083,0.005703929
1785207444265942525,-0.7809444,-1.7185044,0.024415147,0.00020223903,7.011698e-05,0.0031178866,1,0.0005581975,5.9945908,-4.9906187,0.123841316,0.12361135,0.08702319,0.9989225,0.024283484,0.03894093,-0.0069075674,0,7,1785207444257094,1785207444257094,-0.21345837,0.07534165,0.6921801,1,0.016204288,0.016244566,0.0057139583
1785207444273940841,-0.77561915,-1.7464672,0.025753789,0.00019715272,6.927935e-05,0.0031240582,1,-0.0013914725,5.995359,-4.9860153,0.124312855,0.12408181,0.08666306,0.9992405,0.021131445,0.032013357,-0.0068536643,0,7,1785207444265094,1785207444265094,-0.22061327,0.07957951,0.6537174,1,0.016228238,0.016269019,0.0057040374
1785207444285983311,-0.78334236,-1.7254281,0.031069065,0.00018470261,6.7004694e-05,0.0031392798,1,-0.005436666,5.9969707,-4.9778275,0.12526272,0.12502946,0.08716542,0.9997036,0.014809167,0.018126486,-0.0067104953,0,7,1785207444281094,1785207444281094,-0.23368631,0.086172834,0.5518096,1,0.016272746,0.016316323,0.0057241335
1785207444294008207,-0.7796128,-1.7134445,0.030011563,0.00017745943,6.559765e-05,0.0031481786,1,-0.007513314,5.9978,-4.9743414,0.12574102,0.12550665,0.08741777,0.9998465,0.011636566,0.011295024,-0.0066325143,0,7,1785207444289094,1785207444289094,-0.23716545,0.087945275,0.495031,1,0.016295511,0.01634012,0.005734198
1785207444306010672,-0.75937515,-1.7230307,0.035606414,0.00016955174,6.40046e-05,0.0031579286,1,-0.009601384,5.9986362,-4.971286,0.12622158,0.12598608,0.0876709,0.9999324,0.008539337,0.0044301962,-0.0065415474,0,7,1785207444297094,1785207444297094,-0.23844902,0.08913613,0.43776128,1,0.016319033,0.016364772,0.0057442756
1785207444314026110,-0.7612367,-1.697732,0.0361287,0.00016103292,6.225557e-05,0.003168447,1,-0.011690507,5.9994726,-4.968663,0.12670441,0.12646778,0.08792481,0.9999616,0.0054527353,-0.0023744819,-0.006437716,0,7,1785207444305094,1785207444305094,-0.23905128,0.0893504,0.38004112,1,0.01634409,0.01639114,0.0057543665
1785207444326048672,-0.72315294,-1.6543378,0.037209358,0.00013946606,5.6106197e-05,0.0031839034,1,-0.015096309,6.0011525,-4.9677134,0.106271364,0.106118135,0.0796946,0.99985856,-0.0005652566,-0.015617139,-0.006218952,0,7,1785207444321094,1785207444321094,-0.23225671,0.08747534,0.26082206,1,0.0132710645,0.0133112315,0.0053756023
1785207444334033954,-0.7021149,-1.6524731,0.037468705,0.00012964246,5.3955886e-05,0.0031961284,1,-0.016399734,6.001986,-4.9693203,0.10664163,0.10648739,0.07992232,0.99972856,-0.003425915,-0.022222083,-0.006114811,0,7,1785207444329094,1785207444329094,-0.22635643,0.08530992,0.20154323,1,0.013298666,0.013340388,0.0053855767
1785207444346021871,-0.69572407,-1.5962805,0.040391613,0.0001195007,5.170795e-05,0.003208771,1,-0.017666258,6.0027947,-4.9712963,0.107013784,0.106858514,0.08015077,0.9995517,-0.0062606544,-0.028658383,-0.006000464,0,7,1785207444337094,1785207444337094,-0.21998663,0.08284761,0.14369342,1,0.013330126,0.013373351,0.0053955633
1785207444354061626,-0.6714888,-1.5379571,0.0430615,0.00010906293,4.9365663e-05,0.0032218038,1,-0.018884223,6.0035768,-4.9736342,0.107387856,0.10723153,0.08037995,0.999335,-0.009014668,-0.034842517,-0.0058734003,0,7,1785207444345094,1785207444345094,-0.21138023,0.07973027,0.087027945,1,0.013366308,0.0134109715,0.0054055615
1785207444366082695,-0.6001165,-1.4644538,0.043326102,8.816816e-05,4.4467757e-05,0.0032481058,1,-0.021107884,6.0050325,-4.9793644,0.10814191,0.10798338,0.08084052,0.9987904,-0.0140741,-0.04677823,-0.0056087,0,7,1785207444361094,1785207444361094,-0.1896039,0.0707221,-0.021752913,1,0.013448666,0.013499064,0.0054256017
1785207444374083927,-0.57028955,-1.37364,0.047585357,7.812781e-05,4.196457e-05,0.0032609054,1,-0.022100015,6.0056953,-4.9827337,0.10852195,0.10836229,0.08107191,0.99847895,-0.016423516,-0.052349277,-0.005456121,0,7,1785207444369094,1785207444369094,-0.17747809,0.06547771,-0.073518775,1,0.01349761,0.013551523,0.00543564
1785207444386065862,-0.52581316,-1.290017,0.04492784,6.8528476e-05,3.951636e-05,0.0032732105,1,-0.022997275,6.006307,-4.9864244,0.10890408,0.10874323,0.08130405,0.9981542,-0.018609123,-0.057564814,-0.0053049917,0,7,1785207444377094,1785207444377094,-0.16351765,0.059358105,-0.12348982,1,0.013553051,0.013610452,0.0054456885
