bag_time_ns,angular_velocity,orientation_variance,pose_frame,position,position_variance,q,quality,reset_counter,timestamp,timestamp_sample,velocity,velocity_frame,velocity_variance
1785142630063898503,[ 6.2891253e-04 -5.7295663e-04 -4.3191540e-05],[4.2268275e-05 4.1569238e-05 3.4786656e-02],1,[-0.01032113 -0.00547445  0.21637797],[0.1100328  0.11018803 0.08770251],[ 7.0699269e-01 -5.7816238e-04  1.0735639e-03  7.0721990e-01],0,6,1785142629454375,1785142629454375,[-0.0241134  -0.02736416  0.12856701],1,[0.01494435 0.01477799 0.00626852]
1785142630064446143,[ 0.00089523  0.00262284 -0.00030952],[4.2308860e-05 4.1608702e-05 3.4786999e-02],1,[-0.0103078  -0.0052152   0.21648712],[0.11043205 0.11058825 0.08797196],[ 7.0699680e-01 -5.7739468e-04  1.0787298e-03  7.0721579e-01],0,6,1785142629462375,1785142629462375,[-0.02395271 -0.02711398  0.12856969],1,[0.01501197 0.01484389 0.0062811 ]
1785142630064904031,[-1.7003785e-04  1.8238891e-03 -4.3197389e-05],[4.2348714e-05 4.1647014e-05 3.4787349e-02],1,[-0.0102973  -0.00496518  0.21662255],[0.11083367 0.11099083 0.08824231],[ 7.0700127e-01 -5.8417872e-04  1.0816609e-03  7.0721132e-01],0,6,1785142629470375,1785142629470375,[-0.02374197 -0.02676192  0.12846865],1,[0.01507983 0.0149101  0.00629369]
1785142630065263051,[-0.00043635  0.00049231  0.00182102],[4.2427022e-05 4.1720836e-05 3.4788057e-02],1,[-0.01029356 -0.00449534  0.21697052],[0.1116441  0.1118031  0.08878574],[ 7.0699567e-01 -5.9551676e-04  1.0815822e-03  7.0721680e-01],0,6,1785142629486375,1785142629486375,[-0.02428411 -0.02654416  0.12861814],1,[0.01521623 0.01504283 0.00631888]
1785142630065594213,[ 0.00222681 -0.00163822  0.00208734],[4.2466294e-05 4.1757561e-05 3.4788407e-02],1,[-0.01030086 -0.00427456  0.21718259],[0.11205294 0.11221282 0.08905882],[ 7.0699394e-01 -5.8802933e-04  1.0785644e-03  7.0721853e-01],0,6,1785142629494375,1785142629494375,[-0.02441514 -0.02620228  0.12867041],1,[0.0152847  0.01510934 0.00633148]
1785142630065985568,[ 0.00036232 -0.00297001  0.0018195 ],[4.2502696e-05 4.1794890e-05 3.4785900e-02],1,[-0.01031097 -0.00406124  0.2174191 ],[0.11245673 0.11262213 0.0893328 ],[ 7.0699072e-01 -5.7942420e-04  1.0729320e-03  7.0722187e-01],0,6,1785142629502375,1785142629502375,[-0.02445574 -0.02605954  0.12875298],1,[0.01534337 0.01517156 0.0063441 ]
1785142630309739630,[ 0.00249285 -0.00270369 -0.00084366],[4.2539777e-05 4.1833064e-05 3.4786243e-02],1,[-0.01032569 -0.0038568   0.21764961],[0.11287028 0.11303662 0.08896279],[ 7.0699596e-01 -5.6218304e-04  1.0676886e-03  7.0721662e-01],0,6,1785142629510375,1785142629510375,[-0.02452855 -0.0258674   0.12891209],1,[0.01541238 0.01523896 0.00633292]
1785142630310209769,[-0.00203453  0.00155737  0.00075423],[4.2619373e-05 4.1905863e-05 3.4786928e-02],1,[-0.01036947 -0.00347387  0.2181817 ],[0.11370476 0.11387289 0.08951139],[ 7.0700669e-01 -5.6728558e-04  1.0568708e-03  7.0720589e-01],0,6,1785142629526375,1785142629526375,[-0.02471889 -0.02549804  0.12908943],1,[0.01555136 0.01537426 0.00635815]
1785142630310535392,[ 0.0016939   0.0004921  -0.00057734],[4.2658703e-05 4.1943749e-05 3.4787271e-02],1,[-0.01039871 -0.00329432  0.21848366],[0.11412571 0.11429472 0.08978706],[ 7.0701182e-01 -5.6853658e-04  1.0595827e-03  7.0720077e-01],0,6,1785142629534375,1785142629534375,[-0.02493121 -0.0251829   0.12942317],1,[0.0156213  0.01544256 0.00637078]
1785142630311070511,[0.00062863 0.00102473 0.00235213],[4.2697797e-05 4.1983323e-05 3.4787614e-02],1,[-0.01043239 -0.00312096  0.21880934],[0.11454914 0.114719   0.09006365],[ 7.0701045e-01 -5.6413893e-04  1.0611843e-03  7.0720214e-01],0,6,1785142629542375,1785142629542375,[-0.0248306  -0.02481554  0.12959917],1,[0.01569118 0.01551032 0.00638342]
1785142630311323421,[ 2.4928492e-03 -2.1710605e-03 -4.4710527e-05],[4.273737e-05 4.202257e-05 3.478797e-02],1,[-0.01046867 -0.00295519  0.21915662],[0.11497508 0.11514577 0.09034116],[ 7.0701194e-01 -5.5676198e-04  1.0606125e-03  7.0720065e-01],0,6,1785142629550375,1785142629550375,[-0.02473257 -0.02469747  0.12966126],1,[0.01576125 0.01557843 0.00639606]
1785142630315116043,[ 0.00036231 -0.00030685  0.0018195 ],[4.2816824e-05 4.2096563e-05 3.4788657e-02],1,[-0.01055458 -0.00264712  0.21990398],[0.11583452 0.1160068  0.09023741],[ 7.0701683e-01 -5.5415009e-04  1.0649990e-03  7.0719576e-01],0,6,1785142629566375,1785142629566375,[-0.0250899  -0.02457977  0.13048275],1,[0.01590248 0.01571597 0.00639694]
1785142630315554648,[-0.00070302 -0.00083976  0.00128475],[4.2856464e-05 4.2133892e-05 3.4786120e-02],1,[-0.01060361 -0.00250469  0.22031099],[0.11625922 0.11643771 0.09051567],[ 7.0701456e-01 -5.5551407e-04  1.0590381e-03  7.0719802e-01],0,6,1785142629574375,1785142629574375,[-0.02514113 -0.02465992  0.13066879],1,[0.01596248 0.01578009 0.00640958]
1785142630316033101,[ 9.5931231e-05 -2.7039768e-03  2.1947808e-04],[4.289692e-05 4.217445e-05 3.478647e-02],1,[-0.01065751 -0.00237116  0.22073829],[0.11669514 0.11687446 0.09079485],[ 7.0701605e-01 -5.4598600e-04  1.0512762e-03  7.0719653e-01],0,6,1785142629582375,1785142629582375,[-0.02540994 -0.02467152  0.13082123],1,[0.01603365 0.0158496  0.00642224]
1785142630316554476,[ 9.5929601e-05  2.6223455e-03 -5.7946751e-04],[4.2937249e-05 4.2213498e-05 3.4786820e-02],1,[-0.01071563 -0.00224514  0.22118524],[0.11713362 0.11731376 0.09107495],[ 7.0702082e-01 -5.5004848e-04  1.0503726e-03  7.0719177e-01],0,6,1785142629590375,1785142629590375,[-0.02536415 -0.02445753  0.13088652],1,[0.01610497 0.01591914 0.0064349 ]
1785142630317118845,[ 0.00062856 -0.00163871 -0.00084578],[4.3019158e-05 4.2293221e-05 3.4787521e-02],1,[-0.01084164 -0.00201606  0.2221339 ],[0.11801835 0.11820005 0.09163794],[ 7.0703566e-01 -5.5034674e-04  1.0356258e-03  7.0717692e-01],0,6,1785142629606375,1785142629606375,[-0.02541436 -0.02454074  0.13095011],1,[0.01624854 0.01605887 0.00646025]
1785142630317333450,[ 0.00249278 -0.00163871 -0.00191105],[4.3059932e-05 4.2330867e-05 3.4787863e-02],1,[-0.01090902 -0.00191301  0.22263522],[0.11846462 0.11864705 0.09192083],[ 7.0704162e-01 -5.4092729e-04  1.0372270e-03  7.0717096e-01],0,6,1785142629614375,1785142629614375,[-0.02529163 -0.02436668  0.13109061],1,[0.01632082 0.01612905 0.00647293]
1785142630317785568,[ 0.00116119 -0.00057345 -0.0011121 ],[4.3101321e-05 4.2369928e-05 3.4788214e-02],1,[-0.01097929 -0.00181663  0.22314192],[0.1189135  0.11909666 0.09152196],[ 7.0704973e-01 -5.3078146e-04  1.0373998e-03  7.0716286e-01],0,6,1785142629622375,1785142629622375,[-0.02535367 -0.02425714  0.1315297 ],1,[0.01639341 0.01619951 0.00646026]
1785142630776252973,[-0.00070302  0.00049182  0.00128475],[4.3142962e-05 4.2409305e-05 3.4788556e-02],1,[-0.0110528  -0.0017266   0.22366847],[0.11936502 0.11954889 0.09180462],[ 7.0705020e-01 -5.3458271e-04  1.0335138e-03  7.0716238e-01],0,6,1785142629630375,1785142629630375,[-0.02533552 -0.02414225  0.1318051 ],1,[0.01646624 0.01627085 0.00647294]
1785142630776694883,[-0.00123641 -0.00190566  0.0012802 ],[4.3222532e-05 4.2486299e-05 3.4786385e-02],1,[-0.01119545 -0.00155492  0.22477034],[0.1202657  0.12045722 0.09237275],[ 7.0705289e-01 -5.1739591e-04  1.0237157e-03  7.0715982e-01],0,6,1785142629646375,1785142629646375,[-0.02534016 -0.02380517  0.13178793],1,[0.01660072 0.01640836 0.00649833]
1785142630777038878,[-0.00070376 -0.00323724 -0.000584  ],[4.3261385e-05 4.2524574e-05 3.4786720e-02],1,[-0.01127101 -0.00147805  0.2253466 ],[0.12072503 0.12091729 0.09265821],[ 7.0705432e-01 -5.1222375e-04  1.0110220e-03  7.0715839e-01],0,6,1785142629654375,1785142629654375,[-0.02527248 -0.02364404  0.132065  ],1,[0.01667421 0.01647999 0.00651103]
1785142630777641021,[ 0.00062781 -0.00270461 -0.0021819 ],[4.3299500e-05 4.2561547e-05 3.4787081e-02],1,[-0.01134973 -0.00140739  0.22594012],[0.12118705 0.12138002 0.09294461],[ 7.0706320e-01 -5.0331780e-04  1.0014127e-03  7.0714951e-01],0,6,1785142629662375,1785142629662375,[-0.02538812 -0.02368097  0.132351  ],1,[0.01674788 0.01655184 0.00652375]
1785142630778001233,[-0.00097009 -0.00137303 -0.00244822],[4.3339114e-05 4.2600546e-05 3.4787431e-02],1,[-0.01143183 -0.00134425  0.22655083],[0.12165177 0.12184542 0.09323196],[ 7.0707345e-01 -4.9895485e-04  9.9413807e-04  7.0713925e-01],0,6,1785142629670375,1785142629670375,[-0.02539994 -0.02374392  0.13270748],1,[0.01682199 0.01662417 0.00653647]
1785142630778466863,[ 0.00462255  0.00155645 -0.000584  ],[4.3420976e-05 4.2679771e-05 3.4788132e-02],1,[-0.01160639 -0.00124106  0.22776426],[0.12258937 0.12278431 0.09310508],[ 7.0709074e-01 -4.9970287e-04  9.9224667e-04  7.0712197e-01],0,6,1785142629686375,1785142629686375,[-0.02570815 -0.0240999   0.13334304],1,[0.01697043 0.01676918 0.00653575]
1785142630791415849,[ 9.517721e-05 -5.740792e-04 -5.840091e-04],[4.3461245e-05 4.2717780e-05 3.4788482e-02],1,[-0.01169956 -0.00120021  0.22839545],[0.12306228 0.12325782 0.09339309],[ 7.0709389e-01 -4.9576897e-04  9.9612609e-04  7.0711881e-01],0,6,1785142629694375,1785142629694375,[-0.02577793 -0.02401086  0.13348806],1,[0.0170451  0.01684177 0.00654847]
1785142630791767897,[-0.0028343  0.0007575 -0.0021819],[4.3501022e-05 4.2755692e-05 3.4788832e-02],1,[-0.01179561 -0.00116499  0.22904238],[0.12353794 0.12373407 0.09368205],[ 7.0710272e-01 -5.0391466e-04  9.8877691e-04  7.0710999e-01],0,6,1785142629702375,1785142629702375,[-0.02584308 -0.02391526  0.13374645],1,[0.01712023 0.01691471 0.0065612 ]
1785142630792080849,[-1.7691596e-03 -4.1651772e-05  1.8113513e-03],[4.3541841e-05 4.2793468e-05 3.4786288e-02],1,[-0.01189421 -0.00113394  0.22970583],[0.12400454 0.12420846 0.09397195],[ 7.0710313e-01 -5.0867832e-04  9.8338909e-04  7.0710957e-01],0,6,1785142629710375,1785142629710375,[-0.0259981  -0.02405043  0.134224  ],1,[0.0171826  0.01698216 0.00657394]
1785142630792572534,[ 9.5054973e-05 -3.0796998e-04 -1.1181241e-03],[4.3622495e-05 4.2872198e-05 3.4786973e-02],1,[-0.01209992 -0.00109186  0.23108229],[0.12496936 0.12517457 0.09455462],[ 7.0711303e-01 -5.1450386e-04  9.6904731e-04  7.0709980e-01],0,6,1785142629726375,1785142629726375,[-0.0259686  -0.02410482  0.13487145],1,[0.01733383 0.01712954 0.00659944]
1785142630792909516,[-0.00203547 -0.00030797  0.00074609],[4.366137e-05 4.291098e-05 3.478733e-02],1,[-0.01220606 -0.00108007  0.23179308],[0.12545599 0.12566179 0.09484737],[ 7.0711344e-01 -5.1856629e-04  9.6235547e-04  7.0709926e-01],0,6,1785142629734375,1785142629734375,[-0.02589483 -0.02420554  0.13521403],1,[0.01740991 0.01720396 0.0066122 ]
1785142630793307583,[-0.00256811  0.00155624 -0.00031918],[4.3702417e-05 4.2950687e-05 3.4787674e-02],1,[-0.01231339 -0.00107562  0.23247838],[0.12594545 0.1261518  0.09441439],[ 7.071172e-01 -5.282990e-04  9.583610e-04  7.070955e-01],0,6,1785142629742375,1785142629742375,[-0.02575403 -0.02452055  0.13542755],1,[0.01748627 0.01727822 0.00659781]
1785142630793680827,[0.00062769 0.00155625 0.00207767],[4.3743134e-05 4.2991145e-05 3.4788016e-02],1,[-0.01242356 -0.00107889  0.23317856],[0.12643774 0.12664464 0.09470682],[ 7.0711488e-01 -5.3351966e-04  9.6121232e-04  7.0709783e-01],0,6,1785142629750375,1785142629750375,[-0.02597771 -0.02473878  0.13566789],1,[0.01756301 0.01735288 0.00661057]
1785142630794031973,[-0.00310074  0.00208887 -0.00165076],[4.382249e-05 4.306848e-05 3.478870e-02],1,[-0.01265488 -0.00110347  0.23462096],[0.12743092 0.12763883 0.09529454],[ 7.071216e-01 -5.523067e-04  9.557818e-04  7.070911e-01],0,6,1785142629766375,1785142629766375,[-0.02625946 -0.02471187  0.13598359],1,[0.01771716 0.01750264 0.0066361 ]
1785142630794381677,[-0.00017126  0.00022467  0.00181135],[4.3862328e-05 4.3106207e-05 3.4789056e-02],1,[-0.01277535 -0.00112327  0.23536192],[0.12793183 0.12814021 0.09558982],[ 7.0712125e-01 -5.5531331e-04  9.5654192e-04  7.0709145e-01],0,6,1785142629774375,1785142629774375,[-0.02635011 -0.02474938  0.13607375],1,[0.01779429 0.01757775 0.00664888]
1785142630794730500,[ 0.00301838 -0.00270803 -0.00218433],[4.1620126e-05 4.0963751e-05 3.4780309e-02],1,[-0.01265714 -0.00104557  0.23510183],[0.10648379 0.1066267  0.08612455],[ 7.0712608e-01 -5.4440479e-04  9.5546705e-04  7.0708662e-01],0,6,1785142629782375,1785142629782375,[-0.02610536 -0.02505135  0.13614504],1,[0.01428082 0.01412962 0.00615476]
1785142630794977149,[ 0.00301838  0.00235197 -0.00058643],[4.1657582e-05 4.0999628e-05 3.4780651e-02],1,[-0.01254524 -0.00097685  0.23488131],[0.10686148 0.10700548 0.08638754],[ 7.0713234e-01 -5.3644652e-04  9.6434221e-04  7.0708036e-01],0,6,1785142629790375,1785142629790375,[-0.02599233 -0.02511198  0.13629937],1,[0.01434595 0.01419308 0.00616717]
1785142630795318679,[ 0.00142048  0.00022145 -0.00218433],[4.1731833e-05 4.1075404e-05 3.4781337e-02],1,[-0.01234256 -0.00086224  0.234498  ],[0.10762364 0.10776974 0.08631113],[ 7.0714658e-01 -5.3111406e-04  9.7771327e-04  7.0706612e-01],0,6,1785142629806375,1785142629806375,[-0.02581221 -0.02505277  0.13622352],1,[0.01447638 0.01432008 0.00617008]
1785142630795496992,[ 8.8900444e-05 -2.9743465e-03 -1.9180204e-03],[4.176890e-05 4.111274e-05 3.478168e-02],1,[-0.01225165 -0.00081428  0.23436111],[0.10800814 0.10815526 0.08657493],[ 7.0715380e-01 -5.2469905e-04  9.7316643e-04  7.0705891e-01],0,6,1785142629814375,1785142629814375,[-0.02579642 -0.0249877   0.13617073],1,[0.01454195 0.01438406 0.0061825 ]
1785142630795834004,[ 0.00088785 -0.0005775  -0.00032012],[4.1806648e-05 4.1150452e-05 3.4782015e-02],1,[-0.01216745 -0.00077273  0.23425888],[0.10839492 0.10854305 0.08683963],[ 7.0715934e-01 -5.1942223e-04  9.6677931e-04  7.0705336e-01],0,6,1785142629822375,1785142629822375,[-0.02568396 -0.02502546  0.1360839 ],1,[0.01460771 0.01444808 0.00619493]
1785142630796131299,[ 1.1541643e-03 -1.6427664e-03 -5.3805416e-05],[4.1845113e-05 4.1190640e-05 3.4782358e-02],1,[-0.01208936 -0.00073937  0.23418957],[0.10878401 0.10893314 0.08710522],[ 7.0716220e-01 -5.1377440e-04  9.6608314e-04  7.0705050e-01],0,6,1785142629830375,1785142629830375,[-0.02559052 -0.02530143  0.13581471],1,[0.01467374 0.01451246 0.00620736]
1785142630796441246,[-0.00044373  0.00181934  0.00021251],[4.1922940e-05 4.1261752e-05 3.4783058e-02],1,[-0.01195302 -0.00069621  0.23413381],[0.10956912 0.10972019 0.08702209],[ 7.0716614e-01 -4.9233477e-04  9.6442550e-04  7.0704657e-01],0,6,1785142629846375,1785142629846375,[-0.02572517 -0.02559995  0.13562939],1,[0.01480672 0.01464221 0.00620974]
1785142630796619689,[ 3.5498349e-04 -4.5178225e-05  4.7646282e-04],[4.196182e-05 4.130129e-05 3.478058e-02],1,[-0.0118945  -0.00068288  0.23414902],[0.10995856 0.11011474 0.08728847],[ 7.0716763e-01 -4.9876323e-04  9.6534495e-04  7.0704508e-01],0,6,1785142629854375,1785142629854375,[-0.02584826 -0.0255937   0.13573661],1,[0.01486385 0.01470284 0.00622218]
1785142630796915311,[-0.00044397  0.0012864   0.00047646],[4.2000553e-05 4.1340463e-05 3.4780923e-02],1,[-0.0118423  -0.0006764   0.23419657],[0.11035684 0.11051401 0.08755575],[ 7.0716918e-01 -4.9841875e-04  9.6478820e-04  7.0704353e-01],0,6,1785142629862375,1785142629862375,[-0.02575963 -0.02576271  0.13596676],1,[0.01493069 0.01476808 0.00623463]
1785142630797146904,[ 3.0181454e-03 -4.5178691e-05 -3.2248755e-04],[4.2039017e-05 4.1380768e-05 3.4781266e-02],1,[-0.01179585 -0.00067699  0.23427552],[0.11075749 0.11091564 0.08782393],[ 7.0717210e-01 -4.9732946e-04  9.7254588e-04  7.0704061e-01],0,6,1785142629870375,1785142629870375,[-0.0257708  -0.0259027   0.13608952],1,[0.0149978  0.0148334  0.00624709]
1785142630797443578,[ 0.00275183 -0.00164307  0.00074278],[4.2116219e-05 4.1458312e-05 3.4781959e-02],1,[-0.0117225  -0.00069686  0.23451877],[0.1115659  0.11172597 0.08836298],[ 7.0717740e-01 -4.9366517e-04  9.6629921e-04  7.0703530e-01],0,6,1785142629886375,1785142629886375,[-0.02596622 -0.02595702  0.13586803],1,[0.015133   0.01496479 0.00627202]
1785142630797742586,[ 0.00115394 -0.00137676 -0.0003225 ],[4.2155647e-05 4.1498279e-05 3.4782305e-02],1,[-0.0116956  -0.00071577  0.23468125],[0.1119737  0.1121347  0.08863386],[ 7.0717859e-01 -4.8317714e-04  9.6773310e-04  7.0703411e-01],0,6,1785142629894375,1785142629894375,[-0.02604632 -0.02609062  0.1357919 ],1,[0.0152011  0.01503077 0.0062845 ]
1785142630798045300,[-0.00071028 -0.00190939 -0.00165407],[4.2195254e-05 4.1536437e-05 3.4782652e-02],1,[-0.01167427 -0.00074086  0.23486905],[0.11238392 0.11254583 0.08890564],[ 7.0718658e-01 -4.8174395e-04  9.5713412e-04  7.0702624e-01],0,6,1785142629902375,1785142629902375,[-0.02598526 -0.02614005  0.13557856],1,[0.0152694  0.01509747 0.00629699]
1785142630798251451,[ 1.4202446e-03 -3.2409718e-03 -5.6171964e-05],[4.2234413e-05 4.1574465e-05 3.4783002e-02],1,[-0.01165777 -0.00077081  0.23503953],[0.11279655 0.11295936 0.08853956],[ 7.0719033e-01 -4.7127044e-04  9.5032429e-04  7.0702249e-01],0,6,1785142629910375,1785142629910375,[-0.02593669 -0.0260752   0.13562669],1,[0.01533799 0.0151644  0.00628607]
1785142630798582944,[-0.00071033 -0.00164258 -0.00138387],[4.2313266e-05 4.1654428e-05 3.4780856e-02],1,[-0.0116386  -0.00085312  0.23546259],[0.11362132 0.11379075 0.08908373],[ 7.0719671e-01 -4.6804023e-04  9.4241591e-04  7.0701611e-01],0,6,1785142629926375,1785142629926375,[-0.0259675  -0.02621331  0.13594882],1,[0.01546554 0.01529406 0.00631104]
1785142630798851350,[0.00062125 0.00022164 0.00021402],[4.2351257e-05 4.1690553e-05 3.4781199e-02],1,[-0.01163763 -0.00090145  0.23571408],[0.11404116 0.11421151 0.08935718],[ 7.0719975e-01 -4.6925739e-04  9.3905296e-04  7.0701307e-01],0,6,1785142629934375,1785142629934375,[-0.02604583 -0.02605782  0.13619787],1,[0.01553474 0.01536112 0.00632354]
1785142630799267336,[0.00275178 0.00022164 0.00207823],[4.2390493e-05 4.1725198e-05 3.4781542e-02],1,[-0.01164203 -0.00095446  0.23599227],[0.11446349 0.11463474 0.08963155],[ 7.0719486e-01 -4.6067365e-04  9.4700797e-04  7.0701796e-01],0,6,1785142629942375,1785142629942375,[-0.02612356 -0.02619665  0.13654459],1,[0.01560407 0.01542853 0.00633605]
1785142630799621047,[0.00035493 0.00048795 0.0015456 ],[4.2430551e-05 4.1760664e-05 3.4781899e-02],1,[-0.01165096 -0.00101271  0.23629746],[0.11488831 0.11506043 0.08990683],[ 7.0719290e-01 -4.6262547e-04  9.4898709e-04  7.0701993e-01],0,6,1785142629950375,1785142629950375,[-0.02597439 -0.02623767  0.13694955],1,[0.0156739  0.01549644 0.00634856]
1785142630799992959,[ 0.00275178 -0.00057731  0.00074666],[4.2507891e-05 4.1834461e-05 3.4782585e-02],1,[-0.01168233 -0.00114402  0.23696332],[0.11574546 0.11591925 0.08980292],[ 7.0718938e-01 -4.5819976e-04  9.4329892e-04  7.0702344e-01],0,6,1785142629966375,1785142629966375,[-0.02609004 -0.02638356  0.1373137 ],1,[0.01581398 0.01563291 0.00634943]
1785142630800249174,[-0.00071033 -0.00137626  0.00048033],[4.2546133e-05 4.1872310e-05 3.4782927e-02],1,[-0.01170547 -0.00121685  0.23732288],[0.11617781 0.11635242 0.09007893],[ 7.0718867e-01 -4.5219887e-04  9.4052538e-04  7.0702416e-01],0,6,1785142629974375,1785142629974375,[-0.02615001 -0.02642039  0.13754524],1,[0.01588453 0.01570149 0.00636195]
1785142630800573835,[-0.00230823  0.0028848   0.00394244],[4.2584863e-05 4.1909225e-05 3.4783270e-02],1,[-0.01173413 -0.00129406  0.23770617],[0.11661271 0.1167881  0.09035585],[ 7.0718181e-01 -4.6538212e-04  9.3742739e-04  7.0703101e-01],0,6,1785142629982375,1785142629982375,[-0.02638798 -0.02642152  0.13775828],1,[0.01595559 0.01577049 0.00637448]
1785142630800834558,[ 0.00115365  0.000754   -0.00032059],[4.2622432e-05 4.1943877e-05 3.4780819e-02],1,[-0.01176641 -0.00137306  0.23811252],[0.11704109 0.11722289 0.09063369],[ 7.0717907e-01 -4.7177449e-04  9.4265677e-04  7.0703375e-01],0,6,1785142629990375,1785142629990375,[-0.02649133 -0.02640003  0.1379812 ],1,[0.01601583 0.01583476 0.00638701]
1785142630801323559,[ 0.00168628  0.00022137 -0.00058691],[4.2701391e-05 4.2019965e-05 3.4781504e-02],1,[-0.01184771 -0.0015435   0.23899367],[0.1179234  0.11810685 0.09119214],[ 7.0718956e-01 -4.5402462e-04  9.2875026e-04  7.0702326e-01],0,6,1785142630006375,1785142630006375,[-0.0267105  -0.02642978  0.13845183],1,[0.01615833 0.01597398 0.0064121 ]
1785142630801641209,[-0.00177583 -0.00084389 -0.0003206 ],[4.2740670e-05 4.2057876e-05 3.4781847e-02],1,[-0.01189422 -0.00163421  0.23946631],[0.11836844 0.11855268 0.09147275],[ 7.0718920e-01 -4.5698069e-04  9.2544354e-04  7.0702362e-01],0,6,1785142630014375,1785142630014375,[-0.02661983 -0.02627728  0.13859819],1,[0.01622989 0.01604351 0.00642465]
1785142630802371239,[-0.00017794  0.0023519   0.00047835],[4.2858723e-05 4.2170690e-05 3.4782875e-02],1,[-0.01205651 -0.00192362  0.24092472],[0.11971924 0.11990573 0.09163782],[ 7.0719868e-01 -4.5935495e-04  9.3722972e-04  7.0701414e-01],0,6,1785142630038375,1785142630038375,[-0.02661048 -0.02633399  0.13907923],1,[0.01644672 0.01625495 0.00643723]
1785142630802705216,[ 0.00088733 -0.00137652  0.00180993],[4.2897464e-05 4.2206815e-05 3.4783226e-02],1,[-0.01211827 -0.00202993  0.24143915],[0.12017479 0.12036198 0.09192004],[ 7.0719427e-01 -4.5432750e-04  9.3672279e-04  7.0701855e-01],0,6,1785142630046375,1785142630046375,[-0.02668725 -0.02666372  0.13937595],1,[0.0165196  0.01632598 0.00644979]
1785142630803061732,[-0.00177587  0.0002206   0.00073885],[4.2974501e-05 4.2283085e-05 3.4781121e-02],1,[-0.01225614 -0.00224902  0.24253139],[0.12108325 0.12127834 0.09248728],[ 7.0719236e-01 -4.6193090e-04  9.3017210e-04  7.0702046e-01],0,6,1785142630062375,1785142630062375,[-0.02698372 -0.02663096  0.14019172],1,[0.01665422 0.01646297 0.00647495]
1785142630803501759,[ 0.00248519 -0.00217624  0.00100517],[4.3013653e-05 4.2320848e-05 3.4781463e-02],1,[-0.01233147 -0.00236133  0.24310791],[0.12154664 0.12174246 0.09277229],[ 7.0719165e-01 -4.5270668e-04  9.3015208e-04  7.0702118e-01],0,6,1785142630070375,1785142630070375,[-0.02711793 -0.02691528  0.14034303],1,[0.01672753 0.01653419 0.00648754]
1785142630803814961,[ 0.00168624  0.00048692 -0.00085905],[4.3092296e-05 4.2398930e-05 3.4782149e-02],1,[-0.01249798 -0.00260261  0.2443055 ],[0.12248154 0.12267875 0.09264551],[ 7.071949e-01 -4.440005e-04  9.460382e-04  7.070179e-01],0,6,1785142630086375,1785142630086375,[-0.02761635 -0.02737412  0.14081827],1,[0.01687487 0.01667803 0.00648683]
1785142630804143599,[8.8347238e-05 1.2858650e-03 1.0051604e-03],[4.3131859e-05 4.2434564e-05 3.4782492e-02],1,[-0.01258798 -0.00273066  0.24492763],[0.12295306 0.12315094 0.09293118],[ 7.071952e-01 -4.456444e-04  9.517773e-04  7.070176e-01],0,6,1785142630094375,1785142630094375,[-0.02759651 -0.02763099  0.14113232],1,[0.01694887 0.01675013 0.00649942]
1785142630804452825,[-0.00044428  0.00128586 -0.00112536],[4.3211025e-05 4.2512325e-05 3.4783177e-02],1,[-0.0127778  -0.00300381  0.2462254 ],[0.12390435 0.12410348 0.09350534],[ 7.0719641e-01 -4.6017865e-04  9.4754290e-04  7.0701641e-01],0,6,1785142630110375,1785142630110375,[-0.02765477 -0.02815135  0.14166616],1,[0.01709772 0.01689486 0.00652463]
1785142630804754467,[0.00035466 0.00155218 0.00153779],[4.3250500e-05 4.2549706e-05 3.4783520e-02],1,[-0.01287772 -0.00314661  0.24690017],[0.12438414 0.12458386 0.09379382],[ 7.0719546e-01 -4.6289619e-04  9.5526833e-04  7.0701736e-01],0,6,1785142630118375,1785142630118375,[-0.0277246  -0.02819063  0.1417847 ],1,[0.01717262 0.01696779 0.00653725]
1785142630805119447,[-0.00284171 -0.00191035 -0.00272628],[4.3330132e-05 4.2628224e-05 3.4781389e-02],1,[-0.01308256 -0.00343866  0.24829763],[0.12533973 0.12554815 0.09437362],[ 7.0721376e-01 -4.6680417e-04  9.4368187e-04  7.0699906e-01],0,6,1785142630134375,1785142630134375,[-0.02767506 -0.02852772  0.14221422],1,[0.0173105  0.01710892 0.0065625 ]
1785142630805429824,[ 0.00088672 -0.00031245  0.00046952],[4.3370797e-05 4.2666874e-05 3.4781739e-02],1,[-0.01318575 -0.00359059  0.24902046],[0.12582771 0.12603676 0.09466494],[ 7.0721662e-01 -4.6420385e-04  9.4094715e-04  7.0699620e-01],0,6,1785142630142375,1785142630142375,[-0.02763228 -0.0288868   0.142506  ],1,[0.01738607 0.01718265 0.00657513]
1785142630805736094,[ 0.00062041 -0.00137772 -0.00192733],[4.3448268e-05 4.2743195e-05 3.4782425e-02],1,[-0.01340305 -0.00390765  0.25043836],[0.12681215 0.12702239 0.09452428],[ 7.0722085e-01 -4.4727774e-04  9.3894993e-04  7.0699197e-01],0,6,1785142630158375,1785142630158375,[-0.02769751 -0.02914246  0.14315979],1,[0.01753801 0.01733087 0.00657353]
1785142630806044178,[ 0.00035409 -0.00217667  0.00286636],[4.3488155e-05 4.2782762e-05 3.4782760e-02],1,[-0.01351486 -0.00407148  0.25117183],[0.12730864 0.12751943 0.09481621],[ 7.0721728e-01 -4.4349214e-04  9.3818305e-04  7.0699555e-01],0,6,1785142630166375,1785142630166375,[-0.02757051 -0.02923092  0.14336191],1,[0.01761442 0.01740513 0.00658617]
1785142630806388202,[-0.0004515   0.00021344 -0.00139192],[4.1340772e-05 4.0736879e-05 3.4777295e-02],1,[-0.01324099 -0.00390178  0.2506565 ],[0.10648103 0.10662179 0.0857662 ],[ 7.0722425e-01 -4.3153975e-04  9.2257228e-04  7.0698857e-01],0,6,1785142630182375,1785142630182375,[-0.02744391 -0.02922477  0.14364983],1,[0.01423668 0.01408362 0.00611443]
1785142630806756448,[ 0.0011464  -0.00298236 -0.00298981],[4.137962e-05 4.077357e-05 3.477763e-02],1,[-0.01311798 -0.00382936  0.25046095],[0.10685852 0.10700032 0.08602732],[ 7.0723450e-01 -4.2450184e-04  9.1638789e-04  7.0697832e-01],0,6,1785142630190375,1785142630190375,[-0.02759681 -0.02922768  0.14377426],1,[0.01430122 0.01414638 0.00612673]
1785142630807119765,[-0.00125111 -0.00378086 -0.00058922],[4.1454736e-05 4.0846702e-05 3.4775551e-02],1,[-0.01289463 -0.00371116  0.2501837 ],[0.10761436 0.10776196 0.08595037],[ 7.0725006e-01 -4.0473169e-04  8.9767808e-04  7.0696276e-01],0,6,1785142630206375,1785142630206375,[-0.02763018 -0.02935704  0.14354953],1,[0.0144217  0.01426868 0.00612958]
1785142630807491626,[-0.00071848 -0.00138401 -0.00058922],[4.1492691e-05 4.0885756e-05 3.4775902e-02],1,[-0.01279344 -0.00366702  0.25009954],[0.10799851 0.10814716 0.08621231],[ 7.0725369e-01 -4.0104237e-04  8.8816450e-04  7.0695925e-01],0,6,1785142630214375,1785142630214375,[-0.02782016 -0.02941018  0.14357339],1,[0.01448668 0.01433209 0.00614188]
1785142630807794501,[ 3.4678576e-04  2.8770445e-03 -5.6587858e-05],[4.1568310e-05 4.0955103e-05 3.4776587e-02],1,[-0.01261796 -0.00360302  0.25003958],[0.10877366 0.10892437 0.08673882],[ 7.0725811e-01 -4.0868716e-04  8.8425726e-04  7.0695484e-01],0,6,1785142630230375,1785142630230375,[-0.02779458 -0.02954713  0.14395884],1,[0.01461795 0.01446035 0.00616651]
1785142630808106090,[-0.00231638 -0.00058507 -0.00271975],[4.1606680e-05 4.0990333e-05 3.4776937e-02],1,[-0.01253973 -0.00358276  0.25006363],[0.10916469 0.1093164  0.08700339],[ 7.0726639e-01 -4.1626758e-04  8.8006444e-04  7.0694649e-01],0,6,1785142630238375,1785142630238375,[-0.02755482 -0.02961781  0.14438215],1,[0.01468381 0.01452472 0.00617884]
1785142630808487688,[ 1.4120560e-03 -2.7155941e-03 -5.6589546e-05],[4.1683510e-05 4.1065632e-05 3.4777623e-02],1,[-0.01239707 -0.00356243  0.25021678],[0.10995372 0.11010738 0.08753522],[ 7.0726711e-01 -4.0764935e-04  8.7586738e-04  7.0694578e-01],0,6,1785142630254375,1785142630254375,[-0.02693382 -0.02940653  0.14486465],1,[0.01481642 0.01465361 0.00620351]
1785142630808806830,[-0.00178374  0.00234441 -0.0035187 ],[4.1722178e-05 4.1103889e-05 3.4777965e-02],1,[-0.01233434 -0.00356075  0.25034136],[0.11035173 0.11050634 0.08780246],[ 7.0727831e-01 -4.1557953e-04  8.7510276e-04  7.0693457e-01],0,6,1785142630262375,1785142630262375,[-0.02695503 -0.02927767  0.14485689],1,[0.01488299 0.01471844 0.00621586]
1785142630809123228,[ 0.00141171 -0.00085149 -0.00245422],[4.1799089e-05 4.1177467e-05 3.4775898e-02],1,[-0.01222426 -0.00357083  0.25060803],[0.11114783 0.11130872 0.08771468],[ 7.072900e-01 -4.148275e-04  8.803892e-04  7.069229e-01],0,6,1785142630278375,1785142630278375,[-0.0267466  -0.02883518  0.14507432],1,[0.01500728 0.0148446  0.00621792]
1785142630809447569,[ 0.00034644 -0.00218307 -0.00059001],[4.1837018e-05 4.1216699e-05 3.4776248e-02],1,[-0.01217672 -0.0035832   0.25078666],[0.11155282 0.11171468 0.08798271],[ 7.0729584e-01 -4.1029890e-04  8.7551313e-04  7.0691705e-01],0,6,1785142630286375,1785142630286375,[-0.02666158 -0.02881186  0.14508194],1,[0.01507466 0.01490994 0.00623027]
1785142630809768203,[ 0.00114539 -0.00085149  0.00047525],[4.1912881e-05 4.1289390e-05 3.4776933e-02],1,[-0.01209728 -0.00362448  0.25122848],[0.11236998 0.11253373 0.08852144],[ 7.072965e-01 -4.012031e-04  8.763391e-04  7.069164e-01],0,6,1785142630302375,1785142630302375,[-0.0264077  -0.02867738  0.14517073],1,[0.01520995 0.01504173 0.006255  ]
1785142630810272520,[-0.0020504  -0.00138412  0.00340473],[4.1950501e-05 4.1325660e-05 3.4777276e-02],1,[-0.01206515 -0.00365319  0.2514909 ],[0.11278219 0.11294684 0.08879215],[ 7.0728976e-01 -4.0379443e-04  8.6886040e-04  7.0692313e-01],0,6,1785142630310375,1785142630310375,[-0.02634325 -0.02869581  0.1451848 ],1,[0.01527795 0.01510764 0.00626737]
1785142630810651494,[0.00380855 0.00074641 0.00233947],[4.2025582e-05 4.1399817e-05 3.4777984e-02],1,[-0.01202148 -0.00372808  0.25204766],[0.11361389 0.1137803  0.08869526],[ 7.0729089e-01 -3.9955592e-04  8.7311980e-04  7.0692199e-01],0,6,1785142630326375,1785142630326375,[-0.02694127 -0.02882528  0.14595589],1,[0.01541479 0.01524045 0.00626876]
1785142630811053026,[-0.00178409  0.00154535  0.0012742 ],[4.2064046e-05 4.1437401e-05 3.4778334e-02],1,[-0.01201127 -0.00377407  0.25234473],[0.11403342 0.11420069 0.08896671],[ 7.0728856e-01 -4.0326273e-04  8.7582710e-04  7.0692432e-01],0,6,1785142630334375,1785142630334375,[-0.02693977 -0.0288667   0.1463052 ],1,[0.01548332 0.01530738 0.00628114]
1785142630811415502,[-0.00071943 -0.00111801 -0.00431992],[4.2139811e-05 4.1509684e-05 3.4776282e-02],1,[-0.01200139 -0.00387882  0.25302324],[0.11487156 0.1150457  0.08951235],[ 7.0731038e-01 -4.0654241e-04  8.6671574e-04  7.0690250e-01],0,6,1785142630350375,1785142630350375,[-0.02705687 -0.02864481  0.1470222 ],1,[0.01561111 0.01543775 0.00630592]
1785142630811774041,[-0.00125207 -0.00218328 -0.00059149],[4.2177278e-05 4.1547744e-05 3.4776624e-02],1,[-0.01200205 -0.00393657  0.2534029 ],[0.11529838 0.1154734  0.08978652],[ 7.0731586e-01 -4.0571718e-04  8.5528113e-04  7.0689702e-01],0,6,1785142630358375,1785142630358375,[-0.02688397 -0.0285862   0.14723167],1,[0.01568077 0.01550551 0.00631832]
1785142630812415330,[-0.0001868  -0.00165064  0.00047378],[4.2253807e-05 4.1624557e-05 3.4777317e-02],1,[-0.01201807 -0.00406528  0.25423822],[0.11615953 0.11633626 0.09033759],[ 7.073120e-01 -3.991262e-04  8.389957e-04  7.069009e-01],0,6,1785142630374375,1785142630374375,[-0.02702415 -0.02847289  0.14769684],1,[0.01582038 0.01564211 0.00634314]
1785142630812879338,[-0.00125206 -0.00138433  0.00020746],[4.2292952e-05 4.1662232e-05 3.4777667e-02],1,[-0.01203377 -0.00413661  0.25469184],[0.1165939  0.11677145 0.09061449],[ 7.0731235e-01 -3.9563299e-04  8.3263248e-04  7.0690054e-01],0,6,1785142630382375,1785142630382375,[-0.02686833 -0.02861963  0.14781822],1,[0.01589046 0.0157101  0.00635557]
1785142630813290416,[0.00221004 0.00127883 0.00127273],[4.2370790e-05 4.1739222e-05 3.4778368e-02],1,[-0.0120768  -0.00429572  0.25561726],[0.11747027 0.11764941 0.09050555],[ 7.0731634e-01 -4.0180422e-04  8.4079336e-04  7.0689654e-01],0,6,1785142630398375,1785142630398375,[-0.02691771 -0.02870161  0.14785199],1,[0.01603109 0.01584622 0.00635612]
1785142630813628090,[-0.0017847   0.00287673  0.00074009],[4.2408938e-05 4.1775256e-05 3.4778718e-02],1,[-0.01210659 -0.0043811   0.25611305],[0.11791231 0.11809219 0.09078316],[ 7.0731580e-01 -4.1071427e-04  8.4477320e-04  7.0689708e-01],0,6,1785142630406375,1785142630406375,[-0.02694665 -0.02857518  0.14803675],1,[0.01610191 0.01591494 0.00636854]
1785142630814000402,[-0.0001867  -0.00058558 -0.00245725],[4.2487532e-05 4.1851239e-05 3.4776669e-02],1,[-0.01218357 -0.00456005  0.25717098],[0.11879438 0.11898179 0.09134113],[ 7.073130e-01 -4.123191e-04  8.487530e-04  7.068999e-01],0,6,1785142630422375,1785142630422375,[-0.02726636 -0.02825761  0.14841634],1,[0.01623324 0.01604867 0.00639342]
1785142630814434229,[ 6.1224104e-04  1.2786376e-03 -6.0398248e-05],[4.2526281e-05 4.1887281e-05 3.4777008e-02],1,[-0.01222987 -0.00465393  0.25773332],[0.11924404 0.11943224 0.09162149],[ 7.0731759e-01 -4.1443555e-04  8.5138774e-04  7.0689529e-01],0,6,1785142630430375,1785142630430375,[-0.02722694 -0.02841474  0.14889382],1,[0.01630476 0.01611833 0.00640587]
1785142630814879335,[-0.0017846  -0.00031926  0.00020592],[4.2603606e-05 4.1961561e-05 3.4777712e-02],1,[-0.01233624 -0.00485912  0.2588508 ],[0.12015123 0.12034094 0.09150258],[ 7.073205e-01 -4.216589e-04  8.485399e-04  7.068924e-01],0,6,1785142630446375,1785142630446375,[-0.02748048 -0.02872318  0.14924046],1,[0.01644898 0.01625854 0.00640572]
1785142630815304948,[-0.00125197  0.00314285  0.00286908],[4.2642379e-05 4.1997911e-05 3.4778062e-02],1,[-0.01239818 -0.00496813  0.25940305],[0.12060879 0.12079922 0.09178362],[ 7.0731586e-01 -4.3203344e-04  8.5059425e-04  7.0689702e-01],0,6,1785142630454375,1785142630454375,[-0.02780068 -0.02874527  0.14918122],1,[0.01652132 0.01632886 0.00641817]
1785142630815610768,[-0.00151828 -0.00165084 -0.00059303],[4.2720076e-05 4.2075662e-05 3.4778759e-02],1,[-0.01254031 -0.00519666  0.26056898],[0.12153192 0.12172372 0.09234846],[ 7.0731097e-01 -4.3695778e-04  8.4054604e-04  7.0690191e-01],0,6,1785142630470375,1785142630470375,[-0.02816713 -0.0286808   0.14960743],1,[0.01666692 0.01647077 0.0064431 ]
1785142630815908704,[ 0.00221014  0.00154495 -0.00192461],[4.2759322e-05 4.2110933e-05 3.4779113e-02],1,[-0.01261806 -0.00531571  0.26118246],[0.12199751 0.12218996 0.09263227],[ 7.0731980e-01 -4.3640964e-04  8.4614032e-04  7.0689309e-01],0,6,1785142630478375,1785142630478375,[-0.02809926 -0.02851735  0.14972852],1,[0.01673974 0.01654226 0.00645558]
1785142630816293578,[ 0.00087828 -0.00191709  0.0002065 ],[4.2837757e-05 4.2187970e-05 3.4777060e-02],1,[-0.01278366 -0.00556154  0.26243556],[0.12292544 0.12312616 0.09250518],[ 7.0732403e-01 -4.3151976e-04  8.4770424e-04  7.0688885e-01],0,6,1785142630494375,1785142630494375,[-0.02856731 -0.02851746  0.15013614],1,[0.0168744  0.01667955 0.00645486]
1785142630816842069,[ 0.00034565 -0.00191709 -0.0029893 ],[4.2876745e-05 4.2225984e-05 3.4777418e-02],1,[-0.01287453 -0.00569049  0.263076  ],[0.12339899 0.1236004  0.09278964],[ 7.0733172e-01 -4.2342860e-04  8.4290997e-04  7.0688117e-01],0,6,1785142630502375,1785142630502375,[-0.02893034 -0.02852601  0.15026414],1,[0.01694801 0.01675149 0.00646734]
1785142630817253979,[ 7.9329009e-05 -5.2875257e-05 -3.2613959e-04],[4.2954223e-05 4.2303884e-05 3.4778107e-02],1,[-0.01307384 -0.00596208  0.2644149 ],[0.12435433 0.12455704 0.09336134],[ 7.0733750e-01 -4.2567367e-04  8.4440433e-04  7.0687538e-01],0,6,1785142630518375,1785142630518375,[-0.02914018 -0.02872532  0.15069965],1,[0.01709626 0.01689568 0.00649231]
1785142630817594427,[ 7.9325633e-05 -2.4497192e-03 -5.9245678e-04],[4.2992877e-05 4.2342923e-05 3.4778446e-02],1,[-0.01317767 -0.00610211  0.26511145],[0.12483615 0.12503947 0.09364859],[ 7.0734125e-01 -4.1944915e-04  8.3938247e-04  7.0687163e-01],0,6,1785142630526375,1785142630526375,[-0.02899179 -0.02868582  0.15080538],1,[0.01717089 0.0169685  0.00650481]
1785142630817935677,[-0.00125225  0.00207765 -0.00165772],[4.3071374e-05 4.2420754e-05 3.4779131e-02],1,[-0.01339392 -0.00639155  0.2665549 ],[0.12580813 0.12601264 0.09422591],[ 7.0734495e-01 -4.2317680e-04  8.3889777e-04  7.0686793e-01],0,6,1785142630542375,1785142630542375,[-0.02886744 -0.02864415  0.150913  ],1,[0.01732122 0.01711424 0.00652984]
1785142630818479140,[-4.5330462e-04 -5.2875257e-05 -5.9245201e-04],[4.3111082e-05 4.2456759e-05 3.4779482e-02],1,[-0.01350571 -0.00653986  0.26730075],[0.12629835 0.1265034  0.09451597],[ 7.0734745e-01 -4.3012100e-04  8.3890994e-04  7.0686543e-01],0,6,1785142630550375,1785142630550375,[-0.02876622 -0.02861473  0.1510199 ],1,[0.01739678 0.0171881  0.00654236]
1785142630818833252,[-0.00231845 -0.00191733 -0.00059406],[4.3190696e-05 4.2533258e-05 3.4777425e-02],1,[-0.01372895 -0.00684719  0.26876512],[0.1272741  0.12748827 0.09437507],[ 7.0734370e-01 -4.2779767e-04  8.3190086e-04  7.0686918e-01],0,6,1785142630566375,1785142630566375,[-0.02880877 -0.02911708  0.15117286],1,[0.01753548 0.01733015 0.00654075]
1785142630819295757,[-0.00125968 -0.00219096 -0.0051183 ],[4.1048483e-05 4.0493545e-05 3.4772061e-02],1,[-0.01361577 -0.00669672  0.2684383 ],[0.10609638 0.10623758 0.085155  ],[ 7.0735568e-01 -4.2797052e-04  8.2147610e-04  7.0685720e-01],0,6,1785142630574375,1785142630574375,[-0.02864919 -0.02918861  0.1511461 ],1,[0.01411788 0.01396909 0.00606352]
1785142630819647134,[-4.6074402e-04 -6.0422928e-05  1.5396015e-03],[4.1123647e-05 4.0565417e-05 3.4772746e-02],1,[-0.0134162  -0.0064299   0.26791543],[0.10684843 0.10699176 0.08567274],[ 7.073685e-01 -4.253645e-04  8.046577e-04  7.068444e-01],0,6,1785142630590375,1785142630590375,[-0.02878181 -0.02941551  0.15111959],1,[0.01424556 0.01409338 0.00608789]
1785142630819984367,[ 6.0452730e-04 -6.0424325e-05  1.8059163e-03],[4.1161118e-05 4.0603911e-05 3.4773089e-02],1,[-0.01332887 -0.00631175  0.2677167 ],[0.1072278  0.10737218 0.08593291],[ 7.0736355e-01 -4.2366551e-04  8.0459099e-04  7.0684934e-01],0,6,1785142630598375,1785142630598375,[-0.02880484 -0.02932815  0.15113126],1,[0.01431003 0.01415646 0.00610008]
1785142630820336716,[-0.00259127  0.0020701  -0.00352041],[4.1236679e-05 4.0679301e-05 3.4773782e-02],1,[-0.01317523 -0.00610118  0.26734802],[0.10799332 0.10813973 0.08585719],[ 7.0737684e-01 -4.3799143e-04  8.0040086e-04  7.0683604e-01],0,6,1785142630614375,1785142630614375,[-0.02854275 -0.0290552   0.15098502],1,[0.01443954 0.01428337 0.00610301]
1785142630820741283,[-0.00072706 -0.00219095 -0.00192251],[4.1273906e-05 4.0717649e-05 3.4774132e-02],1,[-0.01310801 -0.00600878  0.2672234 ],[0.10837948 0.10852689 0.08611818],[ 7.073872e-01 -4.385679e-04  7.913772e-04  7.068257e-01],0,6,1785142630622375,1785142630622375,[-0.0282563  -0.02915106  0.15116636],1,[0.01450455 0.01434682 0.00611521]
1785142630821149436,[ 0.00113808 -0.00192439  0.0007424 ],[4.1349329e-05 4.0787774e-05 3.4772154e-02],1,[-0.01299282 -0.00585443  0.26708955],[0.10915228 0.10930571 0.08664279],[ 7.0739287e-01 -4.2350448e-04  7.7303580e-04  7.0682001e-01],0,6,1785142630638375,1785142630638375,[-0.02755083 -0.02939736  0.15127471],1,[0.01462613 0.01447007 0.00613963]
1785142630821648454,[0.00113808 0.00313561 0.00180766],[4.1386706e-05 4.0824172e-05 3.4772504e-02],1,[-0.01294526 -0.00579209  0.26707906],[0.10954522 0.10969966 0.08690641],[ 7.0739126e-01 -4.2556153e-04  7.8067178e-04  7.0682162e-01],0,6,1785142630646375,1785142630646375,[-0.02722305 -0.02944873  0.15139739],1,[0.01469174 0.01453446 0.00615185]
1785142630821987269,[ 0.00220334 -0.00432124 -0.0008555 ],[4.1461790e-05 4.0896488e-05 3.4773190e-02],1,[-0.01286645 -0.00569095  0.2671281 ],[0.11033805 0.11049449 0.08682214],[ 7.0739138e-01 -4.0859339e-04  7.7415636e-04  7.0682162e-01],0,6,1785142630662375,1785142630662375,[-0.0270111  -0.02942464  0.15143205],1,[0.0148239  0.01466403 0.00615414]
1785142630822345007,[-0.0001935   0.00047245  0.00100871],[4.1499541e-05 4.0933122e-05 3.4773532e-02],1,[-0.01283426 -0.00565228  0.2671871 ],[0.11073799 0.11089539 0.08708654],[ 7.0738971e-01 -4.0500273e-04  7.6942658e-04  7.0682329e-01],0,6,1785142630670375,1785142630670375,[-0.026806  -0.0294713  0.1514299],1,[0.01489033 0.01472857 0.00616636]
1785142630822775699,[7.2814524e-05 1.8040340e-03 1.2750324e-03],[4.1574669e-05 4.1006639e-05 3.4774225e-02],1,[-0.01278542 -0.00559759  0.26740375],[0.11154495 0.11170422 0.08761799],[ 7.0739418e-01 -4.1251068e-04  7.7245286e-04  7.0681882e-01],0,6,1785142630686375,1785142630686375,[-0.02652534 -0.02944844  0.15143055],1,[0.0150241  0.01485855 0.00619084]
1785142630823212511,[-2.0577093e-03 -6.0180901e-05 -1.1218144e-03],[4.1612690e-05 4.1043641e-05 3.4774575e-02],1,[-0.01276749 -0.00558046  0.26756015],[0.111952   0.11211217 0.08788504],[ 7.0739615e-01 -4.1871323e-04  7.6928450e-04  7.0681673e-01],0,6,1785142630694375,1785142630694375,[-0.02640585 -0.02941708  0.15152867],1,[0.01509135 0.01492384 0.00620309]
1785142630823541710,[-0.000194   -0.00112568 -0.00112361],[4.1688589e-05 4.1117724e-05 3.4772586e-02],1,[-0.01274088 -0.00556276  0.2679661 ],[0.11276571 0.11293245 0.08842182],[ 7.0740849e-01 -4.1832600e-04  7.4867107e-04  7.0680451e-01],0,6,1785142630710375,1785142630710375,[-0.02596696 -0.0292737   0.15169418],1,[0.01521657 0.01505069 0.0062276 ]
1785142630823879053,[ 7.231615e-05  2.070109e-03 -5.835542e-05],[4.1726173e-05 4.1156101e-05 3.4772936e-02],1,[-0.01273037 -0.00556173  0.26821342],[0.11317985 0.11334752 0.08869155],[ 7.0741040e-01 -4.1887496e-04  7.5119099e-04  7.0680261e-01],0,6,1785142630718375,1785142630718375,[-0.0256729  -0.02902362  0.15175134],1,[0.01528462 0.01511689 0.00623987]
1785142630824224580,[ 3.0017970e-03 -6.0418504e-05 -2.9878304e-03],[4.1801533e-05 4.1232739e-05 3.4773629e-02],1,[-0.01272266 -0.00557209  0.26874816],[0.11401544 0.11418492 0.08859605],[ 7.0742017e-01 -4.0868003e-04  7.5475150e-04  7.0679283e-01],0,6,1785142630734375,1785142630734375,[-0.02568355 -0.02854689  0.15220769],1,[0.01542102 0.01524996 0.00624135]
1785142630824592224,[ 0.00033863 -0.00112568 -0.0008573 ],[4.1839412e-05 4.1270745e-05 3.4773972e-02],1,[-0.01272616 -0.00558429  0.26905927],[0.11443692 0.11460727 0.08886653],[ 7.0742565e-01 -4.0395933e-04  7.5434503e-04  7.0678723e-01],0,6,1785142630742375,1785142630742375,[-0.02557779 -0.02847816  0.15230969],1,[0.01548962 0.01531674 0.00625363]
1785142630824939714,[ 0.00167021  0.00180379 -0.0024552 ],[4.1915577e-05 4.1344225e-05 3.4774650e-02],1,[-0.01274499 -0.00562622  0.26976457],[0.11528729 0.11545934 0.08941018],[ 7.0743513e-01 -4.0166324e-04  7.6465792e-04  7.0677775e-01],0,6,1785142630758375,1785142630758375,[-0.02526617 -0.02844557  0.15286823],1,[0.01562748 0.01545098 0.0062782 ]
1785142630825253578,[-0.000194    0.00207011 -0.00138994],[4.1954081e-05 4.1383832e-05 3.4774993e-02],1,[-0.01276068 -0.00565561  0.27015972],[0.11571622 0.11588908 0.08968335],[ 7.0744163e-01 -4.0559930e-04  7.7085523e-04  7.0677125e-01],0,6,1785142630766375,1785142630766375,[-0.02540029 -0.02851619  0.15323366],1,[0.01569681 0.01551846 0.00629049]
1785142630825562953,[-1.2585946e-03 -6.0583348e-05  1.5380841e-03],[4.2029769e-05 4.1459421e-05 3.4772996e-02],1,[-0.01281899 -0.00572769  0.2709912 ],[0.11657269 0.11675274 0.08957848],[ 7.0744097e-01 -4.0216226e-04  7.5934187e-04  7.0677191e-01],0,6,1785142630782375,1785142630782375,[-0.02548127 -0.02836033  0.15406948],1,[0.01582545 0.01564829 0.0062913 ]
1785142630825926731,[ 0.00140457 -0.00192479 -0.00272297],[4.2067550e-05 4.1496027e-05 3.4773346e-02],1,[-0.01285506 -0.00577175  0.27142707],[0.11700902 0.11718991 0.08985236],[ 7.0744848e-01 -3.9592775e-04  7.5706444e-04  7.0676440e-01],0,6,1785142630790375,1785142630790375,[-0.02547993 -0.02849899  0.15424342],1,[0.01589535 0.01571601 0.0063036 ]
1785142630826176355,[ 0.0003393  -0.00059321  0.00153809],[4.2106039e-05 4.1531581e-05 3.4773696e-02],1,[-0.01289557 -0.00582336  0.27188832],[0.11744791 0.11762962 0.09012716],[ 7.0744842e-01 -3.9269784e-04  7.5334829e-04  7.0676446e-01],0,6,1785142630798375,1785142630798375,[-0.02553386 -0.02888347  0.15446652],1,[0.01596552 0.01578391 0.0063159 ]
1785142630826352614,[ 1.4045655e-03  1.8036313e-03 -5.9807819e-05],[4.2144256e-05 4.1568139e-05 3.4774046e-02],1,[-0.01294042 -0.00588211  0.27237466],[0.11788934 0.11807187 0.09040285],[ 7.0745021e-01 -3.9210127e-04  7.5760303e-04  7.0676267e-01],0,6,1785142630806375,1785142630806375,[-0.02551826 -0.02897388  0.15466109],1,[0.01603606 0.01585264 0.00632822]
1785142630826587744,[-1.5249114e-03 -6.0582883e-05  2.8696670e-03],[4.2182008e-05 4.1602922e-05 3.4774397e-02],1,[-0.01298976 -0.00594604  0.27288437],[0.11833336 0.11851667 0.09067945],[ 7.0744479e-01 -3.9639414e-04  7.5778191e-04  7.0676810e-01],0,6,1785142630814375,1785142630814375,[-0.0256389  -0.02899123  0.15468377],1,[0.01610677 0.01592122 0.00634054]
1785142630827252974,[ 0.00113825 -0.0003269  -0.00139139],[4.2220126e-05 4.1639985e-05 3.4774739e-02],1,[-0.01304443 -0.006015    0.27341664],[0.11877996 0.11896402 0.09095696],[ 7.0744723e-01 -3.9429302e-04  7.5537717e-04  7.0676565e-01],0,6,1785142630822375,1785142630822375,[-0.02579462 -0.02898168  0.15483132],1,[0.01617781 0.01599011 0.00635287]
1785142630835168019,[ 7.2983559e-05 -3.2689783e-04 -5.9812068e-05],[4.2258649e-05 4.1676893e-05 3.4775089e-02],1,[-0.01310382 -0.00608848  0.27397168],[0.11922917 0.11941396 0.09123538],[ 7.0745003e-01 -3.9068333e-04  7.5604412e-04  7.0676285e-01],0,6,1785142630830375,1785142630830375,[-0.02590516 -0.02893139  0.15486887],1,[0.01624909 0.01605947 0.0063652 ]
1785142630847217256,[ 0.00087179 -0.00219142 -0.00139374],[4.2335756e-05 4.1753185e-05 3.4773096e-02],1,[-0.01323952 -0.00624724  0.2751226 ],[0.12012516 0.12031779 0.09111831],[ 7.0745134e-01 -3.8910934e-04  7.5040432e-04  7.0676154e-01],0,6,1785142630846375,1785142630846375,[-0.02650299 -0.02904513  0.15501244],1,[0.01638098 0.01619332 0.00636517]
1785142630855252295,[ 7.2834198e-05 -1.3924659e-03  1.0031050e-03],[4.2373915e-05 4.1792355e-05 3.4773439e-02],1,[-0.01331478 -0.0063326   0.27572042],[0.12058207 0.12077548 0.0913974 ],[ 7.0745224e-01 -3.8436672e-04  7.4484502e-04  7.0676076e-01],0,6,1785142630854375,1785142630854375,[-0.02666048 -0.02901115  0.15531409],1,[0.0164528  0.01626311 0.00637751]
1785142630867308775,[ 0.0011381  -0.0019251   0.00073679],[4.241226e-05 4.183126e-05 3.477379e-02],1,[-0.01339507 -0.0064224   0.27634048],[0.12104163 0.12123578 0.09167741],[ 7.0745224e-01 -3.7811359e-04  7.4386271e-04  7.0676076e-01],0,6,1785142630862375,1785142630862375,[-0.02684913 -0.02908891  0.15559655],1,[0.01652503 0.01633306 0.00638985]
1785142630875185635,[-0.00099243 -0.00059352  0.00180205],[4.2450862e-05 4.1867836e-05 3.4774140e-02],1,[-0.01348055 -0.00651701  0.27698168],[0.12150386 0.12169873 0.09195834],[ 7.074496e-01 -3.763789e-04  7.376686e-04  7.067634e-01],0,6,1785142630870375,1785142630870375,[-0.02703471 -0.02910587  0.15568705],1,[0.01659743 0.01640324 0.00640221]
1785142630887311833,[ 3.3915183e-04 -8.5983460e-04 -6.2159321e-05],[4.2527892e-05 4.1938969e-05 3.4774847e-02],1,[-0.01366158 -0.00671909  0.27832377],[0.12243637 0.1226326  0.09252296],[ 7.0744944e-01 -3.7516712e-04  7.3524244e-04  7.0676357e-01],0,6,1785142630886375,1785142630886375,[-0.02696977 -0.02915515  0.15603392],1,[0.01674271 0.01654477 0.00642693]
1785142630895171173,[-0.00072611  0.00047175  0.00047047],[4.2566429e-05 4.1975138e-05 3.4775190e-02],1,[-0.01375748 -0.00682618  0.27899414],[0.12290667 0.12310355 0.09211503],[ 7.0744932e-01 -3.7569134e-04  7.3072518e-04  7.0676368e-01],0,6,1785142630894375,1785142630894375,[-0.02700646 -0.02903867  0.15618855],1,[0.0168159  0.01661588 0.00641397]
1785142630907245383,[-0.00125874 -0.00085983 -0.00112743],[4.2605116e-05 4.2010884e-05 3.4775540e-02],1,[-0.01385762 -0.00693597  0.27968413],[0.12337969 0.12357719 0.09239752],[ 7.0745283e-01 -3.7697155e-04  7.2701479e-04  7.0676017e-01],0,6,1785142630902375,1785142630902375,[-0.02715447 -0.0289049   0.15633768],1,[0.0168893  0.01668716 0.00642634]
1785142630915164976,[-0.00019401 -0.00086009 -0.00059661],[4.2643918e-05 4.2046577e-05 3.4773182e-02],1,[-0.01395635 -0.00704643  0.28039262],[0.12384371 0.12404914 0.09268093],[ 7.0745748e-01 -3.7749883e-04  7.2335650e-04  7.0675552e-01],0,6,1785142630910375,1785142630910375,[-0.02716418 -0.02876578  0.15637583],1,[0.01695071 0.01675295 0.00643871]
1785142630927277621,[ 0.00033862  0.00100413 -0.00059662],[4.2721465e-05 4.2121152e-05 3.4773868e-02],1,[-0.01416015 -0.00728029  0.2818636 ],[0.1248031  0.12500986 0.09325054],[ 7.0746893e-01 -3.7629480e-04  7.1467913e-04  7.0674407e-01],0,6,1785142630926375,1785142630926375,[-0.02685263 -0.02905107  0.156699  ],1,[0.01709828 0.01689681 0.00646347]
1785142630935181036,[-0.00046033 -0.0027243  -0.00086293],[4.2759959e-05 4.2159583e-05 3.4774210e-02],1,[-0.01426585 -0.00740359  0.28262615],[0.12528694 0.12549435 0.09353673],[ 7.0747173e-01 -3.7154675e-04  7.0890592e-04  7.0674127e-01],0,6,1785142630934375,1785142630934375,[-0.02683798 -0.02901616  0.1568348 ],1,[0.01717238 0.01696898 0.00647586]
1785142630947220056,[ 0.00220283 -0.00032746  0.00020234],[4.2798583e-05 4.2196083e-05 3.4774553e-02],1,[-0.01437422 -0.00752962  0.28340578],[0.12577356 0.12598157 0.09382385],[ 7.0747453e-01 -3.6792466e-04  7.0958206e-04  7.0673847e-01],0,6,1785142630942375,1785142630942375,[-0.02678175 -0.02884828  0.1570218 ],1,[0.01724703 0.01704158 0.00648826]
1785142630955197537,[-0.00392244 -0.0027243   0.00046863],[4.2837233e-05 4.2233620e-05 3.4774896e-02],1,[-0.01448525 -0.00765806  0.2841734 ],[0.12626298 0.12647158 0.09340077],[ 7.0747465e-01 -3.6468206e-04  6.9862866e-04  7.0673835e-01],0,6,1785142630950375,1785142630950375,[-0.02675126 -0.02881022  0.15723084],1,[0.01732195 0.01711446 0.00647455]
1785142630967281343,[ 0.00113757 -0.00059377  0.00046865],[4.2915097e-05 4.2308478e-05 3.4775600e-02],1,[-0.01471504 -0.0079276   0.28576303],[0.12725028 0.12745997 0.09397531],[ 7.0747739e-01 -3.7401207e-04  6.8514253e-04  7.0673561e-01],0,6,1785142630966375,1785142630966375,[-0.02666022 -0.02919207  0.15793282],1,[0.01747268 0.01726117 0.00649935]
1785142630975334012,[-0.00046935 -0.00273406 -0.0013914 ],[4.0807357e-05 4.0311679e-05 3.4771919e-02],1,[-0.01447544 -0.00766018  0.28534836],[0.10609064 0.10622998 0.08483658],[ 7.0748150e-01 -3.6850915e-04  6.8033586e-04  7.0673150e-01],0,6,1785142630974375,1785142630974375,[-0.0265005  -0.02912819  0.1578212 ],1,[0.01407451 0.01392125 0.00602825]
1785142630987234056,[-0.00126806 -0.00166889 -0.00085962],[4.0844181e-05 4.0346175e-05 3.4769598e-02],1,[-0.01424771 -0.00740559  0.28498077],[0.10645973 0.10660374 0.08509337],[ 7.0748788e-01 -3.6464023e-04  6.6427671e-04  7.0672512e-01],0,6,1785142630982375,1785142630982375,[-0.02627849 -0.02920719  0.1576898 ],1,[0.01412945 0.01397938 0.00604033]
1785142630995189900,[0.00139511 0.00019532 0.0010046 ],[4.0881128e-05 4.0383831e-05 3.4769934e-02],1,[-0.01402889 -0.00716465  0.28465813],[0.10683651 0.10698161 0.08535103],[ 7.0748764e-01 -3.6338894e-04  6.6821929e-04  7.0672536e-01],0,6,1785142630990375,1785142630990375,[-0.02592405 -0.02928885  0.15748882],1,[0.01419329 0.01404201 0.00605241]
1785142631007274829,[-2.0278979e-04  2.5921634e-03 -6.0666353e-05],[4.0954914e-05 4.0454484e-05 3.4770627e-02],1,[-0.01361811 -0.00672016  0.28414476],[0.10759676 0.107744   0.08586893],[ 7.0748854e-01 -3.7031044e-04  6.6076603e-04  7.0672446e-01],0,6,1785142631006375,1785142631006375,[-0.02562376 -0.0291972   0.15733655],1,[0.01432128 0.01416705 0.0060766 ]
1785142631015269090,[ 3.2984046e-04  1.9532023e-04 -6.0669641e-05],[4.0991883e-05 4.0489096e-05 3.4770969e-02],1,[-0.01342682 -0.0065147   0.28392315],[0.10798027 0.10812855 0.0855332 ],[ 7.0749152e-01 -3.6831060e-04  6.5952947e-04  7.0672148e-01],0,6,1785142631014375,1785142631014375,[-0.02554867 -0.02897727  0.15737891],1,[0.0143856  0.01422988 0.00606736]
1785142631027226714,[ 1.1287885e-03 -7.0996233e-05 -6.0665800e-05],[4.1028874e-05 4.0526018e-05 3.4771312e-02],1,[-0.01324424 -0.00631934  0.28374416],[0.10836603 0.10851534 0.08579253],[ 7.0749485e-01 -3.6857021e-04  6.5907656e-04  7.0671815e-01],0,6,1785142631022375,1785142631022375,[-0.02523967 -0.02884552  0.157341  ],1,[0.01445031 0.01429309 0.00607946]
1785142631035269377,[ 0.00086247  0.00046164 -0.00085962],[4.1065909e-05 4.0562627e-05 3.4771662e-02],1,[-0.01306934 -0.00613473  0.28360593],[0.10875408 0.1089044  0.08605272],[ 7.0750034e-01 -3.6506495e-04  6.5940100e-04  7.0671266e-01],0,6,1785142631030375,1785142631030375,[-0.02509955 -0.02885347  0.15728989],1,[0.01451514 0.014356   0.00609156]
1785142631047374322,[-0.00073543  0.00126058 -0.00032698],[4.1140167e-05 4.0635325e-05 3.4772348e-02],1,[-0.01274389 -0.00579572  0.28344643],[0.10953705 0.10968934 0.08657571],[ 7.0751315e-01 -3.6597264e-04  6.4544124e-04  7.0669985e-01],0,6,1785142631046375,1785142631046375,[-0.02471325 -0.02848279  0.15711184],1,[0.01464568 0.01448322 0.00611579]
1785142631055255691,[-0.00180107 -0.00220168  0.00047076],[4.1177300e-05 4.0672312e-05 3.4770019e-02],1,[-0.01258976 -0.00563797  0.2834234 ],[0.10992534 0.11008288 0.08683852],[ 7.0751482e-01 -3.6435234e-04  6.3491968e-04  7.0669818e-01],0,6,1785142631054375,1785142631054375,[-0.02460645 -0.02818841  0.1570803 ],1,[0.01470196 0.01454303 0.00612791]
1785142631067261727,[ 6.3145068e-05 -3.3746939e-04  2.0445252e-04],[4.1214505e-05 4.0709307e-05 3.4770370e-02],1,[-0.01244339 -0.00548907  0.28343666],[0.1103225  0.11048105 0.0871022 ],[ 7.0751745e-01 -3.6386077e-04  6.2780810e-04  7.0669556e-01],0,6,1785142631062375,1785142631062375,[-0.02443701 -0.0282337   0.15703456],1,[0.01476783 0.01460718 0.00614004]
1785142631075247393,[ 6.3146115e-05 -1.6690489e-03 -1.1271306e-03],[4.1251758e-05 4.0747196e-05 3.4770720e-02],1,[-0.01230344 -0.00535088  0.28346133],[0.11072199 0.11088154 0.08675358],[ 7.0752263e-01 -3.6035740e-04  6.2221981e-04  7.0669037e-01],0,6,1785142631070375,1785142631070375,[-0.02409981 -0.02834116  0.15707938],1,[0.0148339  0.01467121 0.00613013]
1785142631087334177,[ 0.00272631 -0.00140273  0.00233498],[4.1326344e-05 4.0819621e-05 3.4771405e-02],1,[-0.01204148 -0.00510775  0.2836159 ],[0.11152804 0.11168953 0.08728162],[ 7.0752490e-01 -3.5521871e-04  6.2428624e-04  7.0668811e-01],0,6,1785142631086375,1785142631086375,[-0.02351131 -0.02877208  0.15721963],1,[0.01496669 0.01480034 0.0061544 ]
1785142631095254993,[ 0.00245999 -0.00193536 -0.00086081],[4.1363681e-05 4.0854833e-05 3.4771748e-02],1,[-0.01191988 -0.00500116  0.2837453 ],[0.11193462 0.11209705 0.08754696],[ 7.0752728e-01 -3.4380140e-04  6.2213704e-04  7.0668572e-01],0,6,1785142631094375,1785142631094375,[-0.02358649 -0.02874425  0.15722328],1,[0.01503342 0.01486521 0.00616654]
1785142631107348718,[ 2.7263050e-03 -7.1152230e-05 -1.3934469e-03],[4.1401065e-05 4.0892905e-05 3.4772083e-02],1,[-0.0118067  -0.00490289  0.2839063 ],[0.11234359 0.11250695 0.08781318],[ 7.0753527e-01 -3.3389177e-04  6.2602694e-04  7.0667768e-01],0,6,1785142631102375,1785142631102375,[-0.02361469 -0.02860085  0.1570721 ],1,[0.01510038 0.01493033 0.00617869]
1785142631115288547,[-0.0007358   0.00152674 -0.00032818],[4.1438467e-05 4.0935094e-05 3.4772426e-02],1,[-0.0117002  -0.00481139  0.28409824],[0.11275495 0.11291922 0.08808029],[ 7.0753908e-01 -3.3716243e-04  6.2655093e-04  7.0667386e-01],0,6,1785142631110375,1785142631110375,[-0.02344612 -0.02841454  0.15702449],1,[0.01516753 0.01499561 0.00619084]
1785142631127309218,[ 0.00139465 -0.00086993  0.00180376],[4.1513202e-05 4.1007148e-05 3.4770451e-02],1,[-0.01150236 -0.00465347  0.28457573],[0.11357705 0.1137481  0.08861716],[ 7.0754623e-01 -3.3353825e-04  6.2122697e-04  7.0666671e-01],0,6,1785142631126375,1785142631126375,[-0.02301409 -0.02836774  0.15726858],1,[0.01529255 0.01512238 0.00621518]
1785142631135356880,[-1.0021911e-03 -7.0981798e-05  2.6027085e-03],[4.1550826e-05 4.1045711e-05 3.4770809e-02],1,[-0.01141208 -0.00458646  0.28485978],[0.11399554 0.11416752 0.08825231],[ 7.0754176e-01 -3.3492158e-04  6.1839871e-04  7.0667130e-01],0,6,1785142631134375,1785142631134375,[-0.02291839 -0.02832432  0.15742092],1,[0.01536047 0.01518841 0.00620444]
1785142631147275978,[-0.0012685  -0.00113625 -0.00298993],[4.1588253e-05 4.1080217e-05 3.4771152e-02],1,[-0.01132751 -0.00452696  0.28517398],[0.11441648 0.11458938 0.08852103],[ 7.0754838e-01 -3.3518593e-04  6.0849701e-04  7.0666456e-01],0,6,1785142631142375,1785142631142375,[-0.02279173 -0.02826016  0.15763782],1,[0.01542871 0.01525457 0.0062166 ]
1785142631155297846,[-0.00339904  0.00019534 -0.00112572],[4.1625859e-05 4.1117622e-05 3.4771509e-02],1,[-0.01124918 -0.00447403  0.28551695],[0.11483989 0.11501368 0.08879065],[ 7.0755571e-01 -3.4335762e-04  5.9755781e-04  7.0665723e-01],0,6,1785142631150375,1785142631150375,[-0.02278664 -0.02818519  0.15774201],1,[0.01549712 0.01532112 0.00622878]
1785142631176105024,[ 0.00139465 -0.00220151  0.00207008],[4.1700874e-05 4.1190884e-05 3.4772202e-02],1,[-0.01111074 -0.00439183  0.28628844],[0.11569414 0.11586965 0.08933256],[ 7.0755684e-01 -3.2992879e-04  5.7253643e-04  7.0665610e-01],0,6,1785142631166375,1785142631166375,[-0.02286503 -0.02839102  0.15823428],1,[0.01563447 0.01545484 0.00625315]
1785142631179961816,[ 0.00139466  0.0012606  -0.0008594 ],[4.1738487e-05 4.1226911e-05 3.4772553e-02],1,[-0.01105198 -0.00436244  0.2867146 ],[0.116125   0.11630134 0.08960485],[ 7.0755941e-01 -3.2753064e-04  5.7842210e-04  7.0665354e-01],0,6,1785142631174375,1785142631174375,[-0.02282139 -0.02839093  0.15810445],1,[0.01570357 0.01552187 0.00626535]
1785142631193777537,[ 0.00299255 -0.00246783 -0.00032677],[4.1776166e-05 4.1261883e-05 3.4772895e-02],1,[-0.01099839 -0.00433971  0.28716436],[0.11655838 0.11673553 0.08987805],[ 7.0756376e-01 -3.1496590e-04  5.7798217e-04  7.0664918e-01],0,6,1785142631182375,1785142631182375,[-0.02270546 -0.02840798  0.1580622 ],1,[0.01577294 0.01558933 0.00627755]
1785142631201559016,[-0.001802    0.00072781 -0.00299097],[4.1813870e-05 4.1298714e-05 3.4770612e-02],1,[-0.01094337 -0.00432332  0.28757954],[0.11698521 0.1171689  0.08949939],[ 7.0757139e-01 -3.1709130e-04  5.7424424e-04  7.0664155e-01],0,6,1785142631190375,1785142631190375,[-0.02288151 -0.02857891  0.1582351 ],1,[0.01583199 0.01565228 0.0062661 ]
1785142631216352778,[0.00032852 0.00152676 0.00127009],[4.1889380e-05 4.1375282e-05 3.4771305e-02],1,[-0.01085191 -0.00431335  0.28849033],[0.11786433 0.11804972 0.09004629],[ 7.0757186e-01 -3.1868657e-04  5.7040731e-04  7.0664114e-01],0,6,1785142631206375,1785142631206375,[-0.02255251 -0.02885484  0.158613  ],1,[0.0159718  0.01578827 0.00629051]
1785142631221762759,[-0.00020411  0.00472255  0.00127009],[4.1927196e-05 4.1412895e-05 3.4771655e-02],1,[-0.01081197 -0.00432031  0.28898293],[0.11830773 0.11849394 0.0903211 ],[ 7.0756918e-01 -3.3246327e-04  5.8010855e-04  7.0664382e-01],0,6,1785142631214375,1785142631214375,[-0.0224548  -0.02907186  0.15849723],1,[0.01604212 0.01585662 0.00630272]
1785142631239914576,[-0.00100306 -0.0011364  -0.00219202],[4.1965079e-05 4.1449450e-05 3.4772005e-02],1,[-0.01077804 -0.00433523  0.2894983 ],[0.11875371 0.1189407  0.0905968 ],[ 7.0757544e-01 -3.3608248e-04  5.7895778e-04  7.0663756e-01],0,6,1785142631222375,1785142631222375,[-0.0225704  -0.02925938  0.15849727],1,[0.01611262 0.01592496 0.00631494]
1785142631243978961,[ 0.00112747 -0.00166903  0.00073746],[4.2002885e-05 4.1486372e-05 3.4772355e-02],1,[-0.01074951 -0.00435773  0.29003736],[0.11920228 0.11939004 0.09087341],[ 7.0757669e-01 -3.2952827e-04  5.7374034e-04  7.0663631e-01],0,6,1785142631230375,1785142631230375,[-0.02240625 -0.02944898  0.15866554],1,[0.01618348 0.01599374 0.00632717]
1785142631257942122,[ 1.6601034e-03 -7.1135815e-05 -6.1487721e-05],[4.2078751e-05 4.1553958e-05 3.4773055e-02],1,[-0.01070409 -0.00442213  0.29114464],[0.12010723 0.12029647 0.09076006],[ 7.0757741e-01 -3.3448535e-04  5.6657131e-04  7.0663559e-01],0,6,1785142631246375,1785142631246375,[-0.02210289 -0.02942411  0.15892337],1,[0.01632568 0.01613192 0.00632738]
1785142631265683794,[-0.00233464  0.00072781  0.00260166],[4.2116764e-05 4.1586864e-05 3.4773398e-02],1,[-0.01068887 -0.00446257  0.29173282],[0.12056365 0.12075359 0.09103735],[ 7.075739e-01 -3.365818e-04  5.597179e-04  7.066391e-01],0,6,1785142631254375,1785142631254375,[-0.02232823 -0.02936725  0.15910801],1,[0.01639736 0.01620177 0.00633961]
1785142631278722644,[-0.00073688  0.00232556  0.0023342 ],[4.2154599e-05 4.1623549e-05 3.4771096e-02],1,[-0.01067882 -0.00450716  0.29234472],[0.12101211 0.12120941 0.09131555],[ 7.075673e-01 -3.488349e-04  5.631203e-04  7.066457e-01],0,6,1785142631262375,1785142631262375,[-0.02242924 -0.02940884  0.15956105],1,[0.01645782 0.01626647 0.00635185]
1785142631434480441,[-0.00047056  0.00046135  0.00020367],[4.219256e-05 4.166095e-05 3.477144e-02],1,[-0.01067461 -0.00455763  0.2929804 ],[0.12147366 0.12167171 0.09159465],[ 7.0756495e-01 -3.5167541e-04  5.6169607e-04  7.0664805e-01],0,6,1785142631270375,1785142631270375,[-0.02253252 -0.02944436  0.15981783],1,[0.01652967 0.01633613 0.0063641 ]
1785142631590369171,[-0.00020425  0.00152661  0.0007363 ],[4.2268581e-05 4.1733874e-05 3.4772132e-02],1,[-0.0106803  -0.00467471  0.2943164 ],[0.12240475 0.12260424 0.0921556 ],[ 7.075680e-01 -3.543334e-04  5.696213e-04  7.066450e-01],0,6,1785142631286375,1785142631286375,[-0.02250838 -0.0294631   0.16024944],1,[0.01667425 0.01647675 0.00638861]
1785142631743811133,[-0.00073688  0.00019503  0.0007363 ],[4.2306801e-05 4.1772619e-05 3.4772467e-02],1,[-0.01069066 -0.00474165  0.295016  ],[0.12287433 0.1230745  0.09243745],[ 7.0756847e-01 -3.5867200e-04  5.7068979e-04  7.0664459e-01],0,6,1785142631294375,1785142631294375,[-0.0225957  -0.02952756  0.16056782],1,[0.01674684 0.0165473  0.00640088]
1785142631745346973,[-0.00020425 -0.00113655  0.00020367],[4.2344956e-05 4.1813524e-05 3.4772810e-02],1,[-0.01070655 -0.00481418  0.29570356],[0.12334663 0.12354745 0.09202987],[ 7.0756733e-01 -3.5660726e-04  5.6618056e-04  7.0664573e-01],0,6,1785142631302375,1785142631302375,[-0.02274267 -0.02963725  0.16073583],1,[0.01681979 0.01661832 0.00638798]
1785142631771699692,[ 0.00032838 -0.00326708  0.00100262],[4.2383319e-05 4.1852560e-05 3.4773152e-02],1,[-0.01072794 -0.00489298  0.2964108 ],[0.12382164 0.1240231  0.09231144],[ 7.0756769e-01 -3.4889524e-04  5.5609090e-04  7.0664537e-01],0,6,1785142631310375,1785142631310375,[-0.02279127 -0.02984855  0.16085556],1,[0.01689285 0.0166893  0.00640024]
1785142631806496876,[-0.00153583 -0.0003376  -0.00059529],[4.2459906e-05 4.1923937e-05 3.4773853e-02],1,[-0.01078438 -0.00507044  0.29788208],[0.12477989 0.12498254 0.09287734],[ 7.0756066e-01 -3.4512157e-04  5.5232737e-04  7.0665240e-01],0,6,1785142631326375,1785142631326375,[-0.02297278 -0.0303718   0.16086835],1,[0.0170402  0.01683286 0.00642479]
1785142631824334800,[-0.0004711   0.00339137  0.00100705],[4.2497886e-05 4.1957981e-05 3.4771565e-02],1,[-0.01081464 -0.0051749   0.29864472],[0.12525088 0.12546179 0.09316166],[ 7.0755965e-01 -3.5697702e-04  5.5450806e-04  7.0665342e-01],0,6,1785142631334375,1785142631334375,[-0.02294549 -0.03074364  0.16106284],1,[0.01710215 0.01689945 0.00643707]
1785142631869037072,[0.00059417 0.00126084 0.00127337],[4.2536169e-05 4.1995983e-05 3.4771908e-02],1,[-0.01084841 -0.00528561  0.2994254 ],[0.12573673 0.12594828 0.09344691],[ 7.0755523e-01 -3.5979055e-04  5.6051387e-04  7.0665783e-01],0,6,1785142631342375,1785142631342375,[-0.02275279 -0.03081271  0.16108838],1,[0.01717628 0.01697177 0.00644936]
1785142631898317955,[ 2.4583824e-03 -7.0738140e-05  1.2733679e-03],[4.2574447e-05 4.2033709e-05 3.4772255e-02],1,[-0.01088489 -0.00540014  0.30022335],[0.12622537 0.12643753 0.09373308],[ 7.0755184e-01 -3.5544625e-04  5.6695275e-04  7.0666116e-01],0,6,1785142631350375,1785142631350375,[-0.02273533 -0.0306923   0.16126592],1,[0.01725057 0.01704411 0.00646166]
1785142631899070904,[ 0.00086049  0.00072821 -0.00059085],[4.2650565e-05 4.2108633e-05 3.4772959e-02],1,[-0.01097196 -0.00564347  0.3017294 ],[0.12721106 0.12742437 0.09359628],[ 7.0754987e-01 -3.6257593e-04  5.7549612e-04  7.0666313e-01],0,6,1785142631366375,1785142631366375,[-0.02296704 -0.03110548  0.161577  ],1,[0.01740048 0.01718952 0.00646031]
1785142631899874219,[-0.00447115 -0.00167569 -0.00058779],[4.0582461e-05 4.0137067e-05 3.4770951e-02],1,[-0.01080476 -0.00549178  0.3013414 ],[0.10607778 0.10621908 0.08453431],[ 7.0755166e-01 -3.6728012e-04  5.6328007e-04  7.0666140e-01],0,6,1785142631374375,1785142631374375,[-0.02257922 -0.03087873  0.16159546],1,[0.01402486 0.01387166 0.00599498]
1785142631900628390,[ 0.00032254  0.00125379 -0.00165304],[4.0619198e-05 4.0171755e-05 3.4771301e-02],1,[-0.01064379 -0.00534893  0.30100244],[0.10645209 0.10659445 0.08478955],[ 7.0755452e-01 -3.7411615e-04  5.5740104e-04  7.0665854e-01],0,6,1785142631382375,1785142631382375,[-0.02230087 -0.03068593  0.16174737],1,[0.014088   0.01393303 0.00600695]
1785142631901035392,[0.00458359 0.00098747 0.00101012],[4.0655810e-05 4.0210525e-05 3.4771658e-02],1,[-0.01048978 -0.0052162   0.3007109 ],[0.1068286  0.10697202 0.08504565],[ 7.0755625e-01 -3.6587298e-04  5.6888792e-04  7.0665681e-01],0,6,1785142631390375,1785142631390375,[-0.02211548 -0.03071489  0.16174367],1,[0.0141514  0.01399465 0.00601893]
1785142631901472655,[0.00138781 0.00018853 0.00127642],[4.0692168e-05 4.0245086e-05 3.4772001e-02],1,[-0.01034389 -0.00509369  0.30046552],[0.10720734 0.10735179 0.08530261],[ 7.0755184e-01 -3.5800308e-04  5.7477667e-04  7.0666111e-01],0,6,1785142631398375,1785142631398375,[-0.02212833 -0.03069147  0.16188537],1,[0.014215   0.0140565  0.00603093]
1785142631978250838,[-0.0015417  -0.00353987  0.00101037],[4.0764662e-05 4.0320163e-05 3.4770116e-02],1,[-0.01007462 -0.00487673  0.30010927],[0.10796548 0.10811589 0.08581911],[ 7.0754296e-01 -3.5508012e-04  5.5882754e-04  7.0667011e-01],0,6,1785142631414375,1785142631414375,[-0.0218502  -0.03049798  0.16192345],1,[0.0143338  0.01417713 0.00605493]
1785142631979036663,[-0.00393855 -0.00167566  0.00074405],[4.0801136e-05 4.0356565e-05 3.4770459e-02],1,[-0.00995035 -0.00478234  0.2999649 ],[0.10835085 0.10850231 0.08548336],[ 7.0754063e-01 -3.5814429e-04  5.3961924e-04  7.0667243e-01],0,6,1785142631422375,1785142631422375,[-0.02172029 -0.03058323  0.16196252],1,[0.01439796 0.01423973 0.00604572]
1785142631980112050,[ 0.00138778 -0.00061039  0.00074406],[4.0837644e-05 4.0390016e-05 3.4770802e-02],1,[-0.00983268 -0.00469782  0.29986265],[0.10873848 0.10889097 0.08574197],[ 7.0753860e-01 -3.5592457e-04  5.3626613e-04  7.0667446e-01],0,6,1785142631430375,1785142631430375,[-0.02163199 -0.03065829  0.16201177],1,[0.01446238 0.01430241 0.00605772]
1785142631980502443,[0.00032251 0.00018856 0.00127668],[4.0910596e-05 4.0462168e-05 3.4771495e-02],1,[-0.00962233 -0.00455528  0.29977822],[0.1095206  0.1096751  0.08626179],[ 7.0753491e-01 -3.6276795e-04  5.4775522e-04  7.0667815e-01],0,6,1785142631446375,1785142631446375,[-0.0218853  -0.03049955  0.16199112],1,[0.01459191 0.01442869 0.00608175]
1785142631980806039,[5.6194374e-05 1.5201356e-03 7.4405147e-04],[4.0947434e-05 4.0498293e-05 3.4771845e-02],1,[-0.00952802 -0.00449556  0.2997927 ],[0.10991511 0.11007059 0.086523  ],[ 7.0753354e-01 -3.6656656e-04  5.4978475e-04  7.0667952e-01],0,6,1785142631454375,1785142631454375,[-0.02168028 -0.03037622  0.16173391],1,[0.01465711 0.01449229 0.00609377]
1785142631981075336,[ 5.6197750e-05  9.8750240e-04 -5.4896314e-05],[4.0984622e-05 4.0534436e-05 3.4772187e-02],1,[-0.00943874 -0.00444301  0.29984248],[0.11031194 0.11046839 0.08678508],[ 7.0753103e-01 -3.6885816e-04  5.4883235e-04  7.0668203e-01],0,6,1785142631462375,1785142631462375,[-0.0215027  -0.03028144  0.16154331],1,[0.01472259 0.01455607 0.0061058 ]
1785142632001039502,[ 5.6192512e-05 -3.5398696e-03 -2.9843752e-03],[4.1021485e-05 4.0569124e-05 3.4772538e-02],1,[-0.00935517 -0.00439845  0.29992703],[0.1107111  0.11086849 0.08704803],[ 7.0753902e-01 -3.6249706e-04  5.4300274e-04  7.0667404e-01],0,6,1785142631470375,1785142631470375,[-0.02133378 -0.03027164  0.16146225],1,[0.01478837 0.0146201  0.00611783]
1785142632001675092,[-0.00020942 -0.00140912 -0.00324906],[4.1094561e-05 4.0643892e-05 3.4770656e-02],1,[-0.00921525 -0.00433424  0.30016407],[0.11150929 0.11167313 0.08696228],[ 7.0755035e-01 -3.5918079e-04  5.3331896e-04  7.0666271e-01],0,6,1785142631486375,1785142631486375,[-0.02103282 -0.03014058  0.16130467],1,[0.01491116 0.01474465 0.00611999]
1785142632002070734,[-0.00127468  0.00125404  0.00154463],[4.1131127e-05 4.0678802e-05 3.4770999e-02],1,[-0.0091531  -0.00431265  0.30033326],[0.11191539 0.11208019 0.087226  ],[ 7.0754832e-01 -3.6410661e-04  5.2682869e-04  7.0666474e-01],0,6,1785142631494375,1785142631494375,[-0.02090746 -0.03005158  0.16136037],1,[0.0149776  0.01480918 0.00613203]
1785142632002768851,[ 0.00058954  0.00152035 -0.00111854],[4.1167925e-05 4.0711791e-05 3.4771357e-02],1,[-0.00909445 -0.00429757  0.3005356 ],[0.11232387 0.11248962 0.0874906 ],[ 7.0754969e-01 -3.6676732e-04  5.3090346e-04  7.0666337e-01],0,6,1785142631502375,1785142631502375,[-0.02047871 -0.03000581  0.16140963],1,[0.01504413 0.01487397 0.00614408]
1785142632003008838,[-0.00020942 -0.00061017  0.00260989],[4.1204636e-05 4.0747917e-05 3.4771707e-02],1,[-0.00903919 -0.0042891   0.30076924],[0.11273473 0.11290141 0.08775607],[ 7.0754391e-01 -3.6754235e-04  5.2859908e-04  7.0666915e-01],0,6,1785142631510375,1785142631510375,[-0.02028736 -0.02987762  0.16131817],1,[0.01511106 0.01493919 0.00615614]
1785142632010394026,[-0.00260626 -0.00061017 -0.00111854],[4.1278559e-05 4.0823325e-05 3.4772400e-02],1,[-0.00894285 -0.00429001  0.3013294 ],[0.11356368 0.11373216 0.08828965],[ 7.0754892e-01 -3.6571070e-04  5.2591960e-04  7.0666414e-01],0,6,1785142631526375,1785142631526375,[-0.02006306 -0.02991766  0.16139741],1,[0.0152452  0.01506964 0.00618027]
1785142632011059316,[-0.00047573 -0.00247439 -0.00165116],[4.1315518e-05 4.0862058e-05 3.4772750e-02],1,[-0.00890121 -0.00430132  0.30165398],[0.1139818  0.11415114 0.08855776],[ 7.0755410e-01 -3.6160037e-04  5.1424449e-04  7.0665896e-01],0,6,1785142631534375,1785142631534375,[-0.01987962 -0.02992226  0.16156755],1,[0.0153125  0.01513501 0.00619235]
1785142632011700526,[ 0.00138848 -0.0043386  -0.00085222],[4.1352443e-05 4.0892410e-05 3.4773108e-02],1,[-0.00886434 -0.00431783  0.30197474],[0.11440235 0.11457255 0.08819298],[ 7.0755661e-01 -3.4845030e-04  5.0413923e-04  7.0665646e-01],0,6,1785142631542375,1785142631542375,[-0.02005292 -0.02970697  0.16191031],1,[0.01538021 0.01520081 0.00618164]
1785142632012178337,[ 8.5567188e-04 -7.7318866e-05  1.8128266e-03],[4.1389227e-05 4.0924537e-05 3.4770913e-02],1,[-0.00883307 -0.00434112  0.302326  ],[0.11481705 0.11499339 0.08846094],[ 7.0755309e-01 -3.4094320e-04  5.0126336e-04  7.0665997e-01],0,6,1785142631550375,1785142631550375,[-0.02016575 -0.02960574  0.16199194],1,[0.01543791 0.01526238 0.00619372]
1785142632012584187,[ 0.00032304 -0.00087627  0.00101388],[4.1463682e-05 4.0999123e-05 3.4771599e-02],1,[-0.00878201 -0.00440466  0.30311272],[0.11567017 0.1158483  0.08899952],[ 7.0754963e-01 -3.3310131e-04  4.9081200e-04  7.0666343e-01],0,6,1785142631566375,1785142631566375,[-0.01958524 -0.02965557  0.1620222 ],1,[0.01557436 0.01539514 0.00621788]
1785142632012853464,[-0.00100854  0.00178689  0.00074756],[4.1501167e-05 4.1040559e-05 3.4771942e-02],1,[-0.0087604  -0.00444574  0.30354604],[0.11610045 0.11627944 0.08927014],[ 7.0754486e-01 -3.4028877e-04  4.9152720e-04  7.0666820e-01],0,6,1785142631574375,1785142631574375,[-0.01938445 -0.02972526  0.16201356],1,[0.01564297 0.01546187 0.00622998]
1785142632013241514,[-0.00260644  0.00045532  0.00234546],[4.1538417e-05 4.1076553e-05 3.4772284e-02],1,[-0.00874234 -0.00449361  0.3040052 ],[0.11653324 0.11671306 0.08954164],[ 7.0754087e-01 -3.4898898e-04  4.8703191e-04  7.0667219e-01],0,6,1785142631582375,1785142631582375,[-0.01922802 -0.0298272   0.16198723],1,[0.01571183 0.01552885 0.00624208]
1785142632013672286,[-0.00234011  0.00045531  0.0012802 ],[4.1575222e-05 4.1111191e-05 3.4772642e-02],1,[-0.00872823 -0.00454669  0.30448982],[0.11696855 0.11714918 0.08981404],[ 7.0753342e-01 -3.5731576e-04  4.7770250e-04  7.0667964e-01],0,6,1785142631590375,1785142631590375,[-0.01923447 -0.02971118  0.16210078],1,[0.01578097 0.01559636 0.00625419]
1785142632014008517,[ 0.00032304  0.00178689 -0.00111665],[4.1612253e-05 4.1146854e-05 3.4772985e-02],1,[-0.00871864 -0.00460511  0.30497706],[0.11740638 0.11758781 0.08943552],[ 7.0753503e-01 -3.6187677e-04  4.8198446e-04  7.0667803e-01],0,6,1785142631598375,1785142631598375,[-0.01916156 -0.02979008  0.16236913],1,[0.01585034 0.01566398 0.00624278]
1785142632014417973,[-0.00234012  0.00098795 -0.0003177 ],[4.1686540e-05 4.1219824e-05 3.4773678e-02],1,[-0.00871155 -0.00474077  0.3060274 ],[0.11828969 0.11847263 0.08998083],[ 7.0753825e-01 -3.7365279e-04  4.7528429e-04  7.0667481e-01],0,6,1785142631614375,1785142631614375,[-0.0189968  -0.03014377  0.16245879],1,[0.01599022 0.01579989 0.006267  ]
1785142632014789173,[ 0.00085497 -0.00114285  0.0028761 ],[4.1724175e-05 4.1255342e-05 3.4771480e-02],1,[-0.00870621 -0.00481638  0.30658895],[0.11872547 0.11891533 0.09025482],[ 7.0753229e-01 -3.6993611e-04  4.7145327e-04  7.0668077e-01],0,6,1785142631622375,1785142631622375,[-0.01877311 -0.03027144  0.16257647],1,[0.01604959 0.01586329 0.00627912]
1785142632015002806,[0.00032235 0.00152031 0.00234347],[4.1761774e-05 4.1292438e-05 3.4771822e-02],1,[-0.0087035  -0.00489672  0.3071734 ],[0.11917339 0.11936405 0.09052972],[ 7.0752358e-01 -3.7073623e-04  4.7521270e-04  7.0668954e-01],0,6,1785142631630375,1785142631630375,[-0.01857587 -0.03012881  0.16256507],1,[0.01612001 0.01593178 0.00629125]
1785142632015380448,[0.0011213  0.00045504 0.00074557],[4.1836611e-05 4.1367693e-05 3.4772500e-02],1,[-0.00870655 -0.00507081  0.3084104 ],[0.12007703 0.12026921 0.0910822 ],[ 7.0750916e-01 -3.7950926e-04  4.7197763e-04  7.0670402e-01],0,6,1785142631646375,1785142631646375,[-0.01836789 -0.03021048  0.1628502 ],1,[0.01626139 0.01606923 0.00631552]
1785142632015744987,[ 0.00218656 -0.00593654  0.00074557],[4.1873849e-05 4.1403324e-05 3.4772858e-02],1,[-0.00871381 -0.00516587  0.30906266],[0.12053277 0.12072568 0.09135979],[ 7.0750684e-01 -3.6036762e-04  4.6421104e-04  7.0670635e-01],0,6,1785142631654375,1785142631654375,[-0.01831584 -0.0302458   0.16304086],1,[0.01633243 0.01613807 0.00632766]
1785142632016130001,[ 0.00058866 -0.00274075 -0.0003197 ],[4.1911273e-05 4.1440217e-05 3.4773208e-02],1,[-0.00872376 -0.00526536  0.309698  ],[0.12099114 0.12118475 0.09096393],[ 7.0750642e-01 -3.4612743e-04  4.5461656e-04  7.0670676e-01],0,6,1785142631662375,1785142631662375,[-0.01806538 -0.03020377  0.16330047],1,[0.01640385 0.01620746 0.0063154 ]
1785142632016583592,[-0.00074292 -0.00220812 -0.00058601],[4.1948879e-05 4.1474123e-05 3.4773558e-02],1,[-0.00873588 -0.00536989  0.31035614],[0.12145216 0.12164645 0.09124129],[ 7.0750713e-01 -3.4243503e-04  4.4809398e-04  7.0670605e-01],0,6,1785142631670375,1785142631670375,[-0.01791763 -0.03037823  0.16345015],1,[0.01647532 0.01627698 0.00632754]
1785142632017454712,[0.00032234 0.00018873 0.00181083],[4.2024378e-05 4.1550662e-05 3.4774251e-02],1,[-0.00877051 -0.00559268  0.31173512],[0.12238219 0.12257776 0.09179869],[ 7.0750809e-01 -3.3806727e-04  4.4349316e-04  7.0670509e-01],0,6,1785142631686375,1785142631686375,[-0.01793777 -0.03020404  0.16364314],1,[0.01661924 0.01641676 0.00635185]
1785142632017472462,[ 0.00138745 -0.00061028  0.00127772],[4.2062580e-05 4.1585918e-05 3.4772042e-02],1,[-0.0087917  -0.00570778  0.3124555 ],[0.12283991 0.12304326 0.09207876],[ 7.0750356e-01 -3.3437629e-04  4.4466142e-04  7.0670962e-01],0,6,1785142631694375,1785142631694375,[-0.01788959 -0.02995643  0.16374372],1,[0.01667968 0.01648187 0.00636401]
1785142632017768766,[ 8.5481862e-04  1.2539290e-03 -5.3859258e-05],[4.2100430e-05 4.1620959e-05 3.4772385e-02],1,[-0.00881551 -0.0058258   0.31319568],[0.12331147 0.1235155  0.09235974],[ 7.0750028e-01 -3.3332282e-04  4.5077590e-04  7.0671290e-01],0,6,1785142631702375,1785142631702375,[-0.01769595 -0.02991234  0.16387273],1,[0.01675215 0.0165525  0.00637618]
1785142632018231262,[-0.00047677 -0.00327344 -0.00111912],[4.2138203e-05 4.1657968e-05 3.4772728e-02],1,[-0.00884237 -0.00594736  0.31395552],[0.12378573 0.12399043 0.09264163],[ 7.0750493e-01 -3.2851947e-04  4.4186736e-04  7.0670825e-01],0,6,1785142631710375,1785142631710375,[-0.01781504 -0.02980674  0.16405855],1,[0.0168249  0.01662314 0.00638836]
1785142632018734286,[ 5.5869692e-05 -3.2734447e-03 -1.3854399e-03],[4.2213600e-05 4.1732321e-05 3.4773413e-02],1,[-0.00890763 -0.00620074  0.3154041 ],[0.12474244 0.1249484  0.09251267],[ 7.0750296e-01 -3.0836751e-04  4.2644743e-04  7.0671022e-01],0,6,1785142631726375,1785142631726375,[-0.01778148 -0.02973926  0.16454184],1,[0.01697136 0.01676529 0.00638754]
1785142632019223157,[ 0.00298534 -0.00034397 -0.00032017],[4.2251140e-05 4.1772244e-05 3.4773763e-02],1,[-0.0089451 -0.0063328  0.3161594],[0.12522492 0.12543146 0.09279519],[ 7.0750427e-01 -2.9791420e-04  4.3010066e-04  7.0670891e-01],0,6,1785142631734375,1785142631734375,[-0.01781163 -0.029773    0.16476105],1,[0.01704499 0.01683682 0.00639972]
1785142632019881075,[-0.00074308  0.00205288 -0.00138544],[4.2288844e-05 4.1813451e-05 3.4774106e-02],1,[-0.0089859  -0.00646986  0.31693473],[0.12571017 0.12591727 0.09307862],[ 7.0750672e-01 -3.0365904e-04  4.3418040e-04  7.0670646e-01],0,6,1785142631742375,1785142631742375,[-0.01786327 -0.03006303  0.1649319 ],1,[0.01711874 0.01690858 0.00641191]
1785142632020380633,[0.00058849 0.00152025 0.00154404],[4.2326363e-05 4.1850006e-05 3.4774456e-02],1,[-0.00902992 -0.00661278  0.31772923],[0.1261982  0.12640584 0.09336297],[ 7.0750582e-01 -3.0488436e-04  4.3905189e-04  7.0670736e-01],0,6,1785142631750375,1785142631750375,[-0.01773464 -0.03028864  0.16514964],1,[0.01719262 0.01698039 0.0064241 ]
1785142632020838211,[ 1.1213941e-03 -7.7933422e-05 -3.7845911e-03],[4.2401978e-05 4.1927819e-05 3.4772612e-02],1,[-0.00912598 -0.00690815  0.3193744 ],[0.12716956 0.12738645 0.09393442],[ 7.0751268e-01 -3.1751266e-04  4.5681855e-04  7.0670050e-01],0,6,1785142631766375,1785142631766375,[-0.01754191 -0.0302496   0.16562946],1,[0.01732918 0.01711968 0.00644851]
1785142632021305845,[ 0.00218666  0.00444944 -0.0005888 ],[4.2440020e-05 4.1964522e-05 3.4772970e-02],1,[-0.00917885 -0.00705972  0.3202262 ],[0.12766582 0.12788327 0.09422152],[ 7.0751828e-01 -3.1987214e-04  4.7046025e-04  7.0669478e-01],0,6,1785142631774375,1785142631774375,[-0.01741225 -0.03039573  0.1660354 ],1,[0.0174039  0.01719224 0.00646072]
1785142632021713568,[0.00031801 0.00151254 0.00021347],[4.0392722e-05 4.0005441e-05 3.4772456e-02],1,[-0.00907395 -0.00690919  0.31969017],[0.10638499 0.10652915 0.08446661],[ 7.0751828e-01 -3.2449260e-04  4.7961983e-04  7.0669478e-01],0,6,1785142631782375,1785142631782375,[-0.01712546 -0.0302783   0.1658545 ],1,[0.01402244 0.01386858 0.00597248]
1785142632022119768,[-0.00101357 -0.00115062  0.00074611],[4.0428586e-05 4.0043986e-05 3.4772798e-02],1,[-0.00897395 -0.00676874  0.31920573],[0.10676065 0.10690587 0.08472107],[ 7.0751685e-01 -3.2614500e-04  4.7518782e-04  7.0669621e-01],0,6,1785142631790375,1785142631790375,[-0.01698211 -0.0302292   0.16561173],1,[0.01408538 0.0139298  0.00598437]
1785142632022914158,[-0.00341042  0.00044728 -0.00058548],[4.0538747e-05 4.0144161e-05 3.4773838e-02],1,[-0.00870472 -0.00640948  0.3180504 ],[0.10790095 0.10804927 0.08548957],[ 7.0752025e-01 -3.4242592e-04  4.4700253e-04  7.0669293e-01],0,6,1785142631814375,1785142631814375,[-0.01650911 -0.0302612   0.16517727],1,[0.01427541 0.01411477 0.00602007]
1785142632023550329,[ 0.00164959  0.0007136  -0.00058547],[4.0611983e-05 4.0216219e-05 3.4774538e-02],1,[-0.00855069 -0.00621815  0.31751487],[0.10867237 0.10882268 0.08600619],[ 7.0752388e-01 -3.3444926e-04  4.4289313e-04  7.0668930e-01],0,6,1785142631830375,1785142631830375,[-0.01640655 -0.03019762  0.16506393],1,[0.01440346 0.01423939 0.00604391]
1785142632024006934,[-0.00048132 -0.00035178  0.00154417],[4.064811e-05 4.025018e-05 3.477239e-02],1,[-0.00847793 -0.00613589  0.31726825],[0.10905509 0.10921055 0.08566792],[ 7.0752215e-01 -3.3271965e-04  4.4275931e-04  7.0669103e-01],0,6,1785142631838375,1785142631838375,[-0.01625692 -0.03038762  0.16492517],1,[0.01445881 0.01429806 0.00603461]
1785142632024529653,[ 0.00058394 -0.00514547  0.00127786],[4.0720326e-05 4.0317223e-05 3.4773074e-02],1,[-0.00834344 -0.00600051  0.31690738],[0.10983993 0.10999742 0.0861861 ],[ 7.0752490e-01 -3.2136968e-04  4.2785675e-04  7.0668828e-01],0,6,1785142631854375,1785142631854375,[-0.01560173 -0.03044961  0.1650018 ],1,[0.0145881  0.01442389 0.00605845]
1785142632024960244,[-1.0139541e-03 -8.8441663e-04 -5.3722091e-05],[4.0757332e-05 4.0353560e-05 3.4773417e-02],1,[-0.00828002 -0.00594536  0.31679246],[0.1102358  0.11039428 0.08644648],[ 7.0752555e-01 -3.1889844e-04  4.1874155e-04  7.0668763e-01],0,6,1785142631862375,1785142631862375,[-0.01541229 -0.03040059  0.1651497 ],1,[0.01465305 0.01448719 0.00607039]
1785142632025419314,[ 0.00058394 -0.00328126  0.00127786],[4.0831888e-05 4.0422841e-05 3.4774102e-02],1,[-0.00816593 -0.00585778  0.31668893],[0.11103451 0.11119492 0.08696984],[ 7.0752490e-01 -3.1583724e-04  4.0771993e-04  7.0668828e-01],0,6,1785142631878375,1785142631878375,[-0.01519343 -0.03015177  0.16528009],1,[0.01478356 0.01461426 0.00609427]
1785142632026014786,[-0.00074764 -0.00194968  0.00287576],[4.0868654e-05 4.0454262e-05 3.4774456e-02],1,[-0.00811465 -0.00582367  0.31669566],[0.11143737 0.11159872 0.08723282],[ 7.0751876e-01 -3.1035423e-04  3.9564134e-04  7.0669442e-01],0,6,1785142631886375,1785142631886375,[-0.01504913 -0.02998351  0.16524285],1,[0.01484919 0.01467817 0.00610622]
1785142632026568447,[ 0.00164804 -0.00115075  0.00367484],[4.0940464e-05 4.0524566e-05 3.4772649e-02],1,[-0.00801394 -0.00577417  0.31679899],[0.11224279 0.11241073 0.0871427 ],[ 7.0749933e-01 -3.0164359e-04  3.7680197e-04  7.0671386e-01],0,6,1785142631902375,1785142631902375,[-0.01480786 -0.02974467  0.16554652],1,[0.01497167 0.01480244 0.00610808]
1785142632027001062,[ 0.00218068 -0.00168339  0.00101167],[4.0975650e-05 4.0560484e-05 3.4773000e-02],1,[-0.00796479 -0.00575924  0.31689477],[0.11265262 0.11282152 0.08740643],[ 7.0749456e-01 -2.9013364e-04  3.7831345e-04  7.0671874e-01],0,6,1785142631910375,1785142631910375,[-0.01490998 -0.02980369  0.16559024],1,[0.01503802 0.014867   0.00612004]
1785142632027496834,[ 0.00111541 -0.00221602 -0.00431464],[4.1047519e-05 4.0626430e-05 3.4773678e-02],1,[-0.00787632 -0.00575018  0.31719127],[0.11347948 0.11365023 0.0879365 ],[ 7.0751315e-01 -2.8295480e-04  3.7157195e-04  7.0670015e-01],0,6,1785142631926375,1785142631926375,[-0.01436167 -0.02962488  0.1656511 ],1,[0.01517106 0.01499647 0.00614397]
1785142632027898186,[-0.00021617  0.00071346 -0.00031991],[4.1083375e-05 4.0660769e-05 3.4774020e-02],1,[-0.00783603 -0.00575496  0.31739157],[0.11389653 0.11406817 0.08820285],[ 7.0751768e-01 -2.7672690e-04  3.6934495e-04  7.0669550e-01],0,6,1785142631934375,1785142631934375,[-0.01428617 -0.02976891  0.16573039],1,[0.0152381  0.01506167 0.00615595]
1785142632028430190,[-0.00208038  0.00204504 -0.00031991],[4.1156589e-05 4.0734732e-05 3.4774713e-02],1,[-0.00776297 -0.00578686  0.31789196],[0.11473791 0.1149113  0.08873819],[ 7.0751327e-01 -2.9176768e-04  3.6686947e-04  7.0669997e-01],0,6,1785142631950375,1785142631950375,[-0.01359907 -0.02995968  0.16607621],1,[0.01537288 0.01519285 0.00617993]
1785142632028927084,[-0.00021617  0.00071346  0.00207694],[4.1193398e-05 4.0773750e-05 3.4775060e-02],1,[-0.00772839 -0.00581354  0.31814447],[0.11516228 0.11533651 0.08837084],[ 7.0751250e-01 -2.9836129e-04  3.6628215e-04  7.0670074e-01],0,6,1785142631958375,1785142631958375,[-0.01343259 -0.03017357  0.16611825],1,[0.01544065 0.01525877 0.00616914]
1785142632029250103,[ 0.00084897  0.00071351 -0.00138471],[4.1267023e-05 4.0851275e-05 3.4773245e-02],1,[-0.00767027 -0.00588926  0.3187466 ],[0.11600972 0.11619116 0.08890761],[ 7.0750749e-01 -2.8483267e-04  3.6940750e-04  7.0670575e-01],0,6,1785142631974375,1785142631974375,[-0.01362939 -0.03036933  0.16645984],1,[0.01556672 0.0153869  0.00619313]
1785142632029571409,[-0.00208051  0.00071351  0.00154477],[4.1303814e-05 4.0885319e-05 3.4773596e-02],1,[-0.00764743 -0.0059359   0.3190946 ],[0.11644138 0.11662368 0.08917732],[ 7.0750618e-01 -2.9070402e-04  3.6522213e-04  7.0670706e-01],0,6,1785142631982375,1785142631982375,[-0.01359854 -0.03023762  0.16654824],1,[0.01563506 0.01545343 0.00620513]
1785142632029884911,[5.0022732e-05 1.2461437e-03 2.1319254e-04],[4.1377156e-05 4.0957337e-05 3.4774281e-02],1,[-0.00760897 -0.00604641  0.3198813 ],[0.11731221 0.11749617 0.08971938],[ 7.075009e-01 -2.960662e-04  3.649216e-04  7.067124e-01],0,6,1785142631998375,1785142631998375,[-0.01330729 -0.03035743  0.16703875],1,[0.01577259 0.01558726 0.00622915]
1785142632030439433,[-0.00128156  0.00231141 -0.00271628],[4.1415213e-05 4.0992127e-05 3.4774631e-02],1,[-0.00759409 -0.00610964  0.3203199 ],[0.11775141 0.11793617 0.08999175],[ 7.0750695e-01 -3.0723834e-04  3.6767768e-04  7.0670635e-01],0,6,1785142632006375,1785142632006375,[-0.01322375 -0.03026968  0.16729654],1,[0.01584157 0.01565431 0.00624118]
1785142632030672590,[-0.0002163   0.00097983 -0.00218365],[4.1452553e-05 4.1029478e-05 3.4774967e-02],1,[-0.00758187 -0.00617788  0.3207879 ],[0.11819316 0.11837869 0.09026501],[ 7.0751446e-01 -3.0975865e-04  3.6935133e-04  7.0669872e-01],0,6,1785142632014375,1785142632014375,[-0.01310375 -0.03025235  0.16764237],1,[0.01591078 0.01572164 0.00625321]
1785142632030880823,[ 0.00058265 -0.00168333 -0.00165102],[4.1489311e-05 4.1066858e-05 3.4775309e-02],1,[-0.00757214 -0.00625104  0.3212409 ],[0.11863746 0.11882374 0.08988082],[ 7.0752013e-01 -3.0814752e-04  3.6542659e-04  7.0669305e-01],0,6,1785142632022375,1785142632022375,[-0.01301887 -0.03021845  0.16782355],1,[0.01598019 0.01578919 0.00624158]
1785142632034354726,[-0.00048261 -0.00194965 -0.0029826 ],[4.1526841e-05 4.1102805e-05 3.4775656e-02],1,[-0.00756517 -0.00632877  0.3217224 ],[0.11908432 0.11927132 0.09015386],[ 7.0752841e-01 -3.0090008e-04  3.5740726e-04  7.0668477e-01],0,6,1785142632030375,1785142632030375,[-0.01296471 -0.03018547  0.16801587],1,[0.01605009 0.01585719 0.00625361]
1785142632046305029,[0.00084897 0.0004472  0.00101214],[4.1564585e-05 4.1140298e-05 3.4775991e-02],1,[-0.00756069 -0.00641171  0.32223096],[0.11953377 0.11972147 0.09042779],[ 7.0752800e-01 -2.9967853e-04  3.5773267e-04  7.0668519e-01],0,6,1785142632038375,1785142632038375,[-0.01277841 -0.03020751  0.1680804 ],1,[0.01612022 0.0159254  0.00626564]
1785142632054267327,[ 0.00031632 -0.00061778  0.00074817],[4.1602154e-05 4.1179050e-05 3.4773845e-02],1,[-0.00755789 -0.0065024   0.3227657 ],[0.11997565 0.12017053 0.09070262],[ 7.0752680e-01 -2.9771202e-04  3.5886254e-04  7.0668638e-01],0,6,1785142632046375,1785142632046375,[-0.01269498 -0.03038312  0.16823258],1,[0.01617954 0.01598899 0.00627768]
1785142632066249966,[ 0.00084895  0.00151275 -0.0003171 ],[4.1677009e-05 4.1246734e-05 3.4774531e-02],1,[-0.00756235 -0.00669993  0.32391313],[0.12088722 0.12108359 0.09125498],[ 7.0753598e-01 -3.0059161e-04  3.6504096e-04  7.0667720e-01],0,6,1785142632062375,1785142632062375,[-0.01274387 -0.03048274  0.16867869],1,[0.01632062 0.01612632 0.00630178]
1785142632074290517,[0.00244685 0.00044748 0.00234607],[4.1714458e-05 4.1281706e-05 3.4774873e-02],1,[-0.00756878 -0.00680649  0.32452568],[0.12134694 0.12154402 0.0915325 ],[ 7.0753092e-01 -2.9751819e-04  3.7197350e-04  7.0668226e-01],0,6,1785142632070375,1785142632070375,[-0.01269055 -0.03055142  0.16888623],1,[0.01639172 0.01619548 0.00631384]
1785142632086360825,[ 0.00164791  0.00044748 -0.00271394],[4.1751926e-05 4.1317904e-05 3.4775231e-02],1,[-0.00757782 -0.00691711  0.32514402],[0.12180931 0.12200707 0.09113403],[ 7.0753527e-01 -2.9370718e-04  3.7593872e-04  7.0667791e-01],0,6,1785142632078375,1785142632078375,[-0.01268755 -0.03045003  0.16887063],1,[0.01646289 0.0162647  0.0063015 ]
1785142632094197239,[ 0.00084895 -0.00035146 -0.00377921],[4.178949e-05 4.135251e-05 3.477559e-02],1,[-0.00759028 -0.00703144  0.32578582],[0.12227434 0.12247276 0.09141129],[ 7.0754486e-01 -2.8840010e-04  3.8221068e-04  7.0666832e-01],0,6,1785142632086375,1785142632086375,[-0.01283126 -0.03040811  0.16901842],1,[0.01653436 0.01633426 0.00631356]
1785142632106183194,[-0.00048263  0.00177907 -0.001915  ],[4.1862688e-05 4.1429179e-05 3.4776293e-02],1,[-0.00762549 -0.0072761   0.32713926],[0.12321243 0.12341208 0.09196853],[ 7.0755672e-01 -2.8120543e-04  3.8323284e-04  7.0665646e-01],0,6,1785142632102375,1785142632102375,[-0.01279005 -0.03091297  0.16930118],1,[0.01667791 0.01647387 0.00633769]
1785142632114224266,[-0.00234684  0.0007138  -0.00191499],[4.1899399e-05 4.1467134e-05 3.4776658e-02],1,[-0.00764561 -0.00740672  0.32784915],[0.12368551 0.12388574 0.09224851],[ 7.0756322e-01 -2.9476156e-04  3.7836601e-04  7.0664996e-01],0,6,1785142632110375,1785142632110375,[-0.012593   -0.03091116  0.16936353],1,[0.01675017 0.01654417 0.00634977]
1785142632126076252,[-4.8299076e-04 -8.5101114e-05 -5.0307892e-05],[4.1936943e-05 4.1500494e-05 3.4774546e-02],1,[-0.00766356 -0.00754144  0.32857993],[0.12414952 0.12435781 0.09252939],[ 7.0756400e-01 -2.9438565e-04  3.7692857e-04  7.0664918e-01],0,6,1785142632118375,1785142632118375,[-0.01248904 -0.03088753  0.16944018],1,[0.01681085 0.01660952 0.00636185]
1785142632134094235,[-0.00261352  0.00098016  0.00181391],[4.1974126e-05 4.1534393e-05 3.4774903e-02],1,[-0.00768339 -0.00768002  0.3293319 ],[0.12462785 0.12483679 0.09281117],[ 7.0756006e-01 -3.0381198e-04  3.7102372e-04  7.0665312e-01],0,6,1785142632126375,1785142632126375,[-0.01239014 -0.03094241  0.1696173 ],1,[0.01688347 0.01668021 0.00637394]
1785142632146076643,[0.00164754 0.00044753 0.00074864],[4.2048068e-05 4.1610896e-05 3.4775596e-02],1,[-0.00772628 -0.00796986  0.33085707],[0.12559274 0.12580289 0.09267738],[ 7.0755625e-01 -2.9782057e-04  3.7815637e-04  7.0665693e-01],0,6,1785142632142375,1785142632142375,[-0.01220205 -0.03099618  0.16993895],1,[0.01702949 0.01682231 0.00637282]
1785142632154174201,[ 0.00031596  0.00257806 -0.0016482 ],[4.2085216e-05 4.1647047e-05 3.4775946e-02],1,[-0.00775265 -0.00811908  0.3316318 ],[0.12607932 0.12629004 0.09295977],[ 7.075575e-01 -3.027431e-04  3.881910e-04  7.066557e-01],0,6,1785142632150375,1785142632150375,[-0.01245339 -0.03074135  0.1700832 ],1,[0.01710274 0.01689359 0.00638492]
1785142632165974370,[ 0.00058227 -0.00141668  0.00181391],[4.2121679e-05 4.1685504e-05 3.4776296e-02],1,[-0.00778365 -0.00827051  0.33242604],[0.12656868 0.12677994 0.09324308],[ 7.0755529e-01 -3.0278170e-04  3.8734073e-04  7.0665783e-01],0,6,1785142632158375,1785142632158375,[-0.01272056 -0.03065636  0.17014094],1,[0.01717629 0.01696516 0.00639702]
1785142632174107629,[-0.00021667 -0.001683   -0.00084926],[4.2158790e-05 4.1721836e-05 3.4776635e-02],1,[-0.00781856 -0.00842455  0.3332398 ],[0.12706083 0.1272726  0.09352729],[ 7.0755577e-01 -2.9567583e-04  3.8162639e-04  7.0665747e-01],0,6,1785142632166375,1785142632166375,[-0.01282653 -0.03058607  0.17029862],1,[0.01725003 0.01703689 0.00640912]
1785142632186098632,[-0.00102063  0.00017328  0.00048129],[4.0200233e-05 3.9846571e-05 3.4774825e-02],1,[-0.00742661 -0.00807552  0.33253688],[0.10637587 0.10652214 0.08474349],[ 7.0755982e-01 -2.9378038e-04  3.7077811e-04  7.0665342e-01],0,6,1785142632182375,1785142632182375,[-0.01246435 -0.03033194  0.17016788],1,[0.01397583 0.01382383 0.00596156]
1785142632194006407,[ 0.00164253 -0.00062567  0.00154656],[4.0235820e-05 3.9880633e-05 3.4775183e-02],1,[-0.0072428  -0.007915    0.33225816],[0.10675119 0.10689855 0.08499819],[ 7.0755643e-01 -2.8843578e-04  3.6714447e-04  7.0665681e-01],0,6,1785142632190375,1785142632190375,[-0.01237665 -0.03020125  0.16997778],1,[0.01403843 0.01388484 0.00597337]
1785142632206015030,[-0.000488   -0.00462041  0.00181287],[4.0271429e-05 3.9914274e-05 3.4775548e-02],1,[-0.00706623 -0.00776552  0.33199185],[0.10712872 0.10727714 0.08466977],[ 7.0755225e-01 -2.7933402e-04  3.5751387e-04  7.0666099e-01],0,6,1785142632198375,1785142632198375,[-0.01226014 -0.03029036  0.16992714],1,[0.01410119 0.01394602 0.00596462]
1785142632214002190,[-0.00181958 -0.00302251  0.00101392],[4.0307012e-05 3.9949191e-05 3.4775898e-02],1,[-0.00689572 -0.00762629  0.33177152],[0.10750847 0.10765794 0.08492441],[ 7.0754844e-01 -2.6986643e-04  3.4000393e-04  7.0666480e-01],0,6,1785142632206375,1785142632206375,[-0.01214662 -0.03005647  0.1697391 ],1,[0.0141642  0.01400743 0.00597643]
1785142632225892452,[ 4.4635148e-05 -1.6909313e-03 -8.5028866e-04],[4.0377377e-05 4.0014136e-05 3.4776591e-02],1,[-0.00657746 -0.00737486  0.33146426],[0.10827465 0.10842618 0.08543623],[ 7.0755172e-01 -2.7466734e-04  3.2428670e-04  7.0666152e-01],0,6,1785142632222375,1785142632222375,[-0.0123484  -0.02973176  0.16960211],1,[0.01429073 0.01413073 0.00600007]
1785142632233981816,[-0.00102063 -0.00089198 -0.00138293],[4.0413095e-05 4.0046503e-05 3.4776933e-02],1,[-0.00642978 -0.00726227  0.3313757 ],[0.10866112 0.10881364 0.08569343],[ 7.0755690e-01 -2.7349623e-04  3.2041833e-04  7.0665634e-01],0,6,1785142632230375,1785142632230375,[-0.01237801 -0.02970317  0.16960467],1,[0.01435457 0.01419292 0.0060119 ]
1785142632245872869,[-0.0036838  -0.0011583   0.00207919],[4.0448835e-05 4.0077768e-05 3.4777284e-02],1,[-0.00628855 -0.00715942  0.33132952],[0.10904986 0.10920335 0.08595147],[ 7.0755345e-01 -2.8024326e-04  3.0340088e-04  7.0665979e-01],0,6,1785142632238375,1785142632238375,[-0.01236604 -0.02976475  0.16971801],1,[0.01441852 0.01425521 0.00602374]
1785142632253871910,[-3.6837892e-03 -3.0225143e-03 -5.1341194e-05],[4.0485415e-05 4.0111951e-05 3.4777630e-02],1,[-0.00615399 -0.00706569  0.3313253 ],[0.10944086 0.10959533 0.08621038],[ 7.0755261e-01 -2.8247846e-04  2.8263638e-04  7.0666063e-01],0,6,1785142632246375,1785142632246375,[-0.01234518 -0.02959011  0.1698554 ],1,[0.01448265 0.0143177  0.00603558]
1785142632265862472,[-0.00181922 -0.00035937  0.00207893],[4.0556177e-05 4.0185052e-05 3.4775868e-02],1,[-0.00590673 -0.00690141  0.33138686],[0.11022301 0.11038377 0.08612645],[ 7.0754600e-01 -2.8543637e-04  2.6452442e-04  7.0666724e-01],0,6,1785142632262375,1785142632262375,[-0.01226385 -0.02933265  0.17022555],1,[0.01460274 0.01443955 0.00603789]
1785142632273880435,[ 1.6428924e-03  1.7711597e-03 -5.1598559e-05],[4.0592171e-05 4.0220242e-05 3.4776218e-02],1,[-0.00579213 -0.00683066  0.33145148],[0.1106208  0.11078254 0.08638612],[ 7.0754558e-01 -2.8390202e-04  2.6566521e-04  7.0666766e-01],0,6,1785142632270375,1785142632270375,[-0.01216233 -0.02916494  0.17024238],1,[0.01466762 0.01450276 0.00604974]
1785142632285830298,[0.00190921 0.00230379 0.00048103],[4.0627769e-05 4.0259725e-05 3.4776568e-02],1,[-0.00568239 -0.00676605  0.3315541 ],[0.11102091 0.11118362 0.08664665],[ 7.0754474e-01 -2.8462455e-04  2.7661797e-04  7.0666850e-01],0,6,1785142632278375,1785142632278375,[-0.01206478 -0.02885437  0.17031607],1,[0.01473265 0.01456613 0.0060616 ]
1785142632293821565,[-0.00048764 -0.00169095 -0.00218213],[4.0663246e-05 4.0293431e-05 3.4776919e-02],1,[-0.00557721 -0.00670876  0.33169428],[0.11142335 0.11158702 0.08690803],[ 7.0755029e-01 -2.8649031e-04  2.7515701e-04  7.0666295e-01],0,6,1785142632286375,1785142632286375,[-0.01189404 -0.02890802  0.17037492],1,[0.01479805 0.01462987 0.00607346]
1785142632305842158,[ 1.3765772e-03 -9.3053328e-05 -5.1601906e-05],[4.0734467e-05 4.0359355e-05 3.4777611e-02],1,[-0.00538019 -0.00661784  0.33208194],[0.1122353  0.11240081 0.0874334 ],[ 7.0755059e-01 -2.7215021e-04  2.6850819e-04  7.0666265e-01],0,6,1785142632302375,1785142632302375,[-0.01170968 -0.02881691  0.1703981 ],1,[0.01492927 0.01475762 0.0060972 ]
1785142632313951436,[-0.00075395  0.00257011 -0.00058423],[4.0770527e-05 4.0394709e-05 3.4777954e-02],1,[-0.00528843 -0.00658225  0.3323267 ],[0.11264483 0.11281122 0.08769738],[ 7.0755357e-01 -2.7853958e-04  2.7161482e-04  7.0665967e-01],0,6,1785142632310375,1785142632310375,[-0.01160495 -0.02858875  0.17033319],1,[0.01499537 0.01482197 0.00610908]
1785142632325759208,[-1.2872238e-03  4.1676858e-03 -5.4126227e-05],[4.0807572e-05 4.0429251e-05 3.4775835e-02],1,[-0.00519527 -0.00655026  0.33257324],[0.11304906 0.11322133 0.08734071],[ 7.0755428e-01 -2.9321481e-04  2.7699996e-04  7.0665896e-01],0,6,1785142632318375,1785142632318375,[-0.01157259 -0.02857391  0.1702944 ],1,[0.01505205 0.0148823  0.00609888]
1785142632333832915,[-0.00155354  0.00177084  0.00074482],[4.0844468e-05 4.0464613e-05 3.4776185e-02],1,[-0.00510711 -0.0065259   0.3328525 ],[0.11346323 0.11363643 0.08760456],[ 7.0755392e-01 -3.0412982e-04  2.7636674e-04  7.0665932e-01],0,6,1785142632326375,1785142632326375,[-0.01150371 -0.02868403  0.17034005],1,[0.01511846 0.014947   0.00611075]
1785142632345788338,[-0.00235249  0.00123821  0.00181009],[4.0917108e-05 4.0535742e-05 3.4776863e-02],1,[-0.00494095 -0.00649967  0.33350816],[0.11429881 0.11447382 0.08813487],[ 7.0754993e-01 -3.1542304e-04  2.7367647e-04  7.0666331e-01],0,6,1785142632342375,1785142632342375,[-0.01114171 -0.02865847  0.17055446],1,[0.01525197 0.01507707 0.00613453]
1785142632353843754,[-0.00128723 -0.00195758  0.00021219],[4.0954445e-05 4.0570590e-05 3.4777205e-02],1,[-0.00486357 -0.00649546  0.33388332],[0.11472023 0.11489613 0.08840133],[ 7.0755142e-01 -3.1694188e-04  2.6301068e-04  7.0666182e-01],0,6,1785142632350375,1785142632350375,[-0.01109169 -0.02853094  0.17062221],1,[0.01531903 0.01514241 0.00614643]
1785142632365713752,[-0.00075459 -0.000626    0.00074482],[4.0992505e-05 4.0607687e-05 3.4777541e-02],1,[-0.00478891 -0.00649768  0.3342876 ],[0.11514411 0.11532085 0.08866867],[ 7.0754921e-01 -3.1544990e-04  2.5466946e-04  7.0666403e-01],0,6,1785142632358375,1785142632358375,[-0.01064606 -0.02860258  0.17045774],1,[0.01538649 0.0152081  0.00615834]
1785142632373836953,[-0.00128722 -0.000626   -0.00032044],[4.1028554e-05 4.0647468e-05 3.4777883e-02],1,[-0.00471595 -0.00650678  0.33472002],[0.11557045 0.11574802 0.08893688],[ 7.0755035e-01 -3.1848272e-04  2.4790029e-04  7.0666289e-01],0,6,1785142632366375,1785142632366375,[-0.0105083  -0.02867659  0.17050117],1,[0.0154541  0.01527392 0.00617025]
1785142632385683080,[0.00137594 0.00203716 0.00127746],[4.1102092e-05 4.0718794e-05 3.4778569e-02],1,[-0.00458336 -0.00654317  0.33562753],[0.11643054 0.11660971 0.08883293],[ 7.0754468e-01 -3.1626795e-04  2.4434243e-04  7.0666856e-01],0,6,1785142632382375,1785142632382375,[-0.01063561 -0.02852054  0.17094362],1,[0.01558999 0.0154062  0.00617114]
1785142632393779726,[ 0.00190839  0.00230323 -0.00085506],[4.113911e-05 4.076068e-05 3.477643e-02],1,[-0.00452279 -0.00656703  0.3361023 ],[0.11685532 0.11704108 0.08910184],[ 7.0754725e-01 -3.2080969e-04  2.5734713e-04  7.0666599e-01],0,6,1785142632390375,1785142632390375,[-0.01073752 -0.02838674  0.17102167],1,[0.01564789 0.01546813 0.00618306]
1785142632405733165,[ 0.00057681 -0.00195783  0.00047652],[4.1176791e-05 4.0802508e-05 3.4776773e-02],1,[-0.00446635 -0.00659657  0.33660543],[0.11729146 0.11747806 0.08937164],[ 7.0754862e-01 -3.1557295e-04  2.5383520e-04  7.0666462e-01],0,6,1785142632398375,1785142632398375,[-0.01063636 -0.02838038  0.17119709],1,[0.01571626 0.0155347  0.00619498]
1785142632413725705,[ 0.00084313 -0.00089256 -0.00245296],[4.1214029e-05 4.0839823e-05 3.4777123e-02],1,[-0.00441392 -0.00663157  0.3371359 ],[0.11773011 0.11791753 0.08964231],[ 7.0755339e-01 -3.0883341e-04  2.5339468e-04  7.0665979e-01],0,6,1785142632406375,1785142632406375,[-0.01075829 -0.0284046   0.17126371],1,[0.01578483 0.01560148 0.00620691]
1785142632425713983,[4.4177403e-05 9.7165070e-04 1.8081054e-03],[4.1286734e-05 4.0912993e-05 3.4777839e-02],1,[-0.00432009 -0.00672126  0.33827662],[0.11861502 0.11880402 0.0901863 ],[ 7.0755571e-01 -3.1420105e-04  2.4442308e-04  7.0665747e-01],0,6,1785142632422375,1785142632422375,[-0.01052281 -0.02860882  0.17165896],1,[0.01592287 0.01573585 0.00623079]
1785142632433742845,[-2.0863437e-03 -3.2894106e-03 -5.6112156e-05],[4.1322044e-05 4.0944877e-05 3.4778196e-02],1,[-0.00427719 -0.00677455  0.33888692],[0.11906131 0.11925106 0.09045962],[ 7.0755404e-01 -3.1011630e-04  2.3098418e-04  7.0665914e-01],0,6,1785142632430375,1785142632430375,[-0.01033738 -0.02857757  0.17190087],1,[0.01599232 0.01580343 0.00624274]
1785142632445684233,[-0.00048845  0.00256955 -0.00058874],[4.1358398e-05 4.0980874e-05 3.4778554e-02],1,[-0.00423655 -0.00683339  0.33948928],[0.11951017 0.11970066 0.09007268],[ 7.0755762e-01 -3.1544457e-04  2.3078958e-04  7.0665556e-01],0,6,1785142632438375,1785142632438375,[-0.01011966 -0.02869252  0.17193142],1,[0.01606196 0.01587126 0.00623102]
1785142632453686990,[ 0.00031049 -0.00115888  0.00100916],[4.139645e-05 4.101580e-05 3.477891e-02],1,[-0.00419784 -0.00689837  0.34011605],[0.11996161 0.1201528  0.09034578],[ 7.0755744e-01 -3.1738658e-04  2.2952326e-04  7.0665574e-01],0,6,1785142632446375,1785142632446375,[-0.00996555 -0.02876272  0.17204393],1,[0.01613188 0.01593934 0.00624296]
1785142632465638656,[-0.00208687  0.00177035  0.00207258],[4.1468455e-05 4.1084837e-05 3.4777131e-02],1,[-0.00412405 -0.00704086  0.34144673],[0.12086182 0.1210611  0.09089465],[ 7.0755088e-01 -3.2617437e-04  2.2980575e-04  7.0666230e-01],0,6,1785142632462375,1785142632462375,[-0.00991578 -0.02862047  0.17278242],1,[0.01626171 0.01607159 0.00626688]
1785142632473728381,[-0.00155424  0.00043877  0.00020836],[4.1503223e-05 4.1122803e-05 3.4777474e-02],1,[-0.00408973 -0.00711675  0.34214935],[0.12132093 0.12152095 0.09117042],[ 7.0754975e-01 -3.3114338e-04  2.2494547e-04  7.0666343e-01],0,6,1785142632470375,1785142632470375,[-0.00991792 -0.02846161  0.17291015],1,[0.01633237 0.01614041 0.00627884]
1785142632485662347,[ 0.00270682  0.00043877 -0.00192216],[4.1538849e-05 4.1161518e-05 3.4777816e-02],1,[-0.00405857 -0.00719602  0.3428742 ],[0.12178267 0.12198341 0.09144709],[ 7.0755458e-01 -3.2933106e-04  2.3218693e-04  7.0665860e-01],0,6,1785142632478375,1785142632478375,[-0.00988385 -0.02822443  0.17300437],1,[0.01640319 0.01620941 0.00629081]
1785142632493688263,[0.00270682 0.00043877 0.00020837],[4.1575109e-05 4.1197487e-05 3.4778159e-02],1,[-0.00403085 -0.00727845  0.3436227 ],[0.12224706 0.12244849 0.09172466],[ 7.0755756e-01 -3.2262571e-04  2.3910601e-04  7.0665562e-01],0,6,1785142632486375,1785142632486375,[-0.00992038 -0.02813763  0.17356789],1,[0.01647424 0.01627864 0.00630279]
1785142632505641362,[ 4.3649576e-05 -8.9280878e-04 -2.7211108e-03],[4.1648433e-05 4.1275336e-05 3.4778837e-02],1,[-0.00398369 -0.00745597  0.34514415],[0.12318383 0.12338658 0.09159865],[ 7.075750e-01 -3.212891e-04  2.410612e-04  7.066381e-01],0,6,1785142632502375,1785142632502375,[-0.00964148 -0.02811126  0.17413917],1,[0.01661718 0.01641776 0.0063022 ]
1785142632513751451,[-0.00182056 -0.00275702  0.00313784],[4.168579e-05 4.131281e-05 3.477918e-02],1,[-0.00396289 -0.00755152  0.34591264],[0.12365625 0.12385961 0.09187684],[ 7.0756918e-01 -3.2062878e-04  2.3007383e-04  7.0664394e-01],0,6,1785142632510375,1785142632510375,[-0.00953482 -0.02819385  0.17420907],1,[0.01668921 0.01648797 0.00631419]
1785142632525678034,[ 0.00164156 -0.00328965  0.00047468],[4.1722735e-05 4.1351239e-05 3.4779523e-02],1,[-0.00394532 -0.00765245  0.34670275],[0.12413137 0.12433532 0.09215593],[ 7.0756632e-01 -3.0565870e-04  2.2213974e-04  7.0664680e-01],0,6,1785142632518375,1785142632518375,[-0.00969357 -0.02839054  0.17449418],1,[0.01676132 0.0165582  0.00632617]
1785142632533618896,[-0.00261951 -0.00062649  0.00153994],[4.1759937e-05 4.1388066e-05 3.4779858e-02],1,[-0.00393179 -0.00775954  0.34751505],[0.1246092  0.12481372 0.09243592],[ 7.0756316e-01 -3.1027512e-04  2.1577433e-04  7.0665008e-01],0,6,1785142632526375,1785142632526375,[-0.0097194  -0.0286703   0.17474535],1,[0.01683358 0.0166285  0.00633817]
1785142632545576673,[ 0.00057594  0.00017252 -0.00138888],[4.1831769e-05 4.1455543e-05 3.4778059e-02],1,[-0.00390498 -0.00798741  0.3492014 ],[0.12556073 0.12577422 0.09299861],[ 7.0757830e-01 -3.0784513e-04  2.0806282e-04  7.0663482e-01],0,6,1785142632542375,1785142632542375,[-0.00950706 -0.02858349  0.17523576],1,[0.01696713 0.01676478 0.00636218]
1785142632553612746,[-0.00128827 -0.00302327 -0.00192152],[4.1869225e-05 4.1490552e-05 3.4778401e-02],1,[-0.00389509 -0.00810711  0.35007584],[0.1260466  0.12626068 0.09328131],[ 7.0758355e-01 -3.0193091e-04  1.9730412e-04  7.0662957e-01],0,6,1785142632550375,1785142632550375,[-0.00958502 -0.02853664  0.17548454],1,[0.01704009 0.01683582 0.00637419]
1785142632565597468,[ 0.00190752 -0.001958   -0.00058993],[4.1906616e-05 4.1524148e-05 3.4778737e-02],1,[-0.00388853 -0.00823045  0.3509367 ],[0.12653524 0.1267499  0.09286202],[ 7.0758688e-01 -2.9187088e-04  1.9374205e-04  7.0662636e-01],0,6,1785142632558375,1785142632558375,[-0.00967438 -0.02855703  0.17567827],1,[0.01711339 0.01690716 0.0063609 ]
1785142632573684388,[-0.00075564  0.00203674  0.00154059],[4.1944226e-05 4.1562922e-05 3.4779064e-02],1,[-0.00388582 -0.00835847  0.35181743],[0.12702666 0.12724188 0.09314441],[ 7.0758408e-01 -2.9536668e-04  1.9550593e-04  7.0662916e-01],0,6,1785142632566375,1785142632566375,[-0.00977533 -0.02878985  0.17587598],1,[0.01718685 0.01697875 0.00637291]
1785142632585619737,[ 8.4220193e-04 -3.6713574e-04 -5.3950062e-05],[3.9979604e-05 3.9659146e-05 3.4779087e-02],1,[-0.00386916 -0.00817196  0.3513279 ],[0.1059976  0.10614111 0.08418331],[ 7.0758319e-01 -2.9698134e-04  1.9843713e-04  7.0663005e-01],0,6,1785142632574375,1785142632574375,[-0.00963897 -0.02874183  0.17574127],1,[0.01387816 0.01372645 0.00591898]
1785142632593541245,[-0.0023536   0.0001655   0.00154394],[4.0016268e-05 3.9696071e-05 3.4779422e-02],1,[-0.00385474 -0.00799698  0.35089257],[0.10637049 0.10651506 0.08443566],[ 7.0758015e-01 -2.9980025e-04  1.9036209e-04  7.0663309e-01],0,6,1785142632582375,1785142632582375,[-0.00952346 -0.02880977  0.17573148],1,[0.01394015 0.0137869  0.0059307 ]
1785142632605611182,[-0.00208727 -0.00196504 -0.00378237],[4.0086008e-05 3.9766914e-05 3.4780107e-02],1,[-0.00382829 -0.00768115  0.35017774],[0.10712288 0.10726948 0.08494286],[ 7.0758557e-01 -3.1109373e-04  1.7619980e-04  7.0662755e-01],0,6,1785142632598375,1785142632598375,[-0.00902956 -0.0288584   0.17547773],1,[0.01406502 0.0139087  0.00595415]
1785142632613670746,[ 4.2295549e-05 -1.4326066e-03  2.1080679e-04],[4.0121231e-05 3.9799164e-05 3.4777973e-02],1,[-0.00380986 -0.00753832  0.34989446],[0.10749646 0.10764799 0.08519773],[ 7.0758969e-01 -3.0412548e-04  1.6972444e-04  7.0662355e-01],0,6,1785142632606375,1785142632606375,[-0.00885842 -0.02899754  0.17526661],1,[0.0141191  0.01396599 0.00596589]
1785142632625566487,[ 0.00190652  0.0020295  -0.00138709],[4.0190760e-05 3.9875205e-05 3.4778651e-02],1,[-0.00377691 -0.00728624  0.34944102],[0.10826191 0.10841552 0.08511981],[ 7.0759338e-01 -2.9206378e-04  1.7833085e-04  7.0661986e-01],0,6,1785142632622375,1785142632622375,[-0.00854743 -0.02915058  0.17520934],1,[0.0142451  0.01408873 0.00596865]
1785142632633716244,[ 0.00057493 -0.00010103 -0.00191972],[4.022558e-05 3.990656e-05 3.477900e-02],1,[-0.00376457 -0.0071752   0.34926942],[0.108648   0.10880263 0.08537545],[ 7.0759839e-01 -2.8961510e-04  1.8023048e-04  7.0661485e-01],0,6,1785142632630375,1785142632630375,[-0.00872361 -0.02908874  0.17511357],1,[0.0143086  0.01415055 0.00598039]
1785142632645630135,[ 0.00057493 -0.00169892  0.00127607],[4.0260889e-05 3.9936553e-05 3.4779344e-02],1,[-0.00375512 -0.00707327  0.3491437 ],[0.10903635 0.10919198 0.08563194],[ 7.0759875e-01 -2.8491011e-04  1.7688426e-04  7.0661438e-01],0,6,1785142632638375,1785142632638375,[-0.00848975 -0.02908432  0.17528279],1,[0.01437194 0.01421223 0.00599214]
1785142632653640235,[ 0.00297179 -0.00196524  0.00021081],[4.0295901e-05 3.9969174e-05 3.4779694e-02],1,[-0.00374517 -0.00698076  0.34906292],[0.10942696 0.10958356 0.08588929],[ 7.0759499e-01 -2.7041158e-04  1.7506469e-04  7.0661813e-01],0,6,1785142632646375,1785142632646375,[-0.00814825 -0.02911678  0.1752665 ],1,[0.0144355  0.01427417 0.0060039 ]
1785142632665630717,[ 0.00084125  0.00043161 -0.00112077],[4.0368112e-05 4.0041828e-05 3.4780372e-02],1,[-0.00373056 -0.0068235   0.3490319 ],[0.11021503 0.11037354 0.08640653],[ 7.0760363e-01 -2.5535043e-04  1.7940796e-04  7.0660949e-01],0,6,1785142632662375,1785142632662375,[-0.00808668 -0.0292017   0.17554268],1,[0.01456403 0.01439948 0.00602743]
1785142632673575435,[ 0.0016402   0.00336108 -0.00138709],[4.0405663e-05 4.0074123e-05 3.4780715e-02],1,[-0.00372673 -0.00675799  0.34907982],[0.11061253 0.11077196 0.08666644],[ 7.0760781e-01 -2.5892610e-04  1.8896378e-04  7.0660532e-01],0,6,1785142632670375,1785142632670375,[-0.00803482 -0.0291894   0.17573401],1,[0.01462841 0.01446222 0.0060392 ]
1785142632685646354,[ 0.00030846 -0.00063356  0.00234225],[4.0441220e-05 4.0112194e-05 3.4778558e-02],1,[-0.00372267 -0.00670129  0.3491304 ],[0.11100533 0.11117028 0.08632017],[ 7.0760399e-01 -2.5647841e-04  1.9251171e-04  7.0660913e-01],0,6,1785142632678375,1785142632678375,[-0.00785439 -0.02919291  0.17583685],1,[0.0146839  0.01452128 0.00602957]
1785142632693729197,[-0.0007568  -0.00063356  0.00127699],[4.0478182e-05 4.0148927e-05 3.4778900e-02],1,[-0.00372059 -0.0066532   0.34922093],[0.11140733 0.11157326 0.08657997],[ 7.0759934e-01 -2.5516676e-04  1.8892335e-04  7.0661390e-01],0,6,1785142632686375,1785142632686375,[-0.00788121 -0.02927646  0.17578156],1,[0.01474893 0.01458461 0.00604134]
1785142632705573440,[-0.00182206 -0.00116619 -0.00591355],[4.0550578e-05 4.0218965e-05 3.4779578e-02],1,[-0.00372192 -0.00657938  0.3495112 ],[0.11221838 0.11238618 0.08710214],[ 7.0761585e-01 -2.5933937e-04  1.6898643e-04  7.0659739e-01],0,6,1785142632702375,1785142632702375,[-0.00756088 -0.02911389  0.17531043],1,[0.0148793  0.01471166 0.00606491]
1785142632713599046,[-0.00022417  0.00282856  0.00021173],[4.0587565e-05 4.0251551e-05 3.4779921e-02],1,[-0.00372314 -0.00655319  0.34971   ],[0.11262745 0.11279616 0.08736452],[ 7.0762312e-01 -2.6631416e-04  1.6996668e-04  7.0659006e-01],0,6,1785142632710375,1785142632710375,[-0.00732459 -0.02914113  0.1754593 ],1,[0.01494493 0.01477557 0.0060767 ]
1785142632725541286,[-0.00102311 -0.00036724  0.00234225],[4.0622650e-05 4.0286832e-05 3.4780264e-02],1,[-0.00372507 -0.00653407  0.3499457 ],[0.11303888 0.1132085  0.08762775],[ 7.0761532e-01 -2.6914335e-04  1.6983321e-04  7.0659786e-01],0,6,1785142632718375,1785142632718375,[-0.00716105 -0.02912484  0.1756884 ],1,[0.01501071 0.0148397  0.0060885 ]
1785142632733543382,[ 0.00057478 -0.00036724  0.00021173],[4.0657873e-05 4.0321193e-05 3.4780614e-02],1,[-0.00372734 -0.00652259  0.350202  ],[0.11345271 0.11362319 0.08727132],[ 7.0761395e-01 -2.6594981e-04  1.6744561e-04  7.0659924e-01],0,6,1785142632726375,1785142632726375,[-0.00691251 -0.02926975  0.17580807],1,[0.01507677 0.01490411 0.00607834]
1785142632745582577,[ 0.00217267 -0.00116619  0.00154331],[4.0729064e-05 4.0396684e-05 3.4781307e-02],1,[-0.00373442 -0.00652215  0.3508164 ],[0.11428758 0.11445975 0.08779838],[ 7.0761144e-01 -2.5431265e-04  1.7026566e-04  7.0660174e-01],0,6,1785142632742375,1785142632742375,[-0.00674082 -0.02919975  0.17591819],1,[0.01520946 0.01503362 0.00610194]
1785142632753764869,[ 0.00084099  0.00149626 -0.00219119],[4.0765721e-05 4.0436611e-05 3.4779172e-02],1,[-0.00373884 -0.00652394  0.35117266],[0.1147004  0.11487877 0.08806321],[ 7.0761377e-01 -2.5004047e-04  1.7588257e-04  7.0659941e-01],0,6,1785142632750375,1785142632750375,[-0.00665444 -0.02893982  0.17586032],1,[0.01526645 0.01509451 0.00611375]
1785142632765519340,[-0.00182217  0.00122995 -0.00112593],[4.0802668e-05 4.0471245e-05 3.4779523e-02],1,[-0.00374478 -0.00653112  0.3515594 ],[0.11512376 0.11530301 0.08832891],[ 7.0762056e-01 -2.5709911e-04  1.7401390e-04  7.0659262e-01],0,6,1785142632758375,1785142632758375,[-0.00658801 -0.02886594  0.1757526 ],1,[0.01533343 0.01515991 0.00612557]
1785142632773608033,[ 4.2041298e-05 -6.3426979e-04 -3.2697385e-04],[4.0839150e-05 4.0504263e-05 3.4779865e-02],1,[-0.00375092 -0.00654422  0.3519763 ],[0.11554958 0.11572968 0.08859549],[ 7.0762205e-01 -2.5966304e-04  1.7444421e-04  7.0659113e-01],0,6,1785142632766375,1785142632766375,[-0.0062635  -0.02880114  0.17575274],1,[0.0154005  0.01522543 0.00613739]
1785142633238393587,[-0.00182217 -0.00063427 -0.00272382],[4.091001e-05 4.056790e-05 3.478056e-02],1,[-0.00376489 -0.00658944  0.35289878],[0.11640859 0.11659037 0.08913124],[ 7.0763415e-01 -2.5058296e-04  1.4979942e-04  7.0657903e-01],0,6,1785142632782375,1785142632782375,[-0.00611408 -0.02891902  0.17583162],1,[0.01553557 0.01535702 0.00616106]
1785142633238517327,[-0.00421902  0.00096363 -0.00112593],[4.0946514e-05 4.0602441e-05 3.4780901e-02],1,[-0.00377368 -0.00662132  0.35334206],[0.11684183 0.11702439 0.08875851],[ 7.0764017e-01 -2.6415894e-04  1.4244455e-04  7.0657301e-01],0,6,1785142632790375,1785142632790375,[-0.00607162 -0.0289175   0.17582653],1,[0.01560329 0.0154231  0.00615008]
1785142633239270247,[-0.00075691 -0.00143322  0.00047197],[4.1020521e-05 4.0664007e-05 3.4781594e-02],1,[-0.00379595 -0.0067064   0.35431957],[0.11771581 0.11789989 0.08929564],[ 7.0764577e-01 -2.5259750e-04  1.3121127e-04  7.0656741e-01],0,6,1785142632806375,1785142632806375,[-0.00597901 -0.02939934  0.17619093],1,[0.01573958 0.01555609 0.00617376]
1785142633239339344,[-0.00208856  0.00123002 -0.00059259],[4.1091018e-05 4.0730760e-05 3.4779802e-02],1,[-0.00382272 -0.00681702  0.35541064],[0.11859026 0.11878203 0.08983628],[ 7.07638919e-01 -2.55832885e-04  1.19762306e-04  7.06574261e-01],0,6,1785142632822375,1785142632822375,[-0.00604983 -0.02922342  0.17642264],1,[0.01586629 0.01568528 0.00619745]
1785142633239403773,[ 0.00137355  0.00202897 -0.00139154],[4.1163014e-05 4.0799991e-05 3.4780487e-02],1,[-0.00385713 -0.0069498   0.3565848 ],[0.1194842  0.11967752 0.08972441],[ 7.0765084e-01 -2.5878698e-04  1.3368124e-04  7.0656234e-01],0,6,1785142632838375,1785142632838375,[-0.00619947 -0.02928135  0.17694141],1,[0.01600451 0.01582008 0.00619779]
1785142633239462313,[ 0.00217249  0.00043108 -0.00112522],[4.1199757e-05 4.0839433e-05 3.4780823e-02],1,[-0.0038779  -0.00702355  0.3571988 ],[0.11993504 0.12012909 0.08999584],[ 7.0765513e-01 -2.5408919e-04  1.4275995e-04  7.0655805e-01],0,6,1785142632846375,1785142632846375,[-0.00629623 -0.02923652  0.17706555],1,[0.01607426 0.01588805 0.00620965]
1785142633239517166,[4.1962834e-05 3.6268723e-03 2.8695189e-03],[4.1271836e-05 4.0915020e-05 3.4781523e-02],1,[-0.00392411 -0.00718389  0.3585054 ],[0.12084449 0.12103995 0.09054134],[ 7.0765418e-01 -2.5532913e-04  1.4897782e-04  7.0655900e-01],0,6,1785142632862375,1785142632862375,[-0.00623573 -0.02927402  0.1775224 ],1,[0.01621414 0.01602458 0.00623339]
1785142633239584340,[-0.00208856  0.00149634 -0.00032628],[4.1344061e-05 4.0986448e-05 3.4782216e-02],1,[-0.00397553 -0.00736666  0.35991132],[0.12176439 0.12196118 0.09109039],[ 7.0765024e-01 -2.6006193e-04  1.6324063e-04  7.0656294e-01],0,6,1785142632878375,1785142632878375,[-0.00618557 -0.02949849  0.17758429],1,[0.01635462 0.0161617  0.00625714]
1785142633239656463,[-0.0020869  -0.00010138 -0.00059158],[4.1453073e-05 4.1084986e-05 3.4780759e-02],1,[-0.00409085 -0.00768507  0.36215058],[0.12315273 0.12335864 0.09124415],[ 7.0766592e-01 -2.6569550e-04  1.5530654e-04  7.0654714e-01],0,6,1785142632902375,1785142632902375,[-0.0059525  -0.02985948  0.178355  ],1,[0.01655649 0.01636454 0.0062687 ]
1785142633239703372,[ 4.3629087e-05  9.6388691e-04 -5.8951293e-05],[4.1488729e-05 4.1123218e-05 3.4781095e-02],1,[-0.00413667 -0.00780214  0.3629365 ],[0.12362445 0.12383103 0.09152064],[ 7.0766681e-01 -2.6799919e-04  1.5260298e-04  7.0654625e-01],0,6,1785142632910375,1785142632910375,[-0.00597003 -0.02984723  0.17841087],1,[0.01662808 0.0164343  0.00628059]
1785142633239735177,[ 0.00084258  0.00202915 -0.00298843],[4.1524610e-05 4.1159386e-05 3.4781437e-02],1,[-0.00418271 -0.00792355  0.36374348],[0.12409887 0.12430608 0.09179803],[ 7.0767522e-01 -2.7144921e-04  1.6310827e-04  7.0653784e-01],0,6,1785142632918375,1785142632918375,[-0.0057826  -0.02994884  0.17839009],1,[0.01669982 0.01650439 0.00629249]
1785142633239762904,[ 0.00084257 -0.00010138  0.00207158],[4.1563027e-05 4.1196050e-05 3.4781780e-02],1,[-0.00422742 -0.00804934  0.36457053],[0.12457599 0.12478382 0.09207631],[ 7.0767343e-01 -2.7003279e-04  1.6422561e-04  7.0653969e-01],0,6,1785142632926375,1785142632926375,[-0.00546136 -0.0299667   0.1783881 ],1,[0.01677176 0.01657456 0.0063044 ]
1785142633239780844,[-0.000489   -0.00063401 -0.00352106],[4.1636384e-05 4.1277595e-05 3.4782466e-02],1,[-0.00431456 -0.00831223  0.3662884 ],[0.12553841 0.1257474  0.09263556],[ 7.0767945e-01 -2.6916101e-04  1.6013447e-04  7.0653361e-01],0,6,1785142632942375,1785142632942375,[-0.00523112 -0.02978604  0.17895716],1,[0.0169164  0.01671556 0.00632823]
1785142633239796831,[ 0.00137521 -0.00169927 -0.00325474],[4.1673826e-05 4.1313640e-05 3.4782801e-02],1,[-0.00435884 -0.00844901  0.36717898],[0.12602374 0.12623326 0.09291653],[ 7.0768923e-01 -2.6141648e-04  1.5792961e-04  7.0652390e-01],0,6,1785142632950375,1785142632950375,[-0.00532247 -0.02994123  0.17923607],1,[0.01698878 0.01678613 0.00634015]
1785142633239816024,[ 0.00110889 -0.00090033 -0.00032527],[4.1711559e-05 4.1348747e-05 3.4783151e-02],1,[-0.00440516 -0.00858975  0.36804846],[0.12651183 0.12672186 0.09250098],[ 7.0769405e-01 -2.5519647e-04  1.5876447e-04  7.0651907e-01],0,6,1785142632958375,1785142632958375,[-0.00548615 -0.02984832  0.1795157 ],1,[0.01706165 0.01685725 0.00632707]
1785142633239834125,[ 0.00030992 -0.00116675 -0.00245668],[4.1749296e-05 4.1384406e-05 3.4781024e-02],1,[-0.00445211 -0.0087318   0.36893898],[0.12698978 0.12720862 0.09278164],[ 7.0769918e-01 -2.5050653e-04  1.5661059e-04  7.0651394e-01],0,6,1785142632966375,1785142632966375,[-0.00535786 -0.02969834  0.1797515 ],1,[0.0171229  0.01692346 0.00633899]
1785142633239858436,[-0.00182251 -0.00357057 -0.00085546],[3.9850769e-05 3.9545983e-05 3.4780238e-02],1,[-0.00435263 -0.00842737  0.3682113 ],[0.10635812 0.10650469 0.08414359],[ 7.0770329e-01 -2.4949291e-04  1.4707062e-04  7.0650971e-01],0,6,1785142632982375,1785142632982375,[-0.00529585 -0.02966131  0.1796791 ],1,[0.01389561 0.01374833 0.00590177]
1785142633239881685,[ 0.00084064 -0.00090741  0.00154138],[3.9884195e-05 3.9577986e-05 3.4780581e-02],1,[-0.00430735 -0.00829124  0.36792547],[0.10673285 0.10688045 0.08439534],[ 7.0770103e-01 -2.4450410e-04  1.4080534e-04  7.0651209e-01],0,6,1785142632990375,1785142632990375,[-0.0052876  -0.02960883  0.17965737],1,[0.01395749 0.0138086  0.00591341]
1785142633245535082,[ 0.00190507 -0.00117422  0.00286879],[4.0974570e-05 4.0631730e-05 3.4783848e-02],1,[-0.00363051 -0.00768138  0.3762464 ],[0.11946647 0.11965636 0.09006214],[ 7.0777839e-01 -2.4686236e-04  1.2792143e-04  7.0643449e-01],0,6,1785142633238402,1785142633238402,[-0.0031422  -0.02795749  0.18122578],1,[0.0159612  0.01577898 0.00619081]
1785142633253561500,[ 0.00137244 -0.00090791  0.00206983],[4.1010626e-05 4.0664167e-05 3.4784190e-02],1,[-0.00362803 -0.00775527  0.37693432],[0.11991686 0.12010743 0.08967865],[ 7.0777017e-01 -2.3862880e-04  1.2922491e-04  7.0644271e-01],0,6,1785142633246402,1785142633246402,[-0.00297868 -0.02776645  0.1814466 ],1,[0.0160304  0.01584643 0.00617932]
1785142633265655951,[-0.00102451 -0.00303852  0.00393335],[4.1083706e-05 4.0731153e-05 3.4782395e-02],1,[-0.00361996 -0.00791353  0.3783847 ],[0.12081493 0.12101363 0.09022111],[ 7.0776212e-01 -2.3127691e-04  1.1689264e-04  7.0645082e-01],0,6,1785142633262402,1785142633262402,[-0.00254191 -0.02780409  0.18158808],1,[0.01615857 0.01597789 0.00620289]
1785142633273769017,[-0.00075819  0.00015727  0.00073756],[4.1120438e-05 4.0768191e-05 3.4782737e-02],1,[-0.00361704 -0.00799979  0.3791465 ],[0.12127293 0.12147236 0.09049366],[ 7.0775741e-01 -2.3064355e-04  1.1078899e-04  7.0645553e-01],0,6,1785142633270402,1785142633270402,[-0.00274731 -0.02774467  0.18185306],1,[0.01622841 0.01604608 0.00621468]
1785142633285552560,[-0.00182346 -0.00010904  0.00020493],[4.1154854e-05 4.0802650e-05 3.4783088e-02],1,[-0.00361656 -0.00809042  0.37993202],[0.12173355 0.12193368 0.09076709],[ 7.0775717e-01 -2.3417234e-04  1.0585710e-04  7.0645577e-01],0,6,1785142633278402,1785142633278402,[-0.00274685 -0.02781708  0.18196976],1,[0.01629831 0.01611417 0.00622648]
1785142633293731738,[ 0.00217128  0.00042359 -0.00139296],[4.1190622e-05 4.0833547e-05 3.4783438e-02],1,[-0.00361635 -0.0081869   0.38074043],[0.12219679 0.12239761 0.09104141],[ 7.07759559e-01 -2.33947692e-04  1.08492815e-04  7.06453383e-01],0,6,1785142633286402,1785142633286402,[-0.00261296 -0.02809796  0.18211046],1,[0.0163687  0.01618275 0.00623828]
1785142633305595857,[0.00297023 0.00015728 0.00206915],[4.1262174e-05 4.0899420e-05 3.4784138e-02],1,[-0.00361724 -0.00839806  0.38239253],[0.12313124 0.12333334 0.090919  ],[ 7.0775515e-01 -2.2226227e-04  1.0634073e-04  7.0645779e-01],0,6,1785142633302402,1785142633302402,[-0.0022664  -0.02852497  0.18233737],1,[0.01651016 0.01632061 0.00623791]
1785142633313637532,[-0.00129083 -0.00383747  0.00286809],[4.1298947e-05 4.0932988e-05 3.4784488e-02],1,[-0.00361694 -0.00851185  0.3832357 ],[0.12360246 0.12380517 0.09119394],[ 7.0774877e-01 -2.1570003e-04  9.7412427e-05  7.0646417e-01],0,6,1785142633310402,1785142633310402,[-0.00214466 -0.0286083   0.18243775],1,[0.0165811  0.01638961 0.00624972]
1785142633325535789,[ 3.0649756e-04  1.5718839e-04 -6.1944564e-05],[4.133528e-05 4.097094e-05 3.478232e-02],1,[-0.00361051 -0.0086287   0.38410062],[0.12406466 0.12427557 0.09146977],[ 7.0774728e-01 -2.1329419e-04  9.3418283e-05  7.0646566e-01],0,6,1785142633318402,1785142633318402,[-0.00197369 -0.02855245  0.18272917],1,[0.01664119 0.01645448 0.00626153]
1785142633333576242,[0.00030649 0.00175509 0.00100332],[4.1371026e-05 4.1007061e-05 3.4782663e-02],1,[-0.00360393 -0.00874929  0.3849883 ],[0.12454107 0.12475266 0.09174649],[ 7.0774490e-01 -2.1579521e-04  9.7370881e-05  7.0646805e-01],0,6,1785142633326402,1785142633326402,[-0.00177502 -0.0285516   0.18306318],1,[0.01671274 0.01652427 0.00627335]
1785142633345616521,[ 0.00243702 -0.00144071 -0.00165984],[4.1404954e-05 4.1048545e-05 3.4783013e-02],1,[-0.0035975  -0.00887339  0.38589707],[0.1250202  0.12523243 0.0920241 ],[ 7.0774889e-01 -2.0889712e-04  1.0172306e-04  7.0646405e-01],0,6,1785142633334402,1785142633334402,[-0.00179808 -0.02849024  0.18323363],1,[0.01678454 0.01659422 0.00628518]
1785142633353635607,[ 0.00030649 -0.00383755 -0.00112721],[4.1441424e-05 4.1085899e-05 3.4783363e-02],1,[-0.00359343 -0.00900055  0.38682672],[0.12550205 0.12571491 0.0923026 ],[ 7.0775396e-01 -1.9750542e-04  9.4804243e-05  7.0645899e-01],0,6,1785142633342402,1785142633342402,[-0.00198538 -0.02839038  0.18358043],1,[0.01685672 0.01666459 0.00629701]
1785142633365712568,[-0.00102508 -0.00277229 -0.00139353],[4.1514897e-05 4.1157793e-05 3.4784056e-02],1,[-0.0035912 -0.0092679  0.3887488],[0.12647398 0.12668802 0.09286229],[ 7.0775652e-01 -1.8945440e-04  7.9944715e-05  7.0645642e-01],0,6,1785142633358402,1785142633358402,[-0.00213727 -0.02875232  0.18411341],1,[0.01700127 0.01680615 0.00632069]
1785142633373736713,[ 0.00137176 -0.00170702  0.00073701],[4.1550757e-05 4.1192576e-05 3.4784406e-02],1,[-0.00359259 -0.00940824  0.38968536],[0.12696409 0.12717868 0.09244686],[ 7.0775664e-01 -1.8073883e-04  7.5756201e-05  7.0645630e-01],0,6,1785142633366402,1785142633366402,[-0.00222094 -0.02880677  0.18447097],1,[0.01707417 0.01687708 0.00630766]
1785142633385577152,[ 0.00030554  0.00227861 -0.00032385],[3.9663926e-05 3.9363415e-05 3.4781557e-02],1,[-0.00353735 -0.00928267  0.39017758],[0.10629789 0.10644237 0.0838521 ],[ 7.0775425e-01 -1.7275670e-04  7.3121650e-05  7.0645869e-01],0,6,1785142633382402,1785142633382402,[-0.00182941 -0.02855497  0.18462746],1,[0.01384606 0.01370097 0.00587299]
1785142633393640433,[ 0.00083818  0.00334399 -0.00032279],[3.9698283e-05 3.9395345e-05 3.4779411e-02],1,[-0.00347983 -0.00902526  0.38976786],[0.10666622 0.10681552 0.08410244],[ 7.0775491e-01 -1.7863294e-04  8.3806895e-05  7.0645803e-01],0,6,1785142633390402,1785142633390402,[-0.00157174 -0.0285174   0.18455249],1,[0.01389942 0.01375761 0.00588455]
1785142633405553726,[-0.00022708  0.00121346  0.00234037],[3.9733437e-05 3.9425948e-05 3.4779754e-02],1,[-0.0034241  -0.00877977  0.38941267],[0.1070423  0.10719266 0.08435361],[ 7.0774734e-01 -1.8113710e-04  8.6605971e-05  7.0646560e-01],0,6,1785142633398402,1785142633398402,[-0.00162615 -0.02817591  0.18454792],1,[0.01396125 0.01381804 0.00589612]
1785142633413526824,[ 0.00030555  0.00121346 -0.00058911],[3.9768704e-05 3.9459879e-05 3.4780096e-02],1,[-0.00337141 -0.0085462   0.38911015],[0.10742056 0.10757197 0.08460561],[ 7.0774508e-01 -1.8365297e-04  8.8673296e-05  7.0646787e-01],0,6,1785142633406402,1785142633406402,[-0.00170648 -0.02837327  0.18440782],1,[0.0140234  0.0138789  0.00590769]
1785142633425768836,[-0.00049339 -0.00304759 -0.00085543],[3.9839997e-05 3.9530412e-05 3.4780782e-02],1,[-0.00327465 -0.00811944  0.3886269 ],[0.10818374 0.10833717 0.08453009],[ 7.0774353e-01 -1.7254171e-04  6.7622823e-05  7.0646942e-01],0,6,1785142633422402,1785142633422402,[-0.00181571 -0.02838693  0.18415408],1,[0.01414807 0.01400058 0.00591059]
1785142633433820187,[ 0.0027024  -0.00358023 -0.00165437],[3.9874674e-05 3.9566879e-05 3.4781132e-02],1,[-0.00322977 -0.00792326  0.38844493],[0.10856867 0.10872308 0.08478286],[ 7.077458e-01 -1.588987e-04  6.107451e-05  7.064673e-01],0,6,1785142633430402,1785142633430402,[-0.00175938 -0.028345    0.18414526],1,[0.01421077 0.0140618  0.00592217]
1785142633445591859,[ 0.00403398  0.00041452 -0.00138806],[3.9908922e-05 3.9599698e-05 3.4781475e-02],1,[-0.00318609 -0.00773858  0.38831112],[0.10895583 0.10911122 0.08503647],[ 7.0774835e-01 -1.4336752e-04  6.9231530e-05  7.0646471e-01],0,6,1785142633438402,1785142633438402,[-0.00162038 -0.02835098  0.18410483],1,[0.01427358 0.01412336 0.00593376]
1785142633453609793,[ 3.0554947e-04  1.4820008e-04 -5.6480145e-05],[3.9944971e-05 3.9634237e-05 3.4781817e-02],1,[-0.00314363 -0.00756367  0.38822377],[0.10934525 0.1095016  0.08529093],[ 7.0774823e-01 -1.4027763e-04  7.1768547e-05  7.0646477e-01],0,6,1785142633446402,1785142633446402,[-0.00156439 -0.02801794  0.18404189],1,[0.01433668 0.01418505 0.00594535]
1785142633465651355,[ 0.00030596 -0.00171699  0.00020109],[4.0017105e-05 3.9698360e-05 3.4780018e-02],1,[-0.0030716  -0.00722765  0.3881844 ],[0.11012419 0.11028688 0.08580237],[ 7.0774949e-01 -1.3827108e-04  6.2205880e-05  7.0646352e-01],0,6,1785142633462402,1785142633462402,[-0.00170202 -0.02774686  0.18412057],1,[0.01445486 0.01430578 0.00596856]
1785142633473627638,[ 0.00030596 -0.00491278  0.00233161],[4.0052615e-05 3.9732775e-05 3.4780361e-02],1,[-0.0030386  -0.00707397  0.38823014],[0.11052033 0.11068399 0.08605935],[ 7.0774555e-01 -1.2315903e-04  4.8960497e-05  7.0646745e-01],0,6,1785142633470402,1785142633470402,[-0.00156628 -0.02768681  0.18406528],1,[0.01451858 0.01436812 0.00598017]
1785142633485824944,[-0.00049298 -0.00038541  0.00100003],[4.0086430e-05 3.9766252e-05 3.4780703e-02],1,[-0.00300707 -0.00693014  0.3883178 ],[0.11091875 0.11108339 0.08631717],[ 7.07738280e-01 -1.20097684e-04  4.32727938e-05  7.06474721e-01],0,6,1785142633478402,1785142633478402,[-0.00161804 -0.02768769  0.18415397],1,[0.01458248 0.01443068 0.00599179]
1785142633493668902,[ 0.00057228 -0.00145067  0.0004674 ],[4.0121537e-05 3.9796538e-05 3.4781046e-02],1,[-0.00297744 -0.00679619  0.38838884],[0.11131949 0.11148508 0.08597369],[ 7.0773846e-01 -1.1440532e-04  3.7970836e-05  7.0647454e-01],0,6,1785142633486402,1785142633486402,[-0.00163207 -0.02766422  0.18421267],1,[0.01464677 0.01449336 0.00598234]
1785142633505577577,[0.00137123 0.00041354 0.00020109],[4.0195140e-05 3.9863335e-05 3.4781754e-02],1,[-0.00292579 -0.00655426  0.38865298],[0.11212794 0.11229539 0.08648999],[ 7.0773166e-01 -9.5498937e-05  3.0410492e-05  7.0648134e-01],0,6,1785142633502402,1785142633502402,[-0.00199403 -0.02744058  0.18417649],1,[0.01477562 0.01461883 0.00600558]
1785142633513738805,[-0.00049298  0.0014788   0.00020108],[4.0231724e-05 3.9899303e-05 3.4782097e-02],1,[-0.00290409 -0.00644683  0.38884425],[0.11253569 0.11270403 0.08674941],[ 7.0773143e-01 -9.7722528e-05  3.2305354e-05  7.0648158e-01],0,6,1785142633510402,1785142633510402,[-0.00195927 -0.02759231  0.18431115],1,[0.01484052 0.01468212 0.0060172 ]
1785142633525541230,[ 0.00030597  0.00201144 -0.00086418],[4.0268453e-05 3.9931943e-05 3.4782454e-02],1,[-0.0028836  -0.00634848  0.38907525],[0.1129458  0.11311501 0.08700968],[ 7.0773232e-01 -1.0258385e-04  3.6848203e-05  7.0648068e-01],0,6,1785142633518402,1785142633518402,[-0.00189109 -0.0275008   0.18465571],1,[0.01490553 0.01474546 0.00602884]
1785142633533595656,[-0.00129208  0.00014727 -0.00113007],[4.0305458e-05 3.9964718e-05 3.4780283e-02],1,[-0.00286272 -0.0062589   0.38934502],[0.11335051 0.11352573 0.08727081],[ 7.0773584e-01 -1.0594941e-04  3.3112192e-05  7.0647717e-01],0,6,1785142633526402,1785142633526402,[-0.0018793  -0.02759171  0.1847647 ],1,[0.01496147 0.01480537 0.00604048]
1785142633545601546,[ 3.9495295e-05 -1.7169452e-03  3.6636181e-03],[4.0339739e-05 3.9998602e-05 3.4780633e-02],1,[-0.0028432  -0.00617831  0.389651  ],[0.11376523 0.11394138 0.08753279],[ 7.0772862e-01 -1.0254002e-04  2.7872773e-05  7.0648438e-01],0,6,1785142633534402,1785142633534402,[-0.00179118 -0.0276722   0.18486765],1,[0.01502707 0.01486958 0.00605213]
1785142633553536740,[ 0.00110477 -0.00224958 -0.00113007],[4.0371935e-05 4.0031042e-05 3.4780990e-02],1,[-0.00282456 -0.0061068   0.38996145],[0.11418234 0.1143594  0.08717645],[ 7.0772898e-01 -9.2353519e-05  2.3386781e-05  7.0648402e-01],0,6,1785142633542402,1785142633542402,[-0.00180478 -0.02778881  0.18504952],1,[0.01509274 0.014934   0.00604203]
1785142633565622756,[-4.9313391e-04 -3.8536615e-04 -6.4806954e-05],[4.0439663e-05 4.0099225e-05 3.4781683e-02],1,[-0.00279142 -0.00598692  0.3906913 ],[0.1150238  0.11520262 0.08770099],[ 7.0773089e-01 -8.8283814e-05  1.1200336e-05  7.0648211e-01],0,6,1785142633558402,1785142633558402,[-0.00161716 -0.02764328  0.18554267],1,[0.01522484 0.01506278 0.00606532]
1785142633573624192,[ 0.00083845  0.00041358 -0.00139639],[4.0475665e-05 4.0135390e-05 3.4782026e-02],1,[-0.00277554 -0.00593827  0.39110836],[0.11544816 0.11562785 0.08796454],[ 7.0773357e-01 -8.5354317e-05  1.1022786e-05  7.0647943e-01],0,6,1785142633566402,1785142633566402,[-0.00157455 -0.02774591  0.18562372],1,[0.01529123 0.01512756 0.00607698]
1785142633585561066,[ 0.00110477  0.00014727 -0.00192902],[4.0551182e-05 4.0202445e-05 3.4782711e-02],1,[-0.00274701 -0.0058649   0.39203775],[0.11630425 0.11648558 0.08849423],[ 7.077429e-01 -7.282825e-05  2.707290e-07  7.064701e-01],0,6,1785142633582402,1785142633582402,[-0.00155833 -0.02782078  0.1854249 ],1,[0.01542476 0.01525791 0.00610032]
1785142633593641666,[ 0.00323529  0.00041358 -0.00192902],[4.0587034e-05 4.0229013e-05 3.4783076e-02],1,[-0.00273444 -0.00583863  0.39254797],[0.11673599 0.11691811 0.08876038],[ 7.07749546e-01 -6.62252060e-05  1.07890355e-05  7.06463456e-01],0,6,1785142633590402,1785142633590402,[-0.00140845 -0.0276265   0.18559471],1,[0.01549185 0.01532357 0.00611199]
1785142633605618978,[ 0.00137042 -0.00251603 -0.00272891],[4.0621868e-05 4.0261468e-05 3.4780923e-02],1,[-0.00271508 -0.00581555  0.39308888],[0.11716112 0.11735001 0.08902738],[ 7.0775658e-01 -5.6277484e-05  8.9258610e-06  7.0645642e-01],0,6,1785142633598402,1785142633598402,[-0.00122923 -0.0272613   0.18564205],1,[0.01554936 0.01538515 0.00612368]
1785142633613627076,[-0.00076011 -0.00145076 -0.00139733],[4.0656949e-05 4.0297477e-05 3.4781259e-02],1,[-0.00269559 -0.0057977   0.3935935 ],[0.11759768 0.11778742 0.08865482],[ 7.0776212e-01 -4.8629277e-05  1.8397309e-06  7.0645088e-01],0,6,1785142633606402,1785142633606402,[-0.00104704 -0.02721379  0.18596606],1,[0.0156169  0.01545103 0.00611277]
1785142633625567224,[-0.00395591 -0.00171708  0.00259741],[4.0732157e-05 4.0366049e-05 3.4781944e-02],1,[-0.00265814 -0.00578073  0.39469624],[0.11847832 0.1186697  0.08918932],[ 7.0775747e-01 -4.9256578e-05 -1.8193707e-05  7.0645553e-01],0,6,1785142633622402,1785142633622402,[-0.00089314 -0.02708777  0.18609294],1,[0.01575271 0.01558354 0.00613614]
1785142633633657231,[0.00057147 0.00201135 0.00126583],[4.0768264e-05 4.0401275e-05 3.4782287e-02],1,[-0.00263938 -0.00578091  0.39529175],[0.11892243 0.11911461 0.08945788],[ 7.0775175e-01 -5.4506450e-05 -1.7587014e-05  7.0646125e-01],0,6,1785142633630402,1785142633630402,[-0.00064754 -0.02692881  0.18630259],1,[0.01582086 0.01565002 0.00614783]
1785142633645636997,[0.00030516 0.00067976 0.00046688],[4.0804825e-05 4.0435501e-05 3.4782622e-02],1,[-0.00262069 -0.00578531  0.39591712],[0.11936907 0.11956203 0.0897273 ],[ 7.0775056e-01 -5.5266140e-05 -1.3170291e-05  7.0646244e-01],0,6,1785142633638402,1785142633638402,[-0.00050815 -0.02663     0.18664774],1,[0.01588929 0.01571679 0.00615953]
1785142633653590001,[ 3.8841623e-05  9.4608025e-04 -1.3973289e-03],[4.0842537e-05 4.0468352e-05 3.4782965e-02],1,[-0.00260132 -0.005794    0.39657182],[0.11981828 0.12001199 0.0899976 ],[ 7.0775312e-01 -5.6439625e-05 -1.3601773e-05  7.0645988e-01],0,6,1785142633646402,1785142633646402,[-1.8275567e-04 -2.6487947e-02  1.8678828e-01],1,[0.01595811 0.01578378 0.00617124]
1785142633665615214,[ 3.8692146e-05 -1.1846463e-03 -1.9316005e-03],[4.0913157e-05 4.0535186e-05 3.4781136e-02],1,[-0.00255651 -0.0058254   0.39790115],[0.12071405 0.120916   0.08988246],[ 7.0775938e-01 -5.3993463e-05 -1.9976327e-05  7.0645362e-01],0,6,1785142633662402,1785142633662402,[ 0.00033404 -0.02626746  0.18708509],1,[0.01608549 0.01591375 0.00617137]
1785142633673671834,[ 0.000305   -0.00224991 -0.00299687],[4.0946710e-05 4.0569743e-05 3.4781478e-02],1,[-0.00253256 -0.0058476   0.39857823],[0.12117083 0.12137358 0.0901534 ],[ 7.0776945e-01 -4.4722769e-05 -2.4796034e-05  7.0644355e-01],0,6,1785142633670402,1785142633670402,[ 0.000544   -0.02622588  0.18738009],1,[0.01615464 0.0159813  0.00618308]
1785142633685582142,[-0.00022763  0.00067957 -0.00060002],[4.0981817e-05 4.0606457e-05 3.4781821e-02],1,[-0.00250865 -0.00587511  0.3992837 ],[0.12163021 0.12183373 0.09042522],[ 7.0777202e-01 -4.6028108e-05 -2.7298864e-05  7.0644099e-01],0,6,1785142633678402,1785142633678402,[ 0.00059081 -0.02621501  0.18772866],1,[0.01622414 0.0160492  0.00619479]
1785142633693637931,[-0.00182552  0.0012122  -0.00113266],[4.1018131e-05 4.0641629e-05 3.4782164e-02],1,[-0.00248523 -0.00590907  0.4000176 ],[0.12209221 0.12229649 0.09069791],[ 7.0777607e-01 -5.0000959e-05 -2.8622884e-05  7.0643693e-01],0,6,1785142633686402,1785142633686402,[ 0.00071838 -0.02640363  0.18815462],1,[0.01629389 0.01611745 0.00620651]
1785142633705601649,[ 0.00270186  0.00147852 -0.00246423],[4.1092884e-05 4.0709496e-05 3.4782842e-02],1,[-0.00243613 -0.00599595  0.4015659 ],[0.12302412 0.12322983 0.09124595],[ 7.0777929e-01 -5.7282195e-05 -2.2846822e-05  7.0643371e-01],0,6,1785142633702402,1785142633702402,[ 0.00126654 -0.02664854  0.18868256],1,[0.016434   0.0162542  0.00622997]
1785142633713693359,[-0.00022763  0.00067957 -0.00113266],[4.1128314e-05 4.0746123e-05 3.4783185e-02],1,[-0.00241016 -0.00604865  0.4023788 ],[0.12349405 0.12370045 0.09152129],[ 7.0778561e-01 -5.8707246e-05 -1.6880524e-05  7.0642740e-01],0,6,1785142633710402,1785142633710402,[ 0.00142618 -0.02666084  0.18906191],1,[0.01650449 0.01632318 0.00624171]
1785142633725638256,[-0.00289079  0.00227746 -0.00033371],[4.1164043e-05 4.0779869e-05 3.4783527e-02],1,[-0.0023844  -0.00610548  0.40321708],[0.12396666 0.12417371 0.09179752],[ 7.0778555e-01 -7.0715483e-05 -1.8392824e-05  7.0642745e-01],0,6,1785142633718402,1785142633718402,[ 0.00144782 -0.02650873  0.18933123],1,[0.01657526 0.01639234 0.00625346]
1785142633733573569,[-0.00049394  0.00281009 -0.00539371],[4.1201005e-05 4.0814080e-05 3.4783870e-02],1,[-0.00235872 -0.00616677  0.40403992],[0.12444194 0.12464964 0.09139386],[ 7.0779896e-01 -8.0112259e-05 -1.5724183e-05  7.0641392e-01],0,6,1785142633726402,1785142633726402,[ 0.00171881 -0.02649491  0.18953569],1,[0.01664636 0.0164618  0.00624104]
1785142633745555800,[3.8139988e-05 9.4622816e-04 1.5335489e-03],[4.1272848e-05 4.0878123e-05 3.4782045e-02],1,[-0.00229364 -0.00630824  0.40575513],[0.12538846 0.12560533 0.09194664],[ 7.078075e-01 -9.409065e-05 -3.866410e-06  7.064054e-01],0,6,1785142633742402,1785142633742402,[ 0.00183089 -0.02640856  0.18965237],1,[0.01677808 0.01659673 0.00626453]
1785142633753751245,[0.00190236 0.0004136  0.00153355],[4.1310141e-05 4.0910279e-05 3.4782395e-02],1,[-0.00226235 -0.00638547  0.40664607],[0.1258717  0.12608925 0.09222436],[ 7.0779991e-01 -9.1521593e-05 -1.8429471e-06  7.0641297e-01],0,6,1785142633750402,1785142633750402,[ 0.00194329 -0.02630722  0.18977031],1,[0.01685007 0.01666702 0.00627629]
1785142633765579554,[ 0.00243499  0.00227781 -0.00033066],[4.1347968e-05 4.0944862e-05 3.4782745e-02],1,[-0.00223113 -0.00646672  0.40755826],[0.12635767 0.12657589 0.09250297],[ 7.078002e-01 -9.085220e-05  9.633562e-06  7.064127e-01],0,6,1785142633758402,1785142633758402,[ 0.00210635 -0.02628088  0.18974906],1,[0.01692188 0.01673731 0.00628805]
1785142633773608457,[ 0.00350025  0.00174518 -0.00139593],[4.1384195e-05 4.0980711e-05 3.4783088e-02],1,[-0.00219887 -0.00655188  0.4084909 ],[0.12684639 0.12706524 0.09278247],[ 7.0780277e-01 -8.3424005e-05  2.5657962e-05  7.0641011e-01],0,6,1785142633766402,1785142633766402,[ 0.00237172 -0.02624347  0.18987097],1,[0.01699413 0.01680787 0.00629982]
1785142633785567888,[-0.00129377 -0.00066023  0.00047249],[3.9549068e-05 3.9184884e-05 3.4778379e-02],1,[-0.00207005 -0.00596576  0.4073031 ],[0.10628921 0.10643573 0.08358344],[ 7.0780718e-01 -8.9984409e-05  1.8562796e-05  7.0640570e-01],0,6,1785142633782402,1785142633782402,[ 0.00262558 -0.02581845  0.1897414 ],1,[0.0138071  0.01366933 0.00584711]
1785142633793604434,[-0.00129377 -0.00305707 -0.00059278],[3.9581992e-05 3.9217048e-05 3.4778722e-02],1,[-0.00200727 -0.00569056  0.40678236],[0.10666291 0.10681045 0.08383249],[ 7.0780647e-01 -8.5505009e-05  6.3445586e-06  7.0640641e-01],0,6,1785142633790402,1785142633790402,[ 0.00264204 -0.0256798   0.18963863],1,[0.01386843 0.01372923 0.0058586 ]
1785142633805640406,[-0.00342429  0.00040504 -0.0008591 ],[3.9615770e-05 3.9250852e-05 3.4779064e-02],1,[-0.00194517 -0.00542745  0.40631944],[0.10703878 0.10718733 0.08408237],[ 7.078050e-01 -8.970775e-05 -4.705689e-06  7.064079e-01],0,6,1785142633798402,1785142633798402,[ 0.00281221 -0.02556625  0.18950218],1,[0.01393006 0.01378972 0.00587009]
1785142633813611080,[-0.00102761 -0.00225832 -0.00219243],[3.9650400e-05 3.9284321e-05 3.4776878e-02],1,[-0.0018824  -0.00517528  0.40591317],[0.10741096 0.10756449 0.08433308],[ 7.0780796e-01 -9.0538881e-05 -1.3848518e-05  7.0640492e-01],0,6,1785142633806402,1785142633806402,[ 0.00289334 -0.02559573  0.18947053],1,[0.01398369 0.01384708 0.0058816 ]
1785142633825596706,[ 0.00136923 -0.00412253  0.00073705],[3.9721981e-05 3.9350554e-05 3.4777563e-02],1,[-0.00175742 -0.0047077   0.40526345],[0.10817349 0.1083291  0.08483699],[ 7.0781231e-01 -7.0799877e-05 -4.2246651e-05  7.0640063e-01],0,6,1785142633822402,1785142633822402,[ 0.0033912  -0.02540894  0.1892124 ],1,[0.01410769 0.01396856 0.00590461]
1785142633833759696,[ 0.00190187 -0.00305727  0.00100336],[3.9756240e-05 3.9385173e-05 3.4777898e-02],1,[-0.00169399 -0.00449037  0.40501675],[0.10855808 0.10871471 0.0850902 ],[ 7.0780706e-01 -5.3228538e-05 -4.8694357e-05  7.0640588e-01],0,6,1785142633830402,1785142633830402,[ 0.00364246 -0.02543585  0.18913838],1,[0.01416993 0.01402941 0.00591613]
1785142633845570074,[ 0.00083661 -0.00039411 -0.00032822],[3.9789898e-05 3.9420287e-05 3.4778249e-02],1,[-0.00163105 -0.0042849   0.40481997],[0.1089449  0.10910255 0.08534424],[ 7.0780486e-01 -4.8096594e-05 -4.9457325e-05  7.0640808e-01],0,6,1785142633838402,1785142633838402,[ 0.00360013 -0.02551028  0.18891378],1,[0.01423222 0.01409052 0.00592766]
1785142633853627516,[ 0.00270081 -0.00172569  0.00126968],[3.9822073e-05 3.9457853e-05 3.4778591e-02],1,[-0.00156907 -0.00409044  0.4046343 ],[0.10933397 0.10949261 0.08501043],[ 7.0780075e-01 -3.6201895e-05 -5.0958144e-05  7.0641220e-01],0,6,1785142633846402,1785142633846402,[ 0.00381993 -0.02537916  0.18906759],1,[0.01429493 0.01415214 0.00591873]
1785142633865643283,[ 0.00163555  0.00280168 -0.00112717],[3.9888902e-05 3.9519869e-05 3.4779292e-02],1,[-0.00144405 -0.00372958  0.40441296],[0.11011889 0.11027946 0.08551919],[ 7.0779580e-01 -3.4286928e-05 -4.0318126e-05  7.0641714e-01],0,6,1785142633862402,1785142633862402,[ 0.00424026 -0.02509063  0.18919934],1,[0.01442094 0.0142759  0.00594178]
1785142633873701596,[-0.00049498  0.00120379  0.00100336],[3.9921364e-05 3.9557759e-05 3.4779642e-02],1,[-0.00138144 -0.00356372  0.4043726 ],[0.11051477 0.11067629 0.08577482],[ 7.0779383e-01 -3.6739941e-05 -3.5719870e-05  7.0641905e-01],0,6,1785142633870402,1785142633870402,[ 0.00428324 -0.0250873   0.18907614],1,[0.01448448 0.01433787 0.00595332]
1785142633885573879,[-0.00289216 -0.00012783  0.00020418],[3.9953753e-05 3.9593408e-05 3.4777455e-02],1,[-0.00131727 -0.00340725  0.40437663],[0.11090598 0.1110731  0.0860313 ],[ 7.0778996e-01 -4.4868364e-05 -4.5034089e-05  7.0642292e-01],0,6,1785142633878402,1785142633878402,[ 0.00422998 -0.02506476  0.18899247],1,[0.01453936 0.01439673 0.00596486]
1785142633893574584,[-0.00156058 -0.00199204  0.0007368 ],[3.9985443e-05 3.9627939e-05 3.4777798e-02],1,[-0.00125437 -0.00325982  0.4044245 ],[0.11130632 0.11147444 0.08628862],[ 7.0778626e-01 -4.0958585e-05 -5.5851393e-05  7.0642668e-01],0,6,1785142633886402,1785142633886402,[ 0.0043256  -0.02488824  0.18910126],1,[0.01460345 0.01445952 0.00597641]
1785142633905662223,[0.00110258 0.0004048  0.00100313],[4.0052568e-05 3.9693667e-05 3.4778483e-02],1,[-0.00113007 -0.00298976  0.4046081 ],[0.11211399 0.11228404 0.08620045],[ 7.0777690e-01 -4.5972902e-05 -7.3663163e-05  7.0643604e-01],0,6,1785142633902402,1785142633902402,[ 0.00443352 -0.0246095   0.18929334],1,[0.01473214 0.01458517 0.0059784 ]
1785142633913710068,[ 0.00056995  0.00173638 -0.00352425],[4.0085215e-05 3.9723556e-05 3.4778833e-02],1,[-0.00106876 -0.0028656   0.40474176],[0.11252133 0.11269233 0.0864585 ],[ 7.0778215e-01 -4.4336550e-05 -6.7864712e-05  7.0643073e-01],0,6,1785142633910402,1785142633910402,[ 0.00458208 -0.02428804  0.1892278 ],1,[0.01479692 0.01464863 0.00598995]
1785142633925660474,[-0.00129427  0.00386691 -0.00352425],[4.0118306e-05 3.9749928e-05 3.4779184e-02],1,[-0.00100864 -0.00274742  0.40491548],[0.11293101 0.11310294 0.08671739],[ 7.0779085e-01 -5.7019766e-05 -6.1287494e-05  7.0642209e-01],0,6,1785142633918402,1785142633918402,[ 0.00444778 -0.02401551  0.18923397],1,[0.01486184 0.01471238 0.00600151]
1785142633933685270,[ 3.7312508e-05 -1.1930967e-03 -1.6600338e-03],[4.0151976e-05 3.9784336e-05 3.4779526e-02],1,[-0.00094985 -0.00263657  0.40512845],[0.11334307 0.11351591 0.08697713],[ 7.0779461e-01 -5.8799909e-05 -6.5631502e-05  7.0641834e-01],0,6,1785142633926402,1785142633926402,[ 0.00460542 -0.02394961  0.18925425],1,[0.01492674 0.01477589 0.00601307]
1785142633945648638,[3.7312624e-05 6.7111698e-04 1.8020701e-03],[4.0223935e-05 3.9857870e-05 3.4780204e-02],1,[-0.00082983 -0.00243836  0.40566918],[0.11417432 0.11434893 0.08749916],[ 7.0779055e-01 -4.9610691e-05 -7.3505740e-05  7.0642239e-01],0,6,1785142633942402,1785142633942402,[ 0.00511478 -0.02385613  0.1891879 ],1,[0.01505752 0.01490371 0.00603622]
1785142633953681328,[ 0.00030338  0.00147003 -0.000595  ],[4.0259234e-05 3.9896560e-05 3.4778018e-02],1,[-0.00076544 -0.00234972  0.40599287],[0.11458536 0.11476628 0.08776146],[ 7.0778841e-01 -5.1852148e-05 -7.3593386e-05  7.0642453e-01],0,6,1785142633950402,1785142633950402,[ 0.00548903 -0.02370985  0.18900499],1,[0.01511373 0.01496414 0.0060478 ]
1785142633965690504,[0.0021676  0.00226898 0.00100289],[4.0294828e-05 3.9933500e-05 3.4778353e-02],1,[-0.00070061 -0.00226741  0.40635163],[0.11500686 0.1151887  0.08802462],[ 7.0778477e-01 -5.2238778e-05 -6.1204853e-05  7.0642817e-01],0,6,1785142633958402,1785142633958402,[ 0.00544031 -0.02347703  0.18915118],1,[0.01517943 0.01502854 0.00605939]
1785142633973615650,[-0.00182715 -0.00039418  0.00419869],[4.0333154e-05 3.9970950e-05 3.4778688e-02],1,[-0.00063682 -0.0021908   0.40671384],[0.11543076 0.11561353 0.0876625 ],[ 7.0777524e-01 -5.4939912e-05 -6.4582826e-05  7.0643771e-01],0,6,1785142633966402,1785142633966402,[ 0.00565907 -0.02328728  0.18941906],1,[0.01524544 0.01509341 0.00604904]
1785142633985596218,[ 0.00270023 -0.00172576  0.00073658],[4.0409923e-05 4.0034276e-05 3.4779374e-02],1,[-0.00050559 -0.00205591  0.4075422 ],[0.11628591 0.11647045 0.08818934],[ 7.0776004e-01 -4.1624000e-05 -6.9704351e-05  7.0645297e-01],0,6,1785142633982402,1785142633982402,[ 0.00597527 -0.02309337  0.18926038],1,[0.01537838 0.01522413 0.00607222]
1785142633993580755,[ 0.00243391 -0.00145945  0.00047026],[4.0445251e-05 4.0066832e-05 3.4779724e-02],1,[-0.00044128 -0.001999    0.40800568],[0.11671716 0.11690257 0.08845405],[ 7.0775557e-01 -2.8614881e-05 -6.6927241e-05  7.0645750e-01],0,6,1785142633990402,1785142633990402,[ 0.00594093 -0.0231411   0.1894463 ],1,[0.0154452  0.01528942 0.00608382]
1785142634005581838,[ 3.0338182e-04  3.0679267e-03 -6.2370935e-05],[4.0481911e-05 4.0097482e-05 3.4780066e-02],1,[-3.7793731e-04 -1.9496818e-03  4.0850213e-01],[0.1171509  0.11733715 0.08871961],[ 7.0775527e-01 -3.0704945e-05 -6.1076804e-05  7.0645779e-01],0,6,1785142633998402,1785142633998402,[ 0.00593871 -0.02326439  0.18954863],1,[0.01551209 0.01535508 0.00609543]
1785142634013725598,[3.7067803e-05 1.3844937e-04 7.3657895e-04],[4.0516348e-05 4.0128922e-05 3.4780417e-02],1,[-3.1505671e-04 -1.9080584e-03  4.0903133e-01],[0.11758711 0.1177742  0.08898605],[ 7.0775086e-01 -3.2834952e-05 -5.8193120e-05  7.0646220e-01],0,6,1785142634006402,1785142634006402,[ 0.00604607 -0.02332528  0.18982093],1,[0.01557931 0.01542093 0.00610704]
1785142634025599977,[-0.00022914  0.00093809  0.00180781],[4.0581865e-05 4.0195402e-05 3.4778573e-02],1,[-1.9123103e-04 -1.8504786e-03  4.1014227e-01],[0.11845751 0.11865252 0.08887782],[ 7.0774370e-01 -3.9471914e-05 -6.1326878e-05  7.0646936e-01],0,6,1785142634022402,1785142634022402,[ 0.00626021 -0.02314302  0.189981  ],1,[0.0157044  0.01554925 0.00610764]
1785142634033717451,[ 3.7180143e-05 -3.9348938e-04 -5.8903842e-04],[4.0616498e-05 4.0235034e-05 3.4778915e-02],1,[-1.2956976e-04 -1.8328661e-03  4.1072214e-01],[0.1189011  0.11909699 0.08914491],[ 7.077407e-01 -3.832561e-05 -6.245166e-05  7.064723e-01],0,6,1785142634030429,1785142634030429,[ 0.00639487 -0.02313913  0.19009355],1,[0.01577233 0.01561553 0.00611926]
1785142634045581423,[ 0.00163507 -0.0022577   0.00340571],[4.0653536e-05 4.0271338e-05 3.4779251e-02],1,[-6.8893809e-05 -1.8208614e-03  4.1133192e-01],[0.11934722 0.11954396 0.08941287],[ 7.0773107e-01 -3.0059702e-05 -6.3915126e-05  7.0648193e-01],0,6,1785142634038429,1785142634038429,[ 0.00620313 -0.02305057  0.19017433],1,[0.01584046 0.01568216 0.00613088]
1785142634053657978,[ 0.00056981 -0.00252402  0.00047622],[4.0689163e-05 4.0312774e-05 3.4779586e-02],1,[-1.0808522e-05 -1.8136648e-03  4.1197011e-01],[0.1197959  0.11999347 0.08968169],[ 7.0772487e-01 -1.9195766e-05 -6.9480215e-05  7.0648813e-01],0,6,1785142634046429,1785142634046429,[ 0.00602965 -0.02280506  0.19013226],1,[0.01590877 0.01574904 0.00614251]
1785142634065696065,[0.00030349 0.00067177 0.0034057 ],[4.0758707e-05 4.0378734e-05 3.4780286e-02],1,[ 1.0105470e-04 -1.8148063e-03  4.1333118e-01],[0.12070093 0.12090012 0.09022195],[ 7.0771259e-01 -9.2352120e-06 -6.6535722e-05  7.0650053e-01],0,6,1785142634062429,1785142634062429,[ 0.0059465  -0.02295734  0.19047837],1,[0.01604657 0.01588354 0.00616578]
1785142634073675526,[ 0.00056982 -0.00305665 -0.00112167],[4.0790048e-05 4.0414830e-05 3.4780629e-02],1,[ 1.5585829e-04 -1.8250142e-03  4.1405267e-01],[0.12115733 0.12135729 0.09049338],[ 7.0770729e-01 -3.7461662e-06 -7.0460883e-05  7.0650584e-01],0,6,1785142634070429,1785142634070429,[ 0.00594212 -0.02298654  0.19044964],1,[0.01611586 0.01595078 0.00617743]
1785142634085585505,[-0.00289231 -0.00172506  0.0002099 ],[4.0825202e-05 4.0451003e-05 3.4780972e-02],1,[ 2.0616692e-04 -1.8390546e-03  4.1479999e-01],[0.12161632 0.12181704 0.09076569],[ 7.0770878e-01 -2.8165857e-06 -8.1872662e-05  7.0650434e-01],0,6,1785142634078429,1785142634078429,[ 0.00490943 -0.02243557  0.19062287],1,[0.01618523 0.01601877 0.00618908]
1785142634093622523,[-0.00182702 -0.01051351 -0.00644798],[4.0862462e-05 4.0484789e-05 3.4781314e-02],1,[ 2.4610583e-04 -1.8505841e-03  4.1552597e-01],[0.12207792 0.12227938 0.09037329],[ 7.0771748e-01  1.4259471e-05 -1.1171100e-04  7.0649564e-01],0,6,1785142634086429,1785142634086429,[ 0.00382201 -0.02112157  0.18933311],1,[0.01625474 0.01608711 0.00617725]
1785142634105615594,[ 0.00083599 -0.05072718 -0.00218639],[4.0931933e-05 4.0554325e-05 3.4779515e-02],1,[ 3.2910454e-04 -1.8636587e-03  4.1697213e-01],[0.12299778 0.12320806 0.09091829],[ 7.0773751e-01  1.9358317e-04 -2.9191241e-04  7.0647544e-01],0,6,1785142634102429,1785142634102429,[ 0.00535095 -0.0190355   0.1800338 ],1,[0.01638418 0.01622061 0.00620055]
1785142634113749918,[ 0.00190128 -0.07549457 -0.00032216],[4.0964496e-05 4.0584822e-05 3.4779865e-02],1,[ 3.7734781e-04 -1.8617401e-03  4.1766757e-01],[0.12346713 0.12367819 0.0911921 ],[ 7.0773673e-01  3.9345483e-04 -4.8374367e-04  7.0647603e-01],0,6,1785142634110429,1785142634110429,[ 0.00554803 -0.01722586  0.17410302],1,[0.01645452 0.01628905 0.00621221]
1785142634125701929,[ 0.00376552 -0.10425671  0.00021043],[4.0999381e-05 4.0621242e-05 3.4780215e-02],1,[ 0.00042713 -0.00185032  0.4183381 ],[0.12393914 0.12415096 0.0914668 ],[ 7.077333e-01  6.794773e-04 -7.483043e-04  7.064791e-01],0,6,1785142634118429,1785142634118429,[ 0.0059387  -0.01545813  0.16792469],1,[0.01652496 0.01635811 0.00622388]
1785142634133738366,[ 0.00083603 -0.13088834  0.00021039],[4.1035575e-05 4.0656520e-05 3.4780558e-02],1,[ 0.00047899 -0.00182862  0.41898122],[0.12441382 0.12462639 0.09174237],[ 0.70772994  0.00103394 -0.00109499  0.70648146],0,6,1785142634126429,1785142634126429,[ 0.00620343 -0.01346408  0.16155224],1,[0.01659589 0.01642784 0.00623555]
1785142634145616221,[ 0.00110223 -0.18574946  0.00127573],[4.1109030e-05 4.0716986e-05 3.4781266e-02],1,[ 0.00058551 -0.00174971  0.42012727],[0.12537126 0.12558527 0.09161215],[ 0.70772874  0.00197308 -0.00202725  0.70647866],0,6,1785142634142429,1785142634142429,[ 0.00644861 -0.00919206  0.14862813],1,[0.0167381  0.01656669 0.00623471]
1785142634153705388,[ 0.00136879 -0.21850634  0.0018083 ],[4.1142666e-05 4.0750285e-05 3.4781616e-02],1,[ 0.00063819 -0.00168987  0.4206319 ],[0.12585406 0.12606874 0.09188831],[ 0.70771724  0.00257316 -0.00261926  0.7064863 ],0,6,1785142634150429,1785142634150429,[ 0.00637585 -0.00679376  0.14222173],1,[0.01680943 0.01663643 0.00624638]
1785142634165650026,[ 0.00190206 -0.24300723  0.00047823],[4.1176667e-05 4.0784791e-05 3.4779474e-02],1,[ 0.00068117 -0.0016177   0.42110652],[0.12632704 0.12655063 0.09216536],[ 0.70771146  0.00324661 -0.00328547  0.7064866 ],0,6,1785142634158429,1785142634158429,[ 0.006384   -0.00455363  0.13571641],1,[0.01686939 0.01670171 0.00625807]
1785142634173598714,[ 1.6358157e-03 -2.7416617e-01 -5.4492150e-05],[4.1211904e-05 4.0821520e-05 3.4779817e-02],1,[ 0.00072361 -0.00153216  0.42155084],[0.12681511 0.12703946 0.09244329],[ 0.7077045   0.00400283 -0.00403306  0.7064858 ],0,6,1785142634166429,1785142634166429,[ 0.0063478  -0.00234673  0.12927559],1,[0.01694113 0.01677198 0.00626976]
1785142634185671180,[-4.9562845e-04 -3.3036423e-01 -3.1839573e-04],[3.9392336e-05 3.9035862e-05 3.4769572e-02],1,[ 0.00084748 -0.00086103  0.4191965 ],[0.10627902 0.10642756 0.0838788 ],[ 0.7076893   0.00576046 -0.00577501  0.7064767 ],0,6,1785142634182429,1785142634182429,[0.00664072 0.00321207 0.11548894],1,[0.01377022 0.01364449 0.00584118]
1785142634193640082,[ 0.00056945 -0.3593927   0.00074723],[3.942755e-05 3.906683e-05 3.476992e-02],1,[ 0.00091059 -0.00050524  0.4180287 ],[0.10665239 0.106802   0.08412825],[ 0.7076757   0.00675544 -0.00677202  0.7064727 ],0,6,1785142634190429,1785142634190429,[0.0069034  0.00614586 0.10833914],1,[0.01383135 0.01370387 0.00585261]
1785142634205659257,[ 0.00056978 -0.39214957 -0.00138346],[3.9464063e-05 3.9098275e-05 3.4770269e-02],1,[ 9.7549596e-04 -1.3516968e-04  4.1686401e-01],[0.10702794 0.1071786  0.08437853],[ 0.7076619   0.00784373 -0.00785868  0.706464  ],0,6,1785142634198429,1785142634198429,[0.00720331 0.00902101 0.10137342],1,[0.01389292 0.01376359 0.00586404]
1785142634213628680,[ 2.4335999e-03 -4.2091167e-01 -3.1809788e-04],[3.949861e-05 3.912947e-05 3.477062e-02],1,[1.0412015e-03 2.4818096e-04 4.1565356e-01],[0.10740568 0.10755737 0.08405416],[ 0.7076466   0.00902042 -0.00902558  0.7064513 ],0,6,1785142634206429,1785142634206429,[0.00728104 0.01171748 0.09445883],1,[0.01395439 0.01382354 0.00585562]
1785142634225619808,[ 0.00083585 -0.483496   -0.00085076],[3.9567956e-05 3.9193215e-05 3.4771312e-02],1,[0.00117306 0.00105912 0.4132321 ],[0.10816775 0.10832147 0.08455543],[ 0.7076048   0.01161671 -0.01162605  0.7064172 ],0,6,1785142634222429,1785142634222429,[0.00757939 0.01783985 0.07985223],1,[0.014078   0.01394443 0.00587849]
1785142634233720945,[-1.2945815e-03 -5.1438868e-01  4.8011093e-04],[3.960406e-05 3.922959e-05 3.476913e-02],1,[0.00123848 0.00149055 0.41201675],[0.10854587 0.10870481 0.08480731],[ 0.70757467  0.01304678 -0.0130642   0.7063974 ],0,6,1785142634230429,1785142634230429,[0.00748372 0.02111539 0.07265867],1,[0.0141322  0.01399994 0.00588994]
1785142634245617161,[ 5.6948245e-04 -5.4954249e-01  2.1426832e-04],[3.964674e-05 3.926666e-05 3.476945e-02],1,[0.00130387 0.00193961 0.41079572],[0.10893234 0.10909233 0.08506002],[ 0.70754164  0.01457389 -0.01459644  0.7063706 ],0,6,1785142634238429,1785142634238429,[0.00772799 0.02428162 0.06519531],1,[0.01419672 0.01406018 0.00590138]
1785142634253753468,[ 0.00190167 -0.5833645  -0.00218288],[3.9702420e-05 3.9301125e-05 3.4769770e-02],1,[0.00136974 0.00240729 0.40956473],[0.10932107 0.10948209 0.08531355],[ 0.70750535  0.01620293 -0.01621863  0.70633614],0,6,1785142634246429,1785142634246429,[0.00772713 0.02772316 0.05728915],1,[0.01426325 0.0141253  0.00591284]
1785142634265651908,[ 3.7401100e-05 -6.5260673e-01 -8.5134077e-04],[3.9931201e-05 3.9363720e-05 3.4770284e-02],1,[0.00150179 0.00341179 0.4070342 ],[0.11010536 0.11026841 0.08523137],[ 0.70740896  0.0197653  -0.019774    0.7062513 ],0,6,1785142634262429,1785142634262429,[0.00806738 0.03582722 0.04156857],1,[0.01440085 0.0142585  0.00591526]
1785142634273767890,[ 3.4989798e-03 -6.9388568e-01 -3.1848322e-04],[4.0148745e-05 3.9390223e-05 3.4770451e-02],1,[0.00156955 0.00395317 0.4057314 ],[0.11050097 0.11066501 0.08548565],[ 0.70735025  0.0217043  -0.02169991  0.70619667],0,6,1785142634270429,1785142634270429,[0.00832188 0.04008796 0.03310986],1,[0.01447107 0.01432568 0.00592672]
1785142634285653789,[ 0.00270035 -0.73170257 -0.00085123],[4.0477484e-05 3.9420971e-05 3.4770500e-02],1,[0.00163832 0.00452196 0.40440664],[0.11089891 0.11106392 0.08574077],[ 0.70728225  0.02375107 -0.02373677  0.7061333 ],0,6,1785142634278429,1785142634278429,[0.00841156 0.04445001 0.02452749],1,[0.01454222 0.01439304 0.00593819]
1785142634293802206,[ 0.00376567 -0.77191645 -0.00378084],[4.0965944e-05 3.9453313e-05 3.4770399e-02],1,[0.00170681 0.0051197  0.40305918],[0.11129919 0.11146516 0.08599672],[ 0.7072121   0.02591674 -0.02588465  0.706052  ],0,6,1785142634286429,1785142634286429,[0.00840784 0.04902899 0.01609589],1,[0.01461414 0.01446072 0.00594966]
1785142634305695147,[ 0.00110239 -0.857137   -0.00137963],[4.2667427e-05 3.9515769e-05 3.4765258e-02],1,[0.00184129 0.00640644 0.40028897],[0.1120995  0.11227228 0.08651115],[ 0.70702916  0.03056955 -0.03052867  0.7058636 ],0,6,1785142634302429,1785142634302429,[ 0.00851988  0.05905224 -0.0019498 ],1,[0.01475105 0.01459202 0.00597263]
1785142634313734679,[ 0.00456434 -0.90107924 -0.00217836],[4.4024368e-05 3.9546645e-05 3.4764282e-02],1,[0.00190939 0.00710166 0.39885378],[0.11250677 0.11268053 0.08676963],[ 0.70691884  0.03309554 -0.03303684  0.7057472 ],0,6,1785142634310429,1785142634310429,[ 0.00877443  0.064528   -0.01160317],1,[0.01482481 0.01466007 0.00598412]
1785142634325695095,[ 3.7224032e-05 -9.4422245e-01 -5.8167480e-04],[4.5840436e-05 3.9577095e-05 3.4762837e-02],1,[0.0019781  0.00783676 0.39738086],[0.11291644 0.11309116 0.08702896],[ 0.7067883   0.03573246 -0.03567095  0.70562106],0,6,1785142634318429,1785142634318429,[ 0.00874544  0.07065026 -0.02156985],1,[0.014899   0.01472825 0.00599562]
1785142634333601330,[ 8.3615666e-04 -9.9535525e-01 -3.5097834e-03],[4.8225425e-05 3.9605693e-05 3.4760833e-02],1,[0.00204386 0.0086203  0.39580682],[0.11332852 0.11350419 0.08667706],[ 0.7066487   0.03850758 -0.03845014  0.7054689 ],0,6,1785142634326429,1785142634326429,[ 0.0081295   0.07814049 -0.03192529],1,[0.01497465 0.01479696 0.00598581]
1785142634345636874,[ 0.00110301 -1.1008164  -0.01176592],[5.5111057e-05 3.9671784e-05 3.4754694e-02],1,[0.00215581 0.01036551 0.39252177],[0.11415996 0.11433745 0.08719628],[ 0.70633924  0.04449523 -0.04443195  0.7050751 ],0,6,1785142634342429,1785142634342429,[ 0.00643282  0.09507152 -0.05381033],1,[0.01512915 0.01493585 0.00600881]
1785142634353904714,[-0.00235852 -1.151949   -0.01922397],[5.9931826e-05 3.9704144e-05 3.4750249e-02],1,[0.00219715 0.01133628 0.39080262],[0.11457937 0.11475772 0.08745717],[ 0.7061761   0.04770586 -0.04764853  0.7048185 ],0,6,1785142634350429,1785142634350429,[ 0.00464963  0.10479449 -0.06519282],1,[0.01520734 0.01500581 0.00602032]
1785142634365668134,[-0.00528615 -1.2110711  -0.03413726],[6.5858083e-05 3.9734026e-05 3.4744710e-02],1,[0.00222291 0.01238465 0.38902792],[0.11500125 0.11518045 0.0877189 ],[ 0.7060225   0.05107099 -0.05103462  0.7044995 ],0,6,1785142634358429,1785142634358429,[ 0.00267945  0.1158246  -0.07698062],1,[0.0152856  0.01507559 0.00603183]
1785142634373706234,[-0.00981474 -1.2757862  -0.04478965],[7.3033487e-05 3.9768467e-05 3.4737915e-02],1,[0.0022303  0.01352158 0.38719356],[0.11542561 0.11560562 0.08798149],[ 0.7058741   0.05460167 -0.05460872  0.7041152 ],0,6,1785142634366429,1785142634366429,[ 9.0262867e-05  1.2827371e-01 -8.9084022e-02],1,[0.0153658  0.01514598 0.00604335]
1785142634385665728,[-0.00874816 -1.3370388  -0.06210038],[8.1653649e-05 3.9801194e-05 3.4702178e-02],1,[0.00221407 0.01475749 0.38529706],[0.11584382 0.11603042 0.08824493],[ 0.7057375   0.05831359 -0.0583523   0.70365417],0,6,1785142634374429,1785142634374429,[-0.00336585  0.14183575 -0.10134185],1,[0.01543665 0.01521284 0.00605488]
1785142634393725885,[-0.01647179 -1.4033514  -0.07808063],[9.1990296e-05 3.9836435e-05 3.4692217e-02],1,[0.00216809 0.01610273 0.3832743 ],[0.11627305 0.11646049 0.08787998],[ 0.70561177  0.06219017 -0.06228877  0.70311064],0,6,1785142634382429,1785142634382429,[-0.00724474  0.15691012 -0.11421363],1,[0.01551901 0.01528329 0.00604442]
1785142634405733711,[-0.02898321 -1.5468959  -0.14093262],[1.1873467e-04 3.9901410e-05 3.4666214e-02],1,[0.00199225 0.01918305 0.37900954],[0.11713912 0.11732815 0.08840737],[ 0.70546323  0.07051436 -0.07078084  0.7016691 ],0,6,1785142634398429,1785142634398429,[-0.01260469  0.19380222 -0.14192997],1,[0.01568701 0.01542668 0.00606747]
1785142634413710277,[-0.04282642 -1.6124095  -0.1947281 ],[1.3576943e-04 3.9931034e-05 3.4649562e-02],1,[0.00188691 0.0209532  0.37675646],[0.117576   0.11776577 0.08867234],[ 0.7055109   0.07493381 -0.07534822  0.70068675],0,6,1785142634406429,1785142634406429,[-0.0123789   0.21492895 -0.15688625],1,[0.01577506 0.01549896 0.00607901]
1785142634425715979,[-0.04016176 -1.6920388  -0.30524465],[1.7838998e-04 3.9993560e-05 3.4607686e-02],1,[0.00167793 0.02501284 0.3719419 ],[0.11845753 0.11864864 0.08920488],[ 0.7059381   0.08419911 -0.08485118  0.6981134 ],0,6,1785142634422429,1785142634422429,[-0.01245407  0.26123998 -0.1939777 ],1,[0.01595699 0.01564528 0.00610209]
1785142634433719019,[-0.02417999 -1.7029583  -0.36782572],[2.0481301e-04 4.0023315e-05 3.4581657e-02],1,[0.00157096 0.027326   0.36934057],[0.11890222 0.11909393 0.08947244],[ 0.7063332   0.08898818 -0.08961768  0.69652224],0,6,1785142634430429,1785142634430429,[-0.01276936  0.28675684 -0.21536493],1,[0.01605073 0.01571894 0.00611364]
1785142634445681147,[-0.01432876 -1.7024251  -0.42402208],[2.3521765e-04 4.0050531e-05 3.4551635e-02],1,[0.00146233 0.02984356 0.366599  ],[0.11934955 0.11954181 0.08974086],[ 0.70685244  0.09383226 -0.09432406  0.694736  ],0,6,1785142634438429,1785142634438429,[-0.01279248  0.3135158  -0.23637226],1,[0.01614664 0.01579258 0.0061252 ]
1785142634453657032,[-0.01565717 -1.685913   -0.48101544],[2.6873586e-04 4.0083698e-05 3.4378763e-02],1,[0.0013545  0.03257529 0.36368203],[0.11978931 0.11998895 0.08935947],[ 0.70749557  0.09866431 -0.09897286  0.6927625 ],0,6,1785142634446429,1785142634446429,[-0.01270744  0.34136608 -0.2564727 ],1,[0.01623091 0.01586221 0.00611393]
1785142634465629327,[-0.00793121 -1.5993611  -0.60085464],[3.5314818e-04 4.0143314e-05 3.4295123e-02],1,[0.00114061 0.0387063  0.35747242],[0.12069701 0.12089766 0.08989673],[ 0.7091964   0.10808121 -0.10784768  0.6882789 ],0,6,1785142634462429,1785142634462429,[-0.01247412  0.39919162 -0.29360753],1,[0.01643993 0.01601364 0.00613704]
1785142634473801064,[-0.00606984 -1.5578151  -0.65518576],[4.0390991e-04 4.0175037e-05 3.4244739e-02],1,[0.0010348  0.04211953 0.354197  ],[0.12115494 0.12135599 0.09016667],[ 0.7102619   0.11265513 -0.11203357  0.6857736 ],0,6,1785142634470429,1785142634470429,[-0.01227104  0.4294151  -0.31032893],1,[0.01655204 0.01608964 0.00614861]
1785142634485725749,[-0.01085891 -1.5045512  -0.71803784],[4.6148853e-04 4.0208335e-05 3.4187548e-02],1,[0.00093141 0.04577316 0.35081992],[0.12161563 0.12181699 0.09043747],[ 0.71148336  0.11710522 -0.11605521  0.6830879 ],0,6,1785142634478429,1785142634478429,[-0.01176604  0.46030414 -0.32573497],1,[0.01667607 0.01616503 0.00616017]
1785142634493714625,[-0.01831868 -1.4499559  -0.77343243],[5.2639894e-04 4.0239091e-05 3.4123015e-02],1,[0.00083267 0.04967252 0.34735224],[0.1220791  0.12228067 0.09070914],[ 0.71286166  0.12141034 -0.11990749  0.680228  ],0,6,1785142634486429,1785142634486429,[-0.01105562  0.4919324  -0.33971155],1,[0.01681004 0.01624071 0.00617175]
1785142634505657711,[-0.04175179 -1.3117368  -0.89487404],[6.820244e-04 4.030112e-05 3.396816e-02],1,[0.00065161 0.05822684 0.34011117],[0.12301455 0.12321614 0.09058637],[ 0.71612537  0.1294326  -0.12701939  0.6740013 ],0,6,1785142634502429,1785142634502429,[-0.00972536  0.55663264 -0.36455926],1,[0.01710421 0.01639194 0.00617138]
1785142634513770478,[-0.06279075 -1.2406304  -0.95186585],[7.7439169e-04 4.0334879e-05 3.3876177e-02],1,[0.00056836 0.06289099 0.33635762],[0.12348658 0.12368797 0.09085865],[ 0.7180205   0.13313133 -0.13029553  0.6706309 ],0,6,1785142634510429,1785142634510429,[-0.00893986  0.5897949  -0.37514952],1,[0.01727619 0.01646755 0.00618295]
1785142634525641601,[-0.0747738 -1.1665953 -1.0101929],[8.6568214e-04 4.0371822e-05 3.3287853e-02],1,[0.00049144 0.06782253 0.3325469 ],[0.12394899 0.12415871 0.09113181],[ 0.7200878   0.13662347 -0.13336037  0.6671002 ],0,6,1785142634518429,1785142634518429,[-0.00798762  0.62343293 -0.38523525],1,[0.01743855 0.01653854 0.00619453]
1785142634533684209,[-0.09448053 -1.0882971  -1.0677185 ],[9.8013156e-04 4.0402952e-05 3.3173770e-02],1,[0.00042247 0.07302188 0.32868397],[0.12442666 0.12463596 0.09140584],[ 0.72233295  0.13988088 -0.13621068  0.66341174],0,6,1785142634526429,1785142634526429,[-0.0068652   0.65772945 -0.39438748],1,[0.01765033 0.01661368 0.00620613]
1785142634545624530,[-0.13309886 -0.94102466 -1.1862285 ],[1.2506652e-03 4.0471397e-05 3.2903980e-02],1,[3.1480839e-04 8.4243044e-02 3.2082337e-01],[0.12539113 0.12559877 0.09195653],[ 0.7273814   0.14570151 -0.14128536  0.6555348 ],0,6,1785142634542429,1785142634542429,[-0.00408468  0.7278276  -0.4107858 ],1,[0.0181714  0.01676862 0.00622934]
1785142634553778968,[-0.15573147 -0.8611287  -1.2485479 ],[1.4096349e-03 4.0502182e-05 3.2745395e-02],1,[2.7828742e-04 9.0269849e-02 3.1683317e-01],[0.12587807 0.12608437 0.09223319],[ 0.7301819   0.14827423 -0.14352274  0.65134513],0,6,1785142634550429,1785142634550429,[-0.00242371  0.7631484  -0.4184471 ],1,[0.01850469 0.01684993 0.00624098]
1785142634565601348,[-0.17890202 -0.7783048  -1.3092675 ],[1.5858090e-03 4.0535186e-05 3.2569610e-02],1,[2.5600870e-04 9.6577793e-02 3.1280512e-01],[0.12636825 0.12657282 0.09251073],[ 0.73317724  0.15058966 -0.14553575  0.6469878 ],0,6,1785142634558429,1785142634558429,[-5.1430118e-04  7.9911661e-01 -4.2577204e-01],1,[0.01888325 0.01693398 0.00625264]
1785142634573692899,[-0.20713522 -0.7069304  -1.3633304 ],[1.7787662e-03 4.0552059e-05 3.2377042e-02],1,[2.4936316e-04 1.0317199e-01 3.0867964e-01],[0.12686178 0.12706412 0.09209784],[ 0.73634833  0.15266077 -0.14735925  0.64247274],0,6,1785142634566429,1785142634566429,[ 0.00155389  0.8356254  -0.43269396],1,[0.01931121 0.01702022 0.00623992]
1785142634585642416,[-0.244687  -0.557486  -1.4842583],[2.1254385e-03 3.8529161e-05 3.1250622e-02],1,[0.0004796  0.11360159 0.2983147 ],[0.10630502 0.10638657 0.08359981],[ 0.7432435   0.15613678 -0.15039775  0.63292253],0,6,1785142634582429,1785142634582429,[ 0.00646839  0.90728855 -0.44736323],1,[0.01610084 0.01384496 0.00581587]
1785142634593671531,[-0.263863   -0.47892308 -1.5361912 ],[2.2590884e-03 3.8475719e-05 2.9811427e-02],1,[0.00063381 0.11931305 0.2931147 ],[0.1066685  0.10676076 0.08384795],[ 0.74695545  0.15753321 -0.15157294  0.62790656],0,6,1785142634590429,1785142634590429,[ 0.00931375  0.94412684 -0.45521584],1,[0.01649216 0.0139179  0.00582732]
1785142634605758251,[-0.28623748 -0.41660422 -1.5947802 ],[2.4842760e-03 3.8440350e-05 2.9586662e-02],1,[0.00080957 0.12535976 0.28789896],[0.10703947 0.10713883 0.08409689],[ 0.75081676  0.15872806 -0.15256025  0.62274   ],0,6,1785142634598429,1785142634598429,[ 0.01250769  0.9815476  -0.46315092],1,[0.01705335 0.01399368 0.00583879]
1785142634613751715,[-0.30221567 -0.35269058 -1.6483095 ],[2.7144444e-03 3.8459089e-05 2.9356863e-02],1,[0.00100846 0.13174343 0.2826646 ],[0.10741255 0.10751923 0.08434665],[ 0.7548292   0.15973768 -0.15336211  0.6174114 ],0,6,1785142634606429,1785142634606429,[ 0.01575147  1.0189253  -0.47147334],1,[0.01767133 0.0140692  0.00585028]
1785142634625723750,[-0.34056666 -0.21260591 -1.7636244 ],[3.1817772e-03 3.8845708e-05 2.8889917e-02],1,[0.00148122 0.1455232  0.27205673],[0.10816543 0.10828699 0.08427022],[ 0.7633379   0.16115862 -0.15431625  0.6062423 ],0,6,1785142634622429,1785142634622429,[ 0.02284442  1.0951039  -0.48954403],1,[0.019117   0.01421876 0.00585343]
1785142634633797600,[-0.35708186 -0.16174191 -1.8136909 ],[3.4164258e-03 3.9325048e-05 2.8655164e-02],1,[0.0017577  0.15292531 0.26667565],[0.10854545 0.10867438 0.08452073],[ 0.7677998   0.16160186 -0.15453042  0.6004072 ],0,6,1785142634630429,1785142634630429,[ 0.02656298  1.1337311  -0.49920756],1,[0.0199473  0.01429289 0.00586499]
1785142634645726302,[-0.36879483 -0.10208789 -1.8664224 ],[3.6494085e-03 4.0066545e-05 2.8421823e-02],1,[0.00206306 0.16066772 0.26125857],[0.10892802 0.10906411 0.08477207],[ 0.7723867   0.16189721 -0.15456057  0.5944065 ],0,6,1785142634638429,1785142634638429,[ 0.03082041  1.1720494  -0.5092263 ],1,[0.02085587 0.01436648 0.00587658]
1785142634653686169,[-0.38424474 -0.04642575 -1.9170219 ],[3.8774009e-03 4.1104609e-05 2.8193176e-02],1,[0.00240299 0.16874984 0.2558006 ],[0.1093133  0.1094562  0.08502423],[ 0.7770965   0.16203272 -0.15440083  0.58824056],0,6,1785142634646429,1785142634646429,[ 0.03564858  1.2107761  -0.5198186 ],1,[0.02183596 0.01443983 0.0058882 ]
1785142634665664775,[-0.40235618  0.04145482 -2.0206194 ],[4.0012132e-03 4.3761436e-05 2.5732530e-02],1,[0.00320051 0.1859434  0.24474154],[0.11008643 0.11024576 0.08553103],[ 0.7868331   0.16194159 -0.15361045  0.57538897],0,6,1785142634662429,1785142634662429,[ 0.04616985  1.2890171  -0.5424057 ],1,[0.02332924 0.01458179 0.00591153]
1785142634673788721,[-0.41167757  0.08672983 -2.0738828 ],[4.1920622e-03 4.5844088e-05 2.5539959e-02],1,[0.00366085 0.19505267 0.23912898],[0.1104808  0.11064491 0.08578566],[ 0.791853    0.16173708 -0.1529651   0.56869286],0,6,1785142634670429,1785142634670429,[ 0.05165419  1.3277681  -0.5546847 ],1,[0.02447685 0.01465408 0.00592325]
1785142634685691148,[-0.41913512  0.13280128 -2.1223524 ],[4.3728850e-03 4.8388789e-05 2.5356958e-02],1,[0.00416488 0.20449866 0.23345348],[0.11087855 0.11104645 0.08604114],[ 0.79696405  0.16141811 -0.1521483   0.5618216 ],0,6,1785142634678429,1785142634678429,[ 0.05760276  1.366256   -0.56729925],1,[0.02571422 0.01472618 0.00593501]
1785142634693758207,[-0.42526793  0.15943201 -2.1702876 ],[4.5425785e-03 5.1450446e-05 2.5184557e-02],1,[0.00471468 0.2142802  0.22764869],[0.11127989 0.11145039 0.08569915],[ 0.80214655  0.16102254 -0.15120232  0.55477065],0,6,1785142634686429,1785142634686429,[ 0.06358807  1.4048759  -0.57998824],1,[0.02704513 0.01479844 0.00592613]
1785142634705673575,[-0.42633015  0.22894135 -2.2714884 ],[4.8494637e-03 5.9291939e-05 2.4870552e-02],1,[0.00595797 0.23484282 0.2158315 ],[0.11209435 0.1122655  0.08621069],[ 0.81270957  0.16007729 -0.14886284  0.5401096 ],0,6,1785142634702429,1785142634702429,[ 0.07656928  1.481025   -0.6070728 ],1,[0.02995004 0.01494347 0.00594984]
1785142634713662862,[-0.43618602  0.25317633 -2.3215554 ],[4.9829660e-03 6.4147462e-05 2.4732556e-02],1,[0.00665769 0.24561612 0.20980929],[0.112508   0.11267669 0.0864677 ],[ 0.8180821   0.15949553 -0.14750418  0.53248984],0,6,1785142634710429,1785142634710429,[ 0.08361334  1.5188612  -0.62125486],1,[0.03154664 0.01501678 0.00596177]
1785142634725716086,[-0.43086118  0.27607515 -2.369759  ],[5.1034689e-03 6.9601942e-05 2.4606949e-02],1,[0.00741198 0.25671616 0.20370658],[0.11292633 0.11309033 0.08672554],[ 0.82349825  0.1588847  -0.14601737  0.5246764 ],0,6,1785142634718429,1785142634718429,[ 0.09066413  1.5565947  -0.6355836 ],1,[0.03324643 0.01509048 0.00597375]
1785142634733760887,[-0.4271318   0.29871172 -2.417696  ],[5.2113803e-03 7.5726086e-05 2.4493271e-02],1,[0.0082217  0.26813933 0.1975198 ],[0.11334964 0.11350643 0.08698422],[ 0.8289456   0.15825237 -0.14440663  0.5166742 ],0,6,1785142634726429,1785142634726429,[ 0.09795082  1.5938278  -0.6504736 ],1,[0.03503225 0.01516491 0.00598577]
1785142634745661090,[-0.41781828  0.32720673 -2.511435  ],[4.8648953e-03 8.4934669e-05 2.1949895e-02],1,[0.01001505 0.2919387  0.18481879],[0.11419968 0.11434443 0.08688903],[ 0.83993447  0.15694354 -0.14084186  0.5000425 ],0,6,1785142634742429,1785142634742429,[ 0.11362419  1.6681087  -0.6829132 ],1,[0.03663193 0.0153158  0.00598866]
1785142634753753592,[-0.40449697  0.33945632 -2.5548456 ],[4.9236729e-03 9.2709175e-05 2.1883683e-02],1,[0.01100588 0.30431995 0.17828223],[0.1146381  0.11476798 0.08714839],[ 0.8454414   0.15631557 -0.13892156  0.49142146],0,6,1785142634750429,1785142634750429,[ 0.12179331  1.7057456  -0.7020843 ],1,[0.03856422 0.0153947  0.00600087]
1785142634765670143,[-0.38505754  0.3556985  -2.5926628 ],[0.0049708  0.00010131 0.0218283 ],1,[0.01206246 0.31702462 0.17161174],[0.11508261 0.11519406 0.08740859],[ 0.8509338   0.15571634 -0.13686794  0.4826295 ],0,6,1785142634758429,1785142634758429,[ 0.1303035  1.7435215 -0.7240261],1,[0.04057522 0.0154749  0.00601314]
1785142634773733546,[-0.3674828   0.36182564 -2.6195602 ],[0.00500456 0.00011086 0.02178532],1,[0.01318777 0.33005536 0.16478474],[0.1155336  0.11562268 0.08766964],[ 0.85637635  0.15516329 -0.13472085  0.47370276],0,6,1785142634766429,1785142634766429,[ 0.13924052  1.7820344  -0.7487222 ],1,[0.04269219 0.015557   0.00602547]
1785142634785693330,[-0.31661537  0.36767766 -2.6589758 ],[0.00503497 0.00013256 0.02173389],1,[0.01565397 0.35712284 0.15056562],[0.11645669 0.11648766 0.08819427],[ 0.8670482   0.1542487  -0.13019198  0.45550507],0,6,1785142634782429,1785142634782429,[ 0.15768494  1.8616064  -0.80702776],1,[0.04725339 0.01572605 0.00605038]
1785142634793626492,[-0.2870552   0.37274188 -2.6682963 ],[0.00503373 0.00014489 0.02172312],1,[0.01699916 0.37116885 0.14312157],[0.11692969 0.11692405 0.08845785],[ 0.87224907  0.15391879 -0.12778153  0.4462764 ],0,6,1785142634790429,1785142634790429,[ 0.16758434  1.9022706  -0.8411755 ],1,[0.04965344 0.01581447 0.00606292]
1785142634805643613,[-0.26415753  0.36688328 -2.6760187 ],[0.00502085 0.00015825 0.02172299],1,[0.01842411 0.3855626  0.13541895],[0.1174109  0.11736307 0.08872227],[ 0.8773441   0.15366018 -0.1253203   0.43697917],0,6,1785142634798429,1785142634798429,[ 0.17770714  1.943459   -0.878363  ],1,[0.05216562 0.01590655 0.00607555]
1785142634813671917,[-0.23272775  0.36208805 -2.673089  ],[0.00443845 0.0001564  0.01926799],1,[0.01991373 0.40030715 0.12739271],[0.11786417 0.11780339 0.08835152],[ 0.8823155   0.15350103 -0.12281315  0.42763746],0,6,1785142634806429,1785142634806429,[ 0.18766975  1.9853059  -0.9185273 ],1,[0.0504636  0.01599449 0.00606611]
1785142634825649752,[-0.18212956  0.3511713  -2.6563106 ],[0.00437382 0.00018514 0.01930454],1,[0.02313571 0.4308587  0.11042136],[0.11885958 0.11869478 0.08888082],[ 0.8918352   0.15343569 -0.11766938  0.40895146],0,6,1785142634822429,1785142634822429,[ 0.20842889  2.0687675  -1.0034318 ],1,[0.05535753 0.01619033 0.00609173]
1785142634833876572,[-0.14697655  0.34237877 -2.6358051 ],[0.00432855 0.00020116 0.0193341 ],1,[0.02486886 0.44666114 0.10146128],[0.11937121 0.11914457 0.08914676],[ 0.89636844  0.15354225 -0.11506177  0.39963645],0,6,1785142634830429,1785142634830429,[ 0.21860114  2.1100976  -1.0458512 ],1,[0.05789662 0.01629387 0.00610463]
1785142634845653736,[-0.12247379  0.3346616  -2.6166296 ],[0.0042768  0.0002183  0.01936903],1,[0.02668193 0.4628081  0.09218936],[0.11989274 0.11959711 0.08941355],[ 0.9007471   0.15373647 -0.11244048  0.39035487],0,6,1785142634838429,1785142634838429,[ 0.22867565  2.15023    -1.0874538 ],1,[0.0605207  0.01639977 0.00611762]
1785142634853805529,[-0.10223641  0.32401022 -2.597987  ],[0.004219   0.0002369  0.01940856],1,[0.02857333 0.4792905  0.08261339],[0.12042468 0.12005244 0.08968119],[ 0.90498227  0.15399514 -0.10981694  0.38109434],0,6,1785142634846429,1785142634846429,[ 0.23840752  2.1894958  -1.1278044 ],1,[0.06320496 0.01650982 0.00613067]
1785142634865591678,[-0.0572277   0.30110824 -2.5420606 ],[0.00408298 0.00027783 0.01950428],1,[0.03258276 0.51323384 0.06254023],[0.12152179 0.12097155 0.08956537],[ 0.91297567  0.1547282  -0.10461108  0.362755  ],0,6,1785142634862429,1785142634862429,[ 0.25730687  2.2653642  -1.2038825 ],1,[0.06872836 0.01674483 0.00613414]
1785142634873581316,[-0.04072092  0.28406352 -2.511967  ],[0.004007   0.00030033 0.01955809],1,[0.03469675 0.5306774  0.05207409],[0.12208799 0.1214354  0.08983365],[ 0.916739    0.15518196 -0.10205135  0.35368595],0,6,1785142634870429,1785142634870429,[ 0.26619896  2.301508   -1.238226  ],1,[0.07159549 0.01686794 0.0061474 ]
1785142634885597536,[-0.01249308  0.26008856 -2.4802754 ],[0.00341906 0.00028514 0.01703136],1,[0.0368441  0.54842496 0.04136839],[0.12255405 0.12190105 0.09010278],[ 0.92034125  0.15573153 -0.09955145  0.34468746],0,6,1785142634878429,1785142634878429,[ 0.274298   2.3364658 -1.2695757],1,[0.06711888 0.01696367 0.00616071]
1785142634893622323,[ 0.02079103  0.22679739 -2.4440563 ],[0.00334465 0.0003074  0.01708382],1,[0.03905092 0.5664646  0.03044662],[0.12313116 0.12237069 0.09037279],[ 0.92373496  0.15643574 -0.09712016  0.33587092],0,6,1785142634886429,1785142634886429,[ 0.28183764  2.370335   -1.2976769 ],1,[0.06971271 0.01709138 0.00617411]
1785142634905878371,[ 0.12598413  0.13943991 -2.3681571 ],[0.00318781 0.00035619 0.01719249],1,[0.04363073 0.60338664 0.00806182],[0.12432256 0.12331885 0.09091538],[ 0.92997444  0.158486   -0.09257712  0.31852683],0,6,1785142634902429,1785142634902429,[ 0.2959423  2.4352121 -1.3436143],1,[0.07514983 0.01736435 0.00620124]
1785142634913733510,[ 0.18669678  0.08350735 -2.3276775 ],[0.00310473 0.00038322 0.01724884],1,[ 0.0459975   0.6222539  -0.00334987],[0.12493796 0.12379747 0.09118798],[ 0.93281144  0.15986936 -0.09049564  0.31002444],0,6,1785142634910429,1785142634910429,[ 0.30240268  2.466346   -1.3620337 ],1,[0.07799082 0.01751262 0.00621497]
1785142634925641947,[ 0.25593504  0.01559495 -2.2903934 ],[0.00301969 0.00041194 0.01730547],1,[ 0.04841232  0.6413842  -0.01487982],[0.12556726 0.12427918 0.09146146],[ 0.93545455  0.16156003 -0.08859027  0.3016205 ],0,6,1785142634918429,1785142634918429,[ 0.30867377  2.4970915  -1.3782072 ],1,[0.0809525  0.01767021 0.00622887]
1785142634933667446,[ 0.33157286 -0.04858995 -2.2461843 ],[0.00293344 0.00044232 0.01736165],1,[ 0.0508734   0.66077536 -0.02656549],[0.12621109 0.12476403 0.09106004],[ 0.93789816  0.16358052 -0.0868651   0.2933311 ],0,6,1785142634926429,1785142634926429,[ 0.31469604  2.527694   -1.3927464 ],1,[0.0840584  0.01783594 0.00621925]
1785142634945664684,[ 0.4673925  -0.17268729 -2.1606977 ],[0.00275703 0.00050925 0.01747174],1,[ 0.05592735  0.7003312  -0.05020375],[0.12754516 0.12574343 0.09160732],[ 0.9422036   0.16855127 -0.08391417  0.2771305 ],0,6,1785142634942429,1785142634942429,[ 0.3263964  2.5880024 -1.41901  ],1,[0.09061674 0.01819838 0.00624785]
1785142634953779013,[ 0.52411926 -0.23367171 -2.1154253 ],[0.00226555 0.00046468 0.0147924 ],1,[ 0.05853812  0.7204943  -0.0621502 ],[0.12794371 0.12623699 0.09188228],[ 0.94408023  0.17144127 -0.08272415  0.26921585],0,6,1785142634950429,1785142634950429,[ 0.33245036  2.618587   -1.4323144 ],1,[0.08259659 0.018294   0.00626238]
1785142634965720426,[ 0.57499194 -0.28400496 -2.068286  ],[0.00219053 0.00049694 0.01483544],1,[ 0.06119461  0.7409186  -0.07418847],[0.12862298 0.12673496 0.09215812],[ 0.94579077  0.17454949 -0.08171421  0.26140985],0,6,1785142634958429,1785142634958429,[ 0.33838165  2.6496718  -1.4466377 ],1,[0.08565568 0.01848874 0.00627711]
1785142634973743901,[ 0.6173392 -0.3210174 -2.0214143],[0.00211556 0.00053076 0.01487689],1,[ 0.06389508  0.76160896 -0.08632714],[0.12931821 0.12723637 0.09243485],[ 0.94733775  0.17784652 -0.08083054  0.25374863],0,6,1785142634966429,1785142634966429,[ 0.34410763  2.6815555  -1.4620969 ],1,[0.08878734 0.01869365 0.00629199]
1785142634985677541,[ 0.65118647 -0.3843027  -1.9234382 ],[0.00111152 0.00035272 0.00890432],1,[ 0.06686012  0.7956995  -0.11218546],[0.10651321 0.10632826 0.08331665],[ 0.9499395   0.184735   -0.07940289  0.23913008],0,6,1785142634982429,1785142634982429,[ 0.35237002  2.744119   -1.4973578 ],1,[0.04644464 0.014846   0.00584449]
1785142634993724786,[ 0.66477615 -0.3984174  -1.8739009 ],[0.00107052 0.00037384 0.00892437],1,[ 0.06842174  0.8132979  -0.1252855 ],[0.10684127 0.10670679 0.08356332],[ 0.95101774  0.18826905 -0.07883383  0.23217487],0,6,1785142634990429,1785142634990429,[ 0.35660815  2.776631   -1.5168092 ],1,[0.04802347 0.0149895  0.00585887]
1785142635005700579,[ 0.6732999  -0.40134463 -1.8238333 ],[0.00103011 0.00039557 0.00894323],1,[ 0.07003599  0.83126944 -0.1385124 ],[0.10717492 0.10708786 0.08381081],[ 0.9519825   0.19181539 -0.07830356  0.2253988 ],0,6,1785142634998429,1785142634998429,[ 0.3608916  2.8101223 -1.5372062],1,[0.04960122 0.01513346 0.00587329]
1785142635013801567,[ 0.67010194 -0.41092825 -1.7753654 ],[0.00099057 0.00041786 0.00896065],1,[ 0.07170162  0.8496202  -0.15187325],[0.10751449 0.10747149 0.08405913],[ 0.9528459   0.1953385  -0.07783512  0.21879087],0,6,1785142635006429,1785142635006429,[ 0.36512926  2.8448129  -1.5580719 ],1,[0.05117865 0.01527835 0.00588775]
1785142635025772312,[ 0.6642503  -0.41439173 -1.6762955 ],[0.00081966 0.00041439 0.00797238],1,[ 0.07515775  0.8874906  -0.1790118 ],[0.10818201 0.10824331 0.08455826],[ 0.95429313  0.20226738 -0.07705702  0.20609418],0,6,1785142635022429,1785142635022429,[ 0.37449563  2.9167244  -1.6010015 ],1,[0.05011835 0.01551664 0.0059167 ]
1785142635033884830,[ 0.65200144 -0.40932825 -1.6286253 ],[0.00078749 0.00043555 0.00798358],1,[ 0.07695466  0.9070142  -0.19285046],[0.1085462  0.10863493 0.08423117],[ 0.9549102   0.20563476 -0.07672037  0.1999372 ],0,6,1785142635030429,1785142635030429,[ 0.37945372  2.953402   -1.6221397 ],1,[0.05147786 0.01565505 0.00591135]
1785142635045769528,[ 0.62963086 -0.40027034 -1.5820208 ],[0.00075687 0.00045743 0.00799249],1,[ 0.07880915  0.9269268  -0.20682481],[0.10891709 0.10902918 0.0844811 ],[ 0.9554633   0.20889582 -0.07639843  0.19394802],0,6,1785142635038457,1785142635038457,[ 0.3841814  2.990214  -1.6423953],1,[0.05281544 0.01579016 0.00592578]
1785142635053752827,[ 0.5982088  -0.38428998 -1.536746  ],[0.00072824 0.00048059 0.00799814],1,[ 0.0807189   0.94722635 -0.22092825],[0.10929494 0.10942607 0.08473185],[ 0.95596755  0.21200384 -0.07608436  0.1881269 ],0,6,1785142635046457,1785142635046457,[ 0.3888546  3.0270898 -1.6615666],1,[0.0541328  0.01592298 0.00594022]
1785142635065933759,[ 0.52177656 -0.35019624 -1.4469985 ],[0.00067703 0.00053151 0.00799878],1,[ 0.08470545  0.9889749  -0.24948026],[0.11007244 0.11022776 0.08523586],[ 0.95686084  0.21772486 -0.07544865  0.1769768 ],0,6,1785142635062457,1785142635062457,[ 0.39872703  3.100591   -1.6953301 ],1,[0.05670884 0.01617959 0.00596907]
1785142635073851876,[ 0.46292636 -0.3121106  -1.4051855 ],[0.00065506 0.00055999 0.00799244],1,[ 0.08678202  1.0104164  -0.2639087 ],[0.11047257 0.11063258 0.08548912],[ 0.957288    0.22022375 -0.07507733  0.17165248],0,6,1785142635070457,1785142635070457,[ 0.40334246  3.1366622  -1.7103626 ],1,[0.05798493 0.01630513 0.00598353]
1785142635085698280,[ 0.39900792 -0.27482554 -1.3628421 ],[0.0006356  0.00059101 0.00798106],1,[ 0.08891074  1.0322282  -0.27842584],[0.11088061 0.11104007 0.08574323],[ 0.95772266  0.22243105 -0.0746299   0.16649978],0,6,1785142635078457,1785142635078457,[ 0.4079118  3.1727264 -1.7240194],1,[0.05926763 0.01642936 0.00599806]
1785142635093682500,[ 0.33216384 -0.24047025 -1.3242263 ],[0.00061828 0.00062473 0.00796484],1,[ 0.09109126  1.0544083  -0.2930233 ],[0.11129679 0.11145025 0.08599817],[ 0.9581724   0.22434269 -0.07413106  0.16149515],0,6,1785142635086457,1785142635086457,[ 0.41245005  3.208651   -1.7367302 ],1,[0.06054747 0.01655262 0.00601262]
1785142635105735515,[ 0.18223035 -0.15764305 -1.2461958 ],[0.00052325 0.00061337 0.00689482],1,[ 0.09561595  1.0998632  -0.32250544],[0.11215001 0.11227742 0.08591114],[ 0.95915264  0.22720446 -0.07290465  0.15195163],0,6,1785142635102457,1785142635102457,[ 0.42214927  3.2797859  -1.7601386 ],1,[0.05743722 0.01671713 0.00602142]
1785142635113842593,[ 0.10340115 -0.10757549 -1.2102432 ],[0.00051339 0.00064929 0.00686894],1,[ 0.09795997  1.1231278  -0.33734962],[0.11259095 0.1126959  0.08616684],[ 0.95970595  0.22811018 -0.07214256  0.1473968 ],0,6,1785142635110457,1785142635110457,[ 0.4270037  3.3152637 -1.7717516],1,[0.05863803 0.01684231 0.00603633]
1785142635125765287,[ 0.01791308 -0.06656217 -1.1734918 ],[0.00050461 0.00068722 0.00683997],1,[ 0.10035577  1.1467476  -0.35226354],[0.11304028 0.11311715 0.0864234 ],[ 0.960307    0.22864944 -0.07130062  0.14298964],0,6,1785142635118457,1785142635118457,[ 0.4315002  3.3507957 -1.7834171],1,[0.05988153 0.01696869 0.0060514 ]
1785142635133755457,[-0.05958467 -0.01942549 -1.1362076 ],[0.00049666 0.00072653 0.00680878],1,[ 0.10280046  1.1707215  -0.36724922],[0.11349825 0.11354119 0.0866808 ],[ 0.9609535   0.22884132 -0.07035612  0.1387449 ],0,6,1785142635126457,1785142635126457,[ 0.4358113  3.3864512 -1.7952938],1,[0.06117281 0.01709886 0.00606667]
1785142635145736660,[-0.22044052  0.0657973  -1.071226  ],[0.00048312 0.00080809 0.00674111],1,[ 0.10784484  1.2197267  -0.39744788],[0.11444115 0.11439782 0.08719818],[ 0.9623915   0.22820592 -0.06817897  0.13067597],0,6,1785142635142457,1785142635142457,[ 0.44573346  3.4576051  -1.8202758 ],1,[0.06391389 0.01736734 0.00609785]
1785142635153728292,[-0.30379727  0.10680927 -1.0382031 ],[0.00047675 0.00085019 0.00670555],1,[ 0.11044713  1.2447547  -0.41271994],[0.11492665 0.11483047 0.08684373],[ 0.9631944   0.22734818 -0.06695875  0.1268308 ],0,6,1785142635150457,1785142635150457,[ 0.45045447  3.4933298  -1.8339869 ],1,[0.06535815 0.01750552 0.00609247]
1785142635165764438,[-0.37463805  0.14488943 -1.003582  ],[0.00047063 0.00089274 0.0066693 ],1,[ 0.11310158  1.2701324  -0.428083  ],[0.11542191 0.11526605 0.08710273],[ 0.9640424   0.22616602 -0.06565741  0.12312716],0,6,1785142635158457,1785142635158457,[ 0.45532578  3.5291464  -1.848384  ],1,[0.066867   0.01764513 0.0061086 ]
1785142635173767590,[-0.44174787  0.1861698  -0.9737548 ],[0.00041189 0.00081467 0.00574431],1,[ 0.11580876  1.2958584  -0.44354373],[0.1158918  0.11570428 0.0873626 ],[ 0.96493024  0.22469835 -0.06425691  0.11954702],0,6,1785142635166457,1785142635166457,[ 0.46024877  3.5648572  -1.8635784 ],1,[0.06194713 0.01767924 0.00612496]
1785142635185797986,[-0.58076835  0.24449183 -0.9132995 ],[0.00040182 0.00088927 0.00568013],1,[ 0.12138265  1.3483384  -0.47477746],[0.11691775 0.11659047 0.08788493],[ 0.9668358   0.22084333 -0.06125286  0.11271646],0,6,1785142635182457,1785142635182457,[ 0.46971378  3.6344638  -1.8949242 ],1,[0.06482276 0.01796318 0.00615834]
1785142635193891392,[-0.6422848  0.2777803 -0.8832077],[0.00039669 0.0009261  0.0056486 ],1,[ 0.12424719  1.375077   -0.4905527 ],[0.11744566 0.11703812 0.08814739],[ 0.967839    0.21850143 -0.0596693   0.10947355],0,6,1785142635190457,1785142635190457,[ 0.4743216  3.668004  -1.9103613],1,[0.06630008 0.01810508 0.00617527]
1785142635205742063,[-0.7024737   0.30547798 -0.8499167 ],[0.0003914  0.000962   0.00561816],1,[ 0.12716243  1.4021385  -0.5064319 ],[0.1179839  0.11748882 0.08841074],[ 0.968869    0.2159027  -0.05802107  0.10636012],0,6,1785142635198457,1785142635198457,[ 0.47885156  3.70088    -1.9254707 ],1,[0.06779881 0.01824699 0.00619235]
1785142635213925752,[-0.7602643   0.33450428 -0.82834595],[0.00038593 0.00099694 0.00558885],1,[ 0.13012786  1.4295152  -0.5224116 ],[0.11853274 0.11794259 0.08867494],[ 0.9699265   0.2130529  -0.05631059  0.10334482],0,6,1785142635206457,1785142635206457,[ 0.48324454  3.7328181  -1.940096  ],1,[0.06931173 0.01838972 0.00620958]
1785142635225767908,[-0.86253035  0.3701907  -0.7678915 ],[0.00037408 0.00106166 0.00553633],1,[ 0.13620174  1.4851722  -0.5547727 ],[0.11966336 0.11885943 0.08856875],[ 0.9720971   0.20666431 -0.05278954  0.09762414],0,6,1785142635222457,1785142635222457,[ 0.49143112  3.7931318  -1.9680526 ],1,[0.07237083 0.01867527 0.00622227]
1785142635233879314,[-0.9165927   0.3941588  -0.74658644],[0.00036729 0.00109043 0.00551453],1,[ 0.13930714  1.5134327  -0.57108945],[0.12024567 0.11932254 0.08883369],[ 0.9732034   0.20314543 -0.05097154  0.09491622],0,6,1785142635230457,1785142635230457,[ 0.49531195  3.8215642  -1.9813589 ],1,[0.07391655 0.01881664 0.00623985]
1785142635245869733,[-0.9608015   0.41413108 -0.7218194 ],[0.00032277 0.00097897 0.00479572],1,[ 0.1424614  1.5419685 -0.587493 ],[0.12071838 0.11978835 0.08909952],[ 0.9743212   0.19941853 -0.04910573  0.0922998 ],0,6,1785142635238457,1785142635238457,[ 0.49912235  3.8490827  -1.9940569 ],1,[0.06859811 0.01883706 0.00625755]
1785142635253847632,[-1.0012833   0.4218535  -0.70157725],[0.00031595 0.00099925 0.00478243],1,[ 0.14565936  1.5707686  -0.6039782 ],[0.12130959 0.12025768 0.08936623],[ 0.9754414   0.1955195  -0.0472306   0.08975359],0,6,1785142635246457,1785142635246457,[ 0.50275993  3.8752658  -2.0061417 ],1,[0.06999262 0.01897589 0.00627539]
1785142635265885130,[-1.0665292   0.43969697 -0.65151215],[0.00030083 0.00103085 0.00476629],1,[ 0.15217462  1.6291203  -0.637179  ],[0.12252585 0.1212059  0.08990232],[ 0.97766185  0.18728164 -0.04350305  0.08491421],0,6,1785142635262457,1785142635262457,[ 0.5088904  3.9243655 -2.0287747],1,[0.07282314 0.01925924 0.00631156]
1785142635273814807,[-1.1038151  0.4479508 -0.6312706],[0.0002926  0.00104183 0.0047637 ],1,[ 0.15548798  1.6586531  -0.6539651 ],[0.12315144 0.1216848  0.0895187 ],[ 0.978763    0.18293333 -0.04161815  0.08262243],0,6,1785142635270457,1785142635270457,[ 0.5117563  3.9472942 -2.0398626],1,[0.07426828 0.01940053 0.00630701]
1785142635285752426,[-1.1299152   0.44528753 -0.61449105],[0.00028395 0.00104963 0.00476471],1,[ 0.15883642  1.6884096  -0.6708222 ],[0.12378904 0.12216697 0.08978701],[ 0.9798506   0.1784692  -0.03975384  0.08038276],0,6,1785142635278457,1785142635278457,[ 0.51439416  3.9688993  -2.050818  ],1,[0.07573681 0.01954226 0.00632545]
1785142635293764122,[-1.1496223   0.43969408 -0.59505075],[0.00027495 0.00105437 0.00476914],1,[ 0.16221833  1.718379   -0.68774796],[0.12443895 0.1226524  0.09005623],[ 0.9809189   0.17390798 -0.03793192  0.07820164],0,6,1785142635286457,1785142635286457,[ 0.51682025  3.989391   -2.0611787 ],1,[0.07722431 0.01968907 0.00634411]
1785142635305771590,[-1.1746551   0.44075876 -0.5540402 ],[0.00025612 0.00105383 0.00478885],1,[ 0.16907223  1.7789154  -0.7217921 ],[0.12577681 0.12363325 0.09059735],[ 0.9829688   0.16463564 -0.03438083  0.0740634 ],0,6,1785142635302457,1785142635302457,[ 0.5208527  4.0265236 -2.081017 ],1,[0.08025632 0.01998951 0.00638193]
1785142635313857633,[-1.1845111   0.43117112 -0.5369926 ],[0.00022526 0.00093242 0.00424911],1,[ 0.17253545  1.8094618  -0.73890895],[0.12622699 0.12412713 0.09086928],[ 0.9839558   0.15990688 -0.03263659  0.0720804 ],0,6,1785142635310457,1785142635310457,[ 0.52243847  4.0436935  -2.090705  ],1,[0.07503138 0.02001921 0.00640109]
1785142635325788340,[-1.1863754   0.41572392 -0.51435596],[0.00021647 0.00092564 0.00426484],1,[ 0.17602313  1.8401816  -0.7560874 ],[0.12690844 0.12462579 0.09114211],[ 0.9849074   0.1551581  -0.03096636  0.07017506],0,6,1785142635318457,1785142635318457,[ 0.52399606  4.0595355  -2.100214  ],1,[0.0764441  0.02017139 0.00642042]
1785142635333733914,[-1.1770543   0.40160793 -0.49917707],[0.00020762 0.00091625 0.00428325],1,[ 0.17953669  1.871065   -0.7733261 ],[0.12760256 0.1251279  0.09141585],[ 0.9858194   0.15043536 -0.02936286  0.06831772],0,6,1785142635326457,1785142635326457,[ 0.52578956  4.074654   -2.109392  ],1,[0.07785914 0.02032483 0.00643983]
1785142635345700702,[-1.1767883  0.3840308 -0.4728111],[0.00019015 0.00089049 0.00432683],1,[ 0.18663386  1.9332885  -0.8081063 ],[0.12902983 0.1261425  0.09128894],[ 0.9875409   0.14100316 -0.02628239  0.06473327],0,6,1785142635342457,1785142635342457,[ 0.5280434  4.101554  -2.127315 ],1,[0.08064302 0.02063374 0.00645488]
1785142635353865870,[-1.1695969   0.37337914 -0.45363757],[0.00018152 0.00087442 0.0043517 ],1,[ 0.19021176  1.9646113  -0.8255789 ],[0.1297634  0.12665507 0.0915634 ],[ 0.98834944  0.13630055 -0.02481969  0.06302175],0,6,1785142635350457,1785142635350457,[ 0.52890706  4.113642   -2.1360025 ],1,[0.08201942 0.0207892  0.00647431]
1785142635365759423,[-1.1498908   0.35153952 -0.43818924],[0.00017298 0.00085641 0.00437842],1,[ 0.19380808  1.9960638  -0.8431065 ],[0.13051054 0.12717117 0.09183878],[ 0.9891161   0.13166235 -0.02343474  0.06136215],0,6,1785142635358457,1785142635358457,[ 0.52970016  4.1247783  -2.1447134 ],1,[0.08337566 0.02094468 0.00649371]
1785142635373761724,[-1.1264547   0.33476093 -0.42647302],[0.0001646  0.00083655 0.00440683],1,[ 0.19742183  2.0276377  -0.8606879 ],[0.13127147 0.12769084 0.09211507],[ 0.9898397   0.12711798 -0.02212685  0.05974055],0,6,1785142635366457,1785142635366457,[ 0.530346   4.1348934 -2.1530337],1,[0.08469592 0.0211     0.006513  ]
1785142635385726819,[-1.1024829   0.31326136 -0.39695   ],[9.0897192e-05 4.3228592e-04 2.6053567e-03],1,[ 0.20460996  2.0851333  -0.8982815 ],[0.10623433 0.10633135 0.08361456],[ 0.9911875   0.11813835 -0.0196695   0.05660274],0,6,1785142635382457,1785142635382457,[ 0.5320657  4.1489105 -2.1703904],1,[0.04200441 0.01616124 0.0060549 ]
1785142635393785726,[-1.0769172   0.2916902  -0.38389856],[8.6816581e-05 4.1876303e-04 2.6230928e-03],1,[ 0.20823741  2.1141155  -0.91718125],[0.1066032  0.10671468 0.08329725],[ 0.991808    0.11375644 -0.01853986  0.05506984],0,6,1785142635390457,1785142635390457,[ 0.5326767  4.154661  -2.1784973],1,[0.04260029 0.01627559 0.0060534 ]
1785142635405754167,[-1.0494865   0.26798734 -0.3724478 ],[8.2900791e-05 4.0468766e-04 2.6412176e-03],1,[ 0.21188512  2.1432424  -0.9361028 ],[0.10697786 0.10710059 0.08354422],[ 0.9923889   0.10948738 -0.01750982  0.05357444],0,6,1785142635398457,1785142635398457,[ 0.5333522  4.159603  -2.1866117],1,[0.04317713 0.01638983 0.00607111]
1785142635413824704,[-1.0273814   0.25866675 -0.36232975],[7.9196107e-05 3.9015751e-04 2.6595853e-03],1,[ 0.2155515  2.1725035 -0.955048 ],[0.10735843 0.1074891  0.08379204],[ 0.9929351   0.1053136  -0.01652932  0.05211244],0,6,1785142635406457,1785142635406457,[ 0.53362    4.16348   -2.1947994],1,[0.04373746 0.01650296 0.00608866]
1785142635425750603,[-0.9722549   0.23203474 -0.3372942 ],[7.2259936e-05 3.6006904e-04 2.6968766e-03],1,[ 0.22293283  2.2313938  -0.99301314],[0.10813771 0.10827397 0.08429027],[ 0.9939286   0.09725165 -0.01469352  0.04931789],0,6,1785142635422457,1785142635422457,[ 0.5339291  4.1694517 -2.2107563],1,[0.04481512 0.01672984 0.00612344]
1785142635433807476,[-0.94162893  0.20673442 -0.32477635],[6.9068410e-05 3.4465318e-04 2.7156195e-03],1,[ 0.22664733  2.2610087  -1.0120312 ],[0.10853664 0.10867037 0.08454068],[ 0.9943735   0.09341104 -0.01389978  0.04798463],0,6,1785142635430457,1785142635430457,[ 0.5342589  4.171527  -2.218331 ],1,[0.04532462 0.01684358 0.00614059]
1785142635445762805,[-0.9064739   0.19421744 -0.31625792],[6.6096000e-05 3.2916036e-04 2.7342190e-03],1,[ 0.23037706  2.2907257  -1.0311221 ],[0.10894189 0.10906943 0.08421428],[ 0.994787    0.0897039  -0.01317461  0.04667618],0,6,1785142635438457,1785142635438457,[ 0.5341587  4.1727815 -2.2256284],1,[0.04581628 0.01695693 0.00613769]
1785142635453776464,[-0.8793097   0.18756092 -0.300278  ],[6.3345324e-05 3.1382340e-04 2.7524426e-03],1,[ 0.23411879  2.320537   -1.0502332 ],[0.10935355 0.10947119 0.08446471],[ 0.9951706   0.08611979 -0.0124727   0.04542531],0,6,1785142635446457,1785142635446457,[ 0.5339163  4.1733317 -2.2327838],1,[0.04628753 0.01706949 0.00615446]
1785142635465852368,[-0.8193892   0.15640101 -0.28270006],[5.7567937e-05 2.6786749e-04 2.6064997e-03],1,[ 0.24162965  2.3804107  -1.0885196 ],[0.11019375 0.11028157 0.08496817],[ 0.9958577   0.07930817 -0.01121618  0.04303408],0,6,1785142635462457,1785142635462457,[ 0.5335445  4.1729565 -2.2472022],1,[0.04542989 0.01727095 0.00618743]
1785142635473965297,[-0.78317004  0.13988884 -0.2747113 ],[5.5485289e-05 2.5404789e-04 2.6225408e-03],1,[ 0.245402   2.4104621 -1.1076965],[0.11062469 0.11069159 0.08522121],[ 0.99616325  0.07609729 -0.010689    0.04187935],0,6,1785142635470457,1785142635470457,[ 0.53320605  4.1717863  -2.2542832 ],1,[0.0458259  0.01738389 0.00620365]
1785142635485761575,[-0.7496134   0.13642734 -0.2637945 ],[5.3588319e-05 2.4065822e-04 2.6379684e-03],1,[ 0.24918294  2.4405801  -1.1268961 ],[0.11106213 0.11110438 0.08547512],[ 0.9964444   0.07302831 -0.01019113  0.04076383],0,6,1785142635478457,1785142635478457,[ 0.5325019  4.1700478 -2.261158 ],1,[0.04621025 0.01749808 0.00621979]
1785142635493877138,[-0.7232485   0.13136727 -0.25180885],[5.1842115e-05 2.2767358e-04 2.6528393e-03],1,[ 0.25297132  2.4707582  -1.1461169 ],[0.11150613 0.11151994 0.0857299 ],[ 0.996705    0.07006636 -0.00970173  0.03969706],0,6,1785142635486457,1785142635486457,[ 0.53183424  4.167801   -2.267724  ],1,[0.04657367 0.01761141 0.00623567]
1785142635505782332,[-0.66386044  0.1028718  -0.23289926],[4.8779970e-05 2.0279887e-04 2.6810595e-03],1,[ 0.26057184  2.531272   -1.1846818 ],[0.11241405 0.11235948 0.0856446 ],[ 0.99716705  0.06450998 -0.00885823  0.03765433],0,6,1785142635502457,1785142635502457,[ 0.5308218  4.161908  -2.2805111],1,[0.04725507 0.01783722 0.00624613]
1785142635513896823,[-0.63110304  0.09781068 -0.22757493],[4.7474230e-05 1.9112592e-04 2.6941798e-03],1,[ 0.26438418  2.561596   -1.204024  ],[0.11287808 0.11278351 0.08590025],[ 0.99737096  0.06191567 -0.00850326  0.03668089],0,6,1785142635510457,1785142635510457,[ 0.53017294  4.158275   -2.2867887 ],1,[0.04757122 0.01795086 0.00626144]
1785142635525811874,[-0.60393876  0.09568101 -0.21931906],[4.6307810e-05 1.8006533e-04 2.7065496e-03],1,[ 0.2682038  2.5919566 -1.2233858],[0.11334888 0.11321039 0.08615679],[ 0.9975587   0.05943966 -0.00815476  0.03573547],0,6,1785142635518457,1785142635518457,[ 0.5296231  4.154034  -2.2930546],1,[0.04786884 0.0180644  0.00627654]
1785142635533902454,[-0.57863855  0.08795748 -0.20919742],[4.5118330e-05 1.6177009e-04 2.5515521e-03],1,[ 0.27203313  2.6223495  -1.242766  ],[0.11381533 0.1136395  0.0864142 ],[ 0.9977322   0.05706216 -0.007826    0.03483114],0,6,1785142635526457,1785142635526457,[ 0.5290825  4.1495385 -2.2988765],1,[0.04652363 0.01815631 0.00629142]
1785142635545949509,[-0.55706674  0.07517477 -0.20253965],[4.419864e-05 1.522966e-04 2.562091e-03],1,[ 0.2758691  2.6527698 -1.2621628],[0.11429777 0.11407222 0.0866725 ],[ 0.9978926   0.05478165 -0.00754984  0.03394463],0,6,1785142635534457,1785142635534457,[ 0.5283236  4.1445146 -2.3045597],1,[0.04678378 0.01827049 0.00630615]
1785142635553824326,[-0.5312339   0.07197824 -0.19668142],[4.3381471e-05 1.4335933e-04 2.5719900e-03],1,[ 0.27971104  2.6832135  -1.2815765 ],[0.11478689 0.11450786 0.08693169],[ 0.9980411   0.05259413 -0.0072908   0.03308608],0,6,1785142635542457,1785142635542457,[ 0.5276748  4.1393285 -2.310239 ],1,[0.04702796 0.01838435 0.00632067]
1785142635565808824,[-0.48995498  0.06984795 -0.18336533],[4.2034550e-05 1.2710353e-04 2.5898863e-03],1,[ 0.2874067  2.7441547 -1.3204888],[0.11578529 0.11538793 0.08683839],[ 0.9983045   0.0485004  -0.00677099  0.03146452],0,6,1785142635558457,1785142635558457,[ 0.52586555  4.1277285  -2.3205316 ],1,[0.04746777 0.01861353 0.00632764]
1785142635573912656,[-0.47291058  0.06691908 -0.17670771],[4.1456249e-05 1.1968808e-04 2.5980270e-03],1,[ 0.29126212  2.7746449  -1.3399838 ],[0.11629462 0.11583245 0.08709841],[ 0.99842256  0.04656409 -0.00652854  0.03068565],0,6,1785142635566457,1785142635566457,[ 0.5251818  4.1215024 -2.3257854],1,[0.04766775 0.01872845 0.00634155]
1785142635585799643,[-0.43828937  0.05999453 -0.16152817],[4.0508734e-05 1.0640672e-04 2.6125500e-03],1,[ 0.29898292  2.8356442  -1.3790144 ],[0.11733366 0.11673047 0.08762114],[ 0.9986338   0.04288521 -0.00609831  0.02922938],0,6,1785142635582457,1785142635582457,[ 0.5232345  4.1078663 -2.3355534],1,[0.04803182 0.01895973 0.00636892]
1785142635593929049,[-0.42257676  0.06505442 -0.15700072],[4.0129657e-05 1.0050002e-04 2.6189836e-03],1,[ 0.30284575  2.8661463  -1.3985486 ],[0.1178634  0.11718404 0.08788385],[ 0.998728    0.04115368 -0.00586587  0.02853975],0,6,1785142635590457,1785142635590457,[ 0.5220006  4.1006503 -2.3402004],1,[0.0481929  0.01907505 0.00638229]
1785142635605812440,[-0.41218972  0.06505408 -0.1554014 ],[3.9826995e-05 9.2037917e-05 2.4715660e-03],1,[ 0.30672488  2.8966475  -1.4180932 ],[0.11836642 0.11764035 0.08814745],[ 0.99881655  0.03946931 -0.00562622  0.02785954],0,6,1785142635598457,1785142635598457,[ 0.52095896  4.093258   -2.3445108 ],1,[0.04685699 0.01917175 0.00639544]
1785142635613951624,[-0.40127093  0.0586628  -0.14767765],[3.9526611e-05 8.7283006e-05 2.4767707e-03],1,[ 0.31060633  2.9271424  -1.4376476 ],[0.11890626 0.11810007 0.08841196],[ 0.9988996   0.03782707 -0.00540451  0.02719542],0,6,1785142635606457,1785142635606457,[ 0.5201236  4.085411  -2.3487523],1,[0.04699568 0.01928868 0.00640851]
1785142635625799552,[-0.38076437  0.06265733 -0.13356347],[3.9050603e-05 7.8879071e-05 2.4859505e-03],1,[ 0.31837448  2.9881027  -1.4768375 ],[0.12000593 0.11902878 0.08830826],[ 0.9990493   0.03466827 -0.00495987  0.02596119],0,6,1785142635622457,1785142635622457,[ 0.5179297  4.069584  -2.357355 ],1,[0.04724506 0.01952349 0.00641185]
1785142635633822702,[-0.37410647  0.06185842 -0.13249825],[3.885530e-05 7.521693e-05 2.489958e-03],1,[ 0.32225925  3.018563   -1.4964727 ],[0.12056578 0.11949785 0.08857357],[ 0.99911743  0.03314316 -0.00473264  0.0253683 ],0,6,1785142635630457,1785142635630457,[ 0.5170387  4.061107  -2.3615472],1,[0.04735268 0.01964048 0.00642438]
1785142635645759636,[-0.37144324  0.06026109 -0.12477501],[3.8675429e-05 7.1847600e-05 2.4936574e-03],1,[ 0.3261455  3.0490055 -1.5161177],[0.1211323  0.11997008 0.08883977],[ 0.9991816   0.03163615 -0.0045118   0.02480078],0,6,1785142635638457,1785142635638457,[ 0.51603127  4.0525074  -2.3656018 ],1,[0.04745118 0.01975804 0.00643678]
1785142635653877693,[-0.36638334  0.05919519 -0.12078025],[3.851736e-05 6.877604e-05 2.497039e-03],1,[ 0.33003178  3.079428   -1.5357717 ],[0.12170549 0.12044548 0.08910688],[ 0.999242    0.03014341 -0.00429424  0.02425873],0,6,1785142635646457,1785142635646457,[ 0.51498014  4.043701   -2.3695524 ],1,[0.04754252 0.0198767  0.00644909]
1785142635665838159,[-0.35253486  0.06505398 -0.11172573],[3.8273713e-05 6.3415195e-05 2.5029450e-03],1,[ 0.3378038  3.1402018 -1.5751033],[0.12287191 0.12140591 0.08964381],[ 0.9993511   0.02724395 -0.00382834  0.02324931],0,6,1785142635662457,1785142635662457,[ 0.5125756  4.025384  -2.376683 ],1,[0.04769743 0.0201156  0.0064733 ]
1785142635673924340,[-0.35040447  0.07304398 -0.1050678 ],[3.8224782e-05 6.0096201e-05 2.3665088e-03],1,[ 0.34168392  3.1705468  -1.5947793 ],[0.12339996 0.12189081 0.08991362],[ 0.9994009   0.02581982 -0.0035625   0.02277118],0,6,1785142635670457,1785142635670457,[ 0.5114819  4.0157046 -2.3803065],1,[0.04645588 0.02022081 0.00648518]
1785142635685822416,[-0.3490731   0.06825021 -0.10053972],[3.8131657e-05 5.8095073e-05 2.3687556e-03],1,[ 0.3455636  3.2008593 -1.6145561],[0.12399513 0.12237908 0.08953116],[ 0.9994476   0.02440632 -0.00330395  0.02231863],0,6,1785142635678457,1785142635678457,[ 0.5104384  4.006179  -2.3839154],1,[0.04651988 0.02034171 0.00647393]
1785142635694069920,[-0.3496056   0.0701144  -0.09814343],[3.8056460e-05 5.6269993e-05 2.3708094e-03],1,[ 0.3494409  3.2311401 -1.6343387],[0.12459681 0.12287069 0.08980083],[ 0.9994917   0.02298998 -0.00304702  0.02187722],0,6,1785142635686457,1785142635686457,[ 0.5090493  3.9964712 -2.3874729],1,[0.04657532 0.02046258 0.00648558]
1785142635705800783,[-0.34268138  0.07703853 -0.08722446],[3.7926613e-05 5.3100375e-05 2.3744160e-03],1,[ 0.35718486  3.2915914  -1.6739244 ],[0.12581964 0.12386385 0.0903429 ],[ 0.99957097  0.02019972 -0.00248605  0.02106531],0,6,1785142635702457,1785142635702457,[ 0.50644463  3.9761603  -2.3945088 ],1,[0.04667312 0.02070546 0.00650861]
1785142635713959370,[-0.34321404  0.07996808 -0.08482751],[3.7868791e-05 5.1722654e-05 2.3760060e-03],1,[ 0.36105165  3.321757   -1.6937263 ],[0.12644078 0.12436543 0.09061529],[ 0.9996067   0.01881154 -0.00218794  0.02068388],0,6,1785142635710457,1785142635710457,[ 0.5051142  3.965563  -2.3978467],1,[0.04671374 0.02082806 0.00652002]
1785142635725813560,[-0.3426815   0.07730489 -0.08322924],[3.7817354e-05 5.0462910e-05 2.3774703e-03],1,[ 0.36491364  3.3518784  -1.713535  ],[0.12706839 0.12487037 0.09088861],[ 0.9996401   0.01742473 -0.00189344  0.02031045],0,6,1785142635718457,1785142635718457,[ 0.50360143  3.95488    -2.4012418 ],1,[0.04675012 0.02095175 0.00653135]
1785142635733829788,[-0.34348038  0.07783765 -0.07843596],[3.7773749e-05 4.9303464e-05 2.3788270e-03],1,[ 0.36877078  3.3819537  -1.7333494 ],[0.12770246 0.12537871 0.09116284],[ 0.999671    0.01603716 -0.0016044   0.01995613],0,6,1785142635726457,1785142635726457,[ 0.5022487  3.9439454 -2.4043486],1,[0.04677963 0.02107489 0.00654254]
1785142635745878538,[-0.3453455   0.09008828 -0.07497393],[3.7738806e-05 4.7044196e-05 2.2571126e-03],1,[ 0.37645942  3.4419544  -1.7730582 ],[0.12888934 0.12640537 0.09103856],[ 9.9972600e-01  1.3256040e-02 -9.4154151e-04  1.9273285e-02],0,6,1785142635742457,1785142635742457,[ 0.4993172  3.9212995 -2.4110272],1,[0.04571638 0.02131009 0.00654062]
1785142635753981859,[-0.3488076   0.08742531 -0.06884842],[3.7698403e-05 4.6209443e-05 2.2581429e-03],1,[ 0.38028923  3.4718747  -1.7929521 ],[0.12953736 0.126924   0.09131349],[ 9.9974972e-01  1.1849928e-02 -6.0667284e-04  1.8966448e-02],0,6,1785142635750457,1785142635750457,[ 0.49761862  3.909875   -2.414187  ],1,[0.0457417  0.02143457 0.00655157]
1785142635766005606,[-0.35120448  0.08529445 -0.06778342],[3.7663511e-05 4.5441651e-05 2.2591006e-03],1,[ 0.38411093  3.5017407  -1.8128521 ],[0.13019168 0.12744607 0.09158933],[ 9.9977118e-01  1.0438837e-02 -2.8577520e-04  1.8671578e-02],0,6,1785142635758457,1785142635758457,[ 0.49588007  3.8983583  -2.4174023 ],1,[0.04576064 0.02156035 0.00656246]
1785142635773898147,[-0.34960642  0.09168623 -0.06512084],[3.7632242e-05 4.4737426e-05 2.2599916e-03],1,[ 0.38792488  3.531549   -1.8327585 ],[0.13085228 0.12797165 0.09186609],[9.9979037e-01 9.0237539e-03 5.3241616e-05 1.8383937e-02],0,6,1785142635766457,1785142635766457,[ 0.49432656  3.8863227  -2.4205616 ],1,[0.04577973 0.02168655 0.0065733 ]
1785142635785818442,[-0.35334617  0.09721499 -0.05550862],[3.3438937e-05 3.6889880e-05 1.8431572e-03],1,[ 0.39693367  3.5965908  -1.8748593 ],[0.10642234 0.10642952 0.08339636],[9.9982089e-01 6.2021576e-03 7.6533068e-04 1.7869689e-02],0,6,1785142635782457,1785142635782457,[ 0.49191618  3.8651075  -2.4268742 ],1,[0.02957528 0.01688643 0.00608389]
1785142635793871465,[-0.35574317  0.09481768 -0.05976952],[3.3438850e-05 3.6614521e-05 1.8435735e-03],1,[ 0.40140608  3.6289337  -1.8958741 ],[0.10682528 0.10681489 0.08364433],[0.9998329  0.00479018 0.00111462 0.0176087 ],0,6,1785142635790457,1785142635790457,[ 0.49052557  3.8540082  -2.4300804 ],1,[0.02958605 0.01698979 0.0060945 ]
1785142635805880205,[-0.35734087  0.09428567 -0.05364444],[3.3440108e-05 3.6372818e-05 1.8439536e-03],1,[ 0.40585592  3.6611562  -1.9169182 ],[0.10723235 0.10720284 0.08332763],[0.9998425  0.00336654 0.00146003 0.01736256],0,6,1785142635798457,1785142635798457,[ 0.48905578  3.842915   -2.4331543 ],1,[0.02959559 0.0170936  0.00608554]
1785142635813985910,[-0.351482    0.0974812  -0.04938352],[3.3442149e-05 3.6166075e-05 1.8442989e-03],1,[ 0.41028306  3.6932595  -1.9379395 ],[0.10764355 0.10759344 0.08357561],[0.9998496  0.00196344 0.00181703 0.01713922],0,6,1785142635806457,1785142635806457,[ 0.48739567  3.83157    -2.4362268 ],1,[0.02960383 0.01719801 0.00609605]
1785142635825914901,[-0.3584063   0.09375264 -0.04565462],[4.0707797e-05 2.8693915e-04 8.9743786e-02],1,[ 0.41907215  3.7571032  -1.9799111 ],[0.10847833 0.10838258 0.08407413],[ 9.9723685e-01 -9.9275133e-04  2.4668716e-03  7.4240439e-02],0,7,1785142635822457,1785142635822457,[ 0.48556176  3.8080459  -2.4416308 ],1,[0.02969795 0.01740675 0.00611695]
1785142635834156103,[-0.36479777  0.09401915 -0.04485596],[3.9819311e-05 2.6131299e-04 8.9770354e-02],1,[ 0.42344755  3.788841   -2.0008643 ],[0.10890201 0.10878116 0.08432467],[ 0.9972486  -0.00245372  0.00272642  0.07404041],0,7,1785142635830457,1785142635830457,[ 0.4853551  3.7957287 -2.4446542],1,[0.02979924 0.01751202 0.00612746]
1785142635845842979,[-0.3637325   0.09828031 -0.03952998],[3.9003618e-05 2.3700671e-04 8.9795552e-02],1,[ 0.42781228  3.8204536  -2.021799  ],[0.10932991 0.10918244 0.08457605],[ 0.99725646 -0.00391949  0.00299905  0.07386007],0,7,1785142635838457,1785142635838457,[ 0.48509827  3.783252   -2.447703  ],1,[0.02991483 0.01761789 0.00613789]
1785142635853901321,[-0.36213458  0.10067713 -0.03473609],[3.8206446e-05 2.1426145e-04 8.9819133e-02],1,[ 0.43216532  3.851941   -2.0427175 ],[0.10976207 0.10958644 0.08482829],[ 0.9972606  -0.00537835  0.00328511  0.07370041],0,7,1785142635846457,1785142635846457,[ 0.48445725  3.7705026  -2.4509847 ],1,[0.03004723 0.01772446 0.00614827]
1785142635865881642,[-0.36985782  0.10041069 -0.02408337],[3.6776346e-05 1.7338101e-04 8.9861564e-02],1,[ 0.44083485  3.914535   -2.084588  ],[0.11063924 0.11040264 0.08475026],[ 0.9972565  -0.00833745  0.00386316  0.07345122],0,7,1785142635862457,1785142635862457,[ 0.48364303  3.7442346  -2.4594438 ],1,[0.03036304 0.01793896 0.00614863]
1785142635874042464,[-0.374119    0.10573635 -0.02994249],[3.6173253e-05 1.5493826e-04 8.9880683e-02],1,[ 0.4451559  3.9456375 -2.105552 ],[0.11108432 0.11081493 0.08500332],[ 0.9972507  -0.00983905  0.0041639   0.0733275 ],0,7,1785142635870457,1785142635870457,[ 0.48348227  3.7305615  -2.4645593 ],1,[0.03054941 0.01804724 0.00615887]
1785142635885920935,[-0.37518415  0.11159576 -0.03606796],[3.5657504e-05 1.3782138e-04 8.9898378e-02],1,[ 0.4494695  3.9766083 -2.1265144],[0.11153376 0.11123001 0.08525723],[ 0.99724466 -0.01134786  0.00448462  0.07317262],0,7,1785142635878457,1785142635878457,[ 0.4833863  3.7165565 -2.4688036],1,[0.03075639 0.01815583 0.0061691 ]
1785142635894004462,[-0.38051015  0.11931682 -0.04778573],[3.464575e-05 9.187244e-05 5.731364e-02],1,[ 0.4537676  4.0074615 -2.1474688],[0.11198386 0.11164565 0.08551195],[ 0.997238   -0.01287809  0.00483652  0.07298855],0,7,1785142635886457,1785142635886457,[ 0.48320246  3.7025354  -2.4722912 ],1,[0.03073403 0.01825861 0.00617908]
1785142635905943910,[-0.39462468  0.13210051 -0.07255328],[3.4127497e-05 7.4201176e-05 5.7331946e-02],1,[ 0.4623332  4.0687704 -2.1893384],[0.11290438 0.11248988 0.08602405],[ 0.99734163 -0.01603999  0.00552976  0.07086583],0,7,1785142635902457,1785142635902457,[ 0.48195544  3.6741383  -2.477096  ],1,[0.03113005 0.01848171 0.00619916]
1785142635913949590,[-0.39995125  0.13689353 -0.09199417],[3.3968521e-05 6.6616034e-05 5.7339754e-02],1,[ 0.4665995  4.0992255 -2.2102413],[0.11337133 0.1129163  0.0862814 ],[ 0.9973933  -0.01765692  0.00591435  0.06971309],0,7,1785142635910457,1785142635910457,[ 0.4813262  3.6598618 -2.4777434],1,[0.03134926 0.01859429 0.00620916]
1785142635925868202,[-0.4031468   0.14861166 -0.10850637],[3.3859833e-05 5.9906168e-05 5.7346649e-02],1,[ 0.4708537  4.1295476 -2.2311645],[0.1138428  0.11334556 0.08593796],[ 0.99744517 -0.01928905  0.0063373   0.068491  ],0,7,1785142635918457,1785142635918457,[ 0.48030367  3.6452863  -2.4777362 ],1,[0.03158931 0.01870751 0.00619811]
1785142635933866850,[-0.40927228  0.1512751  -0.12421806],[3.3810946e-05 5.4102195e-05 5.7352573e-02],1,[ 0.47509435  4.1597357  -2.2520497 ],[0.11431883 0.11377781 0.08619523],[ 0.9974965  -0.02094655  0.00678398  0.06720247],0,7,1785142635926457,1785142635926457,[ 0.4792979  3.6306503 -2.476842 ],1,[0.0318485  0.01882132 0.006208  ]
1785142635945960248,[-0.4090058   0.15846555 -0.15511124],[3.3915268e-05 4.5136167e-05 5.7361569e-02],1,[ 0.48354244  4.2197037  -2.293685  ],[0.11528474 0.11465114 0.08671235],[ 0.99759656 -0.02427507  0.00771181  0.06443962],0,7,1785142635942457,1785142635942457,[ 0.47795323  3.600602   -2.4726892 ],1,[0.03242254 0.01905151 0.00622767]
1785142635953885988,[-0.40261406  0.16725376 -0.16709606],[3.4066990e-05 4.2004387e-05 5.7364605e-02],1,[ 0.48774964  4.249483   -2.3144233 ],[0.11577474 0.11509228 0.08697219],[ 0.9976444  -0.02591955  0.00821438  0.06298014],0,7,1785142635950457,1785142635950457,[ 0.47678852  3.5854404  -2.469369  ],1,[0.03273784 0.01916763 0.00623745]
1785142635965872589,[-0.4074079   0.17417857 -0.1777479 ],[3.4226854e-05 3.9729071e-05 5.3444915e-02],1,[ 0.49194315  4.279124   -2.3351011 ],[0.11626795 0.115536   0.08723289],[ 0.99768937 -0.02757707  0.00875313  0.06147231],0,7,1785142635958457,1785142635958457,[ 0.47573102  3.5699897  -2.4652371 ],1,[0.0329325  0.01928234 0.00624713]
1785142635973866879,[-0.39968476  0.17790656 -0.1889335 ],[3.4492805e-05 3.8562790e-05 5.3445864e-02],1,[ 0.49612412  4.308626   -2.3557127 ],[0.11676736 0.11598315 0.08749446],[ 0.99773324 -0.0292166   0.00930855  0.05990252],0,7,1785142635966457,1785142635966457,[ 0.47466046  3.5546849  -2.4602635 ],1,[0.03327322 0.01939958 0.00625681]
1785142635985949519,[-0.38743407  0.18110266 -0.20810835],[3.5194935e-05 3.8803453e-05 5.3445056e-02],1,[ 0.5044467  4.367212  -2.3967855],[0.11778087 0.11688653 0.08739788],[ 0.9978133  -0.03243159  0.01044192  0.0566387 ],0,7,1785142635982457,1785142635982457,[ 0.47224727  3.5237083  -2.4483209 ],1,[0.03402013 0.0196368  0.00625425]
1785142635993958955,[-0.3794446   0.1853636  -0.21636422],[3.5649722e-05 4.0277198e-05 5.3443186e-02],1,[ 0.5085851  4.3962946 -2.4172366],[0.11829511 0.11734289 0.08766019],[ 0.9978491  -0.03398958  0.01103288  0.0549573 ],0,7,1785142635990457,1785142635990457,[ 0.4706614  3.5079916 -2.4415941],1,[0.03442812 0.01975701 0.00626381]
1785142636005980265,[-0.37491724  0.19042417 -0.21982586],[3.6185764e-05 4.2644839e-05 5.3440332e-02],1,[ 0.51270527  4.4252357  -2.4376025 ],[0.11881445 0.11780236 0.08792336],[ 0.99788076 -0.03553044  0.01165376  0.0532526 ],0,7,1785142635998457,1785142635998457,[ 0.468877   3.4921257 -2.434127 ],1,[0.03486081 0.01987879 0.00627328]
1785142636014015531,[-0.36559635  0.18829288 -0.22621769],[3.6803056e-05 4.5943896e-05 5.3436473e-02],1,[ 0.5168069  4.4540367 -2.4578784],[0.11933896 0.11826497 0.08818741],[ 0.9979089  -0.03703882  0.01226868  0.05153153],0,7,1785142636006457,1785142636006457,[ 0.46725973  3.4764805  -2.4260125 ],1,[0.03531698 0.02000209 0.00628274]
1785142636025906708,[-0.3424267   0.18483129 -0.23314175],[3.8250877e-05 5.5462751e-05 5.3425644e-02],1,[ 0.5249549  4.5112157 -2.4981437],[0.12040391 0.11919969 0.0887181 ],[ 0.99795735 -0.03990934  0.01350049  0.04802188],0,7,1785142636022457,1785142636022457,[ 0.46369064  3.4445164  -2.4082332 ],1,[0.03632551 0.02025295 0.00630158]
1785142636033957309,[-0.33550227  0.18669584 -0.23101126],[3.8947408e-05 6.0995590e-05 5.1856104e-02],1,[ 0.52899694  4.53959    -2.5181274 ],[0.12094257 0.11967164 0.08898474],[ 0.99797535 -0.04129247  0.01412125  0.04626842],0,7,1785142636030457,1785142636030457,[ 0.46138057  3.428048   -2.39861   ],1,[0.03672572 0.02037679 0.00631093]
1785142636045966978,[-0.32724684  0.18616271 -0.23527223],[3.9957125e-05 6.8075969e-05 5.1848091e-02],1,[ 0.53301394  4.567817   -2.5380597 ],[0.12148853 0.12014694 0.08861245],[ 0.9979898  -0.04264518  0.0147471   0.0445012 ],0,7,1785142636038485,1785142636038485,[ 0.45894417  3.411503   -2.3884294 ],1,[0.03728509 0.02050246 0.00629776]
1785142636053989336,[-0.31659415  0.17870617 -0.23553836],[4.1088730e-05 7.6297671e-05 5.1838808e-02],1,[ 0.5370057  4.5958996 -2.5578835],[0.12204014 0.12062561 0.08887891],[ 0.9980014  -0.04395716  0.01535197  0.04272549],0,7,1785142636046485,1785142636046485,[ 0.45656803  3.3952165  -2.3778553 ],1,[0.03786889 0.02062917 0.00630705]
1785142636065910228,[-0.2990173   0.16885245 -0.23527205],[4.386920e-05 9.623739e-05 5.181624e-02],1,[ 0.54491705  4.651631   -2.5971968 ],[0.12316075 0.12159278 0.08941445],[ 0.99801224 -0.04645195  0.01651334  0.03925616],0,7,1785142636062485,1785142636062485,[ 0.451963   3.3623254 -2.3557782],1,[0.03910807 0.0208825  0.00632558]
1785142636073922755,[-0.29342452  0.16512424 -0.23314151],[4.55634654e-05 1.07969405e-04 5.18028736e-02],1,[ 0.5488336  4.67928   -2.6166825],[0.12372997 0.12208132 0.08968353],[ 0.99801135 -0.04766136  0.01707775  0.03755405],0,7,1785142636070485,1785142636070485,[ 0.44936487  3.3457346  -2.3441753 ],1,[0.03977108 0.02101014 0.00633475]
1785142636086035461,[-0.28623387  0.16006435 -0.2291468 ],[4.7458172e-05 1.2099021e-04 5.1788043e-02],1,[ 0.55272305  4.7067823  -2.6360507 ],[0.12430531 0.12257319 0.08995348],[ 0.99800605 -0.0488397   0.01762719  0.03588726],0,7,1785142636078485,1785142636078485,[ 0.44677022  3.329017   -2.332162  ],1,[0.04045884 0.02113785 0.00634392]
1785142636094010615,[-0.27664688  0.15234111 -0.22674964],[4.9512440e-05 1.3519956e-04 5.1771857e-02],1,[ 0.55658394  4.7341385  -2.6553729 ],[0.12488689 0.12306827 0.08957053],[ 0.99799746 -0.04998121  0.01816001  0.03425208],0,7,1785142636086485,1785142636086485,[ 0.44390276  3.3124456  -2.3198042 ],1,[0.04118896 0.02126471 0.00632999]
1785142636105898605,[-0.25640652  0.13556339 -0.21396674],[5.3848926e-05 1.6461515e-04 5.0873265e-02],1,[ 0.56421435  4.7884154  -2.6936445 ],[0.12606607 0.12406857 0.09011085],[ 0.99797153 -0.05213803  0.01912637  0.03112303],0,7,1785142636102485,1785142636102485,[ 0.43803036  3.279078   -2.2942004 ],1,[0.04254622 0.02151785 0.0063482 ]
1785142636114012856,[-0.25241184  0.12943822 -0.20730872],[5.6577988e-05 1.8180042e-04 5.0853435e-02],1,[ 0.5679816  4.8153353 -2.7125907],[0.12666683 0.12457389 0.09038232],[ 0.997954   -0.05317226  0.01958186  0.02961746],0,7,1785142636110485,1785142636110485,[ 0.43487138  3.2621825  -2.2811368 ],1,[0.04335165 0.02164626 0.00635725]
1785142636125943861,[-0.24761803  0.12544341 -0.20304778],[5.9528014e-05 1.9987888e-04 5.0832491e-02],1,[ 0.5717163  4.842107  -2.731411 ],[0.12727438 0.12508264 0.09065466],[ 0.9979332  -0.05418288  0.02002245  0.02815433],0,7,1785142636118485,1785142636118485,[ 0.43160963  3.245068   -2.268138  ],1,[0.04417488 0.02177481 0.00636631]
1785142636133957410,[-0.24202558  0.11931796 -0.19852033],[6.2644860e-05 2.1882317e-04 5.0810490e-02],1,[ 0.5754174  4.8687305 -2.7501047],[0.12788886 0.12559481 0.09092788],[ 0.9979093  -0.05517588  0.02044823  0.02673106],0,7,1785142636126485,1785142636126485,[ 0.42838874  3.227961   -2.2546797 ],1,[0.04503194 0.02190368 0.00637535]
1785142636145913651,[-0.23483518  0.096415   -0.18573685],[6.9524482e-05 2.5867712e-04 5.0763912e-02],1,[ 0.5827193  4.9215355 -2.7871032],[0.12913926 0.12662953 0.09147695],[ 0.9978552  -0.05708364  0.02119356  0.02403163],0,7,1785142636142485,1785142636142485,[ 0.42183354  3.1937726  -2.227069  ],1,[0.04683195 0.02216492 0.00639333]
1785142636153944437,[-0.23030737  0.09348572 -0.17774786],[7.3398507e-05 2.7961138e-04 5.0739169e-02],1,[ 0.5863191  4.9477143 -2.8054593],[0.12977552 0.12715194 0.09107677],[ 0.99782413 -0.05801683  0.02152411  0.02275684],0,7,1785142636150485,1785142636150485,[ 0.4184232  3.1765938 -2.2129283],1,[0.04778408 0.02229733 0.00637831]
1785142636166081749,[-0.22578031  0.08762649 -0.17162228],[7.7389763e-05 3.0104144e-04 5.0713811e-02],1,[ 0.58988225  4.9737453  -2.8236809 ],[0.13041942 0.12767802 0.09135146],[ 0.9977906  -0.05893242  0.02184531  0.02153387],0,7,1785142636158485,1785142636158485,[ 0.4146839  3.1594105 -2.1985214],1,[0.04875101 0.02242937 0.00638728]
1785142636173944554,[-0.22311684  0.08389834 -0.16496466],[8.0960788e-05 3.1940133e-04 5.0119963e-02],1,[ 0.59340453  4.99963    -2.8417675 ],[0.13106617 0.12820743 0.09162702],[ 0.9977552  -0.05983149  0.02214693  0.02035483],0,7,1785142636166485,1785142636166485,[ 0.41105956  3.1422293  -2.184206  ],1,[0.04956767 0.02255885 0.00639621]
1785142636185911939,[-0.21859586  0.0625179  -0.15454684],[7.2263683e-05 2.9746979e-04 4.4116084e-02],1,[ 0.60135525  5.058174   -2.8801887 ],[0.10710364 0.10657101 0.08319276],[ 0.99767977 -0.06158703  0.0226467   0.01815061],0,7,1785142636182485,1785142636182485,[ 0.40418947  3.1121182  -2.1554024 ],1,[0.03239084 0.01750018 0.00593087]
1785142636193981131,[-0.21593246  0.05719163 -0.14602496],[7.5989577e-05 3.1610325e-04 4.4093806e-02],1,[ 0.60525894  5.087121   -2.8991427 ],[0.10748872 0.10695662 0.08343974],[ 0.99764013 -0.06243274  0.02284279  0.01716405],0,7,1785142636190485,1785142636190485,[ 0.40060765  3.0969033  -2.1408243 ],1,[0.03311172 0.01760659 0.00593992]
1785142636205923341,[-0.21300304  0.05080016 -0.13537224],[7.9708218e-05 3.3482269e-04 4.4071455e-02],1,[ 0.60911506  5.1158543  -2.917927  ],[0.10787743 0.10734481 0.08368754],[ 0.9975992  -0.06326394  0.02302085  0.01624017],0,7,1785142636198485,1785142636198485,[ 0.39710188  3.08164    -2.126088  ],1,[0.03384629 0.01771351 0.005949  ]
1785142636213995789,[-0.21167152  0.04360946 -0.12924698],[8.3419778e-05 3.5345828e-04 4.4049200e-02],1,[ 0.61292523  5.1443744  -2.9365947 ],[0.10826991 0.10773555 0.08337005],[ 0.9975568  -0.06408825  0.02317419  0.01536997],0,7,1785142636206485,1785142636206485,[ 0.39384082  3.0662336  -2.1111653 ],1,[0.0346159  0.01782019 0.00593863]
1785142636225985264,[-0.20927465  0.0294946  -0.11806172],[9.0848509e-05 3.9115944e-04 4.4004239e-02],1,[ 0.6204095  5.200786  -2.9734194],[0.10906674 0.10852502 0.08386637],[ 0.997468   -0.0657277   0.02340951  0.01377037],0,7,1785142636222485,1785142636222485,[ 0.38691366  3.035193   -2.0812418 ],1,[0.03622041 0.01803896 0.00595676]
1785142636234019578,[-0.21167147  0.02416869 -0.11113747],[9.4543902e-05 4.1016765e-04 4.3981615e-02],1,[ 0.62408304  5.2286797  -2.9915779 ],[0.10947139 0.10892373 0.08411575],[ 0.997422   -0.06653994  0.02349357  0.01303486],0,7,1785142636230485,1785142636230485,[ 0.38338032  3.0192804  -2.0660357 ],1,[0.03707055 0.01814969 0.00596581]
1785142636245955975,[-0.21300305  0.01884211 -0.10341437],[9.7638564e-05 4.2608430e-04 4.3626186e-02],1,[ 0.62771136  5.2563653  -3.0095677 ],[0.10987955 0.10932509 0.08436595],[ 0.9973738  -0.0673637   0.02355978  0.01235508],0,7,1785142636238485,1785142636238485,[ 0.37978318  3.0033503  -2.0508778 ],1,[0.03783239 0.01826053 0.00597485]
1785142636253972901,[-0.218862    0.01351583 -0.09888705],[0.00010104 0.00044475 0.0436042 ],1,[ 0.63129216  5.2838464  -3.0273898 ],[0.11029321 0.10972916 0.08461697],[ 0.9973234  -0.06820296  0.02360557  0.0117107 ],0,7,1785142636246485,1785142636246485,[ 0.37572345  2.987421   -2.0355434 ],1,[0.03872328 0.01837416 0.0059839 ]
1785142636265949537,[-0.23377568  0.00552657 -0.07971235],[0.00010752 0.00048129 0.04356137],1,[ 0.6383092  5.3381977 -3.0625355],[0.11113474 0.11054546 0.08512146],[ 0.9972132  -0.06995981  0.02365674  0.01057898],0,7,1785142636262485,1785142636262485,[ 0.3681539  2.9551055 -2.005062 ],1,[0.04059159 0.01860656 0.00600197]
1785142636274003154,[-0.23963462  0.0031295  -0.07491866],[0.00011064 0.0004996  0.04354003],1,[ 0.64174956  5.3650703  -3.0799294 ],[0.11156294 0.11095764 0.08478933],[ 0.99715304 -0.07087916  0.02366768  0.01008992],0,7,1785142636270485,1785142636270485,[ 0.36450198  2.9387543  -1.9895327 ],1,[0.04158047 0.0187256  0.00599075]
1785142636285975681,[-0.24362935  0.00153169 -0.07012501],[0.00011367 0.00051798 0.04351871],1,[ 0.6451451  5.3917418 -3.0971556],[0.11199635 0.11137268 0.08504189],[ 0.99709046 -0.07181566  0.02367272  0.00963524],0,7,1785142636278485,1785142636278485,[ 0.36075854  2.922341   -1.9739157 ],1,[0.04259471 0.01884532 0.00599977]
1785142636294055977,[-0.24815683 -0.00725671 -0.06426565],[0.00011649 0.00053601 0.04349795],1,[ 0.6484946  5.4182143 -3.114215 ],[0.11243515 0.11179051 0.08529527],[ 0.9970255  -0.07277063  0.0236546   0.00922154],0,7,1785142636286485,1785142636286485,[ 0.35676166  2.9058163  -1.9580892 ],1,[0.04362605 0.01896644 0.00600881]
1785142636306001264,[-0.2638694  -0.00699046 -0.05574401],[0.00012129 0.00057274 0.04345658],1,[ 0.6550571  5.470566  -3.147832 ],[0.11332969 0.11263462 0.08580448],[ 0.9968854  -0.07477017  0.02359286  0.00850535],0,7,1785142636302485,1785142636302485,[ 0.3493282  2.872385  -1.926301 ],1,[0.04579513 0.01921281 0.00602688]
1785142636313974123,[-0.26839676 -0.01311562 -0.04642271],[0.00012296 0.00058765 0.04317066],1,[ 0.6582738  5.496446  -3.1643922],[0.1137858  0.11306093 0.08606033],[ 0.9968109  -0.0758013   0.0235511   0.00821254],0,7,1785142636310485,1785142636310485,[ 0.34574157  2.8555868  -1.9103718 ],1,[0.04678017 0.01933745 0.00603589]
1785142636326073981,[-0.27239144 -0.01205044 -0.04296095],[0.00012505 0.00060585 0.04315047],1,[ 0.66144687  5.5221324  -3.1807895 ],[0.11424816 0.11349014 0.086317  ],[ 0.99673355 -0.07685459  0.02350654  0.00794845],0,7,1785142636318485,1785142636318485,[ 0.34183004  2.838765   -1.8947408 ],1,[0.04792182 0.01946536 0.00604493]
1785142636334038952,[-0.27185884 -0.01258297 -0.03630302],[0.00012696 0.00062429 0.04313019],1,[ 0.66457605  5.547623   -3.1970801 ],[0.11471692 0.11392215 0.08597237],[ 0.99665487 -0.07790382  0.02346275  0.00772339],0,7,1785142636326485,1785142636326485,[ 0.33813348  2.8216035  -1.8788656 ],1,[0.04908476 0.01959504 0.00603311]
1785142636345986594,[-0.2774515  -0.01338195 -0.02911248],[0.00012985 0.00066121 0.04309056],1,[ 0.6707083  5.5980206 -3.2291734],[0.11567454 0.11479516 0.08648624],[ 0.9964899  -0.08004718  0.02337175  0.00736141],0,7,1785142636342485,1785142636342485,[ 0.33072895  2.7871783  -1.8474323 ],1,[0.0515304  0.01986066 0.00605118]
1785142636354069336,[-0.28331044 -0.01844195 -0.02192169],[0.00013105 0.00067962 0.04307102],1,[ 0.6737102  5.622928  -3.2449794],[0.11616386 0.11523612 0.08674442],[ 0.99640393 -0.08113836  0.02331448  0.00723244],0,7,1785142636350485,1785142636350485,[ 0.32686758  2.7698486  -1.8315653 ],1,[0.05279016 0.01999509 0.00606025]
1785142636366000852,[-0.28570724 -0.01657807 -0.02272097],[0.00013204 0.00069816 0.04305159],1,[ 0.67666996  5.6476417  -3.2606254 ],[0.11666049 0.11568007 0.08700342],[ 0.9963153  -0.08224574  0.02325721  0.00711705],0,7,1785142636358485,1785142636358485,[ 0.3231488  2.7523384 -1.8158901],1,[0.05408267 0.02012837 0.00606935]
1785142636374196372,[-0.2841094  -0.01711022 -0.01446511],[0.00013284 0.00071693 0.04303211],1,[ 0.6795888  5.67216   -3.2761135],[0.11716469 0.11612704 0.08726325],[ 0.99622554 -0.08334819  0.0232006   0.0070339 ],0,7,1785142636366485,1785142636366485,[ 0.3195927  2.7345736 -1.8002151],1,[0.05540146 0.02026476 0.00607845]
1785142636386032658,[-0.2822452  -0.02004007 -0.009405  ],[0.00013322 0.00075112 0.04277154],1,[ 0.6853053  5.7206125 -3.3066187],[0.11819611 0.11703009 0.08778541],[ 0.99604213 -0.08555112  0.02308631  0.00693591],0,7,1785142636382485,1785142636382485,[ 0.31224453  2.6987562  -1.7687613 ],1,[0.05798163 0.02053789 0.00609666]
1785142636394288462,[-0.2822452  -0.02003987 -0.0078072 ],[0.00013346 0.00077058 0.04275193],1,[ 0.6881022  5.7445455 -3.3217235],[0.11872438 0.11748614 0.08742502],[ 0.995949   -0.08664951  0.02302162  0.00690405],0,7,1785142636390485,1785142636390485,[ 0.30863616  2.6807156  -1.752927  ],1,[0.05939919 0.02067924 0.00608411]
1785142636405959002,[-0.28064728 -0.018442   -0.00301361],[0.00013352 0.00079064 0.0427319 ],1,[ 0.69086    5.7682834 -3.336671 ],[0.11926122 0.11794544 0.08768631],[ 0.9958548  -0.08774152  0.02296251  0.0068986 ],0,7,1785142636398485,1785142636398485,[ 0.30502406  2.6624634  -1.7373489 ],1,[0.06084038 0.02082711 0.00609319]
1785142636413994128,[-2.7478832e-01 -1.8175662e-02  1.8219743e-04],[0.00013348 0.00081145 0.04271123],1,[ 0.6935781  5.7918253 -3.351463 ],[0.11980692 0.11840789 0.08794843],[ 0.9957608  -0.08881508  0.02290518  0.00691179],0,7,1785142636406485,1785142636406485,[ 0.301322   2.6440854 -1.7217121],1,[0.06232649 0.02097578 0.00610229]
1785142636425990859,[-0.26892933 -0.0152464   0.00737289],[0.00013312 0.00085606 0.04266714],1,[ 0.69889766  5.8383226  -3.3805816 ],[0.12092607 0.11934236 0.08847518],[ 0.9955712  -0.09092899  0.022824    0.00700508],0,7,1785142636422485,1785142636422485,[ 0.29423013  2.6069095  -1.6903934 ],1,[0.06537654 0.02126918 0.00612061]
1785142636434041449,[-0.26919562 -0.02190433  0.00684051],[0.00013287 0.0008795  0.04264404],1,[ 0.7015011  5.8612766 -3.3949108],[0.1215001  0.11981442 0.0887398 ],[ 0.99547595 -0.09197644  0.02276273  0.00706802],0,7,1785142636430485,1785142636430485,[ 0.2907389  2.5880907 -1.6748883],1,[0.06695273 0.02141917 0.00612978]
1785142636446048201,[-0.2598746  -0.01364828  0.00737228],[0.00013244 0.0009037  0.04262037],1,[ 0.7040667  5.884034  -3.409089 ],[0.12208415 0.12028975 0.08900526],[ 0.99538165 -0.09299791  0.02271346  0.00713107],0,7,1785142636438485,1785142636438485,[ 0.2871104  2.5692225 -1.6595564],1,[0.06856298 0.02157364 0.00613893]
1785142636454070980,[-0.25614616 -0.01391461  0.01030235],[0.00013138 0.00092481 0.0424026 ],1,[ 0.70659584  5.906595   -3.4231837 ],[0.12267596 0.12076809 0.08863147],[ 0.9952879  -0.09399887  0.02267871  0.00721029],0,7,1785142636446485,1785142636446485,[ 0.28366587  2.5503302  -1.6442885 ],1,[0.07000516 0.02172153 0.00612579]
1785142636466018953,[-0.24522722 -0.01737656  0.01509594],[0.00013031 0.00097811 0.04235055],1,[ 0.7115456  5.951128  -3.450922 ],[0.12389626 0.12173526 0.08916274],[ 0.9951022  -0.09595096  0.022585    0.00741024],0,7,1785142636462485,1785142636462485,[ 0.27676666  2.5117726  -1.6134751 ],1,[0.07338275 0.0220267  0.00614424]
1785142636474087553,[-0.24096613 -0.01151792  0.01429672],[0.0001297  0.00100604 0.04232333],1,[ 0.7139666  5.9730983 -3.464565 ],[0.12452315 0.12222388 0.08942962],[ 0.9950109  -0.09689273  0.02255087  0.00752205],0,7,1785142636470485,1785142636470485,[ 0.27324507  2.4923968  -1.5979822 ],1,[0.075112   0.02218593 0.00615345]
1785142636485993623,[-0.23271033 -0.01125134  0.01855804],[0.00012912 0.00103424 0.0422958 ],1,[ 0.7163515  5.9948726 -3.47806  ],[0.12516165 0.12271591 0.08969735],[ 0.99492055 -0.09781239  0.02252417  0.00764693],0,7,1785142636478485,1785142636478485,[ 0.26969987  2.4731412  -1.5828303 ],1,[0.07689814 0.02234336 0.00616269]
1785142636494034642,[-0.22844924 -0.01125165  0.01696021],[0.00012853 0.00106336 0.04226736],1,[ 0.718701   6.0164523 -3.4914093],[0.12581211 0.12321138 0.08996592],[ 0.99483216 -0.09870379  0.02249965  0.0077742 ],0,7,1785142636486485,1785142636486485,[ 0.26630703  2.45378    -1.5677927 ],1,[0.07870745 0.02250099 0.00617196]
1785142636505996145,[-0.20687766 -0.00752302  0.01909061],[0.0001273  0.00112339 0.04220871],1,[ 0.7232961  6.0590215 -3.5176756],[0.12715033 0.1242127  0.09050556],[ 0.99466455 -0.10036672  0.02245971  0.00803508],0,7,1785142636502485,1785142636502485,[ 0.25933075  2.414261   -1.5377793 ],1,[0.08243912 0.02282723 0.0061905 ]
1785142636514102088,[-0.19862185 -0.00592504  0.02361794],[0.00012666 0.00115469 0.04217815],1,[ 0.72554106  6.080009   -3.5306525 ],[0.12783879 0.12471843 0.09011489],[ 0.994584   -0.10115113  0.02245235  0.00818579],0,7,1785142636510485,1785142636510485,[ 0.25585234  2.394339   -1.5226283 ],1,[0.08436399 0.02299077 0.00617668]
1785142636526043486,[-0.18956709 -0.00539259  0.02148755],[0.00012561 0.00118136 0.04197068],1,[ 0.7277512  6.1007996 -3.543485 ],[0.12853396 0.12522769 0.09038483],[ 0.9945065  -0.10189991  0.02245057  0.00833343],0,7,1785142636518485,1785142636518485,[ 0.25251815  2.3744617  -1.5077703 ],1,[0.086089   0.02314601 0.00618599]
1785142636534113098,[-0.1799797  -0.00725676  0.01988959],[0.00012505 0.00121328 0.04193942],1,[ 0.72992784  6.121394   -3.5561755 ],[0.12924895 0.12574074 0.09065562],[ 0.9944328  -0.10260768  0.02243869  0.00847234],0,7,1785142636526485,1785142636526485,[ 0.24904776  2.3544173  -1.4929442 ],1,[0.08809372 0.02331074 0.00619532]
1785142636546030694,[-0.16479972 -0.0085882   0.02361803],[0.00012374 0.00127774 0.04187645],1,[ 0.7341815  6.1619906 -3.581138 ],[0.1307218  0.1267777  0.09119973],[ 0.9942914  -0.10395207  0.02240539  0.00875825],0,7,1785142636542485,1785142636542485,[ 0.24243104  2.313996   -1.4638284 ],1,[0.09222274 0.02364548 0.00621402]
1785142636554067524,[-0.1565439  -0.00592524  0.02068844],[0.00012315 0.00131039 0.04184449],1,[ 0.7362609  6.1819935 -3.5934114],[0.13148044 0.12730166 0.09147304],[ 0.99422556 -0.10457023  0.02239421  0.00890354],0,7,1785142636550485,1785142636550485,[ 0.23927808  2.2938097  -1.44933   ],1,[0.09435555 0.02381422 0.0062234 ]
1785142636566016529,[-0.15281546 -0.00512614  0.02042226],[0.00012259 0.00134286 0.04181266],1,[ 0.7383084  6.2017994 -3.605549 ],[0.13225448 0.12782934 0.0917472 ],[ 0.994161   -0.10517079  0.02239013  0.00904073],0,7,1785142636558485,1785142636558485,[ 0.23589185  2.2734022  -1.4350009 ],1,[0.09653126 0.02398581 0.00623279]
1785142636574070927,[-0.14109755 -0.00565866  0.02548223],[0.00012217 0.00137542 0.04178062],1,[ 0.7403234  6.2214074 -3.6176252],[0.13304435 0.12836052 0.09134223],[ 0.9940999  -0.10573393  0.02238455  0.00919746],0,7,1785142636566485,1785142636566485,[ 0.23251905  2.2529144  -1.4206709 ],1,[0.09874799 0.02415674 0.00621841]
1785142636586040498,[-0.12298714 -0.00386045  0.02497689],[7.2908457e-05 8.4061327e-04 2.5658580e-02],1,[ 0.7439339  6.267281  -3.6446724],[0.10766797 0.10673703 0.08296423],[ 0.9939944  -0.1067171   0.02238585  0.00924402],0,7,1785142636582485,1785142636582485,[ 0.22385697  2.2169027  -1.393522  ],1,[0.04782851 0.01809287 0.00578789]
1785142636594113829,[-0.11366612 -0.00199616  0.02337883],[7.2539828e-05 8.5782673e-04 2.5579376e-02],1,[ 0.7456766  6.289827  -3.6579375],[0.1080188  0.10711987 0.0832092 ],[ 0.9939499  -0.10713977  0.02240015  0.00911252],0,7,1785142636590485,1785142636590485,[ 0.219578   2.1988273 -1.3801628],1,[0.04885761 0.0182143  0.00579746]
1785142636606108875,[-0.10434508  0.00093342  0.02577565],[7.2361188e-05 8.7678240e-04 2.5560694e-02],1,[ 0.74737734  6.312115   -3.6710327 ],[0.10837614 0.10750537 0.08345496],[ 0.9939084  -0.10752904  0.02242552  0.00897964],0,7,1785142636598485,1785142636598485,[ 0.21536247  2.180557   -1.3668103 ],1,[0.04997189 0.01833763 0.00580708]
1785142636614084149,[-0.0984861   0.00173225  0.02604204],[7.215513e-05 8.957012e-04 2.554207e-02],1,[ 0.74903643  6.334148   -3.6839607 ],[0.10873918 0.10789352 0.08370151],[ 0.9938695  -0.1078918   0.02245919  0.00885197],0,7,1785142636606485,1785142636606485,[ 0.21111405  2.162306   -1.3535812 ],1,[0.05112266 0.01846217 0.00581671]
1785142636626152999,[-0.08463767 -0.00226251  0.02018305],[7.1763207e-05 9.3268382e-04 2.5505675e-02],1,[ 0.752227   6.3774533 -3.7093234],[0.1094832  0.10867788 0.08419698],[ 0.99379987 -0.1085469   0.02249863  0.008565  ],0,7,1785142636622485,1785142636622485,[ 0.20243873  2.1252985  -1.3272201 ],1,[0.05349573 0.01871459 0.00583603]
1785142636634184537,[-0.08357237 -0.00439295  0.01858521],[7.1646478e-05 9.5079519e-04 2.5487768e-02],1,[ 0.7537601  6.398731  -3.7218294],[0.10986461 0.10907405 0.08387294],[ 0.99376816 -0.10884715  0.02250792  0.00840422],0,7,1785142636630485,1785142636630485,[ 0.19820413  2.1068933  -1.3140154 ],1,[0.0547046  0.01884312 0.00582621]
1785142636646183122,[-0.08011027 -0.00625714  0.02204728],[7.1539929e-05 9.6850091e-04 2.5470253e-02],1,[ 0.75525224  6.419764   -3.734173  ],[0.11025262 0.10947306 0.08412095],[ 0.9937378  -0.1091343   0.02250848  0.00825517],0,7,1785142636638485,1785142636638485,[ 0.1940543  2.0884395 -1.3007387],1,[0.05593871 0.01897153 0.00583593]
1785142636654083831,[-0.07771343 -0.00519188  0.02337884],[7.1429764e-05 9.8558445e-04 2.5453368e-02],1,[ 0.7567042  6.4405527 -3.7463558],[0.11064744 0.10987484 0.08436977],[ 0.9937082  -0.10941489  0.02251192  0.0081118 ],0,7,1785142636646485,1785142636646485,[ 0.1899058  2.0698388 -1.2875508],1,[0.05721424 0.01910155 0.00584567]
1785142636666074799,[-0.08011027 -0.0113173   0.0215146 ],[7.1242968e-05 1.0156333e-03 2.5362933e-02],1,[ 0.7594877  6.4814024 -3.7702506],[0.11145837 0.11068683 0.08486978],[ 0.9936509  -0.10995845  0.02248974  0.00782625],0,7,1785142636662485,1785142636662485,[ 0.18155608  2.0320032  -1.2614601 ],1,[0.0597499  0.01936298 0.00586521]
1785142636674178957,[-0.07664818 -0.01344773  0.01938411],[7.1249720e-05 1.0309474e-03 2.5347702e-02],1,[ 0.76082    6.5014668 -3.7819648],[0.11187512 0.11109709 0.08512098],[ 0.993622   -0.11023652  0.02246192  0.00766872],0,7,1785142636670485,1785142636670485,[ 0.17752494  2.0131536  -1.2482625 ],1,[0.06109142 0.01949512 0.00587504]
1785142636686029695,[-0.08357237 -0.01611088  0.01991671],[7.1214272e-05 1.0455366e-03 2.5333246e-02],1,[ 0.7621133  6.521294  -3.7935698],[0.11229966 0.11151012 0.08478738],[ 0.99359155 -0.1105286   0.02242493  0.00751148],0,7,1785142636678485,1785142636678485,[ 0.1734734  1.9943684 -1.2353364],1,[0.06246361 0.01962965 0.00586489]
1785142636694023600,[-0.0787787  -0.01983926  0.02151465],[7.1160677e-05 1.0598898e-03 2.5319034e-02],1,[ 0.7633673  6.540888  -3.8050232],[0.11273225 0.11192615 0.08503844],[ 0.9935617  -0.11081701  0.02237281  0.00736181],0,7,1785142636686485,1785142636686485,[ 0.16936383  1.975567   -1.2225108 ],1,[0.06386703 0.01976425 0.00587476]
1785142636706053384,[-0.08596922 -0.02063827  0.02178091],[7.1088281e-05 1.0864704e-03 2.5292706e-02],1,[ 0.765757   6.5793767 -3.8274815],[0.11362264 0.11276703 0.08554295],[ 0.99349755 -0.11143421  0.02225381  0.00706613],0,7,1785142636702485,1785142636702485,[ 0.16110416  1.9372706  -1.1967546 ],1,[0.06673415 0.02003401 0.00589461]
1785142636714082747,[-0.08277342 -0.02410037  0.01938413],[7.1094051e-05 1.0991404e-03 2.5280122e-02],1,[ 0.7668941  6.5982747 -3.838489 ],[0.11408099 0.11319194 0.08579641],[ 0.99346656 -0.111733    0.02218596  0.00690882],0,7,1785142636710485,1785142636710485,[ 0.15719108  1.9181625  -1.1840106 ],1,[0.06821252 0.0201725  0.00590457]
1785142636726203482,[-0.08437134 -0.0291603   0.02151466],[7.1104063e-05 1.1110782e-03 2.5268260e-02],1,[ 0.76799417  6.6169443  -3.8493521 ],[0.11454848 0.11361985 0.08605066],[ 0.9934352  -0.11203815  0.02209835  0.00675651],0,7,1785142636718485,1785142636718485,[ 0.153301   1.8988954 -1.1713722],1,[0.06971738 0.02031193 0.00591457]
1785142636734011225,[-0.08330607 -0.03049196  0.02204723],[7.1106202e-05 1.1221884e-03 2.5257252e-02],1,[ 0.76905626  6.635386   -3.8600721 ],[0.1150254  0.11405079 0.08630572],[ 0.9934043  -0.11233906  0.02200199  0.00661095],0,7,1785142636726485,1785142636726485,[ 0.14919646  1.8795257  -1.1588174 ],1,[0.07123867 0.02045283 0.00592459]
1785142636746083763,[-0.08543664 -0.03661713  0.02231324],[7.1102339e-05 1.1398743e-03 2.5182260e-02],1,[ 0.7710691  6.6715927 -3.8812256],[0.11600841 0.11492172 0.08621451],[ 0.9933434  -0.11293685  0.02177957  0.00631059],0,7,1785142636742485,1785142636742485,[ 0.14160652  1.841102   -1.1340728 ],1,[0.07422411 0.02073193 0.00592412]
1785142636754066864,[-0.08064286 -0.04141091  0.02417762],[7.1206858e-05 1.1488431e-03 2.5173284e-02],1,[ 0.7720222  6.6893606 -3.8915927],[0.11651527 0.11536191 0.08647019],[ 0.993313   -0.11323652  0.02164742  0.00618695],0,7,1785142636750485,1785142636750485,[ 0.13767561  1.8217404  -1.1218389 ],1,[0.07581483 0.02087417 0.00593425]
1785142636766029359,[-0.07797976 -0.0454056   0.02257959],[7.1348724e-05 1.1572636e-03 2.5164820e-02],1,[ 0.7729394  6.7069063 -3.9018233],[0.11703274 0.11580525 0.08672667],[ 0.9932847  -0.11352023  0.02149158  0.0060602 ],0,7,1785142636758485,1785142636758485,[ 0.13387531  1.8023708  -1.1097939 ],1,[0.07742104 0.02101797 0.0059444 ]
1785142636774031452,[-0.07744717 -0.0446066   0.02657432],[7.1456197e-05 1.1652798e-03 2.5156796e-02],1,[ 0.7738223  6.7242293 -3.9119198],[0.11756111 0.11625176 0.08698396],[ 0.99325657 -0.11380088  0.02134047  0.00595043],0,7,1785142636766485,1785142636766485,[ 0.13015747  1.7827666  -1.0979865 ],1,[0.07907458 0.02116573 0.00595458]
1785142636786067099,[-0.07212079 -0.04673714  0.02284582],[7.1531904e-05 1.1798142e-03 2.5142381e-02],1,[ 0.7754863  6.7582135 -3.9318128],[0.11865184 0.11715425 0.08688592],[ 0.9932041  -0.11432771  0.02101669  0.00574417],0,7,1785142636782485,1785142636782485,[ 0.12265359  1.7440237  -1.0744555 ],1,[0.08239242 0.02145818 0.00595396]
1785142636794045770,[-0.07265343 -0.04620447  0.02550906],[7.1526905e-05 1.1866784e-03 2.5135621e-02],1,[ 0.7762671  6.774877  -3.9416068],[0.11921483 0.11761043 0.08714382],[ 0.9931773  -0.11459392  0.02085897  0.0056534 ],0,7,1785142636790485,1785142636790485,[ 0.11876359  1.7246053  -1.0625246 ],1,[0.08408254 0.02160515 0.00596424]
1785142636806047452,[-0.0707892  -0.04753608  0.02577533],[7.1537172e-05 1.1934073e-03 2.5128970e-02],1,[ 0.77701485  6.7913227  -3.9512694 ],[0.11978998 0.11806989 0.08740252],[ 0.9931513  -0.11485345  0.02069289  0.00557307],0,7,1785142636798485,1785142636798485,[ 0.11520457  1.70507    -1.050898  ],1,[0.08580146 0.02175326 0.00597457]
1785142636814101740,[-0.0665281  -0.04540561  0.02337853],[7.1421506e-05 1.1974075e-03 2.5071999e-02],1,[ 0.777733   6.807552  -3.9608028],[0.12037618 0.11853257 0.08766203],[ 0.9931267  -0.11509861  0.02053486  0.00549147],0,7,1785142636806485,1785142636806485,[ 0.11179963  1.685628   -1.0392337 ],1,[0.08742704 0.0218986  0.00598493]
1785142636826084379,[-0.05560911 -0.04753612  0.02417754],[7.1217190e-05 1.2108273e-03 2.5058974e-02],1,[ 0.7790804  6.839364  -3.979485 ],[0.1215899  0.11946812 0.08818349],[ 0.99308354 -0.11553328  0.02021534  0.00535178],0,7,1785142636822485,1785142636822485,[ 0.10515655  1.6464866  -1.016221  ],1,[0.09099476 0.02219876 0.00600576]
1785142636834112801,[-0.05534283 -0.05312875  0.02524274],[7.1056740e-05 1.2178489e-03 2.5052199e-02],1,[ 0.77971166  6.854949   -3.98864   ],[0.12221684 0.11994097 0.08844544],[ 0.9930647  -0.11572891  0.02003274  0.00529602],0,7,1785142636830485,1785142636830485,[ 0.10191892  1.6269008  -1.0050472 ],1,[0.0927948  0.02234984 0.00601623]
1785142636846093245,[-0.05028279 -0.05552557  0.02630811],[7.0837952e-05 1.2248025e-03 2.5045568e-02],1,[ 0.780315   6.8703203 -3.997672 ],[0.12285762 0.12041724 0.08870821],[ 0.9930468  -0.11591719  0.01983969  0.00525591],0,7,1785142636838485,1785142636838485,[ 0.09865279  1.6071761  -0.99372   ],1,[0.09461346 0.02250287 0.00602673]
1785142636854034955,[-0.04708702 -0.05659082  0.0236448 ],[7.0589347e-05 1.2320635e-03 2.5038647e-02],1,[ 0.7808901  6.885478  -4.0066457],[0.12351257 0.1208968  0.08833598],[ 0.9930313  -0.11608683  0.01963457  0.00521213],0,7,1785142636846485,1785142636846485,[ 0.09537497  1.5875243  -0.9824306 ],1,[0.09647333 0.02265798 0.0060154 ]
1785142636866126375,[-0.03643441 -0.05818869  0.02657429],[7.0067239e-05 1.2468813e-03 2.5024544e-02],1,[ 0.78195643  6.915158   -4.0242314 ],[0.12486651 0.12186673 0.08886182],[ 0.9930065  -0.11637118  0.01921443  0.00515092],0,7,1785142636862485,1785142636862485,[ 0.0887804  1.547826  -0.9606744],1,[0.1002617  0.02296587 0.00603658]
1785142636874081294,[-0.03670085 -0.0571234   0.02763939],[6.9620764e-05 1.2519823e-03 2.4971759e-02],1,[ 0.78244084  6.929683   -4.0328465 ],[0.12556265 0.12235681 0.08912598],[ 0.99299544 -0.11649956  0.01901282  0.00513918],0,7,1785142636870485,1785142636870485,[ 0.08553215  1.5280216  -0.9499229 ],1,[0.10204475 0.02311532 0.00604724]
1785142636886033335,[-0.03030929 -0.05579178  0.02817209],[6.923318e-05 1.259280e-03 2.496494e-02],1,[ 0.7828984  6.944     -4.0413465],[0.12627763 0.12285061 0.08939095],[ 0.992986   -0.11661357  0.01881089  0.00512392],0,7,1785142636878485,1785142636878485,[ 0.08229317  1.5082842  -0.93921167],1,[0.10399902 0.02327396 0.00605792]
1785142636894082302,[-0.02391764 -0.05446025  0.02870467],[6.8820023e-05 1.2664270e-03 2.4958301e-02],1,[ 0.783328  6.958109 -4.049731],[0.1270086  0.12334801 0.08965674],[ 0.99297994 -0.11669602  0.01861916  0.00512055],0,7,1785142636886485,1785142636886485,[ 0.0787963   1.4887185  -0.92845756],1,[0.1059643  0.02343027 0.00606864]
1785142636906047332,[-0.01166718 -0.05286221  0.03163417],[6.7829504e-05 1.2811375e-03 2.4944773e-02],1,[ 0.78410465  6.9857063  -4.066276  ],[0.12852001 0.12435354 0.08953749],[ 0.9929745  -0.11680368  0.01823256  0.00512091],0,7,1785142636902485,1785142636902485,[ 0.07245814  1.4491299  -0.90746695],1,[0.10994137 0.02374374 0.00606769]
1785142636914294387,[-0.00847128 -0.0520633   0.03216677],[6.7220499e-05 1.2880801e-03 2.4938542e-02],1,[ 0.78445584  6.9991965  -4.0744357 ],[0.12930119 0.1248619  0.08980381],[ 0.9929749  -0.1168274   0.01805393  0.0051483 ],0,7,1785142636910485,1785142636910485,[ 0.06953879  1.4296459  -0.89702106],1,[0.11196838 0.02390207 0.00607852]
1785142636926074950,[-0.0039439  -0.05446015  0.02817201],[6.6641231e-05 1.2949487e-03 2.4932355e-02],1,[ 0.78478307  7.012485   -4.082484  ],[0.13009988 0.12537399 0.09007096],[ 0.9929775  -0.11683404  0.01786076  0.00516951],0,7,1785142636918485,1785142636918485,[ 0.0665477   1.4101083  -0.88672197],1,[0.11403624 0.02406031 0.0060894 ]
1785142636934148300,[ 0.00244761 -0.05073171  0.02870467],[6.6030829e-05 1.3015583e-03 2.4926458e-02],1,[ 0.7850861  7.0255713 -4.0904193],[0.1309165  0.12588982 0.09033893],[ 0.9929823  -0.11681876  0.01767998  0.00518968],0,7,1785142636926485,1785142636926485,[ 0.06347143  1.3904254  -0.8761437 ],1,[0.11608937 0.02422004 0.0061003 ]
1785142636946179236,[ 0.01416559 -0.05153068  0.02737307],[6.4759130e-05 1.3122023e-03 2.4871841e-02],1,[ 0.78562325  7.0511355  -4.105955  ],[0.13259758 0.12693256 0.09087736],[ 0.99300057 -0.11671663  0.01731229  0.00524953],0,7,1785142636942485,1785142636942485,[ 0.05771811  1.3508232  -0.85548204],1,[0.12011538 0.02453919 0.00612222]
1785142636954359734,[ 0.01443191 -0.05046543  0.02657411],[6.4151376e-05 1.3185745e-03 2.4866173e-02],1,[ 0.78585947  7.0636163  -4.1135616 ],[0.13346967 0.12745981 0.09114783],[ 0.99301106 -0.11665215  0.01713264  0.00528288],0,7,1785142636950485,1785142636950485,[ 0.05497964  1.331088   -0.8455982 ],1,[0.12224583 0.0246987  0.00613324]
1785142636966093634,[ 0.02055717 -0.05206331  0.02976992],[6.3577514e-05 1.3246185e-03 2.4860805e-02],1,[ 0.7860745  7.075897  -4.1210637],[0.13436122 0.12799092 0.09141912],[ 0.9930241  -0.1165658   0.01694788  0.0053343 ],0,7,1785142636958485,1785142636958485,[ 0.05223274  1.3113474  -0.83581674],1,[0.12438502 0.02485671 0.00614431]
1785142636974112534,[ 0.02188879 -0.0494001   0.02630775],[6.3020132e-05 1.3302781e-03 2.4855807e-02],1,[ 0.7862677  7.087978  -4.1285396],[0.13527264 0.12852569 0.09101611],[ 0.99303806 -0.11647075  0.01677153  0.00537812],0,7,1785142636966485,1785142636966485,[ 0.04940645  1.2916763  -0.8259414 ],1,[0.12656131 0.02501562 0.00613211]
1785142636986065959,[ 0.03653727 -0.04891313  0.0257924 ],[3.7587211e-05 6.6518848e-04 1.3008223e-02],1,[ 0.78585476  7.1174216  -4.1470237 ],[0.10772242 0.1068205  0.08271039],[ 0.99307746 -0.11619029  0.01643148  0.00521528],0,7,1785142636982485,1785142636982485,[ 0.04107315  1.2564236  -0.8077707 ],1,[0.05289688 0.01830802 0.00572437]
1785142636994091223,[ 0.04186361 -0.05024472  0.02419447],[3.7313544e-05 6.6757819e-04 1.3006193e-02],1,[ 0.7855986  7.131771  -4.156043 ],[0.10807901 0.10720363 0.08295317],[ 0.99310344 -0.1159998   0.01627154  0.00499808],0,7,1785142636990485,1785142636990485,[ 0.03694479  1.238727   -0.7987368 ],1,[0.05380976 0.018421   0.00573544]
1785142637006105034,[ 0.04505937 -0.04971213  0.02685761],[3.7024474e-05 6.6974998e-04 1.3004391e-02],1,[ 0.78531027  7.145877   -4.1649165 ],[0.10844222 0.10758948 0.08319672],[ 0.99313086 -0.11579443  0.01611433  0.00479134],0,7,1785142636998485,1785142636998485,[ 0.03296022  1.2210654  -0.7898476 ],1,[0.05472862 0.01853471 0.00574654]
1785142637014071602,[ 0.05011939 -0.04758156  0.02525977],[3.6737456e-05 6.7173637e-04 1.3002770e-02],1,[ 0.7849894  7.1597404 -4.1736484],[0.10881223 0.10797808 0.08344106],[ 0.9931598  -0.11557599  0.01596443  0.00458366],0,7,1785142637006485,1785142637006485,[ 0.02880272  1.2034819  -0.7810639 ],1,[0.05566537 0.01865003 0.00575767]
1785142637026102066,[ 0.05944053 -0.04678251  0.02605867],[3.6171565e-05 6.7461265e-04 1.2990170e-02],1,[ 0.7842555  7.186756  -4.190744 ],[0.1095733  0.10876349 0.08336601],[ 0.9932235  -0.1150819   0.01568105  0.00419134],0,7,1785142637022485,1785142637022485,[ 0.02134009  1.1687169  -0.76355606],1,[0.05753472 0.01887913 0.00576101]
1785142637034301297,[ 0.05810888 -0.04704894  0.02499335],[3.5907899e-05 6.7611539e-04 1.2989011e-02],1,[ 0.7838446  7.199915  -4.1991115],[0.1099648  0.10916044 0.08361104],[ 0.9932568  -0.1148212   0.01553337  0.00399111],0,7,1785142637030485,1785142637030485,[ 0.01776668  1.1511941  -0.7547971 ],1,[0.05849406 0.01899511 0.00577225]
1785142637046049920,[ 0.06050578 -0.04944571  0.02712393],[3.5664001e-05 6.7724270e-04 1.2988212e-02],1,[ 0.7834046  7.2128425 -4.2073455],[0.1103638  0.10956021 0.08385685],[ 0.9932902  -0.11455916  0.01537957  0.00380899],0,7,1785142637038485,1785142637038485,[ 0.01398437  1.1336213  -0.74633396],1,[0.05945441 0.01911353 0.0057835 ]
1785142637054237796,[ 0.05837519 -0.05051107  0.0289881 ],[3.5414923e-05 6.7817932e-04 1.2987608e-02],1,[ 0.7829357  7.2255425 -4.2154484],[0.11077052 0.10996284 0.08410345],[ 0.9933232 -0.1142991  0.0152198  0.0036325],0,7,1785142637046514,1785142637046514,[ 0.01045323  1.1162401  -0.7378387 ],1,[0.06043509 0.01923142 0.00579481]
1785142637066093424,[ 0.05491312 -0.05344049  0.02233022],[3.4971032e-05 6.7922799e-04 1.2987168e-02],1,[ 0.7819115  7.2502694 -4.231266 ],[0.11160781 0.11077674 0.08459902],[ 0.99338657 -0.11380492  0.01486705  0.00326611],0,7,1785142637062514,1785142637062514,[ 0.00318125  1.081377   -0.72082025],1,[0.0624087  0.01946419 0.00581752]
1785142637074249901,[ 0.05544573 -0.05477209  0.0239281 ],[3.4741872e-05 6.7944179e-04 1.2987269e-02],1,[ 0.7813576  7.2623005 -4.2389855],[0.11203877 0.11118806 0.08484799],[ 0.9934176  -0.11356166  0.01469005  0.00308407],0,7,1785142637070514,1785142637070514,[-3.4033624e-04  1.0640155e+00 -7.1245468e-01],1,[0.06340431 0.0195817  0.00582892]
1785142637086070342,[ 0.05438047 -0.06036473  0.02739019],[3.4532000e-05 6.7939254e-04 1.2987614e-02],1,[ 0.78077614  7.2741137  -4.246581  ],[0.11247818 0.11160233 0.08509775],[ 0.9934485  -0.11332114  0.01449259  0.00292096],0,7,1785142637078514,1785142637078514,[-0.0037848   1.0466496  -0.70405984],1,[0.06441592 0.01970027 0.00584037]
1785142637094135257,[ 0.05145102 -0.06382678  0.0279227 ],[3.4312485e-05 6.7860662e-04 1.2979466e-02],1,[ 0.78016776  7.28571    -4.254097  ],[0.11292621 0.11201943 0.08476306],[ 0.993478   -0.11309194  0.01428112  0.00276794],0,7,1785142637086514,1785142637086514,[-0.00721274  1.0293044  -0.69579005],1,[0.06541179 0.0198172  0.00583209]
1785142637106180824,[ 0.04559211 -0.07368049  0.02499315],[3.3910408e-05 6.7734369e-04 1.2981294e-02],1,[ 0.7788707  7.3082643 -4.268768 ],[0.11384905 0.11286286 0.08526313],[ 0.9935359  -0.11264979  0.01380142  0.00246494],0,7,1785142637102514,1785142637102514,[-0.01393021  0.99472743 -0.6793705 ],1,[0.06748697 0.0200538  0.00585515]
1785142637114215613,[ 0.04479305 -0.07368051  0.02605855],[3.3712146e-05 6.7644037e-04 1.2982481e-02],1,[ 0.77818364  7.319226   -4.275927  ],[0.11432423 0.11328912 0.08551435],[ 0.99356246 -0.11244957  0.01354297  0.00231372],0,7,1785142637110514,1785142637110514,[-0.01705399  0.97748935 -0.6710762 ],1,[0.06853755 0.02017293 0.00586674]
1785142637126088249,[ 0.03973314 -0.07581101  0.0265911 ],[3.3526085e-05 6.7543064e-04 1.2983766e-02],1,[ 0.7774726  7.32998   -4.2829695],[0.11480886 0.11371843 0.08576638],[ 0.99358714 -0.11226539  0.01328133  0.0021729 ],0,7,1785142637118514,1785142637118514,[-0.02013612  0.960195   -0.6627392 ],1,[0.06959339 0.02029316 0.00587835]
1785142637134109788,[ 0.04159729 -0.0768763   0.0255259 ],[3.3336124e-05 6.7421264e-04 1.2985257e-02],1,[ 0.7767373  7.340529  -4.2898965],[0.11530311 0.11415081 0.0860192 ],[ 0.9936121  -0.1120789   0.01301369  0.00202631],0,7,1785142637126514,1785142637126514,[-0.02319477  0.94314176 -0.6545009 ],1,[0.07065285 0.02041378 0.00589   ]
1785142637146085912,[ 0.03786894 -0.08060465  0.02845534],[3.2976182e-05 6.7072321e-04 1.2989278e-02],1,[ 0.7751981  7.36102   -4.303489 ],[0.11632136 0.11502482 0.08592579],[ 0.9936599  -0.11172154  0.01246186  0.0017835 ],0,7,1785142637142514,1785142637142514,[-0.0289589   0.90904206 -0.6380498 ],1,[0.07281145 0.0206563  0.00589303]
1785142637154106268,[ 0.0407984  -0.08326781  0.02872169],[3.2802851e-05 6.6866860e-04 1.2991592e-02],1,[ 0.7743968  7.3709626 -4.310156 ],[0.11684577 0.11546659 0.08617926],[ 0.99368393 -0.11154088  0.01216856  0.00167508],0,7,1785142637150514,1785142637150514,[-0.03182005  0.8919326  -0.63004917],1,[0.07389883 0.02077753 0.00590477]
1785142637166067229,[ 0.04319518 -0.08486574  0.02739022],[3.26341578e-05 6.66079752e-04 1.29864765e-02],1,[ 0.7735745  7.3807063 -4.3167133],[0.11738031 0.11591149 0.08643353],[ 0.9937089  -0.1113526   0.01186761  0.00157174],0,7,1785142637158514,1785142637158514,[-0.03453466  0.8747503  -0.6221025 ],1,[0.07495503 0.02089988 0.00591654]
1785142637174137436,[ 0.04186358 -0.08619735  0.02632489],[3.2484713e-05 6.6364376e-04 1.2989142e-02],1,[ 0.77273333  7.3902507  -4.323162  ],[0.11792578 0.11635962 0.08668862],[ 0.99373347 -0.11116672  0.01156001  0.00147147],0,7,1785142637166514,1785142637166514,[-0.03717155  0.85770655 -0.61429536],1,[0.07604752 0.0210198  0.00592835]
1785142637186059381,[ 0.04585831 -0.08539838  0.02685758],[3.2186163e-05 6.5830437e-04 1.2994950e-02],1,[ 0.7709974  7.4087524 -4.335741 ],[0.1190495  0.11726556 0.0872012 ],[ 0.99378455 -0.11077435  0.01093499  0.00130269],0,7,1785142637182514,1785142637182514,[-0.04201625  0.82376313 -0.59844834],1,[0.07823561 0.02126251 0.00595204]
1785142637194039979,[ 0.04532561 -0.08433317  0.03165125],[3.203318e-05 6.555932e-04 1.299790e-02],1,[ 0.77010614  7.417712   -4.341873  ],[0.11962818 0.11772341 0.08745871],[ 0.99380994 -0.11057673  0.01062992  0.00124394],0,7,1785142637190514,1785142637190514,[-0.04431367  0.8069755  -0.5907065 ],1,[0.07934946 0.02138591 0.00596394]
1785142637206086820,[ 0.04479305 -0.08300156  0.02818911],[3.1877673e-05 6.5290561e-04 1.3000832e-02],1,[ 0.76919854  7.42648    -4.347904  ],[0.12021834 0.11818455 0.08771705],[ 0.9938349  -0.11038151  0.01033037  0.001183  ],0,7,1785142637198514,1785142637198514,[-0.04690538  0.79004115 -0.5832332 ],1,[0.08045895 0.02150782 0.00597586]
1785142637214239739,[ 0.04639104 -0.08300146  0.02659128],[3.170924e-05 6.503366e-04 1.300365e-02],1,[ 0.76827455  7.4350553  -4.3538957 ],[0.12082018 0.11864888 0.08735448],[ 0.99385995 -0.11018487  0.01002835  0.00112973],0,7,1785142637206514,1785142637206514,[-0.0491972  0.7731055 -0.5755597],1,[0.08157725 0.02163242 0.00596667]
1785142637226212255,[ 0.05384784 -0.08593096  0.0289881 ],[3.1380321e-05 6.4534287e-04 1.3009146e-02],1,[ 0.76638246  7.4516377  -4.365577  ],[0.1220598  0.1195878  0.08787155],[ 0.9939125  -0.10976353  0.00942115  0.00103985],0,7,1785142637222514,1785142637222514,[-0.05369787  0.7396791  -0.560623  ],1,[0.0838281  0.02187932 0.00599066]
1785142637234213590,[ 0.05278252 -0.08406683  0.02898814],[3.12014854e-05 6.42577535e-04 1.30055165e-02],1,[ 0.76541847  7.4596486  -4.3712707 ],[0.12269712 0.12006228 0.08813132],[ 0.99394035 -0.10953876  0.00911012  0.00101278],0,7,1785142637230514,1785142637230514,[-0.05578417  0.72293925 -0.553027  ],1,[0.08492842 0.02200229 0.0060027 ]
1785142637246081746,[ 0.05624472 -0.08273518  0.02765664],[3.1019325e-05 6.4024935e-04 1.3008111e-02],1,[ 0.76444334  7.467474   -4.3768673 ],[0.12334776 0.12054019 0.0883919 ],[ 9.9396837e-01 -1.0930884e-01  8.8065378e-03  9.9350722e-04],0,7,1785142637238514,1785142637238514,[-0.05764602  0.70624316 -0.54564935],1,[0.08606566 0.02212681 0.00601477]
1785142637254221085,[ 0.05784249 -0.0800721   0.02765657],[3.0827348e-05 6.3789636e-04 1.3010743e-02],1,[ 0.7634577  7.4751153 -4.3823686],[0.12401114 0.12102155 0.08865331],[ 9.9399757e-01 -1.0906694e-01  8.5098594e-03  9.7338809e-04],0,7,1785142637246514,1785142637246514,[-0.05954891  0.68962353 -0.53828645],1,[0.08720434 0.02225182 0.00602686]
1785142637266108995,[ 0.06636468 -0.07767516  0.02872192],[3.0420440e-05 6.3378713e-04 1.3015431e-02],1,[ 0.7614577  7.4898553 -4.3931317],[0.12537697 0.1219945  0.08853985],[ 9.940585e-01 -1.085537e-01  7.935477e-03  9.730035e-04],0,7,1785142637262514,1785142637262514,[-0.06313191  0.6570152  -0.52354133],1,[0.08950052 0.02250039 0.00602937]
1785142637274087078,[ 0.07222362 -0.07714258  0.03058605],[3.02238932e-05 6.31971052e-04 1.30175315e-02],1,[ 0.7604437  7.496956  -4.3983955],[0.12607986 0.12248627 0.08880185],[ 9.9409246e-01 -1.0826230e-01  7.6554189e-03  9.8524091e-04],0,7,1785142637270514,1785142637270514,[-0.06483472  0.64051276 -0.5162999 ],1,[0.0906588  0.02262441 0.00604155]
1785142637286088939,[ 0.07382157 -0.0752783   0.02765662],[3.0030387e-05 6.3013041e-04 1.3019656e-02],1,[ 0.7594217  7.503877  -4.4035673],[0.12679633 0.12298156 0.08906467],[ 0.9941272  -0.10796204  0.00737466  0.00099995],0,7,1785142637278514,1785142637278514,[-0.0664802   0.62408686 -0.5090405 ],1,[0.09180844 0.02274889 0.00605375]
1785142637294124178,[ 0.07968046 -0.07847419  0.03245024],[2.9845316e-05 6.2830164e-04 1.3021760e-02],1,[ 0.7583925  7.5106215 -4.408648 ],[0.12752661 0.12348039 0.08932833],[ 0.99416393 -0.10764219  0.00709071  0.00103333],0,7,1785142637286514,1785142637286514,[-0.06800259  0.60772395 -0.5018396 ],1,[0.09295682 0.02287353 0.00606597]
1785142637306240392,[ 0.08420783 -0.0704847   0.03138526],[2.9477675e-05 6.2458566e-04 1.3020379e-02],1,[ 0.75631315  7.5235834  -4.4185476 ],[0.12902784 0.12448869 0.08985813],[ 0.9942386  -0.10698256  0.00655455  0.00112211],0,7,1785142637302514,1785142637302514,[-0.07135218  0.57531023 -0.48821393],1,[0.09526328 0.02312038 0.00609053]
1785142637314265649,[ 0.08793624 -0.07021841  0.0324505 ],[2.9301093e-05 6.2271027e-04 1.3022518e-02],1,[ 0.7552652  7.529806  -4.4233704],[0.1298007  0.12499828 0.09012428],[ 0.99427813 -0.10663062  0.0062964   0.0011802 ],0,7,1785142637310514,1785142637310514,[-0.072792    0.55929935 -0.48154825],1,[0.09644407 0.0232444  0.00610286]
1785142637326184978,[ 0.09326257 -0.06595733  0.02898844],[2.9131017e-05 6.2085717e-04 1.3024630e-02],1,[ 0.75421095  7.5358577  -4.4281106 ],[0.13058826 0.12551151 0.09039127],[ 0.9943197  -0.10625651  0.00604852  0.00123122],0,7,1785142637318514,1785142637318514,[-0.07443513  0.5433211  -0.47499388],1,[0.09762199 0.02336842 0.00611522]
1785142637334132694,[ 0.09432783 -0.06862054  0.03191779],[2.8967534e-05 6.1890256e-04 1.3026834e-02],1,[ 0.7531489  7.5417395 -4.432831 ],[0.1313907  0.12602825 0.08999904],[ 0.99436134 -0.10587917  0.00579806  0.00129521],0,7,1785142637326514,1785142637326514,[-0.0760997   0.52738863 -0.46850875],1,[0.09879693 0.02349208 0.00610501]
1785142637346103978,[ 0.10231734 -0.05956572  0.03031999],[2.8686140e-05 6.1491370e-04 1.3031288e-02],1,[ 0.7510061  7.552995  -4.4420304],[0.1330411  0.1270731  0.09053331],[ 0.9944475  -0.10508785  0.00534145  0.00144062],0,7,1785142637342514,1785142637342514,[-0.07909632  0.4950695  -0.4558137 ],1,[0.10116532 0.02373669 0.00612983]
1785142637354277693,[ 0.10604569 -0.05690267  0.03324946],[2.8564917e-05 6.1294006e-04 1.3033476e-02],1,[ 0.74992806  7.558371   -4.4465117 ],[0.13388948 0.12760107 0.09080171],[ 0.9944932  -0.1046643   0.00513006  0.00152209],0,7,1785142637350514,1785142637350514,[-0.08015953  0.47930425 -0.4494848 ],1,[0.10235936 0.02386296 0.00614229]
1785142637366095257,[ 0.10790999 -0.05477202  0.03245045],[2.8452983e-05 6.1094749e-04 1.3035671e-02],1,[ 0.7488478  7.563582  -4.450915 ],[0.13475363 0.1281328  0.09107095],[ 0.9945394  -0.10423374  0.00493072  0.00161142],0,7,1785142637358514,1785142637358514,[-0.08125579  0.4633989  -0.44322258],1,[0.10355929 0.02398686 0.00615478]
1785142637374184255,[ 0.11163833 -0.05317422  0.03431476],[2.8351868e-05 6.0892472e-04 1.3037886e-02],1,[ 0.74776465  7.568629   -4.455242  ],[0.13563377 0.12866831 0.09134104],[ 0.99458635 -0.10379191  0.00473361  0.00170622],0,7,1785142637366514,1785142637366514,[-0.08251018  0.44769928 -0.43743694],1,[0.10475899 0.02411307 0.00616729]
1785142637386097210,[ 0.11909825 -0.05027003  0.03245961],[2.4807108e-05 3.3013770e-04 7.5619728e-03],1,[ 0.74516237  7.5821185  -4.467918  ],[0.10765292 0.10686935 0.08243817],[ 0.9946864  -0.10284358  0.00435631  0.00181576],0,7,1785142637382514,1785142637382514,[-0.08588335  0.4188156  -0.4274309 ],1,[0.04834118 0.01810164 0.00573899]
1785142637394124792,[ 0.12522356 -0.05213423  0.0348564 ],[2.4851019e-05 3.2884564e-04 7.5632958e-03],1,[ 0.7438535  7.5885677 -4.4741135],[0.10803356 0.1072548  0.08267937],[ 0.9947393  -0.10233814  0.0041714   0.00183119],0,7,1785142637390514,1785142637390514,[-0.08735131  0.4043488  -0.42251703],1,[0.04889378 0.01819769 0.00575118]
1785142637406095385,[ 0.12815303 -0.04760682  0.03405752],[2.4900128e-05 3.2748043e-04 7.5646872e-03],1,[ 0.74253994  7.594823   -4.4801908 ],[0.10842065 0.10764298 0.08292136],[ 0.9947929  -0.10182197  0.00400073  0.00184785],0,7,1785142637398514,1785142637398514,[-0.08894078  0.39000642 -0.41765252],1,[0.04944712 0.01829434 0.00576339]
1785142637414160119,[ 0.12975097 -0.04813946  0.03299213],[2.4953773e-05 3.2609660e-04 7.5660944e-03],1,[ 0.74122036  7.600887   -4.486151  ],[0.10881428 0.10803392 0.08316415],[ 0.9948478  -0.10129078  0.00382938  0.00186599],0,7,1785142637406514,1785142637406514,[-0.09067947  0.3757102  -0.41259617],1,[0.04999333 0.01839064 0.0057756 ]
1785142637426240994,[ 0.13853937 -0.04707411  0.02926382],[2.5075729e-05 3.2291329e-04 7.5693084e-03],1,[ 0.7385657  7.612452  -4.4977293],[0.1096216  0.10882412 0.08365209],[ 0.9949594  -0.10020031  0.00348724  0.0018945 ],0,7,1785142637422514,1785142637422514,[-0.09336981  0.3476047  -0.40270773],1,[0.051102   0.01858512 0.00580011]
1785142637434234041,[ 0.13853934 -0.04654169  0.03006264],[2.5143725e-05 3.2120114e-04 7.5710285e-03],1,[ 0.73723453  7.6179605  -4.503351  ],[0.11003552 0.10922343 0.08389726],[ 0.9950164  -0.09963777  0.00332089  0.00190564],0,7,1785142637430514,1785142637430514,[-0.09463234  0.3338172  -0.39753565],1,[0.05166147 0.01868246 0.00581241]
1785142637446133446,[ 0.14013726 -0.04467738  0.03166066],[2.5217159e-05 3.1937542e-04 7.5728572e-03],1,[ 0.7359002  7.6232896 -4.508864 ],[0.1104564  0.10962556 0.08414324],[ 0.99507344 -0.09907228  0.00315832  0.00192939],0,7,1785142637438514,1785142637438514,[-0.09595556  0.3200695  -0.39266515],1,[0.05222199 0.01877976 0.00582473]
1785142637454135271,[ 0.1417352  -0.04494365  0.02899739],[2.5293988e-05 3.1747937e-04 7.5735282e-03],1,[ 0.7345633  7.6284404 -4.514324 ],[0.11088435 0.11003046 0.08381778],[ 0.9951308  -0.09849858  0.00299742  0.00194971],0,7,1785142637446514,1785142637446514,[-0.09711765  0.30617356 -0.38769877],1,[0.05278045 0.01887876 0.0058179 ]
1785142637466114863,[ 0.13720778 -0.04174795  0.02713325],[2.5453328e-05 3.1356062e-04 7.5774407e-03],1,[ 0.731884   7.638214  -4.5249286],[0.11176195 0.11084904 0.08431038],[ 0.9952433  -0.09736408  0.00268269  0.00197797],0,7,1785142637462514,1785142637462514,[-0.09918438  0.27872813 -0.37773743],1,[0.05389331 0.01907589 0.00584259]
1785142637474304994,[ 0.13800675 -0.04281321  0.02580156],[2.5536478e-05 3.1142883e-04 7.5795646e-03],1,[ 0.73054355  7.642843   -4.5300746 ],[0.11221179 0.11126266 0.08455788],[ 0.9952979  -0.09680854  0.00253026  0.00198867],0,7,1785142637470514,1785142637470514,[-0.10012882  0.26497227 -0.3726724 ],1,[0.0544528  0.01917592 0.00585497]
1785142637486097283,[ 0.13774043 -0.04521005  0.02553523],[2.5623924e-05 3.0928376e-04 7.5816978e-03],1,[ 0.72920233  7.6473007  -4.53512   ],[0.11266914 0.11167922 0.08480619],[ 0.9953526  -0.09624836  0.00236643  0.00200287],0,7,1785142637478514,1785142637478514,[-0.10116068  0.2514505  -0.36772773],1,[0.0550135  0.01927652 0.00586737]
1785142637494158139,[ 0.13347937 -0.04654164  0.02633419],[2.5711101e-05 3.0709838e-04 7.5838719e-03],1,[ 0.7278602  7.6515927 -4.5400662],[0.11313409 0.11209872 0.08505531],[ 0.99540526 -0.09570525  0.00219672  0.00202261],0,7,1785142637486514,1785142637486514,[-0.10209654  0.23805793 -0.3627909 ],1,[0.05558509 0.01937707 0.00587982]
1785142637506125113,[ 0.13214773 -0.04414484  0.02739953],[2.5883277e-05 3.0240635e-04 7.5885430e-03],1,[ 0.72517604  7.6596823  -4.549686  ],[0.11408728 0.11294654 0.08496787],[ 0.99550796 -0.09463747  0.00187153  0.0020631 ],0,7,1785142637502514,1785142637502514,[-0.10366276  0.21137163 -0.35263962],1,[0.05672265 0.01957712 0.00588495]
1785142637514449510,[ 0.13241409 -0.04121528  0.02606793],[2.5968186e-05 2.9998180e-04 7.5909612e-03],1,[ 0.72383493  7.663485   -4.5543623 ],[0.11457572 0.11337498 0.0852177 ],[ 0.9955591  -0.09410005  0.00172018  0.00208691],0,7,1785142637510514,1785142637510514,[-0.10454153  0.19822127 -0.34764716],1,[0.05729399 0.01967714 0.00589744]
1785142637526284343,[ 0.12975098 -0.04467736  0.02500251],[2.6054424e-05 2.9746434e-04 7.5924960e-03],1,[ 0.7224936  7.6671295 -4.5589447],[0.11507212 0.11380643 0.08546834],[ 0.99560887 -0.0935749   0.00156028  0.00210944],0,7,1785142637518514,1785142637518514,[-0.10540447  0.18513355 -0.34258127],1,[0.05785571 0.01977845 0.00590994]
1785142637534231688,[ 0.12655511 -0.04441113  0.02553527],[2.6142132e-05 2.9487364e-04 7.5950786e-03],1,[ 0.72115356  7.670618   -4.5634336 ],[0.11557674 0.11424091 0.08571979],[ 0.9956576  -0.09305561  0.00139271  0.00213365],0,7,1785142637526514,1785142637526514,[-0.10588679  0.17234309 -0.3372923 ],1,[0.05842534 0.01988007 0.00592245]
1785142637546280703,[ 0.1257562  -0.04441106  0.02233947],[2.6319853e-05 2.8948270e-04 7.6004532e-03],1,[ 0.7184795  7.6771364 -4.5721354],[0.11661088 0.11511909 0.08622514],[ 0.99575245 -0.09203929  0.0010652   0.00218098],0,7,1785142637542514,1785142637542514,[-0.10728154  0.14675058 -0.32701537],1,[0.05957161 0.0200822  0.00594755]
1785142637554193492,[ 0.1270878  -0.04467735  0.0226058 ],[2.6406811e-05 2.8668848e-04 7.6032411e-03],1,[ 0.7171442  7.6801686 -4.576352 ],[0.1171406  0.11556281 0.08647905],[ 9.9579972e-01 -9.1527641e-02  8.9807925e-04  2.2049374e-03],0,7,1785142637550514,1785142637550514,[-0.10810367  0.13414185 -0.32194716],1,[0.06014351 0.02018439 0.00596013]
1785142637566136534,[ 0.128153   -0.04228063  0.02526896],[2.6495794e-05 2.8382393e-04 7.6060956e-03],1,[ 0.7158097  7.6830525 -4.580481 ],[0.1176789  0.11600965 0.08673378],[ 9.9584717e-01 -9.1010481e-02  7.4012863e-04  2.2364361e-03],0,7,1785142637558514,1785142637558514,[-0.10881084  0.12160487 -0.3170558 ],1,[0.06071543 0.02028758 0.00597271]
1785142637574153763,[ 0.1268215  -0.04334573  0.02340466],[2.6586329e-05 2.8096631e-04 7.6089394e-03],1,[ 0.7144765  7.685789  -4.5845776],[0.11822588 0.11645956 0.08638145],[ 9.9589401e-01 -9.0496808e-02  5.8029819e-04  2.2715747e-03],0,7,1785142637566514,1785142637566514,[-0.10959594  0.10932646 -0.31231186],1,[0.06128493 0.02039046 0.00596474]
1785142637586254723,[ 0.12975092 -0.0412154   0.02233947],[2.6771448e-05 2.7498923e-04 7.6148896e-03],1,[ 0.7118151  7.6908298 -4.5925183],[0.1193463  0.11736898 0.08689146],[ 9.9598789e-01 -8.9457616e-02  2.5857304e-04  2.3259309e-03],0,7,1785142637582514,1785142637582514,[-0.11088744  0.08468484 -0.302773  ],1,[0.06240548 0.02059469 0.00598991]
1785142637594278217,[ 0.12655528 -0.04201413  0.02313808],[2.6863057e-05 2.7196808e-04 7.6171728e-03],1,[ 0.7104881  7.693136  -4.5963655],[0.11991975 0.11782845 0.0871477 ],[ 9.9603379e-01 -8.8945352e-02  1.0147707e-04  2.3685356e-03],0,7,1785142637590514,1785142637590514,[-0.11124868  0.07263631 -0.29805934],1,[0.06295959 0.02069807 0.00600251]
1785142637606187053,[ 0.12708794 -0.04148151  0.02100756],[2.6956379e-05 2.6894952e-04 7.6201819e-03],1,[ 0.7091658  7.6953034 -4.6001315],[0.12050246 0.11829115 0.08740477],[ 9.9607909e-01 -8.8434368e-02 -5.3449967e-05  2.4036777e-03],0,7,1785142637598514,1785142637598514,[-0.11155447  0.06064553 -0.2931352 ],1,[0.06352504 0.02080132 0.00601514]
1785142637614183185,[ 0.12841946 -0.04148158  0.02446973],[2.7051059e-05 2.6594638e-04 7.6231714e-03],1,[ 0.707848   7.6973324 -4.603817 ],[0.12109436 0.11875709 0.08766267],[ 9.9612463e-01 -8.7918885e-02 -2.1034868e-04  2.4521579e-03],0,7,1785142637606514,1785142637606514,[-0.11202563  0.048762   -0.28840357],1,[0.0640909  0.02090499 0.00602779]
1785142637626357086,[ 0.13028376 -0.03855191  0.01914337],[2.7239075e-05 2.6016220e-04 7.6289256e-03],1,[ 0.70522267  7.7009807  -4.6110125 ],[0.12230615 0.11969865 0.08755639],[ 9.9621493e-01 -8.6886585e-02 -4.9976108e-04  2.5321429e-03],0,7,1785142637622514,1785142637622514,[-0.11289441  0.02511895 -0.27914786],1,[0.0652124  0.02111182 0.00603189]
1785142637634323423,[ 0.12841947 -0.03881845  0.02047496],[2.7340158e-05 2.5728438e-04 7.6317862e-03],1,[ 0.7039179  7.702602  -4.614523 ],[0.12292625 0.12017439 0.08781496],[ 9.9625999e-01 -8.6366527e-02 -6.4918830e-04  2.5714706e-03],0,7,1785142637630514,1785142637630514,[-0.11294778  0.0133063  -0.2745069 ],1,[0.06576992 0.0212165  0.00604455]
1785142637646146821,[ 0.12841952 -0.03455723  0.01940967],[2.7445609e-05 2.5451358e-04 7.6345359e-03],1,[ 0.7026211  7.7040906 -4.617957 ],[0.12355595 0.12065343 0.08807436],[ 9.9630415e-01 -8.5852049e-02 -7.7898911e-04  2.6139519e-03],0,7,1785142637638514,1785142637638514,[-0.11285605  0.00172638 -0.26989976],1,[0.06632395 0.02132127 0.00605722]
1785142637654186831,[ 0.13055004 -0.03961731  0.01807801],[2.7549622e-05 2.5180084e-04 7.6372279e-03],1,[ 0.7013312  7.705449  -4.621317 ],[0.12419534 0.1211358  0.08833461],[ 9.9634898e-01 -8.5328199e-02 -9.2611683e-04  2.6520435e-03],0,7,1785142637646514,1785142637646514,[-0.11313065 -0.00962637 -0.26543805],1,[0.06688213 0.02142618 0.00606991]
1785142637666215441,[ 0.13640906 -0.03695406  0.01994219],[2.7755452e-05 2.4640447e-04 7.6420442e-03],1,[ 0.69876856  7.707781   -4.627819  ],[0.12550336 0.12211058 0.08885761],[ 0.9964402  -0.08424883 -0.00120959  0.00276025],0,7,1785142637662514,1785142637662514,[-0.11337068 -0.03228488 -0.2565853 ],1,[0.06797778 0.02163654 0.00609528]
1785142637674221416,[ 0.13347958 -0.03642149  0.01701269],[2.7862539e-05 2.4379049e-04 7.6446356e-03],1,[ 0.6974972  7.708758  -4.6309657],[0.12617242 0.12260304 0.08912038],[ 0.99648535 -0.0837108  -0.00134767  0.00280321],0,7,1785142637670514,1785142637670514,[-0.113425   -0.04331835 -0.2525518 ],1,[0.06852569 0.02174283 0.00610798]
1785142637686164567,[ 0.13747428 -0.03375836  0.01674652],[2.7975260e-05 2.4122198e-04 7.6471753e-03],1,[ 0.69623303  7.7096124  -4.634045  ],[0.12685156 0.12309892 0.089384  ],[ 0.9965306  -0.08316556 -0.00147979  0.00284441],0,7,1785142637678514,1785142637678514,[-0.1134462  -0.05412039 -0.24842948],1,[0.06906355 0.02184782 0.00612067]
1785142637694197842,[ 0.13667537 -0.03429098  0.01701266],[2.8086211e-05 2.3872808e-04 7.6496392e-03],1,[ 0.6949754  7.7103443 -4.637115 ],[0.12754086 0.12359814 0.08900299],[ 0.99657613 -0.08261415 -0.00160925  0.00288942],0,7,1785142637686514,1785142637686514,[-0.11361398 -0.06510797 -0.24463521],1,[0.06960388 0.02195434 0.00611136]
1785142637706168575,[ 0.14120276 -0.03002977  0.01568125],[2.8319218e-05 2.3375187e-04 7.6545500e-03],1,[ 0.69248307  7.711441   -4.6430593 ],[0.12895036 0.12460707 0.08953065],[ 0.9966677  -0.08149338 -0.00186353  0.00300075],0,7,1785142637702514,1785142637702514,[-0.11335696 -0.0871537  -0.23652387],1,[0.07067782 0.02216926 0.00613677]
1785142637714183078,[ 0.1409364  -0.02949735  0.01887694],[2.8433142e-05 2.3125020e-04 7.6570227e-03],1,[ 0.6912493  7.711809  -4.6459336],[0.12967074 0.12511675 0.08979576],[ 0.99671304 -0.08093145 -0.0019754   0.00305557],0,7,1785142637710514,1785142637710514,[-0.11332853 -0.09801822 -0.23262422],1,[0.07121082 0.02227742 0.00614949]
1785142637726196335,[ 0.1438659  -0.03349201  0.01807786],[2.8549615e-05 2.2877980e-04 7.6594637e-03],1,[ 0.6900229  7.712059  -4.6487465],[0.13040167 0.12562995 0.09006172],[ 0.996759   -0.08035797 -0.00209742  0.00311333],0,7,1785142637718514,1785142637718514,[-0.11332109 -0.10883383 -0.2290519 ],1,[0.07173486 0.0223865  0.0061622 ]
1785142637734311490,[ 0.14146903 -0.03349207  0.01914322],[2.8671477e-05 2.2630836e-04 7.6618958e-03],1,[ 0.6888043  7.712191  -4.651501 ],[0.13114323 0.12614667 0.09032854],[ 0.9968042  -0.07979049 -0.00222463  0.00317619],0,7,1785142637726514,1785142637726514,[-0.11315291 -0.11955023 -0.22550854],1,[0.07226144 0.02249556 0.00617493]
1785142637746180157,[ 0.14626263 -0.02949714  0.01781222],[2.8908302e-05 2.2139313e-04 7.6663205e-03],1,[ 0.68639886  7.712108   -4.6568966 ],[0.13265826 0.1271907  0.09020168],[ 0.996897   -0.07860982 -0.00247085  0.00330594],0,7,1785142637742514,1785142637742514,[-0.11255551 -0.14063665 -0.21809828],1,[0.07330521 0.02271344 0.0061777 ]
1785142637754321671,[ 0.14573008 -0.03002969  0.01381727],[2.9028126e-05 2.1899179e-04 7.6686898e-03],1,[ 0.6852109  7.7118964 -4.6595407],[0.13343224 0.12771812 0.09046911],[ 0.9969425  -0.07802474 -0.00258203  0.00335761],0,7,1785142637750514,1785142637750514,[-0.11220102 -0.15096557 -0.2148388 ],1,[0.07382247 0.02282226 0.00619042]
1785142637766206344,[ 0.14786053 -0.02816558  0.01594806],[2.9150326e-05 2.1658374e-04 7.6710600e-03],1,[ 0.6840324  7.711574  -4.662128 ],[0.13421722 0.12824917 0.09073739],[ 0.99698764 -0.07743926 -0.00269461  0.0034143 ],0,7,1785142637758514,1785142637758514,[-0.11190587 -0.16115347 -0.21139231],1,[0.0743366  0.02293239 0.00620315]
1785142637774197977,[ 0.15025736 -0.02683401  0.01648055],[2.9266805e-05 2.1419059e-04 7.6734200e-03],1,[ 0.6828642  7.7111425 -4.6646605],[0.13501325 0.12878384 0.09100654],[ 0.9970334  -0.07684065 -0.00279639  0.00347393],0,7,1785142637766514,1785142637766514,[-0.11140525 -0.1714207  -0.20813961],1,[0.07485005 0.02304354 0.00621589]
1785142637786253947,[ 0.1539882  -0.02018147  0.01461698],[2.7699520e-05 1.3470504e-04 5.2712825e-03],1,[ 0.67926466  7.7114234  -4.6735415 ],[0.1076854  0.10691857 0.08272594],[ 0.99712676 -0.07561265 -0.0029599   0.00351279],0,7,1785142637782514,1785142637782514,[-0.11256831 -0.19012389 -0.20285863],1,[0.04053983 0.01774547 0.00579678]
1785142637794372601,[ 0.15638503 -0.02177948  0.01248624],[2.7804068e-05 1.3321629e-04 5.2727358e-03],1,[ 0.67748505  7.711386   -4.677859  ],[0.10808863 0.10730639 0.08241484],[ 0.997174   -0.0749858  -0.00303094  0.0034621 ],0,7,1785142637790514,1785142637790514,[-0.11308756 -0.19948192 -0.20027769],1,[0.04081714 0.01783472 0.00579061]
1785142637806251480,[ 0.1579829  -0.02018183  0.01381801],[2.7920341e-05 1.3170982e-04 5.2741980e-03],1,[ 0.6757191  7.711233  -4.682078 ],[0.10849745 0.10769694 0.08265609],[ 0.99722123 -0.07435481 -0.00310294  0.00340856],0,7,1785142637798514,1785142637798514,[-0.11339784 -0.20860346 -0.19765095],1,[0.04109012 0.01792528 0.00580289]
1785142637814259049,[ 0.15984716 -0.01938262  0.01435039],[2.8035181e-05 1.3018667e-04 5.2755224e-03],1,[ 0.6739672  7.710965  -4.6862   ],[0.1089119  0.10809021 0.08289815],[ 0.9972687  -0.07371549 -0.00316558  0.0033684 ],0,7,1785142637806514,1785142637806514,[-0.11382971 -0.21781367 -0.19504824],1,[0.04136386 0.01801583 0.00581518]
1785142637826258515,[ 0.15851556 -0.02231222  0.01328509],[2.8261540e-05 1.2711968e-04 5.2785114e-03],1,[ 0.67050356  7.7100883  -4.694166  ],[0.10975797 0.10888501 0.08338467],[ 0.99736243 -0.07243326 -0.0033124   0.00327148],0,7,1785142637822514,1785142637822514,[-0.11429177 -0.23619229 -0.18999629],1,[0.04190462 0.01819845 0.00583976]
1785142637834418409,[ 0.16091241 -0.01964909  0.01461688],[2.8371904e-05 1.2559518e-04 5.2799997e-03],1,[ 0.6687935  7.709483  -4.6980114],[0.11018967 0.10928656 0.08362915],[ 0.9974087  -0.07179098 -0.00338315  0.00323029],0,7,1785142637830514,1785142637830514,[-0.11449076 -0.24513274 -0.18701124],1,[0.04216819 0.01829025 0.00585203]
1785142637846202920,[ 0.1603798  -0.01885007  0.01328514],[2.8481265e-05 1.2406505e-04 5.2814935e-03],1,[ 0.66709644  7.70877    -4.7017665 ],[0.11062723 0.10969091 0.08387444],[ 0.99745506 -0.07114457 -0.00344564  0.00318736],0,7,1785142637838514,1785142637838514,[-0.11480486 -0.2538583  -0.18432336],1,[0.04243658 0.01838297 0.00586433]
1785142637854339393,[ 0.1587819  -0.02177956  0.01275244],[2.8594668e-05 1.2253941e-04 5.2829809e-03],1,[ 0.6654123  7.7079515 -4.705435 ],[0.11107068 0.11009807 0.08412055],[ 0.9974998  -0.07051198 -0.00351647  0.00314268],0,7,1785142637846514,1785142637846514,[-0.11504979 -0.26229396 -0.18164685],1,[0.04271102 0.01847534 0.00587667]
1785142637866410968,[ 0.1617114  -0.02231209  0.01275254],[2.8798673e-05 1.1946880e-04 5.2859928e-03],1,[ 0.66208416  7.706006   -4.7125506 ],[0.11197549 0.11092085 0.08404161],[ 0.9975899  -0.06922204 -0.00367307  0.00306657],0,7,1785142637862514,1785142637862514,[-0.11512934 -0.2791755  -0.17607725],1,[0.04324485 0.01866141 0.0058821 ]
1785142637874466522,[ 0.15531981 -0.02630688  0.00929026],[2.89058844e-05 1.17927244e-04 5.28750336e-03],1,[ 0.66044044  7.7048817  -4.715982  ],[0.11243694 0.11133655 0.08428849],[ 0.99763316 -0.06859326 -0.00376249  0.00301434],0,7,1785142637870514,1785142637870514,[-0.11538845 -0.28742185 -0.17301466],1,[0.04351218 0.0187555  0.00589443]
1785142637886328896,[ 0.1558524  -0.02364372  0.00849167],[2.90167300e-05 1.16412906e-04 5.28883142e-03],1,[ 0.6588082  7.7036595 -4.719331 ],[0.11290446 0.11175511 0.08453618],[ 0.99767554 -0.06797089 -0.00385083  0.00295681],0,7,1785142637878514,1785142637878514,[-0.11558418 -0.29560262 -0.17022233],1,[0.04377717 0.01884961 0.00590676]
1785142637894261749,[ 0.1593145  -0.02790489  0.00955666],[2.91302294e-05 1.14847455e-04 5.29035926e-03],1,[ 0.6571876  7.7023396 -4.722599 ],[0.11337815 0.11217659 0.08478469],[ 0.99771833 -0.06733578 -0.00394558  0.00290042],0,7,1785142637886514,1785142637886514,[-0.1158116  -0.30359071 -0.16731727],1,[0.04404062 0.01894374 0.00591908]
1785142637906299068,[ 0.1590482  -0.03056798  0.00929042],[2.93389294e-05 1.11786234e-04 5.29336417e-03],1,[ 0.65398246  7.699417   -4.728895  ],[0.11434418 0.11302831 0.08528418],[ 0.99780333 -0.06605717 -0.00415997  0.00280327],0,7,1785142637902514,1785142637902514,[-0.11586809 -0.31939903 -0.1609311 ],1,[0.04456158 0.01913362 0.00594373]
1785142637914387144,[ 0.15505348 -0.03136693  0.00929043],[2.9443090e-05 1.1027926e-04 5.2948394e-03],1,[ 0.65239936  7.6978173  -4.73197   ],[0.11483661 0.11345857 0.08494736],[ 0.99784404 -0.06543275 -0.00427348  0.0027512 ],0,7,1785142637910514,1785142637910514,[-0.11570956 -0.32687503 -0.15798232],1,[0.04481773 0.01922918 0.00593621]
1785142637926238293,[ 0.15505347 -0.0358943   0.01062198],[2.9540392e-05 1.0875266e-04 5.2963449e-03],1,[ 0.65082896  7.696129   -4.734968  ],[0.11533538 0.11389183 0.08519744],[ 0.9978842  -0.06481206 -0.00440266  0.00270593],0,7,1785142637918514,1785142637918514,[-0.11576438 -0.33441937 -0.15502335],1,[0.04507645 0.01932491 0.00594853]
1785142637934287362,[ 0.15398823 -0.03456265  0.01008944],[2.9631023e-05 1.0720812e-04 5.2978774e-03],1,[ 0.64926976  7.6943517  -4.737891  ],[0.11584052 0.11432807 0.08544835],[ 0.9979237  -0.06419457 -0.00453084  0.00266147],0,7,1785142637926514,1785142637926514,[-0.11576528 -0.34199294 -0.15195101],1,[0.04532726 0.01942147 0.00596083]
1785142637946212013,[ 0.15425457 -0.03962255  0.00582828],[2.97965998e-05 1.04128194e-04 5.30094933e-03],1,[ 0.6461928  7.6905346 -4.743516 ],[0.11687011 0.1152096  0.08595265],[ 0.9980019  -0.06295003 -0.00480513  0.00256133],0,7,1785142637942514,1785142637942514,[-0.11498087 -0.3568736  -0.14590749],1,[0.04582425 0.01961552 0.00598543]
1785142637954274713,[ 0.15798293 -0.03855744  0.00449688],[2.988024e-05 1.025860e-04 5.302324e-03],1,[ 0.6446768  7.688497  -4.7462206],[0.11739459 0.11565491 0.08620606],[ 0.998041   -0.06231822 -0.00495102  0.00249865],0,7,1785142637950514,1785142637950514,[-0.11470233 -0.36422303 -0.14276718],1,[0.04606803 0.01971274 0.00599772]
1785142637966414218,[ 0.15478711 -0.03909018  0.01115474],[2.9957533e-05 1.0104188e-04 5.3038690e-03],1,[ 0.64317375  7.6863756  -4.748853  ],[0.11792567 0.1161033  0.08646029],[ 0.998079   -0.06169566 -0.00509743  0.00246189],0,7,1785142637958514,1785142637958514,[-0.11456604 -0.37142876 -0.13956733],1,[0.04631499 0.01981074 0.00601003]
1785142637974318989,[ 0.15638508 -0.03988889  0.00875795],[3.0042553e-05 9.9499593e-05 5.3054034e-03],1,[ 0.64168495  7.684171   -4.7514157 ],[0.11846336 0.11655477 0.08671536],[ 0.9981165  -0.06107369 -0.0052474   0.00242714],0,7,1785142637966514,1785142637966514,[-0.11411976 -0.37856743 -0.1364722 ],1,[0.04656272 0.01990912 0.00602235]
1785142637986264697,[ 0.1534556  -0.04068791  0.00795897],[3.0212796e-05 9.6492287e-05 5.3083920e-03],1,[ 0.63875127  7.6795225  -4.756439  ],[0.11955872 0.117467   0.0866186 ],[ 0.9981909  -0.05982189 -0.00556377  0.00234798],0,7,1785142637982514,1785142637982514,[-0.11341197 -0.39207706 -0.13036321],1,[0.04705051 0.02010609 0.00602634]
1785142637994344244,[ 0.15292297 -0.04068789  0.00689375],[3.0291154e-05 9.4998009e-05 5.3098882e-03],1,[ 0.63730544  7.6770816  -4.7588487 ],[0.12011647 0.11792783 0.0868744 ],[ 0.9982264  -0.05921125 -0.00572004  0.00231239],0,7,1785142637990514,1785142637990514,[-0.11305394 -0.39873347 -0.12733759],1,[0.04728726 0.0202056  0.00603863]
1785142638006247761,[ 0.15079238 -0.03882385  0.00955684],[3.0375917e-05 9.3552881e-05 5.3113280e-03],1,[ 0.6358746  7.6745644 -4.761193 ],[0.12068098 0.1183918  0.08713102],[ 0.99826145 -0.05860499 -0.00586736  0.00228274],0,7,1785142637998514,1785142637998514,[-0.11258306 -0.40536597 -0.12445224],1,[0.04751732 0.02030545 0.00605088]
1785142638014377271,[ 0.14786297 -0.0404215   0.00849161],[3.0467367e-05 9.2099130e-05 5.3127692e-03],1,[ 0.6344589  7.6719713 -4.763473 ],[0.12125228 0.11885896 0.0873885 ],[ 0.99829525 -0.05801157 -0.00602209  0.00226203],0,7,1785142638006514,1785142638006514,[-0.11197811 -0.41191506 -0.12147777],1,[0.0477509  0.02040547 0.00606316]
1785142638026263046,[ 0.15052614 -0.03509499  0.00769302],[3.0655578e-05 8.9267589e-05 5.3153671e-03],1,[ 0.631678   7.6665616 -4.7679033],[0.12241533 0.1198028  0.08728525],[ 0.9983626  -0.05681104 -0.00630493  0.00220536],0,7,1785142638022514,1785142638022514,[-0.11053933 -0.42475078 -0.1155416 ],1,[0.04820405 0.02060642 0.00606652]
1785142638034269926,[ 0.1510588  -0.03882338  0.00929072],[3.0755062e-05 8.7910696e-05 5.3167068e-03],1,[ 0.6303121  7.6637483 -4.770056 ],[0.12300725 0.12027959 0.08754343],[ 0.998396   -0.05620668 -0.00644885  0.00219098],0,7,1785142638030514,1785142638030514,[-0.11000331 -0.43104213 -0.11305559],1,[0.04842906 0.02070787 0.00607877]
1785142638046276076,[ 0.14839561 -0.03882344  0.01035611],[3.0859865e-05 8.6542095e-05 5.3180512e-03],1,[ 0.62896174  7.660864   -4.772149  ],[0.12360611 0.12075962 0.08780245],[ 0.9984282  -0.05561354 -0.00659775  0.00218105],0,7,1785142638038514,1785142638038514,[-0.10933919 -0.43728122 -0.11016862],1,[0.04864975 0.02080973 0.006091  ]
1785142638054357701,[ 0.15105882 -0.03722532  0.00689407],[3.0972697e-05 8.5182837e-05 5.3193779e-03],1,[ 0.62762755  7.65791    -4.7741823 ],[0.12421195 0.12124292 0.08806233],[ 0.99846077 -0.05500981 -0.00674347  0.00216831],0,7,1785142638046514,1785142638046514,[-0.10865673 -0.44330007 -0.10740697],1,[0.04887028 0.02091155 0.00610324]
1785142638066224234,[ 0.15212402 -0.03749195  0.00902457],[3.1210810e-05 8.2542370e-05 5.3219404e-03],1,[ 0.6250072  7.651802  -4.7780747],[0.12544473 0.12221939 0.08858463],[ 0.9985256  -0.05378543 -0.00702752  0.00213382],0,7,1785142638062543,1785142638062543,[-0.10726231 -0.4550053  -0.1019728 ],1,[0.049297   0.02111613 0.00612767]
1785142638074356800,[ 0.14999354 -0.03296442  0.00875824],[3.1344516e-05 8.1271195e-05 5.3231586e-03],1,[ 0.6237214  7.6486497 -4.7799373],[0.1260717  0.1227126  0.08884706],[ 0.99855685 -0.05318353 -0.00715585  0.00212952],0,7,1785142638070543,1785142638070543,[-0.10657316 -0.46055716 -0.09952679],1,[0.04950798 0.0212194  0.00613988]
1785142638086369786,[ 0.14812934 -0.02896964  0.01008991],[3.1478103e-05 8.0022292e-05 5.3243479e-03],1,[ 0.62245196  7.6454344  -4.7818003 ],[0.12670581 0.12320914 0.08847255],[ 0.9985875  -0.05259081 -0.00727188  0.00213348],0,7,1785142638078543,1785142638078543,[-0.1056748  -0.4660849  -0.09712919],1,[0.04971993 0.02132292 0.00613028]
1785142638094265010,[ 0.15265673 -0.02790439  0.01168769],[3.1613385e-05 7.8772311e-05 5.3255460e-03],1,[ 0.6212004  7.642156  -4.78361  ],[0.12734707 0.12370907 0.08873481],[ 0.9986184  -0.05198331 -0.00737826  0.00214501],0,7,1785142638086543,1785142638086543,[-0.10474642 -0.47168136 -0.09474828],1,[0.0499296  0.02142637 0.00614249]
1785142638106331854,[ 0.14706413 -0.02311069  0.01062236],[3.1912474e-05 7.6320161e-05 5.3276210e-03],1,[ 0.6187438  7.635416  -4.787073 ],[0.12865102 0.12471902 0.08926187],[ 0.99867827 -0.05079181 -0.00757751  0.00216242],0,7,1785142638102543,1785142638102543,[-0.10351139 -0.48241052 -0.09006014],1,[0.05034457 0.02163438 0.0061669 ]
1785142638114328230,[ 0.14839575 -0.02311066  0.0066274 ],[3.2064032e-05 7.5125572e-05 5.3287442e-03],1,[ 0.61753875  7.6319566  -4.78873   ],[0.12931395 0.12522915 0.08952671],[ 0.9987075  -0.05020034 -0.00766266  0.00216194],0,7,1785142638110543,1785142638110543,[-0.10263407 -0.48771152 -0.08794363],1,[0.05054868 0.02173935 0.0061791 ]
1785142638126326072,[ 0.14786308 -0.02470874  0.01222016],[3.2219385e-05 7.3948206e-05 5.3298478e-03],1,[ 0.61635053  7.628439   -4.79034   ],[0.12998416 0.12574272 0.08979239],[ 0.99873626 -0.049609   -0.00775896  0.00217928],0,7,1785142638118543,1785142638118543,[-0.10173135 -0.49275464 -0.08584877],1,[0.05075146 0.02184436 0.0061913 ]
1785142638134233733,[ 0.14812945 -0.02470845  0.00955695],[3.2384185e-05 7.2768082e-05 5.3309463e-03],1,[ 0.6151801  7.6248655 -4.791903 ],[0.13066168 0.12625973 0.09005893],[ 0.9987646  -0.04901825 -0.00785328  0.00219983],0,7,1785142638126543,1785142638126543,[-0.10062094 -0.49763644 -0.08378686],1,[0.05094505 0.02194999 0.00620346]
1785142638146270211,[ 0.14679785 -0.01858342  0.00795906],[3.2710097e-05 7.0517031e-05 5.3330287e-03],1,[ 0.6128935  7.6175528 -4.794953 ],[0.13203874 0.12730421 0.08993549],[ 0.9988208  -0.04783566 -0.00800846  0.00221218],0,7,1785142638142543,1785142638142543,[-0.09864607 -0.50746435 -0.07955991],1,[0.05133067 0.02216251 0.00620513]
1785142638154300061,[ 0.14839578 -0.01805056  0.00662748],[3.2867036e-05 6.9432186e-05 5.3340411e-03],1,[ 0.61177444  7.613816   -4.79644   ],[0.13273835 0.12783173 0.09020268],[ 0.99884826 -0.04724498 -0.00807787  0.00222512],0,7,1785142638150543,1785142638150543,[-0.09782894 -0.5121394  -0.07772514],1,[0.05152207 0.0222694  0.00621729]
1785142638166299196,[ 0.14493364 -0.0177845   0.00929065],[3.3031094e-05 6.8385998e-05 5.3350064e-03],1,[ 0.61067206  7.6100273  -4.7978835 ],[0.1334454  0.12836277 0.09047075],[ 0.998875   -0.04666233 -0.00814742  0.0022405 ],0,7,1785142638158543,1785142638158543,[-0.09680893 -0.5165459  -0.07565863],1,[0.05171163 0.02237647 0.00622944]
1785142638174271840,[ 0.14626513 -0.01751802  0.01168766],[3.3187876e-05 6.7346547e-05 5.3356602e-03],1,[ 0.60958785  7.606189   -4.799282  ],[0.1341596  0.12889732 0.09073967],[ 0.9989014  -0.04607931 -0.00821325  0.00227199],0,7,1785142638166543,1785142638166543,[-0.09560221 -0.5210765  -0.07348739],1,[0.05189961 0.02248372 0.0062416 ]
1785142638186286710,[ 0.14519821 -0.01164925  0.00875336],[3.1461565e-05 4.9545728e-05 4.2618192e-03],1,[ 0.606345   7.5971932 -4.8056893],[0.10786147 0.1069746  0.08250815],[ 0.9989538  -0.04491332 -0.00831212  0.00226498],0,7,1785142638182543,1785142638182543,[-0.09463333 -0.53091204 -0.07061606],1,[0.03236379 0.01747737 0.00581371]
1785142638194341646,[ 0.14493187 -0.01351359  0.00955222],[3.1612861e-05 4.8856346e-05 4.2624329e-03],1,[ 0.6047583  7.592637  -4.808761 ],[0.10827851 0.10736418 0.08274999],[ 0.9989792  -0.0443373  -0.00835553  0.00223427],0,7,1785142638190543,1785142638190543,[-0.09429069 -0.5356305  -0.06917312],1,[0.03248215 0.01756504 0.00582547]
1785142638206327762,[ 0.14280137 -0.01244817  0.00795437],[3.1762160e-05 4.8165930e-05 4.2630453e-03],1,[ 0.6031936  7.588043  -4.8117867],[0.10870007 0.10775642 0.08243915],[ 0.99900395 -0.04377036 -0.00839702  0.00220445],0,7,1785142638198543,1785142638198543,[-0.09386968 -0.54035014 -0.06763064],1,[0.0325974  0.01765315 0.00581867]
1785142638214407582,[ 0.14652978 -0.01164939  0.01194915],[3.1904739e-05 4.7476475e-05 4.2636679e-03],1,[ 0.6016512  7.583411  -4.814728 ],[0.10912617 0.10815137 0.08268099],[ 0.9990289  -0.04318864 -0.00843665  0.00218531],0,7,1785142638206543,1785142638206543,[-0.093354   -0.5448785  -0.06621448],1,[0.03270964 0.01774171 0.00583038]
1785142638226306146,[ 0.1459972  -0.00845345  0.008487  ],[3.2193915e-05 4.6151305e-05 4.2648581e-03],1,[ 0.59863484  7.5740423  -4.8203692 ],[0.10999205 0.10894942 0.08316711],[ 0.99907756 -0.04204078 -0.00848822  0.00214944],0,7,1785142638222543,1785142638222543,[-0.09229264 -0.5533755  -0.0636735 ],1,[0.03293246 0.01791999 0.00585382]
1785142638234466383,[ 0.1459972  -0.00765452  0.00928592],[3.2321201e-05 4.5522436e-05 4.2654360e-03],1,[ 0.5971581  7.5693064 -4.823073 ],[0.11043188 0.10935255 0.08341139],[ 0.9991015  -0.0414634  -0.00850937  0.00212828],0,7,1785142638230543,1785142638230543,[-0.09194046 -0.55758    -0.06221518],1,[0.03304122 0.01800968 0.00586553]
1785142638246299042,[ 0.14786138 -0.00632301  0.00662274],[3.244065e-05 4.488881e-05 4.265759e-03],1,[ 0.5957008  7.5645366 -4.8257   ],[0.11087628 0.1097584  0.08365648],[ 0.99912554 -0.04087745 -0.00852942  0.00209933],0,7,1785142638238543,1785142638238543,[-0.09156283 -0.5617256  -0.06081636],1,[0.03315065 0.01809968 0.00587725]
1785142638254317908,[ 0.14919296 -0.00792111  0.00955209],[3.2559841e-05 4.4274864e-05 4.2663300e-03],1,[ 0.59426516  7.5597343  -4.828253  ],[0.11132535 0.11016707 0.0839024 ],[ 0.99914944 -0.04028518 -0.00855102  0.00207511],0,7,1785142638246543,1785142638246543,[-0.09073058 -0.5655698  -0.0594176 ],1,[0.03325867 0.01819029 0.00588896]
1785142638266247961,[ 0.14999193 -0.00951887  0.01301423],[3.2771823e-05 4.3103690e-05 4.2674402e-03],1,[ 0.5914624  7.550035  -4.8331847],[0.11223748 0.1109928  0.08382437],[ 0.9991958  -0.03910676 -0.00861033  0.00206252],0,7,1785142638262543,1785142638262543,[-0.08901464 -0.57314754 -0.05601605],1,[0.0334711  0.01837284 0.00589307]
1785142638274333123,[ 0.15052453 -0.01138305  0.0114164 ],[3.2884091e-05 4.2535634e-05 4.2679757e-03],1,[ 0.5900946  7.5451403 -4.8355637],[0.11270057 0.11140992 0.08407106],[ 0.9992187  -0.03851034 -0.00864925  0.00205609],0,7,1785142638270543,1785142638270543,[-0.08823287 -0.57680196 -0.05423335],1,[0.03357387 0.01846465 0.00590474]
1785142638286299826,[ 0.14919299 -0.01271466  0.01061731],[3.299493e-05 4.197994e-05 4.268498e-03],1,[ 0.58874774  7.540216   -4.8378716 ],[0.11316836 0.11182988 0.08431858],[ 0.9992412  -0.03791603 -0.00868843  0.0020463 ],0,7,1785142638278543,1785142638278543,[-0.08751179 -0.5802809  -0.05250257],1,[0.03367445 0.01855673 0.0059164 ]
1785142638294419104,[ 0.15132351 -0.01431246  0.00875317],[3.3096327e-05 4.1432439e-05 4.2690253e-03],1,[ 0.5874219  7.5352645 -4.840109 ],[0.11364087 0.1122527  0.08456691],[ 0.9992631  -0.03732112 -0.00873637  0.00203346],0,7,1785142638286543,1785142638286543,[-0.08669202 -0.5833639  -0.05064066],1,[0.03377776 0.0186492  0.00592809]
1785142638306308938,[ 0.15398669 -0.01830714  0.00875316],[3.3278411e-05 4.0381165e-05 4.2700539e-03],1,[ 0.5848359  7.5252852 -4.8443756],[0.11460012 0.11310701 0.08506607],[ 0.99930716 -0.03609244 -0.00886318  0.00201428],0,7,1785142638302543,1785142638302543,[-0.08471716 -0.58972013 -0.04677045],1,[0.03397594 0.0188357  0.00595141]
1785142638314340532,[ 0.15638359 -0.01750846  0.01194885],[3.3367738e-05 3.9878265e-05 4.2702151e-03],1,[ 0.5835749  7.5202565 -4.846408 ],[0.11508681 0.11353847 0.0853169 ],[ 0.9993288  -0.03547308 -0.00892707  0.00200983],0,7,1785142638310543,1785142638310543,[-0.08378894 -0.5926634  -0.04477161],1,[0.03406937 0.0189293  0.00596304]
1785142638326293746,[ 0.15372047 -0.01617665  0.00768777],[3.3454846e-05 3.9387858e-05 4.2706919e-03],1,[ 0.5823352  7.515204  -4.8484063],[0.11557835 0.11397292 0.08498028],[ 0.99934995 -0.03485844 -0.00898598  0.00199777],0,7,1785142638318543,1785142638318543,[-0.08280886 -0.595509   -0.04289538],1,[0.03416609 0.0190232  0.00595475]
1785142638334583038,[ 0.15664995 -0.01404615  0.0039594 ],[3.3536635e-05 3.8905186e-05 4.2711715e-03],1,[ 0.5811157  7.5101275 -4.85034  ],[0.1160747  0.11441033 0.08523103],[ 0.9993709  -0.03424151 -0.00903807  0.00196961],0,7,1785142638326543,1785142638326543,[-0.08198388 -0.59829277 -0.04087799],1,[0.03426266 0.01911775 0.00596639]
1785142638346278383,[ 0.15558466 -0.01777471  0.00715502],[3.3680975e-05 3.7985643e-05 4.2721098e-03],1,[ 0.5787361  7.4999046 -4.854015 ],[0.11708184 0.11529407 0.08573502],[ 0.9994117  -0.03299857 -0.00915403  0.0019248 ],0,7,1785142638342543,1785142638342543,[-0.08012354 -0.60393596 -0.03675063],1,[0.03445403 0.01930819 0.00598967]
1785142638354554747,[ 0.15531835 -0.02043784  0.0074214 ],[3.375320e-05 3.755116e-05 4.272552e-03],1,[ 0.5775784  7.4947596 -4.855758 ],[0.11759268 0.11574044 0.08598826],[ 0.9994313  -0.03237885 -0.00922868  0.00191195],0,7,1785142638350543,1785142638350543,[-0.07891137 -0.6067137  -0.03478776],1,[0.03454883 0.01940392 0.00600131]
1785142638366324987,[ 0.1502583  -0.01537792  0.01168255],[3.3823962e-05 3.7116461e-05 4.2729983e-03],1,[ 0.57644206  7.4895916  -4.857442  ],[0.11810839 0.11618984 0.08624234],[ 0.99945    -0.03177783 -0.00928664  0.0019141 ],0,7,1785142638358543,1785142638358543,[-0.07785151 -0.609301   -0.03289473],1,[0.03464123 0.01950011 0.00601293]
1785142638374370392,[ 0.15158994 -0.01777461  0.00981827],[3.3882567e-05 3.6703914e-05 4.2734346e-03],1,[ 0.5753272  7.4844036 -4.859067 ],[0.11862896 0.11664227 0.08649725],[ 0.99946827 -0.03117881 -0.00935074  0.00191666],0,7,1785142638366543,1785142638366543,[-0.07665407 -0.6116967  -0.03097986],1,[0.03472975 0.01959674 0.00602452]
1785142638386374578,[ 0.15185635 -0.0113832   0.00795381],[3.3994438e-05 3.5894351e-05 4.2738863e-03],1,[ 0.5731567  7.4739738 -4.8622065],[0.11968463 0.11755627 0.08640144],[ 0.99950415 -0.02997878 -0.00944614  0.00190638],0,7,1785142638382543,1785142638382543,[-0.07506772 -0.6158109  -0.02747912],1,[0.03490649 0.01979121 0.006027  ]
1785142638394463729,[ 0.14919323 -0.01298099  0.00901895],[3.404782e-05 3.550241e-05 4.274305e-03],1,[ 0.5720987  7.4687343 -4.86372  ],[0.12021989 0.11801796 0.08665708],[ 0.99952143 -0.02938265 -0.00949027  0.00190913],0,7,1785142638390543,1785142638390543,[-0.07407925 -0.6178069  -0.02551937],1,[0.03499499 0.01988905 0.00603859]
1785142638406301900,[ 0.15318796 -0.01244837  0.01008435],[3.4102632e-05 3.5118072e-05 4.2747166e-03],1,[ 0.5710608  7.463479  -4.8651786],[0.12076007 0.11848275 0.08691356],[ 0.99953854 -0.02877899 -0.00953663  0.0019169 ],0,7,1785142638398543,1785142638398543,[-0.07305657 -0.6197899  -0.02379285],1,[0.03507935 0.01998715 0.00605015]
1785142638414438224,[ 0.15159005 -0.01244837  0.00848635],[3.4165740e-05 3.4750883e-05 4.2751031e-03],1,[ 0.5700429  7.4582086 -4.866584 ],[0.12130518 0.11895067 0.08717089],[ 0.99955535 -0.02817358 -0.00958017  0.0019204 ],0,7,1785142638406543,1785142638406543,[-0.07193843 -0.62151617 -0.02209646],1,[0.03516563 0.02008552 0.00606172]
1785142638426288411,[ 0.14786161 -0.01591055  0.01008429],[3.4297453e-05 3.4039116e-05 4.2758491e-03],1,[ 0.5680635  7.447624  -4.8692384],[0.12241026 0.11989599 0.08768808],[ 0.99958706 -0.02698748 -0.00968429  0.0019357 ],0,7,1785142638422543,1785142638422543,[-0.07030728 -0.625356   -0.01868984],1,[0.03533063 0.02028318 0.00608483]
1785142638434376700,[ 0.14333425 -0.01218204  0.00928535],[3.4368142e-05 3.3701792e-05 4.2761983e-03],1,[ 0.5671006  7.44231   -4.8704906],[0.12297024 0.12037343 0.08794794],[ 0.9996019  -0.02641321 -0.00972997  0.00194751],0,7,1785142638430543,1785142638430543,[-0.06938637 -0.6269251  -0.01689164],1,[0.03541131 0.02038268 0.00609637]
1785142638446286328,[ 0.14519851 -0.012981    0.00928529],[3.4446439e-05 3.3376025e-05 4.2765196e-03],1,[ 0.56615734  7.436984   -4.871745  ],[0.12353519 0.12085406 0.08758366],[ 0.99961656 -0.02583724 -0.00977585  0.00195983],0,7,1785142638438543,1785142638438543,[-0.06811272 -0.6283213  -0.01509985],1,[0.03548633 0.02048246 0.00608646]
1785142638454252378,[ 0.14253533 -0.0108504   0.00742118],[3.4538447e-05 3.3049484e-05 4.2768377e-03],1,[ 0.56523496  7.431648   -4.87295   ],[0.12410513 0.12133791 0.08784337],[ 0.9996306  -0.02526697 -0.00981831  0.00196935],0,7,1785142638446543,1785142638446543,[-0.06690118 -0.6296565  -0.01339314],1,[0.03556173 0.02058253 0.00609795]
1785142638466231990,[ 0.14253554 -0.01005151  0.01008387],[3.4723576e-05 3.2438897e-05 4.2769490e-03],1,[ 0.5634524  7.420945  -4.8752146],[0.12525968 0.12231527 0.08836535],[ 0.9996579  -0.02412725 -0.00990625  0.00200094],0,7,1785142638462543,1785142638462543,[-0.06400274 -0.6321552  -0.01013092],1,[0.03571417 0.02078387 0.00612096]
1785142638474413434,[ 0.14013872 -0.00605677  0.00742064],[3.4812572e-05 3.2153690e-05 4.2772293e-03],1,[ 0.56259465  7.41558    -4.876279  ],[0.1258446  0.1228089  0.08862762],[ 0.9996709  -0.02356626 -0.00992904  0.00201328],0,7,1785142638470543,1785142638470543,[-0.06255686 -0.63318795 -0.00890787],1,[0.03578775 0.02088523 0.00613244]
1785142638486240771,[ 0.13880713 -0.00925264  0.0090184 ],[3.4895278e-05 3.1880303e-05 4.2775059e-03],1,[ 0.5617586  7.4102073 -4.877301 ],[0.12643453 0.12330583 0.08889075],[ 0.9996836  -0.02301157 -0.00995888  0.00202984],0,7,1785142638478543,1785142638478543,[-0.06117043 -0.6342629  -0.00758346],1,[0.03586088 0.0209869  0.00614392]
1785142638494368447,[ 0.13720925 -0.01218211  0.00875212],[3.4980560e-05 3.1616946e-05 4.2777681e-03],1,[ 0.5609431  7.4048266 -4.8782806],[0.12702948 0.12380608 0.08915473],[ 0.99969554 -0.02246528 -0.0100017   0.00204751],0,7,1785142638486543,1785142638486543,[-0.05992221 -0.6351846  -0.00624996],1,[0.03593641 0.02108899 0.00615541]
1785142638506311308,[ 0.13321455 -0.00845371  0.00688795],[3.5175115e-05 3.1134063e-05 4.2782174e-03],1,[ 0.5593707  7.3940463 -4.880159 ],[0.12823454 0.12481661 0.08903924],[ 0.9997183  -0.02139361 -0.01006631  0.0020747 ],0,7,1785142638502543,1785142638502543,[-0.05740266 -0.6368935  -0.00350249],1,[0.03608477 0.02129424 0.00615616]
1785142638514427398,[ 0.13055134 -0.00712211  0.00981748],[3.5263827e-05 3.0919546e-05 4.2784279e-03],1,[ 0.5586146  7.388647  -4.8810577],[0.12884466 0.12532693 0.08930388],[ 0.9997291  -0.02086731 -0.01009467  0.00209977],0,7,1785142638510543,1785142638510543,[-0.05606493 -0.63773775 -0.00213287],1,[0.03615712 0.0213976  0.00616763]
1785142638526267813,[ 0.12975244 -0.00898619  0.00768685],[3.535814e-05 3.071817e-05 4.278620e-03],1,[ 0.55787826  7.383242   -4.881916  ],[0.12945986 0.12584063 0.08956938],[ 0.9997394  -0.02034994 -0.01012537  0.00212342],0,7,1785142638518543,1785142638518543,[-0.05481554 -0.63835716 -0.00076585],1,[0.03622709 0.02150136 0.00617907]
1785142638534298175,[ 0.12415986 -0.00685569  0.0050237 ],[3.5440800e-05 3.0528525e-05 4.2782449e-03],1,[ 0.55716115  7.3778334  -4.8827357 ],[0.1300797  0.12635764 0.08983575],[ 0.9997492  -0.01985099 -0.01015228  0.00213418],0,7,1785142638526543,1785142638526543,[-5.3500850e-02 -6.3885385e-01  3.6135642e-04],1,[0.03629179 0.02160561 0.00619049]
1785142638546277887,[ 0.12788826 -0.00046418  0.00955111],[3.5590558e-05 3.0187426e-05 4.2786067e-03],1,[ 0.555786   7.367005  -4.8842664],[0.13133541 0.12740222 0.09037106],[ 0.9997682  -0.01884719 -0.01017572  0.00217693],0,7,1785142638542543,1785142638542543,[-0.05094437 -0.6400583   0.00245976],1,[0.03642245 0.02181509 0.00621331]
1785142638554397966,[0.12389353 0.00033492 0.00928472],[3.5668614e-05 3.0034102e-05 4.2787679e-03],1,[ 0.5551262  7.3615866 -4.8849792],[0.13197088 0.1279297  0.09064002],[ 0.9997775  -0.01834824 -0.01017169  0.00221135],0,7,1785142638550543,1785142638550543,[-0.04975476 -0.64006793  0.00348957],1,[0.03648854 0.02192057 0.00622473]
1785142638566261031,[ 0.12495882 -0.00046409  0.00449106],[3.5743666e-05 2.9892730e-05 4.2789103e-03],1,[ 0.554485  7.35617  -4.88571 ],[0.13261147 0.12846069 0.09024613],[ 0.99978644 -0.0178511  -0.01017298  0.00222399],0,7,1785142638558543,1785142638558543,[-0.04842915 -0.6399498   0.00453022],1,[0.03655134 0.02202649 0.0062132 ]
1785142638574303540,[ 0.12229566 -0.00019782  0.00688786],[3.5820096e-05 2.9765824e-05 4.2790459e-03],1,[ 0.5538633  7.3507543 -4.886405 ],[0.13325715 0.12899518 0.09051485],[ 0.999795   -0.01736247 -0.01017107  0.00224504],0,7,1785142638566543,1785142638566543,[-0.04698506 -0.6400603   0.00557014],1,[0.03661652 0.02213266 0.0062246 ]
1785142638586362627,[0.12015935 0.00620865 0.00901241],[3.4074339e-05 2.6480575e-05 3.8258848e-03],1,[ 0.5517918  7.3372955 -4.891609 ],[0.10814601 0.10703363 0.08231999],[ 0.9998116  -0.016406   -0.0101294   0.00227013],0,7,1785142638582543,1785142638582543,[-0.04523271 -0.6419549   0.00676524],1,[0.02535649 0.01725712 0.00579519]
1785142638594472152,[0.1161646  0.00461076 0.00847974],[3.4149645e-05 2.6467440e-05 3.8259029e-03],1,[ 0.55079216  7.3306026  -4.8940883 ],[0.10856543 0.10742424 0.0825616 ],[ 0.9998193  -0.01594825 -0.01010194  0.00227313],0,7,1785142638590543,1785142638590543,[-0.0443453 -0.6427065  0.0072112],1,[0.02540153 0.01734344 0.00580627]
1785142638606416898,[0.11722998 0.00674115 0.00874571],[3.4219840e-05 2.6463942e-05 3.8253849e-03],1,[ 0.5498166  7.3239355 -4.8964906],[0.10898826 0.1078174  0.08280401],[ 0.9998268  -0.01548562 -0.01007089  0.00227482],0,7,1785142638598543,1785142638598543,[-0.04329625 -0.6433196   0.00749264],1,[0.02544564 0.01743008 0.00581736]
1785142638614343781,[0.11589839 0.0051433  0.00901192],[3.4295874e-05 2.6471193e-05 3.8253826e-03],1,[ 0.5488663  7.317293  -4.8988166],[0.10941468 0.10821332 0.08304723],[ 0.9998341  -0.0150267  -0.01004097  0.0022803 ],0,7,1785142638606543,1785142638606543,[-0.04216136 -0.6438582   0.00791628],1,[0.02549029 0.01751713 0.00582844]
1785142638626466859,[0.11403421 0.00594227 0.00821301],[3.4421028e-05 2.6515201e-05 3.8253670e-03],1,[ 0.5470403  7.3040843 -4.9032764],[0.11027807 0.10901321 0.08297535],[ 0.9998479  -0.01412462 -0.00998097  0.00228959],0,7,1785142638622543,1785142638622543,[-0.04012867 -0.6445279   0.00843066],1,[0.02557961 0.01769295 0.0058317 ]
1785142638634315881,[0.11509947 0.00674127 0.00475091],[3.4481702e-05 2.6551537e-05 3.8253542e-03],1,[ 0.54616153  7.297518   -4.905413  ],[0.11071505 0.10941723 0.08321936],[ 0.9998544  -0.01367657 -0.00994781  0.00228324],0,7,1785142638630543,1785142638630543,[-0.03923012 -0.6446978   0.0088958 ],1,[0.02562448 0.0177814  0.00584277]
1785142638646381773,[0.11536579 0.00514316 0.00901195],[3.4553996e-05 2.6596839e-05 3.8253183e-03],1,[ 0.54530513  7.2909765  -4.9074817 ],[0.11115555 0.10982397 0.08346418],[ 0.9998608  -0.01322053 -0.00991995  0.00228406],0,7,1785142638638543,1785142638638543,[-0.03837518 -0.6448294   0.00919826],1,[0.02566838 0.01787016 0.00585382]
1785142638654335035,[0.11669737 0.00594234 0.0068814 ],[3.4618213e-05 2.6651083e-05 3.8252824e-03],1,[ 0.5444702  7.2844605 -4.9094834],[0.1115996  0.11023346 0.08370981],[ 0.99986714 -0.01276075 -0.00988785  0.00228866],0,7,1785142638646543,1785142638646543,[-0.03746615 -0.64486104  0.00967337],1,[0.02571175 0.01795923 0.00586487]
1785142638666262712,[0.11643105 0.00674118 0.00821297],[3.4738296e-05 2.6783398e-05 3.8251947e-03],1,[ 0.54286575  7.2715025  -4.9132843 ],[0.11249834 0.11106075 0.08420351],[ 0.99987894 -0.01184943 -0.00982405  0.00228559],0,7,1785142638662543,1785142638662543,[-0.03551174 -0.644869    0.01149542],1,[0.02580169 0.01813856 0.005887  ]
1785142638674322709,[0.11217    0.00913806 0.00581619],[3.4797758e-05 2.6859523e-05 3.8245500e-03],1,[ 0.5420953  7.26506   -4.9150853],[0.11295287 0.11147849 0.08445159],[ 0.99988455 -0.01140437 -0.00978109  0.00228296],0,7,1785142638670543,1785142638670543,[-0.03473907 -0.6446393   0.0124097 ],1,[0.02584409 0.01822866 0.00589803]
1785142638686351559,[0.11536579 0.0051433  0.00794667],[3.4854729e-05 2.6943124e-05 3.8244827e-03],1,[ 0.5413452  7.2586436 -4.9168386],[0.11341112 0.11189914 0.08412407],[ 0.9998899  -0.01095344 -0.00975194  0.00228805],0,7,1785142638678543,1785142638678543,[-0.03373126 -0.64410007  0.01339538],1,[0.02588692 0.01831936 0.00588955]
1785142638694364823,[0.11776264 0.00327913 0.00608245],[3.4906770e-05 2.7033870e-05 3.8244242e-03],1,[ 0.54061633  7.252255   -4.918529  ],[0.11387294 0.11232262 0.08437209],[ 0.99989504 -0.01049228 -0.00972979  0.00228844],0,7,1785142638686543,1785142638686543,[-0.03264992 -0.6435184   0.01426661],1,[0.02593184 0.01841046 0.0059006 ]
1785142638706384744,[0.11669739 0.00381174 0.00554984],[3.4971916e-05 2.7239817e-05 3.8243220e-03],1,[ 0.53922343  7.239556   -4.9217243 ],[0.11480731 0.11317816 0.08487059],[ 0.99990463 -0.00957353 -0.00968619  0.0022866 ],0,7,1785142638702543,1785142638702543,[-0.03031971 -0.64246494  0.01649197],1,[0.02601687 0.01859376 0.00592262]
1785142638714445984,[0.11882792 0.00194749 0.00741406],[3.5005567e-05 2.7353621e-05 3.8242592e-03],1,[ 0.53855973  7.233244   -4.923231  ],[0.11527985 0.11361025 0.08512108],[ 0.9999092  -0.00910535 -0.00967104  0.00229087],0,7,1785142638710543,1785142638710543,[-0.0290882  -0.6417535   0.01768235],1,[0.02605636 0.01868598 0.00593359]
1785142638726335798,[0.12415424 0.0032791  0.00794677],[3.503654e-05 2.747301e-05 3.824193e-03],1,[ 0.53791666  7.2269583  -4.9246798 ],[0.11575598 0.11404524 0.0853724 ],[ 0.99991363 -0.0086212  -0.00965425  0.00229877],0,7,1785142638718543,1785142638718543,[-0.02806193 -0.641027    0.01881439],1,[0.02609885 0.01877862 0.0059446 ]
1785142638734334179,[0.12495318 0.00301286 0.00554979],[3.5060752e-05 2.7597955e-05 3.8241281e-03],1,[ 0.537293  7.220697 -4.92607 ],[0.11623569 0.11448315 0.08562453],[ 0.9999179  -0.00812738 -0.00963219  0.00230166],0,7,1785142638726543,1785142638726543,[-0.02714461 -0.6404905   0.02008947],1,[0.02614136 0.01887166 0.0059556 ]
1785142638746303959,[1.2229024e-01 8.3455350e-05 3.4193180e-03],[3.5080575e-05 2.7861746e-05 3.8233558e-03],1,[ 0.5361041  7.2082486 -4.928706 ],[0.11720567 0.11536767 0.0855353 ],[ 0.9999255  -0.00715991 -0.00962801  0.00227923],0,7,1785142638742543,1785142638742543,[-0.02482061 -0.6386873   0.02288469],1,[0.02622717 0.01905855 0.00595731]
1785142638754315750,[0.12708391 0.00221396 0.00901201],[3.5090627e-05 2.8004091e-05 3.8232880e-03],1,[ 0.53554213  7.2020645  -4.929952  ],[0.11769619 0.11581444 0.08578817],[ 0.999929   -0.00665981 -0.0096169   0.00229163],0,7,1785142638750543,1785142638750543,[-0.02362099 -0.63743657  0.02438221],1,[0.02626955 0.0191529  0.00596829]
1785142638766331862,[0.12415447 0.00194787 0.00421819],[3.5101843e-05 2.8151986e-05 3.8232158e-03],1,[ 0.5350012  7.1959095 -4.931143 ],[0.11819031 0.1162642  0.08604187],[ 0.99993235 -0.00616746 -0.0096007   0.00229687],0,7,1785142638758543,1785142638758543,[-0.02220575 -0.6361016   0.02572229],1,[0.02631211 0.01924758 0.00597926]
1785142638774316002,[ 0.12308919 -0.00098185  0.00688134],[3.5114033e-05 2.8303532e-05 3.8231383e-03],1,[ 0.534482   7.1897826 -4.9322805],[0.11868805 0.11671697 0.08629639],[ 0.99993527 -0.00567809 -0.00959588  0.00230201],0,7,1785142638766543,1785142638766543,[-0.02086114 -0.6349614   0.02697429],1,[0.02635384 0.01934278 0.00599022]
1785142638786298510,[ 0.12042603 -0.00018287  0.00688132],[3.5131434e-05 2.8626964e-05 3.8229686e-03],1,[ 0.53350556  7.1776094  -4.934399  ],[0.1196944  0.11763161 0.08680795],[ 0.9999403  -0.00472219 -0.00958472  0.00230732],0,7,1785142638782543,1785142638782543,[-0.01844247 -0.6322949   0.02958351],1,[0.02643814 0.0195337  0.00601213]
1785142638794341539,[ 0.11936074 -0.00151438  0.00501717],[3.5144112e-05 2.8799977e-05 3.8228687e-03],1,[ 0.533046   7.1715674 -4.9353833],[0.12020301 0.11809351 0.08706498],[ 0.99994236 -0.00424877 -0.00958471  0.00231233],0,7,1785142638790543,1785142638790543,[-0.01731282 -0.63055956  0.03095878],1,[0.02648069 0.01962974 0.00602308]
1785142638806341326,[ 0.11669764 -0.002846    0.00794665],[3.5152876e-05 2.8980765e-05 3.8227555e-03],1,[ 0.5326049  7.165556  -4.9363675],[0.12071526 0.1185585  0.0867103 ],[ 0.9999442  -0.00378218 -0.00959071  0.00232776],0,7,1785142638798543,1785142638798543,[-0.01632634 -0.6289577   0.03205114],1,[0.02652321 0.01972602 0.00601309]
1785142638814385237,[0.11776289 0.00221413 0.00661521],[3.5164830e-05 2.9166062e-05 3.8226449e-03],1,[ 0.532181   7.1595736 -4.937304 ],[0.12123115 0.11902658 0.08696719],[ 0.9999459  -0.00331864 -0.00958356  0.00234456],0,7,1785142638806543,1785142638806543,[-0.01534456 -0.6273289   0.03328757],1,[0.02656668 0.01982245 0.00602403]
1785142638826390676,[0.11350182 0.00248024 0.00475072],[3.5167548e-05 2.9551858e-05 3.8217243e-03],1,[ 0.5313855  7.147702  -4.939032 ],[0.1222735  0.11997197 0.08748348],[ 0.99994874 -0.00241489 -0.00955282  0.00236075],0,7,1785142638822543,1785142638822543,[-0.01312689 -0.62360233  0.03590742],1,[0.02665208 0.02001608 0.00604589]
1785142638834416227,[0.11323551 0.00221392 0.0068813 ],[3.5179168e-05 2.9755003e-05 3.8215965e-03],1,[ 0.5310151  7.141813  -4.9398255],[0.12280033 0.12044945 0.08774289],[ 0.99994975 -0.00196255 -0.00954194  0.00237626],0,7,1785142638830543,1785142638830543,[-0.01202855 -0.6217468   0.03734659],1,[0.02669295 0.02011352 0.00605679]
1785142638846360862,[0.1097734  0.00327926 0.00341915],[3.5196885e-05 2.9968938e-05 3.8214514e-03],1,[ 0.5306629  7.135955  -4.940573 ],[0.1233308  0.12093009 0.08800314],[ 0.99995065 -0.00152596 -0.00952435  0.00238279],0,7,1785142638838543,1785142638838543,[-0.01088104 -0.6197792   0.03869496],1,[0.0267345  0.02021148 0.00606769]
1785142638854352889,[0.10924078 0.0022139  0.00315281],[3.5216082e-05 3.0190702e-05 3.8212978e-03],1,[ 0.53032774  7.130128   -4.9412746 ],[0.12386493 0.12141392 0.08826423],[ 0.9999514  -0.00109339 -0.00951013  0.00238367],0,7,1785142638846543,1785142638846543,[-0.00993953 -0.6176869   0.04027322],1,[0.0267766  0.0203096  0.00607859]
1785142638866271005,[0.10950711 0.00407813 0.00421799],[3.5256806e-05 3.0652216e-05 3.8209592e-03],1,[ 0.529709  7.11857  -4.942583],[0.12494417 0.12239119 0.08815574],[ 9.9995250e-01 -2.2738584e-04 -9.4533563e-03  2.3967521e-03],0,7,1785142638862543,1785142638862543,[-0.00763641 -0.6134575   0.04243254],1,[0.02686456 0.02050716 0.00607867]
1785142638874347789,[0.10711027 0.00088237 0.00395174],[3.5279802e-05 3.0903440e-05 3.8207737e-03],1,[ 0.52942604  7.1128383  -4.943193  ],[0.1254893  0.12288469 0.08841749],[ 9.9995250e-01  2.0137164e-04 -9.4443727e-03  2.4057680e-03],0,7,1785142638870543,1785142638870543,[-0.00651505 -0.61111075  0.04357875],1,[0.02690868 0.02060633 0.00608956]
1785142638886290319,[0.10284922 0.00194759 0.00448443],[3.5297820e-05 3.1166899e-05 3.8205811e-03],1,[ 0.52915996  7.107141   -4.943763  ],[0.1260381  0.12338144 0.08868009],[ 9.9995250e-01  6.1271369e-04 -9.4339801e-03  2.4148251e-03],0,7,1785142638878543,1785142638878543,[-0.00543477 -0.60862803  0.04459854],1,[0.02695541 0.02070564 0.00610048]
1785142638894353293,[0.1031158  0.00248027 0.00688071],[3.5333109e-05 3.1432435e-05 3.8196121e-03],1,[ 0.52891076  7.101476   -4.9442945 ],[0.12659013 0.12388132 0.08894353],[ 0.9999522   0.00102303 -0.00942108  0.00243632],0,7,1785142638886543,1785142638886543,[-0.00420951 -0.6063394   0.04556651],1,[0.0269997  0.0208052  0.00611137]
1785142638906313582,[0.09432736 0.00567614 0.0066145 ],[3.5393507e-05 3.1992826e-05 3.8191695e-03],1,[ 0.5284644  7.0902452 -4.9452453],[0.12770623 0.12489127 0.08947296],[ 0.99995124  0.0017883  -0.0093894   0.00247967],0,7,1785142638902543,1785142638902543,[-0.00204322 -0.60154045  0.04739618],1,[0.02708764 0.02100602 0.00613311]
1785142638914515491,[0.08979999 0.00754023 0.00608176],[3.5416444e-05 3.2285268e-05 3.8189439e-03],1,[ 0.5282655  7.0846786 -4.9456663],[0.1282698  0.12540124 0.08973896],[ 0.9999508   0.00215066 -0.00935624  0.00249711],0,7,1785142638910543,1785142638910543,[-0.00083872 -0.59916836  0.04837681],1,[0.02713135 0.02110722 0.00614397]
1785142638926415488,[0.08873478 0.00674135 0.00475014],[3.5449204e-05 3.2583623e-05 3.8186896e-03],1,[ 0.5280834  7.0791445 -4.9461064],[0.12883708 0.12591454 0.08935519],[ 0.99995023  0.00250518 -0.00932428  0.00251349],0,7,1785142638918543,1785142638918543,[ 2.7099135e-04 -5.9677088e-01  4.9309552e-02],1,[0.02717778 0.02120874 0.00613243]
1785142638934373330,[0.08314214 0.00540975 0.00421755],[3.5483790e-05 3.2884403e-05 3.8184428e-03],1,[ 0.5279173  7.0736427 -4.946512 ],[0.12940806 0.12643124 0.08962096],[ 0.9999495   0.00283968 -0.009301    0.00252661],0,7,1785142638926543,1785142638926543,[ 0.00138027 -0.59423006  0.05005841],1,[0.02722506 0.02131055 0.0061433 ]
1785142638946305868,[0.08234318 0.00993714 0.00288598],[3.5550038e-05 3.3498916e-05 3.8179434e-03],1,[ 0.5276324  7.062739  -4.9472213],[0.13056117 0.1274748  0.09015507],[ 0.9999481   0.00350692 -0.00922922  0.00254875],0,7,1785142638942543,1785142638942543,[ 0.00354905 -0.58903235  0.05169124],1,[0.02731473 0.02151494 0.00616496]
1785142638954294578,[0.08154424 0.00727395 0.00288592],[3.5592755e-05 3.3811233e-05 3.8176784e-03],1,[ 0.5275132  7.057337  -4.9475284],[0.1311433  0.1280017  0.09042341],[ 0.9999472   0.00383118 -0.00919511  0.00255705],0,7,1785142638950543,1785142638950543,[ 0.00458069 -0.58629763  0.05216308],1,[0.02736143 0.0216177  0.0061758 ]
1785142638966354917,[0.08260974 0.00833929 0.00155398],[3.5620549e-05 3.4124143e-05 3.8166151e-03],1,[ 0.52740914  7.0519686  -4.9478064 ],[0.13172854 0.1285319  0.09069259],[ 0.9999462   0.00415984 -0.00916108  0.00256322],0,7,1785142638958543,1785142638958543,[ 0.00564564 -0.58359015  0.05265113],1,[0.02740798 0.02172062 0.00618664]
1785142638974369023,[0.07754972 0.00993715 0.00261927],[3.5643297e-05 3.4443525e-05 3.8163629e-03],1,[ 0.5273205  7.046634  -4.948055 ],[0.13231812 0.12906574 0.09096266],[ 0.9999451   0.00447212 -0.00912291  0.00257159],0,7,1785142638966543,1785142638966543,[ 0.00678659 -0.5807028   0.05333989],1,[0.02745458 0.02182395 0.00619746]
1785142638986371946,[0.0780701  0.00888787 0.00341282],[3.3833749e-05 3.3836288e-05 3.6682037e-03],1,[ 0.52674234  7.032446   -4.9522195 ],[0.1084527  0.10708887 0.08213393],[ 0.9999429   0.00508186 -0.00903826  0.00258086],0,7,1785142638982543,1785142638982543,[ 0.00845194 -0.5769989   0.05353729],1,[0.02037834 0.01705132 0.0057503 ]
1785142638994417301,[0.0748743  0.01101839 0.00314655],[3.3853430e-05 3.4175850e-05 3.6679325e-03],1,[ 0.52648044  7.025454   -4.954201  ],[0.10886343 0.10747994 0.08237495],[ 0.9999419   0.00537777 -0.00898964  0.00257645],0,7,1785142638990543,1785142638990543,[ 0.00943183 -0.57519436  0.05357895],1,[0.02041805 0.01713546 0.00576093]
1785142639006382193,[0.07114588 0.01048572 0.00421178],[3.3875647e-05 3.4518289e-05 3.6676568e-03],1,[ 0.526236   7.0185304 -4.9561114],[0.10927688 0.10787363 0.08261675],[ 0.9999408   0.00565459 -0.00894117  0.00257386],0,7,1785142638998543,1785142638998543,[ 0.01018771 -0.5729177   0.05356978],1,[0.02045795 0.01721957 0.00577155]
1785142639014385979,[0.06928167 0.01368152 0.00580972],[3.3883400e-05 3.4866844e-05 3.6673874e-03],1,[ 0.5260084  7.011675  -4.9579515],[0.10969305 0.10826995 0.08285937],[ 0.9999397   0.00592342 -0.00888379  0.00257854],0,7,1785142639006543,1785142639006543,[ 0.01104508 -0.5708274   0.05364199],1,[0.02049879 0.0173045  0.00578217]
1785142639026439955,[0.06102586 0.01394787 0.00607601],[3.3921984e-05 3.5575180e-05 3.6668156e-03],1,[ 0.52560323  6.99816    -4.96143   ],[0.1105336  0.10907058 0.08334699],[ 0.9999377   0.00640381 -0.00876571  0.00258846],0,7,1785142639022543,1785142639022543,[ 0.01261545 -0.56649387  0.05354984],1,[0.02058282 0.01747533 0.00580342]
1785142639034495926,[0.06502019 0.01421396 0.00288096],[3.3946773e-05 3.5915011e-05 3.6657411e-03],1,[ 0.52542526  6.9915004  -4.9630733 ],[0.11095773 0.10947479 0.08359201],[ 0.9999367   0.00664899 -0.00870272  0.00258491],0,7,1785142639030543,1785142639030543,[ 0.01353069 -0.5644253   0.05365419],1,[0.02062448 0.01756116 0.00581403]
1785142639046373774,[0.06528653 0.01234977 0.00075041],[3.3970482e-05 3.6265479e-05 3.6654451e-03],1,[ 0.5252637  6.984903  -4.9646873],[0.11138485 0.10988182 0.08327305],[ 0.9999355   0.00690224 -0.00864514  0.00257508],0,7,1785142639038543,1785142639038543,[ 0.01435704 -0.5621575   0.05381897],1,[0.0206688  0.01764751 0.00580562]
1785142639054400511,[0.0666181  0.0155455  0.00181575],[3.3994125e-05 3.6605066e-05 3.6651704e-03],1,[ 0.5251186  6.978369  -4.9662385],[0.11181474 0.11029157 0.08351803],[ 0.9999344   0.00716143 -0.0085812   0.00256408],0,7,1785142639046543,1785142639046543,[ 0.01534385 -0.55962193  0.05399344],1,[0.02071373 0.01773421 0.00581624]
1785142639066394184,[0.06794968 0.0110182  0.00288097],[3.4017885e-05 3.7259360e-05 3.6646717e-03],1,[ 0.5248786  6.965488  -4.9691577],[0.11268282 0.11111928 0.08401039],[ 0.9999316   0.00766019 -0.00847071  0.0025585 ],0,7,1785142639062572,1785142639062572,[ 0.01730187 -0.5546987   0.05483671],1,[0.02080645 0.01790836 0.00583748]
1785142639074372113,[0.06741706 0.01421395 0.00021782],[3.4023986e-05 3.7580980e-05 3.6644335e-03],1,[ 0.52478373  6.959139   -4.970526  ],[0.11312103 0.11153728 0.08425778],[ 0.99993     0.00792226 -0.00840957  0.00254448],0,7,1785142639070572,1785142639070572,[ 0.01836333 -0.5522778   0.055296  ],1,[0.02085442 0.01799594 0.00584811]
1785142639086395301,[0.07194443 0.01581185 0.00048415],[3.4037483e-05 3.7889215e-05 3.6642009e-03],1,[ 0.52470464  6.9528484  -4.9718366 ],[0.11356202 0.11195806 0.08450598],[ 0.9999285   0.00819501 -0.00834367  0.00253185],0,7,1785142639078572,1785142639078572,[ 0.01921644 -0.54983205  0.05575886],1,[0.02090278 0.01808396 0.00585873]
1785142639094389126,[0.07753707 0.01341499 0.00075037],[3.4043813e-05 3.8201328e-05 3.6639711e-03],1,[ 0.5246405  6.9466166 -4.9730906],[0.1140058  0.11238165 0.084755  ],[ 0.99992657  0.00849073 -0.00827989  0.00251958],0,7,1785142639086572,1785142639086572,[ 0.02010084 -0.54721725  0.05614047],1,[0.02095209 0.01817213 0.00586935]
1785142639106440816,[0.08046646 0.01341492 0.00208213],[3.4042609e-05 3.8815990e-05 3.6627024e-03],1,[ 0.52455825  6.93433    -4.975428  ],[0.11490148 0.11323715 0.08467148],[ 0.999922    0.00912046 -0.00815519  0.00251766],0,7,1785142639102572,1785142639102572,[ 0.02197501 -0.5417815   0.0573214 ],1,[0.02105252 0.01834982 0.0058708 ]
1785142639114669327,[0.08073278 0.01288228 0.00314744],[3.4045785e-05 3.9132156e-05 3.6624726e-03],1,[ 0.5245401  6.928274  -4.9765105],[0.1153537  0.11366923 0.08492122],[ 0.9999196   0.00943219 -0.00809906  0.00251769],0,7,1785142639110572,1785142639110572,[ 0.02294119 -0.5387604   0.05834872],1,[0.02110458 0.01843926 0.00588141]
1785142639126384938,[0.08632541 0.01314857 0.00234848],[3.4045355e-05 3.9436494e-05 3.6622584e-03],1,[ 0.524536   6.9222775 -4.977537 ],[0.11580874 0.11410418 0.08517177],[ 0.9999169   0.00976422 -0.00804073  0.00251324],0,7,1785142639118572,1785142639118572,[ 0.02367999 -0.53559357  0.05933283],1,[0.02115675 0.01852899 0.00589202]
1785142639134508137,[0.0860591  0.01261592 0.00474533],[3.4042387e-05 3.9740113e-05 3.6620488e-03],1,[ 0.5245454  6.9163394 -4.978511 ],[0.11626661 0.11454201 0.08542313],[ 0.99991393  0.01009995 -0.00798464  0.00251743],0,7,1785142639126572,1785142639126572,[ 0.02452917 -0.5325258   0.06019277],1,[0.02120881 0.01861892 0.0059026 ]
1785142639146384322,[0.09032016 0.01234965 0.00288113],[3.4037803e-05 4.0351613e-05 3.6616249e-03],1,[ 0.5246038  6.9046373 -4.9803023],[0.11719086 0.1154264  0.08592831],[ 0.9999075   0.01080005 -0.00787356  0.00251398],0,7,1785142639142572,1785142639142572,[ 0.02590019 -0.52621657  0.06227601],1,[0.021319   0.01880036 0.00592382]
1785142639154369287,[0.08818962 0.00968649 0.00128315],[3.4033306e-05 4.0640996e-05 3.6614316e-03],1,[ 0.5246512  6.8988714 -4.981121 ],[0.11765727 0.11587299 0.08618213],[ 0.99990416  0.01114758 -0.00782462  0.00250872],0,7,1785142639150572,1785142639150572,[ 0.02666046 -0.5233995   0.06343573],1,[0.02137362 0.01889136 0.0059344 ]
1785142639166443968,[0.08898862 0.01021909 0.00154955],[3.4021145e-05 4.0924955e-05 3.6612386e-03],1,[ 0.52471125  6.89316    -4.9819374 ],[0.11812654 0.11632251 0.08583656],[ 0.99990064  0.01149377 -0.0077801   0.00250233],0,7,1785142639158572,1785142639158572,[ 0.02742974 -0.5203743   0.06444716],1,[0.02143035 0.0189827  0.00592458]
1785142639174330155,[0.08765703 0.00968647 0.00128322],[3.4007688e-05 4.1191346e-05 3.6610768e-03],1,[ 0.52478373  6.8875046  -4.982703  ],[0.11859868 0.11677502 0.08609026],[ 0.99989694  0.01184127 -0.00773626  0.00249655],0,7,1785142639166572,1785142639166572,[ 0.02812539 -0.51703507  0.06567017],1,[0.02148848 0.01907436 0.00593518]
1785142639186416923,[0.08898851 0.01048571 0.00421307],[3.3972832e-05 4.1702478e-05 3.6599475e-03],1,[ 0.5249653  6.8763657 -4.984088 ],[0.11955124 0.11768889 0.08660011],[ 0.9998893   0.01253102 -0.0076363   0.00249153],0,7,1785142639182572,1785142639182572,[ 0.02970517 -0.51007175  0.06761603],1,[0.02160745 0.01925882 0.00595638]
1785142639194549633,[0.08472744 0.01235004 0.00048468],[3.3959757e-05 4.1980038e-05 3.6597759e-03],1,[ 0.52507496  6.8708806  -4.984711  ],[0.12003206 0.11815041 0.08685628],[ 0.99988544  0.01286636 -0.00758388  0.00248951],0,7,1785142639190572,1785142639190572,[ 0.03041601 -0.5068126   0.06852303],1,[0.0216685  0.01935141 0.00596698]
1785142639206475738,[0.08446112 0.00942046 0.00021828],[3.3941084e-05 4.2265485e-05 3.6596025e-03],1,[ 0.5251964  6.8654513 -4.985291 ],[0.12051578 0.11861497 0.08711327],[ 0.99988145  0.01319562 -0.00753738  0.00247934],0,7,1785142639198572,1785142639198572,[ 0.03123471 -0.503312    0.06931184],1,[0.02172972 0.01944455 0.00597756]
1785142639214422548,[0.08366216 0.00942049 0.00128364],[3.3924756e-05 4.2534193e-05 3.6594435e-03],1,[ 0.5253305  6.8600783 -4.9858274],[0.12100242 0.11908259 0.08737109],[ 0.9998774  0.0135304 -0.0074975  0.002476 ],0,7,1785142639206572,1785142639206572,[ 0.03204049 -0.49993655  0.07025351],1,[0.02179272 0.01953793 0.00598817]
1785142639226418687,[ 0.07806954  0.01261631 -0.00031426],[3.3920034e-05 4.2821895e-05 3.6592546e-03],1,[ 0.5254773  6.8547587 -4.986322 ],[0.12149199 0.11955328 0.08762974],[ 0.9998736   0.01383718 -0.00744551  0.0024683 ],0,7,1785142639214572,1785142639214572,[ 0.03307243 -0.49661076  0.07093161],1,[0.02185635 0.01963143 0.00599877]
1785142639234524317,[ 0.07966744  0.00995323 -0.00217848],[3.3883131e-05 4.3424152e-05 3.6588653e-03],1,[ 0.52581275  6.8442874  -4.987251  ],[0.12247997 0.12050391 0.08752722],[ 0.99986535  0.01446791 -0.00735372  0.00245911],0,7,1785142639230572,1785142639230572,[ 0.03496407 -0.48923936  0.07231647],1,[0.02198826 0.01981944 0.00599879]
1785142639246509862,[0.07460745 0.01155098 0.00021834],[3.3864777e-05 4.3757409e-05 3.6586449e-03],1,[ 0.52599835  6.839135   -4.9876556 ],[0.1229784  0.12098392 0.08778653],[ 0.99986136  0.01476685 -0.0073032   0.00244959],0,7,1785142639238572,1785142639238572,[ 0.0356376  -0.48544416  0.07310519],1,[0.02205549 0.01991393 0.00600939]
1785142639254498104,[ 0.07540637  0.00968689 -0.00084677],[3.3846154e-05 4.4101816e-05 3.6575750e-03],1,[ 0.5261952  6.8340397 -4.9880223],[0.1234794  0.12146693 0.08804666],[ 0.9998573   0.01506071 -0.00726138  0.00244143],0,7,1785142639246572,1785142639246572,[ 0.03639294 -0.48158044  0.07367405],1,[0.0221233  0.02000871 0.00601998]
1785142639266383840,[0.07008004 0.01181739 0.00261529],[3.3818789e-05 4.4818593e-05 3.6570725e-03],1,[ 0.5266254  6.8240166 -4.988648 ],[0.12449118 0.12244272 0.08856945],[ 0.99984914  0.01564622 -0.00715065  0.0024411 ],0,7,1785142639262572,1785142639262572,[ 0.03830325 -0.47368553  0.07501536],1,[0.02226171 0.02019878 0.00604117]
1785142639274465097,[0.06715058 0.01101848 0.00021846],[3.3805958e-05 4.5200970e-05 3.6567976e-03],1,[ 0.5268592  6.81909   -4.988907 ],[0.12500158 0.1229354  0.0888321 ],[ 0.9998452   0.01591243 -0.00710138  0.00243918],0,7,1785142639270572,1785142639270572,[ 0.0391378  -0.46954027  0.07572407],1,[0.02233175 0.02029389 0.00605175]
1785142639286422871,[ 6.8215862e-02  9.6868686e-03 -4.7819427e-05],[3.3795430e-05 4.5590372e-05 3.6564993e-03],1,[ 0.52710396  6.81422    -4.9891777 ],[0.12551498 0.12343125 0.08845802],[ 0.9998412   0.0161789  -0.00706123  0.0024333 ],0,7,1785142639278572,1785142639278572,[ 0.03984525 -0.46548286  0.0764208 ],1,[0.02240352 0.0203895  0.00604048]
1785142639294402233,[0.06901482 0.01181742 0.00048482],[3.3783734e-05 4.5997363e-05 3.6561978e-03],1,[ 0.52735907  6.809405   -4.9894137 ],[0.1260314  0.12393036 0.08872046],[ 0.99983716  0.01645248 -0.00701275  0.00243239],0,7,1785142639286572,1785142639286572,[ 0.04054205 -0.4616769   0.07701469],1,[0.02247621 0.02048535 0.00605106]
1785142639306417844,[ 0.05703059  0.00888792 -0.00111313],[3.3770237e-05 4.6823625e-05 3.6555738e-03],1,[ 0.52789944  6.7999353  -4.989785  ],[0.12707336 0.12493834 0.08924784],[ 0.99982977  0.01693647 -0.00692623  0.00241686],0,7,1785142639302572,1785142639302572,[ 0.04195704 -0.4535879   0.07814048],1,[0.02262644 0.02067735 0.00607227]
1785142639314469947,[0.05596533 0.00968684 0.00234904],[3.3768953e-05 4.7238558e-05 3.6552555e-03],1,[ 0.52818507  6.795285   -4.989925  ],[0.12759894 0.12544724 0.0895128 ],[ 0.99982625  0.01715635 -0.00688897  0.00241879],0,7,1785142639310572,1785142639310572,[ 0.04265094 -0.4491052   0.07838633],1,[0.0227034  0.02077408 0.00608288]
1785142639326376739,[0.04930771 0.01288252 0.00447908],[3.3766184e-05 4.7649046e-05 3.6540844e-03],1,[ 0.52848214  6.790692   -4.9900365 ],[0.12812714 0.12595929 0.08977858],[ 0.99982303  0.01735872 -0.00683822  0.00243293],0,7,1785142639318572,1785142639318572,[ 0.04343398 -0.44481882  0.0785936 ],1,[0.02278029 0.02087078 0.00609346]
1785142639334399868,[0.04824244 0.01527942 0.00154958],[3.3757933e-05 4.8063048e-05 3.6537745e-03],1,[ 0.5287896  6.7861543 -4.990119 ],[0.1286589  0.12647481 0.09004522],[ 0.99982005  0.01754752 -0.00677684  0.00244244],0,7,1785142639326572,1785142639326572,[ 0.04422573 -0.44047138  0.07908142],1,[0.02285845 0.02096798 0.00610404]
1785142639346462262,[ 0.04158458  0.01448044 -0.00058095],[3.3745953e-05 4.8908325e-05 3.6531170e-03],1,[ 0.52943265  6.7772408  -4.9902415 ],[0.12973173 0.12751584 0.08992212],[ 0.99981457  0.01790508 -0.00666305  0.00243561],0,7,1785142639342572,1785142639342572,[ 0.0452801  -0.43220747  0.07938579],1,[0.02301954 0.02116391 0.00610257]
1785142639354413262,[ 0.03892142  0.01820887 -0.00058094],[3.3742239e-05 4.9320726e-05 3.6528043e-03],1,[ 0.52976656  6.7728643  -4.9902835 ],[0.13027284 0.12804142 0.09018934],[ 0.99981225  0.01806038 -0.00659174  0.00243395],0,7,1785142639350572,1785142639350572,[ 0.0459791  -0.42793983  0.07961332],1,[0.02310178 0.02126252 0.00611316]
1785142639366387152,[0.03812248 0.0126162  0.00181584],[3.3744524e-05 4.9742153e-05 3.6524769e-03],1,[ 0.53011054  6.7685423  -4.9902987 ],[0.13081709 0.1285704  0.09045741],[ 0.9998099   0.01821053 -0.00653394  0.00243659],0,7,1785142639358572,1785142639358572,[ 0.04678733 -0.4234272   0.08000922],1,[0.02318555 0.02136132 0.00612376]
1785142639374374331,[0.03359509 0.0152794  0.00208222],[3.3736113e-05 5.0134015e-05 3.6521901e-03],1,[ 0.53046465  6.7642765  -4.9902873 ],[0.1313645  0.12910278 0.09072632],[ 0.9998078   0.01834853 -0.00647534  0.00244746],0,7,1785142639366572,1785142639366572,[ 0.04749845 -0.41884738  0.08038214],1,[0.02327093 0.02146107 0.00613437]
1785142639386458463,[ 0.03145339  0.01529199 -0.00218284],[3.1593019e-05 4.9452323e-05 3.6261447e-03],1,[ 0.5304838  6.752742  -4.993934 ],[0.10865372 0.10713486 0.0824856 ],[ 0.999804    0.01859276 -0.00634299  0.0024317 ],0,7,1785142639382572,1785142639382572,[ 0.04795805 -0.41192308  0.08014402],1,[0.01794466 0.01681271 0.00571497]
1785142639394504653,[0.03118705 0.01582457 0.00074686],[3.1582564e-05 4.9834314e-05 3.6249813e-03],1,[ 0.5305147  6.7471004 -4.995681 ],[0.10904787 0.10752594 0.08217729],[ 0.99980235  0.01870958 -0.00627311  0.00241462],0,7,1785142639390572,1785142639390572,[ 0.04818581 -0.40832472  0.07991432],1,[0.01801655 0.01689338 0.00570701]
1785142639406424574,[ 0.02479545  0.01955303 -0.00244888],[3.1581800e-05 5.0224455e-05 3.6246881e-03],1,[ 0.53055936  6.7415414  -4.9973583 ],[0.10944467 0.10791973 0.08241813],[ 0.99980104  0.01880952 -0.0061958   0.00239343],0,7,1785142639398572,1785142639398572,[ 0.04851229 -0.40474     0.07965103],1,[0.01808991 0.01697471 0.00571744]
1785142639414403455,[0.02506178 0.02061826 0.00101317],[3.1569376e-05 5.0628834e-05 3.6243915e-03],1,[ 0.53061837  6.736064   -4.9989686 ],[0.1098438  0.10831612 0.08265976],[ 0.9997999   0.01889833 -0.00610648  0.00237904],0,7,1785142639406572,1785142639406572,[ 0.04907954 -0.4009558   0.07959349],1,[0.01816453 0.01705655 0.00572787]
1785142639426396677,[0.02026808 0.01449302 0.00021422],[3.1551841e-05 5.1370094e-05 3.6238583e-03],1,[ 0.5307822  6.725352  -5.0019937],[0.11064909 0.10911679 0.08314539],[ 0.99979764  0.0190646  -0.00596559  0.00236184],0,7,1785142639422572,1785142639422572,[ 0.05005779 -0.3934658   0.07939661],1,[0.01831698 0.01722095 0.00574873]
1785142639434512320,[ 1.5740711e-02  1.5558268e-02 -5.2068412e-05],[3.1552252e-05 5.1734634e-05 3.6235880e-03],1,[ 0.53088474  6.720113   -5.0034113 ],[0.11105528 0.10952109 0.08338939],[ 0.9997969   0.0191256  -0.0059005   0.00234586],0,7,1785142639430572,1785142639430572,[ 0.05050411 -0.3900278   0.07934243],1,[0.01839524 0.01730327 0.00575916]
1785142639446500961,[ 0.01627334  0.01156353 -0.00031841],[3.1546060e-05 5.2109775e-05 3.6233151e-03],1,[ 0.53100127  6.7149487  -5.0047684 ],[0.11146386 0.10992806 0.0836342 ],[ 0.99979633  0.01918033 -0.00584561  0.00233037],0,7,1785142639438572,1785142639438572,[ 0.0510837  -0.38652906  0.07923661],1,[0.01847518 0.01738593 0.00576962]
1785142639454423820,[0.02000179 0.01289511 0.00021423],[3.1541858e-05 5.2459884e-05 3.6230530e-03],1,[ 0.53113204  6.7098603  -5.006094  ],[0.11187484 0.11033769 0.08331446],[ 0.9997953   0.01925167 -0.00579024  0.0023157 ],0,7,1785142639446572,1785142639446572,[ 0.05160864 -0.3826543   0.07949078],1,[0.01855629 0.01746868 0.00576108]
1785142639466421532,[0.02293142 0.01236254 0.00181184],[3.1540640e-05 5.3085045e-05 3.6217393e-03],1,[ 0.5314343  6.699905  -5.0085654],[0.11270373 0.11116499 0.08380472],[ 0.999793    0.01940627 -0.00567019  0.00229518],0,7,1785142639462572,1785142639462572,[ 0.05255259 -0.3752624   0.08008422],1,[0.01872171 0.01763581 0.00578193]
1785142639474574446,[0.02479563 0.01076465 0.00021395],[3.1533273e-05 5.3373602e-05 3.6215538e-03],1,[ 0.53160346  6.6950364  -5.009712  ],[0.11312198 0.11158278 0.08405105],[ 0.99979156  0.01949334 -0.00562191  0.00228494],0,7,1785142639470572,1785142639470572,[ 0.05292821 -0.3714675   0.0804428 ],1,[0.0188067  0.01772002 0.00579237]
1785142639486383763,[0.0274588  0.01076462 0.00340974],[3.1516767e-05 5.3645857e-05 3.6213954e-03],1,[ 0.531785   6.6902404 -5.0108037],[0.11354268 0.11200332 0.08429819],[ 0.99978983  0.01959856 -0.00557319  0.00227919],0,7,1785142639478572,1785142639478572,[ 0.05336175 -0.36749896  0.08064184],1,[0.01889281 0.01780436 0.00580281]
1785142639494464439,[0.02612721 0.00836783 0.00074658],[3.1504507e-05 5.3919583e-05 3.6212311e-03],1,[ 0.5319775  6.685517  -5.01184  ],[0.11396585 0.11242662 0.08454613],[ 0.99978817  0.01969642 -0.00553308  0.00227494],0,7,1785142639486572,1785142639486572,[ 0.053657   -0.3634121   0.08117993],1,[0.0189806  0.01788883 0.00581327]
1785142639506413955,[0.03171986 0.01129727 0.00181183],[3.1463744e-05 5.4400152e-05 3.6209861e-03],1,[ 0.5323948  6.676281  -5.0137463],[0.11481968 0.11328156 0.08504442],[ 0.9997844   0.01991364 -0.0054351   0.00225386],0,7,1785142639502572,1785142639502572,[ 0.05443728 -0.35562903  0.08242041],1,[0.01916016 0.01805869 0.00583419]
1785142639514593748,[0.03118723 0.00996571 0.00074658],[3.1449345e-05 5.4625081e-05 3.6208590e-03],1,[ 0.53262097  6.671767   -5.0146365 ],[0.11525036 0.11371322 0.08471026],[ 0.99978226  0.02003299 -0.00539073  0.00224633],0,7,1785142639510572,1785142639510572,[ 0.05496287 -0.35160023  0.0831278 ],1,[0.01925161 0.01814421 0.0058249 ]
1785142639526444787,[ 0.0306546   0.01076465 -0.00111763],[3.1435116e-05 5.4833698e-05 3.6207619e-03],1,[ 0.53285795  6.6673207  -5.0154743 ],[0.11568358 0.11414772 0.08495969],[ 0.9997803   0.02014871 -0.00534354  0.00222935],0,7,1785142639518572,1785142639518572,[ 0.05531136 -0.34775978  0.08380122],1,[0.01934446 0.01822994 0.00583534]
1785142639534498012,[0.03464935 0.01129728 0.00048026],[3.1415140e-05 5.5026605e-05 3.6206862e-03],1,[ 0.5331057  6.662941  -5.01626  ],[0.11611933 0.11458506 0.08520994],[ 0.999778    0.02027722 -0.00529382  0.00221841],0,7,1785142639526572,1785142639526572,[ 0.05582426 -0.34378925  0.08456237],1,[0.01943886 0.01831554 0.0058458 ]
1785142639546464125,[0.03198632 0.0094331  0.00021372],[3.1373085e-05 5.5397701e-05 3.6196862e-03],1,[ 0.53363377  6.6543794  -5.0176783 ],[0.11699823 0.11546822 0.08571284],[ 0.9997734   0.02053031 -0.005194    0.00219685],0,7,1785142639542572,1785142639542572,[ 0.05652771 -0.3359344   0.08636235],1,[0.0196315  0.01848778 0.00586671]
1785142639554642786,[0.03092105 0.01236259 0.00021377],[3.1346281e-05 5.5566426e-05 3.6196427e-03],1,[ 0.5339119  6.6501966 -5.0183134],[0.11744174 0.11591419 0.08596551],[ 0.9997712   0.02064971 -0.00514403  0.00218662],0,7,1785142639550572,1785142639550572,[ 0.05684996 -0.3317335   0.08709883],1,[0.01973006 0.01857456 0.00587718]
1785142639566476978,[0.03571475 0.00863415 0.00207792],[3.1310345e-05 5.5719956e-05 3.6196248e-03],1,[ 0.5341995  6.646081  -5.018901 ],[0.11788788 0.11636306 0.086219  ],[ 0.99976873  0.02077942 -0.00510014  0.00218211],0,7,1785142639558572,1785142639558572,[ 0.057229   -0.32736206  0.0880523 ],1,[0.01982987 0.01866192 0.00588764]
1785142639574510640,[ 0.03544845  0.00650366 -0.00085152],[3.1287291e-05 5.5875629e-05 3.6195766e-03],1,[ 0.5344969  6.6420317 -5.01948  ],[0.11833664 0.11681481 0.08587258],[ 0.99976605  0.02091949 -0.00506956  0.00217196],0,7,1785142639566572,1785142639566572,[ 0.05760916 -0.3231645   0.08890318],1,[0.01993113 0.01874959 0.00587775]
1785142639586511850,[ 0.03491582  0.00463944 -0.00085153],[3.1253167e-05 5.6127756e-05 3.6195556e-03],1,[ 0.5351197  6.6341276 -5.020502 ],[0.11924216 0.11772723 0.08638006],[ 0.9997605   0.02119229 -0.00501827  0.00214703],0,7,1785142639582572,1785142639582572,[ 0.05839729 -0.31473553  0.09032301],1,[0.02013754 0.0189252  0.00589871]
1785142639594498568,[ 0.03438319  0.00543838 -0.00138416],[3.1244927e-05 5.6235640e-05 3.6195547e-03],1,[ 0.5354455  6.6302724 -5.020946 ],[0.11969896 0.11818789 0.08663503],[ 0.9997578   0.02132819 -0.00499223  0.0021323 ],0,7,1785142639590572,1785142639590572,[ 0.05878926 -0.31055704  0.09110001],1,[0.02024278 0.01901378 0.0059092 ]
1785142639606547593,[0.03225266 0.00756888 0.00101271],[3.1236399e-05 5.6365971e-05 3.6195319e-03],1,[ 0.5357801  6.626479  -5.0213475],[0.12015849 0.11865153 0.08689082],[ 0.9997553   0.02145198 -0.00496221  0.00212388],0,7,1785142639598572,1785142639598572,[ 0.05904469 -0.30651084  0.09169497],1,[0.02034926 0.0191023  0.00591968]
1785142639614518016,[ 0.03251893  0.00836789 -0.00031878],[3.1219999e-05 5.6480316e-05 3.6186925e-03],1,[ 0.536123   6.622748  -5.0217075],[0.12062041 0.11911806 0.08714741],[ 0.99975276  0.02158018 -0.00492541  0.00211766],0,7,1785142639606572,1785142639606572,[ 0.05938854 -0.3024164   0.09238602],1,[0.02045676 0.01919121 0.00593018]
1785142639626535541,[ 0.03038841  0.00916683 -0.00085142],[3.1207630e-05 5.6780187e-05 3.6186047e-03],1,[ 0.5368358  6.6154704 -5.0223055],[0.1215532  0.12006041 0.08766308],[ 0.99974793  0.02182165 -0.0048383   0.0021042 ],0,7,1785142639622572,1785142639622572,[ 0.06020169 -0.2938373   0.09368632],1,[0.02067615 0.0193689  0.00595118]
1785142639634570336,[ 0.02639371  0.01156369 -0.00218299],[3.1204985e-05 5.6956858e-05 3.6185158e-03],1,[ 0.53720516  6.6119256  -5.0226035 ],[0.12202378 0.12053612 0.08730121],[ 0.99974597  0.0219259  -0.00479055  0.0020909 ],0,7,1785142639630572,1785142639630572,[ 0.06056134 -0.2895479   0.09419843],1,[0.02078814 0.01945835 0.00594055]
1785142639646424081,[ 0.02745898  0.00783523 -0.00271565],[3.1209471e-05 5.7123172e-05 3.6184457e-03],1,[ 0.5375829  6.6084414 -5.022864 ],[0.12249717 0.12101494 0.08755926],[ 0.99974394  0.02203145 -0.00475179  0.00206993],0,7,1785142639638572,1785142639638572,[ 0.06085182 -0.28542277  0.09470415],1,[0.02090136 0.01954767 0.00595104]
1785142639654468707,[0.0245295  0.00863419 0.00074648],[3.1209041e-05 5.7293531e-05 3.6183768e-03],1,[ 0.5379675  6.605017  -5.023087 ],[0.1229734  0.12149684 0.08781813],[ 0.9997419   0.02212645 -0.00471619  0.00206523],0,7,1785142639646572,1785142639646572,[ 0.06102892 -0.2810638   0.09526847],1,[0.02101562 0.01963724 0.00596155]
1785142639666498600,[ 0.02160002  0.00623736 -0.00165038],[3.1204625e-05 5.7684294e-05 3.6181919e-03],1,[ 0.5387599  6.598352  -5.023422 ],[0.12393445 0.12246997 0.08833836],[ 0.9997385   0.02229463 -0.00465533  0.00204921],0,7,1785142639662572,1785142639662572,[ 0.06181722 -0.2720764   0.09651726],1,[0.02124842 0.01981796 0.00598257]
1785142639674550692,[0.01840423 0.00623734 0.00181174],[3.120276e-05 5.787753e-05 3.618101e-03],1,[ 0.5391693  6.5951104 -5.023538 ],[0.12441931 0.12296122 0.08859971],[ 0.99973696  0.02237096 -0.00462865  0.00204594],0,7,1785142639670572,1785142639670572,[ 0.06238304 -0.2677123   0.09661391],1,[0.02136664 0.01990844 0.0059931 ]
1785142639686480405,[0.01946964 0.00650366 0.00207787],[3.1196589e-05 5.8075217e-05 3.6171766e-03],1,[ 0.53958833  6.591929   -5.023652  ],[0.12490679 0.12345544 0.08822764],[ 0.9997355   0.02244209 -0.00460173  0.00205049],0,7,1785142639678572,1785142639678572,[ 0.06290482 -0.2633147   0.09716673],1,[0.02148592 0.01999927 0.00598198]
1785142639694471643,[0.02106753 0.00863419 0.00127892],[3.1191721e-05 5.8288719e-05 3.6170695e-03],1,[ 0.540016   6.588806  -5.0237327],[0.12539753 0.12395301 0.08848877],[ 0.9997338   0.02252354 -0.00456627  0.00205176],0,7,1785142639686572,1785142639686572,[ 0.06332029 -0.25894907  0.09761234],1,[0.02160671 0.02009028 0.0059925 ]
1785142639706539670,[0.018937   0.00410681 0.0010126 ],[3.1186002e-05 5.8691789e-05 3.6168762e-03],1,[ 0.540895  6.582737 -5.023796],[0.12638794 0.12495773 0.08901352],[ 0.99973077  0.02266832 -0.0045191   0.0020527 ],0,7,1785142639702572,1785142639702572,[ 0.06403945 -0.24986315  0.09864458],1,[0.02185277 0.02027292 0.00601356]
1785142639714535308,[0.01440963 0.01023208 0.00127894],[3.1187490e-05 5.8905091e-05 3.6167623e-03],1,[ 0.5413446  6.5797906 -5.023779 ],[0.12688765 0.12546489 0.08927715],[ 0.9997296   0.02272839 -0.00448292  0.00205394],0,7,1785142639710572,1785142639710572,[ 0.06426221 -0.24542275  0.09931817],1,[0.02197823 0.02036471 0.00602408]
1785142639726498765,[0.01254542 0.00916682 0.00207786],[3.1198913e-05 5.9133687e-05 3.6166261e-03],1,[ 0.54180074  6.5769005  -5.023731  ],[0.12739038 0.1259753  0.0895416 ],[ 0.9997286   0.02277846 -0.00444058  0.00205987],0,7,1785142639718572,1785142639718572,[ 0.06455263 -0.24129015  0.09962363],1,[0.02210484 0.02045686 0.00603461]
1785142639734479460,[0.01148015 0.00703629 0.00101261],[3.1212108e-05 5.9358725e-05 3.6164895e-03],1,[ 0.5422632  6.574066  -5.0236545],[0.12789617 0.12648897 0.08980688],[ 0.99972767  0.02282179 -0.00441259  0.00205992],0,7,1785142639726572,1785142639726572,[ 0.06478694 -0.23683353  0.09995762],1,[0.02223302 0.02054947 0.00604516]
1785142639746472993,[0.00428965 0.00916682 0.00047997],[3.1242900e-05 5.9806534e-05 3.6162029e-03],1,[ 0.5432099  6.568568  -5.0235076],[0.12891702 0.12752604 0.08968645],[ 0.9997269   0.02287635 -0.00433448  0.00205608],0,7,1785142639742572,1785142639742572,[ 0.06588837 -0.2279299   0.10042621],1,[0.02249308 0.0207353  0.00604395]
1785142639754546593,[0.00322441 0.01316153 0.00127889],[3.1252101e-05 5.9999071e-05 3.6153004e-03],1,[ 0.5436963  6.5659027 -5.0233936],[0.12943183 0.12804945 0.0899523 ],[ 0.9997268   0.022887   -0.00428455  0.00206122],0,7,1785142639750572,1785142639750572,[ 0.06632866 -0.22359657  0.10059366],1,[0.02262457 0.02082845 0.00605451]
1785142639766489174,[ 1.3601956e-03  1.1563630e-02 -5.2683492e-05],[3.1258482e-05 6.0212336e-05 3.6151840e-03],1,[ 0.5441904  6.5632915 -5.0232544],[0.1299501  0.1285763  0.09021901],[ 0.99972683  0.02289353 -0.00423404  0.00206038],0,7,1785142639758572,1785142639758572,[ 0.06677908 -0.2192336   0.10058467],1,[0.02275781 0.02092212 0.00606507]
1785142639774454545,[-0.00316718  0.01342784  0.00261048],[3.1258773e-05 6.0413178e-05 3.6150864e-03],1,[ 0.5446909  6.5607343 -5.023091 ],[0.13047159 0.12910648 0.09048655],[ 0.9997273   0.02288258 -0.00418383  0.00206772],0,7,1785142639766572,1785142639766572,[ 0.0670046  -0.21502085  0.10058542],1,[0.02289259 0.02101612 0.00607563]
1785142639786504642,[-0.00744218  0.01343912  0.0007434 ],[2.8717192e-05 5.7697405e-05 3.5871824e-03],1,[ 0.5451079  6.552383  -5.0263906],[0.10864776 0.10717114 0.08228735],[ 0.99972886  0.02283343 -0.00408037  0.00205384],0,7,1785142639782572,1785142639782572,[ 0.06676324 -0.2083308   0.09975944],1,[0.01783332 0.016514   0.00566614]
1785142639794554400,[-0.0127685   0.01343911  0.00100974],[2.8720669e-05 5.7876612e-05 3.5871009e-03],1,[ 0.5453309  6.548335  -5.0279365],[0.10902498 0.10756224 0.08252788],[ 0.9997304   0.0227813  -0.00401733  0.00204555],0,7,1785142639790572,1785142639790572,[ 0.06672423 -0.20517024  0.09951036],1,[0.01794552 0.01659089 0.00567657]
1785142639806605309,[-1.0904271e-02  1.2640170e-02 -5.5561628e-05],[2.8727343e-05 5.8040037e-05 3.5870224e-03],1,[ 0.54556423  6.54437    -5.029448  ],[0.10940451 0.10795586 0.08221866],[ 0.99973184  0.02272505 -0.00396492  0.00203349],0,7,1785142639798572,1785142639798572,[ 0.06677002 -0.20183134  0.09919534],1,[0.01805942 0.01666773 0.00566866]
1785142639814494202,[-0.00690953  0.01210754 -0.00165345],[2.8737313e-05 5.8195343e-05 3.5869610e-03],1,[ 0.5458075  6.540489  -5.0308948],[0.10978636 0.10835207 0.08245914],[ 0.99973303  0.02268861 -0.00390975  0.00201598],0,7,1785142639806572,1785142639806572,[ 0.06669851 -0.19814064  0.0988121 ],1,[0.01817467 0.01674511 0.00567908]
1785142639826455374,[-0.01649693  0.01397167  0.00127603],[2.8759152e-05 5.8459511e-05 3.5861130e-03],1,[ 0.5463238  6.532973  -5.033598 ],[0.11055681 0.10915214 0.08294246],[ 0.9997361   0.02256901 -0.0037911   0.00200235],0,7,1785142639822572,1785142639822572,[ 0.06684153 -0.191245    0.09828746],1,[0.01840945 0.01690161 0.00569993]
1785142639834482652,[-1.6496927e-02  1.1574829e-02 -5.5550132e-05],[2.8772687e-05 5.8588295e-05 3.5860729e-03],1,[ 0.54659617  6.529333   -5.0348563 ],[0.11094575 0.10955612 0.08318529],[ 0.999738    0.02249658 -0.00373901  0.00199148],0,7,1785142639830572,1785142639830572,[ 0.06683423 -0.18765382  0.09813713],1,[0.01852858 0.01698019 0.00571037]
1785142639846526555,[-1.0637967e-02  1.2640099e-02 -5.5561104e-05],[2.8779667e-05 5.8732032e-05 3.5860266e-03],1,[ 0.5468778  6.525773  -5.036054 ],[0.11133709 0.10996273 0.08342892],[ 0.99973947  0.02243912 -0.0036821   0.00197882],0,7,1785142639838572,1785142639838572,[ 0.06683255 -0.18391906  0.09813391],1,[0.01864897 0.01705891 0.00572082]
1785142639854489572,[-0.0095727   0.01077588 -0.00112082],[2.8790941e-05 5.8862373e-05 3.5859891e-03],1,[ 0.5471682  6.5222907 -5.037193 ],[0.11173087 0.11037198 0.08367334],[ 0.99974066  0.0223956  -0.00363582  0.00196399],0,7,1785142639846572,1785142639846572,[ 0.06687797 -0.18038334  0.09816654],1,[0.01877095 0.01713797 0.00573126]
1785142639866604381,[-0.0066432   0.01237379 -0.00032188],[2.8816845e-05 5.9107217e-05 3.5859151e-03],1,[ 0.54777694  6.515548   -5.039369  ],[0.11252579 0.1111984  0.08359701],[ 0.99974275  0.02232259 -0.00353592  0.00193503],0,7,1785142639862572,1785142639862572,[ 0.06710678 -0.17350197  0.09833372],1,[0.01901866 0.01729574 0.00573322]
1785142639874528623,[-0.00531162  0.01317274 -0.00032188],[2.8818808e-05 5.9205733e-05 3.5859186e-03],1,[ 0.54809403  6.5122876  -5.0403714 ],[0.11292699 0.11161564 0.08384214],[ 0.9997437   0.02229094 -0.00347753  0.00192204],0,7,1785142639870572,1785142639870572,[ 0.06704824 -0.16985613  0.09848149],1,[0.01914356 0.01737536 0.00574369]
1785142639886410039,[-2.6484579e-03  1.3971684e-02 -5.5562094e-05],[2.8830857e-05 5.9294922e-05 3.5859211e-03],1,[ 0.5484193  6.5090985 -5.0413175],[0.11333072 0.11203558 0.08408806],[ 0.99974436  0.02227265 -0.00341971  0.00191026],0,7,1785142639878572,1785142639878572,[ 0.06717233 -0.16645592  0.09887394],1,[0.01927068 0.01745512 0.00575415]
1785142639894514045,[-0.00398004  0.00891168  0.00074339],[2.8833179e-05 5.9371261e-05 3.5859465e-03],1,[ 0.5487534  6.505979  -5.0422087],[0.113737   0.11245822 0.08433478],[ 0.999745    0.02224909 -0.00337373  0.00190203],0,7,1785142639886572,1785142639886572,[ 0.06735615 -0.1630618   0.09926659],1,[0.01939913 0.01753552 0.00576462]
1785142639906430849,[0.00161275 0.00971098 0.00154236],[2.8831362e-05 5.9453887e-05 3.5853358e-03],1,[ 0.54945016  6.499946   -5.043831  ],[0.11455705 0.11331162 0.0848306 ],[ 0.9997454   0.02223999 -0.00330299  0.00188841],0,7,1785142639902572,1785142639902572,[ 0.06767322 -0.15587713  0.10016396],1,[0.01965904 0.01769773 0.00578558]
1785142639914536249,[0.00427591 0.00864571 0.00021078],[2.8826747e-05 5.9490041e-05 3.5854101e-03],1,[ 0.5498112  6.4970303 -5.0445633],[0.11497113 0.11374249 0.08507971],[ 0.9997455   0.02224696 -0.00326223  0.00188226],0,7,1785142639910572,1785142639910572,[ 0.06779543 -0.15261318  0.1005681 ],1,[0.01979122 0.0177792  0.00579606]
1785142639926516202,[0.00534121 0.00491729 0.00100972],[2.8822727e-05 5.9500642e-05 3.5854967e-03],1,[ 0.55018    6.4941797 -5.0452905],[0.11538786 0.11417609 0.08474463],[ 0.99974525  0.02226304 -0.00323426  0.00187539],0,7,1785142639918572,1785142639918572,[ 0.06788448 -0.14899155  0.10137166],1,[0.01992409 0.01786039 0.0057869 ]
1785142639934431504,[0.00427594 0.00784677 0.00314026],[2.8817845e-05 5.9507081e-05 3.5856012e-03],1,[ 0.5505555  6.491397  -5.045964 ],[0.11580727 0.11461253 0.08499362],[ 0.9997451   0.02227168 -0.00320486  0.00187507],0,7,1785142639926572,1785142639926572,[ 0.06789659 -0.14510596  0.10216151],1,[0.0200587  0.01794184 0.00579739]
1785142639946416478,[ 0.01120017  0.00518361 -0.00165343],[2.8804148e-05 5.9452454e-05 3.5858823e-03],1,[ 0.5513306  6.4860287 -5.0471616],[0.11665422 0.11549381 0.085494  ],[ 0.9997436   0.02235108 -0.00314808  0.00184363],0,7,1785142639942572,1785142639942572,[ 0.0684656  -0.13801001  0.10316951],1,[0.02033092 0.01810493 0.00581839]
1785142639954495650,[ 0.01199911  0.00651519 -0.00191975],[2.8801151e-05 5.9407073e-05 3.5860376e-03],1,[ 0.55172944  6.483439   -5.0476885 ],[0.11708181 0.11593869 0.0857454 ],[ 0.9997428   0.02238999 -0.00311803  0.00182932],0,7,1785142639950572,1785142639950572,[ 0.06829143 -0.1345464   0.1038828 ],1,[0.02046905 0.01818719 0.0058289 ]
1785142639966459888,[ 0.01652648  0.00624887 -0.00245239],[2.8795814e-05 5.9390426e-05 3.5861661e-03],1,[ 0.55213183  6.480912   -5.0481687 ],[0.11751219 0.11638643 0.0859976 ],[ 0.9997416   0.02244828 -0.00308739  0.00180905],0,7,1785142639958572,1785142639958572,[ 0.0679588  -0.13082874  0.10437953],1,[0.02060978 0.01826954 0.0058394 ]
1785142639974483027,[ 0.01412957  0.00731399 -0.0011206 ],[2.8787268e-05 5.9340804e-05 3.5856068e-03],1,[ 0.55253935  6.4784484  -5.048643  ],[0.11794515 0.1168369  0.08565295],[ 0.9997406   0.02250194 -0.00305759  0.00179711],0,7,1785142639966572,1785142639966572,[ 0.06802371 -0.12742662  0.10500392],1,[0.02075017 0.01835222 0.00582976]
1785142639986467600,[ 1.4662199e-02  4.9171415e-03 -5.5343757e-05],[2.8776240e-05 5.9206039e-05 3.5859663e-03],1,[ 0.55337095  6.4736996  -5.0494514 ],[0.11882003 0.11774674 0.08615787],[ 0.9997384   0.02260553 -0.00300319  0.00177309],0,7,1785142639982572,1785142639982572,[ 0.06779849 -0.12048726  0.10654276],1,[0.02103563 0.01851833 0.00585079]
1785142639994654960,[ 0.01439588  0.00544978 -0.00298483],[2.8770088e-05 5.9158981e-05 3.5861265e-03],1,[ 0.553793   6.471416  -5.0497894],[0.11926178 0.11820602 0.08641155],[ 0.9997374   0.02265655 -0.00297738  0.00175678],0,7,1785142639990572,1785142639990572,[ 0.06751691 -0.1167291   0.10690609],1,[0.02118094 0.01860161 0.0058613 ]
1785142640006512876,[ 0.01279799  0.00997715 -0.00138691],[2.8771436e-05 5.9131875e-05 3.5862587e-03],1,[ 0.554218   6.469194  -5.0500865],[0.11970644 0.11866822 0.08666603],[ 0.99973637  0.02270559 -0.00294003  0.00174374],0,7,1785142639998572,1785142639998572,[ 0.06719402 -0.11300336  0.10750001],1,[0.02132652 0.01868523 0.00587183]
1785142640014507667,[ 0.00880324  0.00624872 -0.0024522 ],[2.8770413e-05 5.9108788e-05 3.5863898e-03],1,[ 0.55464685  6.4670315  -5.050341  ],[0.12015403 0.11913337 0.08692133],[ 0.9997358   0.02274098 -0.00290591  0.00172613],0,7,1785142640006572,1785142640006572,[ 0.06721726 -0.10929817  0.10825516],1,[0.02147199 0.01876928 0.00588238]
1785142640026594895,[ 0.01199905  0.00518347 -0.0008543 ],[2.8761788e-05 5.9087266e-05 3.5866196e-03],1,[ 0.55552435  6.4628825  -5.0507493 ],[0.12105817 0.12007248 0.08682024],[ 0.9997343   0.02281162 -0.0028447   0.00172907],0,7,1785142640022572,1785142640022572,[ 0.06759448 -0.10220511  0.10979676],1,[0.02176956 0.01893749 0.00588268]
1785142640034511604,[0.00587378 0.00438451 0.00154255],[2.8755298e-05 5.9095735e-05 3.5867244e-03],1,[ 0.555972   6.4608946 -5.050904 ],[0.12151476 0.12054653 0.08707616],[ 0.99973375  0.02283845 -0.0028246   0.00172815],0,7,1785142640030572,1785142640030572,[ 0.06760467 -0.09849272  0.11047594],1,[0.02191873 0.01902209 0.00589323]
1785142640046479621,[ 0.00827091  0.0030527  -0.00058871],[2.8755450e-05 5.9086153e-05 3.5861684e-03],1,[ 0.55642366  6.4589653  -5.0510206 ],[0.12197423 0.1210235  0.0873329 ],[ 0.99973327  0.02286387 -0.00280767  0.00172215],0,7,1785142640038572,1785142640038572,[ 0.0676223  -0.09466131  0.11078322],1,[0.02206822 0.01910695 0.00590379]
1785142640054525513,[ 0.00880354  0.00491691 -0.00138766],[2.8768180e-05 5.9108799e-05 3.5862403e-03],1,[ 0.55688053  6.4570937  -5.051102  ],[0.12243697 0.12150357 0.08759046],[ 0.9997326   0.02289589 -0.00278868  0.00171243],0,7,1785142640046572,1785142640046572,[ 0.06769228 -0.0909028   0.11124677],1,[0.02222105 0.01919197 0.00591434]
1785142640066427716,[ 0.001613    0.00012322 -0.0003224 ],[2.8781307e-05 5.9184884e-05 3.5863658e-03],1,[ 0.55780756  6.453519   -5.051158  ],[0.1233718  0.12247282 0.08810801],[ 0.99973184  0.02293006 -0.00276244  0.00170209],0,7,1785142640062572,1785142640062572,[ 0.06756856 -0.08355009  0.11234973],1,[0.02252682 0.01936321 0.00593549]
1785142640074687047,[0.00187932 0.0014548  0.0012755 ],[2.8796463e-05 5.9241622e-05 3.5864026e-03],1,[ 0.5582776  6.4518147 -5.051133 ],[0.12384397 0.12296204 0.08836801],[ 0.9997317   0.02293487 -0.0027557   0.00170036],0,7,1785142640070602,1785142640070602,[ 0.0676118  -0.07984249  0.11294254],1,[0.02268223 0.01944877 0.00594606]
1785142640086555275,[ 2.4119648e-03  6.5585121e-04 -5.6081451e-05],[2.8810829e-05 5.9287373e-05 3.5864369e-03],1,[ 0.5587521  6.4501657 -5.0510936],[0.12431932 0.12345427 0.08799791],[ 0.9997316   0.02294146 -0.00275223  0.00169725],0,7,1785142640078602,1785142640078602,[ 0.06761444 -0.07619216  0.1134335 ],1,[0.02284011 0.01953431 0.00593521]
1785142640094505587,[1.5117577e-05 4.6505928e-03 1.0091821e-03],[2.8821443e-05 5.9375750e-05 3.5864471e-03],1,[ 0.55923116  6.448571   -5.0510216 ],[0.1247979  0.12394965 0.0882577 ],[ 0.99973166  0.02294073 -0.00273506  0.00169635],0,7,1785142640086602,1785142640086602,[ 0.06763761 -0.07249042  0.11373077],1,[0.02299834 0.01962105 0.00594579]
1785142640106501495,[-0.00131646  0.00465059  0.00367234],[2.8852621e-05 5.9558719e-05 3.5864504e-03],1,[ 0.5602007  6.44554   -5.050787 ],[0.12576488 0.12494978 0.08877975],[ 0.9997322   0.0229232  -0.0026954   0.00170343],0,7,1785142640102602,1785142640102602,[ 0.06753426 -0.06514326  0.11421698],1,[0.02331567 0.0197942  0.00596697]
1785142640114530882,[-0.00770806  0.00331907  0.00180823],[2.8862511e-05 5.9662183e-05 3.5858012e-03],1,[ 0.5606915  6.444104  -5.0506263],[0.12625316 0.12545447 0.089042  ],[ 0.9997328   0.02289682 -0.00268193  0.00170956],0,7,1785142640110602,1785142640110602,[ 0.06753097 -0.06130422  0.11452541],1,[0.02347663 0.01988026 0.00597756]
1785142640126476529,[-0.00957227  0.00012328 -0.00032228],[2.8875864e-05 5.9772254e-05 3.5857880e-03],1,[ 0.56118655  6.4427233  -5.050438  ],[0.12674497 0.1259624  0.08930509],[ 0.9997338   0.02285731 -0.0026742   0.00170705],0,7,1785142640118602,1785142640118602,[ 0.0676491  -0.05732029  0.11453409],1,[0.02363777 0.01996751 0.00598817]
1785142640134529467,[-0.00903964  0.00385171  0.00074296],[2.8887000e-05 5.9874455e-05 3.5857828e-03],1,[ 0.5616861  6.4413953 -5.050223 ],[0.12724017 0.12647352 0.089569  ],[ 0.9997347   0.02281741 -0.00266448  0.00170696],0,7,1785142640126602,1785142640126602,[ 0.06765801 -0.05366014  0.11481462],1,[0.02379953 0.02005452 0.00599879]
1785142640146529775,[-0.00903963  0.00225382 -0.00511598],[2.8921364e-05 6.0093116e-05 3.5857370e-03],1,[ 0.5626983  6.43889   -5.0497375],[0.12824082 0.12750523 0.08944925],[ 0.9997364   0.02274656 -0.0026314   0.00168222],0,7,1785142640142602,1785142640142602,[ 0.06787525 -0.04634001  0.11525056],1,[0.02413049 0.02022916 0.00599794]
1785142640154506896,[-0.01383332  0.00252015 -0.00058861],[2.8929084e-05 6.0196282e-05 3.5857363e-03],1,[ 0.5632094  6.4377136 -5.0494576],[0.12874636 0.12802595 0.08971374],[ 0.9997377   0.02269588 -0.00261906  0.00167272],0,7,1785142640150602,1785142640150602,[ 0.06764032 -0.04267401  0.1152959 ],1,[0.02429799 0.02031665 0.00600854]
1785142640166495308,[-0.01782806  0.0035854   0.00021033],[2.8938697e-05 6.0280050e-05 3.5857537e-03],1,[ 0.5637224  6.4365854 -5.0491533],[0.12925538 0.12854992 0.08997906],[ 0.9997393   0.0226256  -0.00260651  0.00167242],0,7,1785142640158602,1785142640158602,[ 0.06748694 -0.03929933  0.11553857],1,[0.02446633 0.02040506 0.00601916]
1785142640174684936,[-0.02102385  0.00491698  0.00100929],[2.8950375e-05 6.0352693e-05 3.5857810e-03],1,[ 0.5642387  6.4355054 -5.0488234],[0.12976795 0.12907715 0.09024521],[ 0.99974126  0.02254211 -0.00258612  0.00167406],0,7,1785142640166602,1785142640166602,[ 0.06770902 -0.03562145  0.11594455],1,[0.02463472 0.02049428 0.00602979]
1785142640186501220,[-0.02449802  0.00732127  0.0020736 ],[2.6261641e-05 5.5625733e-05 3.4899020e-03],1,[ 0.5649693  6.4309025 -5.0516872],[0.10842155 0.10719969 0.08209074],[ 0.9997456   0.02235165 -0.0025378   0.001673  ],0,7,1785142640182602,1785142640182602,[ 0.06775974 -0.02964026  0.11563321],1,[0.01899546 0.01615734 0.00562879]
1785142640194619762,[-0.02396538  0.00705493 -0.00085586],[2.6282974e-05 5.5690209e-05 3.4899167e-03],1,[ 0.56534487  6.428713   -5.0530357 ],[0.1087876  0.10759035 0.0817854 ],[ 0.999748    0.02224893 -0.0025049   0.00166592],0,7,1785142640190602,1785142640190602,[ 0.06785695 -0.02659272  0.11528955],1,[0.01913326 0.0162303  0.00562121]
1785142640206470171,[-0.02290012  0.006256   -0.00085587],[2.6302845e-05 5.5763594e-05 3.4899339e-03],1,[ 0.5657277  6.426595  -5.0543184],[0.10915616 0.10798353 0.08202399],[ 0.99975026  0.02215112 -0.00247729  0.00165466],0,7,1785142640198602,1785142640198602,[ 0.06785828 -0.02370516  0.11505193],1,[0.01927162 0.01630358 0.00563168]
1785142640214566644,[-0.02716118  0.0094518   0.00020938],[2.6321652e-05 5.5830249e-05 3.4899586e-03],1,[ 0.5661168  6.424548  -5.0555387],[0.10952727 0.10837922 0.08226337],[ 0.9997528   0.0220406  -0.00244026  0.00164747],0,7,1785142640206602,1785142640206602,[ 0.0677923  -0.02075515  0.1146185 ],1,[0.01941018 0.01637675 0.00564216]
1785142640226520059,[-0.02822644  0.00678862 -0.00058954],[2.6378355e-05 5.5903831e-05 3.4900499e-03],1,[ 0.5669095  6.420662  -5.0577965],[0.11027724 0.10917819 0.08274444],[ 0.99975795  0.02181502 -0.00237007  0.00163182],0,7,1785142640222602,1785142640222602,[ 0.06738394 -0.01485989  0.11434261],1,[0.01969151 0.01652413 0.00566313]
1785142640234508505,[-0.02929171  0.00812021 -0.00192115],[2.6408261e-05 5.5941422e-05 3.4900943e-03],1,[ 0.56731343  6.4188194  -5.0588355 ],[0.11065616 0.10958151 0.08298615],[ 0.99976075  0.02169092 -0.00233733  0.00161747],0,7,1785142640230602,1785142640230602,[ 0.06730797 -0.01197763  0.1141337 ],1,[0.0198334  0.01659822 0.00567363]
1785142640246596726,[-0.02636223  0.00678864  0.00047572],[2.6429494e-05 5.5968754e-05 3.4901574e-03],1,[ 0.5677229  6.4170423 -5.0598173],[0.11103773 0.10998739 0.08322864],[ 0.9997633   0.021577   -0.0023053   0.00161017],0,7,1785142640238602,1785142640238602,[ 0.06735948 -0.00907231  0.11399037],1,[0.01997677 0.01667272 0.00568413]
1785142640254565339,[-0.02689486  0.01264757 -0.00058959],[2.6448986e-05 5.5983117e-05 3.4902354e-03],1,[ 0.5681389  6.4153304 -5.0607433],[0.11142199 0.11039585 0.08347191],[ 0.99976575  0.02146685 -0.00226003  0.00160435],0,7,1785142640246602,1785142640246602,[ 0.06745114 -0.00602624  0.11385465],1,[0.02012008 0.01674731 0.00569464]
1785142640266626320,[-0.02662849  0.00758754 -0.00138857],[2.6490567e-05 5.5980465e-05 3.4898492e-03],1,[ 0.5689842  6.412097  -5.0624866],[0.1121985  0.11122046 0.08339601],[ 0.99977064  0.02124839 -0.00217419  0.00158341],0,7,1785142640262602,1785142640262602,[ 0.06706752 -0.00027254  0.11369329],1,[0.02041273 0.01689718 0.00569689]
1785142640274630210,[-0.02449796  0.00971809  0.00313878],[2.6517482e-05 5.5954395e-05 3.4899595e-03],1,[ 0.5694133  6.4105725 -5.0632787],[0.11259097 0.11163675 0.08363999],[ 0.9997729   0.02114535 -0.00213559  0.00158582],0,7,1785142640270602,1785142640270602,[0.06699115 0.00247625 0.11384359],1,[0.02056214 0.01697301 0.00570739]
1785142640286621478,[-0.02636218  0.00758752  0.00127459],[2.6543228e-05 5.5927521e-05 3.4900720e-03],1,[ 0.5698471  6.409107  -5.0640182],[0.11298622 0.11205568 0.08388477],[ 0.9997753   0.02103438 -0.00209971  0.00158877],0,7,1785142640278602,1785142640278602,[0.06691192 0.00529192 0.11398745],1,[0.02071046 0.01704871 0.00571791]
1785142640294602939,[-0.02423165  0.00785383 -0.00511702],[2.6560887e-05 5.5907582e-05 3.4901868e-03],1,[ 0.5702847  6.4077015 -5.064707 ],[0.11338431 0.11247727 0.08413033],[ 0.9997776   0.02093044 -0.00206762  0.00156775],0,7,1785142640286602,1785142640286602,[0.06674901 0.00822434 0.11418385],1,[0.02085901 0.01712497 0.00572844]
1785142640306551984,[-0.02316638  0.00865281 -0.00351911],[2.6584536e-05 5.5887358e-05 3.4902953e-03],1,[ 0.5707256  6.4063535 -5.065345 ],[0.11378524 0.11290151 0.08437669],[ 0.99977976  0.02083187 -0.00202966  0.00154588],0,7,1785142640294602,1785142640294602,[0.06652205 0.01098198 0.11431015],1,[0.02101025 0.0172013  0.00573897]
1785142640314656125,[-0.02103583  0.00758755 -0.0016549 ],[2.6607890e-05 5.5846504e-05 3.4904149e-03],1,[ 0.57117045  6.405062   -5.065982  ],[0.11418906 0.1133284  0.08404842],[ 0.9997818   0.02074078 -0.00199668  0.00153197],0,7,1785142640302602,1785142640302602,[0.06658348 0.01373085 0.11468199],1,[0.02116186 0.01727733 0.00573027]
1785142640326567357,[-1.8905299e-02  7.3212311e-03 -5.6996709e-05],[2.6650499e-05 5.5691726e-05 3.4907539e-03],1,[ 0.5720745  6.402649  -5.0671034],[0.11500545 0.11419035 0.08454172],[ 0.99978524  0.02058    -0.00192148  0.00151909],0,7,1785142640318602,1785142640318602,[0.06654578 0.01978796 0.11577222],1,[0.02146597 0.01743098 0.00575135]
1785142640334660964,[-0.01570994  0.00838622 -0.00271913],[2.6669422e-05 5.5582790e-05 3.4904266e-03],1,[ 0.5725341  6.401527  -5.06759  ],[0.11541795 0.11462533 0.08478956],[ 0.99978685  0.02050608 -0.00189014  0.00150542],0,7,1785142640326602,1785142640326602,[0.06654245 0.0227568  0.1162129 ],1,[0.02161936 0.01750856 0.00576189]
1785142640346577919,[-0.01251415  0.00705464  0.00260721],[2.6696915e-05 5.5373010e-05 3.4908343e-03],1,[ 0.5734626  6.3994436 -5.068421 ],[0.11625224 0.11550367 0.08528762],[ 0.9997894   0.02038807 -0.00181398  0.00151385],0,7,1785142640342602,1785142640342602,[0.06616374 0.02835172 0.11762633],1,[0.02193315 0.01766406 0.00578299]
1785142640354645299,[-0.00958467  0.00891886 -0.0005886 ],[2.6712385e-05 5.5274453e-05 3.4910324e-03],1,[ 0.5739313  6.3984804 -5.0687656],[0.11667394 0.11594698 0.08553786],[ 0.99979043  0.02034103 -0.00178034  0.00150847],0,7,1785142640350602,1785142640350602,[0.06610736 0.03112302 0.11814088],1,[0.02209029 0.01774222 0.00579355]
1785142640366580323,[-1.1448864e-02  9.9841347e-03 -5.5947894e-05],[2.6721977e-05 5.5158947e-05 3.4912408e-03],1,[ 0.57440364  6.3975697  -5.0691047 ],[0.11709873 0.11639301 0.08519758],[ 0.9997913   0.02029731 -0.00173663  0.00150244],0,7,1785142640358602,1785142640358602,[0.06614132 0.03418073 0.11859154],1,[0.02224892 0.01782054 0.00578427]
1785142640374597011,[-1.0649917e-02  7.5872857e-03 -5.5954937e-05],[2.6730904e-05 5.5043703e-05 3.4914601e-03],1,[ 0.57488    6.3967113 -5.0693984],[0.11752664 0.1168419  0.08544768],[ 0.9997925   0.0202463  -0.00170265  0.0014986 ],0,7,1785142640366602,1785142640366602,[0.06607079 0.0370682  0.1192966 ],1,[0.02240814 0.01789866 0.00579484]
1785142640386540484,[-0.01491098  0.00865254 -0.00271911],[2.6755788e-05 5.4789609e-05 3.4919188e-03],1,[ 0.5758416  6.3951464 -5.0698533],[0.11839194 0.11774813 0.08595028],[ 0.9997948   0.02013777 -0.00163968  0.0014898 ],0,7,1785142640382602,1785142640382602,[0.06584655 0.04263728 0.12056226],1,[0.02272908 0.0180562  0.00581598]
1785142640394744384,[-0.01251413  0.00732098  0.00047667],[2.6768670e-05 5.4670352e-05 3.4921402e-03],1,[ 0.5763255  6.3944373 -5.0700173],[0.11882938 0.11820549 0.08620278],[ 0.99979603  0.02008079 -0.00160962  0.00148433],0,7,1785142640390602,1785142640390602,[0.06556231 0.04531382 0.12128959],1,[0.02289078 0.01813567 0.00582657]
1785142640406546045,[-0.01491092  0.00732105 -0.00032234],[2.6770804e-05 5.4545188e-05 3.4918778e-03],1,[ 0.57681155  6.393776   -5.07014   ],[0.11926997 0.11866563 0.08645608],[ 0.9997973   0.02002021 -0.00157753  0.00148015],0,7,1785142640398602,1785142640398602,[0.06549963 0.04803005 0.1219015 ],1,[0.0230532  0.0182153  0.00583715]
1785142640414573026,[-0.01331302  0.00812     0.00074291],[2.6772203e-05 5.4433873e-05 3.4921025e-03],1,[ 0.57730067  6.3931627  -5.070223  ],[0.11971392 0.11912871 0.08671019],[ 0.9997985   0.01996243 -0.00154502  0.00147953],0,7,1785142640406602,1785142640406602,[0.0654195  0.05088461 0.12241057],1,[0.02321564 0.01829449 0.00584775]
1785142640426571660,[-0.013313    0.00226106 -0.00138761],[2.6791888e-05 5.4216653e-05 3.4925204e-03],1,[ 0.5782883  6.3920784 -5.07032  ],[0.12061177 0.12006348 0.08660971],[ 0.99980116  0.0198319  -0.00151654  0.00145624],0,7,1785142640422602,1785142640422602,[0.06548494 0.05640288 0.12369582],1,[0.02354426 0.01845437 0.00584836]
1785142640434602420,[-0.01570984  0.00305999 -0.00032236],[2.6803011e-05 5.4101933e-05 3.4927404e-03],1,[ 0.57878685  6.391606   -5.0703354 ],[0.12106574 0.12053525 0.08686446],[ 0.9998024   0.01976975 -0.00150607  0.00145527],0,7,1785142640430602,1785142640430602,[0.06540353 0.05909723 0.12416568],1,[0.02370945 0.01853465 0.00585897]
1785142640446663701,[-0.01357931  0.00332632 -0.00138761],[2.6815223e-05 5.3998232e-05 3.4929491e-03],1,[ 0.5792879  6.391178  -5.0703144],[0.1215231  0.12100996 0.08712002],[ 0.99980366  0.01970986 -0.00148804  0.00144609],0,7,1785142640438602,1785142640438602,[0.06531209 0.06175229 0.12449163],1,[0.02387631 0.01861498 0.00586957]
1785142640454644431,[-0.01597616  0.00039684 -0.00085499],[2.6823738e-05 5.3901844e-05 3.4931521e-03],1,[ 0.57979065  6.3907943  -5.0702596 ],[0.12198389 0.1214876  0.08737639],[ 0.9998049   0.01964639 -0.00148505  0.00143945],0,7,1785142640446602,1785142640446602,[0.06512126 0.06440491 0.12469862],1,[0.02404286 0.01869548 0.00588019]
1785142640466595420,[-0.01943827  0.00439158  0.00021029],[2.6843463e-05 5.3739604e-05 3.4935276e-03],1,[ 0.5808018  6.3901606 -5.0700517],[0.12291589 0.12245179 0.08789156],[ 0.99980783  0.01949737 -0.00144433  0.00143585],0,7,1785142640462602,1785142640462602,[0.06494126 0.06995208 0.12536527],1,[0.02437948 0.01885795 0.00590143]
1785142640474689719,[-0.0191718   0.00572328  0.00020996],[2.6852336e-05 5.3658561e-05 3.4932459e-03],1,[ 0.58130944  6.3899093  -5.0698977 ],[0.12338705 0.12293828 0.08815037],[ 0.9998095   0.01941719 -0.0014225   0.00143539],0,7,1785142640470602,1785142640470602,[0.06456723 0.07266568 0.12584038],1,[0.02454914 0.01893899 0.00591206]
1785142640486558749,[-0.02210127  0.00652222 -0.00138793],[2.6865449e-05 5.3594551e-05 3.4934036e-03],1,[ 0.5818165  6.3897014 -5.0697336],[0.12386186 0.12342776 0.08778214],[ 0.9998112   0.01933128 -0.00139583  0.00143101],0,7,1785142640478602,1785142640478602,[0.06420569 0.07535911 0.12604783],1,[0.02472035 0.01902063 0.00590147]
1785142640494706134,[-0.02290022  0.00652225 -0.00058899],[2.6871663e-05 5.3547676e-05 3.4935602e-03],1,[ 0.58232427  6.389536   -5.06954   ],[0.12434027 0.12392034 0.08804073],[ 0.99981296  0.01923752 -0.00137077  0.00142306],0,7,1785142640486602,1785142640486602,[0.0640766  0.07809645 0.12615271],1,[0.0248913  0.01910209 0.0059121 ]
1785142640506683060,[-0.02609601  0.00705485  0.00100893],[2.6885478e-05 5.3503096e-05 3.4937090e-03],1,[ 0.5828341  6.3894124 -5.0693173],[0.12482229 0.12441596 0.08830014],[ 0.99981505  0.0191348  -0.00133857  0.00142764],0,7,1785142640494602,1785142640494602,[0.06402092 0.08076309 0.12622191],1,[0.02506224 0.01918375 0.00592274]
1785142640514624654,[-0.02529706  0.00625591 -0.00112162],[2.6897711e-05 5.3473355e-05 3.4938434e-03],1,[ 0.5833464  6.3893285 -5.069067 ],[0.12530798 0.12491461 0.08856037],[ 0.99981713  0.01902795 -0.0013137   0.00142264],0,7,1785142640502602,1785142640502602,[0.06408754 0.08312356 0.12648603],1,[0.0252345  0.01926612 0.00593339]
1785142640526528319,[-0.02609601  0.00785381  0.00020994],[2.6915748e-05 5.3412725e-05 3.4941200e-03],1,[ 0.5843789  6.3892784 -5.0684824],[0.12629044 0.12592112 0.08908328],[ 0.9998207   0.01884174 -0.00126798  0.00142047],0,7,1785142640518602,1785142640518602,[0.06402785 0.08830075 0.12660962],1,[0.02558469 0.01943168 0.00595468]
1785142640534636849,[-0.0242318   0.00652223  0.00020997],[2.6933174e-05 5.3380689e-05 3.4942518e-03],1,[ 0.58489835  6.3893137  -5.068153  ],[0.12678728 0.12642899 0.08934598],[ 0.9998226   0.01874265 -0.0012391   0.00142076],0,7,1785142640526602,1785142640526602,[0.06401487 0.09102879 0.12660465],1,[0.02575986 0.01951464 0.00596534]
1785142640546556400,[-2.4498148e-02  4.1253408e-03 -5.6280376e-05],[2.6954936e-05 5.3280106e-05 3.4941086e-03],1,[ 0.58594346  6.3895025  -5.0674434 ],[0.12779222 0.12745391 0.08922511],[ 0.99982643  0.01854108 -0.00119583  0.0014177 ],0,7,1785142640542602,1785142640542602,[0.06393475 0.09611446 0.12659478],1,[0.02610939 0.01968043 0.00596468]
1785142640554811411,[-0.02742762  0.00652217 -0.00085523],[2.6968106e-05 5.3232328e-05 3.4942611e-03],1,[ 0.58646727  6.3896537  -5.067065  ],[0.12830052 0.12797116 0.08948837],[ 0.9998284   0.01843323 -0.00117136  0.00141608],0,7,1785142640550602,1785142640550602,[0.06351382 0.09868588 0.12645315],1,[0.02628632 0.01976425 0.00597535]
1785142640566543911,[-0.02796026  0.00732114  0.00180794],[2.6981204e-05 5.3187876e-05 3.4944103e-03],1,[ 0.5869911  6.389842  -5.066664 ],[0.1288127  0.12849155 0.08975246],[ 0.99983054  0.01832014 -0.00114118  0.00141999],0,7,1785142640558602,1785142640558602,[0.06341997 0.10121489 0.1263245 ],1,[0.02646539 0.01984836 0.00598602]
1785142640574633510,[-0.03062342  0.00838638  0.00207424],[2.7002859e-05 5.3130476e-05 3.4945637e-03],1,[ 0.58751655  6.3900676  -5.0662417 ],[0.1293288  0.12901513 0.09001737],[ 0.99983275  0.0182002  -0.00110957  0.00142936],0,7,1785142640566602,1785142640566602,[0.06335594 0.10363209 0.1263541 ],1,[0.02664416 0.01993288 0.0059967 ]
1785142640586573124,[-0.03649271  0.00759271  0.00154103],[2.4396646e-05 4.7445777e-05 3.3303576e-03],1,[ 0.5882829  6.3885536 -5.069409 ],[0.10808261 0.10722114 0.08190779],[ 0.9998379   0.01792625 -0.00104107  0.00143378],0,7,1785142640582602,1785142640582602,[0.06283885 0.10728975 0.12516478],1,[0.0202245  0.01577416 0.00560214]
1785142640594614998,[-0.03542744  0.00519586  0.00047575],[2.4417821e-05 4.7404214e-05 3.3304961e-03],1,[ 0.58866984  6.387879   -5.070886  ],[0.1084457  0.10761098 0.08214621],[ 0.99984044  0.01777651 -0.00101815  0.00143497],0,7,1785142640590602,1785142640590602,[0.06226857 0.10900397 0.12456912],1,[0.02036499 0.01584377 0.00561265]
1785142640606573504,[-3.7025329e-02  5.1958654e-03 -5.6880992e-05],[2.4447147e-05 4.7358379e-05 3.3306233e-03],1,[ 0.5890586  6.3872595 -5.0723205],[0.10881158 0.10800322 0.08183994],[ 9.9984312e-01  1.7625242e-02 -9.9469244e-04  1.4335874e-03],0,7,1785142640598602,1785142640598602,[0.06203687 0.11103621 0.1239154 ],1,[0.0205063  0.01591345 0.00560515]
1785142640614600725,[-0.03516112  0.00865798 -0.00192113],[2.4468471e-05 4.7304286e-05 3.3307732e-03],1,[ 0.5894505  6.386694  -5.073689 ],[0.10918026 0.10839796 0.08207832],[ 9.9984574e-01  1.7482035e-02 -9.6365937e-04  1.4244658e-03],0,7,1785142640606602,1785142640606602,[0.0617566  0.11301462 0.12311706],1,[0.02064909 0.01598351 0.00561567]
1785142640626610454,[-0.03862348  0.00919039 -0.00218689],[2.4505533e-05 4.7165075e-05 3.3307420e-03],1,[ 0.59024453  6.3857226  -5.0762343 ],[0.10992607 0.10919482 0.0825574 ],[ 9.9985135e-01  1.7164310e-02 -8.8387670e-04  1.4170974e-03],0,7,1785142640622602,1785142640622602,[0.06148601 0.11680306 0.12201042],1,[0.0209355  0.01612362 0.00563672]
1785142640634638036,[-0.03702558  0.00865786  0.00047627],[2.4522196e-05 4.7093185e-05 3.3309155e-03],1,[ 0.5906471  6.385313  -5.077414 ],[0.11030334 0.109597   0.0827981 ],[ 9.9985403e-01  1.7010050e-02 -8.4770878e-04  1.4090516e-03],0,7,1785142640630602,1785142640630602,[0.06136001 0.11878782 0.12175967],1,[0.02108016 0.01619399 0.00564726]
1785142640646583273,[-0.03675927  0.00732621  0.00154156],[2.4539551e-05 4.7012516e-05 3.3310975e-03],1,[ 0.5910532  6.384954  -5.0785317],[0.11068353 0.11000169 0.08303959],[ 9.9985659e-01  1.6859028e-02 -8.1341848e-04  1.4159480e-03],0,7,1785142640638602,1785142640638602,[0.06125041 0.12075812 0.12152229],1,[0.021226   0.01626505 0.0056578 ]
1785142640654663350,[-0.03675927  0.00972308  0.0012752 ],[2.4553619e-05 4.6921024e-05 3.3312945e-03],1,[ 0.59146345  6.3846436  -5.079589  ],[0.11106666 0.11040891 0.08328186],[ 9.9985909e-01  1.6708056e-02 -7.7693589e-04  1.4176040e-03],0,7,1785142640646602,1785142640646602,[0.06132997 0.12257057 0.12143227],1,[0.02137215 0.01633649 0.00566834]
1785142640666607595,[-0.03542766  0.00812519 -0.00165426],[2.4592144e-05 4.6756410e-05 3.3316524e-03],1,[ 0.59229803  6.384169   -5.0815735 ],[0.11184187 0.11123092 0.08320487],[ 9.9986386e-01  1.6426496e-02 -7.0061220e-04  1.4083395e-03],0,7,1785142640662602,1785142640662602,[0.06139964 0.12681796 0.12117395],1,[0.02166246 0.01648007 0.00567073]
1785142640674687843,[-0.03249818  0.00519571  0.00047629],[2.4608860e-05 4.6666057e-05 3.3318445e-03],1,[ 0.59272075  6.384004   -5.082502  ],[0.11223401 0.11164579 0.08344784],[ 9.9986607e-01  1.6289530e-02 -6.7423761e-04  1.4063048e-03],0,7,1785142640670602,1785142640670602,[0.06118682 0.12877831 0.12112321],1,[0.02181152 0.01655234 0.00568128]
1785142640686614599,[-0.03036765  0.00333148  0.00020997],[2.4624540e-05 4.6579582e-05 3.3320349e-03],1,[ 0.593146  6.383885 -5.083374],[0.11262921 0.11206323 0.0836916 ],[ 9.9986821e-01  1.6163798e-02 -6.5695756e-04  1.4062950e-03],0,7,1785142640678602,1785142640678602,[0.06106905 0.13078168 0.1211293 ],1,[0.0219612  0.01662485 0.00569183]
1785142640694623751,[-0.02930236  0.00492938 -0.00058911],[2.4638781e-05 4.6481629e-05 3.3318924e-03],1,[ 0.59357405  6.3838105  -5.084192  ],[0.11302742 0.11248321 0.08393615],[ 9.9987018e-01  1.6041297e-02 -6.3910894e-04  1.4031313e-03],0,7,1785142640686602,1785142640686602,[0.06095633 0.13265833 0.12110965],1,[0.02210974 0.01669731 0.00570239]
1785142640706598864,[-0.0250413   0.00146727  0.00047615],[2.4679170e-05 4.6299563e-05 3.3322761e-03],1,[ 0.59443796  6.3837895  -5.0856633 ],[0.11383337 0.11333109 0.08442759],[ 9.9987388e-01  1.5813470e-02 -6.2323327e-04  1.4018073e-03],0,7,1785142640702602,1785142640702602,[0.06059355 0.1359569  0.12183253],1,[0.0224099  0.01684282 0.00572354]
1785142640714637750,[-0.02584025  0.00466306 -0.00192068],[2.4694324e-05 4.6197831e-05 3.3324831e-03],1,[ 0.5948721  6.3838396 -5.086318 ],[0.11424109 0.11375898 0.08467449],[ 9.9987555e-01  1.5708640e-02 -6.0375652e-04  1.3949758e-03],0,7,1785142640710602,1785142640710602,[0.06029545 0.1376133  0.12218905],1,[0.02256123 0.01691619 0.00573412]
1785142640726600937,[-0.02717182  0.00732625 -0.00138806],[2.4708890e-05 4.6088495e-05 3.3326922e-03],1,[ 0.59530777  6.3839297  -5.086944  ],[0.114652   0.11418946 0.08434274],[ 9.9987721e-01  1.5595836e-02 -5.7467702e-04  1.3856471e-03],0,7,1785142640718602,1785142640718602,[0.06010034 0.13933358 0.12256865],1,[0.02271225 0.01698968 0.00572538]
1785142640734656210,[-0.02823708  0.00785886 -0.00192069],[2.4722240e-05 4.5967983e-05 3.3329199e-03],1,[ 0.59574467  6.38406    -5.087518  ],[0.11506616 0.11462265 0.08458954],[ 9.99879122e-01  1.54803945e-02 -5.43516770e-04  1.37853017e-03],0,7,1785142640726602,1785142640726602,[0.05972977 0.14115223 0.12303818],1,[0.02286381 0.01706336 0.00573596]
1785142640746586063,[-2.2910763e-02  6.2609678e-03 -5.6454621e-05],[2.4756057e-05 4.5699384e-05 3.3333965e-03],1,[ 0.5966179  6.3844357 -5.0885143],[0.11590428 0.11549706 0.08508552],[ 9.9988222e-01  1.5278416e-02 -4.7973631e-04  1.3702996e-03],0,7,1785142640742602,1785142640742602,[0.05895516 0.14453243 0.12414825],1,[0.02316883 0.01721092 0.00575714]
1785142640754768405,[-0.02477497  0.00626097 -0.00138805],[2.4775789e-05 4.5560817e-05 3.3336370e-03],1,[ 0.59705484  6.384681   -5.0889373 ],[0.11632831 0.11593831 0.0853347 ],[ 9.9988389e-01  1.5176003e-02 -4.5456373e-04  1.3637953e-03],0,7,1785142640750602,1785142640750602,[0.05863331 0.1462808  0.124818  ],1,[0.02332429 0.01728542 0.00576774]
1785142640766633396,[-0.02131284  0.00599497 -0.00165427],[2.4788198e-05 4.5422836e-05 3.3335635e-03],1,[ 0.5974929  6.384964  -5.089312 ],[0.11675562 0.1163822  0.08558469],[ 9.9988526e-01  1.5085410e-02 -4.2779045e-04  1.3541959e-03],0,7,1785142640758602,1785142640758602,[0.05833942 0.14801551 0.12541047],1,[0.02347895 0.01735993 0.00577834]
1785142640774676753,[-0.0207802   0.00652761  0.00234047],[2.479800e-05 4.527676e-05 3.333821e-03],1,[ 0.5979315  6.385283  -5.0896406],[0.11718637 0.11682888 0.08583546],[ 9.9988657e-01  1.4997588e-02 -4.0121071e-04  1.3608694e-03],0,7,1785142640766602,1785142640766602,[0.05806788 0.14948526 0.12585561],1,[0.02363555 0.01743495 0.00578894]
1785142640786601685,[-0.02131283  0.00492973  0.00260679],[2.4822843e-05 4.4992747e-05 3.3343167e-03],1,[ 0.59880763  6.386024   -5.090196  ],[0.11805812 0.11773043 0.08574054],[ 9.9988919e-01  1.4822261e-02 -3.5056320e-04  1.3525448e-03],0,7,1785142640782602,1785142640782602,[0.05723848 0.15264572 0.12689757],1,[0.02394794 0.01758568 0.00579012]
1785142640794650554,[-0.02078019  0.00439706 -0.00112163],[2.4837283e-05 4.4856770e-05 3.3345597e-03],1,[ 0.5992461  6.386447  -5.0904217],[0.11849918 0.11818539 0.08599197],[ 9.9989051e-01  1.4735825e-02 -3.2989378e-04  1.3513946e-03],0,7,1785142640790602,1785142640790602,[0.05707447 0.1542607  0.12762617],1,[0.02410571 0.01766135 0.00580073]
1785142640806644117,[-0.01918229  0.00306551  0.00207415],[2.4850382e-05 4.4721677e-05 3.3348040e-03],1,[ 0.5996853  6.3869042 -5.0906024],[0.11894374 0.11864312 0.0862442 ],[ 9.9989170e-01  1.4654821e-02 -3.1629053e-04  1.3566030e-03],0,7,1785142640798602,1785142640798602,[0.05677064 0.15596132 0.128308  ],1,[0.02426267 0.01773752 0.00581135]
1785142640814712789,[-0.02024756  0.0033318  -0.00085533],[2.4860665e-05 4.4600525e-05 3.3350377e-03],1,[ 0.60012484  6.387396   -5.0907407 ],[0.11939182 0.11910366 0.08649724],[ 9.9989289e-01  1.4573915e-02 -3.0211676e-04  1.3554952e-03],0,7,1785142640806602,1785142640806602,[0.05649029 0.15760851 0.12896757],1,[0.02442254 0.01781398 0.00582197]
1785142640826616696,[-0.02237809  0.00519603 -0.00085533],[2.4892792e-05 4.4357446e-05 3.3354952e-03],1,[ 0.6010044  6.3884816 -5.0908895],[0.12029868 0.12003317 0.08700573],[ 9.9989539e-01  1.4399592e-02 -2.6109823e-04  1.3488641e-03],0,7,1785142640822602,1785142640822602,[0.05609618 0.16132429 0.13051863],1,[0.02474383 0.01796683 0.00584323]
1785142640834708118,[-0.0239759   0.00519592 -0.00245344],[2.4913636e-05 4.4244323e-05 3.3354014e-03],1,[ 0.6014457  6.3890767 -5.090917 ],[0.12075743 0.12050202 0.08664948],[ 9.9989676e-01  1.4302984e-02 -2.3902753e-04  1.3416688e-03],0,7,1785142640830602,1785142640830602,[0.05582549 0.16305378 0.13130121],1,[0.02490347 0.01804318 0.00583332]
1785142640846620783,[-0.02397591  0.00200014 -0.00298606],[2.4936469e-05 4.4142398e-05 3.3356040e-03],1,[ 0.60188717  6.389704   -5.0909047 ],[0.12121991 0.12097388 0.08690394],[ 9.9989820e-01  1.4205430e-02 -2.2547266e-04  1.3283556e-03],0,7,1785142640838602,1785142640838602,[0.0555636  0.16466966 0.13184828],1,[0.02506408 0.01812017 0.00584395]
1785142640854652334,[-0.02291064  0.00253278  0.00047603],[2.4961872e-05 4.4041972e-05 3.3358024e-03],1,[ 0.60232896  6.3903627  -5.090854  ],[0.12168607 0.1214486  0.08715922],[ 9.9989957e-01  1.4109570e-02 -2.1693525e-04  1.3272834e-03],0,7,1785142640846602,1785142640846602,[0.0553545  0.16626503 0.132421  ],1,[0.02522299 0.01819715 0.00585459]
1785142640866718377,[-0.02823696  0.00386435 -0.00112187],[2.5014733e-05 4.3875629e-05 3.3361649e-03],1,[ 0.6032132  6.391772  -5.0906405],[0.12262955 0.12240669 0.08767218],[ 9.9990243e-01  1.3904257e-02 -1.8770329e-04  1.3196323e-03],0,7,1785142640862602,1785142640862602,[0.05479939 0.16945197 0.13353872],1,[0.02554253 0.01835123 0.00587589]
1785142640874734654,[-0.02690538  0.0030654   0.00047604],[2.5031533e-05 4.3785636e-05 3.3363616e-03],1,[ 0.6036553  6.3925223 -5.0904827],[0.12310692 0.12289009 0.08792988],[ 9.9990404e-01  1.3790019e-02 -1.7405611e-04  1.3214744e-03],0,7,1785142640870602,1785142640870602,[0.05452072 0.1709743  0.13386594],1,[0.02570383 0.01842878 0.00588655]
1785142640886657021,[-0.02317695  0.00120118 -0.00032291],[2.5047384e-05 4.3693057e-05 3.3365635e-03],1,[ 0.60409653  6.393302   -5.0902915 ],[0.12358809 0.12337641 0.08818839],[ 9.9990535e-01  1.3696115e-02 -1.6677994e-04  1.3200952e-03],0,7,1785142640878602,1785142640878602,[0.05409372 0.17238586 0.13412932],1,[0.02586654 0.01850618 0.00589721]
1785142640894656080,[-0.02770431  0.00413066 -0.00058924],[2.5061527e-05 4.3611086e-05 3.3367476e-03],1,[ 0.60453665  6.3941092  -5.090107  ],[0.12407308 0.12386559 0.08781934],[ 9.9990690e-01  1.3584714e-02 -1.5105619e-04  1.3188869e-03],0,7,1785142640886602,1785142640886602,[0.0537805  0.17378521 0.13437717],1,[0.02602814 0.01858358 0.00588671]
1785142640906682856,[-0.02610676  0.00359731 -0.00271909],[2.5097372e-05 4.3452317e-05 3.3368391e-03],1,[ 0.6054147  6.395812  -5.0896425],[0.12505458 0.12485288 0.08833676],[ 9.9990982e-01  1.3374444e-02 -1.2483333e-04  1.2996353e-03],0,7,1785142640902602,1785142640902602,[0.05278201 0.17718808 0.1352187 ],1,[0.02635358 0.01873923 0.00590804]
1785142640914792569,[-2.5307812e-02  1.2004604e-03 -5.5909972e-05],[2.5115478e-05 4.3386775e-05 3.3370121e-03],1,[ 0.60585034  6.3967075  -5.0893626 ],[0.12555125 0.12535103 0.08859669],[ 9.9991119e-01  1.3267522e-02 -1.1635577e-04  1.2983344e-03],0,7,1785142640910602,1785142640910602,[0.05220849 0.1787475  0.13540733],1,[0.02651787 0.01881767 0.00591871]
1785142640926668313,[-0.02770465  0.00146677 -0.00192015],[2.5134368e-05 4.3323482e-05 3.3371814e-03],1,[ 0.60628426  6.3976307  -5.089055  ],[0.12605187 0.12585217 0.08885744],[ 9.99912620e-01  1.31596187e-02 -1.11589514e-04  1.29224174e-03],0,7,1785142640918602,1785142640918602,[0.05187933 0.1803646  0.13544989],1,[0.02668056 0.01889651 0.00592939]
1785142640934738639,[-0.02956887  0.00093415 -0.00112119],[2.5151301e-05 4.3264088e-05 3.3373507e-03],1,[ 0.60671884  6.398582   -5.08872   ],[0.12655647 0.12635632 0.08911901],[ 9.9991417e-01  1.3041672e-02 -1.0740079e-04  1.2851052e-03],0,7,1785142640926602,1785142640926602,[0.05186193 0.18184279 0.1356524 ],1,[0.02684404 0.0189752  0.00594008]
1785142640946627783,[-0.02983518 -0.00146271 -0.00112119],[2.5194251e-05 4.3137425e-05 3.3376850e-03],1,[ 0.60758966  6.4005637  -5.087969  ],[0.12757775 0.12737371 0.08964463],[ 9.99917150e-01  1.28091965e-02 -1.03593869e-04  1.28470745e-03],0,7,1785142640942602,1785142640942602,[0.05139098 0.18509954 0.13587491],1,[0.02717514 0.01913383 0.00596146]
1785142640954718734,[-0.03329727 -0.0011964  -0.00298542],[2.5219795e-05 4.3081840e-05 3.3378329e-03],1,[ 0.608024   6.4015956 -5.087601 ],[0.12809448 0.12788686 0.08925944],[ 9.9991894e-01  1.2676563e-02 -1.0912186e-04  1.2759246e-03],0,7,1785142640950602,1785142640950602,[0.05109336 0.18651646 0.1359247 ],1,[0.02734206 0.01921332 0.00595021]
1785142640966652295,[-0.03090043  0.00040153 -0.00218646],[2.5244821e-05 4.3026575e-05 3.3379891e-03],1,[ 0.60845804  6.402652   -5.0872073 ],[0.12861532 0.12840319 0.08952239],[ 9.9992049e-01  1.2550916e-02 -1.0718904e-04  1.2646616e-03],0,7,1785142640958602,1785142640958602,[0.05095948 0.18785088 0.13606374],1,[0.02750922 0.01929321 0.0059609 ]
1785142640974708400,[-0.03223201 -0.00226163 -0.00085486],[2.5266756e-05 4.2967778e-05 3.3381530e-03],1,[ 0.6088931  6.4037323 -5.086788 ],[0.12914032 0.1289226  0.08978618],[ 9.9992210e-01  1.2422675e-02 -1.1282140e-04  1.2586499e-03],0,7,1785142640966602,1785142640966602,[0.05085516 0.18937927 0.13614078],1,[0.02767823 0.01937312 0.0059716 ]
1785142640986695720,[-0.03649934 -0.00065909 -0.00032281],[2.2927368e-05 3.7859161e-05 3.1407375e-03],1,[ 0.6092264  6.4044757 -5.0898333],[0.10774878 0.10723309 0.0817235 ],[ 9.9992573e-01  1.2125785e-02 -1.3463049e-04  1.2563172e-03],0,7,1785142640982602,1785142640982602,[0.05054966 0.19135751 0.13548966],1,[0.02080525 0.01539379 0.00558183]
1785142640994728984,[-0.03596671  0.00147144 -0.00298595],[2.2951752e-05 3.7797981e-05 3.1409010e-03],1,[ 0.609404   6.4049044 -5.0912457],[0.10811536 0.10762165 0.08196101],[ 9.9992746e-01  1.1981595e-02 -1.2563301e-04  1.2512498e-03],0,7,1785142640990602,1785142640990602,[0.05040269 0.19227467 0.13512866],1,[0.02093552 0.01546025 0.00559236]
1785142641006712978,[-0.03809724  0.00067253  0.00260668],[2.2978769e-05 3.7738009e-05 3.1410607e-03],1,[ 0.609586   6.4053693 -5.092588 ],[0.10848489 0.10801259 0.0821993 ],[ 9.9992925e-01  1.1829471e-02 -1.2061070e-04  1.2631979e-03],0,7,1785142640998602,1785142640998602,[0.04982008 0.19294485 0.13470624],1,[0.02106614 0.01552699 0.00560289]
1785142641014724669,[-0.04022775  0.00173773  0.00127509],[2.3002704e-05 3.7677921e-05 3.1412190e-03],1,[ 0.6097706  6.4058695 -5.0938935],[0.10885738 0.10840589 0.08189219],[ 9.99931157e-01  1.16667403e-02 -1.13015754e-04  1.27892091e-03],0,7,1785142641006602,1785142641006602,[0.04933651 0.19380952 0.1343658 ],1,[0.02119598 0.01559369 0.00559542]
1785142641026824646,[-0.03916249  0.00653148 -0.00085544],[2.3052075e-05 3.7530786e-05 3.1415718e-03],1,[ 0.61015284  6.406978   -5.0963025 ],[0.10961138 0.10919981 0.08236945],[ 9.9993479e-01  1.1349391e-02 -7.7173812e-05  1.2686444e-03],0,7,1785142641022602,1785142641022602,[0.04875993 0.19586334 0.13368142],1,[0.02146093 0.01572833 0.00561649]
1785142641034765943,[-0.0394288   0.00413462  0.00020984],[2.3079669e-05 3.7473321e-05 3.1417287e-03],1,[ 0.61035085  6.4075856  -5.097411  ],[0.10999294 0.10960042 0.08260924],[ 9.9993658e-01  1.1189978e-02 -5.7829297e-05  1.2749954e-03],0,7,1785142641030602,1785142641030602,[0.04856415 0.19700421 0.13352217],1,[0.02159261 0.0157958  0.00562704]
1785142641046891346,[-0.03783091  0.00999355  0.00154138],[2.3103517e-05 3.7400496e-05 3.1419061e-03],1,[ 0.6105541  6.4082284 -5.098456 ],[0.11037757 0.11000348 0.08284981],[ 9.9993825e-01  1.1036975e-02 -2.2082191e-05  1.2895301e-03],0,7,1785142641038602,1785142641038602,[0.04847875 0.19796932 0.13347869],1,[0.02172474 0.01586367 0.00563758]
1785142641054747836,[-0.03942799  0.00253715 -0.00112358],[2.3124483e-05 3.7328828e-05 3.1418775e-03],1,[ 0.61076176  6.408902   -5.099438  ],[0.11076525 0.11040896 0.08309115],[9.9994004e-01 1.0876034e-02 9.7608256e-07 1.2922169e-03],0,7,1785142641046602,1785142641046602,[0.04837582 0.19865616 0.13349098],1,[0.02185877 0.01593132 0.00564813]
1785142641066811714,[-0.03410167  0.00520031  0.00047427],[2.3175700e-05 3.7196412e-05 3.1422148e-03],1,[ 0.6111929  6.410341  -5.101223 ],[0.11155009 0.11122745 0.08357619],[9.9994320e-01 1.0579529e-02 4.4514014e-05 1.3090756e-03],0,7,1785142641062602,1785142641062602,[0.04804481 0.20020834 0.13342571],1,[0.02212895 0.0160672  0.00566925]
1785142641074774719,[-0.03756377  0.00466768 -0.00272156],[2.3204197e-05 3.7127880e-05 3.1423788e-03],1,[ 0.6114144  6.4111056 -5.1020584],[0.11194725 0.11164039 0.08325534],[9.9994475e-01 1.0429995e-02 6.4509746e-05 1.3060605e-03],0,7,1785142641070602,1785142641070602,[0.04783412 0.20108157 0.13325599],1,[0.02226509 0.01613598 0.00566111]
1785142641086794089,[-0.03569955  0.00067294 -0.00085732],[2.3232938e-05 3.7050762e-05 3.1425555e-03],1,[ 0.6116392  6.4119005 -5.102838 ],[0.1123476  0.1120559  0.08349817],[9.9994630e-01 1.0282108e-02 7.2159186e-05 1.3109627e-03],0,7,1785142641078632,1785142641078632,[0.0474819  0.2019545  0.13320895],1,[0.02240058 0.01620543 0.00567167]
1785142641094730796,[-0.03197113  0.00227084 -0.0035205 ],[2.3259710e-05 3.6975955e-05 3.1427310e-03],1,[ 0.611867   6.4127245 -5.1035624],[0.11275119 0.11247393 0.08374178],[9.9994761e-01 1.0150755e-02 8.2604623e-05 1.3036614e-03],0,7,1785142641086632,1785142641086632,[0.04724688 0.20291434 0.13336743],1,[0.02253737 0.01627497 0.00568224]
1785142641106736967,[-0.03117218  0.00120558 -0.00032468],[2.3325914e-05 3.6810980e-05 3.1430863e-03],1,[ 0.6123333  6.414458  -5.1048455],[0.11356813 0.11331762 0.08423138],[9.9995029e-01 9.8833283e-03 1.0581022e-04 1.3189721e-03],0,7,1785142641102632,1785142641102632,[0.04669698 0.20448983 0.13405275],1,[0.02281253 0.01641423 0.00570339]
1785142641114920755,[-0.0298406  -0.00039235 -0.00298787],[2.3355567e-05 3.6728630e-05 3.1432689e-03],1,[ 0.6125701  6.415365  -5.1054063],[0.11398155 0.11374331 0.08447734],[9.9995148e-01 9.7605828e-03 1.0496181e-04 1.3196068e-03],0,7,1785142641110632,1785142641110632,[0.04644024 0.20544015 0.13443232],1,[0.02294909 0.01648444 0.00571397]
1785142641126731829,[-0.02771004 -0.00332187 -0.00218897],[2.3386257e-05 3.6638179e-05 3.1432651e-03],1,[ 0.6128093  6.4163003 -5.105915 ],[0.11439823 0.11417152 0.0847241 ],[9.9995261e-01 9.6447915e-03 9.7240838e-05 1.3148639e-03],0,7,1785142641118632,1785142641118632,[0.04607343 0.20630004 0.13484493],1,[0.02308675 0.01655466 0.00572456]
1785142641134822483,[-0.02531318 -0.00119136 -0.00325426],[2.3424624e-05 3.6540689e-05 3.1434491e-03],1,[ 0.613051   6.4172616 -5.1064243],[0.11481832 0.11460233 0.08439153],[9.9995369e-01 9.5418012e-03 9.4305891e-05 1.3101371e-03],0,7,1785142641126632,1785142641126632,[0.04594519 0.20706077 0.13514188],1,[0.02322504 0.01662525 0.00571585]
1785142641146823523,[-0.02877529 -0.0001261  -0.00192268],[2.3486089e-05 3.6342564e-05 3.1438458e-03],1,[ 0.61354214  6.419258   -5.1072893 ],[0.11566868 0.11547188 0.08488562],[9.9995583e-01 9.3061011e-03 8.8140529e-05 1.3182407e-03],0,7,1785142641142632,1785142641142632,[0.04524098 0.20843819 0.13619569],1,[0.02350154 0.01676809 0.00573703]
1785142641154874941,[-0.02478055  0.00227077  0.00020784],[2.3515999e-05 3.6240734e-05 3.1440468e-03],1,[ 0.61378944  6.4202924  -5.107645  ],[0.116099   0.1159106  0.08513385],[9.9995679e-01 9.2027076e-03 9.5599797e-05 1.3245279e-03],0,7,1785142641150632,1785142641150632,[0.04480174 0.20919219 0.13706471],1,[0.02363843 0.01683909 0.00574763]
1785142641166795405,[-0.02637845  0.00120547 -0.00298793],[2.3544906e-05 3.6130412e-05 3.1442591e-03],1,[ 0.61403745  6.42135    -5.1079497 ],[0.11653278 0.11635195 0.08538288],[9.9995774e-01 9.0988362e-03 1.0623717e-04 1.3248125e-03],0,7,1785142641158632,1785142641158632,[0.04436886 0.2097921  0.13787363],1,[0.0237773  0.01691042 0.00575823]
1785142641174784627,[-0.02451423  0.00253707 -0.00485217],[2.357246e-05 3.602568e-05 3.144467e-03],1,[ 0.6142869  6.4224296 -5.1082053],[0.11697005 0.11679597 0.0856327 ],[9.99958694e-01 8.99448991e-03 1.14262635e-04 1.31158344e-03],0,7,1785142641166632,1785142641166632,[0.04406727 0.2103427  0.13862409],1,[0.02391759 0.0169822  0.00576884]
1785142641186727028,[-0.02344912  0.00360224 -0.00218855],[2.3613466e-05 3.5807374e-05 3.1447280e-03],1,[ 0.6147946  6.4246545 -5.1085753],[0.11785509 0.11769197 0.08613475],[9.9996048e-01 8.8013960e-03 1.4167895e-04 1.3033437e-03],0,7,1785142641182632,1785142641182632,[0.04389599 0.21186788 0.1399874 ],1,[0.02420041 0.01712645 0.00579006]
1785142641194843689,[-2.3715429e-02 -2.2566905e-03 -5.7992438e-05],[2.3629911e-05 3.5707730e-05 3.1449380e-03],1,[ 0.61505246  6.425801   -5.1087203 ],[0.11830296 0.11814398 0.08578742],[9.9996132e-01 8.7046651e-03 1.4136608e-04 1.3069337e-03],0,7,1785142641190632,1785142641190632,[0.04351557 0.21248862 0.14075117],1,[0.02434163 0.0171991  0.00578065]
1785142641206812639,[-0.02131858  0.00200435 -0.00032436],[2.3651657e-05 3.5602465e-05 3.1451527e-03],1,[ 0.6153128  6.426968  -5.1088195],[0.11875445 0.11859877 0.08603869],[9.9996209e-01 8.6159762e-03 1.4363714e-04 1.3130654e-03],0,7,1785142641198632,1785142641198632,[0.04352122 0.21309023 0.14148952],1,[0.02448091 0.017272   0.00579127]
1785142641214823669,[-0.02238385  0.00014014 -0.00112327],[2.3676897e-05 3.5502038e-05 3.1453597e-03],1,[ 0.6155759  6.4281545 -5.108875 ],[0.11920954 0.11905628 0.08629075],[9.9996275e-01 8.5278628e-03 1.5067327e-04 1.3148014e-03],0,7,1785142641206632,1785142641206632,[0.04323641 0.2135075  0.14197934],1,[0.02462139 0.01734525 0.00580189]
1785142641226825471,[-0.02238385 -0.00252302 -0.00218853],[2.3719873e-05 3.5319717e-05 3.1457618e-03],1,[ 0.61610633  6.430588   -5.1088595 ],[0.12013071 0.11997952 0.0867973 ],[9.9996442e-01 8.3422093e-03 1.5075783e-04 1.3085594e-03],0,7,1785142641222632,1785142641222632,[0.04267249 0.21478963 0.1432637 ],1,[0.02490484 0.01749187 0.00582315]
1785142641234786851,[-0.02371543 -0.00092511  0.00074092],[2.3748629e-05 3.5227145e-05 3.1459567e-03],1,[ 0.6163734  6.431833  -5.108791 ],[0.12059683 0.12044528 0.08705179],[9.9996513e-01 8.2457280e-03 1.4581875e-04 1.3149794e-03],0,7,1785142641230632,1785142641230632,[0.04240024 0.21530725 0.14388908],1,[0.0250476  0.01756532 0.00583379]
1785142641246794115,[-0.02584596 -0.00145776 -0.00112328],[2.3775832e-05 3.5148831e-05 3.1461399e-03],1,[ 0.6166415  6.433096  -5.1086826],[0.12106668 0.12091383 0.08730707],[9.9996597e-01 8.1439624e-03 1.4296685e-04 1.3175065e-03],0,7,1785142641238632,1785142641238632,[0.04199688 0.21570767 0.14439555],1,[0.02519134 0.01763907 0.00584443]
1785142641254803391,[-0.02131858 -0.00358827  0.00047462],[2.3802686e-05 3.5065736e-05 3.1463234e-03],1,[ 0.6169094  6.434377  -5.1085634],[0.12154028 0.12138508 0.08694725],[9.9996668e-01 8.0545023e-03 1.3204991e-04 1.3229786e-03],0,7,1785142641246632,1785142641246632,[0.04163962 0.21625647 0.14472966],1,[0.02533392 0.01771303 0.00583442]
1785142641266906695,[-0.02211757 -0.004121   -0.00165586],[2.3859908e-05 3.4912053e-05 3.1465192e-03],1,[ 0.6174537  6.436996  -5.1082144],[0.12249872 0.12233609 0.08745825],[9.9996835e-01 7.8570964e-03 8.8221263e-05 1.3218813e-03],0,7,1785142641262632,1785142641262632,[0.041542   0.21751216 0.14558433],1,[0.02562036 0.01786074 0.00585571]
1785142641274803354,[-0.0226502  -0.0009252  -0.00085691],[2.3895302e-05 3.4847610e-05 3.1466810e-03],1,[ 0.6177287  6.438331  -5.107987 ],[0.12298374 0.12281588 0.08771496],[9.9996907e-01 7.7650859e-03 8.4570267e-05 1.3224350e-03],0,7,1785142641270632,1785142641270632,[0.04134425 0.21785618 0.14602706],1,[0.0257648  0.01793504 0.00586636]
1785142641286719638,[-0.0261123  -0.00358838 -0.00218848],[2.3928622e-05 3.4793604e-05 3.1468356e-03],1,[ 0.6180046  6.4396825 -5.107724 ],[0.12347261 0.12329851 0.08797248],[9.9996984e-01 7.6630064e-03 7.3933610e-05 1.3206196e-03],0,7,1785142641278632,1785142641278632,[0.04092896 0.218417   0.14666654],1,[0.02590891 0.01801004 0.00587702]
1785142641294788845,[-2.4514420e-02 -3.3220307e-03 -5.7966448e-05],[2.3964021e-05 3.4729852e-05 3.1469974e-03],1,[ 0.6182801  6.44105   -5.107427 ],[0.12396537 0.123784   0.08823083],[9.9997056e-01 7.5647007e-03 5.9501959e-05 1.3196552e-03],0,7,1785142641286632,1785142641286632,[0.04051357 0.21880862 0.14707994],1,[0.02605241 0.01808489 0.00588768]
1785142641306833732,[-0.02557968 -0.00065887 -0.00245481],[2.4025052e-05 3.4608591e-05 3.1473255e-03],1,[ 0.6188336  6.4438334 -5.1067395],[0.12496265 0.12476361 0.08874995],[9.9997216e-01 7.3538106e-03 4.3279877e-05 1.3082118e-03],0,7,1785142641302632,1785142641302632,[0.04008977 0.21997072 0.1473658 ],1,[0.02634157 0.01823453 0.00590902]
1785142641314820689,[-2.5845990e-02  1.7379655e-03 -5.7962461e-05],[2.4052530e-05 3.4554814e-05 3.1474805e-03],1,[ 0.6191117  6.4452496 -5.106374 ],[0.12546723 0.12525767 0.08837436],[9.9997288e-01 7.2492012e-03 4.9936432e-05 1.3100539e-03],0,7,1785142641310632,1785142641310632,[0.0398448  0.22042882 0.14758824],1,[0.02648545 0.01830956 0.00589829]
1785142641326769434,[-0.02717756 -0.00065892 -0.0040527 ],[2.4080800e-05 3.4501336e-05 3.1476405e-03],1,[ 0.6193912  6.44668   -5.105979 ],[0.1259758  0.12575473 0.0886341 ],[9.9997365e-01 7.1435734e-03 4.9663264e-05 1.3042422e-03],0,7,1785142641318632,1785142641318632,[0.03973116 0.22067039 0.14779422],1,[0.02662946 0.01838516 0.00590896]
1785142641334825603,[-0.02717786  0.00386849 -0.00165518],[2.4104695e-05 3.4446075e-05 3.1476512e-03],1,[ 0.619674   6.4481235 -5.105556 ],[0.12648824 0.1262546  0.08889465],[9.9997443e-01 7.0321057e-03 6.0546463e-05 1.2935476e-03],0,7,1785142641326632,1785142641326632,[0.03979038 0.22117127 0.14802387],1,[0.02677435 0.01846095 0.00591963]
1785142641346866821,[-2.7710494e-02 -3.0557639e-03 -5.7262572e-05],[2.4162617e-05 3.4351346e-05 3.1479567e-03],1,[ 0.62024623  6.4510555  -5.104626  ],[0.1275256  0.12726341 0.08941822],[9.9997598e-01 6.8193297e-03 5.8532525e-05 1.2951448e-03],0,7,1785142641342632,1785142641342632,[0.03962817 0.2223174  0.14824289],1,[0.02706751 0.01861361 0.00594099]
1785142641354892032,[-0.02771049 -0.00145787 -0.00032358],[2.4194012e-05 3.4310095e-05 3.1481008e-03],1,[ 0.6205351  6.4525447 -5.1041226],[0.12805042 0.12777226 0.08968123],[9.9997669e-01 6.7089987e-03 5.2113697e-05 1.2961937e-03],0,7,1785142641350632,1785142641350632,[0.03942442 0.22292751 0.14828414],1,[0.02721378 0.01869067 0.00595168]
1785142641366755901,[-0.02930839 -0.00092526 -0.00431831],[2.4223187e-05 3.4269629e-05 3.1482473e-03],1,[ 0.6208242  6.4540477 -5.1035953],[0.12857936 0.1282841  0.08994506],[9.9997753e-01 6.5896367e-03 4.9437400e-05 1.2859221e-03],0,7,1785142641358632,1785142641358632,[0.03911322 0.22330526 0.14815973],1,[0.02735908 0.01876765 0.00596238]
1785142641374724377,[-0.02318311  0.00040636 -0.00192148],[2.4253914e-05 3.4223962e-05 3.1483923e-03],1,[ 0.6211128  6.455564  -5.103103 ],[0.12911247 0.12879884 0.08955616],[9.9997818e-01 6.4916024e-03 4.9927232e-05 1.2771121e-03],0,7,1785142641366632,1785142641366632,[0.03877947 0.223608   0.14812429],1,[0.02750724 0.01884469 0.00595103]
1785142641386763661,[-0.02931317  0.00254017 -0.00245435],[2.2247175e-05 3.0291583e-05 2.9543028e-03],1,[ 0.62124044  6.4576406  -5.1062694 ],[0.10749498 0.10723259 0.08154011],[9.9997962e-01 6.2662936e-03 6.2910658e-05 1.2826632e-03],0,7,1785142641382632,1785142641382632,[0.03792497 0.2240591  0.14720497],1,[0.0206575  0.01503775 0.00556494]
1785142641394984952,[-0.03064475 -0.0006556  -0.00378591],[2.2279159e-05 3.0250960e-05 2.9544472e-03],1,[ 0.62131095  6.4587126  -5.1077375 ],[0.10786786 0.10761944 0.08177679],[9.9998039e-01 6.1390218e-03 6.4886903e-05 1.2761283e-03],0,7,1785142641390632,1785142641390632,[0.03762347 0.2241922  0.14675345],1,[0.02077053 0.01510187 0.00557545]
1785142641406815498,[-0.02931308  0.00040985 -0.00112299],[2.2310893e-05 3.0213338e-05 2.9544691e-03],1,[ 0.6213865  6.4598064 -5.109133 ],[0.1082437  0.10800859 0.08201424],[9.9998111e-01 6.0229567e-03 6.7320281e-05 1.2774479e-03],0,7,1785142641398632,1785142641398632,[0.03736426 0.2241907  0.14610277],1,[0.02088434 0.01516603 0.00558597]
1785142641414786550,[-0.03170992  0.00120875 -0.00351985],[2.2351209e-05 3.0171173e-05 2.9546076e-03],1,[ 0.62146634  6.4609203  -5.110459  ],[0.10862258 0.10840014 0.08225247],[9.9998182e-01 5.8984002e-03 7.0812050e-05 1.2776984e-03],0,7,1785142641406632,1785142641406632,[0.03691319 0.22417274 0.14521559],1,[0.02100013 0.01523122 0.00559649]
1785142641426713227,[-0.03117729  0.0012088  -0.00272089],[2.2421533e-05 3.0103814e-05 2.9548749e-03],1,[ 0.6216365  6.4632072 -5.1129117],[0.10938947 0.10919032 0.08273124],[9.9998337e-01 5.6365514e-03 8.6851520e-05 1.2565756e-03],0,7,1785142641422632,1785142641422632,[0.03619287 0.22438425 0.14400688],1,[0.02122998 0.01536159 0.00561754]
1785142641434828716,[-0.03250886  0.0020077  -0.00511772],[2.2456416e-05 3.0064224e-05 2.9550132e-03],1,[ 0.6217277  6.4643803 -5.114053 ],[0.10977753 0.10958893 0.08241857],[9.9998409e-01 5.5051190e-03 9.7194898e-05 1.2495831e-03],0,7,1785142641430632,1785142641430632,[0.03588086 0.22440028 0.1435361 ],1,[0.02134597 0.01542664 0.00560986]
1785142641446918561,[-0.0330415   0.00067618 -0.00138929],[2.2492803e-05 3.0027228e-05 2.9551499e-03],1,[ 0.62182254  6.4655714  -5.11513   ],[0.11016867 0.10998998 0.08265828],[9.9998480e-01 5.3731753e-03 1.0428454e-04 1.2472701e-03],0,7,1785142641438632,1785142641438632,[0.0355143  0.22446269 0.14299046],1,[0.02146131 0.01549207 0.00562039]
1785142641454772626,[-0.03197623  0.0017414  -0.00138931],[2.2528229e-05 2.9984732e-05 2.9552931e-03],1,[ 0.6219203  6.466781  -5.116145 ],[0.11056294 0.11039343 0.08289877],[9.9998552e-01 5.2417819e-03 1.1023913e-04 1.2523041e-03],0,7,1785142641446632,1785142641446632,[0.03507012 0.22443691 0.14282301],1,[0.02157861 0.01555811 0.00563092]
1785142641466713334,[-0.03170991  0.00174141 -0.00245456],[2.2560585e-05 2.9945157e-05 2.9554376e-03],1,[ 0.6220203  6.468007  -5.1170974],[0.11096036 0.11079931 0.08314004],[9.9998611e-01 5.1135938e-03 1.1940162e-04 1.2503316e-03],0,7,1785142641454632,1785142641454632,[0.03457604 0.22439365 0.14273721],1,[0.02169654 0.01562441 0.00564146]
1785142641474811745,[-0.02771508  0.00413795 -0.00112314],[2.2586628e-05 2.9899929e-05 2.9554807e-03],1,[ 0.62212247  6.4692507  -5.1179886 ],[0.11136088 0.11120757 0.08338208],[9.9998671e-01 4.9981959e-03 1.3386081e-04 1.2520192e-03],0,7,1785142641462632,1785142641462632,[0.03403634 0.22452258 0.14261001],1,[0.02181285 0.01569046 0.00565201]
1785142641486742641,[-0.03250876  0.00280637 -0.00085681],[2.2644115e-05 2.9815739e-05 2.9557771e-03],1,[ 0.62233454  6.4717875  -5.119639  ],[0.11217162 0.11203149 0.08330331],[9.9998790e-01 4.7515184e-03 1.5829092e-04 1.2678105e-03],0,7,1785142641478632,1785142641478632,[0.03359039 0.224284   0.14247495],1,[0.02204708 0.01582448 0.00565442]
1785142641494796876,[-0.02904665 -0.00305261 -0.00245466],[2.2671367e-05 2.9776020e-05 2.9559259e-03],1,[ 0.62244684  6.4730773  -5.1203985 ],[0.11258183 0.11244717 0.08354606],[9.9998850e-01 4.6287510e-03 1.5505534e-04 1.2694263e-03],0,7,1785142641486632,1785142641486632,[0.03338844 0.22417091 0.14262709],1,[0.02216533 0.01589174 0.00566497]
1785142641506766637,[-0.02585086 -0.0049168  -0.00059049],[2.2740360e-05 2.9692394e-05 2.9562172e-03],1,[ 0.62268054  6.4756947  -5.1217446 ],[0.11341205 0.11328599 0.08403389],[9.9998945e-01 4.4179000e-03 1.2404440e-04 1.2776313e-03],0,7,1785142641502632,1785142641502632,[0.03280633 0.22357745 0.14322522],1,[0.02240675 0.01602706 0.00568608]
1785142641514750297,[-0.02585086 -0.00411784  0.00047478],[2.2772156e-05 2.9644971e-05 2.9563708e-03],1,[ 0.62280184  6.4770226  -5.1223335 ],[0.1138321  0.11370915 0.08427899],[9.99989927e-01 4.31168918e-03 1.09559594e-04 1.28535833e-03],0,7,1785142641510632,1785142641510632,[0.0326697  0.22346702 0.14362112],1,[0.02252605 0.0160949  0.00569664]
1785142641526733638,[-0.0247856  -0.00118839  0.00020844],[2.2802797e-05 2.9610857e-05 2.9565117e-03],1,[ 0.622927   6.4783635 -5.1228666],[0.11425547 0.11413483 0.08452486],[9.9999040e-01 4.2102719e-03 1.0197234e-04 1.2967762e-03],0,7,1785142641518632,1785142641518632,[0.03249022 0.22332276 0.14406693],1,[0.02264503 0.01616287 0.00570721]
1785142641534794677,[-2.3986649e-02 -3.8515318e-03 -5.7845289e-05],[2.2833525e-05 2.9570585e-05 2.9566591e-03],1,[ 0.62305444  6.479717   -5.123346  ],[0.11468219 0.11456306 0.08477153],[9.9999076e-01 4.1131275e-03 9.0670022e-05 1.3027899e-03],0,7,1785142641526632,1785142641526632,[0.03211406 0.22323936 0.1447116 ],1,[0.02276643 0.01623113 0.00571779]
1785142641546833681,[-0.01972562 -0.0035852  -0.00138931],[2.2887920e-05 2.9470100e-05 2.9568737e-03],1,[ 0.62331504  6.482463   -5.124192  ],[0.11554566 0.11542703 0.08468477],[9.9999148e-01 3.9257989e-03 7.5497344e-05 1.3034290e-03],0,7,1785142641542632,1785142641542632,[0.03149832 0.22316249 0.14591618],1,[0.02300639 0.01636791 0.00571965]
1785142641554837545,[-0.02079088 -0.00544942 -0.00165566],[2.2918575e-05 2.9426810e-05 2.9570241e-03],1,[ 0.6234485  6.4838533 -5.124537 ],[0.11598255 0.11586292 0.08493213],[9.9999183e-01 3.8420563e-03 5.3987296e-05 1.3052671e-03],0,7,1785142641550632,1785142641550632,[0.0312417  0.22308397 0.14661826],1,[0.02312653 0.01643714 0.00573023]
1785142641566873521,[-0.01972562 -0.0051831  -0.00112301],[2.2948825e-05 2.9378798e-05 2.9571801e-03],1,[ 0.62358457  6.4852557  -5.12483   ],[0.11642287 0.11630139 0.08518027],[9.9999207e-01 3.7620689e-03 3.7226244e-05 1.3058275e-03],0,7,1785142641558632,1785142641558632,[0.03111039 0.22299002 0.1472589 ],1,[0.02324715 0.01650649 0.00574081]
1785142641574892178,[-0.01839404 -0.00811259 -0.00218828],[2.2975897e-05 2.9324578e-05 2.9573462e-03],1,[ 0.6237242  6.4866695 -5.1250734],[0.11686666 0.11674247 0.0854292 ],[9.9999243e-01 3.6858616e-03 6.5677596e-06 1.3061054e-03],0,7,1785142641566632,1785142641566632,[0.03101481 0.22295801 0.14775693],1,[0.02336855 0.01657598 0.0057514 ]
1785142641586846515,[-0.02052458 -0.00518309  0.00020857],[2.3032946e-05 2.9226188e-05 2.9576647e-03],1,[ 0.62401295  6.489532   -5.1254168 ],[0.1177647  0.11763246 0.08592945],[ 9.9999291e-01  3.5303209e-03 -3.5225021e-05  1.3119136e-03],0,7,1785142641582632,1785142641582632,[0.03065667 0.22278062 0.14921261],1,[0.02361248 0.01671576 0.00577259]
1785142641594806784,[-0.01972561 -0.00411786 -0.00192197],[2.3061852e-05 2.9175470e-05 2.9578267e-03],1,[ 0.6241594  6.490977  -5.1255164],[0.118219   0.11808141 0.08618078],[ 9.9999315e-01  3.4493972e-03 -5.2743602e-05  1.3152964e-03],0,7,1785142641590632,1785142641590632,[0.03012506 0.22239964 0.14999563],1,[0.02373486 0.01678593 0.00578319]
1785142641606745597,[-0.01972562 -0.00331888 -0.00192197],[2.3091370e-05 2.9125333e-05 2.9579846e-03],1,[ 0.6243054  6.4924307 -5.125592 ],[0.11867685 0.11853294 0.08583272],[ 9.9999350e-01  3.3700964e-03 -6.5492357e-05  1.3115533e-03],0,7,1785142641598632,1785142641598632,[0.02963573 0.22221746 0.15081367],1,[0.02385649 0.01685595 0.00577378]
1785142641614918382,[-0.01706255 -0.00544972 -0.00325328],[2.3116823e-05 2.9071971e-05 2.9580535e-03],1,[ 0.6244523  6.493894  -5.125622 ],[0.11913817 0.11898711 0.08608389],[ 9.9999374e-01  3.2982908e-03 -8.3071194e-05  1.3065353e-03],0,7,1785142641606632,1785142641606632,[0.0292056  0.22203438 0.15146822],1,[0.02397721 0.01692565 0.00578438]
1785142641626794328,[-0.01759518 -0.00465076 -0.00112276],[2.3169976e-05 2.8990427e-05 2.9583604e-03],1,[ 0.6247506  6.4968467 -5.12555  ],[0.12007184 0.11990365 0.08658862],[ 9.99994218e-01  3.14623467e-03 -1.21718804e-04  1.30535010e-03],0,7,1785142641622632,1785142641622632,[0.02874991 0.22160138 0.1526974 ],1,[0.02422423 0.01706693 0.0058056 ]
1785142641635091805,[-1.9992031e-02 -4.1181194e-03 -5.7507597e-05],[2.3197559e-05 2.8943423e-05 2.9585208e-03],1,[ 0.62490225  6.498337   -5.125452  ],[0.12054413 0.12036595 0.08684219],[ 9.9999446e-01  3.0697132e-03 -1.3792908e-04  1.3081763e-03],0,7,1785142641630632,1785142641630632,[0.02855068 0.22157656 0.15312448],1,[0.0243448  0.01713823 0.00581622]
1785142641646760326,[-0.01999202 -0.00278657 -0.00298698],[2.3230612e-05 2.8900187e-05 2.9586712e-03],1,[ 0.62505585  6.4998355  -5.1253147 ],[0.12102008 0.12083098 0.08709657],[ 9.9999470e-01  2.9894868e-03 -1.5045184e-04  1.3076059e-03],0,7,1785142641638632,1785142641638632,[0.02836093 0.2214138  0.15365443],1,[0.02446717 0.01720957 0.00582683]
1785142641654760903,[-0.01599729 -0.0022539  -0.00218802],[2.3267436e-05 2.8866705e-05 2.9588058e-03],1,[ 0.62521183  6.5013437  -5.1252027 ],[0.12149971 0.12129866 0.08673879],[ 9.9999493e-01  2.9193999e-03 -1.5552661e-04  1.2993917e-03],0,7,1785142641646632,1785142641646632,[0.02835065 0.22133482 0.15435788],1,[0.02458768 0.01728094 0.00581696]
1785142641666777387,[-0.01786149 -0.00491706 -0.00378593],[2.3343975e-05 2.8801134e-05 2.9590761e-03],1,[ 0.62552905  6.5043836  -5.124857  ],[0.12247013 0.12224238 0.08724796],[ 9.9999529e-01  2.7713773e-03 -1.9989359e-04  1.2770350e-03],0,7,1785142641662632,1785142641662632,[0.0276475  0.2208539  0.15545063],1,[0.02483271 0.01742441 0.0058382 ]
1785142641674815335,[-0.0229215  -0.00145495 -0.00059015],[2.3379052e-05 2.8770901e-05 2.9592132e-03],1,[ 0.62568825  6.5059133  -5.1246266 ],[0.12296095 0.12271839 0.08750376],[ 9.9999553e-01  2.6838046e-03 -2.0781033e-04  1.2773031e-03],0,7,1785142641670632,1785142641670632,[0.0274129  0.22050814 0.15590234],1,[0.0249559  0.01749652 0.00584882]
1785142641686769593,[-0.01732909 -0.00172129 -0.00138853],[2.3412065e-05 2.8737057e-05 2.9592647e-03],1,[ 0.6258495  6.507449  -5.12436  ],[0.12345538 0.12319705 0.08776037],[ 9.9999577e-01  2.6074413e-03 -2.1362494e-04  1.2773762e-03],0,7,1785142641678632,1785142641678632,[0.02729136 0.22032116 0.15618016],1,[0.02507861 0.01756793 0.00585946]
1785142641694723207,[-0.01839436 -0.00438444 -0.00218748],[2.3446762e-05 2.8707585e-05 2.9594013e-03],1,[ 0.62601274  6.5089917  -5.124059  ],[0.12395378 0.12367862 0.08801779],[ 9.9999601e-01  2.5358726e-03 -2.2799580e-04  1.2713632e-03],0,7,1785142641686632,1785142641686632,[0.02711626 0.22003554 0.15651232],1,[0.02520461 0.01764016 0.00587009]
1785142641706782364,[-0.01945962 -0.00252024 -0.00085591],[2.3481865e-05 2.8686918e-05 2.9595299e-03],1,[ 0.62617785  6.5105395  -5.123724  ],[0.124456   0.12416298 0.08827602],[ 9.9999624e-01  2.4579349e-03 -2.4030633e-04  1.2731433e-03],0,7,1785142641694632,1785142641694632,[0.02706492 0.21971703 0.15702356],1,[0.02532819 0.01771271 0.00588074]
1785142641714796952,[-0.01839435 -0.00065602 -0.00458433],[2.3522231e-05 2.8667602e-05 2.9596479e-03],1,[ 0.62634593  6.512093   -5.1234035 ],[0.12496206 0.12465009 0.08790544],[ 9.9999636e-01  2.3826784e-03 -2.4355702e-04  1.2577049e-03],0,7,1785142641702632,1785142641702632,[0.02710725 0.21923827 0.15738791],1,[0.02545304 0.0177854  0.00587026]
1785142641726754136,[-0.02105752 -0.00198759 -0.00458434],[2.3604644e-05 2.8635583e-05 2.9598824e-03],1,[ 0.6266854  6.515213  -5.122665 ],[0.12598582 0.12563296 0.08842228],[ 9.9999678e-01  2.2338512e-03 -2.5660606e-04  1.2433850e-03],0,7,1785142641718632,1785142641718632,[0.02648089 0.21852529 0.15763912],1,[0.02570441 0.01793216 0.00589154]
1785142641734822140,[-0.01972594 -0.00971076 -0.00032324],[2.3646398e-05 2.8622238e-05 2.9599974e-03],1,[ 0.62685716  6.5167813  -5.122251  ],[0.12650357 0.12612867 0.08868192],[ 9.9999696e-01  2.1507125e-03 -2.8717786e-04  1.2422900e-03],0,7,1785142641726632,1785142641726632,[0.02657183 0.21819024 0.1575304 ],1,[0.025832   0.01800591 0.00590219]
1785142641746861565,[-0.02132383 -0.00465076  0.00020936],[2.3724109e-05 2.8587292e-05 2.9602398e-03],1,[ 0.62721026  6.5199294  -5.121337  ],[0.12755093 0.12712872 0.08920365],[ 9.9999720e-01  1.9951346e-03 -3.3296819e-04  1.2417517e-03],0,7,1785142641742632,1785142641742632,[0.02656096 0.2174003  0.15773754],1,[0.02608045 0.01815291 0.00592351]
1785142641754793320,[-2.2921972e-02 -6.7813289e-03 -5.6388264e-05],[2.3757613e-05 2.8564922e-05 2.9602849e-03],1,[ 0.6273908  6.5215096 -5.120837 ],[0.12808034 0.12763296 0.08946574],[ 9.9999744e-01  1.9040665e-03 -3.6099475e-04  1.2444198e-03],0,7,1785142641750632,1785142641750632,[0.02653966 0.21712977 0.15780486],1,[0.02620524 0.01822604 0.00593417]
1785142641766957879,[-0.02238934 -0.00385185 -0.00245323],[2.3796492e-05 2.8553230e-05 2.9604016e-03],1,[ 0.6275735  6.523094  -5.120311 ],[0.12861398 0.12814023 0.08972865],[ 9.9999756e-01  1.8140328e-03 -3.7626637e-04  1.2368446e-03],0,7,1785142641758632,1785142641758632,[0.02648917 0.21682861 0.1579016 ],1,[0.02633176 0.01830017 0.00594484]
1785142641774795739,[-0.02238933 -0.0027866  -0.00298587],[2.3836525e-05 2.8539613e-05 2.9605150e-03],1,[ 0.6277576  6.524683  -5.1197753],[0.12915164 0.12865035 0.08934194],[ 9.9999768e-01  1.7213523e-03 -3.8997442e-04  1.2301862e-03],0,7,1785142641766632,1785142641766632,[0.026299   0.21644926 0.15778956],1,[0.02645763 0.01837489 0.00593362]
1785142641786967503,[-0.02105878 -0.00118451 -0.00405176],[2.2079064e-05 2.5665999e-05 2.7908909e-03],1,[ 0.627325   6.5273404 -5.122976 ],[0.10733828 0.10721717 0.08136876],[ 9.9999803e-01  1.5564807e-03 -4.0234995e-04  1.2192485e-03],0,7,1785142641782632,1785142641782632,[0.02546731 0.21526358 0.15642937],1,[0.01999481 0.01472169 0.00555039]
1785142641794781270,[-0.01759667 -0.00171713 -0.00538336],[2.2114205e-05 2.5655969e-05 2.7910098e-03],1,[ 0.62712127  6.5286813  -5.1244597 ],[0.10771751 0.10760209 0.0816047 ],[ 9.9999815e-01  1.4842979e-03 -4.1007140e-04  1.2138848e-03],0,7,1785142641790632,1785142641790632,[0.02505081 0.21465261 0.15576695],1,[0.02009435 0.01478424 0.00556088]
1785142641807028981,[-0.02239036  0.00067972 -0.00245388],[2.2146725e-05 2.5650730e-05 2.7911258e-03],1,[ 0.6269255  6.5300293 -5.1258698],[0.10809969 0.10798929 0.08184141],[ 9.9999827e-01  1.4009266e-03 -4.0559785e-04  1.2201262e-03],0,7,1785142641798632,1785142641798632,[0.02463269 0.21395826 0.15507993],1,[0.02019461 0.01484711 0.00557137]
1785142641814952449,[-0.02052615  0.00307656 -0.00351915],[2.2185421e-05 2.5643745e-05 2.7912392e-03],1,[ 0.62673736  6.531384   -5.127207  ],[0.10848483 0.10837879 0.08207889],[ 9.9999839e-01  1.3149000e-03 -3.9422367e-04  1.2241247e-03],0,7,1785142641806632,1785142641806632,[0.02429246 0.2133558  0.15453115],1,[0.0202944  0.01491    0.00558186]
1785142641826813252,[-0.01919453  0.00201136 -0.00245395],[2.2253238e-05 2.5619538e-05 2.7914159e-03],1,[ 0.62638664  6.5341153  -5.1296835 ],[0.10926401 0.10916466 0.08200844],[ 9.9999863e-01  1.1476910e-03 -3.7632752e-04  1.2317714e-03],0,7,1785142641822632,1785142641822632,[0.02372938 0.21232757 0.15349376],1,[0.02049287 0.01503577 0.00558487]
1785142641834873058,[-0.01999348  0.00281031 -0.00272027],[2.2286249e-05 2.5611933e-05 2.7915358e-03],1,[ 0.6262225  6.535491  -5.1308274],[0.10965814 0.10956113 0.08224665],[ 9.9999863e-01  1.0691667e-03 -3.6392958e-04  1.2376617e-03],0,7,1785142641830632,1785142641830632,[0.02336299 0.21166341 0.15294126],1,[0.02059398 0.01509959 0.00559537]
1785142641846822906,[-0.02132506  0.00334294 -0.00564975],[2.2322078e-05 2.5606678e-05 2.7916504e-03],1,[ 0.6260648  6.536872  -5.131904 ],[0.11005531 0.10995995 0.08248562],[ 9.9999875e-01  9.8373124e-04 -3.4941887e-04  1.2343961e-03],0,7,1785142641838632,1785142641838632,[0.02299654 0.21092305 0.1527353 ],1,[0.02069467 0.01516352 0.00560587]
1785142641855002205,[-0.02079243  0.0060061  -0.00431817],[2.2357362e-05 2.5598645e-05 2.7917682e-03],1,[ 0.625915   6.5382576 -5.132915 ],[0.11045554 0.11036111 0.08272536],[ 9.9999875e-01  8.9936052e-04 -3.2534066e-04  1.2353057e-03],0,7,1785142641846632,1785142641846632,[0.02290629 0.21021275 0.1526699 ],1,[0.02079529 0.01522771 0.00561638]
1785142641866891590,[-0.01946085 -0.00304865 -0.00245394],[2.2422440e-05 2.5587522e-05 2.7920045e-03],1,[ 0.62563896  6.541045   -5.134743  ],[0.11126522 0.11117058 0.08320718],[ 9.9999887e-01  7.4719934e-04 -3.0704963e-04  1.2496242e-03],0,7,1785142641862632,1785142641862632,[0.02252565 0.20913705 0.1527576 ],1,[0.02099542 0.01535668 0.00563741]
1785142641874912060,[-0.01972716 -0.00251601 -0.00458449],[2.2455723e-05 2.5580253e-05 2.7921244e-03],1,[ 0.6255115  6.542448  -5.1355605],[0.11167472 0.1115789  0.08344926],[ 9.9999905e-01  6.6769909e-04 -3.1656460e-04  1.2465235e-03],0,7,1785142641870632,1785142641870632,[0.02222099 0.20878057 0.15312521],1,[0.02109807 0.01542157 0.00564793]
1785142641886761578,[-0.01812926 -0.0022497  -0.00245394],[2.2497297e-05 2.5570620e-05 2.7922378e-03],1,[ 0.6253894  6.5438576 -5.1363153],[0.11208735 0.11198962 0.08369212],[ 9.9999905e-01  5.9405854e-04 -3.2183225e-04  1.2550690e-03],0,7,1785142641878632,1785142641878632,[0.02177976 0.20840208 0.15326732],1,[0.02120034 0.01548712 0.00565846]
1785142641894803445,[-0.01599874 -0.00251601 -0.00458448],[2.2538350e-05 2.5565518e-05 2.7923472e-03],1,[ 0.62527233  6.545274   -5.1370206 ],[0.11250313 0.11240273 0.08336964],[ 9.9999905e-01  5.2842405e-04 -3.2975961e-04  1.2539565e-03],0,7,1785142641886632,1785142641886632,[0.02143131 0.20815606 0.15351713],1,[0.0213017  0.01555269 0.00565029]
1785142641906904605,[-0.01972681 -0.00544523 -0.00272113],[2.2611681e-05 2.5539375e-05 2.7925277e-03],1,[ 0.62505084  6.5481205  -5.1382546 ],[0.11334416 0.11323626 0.08385597],[ 9.9999917e-01  3.8446416e-04 -3.5998854e-04  1.2638629e-03],0,7,1785142641902632,1785142641902632,[0.02046345 0.20678811 0.15418929],1,[0.02150724 0.01568386 0.00567135]
1785142641914861275,[-0.01812892 -0.00624418 -0.00538427],[2.2648037e-05 2.5527666e-05 2.7926492e-03],1,[ 0.6249459  6.549548  -5.1387835],[0.11376952 0.11365674 0.08410031],[ 9.9999917e-01  3.0933451e-04 -3.7961555e-04  1.2605038e-03],0,7,1785142641910632,1785142641910632,[0.02015224 0.20604189 0.15502337],1,[0.02161083 0.01575    0.00568188]
1785142641926780436,[-0.01519944 -0.0049126  -0.00485165],[2.2683902e-05 2.5515041e-05 2.7927719e-03],1,[ 0.6248461  6.5509777 -5.139254 ],[0.1141981  0.11407968 0.08434543],[ 9.9999917e-01  2.4167022e-04 -3.9924143e-04  1.2565601e-03],0,7,1785142641918632,1785142641918632,[0.01989299 0.20524545 0.15555362],1,[0.02171437 0.01581631 0.00569242]
1785142641934859515,[-0.01253628 -0.00571154 -0.00352008],[2.2719092e-05 2.5508994e-05 2.7928904e-03],1,[ 0.62475157  6.5524096  -5.1396694 ],[0.11462994 0.1145051  0.08459134],[ 9.9999917e-01  1.9584948e-04 -4.1884903e-04  1.2579007e-03],0,7,1785142641926632,1785142641926632,[0.01964608 0.20466518 0.15603836],1,[0.02181828 0.01588294 0.00570297]
1785142641946864253,[-0.01519943 -0.00544524 -0.00458534],[2.2785534e-05 2.5495634e-05 2.7931288e-03],1,[ 0.6245752  6.5552855 -5.140365 ],[0.11550343 0.11536338 0.08450384],[ 9.9999917e-01  6.8544738e-05 -4.6724675e-04  1.2695913e-03],0,7,1785142641942632,1785142641942632,[0.01892966 0.20355779 0.15730527],1,[0.02202471 0.0160168  0.00570478]
1785142641954884904,[-0.01440049 -0.00890733 -0.00431902],[2.2815970e-05 2.5487561e-05 2.7932541e-03],1,[ 0.6244934  6.556726  -5.1406474],[0.11594512 0.11579632 0.08475042],[ 9.9999917e-01  1.1034361e-05 -4.9926050e-04  1.2667754e-03],0,7,1785142641950632,1785142641950632,[0.01872462 0.20265312 0.15802483],1,[0.0221281  0.01608409 0.00571533]
1785142641966867924,[-0.01546576 -0.00730943 -0.00192218],[2.2843999e-05 2.5478617e-05 2.7933826e-03],1,[ 0.624417   6.5581675 -5.140877 ],[0.11639015 0.11623179 0.08499779],[ 9.9999905e-01 -4.7551217e-05 -5.2654743e-04  1.2714888e-03],0,7,1785142641958632,1785142641958632,[0.01858576 0.2019919  0.15866429],1,[0.02223235 0.01615162 0.00572588]
1785142641974830317,[-0.01360156 -0.0107713  -0.00325373],[2.2868391e-05 2.5463114e-05 2.7934606e-03],1,[ 0.6243452  6.559611  -5.1410556],[0.1168384  0.11666972 0.08524594],[ 9.9999905e-01 -1.0559042e-04 -5.6455168e-04  1.2746819e-03],0,7,1785142641966632,1785142641966632,[0.01834054 0.20133848 0.15946253],1,[0.02233664 0.01621896 0.00573644]
1785142641986842171,[-0.01333525 -0.01183656 -0.00378636],[2.2925073e-05 2.5452331e-05 2.7937118e-03],1,[ 0.62421566  6.5625043  -5.141263  ],[0.11774525 0.11755341 0.08574463],[ 9.9999893e-01 -2.1956685e-04 -6.3480722e-04  1.2744507e-03],0,7,1785142641982632,1785142641982632,[0.01812361 0.20023012 0.16093148],1,[0.02254674 0.01635503 0.00575757]
1785142641994958101,[-0.01306894 -0.00970602 -0.00298744],[2.2952003e-05 2.5444480e-05 2.7938411e-03],1,[ 0.6241589  6.563954  -5.1412935],[0.11820377 0.11799913 0.08599517],[ 9.9999893e-01 -2.7122357e-04 -6.7561585e-04  1.2731317e-03],0,7,1785142641990632,1785142641990632,[0.01790421 0.19956945 0.16179772],1,[0.02265086 0.0164232  0.00576814]
1785142642006831509,[-0.01413419 -0.01157025 -0.004319  ],[2.2975739e-05 2.5437168e-05 2.7939742e-03],1,[ 0.6241064  6.5654044 -5.1412754],[0.11866572 0.11844744 0.08624651],[ 9.9999893e-01 -3.2767595e-04 -7.1702618e-04  1.2724276e-03],0,7,1785142641998632,1785142641998632,[0.01768567 0.1987977  0.1628026 ],1,[0.02275538 0.01649186 0.00577871]
1785142642014853146,[-0.01333525 -0.00997234 -0.00591691],[2.2999939e-05 2.5433157e-05 2.7941004e-03],1,[ 0.62405795  6.5668554  -5.1412263 ],[0.1191311  0.11889829 0.08589756],[ 9.9999893e-01 -3.8252611e-04 -7.5796770e-04  1.2606272e-03],0,7,1785142642006632,1785142642006632,[0.01747782 0.19819228 0.16344957],1,[0.02286115 0.01656065 0.00576928]
1785142642026863538,[-0.01653104 -0.00997234 -0.0024548 ],[2.3069129e-05 2.5424579e-05 2.7943375e-03],1,[ 0.6239761  6.5697584 -5.140996 ],[0.12007228 0.11980799 0.08640071],[ 9.9999881e-01 -5.0396967e-04 -8.4217056e-04  1.2644794e-03],0,7,1785142642022632,1785142642022632,[0.01731907 0.19667603 0.16490927],1,[0.02307532 0.01669823 0.00579043]
1785142642035111971,[-0.01626421 -0.00517829 -0.00538554],[2.3097989e-05 2.5417581e-05 2.7944082e-03],1,[ 0.62393963  6.5712113  -5.1408153 ],[0.12054794 0.12026668 0.08665349],[ 9.9999869e-01 -5.6897086e-04 -8.6626451e-04  1.2561475e-03],0,7,1785142642030632,1785142642030632,[0.01697483 0.19603254 0.16558191],1,[0.02318234 0.01676659 0.00580102]
1785142642046871183,[-0.01546527 -0.01050461 -0.00618446],[2.3132881e-05 2.5418445e-05 2.7945219e-03],1,[ 0.62390697  6.5726647  -5.140594  ],[0.12102729 0.12072813 0.08690706],[ 9.9999869e-01 -6.2962522e-04 -9.0044783e-04  1.2447973e-03],0,7,1785142642038632,1785142642038632,[0.01685009 0.19534375 0.16600934],1,[0.02329155 0.01683584 0.00581161]
1785142642054819659,[-0.01360107 -0.00917302 -0.00298868],[2.3168792e-05 2.5417910e-05 2.7946364e-03],1,[ 0.623878   6.5741177 -5.1403327],[0.12151018 0.12119224 0.08716144],[ 9.9999857e-01 -6.8761944e-04 -9.3788048e-04  1.2372780e-03],0,7,1785142642046632,1785142642046632,[0.01659098 0.19461913 0.16668387],1,[0.02339798 0.01690526 0.0058222 ]
1785142642066879198,[-0.00987263 -0.00730882 -0.00565184],[2.3246965e-05 2.5412975e-05 2.7948599e-03],1,[ 0.6238329  6.5770254 -5.139715 ],[0.12248665 0.12212846 0.08705515],[ 9.9999845e-01 -7.8127231e-04 -9.9478872e-04  1.2230796e-03],0,7,1785142642062632,1785142642062632,[0.01658139 0.19356522 0.16740136],1,[0.02360993 0.01704415 0.00582277]
1785142642074847378,[-0.00987263 -0.00624355 -0.00538553],[2.3286017e-05 2.5413590e-05 2.7949701e-03],1,[ 0.623819  6.578481 -5.139361],[0.12298027 0.12260065 0.08731014],[ 9.9999845e-01 -8.1958284e-04 -1.0190674e-03  1.2100261e-03],0,7,1785142642070632,1785142642070632,[0.01677636 0.19296096 0.16797099],1,[0.02371593 0.01711423 0.00583337]
1785142642087021779,[-0.01440001 -0.00864039 -0.00352133],[2.3325218e-05 2.5422609e-05 2.7950732e-03],1,[ 0.6238105  6.579936  -5.1389704],[0.12347751 0.12307556 0.08756593],[ 9.9999833e-01 -8.7227632e-04 -1.0514078e-03  1.2029258e-03],0,7,1785142642078663,1785142642078663,[0.0166783  0.19223513 0.16832705],1,[0.0238239  0.01718459 0.00584397]
1785142642094952887,[-0.01200316 -0.01077092 -0.00272235],[2.3367569e-05 2.5424864e-05 2.7951794e-03],1,[ 0.6238062  6.581391  -5.1385465],[0.12397839 0.12355319 0.08782253],[ 9.9999833e-01 -9.2497026e-04 -1.0907294e-03  1.1985990e-03],0,7,1785142642086663,1785142642086663,[0.01669491 0.19169371 0.16830209],1,[0.02393296 0.01725483 0.00585457]
1785142642106804160,[-0.01892719 -0.00837419 -0.00325544],[2.3446397e-05 2.5426905e-05 2.7953461e-03],1,[ 0.62381655  6.584304   -5.137608  ],[0.12499093 0.12451655 0.08833817],[ 0.9999981  -0.00105382 -0.00116212  0.00118758],0,7,1785142642102663,1785142642102663,[0.01712329 0.19074969 0.16858871],1,[0.02414602 0.01739571 0.0058758 ]
1785142642115041951,[-0.01599771 -0.00917314 -0.00458701],[2.3488486e-05 2.5431369e-05 2.7954504e-03],1,[ 0.62382936  6.5857615  -5.137091  ],[0.12550284 0.12500244 0.08859721],[ 0.999998   -0.00112141 -0.00119846  0.00117661],0,7,1785142642110663,1785142642110663,[0.016984   0.19019398 0.16876493],1,[0.02425444 0.01746699 0.00588642]
1785142642126787582,[-1.4133508e-02 -9.1731288e-03 -5.9637096e-05],[2.3534345e-05 2.5436144e-05 2.7955512e-03],1,[ 0.6238452  6.5872183 -5.1365457],[0.12601848 0.12549113 0.08885705],[ 0.99999785 -0.00117943 -0.00123428  0.00117911],0,7,1785142642118663,1785142642118663,[0.01683013 0.18933342 0.16885696],1,[0.02436309 0.01753827 0.00589704]
1785142642134844797,[-0.01333455 -0.00597734 -0.00139123],[2.3577835e-05 2.5440491e-05 2.7956525e-03],1,[ 0.6238647  6.5886726 -5.136015 ],[0.12653783 0.12598254 0.08847982],[ 0.99999774 -0.00123374 -0.00126004  0.0011807 ],0,7,1785142642126663,1785142642126663,[0.01680792 0.1885619  0.16880833],1,[0.02447283 0.0176098  0.00588628]
1785142642146789264,[-0.01413349 -0.00810789 -0.00591858],[2.3671138e-05 2.5454465e-05 2.7958488e-03],1,[ 0.6239116  6.5915785 -5.134874 ],[0.12758787 0.12697393 0.08899986],[ 0.9999976  -0.0013594  -0.00131122  0.00116737],0,7,1785142642142663,1785142642142663,[0.01622744 0.1871123  0.16847828],1,[0.02469237 0.01775382 0.00590753]
1785142642154966883,[-0.01333456 -0.00677627 -0.0040544 ],[2.3718398e-05 2.5460296e-05 2.7959482e-03],1,[ 0.62393814  6.593028   -5.1342635 ],[0.12811859 0.12747386 0.0892611 ],[ 0.9999975  -0.00140997 -0.00134195  0.00114982],0,7,1785142642150663,1785142642150663,[0.01608188 0.18631756 0.16851874],1,[0.02480112 0.0178259  0.00591816]
1785142642166853233,[-0.01679665 -0.00198261 -0.00298913],[2.3765360e-05 2.5466983e-05 2.7960462e-03],1,[ 0.62396777  6.5944743  -5.1336274 ],[0.12865312 0.12797664 0.08952316],[ 0.9999974  -0.00147762 -0.00135194  0.00114466],0,7,1785142642158663,1785142642158663,[0.01598947 0.18541825 0.16847418],1,[0.02491182 0.01789845 0.0059288 ]
1785142642174898922,[-0.0141335  -0.00384681 -0.00298912],[2.3813791e-05 2.5473737e-05 2.7961435e-03],1,[ 0.6240007  6.595918  -5.132967 ],[0.12919149 0.12848228 0.08978604],[ 0.99999726 -0.00153303 -0.00136517  0.00113655],0,7,1785142642166663,1785142642166663,[0.01594916 0.18468323 0.16827662],1,[0.02502048 0.01797142 0.00593944]
1785142642186801307,[-0.01572635  0.00201495 -0.00219178],[2.2249653e-05 2.3311053e-05 2.6571180e-03],1,[ 0.6233442  6.5991664 -5.1361117],[0.10726314 0.10718646 0.08120219],[ 0.999997   -0.00164751 -0.00134977  0.00114668],0,7,1785142642182663,1785142642182663,[0.01514437 0.18315636 0.16662462],1,[0.01909001 0.01444905 0.00553669]
1785142642194940271,[-0.01705793 -0.00144716 -0.00032757],[2.2291804e-05 2.3319031e-05 2.6572207e-03],1,[ 0.62302935  6.60078    -5.1375804 ],[0.10764726 0.10756928 0.08143742],[ 0.999997   -0.00171508 -0.0013547   0.00116502],0,7,1785142642190663,1785142642190663,[0.01477838 0.18261659 0.16598132],1,[0.01917759 0.01451038 0.00554715]
1785142642206844380,[-0.01546003 -0.00251243 -0.00512125],[2.2335083e-05 2.3327861e-05 2.6573217e-03],1,[ 0.62272364  6.6023884  -5.138973  ],[0.10803422 0.10795436 0.08167343],[ 0.9999969  -0.0017757  -0.00135756  0.00116764],0,7,1785142642198663,1785142642198663,[0.01447398 0.18192638 0.16535795],1,[0.01926503 0.01457165 0.00555761]
1785142642214893466,[-0.01705792 -0.00171348 -0.00778443],[2.2376807e-05 2.3338464e-05 2.6574226e-03],1,[ 0.6224276  6.6039896 -5.1402926],[0.10842405 0.10834169 0.08191019],[ 0.9999968  -0.00184004 -0.00136528  0.00115988],0,7,1785142642206663,1785142642206663,[0.01431448 0.18105103 0.164376  ],1,[0.01935418 0.0146335  0.00556807]
1785142642226852225,[-0.01652529 -0.0003819  -0.00432231],[2.2455244e-05 2.3367378e-05 2.6576216e-03],1,[ 0.62186193  6.6071677  -5.1427197 ],[0.10921234 0.10912318 0.08238603],[ 0.99999654 -0.00196027 -0.00135948  0.00116221],0,7,1785142642222663,1785142642222663,[0.0136663  0.17928717 0.16319782],1,[0.01953267 0.01475806 0.00558901]
1785142642234828993,[-0.01439477 -0.00171348 -0.00565388],[2.2497088e-05 2.3378103e-05 2.6577224e-03],1,[ 0.6215915  6.608747  -5.14383  ],[0.10961084 0.10951735 0.08262511],[ 0.9999964  -0.00202037 -0.00136144  0.00115797],0,7,1785142642230663,1785142642230663,[0.01337429 0.17865159 0.16261701],1,[0.01962141 0.0148205  0.00559949]
1785142642246855580,[-0.0165253  -0.00304505 -0.00325705],[2.2541271e-05 2.3388875e-05 2.6578221e-03],1,[ 0.62132895  6.6103206  -5.1448736 ],[0.11001227 0.10991383 0.08286496],[ 0.9999962  -0.00208102 -0.00137141  0.00116205],0,7,1785142642238663,1785142642238663,[0.01303777 0.17804377 0.16215792],1,[0.01971188 0.01488347 0.00560997]
1785142642254886267,[-0.01386229 -0.00357768 -0.00299037],[2.2581389e-05 2.3393379e-05 2.6578866e-03],1,[ 0.6210741  6.611889  -5.1458616],[0.11041658 0.11031254 0.08255058],[ 0.99999607 -0.00213848 -0.00138407  0.00116646],0,7,1785142642246663,1785142642246663,[0.01280173 0.17741422 0.1615509 ],1,[0.01980172 0.01494637 0.00560222]
1785142642266904366,[-0.01625914 -0.00224609 -0.00112616],[2.2666380e-05 2.3405131e-05 2.6580982e-03],1,[ 0.62058634  6.6150103  -5.147647  ],[0.11123423 0.11111714 0.08303093],[ 0.9999958  -0.00225559 -0.00139989  0.00118109],0,7,1785142642262663,1785142642262663,[0.01208783 0.17630899 0.16120571],1,[0.01998455 0.01507296 0.00562319]
1785142642274872956,[-0.01226439 -0.00277873 -0.00059352],[2.2709726e-05 2.3414652e-05 2.6581995e-03],1,[ 0.62035286  6.616563   -5.1484437 ],[0.11164754 0.11152296 0.08327227],[ 0.9999957  -0.00230565 -0.00140728  0.0011956 ],0,7,1785142642270663,1785142642270663,[0.0119646  0.17553702 0.16137324],1,[0.02007399 0.01513654 0.00563368]
1785142642286919166,[-0.01519386 -0.00331137 -0.00112616],[2.2749833e-05 2.3425357e-05 2.6583041e-03],1,[ 0.62012774  6.6181083  -5.149177  ],[0.11206386 0.11193114 0.08351438],[ 0.99999547 -0.00236156 -0.00141844  0.00120942],0,7,1785142642278663,1785142642278663,[0.01187342 0.17471698 0.16152675],1,[0.02016437 0.01520054 0.00564417]
1785142642294941715,[-0.01732439 -0.00837138 -0.00725142],[2.2788585e-05 2.3433449e-05 2.6584121e-03],1,[ 0.6199095  6.6196485 -5.1498504],[0.11248322 0.11234169 0.08375727],[ 0.99999535 -0.00242703 -0.00144459  0.00120392],0,7,1785142642286663,1785142642286663,[0.01154676 0.17421995 0.1616298 ],1,[0.02025603 0.01526459 0.00565467]
1785142642306901285,[-0.01812335 -0.008904   -0.00085985],[2.2871445e-05 2.3454713e-05 2.6586181e-03],1,[ 0.61948854  6.622713   -5.151049  ],[0.11333108 0.11316995 0.08367676],[ 0.9999948  -0.00256117 -0.00151557  0.00121333],0,7,1785142642302663,1785142642302663,[0.01061185 0.17276496 0.16210186],1,[0.02043771 0.01539321 0.00565698]
1785142642314954261,[-0.01865597 -0.01343138 -0.0019251 ],[2.2906444e-05 2.3462128e-05 2.6587308e-03],1,[ 0.61928517  6.6242347  -5.151561  ],[0.11375962 0.11358771 0.08392034],[ 0.9999946  -0.00263463 -0.00156573  0.00122346],0,7,1785142642310663,1785142642310663,[0.01033938 0.171889   0.16259815],1,[0.02052836 0.015458   0.00566748]
1785142642326960313,[-0.0191887  -0.01076803 -0.00245753],[2.2937642e-05 2.3467393e-05 2.6588077e-03],1,[ 0.61908716  6.6257486  -5.152014  ],[0.11419115 0.11400779 0.0841647 ],[ 0.99999434 -0.0027097  -0.00160899  0.00123025],0,7,1785142642318663,1785142642318663,[0.01002033 0.17106757 0.16327891],1,[0.02061962 0.01552247 0.00567799]
1785142642335024152,[-0.02052029 -0.0086375  -0.00245754],[2.2968547e-05 2.3477700e-05 2.6589227e-03],1,[ 0.618895  6.627255 -5.152409],[0.1146259  0.11443041 0.08440985],[ 0.99999404 -0.00278799 -0.00164533  0.00123701],0,7,1785142642326663,1785142642326663,[0.00989509 0.17003702 0.16394489],1,[0.02071192 0.01558785 0.00568851]
1785142642347000268,[-0.02211818 -0.01050171 -0.00299018],[2.3030698e-05 2.3495419e-05 2.6591551e-03],1,[ 0.6185313  6.630244  -5.1530333],[0.11550482 0.11528298 0.08490251],[ 0.9999934  -0.0029473  -0.00172397  0.00124663],0,7,1785142642342663,1785142642342663,[0.00994616 0.16816053 0.1650921 ],1,[0.02089628 0.01571895 0.00570955]
1785142642355010029,[-0.01625923 -0.01130067 -0.00405541],[2.3063885e-05 2.3504985e-05 2.6592666e-03],1,[ 0.6183601  6.631727  -5.153326 ],[0.11594902 0.11571294 0.08456745],[ 0.99999315 -0.00301822 -0.0017679   0.0012459 ],0,7,1785142642350663,1785142642350663,[0.00972962 0.16744958 0.16578446],1,[0.02098898 0.01578486 0.00570078]
1785142642366984863,[-0.01625924 -0.01236592 -0.00112594],[2.3098508e-05 2.3513765e-05 2.6593793e-03],1,[ 0.61819446  6.633205   -5.1535635 ],[0.1163964  0.11614542 0.08481406],[ 0.9999929  -0.00308122 -0.00181345  0.00125377],0,7,1785142642358663,1785142642358663,[0.00956284 0.1668144  0.16653557],1,[0.02108109 0.01585139 0.0057113 ]
1785142642374992719,[-0.01279712 -0.0118333  -0.00245753],[2.3129194e-05 2.3523911e-05 2.6594945e-03],1,[ 0.61803377  6.634676   -5.1537476 ],[0.11684699 0.1165804  0.08506144],[ 0.99999255 -0.00313255 -0.00185957  0.00126117],0,7,1785142642366663,1785142642366663,[0.0092651  0.16588224 0.16733243],1,[0.02117192 0.0159177  0.00572183]
1785142642386954214,[-0.0197214  -0.01423022 -0.00751734],[2.3189377e-05 2.3538263e-05 2.6596938e-03],1,[ 0.61773014  6.6375933  -5.153963  ],[0.11775768 0.11745778 0.08555858],[ 0.99999195 -0.00327523 -0.00197286  0.00125159],0,7,1785142642382663,1785142642382663,[0.0092336  0.16390064 0.16841936],1,[0.02135878 0.01605037 0.0057429 ]
1785142642394940273,[-0.01492775 -0.01502914 -0.00298994],[2.3224984e-05 2.3548359e-05 2.6598051e-03],1,[ 0.6175885  6.63904   -5.1539965],[0.11821797 0.11790032 0.08580834],[ 0.9999916  -0.00333734 -0.00202985  0.00124636],0,7,1785142642390663,1785142642390663,[0.00930131 0.16301584 0.16922903],1,[0.02145342 0.01611728 0.00575344]
1785142642406833999,[-0.01679194 -0.01343125 -0.00352261],[2.3261515e-05 2.3559409e-05 2.6599145e-03],1,[ 0.6174537  6.6404786 -5.1539807],[0.11868153 0.1183454  0.0860589 ],[ 0.99999124 -0.00340111 -0.00208581  0.00124598],0,7,1785142642398663,1785142642398663,[0.00931052 0.16212492 0.17001948],1,[0.02154834 0.01618461 0.00576398]
1785142642414899692,[-0.01519405 -0.01236599 -0.00139205],[2.3296330e-05 2.3571261e-05 2.6600254e-03],1,[ 0.6173247  6.64191   -5.153918 ],[0.11914837 0.11879304 0.08631025],[ 0.999991   -0.00346388 -0.00213274  0.00125149],0,7,1785142642406663,1785142642406663,[0.00923608 0.16122682 0.17070413],1,[0.02164395 0.01625187 0.00577453]
1785142642426971148,[-0.01732458 -0.00970283 -0.00165838],[2.3366638e-05 2.3594383e-05 2.6602459e-03],1,[ 0.61708564  6.644747   -5.153737  ],[0.120092   0.119696   0.08621162],[ 0.9999903  -0.00358905 -0.00221769  0.001259  ],0,7,1785142642422663,1785142642422663,[0.00943225 0.15909468 0.17207974],1,[0.02183359 0.01638679 0.00577561]
1785142642435007887,[-0.01546037 -0.00917019 -0.00245733],[2.3402916e-05 2.3606151e-05 2.6603562e-03],1,[ 0.61697626  6.6461515  -5.1535788 ],[0.12056883 0.12015139 0.08646361],[ 0.99999005 -0.00365197 -0.00225624  0.0012594 ],0,7,1785142642430663,1785142642430663,[0.0095153 0.1580053 0.1725177],1,[0.02192781 0.01645471 0.00578617]
1785142642446898426,[-0.01625932 -0.00890388 -0.00272364],[2.3443938e-05 2.3615768e-05 2.6604645e-03],1,[ 0.6168735  6.647548  -5.153378 ],[0.121049   0.12060938 0.08671639],[ 0.9999897  -0.00371654 -0.002289    0.00125773],0,7,1785142642438663,1785142642438663,[0.00965414 0.15714525 0.17304423],1,[0.02202454 0.01652263 0.00579673]
1785142642454942583,[-0.01599298 -0.00917021 -0.0051205 ],[2.3488943e-05 2.3625204e-05 2.6605688e-03],1,[ 0.6167775  6.648937  -5.153136 ],[0.12153255 0.12106999 0.08696998],[ 0.99998945 -0.00377742 -0.00232552  0.00125458],0,7,1785142642446663,1785142642446663,[0.00972634 0.15613519 0.17350331],1,[0.02212046 0.01659053 0.00580729]
1785142642466943323,[-0.01386241 -0.00624068 -0.00565327],[2.3576962e-05 2.3636307e-05 2.6607483e-03],1,[ 0.61660236  6.651687   -5.152531  ],[0.12250963 0.12199895 0.08747957],[ 0.9999889  -0.00388703 -0.00237641  0.0012192 ],0,7,1785142642462663,1785142642462663,[0.00965025 0.15397999 0.17433067],1,[0.02230931 0.0167262  0.00582843]
1785142642475098482,[-0.0135961  -0.00730594 -0.00378906],[2.3624114e-05 2.3643852e-05 2.6608510e-03],1,[ 0.616522   6.653049  -5.1522093],[0.12300339 0.12246744 0.08711722],[ 0.9999887  -0.00394006 -0.00240347  0.00121206],0,7,1785142642470663,1785142642470663,[0.00975466 0.15300357 0.17468672],1,[0.02240455 0.01679462 0.00581837]
1785142642486901219,[-0.01199819 -0.00917016 -0.00458801],[2.3668990e-05 2.3650753e-05 2.6609593e-03],1,[ 0.6164492  6.6544037 -5.1518497],[0.12350061 0.12293863 0.08737221],[ 0.99998844 -0.00398833 -0.00243856  0.00120349],0,7,1785142642478663,1785142642478663,[0.01010639 0.15228233 0.17502555],1,[0.02249868 0.01686351 0.00582894]
1785142642494874029,[-0.01253082 -0.00384384 -0.0075175 ],[2.3713568e-05 2.3658358e-05 2.6610666e-03],1,[ 0.61638343  6.6557517  -5.151453  ],[0.12400128 0.12341251 0.08762801],[ 0.99998814 -0.00403717 -0.00245881  0.00118484],0,7,1785142642486663,1785142642486663,[0.01024477 0.1515049  0.17544302],1,[0.02259418 0.01693266 0.00583951]
1785142642506926232,[-0.01439504 -0.00597436 -0.0043217 ],[2.3808412e-05 2.3673743e-05 2.6612757e-03],1,[ 0.61626804  6.6584225  -5.150555  ],[0.12501307 0.12436836 0.08814203],[ 0.9999876  -0.00414084 -0.00250957  0.00114576],0,7,1785142642502663,1785142642502663,[0.01027663 0.1493413  0.17588155],1,[0.02278637 0.01707185 0.00586068]
1785142642515026952,[-0.01332978 -0.00437646 -0.00219117],[2.3856692e-05 2.3685066e-05 2.6613772e-03],1,[ 0.61621827  6.6597447  -5.150055  ],[0.12552422 0.12485036 0.08840025],[ 0.99998736 -0.00419253 -0.00252615  0.00114288],0,7,1785142642510663,1785142642510663,[0.01039204 0.1485361  0.17617153],1,[0.02288427 0.01714152 0.00587126]
1785142642526904663,[-0.01253083 -0.00624092 -0.00512058],[2.3900629e-05 2.3693399e-05 2.6614459e-03],1,[ 0.61617386  6.6610603  -5.1495233 ],[0.12603864 0.12533489 0.08865929],[ 0.9999871  -0.00424422 -0.00255186  0.00113007],0,7,1785142642518663,1785142642518663,[0.01037266 0.14756237 0.17632513],1,[0.02297927 0.01721034 0.00588186]
1785142642534987163,[-0.00773715 -0.00703987 -0.0021911 ],[2.3952474e-05 2.3704473e-05 2.6615432e-03],1,[ 0.61613536  6.6623664  -5.1489606 ],[0.12655687 0.12582237 0.08891913],[ 0.99998695 -0.0042784  -0.00257546  0.00112544],0,7,1785142642526663,1785142642526663,[0.01069002 0.1465919  0.17646764],1,[0.02307549 0.01728077 0.00589245]
1785142642546957136,[-0.01119926 -0.00144722 -0.00085954],[2.4057195e-05 2.3725064e-05 2.6617381e-03],1,[ 0.6160769  6.6649585 -5.1478086],[0.12760404 0.12680553 0.0888006 ],[ 0.99998647 -0.00436714 -0.00260412  0.00112139],0,7,1785142642542663,1785142642542663,[0.01094698 0.14490347 0.17695157],1,[0.02326928 0.01742218 0.00589226]
1785142642554971888,[-0.00720451 -0.00304513 -0.00165847],[2.4109355e-05 2.3736930e-05 2.6618354e-03],1,[ 0.61605567  6.666242   -5.1471868 ],[0.12813303 0.1273013  0.08906102],[ 0.99998623 -0.00439987 -0.00261393  0.00112313],0,7,1785142642550663,1785142642550663,[0.01116358 0.14395945 0.17709617],1,[0.02336683 0.01749315 0.00590286]
1785142642566906564,[-0.00933505 -0.0043767  -0.00192479],[2.4158548e-05 2.3749082e-05 2.6619351e-03],1,[ 0.6160408  6.6675177 -5.146536 ],[0.12866563 0.12779988 0.08932225],[ 0.9999861  -0.00443527 -0.0026286   0.00111763],0,7,1785142642558663,1785142642558663,[0.01147562 0.14293347 0.17729092],1,[0.02346473 0.01756432 0.00591346]
1785142642574942201,[-0.00613924 -0.00011565 -0.00432165],[2.4208182e-05 2.3762648e-05 2.6620347e-03],1,[ 0.616033  6.668784 -5.145857],[0.12920187 0.12830128 0.08958431],[ 0.999986   -0.00446218 -0.00263639  0.00110809],0,7,1785142642566663,1785142642566663,[0.01184487 0.14186835 0.17745367],1,[0.02356134 0.01763594 0.00592407]
1785142642586980554,[-0.01093075  0.00414893 -0.00272467],[2.2756469e-05 2.2070939e-05 2.5513947e-03],1,[ 0.6152341  6.6713886 -5.148909 ],[0.10724112 0.10714106 0.08157639],[ 0.99998564 -0.00453801 -0.00261377  0.0010943 ],0,7,1785142642582663,1785142642582663,[0.0112961  0.13991134 0.17634186],1,[0.01816083 0.01422384 0.00554117]
1785142642595005768,[-0.00640333  0.00068679 -0.00272477],[2.2793700e-05 2.2080310e-05 2.5514725e-03],1,[ 0.6148514  6.6726766 -5.150341 ],[0.10762821 0.10752172 0.08127458],[ 0.99998564 -0.0045635  -0.00260672  0.00110357],0,7,1785142642590663,1785142642590663,[0.01111256 0.13896702 0.17585467],1,[0.01823916 0.01428361 0.00553404]
1785142642607072223,[-0.01226228  0.00281733 -0.00512163],[2.2837001e-05 2.2096026e-05 2.5515747e-03],1,[ 0.61447954  6.673956   -5.151695  ],[0.10801809 0.10790467 0.0815099 ],[ 0.99998546 -0.00460601 -0.00259551  0.00109923],0,7,1785142642598663,1785142642598663,[0.01081194 0.1381715  0.17522188],1,[0.01831768 0.01434425 0.00554447]
1785142642615005566,[-0.01119702  0.00148574 -0.00245845],[2.2877173e-05 2.2113225e-05 2.5516793e-03],1,[ 0.61411875  6.675227   -5.152972  ],[0.10841072 0.10828984 0.08174597],[ 0.99998534 -0.00465391 -0.00258695  0.00110529],0,7,1785142642606663,1785142642606663,[0.01078582 0.13728176 0.1746867 ],1,[0.01839576 0.01440509 0.00555491]
1785142642626960086,[-0.00613701  0.00334995 -0.0029911 ],[2.2956830e-05 2.2147653e-05 2.5518902e-03],1,[ 0.6134331  6.677742  -5.155307 ],[0.10920428 0.1090669  0.08222044],[ 0.999985   -0.00470661 -0.00257679  0.00111098],0,7,1785142642622663,1785142642622663,[0.01063993 0.13542587 0.17373271],1,[0.01855427 0.01452736 0.00557579]
1785142642635028735,[-0.01039807  0.00148573 -0.00751846],[2.2999819e-05 2.2166047e-05 2.5519917e-03],1,[ 0.6131069  6.6789856 -5.1563673],[0.10960523 0.1094588  0.08245882],[ 0.9999849  -0.00474336 -0.00256354  0.0011025 ],0,7,1785142642630663,1785142642630663,[0.01065254 0.13430692 0.17328632],1,[0.01863548 0.01458916 0.00558623]
1785142642646839389,[-0.00959913  0.00201838 -0.00272478],[2.3038014e-05 2.2184506e-05 2.5520974e-03],1,[ 0.61279273  6.6802187  -5.1573596 ],[0.11000899 0.10985298 0.08269797],[ 0.99998474 -0.00478388 -0.00255775  0.00110023],0,7,1785142642638663,1785142642638663,[0.01074267 0.13340563 0.17289798],1,[0.01871656 0.01465093 0.00559669]
1785142642654918702,[-0.00773491  0.002551   -0.00112688],[2.3077213e-05 2.2203754e-05 2.5522027e-03],1,[ 0.6124888  6.6814437 -5.1582847],[0.11041557 0.11024944 0.08293789],[ 0.9999846  -0.00481434 -0.00254497  0.00111161],0,7,1785142642646663,1785142642646663,[0.01053574 0.13257915 0.1725906 ],1,[0.0187962  0.01471295 0.00560714]
1785142642666897174,[-0.00826755  0.00201837 -0.00219214],[2.3117798e-05 2.2220678e-05 2.5523070e-03],1,[ 0.6121945  6.6826606 -5.159178 ],[0.11082499 0.11064818 0.08262261],[ 0.9999844  -0.00484693 -0.00253489  0.00111961],0,7,1785142642654663,1785142642654663,[0.01045292 0.13166684 0.17245695],1,[0.01887636 0.01477508 0.00559935]
1785142642674910914,[-0.00666946  0.00255079 -0.00219257],[2.3150282e-05 2.2233229e-05 2.5523899e-03],1,[ 0.61190945  6.6838684  -5.160006  ],[0.11123715 0.11104915 0.08286247],[ 0.9999844  -0.00487209 -0.00252643  0.00112641],0,7,1785142642662663,1785142642662663,[0.0102586  0.13054565 0.17204326],1,[0.01895735 0.01483676 0.00560981]
1785142642686860963,[-9.0663079e-03 -2.5092077e-03 -6.2037056e-05],[2.3230003e-05 2.2272738e-05 2.5525976e-03],1,[ 0.6113687  6.6862545 -5.161472 ],[0.11207028 0.11185822 0.0833445 ],[ 0.999984   -0.00493623 -0.0025234   0.00114904],0,7,1785142642678663,1785142642678663,[0.01050288 0.12868798 0.17217444],1,[0.01911998 0.01496251 0.00563074]
1785142642694925524,[-0.00613682 -0.00197659 -0.00352415],[2.3268443e-05 2.2292501e-05 2.5527037e-03],1,[ 0.61111456  6.687436   -5.1621103 ],[0.11249118 0.11226626 0.08358669],[ 0.9999838  -0.00495872 -0.0025315   0.00115648],0,7,1785142642686663,1785142642686663,[0.01052525 0.12792292 0.17228563],1,[0.01920311 0.01502574 0.0056412 ]
1785142642706976604,[-0.00640314 -0.00517237 -0.00299151],[2.3338625e-05 2.2333576e-05 2.5529207e-03],1,[ 0.6106352  6.689773  -5.1632056],[0.11334173 0.1130894  0.08407338],[ 0.99998343 -0.00502288 -0.00256006  0.00115925],0,7,1785142642702663,1785142642702663,[0.01070233 0.12597957 0.17286956],1,[0.0193673  0.01515266 0.00566216]
1785142642715081423,[-0.01093052 -0.00437343 -0.00618732],[2.3375469e-05 2.2354854e-05 2.5530253e-03],1,[ 0.61041015  6.690927   -5.163701  ],[0.11377141 0.1135045  0.08374664],[ 0.99998325 -0.00506188 -0.00257839  0.00115354],0,7,1785142642710663,1785142642710663,[0.01084853 0.12488268 0.17330024],1,[0.0194494  0.01521661 0.00565381]
1785142642727074136,[-0.00986527 -0.00543868 -0.00299151],[2.3410050e-05 2.2377631e-05 2.5531328e-03],1,[ 0.61019397  6.6920714  -5.1641383 ],[0.11420404 0.11392201 0.08399028],[ 0.999983   -0.00510409 -0.00259726  0.00115039],0,7,1785142642718663,1785142642718663,[0.01073992 0.1238909  0.17361672],1,[0.01953155 0.01528087 0.00566428]
1785142642734945654,[-0.011197   -0.0070368  -0.00245843],[2.3435381e-05 2.2393864e-05 2.5532199e-03],1,[ 0.6099858  6.693207  -5.164517 ],[0.11463952 0.11434182 0.0842347 ],[ 0.9999827  -0.00514313 -0.002623    0.00115623],0,7,1785142642726663,1785142642726663,[0.01075025 0.12281764 0.1742152 ],1,[0.01961378 0.0153443  0.00567477]
1785142642747012700,[-0.00906648 -0.00463994 -0.00086053],[2.3493010e-05 2.2436501e-05 2.5534511e-03],1,[ 0.6095937  6.6954465 -5.165107 ],[0.11551972 0.11518888 0.08472589],[ 0.99998224 -0.00520643 -0.00264746  0.00116579],0,7,1785142642742663,1785142642742663,[0.01062326 0.12055184 0.17506082],1,[0.01978013 0.01547334 0.00569575]
1785142642754918182,[-0.01013173 -0.0035747  -0.00405633],[2.3521947e-05 2.2456885e-05 2.5535673e-03],1,[ 0.6094089  6.696552  -5.16532  ],[0.11596434 0.11561606 0.08497266],[ 0.999982   -0.00524506 -0.00266429  0.00116962],0,7,1785142642750663,1785142642750663,[0.01065164 0.11965878 0.17551574],1,[0.0198649  0.01553822 0.00570624]
1785142642766954290,[-0.00826753 -0.00357469 -0.00538789],[2.3551869e-05 2.2476393e-05 2.5536837e-03],1,[ 0.60923254  6.6976485  -5.16548   ],[0.11641199 0.11604568 0.08522022],[ 0.9999818  -0.00527997 -0.00267377  0.00116125],0,7,1785142642758663,1785142642758663,[0.01085791 0.11867529 0.17617524],1,[0.01994934 0.01560352 0.00571674]
1785142642774952115,[-0.00640332 -0.00597154 -0.0053879 ],[2.3583869e-05 2.2498711e-05 2.5537952e-03],1,[ 0.6090658  6.6987357 -5.1655993],[0.11686269 0.11647774 0.08488166],[ 0.9999816  -0.00530744 -0.00269714  0.00115252],0,7,1785142642766663,1785142642766663,[0.01109096 0.11773466 0.17687653],1,[0.02003375 0.01566904 0.00570783]
1785142642786940388,[-0.00693595 -0.00490627 -0.00299106],[2.3642355e-05 2.2544082e-05 2.5540239e-03],1,[ 0.60876095  6.700881   -5.1656823 ],[0.11777332 0.11734933 0.08537731],[ 0.99998134 -0.00535186 -0.00273809  0.00114071],0,7,1785142642782663,1785142642782663,[0.01166385 0.11539856 0.17816742],1,[0.02020229 0.0158006  0.00572883]
1785142642794901342,[-0.00720227 -0.00783574 -0.0021921 ],[2.3673190e-05 2.2565080e-05 2.5541375e-03],1,[ 0.6086216  6.7019386 -5.165649 ],[0.11823328 0.11778887 0.08562631],[ 0.9999811  -0.00538105 -0.00276527  0.0011403 ],0,7,1785142642790663,1785142642790663,[0.01173471 0.11428922 0.17880459],1,[0.02028763 0.01586683 0.00573934]
1785142642806955780,[-0.00613692 -0.00330823 -0.0016597 ],[2.3696140e-05 2.2581449e-05 2.5542297e-03],1,[ 0.60848993  6.702986   -5.165567  ],[0.11869616 0.11823075 0.08587611],[ 0.9999809  -0.00540391 -0.00278391  0.00114743],0,7,1785142642798663,1785142642798663,[0.01201814 0.11323423 0.1795095 ],1,[0.02037264 0.015932   0.00574985]
1785142642815005538,[-0.00560429 -0.00517245 -0.00458916],[2.3725748e-05 2.2603715e-05 2.5543442e-03],1,[ 0.6083676  6.7040234 -5.165437 ],[0.11916235 0.1186753  0.0861267 ],[ 0.9999808  -0.00542837 -0.00279892  0.00114183],0,7,1785142642806663,1785142642806663,[0.01223624 0.11217852 0.180166  ],1,[0.02045824 0.01599834 0.00576037]
1785142642826987728,[-0.00187588 -0.00677033 -0.00645339],[2.3785471e-05 2.2650198e-05 2.5545706e-03],1,[ 0.6081463  6.706072  -5.165113 ],[0.12010419 0.11957198 0.08602735],[ 0.9999805  -0.00544692 -0.0028478   0.00110137],0,7,1785142642822663,1785142642822663,[0.01261015 0.11018001 0.18119462],1,[0.02062771 0.01613167 0.00576139]
1785142642835011249,[-0.00294114 -0.00490612 -0.00618707],[2.3820898e-05 2.2672093e-05 2.5546812e-03],1,[ 0.6080471  6.7070827 -5.16492  ],[0.12057985 0.12002416 0.08627857],[ 0.99998045 -0.00545653 -0.00286669  0.00108613],0,7,1785142642830663,1785142642830663,[0.01271236 0.10923902 0.18163323],1,[0.02071511 0.01619889 0.00577191]
1785142642847103049,[-0.00347378 -0.0078356  -0.00485548],[2.3856475e-05 2.2696106e-05 2.5547880e-03],1,[ 0.60795605  6.7080846  -5.164683  ],[0.12105872 0.12047891 0.08653058],[ 0.99998033 -0.0054715  -0.00289412  0.00107426],0,7,1785142642838663,1785142642838663,[0.0129603  0.10836319 0.18216208],1,[0.02080245 0.01626608 0.00578244]
1785142642854935271,[-0.0040064  -0.00437349 -0.00538813],[2.3892877e-05 2.2717730e-05 2.5548979e-03],1,[ 0.60787237  6.709079   -5.164403  ],[0.12154079 0.12093624 0.08678339],[ 0.9999802  -0.00548384 -0.00291786  0.00106251],0,7,1785142642846663,1785142642846663,[0.01311127 0.10747867 0.18260312],1,[0.02088932 0.01633349 0.00579297]
1785142642866935781,[-0.0024085  -0.00410717 -0.00592075],[2.3970480e-05 2.2763255e-05 2.5551112e-03],1,[ 0.6077292  6.711041  -5.1637197],[0.12251464 0.12185869 0.08729142],[ 0.99998003 -0.00550492 -0.00293826  0.00104304],0,7,1785142642862663,1785142642862663,[0.01367303 0.10549563 0.18346556],1,[0.02106117 0.01646881 0.00581404]
1785142642875058930,[-0.00480558 -0.00250898 -0.00512132],[2.4003448e-05 2.2777887e-05 2.5551957e-03],1,[ 0.6076685  6.7120085 -5.16332  ],[0.12300618 0.12232362 0.08754663],[ 0.99998    -0.00551948 -0.00294987  0.00102899],0,7,1785142642870663,1785142642870663,[0.01378237 0.10455108 0.18364835],1,[0.02114703 0.0165356  0.00582458]
1785142642886972299,[-0.00773507 -0.00224266 -0.00299078],[2.4044952e-05 2.2799679e-05 2.5552998e-03],1,[ 0.60761416  6.7129674  -5.162937  ],[0.12350123 0.12279135 0.08718336],[ 0.9999797  -0.00555119 -0.0029572   0.00102095],0,7,1785142642878663,1785142642878663,[0.01393743 0.10369056 0.18406282],1,[0.02123349 0.01660355 0.00581449]
1785142642894950300,[-0.00294137 -0.00117741 -0.00299078],[2.4081928e-05 2.2822511e-05 2.5554085e-03],1,[ 0.6075664  6.7139173 -5.1625147],[0.12399957 0.12326176 0.08743838],[ 0.9999797  -0.00556537 -0.00296293  0.00101739],0,7,1785142642886663,1785142642886663,[0.01403403 0.10255034 0.18465036],1,[0.02131984 0.01667189 0.00582504]
1785142642906958697,[-0.00214242 -0.00224267 -0.00299078],[2.4157784e-05 2.2867776e-05 2.5556269e-03],1,[ 0.60748863  6.7157855  -5.16156   ],[0.12500617 0.12421054 0.08795083],[ 9.9997938e-01 -5.5980096e-03 -2.9847084e-03  9.9533529e-04],0,7,1785142642902663,1785142642902663,[0.01423187 0.10009225 0.1849826 ],1,[0.02149523 0.01680899 0.00584614]
1785142642915071303,[-0.0018761   0.00042049 -0.00565395],[2.4193920e-05 2.2890556e-05 2.5557380e-03],1,[ 0.6074599  6.716705  -5.1610317],[0.12551446 0.12468895 0.08820827],[ 9.9997938e-01 -5.6031854e-03 -2.9842039e-03  9.8054658e-04],0,7,1785142642910663,1785142642910663,[0.01451149 0.09916776 0.18502042],1,[0.02158324 0.01687803 0.00585669]
1785142642926911993,[-0.00320769 -0.00250898 -0.00378973],[2.4234621e-05 2.2914473e-05 2.5558427e-03],1,[ 0.6074375  6.717614  -5.1604705],[0.12602611 0.12517005 0.0884665 ],[ 9.9997938e-01 -5.6153205e-03 -2.9885068e-03  9.7021571e-04],0,7,1785142642918663,1785142642918663,[0.01460728 0.09787817 0.18520205],1,[0.02167174 0.0169473  0.00586725]
1785142642934976965,[-0.00160979 -0.00117741 -0.00405605],[2.4274827e-05 2.2939517e-05 2.5559471e-03],1,[ 0.60742205  6.718513   -5.1598773 ],[0.12654114 0.12565385 0.08872555],[ 9.999792e-01 -5.624814e-03 -2.996563e-03  9.601155e-04],0,7,1785142642926663,1785142642926663,[0.01499519 0.09687663 0.18519239],1,[0.02175911 0.01701695 0.00587781]
1785142642946918777,[-0.00374062 -0.00011218 -0.00698477],[2.4350824e-05 2.2980659e-05 2.5561326e-03],1,[ 0.60741323  6.7202826  -5.158631  ],[0.127581   0.1266293  0.08860635],[ 9.9997926e-01 -5.6358501e-03 -3.0090944e-03  9.2778733e-04],0,7,1785142642942663,1785142642942663,[0.0152824  0.09458619 0.18486676],1,[0.021934   0.01715537 0.00587756]
1785142642955005546,[-0.00081116 -0.00384061 -0.00165844],[2.4390269e-05 2.3005288e-05 2.5562390e-03],1,[ 0.60741675  6.721152   -5.157975  ],[0.1281062  0.12712128 0.08886597],[ 9.9997914e-01 -5.6406599e-03 -3.0215173e-03  9.1690785e-04],0,7,1785142642950663,1785142642950663,[0.01544556 0.09365281 0.18511796],1,[0.02202284 0.01722559 0.00588813]
1785142642966960296,[-0.00267536 -0.0035743  -0.00352266],[2.4428426e-05 2.3029832e-05 2.5563468e-03],1,[ 0.60742617  6.7220135  -5.157291  ],[0.12863484 0.12761603 0.08912639],[ 9.9997908e-01 -5.6508309e-03 -3.0366061e-03  9.1106823e-04],0,7,1785142642958663,1785142642958663,[0.01557817 0.09274071 0.1848862 ],1,[0.02211198 0.017296   0.0058987 ]
1785142642975026760,[ 0.00052043 -0.00091113 -0.00085949],[2.4469133e-05 2.3056198e-05 2.5564500e-03],1,[ 0.60744077  6.722866   -5.1565824 ],[0.12916692 0.12811355 0.08938763],[ 9.9997908e-01 -5.6525213e-03 -3.0405079e-03  9.0864615e-04],0,7,1785142642966663,1785142642966663,[0.01565327 0.09169584 0.18447937],1,[0.02220186 0.01736662 0.00590928]
1785142642987013210,[ 0.00371882 -0.00011055 -0.00538748],[2.3110249e-05 2.1665321e-05 2.4697366e-03],1,[ 0.60706234  6.7247996  -5.160058  ],[0.10724592 0.10708276 0.08141704],[ 9.9997908e-01 -5.6320541e-03 -3.0628769e-03  8.8456104e-04],0,7,1785142642982663,1785142642982663,[0.01561037 0.09028023 0.18303862],1,[0.01728506 0.01404215 0.00552856]
1785142642995112516,[-0.00080856  0.00068841 -0.00325696],[2.3150702e-05 2.1691279e-05 2.4698407e-03],1,[ 0.606887   6.725752  -5.1616664],[0.1076344  0.10746148 0.08165248],[ 9.9997914e-01 -5.6270072e-03 -3.0599623e-03  8.7872479e-04],0,7,1785142642990663,1785142642990663,[0.01563966 0.08956163 0.18218939],1,[0.01735858 0.01410196 0.00553896]
1785142643007063689,[-0.00027593  0.00042209 -0.00059379],[2.3190092e-05 2.1717518e-05 2.4699450e-03],1,[ 0.60672045  6.726696   -5.1632257 ],[0.10802548 0.10784237 0.08134976],[ 9.9997914e-01 -5.6315963e-03 -3.0554237e-03  8.8273792e-04],0,7,1785142642998663,1785142642998663,[0.01558621 0.08896051 0.18146388],1,[0.01743233 0.01416194 0.00553179]
1785142643015023535,[ 0.00398513  0.0038842  -0.00059379],[2.3224180e-05 2.1743725e-05 2.4700563e-03],1,[ 0.60656214  6.72763    -5.164703  ],[0.10841921 0.10822547 0.08158517],[ 9.999792e-01 -5.618649e-03 -3.045527e-03  8.934920e-04],0,7,1785142643006663,1785142643006663,[0.01556612 0.08802784 0.18076316],1,[0.01750579 0.01422223 0.0055422 ]
1785142643026978447,[ 0.0031862   0.00415077 -0.00245811],[2.3290284e-05 2.1790260e-05 2.4702472e-03],1,[ 0.60626966  6.7294683  -5.1674232 ],[0.10921453 0.10899823 0.08205827],[ 9.9997950e-01 -5.5943206e-03 -3.0120783e-03  8.8336086e-04],0,7,1785142643022663,1785142643022663,[0.01551103 0.0864904  0.1792842 ],1,[0.01765304 0.01434261 0.00556302]
1785142643035042701,[-0.00107487  0.00281919 -0.00032758],[2.3324792e-05 2.1814731e-05 2.4703597e-03],1,[ 0.6061364  6.730372  -5.16867  ],[0.10961623 0.10938799 0.08229598],[ 9.9997950e-01 -5.5941977e-03 -2.9963704e-03  8.8967080e-04],0,7,1785142643030663,1785142643030663,[0.01580805 0.08553099 0.17856826],1,[0.01772789 0.01440344 0.00557344]
1785142643046919201,[ 0.00265356  0.0012213  -0.00086021],[2.3358874e-05 2.1840928e-05 2.4704719e-03],1,[ 0.60601366  6.7312646  -5.169844  ],[0.11002062 0.10977998 0.08253445],[ 9.9997956e-01 -5.5860886e-03 -2.9907906e-03  8.9641107e-04],0,7,1785142643038663,1785142643038663,[0.01608858 0.0845952  0.17799029],1,[0.01780144 0.01446433 0.00558386]
1785142643054986622,[ 0.00025672  0.00415078 -0.00192548],[2.3394221e-05 2.1866654e-05 2.4705827e-03],1,[ 0.6058999  6.7321467 -5.1709456],[0.11042771 0.11017423 0.08277369],[ 9.9997956e-01 -5.5806451e-03 -2.9756762e-03  8.9705747e-04],0,7,1785142643046663,1785142643046663,[0.01620161 0.08368646 0.17782652],1,[0.01787475 0.01452561 0.00559428]
1785142643066961848,[-0.00214014  0.00494973 -0.00299074],[2.3462340e-05 2.1920314e-05 2.4708065e-03],1,[ 0.6056956  6.7338805 -5.172986 ],[0.11125006 0.11096951 0.08269749],[ 9.9997967e-01 -5.5889441e-03 -2.9343767e-03  8.8869495e-04],0,7,1785142643062663,1785142643062663,[0.01617272 0.08181717 0.17747356],1,[0.01802464 0.0146492  0.00559689]
1785142643075179266,[-0.00160751  0.00148761 -0.00405601],[2.3496023e-05 2.1946878e-05 2.4709189e-03],1,[ 0.6056037  6.7347317 -5.173928 ],[0.11166533 0.11137059 0.08293743],[ 9.9997967e-01 -5.5946885e-03 -2.9246826e-03  8.8250806e-04],0,7,1785142643070663,1785142643070663,[0.01621243 0.0808728  0.17747122],1,[0.01809866 0.01471116 0.00560732]
1785142643086987658,[-0.00373803  0.00228656 -0.00378969],[2.3530889e-05 2.1973732e-05 2.4710305e-03],1,[ 0.60552007  6.735573   -5.1748    ],[0.11208337 0.11177397 0.08317814],[ 9.9997967e-01 -5.6073624e-03 -2.9166089e-03  8.7564165e-04],0,7,1785142643078663,1785142643078663,[0.01646473 0.08011297 0.17758018],1,[0.01817449 0.01477371 0.00561775]
1785142643095136557,[-0.00293893  0.00281943 -0.00299119],[2.3560178e-05 2.1995133e-05 2.4711131e-03],1,[ 0.6054439  6.7364044 -5.175604 ],[0.11250405 0.11217954 0.08341963],[ 9.9997967e-01 -5.6189871e-03 -2.9032119e-03  8.7021949e-04],0,7,1785142643086694,1785142643086694,[0.01653618 0.07926773 0.17765227],1,[0.01824965 0.01483563 0.00562819]
1785142643107095237,[-0.00347156 -0.00197426 -0.00592067],[2.3629345e-05 2.2049260e-05 2.4713364e-03],1,[ 0.60531086  6.7380395  -5.1770144 ],[0.11335403 0.11299788 0.08390493],[ 9.9997962e-01 -5.6331325e-03 -2.8982153e-03  8.5476367e-04],0,7,1785142643102694,1785142643102694,[0.01677088 0.07744511 0.17838065],1,[0.01840141 0.01496104 0.00564908]
1785142643115077351,[-0.00293893 -0.00330585 -0.00538803],[2.3666491e-05 2.2076145e-05 2.4714461e-03],1,[ 0.6052571  6.738841  -5.17762  ],[0.11378323 0.11341057 0.08414874],[ 9.9997950e-01 -5.6473641e-03 -2.9120308e-03  8.3842373e-04],0,7,1785142643110694,1785142643110694,[0.01707629 0.07641357 0.17897044],1,[0.0184788  0.01502433 0.00565954]
1785142643126990782,[-0.00054209 -0.00064268 -0.00512172],[2.3700275e-05 2.2103832e-05 2.4715576e-03],1,[ 0.6052113  6.7396326 -5.178188 ],[0.11421526 0.1138256  0.08382106],[ 9.9997950e-01 -5.6499024e-03 -2.9151693e-03  8.2622073e-04],0,7,1785142643118694,1785142643118694,[0.01730868 0.07552864 0.17963429],1,[0.01855587 0.01508788 0.00565115]
1785142643135015980,[-0.00267262 -0.00224058 -0.00352383],[2.3738108e-05 2.2132434e-05 2.4716654e-03],1,[ 0.60517323  6.740414   -5.1786923 ],[0.11465015 0.11424301 0.08406477],[ 9.9997938e-01 -5.6567141e-03 -2.9220246e-03  8.1820873e-04],0,7,1785142643126694,1785142643126694,[0.01753619 0.07457326 0.18023132],1,[0.01863369 0.01515151 0.00566161]
1785142643147034621,[-9.457697e-06 -6.426838e-04 -4.322771e-03],[2.3804170e-05 2.2190039e-05 2.4718905e-03],1,[ 0.60511965  6.741951   -5.1795154 ],[0.1155285  0.11508499 0.08455454],[ 9.9997926e-01 -5.6762104e-03 -2.9384692e-03  7.9641509e-04],0,7,1785142643142694,1785142643142694,[0.01806667 0.07307893 0.18155251],1,[0.01879188 0.01527958 0.00568253]
1785142643155175884,[-0.00187367 -0.00117531 -0.00192593],[2.3835591e-05 2.2217488e-05 2.4720063e-03],1,[ 0.60510516  6.742706   -5.179835  ],[0.11597201 0.11550958 0.08480059],[ 9.9997926e-01 -5.6815022e-03 -2.9410718e-03  7.9468213e-04],0,7,1785142643150694,1785142643150694,[0.01847272 0.07211866 0.18252075],1,[0.01887163 0.01534386 0.00569299]
1785142643167012096,[-0.00107481 -0.00197409 -0.00272468],[2.3859082e-05 2.2239734e-05 2.4720954e-03],1,[ 0.60509837  6.7434506  -5.180094  ],[0.11641824 0.11593642 0.08504744],[ 9.9997926e-01 -5.6846812e-03 -2.9479626e-03  7.9112017e-04],0,7,1785142643158694,1785142643158694,[0.01870515 0.07122149 0.18341348],1,[0.01894892 0.01540732 0.00570346]
1785142643175181610,[-0.00107481 -0.00303936 -0.00112678],[2.3885739e-05 2.2268972e-05 2.4722146e-03],1,[ 0.60509837  6.7441854  -5.180294  ],[0.11686756 0.11636586 0.08529507],[ 9.9997914e-01 -5.6900457e-03 -2.9590824e-03  7.9218065e-04],0,7,1785142643166694,1785142643166694,[0.0188564  0.07026854 0.18426101],1,[0.01902883 0.01547215 0.00571394]
1785142643187056597,[-0.00107482 -0.00277304 -0.00378994],[2.3942546e-05 2.2326041e-05 2.4724503e-03],1,[ 0.6051165  6.7456284 -5.180532 ],[0.11777504 0.11723204 0.08520134],[ 9.9997902e-01 -5.7114554e-03 -2.9772206e-03  7.7698956e-04],0,7,1785142643182694,1785142643182694,[0.01903263 0.06861686 0.18599534],1,[0.01918695 0.01560255 0.00571534]
1785142643195103723,[-0.00054217 -0.00010988 -0.0045889 ],[2.3973811e-05 2.2354821e-05 2.4725657e-03],1,[ 0.60513425  6.7463355  -5.180571  ],[0.11823321 0.11766884 0.08544961],[ 9.9997902e-01 -5.7120821e-03 -2.9793852e-03  7.6929334e-04],0,7,1785142643190694,1785142643190694,[0.01926188 0.06761076 0.18708736],1,[0.01926618 0.01566818 0.00572582]
1785142643207034632,[-0.00267271 -0.00090882 -0.00325732],[2.4002122e-05 2.2383412e-05 2.4726847e-03],1,[ 0.60515904  6.7470326  -5.1805553 ],[0.11869436 0.11810811 0.08569868],[ 9.999789e-01 -5.718581e-03 -2.983718e-03  7.586942e-04],0,7,1785142643198694,1785142643198694,[0.01949052 0.06676793 0.18799199],1,[0.0193455  0.01573363 0.0057363 ]
1785142643215069482,[-0.00160744  0.00202064 -0.00512152],[2.4028641e-05 2.2411294e-05 2.4728067e-03],1,[ 0.60518956  6.7477202  -5.1804876 ],[0.1191585  0.11854988 0.08594853],[ 9.9997884e-01 -5.7293670e-03 -2.9763670e-03  7.4565510e-04],0,7,1785142643206694,1785142643206694,[0.0195892  0.06559291 0.18862762],1,[0.01942515 0.01579923 0.00574679]
1785142643227169932,[-0.00054218  0.00521644 -0.00245836],[2.4085359e-05 2.2466545e-05 2.4730468e-03],1,[ 0.6052678  6.7490635 -5.1802053],[0.1200958  0.11944091 0.08645061],[ 9.9997902e-01 -5.7323915e-03 -2.9387858e-03  7.2149199e-04],0,7,1785142643222694,1785142643222694,[0.01984026 0.06374755 0.18965073],1,[0.01958448 0.01593093 0.00576778]
1785142643235221609,[-9.6806325e-06  4.9503343e-03 -2.9907101e-03],[2.4109238e-05 2.2486427e-05 2.4731390e-03],1,[ 0.6053145  6.7497215 -5.1799936],[0.12056875 0.11988997 0.08670285],[ 9.9997914e-01 -5.7321014e-03 -2.9191673e-03  7.1840314e-04],0,7,1785142643230694,1785142643230694,[0.02004547 0.06292892 0.19051372],1,[0.01966432 0.01599608 0.00577828]
1785142643247129848,[-0.00134127  0.00521665 -0.00059387],[2.4138193e-05 2.2513548e-05 2.4732589e-03],1,[ 0.6053678  6.750371  -5.1797876],[0.12104498 0.12034177 0.08634844],[ 9.9997914e-01 -5.7361256e-03 -2.8974058e-03  7.1561942e-04],0,7,1785142643238694,1785142643238694,[0.02036984 0.06210323 0.19128126],1,[0.01974508 0.01606245 0.00576862]
1785142643255076555,[ 0.00265347  0.00495034 -0.00032755],[2.4169287e-05 2.2541255e-05 2.4733769e-03],1,[ 0.6054272  6.7510123 -5.1795335],[0.12152427 0.12079614 0.0866005 ],[ 9.9997920e-01 -5.7290057e-03 -2.8772133e-03  7.1961340e-04],0,7,1785142643246694,1785142643246694,[0.02052136 0.061271   0.19198534],1,[0.01982618 0.01612875 0.00577912]
1785142643267098353,[0.00238715 0.00175454 0.00073772],[2.4240066e-05 2.2595834e-05 2.4736046e-03],1,[ 0.6055614  6.752266  -5.1788907],[0.12249213 0.12171257 0.087107  ],[ 9.9997932e-01 -5.7158894e-03 -2.8544504e-03  7.2814856e-04],0,7,1785142643262694,1785142643262694,[0.02082207 0.05923827 0.19305593],1,[0.01998642 0.01626257 0.00580013]
1785142643275110884,[-0.00027601  0.00495034 -0.00086018],[2.4274139e-05 2.2623984e-05 2.4737203e-03],1,[ 0.6056371  6.752878  -5.1785064],[0.1229807  0.12217465 0.08736145],[ 9.9997944e-01 -5.7136258e-03 -2.8359154e-03  7.3046290e-04],0,7,1785142643270694,1785142643270694,[0.02114396 0.05840996 0.19331329],1,[0.02006755 0.01632964 0.00581064]
1785142643287050322,[ 0.00425137 -0.00010967 -0.00592019],[2.4309411e-05 2.2651740e-05 2.4738347e-03],1,[ 0.6057192  6.753482  -5.1780815],[0.12347239 0.12263933 0.08761671],[ 9.9997950e-01 -5.7022702e-03 -2.8324008e-03  7.1564619e-04],0,7,1785142643278694,1785142643278694,[0.021451   0.05740732 0.19382988],1,[0.02014861 0.01639697 0.00582116]
1785142643295056218,[ 0.00185452  0.00281981 -0.00565387],[2.4346176e-05 2.2678601e-05 2.4739495e-03],1,[ 0.6058074  6.754075  -5.1776166],[0.12396722 0.12310662 0.08787277],[ 9.9997967e-01 -5.6909220e-03 -2.8236127e-03  6.9421186e-04],0,7,1785142643286694,1785142643286694,[0.02173054 0.05644834 0.19431078],1,[0.02023126 0.01646457 0.00583168]
1785142643307115648,[ 0.00185417  0.00228725 -0.0021909 ],[2.440847e-05 2.272724e-05 2.474153e-03],1,[ 0.6060003  6.7552376 -5.176625 ],[0.12496602 0.12404874 0.08775979],[ 9.9997967e-01 -5.6939241e-03 -2.8091532e-03  6.7574839e-04],0,7,1785142643302694,1785142643302694,[0.02208916 0.05485607 0.19534737],1,[0.02039394 0.01659897 0.00583183]
1785142643315094636,[ 0.00158785 -0.00010959 -0.0053867 ],[2.4443894e-05 2.2755425e-05 2.4742677e-03],1,[ 0.60610425  6.7558036  -5.1761003 ],[0.12547034 0.12452392 0.08801643],[ 9.9997973e-01 -5.6837737e-03 -2.8078409e-03  6.5929489e-04],0,7,1785142643310694,1785142643310694,[0.02236205 0.05360063 0.19576733],1,[0.02047609 0.01666702 0.00584235]
1785142643327120813,[-1.0042451e-05  3.6188359e-03 -6.4519621e-03],[2.4480692e-05 2.2783408e-05 2.4743811e-03],1,[ 0.6062137  6.756358  -5.175539 ],[0.12597784 0.12500176 0.08827388],[ 9.9997973e-01 -5.6842887e-03 -2.7975198e-03  6.3832651e-04],0,7,1785142643318694,1785142643318694,[0.02252688 0.05251347 0.1959097 ],1,[0.02055824 0.01673523 0.00585288]
1785142643335075467,[ 0.00185416  0.00202094 -0.00352248],[2.4516676e-05 2.2810851e-05 2.4744966e-03],1,[ 0.6063274  6.7569046 -5.174944 ],[0.12648857 0.12548226 0.08853213],[ 9.9997985e-01 -5.6784428e-03 -2.7861225e-03  6.2093098e-04],0,7,1785142643326694,1785142643326694,[0.02269144 0.05181759 0.19595909],1,[0.02064166 0.01680365 0.00586342]
1785142643347052588,[ 0.00185417  0.00175463 -0.00298985],[2.4587031e-05 2.2867149e-05 2.4747278e-03],1,[ 0.6065728  6.757975  -5.173655 ],[0.12751973 0.12645133 0.08905105],[ 9.9997997e-01 -5.6562093e-03 -2.7690935e-03  6.0809666e-04],0,7,1785142643342694,1785142643342694,[0.02342363 0.050329   0.19612047],1,[0.02080707 0.01694101 0.00588449]
1785142643355072946,[ 0.00504996  0.00335252 -0.00352248],[2.4621759e-05 2.2895221e-05 2.4748447e-03],1,[ 0.60670304  6.7584987  -5.1729627 ],[0.12804018 0.12693992 0.08931173],[ 9.9998015e-01 -5.6419140e-03 -2.7587535e-03  5.9772393e-04],0,7,1785142643350694,1785142643350694,[0.023484   0.04951082 0.1961577 ],1,[0.02089079 0.01701018 0.00589504]
1785142643367137136,[ 0.00371837  0.00521674 -0.00432143],[2.4652945e-05 2.2922932e-05 2.4749646e-03],1,[ 0.6068374  6.759015  -5.1723123],[0.12856391 0.1274312  0.08892881],[ 9.9998027e-01 -5.6190914e-03 -2.7394169e-03  5.7812710e-04],0,7,1785142643358694,1785142643358694,[0.02380672 0.04872881 0.19610792],1,[0.02097318 0.01707961 0.00588406]
1785142643375110321,[ 1.0552036e-03  4.6841037e-03 -6.0375140e-05],[2.4681307e-05 2.2951692e-05 2.4750866e-03],1,[ 0.6069774  6.7595234 -5.171631 ],[0.12909093 0.12792525 0.08918924],[ 9.9998045e-01 -5.6171170e-03 -2.7189234e-03  5.7966675e-04],0,7,1785142643366694,1785142643366694,[0.02401313 0.0479649  0.19598725],1,[0.02105668 0.01714938 0.00589461]
1785142643387288230,[ 0.00265579  0.00069205 -0.00245837],[2.3355380e-05 2.1689346e-05 2.4068411e-03],1,[ 0.6066132  6.760739  -5.175036 ],[0.10725725 0.10701545 0.08125577],[ 9.9998069e-01 -5.5823731e-03 -2.6941297e-03  5.7428423e-04],0,7,1785142643382694,1785142643382694,[0.0239457  0.04644408 0.19438256],1,[0.0165343  0.01389448 0.00551606]
1785142643395127602,[ 0.00132421  0.00202363 -0.00245836],[2.3381639e-05 2.1717167e-05 2.4069671e-03],1,[ 0.6064474  6.761331  -5.176607 ],[0.10764571 0.10739228 0.08149053],[ 9.9998069e-01 -5.5757193e-03 -2.6876833e-03  5.7261711e-04],0,7,1785142643390694,1785142643390694,[0.02406118 0.04562918 0.19359589],1,[0.01660347 0.01395365 0.00552643]
1785142643407206565,[ 0.00638422  0.00521942 -0.00325731],[2.3408415e-05 2.1745611e-05 2.4070921e-03],1,[ 0.6062937  6.761913  -5.1780925],[0.10803668 0.10777127 0.08172606],[ 9.9998093e-01 -5.5547077e-03 -2.6695130e-03  5.7240791e-04],0,7,1785142643398694,1785142643398694,[0.0242693  0.04491841 0.19314578],1,[0.01667286 0.01401291 0.00553681]
1785142643415269717,[ 0.00265579  0.00521942 -0.00032783],[2.3436418e-05 2.1773994e-05 2.4072146e-03],1,[ 0.6061507  6.7624846 -5.179494 ],[0.1084302  0.10815243 0.08196235],[ 9.9998099e-01 -5.5374540e-03 -2.6465282e-03  5.7791255e-04],0,7,1785142643406694,1785142643406694,[0.02424606 0.04412917 0.19250038],1,[0.01674142 0.01407236 0.00554719]
1785142643427170200,[0.00132421 0.00734995 0.00127007],[2.3494380e-05 2.1830763e-05 2.4074600e-03],1,[ 0.60589576  6.7635946  -5.1820765 ],[0.10922487 0.1089213  0.08189107],[ 9.9998128e-01 -5.5216383e-03 -2.5963064e-03  5.9387163e-04],0,7,1785142643422694,1785142643422694,[0.02463617 0.04213136 0.19126269],1,[0.0168813  0.01419252 0.00555015]
1785142643435097133,[ 0.00105789  0.00734995 -0.00032783],[2.3525894e-05 2.1859629e-05 2.4075804e-03],1,[ 0.6057858  6.764133  -5.183261 ],[0.10962606 0.10930904 0.08212808],[ 9.9998140e-01 -5.5182865e-03 -2.5637383e-03  6.0486054e-04],0,7,1785142643430694,1785142643430694,[0.0249306  0.04135181 0.19098482],1,[0.01695096 0.01425286 0.00556054]
1785142643447038846,[ 0.00611823  0.00601833 -0.00192658],[2.3549359e-05 2.1881573e-05 2.4076696e-03],1,[ 0.6056858  6.764663  -5.184368 ],[0.11002973 0.10969888 0.08236584],[ 9.9998152e-01 -5.4984079e-03 -2.5391981e-03  6.0839194e-04],0,7,1785142643438694,1785142643438694,[0.02491057 0.0407537  0.19053979],1,[0.01702013 0.01431234 0.00557093]
1785142643455095824,[ 0.00372139  0.00761622 -0.00086132],[2.3579860e-05 2.1909636e-05 2.4077909e-03],1,[ 0.60559446  6.765185   -5.185402  ],[0.1104361  0.11009108 0.08260438],[ 9.9998176e-01 -5.4763616e-03 -2.5066512e-03  6.1440270e-04],0,7,1785142643446694,1785142643446694,[0.02495739 0.04004805 0.19019559],1,[0.01709145 0.01437293 0.00558133]
1785142643467148590,[ 0.00665086  0.00468674 -0.00086132],[2.3642668e-05 2.1966851e-05 2.4080339e-03],1,[ 0.60544217  6.7662005  -5.1872506 ],[0.11125669 0.11088219 0.08308375],[ 9.9998194e-01 -5.4493030e-03 -2.4666644e-03  6.1883527e-04],0,7,1785142643462694,1785142643462694,[0.02535914 0.0386317  0.1900584 ],1,[0.0172319  0.01449501 0.00560213]
1785142643475068458,[ 6.3845492e-03  4.4204290e-03 -6.2369276e-05],[2.3672341e-05 2.1995216e-05 2.4081576e-03],1,[ 0.60537994  6.766695   -5.188069  ],[0.11167093 0.11128113 0.08332459],[ 9.9998218e-01 -5.4198192e-03 -2.4506282e-03  6.2792911e-04],0,7,1785142643470694,1785142643470694,[0.02548153 0.03793484 0.18992311],1,[0.01730256 0.01455648 0.00561254]
1785142643486986589,[ 0.00372138  0.00601833 -0.00166027],[2.3701785e-05 2.2023931e-05 2.4082800e-03],1,[ 0.60532576  6.767182   -5.1888647 ],[0.11208782 0.11168233 0.08300505],[ 9.9998230e-01 -5.4020556e-03 -2.4250348e-03  6.3367904e-04],0,7,1785142643478694,1785142643478694,[0.02543126 0.03725993 0.1899477 ],1,[0.01737524 0.01461821 0.00560457]
1785142643495185327,[ 0.00505296  0.00575201 -0.000595  ],[2.3732035e-05 2.2053086e-05 2.4084027e-03],1,[ 0.60527915  6.7676597  -5.1895905 ],[0.11250737 0.11208584 0.08324581],[ 9.9998242e-01 -5.3842971e-03 -2.4010444e-03  6.3992460e-04],0,7,1785142643486694,1785142643486694,[0.02546096 0.0364896  0.19039638],1,[0.01744794 0.01468038 0.00561498]
1785142643507085158,[ 0.00452033  0.00202359 -0.00645396],[2.3792305e-05 2.2111250e-05 2.4086495e-03],1,[ 0.60520834  6.768587   -5.190836  ],[0.11335454 0.11289977 0.08372965],[ 9.9998266e-01 -5.3476733e-03 -2.3755371e-03  6.3585519e-04],0,7,1785142643502694,1785142643502694,[0.02557886 0.03502162 0.1910751 ],1,[0.01759367 0.01480495 0.00563581]
1785142643515120048,[ 0.00452061  0.00468676 -0.00219363],[2.3812729e-05 2.2133814e-05 2.4087413e-03],1,[ 0.6051843  6.76904   -5.191358 ],[0.11378201 0.11331003 0.08397273],[ 9.9998289e-01 -5.3272322e-03 -2.3596063e-03  6.3133374e-04],0,7,1785142643510694,1785142643510694,[0.02559356 0.03455447 0.19168942],1,[0.0176659  0.01486658 0.00564623]
1785142643526986195,[ 0.00398798  0.00282255 -0.00299258],[2.3839822e-05 2.2162389e-05 2.4088682e-03],1,[ 0.6051679  6.7694855 -5.191815 ],[0.11421237 0.11372279 0.08421659],[ 9.9998301e-01 -5.3115482e-03 -2.3436502e-03  6.2983972e-04],0,7,1785142643518694,1785142643518694,[0.02579156 0.03385853 0.19232579],1,[0.01773955 0.01492952 0.00565665]
1785142643535041600,[ 0.00558588  0.0036215  -0.00352521],[2.3867960e-05 2.2191991e-05 2.4089927e-03],1,[ 0.60516    6.7699237 -5.192207 ],[0.11464546 0.1141379  0.08446123],[ 9.9998313e-01 -5.2884030e-03 -2.3314331e-03  6.2620826e-04],0,7,1785142643526694,1785142643526694,[0.02599536 0.03328553 0.19312768],1,[0.01781339 0.0149926  0.00566708]
1785142643547072728,[ 0.00531955  0.0036215  -0.00192731],[2.3930195e-05 2.2250291e-05 2.4092379e-03],1,[ 0.6051631  6.7707734 -5.1928434],[0.1155199  0.11497518 0.08437299],[ 9.9998337e-01 -5.2517047e-03 -2.3129464e-03  6.0953450e-04],0,7,1785142643542694,1785142643542694,[0.02586009 0.03174699 0.19449204],1,[0.01796098 0.01511981 0.00566887]
1785142643555136371,[ 0.0045206   0.00202361 -0.00245996],[2.3958277e-05 2.2280057e-05 2.4093632e-03],1,[ 0.60517454  6.771187   -5.1930904 ],[0.11596128 0.11539739 0.08461829],[ 9.9998349e-01 -5.2291607e-03 -2.2996957e-03  6.1116711e-04],0,7,1785142643550694,1785142643550694,[0.02600707 0.03112608 0.19533986],1,[0.01803536 0.01518366 0.0056793 ]
1785142643567015116,[ 0.00505323 -0.00197114 -0.00245995],[2.3985058e-05 2.2309612e-05 2.4094901e-03],1,[ 0.60519236  6.771593   -5.1932764 ],[0.11640544 0.115822   0.08486437],[ 9.9998361e-01 -5.2124835e-03 -2.3046026e-03  6.0940837e-04],0,7,1785142643558694,1785142643558694,[0.02594712 0.0304624  0.19616126],1,[0.01810978 0.01524764 0.00568974]
1785142643575103232,[ 0.00558587  0.0020236  -0.00139468],[2.4011877e-05 2.2338616e-05 2.4096172e-03],1,[ 0.60521644  6.771991   -5.193403  ],[0.11685242 0.11624902 0.08511123],[ 9.9998373e-01 -5.1883925e-03 -2.2999204e-03  6.1213644e-04],0,7,1785142643566694,1785142643566694,[0.02608261 0.02983774 0.19683234],1,[0.01818308 0.01531195 0.00570018]
1785142643587079992,[ 0.00345493  0.0012247  -0.00352418],[2.4055034e-05 2.2388751e-05 2.4098426e-03],1,[ 0.605286   6.7727637 -5.1934857],[0.11775459 0.11711007 0.08560732],[ 9.9998385e-01 -5.1663741e-03 -2.2811051e-03  6.0921453e-04],0,7,1785142643582694,1785142643582694,[0.0263915  0.02861767 0.19830966],1,[0.01833125 0.0154401  0.00572108]
1785142643595249305,[ 0.00292229 -0.00117215 -0.0005947 ],[2.4081508e-05 2.2418582e-05 2.4099704e-03],1,[ 0.6053309  6.7731385 -5.1934443],[0.11821005 0.11754437 0.08585655],[ 9.9998397e-01 -5.1536122e-03 -2.2818460e-03  6.1180268e-04],0,7,1785142643590694,1785142643590694,[0.02644208 0.0278394  0.19904949],1,[0.01840737 0.01550486 0.00573153]
1785142643607004260,[ 0.00025913  0.00149101 -0.00112734],[2.4105835e-05 2.2448545e-05 2.4100996e-03],1,[ 0.6053812  6.773505  -5.193395 ],[0.11866836 0.11798109 0.0855109 ],[ 9.999840e-01 -5.146738e-03 -2.279416e-03  6.151621e-04],0,7,1785142643598694,1785142643598694,[0.02643812 0.02714729 0.19976178],1,[0.01848317 0.01556983 0.00572231]
1785142643615100293,[0.00185702 0.00255628 0.0010032 ],[2.4134455e-05 2.2477632e-05 2.4102263e-03],1,[ 0.60543716  6.773864   -5.1932926 ],[0.11912955 0.1184203  0.08575997],[ 9.9998403e-01 -5.1436359e-03 -2.2674049e-03  6.2301423e-04],0,7,1785142643606694,1785142643606694,[0.0265603  0.02630515 0.20041491],1,[0.01855852 0.01563514 0.00573276]
1785142643627060687,[-7.1930699e-06  9.5838204e-04 -3.2838661e-04],[2.419050e-05 2.253812e-05 2.410479e-03],1,[ 0.60556877  6.7745557  -5.192931  ],[0.12006059 0.11930615 0.08626048],[ 9.9998415e-01 -5.1278803e-03 -2.2669500e-03  6.2690274e-04],0,7,1785142643622694,1785142643622694,[0.02680589 0.02488269 0.20198382],1,[0.01871158 0.01576602 0.00575368]
1785142643635085946,[ 2.1233368e-03  6.9206528e-04 -6.2069594e-05],[2.4216881e-05 2.2567981e-05 2.4106079e-03],1,[ 0.60564446  6.7748895  -5.1926756 ],[0.12053049 0.11975282 0.08651192],[ 9.9998415e-01 -5.1179226e-03 -2.2603511e-03  6.3189841e-04],0,7,1785142643630694,1785142643630694,[0.02725582 0.02395975 0.20265499],1,[0.01878826 0.01583158 0.00576415]
1785142643647108184,[ 0.00265597 -0.00277004  0.00233478],[2.4243745e-05 2.2597873e-05 2.4107364e-03],1,[ 0.60572827  6.7752137  -5.1923714 ],[0.12100331 0.120202   0.08676416],[ 9.9998426e-01 -5.1096031e-03 -2.2675730e-03  6.4736110e-04],0,7,1785142643638694,1785142643638694,[0.02757009 0.02304138 0.20332536],1,[0.01886445 0.01589717 0.00577462]
1785142643655030348,[-0.0005399  -0.00090598 -0.00165972],[2.4265899e-05 2.2620119e-05 2.4108281e-03],1,[ 0.6058202  6.7755284 -5.1920204],[0.12147877 0.12065339 0.08701719],[ 9.9998415e-01 -5.1076664e-03 -2.2749004e-03  6.4764428e-04],0,7,1785142643646694,1785142643646694,[0.0279613  0.02223135 0.2038988 ],1,[0.01893917 0.01596165 0.0057851 ]
1785142643667146382,[ 0.00159062 -0.00090598  0.00100344],[2.4326027e-05 2.2680166e-05 2.4110789e-03],1,[ 0.6060196  6.7761335 -5.191227 ],[0.12243915 0.12156436 0.08691027],[ 9.9998426e-01 -5.0895573e-03 -2.2773342e-03  6.6668878e-04],0,7,1785142643662694,1785142643662694,[0.02784681 0.02068466 0.20485847],1,[0.01909497 0.01609395 0.00578565]
1785142643675248589,[ 0.00212325 -0.00037335 -0.0013934 ],[2.4355200e-05 2.2710079e-05 2.4112065e-03],1,[ 0.6061259  6.776426  -5.1907864],[0.12292381 0.12202368 0.0871639 ],[ 9.9998426e-01 -5.0845151e-03 -2.2773086e-03  6.6678494e-04],0,7,1785142643670694,1785142643670694,[0.02792478 0.02034636 0.20524776],1,[0.01917234 0.01616047 0.00579613]
1785142643687232463,[ 0.00212324 -0.00010704  0.00153607],[2.4385417e-05 2.2740476e-05 2.4113320e-03],1,[ 0.60623765  6.776713   -5.190304  ],[0.12341148 0.12248557 0.08741834],[ 9.9998432e-01 -5.0736587e-03 -2.2783268e-03  6.7517872e-04],0,7,1785142643678694,1785142643678694,[0.02807722 0.01977436 0.20566249],1,[0.01925039 0.01622711 0.00580662]
1785142643695117365,[ 0.00505273 -0.00037335 -0.00325761],[2.4416522e-05 2.2770457e-05 2.4114570e-03],1,[ 0.60635465  6.776993   -5.189781  ],[0.12390216 0.12295005 0.08767357],[ 9.9998444e-01 -5.0564092e-03 -2.2794257e-03  6.7162752e-04],0,7,1785142643686694,1785142643686694,[0.02816627 0.01903336 0.20583299],1,[0.01932742 0.01629371 0.00581711]
1785142643707054077,[ 0.00159062  0.0020235  -0.00432288],[2.4477564e-05 2.2831269e-05 2.4117080e-03],1,[ 0.60660326  6.77753    -5.188624  ],[0.12489261 0.12388678 0.08818644],[ 9.9998462e-01 -5.0278660e-03 -2.2731521e-03  6.6961272e-04],0,7,1785142643702694,1785142643702694,[0.02834183 0.01777881 0.2059222 ],1,[0.01948413 0.01642793 0.00583809]
1785142643715183343,[ 0.00558536  0.00282244 -0.00432288],[2.4512618e-05 2.2861394e-05 2.4118298e-03],1,[ 0.60673547  6.7777896  -5.187992  ],[0.1253924  0.12435906 0.08844408],[ 9.9998474e-01 -5.0096093e-03 -2.2626633e-03  6.5411913e-04],0,7,1785142643710694,1785142643710694,[0.02866518 0.01722751 0.2059425 ],1,[0.01956273 0.01649519 0.0058486 ]
1785142643727117500,[ 0.00425353  0.00175706 -0.00299066],[2.4538072e-05 2.2883789e-05 2.4119185e-03],1,[ 0.60687417  6.778041   -5.187357  ],[0.1258949  0.12483353 0.08807054],[ 9.9998486e-01 -4.9887323e-03 -2.2548134e-03  6.4748037e-04],0,7,1785142643718694,1785142643718694,[0.0288605  0.01640954 0.20600957],1,[0.0196405  0.01656146 0.00583807]
1785142643735112292,[ 0.00345459  0.00308864 -0.00512118],[2.4568642e-05 2.2913555e-05 2.4120458e-03],1,[ 0.60701793  6.7782845  -5.186687  ],[0.12640086 0.12531108 0.08832795],[ 9.9998492e-01 -4.9758861e-03 -2.2444022e-03  6.3224224e-04],0,7,1785142643726694,1785142643726694,[0.02894565 0.01565085 0.20614971],1,[0.01971979 0.01662944 0.00584857]
1785142643747173796,[ 0.00744933 -0.00090611 -0.00352329],[2.4634415e-05 2.2973467e-05 2.4122954e-03],1,[ 0.6073165  6.7787485 -5.1852474],[0.12742206 0.12627415 0.08884519],[ 9.9998516e-01 -4.9412102e-03 -2.2363958e-03  6.0656888e-04],0,7,1785142643742694,1785142643742694,[0.02886001 0.01426419 0.20621847],1,[0.01987869 0.01676596 0.00586959]
1785142643755156151,[ 0.00318827  0.00362127 -0.00325697],[2.4667586e-05 2.3003106e-05 2.4124212e-03],1,[ 0.60747004  6.7789702  -5.1844807 ],[0.12793736 0.1267597  0.08910502],[ 9.9998528e-01 -4.9236473e-03 -2.2260132e-03  5.9713685e-04],0,7,1785142643750694,1785142643750694,[0.02869033 0.01357969 0.20606102],1,[0.01995848 0.01683447 0.0058801 ]
1785142643767135907,[ 0.00478616 -0.00010716 -0.00139276],[2.4698164e-05 2.3032520e-05 2.4125490e-03],1,[ 0.6076263  6.7791843 -5.1836853],[0.1284558  0.12724794 0.08936567],[ 9.9998534e-01 -4.9087722e-03 -2.2225548e-03  5.9180678e-04],0,7,1785142643758694,1785142643758694,[0.02872756 0.01291959 0.20579572],1,[0.02003785 0.01690338 0.00589062]
1785142643775092616,[ 0.00718301  0.00255601 -0.00405592],[2.4731969e-05 2.3062625e-05 2.4126733e-03],1,[ 0.6077864  6.7793922 -5.1828613],[0.1289774  0.1277389  0.08962712],[ 9.9998546e-01 -4.8800511e-03 -2.2154178e-03  5.7831913e-04],0,7,1785142643766694,1785142643766694,[0.02877464 0.01218781 0.2056954 ],1,[0.02011767 0.01697244 0.00590114]
1785142643787293686,[ 0.00478878  0.00655443 -0.0003285 ],[2.3472287e-05 2.1873555e-05 2.3583472e-03],1,[ 0.60742146  6.779998   -5.1861043 ],[0.10726175 0.10694158 0.08108531],[ 9.9998575e-01 -4.8404713e-03 -2.1779838e-03  5.9649610e-04],0,7,1785142643782694,1785142643782694,[0.02857316 0.0109267  0.20423916],1,[0.01591145 0.01377681 0.0055032 ]
1785142643795067765,[ 0.0074519   0.00895137 -0.00139368],[2.3499870e-05 2.1894735e-05 2.3584287e-03],1,[ 0.6072545  6.780288  -5.187593 ],[0.10764918 0.10731655 0.08131935],[ 9.9998599e-01 -4.8146462e-03 -2.1440696e-03  6.0315541e-04],0,7,1785142643790694,1785142643790694,[0.02840142 0.01062393 0.20347844],1,[0.01597593 0.01383452 0.00551354]
1785142643807204144,[ 0.00798453  0.00415769 -0.00379053],[2.3534554e-05 2.1923444e-05 2.3585537e-03],1,[ 0.6070973  6.780572  -5.1889963],[0.10803915 0.10769378 0.08155416],[ 9.9998623e-01 -4.7808350e-03 -2.1213696e-03  6.0281990e-04],0,7,1785142643798694,1785142643798694,[0.02827917 0.01023931 0.20288819],1,[0.01604209 0.0138937  0.00552389]
1785142643815125205,[0.00958243 0.0028261  0.00286738],[2.3567098e-05 2.1952357e-05 2.3586813e-03],1,[ 0.6069502  6.7808485 -5.1903143],[0.10843156 0.10807317 0.08178972],[ 9.9998647e-01 -4.7422769e-03 -2.1065844e-03  6.2049465e-04],0,7,1785142643806694,1785142643806694,[0.02821289 0.00971118 0.20246841],1,[0.01610836 0.01395274 0.00553424]
1785142643827209148,[ 0.00798454  0.00202716 -0.00219263],[2.3633776e-05 2.2010263e-05 2.3589339e-03],1,[ 0.6066885  6.7813783 -5.192712 ],[0.10922379 0.10883847 0.08226314],[ 9.9998671e-01 -4.6864389e-03 -2.0937033e-03  6.2882737e-04],0,7,1785142643822694,1785142643822694,[0.02828501 0.00853559 0.20099053],1,[0.0162442  0.01407172 0.00555496]
1785142643835215866,[ 0.00825084  0.00042926 -0.00086105],[2.3666988e-05 2.2039345e-05 2.3590606e-03],1,[ 0.6065724  6.78163   -5.1938286],[0.10962363 0.10922437 0.08195401],[ 9.9998683e-01 -4.6542799e-03 -2.0901980e-03  6.3494995e-04],0,7,1785142643830694,1785142643830694,[0.02821577 0.00785878 0.20032226],1,[0.01631224 0.01413162 0.0055475 ]
1785142643847069015,[ 0.00345716  0.00016295 -0.00245895],[2.3700175e-05 2.2068711e-05 2.3591872e-03],1,[ 0.6064653  6.7818727 -5.194871 ],[0.11002598 0.10961249 0.08219104],[ 9.9998695e-01 -4.6322467e-03 -2.0877870e-03  6.3881400e-04],0,7,1785142643838694,1785142643838694,[0.02812277 0.00713669 0.19973002],1,[0.01638    0.01419183 0.00555786]
1785142643855165159,[0.00505505 0.00255979 0.00073685],[2.3733968e-05 2.2098155e-05 2.3593139e-03],1,[ 0.60636735  6.782107   -5.195841  ],[0.11043084 0.11000282 0.08242884],[ 9.9998701e-01 -4.6155709e-03 -2.0784314e-03  6.4997509e-04],0,7,1785142643846694,1785142643846694,[0.02806767 0.00656765 0.19909686],1,[0.01644798 0.01425228 0.00556823]
1785142643867136477,[ 0.00372371 -0.00276637 -0.00112803],[2.3787097e-05 2.2148977e-05 2.3595309e-03],1,[ 0.6061942  6.782553  -5.197567 ],[0.11124801 0.11078997 0.08290674],[ 9.9998724e-01 -4.5731831e-03 -2.0767844e-03  6.7260262e-04],0,7,1785142643862694,1785142643862694,[0.02760839 0.00550243 0.19844005],1,[0.01658541 0.01437289 0.00558897]
1785142643875252815,[ 0.00771845 -0.00409795 -0.00112802],[2.3818060e-05 2.2178596e-05 2.3596603e-03],1,[ 0.6061176  6.7827654 -5.198325 ],[0.11166049 0.111187   0.08314684],[ 9.9998724e-01 -4.5447559e-03 -2.0940641e-03  6.7864399e-04],0,7,1785142643870694,1785142643870694,[0.02738092 0.00496214 0.1982585 ],1,[0.01665381 0.01443409 0.00559935]
1785142643887101123,[ 0.00771845 -0.00356531 -0.00432382],[2.3848346e-05 2.2207989e-05 2.3597917e-03],1,[ 0.6060484  6.7829714 -5.1990147],[0.11207554 0.11158627 0.08338772],[ 9.9998736e-01 -4.5125959e-03 -2.1065895e-03  6.7712233e-04],0,7,1785142643878694,1785142643878694,[0.02729346 0.00458485 0.19827387],1,[0.01672263 0.01449537 0.00560974]
1785142643895108583,[ 0.00638685 -0.003299   -0.00512277],[2.3878942e-05 2.2237287e-05 2.3599211e-03],1,[ 0.60598594  6.7831707  -5.19968   ],[0.11249316 0.11198781 0.08306736],[ 9.9998748e-01 -4.4868155e-03 -2.1186338e-03  6.6643889e-04],0,7,1785142643886694,1785142643886694,[0.02704013 0.00403804 0.19835988],1,[0.01679169 0.01455685 0.00560173]
1785142643907159144,[ 0.00745212 -0.00729374 -0.00485646],[2.3942706e-05 2.2296781e-05 2.3601796e-03],1,[ 0.60588056  6.78355    -5.2008038 ],[0.11333618 0.11279775 0.08354972],[ 9.9998778e-01 -4.4214358e-03 -2.1538828e-03  6.5344980e-04],0,7,1785142643902694,1785142643902694,[0.02683685 0.0032347  0.19941352],1,[0.01693155 0.01468035 0.0056225 ]
1785142643915276834,[ 0.0055879  -0.00436427 -0.00432382],[2.3974915e-05 2.2326340e-05 2.3603088e-03],1,[ 0.60583913  6.7837305  -5.2012634 ],[0.11376162 0.11320618 0.08379205],[ 9.9998778e-01 -4.3988670e-03 -2.1717986e-03  6.4415601e-04],0,7,1785142643910694,1785142643910694,[0.02694799 0.00277215 0.19992276],1,[0.01700191 0.01474269 0.0056329 ]
1785142643927068158,[ 6.1205314e-03 -5.9621632e-03 -6.2766398e-05],[2.4006180e-05 2.2356451e-05 2.3604392e-03],1,[ 0.6058059  6.783904  -5.2016582],[0.11418968 0.11361691 0.08403517],[ 9.9998778e-01 -4.3720715e-03 -2.1955071e-03  6.5027288e-04],0,7,1785142643918694,1785142643918694,[0.02698054 0.00215436 0.20049956],1,[0.0170721  0.01480516 0.00564329]
1785142643935121058,[ 0.00878375 -0.00356519 -0.00032923],[2.4028792e-05 2.2378117e-05 2.3605267e-03],1,[ 0.6057792  6.7840705 -5.201988 ],[0.11462019 0.11402974 0.08427905],[ 9.9998790e-01 -4.3410389e-03 -2.2085381e-03  6.6214573e-04],0,7,1785142643926694,1785142643926694,[0.02689417 0.00165464 0.20111224],1,[0.0171413  0.01486666 0.00565369]
1785142643947093247,[ 0.00665322 -0.00436414 -0.0029924 ],[2.4080469e-05 2.2437900e-05 2.3607987e-03],1,[ 0.6057433  6.7843847 -5.20246  ],[0.11548959 0.11486286 0.08476916],[ 9.9998814e-01 -4.2864159e-03 -2.2320207e-03  6.6619302e-04],0,7,1785142643942694,1785142643942694,[0.02668998 0.00078117 0.20258152],1,[0.01728472 0.01499267 0.0056745 ]
1785142643955094634,[ 0.00691953 -0.00196729 -0.00352503],[2.4108200e-05 2.2468281e-05 2.3609316e-03],1,[ 0.6057346  6.784534  -5.2026505],[0.11592831 0.11528295 0.08443467],[ 9.9998826e-01 -4.2570084e-03 -2.2408983e-03  6.6399982e-04],0,7,1785142643950694,1785142643950694,[0.02657798 0.00036633 0.20314693],1,[0.01735692 0.01505599 0.00566582]
1785142643967105718,[ 0.00718584 -0.00276625 -0.00352503],[2.4138038e-05 2.2498845e-05 2.3610631e-03],1,[ 0.60573214  6.7846775  -5.202781  ],[0.11636974 0.11570542 0.08467998],[ 9.999884e-01 -4.229218e-03 -2.249829e-03  6.577743e-04],0,7,1785142643958694,1785142643958694,[2.658963e-02 2.818519e-05 2.039448e-01],1,[0.01742868 0.01511947 0.00567623]
1785142643975155330,[ 0.00265846 -0.00463045 -0.00245977],[2.4170453e-05 2.2528971e-05 2.3611931e-03],1,[ 0.60573626  6.7848153  -5.202852  ],[0.11681387 0.11613027 0.08492608],[ 9.9998844e-01 -4.2126435e-03 -2.2651739e-03  6.5549993e-04],0,7,1785142643966694,1785142643966694,[ 0.02661189 -0.0004276   0.20477487],1,[0.01750115 0.01518355 0.00568664]
1785142643987234543,[ 0.00319109 -0.00463046 -0.00112819],[2.4234694e-05 2.2589869e-05 2.3614534e-03],1,[ 0.6057638  6.7850738 -5.202818 ],[0.11771034 0.11698719 0.08542063],[ 9.9998838e-01 -4.1886019e-03 -2.3039926e-03  6.4205535e-04],0,7,1785142643982694,1785142643982694,[ 0.02679088 -0.00116103  0.20643039],1,[0.01764493 0.01531199 0.00570748]
1785142643995209482,[ 0.00319111 -0.00622835 -0.00245976],[2.4267740e-05 2.2620005e-05 2.3615826e-03],1,[ 0.60578835  6.785195   -5.202717  ],[0.11816268 0.11741927 0.08566909],[ 9.9998838e-01 -4.1790367e-03 -2.3247430e-03  6.4473372e-04],0,7,1785142643990694,1785142643990694,[ 0.02690999 -0.00154065  0.20708826],1,[0.017717   0.01537646 0.0057179 ]
1785142644007086594,[ 0.00265843 -0.00915809 -0.00245961],[2.4291840e-05 2.2641507e-05 2.3616699e-03],1,[ 0.60582113  6.785311   -5.202563  ],[0.11861751 0.11785346 0.08591833],[ 9.9998844e-01 -4.1641505e-03 -2.3583253e-03  6.4238621e-04],0,7,1785142643998694,1785142643998694,[ 0.027173   -0.00200613  0.2076672 ],1,[0.01778864 0.01543971 0.00572833]
1785142644015094900,[ 0.00399    -0.00729388 -0.00245959],[2.4323910e-05 2.2671764e-05 2.3618008e-03],1,[ 0.60586035  6.785422   -5.202403  ],[0.11907539 0.11829039 0.08557184],[ 9.9998838e-01 -4.1503515e-03 -2.3909195e-03  6.3985062e-04],0,7,1785142644006694,1785142644006694,[ 0.02710885 -0.00245631  0.20831825],1,[0.01786173 0.01550441 0.00571908]
1785142644027123575,[ 0.00452264 -0.00356545 -0.00166064],[2.4397163e-05 2.2732311e-05 2.3620541e-03],1,[ 0.605954   6.7856245 -5.2019296],[0.11999955 0.11917166 0.08607079],[ 9.9998838e-01 -4.1255252e-03 -2.4396542e-03  6.4451440e-04],0,7,1785142644022694,1785142644022694,[ 0.0270135  -0.00361577  0.20933704],1,[0.0180086  0.01563415 0.00573994]
1785142644035286218,[ 0.00612053 -0.0059623  -0.00086171],[2.4434145e-05 2.2763028e-05 2.3621798e-03],1,[ 0.60600895  6.785716   -5.20162   ],[0.12046584 0.119616   0.08632145],[ 9.9998838e-01 -4.0985006e-03 -2.4590045e-03  6.4536853e-04],0,7,1785142644030694,1785142644030694,[ 0.02710359 -0.00406236  0.20991817],1,[0.01808285 0.01569935 0.00575038]
1785142644047040263,[ 0.00452264 -0.00383177 -0.00192697],[2.4471005e-05 2.2793545e-05 2.3623058e-03],1,[ 0.60607046  6.7858024  -5.201262  ],[0.12093498 0.12006284 0.0865729 ],[ 9.9998838e-01 -4.0805610e-03 -2.4762535e-03  6.4804230e-04],0,7,1785142644038694,1785142644038694,[ 0.02731399 -0.00434373  0.21055107],1,[0.01815659 0.01576458 0.00576082]
1785142644055183974,[ 1.3268354e-03 -2.5001895e-03 -6.2758860e-05],[2.4507357e-05 2.2824381e-05 2.3624324e-03],1,[ 0.60613894  6.785884   -5.2008557 ],[0.12140696 0.12051217 0.08682515],[ 9.9998838e-01 -4.0722340e-03 -2.4876862e-03  6.4932561e-04],0,7,1785142644046694,1785142644046694,[ 0.027519   -0.00482418  0.21135752],1,[0.01823081 0.01582991 0.00577127]
1785142644067095703,[ 0.00185948 -0.00329914 -0.00166065],[2.4547720e-05 2.2855262e-05 2.3625549e-03],1,[ 0.6062143  6.7859592 -5.200403 ],[0.12188179 0.12096401 0.08707818],[ 9.9998838e-01 -4.0650042e-03 -2.4975406e-03  6.5351976e-04],0,7,1785142644054694,1785142644054694,[ 0.02779669 -0.0053215   0.21185732],1,[0.01830537 0.01589541 0.00578172]
1785142644075083194,[ 0.00425613  0.00016292 -0.00112754],[2.4618586e-05 2.2907665e-05 2.3627596e-03],1,[ 0.60638326  6.786092   -5.1994243 ],[0.12283971 0.12187484 0.08697041],[ 9.9998850e-01 -4.0420466e-03 -2.5275236e-03  6.4517342e-04],0,7,1785142644070694,1785142644070694,[ 0.02783244 -0.00649367  0.21283737],1,[0.0184525  0.01602578 0.00578221]
1785142644087190851,[ 0.00265823 -0.00036971 -0.00272545],[2.4655972e-05 2.2938535e-05 2.3628862e-03],1,[ 0.60647523  6.7861476  -5.1988997 ],[0.12332319 0.12233428 0.08722404],[ 9.9998856e-01 -4.0279892e-03 -2.5231265e-03  6.4379245e-04],0,7,1785142644078694,1785142644078694,[ 0.02798447 -0.00717263  0.21320444],1,[0.01852725 0.01609192 0.00579266]
1785142644095135007,[ 0.00452244 -0.00329919 -0.00086123],[2.4692399e-05 2.2969398e-05 2.3630140e-03],1,[ 0.6065732  6.7861967 -5.1983347],[0.12380958 0.12279627 0.08747848],[ 9.9998862e-01 -4.0123425e-03 -2.5363406e-03  6.4115319e-04],0,7,1785142644086694,1785142644086694,[ 0.02812668 -0.00766968  0.21342497],1,[0.01860234 0.01615809 0.00580312]
1785142644107088286,[ 0.00159298  0.00096187 -0.00405703],[2.4766437e-05 2.3031074e-05 2.3632688e-03],1,[ 0.6067842  6.78628   -5.1970887],[0.12479116 0.12372799 0.08798974],[ 9.9998862e-01 -3.9837835e-03 -2.5586039e-03  6.3506223e-04],0,7,1785142644102725,1785142644102725,[ 0.02812948 -0.00845133  0.21351297],1,[0.01875369 0.01629153 0.00582405]
1785142644115423777,[ 0.00159297  0.00176082 -0.00565492],[2.4802803e-05 2.3062001e-05 2.3633975e-03],1,[ 0.6068967  6.7863145 -5.1964126],[0.12528637 0.12419774 0.08824658],[ 9.9998873e-01 -3.9782976e-03 -2.5501437e-03  6.1555963e-04],0,7,1785142644110725,1785142644110725,[ 0.02831198 -0.00898159  0.2134028 ],1,[0.01882994 0.01635854 0.00583452]
1785142644127114353,[ 0.0037235   0.00122818 -0.00166018],[2.4840871e-05 2.3092445e-05 2.3635249e-03],1,[ 0.6070155  6.786342  -5.1957006],[0.12578456 0.1246701  0.08850422],[ 9.9998868e-01 -3.9648809e-03 -2.5453721e-03  6.1183010e-04],0,7,1785142644118725,1785142644118725,[ 0.02863703 -0.00948311  0.21376489],1,[0.01890593 0.01642576 0.00584499]
1785142644135280574,[ 0.00425611 -0.00143498 -0.0035244 ],[2.4880230e-05 2.3122599e-05 2.3636504e-03],1,[ 0.6071408  6.7863655 -5.195012 ],[0.12628573 0.12514506 0.08812983],[ 9.9998873e-01 -3.9493330e-03 -2.5475796e-03  6.0097664e-04],0,7,1785142644126725,1785142644126725,[ 0.02889357 -0.00985624  0.21381073],1,[0.01898213 0.01649314 0.00583444]
1785142644147147174,[ 0.00399009  0.00202696 -0.00272613],[2.4950790e-05 2.3174294e-05 2.3638573e-03],1,[ 0.60740715  6.7863984  -5.1935315 ],[0.12729658 0.12610236 0.08864544],[ 9.9998897e-01 -3.9060765e-03 -2.5413823e-03  5.8875117e-04],0,7,1785142644142725,1785142644142725,[ 0.02906355 -0.01066482  0.21395105],1,[0.01913496 0.01662733 0.00585539]
1785142644155163618,[ 0.00718588  0.00522274 -0.00379139],[2.4993742e-05 2.3204762e-05 2.3639800e-03],1,[ 0.607546  6.786409 -5.192742],[0.12780677 0.12658526 0.08890445],[ 9.9998915e-01 -3.8846813e-03 -2.5229158e-03  5.7668379e-04],0,7,1785142644150725,1785142644150725,[ 0.02890804 -0.01104511  0.21384814],1,[0.01921205 0.01669583 0.00586587]
1785142644167192222,[ 0.00958272  0.00495643 -0.0005956 ],[2.5036477e-05 2.3235216e-05 2.3641034e-03],1,[ 0.60768837  6.7864146  -5.1919203 ],[0.12832001 0.12707084 0.08916427],[ 9.9998939e-01 -3.8457543e-03 -2.5017618e-03  5.7456951e-04],0,7,1785142644158725,1785142644158725,[ 0.02903262 -0.01139965  0.21392539],1,[0.01928939 0.01676421 0.00587636]
1785142644175053507,[ 0.00798483  0.00335854 -0.00166087],[2.5078303e-05 2.3265482e-05 2.3642282e-03],1,[ 0.60783637  6.786416   -5.1910677 ],[0.1288363  0.1275591  0.08942491],[ 9.9998951e-01 -3.8095049e-03 -2.4864885e-03  5.7280756e-04],0,7,1785142644166725,1785142644166725,[ 0.02929605 -0.01175015  0.21384211],1,[0.01936672 0.01683281 0.00588685]
1785142644187149509,[ 0.0085179   0.00362883 -0.00539017],[2.3831737e-05 2.2097771e-05 2.3202070e-03],1,[ 0.6077971  6.786409  -5.191888 ],[0.10719882 0.10681233 0.08143476],[ 9.9998987e-01 -3.7529576e-03 -2.4577309e-03  5.3833151e-04],0,7,1785142644182725,1785142644182725,[ 0.0291865  -0.01274608  0.21291424],1,[0.01539144 0.01366861 0.00550655]
1785142644195134003,[ 0.01064842  0.00336251 -0.00112911],[2.3869134e-05 2.2127240e-05 2.3203355e-03],1,[ 0.60761744  6.786401   -5.193538  ],[0.1075844  0.10718542 0.08113353],[ 9.9998999e-01 -3.7142239e-03 -2.4434472e-03  5.4084166e-04],0,7,1785142644190725,1785142644190725,[ 0.02933738 -0.0131      0.21188886],1,[0.01545646 0.01372715 0.0054995 ]
1785142644207181268,[0.01144737 0.00549305 0.00020247],[2.3905093e-05 2.2156577e-05 2.3204668e-03],1,[ 0.6074501  6.7863884 -5.195099 ],[0.10797236 0.10756064 0.08136755],[ 9.999903e-01 -3.665407e-03 -2.423293e-03  5.506570e-04],0,7,1785142644198725,1785142644198725,[ 0.02933837 -0.01331793  0.21092744],1,[0.01552091 0.01378579 0.00550982]
1785142644215087531,[ 0.01064842  0.00522674 -0.0008628 ],[2.3940693e-05 2.2185908e-05 2.3205983e-03],1,[ 0.607293   6.7863736 -5.1965723],[0.1083627  0.10793801 0.08160233],[ 9.9999046e-01 -3.6240646e-03 -2.3972997e-03  5.6080596e-04],0,7,1785142644206725,1785142644206725,[ 0.02905448 -0.01347824  0.2099336 ],1,[0.0155857  0.01384487 0.00552014]
1785142644227192742,[ 0.00745271  0.00389508 -0.00485776],[2.4006897e-05 2.2236372e-05 2.3208044e-03],1,[ 0.6070059  6.7863355 -5.1992702],[0.10915039 0.10869901 0.08207416],[ 9.9999082e-01 -3.5381427e-03 -2.3640895e-03  5.5947213e-04],0,7,1785142644222725,1785142644222725,[ 0.02875658 -0.01409487  0.2079985 ],1,[0.01571414 0.0139619  0.0055408 ]
1785142644235127949,[ 0.00692008  0.00389507 -0.00459143],[2.4038989e-05 2.2265927e-05 2.3209399e-03],1,[ 0.6068769  6.78631   -5.200499 ],[0.10954794 0.10908285 0.08231121],[ 9.9999094e-01 -3.5106179e-03 -2.3494116e-03  5.5113126e-04],0,7,1785142644230725,1785142644230725,[ 0.02860772 -0.01429165  0.20706789],1,[0.015779   0.01402157 0.00555114]
1785142644247121286,[ 0.0071864   0.0044277  -0.00352617],[2.4075498e-05 2.2295544e-05 2.3210710e-03],1,[ 0.60675704  6.7862825  -5.201649  ],[0.1099479  0.10946886 0.08254904],[ 9.9999118e-01 -3.4815150e-03 -2.3304771e-03  5.4530986e-04],0,7,1785142644238725,1785142644238725,[ 0.02854168 -0.0144588   0.2064396 ],1,[0.0158448  0.01408153 0.00556148]
1785142644255258283,[ 0.00825166  0.00629192 -0.00432512],[2.4113544e-05 2.2325252e-05 2.3212014e-03],1,[ 0.60664666  6.786252   -5.20276   ],[0.1103503  0.10985707 0.08223685],[ 9.9999124e-01 -3.4513525e-03 -2.3067703e-03  5.3668563e-04],0,7,1785142644246725,1785142644246725,[ 0.02851667 -0.01469973  0.20568548],1,[0.01591108 0.01414168 0.00555389]
1785142644267243843,[ 0.00638744  0.00549297 -0.0040588 ],[2.4178682e-05 2.2384349e-05 2.3214731e-03],1,[ 0.6064544  6.7861786 -5.2047567],[0.11116249 0.11064012 0.08271313],[ 9.9999160e-01 -3.3921571e-03 -2.2556200e-03  5.3347612e-04],0,7,1785142644262725,1785142644262725,[ 0.0282806  -0.01550018  0.2048565 ],1,[0.01604458 0.01426292 0.00557457]
1785142644275162634,[ 0.00558849  0.00336244 -0.00405881],[2.4210778e-05 2.2414042e-05 2.3216095e-03],1,[ 0.60636866  6.7861357  -5.205641  ],[0.1115723  0.11103498 0.08295242],[ 9.9999171e-01 -3.3662859e-03 -2.2388678e-03  5.2720448e-04],0,7,1785142644270725,1785142644270725,[ 0.02795479 -0.01573427  0.20496464],1,[0.01611115 0.0143238  0.00558492]
1785142644287287849,[ 0.00186007  0.00469402 -0.00512407],[2.4244629e-05 2.2443821e-05 2.3217434e-03],1,[ 0.60629016  6.786091   -5.2064495 ],[0.1119846  0.11143209 0.08319248],[ 9.9999183e-01 -3.3579955e-03 -2.2189484e-03  5.1812083e-04],0,7,1785142644278725,1785142644278725,[ 0.0278033  -0.01589528  0.20509017],1,[0.01617859 0.01438502 0.00559527]
1785142644295152642,[ 0.00292503  0.00069915 -0.0043243 ],[2.4270534e-05 2.2464974e-05 2.3218221e-03],1,[ 0.60621965  6.7860417  -5.2071853 ],[0.11239921 0.1118312  0.08343331],[ 9.9999183e-01 -3.3465065e-03 -2.2107600e-03  5.0739298e-04],0,7,1785142644286725,1785142644286725,[ 0.02773724 -0.01631579  0.20522006],1,[0.01624464 0.01444484 0.00560563]
1785142644307137871,[ 0.00771873  0.00096546 -0.00086219],[2.4330906e-05 2.2524866e-05 2.3220992e-03],1,[ 0.60610616  6.785928   -5.2084403 ],[0.11323637 0.11263668 0.08391727],[ 9.9999207e-01 -3.2938675e-03 -2.2023632e-03  5.1267399e-04],0,7,1785142644302725,1785142644302725,[ 0.0280178  -0.01732243  0.20596163],1,[0.01638071 0.01456793 0.00562636]
1785142644315152281,[ 0.00718609  0.00043283 -0.00246009],[2.4359046e-05 2.2555265e-05 2.3222405e-03],1,[ 0.6060625  6.785865  -5.2089925],[0.11365876 0.11304283 0.08359129],[ 9.9999219e-01 -3.2632952e-03 -2.1973795e-03  5.1360612e-04],0,7,1785142644310725,1785142644310725,[ 0.02812958 -0.01741551  0.20629   ],1,[0.01644905 0.01462988 0.00561811]
1785142644327155489,[ 0.00691977  0.00016652 -0.00246009],[2.4388655e-05 2.2585655e-05 2.3223800e-03],1,[ 0.60602736  6.785799   -5.2094765 ],[0.1140837  0.11345129 0.08383355],[ 9.9999219e-01 -3.2353844e-03 -2.1972060e-03  5.1182212e-04],0,7,1785142644318725,1785142644318725,[ 0.02825061 -0.0178161   0.20664008],1,[0.01651773 0.01469226 0.00562847]
1785142644335197489,[ 0.00478925 -0.0016977  -0.00272641],[2.4419069e-05 2.2615803e-05 2.3225180e-03],1,[ 0.6060005  6.785728  -5.209895 ],[0.11451121 0.11386206 0.08407659],[ 9.9999231e-01 -3.2149381e-03 -2.2012994e-03  5.1103486e-04],0,7,1785142644326725,1785142644326725,[ 0.02820382 -0.0182763   0.20699953],1,[0.01658585 0.01475468 0.00563884]
1785142644347371170,[ 0.00585451 -0.00302928 -0.00059587],[2.4478559e-05 2.2676819e-05 2.3227972e-03],1,[ 0.60596496  6.785576   -5.2105336 ],[0.115374   0.11469057 0.084565  ],[ 9.9999243e-01 -3.1682255e-03 -2.2185151e-03  5.2104169e-04],0,7,1785142644342725,1785142644342725,[ 0.02804568 -0.01888194  0.2084284 ],1,[0.01672429 0.01488072 0.00565959]
1785142644355224738,[ 0.00665346 -0.00542612 -0.00112851],[2.4507386e-05 2.2707693e-05 2.3229378e-03],1,[ 0.6059576  6.7854943 -5.2107563],[0.1158093  0.11510834 0.08481037],[ 9.9999243e-01 -3.1414197e-03 -2.2386098e-03  5.2578485e-04],0,7,1785142644350725,1785142644350725,[ 0.02800045 -0.01924989  0.2090775 ],1,[0.0167945  0.0149441  0.00566997]
1785142644367250957,[ 7.9852985e-03 -4.3610707e-03 -6.3891523e-05],[2.4526837e-05 2.2729431e-05 2.3230230e-03],1,[ 0.6059574  6.7854104 -5.2109165],[0.11624695 0.11552812 0.08505652],[ 9.9999255e-01 -3.1098449e-03 -2.2534025e-03  5.3291302e-04],0,7,1785142644358725,1785142644358725,[ 0.02810096 -0.01952072  0.20979236],1,[0.01686375 0.01500587 0.00568036]
1785142644375233737,[ 0.00585476 -0.0064916  -0.00166179],[2.4557326e-05 2.2760478e-05 2.3231623e-03],1,[ 0.60596466  6.785322   -5.211065  ],[0.1166875  0.11595059 0.08471882],[ 9.9999255e-01 -3.0846118e-03 -2.2783850e-03  5.3707341e-04],0,7,1785142644366725,1785142644366725,[ 0.02815661 -0.02001839  0.21041648],1,[0.0169347  0.01506955 0.00567154]
1785142644387220069,[ 0.0063874  -0.00409475 -0.00272705],[2.4616589e-05 2.2821712e-05 2.3234438e-03],1,[ 0.60600036  6.785133   -5.21118   ],[0.11757656 0.1168027  0.08521164],[ 9.9999261e-01 -3.0416409e-03 -2.3135683e-03  5.3764629e-04],0,7,1785142644382725,1785142644382725,[ 0.02847775 -0.02069762  0.21192588],1,[0.01707591 0.01519764 0.00569232]
1785142644395146386,[ 0.01064845 -0.00436107 -0.00592283],[2.4645804e-05 2.2852320e-05 2.3235842e-03],1,[ 0.60603046  6.785033   -5.2111483 ],[0.1180251  0.11723235 0.08545922],[ 9.9999273e-01 -3.0036292e-03 -2.3317814e-03  5.2187149e-04],0,7,1785142644390725,1785142644390725,[ 0.02874233 -0.0209773   0.21287817],1,[0.01714728 0.01526188 0.00570271]
1785142644407292397,[ 0.00745265 -0.00276317 -0.00246074],[2.4673862e-05 2.2883003e-05 2.3237267e-03],1,[ 0.6060687  6.784931  -5.2110577],[0.11847633 0.11766442 0.08570759],[ 9.9999273e-01 -2.9672575e-03 -2.3436046e-03  5.1647186e-04],0,7,1785142644398725,1785142644398725,[ 0.02891201 -0.02117538  0.2137596 ],1,[0.0172187  0.01532646 0.00571311]
1785142644415257418,[ 0.00505581 -0.00036633 -0.00272705],[2.4700665e-05 2.2913824e-05 2.3238701e-03],1,[ 0.6061136  6.7848268 -5.210911 ],[0.11893027 0.11809891 0.08595674],[ 9.9999279e-01 -2.9479556e-03 -2.3458740e-03  5.1341619e-04],0,7,1785142644406725,1785142644406725,[ 0.02900455 -0.02115596  0.21453083],1,[0.01728953 0.01539131 0.00572351]
1785142644427240002,[ 0.00878424 -0.00516002 -0.00272705],[2.4759067e-05 2.2975089e-05 2.3241525e-03],1,[ 0.60622036  6.784614   -5.2104506 ],[0.11984628 0.11897523 0.08645742],[ 9.9999291e-01 -2.8859454e-03 -2.3670110e-03  5.0560141e-04],0,7,1785142644422725,1785142644422725,[ 0.02873228 -0.02154525  0.21630694],1,[0.01743221 0.01552018 0.00574433]
1785142644435253079,[ 0.01064822 -0.00169829 -0.00086216],[2.4780453e-05 2.2995857e-05 2.3242354e-03],1,[ 0.6062817  6.7845035 -5.2101874],[0.12030801 0.1194166  0.08610494],[ 9.9999303e-01 -2.8448547e-03 -2.3794677e-03  5.0775014e-04],0,7,1785142644430725,1785142644430725,[ 0.02875071 -0.02166754  0.21697731],1,[0.01750273 0.01558323 0.00573482]
1785142644447164457,[ 0.00771875 -0.00089934 -0.00325902],[2.4812482e-05 2.3026159e-05 2.3243758e-03],1,[ 0.606349  6.784391 -5.209873],[0.12077286 0.11986089 0.0863555 ],[ 9.9999315e-01 -2.8096498e-03 -2.3824659e-03  5.0342456e-04],0,7,1785142644438725,1785142644438725,[ 0.02873883 -0.02180828  0.21767691],1,[0.01757408 0.01564832 0.00574523]
1785142644455197477,[ 0.01064822 -0.00249725 -0.00246006],[2.4846264e-05 2.3056806e-05 2.3245139e-03],1,[ 0.60642123  6.784277   -5.2095075 ],[0.12124047 0.12030768 0.08660685],[ 9.9999315e-01 -2.7712518e-03 -2.3897637e-03  4.9568550e-04],0,7,1785142644446725,1785142644446725,[ 0.02870628 -0.02201056  0.21846803],1,[0.01764518 0.01571367 0.00575565]
1785142644467253511,[ 0.00745243 -0.00249724 -0.0013948 ],[2.4911571e-05 2.3118682e-05 2.3247914e-03],1,[ 0.6065806  6.7840385 -5.2086315],[0.12218402 0.12120873 0.08711191],[ 9.9999338e-01 -2.7073233e-03 -2.3996055e-03  4.9968984e-04],0,7,1785142644462725,1785142644462725,[ 0.02862153 -0.0227918   0.21938632],1,[0.01778962 0.015845   0.00577649]
1785142644475242004,[ 0.00505558 -0.00063303 -0.00032954],[2.4945690e-05 2.3149605e-05 2.3249290e-03],1,[ 0.6066675  6.783912  -5.2081256],[0.12266    0.12166304 0.08736563],[ 9.9999344e-01 -2.6849634e-03 -2.4032439e-03  5.0131290e-04],0,7,1785142644470725,1785142644470725,[ 0.02865393 -0.02339483  0.21983908],1,[0.01786181 0.01591101 0.00578691]
1785142644487189290,[ 0.00558821  0.00256276 -0.00059585],[2.4980916e-05 2.3180308e-05 2.3250650e-03],1,[ 0.6067601  6.783781  -5.207619 ],[0.12313879 0.12211986 0.08700344],[ 9.9999350e-01 -2.6642215e-03 -2.3978518e-03  5.0480559e-04],0,7,1785142644478725,1785142644478725,[ 0.02881733 -0.02371235  0.22029652],1,[0.01793401 0.0159771  0.00577695]
1785142644495276879,[ 0.00612084  0.00282908 -0.00166112],[2.5016678e-05 2.3211198e-05 2.3252009e-03],1,[ 0.606858  6.783648 -5.20707 ],[0.12362041 0.12257924 0.08725696],[ 9.9999362e-01 -2.6392252e-03 -2.3834445e-03  5.0433737e-04],0,7,1785142644486725,1785142644486725,[ 0.02878072 -0.02393684  0.22054093],1,[0.01800703 0.01604308 0.00578737]
1785142644507250885,[ 0.00532194  0.00043197 -0.00112856],[2.5084613e-05 2.3263387e-05 2.3254096e-03],1,[ 0.60706794  6.7833734  -5.205849  ],[0.1245917  0.12350508 0.08776639],[ 9.9999380e-01 -2.5892486e-03 -2.3754935e-03  5.0117105e-04],0,7,1785142644502725,1785142644502725,[ 0.02885226 -0.02437034  0.22096458],1,[0.01815111 0.01617409 0.00580823]
1785142644515259241,[ 0.00745247 -0.00010066 -0.00379172],[2.5122597e-05 2.3294595e-05 2.3255441e-03],1,[ 0.60718167  6.783232   -5.2051797 ],[0.12508187 0.12397213 0.08802231],[ 9.9999380e-01 -2.5626433e-03 -2.3745482e-03  4.9315311e-04],0,7,1785142644510725,1785142644510725,[ 0.02910575 -0.02477168  0.22099659],1,[0.01822468 0.01624095 0.00581867]
1785142644527152419,[ 0.00771878 -0.00329646 -0.00325909],[2.5163123e-05 2.3325629e-05 2.3256768e-03],1,[ 0.607301   6.783087  -5.2044725],[0.12557492 0.12444178 0.08827902],[ 9.9999392e-01 -2.5317704e-03 -2.3853572e-03  4.8070095e-04],0,7,1785142644518725,1785142644518725,[ 0.02907844 -0.02511941  0.22134599],1,[0.01829768 0.01630806 0.00582911]
1785142644535358106,[0.00905037 0.00043197 0.00020303],[2.5202358e-05 2.3356510e-05 2.3258107e-03],1,[ 0.6074242  6.782939  -5.2037272],[0.12607086 0.12491403 0.08853655],[ 9.9999392e-01 -2.4977524e-03 -2.3854997e-03  4.8293811e-04],0,7,1785142644526725,1785142644526725,[ 0.02908811 -0.0253006   0.22149158],1,[0.01837128 0.01637536 0.00583956]
1785142644547245933,[ 0.01011562  0.00149724 -0.00139487],[2.5279467e-05 2.3419187e-05 2.3260792e-03],1,[ 0.6076848  6.782635  -5.202216 ],[0.12707147 0.12586638 0.08841886],[ 9.9999416e-01 -2.4222871e-03 -2.3874554e-03  4.8632533e-04],0,7,1785142644542725,1785142644542725,[ 0.02942189 -0.02587207  0.22158599],1,[0.0185197  0.01651072 0.00583945]
1785142644555457022,[ 0.00771878  0.00336145 -0.00112856],[2.5316807e-05 2.3450782e-05 2.3262140e-03],1,[ 0.6078232  6.78248   -5.2014084],[0.12757619 0.12634651 0.08867694],[ 9.9999428e-01 -2.3872263e-03 -2.3749010e-03  4.8264489e-04],0,7,1785142644550725,1785142644550725,[ 0.02951842 -0.02603769  0.22153051],1,[0.01859459 0.01657867 0.00584989]
1785142644567267510,[ 0.00425667  0.00362776 -0.00139487],[2.5351797e-05 2.3481794e-05 2.3263525e-03],1,[ 0.60796666  6.7823215  -5.200569  ],[0.12808385 0.12682931 0.08893584],[ 9.9999428e-01 -2.3708218e-03 -2.3607747e-03  4.8086874e-04],0,7,1785142644558725,1785142644558725,[ 0.02968236 -0.02631599  0.22135353],1,[0.01867064 0.01664686 0.00586035]
1785142644575327308,[0.00718639 0.00256245 0.000735  ],[2.5378798e-05 2.3503393e-05 2.3264289e-03],1,[ 0.60811496  6.7821617  -5.199698  ],[0.12859386 0.12731403 0.08919553],[ 9.9999440e-01 -2.3416551e-03 -2.3493124e-03  4.8481650e-04],0,7,1785142644566725,1785142644566725,[ 0.02980222 -0.02651609  0.2213886 ],1,[0.01874433 0.01671296 0.00587081]
1785142644587287734,[ 0.00399459 -0.00462391 -0.00352703],[2.4134930e-05 2.2353532e-05 2.2904438e-03],1,[ 0.60778385  6.7821126  -5.203335  ],[0.10718057 0.10673791 0.081267  ],[ 9.9999446e-01 -2.2985928e-03 -2.3774663e-03  4.8016960e-04],0,7,1785142644582725,1785142644582725,[ 0.02976595 -0.02670922  0.21936633],1,[0.01499155 0.01360415 0.00549472]
1785142644595432267,[ 0.01038617 -0.00249339 -0.00379333],[2.4168909e-05 2.2383621e-05 2.2905846e-03],1,[ 0.6076348  6.78208   -5.20501  ],[0.10756452 0.10710975 0.08150113],[ 9.9999446e-01 -2.2623949e-03 -2.3882966e-03  4.7649856e-04],0,7,1785142644590725,1785142644590725,[ 0.02969673 -0.02692314  0.21856698],1,[0.01505485 0.0136624  0.00550501]
1785142644607307446,[ 0.00798931 -0.00089549 -0.00113018],[2.4203933e-05 2.2413784e-05 2.2907238e-03],1,[ 0.6074952  6.7820425 -5.2066183],[0.10795078 0.1074837  0.08119909],[ 9.999946e-01 -2.224616e-03 -2.392210e-03  4.758601e-04],0,7,1785142644598725,1785142644598725,[ 0.02939069 -0.02717708  0.21773282],1,[0.0151181  0.01372078 0.00549793]
1785142644615435734,[0.00985353 0.00230031 0.00100035],[2.4237852e-05 2.2443935e-05 2.2908638e-03],1,[ 0.6073643  6.782     -5.2081356],[0.10833938 0.10785979 0.08143318],[ 9.9999470e-01 -2.1884886e-03 -2.3838498e-03  4.9262901e-04],0,7,1785142644606725,1785142644606725,[ 0.02928574 -0.02725068  0.21699828],1,[0.01518122 0.01377952 0.00550822]
1785142644627294598,[ 0.00798932  0.00443084 -0.00166281],[2.4307174e-05 2.2504095e-05 2.2911446e-03],1,[ 0.6071332  6.7819014 -5.2109056],[0.10912359 0.10861839 0.08190364],[ 9.9999493e-01 -2.1018351e-03 -2.3517520e-03  5.0871365e-04],0,7,1785142644622725,1785142644622725,[ 0.02938424 -0.02749438  0.21553017],1,[0.0153073  0.01389781 0.00552882]
1785142644635455246,[ 0.00878827  0.00283294 -0.00166281],[2.4339291e-05 2.2534143e-05 2.2912882e-03],1,[ 0.6070323  6.7818456 -5.2121634],[0.10951922 0.10900092 0.08214001],[ 9.9999505e-01 -2.0656902e-03 -2.3397324e-03  5.1069562e-04],0,7,1785142644630725,1785142644630725,[ 0.02922226 -0.02771858  0.21499015],1,[0.01537124 0.01395736 0.00553913]
1785142644647301473,[ 0.01198433  0.00283281 -0.00246248],[2.4361007e-05 2.2555028e-05 2.2913604e-03],1,[ 0.60694    6.7817855 -5.213338 ],[0.10991704 0.10938539 0.08237714],[ 9.9999517e-01 -2.0210294e-03 -2.3245239e-03  5.1257055e-04],0,7,1785142644638725,1785142644638725,[ 0.02912552 -0.02790295  0.21460952],1,[0.01543445 0.01401554 0.00554944]
1785142644655293323,[0.00905484 0.00416439 0.000467  ],[2.4393063e-05 2.2585225e-05 2.2915038e-03],1,[ 0.60685664  6.7817216  -5.214483  ],[0.11031743 0.10977226 0.08206654],[ 9.9999529e-01 -1.9774016e-03 -2.3103880e-03  5.2114314e-04],0,7,1785142644646725,1785142644646725,[ 0.02918919 -0.02790451  0.21438286],1,[0.01549924 0.01407557 0.00554193]
1785142644667373620,[ 0.00612536  0.00309913 -0.00246249],[2.4459221e-05 2.2645700e-05 2.2917888e-03],1,[ 0.60671526  6.781586   -5.2165318 ],[0.11112542 0.11055262 0.08254144],[ 9.9999547e-01 -1.9200016e-03 -2.2613888e-03  5.3948350e-04],0,7,1785142644662725,1785142644662725,[ 0.02883237 -0.02775843  0.21373561],1,[0.01562908 0.0141965  0.00556255]
1785142644675321935,[0.00452746 0.00123491 0.00073331],[2.4495244e-05 2.2676100e-05 2.2919276e-03],1,[ 0.6066559  6.7815146 -5.217439 ],[0.11153304 0.11094613 0.08278003],[ 9.9999559e-01 -1.9024756e-03 -2.2536917e-03  5.4505042e-04],0,7,1785142644670725,1785142644670725,[ 0.0289539  -0.02768698  0.21364234],1,[0.01569404 0.01425703 0.00557287]
1785142644687331377,[ 0.00585905  0.00150124 -0.00219617],[2.4528788e-05 2.2706579e-05 2.2920701e-03],1,[ 0.6066063  6.7814417 -5.2182703],[0.1119431  0.11134186 0.08301939],[ 9.9999559e-01 -1.8780351e-03 -2.2470553e-03  5.5373932e-04],0,7,1785142644678725,1785142644678725,[ 0.02910258 -0.02746055  0.2136383 ],1,[0.01575988 0.01431793 0.00558319]
1785142644695289474,[ 0.00399483  0.00283281 -0.00485933],[2.4563755e-05 2.2737171e-05 2.2922100e-03],1,[ 0.60656476  6.7813683  -5.219027  ],[0.1123556  0.11173983 0.08325952],[ 9.9999571e-01 -1.8583498e-03 -2.2362031e-03  5.4261612e-04],0,7,1785142644686725,1785142644686725,[ 0.02896142 -0.02713203  0.21380799],1,[0.01582567 0.01437919 0.00559352]
1785142644707399275,[ 5.3262631e-03 -9.6777338e-05 -1.1304831e-03],[2.4618606e-05 2.2788880e-05 2.2924237e-03],1,[ 0.60650235  6.781217   -5.220361  ],[0.11318775 0.11254221 0.08317857],[ 9.9999571e-01 -1.8137007e-03 -2.2379016e-03  5.4362259e-04],0,7,1785142644702725,1785142644702725,[ 0.02881997 -0.02708345  0.21458979],1,[0.0159568  0.01450074 0.00559579]
1785142644715344453,[ 0.00213047 -0.0022273  -0.0013968 ],[2.4648833e-05 2.2819166e-05 2.2925695e-03],1,[ 0.6064821  6.7811375 -5.2209396],[0.11360765 0.11294696 0.08341938],[ 9.9999571e-01 -1.8031283e-03 -2.2419763e-03  5.4890319e-04],0,7,1785142644710725,1785142644710725,[ 0.02882544 -0.02710585  0.21510923],1,[0.01602338 0.0145628  0.00560612]
1785142644727353936,[ 0.00452732  0.00096849 -0.00113048],[2.4679734e-05 2.2849743e-05 2.2927143e-03],1,[ 0.6064686  6.7810545 -5.2214465],[0.11403006 0.11335401 0.08366095],[ 9.9999583e-01 -1.7845681e-03 -2.2417922e-03  5.5252982e-04],0,7,1785142644718725,1785142644718725,[ 0.02867779 -0.02727157  0.21559626],1,[0.01609029 0.01462492 0.00561646]
1785142644735342569,[ 0.0026631   0.00043586 -0.00113049],[2.4715206e-05 2.2880289e-05 2.2928554e-03],1,[ 0.60646075  6.780968   -5.221883  ],[0.11445498 0.11376335 0.08390331],[ 9.9999583e-01 -1.7724053e-03 -2.2368189e-03  5.5660412e-04],0,7,1785142644726725,1785142644726725,[ 0.02855702 -0.02741764  0.2161225 ],1,[0.01615785 0.01468749 0.0056268 ]
1785142644747400046,[ 0.00159784 -0.00089572 -0.00219575],[2.4790552e-05 2.2941535e-05 2.2931334e-03],1,[ 0.60646534  6.7807813  -5.2225494 ],[0.11531241 0.11458898 0.08439032],[ 9.9999583e-01 -1.7497230e-03 -2.2423454e-03  5.7184062e-04],0,7,1785142644742725,1785142644742725,[ 0.02867565 -0.02805682  0.217677  ],1,[0.01629273 0.01481327 0.00564749]
1785142644755372945,[ 0.0026631  -0.00116204 -0.00698944],[2.4825491e-05 2.2972456e-05 2.2932754e-03],1,[ 0.60647863  6.780681   -5.222781  ],[0.11574493 0.1150053  0.08463499],[ 9.9999583e-01 -1.7407659e-03 -2.2454727e-03  5.5240019e-04],0,7,1785142644750725,1785142644750725,[ 0.02883499 -0.02816404  0.21835315],1,[0.01636022 0.01487625 0.00565784]
1785142644767413325,[ 0.00159784 -0.00329257 -0.00512523],[2.4857558e-05 2.3003351e-05 2.2934205e-03],1,[ 0.60650027  6.780578   -5.222948  ],[0.11618002 0.11542396 0.08488043],[ 9.9999583e-01 -1.7313245e-03 -2.2544756e-03  5.4174964e-04],0,7,1785142644758725,1785142644758725,[ 0.02902769 -0.02829511  0.21905755],1,[0.01642848 0.01493954 0.00566819]
1785142644775272405,[ 0.00053255 -0.0038252  -0.00272838],[2.4888663e-05 2.3034658e-05 2.2935660e-03],1,[ 0.60652876  6.780473   -5.223112  ],[0.11661768 0.11584496 0.08454443],[ 9.9999583e-01 -1.7277774e-03 -2.2699004e-03  5.3402013e-04],0,7,1785142644766725,1785142644766725,[ 0.02908741 -0.02821192  0.21968156],1,[0.01649653 0.01500317 0.00565946]
1785142644787427696,[-1.3312664e-03 -4.6244576e-03 -6.6201581e-05],[2.4940839e-05 2.3086957e-05 2.2937851e-03],1,[ 0.60660976  6.7802567  -5.223251  ],[0.11750041 0.11669365 0.08503585],[ 9.9999571e-01 -1.7308915e-03 -2.2987095e-03  5.4854731e-04],0,7,1785142644782725,1785142644782725,[ 0.0294838  -0.02874753  0.22135541],1,[0.01663209 0.01512898 0.00568018]
1785142644795222736,[ 0.00159821 -0.0019613   0.00020012],[2.4971347e-05 2.3118275e-05 2.2939318e-03],1,[ 0.6066609  6.780142  -5.2232256],[0.11794586 0.11712179 0.08528272],[ 9.9999571e-01 -1.7268668e-03 -2.3094472e-03  5.5590161e-04],0,7,1785142644790725,1785142644790725,[ 0.02960329 -0.02895751  0.22235425],1,[0.01670069 0.01519295 0.00569054]
1785142644807230425,[-0.00079864 -0.00169498 -0.00033252],[2.5002149e-05 2.3149607e-05 2.2940785e-03],1,[ 0.6067183  6.780024  -5.2231393],[0.11839392 0.11755233 0.08553039],[ 9.9999571e-01 -1.7266035e-03 -2.3143601e-03  5.6244555e-04],0,7,1785142644798725,1785142644798725,[ 0.0296121  -0.02898711  0.22325388],1,[0.01677002 0.01525716 0.00570091]
1785142644815272324,[ 0.00106557 -0.00515709 -0.0016641 ],[2.5029207e-05 2.3180542e-05 2.2942293e-03],1,[ 0.6067817  6.779903  -5.2229943],[0.11884462 0.11798529 0.08577882],[ 9.9999571e-01 -1.7226235e-03 -2.3294324e-03  5.6237093e-04],0,7,1785142644806725,1785142644806725,[ 0.02973635 -0.0291233   0.22408953],1,[0.01684004 0.01532159 0.00571128]
1785142644827266503,[ 0.00186452 -0.00462446 -0.00139779],[2.509136e-05 2.324235e-05 2.294523e-03],1,[ 0.60692644  6.779654   -5.2225814 ],[0.119754   0.1188585  0.08568004],[ 9.9999571e-01 -1.7094387e-03 -2.3596620e-03  5.6361582e-04],0,7,1785142644822725,1785142644822725,[ 0.02959387 -0.02920193  0.22566378],1,[0.01698026 0.0154509  0.00571235]
1785142644835341274,[ 0.00053293 -0.00142866 -0.00272936],[2.5124053e-05 2.3273320e-05 2.2946685e-03],1,[ 0.60700595  6.779526   -5.2223153 ],[0.1202127  0.11929878 0.0859291 ],[ 9.9999559e-01 -1.7066164e-03 -2.3641833e-03  5.5852771e-04],0,7,1785142644830725,1785142644830725,[ 0.02977185 -0.02937847  0.22633295],1,[0.01705118 0.01551595 0.00572273]
1785142644847506356,[-0.00133128 -0.00249393 -0.00113147],[2.5155739e-05 2.3304219e-05 2.2948154e-03],1,[ 0.60709375  6.779395   -5.2219954 ],[0.1206741  0.11974151 0.08617896],[ 9.9999559e-01 -1.7091613e-03 -2.3751203e-03  5.5852142e-04],0,7,1785142644838725,1785142644838725,[ 0.03031271 -0.02944081  0.22709076],1,[0.01712257 0.01558089 0.00573311]
1785142644855246477,[ 0.00159876  0.00123546 -0.00353007],[2.5178932e-05 2.3325110e-05 2.2948838e-03],1,[ 0.6071873  6.7792635 -5.2216225],[0.12113773 0.12018615 0.0864296 ],[ 9.9999559e-01 -1.7064057e-03 -2.3717133e-03  5.5240368e-04],0,7,1785142644846725,1785142644846725,[ 0.03064533 -0.0294678   0.22772856],1,[0.01719162 0.01564401 0.00574349]
1785142644867639958,[ 0.00186507  0.00283336 -0.00379639],[2.5249283e-05 2.3386861e-05 2.2951721e-03],1,[ 0.6073941  6.7789946 -5.220725 ],[0.12207406 0.121084   0.08693326],[ 9.9999571e-01 -1.6784762e-03 -2.3720639e-03  5.3483580e-04],0,7,1785142644862725,1785142644862725,[ 0.03095107 -0.02925614  0.22895485],1,[0.01733258 0.01577469 0.00576427]
1785142644875480056,[ 0.00665876  0.00336598 -0.00512797],[2.5283634e-05 2.3417833e-05 2.2953178e-03],1,[ 0.6075059  6.778859  -5.220204 ],[0.12254633 0.12153668 0.08718628],[ 9.9999571e-01 -1.6576266e-03 -2.3557788e-03  5.1902636e-04],0,7,1785142644870725,1785142644870725,[ 0.03094557 -0.02924738  0.22946705],1,[0.01740303 0.0158403  0.00577467]
1785142644887354314,[ 0.00266402  0.00123547 -0.00539429],[2.5316869e-05 2.3448636e-05 2.2954636e-03],1,[ 0.6076225  6.778722  -5.219636 ],[0.12302134 0.12199188 0.08744009],[ 9.9999583e-01 -1.6394634e-03 -2.3496458e-03  5.0192629e-04],0,7,1785142644878725,1785142644878725,[ 0.03102722 -0.02929834  0.23005612],1,[0.01747375 0.01590613 0.00578507]
1785142644895265337,[ 0.00159874  0.00283336 -0.00379639],[2.5351812e-05 2.3479464e-05 2.2956086e-03],1,[ 0.60774463  6.778582   -5.2190976 ],[0.12349912 0.12244961 0.08707693],[ 9.9999583e-01 -1.6325290e-03 -2.3392786e-03  4.8935210e-04],0,7,1785142644886725,1785142644886725,[ 0.03114415 -0.02951238  0.23050246],1,[0.01754381 0.01597213 0.00577506]
1785142644907380380,[ 0.00506085  0.00230072 -0.00299744],[2.5422314e-05 2.3541103e-05 2.2958983e-03],1,[ 0.6080031  6.778294  -5.2178874],[0.124463   0.12337271 0.08758494],[ 9.9999595e-01 -1.6134174e-03 -2.3255628e-03  4.6090991e-04],0,7,1785142644902725,1785142644902725,[ 0.03130669 -0.0294398   0.2309411 ],1,[0.01768582 0.01610504 0.00579586]
1785142644915446412,[ 0.00053347  0.00363231 -0.00166587],[2.5458936e-05 2.3571973e-05 2.2960426e-03],1,[ 0.6081409  6.7781496 -5.217219 ],[0.12494913 0.12383812 0.08784013],[ 9.9999595e-01 -1.6050009e-03 -2.3104718e-03  4.5779377e-04],0,7,1785142644910725,1785142644910725,[ 0.03152722 -0.02929419  0.23121679],1,[0.01775741 0.01617191 0.00580627]
1785142644927486702,[ 0.00239783  0.0028332  -0.00060095],[2.5487898e-05 2.3592243e-05 2.2961074e-03],1,[ 0.6082847  6.7780046 -5.2165103],[0.12543747 0.12430535 0.08809612],[ 9.9999595e-01 -1.5987438e-03 -2.2986021e-03  4.5553214e-04],0,7,1785142644918725,1785142644918725,[ 0.03169195 -0.02921072  0.23137623],1,[0.01782805 0.01623676 0.00581668]
1785142644935443325,[ 0.00639257  0.00230057 -0.00166621],[2.5525105e-05 2.3622884e-05 2.2962508e-03],1,[ 0.6084339  6.7778587 -5.215762 ],[0.12592924 0.12477592 0.08835291],[ 9.9999607e-01 -1.5770373e-03 -2.2894342e-03  4.5361294e-04],0,7,1785142644926725,1785142644926725,[ 0.03187642 -0.02918302  0.23155358],1,[0.01789973 0.01630407 0.0058271 ]
1785142644947348279,[ 0.00266413  0.00496373 -0.00113358],[2.5601075e-05 2.3684155e-05 2.2965376e-03],1,[ 0.6087478  6.7775607 -5.214216 ],[0.12692131 0.12572487 0.08823455],[ 9.9999619e-01 -1.5496884e-03 -2.2605238e-03  4.4967266e-04],0,7,1785142644942725,1785142644942725,[ 0.03202096 -0.02941976  0.23187195],1,[0.01804323 0.0164389  0.00582692]
1785142644955394288,[ 0.00399571  0.0028332  -0.00353042],[2.5636866e-05 2.3714860e-05 2.2966838e-03],1,[ 0.60891116  6.7774086  -5.2134185 ],[0.12742163 0.12620328 0.08849191],[ 9.9999619e-01 -1.5360414e-03 -2.2466464e-03  4.4131975e-04],0,7,1785142644950725,1785142644950725,[ 0.03217117 -0.02939789  0.23204626],1,[0.01811618 0.01650661 0.00583734]
1785142644967489698,[ 0.00319676  0.00389846 -0.00379674],[2.5675105e-05 2.3745713e-05 2.2968280e-03],1,[ 0.60907906  6.777256   -5.212584  ],[0.12792484 0.12668434 0.08875006],[ 9.9999630e-01 -1.5208091e-03 -2.2306696e-03  4.2640214e-04],0,7,1785142644958725,1785142644958725,[ 0.03220693 -0.02930824  0.23200232],1,[0.01818903 0.01657468 0.00584776]
1785142644975403397,[0.00186518 0.00656162 0.0017959 ],[2.5712481e-05 2.3776558e-05 2.2969719e-03],1,[ 0.60925114  6.7771015  -5.2117167 ],[0.12843095 0.12716804 0.08900902],[ 9.9999642e-01 -1.5125696e-03 -2.2077637e-03  4.2940117e-04],0,7,1785142644966725,1785142644966725,[ 0.0323386  -0.02942954  0.23166983],1,[0.0182624  0.01664299 0.00585819]
1785142644987414293,[ 0.00293124  0.00416643 -0.00299811],[2.4454323e-05 2.2619510e-05 2.2670585e-03],1,[ 0.6094054  6.776798  -5.215355 ],[0.10714809 0.10666406 0.08111443],[ 9.9999654e-01 -1.4931896e-03 -2.1680405e-03  4.2486272e-04],0,7,1785142644982725,1785142644982725,[ 0.03206619 -0.02961862  0.230082  ],1,[0.01466371 0.01355862 0.005484  ]
1785142644995499858,[0.00346408 0.00310097 0.00046346],[2.4481717e-05 2.2639668e-05 2.2671139e-03],1,[ 0.6094897  6.776644  -5.2170243],[0.10753009 0.10703462 0.08134795],[ 9.9999654e-01 -1.4799359e-03 -2.1528043e-03  4.2639961e-04],0,7,1785142644990725,1785142644990725,[ 0.03203621 -0.02940716  0.22931303],1,[0.0147239  0.01361552 0.00549426]
1785142645007274325,[ 5.3282939e-03  6.5630833e-03 -6.9168513e-05],[2.4514391e-05 2.2669714e-05 2.2672627e-03],1,[ 0.6095793  6.7764916 -5.2185984],[0.10791452 0.10740751 0.08158222],[ 9.9999666e-01 -1.4592146e-03 -2.1301410e-03  4.3209869e-04],0,7,1785142644998725,1785142644998725,[ 0.03197846 -0.02929054  0.2284196 ],1,[0.0147859  0.01367423 0.00550453]
1785142645015269637,[ 0.00266512  0.00416624 -0.0021997 ],[2.4549316e-05 2.2699873e-05 2.2674093e-03],1,[ 0.6096732  6.776337  -5.220114 ],[0.10830123 0.10778252 0.08127927],[ 9.9999666e-01 -1.4459541e-03 -2.1091057e-03  4.3019227e-04],0,7,1785142645006725,1785142645006725,[ 0.03175747 -0.02943631  0.22756247],1,[0.01484792 0.01373299 0.0054974 ]
1785142645027281737,[ 0.00772513  0.00656308 -0.0006018 ],[2.4611390e-05 2.2760285e-05 2.2677123e-03],1,[ 0.6098755  6.776021  -5.2228775],[0.10908154 0.10853896 0.0817485 ],[ 9.9999690e-01 -1.3896828e-03 -2.0692071e-03  4.3197823e-04],0,7,1785142645022725,1785142645022725,[ 0.03178054 -0.02967728  0.22596031],1,[0.01497413 0.01385125 0.00551795]
1785142645035406491,[ 0.00346407  0.00336729 -0.00459655],[2.464357e-05 2.279055e-05 2.267863e-03],1,[ 0.60998434  6.7758603  -5.2241282 ],[0.10947517 0.10892041 0.08198424],[ 9.9999690e-01 -1.3706074e-03 -2.0498389e-03  4.2071028e-04],0,7,1785142645030725,1785142645030725,[ 0.03182588 -0.02959431  0.22544259],1,[0.01503693 0.01391066 0.00552822]
1785142645047273585,[ 0.00239881  0.00443255 -0.00353128],[2.4674800e-05 2.2820772e-05 2.2680138e-03],1,[ 0.6100979  6.7756987 -5.2252936],[0.10987113 0.10930403 0.08222075],[ 9.9999702e-01 -1.3584734e-03 -2.0352851e-03  4.0933740e-04],0,7,1785142645038725,1785142645038725,[ 0.03171884 -0.02970223  0.2249503 ],1,[0.01509956 0.01397039 0.00553851]
1785142645055320510,[ 0.00319776  0.00603045 -0.00086812],[2.4707166e-05 2.2850991e-05 2.2681649e-03],1,[ 0.6102157  6.775535  -5.226377 ],[0.11026943 0.10968982 0.08245801],[ 9.9999702e-01 -1.3474483e-03 -2.0095494e-03  4.0797575e-04],0,7,1785142645046725,1785142645046725,[ 0.03174059 -0.02973353  0.22432525],1,[0.01516283 0.01403037 0.00554879]
1785142645067542087,[ 0.00293172  0.00656323 -0.00592898],[2.4759836e-05 2.2901469e-05 2.2683765e-03],1,[ 0.610468   6.7752047 -5.2283463],[0.11107284 0.11046764 0.08238211],[ 9.9999714e-01 -1.3275350e-03 -1.9586906e-03  3.8209508e-04],0,7,1785142645062725,1785142645062725,[ 0.03204086 -0.02981056  0.22366329],1,[0.01529    0.01414945 0.00555142]
1785142645075320416,[0.00293171 0.00363375 0.00019629],[2.4790819e-05 2.2931777e-05 2.2685288e-03],1,[ 0.61060154  6.7750373  -5.2292314 ],[0.11147822 0.11086002 0.08262006],[ 9.9999726e-01 -1.3133163e-03 -1.9404235e-03  3.7978668e-04],0,7,1785142645070725,1785142645070725,[ 0.03201753 -0.02989404  0.2237536 ],1,[0.01535452 0.01421023 0.00556171]
1785142645087279741,[0.00133382 0.00336744 0.00259314],[2.4822448e-05 2.2962224e-05 2.2686806e-03],1,[ 0.6107391  6.774868  -5.230037 ],[0.11188599 0.11125463 0.08285878],[ 9.9999726e-01 -1.3060649e-03 -1.9274788e-03  3.9284962e-04],0,7,1785142645078725,1785142645078725,[ 0.03197579 -0.03003504  0.22378552],1,[0.01541907 0.01427122 0.005572  ]
1785142645095400537,[ 0.00133382  0.00416638 -0.00326581],[2.4853744e-05 2.2992665e-05 2.2688329e-03],1,[ 0.6108805  6.774697  -5.230765 ],[0.11229617 0.11165148 0.08309827],[ 9.9999726e-01 -1.3025235e-03 -1.9097789e-03  3.8719462e-04],0,7,1785142645086725,1785142645086725,[ 0.03189411 -0.03008003  0.22418419],1,[0.01548345 0.01433241 0.0055823 ]
1785142645107370896,[ 0.00293172 -0.00115994 -0.0014016 ],[2.4913992e-05 2.3053579e-05 2.2691407e-03],1,[ 0.61117387  6.7743483  -5.2319884 ],[0.11312377 0.11245192 0.08357955],[ 9.9999738e-01 -1.2837768e-03 -1.9052878e-03  3.8749826e-04],0,7,1785142645102725,1785142645102725,[ 0.03186809 -0.03030789  0.22516258],1,[0.01561317 0.01445536 0.00560291]
1785142645115575865,[ 0.00506225  0.00523165 -0.00086897],[2.4944158e-05 2.3084111e-05 2.2692948e-03],1,[ 0.61132634  6.7741723  -5.2324896 ],[0.11354123 0.11285553 0.08382133],[ 9.9999738e-01 -1.2643067e-03 -1.8902732e-03  3.8651368e-04],0,7,1785142645110757,1785142645110757,[ 0.03181531 -0.03019838  0.22531399],1,[0.01567891 0.01451726 0.00561322]
1785142645127328820,[ 0.00080119  0.00256849 -0.00220055],[2.4972791e-05 2.3114602e-05 2.2694503e-03],1,[ 0.6114821  6.7739964 -5.2329216],[0.11396113 0.11326143 0.0840639 ],[ 9.9999738e-01 -1.2549610e-03 -1.8758108e-03  3.8120616e-04],0,7,1785142645118757,1785142645118757,[ 0.0316853  -0.03003038  0.22549501],1,[0.01574443 0.01457963 0.00562354]
1785142645135346010,[ 0.00186644  0.00017164 -0.00086897],[2.5001596e-05 2.3145103e-05 2.2696054e-03],1,[ 0.61164033  6.773821   -5.2333484 ],[0.1143835  0.11366962 0.08373612],[ 9.9999750e-01 -1.2530902e-03 -1.8720072e-03  3.8118535e-04],0,7,1785142645126757,1785142645126757,[ 0.03163117 -0.02992417  0.2261684 ],1,[0.01581006 0.01464207 0.00561521]
1785142645147310647,[ 0.00745932  0.00603046 -0.00086961],[2.5052939e-05 2.3195811e-05 2.2698212e-03],1,[ 0.6119686  6.77347   -5.233986 ],[0.1152353  0.11449245 0.0842218 ],[ 9.9999762e-01 -1.1987097e-03 -1.8468885e-03  3.5912194e-04],0,7,1785142645142757,1785142645142757,[ 0.03165591 -0.0298536   0.22781025],1,[0.01594115 0.0147654  0.00563584]
1785142645155459854,[ 0.00266562  0.00097046 -0.00033698],[2.5081830e-05 2.3226505e-05 2.2699772e-03],1,[ 0.61213815  6.7732944  -5.2341995 ],[0.11566512 0.11490758 0.0844658 ],[ 9.9999762e-01 -1.1851309e-03 -1.8367475e-03  3.6249447e-04],0,7,1785142645150757,1785142645150757,[ 0.03171764 -0.02966157  0.22864324],1,[0.01600815 0.01482854 0.00564616]
1785142645167412916,[0.00213299 0.0017694  0.0009946 ],[2.5111098e-05 2.3257169e-05 2.2701323e-03],1,[ 0.61231124  6.7731185  -5.234346  ],[0.11609744 0.11532504 0.08471058],[ 9.9999762e-01 -1.1742309e-03 -1.8330164e-03  3.6576029e-04],0,7,1785142645158757,1785142645158757,[ 0.03171951 -0.02965606  0.22927015],1,[0.01607458 0.01489176 0.00565649]
1785142645175383003,[ 0.00666037  0.00283467 -0.00326646],[2.5141731e-05 2.3287967e-05 2.2702869e-03],1,[ 0.6124876  6.7729416 -5.234427 ],[0.11653229 0.11574485 0.08495612],[ 9.9999762e-01 -1.1537477e-03 -1.8202547e-03  3.5987244e-04],0,7,1785142645166757,1785142645166757,[ 0.03168751 -0.02967274  0.23002072],1,[0.01614118 0.01495542 0.00566682]
1785142645187414916,[ 0.00612773  0.00123677 -0.00379909],[2.5199979e-05 2.3349665e-05 2.2705987e-03],1,[ 0.6128474  6.7725854 -5.2344327],[0.11740961 0.11659158 0.08486293],[ 9.9999774e-01 -1.1021763e-03 -1.8123499e-03  3.4996087e-04],0,7,1785142645182757,1785142645182757,[ 0.03151539 -0.02950431  0.23175016],1,[0.01627581 0.01508304 0.00566827]
1785142645195470400,[ 0.00559509  0.00097046 -0.0022012 ],[2.5230829e-05 2.3380457e-05 2.2707540e-03],1,[ 0.6130316  6.772408  -5.234358 ],[0.1178521  0.11701852 0.08510912],[ 9.9999774e-01 -1.0785406e-03 -1.8070951e-03  3.4166439e-04],0,7,1785142645190757,1785142645190757,[ 0.03152399 -0.0293105   0.23264755],1,[0.01634305 0.01514704 0.0056786 ]
1785142645207472157,[ 0.00719299 -0.00222534 -0.00113593],[2.5259202e-05 2.3411258e-05 2.2709118e-03],1,[ 0.6132192  6.7722306 -5.2342215],[0.11829717 0.11744785 0.08535609],[ 9.9999774e-01 -1.0522589e-03 -1.8130360e-03  3.3648571e-04],0,7,1785142645198757,1785142645198757,[ 0.0316211  -0.02917603  0.23350018],1,[0.01641084 0.01521144 0.00568894]
1785142645215395031,[ 6.1279731e-03  1.2364881e-03 -7.1285758e-05],[2.5278774e-05 2.3431272e-05 2.2709733e-03],1,[ 0.6134108  6.772054  -5.234025 ],[0.11874434 0.11787899 0.08560384],[ 9.9999774e-01 -1.0233427e-03 -1.8120595e-03  3.3760382e-04],0,7,1785142645206757,1785142645206757,[ 0.03158292 -0.02904109  0.23432592],1,[0.01647671 0.01527397 0.00569928]
1785142645227347822,[ 4.5300769e-03  1.5028047e-03 -7.1285904e-05],[2.5336978e-05 2.3493010e-05 2.2712874e-03],1,[ 0.61380243  6.771704   -5.233458  ],[0.11964743 0.11874973 0.08610169],[ 9.9999785e-01 -9.8568876e-04 -1.8022395e-03  3.4111741e-04],0,7,1785142645222757,1785142645222757,[ 0.03165824 -0.02876989  0.23574895],1,[0.01661258 0.01540314 0.00571998]
1785142645235343134,[ 0.00479639  0.00150281 -0.00166918],[2.5368350e-05 2.3523855e-05 2.2714422e-03],1,[ 0.6140027  6.7715287 -5.233092 ],[0.12010289 0.11918876 0.0863518 ],[ 9.9999785e-01 -9.6474425e-04 -1.7954904e-03  3.3769099e-04],0,7,1785142645230757,1785142645230757,[ 0.03166556 -0.02861891  0.23647444],1,[0.01668051 0.01546797 0.00573034]
1785142645247294301,[ 3.9974442e-03 -9.5092226e-05 -6.0391740e-04],[2.5398680e-05 2.3554716e-05 2.2715987e-03],1,[ 0.61420685  6.7713547  -5.2326717 ],[0.12056099 0.11963025 0.08660269],[ 9.9999785e-01 -9.5073995e-04 -1.7946145e-03  3.3630888e-04],0,7,1785142645238757,1785142645238757,[ 0.03191864 -0.02835165  0.2370388 ],1,[0.01674872 0.01553275 0.0057407 ]
1785142645255330904,[ 7.1932268e-03 -9.5091294e-05 -2.4681317e-03],[2.5431196e-05 2.3585637e-05 2.2717526e-03],1,[ 0.61441493  6.77118    -5.232257  ],[0.12102173 0.12007419 0.08624835],[ 9.9999797e-01 -9.2182407e-04 -1.7948186e-03  3.2848530e-04],0,7,1785142645246757,1785142645246757,[ 0.03202046 -0.02847886  0.23749352],1,[0.01681671 0.0155977  0.00573111]
1785142645267350189,[ 0.00213322 -0.00036141 -0.00060392],[2.5497344e-05 2.3647704e-05 2.2720594e-03],1,[ 0.61483806  6.7708273  -5.2312737 ],[0.12195119 0.12096953 0.08675055],[ 9.9999797e-01 -9.0134889e-04 -1.7968642e-03  3.3014661e-04],0,7,1785142645262757,1785142645262757,[ 0.03188271 -0.028465    0.23872367],1,[0.01695482 0.01572863 0.00575184]
1785142645275358640,[ 0.00106898  0.00150368 -0.00300385],[2.5517002e-05 2.3667706e-05 2.2721214e-03],1,[ 0.6150504  6.7706537 -5.230707 ],[0.12241933 0.12142018 0.08700284],[ 9.9999797e-01 -8.9484162e-04 -1.7965846e-03  3.2100466e-04],0,7,1785142645270757,1785142645270757,[ 0.03206505 -0.02836672  0.23911715],1,[0.01702266 0.01579214 0.0057622 ]
1785142645287372574,[ 0.00186792  0.00097105 -0.00167227],[2.5550557e-05 2.3698669e-05 2.2722750e-03],1,[ 0.6152668  6.77048   -5.2300944],[0.12289076 0.12187409 0.08725592],[ 9.9999797e-01 -8.8926969e-04 -1.7897288e-03  3.1530487e-04],0,7,1785142645278757,1785142645278757,[ 0.03226249 -0.02824459  0.2394482 ],1,[0.01709228 0.01585787 0.00577257]
1785142645295470370,[ 0.00106898  0.00256895 -0.00300385],[2.5584603e-05 2.3729915e-05 2.2724287e-03],1,[ 0.6154858  6.770307  -5.2294364],[0.1233649  0.12233053 0.08750979],[ 9.9999797e-01 -8.8156591e-04 -1.7823583e-03  3.0207986e-04],0,7,1785142645286757,1785142645286757,[ 0.03217728 -0.02808362  0.23993096],1,[0.01716191 0.01592376 0.00578295]
1785142645307544505,[ 0.00266687  0.00443316 -0.0022049 ],[2.5646055e-05 2.3792400e-05 2.2727409e-03],1,[ 0.61593276  6.7699623  -5.2280045 ],[0.12432136 0.12325103 0.08739759],[ 9.9999809e-01 -8.5981819e-04 -1.7500676e-03  2.8127659e-04],0,7,1785142645302757,1785142645302757,[ 0.03248232 -0.02760662  0.24093504],1,[0.01730199 0.0160563  0.00578316]
1785142645315531640,[ 0.00186792  0.00416684 -0.00353648],[2.5679743e-05 2.3823577e-05 2.2728965e-03],1,[ 0.6161604  6.769792  -5.2272334],[0.12480371 0.12371511 0.08765204],[ 9.9999821e-01 -8.5322122e-04 -1.7315448e-03  2.6891028e-04],0,7,1785142645310757,1785142645310757,[ 0.03234102 -0.02744886  0.24127719],1,[0.01737224 0.01612302 0.00579354]
1785142645327412855,[ 0.0016016   0.00336789 -0.00566701],[2.5711437e-05 2.3854896e-05 2.2730529e-03],1,[ 0.61638844  6.769622   -5.2264214 ],[0.12528883 0.12418177 0.08790728],[ 9.9999821e-01 -8.4501976e-04 -1.7178333e-03  2.4690374e-04],0,7,1785142645318757,1785142645318757,[ 0.03214139 -0.02731463  0.24156517],1,[0.01744257 0.01618987 0.00580392]
1785142645335411324,[ 0.00106897  0.00363421 -0.00167227],[2.5745174e-05 2.3886358e-05 2.2732075e-03],1,[ 0.61661756  6.7694526  -5.22557   ],[0.12577671 0.12465101 0.08816333],[ 9.9999821e-01 -8.4058207e-04 -1.7014571e-03  2.3868008e-04],0,7,1785142645326757,1785142645326757,[ 0.03200311 -0.0270609   0.2417031 ],1,[0.0175131  0.01625682 0.00581431]
1785142645347647121,[ 0.00053642  0.00416675 -0.00353669],[2.5802154e-05 2.3937773e-05 2.2734199e-03],1,[ 0.6170808  6.7691164 -5.223756 ],[0.12676007 0.12559633 0.08867782],[ 9.9999821e-01 -8.4664172e-04 -1.6788584e-03  2.1779479e-04],0,7,1785142645342757,1785142645342757,[ 0.03199379 -0.02681948  0.24193634],1,[0.01765367 0.01638897 0.00583509]
1785142645355504774,[ 1.0690554e-03  4.6993815e-03 -7.4577605e-05],[2.5838084e-05 2.3969282e-05 2.2735717e-03],1,[ 0.6173152  6.768949  -5.222795 ],[0.12725633 0.12607338 0.08893626],[ 9.9999833e-01 -8.4222452e-04 -1.6598513e-03  2.1480414e-04],0,7,1785142645350757,1785142645350757,[ 0.03193465 -0.02663011  0.24193442],1,[0.01772529 0.01645673 0.00584549]
1785142645367474441,[-0.00079516  0.00576465 -0.00140616],[2.5872523e-05 2.4000867e-05 2.2737263e-03],1,[ 0.6175508  6.7687826 -5.221801 ],[0.12775543 0.12655306 0.08919551],[ 9.9999833e-01 -8.4367412e-04 -1.6381907e-03  2.1068953e-04],0,7,1785142645358757,1785142645358757,[ 0.03183059 -0.02636979  0.24180526],1,[0.01779716 0.01652465 0.00585589]
1785142645375475406,[ 0.00346588  0.00283517 -0.00034089],[2.5906180e-05 2.4032342e-05 2.2738806e-03],1,[ 0.6177876  6.7686176 -5.2208543],[0.12825736 0.12703538 0.08881285],[ 9.9999833e-01 -8.3341537e-04 -1.6213277e-03  2.0761906e-04],0,7,1785142645366757,1785142645366757,[ 0.03183928 -0.02611389  0.24164978],1,[0.01786971 0.01659287 0.00584501]
1785142645387495734,[-0.00159989  0.00523152 -0.00060706],[2.4613339e-05 2.2863433e-05 2.2486735e-03],1,[ 0.6182959  6.7680326 -5.2217393],[0.10704972 0.10654187 0.08093462],[ 9.9999845e-01 -8.3104015e-04 -1.5801740e-03  2.0082141e-04],0,7,1785142645382757,1785142645382757,[ 0.03182775 -0.02588629  0.24041805],1,[0.01438026 0.01351171 0.00547105]
1785142645395598721,[ 0.0015959   0.00256836 -0.00247127],[2.4646570e-05 2.2893732e-05 2.2488285e-03],1,[ 0.6185649  6.767618  -5.2235   ],[0.10742961 0.10691138 0.0811674 ],[ 9.9999845e-01 -8.2838337e-04 -1.5695402e-03  1.8922662e-04],0,7,1785142645390757,1785142645390757,[ 0.03173883 -0.02584084  0.23941326],1,[0.01444145 0.01357015 0.00548129]
1785142645407327764,[ 0.00239485  0.00416625 -0.00113969],[2.4680063e-05 2.2923945e-05 2.2489841e-03],1,[ 0.618834   6.7672086 -5.225162 ],[0.10781173 0.10728299 0.08140093],[ 9.9999845e-01 -8.1935327e-04 -1.5557100e-03  1.8293029e-04],0,7,1785142645398757,1785142645398757,[ 0.03150938 -0.02593506  0.23844777],1,[0.01450188 0.01362877 0.00549153]
1785142645415377635,[-0.00186621  0.00363362 -0.00193864],[2.4714382e-05 2.2954313e-05 2.2491389e-03],1,[ 0.619102   6.7668037 -5.2267275],[0.10819609 0.10765672 0.08163521],[ 9.9999857e-01 -8.2577247e-04 -1.5392279e-03  1.7231355e-04],0,7,1785142645406757,1785142645406757,[ 0.0313109  -0.02608436  0.2375452 ],1,[0.01456264 0.01368738 0.00550178]
1785142645427403986,[-0.00239862  0.00363334  0.00045761],[2.4771804e-05 2.3004462e-05 2.2493384e-03],1,[ 0.6196421  6.766009  -5.229618 ],[0.10897134 0.10841022 0.08156428],[ 9.9999857e-01 -8.3862524e-04 -1.5142795e-03  1.7873378e-04],0,7,1785142645422757,1785142645422757,[ 0.03135582 -0.0263557   0.2360485 ],1,[0.01468385 0.01380368 0.00550477]
1785142645435364332,[-0.00319757  0.00443229 -0.00034133],[2.4803916e-05 2.3034954e-05 2.2494954e-03],1,[ 0.6199131  6.765617  -5.23095  ],[0.10936248 0.10879035 0.08179928],[ 9.9999857e-01 -8.5568114e-04 -1.4983772e-03  1.7498825e-04],0,7,1785142645430757,1785142645430757,[ 0.03140239 -0.02636204  0.2350214 ],1,[0.01474582 0.01386327 0.00551501]
1785142645447456907,[-0.0021323   0.00549755  0.00072393],[2.4835959e-05 2.3065466e-05 2.2496532e-03],1,[ 0.62018657  6.76523    -5.2321954 ],[0.10975591 0.10917263 0.08203502],[ 9.9999857e-01 -8.6210185e-04 -1.4760869e-03  1.7444276e-04],0,7,1785142645438757,1785142645438757,[ 0.03156496 -0.02623281  0.23418872],1,[0.01480801 0.01392281 0.00552527]
1785142645455394774,[0.00106349 0.00496492 0.00045761],[2.4866211e-05 2.3096007e-05 2.2498127e-03],1,[ 0.6204608  6.76485   -5.233355 ],[0.11015164 0.10955708 0.08227152],[ 9.9999857e-01 -8.6693675e-04 -1.4575321e-03  1.7496353e-04],0,7,1785142645446757,1785142645446757,[ 0.03148926 -0.02599209  0.23363984],1,[0.01487038 0.01398267 0.00553553]
1785142645467342815,[-0.00266494  0.00443229  0.00045761],[2.4926127e-05 2.3157136e-05 2.2501333e-03],1,[ 0.62101173  6.7641053  -5.23542   ],[0.11095005 0.11033256 0.08274681],[ 9.9999869e-01 -8.6385303e-04 -1.4204447e-03  1.7388772e-04],0,7,1785142645462757,1785142645462757,[ 0.03134789 -0.02607567  0.2329494 ],1,[0.01499632 0.01410304 0.00555605]
1785142645475424335,[ 0.00053086  0.00523124 -0.0014066 ],[2.4956938e-05 2.3187764e-05 2.2502933e-03],1,[ 0.62128735  6.7637386  -5.236329  ],[0.11135275 0.11072359 0.0829856 ],[ 9.9999869e-01 -8.6604676e-04 -1.4019177e-03  1.6748554e-04],0,7,1785142645470757,1785142645470757,[ 0.03129648 -0.02606706  0.23287316],1,[0.01505941 0.01416349 0.00556632]
1785142645487325824,[ 1.3298062e-03  3.8996553e-03 -7.5017742e-05],[2.4987210e-05 2.3218443e-05 2.2504535e-03],1,[ 0.6215629  6.7633753 -5.237158 ],[0.1117578  0.11111685 0.08322515],[ 9.9999869e-01 -8.6239527e-04 -1.3833942e-03  1.6375701e-04],0,7,1785142645478757,1785142645478757,[ 0.03115645 -0.02618081  0.23265304],1,[0.01512313 0.01422429 0.0055766 ]
1785142645495418518,[ 0.00079726  0.00390008 -0.00220595],[2.5009111e-05 2.3238130e-05 2.2505003e-03],1,[ 0.62183744  6.763016   -5.237941  ],[0.11216488 0.11151186 0.08290567],[ 9.9999869e-01 -8.6034520e-04 -1.3712726e-03  1.5630707e-04],0,7,1785142645486757,1785142645486757,[ 0.03104492 -0.02617113  0.23281394],1,[0.01518492 0.01428334 0.00556869]
1785142645507460463,[ 0.00372674  0.0041664  -0.00034174],[2.5069448e-05 2.3299639e-05 2.2508218e-03],1,[ 0.6223855  6.762309  -5.239267 ],[0.11298681 0.11230952 0.08338537],[ 9.9999881e-01 -8.4614754e-04 -1.3367819e-03  1.3610648e-04],0,7,1785142645502757,1785142645502757,[ 0.0306455  -0.02609514  0.2336293 ],1,[0.01531291 0.01440623 0.00558924]
1785142645515403582,[ 0.00505832  0.0041664  -0.00034174],[2.5098701e-05 2.3330458e-05 2.2509834e-03],1,[ 0.6226583  6.761961  -5.2398148],[0.11340136 0.11271174 0.08362637],[ 9.9999881e-01 -8.2708849e-04 -1.3214012e-03  1.3375633e-04],0,7,1785142645510757,1785142645510757,[ 0.03055079 -0.02615191  0.23388608],1,[0.01537767 0.01446808 0.00559952]
1785142645527340237,[ 0.00745517  0.00576429 -0.00193964],[2.5129013e-05 2.3361223e-05 2.2511445e-03],1,[ 0.6229322  6.761616  -5.2402887],[0.11381833 0.11311623 0.08386814],[ 9.9999893e-01 -8.0323685e-04 -1.2991067e-03  1.2448982e-04],0,7,1785142645518757,1785142645518757,[ 0.03066354 -0.02624177  0.23424143],1,[0.01544263 0.01453023 0.00560981]
1785142645535439176,[ 0.01118359  0.00656325 -0.00407016],[2.5159685e-05 2.3392033e-05 2.2513049e-03],1,[ 0.6232065  6.7612743 -5.2406898],[0.11423771 0.11352301 0.08411067],[ 9.99998927e-01 -7.60214112e-04 -1.27362274e-03  1.10993096e-04],0,7,1785142645526757,1785142645526757,[ 0.0304325  -0.02635258  0.23468384],1,[0.01550754 0.0145928  0.0056201 ]
1785142645547401858,[ 0.00745516  0.00230219 -0.00327122],[2.5219804e-05 2.3453837e-05 2.2516274e-03],1,[ 0.62375265  6.7605977  -5.241322  ],[0.11508379 0.11434346 0.08402302],[ 9.9999905e-01 -6.8908959e-04 -1.2466493e-03  7.1776543e-05],0,7,1785142645542757,1785142645542757,[ 0.03017766 -0.02646006  0.23597634],1,[0.01563847 0.01471818 0.00562193]
1785142645555462212,[ 0.00798779  0.00549798 -0.00220595],[2.5250807e-05 2.3484712e-05 2.2517890e-03],1,[ 0.6240251  6.7602634 -5.2415533],[0.11551051 0.11475717 0.08426621],[ 9.9999905e-01 -6.6150958e-04 -1.2302274e-03  6.1009130e-05],0,7,1785142645550757,1785142645550757,[ 0.02996301 -0.0265018   0.23692118],1,[0.01570379 0.01478117 0.00563222]
1785142645567368341,[ 0.00931954  0.00576427 -0.00060856],[2.5271231e-05 2.3504288e-05 2.2518369e-03],1,[ 0.62429667  6.759933   -5.2417135 ],[0.11593925 0.11517259 0.08451017],[ 9.9999917e-01 -6.2645384e-04 -1.2058093e-03  5.3492666e-05],0,7,1785142645558757,1785142645558757,[ 0.02983642 -0.02654065  0.23769896],1,[0.01576712 0.01484214 0.00564252]
1785142645575467981,[ 0.01011849  0.00363375 -0.00140751],[2.5302721e-05 2.3535309e-05 2.2519969e-03],1,[ 0.6245683  6.759606  -5.241805 ],[0.1163709  0.11559096 0.08475491],[ 9.9999917e-01 -5.8495288e-04 -1.1899044e-03  4.8034213e-05],0,7,1785142645566757,1785142645566757,[ 0.02968339 -0.02629892  0.23844272],1,[0.01583286 0.0149056  0.00565282]
1785142645587374841,[ 0.00559112  0.00469901 -0.00060856],[2.5333909e-05 2.3566372e-05 2.2521580e-03],1,[ 0.6248381  6.759284  -5.241832 ],[0.11680505 0.11601168 0.08500042],[ 9.9999917e-01 -5.6206953e-04 -1.1723982e-03  4.2073072e-05],0,7,1785142645574757,1785142645574757,[ 0.02936089 -0.02598957  0.23897956],1,[0.01589834 0.01496928 0.00566313]
1785142645595408397,[0.01065112 0.00496532 0.00285355],[2.5393938e-05 2.3628678e-05 2.2524833e-03],1,[ 0.6253769  6.7586493 -5.2417006],[0.11768085 0.11686023 0.08549378],[ 9.9999928e-01 -4.8481365e-04 -1.1325715e-03  3.4604196e-05],0,7,1785142645590757,1785142645590757,[ 0.02934499 -0.02625149  0.23973173],1,[0.01603178 0.01509771 0.00568375]
1785142645607379538,[0.00878691 0.00336743 0.00072302],[2.5424109e-05 2.3659813e-05 2.2526453e-03],1,[ 0.62564605  6.758335   -5.2415442 ],[0.11812253 0.11728809 0.08574162],[ 9.9999928e-01 -4.4962062e-04 -1.1193033e-03  3.7873237e-05],0,7,1785142645598757,1785142645598757,[ 0.02905713 -0.02624182  0.24053326],1,[0.01609908 0.01516191 0.00569407]
1785142645615414847,[0.01038479 0.00256848 0.00072302],[2.5454334e-05 2.3690836e-05 2.2528074e-03],1,[ 0.62591434  6.758024   -5.241387  ],[0.11856677 0.11771835 0.08539621],[ 9.9999928e-01 -4.1173951e-04 -1.1070943e-03  4.0133844e-05],0,7,1785142645606757,1785142645606757,[ 0.02900719 -0.02615359  0.24113561],1,[0.01616583 0.0152263  0.00568493]
1785142645627411042,[ 0.01144995  0.0046991  -0.00193986],[2.5504494e-05 2.3741541e-05 2.2530186e-03],1,[ 0.6264491  6.7574105 -5.2408957],[0.11946233 0.11858536 0.08589237],[ 9.999994e-01 -3.268339e-04 -1.081603e-03  2.780489e-05],0,7,1785142645622757,1785142645622757,[ 0.02872979 -0.02610782  0.24240023],1,[0.01629734 0.01535294 0.00570556]
1785142645635470925,[0.01597732 0.0031012  0.00178856],[2.5534791e-05 2.3772704e-05 2.2531811e-03],1,[ 0.62671643  6.7571077  -5.2405634 ],[0.11991423 0.11902288 0.08614163],[ 9.9999940e-01 -2.6759866e-04 -1.0656375e-03  2.9712337e-05],0,7,1785142645630757,1785142645630757,[ 0.02876894 -0.02596163  0.24315812],1,[0.01636431 0.01541779 0.00571589]
1785142645647417463,[0.00958574 0.00203594 0.00098961],[2.5566449e-05 2.3803908e-05 2.2533427e-03],1,[ 0.6269849  6.7568083 -5.2401743],[0.12036873 0.11946284 0.08639167],[ 9.9999940e-01 -2.2272345e-04 -1.0587187e-03  3.5388959e-05],0,7,1785142645638757,1785142645638757,[ 0.02883566 -0.02589255  0.2439465 ],1,[0.01643159 0.01548263 0.00572622]
1785142645655342652,[0.01304785 0.00097067 0.00178857],[2.5596601e-05 2.3835139e-05 2.2535068e-03],1,[ 0.62725395  6.756512   -5.239731  ],[0.12082583 0.11990526 0.0866425 ],[ 9.9999940e-01 -1.7675564e-04 -1.0539237e-03  3.8989987e-05],0,7,1785142645646757,1785142645646757,[ 0.02890217 -0.02577278  0.24447282],1,[0.01649883 0.01554752 0.00573655]
1785142645667460142,[0.00798782 0.00443278 0.00258752],[2.5658897e-05 2.3897466e-05 2.2538325e-03],1,[ 0.62779206  6.7559295  -5.238763  ],[0.12174786 0.12079753 0.08653644],[ 9.9999952e-01 -1.0870242e-04 -1.0230152e-03  3.6223879e-05],0,7,1785142645662757,1785142645662757,[ 0.02855516 -0.0256697   0.24564292],1,[0.01663433 0.01567803 0.00573717]
1785142645675490190,[0.01011836 0.00283489 0.00178856],[2.5688589e-05 2.3928595e-05 2.2539974e-03],1,[ 0.6280591  6.755642  -5.2382393],[0.12221283 0.1212474  0.08678786],[ 9.9999952e-01 -7.0119342e-05 -1.0086197e-03  4.2672909e-05],0,7,1785142645670757,1785142645670757,[ 0.02829454 -0.02558246  0.24606638],1,[0.01670207 0.01574381 0.00574751]
1785142645687439794,[ 0.01091731 -0.00089353 -0.00167354],[2.5717667e-05 2.3959608e-05 2.2541622e-03],1,[ 0.62832445  6.755358   -5.237667  ],[0.12268044 0.12169978 0.08704007],[ 9.9999952e-01 -2.8305651e-05 -1.0117956e-03  4.1196639e-05],0,7,1785142645678757,1785142645678757,[ 0.02813014 -0.0253586   0.24628462],1,[0.01676991 0.01580954 0.00575785]
1785142645695439816,[ 8.2541378e-03  7.0435338e-04 -7.5652904e-05],[2.5748754e-05 2.3990715e-05 2.2543257e-03],1,[ 0.6285897  6.755079  -5.237048 ],[0.12315071 0.12215468 0.08729307],[ 9.9999952e-01  7.6808983e-06 -1.0069766e-03  3.3914730e-05],0,7,1785142645686757,1785142645686757,[ 0.02814241 -0.02520917  0.2465561 ],1,[0.01683799 0.01587549 0.0057682 ]
1785142645707563880,[ 8.5202651e-03 -9.4281742e-05 -8.7412365e-04],[2.5800928e-05 2.4041079e-05 2.2545361e-03],1,[ 0.62912136  6.7545247  -5.235672  ],[0.1240985  0.12307107 0.08780146],[ 9.9999952e-01  7.4881078e-05 -9.9674123e-04  3.1792213e-05],0,7,1785142645702757,1785142645702757,[ 0.02819964 -0.02522018  0.24700762],1,[0.01697223 0.01600499 0.0057889 ]
1785142645715672479,[0.00931921 0.00017203 0.00045746],[2.5830361e-05 2.4072329e-05 2.2547024e-03],1,[ 0.62938666  6.75425    -5.234919  ],[0.1245768  0.12353357 0.08805684],[ 9.99999523e-01  1.11959904e-04 -9.95586161e-04  3.05639223e-05],0,7,1785142645710757,1785142645710757,[ 0.02804592 -0.02535     0.24722502],1,[0.0170409  0.01607146 0.00579925]
1785142645727464279,[0.00452552 0.00230256 0.00258799],[2.5861560e-05 2.4103580e-05 2.2548651e-03],1,[ 0.6296515  6.7539773 -5.2341237],[0.12505782 0.12399863 0.08831302],[ 9.9999952e-01  1.3360917e-04 -9.8803488e-04  3.7899212e-05],0,7,1785142645718757,1785142645718757,[ 0.02794424 -0.02519227  0.24738902],1,[0.01711062 0.01613816 0.00580962]
1785142645735502475,[0.00638973 0.00017204 0.00152273],[2.5892496e-05 2.4134970e-05 2.2550300e-03],1,[ 0.62991494  6.753708   -5.2333612 ],[0.12554155 0.12446626 0.08793991],[ 9.9999952e-01  1.5634576e-04 -9.8686933e-04  4.7423546e-05],0,7,1785142645726757,1785142645726757,[ 0.02770316 -0.02495377  0.24757183],1,[0.0171809  0.01620513 0.00579919]
1785142645747496255,[0.00905288 0.00443309 0.00099009],[2.5953452e-05 2.4197741e-05 2.2553604e-03],1,[ 0.63043875  6.7531776  -5.2317104 ],[0.12651727 0.12540933 0.0884526 ],[ 9.9999952e-01  2.1255687e-04 -9.5522904e-04  4.6444784e-05],0,7,1785142645742757,1785142645742757,[ 0.02744572 -0.02490715  0.24786732],1,[0.01731984 0.01634042 0.00581992]
1785142645755539983,[ 0.0077213   0.00256888 -0.00060781],[2.5985335e-05 2.4229212e-05 2.2555243e-03],1,[ 0.63069975  6.752916   -5.2308264 ],[0.12700926 0.1258848  0.08871014],[ 9.9999952e-01  2.4655656e-04 -9.4445981e-04  4.4443921e-05],0,7,1785142645750757,1785142645750757,[ 0.02737151 -0.0248389   0.2478359 ],1,[0.01738976 0.01640793 0.00583028]
1785142645767542602,[0.00798726 0.00150385 0.00232262],[2.6006393e-05 2.4248355e-05 2.2555713e-03],1,[ 0.63095933  6.752655   -5.2299056 ],[0.12750308 0.12636168 0.08896848],[ 9.9999952e-01  2.7684341e-04 -9.3688286e-04  4.8883077e-05],0,7,1785142645758757,1785142645758757,[ 0.02710806 -0.02472943  0.24774016],1,[0.01745766 0.01647319 0.00584065]
1785142645775432715,[0.006922   0.00390071 0.00019209],[2.6039188e-05 2.4279883e-05 2.2557343e-03],1,[ 0.63121676  6.752396   -5.2289486 ],[0.12800062 0.12684238 0.08922762],[ 9.9999952e-01  3.0494627e-04 -9.2234911e-04  5.3455089e-05],0,7,1785142645766757,1785142645766757,[ 0.02688568 -0.02471508  0.24775743],1,[0.01752799 0.01654132 0.00585103]
1785142645787557751,[0.00878914 0.00310053 0.00019218],[2.4696894e-05 2.3079065e-05 2.2346487e-03],1,[ 0.63150144  6.7522626  -5.2309747 ],[0.10662374 0.10611265 0.08106508],[ 9.9999952e-01  3.3680245e-04 -9.1153703e-04  5.3285450e-05],0,7,1785142645774757,1785142645774757,[ 0.02678488 -0.02456023  0.24682795],1,[0.0141041  0.01343543 0.00546665]
1785142645795540155,[ 0.00612597  0.00629632 -0.00220466],[2.4759156e-05 2.3138489e-05 2.2349793e-03],1,[ 0.6320726  6.7519984 -5.234784 ],[0.10737796 0.10684838 0.08099891],[ 9.9999952e-01  3.9606562e-04 -8.6880533e-04  4.3340617e-05],0,7,1785142645790757,1785142645790757,[ 0.02717923 -0.0239076   0.24521989],1,[0.01422333 0.01355168 0.00546998]
1785142645807540289,[ 0.00452807  0.00523106 -0.00380256],[2.4791621e-05 2.3168408e-05 2.2351434e-03],1,[ 0.6323591  6.7518682 -5.236531 ],[0.10775837 0.1072194  0.08123178],[ 9.9999964e-01  4.1641691e-04 -8.4556488e-04  2.4585508e-05],0,7,1785142645798757,1785142645798757,[ 0.02720963 -0.0236279   0.2443738 ],1,[0.01428343 0.01361028 0.0054802 ]
1785142645815432206,[0.00878913 0.00549737 0.00019218],[2.4822260e-05 2.3198490e-05 2.2353095e-03],1,[ 0.6326457  6.7517385 -5.238177 ],[0.10814098 0.10759253 0.08146539],[ 9.9999964e-01  4.4689095e-04 -8.2499121e-04  2.4524501e-05],0,7,1785142645806757,1785142645806757,[ 0.02730352 -0.02355585  0.24342382],1,[0.01434359 0.01366897 0.00549042]
1785142645827519821,[ 0.00692492  0.0076279  -0.0011394 ],[2.4883200e-05 2.3259039e-05 2.2356426e-03],1,[ 0.633218  6.751479 -5.241179],[0.10891289 0.10834517 0.08193488],[ 9.9999964e-01  5.1481946e-04 -7.7797112e-04  2.0277843e-05],0,7,1785142645822757,1785142645822757,[ 0.02710083 -0.02334599  0.24196549],1,[0.01446455 0.01378692 0.00551087]
1785142645835548225,[0.00479455 0.00336682 0.00205592],[2.4907307e-05 2.3277724e-05 2.2356757e-03],1,[ 0.63350135  6.7513485  -5.242537  ],[0.10930191 0.10872427 0.08217076],[ 9.9999964e-01  5.3841859e-04 -7.6111656e-04  2.3529092e-05],0,7,1785142645830757,1785142645830757,[ 0.02686604 -0.02324723  0.24145581],1,[0.01452394 0.01384434 0.0055211 ]
1785142645847603950,[0.00532718 0.00682894 0.00125698],[2.4939922e-05 2.3308048e-05 2.2358401e-03],1,[ 0.63378304  6.7512197  -5.2438054 ],[0.10969348 0.10910595 0.0824074 ],[ 9.9999964e-01  5.5620167e-04 -7.3733163e-04  3.0505737e-05],0,7,1785142645838757,1785142645838757,[ 0.0267189  -0.02277309  0.24072033],1,[0.01458527 0.01390411 0.00553133]
1785142645855496058,[0.00612612 0.00176893 0.00045802],[2.4972047e-05 2.3338454e-05 2.2360056e-03],1,[ 0.6340626  6.751094  -5.2450237],[0.11008731 0.10948979 0.08209592],[ 9.9999964e-01  5.8199384e-04 -7.2685600e-04  3.2190739e-05],0,7,1785142645846757,1785142645846757,[ 0.02650555 -0.02233032  0.24066028],1,[0.01464664 0.01396415 0.00552382]
1785142645867498156,[ 4.5282221e-03  6.5626195e-03 -7.4607029e-05],[2.5038558e-05 2.3399329e-05 2.2363337e-03],1,[ 0.63461894  6.7508454  -5.24719   ],[0.11088181 0.11026404 0.08256982],[ 9.9999964e-01  6.1071955e-04 -6.7926664e-04  3.1415158e-05],0,7,1785142645862757,1785142645862757,[ 0.02656154 -0.02193816  0.24034576],1,[0.01476918 0.01408477 0.00554429]
1785142645875504743,[ 0.00346296  0.00523104 -0.00193882],[2.5070762e-05 2.3430024e-05 2.2364992e-03],1,[ 0.6348975  6.750722  -5.2481446],[0.11128251 0.11065446 0.08280791],[ 9.9999964e-01  6.2697189e-04 -6.5706432e-04  2.6281446e-05],0,7,1785142645870757,1785142645870757,[ 0.02653788 -0.02182569  0.24006115],1,[0.01483144 0.01414542 0.00555453]
1785142645887500357,[ 0.00159874 -0.0003616   0.0017896 ],[2.5104231e-05 2.3460732e-05 2.2366629e-03],1,[ 0.63517493  6.7506     -5.249017  ],[0.11168552 0.1110471  0.08304676],[ 9.9999964e-01  6.3470984e-04 -6.5244373e-04  3.0748113e-05],0,7,1785142645878757,1785142645878757,[ 0.02642096 -0.02141594  0.23994501],1,[0.01489408 0.0142062  0.00556478]
1785142645895514901,[ 0.00239769  0.00150261 -0.00060724],[2.5135563e-05 2.3491433e-05 2.2368291e-03],1,[ 0.63545114  6.750479   -5.249808  ],[0.11209086 0.11144196 0.08328637],[ 9.9999964e-01  6.4406230e-04 -6.4941630e-04  2.9916655e-05],0,7,1785142645886757,1785142645886757,[ 0.02626025 -0.02125002  0.23991473],1,[0.01495644 0.01426717 0.00557503]
1785142645907489860,[0.00372962 0.00682856 0.00178865],[2.5187339e-05 2.3540908e-05 2.2370319e-03],1,[ 0.6359994  6.750241  -5.251194 ],[0.11290815 0.11223783 0.08320406],[ 9.9999964e-01  6.7398592e-04 -6.1193469e-04  3.2087199e-05],0,7,1785142645902757,1785142645902757,[ 0.02595601 -0.02115212  0.24060029],1,[0.01507983 0.01438797 0.00557723]
1785142645915490293,[ 1.3327749e-03  5.7632951e-03 -7.5565273e-05],[2.5219673e-05 2.3571658e-05 2.2371975e-03],1,[ 0.63627213  6.75012    -5.25179   ],[0.11332051 0.11263943 0.08344434],[ 9.9999964e-01  6.8504811e-04 -5.8818492e-04  3.4539971e-05],0,7,1785142645910757,1785142645910757,[ 0.02594937 -0.02120073  0.24102812],1,[0.01514316 0.01444977 0.00558748]
1785142645927491470,[-0.00079775  0.00203487 -0.0006082 ],[2.5250692e-05 2.3602464e-05 2.2373644e-03],1,[ 0.6365445  6.7499995 -5.2523074],[0.11373526 0.11304329 0.0836854 ],[ 9.9999964e-01  6.8174367e-04 -5.7721447e-04  3.1671047e-05],0,7,1785142645918757,1785142645918757,[ 0.02589678 -0.02107809  0.2415692 ],1,[0.0152064  0.01451175 0.00559774]
1785142645935556494,[0.00080014 0.00203487 0.00205496],[2.5282472e-05 2.3633271e-05 2.2375307e-03],1,[ 0.6368154  6.7498803 -5.252748 ],[0.11415239 0.11344944 0.08392721],[ 9.9999964e-01  6.8377284e-04 -5.6997821e-04  3.7343147e-05],0,7,1785142645926757,1785142645926757,[ 0.02565589 -0.02074552  0.24211761],1,[0.01527015 0.01457416 0.005608  ]
1785142645947493721,[-0.00346092  0.00336645 -0.0006082 ],[2.5341904e-05 2.3695055e-05 2.2378680e-03],1,[ 0.63735   6.749645 -5.253405],[0.11499384 0.11426864 0.08441316],[ 9.9999964e-01  6.6601596e-04 -5.4856559e-04  3.7546703e-05],0,7,1785142645942757,1785142645942757,[ 0.02516339 -0.02023872  0.24362229],1,[0.01539902 0.01469983 0.00562854]
1785142645955729427,[-0.00346092  0.0057633   0.00125601],[2.5371315e-05 2.3726087e-05 2.2380368e-03],1,[ 0.6376147  6.749531  -5.253623 ],[0.1154182  0.11468171 0.08465729],[ 9.9999964e-01  6.5153232e-04 -5.2905903e-04  4.1138999e-05],0,7,1785142645950757,1785142645950757,[ 0.02504473 -0.0199848   0.24434805],1,[0.01546372 0.01476295 0.00563881]
