bag_time_ns,actual_pos_x,actual_pos_y,actual_pos_z,actual_velocity_x,actual_velocity_y,actual_velocity_z,arrival_time_error,elapsed_time,final_position_error,header_frame_id,header_stamp_nanosec,header_stamp_sec,integrated_squared_jerk,integrated_squared_jerk_valid,is_finished,is_hover_stable,ladrc_accel_feedforward_enabled,ladrc_acceleration_command_x,ladrc_acceleration_command_y,ladrc_acceleration_command_z,max_acceleration,max_acceleration_valid,max_jerk,max_jerk_valid,max_velocity,max_velocity_valid,mission_id,motion_style,path_length,reference_acceleration_x,reference_acceleration_y,reference_acceleration_z,reference_jerk_x,reference_jerk_y,reference_jerk_z,reference_pos_x,reference_pos_y,reference_pos_z,reference_velocity_x,reference_velocity_y,reference_velocity_z,requested_duration,safety_factor,start_pos_x,start_pos_y,start_pos_z,target_pos_x,target_pos_y,target_pos_z,tracking_error,trajectory_duration,trajectory_profile,uav_id
1785141344300509488,-0.00044998867087997496,12.016019923612475,-0.38039204478263855,-0.022247301414608955,0.014076930470764637,-0.18255123496055603,nan,-1.9123890399932861,6.866907119750977,world,300444244,1785141344,nan,False,False,False,True,1.1724851981868818,0.3570124993052429,2.33055267814647,nan,False,nan,False,0.5718526840209961,True,3,normal,6.862232208251953,0.0,0.0,0.0,0.0,0.0,0.0,0.00019437125592958182,12.014287862926722,-0.37442487478256226,0.33331713572867255,0.12380934475610654,0.4478687395652135,12.0,0.0,0.00019437125592958182,12.014287862926722,-0.37442487478256226,4.0,13.5,5.0,0.006246787495911121,12.0,linear,4
1785141344400516131,0.00048805359983816743,12.01589965634048,-0.39056822657585144,0.01102095004171133,-0.016061309725046158,-0.1816541999578476,nan,-1.8123791217803955,6.874363422393799,world,400457009,1785141344,nan,False,False,False,True,1.2315963317159433,0.3936501218307805,3.4984228273558093,nan,False,nan,False,0.5718526840209961,True,3,normal,6.862232208251953,0.0,0.0,0.0,0.0,0.0,0.0,0.00019437125592958182,12.014287862926722,-0.37442487478256226,0.33331713572867255,0.12380934475610654,0.4478687395652135,12.0,0.0,0.00019437125592958182,12.014287862926722,-0.37442487478256226,4.0,13.5,5.0,0.01622627303004265,12.0,linear,4
1785141344500539786,0.006446304731070995,12.011588895693421,-0.38866251707077026,0.04828716441988945,-0.02933136746287346,-0.12286081910133362,nan,-1.7123695611953735,6.870336532592773,world,500466407,1785141344,nan,False,False,False,True,1.3083174956304682,0.7219183310864504,3.611814522866104,nan,False,nan,False,0.5718526840209961,True,3,normal,6.862232208251953,0.0,0.0,0.0,0.0,0.0,0.0,0.00019437125592958182,12.014287862926722,-0.37442487478256226,0.33331713572867255,0.12380934475610654,0.4478687395652135,12.0,0.0,0.00019437125592958182,12.014287862926722,-0.37442487478256226,4.0,13.5,5.0,0.015782317146658897,12.0,linear,4
1785141344600525620,0.017818443477153778,12.004940796643496,-0.3812386989593506,0.1175115779042244,-0.062069956213235855,-0.06739344447851181,nan,-1.6123874187469482,6.859351634979248,world,600445949,1785141344,nan,False,False,False,True,1.2564658135546698,1.026229689420278,3.831802385355152,nan,False,nan,False,0.5718526840209961,True,3,normal,6.862232208251953,0.0,0.0,0.0,0.0,0.0,0.0,0.00019437125592958182,12.014287862926722,-0.37442487478256226,0.33331713572867255,0.12380934475610654,0.4478687395652135,12.0,0.0,0.00019437125592958182,12.014287862926722,-0.37442487478256226,4.0,13.5,5.0,0.02108088694512844,12.0,linear,4
1785141344700533645,0.0351448655128479,11.995543686207384,-0.3755357563495636,0.20613820850849152,-0.09768704324960709,-0.04126949608325958,nan,-1.512384295463562,6.846886157989502,world,700448124,1785141344,nan,False,False,False,True,1.0422261636339383,1.3770259259081494,4.5547250389295755,nan,False,nan,False,0.5718526840209961,True,3,normal,6.862232208251953,0.0,0.0,0.0,0.0,0.0,0.0,0.00019437125592958182,12.014287862926722,-0.37442487478256226,0.33331713572867255,0.12380934475610654,0.4478687395652135,12.0,0.0,0.00019437125592958182,12.014287862926722,-0.37442487478256226,4.0,13.5,5.0,0.03967512026429176,12.0,linear,4
1785141344800513047,0.06389978528022766,11.983466727659106,-0.36823034286499023,0.32361412048339844,-0.10028502345085144,0.015152550302445889,nan,-1.4123754501342773,6.827199459075928,world,800458935,1785141344,nan,False,False,False,True,0.6256354283186227,1.7457898549663708,5.113279604291975,nan,False,nan,False,0.5718526840209961,True,3,normal,6.862232208251953,0.0,0.0,0.0,0.0,0.0,0.0,0.00019437125592958182,12.014287862926722,-0.37442487478256226,0.33331713572867255,0.12380934475610654,0.4478687395652135,12.0,0.0,0.00019437125592958182,12.014287862926722,-0.37442487478256226,4.0,13.5,5.0,0.0710400864481926,12.0,linear,4
1785141344900499202,0.09777320921421051,11.977385306730866,-0.34614068269729614,0.44076600670814514,-0.008040026761591434,0.06880441308021545,nan,-1.312374234199524,6.791682243347168,world,900459046,1785141344,nan,False,False,False,True,0.02625743267370012,1.897705914315715,4.353401275951225,nan,False,nan,False,0.5718526840209961,True,3,normal,6.862232208251953,0.0,0.0,0.0,0.0,0.0,0.0,0.00019437125592958182,12.014287862926722,-0.37442487478256226,0.33331713572867255,0.12380934475610654,0.4478687395652135,12.0,0.0,0.00019437125592958182,12.014287862926722,-0.37442487478256226,4.0,13.5,5.0,0.1080898866057396,12.0,linear,4
1785141345000542544,0.14375676214694977,11.989413408562541,-0.3180893659591675,0.5016056299209595,0.2353118658065796,0.15562568604946136,nan,-1.2123697996139526,6.740516185760498,world,465839,1785141345,nan,False,False,False,True,-0.6345164366073441,1.3778151279297586,4.2659844764377475,nan,False,nan,False,0.5718526840209961,True,3,normal,6.862232208251953,0.0,0.0,0.0,0.0,0.0,0.0,0.00019437125592958182,12.014287862926722,-0.37442487478256226,0.33331713572867255,0.12380934475610654,0.4478687395652135,12.0,0.0,0.00019437125592958182,12.014287862926722,-0.37442487478256226,4.0,13.5,5.0,0.15621328353881836,12.0,linear,4
1785141345100510544,0.18815670907497406,12.02359214797616,-0.2880598306655884,0.46998345851898193,0.4531007409095764,0.2140103578567505,nan,-1.1123716831207275,6.683824062347412,world,100465549,1785141345,nan,False,False,False,True,-1.3180467963177618,0.09292376864488616,3.859192014692824,nan,False,nan,False,0.5718526840209961,True,3,normal,6.862232208251953,0.0,0.0,0.0,0.0,0.0,0.0,0.00019437125592958182,12.014287862926722,-0.37442487478256226,0.33331713572867255,0.12380934475610654,0.4478687395652135,12.0,0.0,0.00019437125592958182,12.014287862926722,-0.37442487478256226,4.0,13.5,5.0,0.20706358551979065,12.0,linear,4
1785141345200530041,0.22965869307518005,12.07854700833559,-0.2553439438343048,0.36636340618133545,0.5716969966888428,0.22080785036087036,nan,-1.012366771697998,6.622283935546875,world,200472322,1785141345,nan,False,False,False,True,-1.528829011597881,-1.2847183173085668,3.7625951959350736,nan,False,nan,False,0.5718526840209961,True,3,normal,6.862232208251953,0.0,0.0,0.0,0.0,0.0,0.0,0.00019437125592958182,12.014287862926722,-0.37442487478256226,0.33331713572867255,0.12380934475610654,0.4478687395652135,12.0,0.0,0.00019437125592958182,12.014287862926722,-0.37442487478256226,4.0,13.5,5.0,0.26638951897621155,12.0,linear,4
1785141345300520304,0.26231852173805237,12.11041820794344,-0.2175079584121704,0.24066798388957977,0.5252746343612671,0.21687866747379303,nan,-0.9123774766921997,6.566855430603027,world,300454860,1785141345,nan,False,False,False,True,-1.6186720879775163,-1.5549871124721026,2.8149139578879216,nan,False,nan,False,0.5718526840209961,True,3,normal,6.862232208251953,0.0,0.0,0.0,0.0,0.0,0.0,0.00019437125592958182,12.014287862926722,-0.37442487478256226,0.33331713572867255,0.12380934475610654,0.4478687395652135,12.0,0.0,0.00019437125592958182,12.014287862926722,-0.37442487478256226,4.0,13.5,5.0,0.32027024030685425,12.0,linear,4
1785141345400498122,0.28467193245887756,12.132340401411057,-0.182619109749794,0.09752749651670456,0.3663090765476227,0.1143617182970047,nan,-0.8123809099197388,6.521786212921143,world,400450993,1785141345,nan,False,False,False,True,-1.4591461609733847,-0.9191268923638081,2.763546498982143,nan,False,nan,False,0.5718526840209961,True,3,normal,6.862232208251953,0.0,0.0,0.0,0.0,0.0,0.0,0.00019437125592958182,12.014287862926722,-0.37442487478256226,0.33331713572867255,0.12380934475610654,0.4478687395652135,12.0,0.0,0.00019437125592958182,12.014287862926722,-0.37442487478256226,4.0,13.5,5.0,0.3628406524658203,12.0,linear,4
1785141345500514263,0.29119929671287537,12.142616957426071,-0.16929028928279877,-0.03626181185245514,0.2015768140554428,-0.05021747201681137,nan,-0.7123628854751587,6.505324840545654,world,500472424,1785141345,nan,False,False,False,True,-0.959522950138816,-0.6601759668905728,3.872643267989339,nan,False,nan,False,0.5718526840209961,True,3,normal,6.862232208251953,0.0,0.0,0.0,0.0,0.0,0.0,0.00019437125592958182,12.014287862926722,-0.37442487478256226,0.33331713572867255,0.12380934475610654,0.4478687395652135,12.0,0.0,0.00019437125592958182,12.014287862926722,-0.37442487478256226,4.0,13.5,5.0,0.3784605860710144,12.0,linear,4
1785141345600503273,0.28184473514556885,12.141544163227081,-0.16969366371631622,-0.1954958140850067,0.04498932510614395,-0.0889248177409172,nan,-0.6123946309089661,6.51120662689209,world,600440194,1785141345,nan,False,False,False,True,-0.23811706783849557,-0.21647864784929394,5.0974763436104915,nan,False,nan,False,0.5718526840209961,True,3,normal,6.862232208251953,0.0,0.0,0.0,0.0,0.0,0.0,0.00019437125592958182,12.014287862926722,-0.37442487478256226,0.33331713572867255,0.12380934475610654,0.4478687395652135,12.0,0.0,0.00019437125592958182,12.014287862926722,-0.37442487478256226,4.0,13.5,5.0,0.37072357535362244,12.0,linear,4
1785141345700513814,0.2716924250125885,12.145914733409882,-0.15130315721035004,-0.30882278084754944,-0.021649423986673355,0.02857629768550396,nan,-0.5123733878135681,6.501518726348877,world,700459241,1785141345,nan,False,False,False,True,0.24509862276677513,-0.1774555935352944,3.840744966657014,nan,False,nan,False,0.5718526840209961,True,3,normal,6.862232208251953,0.0,0.0,0.0,0.0,0.0,0.0,0.00019437125592958182,12.014287862926722,-0.37442487478256226,0.33331713572867255,0.12380934475610654,0.4478687395652135,12.0,0.0,0.00019437125592958182,12.014287862926722,-0.37442487478256226,4.0,13.5,5.0,0.3752600848674774,12.0,linear,4
1785141345800540294,0.2528854012489319,12.150989577174187,-0.12349994480609894,-0.3395485579967499,-0.019258858636021614,0.028489723801612854,nan,-0.41236352920532227,6.48929500579834,world,800472907,1785141345,nan,False,False,False,True,0.5708035783549998,-0.4761404323601163,2.8419457902562497,nan,False,nan,False,0.5718526840209961,True,3,normal,6.862232208251953,0.0,0.0,0.0,0.0,0.0,0.0,0.00019437125592958182,12.014287862926722,-0.37442487478256226,0.33331713572867255,0.12380934475610654,0.4478687395652135,12.0,0.0,0.00019437125592958182,12.014287862926722,-0.37442487478256226,4.0,13.5,5.0,0.3814491331577301,12.0,linear,4
1785141345900540686,0.23201234638690948,12.1553163677454,-0.11394824832677841,-0.3102397620677948,-0.005149991251528263,-0.13816528022289276,nan,-0.3123694062232971,6.492948055267334,world,900462718,1785141345,nan,False,False,False,True,1.1207681755588597,-0.5409929144255465,3.7210694065247427,nan,False,nan,False,0.5718526840209961,True,3,normal,6.862232208251953,0.0,0.0,0.0,0.0,0.0,0.0,0.00019437125592958182,12.014287862926722,-0.37442487478256226,0.33331713572867255,0.12380934475610654,0.4478687395652135,12.0,0.0,0.00019437125592958182,12.014287862926722,-0.37442487478256226,4.0,13.5,5.0,0.37613385915756226,12.0,linear,4
1785141346000519035,0.2116510421037674,12.159351021051407,-0.12071682512760162,-0.23251594603061676,-0.011876934207975864,-0.1778150349855423,nan,-0.21235992014408112,6.509275436401367,world,474401,1785141346,nan,False,False,False,True,1.3806245570727373,-0.608361047781377,5.095777025702792,nan,False,nan,False,0.5718526840209961,True,3,normal,6.862232208251953,0.0,0.0,0.0,0.0,0.0,0.0,0.00019437125592958182,12.014287862926722,-0.37442487478256226,0.33331713572867255,0.12380934475610654,0.4478687395652135,12.0,0.0,0.00019437125592958182,12.014287862926722,-0.37442487478256226,4.0,13.5,5.0,0.3607284426689148,12.0,linear,4
1785141346100537481,0.19930115342140198,12.154029071331024,-0.10720298439264297,-0.12417332082986832,-0.059825196862220764,-0.03735851123929024,nan,-0.11236145347356796,6.506955623626709,world,100474101,1785141346,nan,False,False,False,True,1.386505262040572,-0.36750317495547935,3.7969736250484383,nan,False,nan,False,0.5718526840209961,True,3,normal,6.862232208251953,0.0,0.0,0.0,0.0,0.0,0.0,0.00019437125592958182,12.014287862926722,-0.37442487478256226,0.33331713572867255,0.12380934475610654,0.4478687395652135,12.0,0.0,0.00019437125592958182,12.014287862926722,-0.37442487478256226,4.0,13.5,5.0,0.3613566756248474,12.0,linear,4
1785141346200547811,0.1957826167345047,12.141383245587349,-0.08404481410980225,-0.0179936233907938,-0.11353413760662079,-0.04037424549460411,nan,-0.01236275676637888,6.493490695953369,world,200470905,1785141346,nan,False,False,False,True,1.1159088958875067,0.11117315274228676,2.70429986335952,nan,False,nan,False,0.5718526840209961,True,3,normal,6.862232208251953,0.0,0.0,0.0,0.0,0.0,0.0,0.00019437125592958182,12.014287862926722,-0.37442487478256226,0.33331713572867255,0.12380934475610654,0.4478687395652135,12.0,0.0,0.00019437125592958182,12.014287862926722,-0.37442487478256226,4.0,13.5,5.0,0.3724628686904907,12.0,linear,4
1785141346300535017,0.1992456465959549,12.126982241868973,-0.08099169284105301,0.04612557590007782,-0.13480089604854584,-0.2273159623146057,nan,0.08764045685529709,6.492102146148682,world,300474322,1785141346,nan,False,False,False,True,0.9499754670318563,0.5025057091240439,4.074025657164251,nan,False,nan,False,0.5718526840209961,True,3,normal,6.862232208251953,0.0,0.0,0.0,0.0,0.0,0.0,0.029406438357072878,12.025138570853445,-0.3351734524274467,0.33331713572867255,0.12380934475610654,0.4478687395652135,12.0,0.0,0.00019437125592958182,12.014287862926722,-0.37442487478256226,4.0,13.5,5.0,0.32222020626068115,12.0,linear,4
1785141346400455317,0.20836709439754486,12.11154755204916,-0.09423702955245972,0.10388713330030441,-0.11865599453449249,-0.214041605591774,nan,0.18759138882160187,6.500425338745117,world,400423487,1785141346,nan,False,False,False,True,0.8334632352866184,0.7420303123569338,5.826678582526974,nan,False,nan,False,0.5718526840209961,True,3,normal,6.862232208251953,0.0,0.0,0.0,0.0,0.0,0.0,0.06272179539145566,12.03751342975689,-0.2904085562857133,0.33331713572867255,0.12380934475610654,0.4478687395652135,12.0,0.0,0.00019437125592958182,12.014287862926722,-0.37442487478256226,4.0,13.5,5.0,0.25529760122299194,12.0,linear,4
1785141346500510141,0.218397319316864,12.104308396577835,-0.07785671204328537,0.13380062580108643,-0.049881551414728165,0.033071935176849365,nan,0.28763705492019653,6.4832940101623535,world,500468974,1785141346,nan,False,False,False,True,0.7998178929480692,0.729834756109925,4.30834595698855,nan,False,nan,False,0.5718526840209961,True,3,normal,6.862232208251953,0.0,0.0,0.0,0.0,0.0,0.0,0.09606873389113159,12.049900019471941,-0.24560122502877485,0.33331713572867255,0.12380934475610654,0.4478687395652135,12.0,0.0,0.00019437125592958182,12.014287862926722,-0.37442487478256226,4.0,13.5,5.0,0.2146224081516266,12.0,linear,4
1785141346600535530,0.2306516021490097,12.10555686056614,-0.04184585064649582,0.1428879201412201,0.03338109701871872,0.09795509278774261,nan,0.38764306902885437,6.447687149047852,world,600477169,1785141346,nan,False,False,False,True,0.892738023631284,0.4157643761922777,2.8422718644955784,nan,False,nan,False,0.5718526840209961,True,3,normal,6.862232208251953,0.0,0.0,0.0,0.0,0.0,0.0,0.1294024510333017,12.062281698165522,-0.20081165893326,0.33331713572867255,0.12380934475610654,0.4478687395652135,12.0,0.0,0.00019437125592958182,12.014287862926722,-0.37442487478256226,4.0,13.5,5.0,0.19337594509124756,12.0,linear,4
1785141346700528557,0.2427678108215332,12.112471640110016,-0.024538269266486168,0.14764443039894104,0.08097665756940842,-0.08759129047393799,nan,0.48764339089393616,6.425574779510498,world,700476659,1785141346,nan,False,False,False,True,0.975655205556085,0.11864092187636383,3.9428933031376245,nan,False,nan,False,0.5718526840209961,True,3,normal,6.862232208251953,0.0,0.0,0.0,0.0,0.0,0.0,0.16273427193428666,12.074662672507742,-0.15602464076300449,0.33331713572867255,0.12380934475610654,0.4478687395652135,12.0,0.0,0.00019437125592958182,12.014287862926722,-0.37442487478256226,4.0,13.5,5.0,0.15850409865379333,12.0,linear,4
1785141346800542734,0.257101833820343,12.123730957508087,-0.024606147781014442,0.1636720597743988,0.10914115607738495,-0.1040785014629364,nan,0.5876678228378296,6.41483211517334,world,800502979,1785141346,nan,False,False,False,True,1.0965999430985909,-0.07882653940603047,5.885872595879069,nan,False,nan,False,0.5718526840209961,True,3,normal,6.862232208251953,0.0,0.0,0.0,0.0,0.0,0.0,0.19607413044468258,12.087046632388502,-0.11122682268596312,0.33331713572867255,0.12380934475610654,0.4478687395652135,12.0,0.0,0.00019437125592958182,12.014287862926722,-0.37442487478256226,4.0,13.5,5.0,0.1121305525302887,12.0,linear,4
1785141346900550339,0.27471888065338135,12.1275245398283,0.00047394586727023125,0.19776064157485962,0.09430351108312607,0.12728404998779297,nan,0.6876550316810608,6.384095191955566,world,900491007,1785141346,nan,False,False,False,True,1.0682304497077095,0.061331585738458844,4.634380274029964,nan,False,nan,False,0.5718526840209961,True,3,normal,6.862232208251953,0.0,0.0,0.0,0.0,0.0,0.0,0.2294015765582611,12.099425981733072,-0.0664456827929144,0.33331713572867255,0.12380934475610654,0.4478687395652135,12.0,0.0,0.00019437125592958182,12.014287862926722,-0.37442487478256226,4.0,13.5,5.0,0.08556532114744186,12.0,linear,4
1785141347000523289,0.2980979084968567,12.127933457493782,0.04630527272820473,0.23541942238807678,0.05607679858803749,0.21200965344905853,nan,0.7876480221748352,6.3344879150390625,world,482031,1785141347,nan,False,False,False,True,0.9633104000675998,0.4501683570728191,3.233413292941392,nan,False,nan,False,0.5718526840209961,True,3,normal,6.862232208251953,0.0,0.0,0.0,0.0,0.0,0.0,0.2627309492448841,12.111806046695655,-0.02166195421855105,0.33331713572867255,0.12380934475610654,0.4478687395652135,12.0,0.0,0.00019437125592958182,12.014287862926722,-0.37442487478256226,4.0,13.5,5.0,0.07829724997282028,12.0,linear,4
1785141347100652754,0.322174608707428,12.127154842019081,0.07509344071149826,0.25806885957717896,0.036518633365631104,0.0467739999294281,nan,0.8876726627349854,6.298079490661621,world,100505846,1785141347,nan,False,False,False,True,0.8669987775177914,0.6658051396522507,4.098620004393844,nan,False,nan,False,0.5718526840209961,True,3,normal,6.862232208251953,0.0,0.0,0.0,0.0,0.0,0.0,0.29607088141836707,12.124190033938278,0.023135962837481705,0.33331713572867255,0.12380934475610654,0.4478687395652135,12.0,0.0,0.00019437125592958182,12.014287862926722,-0.37442487478256226,4.0,13.5,5.0,0.05822176858782768,12.0,linear,4
1785141347200602480,0.35011130571365356,12.126943916082382,0.08760394901037216,0.27544450759887695,0.044603265821933746,0.006153106689453125,nan,0.9876642823219299,6.272049427032471,world,200500727,1785141347,nan,False,False,False,True,0.8566590665759222,0.8128736295290493,5.96516432001795,nan,False,nan,False,0.5718526840209961,True,3,normal,6.862232208251953,0.0,0.0,0.0,0.0,0.0,0.0,0.3293998101265653,12.136569933986813,0.06791909485068404,0.33331713572867255,0.12380934475610654,0.4478687395652135,12.0,0.0,0.00019437125592958182,12.014287862926722,-0.37442487478256226,4.0,13.5,5.0,0.0301516130566597,12.0,linear,4
1785141347300528881,0.3768390715122223,12.131155282258987,0.11853484809398651,0.28282687067985535,0.09383320808410645,0.19990043342113495,nan,1.0876193046569824,6.231350898742676,world,300453288,1785141347,nan,False,False,False,True,0.8202418764169347,0.795953583167323,5.099535906255158,nan,False,nan,False,0.5718526840209961,True,3,normal,6.862232208251953,0.0,0.0,0.0,0.0,0.0,0.0,0.362716512762225,12.148945292708584,0.11268579903851905,0.33331713572867255,0.12380934475610654,0.4478687395652135,12.0,0.0,0.00019437125592958182,12.014287862926722,-0.37442487478256226,4.0,13.5,5.0,0.023455116897821426,12.0,linear,4
1785141347400587843,0.4058884382247925,12.14302670955658,0.17135989665985107,0.28081902861595154,0.15597069263458252,0.30006474256515503,nan,1.1876578330993652,6.17047643661499,world,400491210,1785141347,nan,False,False,False,True,0.877610155619279,0.5560500359333105,3.68756642043714,nan,False,nan,False,0.5718526840209961,True,3,normal,6.862232208251953,0.0,0.0,0.0,0.0,0.0,0.0,0.39606108371028587,12.16133100300586,0.15748994908380043,0.33331713572867255,0.12380934475610654,0.4478687395652135,12.0,0.0,0.00019437125592958182,12.014287862926722,-0.37442487478256226,4.0,13.5,5.0,0.024979982525110245,12.0,linear,4
1785141347500597111,0.43226704001426697,12.158976674079895,0.20894131064414978,0.2766404449939728,0.1892581284046173,0.14846765995025635,nan,1.287660002708435,6.12219762802124,world,500493024,1785141347,nan,False,False,False,True,0.9240899867604857,0.2485426670565833,4.3023243179044295,nan,False,nan,False,0.5718526840209961,True,3,normal,6.862232208251953,0.0,0.0,0.0,0.0,0.0,0.0,0.4293935252477776,12.173712207881078,0.2022778011856491,0.33331713572867255,0.12380934475610654,0.4478687395652135,12.0,0.0,0.00019437125592958182,12.014287862926722,-0.37442487478256226,4.0,13.5,5.0,0.016425449401140213,12.0,linear,4
1785141347600585991,0.4605754315853119,12.179028406739235,0.23119163513183594,0.2771094739437103,0.20202703773975372,0.09421124309301376,nan,1.3876630067825317,6.0839152336120605,world,600498966,1785141347,nan,False,False,False,True,1.0358182613655746,0.04762771136145538,6.071345299704273,nan,False,nan,False,0.5718526840209961,True,3,normal,6.862232208251953,0.0,0.0,0.0,0.0,0.0,0.0,0.4627262174397553,12.186093505860924,0.2470659900847897,0.33331713572867255,0.12380934475610654,0.4478687395652135,12.0,0.0,0.00019437125592958182,12.014287862926722,-0.37442487478256226,4.0,13.5,5.0,0.017508188262581825,12.0,linear,4
1785141347700572155,0.4897202253341675,12.191367223858833,0.26922228932380676,0.28705620765686035,0.179240420460701,0.2596558928489685,nan,1.4876654148101807,6.034471035003662,world,700501241,1785141347,nan,False,False,False,True,0.9823265924734648,0.13288120670359588,5.189414497261838,nan,False,nan,False,0.5718526840209961,True,3,normal,6.862232208251953,0.0,0.0,0.0,0.0,0.0,0.0,0.4960587396399938,12.198474740698005,0.29185395057087327,0.33331713572867255,0.12380934475610654,0.4478687395652135,12.0,0.0,0.00019437125592958182,12.014287862926722,-0.37442487478256226,4.0,13.5,5.0,0.024553729221224785,12.0,linear,4
1785141347800574360,0.5228769183158875,12.200810357928276,0.32393327355384827,0.302531898021698,0.1339971423149109,0.3313235938549042,nan,1.5876621007919312,5.970249652862549,world,800495731,1785141347,nan,False,False,False,True,0.9194322044351148,0.4503375688976817,4.207194986534614,nan,False,nan,False,0.5718526840209961,True,3,normal,6.862232208251953,0.0,0.0,0.0,0.0,0.0,0.0,0.5293893612659244,12.210855269574203,0.33663935730940375,0.33331713572867255,0.12380934475610654,0.4478687395652135,12.0,0.0,0.00019437125592958182,12.014287862926722,-0.37442487478256226,4.0,13.5,5.0,0.017457282170653343,12.0,linear,4
1785141347900587435,0.553905725479126,12.207536473870277,0.36385640501976013,0.3102700710296631,0.10589202493429184,0.20481760799884796,nan,1.6876802444458008,5.919447422027588,world,900517743,1785141347,nan,False,False,False,True,0.8781651837743155,0.6234206331902594,4.808979110387323,nan,False,nan,False,0.5718526840209961,True,3,normal,6.862232208251953,0.0,0.0,0.0,0.0,0.0,0.0,0.5627271362109049,12.223238455522749,0.3814343757589541,0.33331713572867255,0.12380934475610654,0.4478687395652135,12.0,0.0,0.00019437125592958182,12.014287862926722,-0.37442487478256226,4.0,13.5,5.0,0.02516653761267662,12.0,linear,4
1785141348000656987,0.5874407291412354,12.214341163635254,0.39203518629074097,0.31118693947792053,0.10041660070419312,0.17219170928001404,nan,1.7876836061477661,5.876378059387207,world,525739,1785141348,nan,False,False,False,True,0.9275283809265642,0.7590534704064817,6.309597875523543,nan,False,nan,False,0.5718526840209961,True,3,normal,6.862232208251953,0.0,0.0,0.0,0.0,0.0,0.0,0.5960599587298827,12.23561980191205,0.4262227397747721,0.33331713572867255,0.12380934475610654,0.4478687395652135,12.0,0.0,0.00019437125592958182,12.014287862926722,-0.37442487478256226,4.0,13.5,5.0,0.04118082672357559,12.0,linear,4
1785141348100634124,0.620293915271759,12.22388456761837,0.4352412819862366,0.3095892667770386,0.1255243718624115,0.3143408000469208,nan,1.8876705169677734,5.821331977844238,world,100505411,1785141348,nan,False,False,False,True,0.8569493229175889,0.729499539061531,5.3274791080119055,nan,False,nan,False,0.5718526840209961,True,3,normal,6.862232208251953,0.0,0.0,0.0,0.0,0.0,0.0,0.6293873078481748,12.2479991152281,0.4710037493380175,0.33331713572867255,0.12380934475610654,0.4478687395652135,12.0,0.0,0.00019437125592958182,12.014287862926722,-0.37442487478256226,4.0,13.5,5.0,0.04408123344182968,12.0,linear,4
1785141348200635207,0.6554118394851685,12.238735035061836,0.4925040006637573,0.3058370053768158,0.16418392956256866,0.35683587193489075,nan,1.987688660621643,5.75278902053833,world,200529738,1785141348,nan,False,False,False,True,0.8516273563187763,0.5565309498413038,4.525539854433697,nan,False,nan,False,0.5718526840209961,True,3,normal,6.862232208251953,0.0,0.0,0.0,0.0,0.0,0.0,0.6627250524612959,12.260382289909995,0.5157987270315125,0.33331713572867255,0.12380934475610654,0.4478687395652135,12.0,0.0,0.00019437125592958182,12.014287862926722,-0.37442487478256226,4.0,13.5,5.0,0.03263021633028984,12.0,linear,4
1785141348300606333,0.6865286231040955,12.255701720714569,0.5333847999572754,0.30029311776161194,0.18855462968349457,0.22962990403175354,nan,2.087676525115967,5.698949337005615,world,300510762,1785141348,nan,False,False,False,True,0.8932576245125879,0.3378353257561958,5.218332013667844,nan,False,nan,False,0.5718526840209961,True,3,normal,6.862232208251953,0.0,0.0,0.0,0.0,0.0,0.0,0.6960527222306725,12.272761722330634,0.5605801674444856,0.33331713572867255,0.12380934475610654,0.4478687395652135,12.0,0.0,0.00019437125592958182,12.014287862926722,-0.37442487478256226,4.0,13.5,5.0,0.033486418426036835,12.0,linear,4
1785141348400614088,0.71891188621521,12.27601683139801,0.563602089881897,0.29337745904922485,0.19651150703430176,0.20846693217754364,nan,2.18768310546875,5.652017593383789,world,400521383,1785141348,nan,False,False,False,True,1.0163608926155097,0.18375404379452087,6.651309227440574,nan,False,nan,False,0.5718526840209961,True,3,normal,6.862232208251953,0.0,0.0,0.0,0.0,0.0,0.0,0.7293866300302442,12.285143471843162,0.6053699897209194,0.33331713572867255,0.12380934475610654,0.4478687395652135,12.0,0.0,0.00019437125592958182,12.014287862926722,-0.37442487478256226,4.0,13.5,5.0,0.04401787370443344,12.0,linear,4
1785141348500575065,0.7501795291900635,12.292034596204758,0.610276997089386,0.2907600700855255,0.1778983771800995,0.35504263639450073,nan,2.2876720428466797,5.5937628746032715,world,500506896,1785141348,nan,False,False,False,True,1.0017768231625253,0.1584793032004781,5.502910402551299,nan,False,nan,False,0.5718526840209961,True,3,normal,6.862232208251953,0.0,0.0,0.0,0.0,0.0,0.0,0.7627146837809612,12.297523046892167,0.6501519460786804,0.33331713572867255,0.12380934475610654,0.4478687395652135,12.0,0.0,0.00019437125592958182,12.014287862926722,-0.37442487478256226,4.0,13.5,5.0,0.0421576164662838,12.0,linear,4
1785141348600645068,0.7838964462280273,12.306290477514267,0.6711896061897278,0.29575684666633606,0.14176398515701294,0.3811643123626709,nan,2.387674331665039,5.52330207824707,world,600507618,1785141348,nan,False,False,False,True,1.016303809730551,0.31115505406661276,4.626673984872713,nan,False,nan,False,0.5718526840209961,True,3,normal,6.862232208251953,0.0,0.0,0.0,0.0,0.0,0.0,0.7960471423176267,12.309904258081662,0.6949398210218345,0.33331713572867255,0.12380934475610654,0.4478687395652135,12.0,0.0,0.00019437125592958182,12.014287862926722,-0.37442487478256226,4.0,13.5,5.0,0.026921581476926804,12.0,linear,4
1785141348700609852,0.8146516680717468,12.316992312669754,0.7135806679725647,0.3009750545024872,0.11291606724262238,0.2320849597454071,nan,2.4876694679260254,5.469857692718506,world,700502539,1785141348,nan,False,False,False,True,1.0346903429576053,0.4337915390221134,5.405442538543161,nan,False,nan,False,0.5718526840209961,True,3,normal,6.862232208251953,0.0,0.0,0.0,0.0,0.0,0.0,0.8293771996376466,12.32228457734864,0.7397244695185892,0.33331713572867255,0.12380934475610654,0.4478687395652135,12.0,0.0,0.00019437125592958182,12.014287862926722,-0.37442487478256226,4.0,13.5,5.0,0.03046879917383194,12.0,linear,4
1785141348800687399,0.847838819026947,12.326576918363571,0.7441862225532532,0.30733218789100647,0.09392385929822922,0.20747733116149902,nan,2.5877206325531006,5.42448091506958,world,800559207,1785141348,nan,False,False,False,True,1.1084210860402581,0.5777332199074933,6.9168768838498025,nan,False,nan,False,0.5718526840209961,True,3,normal,6.862232208251953,0.0,0.0,0.0,0.0,0.0,0.0,0.8627260347118249,12.334671871538863,0.7845343491486556,0.33331713572867255,0.12380934475610654,0.4478687395652135,12.0,0.0,0.00019437125592958182,12.014287862926722,-0.37442487478256226,4.0,13.5,5.0,0.04376218467950821,12.0,linear,4
1785141348900740970,0.879486083984375,12.335964411497116,0.7917409539222717,0.3132133483886719,0.09511078894138336,0.3575514554977417,nan,2.6877031326293945,5.3667521476745605,world,900541544,1785141348,nan,False,False,False,True,1.075991137208991,0.6317753590689397,5.704412236858844,nan,False,nan,False,0.5718526840209961,True,3,normal,6.862232208251953,0.0,0.0,0.0,0.0,0.0,0.0,0.8960518945691544,12.34705063167476,0.8293133576343727,0.33331713572867255,0.12380934475610654,0.4478687395652135,12.0,0.0,0.00019437125592958182,12.014287862926722,-0.37442487478256226,4.0,13.5,5.0,0.04253252595663071,12.0,linear,4
1785141349000646272,0.9139472842216492,12.347655862569809,0.8536409735679626,0.3175566494464874,0.11374020576477051,0.38174429535865784,nan,2.787689208984375,5.295650482177734,world,528580,1785141349,nan,False,False,False,True,1.0943237090698625,0.6099454011974901,4.7953205785387105,nan,False,nan,False,0.5718526840209961,True,3,normal,6.862232208251953,0.0,0.0,0.0,0.0,0.0,0.0,0.9293789763671035,12.359429845695717,0.8740940080068891,0.33331713572867255,0.12380934475610654,0.4478687395652135,12.0,0.0,0.00019437125592958182,12.014287862926722,-0.37442487478256226,4.0,13.5,5.0,0.02819734811782837,12.0,linear,4
1785141349100604975,0.9455142617225647,12.360120713710785,0.8960826992988586,0.32030627131462097,0.1306786835193634,0.22709228098392487,nan,2.8876779079437256,5.241311550140381,world,100512720,1785141349,nan,False,False,False,True,1.0940093106216442,0.531225240557942,5.620863339931602,nan,False,nan,False,0.5718526840209961,True,3,normal,6.862232208251953,0.0,0.0,0.0,0.0,0.0,0.0,0.9627068697922784,12.371809361192426,0.9188757489397863,0.33331713572867255,0.12380934475610654,0.4478687395652135,12.0,0.0,0.00019437125592958182,12.014287862926722,-0.37442487478256226,4.0,13.5,5.0,0.030850175768136978,12.0,linear,4
1785141349200712438,0.9795045256614685,12.375308692455292,0.9257317781448364,0.3222779929637909,0.1475832760334015,0.1991271823644638,nan,2.9876885414123535,5.194996356964111,world,200524964,1785141349,nan,False,False,False,True,1.1607840642945046,0.45980622619720324,7.203410227741599,nan,False,nan,False,0.5718526840209961,True,3,normal,6.862232208251953,0.0,0.0,0.0,0.0,0.0,0.0,0.996042196856214,12.384191637885143,0.9636674782413133,0.33331713572867255,0.12380934475610654,0.4478687395652135,12.0,0.0,0.00019437125592958182,12.014287862926722,-0.37442487478256226,4.0,13.5,5.0,0.04232633486390114,12.0,linear,4
1785141349300658737,1.0129263401031494,12.386402368545532,0.9716292023658752,0.32685086131095886,0.15256081521511078,0.3538287580013275,nan,3.087690591812134,5.137166500091553,world,300531627,1785141349,nan,False,False,False,True,1.0868715281158283,0.5002851426197711,6.0776898917969415,nan,False,nan,False,0.5718526840209961,True,3,normal,6.862232208251953,0.0,0.0,0.0,0.0,0.0,0.0,1.0293745217327082,12.396572799427092,1.008455173589103,0.33331713572867255,0.12380934475610654,0.4478687395652135,12.0,0.0,0.00019437125592958182,12.014287862926722,-0.37442487478256226,4.0,13.5,5.0,0.041594862937927246,12.0,linear,4
1785141349400588245,1.0494146347045898,12.397939950227737,1.0328078269958496,0.32927408814430237,0.14547698199748993,0.39371177554130554,nan,3.187675952911377,5.065481662750244,world,400508755,1785141349,nan,False,False,False,True,1.0532685482131194,0.6325789572548807,5.132579107921571,nan,False,nan,False,0.5718526840209961,True,3,normal,6.862232208251953,0.0,0.0,0.0,0.0,0.0,0.0,1.0627013998738875,12.40895193780054,1.0532355503138195,0.33331713572867255,0.12380934475610654,0.4478687395652135,12.0,0.0,0.00019437125592958182,12.014287862926722,-0.37442487478256226,4.0,13.5,5.0,0.026741240173578262,12.0,linear,4
1785141349500622640,1.0823909044265747,12.408841371536255,1.076224446296692,0.3273460566997528,0.13888013362884521,0.2450137436389923,nan,3.2876765727996826,5.009898662567139,world,500509997,1785141349,nan,False,False,False,True,1.0466187274683667,0.6344651275430764,5.814223770447073,nan,False,nan,False,0.5718526840209961,True,3,normal,6.862232208251953,0.0,0.0,0.0,0.0,0.0,0.0,1.096033347435384,12.421332959190309,1.098022738674196,0.33331713572867255,0.12380934475610654,0.4478687395652135,12.0,0.0,0.00019437125592958182,12.014287862926722,-0.37442487478256226,4.0,13.5,5.0,0.028588837012648582,12.0,linear,4
1785141349600561265,1.1171245574951172,12.421177417039871,1.1068319082260132,0.3208768367767334,0.1405162811279297,0.2045922875404358,nan,3.387681484222412,4.963021755218506,world,600514477,1785141349,nan,False,False,False,True,1.1299701780149263,0.6466454461516309,7.364040930650732,nan,False,nan,False,0.5718526840209961,True,3,normal,6.862232208251953,0.0,0.0,0.0,0.0,0.0,0.0,1.1293666472645,12.433714482874592,1.142811744038049,0.33331713572867255,0.12380934475610654,0.4478687395652135,12.0,0.0,0.00019437125592958182,12.014287862926722,-0.37442487478256226,4.0,13.5,5.0,0.0400199368596077,12.0,linear,4
1785141349700701811,1.1530556678771973,12.434296488761902,1.1531516313552856,0.3148088753223419,0.15173541009426117,0.3522113263607025,nan,3.487684965133667,4.902964115142822,world,700519236,1785141349,nan,False,False,False,True,0.993284232636882,0.5812028487948577,6.271172640803926,nan,False,nan,False,0.5718526840209961,True,3,normal,6.862232208251953,0.0,0.0,0.0,0.0,0.0,0.0,1.162699563445593,12.446095864054318,1.1876002339049825,0.33331713572867255,0.12380934475610654,0.4478687395652135,12.0,0.0,0.00019437125592958182,12.014287862926722,-0.37442487478256226,4.0,13.5,5.0,0.03766876831650734,12.0,linear,4
1785141349800650024,1.1913745403289795,12.450340300798416,1.214396595954895,0.3107256293296814,0.162533238530159,0.38868340849876404,nan,3.5876846313476562,4.829177379608154,world,800516942,1785141349,nan,False,False,False,True,0.903749648914385,0.4872815686649185,5.333633340798304,nan,False,nan,False,0.5718526840209961,True,3,normal,6.862232208251953,0.0,0.0,0.0,0.0,0.0,0.0,1.196031116692918,12.458476738977634,1.2323868924366403,0.33331713572867255,0.12380934475610654,0.4478687395652135,12.0,0.0,0.00019437125592958182,12.014287862926722,-0.37442487478256226,4.0,13.5,5.0,0.020286353304982185,12.0,linear,4
1785141349900650155,1.2247638702392578,12.465891122817993,1.257487416267395,0.303448349237442,0.1638919562101364,0.239417165517807,nan,3.687696933746338,4.7726006507873535,world,900534546,1785141349,nan,False,False,False,True,0.9415247429786888,0.38588529091849877,6.0500895379230455,nan,False,nan,False,0.5718526840209961,True,3,normal,6.862232208251953,0.0,0.0,0.0,0.0,0.0,0.0,1.2293669214003093,12.470859193089142,1.277179263534071,0.33331713572867255,0.12380934475610654,0.4478687395652135,12.0,0.0,0.00019437125592958182,12.014287862926722,-0.37442487478256226,4.0,13.5,5.0,0.020823992788791656,12.0,linear,4
1785141350000605430,1.2585121393203735,12.48260161280632,1.287979245185852,0.2869526147842407,0.15580953657627106,0.20040977001190186,nan,3.7876956462860107,4.725458145141602,world,530860,1785141350,nan,False,False,False,True,1.084177449649271,0.3539612924483536,7.588104178857625,nan,False,nan,False,0.5718526840209961,True,3,normal,6.862232208251953,0.0,0.0,0.0,0.0,0.0,0.0,1.2626982613246673,12.483239988774477,1.3219656354297353,0.33331713572867255,0.12380934475610654,0.4478687395652135,12.0,0.0,0.00019437125592958182,12.014287862926722,-0.37442487478256226,4.0,13.5,5.0,0.03424917161464691,12.0,linear,4
1785141350100594270,1.2909287214279175,12.495721489191055,1.3333215713500977,0.27159982919692993,0.1364891678094864,0.3447740077972412,nan,3.8876922130584717,4.668208599090576,world,100527664,1785141350,nan,False,False,False,True,1.0737838991919026,0.38572028411155074,6.556848473051321,nan,False,nan,False,0.5718526840209961,True,3,normal,6.862232208251953,0.0,0.0,0.0,0.0,0.0,0.0,1.2960288329530274,12.495620499079273,1.366750974987955,0.33331713572867255,0.12380934475610654,0.4478687395652135,12.0,0.0,0.00019437125592958182,12.014287862926722,-0.37442487478256226,4.0,13.5,5.0,0.03381636366248131,12.0,linear,4
1785141350200586235,1.3243052959442139,12.507716596126556,1.3935906887054443,0.2654849588871002,0.1154378280043602,0.3859562873840332,nan,3.9876911640167236,4.5989298820495605,world,200523637,1785141350,nan,False,False,False,True,1.1170150405372063,0.5155490487249498,5.642623971880919,nan,False,nan,False,0.5718526840209961,True,3,normal,6.862232208251953,0.0,0.0,0.0,0.0,0.0,0.0,1.329360205875782,12.508001307021733,1.4115373912226243,0.33331713572867255,0.12380934475610654,0.4478687395652135,12.0,0.0,0.00019437125592958182,12.014287862926722,-0.37442487478256226,4.0,13.5,5.0,0.018647179007530212,12.0,linear,4
1785141350300604320,1.3533636331558228,12.517523288726807,1.4367387294769287,0.2652621567249298,0.10263773798942566,0.24626749753952026,nan,4.087692737579346,4.546072483062744,world,300526082,1785141350,nan,False,False,False,True,1.2193707268524172,0.6000202192356315,6.2990347992402915,nan,False,nan,False,0.5718526840209961,True,3,normal,6.862232208251953,0.0,0.0,0.0,0.0,0.0,0.0,1.362692454089335,12.520382440087532,1.456324983560604,0.33331713572867255,0.12380934475610654,0.4478687395652135,12.0,0.0,0.00019437125592958182,12.014287862926722,-0.37442487478256226,4.0,13.5,5.0,0.02188202366232872,12.0,linear,4
1785141350400587960,1.3838833570480347,12.52758675813675,1.4683033227920532,0.2698430120944977,0.10041479766368866,0.21288372576236725,nan,4.187692165374756,4.501392364501953,world,400524710,1785141350,nan,False,False,False,True,1.3602246938453237,0.6799657778282929,7.753147957197733,nan,False,nan,False,0.5718526840209961,True,3,normal,6.862232208251953,0.0,0.0,0.0,0.0,0.0,0.0,1.396023960672261,12.53276329767754,1.5011115793906384,0.33331713572867255,0.12380934475610654,0.4478687395652135,12.0,0.0,0.00019437125592958182,12.014287862926722,-0.37442487478256226,4.0,13.5,5.0,0.03536343574523926,12.0,linear,4
1785141350500590034,1.413642168045044,12.538096725940704,1.5171657800674438,0.2809177041053772,0.1105785220861435,0.40146759152412415,nan,4.287688732147217,4.443493843078613,world,500521214,1785141350,nan,False,False,False,True,1.3506238301763507,0.6713673760360507,6.5050781559220905,nan,False,nan,False,0.5718526840209961,True,3,normal,6.862232208251953,0.0,0.0,0.0,0.0,0.0,0.0,1.4293544189727951,12.54514376588716,1.5458967666734864,0.33331713572867255,0.12380934475610654,0.4478687395652135,12.0,0.0,0.00019437125592958182,12.014287862926722,-0.37442487478256226,4.0,13.5,5.0,0.033496346324682236,12.0,linear,4
1785141350600606355,1.4463638067245483,12.551258981227875,1.5799312591552734,0.29108330607414246,0.12843285501003265,0.3512609004974365,nan,4.387698650360107,4.37241792678833,world,600534139,1785141350,nan,False,False,False,True,1.358920852703384,0.6124603510497553,5.4807335483646265,nan,False,nan,False,0.5718526840209961,True,3,normal,6.862232208251953,0.0,0.0,0.0,0.0,0.0,0.0,1.4626894753832165,12.557525942046688,1.5906881323055968,0.33331713572867255,0.12380934475610654,0.4478687395652135,12.0,0.0,0.00019437125592958182,12.014287862926722,-0.37442487478256226,4.0,13.5,5.0,0.02053077146410942,12.0,linear,4
1785141350700597189,1.4761649370193481,12.564757168293,1.612227201461792,0.2958751320838928,0.14111103117465973,0.08787316828966141,nan,4.487692832946777,4.326826572418213,world,700525904,1785141350,nan,False,False,False,True,1.3838100310717791,0.5206454995933323,7.220800989784176,nan,False,nan,False,0.5718526840209961,True,3,normal,6.862232208251953,0.0,0.0,0.0,0.0,0.0,0.0,1.496019305714267,12.5699061769995,1.63547247580374,0.33331713572867255,0.12380934475610654,0.4478687395652135,12.0,0.0,0.00019437125592958182,12.014287862926722,-0.37442487478256226,4.0,13.5,5.0,0.03100082278251648,12.0,linear,4
1785141350800616045,1.5086495876312256,12.580554246902466,1.6307682991027832,0.312032550573349,0.15154625475406647,0.18727685511112213,nan,4.587704181671143,4.289979934692383,world,800537547,1785141350,nan,False,False,False,True,1.4696876151934195,0.4557408342331072,8.0,nan,False,nan,False,0.5718526840209961,True,3,normal,6.862232208251953,0.0,0.0,0.0,0.0,0.0,0.0,1.5293547797710596,12.58228850829214,1.6802644026153808,0.33331713572867255,0.12380934475610654,0.4478687395652135,12.0,0.0,0.00019437125592958182,12.014287862926722,-0.37442487478256226,4.0,13.5,5.0,0.05368032306432724,12.0,linear,4
1785141350900580288,1.5429142713546753,12.592387199401855,1.683974266052246,0.3367569148540497,0.14596027135849,0.41053566336631775,nan,4.687698841094971,4.225761413574219,world,900532468,1785141350,nan,False,False,False,True,1.324143095661749,0.48507304951073676,6.729614028882,nan,False,nan,False,0.5718526840209961,True,3,normal,6.862232208251953,0.0,0.0,0.0,0.0,0.0,0.0,1.5626846967645653,12.594668775435382,1.725048862559396,0.33331713572867255,0.12380934475610654,0.4478687395652135,12.0,0.0,0.00019437125592958182,12.014287862926722,-0.37442487478256226,4.0,13.5,5.0,0.04564206302165985,12.0,linear,4
1785141351000588985,1.5820661783218384,12.603830814361572,1.7512410879135132,0.3536171019077301,0.13212384283542633,0.3582801818847656,nan,4.787701606750488,4.147765159606934,world,534462,1785141351,nan,False,False,False,True,1.1722892157963205,0.6242317900740014,5.2199316101788895,nan,False,nan,False,0.5718526840209961,True,3,normal,6.862232208251953,0.0,0.0,0.0,0.0,0.0,0.0,1.5960173556248296,12.607050061034293,1.7698370066716627,0.33331713572867255,0.12380934475610654,0.4478687395652135,12.0,0.0,0.00019437125592958182,12.014287862926722,-0.37442487478256226,4.0,13.5,5.0,0.02346928045153618,12.0,linear,4
1785141351100569048,1.6179580688476562,12.614065825939178,1.7841647863388062,0.3539298176765442,0.12354085594415665,0.043745432049036026,nan,4.887696266174316,4.098853588104248,world,100528872,1785141351,nan,False,False,False,True,1.0876098745098568,0.6613687370267886,7.207800387743541,nan,False,nan,False,0.5718526840209961,True,3,normal,6.862232208251953,0.0,0.0,0.0,0.0,0.0,0.0,1.6293473096165372,12.619430341920374,1.8146215163291077,0.33331713572867255,0.12380934475610654,0.4478687395652135,12.0,0.0,0.00019437125592958182,12.014287862926722,-0.37442487478256226,4.0,13.5,5.0,0.032956112176179886,12.0,linear,4
1785141351200601369,1.655572772026062,12.625268757343292,1.7999123334884644,0.340272456407547,0.12215586006641388,0.14973750710487366,nan,4.9877028465271,4.062272071838379,world,200535715,1785141351,nan,False,False,False,True,1.1390878497040517,0.6962716736373104,8.0,nan,False,nan,False,0.5718526840209961,True,3,normal,6.862232208251953,0.0,0.0,0.0,0.0,0.0,0.0,1.6626812440814798,12.631812101337648,1.859411374435041,0.33331713572867255,0.12380934475610654,0.4478687395652135,12.0,0.0,0.00019437125592958182,12.014287862926722,-0.37442487478256226,4.0,13.5,5.0,0.06027836725115776,12.0,linear,4
1785141351300601240,1.688876748085022,12.639038383960724,1.8530545234680176,0.31414127349853516,0.13341748714447021,0.3819848299026489,nan,5.087706089019775,3.9982259273529053,world,300539223,1785141351,nan,False,False,False,True,1.1623376430312335,0.5857679053722074,6.930897406075443,nan,False,nan,False,0.5718526840209961,True,3,normal,6.862232208251953,0.0,0.0,0.0,0.0,0.0,0.0,1.6960140096032275,12.644193426555551,1.904199661865304,0.33331713572867255,0.12380934475610654,0.4478687395652135,12.0,0.0,0.00019437125592958182,12.014287862926722,-0.37442487478256226,4.0,13.5,5.0,0.05189739912748337,12.0,linear,4
1785141351400569060,1.7219517230987549,12.655730664730072,1.9207658767700195,0.2920222580432892,0.14424405992031097,0.3445384204387665,nan,5.187702655792236,3.922241449356079,world,400534815,1785141351,nan,False,False,False,True,1.314235693674134,0.43188905567976427,5.216217730993868,nan,False,nan,False,0.5718526840209961,True,3,normal,6.862232208251953,0.0,0.0,0.0,0.0,0.0,0.0,1.7293445245676742,12.656573915812757,1.948984925285838,0.33331713572867255,0.12380934475610654,0.4478687395652135,12.0,0.0,0.00019437125592958182,12.014287862926722,-0.37442487478256226,4.0,13.5,5.0,0.02918354421854019,12.0,linear,4
1785141351500607442,1.7504550218582153,12.671286642551422,1.9545085430145264,0.28208208084106445,0.14625594019889832,0.027216779068112373,nan,5.287705898284912,3.8758530616760254,world,500540436,1785141351,nan,False,False,False,True,1.4473653648321005,0.3488304657113332,7.184353518161651,nan,False,nan,False,0.5718526840209961,True,3,normal,6.862232208251953,0.0,0.0,0.0,0.0,0.0,0.0,1.7626773004222533,12.66895524486875,1.9937732266000325,0.33331713572867255,0.12380934475610654,0.4478687395652135,12.0,0.0,0.00019437125592958182,12.014287862926722,-0.37442487478256226,4.0,13.5,5.0,0.04118901491165161,12.0,linear,4
1785141351600603345,1.7802456617355347,12.687401533126831,1.9688464403152466,0.28231650590896606,0.13373099267482758,0.11743083596229553,nan,5.387709617614746,3.843893527984619,world,600542791,1785141351,nan,False,False,False,True,1.6046353475573105,0.3399100149527089,8.0,nan,False,nan,False,0.5718526840209961,True,3,normal,6.862232208251953,0.0,0.0,0.0,0.0,0.0,0.0,1.7960103132653156,12.681336661953187,2.0385618463489004,0.33331713572867255,0.12380934475610654,0.4478687395652135,12.0,0.0,0.00019437125592958182,12.014287862926722,-0.37442487478256226,4.0,13.5,5.0,0.07173245400190353,12.0,linear,4
1785141351700626880,1.8091479539871216,12.698030173778534,2.0194625854492188,0.29851290583610535,0.10595040768384933,0.35584893822669983,nan,5.487729549407959,3.785048484802246,world,700566817,1785141351,nan,False,False,False,True,1.6153958535872468,0.45622128833181735,7.337138884889302,nan,False,nan,False,0.5718526840209961,True,3,normal,6.862232208251953,0.0,0.0,0.0,0.0,0.0,0.0,1.8293486391835216,12.693720052558579,2.0833576051254776,0.33331713572867255,0.12380934475610654,0.4478687395652135,12.0,0.0,0.00019437125592958182,12.014287862926722,-0.37442487478256226,4.0,13.5,5.0,0.06715071201324463,12.0,linear,4
1785141351800577938,1.8423056602478027,12.706388771533966,2.0850608348846436,0.32020652294158936,0.0830438956618309,0.34275397658348083,nan,5.587707042694092,3.712456703186035,world,800539436,1785141351,nan,False,False,False,True,1.5988291553151899,0.687462578675662,5.500507554759879,nan,False,nan,False,0.5718526840209961,True,3,normal,6.862232208251953,0.0,0.0,0.0,0.0,0.0,0.0,1.8626728824527428,12.706098212219155,2.128134441447808,0.33331713572867255,0.12380934475610654,0.4478687395652135,12.0,0.0,0.00019437125592958182,12.014287862926722,-0.37442487478256226,4.0,13.5,5.0,0.04764707386493683,12.0,linear,4
1785141351900618926,1.8741188049316406,12.713093519210815,2.120041608810425,0.3330133259296417,0.07658027857542038,0.051661066710948944,nan,5.687711715698242,3.665071964263916,world,900544466,1785141351,nan,False,False,False,True,1.5285876328948156,0.8180604411503721,7.274137757259476,nan,False,nan,False,0.5718526840209961,True,3,normal,6.862232208251953,0.0,0.0,0.0,0.0,0.0,0.0,1.8960061622828306,12.718479728474875,2.172923419939536,0.33331713572867255,0.12380934475610654,0.4478687395652135,12.0,0.0,0.00019437125592958182,12.014287862926722,-0.37442487478256226,4.0,13.5,5.0,0.057485245168209076,12.0,linear,4
1785141352000604940,1.9098002910614014,12.720813035964966,2.1370229721069336,0.35052749514579773,0.08964762836694717,0.13659630715847015,nan,5.787709712982178,3.629422187805176,world,542302,1785141352,nan,False,False,False,True,1.5267558767310376,0.8942971995375828,8.0,nan,False,nan,False,0.5718526840209961,True,3,normal,6.862232208251953,0.0,0.0,0.0,0.0,0.0,0.0,1.929337214887818,12.730860417436556,2.217709405772347,0.33331713572867255,0.12380934475610654,0.4478687395652135,12.0,0.0,0.00019437125592958182,12.014287862926722,-0.37442487478256226,4.0,13.5,5.0,0.08362381160259247,12.0,linear,4
1785141352100610411,1.9441263675689697,12.73049783706665,2.1869215965270996,0.3592495918273926,0.12101202458143234,0.3469066321849823,nan,5.887709617614746,3.5682151317596436,world,100542683,1785141352,nan,False,False,False,True,1.4263381914436901,0.8454502473018857,7.574315164404256,nan,False,nan,False,0.5718526840209961,True,3,normal,6.862232208251953,0.0,0.0,0.0,0.0,0.0,0.0,1.9626688217992019,12.743241312293177,2.262496136410872,0.33331713572867255,0.12380934475610654,0.4478687395652135,12.0,0.0,0.00019437125592958182,12.014287862926722,-0.37442487478256226,4.0,13.5,5.0,0.0788525864481926,12.0,linear,4
1785141352200604661,1.9813979864120483,12.74459433555603,2.2507503032684326,0.35549598932266235,0.15282736718654633,0.3413833677768707,nan,5.987710475921631,3.4933888912200928,world,200543576,1785141352,nan,False,False,False,True,1.4188463532702262,0.7140181072384818,5.85635066592018,nan,False,nan,False,0.5718526840209961,True,3,normal,6.862232208251953,0.0,0.0,0.0,0.0,0.0,0.0,1.9960008026924116,12.755622346063882,2.3072833695581223,0.33331713572867255,0.12380934475610654,0.4478687395652135,12.0,0.0,0.00019437125592958182,12.014287862926722,-0.37442487478256226,4.0,13.5,5.0,0.05942092835903168,12.0,linear,4
1785141352300642042,2.0149502754211426,12.759863376617432,2.2868118286132812,0.3457016050815582,0.16692565381526947,0.08594490587711334,nan,6.087728977203369,3.4423270225524902,world,300564405,1785141352,nan,False,False,False,True,1.4084891120419867,0.5451186886956176,7.466494455368252,nan,False,nan,False,0.5718526840209961,True,3,normal,6.862232208251953,0.0,0.0,0.0,0.0,0.0,0.0,2.0293387646283056,12.768005601469469,2.352078639262036,0.33331713572867255,0.12380934475610654,0.4478687395652135,12.0,0.0,0.00019437125592958182,12.014287862926722,-0.37442487478256226,4.0,13.5,5.0,0.06732816249132156,12.0,linear,4
1785141352400593912,2.049945116043091,12.777570724487305,2.3069558143615723,0.33175045251846313,0.17167165875434875,0.1617921143770218,nan,6.187712669372559,3.4025144577026367,world,400544759,1785141352,nan,False,False,False,True,1.501119967998262,0.44926529420618766,8.0,nan,False,nan,False,0.5718526840209961,True,3,normal,6.862232208251953,0.0,0.0,0.0,0.0,0.0,0.0,2.062665011800147,12.780384505471826,2.396858168171228,0.33331713572867255,0.12380934475610654,0.4478687395652135,12.0,0.0,0.00019437125592958182,12.014287862926722,-0.37442487478256226,4.0,13.5,5.0,0.09084132313728333,12.0,linear,4
1785141352500648295,2.0837738513946533,12.791936814785004,2.3556060791015625,0.322054922580719,0.15697576105594635,0.33511072397232056,nan,6.287732124328613,3.3415708541870117,world,500570087,1785141352,nan,False,False,False,True,1.4546918457957003,0.43444171159131834,7.8918528000920425,nan,False,nan,False,0.5718526840209961,True,3,normal,6.862232208251953,0.0,0.0,0.0,0.0,0.0,0.0,2.0960031973918385,12.792767843953484,2.441653738395065,0.33331713572867255,0.12380934475610654,0.4478687395652135,12.0,0.0,0.00019437125592958182,12.014287862926722,-0.37442487478256226,4.0,13.5,5.0,0.08691632002592087,12.0,linear,4
1785141352600614913,2.119845390319824,12.805294692516327,2.415917158126831,0.3190023601055145,0.13198351860046387,0.34327244758605957,nan,6.387726783752441,3.2703335285186768,world,600560951,1785141352,nan,False,False,False,True,1.4491572296265895,0.5489675099198922,6.395902889270252,nan,False,nan,False,0.5718526840209961,True,3,normal,6.862232208251953,0.0,0.0,0.0,0.0,0.0,0.0,2.1293332380460015,12.805148157029993,2.4864383644983827,0.33331713572867255,0.12380934475610654,0.4478687395652135,12.0,0.0,0.00019437125592958182,12.014287862926722,-0.37442487478256226,4.0,13.5,5.0,0.07115674018859863,12.0,linear,4
1785141352700601868,2.1520423889160156,12.81589525938034,2.453571319580078,0.3151189982891083,0.11274286359548569,0.14613847434520721,nan,6.487715721130371,3.219820737838745,world,700547816,1785141352,nan,False,False,False,True,1.4732386403472455,0.6352055882626974,7.714341335022191,nan,False,nan,False,0.5718526840209961,True,3,normal,6.862232208251953,0.0,0.0,0.0,0.0,0.0,0.0,2.1626612547985165,12.81752771833616,2.5312202711427134,0.33331713572867255,0.12380934475610654,0.4478687395652135,12.0,0.0,0.00019437125592958182,12.014287862926722,-0.37442487478256226,4.0,13.5,5.0,0.07838867604732513,12.0,linear,4
1785141352800596268,2.1859350204467773,12.82588541507721,2.4792423248291016,0.310920774936676,0.09766028076410294,0.20488645136356354,nan,6.587723255157471,3.1779680252075195,world,800555822,1785141352,nan,False,False,False,True,1.5695484941258064,0.7438326801114159,8.0,nan,False,nan,False,0.5718526840209961,True,3,normal,6.862232208251953,0.0,0.0,0.0,0.0,0.0,0.0,2.1959953965867176,12.829909554762848,2.5760104078230026,0.33331713572867255,0.12380934475610654,0.4478687395652135,12.0,0.0,0.00019437125592958182,12.014287862926722,-0.37442487478256226,4.0,13.5,5.0,0.09737282246351242,12.0,linear,4
1785141352900639601,2.219271183013916,12.834729731082916,2.52878737449646,0.3081154227256775,0.09968773275613785,0.3267962634563446,nan,6.6877336502075195,3.117767095565796,world,900566803,1785141352,nan,False,False,False,True,1.5038088182391691,0.8155414443377518,8.0,nan,False,nan,False,0.5718526840209961,True,3,normal,6.862232208251953,0.0,0.0,0.0,0.0,0.0,0.0,2.2293305699914536,12.842291774379458,2.620801930657041,0.33331713572867255,0.12380934475610654,0.4478687395652135,12.0,0.0,0.00019437125592958182,12.014287862926722,-0.37442487478256226,4.0,13.5,5.0,0.09287117421627045,12.0,linear,4
1785141353000599987,2.2549643516540527,12.845438599586487,2.587219476699829,0.3083980083465576,0.11392323672771454,0.3291168808937073,nan,6.787723064422607,3.04878830909729,world,555382,1785141353,nan,False,False,False,True,1.4857529557332754,0.8334804506806355,6.8092668939825876,nan,False,nan,False,0.5718526840209961,True,3,normal,6.862232208251953,0.0,0.0,0.0,0.0,0.0,0.0,2.2626587370699967,12.85467139152364,2.6655840392901733,0.33331713572867255,0.12380934475610654,0.4478687395652135,12.0,0.0,0.00019437125592958182,12.014287862926722,-0.37442487478256226,4.0,13.5,5.0,0.07928084582090378,12.0,linear,4
1785141353100641756,2.2869153022766113,12.8568776845932,2.625162124633789,0.30745619535446167,0.12891174852848053,0.1733630746603012,nan,6.887750625610352,2.9980194568634033,world,100590569,1785141353,nan,False,False,False,True,1.5079551559180018,0.773094760324675,8.0,nan,False,nan,False,0.5718526840209961,True,3,normal,6.862232208251953,0.0,0.0,0.0,0.0,0.0,0.0,2.2959996411962473,12.867055739794313,2.7103832623314505,0.33331713572867255,0.12380934475610654,0.4478687395652135,12.0,0.0,0.00019437125592958182,12.014287862926722,-0.37442487478256226,4.0,13.5,5.0,0.08630619943141937,12.0,linear,4
1785141353200589798,2.3205578327178955,12.871170699596405,2.6549699306488037,0.30425724387168884,0.14820876717567444,0.23287512362003326,nan,6.987723350524902,2.9521379470825195,world,200556405,1785141353,nan,False,False,False,True,1.6024314392093555,0.7071206028499897,8.0,nan,False,nan,False,0.5718526840209961,True,3,normal,6.862232208251953,0.0,0.0,0.0,0.0,0.0,0.0,2.3293222715438486,12.87943330034147,2.75515793141695,0.33331713572867255,0.12380934475610654,0.4478687395652135,12.0,0.0,0.00019437125592958182,12.014287862926722,-0.37442487478256226,4.0,13.5,5.0,0.10090947151184082,12.0,linear,4
1785141353300602593,2.352551221847534,12.882933557033539,2.703847885131836,0.3020531237125397,0.15758004784584045,0.3121291995048523,nan,7.087727069854736,2.892606496810913,world,300560373,1785141353,nan,False,False,False,True,1.5881268649448856,0.7004089915956843,8.0,nan,False,nan,False,0.5718526840209961,True,3,normal,6.862232208251953,0.0,0.0,0.0,0.0,0.0,0.0,2.3626551840584535,12.891814680159294,2.7999464163573275,0.33331713572867255,0.12380934475610654,0.4478687395652135,12.0,0.0,0.00019437125592958182,12.014287862926722,-0.37442487478256226,4.0,13.5,5.0,0.09703551977872849,12.0,linear,4
1785141353400635265,2.3867764472961426,12.895955502986908,2.75909423828125,0.30297964811325073,0.1556820422410965,0.31320303678512573,nan,7.187730312347412,2.8264851570129395,world,400562748,1785141353,nan,False,False,False,True,1.5884836484234273,0.7531789874969936,7.236641837938723,nan,False,nan,False,0.5718526840209961,True,3,normal,6.862232208251953,0.0,0.0,0.0,0.0,0.0,0.0,2.395988043242316,12.904196040167623,2.844734829638707,0.33331713572867255,0.12380934475610654,0.4478687395652135,12.0,0.0,0.00019437125592958182,12.014287862926722,-0.37442487478256226,4.0,13.5,5.0,0.08652786165475845,12.0,linear,4
1785141353500622492,2.4177539348602295,12.908310770988464,2.7972099781036377,0.3062245547771454,0.1495964229106903,0.20305876433849335,nan,7.2877302169799805,2.775947093963623,world,500563420,1785141353,nan,False,False,False,True,1.6279785749301323,0.7261922241324323,8.0,nan,False,nan,False,0.5718526840209961,True,3,normal,6.862232208251953,0.0,0.0,0.0,0.0,0.0,0.0,2.429319770481186,12.916576979719416,2.8895217219578466,0.33331713572867255,0.12380934475610654,0.4478687395652135,12.0,0.0,0.00019437125592958182,12.014287862926722,-0.37442487478256226,4.0,13.5,5.0,0.09339998662471771,12.0,linear,4
1785141353600637711,2.450989007949829,12.921813368797302,2.830173969268799,0.3090599775314331,0.1459423452615738,0.24975807964801788,nan,7.387733459472656,2.727980852127075,world,600566617,1785141353,nan,False,False,False,True,1.7062338707976048,0.7320587812468883,8.0,nan,False,nan,False,0.5718526840209961,True,3,normal,6.862232208251953,0.0,0.0,0.0,0.0,0.0,0.0,2.4626525360029334,12.92895830493732,2.93431000938811,0.33331713572867255,0.12380934475610654,0.4478687395652135,12.0,0.0,0.00019437125592958182,12.014287862926722,-0.37442487478256226,4.0,13.5,5.0,0.10503048449754715,12.0,linear,4
1785141353700609067,2.482567548751831,12.934457063674927,2.877635955810547,0.31172239780426025,0.14583979547023773,0.2939811944961548,nan,7.48773717880249,2.669619560241699,world,700570705,1785141353,nan,False,False,False,True,1.6778508736165618,0.7114458712019655,8.0,nan,False,nan,False,0.5718526840209961,True,3,normal,6.862232208251953,0.0,0.0,0.0,0.0,0.0,0.0,2.4959854085194815,12.94133966989802,2.9790984405842384,0.33331713572867255,0.12380934475610654,0.4478687395652135,12.0,0.0,0.00019437125592958182,12.014287862926722,-0.37442487478256226,4.0,13.5,5.0,0.10257702320814133,12.0,linear,4
1785141353800621652,2.5168027877807617,12.948572218418121,2.9291157722473145,0.31608033180236816,0.14678440988063812,0.29568758606910706,nan,7.587742805480957,2.6062440872192383,world,800578460,1785141353,nan,False,False,False,True,1.701557539819345,0.7047676942185974,7.77249309843278,nan,False,nan,False,0.5718526840209961,True,3,normal,6.862232208251953,0.0,0.0,0.0,0.0,0.0,0.0,2.5293190160003145,12.953721307858329,3.0238878593309386,0.33331713572867255,0.12380934475610654,0.4478687395652135,12.0,0.0,0.00019437125592958182,12.014287862926722,-0.37442487478256226,4.0,13.5,5.0,0.09573357552289963,12.0,linear,4
1785141353900619017,2.548306941986084,12.961948573589325,2.968567132949829,0.31998491287231445,0.1464102566242218,0.25477540493011475,nan,7.687737464904785,2.554140090942383,world,900573131,1785141353,nan,False,False,False,True,1.6973011076287785,0.6616643088610047,8.0,nan,False,nan,False,0.5718526840209961,True,3,normal,6.862232208251953,0.0,0.0,0.0,0.0,0.0,0.0,2.562648999657247,12.96610159976344,3.0686724088487014,0.33331713572867255,0.12380934475610654,0.4478687395652135,12.0,0.0,0.00019437125592958182,12.014287862926722,-0.37442487478256226,4.0,13.5,5.0,0.10121268779039383,12.0,linear,4
1785141354000648804,2.582435369491577,12.97654801607132,3.005474090576172,0.3238862454891205,0.14296503365039825,0.26507094502449036,nan,7.787748336791992,2.502323865890503,world,586086,1785141354,nan,False,False,False,True,1.7514385509094745,0.6494222042576498,8.0,nan,False,nan,False,0.5718526840209961,True,3,normal,6.862232208251953,0.0,0.0,0.0,0.0,0.0,0.0,2.595984337054014,12.978483880294247,3.1134641520341595,0.33331713572867255,0.12380934475610654,0.4478687395652135,12.0,0.0,0.00019437125592958182,12.014287862926722,-0.37442487478256226,4.0,13.5,5.0,0.10885392129421234,12.0,linear,4
1785141354100628366,2.6147680282592773,12.986556231975555,3.0537612438201904,0.32581627368927,0.13579925894737244,0.2738412916660309,nan,7.8877410888671875,2.443427324295044,world,100574644,1785141354,nan,False,False,False,True,1.7107411444822689,0.7434105300893792,8.0,nan,False,nan,False,0.5718526840209961,True,3,normal,6.862232208251953,0.0,0.0,0.0,0.0,0.0,0.0,2.6293136697425807,12.990863930399708,3.158247826864274,0.33331713572867255,0.12380934475610654,0.4478687395652135,12.0,0.0,0.00019437125592958182,12.014287862926722,-0.37442487478256226,4.0,13.5,5.0,0.1055820882320404,12.0,linear,4
1785141354200611785,2.6497273445129395,12.996588051319122,3.103783369064331,0.3273337483406067,0.1275799572467804,0.2689612805843353,nan,7.987741947174072,2.3816585540771484,world,200574986,1785141354,nan,False,False,False,True,1.7343438000364972,0.8971181343989938,8.0,nan,False,nan,False,0.5718526840209961,True,3,normal,6.862232208251953,0.0,0.0,0.0,0.0,0.0,0.0,2.662645650635791,13.003244964170413,3.2030350600115245,0.33331713572867255,0.12380934475610654,0.4478687395652135,12.0,0.0,0.00019437125592958182,12.014287862926722,-0.37442487478256226,4.0,13.5,5.0,0.10030999779701233,12.0,linear,4
1785141354300637124,2.681713342666626,13.006240725517273,3.142202615737915,0.3273800015449524,0.1265529990196228,0.25002092123031616,nan,8.087742805480957,2.3308987617492676,world,300575467,1785141354,nan,False,False,False,True,1.7297408719151317,0.9139781625142425,8.0,nan,False,nan,False,0.5718526840209961,True,3,normal,6.862232208251953,0.0,0.0,0.0,0.0,0.0,0.0,2.6959775245342,13.015625958198319,3.2478221493929094,0.33331713572867255,0.12380934475610654,0.4478687395652135,12.0,0.0,0.00019437125592958182,12.014287862926722,-0.37442487478256226,4.0,13.5,5.0,0.10699082165956497,12.0,linear,4
1785141354400626945,2.7160329818725586,13.017877578735352,3.1784040927886963,0.3266105353832245,0.13616648316383362,0.24786320328712463,nan,8.18774700164795,2.2801809310913086,world,400580778,1785141354,nan,False,False,False,True,1.7930108460118395,0.909621405209796,8.0,nan,False,nan,False,0.5718526840209961,True,3,normal,6.862232208251953,0.0,0.0,0.0,0.0,0.0,0.0,2.7293108713610326,13.028007499339719,3.2926112179062543,0.33331713572867255,0.12380934475610654,0.4478687395652135,12.0,0.0,0.00019437125592958182,12.014287862926722,-0.37442487478256226,4.0,13.5,5.0,0.11542177200317383,12.0,linear,4
1785141354500628318,2.748521089553833,13.03019630908966,3.2242367267608643,0.32653477787971497,0.15197886526584625,0.25105708837509155,nan,8.287747383117676,2.2226674556732178,world,500580287,1785141354,nan,False,False,False,True,1.7581044409958664,0.8402160812741485,8.0,nan,False,nan,False,0.5718526840209961,True,3,normal,6.862232208251953,0.0,0.0,0.0,0.0,0.0,0.0,2.7626425716012144,13.040388428862956,3.3373980739480267,0.33331713572867255,0.12380934475610654,0.4478687395652135,12.0,0.0,0.00019437125592958182,12.014287862926722,-0.37442487478256226,4.0,13.5,5.0,0.11449360847473145,12.0,linear,4
1785141354600655820,2.7835476398468018,13.045611500740051,3.271350383758545,0.3263193368911743,0.16686275601387024,0.24583564698696136,nan,8.3877592086792,2.162048816680908,world,600596007,1785141354,nan,False,False,False,True,1.7808840823599568,0.7554492206181984,8.0,nan,False,nan,False,0.5718526840209961,True,3,normal,6.862232208251953,0.0,0.0,0.0,0.0,0.0,0.0,2.7959783196446923,13.052770861926875,3.382190368907771,0.33331713572867255,0.12380934475610654,0.4478687395652135,12.0,0.0,0.00019437125592958182,12.014287862926722,-0.37442487478256226,4.0,13.5,5.0,0.11176440119743347,12.0,linear,4
1785141354700641253,2.8155527114868164,13.061115980148315,3.308424949645996,0.3275589048862457,0.17101578414440155,0.23780062794685364,nan,8.487743377685547,2.1111514568328857,world,700575910,1785141354,nan,False,False,False,True,1.780107930194598,0.632873752257955,8.0,nan,False,nan,False,0.5718526840209961,True,3,normal,6.862232208251953,0.0,0.0,0.0,0.0,0.0,0.0,2.8293047601404733,13.065149837738652,3.426970157580833,0.33331713572867255,0.12380934475610654,0.4478687395652135,12.0,0.0,0.00019437125592958182,12.014287862926722,-0.37442487478256226,4.0,13.5,5.0,0.11940836161375046,12.0,linear,4
1785141354800648227,2.8499865531921387,13.07804024219513,3.3434925079345703,0.32680782675743103,0.16357454657554626,0.23312261700630188,nan,8.587745666503906,2.060242176055908,world,800578586,1785141354,nan,False,False,False,True,1.8385455487527604,0.5803549113705969,8.0,nan,False,nan,False,0.5718526840209961,True,3,normal,6.862232208251953,0.0,0.0,0.0,0.0,0.0,0.0,2.8626370650179385,13.07753099185204,3.471757826056498,0.33331713572867255,0.12380934475610654,0.4478687395652135,12.0,0.0,0.00019437125592958182,12.014287862926722,-0.37442487478256226,4.0,13.5,5.0,0.12888866662979126,12.0,linear,4
1785141354900641054,2.8810267448425293,13.090043425559998,3.3894853591918945,0.32610926032066345,0.14613696932792664,0.23703217506408691,nan,8.687753677368164,2.0034778118133545,world,900589887,1785141354,nan,False,False,False,True,1.8567011316260216,0.652211974875182,8.0,nan,False,nan,False,0.5718526840209961,True,3,normal,6.862232208251953,0.0,0.0,0.0,0.0,0.0,0.0,2.895971670783592,13.089913000621335,3.5165485861700727,0.33331713572867255,0.12380934475610654,0.4478687395652135,12.0,0.0,0.00019437125592958182,12.014287862926722,-0.37442487478256226,4.0,13.5,5.0,0.1279391646385193,12.0,linear,4
1785141355000681281,2.9143855571746826,13.10089659690857,3.4369449615478516,0.32546958327293396,0.12345262616872787,0.23376621305942535,nan,8.787768363952637,1.9444750547409058,world,609745,1785141355,nan,False,False,False,True,1.9393641792898808,0.8264075649398324,8.0,nan,False,nan,False,0.5718526840209961,True,3,normal,6.862232208251953,0.0,0.0,0.0,0.0,0.0,0.0,2.9293083001175773,13.102295761037162,3.561342065294765,0.33331713572867255,0.12380934475610654,0.4478687395652135,12.0,0.0,0.00019437125592958182,12.014287862926722,-0.37442487478256226,4.0,13.5,5.0,0.12529678642749786,12.0,linear,4
1785141355100688585,2.9452738761901855,13.109975814819336,3.473808526992798,0.3280143737792969,0.11068420857191086,0.2264031618833542,nan,8.887774467468262,1.8957390785217285,world,100612381,1785141355,nan,False,False,False,True,1.9403730781921364,0.9068144965007321,8.0,nan,False,nan,False,0.5718526840209961,True,3,normal,6.862232208251953,0.0,0.0,0.0,0.0,0.0,0.0,2.9626418172694664,13.114677365445138,3.606131362669037,0.33331713572867255,0.12380934475610654,0.4478687395652135,12.0,0.0,0.00019437125592958182,12.014287862926722,-0.37442487478256226,4.0,13.5,5.0,0.1335405707359314,12.0,linear,4
1785141355200625496,2.979304313659668,13.119868993759155,3.5085558891296387,0.3351663053035736,0.11278343945741653,0.2239324003458023,nan,8.987750053405762,1.846814751625061,world,200582495,1785141355,nan,False,False,False,True,1.9796474854111465,0.9685297050722999,8.0,nan,False,nan,False,0.5718526840209961,True,3,normal,6.862232208251953,0.0,0.0,0.0,0.0,0.0,0.0,2.995965489566434,13.127055313020305,3.6509074317922163,0.33331713572867255,0.12380934475610654,0.4478687395652135,12.0,0.0,0.00019437125592958182,12.014287862926722,-0.37442487478256226,4.0,13.5,5.0,0.1435033082962036,12.0,linear,4
1785141355300654141,3.011573553085327,13.12949538230896,3.555574655532837,0.3419245779514313,0.12839479744434357,0.22908103466033936,nan,9.087763786315918,1.7890291213989258,world,300600139,1785141355,nan,False,False,False,True,1.9300209818662584,0.9761958883333172,8.0,nan,False,nan,False,0.5718526840209961,True,3,normal,6.862232208251953,0.0,0.0,0.0,0.0,0.0,0.0,3.0293016082585673,13.139437883760216,3.6957002247819988,0.33331713572867255,0.12380934475610654,0.4478687395652135,12.0,0.0,0.00019437125592958182,12.014287862926722,-0.37442487478256226,4.0,13.5,5.0,0.14159207046031952,12.0,linear,4
1785141355400640816,3.047287940979004,13.142222166061401,3.60412335395813,0.34874773025512695,0.14978203177452087,0.22452817857265472,nan,9.187753677368164,1.7274653911590576,world,400586404,1785141355,nan,False,False,False,True,1.9327878925067545,0.937454961782825,8.0,nan,False,nan,False,0.5718526840209961,True,3,normal,6.862232208251953,0.0,0.0,0.0,0.0,0.0,0.0,3.0626301693179645,13.151817647247045,3.7404828627959814,0.33331713572867255,0.12380934475610654,0.4478687395652135,12.0,0.0,0.00019437125592958182,12.014287862926722,-0.37442487478256226,4.0,13.5,5.0,0.13755498826503754,12.0,linear,4
1785141355500659071,3.0806503295898438,13.156254053115845,3.6416122913360596,0.35075029730796814,0.16530141234397888,0.21681953966617584,nan,9.287763595581055,1.6758825778961182,world,500599519,1785141355,nan,False,False,False,True,1.8772361002631603,0.8021818065755303,8.0,nan,False,nan,False,0.5718526840209961,True,3,normal,6.862232208251953,0.0,0.0,0.0,0.0,0.0,0.0,3.0959651793973038,13.164199806197075,3.7852741661743368,0.33331713572867255,0.12380934475610654,0.4478687395652135,12.0,0.0,0.00019437125592958182,12.014287862926722,-0.37442487478256226,4.0,13.5,5.0,0.14469420909881592,12.0,linear,4
1785141355600663520,3.116715431213379,13.173105955123901,3.6766552925109863,0.34801968932151794,0.17306742072105408,0.21466660499572754,nan,9.38776969909668,1.6242821216583252,world,600606853,1785141355,nan,False,False,False,True,1.9045707118503283,0.6967115742052575,8.0,nan,False,nan,False,0.5718526840209961,True,3,normal,6.862232208251953,0.0,0.0,0.0,0.0,0.0,0.0,3.1292989402040194,13.17658150110968,3.830063790940658,0.33331713572867255,0.12380934475610654,0.4478687395652135,12.0,0.0,0.00019437125592958182,12.014287862926722,-0.37442487478256226,4.0,13.5,5.0,0.15396295487880707,12.0,linear,4
1785141355700661256,3.1506540775299072,13.184576630592346,3.724259853363037,0.34398987889289856,0.16604748368263245,0.22175368666648865,nan,9.487767219543457,1.5647342205047607,world,700601283,1785141355,nan,False,False,False,True,1.8508672813449507,0.7590935794489431,8.0,nan,False,nan,False,0.5718526840209961,True,3,normal,6.862232208251953,0.0,0.0,0.0,0.0,0.0,0.0,3.1626298724815203,13.188962145376188,3.8748496150928533,0.33331713572867255,0.12380934475610654,0.4478687395652135,12.0,0.0,0.00019437125592958182,12.014287862926722,-0.37442487478256226,4.0,13.5,5.0,0.1511288434267044,12.0,linear,4
1785141355800624708,3.1868748664855957,13.195772051811218,3.773017644882202,0.33746740221977234,0.1492757946252823,0.21949876844882965,nan,9.58775806427002,1.5030678510665894,world,800591676,1785141355,nan,False,False,False,True,1.8723060830997706,0.9334948489530756,8.0,nan,False,nan,False,0.5718526840209961,True,3,normal,6.862232208251953,0.0,0.0,0.0,0.0,0.0,0.0,3.1959585805337745,13.201341963462937,3.919632450616949,0.33331713572867255,0.12380934475610654,0.4478687395652135,12.0,0.0,0.00019437125592958182,12.014287862926722,-0.37442487478256226,4.0,13.5,5.0,0.1470014899969101,12.0,linear,4
1785141355900667579,3.219423294067383,13.20588231086731,3.81062650680542,0.33005383610725403,0.13670477271080017,0.2126569002866745,nan,9.687769889831543,1.4527266025543213,world,900605142,1785141355,nan,False,False,False,True,1.8805455060353093,0.9635497867019837,8.0,nan,False,nan,False,0.5718526840209961,True,3,normal,6.862232208251953,0.0,0.0,0.0,0.0,0.0,0.0,3.2292941212539943,13.213724319517445,3.9644244670023383,0.33331713572867255,0.12380934475610654,0.4478687395652135,12.0,0.0,0.00019437125592958182,12.014287862926722,-0.37442487478256226,4.0,13.5,5.0,0.15431378781795502,12.0,linear,4
1785141356000660897,3.253598928451538,13.217186450958252,3.845649242401123,0.32079240679740906,0.13624177873134613,0.2096969187259674,nan,9.787776947021484,1.403432846069336,world,615542,1785141356,nan,False,False,False,True,1.9701319306393796,0.9937578076741294,8.0,nan,False,nan,False,0.5718526840209961,True,3,normal,6.862232208251953,0.0,0.0,0.0,0.0,0.0,0.0,3.2626281827127657,13.226106126106078,4.009214495746262,0.33331713572867255,0.12380934475610654,0.4478687395652135,12.0,0.0,0.00019437125592958182,12.014287862926722,-0.37442487478256226,4.0,13.5,5.0,0.1640569418668747,12.0,linear,4
1785141356100678060,3.285008430480957,13.228003144264221,3.893531322479248,0.31496620178222656,0.14674155414104462,0.21655172109603882,nan,9.887777328491211,1.3451647758483887,world,100612627,1785141356,nan,False,False,False,True,1.9820326071621182,0.9867376393528001,8.0,nan,False,nan,False,0.5718526840209961,True,3,normal,6.862232208251953,0.0,0.0,0.0,0.0,0.0,0.0,3.2959601036088912,13.238487137591102,4.054001648277139,0.33331713572867255,0.12380934475610654,0.4478687395652135,12.0,0.0,0.00019437125592958182,12.014287862926722,-0.37442487478256226,4.0,13.5,5.0,0.16118492186069489,12.0,linear,4
1785141356200673753,3.318514108657837,13.241702198982239,3.943162441253662,0.31323835253715515,0.1615818291902542,0.21436701714992523,nan,9.987773895263672,1.2837625741958618,world,200607748,1785141356,nan,False,False,False,True,2.0455042102713725,0.948991964828616,8.0,nan,False,nan,False,0.5718526840209961,True,3,normal,6.862232208251953,0.0,0.0,0.0,0.0,0.0,0.0,3.3292904349155967,13.25086755862936,4.098786664921997,0.33331713572867255,0.12380934475610654,0.4478687395652135,12.0,0.0,0.00019437125592958182,12.014287862926722,-0.37442487478256226,4.0,13.5,5.0,0.15626589953899384,12.0,linear,4
1785141356300650960,3.349186897277832,13.256246328353882,3.9814765453338623,0.3158518671989441,0.17214685678482056,0.2074938267469406,nan,10.087762832641602,1.2330302000045776,world,300595125,1785141356,nan,False,False,False,True,2.0621274468910142,0.8233107456966116,8.0,nan,False,nan,False,0.5718526840209961,True,3,normal,6.862232208251953,0.0,0.0,0.0,0.0,0.0,0.0,3.3626185019989987,13.263247138630739,4.143568639194508,0.33331713572867255,0.12380934475610654,0.4478687395652135,12.0,0.0,0.00019437125592958182,12.014287862926722,-0.37442487478256226,4.0,13.5,5.0,0.16279824078083038,12.0,linear,4
1785141356400668714,3.3826510906219482,13.273254990577698,4.0168232917785645,0.32155296206474304,0.17429755628108978,0.20613566040992737,nan,10.187784194946289,1.1828649044036865,world,400621776,1785141356,nan,False,False,False,True,2.117472092628155,0.731206639017201,8.0,nan,False,nan,False,0.5718526840209961,True,3,normal,6.862232208251953,0.0,0.0,0.0,0.0,0.0,0.0,3.3959574355543434,13.275630754940567,4.188365214435797,0.33331713572867255,0.12380934475610654,0.4478687395652135,12.0,0.0,0.00019437125592958182,12.014287862926722,-0.37442487478256226,4.0,13.5,5.0,0.172073632478714,12.0,linear,4
1785141356500639560,3.4144439697265625,13.285059809684753,4.066866397857666,0.3282214403152466,0.1634187251329422,0.21422019600868225,nan,10.287768363952637,1.1224141120910645,world,500601137,1785141356,nan,False,False,False,True,2.07685603052026,0.7919089056907617,8.0,nan,False,nan,False,0.5718526840209961,True,3,normal,6.862232208251953,0.0,0.0,0.0,0.0,0.0,0.0,3.4292838863829544,13.288009734590434,4.233145016992789,0.33331713572867255,0.12380934475610654,0.4478687395652135,12.0,0.0,0.00019437125592958182,12.014287862926722,-0.37442487478256226,4.0,13.5,5.0,0.1669655740261078,12.0,linear,4
1785141356600656663,3.4494690895080566,13.296404242515564,4.11832332611084,0.33558622002601624,0.14495788514614105,0.21172049641609192,nan,10.387777328491211,1.0591927766799927,world,600611738,1785141356,nan,False,False,False,True,2.0847289591299734,0.9610838038521333,8.0,nan,False,nan,False,0.5718526840209961,True,3,normal,6.862232208251953,0.0,0.0,0.0,0.0,0.0,0.0,3.4626186758063504,13.300391811578677,4.277936023882039,0.33331713572867255,0.12380934475610654,0.4478687395652135,12.0,0.0,0.00019437125592958182,12.014287862926722,-0.37442487478256226,4.0,13.5,5.0,0.16020306944847107,12.0,linear,4
1785141356700639210,3.482086658477783,13.306505560874939,4.157556533813477,0.33842289447784424,0.1316821277141571,0.20340485870838165,nan,10.487770080566406,1.0076632499694824,world,700603082,1785141356,nan,False,False,False,True,2.0431168489089067,0.9984276815886061,8.0,nan,False,nan,False,0.5718526840209961,True,3,normal,6.862232208251953,0.0,0.0,0.0,0.0,0.0,0.0,3.495947931498659,13.312771833084179,4.322719595254475,0.33331713572867255,0.12380934475610654,0.4478687395652135,12.0,0.0,0.00019437125592958182,12.014287862926722,-0.37442487478256226,4.0,13.5,5.0,0.1658620983362198,12.0,linear,4
1785141356800662435,3.517392635345459,13.317703485488892,4.193715572357178,0.33785468339920044,0.1316407173871994,0.20037341117858887,nan,10.587782859802246,0.9572024345397949,world,800617690,1785141356,nan,False,False,False,True,2.077811821441462,1.0333706128948164,8.0,nan,False,nan,False,0.5718526840209961,True,3,normal,6.862232208251953,0.0,0.0,0.0,0.0,0.0,0.0,3.5292839465291626,13.325154365319385,4.36751224895708,0.33331713572867255,0.12380934475610654,0.4478687395652135,12.0,0.0,0.00019437125592958182,12.014287862926722,-0.37442487478256226,4.0,13.5,5.0,0.17436227202415466,12.0,linear,4
1785141356900659640,3.550797700881958,13.327589750289917,4.244143486022949,0.33504924178123474,0.14210891723632812,0.20534579455852509,nan,10.687774658203125,0.896006166934967,world,900607050,1785141356,nan,False,False,False,True,2.0248696186131143,1.0574964454026392,8.0,nan,False,nan,False,0.5718526840209961,True,3,normal,6.862232208251953,0.0,0.0,0.0,0.0,0.0,0.0,3.5626128152402767,13.337534243082237,4.41229530035391,0.33331713572867255,0.12380934475610654,0.4478687395652135,12.0,0.0,0.00019437125592958182,12.014287862926722,-0.37442487478256226,4.0,13.5,5.0,0.16885948181152344,12.0,linear,4
1785141357000647337,3.586430549621582,13.340238094329834,4.295774936676025,0.3286556005477905,0.15784551203250885,0.20190609991550446,nan,10.7877779006958,0.8321637511253357,world,610658,1785141357,nan,False,False,False,True,2.0476849724652912,1.052559088155358,8.0,nan,False,nan,False,0.5718526840209961,True,3,normal,6.862232208251953,0.0,0.0,0.0,0.0,0.0,0.0,3.5959454437686813,13.349915517414498,4.457083403710121,0.33331713572867255,0.12380934475610654,0.4478687395652135,12.0,0.0,0.00019437125592958182,12.014287862926722,-0.37442487478256226,4.0,13.5,5.0,0.16187837719917297,12.0,linear,4
1785141357100660052,3.6184096336364746,13.354132294654846,4.3348164558410645,0.32308077812194824,0.17092621326446533,0.19345635175704956,nan,10.887775421142578,0.7806137204170227,world,100608143,1785141357,nan,False,False,False,True,2.067650364520037,0.9247014695124282,8.0,nan,False,nan,False,0.5718526840209961,True,3,normal,6.862232208251953,0.0,0.0,0.0,0.0,0.0,0.0,3.6292764030448708,13.362296171709563,4.501869264139685,0.33331713572867255,0.12380934475610654,0.4478687395652135,12.0,0.0,0.00019437125592958182,12.014287862926722,-0.37442487478256226,4.0,13.5,5.0,0.16760481894016266,12.0,linear,4
1785141357200663498,3.65216326713562,13.370984673500061,4.370737552642822,0.3168759047985077,0.17843249440193176,0.19037368893623352,nan,10.987774848937988,0.7304837703704834,world,200606621,1785141357,nan,False,False,False,True,2.157911927656677,0.8155309213597067,8.0,nan,False,nan,False,0.5718526840209961,True,3,normal,6.862232208251953,0.0,0.0,0.0,0.0,0.0,0.0,3.6626079296268244,13.37467703672813,4.546655886841843,0.33331713572867255,0.12380934475610654,0.4478687395652135,12.0,0.0,0.00019437125592958182,12.014287862926722,-0.37442487478256226,4.0,13.5,5.0,0.17626680433750153,12.0,linear,4
1785141357300666465,3.6834113597869873,13.38092577457428,4.421597480773926,0.31449392437934875,0.17067202925682068,0.19877739250659943,nan,11.087772369384766,0.6700421571731567,world,300605910,1785141357,nan,False,False,False,True,2.163473292028696,0.9291085533396195,8.0,nan,False,nan,False,0.5718526840209961,True,3,normal,6.862232208251953,0.0,0.0,0.0,0.0,0.0,0.0,3.6959390455620675,13.387057749213586,4.591441957769715,0.33331713572867255,0.12380934475610654,0.4478687395652135,12.0,0.0,0.00019437125592958182,12.014287862926722,-0.37442487478256226,4.0,13.5,5.0,0.1704162210226059,12.0,linear,4
1785141357400659542,3.7170190811157227,13.390565395355225,4.473920822143555,0.3156721293926239,0.15577036142349243,0.19917137920856476,nan,11.187777519226074,0.6073001027107239,world,400609447,1785141357,nan,False,False,False,True,2.216971191578657,1.1612382686267577,8.0,nan,False,nan,False,0.5718526840209961,True,3,normal,6.862232208251953,0.0,0.0,0.0,0.0,0.0,0.0,3.729272255395557,13.399439239469345,4.636230842209009,0.33331713572867255,0.12380934475610654,0.4478687395652135,12.0,0.0,0.00019437125592958182,12.014287862926722,-0.37442487478256226,4.0,13.5,5.0,0.16301357746124268,12.0,linear,4
1785141357500664171,3.7480216026306152,13.400079131126404,4.513766288757324,0.319818377494812,0.14736635982990265,0.19248339533805847,nan,11.287788391113281,0.5566871166229248,world,500622362,1785141357,nan,False,False,False,True,2.2196769466375708,1.171287846245397,8.0,nan,False,nan,False,0.5718526840209961,True,3,normal,6.862232208251953,0.0,0.0,0.0,0.0,0.0,0.0,3.7626078227811472,13.4118216054286,4.681022894423896,0.33331713572867255,0.12380934475610654,0.4478687395652135,12.0,0.0,0.00019437125592958182,12.014287862926722,-0.37442487478256226,4.0,13.5,5.0,0.1683015674352646,12.0,linear,4
1785141357600667689,3.7819433212280273,13.41188097000122,4.550169944763184,0.3260377049446106,0.1562422811985016,0.18946979939937592,nan,11.387778282165527,0.5076029300689697,world,600611182,1785141357,nan,False,False,False,True,2.2650555449749303,1.1563683093747372,8.0,nan,False,nan,False,0.5718526840209961,True,3,normal,6.862232208251953,0.0,0.0,0.0,0.0,0.0,0.0,3.7959359468617797,13.424201206601378,4.72580494528196,0.33331713572867255,0.12380934475610654,0.4478687395652135,12.0,0.0,0.00019437125592958182,12.014287862926722,-0.37442487478256226,4.0,13.5,5.0,0.17662173509597778,12.0,linear,4
1785141357700684731,3.8147478103637695,13.421969056129456,4.602388858795166,0.3311316967010498,0.173183411359787,0.19401544332504272,nan,11.487784385681152,0.44553542137145996,world,700617464,1785141357,nan,False,False,False,True,2.196215222858824,1.164612601887457,8.0,nan,False,nan,False,0.5718526840209961,True,3,normal,6.862232208251953,0.0,0.0,0.0,0.0,0.0,0.0,3.829269894659408,13.436582970971026,4.770594821302644,0.33331713572867255,0.12380934475610654,0.4478687395652135,12.0,0.0,0.00019437125592958182,12.014287862926722,-0.37442487478256226,4.0,13.5,5.0,0.16946297883987427,12.0,linear,4
1785141357800698628,3.85064435005188,13.43561851978302,4.655698776245117,0.33507952094078064,0.19166991114616394,0.1902201771736145,nan,11.587796211242676,0.3807826340198517,world,800630590,1785141357,nan,False,False,False,True,2.18490848301977,1.1523158484810265,8.0,nan,False,nan,False,0.5718526840209961,True,3,normal,6.862232208251953,0.0,0.0,0.0,0.0,0.0,0.0,3.8626054820440268,13.448965344358841,4.815386900389656,0.33331713572867255,0.12380934475610654,0.4478687395652135,12.0,0.0,0.00019437125592958182,12.014287862926722,-0.37442487478256226,4.0,13.5,5.0,0.16069070994853973,12.0,linear,4
1785141357900652992,3.8835339546203613,13.451062321662903,4.695312023162842,0.33376890420913696,0.2028392255306244,0.17924635112285614,nan,11.687783241271973,0.3298393487930298,world,900616433,1785141357,nan,False,False,False,True,2.1593942268354662,0.9726574227570655,8.0,nan,False,nan,False,0.5718526840209961,True,3,normal,6.862232208251953,0.0,0.0,0.0,0.0,0.0,0.0,3.895932944823462,13.461344699893878,4.860168062676142,0.33331713572867255,0.12380934475610654,0.4478687395652135,12.0,0.0,0.00019437125592958182,12.014287862926722,-0.37442487478256226,4.0,13.5,5.0,0.16564109921455383,12.0,linear,4
1785141358000650789,3.918529748916626,13.469697952270508,4.731078147888184,0.32823124527931213,0.2049558460712433,0.17687389254570007,nan,11.787785530090332,0.282620906829834,world,618177,1785141358,nan,False,False,False,True,2.2214861780637936,0.8328134299319607,8.0,nan,False,nan,False,0.5718526840209961,True,3,normal,6.862232208251953,0.0,0.0,0.0,0.0,0.0,0.0,3.9292653163643556,13.473725878769136,4.904955820725555,0.33331713572867255,0.12380934475610654,0.4478687395652135,12.0,0.0,0.00019437125592958182,12.014287862926722,-0.37442487478256226,4.0,13.5,5.0,0.1742553412914276,12.0,linear,4
1785141358100694061,3.951486825942993,13.483434200286865,4.782465934753418,0.3228367567062378,0.19390259683132172,0.18414655327796936,nan,11.887810707092285,0.2234927862882614,world,100644968,1785141358,nan,False,False,False,True,2.18896058724225,0.8489132195847032,8.0,nan,False,nan,False,0.5718526840209961,True,3,normal,6.862232208251953,0.0,0.0,0.0,0.0,0.0,0.0,3.9626052952022373,13.486109883345069,4.949753800483212,0.33331713572867255,0.12380934475610654,0.4478687395652135,12.0,0.0,0.00019437125592958182,12.014287862926722,-0.37442487478256226,4.0,13.5,5.0,0.16767829656600952,12.0,linear,4
1785141358200687960,3.9864330291748047,13.497030019760132,4.835111618041992,0.31707340478897095,0.17146362364292145,0.1825525164604187,nan,11.987793922424316,0.16547223925590515,world,200627325,1785141358,nan,False,False,False,True,2.2245530004185996,0.9825227819919202,8.0,nan,False,nan,False,0.5718526840209961,True,3,normal,6.862232208251953,0.0,0.0,0.0,0.0,0.0,0.0,3.9959315020427053,13.498488772366494,4.994533275200287,0.33331713572867255,0.12380934475610654,0.4478687395652135,12.0,0.0,0.00019437125592958182,12.014287862926722,-0.37442487478256226,4.0,13.5,5.0,0.15971103310585022,12.0,linear,4
1785141358300686197,4.017682075500488,13.508873224258423,4.873468399047852,0.30591514706611633,0.14912176132202148,0.11026286333799362,nan,12.087793350219727,0.12806887924671173,world,300626574,1785141358,nan,False,True,False,True,0.9557347068230881,0.5166808256724474,7.052723993407561,nan,False,nan,False,0.5718526840209961,True,3,normal,6.862232208251953,0.0,0.0,0.0,0.0,0.0,0.0,4.0,13.5,5.0,0.0,0.0,0.0,12.0,0.0,0.00019437125592958182,12.014287862926722,-0.37442487478256226,4.0,13.5,5.0,0.12806887924671173,12.0,linear,4
1785141358400813368,4.048276424407959,13.52042305469513,4.893272876739502,0.2601637542247772,0.12303030490875244,-0.01857936568558216,0.18779392540454865,12.187793731689453,0.1189049780368805,world,400766369,1785141358,nan,False,True,True,True,0.8994762245650165,0.4982668142933275,8.0,nan,False,nan,False,0.5718526840209961,True,3,normal,6.862232208251953,0.0,0.0,0.0,0.0,0.0,0.0,4.0,13.5,5.0,0.0,0.0,0.0,12.0,0.0,0.00019437125592958182,12.014287862926722,-0.37442487478256226,4.0,13.5,5.0,0.1189049780368805,12.0,linear,4
1785141358500705685,4.072398662567139,13.526323676109314,4.93122673034668,0.16359783709049225,0.08551818132400513,0.06631074100732803,0.18779392540454865,12.287796020507812,0.10326793044805527,world,500628289,1785141358,nan,False,True,True,True,0.6567358430654711,0.5184699969062445,6.616906776844528,nan,False,nan,False,0.5718526840209961,True,3,normal,6.862232208251953,0.0,0.0,0.0,0.0,0.0,0.0,4.0,13.5,5.0,0.0,0.0,0.0,12.0,0.0,0.00019437125592958182,12.014287862926722,-0.37442487478256226,4.0,13.5,5.0,0.10326793044805527,12.0,linear,4
1785141358600672463,4.086875915527344,13.529052376747131,4.973169803619385,0.053754836320877075,0.04786117747426033,-0.020546790212392807,0.18779392540454865,12.387795448303223,0.09545326232910156,world,600629702,1785141358,nan,False,True,True,True,0.7796639203532333,0.6615192902517519,5.444946296345535,nan,False,nan,False,0.5718526840209961,True,3,normal,6.862232208251953,0.0,0.0,0.0,0.0,0.0,0.0,4.0,13.5,5.0,0.0,0.0,0.0,12.0,0.0,0.00019437125592958182,12.014287862926722,-0.37442487478256226,4.0,13.5,5.0,0.09545326232910156,12.0,linear,4
1785141358700680859,4.090950012207031,13.530017137527466,4.979771137237549,-0.02083297073841095,0.025471460074186325,-0.31003624200820923,0.18779392540454865,12.48779582977295,0.09788841009140015,world,700630504,1785141358,nan,False,True,True,True,1.0964262275433545,0.7111408985769474,7.346871331394674,nan,False,nan,False,0.5718526840209961,True,3,normal,6.862232208251953,0.0,0.0,0.0,0.0,0.0,0.0,4.0,13.5,5.0,0.0,0.0,0.0,12.0,0.0,0.00019437125592958182,12.014287862926722,-0.37442487478256226,4.0,13.5,5.0,0.09788841009140015,12.0,linear,4
1785141358800685017,4.0857086181640625,13.529383778572083,4.967004299163818,-0.12029961496591568,4.843433998757973e-05,-0.20544655621051788,0.18779392540454865,12.587799072265625,0.09642660617828369,world,800632107,1785141358,nan,False,True,True,True,1.435337588051746,0.7437428708534982,8.0,nan,False,nan,False,0.5718526840209961,True,3,normal,6.862232208251953,0.0,0.0,0.0,0.0,0.0,0.0,4.0,13.5,5.0,0.0,0.0,0.0,12.0,0.0,0.00019437125592958182,12.014287862926722,-0.37442487478256226,4.0,13.5,5.0,0.09642660617828369,12.0,linear,4
1785141358900698804,4.084257125854492,13.519943594932556,5.000691890716553,-0.16754047572612762,-0.015331454575061798,0.011705869808793068,0.18779392540454865,12.687796592712402,0.08658803999423981,world,900628872,1785141358,nan,False,True,True,True,1.491631776054665,1.0739439823885975,5.536941722650357,nan,False,nan,False,0.5718526840209961,True,3,normal,6.862232208251953,0.0,0.0,0.0,0.0,0.0,0.0,4.0,13.5,5.0,0.0,0.0,0.0,12.0,0.0,0.00019437125592958182,12.014287862926722,-0.37442487478256226,4.0,13.5,5.0,0.08658803999423981,12.0,linear,4
1785141359000685239,4.08072566986084,13.508701801300049,5.040938377380371,-0.16518081724643707,-0.01889125071465969,-0.1530396044254303,0.18779392540454865,12.787799835205078,0.09093022346496582,world,633932,1785141359,nan,False,True,True,True,1.3354392062531,1.4128658347775709,3.7046464981952703,nan,False,nan,False,0.5718526840209961,True,3,normal,6.862232208251953,0.0,0.0,0.0,0.0,0.0,0.0,4.0,13.5,5.0,0.0,0.0,0.0,12.0,0.0,0.00019437125592958182,12.014287862926722,-0.37442487478256226,4.0,13.5,5.0,0.09093022346496582,12.0,linear,4
1785141359100689898,4.074952125549316,13.50070071220398,5.030561923980713,-0.1542322337627411,-0.00796742457896471,-0.5974840521812439,0.18779392540454865,12.887802124023438,0.08094654977321625,world,100634584,1785141359,nan,False,True,True,True,1.4538493220370592,1.4295869712133924,6.896708043859717,nan,False,nan,False,0.5718526840209961,True,3,normal,6.862232208251953,0.0,0.0,0.0,0.0,0.0,0.0,4.0,13.5,5.0,0.0,0.0,0.0,12.0,0.0,0.00019437125592958182,12.014287862926722,-0.37442487478256226,4.0,13.5,5.0,0.08094654977321625,12.0,linear,4
1785141359200687694,4.067718982696533,13.497048139572144,4.991758823394775,-0.13267308473587036,0.053198106586933136,-0.4071808159351349,0.18779392540454865,12.987813949584961,0.06828243285417557,world,200648280,1785141359,nan,False,True,True,True,1.5287899208341056,1.3091788030524878,8.0,nan,False,nan,False,0.5718526840209961,True,3,normal,6.862232208251953,0.0,0.0,0.0,0.0,0.0,0.0,4.0,13.5,5.0,0.0,0.0,0.0,12.0,0.0,0.00019437125592958182,12.014287862926722,-0.37442487478256226,4.0,13.5,5.0,0.06828243285417557,12.0,linear,4
1785141359300690240,4.065907955169678,13.489372730255127,5.022308349609375,-0.12121479213237762,0.12090695649385452,-0.009211321361362934,0.18779392540454865,13.087804794311523,0.07038792222738266,world,300638312,1785141359,nan,False,True,True,True,1.3767199155425796,1.384500318266522,4.801755047047376,nan,False,nan,False,0.5718526840209961,True,3,normal,6.862232208251953,0.0,0.0,0.0,0.0,0.0,0.0,4.0,13.5,5.0,0.0,0.0,0.0,12.0,0.0,0.00019437125592958182,12.014287862926722,-0.37442487478256226,4.0,13.5,5.0,0.07038792222738266,12.0,linear,4
1785141359400685722,4.063342571258545,13.486570715904236,5.069281578063965,-0.11671994626522064,0.14647144079208374,-0.17163459956645966,0.18779392540454865,13.187810897827148,0.09482912719249725,world,400644263,1785141359,nan,False,True,True,True,1.2180354387879364,1.4413108276189828,1.8359388824749878,nan,False,nan,False,0.5718526840209961,True,3,normal,6.862232208251953,0.0,0.0,0.0,0.0,0.0,0.0,4.0,13.5,5.0,0.0,0.0,0.0,12.0,0.0,0.00019437125592958182,12.014287862926722,-0.37442487478256226,4.0,13.5,5.0,0.09482912719249725,12.0,linear,4
1785141359500696943,4.058551788330078,13.488789677619934,5.053759574890137,-0.1182699203491211,0.14814776182174683,-0.7723309993743896,0.18779392540454865,13.287814140319824,0.08027499914169312,world,500649694,1785141359,nan,False,True,True,True,1.3123740167355267,1.1637671524733104,5.78120276411061,nan,False,nan,False,0.5718526840209961,True,3,normal,6.862232208251953,0.0,0.0,0.0,0.0,0.0,0.0,4.0,13.5,5.0,0.0,0.0,0.0,12.0,0.0,0.00019437125592958182,12.014287862926722,-0.37442487478256226,4.0,13.5,5.0,0.08027499914169312,12.0,linear,4
1785141359600687666,4.050587177276611,13.495182991027832,4.993529796600342,-0.13156883418560028,0.16066889464855194,-0.6356494426727295,0.18779392540454865,13.387805938720703,0.051226258277893066,world,600638554,1785141359,nan,False,True,True,True,1.4486442868185572,0.9306716501609682,8.0,nan,False,nan,False,0.5718526840209961,True,3,normal,6.862232208251953,0.0,0.0,0.0,0.0,0.0,0.0,4.0,13.5,5.0,0.0,0.0,0.0,12.0,0.0,0.00019437125592958182,12.014287862926722,-0.37442487478256226,4.0,13.5,5.0,0.051226258277893066,12.0,linear,4
1785141359700706412,4.042409420013428,13.495253801345825,5.016229152679443,-0.14675672352313995,0.16648338735103607,-0.023605098947882652,0.18779392540454865,13.487805366516113,0.045656003057956696,world,700638003,1785141359,nan,False,True,True,True,1.581025460500502,0.988463188901213,4.831367174139455,nan,False,nan,False,0.5718526840209961,True,3,normal,6.862232208251953,0.0,0.0,0.0,0.0,0.0,0.0,4.0,13.5,5.0,0.0,0.0,0.0,12.0,0.0,0.00019437125592958182,12.014287862926722,-0.37442487478256226,4.0,13.5,5.0,0.045656003057956696,12.0,linear,4
1785141359800707705,4.031968593597412,13.496304750442505,5.070668697357178,-0.1420130431652069,0.15080833435058594,-0.11311835795640945,0.18779392540454865,13.587820053100586,0.07765121012926102,world,800654324,1785141359,nan,False,True,True,True,1.6876022213392927,1.1352117539048086,0.4086887365869569,nan,False,nan,False,0.5718526840209961,True,3,normal,6.862232208251953,0.0,0.0,0.0,0.0,0.0,0.0,4.0,13.5,5.0,0.0,0.0,0.0,12.0,0.0,0.00019437125592958182,12.014287862926722,-0.37442487478256226,4.0,13.5,5.0,0.07765121012926102,12.0,linear,4
1785141359900692487,4.021430492401123,13.499898672103882,5.058624744415283,-0.1370384395122528,0.14053943753242493,-0.8157919049263,0.18779392540454865,13.687807083129883,0.062419041991233826,world,900638565,1785141359,nan,False,True,True,True,1.8441465289125583,0.975359667372574,4.420331715703302,nan,False,nan,False,0.5718526840209961,True,3,normal,6.862232208251953,0.0,0.0,0.0,0.0,0.0,0.0,4.0,13.5,5.0,0.0,0.0,0.0,12.0,0.0,0.00019437125592958182,12.014287862926722,-0.37442487478256226,4.0,13.5,5.0,0.062419041991233826,12.0,linear,4
1785141360000700042,4.010590553283691,13.505685806274414,4.985374450683594,-0.09988702833652496,0.12322913855314255,-0.8326507806777954,0.18779392540454865,13.787817001342773,0.018931319937109947,world,651079,1785141360,nan,False,True,True,True,1.9521918778861407,0.8076044332430437,8.0,nan,False,nan,False,0.5718526840209961,True,3,normal,6.862232208251953,0.0,0.0,0.0,0.0,0.0,0.0,4.0,13.5,5.0,0.0,0.0,0.0,12.0,0.0,0.00019437125592958182,12.014287862926722,-0.37442487478256226,4.0,13.5,5.0,0.018931319937109947,12.0,linear,4
1785141360100711304,4.005735874176025,13.501052618026733,4.993664264678955,-0.02714589796960354,0.10128737986087799,-0.11406119912862778,0.18779392540454865,13.88783073425293,0.008611028082668781,world,100667000,1785141360,nan,False,True,True,True,1.8635410618400228,1.060766722873817,5.586800464089455,nan,False,nan,False,0.5718526840209961,True,3,normal,6.862232208251953,0.0,0.0,0.0,0.0,0.0,0.0,4.0,13.5,5.0,0.0,0.0,0.0,12.0,0.0,0.00019437125592958182,12.014287862926722,-0.37442487478256226,4.0,13.5,5.0,0.008611028082668781,12.0,linear,4
1785141360200710903,4.006496429443359,13.495366215705872,5.050999641418457,0.016489122062921524,0.08459321409463882,-0.005908280611038208,0.18779392540454865,13.98781967163086,0.05162014067173004,world,200655218,1785141360,nan,False,True,True,True,1.5751083452502976,1.402936004703117,-0.06488815907158108,nan,False,nan,False,0.5718526840209961,True,3,normal,6.862232208251953,0.0,0.0,0.0,0.0,0.0,0.0,4.0,13.5,5.0,0.0,0.0,0.0,12.0,0.0,0.00019437125592958182,12.014287862926722,-0.37442487478256226,4.0,13.5,5.0,0.05162014067173004,12.0,linear,4
1785141360300734609,4.008490085601807,13.49322247505188,5.051482677459717,0.018844136968255043,0.07935447245836258,-0.715596616268158,0.18779392540454865,14.087821006774902,0.05261636897921562,world,300654878,1785141360,nan,False,True,True,True,1.40539979133623,1.3208487668929294,2.9060613533889184,nan,False,nan,False,0.5718526840209961,True,3,normal,6.862232208251953,0.0,0.0,0.0,0.0,0.0,0.0,4.0,13.5,5.0,0.0,0.0,0.0,12.0,0.0,0.00019437125592958182,12.014287862926722,-0.37442487478256226,4.0,13.5,5.0,0.05261636897921562,12.0,linear,4
1785141360400704302,4.010304927825928,13.494222283363342,4.979609489440918,0.015269489027559757,0.09181999415159225,-0.9447505474090576,0.18779392540454865,14.18781852722168,0.023565789684653282,world,400652083,1785141360,nan,False,True,True,True,1.3812752514219386,1.1714440000328386,8.0,nan,False,nan,False,0.5718526840209961,True,3,normal,6.862232208251953,0.0,0.0,0.0,0.0,0.0,0.0,4.0,13.5,5.0,0.0,0.0,0.0,12.0,0.0,0.00019437125592958182,12.014287862926722,-0.37442487478256226,4.0,13.5,5.0,0.023565789684653282,12.0,linear,4
1785141360500738297,4.010987758636475,13.495296120643616,4.972198009490967,-0.014236768707633018,0.1395888328552246,-0.2533557713031769,0.18779392540454865,14.287825584411621,0.03026231937110424,world,500659187,1785141360,nan,False,True,True,True,1.3908359659992224,1.097600862702991,6.399294594370753,nan,False,nan,False,0.5718526840209961,True,3,normal,6.862232208251953,0.0,0.0,0.0,0.0,0.0,0.0,4.0,13.5,5.0,0.0,0.0,0.0,12.0,0.0,0.00019437125592958182,12.014287862926722,-0.37442487478256226,4.0,13.5,5.0,0.03026231937110424,12.0,linear,4
1785141360600716256,4.008153915405273,13.50221037864685,5.022649765014648,-0.04209489747881889,0.15955160558223724,0.039524272084236145,0.18779392540454865,14.387819290161133,0.024174034595489502,world,600651904,1785141360,nan,False,True,True,True,1.5228077566080591,0.9018360624496473,0.5509266731081754,nan,False,nan,False,0.5718526840209961,True,3,normal,6.862232208251953,0.0,0.0,0.0,0.0,0.0,0.0,4.0,13.5,5.0,0.0,0.0,0.0,12.0,0.0,0.00019437125592958182,12.014287862926722,-0.37442487478256226,4.0,13.5,5.0,0.024174034595489502,12.0,linear,4
1785141360700712158,4.003979682922363,13.51150381565094,5.030777454376221,-0.04619944095611572,0.15255530178546906,-0.592809796333313,0.18779392540454865,14.487820625305176,0.03309724107384682,world,700653057,1785141360,nan,False,True,True,True,1.6801751596607504,0.5840828769837065,2.398319954143877,nan,False,nan,False,0.5718526840209961,True,3,normal,6.862232208251953,0.0,0.0,0.0,0.0,0.0,0.0,4.0,13.5,5.0,0.0,0.0,0.0,12.0,0.0,0.00019437125592958182,12.014287862926722,-0.37442487478256226,4.0,13.5,5.0,0.03309724107384682,12.0,linear,4
1785141360800694726,3.999142646789551,13.522339820861816,4.968308448791504,-0.042643871158361435,0.12728138267993927,-0.9109759330749512,0.18779392540454865,14.587822914123535,0.03878346458077431,world,800656213,1785141360,nan,False,True,True,True,1.756222434661027,0.38845008607665055,8.0,nan,False,nan,False,0.5718526840209961,True,3,normal,6.862232208251953,0.0,0.0,0.0,0.0,0.0,0.0,4.0,13.5,5.0,0.0,0.0,0.0,12.0,0.0,0.00019437125592958182,12.014287862926722,-0.37442487478256226,4.0,13.5,5.0,0.03878346458077431,12.0,linear,4
1785141360900709805,3.9953396320343018,13.525184631347656,4.959249973297119,-0.015842217952013016,0.04818327724933624,-0.2277355045080185,0.18779392540454865,14.687824249267578,0.048130545765161514,world,900656144,1785141360,nan,False,True,True,True,1.7975159183427367,0.4767046583197509,6.295498777563157,nan,False,nan,False,0.5718526840209961,True,3,normal,6.862232208251953,0.0,0.0,0.0,0.0,0.0,0.0,4.0,13.5,5.0,0.0,0.0,0.0,12.0,0.0,0.00019437125592958182,12.014287862926722,-0.37442487478256226,4.0,13.5,5.0,0.048130545765161514,12.0,linear,4
1785141361000703584,3.9945738315582275,13.520430445671082,5.010641098022461,0.0153142549097538,-0.024819867685437202,0.09806875139474869,0.18779392540454865,14.78782844543457,0.02366599626839161,world,662716,1785141361,nan,False,True,True,True,1.7098151903586691,0.8825029443946772,0.643857030474559,nan,False,nan,False,0.5718526840209961,True,3,normal,6.862232208251953,0.0,0.0,0.0,0.0,0.0,0.0,4.0,13.5,5.0,0.0,0.0,0.0,12.0,0.0,0.00019437125592958182,12.014287862926722,-0.37442487478256226,4.0,13.5,5.0,0.02366599626839161,12.0,linear,4
1785141361100706580,3.995410203933716,13.51421320438385,5.022655010223389,0.018740592524409294,-0.037291448563337326,-0.5169332027435303,0.18779392540454865,14.887823104858398,0.027135416865348816,world,100654582,1785141361,nan,False,True,True,True,1.5933877844735118,1.123981384309594,2.1778555264264474,nan,False,nan,False,0.5718526840209961,True,3,normal,6.862232208251953,0.0,0.0,0.0,0.0,0.0,0.0,4.0,13.5,5.0,0.0,0.0,0.0,12.0,0.0,0.00019437125592958182,12.014287862926722,-0.37442487478256226,4.0,13.5,5.0,0.027135416865348816,12.0,linear,4
1785141361200736326,3.9966392517089844,13.508195281028748,4.964150428771973,0.023546062409877777,-0.03928983211517334,-0.8623666763305664,0.18779392540454865,14.987833023071289,0.03692761808633804,world,200668188,1785141361,nan,False,True,True,True,1.5609540185651714,1.1607779566493739,7.787591431806321,nan,False,nan,False,0.5718526840209961,True,3,normal,6.862232208251953,0.0,0.0,0.0,0.0,0.0,0.0,4.0,13.5,5.0,0.0,0.0,0.0,12.0,0.0,0.00019437125592958182,12.014287862926722,-0.37442487478256226,4.0,13.5,5.0,0.03692761808633804,12.0,linear,4
1785141361300726929,3.9981024265289307,13.502565622329712,4.955358028411865,0.02635430172085762,-0.00031489759567193687,-0.2023465931415558,0.18779392540454865,15.087827682495117,0.044755879789590836,world,300660434,1785141361,nan,False,True,True,True,1.5329167567623658,1.215911580604893,6.195337523070295,nan,False,nan,False,0.5718526840209961,True,3,normal,6.862232208251953,0.0,0.0,0.0,0.0,0.0,0.0,4.0,13.5,5.0,0.0,0.0,0.0,12.0,0.0,0.00019437125592958182,12.014287862926722,-0.37442487478256226,4.0,13.5,5.0,0.044755879789590836,12.0,linear,4
1785141361400703556,3.9993622303009033,13.502380013465881,5.006753921508789,0.018156174570322037,0.04564052075147629,0.14128056168556213,0.18779392540454865,15.18783187866211,0.007189344149082899,world,400664382,1785141361,nan,False,True,True,True,1.522864167384408,1.0739366769632746,0.7098582530920416,nan,False,nan,False,0.5718526840209961,True,3,normal,6.862232208251953,0.0,0.0,0.0,0.0,0.0,0.0,4.0,13.5,5.0,0.0,0.0,0.0,12.0,0.0,0.00019437125592958182,12.014287862926722,-0.37442487478256226,4.0,13.5,5.0,0.007189344149082899,12.0,linear,4
1785141361500725948,4.000129222869873,13.505562424659729,5.022246360778809,0.015379508025944233,0.050807539373636246,-0.45883023738861084,0.18779392540454865,15.287829399108887,0.022931590676307678,world,500662188,1785141361,nan,False,True,True,True,1.5346574170258471,0.8141541734379308,1.9157004927578136,nan,False,nan,False,0.5718526840209961,True,3,normal,6.862232208251953,0.0,0.0,0.0,0.0,0.0,0.0,4.0,13.5,5.0,0.0,0.0,0.0,12.0,0.0,0.00019437125592958182,12.014287862926722,-0.37442487478256226,4.0,13.5,5.0,0.022931590676307678,12.0,linear,4
1785141361600719356,4.000676155090332,13.510133028030396,4.966913223266602,0.009517630562186241,0.05299724265933037,-0.8453592658042908,0.18779392540454865,15.387831687927246,0.034610260277986526,world,600664072,1785141361,nan,False,True,True,True,1.5401955907824985,0.6869612920760586,7.469521667926058,nan,False,nan,False,0.5718526840209961,True,3,normal,6.862232208251953,0.0,0.0,0.0,0.0,0.0,0.0,4.0,13.5,5.0,0.0,0.0,0.0,12.0,0.0,0.00019437125592958182,12.014287862926722,-0.37442487478256226,4.0,13.5,5.0,0.034610260277986526,12.0,linear,4
1785141361700771596,4.001272201538086,13.51067340373993,4.956452369689941,0.0027353845071047544,0.03807765990495682,-0.18780086934566498,0.18779392540454865,15.487848281860352,0.04485461115837097,world,700684321,1785141361,nan,False,True,True,True,1.5353306234119337,0.7325309084939116,6.207779911229679,nan,False,nan,False,0.5718526840209961,True,3,normal,6.862232208251953,0.0,0.0,0.0,0.0,0.0,0.0,4.0,13.5,5.0,0.0,0.0,0.0,12.0,0.0,0.00019437125592958182,12.014287862926722,-0.37442487478256226,4.0,13.5,5.0,0.04485461115837097,12.0,linear,4
1785141361800731420,4.001460075378418,13.508828520774841,5.009396076202393,-1.1341368008288555e-05,0.006846227683126926,0.18402200937271118,0.18779392540454865,15.587835311889648,0.012975393794476986,world,800669994,1785141361,nan,False,True,True,True,1.5397590300449677,0.9012010523519671,0.573590259649194,nan,False,nan,False,0.5718526840209961,True,3,normal,6.862232208251953,0.0,0.0,0.0,0.0,0.0,0.0,4.0,13.5,5.0,0.0,0.0,0.0,12.0,0.0,0.00019437125592958182,12.014287862926722,-0.37442487478256226,4.0,13.5,5.0,0.012975393794476986,12.0,linear,4
1785141361900705402,4.001379489898682,13.506721496582031,5.02694845199585,-0.0009313946939073503,-0.00034462756593711674,-0.42687511444091797,0.18779392540454865,15.687835693359375,0.027808282524347305,world,900668261,1785141361,nan,False,True,True,True,1.5545745022626158,0.9674989743531264,1.6496209881104198,nan,False,nan,False,0.5718526840209961,True,3,normal,6.862232208251953,0.0,0.0,0.0,0.0,0.0,0.0,4.0,13.5,5.0,0.0,0.0,0.0,12.0,0.0,0.00019437125592958182,12.014287862926722,-0.37442487478256226,4.0,13.5,5.0,0.027808282524347305,12.0,linear,4
1785141362000743594,4.001028060913086,13.504945158958435,4.972735404968262,-0.002171263564378023,-0.0064382124692201614,-0.839259922504425,0.18779392540454865,15.787851333618164,0.027728497982025146,world,686056,1785141362,nan,False,True,True,True,1.5681431860208301,0.9606828962847397,7.228674358009602,nan,False,nan,False,0.5718526840209961,True,3,normal,6.862232208251953,0.0,0.0,0.0,0.0,0.0,0.0,4.0,13.5,5.0,0.0,0.0,0.0,12.0,0.0,0.00019437125592958182,12.014287862926722,-0.37442487478256226,4.0,13.5,5.0,0.027728497982025146,12.0,linear,4
1785141362100709120,4.001840114593506,13.503432750701904,4.960809707641602,-0.001271445071324706,0.0011089639738202095,-0.2054295390844345,0.18779392540454865,15.887836456298828,0.039383355528116226,world,100669094,1785141362,nan,False,True,True,True,1.5346649737958316,0.9657943170514229,6.111554781365507,nan,False,nan,False,0.5718526840209961,True,3,normal,6.862232208251953,0.0,0.0,0.0,0.0,0.0,0.0,4.0,13.5,5.0,0.0,0.0,0.0,12.0,0.0,0.00019437125592958182,12.014287862926722,-0.37442487478256226,4.0,13.5,5.0,0.039383355528116226,12.0,linear,4
1785141362200709862,4.002744197845459,13.50380253791809,5.011528015136719,-0.0006373947253450751,0.014675522223114967,0.16936762630939484,0.18779392540454865,15.987836837768555,0.012445282191038132,world,200668994,1785141362,nan,False,True,True,True,1.4919934842599225,0.9075893872210925,0.6262034570391464,nan,False,nan,False,0.5718526840209961,True,3,normal,6.862232208251953,0.0,0.0,0.0,0.0,0.0,0.0,4.0,13.5,5.0,0.0,0.0,0.0,12.0,0.0,0.00019437125592958182,12.014287862926722,-0.37442487478256226,4.0,13.5,5.0,0.012445282191038132,12.0,linear,4
1785141362300752963,4.003239154815674,13.50530230998993,5.02898645401001,-0.0008037036168389022,0.015351795591413975,-0.411527156829834,0.18779392540454865,16.08785629272461,0.0296449176967144,world,300691287,1785141362,nan,False,True,True,True,1.4970082779929528,0.8106180127587493,1.5964544026691323,nan,False,nan,False,0.5718526840209961,True,3,normal,6.862232208251953,0.0,0.0,0.0,0.0,0.0,0.0,4.0,13.5,5.0,0.0,0.0,0.0,12.0,0.0,0.00019437125592958182,12.014287862926722,-0.37442487478256226,4.0,13.5,5.0,0.0296449176967144,12.0,linear,4
1785141362400732796,4.003359794616699,13.507221817970276,4.976855278015137,-0.00417494960129261,0.013623641803860664,-0.808247447013855,0.18779392540454865,16.187850952148438,0.024476949125528336,world,400686258,1785141362,nan,False,True,True,True,1.508617085018327,0.7612919498969157,6.998816436666237,nan,False,nan,False,0.5718526840209961,True,3,normal,6.862232208251953,0.0,0.0,0.0,0.0,0.0,0.0,4.0,13.5,5.0,0.0,0.0,0.0,12.0,0.0,0.00019437125592958182,12.014287862926722,-0.37442487478256226,4.0,13.5,5.0,0.024476949125528336,12.0,linear,4
1785141362500745350,4.001347064971924,13.506937623023987,4.965649604797363,-0.011986082419753075,0.0022644519340246916,-0.19163411855697632,0.18779392540454865,16.287841796875,0.03506985679268837,world,500674426,1785141362,nan,False,True,True,True,1.588275763142753,0.7986885901124814,5.857438240746807,nan,False,nan,False,0.5718526840209961,True,3,normal,6.862232208251953,0.0,0.0,0.0,0.0,0.0,0.0,4.0,13.5,5.0,0.0,0.0,0.0,12.0,0.0,0.00019437125592958182,12.014287862926722,-0.37442487478256226,4.0,13.5,5.0,0.03506985679268837,12.0,linear,4
1785141362600757253,3.9981353282928467,13.505043745040894,5.017183780670166,-0.01753421314060688,-0.01490797195583582,0.1710650622844696,0.18779392540454865,16.38784408569336,0.01800551824271679,world,600676561,1785141362,nan,False,True,True,True,1.6979792965383391,0.9047903897737684,0.454079258835971,nan,False,nan,False,0.5718526840209961,True,3,normal,6.862232208251953,0.0,0.0,0.0,0.0,0.0,0.0,4.0,13.5,5.0,0.0,0.0,0.0,12.0,0.0,0.00019437125592958182,12.014287862926722,-0.37442487478256226,4.0,13.5,5.0,0.01800551824271679,12.0,linear,4
1785141362700740322,3.9952759742736816,13.502996683120728,5.033402919769287,-0.017016824334859848,-0.019459610804915428,-0.42271754145622253,0.18779392540454865,16.48784828186035,0.03386814892292023,world,700681320,1785141362,nan,False,True,True,True,1.7459656905797096,0.9586725777081108,1.5521869501726744,nan,False,nan,False,0.5718526840209961,True,3,normal,6.862232208251953,0.0,0.0,0.0,0.0,0.0,0.0,4.0,13.5,5.0,0.0,0.0,0.0,12.0,0.0,0.00019437125592958182,12.014287862926722,-0.37442487478256226,4.0,13.5,5.0,0.03386814892292023,12.0,linear,4
1785141362800742446,3.992680549621582,13.501010060310364,4.979776859283447,-0.009182094596326351,-0.01927836611866951,-0.8060475587844849,0.18779392540454865,16.587852478027344,0.021530674770474434,world,800686741,1785141362,nan,False,True,True,True,1.7628560354710996,0.970360875246702,7.013622486753705,nan,False,nan,False,0.5718526840209961,True,3,normal,6.862232208251953,0.0,0.0,0.0,0.0,0.0,0.0,4.0,13.5,5.0,0.0,0.0,0.0,12.0,0.0,0.00019437125592958182,12.014287862926722,-0.37442487478256226,4.0,13.5,5.0,0.021530674770474434,12.0,linear,4
1785141362900722469,3.9917430877685547,13.497685432434082,4.970793724060059,0.023752976208925247,-0.006906631402671337,-0.16626334190368652,0.18779392540454865,16.687850952148438,0.03043912537395954,world,900684537,1785141362,nan,False,True,True,True,1.7424162554175955,1.044138904342992,5.550778080354277,nan,False,nan,False,0.5718526840209961,True,3,normal,6.862232208251953,0.0,0.0,0.0,0.0,0.0,0.0,4.0,13.5,5.0,0.0,0.0,0.0,12.0,0.0,0.00019437125592958182,12.014287862926722,-0.37442487478256226,4.0,13.5,5.0,0.03043912537395954,12.0,linear,4
1785141363000762445,3.9942150115966797,13.495937705039978,5.022433757781982,0.04653731361031532,0.008351867087185383,0.15471404790878296,0.18779392540454865,16.78786277770996,0.023521093651652336,world,698845,1785141363,nan,False,True,True,True,1.6018005330200171,1.058642011997385,0.26044465132653416,nan,False,nan,False,0.5718526840209961,True,3,normal,6.862232208251953,0.0,0.0,0.0,0.0,0.0,0.0,4.0,13.5,5.0,0.0,0.0,0.0,12.0,0.0,0.00019437125592958182,12.014287862926722,-0.37442487478256226,4.0,13.5,5.0,0.023521093651652336,12.0,linear,4
1785141363100737678,3.997575044631958,13.495915651321411,5.037145614624023,0.04609070345759392,0.01112702488899231,-0.4325980544090271,0.18779392540454865,16.887855529785156,0.037448085844516754,world,100688215,1785141363,nan,False,True,True,True,1.4698831720742254,0.9746092521758963,1.5342150309296685,nan,False,nan,False,0.5718526840209961,True,3,normal,6.862232208251953,0.0,0.0,0.0,0.0,0.0,0.0,4.0,13.5,5.0,0.0,0.0,0.0,12.0,0.0,0.00019437125592958182,12.014287862926722,-0.37442487478256226,4.0,13.5,5.0,0.037448085844516754,12.0,linear,4
1785141363200742067,4.001094818115234,13.496760249137878,4.9836320877075195,0.039394181221723557,0.01631370559334755,-0.790625810623169,0.18779392540454865,16.987850189208984,0.016721338033676147,world,200682044,1785141363,nan,False,True,True,True,1.4276333166955386,0.923599529142574,6.876666943368116,nan,False,nan,False,0.5718526840209961,True,3,normal,6.862232208251953,0.0,0.0,0.0,0.0,0.0,0.0,4.0,13.5,5.0,0.0,0.0,0.0,12.0,0.0,0.00019437125592958182,12.014287862926722,-0.37442487478256226,4.0,13.5,5.0,0.016721338033676147,12.0,linear,4
1785141363300758930,4.0035529136657715,13.497734308242798,4.974952220916748,0.015902340412139893,0.02933499589562416,-0.14652392268180847,0.18779392540454865,17.087860107421875,0.02539975941181183,world,300696141,1785141363,nan,False,True,True,True,1.414175876457334,0.8963569053692618,5.347011089201828,nan,False,nan,False,0.5718526840209961,True,3,normal,6.862232208251953,0.0,0.0,0.0,0.0,0.0,0.0,4.0,13.5,5.0,0.0,0.0,0.0,12.0,0.0,0.00019437125592958182,12.014287862926722,-0.37442487478256226,4.0,13.5,5.0,0.02539975941181183,12.0,linear,4
1785141363400786683,4.003430366516113,13.499908685684204,5.027606010437012,-0.008035199716687202,0.030847035348415375,0.17921578884124756,0.18779392540454865,17.187870025634766,0.027818474918603897,world,400705700,1785141363,nan,False,True,True,True,1.5022382170918114,0.8464718472909065,0.05030562731895394,nan,False,nan,False,0.5718526840209961,True,3,normal,6.862232208251953,0.0,0.0,0.0,0.0,0.0,0.0,4.0,13.5,5.0,0.0,0.0,0.0,12.0,0.0,0.00019437125592958182,12.014287862926722,-0.37442487478256226,4.0,13.5,5.0,0.027818474918603897,12.0,linear,4
1785141363500758881,4.002019882202148,13.50216805934906,5.041913032531738,-0.014698882587254047,0.026806365698575974,-0.4358822703361511,0.18779392540454865,17.287860870361328,0.04201764613389969,world,500693387,1785141363,nan,False,True,True,True,1.6040638569765118,0.7886409225267674,1.3812219464836906,nan,False,nan,False,0.5718526840209961,True,3,normal,6.862232208251953,0.0,0.0,0.0,0.0,0.0,0.0,4.0,13.5,5.0,0.0,0.0,0.0,12.0,0.0,0.00019437125592958182,12.014287862926722,-0.37442487478256226,4.0,13.5,5.0,0.04201764613389969,12.0,linear,4
1785141363600745666,4.000077247619629,13.504361510276794,4.986782073974609,-0.017483554780483246,0.016170738264918327,-0.8039600849151611,0.18779392540454865,17.387866973876953,0.013919134624302387,world,600700501,1785141363,nan,False,True,True,True,1.650812324416235,0.7653621565587043,6.8216668973537855,nan,False,nan,False,0.5718526840209961,True,3,normal,6.862232208251953,0.0,0.0,0.0,0.0,0.0,0.0,4.0,13.5,5.0,0.0,0.0,0.0,12.0,0.0,0.00019437125592958182,12.014287862926722,-0.37442487478256226,4.0,13.5,5.0,0.013919134624302387,12.0,linear,4
1785141363700722763,3.99777889251709,13.504240155220032,4.978262424468994,-0.009853703901171684,-0.00671586487442255,-0.1564343422651291,0.18779392540454865,17.487857818603516,0.02225835621356964,world,700689320,1785141363,nan,False,True,True,True,1.6998309471051882,0.8168425400320274,5.186872899645411,nan,False,nan,False,0.5718526840209961,True,3,normal,6.862232208251953,0.0,0.0,0.0,0.0,0.0,0.0,4.0,13.5,5.0,0.0,0.0,0.0,12.0,0.0,0.00019437125592958182,12.014287862926722,-0.37442487478256226,4.0,13.5,5.0,0.02225835621356964,12.0,linear,4
1785141363800749965,3.9967761039733887,13.502002835273743,5.032247543334961,0.005683945491909981,-0.023876359686255455,0.16324998438358307,0.18779392540454865,17.58786964416504,0.03247012197971344,world,800702075,1785141363,nan,False,True,True,True,1.68696618135063,0.9418697368272657,-0.23394151560574628,nan,False,nan,False,0.5718526840209961,True,3,normal,6.862232208251953,0.0,0.0,0.0,0.0,0.0,0.0,4.0,13.5,5.0,0.0,0.0,0.0,12.0,0.0,0.00019437125592958182,12.014287862926722,-0.37442487478256226,4.0,13.5,5.0,0.03247012197971344,12.0,linear,4
1785141363900755616,3.9967825412750244,13.499451398849487,5.046504974365234,0.007237098645418882,-0.027536841109395027,-0.45788899064064026,0.18779392540454865,17.6878662109375,0.04661937057971954,world,900700262,1785141363,nan,False,True,True,True,1.6298795519213618,1.0190535363971291,1.1688264467630254,nan,False,nan,False,0.5718526840209961,True,3,normal,6.862232208251953,0.0,0.0,0.0,0.0,0.0,0.0,4.0,13.5,5.0,0.0,0.0,0.0,12.0,0.0,0.00019437125592958182,12.014287862926722,-0.37442487478256226,4.0,13.5,5.0,0.04661937057971954,12.0,linear,4
1785141364000744867,3.9971649646759033,13.496901750564575,4.99038028717041,0.012478460557758808,-0.023352092131972313,-0.8093237280845642,0.18779392540454865,17.78786849975586,0.010496449656784534,world,703639,1785141364,nan,False,True,True,True,1.6095027092831093,1.045988513183928,6.699083531247043,nan,False,nan,False,0.5718526840209961,True,3,normal,6.862232208251953,0.0,0.0,0.0,0.0,0.0,0.0,4.0,13.5,5.0,0.0,0.0,0.0,12.0,0.0,0.00019437125592958182,12.014287862926722,-0.37442487478256226,4.0,13.5,5.0,0.010496449656784534,12.0,linear,4
1785141364100746510,3.996933698654175,13.495754599571228,4.98216438293457,0.021704988554120064,0.0015154321445152164,-0.15122529864311218,0.18779392540454865,17.887861251831055,0.01858856901526451,world,100694251,1785141364,nan,False,True,True,True,1.6218298566101093,1.0335625173481273,4.948098730943502,nan,False,nan,False,0.5718526840209961,True,3,normal,6.862232208251953,0.0,0.0,0.0,0.0,0.0,0.0,4.0,13.5,5.0,0.0,0.0,0.0,12.0,0.0,0.00019437125592958182,12.014287862926722,-0.37442487478256226,4.0,13.5,5.0,0.01858856901526451,12.0,linear,4
1785141364200762471,3.9971368312835693,13.497430324554443,5.033872604370117,0.020353039726614952,0.02264636754989624,0.1419958472251892,0.18779392540454865,17.987882614135742,0.03409038484096527,world,200720071,1785141364,nan,False,True,True,True,1.6276660010195718,0.9176225250369139,-0.28724704266688583,nan,False,nan,False,0.5718526840209961,True,3,normal,6.862232208251953,0.0,0.0,0.0,0.0,0.0,0.0,4.0,13.5,5.0,0.0,0.0,0.0,12.0,0.0,0.00019437125592958182,12.014287862926722,-0.37442487478256226,4.0,13.5,5.0,0.03409038484096527,12.0,linear,4
1785141364300744287,3.997572660446167,13.500089168548584,5.04524040222168,0.018519574776291847,0.023690661415457726,-0.46962156891822815,0.18779392540454865,18.08785629272461,0.045305561274290085,world,300690275,1785141364,nan,False,True,True,True,1.6083577855828446,0.799778949490301,1.2686886166953113,nan,False,nan,False,0.5718526840209961,True,3,normal,6.862232208251953,0.0,0.0,0.0,0.0,0.0,0.0,4.0,13.5,5.0,0.0,0.0,0.0,12.0,0.0,0.00019437125592958182,12.014287862926722,-0.37442487478256226,4.0,13.5,5.0,0.045305561274290085,12.0,linear,4
1785141364400802147,3.9981913566589355,13.50293779373169,4.9887261390686035,0.015150952152907848,0.020969299599528313,-0.7956169843673706,0.18779392540454865,18.187868118286133,0.011789901182055473,world,400701717,1785141364,nan,False,True,True,True,1.595086837757481,0.7591220908498623,6.651654694313558,nan,False,nan,False,0.5718526840209961,True,3,normal,6.862232208251953,0.0,0.0,0.0,0.0,0.0,0.0,4.0,13.5,5.0,0.0,0.0,0.0,12.0,0.0,0.00019437125592958182,12.014287862926722,-0.37442487478256226,4.0,13.5,5.0,0.011789901182055473,12.0,linear,4
1785141364500762773,3.997239112854004,13.504783749580383,4.981217861175537,0.01481199637055397,0.0040672048926353455,-0.13339918851852417,0.18779392540454865,18.287872314453125,0.019577423110604286,world,500706487,1785141364,nan,False,True,True,True,1.643938468794374,0.7488988091175267,4.7991953258445355,nan,False,nan,False,0.5718526840209961,True,3,normal,6.862232208251953,0.0,0.0,0.0,0.0,0.0,0.0,4.0,13.5,5.0,0.0,0.0,0.0,12.0,0.0,0.00019437125592958182,12.014287862926722,-0.37442487478256226,4.0,13.5,5.0,0.019577423110604286,12.0,linear,4
1785141364600737405,3.996403217315674,13.504508376121521,5.036498069763184,0.015095847658813,-0.01671990565955639,0.19062426686286926,0.18779392540454865,18.38787078857422,0.03695093095302582,world,600703000,1785141364,nan,False,True,True,True,1.6901289839560236,0.8243860594342101,-0.6326529480459211,nan,False,nan,False,0.5718526840209961,True,3,normal,6.862232208251953,0.0,0.0,0.0,0.0,0.0,0.0,4.0,13.5,5.0,0.0,0.0,0.0,12.0,0.0,0.00019437125592958182,12.014287862926722,-0.37442487478256226,4.0,13.5,5.0,0.03695093095302582,12.0,linear,4
1785141364700744970,3.9961612224578857,13.503271698951721,5.051202297210693,0.014652996324002743,-0.021132485941052437,-0.4500044882297516,0.18779392540454865,18.487871170043945,0.05145012587308884,world,700705045,1785141364,nan,False,True,True,True,1.671458970146215,0.9065399982507804,0.7826049075020443,nan,False,nan,False,0.5718526840209961,True,3,normal,6.862232208251953,0.0,0.0,0.0,0.0,0.0,0.0,4.0,13.5,5.0,0.0,0.0,0.0,12.0,0.0,0.00019437125592958182,12.014287862926722,-0.37442487478256226,4.0,13.5,5.0,0.05145012587308884,12.0,linear,4
1785141364800736194,3.996305465698242,13.501684665679932,4.993661880493164,0.015734301880002022,-0.02415734902024269,-0.8310132026672363,0.18779392540454865,18.587871551513672,0.007527246605604887,world,800704094,1785141364,nan,False,True,True,True,1.6538301622917808,0.9363574385519072,6.428908210887338,nan,False,nan,False,0.5718526840209961,True,3,normal,6.862232208251953,0.0,0.0,0.0,0.0,0.0,0.0,4.0,13.5,5.0,0.0,0.0,0.0,12.0,0.0,0.00019437125592958182,12.014287862926722,-0.37442487478256226,4.0,13.5,5.0,0.007527246605604887,12.0,linear,4
1785141364900771071,3.996187686920166,13.500692963600159,4.982166290283203,0.02629556506872177,-0.019930053502321243,-0.1747959405183792,0.18779392540454865,18.68788719177246,0.01824979856610298,world,900720655,1785141364,nan,False,True,True,True,1.65976745645039,0.9424683653299335,4.891907484485908,nan,False,nan,False,0.5718526840209961,True,3,normal,6.862232208251953,0.0,0.0,0.0,0.0,0.0,0.0,4.0,13.5,5.0,0.0,0.0,0.0,12.0,0.0,0.00019437125592958182,12.014287862926722,-0.37442487478256226,4.0,13.5,5.0,0.01824979856610298,12.0,linear,4
1785141365000771923,3.997286796569824,13.5006822347641,5.033467769622803,0.03195555880665779,-0.009471157565712929,0.16253533959388733,0.18779392540454865,18.787879943847656,0.03358449786901474,world,714033,1785141365,nan,False,True,True,True,1.629440915700191,0.9005796769295803,-0.4828172593295914,nan,False,nan,False,0.5718526840209961,True,3,normal,6.862232208251953,0.0,0.0,0.0,0.0,0.0,0.0,4.0,13.5,5.0,0.0,0.0,0.0,12.0,0.0,0.00019437125592958182,12.014287862926722,-0.37442487478256226,4.0,13.5,5.0,0.03358449786901474,12.0,linear,4
1785141365100768967,3.998814344406128,13.501049280166626,5.047336101531982,0.02963288687169552,-0.007956814020872116,-0.44312167167663574,0.18779392540454865,18.88787841796875,0.04736257344484329,world,100710487,1785141365,nan,False,True,True,True,1.5720203709460303,0.8644510128072781,0.7911391123528893,nan,False,nan,False,0.5718526840209961,True,3,normal,6.862232208251953,0.0,0.0,0.0,0.0,0.0,0.0,4.0,13.5,5.0,0.0,0.0,0.0,12.0,0.0,0.00019437125592958182,12.014287862926722,-0.37442487478256226,4.0,13.5,5.0,0.04736257344484329,12.0,linear,4
1785141365200775250,4.000553131103516,13.50143837928772,4.991401195526123,0.026514608412981033,-0.0055877529084682465,-0.8133231401443481,0.18779392540454865,18.987878799438477,0.008735807612538338,world,200712461,1785141365,nan,False,True,True,True,1.5458078215422748,0.8575755074482039,6.258730801556499,nan,False,nan,False,0.5718526840209961,True,3,normal,6.862232208251953,0.0,0.0,0.0,0.0,0.0,0.0,4.0,13.5,5.0,0.0,0.0,0.0,12.0,0.0,0.00019437125592958182,12.014287862926722,-0.37442487478256226,4.0,13.5,5.0,0.008735807612538338,12.0,linear,4
1785141365300756505,4.001003742218018,13.500485301017761,4.981242656707764,0.016948284581303596,-0.006399412173777819,-0.1659727245569229,0.18779392540454865,19.08787727355957,0.01879044808447361,world,300709937,1785141365,nan,False,True,True,True,1.56467427612962,0.8972417366981195,4.708146656419176,nan,False,nan,False,0.5718526840209961,True,3,normal,6.862232208251953,0.0,0.0,0.0,0.0,0.0,0.0,4.0,13.5,5.0,0.0,0.0,0.0,12.0,0.0,0.00019437125592958182,12.014287862926722,-0.37442487478256226,4.0,13.5,5.0,0.01879044808447361,12.0,linear,4
1785141365400773187,4.00057315826416,13.499075889587402,5.033465385437012,0.007143838331103325,-0.009536310099065304,0.15676353871822357,0.18779392540454865,19.18788719177246,0.03348304703831673,world,400723283,1785141365,nan,False,True,True,True,1.621160082547315,0.9560957065121284,-0.6763902998874292,nan,False,nan,False,0.5718526840209961,True,3,normal,6.862232208251953,0.0,0.0,0.0,0.0,0.0,0.0,4.0,13.5,5.0,0.0,0.0,0.0,12.0,0.0,0.00019437125592958182,12.014287862926722,-0.37442487478256226,4.0,13.5,5.0,0.03348304703831673,12.0,linear,4
1785141365500767717,3.999979257583618,13.49778413772583,5.047011375427246,0.003750272560864687,-0.011747402139008045,-0.4524526596069336,0.18779392540454865,19.287891387939453,0.04706357419490814,world,500726129,1785141365,nan,False,True,True,True,1.6464825812425232,0.9744412574897683,0.6952064698312546,nan,False,nan,False,0.5718526840209961,True,3,normal,6.862232208251953,0.0,0.0,0.0,0.0,0.0,0.0,4.0,13.5,5.0,0.0,0.0,0.0,12.0,0.0,0.00019437125592958182,12.014287862926722,-0.37442487478256226,4.0,13.5,5.0,0.04706357419490814,12.0,linear,4
1785141365600782075,3.99939227104187,13.496569991111755,4.991333961486816,0.0026878593489527702,-0.008835062384605408,-0.8092747330665588,0.18779392540454865,19.387889862060547,0.009339941665530205,world,600723464,1785141365,nan,False,True,True,True,1.6532065080906142,0.9846631884888463,6.1208593871602055,nan,False,nan,False,0.5718526840209961,True,3,normal,6.862232208251953,0.0,0.0,0.0,0.0,0.0,0.0,4.0,13.5,5.0,0.0,0.0,0.0,12.0,0.0,0.00019437125592958182,12.014287862926722,-0.37442487478256226,4.0,13.5,5.0,0.009339941665530205,12.0,linear,4
1785141365700766646,3.999107599258423,13.497122764587402,4.982614517211914,0.010871602222323418,0.005369183607399464,-0.15067175030708313,0.18779392540454865,19.487886428833008,0.017644543200731277,world,700718405,1785141365,nan,False,True,True,True,1.6513146856170082,0.9401629022129705,4.448751831572096,nan,False,nan,False,0.5718526840209961,True,3,normal,6.862232208251953,0.0,0.0,0.0,0.0,0.0,0.0,4.0,13.5,5.0,0.0,0.0,0.0,12.0,0.0,0.00019437125592958182,12.014287862926722,-0.37442487478256226,4.0,13.5,5.0,0.017644543200731277,12.0,linear,4
1785141365800772387,4.000019550323486,13.499518752098083,5.035449028015137,0.018101634457707405,0.017719998955726624,0.15924273431301117,0.18779392540454865,19.58788299560547,0.03545229882001877,world,800716953,1785141365,nan,False,True,True,True,1.6050328685145445,0.8318636037617573,-0.8845822684554883,nan,False,nan,False,0.5718526840209961,True,3,normal,6.862232208251953,0.0,0.0,0.0,0.0,0.0,0.0,4.0,13.5,5.0,0.0,0.0,0.0,12.0,0.0,0.00019437125592958182,12.014287862926722,-0.37442487478256226,4.0,13.5,5.0,0.03545229882001877,12.0,linear,4
1785141365900782908,4.001188278198242,13.50204348564148,5.0491156578063965,0.016629327088594437,0.01682678982615471,-0.45187681913375854,0.18779392540454865,19.687894821166992,0.04917250946164131,world,900730529,1785141365,nan,False,True,True,True,1.5562183400912506,0.7602490266531015,0.5096873583360331,nan,False,nan,False,0.5718526840209961,True,3,normal,6.862232208251953,0.0,0.0,0.0,0.0,0.0,0.0,4.0,13.5,5.0,0.0,0.0,0.0,12.0,0.0,0.00019437125592958182,12.014287862926722,-0.37442487478256226,4.0,13.5,5.0,0.04917250946164131,12.0,linear,4
1785141366000803026,4.002348899841309,13.504343152046204,4.993298530578613,0.013670133426785469,0.010689078830182552,-0.8083412051200867,0.18779392540454865,19.787893295288086,0.008324061520397663,world,727594,1785141366,nan,False,True,True,True,1.543621431559217,0.7437665975952036,5.957000192202415,nan,False,nan,False,0.5718526840209961,True,3,normal,6.862232208251953,0.0,0.0,0.0,0.0,0.0,0.0,4.0,13.5,5.0,0.0,0.0,0.0,12.0,0.0,0.00019437125592958182,12.014287862926722,-0.37442487478256226,4.0,13.5,5.0,0.008324061520397663,12.0,linear,4
1785141366100779783,4.00244140625,13.50317907333374,4.985099792480469,0.005985400173813105,-0.011772380210459232,-0.146837055683136,0.18779392540454865,19.887897491455078,0.015429943799972534,world,100729829,1785141366,nan,False,True,True,True,1.5638916898213837,0.8373022688623467,4.224456012222776,nan,False,nan,False,0.5718526840209961,True,3,normal,6.862232208251953,0.0,0.0,0.0,0.0,0.0,0.0,4.0,13.5,5.0,0.0,0.0,0.0,12.0,0.0,0.00019437125592958182,12.014287862926722,-0.37442487478256226,4.0,13.5,5.0,0.015429943799972534,12.0,linear,4
1785141366200781737,4.001655101776123,13.499261617660522,5.039041519165039,-0.0028610657900571823,-0.030986778438091278,0.1663164496421814,0.18779392540454865,19.987899780273438,0.039083562791347504,world,200733275,1785141366,nan,False,True,True,True,1.617093065409529,1.0240771107925952,-1.1675889911875261,nan,False,nan,False,0.5718526840209961,True,3,normal,6.862232208251953,0.0,0.0,0.0,0.0,0.0,0.0,4.0,13.5,5.0,0.0,0.0,0.0,12.0,0.0,0.00019437125592958182,12.014287862926722,-0.37442487478256226,4.0,13.5,5.0,0.039083562791347504,12.0,linear,4
1785141366300762902,4.000761985778809,13.495213150978088,5.0529303550720215,-0.004463345743715763,-0.03408011421561241,-0.46307942271232605,0.18779392540454865,20.087892532348633,0.05315183103084564,world,300724129,1785141366,nan,False,True,True,True,1.6447830811678006,1.1282536468454516,0.24791887163322257,nan,False,nan,False,0.5718526840209961,True,3,normal,6.862232208251953,0.0,0.0,0.0,0.0,0.0,0.0,4.0,13.5,5.0,0.0,0.0,0.0,12.0,0.0,0.00019437125592958182,12.014287862926722,-0.37442487478256226,4.0,13.5,5.0,0.05315183103084564,12.0,linear,4
1785141366400796947,3.999983310699463,13.491361141204834,4.995832920074463,-0.0031300915870815516,-0.02595796249806881,-0.8305417895317078,0.18779392540454865,20.187908172607422,0.009591387584805489,world,400743726,1785141366,nan,False,True,True,True,1.6484202153826952,1.163343098827978,5.799035227341845,nan,False,nan,False,0.5718526840209961,True,3,normal,6.862232208251953,0.0,0.0,0.0,0.0,0.0,0.0,4.0,13.5,5.0,0.0,0.0,0.0,12.0,0.0,0.00019437125592958182,12.014287862926722,-0.37442487478256226,4.0,13.5,5.0,0.009591387584805489,12.0,linear,4
1785141366500773894,4.000066757202148,13.49150836467743,4.986247539520264,0.005545511841773987,0.015987491235136986,-0.18224310874938965,0.18779392540454865,20.28789520263672,0.016162997111678123,world,500727997,1785141366,nan,False,True,True,True,1.6256143781050796,1.0782843907032997,4.105737138800786,nan,False,nan,False,0.5718526840209961,True,3,normal,6.862232208251953,0.0,0.0,0.0,0.0,0.0,0.0,4.0,13.5,5.0,0.0,0.0,0.0,12.0,0.0,0.00019437125592958182,12.014287862926722,-0.37442487478256226,4.0,13.5,5.0,0.016162997111678123,12.0,linear,4
1785141366600785717,4.001186847686768,13.496597647666931,5.037376880645752,0.011563473381102085,0.050559692084789276,0.1322183459997177,0.18779392540454865,20.387893676757812,0.0375501774251461,world,600726204,1785141366,nan,False,True,True,True,1.5678942422027347,0.8168214535139929,-1.1562009202338805,nan,False,nan,False,0.5718526840209961,True,3,normal,6.862232208251953,0.0,0.0,0.0,0.0,0.0,0.0,4.0,13.5,5.0,0.0,0.0,0.0,12.0,0.0,0.00019437125592958182,12.014287862926722,-0.37442487478256226,4.0,13.5,5.0,0.0375501774251461,12.0,linear,4
1785141366700768064,4.002427577972412,13.502440571784973,5.049392223358154,0.010520659387111664,0.05155693739652634,-0.4750320017337799,0.18779392540454865,20.487895965576172,0.04951203241944313,world,700729080,1785141366,nan,False,True,True,True,1.52694744885616,0.6289040751613767,0.2834086624391223,nan,False,nan,False,0.5718526840209961,True,3,normal,6.862232208251953,0.0,0.0,0.0,0.0,0.0,0.0,4.0,13.5,5.0,0.0,0.0,0.0,12.0,0.0,0.00019437125592958182,12.014287862926722,-0.37442487478256226,4.0,13.5,5.0,0.04951203241944313,12.0,linear,4
1785141366800775047,4.0035624504089355,13.508190035820007,4.992603302001953,0.00801635067909956,0.04075247794389725,-0.8218056559562683,0.18779392540454865,20.587900161743164,0.011596502736210823,world,800731715,1785141366,nan,False,True,True,True,1.5168104683906962,0.5702286587049965,5.691884460530053,nan,False,nan,False,0.5718526840209961,True,3,normal,6.862232208251953,0.0,0.0,0.0,0.0,0.0,0.0,4.0,13.5,5.0,0.0,0.0,0.0,12.0,0.0,0.00019437125592958182,12.014287862926722,-0.37442487478256226,4.0,13.5,5.0,0.011596502736210823,12.0,linear,4
1785141366900771772,4.003109455108643,13.508353352546692,4.983981132507324,-0.003061312949284911,-0.007934719324111938,-0.163717582821846,0.18779392540454865,20.687904357910156,0.018331702798604965,world,900738318,1785141366,nan,False,True,True,True,1.5567116784569668,0.6877798163643986,3.9374000536660656,nan,False,nan,False,0.5718526840209961,True,3,normal,6.862232208251953,0.0,0.0,0.0,0.0,0.0,0.0,4.0,13.5,5.0,0.0,0.0,0.0,12.0,0.0,0.00019437125592958182,12.014287862926722,-0.37442487478256226,4.0,13.5,5.0,0.018331702798604965,12.0,linear,4
1785141367000815655,4.001284599304199,13.502691745758057,5.035813808441162,-0.012995666824281216,-0.05254027619957924,0.13935363292694092,0.18779392540454865,20.78792381286621,0.03593778610229492,world,761713,1785141367,nan,False,True,True,True,1.643985338346499,1.0140386787867157,-1.3185853933807514,nan,False,nan,False,0.5718526840209961,True,3,normal,6.862232208251953,0.0,0.0,0.0,0.0,0.0,0.0,4.0,13.5,5.0,0.0,0.0,0.0,12.0,0.0,0.00019437125592958182,12.014287862926722,-0.37442487478256226,4.0,13.5,5.0,0.03593778610229492,12.0,linear,4
1785141367100801980,3.9993743896484375,13.495833039283752,5.047791481018066,-0.014560788869857788,-0.05935659632086754,-0.47105488181114197,0.18779392540454865,20.887908935546875,0.04797687754034996,world,100742628,1785141367,nan,False,True,True,True,1.6936364358783362,1.2408456413513052,0.17525501939535104,nan,False,nan,False,0.5718526840209961,True,3,normal,6.862232208251953,0.0,0.0,0.0,0.0,0.0,0.0,4.0,13.5,5.0,0.0,0.0,0.0,12.0,0.0,0.00019437125592958182,12.014287862926722,-0.37442487478256226,4.0,13.5,5.0,0.04797687754034996,12.0,linear,4
1785141367200790128,3.997396945953369,13.488888382911682,4.991228103637695,-0.012145732529461384,-0.04954838007688522,-0.8161209225654602,0.18779392540454865,20.9879093170166,0.01439409889280796,world,200742037,1785141367,nan,False,True,True,True,1.713594643309623,1.3235010349577023,5.570526780610292,nan,False,nan,False,0.5718526840209961,True,3,normal,6.862232208251953,0.0,0.0,0.0,0.0,0.0,0.0,4.0,13.5,5.0,0.0,0.0,0.0,12.0,0.0,0.00019437125592958182,12.014287862926722,-0.37442487478256226,4.0,13.5,5.0,0.01439409889280796,12.0,linear,4
1785141367300805106,3.9974935054779053,13.48504638671875,4.981319427490234,0.006664362270385027,0.00857508648186922,-0.18422380089759827,0.18779392540454865,21.08790397644043,0.024059444665908813,world,300735525,1785141367,nan,False,True,True,True,1.6718243620353397,1.318403470767005,3.924460829356692,nan,False,nan,False,0.5718526840209961,True,3,normal,6.862232208251953,0.0,0.0,0.0,0.0,0.0,0.0,4.0,13.5,5.0,0.0,0.0,0.0,12.0,0.0,0.00019437125592958182,12.014287862926722,-0.37442487478256226,4.0,13.5,5.0,0.024059444665908813,12.0,linear,4
1785141367400812781,3.999721050262451,13.488143801689148,5.031322956085205,0.020338397473096848,0.06651972234249115,0.13698358833789825,0.18779392540454865,21.18792724609375,0.033492907881736755,world,400764129,1785141367,nan,False,True,True,True,1.547520003425879,1.0587092624095267,-1.2303488658533153,nan,False,nan,False,0.5718526840209961,True,3,normal,6.862232208251953,0.0,0.0,0.0,0.0,0.0,0.0,4.0,13.5,5.0,0.0,0.0,0.0,12.0,0.0,0.00019437125592958182,12.014287862926722,-0.37442487478256226,4.0,13.5,5.0,0.033492907881736755,12.0,linear,4
1785141367500812572,4.002195358276367,13.494095206260681,5.043986797332764,0.020033352077007294,0.07322429120540619,-0.45178207755088806,0.18779392540454865,21.287921905517578,0.04443562403321266,world,500755884,1785141367,nan,False,True,True,True,1.4695478495839354,0.7683981720353168,0.09829052687051654,nan,False,nan,False,0.5718526840209961,True,3,normal,6.862232208251953,0.0,0.0,0.0,0.0,0.0,0.0,4.0,13.5,5.0,0.0,0.0,0.0,12.0,0.0,0.00019437125592958182,12.014287862926722,-0.37442487478256226,4.0,13.5,5.0,0.04443562403321266,12.0,linear,4
1785141367600808114,4.004482746124268,13.501069784164429,4.989217758178711,0.01455883402377367,0.07296080887317657,-0.7890520691871643,0.18779392540454865,21.38791275024414,0.011725876480340958,world,600747138,1785141367,nan,False,True,True,True,1.4511164374006766,0.6531588507518346,5.412988536286532,nan,False,nan,False,0.5718526840209961,True,3,normal,6.862232208251953,0.0,0.0,0.0,0.0,0.0,0.0,4.0,13.5,5.0,0.0,0.0,0.0,12.0,0.0,0.00019437125592958182,12.014287862926722,-0.37442487478256226,4.0,13.5,5.0,0.011725876480340958,12.0,linear,4
1785141367700782606,4.003167629241943,13.504089593887329,4.983654499053955,-0.008187906816601753,0.04162563383579254,-0.13553322851657867,0.18779392540454865,21.487911224365234,0.01714450493454933,world,700744574,1785141367,nan,False,True,True,True,1.5487926082225718,0.6798984380084692,3.503624944595662,nan,False,nan,False,0.5718526840209961,True,3,normal,6.862232208251953,0.0,0.0,0.0,0.0,0.0,0.0,4.0,13.5,5.0,0.0,0.0,0.0,12.0,0.0,0.00019437125592958182,12.014287862926722,-0.37442487478256226,4.0,13.5,5.0,0.01714450493454933,12.0,linear,4
1785141367800814356,3.9991726875305176,13.502952218055725,5.037677764892578,-0.026836063712835312,-0.0019035987788811326,0.14941076934337616,0.18779392540454865,21.58791160583496,0.03780230134725571,world,800743232,1785141367,nan,False,True,True,True,1.7379245732231712,0.8880480782972892,-1.733615094935215,nan,False,nan,False,0.5718526840209961,True,3,normal,6.862232208251953,0.0,0.0,0.0,0.0,0.0,0.0,4.0,13.5,5.0,0.0,0.0,0.0,12.0,0.0,0.00019437125592958182,12.014287862926722,-0.37442487478256226,4.0,13.5,5.0,0.03780230134725571,12.0,linear,4
1785141367900798727,3.995187997817993,13.500329732894897,5.050021171569824,-0.02827524021267891,-0.012589484453201294,-0.4771135449409485,0.18779392540454865,21.68791389465332,0.05025317519903183,world,900746569,1785141367,nan,False,True,True,True,1.8364145870202073,1.0392163417082572,-0.1494548299391576,nan,False,nan,False,0.5718526840209961,True,3,normal,6.862232208251953,0.0,0.0,0.0,0.0,0.0,0.0,4.0,13.5,5.0,0.0,0.0,0.0,12.0,0.0,0.00019437125592958182,12.014287862926722,-0.37442487478256226,4.0,13.5,5.0,0.05025317519903183,12.0,linear,4
1785141368000817283,3.991485118865967,13.4972425699234,4.99269437789917,-0.01944020390510559,-0.020312953740358353,-0.8276417851448059,0.18779392540454865,21.787914276123047,0.011553299613296986,world,748783,1785141368,nan,False,True,True,True,1.8644579504162184,1.0909817773686077,5.329260313419018,nan,False,nan,False,0.5718526840209961,True,3,normal,6.862232208251953,0.0,0.0,0.0,0.0,0.0,0.0,4.0,13.5,5.0,0.0,0.0,0.0,12.0,0.0,0.00019437125592958182,12.014287862926722,-0.37442487478256226,4.0,13.5,5.0,0.011553299613296986,12.0,linear,4
1785141368100803077,3.991307258605957,13.494804382324219,4.983838081359863,0.022325944155454636,-0.00596114806830883,-0.18854419887065887,0.18779392540454865,21.887920379638672,0.019072646275162697,world,100756148,1785141368,nan,False,True,True,True,1.7928582401328073,1.1227254079646585,3.5488521783753324,nan,False,nan,False,0.5718526840209961,True,3,normal,6.862232208251953,0.0,0.0,0.0,0.0,0.0,0.0,4.0,13.5,5.0,0.0,0.0,0.0,12.0,0.0,0.00019437125592958182,12.014287862926722,-0.37442487478256226,4.0,13.5,5.0,0.019072646275162697,12.0,linear,4
1785141368200807155,3.9959452152252197,13.495076537132263,5.036334037780762,0.05542554706335068,0.018558567389845848,0.14428836107254028,0.18779392540454865,21.9879207611084,0.03688962012529373,world,200754636,1785141368,nan,False,True,True,True,1.5509860275634155,1.0413085057490628,-1.7440654268206504,nan,False,nan,False,0.5718526840209961,True,3,normal,6.862232208251953,0.0,0.0,0.0,0.0,0.0,0.0,4.0,13.5,5.0,0.0,0.0,0.0,12.0,0.0,0.00019437125592958182,12.014287862926722,-0.37442487478256226,4.0,13.5,5.0,0.03688962012529373,12.0,linear,4
1785141368300803518,4.001424312591553,13.49679720401764,5.050173282623291,0.05599424988031387,0.021414918825030327,-0.46532702445983887,0.18779392540454865,22.087919235229492,0.05029557645320892,world,300750498,1785141368,nan,False,True,True,True,1.3669214296784236,0.9235347672190548,-0.4008942519471954,nan,False,nan,False,0.5718526840209961,True,3,normal,6.862232208251953,0.0,0.0,0.0,0.0,0.0,0.0,4.0,13.5,5.0,0.0,0.0,0.0,12.0,0.0,0.00019437125592958182,12.014287862926722,-0.37442487478256226,4.0,13.5,5.0,0.05029557645320892,12.0,linear,4
1785141368400786907,4.006940841674805,13.49905002117157,4.9944047927856445,0.04497527703642845,0.025171007961034775,-0.8191471695899963,0.18779392540454865,22.187915802001953,0.008965717628598213,world,400748545,1785141368,nan,False,True,True,True,1.3072947269262265,0.8767303192072692,5.052726733610268,nan,False,nan,False,0.5718526840209961,True,3,normal,6.862232208251953,0.0,0.0,0.0,0.0,0.0,0.0,4.0,13.5,5.0,0.0,0.0,0.0,12.0,0.0,0.00019437125592958182,12.014287862926722,-0.37442487478256226,4.0,13.5,5.0,0.008965717628598213,12.0,linear,4
1785141368500816584,4.007224082946777,13.500176906585693,4.985534191131592,-0.0028818747960031033,0.025970378890633583,-0.16563385725021362,0.18779392540454865,22.287918090820312,0.016170291230082512,world,500752803,1785141368,nan,False,True,True,True,1.4130076043136426,0.8782115957384408,3.3710643144291437,nan,False,nan,False,0.5718526840209961,True,3,normal,6.862232208251953,0.0,0.0,0.0,0.0,0.0,0.0,4.0,13.5,5.0,0.0,0.0,0.0,12.0,0.0,0.00019437125592958182,12.014287862926722,-0.37442487478256226,4.0,13.5,5.0,0.016170291230082512,12.0,linear,4
1785141368600820943,4.002106189727783,13.500851511955261,5.037176609039307,-0.04365882650017738,0.015920549631118774,0.14058490097522736,0.18779392540454865,22.38792610168457,0.03724595904350281,world,600760809,1785141368,nan,False,True,True,True,1.7177905969466567,0.9103551791601557,-1.8919207843031849,nan,False,nan,False,0.5718526840209961,True,3,normal,6.862232208251953,0.0,0.0,0.0,0.0,0.0,0.0,4.0,13.5,5.0,0.0,0.0,0.0,12.0,0.0,0.00019437125592958182,12.014287862926722,-0.37442487478256226,4.0,13.5,5.0,0.03724595904350281,12.0,linear,4
1785141368700815082,3.9960591793060303,13.501221299171448,5.048947334289551,-0.048995234072208405,0.010154263116419315,-0.4695574939250946,0.18779392540454865,22.487932205200195,0.04912090301513672,world,700765368,1785141368,nan,False,True,True,True,1.9188722173593848,0.9194439369385694,-0.3930226031527535,nan,False,nan,False,0.5718526840209961,True,3,normal,6.862232208251953,0.0,0.0,0.0,0.0,0.0,0.0,4.0,13.5,5.0,0.0,0.0,0.0,12.0,0.0,0.00019437125592958182,12.014287862926722,-0.37442487478256226,4.0,13.5,5.0,0.04912090301513672,12.0,linear,4
1785141368800811416,3.990065336227417,13.50138533115387,4.991670608520508,-0.03896976262331009,0.003403500420972705,-0.8201101422309875,0.18779392540454865,22.58793067932129,0.013038230128586292,world,800763245,1785141368,nan,False,True,True,True,1.9841455037132993,0.9230248175395777,5.043149515672056,nan,False,nan,False,0.5718526840209961,True,3,normal,6.862232208251953,0.0,0.0,0.0,0.0,0.0,0.0,4.0,13.5,5.0,0.0,0.0,0.0,12.0,0.0,0.00019437125592958182,12.014287862926722,-0.37442487478256226,4.0,13.5,5.0,0.013038230128586292,12.0,linear,4
1785141368900808771,3.9868500232696533,13.499822497367859,4.9829487800598145,0.018215302377939224,-0.003272585105150938,-0.1753236949443817,0.18779392540454865,22.687925338745117,0.02153363637626171,world,900757835,1785141368,nan,False,True,True,True,1.975693679848395,0.9873969395962636,3.2636694603425913,nan,False,nan,False,0.5718526840209961,True,3,normal,6.862232208251953,0.0,0.0,0.0,0.0,0.0,0.0,4.0,13.5,5.0,0.0,0.0,0.0,12.0,0.0,0.00019437125592958182,12.014287862926722,-0.37442487478256226,4.0,13.5,5.0,0.02153363637626171,12.0,linear,4
1785141369000810916,3.9901866912841797,13.498027324676514,5.035106182098389,0.06908652931451797,-0.003611014224588871,0.13953764736652374,0.18779392540454865,22.787931442260742,0.03650529310107231,world,764267,1785141369,nan,False,True,True,True,1.7254055067369953,1.0515712707516554,-2.011800793403837,nan,False,nan,False,0.5718526840209961,True,3,normal,6.862232208251953,0.0,0.0,0.0,0.0,0.0,0.0,4.0,13.5,5.0,0.0,0.0,0.0,12.0,0.0,0.00019437125592958182,12.014287862926722,-0.37442487478256226,4.0,13.5,5.0,0.03650529310107231,12.0,linear,4
1785141369100823209,3.9959514141082764,13.496798157691956,5.048079490661621,0.07380414754152298,-0.003949753008782864,-0.4670369327068329,0.18779392540454865,22.8879337310791,0.048355769366025925,world,100766482,1785141369,nan,False,True,True,True,1.4583005051432303,1.0514728707034506,-0.5879203115360742,nan,False,nan,False,0.5718526840209961,True,3,normal,6.862232208251953,0.0,0.0,0.0,0.0,0.0,0.0,4.0,13.5,5.0,0.0,0.0,0.0,12.0,0.0,0.00019437125592958182,12.014287862926722,-0.37442487478256226,4.0,13.5,5.0,0.048355769366025925,12.0,linear,4
1785141369200802460,4.002528667449951,13.495982050895691,4.992686748504639,0.0695619285106659,0.0024651626590639353,-0.8087869882583618,0.18779392540454865,22.987932205200195,0.008719043806195259,world,200765831,1785141369,nan,False,True,True,True,1.3524018861394538,1.0447294041908461,4.795718778640277,nan,False,nan,False,0.5718526840209961,True,3,normal,6.862232208251953,0.0,0.0,0.0,0.0,0.0,0.0,4.0,13.5,5.0,0.0,0.0,0.0,12.0,0.0,0.00019437125592958182,12.014287862926722,-0.37442487478256226,4.0,13.5,5.0,0.008719043806195259,12.0,linear,4
1785141369300822789,4.004716396331787,13.496155858039856,4.985348224639893,0.030696367844939232,0.022734589874744415,-0.17129753530025482,0.18779392540454865,23.087934494018555,0.015864940360188484,world,300766694,1785141369,nan,False,True,True,True,1.4040987329380537,1.0162265386190268,2.9791812830455946,nan,False,nan,False,0.5718526840209961,True,3,normal,6.862232208251953,0.0,0.0,0.0,0.0,0.0,0.0,4.0,13.5,5.0,0.0,0.0,0.0,12.0,0.0,0.00019437125592958182,12.014287862926722,-0.37442487478256226,4.0,13.5,5.0,0.015864940360188484,12.0,linear,4
1785141369400838129,4.002110004425049,13.498502731323242,5.037402629852295,-0.013038567267358303,0.03519956022500992,0.12467178702354431,0.18779392540454865,23.18793487548828,0.03749200701713562,world,400768027,1785141369,nan,False,True,True,True,1.6536631903709724,0.9203438930937409,-2.2119372389177805,nan,False,nan,False,0.5718526840209961,True,3,normal,6.862232208251953,0.0,0.0,0.0,0.0,0.0,0.0,4.0,13.5,5.0,0.0,0.0,0.0,12.0,0.0,0.00019437125592958182,12.014287862926722,-0.37442487478256226,4.0,13.5,5.0,0.03749200701713562,12.0,linear,4
1785141369500814745,3.998284339904785,13.501364350318909,5.049736499786377,-0.021426673978567123,0.0334053710103035,-0.4762575030326843,0.18779392540454865,23.287939071655273,0.04978477954864502,world,500773487,1785141369,nan,False,True,True,True,1.8249160330874523,0.8261165778311108,-0.7273256502622454,nan,False,nan,False,0.5718526840209961,True,3,normal,6.862232208251953,0.0,0.0,0.0,0.0,0.0,0.0,4.0,13.5,5.0,0.0,0.0,0.0,12.0,0.0,0.00019437125592958182,12.014287862926722,-0.37442487478256226,4.0,13.5,5.0,0.04978477954864502,12.0,linear,4
1785141369600829764,3.9943645000457764,13.504272937774658,4.994211673736572,-0.020861227065324783,0.02515646442770958,-0.8052839040756226,0.18779392540454865,23.387941360473633,0.009139014407992363,world,600779098,1785141369,nan,False,True,True,True,1.8738898737261394,0.7888811571884224,4.61526164130417,nan,False,nan,False,0.5718526840209961,True,3,normal,6.862232208251953,0.0,0.0,0.0,0.0,0.0,0.0,4.0,13.5,5.0,0.0,0.0,0.0,12.0,0.0,0.00019437125592958182,12.014287862926722,-0.37442487478256226,4.0,13.5,5.0,0.009139014407992363,12.0,linear,4
1785141369700810348,3.994102954864502,13.504947662353516,4.989466190338135,0.014037358574569225,0.0024184726644307375,-0.1473882645368576,0.18779392540454865,23.48794174194336,0.013046671636402607,world,700774911,1785141369,nan,False,True,True,True,1.80457157552495,0.8266455971030211,2.5795311018681812,nan,False,nan,False,0.5718526840209961,True,3,normal,6.862232208251953,0.0,0.0,0.0,0.0,0.0,0.0,4.0,13.5,5.0,0.0,0.0,0.0,12.0,0.0,0.00019437125592958182,12.014287862926722,-0.37442487478256226,4.0,13.5,5.0,0.013046671636402607,12.0,linear,4
1785141369800830266,3.9985344409942627,13.503215312957764,5.043860912322998,0.04773562029004097,-0.018320662900805473,0.11265350133180618,0.18779392540454865,23.58793830871582,0.044003020972013474,world,800770293,1785141369,nan,False,True,True,True,1.5586329330426394,0.9522384784548991,-2.6833644761949267,nan,False,nan,False,0.5718526840209961,True,3,normal,6.862232208251953,0.0,0.0,0.0,0.0,0.0,0.0,4.0,13.5,5.0,0.0,0.0,0.0,12.0,0.0,0.00019437125592958182,12.014287862926722,-0.37442487478256226,4.0,13.5,5.0,0.044003020972013474,12.0,linear,4
1785141369900802464,4.003815650939941,13.500920534133911,5.053736209869385,0.049216270446777344,-0.021749000996351242,-0.5216315984725952,0.18779392540454865,23.68793487548828,0.05387937277555466,world,900767538,1785141369,nan,False,True,True,True,1.377678875258221,1.0381137297800214,-0.8514313763250028,nan,False,nan,False,0.5718526840209961,True,3,normal,6.862232208251953,0.0,0.0,0.0,0.0,0.0,0.0,4.0,13.5,5.0,0.0,0.0,0.0,12.0,0.0,0.00019437125592958182,12.014287862926722,-0.37442487478256226,4.0,13.5,5.0,0.05387937277555466,12.0,linear,4
1785141370000837851,4.009122848510742,13.498436570167542,4.993949890136719,0.039317455142736435,-0.021132266148924828,-0.8420326709747314,0.18779392540454865,23.787954330444336,0.011057780124247074,world,791293,1785141370,nan,False,True,True,True,1.3178320231926035,1.0689220135194695,4.676738511182688,nan,False,nan,False,0.5718526840209961,True,3,normal,6.862232208251953,0.0,0.0,0.0,0.0,0.0,0.0,4.0,13.5,5.0,0.0,0.0,0.0,12.0,0.0,0.00019437125592958182,12.014287862926722,-0.37442487478256226,4.0,13.5,5.0,0.011057780124247074,12.0,linear,4
1785141370100821591,4.009838104248047,13.49712610244751,4.986658096313477,-0.006571681704372168,-0.001641225186176598,-0.17175652086734772,0.18779392540454865,23.8879451751709,0.016824208199977875,world,100778249,1785141370,nan,False,True,True,True,1.4012022910660977,1.067492828784235,2.6060996738192794,nan,False,nan,False,0.5718526840209961,True,3,normal,6.862232208251953,0.0,0.0,0.0,0.0,0.0,0.0,4.0,13.5,5.0,0.0,0.0,0.0,12.0,0.0,0.00019437125592958182,12.014287862926722,-0.37442487478256226,4.0,13.5,5.0,0.016824208199977875,12.0,linear,4
1785141370200846949,4.005186080932617,13.498247981071472,5.039391994476318,-0.048481229692697525,0.018623625859618187,0.11993256956338882,0.18779392540454865,23.98794174194336,0.039770521223545074,world,200775404,1785141370,nan,False,True,True,True,1.6813647318200153,0.9696099224302294,-2.6566809919384102,nan,False,nan,False,0.5718526840209961,True,3,normal,6.862232208251953,0.0,0.0,0.0,0.0,0.0,0.0,4.0,13.5,5.0,0.0,0.0,0.0,12.0,0.0,0.00019437125592958182,12.014287862926722,-0.37442487478256226,4.0,13.5,5.0,0.039770521223545074,12.0,linear,4
1785141370300811142,3.9993398189544678,13.500197052955627,5.050740718841553,-0.05424174666404724,0.019480537623167038,-0.49830955266952515,0.18779392540454865,24.087921142578125,0.0507453978061676,world,300754645,1785141370,nan,False,True,True,True,1.8863528242132435,0.8721051179375465,-1.052745155394963,nan,False,nan,False,0.5718526840209961,True,3,normal,6.862232208251953,0.0,0.0,0.0,0.0,0.0,0.0,4.0,13.5,5.0,0.0,0.0,0.0,12.0,0.0,0.00019437125592958182,12.014287862926722,-0.37442487478256226,4.0,13.5,5.0,0.0507453978061676,12.0,linear,4
1785141370400874182,3.9932289123535156,13.502241611480713,4.993259429931641,-0.04670162498950958,0.018840637058019638,-0.8228535652160645,0.18779392540454865,24.18795394897461,0.009813650511205196,world,400789602,1785141370,nan,False,True,True,True,1.9613606845449947,0.8432106031038272,4.400825829895492,nan,False,nan,False,0.5718526840209961,True,3,normal,6.862232208251953,0.0,0.0,0.0,0.0,0.0,0.0,4.0,13.5,5.0,0.0,0.0,0.0,12.0,0.0,0.00019437125592958182,12.014287862926722,-0.37442487478256226,4.0,13.5,5.0,0.009813650511205196,12.0,linear,4
1785141370500847963,3.9905059337615967,13.502636790275574,4.986622333526611,0.005736738443374634,0.007539867889136076,-0.1705070585012436,0.18779392540454865,24.28795051574707,0.01661480963230133,world,500786657,1785141370,nan,False,True,True,True,1.9361699689996543,0.8719507243076909,2.3993952471579254,nan,False,nan,False,0.5718526840209961,True,3,normal,6.862232208251953,0.0,0.0,0.0,0.0,0.0,0.0,4.0,13.5,5.0,0.0,0.0,0.0,12.0,0.0,0.00019437125592958182,12.014287862926722,-0.37442487478256226,4.0,13.5,5.0,0.01661480963230133,12.0,linear,4
1785141370600825120,3.99391770362854,13.50151014328003,5.039463043212891,0.053624097257852554,-0.008082338608801365,0.10808286815881729,0.18779392540454865,24.38795280456543,0.03995756059885025,world,600786237,1785141370,nan,False,True,True,True,1.6748333392494898,0.9569399475129777,-2.8505742624069215,nan,False,nan,False,0.5718526840209961,True,3,normal,6.862232208251953,0.0,0.0,0.0,0.0,0.0,0.0,4.0,13.5,5.0,0.0,0.0,0.0,12.0,0.0,0.00019437125592958182,12.014287862926722,-0.37442487478256226,4.0,13.5,5.0,0.03995756059885025,12.0,linear,4
1785141370700929949,3.999187707901001,13.499891757965088,5.049407958984375,0.057675957679748535,-0.013356353156268597,-0.5108978152275085,0.18779392540454865,24.487953186035156,0.049414753913879395,world,700789834,1785141370,nan,False,True,True,True,1.4379165342094358,1.0170962685389358,-1.0927882388637318,nan,False,nan,False,0.5718526840209961,True,3,normal,6.862232208251953,0.0,0.0,0.0,0.0,0.0,0.0,4.0,13.5,5.0,0.0,0.0,0.0,12.0,0.0,0.00019437125592958182,12.014287862926722,-0.37442487478256226,4.0,13.5,5.0,0.049414753913879395,12.0,linear,4
1785141370800854466,4.004975318908691,13.498040914535522,4.991311550140381,0.05325082689523697,-0.014004121534526348,-0.8118143677711487,0.18779392540454865,24.58795166015625,0.010202008299529552,world,800784424,1785141370,nan,False,True,True,True,1.3540106058972583,1.0460547959516764,4.331103993100875,nan,False,nan,False,0.5718526840209961,True,3,normal,6.862232208251953,0.0,0.0,0.0,0.0,0.0,0.0,4.0,13.5,5.0,0.0,0.0,0.0,12.0,0.0,0.00019437125592958182,12.014287862926722,-0.37442487478256226,4.0,13.5,5.0,0.010202008299529552,12.0,linear,4
1785141370900830682,4.005853176116943,13.497998476028442,4.9868950843811035,0.013989494182169437,0.00041736330604180694,-0.14276716113090515,0.18779392540454865,24.68795394897461,0.014491534791886806,world,900787390,1785141370,nan,False,True,True,True,1.4371231184368771,1.014212557225105,2.0947088371386,nan,False,nan,False,0.5718526840209961,True,3,normal,6.862232208251953,0.0,0.0,0.0,0.0,0.0,0.0,4.0,13.5,5.0,0.0,0.0,0.0,12.0,0.0,0.00019437125592958182,12.014287862926722,-0.37442487478256226,4.0,13.5,5.0,0.014491534791886806,12.0,linear,4
1785141371000841864,4.001705646514893,13.500016689300537,5.042476177215576,-0.028966359794139862,0.015443823300302029,0.1428462564945221,0.18779392540454865,24.787960052490234,0.04251041263341904,world,794494,1785141371,nan,False,True,True,True,1.71763580270958,0.899927762553677,-3.2078391807462543,nan,False,nan,False,0.5718526840209961,True,3,normal,6.862232208251953,0.0,0.0,0.0,0.0,0.0,0.0,4.0,13.5,5.0,0.0,0.0,0.0,12.0,0.0,0.00019437125592958182,12.014287862926722,-0.37442487478256226,4.0,13.5,5.0,0.04251041263341904,12.0,linear,4
1785141371100873394,3.9965319633483887,13.502312541007996,5.055022716522217,-0.037352073937654495,0.014320513233542442,-0.49755704402923584,0.18779392540454865,24.887954711914062,0.0551803819835186,world,100788273,1785141371,nan,False,True,True,True,1.9039941028671796,0.8218431217614044,-1.5569081411131411,nan,False,nan,False,0.5718526840209961,True,3,normal,6.862232208251953,0.0,0.0,0.0,0.0,0.0,0.0,4.0,13.5,5.0,0.0,0.0,0.0,12.0,0.0,0.00019437125592958182,12.014287862926722,-0.37442487478256226,4.0,13.5,5.0,0.0551803819835186,12.0,linear,4
1785141371200852044,3.9911234378814697,13.504354119300842,4.995993137359619,-0.03373468667268753,0.010359671898186207,-0.8535657525062561,0.18779392540454865,24.987957000732422,0.010668020695447922,world,200790998,1785141371,nan,False,True,True,True,1.9712320519284907,0.8081000417986183,4.0621833204868825,nan,False,nan,False,0.5718526840209961,True,3,normal,6.862232208251953,0.0,0.0,0.0,0.0,0.0,0.0,4.0,13.5,5.0,0.0,0.0,0.0,12.0,0.0,0.00019437125592958182,12.014287862926722,-0.37442487478256226,4.0,13.5,5.0,0.010668020695447922,12.0,linear,4
1785141371300841224,3.9892406463623047,13.503865480422974,4.986631870269775,0.014795723371207714,-0.006368132773786783,-0.209579735994339,0.18779392540454865,25.08795928955078,0.017590126022696495,world,300791410,1785141371,nan,False,True,True,True,1.9346657599405543,0.8721362931475081,2.2262967530594686,nan,False,nan,False,0.5718526840209961,True,3,normal,6.862232208251953,0.0,0.0,0.0,0.0,0.0,0.0,4.0,13.5,5.0,0.0,0.0,0.0,12.0,0.0,0.00019437125592958182,12.014287862926722,-0.37442487478256226,4.0,13.5,5.0,0.017590126022696495,12.0,linear,4
1785141371400836004,3.9934048652648926,13.501198410987854,5.038234233856201,0.061406224966049194,-0.023150121793150902,0.10859942436218262,0.18779392540454865,25.187965393066406,0.038817375898361206,world,400799696,1785141371,nan,False,True,True,True,1.6660785357639891,1.0085948902392925,-3.05835175988173,nan,False,nan,False,0.5718526840209961,True,3,normal,6.862232208251953,0.0,0.0,0.0,0.0,0.0,0.0,4.0,13.5,5.0,0.0,0.0,0.0,12.0,0.0,0.00019437125592958182,12.014287862926722,-0.37442487478256226,4.0,13.5,5.0,0.038817375898361206,12.0,linear,4
1785141371500835484,3.999253749847412,13.49819302558899,5.050320625305176,0.06278026849031448,-0.026615893468260765,-0.4941009283065796,0.18779392540454865,25.28795623779297,0.05035858973860741,world,500788285,1785141371,nan,False,True,True,True,1.4277492282341555,1.0938842039586727,-1.5977345653976156,nan,False,nan,False,0.5718526840209961,True,3,normal,6.862232208251953,0.0,0.0,0.0,0.0,0.0,0.0,4.0,13.5,5.0,0.0,0.0,0.0,12.0,0.0,0.00019437125592958182,12.014287862926722,-0.37442487478256226,4.0,13.5,5.0,0.05035858973860741,12.0,linear,4
1785141371600851394,4.0053815841674805,13.495214939117432,4.993261814117432,0.05556876212358475,-0.022388461977243423,-0.8352969288825989,0.18779392540454865,25.38796615600586,0.00986211933195591,world,600800568,1785141371,nan,False,True,True,True,1.350535688910274,1.125648966004686,3.8542279748036807,nan,False,nan,False,0.5718526840209961,True,3,normal,6.862232208251953,0.0,0.0,0.0,0.0,0.0,0.0,4.0,13.5,5.0,0.0,0.0,0.0,12.0,0.0,0.00019437125592958182,12.014287862926722,-0.37442487478256226,4.0,13.5,5.0,0.00986211933195591,12.0,linear,4
1785141371700844001,4.008191108703613,13.494395136833191,4.986349582672119,0.014091693796217442,0.006692732684314251,-0.18805499374866486,0.18779392540454865,25.487966537475586,0.01687728241086006,world,700801020,1785141371,nan,False,True,True,True,1.3754084247618232,1.094119275583397,1.9044474829076372,nan,False,nan,False,0.5718526840209961,True,3,normal,6.862232208251953,0.0,0.0,0.0,0.0,0.0,0.0,4.0,13.5,5.0,0.0,0.0,0.0,12.0,0.0,0.00019437125592958182,12.014287862926722,-0.37442487478256226,4.0,13.5,5.0,0.01687728241086006,12.0,linear,4
1785141371800861214,4.005980968475342,13.496946215629578,5.037898063659668,-0.03161149099469185,0.03244588524103165,0.09807591885328293,0.18779392540454865,25.587974548339844,0.03848845139145851,world,800809176,1785141371,nan,False,True,True,True,1.5938464504813146,0.9376605860244623,-3.2354519699977757,nan,False,nan,False,0.5718526840209961,True,3,normal,6.862232208251953,0.0,0.0,0.0,0.0,0.0,0.0,4.0,13.5,5.0,0.0,0.0,0.0,12.0,0.0,0.00019437125592958182,12.014287862926722,-0.37442487478256226,4.0,13.5,5.0,0.03848845139145851,12.0,linear,4
1785141371900868097,4.001838684082031,13.500286936759949,5.048174858093262,-0.042004913091659546,0.03313170373439789,-0.5058528780937195,0.18779392540454865,25.687965393066406,0.048210788518190384,world,900797083,1785141371,nan,False,True,True,True,1.7936667659530214,0.8084128895695593,-1.5864637604685377,nan,False,nan,False,0.5718526840209961,True,3,normal,6.862232208251953,0.0,0.0,0.0,0.0,0.0,0.0,4.0,13.5,5.0,0.0,0.0,0.0,12.0,0.0,0.00019437125592958182,12.014287862926722,-0.37442487478256226,4.0,13.5,5.0,0.048210788518190384,12.0,linear,4
1785141372000841658,3.996829032897949,13.503604292869568,4.9909892082214355,-0.04410795867443085,0.027872279286384583,-0.8129618763923645,0.18779392540454865,25.7879695892334,0.010209815576672554,world,803856,1785141372,nan,False,True,True,True,1.8824747732631237,0.7717745380264681,3.775590482672833,nan,False,nan,False,0.5718526840209961,True,3,normal,6.862232208251953,0.0,0.0,0.0,0.0,0.0,0.0,4.0,13.5,5.0,0.0,0.0,0.0,12.0,0.0,0.00019437125592958182,12.014287862926722,-0.37442487478256226,4.0,13.5,5.0,0.010209815576672554,12.0,linear,4
1785141372100863449,3.995748996734619,13.504685163497925,4.986791610717773,-0.009939879179000854,0.002948996378108859,-0.14759545028209686,0.18779392540454865,25.887968063354492,0.014645249582827091,world,100801082,1785141372,nan,False,True,True,True,1.8317152068264397,0.8053226673647261,1.5858926396955502,nan,False,nan,False,0.5718526840209961,True,3,normal,6.862232208251953,0.0,0.0,0.0,0.0,0.0,0.0,4.0,13.5,5.0,0.0,0.0,0.0,12.0,0.0,0.00019437125592958182,12.014287862926722,-0.37442487478256226,4.0,13.5,5.0,0.014645249582827091,12.0,linear,4
1785141372200870603,3.999119520187378,13.502913117408752,5.0411057472229,0.024310912936925888,-0.0214517991989851,0.09628428518772125,0.18779392540454865,25.987979888916016,0.04121824726462364,world,200812955,1785141372,nan,False,True,True,True,1.5900161425323178,0.9416970910902803,-3.6511714501902417,nan,False,nan,False,0.5718526840209961,True,3,normal,6.862232208251953,0.0,0.0,0.0,0.0,0.0,0.0,4.0,13.5,5.0,0.0,0.0,0.0,12.0,0.0,0.00019437125592958182,12.014287862926722,-0.37442487478256226,4.0,13.5,5.0,0.04121824726462364,12.0,linear,4
1785141372300844655,4.003098964691162,13.500282883644104,5.048740863800049,0.025153912603855133,-0.026274383068084717,-0.5451106429100037,0.18779392540454865,26.08797264099121,0.048840101808309555,world,300805591,1785141372,nan,False,True,True,True,1.437786256371492,1.05159883233022,-1.6051021919083426,nan,False,nan,False,0.5718526840209961,True,3,normal,6.862232208251953,0.0,0.0,0.0,0.0,0.0,0.0,4.0,13.5,5.0,0.0,0.0,0.0,12.0,0.0,0.00019437125592958182,12.014287862926722,-0.37442487478256226,4.0,13.5,5.0,0.048840101808309555,12.0,linear,4
1785141372400864904,4.006731033325195,13.49735164642334,4.987836837768555,0.01813635230064392,-0.0245225727558136,-0.8118900656700134,0.18779392540454865,26.187969207763672,0.014151434414088726,world,400801574,1785141372,nan,False,True,True,True,1.4117994672896907,1.0957931827451661,3.9373706899373575,nan,False,nan,False,0.5718526840209961,True,3,normal,6.862232208251953,0.0,0.0,0.0,0.0,0.0,0.0,4.0,13.5,5.0,0.0,0.0,0.0,12.0,0.0,0.00019437125592958182,12.014287862926722,-0.37442487478256226,4.0,13.5,5.0,0.014151434414088726,12.0,linear,4
1785141372500866677,4.008386135101318,13.494363903999329,4.9858856201171875,-0.014850110746920109,-0.00423659011721611,-0.11979707330465317,0.18779392540454865,26.287975311279297,0.017358241602778435,world,500807866,1785141372,nan,False,True,True,True,1.433738528301661,1.1450790217624498,1.3110628009919205,nan,False,nan,False,0.5718526840209961,True,3,normal,6.862232208251953,0.0,0.0,0.0,0.0,0.0,0.0,4.0,13.5,5.0,0.0,0.0,0.0,12.0,0.0,0.00019437125592958182,12.014287862926722,-0.37442487478256226,4.0,13.5,5.0,0.017358241602778435,12.0,linear,4
1785141372600852110,4.006170272827148,13.493738770484924,5.041696071624756,-0.04450521618127823,0.0176249947398901,0.10573078691959381,0.18779392540454865,26.387975692749023,0.04261264577507973,world,600807697,1785141372,nan,False,True,True,True,1.589587689973208,1.0996438365702517,-3.9189826768698914,nan,False,nan,False,0.5718526840209961,True,3,normal,6.862232208251953,0.0,0.0,0.0,0.0,0.0,0.0,4.0,13.5,5.0,0.0,0.0,0.0,12.0,0.0,0.00019437125592958182,12.014287862926722,-0.37442487478256226,4.0,13.5,5.0,0.04261264577507973,12.0,linear,4
1785141372700871297,4.002447128295898,13.49449598789215,5.049566268920898,-0.049714911729097366,0.019243959337472916,-0.5427800416946411,0.18779392540454865,26.48798370361328,0.04993093013763428,world,700817445,1785141372,nan,False,True,True,True,1.7506434003908562,1.0042095335930232,-1.7830565652000834,nan,False,nan,False,0.5718526840209961,True,3,normal,6.862232208251953,0.0,0.0,0.0,0.0,0.0,0.0,4.0,13.5,5.0,0.0,0.0,0.0,12.0,0.0,0.00019437125592958182,12.014287862926722,-0.37442487478256226,4.0,13.5,5.0,0.04993093013763428,12.0,linear,4
1785141372800869524,3.997957944869995,13.49600636959076,4.988127708435059,-0.04819615185260773,0.025837352499365807,-0.8303046226501465,0.18779392540454865,26.58797836303711,0.012691350653767586,world,800811565,1785141372,nan,False,True,True,True,1.8285464099406668,0.9620230349735222,3.7950244699304108,nan,False,nan,False,0.5718526840209961,True,3,normal,6.862232208251953,0.0,0.0,0.0,0.0,0.0,0.0,4.0,13.5,5.0,0.0,0.0,0.0,12.0,0.0,0.00019437125592958182,12.014287862926722,-0.37442487478256226,4.0,13.5,5.0,0.012691350653767586,12.0,linear,4
1785141372900864225,3.997042417526245,13.496767282485962,4.9841790199279785,-0.018211757764220238,0.03287428244948387,-0.1316308230161667,0.18779392540454865,26.687984466552734,0.016416490077972412,world,900817727,1785141372,nan,False,True,True,True,1.7795117909207594,0.9564754613874941,1.3291684723890855,nan,False,nan,False,0.5718526840209961,True,3,normal,6.862232208251953,0.0,0.0,0.0,0.0,0.0,0.0,4.0,13.5,5.0,0.0,0.0,0.0,12.0,0.0,0.00019437125592958182,12.014287862926722,-0.37442487478256226,4.0,13.5,5.0,0.016416490077972412,12.0,linear,4
1785141373000889944,3.9996728897094727,13.497812032699585,5.040520191192627,0.011022815480828285,0.02816247008740902,0.12516722083091736,0.18779392540454865,26.787994384765625,0.04058053717017174,world,830632,1785141373,nan,False,True,True,True,1.5764199992200314,0.9649815203532962,-4.051207111275408,nan,False,nan,False,0.5718526840209961,True,3,normal,6.862232208251953,0.0,0.0,0.0,0.0,0.0,0.0,4.0,13.5,5.0,0.0,0.0,0.0,12.0,0.0,0.00019437125592958182,12.014287862926722,-0.37442487478256226,4.0,13.5,5.0,0.04058053717017174,12.0,linear,4
1785141373100878012,4.002507209777832,13.498801708221436,5.050936222076416,0.009991533122956753,0.02312607318162918,-0.5251230597496033,0.18779392540454865,26.887989044189453,0.05101196467876434,world,100822447,1785141373,nan,False,True,True,True,1.4675313074087766,0.9453844802904238,-2.1299425800450402,nan,False,nan,False,0.5718526840209961,True,3,normal,6.862232208251953,0.0,0.0,0.0,0.0,0.0,0.0,4.0,13.5,5.0,0.0,0.0,0.0,12.0,0.0,0.00019437125592958182,12.014287862926722,-0.37442487478256226,4.0,13.5,5.0,0.05101196467876434,12.0,linear,4
1785141373200876690,4.004742622375488,13.499739527702332,4.990058422088623,0.0045308321714401245,0.01589513197541237,-0.8584547638893127,0.18779392540454865,26.987993240356445,0.011017953045666218,world,200827427,1785141373,nan,False,True,True,True,1.4680811866405752,0.9386527314540655,3.5246297916543874,nan,False,nan,False,0.5718526840209961,True,3,normal,6.862232208251953,0.0,0.0,0.0,0.0,0.0,0.0,4.0,13.5,5.0,0.0,0.0,0.0,12.0,0.0,0.00019437125592958182,12.014287862926722,-0.37442487478256226,4.0,13.5,5.0,0.011017953045666218,12.0,linear,4
1785141373300880768,4.005220413208008,13.49866783618927,4.982966423034668,-0.020946256816387177,0.008646901696920395,-0.17625443637371063,0.18779392540454865,27.087980270385742,0.017865333706140518,world,300812920,1785141373,nan,False,True,True,True,1.5079543333081817,1.001672529037214,1.3999621090102843,nan,False,nan,False,0.5718526840209961,True,3,normal,6.862232208251953,0.0,0.0,0.0,0.0,0.0,0.0,4.0,13.5,5.0,0.0,0.0,0.0,12.0,0.0,0.00019437125592958182,12.014287862926722,-0.37442487478256226,4.0,13.5,5.0,0.017865333706140518,12.0,linear,4
1785141373400884185,4.002553939819336,13.49714469909668,5.037432670593262,-0.04380941390991211,0.004663578700274229,0.12758980691432953,0.18779392540454865,27.187984466552734,0.037628185003995895,world,400817689,1785141373,nan,False,True,True,True,1.6468721782007554,1.0761481788721028,-3.9871805466136783,nan,False,nan,False,0.5718526840209961,True,3,normal,6.862232208251953,0.0,0.0,0.0,0.0,0.0,0.0,4.0,13.5,5.0,0.0,0.0,0.0,12.0,0.0,0.00019437125592958182,12.014287862926722,-0.37442487478256226,4.0,13.5,5.0,0.037628185003995895,12.0,linear,4
1785141373500861512,3.998749256134033,13.496074795722961,5.049620151519775,-0.0483960323035717,0.002580184256657958,-0.5013531446456909,0.18779392540454865,27.28799057006836,0.0497908741235733,world,500823360,1785141373,nan,False,True,True,True,1.7873392679223732,1.082577845305438,-2.3602870495308523,nan,False,nan,False,0.5718526840209961,True,3,normal,6.862232208251953,0.0,0.0,0.0,0.0,0.0,0.0,4.0,13.5,5.0,0.0,0.0,0.0,12.0,0.0,0.00019437125592958182,12.014287862926722,-0.37442487478256226,4.0,13.5,5.0,0.0497908741235733,12.0,linear,4
1785141373600868065,3.9942195415496826,13.495414018630981,4.990810871124268,-0.045142944902181625,0.007173843216150999,-0.8414381146430969,0.18779392540454865,27.387989044189453,0.011784948408603668,world,600821076,1785141373,nan,False,True,True,True,1.8658597813930364,1.0754834041096712,3.245023761957106,nan,False,nan,False,0.5718526840209961,True,3,normal,6.862232208251953,0.0,0.0,0.0,0.0,0.0,0.0,4.0,13.5,5.0,0.0,0.0,0.0,12.0,0.0,0.00019437125592958182,12.014287862926722,-0.37442487478256226,4.0,13.5,5.0,0.011784948408603668,12.0,linear,4
1785141373700864709,3.9944570064544678,13.49424159526825,4.984216213226318,-0.011087830178439617,0.02561563067138195,-0.1745830774307251,0.18779392540454865,27.487987518310547,0.017692143097519875,world,700820025,1785141373,nan,False,True,True,True,1.7771651215399236,1.099439433088923,1.1974515484220412,nan,False,nan,False,0.5718526840209961,True,3,normal,6.862232208251953,0.0,0.0,0.0,0.0,0.0,0.0,4.0,13.5,5.0,0.0,0.0,0.0,12.0,0.0,0.00019437125592958182,12.014287862926722,-0.37442487478256226,4.0,13.5,5.0,0.017692143097519875,12.0,linear,4
1785141373800878907,3.9987521171569824,13.494976878166199,5.038203239440918,0.020463617518544197,0.03690885007381439,0.11890291422605515,0.18779392540454865,27.588003158569336,0.03855225816369057,world,800838370,1785141373,nan,False,True,True,True,1.5203585991916555,1.0646856659469524,-4.124198883507971,nan,False,nan,False,0.5718526840209961,True,3,normal,6.862232208251953,0.0,0.0,0.0,0.0,0.0,0.0,4.0,13.5,5.0,0.0,0.0,0.0,12.0,0.0,0.00019437125592958182,12.014287862926722,-0.37442487478256226,4.0,13.5,5.0,0.03855225816369057,12.0,linear,4
1785141373900919093,4.002995491027832,13.4966961145401,5.050579071044922,0.01947004348039627,0.03566494584083557,-0.499186635017395,0.18779392540454865,27.68800163269043,0.050775300711393356,world,900837639,1785141373,nan,False,True,True,True,1.3933942723998838,0.9759681047079359,-2.5353771449790123,nan,False,nan,False,0.5718526840209961,True,3,normal,6.862232208251953,0.0,0.0,0.0,0.0,0.0,0.0,4.0,13.5,5.0,0.0,0.0,0.0,12.0,0.0,0.00019437125592958182,12.014287862926722,-0.37442487478256226,4.0,13.5,5.0,0.050775300711393356,12.0,linear,4
1785141374000898985,4.006353855133057,13.499025106430054,4.992860794067383,0.0092829754576087,0.03354422375559807,-0.8393862247467041,0.18779392540454865,27.788002014160156,0.009606776759028435,world,838561,1785141374,nan,False,True,True,True,1.3948385255083655,0.9285655073614495,2.9857493567186504,nan,False,nan,False,0.5718526840209961,True,3,normal,6.862232208251953,0.0,0.0,0.0,0.0,0.0,0.0,4.0,13.5,5.0,0.0,0.0,0.0,12.0,0.0,0.00019437125592958182,12.014287862926722,-0.37442487478256226,4.0,13.5,5.0,0.009606776759028435,12.0,linear,4
1785141374100885631,4.008495807647705,13.500005960464478,4.9849772453308105,-0.029180308803915977,0.02871512621641159,-0.19286035001277924,0.18779392540454865,27.88799285888672,0.017258677631616592,world,100825677,1785141374,nan,False,True,True,True,1.40403448331891,0.9355506787025102,1.0988659621979775,nan,False,nan,False,0.5718526840209961,True,3,normal,6.862232208251953,0.0,0.0,0.0,0.0,0.0,0.0,4.0,13.5,5.0,0.0,0.0,0.0,12.0,0.0,0.00019437125592958182,12.014287862926722,-0.37442487478256226,4.0,13.5,5.0,0.017258677631616592,12.0,linear,4
1785141374200900179,4.006316661834717,13.50050175189972,5.038091659545898,-0.06182252988219261,0.018985683098435402,0.12689590454101562,0.18779392540454865,27.988006591796875,0.03861510753631592,world,200841888,1785141374,nan,False,True,True,True,1.5490434146750431,0.9757538704306253,-4.203678731021472,nan,False,nan,False,0.5718526840209961,True,3,normal,6.862232208251953,0.0,0.0,0.0,0.0,0.0,0.0,4.0,13.5,5.0,0.0,0.0,0.0,12.0,0.0,0.00019437125592958182,12.014287862926722,-0.37442487478256226,4.0,13.5,5.0,0.03861510753631592,12.0,linear,4
1785141374300910869,4.001925945281982,13.500857830047607,5.050834655761719,-0.0691777691245079,0.014575914479792118,-0.48991015553474426,0.18779392540454865,28.088008880615234,0.05087835714221001,world,300847289,1785141374,nan,False,True,True,True,1.7503386972201365,0.9811765339718094,-2.7250430316838434,nan,False,nan,False,0.5718526840209961,True,3,normal,6.862232208251953,0.0,0.0,0.0,0.0,0.0,0.0,4.0,13.5,5.0,0.0,0.0,0.0,12.0,0.0,0.00019437125592958182,12.014287862926722,-0.37442487478256226,4.0,13.5,5.0,0.05087835714221001,12.0,linear,4
1785141374400909888,3.996187686920166,13.50119686126709,4.992719650268555,-0.06799427419900894,0.008633268997073174,-0.8420344591140747,0.18779392540454865,28.18800163269043,0.008304799906909466,world,400835066,1785141374,nan,False,True,True,True,1.8690084814321277,0.9766176827611104,2.8487056892847775,nan,False,nan,False,0.5718526840209961,True,3,normal,6.862232208251953,0.0,0.0,0.0,0.0,0.0,0.0,4.0,13.5,5.0,0.0,0.0,0.0,12.0,0.0,0.00019437125592958182,12.014287862926722,-0.37442487478256226,4.0,13.5,5.0,0.008304799906909466,12.0,linear,4
1785141374500903406,3.9959561824798584,13.500725984573364,4.985411643981934,-0.031797658652067184,0.0068398346193134785,-0.17909109592437744,0.18779392540454865,28.288007736206055,0.015155845321714878,world,500843202,1785141374,nan,False,True,True,True,1.7816987922161303,1.0004154788763753,0.9050259843020049,nan,False,nan,False,0.5718526840209961,True,3,normal,6.862232208251953,0.0,0.0,0.0,0.0,0.0,0.0,4.0,13.5,5.0,0.0,0.0,0.0,12.0,0.0,0.00019437125592958182,12.014287862926722,-0.37442487478256226,4.0,13.5,5.0,0.015155845321714878,12.0,linear,4
1785141374600915449,4.0000433921813965,13.500446557998657,5.03887414932251,0.004848303273320198,0.007744339294731617,0.12748295068740845,0.18779392540454865,28.38800048828125,0.0388767383992672,world,600834045,1785141374,nan,False,True,True,True,1.4965290271313285,1.017176137047282,-4.413159712526221,nan,False,nan,False,0.5718526840209961,True,3,normal,6.862232208251953,0.0,0.0,0.0,0.0,0.0,0.0,4.0,13.5,5.0,0.0,0.0,0.0,12.0,0.0,0.00019437125592958182,12.014287862926722,-0.37442487478256226,4.0,13.5,5.0,0.0388767383992672,12.0,linear,4
1785141374700895903,4.0039215087890625,13.500544309616089,5.050776958465576,0.0043677776120603085,0.00661820312961936,-0.4990026652812958,0.18779392540454865,28.488000869750977,0.05093106999993324,world,700834336,1785141374,nan,False,True,True,True,1.3734899186920955,0.9966150523142511,-2.833490254177568,nan,False,nan,False,0.5718526840209961,True,3,normal,6.862232208251953,0.0,0.0,0.0,0.0,0.0,0.0,4.0,13.5,5.0,0.0,0.0,0.0,12.0,0.0,0.00019437125592958182,12.014287862926722,-0.37442487478256226,4.0,13.5,5.0,0.05093106999993324,12.0,linear,4
1785141374800889701,4.0066704750061035,13.500872015953064,4.991652011871338,-0.0039299773052334785,0.007030606269836426,-0.8425916433334351,0.18779392540454865,28.588008880615234,0.010721219703555107,world,800841641,1785141374,nan,False,True,True,True,1.3925483040278817,0.981538854443409,2.7730337258761892,nan,False,nan,False,0.5718526840209961,True,3,normal,6.862232208251953,0.0,0.0,0.0,0.0,0.0,0.0,4.0,13.5,5.0,0.0,0.0,0.0,12.0,0.0,0.00019437125592958182,12.014287862926722,-0.37442487478256226,4.0,13.5,5.0,0.010721219703555107,12.0,linear,4
1785141374900900793,4.010529041290283,13.500315070152283,4.9843244552612305,-0.03814837709069252,0.01159664522856474,-0.18034201860427856,0.18779392540454865,28.688007354736328,0.01888604462146759,world,900840689,1785141374,nan,False,True,True,True,1.3305381941382886,1.0040672206522905,0.7688395829891519,nan,False,nan,False,0.5718526840209961,True,3,normal,6.862232208251953,0.0,0.0,0.0,0.0,0.0,0.0,4.0,13.5,5.0,0.0,0.0,0.0,12.0,0.0,0.00019437125592958182,12.014287862926722,-0.37442487478256226,4.0,13.5,5.0,0.01888604462146759,12.0,linear,4
1785141375000900252,4.010334014892578,13.500025749206543,5.038579940795898,-0.06963375955820084,0.011509426869452,0.13295550644397736,0.18779392540454865,28.788015365600586,0.039940010756254196,world,852302,1785141375,nan,False,True,True,True,1.389312066215563,1.019764689178052,-4.608922615747197,nan,False,nan,False,0.5718526840209961,True,3,normal,6.862232208251953,0.0,0.0,0.0,0.0,0.0,0.0,4.0,13.5,5.0,0.0,0.0,0.0,12.0,0.0,0.00019437125592958182,12.014287862926722,-0.37442487478256226,4.0,13.5,5.0,0.039940010756254196,12.0,linear,4
1785141375100899882,4.007124900817871,13.499973058700562,5.051513195037842,-0.07774358987808228,0.009537744335830212,-0.49147361516952515,0.18779392540454865,28.88801383972168,0.05200359970331192,world,100848214,1785141375,nan,False,True,True,True,1.5964291695916235,1.007347890758686,-3.0712915915159726,nan,False,nan,False,0.5718526840209961,True,3,normal,6.862232208251953,0.0,0.0,0.0,0.0,0.0,0.0,4.0,13.5,5.0,0.0,0.0,0.0,12.0,0.0,0.00019437125592958182,12.014287862926722,-0.37442487478256226,4.0,13.5,5.0,0.05200359970331192,12.0,linear,4
1785141375200942142,4.001989364624023,13.500202894210815,4.993322849273682,-0.08179450780153275,0.008313344791531563,-0.8524126410484314,0.18779392540454865,28.98802375793457,0.006970156449824572,world,200859085,1785141375,nan,False,True,True,True,1.7326767319638252,0.9921378077839339,2.5096262841635277,nan,False,nan,False,0.5718526840209961,True,3,normal,6.862232208251953,0.0,0.0,0.0,0.0,0.0,0.0,4.0,13.5,5.0,0.0,0.0,0.0,12.0,0.0,0.00019437125592958182,12.014287862926722,-0.37442487478256226,4.0,13.5,5.0,0.006970156449824572,12.0,linear,4
1785141375300902358,4.0010833740234375,13.499656081199646,4.985464572906494,-0.06551585346460342,0.009959927760064602,-0.18764600157737732,0.18779392540454865,29.0880069732666,0.014579801820218563,world,300838477,1785141375,nan,False,True,True,True,1.6874610423965872,1.012709096906767,0.6268261016470931,nan,False,nan,False,0.5718526840209961,True,3,normal,6.862232208251953,0.0,0.0,0.0,0.0,0.0,0.0,4.0,13.5,5.0,0.0,0.0,0.0,12.0,0.0,0.00019437125592958182,12.014287862926722,-0.37442487478256226,4.0,13.5,5.0,0.014579801820218563,12.0,linear,4
1785141375400901617,4.002391815185547,13.49944281578064,5.038817882537842,-0.03730250522494316,0.011173740029335022,0.11272783577442169,0.18779392540454865,29.18800926208496,0.038895491510629654,world,400840772,1785141375,nan,False,True,True,True,1.5067698184319192,1.0261226217304835,-4.7383912814358355,nan,False,nan,False,0.5718526840209961,True,3,normal,6.862232208251953,0.0,0.0,0.0,0.0,0.0,0.0,4.0,13.5,5.0,0.0,0.0,0.0,12.0,0.0,0.00019437125592958182,12.014287862926722,-0.37442487478256226,4.0,13.5,5.0,0.038895491510629654,12.0,linear,4
1785141375500901407,4.003276824951172,13.499591588973999,5.0498127937316895,-0.03635145351290703,0.009055501781404018,-0.5115300416946411,0.18779392540454865,29.288013458251953,0.04992212727665901,world,500845631,1785141375,nan,False,True,True,True,1.4666074719054714,1.004088858302328,-3.0694566112235675,nan,False,nan,False,0.5718526840209961,True,3,normal,6.862232208251953,0.0,0.0,0.0,0.0,0.0,0.0,4.0,13.5,5.0,0.0,0.0,0.0,12.0,0.0,0.00019437125592958182,12.014287862926722,-0.37442487478256226,4.0,13.5,5.0,0.04992212727665901,12.0,linear,4
1785141375600892631,4.002726078033447,13.499873161315918,4.990520000457764,-0.03742370754480362,0.008043689653277397,-0.8423249125480652,0.18779392540454865,29.388019561767578,0.009864987805485725,world,600852825,1785141375,nan,False,True,True,True,1.526609041587575,0.993040497018797,2.5067639154129298,nan,False,nan,False,0.5718526840209961,True,3,normal,6.862232208251953,0.0,0.0,0.0,0.0,0.0,0.0,4.0,13.5,5.0,0.0,0.0,0.0,12.0,0.0,0.00019437125592958182,12.014287862926722,-0.37442487478256226,4.0,13.5,5.0,0.009864987805485725,12.0,linear,4
1785141375700887361,4.004749298095703,13.49957537651062,4.985215187072754,-0.04396822676062584,0.011681107804179192,-0.17023253440856934,0.18779392540454865,29.488014221191406,0.015534698031842709,world,700848217,1785141375,nan,False,True,True,True,1.4689857895476814,1.008120806546382,0.31149761579051294,nan,False,nan,False,0.5718526840209961,True,3,normal,6.862232208251953,0.0,0.0,0.0,0.0,0.0,0.0,4.0,13.5,5.0,0.0,0.0,0.0,12.0,0.0,0.00019437125592958182,12.014287862926722,-0.37442487478256226,4.0,13.5,5.0,0.015534698031842709,12.0,linear,4
1785141375800908151,4.005451679229736,13.499685168266296,5.039236545562744,-0.05142885819077492,0.012687659822404385,0.09561274945735931,0.18779392540454865,29.588016510009766,0.0396147258579731,world,800849991,1785141375,nan,False,True,True,True,1.419301569216722,1.0124969323977207,-4.964004324515991,nan,False,nan,False,0.5718526840209961,True,3,normal,6.862232208251953,0.0,0.0,0.0,0.0,0.0,0.0,4.0,13.5,5.0,0.0,0.0,0.0,12.0,0.0,0.00019437125592958182,12.014287862926722,-0.37442487478256226,4.0,13.5,5.0,0.0396147258579731,12.0,linear,4
1785141375900950822,4.004040718078613,13.500044345855713,5.048845291137695,-0.0560801662504673,0.009959517046809196,-0.5336299538612366,0.18779392540454865,29.688030242919922,0.049012161791324615,world,900864168,1785141375,nan,False,True,True,True,1.5283733332873344,0.9887596975671549,-3.1045219787859373,nan,False,nan,False,0.5718526840209961,True,3,normal,6.862232208251953,0.0,0.0,0.0,0.0,0.0,0.0,4.0,13.5,5.0,0.0,0.0,0.0,12.0,0.0,0.00019437125592958182,12.014287862926722,-0.37442487478256226,4.0,13.5,5.0,0.049012161791324615,12.0,linear,4
1785141376000894666,4.000773906707764,13.500508308410645,4.9891581535339355,-0.06133686751127243,0.008455085568130016,-0.8473117351531982,0.18779392540454865,29.788021087646484,0.010881311260163784,world,855923,1785141376,nan,False,True,True,True,1.6406884314177967,0.978303643737492,2.406426735189953,nan,False,nan,False,0.5718526840209961,True,3,normal,6.862232208251953,0.0,0.0,0.0,0.0,0.0,0.0,4.0,13.5,5.0,0.0,0.0,0.0,12.0,0.0,0.00019437125592958182,12.014287862926722,-0.37442487478256226,4.0,13.5,5.0,0.010881311260163784,12.0,linear,4
1785141376100899907,4.001601219177246,13.49996566772461,4.983209133148193,-0.055664535611867905,0.008221456781029701,-0.17260673642158508,0.18779392540454865,29.88802146911621,0.016867076978087425,world,100855372,1785141376,nan,False,True,True,True,1.5754503345516369,1.0061078418149474,0.2494873358061046,nan,False,nan,False,0.5718526840209961,True,3,normal,6.862232208251953,0.0,0.0,0.0,0.0,0.0,0.0,4.0,13.5,5.0,0.0,0.0,0.0,12.0,0.0,0.00019437125592958182,12.014287862926722,-0.37442487478256226,4.0,13.5,5.0,0.016867076978087425,12.0,linear,4
1785141376200921748,4.003174304962158,13.499444484710693,5.038443088531494,-0.04364635795354843,0.007076920475810766,0.1195780485868454,0.18779392540454865,29.98802947998047,0.03857791796326637,world,200863338,1785141376,nan,False,True,True,True,1.4306926861106952,1.035856955608156,-5.139994045486203,nan,False,nan,False,0.5718526840209961,True,3,normal,6.862232208251953,0.0,0.0,0.0,0.0,0.0,0.0,4.0,13.5,5.0,0.0,0.0,0.0,12.0,0.0,0.00019437125592958182,12.014287862926722,-0.37442487478256226,4.0,13.5,5.0,0.03857791796326637,12.0,linear,4
1785141376300905759,4.003271579742432,13.49922502040863,5.04987907409668,-0.04514392092823982,0.005233977921307087,-0.5139610171318054,0.18779392540454865,30.088024139404297,0.049992259591817856,world,300858609,1785141376,nan,False,True,True,True,1.4631846195032119,1.0261694422500003,-3.3946572868841622,nan,False,nan,False,0.5718526840209961,True,3,normal,6.862232208251953,0.0,0.0,0.0,0.0,0.0,0.0,4.0,13.5,5.0,0.0,0.0,0.0,12.0,0.0,0.00019437125592958182,12.014287862926722,-0.37442487478256226,4.0,13.5,5.0,0.049992259591817856,12.0,linear,4
1785141376400918583,4.001687049865723,13.499255418777466,4.991029739379883,-0.048290450125932693,0.0059552183374762535,-0.8396713733673096,0.18779392540454865,30.188024520874023,0.009157844819128513,world,400858730,1785141376,nan,False,True,True,True,1.552855992145325,1.0151767976749162,2.18074018993289,nan,False,nan,False,0.5718526840209961,True,3,normal,6.862232208251953,0.0,0.0,0.0,0.0,0.0,0.0,4.0,13.5,5.0,0.0,0.0,0.0,12.0,0.0,0.00019437125592958182,12.014287862926722,-0.37442487478256226,4.0,13.5,5.0,0.009157844819128513,12.0,linear,4
1785141376500931368,4.003645420074463,13.498396158218384,4.985766410827637,-0.052890390157699585,0.011631914414465427,-0.16703319549560547,0.18779392540454865,30.288034439086914,0.014780272729694843,world,500867647,1785141376,nan,False,True,True,True,1.4785378729269654,1.0427953726569172,-0.0016201608648627186,nan,False,nan,False,0.5718526840209961,True,3,normal,6.862232208251953,0.0,0.0,0.0,0.0,0.0,0.0,4.0,13.5,5.0,0.0,0.0,0.0,12.0,0.0,0.00019437125592958182,12.014287862926722,-0.37442487478256226,4.0,13.5,5.0,0.014780272729694843,12.0,linear,4
1785141376600909377,4.004918575286865,13.498108863830566,5.0420708656311035,-0.05255211517214775,0.014956866391003132,0.1398395597934723,0.18779392540454865,30.388025283813477,0.04239960387349129,world,600857419,1785141376,nan,False,True,True,True,1.3852597681505427,1.0556080334907225,-5.416071607225847,nan,False,nan,False,0.5718526840209961,True,3,normal,6.862232208251953,0.0,0.0,0.0,0.0,0.0,0.0,4.0,13.5,5.0,0.0,0.0,0.0,12.0,0.0,0.00019437125592958182,12.014287862926722,-0.37442487478256226,4.0,13.5,5.0,0.04239960387349129,12.0,linear,4
1785141376700903616,4.004154205322266,13.498382091522217,5.055056571960449,-0.05634642019867897,0.013546336442232132,-0.5086588263511658,0.18779392540454865,30.48802375793457,0.05523677542805672,world,700855716,1785141376,nan,False,True,True,True,1.4725313262599502,1.0214390394318151,-3.7751904622270103,nan,False,nan,False,0.5718526840209961,True,3,normal,6.862232208251953,0.0,0.0,0.0,0.0,0.0,0.0,4.0,13.5,5.0,0.0,0.0,0.0,12.0,0.0,0.00019437125592958182,12.014287862926722,-0.37442487478256226,4.0,13.5,5.0,0.05523677542805672,12.0,linear,4
1785141376800921030,4.001499652862549,13.498792171478271,4.9949259757995605,-0.05992625653743744,0.011381546035408974,-0.875672459602356,0.18779392540454865,30.588029861450195,0.0054271104745566845,world,800863110,1785141376,nan,False,True,True,True,1.5817598035198313,1.007046047824006,1.968359678404504,nan,False,nan,False,0.5718526840209961,True,3,normal,6.862232208251953,0.0,0.0,0.0,0.0,0.0,0.0,4.0,13.5,5.0,0.0,0.0,0.0,12.0,0.0,0.00019437125592958182,12.014287862926722,-0.37442487478256226,4.0,13.5,5.0,0.0054271104745566845,12.0,linear,4
1785141376900936539,4.002764701843262,13.498615980148315,4.984662055969238,-0.06016789376735687,0.014225749298930168,-0.22266797721385956,0.18779392540454865,30.688039779663086,0.01564645767211914,world,900874673,1785141376,nan,False,True,True,True,1.5129328729778022,1.0243015717369601,0.16003419546808195,nan,False,nan,False,0.5718526840209961,True,3,normal,6.862232208251953,0.0,0.0,0.0,0.0,0.0,0.0,4.0,13.5,5.0,0.0,0.0,0.0,12.0,0.0,0.00019437125592958182,12.014287862926722,-0.37442487478256226,4.0,13.5,5.0,0.01564645767211914,12.0,linear,4
1785141377000921972,4.0039896965026855,13.498998641967773,5.037296772003174,-0.05280133709311485,0.015579385682940483,0.12881535291671753,0.18779392540454865,30.788040161132812,0.03752291947603226,world,876927,1785141377,nan,False,True,True,True,1.3942690696554954,1.0222818536962086,-5.242011111700883,nan,False,nan,False,0.5718526840209961,True,3,normal,6.862232208251953,0.0,0.0,0.0,0.0,0.0,0.0,4.0,13.5,5.0,0.0,0.0,0.0,12.0,0.0,0.00019437125592958182,12.014287862926722,-0.37442487478256226,4.0,13.5,5.0,0.03752291947603226,12.0,linear,4
1785141377100932823,4.003393650054932,13.499710083007812,5.0520100593566895,-0.05555334314703941,0.013244136236608028,-0.475465327501297,0.18779392540454865,30.888032913208008,0.05212146416306496,world,100866889,1785141377,nan,False,True,True,True,1.4615681405299492,0.9885481746104736,-3.98083298635603,nan,False,nan,False,0.5718526840209961,True,3,normal,6.862232208251953,0.0,0.0,0.0,0.0,0.0,0.0,4.0,13.5,5.0,0.0,0.0,0.0,12.0,0.0,0.00019437125592958182,12.014287862926722,-0.37442487478256226,4.0,13.5,5.0,0.05212146416306496,12.0,linear,4
1785141377200932954,4.000907897949219,13.500458717346191,4.995523452758789,-0.058835189789533615,0.01150475163012743,-0.8501651883125305,0.18779392540454865,30.988033294677734,0.004590661730617285,world,200865056,1785141377,nan,False,True,True,True,1.568268485850584,0.9770849410181569,1.5663743039088849,nan,False,nan,False,0.5718526840209961,True,3,normal,6.862232208251953,0.0,0.0,0.0,0.0,0.0,0.0,4.0,13.5,5.0,0.0,0.0,0.0,12.0,0.0,0.00019437125592958182,12.014287862926722,-0.37442487478256226,4.0,13.5,5.0,0.004590661730617285,12.0,linear,4
1785141377300940449,4.003043174743652,13.499137043952942,4.987255573272705,-0.05843505635857582,0.00903870165348053,-0.20322033762931824,0.18779392540454865,31.08803939819336,0.013131109066307545,world,300871388,1785141377,nan,False,True,True,True,1.4740181965298516,1.0403234066617673,-0.18332231558744283,nan,False,nan,False,0.5718526840209961,True,3,normal,6.862232208251953,0.0,0.0,0.0,0.0,0.0,0.0,4.0,13.5,5.0,0.0,0.0,0.0,12.0,0.0,0.00019437125592958182,12.014287862926722,-0.37442487478256226,4.0,13.5,5.0,0.013131109066307545,12.0,linear,4
1785141377400954676,4.005160331726074,13.497480034828186,5.041269779205322,-0.05192306637763977,0.006417826749384403,0.13511258363723755,0.18779392540454865,31.188039779663086,0.04166742041707039,world,400874104,1785141377,nan,False,True,True,True,1.3288705738960038,1.1171555425860928,-5.591318853639335,nan,False,nan,False,0.5718526840209961,True,3,normal,6.862232208251953,0.0,0.0,0.0,0.0,0.0,0.0,4.0,13.5,5.0,0.0,0.0,0.0,12.0,0.0,0.00019437125592958182,12.014287862926722,-0.37442487478256226,4.0,13.5,5.0,0.04166742041707039,12.0,linear,4
1785141377500889934,4.005132675170898,13.496372818946838,5.054623603820801,-0.05574845150113106,0.004108114168047905,-0.4948441684246063,0.18779392540454865,31.288009643554688,0.05498398840427399,world,500846472,1785141377,nan,False,True,True,True,1.3976261523482805,1.116949087510656,-4.137415275149127,nan,False,nan,False,0.5718526840209961,True,3,normal,6.862232208251953,0.0,0.0,0.0,0.0,0.0,0.0,4.0,13.5,5.0,0.0,0.0,0.0,12.0,0.0,0.00019437125592958182,12.014287862926722,-0.37442487478256226,4.0,13.5,5.0,0.05498398840427399,12.0,linear,4
1785141377600924219,4.002817153930664,13.495633959770203,4.9950385093688965,-0.06287889182567596,0.0066290651448071,-0.8808707594871521,0.18779392540454865,31.38802146911621,0.007184361573308706,world,600855439,1785141377,nan,False,True,True,True,1.5165533710875225,1.1092171913170825,1.5532835073317641,nan,False,nan,False,0.5718526840209961,True,3,normal,6.862232208251953,0.0,0.0,0.0,0.0,0.0,0.0,4.0,13.5,5.0,0.0,0.0,0.0,12.0,0.0,0.00019437125592958182,12.014287862926722,-0.37442487478256226,4.0,13.5,5.0,0.007184361573308706,12.0,linear,4
1785141377700891688,4.004606246948242,13.496208906173706,4.984518527984619,-0.07035274058580399,0.023267315700650215,-0.22709329426288605,0.18779392540454865,31.488008499145508,0.016591139137744904,world,700840982,1785141377,nan,False,True,True,True,1.4445399994608876,1.0708264124237354,-0.16710270137916305,nan,False,nan,False,0.5718526840209961,True,3,normal,6.862232208251953,0.0,0.0,0.0,0.0,0.0,0.0,4.0,13.5,5.0,0.0,0.0,0.0,12.0,0.0,0.00019437125592958182,12.014287862926722,-0.37442487478256226,4.0,13.5,5.0,0.016591139137744904,12.0,linear,4
1785141377800889595,4.005588054656982,13.498846411705017,5.034810543060303,-0.0677982047200203,0.033525656908750534,0.09891082346439362,0.18779392540454865,31.588010787963867,0.03527507558465004,world,800844399,1785141377,nan,False,True,True,True,1.3393830363473653,0.966114270479896,-5.4339341116732065,nan,False,nan,False,0.5718526840209961,True,3,normal,6.862232208251953,0.0,0.0,0.0,0.0,0.0,0.0,4.0,13.5,5.0,0.0,0.0,0.0,12.0,0.0,0.00019437125592958182,12.014287862926722,-0.37442487478256226,4.0,13.5,5.0,0.03527507558465004,12.0,linear,4
1785141377900881640,4.004289150238037,13.501665234565735,5.046814918518066,-0.0708872377872467,0.030149009078741074,-0.4876675307750702,0.18779392540454865,31.687986373901367,0.04704047739505768,world,900819853,1785141377,nan,False,True,True,True,1.4434197865668186,0.8837534106912821,-4.0210002731425964,nan,False,nan,False,0.5718526840209961,True,3,normal,6.862232208251953,0.0,0.0,0.0,0.0,0.0,0.0,4.0,13.5,5.0,0.0,0.0,0.0,12.0,0.0,0.00019437125592958182,12.014287862926722,-0.37442487478256226,4.0,13.5,5.0,0.04704047739505768,12.0,linear,4
1785141378000929481,4.000747203826904,13.504351615905762,4.990553855895996,-0.07382341474294662,0.022201042622327805,-0.8249658346176147,0.18779392540454865,31.788028717041016,0.01042710430920124,world,863436,1785141378,nan,False,True,True,True,1.576915076311086,0.8611437114983704,1.358150613312558,nan,False,nan,False,0.5718526840209961,True,3,normal,6.862232208251953,0.0,0.0,0.0,0.0,0.0,0.0,4.0,13.5,5.0,0.0,0.0,0.0,12.0,0.0,0.00019437125592958182,12.014287862926722,-0.37442487478256226,4.0,13.5,5.0,0.01042710430920124,12.0,linear,4
1785141378100914243,3.999608039855957,13.503751516342163,4.985233783721924,-0.06966942548751831,-0.0016936311731114984,-0.16197828948497772,0.18779392540454865,31.88801383972168,0.015240362845361233,world,100848318,1785141378,nan,False,True,True,True,1.5820348859753237,0.9409093974114663,-0.6455997785566552,nan,False,nan,False,0.5718526840209961,True,3,normal,6.862232208251953,0.0,0.0,0.0,0.0,0.0,0.0,4.0,13.5,5.0,0.0,0.0,0.0,12.0,0.0,0.00019437125592958182,12.014287862926722,-0.37442487478256226,4.0,13.5,5.0,0.015240362845361233,12.0,linear,4
1785141378200907951,3.998539447784424,13.500518679618835,5.041151523590088,-0.05718741938471794,-0.020234515890479088,0.12739825248718262,0.18779392540454865,31.988021850585938,0.041180700063705444,world,200855763,1785141378,nan,False,True,True,True,1.523245924556717,1.1136902253190584,-6.055045836386094,nan,False,nan,False,0.5718526840209961,True,3,normal,6.862232208251953,0.0,0.0,0.0,0.0,0.0,0.0,4.0,13.5,5.0,0.0,0.0,0.0,12.0,0.0,0.00019437125592958182,12.014287862926722,-0.37442487478256226,4.0,13.5,5.0,0.041180700063705444,12.0,linear,4
1785141378300984356,3.9964427947998047,13.497142553329468,5.052650451660156,-0.057590462267398834,-0.02347826398909092,-0.5194895267486572,0.18779392540454865,32.08809280395508,0.052847787737846375,world,300929452,1785141378,nan,False,True,True,True,1.5842970081421626,1.2050973452408653,-4.285262530232169,nan,False,nan,False,0.5718526840209961,True,3,normal,6.862232208251953,0.0,0.0,0.0,0.0,0.0,0.0,4.0,13.5,5.0,0.0,0.0,0.0,12.0,0.0,0.00019437125592958182,12.014287862926722,-0.37442487478256226,4.0,13.5,5.0,0.052847787737846375,12.0,linear,4
1785141378400946986,3.9929261207580566,13.493837118148804,4.9927167892456055,-0.05260257050395012,-0.018081059679389,-0.8575304746627808,0.18779392540454865,32.188053131103516,0.011877122335135937,world,400887974,1785141378,nan,False,True,True,True,1.6865263443078964,1.236722881450077,1.365828703537134,nan,False,nan,False,0.5718526840209961,True,3,normal,6.862232208251953,0.0,0.0,0.0,0.0,0.0,0.0,4.0,13.5,5.0,0.0,0.0,0.0,12.0,0.0,0.00019437125592958182,12.014287862926722,-0.37442487478256226,4.0,13.5,5.0,0.011877122335135937,12.0,linear,4
