[INFO] [launch]: All log files can be found below /home/yihuang/.ros/log/2026-07-28-16-46-47-640275-JIAOLONG-Series-395079
[INFO] [launch]: Default logging verbosity is set to INFO
[INFO] [ladrc_position_controller_node-1]: process started with pid [395096]
[INFO] [ladrc_position_controller_node-2]: process started with pid [395098]
[INFO] [ladrc_position_controller_node-3]: process started with pid [395100]
[INFO] [ladrc_position_controller_node-4]: process started with pid [395102]
[INFO] [ladrc_position_controller_node-5]: process started with pid [395104]
[INFO] [ladrc_position_controller_node-6]: process started with pid [395106]
[INFO] [ladrc_position_controller_node-7]: process started with pid [395108]
[INFO] [ladrc_position_controller_node-8]: process started with pid [395110]
[ladrc_position_controller_node-1] [0m[INFO] [1785228407.715833992] [uav1.ladrc_position_controller]: 已创建 7 个邻居 Odom 订阅[0m
[ladrc_position_controller_node-5] [0m[INFO] [1785228407.715845493] [uav5.ladrc_position_controller]: 已创建 7 个邻居 Odom 订阅[0m
[ladrc_position_controller_node-6] [0m[INFO] [1785228407.716169770] [uav6.ladrc_position_controller]: 已创建 7 个邻居 Odom 订阅[0m
[ladrc_position_controller_node-8] [0m[INFO] [1785228407.716362231] [uav8.ladrc_position_controller]: 已创建 7 个邻居 Odom 订阅[0m
[ladrc_position_controller_node-3] [0m[INFO] [1785228407.716691468] [uav3.ladrc_position_controller]: 已创建 7 个邻居 Odom 订阅[0m
[ladrc_position_controller_node-5] [0m[INFO] [1785228407.719483777] [uav5.ladrc_position_controller]: LADRC 集群执行节点已初始化 (命名空间: /uav5), ENU偏移=[0.0, 15.0, 0.0][0m
[ladrc_position_controller_node-5] [0m[INFO] [1785228407.719519434] [uav5.ladrc_position_controller]: 等待 swarm_command 和 vehicle_odometry 消息...[0m
[ladrc_position_controller_node-8] [0m[INFO] [1785228407.719600426] [uav8.ladrc_position_controller]: LADRC 集群执行节点已初始化 (命名空间: /uav8), ENU偏移=[0.0, 24.0, 0.0][0m
[ladrc_position_controller_node-8] [0m[INFO] [1785228407.719631975] [uav8.ladrc_position_controller]: 等待 swarm_command 和 vehicle_odometry 消息...[0m
[ladrc_position_controller_node-6] [0m[INFO] [1785228407.720735692] [uav6.ladrc_position_controller]: LADRC 集群执行节点已初始化 (命名空间: /uav6), ENU偏移=[0.0, 18.0, 0.0][0m
[ladrc_position_controller_node-6] [0m[INFO] [1785228407.720765187] [uav6.ladrc_position_controller]: 等待 swarm_command 和 vehicle_odometry 消息...[0m
[ladrc_position_controller_node-1] [0m[INFO] [1785228407.720862139] [uav1.ladrc_position_controller]: LADRC 集群执行节点已初始化 (命名空间: /uav1), ENU偏移=[0.0, 3.0, 0.0][0m
[ladrc_position_controller_node-1] [0m[INFO] [1785228407.720925508] [uav1.ladrc_position_controller]: 等待 swarm_command 和 vehicle_odometry 消息...[0m
[ladrc_position_controller_node-6] [0m[INFO] [1785228407.728318474] [uav6.ladrc_position_controller]: 已接收到 vehicle_odometry 消息[0m
[ladrc_position_controller_node-5] [33m[WARN] [1785228407.739592540] [uav5.ladrc_position_controller]: 等待状态机进入 RUNNING_TRAJECTORY... (当前: 0)[0m
[ladrc_position_controller_node-8] [33m[WARN] [1785228407.739687648] [uav8.ladrc_position_controller]: 等待状态机进入 RUNNING_TRAJECTORY... (当前: 0)[0m
[ladrc_position_controller_node-6] [33m[WARN] [1785228407.740836299] [uav6.ladrc_position_controller]: 等待状态机进入 RUNNING_TRAJECTORY... (当前: 0)[0m
[ladrc_position_controller_node-8] [0m[INFO] [1785228407.745282657] [uav8.ladrc_position_controller]: 已接收到 vehicle_odometry 消息[0m
[ladrc_position_controller_node-1] [33m[WARN] [1785228408.046407785] [uav1.ladrc_position_controller]: 等待状态机进入 RUNNING_TRAJECTORY... (当前: 0)[0m
[ladrc_position_controller_node-2] [0m[INFO] [1785228408.047948250] [uav2.ladrc_position_controller]: 已创建 7 个邻居 Odom 订阅[0m
[ladrc_position_controller_node-4] [0m[INFO] [1785228408.049690734] [uav4.ladrc_position_controller]: 已创建 7 个邻居 Odom 订阅[0m
[ladrc_position_controller_node-7] [0m[INFO] [1785228408.050796034] [uav7.ladrc_position_controller]: 已创建 7 个邻居 Odom 订阅[0m
[ladrc_position_controller_node-3] [0m[INFO] [1785228408.051165446] [uav3.ladrc_position_controller]: LADRC 集群执行节点已初始化 (命名空间: /uav3), ENU偏移=[0.0, 9.0, 0.0][0m
[ladrc_position_controller_node-3] [0m[INFO] [1785228408.051208927] [uav3.ladrc_position_controller]: 等待 swarm_command 和 vehicle_odometry 消息...[0m
[ladrc_position_controller_node-2] [0m[INFO] [1785228408.052587449] [uav2.ladrc_position_controller]: LADRC 集群执行节点已初始化 (命名空间: /uav2), ENU偏移=[0.0, 6.0, 0.0][0m
[ladrc_position_controller_node-2] [0m[INFO] [1785228408.053072678] [uav2.ladrc_position_controller]: 等待 swarm_command 和 vehicle_odometry 消息...[0m
[ladrc_position_controller_node-4] [0m[INFO] [1785228408.054147431] [uav4.ladrc_position_controller]: LADRC 集群执行节点已初始化 (命名空间: /uav4), ENU偏移=[0.0, 12.0, 0.0][0m
[ladrc_position_controller_node-4] [0m[INFO] [1785228408.054181795] [uav4.ladrc_position_controller]: 等待 swarm_command 和 vehicle_odometry 消息...[0m
[ladrc_position_controller_node-7] [0m[INFO] [1785228408.055405978] [uav7.ladrc_position_controller]: LADRC 集群执行节点已初始化 (命名空间: /uav7), ENU偏移=[0.0, 21.0, 0.0][0m
[ladrc_position_controller_node-7] [0m[INFO] [1785228408.055446364] [uav7.ladrc_position_controller]: 等待 swarm_command 和 vehicle_odometry 消息...[0m
[ladrc_position_controller_node-1] [0m[INFO] [1785228408.067949772] [uav1.ladrc_position_controller]: 已接收到 vehicle_odometry 消息[0m
[ladrc_position_controller_node-4] [0m[INFO] [1785228408.069733442] [uav4.ladrc_position_controller]: 已接收到 vehicle_odometry 消息[0m
[ladrc_position_controller_node-3] [33m[WARN] [1785228408.071252197] [uav3.ladrc_position_controller]: 等待状态机进入 RUNNING_TRAJECTORY... (当前: 0)[0m
[ladrc_position_controller_node-2] [33m[WARN] [1785228408.072700018] [uav2.ladrc_position_controller]: 等待状态机进入 RUNNING_TRAJECTORY... (当前: 0)[0m
[ladrc_position_controller_node-4] [33m[WARN] [1785228408.074261703] [uav4.ladrc_position_controller]: 等待状态机进入 RUNNING_TRAJECTORY... (当前: 0)[0m
[ladrc_position_controller_node-7] [33m[WARN] [1785228408.075509010] [uav7.ladrc_position_controller]: 等待状态机进入 RUNNING_TRAJECTORY... (当前: 0)[0m
[ladrc_position_controller_node-2] [0m[INFO] [1785228408.077241023] [uav2.ladrc_position_controller]: 已接收到 vehicle_odometry 消息[0m
[ladrc_position_controller_node-7] [0m[INFO] [1785228408.080425959] [uav7.ladrc_position_controller]: 已接收到 vehicle_odometry 消息[0m
[ladrc_position_controller_node-3] [0m[INFO] [1785228408.084309042] [uav3.ladrc_position_controller]: 已接收到 vehicle_odometry 消息[0m
[ladrc_position_controller_node-5] [0m[INFO] [1785228408.095807618] [uav5.ladrc_position_controller]: 已接收到 vehicle_odometry 消息[0m
[ladrc_position_controller_node-5] [33m[WARN] [1785228412.739604369] [uav5.ladrc_position_controller]: 等待状态机进入 RUNNING_TRAJECTORY... (当前: 0)[0m
[ladrc_position_controller_node-8] [33m[WARN] [1785228412.739707652] [uav8.ladrc_position_controller]: 等待状态机进入 RUNNING_TRAJECTORY... (当前: 0)[0m
[ladrc_position_controller_node-6] [33m[WARN] [1785228412.760799566] [uav6.ladrc_position_controller]: 等待状态机进入 RUNNING_TRAJECTORY... (当前: 0)[0m
[ladrc_position_controller_node-1] [33m[WARN] [1785228413.060926334] [uav1.ladrc_position_controller]: 等待状态机进入 RUNNING_TRAJECTORY... (当前: 0)[0m
[ladrc_position_controller_node-3] [33m[WARN] [1785228413.091220262] [uav3.ladrc_position_controller]: 等待状态机进入 RUNNING_TRAJECTORY... (当前: 0)[0m
[ladrc_position_controller_node-2] [33m[WARN] [1785228413.092652846] [uav2.ladrc_position_controller]: 等待状态机进入 RUNNING_TRAJECTORY... (当前: 0)[0m
[ladrc_position_controller_node-4] [33m[WARN] [1785228413.094209341] [uav4.ladrc_position_controller]: 等待状态机进入 RUNNING_TRAJECTORY... (当前: 0)[0m
[ladrc_position_controller_node-7] [33m[WARN] [1785228413.095447941] [uav7.ladrc_position_controller]: 等待状态机进入 RUNNING_TRAJECTORY... (当前: 0)[0m
[ladrc_position_controller_node-5] [33m[WARN] [1785228417.759542388] [uav5.ladrc_position_controller]: 等待状态机进入 RUNNING_TRAJECTORY... (当前: 0)[0m
[ladrc_position_controller_node-8] [33m[WARN] [1785228417.759661812] [uav8.ladrc_position_controller]: 等待状态机进入 RUNNING_TRAJECTORY... (当前: 0)[0m
[ladrc_position_controller_node-6] [33m[WARN] [1785228417.760806295] [uav6.ladrc_position_controller]: 等待状态机进入 RUNNING_TRAJECTORY... (当前: 0)[0m
[ladrc_position_controller_node-5] [0m[INFO] [1785228417.819551882] [uav5.ladrc_position_controller]: 系统稳定，开始解锁 (Arming)...[0m
[ladrc_position_controller_node-8] [0m[INFO] [1785228418.019677384] [uav8.ladrc_position_controller]: 系统稳定，开始解锁 (Arming)...[0m
[ladrc_position_controller_node-6] [0m[INFO] [1785228418.020772836] [uav6.ladrc_position_controller]: 系统稳定，开始解锁 (Arming)...[0m
[ladrc_position_controller_node-1] [0m[INFO] [1785228418.020928998] [uav1.ladrc_position_controller]: 系统稳定，开始解锁 (Arming)...[0m
[ladrc_position_controller_node-1] [33m[WARN] [1785228418.080918885] [uav1.ladrc_position_controller]: 等待状态机进入 RUNNING_TRAJECTORY... (当前: 1)[0m
[ladrc_position_controller_node-2] [33m[WARN] [1785228418.092655177] [uav2.ladrc_position_controller]: 等待状态机进入 RUNNING_TRAJECTORY... (当前: 0)[0m
[ladrc_position_controller_node-4] [33m[WARN] [1785228418.094210089] [uav4.ladrc_position_controller]: 等待状态机进入 RUNNING_TRAJECTORY... (当前: 0)[0m
[ladrc_position_controller_node-3] [33m[WARN] [1785228418.111224255] [uav3.ladrc_position_controller]: 等待状态机进入 RUNNING_TRAJECTORY... (当前: 0)[0m
[ladrc_position_controller_node-7] [33m[WARN] [1785228418.115444860] [uav7.ladrc_position_controller]: 等待状态机进入 RUNNING_TRAJECTORY... (当前: 0)[0m
[ladrc_position_controller_node-3] [0m[INFO] [1785228418.151224233] [uav3.ladrc_position_controller]: 系统稳定，开始解锁 (Arming)...[0m
[ladrc_position_controller_node-2] [0m[INFO] [1785228418.152632951] [uav2.ladrc_position_controller]: 系统稳定，开始解锁 (Arming)...[0m
[ladrc_position_controller_node-4] [0m[INFO] [1785228418.154222719] [uav4.ladrc_position_controller]: 系统稳定，开始解锁 (Arming)...[0m
[ladrc_position_controller_node-7] [0m[INFO] [1785228418.155460166] [uav7.ladrc_position_controller]: 系统稳定，开始解锁 (Arming)...[0m
[ladrc_position_controller_node-5] [0m[INFO] [1785228419.919541166] [uav5.ladrc_position_controller]: 解锁成功。切换到 Offboard 模式...[0m
[ladrc_position_controller_node-8] [0m[INFO] [1785228420.119656519] [uav8.ladrc_position_controller]: 解锁成功。切换到 Offboard 模式...[0m
[ladrc_position_controller_node-6] [0m[INFO] [1785228420.120762551] [uav6.ladrc_position_controller]: 解锁成功。切换到 Offboard 模式...[0m
[ladrc_position_controller_node-1] [0m[INFO] [1785228420.120937388] [uav1.ladrc_position_controller]: 解锁成功。切换到 Offboard 模式...[0m
[ladrc_position_controller_node-3] [0m[INFO] [1785228420.251227323] [uav3.ladrc_position_controller]: 解锁成功。切换到 Offboard 模式...[0m
[ladrc_position_controller_node-2] [0m[INFO] [1785228420.252662060] [uav2.ladrc_position_controller]: 解锁成功。切换到 Offboard 模式...[0m
[ladrc_position_controller_node-4] [0m[INFO] [1785228420.254215690] [uav4.ladrc_position_controller]: 解锁成功。切换到 Offboard 模式...[0m
[ladrc_position_controller_node-7] [0m[INFO] [1785228420.255450162] [uav7.ladrc_position_controller]: 解锁成功。切换到 Offboard 模式...[0m
[ladrc_position_controller_node-5] [0m[INFO] [1785228421.019556183] [uav5.ladrc_position_controller]: Offboard 模式已激活。LADRC 控制器接管。[0m
[ladrc_position_controller_node-5] [0m[INFO] [1785228421.039546243] [uav5.ladrc_position_controller]: UAV5 悬停保持锁定: [-0.00, -0.00, -0.09][0m
[ladrc_position_controller_node-5] [0m[INFO] [1785228421.039594574] [uav5.ladrc_position_controller]: UAV5 悬停保持 Pos[-0.00,-0.00,-0.09][0m
[ladrc_position_controller_node-8] [0m[INFO] [1785228421.219659724] [uav8.ladrc_position_controller]: Offboard 模式已激活。LADRC 控制器接管。[0m
[ladrc_position_controller_node-6] [0m[INFO] [1785228421.220810940] [uav6.ladrc_position_controller]: Offboard 模式已激活。LADRC 控制器接管。[0m
[ladrc_position_controller_node-1] [0m[INFO] [1785228421.220982201] [uav1.ladrc_position_controller]: Offboard 模式已激活。LADRC 控制器接管。[0m
[ladrc_position_controller_node-8] [0m[INFO] [1785228421.239664201] [uav8.ladrc_position_controller]: UAV8 悬停保持锁定: [0.00, 0.02, -0.07][0m
[ladrc_position_controller_node-8] [0m[INFO] [1785228421.239713373] [uav8.ladrc_position_controller]: UAV8 悬停保持 Pos[0.00,0.02,-0.07][0m
[ladrc_position_controller_node-6] [0m[INFO] [1785228421.240802453] [uav6.ladrc_position_controller]: UAV6 悬停保持锁定: [0.02, -0.01, -0.09][0m
[ladrc_position_controller_node-6] [0m[INFO] [1785228421.240856795] [uav6.ladrc_position_controller]: UAV6 悬停保持 Pos[0.02,-0.01,-0.09][0m
[ladrc_position_controller_node-1] [0m[INFO] [1785228421.240952083] [uav1.ladrc_position_controller]: UAV1 悬停保持锁定: [0.00, 0.01, -0.13][0m
[ladrc_position_controller_node-1] [0m[INFO] [1785228421.241017035] [uav1.ladrc_position_controller]: UAV1 悬停保持 Pos[0.00,0.01,-0.13][0m
[ladrc_position_controller_node-3] [0m[INFO] [1785228421.351220529] [uav3.ladrc_position_controller]: Offboard 模式已激活。LADRC 控制器接管。[0m
[ladrc_position_controller_node-2] [0m[INFO] [1785228421.352660486] [uav2.ladrc_position_controller]: Offboard 模式已激活。LADRC 控制器接管。[0m
[ladrc_position_controller_node-4] [0m[INFO] [1785228421.354180483] [uav4.ladrc_position_controller]: Offboard 模式已激活。LADRC 控制器接管。[0m
[ladrc_position_controller_node-7] [0m[INFO] [1785228421.355448017] [uav7.ladrc_position_controller]: Offboard 模式已激活。LADRC 控制器接管。[0m
[ladrc_position_controller_node-3] [0m[INFO] [1785228421.371212673] [uav3.ladrc_position_controller]: UAV3 悬停保持锁定: [0.02, 0.01, -0.11][0m
[ladrc_position_controller_node-3] [0m[INFO] [1785228421.371263688] [uav3.ladrc_position_controller]: UAV3 悬停保持 Pos[0.02,0.01,-0.11][0m
[ladrc_position_controller_node-2] [0m[INFO] [1785228421.372649784] [uav2.ladrc_position_controller]: UAV2 悬停保持锁定: [0.03, 0.02, -0.12][0m
[ladrc_position_controller_node-2] [0m[INFO] [1785228421.372708334] [uav2.ladrc_position_controller]: UAV2 悬停保持 Pos[0.03,0.02,-0.12][0m
[ladrc_position_controller_node-4] [0m[INFO] [1785228421.374209405] [uav4.ladrc_position_controller]: UAV4 悬停保持锁定: [0.01, 0.01, -0.11][0m
[ladrc_position_controller_node-4] [0m[INFO] [1785228421.374283364] [uav4.ladrc_position_controller]: UAV4 悬停保持 Pos[0.01,0.01,-0.11][0m
[ladrc_position_controller_node-7] [0m[INFO] [1785228421.375452283] [uav7.ladrc_position_controller]: UAV7 悬停保持锁定: [-0.00, 0.02, -0.08][0m
[ladrc_position_controller_node-7] [0m[INFO] [1785228421.375492428] [uav7.ladrc_position_controller]: UAV7 悬停保持 Pos[-0.00,0.02,-0.08][0m
[ladrc_position_controller_node-1] [0m[INFO] [1785228426.615562932] [uav1.ladrc_position_controller]: UAV1 swarm_cmd 回调触发 (目标=[-0.0,3.0,4.5])[0m
[ladrc_position_controller_node-1] [0m[INFO] [1785228426.615618486] [uav1.ladrc_position_controller]: 轨迹指标: path=4.86m vmax=0.60m/s amax=0.12m/s^2 jmax=0.08m/s^3 ISJ=0.02[0m
[ladrc_position_controller_node-1] [0m[INFO] [1785228426.615636850] [uav1.ladrc_position_controller]: 任务条件化带宽: mission=900010 style=normal distance=4.86m duration=15.21s avg_v=0.32m/s kappa=0.794[0m
[ladrc_position_controller_node-1] [0m[INFO] [1785228426.615646989] [uav1.ladrc_position_controller]: >>> Mission900010 UAV1 全局[-0.0,3.0,4.5]→本地[-0.0,-0.0,4.5] T=15.2s normal[0m
[ladrc_position_controller_node-2] [0m[INFO] [1785228426.615582057] [uav2.ladrc_position_controller]: UAV2 swarm_cmd 回调触发 (目标=[-0.0,6.0,6.0])[0m
[ladrc_position_controller_node-2] [0m[INFO] [1785228426.615622443] [uav2.ladrc_position_controller]: 轨迹指标: path=6.33m vmax=0.78m/s amax=0.16m/s^2 jmax=0.11m/s^3 ISJ=0.04[0m
[ladrc_position_controller_node-2] [0m[INFO] [1785228426.615638704] [uav2.ladrc_position_controller]: 任务条件化带宽: mission=900010 style=normal distance=6.33m duration=15.21s avg_v=0.42m/s kappa=0.808[0m
[ladrc_position_controller_node-2] [0m[INFO] [1785228426.615652580] [uav2.ladrc_position_controller]: >>> Mission900010 UAV2 全局[-0.0,6.0,6.0]→本地[-0.0,-0.0,6.0] T=15.2s normal[0m
[ladrc_position_controller_node-3] [0m[INFO] [1785228426.615607806] [uav3.ladrc_position_controller]: UAV3 swarm_cmd 回调触发 (目标=[0.0,9.0,7.5])[0m
[ladrc_position_controller_node-3] [0m[INFO] [1785228426.615648001] [uav3.ladrc_position_controller]: 轨迹指标: path=7.81m vmax=0.96m/s amax=0.19m/s^2 jmax=0.13m/s^3 ISJ=0.05[0m
[ladrc_position_controller_node-3] [0m[INFO] [1785228426.615668990] [uav3.ladrc_position_controller]: 任务条件化带宽: mission=900010 style=normal distance=7.81m duration=15.21s avg_v=0.51m/s kappa=0.821[0m
[ladrc_position_controller_node-3] [0m[INFO] [1785228426.615677506] [uav3.ladrc_position_controller]: >>> Mission900010 UAV3 全局[0.0,9.0,7.5]→本地[0.0,-0.0,7.5] T=15.2s normal[0m
[ladrc_position_controller_node-4] [0m[INFO] [1785228426.615640988] [uav4.ladrc_position_controller]: UAV4 swarm_cmd 回调触发 (目标=[-0.0,12.0,9.0])[0m
[ladrc_position_controller_node-4] [0m[INFO] [1785228426.615691482] [uav4.ladrc_position_controller]: 轨迹指标: path=9.30m vmax=1.15m/s amax=0.23m/s^2 jmax=0.16m/s^3 ISJ=0.08[0m
[ladrc_position_controller_node-4] [0m[INFO] [1785228426.615708414] [uav4.ladrc_position_controller]: 任务条件化带宽: mission=900010 style=normal distance=9.30m duration=15.21s avg_v=0.61m/s kappa=0.835[0m
[ladrc_position_controller_node-4] [0m[INFO] [1785228426.615716429] [uav4.ladrc_position_controller]: >>> Mission900010 UAV4 全局[-0.0,12.0,9.0]→本地[-0.0,-0.0,9.0] T=15.2s normal[0m
[ladrc_position_controller_node-5] [0m[INFO] [1785228426.615668209] [uav5.ladrc_position_controller]: UAV5 swarm_cmd 回调触发 (目标=[-0.0,15.0,10.5])[0m
[ladrc_position_controller_node-5] [0m[INFO] [1785228426.615709737] [uav5.ladrc_position_controller]: 轨迹指标: path=10.77m vmax=1.33m/s amax=0.27m/s^2 jmax=0.18m/s^3 ISJ=0.10[0m
[ladrc_position_controller_node-5] [0m[INFO] [1785228426.615735335] [uav5.ladrc_position_controller]: 任务条件化带宽: mission=900010 style=normal distance=10.77m duration=15.21s avg_v=0.71m/s kappa=0.848[0m
[ladrc_position_controller_node-5] [0m[INFO] [1785228426.615746646] [uav5.ladrc_position_controller]: >>> Mission900010 UAV5 全局[-0.0,15.0,10.5]→本地[-0.0,-0.0,10.5] T=15.2s normal[0m
[ladrc_position_controller_node-6] [0m[INFO] [1785228426.615699988] [uav6.ladrc_position_controller]: UAV6 swarm_cmd 回调触发 (目标=[-0.0,18.0,12.0])[0m
[ladrc_position_controller_node-6] [0m[INFO] [1785228426.615737759] [uav6.ladrc_position_controller]: 轨迹指标: path=12.25m vmax=1.51m/s amax=0.31m/s^2 jmax=0.21m/s^3 ISJ=0.13[0m
[ladrc_position_controller_node-6] [0m[INFO] [1785228426.615753048] [uav6.ladrc_position_controller]: 任务条件化带宽: mission=900010 style=normal distance=12.25m duration=15.21s avg_v=0.81m/s kappa=0.862[0m
[ladrc_position_controller_node-6] [0m[INFO] [1785228426.615766563] [uav6.ladrc_position_controller]: >>> Mission900010 UAV6 全局[-0.0,18.0,12.0]→本地[-0.0,-0.0,12.0] T=15.2s normal[0m
[ladrc_position_controller_node-7] [0m[INFO] [1785228426.615723172] [uav7.ladrc_position_controller]: UAV7 swarm_cmd 回调触发 (目标=[-0.0,21.0,13.5])[0m
[ladrc_position_controller_node-7] [0m[INFO] [1785228426.615759370] [uav7.ladrc_position_controller]: 轨迹指标: path=13.72m vmax=1.69m/s amax=0.34m/s^2 jmax=0.23m/s^3 ISJ=0.17[0m
[ladrc_position_controller_node-7] [0m[INFO] [1785228426.615774207] [uav7.ladrc_position_controller]: 任务条件化带宽: mission=900010 style=normal distance=13.72m duration=15.21s avg_v=0.90m/s kappa=0.875[0m
[ladrc_position_controller_node-7] [0m[INFO] [1785228426.615786410] [uav7.ladrc_position_controller]: >>> Mission900010 UAV7 全局[-0.0,21.0,13.5]→本地[-0.0,-0.0,13.5] T=15.2s normal[0m
[ladrc_position_controller_node-8] [0m[INFO] [1785228426.615756885] [uav8.ladrc_position_controller]: UAV8 swarm_cmd 回调触发 (目标=[-0.0,24.0,15.0])[0m
[ladrc_position_controller_node-8] [0m[INFO] [1785228426.615797210] [uav8.ladrc_position_controller]: 轨迹指标: path=15.22m vmax=1.88m/s amax=0.38m/s^2 jmax=0.26m/s^3 ISJ=0.20[0m
[ladrc_position_controller_node-8] [0m[INFO] [1785228426.615811447] [uav8.ladrc_position_controller]: 任务条件化带宽: mission=900010 style=normal distance=15.22m duration=15.21s avg_v=1.00m/s kappa=0.889[0m
[ladrc_position_controller_node-8] [0m[INFO] [1785228426.615822067] [uav8.ladrc_position_controller]: >>> Mission900010 UAV8 全局[-0.0,24.0,15.0]→本地[-0.0,0.0,15.0] T=15.2s normal[0m
[ladrc_position_controller_node-5] [0m[INFO] [1785228426.619637333] [uav5.ladrc_position_controller]: UAV5 Ref[-0.0,-0.0,-0.2] Pos[-0.01,-0.02,-0.22] Cmd[0.0,0.0,0.0][0m
[ladrc_position_controller_node-8] [0m[INFO] [1785228426.619752679] [uav8.ladrc_position_controller]: UAV8 Ref[-0.0,0.0,-0.2] Pos[-0.01,0.01,-0.17] Cmd[-0.0,0.0,0.0][0m
[ladrc_position_controller_node-6] [0m[INFO] [1785228426.620872977] [uav6.ladrc_position_controller]: UAV6 Ref[-0.0,-0.0,-0.2] Pos[-0.00,-0.00,-0.20] Cmd[0.0,0.0,0.0][0m
[ladrc_position_controller_node-1] [0m[INFO] [1785228426.621037796] [uav1.ladrc_position_controller]: UAV1 Ref[-0.0,-0.0,-0.3] Pos[-0.01,-0.01,-0.31] Cmd[0.0,0.0,0.0][0m
[ladrc_position_controller_node-3] [0m[INFO] [1785228426.631302250] [uav3.ladrc_position_controller]: UAV3 Ref[0.0,-0.0,-0.3] Pos[0.00,-0.02,-0.26] Cmd[0.0,-0.0,0.0][0m
[ladrc_position_controller_node-2] [0m[INFO] [1785228426.632724404] [uav2.ladrc_position_controller]: UAV2 Ref[-0.0,-0.0,-0.3] Pos[-0.00,-0.01,-0.28] Cmd[-0.0,-0.0,0.0][0m
[ladrc_position_controller_node-4] [0m[INFO] [1785228426.634332706] [uav4.ladrc_position_controller]: UAV4 Ref[-0.0,-0.0,-0.2] Pos[-0.02,-0.01,-0.25] Cmd[0.0,0.0,0.0][0m
[ladrc_position_controller_node-7] [0m[INFO] [1785228426.635534046] [uav7.ladrc_position_controller]: UAV7 Ref[-0.0,-0.0,-0.2] Pos[-0.01,-0.00,-0.18] Cmd[0.0,0.0,0.0][0m
[ladrc_position_controller_node-6] [0m[INFO] [1785228427.620890445] [uav6.ladrc_position_controller]: UAV6 Ref[-0.0,-0.0,-0.2] Pos[-0.01,0.00,-0.24] Cmd[0.1,-0.1,3.2][0m
[ladrc_position_controller_node-5] [0m[INFO] [1785228427.639596110] [uav5.ladrc_position_controller]: UAV5 Ref[-0.0,-0.0,-0.2] Pos[-0.02,-0.03,-0.26] Cmd[0.2,0.2,2.9][0m
[ladrc_position_controller_node-8] [0m[INFO] [1785228427.639723308] [uav8.ladrc_position_controller]: UAV8 Ref[-0.0,0.0,-0.1] Pos[-0.01,0.00,-0.20] Cmd[0.1,0.1,3.8][0m
[ladrc_position_controller_node-1] [0m[INFO] [1785228427.640985722] [uav1.ladrc_position_controller]: UAV1 Ref[-0.0,-0.0,-0.3] Pos[-0.02,0.00,-0.36] Cmd[0.1,-0.2,2.0][0m
[ladrc_position_controller_node-3] [0m[INFO] [1785228427.651299750] [uav3.ladrc_position_controller]: UAV3 Ref[0.0,-0.0,-0.2] Pos[-0.00,-0.01,-0.30] Cmd[0.1,-0.1,2.4][0m
[ladrc_position_controller_node-2] [0m[INFO] [1785228427.652710292] [uav2.ladrc_position_controller]: UAV2 Ref[-0.0,-0.0,-0.3] Pos[-0.00,-0.01,-0.32] Cmd[0.0,-0.1,2.2][0m
[ladrc_position_controller_node-4] [0m[INFO] [1785228427.654284169] [uav4.ladrc_position_controller]: UAV4 Ref[-0.0,-0.0,-0.2] Pos[-0.02,-0.02,-0.29] Cmd[0.0,0.2,2.9][0m
[ladrc_position_controller_node-7] [0m[INFO] [1785228427.655509975] [uav7.ladrc_position_controller]: UAV7 Ref[-0.0,-0.0,-0.1] Pos[-0.00,-0.01,-0.22] Cmd[0.0,0.2,3.7][0m
[ladrc_position_controller_node-5] [0m[INFO] [1785228428.639620591] [uav5.ladrc_position_controller]: UAV5 Ref[-0.0,-0.0,-0.0] Pos[-0.02,-0.03,-0.30] Cmd[0.2,0.4,8.0][0m
[ladrc_position_controller_node-8] [0m[INFO] [1785228428.639745996] [uav8.ladrc_position_controller]: UAV8 Ref[-0.0,0.0,0.1] Pos[-0.02,-0.01,-0.24] Cmd[0.1,0.3,8.0][0m
[ladrc_position_controller_node-6] [0m[INFO] [1785228428.640864470] [uav6.ladrc_position_controller]: UAV6 Ref[-0.0,-0.0,0.0] Pos[-0.01,0.01,-0.29] Cmd[0.2,-0.2,8.0][0m
[ladrc_position_controller_node-1] [0m[INFO] [1785228428.640992891] [uav1.ladrc_position_controller]: UAV1 Ref[-0.0,-0.0,-0.2] Pos[-0.02,0.00,-0.39] Cmd[0.2,-0.3,7.3][0m
[ladrc_position_controller_node-2] [0m[INFO] [1785228428.652723892] [uav2.ladrc_position_controller]: UAV2 Ref[-0.0,-0.0,-0.2] Pos[-0.01,-0.00,-0.36] Cmd[0.2,-0.2,8.0][0m
[ladrc_position_controller_node-4] [0m[INFO] [1785228428.654285848] [uav4.ladrc_position_controller]: UAV4 Ref[-0.0,-0.0,-0.1] Pos[-0.02,-0.01,-0.33] Cmd[0.1,0.0,8.0][0m
[ladrc_position_controller_node-7] [0m[INFO] [1785228428.655536029] [uav7.ladrc_position_controller]: UAV7 Ref[-0.0,-0.0,0.1] Pos[-0.01,-0.02,-0.26] Cmd[0.2,0.5,8.0][0m
[ladrc_position_controller_node-3] [0m[INFO] [1785228428.671279426] [uav3.ladrc_position_controller]: UAV3 Ref[0.0,-0.0,-0.1] Pos[-0.01,-0.00,-0.34] Cmd[0.2,-0.3,8.0][0m
[ladrc_position_controller_node-7] [0m[INFO] [1785228429.655557395] [uav7.ladrc_position_controller]: UAV7 Ref[-0.0,-0.0,0.6] Pos[-0.01,-0.02,-0.29] Cmd[-0.0,0.7,8.0][0m
[ladrc_position_controller_node-5] [0m[INFO] [1785228429.659585379] [uav5.ladrc_position_controller]: UAV5 Ref[-0.0,-0.0,0.4] Pos[-0.02,-0.02,-0.35] Cmd[0.2,0.4,8.0][0m
[ladrc_position_controller_node-8] [0m[INFO] [1785228429.659700665] [uav8.ladrc_position_controller]: UAV8 Ref[-0.0,0.0,0.7] Pos[-0.01,-0.02,-0.28] Cmd[0.1,0.9,8.0][0m
[ladrc_position_controller_node-6] [0m[INFO] [1785228429.660848865] [uav6.ladrc_position_controller]: UAV6 Ref[-0.0,-0.0,0.5] Pos[-0.00,-0.00,-0.33] Cmd[0.0,0.0,8.0][0m
[ladrc_position_controller_node-1] [0m[INFO] [1785228429.660972126] [uav1.ladrc_position_controller]: UAV1 Ref[-0.0,-0.0,-0.0] Pos[-0.02,0.02,-0.43] Cmd[0.2,-0.7,8.0][0m
[ladrc_position_controller_node-3] [0m[INFO] [1785228429.671279722] [uav3.ladrc_position_controller]: UAV3 Ref[0.0,-0.0,0.2] Pos[-0.01,0.00,-0.40] Cmd[0.3,-0.5,8.0][0m
[ladrc_position_controller_node-2] [0m[INFO] [1785228429.672695994] [uav2.ladrc_position_controller]: UAV2 Ref[-0.0,-0.0,0.1] Pos[-0.01,0.00,-0.41] Cmd[0.1,-0.4,8.0][0m
[ladrc_position_controller_node-4] [0m[INFO] [1785228429.674259953] [uav4.ladrc_position_controller]: UAV4 Ref[-0.0,-0.0,0.3] Pos[-0.02,-0.01,-0.38] Cmd[0.2,-0.1,8.0][0m
[ladrc_position_controller_node-8] [0m[INFO] [1785228430.659754832] [uav8.ladrc_position_controller]: UAV8 Ref[-0.0,0.0,1.7] Pos[0.18,-0.01,0.13] Cmd[-4.4,0.6,8.0][0m
[ladrc_position_controller_node-6] [0m[INFO] [1785228430.660859400] [uav6.ladrc_position_controller]: UAV6 Ref[-0.0,-0.0,1.3] Pos[0.19,-0.02,-0.03] Cmd[-4.1,0.0,8.0][0m
[ladrc_position_controller_node-1] [0m[INFO] [1785228430.660981659] [uav1.ladrc_position_controller]: UAV1 Ref[-0.0,-0.0,0.3] Pos[0.07,-0.04,-0.46] Cmd[-1.7,0.2,8.0][0m
[ladrc_position_controller_node-3] [0m[INFO] [1785228430.671290377] [uav3.ladrc_position_controller]: UAV3 Ref[0.0,-0.0,0.7] Pos[0.12,-0.04,-0.34] Cmd[-2.3,-0.1,8.0][0m
[ladrc_position_controller_node-2] [0m[INFO] [1785228430.672705317] [uav2.ladrc_position_controller]: UAV2 Ref[-0.0,-0.0,0.5] Pos[0.11,-0.06,-0.42] Cmd[-2.3,0.8,8.0][0m
[ladrc_position_controller_node-4] [0m[INFO] [1785228430.674271160] [uav4.ladrc_position_controller]: UAV4 Ref[-0.0,-0.0,0.9] Pos[0.13,-0.03,-0.24] Cmd[-2.9,0.2,8.0][0m
[ladrc_position_controller_node-7] [0m[INFO] [1785228430.675534806] [uav7.ladrc_position_controller]: UAV7 Ref[-0.0,-0.0,1.5] Pos[0.15,0.01,0.06] Cmd[-3.4,-0.0,8.0][0m
[ladrc_position_controller_node-5] [0m[INFO] [1785228430.679640706] [uav5.ladrc_position_controller]: UAV5 Ref[-0.0,-0.0,1.1] Pos[0.15,-0.04,-0.11] Cmd[-3.4,0.6,8.0][0m
[ladrc_position_controller_node-8] [0m[INFO] [1785228431.679715712] [uav8.ladrc_position_controller]: UAV8 Ref[-0.0,0.0,3.0] Pos[0.21,0.11,1.36] Cmd[-5.0,-1.4,8.0][0m
[ladrc_position_controller_node-6] [0m[INFO] [1785228431.680845168] [uav6.ladrc_position_controller]: UAV6 Ref[-0.0,-0.0,2.4] Pos[0.23,0.07,1.00] Cmd[-5.0,-1.2,8.0][0m
[ladrc_position_controller_node-1] [0m[INFO] [1785228431.680984519] [uav1.ladrc_position_controller]: UAV1 Ref[-0.0,-0.0,0.7] Pos[0.22,0.00,0.00] Cmd[-4.3,-0.8,8.0][0m
[ladrc_position_controller_node-3] [0m[INFO] [1785228431.691254484] [uav3.ladrc_position_controller]: UAV3 Ref[0.0,-0.0,1.4] Pos[0.22,0.06,0.40] Cmd[-4.4,-1.7,8.0][0m
[ladrc_position_controller_node-2] [0m[INFO] [1785228431.692691756] [uav2.ladrc_position_controller]: UAV2 Ref[-0.0,-0.0,1.1] Pos[0.22,0.03,0.20] Cmd[-4.3,-1.0,8.0][0m
[ladrc_position_controller_node-4] [0m[INFO] [1785228431.694267377] [uav4.ladrc_position_controller]: UAV4 Ref[-0.0,-0.0,1.7] Pos[0.21,0.06,0.60] Cmd[-5.0,-1.2,8.0][0m
[ladrc_position_controller_node-7] [0m[INFO] [1785228431.695514152] [uav7.ladrc_position_controller]: UAV7 Ref[-0.0,-0.0,2.7] Pos[0.19,0.09,1.19] Cmd[-5.0,-1.3,8.0][0m
[ladrc_position_controller_node-5] [0m[INFO] [1785228431.699604593] [uav5.ladrc_position_controller]: UAV5 Ref[-0.0,-0.0,2.1] Pos[0.21,0.07,0.83] Cmd[-5.0,-0.9,8.0][0m
[ladrc_position_controller_node-6] [0m[INFO] [1785228432.680875530] [uav6.ladrc_position_controller]: UAV6 Ref[-0.0,-0.0,3.7] Pos[0.10,0.02,2.25] Cmd[-4.9,-0.5,8.0][0m
[ladrc_position_controller_node-3] [0m[INFO] [1785228432.691283453] [uav3.ladrc_position_controller]: UAV3 Ref[0.0,-0.0,2.2] Pos[0.12,0.04,1.26] Cmd[-4.7,-1.8,8.0][0m
[ladrc_position_controller_node-2] [0m[INFO] [1785228432.692697161] [uav2.ladrc_position_controller]: UAV2 Ref[-0.0,-0.0,1.7] Pos[0.12,0.07,0.93] Cmd[-4.3,-1.6,8.0][0m
[ladrc_position_controller_node-4] [0m[INFO] [1785228432.694278883] [uav4.ladrc_position_controller]: UAV4 Ref[-0.0,-0.0,2.7] Pos[0.10,0.05,1.60] Cmd[-5.0,-1.4,8.0][0m
[ladrc_position_controller_node-7] [0m[INFO] [1785228432.695523415] [uav7.ladrc_position_controller]: UAV7 Ref[-0.0,-0.0,4.2] Pos[0.08,0.04,2.57] Cmd[-5.0,-0.9,8.0][0m
[ladrc_position_controller_node-5] [0m[INFO] [1785228432.699613755] [uav5.ladrc_position_controller]: UAV5 Ref[-0.0,-0.0,3.2] Pos[0.08,0.03,1.94] Cmd[-4.9,-0.7,8.0][0m
[ladrc_position_controller_node-8] [0m[INFO] [1785228432.699737397] [uav8.ladrc_position_controller]: UAV8 Ref[-0.0,0.0,4.7] Pos[0.08,0.07,2.92] Cmd[-5.0,-1.6,8.0][0m
[ladrc_position_controller_node-1] [0m[INFO] [1785228432.700997146] [uav1.ladrc_position_controller]: UAV1 Ref[-0.0,-0.0,1.2] Pos[0.14,0.03,0.59] Cmd[-4.5,-1.0,8.0][0m
[ladrc_position_controller_node-3] [0m[INFO] [1785228433.691300651] [uav3.ladrc_position_controller]: UAV3 Ref[0.0,-0.0,3.1] Pos[0.00,-0.03,2.20] Cmd[-4.2,-1.2,8.0][0m
[ladrc_position_controller_node-2] [0m[INFO] [1785228433.692712896] [uav2.ladrc_position_controller]: UAV2 Ref[-0.0,-0.0,2.5] Pos[-0.02,0.02,1.71] Cmd[-3.7,-1.4,8.0][0m
[ladrc_position_controller_node-8] [0m[INFO] [1785228433.699745397] [uav8.ladrc_position_controller]: UAV8 Ref[-0.0,0.0,6.5] Pos[0.01,-0.04,4.64] Cmd[-5.0,-0.1,8.0][0m
[ladrc_position_controller_node-6] [0m[INFO] [1785228433.700867659] [uav6.ladrc_position_controller]: UAV6 Ref[-0.0,-0.0,5.1] Pos[-0.01,-0.08,3.68] Cmd[-4.4,0.9,8.0][0m
[ladrc_position_controller_node-1] [0m[INFO] [1785228433.701002842] [uav1.ladrc_position_controller]: UAV1 Ref[-0.0,-0.0,1.8] Pos[-0.02,-0.03,1.22] Cmd[-3.5,-0.4,8.0][0m
[ladrc_position_controller_node-4] [0m[INFO] [1785228433.714278787] [uav4.ladrc_position_controller]: UAV4 Ref[-0.0,-0.0,3.8] Pos[-0.00,-0.02,2.72] Cmd[-4.6,-0.9,8.0][0m
[ladrc_position_controller_node-7] [0m[INFO] [1785228433.715538246] [uav7.ladrc_position_controller]: UAV7 Ref[-0.0,-0.0,5.8] Pos[0.02,-0.08,4.18] Cmd[-5.0,0.7,8.0][0m
[ladrc_position_controller_node-5] [0m[INFO] [1785228433.719604893] [uav5.ladrc_position_controller]: UAV5 Ref[-0.0,-0.0,4.5] Pos[-0.02,-0.06,3.22] Cmd[-4.3,0.4,8.0][0m
[ladrc_position_controller_node-3] [0m[INFO] [1785228434.711311575] [uav3.ladrc_position_controller]: UAV3 Ref[0.0,-0.0,4.1] Pos[-0.04,-0.09,3.20] Cmd[-3.8,-0.2,8.0][0m
[ladrc_position_controller_node-2] [0m[INFO] [1785228434.712715585] [uav2.ladrc_position_controller]: UAV2 Ref[-0.0,-0.0,3.3] Pos[-0.07,-0.05,2.54] Cmd[-3.0,-0.8,8.0][0m
[ladrc_position_controller_node-7] [0m[INFO] [1785228434.715550394] [uav7.ladrc_position_controller]: UAV7 Ref[-0.0,-0.0,7.5] Pos[0.01,-0.12,5.87] Cmd[-5.0,2.1,8.0][0m
[ladrc_position_controller_node-8] [0m[INFO] [1785228434.719747105] [uav8.ladrc_position_controller]: UAV8 Ref[-0.0,0.0,8.4] Pos[-0.00,-0.11,6.53] Cmd[-5.0,1.5,8.0][0m
[ladrc_position_controller_node-6] [0m[INFO] [1785228434.720853677] [uav6.ladrc_position_controller]: UAV6 Ref[-0.0,-0.0,6.7] Pos[-0.05,-0.10,5.22] Cmd[-3.7,2.1,8.0][0m
[ladrc_position_controller_node-1] [0m[INFO] [1785228434.720975064] [uav1.ladrc_position_controller]: UAV1 Ref[-0.0,-0.0,2.4] Pos[-0.08,-0.06,1.87] Cmd[-2.9,0.1,8.0][0m
[ladrc_position_controller_node-4] [0m[INFO] [1785228434.734251029] [uav4.ladrc_position_controller]: UAV4 Ref[-0.0,-0.0,5.0] Pos[-0.05,-0.07,3.90] Cmd[-4.2,-0.2,8.0][0m
[ladrc_position_controller_node-5] [0m[INFO] [1785228434.739538222] [uav5.ladrc_position_controller]: UAV5 Ref[-0.0,-0.0,5.8] Pos[-0.06,-0.09,4.56] Cmd[-3.7,1.2,8.0][0m
[ladrc_position_controller_node-7] [0m[INFO] [1785228435.715566179] [uav7.ladrc_position_controller]: UAV7 Ref[-0.0,-0.0,9.1] Pos[-0.02,-0.09,7.58] Cmd[-4.6,2.9,8.0][0m
[ladrc_position_controller_node-1] [0m[INFO] [1785228435.720993274] [uav1.ladrc_position_controller]: UAV1 Ref[-0.0,-0.0,3.0] Pos[-0.07,-0.06,2.52] Cmd[-2.6,0.6,8.0][0m
[ladrc_position_controller_node-3] [0m[INFO] [1785228435.731270743] [uav3.ladrc_position_controller]: UAV3 Ref[0.0,-0.0,5.1] Pos[-0.03,-0.08,4.20] Cmd[-3.7,0.2,8.0][0m
[ladrc_position_controller_node-2] [0m[INFO] [1785228435.732680433] [uav2.ladrc_position_controller]: UAV2 Ref[-0.0,-0.0,4.0] Pos[-0.05,-0.06,3.36] Cmd[-2.8,-0.4,8.0][0m
[ladrc_position_controller_node-4] [0m[INFO] [1785228435.734254521] [uav4.ladrc_position_controller]: UAV4 Ref[-0.0,-0.0,6.1] Pos[-0.04,-0.06,5.06] Cmd[-4.1,0.2,8.0][0m
[ladrc_position_controller_node-8] [0m[INFO] [1785228435.739702926] [uav8.ladrc_position_controller]: UAV8 Ref[-0.0,0.0,10.2] Pos[-0.01,-0.09,8.46] Cmd[-4.9,2.6,8.0][0m
[ladrc_position_controller_node-5] [0m[INFO] [1785228435.739766495] [uav5.ladrc_position_controller]: UAV5 Ref[-0.0,-0.0,7.1] Pos[-0.06,-0.07,5.91] Cmd[-3.2,1.6,8.0][0m
[ladrc_position_controller_node-6] [0m[INFO] [1785228435.740835988] [uav6.ladrc_position_controller]: UAV6 Ref[-0.0,-0.0,8.2] Pos[-0.05,-0.07,6.77] Cmd[-3.3,2.5,8.0][0m
[ladrc_position_controller_node-1] [0m[INFO] [1785228436.721018847] [uav1.ladrc_position_controller]: UAV1 Ref[-0.0,-0.0,3.5] Pos[-0.02,-0.04,3.11] Cmd[-2.8,0.7,8.0][0m
[ladrc_position_controller_node-3] [0m[INFO] [1785228436.731276178] [uav3.ladrc_position_controller]: UAV3 Ref[0.0,-0.0,5.9] Pos[-0.02,-0.06,5.15] Cmd[-3.5,0.6,8.0][0m
[ladrc_position_controller_node-2] [0m[INFO] [1785228436.732699444] [uav2.ladrc_position_controller]: UAV2 Ref[-0.0,-0.0,4.7] Pos[-0.03,-0.05,4.13] Cmd[-2.6,-0.1,8.0][0m
[ladrc_position_controller_node-4] [0m[INFO] [1785228436.734254947] [uav4.ladrc_position_controller]: UAV4 Ref[-0.0,-0.0,7.1] Pos[-0.02,-0.04,6.18] Cmd[-4.2,0.3,8.0][0m
[ladrc_position_controller_node-7] [0m[INFO] [1785228436.735526038] [uav7.ladrc_position_controller]: UAV7 Ref[-0.0,-0.0,10.6] Pos[-0.03,-0.05,9.25] Cmd[-4.4,3.3,8.0][0m
[ladrc_position_controller_node-8] [0m[INFO] [1785228436.739725934] [uav8.ladrc_position_controller]: UAV8 Ref[-0.0,0.0,11.8] Pos[-0.03,-0.07,10.26] Cmd[-4.4,3.3,8.0][0m
[ladrc_position_controller_node-6] [0m[INFO] [1785228436.740853095] [uav6.ladrc_position_controller]: UAV6 Ref[-0.0,-0.0,9.5] Pos[-0.04,-0.04,8.23] Cmd[-3.0,2.8,8.0][0m
[ladrc_position_controller_node-5] [0m[INFO] [1785228436.759602241] [uav5.ladrc_position_controller]: UAV5 Ref[-0.0,-0.0,8.3] Pos[-0.04,-0.03,7.21] Cmd[-3.2,1.4,8.0][0m
[ladrc_position_controller_node-3] [0m[INFO] [1785228437.731282926] [uav3.ladrc_position_controller]: UAV3 Ref[0.0,-0.0,6.6] Pos[-0.00,-0.02,5.98] Cmd[-3.5,0.4,8.0][0m
[ladrc_position_controller_node-4] [0m[INFO] [1785228437.734273507] [uav4.ladrc_position_controller]: UAV4 Ref[-0.0,-0.0,7.9] Pos[-0.01,-0.02,7.17] Cmd[-4.3,0.2,8.0][0m
[ladrc_position_controller_node-8] [0m[INFO] [1785228437.739799988] [uav8.ladrc_position_controller]: UAV8 Ref[-0.0,0.0,13.2] Pos[-0.03,-0.03,11.87] Cmd[-4.3,3.7,8.0][0m
[ladrc_position_controller_node-6] [0m[INFO] [1785228437.740863340] [uav6.ladrc_position_controller]: UAV6 Ref[-0.0,-0.0,10.5] Pos[-0.01,-0.01,9.50] Cmd[-3.0,2.7,8.0][0m
[ladrc_position_controller_node-1] [0m[INFO] [1785228437.740984216] [uav1.ladrc_position_controller]: UAV1 Ref[-0.0,-0.0,3.9] Pos[-0.01,-0.02,3.66] Cmd[-2.8,0.8,8.0][0m
[ladrc_position_controller_node-2] [0m[INFO] [1785228437.752698156] [uav2.ladrc_position_controller]: UAV2 Ref[-0.0,-0.0,5.3] Pos[-0.01,-0.03,4.82] Cmd[-2.6,-0.0,8.0][0m
[ladrc_position_controller_node-7] [0m[INFO] [1785228437.755583750] [uav7.ladrc_position_controller]: UAV7 Ref[-0.0,-0.0,11.9] Pos[-0.02,-0.00,10.72] Cmd[-4.3,2.9,8.0][0m
[ladrc_position_controller_node-5] [0m[INFO] [1785228437.759605523] [uav5.ladrc_position_controller]: UAV5 Ref[-0.0,-0.0,9.2] Pos[-0.03,-0.02,8.37] Cmd[-3.0,1.5,8.0][0m
[ladrc_position_controller_node-6] [0m[INFO] [1785228438.740867032] [uav6.ladrc_position_controller]: UAV6 Ref[-0.0,-0.0,11.3] Pos[0.01,-0.00,10.60] Cmd[-3.3,2.7,8.0][0m
[ladrc_position_controller_node-3] [0m[INFO] [1785228438.751282820] [uav3.ladrc_position_controller]: UAV3 Ref[0.0,-0.0,7.1] Pos[0.01,-0.01,6.69] Cmd[-3.8,0.3,8.0][0m
[ladrc_position_controller_node-2] [0m[INFO] [1785228438.752714692] [uav2.ladrc_position_controller]: UAV2 Ref[-0.0,-0.0,5.7] Pos[0.02,-0.02,5.40] Cmd[-3.1,-0.0,7.9][0m
[ladrc_position_controller_node-4] [0m[INFO] [1785228438.754259596] [uav4.ladrc_position_controller]: UAV4 Ref[-0.0,-0.0,8.5] Pos[-0.01,-0.02,8.00] Cmd[-4.4,0.2,8.0][0m
[ladrc_position_controller_node-7] [0m[INFO] [1785228438.755601609] [uav7.ladrc_position_controller]: UAV7 Ref[-0.0,-0.0,12.7] Pos[-0.01,-0.00,11.92] Cmd[-4.4,3.2,8.0][0m
[ladrc_position_controller_node-5] [0m[INFO] [1785228438.759646906] [uav5.ladrc_position_controller]: UAV5 Ref[-0.0,-0.0,9.9] Pos[-0.01,-0.01,9.29] Cmd[-3.0,1.5,8.0][0m
[ladrc_position_controller_node-8] [0m[INFO] [1785228438.759802908] [uav8.ladrc_position_controller]: UAV8 Ref[-0.0,0.0,14.1] Pos[-0.02,-0.01,13.22] Cmd[-4.3,3.7,8.0][0m
[ladrc_position_controller_node-1] [0m[INFO] [1785228438.760974712] [uav1.ladrc_position_controller]: UAV1 Ref[-0.0,-0.0,4.3] Pos[-0.01,-0.02,4.10] Cmd[-2.8,0.8,8.0][0m
[ladrc_position_controller_node-2] [0m[INFO] [1785228439.752721600] [uav2.ladrc_position_controller]: UAV2 Ref[-0.0,-0.0,5.9] Pos[0.02,-0.02,5.82] Cmd[-3.2,0.0,8.0][0m
[ladrc_position_controller_node-4] [0m[INFO] [1785228439.754268938] [uav4.ladrc_position_controller]: UAV4 Ref[-0.0,-0.0,8.9] Pos[-0.00,-0.01,8.60] Cmd[-4.5,0.2,8.0][0m
[ladrc_position_controller_node-6] [0m[INFO] [1785228439.760853591] [uav6.ladrc_position_controller]: UAV6 Ref[-0.0,-0.0,11.8] Pos[0.00,0.00,11.39] Cmd[-3.3,2.7,8.0][0m
[ladrc_position_controller_node-1] [0m[INFO] [1785228439.760989345] [uav1.ladrc_position_controller]: UAV1 Ref[-0.0,-0.0,4.4] Pos[-0.01,-0.00,4.45] Cmd[-2.8,0.6,6.3][0m
[ladrc_position_controller_node-3] [0m[INFO] [1785228439.771296891] [uav3.ladrc_position_controller]: UAV3 Ref[0.0,-0.0,7.4] Pos[0.03,-0.01,7.22] Cmd[-4.0,0.2,8.0][0m
[ladrc_position_controller_node-7] [0m[INFO] [1785228439.775511244] [uav7.ladrc_position_controller]: UAV7 Ref[-0.0,-0.0,13.3] Pos[0.01,-0.01,12.80] Cmd[-4.5,3.3,8.0][0m
[ladrc_position_controller_node-5] [0m[INFO] [1785228439.779617384] [uav5.ladrc_position_controller]: UAV5 Ref[-0.0,-0.0,10.3] Pos[-0.01,-0.01,10.01] Cmd[-3.2,1.3,8.0][0m
[ladrc_position_controller_node-8] [0m[INFO] [1785228439.779740174] [uav8.ladrc_position_controller]: UAV8 Ref[-0.0,0.0,14.7] Pos[-0.01,0.00,14.21] Cmd[-4.5,3.6,8.0][0m
[ladrc_position_controller_node-2] [0m[INFO] [1785228440.752727977] [uav2.ladrc_position_controller]: UAV2 Ref[-0.0,-0.0,6.0] Pos[0.01,-0.02,6.11] Cmd[-3.4,0.1,4.0][0m
[ladrc_position_controller_node-6] [0m[INFO] [1785228440.760869686] [uav6.ladrc_position_controller]: UAV6 Ref[-0.0,-0.0,12.0] Pos[0.00,-0.00,11.91] Cmd[-3.4,2.8,6.4][0m
[ladrc_position_controller_node-4] [0m[INFO] [1785228440.774292276] [uav4.ladrc_position_controller]: UAV4 Ref[-0.0,-0.0,9.0] Pos[-0.01,-0.01,9.02] Cmd[-4.7,0.2,5.5][0m
[ladrc_position_controller_node-7] [0m[INFO] [1785228440.775534883] [uav7.ladrc_position_controller]: UAV7 Ref[-0.0,-0.0,13.5] Pos[0.02,-0.01,13.36] Cmd[-5.0,3.4,6.8][0m
[ladrc_position_controller_node-8] [0m[INFO] [1785228440.779754657] [uav8.ladrc_position_controller]: UAV8 Ref[-0.0,0.0,15.0] Pos[-0.01,0.01,14.80] Cmd[-4.4,3.6,8.0][0m
[ladrc_position_controller_node-1] [0m[INFO] [1785228440.780995230] [uav1.ladrc_position_controller]: UAV1 Ref[-0.0,-0.0,4.5] Pos[-0.02,0.00,4.65] Cmd[-2.7,0.5,3.9][0m
[ladrc_position_controller_node-3] [0m[INFO] [1785228440.791277338] [uav3.ladrc_position_controller]: UAV3 Ref[0.0,-0.0,7.5] Pos[0.02,-0.02,7.57] Cmd[-4.2,0.4,5.0][0m
[ladrc_position_controller_node-5] [0m[INFO] [1785228440.799642505] [uav5.ladrc_position_controller]: UAV5 Ref[-0.0,-0.0,10.5] Pos[-0.01,-0.01,10.46] Cmd[-3.2,1.3,7.6][0m
[ladrc_position_controller_node-2] [0m[INFO] [1785228441.772710799] [uav2.ladrc_position_controller]: UAV2 Ref[-0.0,-0.0,6.0] Pos[-0.00,-0.01,6.24] Cmd[-3.3,0.0,0.4][0m
[ladrc_position_controller_node-7] [0m[INFO] [1785228441.775569764] [uav7.ladrc_position_controller]: UAV7 Ref[-0.0,-0.0,13.5] Pos[0.02,-0.01,13.64] Cmd[-5.0,3.5,4.1][0m
[ladrc_position_controller_node-6] [0m[INFO] [1785228441.780833212] [uav6.ladrc_position_controller]: UAV6 Ref[-0.0,-0.0,12.0] Pos[-0.00,0.00,12.15] Cmd[-3.3,2.7,3.7][0m
[ladrc_position_controller_node-3] [0m[INFO] [1785228441.791280639] [uav3.ladrc_position_controller]: UAV3 Ref[0.0,-0.0,7.5] Pos[0.00,-0.03,7.72] Cmd[-4.0,0.5,1.4][0m
[ladrc_position_controller_node-4] [0m[INFO] [1785228441.794281841] [uav4.ladrc_position_controller]: UAV4 Ref[-0.0,-0.0,9.0] Pos[-0.01,-0.01,9.21] Cmd[-4.7,0.2,2.1][0m
[ladrc_position_controller_node-8] [0m[INFO] [1785228441.799765611] [uav8.ladrc_position_controller]: UAV8 Ref[-0.0,0.0,15.0] Pos[0.00,0.01,15.12] Cmd[-4.7,3.5,3.7][0m
[ladrc_position_controller_node-1] [0m[INFO] [1785228441.800973163] [uav1.ladrc_position_controller]: UAV1 Ref[-0.0,-0.0,4.5] Pos[-0.02,-0.00,4.78] Cmd[-2.5,0.4,-2.6][0m
[ladrc_position_controller_node-5] [0m[INFO] [1785228441.819602524] [uav5.ladrc_position_controller]: UAV5 Ref[-0.0,-0.0,10.5] Pos[-0.01,-0.01,10.70] Cmd[-3.2,1.2,1.6][0m
[ladrc_position_controller_node-3] [0m[INFO] [1785228441.831312436] [uav3.ladrc_position_controller]: 控制适应日志已写入: /home/yihuang/learning/LLM_swarm_ws/src/LLM-UAVswarm-performance/logs/control_adaptation_log.csv (mission=900010, uav=3)[0m
[ladrc_position_controller_node-3] [0m[INFO] [1785228441.831399480] [uav3.ladrc_position_controller]: 悬停稳定! pos_err=0.19m, vel=0.18m/s → is_hover_stable=true[0m
[ladrc_position_controller_node-2] [0m[INFO] [1785228441.832761380] [uav2.ladrc_position_controller]: 控制适应日志已写入: /home/yihuang/learning/LLM_swarm_ws/src/LLM-UAVswarm-performance/logs/control_adaptation_log.csv (mission=900010, uav=2)[0m
[ladrc_position_controller_node-2] [0m[INFO] [1785228441.832864764] [uav2.ladrc_position_controller]: 悬停稳定! pos_err=0.21m, vel=0.20m/s → is_hover_stable=true[0m
[ladrc_position_controller_node-4] [0m[INFO] [1785228441.834297427] [uav4.ladrc_position_controller]: 控制适应日志已写入: /home/yihuang/learning/LLM_swarm_ws/src/LLM-UAVswarm-performance/logs/control_adaptation_log.csv (mission=900010, uav=4)[0m
[ladrc_position_controller_node-4] [0m[INFO] [1785228441.834378128] [uav4.ladrc_position_controller]: 悬停稳定! pos_err=0.17m, vel=0.16m/s → is_hover_stable=true[0m
[ladrc_position_controller_node-7] [0m[INFO] [1785228441.835552588] [uav7.ladrc_position_controller]: 控制适应日志已写入: /home/yihuang/learning/LLM_swarm_ws/src/LLM-UAVswarm-performance/logs/control_adaptation_log.csv (mission=900010, uav=7)[0m
[ladrc_position_controller_node-7] [0m[INFO] [1785228441.835643178] [uav7.ladrc_position_controller]: 悬停稳定! pos_err=0.11m, vel=0.10m/s → is_hover_stable=true[0m
[ladrc_position_controller_node-8] [0m[INFO] [1785228441.839765488] [uav8.ladrc_position_controller]: 控制适应日志已写入: /home/yihuang/learning/LLM_swarm_ws/src/LLM-UAVswarm-performance/logs/control_adaptation_log.csv (mission=900010, uav=8)[0m
[ladrc_position_controller_node-8] [0m[INFO] [1785228441.839843935] [uav8.ladrc_position_controller]: 悬停稳定! pos_err=0.08m, vel=0.06m/s → is_hover_stable=true[0m
[ladrc_position_controller_node-5] [0m[INFO] [1785228441.839608655] [uav5.ladrc_position_controller]: 控制适应日志已写入: /home/yihuang/learning/LLM_swarm_ws/src/LLM-UAVswarm-performance/logs/control_adaptation_log.csv (mission=900010, uav=5)[0m
[ladrc_position_controller_node-5] [0m[INFO] [1785228441.840025165] [uav5.ladrc_position_controller]: 悬停稳定! pos_err=0.15m, vel=0.14m/s → is_hover_stable=true[0m
[ladrc_position_controller_node-6] [0m[INFO] [1785228441.840846874] [uav6.ladrc_position_controller]: 控制适应日志已写入: /home/yihuang/learning/LLM_swarm_ws/src/LLM-UAVswarm-performance/logs/control_adaptation_log.csv (mission=900010, uav=6)[0m
[ladrc_position_controller_node-6] [0m[INFO] [1785228441.840914260] [uav6.ladrc_position_controller]: 悬停稳定! pos_err=0.12m, vel=0.11m/s → is_hover_stable=true[0m
[ladrc_position_controller_node-1] [0m[INFO] [1785228441.840990783] [uav1.ladrc_position_controller]: 控制适应日志已写入: /home/yihuang/learning/LLM_swarm_ws/src/LLM-UAVswarm-performance/logs/control_adaptation_log.csv (mission=900010, uav=1)[0m
[ladrc_position_controller_node-1] [0m[INFO] [1785228441.841118312] [uav1.ladrc_position_controller]: 悬停稳定! pos_err=0.23m, vel=0.23m/s → is_hover_stable=true[0m
[ladrc_position_controller_node-6] [0m[INFO] [1785228442.780871038] [uav6.ladrc_position_controller]: UAV6 Ref[-0.0,-0.0,12.0] Pos[-0.02,0.00,12.27] Cmd[-3.0,2.7,-3.8][0m
[ladrc_position_controller_node-3] [0m[INFO] [1785228442.791289061] [uav3.ladrc_position_controller]: UAV3 Ref[0.0,-0.0,7.5] Pos[-0.02,-0.04,7.81] Cmd[-3.8,0.8,-6.0][0m
[ladrc_position_controller_node-2] [0m[INFO] [1785228442.792673463] [uav2.ladrc_position_controller]: UAV2 Ref[-0.0,-0.0,6.0] Pos[-0.01,-0.02,6.31] Cmd[-3.1,0.2,-6.8][0m
[ladrc_position_controller_node-7] [0m[INFO] [1785228442.795499797] [uav7.ladrc_position_controller]: UAV7 Ref[-0.0,-0.0,13.5] Pos[0.01,-0.01,13.76] Cmd[-5.0,3.6,-3.3][0m
[ladrc_position_controller_node-1] [0m[INFO] [1785228442.800995139] [uav1.ladrc_position_controller]: UAV1 Ref[-0.0,-0.0,4.5] Pos[-0.02,-0.00,4.81] Cmd[-2.5,0.4,-7.3][0m
[ladrc_position_controller_node-4] [0m[INFO] [1785228442.814298856] [uav4.ladrc_position_controller]: UAV4 Ref[-0.0,-0.0,9.0] Pos[-0.02,-0.03,9.30] Cmd[-4.7,0.5,-5.5][0m
[ladrc_position_controller_node-8] [0m[INFO] [1785228442.819742792] [uav8.ladrc_position_controller]: UAV8 Ref[-0.0,0.0,15.0] Pos[0.00,0.01,15.23] Cmd[-4.8,3.5,-0.9][0m
[ladrc_position_controller_node-1] [0m[INFO] [1785228442.820521090] [uav1.ladrc_position_controller]: UAV1 swarm_cmd 回调触发 (目标=[6.0,-0.0,4.5])[0m
[ladrc_position_controller_node-1] [0m[INFO] [1785228442.820560234] [uav1.ladrc_position_controller]: 收到新任务指令 (UAV1)，目标/参数已变更，覆盖旧任务[0m
[ladrc_position_controller_node-1] [0m[INFO] [1785228442.820573438] [uav1.ladrc_position_controller]: 轨迹指标: path=6.76m vmax=0.67m/s amax=0.11m/s^2 jmax=0.06m/s^3 ISJ=0.01[0m
[ladrc_position_controller_node-1] [0m[INFO] [1785228442.820593496] [uav1.ladrc_position_controller]: 任务条件化带宽: mission=900011 style=normal distance=6.76m duration=19.01s avg_v=0.36m/s kappa=0.799[0m
[ladrc_position_controller_node-1] [0m[INFO] [1785228442.820612111] [uav1.ladrc_position_controller]: >>> Mission900011 UAV1 全局[6.0,-0.0,4.5]→本地[6.0,-3.0,4.5] T=19.0s normal[0m
[ladrc_position_controller_node-2] [0m[INFO] [1785228442.820566235] [uav2.ladrc_position_controller]: UAV2 swarm_cmd 回调触发 (目标=[4.3,4.2,6.0])[0m
[ladrc_position_controller_node-2] [0m[INFO] [1785228442.820595650] [uav2.ladrc_position_controller]: 收到新任务指令 (UAV2)，目标/参数已变更，覆盖旧任务[0m
[ladrc_position_controller_node-2] [0m[INFO] [1785228442.820605138] [uav2.ladrc_position_controller]: 轨迹指标: path=4.64m vmax=0.46m/s amax=0.07m/s^2 jmax=0.04m/s^3 ISJ=0.01[0m
[ladrc_position_controller_node-2] [0m[INFO] [1785228442.820619755] [uav2.ladrc_position_controller]: 任务条件化带宽: mission=900011 style=normal distance=4.64m duration=19.01s avg_v=0.24m/s kappa=0.784[0m
[ladrc_position_controller_node-2] [0m[INFO] [1785228442.820627530] [uav2.ladrc_position_controller]: >>> Mission900011 UAV2 全局[4.3,4.2,6.0]→本地[4.3,-1.8,6.0] T=19.0s normal[0m
[ladrc_position_controller_node-3] [0m[INFO] [1785228442.820597473] [uav3.ladrc_position_controller]: UAV3 swarm_cmd 回调触发 (目标=[0.0,6.0,7.5])[0m
[ladrc_position_controller_node-3] [0m[INFO] [1785228442.820631928] [uav3.ladrc_position_controller]: 收到新任务指令 (UAV3)，目标/参数已变更，覆盖旧任务[0m
[ladrc_position_controller_node-3] [0m[INFO] [1785228442.820643209] [uav3.ladrc_position_controller]: 轨迹指标: path=2.95m vmax=0.29m/s amax=0.05m/s^2 jmax=0.03m/s^3 ISJ=0.00[0m
[ladrc_position_controller_node-3] [0m[INFO] [1785228442.820657987] [uav3.ladrc_position_controller]: 任务条件化带宽: mission=900011 style=normal distance=2.95m duration=19.01s avg_v=0.15m/s kappa=0.772[0m
[ladrc_position_controller_node-3] [0m[INFO] [1785228442.820671251] [uav3.ladrc_position_controller]: >>> Mission900011 UAV3 全局[0.0,6.0,7.5]→本地[0.0,-3.0,7.5] T=19.0s normal[0m
[ladrc_position_controller_node-4] [0m[INFO] [1785228442.820627520] [uav4.ladrc_position_controller]: UAV4 swarm_cmd 回调触发 (目标=[-4.2,4.2,9.0])[0m
[ladrc_position_controller_node-4] [0m[INFO] [1785228442.820652496] [uav4.ladrc_position_controller]: 收到新任务指令 (UAV4)，目标/参数已变更，覆盖旧任务[0m
[ladrc_position_controller_node-4] [0m[INFO] [1785228442.820665501] [uav4.ladrc_position_controller]: 轨迹指标: path=8.83m vmax=0.87m/s amax=0.14m/s^2 jmax=0.08m/s^3 ISJ=0.02[0m
[ladrc_position_controller_node-4] [0m[INFO] [1785228442.820681941] [uav4.ladrc_position_controller]: 任务条件化带宽: mission=900011 style=normal distance=8.83m duration=19.01s avg_v=0.46m/s kappa=0.814[0m
[ladrc_position_controller_node-4] [0m[INFO] [1785228442.820695948] [uav4.ladrc_position_controller]: >>> Mission900011 UAV4 全局[-4.2,4.2,9.0]→本地[-4.2,-7.8,9.0] T=19.0s normal[0m
[ladrc_position_controller_node-5] [0m[INFO] [1785228442.820658548] [uav5.ladrc_position_controller]: UAV5 swarm_cmd 回调触发 (目标=[-6.0,0.0,10.5])[0m
[ladrc_position_controller_node-5] [0m[INFO] [1785228442.820692772] [uav5.ladrc_position_controller]: 收到新任务指令 (UAV5)，目标/参数已变更，覆盖旧任务[0m
[ladrc_position_controller_node-5] [0m[INFO] [1785228442.820701568] [uav5.ladrc_position_controller]: 轨迹指标: path=16.10m vmax=1.59m/s amax=0.26m/s^2 jmax=0.14m/s^3 ISJ=0.08[0m
[ladrc_position_controller_node-5] [0m[INFO] [1785228442.820714663] [uav5.ladrc_position_controller]: 任务条件化带宽: mission=900011 style=normal distance=16.10m duration=19.01s avg_v=0.85m/s kappa=0.868[0m
[ladrc_position_controller_node-5] [0m[INFO] [1785228442.820722047] [uav5.ladrc_position_controller]: >>> Mission900011 UAV5 全局[-6.0,0.0,10.5]→本地[-6.0,-15.0,10.5] T=19.0s normal[0m
[ladrc_position_controller_node-6] [0m[INFO] [1785228442.820694275] [uav6.ladrc_position_controller]: UAV6 swarm_cmd 回调触发 (目标=[-4.3,-4.2,12.0])[0m
[ladrc_position_controller_node-6] [0m[INFO] [1785228442.820724762] [uav6.ladrc_position_controller]: 收到新任务指令 (UAV6)，目标/参数已变更，覆盖旧任务[0m
[ladrc_position_controller_node-6] [0m[INFO] [1785228442.820733348] [uav6.ladrc_position_controller]: 轨迹指标: path=22.64m vmax=2.23m/s amax=0.36m/s^2 jmax=0.20m/s^3 ISJ=0.15[0m
[ladrc_position_controller_node-6] [0m[INFO] [1785228442.820746793] [uav6.ladrc_position_controller]: 任务条件化带宽: mission=900011 style=normal distance=22.64m duration=19.01s avg_v=1.19m/s kappa=0.915[0m
[ladrc_position_controller_node-6] [0m[INFO] [1785228442.820754117] [uav6.ladrc_position_controller]: >>> Mission900011 UAV6 全局[-4.3,-4.2,12.0]→本地[-4.3,-22.2,12.0] T=19.0s normal[0m
[ladrc_position_controller_node-7] [0m[INFO] [1785228442.820713741] [uav7.ladrc_position_controller]: UAV7 swarm_cmd 回调触发 (目标=[0.0,-6.0,13.5])[0m
[ladrc_position_controller_node-7] [0m[INFO] [1785228442.820744098] [uav7.ladrc_position_controller]: 收到新任务指令 (UAV7)，目标/参数已变更，覆盖旧任务[0m
[ladrc_position_controller_node-7] [0m[INFO] [1785228442.820753415] [uav7.ladrc_position_controller]: 轨迹指标: path=26.98m vmax=2.66m/s amax=0.43m/s^2 jmax=0.24m/s^3 ISJ=0.21[0m
[ladrc_position_controller_node-7] [0m[INFO] [1785228442.820767622] [uav7.ladrc_position_controller]: 任务条件化带宽: mission=900011 style=normal distance=26.98m duration=19.01s avg_v=1.42m/s kappa=0.947[0m
[ladrc_position_controller_node-7] [0m[INFO] [1785228442.820775557] [uav7.ladrc_position_controller]: >>> Mission900011 UAV7 全局[0.0,-6.0,13.5]→本地[0.0,-27.0,13.5] T=19.0s normal[0m
[ladrc_position_controller_node-8] [0m[INFO] [1785228442.820751081] [uav8.ladrc_position_controller]: UAV8 swarm_cmd 回调触发 (目标=[4.2,-4.2,15.0])[0m
[ladrc_position_controller_node-8] [0m[INFO] [1785228442.820776138] [uav8.ladrc_position_controller]: 收到新任务指令 (UAV8)，目标/参数已变更，覆盖旧任务[0m
[ladrc_position_controller_node-8] [0m[INFO] [1785228442.820785215] [uav8.ladrc_position_controller]: 轨迹指标: path=28.52m vmax=2.81m/s amax=0.46m/s^2 jmax=0.25m/s^3 ISJ=0.24[0m
[ladrc_position_controller_node-8] [0m[INFO] [1785228442.820800443] [uav8.ladrc_position_controller]: 任务条件化带宽: mission=900011 style=normal distance=28.52m duration=19.01s avg_v=1.50m/s kappa=0.958[0m
[ladrc_position_controller_node-8] [0m[INFO] [1785228442.820816724] [uav8.ladrc_position_controller]: >>> Mission900011 UAV8 全局[4.2,-4.2,15.0]→本地[4.2,-28.2,15.0] T=19.0s normal[0m
[ladrc_position_controller_node-5] [0m[INFO] [1785228442.839639458] [uav5.ladrc_position_controller]: UAV5 Ref[-0.0,-0.0,10.8] Pos[-0.01,-0.01,10.78] Cmd[-0.0,-0.0,-0.0][0m
[ladrc_position_controller_node-2] [0m[INFO] [1785228443.792716149] [uav2.ladrc_position_controller]: UAV2 Ref[-0.0,-0.0,6.3] Pos[-0.02,-0.02,6.49] Cmd[0.3,-0.1,-5.0][0m
[ladrc_position_controller_node-7] [0m[INFO] [1785228443.795514079] [uav7.ladrc_position_controller]: UAV7 Ref[0.0,-0.0,13.8] Pos[0.00,-0.01,13.91] Cmd[0.2,-1.2,-6.6][0m
[ladrc_position_controller_node-6] [0m[INFO] [1785228443.800891551] [uav6.ladrc_position_controller]: UAV6 Ref[-0.0,-0.0,12.3] Pos[-0.03,0.01,12.43] Cmd[0.0,-1.1,-6.4][0m
[ladrc_position_controller_node-3] [0m[INFO] [1785228443.811284005] [uav3.ladrc_position_controller]: UAV3 Ref[-0.0,-0.0,7.8] Pos[-0.02,-0.05,7.98] Cmd[0.1,0.1,-4.9][0m
[ladrc_position_controller_node-1] [0m[INFO] [1785228443.820963364] [uav1.ladrc_position_controller]: UAV1 Ref[-0.0,-0.0,4.8] Pos[-0.02,-0.01,5.01] Cmd[0.1,0.1,-6.4][0m
[ladrc_position_controller_node-4] [0m[INFO] [1785228443.834262262] [uav4.ladrc_position_controller]: UAV4 Ref[-0.0,-0.0,9.3] Pos[-0.02,-0.03,9.48] Cmd[-0.0,-0.2,-6.6][0m
[ladrc_position_controller_node-8] [0m[INFO] [1785228443.839721597] [uav8.ladrc_position_controller]: UAV8 Ref[0.0,-0.0,15.2] Pos[0.01,0.01,15.40] Cmd[0.1,-1.4,-8.0][0m
[ladrc_position_controller_node-5] [0m[INFO] [1785228443.859643720] [uav5.ladrc_position_controller]: UAV5 Ref[-0.0,-0.0,10.8] Pos[-0.02,-0.02,10.96] Cmd[-0.1,-0.5,-7.2][0m
[ladrc_position_controller_node-2] [0m[INFO] [1785228444.792770125] [uav2.ladrc_position_controller]: UAV2 Ref[0.0,-0.0,6.3] Pos[-0.02,-0.02,6.59] Cmd[1.0,-0.2,-8.0][0m
[ladrc_position_controller_node-7] [0m[INFO] [1785228444.815522048] [uav7.ladrc_position_controller]: UAV7 Ref[0.0,-0.3,13.8] Pos[-0.01,-0.04,14.01] Cmd[0.7,-5.0,-8.0][0m
[ladrc_position_controller_node-6] [0m[INFO] [1785228444.820857000] [uav6.ladrc_position_controller]: UAV6 Ref[-0.1,-0.2,12.3] Pos[-0.04,-0.01,12.53] Cmd[-0.5,-5.0,-8.0][0m
[ladrc_position_controller_node-1] [0m[INFO] [1785228444.821033531] [uav1.ladrc_position_controller]: UAV1 Ref[0.0,-0.0,4.8] Pos[-0.01,-0.02,5.09] Cmd[1.0,-0.2,-8.0][0m
[ladrc_position_controller_node-3] [0m[INFO] [1785228444.831299278] [uav3.ladrc_position_controller]: UAV3 Ref[-0.0,-0.1,7.8] Pos[-0.02,-0.06,8.07] Cmd[-0.0,-0.2,-8.0][0m
[ladrc_position_controller_node-4] [0m[INFO] [1785228444.834273548] [uav4.ladrc_position_controller]: UAV4 Ref[-0.1,-0.1,9.3] Pos[-0.04,-0.05,9.56] Cmd[-0.5,-1.3,-8.0][0m
[ladrc_position_controller_node-8] [0m[INFO] [1785228444.859715009] [uav8.ladrc_position_controller]: UAV8 Ref[0.0,-0.3,15.2] Pos[0.01,-0.04,15.46] Cmd[1.1,-5.0,-8.0][0m
[ladrc_position_controller_node-5] [0m[INFO] [1785228444.879630509] [uav5.ladrc_position_controller]: UAV5 Ref[-0.1,-0.2,10.8] Pos[-0.03,-0.04,11.03] Cmd[-1.0,-3.4,-8.0][0m
[ladrc_position_controller_node-2] [0m[INFO] [1785228445.812716258] [uav2.ladrc_position_controller]: UAV2 Ref[0.1,-0.1,6.3] Pos[0.03,-0.03,6.61] Cmd[2.1,-0.8,-8.0][0m
[ladrc_position_controller_node-7] [0m[INFO] [1785228445.815525069] [uav7.ladrc_position_controller]: UAV7 Ref[0.0,-0.8,13.8] Pos[-0.01,-0.22,14.02] Cmd[0.9,-5.0,-8.0][0m
[ladrc_position_controller_node-6] [0m[INFO] [1785228445.840922206] [uav6.ladrc_position_controller]: UAV6 Ref[-0.2,-0.7,12.3] Pos[-0.05,-0.16,12.55] Cmd[-2.6,-5.0,-8.0][0m
[ladrc_position_controller_node-1] [0m[INFO] [1785228445.840983000] [uav1.ladrc_position_controller]: UAV1 Ref[0.2,-0.1,4.8] Pos[0.04,-0.03,5.12] Cmd[2.7,-1.3,-8.0][0m
[ladrc_position_controller_node-3] [0m[INFO] [1785228445.851260880] [uav3.ladrc_position_controller]: UAV3 Ref[-0.0,-0.1,7.8] Pos[-0.01,-0.07,8.10] Cmd[-0.1,-1.1,-8.0][0m
[ladrc_position_controller_node-4] [0m[INFO] [1785228445.854257232] [uav4.ladrc_position_controller]: UAV4 Ref[-0.1,-0.3,9.3] Pos[-0.05,-0.10,9.59] Cmd[-2.2,-3.8,-8.0][0m
[ladrc_position_controller_node-8] [0m[INFO] [1785228445.879715644] [uav8.ladrc_position_controller]: UAV8 Ref[0.1,-0.9,15.2] Pos[0.04,-0.24,15.50] Cmd[3.3,-5.0,-8.0][0m
[ladrc_position_controller_node-5] [0m[INFO] [1785228445.899589116] [uav5.ladrc_position_controller]: UAV5 Ref[-0.2,-0.5,10.8] Pos[-0.06,-0.15,11.06] Cmd[-3.7,-5.0,-8.0][0m
[ladrc_position_controller_node-2] [0m[INFO] [1785228446.812731292] [uav2.ladrc_position_controller]: UAV2 Ref[0.3,-0.1,6.3] Pos[0.12,-0.04,6.63] Cmd[3.8,-2.0,-8.0][0m
[ladrc_position_controller_node-7] [0m[INFO] [1785228446.835533970] [uav7.ladrc_position_controller]: UAV7 Ref[0.0,-1.8,13.7] Pos[0.03,-0.73,14.05] Cmd[0.2,-5.0,-8.0][0m
[ladrc_position_controller_node-1] [0m[INFO] [1785228446.840988726] [uav1.ladrc_position_controller]: UAV1 Ref[0.4,-0.2,4.8] Pos[0.17,-0.06,5.14] Cmd[5.0,-3.1,-8.0][0m
[ladrc_position_controller_node-3] [0m[INFO] [1785228446.851270613] [uav3.ladrc_position_controller]: UAV3 Ref[-0.0,-0.2,7.8] Pos[0.00,-0.11,8.11] Cmd[-0.2,-2.6,-8.0][0m
[ladrc_position_controller_node-4] [0m[INFO] [1785228446.854258520] [uav4.ladrc_position_controller]: UAV4 Ref[-0.3,-0.6,9.3] Pos[-0.11,-0.25,9.60] Cmd[-4.5,-5.0,-8.0][0m
[ladrc_position_controller_node-6] [0m[INFO] [1785228446.860863651] [uav6.ladrc_position_controller]: UAV6 Ref[-0.3,-1.5,12.3] Pos[-0.10,-0.60,12.56] Cmd[-5.0,-5.0,-8.0][0m
[ladrc_position_controller_node-8] [0m[INFO] [1785228446.899699117] [uav8.ladrc_position_controller]: UAV8 Ref[0.3,-2.0,15.2] Pos[0.13,-0.78,15.51] Cmd[5.0,-5.0,-8.0][0m
[ladrc_position_controller_node-5] [0m[INFO] [1785228446.919606422] [uav5.ladrc_position_controller]: UAV5 Ref[-0.4,-1.1,10.8] Pos[-0.15,-0.45,11.08] Cmd[-5.0,-5.0,-8.0][0m
[ladrc_position_controller_node-2] [0m[INFO] [1785228447.812788454] [uav2.ladrc_position_controller]: UAV2 Ref[0.5,-0.2,6.3] Pos[0.26,-0.08,6.62] Cmd[5.0,-3.4,-8.0][0m
[ladrc_position_controller_node-7] [0m[INFO] [1785228447.855513916] [uav7.ladrc_position_controller]: UAV7 Ref[0.0,-3.2,13.7] Pos[0.07,-1.67,14.05] Cmd[-0.8,-5.0,-8.0][0m
[ladrc_position_controller_node-1] [0m[INFO] [1785228447.860954626] [uav1.ladrc_position_controller]: UAV1 Ref[0.7,-0.4,4.8] Pos[0.36,-0.17,5.15] Cmd[5.0,-5.0,-8.0][0m
[ladrc_position_controller_node-3] [0m[INFO] [1785228447.871261661] [uav3.ladrc_position_controller]: UAV3 Ref[-0.0,-0.4,7.8] Pos[0.01,-0.20,8.12] Cmd[-0.4,-4.5,-8.0][0m
[ladrc_position_controller_node-4] [0m[INFO] [1785228447.874287788] [uav4.ladrc_position_controller]: UAV4 Ref[-0.5,-1.0,9.3] Pos[-0.25,-0.51,9.61] Cmd[-5.0,-5.0,-8.0][0m
[ladrc_position_controller_node-6] [0m[INFO] [1785228447.880850249] [uav6.ladrc_position_controller]: UAV6 Ref[-0.5,-2.7,12.2] Pos[-0.23,-1.40,12.57] Cmd[-5.0,-5.0,-8.0][0m
[ladrc_position_controller_node-8] [0m[INFO] [1785228447.899701937] [uav8.ladrc_position_controller]: UAV8 Ref[0.5,-3.4,15.2] Pos[0.35,-1.76,15.51] Cmd[5.0,-5.0,-8.0][0m
[ladrc_position_controller_node-5] [0m[INFO] [1785228447.939618198] [uav5.ladrc_position_controller]: UAV5 Ref[-0.8,-1.9,10.7] Pos[-0.36,-1.00,11.07] Cmd[-5.0,-5.0,-8.0][0m
[ladrc_position_controller_node-2] [0m[INFO] [1785228448.832704952] [uav2.ladrc_position_controller]: UAV2 Ref[0.8,-0.3,6.3] Pos[0.47,-0.18,6.63] Cmd[5.0,-5.0,-8.0][0m
[ladrc_position_controller_node-7] [0m[INFO] [1785228448.855531274] [uav7.ladrc_position_controller]: UAV7 Ref[0.0,-5.0,13.7] Pos[0.09,-3.04,14.06] Cmd[-2.1,-5.0,-8.0][0m
[ladrc_position_controller_node-1] [0m[INFO] [1785228448.880960171] [uav1.ladrc_position_controller]: UAV1 Ref[1.1,-0.6,4.8] Pos[0.67,-0.34,5.15] Cmd[5.0,-5.0,-8.0][0m
[ladrc_position_controller_node-3] [0m[INFO] [1785228448.891263478] [uav3.ladrc_position_controller]: UAV3 Ref[-0.0,-0.6,7.8] Pos[0.01,-0.35,8.12] Cmd[-0.5,-5.0,-8.0][0m
[ladrc_position_controller_node-4] [0m[INFO] [1785228448.894250873] [uav4.ladrc_position_controller]: UAV4 Ref[-0.8,-1.5,9.2] Pos[-0.48,-0.93,9.61] Cmd[-5.0,-5.0,-8.0][0m
[ladrc_position_controller_node-6] [0m[INFO] [1785228448.900864570] [uav6.ladrc_position_controller]: UAV6 Ref[-0.8,-4.2,12.2] Pos[-0.46,-2.56,12.57] Cmd[-5.0,-5.0,-8.0][0m
[ladrc_position_controller_node-8] [0m[INFO] [1785228448.919744702] [uav8.ladrc_position_controller]: UAV8 Ref[0.8,-5.4,15.2] Pos[0.59,-3.26,15.52] Cmd[5.0,-5.0,-8.0][0m
[ladrc_position_controller_node-5] [0m[INFO] [1785228448.959575432] [uav5.ladrc_position_controller]: UAV5 Ref[-1.2,-2.9,10.7] Pos[-0.68,-1.81,11.09] Cmd[-5.0,-5.0,-8.0][0m
[ladrc_position_controller_node-2] [0m[INFO] [1785228449.852704475] [uav2.ladrc_position_controller]: UAV2 Ref[1.1,-0.5,6.2] Pos[0.75,-0.32,6.63] Cmd[5.0,-5.0,-8.0][0m
[ladrc_position_controller_node-7] [0m[INFO] [1785228449.875492986] [uav7.ladrc_position_controller]: UAV7 Ref[0.0,-7.3,13.7] Pos[0.09,-4.88,14.05] Cmd[-3.1,-5.0,-8.0][0m
[ladrc_position_controller_node-1] [0m[INFO] [1785228449.880985814] [uav1.ladrc_position_controller]: UAV1 Ref[1.6,-0.8,4.7] Pos[1.09,-0.54,5.14] Cmd[5.0,-5.0,-8.0][0m
[ladrc_position_controller_node-4] [0m[INFO] [1785228449.894275835] [uav4.ladrc_position_controller]: UAV4 Ref[-1.2,-2.1,9.2] Pos[-0.80,-1.46,9.61] Cmd[-5.0,-5.0,-8.0][0m
[ladrc_position_controller_node-3] [0m[INFO] [1785228449.911269263] [uav3.ladrc_position_controller]: UAV3 Ref[-0.0,-0.8,7.7] Pos[-0.00,-0.56,8.12] Cmd[-0.4,-5.0,-8.0][0m
[ladrc_position_controller_node-6] [0m[INFO] [1785228449.920887668] [uav6.ladrc_position_controller]: UAV6 Ref[-1.2,-6.1,12.2] Pos[-0.79,-4.07,12.58] Cmd[-5.0,-5.0,-8.0][0m
[ladrc_position_controller_node-8] [0m[INFO] [1785228449.939710201] [uav8.ladrc_position_controller]: UAV8 Ref[1.2,-7.7,15.2] Pos[0.85,-5.20,15.51] Cmd[5.0,-5.0,-8.0][0m
[ladrc_position_controller_node-5] [0m[INFO] [1785228449.979570627] [uav5.ladrc_position_controller]: UAV5 Ref[-1.7,-4.2,10.7] Pos[-1.12,-2.84,11.06] Cmd[-5.0,-5.0,-8.0][0m
[ladrc_position_controller_node-2] [0m[INFO] [1785228450.852731671] [uav2.ladrc_position_controller]: UAV2 Ref[1.5,-0.7,6.2] Pos[1.10,-0.48,6.62] Cmd[5.0,-5.0,-8.0][0m
[ladrc_position_controller_node-7] [0m[INFO] [1785228450.875508541] [uav7.ladrc_position_controller]: UAV7 Ref[0.0,-9.7,13.7] Pos[0.04,-7.05,14.05] Cmd[-3.0,-5.0,-8.0][0m
[ladrc_position_controller_node-1] [0m[INFO] [1785228450.900945142] [uav1.ladrc_position_controller]: UAV1 Ref[2.2,-1.1,4.7] Pos[1.58,-0.80,5.14] Cmd[5.0,-5.0,-8.0][0m
[ladrc_position_controller_node-4] [0m[INFO] [1785228450.914259669] [uav4.ladrc_position_controller]: UAV4 Ref[-1.5,-2.8,9.2] Pos[-1.15,-2.09,9.59] Cmd[-5.0,-5.0,-8.0][0m
[ladrc_position_controller_node-3] [0m[INFO] [1785228450.931282702] [uav3.ladrc_position_controller]: UAV3 Ref[-0.0,-1.1,7.7] Pos[-0.01,-0.81,8.09] Cmd[-0.2,-5.0,-8.0][0m
[ladrc_position_controller_node-6] [0m[INFO] [1785228450.940805568] [uav6.ladrc_position_controller]: UAV6 Ref[-1.6,-8.1,12.2] Pos[-1.16,-5.91,12.55] Cmd[-5.0,-5.0,-8.0][0m
[ladrc_position_controller_node-8] [0m[INFO] [1785228450.959697682] [uav8.ladrc_position_controller]: UAV8 Ref[1.6,-10.3,15.2] Pos[1.16,-7.55,15.53] Cmd[5.0,-5.0,-8.0][0m
[ladrc_position_controller_node-5] [0m[INFO] [1785228450.979584188] [uav5.ladrc_position_controller]: UAV5 Ref[-2.2,-5.5,10.7] Pos[-1.63,-4.07,11.09] Cmd[-5.0,-5.0,-8.0][0m
[ladrc_position_controller_node-2] [0m[INFO] [1785228451.872755329] [uav2.ladrc_position_controller]: UAV2 Ref[1.9,-0.8,6.2] Pos[1.48,-0.64,6.61] Cmd[5.0,-5.0,-8.0][0m
[ladrc_position_controller_node-7] [0m[INFO] [1785228451.895492114] [uav7.ladrc_position_controller]: UAV7 Ref[0.0,-12.4,13.7] Pos[-0.00,-9.55,14.05] Cmd[-2.4,-5.0,-8.0][0m
[ladrc_position_controller_node-1] [0m[INFO] [1785228451.900989310] [uav1.ladrc_position_controller]: UAV1 Ref[2.7,-1.4,4.7] Pos[2.12,-1.08,5.11] Cmd[5.0,-5.0,-8.0][0m
[ladrc_position_controller_node-4] [0m[INFO] [1785228451.914267780] [uav4.ladrc_position_controller]: UAV4 Ref[-2.0,-3.6,9.2] Pos[-1.55,-2.79,9.60] Cmd[-5.0,-5.0,-8.0][0m
[ladrc_position_controller_node-6] [0m[INFO] [1785228451.940850207] [uav6.ladrc_position_controller]: UAV6 Ref[-2.0,-10.3,12.2] Pos[-1.56,-7.94,12.56] Cmd[-5.0,-5.0,-8.0][0m
[ladrc_position_controller_node-3] [0m[INFO] [1785228451.951270603] [uav3.ladrc_position_controller]: UAV3 Ref[0.0,-1.4,7.7] Pos[-0.03,-1.09,8.11] Cmd[0.1,-5.0,-8.0][0m
[ladrc_position_controller_node-5] [0m[INFO] [1785228451.979599712] [uav5.ladrc_position_controller]: UAV5 Ref[-2.8,-7.0,10.7] Pos[-2.19,-5.42,11.05] Cmd[-5.0,-5.0,-8.0][0m
[ladrc_position_controller_node-8] [0m[INFO] [1785228451.979720548] [uav8.ladrc_position_controller]: UAV8 Ref[2.0,-13.1,15.1] Pos[1.50,-10.16,15.50] Cmd[5.0,-5.0,-8.0][0m
[ladrc_position_controller_node-2] [0m[INFO] [1785228452.892701453] [uav2.ladrc_position_controller]: UAV2 Ref[2.4,-1.0,6.2] Pos[1.90,-0.82,6.59] Cmd[5.0,-5.0,-8.0][0m
[ladrc_position_controller_node-7] [0m[INFO] [1785228452.895502569] [uav7.ladrc_position_controller]: UAV7 Ref[0.0,-15.0,13.6] Pos[-0.02,-12.17,14.03] Cmd[-1.7,-5.0,-8.0][0m
[ladrc_position_controller_node-1] [0m[INFO] [1785228452.920956412] [uav1.ladrc_position_controller]: UAV1 Ref[3.4,-1.7,4.7] Pos[2.70,-1.37,5.11] Cmd[5.0,-5.0,-8.0][0m
[ladrc_position_controller_node-4] [0m[INFO] [1785228452.934248227] [uav4.ladrc_position_controller]: UAV4 Ref[-2.4,-4.4,9.2] Pos[-1.98,-3.55,9.57] Cmd[-5.0,-5.0,-8.0][0m
[ladrc_position_controller_node-6] [0m[INFO] [1785228452.960810246] [uav6.ladrc_position_controller]: UAV6 Ref[-2.4,-12.5,12.1] Pos[-1.98,-10.15,12.53] Cmd[-5.0,-5.0,-8.0][0m
[ladrc_position_controller_node-3] [0m[INFO] [1785228452.971234390] [uav3.ladrc_position_controller]: UAV3 Ref[0.0,-1.7,7.7] Pos[-0.04,-1.39,8.07] Cmd[0.5,-5.0,-8.0][0m
[ladrc_position_controller_node-5] [0m[INFO] [1785228452.979613634] [uav5.ladrc_position_controller]: UAV5 Ref[-3.4,-8.5,10.6] Pos[-2.77,-6.88,11.07] Cmd[-5.0,-5.0,-8.0][0m
[ladrc_position_controller_node-8] [0m[INFO] [1785228452.999734889] [uav8.ladrc_position_controller]: UAV8 Ref[2.4,-16.0,15.1] Pos[1.93,-12.99,15.52] Cmd[5.0,-5.0,-8.0][0m
[ladrc_position_controller_node-7] [0m[INFO] [1785228453.895520438] [uav7.ladrc_position_controller]: UAV7 Ref[0.0,-17.6,13.6] Pos[-0.01,-14.85,14.03] Cmd[-1.1,-5.0,-8.0][0m
[ladrc_position_controller_node-2] [0m[INFO] [1785228453.912705284] [uav2.ladrc_position_controller]: UAV2 Ref[2.8,-1.2,6.1] Pos[2.33,-1.01,6.59] Cmd[5.0,-5.0,-8.0][0m
[ladrc_position_controller_node-1] [0m[INFO] [1785228453.920968330] [uav1.ladrc_position_controller]: UAV1 Ref[3.9,-2.0,4.6] Pos[3.30,-1.65,5.08] Cmd[5.0,-5.0,-8.0][0m
[ladrc_position_controller_node-4] [0m[INFO] [1785228453.934250036] [uav4.ladrc_position_controller]: UAV4 Ref[-2.8,-5.1,9.1] Pos[-2.41,-4.31,9.57] Cmd[-5.0,-5.0,-8.0][0m
[ladrc_position_controller_node-6] [0m[INFO] [1785228453.960841289] [uav6.ladrc_position_controller]: UAV6 Ref[-2.8,-14.6,12.1] Pos[-2.40,-12.35,12.55] Cmd[-5.0,-5.0,-8.0][0m
[ladrc_position_controller_node-3] [0m[INFO] [1785228453.971241959] [uav3.ladrc_position_controller]: UAV3 Ref[0.0,-2.0,7.6] Pos[-0.03,-1.68,8.08] Cmd[0.8,-5.0,-8.0][0m
[ladrc_position_controller_node-5] [0m[INFO] [1785228453.999584373] [uav5.ladrc_position_controller]: UAV5 Ref[-4.0,-9.9,10.6] Pos[-3.39,-8.37,11.03] Cmd[-5.0,-5.0,-8.0][0m
[ladrc_position_controller_node-8] [0m[INFO] [1785228454.019709396] [uav8.ladrc_position_controller]: UAV8 Ref[2.8,-18.7,15.1] Pos[2.36,-15.82,15.49] Cmd[5.0,-5.0,-8.0][0m
[ladrc_position_controller_node-7] [0m[INFO] [1785228454.895526615] [uav7.ladrc_position_controller]: UAV7 Ref[0.0,-20.0,13.6] Pos[-0.03,-17.46,14.02] Cmd[-0.1,-5.0,-8.0][0m
[ladrc_position_controller_node-2] [0m[INFO] [1785228454.912706662] [uav2.ladrc_position_controller]: UAV2 Ref[3.2,-1.3,6.1] Pos[2.74,-1.17,6.56] Cmd[5.0,-5.0,-8.0][0m
[ladrc_position_controller_node-1] [0m[INFO] [1785228454.920981360] [uav1.ladrc_position_controller]: UAV1 Ref[4.5,-2.2,4.6] Pos[3.87,-1.93,5.08] Cmd[5.0,-5.0,-8.0][0m
[ladrc_position_controller_node-4] [0m[INFO] [1785228454.934260951] [uav4.ladrc_position_controller]: UAV4 Ref[-3.2,-5.8,9.1] Pos[-2.80,-5.04,9.54] Cmd[-5.0,-5.0,-8.0][0m
[ladrc_position_controller_node-6] [0m[INFO] [1785228454.960849580] [uav6.ladrc_position_controller]: UAV6 Ref[-3.2,-16.6,12.1] Pos[-2.82,-14.49,12.52] Cmd[-5.0,-5.0,-8.0][0m
[ladrc_position_controller_node-3] [0m[INFO] [1785228454.971277261] [uav3.ladrc_position_controller]: UAV3 Ref[0.0,-2.2,7.6] Pos[-0.03,-1.94,8.04] Cmd[1.2,-5.0,-8.0][0m
[ladrc_position_controller_node-5] [0m[INFO] [1785228455.019589536] [uav5.ladrc_position_controller]: UAV5 Ref[-4.5,-11.3,10.6] Pos[-3.98,-9.85,11.05] Cmd[-5.0,-5.0,-8.0][0m
[ladrc_position_controller_node-8] [0m[INFO] [1785228455.019713609] [uav8.ladrc_position_controller]: UAV8 Ref[3.2,-21.2,15.1] Pos[2.75,-18.54,15.51] Cmd[5.0,-5.0,-8.0][0m
[ladrc_position_controller_node-2] [0m[INFO] [1785228455.912709763] [uav2.ladrc_position_controller]: UAV2 Ref[3.5,-1.5,6.1] Pos[3.13,-1.33,6.56] Cmd[5.0,-5.0,-8.0][0m
[ladrc_position_controller_node-7] [0m[INFO] [1785228455.915510859] [uav7.ladrc_position_controller]: UAV7 Ref[0.0,-22.2,13.6] Pos[-0.04,-19.96,14.02] Cmd[1.0,-5.0,-8.0][0m
[ladrc_position_controller_node-1] [0m[INFO] [1785228455.940973940] [uav1.ladrc_position_controller]: UAV1 Ref[5.0,-2.5,4.6] Pos[4.43,-2.23,5.04] Cmd[5.0,-5.0,-8.0][0m
[ladrc_position_controller_node-4] [0m[INFO] [1785228455.954281123] [uav4.ladrc_position_controller]: UAV4 Ref[-3.5,-6.4,9.1] Pos[-3.18,-5.72,9.55] Cmd[-5.0,-5.0,-8.0][0m
[ladrc_position_controller_node-6] [0m[INFO] [1785228455.980843222] [uav6.ladrc_position_controller]: UAV6 Ref[-3.5,-18.4,12.1] Pos[-3.23,-16.54,12.53] Cmd[-5.0,-5.0,-8.0][0m
[ladrc_position_controller_node-3] [0m[INFO] [1785228455.991259511] [uav3.ladrc_position_controller]: UAV3 Ref[0.0,-2.5,7.6] Pos[-0.02,-2.22,8.05] Cmd[1.5,-5.0,-8.0][0m
[ladrc_position_controller_node-5] [0m[INFO] [1785228456.019595683] [uav5.ladrc_position_controller]: UAV5 Ref[-5.0,-12.4,10.6] Pos[-4.52,-11.15,11.02] Cmd[-5.0,-5.0,-8.0][0m
[ladrc_position_controller_node-8] [0m[INFO] [1785228456.039699737] [uav8.ladrc_position_controller]: UAV8 Ref[3.5,-23.4,15.1] Pos[3.10,-21.12,15.49] Cmd[5.0,-5.0,-8.0][0m
[ladrc_position_controller_node-7] [0m[INFO] [1785228456.915534088] [uav7.ladrc_position_controller]: UAV7 Ref[0.0,-23.9,13.6] Pos[-0.05,-22.10,14.00] Cmd[2.2,-5.0,-8.0][0m
[ladrc_position_controller_node-2] [0m[INFO] [1785228456.932684610] [uav2.ladrc_position_controller]: UAV2 Ref[3.8,-1.6,6.1] Pos[3.49,-1.49,6.52] Cmd[5.0,-5.0,-8.0][0m
[ladrc_position_controller_node-1] [0m[INFO] [1785228456.960957764] [uav1.ladrc_position_controller]: UAV1 Ref[5.4,-2.7,4.6] Pos[4.92,-2.47,5.05] Cmd[5.0,-5.0,-8.0][0m
[ladrc_position_controller_node-4] [0m[INFO] [1785228456.974259266] [uav4.ladrc_position_controller]: UAV4 Ref[-3.8,-6.9,9.1] Pos[-3.51,-6.38,9.51] Cmd[-5.0,-5.0,-8.0][0m
[ladrc_position_controller_node-6] [0m[INFO] [1785228457.000851252] [uav6.ladrc_position_controller]: UAV6 Ref[-3.8,-19.8,12.1] Pos[-3.58,-18.33,12.50] Cmd[-5.0,-5.0,-8.0][0m
[ladrc_position_controller_node-3] [0m[INFO] [1785228457.011227646] [uav3.ladrc_position_controller]: UAV3 Ref[0.0,-2.7,7.6] Pos[0.00,-2.46,8.03] Cmd[1.4,-5.0,-8.0][0m
[ladrc_position_controller_node-5] [0m[INFO] [1785228457.019597572] [uav5.ladrc_position_controller]: UAV5 Ref[-5.3,-13.4,10.6] Pos[-4.98,-12.33,11.03] Cmd[-5.0,-5.0,-8.0][0m
[ladrc_position_controller_node-8] [0m[INFO] [1785228457.059688550] [uav8.ladrc_position_controller]: UAV8 Ref[3.8,-25.2,15.1] Pos[3.44,-23.37,15.50] Cmd[5.0,-5.0,-8.0][0m
[ladrc_position_controller_node-7] [0m[INFO] [1785228457.935500990] [uav7.ladrc_position_controller]: UAV7 Ref[0.0,-25.3,13.6] Pos[-0.04,-23.93,14.01] Cmd[3.4,-5.0,-8.0][0m
[ladrc_position_controller_node-2] [0m[INFO] [1785228457.952703519] [uav2.ladrc_position_controller]: UAV2 Ref[4.0,-1.7,6.1] Pos[3.76,-1.60,6.53] Cmd[5.0,-5.0,-8.0][0m
[ladrc_position_controller_node-1] [0m[INFO] [1785228457.960965794] [uav1.ladrc_position_controller]: UAV1 Ref[5.7,-2.8,4.6] Pos[5.34,-2.67,5.01] Cmd[5.0,-5.0,-8.0][0m
[ladrc_position_controller_node-4] [0m[INFO] [1785228457.994253600] [uav4.ladrc_position_controller]: UAV4 Ref[-4.0,-7.3,9.1] Pos[-3.80,-6.89,9.53] Cmd[-5.0,-5.0,-8.0][0m
[ladrc_position_controller_node-3] [0m[INFO] [1785228458.011253219] [uav3.ladrc_position_controller]: UAV3 Ref[0.0,-2.8,7.6] Pos[0.00,-2.64,8.03] Cmd[1.8,-5.0,-8.0][0m
[ladrc_position_controller_node-5] [0m[INFO] [1785228458.019600814] [uav5.ladrc_position_controller]: UAV5 Ref[-5.6,-14.1,10.6] Pos[-5.36,-13.33,11.01] Cmd[-5.0,-5.0,-8.0][0m
[ladrc_position_controller_node-6] [0m[INFO] [1785228458.020856465] [uav6.ladrc_position_controller]: UAV6 Ref[-4.0,-20.9,12.1] Pos[-3.86,-19.80,12.53] Cmd[-5.0,-5.0,-8.0][0m
[ladrc_position_controller_node-8] [0m[INFO] [1785228458.059696721] [uav8.ladrc_position_controller]: UAV8 Ref[4.0,-26.6,15.1] Pos[3.72,-25.17,15.49] Cmd[5.0,-5.0,-8.0][0m
[ladrc_position_controller_node-7] [0m[INFO] [1785228458.935504191] [uav7.ladrc_position_controller]: UAV7 Ref[0.0,-26.2,13.6] Pos[-0.00,-25.31,13.99] Cmd[3.4,-5.0,-8.0][0m
[ladrc_position_controller_node-1] [0m[INFO] [1785228458.960986688] [uav1.ladrc_position_controller]: UAV1 Ref[5.9,-2.9,4.6] Pos[5.66,-2.84,5.03] Cmd[5.0,-5.0,-8.0][0m
[ladrc_position_controller_node-2] [0m[INFO] [1785228458.972677645] [uav2.ladrc_position_controller]: UAV2 Ref[4.1,-1.8,6.1] Pos[3.99,-1.70,6.49] Cmd[5.0,-5.0,-8.0][0m
[ladrc_position_controller_node-3] [0m[INFO] [1785228459.011272390] [uav3.ladrc_position_controller]: UAV3 Ref[0.0,-2.9,7.6] Pos[0.01,-2.78,8.00] Cmd[1.7,-5.0,-8.0][0m
[ladrc_position_controller_node-4] [0m[INFO] [1785228459.014192019] [uav4.ladrc_position_controller]: UAV4 Ref[-4.1,-7.6,9.1] Pos[-4.02,-7.29,9.50] Cmd[-5.0,-5.0,-8.0][0m
[ladrc_position_controller_node-5] [0m[INFO] [1785228459.019622940] [uav5.ladrc_position_controller]: UAV5 Ref[-5.8,-14.6,10.6] Pos[-5.65,-14.07,11.02] Cmd[-5.0,-5.0,-8.0][0m
[ladrc_position_controller_node-6] [0m[INFO] [1785228459.040824399] [uav6.ladrc_position_controller]: UAV6 Ref[-4.2,-21.7,12.1] Pos[-4.07,-20.93,12.50] Cmd[-5.0,-5.0,-8.0][0m
[ladrc_position_controller_node-8] [0m[INFO] [1785228459.079689802] [uav8.ladrc_position_controller]: UAV8 Ref[4.1,-27.5,15.1] Pos[3.96,-26.60,15.50] Cmd[5.0,-5.0,-8.0][0m
[ladrc_position_controller_node-7] [0m[INFO] [1785228459.955514004] [uav7.ladrc_position_controller]: UAV7 Ref[0.0,-26.8,13.5] Pos[0.01,-26.27,14.01] Cmd[3.9,-5.0,-8.0][0m
[ladrc_position_controller_node-1] [0m[INFO] [1785228459.960995821] [uav1.ladrc_position_controller]: UAV1 Ref[6.0,-3.0,4.5] Pos[5.87,-2.94,4.99] Cmd[5.0,-5.0,-8.0][0m
[ladrc_position_controller_node-2] [0m[INFO] [1785228459.972681507] [uav2.ladrc_position_controller]: UAV2 Ref[4.2,-1.8,6.0] Pos[4.14,-1.76,6.52] Cmd[5.0,-5.0,-8.0][0m
[ladrc_position_controller_node-4] [0m[INFO] [1785228460.014244492] [uav4.ladrc_position_controller]: UAV4 Ref[-4.2,-7.7,9.0] Pos[-4.12,-7.58,9.52] Cmd[-5.0,-5.0,-8.0][0m
[ladrc_position_controller_node-3] [0m[INFO] [1785228460.031245384] [uav3.ladrc_position_controller]: UAV3 Ref[0.0,-2.9,7.5] Pos[0.03,-2.90,8.01] Cmd[1.6,-5.0,-8.0][0m
[ladrc_position_controller_node-5] [0m[INFO] [1785228460.039579152] [uav5.ladrc_position_controller]: UAV5 Ref[-5.9,-14.9,10.5] Pos[-5.84,-14.58,11.00] Cmd[-5.0,-5.0,-8.0][0m
[ladrc_position_controller_node-6] [0m[INFO] [1785228460.060835885] [uav6.ladrc_position_controller]: UAV6 Ref[-4.2,-22.1,12.0] Pos[-4.19,-21.69,12.51] Cmd[-5.0,-5.0,-8.0][0m
[ladrc_position_controller_node-8] [0m[INFO] [1785228460.099697981] [uav8.ladrc_position_controller]: UAV8 Ref[4.2,-28.0,15.0] Pos[4.10,-27.54,15.49] Cmd[5.0,-5.0,-8.0][0m
[ladrc_position_controller_node-7] [0m[INFO] [1785228460.955531101] [uav7.ladrc_position_controller]: UAV7 Ref[0.0,-27.0,13.5] Pos[0.03,-26.79,13.98] Cmd[3.8,-4.9,-8.0][0m
[ladrc_position_controller_node-1] [0m[INFO] [1785228460.961007688] [uav1.ladrc_position_controller]: UAV1 Ref[6.0,-3.0,4.5] Pos[5.99,-3.00,5.02] Cmd[5.0,-4.7,-8.0][0m
[ladrc_position_controller_node-2] [0m[INFO] [1785228460.992665541] [uav2.ladrc_position_controller]: UAV2 Ref[4.3,-1.8,6.0] Pos[4.24,-1.80,6.49] Cmd[4.7,-4.9,-8.0][0m
[ladrc_position_controller_node-4] [0m[INFO] [1785228461.014245028] [uav4.ladrc_position_controller]: UAV4 Ref[-4.2,-7.8,9.0] Pos[-4.19,-7.73,9.49] Cmd[-5.0,-4.9,-8.0][0m
[ladrc_position_controller_node-3] [0m[INFO] [1785228461.031254877] [uav3.ladrc_position_controller]: UAV3 Ref[0.0,-3.0,7.5] Pos[0.05,-2.96,8.00] Cmd[1.3,-5.0,-8.0][0m
[ladrc_position_controller_node-5] [0m[INFO] [1785228461.059567374] [uav5.ladrc_position_controller]: UAV5 Ref[-6.0,-15.0,10.5] Pos[-5.92,-14.86,11.00] Cmd[-5.0,-5.0,-8.0][0m
[ladrc_position_controller_node-6] [0m[INFO] [1785228461.060871767] [uav6.ladrc_position_controller]: UAV6 Ref[-4.3,-22.2,12.0] Pos[-4.24,-22.09,12.50] Cmd[-5.0,-5.0,-8.0][0m
[ladrc_position_controller_node-8] [0m[INFO] [1785228461.119725326] [uav8.ladrc_position_controller]: UAV8 Ref[4.2,-28.2,15.0] Pos[4.16,-28.05,15.49] Cmd[5.0,-5.0,-8.0][0m
[ladrc_position_controller_node-7] [0m[INFO] [1785228461.955532349] [uav7.ladrc_position_controller]: UAV7 Ref[0.0,-27.0,13.5] Pos[0.04,-26.99,14.00] Cmd[3.6,-4.6,-8.0][0m
[ladrc_position_controller_node-1] [0m[INFO] [1785228461.980950906] [uav1.ladrc_position_controller]: UAV1 Ref[6.0,-3.0,4.5] Pos[6.03,-3.03,4.99] Cmd[4.9,-4.5,-8.0][0m
[ladrc_position_controller_node-2] [0m[INFO] [1785228461.992691736] [uav2.ladrc_position_controller]: UAV2 Ref[4.3,-1.8,6.0] Pos[4.27,-1.83,6.52] Cmd[4.7,-4.4,-8.0][0m
[ladrc_position_controller_node-3] [0m[INFO] [1785228462.031257136] [uav3.ladrc_position_controller]: UAV3 Ref[0.0,-3.0,7.5] Pos[0.07,-2.97,8.02] Cmd[0.9,-5.0,-8.0][0m
[ladrc_position_controller_node-4] [0m[INFO] [1785228462.034234433] [uav4.ladrc_position_controller]: UAV4 Ref[-4.2,-7.8,9.0] Pos[-4.20,-7.77,9.52] Cmd[-5.0,-5.0,-8.0][0m
[ladrc_position_controller_node-5] [0m[INFO] [1785228462.059584762] [uav5.ladrc_position_controller]: UAV5 Ref[-6.0,-15.0,10.5] Pos[-5.95,-14.95,11.00] Cmd[-5.0,-5.0,-8.0][0m
[ladrc_position_controller_node-6] [0m[INFO] [1785228462.080825525] [uav6.ladrc_position_controller]: UAV6 Ref[-4.3,-22.2,12.0] Pos[-4.23,-22.23,12.50] Cmd[-5.0,-4.9,-8.0][0m
[ladrc_position_controller_node-8] [0m[INFO] [1785228462.139678893] [uav8.ladrc_position_controller]: UAV8 Ref[4.2,-28.2,15.0] Pos[4.22,-28.23,15.50] Cmd[4.8,-4.2,-8.0][0m
[ladrc_position_controller_node-7] [0m[INFO] [1785228462.975491155] [uav7.ladrc_position_controller]: UAV7 Ref[0.0,-27.0,13.5] Pos[0.05,-27.00,13.98] Cmd[3.3,-4.6,-8.0][0m
[ladrc_position_controller_node-1] [0m[INFO] [1785228462.980980066] [uav1.ladrc_position_controller]: UAV1 Ref[6.0,-3.0,4.5] Pos[6.05,-3.02,5.02] Cmd[4.6,-4.5,-8.0][0m
[ladrc_position_controller_node-2] [0m[INFO] [1785228462.992697963] [uav2.ladrc_position_controller]: UAV2 Ref[4.3,-1.8,6.0] Pos[4.29,-1.83,6.50] Cmd[4.4,-4.4,-8.0][0m
[ladrc_position_controller_node-4] [0m[INFO] [1785228463.034236221] [uav4.ladrc_position_controller]: UAV4 Ref[-4.2,-7.8,9.0] Pos[-4.20,-7.78,9.50] Cmd[-5.0,-4.8,-8.0][0m
[ladrc_position_controller_node-3] [0m[INFO] [1785228463.051215613] [uav3.ladrc_position_controller]: UAV3 Ref[0.0,-3.0,7.5] Pos[0.07,-2.98,8.01] Cmd[0.5,-4.8,-8.0][0m
[ladrc_position_controller_node-5] [0m[INFO] [1785228463.079547687] [uav5.ladrc_position_controller]: UAV5 Ref[-6.0,-15.0,10.5] Pos[-5.94,-14.96,11.01] Cmd[-5.0,-5.0,-8.0][0m
[ladrc_position_controller_node-6] [0m[INFO] [1785228463.080828225] [uav6.ladrc_position_controller]: UAV6 Ref[-4.3,-22.2,12.0] Pos[-4.21,-22.23,12.51] Cmd[-5.0,-5.0,-8.0][0m
[ladrc_position_controller_node-8] [0m[INFO] [1785228463.159624315] [uav8.ladrc_position_controller]: UAV8 Ref[4.2,-28.2,15.0] Pos[4.23,-28.22,15.49] Cmd[4.9,-4.0,-8.0][0m
[ladrc_position_controller_node-7] [0m[INFO] [1785228463.975570610] [uav7.ladrc_position_controller]: UAV7 Ref[0.0,-27.0,13.5] Pos[0.07,-26.95,14.01] Cmd[2.3,-5.0,-8.0][0m
[ladrc_position_controller_node-1] [0m[INFO] [1785228464.000994878] [uav1.ladrc_position_controller]: UAV1 Ref[6.0,-3.0,4.5] Pos[6.06,-2.99,5.00] Cmd[4.3,-4.8,-8.0][0m
[ladrc_position_controller_node-2] [0m[INFO] [1785228464.012674252] [uav2.ladrc_position_controller]: UAV2 Ref[4.3,-1.8,6.0] Pos[4.29,-1.80,6.52] Cmd[4.0,-4.6,-8.0][0m
[ladrc_position_controller_node-3] [0m[INFO] [1785228464.051278405] [uav3.ladrc_position_controller]: UAV3 Ref[0.0,-3.0,7.5] Pos[0.08,-2.98,8.02] Cmd[0.0,-4.7,-8.0][0m
[ladrc_position_controller_node-4] [0m[INFO] [1785228464.054248558] [uav4.ladrc_position_controller]: UAV4 Ref[-4.2,-7.8,9.0] Pos[-4.19,-7.78,9.52] Cmd[-5.0,-4.7,-8.0][0m
[ladrc_position_controller_node-5] [0m[INFO] [1785228464.079586535] [uav5.ladrc_position_controller]: UAV5 Ref[-6.0,-15.0,10.5] Pos[-5.93,-14.96,11.02] Cmd[-5.0,-5.0,-8.0][0m
[ladrc_position_controller_node-6] [0m[INFO] [1785228464.100819603] [uav6.ladrc_position_controller]: UAV6 Ref[-4.3,-22.2,12.0] Pos[-4.21,-22.21,12.51] Cmd[-5.0,-5.0,-8.0][0m
[ladrc_position_controller_node-8] [0m[INFO] [1785228464.159849502] [uav8.ladrc_position_controller]: UAV8 Ref[4.2,-28.2,15.0] Pos[4.24,-28.16,15.51] Cmd[4.5,-5.0,-8.0][0m
[ladrc_position_controller_node-7] [0m[INFO] [1785228464.995505452] [uav7.ladrc_position_controller]: UAV7 Ref[0.0,-27.0,13.5] Pos[0.08,-26.95,13.98] Cmd[1.8,-5.0,-8.0][0m
[ladrc_position_controller_node-2] [0m[INFO] [1785228465.012697481] [uav2.ladrc_position_controller]: UAV2 Ref[4.3,-1.8,6.0] Pos[4.30,-1.78,6.50] Cmd[3.7,-4.8,-8.0][0m
[ladrc_position_controller_node-1] [0m[INFO] [1785228465.020970606] [uav1.ladrc_position_controller]: UAV1 Ref[6.0,-3.0,4.5] Pos[6.08,-2.98,5.02] Cmd[3.7,-5.0,-8.0][0m
[ladrc_position_controller_node-3] [0m[INFO] [1785228465.051281156] [uav3.ladrc_position_controller]: UAV3 Ref[0.0,-3.0,7.5] Pos[0.08,-2.97,8.01] Cmd[-0.4,-4.7,-8.0][0m
[ladrc_position_controller_node-4] [0m[INFO] [1785228465.074222804] [uav4.ladrc_position_controller]: UAV4 Ref[-4.2,-7.8,9.0] Pos[-4.18,-7.78,9.52] Cmd[-5.0,-4.8,-8.0][0m
[ladrc_position_controller_node-5] [0m[INFO] [1785228465.079713208] [uav5.ladrc_position_controller]: UAV5 Ref[-6.0,-15.0,10.5] Pos[-5.90,-14.95,11.01] Cmd[-5.0,-5.0,-8.0][0m
[ladrc_position_controller_node-6] [0m[INFO] [1785228465.100839676] [uav6.ladrc_position_controller]: UAV6 Ref[-4.3,-22.2,12.0] Pos[-4.20,-22.20,12.52] Cmd[-5.0,-5.0,-8.0][0m
[ladrc_position_controller_node-8] [0m[INFO] [1785228465.179695929] [uav8.ladrc_position_controller]: UAV8 Ref[4.2,-28.2,15.0] Pos[4.24,-28.15,15.49] Cmd[4.2,-4.9,-8.0][0m
[ladrc_position_controller_node-7] [0m[INFO] [1785228466.015459700] [uav7.ladrc_position_controller]: UAV7 Ref[0.0,-27.0,13.5] Pos[0.08,-26.97,14.02] Cmd[0.8,-5.0,-8.0][0m
[ladrc_position_controller_node-2] [0m[INFO] [1785228466.032687426] [uav2.ladrc_position_controller]: UAV2 Ref[4.3,-1.8,6.0] Pos[4.29,-1.79,6.51] Cmd[3.5,-4.8,-8.0][0m
[ladrc_position_controller_node-1] [0m[INFO] [1785228466.040988714] [uav1.ladrc_position_controller]: UAV1 Ref[6.0,-3.0,4.5] Pos[6.07,-3.01,5.00] Cmd[3.5,-4.7,-8.0][0m
[ladrc_position_controller_node-3] [0m[INFO] [1785228466.071256754] [uav3.ladrc_position_controller]: UAV3 Ref[0.0,-3.0,7.5] Pos[0.08,-2.97,8.02] Cmd[-0.8,-4.7,-8.0][0m
[ladrc_position_controller_node-4] [0m[INFO] [1785228466.074235834] [uav4.ladrc_position_controller]: UAV4 Ref[-4.2,-7.8,9.0] Pos[-4.17,-7.77,9.51] Cmd[-5.0,-4.8,-8.0][0m
[ladrc_position_controller_node-5] [0m[INFO] [1785228466.099571506] [uav5.ladrc_position_controller]: UAV5 Ref[-6.0,-15.0,10.5] Pos[-5.90,-14.94,11.02] Cmd[-5.0,-5.0,-8.0][0m
[ladrc_position_controller_node-6] [0m[INFO] [1785228466.120839379] [uav6.ladrc_position_controller]: UAV6 Ref[-4.3,-22.2,12.0] Pos[-4.22,-22.20,12.50] Cmd[-5.0,-5.0,-8.0][0m
[ladrc_position_controller_node-8] [0m[INFO] [1785228466.179726491] [uav8.ladrc_position_controller]: UAV8 Ref[4.2,-28.2,15.0] Pos[4.25,-28.18,15.52] Cmd[3.6,-5.0,-8.0][0m
[ladrc_position_controller_node-7] [0m[INFO] [1785228467.015524216] [uav7.ladrc_position_controller]: UAV7 Ref[0.0,-27.0,13.5] Pos[0.08,-26.98,13.99] Cmd[0.2,-4.9,-8.0][0m
[ladrc_position_controller_node-2] [0m[INFO] [1785228467.032691600] [uav2.ladrc_position_controller]: UAV2 Ref[4.3,-1.8,6.0] Pos[4.29,-1.81,6.49] Cmd[3.3,-4.6,-8.0][0m
[ladrc_position_controller_node-1] [0m[INFO] [1785228467.060966276] [uav1.ladrc_position_controller]: UAV1 Ref[6.0,-3.0,4.5] Pos[6.05,-3.02,4.99] Cmd[3.4,-4.6,-8.0][0m
[ladrc_position_controller_node-4] [0m[INFO] [1785228467.074236591] [uav4.ladrc_position_controller]: UAV4 Ref[-4.2,-7.8,9.0] Pos[-4.19,-7.78,9.51] Cmd[-5.0,-4.6,-8.0][0m
[ladrc_position_controller_node-3] [0m[INFO] [1785228467.091278810] [uav3.ladrc_position_controller]: UAV3 Ref[0.0,-3.0,7.5] Pos[0.06,-2.98,8.01] Cmd[-1.0,-4.5,-8.0][0m
[ladrc_position_controller_node-5] [0m[INFO] [1785228467.099723005] [uav5.ladrc_position_controller]: UAV5 Ref[-6.0,-15.0,10.5] Pos[-5.92,-14.94,11.01] Cmd[-5.0,-5.0,-8.0][0m
[ladrc_position_controller_node-6] [0m[INFO] [1785228467.140819536] [uav6.ladrc_position_controller]: UAV6 Ref[-4.3,-22.2,12.0] Pos[-4.22,-22.21,12.52] Cmd[-5.0,-5.0,-8.0][0m
[ladrc_position_controller_node-8] [0m[INFO] [1785228467.199726576] [uav8.ladrc_position_controller]: UAV8 Ref[4.2,-28.2,15.0] Pos[4.26,-28.20,15.49] Cmd[3.2,-4.8,-8.0][0m
[ladrc_position_controller_node-7] [0m[INFO] [1785228468.015544660] [uav7.ladrc_position_controller]: UAV7 Ref[0.0,-27.0,13.5] Pos[0.08,-26.99,14.02] Cmd[-0.5,-4.8,-8.0][0m
[ladrc_position_controller_node-2] [0m[INFO] [1785228468.052664683] [uav2.ladrc_position_controller]: UAV2 Ref[4.3,-1.8,6.0] Pos[4.26,-1.81,6.48] Cmd[3.4,-4.6,-8.0][0m
[ladrc_position_controller_node-1] [0m[INFO] [1785228468.080928840] [uav1.ladrc_position_controller]: UAV1 Ref[6.0,-3.0,4.5] Pos[6.02,-3.02,4.97] Cmd[3.5,-4.6,-8.0][0m
[ladrc_position_controller_node-4] [0m[INFO] [1785228468.094240372] [uav4.ladrc_position_controller]: UAV4 Ref[-4.2,-7.8,9.0] Pos[-4.21,-7.79,9.49] Cmd[-5.0,-4.4,-8.0][0m
[ladrc_position_controller_node-5] [0m[INFO] [1785228468.099732158] [uav5.ladrc_position_controller]: UAV5 Ref[-6.0,-15.0,10.5] Pos[-5.96,-14.96,11.01] Cmd[-5.0,-4.8,-8.0][0m
[ladrc_position_controller_node-3] [0m[INFO] [1785228468.111250481] [uav3.ladrc_position_controller]: UAV3 Ref[0.0,-3.0,7.5] Pos[0.04,-2.98,7.98] Cmd[-1.0,-4.5,-8.0][0m
[ladrc_position_controller_node-6] [0m[INFO] [1785228468.160843836] [uav6.ladrc_position_controller]: UAV6 Ref[-4.3,-22.2,12.0] Pos[-4.23,-22.24,12.49] Cmd[-5.0,-4.8,-8.0][0m
[ladrc_position_controller_node-8] [0m[INFO] [1785228468.219790559] [uav8.ladrc_position_controller]: UAV8 Ref[4.2,-28.2,15.0] Pos[4.26,-28.21,15.52] Cmd[2.4,-4.5,-8.0][0m
[ladrc_position_controller_node-7] [0m[INFO] [1785228469.035550615] [uav7.ladrc_position_controller]: UAV7 Ref[0.0,-27.0,13.5] Pos[0.05,-27.02,13.99] Cmd[-0.6,-4.1,-8.0][0m
[ladrc_position_controller_node-2] [0m[INFO] [1785228469.052690106] [uav2.ladrc_position_controller]: UAV2 Ref[4.3,-1.8,6.0] Pos[4.24,-1.81,6.46] Cmd[3.6,-4.5,-8.0][0m
[ladrc_position_controller_node-1] [0m[INFO] [1785228469.080983408] [uav1.ladrc_position_controller]: UAV1 Ref[6.0,-3.0,4.5] Pos[6.02,-3.01,4.95] Cmd[3.5,-4.5,-8.0][0m
[ladrc_position_controller_node-4] [0m[INFO] [1785228469.094244245] [uav4.ladrc_position_controller]: UAV4 Ref[-4.2,-7.8,9.0] Pos[-4.24,-7.80,9.48] Cmd[-4.8,-4.1,-8.0][0m
[ladrc_position_controller_node-3] [0m[INFO] [1785228469.111250596] [uav3.ladrc_position_controller]: UAV3 Ref[0.0,-3.0,7.5] Pos[0.01,-2.97,7.98] Cmd[-0.7,-4.6,-8.0][0m
[ladrc_position_controller_node-5] [0m[INFO] [1785228469.119618299] [uav5.ladrc_position_controller]: UAV5 Ref[-6.0,-15.0,10.5] Pos[-5.97,-14.99,10.98] Cmd[-5.0,-4.4,-8.0][0m
[ladrc_position_controller_node-6] [0m[INFO] [1785228469.180813964] [uav6.ladrc_position_controller]: UAV6 Ref[-4.3,-22.2,12.0] Pos[-4.25,-22.26,12.51] Cmd[-5.0,-4.3,-8.0][0m
[ladrc_position_controller_node-8] [0m[INFO] [1785228469.239741892] [uav8.ladrc_position_controller]: UAV8 Ref[4.2,-28.2,15.0] Pos[4.25,-28.22,15.49] Cmd[2.3,-4.1,-8.0][0m
[ladrc_position_controller_node-2] [0m[INFO] [1785228470.052708767] [uav2.ladrc_position_controller]: UAV2 Ref[4.3,-1.8,6.0] Pos[4.25,-1.81,6.45] Cmd[3.6,-4.3,-8.0][0m
[ladrc_position_controller_node-7] [0m[INFO] [1785228470.055516786] [uav7.ladrc_position_controller]: UAV7 Ref[0.0,-27.0,13.5] Pos[0.04,-27.03,14.00] Cmd[-0.7,-3.4,-8.0][0m
[ladrc_position_controller_node-1] [0m[INFO] [1785228470.080995887] [uav1.ladrc_position_controller]: UAV1 Ref[6.0,-3.0,4.5] Pos[6.02,-3.02,4.94] Cmd[3.6,-4.3,-8.0][0m
[ladrc_position_controller_node-3] [0m[INFO] [1785228470.111261072] [uav3.ladrc_position_controller]: UAV3 Ref[0.0,-3.0,7.5] Pos[0.01,-2.97,7.95] Cmd[-0.6,-4.5,-8.0][0m
[ladrc_position_controller_node-4] [0m[INFO] [1785228470.114243988] [uav4.ladrc_position_controller]: UAV4 Ref[-4.2,-7.8,9.0] Pos[-4.25,-7.80,9.45] Cmd[-4.8,-3.9,-8.0][0m
[ladrc_position_controller_node-5] [0m[INFO] [1785228470.139611320] [uav5.ladrc_position_controller]: UAV5 Ref[-6.0,-15.0,10.5] Pos[-5.98,-14.99,10.98] Cmd[-5.0,-4.1,-8.0][0m
[ladrc_position_controller_node-6] [0m[INFO] [1785228470.180817867] [uav6.ladrc_position_controller]: UAV6 Ref[-4.3,-22.2,12.0] Pos[-4.28,-22.26,12.46] Cmd[-4.7,-4.0,-8.0][0m
[ladrc_position_controller_node-8] [0m[INFO] [1785228470.259667507] [uav8.ladrc_position_controller]: UAV8 Ref[4.2,-28.2,15.0] Pos[4.23,-28.23,15.50] Cmd[2.1,-3.3,-8.0][0m
[ladrc_position_controller_node-2] [0m[INFO] [1785228471.052794513] [uav2.ladrc_position_controller]: UAV2 Ref[4.3,-1.8,6.0] Pos[4.25,-1.81,6.43] Cmd[3.8,-4.3,-8.0][0m
[ladrc_position_controller_node-7] [0m[INFO] [1785228471.055583216] [uav7.ladrc_position_controller]: UAV7 Ref[0.0,-27.0,13.5] Pos[0.01,-27.02,13.97] Cmd[-0.0,-3.1,-8.0][0m
[ladrc_position_controller_node-1] [0m[INFO] [1785228471.101008524] [uav1.ladrc_position_controller]: UAV1 Ref[6.0,-3.0,4.5] Pos[6.02,-3.02,4.92] Cmd[3.6,-4.2,-8.0][0m
[ladrc_position_controller_node-3] [0m[INFO] [1785228471.111269352] [uav3.ladrc_position_controller]: UAV3 Ref[0.0,-3.0,7.5] Pos[0.01,-2.97,7.95] Cmd[-0.5,-4.6,-8.0][0m
[ladrc_position_controller_node-4] [0m[INFO] [1785228471.114259042] [uav4.ladrc_position_controller]: UAV4 Ref[-4.2,-7.8,9.0] Pos[-4.26,-7.79,9.45] Cmd[-4.7,-3.8,-8.0][0m
[ladrc_position_controller_node-5] [0m[INFO] [1785228471.159560979] [uav5.ladrc_position_controller]: UAV5 Ref[-6.0,-15.0,10.5] Pos[-5.99,-14.99,10.93] Cmd[-4.9,-3.8,-8.0][0m
[ladrc_position_controller_node-6] [0m[INFO] [1785228471.180856114] [uav6.ladrc_position_controller]: UAV6 Ref[-4.3,-22.2,12.0] Pos[-4.29,-22.27,12.47] Cmd[-4.3,-3.2,-8.0][0m
[ladrc_position_controller_node-8] [0m[INFO] [1785228471.259703129] [uav8.ladrc_position_controller]: UAV8 Ref[4.2,-28.2,15.0] Pos[4.21,-28.23,15.47] Cmd[2.5,-2.9,-8.0][0m
[ladrc_position_controller_node-1] [0m[INFO] [1785228471.832922803] [uav1.ladrc_position_controller]: UAV1 swarm_cmd 回调触发 (目标=[6.0,0.0,4.2])[0m
[ladrc_position_controller_node-1] [0m[INFO] [1785228471.833010797] [uav1.ladrc_position_controller]: 控制适应日志已写入: /home/yihuang/learning/LLM_swarm_ws/src/LLM-UAVswarm-performance/logs/control_adaptation_log.csv (mission=900011, uav=1)[0m
[ladrc_position_controller_node-1] [0m[INFO] [1785228471.833039631] [uav1.ladrc_position_controller]: 收到新任务指令 (UAV1)，目标/参数已变更，覆盖旧任务[0m
[ladrc_position_controller_node-1] [0m[INFO] [1785228471.833049300] [uav1.ladrc_position_controller]: 轨迹指标: path=0.75m vmax=0.18m/s amax=0.07m/s^2 jmax=0.09m/s^3 ISJ=0.01[0m
[ladrc_position_controller_node-1] [0m[INFO] [1785228471.833061522] [uav1.ladrc_position_controller]: 任务条件化带宽: mission=910011 style=normal distance=0.75m duration=8.00s avg_v=0.09m/s kappa=0.763[0m
[ladrc_position_controller_node-1] [0m[INFO] [1785228471.833068986] [uav1.ladrc_position_controller]: >>> Mission910011 UAV1 全局[6.0,0.0,4.2]→本地[6.0,-3.0,4.2] T=8.0s normal[0m
[ladrc_position_controller_node-2] [0m[INFO] [1785228471.832961926] [uav2.ladrc_position_controller]: UAV2 swarm_cmd 回调触发 (目标=[4.3,4.2,5.7])[0m
[ladrc_position_controller_node-2] [0m[INFO] [1785228471.833053868] [uav2.ladrc_position_controller]: 控制适应日志已写入: /home/yihuang/learning/LLM_swarm_ws/src/LLM-UAVswarm-performance/logs/control_adaptation_log.csv (mission=900011, uav=2)[0m
[ladrc_position_controller_node-2] [0m[INFO] [1785228471.833095937] [uav2.ladrc_position_controller]: 收到新任务指令 (UAV2)，目标/参数已变更，覆盖旧任务[0m
[ladrc_position_controller_node-2] [0m[INFO] [1785228471.833110384] [uav2.ladrc_position_controller]: 轨迹指标: path=0.73m vmax=0.17m/s amax=0.07m/s^2 jmax=0.09m/s^3 ISJ=0.01[0m
[ladrc_position_controller_node-2] [0m[INFO] [1785228471.833129289] [uav2.ladrc_position_controller]: 任务条件化带宽: mission=910011 style=normal distance=0.73m duration=8.00s avg_v=0.09m/s kappa=0.763[0m
[ladrc_position_controller_node-2] [0m[INFO] [1785228471.833140701] [uav2.ladrc_position_controller]: >>> Mission910011 UAV2 全局[4.3,4.2,5.7]→本地[4.3,-1.8,5.7] T=8.0s normal[0m
[ladrc_position_controller_node-3] [0m[INFO] [1785228471.832993475] [uav3.ladrc_position_controller]: UAV3 swarm_cmd 回调触发 (目标=[0.0,6.0,7.2])[0m
[ladrc_position_controller_node-3] [0m[INFO] [1785228471.833060120] [uav3.ladrc_position_controller]: 控制适应日志已写入: /home/yihuang/learning/LLM_swarm_ws/src/LLM-UAVswarm-performance/logs/control_adaptation_log.csv (mission=900011, uav=3)[0m
[ladrc_position_controller_node-3] [0m[INFO] [1785228471.833082983] [uav3.ladrc_position_controller]: 收到新任务指令 (UAV3)，目标/参数已变更，覆盖旧任务[0m
[ladrc_position_controller_node-3] [0m[INFO] [1785228471.833093833] [uav3.ladrc_position_controller]: 轨迹指标: path=0.74m vmax=0.17m/s amax=0.07m/s^2 jmax=0.09m/s^3 ISJ=0.01[0m
[ladrc_position_controller_node-3] [0m[INFO] [1785228471.833107468] [uav3.ladrc_position_controller]: 任务条件化带宽: mission=910011 style=normal distance=0.74m duration=8.00s avg_v=0.09m/s kappa=0.763[0m
[ladrc_position_controller_node-3] [0m[INFO] [1785228471.833116014] [uav3.ladrc_position_controller]: >>> Mission910011 UAV3 全局[0.0,6.0,7.2]→本地[0.0,-3.0,7.2] T=8.0s normal[0m
[ladrc_position_controller_node-4] [0m[INFO] [1785228471.833028430] [uav4.ladrc_position_controller]: UAV4 swarm_cmd 回调触发 (目标=[-4.2,4.2,8.7])[0m
[ladrc_position_controller_node-4] [0m[INFO] [1785228471.833098482] [uav4.ladrc_position_controller]: 控制适应日志已写入: /home/yihuang/learning/LLM_swarm_ws/src/LLM-UAVswarm-performance/logs/control_adaptation_log.csv (mission=900011, uav=4)[0m
[ladrc_position_controller_node-4] [0m[INFO] [1785228471.833127095] [uav4.ladrc_position_controller]: 收到新任务指令 (UAV4)，目标/参数已变更，覆盖旧任务[0m
[ladrc_position_controller_node-4] [0m[INFO] [1785228471.833139048] [uav4.ladrc_position_controller]: 轨迹指标: path=0.75m vmax=0.18m/s amax=0.07m/s^2 jmax=0.09m/s^3 ISJ=0.01[0m
[ladrc_position_controller_node-4] [0m[INFO] [1785228471.833164826] [uav4.ladrc_position_controller]: 任务条件化带宽: mission=910011 style=normal distance=0.75m duration=8.00s avg_v=0.09m/s kappa=0.763[0m
[ladrc_position_controller_node-4] [0m[INFO] [1785228471.833177560] [uav4.ladrc_position_controller]: >>> Mission910011 UAV4 全局[-4.2,4.2,8.7]→本地[-4.2,-7.8,8.7] T=8.0s normal[0m
[ladrc_position_controller_node-5] [0m[INFO] [1785228471.833061643] [uav5.ladrc_position_controller]: UAV5 swarm_cmd 回调触发 (目标=[-6.0,0.1,10.1])[0m
[ladrc_position_controller_node-5] [0m[INFO] [1785228471.833141622] [uav5.ladrc_position_controller]: 控制适应日志已写入: /home/yihuang/learning/LLM_swarm_ws/src/LLM-UAVswarm-performance/logs/control_adaptation_log.csv (mission=900011, uav=5)[0m
[ladrc_position_controller_node-5] [0m[INFO] [1785228471.833190564] [uav5.ladrc_position_controller]: 收到新任务指令 (UAV5)，目标/参数已变更，覆盖旧任务[0m
[ladrc_position_controller_node-5] [0m[INFO] [1785228471.833206384] [uav5.ladrc_position_controller]: 轨迹指标: path=0.81m vmax=0.19m/s amax=0.07m/s^2 jmax=0.10m/s^3 ISJ=0.01[0m
[ladrc_position_controller_node-5] [0m[INFO] [1785228471.833228706] [uav5.ladrc_position_controller]: 任务条件化带宽: mission=910011 style=normal distance=0.81m duration=8.00s avg_v=0.10m/s kappa=0.764[0m
[ladrc_position_controller_node-5] [0m[INFO] [1785228471.833242582] [uav5.ladrc_position_controller]: >>> Mission910011 UAV5 全局[-6.0,0.1,10.1]→本地[-6.0,-14.9,10.1] T=8.0s normal[0m
[ladrc_position_controller_node-6] [0m[INFO] [1785228471.833117908] [uav6.ladrc_position_controller]: UAV6 swarm_cmd 回调触发 (目标=[-4.2,-4.2,11.7])[0m
[ladrc_position_controller_node-6] [0m[INFO] [1785228471.833214278] [uav6.ladrc_position_controller]: 控制适应日志已写入: /home/yihuang/learning/LLM_swarm_ws/src/LLM-UAVswarm-performance/logs/control_adaptation_log.csv (mission=900011, uav=6)[0m
[ladrc_position_controller_node-6] [0m[INFO] [1785228471.833246849] [uav6.ladrc_position_controller]: 收到新任务指令 (UAV6)，目标/参数已变更，覆盖旧任务[0m
[ladrc_position_controller_node-6] [0m[INFO] [1785228471.833264152] [uav6.ladrc_position_controller]: 轨迹指标: path=0.79m vmax=0.19m/s amax=0.07m/s^2 jmax=0.09m/s^3 ISJ=0.01[0m
[ladrc_position_controller_node-6] [0m[INFO] [1785228471.833286303] [uav6.ladrc_position_controller]: 任务条件化带宽: mission=910011 style=normal distance=0.79m duration=8.00s avg_v=0.10m/s kappa=0.764[0m
[ladrc_position_controller_node-6] [0m[INFO] [1785228471.833298075] [uav6.ladrc_position_controller]: >>> Mission910011 UAV6 全局[-4.2,-4.2,11.7]→本地[-4.2,-22.2,11.7] T=8.0s normal[0m
[ladrc_position_controller_node-7] [0m[INFO] [1785228471.833165227] [uav7.ladrc_position_controller]: UAV7 swarm_cmd 回调触发 (目标=[0.1,-6.0,13.1])[0m
[ladrc_position_controller_node-7] [0m[INFO] [1785228471.833246739] [uav7.ladrc_position_controller]: 控制适应日志已写入: /home/yihuang/learning/LLM_swarm_ws/src/LLM-UAVswarm-performance/logs/control_adaptation_log.csv (mission=900011, uav=7)[0m
[ladrc_position_controller_node-7] [0m[INFO] [1785228471.833273860] [uav7.ladrc_position_controller]: 收到新任务指令 (UAV7)，目标/参数已变更，覆盖旧任务[0m
[ladrc_position_controller_node-7] [0m[INFO] [1785228471.833285011] [uav7.ladrc_position_controller]: 轨迹指标: path=0.80m vmax=0.19m/s amax=0.07m/s^2 jmax=0.09m/s^3 ISJ=0.01[0m
[ladrc_position_controller_node-7] [0m[INFO] [1785228471.833302313] [uav7.ladrc_position_controller]: 任务条件化带宽: mission=910011 style=normal distance=0.80m duration=8.00s avg_v=0.10m/s kappa=0.764[0m
[ladrc_position_controller_node-7] [0m[INFO] [1785228471.833312422] [uav7.ladrc_position_controller]: >>> Mission910011 UAV7 全局[0.1,-6.0,13.1]→本地[0.1,-27.0,13.1] T=8.0s normal[0m
[ladrc_position_controller_node-8] [0m[INFO] [1785228471.833241019] [uav8.ladrc_position_controller]: UAV8 swarm_cmd 回调触发 (目标=[4.2,-4.2,14.6])[0m
[ladrc_position_controller_node-8] [0m[INFO] [1785228471.833343470] [uav8.ladrc_position_controller]: 控制适应日志已写入: /home/yihuang/learning/LLM_swarm_ws/src/LLM-UAVswarm-performance/logs/control_adaptation_log.csv (mission=900011, uav=8)[0m
[ladrc_position_controller_node-8] [0m[INFO] [1785228471.833388805] [uav8.ladrc_position_controller]: 收到新任务指令 (UAV8)，目标/参数已变更，覆盖旧任务[0m
[ladrc_position_controller_node-8] [0m[INFO] [1785228471.833406448] [uav8.ladrc_position_controller]: 轨迹指标: path=0.87m vmax=0.20m/s amax=0.08m/s^2 jmax=0.10m/s^3 ISJ=0.02[0m
[ladrc_position_controller_node-8] [0m[INFO] [1785228471.833441003] [uav8.ladrc_position_controller]: 任务条件化带宽: mission=910011 style=normal distance=0.87m duration=8.00s avg_v=0.11m/s kappa=0.765[0m
[ladrc_position_controller_node-8] [0m[INFO] [1785228471.833463285] [uav8.ladrc_position_controller]: >>> Mission910011 UAV8 全局[4.2,-4.2,14.6]→本地[4.2,-28.2,14.6] T=8.0s normal[0m
[ladrc_position_controller_node-2] [0m[INFO] [1785228472.072671025] [uav2.ladrc_position_controller]: UAV2 Ref[4.2,-1.8,6.4] Pos[4.25,-1.81,6.45] Cmd[-0.1,-0.0,-1.5][0m
[ladrc_position_controller_node-7] [0m[INFO] [1785228472.075504552] [uav7.ladrc_position_controller]: UAV7 Ref[0.0,-27.0,13.9] Pos[0.01,-27.00,14.00] Cmd[-0.0,-0.0,-2.3][0m
[ladrc_position_controller_node-1] [0m[INFO] [1785228472.120966971] [uav1.ladrc_position_controller]: UAV1 Ref[6.0,-3.0,4.9] Pos[6.03,-3.02,4.98] Cmd[-0.0,-0.0,-3.7][0m
[ladrc_position_controller_node-3] [0m[INFO] [1785228472.131255961] [uav3.ladrc_position_controller]: UAV3 Ref[0.0,-3.0,7.9] Pos[0.02,-2.97,7.97] Cmd[-0.1,0.1,-1.8][0m
[ladrc_position_controller_node-4] [0m[INFO] [1785228472.134271219] [uav4.ladrc_position_controller]: UAV4 Ref[-4.3,-7.8,9.4] Pos[-4.26,-7.77,9.48] Cmd[0.0,-0.1,-2.1][0m
[ladrc_position_controller_node-5] [0m[INFO] [1785228472.179554211] [uav5.ladrc_position_controller]: UAV5 Ref[-6.0,-15.0,11.0] Pos[-6.01,-14.98,11.03] Cmd[0.3,-0.1,-3.9][0m
[ladrc_position_controller_node-6] [0m[INFO] [1785228472.200819800] [uav6.ladrc_position_controller]: UAV6 Ref[-4.3,-22.3,12.4] Pos[-4.29,-22.27,12.51] Cmd[-0.1,-0.1,-2.2][0m
[ladrc_position_controller_node-8] [0m[INFO] [1785228472.279699056] [uav8.ladrc_position_controller]: UAV8 Ref[4.2,-28.2,15.5] Pos[4.20,-28.22,15.59] Cmd[0.0,0.0,-4.1][0m
[ladrc_position_controller_node-2] [0m[INFO] [1785228473.072677202] [uav2.ladrc_position_controller]: UAV2 Ref[4.2,-1.8,6.4] Pos[4.25,-1.80,6.68] Cmd[-0.1,-0.1,-8.0][0m
[ladrc_position_controller_node-7] [0m[INFO] [1785228473.095527359] [uav7.ladrc_position_controller]: UAV7 Ref[0.0,-27.0,13.9] Pos[-0.01,-27.00,14.23] Cmd[0.2,-0.1,-8.0][0m
[ladrc_position_controller_node-1] [0m[INFO] [1785228473.120971404] [uav1.ladrc_position_controller]: UAV1 Ref[6.0,-3.0,4.9] Pos[6.03,-3.01,5.17] Cmd[-0.0,-0.1,-7.8][0m
[ladrc_position_controller_node-3] [0m[INFO] [1785228473.131261347] [uav3.ladrc_position_controller]: UAV3 Ref[0.0,-3.0,7.9] Pos[0.02,-2.98,8.20] Cmd[-0.1,0.1,-8.0][0m
[ladrc_position_controller_node-4] [0m[INFO] [1785228473.154232670] [uav4.ladrc_position_controller]: UAV4 Ref[-4.3,-7.8,9.4] Pos[-4.27,-7.78,9.71] Cmd[0.2,0.0,-8.0][0m
[ladrc_position_controller_node-5] [0m[INFO] [1785228473.179562361] [uav5.ladrc_position_controller]: UAV5 Ref[-6.0,-15.0,10.9] Pos[-6.04,-14.99,11.21] Cmd[0.7,0.0,-7.8][0m
[ladrc_position_controller_node-6] [0m[INFO] [1785228473.220832648] [uav6.ladrc_position_controller]: UAV6 Ref[-4.3,-22.3,12.4] Pos[-4.30,-22.28,12.73] Cmd[0.2,0.3,-8.0][0m
[ladrc_position_controller_node-8] [0m[INFO] [1785228473.299685635] [uav8.ladrc_position_controller]: UAV8 Ref[4.2,-28.2,15.4] Pos[4.20,-28.22,15.78] Cmd[0.2,-0.0,-8.0][0m
[ladrc_position_controller_node-2] [0m[INFO] [1785228474.092683448] [uav2.ladrc_position_controller]: UAV2 Ref[4.3,-1.8,6.3] Pos[4.26,-1.79,6.70] Cmd[-0.1,-0.4,-8.0][0m
[ladrc_position_controller_node-7] [0m[INFO] [1785228474.115493981] [uav7.ladrc_position_controller]: UAV7 Ref[0.0,-27.0,13.8] Pos[-0.01,-27.00,14.25] Cmd[0.5,0.1,-8.0][0m
[ladrc_position_controller_node-3] [0m[INFO] [1785228474.131297951] [uav3.ladrc_position_controller]: UAV3 Ref[0.0,-3.0,7.8] Pos[0.03,-2.96,8.21] Cmd[-0.2,-0.0,-8.0][0m
[ladrc_position_controller_node-1] [0m[INFO] [1785228474.140951912] [uav1.ladrc_position_controller]: UAV1 Ref[6.0,-3.0,4.8] Pos[6.03,-3.01,5.20] Cmd[-0.1,-0.2,-8.0][0m
[ladrc_position_controller_node-4] [0m[INFO] [1785228474.174179024] [uav4.ladrc_position_controller]: UAV4 Ref[-4.3,-7.8,9.3] Pos[-4.28,-7.77,9.70] Cmd[0.4,-0.0,-8.0][0m
[ladrc_position_controller_node-5] [0m[INFO] [1785228474.199552677] [uav5.ladrc_position_controller]: UAV5 Ref[-6.0,-15.0,10.8] Pos[-6.05,-14.98,11.25] Cmd[1.1,-0.0,-8.0][0m
[ladrc_position_controller_node-6] [0m[INFO] [1785228474.220841710] [uav6.ladrc_position_controller]: UAV6 Ref[-4.3,-22.3,12.3] Pos[-4.31,-22.29,12.72] Cmd[0.5,0.5,-8.0][0m
[ladrc_position_controller_node-8] [0m[INFO] [1785228474.319679026] [uav8.ladrc_position_controller]: UAV8 Ref[4.2,-28.2,15.3] Pos[4.19,-28.21,15.78] Cmd[0.4,0.0,-8.0][0m
[ladrc_position_controller_node-2] [0m[INFO] [1785228475.092721364] [uav2.ladrc_position_controller]: UAV2 Ref[4.3,-1.8,6.2] Pos[4.26,-1.78,6.64] Cmd[-0.2,-0.5,-8.0][0m
[ladrc_position_controller_node-7] [0m[INFO] [1785228475.115514575] [uav7.ladrc_position_controller]: UAV7 Ref[0.0,-27.0,13.7] Pos[-0.01,-27.00,14.18] Cmd[0.7,0.1,-8.0][0m
[ladrc_position_controller_node-1] [0m[INFO] [1785228475.140963178] [uav1.ladrc_position_controller]: UAV1 Ref[6.0,-3.0,4.7] Pos[6.03,-3.00,5.10] Cmd[-0.0,-0.3,-8.0][0m
[ladrc_position_controller_node-3] [0m[INFO] [1785228475.151253642] [uav3.ladrc_position_controller]: UAV3 Ref[0.0,-3.0,7.7] Pos[0.03,-2.94,8.14] Cmd[-0.1,-0.4,-8.0][0m
[ladrc_position_controller_node-4] [0m[INFO] [1785228475.174226007] [uav4.ladrc_position_controller]: UAV4 Ref[-4.2,-7.8,9.2] Pos[-4.26,-7.75,9.64] Cmd[0.5,-0.4,-8.0][0m
[ladrc_position_controller_node-5] [0m[INFO] [1785228475.199579443] [uav5.ladrc_position_controller]: UAV5 Ref[-6.0,-15.0,10.7] Pos[-6.02,-14.97,11.13] Cmd[1.2,-0.0,-8.0][0m
[ladrc_position_controller_node-6] [0m[INFO] [1785228475.220852345] [uav6.ladrc_position_controller]: UAV6 Ref[-4.3,-22.2,12.2] Pos[-4.30,-22.26,12.65] Cmd[0.7,0.6,-8.0][0m
[ladrc_position_controller_node-8] [0m[INFO] [1785228475.319698728] [uav8.ladrc_position_controller]: UAV8 Ref[4.2,-28.2,15.2] Pos[4.19,-28.21,15.67] Cmd[0.6,0.2,-8.0][0m
[ladrc_position_controller_node-2] [0m[INFO] [1785228476.112660645] [uav2.ladrc_position_controller]: UAV2 Ref[4.3,-1.8,6.0] Pos[4.26,-1.79,6.48] Cmd[-0.1,-0.5,-8.0][0m
[ladrc_position_controller_node-7] [0m[INFO] [1785228476.135510371] [uav7.ladrc_position_controller]: UAV7 Ref[0.0,-27.0,13.5] Pos[0.02,-26.98,14.01] Cmd[0.7,0.0,-8.0][0m
[ladrc_position_controller_node-3] [0m[INFO] [1785228476.151259718] [uav3.ladrc_position_controller]: UAV3 Ref[0.0,-3.0,7.5] Pos[0.01,-2.95,7.98] Cmd[0.2,-0.5,-8.0][0m
[ladrc_position_controller_node-1] [0m[INFO] [1785228476.160944527] [uav1.ladrc_position_controller]: UAV1 Ref[6.0,-3.0,4.5] Pos[6.01,-3.01,4.99] Cmd[0.3,-0.2,-8.0][0m
[ladrc_position_controller_node-4] [0m[INFO] [1785228476.194198450] [uav4.ladrc_position_controller]: UAV4 Ref[-4.2,-7.8,9.0] Pos[-4.26,-7.74,9.47] Cmd[0.6,-0.5,-8.0][0m
[ladrc_position_controller_node-5] [0m[INFO] [1785228476.219600997] [uav5.ladrc_position_controller]: UAV5 Ref[-6.0,-15.0,10.5] Pos[-6.01,-14.96,10.99] Cmd[1.5,-0.2,-8.0][0m
[ladrc_position_controller_node-6] [0m[INFO] [1785228476.240843473] [uav6.ladrc_position_controller]: UAV6 Ref[-4.3,-22.2,12.0] Pos[-4.28,-22.22,12.48] Cmd[0.7,0.4,-8.0][0m
[ladrc_position_controller_node-8] [0m[INFO] [1785228476.319699315] [uav8.ladrc_position_controller]: UAV8 Ref[4.2,-28.2,14.9] Pos[4.21,-28.20,15.49] Cmd[0.8,0.2,-8.0][0m
[ladrc_position_controller_node-2] [0m[INFO] [1785228477.112692419] [uav2.ladrc_position_controller]: UAV2 Ref[4.3,-1.8,5.8] Pos[4.22,-1.80,6.34] Cmd[0.7,-0.3,-8.0][0m
[ladrc_position_controller_node-7] [0m[INFO] [1785228477.155510645] [uav7.ladrc_position_controller]: UAV7 Ref[0.0,-27.0,13.3] Pos[0.05,-26.96,13.83] Cmd[0.7,-0.3,-8.0][0m
[ladrc_position_controller_node-1] [0m[INFO] [1785228477.160945064] [uav1.ladrc_position_controller]: UAV1 Ref[6.0,-3.0,4.3] Pos[5.99,-3.01,4.79] Cmd[0.7,-0.0,-8.0][0m
[ladrc_position_controller_node-3] [0m[INFO] [1785228477.171241157] [uav3.ladrc_position_controller]: UAV3 Ref[0.0,-3.0,7.3] Pos[-0.01,-2.96,7.83] Cmd[0.8,-0.6,-8.0][0m
[ladrc_position_controller_node-4] [0m[INFO] [1785228477.194222801] [uav4.ladrc_position_controller]: UAV4 Ref[-4.2,-7.8,8.8] Pos[-4.26,-7.75,9.33] Cmd[1.0,-0.7,-8.0][0m
[ladrc_position_controller_node-5] [0m[INFO] [1785228477.239550677] [uav5.ladrc_position_controller]: UAV5 Ref[-6.0,-15.0,10.3] Pos[-6.00,-14.95,10.79] Cmd[1.6,-0.2,-8.0][0m
[ladrc_position_controller_node-6] [0m[INFO] [1785228477.260811377] [uav6.ladrc_position_controller]: UAV6 Ref[-4.3,-22.2,11.8] Pos[-4.28,-22.20,12.31] Cmd[1.2,0.4,-8.0][0m
[ladrc_position_controller_node-8] [0m[INFO] [1785228477.339674372] [uav8.ladrc_position_controller]: UAV8 Ref[4.2,-28.2,14.8] Pos[4.25,-28.15,15.29] Cmd[0.5,-0.2,-8.0][0m
[ladrc_position_controller_node-2] [0m[INFO] [1785228478.132670282] [uav2.ladrc_position_controller]: UAV2 Ref[4.3,-1.8,5.7] Pos[4.21,-1.80,6.18] Cmd[1.1,-0.3,-8.0][0m
[ladrc_position_controller_node-7] [0m[INFO] [1785228478.155522383] [uav7.ladrc_position_controller]: UAV7 Ref[0.1,-27.0,13.2] Pos[0.05,-26.95,13.66] Cmd[0.9,-0.3,-8.0][0m
[ladrc_position_controller_node-3] [0m[INFO] [1785228478.171243407] [uav3.ladrc_position_controller]: UAV3 Ref[0.0,-3.0,7.2] Pos[-0.03,-2.97,7.66] Cmd[1.3,-0.6,-8.0][0m
[ladrc_position_controller_node-1] [0m[INFO] [1785228478.180948374] [uav1.ladrc_position_controller]: UAV1 Ref[6.0,-3.0,4.2] Pos[5.98,-3.01,4.67] Cmd[1.2,0.1,-8.0][0m
[ladrc_position_controller_node-4] [0m[INFO] [1785228478.214174364] [uav4.ladrc_position_controller]: UAV4 Ref[-4.2,-7.8,8.7] Pos[-4.28,-7.76,9.16] Cmd[1.5,-0.7,-8.0][0m
[ladrc_position_controller_node-5] [0m[INFO] [1785228478.239555381] [uav5.ladrc_position_controller]: UAV5 Ref[-6.0,-14.9,10.2] Pos[-6.01,-14.95,10.66] Cmd[2.2,-0.2,-8.0][0m
[ladrc_position_controller_node-6] [0m[INFO] [1785228478.280813705] [uav6.ladrc_position_controller]: UAV6 Ref[-4.2,-22.2,11.7] Pos[-4.30,-22.19,12.16] Cmd[1.7,0.2,-8.0][0m
[ladrc_position_controller_node-8] [0m[INFO] [1785228478.339699905] [uav8.ladrc_position_controller]: UAV8 Ref[4.2,-28.2,14.7] Pos[4.26,-28.14,15.12] Cmd[0.5,-0.4,-8.0][0m
[ladrc_position_controller_node-2] [0m[INFO] [1785228479.132676179] [uav2.ladrc_position_controller]: UAV2 Ref[4.3,-1.8,5.7] Pos[4.23,-1.80,6.10] Cmd[1.3,-0.2,-8.0][0m
[ladrc_position_controller_node-3] [0m[INFO] [1785228479.171244224] [uav3.ladrc_position_controller]: UAV3 Ref[0.0,-3.0,7.2] Pos[-0.00,-2.97,7.59] Cmd[1.4,-0.6,-8.0][0m
[ladrc_position_controller_node-7] [0m[INFO] [1785228479.175486199] [uav7.ladrc_position_controller]: UAV7 Ref[0.1,-27.0,13.2] Pos[0.03,-26.95,13.57] Cmd[1.4,-0.6,-8.0][0m
[ladrc_position_controller_node-1] [0m[INFO] [1785228479.180968036] [uav1.ladrc_position_controller]: UAV1 Ref[6.0,-3.0,4.2] Pos[5.99,-3.01,4.56] Cmd[1.3,0.2,-8.0][0m
[ladrc_position_controller_node-4] [0m[INFO] [1785228479.214202201] [uav4.ladrc_position_controller]: UAV4 Ref[-4.2,-7.8,8.7] Pos[-4.29,-7.77,9.08] Cmd[1.9,-0.7,-8.0][0m
[ladrc_position_controller_node-5] [0m[INFO] [1785228479.259558311] [uav5.ladrc_position_controller]: UAV5 Ref[-6.0,-14.9,10.1] Pos[-6.02,-14.94,10.54] Cmd[2.5,-0.2,-8.0][0m
[ladrc_position_controller_node-6] [0m[INFO] [1785228479.280814472] [uav6.ladrc_position_controller]: UAV6 Ref[-4.2,-22.2,11.7] Pos[-4.30,-22.18,12.05] Cmd[2.0,-0.0,-8.0][0m
[ladrc_position_controller_node-8] [0m[INFO] [1785228479.359693988] [uav8.ladrc_position_controller]: UAV8 Ref[4.2,-28.2,14.6] Pos[4.23,-28.13,15.02] Cmd[0.8,-0.6,-8.0][0m
[ladrc_position_controller_node-1] [0m[INFO] [1785228479.920260583] [uav1.ladrc_position_controller]: UAV1 swarm_cmd 回调触发 (目标=[6.0,-0.0,3.0])[0m
[ladrc_position_controller_node-1] [0m[INFO] [1785228479.920348879] [uav1.ladrc_position_controller]: 控制适应日志已写入: /home/yihuang/learning/LLM_swarm_ws/src/LLM-UAVswarm-performance/logs/control_adaptation_log.csv (mission=910011, uav=1)[0m
[ladrc_position_controller_node-1] [0m[INFO] [1785228479.920387601] [uav1.ladrc_position_controller]: 收到新任务指令 (UAV1)，目标/参数已变更，覆盖旧任务[0m
[ladrc_position_controller_node-1] [0m[INFO] [1785228479.920402920] [uav1.ladrc_position_controller]: 轨迹指标: path=1.50m vmax=0.23m/s amax=0.06m/s^2 jmax=0.05m/s^3 ISJ=0.01[0m
[ladrc_position_controller_node-1] [0m[INFO] [1785228479.920433006] [uav1.ladrc_position_controller]: 任务条件化带宽: mission=900012 style=normal distance=1.50m duration=11.95s avg_v=0.13m/s kappa=0.767[0m
[ladrc_position_controller_node-1] [0m[INFO] [1785228479.920447734] [uav1.ladrc_position_controller]: >>> Mission900012 UAV1 全局[6.0,-0.0,3.0]→本地[6.0,-3.0,3.0] T=11.9s normal[0m
[ladrc_position_controller_node-2] [0m[INFO] [1785228479.920299426] [uav2.ladrc_position_controller]: UAV2 swarm_cmd 回调触发 (目标=[4.3,4.2,3.0])[0m
[ladrc_position_controller_node-2] [0m[INFO] [1785228479.920364748] [uav2.ladrc_position_controller]: 控制适应日志已写入: /home/yihuang/learning/LLM_swarm_ws/src/LLM-UAVswarm-performance/logs/control_adaptation_log.csv (mission=910011, uav=2)[0m
[ladrc_position_controller_node-2] [0m[INFO] [1785228479.920396848] [uav2.ladrc_position_controller]: 收到新任务指令 (UAV2)，目标/参数已变更，覆盖旧任务[0m
[ladrc_position_controller_node-2] [0m[INFO] [1785228479.920410764] [uav2.ladrc_position_controller]: 轨迹指标: path=3.02m vmax=0.47m/s amax=0.12m/s^2 jmax=0.11m/s^3 ISJ=0.03[0m
[ladrc_position_controller_node-2] [0m[INFO] [1785228479.920439959] [uav2.ladrc_position_controller]: 任务条件化带宽: mission=900012 style=normal distance=3.02m duration=11.95s avg_v=0.25m/s kappa=0.785[0m
[ladrc_position_controller_node-2] [0m[INFO] [1785228479.920453454] [uav2.ladrc_position_controller]: >>> Mission900012 UAV2 全局[4.3,4.2,3.0]→本地[4.3,-1.8,3.0] T=11.9s normal[0m
[ladrc_position_controller_node-3] [0m[INFO] [1785228479.920322950] [uav3.ladrc_position_controller]: UAV3 swarm_cmd 回调触发 (目标=[0.0,6.0,3.0])[0m
[ladrc_position_controller_node-3] [0m[INFO] [1785228479.920387060] [uav3.ladrc_position_controller]: 控制适应日志已写入: /home/yihuang/learning/LLM_swarm_ws/src/LLM-UAVswarm-performance/logs/control_adaptation_log.csv (mission=910011, uav=3)[0m
[ladrc_position_controller_node-3] [0m[INFO] [1785228479.920421064] [uav3.ladrc_position_controller]: 收到新任务指令 (UAV3)，目标/参数已变更，覆盖旧任务[0m
[ladrc_position_controller_node-3] [0m[INFO] [1785228479.920434359] [uav3.ladrc_position_controller]: 轨迹指标: path=4.59m vmax=0.72m/s amax=0.19m/s^2 jmax=0.16m/s^3 ISJ=0.06[0m
[ladrc_position_controller_node-3] [0m[INFO] [1785228479.920453725] [uav3.ladrc_position_controller]: 任务条件化带宽: mission=900012 style=normal distance=4.59m duration=11.95s avg_v=0.38m/s kappa=0.803[0m
[ladrc_position_controller_node-3] [0m[INFO] [1785228479.920464114] [uav3.ladrc_position_controller]: >>> Mission900012 UAV3 全局[0.0,6.0,3.0]→本地[0.0,-3.0,3.0] T=11.9s normal[0m
[ladrc_position_controller_node-4] [0m[INFO] [1785228479.920355791] [uav4.ladrc_position_controller]: UAV4 swarm_cmd 回调触发 (目标=[-4.2,4.2,3.0])[0m
[ladrc_position_controller_node-4] [0m[INFO] [1785228479.920438927] [uav4.ladrc_position_controller]: 控制适应日志已写入: /home/yihuang/learning/LLM_swarm_ws/src/LLM-UAVswarm-performance/logs/control_adaptation_log.csv (mission=910011, uav=4)[0m
[ladrc_position_controller_node-4] [0m[INFO] [1785228479.920476828] [uav4.ladrc_position_controller]: 收到新任务指令 (UAV4)，目标/参数已变更，覆盖旧任务[0m
[ladrc_position_controller_node-4] [0m[INFO] [1785228479.920493008] [uav4.ladrc_position_controller]: 轨迹指标: path=6.00m vmax=0.94m/s amax=0.24m/s^2 jmax=0.21m/s^3 ISJ=0.11[0m
[ladrc_position_controller_node-4] [0m[INFO] [1785228479.920509109] [uav4.ladrc_position_controller]: 任务条件化带宽: mission=900012 style=normal distance=6.00m duration=11.95s avg_v=0.50m/s kappa=0.820[0m
[ladrc_position_controller_node-4] [0m[INFO] [1785228479.920519518] [uav4.ladrc_position_controller]: >>> Mission900012 UAV4 全局[-4.2,4.2,3.0]→本地[-4.2,-7.8,3.0] T=11.9s normal[0m
[ladrc_position_controller_node-5] [0m[INFO] [1785228479.920387852] [uav5.ladrc_position_controller]: UAV5 swarm_cmd 回调触发 (目标=[-6.0,0.0,3.0])[0m
[ladrc_position_controller_node-5] [0m[INFO] [1785228479.920472079] [uav5.ladrc_position_controller]: 控制适应日志已写入: /home/yihuang/learning/LLM_swarm_ws/src/LLM-UAVswarm-performance/logs/control_adaptation_log.csv (mission=910011, uav=5)[0m
[ladrc_position_controller_node-5] [0m[INFO] [1785228479.920500683] [uav5.ladrc_position_controller]: 收到新任务指令 (UAV5)，目标/参数已变更，覆盖旧任务[0m
[ladrc_position_controller_node-5] [0m[INFO] [1785228479.920510692] [uav5.ladrc_position_controller]: 轨迹指标: path=7.51m vmax=1.18m/s amax=0.30m/s^2 jmax=0.26m/s^3 ISJ=0.17[0m
[ladrc_position_controller_node-5] [0m[INFO] [1785228479.920524708] [uav5.ladrc_position_controller]: 任务条件化带宽: mission=900012 style=normal distance=7.51m duration=11.95s avg_v=0.63m/s kappa=0.837[0m
[ladrc_position_controller_node-5] [0m[INFO] [1785228479.920534085] [uav5.ladrc_position_controller]: >>> Mission900012 UAV5 全局[-6.0,0.0,3.0]→本地[-6.0,-15.0,3.0] T=11.9s normal[0m
[ladrc_position_controller_node-6] [0m[INFO] [1785228479.920429620] [uav6.ladrc_position_controller]: UAV6 swarm_cmd 回调触发 (目标=[-4.3,-4.2,3.0])[0m
[ladrc_position_controller_node-6] [0m[INFO] [1785228479.920512745] [uav6.ladrc_position_controller]: 控制适应日志已写入: /home/yihuang/learning/LLM_swarm_ws/src/LLM-UAVswarm-performance/logs/control_adaptation_log.csv (mission=910011, uav=6)[0m
[ladrc_position_controller_node-6] [0m[INFO] [1785228479.920540778] [uav6.ladrc_position_controller]: 收到新任务指令 (UAV6)，目标/参数已变更，覆盖旧任务[0m
[ladrc_position_controller_node-6] [0m[INFO] [1785228479.920552961] [uav6.ladrc_position_controller]: 轨迹指标: path=9.07m vmax=1.42m/s amax=0.37m/s^2 jmax=0.32m/s^3 ISJ=0.24[0m
[ladrc_position_controller_node-6] [0m[INFO] [1785228479.920569031] [uav6.ladrc_position_controller]: 任务条件化带宽: mission=900012 style=normal distance=9.07m duration=11.95s avg_v=0.76m/s kappa=0.855[0m
[ladrc_position_controller_node-6] [0m[INFO] [1785228479.920576525] [uav6.ladrc_position_controller]: >>> Mission900012 UAV6 全局[-4.3,-4.2,3.0]→本地[-4.3,-22.2,3.0] T=11.9s normal[0m
[ladrc_position_controller_node-7] [0m[INFO] [1785228479.920463313] [uav7.ladrc_position_controller]: UAV7 swarm_cmd 回调触发 (目标=[0.0,-6.0,3.0])[0m
[ladrc_position_controller_node-7] [0m[INFO] [1785228479.920526161] [uav7.ladrc_position_controller]: 控制适应日志已写入: /home/yihuang/learning/LLM_swarm_ws/src/LLM-UAVswarm-performance/logs/control_adaptation_log.csv (mission=910011, uav=7)[0m
[ladrc_position_controller_node-7] [0m[INFO] [1785228479.920560194] [uav7.ladrc_position_controller]: 收到新任务指令 (UAV7)，目标/参数已变更，覆盖旧任务[0m
[ladrc_position_controller_node-7] [0m[INFO] [1785228479.920568800] [uav7.ladrc_position_controller]: 轨迹指标: path=10.50m vmax=1.65m/s amax=0.42m/s^2 jmax=0.37m/s^3 ISJ=0.33[0m
[ladrc_position_controller_node-7] [0m[INFO] [1785228479.920581424] [uav7.ladrc_position_controller]: 任务条件化带宽: mission=900012 style=normal distance=10.50m duration=11.95s avg_v=0.88m/s kappa=0.872[0m
[ladrc_position_controller_node-7] [0m[INFO] [1785228479.920588587] [uav7.ladrc_position_controller]: >>> Mission900012 UAV7 全局[0.0,-6.0,3.0]→本地[0.0,-27.0,3.0] T=11.9s normal[0m
[ladrc_position_controller_node-8] [0m[INFO] [1785228479.920499891] [uav8.ladrc_position_controller]: UAV8 swarm_cmd 回调触发 (目标=[4.2,-4.2,3.0])[0m
[ladrc_position_controller_node-8] [0m[INFO] [1785228479.920572557] [uav8.ladrc_position_controller]: 控制适应日志已写入: /home/yihuang/learning/LLM_swarm_ws/src/LLM-UAVswarm-performance/logs/control_adaptation_log.csv (mission=910011, uav=8)[0m
[ladrc_position_controller_node-8] [0m[INFO] [1785228479.920600770] [uav8.ladrc_position_controller]: 收到新任务指令 (UAV8)，目标/参数已变更，覆盖旧任务[0m
[ladrc_position_controller_node-8] [0m[INFO] [1785228479.920614466] [uav8.ladrc_position_controller]: 轨迹指标: path=11.95m vmax=1.88m/s amax=0.48m/s^2 jmax=0.42m/s^3 ISJ=0.42[0m
[ladrc_position_controller_node-8] [0m[INFO] [1785228479.920631608] [uav8.ladrc_position_controller]: 任务条件化带宽: mission=900012 style=normal distance=11.95m duration=11.95s avg_v=1.00m/s kappa=0.889[0m
[ladrc_position_controller_node-8] [0m[INFO] [1785228479.920642979] [uav8.ladrc_position_controller]: >>> Mission900012 UAV8 全局[4.2,-4.2,3.0]→本地[4.2,-28.2,3.0] T=11.9s normal[0m
[ladrc_position_controller_node-2] [0m[INFO] [1785228480.152665473] [uav2.ladrc_position_controller]: UAV2 Ref[4.3,-1.8,6.1] Pos[4.26,-1.80,6.07] Cmd[-0.1,-0.0,-0.4][0m
[ladrc_position_controller_node-3] [0m[INFO] [1785228480.191229801] [uav3.ladrc_position_controller]: UAV3 Ref[0.0,-3.0,7.6] Pos[0.03,-2.98,7.57] Cmd[-0.2,0.1,-0.8][0m
[ladrc_position_controller_node-7] [0m[INFO] [1785228480.195475783] [uav7.ladrc_position_controller]: UAV7 Ref[0.0,-27.0,13.5] Pos[-0.00,-26.96,13.54] Cmd[0.2,0.1,-1.3][0m
[ladrc_position_controller_node-1] [0m[INFO] [1785228480.200961508] [uav1.ladrc_position_controller]: UAV1 Ref[6.0,-3.0,4.5] Pos[6.00,-2.99,4.59] Cmd[-0.1,-0.2,-2.8][0m
[ladrc_position_controller_node-4] [0m[INFO] [1785228480.214221693] [uav4.ladrc_position_controller]: UAV4 Ref[-4.3,-7.8,9.0] Pos[-4.27,-7.77,9.08] Cmd[-0.2,0.0,-1.4][0m
[ladrc_position_controller_node-5] [0m[INFO] [1785228480.259588542] [uav5.ladrc_position_controller]: UAV5 Ref[-6.0,-14.9,10.5] Pos[-6.02,-14.94,10.57] Cmd[-0.1,0.0,-3.2][0m
[ladrc_position_controller_node-6] [0m[INFO] [1785228480.280840596] [uav6.ladrc_position_controller]: UAV6 Ref[-4.3,-22.2,12.0] Pos[-4.29,-22.19,12.09] Cmd[-0.0,0.2,-4.4][0m
[ladrc_position_controller_node-8] [0m[INFO] [1785228480.379695024] [uav8.ladrc_position_controller]: UAV8 Ref[4.2,-28.1,15.0] Pos[4.20,-28.14,15.07] Cmd[0.4,0.0,-3.8][0m
[ladrc_position_controller_node-2] [0m[INFO] [1785228481.152680286] [uav2.ladrc_position_controller]: UAV2 Ref[4.3,-1.8,6.0] Pos[4.26,-1.81,6.31] Cmd[-0.2,0.1,-8.0][0m
[ladrc_position_controller_node-3] [0m[INFO] [1785228481.191266736] [uav3.ladrc_position_controller]: UAV3 Ref[0.0,-3.0,7.5] Pos[0.03,-2.98,7.79] Cmd[-0.2,0.1,-8.0][0m
[ladrc_position_controller_node-7] [0m[INFO] [1785228481.195503701] [uav7.ladrc_position_controller]: UAV7 Ref[0.0,-27.0,13.4] Pos[-0.02,-26.95,13.76] Cmd[0.4,-0.0,-8.0][0m
[ladrc_position_controller_node-4] [0m[INFO] [1785228481.214233320] [uav4.ladrc_position_controller]: UAV4 Ref[-4.3,-7.8,9.0] Pos[-4.27,-7.77,9.29] Cmd[-0.2,0.1,-8.0][0m
[ladrc_position_controller_node-1] [0m[INFO] [1785228481.220943157] [uav1.ladrc_position_controller]: UAV1 Ref[6.0,-3.0,4.5] Pos[6.01,-2.98,4.77] Cmd[-0.1,-0.2,-8.0][0m
[ladrc_position_controller_node-5] [0m[INFO] [1785228481.279571645] [uav5.ladrc_position_controller]: UAV5 Ref[-6.0,-14.9,10.4] Pos[-6.02,-14.94,10.75] Cmd[-0.0,-0.0,-8.0][0m
[ladrc_position_controller_node-6] [0m[INFO] [1785228481.300854586] [uav6.ladrc_position_controller]: UAV6 Ref[-4.3,-22.2,11.9] Pos[-4.30,-22.20,12.26] Cmd[0.1,0.3,-8.0][0m
[ladrc_position_controller_node-8] [0m[INFO] [1785228481.399709535] [uav8.ladrc_position_controller]: UAV8 Ref[4.2,-28.1,14.8] Pos[4.18,-28.13,15.22] Cmd[1.0,-0.2,-8.0][0m
[ladrc_position_controller_node-2] [0m[INFO] [1785228482.152697363] [uav2.ladrc_position_controller]: UAV2 Ref[4.3,-1.8,5.9] Pos[4.26,-1.81,6.31] Cmd[-0.2,0.1,-8.0][0m
[ladrc_position_controller_node-3] [0m[INFO] [1785228482.211236413] [uav3.ladrc_position_controller]: UAV3 Ref[0.0,-3.0,7.3] Pos[0.02,-2.98,7.77] Cmd[-0.2,0.2,-8.0][0m
[ladrc_position_controller_node-7] [0m[INFO] [1785228482.215495690] [uav7.ladrc_position_controller]: UAV7 Ref[0.0,-27.0,13.0] Pos[-0.01,-26.95,13.63] Cmd[0.6,-0.1,-8.0][0m
[ladrc_position_controller_node-4] [0m[INFO] [1785228482.234274772] [uav4.ladrc_position_controller]: UAV4 Ref[-4.3,-7.8,8.7] Pos[-4.26,-7.78,9.24] Cmd[-0.4,0.3,-8.0][0m
[ladrc_position_controller_node-1] [0m[INFO] [1785228482.240937180] [uav1.ladrc_position_controller]: UAV1 Ref[6.0,-3.0,4.5] Pos[6.01,-3.00,4.82] Cmd[-0.2,-0.1,-8.0][0m
[ladrc_position_controller_node-5] [0m[INFO] [1785228482.279579906] [uav5.ladrc_position_controller]: UAV5 Ref[-6.0,-14.9,10.1] Pos[-6.03,-14.94,10.66] Cmd[0.1,-0.2,-8.0][0m
[ladrc_position_controller_node-6] [0m[INFO] [1785228482.320821338] [uav6.ladrc_position_controller]: UAV6 Ref[-4.3,-22.2,11.5] Pos[-4.29,-22.19,12.16] Cmd[0.0,0.3,-8.0][0m
[ladrc_position_controller_node-8] [0m[INFO] [1785228482.419696395] [uav8.ladrc_position_controller]: UAV8 Ref[4.2,-28.1,14.2] Pos[4.19,-28.12,14.98] Cmd[1.4,-0.4,-8.0][0m
[ladrc_position_controller_node-2] [0m[INFO] [1785228483.172659225] [uav2.ladrc_position_controller]: UAV2 Ref[4.3,-1.8,5.7] Pos[4.24,-1.82,6.23] Cmd[-0.0,0.4,-8.0][0m
[ladrc_position_controller_node-3] [0m[INFO] [1785228483.211288846] [uav3.ladrc_position_controller]: UAV3 Ref[0.0,-3.0,6.9] Pos[0.02,-2.99,7.60] Cmd[-0.1,0.3,-8.0][0m
[ladrc_position_controller_node-7] [0m[INFO] [1785228483.215518889] [uav7.ladrc_position_controller]: UAV7 Ref[0.0,-27.0,12.1] Pos[-0.01,-26.95,13.19] Cmd[0.7,-0.2,-8.0][0m
[ladrc_position_controller_node-1] [0m[INFO] [1785228483.240944049] [uav1.ladrc_position_controller]: UAV1 Ref[6.0,-3.0,4.3] Pos[6.01,-3.00,4.77] Cmd[-0.2,-0.1,-8.0][0m
[ladrc_position_controller_node-4] [0m[INFO] [1785228483.254248296] [uav4.ladrc_position_controller]: UAV4 Ref[-4.3,-7.8,8.2] Pos[-4.28,-7.78,8.98] Cmd[-0.2,0.5,-8.0][0m
[ladrc_position_controller_node-5] [0m[INFO] [1785228483.299563689] [uav5.ladrc_position_controller]: UAV5 Ref[-6.0,-14.9,9.4] Pos[-6.03,-14.93,10.31] Cmd[0.2,-0.3,-8.0][0m
[ladrc_position_controller_node-6] [0m[INFO] [1785228483.340811053] [uav6.ladrc_position_controller]: UAV6 Ref[-4.3,-22.2,10.7] Pos[-4.29,-22.18,11.69] Cmd[0.2,0.2,-8.0][0m
[ladrc_position_controller_node-8] [0m[INFO] [1785228483.439679688] [uav8.ladrc_position_controller]: UAV8 Ref[4.2,-28.1,13.1] Pos[4.21,-28.13,14.37] Cmd[1.4,-0.6,-8.0][0m
[ladrc_position_controller_node-2] [0m[INFO] [1785228484.172663318] [uav2.ladrc_position_controller]: UAV2 Ref[4.3,-1.8,5.3] Pos[4.24,-1.82,5.96] Cmd[0.0,0.5,-8.0][0m
[ladrc_position_controller_node-3] [0m[INFO] [1785228484.231258724] [uav3.ladrc_position_controller]: UAV3 Ref[0.0,-3.0,6.4] Pos[0.01,-2.99,7.21] Cmd[-0.1,0.4,-8.0][0m
[ladrc_position_controller_node-7] [0m[INFO] [1785228484.235478457] [uav7.ladrc_position_controller]: UAV7 Ref[0.0,-27.0,10.9] Pos[0.00,-26.96,12.28] Cmd[0.8,-0.2,-8.0][0m
[ladrc_position_controller_node-1] [0m[INFO] [1785228484.260949513] [uav1.ladrc_position_controller]: UAV1 Ref[6.0,-3.0,4.1] Pos[6.02,-3.00,4.66] Cmd[-0.3,-0.0,-8.0][0m
[ladrc_position_controller_node-4] [0m[INFO] [1785228484.274230086] [uav4.ladrc_position_controller]: UAV4 Ref[-4.3,-7.8,7.5] Pos[-4.28,-7.78,8.47] Cmd[0.0,0.6,-8.0][0m
[ladrc_position_controller_node-5] [0m[INFO] [1785228484.319563763] [uav5.ladrc_position_controller]: UAV5 Ref[-6.0,-14.9,8.5] Pos[-6.03,-14.95,9.65] Cmd[0.3,-0.3,-8.0][0m
[ladrc_position_controller_node-6] [0m[INFO] [1785228484.340814976] [uav6.ladrc_position_controller]: UAV6 Ref[-4.3,-22.2,9.6] Pos[-4.29,-22.20,10.92] Cmd[0.2,0.2,-8.0][0m
[ladrc_position_controller_node-8] [0m[INFO] [1785228484.459696423] [uav8.ladrc_position_controller]: UAV8 Ref[4.2,-28.2,11.6] Pos[4.23,-28.14,13.25] Cmd[1.0,-0.7,-8.0][0m
[ladrc_position_controller_node-2] [0m[INFO] [1785228485.172671439] [uav2.ladrc_position_controller]: UAV2 Ref[4.3,-1.8,4.9] Pos[4.26,-1.80,5.65] Cmd[-0.2,0.3,-8.0][0m
[ladrc_position_controller_node-7] [0m[INFO] [1785228485.235504491] [uav7.ladrc_position_controller]: UAV7 Ref[0.0,-27.0,9.4] Pos[0.01,-26.97,11.12] Cmd[0.9,-0.2,-8.0][0m
[ladrc_position_controller_node-3] [0m[INFO] [1785228485.251283735] [uav3.ladrc_position_controller]: UAV3 Ref[0.0,-3.0,5.7] Pos[0.03,-2.97,6.68] Cmd[-0.3,0.1,-8.0][0m
[ladrc_position_controller_node-4] [0m[INFO] [1785228485.274239039] [uav4.ladrc_position_controller]: UAV4 Ref[-4.3,-7.8,6.6] Pos[-4.28,-7.76,7.77] Cmd[0.1,0.4,-8.0][0m
[ladrc_position_controller_node-1] [0m[INFO] [1785228485.280942394] [uav1.ladrc_position_controller]: UAV1 Ref[6.0,-3.0,3.9] Pos[6.03,-2.99,4.49] Cmd[-0.5,-0.2,-8.0][0m
[ladrc_position_controller_node-5] [0m[INFO] [1785228485.319583947] [uav5.ladrc_position_controller]: UAV5 Ref[-6.0,-15.0,7.4] Pos[-6.02,-14.95,8.78] Cmd[0.5,-0.4,-8.0][0m
[ladrc_position_controller_node-6] [0m[INFO] [1785228485.340815903] [uav6.ladrc_position_controller]: UAV6 Ref[-4.3,-22.2,8.3] Pos[-4.29,-22.20,9.82] Cmd[0.3,0.2,-8.0][0m
[ladrc_position_controller_node-8] [0m[INFO] [1785228485.479660921] [uav8.ladrc_position_controller]: UAV8 Ref[4.2,-28.2,9.8] Pos[4.22,-28.17,12.02] Cmd[1.2,-0.4,-8.0][0m
[ladrc_position_controller_node-2] [0m[INFO] [1785228486.192664179] [uav2.ladrc_position_controller]: UAV2 Ref[4.3,-1.8,4.4] Pos[4.27,-1.78,5.20] Cmd[-0.3,0.0,-8.0][0m
[ladrc_position_controller_node-7] [0m[INFO] [1785228486.235506510] [uav7.ladrc_position_controller]: UAV7 Ref[0.0,-27.0,7.7] Pos[0.01,-26.97,9.91] Cmd[1.1,-0.2,-8.0][0m
[ladrc_position_controller_node-3] [0m[INFO] [1785228486.271253803] [uav3.ladrc_position_controller]: UAV3 Ref[0.0,-3.0,5.0] Pos[0.04,-2.96,6.03] Cmd[-0.5,-0.0,-8.0][0m
[ladrc_position_controller_node-1] [0m[INFO] [1785228486.280944613] [uav1.ladrc_position_controller]: UAV1 Ref[6.0,-3.0,3.7] Pos[6.04,-2.99,4.28] Cmd[-0.7,-0.2,-8.0][0m
[ladrc_position_controller_node-4] [0m[INFO] [1785228486.294248180] [uav4.ladrc_position_controller]: UAV4 Ref[-4.3,-7.8,5.7] Pos[-4.26,-7.75,6.92] Cmd[-0.0,0.1,-8.0][0m
[ladrc_position_controller_node-5] [0m[INFO] [1785228486.339545118] [uav5.ladrc_position_controller]: UAV5 Ref[-6.0,-15.0,6.2] Pos[-6.01,-14.94,7.68] Cmd[0.5,-0.6,-8.0][0m
[ladrc_position_controller_node-6] [0m[INFO] [1785228486.360821948] [uav6.ladrc_position_controller]: UAV6 Ref[-4.3,-22.2,6.8] Pos[-4.28,-22.20,8.62] Cmd[0.2,-0.1,-8.0][0m
[ladrc_position_controller_node-8] [0m[INFO] [1785228486.479661096] [uav8.ladrc_position_controller]: UAV8 Ref[4.2,-28.2,7.9] Pos[4.22,-28.17,10.83] Cmd[1.4,-0.5,-8.0][0m
[ladrc_position_controller_node-2] [0m[INFO] [1785228487.212683520] [uav2.ladrc_position_controller]: UAV2 Ref[4.3,-1.8,4.0] Pos[4.29,-1.78,4.77] Cmd[-0.7,-0.1,-8.0][0m
[ladrc_position_controller_node-7] [0m[INFO] [1785228487.235525301] [uav7.ladrc_position_controller]: UAV7 Ref[0.0,-27.0,6.1] Pos[0.02,-26.96,8.75] Cmd[0.8,-0.6,-8.0][0m
[ladrc_position_controller_node-1] [0m[INFO] [1785228487.280959877] [uav1.ladrc_position_controller]: UAV1 Ref[6.0,-3.0,3.5] Pos[6.04,-3.00,4.07] Cmd[-0.8,-0.2,-8.0][0m
[ladrc_position_controller_node-3] [0m[INFO] [1785228487.291237867] [uav3.ladrc_position_controller]: UAV3 Ref[0.0,-3.0,4.3] Pos[0.06,-2.95,5.33] Cmd[-0.9,-0.3,-8.0][0m
[ladrc_position_controller_node-4] [0m[INFO] [1785228487.314225471] [uav4.ladrc_position_controller]: UAV4 Ref[-4.3,-7.8,4.8] Pos[-4.23,-7.74,6.00] Cmd[-0.3,-0.3,-8.0][0m
[ladrc_position_controller_node-5] [0m[INFO] [1785228487.339555282] [uav5.ladrc_position_controller]: UAV5 Ref[-6.0,-15.0,5.1] Pos[-5.99,-14.93,6.58] Cmd[0.2,-1.0,-8.0][0m
[ladrc_position_controller_node-6] [0m[INFO] [1785228487.380813436] [uav6.ladrc_position_controller]: UAV6 Ref[-4.3,-22.2,5.5] Pos[-4.27,-22.20,7.41] Cmd[0.2,-0.3,-8.0][0m
[ladrc_position_controller_node-8] [0m[INFO] [1785228487.479710744] [uav8.ladrc_position_controller]: UAV8 Ref[4.2,-28.2,6.2] Pos[4.21,-28.17,9.67] Cmd[1.6,-0.7,-8.0][0m
[ladrc_position_controller_node-2] [0m[INFO] [1785228488.232647577] [uav2.ladrc_position_controller]: UAV2 Ref[4.3,-1.8,3.6] Pos[4.29,-1.79,4.33] Cmd[-0.8,-0.1,-8.0][0m
[ladrc_position_controller_node-7] [0m[INFO] [1785228488.255552015] [uav7.ladrc_position_controller]: UAV7 Ref[0.0,-27.0,4.8] Pos[0.04,-26.96,7.57] Cmd[0.7,-0.9,-8.0][0m
[ladrc_position_controller_node-1] [0m[INFO] [1785228488.280961115] [uav1.ladrc_position_controller]: UAV1 Ref[6.0,-3.0,3.3] Pos[6.04,-3.00,3.86] Cmd[-1.0,-0.2,-8.0][0m
[ladrc_position_controller_node-3] [0m[INFO] [1785228488.311244914] [uav3.ladrc_position_controller]: UAV3 Ref[0.0,-3.0,3.7] Pos[0.04,-2.95,4.68] Cmd[-0.9,-0.5,-8.0][0m
[ladrc_position_controller_node-4] [0m[INFO] [1785228488.314245685] [uav4.ladrc_position_controller]: UAV4 Ref[-4.3,-7.8,4.0] Pos[-4.23,-7.74,5.16] Cmd[-0.4,-0.6,-8.0][0m
[ladrc_position_controller_node-5] [0m[INFO] [1785228488.339571047] [uav5.ladrc_position_controller]: UAV5 Ref[-6.0,-15.0,4.2] Pos[-5.95,-14.93,5.51] Cmd[-0.3,-1.3,-8.0][0m
[ladrc_position_controller_node-6] [0m[INFO] [1785228488.380835643] [uav6.ladrc_position_controller]: UAV6 Ref[-4.3,-22.2,4.3] Pos[-4.26,-22.20,6.28] Cmd[-0.1,-0.6,-8.0][0m
[ladrc_position_controller_node-8] [0m[INFO] [1785228488.479732871] [uav8.ladrc_position_controller]: UAV8 Ref[4.2,-28.2,4.7] Pos[4.22,-28.16,8.50] Cmd[1.6,-1.0,-8.0][0m
[ladrc_position_controller_node-2] [0m[INFO] [1785228489.232725468] [uav2.ladrc_position_controller]: UAV2 Ref[4.3,-1.8,3.3] Pos[4.28,-1.80,3.98] Cmd[-1.0,-0.1,-8.0][0m
[ladrc_position_controller_node-7] [0m[INFO] [1785228489.275495383] [uav7.ladrc_position_controller]: UAV7 Ref[0.0,-27.0,3.8] Pos[0.06,-26.95,6.40] Cmd[0.3,-1.5,-8.0][0m
[ladrc_position_controller_node-1] [0m[INFO] [1785228489.300960548] [uav1.ladrc_position_controller]: UAV1 Ref[6.0,-3.0,3.1] Pos[6.05,-3.00,3.68] Cmd[-1.2,-0.3,-8.0][0m
[ladrc_position_controller_node-3] [0m[INFO] [1785228489.331219160] [uav3.ladrc_position_controller]: UAV3 Ref[0.0,-3.0,3.3] Pos[0.03,-2.95,4.11] Cmd[-0.9,-0.7,-8.0][0m
[ladrc_position_controller_node-4] [0m[INFO] [1785228489.334216384] [uav4.ladrc_position_controller]: UAV4 Ref[-4.2,-7.8,3.4] Pos[-4.24,-7.75,4.42] Cmd[-0.5,-0.7,-8.0][0m
[ladrc_position_controller_node-5] [0m[INFO] [1785228489.339589076] [uav5.ladrc_position_controller]: UAV5 Ref[-6.0,-15.0,3.5] Pos[-5.94,-14.95,4.64] Cmd[-0.9,-1.4,-8.0][0m
[ladrc_position_controller_node-6] [0m[INFO] [1785228489.400835367] [uav6.ladrc_position_controller]: UAV6 Ref[-4.3,-22.2,3.5] Pos[-4.25,-22.22,5.09] Cmd[-0.3,-0.7,-8.0][0m
[ladrc_position_controller_node-8] [0m[INFO] [1785228489.499692710] [uav8.ladrc_position_controller]: UAV8 Ref[4.2,-28.2,3.7] Pos[4.24,-28.16,7.34] Cmd[1.2,-1.5,-8.0][0m
[ladrc_position_controller_node-2] [0m[INFO] [1785228490.252667293] [uav2.ladrc_position_controller]: UAV2 Ref[4.3,-1.8,3.1] Pos[4.27,-1.80,3.70] Cmd[-1.1,-0.1,-8.0][0m
[ladrc_position_controller_node-7] [0m[INFO] [1785228490.275495779] [uav7.ladrc_position_controller]: UAV7 Ref[0.0,-27.0,3.2] Pos[0.04,-26.95,5.28] Cmd[0.4,-1.8,-8.0][0m
[ladrc_position_controller_node-1] [0m[INFO] [1785228490.320935094] [uav1.ladrc_position_controller]: UAV1 Ref[6.0,-3.0,3.1] Pos[6.06,-3.00,3.52] Cmd[-1.5,-0.3,-8.0][0m
[ladrc_position_controller_node-3] [0m[INFO] [1785228490.331224255] [uav3.ladrc_position_controller]: UAV3 Ref[0.0,-3.0,3.0] Pos[0.04,-2.97,3.74] Cmd[-1.2,-0.6,-8.0][0m
[ladrc_position_controller_node-4] [0m[INFO] [1785228490.334239472] [uav4.ladrc_position_controller]: UAV4 Ref[-4.2,-7.8,3.1] Pos[-4.23,-7.77,3.93] Cmd[-0.8,-0.7,-8.0][0m
[ladrc_position_controller_node-5] [0m[INFO] [1785228490.359590213] [uav5.ladrc_position_controller]: UAV5 Ref[-6.0,-15.0,3.1] Pos[-5.96,-14.96,3.97] Cmd[-0.8,-1.5,-8.0][0m
[ladrc_position_controller_node-6] [0m[INFO] [1785228490.420862482] [uav6.ladrc_position_controller]: UAV6 Ref[-4.3,-22.2,3.1] Pos[-4.25,-22.23,4.14] Cmd[-0.5,-0.7,-8.0][0m
[ladrc_position_controller_node-8] [0m[INFO] [1785228490.499869016] [uav8.ladrc_position_controller]: UAV8 Ref[4.2,-28.2,3.2] Pos[4.24,-28.16,6.21] Cmd[1.1,-1.9,-8.0][0m
[ladrc_position_controller_node-2] [0m[INFO] [1785228491.252708535] [uav2.ladrc_position_controller]: UAV2 Ref[4.3,-1.8,3.1] Pos[4.30,-1.81,3.53] Cmd[-1.7,0.0,-8.0][0m
[ladrc_position_controller_node-7] [0m[INFO] [1785228491.295565914] [uav7.ladrc_position_controller]: UAV7 Ref[0.0,-27.0,3.0] Pos[0.04,-26.96,4.17] Cmd[0.3,-2.2,-8.0][0m
[ladrc_position_controller_node-1] [0m[INFO] [1785228491.320937604] [uav1.ladrc_position_controller]: UAV1 Ref[6.0,-3.0,3.0] Pos[6.10,-3.02,3.47] Cmd[-2.6,-0.1,-8.0][0m
[ladrc_position_controller_node-3] [0m[INFO] [1785228491.331245921] [uav3.ladrc_position_controller]: UAV3 Ref[0.0,-3.0,3.0] Pos[0.06,-2.97,3.48] Cmd[-1.6,-0.6,-8.0][0m
[ladrc_position_controller_node-4] [0m[INFO] [1785228491.334245970] [uav4.ladrc_position_controller]: UAV4 Ref[-4.2,-7.8,3.0] Pos[-4.23,-7.77,3.62] Cmd[-0.9,-0.7,-8.0][0m
[ladrc_position_controller_node-5] [0m[INFO] [1785228491.379593493] [uav5.ladrc_position_controller]: UAV5 Ref[-6.0,-15.0,3.0] Pos[-5.97,-14.98,3.63] Cmd[-1.0,-1.2,-8.0][0m
[ladrc_position_controller_node-6] [0m[INFO] [1785228491.440855402] [uav6.ladrc_position_controller]: UAV6 Ref[-4.3,-22.2,3.0] Pos[-4.25,-22.23,3.64] Cmd[-0.7,-0.7,-8.0][0m
[ladrc_position_controller_node-8] [0m[INFO] [1785228491.519701706] [uav8.ladrc_position_controller]: UAV8 Ref[4.2,-28.2,3.0] Pos[4.23,-28.17,5.06] Cmd[1.1,-2.2,-8.0][0m
[ladrc_position_controller_node-2] [0m[INFO] [1785228492.272660439] [uav2.ladrc_position_controller]: UAV2 Ref[4.3,-1.8,3.0] Pos[4.32,-1.83,3.47] Cmd[-2.3,0.5,-8.0][0m
[ladrc_position_controller_node-7] [0m[INFO] [1785228492.315486820] [uav7.ladrc_position_controller]: UAV7 Ref[0.0,-27.0,3.0] Pos[0.04,-26.98,3.67] Cmd[0.1,-2.1,-8.0][0m
[ladrc_position_controller_node-1] [0m[INFO] [1785228492.340936266] [uav1.ladrc_position_controller]: UAV1 Ref[6.0,-3.0,3.0] Pos[6.11,-3.02,3.41] Cmd[-3.0,-0.1,-8.0][0m
[ladrc_position_controller_node-3] [0m[INFO] [1785228492.351230957] [uav3.ladrc_position_controller]: UAV3 Ref[0.0,-3.0,3.0] Pos[0.08,-2.99,3.40] Cmd[-2.4,-0.2,-8.0][0m
[ladrc_position_controller_node-4] [0m[INFO] [1785228492.354261002] [uav4.ladrc_position_controller]: UAV4 Ref[-4.2,-7.8,3.0] Pos[-4.19,-7.78,3.50] Cmd[-1.8,-0.6,-8.0][0m
[ladrc_position_controller_node-5] [0m[INFO] [1785228492.399499661] [uav5.ladrc_position_controller]: UAV5 Ref[-6.0,-15.0,3.0] Pos[-5.96,-14.98,3.45] Cmd[-1.3,-1.1,-8.0][0m
[ladrc_position_controller_node-6] [0m[INFO] [1785228492.460831562] [uav6.ladrc_position_controller]: UAV6 Ref[-4.3,-22.2,3.0] Pos[-4.24,-22.24,3.47] Cmd[-1.1,-0.6,-8.0][0m
[ladrc_position_controller_node-8] [0m[INFO] [1785228492.519880607] [uav8.ladrc_position_controller]: UAV8 Ref[4.2,-28.2,3.0] Pos[4.24,-28.18,4.03] Cmd[0.8,-2.3,-8.0][0m
[ladrc_position_controller_node-2] [0m[INFO] [1785228493.272683728] [uav2.ladrc_position_controller]: UAV2 Ref[4.3,-1.8,3.0] Pos[4.33,-1.82,3.43] Cmd[-2.9,0.5,-8.0][0m
[ladrc_position_controller_node-7] [0m[INFO] [1785228493.315506523] [uav7.ladrc_position_controller]: UAV7 Ref[0.0,-27.0,3.0] Pos[0.05,-26.99,3.52] Cmd[-0.2,-2.1,-8.0][0m
[ladrc_position_controller_node-1] [0m[INFO] [1785228493.340938745] [uav1.ladrc_position_controller]: UAV1 Ref[6.0,-3.0,3.0] Pos[6.10,-3.00,3.41] Cmd[-3.5,-0.3,-8.0][0m
[ladrc_position_controller_node-3] [0m[INFO] [1785228493.351278682] [uav3.ladrc_position_controller]: UAV3 Ref[0.0,-3.0,3.0] Pos[0.09,-3.00,3.35] Cmd[-2.8,-0.1,-8.0][0m
[ladrc_position_controller_node-4] [0m[INFO] [1785228493.374226621] [uav4.ladrc_position_controller]: UAV4 Ref[-4.2,-7.8,3.0] Pos[-4.19,-7.80,3.44] Cmd[-2.3,-0.2,-8.0][0m
[ladrc_position_controller_node-5] [0m[INFO] [1785228493.419558375] [uav5.ladrc_position_controller]: UAV5 Ref[-6.0,-15.0,3.0] Pos[-5.95,-14.99,3.42] Cmd[-1.9,-0.8,-8.0][0m
[ladrc_position_controller_node-6] [0m[INFO] [1785228493.480819744] [uav6.ladrc_position_controller]: UAV6 Ref[-4.3,-22.2,3.0] Pos[-4.23,-22.24,3.40] Cmd[-1.7,-0.5,-8.0][0m
[ladrc_position_controller_node-8] [0m[INFO] [1785228493.539691627] [uav8.ladrc_position_controller]: UAV8 Ref[4.2,-28.2,3.0] Pos[4.25,-28.19,3.63] Cmd[0.4,-2.3,-8.0][0m
[ladrc_position_controller_node-2] [0m[INFO] [1785228494.292725060] [uav2.ladrc_position_controller]: UAV2 Ref[4.3,-1.8,3.0] Pos[4.31,-1.79,3.42] Cmd[-3.1,0.1,-8.0][0m
[ladrc_position_controller_node-7] [0m[INFO] [1785228494.315525093] [uav7.ladrc_position_controller]: UAV7 Ref[0.0,-27.0,3.0] Pos[0.07,-27.00,3.47] Cmd[-1.0,-1.7,-8.0][0m
[ladrc_position_controller_node-1] [0m[INFO] [1785228494.360931356] [uav1.ladrc_position_controller]: UAV1 Ref[6.0,-3.0,3.0] Pos[6.06,-2.96,3.37] Cmd[-3.5,-0.8,-8.0][0m
[ladrc_position_controller_node-3] [0m[INFO] [1785228494.371228451] [uav3.ladrc_position_controller]: UAV3 Ref[0.0,-3.0,3.0] Pos[0.07,-2.99,3.34] Cmd[-3.1,-0.1,-8.0][0m
[ladrc_position_controller_node-4] [0m[INFO] [1785228494.394211447] [uav4.ladrc_position_controller]: UAV4 Ref[-4.2,-7.8,3.0] Pos[-4.19,-7.79,3.44] Cmd[-2.7,-0.2,-8.0][0m
[ladrc_position_controller_node-5] [0m[INFO] [1785228494.439561605] [uav5.ladrc_position_controller]: UAV5 Ref[-6.0,-15.0,3.0] Pos[-5.93,-14.98,3.38] Cmd[-2.6,-0.8,-8.0][0m
[ladrc_position_controller_node-6] [0m[INFO] [1785228494.500822132] [uav6.ladrc_position_controller]: UAV6 Ref[-4.3,-22.2,3.0] Pos[-4.21,-22.24,3.37] Cmd[-2.3,-0.4,-8.0][0m
[ladrc_position_controller_node-8] [0m[INFO] [1785228494.539725115] [uav8.ladrc_position_controller]: UAV8 Ref[4.2,-28.2,3.0] Pos[4.28,-28.19,3.52] Cmd[-0.5,-2.3,-8.0][0m
[ladrc_position_controller_node-2] [0m[INFO] [1785228495.312677164] [uav2.ladrc_position_controller]: UAV2 Ref[4.3,-1.8,3.0] Pos[4.27,-1.76,3.39] Cmd[-3.0,-0.3,-8.0][0m
[ladrc_position_controller_node-7] [0m[INFO] [1785228495.335531740] [uav7.ladrc_position_controller]: UAV7 Ref[0.0,-27.0,3.0] Pos[0.09,-27.01,3.43] Cmd[-1.6,-1.5,-8.0][0m
[ladrc_position_controller_node-3] [0m[INFO] [1785228495.371242383] [uav3.ladrc_position_controller]: UAV3 Ref[0.0,-3.0,3.0] Pos[0.04,-2.96,3.30] Cmd[-3.1,-0.3,-8.0][0m
[ladrc_position_controller_node-1] [0m[INFO] [1785228495.380918256] [uav1.ladrc_position_controller]: UAV1 Ref[6.0,-3.0,3.0] Pos[6.00,-2.96,3.38] Cmd[-2.9,-1.1,-8.0][0m
[ladrc_position_controller_node-4] [0m[INFO] [1785228495.414238663] [uav4.ladrc_position_controller]: UAV4 Ref[-4.2,-7.8,3.0] Pos[-4.22,-7.76,3.39] Cmd[-2.8,-0.4,-8.0][0m
[ladrc_position_controller_node-5] [0m[INFO] [1785228495.459514682] [uav5.ladrc_position_controller]: UAV5 Ref[-6.0,-15.0,3.0] Pos[-5.93,-14.95,3.37] Cmd[-3.2,-1.2,-8.0][0m
[ladrc_position_controller_node-6] [0m[INFO] [1785228495.520849348] [uav6.ladrc_position_controller]: UAV6 Ref[-4.3,-22.2,3.0] Pos[-4.22,-22.22,3.34] Cmd[-3.0,-0.8,-8.0][0m
[ladrc_position_controller_node-8] [0m[INFO] [1785228495.559717215] [uav8.ladrc_position_controller]: UAV8 Ref[4.2,-28.2,3.0] Pos[4.29,-28.20,3.47] Cmd[-1.2,-2.1,-8.0][0m
[ladrc_position_controller_node-2] [0m[INFO] [1785228496.332665537] [uav2.ladrc_position_controller]: UAV2 Ref[4.3,-1.8,3.0] Pos[4.22,-1.77,3.39] Cmd[-2.2,-0.4,-8.0][0m
[ladrc_position_controller_node-7] [0m[INFO] [1785228496.355534189] [uav7.ladrc_position_controller]: UAV7 Ref[0.0,-27.0,3.0] Pos[0.08,-26.99,3.41] Cmd[-2.1,-1.7,-8.0][0m
[ladrc_position_controller_node-3] [0m[INFO] [1785228496.371248480] [uav3.ladrc_position_controller]: UAV3 Ref[0.0,-3.0,3.0] Pos[-0.01,-2.94,3.32] Cmd[-2.4,-0.7,-8.0][0m
[ladrc_position_controller_node-1] [0m[INFO] [1785228496.380929683] [uav1.ladrc_position_controller]: UAV1 Ref[6.0,-3.0,3.0] Pos[5.96,-2.98,3.35] Cmd[-2.4,-1.3,-8.0][0m
[ladrc_position_controller_node-4] [0m[INFO] [1785228496.434208711] [uav4.ladrc_position_controller]: UAV4 Ref[-4.2,-7.8,3.0] Pos[-4.25,-7.75,3.40] Cmd[-2.4,-0.8,-8.0][0m
[ladrc_position_controller_node-5] [0m[INFO] [1785228496.459521750] [uav5.ladrc_position_controller]: UAV5 Ref[-6.0,-15.0,3.0] Pos[-5.97,-14.93,3.35] Cmd[-3.1,-1.6,-8.0][0m
[ladrc_position_controller_node-6] [0m[INFO] [1785228496.540803736] [uav6.ladrc_position_controller]: UAV6 Ref[-4.3,-22.2,3.0] Pos[-4.23,-22.20,3.31] Cmd[-3.1,-1.3,-8.0][0m
[ladrc_position_controller_node-8] [0m[INFO] [1785228496.559729994] [uav8.ladrc_position_controller]: UAV8 Ref[4.2,-28.2,3.0] Pos[4.28,-28.19,3.45] Cmd[-1.9,-2.3,-8.0][0m
[ladrc_position_controller_node-2] [0m[INFO] [1785228497.352727527] [uav2.ladrc_position_controller]: UAV2 Ref[4.3,-1.8,3.0] Pos[4.19,-1.78,3.36] Cmd[-1.6,-0.5,-8.0][0m
[ladrc_position_controller_node-7] [0m[INFO] [1785228497.375489338] [uav7.ladrc_position_controller]: UAV7 Ref[0.0,-27.0,3.0] Pos[0.05,-26.96,3.38] Cmd[-2.2,-2.1,-8.0][0m
[ladrc_position_controller_node-1] [0m[INFO] [1785228497.380940468] [uav1.ladrc_position_controller]: UAV1 Ref[6.0,-3.0,3.0] Pos[5.93,-2.98,3.37] Cmd[-1.4,-1.4,-8.0][0m
[ladrc_position_controller_node-3] [0m[INFO] [1785228497.391231052] [uav3.ladrc_position_controller]: UAV3 Ref[0.0,-3.0,3.0] Pos[-0.03,-2.95,3.28] Cmd[-1.9,-0.8,-8.0][0m
[ladrc_position_controller_node-4] [0m[INFO] [1785228497.434232711] [uav4.ladrc_position_controller]: UAV4 Ref[-4.2,-7.8,3.0] Pos[-4.29,-7.75,3.38] Cmd[-1.8,-0.9,-8.0][0m
[ladrc_position_controller_node-5] [0m[INFO] [1785228497.479546942] [uav5.ladrc_position_controller]: UAV5 Ref[-6.0,-15.0,3.0] Pos[-6.02,-14.94,3.34] Cmd[-2.3,-1.8,-8.0][0m
[ladrc_position_controller_node-6] [0m[INFO] [1785228497.540809923] [uav6.ladrc_position_controller]: UAV6 Ref[-4.3,-22.2,3.0] Pos[-4.27,-22.18,3.31] Cmd[-2.6,-2.1,-8.0][0m
[ladrc_position_controller_node-8] [0m[INFO] [1785228497.579712946] [uav8.ladrc_position_controller]: UAV8 Ref[4.2,-28.2,3.0] Pos[4.25,-28.17,3.40] Cmd[-2.0,-2.7,-8.0][0m
[ladrc_position_controller_node-2] [0m[INFO] [1785228498.372653873] [uav2.ladrc_position_controller]: UAV2 Ref[4.3,-1.8,3.0] Pos[4.17,-1.78,3.38] Cmd[-0.6,-0.7,-8.0][0m
[ladrc_position_controller_node-7] [0m[INFO] [1785228498.395475507] [uav7.ladrc_position_controller]: UAV7 Ref[0.0,-27.0,3.0] Pos[0.00,-26.95,3.38] Cmd[-1.4,-2.7,-8.0][0m
[ladrc_position_controller_node-1] [0m[INFO] [1785228498.400935092] [uav1.ladrc_position_controller]: UAV1 Ref[6.0,-3.0,3.0] Pos[5.94,-2.99,3.35] Cmd[-1.0,-1.4,-8.0][0m
[ladrc_position_controller_node-3] [0m[INFO] [1785228498.411219093] [uav3.ladrc_position_controller]: UAV3 Ref[0.0,-3.0,3.0] Pos[-0.05,-2.95,3.30] Cmd[-0.8,-1.1,-8.0][0m
[ladrc_position_controller_node-4] [0m[INFO] [1785228498.454232355] [uav4.ladrc_position_controller]: UAV4 Ref[-4.2,-7.8,3.0] Pos[-4.31,-7.74,3.38] Cmd[-1.0,-1.3,-8.0][0m
[ladrc_position_controller_node-5] [0m[INFO] [1785228498.499530395] [uav5.ladrc_position_controller]: UAV5 Ref[-6.0,-15.0,3.0] Pos[-6.07,-14.94,3.34] Cmd[-1.0,-2.1,-8.0][0m
[ladrc_position_controller_node-6] [0m[INFO] [1785228498.560806581] [uav6.ladrc_position_controller]: UAV6 Ref[-4.3,-22.2,3.0] Pos[-4.33,-22.18,3.28] Cmd[-1.7,-2.5,-8.0][0m
[ladrc_position_controller_node-8] [0m[INFO] [1785228498.579758006] [uav8.ladrc_position_controller]: UAV8 Ref[4.2,-28.2,3.0] Pos[4.22,-28.15,3.41] Cmd[-1.7,-3.4,-8.0][0m
[ladrc_position_controller_node-2] [0m[INFO] [1785228499.372677914] [uav2.ladrc_position_controller]: UAV2 Ref[4.3,-1.8,3.0] Pos[4.18,-1.79,3.35] Cmd[-0.2,-0.7,-8.0][0m
[ladrc_position_controller_node-7] [0m[INFO] [1785228499.395536286] [uav7.ladrc_position_controller]: UAV7 Ref[0.0,-27.0,3.0] Pos[-0.02,-26.96,3.35] Cmd[-0.8,-2.8,-8.0][0m
[ladrc_position_controller_node-3] [0m[INFO] [1785228499.411221564] [uav3.ladrc_position_controller]: UAV3 Ref[0.0,-3.0,3.0] Pos[-0.05,-2.96,3.28] Cmd[-0.4,-1.2,-8.0][0m
[ladrc_position_controller_node-1] [0m[INFO] [1785228499.420953992] [uav1.ladrc_position_controller]: UAV1 Ref[6.0,-3.0,3.0] Pos[5.94,-3.01,3.35] Cmd[0.0,-1.3,-8.0][0m
[ladrc_position_controller_node-4] [0m[INFO] [1785228499.454246557] [uav4.ladrc_position_controller]: UAV4 Ref[-4.2,-7.8,3.0] Pos[-4.33,-7.75,3.37] Cmd[-0.1,-1.4,-8.0][0m
[ladrc_position_controller_node-5] [0m[INFO] [1785228499.499587658] [uav5.ladrc_position_controller]: UAV5 Ref[-6.0,-15.0,3.0] Pos[-6.08,-14.95,3.33] Cmd[-0.2,-2.3,-8.0][0m
[ladrc_position_controller_node-6] [0m[INFO] [1785228499.580812817] [uav6.ladrc_position_controller]: UAV6 Ref[-4.3,-22.2,3.0] Pos[-4.36,-22.21,3.30] Cmd[-0.5,-2.6,-8.0][0m
[ladrc_position_controller_node-8] [0m[INFO] [1785228499.599751268] [uav8.ladrc_position_controller]: UAV8 Ref[4.2,-28.2,3.0] Pos[4.18,-28.16,3.37] Cmd[-1.1,-3.5,-8.0][0m
[ladrc_position_controller_node-2] [0m[INFO] [1785228500.372690874] [uav2.ladrc_position_controller]: UAV2 Ref[4.3,-1.8,3.0] Pos[4.18,-1.80,3.37] Cmd[0.8,-0.6,-8.0][0m
[ladrc_position_controller_node-7] [0m[INFO] [1785228500.415516394] [uav7.ladrc_position_controller]: UAV7 Ref[0.0,-27.0,3.0] Pos[-0.05,-26.96,3.36] Cmd[0.5,-3.2,-8.0][0m
[ladrc_position_controller_node-3] [0m[INFO] [1785228500.431253929] [uav3.ladrc_position_controller]: UAV3 Ref[0.0,-3.0,3.0] Pos[-0.06,-2.98,3.28] Cmd[0.7,-0.9,-8.0][0m
[ladrc_position_controller_node-1] [0m[INFO] [1785228500.440941033] [uav1.ladrc_position_controller]: UAV1 Ref[6.0,-3.0,3.0] Pos[5.93,-3.02,3.34] Cmd[0.9,-1.2,-8.0][0m
[ladrc_position_controller_node-4] [0m[INFO] [1785228500.454250390] [uav4.ladrc_position_controller]: UAV4 Ref[-4.2,-7.8,3.0] Pos[-4.34,-7.78,3.37] Cmd[0.9,-1.2,-8.0][0m
[ladrc_position_controller_node-5] [0m[INFO] [1785228500.519515708] [uav5.ladrc_position_controller]: UAV5 Ref[-6.0,-15.0,3.0] Pos[-6.08,-14.96,3.33] Cmd[0.9,-2.3,-8.0][0m
[ladrc_position_controller_node-6] [0m[INFO] [1785228500.600803204] [uav6.ladrc_position_controller]: UAV6 Ref[-4.3,-22.2,3.0] Pos[-4.35,-22.23,3.27] Cmd[0.2,-2.6,-8.0][0m
[ladrc_position_controller_node-8] [0m[INFO] [1785228500.619699566] [uav8.ladrc_position_controller]: UAV8 Ref[4.2,-28.2,3.0] Pos[4.16,-28.15,3.39] Cmd[0.0,-4.2,-8.0][0m
[ladrc_position_controller_node-2] [0m[INFO] [1785228501.372695248] [uav2.ladrc_position_controller]: UAV2 Ref[4.3,-1.8,3.0] Pos[4.17,-1.80,3.34] Cmd[1.4,-0.7,-8.0][0m
[ladrc_position_controller_node-7] [0m[INFO] [1785228501.435485109] [uav7.ladrc_position_controller]: UAV7 Ref[0.0,-27.0,3.0] Pos[-0.04,-26.97,3.35] Cmd[1.1,-3.3,-8.0][0m
[ladrc_position_controller_node-3] [0m[INFO] [1785228501.451267459] [uav3.ladrc_position_controller]: UAV3 Ref[0.0,-3.0,3.0] Pos[-0.07,-2.99,3.27] Cmd[1.6,-0.7,-8.0][0m
[ladrc_position_controller_node-1] [0m[INFO] [1785228501.460948140] [uav1.ladrc_position_controller]: UAV1 Ref[6.0,-3.0,3.0] Pos[5.93,-3.00,3.33] Cmd[1.6,-1.5,-8.0][0m
[ladrc_position_controller_node-4] [0m[INFO] [1785228501.474230958] [uav4.ladrc_position_controller]: UAV4 Ref[-4.2,-7.8,3.0] Pos[-4.34,-7.79,3.36] Cmd[1.9,-1.1,-8.0][0m
[ladrc_position_controller_node-5] [0m[INFO] [1785228501.519527866] [uav5.ladrc_position_controller]: UAV5 Ref[-6.0,-15.0,3.0] Pos[-6.07,-14.96,3.30] Cmd[1.7,-2.4,-8.0][0m
[ladrc_position_controller_node-6] [0m[INFO] [1785228501.600885163] [uav6.ladrc_position_controller]: UAV6 Ref[-4.3,-22.2,3.0] Pos[-4.36,-22.23,3.28] Cmd[1.6,-2.6,-8.0][0m
[ladrc_position_controller_node-8] [0m[INFO] [1785228501.639652121] [uav8.ladrc_position_controller]: UAV8 Ref[4.2,-28.2,3.0] Pos[4.14,-28.17,3.36] Cmd[0.9,-4.3,-8.0][0m
[ladrc_position_controller_node-1] [0m[INFO] [1785228501.869322028] [uav1.ladrc_position_controller]: UAV1 swarm_cmd 回调触发 (目标=[6.1,-0.0,2.7])[0m
[ladrc_position_controller_node-1] [0m[INFO] [1785228501.869427215] [uav1.ladrc_position_controller]: 控制适应日志已写入: /home/yihuang/learning/LLM_swarm_ws/src/LLM-UAVswarm-performance/logs/control_adaptation_log.csv (mission=900012, uav=1)[0m
[ladrc_position_controller_node-1] [0m[INFO] [1785228501.869462291] [uav1.ladrc_position_controller]: 收到新任务指令 (UAV1)，目标/参数已变更，覆盖旧任务[0m
[ladrc_position_controller_node-1] [0m[INFO] [1785228501.869473091] [uav1.ladrc_position_controller]: 轨迹指标: path=0.62m vmax=0.15m/s amax=0.06m/s^2 jmax=0.07m/s^3 ISJ=0.01[0m
[ladrc_position_controller_node-1] [0m[INFO] [1785228501.869487378] [uav1.ladrc_position_controller]: 任务条件化带宽: mission=910012 style=normal distance=0.62m duration=8.00s avg_v=0.08m/s kappa=0.761[0m
[ladrc_position_controller_node-1] [0m[INFO] [1785228501.869495102] [uav1.ladrc_position_controller]: >>> Mission910012 UAV1 全局[6.1,-0.0,2.7]→本地[6.1,-3.0,2.7] T=8.0s normal[0m
[ladrc_position_controller_node-2] [0m[INFO] [1785228501.869372873] [uav2.ladrc_position_controller]: UAV2 swarm_cmd 回调触发 (目标=[4.4,4.2,2.8])[0m
[ladrc_position_controller_node-2] [0m[INFO] [1785228501.869447513] [uav2.ladrc_position_controller]: 控制适应日志已写入: /home/yihuang/learning/LLM_swarm_ws/src/LLM-UAVswarm-performance/logs/control_adaptation_log.csv (mission=900012, uav=2)[0m
[ladrc_position_controller_node-2] [0m[INFO] [1785228501.869470296] [uav2.ladrc_position_controller]: 收到新任务指令 (UAV2)，目标/参数已变更，覆盖旧任务[0m
[ladrc_position_controller_node-2] [0m[INFO] [1785228501.869478752] [uav2.ladrc_position_controller]: 轨迹指标: path=0.62m vmax=0.15m/s amax=0.06m/s^2 jmax=0.07m/s^3 ISJ=0.01[0m
[ladrc_position_controller_node-2] [0m[INFO] [1785228501.869491706] [uav2.ladrc_position_controller]: 任务条件化带宽: mission=910012 style=normal distance=0.62m duration=8.00s avg_v=0.08m/s kappa=0.761[0m
[ladrc_position_controller_node-2] [0m[INFO] [1785228501.869499631] [uav2.ladrc_position_controller]: >>> Mission910012 UAV2 全局[4.4,4.2,2.8]→本地[4.4,-1.8,2.8] T=8.0s normal[0m
[ladrc_position_controller_node-3] [0m[INFO] [1785228501.869405575] [uav3.ladrc_position_controller]: UAV3 swarm_cmd 回调触发 (目标=[0.1,6.0,2.7])[0m
[ladrc_position_controller_node-3] [0m[INFO] [1785228501.869495533] [uav3.ladrc_position_controller]: 控制适应日志已写入: /home/yihuang/learning/LLM_swarm_ws/src/LLM-UAVswarm-performance/logs/control_adaptation_log.csv (mission=900012, uav=3)[0m
[ladrc_position_controller_node-3] [0m[INFO] [1785228501.869519568] [uav3.ladrc_position_controller]: 收到新任务指令 (UAV3)，目标/参数已变更，覆盖旧任务[0m
[ladrc_position_controller_node-3] [0m[INFO] [1785228501.869529677] [uav3.ladrc_position_controller]: 轨迹指标: path=0.64m vmax=0.15m/s amax=0.06m/s^2 jmax=0.08m/s^3 ISJ=0.01[0m
[ladrc_position_controller_node-3] [0m[INFO] [1785228501.869545447] [uav3.ladrc_position_controller]: 任务条件化带宽: mission=910012 style=normal distance=0.64m duration=8.00s avg_v=0.08m/s kappa=0.761[0m
[ladrc_position_controller_node-3] [0m[INFO] [1785228501.869557098] [uav3.ladrc_position_controller]: >>> Mission910012 UAV3 全局[0.1,6.0,2.7]→本地[0.1,-3.0,2.7] T=8.0s normal[0m
[ladrc_position_controller_node-4] [0m[INFO] [1785228501.869441191] [uav4.ladrc_position_controller]: UAV4 swarm_cmd 回调触发 (目标=[-4.1,4.2,2.7])[0m
[ladrc_position_controller_node-4] [0m[INFO] [1785228501.869512605] [uav4.ladrc_position_controller]: 控制适应日志已写入: /home/yihuang/learning/LLM_swarm_ws/src/LLM-UAVswarm-performance/logs/control_adaptation_log.csv (mission=900012, uav=4)[0m
[ladrc_position_controller_node-4] [0m[INFO] [1785228501.869533925] [uav4.ladrc_position_controller]: 收到新任务指令 (UAV4)，目标/参数已变更，覆盖旧任务[0m
[ladrc_position_controller_node-4] [0m[INFO] [1785228501.869542541] [uav4.ladrc_position_controller]: 轨迹指标: path=0.65m vmax=0.15m/s amax=0.06m/s^2 jmax=0.08m/s^3 ISJ=0.01[0m
[ladrc_position_controller_node-4] [0m[INFO] [1785228501.869556698] [uav4.ladrc_position_controller]: 任务条件化带宽: mission=910012 style=normal distance=0.65m duration=8.00s avg_v=0.08m/s kappa=0.761[0m
[ladrc_position_controller_node-4] [0m[INFO] [1785228501.869567157] [uav4.ladrc_position_controller]: >>> Mission910012 UAV4 全局[-4.1,4.2,2.7]→本地[-4.1,-7.8,2.7] T=8.0s normal[0m
[ladrc_position_controller_node-6] [0m[INFO] [1785228501.869528324] [uav6.ladrc_position_controller]: UAV6 swarm_cmd 回调触发 (目标=[-4.2,-4.2,2.7])[0m
[ladrc_position_controller_node-6] [0m[INFO] [1785228501.869633441] [uav6.ladrc_position_controller]: 控制适应日志已写入: /home/yihuang/learning/LLM_swarm_ws/src/LLM-UAVswarm-performance/logs/control_adaptation_log.csv (mission=900012, uav=6)[0m
[ladrc_position_controller_node-6] [0m[INFO] [1785228501.869681852] [uav6.ladrc_position_controller]: 收到新任务指令 (UAV6)，目标/参数已变更，覆盖旧任务[0m
[ladrc_position_controller_node-6] [0m[INFO] [1785228501.869696429] [uav6.ladrc_position_controller]: 轨迹指标: path=0.63m vmax=0.15m/s amax=0.06m/s^2 jmax=0.07m/s^3 ISJ=0.01[0m
[ladrc_position_controller_node-6] [0m[INFO] [1785228501.869711397] [uav6.ladrc_position_controller]: 任务条件化带宽: mission=910012 style=normal distance=0.63m duration=8.00s avg_v=0.08m/s kappa=0.761[0m
[ladrc_position_controller_node-6] [0m[INFO] [1785228501.869719222] [uav6.ladrc_position_controller]: >>> Mission910012 UAV6 全局[-4.2,-4.2,2.7]→本地[-4.2,-22.2,2.7] T=8.0s normal[0m
[ladrc_position_controller_node-7] [0m[INFO] [1785228501.869569692] [uav7.ladrc_position_controller]: UAV7 swarm_cmd 回调触发 (目标=[0.1,-6.0,2.7])[0m
[ladrc_position_controller_node-7] [0m[INFO] [1785228501.869640525] [uav7.ladrc_position_controller]: 控制适应日志已写入: /home/yihuang/learning/LLM_swarm_ws/src/LLM-UAVswarm-performance/logs/control_adaptation_log.csv (mission=900012, uav=7)[0m
[ladrc_position_controller_node-7] [0m[INFO] [1785228501.869660221] [uav7.ladrc_position_controller]: 收到新任务指令 (UAV7)，目标/参数已变更，覆盖旧任务[0m
[ladrc_position_controller_node-7] [0m[INFO] [1785228501.869668707] [uav7.ladrc_position_controller]: 轨迹指标: path=0.66m vmax=0.15m/s amax=0.06m/s^2 jmax=0.08m/s^3 ISJ=0.01[0m
[ladrc_position_controller_node-7] [0m[INFO] [1785228501.869681371] [uav7.ladrc_position_controller]: 任务条件化带宽: mission=910012 style=normal distance=0.66m duration=8.00s avg_v=0.08m/s kappa=0.761[0m
[ladrc_position_controller_node-7] [0m[INFO] [1785228501.869688545] [uav7.ladrc_position_controller]: >>> Mission910012 UAV7 全局[0.1,-6.0,2.7]→本地[0.1,-27.0,2.7] T=8.0s normal[0m
[ladrc_position_controller_node-5] [0m[INFO] [1785228501.869475686] [uav5.ladrc_position_controller]: UAV5 swarm_cmd 回调触发 (目标=[-5.9,0.0,2.7])[0m
[ladrc_position_controller_node-5] [0m[INFO] [1785228501.869659961] [uav5.ladrc_position_controller]: 控制适应日志已写入: /home/yihuang/learning/LLM_swarm_ws/src/LLM-UAVswarm-performance/logs/control_adaptation_log.csv (mission=900012, uav=5)[0m
[ladrc_position_controller_node-5] [0m[INFO] [1785228501.869684617] [uav5.ladrc_position_controller]: 收到新任务指令 (UAV5)，目标/参数已变更，覆盖旧任务[0m
[ladrc_position_controller_node-5] [0m[INFO] [1785228501.869694606] [uav5.ladrc_position_controller]: 轨迹指标: path=0.65m vmax=0.15m/s amax=0.06m/s^2 jmax=0.08m/s^3 ISJ=0.01[0m
[ladrc_position_controller_node-5] [0m[INFO] [1785228501.869707590] [uav5.ladrc_position_controller]: 任务条件化带宽: mission=910012 style=normal distance=0.65m duration=8.00s avg_v=0.08m/s kappa=0.761[0m
[ladrc_position_controller_node-5] [0m[INFO] [1785228501.869716016] [uav5.ladrc_position_controller]: >>> Mission910012 UAV5 全局[-5.9,0.0,2.7]→本地[-5.9,-15.0,2.7] T=8.0s normal[0m
[ladrc_position_controller_node-8] [0m[INFO] [1785228501.869608284] [uav8.ladrc_position_controller]: UAV8 swarm_cmd 回调触发 (目标=[4.3,-4.2,2.7])[0m
[ladrc_position_controller_node-8] [0m[INFO] [1785228501.869688084] [uav8.ladrc_position_controller]: 控制适应日志已写入: /home/yihuang/learning/LLM_swarm_ws/src/LLM-UAVswarm-performance/logs/control_adaptation_log.csv (mission=900012, uav=8)[0m
[ladrc_position_controller_node-8] [0m[INFO] [1785228501.869714052] [uav8.ladrc_position_controller]: 收到新任务指令 (UAV8)，目标/参数已变更，覆盖旧任务[0m
[ladrc_position_controller_node-8] [0m[INFO] [1785228501.869725384] [uav8.ladrc_position_controller]: 轨迹指标: path=0.70m vmax=0.16m/s amax=0.06m/s^2 jmax=0.08m/s^3 ISJ=0.01[0m
[ladrc_position_controller_node-8] [0m[INFO] [1785228501.869742906] [uav8.ladrc_position_controller]: 任务条件化带宽: mission=910012 style=normal distance=0.70m duration=8.00s avg_v=0.09m/s kappa=0.762[0m
[ladrc_position_controller_node-8] [0m[INFO] [1785228501.869753436] [uav8.ladrc_position_controller]: >>> Mission910012 UAV8 全局[4.3,-4.2,2.7]→本地[4.3,-28.2,2.7] T=8.0s normal[0m
[ladrc_position_controller_node-2] [0m[INFO] [1785228502.392693278] [uav2.ladrc_position_controller]: UAV2 Ref[4.2,-1.8,3.3] Pos[4.16,-1.78,3.44] Cmd[0.3,-0.3,-3.5][0m
[ladrc_position_controller_node-3] [0m[INFO] [1785228502.451268997] [uav3.ladrc_position_controller]: UAV3 Ref[-0.1,-3.0,3.3] Pos[-0.08,-2.97,3.38] Cmd[0.2,-0.2,-3.4][0m
[ladrc_position_controller_node-7] [0m[INFO] [1785228502.455492798] [uav7.ladrc_position_controller]: UAV7 Ref[-0.0,-27.0,3.3] Pos[-0.06,-26.99,3.47] Cmd[0.4,0.2,-3.9][0m
[ladrc_position_controller_node-1] [0m[INFO] [1785228502.480942954] [uav1.ladrc_position_controller]: UAV1 Ref[5.9,-3.0,3.3] Pos[5.93,-2.96,3.45] Cmd[0.3,-0.4,-4.6][0m
[ladrc_position_controller_node-4] [0m[INFO] [1785228502.494212738] [uav4.ladrc_position_controller]: UAV4 Ref[-4.3,-7.8,3.4] Pos[-4.36,-7.77,3.46] Cmd[0.3,-0.1,-3.2][0m
[ladrc_position_controller_node-5] [0m[INFO] [1785228502.539533280] [uav5.ladrc_position_controller]: UAV5 Ref[-6.1,-15.0,3.3] Pos[-6.09,-14.96,3.44] Cmd[0.4,-0.1,-5.0][0m
[ladrc_position_controller_node-6] [0m[INFO] [1785228502.600910997] [uav6.ladrc_position_controller]: UAV6 Ref[-4.4,-22.2,3.3] Pos[-4.37,-22.24,3.38] Cmd[0.2,-0.0,-3.2][0m
[ladrc_position_controller_node-8] [0m[INFO] [1785228502.639697782] [uav8.ladrc_position_controller]: UAV8 Ref[4.1,-28.2,3.4] Pos[4.11,-28.19,3.54] Cmd[0.5,0.3,-5.4][0m
[ladrc_position_controller_node-2] [0m[INFO] [1785228503.412653237] [uav2.ladrc_position_controller]: UAV2 Ref[4.2,-1.8,3.3] Pos[4.10,-1.76,3.55] Cmd[1.2,-0.6,-7.7][0m
[ladrc_position_controller_node-3] [0m[INFO] [1785228503.451318856] [uav3.ladrc_position_controller]: UAV3 Ref[-0.1,-3.0,3.2] Pos[-0.14,-2.95,3.49] Cmd[1.4,-0.6,-8.0][0m
[ladrc_position_controller_node-7] [0m[INFO] [1785228503.455515446] [uav7.ladrc_position_controller]: UAV7 Ref[-0.0,-27.0,3.3] Pos[-0.11,-27.00,3.58] Cmd[1.3,0.4,-8.0][0m
[ladrc_position_controller_node-4] [0m[INFO] [1785228503.494223804] [uav4.ladrc_position_controller]: UAV4 Ref[-4.3,-7.8,3.3] Pos[-4.41,-7.76,3.59] Cmd[1.5,-0.4,-8.0][0m
[ladrc_position_controller_node-1] [0m[INFO] [1785228503.500924293] [uav1.ladrc_position_controller]: UAV1 Ref[5.9,-3.0,3.3] Pos[5.88,-2.95,3.55] Cmd[1.1,-0.7,-8.0][0m
[ladrc_position_controller_node-5] [0m[INFO] [1785228503.559539376] [uav5.ladrc_position_controller]: UAV5 Ref[-6.1,-15.0,3.3] Pos[-6.13,-14.95,3.52] Cmd[1.1,-0.3,-8.0][0m
[ladrc_position_controller_node-6] [0m[INFO] [1785228503.620810212] [uav6.ladrc_position_controller]: UAV6 Ref[-4.3,-22.2,3.2] Pos[-4.43,-22.23,3.51] Cmd[1.5,-0.1,-8.0][0m
[ladrc_position_controller_node-8] [0m[INFO] [1785228503.659680263] [uav8.ladrc_position_controller]: UAV8 Ref[4.1,-28.2,3.3] Pos[4.06,-28.20,3.62] Cmd[1.4,0.4,-8.0][0m
[ladrc_position_controller_node-2] [0m[INFO] [1785228504.432670243] [uav2.ladrc_position_controller]: UAV2 Ref[4.2,-1.8,3.2] Pos[4.08,-1.75,3.57] Cmd[2.6,-1.1,-8.0][0m
[ladrc_position_controller_node-7] [0m[INFO] [1785228504.455518377] [uav7.ladrc_position_controller]: UAV7 Ref[-0.0,-27.0,3.2] Pos[-0.14,-26.99,3.58] Cmd[2.5,0.2,-8.0][0m
[ladrc_position_controller_node-3] [0m[INFO] [1785228504.471208383] [uav3.ladrc_position_controller]: UAV3 Ref[-0.0,-3.0,3.1] Pos[-0.18,-2.92,3.48] Cmd[2.8,-1.1,-8.0][0m
[ladrc_position_controller_node-4] [0m[INFO] [1785228504.494225112] [uav4.ladrc_position_controller]: UAV4 Ref[-4.3,-7.8,3.2] Pos[-4.45,-7.74,3.56] Cmd[2.8,-0.8,-8.0][0m
[ladrc_position_controller_node-1] [0m[INFO] [1785228504.500943004] [uav1.ladrc_position_controller]: UAV1 Ref[6.0,-3.0,3.2] Pos[5.85,-2.95,3.54] Cmd[2.4,-1.0,-8.0][0m
[ladrc_position_controller_node-5] [0m[INFO] [1785228504.579492943] [uav5.ladrc_position_controller]: UAV5 Ref[-6.0,-15.0,3.2] Pos[-6.16,-14.92,3.52] Cmd[2.7,-0.9,-8.0][0m
[ladrc_position_controller_node-6] [0m[INFO] [1785228504.640796040] [uav6.ladrc_position_controller]: UAV6 Ref[-4.3,-22.2,3.1] Pos[-4.44,-22.21,3.48] Cmd[2.4,-0.4,-8.0][0m
[ladrc_position_controller_node-8] [0m[INFO] [1785228504.679653277] [uav8.ladrc_position_controller]: UAV8 Ref[4.2,-28.2,3.2] Pos[4.05,-28.18,3.60] Cmd[2.8,0.3,-8.0][0m
[ladrc_position_controller_node-2] [0m[INFO] [1785228505.432674897] [uav2.ladrc_position_controller]: UAV2 Ref[4.2,-1.8,3.1] Pos[4.09,-1.74,3.48] Cmd[3.7,-1.6,-8.0][0m
[ladrc_position_controller_node-3] [0m[INFO] [1785228505.471239997] [uav3.ladrc_position_controller]: UAV3 Ref[0.0,-3.0,3.0] Pos[-0.16,-2.93,3.40] Cmd[4.2,-1.4,-8.0][0m
[ladrc_position_controller_node-7] [0m[INFO] [1785228505.475457947] [uav7.ladrc_position_controller]: UAV7 Ref[0.0,-27.0,3.1] Pos[-0.12,-26.95,3.49] Cmd[3.7,-0.3,-8.0][0m
[ladrc_position_controller_node-1] [0m[INFO] [1785228505.500959299] [uav1.ladrc_position_controller]: UAV1 Ref[6.0,-3.0,3.1] Pos[5.88,-2.94,3.45] Cmd[3.4,-1.6,-8.0][0m
[ladrc_position_controller_node-4] [0m[INFO] [1785228505.514238671] [uav4.ladrc_position_controller]: UAV4 Ref[-4.3,-7.8,3.1] Pos[-4.42,-7.73,3.48] Cmd[4.1,-1.1,-8.0][0m
[ladrc_position_controller_node-5] [0m[INFO] [1785228505.579555054] [uav5.ladrc_position_controller]: UAV5 Ref[-6.0,-15.0,3.0] Pos[-6.14,-14.91,3.41] Cmd[3.5,-1.2,-8.0][0m
[ladrc_position_controller_node-6] [0m[INFO] [1785228505.640799892] [uav6.ladrc_position_controller]: UAV6 Ref[-4.3,-22.2,3.0] Pos[-4.42,-22.19,3.40] Cmd[3.7,-1.0,-8.0][0m
[ladrc_position_controller_node-8] [0m[INFO] [1785228505.679687275] [uav8.ladrc_position_controller]: UAV8 Ref[4.2,-28.2,3.1] Pos[4.07,-28.17,3.48] Cmd[3.9,-0.1,-8.0][0m
[ladrc_position_controller_node-2] [0m[INFO] [1785228506.452753029] [uav2.ladrc_position_controller]: UAV2 Ref[4.3,-1.8,3.0] Pos[4.14,-1.74,3.37] Cmd[4.9,-2.1,-8.0][0m
[ladrc_position_controller_node-7] [0m[INFO] [1785228506.475508017] [uav7.ladrc_position_controller]: UAV7 Ref[0.1,-27.0,2.9] Pos[-0.10,-26.92,3.36] Cmd[5.0,-1.0,-8.0][0m
[ladrc_position_controller_node-3] [0m[INFO] [1785228506.491244741] [uav3.ladrc_position_controller]: UAV3 Ref[0.1,-3.0,2.9] Pos[-0.08,-2.93,3.28] Cmd[5.0,-1.7,-8.0][0m
[ladrc_position_controller_node-1] [0m[INFO] [1785228506.520957521] [uav1.ladrc_position_controller]: UAV1 Ref[6.1,-3.0,2.9] Pos[5.90,-2.95,3.34] Cmd[4.8,-2.1,-8.0][0m
[ladrc_position_controller_node-4] [0m[INFO] [1785228506.534224149] [uav4.ladrc_position_controller]: UAV4 Ref[-4.2,-7.8,2.9] Pos[-4.35,-7.74,3.34] Cmd[4.9,-1.3,-8.0][0m
[ladrc_position_controller_node-5] [0m[INFO] [1785228506.599517971] [uav5.ladrc_position_controller]: UAV5 Ref[-6.0,-15.0,2.9] Pos[-6.10,-14.89,3.30] Cmd[4.9,-2.0,-8.0][0m
[ladrc_position_controller_node-6] [0m[INFO] [1785228506.640801291] [uav6.ladrc_position_controller]: UAV6 Ref[-4.2,-22.2,2.9] Pos[-4.36,-22.17,3.25] Cmd[4.4,-1.5,-8.0][0m
[ladrc_position_controller_node-8] [0m[INFO] [1785228506.699650522] [uav8.ladrc_position_controller]: UAV8 Ref[4.3,-28.2,2.9] Pos[4.10,-28.15,3.33] Cmd[5.0,-0.7,-8.0][0m
[ladrc_position_controller_node-2] [0m[INFO] [1785228507.472689669] [uav2.ladrc_position_controller]: UAV2 Ref[4.3,-1.8,2.8] Pos[4.20,-1.75,3.23] Cmd[5.0,-2.5,-8.0][0m
[ladrc_position_controller_node-7] [0m[INFO] [1785228507.475512696] [uav7.ladrc_position_controller]: UAV7 Ref[0.1,-27.0,2.8] Pos[-0.04,-26.93,3.21] Cmd[5.0,-1.2,-8.0][0m
[ladrc_position_controller_node-3] [0m[INFO] [1785228507.491252586] [uav3.ladrc_position_controller]: UAV3 Ref[0.1,-3.0,2.8] Pos[-0.02,-2.92,3.14] Cmd[5.0,-2.0,-8.0][0m
[ladrc_position_controller_node-4] [0m[INFO] [1785228507.534225261] [uav4.ladrc_position_controller]: UAV4 Ref[-4.2,-7.8,2.8] Pos[-4.30,-7.73,3.22] Cmd[5.0,-1.7,-8.0][0m
[ladrc_position_controller_node-1] [0m[INFO] [1785228507.540937192] [uav1.ladrc_position_controller]: UAV1 Ref[6.1,-3.0,2.8] Pos[5.98,-2.96,3.19] Cmd[5.0,-2.5,-8.0][0m
[ladrc_position_controller_node-5] [0m[INFO] [1785228507.619511247] [uav5.ladrc_position_controller]: UAV5 Ref[-5.9,-15.0,2.8] Pos[-6.02,-14.90,3.14] Cmd[5.0,-2.5,-8.0][0m
[ladrc_position_controller_node-6] [0m[INFO] [1785228507.660814455] [uav6.ladrc_position_controller]: UAV6 Ref[-4.2,-22.2,2.7] Pos[-4.32,-22.17,3.12] Cmd[5.0,-2.1,-8.0][0m
[ladrc_position_controller_node-8] [0m[INFO] [1785228507.719653797] [uav8.ladrc_position_controller]: UAV8 Ref[4.3,-28.2,2.8] Pos[4.17,-28.15,3.19] Cmd[5.0,-1.1,-8.0][0m
[ladrc_position_controller_node-3] [0m[INFO] [1785228508.491271058] [uav3.ladrc_position_controller]: UAV3 Ref[0.1,-3.0,2.7] Pos[0.04,-2.92,3.03] Cmd[5.0,-2.3,-8.0][0m
[ladrc_position_controller_node-2] [0m[INFO] [1785228508.492677563] [uav2.ladrc_position_controller]: UAV2 Ref[4.3,-1.8,2.8] Pos[4.27,-1.76,3.11] Cmd[5.0,-2.8,-8.0][0m
[ladrc_position_controller_node-7] [0m[INFO] [1785228508.495468279] [uav7.ladrc_position_controller]: UAV7 Ref[0.1,-27.0,2.7] Pos[0.01,-26.95,3.10] Cmd[5.0,-1.5,-8.0][0m
[ladrc_position_controller_node-4] [0m[INFO] [1785228508.554222713] [uav4.ladrc_position_controller]: UAV4 Ref[-4.2,-7.8,2.8] Pos[-4.24,-7.73,3.09] Cmd[5.0,-1.9,-8.0][0m
[ladrc_position_controller_node-1] [0m[INFO] [1785228508.560918353] [uav1.ladrc_position_controller]: UAV1 Ref[6.1,-3.0,2.8] Pos[6.04,-2.98,3.10] Cmd[5.0,-2.8,-8.0][0m
[ladrc_position_controller_node-5] [0m[INFO] [1785228508.619521944] [uav5.ladrc_position_controller]: UAV5 Ref[-5.9,-15.0,2.7] Pos[-6.00,-14.92,3.05] Cmd[5.0,-2.9,-8.0][0m
[ladrc_position_controller_node-6] [0m[INFO] [1785228508.680790987] [uav6.ladrc_position_controller]: UAV6 Ref[-4.2,-22.2,2.7] Pos[-4.27,-22.19,3.02] Cmd[5.0,-2.2,-8.0][0m
[ladrc_position_controller_node-8] [0m[INFO] [1785228508.719691285] [uav8.ladrc_position_controller]: UAV8 Ref[4.3,-28.2,2.7] Pos[4.23,-28.16,3.07] Cmd[5.0,-1.4,-8.0][0m
[ladrc_position_controller_node-7] [0m[INFO] [1785228509.495498962] [uav7.ladrc_position_controller]: UAV7 Ref[0.1,-27.0,2.7] Pos[0.04,-26.96,3.02] Cmd[5.0,-1.8,-8.0][0m
[ladrc_position_controller_node-3] [0m[INFO] [1785228509.511231949] [uav3.ladrc_position_controller]: UAV3 Ref[0.1,-3.0,2.7] Pos[0.08,-2.92,2.96] Cmd[5.0,-2.6,-8.0][0m
[ladrc_position_controller_node-2] [0m[INFO] [1785228509.512656147] [uav2.ladrc_position_controller]: UAV2 Ref[4.4,-1.8,2.8] Pos[4.30,-1.78,3.05] Cmd[5.0,-2.9,-8.0][0m
[ladrc_position_controller_node-1] [0m[INFO] [1785228509.560929820] [uav1.ladrc_position_controller]: UAV1 Ref[6.1,-3.0,2.7] Pos[6.07,-3.00,3.02] Cmd[5.0,-2.9,-8.0][0m
[ladrc_position_controller_node-4] [0m[INFO] [1785228509.574199163] [uav4.ladrc_position_controller]: UAV4 Ref[-4.1,-7.8,2.7] Pos[-4.20,-7.72,3.04] Cmd[5.0,-2.5,-8.0][0m
[ladrc_position_controller_node-5] [0m[INFO] [1785228509.619541596] [uav5.ladrc_position_controller]: UAV5 Ref[-5.9,-15.0,2.7] Pos[-5.97,-14.95,2.97] Cmd[5.0,-2.8,-8.0][0m
[ladrc_position_controller_node-6] [0m[INFO] [1785228509.680820618] [uav6.ladrc_position_controller]: UAV6 Ref[-4.2,-22.2,2.7] Pos[-4.24,-22.20,2.96] Cmd[5.0,-2.5,-8.0][0m
[ladrc_position_controller_node-8] [0m[INFO] [1785228509.739628411] [uav8.ladrc_position_controller]: UAV8 Ref[4.3,-28.2,2.7] Pos[4.25,-28.17,3.01] Cmd[5.0,-1.8,-8.0][0m
[ladrc_position_controller_node-3] [0m[INFO] [1785228509.871206318] [uav3.ladrc_position_controller]: 控制适应日志已写入: /home/yihuang/learning/LLM_swarm_ws/src/LLM-UAVswarm-performance/logs/control_adaptation_log.csv (mission=910012, uav=3)[0m
[ladrc_position_controller_node-3] [0m[INFO] [1785228509.871273173] [uav3.ladrc_position_controller]: 悬停稳定! pos_err=0.29m, vel=0.28m/s → is_hover_stable=true[0m
[ladrc_position_controller_node-2] [0m[INFO] [1785228509.872623642] [uav2.ladrc_position_controller]: 控制适应日志已写入: /home/yihuang/learning/LLM_swarm_ws/src/LLM-UAVswarm-performance/logs/control_adaptation_log.csv (mission=910012, uav=2)[0m
[ladrc_position_controller_node-2] [0m[INFO] [1785228509.872678355] [uav2.ladrc_position_controller]: 悬停稳定! pos_err=0.29m, vel=0.28m/s → is_hover_stable=true[0m
[ladrc_position_controller_node-4] [0m[INFO] [1785228509.874188674] [uav4.ladrc_position_controller]: 控制适应日志已写入: /home/yihuang/learning/LLM_swarm_ws/src/LLM-UAVswarm-performance/logs/control_adaptation_log.csv (mission=910012, uav=4)[0m
[ladrc_position_controller_node-4] [0m[INFO] [1785228509.874231754] [uav4.ladrc_position_controller]: 悬停稳定! pos_err=0.29m, vel=0.28m/s → is_hover_stable=true[0m
[ladrc_position_controller_node-7] [0m[INFO] [1785228509.875467208] [uav7.ladrc_position_controller]: 控制适应日志已写入: /home/yihuang/learning/LLM_swarm_ws/src/LLM-UAVswarm-performance/logs/control_adaptation_log.csv (mission=910012, uav=7)[0m
[ladrc_position_controller_node-7] [0m[INFO] [1785228509.875506221] [uav7.ladrc_position_controller]: 悬停稳定! pos_err=0.30m, vel=0.30m/s → is_hover_stable=true[0m
[ladrc_position_controller_node-1] [0m[INFO] [1785228509.880901987] [uav1.ladrc_position_controller]: 控制适应日志已写入: /home/yihuang/learning/LLM_swarm_ws/src/LLM-UAVswarm-performance/logs/control_adaptation_log.csv (mission=910012, uav=1)[0m
[ladrc_position_controller_node-1] [0m[INFO] [1785228509.880952542] [uav1.ladrc_position_controller]: 悬停稳定! pos_err=0.29m, vel=0.29m/s → is_hover_stable=true[0m
[ladrc_position_controller_node-5] [0m[INFO] [1785228510.039509018] [uav5.ladrc_position_controller]: 控制适应日志已写入: /home/yihuang/learning/LLM_swarm_ws/src/LLM-UAVswarm-performance/logs/control_adaptation_log.csv (mission=910012, uav=5)[0m
[ladrc_position_controller_node-5] [0m[INFO] [1785228510.039587204] [uav5.ladrc_position_controller]: 悬停稳定! pos_err=0.29m, vel=0.30m/s → is_hover_stable=true[0m
[ladrc_position_controller_node-6] [0m[INFO] [1785228510.040776983] [uav6.ladrc_position_controller]: 控制适应日志已写入: /home/yihuang/learning/LLM_swarm_ws/src/LLM-UAVswarm-performance/logs/control_adaptation_log.csv (mission=910012, uav=6)[0m
[ladrc_position_controller_node-6] [0m[INFO] [1785228510.040817278] [uav6.ladrc_position_controller]: 悬停稳定! pos_err=0.30m, vel=0.30m/s → is_hover_stable=true[0m
[ladrc_position_controller_node-1] [0m[INFO] [1785228510.139756044] [uav1.ladrc_position_controller]: UAV1 swarm_cmd 回调触发 (目标=[2.4,0.0,3.0])[0m
[ladrc_position_controller_node-1] [0m[INFO] [1785228510.139802401] [uav1.ladrc_position_controller]: 收到新任务指令 (UAV1)，目标/参数已变更，覆盖旧任务[0m
[ladrc_position_controller_node-1] [0m[INFO] [1785228510.139813912] [uav1.ladrc_position_controller]: 轨迹指标: path=3.67m vmax=0.86m/s amax=0.33m/s^2 jmax=0.43m/s^3 ISJ=0.30[0m
[ladrc_position_controller_node-1] [0m[INFO] [1785228510.139829341] [uav1.ladrc_position_controller]: 任务条件化带宽: mission=3105851890 style=normal distance=3.67m duration=8.00s avg_v=0.46m/s kappa=0.814[0m
[ladrc_position_controller_node-1] [0m[INFO] [1785228510.139840061] [uav1.ladrc_position_controller]: >>> Mission3105851890 UAV1 全局[2.4,0.0,3.0]→本地[2.4,-3.0,3.0] T=8.0s normal[0m
[ladrc_position_controller_node-2] [0m[INFO] [1785228510.139825344] [uav2.ladrc_position_controller]: UAV2 swarm_cmd 回调触发 (目标=[1.7,1.7,3.0])[0m
[ladrc_position_controller_node-2] [0m[INFO] [1785228510.139872683] [uav2.ladrc_position_controller]: 收到新任务指令 (UAV2)，目标/参数已变更，覆盖旧任务[0m
[ladrc_position_controller_node-2] [0m[INFO] [1785228510.139884284] [uav2.ladrc_position_controller]: 轨迹指标: path=3.62m vmax=0.85m/s amax=0.33m/s^2 jmax=0.42m/s^3 ISJ=0.29[0m
[ladrc_position_controller_node-2] [0m[INFO] [1785228510.139900725] [uav2.ladrc_position_controller]: 任务条件化带宽: mission=3105851890 style=normal distance=3.62m duration=8.00s avg_v=0.45m/s kappa=0.813[0m
[ladrc_position_controller_node-2] [0m[INFO] [1785228510.139913429] [uav2.ladrc_position_controller]: >>> Mission3105851890 UAV2 全局[1.7,1.7,3.0]→本地[1.7,-4.3,3.0] T=8.0s normal[0m
[ladrc_position_controller_node-3] [0m[INFO] [1785228510.139887500] [uav3.ladrc_position_controller]: UAV3 swarm_cmd 回调触发 (目标=[0.0,2.4,3.0])[0m
[ladrc_position_controller_node-3] [0m[INFO] [1785228510.139930611] [uav3.ladrc_position_controller]: 收到新任务指令 (UAV3)，目标/参数已变更，覆盖旧任务[0m
[ladrc_position_controller_node-3] [0m[INFO] [1785228510.139944217] [uav3.ladrc_position_controller]: 轨迹指标: path=3.68m vmax=0.86m/s amax=0.33m/s^2 jmax=0.43m/s^3 ISJ=0.30[0m
[ladrc_position_controller_node-3] [0m[INFO] [1785228510.139964504] [uav3.ladrc_position_controller]: 任务条件化带宽: mission=3105851890 style=normal distance=3.68m duration=8.00s avg_v=0.46m/s kappa=0.814[0m
[ladrc_position_controller_node-3] [0m[INFO] [1785228510.139977860] [uav3.ladrc_position_controller]: >>> Mission3105851890 UAV3 全局[0.0,2.4,3.0]→本地[0.0,-6.6,3.0] T=8.0s normal[0m
[ladrc_position_controller_node-4] [0m[INFO] [1785228510.139938536] [uav4.ladrc_position_controller]: UAV4 swarm_cmd 回调触发 (目标=[-1.7,1.7,3.0])[0m
[ladrc_position_controller_node-4] [0m[INFO] [1785228510.139976968] [uav4.ladrc_position_controller]: 收到新任务指令 (UAV4)，目标/参数已变更，覆盖旧任务[0m
[ladrc_position_controller_node-4] [0m[INFO] [1785228510.139991054] [uav4.ladrc_position_controller]: 轨迹指标: path=3.58m vmax=0.84m/s amax=0.32m/s^2 jmax=0.42m/s^3 ISJ=0.28[0m
[ladrc_position_controller_node-4] [0m[INFO] [1785228510.140006794] [uav4.ladrc_position_controller]: 任务条件化带宽: mission=3105851890 style=normal distance=3.58m duration=8.00s avg_v=0.45m/s kappa=0.812[0m
[ladrc_position_controller_node-4] [0m[INFO] [1785228510.140015330] [uav4.ladrc_position_controller]: >>> Mission3105851890 UAV4 全局[-1.7,1.7,3.0]→本地[-1.7,-10.3,3.0] T=8.0s normal[0m
[ladrc_position_controller_node-5] [0m[INFO] [1785228510.139999771] [uav5.ladrc_position_controller]: UAV5 swarm_cmd 回调触发 (目标=[-2.4,0.0,3.0])[0m
[ladrc_position_controller_node-5] [0m[INFO] [1785228510.140036820] [uav5.ladrc_position_controller]: 收到新任务指令 (UAV5)，目标/参数已变更，覆盖旧任务[0m
[ladrc_position_controller_node-5] [0m[INFO] [1785228510.140047009] [uav5.ladrc_position_controller]: 轨迹指标: path=3.56m vmax=0.84m/s amax=0.32m/s^2 jmax=0.42m/s^3 ISJ=0.28[0m
[ladrc_position_controller_node-5] [0m[INFO] [1785228510.140060995] [uav5.ladrc_position_controller]: 任务条件化带宽: mission=3105851890 style=normal distance=3.56m duration=8.00s avg_v=0.45m/s kappa=0.812[0m
[ladrc_position_controller_node-5] [0m[INFO] [1785228510.140071535] [uav5.ladrc_position_controller]: >>> Mission3105851890 UAV5 全局[-2.4,0.0,3.0]→本地[-2.4,-15.0,3.0] T=8.0s normal[0m
[ladrc_position_controller_node-6] [0m[INFO] [1785228510.140042931] [uav6.ladrc_position_controller]: UAV6 swarm_cmd 回调触发 (目标=[-1.7,-1.7,3.0])[0m
[ladrc_position_controller_node-6] [0m[INFO] [1785228510.140081243] [uav6.ladrc_position_controller]: 收到新任务指令 (UAV6)，目标/参数已变更，覆盖旧任务[0m
[ladrc_position_controller_node-6] [0m[INFO] [1785228510.140092765] [uav6.ladrc_position_controller]: 轨迹指标: path=3.56m vmax=0.84m/s amax=0.32m/s^2 jmax=0.42m/s^3 ISJ=0.28[0m
[ladrc_position_controller_node-6] [0m[INFO] [1785228510.140107592] [uav6.ladrc_position_controller]: 任务条件化带宽: mission=3105851890 style=normal distance=3.56m duration=8.00s avg_v=0.45m/s kappa=0.812[0m
[ladrc_position_controller_node-6] [0m[INFO] [1785228510.140115537] [uav6.ladrc_position_controller]: >>> Mission3105851890 UAV6 全局[-1.7,-1.7,3.0]→本地[-1.7,-19.7,3.0] T=8.0s normal[0m
[ladrc_position_controller_node-7] [0m[INFO] [1785228510.140106010] [uav7.ladrc_position_controller]: UAV7 swarm_cmd 回调触发 (目标=[-0.0,-2.4,3.0])[0m
[ladrc_position_controller_node-7] [0m[INFO] [1785228510.140163096] [uav7.ladrc_position_controller]: 收到新任务指令 (UAV7)，目标/参数已变更，覆盖旧任务[0m
[ladrc_position_controller_node-7] [0m[INFO] [1785228510.140178525] [uav7.ladrc_position_controller]: 轨迹指标: path=3.57m vmax=0.84m/s amax=0.32m/s^2 jmax=0.42m/s^3 ISJ=0.28[0m
[ladrc_position_controller_node-7] [0m[INFO] [1785228510.140192622] [uav7.ladrc_position_controller]: 任务条件化带宽: mission=3105851890 style=normal distance=3.57m duration=8.00s avg_v=0.45m/s kappa=0.812[0m
[ladrc_position_controller_node-7] [0m[INFO] [1785228510.140200406] [uav7.ladrc_position_controller]: >>> Mission3105851890 UAV7 全局[-0.0,-2.4,3.0]→本地[-0.0,-23.4,3.0] T=8.0s normal[0m
[ladrc_position_controller_node-8] [0m[INFO] [1785228510.140140063] [uav8.ladrc_position_controller]: UAV8 swarm_cmd 回调触发 (目标=[1.7,-1.7,3.0])[0m
[ladrc_position_controller_node-8] [0m[INFO] [1785228510.140211006] [uav8.ladrc_position_controller]: 控制适应日志已写入: /home/yihuang/learning/LLM_swarm_ws/src/LLM-UAVswarm-performance/logs/control_adaptation_log.csv (mission=910012, uav=8)[0m
[ladrc_position_controller_node-8] [0m[INFO] [1785228510.140239580] [uav8.ladrc_position_controller]: 收到新任务指令 (UAV8)，目标/参数已变更，覆盖旧任务[0m
[ladrc_position_controller_node-8] [0m[INFO] [1785228510.140249488] [uav8.ladrc_position_controller]: 轨迹指标: path=3.55m vmax=0.83m/s amax=0.32m/s^2 jmax=0.42m/s^3 ISJ=0.28[0m
[ladrc_position_controller_node-8] [0m[INFO] [1785228510.140261992] [uav8.ladrc_position_controller]: 任务条件化带宽: mission=3105851890 style=normal distance=3.55m duration=8.00s avg_v=0.44m/s kappa=0.812[0m
[ladrc_position_controller_node-8] [0m[INFO] [1785228510.140269967] [uav8.ladrc_position_controller]: >>> Mission3105851890 UAV8 全局[1.7,-1.7,3.0]→本地[1.7,-25.7,3.0] T=8.0s normal[0m
[ladrc_position_controller_node-7] [0m[INFO] [1785228510.495554311] [uav7.ladrc_position_controller]: UAV7 Ref[0.1,-27.0,3.0] Pos[0.06,-26.96,3.04] Cmd[-0.1,0.1,-2.3][0m
[ladrc_position_controller_node-3] [0m[INFO] [1785228510.531684200] [uav3.ladrc_position_controller]: UAV3 Ref[0.1,-2.9,2.9] Pos[0.08,-2.93,2.99] Cmd[-0.0,-0.1,-2.1][0m
[ladrc_position_controller_node-2] [0m[INFO] [1785228510.532705132] [uav2.ladrc_position_controller]: UAV2 Ref[4.3,-1.8,3.0] Pos[4.30,-1.80,3.08] Cmd[-0.2,-0.1,-2.1][0m
[ladrc_position_controller_node-1] [0m[INFO] [1785228510.560935817] [uav1.ladrc_position_controller]: UAV1 Ref[6.1,-3.0,3.0] Pos[6.07,-3.01,3.09] Cmd[-0.2,0.2,-3.3][0m
[ladrc_position_controller_node-4] [0m[INFO] [1785228510.574204929] [uav4.ladrc_position_controller]: UAV4 Ref[-4.2,-7.7,3.0] Pos[-4.19,-7.72,3.06] Cmd[0.2,-0.2,-1.9][0m
[ladrc_position_controller_node-5] [0m[INFO] [1785228510.619544176] [uav5.ladrc_position_controller]: UAV5 Ref[-6.0,-14.9,3.0] Pos[-5.96,-14.95,3.04] Cmd[0.3,0.0,-2.9][0m
[ladrc_position_controller_node-6] [0m[INFO] [1785228510.700843044] [uav6.ladrc_position_controller]: UAV6 Ref[-4.2,-22.2,2.9] Pos[-4.22,-22.20,3.04] Cmd[0.3,0.2,-4.6][0m
[ladrc_position_controller_node-8] [0m[INFO] [1785228510.739692486] [uav8.ladrc_position_controller]: UAV8 Ref[4.2,-28.2,3.0] Pos[4.24,-28.17,3.08] Cmd[-0.2,0.3,-2.7][0m
[ladrc_position_controller_node-7] [0m[INFO] [1785228511.515504432] [uav7.ladrc_position_controller]: UAV7 Ref[0.0,-26.8,3.0] Pos[0.03,-26.90,3.18] Cmd[0.4,1.8,-8.0][0m
[ladrc_position_controller_node-3] [0m[INFO] [1785228511.551269808] [uav3.ladrc_position_controller]: UAV3 Ref[0.1,-3.1,2.9] Pos[0.05,-2.99,3.13] Cmd[0.7,-2.3,-8.0][0m
[ladrc_position_controller_node-2] [0m[INFO] [1785228511.552651105] [uav2.ladrc_position_controller]: UAV2 Ref[4.2,-1.9,3.0] Pos[4.23,-1.83,3.23] Cmd[-0.7,-1.6,-8.0][0m
[ladrc_position_controller_node-1] [0m[INFO] [1785228511.560947975] [uav1.ladrc_position_controller]: UAV1 Ref[5.9,-3.0,3.0] Pos[5.97,-3.01,3.21] Cmd[-1.7,0.2,-6.7][0m
[ladrc_position_controller_node-4] [0m[INFO] [1785228511.574206868] [uav4.ladrc_position_controller]: UAV4 Ref[-4.1,-7.8,3.0] Pos[-4.18,-7.76,3.21] Cmd[2.5,-1.9,-8.0][0m
[ladrc_position_controller_node-5] [0m[INFO] [1785228511.619583024] [uav5.ladrc_position_controller]: UAV5 Ref[-5.8,-15.0,3.0] Pos[-5.92,-14.95,3.15] Cmd[2.7,-0.1,-6.2][0m
[ladrc_position_controller_node-6] [0m[INFO] [1785228511.720835153] [uav6.ladrc_position_controller]: UAV6 Ref[-4.1,-22.1,2.9] Pos[-4.20,-22.13,3.15] Cmd[2.5,1.6,-8.0][0m
[ladrc_position_controller_node-8] [0m[INFO] [1785228511.739710806] [uav8.ladrc_position_controller]: UAV8 Ref[4.1,-28.0,3.0] Pos[4.17,-28.10,3.21] Cmd[-1.6,1.7,-8.0][0m
[ladrc_position_controller_node-7] [0m[INFO] [1785228512.535510237] [uav7.ladrc_position_controller]: UAV7 Ref[0.0,-26.4,3.0] Pos[0.00,-26.70,3.22] Cmd[0.8,5.0,-8.0][0m
[ladrc_position_controller_node-2] [0m[INFO] [1785228512.552658274] [uav2.ladrc_position_controller]: UAV2 Ref[3.9,-2.2,3.0] Pos[4.05,-1.96,3.25] Cmd[-4.0,-5.0,-8.0][0m
[ladrc_position_controller_node-3] [0m[INFO] [1785228512.571220450] [uav3.ladrc_position_controller]: UAV3 Ref[0.1,-3.5,2.9] Pos[0.02,-3.17,3.16] Cmd[1.0,-5.0,-8.0][0m
[ladrc_position_controller_node-4] [0m[INFO] [1785228512.574227271] [uav4.ladrc_position_controller]: UAV4 Ref[-3.8,-8.2,3.0] Pos[-4.08,-7.89,3.23] Cmd[5.0,-5.0,-8.0][0m
[ladrc_position_controller_node-1] [0m[INFO] [1785228512.580929073] [uav1.ladrc_position_controller]: UAV1 Ref[5.4,-3.0,3.0] Pos[5.75,-3.00,3.28] Cmd[-5.0,0.1,-8.0][0m
[ladrc_position_controller_node-5] [0m[INFO] [1785228512.639514841] [uav5.ladrc_position_controller]: UAV5 Ref[-5.3,-15.0,3.0] Pos[-5.76,-14.95,3.21] Cmd[5.0,-0.2,-8.0][0m
[ladrc_position_controller_node-8] [0m[INFO] [1785228512.739771024] [uav8.ladrc_position_controller]: UAV8 Ref[3.7,-27.7,3.0] Pos[3.99,-27.93,3.24] Cmd[-5.0,5.0,-8.0][0m
[ladrc_position_controller_node-6] [0m[INFO] [1785228512.740813617] [uav6.ladrc_position_controller]: UAV6 Ref[-3.7,-21.7,3.0] Pos[-4.11,-21.96,3.20] Cmd[5.0,5.0,-8.0][0m
[ladrc_position_controller_node-7] [0m[INFO] [1785228513.535516554] [uav7.ladrc_position_controller]: UAV7 Ref[0.0,-25.7,3.0] Pos[-0.02,-26.35,3.24] Cmd[1.5,5.0,-8.0][0m
[ladrc_position_controller_node-2] [0m[INFO] [1785228513.552669069] [uav2.ladrc_position_controller]: UAV2 Ref[3.4,-2.7,3.0] Pos[3.80,-2.24,3.30] Cmd[-5.0,-5.0,-8.0][0m
[ladrc_position_controller_node-1] [0m[INFO] [1785228513.580944067] [uav1.ladrc_position_controller]: UAV1 Ref[4.7,-3.0,3.0] Pos[5.39,-3.00,3.28] Cmd[-5.0,0.1,-8.0][0m
[ladrc_position_controller_node-3] [0m[INFO] [1785228513.591235271] [uav3.ladrc_position_controller]: UAV3 Ref[0.1,-4.3,3.0] Pos[0.01,-3.57,3.22] Cmd[1.3,-5.0,-8.0][0m
[ladrc_position_controller_node-4] [0m[INFO] [1785228513.594218068] [uav4.ladrc_position_controller]: UAV4 Ref[-3.3,-8.7,3.0] Pos[-3.82,-8.17,3.27] Cmd[5.0,-5.0,-8.0][0m
[ladrc_position_controller_node-5] [0m[INFO] [1785228513.639538099] [uav5.ladrc_position_controller]: UAV5 Ref[-4.6,-15.0,3.0] Pos[-5.39,-14.95,3.23] Cmd[5.0,-0.5,-8.0][0m
[ladrc_position_controller_node-8] [0m[INFO] [1785228513.739845108] [uav8.ladrc_position_controller]: UAV8 Ref[3.2,-27.2,3.0] Pos[3.68,-27.65,3.25] Cmd[-5.0,5.0,-8.0][0m
[ladrc_position_controller_node-6] [0m[INFO] [1785228513.740839460] [uav6.ladrc_position_controller]: UAV6 Ref[-3.2,-21.2,3.0] Pos[-3.82,-21.67,3.20] Cmd[5.0,5.0,-8.0][0m
[ladrc_position_controller_node-7] [0m[INFO] [1785228514.535526408] [uav7.ladrc_position_controller]: UAV7 Ref[0.0,-24.9,3.0] Pos[-0.04,-25.78,3.24] Cmd[2.1,5.0,-8.0][0m
[ladrc_position_controller_node-2] [0m[INFO] [1785228514.572658754] [uav2.ladrc_position_controller]: UAV2 Ref[2.7,-3.3,3.0] Pos[3.39,-2.67,3.28] Cmd[-5.0,-5.0,-8.0][0m
[ladrc_position_controller_node-1] [0m[INFO] [1785228514.580948781] [uav1.ladrc_position_controller]: UAV1 Ref[3.9,-3.0,3.0] Pos[4.78,-3.02,3.31] Cmd[-5.0,0.5,-8.0][0m
[ladrc_position_controller_node-4] [0m[INFO] [1785228514.594231569] [uav4.ladrc_position_controller]: UAV4 Ref[-2.7,-9.3,3.0] Pos[-3.37,-8.61,3.26] Cmd[5.0,-5.0,-8.0][0m
[ladrc_position_controller_node-3] [0m[INFO] [1785228514.611229955] [uav3.ladrc_position_controller]: UAV3 Ref[0.0,-5.2,3.0] Pos[0.04,-4.21,3.23] Cmd[0.9,-5.0,-8.0][0m
[ladrc_position_controller_node-5] [0m[INFO] [1785228514.659525460] [uav5.ladrc_position_controller]: UAV5 Ref[-3.8,-15.0,3.0] Pos[-4.76,-14.95,3.26] Cmd[5.0,-0.9,-8.0][0m
[ladrc_position_controller_node-8] [0m[INFO] [1785228514.759710450] [uav8.ladrc_position_controller]: UAV8 Ref[2.6,-26.6,3.0] Pos[3.21,-27.23,3.25] Cmd[-5.0,5.0,-8.0][0m
[ladrc_position_controller_node-6] [0m[INFO] [1785228514.760824627] [uav6.ladrc_position_controller]: UAV6 Ref[-2.6,-20.6,3.0] Pos[-3.37,-21.24,3.24] Cmd[5.0,5.0,-8.0][0m
[ladrc_position_controller_node-7] [0m[INFO] [1785228515.555523216] [uav7.ladrc_position_controller]: UAV7 Ref[0.0,-24.1,3.0] Pos[-0.05,-25.04,3.27] Cmd[2.7,5.0,-8.0][0m
[ladrc_position_controller_node-2] [0m[INFO] [1785228515.572699876] [uav2.ladrc_position_controller]: UAV2 Ref[2.2,-3.8,3.0] Pos[2.87,-3.18,3.31] Cmd[-5.0,-5.0,-8.0][0m
[ladrc_position_controller_node-1] [0m[INFO] [1785228515.600948394] [uav1.ladrc_position_controller]: UAV1 Ref[3.1,-3.0,3.0] Pos[4.03,-3.02,3.29] Cmd[-5.0,0.5,-8.0][0m
[ladrc_position_controller_node-3] [0m[INFO] [1785228515.611234579] [uav3.ladrc_position_controller]: UAV3 Ref[0.0,-5.9,3.0] Pos[0.04,-4.96,3.27] Cmd[0.6,-5.0,-8.0][0m
[ladrc_position_controller_node-4] [0m[INFO] [1785228515.614206085] [uav4.ladrc_position_controller]: UAV4 Ref[-2.2,-9.8,3.0] Pos[-2.83,-9.14,3.29] Cmd[5.0,-5.0,-8.0][0m
[ladrc_position_controller_node-5] [0m[INFO] [1785228515.679529041] [uav5.ladrc_position_controller]: UAV5 Ref[-3.0,-15.0,3.0] Pos[-4.00,-14.95,3.27] Cmd[5.0,-1.4,-8.0][0m
[ladrc_position_controller_node-8] [0m[INFO] [1785228515.759730443] [uav8.ladrc_position_controller]: UAV8 Ref[2.1,-26.1,3.0] Pos[2.68,-26.72,3.26] Cmd[-5.0,5.0,-8.0][0m
[ladrc_position_controller_node-6] [0m[INFO] [1785228515.780802279] [uav6.ladrc_position_controller]: UAV6 Ref[-2.1,-20.1,3.0] Pos[-2.79,-20.74,3.24] Cmd[5.0,5.0,-8.0][0m
[ladrc_position_controller_node-7] [0m[INFO] [1785228516.575480830] [uav7.ladrc_position_controller]: UAV7 Ref[0.0,-23.6,3.0] Pos[-0.04,-24.31,3.27] Cmd[2.8,5.0,-8.0][0m
[ladrc_position_controller_node-2] [0m[INFO] [1785228516.592662951] [uav2.ladrc_position_controller]: UAV2 Ref[1.8,-4.2,3.0] Pos[2.32,-3.69,3.28] Cmd[-5.0,-5.0,-8.0][0m
[ladrc_position_controller_node-3] [0m[INFO] [1785228516.611266575] [uav3.ladrc_position_controller]: UAV3 Ref[0.0,-6.4,3.0] Pos[0.02,-5.70,3.27] Cmd[0.6,-5.0,-8.0][0m
[ladrc_position_controller_node-4] [0m[INFO] [1785228516.614231317] [uav4.ladrc_position_controller]: UAV4 Ref[-1.8,-10.2,3.0] Pos[-2.32,-9.66,3.28] Cmd[5.0,-5.0,-8.0][0m
[ladrc_position_controller_node-1] [0m[INFO] [1785228516.620949600] [uav1.ladrc_position_controller]: UAV1 Ref[2.6,-3.0,3.0] Pos[3.24,-3.01,3.31] Cmd[-5.0,0.6,-8.0][0m
[ladrc_position_controller_node-5] [0m[INFO] [1785228516.679545927] [uav5.ladrc_position_controller]: UAV5 Ref[-2.6,-15.0,3.0] Pos[-3.27,-14.96,3.28] Cmd[5.0,-1.6,-8.0][0m
[ladrc_position_controller_node-8] [0m[INFO] [1785228516.779693297] [uav8.ladrc_position_controller]: UAV8 Ref[1.8,-25.8,3.0] Pos[2.19,-26.25,3.27] Cmd[-5.0,5.0,-8.0][0m
[ladrc_position_controller_node-6] [0m[INFO] [1785228516.800788767] [uav6.ladrc_position_controller]: UAV6 Ref[-1.8,-19.8,3.0] Pos[-2.27,-20.24,3.28] Cmd[5.0,5.0,-8.0][0m
[ladrc_position_controller_node-2] [0m[INFO] [1785228517.592675019] [uav2.ladrc_position_controller]: UAV2 Ref[1.7,-4.3,3.0] Pos[1.88,-4.09,3.31] Cmd[-4.6,-4.9,-8.0][0m
[ladrc_position_controller_node-7] [0m[INFO] [1785228517.595507204] [uav7.ladrc_position_controller]: UAV7 Ref[0.0,-23.4,3.0] Pos[-0.03,-23.73,3.30] Cmd[3.1,4.9,-8.0][0m
[ladrc_position_controller_node-1] [0m[INFO] [1785228517.620997826] [uav1.ladrc_position_controller]: UAV1 Ref[2.4,-3.0,3.0] Pos[2.68,-3.00,3.30] Cmd[-5.0,0.6,-8.0][0m
[ladrc_position_controller_node-3] [0m[INFO] [1785228517.631270857] [uav3.ladrc_position_controller]: UAV3 Ref[0.0,-6.6,3.0] Pos[-0.04,-6.29,3.30] Cmd[1.5,-4.7,-8.0][0m
[ladrc_position_controller_node-4] [0m[INFO] [1785228517.634249556] [uav4.ladrc_position_controller]: UAV4 Ref[-1.7,-10.3,3.0] Pos[-1.98,-10.08,3.30] Cmd[5.0,-4.8,-8.0][0m
[ladrc_position_controller_node-5] [0m[INFO] [1785228517.679558847] [uav5.ladrc_position_controller]: UAV5 Ref[-2.4,-15.0,3.0] Pos[-2.73,-15.00,3.28] Cmd[5.0,-1.3,-8.0][0m
[ladrc_position_controller_node-8] [0m[INFO] [1785228517.779696859] [uav8.ladrc_position_controller]: UAV8 Ref[1.7,-25.7,3.0] Pos[1.84,-25.88,3.29] Cmd[-4.6,4.9,-8.0][0m
[ladrc_position_controller_node-6] [0m[INFO] [1785228517.800896645] [uav6.ladrc_position_controller]: UAV6 Ref[-1.7,-19.7,3.0] Pos[-1.90,-19.88,3.27] Cmd[5.0,5.0,-8.0][0m
[ladrc_position_controller_node-2] [0m[INFO] [1785228518.612643073] [uav2.ladrc_position_controller]: UAV2 Ref[1.7,-4.3,3.0] Pos[1.63,-4.32,3.29] Cmd[-3.3,-4.0,-8.0][0m
[ladrc_position_controller_node-7] [0m[INFO] [1785228518.615487611] [uav7.ladrc_position_controller]: UAV7 Ref[-0.0,-23.4,3.0] Pos[-0.03,-23.40,3.28] Cmd[3.3,3.9,-8.0][0m
[ladrc_position_controller_node-1] [0m[INFO] [1785228518.640931075] [uav1.ladrc_position_controller]: UAV1 Ref[2.4,-3.0,3.0] Pos[2.35,-3.01,3.30] Cmd[-3.1,0.8,-8.0][0m
[ladrc_position_controller_node-3] [0m[INFO] [1785228518.651214695] [uav3.ladrc_position_controller]: UAV3 Ref[0.0,-6.6,3.0] Pos[-0.09,-6.64,3.30] Cmd[2.7,-3.3,-8.0][0m
[ladrc_position_controller_node-4] [0m[INFO] [1785228518.654217620] [uav4.ladrc_position_controller]: UAV4 Ref[-1.7,-10.3,3.0] Pos[-1.78,-10.36,3.29] Cmd[4.9,-3.2,-8.0][0m
[ladrc_position_controller_node-5] [0m[INFO] [1785228518.699537681] [uav5.ladrc_position_controller]: UAV5 Ref[-2.4,-15.0,3.0] Pos[-2.44,-15.04,3.29] Cmd[4.4,-0.8,-8.0][0m
[ladrc_position_controller_node-8] [0m[INFO] [1785228518.799653241] [uav8.ladrc_position_controller]: UAV8 Ref[1.7,-25.7,3.0] Pos[1.65,-25.67,3.28] Cmd[-3.6,3.9,-8.0][0m
[ladrc_position_controller_node-6] [0m[INFO] [1785228518.820821067] [uav6.ladrc_position_controller]: UAV6 Ref[-1.7,-19.7,3.0] Pos[-1.72,-19.69,3.30] Cmd[4.8,4.4,-8.0][0m
[ladrc_position_controller_node-6] [0m[INFO] [1785228519.480777162] [uav6.ladrc_position_controller]: 控制适应日志已写入: /home/yihuang/learning/LLM_swarm_ws/src/LLM-UAVswarm-performance/logs/control_adaptation_log.csv (mission=3105851890, uav=6)[0m
[ladrc_position_controller_node-6] [0m[INFO] [1785228519.480836764] [uav6.ladrc_position_controller]: 悬停稳定! pos_err=0.30m, vel=0.30m/s → is_hover_stable=true[0m
[ladrc_position_controller_node-2] [0m[INFO] [1785228519.612652176] [uav2.ladrc_position_controller]: UAV2 Ref[1.7,-4.3,3.0] Pos[1.57,-4.41,3.31] Cmd[-2.1,-2.8,-8.0][0m
[ladrc_position_controller_node-7] [0m[INFO] [1785228519.635511229] [uav7.ladrc_position_controller]: UAV7 Ref[-0.0,-23.4,3.0] Pos[-0.04,-23.32,3.30] Cmd[3.9,3.5,-8.0][0m
[ladrc_position_controller_node-5] [0m[INFO] [1785228519.639488358] [uav5.ladrc_position_controller]: 控制适应日志已写入: /home/yihuang/learning/LLM_swarm_ws/src/LLM-UAVswarm-performance/logs/control_adaptation_log.csv (mission=3105851890, uav=5)[0m
[ladrc_position_controller_node-5] [0m[INFO] [1785228519.639533332] [uav5.ladrc_position_controller]: 悬停稳定! pos_err=0.29m, vel=0.30m/s → is_hover_stable=true[0m
[ladrc_position_controller_node-3] [0m[INFO] [1785228519.651240409] [uav3.ladrc_position_controller]: UAV3 Ref[0.0,-6.6,3.0] Pos[-0.11,-6.75,3.30] Cmd[3.8,-1.8,-8.0][0m
[ladrc_position_controller_node-4] [0m[INFO] [1785228519.654228335] [uav4.ladrc_position_controller]: UAV4 Ref[-1.7,-10.3,3.0] Pos[-1.72,-10.45,3.30] Cmd[5.0,-1.8,-8.0][0m
[ladrc_position_controller_node-1] [0m[INFO] [1785228519.660909448] [uav1.ladrc_position_controller]: UAV1 Ref[2.4,-3.0,3.0] Pos[2.26,-3.01,3.29] Cmd[-2.0,0.8,-8.0][0m
[ladrc_position_controller_node-5] [0m[INFO] [1785228519.699541654] [uav5.ladrc_position_controller]: UAV5 Ref[-2.4,-15.0,3.0] Pos[-2.36,-15.04,3.29] Cmd[4.2,-0.4,-8.0][0m
[ladrc_position_controller_node-8] [0m[INFO] [1785228519.799671120] [uav8.ladrc_position_controller]: UAV8 Ref[1.7,-25.7,3.0] Pos[1.59,-25.63,3.31] Cmd[-2.4,3.6,-8.0][0m
[ladrc_position_controller_node-6] [0m[INFO] [1785228519.820834808] [uav6.ladrc_position_controller]: UAV6 Ref[-1.7,-19.7,3.0] Pos[-1.67,-19.65,3.28] Cmd[4.5,4.0,-8.0][0m
[ladrc_position_controller_node-7] [0m[INFO] [1785228520.255456396] [uav7.ladrc_position_controller]: 控制适应日志已写入: /home/yihuang/learning/LLM_swarm_ws/src/LLM-UAVswarm-performance/logs/control_adaptation_log.csv (mission=3105851890, uav=7)[0m
[ladrc_position_controller_node-7] [0m[INFO] [1785228520.255509265] [uav7.ladrc_position_controller]: 悬停稳定! pos_err=0.30m, vel=0.30m/s → is_hover_stable=true[0m
[ladrc_position_controller_node-2] [0m[INFO] [1785228520.612697446] [uav2.ladrc_position_controller]: UAV2 Ref[1.7,-4.3,3.0] Pos[1.60,-4.38,3.28] Cmd[-1.6,-2.5,-8.0][0m
[ladrc_position_controller_node-7] [0m[INFO] [1785228520.655478472] [uav7.ladrc_position_controller]: UAV7 Ref[-0.0,-23.4,3.0] Pos[-0.04,-23.37,3.29] Cmd[4.1,3.5,-8.0][0m
[ladrc_position_controller_node-1] [0m[INFO] [1785228520.660920344] [uav1.ladrc_position_controller]: UAV1 Ref[2.4,-3.0,3.0] Pos[2.30,-3.00,3.29] Cmd[-1.5,0.8,-8.0][0m
[ladrc_position_controller_node-3] [0m[INFO] [1785228520.671210777] [uav3.ladrc_position_controller]: UAV3 Ref[0.0,-6.6,3.0] Pos[-0.10,-6.72,3.30] Cmd[4.6,-1.0,-8.0][0m
[ladrc_position_controller_node-4] [0m[INFO] [1785228520.674224792] [uav4.ladrc_position_controller]: UAV4 Ref[-1.7,-10.3,3.0] Pos[-1.73,-10.42,3.30] Cmd[5.0,-0.9,-8.0][0m
[ladrc_position_controller_node-5] [0m[INFO] [1785228520.719508496] [uav5.ladrc_position_controller]: UAV5 Ref[-2.4,-15.0,3.0] Pos[-2.38,-15.04,3.28] Cmd[4.2,-0.1,-8.0][0m
[ladrc_position_controller_node-1] [0m[INFO] [1785228520.800914324] [uav1.ladrc_position_controller]: 控制适应日志已写入: /home/yihuang/learning/LLM_swarm_ws/src/LLM-UAVswarm-performance/logs/control_adaptation_log.csv (mission=3105851890, uav=1)[0m
[ladrc_position_controller_node-1] [0m[INFO] [1785228520.800970539] [uav1.ladrc_position_controller]: 悬停稳定! pos_err=0.29m, vel=0.30m/s → is_hover_stable=true[0m
[ladrc_position_controller_node-8] [0m[INFO] [1785228520.819656356] [uav8.ladrc_position_controller]: UAV8 Ref[1.7,-25.7,3.0] Pos[1.61,-25.68,3.29] Cmd[-2.1,3.7,-8.0][0m
[ladrc_position_controller_node-6] [0m[INFO] [1785228520.840802251] [uav6.ladrc_position_controller]: UAV6 Ref[-1.7,-19.7,3.0] Pos[-1.70,-19.69,3.30] Cmd[4.9,4.5,-8.0][0m
[ladrc_position_controller_node-2] [0m[INFO] [1785228521.012623461] [uav2.ladrc_position_controller]: 控制适应日志已写入: /home/yihuang/learning/LLM_swarm_ws/src/LLM-UAVswarm-performance/logs/control_adaptation_log.csv (mission=3105851890, uav=2)[0m
[ladrc_position_controller_node-2] [0m[INFO] [1785228521.012674597] [uav2.ladrc_position_controller]: 悬停稳定! pos_err=0.30m, vel=0.30m/s → is_hover_stable=true[0m
[ladrc_position_controller_node-4] [0m[INFO] [1785228521.414191953] [uav4.ladrc_position_controller]: 控制适应日志已写入: /home/yihuang/learning/LLM_swarm_ws/src/LLM-UAVswarm-performance/logs/control_adaptation_log.csv (mission=3105851890, uav=4)[0m
[ladrc_position_controller_node-4] [0m[INFO] [1785228521.414245964] [uav4.ladrc_position_controller]: 悬停稳定! pos_err=0.29m, vel=0.30m/s → is_hover_stable=true[0m
[ladrc_position_controller_node-2] [0m[INFO] [1785228521.632648658] [uav2.ladrc_position_controller]: UAV2 Ref[1.7,-4.3,3.0] Pos[1.64,-4.34,3.29] Cmd[-1.1,-2.2,-8.0][0m
[ladrc_position_controller_node-7] [0m[INFO] [1785228521.655506980] [uav7.ladrc_position_controller]: UAV7 Ref[-0.0,-23.4,3.0] Pos[-0.05,-23.44,3.30] Cmd[4.8,4.4,-8.0][0m
[ladrc_position_controller_node-1] [0m[INFO] [1785228521.660955565] [uav1.ladrc_position_controller]: UAV1 Ref[2.4,-3.0,3.0] Pos[2.36,-2.97,3.28] Cmd[-1.4,0.3,-8.0][0m
[ladrc_position_controller_node-3] [0m[INFO] [1785228521.671218537] [uav3.ladrc_position_controller]: UAV3 Ref[0.0,-6.6,3.0] Pos[-0.06,-6.66,3.29] Cmd[4.8,-0.8,-8.0][0m
[ladrc_position_controller_node-4] [0m[INFO] [1785228521.694220719] [uav4.ladrc_position_controller]: UAV4 Ref[-1.7,-10.3,3.0] Pos[-1.73,-10.36,3.28] Cmd[5.0,-0.7,-8.0][0m
[ladrc_position_controller_node-5] [0m[INFO] [1785228521.719533548] [uav5.ladrc_position_controller]: UAV5 Ref[-2.4,-15.0,3.0] Pos[-2.41,-15.04,3.29] Cmd[4.5,0.2,-8.0][0m
[ladrc_position_controller_node-3] [0m[INFO] [1785228521.831205703] [uav3.ladrc_position_controller]: 控制适应日志已写入: /home/yihuang/learning/LLM_swarm_ws/src/LLM-UAVswarm-performance/logs/control_adaptation_log.csv (mission=3105851890, uav=3)[0m
[ladrc_position_controller_node-3] [0m[INFO] [1785228521.831255236] [uav3.ladrc_position_controller]: 悬停稳定! pos_err=0.29m, vel=0.30m/s → is_hover_stable=true[0m
[ladrc_position_controller_node-8] [0m[INFO] [1785228521.839650239] [uav8.ladrc_position_controller]: UAV8 Ref[1.7,-25.7,3.0] Pos[1.65,-25.73,3.31] Cmd[-1.8,4.5,-8.0][0m
[ladrc_position_controller_node-6] [0m[INFO] [1785228521.860810090] [uav6.ladrc_position_controller]: UAV6 Ref[-1.7,-19.7,3.0] Pos[-1.72,-19.75,3.28] Cmd[5.0,5.0,-8.0][0m
[ladrc_position_controller_node-8] [0m[INFO] [1785228522.079638421] [uav8.ladrc_position_controller]: 控制适应日志已写入: /home/yihuang/learning/LLM_swarm_ws/src/LLM-UAVswarm-performance/logs/control_adaptation_log.csv (mission=3105851890, uav=8)[0m
[ladrc_position_controller_node-8] [0m[INFO] [1785228522.079689687] [uav8.ladrc_position_controller]: 悬停稳定! pos_err=0.30m, vel=0.30m/s → is_hover_stable=true[0m
[ladrc_position_controller_node-2] [0m[INFO] [1785228522.632691764] [uav2.ladrc_position_controller]: UAV2 Ref[1.7,-4.3,3.0] Pos[1.67,-4.32,3.27] Cmd[-1.1,-2.2,-8.0][0m
[ladrc_position_controller_node-7] [0m[INFO] [1785228522.675471568] [uav7.ladrc_position_controller]: UAV7 Ref[-0.0,-23.4,3.0] Pos[-0.04,-23.46,3.29] Cmd[5.0,4.9,-8.0][0m
[ladrc_position_controller_node-1] [0m[INFO] [1785228522.680929400] [uav1.ladrc_position_controller]: UAV1 Ref[2.4,-3.0,3.0] Pos[2.39,-2.98,3.26] Cmd[-1.4,0.3,-8.0][0m
[ladrc_position_controller_node-3] [0m[INFO] [1785228522.691243268] [uav3.ladrc_position_controller]: UAV3 Ref[0.0,-6.6,3.0] Pos[-0.01,-6.62,3.28] Cmd[4.8,-0.6,-8.0][0m
[ladrc_position_controller_node-4] [0m[INFO] [1785228522.694251382] [uav4.ladrc_position_controller]: UAV4 Ref[-1.7,-10.3,3.0] Pos[-1.72,-10.33,3.28] Cmd[5.0,-0.6,-8.0][0m
[ladrc_position_controller_node-5] [0m[INFO] [1785228522.739504147] [uav5.ladrc_position_controller]: UAV5 Ref[-2.4,-15.0,3.0] Pos[-2.42,-15.02,3.27] Cmd[4.6,0.3,-8.0][0m
[ladrc_position_controller_node-8] [0m[INFO] [1785228522.839674920] [uav8.ladrc_position_controller]: UAV8 Ref[1.7,-25.7,3.0] Pos[1.68,-25.76,3.29] Cmd[-1.8,4.9,-8.0][0m
[ladrc_position_controller_node-6] [0m[INFO] [1785228522.880776230] [uav6.ladrc_position_controller]: UAV6 Ref[-1.7,-19.7,3.0] Pos[-1.72,-19.76,3.28] Cmd[4.9,5.0,-8.0][0m
[ladrc_position_controller_node-2] [0m[INFO] [1785228523.652677031] [uav2.ladrc_position_controller]: UAV2 Ref[1.7,-4.3,3.0] Pos[1.70,-4.30,3.26] Cmd[-1.2,-2.2,-8.0][0m
[ladrc_position_controller_node-7] [0m[INFO] [1785228523.675490619] [uav7.ladrc_position_controller]: UAV7 Ref[-0.0,-23.4,3.0] Pos[-0.04,-23.45,3.29] Cmd[5.0,5.0,-8.0][0m
[ladrc_position_controller_node-1] [0m[INFO] [1785228523.680929927] [uav1.ladrc_position_controller]: UAV1 Ref[2.4,-3.0,3.0] Pos[2.41,-2.99,3.25] Cmd[-1.5,0.2,-8.0][0m
[ladrc_position_controller_node-3] [0m[INFO] [1785228523.711232982] [uav3.ladrc_position_controller]: UAV3 Ref[0.0,-6.6,3.0] Pos[-0.00,-6.63,3.26] Cmd[4.8,-0.3,-8.0][0m
[ladrc_position_controller_node-4] [0m[INFO] [1785228523.714210239] [uav4.ladrc_position_controller]: UAV4 Ref[-1.7,-10.3,3.0] Pos[-1.70,-10.31,3.26] Cmd[4.9,-0.6,-8.0][0m
[ladrc_position_controller_node-5] [0m[INFO] [1785228523.739535170] [uav5.ladrc_position_controller]: UAV5 Ref[-2.4,-15.0,3.0] Pos[-2.41,-15.01,3.27] Cmd[4.8,0.3,-8.0][0m
[ladrc_position_controller_node-8] [0m[INFO] [1785228523.859652492] [uav8.ladrc_position_controller]: UAV8 Ref[1.7,-25.7,3.0] Pos[1.68,-25.74,3.29] Cmd[-1.3,5.0,-8.0][0m
[ladrc_position_controller_node-6] [0m[INFO] [1785228523.880790653] [uav6.ladrc_position_controller]: UAV6 Ref[-1.7,-19.7,3.0] Pos[-1.70,-19.72,3.27] Cmd[4.9,4.9,-8.0][0m
[ladrc_position_controller_node-2] [0m[INFO] [1785228524.652717712] [uav2.ladrc_position_controller]: UAV2 Ref[1.7,-4.3,3.0] Pos[1.70,-4.30,3.24] Cmd[-1.2,-2.3,-8.0][0m
[ladrc_position_controller_node-7] [0m[INFO] [1785228524.675517475] [uav7.ladrc_position_controller]: UAV7 Ref[-0.0,-23.4,3.0] Pos[-0.03,-23.43,3.27] Cmd[5.0,5.0,-8.0][0m
[ladrc_position_controller_node-1] [0m[INFO] [1785228524.680957744] [uav1.ladrc_position_controller]: UAV1 Ref[2.4,-3.0,3.0] Pos[2.41,-3.00,3.23] Cmd[-1.6,0.3,-8.0][0m
[ladrc_position_controller_node-4] [0m[INFO] [1785228524.714222156] [uav4.ladrc_position_controller]: UAV4 Ref[-1.7,-10.3,3.0] Pos[-1.69,-10.30,3.26] Cmd[4.8,-0.7,-8.0][0m
[ladrc_position_controller_node-3] [0m[INFO] [1785228524.731216095] [uav3.ladrc_position_controller]: UAV3 Ref[0.0,-6.6,3.0] Pos[0.00,-6.62,3.25] Cmd[4.7,-0.1,-8.0][0m
[ladrc_position_controller_node-5] [0m[INFO] [1785228524.759503245] [uav5.ladrc_position_controller]: UAV5 Ref[-2.4,-15.0,3.0] Pos[-2.40,-14.99,3.25] Cmd[4.6,0.1,-8.0][0m
[ladrc_position_controller_node-8] [0m[INFO] [1785228524.859695989] [uav8.ladrc_position_controller]: UAV8 Ref[1.7,-25.7,3.0] Pos[1.66,-25.72,3.27] Cmd[-1.0,5.0,-8.0][0m
[ladrc_position_controller_node-6] [0m[INFO] [1785228524.900811396] [uav6.ladrc_position_controller]: UAV6 Ref[-1.7,-19.7,3.0] Pos[-1.68,-19.70,3.26] Cmd[4.6,4.9,-8.0][0m
[WARNING] [launch]: user interrupted with ctrl-c (SIGINT)
[ladrc_position_controller_node-5] [0m[INFO] [1785228525.649252828] [rclcpp]: signal_handler(signum=2)[0m
[ladrc_position_controller_node-8] [0m[INFO] [1785228525.649250494] [rclcpp]: signal_handler(signum=2)[0m
[ladrc_position_controller_node-4] [0m[INFO] [1785228525.649254912] [rclcpp]: signal_handler(signum=2)[0m
[ladrc_position_controller_node-3] [0m[INFO] [1785228525.649258208] [rclcpp]: signal_handler(signum=2)[0m
[ladrc_position_controller_node-2] [0m[INFO] [1785228525.649259310] [rclcpp]: signal_handler(signum=2)[0m
[ladrc_position_controller_node-1] [0m[INFO] [1785228525.649261354] [rclcpp]: signal_handler(signum=2)[0m
[ladrc_position_controller_node-6] [0m[INFO] [1785228525.649255433] [rclcpp]: signal_handler(signum=2)[0m
[ladrc_position_controller_node-7] [0m[INFO] [1785228525.649256264] [rclcpp]: signal_handler(signum=2)[0m
[INFO] [ladrc_position_controller_node-8]: sending signal 'SIGINT' to process[ladrc_position_controller_node-8]
[INFO] [ladrc_position_controller_node-7]: sending signal 'SIGINT' to process[ladrc_position_controller_node-7]
[INFO] [ladrc_position_controller_node-6]: sending signal 'SIGINT' to process[ladrc_position_controller_node-6]
[INFO] [ladrc_position_controller_node-5]: sending signal 'SIGINT' to process[ladrc_position_controller_node-5]
[INFO] [ladrc_position_controller_node-4]: sending signal 'SIGINT' to process[ladrc_position_controller_node-4]
[INFO] [ladrc_position_controller_node-3]: sending signal 'SIGINT' to process[ladrc_position_controller_node-3]
[INFO] [ladrc_position_controller_node-2]: sending signal 'SIGINT' to process[ladrc_position_controller_node-2]
[INFO] [ladrc_position_controller_node-1]: sending signal 'SIGINT' to process[ladrc_position_controller_node-1]
[ladrc_position_controller_node-8] [0m[INFO] [1785228525.654314178] [rclcpp]: signal_handler(signum=2)[0m
[ladrc_position_controller_node-7] [0m[INFO] [1785228525.654927426] [rclcpp]: signal_handler(signum=2)[0m
[ladrc_position_controller_node-6] [0m[INFO] [1785228525.655700384] [rclcpp]: signal_handler(signum=2)[0m
[ladrc_position_controller_node-5] [0m[INFO] [1785228525.656420903] [rclcpp]: signal_handler(signum=2)[0m
[ladrc_position_controller_node-4] [0m[INFO] [1785228525.657257691] [rclcpp]: signal_handler(signum=2)[0m
[ladrc_position_controller_node-3] [0m[INFO] [1785228525.657940950] [rclcpp]: signal_handler(signum=2)[0m
[ladrc_position_controller_node-2] [0m[INFO] [1785228525.658589926] [rclcpp]: signal_handler(signum=2)[0m
[ladrc_position_controller_node-1] [0m[INFO] [1785228525.659282533] [rclcpp]: signal_handler(signum=2)[0m
[INFO] [ladrc_position_controller_node-5]: process has finished cleanly [pid 395104]
[INFO] [ladrc_position_controller_node-2]: process has finished cleanly [pid 395098]
[INFO] [ladrc_position_controller_node-7]: process has finished cleanly [pid 395108]
[INFO] [ladrc_position_controller_node-6]: process has finished cleanly [pid 395106]
[INFO] [ladrc_position_controller_node-8]: process has finished cleanly [pid 395110]
[INFO] [ladrc_position_controller_node-1]: process has finished cleanly [pid 395096]
[INFO] [ladrc_position_controller_node-3]: process has finished cleanly [pid 395100]
[INFO] [ladrc_position_controller_node-4]: process has finished cleanly [pid 395102]
