bag_time_ns,angular_velocity_0,angular_velocity_1,angular_velocity_2,orientation_variance_0,orientation_variance_1,orientation_variance_2,pose_frame,position_0,position_1,position_2,position_variance_0,position_variance_1,position_variance_2,q_0,q_1,q_2,q_3,quality,reset_counter,timestamp,timestamp_sample,velocity_0,velocity_1,velocity_2,velocity_frame,velocity_variance_0,velocity_variance_1,velocity_variance_2
1785206991922660064,-0.00069517444,0.0018596596,-0.0013929323,4.3905413e-05,4.306046e-05,0.03410032,1,0.0050979755,0.0016553804,0.15635903,0.10831247,0.10847044,0.08759436,0.70257545,-0.0011461489,0.0010240346,0.71160764,0,6,1785206991920120,1785206991920120,-0.0041027027,-0.018724311,0.094055295,1,0.014957579,0.014770259,0.006404832
1785206991930563715,0.0030332485,-0.0010698177,0.00020496437,4.3947643e-05,4.3101303e-05,0.034100663,1,0.005238955,0.001655813,0.15626818,0.10870344,0.10886266,0.08786745,0.70257634,-0.0011396742,0.0010288644,0.71160674,0,6,1785206991928120,1785206991928120,-0.003904353,-0.01879084,0.094146766,1,0.015026618,0.0148373,0.006417942
1785206991942585725,0.0011690382,-4.5523047e-06,-6.13553e-05,4.3993805e-05,4.314168e-05,0.034100994,1,0.0053769746,0.0016515562,0.15620227,0.10909678,0.10925723,0.08814148,0.7025761,-0.0011331766,0.0010299276,0.711607,0,6,1785206991936121,1785206991936121,-0.0038926606,-0.018789744,0.09420614,1,0.015095681,0.014904352,0.00643106
1785206991950617261,-0.000961493,-0.001602449,0.0015365422,4.4036555e-05,4.318441e-05,0.034101326,1,0.0055123903,0.0016439899,0.15615973,0.109492496,0.10965415,0.08841644,0.7025736,-0.0011338072,0.0010268036,0.7116095,0,6,1785206991944121,1785206991944121,-0.003778311,-0.018775826,0.09412332,1,0.015165267,0.014971921,0.0064441864
1785206991962615585,-0.0028257044,-0.0016024485,0.002335487,4.408003e-05,4.322537e-05,0.03410167,1,0.0056443512,0.0016315945,0.15610649,0.1098906,0.11005345,0.08806043,0.70256615,-0.00113474,0.001012761,0.7116169,0,6,1785206991952121,1785206991952121,-0.003935006,-0.019005276,0.09418923,1,0.015235135,0.015039716,0.0064333435
1785206991970616312,-0.0028256923,0.0007943027,-6.2048195e-05,4.416327e-05,4.330496e-05,0.034099042,1,0.0058993017,0.0015921954,0.15607384,0.110687196,0.11085664,0.0886111,0.7025646,-0.0011491238,0.000994739,0.7116184,0,6,1785206991968121,1785206991968121,-0.0035247423,-0.019285329,0.09461633,1,0.015364738,0.015170933,0.0064595994
1785206991982601071,0.0017016832,0.0018595671,-0.0013936238,4.4206536e-05,4.3344913e-05,0.034099378,1,0.006024008,0.0015655609,0.15609212,0.11109242,0.11126307,0.08888785,0.70256704,-0.0011543416,0.0009998558,0.711616,0,6,1785206991976121,1785206991976121,-0.0036028365,-0.019529605,0.09467604,1,0.01543527,0.015239376,0.006472741
1785206991990590906,0.0046311575,0.00026166998,-0.00086099276,4.4248827e-05,4.3387037e-05,0.034099713,1,0.006146589,0.0015336088,0.15613228,0.11150009,0.11167192,0.08916553,0.70257103,-0.0011449109,0.0010107113,0.71161205,0,6,1785206991984121,1785206991984121,-0.0033752045,-0.019657638,0.09471231,1,0.01550613,0.015308084,0.0064858897
1785206992002631452,0.00063641876,0.0010606186,-0.0005946775,4.433171e-05,4.34671e-05,0.0341004,1,0.0063848156,0.0014610402,0.15627255,0.11232282,0.11249696,0.089723736,0.7025695,-0.0011451396,0.0010153605,0.7116136,0,6,1785206992000121,1785206992000121,-0.0034499518,-0.01961162,0.094661094,1,0.015648387,0.0154461125,0.0065122144
1785206992010623201,0.001968002,0.0021258828,-0.004323103,4.4375247e-05,4.3510172e-05,0.034100734,1,0.0064991135,0.0014190763,0.15637365,0.1127379,0.11291316,0.090004265,0.70257914,-0.001145863,0.0010219926,0.71160406,0,6,1785206992008121,1785206992008121,-0.0035658514,-0.019716963,0.09491416,1,0.015719656,0.015515319,0.0065253903
1785206992022591317,0.0011690456,0.0010606195,0.0012695328,4.441806e-05,4.3552554e-05,0.034101076,1,0.006609965,0.0013733747,0.15647213,0.113155484,0.11333184,0.089631,0.70258003,-0.0011477167,0.0010305125,0.7116031,0,6,1785206992016121,1785206992016121,-0.0036132236,-0.019787123,0.09490431,1,0.01579161,0.015585108,0.006513621
1785206992030571192,0.0006364204,-0.0013362248,0.0015358485,4.446202e-05,4.3593944e-05,0.03410142,1,0.0067182826,0.0013247388,0.1565898,0.11357557,0.113753006,0.08991138,0.7025738,-0.0011427193,0.0010292938,0.7116093,0,6,1785206992024121,1785206992024121,-0.0035687005,-0.019747153,0.09500439,1,0.015863592,0.015654897,0.0065267924
1785206992042570778,0.0019680415,-4.838221e-06,-0.001661356,4.454445e-05,4.367743e-05,0.034098804,1,0.0069268215,0.0012202406,0.15688327,0.11441514,0.11459972,0.090475,0.7025801,-0.0011312555,0.0010283367,0.7116031,0,6,1785206992040121,1785206992040121,-0.0035399278,-0.019998148,0.09521036,1,0.015996771,0.015790058,0.0065531605
1785206992050596502,-0.0009614411,0.002125691,0.00073548965,4.4586806e-05,4.3716813e-05,0.03409914,1,0.0070283627,0.0011616229,0.15705767,0.11484268,0.11502836,0.090758234,0.7025809,-0.0011383237,0.0010293293,0.7116023,0,6,1785206992048121,1785206992048121,-0.0035029706,-0.020253351,0.095244125,1,0.01606965,0.015860738,0.006566356
1785206992064591235,0.0014354101,0.0013267407,-0.002992934,4.4630353e-05,4.3759163e-05,0.034099467,1,0.0071275965,0.001098506,0.15724872,0.11527279,0.11545954,0.09104243,0.70258474,-0.0011408991,0.0010356617,0.7115984,0,6,1785206992056121,1785206992056121,-0.0035271381,-0.020359322,0.09514304,1,0.016142806,0.015931746,0.0065795598
1785206992072569278,0.00090276764,-0.0032006325,-0.0059224125,4.4671033e-05,4.380225e-05,0.034099802,1,0.0072240788,0.0010322955,0.15745664,0.11570547,0.11589327,0.09132758,0.7026031,-0.0011324933,0.0010311625,0.7115804,0,6,1785206992064121,1785206992064121,-0.0036013569,-0.020470846,0.095309675,1,0.016216064,0.016002817,0.006592774
1785206992084553514,0.0006364573,0.0042562196,-0.0005960901,4.475792e-05,4.3884953e-05,0.034100473,1,0.0074092825,0.00088780135,0.15788506,0.11657861,0.11676843,0.09122458,0.70261306,-0.0011386758,0.00103688,0.71157056,0,6,1785206992080121,1785206992080121,-0.0036863626,-0.020801172,0.09591086,1,0.016363315,0.016145613,0.006593428
1785206992092551375,-0.0022930203,0.0005277945,0.0015344367,4.4799854e-05,4.3925083e-05,0.034100816,1,0.0074984124,0.00081069005,0.15812622,0.1170191,0.1172099,0.0915105,0.70261043,-0.0011460523,0.0010369642,0.71157306,0,6,1785206992088121,1785206992088121,-0.00362335,-0.02075471,0.095984764,1,0.016437434,0.016217528,0.006606646
1785206992104558946,-0.0014949492,-0.004798808,0.00020095933,4.484219e-05,4.3967055e-05,0.034097876,1,0.0075918552,0.00073381606,0.1583835,0.11745289,0.11765039,0.09179738,0.70260936,-0.0011423808,0.001018705,0.71157414,0,6,1785206992096121,1785206992096121,-0.0037582526,-0.020727571,0.09599565,1,0.016499836,0.01628434,0.0066198725
1785206992112529765,-0.0025602188,-0.001070383,0.002065161,4.4882487e-05,4.401086e-05,0.03409822,1,0.0076818746,0.00065429695,0.15865602,0.117898494,0.11809701,0.09208523,0.7026051,-0.0011428634,0.0010046085,0.71157837,0,6,1785206992104121,1785206992104121,-0.003921846,-0.020738414,0.09601531,1,0.016574498,0.0163568,0.006633106
1785206992124522418,-0.0009623179,0.00026119733,-0.0016632612,4.4968172e-05,4.4098935e-05,0.034098882,1,0.007852369,0.00049142225,0.15924731,0.11879768,0.11899816,0.09266381,0.7026095,-0.0011518765,0.0010009562,0.7115741,0,6,1785206992120121,1785206992120121,-0.0039504217,-0.020334326,0.09635188,1,0.016724322,0.016501939,0.0066596013
1785206992132486113,-0.00282653,0.0045222556,-0.0029948438,4.5013676e-05,4.4140397e-05,0.034099218,1,0.007935139,0.00040763177,0.15956728,0.119251296,0.11945272,0.09295456,0.7026181,-0.0011701465,0.0010030529,0.71156555,0,6,1785206992128121,1785206992128121,-0.0039471043,-0.020434838,0.09661265,1,0.016799841,0.01657516,0.00667286
1785206992144431946,0.00063557556,0.0021254108,-0.0013969429,4.505732e-05,4.417857e-05,0.034099568,1,0.00801495,0.0003215091,0.15986831,0.119707614,0.11990995,0.09254808,0.70262367,-0.0011797645,0.001009396,0.71156,0,6,1785206992136121,1785206992136121,-0.004136907,-0.020460228,0.09675974,1,0.016875617,0.016648538,0.0066593345
1785206992152464282,-0.00069600495,0.002125412,0.00046726564,4.5101107e-05,4.4219298e-05,0.034099918,1,0.008091381,0.0002317238,0.16018519,0.12016664,0.12036987,0.092838585,0.70262474,-0.0011852098,0.0010139347,0.711559,0,6,1785206992144121,1785206992144121,-0.0042197877,-0.020740137,0.097026005,1,0.016951712,0.01672244,0.0066725905
1785206992164492523,-0.00016337144,0.003989625,-6.536423e-05,4.519023e-05,4.4301592e-05,0.034100603,1,0.00823882,4.1939027e-05,0.16086847,0.12109289,0.12129782,0.09342251,0.7026275,-0.001210795,0.0010294524,0.71155614,0,6,1785206992160121,1785206992160121,-0.0042795637,-0.020820018,0.09766302,1,0.01710441,0.016870558,0.006699125
1785206992172460687,0.00063540053,0.0010599187,0.0009983158,4.5235713e-05,4.434215e-05,0.03409768,1,0.008310224,-5.4694363e-05,0.16123348,0.121549174,0.12176166,0.093715936,0.7026266,-0.0012150939,0.0010375233,0.71155703,0,6,1785206992168121,1785206992168121,-0.0042416975,-0.020953106,0.097910136,1,0.017168328,0.016939327,0.006712405
1785206992184415838,0.0032985639,-0.00080429344,0.00019937128,4.5277768e-05,4.4383283e-05,0.034098014,1,0.008379409,-0.00015371975,0.16161408,0.122019015,0.122232385,0.09401034,0.70262605,-0.001208437,0.001042317,0.71155757,0,6,1785206992176121,1785206992176121,-0.0044146706,-0.02088372,0.098332085,1,0.017245285,0.017014012,0.0067256945
1785206992192401014,0.0009017192,-0.0013369252,-0.0003332688,4.5319637e-05,4.44252e-05,0.03409835,1,0.008445088,-0.00025479298,0.16200998,0.122491635,0.12270587,0.094305724,0.7026266,-0.0011983446,0.0010415253,0.71155703,0,6,1785206992184121,1785206992184121,-0.0045880256,-0.021001814,0.09856616,1,0.01732254,0.017089004,0.0067389915
1785206992204482046,0.0011680317,0.0010599205,0.0015309488,4.540754e-05,4.4507735e-05,0.03409902,1,0.008568552,-0.00046623274,0.16276665,0.1234453,0.12366115,0.09417861,0.7026266,-0.0012022692,0.0010467044,0.71155703,0,6,1785206992200121,1785206992200121,-0.0047036787,-0.021277841,0.09888974,1,0.017478203,0.017239757,0.0067379368
1785206992212495236,0.002765933,-0.002934821,0.0015309486,4.5453122e-05,4.454893e-05,0.034099355,1,0.008627255,-0.0005761379,0.16316648,0.12392637,0.12414299,0.09447468,0.70262146,-0.0011887462,0.0010464529,0.7115621,0,6,1785206992208121,1785206992208121,-0.004695997,-0.021359077,0.09895292,1,0.017556563,0.017315736,0.0067512365
1785206992224406352,-0.0009624966,-5.343929e-06,0.00019936285,4.5494136e-05,4.4590055e-05,0.03409969,1,0.008684612,-0.0006881543,0.1635794,0.12441028,0.12462764,0.094771735,0.7026216,-0.0011868735,0.0010427713,0.711562,0,6,1785206992216121,1785206992216121,-0.0046203462,-0.021266753,0.09912863,1,0.017634952,0.017391756,0.0067645446
1785206992232430663,-0.00042986276,0.0010599196,0.00019936763,4.5536082e-05,4.4632015e-05,0.034100033,1,0.00874036,-0.0008001282,0.16400619,0.12489705,0.12511511,0.09506979,0.7026206,-0.0011917914,0.0010428559,0.711563,0,6,1785206992224121,1785206992224121,-0.004681574,-0.02100492,0.09940715,1,0.017713543,0.017467907,0.006777861
1785206992244397086,-0.0014950362,-0.0005385126,-0.0011359307,4.5629502e-05,4.4716817e-05,0.034097433,1,0.008842662,-0.0010284999,0.16489962,0.1258664,0.12609364,0.09566885,0.7026315,-0.0012008132,0.0010355936,0.71155214,0,6,1785206992240121,1785206992240121,-0.0050214925,-0.021671219,0.09984201,1,0.017857702,0.017614942,0.0068045203
1785206992252474298,-0.00016345351,0.0010593846,-0.0011359367,4.5668476e-05,4.4761153e-05,0.03409777,1,0.008889526,-0.0011465019,0.16536562,0.12636161,0.1265896,0.09596987,0.7026356,-0.0012004207,0.0010343138,0.7115482,0,6,1785206992248121,1785206992248121,-0.005023272,-0.021757321,0.09995251,1,0.017937226,0.017692186,0.006817863
1785206992264383261,0.0009018052,-0.0013374584,0.0009945936,4.5709327e-05,4.480559e-05,0.034098104,1,0.008935184,-0.0012667353,0.1658077,0.12685974,0.12708843,0.09552781,0.7026373,-0.0011996691,0.0010379724,0.7115464,0,6,1785206992256121,1785206992256121,-0.004978484,-0.021854032,0.10012079,1,0.018017048,0.017769711,0.006802504
1785206992272343580,-0.0025602947,-0.0021364088,-0.0019348902,4.5754445e-05,4.4848617e-05,0.034098446,1,0.008978641,-0.0013896758,0.16626231,0.1273608,0.12759016,0.09582848,0.7026418,-0.0011961596,0.001023225,0.71154207,0,6,1785206992264121,1785206992264121,-0.0051632854,-0.022000838,0.10024863,1,0.018097023,0.017847443,0.0068158405
1785206992284365769,0.0011680174,-0.0008164621,0.0007333123,4.330491e-05,4.251509e-05,0.034097876,1,0.009021805,-0.0012438057,0.16642292,0.10637115,0.10652018,0.08652209,0.702646,-0.001194948,0.0010243093,0.7115379,0,6,1785206992280121,1785206992280121,-0.0053787576,-0.02236827,0.09998863,1,0.014553808,0.014373258,0.006311913
1785206992292346467,0.0032985474,0.0031782791,0.0049943696,4.3349526e-05,4.2555435e-05,0.03409822,1,0.009022818,-0.0009823567,0.16614644,0.10675006,0.10690036,0.08679042,0.70263535,-0.0011915142,0.0010386592,0.7115484,0,6,1785206992288121,1785206992288121,-0.0054604937,-0.022256145,0.09990459,1,0.014620958,0.014438584,0.006324845
1785206992304339791,0.0006353916,0.0015803825,0.00020067804,4.339295e-05,4.2595468e-05,0.034098554,1,0.0090226345,-0.0007318022,0.16590033,0.107131265,0.107282795,0.08705967,0.70263416,-0.0011921731,0.0010443346,0.7115495,0,6,1785206992296121,1785206992296121,-0.00551331,-0.022309186,0.09988664,1,0.014688364,0.01450401,0.006337784
1785206992312337471,-0.00016356085,-0.0024143588,0.0009996274,4.3438748e-05,4.2635933e-05,0.034098905,1,0.009021392,-0.0004923607,0.1656837,0.10751478,0.10766752,0.08732984,0.7026353,-0.0011882454,0.0010402714,0.7115485,0,6,1785206992304121,1785206992304121,-0.005673154,-0.02230769,0.09984763,1,0.01475588,0.014569491,0.006350733
1785206992324327879,0.001168174,-0.0005501881,0.0009992737,4.3528013e-05,4.2716474e-05,0.034096327,1,0.009011597,-3.9754756e-05,0.16522932,0.10828268,0.10844166,0.08725453,0.70263225,-0.0011686783,0.0010319336,0.71155155,0,6,1785206992320121,1785206992320121,-0.006000585,-0.021813482,0.100143045,1,0.014881812,0.014697057,0.0063534863
1785206992332327303,-0.00042972143,-0.0002838727,0.0007329567,4.3569114e-05,4.2754622e-05,0.03409667,1,0.009004653,0.00017321395,0.1650483,0.10867306,0.10883327,0.087525554,0.70263183,-0.001166613,0.0010290714,0.7115519,0,6,1785206992328121,1785206992328121,-0.005921007,-0.02181786,0.10030767,1,0.014949911,0.014763339,0.0063664415
1785206992344301630,0.0001029101,0.0007813922,-0.0005986222,4.3608394e-05,4.279318e-05,0.034097005,1,0.008997578,0.00037714062,0.16489537,0.109065786,0.10922721,0.0877975,0.7026356,-0.0011671989,0.0010288459,0.7115482,0,6,1785206992336121,1785206992336121,-0.0060409186,-0.021615753,0.1002347,1,0.0150185,0.014830023,0.006379404
1785206992352322725,0.000102908816,0.0007813922,-6.5990884e-05,4.3650223e-05,4.283365e-05,0.03409734,1,0.008988685,0.0005731298,0.16476889,0.10946088,0.1096235,0.08807038,0.702639,-0.0011662705,0.0010286532,0.7115449,0,6,1785206992344121,1785206992344121,-0.006184257,-0.021520201,0.10012604,1,0.0150875505,0.014897097,0.006392375
1785206992364332080,0.00010290963,-1.755543e-05,-0.0019302034,4.3732183e-05,4.2911433e-05,0.034098014,1,0.008965216,0.0009401968,0.16459851,0.11025824,0.11042317,0.088618904,0.7026468,-0.0011734238,0.0010267658,0.7115372,0,6,1785206992360121,1785206992360121,-0.0064850687,-0.021387966,0.10062848,1,0.015226082,0.0150315855,0.0064183422
1785206992372316705,-0.0036255135,0.00024876045,-0.002729154,4.3772732e-05,4.2952037e-05,0.034098364,1,0.008951401,0.001110825,0.16455328,0.110660516,0.11082658,0.08889457,0.70265615,-0.0011803148,0.0010141459,0.71152794,0,6,1785206992368121,1785206992368121,-0.0066655534,-0.02135177,0.100664556,1,0.015295679,0.01509917,0.0064313393
1785206992384286554,0.00036922324,-1.7553568e-05,0.0009992769,4.381548e-05,4.2993168e-05,0.034098715,1,0.008935087,0.0012737844,0.16451181,0.11106522,0.111232385,0.08853245,0.7026575,-0.0011808496,0.0010117664,0.7115266,0,6,1785206992376121,1785206992376121,-0.0069755446,-0.021278825,0.10076015,1,0.015365389,0.0151669895,0.0064202487
1785206992392257143,-0.00043076684,0.004509941,0.0012665967,4.3857148e-05,4.3034055e-05,0.034095816,1,0.008923294,0.0014283536,0.1644954,0.11146519,0.11163795,0.08880799,0.702657,-0.0011897278,0.0010199009,0.7115271,0,6,1785206992384121,1785206992384121,-0.007095169,-0.021239363,0.10082377,1,0.015425015,0.015230429,0.006433241
1785206992404299781,0.0006344987,0.00051519973,-0.00059761247,4.3940323e-05,4.3117383e-05,0.03409648,1,0.0088985255,0.0017136849,0.16453461,0.11228652,0.112461545,0.08936189,0.70266145,-0.0012005978,0.0010189164,0.71152264,0,6,1785206992400121,1785206992400121,-0.0070459964,-0.021302627,0.101146705,1,0.0155660845,0.015367392,0.006459251
1785206992412299615,-0.0012297152,0.00078151515,0.0007339637,4.3982716e-05,4.3157117e-05,0.03409682,1,0.0088852625,0.0018450834,0.16459063,0.11270089,0.112877004,0.089640245,0.7026621,-0.0012033891,0.0010188413,0.711522,0,6,1785206992408121,1785206992408121,-0.007042099,-0.021291276,0.10134303,1,0.015636995,0.015436198,0.0064722695
1785206992424274444,-0.0012297136,0.0005152002,0.00046764995,4.4020857e-05,4.3199518e-05,0.034097157,1,0.008870578,0.0019684068,0.16466877,0.11311773,0.11329493,0.08991954,0.702662,-0.0012072788,0.0010146307,0.7115221,0,6,1785206992416121,1785206992416121,-0.0072565326,-0.02142675,0.10128194,1,0.015708229,0.015505423,0.0064852955
1785206992432246755,-0.0012297124,-0.00081638154,-0.00033129848,4.4063636e-05,4.324045e-05,0.034097485,1,0.008853542,0.0020843172,0.1647671,0.11353707,0.11371533,0.09019977,0.70266336,-0.0012077602,0.0010078143,0.71152073,0,6,1785206992424121,1785206992424121,-0.0074013374,-0.021383619,0.10106769,1,0.015779858,0.015574882,0.006498329
1785206992444228517,-0.00043076475,0.0013141478,-0.00033129987,4.4149365e-05,4.3318018e-05,0.03409817,1,0.008819307,0.002297296,0.16500428,0.11438332,0.114563614,0.09010348,0.70266974,-0.0012053242,0.0009938525,0.7115145,0,6,1785206992440121,1785206992440121,-0.007340331,-0.021381497,0.101096995,1,0.015923914,0.01571473,0.0064995033
1785206992452278177,-0.0006970819,0.002645729,-0.00086393184,4.4193315e-05,4.3357857e-05,0.034098506,1,0.008800434,0.0023925402,0.16515344,0.11481024,0.11499152,0.0903845,0.70267355,-0.0012123005,0.0009964881,0.71151066,0,6,1785206992448121,1785206992448121,-0.007358586,-0.021537933,0.10123234,1,0.015996223,0.01578484,0.0065125423
1785206992464222928,-0.0022947434,-0.00028368924,0.00073436904,4.4234028e-05,4.3398668e-05,0.03409564,1,0.008779968,0.0024808885,0.16532269,0.11523121,0.11541876,0.09066646,0.7026743,-0.0012185103,0.0009916598,0.7115099,0,6,1785206992456121,1785206992456121,-0.0072816,-0.021406261,0.10128077,1,0.016057322,0.01585014,0.0065255887
1785206992472200720,0.0011673695,-0.0005500065,-0.0011298418,4.4272758e-05,4.343868e-05,0.034095977,1,0.008757785,0.0025631166,0.16551109,0.11566309,0.11585167,0.09094937,0.7026773,-0.0012138512,0.0009888379,0.711507,0,6,1785206992464121,1785206992464121,-0.0075857043,-0.021454554,0.101372726,1,0.016129823,0.015920667,0.0065386444
1785206992484202340,-0.0033600046,-0.0010826397,0.00020173786,4.435548e-05,4.3519303e-05,0.034096662,1,0.008704739,0.002709084,0.16594532,0.11653459,0.116725154,0.09151805,0.70267385,-0.0012226241,0.0009689557,0.7115104,0,6,1785206992480121,1785206992480121,-0.008289425,-0.021509072,0.10155112,1,0.016275663,0.016062252,0.006564781
1785206992492182988,0.0011673691,-0.0021479032,-0.0011298415,4.4398377e-05,4.3560245e-05,0.034097005,1,0.008673033,0.0027717503,0.16618922,0.11697424,0.11716575,0.09180382,0.70267695,-0.0012150544,0.00096406153,0.7115074,0,6,1785206992488121,1785206992488121,-0.008543106,-0.021670148,0.10167137,1,0.016349174,0.016133701,0.006577862
1785206992504206459,0.0011673707,0.0010478916,-0.0045919553,4.4441018e-05,4.360097e-05,0.034097333,1,0.008639853,0.002828186,0.16642457,0.11741651,0.11760895,0.09140948,0.70268947,-0.0012113501,0.00096671534,0.71149504,0,6,1785206992496121,1785206992496121,-0.008647725,-0.021601697,0.1019479,1,0.01642304,0.01620546,0.0065650647
1785206992512198388,0.0009010479,0.002645789,0.0010006835,4.44852e-05,4.3643486e-05,0.034097668,1,0.008604699,0.002879373,0.16667832,0.117861405,0.118054755,0.09169503,0.7026909,-0.0012125919,0.0009735554,0.71149355,0,6,1785206992504121,1785206992504121,-0.008862415,-0.021630209,0.10198472,1,0.016496805,0.016277207,0.006578141
1785206992524193356,0.0011677899,-0.0008165175,0.0007329003,4.4569642e-05,4.3728338e-05,0.034095153,1,0.008524622,0.0029649395,0.16723652,0.11874931,0.1189505,0.09226901,0.70270044,-0.0012147592,0.000976466,0.71148413,0,6,1785206992520121,1785206992520121,-0.009140984,-0.021542182,0.1020847,1,0.016633341,0.01641611,0.0066043166
1785206992532202347,0.00063516595,-0.00055020256,0.00020026352,4.461222e-05,4.376984e-05,0.034095496,1,0.008481413,0.0030014175,0.16754161,0.11920202,0.11940413,0.09255744,0.7026991,-0.0012077764,0.00097523915,0.71148545,0,6,1785206992528121,1785206992528121,-0.009242555,-0.021523427,0.10245917,1,0.016708037,0.016488813,0.006617417
1785206992544182897,-0.0009627334,0.00024874695,-0.00033236723,4.4658696e-05,4.3811015e-05,0.03409583,1,0.008437357,0.0030323619,0.16786452,0.119657405,0.11986041,0.092846826,0.70270115,-0.0012102468,0.0009728707,0.7114834,0,6,1785206992536121,1785206992536121,-0.009213875,-0.0215833,0.10258397,1,0.016783051,0.01656168,0.006630526
1785206992552201647,0.0006351646,-0.0010828348,-0.0021965785,4.4703866e-05,4.385385e-05,0.03409616,1,0.0083927745,0.0030579434,0.16820398,0.120115496,0.12031937,0.09313718,0.7027073,-0.0012063629,0.0009709635,0.7114774,0,6,1785206992544121,1785206992544121,-0.009349267,-0.021575242,0.10290373,1,0.016858393,0.016634667,0.006643643
1785206992564223977,-0.00016378937,-0.0018817806,0.0012655325,4.4790606e-05,4.393683e-05,0.034096837,1,0.008298705,0.003090806,0.16889815,0.12103982,0.121245354,0.09301767,0.70271564,-0.001200947,0.00096353085,0.71146923,0,6,1785206992560121,1785206992560121,-0.0095636,-0.021959053,0.103112765,1,0.017009536,0.01678126,0.0066431626
1785206992572178665,-0.0006964187,-0.004278626,0.000999211,4.483371e-05,4.3979424e-05,0.03409718,1,0.008249645,0.003098707,0.16926794,0.121506095,0.1217124,0.093308724,0.7027144,-0.0011907134,0.0009524146,0.7114705,0,6,1785206992568121,1785206992568121,-0.009825246,-0.021881452,0.10327195,1,0.017085863,0.016855367,0.0066562826
1785206992584170847,-0.00043010176,-0.00081651704,0.0012655309,4.48756e-05,4.4021923e-05,0.034097522,1,0.008198287,0.003102134,0.16965377,0.121975124,0.12218218,0.09360075,0.70271087,-0.0011865431,0.00094131543,0.711474,0,6,1785206992576121,1785206992576121,-0.009980246,-0.02187429,0.1035928,1,0.017162533,0.016929831,0.006669411
1785206992592146815,0.0022330594,0.00024874695,0.0017981613,4.4915516e-05,4.406469e-05,0.034097865,1,0.008145681,0.0031014832,0.17005703,0.122446924,0.122654706,0.093893744,0.70270765,-0.0011821565,0.000949476,0.71147716,0,6,1785206992584121,1785206992584121,-0.010065863,-0.021782083,0.10418485,1,0.01723925,0.017004097,0.0066825487
1785206992604265769,-0.00043064135,0.0010478236,-0.0008640211,4.5003522e-05,4.4148786e-05,0.03409536,1,0.008051186,0.0030841702,0.17091385,0.12338716,0.12360357,0.09448265,0.70270294,-0.001194125,0.000949618,0.7114818,0,6,1785206992600121,1785206992600121,-0.009782146,-0.021997118,0.10487224,1,0.017380415,0.017147815,0.0067088455
1785206992612153028,0.00036830507,0.0002488764,-6.507445e-05,4.504711e-05,4.419211e-05,0.034095697,1,0.008002967,0.003067236,0.17136452,0.12386716,0.12408432,0.09477857,0.7027045,-0.0011939635,0.000949981,0.7114802,0,6,1785206992608121,1785206992608121,-0.00997997,-0.022137793,0.10494755,1,0.017457819,0.017222887,0.0067220083
1785206992624165960,0.0038304194,-0.00028375443,-0.0013966544,4.5088855e-05,4.4233177e-05,0.034096047,1,0.007952943,0.0030445596,0.17180048,0.12434999,0.12456788,0.09434972,0.70270604,-0.001181831,0.0009572448,0.71147865,0,6,1785206992616121,1785206992616121,-0.010107101,-0.022355432,0.10522165,1,0.01753555,0.017298477,0.006707431
1785206992632165644,0.001966203,0.0029120387,-0.002728237,4.5132012e-05,4.427566e-05,0.034096383,1,0.007901811,0.003018094,0.17225249,0.12483566,0.12505424,0.09464532,0.702714,-0.0011825877,0.00097049016,0.7114708,0,6,1785206992624121,1785206992624121,-0.010166819,-0.022005001,0.10570767,1,0.017613431,0.017374234,0.006720586
1785206992644202331,0.00090093643,0.0013141418,0.0031307184,4.5213936e-05,4.4362285e-05,0.034097046,1,0.0078002852,0.0029566765,0.17320026,0.1258156,0.12603545,0.09523946,0.7027093,-0.0011886321,0.0009858175,0.7114755,0,6,1785206992640121,1785206992640121,-0.009896703,-0.022069035,0.10595337,1,0.017770467,0.017526917,0.0067469203
1785206992652187227,0.0016998863,0.0015804579,0.0033970342,4.5257173e-05,4.440259e-05,0.03409739,1,0.007749014,0.00292018,0.17369318,0.12630989,0.12653033,0.095538005,0.70269936,-0.001187554,0.0009935811,0.7114853,0,6,1785206992648121,1785206992648121,-0.010078041,-0.021821953,0.106074646,1,0.01784909,0.017603256,0.006760101
1785206992664161594,0.0006346277,-0.0010827044,-0.0013966574,4.5302237e-05,4.4443168e-05,0.034097727,1,0.007696762,0.0028808238,0.17419858,0.12680708,0.1270281,0.09583753,0.7026992,-0.0011834681,0.0009946069,0.71148545,0,6,1785206992656121,1785206992656121,-0.010041075,-0.021890286,0.106209196,1,0.01792828,0.01768019,0.0067732898
1785206992672135830,0.001699338,0.0010479381,0.0015336766,4.5347242e-05,4.4485347e-05,0.034094892,1,0.0076496378,0.0028371895,0.17471638,0.12729374,0.12752359,0.096138045,0.702699,-0.0011813334,0.001001308,0.71148556,0,6,1785206992664121,1785206992664121,-0.009941746,-0.021664016,0.106359795,1,0.01799379,0.017751185,0.006786486
1785206992684164551,0.0016972097,-0.0032186653,-0.0016597436,4.2962783e-05,4.2208805e-05,0.034092993,1,0.0075885393,0.0029332084,0.17490849,0.106344156,0.10649453,0.08617831,0.7027006,-0.0011604414,0.0009900569,0.7114841,0,6,1785206992680121,1785206992680121,-0.010395857,-0.021589013,0.10641718,1,0.014483171,0.014307397,0.0062621753
1785206992692167462,0.00036563515,-0.0026860326,-0.0029913266,4.30038e-05,4.224911e-05,0.034093328,1,0.0075720917,0.0030679584,0.17463517,0.10672253,0.10687413,0.08644459,0.70270675,-0.0011511246,0.0009821538,0.711478,0,6,1785206992688121,1785206992688121,-0.010538186,-0.021421073,0.10627515,1,0.014549814,0.014372081,0.006274961
1785206992704200111,9.931554e-05,0.0010423963,-0.0029913303,4.304369e-05,4.2288146e-05,0.034093663,1,0.0075540068,0.0031966968,0.17439222,0.10710319,0.107255995,0.08671177,0.702717,-0.0011460385,0.0009829119,0.71146786,0,6,1785206992696121,1785206992696121,-0.01053125,-0.021097045,0.106040604,1,0.014616525,0.014436974,0.0062877545
1785206992712158566,0.0011645756,-0.00082181673,0.0018023702,4.308425e-05,4.232721e-05,0.034094,1,0.007534772,0.003319703,0.17417954,0.10748614,0.10764013,0.08697987,0.7027155,-0.0011484869,0.0009821659,0.71146935,0,6,1785206992704121,1785206992704121,-0.010551964,-0.020930823,0.10604458,1,0.014683668,0.014502222,0.0063005555
1785206992724173381,0.0014308926,0.00024344586,-0.00059447973,4.3160173e-05,4.2407275e-05,0.034094684,1,0.0074890917,0.0035481553,0.17384428,0.10825899,0.1084153,0.087518804,0.70272267,-0.0011426304,0.0009932385,0.7114623,0,6,1785206992720121,1785206992720121,-0.010936879,-0.020500818,0.106018424,1,0.014818803,0.014633629,0.0063261827
1785206992732194215,9.93124e-05,0.0029066077,0.00047078132,4.3198284e-05,4.2448235e-05,0.034095023,1,0.007462932,0.0036534045,0.17372003,0.1086489,0.10880634,0.08778964,0.70272374,-0.0011448212,0.0009989752,0.71146125,0,6,1785206992728121,1785206992728121,-0.011020121,-0.02043042,0.105993256,1,0.01488653,0.014699506,0.0063390085
1785206992744146150,-0.0028299852,0.0015748828,-6.295055e-05,4.3239852e-05,4.248555e-05,0.034092274,1,0.00743348,0.0037532416,0.17361051,0.10903482,0.109197415,0.087438434,0.70272136,-0.0011571597,0.000998277,0.71146363,0,6,1785206992736121,1785206992736121,-0.011172687,-0.02031215,0.10609235,1,0.014944226,0.014760842,0.006328581
1785206992752159090,0.0016973855,-0.0002893284,-0.0005955785,4.32816e-05,4.2526306e-05,0.034092616,1,0.0074008116,0.0038463513,0.1735291,0.10942931,0.10959306,0.08770918,0.70272416,-0.0011559722,0.000998432,0.7114608,0,6,1785206992744121,1785206992744121,-0.011586781,-0.020388128,0.10615124,1,0.015012378,0.014826785,0.006341405
1785206992764160159,0.0022300214,-0.0013545905,0.0012686317,4.3365508e-05,4.2606775e-05,0.0340933,1,0.0073248134,0.004010607,0.17344478,0.1102254,0.11039143,0.08825343,0.70272034,-0.0011434606,0.0009962488,0.71146464,0,6,1785206992760121,1785206992760121,-0.012022885,-0.020482957,0.10601671,1,0.015149808,0.014960269,0.0063670753
1785206992772210269,0.0003658086,-0.00215354,-0.0021934828,4.3405704e-05,4.2642867e-05,0.034093637,1,0.0072830087,0.004083071,0.17344132,0.11062703,0.110794164,0.088526934,0.70272535,-0.0011343964,0.0009916154,0.71145964,0,6,1785206992768121,1785206992768121,-0.01220255,-0.020559017,0.106244415,1,0.015218878,0.015027337,0.0063799224
1785206992784174878,0.0016973825,-0.0034851218,-0.00059558114,4.344965e-05,4.2680247e-05,0.034093972,1,0.007239138,0.0041483953,0.17346457,0.11103107,0.11119929,0.08880136,0.7027293,-0.0011211942,0.0009851443,0.71145576,0,6,1785206992776121,1785206992776121,-0.012388023,-0.02067492,0.106493,1,0.015287765,0.015094419,0.0063927793
1785206992792156818,-0.00016682653,0.0005096211,0.0007359938,4.349377e-05,4.2719133e-05,0.034094315,1,0.0071917307,0.004207407,0.1735125,0.11143753,0.11160681,0.08907671,0.70272714,-0.0011170718,0.0009839169,0.7114579,0,6,1785206992784121,1785206992784121,-0.012831061,-0.020610167,0.106493406,1,0.015357281,0.015161799,0.006405644
1785206992804174418,-0.0022973549,-0.00082195783,-0.0024597996,4.3578697e-05,4.2796615e-05,0.034094993,1,0.007089658,0.0043101567,0.17359908,0.11225776,0.1124291,0.08898693,0.7027342,-0.0011246753,0.0009761219,0.71145105,0,6,1785206992800121,1785206992800121,-0.01296004,-0.020582229,0.10655484,1,0.015497317,0.015297827,0.006407337
1785206992812188700,-0.0014988708,-0.00028934237,-6.303139e-05,4.361897e-05,4.2835778e-05,0.034092225,1,0.0070397225,0.004352357,0.17367785,0.11266397,0.112841114,0.08926309,0.70273614,-0.0011269668,0.00096849154,0.7114491,0,6,1785206992808121,1785206992808121,-0.013037408,-0.020737367,0.10658535,1,0.015556963,0.01536128,0.006420206
1785206992824139503,-0.0033630827,0.0045043477,0.00046959813,4.3661126e-05,4.287412e-05,0.034092568,1,0.0069881086,0.004388576,0.1737794,0.1130801,0.1132583,0.08954017,0.7027353,-0.001145138,0.00096906465,0.7114498,0,6,1785206992816121,1785206992816121,-0.013164267,-0.02071525,0.106683314,1,0.015627425,0.015429711,0.0064330837
1785206992832128607,-0.000167288,0.0013085529,-0.00086197496,4.369999e-05,4.2913765e-05,0.034092918,1,0.006935054,0.0044188835,0.17390418,0.11349872,0.113677956,0.08981819,0.70273715,-0.0011561762,0.00097081927,0.71144795,0,6,1785206992824121,1785206992824121,-0.013163103,-0.020935422,0.106940806,1,0.015698407,0.015498762,0.0064459685
1785206992844106451,0.0008979746,-0.0010882905,-0.0019272444,4.3775683e-05,4.2992033e-05,0.034093603,1,0.0068251514,0.004459111,0.17419869,0.11434346,0.1145247,0.08972099,0.702747,-0.0011508174,0.0009771559,0.7114383,0,6,1785206992840121,1785206992840121,-0.013362444,-0.021301996,0.10737123,1,0.015840746,0.015637362,0.0064470926
1785206992852151261,0.0014306037,-0.0018872386,0.0020674989,4.381659e-05,4.3030854e-05,0.03409394,1,0.0067670643,0.0044704378,0.17436664,0.11476961,0.11495182,0.08999977,0.70274395,-0.0011419009,0.0009742064,0.7114413,0,6,1785206992848121,1785206992848121,-0.013603035,-0.021293841,0.107495666,1,0.015912425,0.015707038,0.0064599835
1785206992864112234,-0.00043360668,-0.0008219755,0.002866442,4.385859e-05,4.307144e-05,0.03409428,1,0.006706367,0.004476954,0.17455536,0.1151983,0.11538146,0.0902795,0.70273674,-0.0011371393,0.0009709009,0.71144843,0,6,1785206992856121,1785206992856121,-0.013830014,-0.021325879,0.107472144,1,0.015984228,0.015776793,0.006472882
1785206992872123700,9.902916e-05,-0.0024198708,0.0004696048,4.3900527e-05,4.3109172e-05,0.034094617,1,0.006643024,0.004478257,0.17476371,0.11562955,0.11581362,0.09056016,0.7027348,-0.0011346454,0.00096459856,0.7114504,0,6,1785206992864121,1785206992864121,-0.013989594,-0.021411395,0.10753042,1,0.016056316,0.015847007,0.0064857877
1785206992884103919,0.0024955599,0.0015746676,-0.0003308282,4.398613e-05,4.3187873e-05,0.034092207,1,0.006515,0.0044656405,0.175241,0.11649076,0.11668224,0.0911243,0.70273226,-0.0011214936,0.00096269994,0.7114529,0,6,1785206992880121,1785206992880121,-0.014390033,-0.02182628,0.1078968,1,0.016189765,0.015982827,0.0065116235
1785206992892104595,0.002229245,0.0034388811,0.00020180238,4.4030177e-05,4.323033e-05,0.03409254,1,0.0064465045,0.0044517484,0.17550895,0.116929576,0.117121994,0.09140779,0.702732,-0.0011225684,0.00097644504,0.71145314,0,6,1785206992888121,1785206992888121,-0.014727715,-0.021621667,0.10799231,1,0.016262496,0.016053597,0.0065245535
1785206992904103890,0.0008976646,0.0018409844,-0.00086346164,4.407178e-05,4.3270233e-05,0.034092877,1,0.0063753943,0.0044347905,0.1757959,0.11737099,0.117564335,0.091692224,0.7027337,-0.0011289072,0.0009856707,0.7114514,0,6,1785206992896121,1785206992896121,-0.014872481,-0.02163891,0.10822228,1,0.016335603,0.0161249,0.00653749
1785206992912098695,0.0011639833,-2.3226254e-05,-0.0027276797,4.4112232e-05,4.3310174e-05,0.034093212,1,0.006302064,0.004412377,0.17609596,0.11781503,0.11800926,0.09129822,0.70273995,-0.0011209293,0.0009904933,0.71144533,0,6,1785206992904121,1785206992904121,-0.0150798205,-0.021807203,0.10859458,1,0.016409144,0.016196499,0.0065247915
1785206992924101347,0.0024955631,-0.001354808,0.0004681203,4.419176e-05,4.3388285e-05,0.03409389,1,0.006147517,0.004353176,0.17674993,0.11871102,0.118906945,0.091867596,0.702738,-0.0011071623,0.0009844316,0.71144724,0,6,1785206992920121,1785206992920121,-0.015447921,-0.021857388,0.10865178,1,0.016556619,0.016339881,0.0065506664
1785206992932137851,0.000631353,0.002639933,-0.0032603086,4.422988e-05,4.3427364e-05,0.03409422,1,0.006068232,0.0043173567,0.17710246,0.11916299,0.11935973,0.09215371,0.7027449,-0.0011078907,0.0009889246,0.7114404,0,6,1785206992928121,1785206992928121,-0.015406985,-0.021864777,0.10890191,1,0.016630663,0.016411852,0.0065636155
1785206992944205047,-0.000966551,0.00077572046,0.0017996988,4.4270782e-05,4.3467222e-05,0.034094553,1,0.0059883273,0.0042788438,0.17747359,0.11961763,0.11981516,0.09244078,0.70274353,-0.0011146431,0.0009926732,0.71144176,0,6,1785206992936126,1785206992936126,-0.015451592,-0.021589056,0.10927959,1,0.016705139,0.016484568,0.0065765725
1785206992952112114,0.003027878,0.0031731776,-0.0005925929,4.4313067e-05,4.3509168e-05,0.03409181,1,0.0059088795,0.0042345524,0.17786261,0.1200646,0.12026937,0.09272879,0.702744,-0.0011169434,0.0010047647,0.71144134,0,6,1785206992944126,1785206992944126,-0.015710415,-0.021286594,0.109560326,1,0.016767602,0.016551672,0.006589539
1785206992964130836,-0.0004342324,-0.0016205129,0.00020634805,4.4395067e-05,4.3593303e-05,0.034092475,1,0.0057438626,0.0041393423,0.1786539,0.12098702,0.12119343,0.09261074,0.7027422,-0.0010992158,0.0010039455,0.711443,0,6,1785206992960126,1785206992960126,-0.01584356,-0.020926112,0.1098967,1,0.016917754,0.016697476,0.0065891817
1785206992972139698,-0.0020321284,-0.0013541961,-0.0011252263,4.444072e-05,4.3636937e-05,0.03409281,1,0.0056601404,0.0040886705,0.17907473,0.12145232,0.12165951,0.092899464,0.7027435,-0.0011033221,0.0009961559,0.7114418,0,6,1785206992968126,1785206992968126,-0.015811179,-0.020838823,0.11024293,1,0.016993158,0.016770788,0.006602151
1785206992984111971,-0.0001679177,-0.0008215639,-0.0008589115,4.44853e-05,4.367908e-05,0.034093145,1,0.005576237,0.0040341667,0.17951263,0.12192036,0.1221283,0.09318914,0.7027458,-0.0011010607,0.0009918243,0.7114395,0,6,1785206992976126,1785206992976126,-0.015693976,-0.021043519,0.11057434,1,0.017068783,0.01684408,0.0066151274
1785206992992097458,-0.0033637118,-0.0029520933,-5.996637e-05,4.4528482e-05,4.3718217e-05,0.034093488,1,0.005492326,0.0039743553,0.17996731,0.12239116,0.12259982,0.09347978,0.70274544,-0.0011006142,0.00097508746,0.71143985,0,6,1785206992984126,1785206992984126,-0.015652223,-0.02129215,0.1109667,1,0.01714462,0.016917663,0.006628112
1785206993004143413,-0.00016791839,0.00024370197,0.0012716182,4.460962e-05,4.3797478e-05,0.034094166,1,0.0053189774,0.0038416919,0.18092339,0.12334107,0.12355109,0.094063945,0.7027463,-0.0011067133,0.0009702836,0.7114391,0,6,1785206993000126,1785206993000126,-0.016261477,-0.021433856,0.11137202,1,0.017297406,0.017066186,0.006654105
1785206993012126785,0.0011636631,0.001308966,0.00020635192,4.4650184e-05,4.3837907e-05,0.03409451,1,0.0052268663,0.0037691942,0.18139394,0.123820215,0.12403087,0.0936426,0.7027448,-0.0011041691,0.0009747427,0.71144056,0,6,1785206993008126,1785206993008126,-0.016551984,-0.021595707,0.111585766,1,0.017374331,0.017141031,0.0066399914
1785206993024077587,0.0006305145,0.003439357,0.0026022368,4.4690398e-05,4.3879343e-05,0.0340918,1,0.005137783,0.0036953143,0.18187883,0.12429007,0.124508865,0.093934864,0.7027372,-0.0011137158,0.0009851916,0.711448,0,6,1785206993016126,1785206993016126,-0.016545514,-0.02144496,0.11171075,1,0.017438311,0.017210117,0.006652987
1785206993032076538,9.7886776e-05,-0.0024195975,-0.0013925082,4.4728586e-05,4.3919812e-05,0.03409213,1,0.005047238,0.003618225,0.182379,0.12477466,0.12499415,0.0942281,0.7027373,-0.0011081448,0.0009836948,0.7114479,0,6,1785206993024126,1785206993024126,-0.016708734,-0.02162755,0.11208395,1,0.01751559,0.0172852,0.00666599
1785206993044082245,0.0024947282,-0.0010880176,-0.00059355906,4.4816967e-05,4.399723e-05,0.034092806,1,0.0048594787,0.0034485534,0.18342386,0.12575236,0.12597317,0.09481747,0.7027409,-0.0010906436,0.0009826955,0.71144444,0,6,1785206993040126,1785206993040126,-0.017098442,-0.02218173,0.11260988,1,0.017670862,0.0174365,0.006692022
1785206993052116575,-0.0030979114,0.003705673,-0.0005935598,4.4862278e-05,4.403748e-05,0.03409314,1,0.0047624367,0.0033565245,0.18396838,0.12624551,0.12646692,0.095113605,0.70274174,-0.0011054653,0.0009856669,0.7114436,0,6,1785206993048126,1785206993048126,-0.017230745,-0.022405172,0.11305891,1,0.017748844,0.01751231,0.00670505
1785206993064077075,0.0006305141,-0.0008217017,-6.0920218e-05,4.490401e-05,4.4075994e-05,0.034093477,1,0.0046640616,0.0032609913,0.18452863,0.12674154,0.12696353,0.09541072,0.7027413,-0.0011074651,0.0009849755,0.7114439,0,6,1785206993056126,1785206993056126,-0.017232275,-0.022341803,0.113528974,1,0.017827034,0.017588325,0.006718085
1785206993072100003,-0.00043475057,-0.0048164427,0.00047170708,4.494473e-05,4.4117533e-05,0.034093812,1,0.004564945,0.0031632737,0.18510348,0.12724048,0.12746301,0.0957088,0.7027395,-0.0010965912,0.0009723358,0.71144575,0,6,1785206993064126,1785206993064126,-0.017261954,-0.022374125,0.11392056,1,0.01790582,0.017665047,0.006731129
1785206993084042999,0.0011590901,0.0018327932,-5.7245164e-05,4.260514e-05,4.189585e-05,0.034090523,1,0.004500111,0.0032646852,0.18551095,0.10632286,0.10647082,0.08584347,0.70273316,-0.0010858964,0.0009655105,0.7114521,0,6,1785206993080126,1785206993080126,-0.017689755,-0.02249779,0.11442237,1,0.014422869,0.014248323,0.006215057
1785206993092078581,-0.00097174535,0.003430917,-5.5417397e-05,4.264662e-05,4.1935444e-05,0.034087874,1,0.0045334436,0.003456537,0.18536104,0.106695205,0.106847934,0.086107776,0.7027338,-0.0010953457,0.0009707714,0.71145135,0,6,1785206993088126,1785206993088126,-0.017625108,-0.022531677,0.114487804,1,0.014479306,0.014308185,0.006227705
1785206993104085130,-0.0012380615,0.0005014404,-0.00058804615,4.268924e-05,4.1972315e-05,0.034088224,1,0.0045631453,0.0036391376,0.18524377,0.10707532,0.10722923,0.08637297,0.7027355,-0.0011036355,0.00096965133,0.7114497,0,6,1785206993096126,1785206993096126,-0.017612163,-0.022399763,0.11481929,1,0.01454539,0.014372769,0.0062403614
1785206993112075705,0.0014251024,-0.0021617222,-0.0021859426,4.272865e-05,4.200824e-05,0.034088552,1,0.004588493,0.0038137704,0.1851583,0.10745772,0.107612796,0.08663908,0.70273983,-0.0010964766,0.0009660028,0.7114455,0,6,1785206993104126,1785206993104126,-0.017747296,-0.022116706,0.1150048,1,0.014611935,0.014437599,0.006253025
1785206993124113694,0.0022240444,-0.0024280366,0.0020751164,4.2805612e-05,4.2087897e-05,0.034089237,1,0.0046224454,0.0041385004,0.18507893,0.10822941,0.10838676,0.08717398,0.7027421,-0.001074248,0.0009576813,0.7114433,0,6,1785206993120126,1785206993120126,-0.018043488,-0.022188492,0.115390465,1,0.014745451,0.014567368,0.0062783766
1785206993132124659,9.352516e-05,0.00023512449,-0.0021859498,4.2844636e-05,4.212718e-05,0.034089573,1,0.004633583,0.004287007,0.18507515,0.108618736,0.108777195,0.08682852,0.70274496,-0.0010674887,0.00095596135,0.7114405,0,6,1785206993128126,1785206993128126,-0.018085433,-0.022097014,0.11554436,1,0.01481266,0.01463247,0.0062683006
1785206993144061724,-0.00043911452,0.0023656532,-0.00032173202,4.2881842e-05,4.2169235e-05,0.0340899,1,0.0046413234,0.004427558,0.18509911,0.10901039,0.109169945,0.087096356,0.7027478,-0.0010758305,0.0009594352,0.71143764,0,6,1785206993136126,1785206993136126,-0.018026957,-0.022149138,0.11564813,1,0.014880088,0.014697843,0.0062809773
1785206993152107466,-0.0020370102,-3.119232e-05,-0.00032173248,4.2921496e-05,4.2209886e-05,0.034090236,1,0.004645638,0.004559022,0.18515055,0.10940439,0.10956502,0.0873651,0.7027488,-0.0010818625,0.00095465285,0.7114367,0,6,1785206993144126,1785206993144126,-0.018061407,-0.02215456,0.11588297,1,0.014947902,0.014763872,0.0062936614
1785206993164069499,-0.0025696428,-0.0010964568,0.00047721434,4.2962598e-05,4.224933e-05,0.03409057,1,0.0046469816,0.0046837158,0.1852296,0.109800756,0.10996243,0.08763475,0.7027479,-0.0010840781,0.0009416227,0.7114375,0,6,1785206993152126,1785206993152126,-0.017978914,-0.021984715,0.11618134,1,0.015015914,0.014830344,0.0063063535
1785206993172103858,0.0008913809,0.0002351799,-0.001386418,4.300281e-05,4.228727e-05,0.034087967,1,0.0046523367,0.0048006987,0.1853358,0.110192746,0.11035977,0.08790531,0.7027508,-0.0010860105,0.0009425353,0.7114346,0,6,1785206993160126,1785206993160126,-0.01815927,-0.022004968,0.11649131,1,0.015074115,0.014892401,0.006319053
1785206993184094526,-0.0007065175,0.00076781213,0.001010422,4.3085638e-05,4.236457e-05,0.034088645,1,0.0046473956,0.005013341,0.18561363,0.11099711,0.111166306,0.08782071,0.7027439,-0.001073178,0.00092416635,0.7114415,0,6,1785206993176126,1785206993176126,-0.018677501,-0.021877384,0.11695441,1,0.015211199,0.015025725,0.006321108
1785206993192073329,0.0006250646,-0.0024279794,0.00021147808,4.312439e-05,4.2403775e-05,0.034088988,1,0.0046373485,0.0051100007,0.1857844,0.1114029,0.111573145,0.088092074,0.7027427,-0.0010683001,0.0009191259,0.7114427,0,6,1785206993184126,1785206993184126,-0.018852422,-0.021695105,0.11724601,1,0.015280246,0.0150928935,0.0063338126
1785206993204120075,0.0046198084,-3.1131785e-05,0.0018093773,4.3206706e-05,4.2481202e-05,0.034089673,1,0.00460757,0.005282347,0.18619716,0.112221755,0.112394035,0.088637546,0.7027284,-0.001055226,0.0009222901,0.71145695,0,6,1785206993200126,1785206993200126,-0.01885947,-0.021776672,0.1176129,1,0.01541879,0.015227669,0.0063592466
1785206993212167980,0.00035874796,0.0026320263,-0.0005874747,4.3247383e-05,4.2520976e-05,0.03409001,1,0.004587486,0.0053578983,0.1864385,0.112634845,0.112808116,0.08891166,0.7027295,-0.0010579765,0.000931534,0.71145576,0,6,1785206993208126,1785206993208126,-0.018995795,-0.021949636,0.11789345,1,0.015488274,0.015295154,0.0063719763
1785206993224101018,0.0016903272,-0.0034932457,0.0012767398,4.328374e-05,4.2560656e-05,0.034090336,1,0.004564423,0.005426209,0.18670169,0.1130504,0.113224626,0.0891867,0.70272696,-0.0010467118,0.00092844747,0.7114583,0,6,1785206993216126,1785206993216126,-0.018911693,-0.021960659,0.11795857,1,0.015558118,0.015362981,0.0063847136
1785206993232125008,-0.0020381003,0.0005014967,0.0031409487,4.3320953e-05,4.260024e-05,0.034090687,1,0.0045391144,0.0054884516,0.1869856,0.11346842,0.11364359,0.08946266,0.7027179,-0.0010482123,0.0009200243,0.71146727,0,6,1785206993224126,1785206993224126,-0.018944498,-0.021927217,0.11808131,1,0.015628282,0.015431283,0.006397458
1785206993244121226,-0.0023043603,-0.0010965178,0.00021056653,4.340504e-05,4.2678595e-05,0.034088396,1,0.0044755344,0.005594655,0.18758099,0.11430377,0.114485934,0.0893665,0.70271677,-0.0010501462,0.0009095781,0.71146834,0,6,1785206993240126,1785206993240126,-0.019256432,-0.022047702,0.11842178,1,0.015758565,0.015563694,0.006398665
1785206993252157109,-0.0015054132,-0.0016291495,-0.0016536382,4.3447326e-05,4.2719545e-05,0.03408874,1,0.0044394284,0.0056386488,0.18789382,0.11472914,0.114912264,0.089643225,0.7027213,-0.0010523997,0.00089592545,0.711464,0,6,1785206993248126,1785206993248126,-0.019276135,-0.022126034,0.11873023,1,0.015829243,0.015632385,0.0064114146
1785206993264128720,0.0011577484,-3.1251926e-05,-5.574529e-05,4.348653e-05,4.2758038e-05,0.03408908,1,0.004400304,0.0056762095,0.18822882,0.115157045,0.1153411,0.08992087,0.7027209,-0.0010472036,0.00089443446,0.7114644,0,6,1785206993256126,1785206993256126,-0.01930272,-0.02217268,0.1191966,1,0.015900264,0.015701622,0.0064241723
1785206993272152911,0.003021957,0.001300327,-0.00032206147,4.35245e-05,4.2795815e-05,0.03408943,1,0.0043586264,0.005707573,0.18858533,0.11558748,0.11577245,0.09019945,0.7027257,-0.0010413403,0.00090354134,0.7114596,0,6,1785206993264126,1785206993264126,-0.019368878,-0.022357544,0.119514756,1,0.015971547,0.015771301,0.006436937
1785206993284136415,-0.004168574,0.0034308557,-5.574771e-05,4.3603202e-05,4.2872194e-05,0.03409013,1,0.004266511,0.005750286,0.18935695,0.11645601,0.11664273,0.0907594,0.70271295,-0.0010586202,0.00092064356,0.7114721,0,6,1785206993280126,1785206993280126,-0.019460138,-0.022382272,0.11984746,1,0.016115207,0.015910774,0.0064624907
1785206993292145897,-0.0009727826,0.00050138356,0.0031400514,4.3646418e-05,4.2912423e-05,0.034090467,1,0.004216342,0.0057650395,0.18977025,0.11689413,0.117081694,0.091040775,0.7027057,-0.001066632,0.00091591163,0.7114793,0,6,1785206993288126,1785206993288126,-0.0195823,-0.02222243,0.11992398,1,0.016187474,0.01598085,0.006475279
1785206993304152655,-0.0020380425,-0.0013628341,-0.00032206243,4.3687865e-05,4.295385e-05,0.03409081,1,0.0041625774,0.005775069,0.19018523,0.11733486,0.11752323,0.090653285,0.7027041,-0.0010693688,0.0009074917,0.71148086,0,6,1785206993296126,1785206993296126,-0.019769548,-0.022256967,0.12015053,1,0.016259875,0.01605118,0.006462979
1785206993312136589,-0.00097302906,-0.001629258,-0.0029860206,4.372703e-05,4.299625e-05,0.0340882,1,0.0041075908,0.00578128,0.19061922,0.11776871,0.11796386,0.09093446,0.7027116,-0.001067214,0.0008957532,0.7114735,0,6,1785206993304126,1785206993304126,-0.019841308,-0.022175126,0.12046704,1,0.016320776,0.01611636,0.006475765
1785206993324133238,-0.00070671504,0.0007675872,0.001807668,4.380566e-05,4.3075503e-05,0.034088872,1,0.00399009,0.005777658,0.19154121,0.11866288,0.118859746,0.09149962,0.7027067,-0.0010709808,0.00089689565,0.7114784,0,6,1785206993320126,1785206993320126,-0.019804645,-0.022199837,0.12084428,1,0.016466666,0.016258638,0.0065013575
1785206993332193237,-0.00070671574,0.002898117,0.00047608695,4.3846034e-05,4.3115935e-05,0.034089208,1,0.003927926,0.0057684057,0.19202797,0.11911393,0.11931161,0.091783606,0.7027048,-0.0010798817,0.00090221,0.7114802,0,6,1785206993328126,1785206993328126,-0.02002912,-0.022454737,0.12115889,1,0.016540026,0.016330218,0.0065141656
1785206993344159959,0.0016901303,0.0010339031,-0.0019207556,4.3885702e-05,4.3155505e-05,0.034089543,1,0.0038616837,0.005752825,0.19253105,0.11956764,0.1197661,0.09206853,0.7027086,-0.0010816498,0.00090798945,0.71147645,0,6,1785206993336126,1785206993336126,-0.02022389,-0.022512566,0.12117972,1,0.016613565,0.016401911,0.006526982
1785206993352124395,0.00089117716,-0.0005639908,-0.0008554965,4.3926033e-05,4.319546e-05,0.034089886,1,0.0037928114,0.005733398,0.19300672,0.12002402,0.12022325,0.09166945,0.70271313,-0.0010754974,0.0009097264,0.711472,0,6,1785206993344126,1785206993344126,-0.02019864,-0.022353794,0.1213868,1,0.016687632,0.016473718,0.006514074
1785206993364153937,0.00062486524,0.0007675877,-0.0024533882,4.4010143e-05,4.3270014e-05,0.034090556,1,0.0036468778,0.005684116,0.19401075,0.12094484,0.12114552,0.09223979,0.7027188,-0.0010763655,0.00090612646,0.7114664,0,6,1785206993360126,1785206993360126,-0.020633873,-0.022129087,0.12191236,1,0.01683628,0.016618218,0.006539705
1785206993372132730,-0.0007075992,-0.00242835,-0.0005901903,4.4048975e-05,4.3308217e-05,0.03408796,1,0.0035759727,0.0056546335,0.19453776,0.12139843,0.12160663,0.092526376,0.7027226,-0.0010690823,0.0009016259,0.7114626,0,6,1785206993368126,1785206993368126,-0.020690339,-0.022382108,0.12226524,1,0.016898796,0.016685275,0.006552533
1785206993384116004,-0.0023054928,-0.0016294019,0.0010077136,4.408925e-05,4.334989e-05,0.034088295,1,0.0035024465,0.005619001,0.1950818,0.12186545,0.12207442,0.09281391,0.70272005,-0.001070401,0.0008862085,0.7114652,0,6,1785206993376126,1785206993376126,-0.02082994,-0.022493167,0.1225253,1,0.016973805,0.016758168,0.0065653683
1785206993392098434,0.000623981,-0.0005641375,0.0020729795,4.41305e-05,4.3390217e-05,0.034088638,1,0.0034255856,0.005579849,0.1956408,0.12233521,0.12254492,0.093102396,0.70271707,-0.0010676662,0.0008832971,0.71146816,0,6,1785206993384126,1785206993384126,-0.02099796,-0.022314299,0.122615404,1,0.0170492,0.01683169,0.0065782107
1785206993404133587,-0.00097391044,0.0020990223,-0.0037859778,4.4210665e-05,4.34746e-05,0.0340893,1,0.0032627624,0.0054888274,0.19676979,0.123283006,0.12349411,0.09297749,0.7027221,-0.001082582,0.00087673217,0.71146315,0,6,1785206993400126,1785206993400126,-0.021217296,-0.02258919,0.12281502,1,0.017200302,0.016978439,0.0065773735
1785206993412153329,-0.00097391487,0.0013000774,0.0010077141,4.425117e-05,4.3513726e-05,0.034089636,1,0.0031775457,0.005436211,0.19733989,0.12376107,0.12397283,0.09326664,0.7027225,-0.0010915821,0.0008765327,0.71146274,0,6,1785206993408126,1785206993408126,-0.021287767,-0.022627415,0.122971185,1,0.017276105,0.017052032,0.0065902197
1785206993424123908,9.135355e-05,0.00076744286,0.0015403449,4.429334e-05,4.3550655e-05,0.03408997,1,0.0030895947,0.0053793727,0.19792472,0.12424193,0.12445433,0.093556754,0.7027172,-0.0010941966,0.00087831286,0.7114679,0,6,1785206993416126,1785206993416126,-0.021425776,-0.022707215,0.123159245,1,0.017352372,0.017126072,0.0066030733
1785206993432107551,0.001955567,0.0005011279,-0.0016554479,4.433737e-05,4.3588072e-05,0.034090314,1,0.0029992382,0.0053184023,0.1985239,0.1247256,0.1249386,0.09384782,0.7027203,-0.0010919628,0.00088430004,0.7114649,0,6,1785206993424126,1785206993424126,-0.021389326,-0.02271545,0.12331662,1,0.017429033,0.017200483,0.006615935
1785206993444126814,0.0016892462,-0.0021620342,-0.0005901853,4.4382195e-05,4.3630647e-05,0.034090642,1,0.0029074517,0.0052541704,0.19913687,0.1252121,0.12542567,0.094139844,0.70272374,-0.0010806558,0.0008828555,0.71146154,0,6,1785206993432126,1785206993432126,-0.021423087,-0.022658203,0.12352458,1,0.017505892,0.017275158,0.0066288053
1785206993452139031,0.0024880543,-0.0008311011,-0.0003286674,4.4424483e-05,4.3672873e-05,0.03408805,1,0.002815212,0.0051920232,0.19976468,0.12568876,0.12591082,0.09443282,0.70272493,-0.0010727862,0.00088783965,0.71146035,0,6,1785206993440126,1785206993440126,-0.021342466,-0.022647118,0.123855226,1,0.017569834,0.017344393,0.006641683
1785206993464105994,0.0006238399,-0.0032279454,-0.0003286687,4.4504708e-05,4.375699e-05,0.03408872,1,0.0026260314,0.0050550424,0.20101345,0.1266756,0.1268989,0.09429672,0.7027274,-0.0010410486,0.0008648904,0.71145797,0,6,1785206993456126,1785206993456126,-0.021528637,-0.022881476,0.12421925,1,0.017724594,0.017494997,0.0066400855
1785206993472114043,0.0030206852,0.00050048204,0.00047028397,4.4546916e-05,4.3796605e-05,0.03408906,1,0.0025270982,0.0049802787,0.2016351,0.12717333,0.12739721,0.09459034,0.70272726,-0.0010332003,0.00086924795,0.7114581,0,6,1785206993464126,1785206993464126,-0.021648597,-0.022992088,0.12437678,1,0.017802488,0.01757062,0.006652965
1785206993484154917,-0.00018025772,-0.0008420474,-0.0008566604,4.2264663e-05,4.163777e-05,0.034084626,1,0.0025037485,0.005183626,0.20210594,0.10629645,0.10644522,0.08554155,0.7027236,-0.0010247192,0.00088368624,0.71146166,0,6,1785206993480126,1785206993480126,-0.02178746,-0.023145137,0.124405056,1,0.014351919,0.014183444,0.006172034
1785206993492162114,-0.0012455285,-0.000842046,-0.00059034047,4.2305343e-05,4.1674917e-05,0.034084972,1,0.002575808,0.0054557943,0.20197473,0.10667385,0.10682376,0.08580405,0.70272964,-0.0010251967,0.0008742549,0.71145576,0,6,1785206993488126,1785206993488126,-0.021574738,-0.02306346,0.124642745,1,0.014417632,0.01424752,0.006184552
1785206993504179644,-0.00071289414,-0.0005757315,-0.0032535004,4.2344254e-05,4.171129e-05,0.034085307,1,0.0026433486,0.005716792,0.20187856,0.10705352,0.107204534,0.08606745,0.70274127,-0.0010264609,0.00086785655,0.71144426,0,6,1785206993496126,1785206993496126,-0.02147503,-0.022970518,0.12494136,1,0.014483371,0.014311412,0.006197078
1785206993512150091,0.0016839453,-0.0011083628,0.0007412428,4.2382715e-05,4.175015e-05,0.034085643,1,0.00270586,0.005967068,0.20181517,0.10743546,0.10758756,0.08633175,0.70274574,-0.0010186991,0.0008638152,0.71143985,0,6,1785206993504126,1785206993504126,-0.021431321,-0.022894448,0.124951184,1,0.0145492675,0.014375611,0.006209612
1785206993524184342,0.0003526989,-0.000841456,-5.3008705e-05,4.2460364e-05,4.1826566e-05,0.03408343,1,0.0028095024,0.0064312476,0.2017649,0.10820012,0.1083583,0.086258665,0.7027488,-0.0010082129,0.00087576045,0.71143687,0,6,1785206993520126,1785206993520126,-0.021496242,-0.02251559,0.12516734,1,0.014672471,0.014500726,0.006212531
1785206993532159869,-0.0028430936,0.0018217051,-0.00085195684,4.249788e-05,4.1868472e-05,0.034083758,1,0.0028528443,0.0066495026,0.20178501,0.10858883,0.10874812,0.08652379,0.70275337,-0.0010177864,0.00086943846,0.7114323,0,6,1785206993528126,1785206993528126,-0.02161575,-0.022389451,0.12528446,1,0.014739173,0.0145657,0.0062250705
1785206993544147742,8.6382264e-05,0.00049012573,0.00074594456,4.2536663e-05,4.1906827e-05,0.0340841,1,0.002890169,0.0068586143,0.20183516,0.10897987,0.109140255,0.08678982,0.702755,-0.0010209908,0.00086808234,0.7114307,0,6,1785206993536126,1785206993536126,-0.021675212,-0.022259198,0.12554288,1,0.014806181,0.014631078,0.006237618
1785206993552120524,-0.0025767789,0.0039522336,0.0015448884,4.2576463e-05,4.1947864e-05,0.034084428,1,0.0029225927,0.0070590805,0.20191485,0.10937325,0.1095347,0.08705674,0.7027535,-0.0010340081,0.000869708,0.71143216,0,6,1785206993544126,1785206993544126,-0.021641593,-0.022087108,0.12575555,1,0.014873498,0.014696614,0.0062501724
1785206993564147291,0.00088533224,0.0026206537,-0.00031932307,4.2658354e-05,4.2028572e-05,0.034085106,1,0.0029742592,0.00743403,0.20215736,0.110167064,0.1103306,0.08759329,0.702758,-0.0010363398,0.00087278604,0.7114277,0,6,1785206993560126,1785206993560126,-0.021465456,-0.021828234,0.12589969,1,0.015008883,0.014828297,0.0062753046
1785206993572145882,-0.00017993362,0.0018217061,-5.3005213e-05,4.269872e-05,4.206724e-05,0.03408544,1,0.0029951779,0.0076105404,0.20230167,0.110567525,0.11073207,0.08724273,0.7027614,-0.0010433628,0.0008760142,0.7114243,0,6,1785206993568126,1785206993568126,-0.021278631,-0.0215065,0.12580806,1,0.01507689,0.01489451,0.0062649823
1785206993584098858,-0.0012451987,0.0026206542,0.0028764706,4.273908e-05,4.2103882e-05,0.034085784,1,0.0030109766,0.007779668,0.2024707,0.11097037,0.11113591,0.08751135,0.702758,-0.0010522677,0.0008796372,0.7114277,0,6,1785206993576126,1785206993576126,-0.021612873,-0.02144639,0.12585735,1,0.015145156,0.014960757,0.0062775505
1785206993592117698,-0.00044635963,0.0004901164,0.0018111577,4.2776745e-05,4.2140364e-05,0.03408326,1,0.0030207285,0.0079406025,0.202665,0.11136847,0.11153957,0.087780885,0.70275384,-0.0010551084,0.0008765372,0.7114318,0,6,1785206993584126,1785206993584126,-0.0218571,-0.02137609,0.12596548,1,0.015203415,0.015022739,0.006290126
1785206993604151097,0.00035259128,-0.0029719947,0.0018111543,4.285144e-05,4.2213538e-05,0.03408394,1,0.0030238007,0.00824253,0.20312586,0.11218593,0.11235908,0.08832268,0.7027469,-0.0010393255,0.0008686322,0.71143866,0,6,1785206993600126,1785206993600126,-0.0220747,-0.020971566,0.12610784,1,0.015340981,0.015156222,0.0063153002
1785206993612125021,0.00301575,-0.0027056774,-0.0008520029,4.2887914e-05,4.2251486e-05,0.03408428,1,0.0030182966,0.008383386,0.20339158,0.11259831,0.11277245,0.088594936,0.70275104,-0.0010210929,0.00086494314,0.71143466,0,6,1785206993608126,1785206993608126,-0.022156894,-0.020823125,0.12627628,1,0.015410144,0.015223624,0.0063278982
1785206993624107914,-0.0009789912,-0.00030883215,-0.0019172734,4.2927302e-05,4.2287542e-05,0.03408462,1,0.0030081037,0.008517497,0.20367967,0.11301313,0.113188244,0.088868104,0.7027578,-0.0010179227,0.0008596648,0.71142805,0,6,1785206993616126,1785206993616126,-0.022270521,-0.020674087,0.12626348,1,0.015479633,0.015291234,0.006340504
1785206993632141062,-0.0023105755,0.001555382,0.0004795753,4.2968386e-05,4.2322245e-05,0.034084957,1,0.002993339,0.008645424,0.20396519,0.11343042,0.11360648,0.088503875,0.70275986,-0.0010275505,0.0008535736,0.71142596,0,6,1785206993624126,1785206993624126,-0.022356337,-0.020514356,0.1264667,1,0.015549393,0.015358936,0.0063294573
1785206993644117563,0.00061889924,0.0010227477,0.0023437862,4.3047134e-05,4.2400658e-05,0.034085635,1,0.0029497151,0.008885728,0.20460613,0.11427244,0.11445033,0.08905086,0.7027624,-0.0010246956,0.000858512,0.7114234,0,6,1785206993640126,1785206993640126,-0.022480877,-0.01988235,0.12698382,1,0.015689515,0.015495029,0.006354672
1785206993652132415,0.002484216,-0.0021729027,-5.2080166e-05,4.3086726e-05,4.244075e-05,0.034083117,1,0.0029146313,0.008996935,0.20495898,0.11468888,0.11487296,0.089325726,0.70276284,-0.0010174338,0.0008582752,0.711423,0,6,1785206993648126,1785206993648126,-0.022410544,-0.019787839,0.12704958,1,0.015748885,0.015558326,0.0063672904
1785206993664141007,0.00062000053,0.0023544712,-0.0005847175,4.3125547e-05,4.247841e-05,0.03408346,1,0.0028755195,0.0091024935,0.20533411,0.115116,0.11530103,0.08960151,0.7027658,-0.0010162462,0.0008625964,0.71142,0,6,1785206993656126,1785206993656126,-0.022640798,-0.019598998,0.12758921,1,0.015819546,0.015626974,0.0063799163
1785206993672164917,0.00035368028,-0.00030869013,0.0018121286,4.316678e-05,4.2513126e-05,0.034083802,1,0.0028315468,0.00920174,0.20573178,0.115545645,0.1157316,0.08987822,0.7027657,-0.0010150514,0.00086323055,0.7114202,0,6,1785206993664126,1785206993664126,-0.022797272,-0.019720636,0.12788069,1,0.015890278,0.015695818,0.0063925507
1785206993684133332,8.736935e-05,-0.0027055354,0.00021422973,4.3247746e-05,4.2592612e-05,0.03408448,1,0.0027308585,0.00937777,0.20658492,0.11641256,0.11660029,0.089777514,0.7027625,-0.0010069775,0.0008500703,0.71142334,0,6,1785206993680126,1785206993680126,-0.023158042,-0.019878287,0.12822762,1,0.016032746,0.01583455,0.006393408
1785206993692143956,8.736772e-05,0.0026207871,-0.0005847158,4.328859e-05,4.2632204e-05,0.034084823,1,0.0026741126,0.009456476,0.2070386,0.116849855,0.11703844,0.09005497,0.70276594,-0.0010111084,0.00084938033,0.71142,0,6,1785206993688126,1785206993688126,-0.02312566,-0.019690815,0.12829667,1,0.016104223,0.015904108,0.0064060465
1785206993704130476,-0.0025757942,-0.0013739537,-0.0021826134,4.3331256e-05,4.2673273e-05,0.03408516,1,0.002614415,0.009529892,0.20751002,0.11728973,0.11747915,0.09033334,0.70277226,-0.0010156085,0.00084385945,0.7114137,0,6,1785206993696126,1785206993696126,-0.02316313,-0.019733375,0.12833226,1,0.01617599,0.01597383,0.006418693
1785206993712144978,0.0006199965,-0.0019065873,-0.00085102645,4.337196e-05,4.271309e-05,0.034085494,1,0.002551453,0.0095962705,0.20799845,0.1177322,0.117922425,0.09061264,0.7027782,-0.0010099282,0.00083357655,0.71140784,0,6,1785206993704126,1785206993704126,-0.02320058,-0.019815987,0.1283673,1,0.016248142,0.016043874,0.0064313463
1785206993724132760,0.0014184945,-0.0005754344,-0.0011206144,4.3455555e-05,4.2789918e-05,0.034083318,1,0.0024214843,0.009716727,0.20902845,0.11861517,0.118813165,0.09117402,0.7027899,-0.0009889778,0.0008373856,0.71139634,0,6,1785206993720126,1785206993720126,-0.023174271,-0.019564984,0.12895595,1,0.016381744,0.01617946,0.006456678
1785206993732145909,-0.0007120336,0.00048983097,0.0012762358,4.349807e-05,4.2829848e-05,0.034083653,1,0.0023539185,0.009771429,0.2095714,0.11906533,0.119264156,0.09145611,0.7027898,-0.0009927992,0.00083366566,0.7113964,0,6,1785206993728126,1785206993728126,-0.023163782,-0.019463215,0.1292369,1,0.016454665,0.016250772,0.006469354
1785206993744130526,0.0027500812,-0.0027059629,-5.534335e-05,4.3538745e-05,4.286999e-05,0.03408399,1,0.0022835971,0.009821252,0.2101302,0.11951813,0.11971777,0.091739126,0.70279,-0.0009815926,0.0008331188,0.7113962,0,6,1785206993736126,1785206993736126,-0.023165831,-0.019283729,0.12907124,1,0.016527798,0.016322171,0.0064820377
1785206993752157261,-0.0012446686,-0.0019070148,0.001276227,4.3578024e-05,4.290789e-05,0.03408433,1,0.0022104532,0.009866957,0.2106905,0.119973585,0.12017401,0.091343,0.7027905,-0.00097412936,0.0008258378,0.71139574,0,6,1785206993744126,1785206993744126,-0.023197621,-0.019196128,0.12922776,1,0.016601184,0.016393745,0.0064693424
1785206993764130255,0.0006195494,-0.0027059643,-0.0021858723,4.3654447e-05,4.298199e-05,0.03408502,1,0.0020561172,0.009944332,0.21186197,0.12089253,0.121094465,0.09190951,0.7027982,-0.0009599722,0.0008039336,0.71138823,0,6,1785206993760126,1785206993760126,-0.023271818,-0.019110093,0.12979575,1,0.016748728,0.016537296,0.0064947107
1785206993772178301,-0.0009783483,-0.0008417489,-0.0024521945,4.369416e-05,4.3021355e-05,0.034085352,1,0.0019742406,0.009974686,0.21247263,0.12135605,0.121558696,0.09219417,0.70280725,-0.0009567223,0.00079794833,0.7113793,0,6,1785206993768126,1785206993768126,-0.023309272,-0.019188637,0.13015455,1,0.016823027,0.016609633,0.0065074065
1785206993788436623,-0.002576245,-4.280219e-05,-0.0029848232,4.373561e-05,4.3063686e-05,0.034085695,1,0.0018893036,0.009999084,0.21309996,0.12182228,0.12202562,0.092479765,0.70281696,-0.00096402253,0.0007897052,0.7113697,0,6,1785206993776126,1785206993776126,-0.023436133,-0.01938574,0.13053125,1,0.016897393,0.016681993,0.0065201097
1785206993792447575,0.0046142894,0.0015550926,-0.00085428887,4.377721e-05,4.3102315e-05,0.034086023,1,0.0018005108,0.010016724,0.21374352,0.122291245,0.122495234,0.0927663,0.70282245,-0.0009578867,0.0007996941,0.71136427,0,6,1785206993784126,1785206993784126,-0.023641592,-0.019577375,0.13080572,1,0.016971877,0.016754678,0.006532821
1785206993804595634,-0.0028423988,0.00075556384,-0.0021903669,4.3857795e-05,4.317743e-05,0.034083866,1,0.0016100786,0.010046645,0.21504712,0.123225786,0.12343835,0.092642576,0.7028343,-0.00096209435,0.00079642003,0.7113526,0,6,1785206993800126,1785206993800126,-0.023804253,-0.019410022,0.13121848,1,0.017109532,0.016894735,0.006532075
1785206993812570791,-0.0017771384,-4.3382868e-05,0.0018043766,4.3899247e-05,4.3215376e-05,0.034084193,1,0.0015100277,0.010054872,0.21570876,0.123702824,0.12391608,0.09292978,0.70283455,-0.0009668289,0.00079110655,0.7113523,0,6,1785206993808126,1785206993808126,-0.023971312,-0.01955589,0.13169782,1,0.01718458,0.01696796,0.0065447893
1785206993824584633,-0.0028423946,-0.0008423361,-0.0011251,4.394018e-05,4.3254196e-05,0.03408453,1,0.0014070382,0.010057433,0.21638691,0.12418264,0.12439657,0.09321794,0.70283663,-0.0009730566,0.0007805706,0.7113502,0,6,1785206993816126,1785206993816126,-0.023981431,-0.019563455,0.13210797,1,0.017260183,0.01704156,0.0065575102
1785206993832647547,8.7076216e-05,-0.00030970108,-0.0011250988,4.3980577e-05,4.329497e-05,0.03408487,1,0.0013020077,0.010055439,0.21708001,0.12466525,0.12487982,0.09350704,0.7028436,-0.0009725672,0.0007769077,0.71134335,0,6,1785206993824126,1785206993824126,-0.023967432,-0.019606702,0.1323487,1,0.017336149,0.017115392,0.006570239
1785206993845507508,-0.0025760834,0.0015545127,-0.00032615376,4.406079e-05,4.3374148e-05,0.034085557,1,0.0010870203,0.010035387,0.21850902,0.12563893,0.12585469,0.094088085,0.7028472,-0.0009862907,0.0007662899,0.71133983,0,6,1785206993840126,1785206993840126,-0.023772618,-0.020033434,0.13291594,1,0.017488988,0.017264118,0.00659572
1785206993856367002,0.0006197093,0.0015545136,0.0020706954,4.4101813e-05,4.3415574e-05,0.034085892,1,0.0009764092,0.010015811,0.21924397,0.12613003,0.12634633,0.094380036,0.7028445,-0.0009915235,0.0007691765,0.71134245,0,6,1785206993848126,1785206993848126,-0.024005555,-0.020260308,0.13316515,1,0.017565912,0.017338809,0.0066084717
1785206993867543252,-0.0015108167,0.00048924703,-5.9840284e-05,4.4140717e-05,4.3455944e-05,0.034086235,1,0.0008620835,0.009990855,0.21999158,0.12662397,0.1268408,0.09467294,0.70284486,-0.000993368,0.0007694952,0.71134216,0,6,1785206993856126,1785206993856126,-0.02417486,-0.020297859,0.13331111,1,0.01764312,0.01741376,0.006621231
1785206993875466800,-0.0031086481,0.0020868974,-0.0016595989,4.418073e-05,4.3492742e-05,0.03408373,1,0.00074417744,0.009964284,0.22071128,0.1271075,0.1273332,0.09424269,0.70285076,-0.0010102603,0.00076373963,0.7113362,0,6,1785206993864126,1785206993864126,-0.024311071,-0.020244854,0.13348982,1,0.017707113,0.017482767,0.006606816
1785206993887365682,0.003279756,-0.0027112775,-0.00219037,4.1957268e-05,4.1373263e-05,0.03407902,1,0.0005923833,0.010027966,0.22120419,0.10626971,0.106419146,0.08526568,0.7028558,-0.0010008363,0.00076507294,0.71133125,0,6,1785206993880126,1785206993880126,-0.02424346,-0.020563718,0.13365401,1,0.014286187,0.0141226845,0.0061322944
1785206993895347632,0.0030134341,0.0023487285,-0.0005924763,4.199466e-05,4.140835e-05,0.03407937,1,0.0005586391,0.010113911,0.22100332,0.10664658,0.10679715,0.08552653,0.7028625,-0.0009921448,0.0007742555,0.71132463,0,6,1785206993888126,1785206993888126,-0.024206685,-0.020602608,0.13381046,1,0.014351512,0.014186198,0.0061446917
1785206993907266141,0.002480802,0.00048451684,-0.00085879583,4.203171e-05,4.1445823e-05,0.034079712,1,0.00052104937,0.010192581,0.22083904,0.107025705,0.1071774,0.085788265,0.702868,-0.0009902562,0.0007857011,0.7113192,0,6,1785206993896126,1785206993896126,-0.024163699,-0.020686155,0.13368438,1,0.014416842,0.014249735,0.006157096
1785206993915164741,0.0011492221,0.00021820096,-0.0021903757,4.2068434e-05,4.148503e-05,0.034080055,1,0.00048004556,0.010265067,0.2207099,0.1074071,0.1075599,0.08605089,0.70287764,-0.0009856905,0.00078778167,0.7113097,0,6,1785206993904126,1785206993904126,-0.024160799,-0.02050076,0.13374877,1,0.014482316,0.014313301,0.0061695077
1785206993927058935,0.00088290236,-0.0005807476,-0.00032616002,4.214317e-05,4.1560845e-05,0.034080744,1,0.00038619275,0.010393886,0.22052489,0.10817673,0.10833168,0.08597655,0.7028914,-0.00097347674,0.00077626435,0.7112961,0,6,1785206993920126,1785206993920126,-0.02418725,-0.020432139,0.13361682,1,0.014613979,0.014441404,0.006172332
1785206993935049410,0.0011492209,-0.0016460116,-5.9846858e-05,4.2182208e-05,4.1601943e-05,0.034081075,1,0.00033424897,0.010447921,0.2204665,0.10856499,0.10872099,0.08623999,0.7028948,-0.00096703554,0.00077583967,0.7112928,0,6,1785206993928126,1785206993928126,-0.024157714,-0.02068719,0.13334858,1,0.014680153,0.014505822,0.0061847493
1785206993946923846,0.004078352,-0.0043095783,0.00020319945,4.222178e-05,4.1635823e-05,0.034078635,1,0.00028124673,0.010497315,0.22043803,0.10894921,0.10911038,0.08650433,0.7028978,-0.00094779313,0.0007747718,0.7112899,0,6,1785206993936126,1785206993936126,-0.024192736,-0.020797739,0.13307872,1,0.014737078,0.01456639,0.006197174
1785206993954985648,-0.0004490217,0.0018156909,0.00020319162,4.226089e-05,4.167175e-05,0.03407897,1,0.00022407495,0.010539638,0.22044036,0.10934198,0.10950424,0.08676956,0.7029006,-0.0009440057,0.00077477354,0.71128714,0,6,1785206993944140,1785206993944140,-0.024412781,-0.020940725,0.13316655,1,0.014803824,0.014631357,0.006209607
1785206993966841438,-0.00018270581,0.0012830584,0.0004695096,4.2339245e-05,4.175306e-05,0.034079634,1,9.552045e-05,0.01060636,0.22053908,0.11013455,0.110298924,0.08730269,0.7029056,-0.00094701274,0.0007770627,0.71128213,0,6,1785206993960140,1785206993960140,-0.024568103,-0.02107755,0.1335089,1,0.0149377305,0.014761755,0.006234494
1785206993974826543,0.0024804566,-4.852144e-05,-0.00032943304,4.237791e-05,4.1794774e-05,0.034079984,1,2.620426e-05,0.010630055,0.22063443,0.11053437,0.11069977,0.0875706,0.70290935,-0.00094630267,0.000783909,0.71127844,0,6,1785206993968140,1785206993968140,-0.024636779,-0.021202194,0.13364837,1,0.015005022,0.014827126,0.0062469486
1785206993986699226,-0.0023132348,-4.852051e-05,-0.00032944238,4.2416636e-05,4.1833377e-05,0.034080327,1,-4.704138e-05,0.010647792,0.22075796,0.11093656,0.111102976,0.08783941,0.70291454,-0.00094589527,0.00077684096,0.7112733,0,6,1785206993976140,1785206993976140,-0.024789924,-0.021225752,0.13350266,1,0.015072708,0.014892832,0.0062594106
1785206993994588207,0.0027467716,-0.0016464167,0.00073583506,4.2455522e-05,4.18738e-05,0.03408067,1,-0.00012457283,0.010660514,0.22088128,0.11134114,0.11150855,0.08748548,0.70291626,-0.0009413944,0.00077773427,0.7112716,0,6,1785206993984140,1785206993984140,-0.024930587,-0.021232963,0.13343069,1,0.015140567,0.01495863,0.006248968
1785206994006557524,-0.00071533944,-0.0019127345,-0.0016610139,4.2535747e-05,4.1953535e-05,0.034081336,1,-0.00029091042,0.010668964,0.22120698,0.112157516,0.11232684,0.088023774,0.7029271,-0.00092783716,0.0007690574,0.71126086,0,6,1785206994000140,1785206994000140,-0.025065228,-0.021381283,0.13313526,1,0.01527727,0.015091405,0.0062738946
1785206994014561535,0.0016812271,-0.0032443036,-6.298486e-05,4.2575037e-05,4.199213e-05,0.03407888,1,-0.00037635304,0.010666104,0.22140737,0.11256177,0.11273691,0.088294275,0.70293176,-0.00091615866,0.00076289487,0.7112564,0,6,1785206994008140,1785206994008140,-0.02506747,-0.021296004,0.1331886,1,0.015335744,0.015153812,0.0062863696
1785206994026406673,8.3333e-05,-4.8509333e-05,-6.299208e-05,4.2615797e-05,4.2035525e-05,0.034079216,1,-0.00046428313,0.010658881,0.22163391,0.11297589,0.11315203,0.088565685,0.7029347,-0.0009105455,0.0007627413,0.7112535,0,6,1785206994016140,1785206994016140,-0.02499942,-0.021307094,0.13337785,1,0.0154046435,0.015220916,0.006298852
1785206994034401747,-0.00071561453,-0.0016464065,-0.001394567,4.2655574e-05,4.2074014e-05,0.03407956,1,-0.0005552332,0.010646628,0.22188611,0.11339246,0.113569565,0.088837996,0.7029405,-0.0009101773,0.00075654313,0.7112477,0,6,1785206994024140,1785206994024140,-0.0251999,-0.021386085,0.1335207,1,0.015473886,0.015288282,0.006311342
1785206994046339623,0.002746493,0.00021780748,0.0020675391,4.2733056e-05,4.2142987e-05,0.034080245,1,-0.0007488754,0.010610201,0.22242317,0.114232995,0.11441198,0.08874357,0.7029419,-0.0009012586,0.0007615766,0.7112464,0,6,1785206994040140,1785206994040140,-0.025450643,-0.021328231,0.13411723,1,0.015612735,0.015422878,0.006312677
1785206994054282587,0.00034964667,0.0004841243,0.0015349085,4.277385e-05,4.2177846e-05,0.034080587,1,-0.00085006293,0.0105850855,0.22270976,0.11465699,0.11483689,0.08901663,0.7029415,-0.0009024537,0.00076373573,0.7112468,0,6,1785206994048140,1785206994048140,-0.025361037,-0.02135823,0.13451858,1,0.015682744,0.01549082,0.006325172
1785206994066189383,-0.0017808789,-0.0013800901,0.000735957,4.281318e-05,4.22143e-05,0.034080923,1,-0.0009536941,0.010555498,0.22302149,0.11508349,0.115264274,0.08929061,0.7029406,-0.0009020946,0.00075690745,0.7112476,0,6,1785206994056140,1785206994056140,-0.025482852,-0.021417286,0.13468155,1,0.015752804,0.015558903,0.0063376743
1785206994074178886,0.0027464929,-0.00058114016,0.0007359652,4.285139e-05,4.22522e-05,0.034081258,1,-0.0010605471,0.0105214,0.2233571,0.115512505,0.11569415,0.0895655,0.7029412,-0.0008965188,0.0007584351,0.711247,0,6,1785206994064140,1785206994064140,-0.025568048,-0.021463396,0.13487889,1,0.01582324,0.015627423,0.006350184
1785206994086116342,-0.002312972,0.0028816313,0.003936926,4.2927815e-05,4.2327556e-05,0.03407915,1,-0.0012888396,0.010435617,0.2240986,0.1163692,0.11655823,0.09011803,0.7029367,-0.00090227486,0.0007528547,0.71125144,0,6,1785206994080140,1785206994080140,-0.025955072,-0.021478932,0.13532314,1,0.015954142,0.015760241,0.006375225
1785206994094060959,0.0011491469,0.00075109815,-0.00032412726,4.2964995e-05,4.2361622e-05,0.034079492,1,-0.0014110208,0.010384886,0.2245034,0.116805695,0.1169956,0.09039567,0.70293444,-0.0009080352,0.0007582036,0.71125364,0,6,1785206994088140,1785206994088140,-0.02610654,-0.021444077,0.13554582,1,0.016025512,0.015829602,0.0063877567
1785206994106028051,-0.00018243794,-0.0051078554,-0.0016557152,4.3004242e-05,4.2399e-05,0.034079827,1,-0.0015372016,0.0103305355,0.22493082,0.11724475,0.117435515,0.09067422,0.70294017,-0.0008941226,0.0007463705,0.7112481,0,6,1785206994096140,1785206994096140,-0.026407482,-0.02145873,0.13588855,1,0.016096842,0.015899159,0.0064002955
1785206994113965214,0.0019480877,0.00021846732,-0.00059044425,4.304481e-05,4.2438107e-05,0.03408017,1,-0.0016668745,0.010272456,0.22534241,0.11768638,0.11787799,0.090289295,0.7029453,-0.0008874383,0.0007462077,0.711243,0,6,1785206994104140,1785206994104140,-0.0264181,-0.021446949,0.13600868,1,0.016168382,0.015968904,0.0063882475
1785206994125901276,0.001149142,0.00021846732,-0.002454659,4.312496e-05,4.2512354e-05,0.034080863,1,-0.0019312197,0.010149044,0.22622876,0.11857744,0.11877067,0.09084694,0.70295304,-0.0008857579,0.0007463013,0.71123534,0,6,1785206994120140,1785206994120140,-0.026389735,-0.021074304,0.13621005,1,0.016312193,0.01610855,0.006413326
1785206994133916609,0.0022144034,0.001017415,0.00047481898,4.3163906e-05,4.2552216e-05,0.0340812,1,-0.0020669252,0.010083624,0.2267026,0.11902689,0.11922089,0.09112714,0.7029548,-0.0008817523,0.00075188227,0.71123356,0,6,1785206994128140,1785206994128140,-0.026499731,-0.02113613,0.1364213,1,0.016384764,0.016179217,0.0064258766
1785206994145855457,-0.00018243922,0.0023489962,0.000474817,4.3203312e-05,4.2589418e-05,0.03408154,1,-0.0022049076,0.010014027,0.22719657,0.119478986,0.119673714,0.09140827,0.70295465,-0.0008890603,0.00075969304,0.7112337,0,6,1785206994136140,1785206994136140,-0.026495114,-0.02129569,0.13662294,1,0.016457526,0.016250048,0.0064384346
1785206994153797659,0.0008828258,-0.0013794289,0.0018063975,4.3242035e-05,4.2624975e-05,0.034081876,1,-0.002345001,0.009939151,0.22771099,0.119933724,0.12012917,0.091690324,0.7029503,-0.0008835138,0.0007593315,0.71123815,0,6,1785206994144140,1785206994144140,-0.026609624,-0.021625735,0.13692035,1,0.01653059,0.01632112,0.006451
1785206994165772636,-0.0020468151,0.00021806452,0.00073798385,4.3318338e-05,4.270236e-05,0.034079783,1,-0.0026325476,0.009784282,0.22877243,0.12084056,0.121044144,0.0915737,0.7029489,-0.0008904793,0.0007525638,0.7112394,0,6,1785206994160140,1785206994160140,-0.026984977,-0.021566086,0.13773124,1,0.016665522,0.016458418,0.006450776
1785206994173757911,0.002214244,-0.0021787812,0.0010043037,4.3357624e-05,4.273968e-05,0.03408013,1,-0.0027807609,0.009701582,0.22931896,0.12130314,0.12150748,0.09185644,0.7029475,-0.0008819266,0.0007515593,0.7112408,0,6,1785206994168140,1785206994168140,-0.027153354,-0.021840245,0.13787745,1,0.016739037,0.0165297,0.006463345
1785206994185704864,0.003013194,0.001283329,0.00047166928,4.3396893e-05,4.2779546e-05,0.034080464,1,-0.002932734,0.009613507,0.22988382,0.12176843,0.121973485,0.09214011,0.70294523,-0.0008753189,0.00076074456,0.71124303,0,6,1785206994176140,1785206994176140,-0.027482748,-0.022079388,0.13803719,1,0.016812876,0.016601654,0.0064759217
1785206994193674489,0.0016816111,0.00075069536,-0.0008599132,4.343662e-05,4.281894e-05,0.034080807,1,-0.0030889576,0.009520733,0.23046716,0.12223643,0.12244218,0.092424706,0.70294935,-0.00087285263,0.0007680451,0.711239,0,6,1785206994184140,1785206994184140,-0.027738204,-0.022281269,0.13834447,1,0.016886825,0.016673658,0.0064885067
1785206994215340745,-0.0023131287,0.00075069396,0.0010042987,4.3516935e-05,4.289221e-05,0.034081485,1,-0.0034084017,0.0093206735,0.23168981,0.123180635,0.12338769,0.09299672,0.7029452,-0.00088253024,0.00077023683,0.71124315,0,6,1785206994200140,1785206994200140,-0.027789935,-0.022911903,0.13887526,1,0.017035404,0.016817879,0.006513697
1785206994218702946,-0.00071523327,0.0012833276,-0.0011262272,4.3556218e-05,4.2932417e-05,0.034081835,1,-0.0035712929,0.009213125,0.23229963,0.12365686,0.123864524,0.09258536,0.7029482,-0.00089056755,0.0007692795,0.71124005,0,6,1785206994208140,1785206994208140,-0.027870474,-0.023022663,0.13917853,1,0.017110284,0.016890706,0.006500298
1785206994232451496,0.0006163453,0.0015496444,0.0015369307,4.3595886e-05,4.296962e-05,0.034082178,1,-0.0037361179,0.009102283,0.23292705,0.12413585,0.12434411,0.092871554,0.70294636,-0.0008926292,0.00077743095,0.71124196,0,6,1785206994216140,1785206994216140,-0.027972413,-0.023050494,0.13928889,1,0.017185401,0.016963704,0.006512893
1785206994238695410,0.00035004003,-0.00031472277,-0.003790578,4.363488e-05,4.3007494e-05,0.03407974,1,-0.003903776,0.008990146,0.233571,0.12460544,0.12482199,0.093158685,0.7029539,-0.0008920116,0.00077619683,0.7112345,0,6,1785206994224140,1785206994224140,-0.028089551,-0.023078373,0.13948901,1,0.017248075,0.017031372,0.0065254956
1785206994250846434,-0.002845761,-0.0019126153,-0.002725317,4.3676064e-05,4.3049833e-05,0.034080084,1,-0.004072895,0.008873935,0.23423165,0.12508982,0.12530701,0.093446754,0.7029631,-0.0008947402,0.00076705735,0.7112254,0,6,1785206994232140,1785206994232140,-0.02800713,-0.023382626,0.13970284,1,0.017323613,0.017105112,0.006538105
1785206994259785142,0.0006163481,-4.8404094e-05,0.0004704804,4.37175e-05,4.3088807e-05,0.034080412,1,-0.004242985,0.008752449,0.23490892,0.12557702,0.12579481,0.09373576,0.70296466,-0.0008926039,0.000764383,0.71122384,0,6,1785206994240140,1785206994240140,-0.02799621,-0.023731219,0.13998717,1,0.017399408,0.017178902,0.0065507228
1785206994273757029,0.0006163535,-0.0013799844,-0.0019263689,4.3794407e-05,4.3164695e-05,0.03408109,1,-0.004590389,0.008497106,0.23631367,0.12655988,0.12677883,0.094316624,0.7029662,-0.0008774321,0.0007625591,0.71122235,0,6,1785206994256140,1785206994256140,-0.028127408,-0.024001252,0.14064108,1,0.017551808,0.01732724,0.0065759793
1785206994283526307,0.0003500331,-0.002178934,0.0028673226,4.3834687e-05,4.3204254e-05,0.034081426,1,-0.0047654677,0.008364497,0.2370399,0.12705559,0.12727506,0.09460848,0.70296127,-0.0008734213,0.0007618541,0.71122724,0,6,1785206994264140,1785206994264140,-0.028032701,-0.024082832,0.1408433,1,0.017628467,0.017401582,0.006588619
1785206994293233395,-0.00045860116,0.00021273876,-0.0013916707,4.165346e-05,4.114378e-05,0.034076754,1,-0.004782206,0.0082627,0.23748128,0.10624846,0.1063952,0.084983334,0.7029641,-0.00086082733,0.0007484639,0.71122444,0,6,1785206994280140,1785206994280140,-0.02806143,-0.024246732,0.1413781,1,0.014232241,0.014066921,0.0060934583
1785206994301000273,0.0011392969,-0.002983057,-0.0029895634,4.1693253e-05,4.11807e-05,0.03407709,1,-0.0046332413,0.008291375,0.23725067,0.10662492,0.10677274,0.08524253,0.70297277,-0.0008543129,0.0007421857,0.7112159,0,6,1785206994288140,1785206994288140,-0.028187046,-0.024270967,0.14149055,1,0.014296882,0.014129671,0.0061057387
1785206994312842255,0.0016712756,-0.0024503972,-0.0016576668,4.173057e-05,4.121678e-05,0.03407473,1,-0.0044896915,0.008314329,0.23705913,0.10699787,0.107150555,0.0855026,0.7029803,-0.0008440456,0.00073820725,0.7112085,0,6,1785206994296140,1785206994296140,-0.028242867,-0.024168087,0.14134945,1,0.014352631,0.014188704,0.0061180266
1785206994320646945,-0.0012582027,-0.003781978,-0.00059240643,4.17689e-05,4.1254112e-05,0.034075066,1,-0.004355129,0.008330384,0.2369041,0.107378714,0.107532516,0.08576355,0.70298487,-0.00083559833,0.00072331255,0.71120393,0,6,1785206994304140,1785206994304140,-0.028151229,-0.024452602,0.14124298,1,0.014417503,0.014252063,0.006130322
1785206994338851468,-0.00072556676,-0.0005861847,-5.9769904e-05,4.1844425e-05,4.1329837e-05,0.034075722,1,-0.0041141245,0.00834124,0.2367038,0.10814721,0.1083032,0.086288095,0.70298874,-0.00083347573,0.0007081761,0.71120024,0,6,1785206994320140,1785206994320140,-0.028479865,-0.02463119,0.1414357,1,0.014548216,0.014379364,0.006154934
1785206994340208584,0.00060601236,0.0028759264,-5.9769907e-05,4.1883028e-05,4.1363226e-05,0.034076065,1,-0.004006644,0.008337243,0.23661977,0.10853489,0.108691946,0.08594982,0.7029901,-0.0008394455,0.0007113217,0.71119875,0,6,1785206994328140,1785206994328140,-0.02825173,-0.024682801,0.1416317,1,0.014614054,0.014443694,0.006145363
1785206994351981996,-0.0020571495,-0.0005861833,-0.0027229316,4.1921932e-05,4.1398078e-05,0.034076408,1,-0.0039053082,0.008327231,0.23657294,0.10892487,0.10908298,0.08621246,0.7029977,-0.0008465153,0.00070806424,0.71119136,0,6,1785206994336140,1785206994336140,-0.027989322,-0.024761831,0.14203772,1,0.014680015,0.014508049,0.0061576716
1785206994359852261,0.0008723241,0.0012780307,0.0015381288,4.196133e-05,4.143431e-05,0.034076758,1,-0.003809052,0.008311861,0.236563,0.109317176,0.109476306,0.08647598,0.70299834,-0.0008490727,0.00070711225,0.7111907,0,6,1785206994344140,1785206994344140,-0.027579308,-0.024703676,0.14233726,1,0.014746228,0.014572312,0.0061699874
1785206994371570236,-0.0015245144,0.0023432944,-0.0035218825,4.2039264e-05,4.1514184e-05,0.034077432,1,-0.0036326617,0.00826835,0.23664522,0.11010878,0.1102699,0.08700569,0.70300716,-0.00084740506,0.00070301077,0.711182,0,6,1785206994360140,1785206994360140,-0.027312098,-0.024444576,0.14246297,1,0.01487948,0.014701741,0.0061946404
1785206994379477101,0.0014046181,0.0015446367,-0.00032363692,4.207848e-05,4.1550433e-05,0.034075085,1,-0.0035518685,0.008239405,0.23673388,0.110501215,0.1106678,0.08727188,0.7030108,-0.00085188355,0.0007077237,0.7111784,0,6,1785206994368140,1785206994368140,-0.0271688,-0.0241819,0.14253278,1,0.01493678,0.014762658,0.0062069786
1785206994391223771,0.0014046214,-0.00085220765,-0.0029868013,4.2116866e-05,4.1587988e-05,0.034075424,1,-0.0034772027,0.008207584,0.23685375,0.11090277,0.111070395,0.08753896,0.703018,-0.00084693386,0.00070910406,0.7111712,0,6,1785206994376140,1785206994376140,-0.027086843,-0.024032686,0.14266326,1,0.015003952,0.014828042,0.0062193233
1785206994399105448,0.00033934996,-0.0021837885,-0.00058995467,4.215481e-05,4.162835e-05,0.03407577,1,-0.0034087829,0.008171671,0.23700349,0.111306705,0.11147534,0.08780693,0.70302296,-0.0008430756,0.0007040858,0.7111663,0,6,1785206994384140,1785206994384140,-0.026969416,-0.024014648,0.14266267,1,0.015071423,0.0148933865,0.0062316754
1785206994410921751,0.0008719859,-0.0008522072,0.00047530796,4.2231033e-05,4.1701685e-05,0.03407644,1,-0.0032881761,0.008087406,0.23731631,0.11212175,0.11229234,0.08772048,0.7030211,-0.000836908,0.0007031151,0.71116817,0,6,1785206994400140,1785206994400140,-0.026676567,-0.023912089,0.14272197,1,0.015206921,0.015025159,0.0062336167
1785206994418817265,-0.002057491,-0.0013848394,0.0034047852,4.2268344e-05,4.1737898e-05,0.034076776,1,-0.0032358353,0.008039241,0.23751578,0.1125329,0.112704426,0.08798923,0.7030131,-0.00084017933,0.0006954546,0.71117604,0,6,1785206994408140,1785206994408140,-0.026594551,-0.023939209,0.14272174,1,0.015275036,0.015091074,0.0062459745
1785206994430626274,7.304223e-05,0.00074568763,-0.0016552191,4.2306492e-05,4.1774783e-05,0.03407711,1,-0.0031899395,0.007986678,0.23774318,0.11294647,0.113118924,0.088258885,0.7030153,-0.0008415976,0.00069118786,0.71117383,0,6,1785206994416140,1785206994416140,-0.026754366,-0.024013551,0.1429487,1,0.0153434705,0.015157352,0.0062583396
1785206994438484937,0.0038014613,0.00074568903,0.002339525,4.2342643e-05,4.181241e-05,0.034077458,1,-0.0031523795,0.007929254,0.23800035,0.11336248,0.113535844,0.08852943,0.7030119,-0.00083743327,0.0006993936,0.7111773,0,6,1785206994424140,1785206994424140,-0.027157992,-0.024107235,0.1434936,1,0.01541211,0.015223906,0.0062707113
1785206994450298886,-0.00019361416,-5.352404e-05,-0.0037878256,4.241896e-05,4.1887244e-05,0.034075476,1,-0.00309472,0.007803672,0.23860128,0.114193715,0.11437411,0.089073226,0.70301586,-0.0008478388,0.00069686415,0.71117336,0,6,1785206994440140,1785206994440140,-0.027108181,-0.024100179,0.14420502,1,0.015539349,0.015353603,0.006295477
1785206994458221501,-0.00045993505,-0.0011187824,-0.004320465,4.2456548e-05,4.192267e-05,0.034075826,1,-0.0030733931,0.0077372086,0.2389146,0.114616975,0.1147983,0.088705264,0.7030286,-0.00084623223,0.0006926761,0.7111608,0,6,1785206994448140,1785206994448140,-0.027229154,-0.023937456,0.1445428,1,0.015608767,0.015421317,0.0062843566
1785206994470026873,-0.0009925711,-0.0021840478,-0.0005920362,4.2493328e-05,4.1961288e-05,0.034076165,1,-0.0030571886,0.0076678195,0.23925492,0.11504272,0.11522496,0.08897746,0.7030334,-0.0008449347,0.00068215514,0.71115613,0,6,1785206994456140,1785206994456140,-0.027044903,-0.023877991,0.14474335,1,0.015678516,0.015489045,0.0062967404
1785206994477923599,-0.00045993866,-0.0016514156,0.002071123,4.2531145e-05,4.1999767e-05,0.034076504,1,-0.0030455573,0.0075951098,0.23962116,0.115470976,0.115654096,0.08925056,0.7030308,-0.00084250106,0.00067585334,0.7111586,0,6,1785206994464140,1785206994464140,-0.027073665,-0.023864962,0.14506009,1,0.015748365,0.015557274,0.0063091316
1785206994489795238,-0.0012588826,-0.0013851002,0.00020690562,4.2609623e-05,4.207648e-05,0.034077168,1,-0.0030392294,0.0074398373,0.24042773,0.11633504,0.11651987,0.08979947,0.7030291,-0.0008352904,0.0006604287,0.71116036,0,6,1785206994480140,1785206994480140,-0.026994573,-0.023926703,0.14528494,1,0.015888553,0.01569359,0.0063339365
1785206994497705770,0.00060533127,0.002077008,-0.0013909827,4.2649113e-05,4.211614e-05,0.034077503,1,-0.0030419729,0.007355665,0.24086535,0.11677088,0.116956525,0.09007529,0.7030325,-0.0008422407,0.0006598971,0.71115696,0,6,1785206994488140,1785206994488140,-0.026818259,-0.024078568,0.14530784,1,0.015958842,0.015761608,0.006346349
1785206994509510802,0.0022032247,0.0010117437,0.0012721749,4.2688374e-05,4.215421e-05,0.03407784,1,-0.003049864,0.0072675645,0.24132477,0.11720928,0.117395714,0.09035203,0.7030317,-0.0008409344,0.0006692702,0.71115774,0,6,1785206994496140,1785206994496140,-0.027021632,-0.024036715,0.14531164,1,0.016029444,0.015829755,0.00635877
1785206994517418018,-0.001791516,0.0026096413,0.0007395403,4.272626e-05,4.2189928e-05,0.034078192,1,-0.0030636888,0.00717708,0.24180585,0.11765024,0.117837444,0.090629674,0.7030305,-0.00084935763,0.0006718679,0.71115893,0,6,1785206994504140,1785206994504140,-0.027042126,-0.023913857,0.14549285,1,0.016100412,0.015898466,0.0063711987
1785206994529263537,-0.00019317691,-0.0005861283,-0.002456129,4.2806118e-05,4.2266547e-05,0.034076203,1,-0.0031159774,0.006988662,0.24277161,0.11853017,0.118725106,0.09052193,0.70302653,-0.00085068797,0.00067695737,0.7111628,0,6,1785206994520140,1785206994520140,-0.027353747,-0.023626985,0.14585342,1,0.016231999,0.016032383,0.0063716252
1785206994537192685,0.00060576433,0.0012780852,-5.9280534e-05,4.2845044e-05,4.2302254e-05,0.034076545,1,-0.0031497162,0.0068907435,0.24328862,0.118978746,0.11917448,0.09080029,0.7030303,-0.0008533932,0.0006793846,0.7111591,0,6,1785206994528140,1785206994528140,-0.027306592,-0.02378764,0.14632192,1,0.016303692,0.016102051,0.0063840575
1785206994549020681,7.313618e-05,0.0010117684,-0.00059191464,4.2883523e-05,4.233988e-05,0.03407688,1,-0.0031879535,0.006787664,0.24382904,0.11942994,0.119626455,0.09107956,0.7030313,-0.00085531914,0.0006818781,0.7111581,0,6,1785206994536140,1785206994536140,-0.027351225,-0.024109848,0.1466854,1,0.016375793,0.016172031,0.006396496
1785206994556964396,-0.0015247621,-0.00031981198,0.00020703643,4.292253e-05,4.237685e-05,0.034077223,1,-0.0032314295,0.0066803438,0.2443899,0.119883776,0.12008104,0.09135976,0.70303154,-0.0008613182,0.0006764981,0.71115786,0,6,1785206994544140,1785206994544140,-0.027563624,-0.024120707,0.14666496,1,0.016448207,0.016242249,0.0064089424
1785206994568811118,-0.0007258118,0.00021282025,0.0015386159,4.300034e-05,4.2453714e-05,0.034077916,1,-0.003338077,0.0064569577,0.24556738,0.12079941,0.12099809,0.09192292,0.70302135,-0.00087482436,0.0006802288,0.7111679,0,6,1785206994560140,1785206994560140,-0.0281476,-0.024093894,0.14681925,1,0.016593609,0.016383337,0.006433857
1785206994576724395,-0.0015247563,-0.0016513928,-0.00059191376,4.3039494e-05,4.2492597e-05,0.034078263,1,-0.003400127,0.0063414946,0.24614665,0.12126123,0.12146059,0.091523126,0.7030197,-0.0008754522,0.0006705364,0.71116954,0,6,1785206994568140,1785206994568140,-0.028254842,-0.024099287,0.14703913,1,0.016666582,0.01645447,0.0064211166
1785206994588638946,0.0022036615,0.0015443999,-0.0019234917,4.307925e-05,4.2527125e-05,0.034078605,1,-0.0034664152,0.0062237987,0.24674556,0.12172574,0.12192574,0.091804914,0.70302784,-0.0008753996,0.0006759598,0.71116155,0,6,1785206994576140,1785206994576140,-0.028184274,-0.023936817,0.14715762,1,0.016739536,0.016525906,0.006433573
1785206994596530662,0.00033922977,0.00047903275,-0.0011253604,4.311916e-05,4.2565243e-05,0.034076303,1,-0.00353426,0.006106119,0.24736302,0.122181766,0.12238955,0.09208763,0.70303065,-0.00087456085,0.00068069843,0.71115875,0,6,1785206994584140,1785206994584140,-0.028258683,-0.023743642,0.14721794,1,0.016800877,0.016591916,0.006446037
1785206994608449973,0.00033923215,-0.001917813,-0.0029895727,4.319781e-05,4.2643613e-05,0.034076974,1,-0.003688518,0.00586209,0.24865532,0.123123966,0.12333314,0.09265583,0.70303833,-0.00086367177,0.00067231886,0.7111512,0,6,1785206994600140,1785206994600140,-0.029001553,-0.023935307,0.14769663,1,0.016948188,0.01673531,0.006470987
1785206994616358651,7.291185e-05,0.0012779804,-0.0008590418,4.3236298e-05,4.2683543e-05,0.034077317,1,-0.0037757335,0.005734593,0.24932928,0.12359917,0.123808995,0.09294133,0.70304275,-0.0008657557,0.0006734425,0.71114683,0,6,1785206994608140,1785206994608140,-0.029311497,-0.02425425,0.14798063,1,0.017022392,0.016807191,0.0064834733
1785206994628232916,7.291336e-05,-5.3600408e-05,-0.00032640892,4.327503e-05,4.2722266e-05,0.03407765,1,-0.0038672956,0.0056037004,0.25002122,0.12407713,0.12428758,0.09322776,0.7030437,-0.0008666777,0.0006735011,0.7111459,0,6,1785206994616140,1785206994616140,-0.029202191,-0.024134547,0.14813825,1,0.017096767,0.016879512,0.006495967
1785206994636153156,7.2909985e-05,-0.0024504438,-0.0005927262,4.3313437e-05,4.276139e-05,0.03407798,1,-0.0039610337,0.005471447,0.2507298,0.12455786,0.12476891,0.09351513,0.7030473,-0.0008607711,0.0006683753,0.71114236,0,6,1785206994624140,1785206994624140,-0.029041344,-0.024096234,0.14824703,1,0.01717157,0.01695234,0.006508468
1785206994648038712,-0.0012586672,0.0020769306,-0.0019243103,4.3392454e-05,4.283968e-05,0.034078646,1,-0.004157631,0.0051996047,0.2521338,0.12552768,0.12573987,0.09338397,0.7030521,-0.00086514157,0.0006676012,0.71113753,0,6,1785206994640140,1785206994640140,-0.028939676,-0.024063572,0.1483485,1,0.01732219,0.017098127,0.006507308
1785206994656021091,-0.00045972108,-5.3599942e-05,-0.00059272186,4.3432836e-05,4.2875e-05,0.034079004,1,-0.004259918,0.005061191,0.25285977,0.12601681,0.12622951,0.09367196,0.7030545,-0.00087238214,0.00066744635,0.71113515,0,6,1785206994648140,1785206994648140,-0.028835842,-0.024030413,0.14845234,1,0.017397922,0.017171973,0.006519812
1785206994676973131,0.00087014376,0.00021257158,0.0018032161,4.347324e-05,4.2914595e-05,0.034076694,1,-0.0043484387,0.004921279,0.25360197,0.1264958,0.12671724,0.093960896,0.7030527,-0.00087094365,0.0006685222,0.71113694,0,6,1785206994656140,1785206994656140,-0.02885238,-0.024318852,0.14862727,1,0.017460858,0.017240036,0.0065323235
1785206994677098110,-0.002325639,-0.001917961,-0.0005936341,4.3513664e-05,4.295206e-05,0.034077022,1,-0.0044406154,0.0047768014,0.25435925,0.12699038,0.1272124,0.09425077,0.7030503,-0.00087056664,0.00066021574,0.71113926,0,6,1785206994664140,1785206994664140,-0.028862135,-0.024545645,0.14861381,1,0.017536892,0.017314207,0.0065448415
1785206994687703717,-0.00073430326,-0.0016577276,-0.0021889142,4.1378044e-05,4.0930565e-05,0.03407284,1,-0.0044109914,0.0047147684,0.2547409,0.106222026,0.10636991,0.085285395,0.7030721,-0.00086751167,0.000641451,0.71111786,0,6,1785206994680140,1785206994680140,-0.029004794,-0.024919434,0.14882506,1,0.014168957,0.014006345,0.0060770735
1785206994695621233,6.4645195e-05,-5.983049e-05,0.0015395132,4.141612e-05,4.0966574e-05,0.03407319,1,-0.004295077,0.0047916365,0.25434357,0.10659795,0.10674694,0.08495675,0.7030722,-0.00086770987,0.0006361925,0.7111177,0,6,1785206994688140,1785206994688140,-0.028922856,-0.025044061,0.14873885,1,0.014233012,0.014068654,0.0060680704
1785206994707533509,0.00059728435,-5.9831887e-05,0.0018058269,4.1453906e-05,4.1005827e-05,0.03407353,1,-0.0041876147,0.004860726,0.25399077,0.106976114,0.107126184,0.08521518,0.70306665,-0.0008660362,0.00063663936,0.71112317,0,6,1785206994696140,1785206994696140,-0.028934909,-0.024977608,0.14869747,1,0.0142975645,0.014131684,0.0060802484
1785206994715450704,-0.00046798086,0.0010054321,-0.0011236507,4.1492694e-05,4.1043364e-05,0.03407388,1,-0.0040876535,0.004923024,0.25368124,0.10735652,0.10750766,0.085474476,0.7030698,-0.0008688658,0.0006355792,0.71112,0,6,1785206994704140,1785206994704140,-0.028755996,-0.024879925,0.14858621,1,0.01436239,0.014195115,0.006092434
1785206994727441421,-0.00073430524,-0.0021903603,-0.001922594,4.1567877e-05,4.1120307e-05,0.034074582,1,-0.0039082034,0.0050284183,0.25318724,0.10812413,0.10827735,0.0859957,0.70308894,-0.0008819695,0.0006237094,0.7111012,0,6,1785206994720140,1785206994720140,-0.02833582,-0.024850512,0.14860803,1,0.014492332,0.0143218925,0.0061168256
1785206994735383824,0.00033085793,-0.0029893136,-0.0011236646,4.160605e-05,4.1155326e-05,0.034072306,1,-0.0038251136,0.0050699646,0.2530017,0.10850511,0.10866346,0.08625762,0.7030935,-0.0008741655,0.00061451975,0.7110966,0,6,1785206994728140,1785206994728140,-0.027873522,-0.024956973,0.1485108,1,0.014548458,0.014381292,0.0061290325
1785206994747283728,0.0013961218,-0.0019240486,0.00047423458,4.1644253e-05,4.1190273e-05,0.03407265,1,-0.0037468271,0.0051037422,0.25285506,0.1088945,0.109053925,0.086520426,0.70309395,-0.0008656048,0.0006076286,0.7110962,0,6,1785206994736140,1785206994736140,-0.027578324,-0.025114683,0.14863935,1,0.014614075,0.014445199,0.0061412468
1785206994755250718,0.0013961204,0.003135957,0.0015394955,4.1681564e-05,4.1226882e-05,0.03407299,1,-0.003673146,0.0051302086,0.25274783,0.1092862,0.109446675,0.08678411,0.70309323,-0.0008669123,0.0006165298,0.71109694,0,6,1785206994744140,1785206994744140,-0.027232388,-0.025161045,0.14872499,1,0.014679743,0.014509512,0.006153467
1785206994767134931,0.0021950698,-0.004320892,-0.0011236646,4.175675e-05,4.1299514e-05,0.034073677,1,-0.0035432517,0.0051647476,0.25257495,0.11007656,0.11023909,0.08670351,0.70309323,-0.00085202476,0.000608897,0.71109694,0,6,1785206994760140,1785206994760140,-0.026986608,-0.025159178,0.14868188,1,0.014812031,0.014638941,0.0061558676
1785206994775084458,-0.00020177569,0.00047279755,0.00074054435,4.179483e-05,4.133643e-05,0.034074027,1,-0.0034860747,0.005172597,0.25254297,0.11047525,0.110638775,0.08696798,0.7030924,-0.00084870297,0.00060434133,0.7110978,0,6,1785206994768140,1785206994768140,-0.02676482,-0.025205228,0.1486458,1,0.014878559,0.014703451,0.006168094
1785206994787031230,6.454263e-05,0.0010054288,-0.0013899826,4.183196e-05,4.1372943e-05,0.034074377,1,-0.003434544,0.0051742173,0.25254565,0.1108763,0.11104079,0.087233335,0.70309615,-0.00085143937,0.0006065476,0.7110941,0,6,1785206994776140,1785206994776140,-0.026714785,-0.025242627,0.14862347,1,0.014945382,0.014768162,0.006180328
1785206994794977321,6.453914e-05,0.0018043781,0.0007405477,4.1869906e-05,4.1410534e-05,0.034074727,1,-0.0033883424,0.0051702615,0.2525818,0.11127972,0.11144516,0.08749958,0.7030976,-0.0008567945,0.00060763257,0.71109265,0,6,1785206994784140,1785206994784140,-0.026453612,-0.02520967,0.14858112,1,0.015012507,0.014833368,0.006192568
1785206994807003385,-0.0015335545,-0.002190019,-0.0016533788,4.1946736e-05,4.148713e-05,0.03407281,1,-0.0033083458,0.0051447395,0.25275326,0.11208628,0.11225844,0.08803473,0.70310646,-0.00086211343,0.0005925577,0.7110839,0,6,1785206994800140,1785206994800140,-0.026159711,-0.025062699,0.1487562,1,0.015137477,0.014959772,0.0062170713
1785206994814859864,-0.00020197371,-0.0011247555,-0.0011207422,4.1984804e-05,4.1523395e-05,0.03407316,1,-0.003274171,0.0051237787,0.252887,0.11249673,0.11266988,0.087677255,0.70311093,-0.0008632532,0.0005843002,0.7110794,0,6,1785206994808140,1785206994808140,-0.025856517,-0.025083017,0.14875326,1,0.015205179,0.015025578,0.006206559
1785206994826811666,6.434391e-05,0.0020710386,-0.00032180068,4.2022224e-05,4.156253e-05,0.03407351,1,-0.0032433262,0.0050985566,0.25305104,0.11290961,0.113083705,0.08794514,0.703112,-0.0008640678,0.0005869867,0.71107835,0,6,1785206994816140,1785206994816140,-0.0255553,-0.024842609,0.14878154,1,0.015273284,0.01509176,0.0062188115
1785206994834769269,0.0011296072,-0.0013910704,-0.00032179375,4.205967e-05,4.160239e-05,0.03407385,1,-0.0032167388,0.0050706742,0.2532454,0.11332491,0.11349995,0.08821392,0.7031138,-0.0008637189,0.00058479724,0.71107656,0,6,1785206994824140,1785206994824140,-0.025544742,-0.024593746,0.14898008,1,0.015341423,0.0151579,0.006231071
1785206994846751439,0.00086328934,-0.0011247545,-0.00085443404,4.2135023e-05,4.167869e-05,0.034074537,1,-0.0031801518,0.0050054556,0.25372395,0.11416287,0.11433971,0.08875416,0.70312506,-0.0008464968,0.00059108756,0.71106553,0,6,1785206994840140,1785206994840140,-0.025458612,-0.02433109,0.14927046,1,0.015478459,0.015291449,0.0062556113
1785206994854689845,0.0021948721,0.0010057734,-0.0005881134,4.2173288e-05,4.1714742e-05,0.03407488,1,-0.0031689152,0.0049664644,0.2540057,0.11458555,0.11476325,0.08902563,0.7031279,-0.0008427756,0.0005961609,0.7110626,0,6,1785206994848140,1785206994848140,-0.025352662,-0.024384422,0.14943394,1,0.015547322,0.015358505,0.0062678927
1785206994866595078,0.0016622427,0.0018047225,-0.0027186428,4.2211872e-05,4.1752373e-05,0.03407523,1,-0.0031611572,0.0049231616,0.25431606,0.1150107,0.11518926,0.089297995,0.7031338,-0.0008435744,0.0006027741,0.7110568,0,6,1785206994856140,1785206994856140,-0.025117895,-0.024319338,0.14978606,1,0.015616499,0.015425602,0.006280181
1785206994874527101,-0.00020197337,0.00207104,-0.0013870647,4.225115e-05,4.1793075e-05,0.034075566,1,-0.0031581998,0.004875394,0.2546553,0.11543835,0.11561774,0.08957125,0.7031393,-0.00084775,0.0006090534,0.71105146,0,6,1785206994864140,1785206994864140,-0.02523929,-0.02441498,0.15013069,1,0.015685938,0.015493023,0.0062924763
1785206994886479465,-0.0012673688,-5.9754122e-05,0.0012739492,4.232625e-05,4.186946e-05,0.034073647,1,-0.0031663363,0.0047719213,0.2553341,0.11629227,0.116479024,0.08947015,0.70313793,-0.0008446263,0.0005977666,0.7110527,0,6,1785206994880140,1785206994880140,-0.02529471,-0.024274308,0.15091836,1,0.015814636,0.0156229595,0.006293401
1785206994894449471,0.0016621102,-0.0019239667,-0.0029871026,4.2363616e-05,4.1905783e-05,0.034073986,1,-0.0031778181,0.004713934,0.25571537,0.11672732,0.11691493,0.089744136,0.7031448,-0.0008381812,0.00059599656,0.7110459,0,6,1785206994888140,1785206994888140,-0.025278712,-0.024419302,0.15107323,1,0.015884593,0.015690636,0.0063057006
1785206994906379852,0.00059683854,-0.00059238495,0.0012739531,4.2402928e-05,4.1940497e-05,0.034074333,1,-0.0031940527,0.004649543,0.2561224,0.11716492,0.11735335,0.09001903,0.70314485,-0.00083397713,0.00059352664,0.711046,0,6,1785206994896140,1785206994896140,-0.025320586,-0.024810318,0.15127781,1,0.015954833,0.015758526,0.006318007
1785206994914346672,0.0013957914,0.0018044601,-5.762654e-05,4.244146e-05,4.1977757e-05,0.034074683,1,-0.0032150215,0.0045791343,0.256555,0.11760506,0.117794305,0.09029483,0.70314556,-0.0008335689,0.0005978711,0.71104527,0,6,1785206994904140,1785206994904140,-0.025306623,-0.024906076,0.15145427,1,0.01602547,0.015827207,0.006330321
1785206994926259791,0.0016621117,-0.00032607,-0.0013892038,4.2516564e-05,4.2049596e-05,0.034075383,1,-0.0032723194,0.0044260616,0.25749063,0.11849309,0.11868387,0.09084915,0.70314044,-0.00083492737,0.00059693144,0.71105033,0,6,1785206994920140,1785206994920140,-0.025560858,-0.024945857,0.15158942,1,0.01616738,0.015964633,0.00635497
1785206994934323185,6.420864e-05,-0.0003260686,-5.7631656e-05,4.255564e-05,4.2086667e-05,0.034075726,1,-0.0033088296,0.004343984,0.25796568,0.118940994,0.119132504,0.090460755,0.70314217,-0.0008310874,0.0005980713,0.7110486,0,6,1785206994928140,1785206994928140,-0.025662022,-0.024900995,0.15160483,1,0.01623875,0.01603395,0.0063428795
1785206994946241293,-0.00046759087,0.0010046125,0.00073388685,4.259518e-05,4.2124382e-05,0.034073453,1,-0.0033588896,0.004265246,0.25846228,0.11938144,0.119580165,0.090738155,0.70314085,-0.0008381448,0.0005965724,0.7110499,0,6,1785206994936140,1785206994936140,-0.026068298,-0.024958957,0.15155874,1,0.01629904,0.016098324,0.0063552046
1785206994954174128,0.0013966254,-0.0024574972,-0.0021955932,4.263418e-05,4.2163985e-05,0.034073804,1,-0.0034156316,0.0041823387,0.25898114,0.11983441,0.12003392,0.091016464,0.7031472,-0.00082823524,0.00059333374,0.71104366,0,6,1785206994944140,1785206994944140,-0.02625695,-0.0250155,0.15170959,1,0.016370768,0.016167914,0.0063675367
1785206994966140268,0.001130306,-0.001924865,0.0007338844,4.2710348e-05,4.2243664e-05,0.034074493,1,-0.0035445592,0.00400547,0.2600873,0.12074826,0.12094927,0.09157582,0.70314866,-0.00081591407,0.00058623403,0.71104217,0,6,1785206994960151,1785206994960151,-0.026603922,-0.025058405,0.15226108,1,0.016515031,0.01630762,0.0063922224
1785206994974131434,-0.00020127615,-0.0005932846,0.0017991478,4.2749438e-05,4.2280262e-05,0.03407484,1,-0.0036170473,0.0039113704,0.2606734,0.12120917,0.12141089,0.09185688,0.7031462,-0.00081274734,0.0005816204,0.71104467,0,6,1785206994968151,1785206994968151,-0.026790323,-0.025069986,0.15233587,1,0.016587565,0.01637778,0.0064045764
1785206994986107533,0.0003313609,-6.0652383e-05,0.0007338846,4.2788124e-05,4.2317937e-05,0.034075182,1,-0.0036933278,0.003813975,0.26127982,0.12167276,0.12187517,0.09213885,0.7031433,-0.0008107181,0.0005796892,0.71104753,0,6,1785206994976151,1785206994976151,-0.026619906,-0.02504518,0.1525543,1,0.016660215,0.016448386,0.006416937
1785206994994074854,0.00033135625,-0.0008596005,-6.506395e-05,4.2826625e-05,4.2350624e-05,0.034075532,1,-0.0037727274,0.0037131726,0.26190674,0.12213904,0.1223421,0.09242174,0.70314646,-0.0008102107,0.00058080757,0.7110444,0,6,1785206994984151,1785206994984151,-0.026728248,-0.025111996,0.1526529,1,0.016733127,0.016519263,0.006429305
1785206995006031756,-0.0012665383,-0.0011259164,-0.0011303303,4.2904332e-05,4.2420754e-05,0.034076225,1,-0.0039442563,0.0035033876,0.26318446,0.12307972,0.12328402,0.092298046,0.703152,-0.00081061566,0.000571139,0.71103895,0,6,1785206995000151,1785206995000151,-0.026905566,-0.024865685,0.15293264,1,0.016879922,0.016661607,0.0064286846
1785206995014061826,-0.00020130922,-0.00085968897,-0.0005983989,4.2943728e-05,4.2456573e-05,0.034073908,1,-0.004035844,0.0033960866,0.26385182,0.12354243,0.123754844,0.09258159,0.703157,-0.000811194,0.0005675049,0.711034,0,6,1785206995008151,1785206995008151,-0.026919078,-0.024738358,0.1529593,1,0.016941356,0.016727531,0.0064410553
1785206995025985844,-0.0012665674,-0.0016586385,-0.0024626139,4.2983527e-05,4.2493328e-05,0.034074258,1,-0.0041297846,0.0032856248,0.2645374,0.12401941,0.124232486,0.09286606,0.70316356,-0.00080985314,0.0005582779,0.7110275,0,6,1785206995016151,1785206995016151,-0.02668557,-0.024958346,0.1530771,1,0.01701513,0.016799355,0.006453433
1785206995033967642,0.00033132354,0.00073820725,-0.0005984008,4.3022064e-05,4.253156e-05,0.0340746,1,-0.0042257598,0.0031707855,0.26524106,0.12449914,0.12471286,0.09315146,0.703169,-0.00080968824,0.00055850757,0.71102214,0,6,1785206995024151,1785206995024151,-0.026618008,-0.025032917,0.15325603,1,0.017089143,0.016871301,0.0064658183
1785206995045914755,0.0021955357,-0.00032705814,0.0002005526,4.309906e-05,4.2606724e-05,0.034075286,1,-0.0044265413,0.002933117,0.26670176,0.12546693,0.12568186,0.09372503,0.7031753,-0.0008002637,0.00055237534,0.71101594,0,6,1785206995040151,1785206995040151,-0.026568415,-0.024826465,0.15354347,1,0.017238097,0.017015995,0.006490609
1785206995053889128,-0.0036634167,-0.002723903,0.00046685062,4.3137694e-05,4.2643853e-05,0.034075633,1,-0.004531276,0.0028115711,0.26742637,0.125955,0.12617052,0.09330356,0.7031758,-0.0007966306,0.00054183655,0.71101546,0,6,1785206995048151,1785206995048151,-0.026559712,-0.024798311,0.15374191,1,0.017313063,0.017088838,0.006476873
1785206995065829879,-0.0025981509,0.00047188997,-0.00059839955,4.3177126e-05,4.2680207e-05,0.03407598,1,-0.004638758,0.0026868423,0.26816908,0.1264459,0.12666194,0.0935905,0.70317775,-0.0008061616,0.000528627,0.7110135,0,6,1785206995056151,1785206995056151,-0.026519557,-0.024913928,0.15401617,1,0.017388316,0.017161889,0.006489268
1785206995073828288,0.0011302715,-0.0005933726,0.00046686592,4.3216573e-05,4.2719093e-05,0.034076322,1,-0.0047488953,0.002558008,0.26893038,0.12693962,0.12715617,0.093878366,0.70317936,-0.00080484356,0.00052945194,0.71101195,0,6,1785206995064151,1785206995064151,-0.026459891,-0.025169553,0.15440448,1,0.017463993,0.017235495,0.00650167
1785206995085874851,-0.0012730038,-0.0016633505,-0.000849315,4.112199e-05,4.0736464e-05,0.034070916,1,-0.004746296,0.0025139605,0.2694171,0.10619542,0.10634466,0.08498853,0.70318604,-0.0007953205,0.00051165815,0.71100533,0,6,1785206995080151,1785206995080151,-0.026326269,-0.025487129,0.15452099,1,0.014110263,0.013948496,0.0060400954
1785206995093835238,0.0013901591,0.00020086206,0.0010148983,4.1159517e-05,4.0774812e-05,0.034071267,1,-0.004637412,0.0026076233,0.26916733,0.10657083,0.1067212,0.08524621,0.7031827,-0.0007941959,0.00051661034,0.71100867,0,6,1785206995088151,1785206995088151,-0.026026059,-0.025644727,0.15434974,1,0.014174137,0.014011026,0.0060521755
1785206995105791007,-0.00020774663,-0.0011307178,0.0023464782,4.1195974e-05,4.0808794e-05,0.034071624,1,-0.0045348736,0.0026923567,0.26892963,0.10694847,0.10709995,0.08491733,0.70317966,-0.0007888487,0.0005076817,0.71101165,0,6,1785206995096151,1785206995096151,-0.02591855,-0.025682867,0.15425509,1,0.0142381005,0.014073413,0.0060432046
1785206995113732157,-0.00020773814,0.0025977064,-5.0364775e-05,4.1232477e-05,4.0844818e-05,0.034071974,1,-0.0044397297,0.0027688043,0.2687339,0.10732835,0.10748092,0.08517496,0.7031774,-0.00079977117,0.00051262847,0.7110139,0,6,1785206995104151,1785206995104151,-0.025834406,-0.025702655,0.1542427,1,0.0143022,0.014135895,0.0060552843
1785206995125736859,0.0011238408,-6.5453816e-05,-5.0364113e-05,4.1306164e-05,4.09159e-05,0.034072682,1,-0.004270435,0.0029005134,0.26846534,0.10809485,0.10824957,0.08569284,0.7031776,-0.0007967093,0.0005144536,0.71101373,0,6,1785206995120151,1785206995120151,-0.025558237,-0.025504738,0.15430064,1,0.014431301,0.014261776,0.006079464
1785206995133732954,0.000857525,0.00046717888,-0.0008493158,4.134324e-05,4.0952036e-05,0.034073025,1,-0.0041947905,0.0029555634,0.26838988,0.108481504,0.108637266,0.08595307,0.70318,-0.0007932957,0.0005157903,0.7110113,0,6,1785206995128151,1785206995128151,-0.025468282,-0.025584552,0.15427515,1,0.014496176,0.014324633,0.006091565
1785206995145714563,-0.0007403719,-0.0027286154,-0.0019145805,4.1380645e-05,4.0987725e-05,0.034073368,1,-0.004125635,0.003003229,0.26835176,0.10887045,0.10902724,0.08621418,0.7031847,-0.0007890786,0.0005081145,0.71100664,0,6,1785206995136151,1785206995136151,-0.025341015,-0.02549953,0.15416776,1,0.014561388,0.01438811,0.006103672
1785206995153666323,-0.00074043777,0.0012659668,-0.00031804023,4.1417705e-05,4.102543e-05,0.034071144,1,-0.004061527,0.003046221,0.2683499,0.109255195,0.1094173,0.086476155,0.7031867,-0.000794292,0.00050380256,0.7110047,0,6,1785206995144151,1785206995144151,-0.025169034,-0.025343798,0.15414599,1,0.014617514,0.014447657,0.0061157867
1785206995165589831,0.0005911433,-0.00033193035,0.00021459415,4.149217e-05,4.1100575e-05,0.03407182,1,-0.0039511113,0.003115423,0.2684207,0.11004437,0.11020858,0.08639644,0.703185,-0.0007911172,0.00048929884,0.71100634,0,6,1785206995160151,1785206995160151,-0.02499034,-0.02523901,0.15410876,1,0.014749045,0.01457564,0.0061182585
1785206995173616234,5.8512785e-05,-0.0016635102,-0.0011169902,4.1529092e-05,4.113915e-05,0.034072164,1,-0.003903568,0.003139279,0.2685083,0.11044245,0.11060768,0.08665921,0.7031871,-0.00078728667,0.0004850989,0.71100426,0,6,1785206995168151,1785206995168151,-0.024700524,-0.025391832,0.1541776,1,0.014815137,0.014639614,0.006130378
1785206995185580469,0.00032482523,0.0017985995,-5.1724233e-05,4.1566625e-05,4.117539e-05,0.034072507,1,-0.0038604834,0.003155049,0.2686289,0.11084288,0.11100911,0.08692285,0.7031899,-0.0007906383,0.00048577267,0.7110015,0,6,1785206995176151,1785206995176151,-0.024531538,-0.02573619,0.15415438,1,0.014881431,0.01470395,0.006142505
1785206995193524124,0.0027216738,-0.0013971934,0.0023451203,4.1603485e-05,4.1212104e-05,0.034072857,1,-0.0038213653,0.003162199,0.26878273,0.11124567,0.11141288,0.087187365,0.70318323,-0.00078232173,0.0004891747,0.7110082,0,6,1785206995184151,1785206995184151,-0.024200931,-0.025947493,0.15436397,1,0.014948029,0.014768634,0.006154639
1785206995205515221,0.0027216715,-6.561354e-05,-0.0013833058,4.1677766e-05,4.1285875e-05,0.034073543,1,-0.0037599881,0.003157419,0.26918548,0.112058364,0.112227485,0.087719046,0.7031874,-0.0007611619,0.0004930173,0.7110041,0,6,1785206995200151,1785206995200151,-0.024396949,-0.02588374,0.15425906,1,0.015081846,0.014898531,0.0061789285
1785206995213547304,-0.00074043707,0.0015322831,-0.00031804334,4.1715215e-05,4.132906e-05,0.034073878,1,-0.0037379619,0.003147921,0.26943088,0.1124683,0.11263834,0.087986216,0.7031881,-0.0007645129,0.0004945072,0.71100336,0,6,1785206995208151,1785206995208151,-0.0242747,-0.02574606,0.1542319,1,0.015149039,0.014963744,0.006191083
1785206995225480881,5.9000566e-05,-0.0003324235,-0.0016538649,4.1753006e-05,4.136484e-05,0.03407165,1,-0.0037237203,0.0031362092,0.26969755,0.11287296,0.11304895,0.08762859,0.70319176,-0.00076747424,0.0004933719,0.7109997,0,6,1785206995216151,1785206995216151,-0.023994505,-0.025811074,0.15442617,1,0.015206399,0.015024744,0.006180615
1785206995233438643,0.0013905776,-0.0011313711,0.0012756116,4.1790205e-05,4.140125e-05,0.034072,1,-0.0037131095,0.0031192673,0.26999363,0.113287576,0.113464534,0.087895624,0.70319104,-0.00076062756,0.0004908026,0.71100044,0,6,1785206995224151,1785206995224151,-0.023924375,-0.025780212,0.15451217,1,0.01527407,0.01509052,0.006192768
1785206995245399953,-0.0010062573,-0.0011313739,-0.0029854467,4.1865078e-05,4.147487e-05,0.0340727,1,-0.0037058478,0.0030698373,0.27067122,0.11412413,0.11430295,0.08843235,0.70318997,-0.0007615816,0.00047845687,0.7110015,0,6,1785206995240151,1785206995240151,-0.02379111,-0.02574905,0.15491498,1,0.01541025,0.015222581,0.0062170937
1785206995253441755,-0.0034031118,0.00020021247,-0.0011212378,4.1902236e-05,4.151208e-05,0.034073044,1,-0.0037092438,0.0030382224,0.2710517,0.11454608,0.114725806,0.088702045,0.7031957,-0.0007693822,0.0004687251,0.71099585,0,6,1785206995248151,1785206995248151,-0.023831937,-0.025711795,0.15503505,1,0.015478696,0.015289064,0.006229267
1785206995265391042,-0.00073994836,-0.0040608468,-0.0005885964,4.1940813e-05,4.154998e-05,0.034073386,1,-0.00371704,0.0030009989,0.2714595,0.114970505,0.11515111,0.088972636,0.70319796,-0.0007666138,0.00045610286,0.7109936,0,6,1785206995256151,1785206995256151,-0.023742612,-0.025856383,0.15533893,1,0.015547329,0.015355742,0.0062414473
1785206995273348473,0.0013905774,-0.0021966342,0.002074564,4.1978623e-05,4.1585023e-05,0.034073737,1,-0.0037302254,0.002958006,0.27189404,0.115397416,0.115578875,0.08924412,0.70319384,-0.0007559379,0.0004454741,0.7109977,0,6,1785206995264151,1785206995264151,-0.02399558,-0.0259857,0.15555772,1,0.015616154,0.015422654,0.0062536346
1785206995285356743,0.0029884744,-0.0024629515,-0.00058860163,4.2054504e-05,4.1655836e-05,0.03407443,1,-0.0037721144,0.0028561216,0.27272326,0.11625873,0.11644183,0.08914417,0.7031984,-0.000741139,0.00045259166,0.7109932,0,6,1785206995280151,1785206995280151,-0.02391972,-0.026077937,0.15539277,1,0.01575471,0.0155570265,0.006254652
1785206995293416419,-0.0018052679,0.00073298113,-0.0032506099,4.2091764e-05,4.1693365e-05,0.034072194,1,-0.0037995593,0.002796222,0.2731753,0.116684124,0.116873905,0.08941638,0.70320594,-0.000743304,0.0004495885,0.7109857,0,6,1785206995288151,1785206995288151,-0.024142666,-0.026266912,0.15558022,1,0.01581375,0.015620064,0.006266844
1785206995305318776,5.893607e-05,-0.00059859874,0.0010104552,4.2129832e-05,4.173248e-05,0.034072537,1,-0.0038327926,0.002730874,0.27365294,0.11712094,0.117311575,0.08968948,0.7032072,-0.00074471213,0.0004474059,0.71098447,0,6,1785206995296151,1785206995296151,-0.02421506,-0.026360696,0.15586425,1,0.015883602,0.015687821,0.0062790434
1785206995313294492,0.00032525614,0.001531929,0.001276769,4.216735e-05,4.1771204e-05,0.034072895,1,-0.0038691675,0.0026599104,0.2741556,0.11756029,0.11775176,0.08996348,0.7032035,-0.00074499333,0.0004471742,0.7109881,0,6,1785206995304151,1785206995304151,-0.023904808,-0.02660092,0.15598662,1,0.015953707,0.01575592,0.0062912493
1785206995325274588,-0.0010063242,-0.0011312324,-0.0021853398,4.2242893e-05,4.184518e-05,0.034073573,1,-0.003951386,0.0024996626,0.27522764,0.11844669,0.11863977,0.09051418,0.70320445,-0.00076255226,0.00045694443,0.71098715,0,6,1785206995320151,1785206995320151,-0.024008127,-0.027068526,0.15589745,1,0.016094593,0.015892494,0.0063156816
1785206995333320108,0.0011242012,-0.0016638632,0.0007441391,4.2281237e-05,4.188241e-05,0.034073923,1,-0.003999104,0.002410814,0.2757557,0.118893765,0.11908761,0.09012886,0.7032046,-0.000756019,0.00045239244,0.7109871,0,6,1785206995328151,1785206995328151,-0.023890436,-0.027290726,0.1560706,1,0.01616546,0.01596122,0.0063038
1785206995345247562,-0.0023379049,0.00020034844,0.0004778162,4.2319134e-05,4.1915555e-05,0.03407428,1,-0.004049557,0.0023169217,0.27630714,0.11934344,0.11953802,0.09040446,0.7032028,-0.00075887324,0.00044370283,0.7109889,0,6,1785206995336151,1785206995336151,-0.023780603,-0.027346581,0.15619586,1,0.01623639,0.01602984,0.0063160164
1785206995353241053,0.0016568366,-6.5966975e-05,-5.4809294e-05,4.2356824e-05,4.194915e-05,0.034074638,1,-0.0041029933,0.002219022,0.27688098,0.119795725,0.11999101,0.09068095,0.70320326,-0.0007595355,0.0004478822,0.7109884,0,6,1785206995344151,1785206995344151,-0.023687622,-0.027333304,0.15634514,1,0.016307743,0.016099282,0.00632824
1785206995365221248,-0.00074031635,0.0023297574,0.0023328394,4.2433752e-05,4.2018062e-05,0.034072768,1,-0.0042179776,0.0020307233,0.2780963,0.12069764,0.120901115,0.09123666,0.70319307,-0.0007739576,0.0004454177,0.7109985,0,6,1785206995360151,1785206995360151,-0.024092635,-0.027374178,0.15699789,1,0.016439965,0.016233869,0.006352708
1785206995373237803,-0.00047399872,0.00046554394,0.00020230858,4.2472137e-05,4.2055864e-05,0.03407311,1,-0.0042830263,0.0019303453,0.27873853,0.12115766,0.12136188,0.09151588,0.70319146,-0.00077683193,0.00044447283,0.71099997,0,6,1785206995368151,1785206995368151,-0.024234416,-0.02742729,0.15726185,1,0.016511867,0.016303482,0.006364953
1785206995385159366,0.0019228403,0.0012644916,-0.0005966386,4.251003e-05,4.2091327e-05,0.034073453,1,-0.0043517826,0.0018260388,0.27940154,0.12162036,0.12182529,0.091796,0.7031982,-0.00077560416,0.00045074985,0.7109933,0,6,1785206995376151,1785206995376151,-0.02417343,-0.027404092,0.1574967,1,0.016584128,0.016373625,0.0063772043
1785206995393126265,-0.00020768505,0.0015308084,0.00073494005,4.2548207e-05,4.2129283e-05,0.034073804,1,-0.0044242847,0.0017182067,0.2800639,0.12208572,0.12229135,0.0913962,0.7031963,-0.0007796188,0.00045329297,0.7109952,0,6,1785206995384151,1785206995384151,-0.02428576,-0.027476529,0.15770304,1,0.016656576,0.016443959,0.0063645965
1785206995405164362,-0.00020768424,-0.0011323527,0.00020230844,4.2624633e-05,4.2210562e-05,0.03407449,1,-0.004582283,0.0014897757,0.28145063,0.12302453,0.12323147,0.09195686,0.70319766,-0.0007819468,0.00045065102,0.7109939,0,6,1785206995400151,1785206995400151,-0.024590932,-0.027681895,0.15820028,1,0.016802246,0.016585412,0.0063890996
1785206995413126232,5.8625243e-05,-0.0032628807,0.0010012592,4.2662483e-05,4.2250296e-05,0.034074835,1,-0.0046681566,0.0013686827,0.28217322,0.123498015,0.12370556,0.09223856,0.7031991,-0.00077458256,0.0004406008,0.7109925,0,6,1785206995408151,1785206995408151,-0.024672344,-0.027907114,0.15832841,1,0.016875353,0.016656332,0.0064013614
1785206995425093853,0.0005912605,-6.7087356e-05,0.00286547,4.2700125e-05,4.2287258e-05,0.034075174,1,-0.0047574113,0.0012423651,0.28291434,0.12397422,0.12418235,0.09252118,0.70319253,-0.0007706429,0.00043849775,0.710999,0,6,1785206995416151,1785206995416151,-0.024731379,-0.028147213,0.15839826,1,0.016948799,0.016727885,0.0064136297
1785206995433125126,-0.0015391471,-0.00033325097,-0.0005954058,4.2738546e-05,4.2321793e-05,0.034072913,1,-0.004852042,0.0011095348,0.28367248,0.12444112,0.1246576,0.092804715,0.70319426,-0.0007719774,0.0004364032,0.7109973,0,6,1785206995424151,1785206995424151,-0.024916809,-0.028459173,0.15835705,1,0.017010644,0.016794523,0.0064259055
1785206995445153584,0.0005913802,0.0012646471,0.0012688104,4.2815183e-05,4.239347e-05,0.034073606,1,-0.005051464,0.00082646764,0.28524038,0.12540694,0.12562469,0.09337455,0.7031919,-0.00078675576,0.00044509317,0.7109996,0,6,1785206995440151,1785206995440151,-0.02477,-0.028912818,0.15859215,1,0.017158922,0.016938696,0.0064504775
1785206995453131645,0.0024555903,-6.693229e-05,0.0012688108,4.2853713e-05,4.2431584e-05,0.03407395,1,-0.005154273,0.0006799622,0.2859855,0.12589402,0.12611236,0.092956476,0.7031907,-0.00078247703,0.00045182602,0.7110008,0,6,1785206995448151,1785206995448151,-0.024792198,-0.028799333,0.15876439,1,0.01723327,0.01701097,0.0064369715
1785206995465082154,-0.0007402025,0.002329912,0.00020354308,4.2892276e-05,4.2468895e-05,0.03407429,1,-0.0052608643,0.0005305378,0.28674856,0.12638392,0.1266028,0.09324154,0.703191,-0.00078684004,0.00045516138,0.7110005,0,6,1785206995456151,1785206995456151,-0.024913967,-0.028933434,0.15879698,1,0.017308027,0.01708328,0.006449257
1785206995473084350,0.0008576949,0.00073201535,-0.00059540186,4.2931704e-05,4.2507112e-05,0.03407464,1,-0.0053713974,0.00037639984,0.28752947,0.12687661,0.12709603,0.09352754,0.7031932,-0.0007897071,0.00046080173,0.7109983,0,6,1785206995464151,1785206995464151,-0.025092991,-0.029228406,0.15909205,1,0.017383257,0.017156279,0.0064615496
1785206995485128759,0.0003190686,0.0012580836,-0.0016577839,4.087337e-05,4.05576e-05,0.034073357,1,-0.0053739054,0.0003093757,0.28801155,0.10617426,0.1063214,0.084708445,0.7032013,-0.00080131105,0.0004450396,0.71099025,0,6,1785206995480151,1785206995480151,-0.024598695,-0.028973779,0.159571,1,0.014063329,0.013897265,0.006005712
1785206995493083345,0.0045801196,0.0009917668,0.0010053739,4.0909923e-05,4.0596617e-05,0.034073707,1,-0.0052697486,0.00039187583,0.28774047,0.106549285,0.1066975,0.08496457,0.70320535,-0.0007933482,0.00045674664,0.71098626,0,6,1785206995488151,1785206995488151,-0.024433423,-0.029013958,0.15957378,1,0.014126728,0.013958814,0.006017693
1785206995505127453,0.0013826198,0.00019254629,0.0012695994,4.0946583e-05,4.0631236e-05,0.03407148,1,-0.005160445,0.00046795481,0.28748724,0.106920764,0.1070739,0.08463799,0.7032033,-0.00078572455,0.00046284142,0.7109883,0,6,1785206995496151,1785206995496151,-0.024451278,-0.029000837,0.15971637,1,0.0141815925,0.014016803,0.0060088756
1785206995513071318,-0.00021527812,-0.00034008548,0.002334869,4.098318e-05,4.0669398e-05,0.03407182,1,-0.005058626,0.0005361753,0.2872794,0.10730012,0.10745437,0.084894076,0.7032003,-0.00078785676,0.00046212933,0.7109913,0,6,1785206995504151,1785206995504151,-0.024355765,-0.028871663,0.1598649,1,0.014245348,0.014079004,0.0060208556
1785206995525098193,-0.0039437036,-0.0016716653,0.00073696766,4.1057203e-05,4.0744464e-05,0.034072507,1,-0.004874508,0.00065008464,0.28699115,0.10806556,0.10822197,0.08540882,0.7031987,-0.0007862875,0.00042805178,0.7109928,0,6,1785206995520151,1785206995520151,-0.024046801,-0.028913602,0.15982063,1,0.014373313,0.014203639,0.0060448362
1785206995533079871,0.0013826186,-0.0006064009,0.0007369768,4.1094238e-05,4.077772e-05,0.03407285,1,-0.0047916635,0.00069458305,0.2869088,0.10845167,0.10860913,0.08566749,0.7031989,-0.000784258,0.00042480635,0.7109926,0,6,1785206995528151,1785206995528151,-0.02395864,-0.02899534,0.15987599,1,0.014437751,0.01426623,0.006056837
1785206995545043314,0.0008499861,0.0039209733,0.00020433954,4.1131283e-05,4.0813895e-05,0.0340732,1,-0.0047166813,0.00073136133,0.2868659,0.108840056,0.10899856,0.085927024,0.70320064,-0.00078907324,0.00043359908,0.71099097,0,6,1785206995536151,1785206995536151,-0.024173368,-0.028970806,0.15986411,1,0.014502447,0.014329201,0.0060688443
1785206995553042926,0.00031735463,0.00019254768,0.0012696044,4.1168376e-05,4.085055e-05,0.034073543,1,-0.004649641,0.00076138397,0.28686136,0.10923073,0.10939026,0.08618742,0.7031996,-0.00079159194,0.00043640507,0.7109919,0,6,1785206995544151,1785206995544151,-0.024225831,-0.02885414,0.15986642,1,0.014567294,0.014392319,0.0060808584
1785206995565039033,5.103997e-05,0.0009914953,-6.197596e-05,4.1241572e-05,4.092372e-05,0.034074236,1,-0.004532699,0.0008033607,0.28690976,0.11001899,0.1101805,0.08610856,0.7032001,-0.0007981073,0.00043755275,0.71099144,0,6,1785206995560151,1785206995560151,-0.023857817,-0.028663484,0.15942003,1,0.014697972,0.014519505,0.006083391
1785206995573090614,5.0938455e-05,-0.003535802,-0.0029907713,4.1278134e-05,4.0959407e-05,0.034071997,1,-0.0044810837,0.0008142032,0.28698605,0.110409744,0.11057678,0.08636974,0.7032103,-0.00079191825,0.00043179517,0.71098137,0,6,1785206995568151,1785206995568151,-0.023694444,-0.028658131,0.15933955,1,0.014754332,0.014579392,0.006095411
1785206995585026835,-0.00048169005,0.00019262312,-0.0008602428,4.1315125e-05,4.099641e-05,0.034072347,1,-0.0044344426,0.00081905845,0.28709662,0.110809565,0.11097763,0.08663179,0.70321447,-0.0007887255,0.0004237858,0.7109772,0,6,1785206995576151,1785206995576151,-0.023564084,-0.028564194,0.15921475,1,0.0148203615,0.014643714,0.006107437
1785206995593091381,5.093799e-05,-0.0014052731,-0.0032570856,4.135255e-05,4.1035324e-05,0.034072697,1,-0.004392435,0.0008181584,0.28724024,0.11121174,0.1113808,0.08689471,0.7032255,-0.0007885858,0.00042254885,0.7109664,0,6,1785206995584151,1785206995584151,-0.023393482,-0.028530892,0.15918936,1,0.014886448,0.014707936,0.00611947
1785206995605066979,0.00058357464,0.001524203,-0.001126557,4.142701e-05,4.1102914e-05,0.034073383,1,-0.0043216636,0.00079951686,0.2876262,0.11202318,0.11219418,0.087423176,0.70322865,-0.0007954535,0.00042123353,0.71096325,0,6,1785206995600151,1785206995600151,-0.022841562,-0.028395342,0.15930137,1,0.015019471,0.014837092,0.0061435574
1785206995613020121,-0.00021537626,-0.00060632546,0.0026018694,4.1464387e-05,4.1139345e-05,0.03407374,1,-0.0042909565,0.0007821255,0.28786618,0.11243248,0.11260441,0.08768872,0.7032247,-0.0007964251,0.00041892196,0.7109672,0,6,1785206995608151,1785206995608151,-0.02265239,-0.028267406,0.15921313,1,0.015086406,0.014902214,0.006155611
1785206995625017109,0.0024477895,0.00019262359,-0.0019255027,4.1501837e-05,4.1174597e-05,0.03407409,1,-0.0042647836,0.0007604814,0.28810865,0.11284417,0.11301702,0.08733369,0.703229,-0.0007902675,0.0004207959,0.7109629,0,6,1785206995616151,1785206995616151,-0.022596227,-0.028152779,0.15935668,1,0.015153382,0.014967406,0.0061453152
1785206995633017773,-0.002612221,-0.000606325,-0.0011265601,4.1538824e-05,4.1216004e-05,0.034074433,1,-0.004242841,0.0007329149,0.2883814,0.11325827,0.11343202,0.087599106,0.7032333,-0.0007949961,0.00041621973,0.71095866,0,6,1785206995624151,1785206995624151,-0.022429809,-0.028308835,0.15928777,1,0.0152205685,0.015032483,0.0061573675
1785206995645018208,0.0013827758,-0.0043350593,-0.00086293486,4.161371e-05,4.1284904e-05,0.034072556,1,-0.00421341,0.00066351466,0.28901687,0.114085644,0.11426648,0.08813259,0.7032443,-0.00077801896,0.00039443452,0.71094775,0,6,1785206995640151,1785206995640151,-0.022428256,-0.028097935,0.15980218,1,0.015345516,0.015159156,0.0061814915
1785206995653027428,0.00085014047,-7.4002426e-05,0.0018002219,4.165095e-05,4.131632e-05,0.034072906,1,-0.0042087473,0.00062380184,0.2893797,0.1145069,0.11468866,0.088400654,0.7032431,-0.00077069475,0.00039152024,0.71094906,0,6,1785206995648151,1785206995648151,-0.022548337,-0.027994333,0.15988769,1,0.015413288,0.015225111,0.006193564
1785206995664987455,-0.00048143312,-0.0019382159,-0.0003303059,4.1688327e-05,4.1352945e-05,0.03407324,1,-0.004208156,0.00057994254,0.28977004,0.114930615,0.11511327,0.0886696,0.703244,-0.0007693872,0.00038712504,0.71094817,0,6,1785206995656151,1785206995656151,-0.022321038,-0.027927905,0.1599609,1,0.015481303,0.01529121,0.006205643
1785206995672981116,0.00031750888,-0.00087295054,0.0010012742,4.1725074e-05,4.1391937e-05,0.034073606,1,-0.0042099273,0.00053066784,0.29018718,0.11535681,0.11554033,0.088939436,0.7032448,-0.00076317124,0.00038093366,0.71094733,0,6,1785206995664151,1785206995664151,-0.02197968,-0.028010232,0.15992591,1,0.015549774,0.015357687,0.006217729
1785206995685001879,-0.0026119687,0.0004586326,0.0023328546,4.179929e-05,4.147094e-05,0.034074284,1,-0.0042212196,0.0004161804,0.29103142,0.11621665,0.11640186,0.08884056,0.70324093,-0.00077939883,0.00037686466,0.7109511,0,6,1785206995680151,1785206995680151,-0.021632904,-0.028169328,0.15988564,1,0.015687242,0.015491199,0.0062188255
1785206995693026729,-0.0023456467,0.0004586284,0.0012675914,4.1837164e-05,4.1505504e-05,0.034074627,1,-0.0042321607,0.00035173763,0.29149204,0.11665033,0.11683635,0.08911111,0.70323586,-0.00078784366,0.00036738664,0.7109561,0,6,1785206995688151,1785206995688151,-0.021647222,-0.028049057,0.1599963,1,0.015756408,0.01555861,0.006230916
1785206995705010843,0.0003175122,0.0017902106,-0.0011292542,4.1874817e-05,4.1541312e-05,0.034074977,1,-0.004247359,0.00028285268,0.291979,0.11708654,0.11727334,0.08938255,0.70323986,-0.000792599,0.00037153496,0.71095216,0,6,1785206995696151,1785206995696151,-0.021580037,-0.028122554,0.16026644,1,0.015825812,0.015626127,0.0062430133
1785206995713010885,-0.0007477524,-7.400196e-05,-0.0011292553,4.191255e-05,4.157783e-05,0.034075312,1,-0.004266441,0.00020873584,0.29249138,0.11752527,0.11771283,0.089654885,0.70324415,-0.00079391996,0.00036784902,0.7109479,0,6,1785206995704151,1785206995704151,-0.021576358,-0.028247578,0.16029814,1,0.015895687,0.0156939,0.0062551172
1785206995725003725,0.00085002184,-0.0011392091,0.002865971,4.1987274e-05,4.1650877e-05,0.034073435,1,-0.004312186,4.2259264e-05,0.29358697,0.118400745,0.118596084,0.090202235,0.7032438,-0.00080107164,0.00036063002,0.7109483,0,6,1785206995720151,1785206995720151,-0.021210384,-0.028588885,0.1604789,1,0.0160251,0.015825348,0.0062793456
1785206995733011422,0.00031739462,0.0015239494,0.0023333346,4.2024585e-05,4.1688407e-05,0.03407378,1,-0.0043386496,-4.7819965e-05,0.2941692,0.11884701,0.119043134,0.09047725,0.7032368,-0.0008020443,0.00036428086,0.71095514,0,6,1785206995728151,1785206995728151,-0.021027062,-0.028442223,0.16046897,1,0.016095556,0.015893754,0.00629147
1785206995745054498,-0.0018131369,0.00019237073,0.0033985998,4.206229e-05,4.172473e-05,0.034074135,1,-0.0043673813,-0.0001411545,0.29472697,0.119295865,0.119492754,0.0900917,0.70322907,-0.0008078636,0.0003592981,0.71096283,0,6,1785206995736151,1785206995736151,-0.020829557,-0.0284031,0.16058467,1,0.016166188,0.015962288,0.0062796306
1785206995753016238,0.0011163441,0.00045868754,0.000735441,4.209992e-05,4.176378e-05,0.034074485,1,-0.0043991883,-0.00023886905,0.29530796,0.11974732,0.11994495,0.090366505,0.70322585,-0.00080958416,0.00036229682,0.71096605,0,6,1785206995744151,1785206995744151,-0.020842884,-0.02851735,0.1607391,1,0.016237002,0.016031029,0.006291752
1785206995765023936,0.00058371073,-0.0027371072,-0.00032982827,4.2175514e-05,4.1836734e-05,0.03407517,1,-0.00447286,-0.00044721217,0.29653966,0.120658085,0.12085712,0.09091882,0.7032264,-0.0007763617,0.00034491968,0.7109655,0,6,1785206995760151,1785206995760151,-0.020565169,-0.028502159,0.16119681,1,0.01637954,0.01616911,0.006316016
1785206995772990755,-0.0007478711,-0.002204475,-0.0005961431,4.2213196e-05,4.1870368e-05,0.03407552,1,-0.0045128465,-0.0005574792,0.29718962,0.12111742,0.12131712,0.09119632,0.70322865,-0.0007727538,0.00033830872,0.71096325,0,6,1785206995768151,1785206995768151,-0.020422697,-0.028672136,0.16135176,1,0.016451055,0.01623855,0.006328158
1785206995785009184,-0.00021523854,-0.00060657924,-0.001661404,4.2251046e-05,4.190949e-05,0.034075856,1,-0.004555724,-0.0006721146,0.2978602,0.121579416,0.12177975,0.091474734,0.7032343,-0.0007717762,0.00033060237,0.7109577,0,6,1785206995776151,1785206995776151,-0.020412732,-0.028638627,0.1613816,1,0.016523007,0.01630834,0.0063403067
1785206995792969571,0.00031556026,0.00019150041,0.0017937324,4.2288728e-05,4.1947933e-05,0.034073643,1,-0.00458443,-0.0007815189,0.29852197,0.12203301,0.12224117,0.091077946,0.7032327,-0.0007700897,0.0003319992,0.71095926,0,6,1785206995784151,1785206995784151,-0.02043588,-0.028488243,0.16153939,1,0.016583426,0.016373225,0.0063278996
1785206995805050600,0.00084819866,0.0012567644,-7.048054e-05,4.2363583e-05,4.2018306e-05,0.03407435,1,-0.0046515735,-0.0010067401,0.29990748,0.12297002,0.12317953,0.091635175,0.7032299,-0.0007656082,0.0003390877,0.71096206,0,6,1785206995800151,1785206995800151,-0.020189613,-0.028185492,0.16175832,1,0.016727982,0.016513877,0.0063521974
1785206995813043609,-0.00048338913,-0.0032706093,-0.001135742,4.2401356e-05,4.205567e-05,0.0340747,1,-0.0046895333,-0.0011234721,0.30063042,0.12344258,0.12365273,0.09191515,0.70323694,-0.0007608525,0.00033009495,0.7109551,0,6,1785206995808151,1785206995808151,-0.020306673,-0.028070144,0.16193879,1,0.016800772,0.016584443,0.0063643567
1785206995824970823,0.0011145113,-0.0027379775,0.0012611027,4.2439005e-05,4.209213e-05,0.03407506,1,-0.0047318386,-0.0012429777,0.3013738,0.123917855,0.12412861,0.09219604,0.7032356,-0.0007508352,0.00032420113,0.7109564,0,6,1785206995816151,1785206995816151,-0.020324599,-0.028044686,0.16221455,1,0.016873913,0.01665528,0.0063765226
1785206995832994231,4.9251248e-05,-0.0032706102,-0.0014020605,4.247713e-05,4.2130785e-05,0.0340754,1,-0.0047771004,-0.0013655531,0.30213693,0.12439586,0.1246072,0.092477836,0.70323956,-0.00074079866,0.00031458217,0.7109525,0,6,1785206995824151,1785206995824151,-0.020268619,-0.027979992,0.16245122,1,0.016947292,0.016726434,0.0063886954
1785206995844985047,-0.0007497008,0.0020557132,-0.0014020613,4.2553158e-05,4.221398e-05,0.034076087,1,-0.004877543,-0.0016211859,0.30367696,0.12536015,0.12557256,0.09234899,0.70324767,-0.00073630945,0.000322134,0.71094453,0,6,1785206995840151,1785206995840151,-0.020323385,-0.02828253,0.16285172,1,0.017094748,0.016869556,0.006387738
1785206995853016329,0.0005818749,0.0015230812,0.0015274168,4.2591473e-05,4.2250784e-05,0.034076445,1,-0.00493258,-0.0017565734,0.3044535,0.12584645,0.12605935,0.09263141,0.7032488,-0.0007376452,0.00032689946,0.7109434,0,6,1785206995848151,1785206995848151,-0.020190593,-0.028495656,0.16306806,1,0.01716866,0.016941287,0.0063999137
1785206995864991416,0.00031539577,0.0044527138,-0.00086811715,4.262929e-05,4.2289357e-05,0.03407421,1,-0.004987378,-0.0018972704,0.30524886,0.12632272,0.12654442,0.092914745,0.70324945,-0.0007499325,0.0003372958,0.7109427,0,6,1785206995856151,1785206995856151,-0.020031169,-0.028517598,0.16320172,1,0.017230656,0.017008252,0.0064120963
1785206995872959256,0.0011143425,-7.465854e-05,-0.0037975952,4.2667598e-05,4.2330572e-05,0.03407456,1,-0.0050446885,-0.0020406886,0.30606264,0.1268144,0.12703668,0.09319899,0.7032593,-0.0007505308,0.0003443948,0.710933,0,6,1785206995864151,1785206995864151,-0.019990405,-0.028438298,0.16354476,1,0.017305188,0.017080579,0.0064242855
1785206995884975361,0.00030782924,0.0015165412,0.00020012354,4.0646937e-05,4.0419232e-05,0.03407449,1,-0.00487838,-0.0020695352,0.30652308,0.10614784,0.10629664,0.08444585,0.70326704,-0.0007577895,0.00036696953,0.7109253,0,6,1785206995880151,1785206995880151,-0.019516801,-0.028465029,0.16382067,1,0.014009535,0.013844739,0.005973753
1785206995893009849,-0.0010237502,-0.0011466206,0.000732757,4.0683124e-05,4.0457995e-05,0.03407484,1,-0.0046600983,-0.0019606263,0.30619702,0.10652237,0.10667225,0.08470053,0.70326656,-0.0007601362,0.00036209996,0.71092576,0,6,1785206995888151,1785206995888151,-0.0193049,-0.02842303,0.16362923,1,0.014072534,0.013905918,0.00598564
1785206995904958515,-0.0004911189,0.00045127748,-0.00033250736,4.0719446e-05,4.0492636e-05,0.034075182,1,-0.004449917,-0.0018604359,0.30591708,0.106899105,0.107050054,0.084956065,0.7032694,-0.0007624799,0.00035650577,0.7109229,0,6,1785206995896151,1785206995896151,-0.019136198,-0.028390702,0.16360758,1,0.014135731,0.013967387,0.0059975334
1785206995912953668,-0.00315428,-0.0014129365,0.0007327523,4.0755316e-05,4.0523944e-05,0.034075532,1,-0.004247389,-0.0017697895,0.30564728,0.10727806,0.10743006,0.084629014,0.7032685,-0.0007655416,0.00034491633,0.7109238,0,6,1785206995904151,1785206995904151,-0.018840406,-0.028562794,0.16348575,1,0.014199147,0.0140290335,0.0059887255
1785206995924968701,0.0008395093,-0.0019451836,-6.260244e-05,4.08272e-05,4.059441e-05,0.034073666,1,-0.0038565686,-0.001616481,0.3052393,0.10803656,0.10819473,0.08514083,0.70327425,-0.000773573,0.00032594937,0.71091825,0,6,1785206995920151,1785206995920151,-0.018537516,-0.028462218,0.16326511,1,0.0143177705,0.014149042,0.006012518
1785206995932943836,0.0016384574,0.00071797706,-0.0005952361,4.0863542e-05,4.0631898e-05,0.03407401,1,-0.0036693166,-0.0015528484,0.3050999,0.10842214,0.10858137,0.085398026,0.70327675,-0.0007703001,0.0003261463,0.71091574,0,6,1785206995928151,1785206995928151,-0.018396921,-0.028426573,0.16329065,1,0.01438195,0.014211456,0.006024424
1785206995944942808,-0.0004920736,-0.00034728786,0.0015352876,4.0899922e-05,4.066615e-05,0.03407435,1,-0.0034890494,-0.0014977063,0.30500197,0.10880998,0.10897026,0.08565608,0.70327467,-0.00076928036,0.00032560783,0.71091783,0,6,1785206995936151,1785206995936151,-0.018182827,-0.028624658,0.16319768,1,0.014446274,0.014274016,0.006036337
1785206995953023094,-0.00022575329,0.00018534437,-0.0013941843,4.0936302e-05,4.069992e-05,0.0340747,1,-0.0033152392,-0.0014515482,0.30494416,0.10920009,0.10936142,0.085914984,0.7032771,-0.000773144,0.0003224253,0.7109154,0,6,1785206995944151,1785206995944151,-0.017883262,-0.028720679,0.16320567,1,0.014510899,0.014336819,0.0060482565
1785206995965067352,-0.001024704,-0.00087991916,-6.260774e-05,4.1009225e-05,4.0769795e-05,0.034075394,1,-0.0029816797,-0.001381598,0.3048801,0.109987214,0.11015056,0.08583694,0.7032766,-0.00075743225,0.0003004408,0.7109159,0,6,1785206995960159,1785206995960159,-0.01714346,-0.028653864,0.16353904,1,0.014640755,0.014463023,0.006050844
1785206995972968135,-0.0012910205,0.00071797706,0.00020370824,4.1045645e-05,4.0803923e-05,0.034075744,1,-0.002823777,-0.0013569035,0.3049083,0.11038424,0.11054857,0.08609664,0.7032762,-0.00076128985,0.000296572,0.7109163,0,6,1785206995968159,1785206995968159,-0.017002352,-0.028620541,0.16377005,1,0.01470594,0.014526393,0.0060627693
1785206995984966746,0.00057318975,-0.0032767635,0.001268978,4.1082156e-05,4.0839303e-05,0.034076095,1,-0.0026717354,-0.0013381804,0.3049747,0.1107836,0.11094888,0.0863572,0.70327467,-0.00075570884,0.00028863095,0.7109178,0,6,1785206995976159,1785206995976159,-0.016819073,-0.02841781,0.16373704,1,0.014771403,0.0145899905,0.006074701
1785206995992936260,-0.0007583917,-0.0019451827,0.0028668707,4.1118758e-05,4.0870134e-05,0.034076437,1,-0.002525551,-0.001324618,0.30507654,0.1111853,0.11135152,0.086618625,0.70326775,-0.00075085426,0.00027618933,0.7109246,0,6,1785206995984159,1785206995984159,-0.01662485,-0.028254908,0.16373214,1,0.014837098,0.014653845,0.006086639
1785206996004975639,0.0016381171,-0.0011463999,0.0036644116,4.1192034e-05,4.0940948e-05,0.034074597,1,-0.0022449656,-0.001311094,0.30538777,0.11198838,0.11216134,0.08714407,0.70324683,-0.0007434305,0.0002566203,0.7109454,0,6,1785206996000159,1785206996000159,-0.01629225,-0.02802308,0.1641215,1,0.014959606,0.014778158,0.0061105355
1785206996012981111,0.0021707544,-0.0016790344,0.0010012422,4.122878e-05,4.097723e-05,0.03407494,1,-0.0021134743,-0.0013129578,0.3055708,0.11239704,0.11257095,0.0867943,0.7032415,-0.00073262386,0.00025781218,0.7109507,0,6,1785206996008159,1785206996008159,-0.016353853,-0.028088178,0.16419458,1,0.0150260255,0.014842672,0.0061005373
1785206996024961536,4.0223822e-05,-8.1137754e-05,-0.0021945522,4.1265594e-05,4.101067e-05,0.03407529,1,-0.0019875611,-0.0013213973,0.30578673,0.11280808,0.11298293,0.087057345,0.7032464,-0.00072820083,0.00025482895,0.71094584,0,6,1785206996016159,1785206996016159,-0.016023025,-0.028103631,0.16414177,1,0.015092535,0.014907295,0.0061124875
1785206996032954865,0.0011054805,-0.0022116709,-0.004325072,4.1302497e-05,4.1042655e-05,0.034075633,1,-0.0018653722,-0.0013348004,0.30603495,0.113221526,0.113397285,0.08732126,0.70325917,-0.0007267853,0.00025032632,0.7109332,0,6,1785206996024159,1785206996024159,-0.015731579,-0.027911494,0.16431192,1,0.015159207,0.014972067,0.0061244443
1785206996044942555,-0.0007587281,0.00071781036,0.0020665112,4.1376163e-05,4.111441e-05,0.034076326,1,-0.0016347514,-0.0013794611,0.30662754,0.11405567,0.11423319,0.08785171,0.70325875,-0.0007296247,0.00024699757,0.71093357,0,6,1785206996040159,1785206996040159,-0.015330056,-0.028202659,0.16456552,1,0.015293721,0.0151027255,0.0061483774
1785206996053034182,-0.0020903065,0.0020493886,-0.00033033948,4.141298e-05,4.1152085e-05,0.03407667,1,-0.001524634,-0.0014114563,0.30697063,0.1144764,0.11465476,0.08811825,0.70325744,-0.00073762186,0.00024443105,0.71093494,0,6,1785206996048159,1785206996048159,-0.01485919,-0.02824765,0.16481586,1,0.015361236,0.015168333,0.0061603542
1785206996064948671,-0.00022609951,0.0007178122,0.0020665117,4.144976e-05,4.1192114e-05,0.03407702,1,-0.0014173466,-0.0014498219,0.30734375,0.114899576,0.115078755,0.08838566,0.703256,-0.00074486586,0.00024344343,0.7109363,0,6,1785206996056159,1785206996056159,-0.014656866,-0.02846252,0.16489135,1,0.015429052,0.015234214,0.0061723376
1785206996072913245,0.002702687,-0.0016789511,0.0023336713,4.14864e-05,4.12361e-05,0.034074828,1,-0.0013091739,-0.0014953904,0.30774614,0.115316674,0.115502305,0.088653944,0.7032481,-0.0007355323,0.00024337329,0.7109441,0,6,1785206996064159,1785206996064159,-0.014677285,-0.028649053,0.16511708,1,0.015486972,0.015296065,0.0061843274
1785206996084938997,-0.0020910096,0.00071789324,0.0015347182,4.156015e-05,4.130578e-05,0.034075513,1,-0.0011110451,-0.0016034413,0.30857214,0.11617509,0.11636244,0.088556096,0.7032468,-0.0007375639,0.00024292279,0.7109454,0,6,1785206996080159,1785206996080159,-0.014711525,-0.028555695,0.16540301,1,0.015623598,0.0154288905,0.006185495
1785206996092972012,-0.0002267937,0.00045157783,0.0018010383,4.159709e-05,4.134083e-05,0.034075856,1,-0.0010189281,-0.001664526,0.30902743,0.116608046,0.11679622,0.088825114,0.7032417,-0.0007428922,0.0002418354,0.71095043,0,6,1785206996088159,1785206996088159,-0.014436145,-0.028670821,0.16561356,1,0.015692323,0.015495695,0.0061974893
1785206996104959541,3.9523467e-05,0.0012505245,0.00020313868,4.16341e-05,4.1378433e-05,0.0340762,1,-0.0009306148,-0.0017311245,0.30951118,0.11704351,0.11723249,0.08909501,0.70323926,-0.00074407674,0.00024196229,0.7109529,0,6,1785206996096159,1785206996096159,-0.014351928,-0.02867556,0.16594023,1,0.015761234,0.015562636,0.006209491
1785206996112941458,-0.0012920575,0.002315788,-0.0027263372,4.167094e-05,4.141327e-05,0.03407655,1,-0.00084693625,-0.0018018896,0.31002283,0.1174815,0.11767125,0.089365795,0.7032444,-0.0007558137,0.00024434744,0.7109478,0,6,1785206996104159,1785206996104159,-0.0142375305,-0.028588213,0.16622017,1,0.015830288,0.015629653,0.006221499
1785206996124966168,0.001104785,-0.0016789525,-0.0016610691,4.1745043e-05,4.148919e-05,0.034077235,1,-0.0006916758,-0.001956361,0.31112733,0.1183651,0.11855634,0.08991002,0.70325565,-0.0007566298,0.00024265006,0.7109366,0,6,1785206996120159,1785206996120159,-0.013972556,-0.028536605,0.16679776,1,0.015969062,0.015764456,0.0062455344
1785206996132983403,-0.0010257411,-0.0019452665,-0.002992659,4.1782107e-05,4.15254e-05,0.034077577,1,-0.0006201217,-0.0020396295,0.3116683,0.11881074,0.119002685,0.08953024,0.703263,-0.00075057894,0.00023364242,0.7109294,0,6,1785206996128159,1785206996128159,-0.013889889,-0.028503701,0.16700883,1,0.016039057,0.015832417,0.006234017
1785206996144950733,0.0013709327,0.0004518642,0.0010045388,4.1818927e-05,4.156389e-05,0.034075405,1,-0.0005509169,-0.0021298,0.31223467,0.119248986,0.11944817,0.08980259,0.70326155,-0.00074909,0.00023447418,0.71093076,0,6,1785206996136159,1785206996136159,-0.013673603,-0.028526783,0.16709158,1,0.01609834,0.015895981,0.006246036
1785206996152957247,0.00030567043,-0.00061340164,0.00073821883,4.1856e-05,4.1603336e-05,0.03407574,1,-0.00048478585,-0.002224642,0.31282556,0.11969963,0.11989957,0.090075836,0.70325893,-0.0007472197,0.00023574664,0.7109334,0,6,1785206996144159,1785206996144159,-0.013559663,-0.028701514,0.16726136,1,0.016168606,0.015964266,0.006258061
1785206996164947231,0.0008383015,0.0015171277,-0.00032704422,4.1930318e-05,4.167063e-05,0.034076434,1,-0.00036653513,-0.0024287032,0.31408063,0.12060873,0.12081011,0.090625,0.7032661,-0.0007510084,0.0002414331,0.7109263,0,6,1785206996160159,1785206996160159,-0.013553422,-0.028801342,0.16774082,1,0.01630984,0.016101515,0.0062821317
1785206996172965408,0.0019035663,0.0004518642,0.0023361184,4.1967633e-05,4.1705644e-05,0.034076776,1,-0.00031352346,-0.002537663,0.3147447,0.121067226,0.12126927,0.09090093,0.70326,-0.0007495124,0.00024703177,0.7109323,0,6,1785206996168159,1785206996168159,-0.013473461,-0.028868882,0.16796431,1,0.016381018,0.016170641,0.006294177
1785206996184920715,0.00083830685,0.00045186374,-0.002723889,4.2005056e-05,4.174216e-05,0.03407712,1,-0.00026443152,-0.0026501222,0.3154134,0.12152836,0.12173105,0.09051008,0.70326334,-0.0007479912,0.00024891415,0.71092904,0,6,1785206996176159,1785206996176159,-0.01346054,-0.028767036,0.16796407,1,0.016452296,0.016239833,0.006282101
1785206996192919735,0.0005719862,-0.00034708297,-0.003789157,4.204244e-05,4.1776722e-05,0.03407746,1,-0.00022009216,-0.0027657393,0.31610405,0.12199215,0.12219547,0.09078577,0.703272,-0.00074459525,0.00025349733,0.7109205,0,6,1785206996184159,1785206996184159,-0.013584573,-0.028726041,0.16812664,1,0.016523829,0.016309349,0.006294143
1785206996204975544,-0.0004938132,0.0017831759,-0.0019271132,4.211703e-05,4.185495e-05,0.03407565,1,-0.00013983888,-0.0030088779,0.31755108,0.122916356,0.12312832,0.09133986,0.703282,-0.0007381067,0.00025418442,0.7109106,0,6,1785206996200159,1785206996200159,-0.013489046,-0.029225366,0.16843809,1,0.016655916,0.016444026,0.0063182474
1785206996212985906,-0.00235803,0.0007179091,-0.0019271036,4.2154366e-05,4.1893512e-05,0.034075994,1,-0.000101404,-0.0031367035,0.3183057,0.123388,0.123600625,0.09161825,0.70328784,-0.0007519584,0.0002490586,0.71090484,0,6,1785206996208159,1785206996208159,-0.013278552,-0.029217206,0.1685141,1,0.016728155,0.01651426,0.0063303094
1785206996224959047,-0.0004938161,-8.10381e-05,-6.289679e-05,4.219176e-05,4.192621e-05,0.03407635,1,-6.5747125e-05,-0.0032677953,0.31907994,0.123862356,0.124075614,0.09189754,0.703288,-0.000751884,0.00024745878,0.71090466,0,6,1785206996216159,1785206996216159,-0.013151646,-0.0291877,0.16860393,1,0.016800528,0.016584625,0.006342378
1785206996232953619,-0.0028906618,0.0009842268,0.0018013165,4.2229214e-05,4.1959127e-05,0.0340767,1,-3.3102915e-05,-0.0034022655,0.31987408,0.12433943,0.12455329,0.09217774,0.7032836,-0.0007619432,0.00024096649,0.710909,0,6,1785206996224159,1785206996224159,-0.013029637,-0.029236691,0.1687938,1,0.016873226,0.016655281,0.006354453
1785206996244947500,0.0013703951,0.0004515946,0.00073605264,4.2304117e-05,4.2036983e-05,0.034077395,1,2.5666814e-05,-0.0036824774,0.32148024,0.1253018,0.12551679,0.09205018,0.70327896,-0.0007580356,0.00024633922,0.7109136,0,6,1785206996240159,1785206996240159,-0.012797736,-0.029273774,0.16913982,1,0.017019426,0.016797313,0.006353587
1785206996253017566,3.881799e-05,0.0025821228,-0.0016607931,4.234163e-05,4.2073352e-05,0.034077737,1,4.849829e-05,-0.003826151,0.32229385,0.12578711,0.12600262,0.092331,0.70327985,-0.00076439115,0.00025507735,0.7109127,0,6,1785206996248159,1785206996248159,-0.013031482,-0.029002704,0.16929525,1,0.017092768,0.01686856,0.0063656657
1785206996264951302,3.8812752e-05,-0.001412617,0.0018013206,4.2379226e-05,4.211255e-05,0.03407808,1,6.563339e-05,-0.003971584,0.3231258,0.12627521,0.1264912,0.09261273,0.70327735,-0.000765784,0.00025297026,0.71091515,0,6,1785206996256159,1785206996256159,-0.013279277,-0.028915972,0.16936389,1,0.017166426,0.01694009,0.006377751
1785206996272937958,-0.00022749708,-0.0016789348,-0.00086184626,4.241689e-05,4.2149164e-05,0.034078415,1,7.781964e-05,-0.0041192295,0.32397613,0.1267661,0.12698254,0.092895366,0.7032775,-0.00075924007,0.00024680517,0.71091497,0,6,1785206996264159,1785206996264159,-0.0133663295,-0.028841874,0.16953225,1,0.017240256,0.017011791,0.006389843
1785206996284949713,-0.0010270802,0.00018045167,0.0004706495,4.043408e-05,4.023712e-05,0.03407651,1,0.00011127304,-0.0042101378,0.32443523,0.10612218,0.106272645,0.08420293,0.7032812,-0.0007578283,0.00023792661,0.71091133,0,6,1785206996280159,1785206996280159,-0.013210517,-0.028804306,0.1696733,1,0.013956008,0.013793523,0.0059441784
1785206996292941028,0.0016360831,-0.00061849784,0.0015359177,4.046986e-05,4.0270777e-05,0.034076862,1,0.00013338501,-0.004159411,0.32407537,0.1064962,0.10664777,0.08445627,0.7032768,-0.0007521951,0.00023549785,0.7109157,0,6,1785206996288159,1785206996288159,-0.0132037895,-0.028738592,0.16945028,1,0.014018627,0.013854464,0.0059559764
1785206996304951020,-0.0004944443,-0.0046132407,0.0018022265,4.0505656e-05,4.0304196e-05,0.034077205,1,0.00015156892,-0.0041170255,0.32373053,0.106872424,0.10702507,0.08413385,0.7032717,-0.00074275705,0.00022710231,0.7109208,0,6,1785206996296159,1785206996296159,-0.013164127,-0.028871477,0.16936786,1,0.0140813915,0.013915563,0.0059474255
1785206996312932797,-0.0018260241,-0.0030153454,0.0010032745,4.0541552e-05,4.0339408e-05,0.034077547,1,0.00016689448,-0.004082201,0.32343328,0.10725086,0.107404575,0.084387146,0.7032669,-0.0007328943,0.00021083621,0.7109255,0,6,1785206996304159,1785206996304159,-0.0131294,-0.028689468,0.1691488,1,0.014144436,0.013976901,0.005959223
1785206996324935435,3.8188533e-05,-0.0016837623,-0.0008609302,4.061321e-05,4.0404848e-05,0.034078233,1,0.00018392631,-0.0040320256,0.32297677,0.10801442,0.108170204,0.08489629,0.7032685,-0.00073698745,0.00019747474,0.71092397,0,6,1785206996320159,1785206996320159,-0.013482211,-0.028469013,0.16895187,1,0.014271007,0.014100051,0.0059828376
1785206996333035338,-0.0012933952,-0.0008848128,-0.0013935674,4.064918e-05,4.0438343e-05,0.034078583,1,0.00018536541,-0.0040164352,0.32281575,0.10839956,0.10855636,0.085152134,0.7032729,-0.00073584565,0.00019443379,0.7109196,0,6,1785206996328159,1785206996328159,-0.013583365,-0.028489452,0.16892575,1,0.0143348845,0.014162162,0.0059946547
1785206996344944457,-0.0039565573,-0.0011511273,0.0020685464,4.068523e-05,4.0470273e-05,0.034078933,1,0.00018316474,-0.0040082242,0.3226986,0.10878697,0.10894476,0.08540884,0.7032686,-0.0007432837,0.00017745,0.71092385,0,6,1785206996336159,1785206996336159,-0.013640182,-0.028598087,0.16901125,1,0.014398865,0.014224375,0.0060064783
1785206996352980888,-0.0036893927,-0.0030154032,-6.26329e-05,4.072133e-05,4.0504736e-05,0.03407676,1,0.00017027858,-0.0040067094,0.3226247,0.10917018,0.10933331,0.08566639,0.703267,-0.00074505416,0.00015788614,0.71092546,0,6,1785206996344159,1785206996344159,-0.013697401,-0.0284687,0.16912146,1,0.014454031,0.014283003,0.0060183085
1785206996365001390,-0.0020914995,-0.00035223924,0.0020678972,4.079339e-05,4.05789e-05,0.034077447,1,0.00013636553,-0.0040203724,0.32255206,0.10995616,0.11012132,0.085587285,0.7032591,-0.00074869423,0.00014069158,0.7109332,0,6,1785206996360159,1785206996360159,-0.013773388,-0.028297879,0.16943961,1,0.014583085,0.014408605,0.0060208146
1785206996372984299,0.0016369267,0.0017782901,-6.2631254e-05,4.082949e-05,4.061438e-05,0.034077797,1,0.00011400783,-0.0040354417,0.32255194,0.1103526,0.110518746,0.08584561,0.7032581,-0.00074680196,0.00014307126,0.7109342,0,6,1785206996368159,1785206996368159,-0.0137461405,-0.028170904,0.16943161,1,0.014648001,0.01447175,0.0060326504
1785206996384956359,0.001903242,0.002310922,0.00046999802,4.0865543e-05,4.0655148e-05,0.03407814,1,8.913779e-05,-0.0040546153,0.322591,0.11075136,0.11091848,0.086104795,0.70325667,-0.00074721867,0.00015525373,0.71093565,0,6,1785206996376159,1785206996376159,-0.013723249,-0.027899913,0.16948102,1,0.014713065,0.014535045,0.0060444926
1785206996392939478,-0.00049360446,-0.0016838196,-0.0021931618,4.090163e-05,4.0689665e-05,0.034078483,1,6.190686e-05,-0.0040791235,0.32266873,0.111152455,0.11132052,0.086364836,0.70326173,-0.0007486956,0.00015501585,0.7109307,0,6,1785206996384159,1785206996384159,-0.013630977,-0.027991168,0.16951644,1,0.014778492,0.01459871,0.0060563413
1785206996404998053,0.0013706116,-8.592289e-05,-6.2634645e-05,4.0973933e-05,4.0756382e-05,0.034079175,1,8.4075145e-07,-0.0041460977,0.32293484,0.111961685,0.11213158,0.08688751,0.70326084,-0.00073353865,0.00015094127,0.71093154,0,6,1785206996400159,1785206996400159,-0.013554137,-0.027973395,0.1694945,1,0.014909811,0.014726308,0.0060800575
1785206996413013975,-0.0010261162,0.0025772625,-0.0005950673,4.1010022e-05,4.0793075e-05,0.034076996,1,-3.4296172e-05,-0.0041869,0.3231204,0.11236234,0.112538144,0.08715014,0.7032633,-0.00073992374,0.00015487778,0.7109291,0,6,1785206996408159,1785206996408159,-0.013528621,-0.027771134,0.16940778,1,0.014966399,0.014786561,0.0060919253
1785206996424977348,-0.0018250649,0.004175159,-6.243379e-05,4.1046347e-05,4.0828185e-05,0.03407734,1,-7.1714356e-05,-0.0042320504,0.32330963,0.11277275,0.1129495,0.08679977,0.7032634,-0.00075572694,0.00015991164,0.710929,0,6,1785206996416159,1785206996416159,-0.013567783,-0.027804215,0.16934802,1,0.015032633,0.014850958,0.006081932
1785206996433006165,-0.0018250654,0.0015119985,0.0007365168,4.1082727e-05,4.0863837e-05,0.034077674,1,-0.00011212712,-0.0042831507,0.32353255,0.11318555,0.11336322,0.087062284,0.703262,-0.00076697505,0.0001589608,0.7109304,0,6,1785206996424159,1785206996424159,-0.013562547,-0.027951067,0.1693733,1,0.015099077,0.014915579,0.0060937987
1785206996444957064,-0.002357697,0.0012456812,0.001801778,4.11554e-05,4.093557e-05,0.03407836,1,-0.0001971774,-0.0044026664,0.32407808,0.11401836,0.11419783,0.08758991,0.7032557,-0.000776283,0.00015755053,0.71093655,0,6,1785206996440159,1785206996440159,-0.013327064,-0.02799253,0.16954842,1,0.015232663,0.015045497,0.006117551
1785206996452995048,-0.0012924343,-0.0019501108,0.00020388639,4.1191895e-05,4.0970597e-05,0.03407871,1,-0.00024255182,-0.004468818,0.32439935,0.1144384,0.11461873,0.087855026,0.70325625,-0.00077732414,0.00014805177,0.710936,0,6,1785206996448159,1785206996448159,-0.013339792,-0.02789857,0.1695971,1,0.015299736,0.015110765,0.006129437
1785206996464960936,-0.00075979915,-0.00061853183,0.0007365145,4.122858e-05,4.1008258e-05,0.034079045,1,-0.00028878194,-0.0045397608,0.32475057,0.114860885,0.11504206,0.08812102,0.703253,-0.0007753775,0.00014086747,0.7109393,0,6,1785206996456159,1785206996456159,-0.012953156,-0.027998092,0.1694145,1,0.015367248,0.015176377,0.0061413296
1785206996472966899,-0.0012924315,-0.00061853183,-0.00032874857,4.1264982e-05,4.104908e-05,0.034079388,1,-0.00033489522,-0.004615968,0.32513064,0.11528582,0.11546782,0.088387884,0.7032531,-0.000777973,0.00013519467,0.71093917,0,6,1785206996464159,1785206996464159,-0.012873345,-0.028102648,0.16944005,1,0.015434886,0.015242129,0.0061532287
1785206996484973094,0.0013703553,0.0020447185,0.0012699524,4.1338073e-05,4.1121544e-05,0.034077562,1,-0.0004317961,-0.004782512,0.32593682,0.1161343,0.11632373,0.08828905,0.70324534,-0.000774972,0.00013379117,0.7109468,0,6,1785206996480159,1785206996480159,-0.013113503,-0.028010372,0.1698478,1,0.015560618,0.01536996,0.0061543244
1785206996492969028,0.0019029871,0.0023110337,-0.00086057826,4.137467e-05,4.1165724e-05,0.034077898,1,-0.00048349128,-0.004871476,0.32636258,0.116566524,0.116756804,0.088556625,0.703247,-0.00077922473,0.0001477871,0.71094525,0,6,1785206996488159,1785206996488159,-0.013275642,-0.027910352,0.16990922,1,0.015628738,0.01543624,0.006166228
1785206996504988738,0.0005714042,-0.0019500242,0.0004710029,4.14115e-05,4.1208918e-05,0.034078225,1,-0.0005377701,-0.004964647,0.32681733,0.11700125,0.11719235,0.08882508,0.7032471,-0.0007736091,0.00014529645,0.7109452,0,6,1785206996496159,1785206996496159,-0.013241781,-0.02793441,0.1700687,1,0.015697155,0.015502737,0.0061781383
1785206996512935077,0.0008377278,-0.00088475924,-0.002458477,4.144827e-05,4.124707e-05,0.034078576,1,-0.0005945441,-0.0050618183,0.32730013,0.11743849,0.11763039,0.08909441,0.7032506,-0.0007665185,0.00014585239,0.71094173,0,6,1785206996504159,1785206996504159,-0.013429567,-0.027990865,0.1701196,1,0.015765764,0.015569441,0.006190055
1785206996524921364,3.877282e-05,0.0009794543,0.0020689017,4.152142e-05,4.1321877e-05,0.034079276,1,-0.0007146017,-0.0052715703,0.32834744,0.11832056,0.11851399,0.08963571,0.7032488,-0.00077266403,0.00013715515,0.7109434,0,6,1785206996520159,1785206996520159,-0.01330169,-0.02824585,0.17048506,1,0.015903901,0.015703665,0.006213908
1785206996532967865,-0.0020917486,-0.0032816073,-6.1632585e-05,4.155779e-05,4.1353353e-05,0.03407962,1,-0.0007764804,-0.00538276,0.32891202,0.11876542,0.11895957,0.08990768,0.7032459,-0.0007681811,0.00012460489,0.7109463,0,6,1785206996528159,1785206996528159,-0.0131846,-0.02824039,0.17071263,1,0.015973423,0.015771164,0.0062258444
1785206996544929784,-0.0004938587,0.0025773507,-0.0005942631,4.1594478e-05,4.1389667e-05,0.03407996,1,-0.0008392653,-0.0054981895,0.32947028,0.11921285,0.1194077,0.08952735,0.7032482,-0.0007732015,0.00012520586,0.710944,0,6,1785206996536159,1785206996536159,-0.013027493,-0.02838949,0.1707295,1,0.016043095,0.01583892,0.006214344
1785206996552954994,0.0003050884,-0.0011510747,0.0010036383,4.1631574e-05,4.1424693e-05,0.034080304,1,-0.0009025714,-0.005618536,0.3300536,0.11966286,0.119858384,0.08979912,0.7032468,-0.00077484077,0.0001247258,0.71094537,0,6,1785206996544159,1785206996544159,-0.012919299,-0.02849839,0.17082863,1,0.01611305,0.015906928,0.0062262774
1785206996564956681,-0.0020918762,0.0017781586,0.0020668202,4.1704894e-05,4.149413e-05,0.0340785,1,-0.0010314835,-0.005865946,0.33129904,0.12056022,0.120763935,0.090345316,0.7032383,-0.0007845722,0.00012494213,0.71095383,0,6,1785206996560159,1785206996560159,-0.012965418,-0.028402993,0.17154096,1,0.016242933,0.016039182,0.006250164
1785206996572939259,-0.0012929249,0.00044657616,0.00020260614,4.174128e-05,4.1533833e-05,0.034078836,1,-0.0010990958,-0.005993534,0.33195987,0.12101787,0.121222295,0.09061975,0.7032365,-0.00078887463,0.00012113284,0.71095556,0,6,1785206996568159,1785206996568159,-0.013022374,-0.028268239,0.17165604,1,0.01631364,0.016107928,0.006262117
1785206996584937218,0.0029681325,0.00044657663,-0.0019279212,4.177791e-05,4.1574138e-05,0.03407918,1,-0.0011685861,-0.006123279,0.33264348,0.121478155,0.12168326,0.09089508,0.70324075,-0.0007857309,0.00013018705,0.7109513,0,6,1785206996576159,1785206996576159,-0.013052946,-0.028054105,0.1717379,1,0.016384492,0.016176853,0.0062740766
1785206996592940065,0.0027018124,0.00044657616,0.00020260684,4.181474e-05,4.1610427e-05,0.034079537,1,-0.0012402432,-0.006255003,0.3333513,0.12194108,0.122146845,0.0911713,0.7032432,-0.000778828,0.00013778097,0.710949,0,6,1785206996584159,1785206996584159,-0.013137422,-0.02799006,0.1722894,1,0.016455576,0.01624601,0.0062860427
1785206996605028988,3.8646394e-05,-0.00088500325,-0.0027268701,4.1888492e-05,4.1689877e-05,0.03408023,1,-0.0013880233,-0.0065278662,0.33479407,0.12287493,0.12308193,0.09105074,0.7032596,-0.00077705726,0.00014090762,0.71093273,0,6,1785206996600159,1785206996600159,-0.01296835,-0.02803676,0.1728381,1,0.01659863,0.016384985,0.006285662
1785206996612981870,-0.0018255624,-0.0027492167,0.0031320842,4.1925556e-05,4.1727915e-05,0.034080572,1,-0.0014628605,-0.0066695553,0.33552447,0.123345874,0.123553455,0.0913276,0.70325327,-0.0007761269,0.00013046901,0.71093905,0,6,1785206996608159,1785206996608159,-0.012904536,-0.028143268,0.17289726,1,0.016670704,0.016455121,0.0062976317
1785206996624975350,0.0016353361,-0.0032814061,0.00047290197,4.196212e-05,4.1767722e-05,0.034078423,1,-0.0015272514,-0.006819194,0.336277,0.123807795,0.12402365,0.09160536,0.70324993,-0.0007609166,0.00012313892,0.7109423,0,6,1785206996616159,1785206996616159,-0.013091659,-0.028365709,0.17317171,1,0.016731216,0.016520435,0.006309608
1785206996632967497,-0.0026257266,-0.0006182445,0.0020707953,4.1999177e-05,4.180496e-05,0.034078766,1,-0.0015945942,-0.0069739325,0.3370521,0.12428396,0.12450046,0.09188401,0.70324403,-0.0007653181,0.000117227115,0.7109482,0,6,1785206996624159,1785206996624159,-0.013144357,-0.028682984,0.17341267,1,0.016803445,0.016590621,0.006321591
1785206996644944646,-0.0002288844,0.00018070498,-0.0013913116,4.2072865e-05,4.1872103e-05,0.03407946,1,-0.001733603,-0.007292923,0.3386655,0.12524448,0.12546217,0.09244402,0.703256,-0.0007651407,0.000107743836,0.71093637,0,6,1785206996640159,1785206996640159,-0.012999033,-0.02864068,0.17388323,1,0.01694879,0.016731787,0.006345576
1785206996652994182,-0.0012941441,-0.0030150898,-0.0019239467,4.211006e-05,4.1907213e-05,0.03407981,1,-0.0018050584,-0.0074566,0.3395041,0.12572886,0.12594712,0.092725374,0.7032599,-0.0007593903,9.7035954e-05,0.7109325,0,6,1785206996648159,1785206996648159,-0.013109297,-0.028614897,0.17412229,1,0.017021794,0.016802752,0.0063575786
1785206996664975920,0.0019016457,-0.0019498253,-0.00059236103,4.2147294e-05,4.1940675e-05,0.03408016,1,-0.0018788195,-0.0076229083,0.3403306,0.126216,0.1264348,0.092313014,0.70326185,-0.0007491742,9.390389e-05,0.7109305,0,6,1785206996656159,1785206996656159,-0.013229563,-0.028655818,0.17430675,1,0.017095141,0.016874017,0.006344507
1785206996672936386,-0.0007615157,0.0020449169,0.0015381624,4.2184594e-05,4.198103e-05,0.0340805,1,-0.0019554202,-0.007792906,0.3411773,0.12670591,0.12692523,0.09259407,0.7032578,-0.0007525572,9.5993906e-05,0.7109345,0,6,1785206996664159,1785206996664159,-0.013358302,-0.028908629,0.17449552,1,0.017168647,0.016945532,0.0063565057
1785206996684971767,-0.0023630527,0.00017131772,0.0015425982,4.023159e-05,4.011369e-05,0.034080688,1,-0.0019344189,-0.0077295434,0.34172687,0.10610197,0.10625024,0.083961554,0.7032516,-0.00075781264,9.2692964e-05,0.7109407,0,6,1785206996680159,1785206996680159,-0.01308693,-0.029063245,0.17473221,1,0.013914947,0.013751238,0.005915569
1785206996692957111,-0.0020971894,0.0012365929,0.00047752305,4.026674e-05,4.0150248e-05,0.03407857,1,-0.0018353373,-0.007504869,0.34145957,0.10646998,0.10662315,0.084213585,0.70324934,-0.00076343224,8.9574954e-05,0.710943,0,6,1785206996688159,1785206996688159,-0.012641206,-0.029032309,0.17465584,1,0.013968883,0.013808441,0.005927282
1785206996704991980,-0.0020971857,-0.0019592047,-0.0037835254,4.0302075e-05,4.018573e-05,0.03407891,1,-0.0017394323,-0.007292274,0.34124008,0.106845714,0.10699998,0.08446645,0.7032549,-0.00076939026,7.704166e-05,0.7109374,0,6,1785206996696159,1785206996696159,-0.012488441,-0.02902999,0.17456666,1,0.014031332,0.013869288,0.005939001
1785206996713067005,-0.00023298373,-0.0014265659,0.00021120788,4.0337443e-05,4.0218714e-05,0.03407926,1,-0.0016478141,-0.0070919287,0.34106657,0.10722365,0.10737899,0.084720165,0.7032579,-0.0007629568,6.948638e-05,0.71093446,0,6,1785206996704159,1785206996704159,-0.012274842,-0.029132407,0.17439772,1,0.014093846,0.013930134,0.005950727
1785206996725067679,0.0018975523,0.0020355426,-0.0011203726,4.0408024e-05,4.0296647e-05,0.034079947,1,-0.0014749588,-0.006727966,0.34082413,0.10798618,0.10814362,0.084646456,0.70325744,-0.00075249275,7.549319e-05,0.71093494,0,6,1785206996720159,1785206996720159,-0.011883315,-0.029233715,0.17442107,1,0.014219873,0.014052676,0.0059536495
1785206996733008057,0.00056597166,-9.4986055e-05,-0.0019193206,4.0443418e-05,4.0326824e-05,0.03408031,1,-0.0013957774,-0.0065625487,0.3407539,0.108370796,0.10852926,0.08490096,0.7032612,-0.00075027806,7.6607925e-05,0.71093124,0,6,1785206996728159,1785206996728159,-0.01202266,-0.029141521,0.17436346,1,0.01428339,0.014114392,0.005965381
1785206996744979866,3.3333316e-05,-0.0016928823,0.0012764749,4.0478975e-05,4.0356208e-05,0.03408067,1,-0.0013214641,-0.0064071673,0.34072712,0.10875767,0.10891713,0.08515631,0.70326036,-0.0007469071,7.133994e-05,0.710932,0,6,1785206996736159,1785206996736159,-0.011752433,-0.029102225,0.17457008,1,0.014346732,0.014175969,0.005977119
1785206996753000537,0.002696506,-0.0019591982,0.0002112131,4.0514464e-05,4.0388713e-05,0.03408102,1,-0.0012485812,-0.006262055,0.3407428,0.1091468,0.10930725,0.085412495,0.70325536,-0.00073338556,6.802299e-05,0.71093696,0,6,1785206996744159,1785206996744159,-0.011379621,-0.029099243,0.1745902,1,0.0144102955,0.014237808,0.0059888633
1785206996765009678,0.00083250564,0.00043842336,-0.0011134822,4.0585794e-05,4.0463132e-05,0.034079235,1,-0.0011177686,-0.0060129426,0.34089768,0.1099252,0.11009211,0.085927434,0.70326066,-0.0007199726,6.960863e-05,0.7109318,0,6,1785206996760159,1785206996760159,-0.011266885,-0.029136727,0.1749356,1,0.014529806,0.01435915,0.0060123717
1785206996773016593,0.0016314542,0.0033678995,-0.0013797967,4.0622133e-05,4.0495208e-05,0.034079578,1,-0.001058435,-0.0059026335,0.34103522,0.110321075,0.11048899,0.08618618,0.7032627,-0.0007238662,7.826452e-05,0.71092975,0,6,1785206996768159,1785206996768159,-0.011184244,-0.02910087,0.17516004,1,0.014594109,0.014421755,0.006024135
1785206996785030742,0.00083250285,-0.0006268425,0.0023486253,4.065782e-05,4.0534098e-05,0.03407992,1,-0.0010018031,-0.005801141,0.3411729,0.110719256,0.11088816,0.0858454,0.7032567,-0.00072058337,8.2077306e-05,0.7109357,0,6,1785206996776159,1785206996776159,-0.010975274,-0.029078716,0.17529503,1,0.014658639,0.014484644,0.006014677
1785206996792976761,-0.0010317068,-0.00062684296,0.001283361,4.0694093e-05,4.05718e-05,0.03408027,1,-0.0009487184,-0.005708948,0.3413485,0.111119755,0.11128963,0.08610406,0.70325,-0.0007195216,7.759897e-05,0.7109423,0,6,1785206996784159,1785206996784159,-0.010973302,-0.029139603,0.17527083,1,0.014723686,0.014547872,0.0060264394
1785206996805033222,-0.0020969673,-0.0011594766,-0.0059071723,4.0766157e-05,4.0644478e-05,0.034080964,1,-0.00085256505,-0.005548866,0.3418029,0.11192778,0.11209952,0.08662393,0.7032628,-0.0007256258,5.427387e-05,0.7109297,0,6,1785206996800159,1785206996800159,-0.010600794,-0.028928299,0.17485932,1,0.01485407,0.01467472,0.006049983
1785206996813014698,-0.00049908075,0.0028352716,0.00021809926,4.0802504e-05,4.0676892e-05,0.034081314,1,-0.0008072111,-0.0054804413,0.34208083,0.11233532,0.11250796,0.08688515,0.70326823,-0.00073401566,5.3135664e-05,0.7109243,0,6,1785206996808159,1785206996808159,-0.010338151,-0.028930502,0.17503679,1,0.014919701,0.01473853,0.006061765
1785206996825021274,-0.0012980208,-0.00036052708,0.0023486274,4.0838117e-05,4.0712523e-05,0.03408166,1,-0.00076394324,-0.005419653,0.34239385,0.11274523,0.11291876,0.08714723,0.7032585,-0.000737511,5.1666673e-05,0.7109339,0,6,1785206996816159,1785206996816159,-0.010149417,-0.028890338,0.17529361,1,0.01498548,0.014802559,0.006073553
1785206996832969436,0.00029961474,-0.00036049774,0.0010173331,4.087372e-05,4.0747324e-05,0.0340796,1,-0.0007200921,-0.0053672167,0.3427252,0.11314977,0.11332937,0.08679636,0.70325375,-0.0007357223,4.7211437e-05,0.7109386,0,6,1785206996824159,1785206996824159,-0.009876127,-0.029025277,0.17544022,1,0.01504195,0.014862877,0.0060635717
1785206996845006810,0.0018975093,-0.0011594458,0.0015499663,4.094538e-05,4.082441e-05,0.034080278,1,-0.0006391501,-0.005286511,0.34348425,0.11398129,0.11416272,0.08732115,0.70324606,-0.000726178,4.6624533e-05,0.71094614,0,6,1785206996840159,1785206996840159,-0.009685131,-0.028916456,0.17560117,1,0.015174494,0.014992118,0.006087151
1785206996853050175,0.0008322518,0.0015037162,-0.0021784646,4.098151e-05,4.086611e-05,0.034080613,1,-0.00060270086,-0.005254521,0.3439103,0.11440067,0.114582986,0.08758484,0.70324665,-0.00072221254,5.1280316e-05,0.7109456,0,6,1785206996848159,1785206996848159,-0.009576837,-0.028641827,0.17556748,1,0.015241195,0.015057099,0.0060989503
1785206996865009260,-0.0023635481,0.0012374013,-0.0011131988,4.101795e-05,4.0901246e-05,0.034080956,1,-0.0005689941,-0.0052283257,0.34436506,0.114822485,0.115005665,0.08784939,0.7032502,-0.0007306529,4.7263256e-05,0.71094203,0,6,1785206996856159,1785206996856159,-0.00948648,-0.028553516,0.17548326,1,0.015308169,0.015122402,0.006110756
1785206996872952493,-0.00023301656,-0.000626815,-0.00031424646,4.1054212e-05,4.0935025e-05,0.034081306,1,-0.00053668534,-0.0052084476,0.3448483,0.115246736,0.115430765,0.08811481,0.7032486,-0.00073423504,4.597457e-05,0.7109437,0,6,1785206996864159,1785206996864159,-0.0091383895,-0.02847108,0.17550643,1,0.015375243,0.015187818,0.0061225686
1785206996884984407,-0.0018309118,-0.00062681455,-0.0027110958,4.1126033e-05,4.099797e-05,0.034082014,1,-0.00047721423,-0.005188976,0.34589872,0.11610262,0.116288275,0.08864827,0.70325446,-0.00072664494,1.8412828e-05,0.710938,0,6,1785206996880159,1785206996880159,-0.008939658,-0.028579071,0.17562898,1,0.015510319,0.015319215,0.0061462116
1785206996892991793,-0.004227762,0.0009710854,-0.0011131982,4.116236e-05,4.1033512e-05,0.034082364,1,-0.0004509673,-0.005189221,0.34640336,0.116534285,0.11672071,0.08828124,0.7032574,-0.0007404274,1.0086623e-05,0.71093506,0,6,1785206996888159,1785206996888159,-0.008878754,-0.028577918,0.17564462,1,0.015578038,0.015385189,0.006135419
1785206996904977338,0.0010992837,-0.0024904194,-0.0011080272,4.1198724e-05,4.106514e-05,0.034080304,1,-0.00043446076,-0.00520186,0.34693703,0.11695935,0.11715261,0.08854823,0.7032573,-0.0007365378,3.0492113e-06,0.7109351,0,6,1785206996896159,1785206996896159,-0.008880839,-0.028801009,0.17597775,1,0.015635861,0.015447334,0.006147242
1785206996912970867,-0.0010312517,-0.0014251526,0.0004898572,4.1235166e-05,4.1095864e-05,0.034080654,1,-0.00042032806,-0.0052226083,0.34749928,0.117395855,0.11758994,0.0888161,0.7032561,-0.0007307855,-4.2925167e-06,0.71093625,0,6,1785206996904159,1785206996904159,-0.008763877,-0.02905316,0.17604886,1,0.015703985,0.015513668,0.0061590713
1785206996924960430,-0.0020965072,0.0012380034,-0.0005754019,4.130696e-05,4.116228e-05,0.034081347,1,-0.0003987578,-0.0052824123,0.34870294,0.11827643,0.11847211,0.08935445,0.7032417,-0.0007329231,-1.5848796e-05,0.7109505,0,6,1785206996920159,1785206996920159,-0.008807763,-0.02889062,0.17631754,1,0.015841046,0.015647097,0.0061827493
1785206996933003214,0.00083296536,0.0015043227,-0.0016406659,4.1343028e-05,4.119461e-05,0.034081697,1,-0.00039253716,-0.00532097,0.34934476,0.11872053,0.11891696,0.08962494,0.7032444,-0.00073482754,-1.2514858e-05,0.7109478,0,6,1785206996928159,1785206996928159,-0.008808949,-0.029045755,0.17659213,1,0.01590999,0.015714264,0.006194598
1785206996944976595,0.001365597,0.002036955,-0.0013743499,4.1379357e-05,4.123093e-05,0.034082033,1,-0.00038919924,-0.0053652707,0.35001278,0.11916719,0.11936434,0.089896314,0.7032468,-0.0007379064,-4.985847e-06,0.7109455,0,6,1785206996936159,1785206996936159,-0.008929507,-0.028937692,0.17687644,1,0.015979286,0.015781702,0.0062064524
1785206996952993750,0.0018982291,0.00043905992,-0.0011080364,4.141594e-05,4.1272324e-05,0.034082383,1,-0.00038930296,-0.005414535,0.35067782,0.119616404,0.11981428,0.08951555,0.70324767,-0.0007338531,3.0181325e-06,0.7109446,0,6,1785206996944159,1785206996944159,-0.009008545,-0.028889995,0.17701702,1,0.016049055,0.015849575,0.0061949743
1785206996965026836,3.401423e-05,0.0036348542,0.0028867074,4.1488627e-05,4.135059e-05,0.03408307,1,-0.0003964984,-0.005527007,0.35208276,0.12052261,0.120721824,0.09005876,0.70324016,-0.0007366654,6.7214373e-06,0.71095204,0,6,1785206996960159,1785206996960159,-0.008906566,-0.028923012,0.17750545,1,0.01618897,0.0159859,0.006218686
1785206996973071934,0.00243101,0.0017706803,0.0012891415,4.1524676e-05,4.138799e-05,0.03408104,1,-0.00040488498,-0.00559252,0.35282135,0.120969035,0.12117593,0.09033169,0.7032336,-0.0007349646,2.0166697e-05,0.7109585,0,6,1785206996968166,1785206996968166,-0.008952423,-0.028985053,0.1775511,1,0.01624807,0.01604962,0.0062305513
1785206996984997274,-0.0020963626,0.0017706789,-0.00030875666,4.156119e-05,4.1424177e-05,0.034081392,1,-0.00041503404,-0.0056638704,0.3535821,0.1214285,0.12163611,0.090605505,0.70322967,-0.0007422499,2.0059182e-05,0.7109624,0,6,1785206996976166,1785206996976166,-0.008830612,-0.029129772,0.177597,1,0.016318375,0.01611823,0.0062424233
1785206996992974843,0.00056679413,-0.0006261659,-0.0019066466,4.1597617e-05,4.1458054e-05,0.034081742,1,-0.00042664612,-0.005740699,0.35436466,0.12189059,0.12209889,0.09088021,0.70323336,-0.0007446583,1.9651208e-05,0.7109588,0,6,1785206996984166,1785206996984166,-0.008690999,-0.029176483,0.17770965,1,0.016389038,0.016187087,0.006254301
1785206997005028007,-0.0020963664,-9.3531795e-05,-0.00057506916,4.1670603e-05,4.152304e-05,0.03408245,1,-0.00045276986,-0.0059118266,0.35599852,0.122822724,0.12303234,0.09143229,0.7032359,-0.0007494964,1.1479709e-05,0.7109562,0,6,1785206997000166,1785206997000166,-0.00854586,-0.029477267,0.1784176,1,0.016531384,0.016325487,0.0062780757
1785206997013012629,3.4163706e-05,0.00097173173,-4.2435942e-05,4.1706888e-05,4.156298e-05,0.034082785,1,-0.0004688337,-0.006005337,0.3568236,0.1232928,0.12350303,0.09103422,0.70323366,-0.0007519502,8.235165e-06,0.7109584,0,6,1785206997008166,1785206997008166,-0.0085417535,-0.029454531,0.17848577,1,0.016602993,0.016395159,0.0062657516
1785206997025026157,0.00030047935,0.0020369976,-0.0029719162,4.1743246e-05,4.160013e-05,0.034083135,1,-0.00048613417,-0.006103427,0.35766876,0.12376556,0.12397639,0.09131044,0.7032391,-0.0007567492,1.7076423e-05,0.7109531,0,6,1785206997016166,1785206997016166,-0.008341341,-0.029538436,0.17847705,1,0.016674764,0.016465144,0.0062776394
1785206997033017812,0.00030047592,-9.353133e-05,0.002088093,4.178065e-05,4.163817e-05,0.034083493,1,-0.0005030506,-0.006206034,0.358533,0.12424102,0.12445241,0.09158756,0.70323426,-0.00075699395,1.621342e-05,0.7109579,0,6,1785206997024166,1785206997024166,-0.007994255,-0.029527195,0.17848684,1,0.016746722,0.016535217,0.006289534
1785206997045001663,-0.000499077,-0.00062610395,-0.0035039035,4.185405e-05,4.172278e-05,0.034081794,1,-0.0005307266,-0.006423616,0.36032245,0.12518786,0.12540841,0.092144474,0.7032346,-0.0007567638,1.08658505e-05,0.7109575,0,6,1785206997040166,1785206997040166,-0.0077150078,-0.029341716,0.1790779,1,0.016879624,0.016671173,0.0063133407
1785206997053061328,0.001365134,-0.0016913665,-0.0032375879,4.1891104e-05,4.1759467e-05,0.034082144,1,-0.00054354075,-0.006538364,0.36124742,0.12567131,0.12589246,0.09242427,0.70324147,-0.000749144,8.296467e-06,0.71095073,0,6,1785206997048166,1785206997048166,-0.0078032105,-0.029487956,0.17936717,1,0.016951928,0.016741607,0.0063252538
1785206997065014761,0.001098813,-0.0008924175,-0.0003081129,4.1928306e-05,4.17956e-05,0.034082495,1,-0.00055950193,-0.006657337,0.36219206,0.12615752,0.12637925,0.09270498,0.70324343,-0.00074306363,8.783149e-06,0.71094877,0,6,1785206997056166,1785206997056166,-0.007958077,-0.029386923,0.17966454,1,0.01702471,0.016812593,0.0063371733
1785206997072996397,0.00029987207,-0.0011587339,-0.0024386416,4.196548e-05,4.183064e-05,0.034082837,1,-0.0005773502,-0.0067788903,0.36311108,0.1266465,0.12686878,0.09229227,0.7032459,-0.00073848915,6.2927943e-06,0.7109464,0,6,1785206997064166,1785206997064166,-0.007808228,-0.029235708,0.17990935,1,0.017097898,0.016883785,0.006324137
1785206997085023801,-0.0018329389,-0.0035624965,-0.00083739706,4.0044582e-05,3.997849e-05,0.034082,1,-0.00052332017,-0.006721095,0.36364752,0.10607651,0.106226385,0.08371937,0.70324516,-0.0007384039,-2.3690645e-06,0.7109471,0,6,1785206997080166,1785206997080166,-0.0077284216,-0.029342744,0.18012513,1,0.01386606,0.013708549,0.0058878143
1785206997093000097,0.00083021645,-0.0008993326,0.0015594476,4.0078947e-05,4.0010636e-05,0.03408235,1,-0.0004541349,-0.00654938,0.36329862,0.10644967,0.1066006,0.08397011,0.7032403,-0.00073356216,-8.944185e-06,0.7109519,0,6,1785206997088166,1785206997088166,-0.00768817,-0.029276993,0.18007788,1,0.013927928,0.013768698,0.005899446
1785206997105060253,-0.0013003041,-0.0008993349,-0.0005710923,4.011371e-05,4.0039908e-05,0.034082707,1,-0.00038946106,-0.0063874153,0.3630009,0.106825024,0.106976986,0.084221676,0.70323616,-0.0007287501,-1.2469443e-05,0.710956,0,6,1785206997096166,1785206997096166,-0.007819039,-0.029122194,0.17995664,1,0.013990108,0.013829189,0.0059110844
1785206997113006191,-0.0010339931,-0.000100386795,-0.0024352935,4.0149116e-05,4.0071543e-05,0.03408305,1,-0.00032848673,-0.006235847,0.3627521,0.107202575,0.10735555,0.08447408,0.7032412,-0.0007337097,-2.2047263e-05,0.710951,0,6,1785206997104166,1785206997104166,-0.007656864,-0.029084157,0.17973304,1,0.014052493,0.013889908,0.005922728
1785206997125018707,0.0024282108,-0.000100629404,-0.005633344,4.021786e-05,4.0136056e-05,0.034081373,1,-0.00021557225,-0.0059560784,0.36234725,0.107958235,0.10811735,0.08440285,0.7032589,-0.00073703664,-1.3200342e-05,0.71093357,0,6,1785206997120166,1785206997120166,-0.0073916055,-0.028658312,0.1793257,1,0.014169289,0.014008515,0.005925819
1785206997133028767,-0.0036970645,-0.001698521,-0.0008396579,4.0252544e-05,4.017306e-05,0.034081716,1,-0.00016304321,-0.0058295177,0.36221358,0.108342335,0.108502485,0.084656045,0.7032631,-0.00073975034,-2.6430767e-05,0.7109294,0,6,1785206997128166,1785206997128166,-0.0073462366,-0.02857326,0.17918935,1,0.014232332,0.014070047,0.005937469
1785206997144964736,3.1368458e-05,0.0014972666,-0.0019049168,4.0287596e-05,4.0208288e-05,0.03408206,1,-0.0001130706,-0.005711882,0.3621245,0.10872868,0.10888985,0.08491009,0.7032658,-0.0007436675,-2.7960441e-05,0.7109267,0,6,1785206997136166,1785206997136166,-0.0071343253,-0.028452877,0.17905448,1,0.014295594,0.014131766,0.005949126
1785206997152988984,-0.00076758314,-0.00010062801,-0.0011059705,4.0323033e-05,4.0242965e-05,0.034082416,1,-6.434962e-05,-0.005602717,0.36207926,0.10911728,0.10927945,0.085164964,0.7032686,-0.00074456935,-3.1704967e-05,0.7109239,0,6,1785206997144166,1785206997144166,-0.0068467334,-0.028393794,0.17908838,1,0.014358822,0.014193499,0.0059607886
1785206997165008753,0.004026112,-0.000100627076,0.0007582427,4.0393363e-05,4.0318337e-05,0.034083094,1,2.8572162e-05,-0.0054112496,0.3621189,0.109901294,0.1100654,0.085677266,0.7032565,-0.0007412629,-1.4210012e-05,0.71093583,0,6,1785206997160166,1785206997160166,-0.006542338,-0.028232474,0.17925343,1,0.014486394,0.014317758,0.005984133
1785206997173016319,0.0016292615,-0.00063326163,0.0015571904,4.0428e-05,4.035102e-05,0.034083452,1,7.1870105e-05,-0.0053265304,0.36220127,0.11029673,0.11046178,0.08593469,0.70325154,-0.0007312875,-1.4420721e-05,0.71094084,0,6,1785206997168166,1785206997168166,-0.006451691,-0.027988702,0.17932169,1,0.014550668,0.014380501,0.005995815
1785206997184994249,0.002694713,0.0020302658,-3.742454e-05,4.0462975e-05,4.038646e-05,0.03408142,1,0.000110756286,-0.0052513587,0.36227927,0.11068754,0.110858224,0.08559607,0.70325035,-0.00072703237,-2.968079e-06,0.71094203,0,6,1785206997176166,1785206997176166,-0.006531891,-0.027889282,0.17916612,1,0.014606133,0.014439822,0.0059864926
1785206997192986054,0.00083050097,0.00096500106,-0.00030374082,4.049836e-05,4.0420455e-05,0.034081765,1,0.00014595945,-0.005184089,0.36239654,0.11108747,0.11125914,0.0858534,0.70324796,-0.00072878227,3.2019989e-06,0.7109443,0,6,1785206997184166,1785206997184166,-0.0066232993,-0.027866784,0.17922585,1,0.014670593,0.014502725,0.005998173
1785206997205051030,0.0010968174,-0.0006328956,-0.0024342695,4.056978e-05,4.04898e-05,0.03408245,1,0.00020866995,-0.005072536,0.36274683,0.111894324,0.11206791,0.0863706,0.7032496,-0.00071944733,6.6253715e-06,0.71094275,0,6,1785206997200166,1785206997200166,-0.006332377,-0.02793321,0.17927726,1,0.014800281,0.014629026,0.0060215527
1785206997212986328,-0.0005010783,-0.001964476,-0.0045648,4.0605475e-05,4.0521758e-05,0.034082793,1,0.00023892547,-0.005029249,0.36297742,0.11230127,0.11247578,0.086630486,0.70325875,-0.00071474176,-3.0681977e-07,0.7109336,0,6,1785206997208166,1785206997208166,-0.0060591656,-0.028055865,0.17936888,1,0.014865504,0.014692376,0.0060332515
1785206997225020705,-0.0013000324,-0.00063289376,-0.0016353229,4.064128e-05,4.055551e-05,0.034083143,1,0.00026788324,-0.004994226,0.36324397,0.11271057,0.112886,0.08689123,0.7032646,-0.00071379956,-8.746229e-06,0.7109279,0,6,1785206997216166,1785206997216166,-0.0059976326,-0.028140267,0.17937763,1,0.014931021,0.014756211,0.006044957
1785206997233019714,0.0010968158,0.002562898,-0.0005700552,4.067652e-05,4.058872e-05,0.034083486,1,0.00029433658,-0.0049665766,0.36354595,0.113122255,0.113298565,0.08715282,0.70326513,-0.0007185871,-3.2607868e-06,0.71092737,0,6,1785206997224166,1785206997224166,-0.0060582478,-0.028119802,0.17965764,1,0.014996669,0.014820196,0.0060566687
1785206997245000229,0.00083050015,0.0012313174,-0.0008363737,4.074865e-05,4.06632e-05,0.034084164,1,0.00033931705,-0.0049309526,0.36422294,0.113952786,0.1141308,0.08706286,0.7032649,-0.00071008503,5.59078e-06,0.7109276,0,6,1785206997240166,1785206997240166,-0.006051456,-0.02811294,0.17973778,1,0.015128593,0.014948687,0.006058403
1785206997253026981,0.0016296186,-0.0006330018,-0.005098396,4.0784544e-05,4.0697338e-05,0.034082133,1,0.0003566587,-0.004922596,0.36461043,0.11436349,0.114547856,0.08732518,0.70327467,-0.00070622185,7.80481e-06,0.7109179,0,6,1785206997248166,1785206997248166,-0.006157933,-0.02809324,0.17973179,1,0.01518532,0.015009218,0.0060701193
1785206997265013597,0.00029803126,-0.0008993158,-0.0011036583,4.082028e-05,4.073737e-05,0.034082465,1,0.00037066758,-0.00492032,0.36503017,0.11478465,0.11496991,0.08758836,0.70327985,-0.00070009497,5.5692212e-06,0.7109128,0,6,1785206997256166,1785206997256166,-0.0062480224,-0.028003635,0.18001087,1,0.015251978,0.015074259,0.0060818424
1785206997273073272,-0.0020988125,-0.00089931535,0.0020921363,4.0855273e-05,4.0773615e-05,0.034082804,1,0.00038279942,-0.0049234186,0.36548194,0.11520824,0.115394376,0.08785241,0.7032752,-0.0007026246,-1.5481105e-06,0.7109175,0,6,1785206997264166,1785206997264166,-0.0061137485,-0.027861832,0.18003874,1,0.015318946,0.015139451,0.006093571
1785206997285069176,-0.0034303889,0.0028291077,0.0020921386,4.092693e-05,4.084467e-05,0.034083482,1,0.00040347836,-0.004943558,0.36647612,0.116062775,0.1162506,0.0883831,0.7032607,-0.0007239864,-7.052313e-06,0.7109317,0,6,1785206997280166,1785206997280166,-0.0059610237,-0.027474307,0.18031129,1,0.015453511,0.015270565,0.0061170477
1785206997293013110,-0.0007672295,-0.0019645812,-0.00030470412,4.0962408e-05,4.088133e-05,0.034083832,1,0.00041127883,-0.0049603214,0.36701694,0.116493754,0.11668238,0.08864975,0.7032607,-0.00072507386,-1.3263897e-05,0.7109317,0,6,1785206997288166,1785206997288166,-0.005889103,-0.02723822,0.18031622,1,0.01552113,0.015336529,0.006128796
1785206997305125096,-0.0010335436,0.00096489536,-0.0005710273,4.0998206e-05,4.091772e-05,0.034084182,1,0.00041827044,-0.004981238,0.36755237,0.116927214,0.11711663,0.08828218,0.70326006,-0.0007246826,-1.7912076e-05,0.7109324,0,6,1785206997296166,1785206997296166,-0.0056631085,-0.027145771,0.1804939,1,0.015588832,0.015402664,0.006118015
1785206997313021910,0.00083066616,-0.0016982649,-0.0011036517,4.103331e-05,4.0951254e-05,0.03408454,1,0.00042503697,-0.0050082644,0.36811668,0.11736318,0.11755335,0.08854865,0.70326245,-0.0007239483,-1.9877314e-05,0.71093,0,6,1785206997304166,1785206997304166,-0.0055026016,-0.027238933,0.18062057,1,0.015656678,0.015468872,0.006129761
1785206997325001513,-0.00263082,0.0030951689,-0.0053670947,4.110506e-05,4.1009887e-05,0.034082882,1,0.00042585743,-0.005073056,0.36932796,0.11823309,0.11843113,0.08908421,0.7032756,-0.0007395235,-1.6613443e-05,0.71091694,0,6,1785206997320166,1785206997320166,-0.005852106,-0.026855128,0.18075696,1,0.015783029,0.015597737,0.0061532715
1785206997333019679,-0.0028971415,0.0020299093,-0.0003070869,4.11404e-05,4.1038456e-05,0.034083225,1,0.0004186607,-0.005111727,0.3699735,0.118676454,0.11887529,0.08935329,0.7032814,-0.0007542708,-2.1161937e-05,0.7109112,0,6,1785206997328166,1785206997328166,-0.005904203,-0.026867837,0.18091574,1,0.015851827,0.015664622,0.0061650365
1785206997345003489,0.0016302376,-0.00089957286,-4.076822e-05,4.117574e-05,4.107148e-05,0.03408357,1,0.0004092173,-0.005155254,0.37064558,0.11912237,0.11932197,0.08962325,0.7032804,-0.0007521192,-1.9917821e-05,0.7109122,0,6,1785206997336166,1785206997336166,-0.0059967614,-0.026720999,0.18115662,1,0.015920661,0.01573156,0.006176807
1785206997352987400,0.0013639246,-0.0006332565,-0.0016386701,4.1211762e-05,4.1103645e-05,0.034083914,1,0.0003976748,-0.0052015865,0.37134388,0.119570844,0.1197712,0.089894086,0.7032817,-0.00074509566,-1.7475757e-05,0.7109109,0,6,1785206997344166,1785206997344166,-0.006026563,-0.02633603,0.18137412,1,0.015989773,0.01579887,0.006188584
1785206997364998172,-0.0012992447,-0.0030301013,-0.0005734053,4.128419e-05,4.1171737e-05,0.0340846,1,0.00037021804,-0.0053021368,0.37275767,0.12047552,0.12067731,0.08978345,0.70329666,-0.0007396774,-2.8715476e-05,0.7108962,0,6,1785206997360166,1785206997360166,-0.0059974017,-0.025939412,0.18149893,1,0.016128564,0.015934598,0.006188897
1785206997373016538,-0.0010329162,0.00016568927,-0.005367095,4.1320603e-05,4.1209474e-05,0.034084942,1,0.00035231432,-0.0053572054,0.37350148,0.12093175,0.121134214,0.09005495,0.70330757,-0.00074018666,-3.5986544e-05,0.71088535,0,6,1785206997368166,1785206997368166,-0.0064629274,-0.02563055,0.18175529,1,0.016198391,0.016002672,0.0062006786
1785206997385010889,-0.0018318716,0.000165693,-0.007231309,4.1355986e-05,4.124407e-05,0.034085285,1,0.00032971724,-0.005414799,0.37426922,0.121390596,0.121593714,0.09032733,0.7033268,-0.0007441169,-4.060596e-05,0.7108662,0,6,1785206997376166,1785206997376166,-0.0067161787,-0.025431862,0.18186381,1,0.016268296,0.016070645,0.006212466
1785206997392990331,0.0016302371,0.00069831405,-0.010160779,4.139197e-05,4.1274336e-05,0.034085635,1,0.00030454888,-0.005476297,0.37506005,0.12185206,0.12205581,0.090600595,0.70335305,-0.0007462192,-3.8025024e-05,0.7108404,0,6,1785206997384166,1785206997384166,-0.006852456,-0.025435643,0.18199672,1,0.016338687,0.016139122,0.0062242597
1785206997405025019,0.0029614507,0.00069833966,-0.008828967,4.1463976e-05,4.1340132e-05,0.03408394,1,0.00025256647,-0.0056110523,0.37670827,0.122771665,0.122984126,0.09114977,0.7034054,-0.0007361288,-3.944372e-05,0.71078855,0,6,1785206997400166,1785206997400166,-0.007160737,-0.02520873,0.18221417,1,0.01646892,0.016272118,0.006247866
1785206997413053825,-0.0012996221,-0.0032963925,-0.009894237,4.150047e-05,4.1373645e-05,0.034084283,1,0.00022284784,-0.005682903,0.37756437,0.1232409,0.123454034,0.09142569,0.7034335,-0.0007310742,-4.687458e-05,0.7107608,0,6,1785206997408166,1785206997408166,-0.0073851678,-0.024944788,0.18231271,1,0.016539786,0.016340984,0.0062596784
1785206997425010875,0.0002982975,0.00069833733,-0.01495424,4.1536714e-05,4.1412484e-05,0.034084626,1,0.00018993273,-0.0057561067,0.37840962,0.12371282,0.123926595,0.091027156,0.7034727,-0.0007302029,-4.940378e-05,0.710722,0,6,1785206997416166,1785206997416166,-0.0076116077,-0.024523603,0.18259613,1,0.01661115,0.016410518,0.006247376
1785206997433005255,0.00029828743,0.0020299242,-0.014687925,4.1572748e-05,4.1449934e-05,0.034084976,1,0.00015372473,-0.0058301743,0.3792779,0.12418743,0.124401815,0.09130281,0.7035141,-0.00073352666,-4.4763507e-05,0.710681,0,6,1785206997424166,1785206997424166,-0.007838649,-0.02411931,0.18292223,1,0.016682709,0.016480198,0.0062591857
1785206997445041466,-0.00023436279,-0.003562706,-0.021345828,4.16444e-05,4.153134e-05,0.03408566,1,6.786916e-05,-0.005978988,0.38107815,0.12514476,0.12536032,0.09185678,0.7036266,-0.00072208705,-4.5862573e-05,0.7105697,0,6,1785206997440166,1785206997440166,-0.008925426,-0.023116829,0.18342347,1,0.016826734,0.016620237,0.0062828227
1785206997453045535,-0.00023433322,-0.00089955376,-0.022144776,4.1680854e-05,4.1568263e-05,0.03408601,1,1.6140777e-05,-0.0060537597,0.3820107,0.12562752,0.12584363,0.0921351,0.7036873,-0.0007174895,-5.202111e-05,0.7105094,0,6,1785206997448166,1785206997448166,-0.009460303,-0.022852777,0.18380976,1,0.016898964,0.016690709,0.006294651
1785206997465040117,-0.0015659382,-0.0027637654,-0.025873203,4.1717227e-05,4.1604006e-05,0.034086354,1,-4.1424624e-05,-0.0061302623,0.38296297,0.12611301,0.12632965,0.09241432,0.7037588,-0.0007155214,-6.231446e-05,0.7104387,0,6,1785206997456166,1785206997456166,-0.010038545,-0.022508541,0.18394125,1,0.016971385,0.016761402,0.0063064857
1785206997473127034,0.0013631836,-0.00089952676,-0.02560651,4.175325e-05,4.163953e-05,0.03408434,1,-0.00010064638,-0.0062070056,0.38393512,0.1265885,0.12681413,0.09269443,0.7038321,-0.0007087032,-6.5400214e-05,0.7103661,0,6,1785206997464166,1785206997464166,-0.010638639,-0.022035493,0.18430145,1,0.017032465,0.016827269,0.006318326
1785206997485022025,-0.00023631705,0.002553888,-0.03146119,3.986226e-05,3.9813833e-05,0.0340815,1,-0.00016478461,-0.005969294,0.38437325,0.10605134,0.10620271,0.08348648,0.70399535,-0.0007060349,-6.966881e-05,0.71020424,0,6,1785206997480166,1785206997480166,-0.011361533,-0.020663198,0.18444021,1,0.01382105,0.013669488,0.005861526
1785206997493075218,0.00029627676,0.004151794,-0.034390666,3.989688e-05,3.984626e-05,0.034081858,1,-0.00016934675,-0.0056614885,0.38395113,0.10642404,0.10657647,0.08373599,0.704091,-0.00071595056,-5.8389734e-05,0.7101094,0,6,1785206997488166,1785206997488166,-0.0116896145,-0.020028641,0.18435937,1,0.013882658,0.013729383,0.0058730803
1785206997505096340,-0.00050267705,0.0012223199,-0.033858035,3.9931758e-05,3.987634e-05,0.0340822,1,-0.00018089676,-0.005360252,0.3835836,0.10679892,0.1069524,0.08398632,0.7041851,-0.0007201876,-5.6475958e-05,0.7100161,0,6,1785206997496166,1785206997496166,-0.012361735,-0.019074257,0.18434851,1,0.013944651,0.013789568,0.0058846404
1785206997513008633,0.0002962806,0.0012223064,-0.040249627,3.9966748e-05,3.9910472e-05,0.034082543,1,-0.00020083331,-0.0050654775,0.38326883,0.10717599,0.1073305,0.084237486,0.70429325,-0.00072292687,-5.454652e-05,0.7099088,0,6,1785206997504166,1785206997504166,-0.01306413,-0.018644277,0.18420246,1,0.01400696,0.013850167,0.005896207
1785206997525061316,-0.00076897105,-0.0027724332,-0.04610858,4.0037346e-05,3.9983046e-05,0.03408322,1,-0.00026587903,-0.0044991598,0.3827896,0.107936755,0.10809328,0.08474232,0.7045375,-0.0007151501,-7.583212e-05,0.7096665,0,6,1785206997520166,1785206997520166,-0.014493749,-0.01733034,0.18394214,1,0.014131993,0.0139713,0.0059193578
1785206997533074923,0.0026932745,-0.0035714083,-0.049570598,4.007221e-05,4.0020517e-05,0.034081165,1,-0.00031186471,-0.004224617,0.38262326,0.10831427,0.10847605,0.08499599,0.70467395,-0.0007016829,-8.2469e-05,0.709531,0,6,1785206997528166,1785206997528166,-0.015135754,-0.016611397,0.18393275,1,0.014186347,0.014028717,0.005930942
1785206997545070356,0.003492278,0.00042339228,-0.052766398,4.010688e-05,4.0054023e-05,0.0340815,1,-0.00036499306,-0.003955634,0.38246676,0.108700104,0.10886293,0.08466655,0.7048204,-0.0006875153,-7.5534146e-05,0.70938545,0,6,1785206997536166,1785206997536166,-0.015708996,-0.015915323,0.18388477,1,0.01424928,0.014089927,0.005922129
1785206997553093672,0.00029643136,0.00015708525,-0.054630615,4.0142597e-05,4.008901e-05,0.034081828,1,-0.00042539585,-0.0036902146,0.38235712,0.10908819,0.109252036,0.08492015,0.7049733,-0.000685015,-7.3521165e-05,0.7092335,0,6,1785206997544166,1785206997544166,-0.0163775,-0.0148517545,0.18381408,1,0.014312531,0.0141512435,0.005933713
1785206997565089045,0.00029641396,-0.0014408566,-0.06048956,4.021349e-05,4.0152936e-05,0.034082506,1,-0.0005712575,-0.0031682157,0.38227412,0.10987115,0.110036984,0.08542988,0.70530385,-0.0006848907,-8.191437e-05,0.70890486,0,6,1785206997560166,1785206997560166,-0.018015254,-0.0131285,0.18387763,1,0.01443989,0.014274827,0.0059569003
1785206997573063096,-0.00023620925,-0.004902935,-0.061288506,4.0248928e-05,4.018735e-05,0.03408284,1,-0.0006567937,-0.002911871,0.3822986,0.110266045,0.110432856,0.085686006,0.70547664,-0.000671064,-9.6416945e-05,0.70873296,0,6,1785206997568166,1785206997568166,-0.018645724,-0.012301635,0.18381518,1,0.014503956,0.014336726,0.0059685023
1785206997585030686,-0.00050246366,0.0001570587,-0.06661483,4.0283685e-05,4.0220584e-05,0.034083184,1,-0.00075024844,-0.0026586438,0.38236526,0.11066324,0.11083101,0.085942976,0.70565647,-0.0006696916,-0.00010152466,0.7085538,0,6,1785206997576166,1785206997576166,-0.019458547,-0.01151695,0.18389668,1,0.014568228,0.014398814,0.0059801107
1785206997593038793,0.0002964351,-0.0014408482,-0.07034326,4.031891e-05,4.025079e-05,0.034083527,1,-0.0008521038,-0.002408532,0.38247365,0.11106275,0.11123144,0.08620079,0.7058537,-0.0006649319,-0.000107006184,0.7083574,0,6,1785206997584166,1785206997584166,-0.020257572,-0.010707069,0.18394482,1,0.01463294,0.014461064,0.005991725
1785206997605105111,0.0005627186,-0.003571364,-0.0724738,4.0355393e-05,4.028389e-05,0.03408386,1,-0.00096279586,-0.0021604602,0.38256752,0.111464575,0.11163417,0.08585888,0.7060569,-0.00065452256,-0.00011510782,0.7081549,0,6,1785206997592166,1785206997592166,-0.021143967,-0.0097708395,0.18390112,1,0.014697809,0.014523274,0.0059822723
1785206997613034467,0.0010951797,0.00042347424,-0.07726655,4.039148e-05,4.031864e-05,0.03408172,1,-0.0010809301,-0.0019144366,0.38270146,0.1118614,0.112036884,0.08611659,0.70627016,-0.0006478911,-0.00011643215,0.7079422,0,6,1785206997600166,1785206997600166,-0.02222013,-0.0088672675,0.18389055,1,0.0147534935,0.01458198,0.0059938855
1785206997625086619,-0.00023647852,0.0020213618,-0.08658761,4.0464332e-05,4.0387746e-05,0.03408239,1,-0.0013441718,-0.0014287452,0.38308823,0.11267648,0.11285385,0.08663456,0.7067348,-0.0006576178,-0.00011271266,0.70747834,0,6,1785206997616166,1785206997616166,-0.023784911,-0.007239074,0.18435726,1,0.014884309,0.014707735,0.0060171303
1785206997633069046,-0.0021007005,0.00015717326,-0.09058235,4.050096e-05,4.0420815e-05,0.034082733,1,-0.0014880073,-0.0011879929,0.3833406,0.113087565,0.11326585,0.086894825,0.7069871,-0.00066304463,-0.0001185798,0.70722616,0,6,1785206997624166,1785206997624166,-0.024636261,-0.00645772,0.18446003,1,0.014950137,0.014771072,0.006028762
1785206997645062355,0.0010951076,-0.0022396948,-0.09883816,4.057079e-05,4.0488263e-05,0.03408341,1,-0.0018012825,-0.00071090454,0.38395432,0.11391688,0.114096925,0.087417915,0.7075114,-0.0006528099,-0.00013181649,0.70670164,0,6,1785206997640166,1785206997640166,-0.026357707,-0.004844793,0.18473862,1,0.01508285,0.01489853,0.0060520447
1785206997653066063,-0.0013016701,-0.0011743791,-0.102033965,4.0606203e-05,4.0522445e-05,0.03408376,1,-0.0019716767,-0.00047331472,0.38431534,0.11433514,0.114516035,0.08768074,0.7077947,-0.00064772234,-0.00014140642,0.7064179,0,6,1785206997648166,1785206997648166,-0.02728104,-0.0038632501,0.18500969,1,0.015149774,0.014962343,0.006063695
1785206997665070103,-0.0005028248,-0.00037552137,-0.105496064,4.064188e-05,4.0555933e-05,0.034084097,1,-0.002150059,-0.00023528,0.3846747,0.11475582,0.11493754,0.08732314,0.70808846,-0.0006505668,-0.00014605024,0.70612353,0,6,1785206997656166,1785206997656166,-0.0280358,-0.002846476,0.18522438,1,0.015216481,0.015026503,0.0060534556
1785206997673068771,0.00056251785,0.000423464,-0.11108871,4.0678584e-05,4.0592047e-05,0.034084424,1,-0.0023367454,3.1893142e-06,0.38506874,0.11517893,0.11536144,0.087585814,0.7083964,-0.0006481597,-0.00014689376,0.7058146,0,6,1785206997664166,1785206997664166,-0.028920263,-0.0019755373,0.18529834,1,0.015283609,0.015090918,0.006065104
1785206997685092529,0.00056239736,0.00015704334,-0.12014375,4.0753726e-05,4.065822e-05,0.03408224,1,-0.0027319377,0.00048190722,0.38595316,0.11602374,0.11621369,0.088113755,0.70905155,-0.0006389301,-0.00016127524,0.7051564,0,6,1785206997680166,1785206997680166,-0.030787911,-1.2365359e-05,0.18508546,1,0.015409121,0.01521634,0.0060884207
1785206997693093932,0.0034916769,0.0012223511,-0.124404795,4.079069e-05,4.068283e-05,0.03408259,1,-0.0029431474,0.0007239603,0.38644138,0.11645406,0.11664483,0.08837901,0.7093988,-0.00063392543,-0.00014957717,0.70480704,0,6,1785206997688166,1785206997688166,-0.03161114,0.0012645771,0.18524836,1,0.015477103,0.015281482,0.006100088
1785206997705074287,0.0013610942,-0.0022396925,-0.12946479,4.0827246e-05,4.071397e-05,0.034082927,1,-0.003162225,0.000970582,0.38696063,0.116886854,0.11707842,0.08864513,0.7097583,-0.00062484323,-0.0001495279,0.704445,0,6,1785206997696166,1785206997696166,-0.03243882,0.0027071142,0.18528885,1,0.015545908,0.015346861,0.0061117616
1785206997713099957,-0.0010355812,-0.00090807676,-0.1323943,4.0863964e-05,4.0749215e-05,0.034083262,1,-0.0033894302,0.0012210046,0.38751057,0.11732215,0.117514476,0.08891212,0.7101282,-0.00061958015,-0.00015695371,0.70407224,0,6,1785206997704166,1785206997704166,-0.033273544,0.0038570904,0.18561879,1,0.015614655,0.015412415,0.0061234417
1785206997725088447,-0.0036987667,-0.0011744131,-0.1377206,4.0940187e-05,4.0816027e-05,0.034083933,1,-0.0038707107,0.001731151,0.38853544,0.11820025,0.11839403,0.08880797,0.71089166,-0.00062272017,-0.00017689158,0.7033012,0,6,1785206997720166,1785206997720166,-0.03522959,0.0062605944,0.18572088,1,0.015753077,0.015544345,0.0061242143
1785206997733104118,-0.00023663882,0.0028202024,-0.14331324,4.097759e-05,4.085029e-05,0.034084268,1,-0.0041243676,0.0019918517,0.38909307,0.11864309,0.11883756,0.08907564,0.71128756,-0.00063066493,-0.00017546656,0.70290077,0,6,1785206997728166,1785206997728166,-0.03606707,0.0075828014,0.18590643,1,0.015822565,0.015610636,0.006135898
1785206997745087327,2.9179151e-05,0.0017550215,-0.14943846,4.1015148e-05,4.088368e-05,0.034080666,1,-0.0043832352,0.0022581734,0.38968128,0.11907864,0.11928039,0.08934418,0.71170247,-0.0006359739,-0.00016988294,0.70248085,0,6,1785206997736166,1785206997736166,-0.037022687,0.0090614995,0.18624178,1,0.01588211,0.015672894,0.0061475886
1785206997753106275,2.9288349e-05,0.0020212966,-0.15636271,4.10538e-05,4.09154e-05,0.034081005,1,-0.0046504983,0.0025303129,0.3902995,0.11952642,0.1197289,0.08961359,0.7121351,-0.0006401975,-0.00016766475,0.70204216,0,6,1785206997744166,1785206997744166,-0.037810106,0.0104875835,0.1863681,1,0.015952485,0.015739787,0.0061592855
1785206997765112318,0.0005618085,-0.0001093219,-0.16701536,4.1128842e-05,4.0979536e-05,0.0340817,1,-0.005207751,0.0030914375,0.39155766,0.1204297,0.12063355,0.0895022,0.7130427,-0.0006442226,-0.00016617018,0.7011204,0,6,1785206997760166,1785206997760166,-0.03950151,0.013335079,0.18658422,1,0.016093502,0.015874263,0.0061595473
1785206997773114173,0.0005618641,-0.0011743605,-0.17340691,4.1165644e-05,4.1013092e-05,0.034082044,1,-0.005499369,0.003380659,0.39220014,0.12088522,0.12108971,0.08977226,0.713525,-0.00063610874,-0.00016659088,0.70062953,0,6,1785206997768166,1785206997768166,-0.04045554,0.014682742,0.18688463,1,0.01616451,0.015941687,0.006171248
1785206997785132800,0.000295625,0.0017549475,-0.17553747,4.1203413e-05,4.1049832e-05,0.03408238,1,-0.0058005615,0.0036754597,0.39287183,0.12134335,0.12154845,0.0900432,0.7140122,-0.0006393025,-0.00016535976,0.70013297,0,6,1785206997776166,1785206997776166,-0.041576184,0.016022889,0.18723859,1,0.016235717,0.016009588,0.006182955
1785206997793103716,-0.0018349324,0.0017551531,-0.18219537,4.1241892e-05,4.1085117e-05,0.034082707,1,-0.0061117453,0.003974806,0.39357257,0.121804096,0.12200978,0.09031502,0.7145167,-0.00064440776,-0.00016445403,0.69961816,0,6,1785206997784166,1785206997784166,-0.04261801,0.017177956,0.18765588,1,0.016307313,0.01607776,0.006194669
1785206997805125760,0.0024261842,0.0014886106,-0.19497855,4.1320498e-05,4.1149357e-05,0.034083385,1,-0.006760907,0.0045884843,0.39505643,0.1227335,0.12294026,0.09086128,0.71556735,-0.00065614516,-0.00015877881,0.6985434,0,6,1785206997800166,1785206997800166,-0.044493202,0.019740637,0.18816689,1,0.01645149,0.016214807,0.006218114
1785206997813178321,2.9169256e-05,0.0012222799,-0.19977435,4.135875e-05,4.1184445e-05,0.034076665,1,-0.0070993593,0.0049058916,0.39583796,0.123190835,0.12340568,0.09113573,0.7161228,-0.00065785396,-0.0001514227,0.697974,0,6,1785206997808166,1785206997808166,-0.04557253,0.021181397,0.18853775,1,0.01651354,0.016279042,0.0062298463
1785206997825147604,-0.0023675659,0.0022874528,-0.20456804,4.139746e-05,4.1215753e-05,0.03407701,1,-0.007448089,0.0052310657,0.3966454,0.123662025,0.12387742,0.09141107,0.71668714,-0.00066909957,-0.00015181798,0.69739455,0,6,1785206997816166,1785206997816166,-0.04679307,0.02279682,0.18879841,1,0.016586456,0.016348343,0.006241584
1785206997833146112,-0.00076959375,0.0033525887,-0.21548702,4.143699e-05,4.1248422e-05,0.034077346,1,-0.007807084,0.005563907,0.39743823,0.1241359,0.124351814,0.09101218,0.71728146,-0.0006799374,-0.00014881643,0.6967833,0,6,1785206997824166,1785206997824166,-0.047792662,0.024318174,0.18899465,1,0.0166599,0.016418003,0.00622931
1785206997845127869,2.9118266e-05,0.001488436,-0.22028069,4.1515133e-05,4.1306386e-05,0.034078024,1,-0.008554414,0.00625451,0.39909488,0.12509176,0.12530863,0.0915632,0.7185001,-0.00069705315,-0.00013525934,0.69552654,0,6,1785206997840166,1785206997840166,-0.050287683,0.027518379,0.18909448,1,0.01680894,0.016558224,0.0062527885
1785206997853203395,0.002692467,0.0004230328,-0.22693859,4.155501e-05,4.1334344e-05,0.03407836,1,-0.008945168,0.0066124154,0.39995727,0.12557378,0.12579107,0.091840036,0.7191229,-0.00069249974,-0.00013128556,0.6948826,0,6,1785206997848166,1785206997848166,-0.05150524,0.029210212,0.18920413,1,0.01688471,0.016628671,0.0062645376
1785206997865134304,0.0024261875,0.0030863327,-0.23492809,4.1595373e-05,4.1366697e-05,0.034078702,1,-0.009346698,0.0069794175,0.4008413,0.12605855,0.12627621,0.092117764,0.7197703,-0.00069271005,-0.00011855227,0.694212,0,6,1785206997856166,1785206997856166,-0.052688748,0.03088084,0.18917474,1,0.01695984,0.016699161,0.0062762923
1785206997873125218,0.0040239817,0.0020211786,-0.2434502,4.1635092e-05,4.1399897e-05,0.034079038,1,-0.009758082,0.0073559764,0.40174624,0.12654607,0.12676407,0.092396386,0.7204393,-0.00068531174,-0.00010066989,0.6935177,0,6,1785206997864166,1785206997864166,-0.053789288,0.032595497,0.18927434,1,0.017035596,0.016770212,0.0062880535
1785206997885130991,-0.0007811367,-0.000376001,-0.25463492,3.9764178e-05,3.9664697e-05,0.034042083,1,-0.010153448,0.008175404,0.40204954,0.10602673,0.10618023,0.083248556,0.7218322,-0.0006954174,-0.0001035644,0.6920678,0,6,1785206997880166,1785206997880166,-0.056075588,0.03608532,0.18949856,1,0.013822198,0.013627834,0.0058357036
1785206997893098530,-0.0010474747,-0.0025063702,-0.26289067,3.9801216e-05,3.9694365e-05,0.034042418,1,-0.010148081,0.008618411,0.4014859,0.10639891,0.106553525,0.083496824,0.7225595,-0.0006943223,-0.00011444487,0.6913085,0,6,1785206997888166,1785206997888166,-0.0572477,0.037863664,0.18938117,1,0.013887329,0.0136881275,0.0058471863
1785206997905111487,-0.0034440616,0.00042322231,-0.27008125,3.9838807e-05,3.9724855e-05,0.03404276,1,-0.010163162,0.009070815,0.4009809,0.106773265,0.10692898,0.08374591,0.72330475,-0.0007022915,-0.00012586586,0.6905287,0,6,1785206997896166,1785206997896166,-0.05828295,0.039627872,0.18921617,1,0.013952864,0.013748695,0.0058586756
1785206997913097471,-0.0010476281,-0.0022402024,-0.27833703,3.9876675e-05,3.9753984e-05,0.034043103,1,-0.0101985615,0.009532209,0.4005334,0.1071498,0.10730661,0.08399583,0.7240727,-0.00070647255,-0.00013587273,0.6897234,0,6,1785206997904166,1785206997904166,-0.059430342,0.041278616,0.18916571,1,0.014018808,0.01380959,0.0058701704
1785206997925114385,0.001882015,-0.004104494,-0.29005498,3.9954368e-05,3.9810915e-05,0.034043774,1,-0.010327983,0.010482574,0.3998037,0.1079095,0.10806839,0.084498145,0.72566396,-0.0006940211,-0.00016693232,0.688049,0,6,1785206997920166,1785206997920166,-0.061414137,0.044923943,0.18888056,1,0.014151434,0.013932087,0.0058931797
1785206997933120007,0.0016159122,-0.0030389437,-0.2967129,3.999277e-05,3.984103e-05,0.03404411,1,-0.01042045,0.0109736,0.39951825,0.108292684,0.10845258,0.08475055,0.7264801,-0.0006796976,-0.00017474615,0.68718714,0,6,1785206997928166,1785206997928166,-0.062427368,0.046692986,0.18879355,1,0.01421808,0.013993869,0.005904694
1785206997945102565,0.0005505413,-0.00037589064,-0.305235,4.0031242e-05,3.987196e-05,0.034044445,1,-0.010532311,0.011474414,0.39924634,0.1086781,0.10883898,0.0844232,0.7273173,-0.0006788078,-0.0001776678,0.686301,0,6,1785206997936166,1785206997936166,-0.06373596,0.04844251,0.18854898,1,0.01428446,0.014055808,0.0058960123
1785206997953100152,0.0029471603,-0.0017079129,-0.31162903,4.006816e-05,3.990796e-05,0.034016065,1,-0.010661733,0.0119878,0.3990251,0.10905929,0.10922564,0.08467554,0.72817385,-0.0006696182,-0.00018007951,0.68539214,0,6,1785206997944166,1785206997944166,-0.06476861,0.0504021,0.18869041,1,0.014344342,0.014114354,0.005907526
1785206997965076969,0.0018820132,0.0028194496,-0.33000484,4.0146024e-05,3.995944e-05,0.03401675,1,-0.010974188,0.01305099,0.3987347,0.109841205,0.11000952,0.085182734,0.72995055,-0.0006718986,-0.00016995726,0.68349963,0,6,1785206997960166,1785206997960166,-0.06684577,0.054436035,0.18879822,1,0.01448033,0.01423964,0.0059305723
1785206997973125273,-0.0005150717,0.0017546553,-0.33426586,4.018479e-05,3.999315e-05,0.034017086,1,-0.011157221,0.013600428,0.39866084,0.11023559,0.11040484,0.08543758,0.7308684,-0.0006775542,-0.00016438292,0.6825181,0,6,1785206997968166,1785206997968166,-0.068060696,0.05637187,0.1886632,1,0.014549891,0.014303033,0.0059421062
1785206997985088755,-0.0031782272,0.00015642447,-0.34305432,4.022364e-05,4.002504e-05,0.03401743,1,-0.011359463,0.014161922,0.39863202,0.11063228,0.11080243,0.08569328,0.73180264,-0.0006909161,-0.00017475571,0.68151623,0,6,1785206997976175,1785206997976175,-0.06939478,0.05836103,0.18856768,1,0.014619588,0.014366456,0.005953646
1785206997993162807,-0.0015801786,-0.0009086826,-0.34971216,4.0262305e-05,4.005466e-05,0.03401777,1,-0.011580476,0.014736135,0.3986477,0.11103128,0.1112023,0.08594981,0.7327559,-0.0006929335,-0.0001840301,0.6804912,0,6,1785206997984175,1785206997984175,-0.0705577,0.060504366,0.18866491,1,0.014690443,0.014430427,0.005965192
1785206998005117252,0.0016158443,0.00095514953,-0.3656912,4.034185e-05,4.010837e-05,0.034018457,1,-0.012075176,0.015924934,0.39874122,0.11183628,0.11200894,0.085866526,0.7347235,-0.0007058961,-0.00020004254,0.67836636,0,6,1785206998000175,1785206998000175,-0.07293992,0.06480869,0.18880989,1,0.014832843,0.014559882,0.005967427
1785206998013091994,1.7756014e-05,0.0017546555,-0.37794176,4.0381405e-05,4.0131374e-05,0.0340188,1,-0.012348387,0.01654114,0.39885196,0.112242304,0.11241573,0.0861238,0.73574555,-0.0007081263,-0.00019579215,0.6772577,0,6,1785206998008175,1785206998008175,-0.07401445,0.067183204,0.18874897,1,0.014905079,0.014624967,0.0059789796
1785206998025118886,-0.0010468132,0.004149982,-0.38647544,4.0421357e-05,4.0147308e-05,0.03396281,1,-0.012645955,0.017183013,0.3990032,0.11264318,0.112822495,0.08638193,0.7367918,-0.00072383543,-0.00018949715,0.67611927,0,6,1785206998016175,1785206998016175,-0.07539824,0.06959213,0.18873562,1,0.01497085,0.014686127,0.0059905387
1785206998033131130,1.8073595e-05,-0.00091023184,-0.39260072,4.0461728e-05,4.0176612e-05,0.033963144,1,-0.0129610775,0.017839778,0.39919397,0.11305384,0.11323392,0.086640894,0.73785853,-0.00072903204,-0.00019309197,0.67495495,0,6,1785206998024175,1785206998024175,-0.07649151,0.071814194,0.18874173,1,0.015043793,0.014751603,0.0060021044
1785206998045129397,1.8633902e-05,0.00095419073,-0.40458494,4.0545136e-05,4.0238418e-05,0.033963814,1,-0.013636848,0.019196803,0.39965302,0.113882355,0.11406382,0.08655104,0.7400396,-0.0007275282,-0.00020459472,0.6725629,0,6,1785206998040175,1785206998040175,-0.07849093,0.076300085,0.18864985,1,0.015192075,0.0148841655,0.0060038567
1785206998053163152,1.8568826e-05,0.001752954,-0.41550392,4.058699e-05,4.027242e-05,0.033964142,1,-0.013996402,0.019898165,0.39991817,0.114300236,0.114482336,0.08681073,0.74115926,-0.00073440414,-0.0002054435,0.67132884,0,6,1785206998048175,1785206998048175,-0.07935155,0.078672364,0.18845095,1,0.015266872,0.014950816,0.006015429
1785206998065167471,0.0024151513,0.002285774,-0.42162913,4.0629267e-05,4.030406e-05,0.03396447,1,-0.014370904,0.020615902,0.4002196,0.11472056,0.11490324,0.08707127,0.7422957,-0.0007360797,-0.00019369878,0.6700721,0,6,1785206998056175,1785206998056175,-0.080607235,0.08120148,0.18858089,1,0.015341508,0.015017947,0.006027007
1785206998073100003,-0.0021122638,0.00015550759,-0.42668915,4.0673127e-05,4.0337116e-05,0.033964798,1,-0.014761634,0.021350997,0.40055865,0.11514334,0.115326546,0.08733266,0.7434465,-0.000743024,-0.00019748873,0.66879493,0,6,1785206998064175,1785206998064175,-0.08160067,0.08370599,0.18883927,1,0.015416847,0.015085207,0.0060385913
1785206998085120873,0.0026815431,-0.0014428892,-0.44666284,4.0761643e-05,4.0384737e-05,0.033965476,1,-0.015584428,0.02287207,0.40134153,0.115996286,0.11618043,0.087858,0.745812,-0.0007367967,-0.00020646211,0.6661561,0,6,1785206998080175,1785206998080175,-0.08369618,0.08861851,0.18866207,1,0.015570879,0.015220437,0.0060617803
1785206998093126354,0.0018823443,-0.0011760062,-0.45624855,4.080193e-05,4.0411593e-05,0.033858296,1,-0.01601697,0.023655765,0.40178266,0.11641801,0.11660824,0.08812196,0.747028,-0.0007282162,-0.00020574372,0.66479224,0,6,1785206998088175,1785206998088175,-0.084940836,0.09100799,0.18883881,1,0.015642077,0.0152849825,0.006073385
1785206998105140913,0.00055120623,0.00308493,-0.4653033,4.084592e-05,4.0433588e-05,0.03385864,1,-0.016465275,0.024455756,0.40221244,0.11685062,0.11704124,0.087759204,0.7482665,-0.0007321762,-0.00020125737,0.6633978,0,6,1785206998096175,1785206998096175,-0.0861509,0.09336387,0.18892376,1,0.015720736,0.015353276,0.0060629128
1785206998113144490,-0.0002484849,0.00015553646,-0.47302648,4.0888863e-05,4.0455754e-05,0.03385898,1,-0.016928716,0.025272088,0.4026764,0.11728575,0.1174767,0.088023,0.7495203,-0.0007362659,-0.0001997607,0.6619809,0,6,1785206998104175,1785206998104175,-0.0872356,0.095794715,0.18917902,1,0.015800515,0.015422009,0.0060745175
1785206998125118341,-0.0005145116,0.00095431507,-0.4892717,4.0973515e-05,4.0504645e-05,0.03385965,1,-0.017899537,0.026957655,0.4037027,0.11816364,0.11835509,0.08855315,0.7520889,-0.00074785115,-0.00020629555,0.6590613,0,6,1785206998120175,1785206998120175,-0.08938116,0.1010857,0.1893134,1,0.015961034,0.015560973,0.006097745
1785206998133163458,1.808058e-05,-0.0003773109,-0.50072336,4.1017036e-05,4.0538973e-05,0.033859987,1,-0.018405732,0.027829083,0.40426204,0.11860643,0.11879803,0.088819526,0.75340575,-0.00074941985,-0.00020981565,0.65755546,0,6,1785206998128175,1785206998128175,-0.09039401,0.10371787,0.18941262,1,0.016042335,0.015631637,0.0061093695
1785206998145086621,0.0021484247,-0.0022415658,-0.5049844,4.1061772e-05,4.0567804e-05,0.033860322,1,-0.01892669,0.028719833,0.40485135,0.119051814,0.119243495,0.08908676,0.7547353,-0.00074140687,-0.00021207266,0.65602905,0,6,1785206998136175,1785206998136175,-0.09171821,0.106495574,0.18946537,1,0.016125029,0.015701998,0.0061210007
1785206998153145114,0.00028453715,-0.00250752,-0.51750124,4.1106152e-05,4.06031e-05,0.03386065,1,-0.019463746,0.029631143,0.4054691,0.119499795,0.11969149,0.089354865,0.7560891,-0.00073259615,-0.00022002592,0.65446824,0,6,1785206998144175,1785206998144175,-0.09297693,0.10947471,0.1894001,1,0.016207812,0.015772674,0.006132638
1785206998165204849,0.0008175903,0.0006891354,-0.532143,4.11945e-05,4.064788e-05,0.033684593,1,-0.020587312,0.0315039,0.4067425,0.120394364,0.120591864,0.08924461,0.7588632,-0.00072380033,-0.00021974683,0.65124965,0,6,1785206998160175,1785206998160175,-0.095270164,0.11488661,0.18972078,1,0.016373951,0.015910085,0.0061330097
1785206998173162598,0.0010830617,-0.0030397186,-0.5462577,4.1237075e-05,4.067563e-05,0.033684924,1,-0.021169608,0.032469727,0.40739805,0.12085014,0.121047474,0.08951336,0.7602841,-0.00071836147,-0.00022438222,0.6495903,0,6,1785206998168175,1785206998168175,-0.09625786,0.117722906,0.1896801,1,0.016461127,0.015982538,0.0061446554
1785206998185154373,-0.0026446637,-0.0014412333,-0.5505188,4.1282066e-05,4.0702642e-05,0.03368525,1,-0.02176543,0.033456933,0.40808085,0.12130858,0.12150568,0.08978299,0.76172566,-0.00071829493,-0.00023574053,0.6478993,0,6,1785206998176175,1785206998176175,-0.09742073,0.12067743,0.18988936,1,0.01654763,0.01605436,0.0061563053
1785206998193126050,-0.002378466,-0.0035724603,-0.56250304,4.1328865e-05,4.072791e-05,0.033685584,1,-0.022374999,0.03446519,0.40879223,0.12176971,0.12196648,0.090053484,0.7631814,-0.00071854226,-0.00025650297,0.64618385,0,6,1785206998184175,1785206998184175,-0.09849065,0.12356233,0.19011904,1,0.016634533,0.016126132,0.0061679613
1785206998205142632,-0.0023787399,-0.0025068875,-0.58194417,4.1419502e-05,4.077904e-05,0.033686254,1,-0.023628086,0.036546085,0.41029403,0.12270009,0.12289593,0.09059709,0.7661676,-0.0007270848,-0.00027427127,0.6426403,0,6,1785206998200175,1785206998200175,-0.09990309,0.12926663,0.19030418,1,0.016812796,0.01627054,0.0061912932
1785206998213174884,-0.0018457448,-0.0014417791,-0.58993363,4.1463838e-05,4.079793e-05,0.033686597,1,-0.024270644,0.03761745,0.41108233,0.12316937,0.12336462,0.09087021,0.76768667,-0.0007291183,-0.00028690475,0.640825,0,6,1785206998208175,1785206998208175,-0.100783,0.1320916,0.19027779,1,0.01690427,0.016344149,0.0062029725
1785206998225157842,-0.000780637,-0.0022405675,-0.59765667,4.150963e-05,4.082523e-05,0.033686932,1,-0.024922678,0.03870847,0.41184554,0.12364141,0.12383596,0.09047703,0.7692206,-0.0007255683,-0.00029699435,0.638983,0,6,1785206998216175,1785206998216175,-0.10118429,0.13462608,0.1901861,1,0.016996196,0.016417034,0.0061910213
1785206998233150178,-0.006373133,-0.0011749095,-0.607245,4.1553954e-05,4.084964e-05,0.033386786,1,-0.025582932,0.03981948,0.4126319,0.12410673,0.1243062,0.09074989,0.7707737,-0.00073786004,-0.00031542924,0.6371085,0,6,1785206998224175,1785206998224175,-0.10155105,0.13730633,0.18997508,1,0.017086025,0.016483963,0.006202697
1785206998245133737,-0.010367827,0.0012215665,-0.62242496,4.1649433e-05,4.088755e-05,0.03338747,1,-0.02692457,0.04210116,0.4142673,0.12506458,0.12526213,0.09129825,0.77393794,-0.00079351617,-0.0003629031,0.63326085,0,6,1785206998240175,1785206998240175,-0.102286525,0.14280246,0.18936221,1,0.017272178,0.016633457,0.0062260698
1785206998253252886,-0.012232419,-0.0035719671,-0.6296155,4.169544e-05,4.090968e-05,0.033387806,1,-0.027606117,0.043273605,0.41511604,0.12554774,0.12574415,0.09157375,0.77553356,-0.00082133745,-0.0004025199,0.6313058,0,6,1785206998248175,1785206998248175,-0.10269272,0.1457541,0.18907,1,0.017365998,0.016708577,0.006237766
1785206998265156973,-0.013829593,0.00068875914,-0.63920295,4.1741998e-05,4.0932948e-05,0.03338815,1,-0.028294371,0.04446735,0.4159838,0.12603374,0.12622888,0.09185014,0.77714986,-0.00086290395,-0.00044033592,0.629315,0,6,1785206998256175,1785206998256175,-0.10300619,0.14848663,0.18866783,1,0.017461052,0.016783401,0.0062494683
1785206998273171892,-0.016759923,-0.0014415467,-0.64799124,4.1789597e-05,4.0959447e-05,0.033388484,1,-0.028989062,0.0456808,0.41686973,0.1265226,0.12671636,0.092127405,0.7787817,-0.00091153453,-0.00048460087,0.6272941,0,6,1785206998264175,1785206998264175,-0.103317775,0.1511253,0.18823189,1,0.0175573,0.016858788,0.0062611783
1785206998285178155,-0.025549997,0.000694484,-0.6650378,3.99e-05,3.9250044e-05,0.033135954,1,-0.030367557,0.04799352,0.41708612,0.10600659,0.106158935,0.08303516,0.7820984,-0.0010375772,-0.00059228356,0.62315387,0,6,1785206998280175,1785206998280175,-0.10316742,0.15694654,0.18674293,1,0.01423039,0.013701477,0.0058129104
1785206998293173436,-0.02768047,0.00069367606,-0.67142946,3.99462e-05,3.9268132e-05,0.033136297,1,-0.031048305,0.049097642,0.41645554,0.106378175,0.10653171,0.083282314,0.783775,-0.0011258156,-0.0006600779,0.6210436,0,6,1785206998288175,1785206998288175,-0.102861665,0.15974553,0.18566348,1,0.014315275,0.013766495,0.005824351
1785206998305181552,-0.03140934,-0.0014371313,-0.6815528,3.9986382e-05,3.9288196e-05,0.032658633,1,-0.031725146,0.050229184,0.41587806,0.1067457,0.10690511,0.083530284,0.7854663,-0.0012183012,-0.0007421687,0.6189027,0,6,1785206998296175,1785206998296175,-0.10249196,0.16240886,0.18474263,1,0.014400941,0.013826233,0.0058358004
1785206998313160984,-0.032207936,-0.00010569021,-0.68767804,4.0032875e-05,3.9307488e-05,0.032658976,1,-0.032403823,0.051383723,0.41535276,0.10712173,0.10728219,0.08377909,0.7871627,-0.0013158047,-0.00082557224,0.61674345,0,6,1785206998304175,1785206998304175,-0.1023179,0.16486405,0.18383092,1,0.014487387,0.0138911605,0.005847254
1785206998325172516,-0.04232819,0.0009595533,-0.70365703,4.0126575e-05,3.9344755e-05,0.032659654,1,-0.03376622,0.053761136,0.41444907,0.10788059,0.10804293,0.084279165,0.7905919,-0.0015761122,-0.0010254304,0.61234057,0,6,1785206998320175,1785206998320175,-0.10160208,0.17002639,0.18169962,1,0.014662221,0.014021234,0.0058701783
1785206998333180943,-0.047920514,0.0022914365,-0.7100486,4.0174382e-05,3.9369417e-05,0.03265998,1,-0.034449164,0.05498502,0.4140685,0.10826346,0.108426616,0.08453044,0.7923217,-0.0017264532,-0.0011387552,0.61010015,0,6,1785206998328175,1785206998328175,-0.10139827,0.17272146,0.18088983,1,0.014752696,0.014087069,0.0058816536
1785206998345158841,-0.050584182,0.0012257476,-0.71803814,4.0223425e-05,3.939785e-05,0.03266031,1,-0.03513282,0.056231,0.41369945,0.10864864,0.10881252,0.084204964,0.7940654,-0.0018881108,-0.0012608969,0.60782814,0,6,1785206998336175,1785206998336175,-0.10087754,0.17500424,0.18005435,1,0.014843393,0.014152842,0.005873113
1785206998353177257,-0.053247213,0.0017585754,-0.7284245,4.027043e-05,3.942249e-05,0.032660652,1,-0.035816535,0.057497866,0.41337508,0.10903615,0.109200664,0.08445618,0.79582334,-0.0020570986,-0.0013874088,0.6055239,0,6,1785206998344175,1785206998344175,-0.10053895,0.17740971,0.17889015,1,0.014935731,0.014217604,0.0058845864
1785206998365174112,-0.06469796,0.0033566041,-0.7414739,4.036789e-05,3.9474246e-05,0.032661308,1,-0.03718156,0.060101394,0.41285232,0.10981823,0.10998373,0.08496111,0.7993667,-0.0024343985,-0.001685223,0.6008363,0,6,1785206998360175,1785206998360175,-0.099194944,0.182924,0.17697291,1,0.015119946,0.0143485265,0.005907551
1785206998373188971,-0.06416634,0.0006932481,-0.7481313,4.04154e-05,3.9489103e-05,0.03194713,1,-0.03786246,0.061438147,0.4126526,0.11020671,0.110376835,0.08521482,0.8011547,-0.0026389777,-0.0018403457,0.5984488,0,6,1785206998368175,1785206998368175,-0.09835854,0.18541978,0.17583162,1,0.015206839,0.014405315,0.0059190374
1785206998385156970,-0.06922575,0.0022913786,-0.75532186,4.0464463e-05,3.952144e-05,0.031947456,1,-0.03854035,0.06279595,0.4124907,0.11060373,0.110774025,0.08546937,0.8029555,-0.0028589156,-0.0020050644,0.59602886,0,6,1785206998376175,1785206998376175,-0.09769235,0.18775482,0.17482498,1,0.015299884,0.014469802,0.005930532
1785206998393149506,-0.07295398,0.002025254,-0.7657084,4.0513343e-05,3.9560524e-05,0.031947777,1,-0.039216325,0.064174704,0.41233706,0.11100317,0.11117351,0.0851343,0.80477273,-0.003087833,-0.0021799426,0.59357107,0,6,1785206998384175,1785206998384175,-0.09708329,0.1901867,0.17407638,1,0.015393982,0.014534686,0.005921489
1785206998405216225,-0.085205115,0.0025574928,-0.77689344,4.0612063e-05,3.9653634e-05,0.031948388,1,-0.0405616,0.06699504,0.41214684,0.11180938,0.11197945,0.08564405,0.8084246,-0.0036219684,-0.0025597415,0.5885831,0,6,1785206998400175,1785206998400175,-0.09557881,0.19485824,0.17233436,1,0.015588405,0.014665282,0.0059444904
1785206998413177341,-0.085737,0.004155414,-0.78435045,4.066134e-05,3.9708644e-05,0.031948686,1,-0.041227948,0.06843495,0.41210416,0.11221619,0.11238592,0.08590018,0.81026375,-0.003898772,-0.0027609768,0.586046,0,6,1785206998408175,1785206998408175,-0.09458921,0.19698603,0.17136563,1,0.01568547,0.014730782,0.0059559983
1785206998425150180,-0.09452571,0.008151267,-0.7875463,4.0710966e-05,3.9770595e-05,0.031948984,1,-0.041889623,0.069894366,0.41209507,0.112625495,0.11279475,0.08615716,0.812102,-0.004207694,-0.0029631476,0.5834928,0,6,1785206998416175,1785206998416175,-0.093688175,0.19933517,0.17029932,1,0.015782354,0.014796575,0.005967512
1785206998433156141,-0.09772171,0.006285811,-0.79473674,4.0761443e-05,3.983693e-05,0.031949267,1,-0.042546563,0.07137468,0.41211802,0.11303731,0.11320594,0.08641497,0.81394917,-0.0045312173,-0.0031832359,0.5809097,0,6,1785206998424175,1785206998424175,-0.092698626,0.2017869,0.1693238,1,0.01588358,0.01486167,0.0059790337
1785206998445202781,-0.10491193,0.007084753,-0.8069896,4.085848e-05,4.000128e-05,0.030967163,1,-0.04384523,0.074403495,0.41220266,0.11386327,0.11403326,0.08632597,0.8176628,-0.0052168476,-0.003635044,0.5756623,0,6,1785206998440175,1785206998440175,-0.09038196,0.20653233,0.16716735,1,0.01607811,0.014981048,0.005980884
1785206998453209304,-0.110770896,0.010015058,-0.8117833,4.0910032e-05,4.010886e-05,0.030967394,1,-0.04448554,0.075946726,0.41226164,0.114282794,0.11445157,0.08658451,0.81952846,-0.005584741,-0.0038694942,0.57299817,0,6,1785206998448175,1785206998448175,-0.08933613,0.20857343,0.16586922,1,0.016179485,0.015045374,0.005992408
1785206998465200639,-0.11796144,0.010014826,-0.8221696,4.0961448e-05,4.022342e-05,0.030967616,1,-0.04511807,0.07750749,0.41234922,0.11470492,0.1148723,0.08684389,0.82140386,-0.0059764218,-0.004120887,0.57030094,0,6,1785206998456175,1785206998456175,-0.08784894,0.21053742,0.16488703,1,0.016279206,0.015110765,0.006003937
1785206998473168417,-0.12408714,0.00788387,-0.8264307,4.1011353e-05,4.0366966e-05,0.030967817,1,-0.045741227,0.07908601,0.41246578,0.11512965,0.115295455,0.08710412,0.8232841,-0.006388488,-0.0043931818,0.5675766,0,6,1785206998464175,1785206998464175,-0.08644301,0.21267872,0.16391066,1,0.016381633,0.015176114,0.006015474
1785206998485207192,-0.13287525,0.011346822,-0.83841485,4.111235e-05,4.0704967e-05,0.030968176,1,-0.046967633,0.08230376,0.41278148,0.11598703,0.11614911,0.08762713,0.8270606,-0.0072442912,-0.0049409186,0.5620443,0,6,1785206998480175,1785206998480175,-0.08434918,0.21747467,0.16184609,1,0.016589297,0.015307363,0.006038567
1785206998493177055,-0.13447267,0.011079084,-0.8466707,4.116311e-05,4.090762e-05,0.03096832,1,-0.047570076,0.08394216,0.41297767,0.11641972,0.11657963,0.08788991,0.82895464,-0.007696552,-0.005233135,0.5592384,0,6,1785206998488175,1785206998488175,-0.08293206,0.21961471,0.16068535,1,0.016689997,0.015372549,0.006050117
1785206998505172667,-0.14086461,0.0140099265,-0.85306233,4.1214083e-05,4.112814e-05,0.03096844,1,-0.04816314,0.0856,0.41319713,0.116855085,0.11701263,0.08815354,0.830857,-0.008170706,-0.0055231485,0.5563985,0,6,1785206998496175,1785206998496175,-0.081509516,0.22193271,0.15938601,1,0.016793225,0.015439017,0.0060616764
1785206998513148261,-0.14645688,0.016938549,-0.8586542,4.1265885e-05,4.1309286e-05,0.029632036,1,-0.048747446,0.08727633,0.41335955,0.117289126,0.11744547,0.087790035,0.8327593,-0.008673414,-0.005821007,0.5535367,0,6,1785206998504175,1785206998504175,-0.07988956,0.22413327,0.15807284,1,0.01687678,0.0154938,0.0060512167
1785206998525224678,-0.15098415,0.014542051,-0.86877424,4.137101e-05,4.188638e-05,0.029632118,1,-0.04988501,0.0906849,0.41375965,0.11817362,0.118323825,0.08831782,0.83656764,-0.009687865,-0.006442799,0.54774004,0,6,1785206998520175,1785206998520175,-0.076816194,0.22837159,0.15629555,1,0.01709104,0.015624941,0.006074342
1785206998533204670,-0.1568425,0.02040074,-0.878628,4.142411e-05,4.2218842e-05,0.029632116,1,-0.05043833,0.09241647,0.41399655,0.11862002,0.118766785,0.088583,0.8384801,-0.010228404,-0.0067558056,0.54479444,0,6,1785206998528175,1785206998528175,-0.07528358,0.23050222,0.15524235,1,0.017195579,0.015691483,0.0060859113
1785206998545174062,-0.16163787,0.018270921,-0.8820898,4.147873e-05,4.2584652e-05,0.029632093,1,-0.050980326,0.094166815,0.41425648,0.119069204,0.11921229,0.08884904,0.840394,-0.010783795,-0.007075005,0.5418225,0,6,1785206998536175,1785206998536175,-0.073495574,0.23269935,0.15429983,1,0.017301898,0.015758367,0.006097489
1785206998553217556,-0.16776271,0.01720501,-0.8868837,4.1529824e-05,4.300501e-05,0.02963201,1,-0.051510137,0.09593611,0.414539,0.11952119,0.11966035,0.08911594,0.8423035,-0.01135816,-0.0074155424,0.5388329,0,6,1785206998544175,1785206998544175,-0.07174618,0.23487073,0.15329899,1,0.017407818,0.015825426,0.0061090714
1785206998565160468,-0.17575173,0.026259499,-0.90073216,4.1638505e-05,4.3989523e-05,0.029631702,1,-0.052534994,0.09952749,0.4151674,0.12043365,0.12056416,0.08965233,0.84613115,-0.012570616,-0.008083673,0.53276515,0,6,1785206998560175,1785206998560175,-0.06837805,0.23895107,0.15138562,1,0.017619306,0.015959242,0.006132248
1785206998573222407,-0.18374178,0.023331221,-0.9031289,4.168834e-05,4.456446e-05,0.02963146,1,-0.053029627,0.10134971,0.41545528,0.120894164,0.12101995,0.089272365,0.8480437,-0.01320686,-0.008435028,0.5296946,0,6,1785206998568175,1785206998568175,-0.06661974,0.24087061,0.15035506,1,0.017727908,0.016026847,0.0061209816
1785206998585253066,-0.18667093,0.026524806,-0.9143158,4.1736563e-05,4.4940447e-05,0.027938746,1,-0.053509478,0.10318894,0.41576326,0.121354654,0.121475056,0.08954077,0.8499623,-0.013865456,-0.008790353,0.5265877,0,6,1785206998576175,1785206998576175,-0.06472325,0.24272543,0.14932795,1,0.017790807,0.016083406,0.0061325757
1785206998593216567,-0.18880172,0.02652638,-0.91644627,4.1786665e-05,4.5601086e-05,0.02793841,1,-0.05397581,0.10504466,0.41609254,0.12182099,0.12193598,0.08981004,0.85186994,-0.014525744,-0.009144529,0.5234721,0,6,1785206998584175,1785206998584175,-0.06272927,0.24465565,0.14859803,1,0.017901765,0.01615088,0.0061441753
1785206998605273787,-0.19838957,0.029189406,-0.9310934,4.1891108e-05,4.711659e-05,0.027937546,1,-0.054867167,0.10880288,0.41681215,0.12276247,0.12286573,0.0903512,0.85568225,-0.015918268,-0.009868554,0.51716244,0,6,1785206998600175,1785206998600175,-0.058983948,0.24820885,0.14682613,1,0.018116135,0.016288593,0.006167385
1785206998613262666,-0.20850873,0.031053351,-0.93482214,4.194303e-05,4.800655e-05,0.027936995,1,-0.055293225,0.11070624,0.41720074,0.12323764,0.12333458,0.09062308,0.8575891,-0.016654348,-0.010252411,0.51396364,0,6,1785206998608175,1785206998608175,-0.057038665,0.25018552,0.14599934,1,0.018221814,0.016356688,0.0061789933
1785206998625256986,-0.20797582,0.035846356,-0.9390833,4.199791e-05,4.9001672e-05,0.027936315,1,-0.055705868,0.11262547,0.41760704,0.12371579,0.123806104,0.09089584,0.8594918,-0.017400831,-0.010622449,0.5107429,0,6,1785206998616175,1785206998616175,-0.055194058,0.2519573,0.14499158,1,0.01833064,0.016425474,0.006190612
1785206998633272907,-0.21516776,0.033983365,-0.9420124,4.2052678e-05,5.004625e-05,0.027935589,1,-0.05610485,0.114560746,0.41798756,0.12419694,0.12428031,0.090501934,0.86138576,-0.018164909,-0.011001922,0.5075073,0,6,1785206998624175,1785206998624175,-0.053166077,0.25385335,0.14414354,1,0.018444626,0.016495869,0.0061786734
1785206998645254893,-0.22262374,0.039308913,-0.9529316,4.2162777e-05,5.2472315e-05,0.02793381,1,-0.05685546,0.11847758,0.4188005,0.12516835,0.12523682,0.091047816,0.86517215,-0.019754533,-0.011768773,0.5009477,0,6,1785206998640175,1785206998640175,-0.04876072,0.2573153,0.14221416,1,0.018669078,0.016636545,0.0062019196
1785206998653299349,-0.23034652,0.04303823,-0.96145225,4.221444e-05,5.292935e-05,0.025930015,1,-0.057209533,0.12045504,0.41923234,0.1256555,0.12571515,0.091322064,0.8670635,-0.020582989,-0.012155196,0.49762386,0,6,1785206998648175,1785206998648175,-0.046789583,0.25884286,0.14140984,1,0.018705294,0.016697856,0.0062135532
1785206998665286795,-0.23194493,0.044101994,-0.9683764,4.226551e-05,5.433199e-05,0.025928918,1,-0.05754873,0.122445956,0.41968086,0.12614879,0.12620012,0.09159719,0.86895156,-0.021429034,-0.01254337,0.49427408,0,6,1785206998656175,1785206998656175,-0.04466698,0.2604309,0.14063329,1,0.018817391,0.016769059,0.00622519
1785206998673285804,-0.23833652,0.044370063,-0.96811,4.2320436e-05,5.5818422e-05,0.025927741,1,-0.057871945,0.12445047,0.42014566,0.12664519,0.12668787,0.0918732,0.87082756,-0.022289079,-0.012938426,0.49091274,0,6,1785206998664175,1785206998664175,-0.042379748,0.26195323,0.13986896,1,0.018928811,0.016840687,0.006236833
1785206998685286065,-0.24845384,0.04783289,-0.9835563,4.025074e-05,5.7436897e-05,0.02544091,1,-0.058631785,0.12847838,0.4196806,0.105974525,0.10612691,0.083392106,0.8745721,-0.024077896,-0.0137427,0.48410225,0,6,1785206998680175,1785206998680175,-0.037753902,0.2646726,0.13793188,1,0.015188071,0.013683081,0.005811455
1785206998693269945,-0.25031668,0.052359115,-0.9824913,4.0300212e-05,5.928345e-05,0.025439383,1,-0.059064545,0.13050228,0.4187325,0.106347464,0.10649999,0.083077714,0.87642694,-0.02499906,-0.014143286,0.48067763,0,6,1785206998688175,1785206998688175,-0.035454072,0.26630107,0.1366064,1,0.015282652,0.0137440935,0.0058035017
1785206998705302938,-0.2551104,0.056355033,-0.98994833,4.0353054e-05,6.129566e-05,0.02543767,1,-0.059475373,0.13253991,0.41783333,0.10672279,0.10687525,0.08332464,0.87827903,-0.025936453,-0.014535409,0.47722325,0,6,1785206998696175,1785206998696175,-0.0328638,0.2678047,0.13527124,1,0.015377631,0.013805701,0.005814884
1785206998713320442,-0.2585741,0.05715304,-0.99314356,4.040373e-05,6.3439686e-05,0.025435831,1,-0.05986367,0.13459079,0.41698188,0.1071005,0.1072527,0.08357239,0.8801236,-0.026897049,-0.014926196,0.473747,0,6,1785206998704175,1785206998704175,-0.030472247,0.26922277,0.13404897,1,0.015470712,0.013867957,0.0058262693
1785206998725303711,-0.2684277,0.062480222,-1.0131195,4.0506497e-05,6.5875836e-05,0.023326833,1,-0.060564257,0.13873796,0.4154132,0.107860185,0.10801283,0.08407034,0.8838357,-0.02886392,-0.015715882,0.46664158,0,6,1785206998720175,1785206998720175,-0.025779618,0.27237034,0.13104555,1,0.015583825,0.013989402,0.005849061
1785206998733308391,-0.27721635,0.065409936,-1.0200435,4.0556177e-05,6.8326386e-05,0.023324678,1,-0.060883358,0.14083163,0.4146894,0.10824535,0.108396895,0.08432055,0.88569814,-0.029894358,-0.016114537,0.46301794,0,6,1785206998728175,1785206998728175,-0.023512913,0.2736483,0.1291866,1,0.015676096,0.01405316,0.005860463
1785206998745274316,-0.28733557,0.067540474,-1.031229,4.0607058e-05,7.088072e-05,0.02332242,1,-0.061182234,0.1429346,0.41400278,0.108632974,0.1087832,0.08457159,0.8875623,-0.030960212,-0.016529083,0.45934898,0,6,1785206998736175,1785206998736175,-0.021092173,0.27438876,0.12740193,1,0.015769638,0.014117163,0.0058718715
1785206998753304995,-0.29718995,0.06860583,-1.0434793,4.0655905e-05,7.365563e-05,0.023319948,1,-0.061458163,0.1450435,0.41329265,0.10902308,0.109171756,0.084245324,0.8894318,-0.032063108,-0.016955165,0.45562685,0,6,1785206998744175,1785206998744175,-0.018397702,0.2749592,0.12524147,1,0.015861416,0.014181838,0.005863301
1785206998765308954,-0.3203581,0.081655815,-1.083161,4.0758747e-05,7.973831e-05,0.023314454,1,-0.061935194,0.14927708,0.41196135,0.10981079,0.10995569,0.0847481,0.89320797,-0.034394525,-0.01782301,0.44797218,0,6,1785206998760175,1785206998760175,-0.012488115,0.27556387,0.11956102,1,0.016051281,0.014312885,0.0058861272
1785206998773358789,-0.33953464,0.08138985,-1.1111236,4.080728e-05,8.305257e-05,0.023311442,1,-0.062135838,0.15139508,0.41133016,0.110208444,0.110351086,0.08500072,0.8951346,-0.03565681,-0.018282587,0.44399145,0,6,1785206998768175,1785206998768175,-0.009625038,0.27505264,0.11604343,1,0.016145667,0.014379322,0.0058975476
1785206998785305137,-0.35311496,0.08911172,-1.1377556,4.0857514e-05,8.6576794e-05,0.02330821,1,-0.06231092,0.15350777,0.41071522,0.11060864,0.11074878,0.085254185,0.8970881,-0.036981296,-0.018753532,0.43990198,0,6,1785206998776175,1785206998776175,-0.0065171467,0.27408248,0.11206832,1,0.016242104,0.014446127,0.0059089754
1785206998793259250,-0.37415555,0.09230886,-1.1699781,4.090562e-05,8.5499196e-05,0.021027982,1,-0.06245888,0.15561226,0.4101125,0.111009516,0.111147255,0.08550848,0.8990729,-0.038378898,-0.0192435,0.4356889,0,6,1785206998784175,1785206998784175,-0.0033027641,0.27314556,0.107761435,1,0.016234364,0.014511548,0.005920406
1785206998805326149,-0.41410345,0.101629004,-1.2583952,4.1003685e-05,9.286712e-05,0.02102119,1,-0.06266687,0.15978858,0.40881708,0.11182285,0.11195423,0.08542682,0.9031648,-0.041397434,-0.020295946,0.4268111,0,6,1785206998800175,1785206998800175,0.004123037,0.268981,0.09727786,1,0.016420007,0.014648393,0.0059227687
1785206998813315188,-0.43833852,0.099498436,-1.3073972,4.105201e-05,9.6874355e-05,0.021017475,1,-0.062719665,0.16184705,0.40816292,0.112233415,0.11236124,0.085681856,0.90528774,-0.04302511,-0.020888131,0.42209798,0,6,1785206998808175,1785206998808175,0.008805375,0.26591787,0.09020421,1,0.016513517,0.014717631,0.0059342035
1785206998825313606,-0.45139104,0.09044156,-1.3598604,4.110243e-05,0.000101093574,0.021013541,1,-0.06273067,0.16387954,0.4074888,0.11264661,0.11277062,0.08593773,0.9074675,-0.044692893,-0.02153531,0.4171828,0,6,1785206998816175,1785206998816175,0.014168382,0.26210964,0.08198732,1,0.016606856,0.014787502,0.0059456425
1785206998833313616,-0.46497485,0.06966755,-1.4208463,4.115305e-05,0.000105579675,0.021009343,1,-0.06269445,0.16587694,0.40678504,0.11306244,0.11318239,0.08619444,0.9097095,-0.04637316,-0.02228464,0.41204548,0,6,1785206998824175,1785206998824175,0.020293266,0.25686818,0.07266922,1,0.016699383,0.01485798,0.0059570856
1785206998845321342,-0.4748319,0.014271026,-1.556134,4.1253876e-05,0.00011524716,0.021000246,1,-0.062452562,0.1697313,0.40525627,0.1139021,0.11401312,0.08671037,0.9144141,-0.049660396,-0.02411872,0.40099746,0,6,1785206998840175,1785206998840175,0.035051014,0.24411389,0.05217813,1,0.01688882,0.015001236,0.005979995
1785206998853343735,-0.4673722,-0.011830337,-1.6227143,4.1303378e-05,0.00011199871,0.018764647,1,-0.062237084,0.17158218,0.4044235,0.11432363,0.11443061,0.0869696,0.9168674,-0.051212452,-0.02521182,0.3950896,0,6,1785206998848175,1785206998848175,0.042789903,0.23730327,0.04165012,1,0.01686459,0.015073394,0.005991458
1785206998865330741,-0.44500026,-0.030476231,-1.6847662,4.134867e-05,0.000116866504,0.018760052,1,-0.061958663,0.17337795,0.40349594,0.114750065,0.114852026,0.086618386,0.91939235,-0.052657086,-0.026361443,0.38890895,0,6,1785206998856175,1785206998856175,0.050418142,0.23005879,0.03139571,1,0.016958565,0.015146792,0.0059816255
1785206998873314581,-0.41863075,-0.037933294,-1.7364326,4.1397172e-05,0.000121947014,0.018755252,1,-0.06161812,0.17511614,0.40252504,0.11517922,0.115275905,0.08687748,0.92195815,-0.053980637,-0.02752157,0.38252023,0,6,1785206998864175,1785206998864175,0.058044124,0.22275351,0.021559115,1,0.017054463,0.015221002,0.0059930906
1785206998885372161,-0.338202,-0.04779617,-1.8275129,4.148971e-05,0.00013297748,0.018744783,1,-0.06074946,0.17842378,0.4004631,0.11604575,0.11613108,0.0873982,0.9271787,-0.056208402,-0.029780338,0.3691795,0,6,1785206998880175,1785206998880175,0.07321352,0.20855808,0.003616836,1,0.017246936,0.015371568,0.006016039
1785206998893339800,-0.27694646,-0.03953966,-1.8642646,4.1538453e-05,0.00013905027,0.018738983,1,-0.060223177,0.17999311,0.399382,0.116483174,0.11656241,0.087659836,0.9298248,-0.057005562,-0.030783918,0.36225465,0,6,1785206998888175,1785206998888175,0.08078581,0.20133781,-0.0042476244,1,0.017336074,0.015448062,0.0060275076
1785206998905341925,-0.22235245,-0.030483685,-1.900484,4.158887e-05,0.0001455263,0.018732784,1,-0.059634972,0.18150555,0.39827424,0.11692336,0.116996266,0.08792232,0.9324833,-0.05760217,-0.031677056,0.35518086,0,6,1785206998896175,1785206998896175,0.088261284,0.19401357,-0.011290941,1,0.017424187,0.015525896,0.0060389778
1785206998913326776,-0.16402914,-0.02249451,-1.9260501,4.1641924e-05,0.00015240599,0.018726172,1,-0.05898695,0.18296044,0.39714456,0.117366344,0.117432654,0.08818565,0.93514293,-0.05798777,-0.0324639,0.34798172,0,6,1785206998904175,1785206998904175,0.09555023,0.18679927,-0.017719142,1,0.017513322,0.015605243,0.006050453
1785206998925334863,-0.043385014,0.0057334434,-1.9689274,4.1734147e-05,0.0001531638,0.016524434,1,-0.05751329,0.18570021,0.3947832,0.11825562,0.11831177,0.08808454,0.94043404,-0.05812018,-0.03365767,0.33327618,0,6,1785206998920175,1785206998920175,0.110224634,0.17235585,-0.027552392,1,0.017540963,0.015766088,0.0060514
1785206998933348609,0.023459282,0.021977717,-1.9763845,4.178311e-05,0.00016086364,0.016516997,1,-0.056688614,0.18698645,0.3935953,0.1187067,0.118755884,0.088348545,0.9430422,-0.057850808,-0.034036584,0.3258316,0,6,1785206998928175,1785206998928175,0.11749665,0.16560946,-0.03138613,1,0.01761617,0.015848957,0.0060628504
1785206998945303103,0.08098268,0.032367412,-1.9846402,4.1833242e-05,0.00016924401,0.016508875,1,-0.055804353,0.18821877,0.39240882,0.11916059,0.11920261,0.08861341,0.94561654,-0.057364687,-0.034295127,0.3183434,0,6,1785206998936175,1785206998936175,0.12481639,0.15859334,-0.03466242,1,0.01769271,0.015933136,0.0060743075
1785206998953316489,0.13184965,0.045152903,-1.9920968,4.188868e-05,0.00017834772,0.016500028,1,-0.0548613,0.18939564,0.39122656,0.11961731,0.11965196,0.08887913,0.94815683,-0.056689978,-0.034439653,0.31080368,0,6,1785206998944175,1785206998944175,0.13192038,0.15156399,-0.03763349,1,0.01776391,0.016019205,0.006085757
1785206998965346487,0.18404917,0.06166256,-1.9902328,4.194801e-05,0.00018827718,0.016490351,1,-0.053860214,0.1905178,0.39004976,0.120076865,0.12010397,0.08914571,0.95064837,-0.05583846,-0.034460504,0.30325302,0,6,1785206998952175,1785206998952175,0.13911246,0.14470732,-0.04029899,1,0.017825691,0.016107699,0.00609719
1785206998973304958,0.22452791,0.07551694,-1.9873033,4.202631e-05,0.00019914443,0.016479718,1,-0.052800257,0.19158617,0.38888168,0.12053924,0.120558664,0.08941315,0.95308995,-0.054829992,-0.034367375,0.2956892,0,6,1785206998960175,1785206998960175,0.14633863,0.13786276,-0.042327106,1,0.01788496,0.016200164,0.0061086174
1785206998985357680,0.2967007,0.093626216,-1.9729216,4.2305703e-05,0.00022317714,0.016456032,1,-0.0505082,0.19356479,0.3865322,0.12147247,0.121476196,0.08930074,0.9577947,-0.052423414,-0.033945628,0.28058687,0,6,1785206998976183,1785206998976183,0.16012974,0.12457986,-0.044970345,1,0.017979726,0.016397413,0.0061086165
1785206998993276174,0.32253218,0.1085436,-1.9582747,4.25625e-05,0.00023615346,0.016443113,1,-0.04927998,0.19447578,0.3853548,0.121943295,0.12193911,0.08956881,0.96004874,-0.051060677,-0.03359679,0.27307603,0,6,1785206998984183,1785206998984183,0.16668259,0.118014514,-0.04614461,1,0.018013248,0.016503766,0.0061199805
1785206999005296293,0.36620793,0.1293196,-1.9247181,4.3427633e-05,0.00023504253,0.014310707,1,-0.046654947,0.19614688,0.38305256,0.12288213,0.12287239,0.090107545,0.9643483,-0.048077118,-0.03268705,0.25817147,0,6,1785206999000183,1785206999000183,0.17978553,0.10552945,-0.048081584,1,0.01797262,0.016717002,0.0061427164
1785206999013301693,0.38191932,0.138373,-1.9036795,4.412158e-05,0.00024675444,0.0142986,1,-0.04526487,0.1969109,0.38192877,0.12336078,0.12334382,0.09037821,0.9663844,-0.04650978,-0.032137252,0.25080925,0,6,1785206999008183,1785206999008183,0.18588774,0.09958473,-0.04881847,1,0.018007915,0.016830143,0.0061540897
1785206999025288488,0.39550078,0.147429,-1.8847711,4.499013e-05,0.0002579528,0.01428683,1,-0.04382577,0.19762875,0.38082334,0.12384221,0.123818114,0.09064975,0.96834654,-0.044895656,-0.03153027,0.24350613,0,6,1785206999016183,1785206999016183,0.19183798,0.09385082,-0.049509667,1,0.018044094,0.016945358,0.0061654723
1785206999033272016,0.4114814,0.15701517,-1.8589381,4.604177e-05,0.00026851532,0.014275517,1,-0.04233884,0.19830334,0.379736,0.1243264,0.12429531,0.09092215,0.9702322,-0.043229643,-0.030869557,0.23627888,0,6,1785206999024183,1785206999024183,0.19766726,0.08853466,-0.050185915,1,0.018083345,0.017062945,0.006176869
1785206999045290892,0.41760525,0.17379823,-1.8070064,4.870117e-05,0.0002853982,0.014256572,1,-0.03922786,0.19952774,0.37749475,0.12530315,0.12525845,0.09079963,0.9737678,-0.03985288,-0.029394392,0.22209044,0,6,1785206999040183,1785206999040183,0.20864753,0.07793718,-0.05087673,1,0.018163776,0.017302273,0.006176169
1785206999053284009,0.41760582,0.18471664,-1.7793095,5.0247654e-05,0.00029120911,0.014249511,1,-0.037607066,0.20007855,0.3764066,0.12579569,0.12574443,0.091072634,0.9754192,-0.038177945,-0.028595645,0.21513282,0,6,1785206999048183,1785206999048183,0.21377976,0.0728597,-0.05110989,1,0.018204313,0.01742462,0.0061875805
1785206999065284599,0.4218673,0.19350298,-1.7486839,5.101362e-05,0.00025986388,0.012259401,1,-0.03593884,0.20059155,0.37533888,0.12627356,0.12623285,0.09134651,0.9769939,-0.03650187,-0.027755413,0.20827925,0,6,1785206999056183,1785206999056183,0.21872142,0.06798609,-0.051388953,1,0.018179126,0.017518232,0.0061990055
1785206999073263188,0.42053488,0.1998983,-1.7188561,5.259484e-05,0.0002615464,0.012256419,1,-0.034231763,0.20106745,0.3742914,0.12677114,0.12672484,0.09162126,0.9785002,-0.034825996,-0.026876984,0.20149985,0,6,1785206999064183,1785206999064183,0.22337316,0.06336517,-0.051649,1,0.018227583,0.017639965,0.0062104417
1785206999085304727,0.3963283,0.21478388,-1.6538576,5.2432733e-05,0.00025290268,0.012125871,1,-0.03196534,0.2031234,0.37091872,0.106014274,0.10608224,0.08318921,0.9812855,-0.031638175,-0.02502143,0.18828635,0,6,1785206999080183,1785206999080183,0.2312788,0.055423886,-0.052465737,1,0.014611581,0.0143120205,0.005788596
1785206999093305819,0.38594615,0.22650251,-1.6203007,5.3983887e-05,0.00024949608,0.012128003,1,-0.031384807,0.20468268,0.36862758,0.106390126,0.10645593,0.08343594,0.98255557,-0.030104972,-0.024062423,0.18193203,0,6,1785206999088183,1785206999088183,0.23461989,0.051772147,-0.052808125,1,0.014656202,0.014417493,0.005799813
1785206999105322411,0.3771549,0.23502405,-1.585414,5.5521316e-05,0.0002446796,0.012131555,1,-0.030747255,0.20618476,0.366365,0.106768176,0.10683189,0.083120726,0.98375666,-0.028618572,-0.023060795,0.17570463,0,6,1785206999096183,1785206999096183,0.23791797,0.048241366,-0.05332066,1,0.014702129,0.014524076,0.0057917396
1785206999113274950,0.3635714,0.23502535,-1.551592,5.6992096e-05,0.00023856803,0.012136474,1,-0.030055562,0.20763263,0.36415163,0.10714843,0.10721015,0.083367415,0.9848903,-0.027184237,-0.022058096,0.1696043,0,6,1785206999104183,1785206999104183,0.2408142,0.045065895,-0.05393823,1,0.0147502525,0.014633026,0.0058029704
1785206999125306560,0.3289519,0.24541312,-1.4802188,5.9696555e-05,0.00022337624,0.012149507,1,-0.028519157,0.21037814,0.3598687,0.107915595,0.107973605,0.08386322,0.9869644,-0.024511065,-0.020021576,0.15779638,0,6,1785206999120183,1785206999120183,0.2463396,0.0391458,-0.05493422,1,0.014851068,0.014855483,0.0058254716
1785206999133295338,0.31243938,0.24807546,-1.445066,5.852315e-05,0.00018807627,0.010323868,1,-0.027671738,0.2116829,0.3577978,0.108296104,0.1083554,0.08411235,0.9879096,-0.023290902,-0.018988475,0.15209092,0,6,1785206999128183,1785206999128183,0.2489272,0.036276862,-0.05514764,1,0.014883521,0.014917096,0.0058367415
1785206999145251644,0.29832277,0.24541213,-1.4101791,5.9459373e-05,0.00018021915,0.010331053,1,-0.02677866,0.21293992,0.3557741,0.10868508,0.10874321,0.084362306,0.9888062,-0.022129899,-0.017957022,0.14645928,0,6,1785206999136183,1785206999136183,0.25110486,0.033372726,-0.055266947,1,0.014940461,0.015026065,0.0058480245
1785206999153303333,0.27728516,0.24301733,-1.3758235,6.0287377e-05,0.00017202011,0.0103386855,1,-0.025843915,0.21415108,0.353796,0.10907632,0.10913341,0.08461308,0.9896464,-0.021043666,-0.016948689,0.14096084,0,6,1785206999144183,1785206999144183,0.25304526,0.03075483,-0.055478603,1,0.01499933,0.01513723,0.0058593205
1785206999165277844,0.2309467,0.24381545,-1.3047173,6.152404e-05,0.00015541115,0.010354592,1,-0.023854865,0.21644318,0.34990337,0.10986562,0.10992106,0.08453667,0.99116844,-0.01916292,-0.014966783,0.13036077,0,6,1785206999160183,1785206999160183,0.256881,0.025931265,-0.055447064,1,0.0151234865,0.015360926,0.0058620013
1785206999173286470,0.21150547,0.24567969,-1.2698299,6.193247e-05,0.0001471455,0.010362708,1,-0.02280351,0.21752767,0.3480241,0.11026372,0.11031855,0.084788196,0.9918552,-0.018346585,-0.013975606,0.12526532,0,6,1785206999168183,1785206999168183,0.258367,0.023425918,-0.05528276,1,0.015188378,0.015473644,0.005873324
1785206999185292582,0.18620281,0.23875697,-1.23441,6.220242e-05,0.0001389341,0.01037091,1,-0.021718238,0.21857189,0.34619018,0.11066413,0.11071852,0.08504055,0.99249494,-0.0176234,-0.013008489,0.120307975,0,6,1785206999176183,1785206999176183,0.259727,0.021258058,-0.054999467,1,0.015255788,0.015587371,0.0058846595
1785206999193281240,0.15877476,0.23449582,-1.2013863,6.2300125e-05,0.00013091505,0.010379093,1,-0.02060098,0.21957858,0.34439963,0.11106687,0.111120984,0.08529372,0.99309134,-0.017006863,-0.0120804785,0.11547444,0,6,1785206999184183,1785206999184183,0.26083648,0.019149965,-0.05483118,1,0.015324246,0.015701013,0.0058960053
1785206999205296338,0.12388527,0.22517289,-1.1332107,5.9456346e-05,0.00010359705,0.008754994,1,-0.018276079,0.22148283,0.3409462,0.11187081,0.11193188,0.08580255,0.994161,-0.016006641,-0.010263665,0.106218666,0,6,1785206999200183,1785206999200183,0.2630639,0.015060068,-0.05402139,1,0.015458462,0.015848266,0.0059187287
1785206999213331495,0.10391198,0.22117914,-1.1012524,5.9175796e-05,9.7685144e-05,0.008761436,1,-0.017069055,0.22238162,0.33928227,0.11228052,0.11234211,0.086058214,0.9946407,-0.01561166,-0.009398147,0.10177328,0,6,1785206999208183,1785206999208183,0.26397368,0.012877351,-0.053724345,1,0.015532582,0.015958916,0.0059301057
1785206999225321867,0.07861231,0.21212476,-1.0676965,5.8786063e-05,9.2056565e-05,0.008767705,1,-0.015837463,0.22324486,0.33761314,0.11269263,0.11275491,0.08571615,0.995085,-0.0153123,-0.008578069,0.09745673,0,6,1785206999216183,1785206999216183,0.2643081,0.010806287,-0.053481106,1,0.015608368,0.01606939,0.005920772
1785206999233323941,0.0578393,0.20892824,-1.0328093,5.8264075e-05,8.685125e-05,0.008773682,1,-0.014585359,0.22407363,0.33598316,0.11310717,0.113170296,0.0859717,0.995495,-0.015099694,-0.007775385,0.09328044,0,6,1785206999224183,1785206999224183,0.2644111,0.008757535,-0.053215012,1,0.015685514,0.01618009,0.005932156
1785206999245334510,0.030408148,0.18868817,-0.9712901,5.6957102e-05,7.764652e-05,0.008784697,1,-0.012016283,0.22563195,0.33284217,0.11394357,0.114008926,0.0864853,0.99622476,-0.014826058,-0.006294035,0.08530413,0,6,1785206999240183,1785206999240183,0.26543045,0.00482473,-0.05201583,1,0.015844164,0.016401278,0.0059549483
1785206999253333088,0.009103609,0.18336208,-0.9398648,5.61494e-05,7.357687e-05,0.008789825,1,-0.010700658,0.2263619,0.33133182,0.11436548,0.1144322,0.08674335,0.99654824,-0.014798883,-0.005605474,0.08149421,0,6,1785206999248183,1785206999248183,0.26541242,0.0028450545,-0.05139755,1,0.015925204,0.016513057,0.005966357
1785206999265292810,-0.007941229,0.17483874,-0.9065755,5.53061e-05,6.986513e-05,0.008794628,1,-0.009367249,0.2270594,0.32986063,0.11478987,0.11485815,0.08700224,0.9968447,-0.014845971,-0.004951669,0.07781867,0,6,1785206999256183,1785206999256183,0.2655118,0.0008475968,-0.050649725,1,0.016008092,0.016623706,0.005977772
1785206999273341734,-0.019658595,0.17031151,-0.8772808,5.4422886e-05,6.64934e-05,0.008799134,1,-0.008016114,0.22772506,0.3283978,0.115216784,0.11528679,0.08665024,0.99711806,-0.014937739,-0.0043207547,0.074255966,0,6,1785206999264183,1785206999264183,0.2654755,-0.0010654401,-0.04992813,1,0.016092462,0.016735043,0.005967949
1785206999285296687,-0.041231897,0.14714172,-0.81949186,5.1219293e-05,5.7236517e-05,0.00744363,1,-0.0052685444,0.22896537,0.32558623,0.11606888,0.11615175,0.08716858,0.9976001,-0.015255177,-0.0031693322,0.067463614,0,6,1785206999280183,1785206999280183,0.26479015,-0.005078345,-0.048560012,1,0.01626103,0.016861353,0.0059907893
1785206999293276578,-0.05534437,0.14234805,-0.7904635,5.0383715e-05,5.5205193e-05,0.0074467342,1,-0.0038749888,0.22953634,0.32423624,0.11650338,0.11658863,0.08742902,0.99781173,-0.015485622,-0.0026569825,0.06422642,0,6,1785206999288183,1785206999288183,0.2643919,-0.0074094995,-0.047769748,1,0.016348267,0.016968902,0.006002219
1785206999305338466,-0.06440037,0.13222764,-0.7574402,4.9570954e-05,5.3413547e-05,0.007449576,1,-0.0024685445,0.23007421,0.3229221,0.116940476,0.11702826,0.087690294,0.9980039,-0.015753863,-0.0021755444,0.061118055,0,6,1785206999296183,1785206999296183,0.26402828,-0.009522301,-0.047108535,1,0.01643702,0.017076148,0.0060136537
1785206999313338867,-0.06866071,0.12636794,-0.7366678,4.877326e-05,5.1871855e-05,0.0074521555,1,-0.0010489314,0.23058127,0.32164305,0.11738019,0.11747067,0.08795242,0.99818003,-0.01604225,-0.001725375,0.058106314,0,6,1785206999304183,1785206999304183,0.26365897,-0.011502908,-0.046406746,1,0.016526528,0.01718385,0.006025095
1785206999325338396,-0.08064531,0.10586224,-0.67621386,4.719825e-05,4.9379883e-05,0.007456698,1,0.0018233536,0.23150007,0.31913954,0.118267514,0.11836389,0.08785036,0.99848574,-0.016679563,-0.0009316467,0.05241367,0,6,1785206999320183,1785206999320183,0.262443,-0.015982294,-0.044921935,1,0.016709056,0.017399488,0.0060260757
1785206999333336392,-0.09023224,0.10080229,-0.6543761,4.645197e-05,4.8399786e-05,0.007458664,1,0.0032744883,0.23191091,0.31791547,0.11871517,0.11881473,0.08811316,0.9986172,-0.01704323,-0.000583387,0.04973018,0,6,1785206999328183,1785206999328183,0.26183772,-0.018410133,-0.044206917,1,0.01680182,0.017506491,0.006037519
1785206999345312696,-0.088102035,0.095474295,-0.62934256,4.5755936e-05,4.7594374e-05,0.0074604033,1,0.0047355606,0.23228984,0.31672466,0.11916551,0.119268425,0.088376805,0.9987363,-0.01741362,-0.00025152168,0.047142863,0,6,1785206999336183,1785206999336183,0.26132137,-0.020571994,-0.043475814,1,0.016895697,0.017613012,0.0060489676
1785206999353335510,-0.08890094,0.0890835,-0.6080391,4.468148e-05,4.5629928e-05,0.0063746586,1,0.0062085306,0.23263907,0.3155679,0.11960957,0.11972446,0.0886413,0.9988447,-0.017777005,5.4992455e-05,0.044646103,0,6,1785206999344183,1785206999344183,0.2607208,-0.022818632,-0.042549714,1,0.016987942,0.01763138,0.0060604205
1785206999365333996,-0.094493255,0.07630051,-0.5571728,4.3594984e-05,4.474798e-05,0.00637709,1,0.009176603,0.23324367,0.31335673,0.12052382,0.12064615,0.08917285,0.9990303,-0.018537244,0.0005839743,0.03993159,0,6,1785206999360183,1785206999360183,0.25900355,-0.027368626,-0.040459983,1,0.017179845,0.017845105,0.0060833446
1785206999373384844,-0.09662451,0.06724511,-0.53453577,4.3117638e-05,4.4446526e-05,0.0063781,1,0.010671067,0.23349993,0.31230003,0.12098508,0.121111356,0.089439906,0.99910855,-0.01893315,0.0008112458,0.037723776,0,6,1785206999368183,1785206999368183,0.2581868,-0.029683333,-0.03972709,1,0.017277295,0.017949672,0.0060948143
1785206999385336381,-0.09582517,0.05952223,-0.5164263,4.266944e-05,4.4225395e-05,0.006379,1,0.012171482,0.23372357,0.3112731,0.121449135,0.12157949,0.08970782,0.99917924,-0.019321393,0.0010049043,0.03558835,0,6,1785206999376183,1785206999376183,0.25721613,-0.032355104,-0.03910032,1,0.017375648,0.01805382,0.0061062886
1785206999393339186,-0.09529238,0.05685871,-0.4956538,4.2265703e-05,4.405289e-05,0.006379804,1,0.013676766,0.2339145,0.3102092,0.121915996,0.12205057,0.08932635,0.9992425,-0.019711884,0.0011877099,0.03353447,0,6,1785206999384183,1785206999384183,0.25618458,-0.034834128,-0.038229913,1,0.017474908,0.018160585,0.0060950234
1785206999405373211,-0.090232,0.048070244,-0.4517117,4.1578052e-05,4.3874465e-05,0.006381129,1,0.016698968,0.234196,0.30817884,0.122858204,0.12300163,0.08986259,0.9993483,-0.02045582,0.0014852321,0.02970611,0,6,1785206999400183,1785206999400183,0.25401458,-0.040671512,-0.036252346,1,0.017675353,0.018372968,0.006117973
1785206999413362790,-0.08597164,0.04061342,-0.43280312,4.1283907e-05,4.3876138e-05,0.00638165,1,0.018214822,0.23428422,0.30721027,0.123333596,0.12348165,0.090132006,0.9993927,-0.020807164,0.0016133751,0.027906386,0,6,1785206999408183,1785206999408183,0.25271747,-0.04353193,-0.035423726,1,0.017776849,0.018479489,0.0061294558
1785206999425336780,-0.07904695,0.03608546,-0.40936905,4.0977357e-05,4.317166e-05,0.005534362,1,0.01972952,0.23433974,0.30627146,0.123803645,0.12396348,0.090402275,0.9994318,-0.021136548,0.0017211128,0.026201798,0,6,1785206999416183,1785206999416183,0.25149572,-0.046531335,-0.03455112,1,0.017876621,0.018512692,0.006140943
1785206999433353502,-0.07345428,0.032357436,-0.39232478,4.0750783e-05,4.3239066e-05,0.0055347444,1,0.021248145,0.23436087,0.3053619,0.124284804,0.12444945,0.09067341,0.9994666,-0.021436747,0.0018155485,0.024572805,0,6,1785206999424183,1785206999424183,0.2507186,-0.0494276,-0.033670016,1,0.017980022,0.018618919,0.006152436
1785206999445333323,-0.069459625,0.024367817,-0.36196476,4.038776e-05,4.346195e-05,0.00553533,1,0.024295943,0.23429942,0.30356643,0.12525593,0.12543052,0.09055004,0.9995244,-0.022015847,0.0019628904,0.021503208,0,6,1785206999440183,1785206999440183,0.24837297,-0.055458628,-0.031813182,1,0.018188331,0.018831631,0.006152006
1785206999453357259,-0.06679598,0.026498448,-0.3417248,4.023843e-05,4.3619875e-05,0.005535544,1,0.025821408,0.23421776,0.30268174,0.1257459,0.12592568,0.09082179,0.99954796,-0.02228974,0.0020316879,0.020078281,0,6,1785206999448183,1785206999448183,0.24715805,-0.058408923,-0.030923117,1,0.018294033,0.018939424,0.0061635054
1785206999465334856,-0.059605874,0.023835152,-0.32547942,4.0108123e-05,4.3795364e-05,0.0055357227,1,0.02734809,0.23410247,0.30182508,0.12623888,0.12642394,0.0910944,0.9995685,-0.022536391,0.0020992702,0.018722627,0,6,1785206999456183,1785206999456183,0.24594438,-0.061426837,-0.030198436,1,0.018400712,0.019047871,0.0061750095
1785206999473338042,-0.0524154,0.020106636,-0.3124299,3.9994993e-05,4.3989337e-05,0.005535863,1,0.02887582,0.2339526,0.30099618,0.12673487,0.12692533,0.09136787,0.99958694,-0.022755094,0.002154696,0.01742371,0,6,1785206999464183,1785206999464183,0.24478628,-0.06458865,-0.029233325,1,0.018507898,0.019156069,0.006186523
1785206999485338071,-0.04469271,0.020633347,-0.28073612,3.695601e-05,4.0785286e-05,0.0048375903,1,0.03197328,0.23386051,0.29752228,0.10602963,0.10607418,0.08298503,0.99961644,-0.023145843,0.002258624,0.015038038,0,6,1785206999480183,1785206999480183,0.24253379,-0.070640065,-0.02821715,1,0.014889777,0.01528902,0.0057683424
1785206999493376665,-0.03776867,0.01930169,-0.2676866,3.6897087e-05,4.100396e-05,0.0048376434,1,0.0335421,0.23391259,0.2948702,0.10640347,0.106450126,0.08267399,0.9996287,-0.023304952,0.0023123142,0.013933046,0,6,1785206999488183,1785206999488183,0.24137262,-0.07351559,-0.02763026,1,0.014980755,0.015380154,0.0057605966
1785206999505350515,-0.03377389,0.017171307,-0.25516975,3.684761e-05,4.122437e-05,0.004837684,1,0.03511078,0.23392476,0.29229233,0.10677963,0.106828466,0.08291882,0.99963945,-0.023444215,0.0023578648,0.012882538,0,6,1785206999496183,1785206999496183,0.24033739,-0.07654807,-0.02718704,1,0.01507227,0.015471511,0.0057718614
1785206999513339604,-0.027648533,0.017171212,-0.24371816,3.6808095e-05,4.1459207e-05,0.0048377016,1,0.03667925,0.23389569,0.28978512,0.10715811,0.10720921,0.08316447,0.999649,-0.023561077,0.0024025848,0.01187941,0,6,1785206999504183,1785206999504183,0.2391329,-0.07981387,-0.026887808,1,0.015164391,0.015562333,0.0057831337
1785206999525331748,-0.010604419,0.01770376,-0.21815182,3.6749025e-05,4.1961623e-05,0.0048376825,1,0.03981192,0.23371579,0.28497195,0.10792213,0.10797799,0.08365819,0.9996656,-0.023703858,0.0025097805,0.010030365,0,6,1785206999520183,1785206999520183,0.23669235,-0.08599423,-0.026319213,1,0.015351341,0.015747039,0.005805697
1785206999533335215,-0.006609673,0.017171318,-0.20563492,3.6731104e-05,4.2221876e-05,0.004837653,1,0.041376762,0.23356748,0.28266457,0.1083077,0.10836605,0.08390628,0.9996729,-0.023733372,0.0025620563,0.009184134,0,6,1785206999528183,1785206999528183,0.23568399,-0.08891967,-0.025782892,1,0.015445858,0.015840061,0.0058169933
1785206999545333692,0.0013800645,0.018502627,-0.19658023,3.6716483e-05,4.2489533e-05,0.004837611,1,0.042940907,0.23338108,0.28042293,0.10869567,0.108756594,0.08415517,0.9996797,-0.023738906,0.0026131524,0.008373222,0,6,1785206999536183,1785206999536183,0.23448499,-0.091932304,-0.025020296,1,0.015541109,0.015933331,0.0058282944
1785206999553344843,0.006439909,0.019568127,-0.1798023,3.670846e-05,4.275359e-05,0.004837568,1,0.044502635,0.23315671,0.27824664,0.10908605,0.109149635,0.084404886,0.9996861,-0.023716768,0.0026754993,0.007626612,0,6,1785206999544183,1785206999544183,0.23322491,-0.09491116,-0.024162805,1,0.015636727,0.016026821,0.0058396063
1785206999565310737,0.012032703,0.021698758,-0.16275918,3.66844e-05,4.2466585e-05,0.004329606,1,0.04762387,0.23259743,0.2740172,0.10986942,0.10994286,0.08432922,0.99969757,-0.023624,0.0028098114,0.006242249,0,6,1785206999560183,1785206999560183,0.23085073,-0.10085059,-0.022851072,1,0.01582726,0.016186984,0.005842471
1785206999573357306,0.01895677,0.023296408,-0.15450343,3.6684873e-05,4.268674e-05,0.0043295943,1,0.04918061,0.2322626,0.27199322,0.11026715,0.1103435,0.08457969,0.99970275,-0.023556644,0.0028915566,0.005591989,0,6,1785206999568183,1785206999568183,0.22959605,-0.10390163,-0.02217984,1,0.01592508,0.016282583,0.0058537954
1785206999585330404,0.023218032,0.02542704,-0.14331812,3.6688034e-05,4.2892098e-05,0.004329594,1,0.05073343,0.23189077,0.2700279,0.110667355,0.1107467,0.084830984,0.99970776,-0.023467936,0.0029749055,0.0049859686,0,6,1785206999576183,1785206999576183,0.22814818,-0.106929354,-0.021442516,1,0.016023764,0.016380284,0.0058651245
1785206999593333099,0.025348391,0.027291276,-0.13160023,3.6693727e-05,4.3096687e-05,0.0043295943,1,0.052281827,0.23148282,0.2681211,0.11107007,0.11115246,0.085083105,0.9997124,-0.023370177,0.0030737617,0.0044296198,0,6,1785206999584183,1785206999584183,0.22671556,-0.10985662,-0.020514768,1,0.01612309,0.016477806,0.0058764643
1785206999605364549,0.033604175,0.030487027,-0.11375708,3.671016e-05,4.3495664e-05,0.0043295985,1,0.055366006,0.2305609,0.26447952,0.11188307,0.1119718,0.08558981,0.99972135,-0.02312355,0.003298684,0.0034118975,0,6,1785206999600183,1785206999600183,0.22413975,-0.11572866,-0.018593688,1,0.016324187,0.016673444,0.0058991634
1785206999613366352,0.03839795,0.033416536,-0.10922968,3.6718844e-05,4.3677035e-05,0.004329619,1,0.056902688,0.23004764,0.26265302,0.11229339,0.11238541,0.085252315,0.99972594,-0.02297571,0.0034199813,0.0029527072,0,6,1785206999608183,1785206999608183,0.22287405,-0.118665,-0.017722737,1,0.016426057,0.016772632,0.005890108
1785206999625367955,0.04239266,0.033416554,-0.10177283,3.672965e-05,4.3841523e-05,0.0043296535,1,0.058436114,0.22949928,0.2608815,0.112706296,0.112801656,0.085505985,0.99973035,-0.02280921,0.0035445183,0.00251989,0,6,1785206999616183,1785206999616183,0.22172911,-0.12166588,-0.016938295,1,0.016528385,0.016872464,0.0059014666
1785206999633352175,0.046121113,0.03341656,-0.09271798,3.6727073e-05,4.3206317e-05,0.0039250883,1,0.059966408,0.2289165,0.25916478,0.113117784,0.11322031,0.08576048,0.999735,-0.022630394,0.003672548,0.0021256867,0,6,1785206999624183,1785206999624183,0.2205171,-0.12451047,-0.015861284,1,0.016627712,0.016951641,0.0059128315
1785206999645332777,0.06929067,0.035546858,-0.081799075,3.6749265e-05,4.3453765e-05,0.0039252318,1,0.06301354,0.22765334,0.255911,0.11395666,0.11406623,0.086271964,0.9997454,-0.022174632,0.003923436,0.0013943537,0,6,1785206999640183,1785206999640183,0.21790153,-0.12968291,-0.010521264,1,0.016836138,0.0171553,0.0059355833
1785206999653361312,0.09192747,0.033416312,-0.073809646,3.6761874e-05,4.355862e-05,0.0039253226,1,0.06452967,0.226978,0.25439554,0.11438007,0.11449326,0.08652896,0.99975294,-0.021829553,0.0040549873,0.0010710944,0,6,1785206999648183,1785206999648183,0.21636988,-0.13186339,-0.005362642,1,0.016941432,0.017258428,0.005946971
1785206999665320403,0.12468431,0.028356217,-0.07141289,3.6774745e-05,4.3649947e-05,0.003925427,1,0.06604063,0.22627681,0.25296855,0.11480615,0.11492303,0.086786784,0.9997627,-0.021367846,0.004167789,0.00076314644,0,6,1785206999656183,1785206999656183,0.21527112,-0.13365902,0.0007937125,1,0.01704749,0.017361885,0.0059583704
1785206999673314953,0.16836026,0.0272907,-0.066086456,3.6786256e-05,4.3725842e-05,0.0039255465,1,0.06754862,0.22555247,0.25163054,0.11523493,0.11535556,0.087045446,0.99977577,-0.020738933,0.004270877,0.00046952613,0,6,1785206999664183,1785206999664183,0.2141454,-0.1352661,0.006455462,1,0.01715461,0.0174661,0.0059697754
1785206999685339048,0.27888158,0.03474748,-0.05383547,3.6810186e-05,4.3812615e-05,0.00392585,1,0.070548154,0.22404148,0.24918711,0.11610063,0.11622898,0.08695114,0.99981195,-0.018867468,0.004492189,-3.745545e-05,0,6,1785206999680183,1785206999680183,0.21119478,-0.13777709,0.022231381,1,0.017370768,0.017676821,0.0059713824
1785206999693332576,0.34306374,0.050992906,-0.051438432,3.682255e-05,4.383413e-05,0.003926025,1,0.072036654,0.22326002,0.24813522,0.1165376,0.11666991,0.0872105,0.99983484,-0.017561046,0.004674914,-0.00026894858,0,6,1785206999688183,1785206999688183,0.20938778,-0.13848081,0.033020444,1,0.017479748,0.01778268,0.0059827953
1785206999705369476,0.4120398,0.07362975,-0.051971015,3.6821213e-05,4.3152853e-05,0.0035989345,1,0.07351337,0.22246656,0.24721435,0.116973884,0.11711332,0.0874707,0.9998599,-0.015983567,0.0049405918,-0.00050393236,0,6,1785206999696183,1785206999696183,0.2074821,-0.13871923,0.04551036,1,0.017584179,0.017872917,0.0059942156
1785206999713367282,0.4866083,0.0997284,-0.047177404,3.683122e-05,4.3145537e-05,0.0035991387,1,0.07498025,0.22166328,0.24643664,0.11741643,0.117559925,0.08773175,0.9998861,-0.014113069,0.0053104837,-0.0007200398,0,6,1785206999704183,1785206999704183,0.2056739,-0.13879633,0.059519276,1,0.017694486,0.017980661,0.0060056434
1785206999725379294,0.64133817,0.19933103,-0.04131639,3.6848636e-05,4.311533e-05,0.003599565,1,0.07787765,0.22003978,0.2453449,0.11830997,0.11846177,0.088256374,0.99993294,-0.009467607,0.0065756375,-0.0011199198,0,6,1785206999720183,1785206999720183,0.2008655,-0.13739587,0.09039203,1,0.017917821,0.018197529,0.006028518
1785206999733393371,0.72629297,0.26138288,-0.045043513,3.6856298e-05,4.3083146e-05,0.003599795,1,0.07930284,0.21922687,0.24500293,0.11876102,0.11891706,0.08789053,0.9999485,-0.0066478886,0.007551329,-0.0013317985,0,6,1785206999728183,1785206999728183,0.19829646,-0.13632864,0.10707338,1,0.018030504,0.018306378,0.0060180915
1785206999745363253,0.80778617,0.33089042,-0.0410476,3.686183e-05,4.304627e-05,0.0036000342,1,0.08071085,0.21841627,0.24482904,0.119214945,0.11937528,0.08815308,0.999954,-0.0034953798,0.008797602,-0.0015394572,0,6,1785206999736183,1785206999736183,0.19538587,-0.13479583,0.12356798,1,0.01814384,0.01841579,0.006029534
1785206999753355338,0.8908761,0.40040025,-0.042113744,3.6866015e-05,4.299897e-05,0.0036002838,1,0.08209901,0.21761228,0.24481502,0.11967177,0.11983646,0.08841648,0.9999452,-1.3782986e-05,0.010326077,-0.0017451771,0,6,1785206999744183,1785206999744183,0.19231781,-0.13274816,0.13863352,1,0.018257972,0.018526256,0.006040983
1785206999765382039,1.0631825,0.5476737,-0.043710157,3.6872865e-05,4.2881777e-05,0.0036008095,1,0.08481045,0.21604095,0.24520877,0.120594196,0.12076775,0.08894583,0.99986476,0.007957907,0.01423591,-0.0021624097,0,6,1785206999760183,1785206999760183,0.1851163,-0.1271212,0.16271426,1,0.018488452,0.01874952,0.0060639
1785206999773390875,1.1563938,0.6376871,-0.04290975,3.6860045e-05,4.2287942e-05,0.0033326745,1,0.08612363,0.21528275,0.24557845,0.12105677,0.121237375,0.089211784,0.9997799,0.0124916,0.016688766,-0.002383686,0,6,1785206999768183,1785206999768183,0.18094288,-0.12352389,0.17149505,1,0.01859851,0.018850712,0.0060753683
1785206999785369103,1.2376198,0.7079952,-0.043178573,3.6862057e-05,4.221762e-05,0.0033329476,1,0.08740724,0.21454926,0.24603958,0.121525414,0.12171055,0.08947859,0.99965674,0.017368617,0.01944406,-0.0025999474,0,6,1785206999776183,1785206999776183,0.17659809,-0.119098686,0.17768039,1,0.018715363,0.018964214,0.006086841
1785206999793344165,1.3028669,0.762324,-0.046642777,3.6866048e-05,4.213695e-05,0.003333231,1,0.08865798,0.21384782,0.24656335,0.12199706,0.12218678,0.08974625,0.99949074,0.02251958,0.022432998,-0.0028298295,0,6,1785206999784183,1785206999784183,0.17178783,-0.11387855,0.17985882,1,0.018832212,0.01907709,0.0060983216
1785206999805399972,1.450406,0.838757,-0.046645198,3.687079e-05,4.1885196e-05,0.0033338894,1,0.091050185,0.21256766,0.24756928,0.12294944,0.12314846,0.08963141,0.999011,0.03365459,0.02887295,-0.0032968698,0,6,1785206999800183,1785206999800183,0.1609849,-0.10034222,0.17086302,1,0.019063521,0.019299842,0.0060985684
1785206999813368111,1.5308337,0.88962305,-0.049307536,3.6876438e-05,4.1687053e-05,0.0033342878,1,0.09218026,0.21201004,0.24802908,0.12343019,0.12363393,0.089899704,0.998681,0.039701022,0.03236547,-0.0035443523,0,6,1785206999808183,1785206999808183,0.1543173,-0.09167363,0.16097796,1,0.019178594,0.019411031,0.006110034
1785206999825368501,1.585162,0.9125262,-0.05224198,3.6883608e-05,4.1419073e-05,0.0033347544,1,0.093258135,0.21151908,0.24842438,0.12391401,0.1241225,0.090168856,0.9982864,0.04598906,0.035982024,-0.0038069424,0,6,1785206999816183,1785206999816183,0.147061,-0.08201085,0.14744881,1,0.01929499,0.0195233,0.0061215023
1785206999833371126,1.6243103,0.9032051,-0.052514095,3.689152e-05,4.1080435e-05,0.0033352925,1,0.09428088,0.21110593,0.24871789,0.12440093,0.12461421,0.09043887,0.9978307,0.05244199,0.039586995,-0.004077046,0,6,1785206999824183,1785206999824183,0.13962999,-0.07070791,0.1289505,1,0.019410942,0.019634089,0.0061329757
1785206999845369743,1.7284398,0.9103958,-0.058902457,3.6874677e-05,3.9930495e-05,0.0031123408,1,0.0961307,0.21057267,0.24882764,0.12538123,0.12560627,0.09098149,0.99671996,0.065884136,0.04676309,-0.004677198,0,6,1785206999840183,1785206999840183,0.12084468,-0.041856486,0.07437988,1,0.019631796,0.019840872,0.0061559244
1785206999853389210,1.7561375,0.90160644,-0.057572294,3.686226e-05,3.945169e-05,0.003113037,1,0.09693575,0.21048836,0.24851193,0.1258775,0.12610735,0.09058533,0.99605674,0.072873734,0.05035592,-0.0049806,0,6,1785206999848183,1785206999848183,0.1096789,-0.02456438,0.040502355,1,0.019744154,0.01994636,0.0061440007
1785206999865364032,1.7598644,0.85553604,-0.061574247,3.683971e-05,3.895958e-05,0.0031137564,1,0.097652525,0.21054491,0.24793766,0.12637691,0.12661159,0.090856805,0.9953372,0.07988782,0.05379494,-0.0053044925,0,6,1785206999856183,1785206999856183,0.09792748,-0.005041396,0.0029782963,1,0.019855557,0.020051086,0.0061554564
1785206999873341799,1.7702518,0.8153203,-0.063700944,3.6804875e-05,3.8494407e-05,0.0031144617,1,0.09827414,0.21076183,0.247066,0.12687948,0.12711897,0.09112915,0.9945639,0.08692388,0.057052534,-0.0056585777,0,6,1785206999864183,1785206999864183,0.085014,0.016782355,-0.039763156,1,0.019966794,0.020154346,0.0061669084
1785206999885351417,1.7819674,0.75992227,-0.06130232,3.3561635e-05,3.4412406e-05,0.0030976427,1,0.09926892,0.21202487,0.2422802,0.10605968,0.10613228,0.082792215,0.99283904,0.10113413,0.063261375,-0.006381862,0,6,1785206999880183,1785206999880183,0.05551612,0.067874946,-0.13449998,1,0.01588212,0.015984854,0.005751525
1785206999893383839,1.7563998,0.6861554,-0.069831036,3.3565142e-05,3.435488e-05,0.0030978979,1,0.099625506,0.21310188,0.23836972,0.10643368,0.106509164,0.08303694,0.99191713,0.10813596,0.06603711,-0.0067924038,0,6,1785206999888183,1785206999888183,0.039658923,0.09686384,-0.18566735,1,0.015974056,0.016068192,0.005762711
1785206999905373789,1.7356288,0.63208956,-0.06609523,3.361742e-05,3.4571953e-05,0.0030978303,1,0.0998524,0.21440777,0.23412627,0.10681008,0.10688844,0.08328246,0.99096614,0.115034565,0.06856493,-0.0072199404,0,6,1785206999896183,1785206999896183,0.022840349,0.12799864,-0.2362413,1,0.016068134,0.016153077,0.005773888
1785206999913372406,1.7300359,0.5996001,-0.06422909,3.375015e-05,3.5146924e-05,0.0030973237,1,0.099943385,0.21595876,0.22955883,0.107188895,0.107270114,0.0835288,0.9899731,0.1219039,0.07095238,-0.007649959,0,6,1785206999904183,1785206999904183,0.00540519,0.16078041,-0.28485852,1,0.016164662,0.01623994,0.005785054
1785206999925392304,1.6104592,0.45232838,-0.06476812,3.4201188e-05,3.764497e-05,0.002901714,1,0.0997135,0.21982601,0.21940573,0.107951716,0.10804063,0.08345826,0.9879647,0.13503285,0.07495606,-0.0085713845,0,6,1785206999920183,1785206999920183,-0.029729571,0.22885886,-0.37786552,1,0.01636304,0.0164143,0.005788112
1785206999933425698,1.5478754,0.404657,-0.06475823,3.4779965e-05,3.9808256e-05,0.002899171,1,0.09938706,0.22216281,0.21388662,0.10833801,0.10842966,0.083705366,0.986974,0.14119916,0.07657026,-0.009061541,0,6,1785206999928183,1785206999928183,-0.047901925,0.26481023,-0.42173702,1,0.016469458,0.016507471,0.0057992316
1785206999945388446,1.486623,0.36470866,-0.0591664,3.5605495e-05,4.2680527e-05,0.0028956726,1,0.098916546,0.22478119,0.20809399,0.108726874,0.1088212,0.083953284,0.98598766,0.14713477,0.07803065,-0.009537519,0,6,1785206999936183,1785206999936183,-0.065969795,0.30167755,-0.46293536,1,0.016580943,0.016604103,0.005810336
1785206999953408655,1.3880854,0.2928046,-0.05650952,3.6697962e-05,4.6347064e-05,0.0028911126,1,0.09830234,0.22768448,0.20204371,0.10911835,0.10921528,0.084202014,0.98504,0.1527008,0.07923763,-0.010007441,0,6,1785206999944183,1785206999944183,-0.08420026,0.33878383,-0.5022883,1,0.016697807,0.016705044,0.0058214217
1785206999965379459,1.1763645,0.16949977,-0.051176295,3.9832696e-05,5.6606284e-05,0.0028781162,1,0.09664471,0.23436064,0.18924102,0.10990935,0.11001124,0.08470193,0.9833207,0.16255647,0.08084606,-0.0109483,0,6,1785206999960183,1785206999960183,-0.11966913,0.41376042,-0.5717421,1,0.016950134,0.016916234,0.0058435407
1785206999973385059,1.0711695,0.11836794,-0.049580317,4.193851e-05,6.3363856e-05,0.0028694514,1,0.0956113,0.23813032,0.1825052,0.11030898,0.11041319,0.08437323,0.9825509,0.16687131,0.081349514,-0.011400869,0,6,1785206999968183,1785206999968183,-0.13599107,0.45019734,-0.59941155,1,0.017084418,0.017026054,0.005834706
1785206999985354691,0.95212615,0.045128964,-0.042925335,4.4339387e-05,7.121759e-05,0.002859394,1,0.09445369,0.2421734,0.17563337,0.11071145,0.110817835,0.08462352,0.9818652,0.1707175,0.081583574,-0.011846862,0,6,1785206999976183,1785206999976183,-0.15106899,0.4846288,-0.6204701,1,0.017226554,0.017141154,0.0058457092
1785206999993457427,0.832284,-0.021714343,-0.03813101,4.569225e-05,7.778666e-05,0.0026799107,1,0.09318087,0.24647821,0.16867226,0.11111476,0.11122497,0.08487463,0.9812711,0.17408946,0.08154325,-0.012268709,0,6,1785206999984193,1785206999984193,-0.1653001,0.51789546,-0.6361267,1,0.017375238,0.017258368,0.005856705
1785207000005384156,0.6218942,-0.13063914,-0.026412066,5.1509043e-05,9.848349e-05,0.0026537871,1,0.09031151,0.25582767,0.154661,0.111934476,0.11204813,0.08537932,0.9803414,0.17952447,0.08081221,-0.013087215,0,6,1785207000000193,1785207000000193,-0.19109347,0.57923,-0.6481805,1,0.017708853,0.01750935,0.005878696
1785207000013405105,0.5193627,-0.19854882,-0.025081635,5.4688135e-05,0.00011048073,0.0026388054,1,0.08873554,0.26083893,0.14771825,0.11234899,0.112463996,0.08563289,0.980005,0.18164219,0.08009033,-0.013486178,0,6,1785207000008193,1785207000008193,-0.2019474,0.6065552,-0.644172,1,0.017889109,0.017640054,0.005889699
1785207000025367071,0.41736355,-0.26193222,-0.02188515,5.7939673e-05,0.00012351561,0.0026227133,1,0.087076336,0.26605347,0.14084591,0.1127667,0.11288277,0.08529461,0.97975886,0.18335958,0.07911338,-0.013890518,0,6,1785207000016193,1785207000016193,-0.21228233,0.6322545,-0.63596153,1,0.018081421,0.017775364,0.0058803405
1785207000033386027,0.3174948,-0.32531574,-0.01762397,6.131714e-05,0.00013768882,0.002605356,1,0.08533848,0.27146006,0.13410363,0.1131877,0.1133045,0.08554808,0.97960365,0.18467458,0.0778953,-0.014295657,0,6,1785207000024193,1785207000024193,-0.22188833,0.6567746,-0.6243123,1,0.018284885,0.017912809,0.0058913953
1785207000045351710,0.15663983,-0.44569063,-0.010165804,6.811134e-05,0.00016877208,0.0025678629,1,0.0816575,0.28280887,0.1211077,0.1140399,0.114156954,0.08605749,0.9795273,0.18630597,0.0747531,-0.015117312,0,6,1785207000040193,1785207000040193,-0.23794703,0.70171434,-0.5909491,1,0.018727034,0.018197762,0.0059136646
1785207000053366818,0.08846302,-0.5029486,-0.0029745158,7.130332e-05,0.00018538229,0.002548252,1,0.07972815,0.28873092,0.11490821,0.114471234,0.11458775,0.08631344,0.9795927,0.1866888,0.07283159,-0.015526786,0,6,1785207000048193,1785207000048193,-0.2452006,0.72240686,-0.5693782,1,0.018964322,0.018341782,0.005924915
1785207000065366436,0.008035422,-0.5599403,0.0031504608,7.141125e-05,0.0001942605,0.0023925067,1,0.07774282,0.2948058,0.10893282,0.11490396,0.11502116,0.08657022,0.97972864,0.18676369,0.070692,-0.015933784,0,6,1785207000056193,1785207000056193,-0.25186953,0.742181,-0.5464883,1,0.01920606,0.018484745,0.0059362585
1785207000073424616,-0.05667941,-0.61879605,0.0092772,7.418839e-05,0.00021119385,0.002372984,1,0.075707346,0.30103123,0.10318479,0.115342475,0.115458086,0.08682782,0.9799277,0.18656638,0.06832165,-0.016336484,0,6,1785207000064193,1785207000064193,-0.25813997,0.7620944,-0.5235588,1,0.01945767,0.018628584,0.0059476895
1785207000085387464,-0.17252727,-0.7444971,0.022062527,7.8874386e-05,0.0002451771,0.0023346911,1,0.07149828,0.31393316,0.092326045,0.116230585,0.116341226,0.08673263,0.9804953,0.18543315,0.062843025,-0.017159594,0,6,1785207000080193,1785207000080193,-0.26941517,0.8015025,-0.47701374,1,0.019991076,0.018917438,0.005949726
1785207000093368797,-0.20901205,-0.80628264,0.028721342,8.094479e-05,0.0002621427,0.0023158407,1,0.06933009,0.32060993,0.08721633,0.11668029,0.11678747,0.08699092,0.98083913,0.18460092,0.059732925,-0.017582623,0,6,1785207000088193,1785207000088193,-0.27481225,0.8217266,-0.45494568,1,0.02027067,0.0190612,0.0059615034
1785207000105362985,-0.25029227,-0.8632739,0.040705167,8.27087e-05,0.00027859907,0.0022978059,1,0.06711933,0.32744497,0.08230764,0.11713382,0.11723684,0.08725004,0.98121583,0.18360595,0.056394376,-0.01800004,0,6,1785207000096193,1785207000096193,-0.2803183,0.8430521,-0.4368544,1,0.02055795,0.019205078,0.0059734057
1785207000113346803,-0.2873087,-0.9242608,0.048695214,8.410107e-05,0.00029426534,0.0022809326,1,0.06486748,0.3344471,0.077572525,0.117591225,0.11768935,0.08750999,0.98162186,0.18245701,0.052809823,-0.018412627,0,6,1785207000104193,1785207000104193,-0.2853223,0.8653519,-0.42128563,1,0.02085334,0.019348556,0.005985441
1785207000125409752,-0.35442138,-1.0574186,0.069201194,8.278492e-05,0.0003101874,0.0021480445,1,0.06025892,0.34897432,0.068544604,0.118515044,0.118603215,0.0880324,0.98250186,0.17973985,0.044864874,-0.019256119,0,6,1785207000120193,1785207000120193,-0.2942521,0.91133654,-0.39736888,1,0.021430694,0.019626053,0.0060098097
1785207000133371348,-0.36693928,-1.1082845,0.083318844,8.321749e-05,0.00032220868,0.0021357727,1,0.057905015,0.3565079,0.06416301,0.11898418,0.119065166,0.087668605,0.98295677,0.17823339,0.0405261,-0.019663127,0,6,1785207000128193,1785207000128193,-0.29862833,0.93507844,-0.3882673,1,0.021720225,0.01976032,0.006000381
1785207000145363261,-0.38105264,-1.1479661,0.09157276,8.3277555e-05,0.00033294898,0.0021251538,1,0.055517737,0.36422628,0.05987868,0.11945725,0.11953026,0.087930046,0.9834057,0.17667371,0.03601785,-0.020057186,0,6,1785207000136193,1785207000136193,-0.30276227,0.95966464,-0.38318858,1,0.022006726,0.019890873,0.006012693
1785207000153366326,-0.4044897,-1.1932397,0.10275676,8.3039384e-05,0.00034238008,0.0021161425,1,0.053100307,0.37214458,0.05563961,0.119934276,0.11999849,0.08819232,0.9838532,0.17502381,0.03133152,-0.020441787,0,6,1785207000144193,1785207000144193,-0.30636314,0.9867267,-0.38578942,1,0.022287596,0.020016823,0.006025055
1785207000165345545,-0.4660076,-1.2861843,0.12326366,8.16742e-05,0.00035770648,0.002102543,1,0.04819644,0.38864258,0.04706915,0.1209001,0.120944306,0.0887194,0.9847545,0.1713302,0.02137278,-0.021160772,0,6,1785207000160193,1785207000160193,-0.31158867,1.0461423,-0.4110953,1,0.022814533,0.020251712,0.0060497327
1785207000173373768,-0.4721342,-1.3106847,0.13524982,8.050268e-05,0.00036349238,0.0020981093,1,0.045718137,0.39725196,0.042639513,0.12138886,0.12142187,0.0889842,0.98518497,0.16937259,0.016180594,-0.021492273,0,6,1785207000168193,1785207000168193,-0.31334233,1.0778488,-0.43078524,1,0.023064986,0.020363174,0.00606207
1785207000185346975,-0.49077627,-1.3322568,0.14696358,7.903657e-05,0.00036797964,0.002095269,1,0.04323095,0.40611073,0.038065888,0.12188151,0.12190253,0.08924984,0.9855958,0.16735396,0.010897138,-0.021790119,0,6,1785207000176193,1785207000176193,-0.31396484,1.1104027,-0.45608097,1,0.023310462,0.020472048,0.0060744234
1785207000193360240,-0.52912545,-1.3612857,0.1565474,7.72972e-05,0.0003713447,0.0020938239,1,0.040743463,0.4152333,0.03323209,0.12237806,0.122386284,0.08887269,0.9859986,0.16519614,0.0055053886,-0.022065906,0,6,1785207000184193,1785207000184193,-0.31363326,1.1452731,-0.4908986,1,0.02354966,0.020578735,0.0060644085
1785207000205372262,-0.5496326,-1.3761984,0.18345161,7.091314e-05,0.00036238998,0.0020138577,1,0.03579731,0.4343244,0.02271761,0.12337876,0.12336239,0.08940438,0.98674726,0.16060719,-0.00548629,-0.022475354,0,6,1785207000200193,1785207000200193,-0.30950272,1.2183222,-0.5750032,1,0.023962073,0.020774977,0.00608907
1785207000213429731,-0.5725357,-1.3799278,0.19436517,6.860626e-05,0.00036276324,0.0020159716,1,0.033360753,0.4443001,0.016979855,0.123886846,0.12385544,0.0896715,0.9870799,0.15824485,-0.010993109,-0.022607347,0,6,1785207000208193,1785207000208193,-0.30520338,1.2544422,-0.62072164,1,0.02418254,0.020874817,0.0061014113
1785207000225354175,-0.6191402,-1.3887169,0.20235059,6.61254e-05,0.00036226283,0.0020191325,1,0.030965244,0.45455465,0.0109018115,0.12439885,0.12435161,0.08993947,0.98740363,0.1557078,-0.01653821,-0.02271066,0,6,1785207000216193,1785207000216193,-0.29949614,1.2895169,-0.6673935,1,0.02440669,0.020975295,0.00611382
1785207000233376086,-0.6377837,-1.3785954,0.21247825,6.348317e-05,0.0003609337,0.002023284,1,0.028619947,0.46508214,0.0044807605,0.12491482,0.12485092,0.090208285,0.98770964,0.15304902,-0.022067508,-0.022774877,0,6,1785207000224193,1785207000224193,-0.2926364,1.3240695,-0.71353334,1,0.024633175,0.021076486,0.006126279
1785207000245372618,-0.6873169,-1.3474386,0.22711626,5.7852027e-05,0.0003563926,0.0020338176,1,0.024121657,0.48693597,-0.009500979,0.12595879,0.12585904,0.09008902,0.9882434,0.14755738,-0.032915838,-0.02276869,0,6,1785207000240193,1785207000240193,-0.2747012,1.3902907,-0.8051029,1,0.025096813,0.02128081,0.0061284867
1785207000253393647,-0.7413801,-1.3343887,0.23430608,5.4951597e-05,0.00035338211,0.0020399108,1,0.021992141,0.49824172,-0.016998194,0.1264869,0.1263679,0.09035844,0.9885006,0.14451675,-0.03827415,-0.022726908,0,6,1785207000248193,1785207000248193,-0.26370612,1.4215876,-0.85076636,1,0.025346944,0.02138911,0.006141216
1785207000265377605,-0.74777097,-1.3029621,0.23911095,5.100634e-05,0.0003394416,0.0019763857,1,0.01994446,0.50979066,-0.024829732,0.12701361,0.12687929,0.09062871,0.98873633,0.14139694,-0.043526597,-0.022646876,0,6,1785207000256193,1785207000256193,-0.25204405,1.4525863,-0.89564764,1,0.025550414,0.02149164,0.006154066
1785207000273379588,-0.7530982,-1.2574222,0.24150312,4.8261485e-05,0.00033568795,0.0019830663,1,0.017995467,0.52157885,-0.032992475,0.12754996,0.1273947,0.09089985,0.9889453,0.13826612,-0.04860695,-0.022517178,0,6,1785207000264193,1785207000264193,-0.23901385,1.4824555,-0.94030166,1,0.025818309,0.021606281,0.0061670016
1785207000285370169,-0.834605,-1.2046334,0.24121647,4.0228333e-05,0.0003009209,0.0019401417,1,0.014926435,0.54304546,-0.052436277,0.10599217,0.106215864,0.08260779,0.98934036,0.13153683,-0.05838956,-0.02223806,0,6,1785207000280193,1785207000280193,-0.20900533,1.5357143,-1.0280173,1,0.019774292,0.016956313,0.0057529374
1785207000293378524,-0.82395273,-1.1545651,0.24361597,3.7862275e-05,0.00029668896,0.0019469177,1,0.0138149895,0.5527565,-0.06365005,0.10637227,0.10659396,0.08285147,0.98951143,0.1280766,-0.06305739,-0.022077559,0,6,1785207000288193,1785207000288193,-0.1923257,1.5601707,-1.0700308,1,0.020006862,0.017058084,0.0057656295
1785207000305392179,-0.82288724,-1.1090258,0.2462764,3.575402e-05,0.00029223837,0.0019536559,1,0.012829149,0.5627186,-0.075132504,0.10675539,0.106974594,0.08254103,0.9896589,0.124643914,-0.067531586,-0.021880416,0,6,1785207000296193,1785207000296193,-0.17464979,1.5832049,-1.1103811,1,0.020262718,0.017167369,0.005759701
1785207000313391887,-0.8623008,-1.0736079,0.24547143,3.393919e-05,0.00028745754,0.0019604315,1,0.011977488,0.57291526,-0.08685223,0.10714163,0.10735784,0.082784675,0.9898001,0.12109136,-0.071854725,-0.021670576,0,6,1785207000304193,1785207000304193,-0.15598327,1.6041218,-1.148773,1,0.020537006,0.017283438,0.005772744
1785207000325392237,-0.84712195,-0.96175194,0.24201877,3.1419622e-05,0.00027717795,0.0019735922,1,0.010695343,0.59396493,-0.11094666,0.10792381,0.1081324,0.08327438,0.99005115,0.113858335,-0.079910584,-0.021200351,0,6,1785207000320193,1785207000320193,-0.117728814,1.6438295,-1.2191932,1,0.021146644,0.017533192,0.0057993922
1785207000333453834,-0.8322088,-0.8986362,0.23988384,3.0738534e-05,0.00026422387,0.0019146457,1,0.010274875,0.60480326,-0.12329114,0.10831826,0.10852343,0.08352044,0.99014956,0.11038222,-0.083556265,-0.020926801,0,6,1785207000328193,1785207000328193,-0.09806334,1.66166,-1.2511674,1,0.021413356,0.01765905,0.005812895
1785207000345380703,-0.8479207,-0.84750473,0.2396156,3.064739e-05,0.00025877962,0.0019203612,1,0.010002671,0.6158292,-0.13581407,0.10871784,0.108917706,0.08376731,0.9902463,0.106865995,-0.08698624,-0.020624036,0,6,1785207000336193,1785207000336193,-0.07804169,1.6777506,-1.2811528,1,0.021765599,0.017801642,0.005826638
1785207000353373799,-0.8356703,-0.7859846,0.23455906,3.104751e-05,0.00025303484,0.0019258868,1,0.009879193,0.6270322,-0.1485005,0.10912101,0.1093149,0.084015,0.9903387,0.10335874,-0.090187445,-0.020311521,0,6,1785207000344193,1785207000344193,-0.058251843,1.6933023,-1.3089284,1,0.022138502,0.017950539,0.0058405586
1785207000365397232,-0.76243454,-0.6203351,0.23242739,3.3364355e-05,0.00024155114,0.0019354178,1,0.01007994,0.64994246,-0.17434722,0.10993856,0.11011835,0.08394056,0.99050593,0.09679801,-0.095629945,-0.019574324,0,6,1785207000360193,1785207000360193,-0.017924013,1.7218889,-1.3586316,1,0.02291836,0.018260267,0.0058491793
1785207000373399535,-0.75257975,-0.54709995,0.2260346,3.5303092e-05,0.00023537508,0.001939838,1,0.010409131,0.6616301,-0.18745793,0.11035312,0.110524714,0.084189005,0.9905954,0.09365749,-0.09788657,-0.019164016,0,6,1785207000368193,1785207000368193,0.0024280057,1.7341595,-1.380473,1,0.023313614,0.018419176,0.0058631995
1785207000385395537,-0.7232856,-0.46480688,0.21884492,3.7755613e-05,0.00022896919,0.0019439748,1,0.010890399,0.6734581,-0.20067455,0.11077163,0.11093423,0.08443827,0.99069303,0.09060706,-0.09983211,-0.018745601,0,6,1785207000376193,1785207000376193,0.022509994,1.7458616,-1.4003843,1,0.023712404,0.018579168,0.0058772387
1785207000393428228,-0.671887,-0.36839983,0.21112183,4.06834e-05,0.0002226042,0.001947596,1,0.011520162,0.68542236,-0.21398415,0.11119417,0.111346945,0.08468836,0.99079835,0.08775539,-0.10140373,-0.018304769,0,6,1785207000384193,1785207000384193,0.041957352,1.7570531,-1.4184638,1,0.02411383,0.01874051,0.005891282
1785207000405426734,-0.59385705,-0.15082064,0.19327591,4.7651614e-05,0.0002032152,0.0018891238,1,0.013220183,0.7097322,-0.24083456,0.11204908,0.11218187,0.085191,0.9910657,0.08259359,-0.10327712,-0.017353384,0,6,1785207000400193,1785207000400193,0.080626905,1.7770013,-1.4501884,1,0.024799088,0.019063544,0.00591916
1785207000413466309,-0.55390966,-0.046424445,0.18874863,5.182596e-05,0.00019631934,0.0018920292,1,0.014289202,0.7220632,-0.25435686,0.11248395,0.11260444,0.08544355,0.99123514,0.08025316,-0.10358023,-0.016839694,0,6,1785207000408193,1785207000408193,0.099573,1.7860413,-1.4638815,1,0.025194377,0.0192305,0.0059331055
1785207000425501785,-0.5070386,0.07474951,0.17756169,5.6308556e-05,0.00018952148,0.001894529,1,0.015497763,0.73450506,-0.2679692,0.11292309,0.11303036,0.085106865,0.9914326,0.07810007,-0.10342002,-0.016312353,0,6,1785207000416193,1785207000416193,0.117809564,1.7948496,-1.4764903,1,0.025587456,0.019399745,0.005926772
1785207000433472489,-0.4572374,0.19672233,0.1695725,6.108594e-05,0.00018253422,0.0018969231,1,0.016841777,0.74705255,-0.2816245,0.11336658,0.113459684,0.08535933,0.9916595,0.07616011,-0.10277505,-0.015759319,0,6,1785207000424193,1785207000424193,0.13571273,1.8028547,-1.4877244,1,0.025973486,0.019571083,0.005940536
1785207000445455565,-0.36882058,0.44466254,0.14773397,7.145431e-05,0.00016827307,0.0019011877,1,0.019924106,0.77244294,-0.30903468,0.1142668,0.11432869,0.08586676,0.99220806,0.07282834,-0.10002851,-0.014613001,0,6,1785207000440193,1785207000440193,0.1699439,1.8178495,-1.5076603,1,0.026733961,0.019918645,0.005967894
1785207000453445565,-0.33340028,0.56450444,0.14027895,7.687072e-05,0.00016143924,0.0019027911,1,0.021651533,0.7852797,-0.32277918,0.11472364,0.114768445,0.08612172,0.992529,0.071427755,-0.09791847,-0.0140140075,0,6,1785207000448193,1785207000448193,0.18595307,1.8247774,-1.5160888,1,0.027104875,0.020094587,0.005981457
1785207000465412370,-0.29425254,0.68807495,0.12536402,8.243379e-05,0.0001545304,0.0019043243,1,0.023496592,0.7982065,-0.33654,0.11518503,0.11521175,0.08637752,0.99287874,0.070185296,-0.09532042,-0.013418321,0,6,1785207000456193,1785207000456193,0.20145793,1.8314495,-1.5237089,1,0.027461806,0.020271935,0.0059948475
1785207000473428911,-0.25297228,0.8079177,0.11950562,8.8078465e-05,0.00014758861,0.0019058085,1,0.025454855,0.81121963,-0.35031325,0.11565102,0.11565863,0.08663415,0.9932519,0.0691202,-0.09224456,-0.012806425,0,6,1785207000464193,1785207000464193,0.21638043,1.8376164,-1.5306339,1,0.027814416,0.020450102,0.006008195
1785207000485418720,-0.18932354,1.0401449,0.097136065,9.7392316e-05,0.00013142696,0.0018431089,1,0.029692968,0.83749235,-0.37796515,0.116591804,0.11656308,0.08654155,0.99405855,0.06741392,-0.08467113,-0.011575451,0,6,1785207000480193,1785207000480193,0.24373989,1.849287,-1.5428878,1,0.028337782,0.020807989,0.006013752
1785207000493425151,-0.15070713,1.1469378,0.08568238,0.000102597114,0.00012548406,0.0018440346,1,0.03195717,0.8507483,-0.3917936,0.117071435,0.117020845,0.0867989,0.99447703,0.066777796,-0.08022456,-0.01096819,0,6,1785207000488193,1785207000488193,0.25619134,1.85503,-1.5480757,1,0.028655382,0.020989561,0.0060267346
1785207000505416684,-0.11209127,1.2553285,0.07769381,0.00010764254,0.00011972665,0.0018449344,1,0.034309648,0.8640823,-0.4056197,0.11755577,0.11748229,0.08705709,0.99489635,0.06630704,-0.07534969,-0.010351709,0,6,1785207000496193,1785207000496193,0.26768836,1.8606116,-1.5530653,1,0.028968332,0.021171365,0.006039671
1785207000513411273,-0.08066586,1.3589252,0.0683758,0.000112352864,0.00011438051,0.0018457582,1,0.0367422,0.87749255,-0.41944316,0.118044846,0.11794743,0.08731612,0.9953114,0.06598065,-0.070051365,-0.009733693,0,6,1785207000504193,1785207000504193,0.27821892,1.865966,-1.5577607,1,0.029274495,0.021354139,0.00605254
1785207000525434937,-0.053502224,1.5304327,0.052129,0.000120594865,0.00010467104,0.0018476027,1,0.04182333,0.9045284,-0.44713372,0.11903737,0.118888885,0.08721691,0.9961101,0.06546846,-0.058363143,-0.008509489,0,6,1785207000520193,1785207000520193,0.29697427,1.8759443,-1.5667887,1,0.029857542,0.021723075,0.0060565886
1785207000533472949,-0.020212991,1.6089962,0.04014313,0.00012407545,0.000100208264,0.0018487747,1,0.044456456,0.9181544,-0.46100113,0.119540855,0.11936525,0.08747664,0.99647117,0.06538195,-0.052035756,-0.007918148,0,6,1785207000528193,1785207000528193,0.30461243,1.8812499,-1.5712414,1,0.03013689,0.021908222,0.0060691824
1785207000545426338,0.018936986,1.6992772,0.029757291,0.00012447126,9.414762e-05,0.0017886977,1,0.04713812,0.93185437,-0.4748646,0.12004119,0.1198453,0.08773722,0.9967971,0.06545562,-0.04535693,-0.007343516,0,6,1785207000536193,1785207000536193,0.31105098,1.886749,-1.575621,1,0.030237898,0.022093046,0.006081719
1785207000553408704,0.013610703,1.7586658,0.022847502,0.00012662236,9.058749e-05,0.0017902963,1,0.049861886,0.9456263,-0.48872524,0.120553896,0.12032926,0.08799864,0.99708664,0.065560356,-0.038396645,-0.0067725875,0,6,1785207000544193,1785207000544193,0.3168768,1.8916513,-1.580078,1,0.030501792,0.022278644,0.0060941894
1785207000565464008,0.03145534,1.8548056,0.009253012,0.0001287743,8.4337225e-05,0.0017947744,1,0.05540443,0.97337353,-0.51644444,0.12159398,0.12130869,0.08852404,0.9975327,0.06576372,-0.023906097,-0.0056861895,0,6,1785207000560193,1785207000560193,0.32464746,1.9015615,-1.5892942,1,0.031010116,0.02265275,0.0061189705
1785207000573441294,0.0660746,1.9203197,0.0012604378,0.0001287111,8.16584e-05,0.0017977072,1,0.058200166,0.9873518,-0.53030604,0.122121416,0.121804215,0.08878802,0.99767154,0.06602405,-0.01630704,-0.005155349,0,6,1785207000568193,1785207000568193,0.32633325,1.9070987,-1.5938401,1,0.031259064,0.022839844,0.006131323
1785207000585406416,0.08125633,1.9607995,-0.0019266577,0.00012782194,7.929331e-05,0.0018011521,1,0.060999423,1.0014024,-0.54416996,0.12265382,0.122303635,0.08905285,0.997748,0.06637102,-0.008513144,-0.004628315,0,6,1785207000576193,1785207000576193,0.327153,1.9125218,-1.5985463,1,0.031500433,0.023027191,0.0061436137
1785207000593424710,0.0647421,1.9743818,-0.011771302,0.00012612974,7.718209e-05,0.0018051469,1,0.063795306,1.0155219,-0.5580876,0.123191215,0.12280698,0.08867773,0.9977659,0.06667777,-0.00063649606,-0.004127611,0,6,1785207000584193,1785207000584193,0.32697868,1.9176099,-1.6035073,1,0.031737927,0.023215031,0.0061336625
1785207000605487569,0.08418591,2.0231175,-0.024300288,0.00012033926,7.371392e-05,0.0018147889,1,0.069330975,1.0439633,-0.5859455,0.12428111,0.12382552,0.08920786,0.9976095,0.06730627,0.015332692,-0.003204786,0,6,1785207000600193,1785207000600193,0.32139188,1.9280868,-1.614151,1,0.032204237,0.023589913,0.0061581405
1785207000613492718,0.114013396,2.0500154,-0.025370454,0.00011431812,7.115801e-05,0.0017643118,1,0.07204546,1.0582886,-0.59988916,0.124821536,0.124340646,0.08947421,0.99742186,0.06774946,0.023498883,-0.0027498112,0,6,1785207000608193,1785207000608193,0.3166833,1.9338521,-1.619291,1,0.03226145,0.023775227,0.00617037
1785207000625438573,0.10788597,2.0433578,-0.03387854,0.00010978889,6.998355e-05,0.0017702077,1,0.07471468,1.0726836,-0.61384267,0.12537853,0.12485991,0.089741424,0.99716574,0.06820564,0.031673882,-0.0023264773,0,6,1785207000616193,1785207000616193,0.3113333,1.939146,-1.6246122,1,0.03248364,0.02396189,0.0061825793
1785207000633476044,0.08977712,2.01646,-0.04160083,0.00010467277,6.8974645e-05,0.0017765256,1,0.077330105,1.087145,-0.627809,0.12594064,0.1253832,0.0900095,0.9968509,0.06858738,0.039753392,-0.0019407033,0,6,1785207000624193,1785207000624193,0.30446523,1.9443609,-1.6301318,1,0.032703977,0.024147887,0.0061947918
1785207000645418232,0.10362807,2.005807,-0.04587533,9.312619e-05,6.742311e-05,0.0017900113,1,0.08234691,1.1162723,-0.6558266,0.12708029,0.12644199,0.089889735,0.99603444,0.06931195,0.05576526,-0.0012279041,0,6,1785207000640193,1785207000640193,0.2857037,1.955917,-1.6421965,1,0.03314029,0.024516901,0.006196326
1785207000653461033,0.112413794,1.9892957,-0.052525245,8.688816e-05,6.69014e-05,0.0017969656,1,0.08472728,1.1309437,-0.6698804,0.12765792,0.12697752,0.09015844,0.99552613,0.06975342,0.06372858,-0.0008979802,0,6,1785207000648193,1785207000648193,0.27499655,1.9619751,-1.6481215,1,0.033357322,0.024699809,0.0062085646
1785207000665426295,0.08418575,1.9397612,-0.05704368,8.046559e-05,6.652917e-05,0.0018039547,1,0.08701303,1.1456835,-0.6839526,0.1282408,0.12751718,0.09042802,0.994972,0.07010547,0.07152404,-0.0005977469,0,6,1785207000656193,1785207000656193,0.26308218,1.9674487,-1.6539968,1,0.033572644,0.024881344,0.0062208036
1785207000673469467,0.07752879,1.8854321,-0.055455413,7.400545e-05,6.619212e-05,0.001810947,1,0.0891933,1.1604911,-0.69804394,0.12882894,0.128061,0.090698466,0.99437857,0.07039709,0.07909074,-0.00030596723,0,6,1785207000664193,1785207000664193,0.24957883,1.973294,-1.6598041,1,0.033784024,0.025062367,0.0062330356
1785207000685447233,0.1002007,1.821527,-0.05943873,5.0256735e-05,5.377234e-05,0.0016399422,1,0.091221176,1.1897479,-0.7271331,0.106041715,0.10614056,0.08244238,0.99305266,0.07105845,0.09379343,0.00023084343,0,6,1785207000680193,1785207000680193,0.2163255,1.9859207,-1.6719348,1,0.024009781,0.019119143,0.0058012726
1785207000693443355,0.08528703,1.7610737,-0.06368875,4.542098e-05,5.381198e-05,0.0016449207,1,0.09108245,1.2042124,-0.7421143,0.106433034,0.10652839,0.08268539,0.99233145,0.0714084,0.1008901,0.00051581505,0,6,1785207000688193,1785207000688193,0.19775814,1.9917426,-1.6782593,1,0.024168072,0.019253515,0.0058132075
1785207000705487277,0.06797808,1.6833092,-0.063693136,4.0989995e-05,5.3879714e-05,0.0016494676,1,0.09082988,1.2187583,-0.75709844,0.106827915,0.10691917,0.08292922,0.9915984,0.07167039,0.10768192,0.0007816984,0,6,1785207000696193,1785207000696193,0.17800447,1.997633,-1.6845697,1,0.024323512,0.019387571,0.0058251363
1785207000713462840,0.066645496,1.6175292,-0.06449516,3.7090544e-05,5.3922548e-05,0.0016535074,1,0.0904511,1.2333875,-0.77212995,0.10722638,0.10731293,0.0826179,0.99085206,0.071911976,0.114191964,0.0010302226,0,6,1785207000704193,1785207000704193,0.1567144,2.0039182,-1.6904258,1,0.024479281,0.019520054,0.0058182213
1785207000725407823,0.06984059,1.490763,-0.071149014,3.107891e-05,5.4226963e-05,0.0016595819,1,0.08926916,1.2628964,-0.8021849,0.1080342,0.108109474,0.08310635,0.9893177,0.072443925,0.1264927,0.001433764,0,6,1785207000720193,1785207000720193,0.111269556,2.0164201,-1.7006437,1,0.02479797,0.019777728,0.0058421376
1785207000733490851,0.05439481,1.3930247,-0.07408003,2.910005e-05,5.4508484e-05,0.0016614641,1,0.08845583,1.2777743,-0.817204,0.10844362,0.10851228,0.08335178,0.98856443,0.072634555,0.13214417,0.001585511,0,6,1785207000728193,1785207000728193,0.087904945,2.022748,-1.7050836,1,0.024958838,0.019904247,0.0058541344
1785207000745423912,0.056526396,1.2947539,-0.071153544,2.790935e-05,5.476091e-05,0.0016625873,1,0.08748522,1.2927346,-0.8322146,0.108856745,0.108918145,0.08359804,0.9878345,0.072819114,0.13739567,0.0017159834,0,6,1785207000736193,1785207000736193,0.06345067,2.029186,-1.7091786,1,0.0251186,0.02002941,0.0058661257
1785207000753503934,0.07303811,1.2129947,-0.067961514,2.7533953e-05,5.5002187e-05,0.0016629066,1,0.08634844,1.3077776,-0.847214,0.10927361,0.10932708,0.083845116,0.9871223,0.0730502,0.14230219,0.0018277848,0,6,1785207000744193,1785207000744193,0.038089562,2.035864,-1.7126096,1,0.025279202,0.020151699,0.0058780974
1785207000765510645,0.050400123,1.0066003,-0.06662259,2.9213305e-05,5.5132725e-05,0.0016240802,1,0.08355411,1.3381026,-0.8772057,0.11011741,0.11015407,0.083770126,0.98579735,0.073506854,0.15098542,0.0019823508,0,6,1785207000760193,1785207000760193,-0.013478577,2.0476782,-1.7181693,1,0.025540456,0.020385437,0.005882597
1785207000773481859,0.060520865,0.87211037,-0.06476442,3.135308e-05,5.5518452e-05,0.0016217399,1,0.08189375,1.3533795,-0.89219075,0.110545635,0.11057229,0.084017985,0.98522335,0.073692866,0.15459704,0.0020106107,0,6,1785207000768193,1785207000768193,-0.039399993,2.0539775,-1.7200156,1,0.025703654,0.020501854,0.005894607
1785207000785440279,0.06930948,0.72537017,-0.059970118,3.4311342e-05,5.5845016e-05,0.0016186399,1,0.080054216,1.3687354,-0.9071526,0.11097772,0.110993646,0.08426667,0.98472446,0.07392048,0.15763745,0.0020069443,0,6,1785207000776193,1785207000776193,-0.06573993,2.0606613,-1.7218595,1,0.025867254,0.02061568,0.005906601
1785207000793497838,0.08102745,0.5727711,-0.053311903,3.8069553e-05,5.6137033e-05,0.0016147754,1,0.07803259,1.3841726,-0.92208934,0.11141369,0.11141814,0.08451618,0.9843097,0.074202456,0.16007687,0.0019760043,0,6,1785207000784193,1785207000784193,-0.092150696,2.067279,-1.7229713,1,0.026033893,0.020726744,0.005918598
1785207000805476345,0.06691237,0.23321798,-0.041860085,4.800241e-05,5.6854886e-05,0.0016044949,1,0.073442176,1.4152741,-0.9518705,0.11229744,0.11227659,0.085017696,0.9837924,0.07467663,0.16301045,0.0018525446,0,6,1785207000800193,1785207000800193,-0.14454064,2.0795925,-1.7236551,1,0.026374796,0.020943206,0.0059427056
1785207000813430126,0.08448921,0.04573137,-0.037066847,5.402793e-05,5.716289e-05,0.0015983465,1,0.07087648,1.4309388,-0.9667093,0.11274529,0.11271057,0.0852697,0.9837046,0.074972436,0.16340601,0.0017313432,0,6,1785207000808193,1785207000808193,-0.17003846,2.0861828,-1.7230355,1,0.026542675,0.02104914,0.0059547396
1785207000825427009,0.09114704,-0.15214153,-0.027479626,6.060892e-05,5.742047e-05,0.0015916934,1,0.06813504,1.44668,-0.9815075,0.11319717,0.113147736,0.08552253,0.9837409,0.075312905,0.16303208,0.0015771816,0,6,1785207000816193,1785207000816193,-0.19510804,2.0925453,-1.721951,1,0.026713384,0.021152448,0.0059667923
1785207000833456785,0.09381074,-0.35374266,-0.019224608,6.672113e-05,5.722512e-05,0.0015554299,1,0.06522124,1.4624951,-0.99631846,0.11365176,0.11358788,0.08518505,0.9839069,0.07567271,0.16186085,0.0013978273,0,6,1785207000824193,1785207000824193,-0.22000408,2.0987833,-1.7206197,1,0.026831197,0.021251725,0.0059585758
1785207000845457315,0.1044625,-0.7660001,-0.001116033,8.2173276e-05,5.7825935e-05,0.0015397454,1,0.058883265,1.4943491,-1.0258087,0.11457574,0.1144782,0.08569141,0.9846156,0.076482624,0.1571036,0.00091933267,0,6,1785207000840193,1785207000840193,-0.26779607,2.112026,-1.7178468,1,0.027181713,0.021451624,0.005982784
1785207000853530834,0.11325243,-0.98171604,0.009006034,9.0322355e-05,5.804017e-05,0.0015315652,1,0.055469275,1.5103892,-1.0404904,0.115043946,0.114928186,0.085945845,0.9851549,0.07692468,0.15346633,0.0006441767,0,6,1785207000848193,1785207000848193,-0.29085124,2.1186268,-1.7165502,1,0.027356507,0.0215502,0.0059948997
1785207000865422556,0.12736575,-1.1934373,0.018327368,9.864784e-05,5.8237252e-05,0.0015232262,1,0.05189784,1.5265051,-1.0551327,0.115516335,0.11538141,0.08620112,0.98580503,0.07742499,0.14897522,0.00032134922,0,6,1785207000856193,1785207000856193,-0.31317815,2.1254592,-1.7155969,1,0.027533785,0.02164665,0.006007043
1785207000873445609,0.13269125,-1.3886471,0.0327061,0.00010716209,5.8457917e-05,0.0015146744,1,0.048174832,1.5426956,-1.0697386,0.11599294,0.115837865,0.08645724,0.98654616,0.077963725,0.14369509,-1.6433112e-05,0,6,1785207000864193,1785207000864193,-0.33470073,2.1320646,-1.7147793,1,0.027711049,0.021741508,0.0060191914
1785207000885458062,0.12283836,-1.7566961,0.048151225,0.00012418823,5.88185e-05,0.0014976533,1,0.040300753,1.5752996,-1.0988927,0.11695894,0.116760485,0.08636431,0.988243,0.07899923,0.1308987,-0.0007604039,0,6,1785207000880193,1785207000880193,-0.3749661,2.1455646,-1.7132488,1,0.028065588,0.021932667,0.0060227355
1785207000893477688,0.13269132,-1.9282036,0.061471943,0.00013035779,5.856422e-05,0.0014667298,1,0.036166392,1.5917135,-1.1134421,0.11744677,0.11722638,0.08662116,0.9891601,0.07952815,0.12343607,-0.0011560497,0,6,1785207000888193,1785207000888193,-0.39358518,2.152519,-1.7124279,1,0.028197264,0.02202741,0.0060350206
1785207000905436458,0.12949668,-2.0850637,0.07158472,0.00013814543,5.874578e-05,0.001458943,1,0.031910952,1.6082017,-1.1279584,0.11794045,0.11769583,0.08687885,0.9900951,0.08006694,0.11531946,-0.001563411,0,6,1785207000896193,1785207000896193,-0.41091785,2.159246,-1.7120208,1,0.02837673,0.022122232,0.006047364
1785207000913416199,0.10552961,-2.2128954,0.07690439,0.00014562017,5.8964397e-05,0.0014514314,1,0.02754364,1.6247622,-1.1424459,0.11843849,0.11816854,0.087137386,0.9910272,0.08052671,0.10666171,-0.0019807795,0,6,1785207000904193,1785207000904193,-0.4271395,2.1658087,-1.7119334,1,0.028552543,0.022217859,0.006059704
1785207000925452537,0.11325127,-2.4469872,0.09610049,0.00015883724,5.924741e-05,0.0014382949,1,0.01851458,1.658099,-1.1713527,0.11944777,0.11912382,0.08765701,0.9927975,0.08133412,0.08791996,-0.0028233936,0,6,1785207000920193,1785207000920193,-0.45508528,2.1800122,-1.7140033,1,0.028903384,0.022412682,0.0060845953
1785207000933483565,0.10872316,-2.5694933,0.1054026,0.00016421225,5.9426166e-05,0.0014329229,1,0.013878452,1.6748827,-1.1857883,0.11995907,0.1196064,0.08791811,0.99360317,0.081781104,0.07780716,-0.00325264,0,6,1785207000928193,1785207000928193,-0.46652234,2.187255,-1.7162205,1,0.029083272,0.022512026,0.0060971966
1785207000945431675,0.06931032,-2.6712265,0.112850636,0.00016859747,5.965325e-05,0.0014284921,1,0.009177462,1.6917379,-1.2002181,0.12047486,0.12009229,0.08818006,0.9943466,0.08208487,0.067257136,-0.0036727304,0,6,1785207000936193,1785207000936193,-0.47667852,2.1937313,-1.7187177,1,0.029262425,0.022612518,0.0061098565
1785207000953454167,0.052797806,-2.743663,0.116061635,0.00017189451,5.984913e-05,0.0014251808,1,0.0044212886,1.7086635,-1.2147027,0.12099517,0.12058149,0.08781452,0.99500495,0.082280055,0.05637574,-0.0041014478,0,6,1785207000944193,1785207000944193,-0.48542404,2.2007747,-1.7218912,1,0.029438056,0.022714434,0.006100781
1785207000965464525,0.08422087,-2.8701634,0.13470793,0.00017232564,5.993036e-05,0.0014035606,1,-0.005201246,1.7427412,-1.2437011,0.122047104,0.12156957,0.088338956,0.9959799,0.08278823,0.03385035,-0.004940158,0,6,1785207000960193,1785207000960193,-0.49726322,2.216082,-1.7322267,1,0.029751867,0.02292287,0.0061264024
1785207000973441340,0.039747257,-2.9348798,0.14240214,0.00017165378,6.021594e-05,0.0014041278,1,-0.010037042,1.7598937,-1.2582358,0.12258098,0.12206884,0.08860247,0.9962925,0.082951926,0.02218116,-0.005335619,0,6,1785207000968193,1785207000968193,-0.50018865,2.2230575,-1.7388327,1,0.029928884,0.023030112,0.006139318
1785207000985434987,0.0016644921,-2.9726956,0.14668569,0.00016954377,6.0523937e-05,0.0014061106,1,-0.014870978,1.7771176,-1.2728025,0.12311949,0.122571506,0.08886684,0.9964875,0.08290676,0.010321621,-0.005722984,0,6,1785207000976193,1785207000976193,-0.50171447,2.2303624,-1.7458581,1,0.0301054,0.02313914,0.0061522694
1785207000993461807,0.023503706,-2.9817495,0.15123108,0.00016603291,6.0866078e-05,0.001409461,1,-0.019692281,1.7944201,-1.2874054,0.12366264,0.12307759,0.08913207,0.9965379,0.08290084,-0.0016008387,-0.00609429,0,6,1785207000984193,1785207000984193,-0.5017061,2.2387588,-1.7534896,1,0.030284118,0.023250453,0.006165312
1785207001005457367,0.043473102,-2.9990616,0.16638386,0.00015482845,6.163534e-05,0.0014202611,1,-0.029230297,1.8292696,-1.3168237,0.12476306,0.12410004,0.08901936,0.99618995,0.08311281,-0.025529638,-0.0067858533,0,6,1785207001000202,1785207001000202,-0.49420494,2.2550592,-1.77303,1,0.030645553,0.023480128,0.006169147
1785207001013528612,-0.009786116,-3.0038552,0.17117174,0.00014726448,6.209517e-05,0.0014275482,1,-0.033908,1.8468083,-1.3316607,0.12532039,0.12461649,0.08928526,0.99581665,0.08300308,-0.037543226,-0.007091746,0,6,1785207001008202,1785207001008202,-0.4871182,2.2626584,-1.784498,1,0.03082867,0.02359862,0.006182344
1785207001025496408,0.009922173,-2.9844122,0.17041014,0.00013865012,6.260109e-05,0.00143584,1,-0.03850332,1.864427,-1.346572,0.12588252,0.12513645,0.089552045,0.99530107,0.08288621,-0.049508415,-0.0073927846,0,6,1785207001016202,1785207001016202,-0.47791982,2.271489,-1.7969807,1,0.031011157,0.02371939,0.006195544
1785207001033449176,0.048533164,-2.9489925,0.17441009,0.0001275342,6.272666e-05,0.0014264248,1,-0.042999137,1.8821311,-1.3615625,0.12644565,0.12565956,0.08981969,0.99463946,0.08290115,-0.06132762,-0.0076679583,0,6,1785207001024202,1785207001024202,-0.46646783,2.2801156,-1.8094566,1,0.031152377,0.023838814,0.0062087774
1785207001045451107,-0.01830974,-2.8994608,0.18154165,0.000107123946,6.374519e-05,0.0014461855,1,-0.051614925,1.9177722,-1.3917919,0.12759383,0.12671731,0.0903576,0.99292886,0.08281993,-0.08465812,-0.008133133,0,6,1785207001040202,1785207001040202,-0.43607202,2.295128,-1.8364736,1,0.03152359,0.02408971,0.0062353
1785207001053475813,-0.03269116,-2.84007,0.18185091,9.648983e-05,6.4290834e-05,0.0014564593,1,-0.055700656,1.9357018,-1.4070444,0.12817532,0.12725164,0.09062787,0.9919158,0.08250933,-0.09604987,-0.008357729,0,6,1785207001048202,1785207001048202,-0.41801754,2.303519,-1.8503995,1,0.03171011,0.024218166,0.006248548
1785207001065454270,-0.013517153,-2.7681644,0.18611571,8.597077e-05,6.4774234e-05,0.0014666802,1,-0.05961747,1.9537112,-1.4223874,0.12876177,0.12778963,0.09089902,0.9907971,0.082257584,-0.10715367,-0.008536299,0,6,1785207001056202,1785207001056202,-0.39768744,2.3119721,-1.8639637,1,0.031896863,0.024348538,0.006261759
1785207001073441894,0.002994528,-2.7034497,0.18690911,7.580794e-05,6.519376e-05,0.0014766096,1,-0.06334682,1.9718014,-1.4378809,0.12935324,0.1283313,0.0905035,0.98958033,0.08207594,-0.11797919,-0.008681409,0,6,1785207001064202,1785207001064202,-0.3750254,2.3207538,-1.8772942,1,0.032085784,0.024480926,0.006251664
1785207001085485656,-0.062560834,-2.5383317,0.18848322,5.380423e-05,5.5034016e-05,0.001412808,1,-0.067491576,2.0077057,-1.4703392,0.10625593,0.10639881,0.08227888,0.9869461,0.08129444,-0.1387413,-0.00892366,0,6,1785207001080202,1785207001080202,-0.322236,2.3358808,-1.9047905,1,0.023175217,0.018752413,0.005815023
1785207001093463873,-0.04977828,-2.4296746,0.18688384,4.587525e-05,5.5360753e-05,0.0014205928,1,-0.06792326,2.0255318,-1.4872743,0.10665456,0.106786504,0.08252148,0.98555464,0.08090005,-0.14850858,-0.009089204,0,6,1785207001088202,1785207001088202,-0.29187667,2.3437576,-1.917813,1,0.023317741,0.01886137,0.0058274977
1785207001105491132,-0.03406776,-2.3444536,0.19354601,3.8670594e-05,5.520902e-05,0.001406365,1,-0.068146214,2.0434453,-1.50426,0.107055806,0.107176624,0.082764894,0.9841215,0.080549136,-0.15789948,-0.009197383,0,6,1785207001096202,1785207001096202,-0.25928217,2.351951,-1.9299222,1,0.023434065,0.018967269,0.0058399667
1785207001113470111,-0.04711604,-2.2549727,0.1937949,3.314691e-05,5.5465844e-05,0.0014118147,1,-0.06814758,2.0614445,-1.5212938,0.10746136,0.1075699,0.083009124,0.9826575,0.08018425,-0.16693956,-0.009271658,0,6,1785207001104202,1785207001104202,-0.22563338,2.359291,-1.9417739,1,0.0235843,0.019079162,0.0058524427
1785207001125500857,-0.057767063,-1.9873238,0.18874657,2.612493e-05,5.6005614e-05,0.001418663,1,-0.06744662,2.0976818,-1.5555409,0.10828313,0.10836503,0.08293975,0.9797724,0.07928607,-0.18350144,-0.009337014,0,6,1785207001120202,1785207001120202,-0.15460171,2.3744223,-1.9631035,1,0.023888594,0.01930754,0.0058581843
1785207001133512247,-0.05963378,-1.8730748,0.18794441,2.4854764e-05,5.6049284e-05,0.0014200723,1,-0.06671668,2.115922,-1.5727422,0.1086994,0.10876698,0.08318479,0.97837055,0.07884743,-0.19101617,-0.009327054,0,6,1785207001128202,1785207001128202,-0.116450936,2.3816636,-1.9721614,1,0.024042226,0.019423177,0.0058704573
1785207001145448152,-0.05537088,-1.7657489,0.18901367,2.5183494e-05,5.612379e-05,0.001419852,1,-0.06571779,2.1342387,-1.5899687,0.1091193,0.1091719,0.083430655,0.9769949,0.07840837,-0.19810927,-0.009272072,0,6,1785207001136202,1785207001136202,-0.077777654,2.3887136,-1.9804658,1,0.024202298,0.019539822,0.0058827633
1785207001153445506,-0.040459257,-1.6179433,0.18661718,2.712568e-05,5.629142e-05,0.001417925,1,-0.064446695,2.1526327,-1.6072147,0.109542884,0.10957983,0.083677344,0.9756758,0.07802764,-0.20465656,-0.00917455,0,6,1785207001144202,1785207001144202,-0.03893049,2.39597,-1.9877466,1,0.024364842,0.019658078,0.0058950298
1785207001165467225,-0.056436658,-1.2887771,0.16850312,3.5897705e-05,5.6428667e-05,0.0014093812,1,-0.06107229,2.1896372,-1.6417369,0.11040121,0.11040493,0.084173195,0.9733384,0.07722295,-0.21579866,-0.008936007,0,6,1785207001160202,1785207001160202,0.040578485,2.4089131,-1.9991603,1,0.024686757,0.01989968,0.0059192264
1785207001173451644,-0.054573514,-1.119666,0.16504379,4.2493662e-05,5.587259e-05,0.0013763916,1,-0.05895288,2.208243,-1.6589985,0.11083382,0.110822015,0.084422365,0.9723421,0.07681185,-0.22039482,-0.008778575,0,6,1785207001168202,1785207001168202,0.08091928,2.4152355,-2.0035105,1,0.024812186,0.020016845,0.0059313383
1785207001185448806,-0.009566603,-0.912471,0.1597246,5.0636143e-05,5.5942637e-05,0.0013683607,1,-0.056546967,2.2269201,-1.6762533,0.11127236,0.111242495,0.08467237,0.97148955,0.07654438,-0.22422312,-0.008549309,0,6,1785207001176202,1785207001176202,0.120646484,2.4223409,-2.0069864,1,0.024980227,0.020141097,0.0059433905
1785207001193427123,0.0050811595,-0.6874351,0.1506633,6.020045e-05,5.605533e-05,0.0013588647,1,-0.05385706,2.2456675,-1.693537,0.11171474,0.1116662,0.08434371,0.970818,0.07639031,-0.22717585,-0.008260249,0,6,1785207001184202,1785207001184202,0.1600787,2.428506,-2.0091074,1,0.025146332,0.020266898,0.00593553
1785207001205464803,-0.003174935,-0.21312606,0.12456368,8.323006e-05,5.576325e-05,0.0013364886,1,-0.047638524,2.2833505,-1.7280099,0.112611175,0.11252359,0.08484443,0.9700888,0.07608417,-0.23039289,-0.0076200776,0,6,1785207001200202,1785207001200202,0.23665087,2.43995,-2.0085437,1,0.025478862,0.020525182,0.005959224
1785207001213495510,0.016798418,0.05452194,0.112047374,9.633133e-05,5.559141e-05,0.0013237392,1,-0.04412253,2.3022854,-1.7451805,0.113065295,0.11295735,0.08509605,0.9700722,0.07601322,-0.2304982,-0.007250173,0,6,1785207001208202,1785207001208202,0.27373046,2.4458928,-2.00658,1,0.025649382,0.020656828,0.0059711076
1785207001225449830,0.026918458,0.3160442,0.09953055,0.00011032238,5.5468583e-05,0.0013100501,1,-0.040341333,2.3212817,-1.762296,0.1135234,0.113394536,0.085348494,0.9702941,0.07600694,-0.22957677,-0.006833083,0,6,1785207001216202,1785207001216202,0.31011525,2.4515498,-2.003355,1,0.02582173,0.020790745,0.0059830165
1785207001233429700,0.043962784,0.5831593,0.08408408,0.00012512988,5.522582e-05,0.001295664,1,-0.036301482,2.340338,-1.7793485,0.11398553,0.1138352,0.08560178,0.97075176,0.07608238,-0.22762205,-0.006382843,0,6,1785207001224202,1785207001224202,0.34546417,2.4572816,-1.999255,1,0.025986979,0.020927649,0.0059947544
1785207001245463262,0.06793035,1.1485485,0.055321936,0.007711888,0.0023628317,0.07997656,1,-0.027480526,2.378629,-1.8132902,0.11492192,0.114727095,0.0855151,0.97237957,0.07913569,-0.21948072,0.006628399,0,7,1785207001240202,1785207001240202,0.4123639,2.4683044,-1.9890435,1,0.02632741,0.021210467,0.005997945
1785207001253480804,0.08550735,1.426316,0.039609108,0.0086890785,0.0023410732,0.0790212,1,-0.022718145,2.3978627,-1.8301722,0.115396254,0.115178436,0.08576912,0.97352713,0.07935841,-0.2142313,0.007220122,0,7,1785207001248202,1785207001248202,0.44418347,2.4745219,-1.9839867,1,0.02646159,0.021414408,0.0060099172
1785207001265467607,0.102018245,1.7072799,0.021232814,0.009680554,0.0023181965,0.07805267,1,-0.01773171,2.4171596,-1.8469843,0.1158746,0.11563316,0.08602398,0.97487515,0.079645835,-0.2078782,0.007847539,0,7,1785207001256202,1785207001256202,0.47507888,2.4806592,-1.97934,1,0.026608322,0.02178004,0.006021813
1785207001273457746,0.10628018,1.9778568,0.0033944983,0.010664951,0.0022899946,0.07709652,1,-0.012527475,2.4365187,-1.8637315,0.116357,0.11609133,0.086279675,0.976401,0.07996817,-0.20043477,0.008499752,0,7,1785207001264202,1785207001264202,0.5051934,2.48686,-1.9753672,1,0.026767226,0.02232664,0.0060337377
1785207001285443557,0.097758174,2.4790633,-0.027231118,0.012557146,0.0022347204,0.075259745,1,-0.0014937592,2.4754267,-1.8970659,0.117334016,0.11701838,0.08679359,0.97984433,0.08056816,-0.1825283,0.00987012,0,7,1785207001280202,1785207001280202,0.5625321,2.4993336,-1.9709918,1,0.027124714,0.02410111,0.0060578566
1785207001293478692,0.103885315,2.7198133,-0.03762286,0.01346805,0.0022067302,0.0743769,1,0.004319096,2.4949763,-1.9136739,0.11782868,0.11748755,0.08705181,0.9817002,0.0808533,-0.17209087,0.010598478,0,7,1785207001288202,1785207001288202,0.58932376,2.506011,-1.9703114,1,0.027318299,0.025358278,0.006069961
1785207001305442441,0.12279182,2.9171536,-0.055472024,0.014333616,0.0021816147,0.07353651,1,0.010316348,2.5145926,-1.9302529,0.11832749,0.11796075,0.087310866,0.9835759,0.08119363,-0.16080275,0.011340395,0,7,1785207001296202,1785207001296202,0.6149612,2.5127857,-1.9706105,1,0.027525108,0.026858646,0.0060821185
1785207001313492896,0.13344026,3.0833352,-0.07304193,0.015133355,0.002155777,0.072762676,1,0.016487757,2.5342748,-1.9468591,0.11883048,0.11843822,0.08695473,0.9854205,0.08158063,-0.14881176,0.012086917,0,7,1785207001304202,1785207001304202,0.6390423,2.5193515,-1.9720358,1,0.027733855,0.028616935,0.0060729766
1785207001325469739,0.07724509,3.3925252,-0.107371025,0.010554648,0.0013499396,0.045511376,1,0.029518979,2.5739272,-1.9800521,0.11984419,0.119406216,0.08747338,0.9889398,0.08204714,-0.12283911,0.013302282,0,7,1785207001320202,1785207001320202,0.6821666,2.5319228,-1.9803742,1,0.027984329,0.029447624,0.0060973996
1785207001333481230,0.072716996,3.4881318,-0.12550183,0.010905196,0.0013375422,0.045173302,1,0.03624467,2.5938468,-1.9966737,0.12035983,0.11989798,0.087733984,0.9905377,0.08210608,-0.10910761,0.013758167,0,7,1785207001328202,1785207001328202,0.7016587,2.538736,-1.987045,1,0.028183796,0.031169856,0.0061097518
1785207001345462922,0.09348801,3.5674934,-0.1441624,0.011179227,0.0013287526,0.044908118,1,0.04309189,2.6138325,-2.0133338,0.12087975,0.12039498,0.08799543,0.9919736,0.08220205,-0.09502833,0.014174858,0,7,1785207001336202,1785207001336202,0.7188186,2.5460606,-1.9960731,1,0.028377587,0.0330529,0.0061220755
1785207001353459664,0.100151174,3.66683,-0.16011578,0.011374811,0.0013200988,0.044721242,1,0.050039023,2.6338878,-2.0300474,0.12140398,0.12089757,0.08825773,0.99323654,0.082349755,-0.08054691,0.01455802,0,7,1785207001344202,1785207001344202,0.73298633,2.55337,-2.006366,1,0.02856862,0.03507881,0.006134407
1785207001365486183,0.046616435,3.7688286,-0.19208775,0.011494433,0.0013061072,0.044615757,1,0.064163476,2.6741927,-2.0637262,0.122465454,0.12192086,0.08815167,0.9952105,0.08218932,-0.05069874,0.015185214,0,7,1785207001360202,1785207001360202,0.75568527,2.567479,-2.0321236,1,0.02896608,0.039479494,0.0061373026
1785207001373475140,0.056475572,3.7986562,-0.20354094,0.011410104,0.0013027353,0.04470353,1,0.071302384,2.6944478,-2.0807233,0.12300276,0.12244238,0.088414624,0.9958707,0.082088776,-0.035570398,0.01542225,0,7,1785207001368202,1785207001368202,0.76208824,2.5747752,-2.04768,1,0.02916689,0.04186218,0.0061498056
1785207001385451793,0.07058853,3.8726916,-0.21738818,0.011229816,0.0013022941,0.044884343,1,0.07845389,2.7147727,-2.0978253,0.123544484,0.12297102,0.08867843,0.9963034,0.08202534,-0.020178847,0.015630273,0,7,1785207001376202,1785207001376202,0.7648011,2.5826283,-2.0642,1,0.02937217,0.04433436,0.006162377
1785207001393474505,0.028512549,3.9184995,-0.22347173,0.009074709,0.001084024,0.03737861,1,0.08561822,2.7351873,-2.115043,0.12408846,0.12349207,0.08894308,0.9965098,0.08183677,-0.0045473557,0.015822021,0,7,1785207001384202,1785207001384202,0.76548487,2.5895996,-2.082346,1,0.029411059,0.04296014,0.0061749765
1785207001405464834,0.035434395,3.9275515,-0.24854541,0.008374487,0.0010937927,0.038069207,1,0.099833824,2.7762356,-2.149893,0.12519382,0.12457988,0.089474946,0.99618894,0.08138989,0.026821999,0.016242411,0,7,1785207001400202,1785207001400202,0.7567522,2.606464,-2.1258802,1,0.02980501,0.047356144,0.006200414
1785207001413478799,0.04129768,3.9856098,-0.25386867,0.007914158,0.0011025803,0.03852082,1,0.10682048,2.7968764,-2.1675649,0.12575327,0.12513568,0.08974216,0.9956493,0.08118084,0.042696297,0.016414605,0,7,1785207001408202,1785207001408202,0.7458742,2.614976,-2.1498904,1,0.030007323,0.049636222,0.0062132827
1785207001425513764,0.019457053,4.0220957,-0.2621017,0.0073886854,0.001113255,0.039035697,1,0.11368786,2.817591,-2.1854076,0.12631726,0.12569994,0.09001024,0.9948514,0.08089638,0.05875393,0.016569896,0,7,1785207001416202,1785207001416202,0.7324902,2.6226537,-2.1737013,1,0.030214762,0.0519728,0.0062262816
1785207001433481320,0.022381203,3.9824133,-0.27171993,0.0068108905,0.0011246386,0.03960216,1,0.12041679,2.8383772,-2.2034857,0.12688586,0.12627302,0.08962459,0.9938058,0.08055912,0.074713446,0.016681157,0,7,1785207001424202,1785207001424202,0.7164029,2.6309345,-2.1971278,1,0.030428313,0.05434841,0.006216636
1785207001445481178,0.021857344,3.9501896,-0.28049374,0.005532992,0.001148473,0.04085635,1,0.1333448,2.880161,-2.2401326,0.1280371,0.12744763,0.09016115,0.99098426,0.079879716,0.10624376,0.016788043,0,7,1785207001440202,1785207001440202,0.67198694,2.6456528,-2.2425423,1,0.030875994,0.05915237,0.0062432163
1785207001453491767,-0.014362424,3.897993,-0.2775382,0.004861216,0.0011633289,0.04151334,1,0.13949227,2.9011497,-2.2586925,0.12861983,0.12804994,0.09043074,0.9892265,0.07940964,0.121826634,0.016835382,0,7,1785207001448202,1785207001448202,0.64678365,2.6522672,-2.264071,1,0.031113284,0.061549462,0.006256687
1785207001465496964,-0.009049137,3.7573748,-0.28530663,0.0038252075,0.0010785391,0.03843941,1,0.14542902,2.9221866,-2.2773995,0.12920493,0.12862504,0.09070119,0.9872953,0.078880325,0.13690412,0.01682882,0,7,1785207001456202,1785207001456202,0.6195253,2.6595051,-2.284246,1,0.031206705,0.060507823,0.0062701963
1785207001473532611,0.0050767893,3.6223528,-0.28529742,0.0032251275,0.0010937947,0.039024286,1,0.15111469,2.9432874,-2.296242,0.12979707,0.1292428,0.09097251,0.9852229,0.07837582,0.15137884,0.01666276,0,7,1785207001464202,1785207001464202,0.58849895,2.6665056,-2.3026192,1,0.03143621,0.0625615,0.006283684
1785207001485502972,-0.029493483,3.3467312,-0.27803382,0.001445013,0.0008434205,0.029151458,1,0.15741536,2.9856384,-2.33567,0.10655763,0.107207954,0.08211262,0.9807163,0.077387124,0.17872553,0.016246406,0,7,1785207001480202,1785207001480202,0.51740545,2.6797924,-2.3346407,1,0.022564216,0.037554618,0.005826172
1785207001493521205,-0.035353757,3.133141,-0.26983285,0.0011001371,0.0008524373,0.02948736,1,0.15808202,3.006889,-2.3561962,0.10695863,0.1075425,0.08235457,0.97837216,0.07689557,0.1913291,0.016379027,0,7,1785207001488202,1785207001488202,0.47862348,2.6865952,-2.3475473,1,0.022744961,0.038589742,0.0058393143
1785207001505571980,0.00672473,2.9328704,-0.26291996,0.00079411943,0.000862842,0.029783016,1,0.15850571,3.0282094,-2.3767602,0.10736286,0.107881024,0.08259734,0.9760229,0.076553494,0.20309657,0.016452843,0,7,1785207001496202,1785207001496202,0.4375654,2.6935263,-2.3575459,1,0.02293059,0.039504036,0.005852364
1785207001513523656,0.033622917,2.740325,-0.25491393,0.0005325105,0.0008697035,0.030037807,1,0.1586679,3.0495977,-2.3973427,0.10777035,0.10822392,0.08284093,0.9736864,0.07635828,0.21408632,0.01647472,0,7,1785207001504202,1785207001504202,0.3949493,2.700301,-2.3651478,1,0.023112398,0.040356625,0.0058653783
1785207001525510428,-0.05026698,2.3091607,-0.24077936,0.00016094887,0.0008481828,0.029233718,1,0.15816425,3.0925725,-2.4385037,0.10859361,0.10890414,0.08333047,0.96927506,0.07558653,0.23349458,0.016515255,0,7,1785207001520202,1785207001520202,0.30731535,2.7110038,-2.374859,1,0.023474064,0.04085298,0.005891006
1785207001533532128,-0.039078325,2.109687,-0.22775383,6.409853e-05,0.0008544401,0.02932436,1,0.15747797,3.1141517,-2.4591043,0.10901132,0.10926395,0.083015196,0.9672356,0.07510609,0.2419566,0.016472062,0,7,1785207001528202,1785207001528202,0.26197484,2.716855,-2.3759587,1,0.02368453,0.0412282,0.0058846176
1785207001545537005,0.00086572894,1.8873135,-0.21683286,2.3688008e-05,0.0008581494,0.029361105,1,0.15649521,3.1357908,-2.4796593,0.10943248,0.10962934,0.08326042,0.96532345,0.07480746,0.24957235,0.016378028,0,7,1785207001536202,1785207001536202,0.2167013,2.722873,-2.3755858,1,0.02388773,0.041509256,0.005897179
1785207001553526003,-0.016180662,1.6433694,-0.21255894,4.19255e-05,0.00085991685,0.029341146,1,0.15521468,3.157481,-2.5001602,0.10985714,0.11000044,0.08350646,0.9636009,0.074499294,0.25624093,0.016246535,0,7,1785207001544202,1785207001544202,0.17126858,2.7273643,-2.3738446,1,0.024115128,0.04165146,0.005909719
1785207001565519007,-0.020171734,1.2313778,-0.1931224,0.00025677355,0.00086352264,0.029122794,1,0.15173145,3.2009993,-2.5409482,0.11071716,0.11076057,0.08400103,0.96072346,0.07387608,0.2670199,0.015910259,0,7,1785207001560202,1785207001560202,0.07821787,2.7363656,-2.3649135,1,0.024593307,0.041285105,0.00593399
1785207001573547189,-0.040945027,1.0225871,-0.18352893,0.00045674737,0.00086350914,0.028922886,1,0.14952213,3.2228236,-2.561213,0.11115263,0.111149974,0.084249556,0.9595687,0.073539175,0.2712428,0.01573,0,7,1785207001568202,1785207001568202,0.03215654,2.739991,-2.3586237,1,0.024828263,0.0408774,0.0059458264
1785207001585550844,-0.05479455,0.7959511,-0.17581022,0.0007153902,0.00086205447,0.028665753,1,0.14700316,3.2446864,-2.581381,0.111591786,0.11154568,0.08449892,0.9586482,0.073140375,0.2745951,0.0155452425,0,7,1785207001576202,1785207001576202,-0.013649106,2.74402,-2.3510141,1,0.025076516,0.040341247,0.005957575
1785207001593544691,-0.04653783,0.58476216,-0.16675703,0.0010292354,0.0008603593,0.028353661,1,0.14417285,3.2665918,-2.6014428,0.11203469,0.11194771,0.08474912,0.9579539,0.072781414,0.27711448,0.015327192,0,7,1785207001584202,1785207001584202,-0.05957432,2.7481675,-2.3421319,1,0.02531671,0.039607428,0.005968985
1785207001605608771,-0.036682796,0.20925608,-0.14758153,0.0017802079,0.0008348613,0.026984004,1,0.13755779,3.310541,-2.6412842,0.11293124,0.11276796,0.08466971,0.9571829,0.0722095,0.27994567,0.014736539,0,7,1785207001600202,1785207001600202,-0.15065032,2.7553046,-2.3216872,1,0.025743563,0.037447955,0.005971271
1785207001613561158,-0.046802923,0.026296824,-0.14118993,0.0022273734,0.00082803925,0.026543722,1,0.13378519,3.3325655,-2.66102,0.1133857,0.1131892,0.0849207,0.95710933,0.071913965,0.28029117,0.014389904,0,7,1785207001608202,1785207001608202,-0.19568366,2.7584481,-2.3104596,1,0.025991615,0.036485035,0.0059823846
1785207001625598157,-0.044406217,-0.16278799,-0.1334666,0.0027015146,0.0008218522,0.026075818,1,0.12970515,3.3546224,-2.680626,0.113844074,0.11361639,0.08517252,0.9572455,0.07163025,0.27991694,0.014023605,0,7,1785207001616202,1785207001616202,-0.24000241,2.7616472,-2.2983286,1,0.026237343,0.035392847,0.005993242
1785207001633575031,-0.036150273,-0.347345,-0.12387953,0.0031994225,0.0008163723,0.025583444,1,0.12532477,3.3767118,-2.7000952,0.1143064,0.114049405,0.08542518,0.95758665,0.071401685,0.2788257,0.013633714,0,7,1785207001624202,1785207001624202,-0.28297585,2.7650354,-2.2853098,1,0.026487518,0.03424081,0.0060039954
1785207001645570029,-0.020438934,-0.77504873,-0.104969986,0.0042239493,0.00079784135,0.024577584,1,0.11568872,3.4209871,-2.7386184,0.11524305,0.11493216,0.08593302,0.958929,0.07107474,0.27429938,0.012783972,0,7,1785207001640202,1785207001640202,-0.36670882,2.7714047,-2.259617,1,0.026935587,0.0319932,0.0060253553
1785207001653584936,-0.0063241255,-1.0134019,-0.091920264,0.0047279485,0.0007897109,0.024081768,1,0.11044647,3.4431713,-2.7577453,0.11571743,0.11538143,0.08559139,0.959963,0.071010634,0.27069753,0.012306348,0,7,1785207001648202,1785207001648202,-0.40690362,2.7746484,-2.246533,1,0.027166836,0.03084913,0.006015453
1785207001665575265,0.0019301171,-1.2653368,-0.075676404,0.0052204067,0.0007838831,0.023595203,1,0.10493402,3.465386,-2.7767332,0.1161959,0.115835756,0.08584564,0.96124333,0.07100646,0.2661392,0.011798996,0,7,1785207001656202,1785207001656202,-0.44569117,2.7778418,-2.2334661,1,0.027394334,0.029724464,0.006026005
1785207001673582408,0.020840336,-1.5423058,-0.06182433,0.005640461,0.00076873385,0.022913864,1,0.09914508,3.4876294,-2.795586,0.11667777,0.11629455,0.0861007,0.9627821,0.071078345,0.26052225,0.011252187,0,7,1785207001664202,1785207001664202,-0.4833982,2.7814806,-2.22106,1,0.027567264,0.028598888,0.006036426
1785207001685671916,0.04773477,-2.0965095,-0.026679218,0.006499098,0.0007470242,0.022077069,1,0.086823374,3.5322113,-2.832907,0.117655315,0.11722641,0.086613394,0.9665717,0.07153186,0.24601576,0.009928142,0,7,1785207001680202,1785207001680202,-0.55486584,2.788005,-2.19759,1,0.027986681,0.026657142,0.006057557
1785207001693711991,0.028829675,-2.3636243,-0.008308697,0.006882615,0.0007390406,0.021701608,1,0.080310844,3.5545452,-2.8513846,0.118150346,0.11769869,0.086871006,0.96877605,0.07174933,0.23714814,0.009266465,0,7,1785207001688202,1785207001688202,-0.5884534,2.7910116,-2.1862998,1,0.028203737,0.025818605,0.0060682925
1785207001705793856,0.045075137,-2.6070373,0.005558406,0.0072255614,0.00073067483,0.021367086,1,0.073578924,3.5769074,-2.8697956,0.118649594,0.118174896,0.086519584,0.9711247,0.07199838,0.22728719,0.0085780835,0,7,1785207001696202,1785207001696202,-0.6206211,2.7944102,-2.1750066,1,0.0283902,0.025075559,0.006057962
1785207001713702580,0.06691097,-2.8270142,0.026325151,0.0075278073,0.0007220191,0.02107357,1,0.066635974,3.5992994,-2.8880894,0.119153075,0.11865498,0.086777076,0.973561,0.0723599,0.21652031,0.007872642,0,7,1785207001704202,1785207001704202,-0.6517481,2.7976978,-2.1644917,1,0.028576234,0.024417413,0.0060686925
1785207001725739297,0.036023248,-3.2150373,0.050013576,0.00802054,0.0007047077,0.020598274,1,0.052154418,3.6441648,-2.9243588,0.1201728,0.119626045,0.08729458,0.97855395,0.0730022,0.19251348,0.0064439406,0,7,1785207001720202,1785207001720202,-0.7101345,2.8033614,-2.1469643,1,0.028928593,0.023432093,0.0060904343
1785207001733754285,0.02643029,-3.353255,0.0670653,0.008182668,0.000693205,0.020374233,1,0.044624712,3.6666298,-2.9423556,0.12068841,0.12011661,0.08755458,0.98101264,0.073231496,0.17949477,0.0057496256,0,7,1785207001728202,1785207001728202,-0.7370668,2.8061073,-2.1398082,1,0.029095035,0.023109829,0.0061014835
1785207001745704998,0.035222106,-3.456319,0.08224676,0.008320537,0.0006840406,0.020245591,1,0.03692686,3.6891212,-2.9602716,0.12120901,0.120610714,0.08781544,0.9833677,0.07350201,0.16601165,0.005053874,0,7,1785207001736202,1785207001736202,-0.762218,2.809375,-2.1336448,1,0.029274566,0.022900455,0.00611268
1785207001753637087,0.0024661317,-3.5607157,0.09313877,0.008418774,0.00067584496,0.02015562,1,0.029073529,3.7116394,-2.9781184,0.121733956,0.12110812,0.08807715,0.9856079,0.073683575,0.15208107,0.004379508,0,7,1785207001744202,1785207001744202,-0.7857791,2.8122241,-2.1291292,1,0.029447783,0.02280485,0.0061239647
1785207001765630422,-0.04200711,-3.747669,0.11581513,0.008498209,0.0006603837,0.020091774,1,0.012957221,3.7567484,-3.0137212,0.12279697,0.12211263,0.08797251,0.9896768,0.07357969,0.122947566,0.003140518,0,7,1785207001760202,1785207001760202,-0.82704264,2.8187351,-2.1263185,1,0.029775651,0.022957524,0.0061250078
1785207001773621673,-0.01697572,-3.800133,0.12620118,0.008479242,0.00065275456,0.020118441,1,0.0047202036,3.779353,-3.031514,0.12333508,0.122619815,0.08823489,0.99142945,0.073594056,0.10791278,0.0025324968,0,7,1785207001768202,1785207001768202,-0.84537894,2.8233325,-2.1284935,1,0.029937787,0.023200793,0.00613664
1785207001785617553,-0.037747435,-3.831826,0.13575397,0.008420999,0.000646031,0.020183485,1,-0.003617451,3.8019936,-3.0493102,0.12387762,0.12313029,0.08849812,0.9929703,0.07356711,0.092704445,0.0019522351,0,7,1785207001776202,1785207001776202,-0.8612342,2.8273323,-2.1333542,1,0.03010392,0.023545824,0.0061484687
1785207001793594618,-0.10272514,-3.878432,0.14159448,0.0083221905,0.00063997397,0.02028841,1,-0.012035917,3.8246646,-3.0671287,0.12442464,0.12364411,0.08876221,0.9943078,0.07329631,0.0773154,0.0014047682,0,7,1785207001784202,1785207001784202,-0.8744101,2.8306682,-2.1401782,1,0.030265128,0.023991317,0.006160399
1785207001805593333,-0.086212836,-3.9822924,0.156036,0.007982055,0.000630681,0.020626906,1,-0.029028462,3.8701024,-3.1028972,0.12553173,0.124682,0.08929294,0.9963124,0.07256897,0.04577626,0.00035430133,0,7,1785207001800202,1785207001800202,-0.8922394,2.8397226,-2.1601522,1,0.030592805,0.025154226,0.006184685
1785207001813636795,-0.10379453,-3.9945455,0.16664617,0.0077401334,0.00062793115,0.020871647,1,-0.037566476,3.892879,-3.120885,0.1260923,0.12520643,0.0895596,0.996943,0.07221902,0.029819313,-0.00015094224,0,7,1785207001808202,1785207001808202,-0.8976158,2.8441098,-2.1732078,1,0.03075782,0.02585243,0.006197042
1785207001825579733,-0.16743886,-4.003867,0.16902299,0.0074454243,0.0006265523,0.021167802,1,-0.046101086,3.915688,-3.13902,0.12665747,0.12573451,0.089179024,0.9973355,0.071627714,0.013824567,-0.0006386856,0,7,1785207001816202,1785207001816202,-0.8996234,2.8478744,-2.1878643,1,0.03093603,0.026624193,0.0061870264
1785207001833607976,-0.18767971,-4.048074,0.17252532,0.0070987837,0.0006272065,0.021513853,1,-0.05460303,3.9385312,-3.1572566,0.12722728,0.12626661,0.08944547,0.99748164,0.07087885,-0.0023181736,-0.0011264316,0,7,1785207001824202,1785207001824202,-0.8974952,2.8524551,-2.2041204,1,0.03110992,0.02745826,0.0061996174
1785207001845592494,-0.14959556,-4.0800323,0.17943843,0.006264756,0.00063055474,0.022344675,1,-0.07140546,3.9843347,-3.1940527,0.12838088,0.12734321,0.08998096,0.9969614,0.0695745,-0.034973375,-0.002078099,0,7,1785207001840202,1785207001840202,-0.88487744,2.861905,-2.2370315,1,0.03144494,0.029283341,0.006224998
1785207001853655703,-0.21616949,-4.0680504,0.17274544,0.0057904334,0.00063289586,0.022816725,1,-0.07965913,4.0072875,-3.2126167,0.12896475,0.12788805,0.09025001,0.996316,0.06872079,-0.05123669,-0.0025750226,0,7,1785207001848202,1785207001848202,-0.87336856,2.8651428,-2.2532837,1,0.031622164,0.030255057,0.0062378356
1785207001865627697,-0.23534875,-4.1037345,0.17385943,0.005289765,0.0006373494,0.02331301,1,-0.087775104,4.030269,-3.2312832,0.12955339,0.12843749,0.09051992,0.9954092,0.06770279,-0.067583375,-0.0030909504,0,7,1785207001856202,1785207001856202,-0.857734,2.8689349,-2.267997,1,0.031798173,0.03126891,0.00625069
1785207001873597418,-0.21617688,-4.1391525,0.17734231,0.0047709164,0.00064212974,0.023827137,1,-0.09572495,4.0532813,-3.2500417,0.13014683,0.12899171,0.090790704,0.9942181,0.066710345,-0.084065795,-0.003604768,0,7,1785207001864202,1785207001864202,-0.83931124,2.872658,-2.2814462,1,0.031969354,0.032312077,0.0062635415
1785207001885610761,-0.1855537,-4.113587,0.18638662,0.004242186,0.000645829,0.024348218,1,-0.103497595,4.076326,-3.2688828,0.130745,0.12955086,0.09106237,0.9927488,0.065829776,-0.100497894,-0.004071681,0,7,1785207001872202,1785207001872202,-0.8195147,2.876692,-2.2936897,1,0.03213502,0.03338029,0.006276363
1785207001893600299,-0.23965424,-4.0441036,0.18046005,0.00323139,0.0005446075,0.022066569,1,-0.10609626,4.099418,-3.2894228,0.10682826,0.10712841,0.08195609,0.9910454,0.06479697,-0.1166608,-0.004539755,0,7,1785207001880202,1785207001880202,-0.79289997,2.8797646,-2.3053138,1,0.022855816,0.02409816,0.0057952283
1785207001905625455,-0.26629633,-3.9343784,0.17970869,0.0023512458,0.0005505624,0.022940885,1,-0.110842206,4.1456957,-3.330566,0.10763268,0.107868105,0.08243957,0.9869084,0.06288765,-0.14836833,-0.0066213314,0,7,1785207001896202,1785207001896202,-0.73044765,2.8859785,-2.3238428,1,0.023159565,0.025595479,0.0058200597
1785207001913612729,-0.2098317,-3.8150678,0.18081018,0.0019419545,0.00055017235,0.023350637,1,-0.11294864,4.1688857,-3.351147,0.10803985,0.10824128,0.082682535,0.98453474,0.062037546,-0.16366155,-0.0076013408,0,7,1785207001904202,1785207001904202,-0.697428,2.889914,-2.3308616,1,0.023305615,0.026326291,0.005832401
1785207001925597488,-0.28679553,-3.4904323,0.16874707,0.0012130812,0.0005497392,0.024080044,1,-0.1165613,4.2153473,-3.3922768,0.1088643,0.10899552,0.08317089,0.9794551,0.060144298,-0.19224757,-0.009556821,0,7,1785207001920202,1785207001920202,-0.6250382,2.892917,-2.3401778,1,0.023661962,0.027747296,0.0058572
1785207001933698219,-0.32035342,-3.3322392,0.1631717,0.0009054621,0.00054967526,0.024387788,1,-0.118026,4.238603,-3.4127991,0.10928165,0.10937702,0.0834163,0.9768152,0.058889277,-0.20555413,-0.010573477,0,7,1785207001928202,1785207001928202,-0.5859566,2.8940113,-2.341764,1,0.023838071,0.028404528,0.005869486
1785207001945585040,-0.30677122,-3.118919,0.15547557,0.00063947664,0.000545918,0.02464771,1,-0.119246215,4.2618804,-3.4333088,0.10970247,0.10976162,0.08310006,0.9741678,0.057619408,-0.21804392,-0.011575254,0,7,1785207001936202,1785207001936202,-0.54649085,2.8959188,-2.3420253,1,0.024002934,0.028997013,0.0058625564
1785207001953630936,-0.271085,-2.896012,0.14802529,0.00041690248,0.000540566,0.024875695,1,-0.12021349,4.285182,-3.4537592,0.11012684,0.110149875,0.08334544,0.9715598,0.056459527,-0.22962426,-0.0125154285,0,7,1785207001944202,1785207001944202,-0.50548184,2.8980758,-2.3398826,1,0.024180872,0.029503712,0.005874723
1785207001965586599,-0.30996504,-2.4896154,0.13307159,0.000116112264,0.00053147826,0.025185682,1,-0.1213341,4.3318324,-3.494416,0.110986345,0.11093781,0.08383869,0.9665458,0.054108366,-0.25031078,-0.014350336,0,7,1785207001960202,1785207001960202,-0.4197808,2.8988264,-2.3297772,1,0.024567386,0.030350097,0.0058988724
1785207001973587900,-0.33047098,-2.2462022,0.11870381,4.2486965e-05,0.00052329164,0.025267553,1,-0.121475205,4.355168,-3.514598,0.11142157,0.11133786,0.084086545,0.9642316,0.052751843,-0.25930724,-0.0153152775,0,7,1785207001968202,1785207001968202,-0.3770907,2.8989592,-2.3222392,1,0.024743957,0.030631704,0.005910741
1785207001985604920,-0.3318044,-2.0003917,0.10805658,2.1154572e-05,0.00051288976,0.025299337,1,-0.12133105,4.3785086,-3.534665,0.111860506,0.11174223,0.08433522,0.9620979,0.05138036,-0.26732492,-0.016282769,0,7,1785207001976202,1785207001976202,-0.33312315,2.8987916,-2.3127434,1,0.0249358,0.030779684,0.005922623
1785207001993625378,-0.32195196,-1.7942629,0.101937026,5.3775624e-05,0.0005034815,0.025276177,1,-0.12089117,4.4018536,-3.5546036,0.11230319,0.1121511,0.084584735,0.9601334,0.05003601,-0.27448797,-0.017230786,0,7,1785207001984202,1785207001984202,-0.2884087,2.8985355,-2.301398,1,0.025132556,0.0308372,0.0059344256
1785207002005703965,-0.28120494,-1.3420583,0.0864895,0.0002815122,0.0004832755,0.025068736,1,-0.119114764,4.448548,-3.5941262,0.113199964,0.11298273,0.08450626,0.9567727,0.047550566,-0.28629205,-0.019020205,0,7,1785207002000212,1785207002000212,-0.19991358,2.8973782,-2.2748034,1,0.02548332,0.030645393,0.005937811
1785207002013629250,-0.29318947,-1.109032,0.078760885,0.00047625267,0.0004691767,0.024867905,1,-0.11777761,4.4718943,-3.6136544,0.11365409,0.11340565,0.08475656,0.9554488,0.046350256,-0.2908154,-0.019889735,0,7,1785207002008212,1785207002008212,-0.15524012,2.895935,-2.2596292,1,0.025650246,0.030347925,0.0059492625
1785207002025599991,-0.3065051,-0.9068981,0.07343655,0.0007266911,0.00045598787,0.024630707,1,-0.11613502,4.4952316,-3.6330154,0.11411213,0.11383352,0.08500768,0.9543527,0.045091875,-0.29452997,-0.020732319,0,7,1785207002016212,1785207002016212,-0.11042917,2.8940084,-2.2433958,1,0.025816288,0.029978937,0.005960614
1785207002033597454,-0.31476086,-0.7015683,0.06757816,0.0010294666,0.00044439847,0.024339572,1,-0.11418724,4.518555,-3.6522024,0.11457408,0.11426624,0.08525964,0.9534849,0.043797642,-0.29746085,-0.02157246,0,7,1785207002024212,1785207002024212,-0.06610544,2.8916838,-2.2261703,1,0.025986826,0.029577274,0.0059718513
1785207002045637938,-0.325946,-0.27359864,0.05452803,0.0017689752,0.00041589793,0.02362865,1,-0.10938552,4.5651517,-3.6900253,0.11550978,0.11514608,0.085766055,0.9524969,0.041216258,-0.30085242,-0.023210704,0,7,1785207002040212,1785207002040212,0.021449525,2.8861156,-2.1886325,1,0.026248278,0.028549006,0.005993795
1785207002053682531,-0.35071358,-0.07758958,0.050533526,0.0021994323,0.00040056754,0.023213563,1,-0.10653674,4.5884132,-3.708708,0.11598355,0.115593046,0.08542601,0.95237106,0.039820824,-0.3013735,-0.024035454,0,7,1785207002048212,1785207002048212,0.06430241,2.882377,-2.1682265,1,0.026370663,0.02794895,0.0059842644
1785207002065645427,-0.40584126,0.12747389,0.055592094,0.0026597853,0.00038726494,0.022766551,1,-0.10339869,4.611644,-3.727188,0.11646129,0.11604476,0.085679546,0.9524943,0.038228635,-0.30112353,-0.024857292,0,7,1785207002056212,1785207002056212,0.10594526,2.8779902,-2.147402,1,0.026509114,0.027360685,0.0059950696
1785207002073624986,-0.4628334,0.35970098,0.051595535,0.003137766,0.0003747625,0.02230111,1,-0.099979095,4.6348376,-3.7454634,0.116943024,0.116501026,0.085933916,0.95289713,0.036413252,-0.30000073,-0.025705004,0,7,1785207002064212,1785207002064212,0.14671157,2.8732507,-2.1262763,1,0.026603105,0.026758274,0.0060056346
1785207002085631244,-0.6567111,0.8518533,0.052931465,0.00411605,0.0003431783,0.021323329,1,-0.0923366,4.681098,-3.7813888,0.11791822,0.11742678,0.08644516,0.95458615,0.031850696,-0.29494342,-0.02755502,0,7,1785207002080212,1785207002080212,0.22415313,2.8618813,-2.082143,1,0.026745038,0.025511432,0.0060265786
1785207002093697589,-0.78267825,1.1144413,0.056925293,0.0046045,0.0003273998,0.020850701,1,-0.08813573,4.7041497,-3.7990336,0.11841187,0.11789612,0.08670203,0.955886,0.028889334,-0.29091305,-0.028582681,0,7,1785207002088212,1785207002088212,0.26097018,2.855131,-2.059893,1,0.02683314,0.02494029,0.006037053
1785207002105682627,-0.92755264,1.3890141,0.06624992,0.0050776904,0.00031342453,0.020391524,1,-0.083689906,4.727143,-3.8164682,0.1189095,0.11836959,0.08695973,0.95748883,0.025399286,-0.2858121,-0.029692214,0,7,1785207002096212,1785207002096212,0.2968329,2.8477097,-2.03799,1,0.026922774,0.024395067,0.0060475557
1785207002113660072,-1.0740291,1.6694434,0.07237151,0.005533647,0.00030049073,0.019948537,1,-0.07900708,4.75007,-3.8337557,0.119411126,0.11884698,0.086607136,0.959379,0.021344727,-0.2796109,-0.03088948,0,7,1785207002104212,1785207002104212,0.33169428,2.8397765,-2.0165932,1,0.02698463,0.023887021,0.0060369377
1785207002125635702,-1.3262267,2.2100675,0.089683704,0.0063737608,0.0002726683,0.019136325,1,-0.06896148,4.7957144,-3.8677201,0.120426245,0.11981365,0.08712308,0.9638933,0.01178119,-0.2639093,-0.033509914,0,7,1785207002120212,1785207002120212,0.39806828,2.822532,-1.9739052,1,0.027069762,0.023073316,0.0060576266
1785207002133600643,-1.4564542,2.4534812,0.10566798,0.0067428104,0.00025905177,0.018780934,1,-0.06361415,4.8184214,-3.8844059,0.120939724,0.12030263,0.0873823,0.9664187,0.006270267,-0.25451604,-0.03488852,0,7,1785207002128212,1785207002128212,0.42991343,2.8129113,-1.954216,1,0.027108133,0.02276539,0.006068032
1785207002145627791,-1.5893437,2.6809158,0.12404555,0.0070787743,0.00024625083,0.0184578,1,-0.058059704,4.841042,-3.9009056,0.121457145,0.12079528,0.08764236,0.96905303,0.00024341934,-0.244168,-0.03630644,0,7,1785207002136212,1785207002136212,0.46068466,2.8022082,-1.934839,1,0.027143952,0.02253162,0.006078506
1785207002153617479,-1.6681774,2.8830488,0.13574353,0.00737138,0.00023408924,0.018142385,1,-0.052313667,4.8635674,-3.917223,0.12197824,0.12129145,0.08790325,0.97173595,-0.0061378176,-0.23295441,-0.03773421,0,7,1785207002144212,1785207002144212,0.49040887,2.7917027,-1.915892,1,0.02717128,0.022383606,0.00608899
1785207002165621003,-1.8537908,3.2162135,0.17332724,0.0078535555,0.00021337917,0.017680984,1,-0.040254,4.9083233,-3.949402,0.12303265,0.12229445,0.08779939,0.9770123,-0.01981165,-0.20834701,-0.040571798,0,7,1785207002160212,1785207002160212,0.5465496,2.7667468,-1.8818302,1,0.027214518,0.022345487,0.0060883886
1785207002173630949,-1.9733686,3.3845248,0.19436818,0.008035631,0.00020317755,0.017509148,1,-0.033959825,4.930528,-3.9652903,0.1235657,0.12280128,0.08806091,0.9795342,-0.027311841,-0.19494614,-0.041986164,0,7,1785207002168212,1785207002168212,0.57257587,2.752339,-1.8673682,1,0.027221441,0.02245812,0.0060990313
1785207002185616889,-2.023434,3.508631,0.21936536,0.0081800185,0.00019310626,0.01737486,1,-0.027500084,4.9526114,-3.981038,0.12410262,0.12331164,0.08832326,0.98191094,-0.0350899,-0.18094395,-0.0433474,0,7,1785207002176212,1785207002176212,0.59805715,2.7382061,-1.8537244,1,0.027222814,0.02266013,0.006109723
1785207002193645412,-2.0463338,3.5690846,0.24416149,0.008283807,0.00018357724,0.01728064,1,-0.020880686,4.97457,-3.9966524,0.124643385,0.123825535,0.08858644,0.9840815,-0.042941842,-0.16658284,-0.044607606,0,7,1785207002184212,1785207002184212,0.6221028,2.7227569,-1.8408227,1,0.027224207,0.022949735,0.006120496
1785207002205678542,-2.1408787,3.739261,0.2942098,0.008371966,0.00016455012,0.017211564,1,-0.007231702,5.018057,-4.0275354,0.12573643,0.12486413,0.0891153,0.98771024,-0.05915124,-0.13686377,-0.04688285,0,7,1785207002200212,1785207002200212,0.6627142,2.687072,-1.8224819,1,0.027197337,0.023786796,0.0061422195
1785207002213715891,-2.1850858,3.8332694,0.3165985,0.008358648,0.0001540609,0.017235408,1,-0.0002349586,5.039561,-4.0428505,0.12628865,0.12538895,0.08938098,0.989159,-0.06748186,-0.12130816,-0.04790583,0,7,1785207002208212,1785207002208212,0.6807378,2.6669128,-1.8168356,1,0.027172763,0.024319278,0.0061531193
1785207002225662796,-2.2292843,3.8617704,0.34936446,0.008288935,0.00014249393,0.017277215,1,0.0068619945,5.060886,-4.0581555,0.12684442,0.12591733,0.089001976,0.9903074,-0.07598754,-0.105519965,-0.048814807,0,7,1785207002216212,1785207002216212,0.69770294,2.6456242,-1.8126829,1,0.027143592,0.024920274,0.006141722
1785207002233632716,-2.2476676,3.8678913,0.3749267,0.008186901,0.00013014345,0.017391637,1,0.01404867,5.0820274,-4.073407,0.12740412,0.12644984,0.0892674,0.9911364,-0.08456596,-0.08964722,-0.049605064,0,7,1785207002224212,1785207002224212,0.71204674,2.6231678,-1.8097836,1,0.02711462,0.02558574,0.006152718
1785207002245685003,-2.2117121,3.9706976,0.4262643,0.007840435,0.00010072227,0.017767597,1,0.028597223,5.123705,-4.1038156,0.12853466,0.12752698,0.08980076,0.9918726,-0.10155783,-0.057341732,-0.05086026,0,7,1785207002240212,1785207002240212,0.73146707,2.5730622,-1.8123363,1,0.027030593,0.027065925,0.0061747017
1785207002253624976,-2.218372,4.009305,0.4529578,0.007593402,8.416703e-05,0.018031219,1,0.035915643,5.1442146,-4.119024,0.12910543,0.12807189,0.09006869,0.9917789,-0.10989024,-0.04082173,-0.051306184,0,7,1785207002248212,1785207002248212,0.7376264,2.544795,-1.8176202,1,0.026984029,0.027882392,0.0061857696
1785207002265622007,-2.2665653,4.004248,0.48573473,0.007297127,6.726433e-05,0.018344434,1,0.043241523,5.1644793,-4.134256,0.12967984,0.1286212,0.09033747,0.99133176,-0.11835982,-0.02425074,-0.051616415,0,7,1785207002256212,1785207002256212,0.74155325,2.5144908,-1.8238865,1,0.026937252,0.028744437,0.0061968947
1785207002273582840,-2.251125,4.006116,0.5152442,0.006953049,5.140713e-05,0.018704401,1,0.050551686,5.184487,-4.1495895,0.13025786,0.12917489,0.089947715,0.99054724,-0.12679386,-0.007653719,-0.05177851,0,7,1785207002264212,1785207002264212,0.7418704,2.483319,-1.8305193,1,0.026890866,0.029643822,0.0061851833
1785207002285597004,-2.110989,4.0404825,0.56663054,0.0055747405,2.6537877e-05,0.018110564,1,0.058976766,5.2249417,-4.182141,0.107057154,0.107113466,0.0818153,0.9880775,-0.14269473,0.025731074,-0.051758613,0,7,1785207002280212,1785207002280212,0.72823834,2.418008,-1.8509423,1,0.019870346,0.022674842,0.005755005
1785207002293630085,-2.1344156,4.013844,0.59760725,0.0051418366,2.1245243e-05,0.018468631,1,0.06014687,5.245353,-4.199351,0.10746196,0.107488774,0.08205571,0.9864444,-0.15006201,0.04250681,-0.051009785,0,7,1785207002288212,1785207002288212,0.714829,2.3817859,-1.8633074,1,0.019849703,0.02340355,0.005766057
1785207002305673324,-2.151732,3.9683063,0.62180346,0.004707928,2.2411854e-05,0.018901393,1,0.061304018,5.265437,-4.21659,0.10786957,0.10786714,0.082296915,0.9844668,-0.15753579,0.059119813,-0.050125707,0,7,1785207002296212,1785207002296212,0.6985455,2.3444777,-1.8751853,1,0.019838678,0.024173032,0.0057771644
1785207002313634067,-2.0515914,3.9068015,0.6505034,0.004262935,3.1273114e-05,0.019337548,1,0.062421795,5.285195,-4.2338557,0.10827997,0.10824766,0.08253891,0.98222977,-0.1646719,0.07548572,-0.049091388,0,7,1785207002304212,1785207002304212,0.6794519,2.307749,-1.8864397,1,0.019825133,0.024967179,0.005788273
1785207002325613364,-1.9165702,3.702518,0.69001937,0.0033600382,7.9218014e-05,0.02019255,1,0.06444405,5.3237233,-4.2684975,0.1091091,0.10901587,0.08247128,0.9771294,-0.17771773,0.1070689,-0.046591617,0,7,1785207002320212,1785207002320212,0.6332276,2.230178,-1.9069546,1,0.019785449,0.026591375,0.005791641
1785207002333721949,-1.963975,3.5733511,0.7065493,0.0029146904,0.00012163272,0.020595508,1,0.06529738,5.342461,-4.285856,0.10952781,0.10940403,0.08271401,0.9742217,-0.18425225,0.122114055,-0.045069728,0,7,1785207002328212,1785207002328212,0.60612625,2.1880345,-1.9145007,1,0.019778209,0.027431356,0.005802695
1785207002345674756,-1.8918025,3.4213006,0.7173897,0.0024880625,0.00017675605,0.02096704,1,0.06601681,5.360839,-4.3032093,0.10994929,0.10979512,0.08295752,0.9711501,-0.19062449,0.13655388,-0.043392047,0,7,1785207002336212,1785207002336212,0.5771128,2.147108,-1.9206611,1,0.019771693,0.028267741,0.005813663
1785207002353713437,-1.747716,3.2231662,0.7325718,0.0020859635,0.00024601317,0.021299917,1,0.066590145,5.3788686,-4.320546,0.110373534,0.110189356,0.083201826,0.96804774,-0.19644223,0.15021855,-0.041576486,0,7,1785207002344212,1785207002344212,0.54746675,2.106784,-1.9247699,1,0.019767312,0.029062845,0.0058244364
1785207002365714296,-1.7107085,2.85456,0.7486301,0.0013410582,0.00042700197,0.021629466,1,0.06726131,5.41389,-4.3550324,0.11123015,0.110986486,0.08369275,0.96171063,-0.20742132,0.17518325,-0.037415624,0,7,1785207002360212,1785207002360212,0.48617122,2.026547,-1.9138101,1,0.019782238,0.03045791,0.0058455225
1785207002373714494,-1.7264197,2.672406,0.75207156,0.0010274014,0.00054363883,0.02182651,1,0.06735967,5.430899,-4.372071,0.111662626,0.11139171,0.08393944,0.958425,-0.21302003,0.18658634,-0.03506704,0,7,1785207002368212,1785207002368212,0.45693746,1.9891615,-1.8984512,1,0.019809727,0.031190287,0.005855942
1785207002385776088,-1.66463,2.4641533,0.75738436,0.00075394067,0.00067650835,0.021967141,1,0.06730671,5.4476004,-4.388917,0.112097844,0.11180088,0.08418692,0.95517015,-0.21842647,0.19718076,-0.03255316,0,7,1785207002376212,1785207002376212,0.42861226,1.9547235,-1.878774,1,0.019854026,0.031855218,0.005866133
1785207002393711703,-1.5999212,2.2601538,0.75657785,0.0005212577,0.0008246527,0.022051705,1,0.067106396,5.4640126,-4.4055753,0.1125358,0.11221412,0.08386232,0.95199335,-0.22359274,0.20693381,-0.029890776,0,7,1785207002384212,1785207002384212,0.40075478,1.9221038,-1.8544705,1,0.019918507,0.032431364,0.005856607
1785207002405725727,-1.5546525,1.9160631,0.75233465,0.0001816368,0.0011591665,0.022056865,1,0.06630163,5.4960423,-4.4380226,0.11341992,0.113053985,0.08435789,0.94583744,-0.23347105,0.22427307,-0.02417447,0,7,1785207002400212,1785207002400212,0.3527005,1.8647912,-1.7837121,1,0.0201348,0.033357285,0.0058756247
1785207002413781731,-1.5218922,1.7466941,0.75418556,8.1108825e-05,0.0013498203,0.021966768,1,0.06574722,5.511717,-4.4536867,0.11386611,0.113480836,0.08460686,0.94284993,-0.2383172,0.23193492,-0.02110048,0,7,1785207002408212,1785207002408212,0.33371675,1.8422439,-1.737829,1,0.020298783,0.033720516,0.005884781
1785207002425713838,-1.508311,1.5671896,0.7486077,2.8310189e-05,0.0015535597,0.021815859,1,0.06511834,5.527201,-4.4689217,0.114315055,0.11391245,0.08485663,0.9399581,-0.24307834,0.238897,-0.017886626,0,7,1785207002416212,1785207002416212,0.3166025,1.8210822,-1.6882415,1,0.02050534,0.033957295,0.0058936067
1785207002433770595,-1.5272207,1.3874229,0.740889,2.3468347e-05,0.0017628046,0.021611495,1,0.064422674,5.542499,-4.483706,0.114766784,0.11434893,0.08510719,0.93714553,-0.2478973,0.24514216,-0.014506553,0,7,1785207002424212,1785207002424212,0.3000164,1.7999657,-1.6365805,1,0.020760987,0.03407973,0.005902123
1785207002445737458,-1.6196347,1.073702,0.7400889,0.00015586951,0.0021548215,0.020651272,1,0.062848575,5.57255,-4.511921,0.11567842,0.11523613,0.085023396,0.9316692,-0.2579854,0.2557063,-0.007096381,0,7,1785207002440212,1785207002440212,0.27197403,1.7626623,-1.5230325,1,0.021463582,0.03376591,0.005898282
1785207002453727757,-1.650528,0.928297,0.7414142,0.00029059075,0.0023819627,0.020289447,1,0.062010802,5.5873494,-4.525253,0.11613875,0.11568773,0.08527461,0.9289897,-0.2632643,0.26011664,-0.0030746865,0,7,1785207002448212,1785207002448212,0.2611672,1.7475258,-1.4615855,1,0.021931855,0.03358607,0.005905907
1785207002465749666,-1.6593132,0.778631,0.7480745,0.00046754262,0.0026068578,0.01988764,1,0.06115307,5.602017,-4.538049,0.11660204,0.11614428,0.0855266,0.9263796,-0.26859453,0.26396295,0.0011254008,0,7,1785207002456212,1785207002456212,0.25067946,1.7331867,-1.3998612,1,0.022460097,0.03330377,0.005913292
1785207002473732390,-1.6582447,0.59061146,0.7502123,0.0006829484,0.0028226515,0.019456478,1,0.06027425,5.6165504,-4.5503187,0.11706838,0.11660574,0.08577938,0.9238961,-0.273928,0.2671125,0.005521824,0,7,1785207002464212,1785207002464212,0.23965578,1.7174271,-1.3400575,1,0.02306513,0.032937903,0.005920451
1785207002485724452,-1.6670381,0.2579834,0.7571259,0.0012067577,0.0032536879,0.018501712,1,0.058438547,5.645195,-4.5732975,0.11801061,0.11754309,0.0862873,0.9193029,-0.2846182,0.27139038,0.014896629,0,7,1785207002480212,1785207002480212,0.21775874,1.6871485,-1.2178222,1,0.024610307,0.031929485,0.005933958
1785207002493765308,-1.6689011,0.101655565,0.76352054,0.0015036986,0.0034691542,0.017989337,1,0.057491187,5.6593204,-4.584035,0.11848671,0.11801862,0.08594069,0.9171651,-0.28996927,0.27263778,0.019866126,0,7,1785207002488212,1785207002488212,0.20778513,1.6726137,-1.1552585,1,0.025502075,0.03133457,0.0059199827
1785207002505817985,-1.6422678,-0.0677163,0.77177894,0.0018138768,0.0036669322,0.017481431,1,0.056521162,5.673306,-4.5942435,0.11896634,0.11849876,0.08619482,0.91517353,-0.29523325,0.2732558,0.025020394,0,7,1785207002496212,1785207002496212,0.19635825,1.6559074,-1.0951711,1,0.026463397,0.030730026,0.005926457
1785207002513782595,-1.6001874,-0.2583963,0.7789766,0.0020833444,0.0037680143,0.016600173,1,0.055515707,5.687136,-4.6039457,0.11944954,0.11898314,0.086449556,0.91337353,-0.30032894,0.27318418,0.03035936,0,7,1785207002504212,1785207002504212,0.184202,1.6379265,-1.0370332,1,0.027373185,0.029906379,0.0059328005
1785207002525750801,-1.4992555,-0.6432216,0.7994798,0.0027110267,0.0041308827,0.015609723,1,0.053393282,5.714308,-4.621851,0.12042794,0.11996435,0.086961724,0.9104256,-0.30986124,0.27086827,0.0417328,0,7,1785207002520212,1785207002520212,0.1594393,1.600039,-0.92092305,1,0.029530954,0.028763315,0.0059458083
1785207002533759325,-1.4382687,-0.8235176,0.8058725,0.003019035,0.0043048696,0.015127774,1,0.05227837,5.7276454,-4.630052,0.120923296,0.120460786,0.087218985,0.9092667,-0.31426704,0.26869345,0.047689922,0,7,1785207002528212,1785207002528212,0.14773606,1.5815046,-0.86254996,1,0.030596964,0.02824392,0.0059524598
1785207002545750565,-1.3780793,-1.0046161,0.8048059,0.0033168308,0.0044684755,0.01466642,1,0.05112914,5.740815,-4.637758,0.121423,0.12096095,0.08747703,0.9083228,-0.3184027,0.26584908,0.053792305,0,7,1785207002536212,1785207002536212,0.13548276,1.560866,-0.805814,1,0.031663276,0.027746823,0.0059591667
1785207002553885381,-1.3535746,-1.1897156,0.78482586,0.0036038875,0.0046223644,0.014225522,1,0.04993128,5.753783,-4.644994,0.121927224,0.121464714,0.087735854,0.90756136,-0.32238385,0.26229534,0.06002003,0,7,1785207002544212,1785207002544212,0.1207164,1.534909,-0.7533459,1,0.03270706,0.027301809,0.0059660217
1785207002565782461,-1.3735456,-1.5495187,0.71264154,0.0041440125,0.004918636,0.013389219,1,0.0473274,5.7789707,-4.6583076,0.12294977,0.122482516,0.08763201,0.9064303,-0.3302864,0.25297967,0.07277673,0,7,1785207002560212,1785207002560212,0.08730258,1.4715495,-0.6573504,1,0.034514245,0.026665587,0.005959321
1785207002573752842,-1.3873943,-1.7023842,0.65991026,0.004392235,0.0050587114,0.013000974,1,0.045904286,5.791143,-4.664357,0.123468325,0.1229966,0.08789137,0.9059878,-0.3343039,0.24728867,0.0792166,0,7,1785207002568212,1785207002568212,0.06942497,1.4366093,-0.6122906,1,0.035330698,0.0264232,0.0059668305
1785207002585782075,-1.3799381,-1.844861,0.6031901,0.004526305,0.0050912546,0.012367611,1,0.0443986,5.8030186,-4.67003,0.12399125,0.123513274,0.08815135,0.9056231,-0.33830276,0.24097061,0.08562283,0,7,1785207002576212,1785207002576212,0.050697487,1.3986677,-0.57017446,1,0.03586778,0.026112102,0.0059743705
1785207002593733610,-1.3351947,-1.9825442,0.5360909,0.004735079,0.005230782,0.012019361,1,0.04279001,5.8145556,-4.675359,0.12451972,0.12403391,0.08841231,0.90535927,-0.34218588,0.23402241,0.09201702,0,7,1785207002584212,1785207002584212,0.029606126,1.3554653,-0.53384715,1,0.036671277,0.025916908,0.00598204
1785207002605804833,-1.1668857,-2.1961265,0.3882931,0.0051075397,0.0055204006,0.011357394,1,0.039206367,5.836473,-4.685138,0.12559241,0.12508503,0.08893662,0.9052523,-0.34913477,0.21855198,0.104202665,0,7,1785207002600212,1785207002600212,-0.015888175,1.2576388,-0.47314647,1,0.038024038,0.02565823,0.0059979297
1785207002613791785,-1.0664853,-2.251522,0.31451127,0.0052713025,0.005665694,0.011048379,1,0.037219252,5.8468003,-4.6896906,0.12613676,0.12561533,0.088560864,0.9054068,-0.3520751,0.21025574,0.10988267,0,7,1785207002608212,1785207002608212,-0.03896441,1.20461,-0.4466132,1,0.03864448,0.025550803,0.00598417
1785207002625749080,-0.93998307,-2.2943978,0.23436539,0.0054152384,0.005808844,0.010761347,1,0.03510087,5.856685,-4.6940107,0.12668659,0.12614907,0.08882314,0.9056988,-0.35460842,0.20171534,0.115210615,0,7,1785207002616212,1785207002616212,-0.06176509,1.1502764,-0.4222687,1,0.039329972,0.025436766,0.00599223
1785207002633813952,-0.7873866,-2.3215606,0.15500836,0.005538748,0.0059502367,0.010496496,1,0.032853875,5.866117,-4.6981163,0.12724203,0.12668607,0.08908621,0.90616816,-0.35662442,0.19298716,0.1201425,0,7,1785207002624212,1785207002624212,-0.083765544,1.0947464,-0.39988235,1,0.04003251,0.025315441,0.006000301
1785207002645799040,-0.4531642,-2.3647015,0.016519777,0.0056236596,0.0061104237,0.009830838,1,0.028019449,5.8835983,-4.705738,0.12836689,0.12776792,0.0896146,0.90772027,-0.35882935,0.17516032,0.12885797,0,7,1785207002640212,1785207002640212,-0.123536214,0.9809332,-0.3587859,1,0.040974416,0.025066264,0.0060167224
1785207002653874883,-0.3021604,-2.377485,-0.053519845,0.005693336,0.0062420308,0.0096296165,1,0.025451055,5.8916345,-4.7092743,0.12893927,0.12831429,0.08988008,0.9087561,-0.3591173,0.1660824,0.1327173,0,7,1785207002648212,1785207002648212,-0.14197643,0.9233517,-0.34023413,1,0.04172402,0.024954215,0.006024934
1785207002665786431,-0.16394462,-2.3647013,-0.12623827,0.0057431073,0.006367098,0.009454834,1,0.022784716,5.899193,-4.712642,0.12951778,0.12886377,0.09014636,0.9099526,-0.35889044,0.15697324,0.13617422,0,7,1785207002656212,1785207002656212,-0.15990727,0.864112,-0.322919,1,0.042542722,0.024833951,0.0060331463
1785207002673762723,-0.03851264,-2.3274171,-0.18588619,0.005771837,0.0064840293,0.009309227,1,0.020024814,5.9062567,-4.715854,0.1301026,0.1294163,0.09041345,0.9112509,-0.3582465,0.1479513,0.13925421,0,7,1785207002664212,1785207002664212,-0.1770496,0.8031731,-0.30774677,1,0.043410014,0.024711456,0.006041392
1785207002685786305,0.26855406,-2.2728453,-0.30039406,0.0047017727,0.0054229107,0.007537244,1,0.01537319,5.9216213,-4.7252607,0.10778023,0.1070046,0.08166535,0.91430193,-0.35534856,0.13021146,0.14430656,0,7,1785207002680212,1785207002680212,-0.20592263,0.68122923,-0.2841427,1,0.029320601,0.018339725,0.005615164
1785207002693797003,0.37427944,-2.263788,-0.3576729,0.0046760845,0.0055000163,0.0074858563,1,0.013496735,5.9298625,-4.731346,0.10814063,0.10739833,0.0819038,0.91593987,-0.35331273,0.12125292,0.14670433,0,7,1785207002688212,1785207002688212,-0.21683969,0.61987215,-0.27529812,1,0.029988777,0.018282954,0.005623742
1785207002705843148,0.4680213,-2.2504718,-0.4112049,0.004632614,0.005575246,0.0074541233,1,0.011564092,5.9375343,-4.737263,0.10850401,0.107794516,0.082142994,0.9176573,-0.35092294,0.11230699,0.14881246,0,7,1785207002696212,1785207002696212,-0.22613975,0.55755097,-0.26879963,1,0.030840917,0.018212602,0.0056322576
1785207002713813118,0.554043,-2.2281013,-0.46446773,0.0045701396,0.0056529175,0.007438956,1,0.009585944,5.944632,-4.743031,0.10887029,0.10819316,0.082382925,0.9194371,-0.3482131,0.10340148,0.15063617,0,7,1785207002704212,1785207002704212,-0.23421286,0.49432477,-0.2640791,1,0.031853817,0.01813827,0.0056407624
1785207002725821611,0.71702605,-2.1532638,-0.5680751,0.00432869,0.0057449066,0.0073389816,1,0.0055158394,5.9570875,-4.7542,0.10960754,0.10899772,0.08286487,0.923162,-0.34184888,0.08591831,0.15339297,0,7,1785207002720212,1785207002720212,-0.24562417,0.3663352,-0.2613118,1,0.034017853,0.017995236,0.0056578647
1785207002733824755,0.7897279,-2.1519337,-0.6178731,0.004216057,0.0058398503,0.007356697,1,0.00346522,5.962446,-4.759644,0.10998344,0.1094036,0.08255196,0.92508084,-0.33826417,0.07722296,0.1544008,0,7,1785207002728212,1785207002728212,-0.24832453,0.30269212,-0.26253894,1,0.035409156,0.017934486,0.0056480183
1785207002745767933,0.85098016,-2.1386166,-0.660223,0.004087823,0.005938065,0.007386755,1,0.0014227589,5.967229,-4.76501,0.11036267,0.10981197,0.08279323,0.9270335,-0.33440623,0.068532005,0.15519261,0,7,1785207002736212,1785207002736212,-0.24979232,0.23848313,-0.26519826,1,0.037052605,0.017875372,0.0056566168
1785207002753793420,0.8768196,-2.084283,-0.7084338,0.0039453316,0.0060367864,0.0074305558,1,-0.00060193345,5.971431,-4.7703123,0.11074538,0.11022275,0.08303523,0.9289667,-0.3304179,0.059967104,0.15572022,0,7,1785207002744212,1785207002744212,-0.2498132,0.17367972,-0.26945797,1,0.038927052,0.017826127,0.005665256
1785207002765805479,0.9870635,-2.0195782,-0.7832542,0.0036274754,0.0062268698,0.007558391,1,-0.004539149,5.978109,-4.7807875,0.111522205,0.11105153,0.083521426,0.9327941,-0.321977,0.04324471,0.15606402,0,7,1785207002760212,1785207002760212,-0.2440349,0.046740435,-0.2829333,1,0.043306075,0.017775565,0.005682823
1785207002773811439,1.0536455,-2.000134,-0.8224073,0.0034578468,0.0063150283,0.00763989,1,-0.0064248773,5.980603,-4.7859907,0.111917,0.11146953,0.08376562,0.9347531,-0.31732404,0.03497836,0.15594392,0,7,1785207002768212,1785207002768212,-0.23914056,-0.0155327935,-0.2916394,1,0.045759242,0.017777424,0.0056918035
1785207002785801787,1.0903986,-1.9529929,-0.8525067,0.0032829233,0.006394405,0.0077354643,1,-0.008240835,5.9825435,-4.7911844,0.11231659,0.11188995,0.08401054,0.9367009,-0.31249008,0.026851216,0.15562908,0,7,1785207002776212,1785207002776212,-0.23264183,-0.07710197,-0.3010389,1,0.04837787,0.017797802,0.0057009435
1785207002793796965,1.1250182,-1.8970699,-0.881263,0.0030622878,0.006373963,0.007741762,1,-0.009975348,5.9839363,-4.7963777,0.11272089,0.112312794,0.084256075,0.9386162,-0.30754063,0.018922286,0.15511402,0,7,1785207002784212,1785207002784212,-0.22468169,-0.13792312,-0.31148878,1,0.050691616,0.01783508,0.005710255
1785207002805844553,1.3202256,-1.8057295,-0.9286568,0.0027032292,0.0064681466,0.008006694,1,-0.013159473,5.985162,-4.8068023,0.11354894,0.113165796,0.08417412,0.9425643,-0.29659584,0.0036742399,0.1535909,0,7,1785207002800212,1785207002800212,-0.20582606,-0.24901894,-0.3273404,1,0.056641247,0.017949045,0.0057103075
1785207002813832929,1.3766859,-1.7452724,-0.94517344,0.0025226672,0.0064977626,0.008157666,1,-0.014593083,5.9850593,-4.811966,0.11397295,0.11359608,0.08442029,0.9445685,-0.29067403,-0.0036069728,0.15259717,0,7,1785207002808212,1785207002808212,-0.19494528,-0.29844403,-0.3293426,1,0.059889857,0.018022686,0.005720137
1785207002825813749,1.4251547,-1.6794922,-0.9592891,0.0023453766,0.006517197,0.008315556,1,-0.01591383,5.9845223,-4.8170586,0.114404395,0.11402889,0.08466721,0.94655764,-0.28456378,-0.010616989,0.15145798,0,7,1785207002816212,1785207002816212,-0.18370304,-0.34455493,-0.32760298,1,0.063362114,0.018106235,0.0057301475
1785207002833826942,1.5183635,-1.6230433,-0.9741878,0.002171684,0.0065222112,0.008484268,1,-0.01711893,5.9835796,-4.822056,0.114843935,0.11446426,0.08491486,0.94856244,-0.2781582,-0.017359193,0.1501863,0,7,1785207002824212,1785207002824212,-0.17232032,-0.38700938,-0.32325324,1,0.06700934,0.018197468,0.0057403464
1785207002845794967,1.7343432,-1.5029355,-0.99150246,0.001834855,0.006488533,0.008854836,1,-0.019178683,5.9806023,-4.83168,0.1157501,0.11534281,0.085412376,0.9527312,-0.26401782,-0.029986784,0.14730455,0,7,1785207002840212,1785207002840212,-0.14840366,-0.46033406,-0.3042804,1,0.07485411,0.018391768,0.005761335
1785207002853860410,1.8129065,-1.4454082,-0.98937726,0.0016540963,0.00638841,0.008956211,1,-0.02002691,5.9786305,-4.8362775,0.116217546,0.11578595,0.08507256,0.95483935,-0.25642315,-0.035861805,0.14574988,0,7,1785207002848212,1785207002848212,-0.13600856,-0.49180606,-0.28939274,1,0.07843048,0.0184875,0.005752479
1785207002865813898,1.8813506,-1.39161,-0.99710226,0.0014973991,0.0063466257,0.009154727,1,-0.02075207,5.9763665,-4.840683,0.11669639,0.11623192,0.08532145,0.95694226,-0.24855481,-0.041462377,0.14409329,0,7,1785207002856212,1785207002856212,-0.12328352,-0.5213674,-0.27266437,1,0.082809836,0.018586831,0.005763468
1785207002873792144,1.9809508,-1.3370242,-0.9960284,0.0013469371,0.006294184,0.009357662,1,-0.021353,5.9738255,-4.8448896,0.117187075,0.11668064,0.08557107,0.9590564,-0.24031739,-0.04679017,0.14236994,0,7,1785207002864212,1785207002864212,-0.11054733,-0.54932064,-0.25556317,1,0.0873701,0.018686043,0.005774646
1785207002885822639,2.2355447,-1.2275743,-0.9893724,0.0010649791,0.006163185,0.009770677,1,-0.022181151,5.96798,-4.852689,0.11820752,0.117586486,0.08607256,0.96337116,-0.22240262,-0.05650781,0.1387804,0,7,1785207002880212,1785207002880212,-0.0847042,-0.59780276,-0.217959,1,0.09695484,0.018870246,0.0057975785
1785207002893848446,2.3487294,-1.1972097,-0.9861818,0.0009330346,0.0060846466,0.00998119,1,-0.022407359,5.964719,-4.856261,0.118739106,0.118043706,0.08632442,0.96554434,-0.21270534,-0.060998112,0.13696682,0,7,1785207002888212,1785207002888212,-0.07142325,-0.6186205,-0.19681053,1,0.1019835,0.018956706,0.0058093155
1785207002905839947,2.4693732,-1.1516725,-0.97951376,0.0008095563,0.006001186,0.010188158,1,-0.022507958,5.9612513,-4.859606,0.1192862,0.11850383,0.08657704,0.96770805,-0.2025346,-0.065237604,0.1351478,0,7,1785207002896212,1785207002896212,-0.058398277,-0.6383741,-0.17578998,1,0.10720074,0.01903893,0.0058212406
1785207002913821068,2.6041327,-1.0853604,-0.9747101,0.00069519575,0.005913501,0.010390234,1,-0.022484604,5.957586,-4.8627305,0.11984982,0.1189669,0.08683042,0.9698686,-0.19184135,-0.06913927,0.13330992,0,7,1785207002904212,1785207002904212,-0.04523748,-0.6572405,-0.15583298,1,0.11249991,0.019114362,0.005833324
1785207002925846904,2.9039993,-0.96952057,-0.958208,0.000487664,0.005668872,0.010724352,1,-0.022073496,5.9497137,-4.8684163,0.12102473,0.11990186,0.08672836,0.9741499,-0.16874018,-0.07588623,0.1296149,0,7,1785207002920212,1785207002920212,-0.018216658,-0.6891741,-0.117203005,1,0.122542225,0.019248543,0.0058375713
1785207002933852814,3.0526009,-0.94794536,-0.9481009,0.0003996044,0.005554927,0.010926389,1,-0.021683538,5.9455414,-4.870944,0.121642716,0.12037396,0.08698223,0.9762345,-0.15625557,-0.078863785,0.12779267,0,7,1785207002928212,1785207002928212,-0.0041667526,-0.70233345,-0.09746405,1,0.12800856,0.019311411,0.005850063
1785207002945897235,3.1958828,-0.911459,-0.9424962,0.0003214219,0.0054357694,0.011123767,1,-0.021164251,5.9412284,-4.873267,0.122281075,0.120849125,0.08723686,0.97824454,-0.1431883,-0.08161488,0.12599096,0,7,1785207002936212,1785207002936212,0.009985252,-0.71452534,-0.07929985,1,0.13353576,0.019370887,0.0058626817
1785207002953919245,3.3420937,-0.8470145,-0.9328936,0.00025273426,0.0053046304,0.011323629,1,-0.020516375,5.9367814,-4.875407,0.1229408,0.12132738,0.087492265,0.9801693,-0.129539,-0.084032476,0.12420311,0,7,1785207002944212,1785207002944212,0.024152176,-0.7260217,-0.06452592,1,0.1388881,0.019428499,0.0058753244
1785207002965940442,3.6195955,-0.6603224,-0.9089289,0.00014344009,0.0050052716,0.011732348,1,-0.018830776,5.927529,-4.879254,0.1243275,0.1222932,0.08800539,0.9837068,-0.10055948,-0.08744037,0.120677724,0,7,1785207002960212,1785207002960212,0.05363625,-0.74471515,-0.044549394,1,0.14879575,0.01953216,0.0059005357
1785207002973946802,3.7199929,-0.6129126,-0.8993608,0.00010274043,0.004844044,0.011934298,1,-0.017784916,5.922749,-4.881028,0.12505576,0.12278061,0.087637305,0.9852473,-0.08538384,-0.08860336,0.118941076,0,7,1785207002968212,1785207002968212,0.06948158,-0.75137043,-0.037654366,1,0.1533567,0.019581543,0.0058921734
1785207002985927712,3.796164,-0.54153854,-0.8881556,7.0712864e-05,0.004672934,0.012137463,1,-0.016599244,5.9178863,-4.8827133,0.12580808,0.123271234,0.087893985,0.9865986,-0.06988518,-0.0894412,0.11721631,0,7,1785207002976212,1785207002976212,0.08556752,-0.75688064,-0.034434326,1,0.15763225,0.019631965,0.00590465
1785207002993911770,3.8883145,-0.43421778,-0.8726853,4.683369e-05,0.0044869804,0.012347327,1,-0.015271078,5.9129515,-4.8843536,0.12658492,0.12376493,0.08815145,0.98775864,-0.05406889,-0.08980714,0.115516625,0,7,1785207002984212,1785207002984212,0.10220749,-0.760614,-0.03754878,1,0.1616023,0.019683277,0.005917045
1785207003005946963,4.0294585,-0.23340473,-0.8482077,2.1874266e-05,0.004067486,0.012724884,1,-0.012215434,5.9029465,-4.887685,0.1282003,0.124761485,0.0886687,0.9894579,-0.021601725,-0.08902587,0.112164445,0,7,1785207003000212,1785207003000212,0.1368716,-0.7603259,-0.0600782,1,0.16792724,0.019782582,0.005941536
1785207003013976447,4.060621,-0.13619761,-0.8402045,1.9651756e-05,0.003856389,0.012938239,1,-0.0104620475,5.8979216,-4.889463,0.12905137,0.12526435,0.088928536,0.9899623,-0.0051105674,-0.08798673,0.11048489,0,7,1785207003008223,1785207003008223,0.1549428,-0.7561483,-0.07872377,1,0.1710766,0.019835005,0.00595371
1785207003025883324,4.095514,0.0041475687,-0.8292581,2.3499706e-05,0.0036374081,0.013153409,1,-0.008557692,5.892911,-4.891374,0.12992826,0.12577026,0.089189164,0.9902356,0.011443888,-0.086379655,0.108817264,0,7,1785207003016223,1785207003016223,0.17265703,-0.74872863,-0.10342153,1,0.17409301,0.019890752,0.0059658606
1785207003033921775,4.1277337,0.13304634,-0.81702554,3.2837834e-05,0.0034089873,0.013372525,1,-0.006505192,5.8879457,-4.893462,0.13083135,0.12627923,0.0894506,0.9902716,0.02808875,-0.08418134,0.10717619,0,7,1785207003024223,1785207003024223,0.19042052,-0.7375556,-0.13228612,1,0.17690185,0.019949276,0.005977951
1785207003045862147,4.109891,0.32533923,-0.8013097,6.5891305e-05,0.0029268032,0.013821721,1,-0.0019655498,5.878273,-4.8983426,0.13271703,0.12730622,0.08932754,0.9895841,0.061282452,-0.07852501,0.10393064,0,7,1785207003040223,1785207003040223,0.22408313,-0.70394284,-0.19119,1,0.1817894,0.02007405,0.0059802327
1785207003053984848,4.065152,0.46701843,-0.792507,8.876582e-05,0.002677919,0.014047766,1,0.00050093874,5.8736243,-4.9010773,0.13369992,0.1278244,0.08958949,0.9888858,0.07758767,-0.07493696,0.10232139,0,7,1785207003048223,1785207003048223,0.23863553,-0.6822308,-0.22017875,1,0.18404673,0.020141691,0.005992144
1785207003065903268,4.0012302,0.57621026,-0.78268427,0.000114826704,0.0024248993,0.014274762,1,0.0030837564,5.8691335,-4.9040003,0.13470986,0.12834567,0.08985226,0.9879639,0.09358806,-0.070862874,0.10073336,0,7,1785207003056223,1785207003056223,0.25239795,-0.6578972,-0.24725488,1,0.18623234,0.02021383,0.0060040443
1785207003073903796,3.9045563,0.65025085,-0.77150667,0.00014311672,0.0021657054,0.014478568,1,0.0057588476,5.864824,-4.907091,0.13573587,0.12887001,0.09011583,0.9868256,0.10918892,-0.06648798,0.09915809,0,7,1785207003064223,1785207003064223,0.26495367,-0.6311062,-0.2710349,1,0.18796778,0.0202904,0.006015879
1785207003085896769,3.6537247,0.87447625,-0.7589471,0.00010265442,0.00062460796,0.0058933785,1,0.008385912,5.8598866,-4.915573,0.10785482,0.10706207,0.08197981,0.98402673,0.13881232,-0.05658555,0.09602418,0,7,1785207003080223,1785207003080223,0.2762831,-0.5693231,-0.31190184,1,0.06077353,0.015997069,0.0056227823
1785207003093924238,3.4521186,0.9706203,-0.7501764,0.000116936455,0.0005294731,0.005974272,1,0.0082690455,5.859224,-4.9209037,0.10817452,0.10745043,0.08167383,0.9825576,0.15245527,-0.050648507,0.093663864,0,7,1785207003088223,1785207003088223,0.27640337,-0.5357208,-0.3293572,1,0.06129719,0.016064372,0.0056164083
1785207003105922721,3.2651663,1.0537058,-0.73952585,0.00013129006,0.00043803776,0.006051398,1,0.008166805,5.8587418,-4.926285,0.10850199,0.10784123,0.08191031,0.9810054,0.16526568,-0.04446848,0.09131456,0,7,1785207003096223,1785207003096223,0.2749631,-0.4999036,-0.34462458,1,0.061805416,0.016135458,0.0056277476
1785207003113925163,3.0885994,1.1527768,-0.73019797,0.00014497308,0.0003515872,0.006124211,1,0.0080661755,5.8584576,-4.931702,0.10883737,0.10823445,0.08214757,0.9793868,0.17730644,-0.0379879,0.08899997,0,7,1785207003104223,1785207003104223,0.272366,-0.4627204,-0.3581108,1,0.0622707,0.016210653,0.005639032
1785207003125959204,2.5852602,1.3400091,-0.7147389,0.00016972933,0.0002010061,0.0062501333,1,0.007821624,5.8585296,-4.942609,0.10953239,0.10902826,0.08262439,0.97616297,0.19846322,-0.024160229,0.08446596,0,7,1785207003120223,1785207003120223,0.26280323,-0.3851591,-0.38141072,1,0.06306627,0.016373914,0.005661426
1785207003133984970,2.3266683,1.4348136,-0.70808506,0.00018084189,0.00014031635,0.0062997607,1,0.007653434,5.8589053,-4.948084,0.10989227,0.1094289,0.08286397,0.97464955,0.20738038,-0.016877256,0.08226052,0,7,1785207003128223,1785207003128223,0.2561568,-0.34563988,-0.39075968,1,0.06340011,0.016462728,0.0056725307
1785207003145916234,2.11228,1.5181699,-0.70463705,0.00019009037,9.078184e-05,0.00633496,1,0.0074398946,5.859515,-4.9535503,0.110260405,0.109832056,0.083104335,0.97319597,0.21537338,-0.009345807,0.08010396,0,7,1785207003136223,1785207003136223,0.24840264,-0.30562115,-0.3965585,1,0.063647665,0.016558722,0.005683557
1785207003153992357,1.8853809,1.5884756,-0.69398296,0.00019730715,5.356155e-05,0.0063650147,1,0.007171659,5.860361,-4.9589825,0.11063719,0.110237814,0.08334547,0.97181714,0.22245073,-0.0016248631,0.07800346,0,7,1785207003144223,1785207003144223,0.23956357,-0.26594347,-0.3991409,1,0.06385986,0.01666189,0.00569448
1785207003165968647,1.4073365,1.6838173,-0.6780202,0.00020572265,1.968835e-05,0.0063905837,1,0.0064389035,5.8627152,-4.9696403,0.11141661,0.11105721,0.08326703,0.96940696,0.23361546,0.014120843,0.07399158,0,7,1785207003160223,1785207003160223,0.21998504,-0.19533125,-0.38458455,1,0.06400913,0.01689204,0.0056974697
1785207003173945901,1.2267712,1.6968628,-0.6769703,0.0002061595,2.4224964e-05,0.0063856686,1,0.005969197,5.8641744,-4.974721,0.11181938,0.11147099,0.083508916,0.96834874,0.23796728,0.022029623,0.07202173,0,7,1785207003168223,1785207003168223,0.21041638,-0.16453709,-0.3658039,1,0.0639388,0.017018115,0.0057079503
1785207003185924786,1.0328921,1.6926035,-0.6729734,0.00020374909,4.353126e-05,0.006368833,1,0.005429969,5.8657913,-4.9795694,0.11223091,0.11188755,0.08375159,0.9673926,0.24156204,0.029845668,0.07006108,0,7,1785207003176223,1785207003176223,0.20058638,-0.13732053,-0.3413181,1,0.063744694,0.017151596,0.0057182414
1785207003193941866,0.8515287,1.6699642,-0.6681883,0.00019922112,7.7654986e-05,0.006339298,1,0.004819857,5.8675413,-4.9841366,0.112651214,0.11230694,0.08399507,0.96654606,0.24442488,0.03751032,0.06810408,0,7,1785207003184223,1785207003184223,0.19089164,-0.11302106,-0.3103939,1,0.06341832,0.017289808,0.0057283267
1785207003206025361,0.5604408,1.5940601,-0.66208005,0.0001835209,0.00018812378,0.006238277,1,0.0033946028,5.8713546,-4.9922357,0.113517866,0.113154285,0.08448441,0.965133,0.24833374,0.05225023,0.06417647,0,7,1785207003200223,1785207003200223,0.17321707,-0.07370159,-0.22966221,1,0.062367897,0.017567743,0.005747894
1785207003213930277,0.45311466,1.5261453,-0.6583618,0.00017248714,0.0002626769,0.00617482,1,0.0025913762,5.873373,-4.99568,0.113964066,0.11358225,0.08415343,0.96454436,0.24957496,0.05918791,0.062156968,0,7,1785207003208223,1785207003208223,0.16554101,-0.057702307,-0.18108404,1,0.06171937,0.01770698,0.005738385
1785207003225962163,0.3705542,1.4387921,-0.6578341,0.00016036873,0.00034819893,0.006101483,1,0.0017336577,5.8754487,-4.99867,0.114418656,0.114013195,0.08439844,0.9640128,0.25049478,0.06575648,0.060064856,0,7,1785207003216223,1785207003216223,0.15813795,-0.0428689,-0.12983142,1,0.060985815,0.017844247,0.0057477592
1785207003233952121,0.2746807,1.3439852,-0.6535698,0.00014716713,0.000442923,0.0060200286,1,0.0008234349,5.8775754,-5.001195,0.114881456,0.114447065,0.08464426,0.9635551,0.25107446,0.07190448,0.057905383,0,7,1785207003224223,1785207003224223,0.15098982,-0.029046172,-0.07755015,1,0.060167648,0.017975906,0.0057569705
1785207003245924825,0.084529646,1.1519712,-0.65410286,0.00011782067,0.00065127556,0.005841159,1,-0.0011485172,5.8819556,-5.0048156,0.11583095,0.11532363,0.08513832,0.9629011,0.25118792,0.08294228,0.053354505,0,7,1785207003240223,1785207003240223,0.13696234,-0.004276586,0.031191697,1,0.058379024,0.018228443,0.0057750857
1785207003253942956,-0.018536244,1.048375,-0.65756375,0.00010286247,0.00075960124,0.0057478626,1,-0.002203267,5.884196,-5.005893,0.116317235,0.11576635,0.08538657,0.9627263,0.25070098,0.08779757,0.0509781,0,7,1785207003248223,1785207003248223,0.13041796,0.006599593,0.08682543,1,0.057394154,0.01834757,0.0057839714
1785207003265913045,-0.11947025,0.9413157,-0.6607596,8.808836e-05,0.00086896995,0.005653337,1,-0.0032993215,5.886465,-5.0064816,0.11681091,0.11621203,0.085635625,0.9626638,0.24984933,0.092186555,0.048532575,0,7,1785207003256223,1785207003256223,0.12377908,0.017895244,0.14169113,1,0.056368884,0.018462066,0.0057927775
1785207003273939252,-0.24863595,0.817483,-0.6666125,7.37661e-05,0.0009766545,0.005560048,1,-0.0044363122,5.88877,-5.0065947,0.11731174,0.11666069,0.0858855,0.96274143,0.24856521,0.09606064,0.046008393,0,7,1785207003264223,1785207003264223,0.116857655,0.029841911,0.19445562,1,0.0553179,0.018570092,0.0058015217
1785207003285898079,-0.5945817,0.55064046,-0.6807206,4.824833e-05,0.0011729397,0.005378463,1,-0.006836611,5.8935122,-5.0055327,0.118333094,0.11756689,0.085789874,0.9634695,0.24420361,0.10213683,0.040732063,0,7,1785207003280223,1785207003280223,0.102004215,0.055601392,0.29217315,1,0.0530887,0.018768052,0.005799055
1785207003293915409,-0.80710304,0.41002735,-0.6919034,3.7786456e-05,0.0012623504,0.005299587,1,-0.008102616,5.8959627,-5.004375,0.11885386,0.11802453,0.08604046,0.9641755,0.24092588,0.10429198,0.037993163,0,7,1785207003288223,1785207003288223,0.09366204,0.06962715,0.33615136,1,0.05199937,0.018857427,0.005807695
1785207003305917559,-1.0297437,0.2595615,-0.6942985,2.9344934e-05,0.0013446119,0.0052258433,1,-0.0094196405,5.8984814,-5.002845,0.1193808,0.11848515,0.08629186,0.96513087,0.23682281,0.1058217,0.03520223,0,7,1785207003296223,1785207003296223,0.08432773,0.085807405,0.37511182,1,0.05092912,0.018939707,0.0058163595
1785207003313915132,-1.2529166,0.10563171,-0.6892383,2.3242868e-05,0.0014176128,0.0051590195,1,-0.010792058,5.901084,-5.0009766,0.11991371,0.118948765,0.086544074,0.96632904,0.23189306,0.10669697,0.032398622,0,7,1785207003304223,1785207003304223,0.0743641,0.10301661,0.41065443,1,0.049937516,0.019013755,0.0058251354
1785207003325943351,-1.680355,-0.20249476,-0.6689962,1.8863513e-05,0.001537401,0.0050437637,1,-0.0137191955,5.9065866,-4.996356,0.12099683,0.11988483,0.08705097,0.9693908,0.2195889,0.106507085,0.026805086,0,7,1785207003320223,1785207003320223,0.052151494,0.14273284,0.46799523,1,0.048265927,0.019139944,0.005843178
1785207003333941655,-1.8859494,-0.3585599,-0.65967745,2.0773094e-05,0.0015851255,0.0049942066,1,-0.0152859725,5.9095182,-4.9937143,0.12154683,0.12035715,0.08669331,0.97121316,0.21226178,0.10541518,0.024035694,0,7,1785207003328223,1785207003328223,0.039670758,0.16466556,0.4903165,1,0.047573887,0.019194106,0.005832006
1785207003345902095,-2.085955,-0.51168615,-0.6375708,2.5355499e-05,0.0016244717,0.004950354,1,-0.016929306,5.912583,-4.9908743,0.12210235,0.1208324,0.08694702,0.97319454,0.20417716,0.10368062,0.021314772,0,7,1785207003336223,1785207003336223,0.02625091,0.18774597,0.50767046,1,0.04696531,0.019243075,0.0058413944
1785207003353918624,-2.2657192,-0.68745834,-0.6149264,3.245716e-05,0.0016531025,0.0049020774,1,-0.018656816,5.9157977,-4.9878917,0.122660995,0.12131046,0.08720154,0.97531056,0.1953852,0.1012245,0.018645667,0,7,1785207003344223,1785207003344223,0.011959796,0.21306264,0.5170715,1,0.04638514,0.019286918,0.005850931
1785207003365919511,-2.5789068,-1.0144945,-0.5579361,5.3394495e-05,0.0016976144,0.0048367814,1,-0.02238332,5.9227333,-4.9817233,0.12379902,0.12227501,0.087713055,0.97978646,0.17595333,0.09421444,0.013512558,0,7,1785207003360223,1785207003360223,-0.018829193,0.26738137,0.51625055,1,0.045578294,0.019370534,0.00587051
1785207003373956850,-2.7062047,-1.1662966,-0.5291742,6.6526045e-05,0.001712707,0.004808635,1,-0.024392752,5.926472,-4.978648,0.12437621,0.122761436,0.08797004,0.98207057,0.16542605,0.08971749,0.011064053,0,7,1785207003368223,1785207003368223,-0.035274692,0.2956188,0.5055866,1,0.04523385,0.019409748,0.005880457
1785207003385913062,-2.8044777,-1.3306141,-0.49507418,8.090072e-05,0.0017231858,0.0047838585,1,-0.026503446,5.930396,-4.975681,0.124958806,0.12325054,0.08760255,0.98433304,0.15448454,0.08454226,0.008700773,0,7,1785207003376223,1785207003376223,-0.051589664,0.32350442,0.4896433,1,0.04491724,0.01944834,0.0058695646
1785207003393911446,-2.8798406,-1.4659063,-0.46153426,9.622764e-05,0.0017289611,0.0047628325,1,-0.028713005,5.934499,-4.972821,0.1255468,0.12374246,0.087859355,0.9865299,0.14323191,0.07875353,0.0064362683,0,7,1785207003384223,1785207003384223,-0.067714736,0.3500202,0.4703976,1,0.044623677,0.019485602,0.00587967
1785207003405955836,-2.9898293,-1.660583,-0.3981505,0.00012844817,0.0017259695,0.00473376,1,-0.033413526,5.9431925,-4.967515,0.12673885,0.12473455,0.088375434,0.99057984,0.12001667,0.06589872,0.002238262,0,7,1785207003400223,1785207003400223,-0.097509824,0.3973995,0.42468432,1,0.04412374,0.019557793,0.005900159
1785207003413950072,-3.0489533,-1.7924075,-0.36059418,0.00014449855,0.0017141679,0.004718563,1,-0.035892777,5.9477534,-4.965112,0.12733932,0.1252347,0.088634714,0.99240726,0.10806609,0.058733173,0.0003224337,0,7,1785207003408223,1785207003408223,-0.1101564,0.41788062,0.39763168,1,0.043833423,0.019592976,0.005910482
1785207003425894121,-3.0793073,-1.8797662,-0.32891762,0.0001603135,0.0016995544,0.00471744,1,-0.038437605,5.9524345,-4.9629035,0.12794846,0.12573761,0.08889482,0.9940711,0.09594367,0.05114061,-0.0014731609,0,7,1785207003416223,1785207003416223,-0.12190473,0.4363231,0.36881614,1,0.04357005,0.019629048,0.005920829
1785207003433893637,-3.0587964,-1.9087999,-0.30363235,0.00017535633,0.0016777226,0.0047243065,1,-0.041041467,5.957222,-4.9609003,0.1285628,0.1262433,0.08915576,0.9955289,0.08385582,0.04336594,-0.0031569053,0,7,1785207003424223,1785207003424223,-0.13276893,0.45254886,0.33890885,1,0.043292552,0.019665103,0.0059311977
1785207003445887902,-3.1062047,-2.0355613,-0.250094,0.00020161574,0.0016087648,0.004767161,1,-0.046380192,5.9670277,-4.957605,0.12980676,0.12726301,0.089034155,0.99783397,0.059578285,0.02719451,-0.0061912863,0,7,1785207003440223,1785207003440223,-0.14929326,0.47564772,0.2707283,1,0.04268346,0.019737504,0.005930262
1785207003453960809,-3.0803673,-2.0749834,-0.22772387,0.00021216569,0.0015602222,0.004805231,1,-0.049085777,5.9720016,-4.9563565,0.1304362,0.12777714,0.08929569,0.998674,0.047352247,0.018738216,-0.007546282,0,7,1785207003448223,1785207003448223,-0.15474966,0.48385206,0.23350045,1,0.042315964,0.019773336,0.0059405863
1785207003465904356,-3.0081973,-2.07285,-0.20322369,0.00022045718,0.0015026325,0.004854607,1,-0.051797803,5.977002,-4.955384,0.13107039,0.12829414,0.089558065,0.99928254,0.035378873,0.010270337,-0.008796162,0,7,1785207003456223,1785207003456223,-0.15879725,0.48979285,0.19494782,1,0.041924514,0.019809399,0.0059509063
1785207003473858846,-2.9898195,-2.0877652,-0.18033984,0.00022632473,0.0014364558,0.0049149944,1,-0.05450139,5.9820104,-4.9547005,0.1317092,0.12881403,0.08982127,0.9996717,0.023556668,0.0017674277,-0.009932075,0,7,1785207003464223,1785207003464223,-0.16071756,0.4924166,0.15450485,1,0.041496873,0.019846484,0.0059612026
1785207003485851678,-2.9450896,-2.125846,-0.14570576,0.00018954705,0.001097004,0.0042314935,1,-0.058853455,5.989795,-4.957375,0.10745906,0.10712365,0.0817458,0.9998089,-9.738518e-05,-0.015487956,-0.011931872,0,7,1785207003480223,1785207003480223,-0.15769129,0.4871354,0.06599249,1,0.02720139,0.015625758,0.005571701
1785207003493849351,-2.8460236,-2.1109276,-0.12625836,0.0001874746,0.0010241778,0.004306467,1,-0.06048319,5.9925766,-4.9606934,0.107860245,0.1075101,0.08198282,0.9995634,-0.0114833545,-0.024051627,-0.012761139,0,7,1785207003488223,1785207003488223,-0.15267763,0.48052126,0.018362628,1,0.026848566,0.01566292,0.005581733
1785207003505872721,-2.843623,-2.1042721,-0.114584826,0.00018272619,0.00094749214,0.0043879733,1,-0.062054537,5.995315,-4.964312,0.10826497,0.107898846,0.0816773,0.9991194,-0.022733452,-0.032570396,-0.013517662,0,7,1785207003496223,1785207003496223,-0.14560279,0.47002515,-0.029970568,1,0.026465232,0.015703876,0.0055738906
1785207003513849885,-2.82019,-2.09708,-0.09750698,0.00017539479,0.0008683006,0.0044745696,1,-0.06354979,5.9979844,-4.968214,0.108673155,0.10829001,0.081914306,0.99847907,-0.0339755,-0.04103149,-0.014200297,0,7,1785207003504223,1785207003504223,-0.13586076,0.45736873,-0.07773133,1,0.026068993,0.015748523,0.0055838274
1785207003525888354,-2.6129909,-2.0528786,-0.07912653,0.00015389106,0.0007066086,0.004657908,1,-0.06622619,6.003049,-4.976856,0.109499656,0.109079614,0.082390636,0.99668366,-0.055304933,-0.057685424,-0.015350447,0,7,1785207003520223,1785207003520223,-0.10988491,0.42571276,-0.17123581,1,0.025258219,0.01585156,0.005603645
1785207003533891918,-2.6153896,-2.0257103,-0.07091463,0.00014019704,0.0006268142,0.0047514704,1,-0.067380324,6.005402,-4.9815874,0.109917834,0.10947813,0.08262998,0.9955431,-0.06564094,-0.06583052,-0.0158593,0,7,1785207003528223,1785207003528223,-0.094829515,0.40464568,-0.21586733,1,0.024868635,0.015911115,0.005613583
1785207003545858750,-2.5615907,-1.9998823,-0.06768316,0.00012514052,0.0005494864,0.0048439237,1,-0.06839447,6.007603,-4.9865766,0.110339224,0.10987918,0.082870096,0.99424624,-0.075857505,-0.07384579,-0.0163391,0,7,1785207003536223,1785207003536223,-0.07763762,0.3824696,-0.2582606,1,0.024508853,0.015975473,0.005623577
1785207003553865150,-2.4404173,-1.9468855,-0.065814294,0.00010961208,0.00047551782,0.004933493,1,-0.06925275,6.0096455,-4.991802,0.11076379,0.110282786,0.083111,0.9928329,-0.085631914,-0.08165958,-0.016787285,0,7,1785207003544223,1785207003544223,-0.059027515,0.3592748,-0.29717225,1,0.024184564,0.016044514,0.0056336387
1785207003565879643,-2.2963407,-1.8366294,-0.057862066,7.846641e-05,0.00033982223,0.0050981035,1,-0.07047737,6.013218,-5.0028324,0.11162218,0.11109772,0.0830336,0.98972213,-0.10398542,-0.096581094,-0.017585853,0,7,1785207003560223,1785207003560223,-0.020824058,0.30939585,-0.358002,1,0.023639988,0.01619869,0.0056354967
1785207003573873308,-2.2073886,-1.7572708,-0.05943979,6.368368e-05,0.0002793076,0.00517347,1,-0.070843674,6.0147343,-5.0085344,0.11205612,0.11150917,0.08327522,0.98803926,-0.11278436,-0.10361065,-0.017977027,0,7,1785207003568223,1785207003568223,-0.0016491222,0.28460747,-0.37831587,1,0.023420915,0.016282111,0.0056457683
1785207003585842885,-2.0699725,-1.6643229,-0.056238454,5.0529216e-05,0.00022507895,0.0052409195,1,-0.07104431,6.016079,-5.014286,0.11249318,0.111923285,0.08351763,0.9863329,-0.12105011,-0.110261306,-0.018349087,0,7,1785207003576223,1785207003576223,0.017022502,0.2613043,-0.3890996,1,0.023236409,0.01636868,0.0056560873
1785207003593837993,-1.9360123,-1.5905575,-0.057832126,3.9289116e-05,0.000177187,0.005300118,1,-0.07109227,6.017273,-5.019986,0.112933375,0.11234009,0.08376083,0.9846204,-0.12876669,-0.11658742,-0.018689426,0,7,1785207003584223,1785207003584223,0.03348263,0.2415442,-0.38491845,1,0.02309277,0.01645919,0.0056664767
1785207003605899827,-1.7679687,-1.451804,-0.05598525,2.3297032e-05,9.930959e-05,0.00539412,1,-0.07081148,6.019306,-5.03077,0.113823324,0.11318195,0.084249586,0.98117137,-0.1429983,-0.12837532,-0.01933813,0,7,1785207003600223,1785207003600223,0.05757393,0.21121445,-0.33194408,1,0.022919405,0.016650056,0.0056874324
1785207003613900636,-1.6872731,-1.3639218,-0.05944898,1.935449e-05,7.070032e-05,0.005426736,1,-0.07053288,6.0202026,-5.0356274,0.11427317,0.11360706,0.08449515,0.9794483,-0.14965203,-0.13378492,-0.019672103,0,7,1785207003608223,1785207003608223,0.065151565,0.20191804,-0.28651136,1,0.022873946,0.016748674,0.0056979526
1785207003625859593,-1.6225588,-1.2728407,-0.06398091,1.8318467e-05,4.8655384e-05,0.005449882,1,-0.07019111,6.0210547,-5.0400248,0.11472631,0.11403496,0.084164485,0.9777444,-0.1560178,-0.13882625,-0.020041421,0,7,1785207003616223,1785207003616223,0.07042712,0.19491766,-0.23213102,1,0.022869252,0.0168493,0.005689415
1785207003633849140,-1.5770196,-1.1852225,-0.06398324,2.0306567e-05,3.2696385e-05,0.005462929,1,-0.06980137,6.021877,-5.043895,0.1151828,0.11446574,0.08440996,0.9760574,-0.16217431,-0.14350553,-0.020437632,0,7,1785207003624223,1785207003624223,0.074437335,0.18941271,-0.17196259,1,0.02290507,0.016951976,0.0057000294
1785207003645870897,-1.5378715,-1.0523301,-0.0677074,3.3669297e-05,1.9704663e-05,0.0054626805,1,-0.06890754,6.023466,-5.049922,0.11610635,0.115336075,0.08490328,0.97268873,-0.17415795,-0.15195277,-0.02135754,0,7,1785207003640223,1785207003640223,0.08008865,0.1809684,-0.041343816,1,0.023059076,0.01716275,0.0057213632
1785207003653875584,-1.5314801,-1.0003984,-0.0685081,4.497192e-05,2.1921403e-05,0.005449221,1,-0.068413146,6.024245,-5.0520415,0.116573535,0.11577568,0.08515112,0.9709848,-0.18007238,-0.15583415,-0.021869441,0,7,1785207003648223,1785207003648223,0.08242507,0.17774692,0.026847295,1,0.023195613,0.017270235,0.0057321005
1785207003665856342,-1.5240234,-0.9636465,-0.067171596,5.928977e-05,2.9678848e-05,0.0054272064,1,-0.06789024,6.025019,-5.0535493,0.11704448,0.116218284,0.08539977,0.9692603,-0.1859549,-0.15954126,-0.022403272,0,7,1785207003656223,1785207003656223,0.08456813,0.17503998,0.09638985,1,0.023358393,0.017378552,0.005742883
1785207003673868473,-1.5264195,-0.9268961,-0.07037097,7.65211e-05,4.243593e-05,0.0053972774,1,-0.06734074,6.025792,-5.054438,0.117519274,0.11666391,0.08564921,0.9675104,-0.19182219,-0.16309597,-0.022969028,0,7,1785207003664223,1785207003664223,0.0864921,0.1723206,0.16671361,1,0.02354987,0.017488128,0.0057537113
1785207003685852047,-1.5389366,-0.84487045,-0.07090451,0.00011890518,8.0925616e-05,0.0053165206,1,-0.06617015,6.027331,-5.054382,0.11848082,0.11756428,0.0855542,0.9639298,-0.20360604,-0.16969866,-0.024213078,0,7,1785207003680223,1785207003680223,0.08988569,0.16713424,0.30861923,1,0.0240367,0.017711975,0.005755632
1785207003693905356,-1.5378715,-0.7977318,-0.07196998,0.0001437645,0.00010653897,0.005266106,1,-0.06555207,6.0281,-5.053432,0.11896783,0.11801911,0.0858043,0.96211153,-0.20949717,-0.17272082,-0.02489703,0,7,1785207003688223,1785207003688223,0.091429055,0.16471216,0.37984413,1,0.024324058,0.017826745,0.005766574
1785207003705877378,-1.5349429,-0.7434026,-0.06877607,0.00017054971,0.00013506706,0.0052097426,1,-0.064914264,6.0288663,-5.051861,0.119458966,0.11847701,0.0860552,0.9602849,-0.21537401,-0.17553063,-0.02561409,0,7,1785207003696223,1785207003696223,0.09301076,0.16177547,0.45029834,1,0.024627924,0.01794319,0.0057775364
1785207003713877866,-1.5322787,-0.67895603,-0.07037705,0.00019896231,0.0001657814,0.005150673,1,-0.06425521,6.029626,-5.0496783,0.11995465,0.118938036,0.08630689,0.958462,-0.22122224,-0.17808847,-0.026381303,0,7,1785207003704223,1785207003704223,0.09484045,0.15822092,0.5197616,1,0.02495219,0.018060893,0.0057885135
1785207003725879064,-1.5099075,-0.49679655,-0.07357903,0.0002592417,0.00023451737,0.0050217696,1,-0.062859364,6.0310946,-5.043538,0.120959505,0.11986938,0.0868127,0.95488775,-0.23280756,-0.18220468,-0.028136903,0,7,1785207003720223,1785207003720223,0.10058653,0.14766085,0.65095377,1,0.02564389,0.01829289,0.005810417
1785207003733914599,-1.4710252,-0.38814026,-0.07917186,0.00028992476,0.00027048326,0.0049551767,1,-0.062109295,6.0317817,-5.0396333,0.12146878,0.12033967,0.08706679,0.95319146,-0.23841648,-0.18366763,-0.02915125,0,7,1785207003728223,1785207003728223,0.10489035,0.1403189,0.71200687,1,0.025975578,0.018405907,0.005821287
1785207003745882133,-1.3780808,-0.2688309,-0.08689507,0.00032070186,0.00030636552,0.0048885713,1,-0.06131366,6.032421,-5.0352135,0.12198261,0.120812945,0.086709134,0.95161813,-0.2437096,-0.18469828,-0.030250032,0,7,1785207003736223,1785207003736223,0.11055323,0.13120599,0.7685711,1,0.026267165,0.018509582,0.0058115358
1785207003753873504,-1.2004472,-0.11703364,-0.0951549,0.00035150463,0.00034210595,0.004822084,1,-0.06045776,6.032995,-5.0303264,0.12250089,0.12128924,0.08696305,0.9502736,-0.248386,-0.1851995,-0.031397108,0,7,1785207003744223,1785207003744223,0.118641466,0.11962817,0.8172597,1,0.026526988,0.01860229,0.005822071
1785207003765893728,-0.6206766,0.23157105,-0.12711632,0.0004121253,0.0004141519,0.0046895286,1,-0.05847983,6.033858,-5.0194016,0.12355035,0.12225044,0.087473266,0.94868624,-0.25466073,-0.18439196,-0.033792716,0,7,1785207003760223,1785207003760223,0.14333954,0.08722388,0.8919542,1,0.026900545,0.018748747,0.0058425115
1785207003773922660,-0.26035082,0.4116008,-0.13510631,0.00044093278,0.00044981294,0.004623278,1,-0.05731679,6.0340905,-5.0134816,0.12408058,0.122735165,0.087729566,0.9485909,-0.2558242,-0.1830505,-0.03495676,0,7,1785207003768223,1785207003768223,0.15944527,0.06597065,0.9197769,1,0.027027702,0.01880678,0.0058524823
1785207003785920772,0.11382312,0.59056497,-0.14256372,0.00046867045,0.00048569727,0.0045597097,1,-0.056014363,6.034159,-5.0073156,0.1246154,0.123222634,0.08798667,0.9490011,-0.255549,-0.18108357,-0.036061313,0,7,1785207003776223,1785207003776223,0.17699456,0.042291753,0.94330454,1,0.027139131,0.01885925,0.0058623613
1785207003793873509,0.47814396,0.7644695,-0.14655738,0.0004952355,0.0005220041,0.00449689,1,-0.054561116,6.0340414,-5.0009394,0.12515412,0.12371278,0.088244565,0.94990534,-0.25384992,-0.17850459,-0.03709848,0,7,1785207003784223,1785207003784223,0.19605087,0.015632682,0.96218586,1,0.02723702,0.018907666,0.0058721732
1785207003805899264,1.1521912,1.0920384,-0.14069258,0.00054588966,0.00059672515,0.00437162,1,-0.051156886,6.0331535,-4.987734,0.12624316,0.12470101,0.08812988,0.95305365,-0.24643135,-0.17159785,-0.038919456,0,7,1785207003800223,1785207003800223,0.23824866,-0.045967776,0.9844533,1,0.027411327,0.018998044,0.0058704913
1785207003813915823,1.4299595,1.2438385,-0.13083273,0.0005702742,0.0006353015,0.0043087113,1,-0.049185153,6.0323377,-4.980991,0.12679343,0.12519912,0.08838831,0.9551896,-0.2409389,-0.1672864,-0.03970619,0,7,1785207003808223,1785207003808223,0.26150396,-0.08115284,0.9875354,1,0.027487164,0.019041399,0.0058802036
1785207003825904056,1.6784323,1.3724694,-0.116452105,0.0005941694,0.00067474693,0.0042454223,1,-0.04701741,6.031241,-4.9742103,0.12734754,0.1256999,0.08864754,0.95760137,-0.23445277,-0.16248012,-0.04039494,0,7,1785207003816223,1785207003816223,0.2862524,-0.119293,0.98453355,1,0.027563699,0.01908386,0.0058899103
1785207003833912910,1.9119935,1.5152133,-0.10072831,0.0006174382,0.0007152506,0.004181701,1,-0.044645157,6.029845,-4.9674454,0.12790549,0.12620331,0.08890756,0.96024853,-0.22702822,-0.15716314,-0.04099807,0,7,1785207003824223,1785207003824223,0.31172842,-0.15913105,0.9748965,1,0.027641302,0.019125843,0.005899618
1785207003845894060,2.2195892,1.7514348,-0.06236767,0.0006612215,0.0007988523,0.0040519936,1,-0.039275914,6.0261,-4.9541545,0.12903167,0.12721808,0.08943,0.96597916,-0.21000394,-0.14497645,-0.042006154,0,7,1785207003840223,1785207003840223,0.36542207,-0.24299508,0.9397369,1,0.027783535,0.019208068,0.005919025
1785207003853932240,2.3271797,1.8353262,-0.038401626,0.0006816551,0.0008420322,0.0039884313,1,-0.036260772,6.023738,-4.9477057,0.12960115,0.12772948,0.089692414,0.9688935,-0.20078318,-0.13832952,-0.04238285,0,7,1785207003848223,1785207003848223,0.39245117,-0.2849948,0.91568923,1,0.027865103,0.019249773,0.00592876
1785207003865882851,2.459805,1.9354606,-0.017361606,0.0007006305,0.0008858714,0.0039256667,1,-0.03303021,6.0210567,-4.94147,0.13017455,0.12824348,0.08930569,0.97182655,-0.19103275,-0.13129488,-0.0426772,0,7,1785207003856223,1785207003856223,0.41845262,-0.32532293,0.88778156,1,0.027955713,0.019292556,0.005916729
1785207003873890052,2.5527492,2.0300033,0.005020897,0.0007176801,0.0009304532,0.0038640858,1,-0.029594576,6.018068,-4.935438,0.13075191,0.12876023,0.089567795,0.9747399,-0.18083431,-0.1238592,-0.042894043,0,7,1785207003864223,1785207003864223,0.4430544,-0.36432114,0.8569571,1,0.028059881,0.01933773,0.005926553
1785207003885888675,2.6614199,2.1517096,0.046026986,0.0006923945,0.0009251817,0.0034752013,1,-0.023240918,6.0118184,-4.927772,0.10754736,0.107151605,0.08154249,0.9802731,-0.15969436,-0.10817643,-0.04312975,0,7,1785207003880223,1785207003880223,0.4878275,-0.4355551,0.7884192,1,0.020841207,0.015328917,0.0055402806
1785207003893911175,2.769276,2.225482,0.067317665,0.000700847,0.00096419815,0.00342778,1,-0.020327913,6.0085855,-4.926078,0.107947834,0.10753708,0.08177852,0.9828949,-0.1485955,-0.099860996,-0.04318511,0,7,1785207003888223,1785207003888223,0.5076533,-0.46653897,0.75117594,1,0.020973237,0.015377655,0.0055502057
1785207003905893567,2.8305273,2.2734206,0.082239255,0.00070590124,0.0009991451,0.0033878216,1,-0.01723612,6.0051064,-4.924565,0.10835129,0.10792471,0.08201529,0.9853844,-0.13717085,-0.09131428,-0.04316909,0,7,1785207003896223,1785207003896223,0.52585936,-0.4952848,0.71217316,1,0.02113381,0.015434812,0.0055602766
1785207003913879648,2.8544953,2.3160307,0.09663648,0.0007067765,0.0010267912,0.0033568926,1,-0.01398443,6.0014043,-4.923251,0.10875753,0.1083145,0.08225281,0.9876996,-0.1255876,-0.08258286,-0.043096293,0,7,1785207003904223,1785207003904223,0.5420789,-0.5210188,0.67125964,1,0.021324852,0.0155013325,0.00557052
1785207003925883451,2.9988356,2.4635737,0.12751953,0.00069692766,0.0010545442,0.0033390766,1,-0.007055359,5.9934263,-4.921283,0.10958025,0.10910085,0.08218006,0.9918241,-0.10162672,-0.06424633,-0.0427734,0,7,1785207003920223,1785207003920223,0.5687105,-0.5628187,0.58576846,1,0.021842979,0.015666101,0.00557362
1785207003933953983,3.032392,2.4968624,0.13550575,0.00068575924,0.0010520682,0.0033527648,1,-0.0034136423,5.9892025,-4.920648,0.109996706,0.109497495,0.08241824,0.9935932,-0.08925213,-0.054739505,-0.04254631,0,7,1785207003928223,1785207003928223,0.5786428,-0.57899994,0.54175985,1,0.022158647,0.015761556,0.0055844304
1785207003945882311,3.053431,2.5599785,0.14538242,0.0006705413,0.0010386455,0.003381451,1,0.0003208192,5.9848547,-4.920266,0.110416725,0.109896496,0.082657166,0.99513435,-0.076766826,-0.045016248,-0.04228465,0,7,1785207003936223,1785207003936223,0.58601874,-0.59224856,0.49559328,1,0.022518054,0.015866412,0.0055954433
1785207003953895053,3.1224055,2.6289573,0.15254791,0.0006514909,0.0010149106,0.0034242803,1,0.0041286373,5.980408,-4.9201593,0.110840455,0.11029789,0.08289685,0.99644965,-0.064025484,-0.035007533,-0.041991636,0,7,1785207003944223,1785207003944223,0.5917736,-0.6021928,0.44713756,1,0.022922022,0.015981771,0.005606668
1785207003965922771,3.0638185,2.616703,0.16641392,0.0006024278,0.00094048865,0.0035478552,1,0.011909843,5.971295,-4.9208293,0.11169964,0.11110805,0.08337849,0.99829614,-0.038477723,-0.014778431,-0.041302316,0,7,1785207003960223,1785207003960223,0.59745455,-0.61551416,0.34803617,1,0.023874827,0.016247053,0.0056298017
1785207003973931776,2.9937766,2.6175022,0.17281258,0.00057323603,0.0008928284,0.0036247557,1,0.015843604,5.9666743,-4.9216027,0.11213543,0.111516915,0.08362045,0.99881136,-0.02608189,-0.004721711,-0.04090602,0,7,1785207003968223,1785207003968223,0.59619886,-0.6175195,0.3015314,1,0.024433855,0.016400667,0.0056417612
1785207003985905782,2.9833915,2.5874095,0.17889553,0.0005410579,0.00083922455,0.0037087665,1,0.019780405,5.962045,-4.922659,0.1125753,0.11192834,0.083298035,0.9990719,-0.013760533,0.005270182,-0.040474772,0,7,1785207003976223,1785207003976223,0.5941993,-0.6163131,0.25971818,1,0.02503175,0.016567167,0.005635385
1785207003993952989,2.8920455,2.4976602,0.1839666,0.0005062349,0.00078177784,0.0038010823,1,0.023714056,5.957423,-4.9239435,0.11302005,0.11234246,0.083539896,0.99908584,-0.0017253722,0.01496597,-0.040007856,0,7,1785207003984223,1785207003984223,0.5905105,-0.6138388,0.221389,1,0.025677029,0.016748145,0.0056477864
1785207004005945049,2.6470327,2.3455937,0.1874538,0.00043235195,0.0006622356,0.003994606,1,0.031500436,5.948276,-4.9271417,0.11392398,0.11317894,0.08402593,0.99846506,0.020874795,0.033324987,-0.03900269,0,7,1785207004000223,1785207004000223,0.5763217,-0.60072386,0.14836042,1,0.027056325,0.01715039,0.00567316
1785207004013943533,2.6246607,2.2704988,0.18553573,0.0003940352,0.00060113013,0.0040940787,1,0.035320513,5.943793,-4.9290485,0.11438349,0.11360142,0.084270105,0.9978677,0.031705435,0.042119574,-0.03848288,0,7,1785207004008223,1785207004008223,0.5670366,-0.5896023,0.1118148,1,0.027751125,0.017362664,0.005685969
1785207004025932647,2.5942998,2.194066,0.18049379,0.00035512348,0.00054004823,0.0041941227,1,0.03907296,5.939402,-4.93117,0.11484818,0.11402679,0.08451507,0.9970949,0.042427704,0.050587345,-0.037982814,0,7,1785207004016234,1785207004016234,0.555041,-0.5758329,0.074799865,1,0.028445773,0.017578157,0.0056988294
1785207004033930900,2.542899,2.162107,0.17439936,0.00031664863,0.0004805176,0.0042921784,1,0.042733546,5.9351273,-4.933506,0.115318164,0.1144551,0.08418354,0.99615514,0.0529477,0.05886679,-0.037501056,0,7,1785207004024234,1785207004024234,0.5402408,-0.55902135,0.039036687,1,0.029128395,0.017798001,0.0056926943
1785207004045914483,2.5367742,2.141072,0.15278421,0.00024211226,0.0003667629,0.0044795913,1,0.049723234,5.9269814,-4.93871,0.116274156,0.11532079,0.08467402,0.99376297,0.07362579,0.075313434,-0.036639377,0,7,1785207004040234,1785207004040234,0.5086208,-0.5219317,-0.015364773,1,0.030398427,0.018234719,0.005718267
1785207004053943385,2.5434303,2.1096473,0.14321415,0.00020694424,0.00031298667,0.0045685912,1,0.05304994,5.923126,-4.9414606,0.11676045,0.11575826,0.08492045,0.99230504,0.08405554,0.08336538,-0.036272965,0,7,1785207004048234,1785207004048234,0.4922551,-0.50273913,-0.03034147,1,0.030991685,0.018451236,0.005730964
1785207004065911057,2.5114732,2.0811496,0.13124463,0.00017391119,0.00026275724,0.0046519116,1,0.056256566,5.9194193,-4.944228,0.117252275,0.11619888,0.08516767,0.99069,0.094376415,0.09129023,-0.035952102,0,7,1785207004056234,1785207004056234,0.47518757,-0.48294356,-0.037714846,1,0.03154427,0.018662345,0.0057435404
1785207004073932525,2.4307792,2.066235,0.12354341,0.0001429859,0.00021619834,0.0047294525,1,0.059343196,5.9158573,-4.9469514,0.11774967,0.11664269,0.085415676,0.9889403,0.10440174,0.09913298,-0.035638217,0,7,1785207004064234,1785207004064234,0.4586395,-0.46486583,-0.036961026,1,0.032051276,0.018867796,0.0057559786
1785207004085918222,2.3564782,1.992999,0.110451184,8.90852e-05,0.00013451502,0.0048651537,1,0.0651789,5.909132,-4.9520206,0.118761145,0.117540024,0.08591409,0.9850725,0.12370706,0.11445642,-0.03505242,0,7,1785207004080234,1785207004080234,0.42824563,-0.42957705,-0.012411568,1,0.03291559,0.019249473,0.005780336
1785207004093954308,2.294958,1.9386705,0.09955346,6.7096036e-05,0.00010111128,0.0049206056,1,0.06794166,5.9059653,-4.9542613,0.1192752,0.117993586,0.08556801,0.9829722,0.13310906,0.12180251,-0.03481244,0,7,1785207004088234,1785207004088234,0.41383708,-0.4132131,0.009262181,1,0.03327624,0.01942204,0.0057724896
1785207004105943462,2.1932266,1.8960576,0.09317613,4.869588e-05,7.282777e-05,0.0049673533,1,0.07060336,5.9029174,-4.956243,0.119794756,0.11845049,0.08581748,0.98080224,0.14212115,0.12897004,-0.034575865,0,7,1785207004096234,1785207004096234,0.39959514,-0.3976877,0.036171053,1,0.033582643,0.019587845,0.0057841907
1785207004113930924,2.0571394,1.8356029,0.08519111,3.4458957e-05,5.0318642e-05,0.0050041587,1,0.073168196,5.899981,-4.9579325,0.12031978,0.11891076,0.08606775,0.9786041,0.15060426,0.1359178,-0.034333937,0,7,1785207004104234,1785207004104234,0.38612923,-0.38316795,0.06636803,1,0.03386518,0.019744204,0.0057957824
1785207004125975284,1.7886921,1.7272145,0.0731975,1.9563886e-05,2.413517e-05,0.005044624,1,0.07802964,5.894414,-4.960345,0.12138602,0.11984143,0.086570695,0.9742179,0.16584602,0.14918451,-0.03374419,0,7,1785207004120234,1785207004120234,0.36068833,-0.35652712,0.13632733,1,0.03423989,0.020005155,0.0058181803
1785207004133935354,1.6952167,1.6664934,0.069727786,1.875637e-05,1.9950749e-05,0.0050496804,1,0.080332294,5.891777,-4.9610157,0.12192714,0.120311856,0.086823374,0.9720361,0.17278695,0.15547414,-0.033442803,0,7,1785207004128234,1785207004128234,0.3486523,-0.34294745,0.17600429,1,0.034338217,0.020117229,0.0058290376
1785207004145945558,1.5942822,1.5943222,0.060674395,2.2134147e-05,2.1414296e-05,0.005044907,1,0.08255296,5.88924,-4.961306,0.1224734,0.12078566,0.08707687,0.96987617,0.17932868,0.16149911,-0.033158343,0,7,1785207004136234,1785207004136234,0.33678138,-0.32964996,0.21715593,1,0.034409035,0.020214966,0.0058397525
1785207004153913072,1.4653854,1.5130956,0.05295585,2.9197923e-05,2.8003386e-05,0.005031321,1,0.08469274,5.8867974,-4.9611983,0.12302471,0.12126281,0.086718485,0.9677789,0.18536602,0.1672199,-0.03287828,0,7,1785207004144234,1785207004144234,0.32503486,-0.31686625,0.25926748,1,0.034420814,0.020295445,0.00582984
1785207004165928356,1.184422,1.3293374,0.039640777,5.3110874e-05,5.4299395e-05,0.004981249,1,0.08872778,5.8821926,-4.9597993,0.12414199,0.12222719,0.087225944,0.9638924,0.19574724,0.17762476,-0.032308195,0,7,1785207004160234,1785207004160234,0.30103493,-0.2912152,0.34551919,1,0.034299348,0.020419082,0.005850075
1785207004173940215,1.0531288,1.254768,0.03484743,6.9154965e-05,7.379483e-05,0.0049457806,1,0.09061888,5.880033,-4.958501,0.12470767,0.122714385,0.08748089,0.96211827,0.20011689,0.18236609,-0.032006845,0,7,1785207004168234,1785207004168234,0.28851488,-0.2780157,0.38920355,1,0.034160376,0.02045995,0.005859831
1785207004185907137,0.92849225,1.1802002,0.027388833,8.770646e-05,9.709787e-05,0.0049039954,1,0.09242001,5.8779736,-4.9568067,0.12527783,0.1232049,0.087736644,0.9604593,0.20397885,0.18683155,-0.03169574,0,7,1785207004176234,1785207004176234,0.27517658,-0.26379263,0.43171138,1,0.0339676,0.02048239,0.0058693243
1785207004193930127,0.81450945,1.0960444,0.02179119,0.000108960354,0.00012386535,0.0048548337,1,0.09412278,5.8760276,-4.9547353,0.12585184,0.123698644,0.08799321,0.95892185,0.20737234,0.1909994,-0.031382613,0,7,1785207004184234,1785207004184234,0.26076797,-0.24769011,0.47141635,1,0.03375487,0.020494502,0.005878713
1785207004205919201,0.5460634,0.8544951,0.012203594,0.00015872743,0.00018961096,0.004739466,1,0.09719003,5.8725286,-4.9495745,0.12701304,0.124695964,0.088508785,0.956353,0.21261403,0.19807951,-0.030801844,0,7,1785207004200234,1785207004200234,0.22682019,-0.20988269,0.5387998,1,0.033275392,0.020508924,0.0058972817
1785207004213983691,0.4017194,0.7240007,0.0050143725,0.00018674113,0.00022792243,0.004673214,1,0.09852386,5.8710136,-4.9465175,0.12759954,0.12519936,0.088134855,0.95537573,0.21439417,0.20089798,-0.03053485,0,7,1785207004208234,1785207004208234,0.20699169,-0.18750507,0.5667991,1,0.033024497,0.020503737,0.0058853626
1785207004225927768,0.2613709,0.59856576,-0.002709703,0.00021676219,0.00026862088,0.0046025687,1,0.09970275,5.86968,-4.943211,0.12818983,0.12570588,0.088392824,0.95461005,0.21560997,0.20326018,-0.030289358,0,7,1785207004216234,1785207004216234,0.18468793,-0.16242401,0.5900046,1,0.03279953,0.020497825,0.0058946377
1785207004233944196,0.13061005,0.47659272,-0.004574816,0.00024862206,0.00031115522,0.0045282478,1,0.10070339,5.8685517,-4.939704,0.12878391,0.12621544,0.08865161,0.9540552,0.21629645,0.20516227,-0.03005043,0,7,1785207004224234,1785207004224234,0.15929575,-0.13410251,0.60674113,1,0.03258185,0.020492733,0.0059039453
1785207004245924754,-0.11280311,0.19509672,-0.017890994,0.00031591437,0.00040339507,0.004368867,1,0.102065384,5.867035,-4.932322,0.12998314,0.12724356,0.08917163,0.95357984,0.2162401,0.20747055,-0.029691994,0,7,1785207004240234,1785207004240234,0.097384006,-0.064350106,0.6155457,1,0.032153245,0.020486642,0.0059226183
1785207004253936493,-0.2440967,0.06060726,-0.014961781,0.0003509043,0.00045100934,0.004286339,1,0.10235866,5.866719,-4.9285884,0.13058819,0.12776206,0.08943287,0.9536825,0.21544704,0.20784543,-0.02954128,0,7,1785207004248234,1785207004248234,0.060341395,-0.023634914,0.608332,1,0.031962056,0.020481406,0.00593202
1785207004265915587,-0.36180818,-0.06615947,-0.014696425,0.00038623254,0.0004977831,0.00420225,1,0.102356315,5.8667283,-4.9248934,0.13119552,0.12828338,0.089694925,0.9539967,0.21417402,0.20774044,-0.029390534,0,7,1785207004256234,1785207004256234,0.021385623,0.018850207,0.5968845,1,0.031781256,0.020478362,0.005941478
1785207004273926705,-0.46433994,-0.19452362,-0.013364277,0.00042197286,0.0005432537,0.0041211173,1,0.10205076,5.867079,-4.921258,0.13180773,0.12880766,0.089307845,0.95450455,0.2124841,0.20716055,-0.029257989,0,7,1785207004264234,1785207004264234,-0.018461805,0.063182995,0.5819874,1,0.03162137,0.020477831,0.0059292414
1785207004285904778,-0.6957997,-0.47335547,-0.007238122,0.00044047556,0.000577506,0.003541499,1,0.102230504,5.8662696,-4.915882,0.10764496,0.10703526,0.081332944,0.9561241,0.20780249,0.20445509,-0.029036464,0,7,1785207004280234,1785207004280234,-0.096008964,0.14779848,0.5512418,1,0.022414098,0.015953427,0.0055415
1785207004293921867,-0.8191035,-0.6224934,-0.00776948,0.00047191445,0.00061486254,0.0034727822,1,0.102699846,5.865133,-4.914083,0.10805744,0.10742259,0.08156811,0.9572532,0.20471607,0.20229541,-0.02888327,0,7,1785207004288234,1785207004288234,-0.1322765,0.18681389,0.5376688,1,0.022302225,0.015960475,0.005551006
1785207004305929005,-0.9538602,-0.77882,-0.0045746076,0.00050255924,0.00065010815,0.0034069698,1,0.10285395,5.864357,-4.912318,0.1084727,0.10781218,0.08180404,0.95859796,0.2011056,0.19955051,-0.028741654,0,7,1785207004296234,1785207004296234,-0.16799763,0.2247415,0.5236106,1,0.022196982,0.015968421,0.0055605466
1785207004313925405,-1.0891491,-0.9322178,0.0015510998,0.00053202786,0.0006826877,0.003345002,1,0.102694556,5.863936,-4.910602,0.10889071,0.10820403,0.08204074,0.96015215,0.19694899,0.19621822,-0.02859048,0,7,1785207004304234,1785207004304234,-0.20400995,0.2627891,0.5070576,1,0.02209371,0.015976556,0.0055700997
1785207004325937823,-1.2457426,-1.1838869,0.014337893,0.00058715907,0.00073898793,0.003233729,1,0.1014109,5.8641768,-4.907414,0.109734945,0.10899447,0.08196924,0.9636893,0.18751058,0.18799359,-0.028305698,0,7,1785207004320234,1785207004320234,-0.27961397,0.34214354,0.4620317,1,0.021882564,0.01599258,0.0055713253
1785207004333930215,-1.2926148,-1.2808249,0.020729044,0.0006127549,0.00076244446,0.0031826734,1,0.1002676,5.864854,-4.906017,0.110160656,0.109393045,0.08220667,0.9655789,0.18243374,0.1832519,-0.028178973,0,7,1785207004328234,1785207004328234,-0.31872812,0.38305712,0.43285295,1,0.02176494,0.015999671,0.0055808285
1785207004345898459,-1.3115244,-1.3623163,0.03378136,0.000637238,0.0007834771,0.0031372374,1,0.09878786,5.865904,-4.904802,0.11058943,0.109793894,0.08244486,0.9674997,0.17724404,0.17816363,-0.028047599,0,7,1785207004336234,1785207004336234,-0.3577299,0.4238768,0.4004796,1,0.021633968,0.016007245,0.0055902624
1785207004353893947,-1.2936797,-1.4185103,0.04310429,0.0006597217,0.0008014787,0.003096832,1,0.0969747,5.8673263,-4.903794,0.11102077,0.110197,0.08268383,0.96940345,0.17208274,0.17281477,-0.02792137,0,7,1785207004344234,1785207004344234,-0.3963533,0.46472633,0.3655498,1,0.021492716,0.016014598,0.0055996366
1785207004365879023,-1.2774352,-1.5175796,0.06040729,0.0006967975,0.00082716485,0.0030342343,1,0.09236316,5.8712573,-4.902473,0.11189094,0.111010015,0.08316407,0.9731143,0.16188598,0.16147645,-0.027694635,0,7,1785207004360234,1785207004360234,-0.4721456,0.5430656,0.28953308,1,0.021149267,0.016028766,0.0056180554
1785207004373875944,-1.2819649,-1.549536,0.078513995,0.0007113196,0.0008345925,0.0030123654,1,0.08957875,5.873746,-4.9021997,0.11232958,0.111419946,0.08340535,0.9749217,0.15676646,0.15554373,-0.027535109,0,7,1785207004368234,1785207004368234,-0.5085872,0.58028936,0.2480724,1,0.020951396,0.01603701,0.005627113
1785207004385876510,-1.2734393,-1.585757,0.087040335,0.0007230929,0.0008386343,0.0029966312,1,0.08648734,5.8765697,-4.9022245,0.11277046,0.11183216,0.08308514,0.97668356,0.1516651,0.14946203,-0.027352855,0,7,1785207004376234,1785207004376234,-0.543865,0.6167534,0.20439595,1,0.020732505,0.016047422,0.0056175836
1785207004393887948,-1.2928792,-1.6150534,0.08756179,0.00073198415,0.0008396817,0.0029867745,1,0.08309768,5.8797183,-4.9025507,0.11321348,0.11224668,0.08332633,0.97840655,0.14650467,0.14324306,-0.027173705,0,7,1785207004384234,1785207004384234,-0.5782169,0.6515405,0.15917997,1,0.020489072,0.01606256,0.005626353
1785207004405888003,-1.3405526,-1.6651187,0.10913651,0.0007396824,0.0008317507,0.0029851496,1,0.07546298,5.88693,-4.9041405,0.11410471,0.113082685,0.083811,0.98173505,0.1358662,0.13047338,-0.026707627,0,7,1785207004400234,1785207004400234,-0.6414369,0.7158787,0.06781361,1,0.019933179,0.016115582,0.005643412
1785207004413903499,-1.3517367,-1.6949472,0.11765731,0.00073905784,0.0008233422,0.002994264,1,0.0712588,5.890962,-4.9054008,0.1145532,0.11350424,0.08405448,0.98332673,0.13044828,0.12390995,-0.026420683,0,7,1785207004408234,1785207004408234,-0.669493,0.7452753,0.023450794,1,0.019656708,0.016161177,0.005651929
1785207004425866783,-1.3781016,-1.729835,0.12271869,0.0007354515,0.0008123651,0.0030089295,1,0.06682086,5.8952556,-4.90696,0.115003265,0.11392817,0.08429872,0.98487425,0.124914795,0.117205605,-0.026113633,0,7,1785207004416234,1785207004416234,-0.6954972,0.77270883,-0.019191913,1,0.019387376,0.016222619,0.005660507
1785207004433894352,-1.401804,-1.7631245,0.12830696,0.0007286713,0.0007988856,0.0030292706,1,0.062167685,5.899794,-4.908817,0.115454815,0.114354484,0.083969384,0.9863716,0.11928364,0.1103515,-0.025789727,0,7,1785207004424234,1785207004424234,-0.7192039,0.79768085,-0.06023895,1,0.01914064,0.016299902,0.0056503266
1785207004445881663,-1.4566622,-1.853674,0.14774825,0.0007050462,0.0007634306,0.0030885183,1,0.052294176,5.9095225,-4.9133134,0.11636224,0.11521438,0.08445835,0.9892022,0.10772726,0.09616632,-0.025022246,0,7,1785207004440234,1785207004440234,-0.75878876,0.8402114,-0.13230745,1,0.018740961,0.016494542,0.0056683873
1785207004453901838,-1.510991,-1.9178562,0.14641982,0.0006879923,0.00074127817,0.0031278078,1,0.047118902,5.9146686,-4.915894,0.11681813,0.11564798,0.08470399,0.9905505,0.10164763,0.08871557,-0.024637058,0,7,1785207004448234,1785207004448234,-0.7742718,0.8575808,-0.16202933,1,0.018578965,0.01661178,0.0056776754
1785207004465916310,-1.5727779,-1.9950871,0.15174115,0.00066720514,0.00071585475,0.0031724249,1,0.0418125,5.919976,-4.918647,0.11727492,0.11608402,0.08495039,0.9918513,0.095331304,0.080965295,-0.024245407,0,7,1785207004456234,1785207004456234,-0.7868449,0.87241066,-0.18604761,1,0.018433949,0.01674425,0.005687083
1785207004473898923,-1.6239086,-2.0680585,0.15494534,0.00064354326,0.0006885684,0.0032234555,1,0.036399007,5.9254246,-4.921528,0.11773367,0.11652259,0.08519756,0.99309385,0.088767275,0.072913304,-0.023844898,0,7,1785207004464234,1785207004464234,-0.79719424,0.8851421,-0.20477796,1,0.018304402,0.016894817,0.0056965873
1785207004485904849,-1.801005,-2.2259881,0.14800866,0.0005893311,0.000630886,0.0033355122,1,0.025323126,5.936668,-4.927517,0.11865524,0.1174074,0.08510418,0.9953694,0.074701786,0.055924095,-0.023063695,0,7,1785207004480234,1785207004480234,-0.81090266,0.90264255,-0.22635613,1,0.01809523,0.017256383,0.005696441
1785207004493902652,-1.885165,-2.3330433,0.14987987,0.00055974885,0.0006016155,0.0033944463,1,0.019699378,5.9424224,-4.930537,0.119117975,0.11785374,0.08535195,0.99638784,0.067088954,0.046853516,-0.022698844,0,7,1785207004488234,1785207004488234,-0.81425226,0.90824986,-0.22850297,1,0.018023375,0.017465144,0.0057063135
1785207004506013889,-1.9685203,-2.4259892,0.14748321,0.00052930036,0.0005731189,0.0034534738,1,0.014040766,5.948244,-4.933514,0.119582,0.11830277,0.08560048,0.9973002,0.059113402,0.03739883,-0.022345604,0,7,1785207004496234,1785207004496234,-0.81592923,0.9122759,-0.2252303,1,0.017973814,0.017690562,0.0057163336
1785207004513945535,-2.0220492,-2.4981608,0.14508364,0.0004983632,0.000545541,0.0035120712,1,0.008359159,5.9541254,-4.936409,0.1200473,0.11875456,0.085849784,0.9980791,0.050894413,0.027630866,-0.022007285,0,7,1785207004504234,1785207004504234,-0.81633246,0.9155581,-0.21749899,1,0.017949639,0.017932363,0.005726516
1785207004525916484,-2.2367005,-2.64357,0.12909992,0.00043586755,0.00049214636,0.0036281256,1,-0.003028462,5.966004,-4.941812,0.12098195,0.119666606,0.08635072,0.9991918,0.033213995,0.0072951233,-0.021433916,0,7,1785207004520234,1785207004520234,-0.81249475,0.91517675,-0.18790919,1,0.017970493,0.018455522,0.005747324
1785207004533921981,-2.3128643,-2.7351851,0.12431375,0.00040470678,0.0004662652,0.003684,1,-0.008710019,5.9719753,-4.944246,0.121451005,0.120126955,0.08660235,0.9994865,0.023803042,-0.0033814544,-0.021182582,0,7,1785207004528234,1785207004528234,-0.8082959,0.9135237,-0.16656522,1,0.018012924,0.018733501,0.005757928
1785207004545905604,-2.3719893,-2.8036258,0.11792264,0.00037404592,0.00044080528,0.0037402029,1,-0.014370483,5.9779577,-4.946462,0.12192192,0.12059036,0.08685477,0.9995774,0.014130447,-0.014342498,-0.020968119,0,7,1785207004536234,1785207004536234,-0.8036823,0.91104037,-0.14198075,1,0.01807563,0.019021764,0.005768658
1785207004553927312,-2.411937,-2.8526278,0.11392791,0.00034396545,0.00041546093,0.003795709,1,-0.020007212,5.983946,-4.9484444,0.12239438,0.12105682,0.086498395,0.99944943,0.0042678653,-0.025520016,-0.020771485,0,7,1785207004544234,1785207004544234,-0.79872143,0.9082589,-0.114585124,1,0.018156115,0.019315394,0.005759314
1785207004565941193,-2.5315113,-2.9026973,0.098720916,0.00028585742,0.0003655604,0.003903883,1,-0.031188594,5.995918,-4.951598,0.123344265,0.121999234,0.08700359,0.9985014,-0.01603343,-0.04815704,-0.02046637,0,7,1785207004560234,1785207004560234,-0.7864657,0.8993308,-0.05095466,1,0.01836089,0.019894341,0.0057812403
1785207004573943494,-2.5930297,-2.9354546,0.089949325,0.00025792632,0.0003410792,0.0039563775,1,-0.036721073,6.0018806,-4.9527225,0.123821855,0.12247529,0.08725737,0.99765795,-0.026600111,-0.059632495,-0.020374991,0,7,1785207004568234,1785207004568234,-0.77936536,0.8934793,-0.015194834,1,0.018480463,0.020177208,0.0057923025
1785207004585915576,-2.6223238,-2.9706085,0.08010862,0.00023084682,0.0003169559,0.004007661,1,-0.04220716,6.0078225,-4.953526,0.12430132,0.12295465,0.08751194,0.996555,-0.037301864,-0.07123014,-0.020322623,0,7,1785207004576234,1785207004576234,-0.7713669,0.8874955,0.021469276,1,0.018608486,0.02045231,0.00580341
1785207004593945810,-2.6276538,-2.9849865,0.072116025,0.00020480018,0.0002933291,0.0040574167,1,-0.04763996,6.0137405,-4.954007,0.12478278,0.12343737,0.0877673,0.99519235,-0.04803609,-0.08290025,-0.020304395,0,7,1785207004584234,1785207004584234,-0.7626866,0.8810648,0.058056176,1,0.018742159,0.020715777,0.0058145444
1785207004605996602,-2.6220582,-2.937053,0.053465366,0.00015541867,0.0002467408,0.004152618,1,-0.05832716,6.0254817,-4.953992,0.12575184,0.12441295,0.08765438,0.9917297,-0.0694698,-0.10598065,-0.020353908,0,7,1785207004600234,1785207004600234,-0.7432879,0.86557645,0.12949401,1,0.019013533,0.0211908,0.005816032
1785207004613997420,-2.619928,-2.9026983,0.04413701,0.00013228148,0.0002236496,0.004198928,1,-0.06356638,6.031287,-4.9535093,0.12623987,0.12490592,0.087910324,0.9896497,-0.08010758,-0.11729577,-0.020444848,0,7,1785207004608234,1785207004608234,-0.7319135,0.8559029,0.16389541,1,0.019147076,0.021398056,0.0058271373
1785207004625916309,-2.6351082,-2.8678107,0.032681856,0.00011045283,0.00020083942,0.0042436486,1,-0.068721026,6.037034,-4.952734,0.1267303,0.12540236,0.08816706,0.9873386,-0.090770945,-0.12844858,-0.020596012,0,7,1785207004616234,1785207004616234,-0.71869814,0.8447085,0.19552548,1,0.019277584,0.02158825,0.005838218
1785207004633926185,-2.6071439,-2.8371854,0.020188943,9.0258574e-05,0.00017845604,0.004286308,1,-0.07377354,6.0427094,-4.951698,0.12722318,0.12590228,0.0884246,0.98480934,-0.10134258,-0.13945572,-0.020793062,0,7,1785207004624234,1785207004624234,-0.7032137,0.8322553,0.22289182,1,0.019402808,0.021760412,0.0058492636
1785207004645918625,-2.4920976,-2.6718004,-0.0008807257,5.5565317e-05,0.00013443985,0.004365182,1,-0.08350351,6.053794,-4.9489994,0.12821676,0.1269125,0.08894212,0.97925085,-0.12171403,-0.16062343,-0.021296961,0,7,1785207004640234,1785207004640234,-0.66564196,0.80063564,0.26091698,1,0.019633295,0.0220426,0.0058712126
1785207004653948378,-2.439098,-2.5535598,-0.014192436,4.1709918e-05,0.00011362301,0.004399935,1,-0.088140994,6.059157,-4.947432,0.1287176,0.12742282,0.0892021,0.9762967,-0.13152166,-0.17052467,-0.021638323,0,7,1785207004648234,1785207004648234,-0.6427566,0.78057635,0.27214953,1,0.019739283,0.022158094,0.0058821156
1785207004665921491,-2.373053,-2.463543,-0.02482609,3.0832165e-05,9.42872e-05,0.004430228,1,-0.09259217,6.0643697,-4.9457674,0.12922123,0.12793659,0.08946289,0.9732492,-0.14104237,-0.18002148,-0.022031575,0,7,1785207004656234,1785207004656234,-0.61576426,0.75718087,0.2790156,1,0.019841291,0.022261279,0.005892974
1785207004673916017,-2.2931564,-2.3666062,-0.039476547,2.3322262e-05,7.6367694e-05,0.0044557373,1,-0.09682399,6.0694036,-4.944047,0.12972768,0.12845378,0.08907789,0.97012943,-0.15022442,-0.18914711,-0.022470428,0,7,1785207004664234,1785207004664234,-0.58513993,0.7305102,0.27977976,1,0.019934086,0.022350365,0.005882227
1785207004685914098,-2.122459,-2.0768523,-0.062396962,1.8751349e-05,4.2766653e-05,0.004337607,1,-0.10392752,6.0781765,-4.9416113,0.10818165,0.107053526,0.081147596,0.9638789,-0.16742764,-0.20579377,-0.02354315,0,7,1785207004680234,1785207004680234,-0.5166407,0.66833985,0.27099213,1,0.015805788,0.017357148,0.005502862
1785207004693981383,-2.0132678,-1.9397018,-0.07782384,2.3611348e-05,3.2247764e-05,0.0043433434,1,-0.106776565,6.0818844,-4.9408994,0.108557716,0.10743039,0.0813817,0.96081644,-0.17542648,-0.21324754,-0.024143247,0,7,1785207004688234,1785207004688234,-0.4794664,0.6339598,0.2664996,1,0.015869472,0.017400619,0.0055132965
1785207004705976319,-1.8875676,-1.810271,-0.09086974,3.3014097e-05,2.4689198e-05,0.004341577,1,-0.10935144,6.0853524,-4.940169,0.10893605,0.107809834,0.08161657,0.9578359,-0.18289766,-0.22019298,-0.024780396,0,7,1785207004696234,1785207004696234,-0.4413292,0.59938115,0.26385525,1,0.015930982,0.017440544,0.005523683
1785207004713980042,-1.7996838,-1.6582026,-0.10287841,4.7036097e-05,2.0299234e-05,0.0043320227,1,-0.111646585,6.0885715,-4.9394083,0.10931667,0.108191855,0.08185221,0.95495164,-0.18994045,-0.22658458,-0.025482252,0,7,1785207004704234,1785207004704234,-0.4029779,0.563136,0.26254836,1,0.015989149,0.017474456,0.0055340137
1785207004725924450,-1.5054029,-1.288825,-0.11564591,8.929739e-05,2.178163e-05,0.004288434,1,-0.11539978,6.0942497,-4.937746,0.11008492,0.10896363,0.08178108,0.94969314,-0.20251726,-0.23735993,-0.027019368,0,7,1785207004720234,1785207004720234,-0.32785872,0.49261588,0.26791546,1,0.016092243,0.017523754,0.005536774
1785207004733976667,-1.3067344,-1.06911,-0.117511295,0.00011777454,2.8090473e-05,0.004253724,1,-0.116874106,6.0967245,-4.936795,0.11047264,0.1093534,0.082017444,0.9474906,-0.20767401,-0.24157842,-0.027806785,0,7,1785207004728234,1785207004728234,-0.2924669,0.45928627,0.27594328,1,0.016141908,0.017540539,0.0055469167
1785207004745909543,-1.1275021,-0.8499337,-0.11937832,0.00015111145,3.815348e-05,0.0042103995,1,-0.11809565,6.0989685,-4.935724,0.11086278,0.10974576,0.08225457,0.9456152,-0.21209386,-0.24497026,-0.028595557,0,7,1785207004736234,1785207004736234,-0.25849578,0.42673042,0.28765148,1,0.016190846,0.017553642,0.005556999
1785207004753956449,-0.9709087,-0.6283579,-0.12311043,0.00018880877,5.1919018e-05,0.00415847,1,-0.11907228,6.100982,-4.934509,0.11125526,0.11014068,0.08249247,0.9440609,-0.21587265,-0.24755158,-0.029431889,0,7,1785207004744234,1785207004744234,-0.22527611,0.39395845,0.3016353,1,0.01623836,0.017564327,0.0055670184
1785207004765961454,-0.54959613,-0.142332,-0.12923315,0.00027585766,8.9963134e-05,0.0040335273,1,-0.120293766,6.1043224,-4.931638,0.11204789,0.110938475,0.08297057,0.9421395,-0.22104897,-0.25007853,-0.031164449,0,7,1785207004760234,1785207004760234,-0.15812911,0.32936344,0.32805583,1,0.016329352,0.01756971,0.0055868663
1785207004773959707,-0.33361453,0.08057483,-0.12496935,0.00032451176,0.00011416801,0.003960742,1,-0.12053044,6.1056423,-4.9299946,0.112448044,0.11134132,0.083210774,0.9418071,-0.22237623,-0.2500463,-0.03201631,0,7,1785207004768234,1785207004768234,-0.12356277,0.29565272,0.3399392,1,0.01637314,0.017561387,0.005596691
1785207004785927460,-0.13654086,0.28750288,-0.121772364,0.00037628517,0.00014144553,0.0038817648,1,-0.12050566,6.1067142,-4.928231,0.112850845,0.111746825,0.08345175,0.9418643,-0.22291102,-0.24924687,-0.032837443,0,7,1785207004776234,1785207004776234,-0.08718291,0.25988835,0.34914786,1,0.016417865,0.01754396,0.0056064487
1785207004793947835,0.037363455,0.4848435,-0.117510326,0.00043046477,0.00017111051,0.0037979926,1,-0.12019833,6.107513,-4.9263816,0.11325636,0.11215501,0.08313061,0.9422775,-0.2227514,-0.24771538,-0.03364517,0,7,1785207004784234,1785207004784234,-0.047580175,0.22049817,0.35283822,1,0.016463501,0.017519882,0.005597739
1785207004805986844,0.35481137,0.79243916,-0.09966522,0.0005414839,0.00023626178,0.0036219675,1,-0.1186332,6.108184,-4.9226007,0.11407586,0.11297962,0.083613165,0.9440191,-0.22052757,-0.24282053,-0.03512662,0,7,1785207004800234,1785207004800234,0.040431917,0.13271756,0.34477127,1,0.016554216,0.017446613,0.0056169587
1785207004813994285,0.47891405,0.92666245,-0.09167127,0.0005972049,0.00027100445,0.0035309151,1,-0.11733405,6.1080112,-4.9207506,0.11448988,0.11339606,0.0838556,0.9452639,-0.2186044,-0.23959659,-0.035801537,0,7,1785207004808234,1785207004808234,0.087633245,0.08517366,0.33352557,1,0.016600028,0.01739102,0.005626505
1785207004825945176,0.5803813,1.0454391,-0.07888664,0.0006530017,0.0003065552,0.0034396388,1,-0.115669765,6.107477,-4.9189763,0.11490728,0.113815375,0.08409881,0.94670326,-0.21626854,-0.23590884,-0.036441,0,7,1785207004816234,1785207004816234,0.13635062,0.03603198,0.3185741,1,0.016648928,0.017327223,0.0056360336
1785207004833947086,0.6703951,1.1370524,-0.0658378,0.0007076713,0.00034229667,0.0033492974,1,-0.11363157,6.106572,-4.9173036,0.11532796,0.11423756,0.08434279,0.94829446,-0.21357493,-0.23184608,-0.037024673,0,7,1785207004824234,1785207004824234,0.18572572,-0.01369392,0.30049905,1,0.016701754,0.017262386,0.005645569
1785207004845952070,0.8522895,1.3298651,-0.036540985,0.0008102102,0.0004133408,0.0031758535,1,-0.108435705,6.1036453,-4.9143476,0.11617966,0.115090586,0.084254846,0.9518781,-0.20713708,-0.22265966,-0.038014676,0,7,1785207004840234,1785207004840234,0.28198993,-0.11152642,0.25986132,1,0.016821371,0.017133065,0.0056457426
1785207004853974399,0.9372449,1.433728,-0.022426942,0.0008580545,0.00044725538,0.0030941633,1,-0.105298296,6.1016417,-4.913075,0.11661084,0.11552143,0.08449949,0.9538662,-0.2034007,-0.21746244,-0.038440403,0,7,1785207004848234,1785207004848234,0.3282359,-0.15855597,0.23888776,1,0.016890021,0.01707576,0.0056553828
1785207004865950518,1.0134115,1.5192155,-0.00804269,0.00090305996,0.00048005098,0.00301643,1,-0.10181013,6.099287,-4.9119515,0.11704561,0.11595514,0.084744915,0.95595455,-0.19934012,-0.21191514,-0.03881274,0,7,1785207004856234,1785207004856234,0.37388286,-0.20514987,0.21594566,1,0.01696563,0.017028047,0.0056650923
1785207004873950434,1.0693376,1.6086977,0.01006932,0.0009443244,0.0005116396,0.0029436448,1,-0.09797635,6.096583,-4.9109964,0.11748405,0.116391696,0.08499112,0.9581136,-0.19505051,-0.20601499,-0.039136484,0,7,1785207004864234,1785207004864234,0.4188937,-0.2516284,0.19042002,1,0.017048426,0.016990688,0.0056748623
1785207004886004833,1.1918461,1.7791377,0.04495123,0.0010122166,0.0005656524,0.0028210334,1,-0.08930476,6.0901456,-4.909655,0.11837147,0.11727322,0.08548586,0.9626058,-0.18574473,-0.19317025,-0.039678052,0,7,1785207004880234,1785207004880234,0.5048086,-0.3407002,0.13599198,1,0.017230555,0.016953113,0.0056945607
1785207004893988579,1.2498987,1.8643619,0.05827541,0.0010378475,0.00058754184,0.0027735797,1,-0.084492125,6.08644,-4.909287,0.11882079,0.11771817,0.08514383,0.96492004,-0.18071218,-0.18623543,-0.039860014,0,7,1785207004888234,1785207004888234,0.54514015,-0.382738,0.108139776,1,0.017329086,0.01695087,0.0056850393
1785207004905995356,1.304495,1.9602349,0.07665074,0.0010577963,0.0006063556,0.0027348832,1,-0.079380155,6.082426,-4.9091225,0.119273685,0.118165866,0.08539143,0.9672641,-0.1754611,-0.17892292,-0.04000177,0,7,1785207004896234,1785207004896234,0.58342093,-0.42288813,0.07950919,1,0.017434098,0.016957773,0.005695038
1785207004913972289,1.3678764,2.0553107,0.08730179,0.0010715106,0.0006213408,0.0027062513,1,-0.07398557,6.0781207,-4.9091616,0.1197302,0.1186163,0.08563981,0.96963555,-0.16994299,-0.17122227,-0.040117275,0,7,1785207004904234,1785207004904234,0.61950094,-0.46096253,0.05174722,1,0.017545817,0.016973574,0.00570511
1785207004925963186,1.5633514,2.2675655,0.11766045,0.001079644,0.0006382926,0.002681299,1,-0.06242866,6.068719,-4.909819,0.120654084,0.11952536,0.086138904,0.97446114,-0.15778309,-0.15464944,-0.040170625,0,7,1785207004920234,1785207004920234,0.68286335,-0.5277325,0.00041060464,1,0.017797215,0.017032402,0.0057255826
1785207004934020893,1.6669462,2.4079158,0.12564944,0.0010749124,0.0006404855,0.002683904,1,-0.056316435,6.0636697,-4.910412,0.121121585,0.119984016,0.08638962,0.9769205,-0.15105687,-0.14558735,-0.04015524,0,7,1785207004928234,1785207004928234,0.7101025,-0.55731785,-0.02341325,1,0.017943034,0.017077269,0.00573605
1785207004945955893,1.7345934,2.5274894,0.13444348,0.0010647882,0.0006390748,0.0026955062,1,-0.050006736,6.058405,-4.911175,0.121592924,0.12044545,0.086641125,0.97936344,-0.14399712,-0.13601853,-0.040137988,0,7,1785207004936234,1785207004936234,0.73549515,-0.5861049,-0.04677946,1,0.018111046,0.017136151,0.005746754
1785207004953983432,1.8677533,2.6361468,0.15012184,0.0010496537,0.0006341693,0.002714745,1,-0.04351858,6.052943,-4.912103,0.12206783,0.12090967,0.08689341,0.9817816,-0.13646117,-0.12600993,-0.040059682,0,7,1785207004944234,1785207004944234,0.7587584,-0.61130744,-0.06983827,1,0.018302431,0.017212268,0.0057577137
1785207004965997544,2.1348608,2.9338925,0.15919992,0.0010083283,0.000615951,0.002774422,1,-0.030083535,6.0415096,-4.9144607,0.12303119,0.12184686,0.086788476,0.98651046,-0.11967264,-0.10435638,-0.039816942,0,7,1785207004960234,1785207004960234,0.7959669,-0.6549323,-0.11499892,1,0.018765401,0.017429492,0.0057602893
1785207004974018580,2.2323334,3.073175,0.16266744,0.000982574,0.0006035811,0.0028126133,1,-0.023181042,6.0355754,-4.915875,0.12351951,0.12231991,0.08704136,0.9887503,-0.110523,-0.09263563,-0.039701685,0,7,1785207004968234,1785207004968234,0.81088,-0.6741257,-0.13594767,1,0.019036816,0.017574392,0.0057720793
1785207004985975483,2.3660245,3.2066,0.16398264,0.00095424865,0.0005895605,0.0028550264,1,-0.016181655,6.0295167,-4.917438,0.12401243,0.12279598,0.08729505,0.9908602,-0.100831814,-0.080386914,-0.03958542,0,7,1785207004976234,1785207004976234,0.82307667,-0.6902619,-0.15684392,1,0.019331705,0.017744182,0.005784125
1785207004993973175,2.483199,3.356006,0.16186462,0.0009237114,0.00057397084,0.0029012228,1,-0.009105378,6.023351,-4.919163,0.12451004,0.12327513,0.08754954,0.99280787,-0.09061065,-0.06755355,-0.0394805,0,7,1785207004984234,1785207004984234,0.83292544,-0.70500666,-0.18116257,1,0.019647738,0.017936917,0.0057963966
1785207005006002555,2.6877325,3.5701215,0.14881836,0.00085516274,0.0005382569,0.0030056254,1,0.0052141566,6.0107555,-4.9232125,0.12551956,0.12424284,0.088060915,0.99603724,-0.06870146,-0.040510632,-0.039355114,0,7,1785207005000234,1785207005000234,0.8463378,-0.7284731,-0.2378217,1,0.020314682,0.018375704,0.0058213817
1785207005013982142,2.7830727,3.6699915,0.14747691,0.0008176867,0.0005183953,0.0030630324,1,0.012416052,6.004358,-4.925556,0.12603152,0.12473146,0.08769124,0.9972428,-0.057140995,-0.026387623,-0.039310794,0,7,1785207005008234,1785207005008234,0.8487694,-0.7367435,-0.27046967,1,0.020671077,0.018623583,0.0058133644
1785207005026062209,2.8387315,3.7658656,0.14137697,0.000778223,0.00049770984,0.0031224824,1,0.01961427,5.997915,-4.92816,0.12654793,0.12522328,0.08794712,0.9981313,-0.045271657,-0.011870415,-0.039289676,0,7,1785207005016245,1785207005016245,0.8488149,-0.7433371,-0.3061049,1,0.021044593,0.01889001,0.00582631
1785207005033985939,2.8927948,3.8023508,0.13388439,0.0007373301,0.00047631556,0.0031848408,1,0.026796587,5.9914446,-4.931031,0.12706968,0.12571846,0.08820381,0.998673,-0.033166334,0.0028582157,-0.03929408,0,7,1785207005024245,1785207005024245,0.84705335,-0.7471266,-0.34073675,1,0.021432266,0.019172432,0.0058394065
1785207005045973859,2.9729536,3.8923666,0.117676914,0.00065150874,0.0004315042,0.0033156178,1,0.041015923,5.978518,-4.937519,0.1281282,0.12671901,0.08871962,0.9986557,-0.008409644,0.032661725,-0.039362334,0,7,1785207005040245,1785207005040245,0.83168614,-0.7451158,-0.40240544,1,0.022214297,0.019767355,0.0058657965
1785207005053975278,2.9868011,3.9562829,0.109693736,0.0006068312,0.0004082864,0.0033835839,1,0.04799525,5.9721074,-4.941081,0.12866499,0.12722448,0.088978745,0.9980632,0.0041592554,0.047936246,-0.039430674,0,7,1785207005048245,1785207005048245,0.8199629,-0.74087006,-0.4274855,1,0.02260825,0.020074932,0.005879063
1785207005065956085,3.0195591,3.9509575,0.09791544,0.00056119426,0.00038445284,0.0034531283,1,0.054868765,5.965753,-4.9448133,0.1292068,0.12773345,0.08923869,0.9970729,0.016823368,0.06324389,-0.03953519,0,7,1785207005056245,1785207005056245,0.80721027,-0.7340869,-0.44827697,1,0.022998199,0.020384084,0.005892329
1785207005073966120,3.0312777,3.9166017,0.08595554,0.00051499926,0.00035973906,0.0035241086,1,0.061624207,5.9594755,-4.9486823,0.12975366,0.128246,0.08949945,0.9956945,0.029554777,0.07838639,-0.039680853,0,7,1785207005064245,1785207005064245,0.7919248,-0.72493345,-0.46498513,1,0.023372743,0.020689929,0.0059055057
1785207005085956916,2.9799552,3.9323475,0.06972614,0.00038945157,0.00027655653,0.0034579725,1,0.06867991,5.952783,-4.9574356,0.10723735,0.106913604,0.080965,0.99176943,0.054740824,0.10860761,-0.040016145,0,7,1785207005080245,1785207005080245,0.75155705,-0.6991853,-0.48218444,1,0.018236797,0.016501049,0.005508051
1785207005093986508,2.9314847,3.879619,0.05878254,0.00034478123,0.00025179735,0.0035270143,1,0.06908298,5.9522676,-4.962195,0.10763295,0.10729167,0.08119839,0.98924434,0.067047514,0.12360142,-0.04028523,0,7,1785207005088245,1785207005088245,0.72909766,-0.6838603,-0.4826303,1,0.01850346,0.016720355,0.0055205156
1785207005106013804,2.8888764,3.7765534,0.053974632,0.00030086102,0.0002265573,0.0035962425,1,0.06943812,5.951758,-4.966906,0.10803185,0.10767216,0.081432536,0.98640484,0.07915061,0.13818514,-0.040566713,0,7,1785207005096245,1785207005096245,0.70581555,-0.66719174,-0.4780023,1,0.018751318,0.016935155,0.005532842
1785207005113986147,2.8015192,3.689738,0.041760642,0.00025784175,0.00020079818,0.00366509,1,0.06973305,5.951264,-4.971528,0.10843399,0.10805513,0.08166745,0.98328507,0.090904914,0.15237245,-0.040860612,0,7,1785207005104245,1785207005104245,0.68136257,-0.6500842,-0.46796113,1,0.018992031,0.017137332,0.0055450574
1785207005125988155,2.6212318,3.5001142,0.026287748,0.00017587474,0.00014943088,0.0037985656,1,0.070126146,5.950343,-4.980325,0.10924807,0.10882873,0.082139574,0.97634244,0.11311368,0.17955798,-0.04146882,0,7,1785207005120245,1785207005120245,0.63465244,-0.615544,-0.42951742,1,0.019427665,0.017506754,0.0055690515
1785207005133990435,2.5282845,3.3736167,0.021239512,0.00013869912,0.0001248047,0.003860439,1,0.070233844,5.94992,-4.9844103,0.10966001,0.10921947,0.08183142,0.9725927,0.12364457,0.19243546,-0.04176223,0,7,1785207005128245,1785207005128245,0.6129181,-0.5991052,-0.40125751,1,0.019623114,0.01767295,0.0055631
1785207005145961994,2.4342718,3.2604342,0.014051559,0.00010495428,0.0001014631,0.0039175986,1,0.07028674,5.949521,-4.9882236,0.110075206,0.10961289,0.082067825,0.96870506,0.13374959,0.20482494,-0.042051807,0,7,1785207005136245,1785207005136245,0.5917369,-0.58284926,-0.36856392,1,0.019812107,0.017829815,0.0055747717
1785207005153950398,2.3032455,3.1120956,0.0020752274,7.5673204e-05,7.9913305e-05,0.003968503,1,0.07028739,5.9491434,-4.991734,0.11049369,0.110009044,0.08230501,0.96474063,0.14332695,0.21665399,-0.04235615,0,7,1785207005144245,1785207005144245,0.5713908,-0.5679876,-0.33250934,1,0.01998892,0.017981322,0.0055863373
1785207005165963677,2.051312,2.7850595,-0.009679372,3.3748503e-05,4.4914847e-05,0.0040451456,1,0.070153646,5.948425,-4.997739,0.11134053,0.11080977,0.082781695,0.95682853,0.16066614,0.23837754,-0.04291605,0,7,1785207005160245,1785207005160245,0.5347375,-0.54048955,-0.24823676,1,0.0202996,0.01823678,0.0056089284
1785207005174004911,1.9746133,2.6186118,-0.018998472,2.2436327e-05,3.250016e-05,0.0040689474,1,0.07003664,5.9480853,-5.000163,0.11176891,0.11121445,0.0830212,0.95291,0.16872661,0.24823785,-0.04326647,0,7,1785207005168245,1785207005168245,0.518342,-0.5269756,-0.20015974,1,0.02043592,0.018346457,0.0056199864
1785207005185958326,1.8694175,2.4633508,-0.024307659,1.840317e-05,2.4059624e-05,0.004081498,1,0.06989105,5.947757,-5.0021687,0.11220058,0.11162206,0.08326148,0.94905317,0.17635834,0.25747192,-0.04363785,0,7,1785207005176245,1785207005176245,0.5021392,-0.5144892,-0.14964296,1,0.020549593,0.018444553,0.0056308457
1785207005193972919,1.7477115,2.3142133,-0.035486285,2.1924074e-05,1.9889623e-05,0.0040822253,1,0.069717094,5.947436,-5.003739,0.112635516,0.11203262,0.08350254,0.94528913,0.18348226,0.26612785,-0.04403079,0,7,1785207005184245,1785207005184245,0.48658186,-0.50265086,-0.09733374,1,0.02063737,0.018516343,0.005641392
1785207005205996158,1.5642209,2.0060837,-0.0461679,5.26785e-05,2.515309e-05,0.0040463656,1,0.0692968,5.9468102,-5.005561,0.11351492,0.112862684,0.083421804,0.9381443,0.19632423,0.28165665,-0.044851147,0,7,1785207005200245,1785207005200245,0.45766795,-0.4794702,0.012687629,1,0.020739723,0.018588629,0.0056432066
1785207005214029136,1.5397183,1.8564152,-0.052834358,8.013721e-05,3.4797133e-05,0.004009343,1,0.06905564,5.9465156,-5.0057645,0.113959275,0.11328218,0.08366357,0.9347305,0.20239998,0.2885359,-0.04538787,0,7,1785207005208245,1785207005208245,0.44396442,-0.46686313,0.06987332,1,0.02076155,0.018608555,0.0056530572
1785207005225996438,1.5495749,1.7014164,-0.054712847,0.0001150445,4.915968e-05,0.003960155,1,0.06879169,5.9462457,-5.005489,0.114406645,0.113704644,0.08390611,0.9314037,0.20843264,0.29482457,-0.04606072,0,7,1785207005216245,1785207005216245,0.42974463,-0.45304033,0.1268175,1,0.02076285,0.018610379,0.0056626713
1785207005233972257,1.5596946,1.5195243,-0.05791431,0.00015734816,6.79765e-05,0.0038985873,1,0.06849619,5.9460135,-5.004747,0.11485689,0.114130035,0.08414943,0.9281926,0.21446884,0.30043635,-0.046900965,0,7,1785207005224245,1785207005224245,0.41461724,-0.4379654,0.1814485,1,0.020746991,0.018591022,0.0056720525
1785207005245978272,1.5466449,1.0545361,-0.057931,0.0002631111,0.00011762138,0.0037433468,1,0.06776202,5.9457088,-5.00194,0.11576608,0.114989616,0.08463841,0.92239165,0.22629125,0.30915177,-0.04910377,0,7,1785207005240245,1785207005240245,0.37967673,-0.4033543,0.2833428,1,0.02069115,0.0185399,0.0056906035
1785207005254028284,1.557032,0.7823597,-0.053942163,0.00032409435,0.0001476823,0.0036523845,1,0.067294426,5.9456697,-4.999953,0.116224855,0.115423724,0.08430513,0.9198818,0.23214242,0.31204534,-0.050548777,0,7,1785207005248245,1785207005248245,0.3597643,-0.38306573,0.33054143,1,0.020647686,0.01850564,0.0056807175
1785207005265981077,1.5450462,0.48222452,-0.058209125,0.0003892554,0.00018034264,0.0035546462,1,0.06673747,5.94573,-4.9975824,0.116686344,0.11586068,0.0845499,0.91769457,0.23791172,0.31385264,-0.052260425,0,7,1785207005256245,1785207005256245,0.33725598,-0.36040872,0.3741221,1,0.02059887,0.018462697,0.005689736
1785207005273979109,1.4867228,0.14799783,-0.0654035,0.00045786204,0.00021474781,0.0034517178,1,0.06606522,5.9459124,-4.994864,0.11715049,0.116300434,0.084795445,0.91592497,0.24342287,0.31445822,-0.054247625,0,7,1785207005264245,1785207005264245,0.3114071,-0.33485264,0.41304392,1,0.020547163,0.01842054,0.0056987423
1785207005285997739,1.2536966,-0.5566721,-0.08165134,0.00060190185,0.00028773877,0.0032348582,1,0.06429341,5.9467225,-4.9884963,0.118086584,0.11718822,0.08528888,0.91391736,0.2530526,0.31184295,-0.058936555,0,7,1785207005280245,1785207005280245,0.25478783,-0.2786785,0.48333418,1,0.020441638,0.018346028,0.0057168333
1785207005294029415,1.0715357,-0.90474725,-0.09231024,0.00067544257,0.00032531357,0.003123829,1,0.06317218,5.947369,-4.9848733,0.11855847,0.117636174,0.085536785,0.91375333,0.25687292,0.3086757,-0.061566953,0,7,1785207005288245,1785207005288245,0.22530591,-0.2500647,0.51717114,1,0.020391233,0.018311722,0.0057259174
1785207005306034538,0.85342497,-1.2293844,-0.10642674,0.00074864697,0.0003625114,0.0030127547,1,0.061888058,5.9481792,-4.980965,0.11903268,0.118086755,0.08578546,0.91418177,0.25982264,0.3043466,-0.064320296,0,7,1785207005296245,1785207005296245,0.19621335,-0.22144327,0.5504486,1,0.02034906,0.01827991,0.0057350756
1785207005314027751,0.6038872,-1.525261,-0.123207375,0.00082049146,0.00039851942,0.002904989,1,0.06044113,5.9491525,-4.9767756,0.11950963,0.11854001,0.08603493,0.9151925,0.26178184,0.29897127,-0.06715073,0,7,1785207005304245,1785207005304245,0.16663131,-0.19319625,0.58370626,1,0.020313773,0.01825376,0.0057443217
1785207005326046591,-0.02515382,-2.0472395,-0.14666209,0.0009573069,0.0004680751,0.002698794,1,0.05704737,5.9515853,-4.967581,0.12047111,0.11945438,0.08593635,0.9189502,0.26212502,0.28554022,-0.07271727,0,7,1785207005320245,1785207005320245,0.107567824,-0.1373657,0.6478139,1,0.020240378,0.018215258,0.005743224
1785207005334027320,-0.36231142,-2.2784014,-0.1458645,0.0010215066,0.00050144247,0.0026013146,1,0.05509567,5.9530506,-4.962593,0.1209556,0.11991543,0.08618645,0.92168784,0.26032358,0.277578,-0.07532454,0,7,1785207005328245,1785207005328245,0.07736939,-0.108204074,0.676561,1,0.020210061,0.018198024,0.0057526114
1785207005346020010,-0.70293,-2.462426,-0.14373985,0.001082822,0.0005330706,0.0025084591,1,0.052962027,5.9546967,-4.9573717,0.121442586,0.120379046,0.086437345,0.92491233,0.25719297,0.2689701,-0.0777435,0,7,1785207005336245,1785207005336245,0.045383345,-0.07761149,0.70234203,1,0.020183533,0.0181833,0.0057620592
1785207005354040204,-1.0344976,-2.6328669,-0.13095105,0.0011407757,0.00056270766,0.0024209563,1,0.05063206,5.9565372,-4.9519477,0.12193208,0.1208452,0.086689025,0.928568,0.25275117,0.25978783,-0.079928376,0,7,1785207005344245,1785207005344245,0.0122756455,-0.04492382,0.7236917,1,0.020159587,0.018171689,0.005771568
1785207005366065696,-1.6092128,-2.9377975,-0.09284555,0.0012460654,0.00061896705,0.002259583,1,0.04535445,5.960886,-4.940647,0.12291855,0.12178512,0.08719477,0.93690014,0.24028136,0.2397739,-0.08361547,0,7,1785207005360245,1785207005360245,-0.05640904,0.027823078,0.75112504,1,0.020100836,0.018153997,0.005790632
1785207005374102222,-1.8885773,-3.0592372,-0.06542993,0.0012928594,0.0006468332,0.002184083,1,0.042381465,5.9634304,-4.934847,0.123415075,0.12225879,0.08683449,0.94142485,0.23241082,0.2290532,-0.08508367,0,7,1785207005368245,1785207005368245,-0.09246365,0.06644695,0.75656724,1,0.020062365,0.018144365,0.0057797986
1785207005386028906,-2.148233,-3.1796143,-0.04197523,0.0013353593,0.00067518256,0.0021133206,1,0.039179094,5.966236,-4.9290123,0.12391435,0.12273503,0.08708756,0.94611627,0.22346237,0.21789996,-0.086302765,0,7,1785207005376245,1785207005376245,-0.12875228,0.10626494,0.75653565,1,0.020019807,0.018134497,0.005789237
1785207005394068427,-2.330933,-3.2983863,-0.011044109,0.0013722728,0.0007034995,0.0020481786,1,0.03574488,5.9693136,-4.9231925,0.12441597,0.12321378,0.08734141,0.950876,0.21367663,0.20628045,-0.08732511,0,7,1785207005384245,1785207005384245,-0.16512306,0.14728275,0.74992406,1,0.019973435,0.018121902,0.005798617
1785207005406075053,-2.6113641,-3.4773514,0.053665444,0.0014261205,0.0007605321,0.0019374744,1,0.028178796,5.9763136,-4.9117823,0.12542604,0.12417882,0.0878515,0.9602551,0.19225909,0.18182306,-0.08880878,0,7,1785207005400245,1785207005400245,-0.23663564,0.22964641,0.721979,1,0.01985736,0.018089648,0.005817087
1785207005414086280,-2.7410567,-3.5292852,0.08270175,0.0014417584,0.0007893238,0.0018931343,1,0.024059925,5.980221,-4.9062595,0.12593436,0.1246651,0.08810774,0.964766,0.18067202,0.16916794,-0.08925452,0,7,1785207005408245,1785207005408245,-0.27022314,0.2679068,0.70218325,1,0.01978909,0.018069223,0.0058261533
1785207005426083829,-2.8331983,-3.592404,0.10855677,0.0014489206,0.00081728795,0.0018580975,1,0.019735629,5.9843783,-4.900902,0.12644477,0.12515388,0.08836477,0.9690883,0.16863945,0.15624146,-0.0895398,0,7,1785207005416245,1785207005416245,-0.30149654,0.3040082,0.67815626,1,0.019713005,0.018045258,0.0058350554
1785207005434086340,-2.9237583,-3.667495,0.14611056,0.0014470282,0.0008436211,0.0018337452,1,0.015222302,5.98877,-4.8957396,0.12695716,0.12564516,0.088622585,0.97320014,0.15619382,0.14299068,-0.08965946,0,7,1785207005424245,1785207005424245,-0.33075058,0.33800822,0.65091836,1,0.019634156,0.018022768,0.0058438866
1785207005446077888,-3.1141603,-3.7428737,0.1937765,0.001416735,0.0008881315,0.0018185966,1,0.00567778,5.998175,-4.8861156,0.12798707,0.12663512,0.088504165,0.98067236,0.12992416,0.115817815,-0.08937361,0,7,1785207005440245,1785207005440245,-0.38337636,0.39701602,0.58945566,1,0.019488141,0.01798969,0.0058405697
1785207005454060490,-3.1695578,-3.7809536,0.21721992,0.0013894787,0.0009046732,0.0018294022,1,0.0006867079,6.003142,-4.881677,0.12850508,0.12713386,0.08876249,0.9839401,0.11632574,0.1019988,-0.0890305,0,7,1785207005448245,1785207005448245,-0.40534717,0.42154437,0.55467427,1,0.019425966,0.017983915,0.0058495696
1785207005466098266,-3.2366657,-3.8254313,0.23985523,0.001355069,0.00091623317,0.0018523426,1,-0.004424343,6.00825,-4.877522,0.12902492,0.12763509,0.08902161,0.98688,0.102408774,0.08797371,-0.08854991,0,7,1785207005456245,1785207005456245,-0.4254619,0.44304574,0.51623964,1,0.019372111,0.017984118,0.0058586607
1785207005474060570,-3.2747476,-3.818776,0.25609133,0.0013144579,0.00092185003,0.0018874285,1,-0.00964006,6.013475,-4.873677,0.1295466,0.1281388,0.08928151,0.9894526,0.088260174,0.07388416,-0.08794879,0,7,1785207005464245,1785207005464245,-0.4431844,0.46099377,0.4750033,1,0.019326847,0.01799186,0.0058678663
1785207005486093196,-3.218872,-3.7530198,0.2907488,0.0012046349,0.00090621534,0.0019856975,1,-0.016482051,6.020512,-4.869839,0.107707545,0.106936686,0.081319466,0.99337256,0.060184054,0.04602885,-0.08643045,0,7,1785207005480245,1785207005480245,-0.46611458,0.48454908,0.3912373,1,0.015204883,0.014390956,0.0054873344
1785207005494127277,-3.2060885,-3.7239919,0.30832437,0.0011480567,0.00089081645,0.0020577668,1,-0.018133143,6.0223346,-4.869778,0.10809506,0.107317016,0.081019066,0.9947484,0.04617582,0.032211218,-0.08547476,0,7,1785207005488245,1785207005488245,-0.47176358,0.489543,0.3535193,1,0.015185642,0.014419958,0.0054793605
1785207005506107082,-3.1155422,-3.6233227,0.31871843,0.0010874807,0.0008683767,0.0021408764,1,-0.019866062,6.024236,-4.86992,0.10848394,0.10769933,0.08125241,0.99572533,0.03245556,0.018674575,-0.08443298,0,7,1785207005496245,1785207005496245,-0.47468296,0.49212208,0.3195975,1,0.015172917,0.014459769,0.0054886527
1785207005514097439,-2.9874442,-3.4875016,0.3293705,0.0010231741,0.0008392992,0.002234354,1,-0.021659907,6.026198,-4.8702383,0.10887414,0.10808364,0.0814865,0.9963218,0.019264327,0.0056113675,-0.08330829,0,7,1785207005504245,1785207005504245,-0.47541323,0.49253362,0.28898495,1,0.015168476,0.014511704,0.005497957
1785207005526101821,-2.8454978,-3.2994835,0.35812804,0.0008854963,0.00076430425,0.0024460903,1,-0.025354898,6.030197,-4.871291,0.109657906,0.10885833,0.08195688,0.9965237,-0.0060963742,-0.019366236,-0.0807985,0,7,1785207005520245,1785207005520245,-0.46975386,0.48367837,0.24033594,1,0.015197565,0.01465637,0.005516626
1785207005534113159,-2.7056758,-3.149018,0.35575002,0.00081369106,0.00071902975,0.002563266,1,-0.027216919,6.032193,-4.8719683,0.11005171,0.1092488,0.08219317,0.99618536,-0.018114693,-0.031193176,-0.07945888,0,7,1785207005528245,1785207005528245,-0.4644108,0.47698915,0.22067054,1,0.015237001,0.014750904,0.0055260602
1785207005546115407,-2.519265,-2.9636545,0.36319715,0.00074039656,0.00067027874,0.002685407,1,-0.029071406,6.034177,-4.872723,0.110446654,0.10964139,0.082430206,0.9956157,-0.029327136,-0.042352427,-0.078074686,0,7,1785207005536245,1785207005536245,-0.45762542,0.46951595,0.20281424,1,0.015295932,0.014861059,0.0055355704
1785207005554084173,-2.4034135,-2.795082,0.37169728,0.00066647696,0.00061955856,0.0028101439,1,-0.030905548,6.0361285,-4.873538,0.11084274,0.110036135,0.082667984,0.9948562,-0.03995309,-0.052845698,-0.076631404,0,7,1785207005544245,1785207005544245,-0.44939855,0.45897248,0.18793102,1,0.015375724,0.014986351,0.005545171
1785207005566062385,-2.1211145,-2.4779015,0.36824894,0.0005211357,0.0005139609,0.0030612755,1,-0.034454968,6.0398684,-4.875289,0.11163837,0.11083231,0.0825918,0.9928962,-0.05945022,-0.07206774,-0.07368238,0,7,1785207005560245,1785207005560245,-0.42787483,0.43384066,0.1615554,1,0.015593903,0.015272671,0.0055469126
1785207005574034748,-1.9639877,-2.3074584,0.36692438,0.00045148545,0.00046061413,0.003184368,1,-0.036142174,6.041632,-4.8762345,0.112038046,0.11123383,0.08283021,0.99177617,-0.068205155,-0.08072144,-0.072195016,0,7,1785207005568245,1785207005568245,-0.41448006,0.41909266,0.1459706,1,0.015728671,0.015428833,0.005556968
1785207005586031826,-1.8430815,-2.1498008,0.36398393,0.00038434335,0.00040779778,0.0033035635,1,-0.03775013,6.043301,-4.877245,0.11243889,0.11163767,0.08306937,0.99059904,-0.07638096,-0.08876467,-0.07071422,0,7,1785207005576245,1785207005576245,-0.39927268,0.4013007,0.12947917,1,0.015877416,0.0155911995,0.0055671455
1785207005594041290,-1.696871,-1.9998645,0.3594741,0.00032079412,0.0003558093,0.0034191974,1,-0.03926358,6.0448585,-4.8783307,0.11284138,0.11204396,0.08330928,0.9893903,-0.0839724,-0.096240476,-0.06923365,0,7,1785207005584245,1785207005584245,-0.38240463,0.38263375,0.11150478,1,0.016036151,0.015759923,0.005577437
1785207005606084706,-1.507516,-1.7458054,0.34427813,0.00020833682,0.00025755627,0.0036300977,1,-0.041935988,6.0475655,-4.880851,0.11365118,0.11286402,0.08379135,0.9869461,-0.09759519,-0.10959718,-0.066341564,0,7,1785207005600245,1785207005600245,-0.34071684,0.33538127,0.059249632,1,0.016374024,0.016095854,0.0055983034
1785207005614065906,-1.4545197,-1.6725672,0.3389535,0.00016026486,0.00021263084,0.0037231876,1,-0.043044094,6.048659,-4.882363,0.11405872,0.11327788,0.08346609,0.9856825,-0.103989236,-0.11575263,-0.064943455,0,7,1785207005608245,1785207005608245,-0.31573722,0.30778468,0.028444119,1,0.016548513,0.016264718,0.0055903574
1785207005626045601,-1.3735602,-1.5777572,0.33443177,0.000118696844,0.00017131778,0.0038061638,1,-0.043983705,6.049564,-4.8840456,0.11446819,0.11369438,0.083707385,0.9844098,-0.110078715,-0.12157529,-0.06355738,0,7,1785207005616245,1785207005616245,-0.29116854,0.28095132,0.0028220294,1,0.016722377,0.016431328,0.0056009153
1785207005634061187,-1.2854106,-1.4728291,0.32776746,8.441205e-05,0.00013478208,0.003877076,1,-0.04475823,6.0502877,-4.8858604,0.11487971,0.114113554,0.083949454,0.98315823,-0.11576133,-0.12700705,-0.062197488,0,7,1785207005624245,1785207005624245,-0.26706883,0.25450805,-0.017944671,1,0.016894575,0.016589077,0.005611493
1785207005646039729,-1.1405344,-1.2722915,0.3144584,3.7406695e-05,7.66435e-05,0.003982406,1,-0.04582194,6.051196,-4.889721,0.11570942,0.11496013,0.08443589,0.9807276,-0.12623811,-0.13669488,-0.059596404,0,7,1785207005640245,1785207005640245,-0.22032645,0.2033044,-0.04176712,1,0.017202834,0.016867409,0.005632695
1785207005654042270,-1.0316131,-1.1492531,0.3120599,2.4854617e-05,5.540331e-05,0.004015667,1,-0.046123933,6.0513973,-4.8916693,0.11612774,0.11538752,0.08468027,0.97959805,-0.13086449,-0.14093114,-0.058315393,0,7,1785207005648245,1785207005648245,-0.19864179,0.17991868,-0.04489531,1,0.017341245,0.016987387,0.0056432635
1785207005666033116,-0.8923304,-1.0049087,0.308067,1.9313791e-05,3.961847e-05,0.0040370845,1,-0.04628313,6.051447,-4.8935776,0.11654869,0.11581776,0.08492542,0.97858113,-0.1349207,-0.14464006,-0.05704882,0,7,1785207005656245,1785207005656245,-0.17758507,0.15778658,-0.04402502,1,0.017470352,0.017096495,0.005653793
1785207005674099579,-0.7557093,-0.86296326,0.3008759,2.010916e-05,2.8677312e-05,0.00404732,1,-0.04630295,6.0513496,-4.8954186,0.11697224,0.11625081,0.08517135,0.977692,-0.13839562,-0.14782208,-0.05580175,0,7,1785207005664245,1785207005664245,-0.15695821,0.13614805,-0.03993886,1,0.017582703,0.01719297,0.0056642946
1785207005686035009,-0.5104337,-0.57161283,0.29448214,3.8395185e-05,2.0122265e-05,0.004037769,1,-0.045939293,6.0507298,-4.8988066,0.11782749,0.11712536,0.08507764,0.9763162,-0.143781,-0.15259266,-0.053376816,0,7,1785207005680245,1785207005680245,-0.117615074,0.09421935,-0.023385797,1,0.017778018,0.017353484,0.0056659672
1785207005694077576,-0.3762099,-0.412356,0.2878245,5.4173146e-05,2.1687978e-05,0.0040205126,1,-0.04556859,6.050213,-4.900317,0.11825932,0.11756686,0.08532423,0.97586095,-0.14566351,-0.15411723,-0.052204635,0,7,1785207005688245,1785207005688245,-0.099182814,0.07392923,-0.012026308,1,0.017867263,0.01742229,0.0056762905
1785207005706091356,-0.2353286,-0.2600227,0.283298,7.317065e-05,2.6368783e-05,0.003996922,1,-0.045076955,6.0495644,-4.901688,0.11869399,0.11801119,0.085571595,0.97557616,-0.1469608,-0.15506883,-0.051061746,0,7,1785207005696245,1785207005696245,-0.0808218,0.054349486,0.0008586227,1,0.017942075,0.017482897,0.0056865783
1785207005714046777,-0.09497911,-0.12313643,0.27770582,9.475666e-05,3.3686192e-05,0.0039681047,1,-0.04446413,6.048787,-4.9029098,0.119131595,0.118458346,0.08581975,0.97545767,-0.14767538,-0.15550227,-0.04993408,0,7,1785207005704245,1785207005704245,-0.06246876,0.035027128,0.014864655,1,0.018010648,0.017534422,0.0056968187
1785207005726059906,0.1356496,0.14557514,0.2726473,0.00014255678,5.404403e-05,0.00389957,1,-0.042881943,6.046853,-4.9048643,0.12001566,0.119361095,0.08631843,0.9756791,-0.14759827,-0.15487817,-0.047727026,0,7,1785207005720245,1785207005720245,-0.02727326,-0.0024979096,0.048113387,1,0.018131431,0.01762009,0.005717187
1785207005734098305,0.24404061,0.27740133,0.27051675,0.00016749905,6.620398e-05,0.0038625516,1,-0.041922797,6.0457053,-4.9056206,0.12046236,0.119816765,0.08596689,0.9760077,-0.14687344,-0.1538187,-0.046659604,0,7,1785207005728245,1785207005728245,-0.01056409,-0.020024115,0.06711718,1,0.018180126,0.017653566,0.0057075857
1785207005746085073,0.35376275,0.4007062,0.2643911,0.00019255778,7.917148e-05,0.0038246089,1,-0.040855702,6.044445,-4.9061813,0.12091224,0.120275296,0.086216465,0.9764732,-0.14569391,-0.15229176,-0.045614064,0,7,1785207005736245,1785207005736245,0.005745332,-0.03708697,0.08730608,1,0.018227415,0.017682381,0.005717717
1785207005754092263,0.4616223,0.5125581,0.26252604,0.0002172388,9.251344e-05,0.0037866693,1,-0.0396825,6.0430756,-4.906539,0.12136533,0.120736696,0.08646683,0.97706497,-0.14406651,-0.15033515,-0.04459021,0,7,1785207005744245,1785207005744245,0.021871902,-0.0535306,0.10839965,1,0.018268818,0.017706806,0.0057278657
1785207005766157571,0.64458156,0.72880614,0.2558693,0.00026612266,0.000121135,0.0037093312,1,-0.03703196,6.0400195,-4.906633,0.122281566,0.12166821,0.08696995,0.97856855,-0.13964558,-0.14521778,-0.042596605,0,7,1785207005760245,1785207005760245,0.05208117,-0.08569732,0.151569,1,0.018337393,0.017739022,0.005748312
1785207005774142588,0.73539495,0.83693063,0.25640216,0.0002902578,0.00013614098,0.0036702733,1,-0.035563007,6.038338,-4.9063663,0.122744896,0.12213836,0.08722271,0.9794702,-0.13686351,-0.14203772,-0.041614566,0,7,1785207005768245,1785207005768245,0.06669907,-0.10115954,0.17335297,1,0.018372176,0.017755372,0.0057585407
1785207005786081746,0.8288722,0.9375984,0.2540039,0.00031360835,0.00015108843,0.0036320577,1,-0.03399939,6.036557,-4.9058957,0.12321169,0.12261141,0.08747627,0.9804586,-0.1336977,-0.13846986,-0.040644716,0,7,1785207005776245,1785207005776245,0.08132496,-0.1163744,0.19400792,1,0.018407643,0.01777421,0.0057687634
1785207005794105106,0.9127627,1.0233513,0.25134054,0.0003359531,0.00016619475,0.0035946888,1,-0.032339547,6.0346775,-4.905235,0.123681925,0.12308735,0.08773063,0.9815164,-0.13016897,-0.134561,-0.039686702,0,7,1785207005784245,1785207005784245,0.096160546,-0.13164392,0.21268968,1,0.018442968,0.017794516,0.005778986
1785207005806130378,1.0837369,1.2063115,0.2460137,0.00037692505,0.00019534075,0.0035241952,1,-0.02872489,6.030615,-4.903455,0.12463249,0.12404772,0.0876181,0.9837958,-0.12209785,-0.12573497,-0.037796374,0,7,1785207005800245,1785207005800245,0.12629922,-0.1626468,0.24271077,1,0.018518921,0.017842624,0.005778843
1785207005814145202,1.188665,1.303251,0.24761017,0.00039451325,0.00020842631,0.0034936015,1,-0.02676932,6.0284314,-4.902361,0.12511289,0.124532156,0.08787306,0.98501927,-0.11744937,-0.12076793,-0.0368498,0,7,1785207005808245,1785207005808245,0.14081682,-0.17780323,0.25373718,1,0.018560763,0.017870678,0.005788978
1785207005826090451,1.2674954,1.3943293,0.2425559,0.00040976697,0.00022009443,0.0034667586,1,-0.02471755,6.0261483,-4.9011602,0.12559658,0.12501939,0.08812882,0.9862765,-0.11243339,-0.11544211,-0.03592586,0,7,1785207005816245,1785207005816245,0.15548293,-0.19297549,0.2616014,1,0.018603623,0.01790071,0.0057991124
1785207005834146645,1.3266191,1.457179,0.245216,0.0004226073,0.00023039072,0.0034437012,1,-0.022564787,6.0237627,-4.899885,0.12608358,0.1255094,0.08838538,0.98753697,-0.10715298,-0.109838344,-0.0349946,0,7,1785207005824245,1785207005824245,0.17096636,-0.20868765,0.265355,1,0.018647563,0.017932778,0.00580925
1785207005846127792,1.4728253,1.5985949,0.24281494,0.00043999433,0.00024634623,0.0034105182,1,-0.017942477,6.018675,-4.8972497,0.1270674,0.12649773,0.0889009,0.99002665,-0.09577192,-0.09785979,-0.03314261,0,7,1785207005840245,1785207005840245,0.20193157,-0.23959613,0.25843298,1,0.018739603,0.018005965,0.0058295275
1785207005854119021,1.5692309,1.6875447,0.24015546,0.00044430688,0.00025157546,0.0034010564,1,-0.015475433,6.0159802,-4.8959913,0.1275642,0.12699604,0.08852136,0.99126035,-0.08951387,-0.09139088,-0.032216724,0,7,1785207005848245,1785207005848245,0.21697168,-0.2542538,0.24668998,1,0.018788563,0.018045455,0.005818571
1785207005866097855,1.628621,1.7610459,0.2358986,0.00044593666,0.00025483154,0.0033962512,1,-0.012905963,6.0131845,-4.894825,0.12806426,0.12749712,0.08877927,0.9924616,-0.08295757,-0.08460274,-0.031310022,0,7,1785207005856245,1785207005856245,0.23204084,-0.26937804,0.22907305,1,0.018839115,0.018086689,0.005828746
1785207005874132637,1.6597791,1.8031248,0.23243491,0.00044492865,0.00025625376,0.0033953793,1,-0.010234538,6.010288,-4.8937907,0.12856738,0.1280009,0.089037985,0.99359745,-0.07624888,-0.07762211,-0.030413628,0,7,1785207005864245,1785207005864245,0.24682483,-0.28402132,0.20748162,1,0.01889046,0.01812948,0.005838951
1785207005886085721,1.7908517,1.9155428,0.2236278,0.00043287774,0.00025167203,0.003403721,1,-0.0076627303,6.0071964,-4.893903,0.10729467,0.106812485,0.08112126,0.9956623,-0.06210529,-0.06307146,-0.028665835,0,7,1785207005880245,1785207005880245,0.27190572,-0.30821425,0.14807978,1,0.015063078,0.014522953,0.0054639457
1785207005894122828,1.8180187,1.9584157,0.21911141,0.00042461083,0.00024837677,0.0034153631,1,-0.007716148,6.0069575,-4.8951006,0.10767293,0.10719292,0.08135447,0.996574,-0.054686885,-0.055460237,-0.02781915,0,7,1785207005888245,1785207005888245,0.28222498,-0.31846052,0.11009915,1,0.0151092755,0.014564351,0.0054740165
1785207005906123362,1.8100293,1.9730631,0.21697976,0.0004143006,0.00024354526,0.003430588,1,-0.007633264,6.006586,-4.896558,0.10805372,0.10757551,0.081588425,0.99737495,-0.047270656,-0.047757853,-0.026980773,0,7,1785207005896245,1785207005896245,0.29178017,-0.32753,0.06702045,1,0.015157049,0.014607481,0.0054841163
1785207005914102117,1.8398554,1.9975665,0.21057658,0.00040219186,0.00023740841,0.003448916,1,-0.0074258395,6.0060983,-4.898307,0.10843704,0.107960284,0.08182314,0.99806565,-0.03978088,-0.039975353,-0.026164778,0,7,1785207005904245,1785207005904245,0.29965565,-0.33432963,0.02140076,1,0.015206289,0.014652823,0.00549425
1785207005926127940,1.8843316,2.0396423,0.20206536,0.0003726937,0.00022155792,0.0034944275,1,-0.006697084,6.0048523,-4.9027104,0.10921129,0.10873636,0.08175211,0.9991119,-0.024333606,-0.024073908,-0.024576375,0,7,1785207005920245,1785207005920245,0.31039622,-0.3420338,-0.07469145,1,0.0153095275,0.014749265,0.0054971394
1785207005934121484,1.8611617,2.0252616,0.19434007,0.00035563312,0.00021195202,0.0035211772,1,-0.00620599,6.0041223,-4.9054074,0.10960222,0.109127685,0.08198752,0.99944717,-0.016675254,-0.01613091,-0.023813656,0,7,1785207005928245,1785207005928245,0.31313077,-0.3433941,-0.12365305,1,0.01536402,0.014800676,0.005507382
1785207005946113372,1.882998,2.0377815,0.18367735,0.00033737434,0.00020135319,0.00354962,1,-0.0056550615,6.003345,-4.908437,0.10999564,0.109521195,0.0822237,0.9996597,-0.0089851385,-0.008170374,-0.023088599,0,7,1785207005936245,1785207005936245,0.3134566,-0.34212756,-0.17180124,1,0.015420636,0.01485454,0.0055176863
1785207005954116684,1.9138927,2.0548239,0.17995225,0.00031825897,0.00019005412,0.003580118,1,-0.0050606816,6.0025415,-4.9117904,0.110391684,0.10991695,0.08246063,0.9997489,-0.0011486533,-0.0001330919,-0.022379933,0,7,1785207005944245,1785207005944245,0.31221327,-0.338826,-0.21841061,1,0.015480052,0.014911581,0.005528059
1785207005966105376,1.806035,1.9640089,0.1719686,0.00027727062,0.00016500718,0.003646323,1,-0.0037950044,6.000901,-4.919398,0.111191556,0.110715196,0.082936764,0.9995592,0.014064147,0.015590062,-0.020988373,0,7,1785207005960245,1785207005960245,0.3054167,-0.3289947,-0.3016688,1,0.015607816,0.015035714,0.005548971
1785207005974170537,1.7804703,1.925659,0.16397005,0.00025573015,0.0001515436,0.0036814138,1,-0.0031496766,6.0000925,-4.923576,0.11159542,0.11111774,0.082620025,0.999296,0.02138477,0.023165477,-0.020337122,0,7,1785207005968245,1785207005968245,0.29966086,-0.32102722,-0.33480766,1,0.015676148,0.015102862,0.00554149
1785207005986168637,1.7527734,1.8734609,0.16210742,0.00023405618,0.00013798525,0.0037167333,1,-0.002512286,5.999312,-4.927935,0.11200195,0.11152259,0.0828584,0.9989291,0.028620481,0.03056048,-0.019690404,0,7,1785207005976245,1785207005976245,0.2930716,-0.31226298,-0.35928425,1,0.015748298,0.015174549,0.005552123
1785207005994143965,1.6398568,1.7754537,0.15626162,0.0002125414,0.00012448989,0.003751829,1,-0.0018878884,5.998559,-4.9324117,0.112411164,0.11192978,0.08309754,0.9984801,0.035481803,0.037616804,-0.019065093,0,7,1785207005984245,1785207005984245,0.2862641,-0.3042504,-0.37593988,1,0.01582429,0.0152507685,0.005562826
1785207006006167924,1.3684812,1.5176611,0.14906487,0.0001698703,9.74801e-05,0.0038211856,1,-0.00068648835,5.997123,-4.941421,0.11323773,0.11275129,0.08357813,0.9974484,0.047498457,0.05022394,-0.017840112,0,7,1785207006000245,1785207006000245,0.2723031,-0.28927374,-0.37864158,1,0.01598858,0.015418001,0.0055843717
1785207006014147831,1.2795311,1.4098045,0.14186567,0.00014908971,8.4427156e-05,0.003855109,1,-0.000114749186,5.9964423,-4.9458055,0.11365519,0.11316571,0.08381959,0.9968919,0.05282706,0.05583791,-0.017260807,0,7,1785207006008245,1785207006008245,0.26525295,-0.28119043,-0.3677903,1,0.016077802,0.015509747,0.0055952547
1785207006026140830,1.1932455,1.289695,0.13707195,0.00012931241,7.225583e-05,0.0038871472,1,0.00043817924,5.995791,-4.9500375,0.11407546,0.1135826,0.08406182,0.99632186,0.057818618,0.06099752,-0.016707672,0,7,1785207006016245,1785207006016245,0.2585914,-0.27342784,-0.35119256,1,0.016170263,0.015605744,0.0056061847
1785207006034247319,1.0598218,1.1442852,0.1336159,0.000110735695,6.097361e-05,0.003917099,1,0.00097550417,5.9951625,-4.954071,0.11449858,0.11400203,0.084304824,0.9957668,0.062314305,0.06560514,-0.016170608,0,7,1785207006024256,1785207006024256,0.2524344,-0.26681286,-0.32855254,1,0.016265588,0.015705572,0.0056171254
1785207006046157039,0.7863136,0.8715788,0.12136766,7.730248e-05,4.153506e-05,0.003970158,1,0.0020108582,5.9939585,-4.961341,0.11535341,0.1148486,0.08421713,0.9947764,0.069594584,0.0731235,-0.01514817,0,7,1785207006040256,1785207006040256,0.24099138,-0.25512925,-0.2644593,1,0.01646654,0.015917521,0.005620324
1785207006054170760,0.659814,0.7623884,0.11684095,6.31005e-05,3.4039567e-05,0.0039919503,1,0.002512457,5.993371,-4.9644876,0.115785174,0.11527584,0.08446081,0.99434996,0.07244279,0.076192096,-0.014666558,0,7,1785207006048256,1785207006048256,0.23573604,-0.25046632,-0.22436777,1,0.016571006,0.016028782,0.005631292
1785207006066157448,0.5468961,0.65959066,0.113377094,5.0778337e-05,2.8095114e-05,0.0040103104,1,0.003007081,5.9927893,-4.9672613,0.116219856,0.11570577,0.08470527,0.99397314,0.07481734,0.07885689,-0.0141929705,0,7,1785207006056256,1785207006056256,0.23099947,-0.24574776,-0.18074644,1,0.016674954,0.016140392,0.005642194
1785207006074209322,0.46034306,0.5496029,0.10724822,4.03385e-05,2.3707424e-05,0.0040252334,1,0.0034977803,5.9922137,-4.9696364,0.11665744,0.116138436,0.084950514,0.99364716,0.0768101,0.08109671,-0.013742976,0,7,1785207006064256,1785207006064256,0.22663543,-0.24110252,-0.13390021,1,0.016777493,0.016251585,0.0056530214
1785207006086166773,0.29629284,0.33814836,0.09686139,2.5723155e-05,2.0258065e-05,0.0040429523,1,0.004478013,5.991077,-4.9731026,0.117541194,0.11701201,0.085443355,0.9931543,0.07979296,0.0843254,-0.012923717,0,7,1785207006080256,1785207006080256,0.21932688,-0.23278624,-0.03178123,1,0.016980343,0.01646855,0.005674523
1785207006094233576,0.21506627,0.2470681,0.093400106,2.1629168e-05,2.1226946e-05,0.004046176,1,0.00497344,5.990509,-4.9741426,0.11798741,0.11745302,0.085101,0.9929906,0.08078847,0.08535602,-0.012546899,0,7,1785207006088256,1785207006088256,0.21592039,-0.22930588,0.022978358,1,0.017077694,0.016571699,0.005665811
1785207006106174195,0.13250807,0.16024922,0.088340156,1.9652405e-05,2.407126e-05,0.004045407,1,0.0054725204,5.9899387,-4.9747066,0.11843645,0.11789685,0.085347675,0.99288154,0.081449896,0.08604527,-0.012183977,0,7,1785207006096256,1785207006096256,0.2125569,-0.22611666,0.07885322,1,0.017172292,0.01667143,0.005676316
1785207006114173459,0.054743666,0.08328386,0.08274761,1.9825222e-05,2.8723523e-05,0.0040406827,1,0.005974334,5.9893656,-4.974792,0.11888828,0.11834352,0.08559513,0.9928248,0.081790544,0.08642417,-0.011845857,0,7,1785207006104256,1785207006104256,0.2090565,-0.22272927,0.1345046,1,0.017265134,0.01676704,0.0056867823
1785207006126185515,-0.091463946,-0.06026044,0.080350764,2.6078174e-05,4.2741503e-05,0.004020614,1,0.0069835596,5.988213,-4.973541,0.119800255,0.11924538,0.08609241,0.99286056,0.08156934,0.08631188,-0.011172651,0,7,1785207006120256,1785207006120256,0.20200826,-0.21591857,0.24483216,1,0.017437914,0.016941167,0.0057074595
1785207006134193285,-0.15458089,-0.12497522,0.07449181,3.1855205e-05,5.2044183e-05,0.004005637,1,0.007486794,5.987638,-4.9722133,0.1202603,0.11970056,0.08634222,0.9929452,0.081051156,0.08586515,-0.010860106,0,7,1785207006128256,1785207006128256,0.19802219,-0.21211109,0.29893994,1,0.017517136,0.017018327,0.0057177143
1785207006146226871,-0.21663238,-0.20007637,0.072361566,3.9021354e-05,6.23455e-05,0.003988273,1,0.007986359,5.9870677,-4.9704328,0.12072299,0.120158546,0.08659282,0.99307346,0.080284186,0.08513611,-0.010558931,0,7,1785207006136256,1785207006136256,0.19388577,-0.20795918,0.3504817,1,0.017593592,0.017090576,0.0057280017
1785207006154224302,-0.27868357,-0.27144825,0.07369106,4.711205e-05,7.301744e-05,0.0039690156,1,0.008478265,5.9865065,-4.968228,0.121188246,0.12061924,0.086844206,0.99324524,0.079262644,0.08411979,-0.010261486,0,7,1785207006144256,1785207006144256,0.18903933,-0.20326969,0.3981079,1,0.017664848,0.017156128,0.0057383142
1785207006166192494,-0.39746028,-0.4120634,0.06969675,6.4848005e-05,9.4772884e-05,0.00392973,1,0.009415231,5.985436,-4.96268,0.12212671,0.12154895,0.08673821,0.9937076,0.076483354,0.08125177,-0.009677963,0,7,1785207006160256,1785207006160256,0.17737624,-0.19109948,0.47748205,1,0.017794568,0.01727168,0.0057388954
1785207006174170847,-0.45498484,-0.47624552,0.06916318,7.404118e-05,0.000105800005,0.003909616,1,0.009847189,5.984942,-4.959439,0.12259979,0.122017846,0.08699021,0.99399024,0.074749015,0.07942121,-0.009397858,0,7,1785207006168256,1785207006168256,0.17026371,-0.18373331,0.5076544,1,0.017855126,0.01732498,0.0057492256
1785207006186154328,-0.5202324,-0.5412266,0.07102686,8.293256e-05,0.000116379655,0.0038902499,1,0.010241919,5.984486,-4.955969,0.1230754,0.1224894,0.087243,0.9943052,0.072758585,0.07733354,-0.00911085,0,7,1785207006176256,1785207006176256,0.16158223,-0.17533067,0.5287364,1,0.017913502,0.017375706,0.0057596182
1785207006194170534,-0.57562613,-0.6070064,0.071827605,9.1187714e-05,0.00012609221,0.0038723892,1,0.010589368,5.984077,-4.9523335,0.12355357,0.12296361,0.087496586,0.9946479,0.07052919,0.07498903,-0.008820886,0,7,1785207006184256,1785207006184256,0.15224895,-0.16596608,0.54298985,1,0.01796893,0.017423421,0.005770038
1785207006206201837,-0.668837,-0.7140654,0.07209379,0.00010571141,0.00014246954,0.0038417017,1,0.011119277,5.983431,-4.9448185,0.12451749,0.12391986,0.08800615,0.99539036,0.065463364,0.06960469,-0.0082413275,0,7,1785207006200256,1785207006200256,0.13065843,-0.14387664,0.5446147,1,0.018071974,0.017510261,0.0057910155
1785207006214219105,-0.6901422,-0.7489529,0.07182673,0.00011192887,0.0001490178,0.0038284152,1,0.0112784915,5.9832163,-4.941127,0.12500317,0.12440177,0.08763638,0.99576956,0.06273977,0.066659495,-0.007955244,0,7,1785207006208256,1785207006208256,0.11749681,-0.13103698,0.5289007,1,0.018120153,0.017550899,0.005780916
1785207006226162510,-0.71943736,-0.77664953,0.07661912,0.000117305746,0.00015467613,0.0038174884,1,0.011350203,5.9830847,-4.937591,0.12549146,0.12488635,0.087891355,0.9961464,0.05990663,0.063600495,-0.007652575,0,7,1785207006216256,1785207006216256,0.10310398,-0.11766228,0.5005031,1,0.018167295,0.017590994,0.005791463
1785207006234176231,-0.73861164,-0.8038142,0.075289235,0.000121771656,0.00015948425,0.0038083221,1,0.011329073,5.9830394,-4.9342957,0.12598227,0.1253735,0.088147126,0.9965176,0.056980915,0.060431644,-0.007350961,0,7,1785207006224256,1785207006224256,0.08859606,-0.103802554,0.46376544,1,0.01821326,0.017630301,0.00580204
1785207006246159331,-0.73887753,-0.82245666,0.07209334,0.00012783414,0.00016641238,0.0037955507,1,0.010994002,5.9832225,-4.92867,0.12697145,0.12635545,0.08866109,0.9972171,0.051050123,0.053909924,-0.0067575593,0,7,1785207006240256,1785207006240256,0.05797479,-0.07537066,0.36797097,1,0.018301485,0.017706063,0.005823305
1785207006254218009,-0.7452708,-0.8187269,0.073421836,0.00012954042,0.00016845058,0.0037919148,1,0.010675593,5.9834504,-4.926452,0.12746984,0.12685026,0.08891928,0.9975374,0.048086137,0.05064709,-0.0064728903,0,7,1785207006248256,1785207006248256,0.043073766,-0.061900903,0.31188592,1,0.018344779,0.01774293,0.0058339704
1785207006266189126,-0.74526983,-0.81766236,0.07475613,0.00013044795,0.00016954026,0.0037900272,1,0.010262244,5.983763,-4.9246736,0.12797077,0.1273476,0.08917828,0.9978385,0.04510556,0.04739115,-0.006174569,0,7,1785207006256256,1785207006256256,0.02896254,-0.049046822,0.25344568,1,0.018388454,0.017779922,0.0058446364
1785207006274170095,-0.7244976,-0.80780816,0.075822234,0.00013056883,0.00016972801,0.0037898282,1,0.009758221,5.984157,-4.92335,0.12847424,0.12784751,0.08943808,0.99811596,0.042189367,0.04416025,-0.005875849,0,7,1785207006264256,1785207006264256,0.015312465,-0.036466178,0.19344519,1,0.01843259,0.017817395,0.005855321
1785207006286173093,-0.70878553,-0.7841058,0.07848246,0.0001299809,0.00016903513,0.003791216,1,0.009167668,5.984629,-4.9225073,0.12898026,0.12834997,0.08905249,0.9983681,0.039347775,0.041011676,-0.0055698925,0,7,1785207006272256,1785207006272256,0.0023397387,-0.024866475,0.13247438,1,0.018477254,0.017855,0.0058446135
1785207006294169411,-0.6952147,-0.77852315,0.078752354,0.0001261035,0.00016398382,0.0037928552,1,0.009546954,5.983654,-4.9281907,0.10762329,0.10717209,0.08115238,0.9988128,0.03372301,0.034802187,-0.0049573937,0,7,1785207006288256,1785207006288256,-0.01931024,-0.0062699285,0.011463993,1,0.014776776,0.014335522,0.0054714233
1785207006306201956,-0.66538674,-0.76680565,0.07449259,0.00012342393,0.00016106796,0.0037985598,1,0.009610156,5.9832835,-4.9315996,0.108003795,0.10755238,0.08138571,0.9990037,0.031030493,0.03173233,-0.0046657394,0,7,1785207006296256,1785207006296256,-0.028587276,0.0019392662,-0.046024617,1,0.014819624,0.014370562,0.0054818755
1785207006314231588,-0.6608591,-0.7532242,0.0704934,0.00012006861,0.0001574579,0.0038056343,1,0.009601061,5.9829793,-4.935366,0.108386286,0.107934736,0.0816198,0.9991749,0.02838696,0.02871311,-0.0043879193,0,7,1785207006304256,1785207006304256,-0.03659587,0.008637034,-0.10113925,1,0.014865666,0.014407784,0.005492289
1785207006326176896,-0.6534024,-0.755887,0.073957555,0.000111595546,0.0001484235,0.0038233611,1,0.009403671,5.9825296,-4.9438853,0.10915727,0.10870572,0.08209025,0.9994676,0.023131048,0.022692809,-0.0038207818,0,7,1785207006320256,1785207006320256,-0.04943849,0.01941876,-0.2005764,1,0.014969785,0.014490095,0.0055129854
1785207006334213551,-0.6336953,-0.7492287,0.07182861,0.0001065875,0.00014300442,0.0038338972,1,0.009230487,5.982376,-4.9485726,0.10954578,0.109094426,0.08178193,0.99958813,0.020571247,0.019694006,-0.0035438794,0,7,1785207006328256,1785207006328256,-0.05467164,0.024261547,-0.2448038,1,0.015030138,0.0145365205,0.0055056433
1785207006346270964,-0.64088583,-0.744169,0.07235736,0.000101134756,0.00013705922,0.0038454044,1,0.009016295,5.982262,-4.9535155,0.10993632,0.10948532,0.08201748,0.9996926,0.018016307,0.016718686,-0.003264552,0,7,1785207006336256,1785207006336256,-0.05906577,0.027893167,-0.28518397,1,0.015095784,0.014586629,0.005515848
1785207006354255139,-0.6427502,-0.75162554,0.07156159,9.531219e-05,0.00013070503,0.0038576918,1,0.008769142,5.9821796,-4.9586883,0.110328905,0.109878436,0.08225379,0.9997822,0.015437793,0.01372507,-0.0029904852,0,7,1785207006344256,1785207006344256,-0.06224111,0.030863455,-0.32204843,1,0.015167712,0.014641191,0.005526011
1785207006366222299,-0.62890244,-0.7465654,0.07395884,8.319567e-05,0.00011733896,0.0038828198,1,0.008203587,5.9820914,-4.9695945,0.11112023,0.11067148,0.082728684,0.99991405,0.010318361,0.0077259354,-0.0024352737,0,7,1785207006360256,1785207006360256,-0.06694154,0.035515163,-0.38130292,1,0.015337997,0.01476745,0.005546098
1785207006374264184,-0.62277645,-0.73697865,0.07235914,7.716611e-05,0.00011060531,0.0038956928,1,0.0078949435,5.982077,-4.9752398,0.11151906,0.11107156,0.082967274,0.9999557,0.007819739,0.004772633,-0.0021565547,0,7,1785207006368256,1785207006368256,-0.06809241,0.03656995,-0.39913392,1,0.015438258,0.014841704,0.005556069
1785207006386203100,-0.6227763,-0.73218507,0.0699633,7.1236485e-05,0.00010389394,0.0039084423,1,0.0075784656,5.982073,-4.9808965,0.111920044,0.11147406,0.083206624,0.9999825,0.0053170817,0.0018437471,-0.0018862141,0,7,1785207006376256,1785207006376256,-0.068472415,0.03708396,-0.4021442,1,0.015546917,0.014922263,0.005566028
1785207006394202313,-0.61265576,-0.734316,0.062773794,6.549024e-05,9.732344e-05,0.003920869,1,0.007258083,5.9820776,-4.9864616,0.11232322,0.11187904,0.08344673,0.99999404,0.0028492582,-0.0010899898,-0.0016399939,0,7,1785207006384256,1785207006384256,-0.06860986,0.037584785,-0.39395264,1,0.01566365,0.015008797,0.0055759684
1785207006406196465,-0.5559317,-0.7010253,0.06783464,5.4965036e-05,8.502997e-05,0.0039439057,1,0.006608201,5.9821076,-4.996925,0.11313628,0.11269663,0.083364844,0.99997455,-0.0018147232,-0.0068093836,-0.0011367659,0,7,1785207006400256,1785207006400256,-0.06894629,0.038122963,-0.33993274,1,0.015918542,0.015199573,0.00557761
1785207006414249040,-0.5271691,-0.6826499,0.0651707,5.0232906e-05,7.92337e-05,0.0039545433,1,0.00627941,5.9821305,-5.001634,0.113546275,0.11310933,0.08360562,0.9999462,-0.003959034,-0.0095588155,-0.00088406715,0,7,1785207006408256,1785207006408256,-0.068902515,0.038121045,-0.29482618,1,0.016052479,0.01530076,0.005587621
1785207006426200320,-0.5069293,-0.6600131,0.0633055,4.5875917e-05,7.382193e-05,0.0039644213,1,0.0059491326,5.9821568,-5.005885,0.113958634,0.11352466,0.08384715,0.99990714,-0.0060132737,-0.012217246,-0.00064057676,0,7,1785207006416256,1785207006416256,-0.06891647,0.038025845,-0.24099295,1,0.016190317,0.015404936,0.0055976547
1785207006434194644,-0.49308085,-0.6405722,0.062239535,4.195262e-05,6.878326e-05,0.00397296,1,0.005618176,5.982186,-5.009622,0.114373356,0.1139426,0.084089436,0.9998584,-0.00800571,-0.014798449,-0.00040117532,0,7,1785207006424256,1785207006424256,-0.06875196,0.03765195,-0.1816751,1,0.01632947,0.015511169,0.0056077307
1785207006446221909,-0.45872608,-0.61234266,0.060109846,3.5164972e-05,5.9565646e-05,0.0039891866,1,0.0049561695,5.9822474,-5.015429,0.115210295,0.11478667,0.08457634,0.99973494,-0.01179446,-0.019776542,6.5554195e-05,0,7,1785207006440256,1785207006440256,-0.06818392,0.037301406,-0.052822016,1,0.016608315,0.015726395,0.005628038
1785207006454211675,-0.43262708,-0.5979614,0.058513112,3.2274544e-05,5.5499404e-05,0.0039962544,1,0.004625316,5.982282,-5.0174837,0.11563255,0.115212776,0.08424287,0.999662,-0.013559739,-0.022181842,0.0002916214,0,7,1785207006448256,1785207006448256,-0.068220906,0.037444703,0.015142649,1,0.01674693,0.015833672,0.0056194053
1785207006466226947,-0.41425142,-0.5830476,0.05984388,2.973163e-05,5.172329e-05,0.004002684,1,0.00429231,5.982323,-5.0189342,0.11605737,0.11564162,0.08448658,0.9995829,-0.015241963,-0.024525108,0.0005224251,0,7,1785207006456256,1785207006456256,-0.068264656,0.03765967,0.0844848,1,0.016882258,0.015939865,0.0056296624
1785207006474155926,-0.3916142,-0.56547105,0.058246057,2.749829e-05,4.8173166e-05,0.004008577,1,0.003956278,5.9823675,-5.0197725,0.116484806,0.11607319,0.084731065,0.9994987,-0.01683726,-0.026802149,0.0007516986,0,7,1785207006464256,1785207006464256,-0.068492815,0.03760714,0.15477873,1,0.017014155,0.016044205,0.00563996
1785207006486178171,-0.35219917,-0.52978486,0.05078931,2.390251e-05,4.1821942e-05,0.004018744,1,0.0032763733,5.9824667,-5.0196,0.117347635,0.11694458,0.08522235,0.99931777,-0.019803105,-0.031154258,0.001178864,0,7,1785207006480256,1785207006480256,-0.06853379,0.03755895,0.29655296,1,0.017271928,0.016247058,0.0056606145
1785207006494245795,-0.32263932,-0.51114255,0.054518983,2.2558053e-05,3.8987873e-05,0.004022536,1,0.0029338188,5.982523,-5.018584,0.117783,0.11738433,0.08546915,0.999224,-0.0211293,-0.033213615,0.0013886249,0,7,1785207006488256,1785207006488256,-0.06851048,0.037713826,0.3681816,1,0.017394226,0.016344888,0.005670984
1785207006506226090,-0.29867023,-0.48877248,0.05318662,2.1499303e-05,3.63438e-05,0.004026349,1,0.0025894213,5.9825835,-5.0169487,0.11822114,0.117826894,0.08571674,0.9991293,-0.022354955,-0.03519023,0.001602042,0,7,1785207006496256,1785207006496256,-0.06850682,0.037854478,0.43908116,1,0.017513944,0.016440239,0.00568138
1785207006514219132,-0.2685767,-0.4642712,0.05425267,2.0729363e-05,3.3905162e-05,0.0040296707,1,0.0022428818,5.982649,-5.014708,0.118662015,0.118272215,0.085965104,0.9990356,-0.023468966,-0.037066355,0.0018193111,0,7,1785207006504256,1785207006504256,-0.06847401,0.0379542,0.5077946,1,0.017629785,0.016532883,0.005691791
1785207006526215979,-0.20119862,-0.40355116,0.05025798,2.0073665e-05,2.9752962e-05,0.004034698,1,0.0015499908,5.9827876,-5.0085263,0.119552016,0.119171105,0.085865326,0.9988576,-0.025302665,-0.040476765,0.0022388108,0,7,1785207006520256,1785207006520256,-0.067529686,0.03755227,0.6360444,1,0.017844828,0.016706133,0.0056931013
1785207006534224420,-0.16098496,-0.36999533,0.047594737,2.0173544e-05,2.7987731e-05,0.0040364736,1,0.0012080906,5.982859,-5.004628,0.12000115,0.11962464,0.08611432,0.9987769,-0.025993608,-0.041989777,0.002438757,0,7,1785207006528256,1785207006528256,-0.0666731,0.03710187,0.6948118,1,0.017935785,0.016780794,0.00570356
1785207006546219083,-0.122901805,-0.33271104,0.045464236,2.055256e-05,2.6442112e-05,0.0040377523,1,0.00087223446,5.9829307,-5.000233,0.120453015,0.120080836,0.0863641,0.99870396,-0.026532793,-0.043353043,0.0026316564,0,7,1785207006536256,1785207006536256,-0.06541198,0.036655474,0.7489359,1,0.018019043,0.01684913,0.0057140165
1785207006554189501,-0.078426644,-0.2890353,0.04173579,2.120128e-05,2.5125802e-05,0.004038531,1,0.00054647843,5.9830008,-4.995393,0.120907575,0.12053966,0.08661467,0.9986411,-0.026897032,-0.044551,0.0028214394,0,7,1785207006544256,1785207006544256,-0.063638814,0.035770215,0.7956426,1,0.018093338,0.016911183,0.005724472
1785207006566289164,0.018511852,-0.1819763,0.0366763,2.3209313e-05,2.3184517e-05,0.0040382226,1,-5.4177028e-05,5.983119,-4.9846516,0.121824585,0.12146491,0.08711817,0.998555,-0.027056996,-0.046325266,0.003153534,0,7,1785207006560256,1785207006560256,-0.057788294,0.032440286,0.85981184,1,0.0182124,0.017013038,0.005745376
1785207006574197274,0.070177265,-0.1292457,0.036143653,2.4524303e-05,2.2496546e-05,0.0040377057,1,-0.00031471578,5.9831595,-4.9789295,0.122287035,0.12193132,0.08675789,0.998534,-0.026835984,-0.046889648,0.003323649,0,7,1785207006568256,1785207006568256,-0.05331029,0.03017401,0.8773443,1,0.018261455,0.01705631,0.0057356814
1785207006586204851,0.12104369,-0.07811298,0.032947842,2.6020127e-05,2.1959115e-05,0.004036857,1,-0.00053660385,5.983185,-4.973065,0.12275206,0.12240019,0.08700985,0.9985279,-0.026410317,-0.04724935,0.0034873215,0,7,1785207006576256,1785207006576256,-0.047616996,0.027661258,0.8852232,1,0.01830571,0.017096385,0.0057461243
1785207006594204465,0.16631739,-0.019789739,0.027621591,2.7683687e-05,2.1560867e-05,0.004035703,1,-0.0007109238,5.9831905,-4.9671526,0.12321965,0.12287149,0.08726259,0.998537,-0.025798282,-0.047382813,0.003634214,0,7,1785207006584256,1785207006584256,-0.04092853,0.024423126,0.88013536,1,0.01834816,0.01713454,0.0057565556
1785207006606226170,0.24807645,0.080078624,0.026023561,3.1486084e-05,2.1138938e-05,0.0040325434,1,-0.0008827144,5.9831176,-4.955606,0.12416246,0.12382133,0.08777046,0.99859554,-0.024068018,-0.047036737,0.0039089397,0,7,1785207006600256,1785207006600256,-0.023945414,0.015615746,0.82950425,1,0.018428683,0.017206797,0.005777396
1785207006614197991,0.28030077,0.12561867,0.026555922,3.3587956e-05,2.1088637e-05,0.0040306034,1,-0.00085953233,5.9830303,-4.950184,0.12463768,0.12429988,0.08802559,0.99864227,-0.022985218,-0.04657059,0.00405439,0,7,1785207006608256,1785207006608256,-0.013696599,0.0108591085,0.7872499,1,0.018468201,0.01724213,0.0057877987
1785207006626200659,0.30480182,0.16103882,0.02149574,3.5799545e-05,2.1126561e-05,0.0040284656,1,-0.00075473636,5.982908,-4.9450927,0.12511544,0.124780826,0.087655485,0.9986967,-0.021802077,-0.045958046,0.0041836468,0,7,1785207006616256,1785207006616256,-0.0030055959,0.0057839053,0.73854035,1,0.018506218,0.017277362,0.0057775793
1785207006634195734,0.33143345,0.19219731,0.022294337,3.8101563e-05,2.1236698e-05,0.0040257247,1,-0.0005628091,5.9827476,-4.9403763,0.12559563,0.12526408,0.087910384,0.99875754,-0.020512987,-0.045210335,0.0043149176,0,7,1785207006624256,1785207006624256,0.008329326,0.0008394724,0.6855738,1,0.018543268,0.017311823,0.005787968
1785207006646221476,0.35034204,0.24838981,0.020430708,4.2911775e-05,2.1641072e-05,0.004020733,1,8.634353e-05,5.982326,-4.932175,0.1265639,0.12623805,0.08842259,0.9988905,-0.0177777,-0.04337058,0.0045611663,0,7,1785207006640256,1785207006640256,0.030750485,-0.0080756135,0.5722185,1,0.018619325,0.017381143,0.0058087283
1785207006654246279,0.36285856,0.26756507,0.017766723,4.5372828e-05,2.1902695e-05,0.0040181205,1,0.0005420977,5.9820666,-4.928721,0.12705186,0.12672867,0.08867989,0.99895966,-0.016353909,-0.042312995,0.004680318,0,7,1785207006648256,1785207006648256,0.041927956,-0.012190729,0.5133423,1,0.018658075,0.017416257,0.0058191014
1785207006666236703,0.37217996,0.28807098,0.015636565,4.7825153e-05,2.2185486e-05,0.004015497,1,0.0010847612,5.9817796,-4.9257116,0.1275424,0.12722172,0.08893799,0.9990297,-0.014885537,-0.041174393,0.0047846604,0,7,1785207006656256,1785207006656256,0.052905135,-0.015900014,0.4537736,1,0.018698359,0.017452667,0.0058294726
1785207006674181072,0.3804354,0.31709978,0.01137644,5.0243532e-05,2.2472275e-05,0.004012905,1,0.0017120695,5.9814672,-4.923152,0.12803553,0.12771723,0.0891969,0.99910086,-0.013381417,-0.03993237,0.004877838,0,7,1785207006664256,1785207006664256,0.06350881,-0.019163497,0.3937971,1,0.018739633,0.01749027,0.0058398517
1785207006686241310,0.3775062,0.34506273,0.008713534,5.257434e-05,2.274939e-05,0.0040104077,1,0.002419976,5.9811335,-4.9210463,0.12853126,0.12821521,0.08945661,0.999173,-0.0118776895,-0.038573265,0.0049551264,0,7,1785207006672256,1785207006672256,0.073463045,-0.022002103,0.33342788,1,0.01878364,0.01752948,0.005850232
1785207006694246194,0.39668164,0.39779162,0.008978457,5.5798984e-05,2.2508098e-05,0.003968211,1,0.0044400827,5.980062,-4.9251904,0.10755977,0.10717279,0.08095518,0.999317,-0.008790693,-0.03552614,0.0051197438,0,7,1785207006688256,1785207006688256,0.09192493,-0.026369035,0.21017481,1,0.015014793,0.014119656,0.0054580336
1785207006706236508,0.38549662,0.4300154,0.0055179987,5.764704e-05,2.2667922e-05,0.0039658993,1,0.005546639,5.979515,-4.927826,0.107931875,0.10755066,0.08118775,0.9993879,-0.0072471625,-0.03383158,0.0051846323,0,7,1785207006696256,1785207006696256,0.1002693,-0.027774448,0.1484928,1,0.015058694,0.014158611,0.0054682596
1785207006714200605,0.3775072,0.45797846,0.0076472564,5.923231e-05,2.2763561e-05,0.003964332,1,0.0067127994,5.978964,-4.930842,0.10830613,0.1079306,0.08142106,0.99945694,-0.005748508,-0.032019395,0.0052541704,0,7,1785207006704256,1785207006704256,0.10853082,-0.029003907,0.08686938,1,0.015106509,0.014200822,0.005478507
1785207006726452720,0.37937126,0.5064481,0.004718961,6.144099e-05,2.2734353e-05,0.0039623794,1,0.009215646,5.9778614,-4.938013,0.10906122,0.108696766,0.081889965,0.9995865,-0.0027140114,-0.028117979,0.0053771716,0,7,1785207006720256,1785207006720256,0.12336718,-0.029997824,-0.03364382,1,0.0152169475,0.014296269,0.0054990714
1785207006734371539,0.36019626,0.5338788,0.00072452973,6.205845e-05,2.2608509e-05,0.0039620018,1,0.010540207,5.977316,-4.942148,0.10944214,0.10908307,0.082125545,0.9996465,-0.0012665773,-0.026000451,0.0054218885,0,7,1785207006728256,1785207006728256,0.12963188,-0.03013078,-0.09053548,1,0.015278945,0.014348289,0.005509392
1785207006746260760,0.35673502,0.5645046,0.004717289,6.231037e-05,2.242417e-05,0.0039620483,1,0.01190692,5.976778,-4.9466214,0.10982537,0.1094716,0.08181674,0.9997026,0.00013971678,-0.023767395,0.005471266,0,7,1785207006736256,1785207006736256,0.13533898,-0.029543607,-0.14431068,1,0.015346263,0.014405275,0.005502152
1785207006754209958,0.3649901,0.5876746,0.003651625,6.2225066e-05,2.2195209e-05,0.003962477,1,0.013309518,5.9762535,-4.9514127,0.110210985,0.109862395,0.082052276,0.9997539,0.001581083,-0.021430105,0.00552578,0,7,1785207006744256,1785207006744256,0.1400266,-0.028421795,-0.19458579,1,0.015418365,0.014467328,0.0055125407
1785207006766234137,0.35247362,0.6499924,0.0007244519,6.108773e-05,2.1677472e-05,0.0039639557,1,0.016192896,5.975252,-4.9618435,0.110989586,0.110651,0.08252562,0.9998396,0.004420612,-0.016427634,0.0056108315,0,7,1785207006760256,1785207006760256,0.14667027,-0.02577013,-0.28396264,1,0.01558178,0.014607138,0.0055334293
1785207006774250243,0.35646844,0.68115133,0.0009869125,6.0145896e-05,2.143244e-05,0.0039652586,1,0.017660351,5.9747763,-4.9674134,0.11138274,0.11104898,0.08276344,0.9998731,0.0058156783,-0.013719389,0.005652196,0,7,1785207006768256,1785207006768256,0.14898953,-0.024080846,-0.3174198,1,0.015669772,0.014683197,0.0055439165
1785207006786206372,0.37218127,0.7029891,0.0017859337,5.9004604e-05,2.1213542e-05,0.0039667343,1,0.019138925,5.974322,-4.973096,0.111778505,0.11144945,0.08300202,0.9998977,0.007273609,-0.0109232925,0.0056970627,0,7,1785207006776256,1785207006776256,0.15062152,-0.021848653,-0.3342014,1,0.01576111,0.014762116,0.005554427
1785207006794240031,0.3801696,0.730953,-0.0032724158,5.7698737e-05,2.1039425e-05,0.003968331,1,0.020620769,5.9738894,-4.978774,0.11217692,0.111852445,0.08324138,0.9999129,0.00877416,-0.008020209,0.0057325433,0,7,1785207006784256,1785207006784256,0.1511033,-0.019804962,-0.338013,1,0.01585624,0.01484399,0.005564944
1785207006806288276,0.37111568,0.79300416,-0.0040700436,5.471498e-05,2.086147e-05,0.0039717257,1,0.023569148,5.9730816,-4.989691,0.11298176,0.11266611,0.08316076,0.99991286,0.0117301345,-0.0018510855,0.005783135,0,7,1785207006800256,1785207006800256,0.15032557,-0.016915575,-0.30126077,1,0.016051838,0.015014987,0.00556785
1785207006814251802,0.36498985,0.82070124,-0.008065768,5.309435e-05,2.0867425e-05,0.003973457,1,0.025029382,5.972698,-4.994688,0.11338823,0.11307682,0.0834008,0.9998955,0.013172082,0.0014132459,0.0058002053,0,7,1785207006808256,1785207006808256,0.14961195,-0.01595,-0.26133198,1,0.016153164,0.015103671,0.005578391
1785207006826223560,0.3809703,0.8393426,-0.005140105,5.1369072e-05,2.0944462e-05,0.00397522,1,0.026478473,5.9723277,-4.999246,0.113797426,0.11349015,0.08364162,0.99986434,0.014654442,0.004763554,0.0058187894,0,7,1785207006816256,1785207006816256,0.14862095,-0.014801298,-0.21091408,1,0.01625673,0.015194307,0.0055889334
1785207006834253964,0.3932199,0.8483978,-0.0046058986,4.9532286e-05,2.1094189e-05,0.003977024,1,0.027915694,5.9719696,-5.003297,0.114209354,0.11390611,0.08388321,0.99981844,0.016200336,0.008158272,0.005846755,0,7,1785207006824256,1785207006824256,0.14781131,-0.013959357,-0.15334912,1,0.016362524,0.015286889,0.0055994736
1785207006846267733,0.40413976,0.8686374,-0.0038059403,4.5604815e-05,2.162314e-05,0.0039802548,1,0.030758752,5.9712806,-5.0097175,0.11504141,0.11474591,0.08436871,0.9996811,0.019379666,0.015080602,0.005896664,0,7,1785207006840256,1785207006840256,0.14603646,-0.012964818,-0.026011704,1,0.016580246,0.015476338,0.0056205466
1785207006854254593,0.40333897,0.8776929,-0.0072678463,4.3548378e-05,2.2005363e-05,0.003982046,1,0.03216391,5.970948,-5.0120053,0.11546163,0.11516987,0.08403738,0.99958974,0.020972135,0.018589174,0.0059218802,0,7,1785207006848256,1785207006848256,0.14524128,-0.0124145,0.04162337,1,0.016693072,0.015573439,0.0056123384
1785207006866265897,0.4030737,0.8862147,-0.00966516,4.144576e-05,2.245114e-05,0.0039838213,1,0.033559565,5.9706235,-5.0136795,0.11588465,0.11559653,0.08428041,0.99948275,0.022562187,0.022137744,0.005931309,0,7,1785207006856256,1785207006856256,0.14464612,-0.01204778,0.110951014,1,0.016807241,0.015671775,0.00562287
1785207006874254901,0.40041056,0.89260626,-0.009664678,3.9348393e-05,2.2977167e-05,0.003985512,1,0.034947198,5.970305,-5.0147305,0.11631047,0.11602592,0.084524214,0.9993603,0.024142733,0.025707774,0.0059407656,0,7,1785207006864256,1785207006864256,0.1440648,-0.011709343,0.18136074,1,0.016923623,0.0157711,0.0056333994
1785207006886239675,0.38469803,0.91231346,-0.008331585,3.5188103e-05,2.4220166e-05,0.003988669,1,0.037698895,5.9696817,-5.0149426,0.1171706,0.11689292,0.085014164,0.9990676,0.02723347,0.0329643,0.005966756,0,7,1785207006880256,1785207006880256,0.14296915,-0.01165747,0.32396844,1,0.017158024,0.015969627,0.005654436
1785207006894260680,0.3732469,0.9168406,-0.0072669815,3.3151235e-05,2.4912293e-05,0.0039901333,1,0.039062034,5.9693756,-5.0140986,0.11760493,0.11733056,0.08526031,0.9988983,0.028711874,0.036634438,0.0059873154,0,7,1785207006888256,1785207006888256,0.14219883,-0.011628046,0.39590505,1,0.017276352,0.016067863,0.005664942
1785207006906282474,0.36445743,0.92669487,-0.006733804,3.1186035e-05,2.5687808e-05,0.0039914423,1,0.0404165,5.9690733,-5.0126204,0.118042104,0.11777096,0.08550724,0.9987129,0.030155381,0.040335458,0.0060189595,0,7,1785207006896256,1785207006896256,0.1416668,-0.011526201,0.46794873,1,0.017394954,0.016164796,0.005675431
1785207006914262131,0.354604,0.92776036,-0.00993112,2.9310446e-05,2.6520602e-05,0.0039922013,1,0.041763358,5.9687753,-5.010523,0.11848203,0.11821403,0.08516411,0.9985124,0.031555727,0.04405411,0.006038847,0,7,1785207006904256,1785207006904256,0.14103861,-0.011379449,0.53956276,1,0.017511675,0.016259467,0.005666589
1785207006926270489,0.3383594,0.9240317,-0.013659174,2.5903766e-05,2.8357117e-05,0.0039940164,1,0.04442848,5.968195,-5.004473,0.119370624,0.11910867,0.08565845,0.9980681,0.03426315,0.051473994,0.0060476344,0,7,1785207006920256,1785207006920256,0.13916472,-0.010600814,0.67740566,1,0.01773926,0.016441952,0.005687519
1785207006934261958,0.3287715,0.9192382,-0.014458512,2.4452667e-05,2.9413222e-05,0.003994532,1,0.045743283,5.9679165,-5.00056,0.11981919,0.11956012,0.0859068,0.9978257,0.03555976,0.055161227,0.0060520433,0,7,1785207006928256,1785207006928256,0.13776913,-0.009831446,0.7427476,1,0.017841995,0.0165215,0.0056979666
1785207006946252463,0.3207824,0.904857,-0.013394194,2.3205934e-05,3.0572097e-05,0.0039947405,1,0.04704376,5.967648,-4.996085,0.12027053,0.120014265,0.08615593,0.99757224,0.03682115,0.058798492,0.0060580657,0,7,1785207006936256,1785207006936256,0.13608551,-0.0087067,0.8043134,1,0.017935652,0.016593585,0.005708407
1785207006954269240,0.30693337,0.8926067,-0.014723691,2.2190072e-05,3.179133e-05,0.0039946586,1,0.048324138,5.967393,-4.991093,0.12072461,0.12047104,0.08640584,0.9973089,0.038038656,0.062379424,0.0060628876,0,7,1785207006944256,1785207006944256,0.13345185,-0.0071692187,0.859316,1,0.018019276,0.016657878,0.0057188524
1785207006966269373,0.26192555,0.85532254,-0.017385691,2.098497e-05,3.439976e-05,0.0039934977,1,0.050792903,5.9669375,-4.9798093,0.12164086,0.12139229,0.08690804,0.9967623,0.04023368,0.06935001,0.0060726698,0,7,1785207006960256,1785207006960256,0.12448257,-0.0024095846,0.9422939,1,0.018149454,0.016759703,0.005739787
1785207006974228229,0.22171241,0.8353487,-0.01791623,2.087125e-05,3.5832913e-05,0.0039923005,1,0.05195657,5.966748,-4.973678,0.122102916,0.12185664,0.08655004,0.99648595,0.04113665,0.07270927,0.006075111,0,7,1785207006968256,1785207006968256,0.11757048,0.000960547,0.96968395,1,0.01820337,0.016800985,0.0057302243
1785207006986242960,0.1809663,0.80578774,-0.01711921,2.111427e-05,3.739275e-05,0.0039902166,1,0.05305647,5.966592,-4.9673166,0.122567415,0.12232328,0.08680134,0.99621284,0.041865714,0.07596257,0.006086315,0,7,1785207006976256,1785207006976256,0.10920009,0.00528271,0.987717,1,0.018250292,0.01683771,0.0057407147
1785207006994245971,0.16258967,0.7650415,-0.018985476,2.1736218e-05,3.907738e-05,0.0039880336,1,0.05407856,5.9664774,-4.960819,0.1230346,0.12279245,0.08705344,0.9959444,0.0425086,0.079061314,0.0060958406,0,7,1785207006984256,1785207006984256,0.09863928,0.010754162,0.9928124,1,0.018294243,0.0168728,0.005751226
1785207007006221807,0.09973954,0.6673034,-0.02217973,2.4147324e-05,4.2722502e-05,0.0039822245,1,0.055806573,5.9664097,-4.947863,0.12397658,0.123737946,0.08756002,0.99544287,0.043445144,0.08467085,0.006084633,0,7,1785207007000256,1785207007000256,0.06875213,0.025415981,0.9575164,1,0.0183759,0.016938098,0.0057722926
1785207007014237972,0.058992792,0.6222961,-0.026173482,2.5960957e-05,4.4662884e-05,0.003978594,1,0.05646619,5.9664783,-4.941648,0.12445138,0.12421425,0.0878145,0.9952132,0.04369766,0.08720269,0.0060725105,0,7,1785207007008256,1785207007008256,0.05009757,0.03464291,0.9209651,1,0.01841451,0.016969485,0.0057828566
1785207007026246841,0.040617112,0.5653043,-0.0261766,2.8185492e-05,4.667307e-05,0.003974484,1,0.056967556,5.966626,-4.935711,0.124928705,0.12469292,0.08806979,0.9950011,0.04384824,0.089518785,0.006058216,0,7,1785207007016256,1785207007016256,0.029713042,0.044543557,0.87802887,1,0.018452423,0.017000427,0.005793437
1785207007034239141,0.023040282,0.5181663,-0.027773846,3.084145e-05,4.8742142e-05,0.0039698835,1,0.0572979,5.9668584,-4.9300942,0.12540857,0.12517396,0.08769921,0.9948054,0.043935187,0.09162759,0.0060346466,0,7,1785207007024256,1785207007024256,0.0078487545,0.055079173,0.8298891,1,0.018488953,0.017031189,0.005783394
1785207007046302403,-0.0203695,0.4633052,-0.03443172,3.748048e-05,5.2944793e-05,0.003959291,1,0.05739777,5.967588,-4.91997,0.12637594,0.12614314,0.08821014,0.9944487,0.043858316,0.09546039,0.0059616407,0,7,1785207007040268,1785207007040268,-0.04027889,0.076763555,0.7242649,1,0.018561212,0.017092342,0.0058046198
1785207007054301015,-0.018770594,0.42602113,-0.029372955,4.147645e-05,5.505776e-05,0.003952905,1,0.057149038,5.9680886,-4.915499,0.12686326,0.1266311,0.08846681,0.9942848,0.043761536,0.097199075,0.0059216735,0,7,1785207007048268,1785207007048268,-0.06522006,0.08821867,0.6696514,1,0.018596653,0.017122377,0.005815256
1785207007066268515,-0.037147336,0.39006847,-0.032034766,4.592303e-05,5.718397e-05,0.0039464575,1,0.05669688,5.9686823,-4.9114313,0.12735333,0.12712163,0.088724285,0.9941349,0.043612298,0.098789304,0.0058835456,0,7,1785207007056268,1785207007056268,-0.09073308,0.099390775,0.6148095,1,0.018633768,0.017153462,0.0058259056
1785207007074267577,-0.06111531,0.35784432,-0.030170169,5.079717e-05,5.9325703e-05,0.003939565,1,0.056037426,5.969366,-4.907765,0.12784596,0.12761454,0.08898257,0.993999,0.04337421,0.100252226,0.005848674,0,7,1785207007064268,1785207007064268,-0.11648641,0.1101169,0.56068456,1,0.018672625,0.017185494,0.0058365637
1785207007086319598,-0.10292713,0.23986177,-0.035229933,6.0839866e-05,6.12852e-05,0.0038892666,1,0.054396052,5.970793,-4.905038,0.10705303,0.1067711,0.080550104,0.9937975,0.042633176,0.10254775,0.005748475,0,7,1785207007080268,1785207007080268,-0.16674963,0.13141556,0.45615816,1,0.014927468,0.013866348,0.005446411
1785207007094291349,-0.1436735,0.16662501,-0.034163732,6.682837e-05,6.3371335e-05,0.0038813169,1,0.053413108,5.9715376,-4.9058623,0.10742288,0.10714605,0.08078144,0.9937445,0.042089127,0.10328617,0.005695046,0,7,1785207007088268,1785207007088268,-0.1914924,0.14138538,0.40547365,1,0.014968669,0.0138984,0.0054568923
1785207007106286080,-0.1849525,0.08886072,-0.032299463,7.312036e-05,6.543307e-05,0.0038730889,1,0.05222407,5.9723682,-4.9069667,0.10779478,0.107522935,0.08101353,0.99372923,0.04137424,0.10372317,0.005652108,0,7,1785207007096268,1785207007096268,-0.21600208,0.15099245,0.35639113,1,0.015015165,0.013933607,0.005467364
1785207007114288059,-0.21770945,-0.00035543088,-0.031500336,7.970401e-05,6.7417976e-05,0.003864646,1,0.05083268,5.97328,-4.9083424,0.10816873,0.1079018,0.08124637,0.9937551,0.040526796,0.103811696,0.005618308,0,7,1785207007104268,1785207007104268,-0.23988663,0.16004983,0.30869028,1,0.015067924,0.013972662,0.005477825
1785207007126292108,-0.30479488,-0.21447325,-0.034163408,9.347056e-05,7.0894785e-05,0.0038472738,1,0.04746134,5.9753356,-4.9118814,0.10892291,0.10866555,0.08171432,0.99395275,0.038345665,0.10274783,0.0055181435,0,7,1785207007120268,1785207007120268,-0.28620204,0.17706439,0.21713954,1,0.015198718,0.014065754,0.0054986584
1785207007134299878,-0.34873715,-0.32632598,-0.030700447,0.00010055577,7.22407e-05,0.0038389699,1,0.045490563,5.9764705,-4.91403,0.10930325,0.109050564,0.08194942,0.99412596,0.03699304,0.1015637,0.005485026,0,7,1785207007128268,1785207007128268,-0.30835617,0.18482573,0.17268278,1,0.0152774295,0.014119879,0.005509034
1785207007146257829,-0.38255906,-0.44430423,-0.031232877,0.00010760437,7.344577e-05,0.0038308434,1,0.043337546,5.977672,-4.916421,0.10968578,0.10943772,0.08164246,0.99434793,0.03550429,0.09990966,0.005450148,0,7,1785207007136268,1785207007136268,-0.32991922,0.19224033,0.12876776,1,0.015368441,0.014181279,0.0055018393
1785207007154268173,-0.42836562,-0.5601516,-0.032032616,0.00011447504,7.445604e-05,0.0038230885,1,0.04100644,5.978937,-4.9190598,0.11007054,0.10982707,0.081877515,0.99461645,0.03384467,0.09779243,0.0054107206,0,7,1785207007144268,1785207007144268,-0.35093707,0.1991379,0.08565493,1,0.015472601,0.014251387,0.005512111
1785207007166295196,-0.50346696,-0.7894497,-0.031232921,0.00012753501,7.575173e-05,0.0038089862,1,0.035829764,5.98164,-4.9250793,0.11084699,0.11061265,0.082349904,0.99527276,0.030066682,0.092193596,0.0053315214,0,7,1785207007160268,1785207007160268,-0.3911158,0.21139659,0.00025071215,1,0.015728006,0.014422459,0.005532489
1785207007174274401,-0.5434139,-0.9122218,-0.03256442,0.0001335804,7.607177e-05,0.0038027482,1,0.032996483,5.983069,-4.928461,0.11123878,0.11100901,0.082587235,0.99565446,0.02794987,0.08867406,0.0052917753,0,7,1785207007168268,1785207007168268,-0.4099956,0.21676512,-0.042678587,1,0.015870458,0.014519851,0.005542648
1785207007186291496,-0.58096474,-1.0174165,-0.031233758,0.00013923107,7.627206e-05,0.0037970243,1,0.030009944,5.984545,-4.932094,0.111633,0.11140781,0.082825325,0.9960606,0.025679715,0.08471284,0.0052560237,0,7,1785207007176268,1785207007176268,-0.4276605,0.22169632,-0.08404379,1,0.016020993,0.014624848,0.005552801
1785207007194264208,-0.60440075,-1.1103606,-0.029634533,0.00014461068,7.632871e-05,0.0037917139,1,0.026883028,5.986063,-4.9359426,0.1120297,0.11180909,0.08306417,0.99647886,0.023305854,0.0803707,0.005224655,0,7,1785207007184268,1785207007184268,-0.443463,0.22579172,-0.11832969,1,0.016177524,0.01473751,0.0055629583
1785207007206273517,-0.67790294,-1.3061032,-0.0331002,0.00015483685,7.604563e-05,0.0037816542,1,0.02028511,5.989188,-4.9439254,0.112830594,0.11261915,0.082984865,0.99733067,0.01818073,0.070529215,0.0051596654,0,7,1785207007200268,1785207007200268,-0.4661701,0.23039027,-0.14975211,1,0.016503714,0.014983889,0.00556524
1785207007214254976,-0.70373684,-1.393188,-0.032298747,0.00015947028,7.58051e-05,0.003777389,1,0.016866265,5.990778,-4.947872,0.11323492,0.11302806,0.08322438,0.99775064,0.015412348,0.06503718,0.0051223985,0,7,1785207007208268,1785207007208268,-0.47334924,0.23145662,-0.14558542,1,0.016671779,0.015116869,0.0055754646
1785207007226278062,-0.7151877,-1.4560388,-0.030966282,0.00016380563,7.5402495e-05,0.003773583,1,0.013390829,5.9923806,-4.951668,0.11364186,0.11343957,0.08346465,0.9981495,0.012586819,0.05927324,0.005092528,0,7,1785207007216268,1785207007216268,-0.4789033,0.23225814,-0.13111392,1,0.016840054,0.015255703,0.005585731
1785207007234284268,-0.72743845,-1.5143619,-0.029104758,0.00016763614,7.4823474e-05,0.0037704573,1,0.009872493,5.993992,-4.955231,0.11405144,0.11385369,0.08370569,0.9985201,0.009721939,0.053268805,0.005068148,0,7,1785207007224268,1785207007224268,-0.4827244,0.23251675,-0.10657351,1,0.017009914,0.015398831,0.0055960375
1785207007246307074,-0.78176683,-1.6262147,-0.031505536,0.00017307568,7.3166644e-05,0.003766929,1,0.002755997,5.9972258,-4.9613576,0.11487862,0.114689894,0.0836205,0.9991564,0.0037049602,0.04058963,0.005016218,0,7,1785207007240268,1785207007240268,-0.4862079,0.23169716,-0.03275951,1,0.017351024,0.015698291,0.0055982443
1785207007254279435,-0.8097299,-1.6866684,-0.02937207,0.00017447502,7.192569e-05,0.0037668976,1,-0.0008210747,5.9988413,-4.963804,0.11529629,0.11511201,0.083862185,0.99941283,0.000520104,0.033891957,0.005001442,0,7,1785207007248268,1785207007248268,-0.4863225,0.23082697,0.013700796,1,0.017520532,0.015854713,0.0056086676
1785207007266302842,-0.82144725,-1.7393997,-0.030701643,0.00017481422,7.047005e-05,0.0037681414,1,-0.004402676,6.0004544,-4.9657965,0.11571672,0.115536824,0.084104635,0.99962014,-0.0027223406,0.02697169,0.0049846205,0,7,1785207007256268,1785207007256268,-0.48611555,0.23011263,0.063823305,1,0.01768858,0.016014362,0.0056191343
1785207007274288429,-0.8249103,-1.7868037,-0.029366728,0.00017392912,6.8755224e-05,0.0037705095,1,-0.007986208,6.002066,-4.9673114,0.116139814,0.11596428,0.084347844,0.99977255,-0.0059901886,0.019854823,0.004972042,0,7,1785207007264268,1785207007264268,-0.48566684,0.22938263,0.11658273,1,0.017855931,0.016177326,0.005629636
1785207007286285054,-0.8177201,-1.8560458,-0.03309633,0.00016823749,6.457618e-05,0.0037806372,1,-0.015153254,6.0052886,-4.968841,0.11699471,0.116827674,0.08483658,0.99989665,-0.0124842515,0.0051672175,0.004926342,0,7,1785207007280268,1785207007280268,-0.4842033,0.22821724,0.2290173,1,0.01818704,0.016512271,0.005650753
1785207007294320085,-0.82304376,-1.8802817,-0.034432832,0.00016340497,6.220538e-05,0.0037879683,1,-0.018732945,6.006897,-4.968822,0.117426455,0.11726356,0.08508211,0.99986154,-0.015730953,-0.0023472372,0.004902487,0,7,1785207007288268,1785207007288268,-0.4829833,0.22718635,0.28818327,1,0.018352034,0.016683815,0.0056613586
1785207007306279289,-0.8376937,-1.9066459,-0.03443579,0.00015731543,5.963743e-05,0.0037967544,1,-0.02230628,6.008501,-4.9682684,0.117861114,0.11770229,0.08532841,0.9997574,-0.019025085,-0.009966786,0.0048718587,0,7,1785207007296268,1785207007296268,-0.48153389,0.22610238,0.34769252,1,0.018515445,0.016857922,0.005671993
1785207007314265567,-0.85766566,-1.9287509,-0.037365228,0.00015008841,5.691785e-05,0.0038068304,1,-0.025872277,6.0100975,-4.9671707,0.11829871,0.11814389,0.084987104,0.9995813,-0.022397786,-0.017675616,0.0048354557,0,7,1785207007304268,1785207007304268,-0.47993422,0.22433683,0.4065069,1,0.018678036,0.017034855,0.005663431
1785207007326277171,-0.8827023,-1.9806817,-0.03735925,0.0001324884,5.1177944e-05,0.00383043,1,-0.03297047,6.0132604,-4.9634223,0.11918286,0.1190358,0.08548018,0.9990014,-0.029320702,-0.033378504,0.0047533954,0,7,1785207007320268,1785207007320268,-0.47539234,0.22101986,0.51993245,1,0.018997757,0.017392306,0.0056848074
1785207007334283067,-0.87763834,-2.011043,-0.039752964,0.00012244435,4.820009e-05,0.0038435815,1,-0.03649519,6.014828,-4.960804,0.11962949,0.11948619,0.08572789,0.9985931,-0.03279091,-0.041405343,0.0047163046,0,7,1785207007328268,1785207007328268,-0.4722345,0.21935952,0.57288754,1,0.019155083,0.01756984,0.0056955204
1785207007346297466,-0.8600651,-2.0355432,-0.038150933,0.00011195741,4.524495e-05,0.0038568138,1,-0.039994296,6.0163856,-4.9577327,0.12007901,0.11993944,0.08597637,0.9981053,-0.036201607,-0.049533073,0.004680477,0,7,1785207007336268,1785207007336268,-0.46814027,0.21742485,0.6202155,1,0.019301582,0.01773832,0.0057062446
1785207007354286219,-0.83529496,-2.0525887,-0.040016077,0.000101194055,4.235252e-05,0.0038705992,1,-0.04346258,6.0179296,-4.9542494,0.12053176,0.12039579,0.086225644,0.997539,-0.039511267,-0.057733614,0.004652274,0,7,1785207007344268,1785207007344268,-0.4634139,0.21496916,0.6630935,1,0.019434663,0.017892128,0.0057169767
1785207007366330535,-0.8294367,-2.0565825,-0.04402299,7.945286e-05,3.670571e-05,0.003898246,1,-0.050275154,6.020947,-4.946225,0.121446386,0.121317275,0.086122274,0.99617213,-0.046015818,-0.07418125,0.004570628,0,7,1785207007360268,1785207007360268,-0.4497702,0.20654112,0.72770274,1,0.019647293,0.018132262,0.0057186037
1785207007374292327,-0.8376908,-2.0467298,-0.049349286,6.907337e-05,3.4122502e-05,0.00391134,1,-0.053589985,6.022402,-4.941814,0.12190818,0.12178231,0.08637216,0.99537194,-0.04929663,-0.08236712,0.004506978,0,7,1785207007368268,1785207007368268,-0.43994287,0.20074996,0.74865216,1,0.01973723,0.018230742,0.005729295
1785207007386277370,-0.8099929,-2.0435348,-0.058389805,5.9341095e-05,3.1760792e-05,0.003923564,1,-0.056821983,6.023811,-4.9372177,0.122372925,0.122250155,0.086622834,0.99449885,-0.052500937,-0.09053251,0.0044148974,0,7,1785207007376268,1785207007376268,-0.4278201,0.19407159,0.76172006,1,0.019815559,0.018315138,0.005739971
1785207007394289748,-0.76418936,-2.0147712,-0.060520653,5.0423183e-05,2.9598852e-05,0.003934774,1,-0.05994968,6.0251646,-4.93252,0.1228406,0.12272077,0.0868743,0.9935669,-0.05552796,-0.09860478,0.0043161875,0,7,1785207007384268,1785207007384268,-0.41284332,0.18620907,0.7630166,1,0.019884557,0.018388035,0.0057506314
1785207007406316531,-0.72583836,-1.9077127,-0.062929966,3.5523768e-05,2.5930209e-05,0.0039532883,1,-0.0657922,6.0276546,-4.9231977,0.12378438,0.123670034,0.0873796,0.99156326,-0.061265364,-0.11415822,0.004110806,0,7,1785207007400268,1785207007400268,-0.37240735,0.16410726,0.72963154,1,0.019995445,0.018502008,0.0057718963
1785207007414314522,-0.703201,-1.8528521,-0.071712874,2.9848754e-05,2.4523819e-05,0.0039605014,1,-0.068445355,6.028753,-4.918778,0.124260664,0.12414877,0.087016515,0.9905061,-0.06402006,-0.121586874,0.003964058,0,7,1785207007408268,1785207007408268,-0.3466432,0.15003721,0.69973207,1,0.020046769,0.01855152,0.00576221
1785207007426303001,-0.63156205,-1.7708273,-0.07676114,2.5574544e-05,2.3448096e-05,0.0039659827,1,-0.070889406,6.0297427,-4.9145665,0.124739796,0.124630176,0.08726937,0.9894385,-0.06653825,-0.1287237,0.0038051216,0,7,1785207007416268,1785207007416268,-0.31952566,0.13628139,0.6681277,1,0.020095889,0.018598331,0.005772784
1785207007434282667,-0.5641867,-1.6424615,-0.074908234,2.2846261e-05,2.2718668e-05,0.0039695716,1,-0.07312244,6.030627,-4.910556,0.12522177,0.12511423,0.08752303,0.98839736,-0.068763375,-0.13538514,0.0036491305,0,7,1785207007424268,1785207007424268,-0.2927398,0.12256245,0.63975906,1,0.020145094,0.018642914,0.0057833334
1785207007446262159,-0.44008017,-1.3449875,-0.079433784,2.2457165e-05,2.2284179e-05,0.0039706603,1,-0.07694532,6.032074,-4.903035,0.12619427,0.12609035,0.08803273,0.9864785,-0.0724922,-0.14694908,0.0033162835,0,7,1785207007440268,1785207007440268,-0.23739246,0.09488632,0.59197485,1,0.020232558,0.018724373,0.0058043725
1785207007454240673,-0.34154382,-1.1785401,-0.0812934,2.4959272e-05,2.2582532e-05,0.003967993,1,-0.07852832,6.032637,-4.8994927,0.12668477,0.12658237,0.08828878,0.985642,-0.073874295,-0.15179786,0.0031344676,0,7,1785207007448268,1785207007448268,-0.20931521,0.081329614,0.56986105,1,0.020274084,0.018762315,0.005814857
1785207007466304787,-0.26085132,-0.99424857,-0.08103231,2.934703e-05,2.3248864e-05,0.0039630714,1,-0.07988745,6.0330925,-4.896092,0.1271781,0.12707704,0.08854563,0.9849192,-0.07491425,-0.1559276,0.0029447863,0,7,1785207007456268,1785207007456268,-0.18029179,0.06720058,0.54746926,1,0.020311862,0.018800037,0.0058253244
1785207007474237413,-0.17802632,-0.8214097,-0.076502815,3.5680518e-05,2.4303508e-05,0.0039558164,1,-0.08101214,6.0334373,-4.892839,0.1276743,0.12757438,0.088803284,0.98431593,-0.07564108,-0.15935177,0.002776348,0,7,1785207007464268,1785207007464268,-0.14977473,0.052788746,0.5240108,1,0.020350829,0.018836249,0.0058357627
1785207007486274165,-0.051788878,-0.52206695,-0.079438515,5.319387e-05,2.7147267e-05,0.0037773866,1,-0.08262259,6.0337906,-4.8897314,0.10690394,0.10671091,0.080404855,0.9834443,-0.07624595,-0.16437194,0.002414713,0,7,1785207007480268,1785207007480268,-0.08416226,0.021541186,0.46914294,1,0.0160355,0.014987025,0.005445874
1785207007494200268,-0.004651283,-0.38012055,-0.07810634,6.5498374e-05,2.9361414e-05,0.0037630019,1,-0.08308221,6.033785,-4.889846,0.10727167,0.10708396,0.08063567,0.9831656,-0.076259606,-0.16602653,0.0022269343,0,7,1785207007488268,1785207007488268,-0.04865027,0.004858942,0.436386,1,0.016074568,0.015014936,0.005456052
1785207007506230237,0.058199193,-0.26001212,-0.07597521,7.989906e-05,3.1846615e-05,0.0037462497,1,-0.08325116,6.033647,-4.890128,0.10764167,0.10745915,0.08086723,0.98298717,-0.0760383,-0.16718349,0.002052436,0,7,1785207007496268,1785207007496268,-0.011172937,-0.012063541,0.40080217,1,0.01611396,0.0150427185,0.0054662065
1785207007514207277,0.09787988,-0.16200744,-0.07144924,9.6331576e-05,3.460958e-05,0.0037271872,1,-0.083116695,6.033374,-4.8906045,0.10801396,0.1078365,0.08109955,0.9828908,-0.07563468,-0.16793305,0.0018922568,0,7,1785207007504268,1785207007504268,0.027601419,-0.0296835,0.36215064,1,0.016151521,0.015069509,0.0054763425
1785207007526222478,0.1530072,0.013494855,-0.06532443,0.00013501561,4.1091535e-05,0.003682288,1,-0.081897505,6.0323977,-4.89224,0.10876559,0.10859782,0.08156643,0.98290503,-0.07451223,-0.16835457,0.0015722632,0,7,1785207007520268,1785207007520268,0.10904491,-0.06656306,0.27713495,1,0.01622604,0.015112447,0.0054965457
1785207007534254534,0.18363324,0.07394878,-0.06479245,0.00015716015,4.4719738e-05,0.0036566486,1,-0.08079121,6.0316925,-4.893392,0.10914501,0.10898186,0.08126321,0.98299843,-0.0737769,-0.16813415,0.0014270869,0,7,1785207007528268,1785207007528268,0.15153855,-0.084961675,0.2311332,1,0.016264124,0.015127783,0.0054892777
1785207007546241971,0.208667,0.12801102,-0.064792216,0.00018091997,4.8413116e-05,0.0036293287,1,-0.079346195,6.030843,-4.8948283,0.109526895,0.109368205,0.081496984,0.9831349,-0.0729348,-0.16770414,0.0012839851,0,7,1785207007536268,1785207007536268,0.19407468,-0.10333587,0.18356757,1,0.016304221,0.015139352,0.005499315
1785207007554224132,0.22411335,0.19086137,-0.061862253,0.00020590775,5.2183677e-05,0.0036004349,1,-0.07756365,6.029849,-4.896558,0.10991121,0.10975681,0.08173152,0.9833171,-0.072024815,-0.1670291,0.0011446658,0,7,1785207007544268,1785207007544268,0.23621288,-0.12147336,0.13622604,1,0.016341591,0.015146668,0.005509344
1785207007566265072,0.285899,0.32614958,-0.057335246,0.00025851608,6.0098428e-05,0.00354018,1,-0.07300962,6.0274477,-4.9008665,0.110687815,0.110541396,0.082202874,0.9838257,-0.06990559,-0.16492306,0.0008796964,0,7,1785207007560268,1785207007560268,0.31742784,-0.15535454,0.047092557,1,0.01640762,0.015144525,0.0055294163
1785207007574298630,0.32265076,0.41350135,-0.05387209,0.0002855731,6.3921696e-05,0.003509434,1,-0.070261136,6.0260534,-4.903414,0.11108014,0.11093738,0.08243969,0.9841689,-0.06863644,-0.16340154,0.00077103265,0,7,1785207007568268,1785207007568268,0.35571077,-0.17108187,0.005919625,1,0.016442314,0.015142137,0.005539453
1785207007586229360,0.37138638,0.51869637,-0.052540794,0.00031206725,6.7428395e-05,0.0034795678,1,-0.067215405,6.0245395,-4.9062037,0.11147517,0.11133584,0.082677275,0.98458636,-0.06719048,-0.16147695,0.00067344034,0,7,1785207007576268,1785207007576268,0.39216304,-0.18579775,-0.032864906,1,0.016475556,0.015143758,0.0055494946
1785207007594242499,0.425449,0.633212,-0.048812218,0.00033727416,7.0653434e-05,0.0034512698,1,-0.06388827,6.0229144,-4.909215,0.1118729,0.11173675,0.08291562,0.9850834,-0.065537125,-0.15910779,0.0005898892,0,7,1785207007584268,1785207007584268,0.42668146,-0.19960573,-0.06859772,1,0.016506933,0.015146313,0.0055595445
1785207007606268531,0.5333062,0.88994116,-0.05120999,0.00038238344,7.588856e-05,0.0034011933,1,-0.056461122,6.01936,-4.9157524,0.11267644,0.112545915,0.082837336,0.9863169,-0.061629284,-0.15290737,0.0004324107,0,7,1785207007600268,1785207007600268,0.48761854,-0.22346509,-0.12342415,1,0.016568545,0.015161318,0.005561669
1785207007614259428,0.61107206,1.0305552,-0.045617007,0.0004012065,7.765156e-05,0.0033807412,1,-0.052412417,6.017459,-4.919183,0.11308225,0.11295415,0.08307638,0.98706144,-0.05926125,-0.14898911,0.0003728608,0,7,1785207007608268,1785207007608268,0.51309556,-0.23263644,-0.1397363,1,0.016598364,0.015174388,0.0055717714
1785207007626253779,0.6739219,1.1645129,-0.044551034,0.0004171015,7.887038e-05,0.0033635052,1,-0.048173953,6.0154896,-4.9226494,0.11349061,0.11336471,0.083316185,0.98787856,-0.056633096,-0.1445287,0.0003298199,0,7,1785207007616268,1785207007616268,0.5356555,-0.24087214,-0.14905648,1,0.016627394,0.015190424,0.005581913
1785207007634271206,0.7223913,1.2995354,-0.04374803,0.00043039434,7.954409e-05,0.0033496735,1,-0.04377029,6.013462,-4.926091,0.11390183,0.11377782,0.083556764,0.9887548,-0.053795,-0.13953476,0.00029149838,0,7,1785207007624268,1785207007624268,0.554982,-0.24775401,-0.1501756,1,0.016656164,0.015211958,0.005592111
1785207007646245278,0.83824056,1.5719757,-0.041089162,0.000449195,7.976586e-05,0.003330919,1,-0.03457042,6.0092697,-4.9326634,0.11473248,0.11461139,0.08404022,0.9906459,-0.047490556,-0.12792735,0.00021568444,0,7,1785207007640268,1785207007640268,0.5841232,-0.25801626,-0.12999961,1,0.016712673,0.015276468,0.00561273
1785207007654278697,0.89815897,1.7014067,-0.042687126,0.0004549363,7.930207e-05,0.0033257767,1,-0.029818986,6.0071254,-4.9356775,0.11515196,0.11503189,0.0837123,0.99164057,-0.043963164,-0.121310934,0.0001944463,0,7,1785207007648268,1785207007648268,0.59513104,-0.26133436,-0.109976076,1,0.016743686,0.015322022,0.0056045833
1785207007666269952,0.9466298,1.8113947,-0.041355032,0.00045871633,7.852264e-05,0.0033229112,1,-0.024989262,6.004959,-4.938453,0.115574226,0.11545488,0.08395432,0.99263877,-0.040231384,-0.11423604,0.0001776591,0,7,1785207007656268,1785207007656268,0.6042581,-0.26404935,-0.085420415,1,0.016775424,0.0153793255,0.0056151086
1785207007674267932,0.97805446,1.9232479,-0.039485488,0.00046069364,7.757348e-05,0.0033220185,1,-0.020093665,6.0027747,-4.94096,0.11599931,0.115880385,0.08419711,0.9936252,-0.036356874,-0.10671091,0.00016855996,0,7,1785207007664268,1785207007664268,0.61205435,-0.2663679,-0.0571379,1,0.016807234,0.015449439,0.0056257434
1785207007686285958,1.0843129,2.1464214,-0.04402436,0.00046000385,7.511958e-05,0.003325175,1,-0.010151227,5.998373,-4.945053,0.11685779,0.116738886,0.084685035,0.99551684,-0.028068934,-0.09032446,0.00014383974,0,7,1785207007680268,1785207007680268,0.62292343,-0.26817885,0.010288923,1,0.016881216,0.01563231,0.005647336
1785207007694325539,1.1365132,2.2617352,-0.042151853,0.00045801303,7.364014e-05,0.00332878,1,-0.005129027,5.996168,-4.946587,0.117291406,0.11717206,0.08493017,0.9964004,-0.023569709,-0.08143008,0.00013782197,0,7,1785207007688268,1785207007688268,0.62618226,-0.2685039,0.048634052,1,0.016923511,0.015747134,0.0056582843
1785207007706288900,1.1650078,2.3741212,-0.042942476,0.000454828,7.2073075e-05,0.0033336687,1,-8.629158e-05,5.9939623,-4.947754,0.117727906,0.117607854,0.08517608,0.9972194,-0.018932296,-0.07207815,0.00013217352,0,7,1785207007696268,1785207007696268,0.62852603,-0.26875243,0.08883086,1,0.016968507,0.015876034,0.0056693177
1785207007714304675,1.178858,2.4750543,-0.040810596,0.00045051202,7.0396876e-05,0.0033397973,1,0.0049716425,5.991756,-4.948544,0.118167296,0.118046276,0.08542278,0.9979561,-0.0142266955,-0.062299408,0.00012688363,0,7,1785207007704268,1785207007704268,0.6303849,-0.2691279,0.13008706,1,0.017016646,0.016017582,0.0056804195
1785207007726288646,1.2204019,2.6444316,-0.044017002,0.00043761305,6.6501845e-05,0.0033568658,1,0.015116636,5.987347,-4.9489455,0.11905473,0.1189311,0.08532715,0.99912035,-0.004615202,-0.0416808,9.840527e-05,0,7,1785207007720268,1785207007720268,0.63215655,-0.2682778,0.21517326,1,0.017122556,0.016329216,0.0056834244
1785207007734306625,1.2731318,2.7283216,-0.046158522,0.00042853854,6.424284e-05,0.0033683374,1,0.020192973,5.9851546,-4.948563,0.11950277,0.11937754,0.0855745,0.99952376,0.000427478,-0.030857205,8.173081e-05,0,7,1785207007728268,1785207007728268,0.6322468,-0.26702353,0.25731465,1,0.017179584,0.016496276,0.0056946008
1785207007746293762,1.3192037,2.806619,-0.04562078,0.00041746607,6.173879e-05,0.0033820528,1,0.025265884,5.982975,-4.9478073,0.119953685,0.11982669,0.08582264,0.9997897,0.005668415,-0.019709093,7.488371e-05,0,7,1785207007736268,1785207007736268,0.6315483,-0.26541713,0.29700205,1,0.017238531,0.016667955,0.005705784
1785207007754295570,1.3319864,2.883318,-0.052794095,0.00040436286,5.9038615e-05,0.003397994,1,0.030329913,5.980809,-4.946697,0.12040748,0.120278575,0.08607157,0.9999055,0.010995117,-0.008254206,4.3802575e-05,0,7,1785207007744268,1785207007744268,0.6302217,-0.2638118,0.33459926,1,0.017298268,0.016841007,0.0057169567
1785207007766306933,1.3136097,3.018875,-0.053589016,0.00037153944,5.294282e-05,0.0034369386,1,0.04039437,5.9765215,-4.943509,0.12132334,0.121190414,0.08657179,0.99964726,0.021565622,0.01550307,-1.2121505e-05,0,7,1785207007760268,1785207007760268,0.6239779,-0.2597435,0.39905173,1,0.017420115,0.017165469,0.005739037
1785207007774296969,1.317073,3.0753329,-0.058662016,0.00035211805,4.959369e-05,0.003459848,1,0.04538005,5.9744115,-4.9414754,0.12178563,0.121650554,0.086217485,0.999255,0.026819276,0.027753904,-5.5759898e-05,0,7,1785207007768268,1785207007768268,0.619383,-0.25621074,0.4255822,1,0.017480444,0.017316326,0.0057300907
1785207007786294335,1.3381127,3.1112847,-0.058139686,0.00033096934,4.61942e-05,0.0034845367,1,0.050324835,5.972335,-4.9392066,0.12225071,0.12211344,0.08646781,0.99867624,0.032139283,0.04016048,-9.74491e-05,0,7,1785207007776268,1785207007776268,0.6136882,-0.25161028,0.44715402,1,0.017539434,0.017455244,0.0057409266
1785207007794302706,1.3423693,3.118744,-0.06692097,0.00030830246,4.281743e-05,0.0035107222,1,0.055216152,5.9702983,-4.936758,0.12271856,0.12257907,0.08671892,0.9979102,0.037497286,0.0526239,-0.00016614422,0,7,1785207007784268,1785207007784268,0.60609317,-0.24631335,0.4607409,1,0.017596504,0.0175808,0.00575167
1785207007806326403,1.2454304,3.1080918,-0.074888796,0.0002593062,3.6169014e-05,0.0035666474,1,0.064763404,5.966377,-4.9316063,0.123662435,0.12351849,0.0872235,0.9958519,0.047730103,0.077464424,-0.0003146397,0,7,1785207007800268,1785207007800268,0.5823262,-0.2318759,0.45824215,1,0.017708031,0.017794995,0.0057729017
1785207007814316448,1.2251937,3.0873175,-0.07864302,0.00023388097,3.308349e-05,0.0035952993,1,0.069367826,5.964521,-4.929077,0.12413842,0.123992264,0.087476976,0.99457043,0.05259558,0.08979535,-0.00041152877,0,7,1785207007808268,1785207007808268,0.5656187,-0.22136907,0.44111976,1,0.017761994,0.017887814,0.005783446
1785207007826282625,1.2286527,3.0337894,-0.08264876,0.00020829089,3.029541e-05,0.003623548,1,0.07382098,5.962761,-4.926689,0.12461676,0.124468476,0.08773125,0.9931301,0.0574618,0.101934195,-0.0005286135,0,7,1785207007816268,1785207007816268,0.5451252,-0.20852235,0.41481477,1,0.01781341,0.017972257,0.0057939696
1785207007834340751,1.1719276,2.959222,-0.09113987,0.0001829858,2.78709e-05,0.0036514201,1,0.07809607,5.9611073,-4.9244947,0.12509808,0.12494764,0.08798631,0.99156034,0.062155683,0.113773465,-0.0006789794,0,7,1785207007824268,1785207007824268,0.5210664,-0.19506541,0.38447344,1,0.017866401,0.018050373,0.0058044572
1785207007846327327,1.0113395,2.7267265,-0.09596061,0.00013416451,2.423155e-05,0.0037041677,1,0.08603326,5.9581327,-4.920647,0.12606868,0.12591404,0.08787152,0.988168,0.07048003,0.13621882,-0.00097613584,0,7,1785207007840268,1785207007840268,0.4687909,-0.16674435,0.33148333,1,0.017971348,0.018182391,0.0058047133
1785207007854310289,0.97006065,2.5466971,-0.097297,0.000111389134,2.3226326e-05,0.003728092,1,0.08968845,5.956821,-4.9189487,0.12655796,0.12640128,0.08812715,0.986417,0.07431362,0.14648508,-0.0011575858,0,7,1785207007848268,1785207007848268,0.44248778,-0.15195684,0.31358606,1,0.01802224,0.01824019,0.00581514
1785207007866315270,0.8864371,2.341102,-0.09994078,9.030747e-05,2.2863975e-05,0.0037496802,1,0.09313376,5.9556246,-4.917339,0.1270499,0.12689118,0.08838358,0.98469126,0.077860706,0.15594615,-0.0013684132,0,7,1785207007856268,1785207007856268,0.41624126,-0.13792668,0.3014557,1,0.018072246,0.018295547,0.0058255927
1785207007874312078,0.74342537,2.123788,-0.10471586,7.142783e-05,2.317473e-05,0.0037683926,1,0.09637012,5.954535,-4.91578,0.12754449,0.12738378,0.0886408,0.98304474,0.080886096,0.16455394,-0.0015846255,0,7,1785207007864268,1785207007864268,0.3901138,-0.12527698,0.29310927,1,0.018122984,0.018348236,0.0058360524
1785207007886316538,0.4989439,1.6148705,-0.101011895,3.9519015e-05,2.4776977e-05,0.0037397442,1,0.101376064,5.9524236,-4.9149356,0.10671788,0.10665289,0.080795296,0.98016953,0.085361116,0.17882195,-0.001959245,0,7,1785207007880268,1785207007880268,0.33703667,-0.09875482,0.28153574,1,0.014549145,0.014704943,0.005463149
1785207007894358553,0.3910873,1.3650675,-0.1047434,2.9878942e-05,2.736029e-05,0.0037466874,1,0.10314735,5.951416,-4.915533,0.10709119,0.10702418,0.08049957,0.97898793,0.086933486,0.18444644,-0.0021672137,0,7,1785207007888268,1785207007888268,0.30820787,-0.08447602,0.2760327,1,0.014596333,0.014743404,0.0054564816
1785207007906337404,0.28855506,1.1139312,-0.108472645,2.385297e-05,3.0832613e-05,0.0037493852,1,0.10470244,5.9505305,-4.9161,0.10746667,0.10739764,0.08073075,0.97799677,0.088095404,0.18909228,-0.0023983407,0,7,1785207007896268,1785207007896268,0.2778001,-0.069720455,0.2684622,1,0.014645784,0.014782325,0.005466777
1785207007914361886,0.21718486,0.8683866,-0.09995665,2.1741038e-05,3.5133937e-05,0.0037473408,1,0.10602751,5.949774,-4.916658,0.107844256,0.107773244,0.080962695,0.97720206,0.088942274,0.19276561,-0.0026351665,0,7,1785207007904268,1785207007904268,0.24545988,-0.05372781,0.25809443,1,0.014697223,0.014819002,0.0054770657
1785207007926328023,0.030763451,0.4446786,-0.09941821,3.0406314e-05,4.6115812e-05,0.0037279835,1,0.10791033,5.9486732,-4.917863,0.10860583,0.10853099,0.08142883,0.9761982,0.08961365,0.19747585,-0.0031387862,0,7,1785207007920268,1785207007920268,0.17299317,-0.020222487,0.22684367,1,0.014814297,0.01489091,0.0054975925
1785207007934361581,-0.046467856,0.26225144,-0.09409415,4.1593084e-05,5.290238e-05,0.0037101547,1,0.108426645,5.948337,-4.918569,0.10898987,0.10891319,0.08166303,0.9759636,0.08942336,0.1987143,-0.0033669441,0,7,1785207007928268,1785207007928268,0.13342866,-0.0022034121,0.20596628,1,0.014880981,0.01492621,0.00550782
1785207007946367755,-0.10132899,0.08887955,-0.09089878,5.7400553e-05,6.0558847e-05,0.0036868344,1,0.10863763,5.948155,-4.9193854,0.10937611,0.10929763,0.08189798,0.97588754,0.089015886,0.19926564,-0.003596621,0,7,1785207007936268,1785207007936268,0.09199324,0.016841726,0.18144411,1,0.014954318,0.014960644,0.0055180076
1785207007954357500,-0.16604328,-0.056795206,-0.082909815,7.768922e-05,6.882161e-05,0.0036584279,1,0.10852726,5.9481316,-4.9203434,0.10976458,0.10968437,0.082133695,0.97595614,0.08836256,0.19921683,-0.003804872,0,7,1785207007944268,1785207007944268,0.04845611,0.036356103,0.1532083,1,0.015035548,0.014993117,0.005528133
1785207007966350588,-0.24700142,-0.22989982,-0.075190485,0.00013134601,8.642928e-05,0.0035871787,1,0.10724852,5.948589,-4.922819,0.11054831,0.11046483,0.08206057,0.97639513,0.08646865,0.19788513,-0.004155514,0,7,1785207007960268,1785207007960268,-0.048466966,0.07909199,0.0792464,1,0.015236159,0.015049168,0.005530412
1785207007974338810,-0.2475335,-0.25280324,-0.07252849,0.00016399473,9.6068776e-05,0.003545035,1,0.10602891,5.9490905,-4.924448,0.11094378,0.11085877,0.08229698,0.97667545,0.08543974,0.196943,-0.004320339,0,7,1785207007968268,1785207007968268,-0.10042631,0.101863146,0.035523742,1,0.015357061,0.015073439,0.0055401754
1785207007986357898,-0.24513628,-0.24907507,-0.0727953,0.0001997727,0.000105931525,0.0034995372,1,0.10441179,5.9497776,-4.926363,0.111341685,0.11125521,0.08253416,0.97695374,0.084415615,0.19599819,-0.0044833394,0,7,1785207007976268,1785207007976268,-0.15177344,0.12425682,-0.006946829,1,0.015484393,0.015093007,0.0055498537
1785207007994344106,-0.23661435,-0.2370907,-0.07093096,0.0002381158,0.00011547365,0.0034517944,1,0.10240761,5.950643,-4.9285417,0.11174206,0.1116542,0.08277209,0.9772195,0.083417095,0.19509499,-0.0046459152,0,7,1785207007984268,1785207007984268,-0.20124735,0.14540355,-0.045284208,1,0.015614851,0.015110166,0.0055594947
1785207008006392009,-0.22862525,-0.26824957,-0.06453842,0.00031821057,0.00013388458,0.003353572,1,0.097323745,5.952866,-4.933533,0.11255029,0.112459786,0.083250225,0.9777494,0.081528835,0.19322218,-0.004954432,0,7,1785207008000268,1785207008000268,-0.29008648,0.1834535,-0.104244635,1,0.015878735,0.015146229,0.0055788173
1785207008014355293,-0.24034369,-0.3177841,-0.060276654,0.0003576597,0.00014264253,0.0033055057,1,0.094302736,5.954197,-4.9362197,0.11295815,0.11286635,0.08293028,0.9780578,0.08054424,0.19206688,-0.0051010577,0,7,1785207008008268,1785207008008268,-0.32889503,0.1998989,-0.124222405,1,0.016007215,0.015165408,0.0055703563
1785207008026338221,-0.25552416,-0.4014072,-0.050954737,0.00039551925,0.00015028544,0.003260145,1,0.09100001,5.955656,-4.938989,0.1133685,0.11327541,0.08316964,0.9784264,0.07951112,0.1906111,-0.0052280454,0,7,1785207008016268,1785207008016268,-0.36440602,0.21471244,-0.13833989,1,0.01613098,0.015187005,0.0055801165
1785207008034361609,-0.27789432,-0.50580347,-0.04775837,0.00043067892,0.00015661033,0.0032187998,1,0.08743938,5.9572325,-4.941801,0.113781355,0.11368694,0.08340976,0.97887284,0.07839753,0.18876718,-0.0053502996,0,7,1785207008024268,1785207008024268,-0.39716747,0.22842829,-0.14769389,1,0.016257565,0.015212362,0.005589901
1785207008046439449,-0.3657787,-0.7702556,-0.041899275,0.0004899841,0.00016586197,0.0031502403,1,0.079628415,5.9606986,-4.947411,0.114614435,0.114517294,0.083892286,0.9800654,0.07569258,0.18360664,-0.0055901366,0,7,1785207008040268,1785207008040268,-0.4546337,0.25220484,-0.15284203,1,0.016521266,0.015269634,0.0056094415
1785207008054388265,-0.4062588,-0.91726214,-0.038702827,0.00051347667,0.00016881825,0.003123931,1,0.07542004,5.9625707,-4.9501414,0.1150349,0.11493625,0.0841347,0.9808222,0.07408753,0.18018398,-0.0057087205,0,7,1785207008048280,1785207008048280,-0.47968498,0.2626398,-0.14923435,1,0.016662905,0.015305796,0.005619196
1785207008066385119,-0.45073438,-1.0799811,-0.035507057,0.0005324496,0.0001709315,0.0031029843,1,0.07103525,5.9645257,-4.952774,0.11545795,0.115357704,0.083805785,0.9816892,0.072310716,0.17613466,-0.00583542,0,7,1785207008056280,1785207008056280,-0.5022173,0.27212057,-0.14169095,1,0.016814537,0.015348676,0.0056103077
1785207008074385173,-0.515183,-1.2474936,-0.030184396,0.0005469211,0.00017216142,0.003087423,1,0.06649162,5.9665546,-4.9552894,0.11588364,0.11578169,0.08404808,0.98266804,0.070298575,0.17142422,-0.0059485286,0,7,1785207008064280,1785207008064280,-0.52283597,0.28050905,-0.13114318,1,0.016974637,0.015399969,0.0056200246
1785207008086386957,-0.6193143,-1.5708009,-0.02352309,0.00056417513,0.00017162105,0.003070988,1,0.056988634,5.970807,-4.9598675,0.11674309,0.116637334,0.08453494,0.98490727,0.06559573,0.16005233,-0.006171655,0,7,1785207008080280,1785207008080280,-0.5578483,0.29507107,-0.09933782,1,0.017320832,0.015536134,0.005639481
1785207008094479137,-0.6584588,-1.723668,-0.022455242,0.00056732,0.00017031273,0.0030692902,1,0.052062623,5.973019,-4.9618726,0.11717694,0.11706906,0.08477952,0.98612976,0.06297667,0.15343674,-0.006276122,0,7,1785207008088280,1785207008088280,-0.5724477,0.30130804,-0.078053914,1,0.017511478,0.015625486,0.005649247
1785207008106398053,-0.7186476,-1.8752012,-0.02086776,0.0005672743,0.00016836013,0.0030714294,1,0.047039952,5.9752793,-4.9636564,0.11761362,0.117503434,0.08502486,0.9874026,0.060146067,0.14621155,-0.006385746,0,7,1785207008096280,1785207008096280,-0.5851685,0.30635995,-0.054091226,1,0.0177118,0.015731795,0.0056590624
1785207008114443955,-0.7950796,-2.0200777,-0.020604052,0.000564682,0.00016580451,0.003076436,1,0.041932616,5.9775786,-4.9652,0.118052885,0.117940314,0.08527097,0.988713,0.057010397,0.13839965,-0.006483806,0,7,1785207008104280,1785207008104280,-0.5967212,0.31051916,-0.027833302,1,0.017924525,0.015858334,0.0056689233
1785207008126393879,-0.9037362,-2.3162212,-0.018728014,0.0005558086,0.00016008412,0.0030913106,1,0.0315066,5.982278,-4.967486,0.118940875,0.11882272,0.08517449,0.9913733,0.049985096,0.12097975,-0.0066605373,0,7,1785207008120280,1785207008120280,-0.6152728,0.3176185,0.030429693,1,0.018404191,0.016190775,0.005669553
1785207008134423289,-0.94714755,-2.457368,-0.016336514,0.00055102236,0.00015726473,0.0030990571,1,0.02620972,5.98467,-4.9682007,0.11938946,0.11926819,0.08542118,0.99267817,0.046201754,0.1114,-0.0067555592,0,7,1785207008128280,1785207008128280,-0.62261426,0.32060143,0.06227233,1,0.018652722,0.016388481,0.0056797117
1785207008146406077,-1.0073314,-2.5822718,-0.016873462,0.00054646545,0.00015454227,0.003106478,1,0.02086946,5.987087,-4.968622,0.11984116,0.11971653,0.08566864,0.9939384,0.04217571,0.10129637,-0.0068413345,0,7,1785207008136280,1785207008136280,-0.6288899,0.323144,0.09473257,1,0.018896408,0.016599625,0.005690018
1785207008154406281,-1.0728486,-2.7002485,-0.01634685,0.0005419822,0.00015199595,0.0031136489,1,0.015492956,5.989524,-4.9687505,0.120296,0.12016778,0.085916854,0.9951327,0.037890628,0.090704836,-0.006927192,0,7,1785207008144280,1785207008144280,-0.6343899,0.32504255,0.12684307,1,0.019133454,0.016817786,0.0057004564
1785207008166452641,-1.1665903,-2.9103723,-0.022724789,0.0005311872,0.00014690221,0.0031298213,1,0.0046525714,5.994444,-4.9681625,0.12121519,0.121079,0.08641561,0.997235,0.02864697,0.0681997,-0.0071114902,0,7,1785207008160280,1785207008160280,-0.64332545,0.32799333,0.18694972,1,0.019571533,0.017252225,0.005721652
1785207008174437526,-1.1862991,-2.9990554,-0.020324867,0.00052381796,0.00014424644,0.0031399885,1,-0.0008017206,5.9969244,-4.9674745,0.12167953,0.12153897,0.08666615,0.99809986,0.023839472,0.05635933,-0.0072091166,0,7,1785207008168280,1785207008168280,-0.6468878,0.32923567,0.21345127,1,0.019772481,0.017464615,0.0057323663
1785207008186402630,-1.2411563,-3.1074486,-0.022204975,0.0005144592,0.00014141775,0.0031520412,1,-0.006267207,5.999414,-4.9665527,0.12214667,0.12200162,0.08631055,0.99882233,0.01884919,0.04410592,-0.0073057283,0,7,1785207008176280,1785207008176280,-0.6491175,0.32953873,0.23540817,1,0.019963223,0.017672868,0.0057232487
1785207008194429074,-1.3261154,-3.2174351,-0.021423269,0.0005028724,0.0001382824,0.003166905,1,-0.011736801,6.001904,-4.9654384,0.122617364,0.12246743,0.08656088,0.999388,0.013540363,0.031394277,-0.0074012526,0,7,1785207008184280,1785207008184280,-0.6503098,0.32887813,0.25412408,1,0.020145757,0.017877324,0.0057340576
1785207008206433563,-1.3870959,-3.3548567,-0.02990383,0.00047191928,0.00013092087,0.0032055057,1,-0.022661228,6.006876,-4.962759,0.12356832,0.12340784,0.08706391,0.99995625,0.0022594843,0.004960657,-0.0076060616,0,7,1785207008200280,1785207008200280,-0.6500664,0.32799268,0.2774153,1,0.020485116,0.018263636,0.0057557635
1785207008214419821,-1.3804425,-3.3764267,-0.032576818,0.00045238828,0.00012674922,0.0032293524,1,-0.02809981,6.009358,-4.961285,0.1240486,0.12388246,0.0873166,0.99992853,-0.0033682936,-0.008475555,-0.0077368035,0,7,1785207008208280,1785207008208280,-0.6478303,0.3265153,0.2797147,1,0.020642472,0.01844492,0.005766648
1785207008226388051,-1.3993508,-3.4083848,-0.028593944,0.0004301279,0.00012212846,0.0032563766,1,-0.033501614,6.011825,-4.959796,0.124532074,0.124360025,0.087570086,0.99968565,-0.009046317,-0.022026319,-0.00784976,0,7,1785207008216280,1785207008216280,-0.6428508,0.32381332,0.27453667,1,0.020790935,0.018619623,0.0057775495
1785207008234434053,-1.4643312,-3.4525933,-0.031547897,0.00040539747,0.000117076364,0.0032863056,1,-0.03884568,6.014265,-4.958344,0.12501876,0.12484056,0.08782436,0.99921757,-0.014937849,-0.03574176,-0.007975356,0,7,1785207008224280,1785207008224280,-0.63548124,0.31903315,0.26397035,1,0.020932417,0.018786509,0.0057884613
1785207008246431138,-1.4028096,-3.3870807,-0.03709586,0.00034995878,0.00010616326,0.0033529475,1,-0.04929109,6.01903,-4.9557724,0.1260018,0.12581052,0.08771028,0.99762094,-0.026677959,-0.06302947,-0.008244052,0,7,1785207008240280,1785207008240280,-0.6137187,0.30819175,0.22029348,1,0.021193115,0.019088319,0.005789791
1785207008254455408,-1.3796412,-3.3271601,-0.03977442,0.00031995916,0.000100334306,0.00338865,1,-0.054343488,6.021339,-4.954775,0.12649766,0.12629963,0.08796514,0.9965255,-0.03230217,-0.076308176,-0.008390493,0,7,1785207008248280,1785207008248280,-0.59778905,0.30002373,0.18811512,1,0.021307645,0.01922465,0.0058006877
1785207008266420291,-1.4068067,-3.288277,-0.039272226,0.00028905968,9.411265e-05,0.0034259188,1,-0.05924729,6.0235763,-4.9540153,0.1269972,0.12679203,0.08822078,0.99523515,-0.037965838,-0.08940228,-0.008544753,0,7,1785207008256280,1785207008256280,-0.57840115,0.28956616,0.15477438,1,0.021416087,0.019355414,0.005811589
1785207008274402291,-1.3788375,-3.2083852,-0.04668875,0.00025755068,8.7623615e-05,0.0034640639,1,-0.06397978,6.025729,-4.9535027,0.12749997,0.12728739,0.08847723,0.9937674,-0.043604933,-0.102219656,-0.008725177,0,7,1785207008264280,1785207008264280,-0.55669266,0.2788871,0.120368004,1,0.021520894,0.019477421,0.0058224793
1785207008286443400,-1.2233326,-2.9418337,-0.05627457,0.00018020585,6.78076e-05,0.0033463622,1,-0.070905946,6.0287776,-4.9550004,0.106647916,0.10656583,0.08066198,0.99048793,-0.053903326,-0.1262721,-0.00913968,0,7,1785207008280280,1785207008280280,-0.5054732,0.2542687,0.055482272,1,0.0168443,0.015507252,0.0054526855
1785207008294515542,-1.2054911,-2.8219903,-0.052300237,0.00015197552,6.184619e-05,0.0033807,1,-0.073102444,6.029675,-4.9569135,0.107017025,0.106935516,0.08036736,0.988706,-0.058758374,-0.1375491,-0.009388857,0,7,1785207008288280,1785207008288280,-0.47633737,0.23961194,0.027644847,1,0.016919447,0.0155892745,0.0054464564
1785207008306448775,-1.15755,-2.6632676,-0.05495395,0.00012527185,5.5944234e-05,0.0034134523,1,-0.07510376,6.0304813,-4.9589744,0.10738853,0.10730742,0.08059793,0.9868687,-0.06345008,-0.1482265,-0.009653265,0,7,1785207008296280,1785207008296280,-0.44644344,0.224958,0.0015370306,1,0.016991341,0.015668606,0.005457069
1785207008314439812,-1.0797846,-2.4819074,-0.0605327,0.00010063377,5.0208757e-05,0.0034439743,1,-0.07689963,6.0311937,-4.9611745,0.10776245,0.10768155,0.08082925,0.98502785,-0.06784837,-0.15817085,-0.009941275,0,7,1785207008304280,1785207008304280,-0.41486096,0.20977828,-0.023559028,1,0.017062455,0.01574603,0.0054676677
1785207008326412410,-0.9269206,-2.1588662,-0.063470475,5.9521615e-05,3.988821e-05,0.0034954501,1,-0.07980269,6.032317,-4.9659677,0.10851749,0.10843649,0.08129415,0.98140687,-0.0756026,-0.17610899,-0.010511233,0,7,1785207008320280,1785207008320280,-0.34577724,0.17712025,-0.07050385,1,0.017206164,0.015896719,0.005488807
1785207008334429496,-0.8667331,-1.9796349,-0.0661403,4.3940607e-05,3.5438898e-05,0.00351563,1,-0.08088148,6.032712,-4.968554,0.108898774,0.10881746,0.08152773,0.97967196,-0.079078674,-0.1840446,-0.010817535,0,7,1785207008328280,1785207008328280,-0.30849767,0.15940632,-0.09471646,1,0.017277295,0.01596878,0.0054993397
1785207008346491616,-0.8235915,-1.8302313,-0.0682626,3.22196e-05,3.1432843e-05,0.0035315088,1,-0.08168314,6.032981,-4.9712844,0.10928257,0.109200776,0.081762075,0.9779963,-0.08237963,-0.19134364,-0.01115556,0,7,1785207008336280,1785207008336280,-0.2675045,0.14009412,-0.12117073,1,0.017345307,0.016038274,0.0055098445
1785207008354425383,-0.75355166,-1.7085246,-0.06798835,2.4908286e-05,2.8019469e-05,0.0035423846,1,-0.08217912,6.033116,-4.97416,0.1096689,0.10958646,0.08145681,0.97637707,-0.08541516,-0.19814222,-0.011487158,0,7,1785207008344280,1785207008344280,-0.2237301,0.120053895,-0.14886385,1,0.017416796,0.016106611,0.0055029024
1785207008366455882,-0.6092069,-1.4233003,-0.06799673,2.5089314e-05,2.3744205e-05,0.0035467849,1,-0.0822131,6.0329633,-4.9803834,0.1104493,0.11036507,0.081926174,0.9733965,-0.090567514,-0.21012077,-0.012086363,0,7,1785207008360280,1785207008360280,-0.13595288,0.07934181,-0.1975629,1,0.017573029,0.016238254,0.0055237
1785207008374430187,-0.564466,-1.2928051,-0.068528034,3.2933855e-05,2.2902756e-05,0.0035399357,1,-0.081759594,6.0326767,-4.9836674,0.11084344,0.11075807,0.08216199,0.97205263,-0.092812195,-0.21528058,-0.012402627,0,7,1785207008368280,1785207008368280,-0.093787976,0.059693392,-0.21316716,1,0.017647943,0.016293427,0.005534015
1785207008386410199,-0.49575654,-1.1607127,-0.067990355,4.6164343e-05,2.295047e-05,0.0035268113,1,-0.08101141,6.032262,-4.9869895,0.111240275,0.111153595,0.08239857,0.9708135,-0.09480986,-0.21993363,-0.012712692,0,7,1785207008376280,1785207008376280,-0.054665983,0.04202619,-0.21996269,1,0.017714296,0.01634059,0.005544276
1785207008394407508,-0.4062751,-1.008646,-0.06452627,6.472972e-05,2.3954188e-05,0.0035073948,1,-0.07999416,6.0317307,-4.99029,0.111639835,0.11155168,0.08263592,0.96971184,-0.09647304,-0.22401614,-0.012995616,0,7,1785207008384280,1785207008384280,-0.018802542,0.02572306,-0.21997544,1,0.017785482,0.016382013,0.005554474
1785207008406423860,-0.21958771,-0.6757516,-0.059200037,0.000116086616,2.8483793e-05,0.0034515793,1,-0.07724288,6.0303645,-4.9965982,0.11244709,0.11235553,0.083112895,0.9680253,-0.09865051,-0.23024762,-0.013453984,0,7,1785207008400280,1785207008400280,0.043439157,-0.0022264563,-0.196777,1,0.017918525,0.01643639,0.0055746627
1785207008414429003,-0.15061134,-0.5146304,-0.060799655,0.00014831142,3.200071e-05,0.003415992,1,-0.0755642,6.029555,-4.9994607,0.11285507,0.11276152,0.08279423,0.9674386,-0.09927326,-0.23242304,-0.013670043,0,7,1785207008408280,1785207008408280,0.0695547,-0.013739069,-0.17453784,1,0.017967725,0.016442934,0.0055665714
1785207008426400670,-0.079238564,-0.3353997,-0.060799655,0.0001843102,3.6315756e-05,0.0033758327,1,-0.07371712,6.0286756,-5.0020804,0.11326591,0.11317019,0.083033025,0.9670373,-0.099616274,-0.23392864,-0.013892224,0,7,1785207008416280,1785207008416280,0.092577085,-0.024209231,-0.14707121,1,0.01801692,0.016441379,0.0055765025
1785207008434410232,-0.004669999,-0.14817949,-0.060533162,0.00022294608,4.110225e-05,0.0033325655,1,-0.0717219,6.027734,-5.0044236,0.11367962,0.11358156,0.08327259,0.9668382,-0.09966696,-0.2347151,-0.014118756,0,7,1785207008424280,1785207008424280,0.11336682,-0.03371165,-0.11590468,1,0.01806022,0.016432235,0.0055863853
1785207008446467702,0.16177732,0.20761883,-0.057870127,0.000305595,5.1777908e-05,0.0032395497,1,-0.0673488,6.0256963,-5.008171,0.11451567,0.114412315,0.08375403,0.96704936,-0.09879005,-0.23418929,-0.014539783,0,7,1785207008440280,1785207008440280,0.1496133,-0.049527317,-0.042913478,1,0.018116063,0.016388437,0.005606038
1785207008454447227,0.24380264,0.37486547,-0.059467793,0.00034837122,5.767477e-05,0.0031910313,1,-0.064995326,6.0246134,-5.009524,0.11493799,0.11483167,0.08399591,0.9674411,-0.09785738,-0.2329476,-0.0147365425,0,7,1785207008448280,1785207008448280,0.16558102,-0.05641254,-0.002328239,1,0.018137295,0.016363848,0.005615831
1785207008466474189,0.32050183,0.54983515,-0.058934513,0.00039067946,6.3648535e-05,0.0031429038,1,-0.062543996,6.0234933,-5.010508,0.115363166,0.11525366,0.08423856,0.96802205,-0.09661135,-0.23103426,-0.014927054,0,7,1785207008456280,1785207008456280,0.18049726,-0.0628412,0.039816715,1,0.018154947,0.016336722,0.005625604
1785207008474447602,0.3913414,0.7229409,-0.06212997,0.00043226767,6.9444715e-05,0.003095447,1,-0.060001906,6.0223384,-5.011109,0.11579088,0.11567806,0.08390849,0.9687828,-0.095077805,-0.22845462,-0.0151248425,0,7,1785207008464280,1785207008464280,0.19459724,-0.06919748,0.0828849,1,0.018167546,0.01630529,0.0056167017
1785207008486442012,0.5386141,1.0710162,-0.06452755,0.0005114083,8.072235e-05,0.0030053356,1,-0.05466727,6.0199313,-5.0111556,0.11665545,0.11653505,0.08439435,0.9708218,-0.091127396,-0.2212683,-0.015531181,0,7,1785207008480280,1785207008480280,0.22071293,-0.08045218,0.17163435,1,0.018177986,0.01624824,0.005636241
1785207008494490238,0.6110525,1.2382625,-0.06852176,0.00054818264,8.621616e-05,0.0029632207,1,-0.05188445,6.0186863,-5.0105886,0.11709199,0.11696743,0.08463844,0.97207606,-0.08870051,-0.21668519,-0.015746344,0,7,1785207008488280,1785207008488280,0.23284195,-0.08554166,0.21712331,1,0.018175863,0.016219648,0.00564605
1785207008506497222,0.66591436,1.4063078,-0.06558763,0.0005834571,9.143994e-05,0.0029228737,1,-0.049029246,6.017415,-5.009627,0.117531374,0.11740239,0.0848833,0.973466,-0.08602817,-0.21144415,-0.015959136,0,7,1785207008496280,1785207008496280,0.24475807,-0.09069713,0.26200747,1,0.018172052,0.016195245,0.005655905
1785207008514463732,0.7271665,1.5727553,-0.06585965,0.00061687647,9.6253665e-05,0.002884793,1,-0.04610092,6.016117,-5.008282,0.117973596,0.117839925,0.08512895,0.9749769,-0.083124876,-0.20554501,-0.016178751,0,7,1785207008504280,1785207008504280,0.25694105,-0.09559143,0.30503303,1,0.018167147,0.016181065,0.005665814
1785207008526459264,0.88296187,1.8992587,-0.06399599,0.0006765987,0.00010478897,0.00281684,1,-0.040016294,6.013446,-5.0045147,0.11886652,0.11872267,0.085035235,0.97831166,-0.07636844,-0.19183229,-0.016573858,0,7,1785207008520280,1785207008520280,0.28190926,-0.10566745,0.38362664,1,0.01815423,0.016185353,0.005666643
1785207008534457675,0.95220494,2.0726304,-0.058932144,0.0007029077,0.00010852218,0.00278695,1,-0.036855135,6.0120683,-5.002137,0.119317174,0.11916782,0.08528152,0.9801095,-0.072540745,-0.18396455,-0.016741931,0,7,1785207008528280,1785207008528280,0.2948848,-0.11080878,0.4190465,1,0.018153014,0.016202796,0.005676642
1785207008546489356,1.0014716,2.2428064,-0.05865734,0.00072627596,0.00011164563,0.0027603852,1,-0.0336088,6.0106597,-4.999459,0.11977016,0.11961518,0.08552858,0.98196435,-0.06848247,-0.17541409,-0.016912272,0,7,1785207008536280,1785207008536280,0.3082848,-0.116420634,0.4512403,1,0.018153092,0.01622838,0.0056866426
1785207008554461647,1.0755103,2.4113834,-0.053880766,0.0007462634,0.00011402414,0.0027381696,1,-0.030272905,6.0092187,-4.9965158,0.12022627,0.12006528,0.085776426,0.98385733,-0.06415994,-0.16618343,-0.017070036,0,7,1785207008544280,1785207008544280,0.32258916,-0.12197905,0.47819015,1,0.018157769,0.016261274,0.0056966357
1785207008566491485,1.2411579,2.7341592,-0.04295272,0.0007755278,0.00011682307,0.002706408,1,-0.023299199,6.006238,-4.990032,0.12114655,0.120972775,0.08627444,0.98767406,-0.054421898,-0.14574197,-0.017251795,0,7,1785207008560280,1785207008560280,0.35435662,-0.13394667,0.51128095,1,0.018174399,0.016339205,0.005716552
1785207008574472883,1.266193,2.8753061,-0.035476077,0.0007845242,0.000117371645,0.002697014,1,-0.019645073,6.004688,-4.986609,0.12161067,0.121430136,0.086524606,0.98952544,-0.049227193,-0.13459818,-0.017305795,0,7,1785207008568280,1785207008568280,0.37130663,-0.14088686,0.5182892,1,0.01818619,0.016381966,0.005726477
1785207008586480609,1.2661916,2.9986112,-0.029086703,0.0007892821,0.00011733388,0.0026924459,1,-0.015873061,6.0030923,-4.983113,0.12207742,0.1218899,0.0861706,0.9912868,-0.044017963,-0.12293002,-0.017352484,0,7,1785207008576280,1785207008576280,0.38877112,-0.14791647,0.5190321,1,0.018200096,0.016426338,0.0057165646
1785207008594473609,1.3333031,3.1016753,-0.02247261,0.00078979955,0.00011664553,0.002692768,1,-0.011978545,6.001458,-4.9796233,0.12254679,0.12235205,0.08642056,0.99294025,-0.038604848,-0.11080609,-0.01736479,0,7,1785207008584280,1785207008584280,0.4065778,-0.15336369,0.5108011,1,0.018217202,0.016471531,0.005726462
1785207008606513666,1.4052097,3.263329,-0.0045850636,0.0007790163,0.00011332911,0.0027071713,1,-0.0038197222,5.9981,-4.972976,0.12349337,0.12328352,0.0869228,0.9958217,-0.02707411,-0.08549162,-0.017242003,0,7,1785207008600280,1785207008600280,0.44180733,-0.16334842,0.4617135,1,0.018255007,0.016562408,0.00574627
1785207008614457463,1.3604664,3.3088706,-0.0003139308,0.00076767657,0.000110741785,0.0027210284,1,0.00043940177,5.996376,-4.970004,0.12397004,0.12375248,0.08717509,0.99699616,-0.021400735,-0.072432995,-0.01715077,0,7,1785207008608280,1785207008608280,0.45888895,-0.16854379,0.42158857,1,0.018274045,0.016607193,0.005756195
1785207008626473273,1.40388,3.324049,0.007871941,0.000752615,0.00010765133,0.0027393333,1,0.0048114145,5.994632,-4.967354,0.12444982,0.124224186,0.08742816,0.9979739,-0.015663665,-0.05926956,-0.01702811,0,7,1785207008616280,1785207008616280,0.4741357,-0.17065977,0.3760369,1,0.018294431,0.016653992,0.0057661496
1785207008634530918,1.4393005,3.3296413,0.021219507,0.0007337548,0.00010406306,0.002761934,1,0.009278192,5.992887,-4.965065,0.1249322,0.12469829,0.087682,0.998749,-0.009724499,-0.04606871,-0.016836915,0,7,1785207008624280,1785207008624280,0.48662698,-0.17150469,0.3260242,1,0.018316481,0.016701346,0.0057761297
1785207008646528764,1.310399,3.2955546,0.0313673,0.0006852888,9.547588e-05,0.0028192934,1,0.018397411,5.98942,-4.9615974,0.12590478,0.12565371,0.08756904,0.99966913,0.0015770249,-0.019769518,-0.016379036,0,7,1785207008640280,1785207008640280,0.5022309,-0.17061715,0.22118135,1,0.0183648,0.01679722,0.005775763
1785207008654500023,1.3452889,3.2393613,0.0369,0.00065610476,9.06657e-05,0.002853442,1,0.023005407,5.9877224,-4.960459,0.12639499,0.12613505,0.08782342,0.9998215,0.007106776,-0.006832442,-0.016123785,0,7,1785207008648280,1785207008648280,0.5058102,-0.16644016,0.17043523,1,0.018389676,0.0168467,0.0057858448
1785207008666496006,1.3242477,3.171451,0.04253745,0.00062388147,8.56276e-05,0.0028908583,1,0.027611455,5.986069,-4.959698,0.12688781,0.12661882,0.08807859,0.9997778,0.012629064,0.0058304286,-0.015839377,0,7,1785207008656280,1785207008656280,0.50529164,-0.16187342,0.12227173,1,0.018417133,0.016898647,0.005795975
1785207008674498615,1.2257113,3.109665,0.04817342,0.0005890007,8.025844e-05,0.0029312654,1,0.03218339,5.984463,-4.959294,0.12738328,0.12710503,0.08833453,0.99955374,0.01783444,0.0182497,-0.015530691,0,7,1785207008664280,1785207008664280,0.5012618,-0.15691121,0.076737024,1,0.018446276,0.016953222,0.0058061583
1785207008686510127,1.1538212,2.893992,0.05207354,0.0005018463,6.855312e-05,0.002983416,1,0.038791962,5.982066,-4.962056,0.106583886,0.10652792,0.08002359,0.998633,0.027357865,0.041976586,-0.014888563,0,7,1785207008680280,1785207008680280,0.4866624,-0.14183387,-0.00759481,1,0.014743783,0.013750406,0.005421032
1785207008694536231,1.1026884,2.7669582,0.05584617,0.00046084519,6.279614e-05,0.003030331,1,0.040844187,5.981288,-4.9651165,0.10695703,0.10689876,0.08025297,0.99797136,0.032023773,0.053080365,-0.014497111,0,7,1785207008688280,1785207008688280,0.47478166,-0.13313594,-0.04569825,1,0.014771484,0.013805818,0.005431215
1785207008706494722,0.9799193,2.6519082,0.060138598,0.0004183853,5.7076373e-05,0.0030786695,1,0.042832337,5.980573,-4.9683933,0.10733232,0.107271574,0.08048309,0.9972103,0.036251944,0.06370991,-0.014083509,0,7,1785207008696280,1785207008696280,0.45999086,-0.12420228,-0.082634315,1,0.0148025025,0.013866529,0.005441459
1785207008714486741,0.8949616,2.5440521,0.06569544,0.0003749911,5.1332885e-05,0.003127966,1,0.04473565,5.979926,-4.9718876,0.10770977,0.107646376,0.08071394,0.9963675,0.040049754,0.07390659,-0.013627756,0,7,1785207008704280,1785207008704280,0.44326672,-0.11389318,-0.12007161,1,0.014837105,0.013933647,0.0054517696
1785207008726498865,0.8406314,2.320879,0.06623973,0.00028797615,4.064462e-05,0.0032259887,1,0.048214052,5.9789,-4.979582,0.10847129,0.10840207,0.08117789,0.9944638,0.04741133,0.0929078,-0.012733048,0,7,1785207008720280,1785207008720280,0.40173814,-0.08849143,-0.20165789,1,0.014911742,0.014090304,0.0054726177
1785207008734527032,0.74608856,2.260692,0.06358877,0.0002459368,3.616277e-05,0.0032726706,1,0.049730953,5.9785314,-4.9838324,0.10885541,0.108783044,0.08141098,0.9934305,0.0506258,0.10189296,-0.012277146,0,7,1785207008728280,1785207008728280,0.37513328,-0.075174004,-0.24703208,1,0.014953473,0.014178865,0.0054831393
1785207008746531832,0.70880413,2.226604,0.061428513,0.00020589933,3.2198448e-05,0.0033168353,1,0.051062483,5.978269,-4.9883747,0.10924182,0.10916614,0.08110906,0.99233335,0.053603858,0.110732965,-0.011811353,0,7,1785207008736280,1785207008736280,0.3463053,-0.060139842,-0.29296803,1,0.015005842,0.014276197,0.0054764734
1785207008754490487,0.7080065,2.1706772,0.06302596,0.00016862797,2.878489e-05,0.0033576824,1,0.052195586,5.978127,-4.993211,0.10963057,0.1095514,0.08134212,0.9911727,0.05657661,0.11936072,-0.011351855,0,7,1785207008744280,1785207008744280,0.316358,-0.043851845,-0.33757886,1,0.015065079,0.014382323,0.0054870765
1785207008766501319,0.5599317,2.0569606,0.052128658,0.000104532235,2.4388999e-05,0.0034262561,1,0.05382981,5.978192,-5.003607,0.11041504,0.11032854,0.0818105,0.98874253,0.061755117,0.1358891,-0.01042115,0,7,1785207008760280,1785207008760280,0.25538632,-0.015154439,-0.40040755,1,0.0152041735,0.014623466,0.0055084373
1785207008774534826,0.5170602,2.0100884,0.054775435,7.893359e-05,2.3445315e-05,0.0034529613,1,0.054345097,5.9783783,-5.008985,0.11081109,0.11072068,0.08204582,0.98748,0.06395509,0.14385527,-0.009938145,0,7,1785207008768280,1785207008768280,0.22768012,-0.0023451156,-0.41405517,1,0.015290368,0.014751544,0.005519113
1785207008786474792,0.52291346,1.9387176,0.050232947,5.8058566e-05,2.3353248e-05,0.0034740933,1,0.05468282,5.9786606,-5.0143676,0.11120968,0.111115225,0.0822819,0.98618764,0.06613342,0.151561,-0.009468375,0,7,1785207008776280,1785207008776280,0.20290805,0.010120376,-0.41646773,1,0.0153836645,0.01487901,0.005529761
1785207008794498451,0.47497958,1.8345867,0.044661313,4.20641e-05,2.4143812e-05,0.0034894622,1,0.054868534,5.9790254,-5.0196543,0.11161085,0.11151222,0.08251874,0.9848998,0.06818163,0.1588775,-0.0090359235,0,7,1785207008784280,1785207008784280,0.18153563,0.019694434,-0.4054205,1,0.015481687,0.015001987,0.005540363
1785207008806506267,0.32983765,1.5996958,0.041731004,2.4792618e-05,2.8042103e-05,0.0035031617,1,0.05488935,5.9799232,-5.0295124,0.11242105,0.11231376,0.08244274,0.98246026,0.07136719,0.17208305,-0.008138222,0,7,1785207008800280,1785207008800280,0.14926963,0.032475073,-0.346895,1,0.015696779,0.015231038,0.0055436045
1785207008814485511,0.28243256,1.5014254,0.04012724,2.330439e-05,3.1186504e-05,0.0035016697,1,0.05477667,5.9804296,-5.03392,0.11283014,0.11271835,0.082680285,0.9813069,0.07260234,0.17806396,-0.0076814923,0,7,1785207008808280,1785207008808280,0.13752967,0.03698871,-0.30260223,1,0.015810136,0.0153299775,0.0055539925
1785207008826502715,0.27151427,1.4143398,0.039054804,2.6223546e-05,3.4866658e-05,0.003494994,1,0.054608848,5.9809647,-5.0378914,0.11324163,0.11312533,0.08291859,0.98018754,0.073755436,0.18368462,-0.0072443616,0,7,1785207008816280,1785207008816280,0.1278319,0.041002117,-0.25161985,1,0.01592301,0.0154168205,0.0055643097
1785207008834513198,0.2683182,1.3166016,0.0371894,3.32356e-05,3.8852475e-05,0.003484159,1,0.054398514,5.9815254,-5.041385,0.11365608,0.11353509,0.083157666,0.97910625,0.074887246,0.1889344,-0.0068372553,0,7,1785207008824280,1785207008824280,0.11975379,0.04460819,-0.19648233,1,0.016040958,0.015499375,0.005574584
1785207008846518509,0.22330934,1.1371049,0.03320058,5.742495e-05,4.8452475e-05,0.0034506945,1,0.053895406,5.9826965,-5.046834,0.114493154,0.11436244,0.08307594,0.97709787,0.076924786,0.19830658,-0.0060760025,0,7,1785207008840280,1785207008840280,0.10774973,0.04885095,-0.07507127,1,0.016292052,0.015642265,0.0055767093
1785207008854540285,0.20866334,1.0641341,0.02707227,7.361635e-05,5.34754e-05,0.0034296415,1,0.053621776,5.9832964,-5.048733,0.11491581,0.114780046,0.083315685,0.9761636,0.07780388,0.20252927,-0.0057432894,0,7,1785207008848280,1785207008848280,0.10329099,0.05060053,-0.009742441,1,0.016418599,0.01570146,0.005586798
1785207008866529665,0.20147263,1.001816,0.028936254,9.202316e-05,5.836445e-05,0.0034065077,1,0.05334182,5.983905,-5.0500555,0.11534123,0.115200296,0.08355619,0.9752665,0.07864869,0.20649555,-0.0054170825,0,7,1785207008856280,1785207008856280,0.099363096,0.052209027,0.05738622,1,0.016552404,0.015757298,0.005596837
1785207008874503980,0.20014192,0.9456233,0.03106593,0.00011217287,6.359091e-05,0.003381293,1,0.05305751,5.9845214,-5.05079,0.11576946,0.1156232,0.08379747,0.9744019,0.07947827,0.21023378,-0.005105234,0,7,1785207008864280,1785207008864280,0.0956263,0.05394396,0.12560767,1,0.016698238,0.015810737,0.0056068148
1785207008886521664,0.20466827,0.84229285,0.033462387,0.00015676778,7.3896095e-05,0.0033267138,1,0.05248531,5.9857745,-5.050474,0.11663454,0.11647705,0.08428232,0.9727644,0.08115139,0.21708024,-0.004510289,0,7,1785207008880280,1785207008880280,0.08920079,0.056471016,0.26421857,1,0.017005423,0.015905872,0.0056265984
1785207008894558138,0.21452284,0.7956878,0.0339929,0.00018145543,7.874475e-05,0.0032971005,1,0.052198295,5.986409,-5.049415,0.11707107,0.11690778,0.0845259,0.9719872,0.08201869,0.22021782,-0.004246374,0,7,1785207008888280,1785207008888280,0.08618903,0.057737548,0.33433056,1,0.017170936,0.015950844,0.005636427
1785207008906534974,0.21931651,0.73390245,0.033460315,0.00020745765,8.38125e-05,0.00326619,1,0.05191055,5.9870505,-5.0477543,0.11751099,0.11734153,0.08419282,0.9712473,0.082907334,0.22313443,-0.004008891,0,7,1785207008896280,1785207008896280,0.0826632,0.059451044,0.40307248,1,0.017345382,0.01599958,0.005627451
1785207008914528265,0.22144724,0.64255595,0.0323946,0.00023447588,8.86931e-05,0.0032344493,1,0.051615138,5.9877014,-5.0455165,0.117953934,0.117778026,0.08443627,0.9705724,0.0838053,0.22572422,-0.0038085782,0,7,1785207008904280,1785207008904280,0.07810179,0.061478287,0.46837452,1,0.01751334,0.016047748,0.0056372955
1785207008926501735,0.19082089,0.36984825,0.029731518,0.00029129066,9.7255645e-05,0.0031693873,1,0.050956164,5.98905,-5.03944,0.11884885,0.11865915,0.084925465,0.96954787,0.08546393,0.22947888,-0.0035136484,0,7,1785207008920280,1785207008920280,0.06394071,0.06753014,0.5858172,1,0.017813101,0.016141748,0.00565716
1785207008934569819,0.14208516,0.19008473,0.024405804,0.00032064356,0.000101463986,0.003135984,1,0.05056126,5.9897575,-5.035682,0.11930075,0.119103685,0.08517122,0.9692734,0.08608961,0.23040411,-0.00342997,0,7,1785207008928280,1785207008928280,0.053876717,0.07133518,0.63614315,1,0.01795059,0.01618903,0.005667178
1785207008946541576,0.052336667,-0.021903021,0.018014712,0.00034980287,0.00010551419,0.0031029324,1,0.05009849,5.990494,-5.0315146,0.119755566,0.1195508,0.085417755,0.96921563,0.08639974,0.23053154,-0.0033685178,0,7,1785207008936280,1785207008936280,0.041231047,0.075846545,0.6791717,1,0.018066067,0.016233921,0.0056772726
1785207008954545858,-0.059516016,-0.24720645,0.006030229,0.0003781322,0.00010901505,0.003071259,1,0.049547523,5.9912634,-5.026989,0.12021323,0.12000045,0.08566506,0.96939886,0.086277775,0.22980666,-0.0033270638,0,7,1785207008944280,1785207008944280,0.026237072,0.080807716,0.7170272,1,0.018162493,0.016276095,0.0056874333
1785207008966554756,-0.3591216,-0.74095523,-0.013414462,0.00043201822,0.00011454937,0.0030119126,1,0.04809081,5.9929204,-5.017053,0.1211363,0.12090675,0.08556556,0.970569,0.08437948,0.2255336,-0.0032360475,0,7,1785207008960280,1785207008960280,-0.012896532,0.09332496,0.7722011,1,0.018309176,0.01634776,0.0056884056
1785207008974544690,-0.5194444,-0.99022686,-0.023532817,0.0004576184,0.00011698724,0.0029840288,1,0.047131285,5.9938254,-5.011765,0.12160215,0.12136367,0.08581349,0.971557,0.08247155,0.22195826,-0.0031613766,0,7,1785207008968280,1785207008968280,-0.036883265,0.10083906,0.7896146,1,0.018370822,0.016380299,0.005698689
1785207008986504564,-0.6829624,-1.2416294,-0.031790216,0.00048213714,0.00011941423,0.0029572377,1,0.045992576,5.9947886,-5.006328,0.12207065,0.12182295,0.086062215,0.97279966,0.0799222,0.21740288,-0.0030601416,0,7,1785207008976280,1785207008976280,-0.06308811,0.1091891,0.8008819,1,0.018427614,0.016411439,0.0057090013
1785207008994489028,-0.8331655,-1.4770525,-0.036049597,0.00050532166,0.00012174601,0.002931875,1,0.044649575,5.9958196,-5.0008073,0.12254179,0.122284584,0.08631173,0.97426635,0.07675864,0.21190746,-0.0029233757,0,7,1785207008984280,1785207008984280,-0.09307968,0.1187829,0.8027986,1,0.018476116,0.01644123,0.0057193497
1785207009006515339,-1.069123,-1.8645415,-0.04217151,0.0005482741,0.0001258225,0.002885152,1,0.04124297,5.9981213,-4.9897885,0.123491906,0.1232148,0.08681312,0.9776771,0.06889951,0.19847882,-0.0025694058,0,7,1785207009000280,1785207009000280,-0.16159958,0.14110114,0.7824281,1,0.018558895,0.016496098,0.005740139
1785207009014519490,-1.1556752,-2.0293918,-0.041100793,0.00056826795,0.000127723,0.00286341,1,0.039139416,5.999407,-4.9844236,0.12397086,0.12368337,0.087065004,0.97952604,0.06438557,0.19072975,-0.0023475464,0,7,1785207009008280,1785207009008280,-0.19902703,0.15345962,0.7600125,1,0.018597374,0.016522178,0.005750572
1785207009026506254,-1.2435604,-2.1721365,-0.038981766,0.00058738893,0.00012961308,0.0028425506,1,0.036747485,6.0007863,-4.979257,0.1244524,0.12415425,0.08670516,0.98142284,0.059535623,0.18237422,-0.0020978213,0,7,1785207009016280,1785207009016280,-0.23822238,0.16541223,0.73025286,1,0.018635849,0.016547848,0.005740921
1785207009034492110,-1.3048108,-2.2768,-0.040835362,0.00060565124,0.00013154224,0.0028225128,1,0.034057166,6.0022573,-4.9743257,0.12493652,0.12462742,0.086956866,0.98331994,0.054388635,0.17355295,-0.0018238089,0,7,1785207009024280,1785207009024280,-0.27792323,0.17727315,0.6944009,1,0.018672066,0.016573403,0.005751395
1785207009046497751,-1.3391666,-2.4291325,-0.039235935,0.00063969544,0.00013554015,0.0027845544,1,0.027786529,6.0054584,-4.9653363,0.1259118,0.12558015,0.08746265,0.98695827,0.043811403,0.15489423,-0.0012828489,0,7,1785207009040280,1785207009040280,-0.35544136,0.1981904,0.6094159,1,0.018739743,0.016622452,0.0057724183
1785207009054570804,-1.4065427,-2.4901195,-0.040056877,0.0006553157,0.00013765707,0.0027669694,1,0.024219833,6.0071664,-4.9613404,0.12640367,0.1260602,0.087716736,0.98867106,0.038268894,0.145135,-0.0009924752,0,7,1785207009048293,1785207009048293,-0.3923812,0.20611031,0.56163293,1,0.018778306,0.016648764,0.0057829563
1785207009066528442,-1.4291815,-2.5356588,-0.039234236,0.00066930434,0.00013981615,0.002750974,1,0.020383123,6.0089316,-4.957712,0.12689817,0.12654257,0.08797162,0.9902871,0.03257039,0.13516745,-0.0006899075,0,7,1785207009056293,1785207009056293,-0.42693138,0.21323673,0.51142,1,0.018821217,0.016677475,0.005793503
1785207009074580655,-1.4068128,-2.5795999,-0.03362791,0.00068107166,0.00014191812,0.0027372574,1,0.016296549,6.0107446,-4.954468,0.1273953,0.12702727,0.08822731,0.991791,0.026924213,0.12500224,-0.00038378302,0,7,1785207009064293,1785207009064293,-0.45886755,0.21888894,0.4596063,1,0.018870596,0.016709128,0.005804049
1785207009086532293,-1.4869825,-2.6746845,-0.033933133,0.00068134826,0.00013904105,0.0026718182,1,0.007935081,6.013749,-4.9523773,0.10657649,0.10649711,0.07993543,0.994453,0.01540942,0.10404601,0.00024503728,0,7,1785207009080293,1785207009080293,-0.51551276,0.22352289,0.3530607,1,0.01507778,0.013549021,0.0054201316
1785207009094590277,-1.4771309,-2.7138321,-0.029098194,0.00068195106,0.0001398454,0.0026705605,1,0.0036920402,6.014926,-4.95346,0.10694937,0.1068676,0.08016465,0.9955938,0.009474697,0.09328966,0.000576173,0,7,1785207009088293,1785207009088293,-0.53902525,0.22432677,0.29861626,1,0.015139378,0.013588584,0.005430465
1785207009106566581,-1.4270601,-2.7476563,-0.031223405,0.0006779327,0.00013964593,0.0026749286,1,-0.0007261506,6.01612,-4.9548793,0.107324414,0.10724004,0.08039461,0.9965936,0.003724583,0.082380295,0.00088699604,0,7,1785207009096293,1785207009096293,-0.5599812,0.22411539,0.24302034,1,0.015206672,0.013632956,0.0054407883
1785207009114516969,-1.4542243,-2.7836084,-0.031271182,0.0006688653,0.00013825776,0.0026853166,1,-0.005299441,6.0173173,-4.9566417,0.10770142,0.1076143,0.08062532,0.99745125,-0.0020364407,0.07131287,0.0011941922,0,7,1785207009104293,1785207009104293,-0.578545,0.22097333,0.18763492,1,0.015279402,0.013682505,0.005451096
1785207009126565432,-1.4065517,-2.8392706,-0.033337943,0.0006356637,0.00013121858,0.0027258599,1,-0.014814616,6.019649,-4.9611964,0.10846267,0.108369224,0.08108898,0.9987135,-0.013630874,0.048808757,0.0018159391,0,7,1785207009120293,1785207009120293,-0.6049812,0.21138139,0.07810258,1,0.015461091,0.013810964,0.0054716314
1785207009134570414,-1.3325156,-2.8709621,-0.03974413,0.0006117095,0.00012565212,0.0027555318,1,-0.019701274,6.0207705,-4.9639683,0.10884677,0.1087498,0.08079039,0.999119,-0.019008426,0.03735973,0.0020774235,0,7,1785207009128293,1785207009128293,-0.61370814,0.20504051,0.023132121,1,0.015564822,0.013889507,0.0054647955
1785207009146555235,-1.3311858,-2.8760204,-0.041112404,0.00058332836,0.00011891323,0.0027908036,1,-0.024646098,6.021843,-4.967088,0.109233245,0.1091325,0.08102257,0.9993674,-0.024316775,0.025849989,0.0023262966,0,7,1785207009136293,1785207009136293,-0.61999196,0.19607012,-0.031099234,1,0.015682265,0.013983022,0.0054750317
1785207009154512286,-1.2939038,-2.8648345,-0.036819592,0.00055126316,0.00011125757,0.0028306772,1,-0.029625662,6.0228515,-4.9705477,0.109622166,0.10951738,0.081255496,0.9994569,-0.029540204,0.014375614,0.0025838614,0,7,1785207009144293,1785207009144293,-0.62286925,0.18643564,-0.08364178,1,0.015812397,0.014092321,0.0054852697
1785207009166560528,-1.088305,-2.8264866,-0.04454513,0.00047942987,9.451131e-05,0.0029195661,1,-0.039586056,6.024671,-4.9784417,0.110407576,0.11029386,0.081723586,0.9992095,-0.03873912,-0.008397156,0.0030429203,0,7,1785207009160293,1785207009160293,-0.6199234,0.16613276,-0.18389751,1,0.016109116,0.014364265,0.005505819
1785207009174532668,-1.0651393,-2.796657,-0.038442306,0.00044093502,8.5845226e-05,0.0029668843,1,-0.044526648,6.0254636,-4.982862,0.11080419,0.11068558,0.08195875,0.9988777,-0.042987082,-0.019617757,0.0032735239,0,7,1785207009168293,1785207009168293,-0.61468977,0.15358505,-0.23308171,1,0.016269136,0.0145289535,0.0055161663
1785207009186546734,-1.0078787,-2.7713592,-0.035215557,0.00040187957,7.720859e-05,0.003014522,1,-0.04940952,6.026165,-4.9875884,0.11120319,0.11107947,0.082194656,0.998413,-0.047063738,-0.030727614,0.0035210536,0,7,1785207009176293,1785207009176293,-0.6064608,0.14094943,-0.2788266,1,0.016434249,0.014710135,0.0055265776
1785207009194581584,-0.90134823,-2.7623062,-0.04505674,0.00036310326,6.901655e-05,0.0030616496,1,-0.054215625,6.026781,-4.99255,0.111605234,0.111476034,0.08188521,0.997831,-0.050728977,-0.041783188,0.0037477615,0,7,1785207009184293,1785207009184293,-0.5960378,0.12939279,-0.31344882,1,0.016602164,0.014906439,0.005519422
1785207009206553791,-0.819058,-2.7732239,-0.045356773,0.00028799387,5.416463e-05,0.0031519334,1,-0.06355506,6.027771,-5.002796,0.11241774,0.11227676,0.082357645,0.996299,-0.057332464,-0.063902475,0.004227119,0,7,1785207009200293,1785207009200293,-0.5729947,0.1076762,-0.33692947,1,0.016929694,0.0153335985,0.0055405986
1785207009214567861,-0.80414575,-2.770294,-0.047495216,0.00025251645,4.7509806e-05,0.0031942294,1,-0.06808602,6.028161,-5.0078216,0.112828285,0.112681024,0.08259499,0.9953393,-0.060495555,-0.074968524,0.004459657,0,7,1785207009208293,1785207009208293,-0.5619571,0.09888589,-0.3246493,1,0.0170897,0.015556512,0.0055512735
1785207009226536130,-0.75780666,-2.7798815,-0.051198173,0.00021881664,4.1713913e-05,0.0032338882,1,-0.072532125,6.0285,-5.0126243,0.113241725,0.11308795,0.08283309,0.9942542,-0.06351285,-0.08604043,0.004688747,0,7,1785207009216293,1785207009216293,-0.5519534,0.09251386,-0.29861948,1,0.017243935,0.01578075,0.005561991
1785207009234551522,-0.68909687,-2.7876053,-0.052261468,0.00018705547,3.6734342e-05,0.003270794,1,-0.076900795,6.028805,-5.01711,0.11365809,0.11349759,0.08307194,0.9930505,-0.06625501,-0.09714303,0.004939245,0,7,1785207009224293,1785207009224293,-0.54277676,0.08755571,-0.26231325,1,0.017389366,0.016005721,0.005572744
1785207009246530732,-0.594025,-2.774025,-0.058135152,0.00013030393,2.8935709e-05,0.0033354594,1,-0.08543123,6.029338,-5.024853,0.1144993,0.114324905,0.08355192,0.9903039,-0.071061425,-0.11924337,0.005438541,0,7,1785207009240293,1785207009240293,-0.52793,0.07993539,-0.16518953,1,0.017652739,0.01644169,0.0055942903
1785207009254548680,-0.56818855,-2.770297,-0.05973677,0.000105876454,2.647242e-05,0.0033625204,1,-0.08961238,6.0295796,-5.0279775,0.11492454,0.11474292,0.083228834,0.98875546,-0.07325528,-0.13024473,0.005710607,0,7,1785207009248293,1785207009248293,-0.52210444,0.077374056,-0.10746148,1,0.017781267,0.016650712,0.0055867378
1785207009266529002,-0.5330378,-2.7511218,-0.059735946,8.4302315e-05,2.489004e-05,0.0033858467,1,-0.09375059,6.0298114,-5.0305676,0.11535279,0.11516381,0.083469115,0.9870989,-0.07530533,-0.14117089,0.005988694,0,7,1785207009256293,1785207009256293,-0.5171037,0.07515631,-0.046406515,1,0.017892815,0.016853036,0.0055974913
1785207009274519958,-0.4920206,-2.7247574,-0.06692271,6.580512e-05,2.4197356e-05,0.0034052082,1,-0.09785213,6.030037,-5.0325994,0.11578403,0.11558761,0.08371016,0.9853453,-0.0771901,-0.15197742,0.006261616,0,7,1785207009264293,1785207009264293,-0.5128031,0.07332649,0.01738983,1,0.017996918,0.01704186,0.005608211
1785207009286519026,-0.42730618,-2.6581783,-0.07198839,3.8602717e-05,2.5461575e-05,0.0034314913,1,-0.10596794,6.030476,-5.034921,0.11665552,0.11644401,0.084194556,0.9815688,-0.08052089,-0.17318365,0.0068200855,0,7,1785207009280293,1785207009280293,-0.5062547,0.070764236,0.15144733,1,0.01819042,0.017376631,0.005629511
1785207009294541051,-0.40307418,-2.611306,-0.07199317,3.0204304e-05,2.7263508e-05,0.0034382604,1,-0.109993,6.0306964,-5.035181,0.11709579,0.116876654,0.084437914,0.9795662,-0.08200607,-0.18350711,0.007090674,0,7,1785207009288293,1785207009288293,-0.5038045,0.069843635,0.22095335,1,0.018267753,0.01752698,0.005640111
1785207009306552332,-0.375111,-2.566565,-0.073587954,2.5431254e-05,2.9795396e-05,0.0034406753,1,-0.11399965,6.030918,-5.034807,0.11753906,0.1173123,0.08410581,0.97749674,-0.08337932,-0.19363317,0.007359065,0,7,1785207009296293,1785207009296293,-0.501251,0.06896184,0.29085386,1,0.018340314,0.01765929,0.0056318752
1785207009314574507,-0.34528282,-2.5135682,-0.07465448,2.425439e-05,3.2792555e-05,0.0034390283,1,-0.11798656,6.0311413,-5.033825,0.11798534,0.117750935,0.08434906,0.9753726,-0.08462637,-0.20354013,0.007630958,0,7,1785207009304293,1785207009304293,-0.49854258,0.068097726,0.36032405,1,0.018412342,0.017774098,0.005642333
1785207009326546884,-0.2680501,-2.4081082,-0.08290305,3.239567e-05,3.9775878e-05,0.003424033,1,-0.12588215,6.0315933,-5.0300646,0.11888639,0.11863683,0.084837876,0.97099763,-0.08668246,-0.22267318,0.00816499,0,7,1785207009320293,1785207009320293,-0.4911803,0.06609926,0.4962095,1,0.01852655,0.017963503,0.005663104
1785207009334555233,-0.2137206,-2.3489861,-0.088491745,4.149424e-05,4.378864e-05,0.0034110977,1,-0.12978093,6.0318174,-5.0273123,0.119341634,0.11908445,0.085083455,0.9687709,-0.08741383,-0.2318847,0.008437744,0,7,1785207009328293,1785207009328293,-0.4857865,0.06478094,0.56087226,1,0.018577037,0.018033825,0.005673399
1785207009346548941,-0.14421187,-2.2754836,-0.09301182,5.3859403e-05,4.7785677e-05,0.003394912,1,-0.13362795,6.0320377,-5.0240154,0.11979985,0.11953505,0.08532981,0.9665464,-0.08788585,-0.24080707,0.008728278,0,7,1785207009336293,1785207009336293,-0.47766575,0.06302085,0.6206887,1,0.018624846,0.018085077,0.0056836265
1785207009354567620,-0.060055777,-2.1793437,-0.100468054,6.949603e-05,5.1771814e-05,0.0033754653,1,-0.13740388,6.0322485,-5.0202127,0.12026101,0.119988576,0.08557695,0.96435976,-0.08802366,-0.24936002,0.009037813,0,7,1785207009344293,1785207009344293,-0.46754265,0.060285836,0.6762512,1,0.01866178,0.018121328,0.0056938115
1785207009366588890,0.0451405,-1.9002439,-0.10793197,0.000110558234,6.020435e-05,0.003326321,1,-0.14466052,6.0326,-5.0112057,0.12119187,0.1209041,0.08548003,0.96022403,-0.08763023,-0.26494828,0.009657914,0,7,1785207009360293,1785207009360293,-0.437254,0.050634507,0.7686795,1,0.018718356,0.018160736,0.005694695
1785207009374579195,0.12663361,-1.7276714,-0.11564726,0.00013590296,6.454568e-05,0.0032968104,1,-0.14807431,6.032721,-5.0061436,0.12166144,0.121365964,0.0857278,0.9583618,-0.087039664,-0.27178636,0.009948893,0,7,1785207009368293,1785207009368293,-0.4154101,0.0445141,0.804687,1,0.018747054,0.018172173,0.0057047512
1785207009386537565,0.22703521,-1.5415179,-0.12043578,0.00016447208,6.867654e-05,0.0032640744,1,-0.15129355,6.032798,-5.000781,0.12213307,0.12183002,0.08597636,0.95668894,-0.086080655,-0.27790487,0.010261439,0,7,1785207009376293,1785207009376293,-0.38846028,0.03729304,0.8330391,1,0.01877321,0.018179536,0.0057147704
1785207009394547016,0.32237613,-1.3364543,-0.12736386,0.00019609026,7.261271e-05,0.003228697,1,-0.15427154,6.032817,-4.995198,0.12260802,0.12229711,0.086225696,0.95523757,-0.084734246,-0.28324747,0.010587719,0,7,1785207009384293,1785207009384293,-0.35455325,0.028173067,0.8505605,1,0.018798474,0.018187705,0.00572477
1785207009406571503,0.4406201,-0.8999616,-0.132963,0.0002680074,8.010624e-05,0.0031496398,1,-0.15930115,6.0326242,-4.9835954,0.12356586,0.12323895,0.086122416,0.953066,-0.0812942,-0.29142913,0.011209954,0,7,1785207009400293,1785207009400293,-0.2693132,0.0054366016,0.86299205,1,0.018845925,0.01820653,0.00572488
1785207009414613707,0.49761236,-0.6869085,-0.13828892,0.0003080217,8.3670064e-05,0.003106239,1,-0.16126966,6.032394,-4.9776883,0.1240487,0.12371365,0.086372346,0.95236045,-0.079265185,-0.29426974,0.011489736,0,7,1785207009408293,1785207009408293,-0.21998142,-0.0072117005,0.86030823,1,0.018868934,0.01821811,0.005734807
1785207009426566797,0.55194104,-0.4616051,-0.14308141,0.00035035482,8.702369e-05,0.0030607274,1,-0.16283758,6.032069,-4.9717803,0.12453415,0.12419086,0.08662305,0.9519204,-0.07702191,-0.29627234,0.01174547,0,7,1785207009416293,1785207009416293,-0.16921407,-0.019784654,0.8557118,1,0.01889181,0.01823113,0.005744715
1785207009434590295,0.59508467,-0.19608814,-0.1388176,0.0003948313,9.0169546e-05,0.0030132802,1,-0.16400935,6.0316534,-4.965867,0.1250222,0.124670565,0.08687454,0.95179045,-0.07462238,-0.29729244,0.011987946,0,7,1785207009424293,1785207009424293,-0.120525554,-0.031539053,0.85342973,1,0.018914498,0.018246047,0.0057546077
1785207009446609942,0.6925568,0.36930123,-0.13934842,0.00048890425,9.5898955e-05,0.0029138296,1,-0.16521099,6.030572,-4.9539776,0.1260061,0.12563747,0.08737986,0.95254606,-0.069327764,-0.29613516,0.012400439,0,7,1785207009440293,1785207009440293,-0.025705304,-0.053136706,0.8516427,1,0.018961376,0.018280271,0.005774348
1785207009454614885,0.72504807,0.6587859,-0.13508604,0.00053790637,9.84729e-05,0.0028622304,1,-0.16524307,6.0299144,-4.9480033,0.12650104,0.1261241,0.087633684,0.9534393,-0.06646267,-0.29390207,0.012569687,0,7,1785207009448293,1785207009448293,0.022051783,-0.063588694,0.8490388,1,0.018982323,0.018296232,0.0057841935
1785207009466625354,0.7564727,0.94188017,-0.13349018,0.0005879085,0.00010085153,0.0028100242,1,-0.1648886,6.0291796,-4.942034,0.12699944,0.12661377,0.08788829,0.9546595,-0.06349859,-0.2905715,0.012707968,0,7,1785207009456293,1785207009456293,0.07147795,-0.07382584,0.84309167,1,0.019005697,0.018312968,0.0057940274
1785207009474592895,0.7828376,1.1879561,-0.12949874,0.0006386409,0.00010298399,0.002757333,1,-0.16413061,6.0283685,-4.9361076,0.12750043,0.12710594,0.08751955,0.9561618,-0.06043495,-0.28624767,0.0128272455,0,7,1785207009464293,1785207009464293,0.12344216,-0.08418597,0.83300984,1,0.019030046,0.01832779,0.0057833106
1785207009486584489,0.7870974,1.3948843,-0.12763566,0.00068993296,0.00010478844,0.0027044094,1,-0.16294645,6.0274796,-4.9302526,0.12800403,0.12760061,0.08777391,0.9578787,-0.057352453,-0.28109142,0.012913218,0,7,1785207009472293,1785207009472293,0.17833267,-0.09462576,0.8181424,1,0.01905319,0.018339721,0.005793105
1785207009494629588,0.82305294,1.7112844,-0.123657756,0.00076998875,0.00010551911,0.0025040258,1,-0.16089265,6.0256705,-4.9252872,0.10694635,0.10682624,0.08009997,0.9617644,-0.051058836,-0.268759,0.013069009,0,7,1785207009488293,1785207009488293,0.29373497,-0.11462051,0.7696904,1,0.015129177,0.014621192,0.0054285056
1785207009506605231,0.8102692,1.8074254,-0.117258735,0.00081894937,0.00010572617,0.002455033,1,-0.15912822,6.0246496,-4.922974,0.10732359,0.10719911,0.080329634,0.9638282,-0.04787341,-0.26185918,0.013159331,0,7,1785207009496293,1785207009496293,0.35459688,-0.12488199,0.73764265,1,0.015149625,0.014617047,0.005438121
1785207009514600776,0.7737828,1.8521663,-0.11406994,0.0008663615,0.0001054794,0.0024080419,1,-0.15685286,6.023549,-4.9208326,0.10770292,0.10757401,0.08056003,0.96588373,-0.044832297,-0.2547238,0.013211659,0,7,1785207009504293,1785207009504293,0.41697517,-0.1349068,0.700647,1,0.0151669765,0.014606623,0.0054477095
1785207009526596417,0.776178,1.8929114,-0.1047564,0.00095288496,0.00010365052,0.0023234778,1,-0.15075131,6.0211344,-4.9171443,0.10846761,0.10832975,0.080495335,0.9698778,-0.0387884,-0.24011293,0.013358731,0,7,1785207009520293,1785207009520293,0.5406669,-0.1521588,0.6177546,1,0.0151998615,0.014553607,0.005449795
1785207009534659551,0.7271763,1.8724054,-0.10048511,0.000990825,0.00010180449,0.0022875576,1,-0.1469414,6.0198298,-4.9156384,0.10885332,0.108710825,0.080726415,0.9717714,-0.0359036,-0.23279022,0.013416884,0,7,1785207009528293,1785207009528293,0.6008558,-0.16037843,0.5741624,1,0.015217462,0.014513222,0.005459229
1785207009546652387,0.6986795,1.8281965,-0.0970383,0.0010244674,9.928644e-05,0.0022566072,1,-0.14263913,6.018466,-4.9143925,0.1092412,0.109093994,0.080958225,0.9735605,-0.03316919,-0.22560732,0.013458803,0,7,1785207009536293,1785207009536293,0.6595175,-0.16717489,0.5296663,1,0.015233615,0.014462185,0.0054686083
1785207009554604198,0.727707,1.7847866,-0.097054034,0.0010532836,9.6341755e-05,0.0022309085,1,-0.13786271,6.0170565,-4.913414,0.10963129,0.10947926,0.08119078,0.975251,-0.030371511,-0.21858694,0.013522977,0,7,1785207009544293,1785207009544293,0.71561664,-0.1723489,0.4850311,1,0.015247451,0.014405826,0.0054779653
1785207009566616021,0.69974494,1.7174094,-0.094098,0.001095635,8.959913e-05,0.002195644,1,-0.12695542,6.014124,-4.912281,0.11041816,0.11025611,0.081658095,0.97836936,-0.024695486,-0.20492944,0.01368992,0,7,1785207009560293,1785207009560293,0.82231003,-0.18250833,0.39338344,1,0.015277161,0.0143022565,0.005496734
1785207009574628177,0.7133267,1.712615,-0.09598034,0.0011090041,8.583438e-05,0.002186213,1,-0.120856866,6.012605,-4.9121485,0.11081498,0.11064769,0.08189287,0.9798197,-0.021936512,-0.19819936,0.013755903,0,7,1785207009568293,1785207009568293,0.87224257,-0.18586972,0.34611863,1,0.015294644,0.01426847,0.005506216
1785207009586628056,0.7556728,1.7546922,-0.09358005,0.0011160903,8.194335e-05,0.0021831908,1,-0.114358015,6.0110655,-4.912314,0.11121407,0.111041375,0.08212839,0.98124206,-0.019021247,-0.19133818,0.013856126,0,7,1785207009576293,1785207009576293,0.91876835,-0.18825622,0.29931113,1,0.01531474,0.014253257,0.005515797
1785207009595239989,0.76366156,1.8297946,-0.09276354,0.0011164066,7.793811e-05,0.0021870525,1,-0.107490115,6.0095115,-4.9127426,0.11161543,0.11143714,0.08181943,0.98265976,-0.016030962,-0.18419446,0.01397274,0,7,1785207009584293,1785207009584293,0.96118,-0.19011502,0.25596753,1,0.015337387,0.014254137,0.005507884
1785207009606585017,0.76765764,2.0593598,-0.09197545,0.0010956437,6.964187e-05,0.0022162544,1,-0.09279117,6.0063715,-4.914331,0.11242452,0.11223464,0.08229107,0.9855163,-0.010206674,-0.16867992,0.01416176,0,7,1785207009600293,1785207009600293,1.0328553,-0.1917863,0.1824167,1,0.015388202,0.014301338,0.0055274856
1785207009614633783,0.80094784,2.2321992,-0.09142994,0.0010748038,6.5523775e-05,0.002241387,1,-0.08502552,6.004803,-4.9154325,0.11283272,0.11263666,0.082528,0.98698646,-0.0071194195,-0.16001025,0.014279446,0,7,1785207009608293,1785207009608293,1.0630083,-0.19144852,0.1496308,1,0.015418903,0.014350668,0.0055374373
1785207009626560273,0.81106853,2.4210172,-0.09062503,0.0010477657,6.145981e-05,0.0022726639,1,-0.077016644,6.0032406,-4.916722,0.11324323,0.11304079,0.08276569,0.9884842,-0.0039889966,-0.15058492,0.014400922,0,7,1785207009616293,1785207009616293,1.090517,-0.19064623,0.118395396,1,0.015452349,0.014419898,0.0055475123
1785207009634587928,0.81292963,2.6077063,-0.091951825,0.0010156912,5.7563237e-05,0.002308811,1,-0.06878813,6.001687,-4.9181857,0.113656074,0.11344704,0.08300413,0.9899875,-0.0008505507,-0.1404041,0.014523019,0,7,1785207009624293,1785207009624293,1.1148334,-0.18961485,0.088810995,1,0.015489237,0.0145126805,0.0055577317
1785207009646655978,0.82118756,2.9840107,-0.09912992,0.00094009785,5.023674e-05,0.0023920822,1,-0.051762246,5.9986277,-4.921604,0.1144889,0.11426603,0.08292319,0.9929148,0.0054950905,-0.11778557,0.01471711,0,7,1785207009640293,1785207009640293,1.1555511,-0.18511058,0.03194481,1,0.015578712,0.014782304,0.0055605303
1785207009654690688,0.8012154,3.1872091,-0.09674086,0.00089861493,4.6861373e-05,0.002437118,1,-0.04301121,5.9971304,-4.923547,0.11490895,0.114678845,0.083162285,0.9942961,0.008557841,-0.10527512,0.014808443,0,7,1785207009648293,1785207009648293,1.1714014,-0.18217386,0.0047043394,1,0.01562872,0.014964637,0.0055712787
1785207009666589865,0.8544784,3.3874774,-0.09598394,0.0008563892,4.3841435e-05,0.002482543,1,-0.03413433,5.995664,-4.9256406,0.115331456,0.115093924,0.08340215,0.9955844,0.011744162,-0.0919307,0.014920667,0,7,1785207009656293,1785207009656293,1.1841668,-0.17748336,-0.020767326,1,0.015683766,0.0151811065,0.005582231
1785207009674552186,0.880571,3.5619178,-0.10206994,0.0008140857,4.104811e-05,0.002527599,1,-0.025154402,5.9942384,-4.92787,0.1157559,0.11551097,0.08364277,0.9967377,0.015094857,-0.07784472,0.01504033,0,7,1785207009664293,1785207009664293,1.1942798,-0.17275444,-0.04396032,1,0.015744094,0.015427343,0.0055933623
1785207009686630746,0.78363484,3.8106563,-0.105264336,0.00073126866,3.6204947e-05,0.0026156188,1,-0.0069740554,5.9914937,-4.932663,0.116613515,0.116352975,0.08412631,0.9985053,0.021214375,-0.048017256,0.015217788,0,7,1785207009680293,1785207009680293,1.2060413,-0.1642159,-0.08250026,1,0.015877843,0.016001653,0.0056161033
1785207009694609488,0.813999,3.9288983,-0.10078287,0.00069201057,3.4242978e-05,0.0026570212,1,0.0021807977,5.9901786,-4.935183,0.1170462,0.11677771,0.08436923,0.999065,0.02420662,-0.032380283,0.015320596,0,7,1785207009688293,1785207009688293,1.2073789,-0.15866496,-0.09694648,1,0.015952073,0.016323164,0.005627675
1785207009706618876,0.8845649,4.0295672,-0.10744695,0.0006545133,3.2427648e-05,0.0026965165,1,0.011346303,5.9889164,-4.9377503,0.117481515,0.117205024,0.08461292,0.999371,0.027463773,-0.016298998,0.015422631,0,7,1785207009696293,1785207009696293,1.205937,-0.15181404,-0.10782122,1,0.016032213,0.016659372,0.0056393244
1785207009714586898,0.8273072,4.0884256,-0.11135168,0.0006186011,3.075421e-05,0.0027342846,1,0.02050412,5.9877014,-4.940327,0.11791949,0.11763499,0.08427878,0.9994107,0.030622829,6.5539396e-05,0.015509953,0,7,1785207009704293,1785207009704293,1.202574,-0.1471347,-0.1159447,1,0.016114041,0.017010866,0.005632249
1785207009726621854,0.71572185,4.1566005,-0.11886704,0.00055072317,2.813694e-05,0.0028051478,1,0.038722854,5.985387,-4.945464,0.11880351,0.11850315,0.08476668,0.9986787,0.03599696,0.03317823,0.015634084,0,7,1785207009720293,1785207009720293,1.1878716,-0.1369526,-0.12299997,1,0.016286284,0.017749606,0.005655937
1785207009734636796,0.7586004,4.215987,-0.11970485,0.00051757495,2.7073413e-05,0.0028395439,1,0.047738835,5.984301,-4.9479756,0.11924962,0.11894151,0.08501179,0.997875,0.0386992,0.050019193,0.015683804,0,7,1785207009728293,1785207009728293,1.1766205,-0.13002427,-0.12165676,1,0.016379109,0.018122207,0.005667787
1785207009746606318,0.7697812,4.261798,-0.12525283,0.00048395473,2.6198923e-05,0.0028740023,1,0.05666589,5.9832716,-4.9504166,0.1196978,0.119382314,0.08525768,0.9967622,0.041497193,0.06705312,0.015714776,0,7,1785207009736293,1785207009736293,1.1637188,-0.12339175,-0.11749686,1,0.016469663,0.018481564,0.005679577
1785207009754650475,0.66938335,4.2676578,-0.12837663,0.00044980884,2.5584563e-05,0.0029089488,1,0.06549528,5.982288,-4.9527698,0.120149456,0.119826615,0.085504346,0.9953588,0.043988213,0.084130906,0.015745446,0,7,1785207009744293,1785207009744293,1.1494883,-0.11879627,-0.111383066,1,0.016560482,0.018828256,0.005691302
1785207009766639985,0.5538058,4.240757,-0.13218263,0.00037820084,2.5009871e-05,0.0029815054,1,0.08281189,5.980444,-4.957151,0.121061146,0.120724425,0.085405774,0.99172485,0.04794923,0.11803566,0.015824672,0,7,1785207009760293,1785207009760293,1.1157869,-0.10779353,-0.087873615,1,0.016748102,0.019462647,0.005695014
1785207009774663503,0.58096343,4.2407565,-0.13754554,0.0003403655,2.5097803e-05,0.0030194398,1,0.091272,5.9795938,-4.9591126,0.12152122,0.12117803,0.08565307,0.9894748,0.049882635,0.13490872,0.015845334,0,7,1785207009768293,1785207009768293,1.0967209,-0.101106,-0.07014386,1,0.016842837,0.019762157,0.00570648
1785207009786607115,0.6038622,4.204805,-0.14551748,0.00030170998,2.5458448e-05,0.0030579222,1,0.09958834,5.9788,-4.9608793,0.121984124,0.12163484,0.08590113,0.9869437,0.051919628,0.15164573,0.01581257,0,7,1785207009776293,1785207009776293,1.0772904,-0.09436832,-0.049950525,1,0.01693769,0.020045148,0.0057178657
1785207009794578653,0.5468783,4.113725,-0.14733043,0.00026287168,2.6105976e-05,0.003096302,1,0.10776037,5.978054,-4.9624357,0.12244988,0.122094885,0.08614998,0.98418456,0.053799156,0.16804193,0.015761478,0,7,1785207009784293,1785207009784293,1.0577929,-0.0891899,-0.028164122,1,0.01703618,0.020316878,0.005729192
1785207009806669958,0.3964071,3.8599277,-0.15213883,0.00018664953,2.822778e-05,0.0031705545,1,0.123647526,5.9766784,-4.964868,0.123389184,0.123024225,0.08665004,0.97819626,0.056590755,0.19920565,0.015712159,0,7,1785207009800293,1785207009800293,1.0158252,-0.07993356,0.021352682,1,0.017233908,0.02080135,0.005751554
1785207009814576733,0.35672656,3.744346,-0.15294872,0.00015072114,2.9763618e-05,0.0032051357,1,0.13134211,5.976048,-4.9657116,0.12386362,0.12349423,0.086294524,0.97500104,0.057661604,0.21401417,0.015690802,0,7,1785207009808293,1785207009808293,0.9928867,-0.07507603,0.048833825,1,0.017340023,0.021015014,0.0057427045
1785207009826595979,0.33328927,3.600801,-0.15376458,0.00011757763,3.170481e-05,0.0032365264,1,0.13886173,5.9754596,-4.9662967,0.12434103,0.123967625,0.08654476,0.97171175,0.0586113,0.2282454,0.015657147,0,7,1785207009816293,1785207009816293,0.9693443,-0.069393665,0.076259635,1,0.017445259,0.021209052,0.0057536303
1785207009834627713,0.34446982,3.403194,-0.15777618,8.8352e-05,3.3863875e-05,0.0032637818,1,0.1461999,5.9749207,-4.966626,0.12482142,0.124444425,0.086795785,0.9683924,0.059577886,0.2417118,0.015561376,0,7,1785207009824293,1785207009824293,0.9447584,-0.06292079,0.103549436,1,0.017547939,0.021380495,0.0057644565
1785207009846590011,0.2898784,2.9983947,-0.16121069,4.493445e-05,3.8796956e-05,0.0033026428,1,0.16028504,5.9739885,-4.9665256,0.12579109,0.12540828,0.087300204,0.9618651,0.06130707,0.26612985,0.015226234,0,7,1785207009840293,1785207009840293,0.89034575,-0.05132402,0.15771538,1,0.017753847,0.021649703,0.0057857465
1785207009854620712,0.22063538,2.8005228,-0.16491888,3.2045784e-05,4.194507e-05,0.003312572,1,0.16700326,5.97359,-4.9661,0.12628041,0.12589532,0.087553605,0.9587171,0.06188116,0.27713865,0.015049242,0,7,1785207009848293,1785207009848293,0.86083937,-0.045998834,0.18435208,1,0.017860513,0.02174554,0.0057961885
1785207009866575546,0.15858598,2.5712233,-0.16227104,2.587553e-05,4.531872e-05,0.0033155573,1,0.17349091,5.9732347,-4.965433,0.12677276,0.12638576,0.087807804,0.95571256,0.062193286,0.28726944,0.014895818,0,7,1785207009856293,1785207009856293,0.82983345,-0.040247284,0.20963937,1,0.017958367,0.021823587,0.0058065723
1785207009874554128,0.11117734,2.3182232,-0.16413654,2.6764164e-05,4.85629e-05,0.0033116124,1,0.1797304,5.972927,-4.9645405,0.12726812,0.12687959,0.08806279,0.9529092,0.06233034,0.29641524,0.014735357,0,7,1785207009864293,1785207009864293,0.79616207,-0.03414582,0.23273687,1,0.018054593,0.021879142,0.0058168466
1785207009886586229,0.04191496,1.835402,-0.1673496,5.027305e-05,5.123064e-05,0.0031120598,1,0.1906245,5.9715214,-4.9629188,0.10644222,0.106395274,0.07980414,0.9479968,0.062184498,0.3118168,0.01433753,0,7,1785207009880293,1785207009880293,0.71869487,-0.020418588,0.27100137,1,0.01453177,0.017018871,0.005429782
1785207009894624966,0.026200764,1.5770744,-0.16895492,7.3170246e-05,5.487841e-05,0.0030856929,1,0.1952532,5.970452,-4.962211,0.10681674,0.106757574,0.08003276,0.9459284,0.061967768,0.3180915,0.014047018,0,7,1785207009888293,1785207009888293,0.67529833,-0.012621682,0.28517863,1,0.014612727,0.017012402,0.005439605
1785207009906593075,0.0014350555,1.2969109,-0.16894838,0.00010320224,5.8330836e-05,0.003052387,1,0.19954482,5.9694686,-4.961359,0.107193545,0.1071225,0.080262125,0.94418114,0.061693445,0.32330832,0.013700959,0,7,1785207009896293,1785207009896293,0.6272481,-0.00457367,0.2949898,1,0.014687159,0.016996726,0.0054493896
1785207009914603418,-0.040109936,1.0431119,-0.16388571,0.00014002722,6.136172e-05,0.0030127089,1,0.20346476,5.96857,-4.9603915,0.10757263,0.107490055,0.080492236,0.9427597,0.061296716,0.32751843,0.013360915,0,7,1785207009904293,1785207009904293,0.5755559,0.0033627395,0.3023057,1,0.014762278,0.016968302,0.005459095
1785207009926608076,-0.13545164,0.55761695,-0.16362122,0.00023319178,6.726568e-05,0.00291399,1,0.2100872,5.967028,-4.958191,0.10833767,0.10823302,0.08095469,0.9408642,0.059945818,0.33319598,0.012713952,0,7,1785207009920293,1785207009920293,0.463325,0.020210762,0.3087331,1,0.014911735,0.016875232,0.0054782853
1785207009934618500,-0.16234894,0.30275282,-0.15909335,0.0002888539,7.0497015e-05,0.0028552702,1,0.21274003,5.966392,-4.9569917,0.108723626,0.10860842,0.080657244,0.9404208,0.05911845,0.33460552,0.012370889,0,7,1785207009928293,1785207009928293,0.40254265,0.029530406,0.3071534,1,0.014986115,0.016821474,0.0054708235
1785207009946580677,-0.1969693,0.08224292,-0.15802906,0.000349253,7.355066e-05,0.0027919891,1,0.21492039,5.9658513,-4.9557734,0.10911188,0.10898639,0.08088883,0.94029087,0.058177307,0.33514774,0.012028038,0,7,1785207009936293,1785207009936293,0.33891967,0.039271057,0.30308208,1,0.015055002,0.016767655,0.0054803677
1785207009954619164,-0.2326552,-0.13506985,-0.1580307,0.00041305312,7.611532e-05,0.002725646,1,0.21660587,5.9654074,-4.954554,0.10950202,0.10936671,0.08112116,0.9404585,0.05711447,0.33487228,0.011680648,0,7,1785207009944293,1785207009944293,0.27361864,0.04890665,0.29708228,1,0.015119348,0.016707487,0.005489872
1785207009966597201,-0.27712965,-0.5329464,-0.15270455,0.0005478485,8.008235e-05,0.002587219,1,0.21844646,5.9648046,-4.952196,0.110289976,0.11013543,0.08158808,0.94162065,0.05472796,0.33201677,0.010974834,0,7,1785207009960293,1785207009960293,0.13747661,0.06852357,0.2767041,1,0.015250188,0.016569948,0.0055087204
1785207009974604158,-0.29230887,-0.7132427,-0.15190606,0.00061743316,8.171031e-05,0.0025161712,1,0.21857099,5.9646463,-4.951103,0.11068741,0.11052359,0.08182267,0.94257426,0.05345811,0.32952043,0.010603754,0,7,1785207009968293,1785207009968293,0.0669899,0.07836706,0.26296318,1,0.0153188305,0.016498078,0.005518092
1785207009986591664,-0.29843485,-0.8911419,-0.14418158,0.0006865229,8.332898e-05,0.002445625,1,0.2181524,5.9645844,-4.9500904,0.111087166,0.11091427,0.08205801,0.94375384,0.052170895,0.32634684,0.010227994,0,7,1785207009976293,1785207009976293,-0.003870413,0.08856971,0.24768186,1,0.015390592,0.016423801,0.0055274204
1785207009994594182,-0.2955039,-1.0458722,-0.14364873,0.0007539702,8.484232e-05,0.0023768258,1,0.21718875,5.964618,-4.949169,0.11148926,0.11130746,0.082294114,0.9451297,0.050894544,0.32255736,0.009824746,0,7,1785207009984293,1785207009984293,-0.07481594,0.09843407,0.2311399,1,0.015460914,0.01634478,0.0055366945
1785207010006613197,-0.26354706,-1.3140523,-0.13139737,0.0008821696,8.6996035e-05,0.0022467903,1,0.21362984,5.9649663,-4.9476194,0.11230051,0.112101346,0.082219586,0.9483431,0.048538204,0.31338453,0.008927447,0,7,1785207010000293,1785207010000293,-0.21545865,0.11767115,0.19462502,1,0.015600451,0.016173966,0.0055373968
1785207010014598922,-0.25528917,-1.4314978,-0.12820534,0.00094151887,8.74246e-05,0.0021871682,1,0.21104105,5.965275,-4.9470263,0.11270968,0.11250202,0.08245638,0.9501409,0.04745033,0.30807388,0.008449124,0,7,1785207010008293,1785207010008293,-0.28514802,0.1268661,0.17421484,1,0.01567279,0.016087271,0.0055465223
1785207010026584313,-0.2339842,-1.5350956,-0.12500387,0.0009962609,8.75324e-05,0.0021323264,1,0.20791791,5.9656725,-4.9465704,0.11312065,0.112904824,0.08269393,0.95203376,0.046422843,0.3023469,0.007941324,0,7,1785207010016293,1785207010016293,-0.35412621,0.13631316,0.15238707,1,0.015746016,0.015994348,0.0055555664
1785207010034638479,-0.1911084,-1.6349642,-0.116212256,0.0010460437,8.737312e-05,0.0020828568,1,0.20426686,5.9661603,-4.9462633,0.11353462,0.11331044,0.08293223,0.9540016,0.045558393,0.2962277,0.0073959064,0,7,1785207010024293,1785207010024293,-0.42184937,0.14593875,0.1296468,1,0.015826287,0.015898556,0.0055645234
1785207010046590526,-0.18471599,-1.7915571,-0.1050411,0.0011303527,8.649627e-05,0.0019997286,1,0.19542299,5.9673953,-4.946118,0.11436996,0.11412911,0.0834111,0.9581061,0.044020366,0.282941,0.0062706596,0,7,1785207010040293,1785207010040293,-0.5531753,0.16355158,0.08236842,1,0.016003804,0.01570712,0.0055822446
1785207010054630916,-0.1700685,-1.8453535,-0.09651258,0.0011635225,8.586656e-05,0.0019673393,1,0.19025435,5.968137,-4.946295,0.1147914,0.114542164,0.08308932,0.9601863,0.04328451,0.27592763,0.0057283537,0,7,1785207010048293,1785207010048293,-0.61585337,0.17219383,0.057749707,1,0.016100336,0.015612036,0.0055727637
1785207010066611818,-0.14183886,-1.9193894,-0.08958423,0.0011905738,8.504882e-05,0.0019412555,1,0.18461098,5.968961,-4.9466395,0.11521541,0.11495771,0.08332902,0.9622829,0.04265438,0.26863658,0.005174851,0,7,1785207010056306,1785207010056306,-0.6761475,0.18095505,0.033789672,1,0.01619894,0.015522571,0.00558147
1785207010074567075,-0.1431698,-1.9835709,-0.08320944,0.001212019,8.392684e-05,0.0019210823,1,0.17851406,5.9698644,-4.947145,0.115642026,0.11537575,0.08356948,0.9643943,0.042073976,0.26105976,0.004623326,0,7,1785207010064306,1785207010064306,-0.73352885,0.18886136,0.011034915,1,0.016300384,0.015444128,0.0055901837
1785207010086557275,-0.19722939,-2.1332412,-0.07867774,0.0012371643,8.113194e-05,0.0018990306,1,0.16505088,5.971883,-4.9486027,0.11650319,0.11621928,0.084052645,0.96863306,0.040566534,0.2451351,0.0036439402,0,7,1785207010080306,1785207010080306,-0.83848476,0.20302683,-0.03124254,1,0.016521633,0.015334152,0.0056076865
1785207010094614597,-0.19377351,-2.2839751,-0.07014474,0.0012411138,7.9517326e-05,0.0018966802,1,0.15774561,5.9729943,-4.94954,0.116937056,0.11664431,0.084295355,0.9708259,0.03977179,0.23644303,0.0031549416,0,7,1785207010088306,1785207010088306,-0.8846968,0.21027188,-0.05064353,1,0.01663701,0.015307636,0.005616527
1785207010106615568,-0.19856432,-2.4493573,-0.06509521,0.0012398233,7.776811e-05,0.0018998693,1,0.15009809,5.974174,-4.9505806,0.11737443,0.11707231,0.08396452,0.97308975,0.03898977,0.22708814,0.0026650026,0,7,1785207010096306,1785207010096306,-0.92796487,0.21681038,-0.06814239,1,0.016756888,0.015308899,0.0056068194
1785207010114573420,-0.25475746,-2.6123424,-0.062449586,0.0012335366,7.5906435e-05,0.0019081676,1,0.14213237,5.9754124,-4.951733,0.11781458,0.117502816,0.08420708,0.97541124,0.038030647,0.2170753,0.0022007097,0,7,1785207010104306,1785207010104306,-0.9677771,0.22220133,-0.08427165,1,0.01688035,0.015338779,0.005615902
1785207010126576955,-0.31547764,-3.019274,-0.047246423,0.0012069487,7.205016e-05,0.0019389123,1,0.12536964,5.9780517,-4.954332,0.11870339,0.11837145,0.08469445,0.9802064,0.035665274,0.19473448,0.0013876217,0,7,1785207010120306,1785207010120306,-1.0353076,0.23257257,-0.11244254,1,0.017137699,0.015494563,0.00563453
1785207010134588480,-0.34769946,-3.2222068,-0.047259722,0.001187162,7.012584e-05,0.0019607744,1,0.11662963,5.9794474,-4.955756,0.119152114,0.118809626,0.08493927,0.98264694,0.034325104,0.18227975,0.0009828215,0,7,1785207010128306,1785207010128306,-1.0646098,0.23709685,-0.123966396,1,0.017271664,0.015623356,0.00564412
1785207010146590021,-0.36634308,-3.3862576,-0.045653455,0.0011635459,6.824878e-05,0.0019864202,1,0.10767821,5.980891,-4.957246,0.11960378,0.1192504,0.08518484,0.98504794,0.032887533,0.16911153,0.0005754213,0,7,1785207010136306,1785207010136306,-1.0913169,0.2417406,-0.13387704,1,0.017406195,0.015786532,0.00565391
1785207010154555097,-0.42786416,-3.5351274,-0.039823573,0.0011366111,6.6483655e-05,0.0020152736,1,0.098537885,5.9823785,-4.95879,0.12005841,0.119693816,0.085431166,0.98736984,0.03125454,0.15531924,0.0002011472,0,7,1785207010144306,1785207010144306,-1.1150212,0.24511217,-0.14263304,1,0.0175426,0.015983554,0.005663904
1785207010166566638,-0.5165416,-3.772417,-0.039823458,0.0010739736,6.3300606e-05,0.0020812282,1,0.079776324,5.9854684,-4.962011,0.12097572,0.120588094,0.08533286,0.99164134,0.027413527,0.12607852,-0.00047775562,0,7,1785207010160306,1785207010160306,-1.1550956,0.25161874,-0.15755935,1,0.017813794,0.016475502,0.0056651663
1785207010174588121,-0.54982924,-3.841926,-0.041665524,0.0010390588,6.186235e-05,0.0021177372,1,0.07019338,5.987066,-4.9636736,0.12143936,0.12103967,0.08557975,0.99351126,0.025230369,0.11089731,-0.0008078363,0,7,1785207010168306,1785207010168306,-1.1711195,0.25453547,-0.16360779,1,0.01795471,0.016770685,0.0056757648
1785207010186577540,-0.5636819,-3.9154282,-0.04219671,0.0010021043,6.0647304e-05,0.0021560648,1,0.06050588,5.9886966,-4.965364,0.121906094,0.1214941,0.0858274,0.9951725,0.022983346,0.09540635,-0.0011461024,0,7,1785207010176306,1785207010176306,-1.1840396,0.25718325,-0.16912018,1,0.018098228,0.017094474,0.005686554
1785207010194579446,-0.6062955,-3.9796097,-0.03715045,0.0009632857,5.9582424e-05,0.0021961075,1,0.050734956,5.9903545,-4.967079,0.12237594,0.12195142,0.08607581,0.9966122,0.020579552,0.07961555,-0.0014598474,0,7,1785207010184306,1785207010184306,-1.1946341,0.25894654,-0.17411503,1,0.018239956,0.017444547,0.005697526
1785207010206807010,-0.63052726,-4.007574,-0.036352962,0.0009232984,5.851494e-05,0.0022373216,1,0.040897433,5.9920363,-4.968813,0.12284893,0.122411706,0.08632498,0.9978066,0.018070549,0.063658096,-0.0017598853,0,7,1785207010192306,1785207010192306,-1.2031275,0.2604616,-0.17823751,1,0.01838156,0.017819459,0.005708672
1785207010214572654,-0.6861805,-4.019026,-0.038493924,0.0008825681,5.7526944e-05,0.002279202,1,0.031011678,5.993736,-4.970561,0.12332507,0.12287503,0.08657493,0.9987452,0.015348001,0.047627363,-0.0020449017,0,7,1785207010200306,1785207010200306,-1.2089721,0.26102883,-0.18187208,1,0.018524861,0.01821265,0.0057199625
1785207010226583133,-0.71015555,-4.088534,-0.042463165,0.00079838873,5.591187e-05,0.0023653223,1,0.01119271,5.997183,-4.9740567,0.124286965,0.123811066,0.086467944,0.99983436,0.009647852,0.015208097,-0.0026488148,0,7,1785207010216306,1785207010216306,-1.2111034,0.26236275,-0.18649301,1,0.018809212,0.01903563,0.0057229847
1785207010234592223,-0.73438996,-4.109308,-0.040867426,0.00075549126,5.500919e-05,0.0024091129,1,0.001308315,5.998925,-4.97579,0.12477167,0.12428316,0.08671844,0.99997264,0.0066825636,-0.0012064052,-0.0029456615,0,7,1785207010224306,1785207010224306,-1.2088103,0.2622324,-0.18735923,1,0.018941853,0.019456163,0.005734573
1785207010246617640,-0.8049561,-4.094928,-0.041676003,0.0006661525,5.3098225e-05,0.0025006973,1,-0.018338686,6.002419,-4.979198,0.12575287,0.12523878,0.08722176,0.9994166,0.00038220294,-0.03397232,-0.003505311,0,7,1785207010240306,1785207010240306,-1.1972377,0.25949973,-0.18320264,1,0.019215208,0.020274438,0.005757795
1785207010254593667,-0.8065599,-4.1202273,-0.044579174,0.0006184798,5.218808e-05,0.0025494497,1,-0.028059896,6.0041604,-4.980836,0.12624836,0.12572168,0.087474585,0.99871814,-0.0028951268,-0.050389897,-0.0038127713,0,7,1785207010248306,1785207010248306,-1.1873827,0.2578616,-0.17740549,1,0.01934742,0.02067321,0.0057694274
1785207010266607061,-0.80363137,-4.1625714,-0.043257475,0.00056912674,5.1110837e-05,0.0026000498,1,-0.037685994,6.005897,-4.9824057,0.12674713,0.12620807,0.087728195,0.99772793,-0.0061476617,-0.0669645,-0.0041124844,0,7,1785207010256306,1785207010256306,-1.1753017,0.25585273,-0.16977187,1,0.019473001,0.021060422,0.0057810475
1785207010274575132,-0.80443007,-4.1761537,-0.043250225,0.00051818386,4.9886272e-05,0.0026523897,1,-0.047203206,6.007623,-4.9838924,0.12724918,0.12669797,0.08798259,0.9964452,-0.009418046,-0.08359993,-0.0044110133,0,7,1785207010264306,1785207010264306,-1.1617402,0.25336826,-0.1599324,1,0.019597992,0.021428216,0.005792615
1785207010286594187,-0.8406632,-4.1190066,-0.046713356,0.00037267798,4.3100597e-05,0.0025863722,1,-0.060035683,6.010547,-4.987337,0.10633604,0.10634622,0.07973963,0.9930414,-0.016124928,-0.11654923,-0.0050266352,0,7,1785207010280306,1785207010280306,-1.1259031,0.24647845,-0.13752183,1,0.015565145,0.017110977,0.0054115932
1785207010294592276,-0.8190912,-4.095837,-0.049886387,0.00032378107,4.1828513e-05,0.002636709,1,-0.063432455,6.0117564,-4.989267,0.10671079,0.10670566,0.07996774,0.9909307,-0.019383611,-0.13285454,-0.005505796,0,7,1785207010288306,1785207010288306,-1.1029816,0.2431138,-0.12579542,1,0.015663441,0.01736413,0.0054227244
1785207010306581625,-0.80204934,-4.0481677,-0.0467099,0.00027616182,4.0431787e-05,0.0026857129,1,-0.066768005,6.0129614,-4.9910674,0.10708764,0.10706709,0.08019658,0.9885671,-0.022552326,-0.14896595,-0.005967371,0,7,1785207010296306,1785207010296306,-1.0789561,0.23939689,-0.1131744,1,0.015753439,0.01760219,0.0054337936
1785207010314559214,-0.7866059,-3.9674733,-0.04430499,0.00023064026,3.89442e-05,0.0027328944,1,-0.0700372,6.0141587,-4.9927273,0.107467294,0.10743127,0.08042617,0.98598003,-0.025676353,-0.16475055,-0.00642412,0,7,1785207010304306,1785207010304306,-1.0542547,0.2357404,-0.09852411,1,0.015846863,0.017828526,0.0054448317
1785207010326612004,-0.7743487,-3.7344477,-0.054182224,0.00014959299,3.5817586e-05,0.0028174159,1,-0.07633375,6.0165215,-4.995564,0.10823403,0.10816709,0.080887586,0.98028183,-0.03174052,-0.19489929,-0.0073722173,0,7,1785207010320306,1785207010320306,-1.0019927,0.22661494,-0.06291616,1,0.016026154,0.018239282,0.005466753
1785207010334644839,-0.75171715,-3.5818481,-0.049374726,0.00011543711,3.430013e-05,0.0028532664,1,-0.07934,6.0176783,-4.996711,0.10862115,0.10853885,0.08111941,0.97724456,-0.034709696,-0.20910875,-0.007866983,0,7,1785207010328306,1785207010328306,-0.97441256,0.22206385,-0.042939827,1,0.016114522,0.01841635,0.005477591
1785207010346617656,-0.7740828,-3.390101,-0.05021516,8.611812e-05,3.280265e-05,0.0028842613,1,-0.082237124,6.0188146,-4.997665,0.10901078,0.10891326,0.08082004,0.9741543,-0.0376982,-0.22255753,-0.0083887605,0,7,1785207010336306,1785207010336306,-0.9459727,0.21627532,-0.023033544,1,0.016198695,0.018578488,0.005471323
1785207010354561822,-0.7783437,-3.1906307,-0.053917393,6.222402e-05,3.1379306e-05,0.0029097595,1,-0.0850114,6.019923,-4.9984326,0.109402925,0.10929035,0.081051834,0.9710551,-0.040737543,-0.23518518,-0.008969215,0,7,1785207010344306,1785207010344306,-0.9156745,0.2103586,-0.0030516067,1,0.016281398,0.018726226,0.005482027
1785207010366615293,-0.7016466,-2.8401587,-0.054422352,3.18843e-05,2.873223e-05,0.0029431104,1,-0.09012344,6.0220532,-4.9993944,0.11019481,0.110052764,0.08151769,0.96491134,-0.046459977,-0.258234,-0.010145539,0,7,1785207010360306,1785207010360306,-0.85091364,0.19829743,0.039598037,1,0.01643929,0.018959502,0.0055031297
1785207010374623741,-0.6848661,-2.6287043,-0.056590654,2.5689207e-05,2.7637943e-05,0.0029504078,1,-0.09244073,6.023074,-4.999575,0.110594064,0.11043775,0.08175175,0.9619391,-0.04909225,-0.26860353,-0.010735565,0,7,1785207010368306,1785207010368306,-0.8183184,0.19159144,0.061846256,1,0.016513245,0.019042669,0.005513501
1785207010386589575,-0.7008474,-2.3762362,-0.0547282,2.5746502e-05,2.6712682e-05,0.002951462,1,-0.094595805,6.024056,-4.999552,0.110996366,0.110825986,0.08198656,0.9591169,-0.051781323,-0.2779997,-0.011390713,0,7,1785207010376306,1785207010376306,-0.7852512,0.18434039,0.08461898,1,0.016586648,0.019111587,0.0055238097
1785207010394567816,-0.68273723,-2.1344216,-0.053383354,3.211021e-05,2.5968473e-05,0.0029460294,1,-0.09657777,6.024999,-4.9993215,0.11140122,0.11121708,0.082222134,0.95648056,-0.05441985,-0.286422,-0.012077549,0,7,1785207010384306,1785207010384306,-0.75059134,0.17731658,0.10770085,1,0.01665436,0.019164264,0.005534034
1785207010406647246,-0.5937878,-1.6795539,-0.055771567,6.361728e-05,2.5090894e-05,0.0029157759,1,-0.09996416,6.0267634,-4.9982657,0.11221861,0.11200789,0.08214597,0.95182294,-0.059213717,-0.3005746,-0.013486638,0,7,1785207010400306,1785207010400306,-0.6776282,0.16265517,0.15373679,1,0.016779266,0.019202786,0.0055364193
1785207010414623052,-0.5724837,-1.4537171,-0.05178272,8.8979985e-05,2.5009806e-05,0.0028906835,1,-0.101348646,6.027578,-4.9974422,0.112631135,0.112407625,0.08238224,0.94983464,-0.061404474,-0.30633646,-0.014199475,0,7,1785207010408306,1785207010408306,-0.6398755,0.15438132,0.17684436,1,0.01683775,0.019194681,0.0055463053
1785207010426585379,-0.5234794,-1.2329422,-0.05204148,0.000120699886,2.5162286e-05,0.0028590008,1,-0.102512665,6.0283422,-4.9964128,0.11304621,0.11281023,0.08261927,0.94809526,-0.06342897,-0.3112393,-0.014907666,0,7,1785207010416306,1785207010416306,-0.6006543,0.14601976,0.19943073,1,0.016892336,0.019174902,0.0055561215
1785207010434641218,-0.463027,-1.0233507,-0.051239457,0.00015839537,2.5550751e-05,0.0028211072,1,-0.10343904,6.029053,-4.995189,0.11346382,0.113215715,0.082857065,0.9466084,-0.06522612,-0.31533265,-0.015600721,0,7,1785207010424306,1785207010424306,-0.5592329,0.13725746,0.22024183,1,0.01694125,0.019143889,0.0055658645
1785207010446661997,-0.35090706,-0.57700735,-0.052840848,0.00025014277,2.7030124e-05,0.0027280943,1,-0.10448818,6.0302997,-4.9922285,0.114305966,0.11403476,0.08333493,0.94446355,-0.0680932,-0.32103798,-0.016924167,0,7,1785207010440306,1785207010440306,-0.47006217,0.11802459,0.25458264,1,0.017034305,0.019035606,0.0055850404
1785207010454597035,-0.29791123,-0.34850755,-0.04831195,0.0003034585,2.807078e-05,0.0026739268,1,-0.10457916,6.030822,-4.990535,0.114731185,0.11444881,0.08357502,0.9438392,-0.06923508,-0.32259166,-0.017574426,0,7,1785207010448306,1785207010448306,-0.42174914,0.1071378,0.26762572,1,0.017079622,0.018967336,0.0055945273
1785207010466602334,-0.23426129,-0.13465624,-0.04884331,0.00036069631,2.9291044e-05,0.0026156579,1,-0.10434825,6.0312657,-4.988718,0.11515895,0.11486569,0.08325133,0.9435106,-0.07014003,-0.32332212,-0.01819437,0,7,1785207010456306,1785207010456306,-0.37010437,0.0953718,0.27673385,1,0.017123694,0.01889406,0.005585699
1785207010474578010,-0.17700349,0.07440236,-0.044315927,0.00042085745,3.0651816e-05,0.0025543252,1,-0.10377282,6.031626,-4.986822,0.11558926,0.11528539,0.08349131,0.94346994,-0.07081399,-0.32326,-0.01878421,0,7,1785207010464306,1785207010464306,-0.3165351,0.083018295,0.28326273,1,0.017163899,0.018813455,0.0055950754
1785207010487654226,-0.08778777,0.5236775,-0.036327284,0.00054641755,3.3819197e-05,0.0024259735,1,-0.10153468,6.0320697,-4.9828706,0.11645747,0.116133116,0.08397356,0.94426906,-0.07163688,-0.32066873,-0.019893123,0,7,1785207010480306,1785207010480306,-0.20516029,0.0558518,0.28876343,1,0.017233822,0.018636383,0.005613682
1785207010495601588,-0.04491024,0.7686885,-0.03366385,0.0006094502,3.562068e-05,0.0023613262,1,-0.099848524,6.032143,-4.980858,0.116895355,0.11656109,0.084215835,0.94514096,-0.07178329,-0.31802148,-0.020447666,0,7,1785207010488306,1785207010488306,-0.14826727,0.041856684,0.28812099,1,0.017263627,0.018541567,0.005622913
1785207010507603229,-0.01002258,1.0246181,-0.024075067,0.0006712521,3.7594582e-05,0.0022977374,1,-0.09778172,6.032114,-4.978839,0.11733575,0.11699179,0.08445887,0.94633514,-0.07178395,-0.31441444,-0.02098731,0,7,1785207010496306,1785207010496306,-0.09207019,0.02746343,0.28659174,1,0.017292872,0.018437654,0.0056320694
1785207010515551072,0.023532962,1.2858734,-0.019013919,0.0007315283,3.962763e-05,0.002235459,1,-0.09533332,6.0319796,-4.9768214,0.117777735,0.11742457,0.08470267,0.94785005,-0.0716473,-0.3098117,-0.02153523,0,7,1785207010504306,1785207010504306,-0.036364373,0.013154414,0.2838009,1,0.017317355,0.018324593,0.0056411484
1785207010527572111,0.08398837,1.8110486,-0.0014312054,0.0008459223,4.3674623e-05,0.0021173847,1,-0.089316204,6.031395,-4.9728527,0.118671015,0.11829928,0.084609404,0.9517843,-0.07095928,-0.29758957,-0.022622738,0,7,1785207010520306,1785207010520306,0.07323798,-0.015924107,0.27415115,1,0.017369369,0.018102959,0.005640326
1785207010535504785,0.10395959,2.0581903,0.0057535446,0.00089769217,4.582907e-05,0.0020636432,1,-0.08575602,6.0309405,-4.970922,0.11912141,0.118740566,0.08485381,0.9541485,-0.07048123,-0.28999296,-0.02317721,0,7,1785207010528306,1785207010528306,0.12713726,-0.030705452,0.26737535,1,0.017390527,0.017995108,0.005649373
1785207010547482100,0.14390834,2.2882874,0.014273308,0.0009449883,4.803305e-05,0.002014325,1,-0.08183413,6.0303783,-4.969036,0.11957429,0.11918443,0.08509899,0.9567278,-0.06984237,-0.28148076,-0.023716955,0,7,1785207010536306,1785207010536306,0.17994584,-0.045185857,0.2594109,1,0.017412666,0.017882785,0.005658377
1785207010555441275,0.17054081,2.5069327,0.024928614,0.000987863,5.0189352e-05,0.001969475,1,-0.07755633,6.029709,-4.967212,0.12002967,0.11963084,0.085344926,0.959482,-0.06908119,-0.27209306,-0.024239844,0,7,1785207010544306,1785207010544306,0.23225775,-0.05964731,0.24840562,1,0.017433697,0.017768161,0.005667351
1785207010567444249,0.273869,2.913332,0.041686352,0.0010598846,5.42361e-05,0.001893767,1,-0.06794191,6.0280476,-4.963842,0.1209479,0.12053121,0.0858391,0.96538293,-0.06703092,-0.25081515,-0.025191436,0,7,1785207010560306,1785207010560306,0.3351107,-0.08810017,0.21919553,1,0.017471364,0.017543951,0.005685288
1785207010575408103,0.30183458,3.0725882,0.049169317,0.0010887785,5.6135083e-05,0.0018631538,1,-0.06261768,6.0270567,-4.9623327,0.12141074,0.120985106,0.08608733,0.9684322,-0.06570048,-0.23909561,-0.025611361,0,7,1785207010568306,1785207010568306,0.38478205,-0.1030605,0.2004007,1,0.017488418,0.017433012,0.0056942455
1785207010587419232,0.31062442,3.2222574,0.06142419,0.0011129724,5.7838864e-05,0.001837289,1,-0.056961365,6.025953,-4.9610124,0.121874906,0.121440694,0.08573746,0.9714769,-0.06431589,-0.22675948,-0.026006399,0,7,1785207010576306,1785207010576306,0.4331816,-0.11781721,0.17823274,1,0.017502373,0.017319718,0.005683657
1785207010595430396,0.3468422,3.368466,0.07204501,0.0011325625,5.9319307e-05,0.0018163964,1,-0.05098321,6.0247393,-4.9598656,0.12234268,0.12189943,0.0859855,0.9744985,-0.062829755,-0.21379906,-0.026366659,0,7,1785207010584306,1785207010584306,0.47986785,-0.13191968,0.1536687,1,0.01751985,0.017209789,0.0056925854
1785207010607472746,0.47946608,3.592704,0.08857933,0.0011564441,6.1744955e-05,0.001790447,1,-0.03811337,6.022012,-4.9581904,0.1232857,0.12282406,0.08648388,0.98034215,-0.058888964,-0.18639065,-0.02683348,0,7,1785207010600306,1785207010600306,0.5663683,-0.15799402,0.095698036,1,0.017548794,0.01699841,0.0057104514
1785207010615398036,0.46055952,3.7109473,0.09846434,0.001160878,6.2638006e-05,0.0017852981,1,-0.031268146,6.020498,-4.9577003,0.123760946,0.1232899,0.08673423,0.98309386,-0.05681696,-0.17195277,-0.027028915,0,7,1785207010608306,1785207010608306,0.604918,-0.17173639,0.06365022,1,0.0175627,0.016898785,0.005719399
1785207010627352748,0.5274081,3.795638,0.11275512,0.0011605541,6.330033e-05,0.0017851373,1,-0.024174482,6.018885,-4.9574656,0.124238685,0.123758055,0.08698534,0.9856972,-0.054604817,-0.15710402,-0.02716229,0,7,1785207010616306,1785207010616306,0.6419549,-0.18343061,0.028767414,1,0.017576696,0.016809598,0.0057284017
1785207010635334235,0.6310021,3.8366504,0.1220949,0.0011554412,6.379948e-05,0.0017899292,1,-0.016844708,6.0171885,-4.9575133,0.12471893,0.12422852,0.087237224,0.9881252,-0.0519374,-0.14202891,-0.027182907,0,7,1785207010624306,1785207010624306,0.67661005,-0.19455095,-0.0094957305,1,0.017588824,0.016734125,0.005737485
1785207010647350965,0.62700576,3.9716706,0.13016208,0.0011293539,6.427862e-05,0.0018158959,1,-0.0015912559,6.0135407,-4.9585686,0.1256869,0.12517631,0.08712484,0.99236435,-0.046273876,-0.111064434,-0.027136533,0,7,1785207010640306,1785207010640306,0.73375577,-0.21707843,-0.09414624,1,0.017618237,0.016631387,0.005735717
1785207010655364965,0.72181267,3.9929812,0.13323687,0.0011078006,6.4296415e-05,0.0018374596,1,0.006275896,6.0115957,-4.9596124,0.12617329,0.1256527,0.087377265,0.99414515,-0.043250516,-0.095247164,-0.027070912,0,7,1785207010648306,1785207010648306,0.7584472,-0.22546053,-0.13962042,1,0.017631073,0.016607024,0.0057451255
1785207010667304668,0.8083681,3.9929788,0.13888192,0.0010806399,6.4198764e-05,0.001864899,1,0.014277801,6.0095873,-4.961016,0.1266635,0.12613225,0.087630466,0.99568236,-0.039794184,-0.079419665,-0.026936356,0,7,1785207010656306,1785207010656306,0.7790639,-0.23427,-0.18670963,1,0.017649235,0.016604045,0.0057546645
1785207010675284212,0.80276865,4.028132,0.13947469,0.001047819,6.39748e-05,0.0018981259,1,0.02237715,6.0075135,-4.9627914,0.12715626,0.12661408,0.08788445,0.99696547,-0.036262028,-0.06346481,-0.026779536,0,7,1785207010664306,1785207010664306,0.79454273,-0.24274014,-0.23468828,1,0.017669179,0.016620412,0.0057643354
1785207010687279241,0.84250486,4.056518,0.14147732,0.0009487721,6.274467e-05,0.0019670906,1,0.030783212,6.0051274,-4.969258,0.10643419,0.10624712,0.08017722,0.9987323,-0.029356042,-0.031170474,-0.026465822,0,7,1785207010680306,1785207010680306,0.8117277,-0.25436887,-0.33086488,1,0.014193333,0.01350295,0.0054009543
1785207010695281407,0.8840522,4.0402694,0.15006961,0.0009012814,6.2226594e-05,0.0020152838,1,0.03119696,6.0048094,-4.9739037,0.106807835,0.10661558,0.08040646,0.9992226,-0.025408858,-0.015069675,-0.026106233,0,7,1785207010688306,1785207010688306,0.8110883,-0.2576009,-0.37801534,1,0.014218421,0.013566598,0.0054108743
1785207010707272058,0.8528858,4.0810156,0.14932483,0.00084985414,6.1607956e-05,0.002067515,1,0.031729925,6.0044255,-4.9788976,0.10718354,0.10698585,0.08011378,0.99943686,-0.021507578,0.0011462946,-0.02573358,0,7,1785207010696306,1785207010696306,0.80508775,-0.26048544,-0.4219381,1,0.014246635,0.013648825,0.005404254
1785207010715287210,0.8294492,4.1191006,0.14528295,0.00079496566,6.0868853e-05,0.0021233289,1,0.032347254,6.003978,-4.9841743,0.107561305,0.10735795,0.08034299,0.9993665,-0.01775316,0.01754325,-0.025369164,0,7,1785207010704306,1785207010704306,0.79667675,-0.26239362,-0.46253765,1,0.014277427,0.013749347,0.005414412
1785207010727216313,0.97219884,4.0951347,0.14154783,0.0006777527,5.8707774e-05,0.002242871,1,0.03373254,6.0029635,-4.995442,0.1083227,0.10810744,0.08080362,0.99839014,-0.009338332,0.05021255,-0.024672944,0,7,1785207010720306,1785207010720306,0.77072275,-0.26088637,-0.5272774,1,0.0143457195,0.01399973,0.005435084
1785207010735249439,0.93384033,4.135082,0.13361599,0.000617408,5.752639e-05,0.002304587,1,0.034431834,6.0024085,-5.001329,0.10870676,0.1084852,0.08103504,0.99746925,-0.0050864676,0.066613644,-0.02433054,0,7,1785207010728306,1785207010728306,0.75205344,-0.26014343,-0.54841584,1,0.014385053,0.014150456,0.005445594
1785207010747203189,0.8912343,4.1726317,0.12693223,0.0005565409,5.627144e-05,0.0023668997,1,0.035104137,6.001821,-5.0073004,0.10909295,0.10886493,0.0812672,0.9962462,-0.0010359301,0.08316522,-0.023998922,0,7,1785207010736306,1785207010736306,0.7325468,-0.25926033,-0.56061834,1,0.0144288065,0.014315029,0.005456202
1785207010755221517,0.9466282,4.1518617,0.12019566,0.0004961234,5.464138e-05,0.0024291393,1,0.035744295,6.0012145,-5.013289,0.109481305,0.10924669,0.0815001,0.9947333,0.0031334732,0.09967294,-0.0236947,0,7,1785207010744306,1785207010744306,0.71321553,-0.25588065,-0.56443155,1,0.014478394,0.014493032,0.0054669
1785207010767213370,1.0094806,4.0498605,0.11306653,0.0003792483,5.108104e-05,0.002549961,1,0.03692374,5.999986,-5.024963,0.11026464,0.110016495,0.08142814,0.99090827,0.012070597,0.13197786,-0.023175053,0,7,1785207010760306,1785207010760306,0.6759611,-0.24873918,-0.5319361,1,0.014583041,0.014867729,0.005471176
1785207010775181000,0.9639409,4.0168366,0.10750326,0.00032400765,4.9251244e-05,0.0026072257,1,0.037466336,5.99936,-5.03046,0.110659644,0.11040467,0.08166174,0.98860914,0.016411483,0.14784212,-0.022918545,0,7,1785207010768306,1785207010768306,0.65845585,-0.24629124,-0.5010084,1,0.014643365,0.015066507,0.0054820436
1785207010787177963,0.87179077,3.9800858,0.10113949,0.00027228025,4.7039404e-05,0.0026613604,1,0.037983343,5.9987164,-5.0356364,0.111056924,0.110795096,0.08189608,0.9860655,0.020420382,0.16354215,-0.02262606,0,7,1785207010776306,1785207010776306,0.64230835,-0.2451545,-0.462638,1,0.014707911,0.015270421,0.005492953
1785207010795156825,0.8073525,3.899923,0.09949656,0.00022441256,4.474367e-05,0.0027117198,1,0.03848703,5.9980507,-5.040432,0.11145651,0.11118784,0.08213118,0.9833126,0.024100563,0.17893626,-0.022301244,0,7,1785207010784306,1785207010784306,0.62864465,-0.243496,-0.4165198,1,0.01477573,0.015470509,0.005503854
1785207010807203183,0.91413885,3.699657,0.099431574,0.0001415324,4.040467e-05,0.0027991154,1,0.03951737,5.996701,-5.0486536,0.11226217,0.1119801,0.08260363,0.97727853,0.03180029,0.20843197,-0.02171915,0,7,1785207010800306,1785207010800306,0.6081869,-0.23681228,-0.30317754,1,0.01492033,0.015863482,0.0055256537
1785207010815164541,0.9415755,3.6178956,0.09839242,0.00010797997,3.801413e-05,0.0028352567,1,0.04007272,5.996019,-5.0519776,0.11266885,0.112380184,0.082840994,0.97402126,0.0358935,0.22255762,-0.021504955,0,7,1785207010808306,1785207010808306,0.60053825,-0.23463027,-0.23831666,1,0.0149989305,0.016051643,0.0055365097
1785207010827145243,0.9484963,3.5545125,0.09840322,7.983274e-05,3.5768382e-05,0.0028658481,1,0.040665165,5.995324,-5.0547614,0.11307797,0.11278283,0.082524434,0.9706046,0.040012773,0.23637287,-0.021298576,0,7,1785207010816306,1785207010816306,0.5937555,-0.2327888,-0.17034167,1,0.015079703,0.016224116,0.0055294232
1785207010835176235,0.9476953,3.4964564,0.09414841,5.7267498e-05,3.38616e-05,0.0028905189,1,0.041297734,5.9946165,-5.056957,0.113489546,0.1131881,0.08276172,0.96703374,0.044118263,0.24990723,-0.02111096,0,7,1785207010824306,1785207010824306,0.5874937,-0.23133448,-0.10062126,1,0.015161673,0.016385462,0.0055401376
1785207010847196833,0.9056189,3.4165606,0.09177193,3.018957e-05,3.0250258e-05,0.002921603,1,0.042688075,5.993151,-5.059539,0.11432022,0.11400671,0.08323857,0.9594337,0.05210598,0.27630198,-0.02072041,0,7,1785207010840306,1785207010840306,0.5762481,-0.22944798,0.042574693,1,0.015340766,0.01666583,0.0055612624
1785207010855185864,0.88111955,3.3760805,0.09309423,2.5752995e-05,2.8785498e-05,0.0029277003,1,0.043449286,5.9923906,-5.0599113,0.11473939,0.11442013,0.08347814,0.9554126,0.055916168,0.2892065,-0.0204868,0,7,1785207010848306,1785207010848306,0.5711425,-0.22850113,0.11530125,1,0.015429324,0.016768565,0.0055716233
1785207010867176976,0.8712642,3.3353348,0.09255514,2.7528486e-05,2.7639408e-05,0.0029272682,1,0.044256717,5.991615,-5.059667,0.115161136,0.114836335,0.08371847,0.9512571,0.059655912,0.30189618,-0.020245457,0,7,1785207010856306,1785207010856306,0.5664959,-0.22727866,0.1883836,1,0.015517928,0.016858412,0.0055819144
1785207010875176578,0.87978745,3.2897954,0.089610934,3.558054e-05,2.6652026e-05,0.0029201875,1,0.04510908,5.9908266,-5.0588036,0.115584694,0.11525472,0.08395957,0.946972,0.063382186,0.3143655,-0.020029165,0,7,1785207010864306,1785207010864306,0.5619565,-0.22582495,0.26190528,1,0.015605545,0.016930902,0.005592102
1785207010887130198,0.9178722,3.180339,0.090141155,7.0345035e-05,2.5609914e-05,0.0028868536,1,0.046944346,5.9892173,-5.0552387,0.11644116,0.11610103,0.08387108,0.93805385,0.07099658,0.33856553,-0.01969863,0,7,1785207010880306,1785207010880306,0.55162793,-0.2223214,0.40702412,1,0.01577171,0.017011896,0.005593624
1785207010895239299,0.9271926,3.1039064,0.09227311,9.7297954e-05,2.5601239e-05,0.0028601023,1,0.047910504,5.9883995,-5.0525603,0.11687328,0.11652833,0.08411284,0.93347937,0.0748434,0.35018736,-0.01958309,0,7,1785207010888306,1785207010888306,0.543994,-0.22040795,0.47625497,1,0.01584688,0.017031617,0.0056035686
1785207010907161118,0.9295894,2.9822,0.09013762,0.00013033772,2.59108e-05,0.0028269435,1,0.048877977,5.9875784,-5.049319,0.11730796,0.116958365,0.084355354,0.9289012,0.07867562,0.36134747,-0.019512186,0,7,1785207010896306,1785207010896306,0.5322992,-0.21727972,0.5402177,1,0.015920581,0.017045498,0.0056134756
1785207010915143096,0.9144112,2.8216107,0.09014263,0.00016881998,2.6600668e-05,0.0027879616,1,0.04981313,5.986764,-5.045555,0.11774521,0.11739109,0.084598646,0.9244043,0.0824398,0.37188858,-0.019477684,0,7,1785207010904306,1785207010904306,0.5166924,-0.21316552,0.599441,1,0.015985338,0.017049383,0.005623368
1785207010927132224,0.8752634,2.2871153,0.081853844,0.0002607857,2.9064186e-05,0.0026939067,1,0.051420573,5.985199,-5.0366592,0.11862722,0.11826434,0.08508754,0.91611224,0.08959189,0.39029282,-0.0195725,0,7,1785207010920306,1785207010920306,0.466721,-0.19966522,0.6955223,1,0.016089112,0.01703912,0.0056431745
1785207010935170770,0.89417374,1.9068196,0.08130266,0.00031384194,3.063044e-05,0.002639261,1,0.051956877,5.9844894,-5.0316615,0.11907085,0.11870399,0.085333146,0.912627,0.09311778,0.3975527,-0.019827014,0,7,1785207010928306,1785207010928306,0.43063807,-0.1889324,0.7319245,1,0.016126836,0.017028637,0.005653112
1785207010947163044,0.89337456,1.4868387,0.07704434,0.00037048312,3.2316813e-05,0.0025811165,1,0.052254207,5.9838514,-5.026408,0.11951785,0.119146876,0.08499108,0.9097338,0.09661364,0.40328628,-0.020261575,0,7,1785207010936306,1785207010936306,0.38929144,-0.17670254,0.7636161,1,0.016163155,0.017024118,0.0056439727
1785207010955116377,0.8840548,1.054341,0.078374684,0.00042990717,3.426751e-05,0.0025199226,1,0.05227703,5.9832954,-5.0208836,0.119967185,0.1195922,0.08523654,0.9074959,0.10003514,0.40744248,-0.02085091,0,7,1785207010944306,1785207010944306,0.34465727,-0.16346058,0.79319197,1,0.016197752,0.017022286,0.0056539564
1785207010967113581,0.87020564,0.158454,0.07171658,0.00055484555,3.932031e-05,0.0023902843,1,0.051424533,5.982458,-5.0090675,0.12087285,0.120490015,0.085729785,0.90516466,0.10667016,0.4108386,-0.022583632,0,7,1785207010960306,1785207010960306,0.25136805,-0.13456848,0.8504444,1,0.016251074,0.017023813,0.0056740437
1785207010975130957,0.8140129,-0.2737779,0.07012112,0.0006200292,4.232052e-05,0.002322275,1,0.05053855,5.9821835,-5.0027747,0.12132911,0.12094245,0.08597758,0.90508014,0.10974298,0.410154,-0.02367171,0,7,1785207010968306,1785207010968306,0.20505796,-0.12043612,0.88017225,1,0.016272489,0.017025653,0.005684127
1785207010987143118,0.735982,-0.6799097,0.06399827,0.0006867641,4.557604e-05,0.0022524549,1,0.049348906,5.982002,-4.9962187,0.121787615,0.12139722,0.08622615,0.9056931,0.11249213,0.40798113,-0.024842955,0,7,1785207010976306,1785207010976306,0.15917553,-0.10642883,0.9101786,1,0.016292054,0.017027829,0.0056942278
1785207010995094788,0.62732404,-1.0476933,0.06213404,0.0007548953,4.9036687e-05,0.00218103,1,0.047855407,5.981912,-4.9894004,0.12224836,0.1218543,0.0864755,0.90695167,0.11483303,0.40444311,-0.026037559,0,7,1785207010984306,1785207010984306,0.11309429,-0.09284805,0.9397923,1,0.016310021,0.017030362,0.0057043475
1785207011007221238,0.3234582,-1.7196077,0.056538183,0.0008949425,5.6288754e-05,0.0020338602,1,0.043920018,5.9820065,-4.975043,0.12317518,0.122774385,0.086368814,0.9112596,0.11779639,0.39361444,-0.028240686,0,7,1785207011000306,1785207011000306,0.017210107,-0.0648905,0.9936633,1,0.016340483,0.017034054,0.0057048122
1785207011015134655,0.17085825,-2.0021691,0.05387623,0.00096613436,6.0086815e-05,0.0019590317,1,0.041446213,5.9822054,-4.967541,0.123642564,0.12323836,0.08661876,0.9141824,0.11836799,0.38653076,-0.029216569,0,7,1785207011008306,1785207011008306,-0.03445039,-0.04912266,1.0163858,1,0.016357549,0.017038878,0.005714981
1785207011027052225,0.00014603231,-2.2450492,0.05653195,0.0010377091,6.40457e-05,0.0018836576,1,0.03860537,5.982517,-4.9598517,0.12411217,0.123704635,0.08686949,0.91750723,0.11829714,0.37852708,-0.030058464,0,7,1785207011016306,1785207011016306,-0.08903087,-0.03235319,1.0351764,1,0.016374795,0.017043699,0.005725166
1785207011035064751,-0.17695352,-2.4759457,0.05999726,0.0011093611,6.825053e-05,0.0018079563,1,0.035375364,5.9829516,-4.952013,0.124584004,0.12417321,0.08712101,0.921194,0.11753456,0.36965248,-0.030728245,0,7,1785207011024306,1785207011024306,-0.14610282,-0.014167847,1.048543,1,0.01639265,0.017047836,0.0057353596
1785207011047055310,-0.45152882,-2.8866043,0.07466101,0.0012505971,7.727744e-05,0.0016579971,1,0.027667146,5.98424,-4.936062,0.12553439,0.12511726,0.0876264,0.92942077,0.114304624,0.34943992,-0.03167376,0,7,1785207011040306,1785207011040306,-0.267211,0.026511429,1.0596157,1,0.01643324,0.017049147,0.0057557086
1785207011055041415,-0.56817293,-3.0581121,0.08078789,0.0013185979,8.202378e-05,0.0015853983,1,0.023148712,5.985111,-4.9280314,0.12601297,0.12559275,0.08788027,0.93382245,0.11195549,0.33825976,-0.031968277,0,7,1785207011048306,1785207011048306,-0.33098975,0.047978263,1.0574801,1,0.016460612,0.017039003,0.005765748
1785207011067089124,-0.6685782,-3.2032537,0.090125434,0.001383315,8.683288e-05,0.0015160168,1,0.018166924,5.986143,-4.9200563,0.12649387,0.12607059,0.08751094,0.93832886,0.10917088,0.32647628,-0.03215442,0,7,1785207011056320,1785207011056320,-0.39609239,0.07061546,1.0498519,1,0.016493296,0.017021105,0.00575526
1785207011075030424,-0.74181384,-3.3175013,0.09997415,0.0014435753,9.1585476e-05,0.0014509453,1,0.01270104,5.987345,-4.912144,0.1269755,0.12654951,0.08776458,0.9428668,0.10609061,0.31417596,-0.032258254,0,7,1785207011064320,1785207011064320,-0.46205816,0.09406403,1.0370715,1,0.01653017,0.016990552,0.005765013
1785207011087034670,-0.92318356,-3.5175345,0.11595772,0.0015303701,9.77941e-05,0.0013292669,1,0.0019026198,5.989673,-4.9002724,0.10647275,0.10624892,0.080078,0.9519028,0.098810114,0.288243,-0.032151252,0,7,1785207011080320,1785207011080320,-0.591582,0.1398873,0.99563885,1,0.01344864,0.013640583,0.0054008197
1785207011095096460,-0.95461303,-3.572394,0.12157751,0.001565602,0.00010268841,0.0012892775,1,-0.0034522193,5.9908094,-4.8962975,0.10684293,0.10661565,0.080306955,0.9562935,0.09480889,0.27475137,-0.03202865,0,7,1785207011088320,1785207011088320,-0.6546621,0.16269581,0.968796,1,0.01350764,0.013597601,0.0054099066
1785207011107060960,-1.0132059,-3.6128745,0.13671982,0.0015911156,0.00010763858,0.0012589485,1,-0.009294121,5.9921227,-4.8924413,0.10721522,0.106984444,0.08053664,0.9605378,0.090631954,0.2610375,-0.03181858,0,7,1785207011096320,1785207011096320,-0.71574724,0.18367583,0.9386013,1,0.013570571,0.013559235,0.0054189377
1785207011115023750,-1.1263864,-3.6634758,0.14842436,0.001606473,0.000112659975,0.0012387038,1,-0.015605986,5.9935966,-4.888737,0.10758965,0.10735531,0.08076706,0.96465284,0.08603354,0.24709028,-0.031459983,0,7,1785207011104320,1785207011104320,-0.7745477,0.20332152,0.9042719,1,0.013637002,0.013529596,0.0054279645
1785207011127031062,-1.1892327,-3.7284563,0.14848776,0.0016078615,0.00012269881,0.0012275421,1,-0.02955347,5.9970107,-4.881917,0.10834504,0.108103275,0.080699734,0.9723737,0.07608145,0.21855544,-0.030572101,0,7,1785207011120320,1785207011120320,-0.88321996,0.24176534,0.82719666,1,0.013773213,0.013504898,0.005429267
1785207011135059408,-1.2600827,-3.7401733,0.16200764,0.001594669,0.00012733688,0.0012362297,1,-0.03714002,5.998936,-4.878846,0.10872602,0.10848035,0.08093082,0.97591436,0.07089499,0.20411265,-0.03005147,0,7,1785207011128320,1785207011128320,-0.93311757,0.25798643,0.7844627,1,0.013841948,0.013510944,0.0054385085
1785207011147012767,-1.339167,-3.7787936,0.1662887,0.0015730301,0.00013150346,0.0012536435,1,-0.045097366,6.0009856,-4.8760376,0.109108575,0.108859025,0.08116263,0.97925884,0.06536755,0.18950744,-0.029431606,0,7,1785207011136320,1785207011136320,-0.9793908,0.27300593,0.7381106,1,0.013909131,0.013527558,0.005447826
1785207011156520491,-1.3463504,-3.8126156,0.15570162,0.0015436942,0.00013495937,0.0012796577,1,-0.053402834,6.003152,-4.8735185,0.10949395,0.10924021,0.08139517,0.9823883,0.059676994,0.17470405,-0.028817795,0,7,1785207011144320,1785207011144320,-1.0226871,0.2878204,0.6893819,1,0.01398029,0.013559081,0.0054572085
1785207011167075065,-1.3317181,-3.801694,0.16309197,0.0014639287,0.00013920413,0.0013554513,1,-0.07096548,6.007818,-4.8694158,0.11027141,0.11000882,0.08186246,0.9878538,0.048658647,0.14495581,-0.02766053,0,7,1785207011160320,1785207011160320,-1.0999128,0.3124281,0.58725435,1,0.0141401505,0.013669149,0.005476079
1785207011175022978,-1.37272,-3.8293939,0.15912135,0.0014152239,0.00013986396,0.0014036341,1,-0.080161236,6.010276,-4.867859,0.110663585,0.11039628,0.0820972,0.9902221,0.042890053,0.12996268,-0.027024856,0,7,1785207011168320,1785207011168320,-1.1315593,0.3214223,0.534387,1,0.014230332,0.013753613,0.005485578
1785207011187016312,-1.2877712,-3.8360457,0.1592094,0.0013613172,0.00013940023,0.001458145,1,-0.08958559,6.0128064,-4.8666487,0.11105812,0.110785894,0.0817879,0.99232876,0.037296847,0.11486942,-0.026416296,0,7,1785207011176320,1785207011176320,-1.1594639,0.33097056,0.48037127,1,0.014330028,0.013862234,0.0054776785
1785207011195090306,-1.2387726,-3.8200684,0.16739185,0.0013024724,0.00013796563,0.0015185666,1,-0.0992094,6.015403,-4.865794,0.11145508,0.1111777,0.082022555,0.9941588,0.032004185,0.09978946,-0.025807746,0,7,1785207011184320,1785207011184320,-1.1836163,0.33742633,0.425653,1,0.014440822,0.013997298,0.0054873237
1785207011207123697,-1.2590021,-3.8413758,0.1676904,0.0011727692,0.00013255214,0.0016539773,1,-0.11891646,6.0207024,-4.8651624,0.11225655,0.111968085,0.082494065,0.9970568,0.021171298,0.069493026,-0.024503265,0,7,1785207011200320,1785207011200320,-1.217803,0.34490496,0.3178947,1,0.014688489,0.014358028,0.0055069714
1785207011215085266,-1.1181288,-3.8078172,0.16747707,0.001103248,0.00012870884,0.0017272894,1,-0.12892377,6.023392,-4.8653684,0.11266044,0.11236621,0.08273093,0.99810445,0.0162037,0.054354433,-0.023887007,0,7,1785207011208320,1785207011208320,-1.2293935,0.34856883,0.2665932,1,0.014825908,0.014585166,0.0055170157
1785207011226994600,-1.0760585,-3.7478979,0.17723551,0.0010318827,0.00012441148,0.0018031056,1,-0.13900208,6.0260987,-4.865903,0.113067724,0.11276732,0.082968526,0.9988855,0.011552828,0.03941722,-0.023251142,0,7,1785207011216320,1785207011216320,-1.2374978,0.34904355,0.21799101,1,0.014975671,0.014846427,0.0055272332
1785207011235020061,-1.0941566,-3.6853178,0.17615905,0.00095925614,0.00011949871,0.0018808023,1,-0.14912246,6.0288005,-4.8667626,0.11347775,0.113170914,0.08265048,0.9994158,0.0068502706,0.024716273,-0.022589732,0,7,1785207011224320,1785207011224320,-1.241879,0.3478582,0.17366302,1,0.015132468,0.0151375225,0.005519751
1785207011247029096,-0.95194924,-3.467201,0.16236106,0.0008127543,0.000108342014,0.0020387834,1,-0.16938286,6.0341682,-4.8692665,0.11430625,0.11398591,0.083126195,0.99976385,-0.0019812174,-0.003586003,-0.021341186,0,7,1785207011240320,1785207011240320,-1.2418293,0.3451958,0.09535043,1,0.015467308,0.015800113,0.0055411146
1785207011255001835,-0.9186611,-3.3164678,0.16524455,0.0007407286,0.00010247096,0.0021168464,1,-0.17948307,6.036828,-4.870869,0.11472483,0.11439745,0.083365165,0.9996244,-0.005981037,-0.016922109,-0.020715702,0,7,1785207011248320,1785207011248320,-1.2382858,0.34195784,0.060192082,1,0.015638022,0.016163934,0.0055520656
1785207011267008125,-0.89948404,-3.1659992,0.16498588,0.0006700056,9.6065494e-05,0.0021941422,1,-0.18953797,6.0394573,-4.872676,0.11514634,0.114811786,0.08360488,0.9993094,-0.00990467,-0.029653663,-0.020083826,0,7,1785207011256320,1785207011256320,-1.2320124,0.33794066,0.028404204,1,0.015810605,0.016544424,0.0055631716
1785207011274985083,-0.8717815,-2.999021,0.15273495,0.00060092844,8.929186e-05,0.002270165,1,-0.19952646,6.04205,-4.8746653,0.11557081,0.11522902,0.08384534,0.99884456,-0.013707307,-0.04173596,-0.01948717,0,7,1785207011264320,1785207011264320,-1.2233139,0.332894,-0.0014839566,1,0.015988471,0.01693579,0.0055744024
1785207011286976284,-0.86193043,-2.847753,0.1410038,0.0005343046,8.269301e-05,0.0023435636,1,-0.20942709,6.044599,-4.8768387,0.1159983,0.11564921,0.08408656,0.9982536,-0.01741685,-0.053175032,-0.018945035,0,7,1785207011272320,1785207011272320,-1.2111584,0.32698178,-0.03357647,1,0.01617002,0.01733161,0.005585731
1785207011294991996,-0.8986839,-2.7604024,0.14126532,0.00047060248,7.6093565e-05,0.0024138354,1,-0.2192015,6.047091,-4.8792334,0.11642791,0.116071716,0.084328525,0.997542,-0.021229379,-0.06418913,-0.018416908,0,7,1785207011280320,1785207011280320,-1.1947576,0.31914702,-0.071772836,1,0.016342705,0.017731361,0.0055971467
1785207011307026730,-0.9969418,-2.764668,0.105840325,0.00035246034,6.2858366e-05,0.0025455775,1,-0.23827347,6.051871,-4.884723,0.11729816,0.1169276,0.08423837,0.99571806,-0.029294085,-0.08590547,-0.017542562,0,7,1785207011296320,1785207011296320,-1.1520846,0.301015,-0.14108858,1,0.016697625,0.01852708,0.00560157
1785207011315014588,-1.1002736,-2.8456275,0.08613672,0.00029900778,5.705994e-05,0.0026050154,1,-0.24752794,6.0541415,-4.887755,0.11773798,0.11736043,0.08448096,0.9945535,-0.033831168,-0.09706277,-0.017254977,0,7,1785207011304320,1785207011304320,-1.1273416,0.2902675,-0.16788,1,0.016877638,0.018920064,0.005613101
1785207011326989678,-1.2925544,-3.0046186,0.045927543,0.00020512851,4.639946e-05,0.002709934,1,-0.265392,6.058414,-4.894263,0.1186271,0.118236184,0.08496844,0.99161494,-0.04404626,-0.120296516,-0.016986167,0,7,1785207011320320,1785207011320320,-1.0714134,0.2666358,-0.21638525,1,0.017204111,0.019654807,0.0056360615
1785207011335026340,-1.3516741,-3.0762584,0.024634495,0.000164854,4.1908163e-05,0.0027548918,1,-0.27396613,6.0604033,-4.8977137,0.1190764,0.11867922,0.085213326,0.9898187,-0.04959513,-0.13232663,-0.016999306,0,7,1785207011328320,1785207011328320,-1.0404966,0.25389457,-0.23715936,1,0.017370509,0.019990923,0.005647442
1785207011347040435,-1.3969511,-3.113541,0.0027961899,0.00012958862,3.8167862e-05,0.0027940914,1,-0.28228924,6.0622883,-4.9012647,0.11952891,0.11912576,0.08545899,0.98780555,-0.0553228,-0.14452228,-0.017116725,0,7,1785207011336320,1785207011336320,-1.0093031,0.2407528,-0.25375283,1,0.017522937,0.020305807,0.0056587444
1785207011355028915,-1.4262506,-3.0959647,-0.0038739045,9.929589e-05,3.4835903e-05,0.0028276995,1,-0.2903484,6.064071,-4.9049087,0.11998346,0.119575,0.08511524,0.98560405,-0.06115085,-0.15667377,-0.017282017,0,7,1785207011344320,1785207011344320,-0.9778968,0.22775762,-0.26594052,1,0.017662333,0.0205882,0.0056507825
1785207011367046125,-1.4100022,-2.9883745,-0.033664692,5.4208802e-05,2.9939047e-05,0.0028780815,1,-0.3056992,6.0673127,-4.9122615,0.12090432,0.120485865,0.08560702,0.98073024,-0.07290332,-0.18037726,-0.017813861,0,7,1785207011360320,1785207011360320,-0.91362405,0.20074955,-0.27804694,1,0.017938193,0.021063317,0.005672725
1785207011375019526,-1.3679239,-2.897827,-0.047263645,3.981402e-05,2.841576e-05,0.002894201,1,-0.31298512,6.0687723,-4.9159083,0.12136954,0.12094667,0.085854076,0.97813433,-0.0784937,-0.19173627,-0.018144095,0,7,1785207011368320,1785207011368320,-0.88128406,0.18658252,-0.2782301,1,0.018057866,0.021259982,0.0056835124
1785207011387050954,-1.3378332,-2.787837,-0.055522647,3.0715768e-05,2.728693e-05,0.0029046303,1,-0.32001424,6.070118,-4.9194956,0.12183791,0.121411055,0.086101905,0.97546816,-0.08394386,-0.20266333,-0.01851886,0,7,1785207011376320,1785207011376320,-0.8498101,0.17233746,-0.27417246,1,0.018166138,0.021423591,0.005694152
1785207011395112073,-1.3034785,-2.650418,-0.06431903,2.670361e-05,2.6595495e-05,0.0029095372,1,-0.32679784,6.071351,-4.9229817,0.12230938,0.121879,0.08635052,0.9727727,-0.08922696,-0.21305664,-0.018938757,0,7,1785207011384320,1785207011384320,-0.81997114,0.15807019,-0.2640333,1,0.018270634,0.021557748,0.0057046562
1785207011407055292,-1.1596682,-2.3164573,-0.07415959,3.2367876e-05,2.6408678e-05,0.0029044696,1,-0.33968455,6.0735025,-4.929458,0.123261645,0.12282545,0.0868501,0.9674999,-0.09897128,-0.23185197,-0.019833643,0,7,1785207011400320,1785207011400320,-0.7660433,0.13332994,-0.22432789,1,0.0184641,0.021759637,0.005725332
1785207011415036047,-1.1157258,-2.1745107,-0.07922496,4.0944236e-05,2.6795642e-05,0.0028957117,1,-0.34581828,6.0744367,-4.932359,0.123742394,0.12330392,0.086491585,0.96495014,-0.10345116,-0.24032573,-0.020312797,0,7,1785207011408320,1785207011408320,-0.741257,0.12182419,-0.19502719,1,0.018548103,0.021823423,0.0057156556
1785207011427071893,-1.0813742,-2.061859,-0.08428271,5.254329e-05,2.7455746e-05,0.0028834492,1,-0.35175145,6.0752783,-4.934968,0.12422471,0.123784825,0.086741574,0.96243924,-0.10776044,-0.24832399,-0.020826343,0,7,1785207011416320,1785207011416320,-0.7175267,0.110690996,-0.16158812,1,0.018622315,0.021863542,0.005725671
1785207011435081012,-1.0784436,-1.9337609,-0.08589596,6.66261e-05,2.8399121e-05,0.0028686284,1,-0.35750085,6.07603,-4.937258,0.1247115,0.124270156,0.08699235,0.9599713,-0.11200863,-0.25583604,-0.021382915,0,7,1785207011424320,1785207011424320,-0.6952282,0.09911967,-0.12505493,1,0.01869721,0.021878272,0.0057355575
1785207011447062184,-0.9567363,-1.6266998,-0.09093694,0.00010178553,3.128838e-05,0.0028309955,1,-0.36849147,6.07728,-4.940802,0.12569417,0.12525097,0.08749627,0.9553464,-0.11991721,-0.26911673,-0.022570657,0,7,1785207011440320,1785207011440320,-0.654204,0.07915864,-0.04488077,1,0.018836468,0.021822706,0.0057548666
1785207011455067827,-0.88989234,-1.4717029,-0.09200246,0.00012330004,3.333775e-05,0.0028076393,1,-0.37374848,6.077793,-4.9420176,0.12619007,0.12574637,0.087749414,0.9532532,-0.12343526,-0.2748365,-0.023174988,0,7,1785207011448320,1785207011448320,-0.6347668,0.07001441,-0.0011739663,1,0.018893419,0.021757899,0.0057643503
1785207011467012679,-0.82757413,-1.3334851,-0.09413179,0.00014806942,3.5987163e-05,0.0027804277,1,-0.37885073,6.0782332,-4.942844,0.12668896,0.126245,0.088003345,0.95130265,-0.1266928,-0.28001195,-0.023783337,0,7,1785207011456320,1785207011456320,-0.615185,0.060453217,0.04344611,1,0.01894275,0.021676341,0.0057737543
1785207011474991701,-0.7585987,-1.2056533,-0.09599304,0.00017637244,3.9326067e-05,0.002748993,1,-0.38379455,6.0785956,-4.94329,0.12719078,0.1267468,0.08763235,0.9494963,-0.12967382,-0.28468704,-0.024388537,0,7,1785207011464320,1785207011464320,-0.59495765,0.050362255,0.08793197,1,0.018988965,0.021582594,0.0057626627
1785207011487010645,-0.6240798,-0.93208444,-0.09946487,0.00023496864,4.6657926e-05,0.0025139549,1,-0.395649,6.0800314,-4.9437256,0.106270105,0.10606754,0.07997053,0.94636375,-0.1348344,-0.29250807,-0.025580069,0,7,1785207011480320,1785207011480320,-0.554886,0.030823667,0.17600499,1,0.015066116,0.016615633,0.0053977966
1785207011495028431,-0.5561709,-0.793602,-0.10239146,0.00027228016,5.2102587e-05,0.0024711525,1,-0.40249646,6.081081,-4.943702,0.10664592,0.10643624,0.08019891,0.94507265,-0.1369824,-0.29561788,-0.026147297,0,7,1785207011488320,1785207011488320,-0.53468996,0.020587264,0.21940036,1,0.015094164,0.016521962,0.005406947
1785207011507062944,-0.4818695,-0.66284066,-0.09999202,0.00031220703,5.823673e-05,0.0024252962,1,-0.4091211,6.082023,-4.9432883,0.10702449,0.10680792,0.08042802,0.9439643,-0.13884725,-0.29822832,-0.026696539,0,7,1785207011496320,1785207011496320,-0.5127565,0.009381541,0.26070932,1,0.01512288,0.016430153,0.0054160873
1785207011515002571,-0.39105526,-0.53287876,-0.09945823,0.00035420683,6.507255e-05,0.0023766656,1,-0.4155053,6.082852,-4.942509,0.107405305,0.10718212,0.08065787,0.9430495,-0.14036663,-0.3003577,-0.02720643,0,7,1785207011504320,1785207011504320,-0.48799756,-0.002840011,0.2983152,1,0.015146428,0.016337756,0.005425205
1785207011526974665,-0.18892112,-0.24499129,-0.09439808,0.0004421068,7.96905e-05,0.0022745563,1,-0.42746013,6.084128,-4.9399896,0.10817359,0.10793798,0.08111978,0.9418812,-0.14225104,-0.30304533,-0.028074762,0,7,1785207011520320,1785207011520320,-0.4285578,-0.031869944,0.36075315,1,0.015188617,0.016154187,0.0054433746
1785207011535006668,-0.07893284,-0.10251211,-0.092267364,0.000486791,8.733597e-05,0.002222431,1,-0.4329808,6.084551,-4.9383426,0.108561024,0.10831955,0.08081993,0.9416483,-0.14256306,-0.3035889,-0.028426081,0,7,1785207011528320,1785207011528320,-0.39433753,-0.048639104,0.385767,1,0.015204286,0.016069684,0.005435491
1785207011547026804,0.027593493,0.029048065,-0.09279996,0.0005310335,9.512625e-05,0.0021706014,1,-0.43816695,6.0848165,-4.936467,0.10895063,0.10870351,0.081051216,0.9416397,-0.14245471,-0.30363864,-0.028723698,0,7,1785207011536320,1785207011536320,-0.35645512,-0.066924356,0.40627825,1,0.015216226,0.015992993,0.005444579
1785207011554988553,0.13625057,0.16087452,-0.08800617,0.0005739244,0.00010289559,0.0021201442,1,-0.4429822,6.0849075,-4.9344144,0.10934238,0.10908982,0.08128324,0.9418524,-0.14192243,-0.3032064,-0.028949957,0,7,1785207011544320,1785207011544320,-0.31331006,-0.087852836,0.41952798,1,0.015229238,0.015923899,0.0054536727
1785207011566998580,0.34424305,0.41733655,-0.0821465,0.00065457384,0.00011774854,0.0020247851,1,-0.45134377,6.08449,-4.9300065,0.11013159,0.10986879,0.081749514,0.9429273,-0.13963076,-0.3008961,-0.029206652,0,7,1785207011560320,1785207011560320,-0.21201375,-0.13707836,0.42427933,1,0.015247188,0.015804276,0.0054718857
1785207011575028549,0.43452433,0.5347821,-0.078151405,0.00069277297,0.00012503401,0.0019795012,1,-0.4548155,6.0839443,-4.927771,0.11052968,0.11026191,0.08198375,0.94375974,-0.13792074,-0.2990661,-0.029240826,0,7,1785207011568320,1785207011568320,-0.15537632,-0.16455163,0.41729537,1,0.015254875,0.015751537,0.005480996
1785207011587017666,0.50669575,0.6437058,-0.07095925,0.0007294051,0.00013241095,0.0019356933,1,-0.4577813,6.0831585,-4.92557,0.11092985,0.11065725,0.08221874,0.9447602,-0.13591053,-0.2968218,-0.029214147,0,7,1785207011576320,1785207011576320,-0.09585128,-0.19350131,0.40597996,1,0.01525943,0.01570503,0.0054901186
1785207011594991067,0.57780206,0.7438406,-0.066965796,0.0007639165,0.00013970461,0.0018940883,1,-0.46021852,6.0821214,-4.923452,0.11133208,0.11105479,0.08190806,0.9459104,-0.13362433,-0.2941916,-0.029144233,0,7,1785207011584320,1785207011584320,-0.03344196,-0.22374025,0.3893442,1,0.015266445,0.015664412,0.005481745
1785207011607025290,0.65743136,0.94650716,-0.05390835,0.0008251716,0.00015304326,0.0018198929,1,-0.46345744,6.0792723,-4.919567,0.11214276,0.11185639,0.08237858,0.94859457,-0.12846427,-0.28779942,-0.028926957,0,7,1785207011600320,1785207011600320,0.093317054,-0.2847997,0.3486102,1,0.015282684,0.015593462,0.005499999
1785207011614998030,0.67713875,1.0525008,-0.043524012,0.0008520042,0.00015908964,0.001787212,1,-0.46426293,6.077464,-4.917829,0.11255119,0.11226042,0.08261495,0.95010936,-0.1257421,-0.28399238,-0.028803319,0,7,1785207011608320,1785207011608320,0.15637201,-0.3147324,0.32598123,1,0.015289102,0.0155600635,0.0055091297
1785207011626992146,0.719216,1.153435,-0.036602397,0.00087651465,0.00016466342,0.001757325,1,-0.46452948,6.075408,-4.9162426,0.11296168,0.11266659,0.08285206,0.9517353,-0.122864336,-0.2797911,-0.028656073,0,7,1785207011616320,1785207011616320,0.21847714,-0.34366757,0.30279228,1,0.01529439,0.015526506,0.0055182595
1785207011634995154,0.75410366,1.2698151,-0.03207016,0.0008986142,0.00016979426,0.0017302916,1,-0.4642776,6.073114,-4.9148035,0.11337421,0.11307489,0.0830899,0.9534744,-0.11983138,-0.27516297,-0.02850413,0,7,1785207011624320,1785207011624320,0.27724928,-0.37097844,0.2810052,1,0.015300417,0.01549439,0.0055273944
1785207011646986956,0.8236111,1.5483818,-0.009703133,0.0009349041,0.00017838398,0.0016855346,1,-0.462304,6.067852,-4.912337,0.114204556,0.11389711,0.08300662,0.957332,-0.11340585,-0.26431388,-0.028155887,0,7,1785207011640320,1785207011640320,0.3880772,-0.4220226,0.240078,1,0.015310044,0.015429674,0.0055276426
1785207011655005824,0.88779366,1.6636964,-0.0022492923,0.0009492297,0.00018187005,0.0016679191,1,-0.46061295,6.064911,-4.9113035,0.114623204,0.114311725,0.083245076,0.95943534,-0.109858155,-0.25813675,-0.027937854,0,7,1785207011648320,1785207011648320,0.44174874,-0.44522178,0.21888462,1,0.015314771,0.015397562,0.0055367905
1785207011666980754,0.93706244,1.7659618,0.005475295,0.0009610428,0.00018466447,0.0016535075,1,-0.45846018,6.0617743,-4.910423,0.11504389,0.114728436,0.08348428,0.96161556,-0.10609751,-0.2515403,-0.027682586,0,7,1785207011656320,1785207011656320,0.4952772,-0.46814758,0.19465503,1,0.01531997,0.015362997,0.0055459337
1785207011674984583,0.9692879,1.8634328,0.016132232,0.0009701313,0.00018669729,0.0016425815,1,-0.45584512,6.0584435,-4.9097247,0.11546662,0.11514723,0.083724216,0.96384794,-0.102188334,-0.24454935,-0.027395004,0,7,1785207011664320,1785207011664320,0.5493363,-0.49108967,0.16632324,1,0.015325056,0.015326428,0.005555077
1785207011687037161,1.0912601,1.9140332,0.027824726,0.0009796852,0.00018823637,0.0016318802,1,-0.44919497,6.05121,-4.9090033,0.116318166,0.11599108,0.08420633,0.9683037,-0.09371653,-0.22998995,-0.026644122,0,7,1785207011680320,1785207011680320,0.6603039,-0.53531456,0.09927203,1,0.015334941,0.01525391,0.005573407
1785207011695006825,1.1368002,1.8983204,0.036351956,0.0009803798,0.00018768478,0.0016319323,1,-0.44516557,6.0473204,-4.9090223,0.116746984,0.11641611,0.0844485,0.97044563,-0.089156754,-0.22271737,-0.026141709,0,7,1785207011688320,1785207011688320,0.71354544,-0.5556621,0.063253604,1,0.0153410705,0.015221361,0.0055826167
1785207011707023033,1.1658279,1.890865,0.043275706,0.0009783049,0.00018622156,0.0016353957,1,-0.44069102,6.0432653,-4.9093394,0.117176816,0.11684234,0.08411509,0.9725139,-0.08448663,-0.21546349,-0.025579782,0,7,1785207011696320,1785207011696320,0.76468486,-0.5745353,0.027571172,1,0.015345354,0.015190682,0.00557329
1785207011715005291,1.2433242,1.8461254,0.043784473,0.0009737447,0.00018397724,0.0016423956,1,-0.4357829,6.0390587,-4.909915,0.11760965,0.11727147,0.08435711,0.9745008,-0.0795544,-0.20832038,-0.024940606,0,7,1785207011704320,1785207011704320,0.8143626,-0.59133065,-0.007510366,1,0.015353845,0.015170319,0.005582618
1785207011727008976,1.3629006,1.7007164,0.048053455,0.0009571568,0.00017718664,0.0016661673,1,-0.42473295,6.0302396,-4.911822,0.11848134,0.118135884,0.08484341,0.9781207,-0.06896006,-0.19487536,-0.02341154,0,7,1785207011720320,1785207011720320,0.9059272,-0.6206376,-0.0755486,1,0.015382812,0.015172521,0.0056016357
1785207011735072209,1.4310776,1.6541113,0.050978478,0.00094545435,0.0001729122,0.0016823423,1,-0.41863546,6.0256553,-4.9131427,0.11892019,0.11857117,0.08508769,0.97977924,-0.0633007,-0.18846166,-0.022534514,0,7,1785207011728320,1785207011728320,0.9482175,-0.632564,-0.108427726,1,0.015404,0.0152030615,0.0056113885
1785207011747035807,1.5485232,1.5790105,0.049628418,0.00093170983,0.00016815841,0.0017010386,1,-0.41217384,6.0209756,-4.914703,0.11936106,0.11900851,0.08533272,0.98133826,-0.05722079,-0.18230756,-0.021563994,0,7,1785207011736320,1785207011736320,0.9896725,-0.6423453,-0.14110911,1,0.0154315885,0.015258005,0.0056213387
1785207011755033795,1.6457264,1.4972531,0.044842564,0.00091603905,0.0001630523,0.0017220138,1,-0.40535834,6.0162134,-4.916506,0.119803935,0.119447924,0.085578516,0.98278266,-0.050736833,-0.17647535,-0.020510176,0,7,1785207011744320,1785207011744320,1.0294548,-0.6508236,-0.17478111,1,0.015465919,0.015338858,0.0056314957
1785207011767047539,1.8233607,1.4216175,0.042458225,0.000878587,0.00015251322,0.0017704042,1,-0.39073527,6.006502,-4.9209313,0.1206958,0.12033305,0.08547887,0.9853787,-0.03673563,-0.16537158,-0.01821405,0,7,1785207011760320,1785207011760320,1.1020837,-0.66164476,-0.24140565,1,0.0155545715,0.015575746,0.005633244
1785207011775047260,1.9269553,1.3981843,0.038734302,0.00085673487,0.00014705186,0.0017976564,1,-0.38296765,6.001581,-4.9234934,0.12114358,0.120777756,0.08572525,0.9865463,-0.029147312,-0.15996522,-0.016972754,0,7,1785207011768320,1785207011768320,1.1348059,-0.66414154,-0.27086404,1,0.015605609,0.01572759,0.0056439578
1785207011787072276,2.0209644,1.4181582,0.030499814,0.00083298626,0.00014144114,0.0018272172,1,-0.3749252,5.9966393,-4.9262557,0.12159467,0.12122569,0.08597239,0.9876369,-0.021167926,-0.15452754,-0.015702091,0,7,1785207011776320,1785207011776320,1.1639953,-0.6648636,-0.2966248,1,0.015664719,0.015899168,0.005654791
1785207011794936107,2.0875435,1.4836715,0.027057085,0.0008067935,0.0001358015,0.0018592516,1,-0.36663637,5.99169,-4.9291897,0.12204789,0.12167585,0.086220294,0.9886699,-0.012888872,-0.14885636,-0.014404534,0,7,1785207011784320,1785207011784320,1.1898819,-0.6640122,-0.31878632,1,0.015728068,0.016086636,0.005665744
1785207011806992182,2.252394,1.7585084,0.022289407,0.0007472936,0.00012398062,0.0019309797,1,-0.3494221,5.9818273,-4.93549,0.122960836,0.12258303,0.08611424,0.9906173,0.004567267,-0.13608491,-0.011730799,0,7,1785207011800320,1785207011800320,1.2321727,-0.6563439,-0.35237324,1,0.015868094,0.016509192,0.005668393
1785207011815017052,2.3003278,1.9356124,0.012454891,0.00071488897,0.00011772112,0.0019698483,1,-0.34054726,5.9769425,-4.938795,0.12342064,0.123040155,0.08636271,0.99153596,0.013738172,-0.12868762,-0.010363163,0,7,1785207011808320,1785207011808320,1.2487302,-0.65064204,-0.36310408,1,0.015946114,0.016749447,0.0056797247
1785207011826987513,2.3165753,2.1041873,0.007666696,0.0006810888,0.00011140874,0.0020101669,1,-0.33152464,5.9721017,-4.942152,0.12388272,0.12349971,0.08661196,0.9923943,0.023007063,-0.1205953,-0.009000856,0,7,1785207011816320,1785207011816320,1.2629012,-0.6436978,-0.37015244,1,0.016030444,0.017013056,0.005691242
1785207011834996862,2.323766,2.2993975,0.0031533965,0.00064665184,0.000104971885,0.0020512484,1,-0.32237345,5.967312,-4.945533,0.1243471,0.12396175,0.086861975,0.9931825,0.032310817,-0.11174286,-0.0076345094,0,7,1785207011824320,1785207011824320,1.2745887,-0.63594353,-0.37364495,1,0.016121041,0.017304456,0.005702974
1785207011847003122,2.3687696,2.5231066,-0.0072433646,0.00061258464,9.834286e-05,0.0020921517,1,-0.3131155,5.9625835,-4.948907,0.12481383,0.12442636,0.08711277,0.9938875,0.041743517,-0.10200919,-0.006258143,0,7,1785207011832320,1785207011832320,1.2833792,-0.62635326,-0.37279084,1,0.01621661,0.01761609,0.005714864
1785207011855002443,2.4121814,2.961195,-0.020800177,0.0005468755,8.509547e-05,0.0021712796,1,-0.29436788,5.953358,-4.9554906,0.1257529,0.1253622,0.08761668,0.99493307,0.06111105,-0.07976148,-0.0034198584,0,7,1785207011848320,1785207011848320,1.2940823,-0.60553586,-0.35751897,1,0.016413454,0.01826789,0.005738837
1785207011866999675,2.3639808,3.138826,-0.02452795,0.0005156904,7.848867e-05,0.0022092813,1,-0.28490782,5.9488573,-4.958629,0.12622693,0.12583491,0.08786981,0.995218,0.0706168,-0.06745712,-0.001980458,0,7,1785207011856320,1785207011856320,1.2967967,-0.5954547,-0.34307918,1,0.016515803,0.018608911,0.0057509043
1785207011875003344,2.3434696,3.29276,-0.033878002,0.00048644573,7.19012e-05,0.0022453244,1,-0.27541098,5.944433,-4.9616694,0.12670352,0.12631047,0.08749989,0.9953048,0.07998675,-0.054499395,-0.0005331788,0,7,1785207011864320,1785207011864320,1.2975419,-0.5843746,-0.32554403,1,0.016619133,0.018952508,0.0057426915
1785207011886946463,2.3246126,3.5858364,-0.05865245,0.00040950463,5.6650006e-05,0.002259642,1,-0.26219988,5.9378614,-4.968105,0.106427,0.106303856,0.079863444,0.9947595,0.09865595,-0.026742017,0.0023515846,0,7,1785207011880320,1785207011880320,1.2908112,-0.55986476,-0.278727,1,0.013595688,0.01556737,0.005385582
1785207011894965601,2.2511108,3.707809,-0.067156464,0.00038604904,5.062902e-05,0.00228932,1,-0.25839496,5.9356713,-4.971413,0.1067918,0.10665943,0.08009112,0.99410504,0.10768314,-0.012029438,0.003846925,0,7,1785207011888320,1785207011888320,1.2838091,-0.5475288,-0.24984175,1,0.013682378,0.015854426,0.0053972416
1785207011907010836,2.17974,3.8130026,-0.07143655,0.0003643743,4.486519e-05,0.002316961,1,-0.25448883,5.933526,-4.97444,0.10715868,0.10701689,0.08031953,0.99318683,0.11636778,0.0031184389,0.0053628054,0,7,1785207011896320,1785207011896320,1.2758301,-0.53505623,-0.21850955,1,0.013769841,0.01614381,0.0054088947
1785207011915028521,2.1259358,3.8976965,-0.08796649,0.00034400306,3.9545128e-05,0.002342668,1,-0.25049648,5.931433,-4.97717,0.107527114,0.107375935,0.08054868,0.9919841,0.12479202,0.018638205,0.006867862,0,7,1785207011904320,1785207011904320,1.2671348,-0.52221555,-0.18548815,1,0.013853881,0.016427526,0.0054204636
1785207011926992099,2.071342,3.9794543,-0.11488337,0.00030611182,3.089926e-05,0.0023896112,1,-0.24228151,5.927414,-4.9817324,0.108271584,0.10810107,0.08048172,0.98865986,0.14116609,0.050279524,0.009791544,0,7,1785207011920320,1785207011920320,1.2474333,-0.49555117,-0.11403605,1,0.014020994,0.01698197,0.005426647
1785207011935038961,1.9839907,3.9946349,-0.12923646,0.00028803843,2.787933e-05,0.0024109082,1,-0.2380817,5.925489,-4.9835396,0.10864716,0.10846694,0.08071158,0.9865636,0.1489313,0.06622947,0.011197809,0,7,1785207011928320,1785207011928320,1.2362479,-0.48288557,-0.07638144,1,0.014099547,0.017237974,0.005437912
1785207011946990205,1.8425804,3.9853134,-0.13799827,0.00026981081,2.600791e-05,0.0024312115,1,-0.23383364,5.9236164,-4.9850097,0.109025,0.1088351,0.080942184,0.9842316,0.15614218,0.08215397,0.01259215,0,7,1785207011936320,1785207011936320,1.2244337,-0.4705108,-0.038958624,1,0.0141747305,0.017477065,0.005449031
1785207011954972533,1.6814544,3.9608145,-0.15131006,0.0002509856,2.5444384e-05,0.0024508045,1,-0.22954892,5.9218,-4.9861526,0.10940514,0.10920565,0.081173524,0.98170424,0.16267739,0.09796697,0.013974749,0,7,1785207011944320,1785207011944320,1.2112659,-0.4573778,-0.00328129,1,0.014246385,0.017698675,0.005459997
1785207011966975096,1.461212,3.853752,-0.18200748,0.00021027558,2.8911583e-05,0.0024884553,1,-0.22092552,5.9183693,-4.98749,0.11017241,0.10995413,0.081638426,0.9761145,0.17405264,0.12896086,0.016595373,0,7,1785207011960320,1785207011960320,1.1813868,-0.42806777,0.06777368,1,0.014378188,0.0180867,0.0054814764
1785207011974974486,1.426852,3.781847,-0.20333906,0.000188719,3.318159e-05,0.0025059464,1,-0.216612,5.9167757,-4.987678,0.11055959,0.11033218,0.081871994,0.97302854,0.17930381,0.14404808,0.017773703,0,7,1785207011968320,1785207011968320,1.1648328,-0.41172984,0.10431093,1,0.014439446,0.01825558,0.0054920414
1785207011986992008,1.3253883,3.6697319,-0.21634395,0.0001665974,3.918283e-05,0.002522101,1,-0.21232072,5.9152746,-4.9875455,0.110948294,0.11071227,0.082106315,0.96980685,0.18420173,0.15870933,0.018864017,0,7,1785207011976320,1785207011976320,1.1474134,-0.39572144,0.13960335,1,0.014494714,0.01840433,0.005502475
1785207011994974777,1.1568116,3.50435,-0.2259163,0.00014419897,4.705811e-05,0.0025368277,1,-0.20805407,5.9138613,-4.987155,0.11134022,0.11109553,0.08179649,0.96656543,0.18844979,0.17274877,0.019895751,0,7,1785207011984320,1785207011984320,1.1289504,-0.37952405,0.17232719,1,0.014549458,0.018535886,0.005495371
1785207012007034097,0.84228873,3.0745156,-0.24937287,0.000100280275,6.892223e-05,0.0025592903,1,-0.19965322,5.9113364,-4.985537,0.112131305,0.11187012,0.082265764,0.96031165,0.19496648,0.19829139,0.02168763,0,7,1785207012000320,1785207012000320,1.0866137,-0.34272465,0.23194838,1,0.014650357,0.01874652,0.0055156755
1785207012015012247,0.7075322,2.833232,-0.2587069,8.036012e-05,8.248432e-05,0.002565851,1,-0.19555736,5.9102497,-4.984342,0.11253046,0.112261474,0.08250152,0.9573774,0.19736226,0.20969999,0.022419425,0,7,1785207012008320,1785207012008320,1.0626247,-0.32237285,0.258818,1,0.014697203,0.01882979,0.005525745
1785207012026999760,0.56931293,2.5261695,-0.26590255,6.275539e-05,9.7694116e-05,0.002568447,1,-0.19155219,5.9092946,-4.9829173,0.11293201,0.112655565,0.082738034,0.9546698,0.19922629,0.21996725,0.023002746,0,7,1785207012016320,1785207012016320,1.0371984,-0.30070135,0.28248715,1,0.014742,0.018897848,0.0055357222
1785207012034995082,0.4492033,2.1900778,-0.2739022,4.801651e-05,0.00011476983,0.0025663117,1,-0.18765546,5.9084845,-4.9812846,0.11333597,0.113052405,0.082975306,0.9522591,0.20061177,0.22893266,0.023398329,0,7,1785207012024320,1785207012024320,1.0095394,-0.2772933,0.30431807,1,0.014784438,0.018952098,0.0055456255
1785207012047002523,0.222837,1.5487907,-0.276828,2.9296196e-05,0.00015331218,0.0025467146,1,-0.18027277,5.907345,-4.9774866,0.11414988,0.1138536,0.08289246,0.9484002,0.20216389,0.24311705,0.023683982,0,7,1785207012040320,1785207012040320,0.94890314,-0.22806571,0.3458087,1,0.014860389,0.019015063,0.0055473116
1785207012055011150,0.10645519,1.1988506,-0.28029522,2.631563e-05,0.00017400252,0.0025292032,1,-0.17681175,5.9070244,-4.9753375,0.11456098,0.114258684,0.083130404,0.9470393,0.20229185,0.24827154,0.023575125,0,7,1785207012048320,1785207012048320,0.9170193,-0.20251028,0.36478192,1,0.014898302,0.019033752,0.005557088
1785207012067017419,-0.025634738,0.8584997,-0.27656215,2.8071438e-05,0.00019554708,0.0025061,1,-0.17351544,5.906877,-4.9730134,0.114974454,0.11466652,0.083369106,0.9461032,0.20196858,0.252099,0.023314085,0,7,1785207012056320,1785207012056320,0.8837298,-0.17673104,0.3831609,1,0.01493571,0.019045962,0.005566843
1785207012075024293,-0.17130904,0.5562312,-0.2757622,3.477624e-05,0.00021805239,0.002477085,1,-0.17040065,5.9069047,-4.970521,0.115390316,0.11507711,0.08360857,0.9455867,0.20113201,0.25472492,0.022955569,0,7,1785207012064334,1785207012064334,0.8482937,-0.15081467,0.4005486,1,0.01497257,0.019051908,0.0055765714
1785207012087014672,-0.44108692,-0.030197289,-0.27230114,6.317924e-05,0.0002650321,0.0024020886,1,-0.1647796,5.9074984,-4.9650927,0.11622921,0.11590654,0.08408977,0.9457734,0.19793494,0.25661778,0.021950154,0,7,1785207012080334,1785207012080334,0.77268994,-0.09670869,0.42785385,1,0.015045786,0.01904006,0.005595952
1785207012095028580,-0.5667869,-0.30610126,-0.2672429,8.4653664e-05,0.0002879236,0.0023579127,1,-0.16230533,5.908085,-4.9622064,0.11665223,0.11632537,0.08433151,0.94645166,0.19565754,0.25591505,0.021331389,0,7,1785207012088334,1785207012088334,0.7317424,-0.06771922,0.43668982,1,0.015083444,0.019026795,0.0056056236
1785207012107051831,-0.69408554,-0.56336206,-0.2627177,0.00011063865,0.000309479,0.00231056,1,-0.16008128,5.908877,-4.9592385,0.117077634,0.11674695,0.08457403,0.94748837,0.1929238,0.25420436,0.020647585,0,7,1785207012096334,1785207012096334,0.6885244,-0.03794213,0.44259906,1,0.015123237,0.01900645,0.00561523
1785207012114976658,-0.80993253,-0.8022481,-0.25446194,0.00014077002,0.00032957006,0.0022605222,1,-0.15812597,5.9098816,-4.9562626,0.11750546,0.11717128,0.08423926,0.94884926,0.18975857,0.25155455,0.019926414,0,7,1785207012104334,1785207012104334,0.6434981,-0.007103055,0.44526553,1,0.015164546,0.018979013,0.005606137
1785207012126960023,-1.0261786,-1.2251574,-0.23742308,0.00021180342,0.00036734552,0.0021518895,1,-0.15510178,5.9125714,-4.9502583,0.11836683,0.118027166,0.0847248,0.9524012,0.18222496,0.2436941,0.01841879,0,7,1785207012120334,1785207012120334,0.5479769,0.057520363,0.43852606,1,0.015246022,0.018897926,0.0056249946
1785207012134985964,-1.1153934,-1.3998615,-0.23156673,0.00025152302,0.00038505852,0.002094636,1,-0.15405646,5.9142694,-4.9473,0.11880201,0.118459724,0.08496872,0.95450777,0.17792025,0.23863909,0.017630648,0,7,1785207012128334,1785207012128334,0.49750543,0.0912042,0.42872423,1,0.015291443,0.018851971,0.005634384
1785207012146981292,-1.2006147,-1.5458013,-0.2203881,0.00029279254,0.00040061257,0.0020379887,1,-0.15334265,5.9162126,-4.944416,0.11923969,0.11889502,0.085213415,0.9567675,0.17330538,0.23297517,0.016848577,0,7,1785207012136334,1785207012136334,0.44570327,0.12541792,0.41481024,1,0.015340178,0.018802369,0.005643734
1785207012154998135,-1.2959542,-1.679493,-0.21293256,0.00033443017,0.00041375816,0.0019833797,1,-0.15296698,5.9184012,-4.9416394,0.11967988,0.11933306,0.085458875,0.95915854,0.16832909,0.22676288,0.016092287,0,7,1785207012144334,1785207012144334,0.3938942,0.15927638,0.39708778,1,0.015392646,0.018745242,0.0056529907
1785207012166987401,-1.4301808,-1.9263664,-0.19002372,0.0004159225,0.00043336352,0.0018826233,1,-0.15322886,5.923509,-4.9365926,0.120568044,0.1202174,0.085358545,0.9642017,0.15753254,0.21280293,0.014617724,0,7,1785207012160334,1785207012160334,0.29115808,0.22630234,0.35223287,1,0.015510326,0.018602569,0.00565197
1785207012174975129,-1.5111357,-2.0238402,-0.18045437,0.0004537565,0.00044003045,0.0018382902,1,-0.15386134,5.9264216,-4.9343567,0.121016085,0.12066369,0.08560461,0.96679884,0.15174043,0.20513606,0.01393587,0,7,1785207012168334,1785207012168334,0.2413908,0.25807893,0.3278257,1,0.015577224,0.018523421,0.0056609414
1785207012187005494,-1.6112721,-2.1130552,-0.17299488,0.00048809947,0.00044477926,0.0017993646,1,-0.15481296,5.929556,-4.9323006,0.12146683,0.12111273,0.08585144,0.9694292,0.14554837,0.1970933,0.01330524,0,7,1785207012176334,1785207012176334,0.19369146,0.2882958,0.30220887,1,0.015649905,0.018434826,0.0056697973
1785207012195001477,-1.6778502,-2.218783,-0.1660604,0.0005186591,0.00044790097,0.0017656586,1,-0.15607677,5.932909,-4.93044,0.12191839,0.1215632,0.086099036,0.9720706,0.13906543,0.18862262,0.012698101,0,7,1785207012184334,1785207012184334,0.14813118,0.3174089,0.27442172,1,0.015723499,0.018333921,0.005678546
1785207012207026732,-1.8277854,-2.415057,-0.14983398,0.00056675065,0.000449095,0.0017166984,1,-0.15946276,5.9402103,-4.927364,0.12283372,0.12247484,0.08659654,0.9773127,0.12528773,0.17038058,0.011554835,0,7,1785207012200334,1785207012200334,0.062006794,0.37044638,0.21469463,1,0.015892705,0.018133258,0.0056960024
1785207012215022014,-1.9007559,-2.486963,-0.14236987,0.00058339036,0.00044708644,0.0017022293,1,-0.16155903,5.944131,-4.926217,0.12329566,0.12293471,0.08624051,0.97986764,0.1179132,0.16072953,0.011042683,0,7,1785207012208334,1785207012208334,0.021938074,0.39454934,0.1827996,1,0.015984641,0.018029379,0.005685026
1785207012227026450,-1.9481602,-2.574848,-0.13462815,0.0005953144,0.00044316897,0.0016943838,1,-0.16390185,5.948216,-4.925318,0.12376047,0.123397246,0.08648944,0.982344,0.11031906,0.1507273,0.0105553,0,7,1785207012216334,1785207012216334,-0.015464213,0.41718957,0.14877434,1,0.016081389,0.017920192,0.0056936564
1785207012234979892,-2.0293872,-2.682438,-0.12692949,0.00060278695,0.00043730863,0.0016929317,1,-0.16647072,5.952452,-4.9246764,0.12422819,0.12386243,0.08673914,0.984746,0.10245417,0.14027432,0.010086639,0,7,1785207012224334,1785207012224334,-0.050368477,0.43734002,0.11377733,1,0.016184483,0.017810771,0.0057022683
1785207012247004987,-2.1875756,-2.8355734,-0.12318884,0.00060394173,0.00042074645,0.001708661,1,-0.17221525,5.961302,-4.924187,0.12517253,0.12480072,0.087240845,0.989238,0.08560443,0.11829959,0.00923417,0,7,1785207012240334,1785207012240334,-0.11157173,0.47143295,0.043787867,1,0.016418962,0.017592676,0.00571939
1785207012255024455,-2.2190032,-2.915733,-0.11677965,0.00059807673,0.0004101814,0.0017252533,1,-0.1753396,5.9658847,-4.9243402,0.12564927,0.12527381,0.087492846,0.991263,0.07687606,0.10681755,0.00882059,0,7,1785207012248334,1785207012248334,-0.13769796,0.48586443,0.0075985333,1,0.016550142,0.017484186,0.005727914
1785207012266970418,-2.3127475,-3.0073452,-0.11123317,0.00058822683,0.0003982279,0.0017470431,1,-0.17859818,5.9705524,-4.9247813,0.12612686,0.1257479,0.08774562,0.9931306,0.067863904,0.09494857,0.008427098,0,7,1785207012256334,1785207012256334,-0.1620127,0.49751863,-0.03206844,1,0.016687835,0.017376853,0.0057364414
1785207012275003393,-2.397163,-3.0784576,-0.11173707,0.0005748633,0.00038508588,0.0017737143,1,-0.18198742,5.975285,-4.9255347,0.12660989,0.12622616,0.08799917,0.99482393,0.058428638,0.082743876,0.008060554,0,7,1785207012264334,1785207012264334,-0.18414426,0.507573,-0.07434716,1,0.01684093,0.017279288,0.005745
1785207012287042865,-2.3503873,-3.1249194,-0.110943586,0.0005290284,0.00034307444,0.0018174725,1,-0.18236114,5.980647,-4.930802,0.10615663,0.10603716,0.079760514,0.9975107,0.03962895,0.057871044,0.0072788056,0,7,1785207012280334,1785207012280334,-0.21779086,0.5213986,-0.17218865,1,0.013828098,0.013791872,0.0053642895
1785207012295033819,-2.4214914,-3.1275818,-0.11047441,0.00050763215,0.00032758102,0.0018545277,1,-0.17944711,5.981326,-4.935236,0.106526695,0.10640233,0.079987876,0.9984979,0.030155567,0.04524913,0.0067285323,0,7,1785207012288334,1785207012288334,-0.22921552,0.5222679,-0.22359218,1,0.013988241,0.013739543,0.0053730565
1785207012307000993,-2.391398,-3.0879033,-0.109877385,0.0004843781,0.00031130138,0.0018942298,1,-0.17672326,5.982093,-4.9399905,0.10689931,0.10676979,0.08021595,0.99923176,0.020639274,0.03273645,0.0061815083,0,7,1785207012296334,1785207012296334,-0.2374174,0.5227895,-0.27306825,1,0.014157352,0.01370333,0.005381953
1785207012314995443,-2.2963245,-3.0210567,-0.108540125,0.00045953566,0.00029447998,0.0019360648,1,-0.17415851,5.9829373,-4.9450583,0.10727453,0.10713955,0.080444746,0.99970895,0.011469616,0.020467862,0.0056265593,0,7,1785207012304334,1785207012304334,-0.2423426,0.5214135,-0.32238722,1,0.014335477,0.013683893,0.0053909873
1785207012327011330,-2.3128319,-3.00428,-0.10859254,0.00040593705,0.0002600273,0.002024462,1,-0.16938664,5.984769,-4.956138,0.108032964,0.107885994,0.080904506,0.9999615,-0.00651022,-0.00376718,0.0045270785,0,7,1785207012320334,1785207012320334,-0.24192132,0.50901145,-0.41896877,1,0.014710496,0.013692502,0.00540949
1785207012334975914,-2.3003135,-3.0136044,-0.12132529,0.00037801263,0.00024205633,0.0020704262,1,-0.16711836,5.9857016,-4.9621744,0.1084153,0.108262084,0.08060636,0.999743,-0.015641935,-0.015933715,0.0039247265,0,7,1785207012328334,1785207012328334,-0.23663406,0.49992442,-0.46345383,1,0.0148981465,0.013718609,0.005402175
1785207012347012370,-2.265696,-3.029315,-0.1277113,0.00034945333,0.00022394766,0.002117273,1,-0.1648885,5.986626,-4.9684834,0.10880128,0.10864108,0.08083655,0.99929494,-0.024634434,-0.028144762,0.003290631,0,7,1785207012336334,1785207012336334,-0.22805299,0.48878875,-0.50543576,1,0.015092424,0.013762022,0.005411803
1785207012355013163,-2.29366,-3.0863047,-0.12934153,0.00032038515,0.00020591085,0.0021645587,1,-0.16266914,5.9875226,-4.975046,0.109190054,0.109022416,0.081067465,0.9986084,-0.033638433,-0.040531576,0.002651664,0,7,1785207012344334,1785207012344334,-0.21650162,0.47494072,-0.544566,1,0.015287728,0.013818677,0.0054215575
1785207012367012969,-2.3983154,-3.1542215,-0.15621106,0.00026226474,0.00016986692,0.0022590912,1,-0.15817821,5.9891515,-4.9887266,0.10997602,0.10979214,0.08153149,0.99644446,-0.05255085,-0.06584354,0.0012092843,0,7,1785207012360334,1785207012360334,-0.18860397,0.44477025,-0.5919534,1,0.015673796,0.013966056,0.005441406
1785207012375034632,-2.3304079,-3.1230602,-0.16579436,0.00023381779,0.00015237965,0.0023052127,1,-0.155888,5.9898944,-4.995643,0.11037327,0.11018057,0.08176459,0.99500084,-0.061808318,-0.07844192,0.00042080847,0,7,1785207012368334,1785207012368334,-0.17440245,0.43112075,-0.59614134,1,0.015866673,0.014055234,0.005451482
1785207012386989663,-2.25238,-3.0828438,-0.16686547,0.00020580301,0.00013537644,0.0023504216,1,-0.15356538,5.990596,-5.0024843,0.110773414,0.1105714,0.08199844,0.9933473,-0.07073844,-0.09086927,-0.00036440094,0,7,1785207012376334,1785207012376334,-0.1605192,0.4186736,-0.5885968,1,0.016053239,0.014152201,0.005461637
1785207012394990555,-2.2273457,-3.038901,-0.16956016,0.00017872374,0.00011871543,0.002394354,1,-0.15121461,5.991261,-5.009147,0.111176446,0.11096465,0.08223302,0.9914886,-0.0794946,-0.10310046,-0.0011587279,0,7,1785207012384334,1785207012384334,-0.14798918,0.4065356,-0.5674582,1,0.016234463,0.014255346,0.0054718587
1785207012407056388,-2.2382636,-2.9568746,-0.17145279,0.0001529666,0.00010285993,0.002436161,1,-0.14884786,5.991891,-5.0155716,0.11158239,0.11136034,0.08192177,0.98943174,-0.08825705,-0.11502831,-0.0019883288,0,7,1785207012392334,1785207012392334,-0.13784356,0.39520708,-0.5340699,1,0.016408108,0.014361354,0.0054646926
1785207012415016122,-2.2169569,-2.850353,-0.17569497,0.00012873822,8.814763e-05,0.002475197,1,-0.14647475,5.9924974,-5.0216165,0.111990064,0.111757696,0.08215628,0.9872095,-0.09696083,-0.12652253,-0.0028640542,0,7,1785207012400334,1785207012400334,-0.1301867,0.3868443,-0.48788545,1,0.016574815,0.014469118,0.0054750014
1785207012427011119,-2.1666265,-2.647151,-0.18235375,8.600377e-05,6.208281e-05,0.0025443963,1,-0.14178288,5.993709,-5.0322623,0.11281654,0.1125614,0.08262753,0.98235804,-0.1139666,-0.1481946,-0.004759396,0,7,1785207012416334,1785207012416334,-0.118604824,0.37411332,-0.37302426,1,0.01689443,0.014702712,0.0054956893
1785207012434996452,-2.1575704,-2.5784426,-0.18581091,6.835796e-05,5.1398663e-05,0.002572929,1,-0.13947491,5.9943266,-5.0367727,0.11323423,0.11296705,0.08286427,0.97973347,-0.122350745,-0.15849125,-0.005762675,0,7,1785207012424334,1785207012424334,-0.113855116,0.36898792,-0.30850983,1,0.017052412,0.014824602,0.0055060596
1785207012446994526,-2.1687593,-2.4820333,-0.18554254,4.2082516e-05,3.563932e-05,0.002615377,1,-0.13494931,5.9956007,-5.044027,0.11407865,0.11378614,0.08334,0.9740519,-0.13909563,-0.17836311,-0.007870662,0,7,1785207012440334,1785207012440334,-0.105735764,0.35978615,-0.1709928,1,0.017339496,0.015072865,0.0055267783
1785207012455022149,-2.183138,-2.4442186,-0.18554428,3.37495e-05,3.050941e-05,0.002629048,1,-0.13273503,5.9962626,-5.0467887,0.11450538,0.11419963,0.08301764,0.970988,-0.14749905,-0.18800555,-0.008958732,0,7,1785207012448334,1785207012448334,-0.102235414,0.35559547,-0.10002837,1,0.017470451,0.015191867,0.005519123
1785207012467031895,-2.1985874,-2.3973436,-0.18368429,2.8661163e-05,2.740238e-05,0.0026374524,1,-0.13055642,5.9969416,-5.0489283,0.11493513,0.114615776,0.08325578,0.96778,-0.1559427,-0.19743928,-0.010082003,0,7,1785207012456334,1785207012456334,-0.099193126,0.35170197,-0.028332211,1,0.01759104,0.015306668,0.0055294167
1785207012475028840,-2.1961877,-2.3536713,-0.1836735,2.6651194e-05,2.6113392e-05,0.0026409642,1,-0.12841465,5.997641,-5.050445,0.11536788,0.11503459,0.08349468,0.96444184,-0.16437598,-0.20665593,-0.011224989,0,7,1785207012464334,1785207012464334,-0.09610511,0.34830266,0.04354402,1,0.017697643,0.015416455,0.005539665
1785207012487001825,-2.1621015,-2.2527375,-0.18420476,3.167006e-05,2.8739554e-05,0.0026336287,1,-0.12422101,5.999103,-5.051599,0.11624083,0.1158792,0.08397475,0.95744085,-0.18099622,-0.22441703,-0.0135794645,0,7,1785207012480334,1785207012480334,-0.09050456,0.34203598,0.18857594,1,0.017853051,0.015613349,0.0055599934
1785207012494993210,-2.1543753,-2.1994767,-0.1868701,3.8766248e-05,3.2636206e-05,0.0026228502,1,-0.122180715,5.9998646,-5.051236,0.116682366,0.11630603,0.084215924,0.95379597,-0.18919788,-0.23293541,-0.014788092,0,7,1785207012488334,1785207012488334,-0.08793492,0.3384738,0.26110664,1,0.01791684,0.015702175,0.0055700885
1785207012507007103,-2.1461222,-2.1446128,-0.18793824,4.907405e-05,3.8231025e-05,0.002607162,1,-0.120175645,6.000643,-5.05025,0.11712678,0.11673553,0.08445786,0.95006466,-0.1973317,-0.24120596,-0.016034072,0,7,1785207012496334,1785207012496334,-0.08499742,0.33473766,0.33333874,1,0.017964685,0.015784426,0.005580131
1785207012515001013,-2.145055,-2.0870907,-0.18793695,6.276663e-05,4.5855966e-05,0.00258606,1,-0.11820374,6.001436,-5.0486436,0.11757401,0.117167704,0.084700555,0.94624925,-0.20543824,-0.24921449,-0.017314548,0,7,1785207012504334,1785207012504334,-0.08202384,0.33092022,0.4054199,1,0.017994486,0.015858043,0.005590131
1785207012527013093,-2.150115,-1.9640518,-0.18981187,9.983921e-05,6.634553e-05,0.0025289315,1,-0.114338875,6.0030484,-5.043677,0.11847665,0.11803989,0.084606834,0.9383858,-0.2215626,-0.2644647,-0.020013142,0,7,1785207012520334,1785207012520334,-0.07346669,0.32079518,0.5460291,1,0.018044768,0.015973525,0.005591411
1785207012535004788,-2.1597023,-1.8561915,-0.18770199,0.00012266106,7.84898e-05,0.002494181,1,-0.11242559,6.0038433,-5.0403104,0.118931964,0.11847979,0.08485017,0.93438566,-0.22961842,-0.27154675,-0.021474937,0,7,1785207012528334,1785207012528334,-0.066635035,0.31239945,0.61082965,1,0.01806113,0.016019238,0.0056013535
1785207012546979136,-2.165025,-1.6703051,-0.18586187,0.00014801983,9.183401e-05,0.0024556948,1,-0.110496715,6.004595,-5.036418,0.11938987,0.11892215,0.085094266,0.9304399,-0.2376688,-0.2779611,-0.023080721,0,7,1785207012536334,1785207012536334,-0.056232333,0.2994385,0.66755515,1,0.01806743,0.01605717,0.005611278
1785207012555001329,-2.1650236,-1.4215671,-0.18748084,0.00017545803,0.00010654656,0.0024136158,1,-0.108515166,6.0052605,-5.03206,0.119848624,0.11936559,0.08533914,0.9266444,-0.24566916,-0.28347266,-0.024905257,0,7,1785207012544334,1785207012544334,-0.042428154,0.28201714,0.71780354,1,0.018063806,0.016086707,0.0056211893
1785207012566973533,-2.1887224,-0.72515017,-0.1840634,0.00023442355,0.00013938274,0.0023222452,1,-0.10429263,6.006184,-5.022202,0.12077676,0.12026204,0.08523926,0.9198426,-0.26163343,-0.29080263,-0.0295207,0,7,1785207012560334,1785207012560334,-0.0019344446,0.23022665,0.7962775,1,0.01807014,0.016135175,0.0056218817
1785207012575033639,-2.1796668,-0.3187512,-0.18433689,0.0002653146,0.00015720476,0.002273748,1,-0.101980425,6.0063515,-5.0168147,0.12124445,0.12071367,0.08548473,0.9169916,-0.26953515,-0.29227746,-0.03242292,0,7,1785207012568334,1785207012568334,0.023755334,0.19750023,0.827825,1,0.018072546,0.016154421,0.0056317598
1785207012587015721,-2.1477082,0.11267781,-0.18594193,0.00029708905,0.00017595533,0.0022234374,1,-0.09950672,6.006287,-5.011143,0.12171455,0.121167526,0.085730955,0.9145961,-0.277265,-0.29216546,-0.035744544,0,7,1785207012576334,1785207012576334,0.050439008,0.16319838,0.85848165,1,0.018074976,0.016171228,0.005641625
1785207012594991115,-2.088055,0.5089534,-0.19391562,0.00032974995,0.00019568966,0.0021712566,1,-0.096866034,6.0059843,-5.0051894,0.122187026,0.1216236,0.08597794,0.91266346,-0.2847267,-0.29054722,-0.039476685,0,7,1785207012584334,1785207012584334,0.077434026,0.12895887,0.88989234,1,0.018075412,0.01618654,0.005651477
1785207012607017272,-1.7692771,1.2314631,-0.21176098,0.0003976062,0.00023806459,0.002061451,1,-0.091083735,6.004678,-4.992417,0.12313909,0.122542314,0.08647421,0.9103353,-0.29793823,-0.28325924,-0.047819845,0,7,1785207012600334,1785207012600334,0.13022132,0.062411778,0.954108,1,0.018078327,0.016214361,0.0056711524
1785207012615048994,-1.5474359,1.5438529,-0.2237373,0.0004325141,0.00026070926,0.0020041098,1,-0.08794692,6.0036807,-4.985592,0.12361867,0.12300494,0.08672349,0.90999293,-0.30329454,-0.27783296,-0.05229131,0,7,1785207012608334,1785207012608334,0.15624762,0.029941678,0.9872442,1,0.018080095,0.016228335,0.0056809816
1785207012626988716,-1.2659451,1.8101629,-0.23519638,0.0004678134,0.00028410883,0.0019454336,1,-0.084636666,6.002452,-4.9785123,0.124098726,0.12346804,0.086365834,0.91020054,-0.3076085,-0.2714453,-0.056828532,0,7,1785207012616334,1785207012616334,0.18220733,-0.0017761316,1.0205948,1,0.018080719,0.016239086,0.005671123
1785207012635041427,-0.90615135,2.0690198,-0.25013167,0.0005034067,0.00030804114,0.0018861175,1,-0.08116538,6.001005,-4.9711356,0.12458299,0.123935,0.08661489,0.91103363,-0.31057876,-0.2641851,-0.06135863,0,7,1785207012624334,1785207012624334,0.20735991,-0.03288247,1.05365,1,0.018086068,0.016252631,0.005680946
1785207012646976490,-0.07498225,2.4945903,-0.2823696,0.00057455455,0.0003570478,0.0017663769,1,-0.073753275,5.9974666,-4.9555087,0.12555864,0.124875456,0.0871153,0.91468936,-0.31179345,-0.2473946,-0.070171766,0,7,1785207012640334,1785207012640334,0.2572388,-0.094420984,1.117955,1,0.018092109,0.016280966,0.0057005975
1785207012655031216,0.41290897,2.6445231,-0.29225084,0.00060984906,0.00038205256,0.0017062827,1,-0.069806434,5.995373,-4.947278,0.12605001,0.12534896,0.08736665,0.91747713,-0.30977523,-0.23824516,-0.07425784,0,7,1785207012648334,1785207012648334,0.28262877,-0.12579349,1.1468458,1,0.018093992,0.016294949,0.005710426
1785207012666978432,0.8938811,2.7859375,-0.29463533,0.0006447206,0.00040743747,0.0016462299,1,-0.065695636,5.993051,-4.9388022,0.12654375,0.12582463,0.08761875,0.9208944,-0.30587938,-0.22868688,-0.07806242,0,7,1785207012656334,1785207012656334,0.3082635,-0.15899111,1.1721405,1,0.018095627,0.01630904,0.0057202633
1785207012675028849,1.3330383,2.902052,-0.28849673,0.0006791685,0.0004330894,0.0015863316,1,-0.061416272,5.990482,-4.930113,0.12703983,0.12630251,0.087871626,0.92484325,-0.30024984,-0.21877065,-0.08157481,0,7,1785207012664334,1785207012664334,0.33467215,-0.19490388,1.1933517,1,0.018095141,0.01632269,0.0057300986
1785207012687024277,2.1740978,3.1105783,-0.24772686,0.0007319499,0.00047978078,0.0014331699,1,-0.05221155,5.985596,-4.9165735,0.10629378,0.10609001,0.07965706,0.9340311,-0.28404203,-0.19806322,-0.08761805,0,7,1785207012680334,1785207012680334,0.38881344,-0.27264947,1.219452,1,0.014442723,0.013251022,0.0053538233
1785207012695024008,2.5171087,3.2269647,-0.22318903,0.00076105405,0.0005058395,0.0013779412,1,-0.04728935,5.983219,-4.91171,0.10666753,0.106455825,0.07988384,0.93911874,-0.27367166,-0.18714735,-0.090198226,0,7,1785207012688334,1785207012688334,0.4154183,-0.31467065,1.2232479,1,0.014420556,0.01326325,0.0053634266
1785207012707057879,2.7562637,3.3071258,-0.19731502,0.0007866172,0.0005320696,0.0013263449,1,-0.042193156,5.9804974,-4.9066997,0.1070438,0.10682418,0.08011133,0.9443169,-0.26221082,-0.17590976,-0.09255789,0,7,1785207012696334,1785207012696334,0.44219062,-0.3591623,1.2220347,1,0.014389531,0.013278555,0.005372953
1785207012715023234,2.9746487,3.3768954,-0.16003898,0.00080738013,0.00055855373,0.0012792934,1,-0.036921877,5.977418,-4.9015913,0.10742189,0.10719439,0.080339536,0.94951683,-0.24985555,-0.16439687,-0.09467627,0,7,1785207012704334,1785207012704334,0.46880966,-0.40411967,1.214601,1,0.014346053,0.013295035,0.005382384
1785207012727024774,3.363736,3.5497367,-0.076911226,0.00083095464,0.0006123149,0.0012023465,1,-0.025883188,5.970208,-4.8912654,0.108183324,0.10794045,0.0807981,0.95977104,-0.22248875,-0.14036521,-0.09816262,0,7,1785207012720334,1785207012720334,0.51738316,-0.48965082,1.186636,1,0.014227922,0.013334156,0.005400974
1785207012735058199,3.4678655,3.6101916,-0.037992913,0.00083299226,0.0006391146,0.0011737021,1,-0.020141132,5.9661083,-4.8861103,0.10856658,0.10831635,0.081028454,0.9646392,-0.20784748,-0.12787527,-0.09959247,0,7,1785207012728334,1785207012728334,0.53888774,-0.5293723,1.1686661,1,0.014166912,0.0133577185,0.0054102484
1785207012746993302,3.6026206,3.6671836,-0.000475323,0.000828903,0.00066542026,0.0011516773,1,-0.014269366,5.9617095,-4.8810277,0.10895148,0.10869416,0.080728814,0.9692619,-0.1926466,-0.11512833,-0.10081798,0,7,1785207012736334,1785207012736334,0.55878115,-0.56479657,1.147987,1,0.014110899,0.013383947,0.0054027373
1785207012755040974,3.7027538,3.7319002,0.036313027,0.00081925676,0.0006904356,0.0011365002,1,-0.008282958,5.957038,-4.8760056,0.10933801,0.10907389,0.080959104,0.9736016,-0.17691985,-0.10211062,-0.10184759,0,7,1785207012744334,1785207012744334,0.5761316,-0.59796196,1.1246167,1,0.014061657,0.013413442,0.0054120915
1785207012767015843,3.8356524,3.743878,0.10019774,0.0007855154,0.0007330544,0.0011276375,1,0.0039617103,5.946981,-4.8662295,0.110115215,0.10983814,0.08142185,0.98120356,-0.1443121,-0.07567465,-0.103377774,0,7,1785207012760334,1785207012760334,0.6047829,-0.6529139,1.0721935,1,0.01397835,0.013479225,0.0054309526
1785207012775053937,3.900628,3.7249749,0.14148055,0.0007628992,0.00074948644,0.0011340125,1,0.010190234,5.941655,-4.861509,0.110506594,0.11022362,0.08165431,0.98440003,-0.12758276,-0.06250466,-0.10378982,0,7,1785207012768334,1785207012768334,0.6159563,-0.67444074,1.0433455,1,0.013946496,0.013517958,0.005440464
1785207012787019067,3.9440298,3.7036777,0.16625056,0.00073701725,0.0007610973,0.001148475,1,0.016464282,5.936174,-4.8569207,0.1108996,0.11061102,0.08188749,0.9871695,-0.1106212,-0.04938577,-0.10402074,0,7,1785207012776334,1785207012776334,0.6242495,-0.6920629,1.0133673,1,0.013920341,0.013560044,0.005450036
1785207012795013938,3.9102116,3.644816,0.19424601,0.00070803665,0.0007669628,0.0011717817,1,0.022763215,5.930566,-4.8524737,0.11129421,0.11100036,0.0821214,0.9894785,-0.093669504,-0.03642063,-0.10407629,0,7,1785207012784334,1785207012784334,0.62979203,-0.7070642,0.9834481,1,0.013899455,0.013605507,0.0054596686
1785207012807052789,3.8082147,3.4709084,0.26110548,0.00064358313,0.0007591383,0.0012444474,1,0.03536586,5.9190683,-4.8440022,0.11208829,0.11178488,0.082043216,0.992727,-0.060281806,-0.011362347,-0.10358654,0,7,1785207012800334,1785207012800334,0.6350741,-0.726271,0.92994314,1,0.013871276,0.013709104,0.005461653
1785207012815049564,3.7221882,3.3691843,0.28185198,0.0006087528,0.0007442656,0.0012943471,1,0.041637123,5.9132323,-4.839937,0.112487756,0.11218011,0.08227775,0.9936963,-0.044060726,0.00068448257,-0.10308212,0,7,1785207012808334,1785207012808334,0.6345223,-0.7309758,0.90826523,1,0.013863854,0.013769285,0.005471451
1785207012826987061,3.583173,3.2320282,0.29917923,0.0005724008,0.00072258094,0.0013525818,1,0.04787157,5.907368,-4.835942,0.112888806,0.112577334,0.08251302,0.9942584,-0.028365402,0.012267136,-0.10244643,0,7,1785207012816334,1785207012816334,0.63264894,-0.73384726,0.88988334,1,0.013860836,0.013836202,0.0054813097
1785207012835010968,3.4803782,3.1103196,0.3247347,0.00053489424,0.00069447927,0.0014183895,1,0.054056704,5.9014993,-4.8319936,0.11329142,0.11297659,0.08274902,0.9944572,-0.013169944,0.023382071,-0.10166022,0,7,1785207012824334,1785207012824334,0.629071,-0.7325388,0.874586,1,0.013864939,0.013910506,0.0054912423
1785207012847028749,3.152538,2.8975353,0.36232013,0.00045585624,0.00062066433,0.0015712657,1,0.06620728,5.8898444,-4.8241506,0.114100374,0.11378011,0.083223216,0.9939056,0.015366404,0.04450021,-0.099675775,0,7,1785207012840334,1785207012840334,0.61537707,-0.7248464,0.852528,1,0.013899344,0.014079418,0.0055113765
1785207012855046764,2.9386876,2.7486627,0.37590608,0.00041512182,0.00057788345,0.0016549878,1,0.07215311,5.8840756,-4.8202496,0.11450758,0.11418567,0.08290166,0.9932421,0.028406393,0.05439111,-0.098513156,0,7,1785207012848334,1785207012848334,0.6070282,-0.71931994,0.8442358,1,0.01393555,0.014176407,0.005503731
1785207012867078642,2.7461402,2.5968664,0.38734144,0.0003742374,0.00053281686,0.0017411469,1,0.07800258,5.8783607,-4.816327,0.114916295,0.11459342,0.08313902,0.992388,0.040568862,0.06373206,-0.09725479,0,7,1785207012856334,1785207012856334,0.5975181,-0.7113383,0.8378729,1,0.01398715,0.014281636,0.0055140685
1785207012875026323,2.5522633,2.4674313,0.40494165,0.00033338438,0.00048572518,0.001829302,1,0.08374736,5.872718,-4.8123693,0.11532655,0.11500341,0.08337713,0.9913816,0.051942978,0.072596334,-0.0958871,0,7,1785207012864334,1785207012864334,0.5867658,-0.70173174,0.83334094,1,0.014053697,0.014391762,0.0055245184
1785207012887042321,2.120828,2.1806142,0.41638318,0.00025346174,0.000389694,0.0020056823,1,0.094888166,5.8616824,-4.804316,0.11615189,0.115830295,0.0838556,0.9890909,0.071897335,0.08888234,-0.09289807,0,7,1785207012880334,1785207012880334,0.5623573,-0.67917657,0.8264041,1,0.014224454,0.014620593,0.005545698
1785207012895047421,1.8909972,2.0354702,0.4257136,0.00021571372,0.00034240074,0.0020909396,1,0.100270525,5.8563094,-4.800219,0.11656708,0.116247274,0.08409596,0.98788893,0.08048389,0.09624865,-0.09129074,0,7,1785207012888334,1785207012888334,0.5484228,-0.6659865,0.8232171,1,0.014323961,0.014737484,0.005556382
1785207012907089739,1.6747476,1.8932601,0.4289036,0.00018000098,0.0002962511,0.0021727374,1,0.10551203,5.851052,-4.7960734,0.11698288,0.11666532,0.084337085,0.9866932,0.08814747,0.10312511,-0.089619786,0,7,1785207012896334,1785207012896334,0.5334564,-0.6508139,0.8205241,1,0.014428103,0.014850993,0.005567107
1785207012915040095,1.4308009,1.7393285,0.42891112,0.00014709163,0.00025206606,0.0022500511,1,0.11061027,5.8459134,-4.7919126,0.1174017,0.11708712,0.08400414,0.9855451,0.09481875,0.10947696,-0.08789322,0,7,1785207012904334,1785207012904334,0.5177641,-0.6357851,0.81696725,1,0.014539875,0.014966441,0.00555942
1785207012927046564,1.0262674,1.4088339,0.42649812,9.220782e-05,0.00017248055,0.0023849634,1,0.120351724,5.83603,-4.783489,0.118245274,0.1179382,0.084486894,0.98349833,0.10541617,0.12042546,-0.08435773,0,7,1785207012920334,1785207012920334,0.483335,-0.6004989,0.8068322,1,0.014770231,0.015191877,0.005580864
1785207012935121539,0.8299926,1.2551695,0.42703015,7.075397e-05,0.00013788982,0.0024412295,1,0.12497671,5.8313065,-4.779248,0.1186702,0.118367545,0.08472941,0.9826296,0.10947877,0.12505928,-0.0825454,0,7,1785207012928334,1785207012928334,0.46437305,-0.58098084,0.79971385,1,0.014884232,0.015298461,0.005591524
1785207012947047654,0.6470336,1.0980433,0.42862666,5.3622833e-05,0.00010772463,0.0024887475,1,0.12942787,5.8267436,-4.775008,0.119097345,0.11879947,0.08497269,0.9818839,0.112764455,0.12913336,-0.08070231,0,7,1785207012936334,1785207012936334,0.44436535,-0.56000173,0.79039097,1,0.014996785,0.015398893,0.005602138
1785207012955048247,0.47046432,0.93852186,0.42249897,4.0911025e-05,8.233009e-05,0.0025270751,1,0.13369511,5.822351,-4.7707906,0.11952676,0.119233996,0.08521674,0.98127425,0.1152864,0.13263464,-0.07885444,0,7,1785207012944334,1785207012944334,0.42288652,-0.53770554,0.7784703,1,0.015103434,0.015494056,0.0056126816
1785207012967044917,0.16073811,0.65676075,0.40998018,2.8093926e-05,4.6158493e-05,0.0025765067,1,0.14163356,5.8141184,-4.762508,0.12039268,0.12011088,0.085707135,0.98044735,0.11831885,0.13809825,-0.07518394,0,7,1785207012960334,1785207012960334,0.3757335,-0.48934233,0.74693966,1,0.015296353,0.015661296,0.0056335395
1785207012975043726,0.031042198,0.5177447,0.4086459,2.747108e-05,3.5296784e-05,0.0025880234,1,0.1452874,5.810298,-4.758538,0.12082756,0.120551676,0.08535991,0.9802318,0.11893499,0.14006814,-0.073354624,0,7,1785207012968334,1785207012968334,0.35044575,-0.46335337,0.72668475,1,0.015378874,0.015732137,0.0056247455
1785207012987039845,-0.09838844,0.38831547,0.4046509,3.0216253e-05,2.8868557e-05,0.0025919252,1,0.14871605,5.8066845,-4.754684,0.12126661,0.12099661,0.08560533,0.98014516,0.11899916,0.14155425,-0.071533315,0,7,1785207012976334,1785207012976334,0.32339028,-0.436827,0.70341384,1,0.015455459,0.015799306,0.0056349523
1785207012995034917,-0.20331812,0.28045905,0.40305117,3.594788e-05,2.6499916e-05,0.00258878,1,0.15190674,5.8032846,-4.7509704,0.12170819,0.12144415,0.08585153,0.9801693,0.11859477,0.14263272,-0.06970917,0,7,1785207012984334,1785207012984334,0.2948179,-0.4089065,0.6772418,1,0.015526671,0.01585762,0.0056450837
1785207013007081081,-0.37962025,0.081788756,0.396392,5.481392e-05,3.1990887e-05,0.002564853,1,0.15753497,5.79716,-4.744074,0.12259907,0.12234701,0.08634623,0.9805072,0.11660321,0.14366275,-0.06610852,0,7,1785207013000334,1785207013000334,0.23427865,-0.3511037,0.6148861,1,0.015655397,0.01596098,0.0056651523
1785207013015079279,-0.4611142,0.00029561855,0.38866776,6.6941066e-05,3.8651116e-05,0.0025462788,1,0.15995522,5.7944427,-4.7409453,0.123048425,0.122802325,0.086594746,0.9808018,0.11508424,0.14368585,-0.0643265,0,7,1785207013008334,1785207013008334,0.20229396,-0.32147515,0.5792816,1,0.015712263,0.016007181,0.005675081
1785207013027138878,-0.51863927,-0.06601512,0.38440582,8.037188e-05,4.722843e-05,0.0025244812,1,0.16210169,5.79196,-4.7380614,0.12350042,0.12326023,0.086844034,0.98115873,0.11329141,0.14345378,-0.06255863,0,7,1785207013016334,1785207013016334,0.16919132,-0.2915253,0.54083204,1,0.015764838,0.016049398,0.0056849443
1785207013035082100,-0.56311435,-0.12566921,0.3801445,9.474316e-05,5.7055564e-05,0.0025004921,1,0.16396622,5.7897134,-4.735482,0.12395509,0.12372072,0.08648471,0.9815636,0.11129776,0.14299525,-0.06081067,0,7,1785207013024334,1785207013024334,0.13529225,-0.2612999,0.4994481,1,0.015815325,0.01608886,0.005675068
1785207013047069833,-0.6310249,-0.23192786,0.36922148,0.00012467238,7.8646786e-05,0.0024492345,1,0.16682807,5.7859426,-4.7312264,0.124870196,0.124647565,0.08698367,0.9824934,0.10681195,0.14143635,-0.05739031,0,7,1785207013040334,1785207013040334,0.06558882,-0.20074253,0.4084164,1,0.015904829,0.016159737,0.005694512
1785207013055069462,-0.6403467,-0.2697444,0.36229628,0.00013966132,8.94783e-05,0.0024236192,1,0.16781676,5.784416,-4.7295933,0.12533298,0.12511578,0.08723432,0.982992,0.10443764,0.14040673,-0.055727556,0,7,1785207013048334,1785207013048334,0.029948555,-0.1706658,0.35929364,1,0.015948232,0.0161939,0.0057041557
1785207013067048929,-0.64247763,-0.2977067,0.35723606,0.00015424179,9.972796e-05,0.0023989931,1,0.16850756,5.783126,-4.7283163,0.12579855,0.1255866,0.08748574,0.9834975,0.10203835,0.13926366,-0.054099165,0,7,1785207013056334,1785207013056334,-0.005903992,-0.14079675,0.30814445,1,0.015993433,0.016228259,0.005713781
1785207013075029011,-0.64167917,-0.3187456,0.35403955,0.00016805294,0.00010910687,0.0023760055,1,0.16889842,5.7820697,-4.7274103,0.12626693,0.12606001,0.08773795,0.98400563,0.09963057,0.1380273,-0.05249012,0,7,1785207013064334,1785207013064334,-0.042124163,-0.11133012,0.25544488,1,0.016037475,0.016262935,0.005723362
1785207013087074774,-0.59591484,-0.34729058,0.33939767,0.0001910139,0.00012307813,0.0023239993,1,0.17126568,5.778928,-4.728942,0.10624286,0.105979525,0.08006451,0.9849926,0.095002495,0.13535494,-0.049427986,0,7,1785207013080348,1785207013080348,-0.11261626,-0.055695668,0.14762372,1,0.013108089,0.013245996,0.005363928
1785207013095062121,-0.56768525,-0.3504875,0.32741237,0.00020149168,0.0001293293,0.002307468,1,0.17319542,5.776865,-4.731368,0.10660446,0.10634377,0.07977403,0.98546267,0.09283819,0.13395089,-0.047975488,0,7,1785207013088348,1785207013088348,-0.14674722,-0.0294772,0.09373974,1,0.013148032,0.013277109,0.0053570294
1785207013107041818,-0.54558146,-0.34862274,0.32341748,0.00021057409,0.000134331,0.0022935797,1,0.17478369,5.7750454,-4.734123,0.106968455,0.10671016,0.080001004,0.98591405,0.09075803,0.13254851,-0.04655498,0,7,1785207013096348,1785207013096348,-0.1804729,-0.00421663,0.04059173,1,0.013190884,0.013309894,0.0053664576
1785207013115043251,-0.50776434,-0.34995383,0.31489626,0.00021831965,0.00013814845,0.002282213,1,0.17603528,5.7734594,-4.737205,0.10733488,0.10707871,0.08022871,0.98634344,0.08881216,0.13113831,-0.04518562,0,7,1785207013104348,1785207013104348,-0.21374746,0.020083014,-0.011913885,1,0.01323704,0.013344739,0.005375889
1785207013127019642,-0.45530128,-0.3424977,0.3034456,0.00022964287,0.00014228372,0.0022670152,1,0.17756042,5.770959,-4.744345,0.10807418,0.10782157,0.08068631,0.98714375,0.08524944,0.1283274,-0.042564955,0,7,1785207013120348,1785207013120348,-0.27830353,0.06686056,-0.11590641,1,0.013339817,0.013422331,0.0053948048
1785207013135083234,-0.4233432,-0.33237755,0.2954566,0.00023320556,0.00014276188,0.0022631693,1,0.17784493,5.7700334,-4.748401,0.10844811,0.1081967,0.0809162,0.9875123,0.08362983,0.12696189,-0.04130754,0,7,1785207013128348,1785207013128348,-0.3097628,0.08905287,-0.16695212,1,0.01340111,0.013468084,0.0054043126
1785207013147018997,-0.38872203,-0.32412177,0.28826612,0.00023557454,0.00014233345,0.0022614244,1,0.17781925,5.769315,-4.7528114,0.108824626,0.10857406,0.08061757,0.9878565,0.08215092,0.1256309,-0.04009693,0,7,1785207013136348,1785207013136348,-0.34064397,0.11051674,-0.21762234,1,0.01346832,0.013518554,0.005397107
1785207013155013877,-0.36502013,-0.31666535,0.28187364,0.00023681915,0.00014110167,0.0022616074,1,0.1774882,5.768798,-4.757541,0.10920377,0.1089537,0.08084742,0.98818326,0.080770515,0.12431885,-0.03892056,0,7,1785207013144348,1785207013144348,-0.37130705,0.13177472,-0.26776797,1,0.013542462,0.013574963,0.005406706
1785207013167033871,-0.30137065,-0.28550544,0.26749352,0.00023629483,0.00013664234,0.0022669828,1,0.17592531,5.7683563,-4.7679477,0.10997012,0.10971986,0.08130932,0.98876923,0.07833532,0.12187508,-0.03668088,0,7,1785207013160348,1785207013160348,-0.43149763,0.17260191,-0.36650097,1,0.013712749,0.013707559,0.005426105
1785207013175016479,-0.25663024,-0.2657978,0.2621667,0.00023484178,0.00013358952,0.0022716855,1,0.17470565,5.768421,-4.7736173,0.11035739,0.11010644,0.08154137,0.9890249,0.07735587,0.12073703,-0.035616886,0,7,1785207013168348,1785207013168348,-0.46045944,0.19228007,-0.41280693,1,0.013809153,0.01378468,0.005435921
1785207013187032395,-0.19138369,-0.21652852,0.25204667,0.00023275675,0.00013019823,0.002277359,1,0.17320682,5.7686687,-4.7795544,0.11074744,0.11049539,0.081774145,0.9892366,0.07661569,0.119764015,-0.03460547,0,7,1785207013176348,1785207013176348,-0.48802033,0.21118453,-0.45220545,1,0.013913431,0.013869906,0.0054458207
1785207013195018699,-0.10003797,-0.15261196,0.24299291,0.0002300295,0.0001265206,0.0022838467,1,0.17144342,5.769093,-4.785713,0.11113903,0.11088575,0.08200767,0.9893905,0.0762133,0.119019836,-0.03365033,0,7,1785207013184348,1785207013184348,-0.51439464,0.22970179,-0.48670727,1,0.014022116,0.013961009,0.00545581
1785207013207040917,0.09650336,-0.01466047,0.22594854,0.00022326203,0.00011873304,0.0022987982,1,0.16717507,5.770442,-4.798536,0.111933306,0.11167571,0.08193177,0.98950034,0.076601125,0.11832494,-0.03194572,0,7,1785207013200348,1785207013200348,-0.56040937,0.2623029,-0.5293403,1,0.014269016,0.014174675,0.005458777
1785207013215054875,0.179328,0.04552659,0.22062199,0.00021943318,0.000114846116,0.002306714,1,0.16471636,5.771336,-4.805006,0.11233481,0.11207441,0.08216595,0.989466,0.07733565,0.11834535,-0.031156516,0,7,1785207013208348,1785207013208348,-0.57902765,0.27580282,-0.53305453,1,0.01440324,0.01429468,0.00546904
1785207013227008432,0.2544295,0.09346318,0.21156707,0.00021541276,0.00011101953,0.002314761,1,0.16207461,5.7723565,-4.81139,0.112739265,0.11247563,0.08240087,0.9893815,0.07837913,0.11855667,-0.03042175,0,7,1785207013216348,1785207013216348,-0.5947025,0.28740725,-0.5246066,1,0.014543846,0.014423439,0.0054793986
1785207013235018351,0.3196779,0.12249111,0.20890293,0.00021127817,0.00010733745,0.0023227786,1,0.1592731,5.7734885,-4.817605,0.1131467,0.11287941,0.08263653,0.9892565,0.079692215,0.11890035,-0.029722713,0,7,1785207013224348,1785207013224348,-0.6078801,0.29748064,-0.50709635,1,0.01468946,0.014560163,0.005489839
1785207013247033345,0.41422093,0.14352907,0.19425468,0.0002028973,0.00010067946,0.0023382208,1,0.1532667,5.776039,-4.8292623,0.1139706,0.11369475,0.08311007,0.98892206,0.08295093,0.11975769,-0.028467564,0,7,1785207013240348,1785207013240348,-0.62763023,0.3131807,-0.4463975,1,0.014992866,0.014854214,0.005510948
1785207013255093872,0.43712455,0.13394085,0.195586,0.00019879674,9.7657816e-05,0.0023455466,1,0.1500991,5.777432,-4.834573,0.114387095,0.114106365,0.08334796,0.9887355,0.08476294,0.120167404,-0.027880302,0,7,1785207013248348,1785207013248348,-0.6345927,0.31882006,-0.40497947,1,0.015148643,0.015010509,0.005521603
1785207013267090100,0.45789722,0.11529961,0.19105794,0.00019475611,9.488856e-05,0.0023524568,1,0.14683707,5.7788906,-4.8395457,0.11480501,0.11451942,0.08302514,0.98854464,0.08665976,0.120514,-0.027313944,0,7,1785207013256348,1785207013256348,-0.6407633,0.3237211,-0.35888115,1,0.015302572,0.015169687,0.005514379
1785207013275031809,0.47574055,0.09346135,0.18653058,0.0001907902,9.235127e-05,0.0023591649,1,0.14349025,5.78041,-4.844079,0.11522757,0.11493635,0.08326292,0.9883535,0.08862068,0.1207737,-0.026785623,0,7,1785207013264348,1785207013264348,-0.64578485,0.32811934,-0.30967554,1,0.015463192,0.015336748,0.0055251396
1785207013287053226,0.50636727,0.03220857,0.18466562,0.00018322357,8.7849025e-05,0.0023716455,1,0.13657978,5.7836123,-4.851733,0.11608195,0.115778424,0.08374072,0.9879804,0.09273062,0.12095786,-0.025786055,0,7,1785207013280348,1785207013280348,-0.6528383,0.33539602,-0.20128517,1,0.015788827,0.01568541,0.0055467985
1785207013295065199,0.5156888,-0.009870072,0.185996,0.00017967101,8.593175e-05,0.0023773222,1,0.13303131,5.7852855,-4.8548036,0.116513796,0.116203606,0.08398075,0.9878073,0.09484797,0.120829165,-0.025318753,0,7,1785207013288348,1785207013288348,-0.6552558,0.33810467,-0.14288732,1,0.015953552,0.015866322,0.005557689
1785207013307063281,0.5180856,-0.05461152,0.1870612,0.00017622518,8.417927e-05,0.0023827269,1,0.12942696,5.7870026,-4.85735,0.11694877,0.1166316,0.08422153,0.98764926,0.0969798,0.120522685,-0.024866266,0,7,1785207013296348,1785207013296348,-0.6576495,0.34083903,-0.08348003,1,0.016120667,0.016052177,0.0055686343
1785207013315102457,0.50769967,-0.11213602,0.18919049,0.00017298714,8.2577004e-05,0.0023877735,1,0.12576784,5.788763,-4.8593693,0.11738689,0.11706243,0.08446306,0.9875156,0.099075936,0.12000176,-0.024420764,0,7,1785207013304348,1785207013304348,-0.6597642,0.3434346,-0.023832498,1,0.016288795,0.016242525,0.005579624
1785207013327069860,0.46935043,-0.24849038,0.18625958,0.00016707186,8.0037295e-05,0.0023966448,1,0.11829931,5.79241,-4.8619084,0.11827267,0.117932744,0.08437022,0.9873476,0.10304909,0.11818853,-0.023603316,0,7,1785207013320348,1785207013320348,-0.66323614,0.34821254,0.09512156,1,0.016626839,0.01663134,0.0055831918
1785207013335133412,0.4451155,-0.32252494,0.1851956,0.00016465451,7.9210484e-05,0.0024000003,1,0.11448802,5.7942886,-4.862393,0.118718326,0.11837077,0.08461238,0.9873213,0.104890645,0.11685554,-0.023222953,0,7,1785207013328348,1785207013328348,-0.66499037,0.3503203,0.15431882,1,0.016786011,0.016818311,0.005594206
1785207013347053976,0.41209275,-0.40348527,0.18306366,0.00016280834,7.886707e-05,0.002402399,1,0.11062906,5.7962074,-4.862363,0.11916914,0.118813194,0.084855296,0.9873387,0.10660095,0.11521964,-0.022868233,0,7,1785207013336348,1785207013336348,-0.66693085,0.3530949,0.21142615,1,0.016946502,0.017005088,0.005605219
1785207013355073534,0.36575344,-0.48870715,0.18093202,0.0001616225,7.906897e-05,0.002403592,1,0.106719054,5.798172,-4.8618474,0.11962312,0.119258545,0.085098974,0.98740727,0.10813259,0.11325319,-0.022541877,0,7,1785207013344348,1785207013344348,-0.669565,0.35667568,0.26453346,1,0.017099502,0.01718386,0.005616173
1785207013367092155,0.24564543,-0.7116145,0.17826484,0.00016108045,8.105938e-05,0.0024025645,1,0.09873043,5.8022623,-4.859495,0.12054041,0.12015795,0.08558862,0.9877344,0.110516585,0.108094834,-0.021966534,0,7,1785207013360348,1785207013360348,-0.676473,0.36626792,0.35708612,1,0.017360898,0.017491248,0.0056376914
1785207013375025238,0.17480654,-0.83225524,0.17506902,0.00016155228,8.275221e-05,0.0024006097,1,0.094643496,5.804402,-4.857738,0.121003576,0.120611906,0.08583459,0.9880066,0.11128069,0.10482327,-0.021719046,0,7,1785207013368348,1785207013368348,-0.6807356,0.37256882,0.39671683,1,0.017469108,0.017617943,0.005648238
1785207013387078025,0.09917255,-0.96354955,0.17533353,0.00016234428,8.486556e-05,0.0023979144,1,0.09049028,5.806615,-4.8557,0.121469654,0.121068634,0.08548599,0.9883523,0.111742996,0.10105014,-0.021500304,0,7,1785207013376348,1785207013376348,-0.685561,0.3799411,0.43067813,1,0.017565226,0.017729426,0.0056394874
1785207013395080600,0.009956408,-1.1009688,0.17320147,0.00016331414,8.736266e-05,0.0023946578,1,0.08626513,5.8089113,-4.8533845,0.12193857,0.1215281,0.0857318,0.98877525,0.11184692,0.09674365,-0.021316573,0,7,1785207013384348,1785207013384348,-0.6914322,0.38867277,0.455879,1,0.017650492,0.01782751,0.005649793
1785207013407109992,-0.1700726,-1.3989762,0.17559887,0.00016534423,9.318746e-05,0.0023871297,1,0.077562645,5.8138137,-4.848219,0.12288219,0.12245321,0.086225726,0.9898389,0.11093642,0.086430155,-0.021023188,0,7,1785207013400348,1785207013400348,-0.7065791,0.41313592,0.47647455,1,0.017779186,0.017976977,0.005670018
1785207013415108610,-0.2451736,-1.547314,0.17480043,0.00016617824,9.642168e-05,0.002383272,1,0.07306855,5.816458,-4.845541,0.12335922,0.12292059,0.08647385,0.9904575,0.109975405,0.08038153,-0.02093168,0,7,1785207013408348,1785207013408348,-0.7158407,0.428919,0.47058553,1,0.0178345,0.018041315,0.005680042
1785207013427077286,-0.34850478,-1.6788752,0.1739939,0.00016681438,9.983683e-05,0.0023794307,1,0.06846983,5.8192563,-4.842923,0.12383888,0.12339055,0.086722754,0.9911216,0.108613566,0.07379498,-0.020870607,0,7,1785207013416348,1785207013416348,-0.7258218,0.44696492,0.45242175,1,0.017885573,0.018098801,0.0056900103
1785207013435086253,-0.44331408,-1.8019127,0.17479634,0.0001672157,0.000103448445,0.0023756267,1,0.06376471,5.8222227,-4.8404536,0.124321155,0.12386309,0.08697243,0.9918149,0.10684866,0.06672756,-0.020831732,0,7,1785207013424348,1785207013424348,-0.73574936,0.46681768,0.42484117,1,0.017932711,0.018149534,0.005699928
1785207013447097972,-0.5684846,-2.003246,0.18252651,0.00016703077,0.000111202724,0.0023684783,1,0.054050814,5.8286996,-4.8362885,0.12529346,0.12481586,0.08686118,0.9932,0.10243476,0.05127155,-0.020790964,0,7,1785207013440348,1785207013440348,-0.7536265,0.50892067,0.35339165,1,0.018011846,0.018234402,0.005699886
1785207013455126196,-0.6443841,-2.0698264,0.18358289,0.00016634142,0.00011528464,0.0023652948,1,0.04905631,5.832216,-4.834612,0.12578346,0.12529606,0.087111436,0.99385554,0.09981677,0.04308274,-0.020781092,0,7,1785207013448348,1785207013448348,-0.7610203,0.52984846,0.31192854,1,0.018048793,0.018273817,0.005709726
1785207013467113648,-0.6992467,-2.1449256,0.18599376,0.00016515079,0.00011940369,0.0023625758,1,0.043985933,5.835915,-4.8332477,0.126276,0.12577878,0.087362476,0.994472,0.096931145,0.03460996,-0.020782387,0,7,1785207013456348,1785207013456348,-0.76638854,0.55081743,0.26707155,1,0.018085083,0.018311972,0.0057195597
1785207013475113638,-0.72721016,-2.2147005,0.19371976,0.00016338649,0.00012349917,0.0023604543,1,0.03885659,5.839796,-4.832221,0.12677108,0.12626405,0.0876143,0.99502844,0.09390905,0.025843887,-0.020774169,0,7,1785207013464348,1785207013464348,-0.76986575,0.5713955,0.21933755,1,0.0181217,0.018348904,0.005729391
1785207013487089057,-0.83267295,-2.2986078,0.19743119,0.0001482253,0.00012402734,0.002286809,1,0.029479338,5.8481236,-4.835028,0.10609159,0.10596957,0.0799622,0.9959391,0.087264836,0.007735176,-0.020746918,0,7,1785207013480348,1785207013480348,-0.77032566,0.6101567,0.120044954,1,0.014502725,0.014689294,0.005370391
1785207013495122592,-0.876083,-2.3321629,0.19770625,0.00014474531,0.00012758093,0.0022869366,1,0.025248324,5.8525515,-4.838779,0.1064654,0.106335424,0.08018962,0.9962799,0.0836251,-0.0015283755,-0.020762615,0,7,1785207013488348,1785207013488348,-0.7665427,0.62810236,0.0685866,1,0.014536021,0.014723081,0.005380118
1785207013507140161,-0.92349005,-2.362789,0.20329173,0.00014062514,0.00013085168,0.002287989,1,0.02100948,5.8571324,-4.8428507,0.10684124,0.1067033,0.07989796,0.99653465,0.079800546,-0.01091873,-0.020771118,0,7,1785207013496348,1785207013496348,-0.7607215,0.6448928,0.015233341,1,0.014574724,0.014762006,0.0053735035
1785207013515114733,-0.9855387,-2.3705137,0.20301656,0.00013578558,0.0001337751,0.0022901085,1,0.016779507,5.8618555,-4.8472285,0.10721914,0.10707321,0.08012537,0.9967039,0.0757301,-0.020362413,-0.020776033,0,7,1785207013504348,1785207013504348,-0.75296575,0.6603685,-0.038653392,1,0.014618812,0.014805426,0.0053833313
1785207013527152992,-1.1165681,-2.337756,0.19635881,0.00012375649,0.0001380757,0.0022982415,1,0.008417813,5.871678,-4.8569093,0.10798126,0.107819244,0.08058238,0.9967861,0.06676915,-0.03905296,-0.0208398,0,7,1785207013520348,1785207013520348,-0.730768,0.6867071,-0.14439508,1,0.0147271855,0.01490898,0.005403174
1785207013535160807,-1.1844783,-2.3223107,0.19502091,0.00011663072,0.00013935637,0.0023042888,1,0.004323873,5.876755,-4.8621993,0.10836556,0.108195424,0.08081199,0.996695,0.061894566,-0.048293367,-0.02088142,0,7,1785207013528348,1785207013528348,-0.7165781,0.6977298,-0.1947465,1,0.014792441,0.014969043,0.0054131905
1785207013547106249,-1.2649055,-2.2767715,0.1920803,0.00010882193,0.00013991783,0.0023117396,1,0.0003107047,5.8819256,-4.8677745,0.10875209,0.108573765,0.08104234,0.9965212,0.056707628,-0.057372637,-0.020934902,0,7,1785207013536348,1785207013536348,-0.70031947,0.70688343,-0.24347323,1,0.014868744,0.015039073,0.0054233
1785207013555092904,-1.3362758,-2.2227108,0.17877318,0.000100410565,0.0001397229,0.0023204472,1,-0.0035999725,5.887174,-4.873628,0.10913956,0.10895335,0.08127344,0.9962675,0.051213104,-0.06622403,-0.021037605,0,7,1785207013544348,1785207013544348,-0.68205434,0.71459526,-0.29098174,1,0.014956653,0.015117728,0.0054335175
1785207013567116394,-1.4449357,-2.102334,0.17344825,8.230287e-05,0.00013719399,0.0023414947,1,-0.011063747,5.897865,-4.8861876,0.10992437,0.10972124,0.081202395,0.9955199,0.03955833,-0.083198324,-0.021295927,0,7,1785207013560348,1785207013560348,-0.64014214,0.7258395,-0.38225308,1,0.015191702,0.015316883,0.0054374253
1785207013575127145,-1.5003302,-2.0261679,0.16811416,7.3067094e-05,0.00013481766,0.0023533134,1,-0.014585217,5.903282,-4.8928566,0.11032059,0.11010875,0.08143419,0.99503595,0.03341877,-0.09124868,-0.021455819,0,7,1785207013568348,1785207013568348,-0.6163271,0.72908294,-0.42644492,1,0.015336652,0.015434831,0.0054480312
1785207013587097364,-1.569836,-1.958525,0.1595955,6.407762e-05,0.00013166304,0.0023656643,1,-0.017949149,5.908728,-4.8997636,0.110719495,0.110498734,0.08166672,0.9944848,0.02700317,-0.09900484,-0.021656806,0,7,1785207013576348,1785207013576348,-0.5920041,0.73040044,-0.46443373,1,0.015497684,0.015560255,0.00545873
1785207013595105540,-1.6241692,-1.8908767,0.15906508,5.5541328e-05,0.00012792146,0.002378151,1,-0.021159986,5.9141893,-4.906826,0.11112119,0.11089126,0.08189999,0.9938658,0.020370103,-0.1064753,-0.021886634,0,7,1785207013584348,1785207013584348,-0.5691652,0.73005885,-0.48879552,1,0.015669804,0.015689006,0.0054694843
1785207013607171582,-1.6859517,-1.7353498,0.15534545,4.1020765e-05,0.00011917324,0.0024018397,1,-0.02718503,5.9251127,-4.920945,0.11193323,0.111684136,0.082368776,0.9924442,0.006679064,-0.120455116,-0.02237161,0,7,1785207013600348,1785207013600348,-0.5314417,0.726327,-0.4874127,1,0.01603409,0.015946887,0.005491078
1785207013615139622,-1.7205727,-1.6759617,0.14975165,3.5419158e-05,0.00011417206,0.0024126533,1,-0.030044721,5.9305596,-4.927732,0.112343684,0.11208457,0.0826043,0.991642,-0.0003284368,-0.12701507,-0.022656104,0,7,1785207013608348,1785207013608348,-0.5165156,0.7228816,-0.46356127,1,0.016224358,0.016070293,0.005501858
1785207013627129348,-1.7836881,-1.6317556,0.14202572,3.1103526e-05,0.00010904998,0.0024222024,1,-0.032823123,5.935984,-4.9342456,0.112755485,0.11248653,0.08228906,0.99077034,-0.0075589023,-0.13337283,-0.022993919,0,7,1785207013616348,1785207013616348,-0.5038801,0.71849525,-0.42936945,1,0.016414601,0.016186256,0.005495015
1785207013635139207,-1.8489392,-1.5859452,0.14309013,2.8277922e-05,0.00010375914,0.0024305328,1,-0.035542578,5.9413834,-4.940365,0.113171995,0.1128924,0.0825245,0.98982716,-0.015043363,-0.13953409,-0.023374157,0,7,1785207013624348,1785207013624348,-0.49369934,0.71414983,-0.38597536,1,0.016609758,0.016298398,0.0055057243
1785207013647115958,-1.8963422,-1.4687669,0.13857159,2.7513574e-05,9.2589806e-05,0.0024428973,1,-0.04086878,5.9521165,-4.951173,0.114014365,0.11371248,0.082997635,0.9877447,-0.030415624,-0.15115978,-0.024209563,0,7,1785207013640348,1785207013640348,-0.47921064,0.707048,-0.27686754,1,0.016994596,0.016494237,0.0055269226
1785207013655165784,-1.9019345,-1.4112428,0.1367111,2.9734207e-05,8.687291e-05,0.002446611,1,-0.043505114,5.957459,-4.955758,0.11444027,0.11412673,0.08323533,0.9866184,-0.038145397,-0.15659244,-0.024655584,0,7,1785207013648348,1785207013648348,-0.47451568,0.70422846,-0.21426278,1,0.017185403,0.016580405,0.005537417
1785207013667146593,-1.899538,-1.3537182,0.13351713,3.375156e-05,8.104312e-05,0.002448641,1,-0.04613833,5.9627905,-4.9597564,0.11486937,0.114543796,0.08347378,0.9854396,-0.045863323,-0.1617847,-0.02512124,0,7,1785207013656348,1785207013656348,-0.47087166,0.70195514,-0.14880016,1,0.017372683,0.016659237,0.005547843
1785207013675132327,-1.8899508,-1.2985901,0.13378626,3.9516108e-05,7.511319e-05,0.002449025,1,-0.04877205,5.9681134,-4.9631495,0.11530169,0.1149637,0.08371299,0.9842137,-0.053538345,-0.1667403,-0.025589697,0,7,1785207013664348,1785207013664348,-0.46735305,0.699804,-0.0814777,1,0.017552782,0.016729245,0.005558173
1785207013687178200,-1.899803,-1.2035168,0.13032413,5.6114404e-05,6.3298015e-05,0.0024446822,1,-0.054048076,5.9787345,-4.968145,0.116175994,0.11581205,0.0836257,0.9816137,-0.06887965,-0.1760243,-0.026564887,0,7,1785207013680348,1785207013680348,-0.46141028,0.69558084,0.05645281,1,0.017897619,0.016839487,0.0055604335
1785207013695185114,-1.9096587,-1.1617035,0.12979113,6.6739776e-05,5.7491274e-05,0.0024399862,1,-0.05669248,5.9840317,-4.9697037,0.116615936,0.11623901,0.08386556,0.9802355,-0.07657909,-0.18038926,-0.027087294,0,7,1785207013688348,1785207013688348,-0.45885137,0.6934724,0.12683521,1,0.018052712,0.01687876,0.0055704694
1785207013707166534,-1.9261695,-1.1174966,0.12925833,7.8700716e-05,5.1885298e-05,0.0024338532,1,-0.059344143,5.9893203,-4.97063,0.117061116,0.11667023,0.084106185,0.9788062,-0.08433063,-0.1845631,-0.027629588,0,7,1785207013696348,1785207013696348,-0.45643604,0.6912674,0.19782077,1,0.018204642,0.016912889,0.0055804346
1785207013715149291,-1.9322954,-1.0791457,0.12792997,9.184731e-05,4.6638273e-05,0.0024261766,1,-0.062003523,5.9945993,-4.9709253,0.117509514,0.11710426,0.08434757,0.977325,-0.09210359,-0.18856733,-0.028198345,0,7,1785207013704348,1785207013704348,-0.45400292,0.6890177,0.26832485,1,0.018349998,0.016940497,0.005590328
1785207013727154217,-1.9330941,-0.97315264,0.124729216,0.0001209514,3.753966e-05,0.0024066195,1,-0.06733235,6.0051193,-4.9696574,0.118415974,0.117980726,0.08483263,0.97424436,-0.1076335,-0.19595635,-0.029399741,0,7,1785207013720348,1785207013720348,-0.44773588,0.6830091,0.4059776,1,0.018615413,0.016976872,0.005609859
1785207013735153967,-1.9232415,-0.90257746,0.1249916,0.000136563,3.380883e-05,0.002394963,1,-0.069992945,6.0103517,-4.968121,0.11887402,0.11842313,0.08507631,0.9726705,-0.11534366,-0.1992633,-0.03003655,0,7,1785207013728348,1785207013728348,-0.44339988,0.67927414,0.4712555,1,0.018729331,0.01698792,0.005619531
1785207013747118324,-1.8971418,-0.8133631,0.12126013,0.00015271634,3.075857e-05,0.0023820857,1,-0.07263556,6.0155563,-4.966058,0.119335234,0.11886827,0.08473586,0.97110444,-0.12295045,-0.20222975,-0.030701702,0,7,1785207013736348,1785207013736348,-0.4370144,0.67394054,0.531442,1,0.018823447,0.016996246,0.005610405
1785207013755115209,-1.8710438,-0.7142921,0.12312047,0.0001691969,2.8485396e-05,0.0023681046,1,-0.075243875,6.0207186,-4.963475,0.11979952,0.11931609,0.08497939,0.9695648,-0.13043031,-0.2048097,-0.031387046,0,7,1785207013744348,1785207013744348,-0.4286496,0.6665915,0.5864438,1,0.01889905,0.01700248,0.0056201466
1785207013767143238,-1.8169831,-0.490321,0.11779695,0.0002027009,2.6492522e-05,0.002336944,1,-0.080261976,6.0308266,-4.9569664,0.12073447,0.12021765,0.08546876,0.9666183,-0.14501016,-0.20866078,-0.03289381,0,7,1785207013760348,1785207013760348,-0.40223768,0.64361125,0.6746699,1,0.01898665,0.017006872,0.0056398557
1785207013775173106,-1.7717094,-0.36515254,0.11299856,0.00021981461,2.6879987e-05,0.0023196707,1,-0.082618356,6.035727,-4.9531603,0.121207274,0.120673,0.0857146,0.96523786,-0.15205702,-0.20989877,-0.033720374,0,7,1785207013768348,1785207013768348,-0.38360515,0.62759537,0.7067817,1,0.019009849,0.017009929,0.005649801
1785207013787114029,-1.7117889,-0.21095532,0.11086184,0.00023713129,2.8291663e-05,0.0023011703,1,-0.08482628,6.040488,-4.949094,0.12168275,0.12113075,0.08596121,0.9639674,-0.15885185,-0.21056144,-0.034595072,0,7,1785207013776348,1785207013776348,-0.3597109,0.6066676,0.72685957,1,0.019025583,0.017014345,0.0056598424
1785207013795118618,-1.6481394,-0.0586207,0.11406031,0.00025451163,3.079529e-05,0.002281515,1,-0.08684931,6.04507,-4.944852,0.122160845,0.12159087,0.08620859,0.9628218,-0.1653797,-0.21062526,-0.03550694,0,7,1785207013784348,1785207013784348,-0.33186337,0.58132553,0.73839474,1,0.019037476,0.017019296,0.0056699766
1785207013807160794,-1.4992678,0.17200832,0.11380418,0.00028874972,3.905853e-05,0.0022394718,1,-0.09020559,6.053563,-4.936242,0.12312475,0.12251809,0.08610342,0.9608681,-0.17753607,-0.209322,-0.037385065,0,7,1785207013800348,1785207013800348,-0.2631235,0.51719123,0.7354845,1,0.019054638,0.017033173,0.005671145
1785207013815151146,-1.3996661,0.29717755,0.11353162,0.0003055063,4.4780536e-05,0.0022172215,1,-0.09147596,6.0574017,-4.9319406,0.123610504,0.122985154,0.08635139,0.96007544,-0.18307765,-0.20800973,-0.038337424,0,7,1785207013808348,1785207013808348,-0.225287,0.47985867,0.72560227,1,0.019062966,0.017042002,0.0056815348
1785207013827110484,-1.2537255,0.45297354,0.11458712,0.00032193906,5.1509593e-05,0.0021942887,1,-0.09247506,6.060954,-4.9276547,0.124098785,0.1234545,0.08660013,0.95947343,-0.18807815,-0.20614168,-0.039281975,0,7,1785207013816348,1785207013816348,-0.19031021,0.44418702,0.7196811,1,0.01907041,0.017049864,0.005691955
1785207013835128199,-1.0691684,0.60370785,0.10979435,0.00033805793,5.9249804e-05,0.0021706587,1,-0.09322122,6.0642333,-4.923356,0.124589585,0.12392613,0.086849645,0.95910525,-0.19236833,-0.20370305,-0.040208768,0,7,1785207013824348,1785207013824348,-0.15717243,0.40980253,0.7170431,1,0.01907656,0.017058207,0.00570241
1785207013847142522,-0.6515849,0.91157067,0.109526515,0.00036933873,7.7786455e-05,0.0021211787,1,-0.09400109,6.0699887,-4.914654,0.12557596,0.124873966,0.08735101,0.9591459,-0.19851023,-0.197167,-0.041931342,0,7,1785207013840348,1785207013840348,-0.09454443,0.34194645,0.71570104,1,0.0190845,0.017072082,0.0057234215
1785207013855135579,-0.42335173,1.0545827,0.10819256,0.00038446707,8.8643545e-05,0.002095423,1,-0.09404281,6.0724635,-4.910253,0.12607422,0.12535237,0.08760286,0.95957404,-0.2002766,-0.1930874,-0.04271111,0,7,1785207013848348,1785207013848348,-0.0630192,0.306769,0.7127132,1,0.01908874,0.017080875,0.005733976
1785207013867200970,-0.19165649,1.1885399,0.11112413,0.0003992481,0.0001005205,0.0020689953,1,-0.093848325,6.0746555,-4.9058905,0.12657496,0.12583303,0.08723545,0.9602747,-0.20112057,-0.18851773,-0.043407615,0,7,1785207013856348,1785207013856348,-0.031017253,0.2696069,0.70591825,1,0.019093206,0.017090047,0.0057244645
1785207013875189018,0.0075498577,1.3073161,0.11645898,0.0004135467,0.000113376474,0.0020420698,1,-0.09341118,6.0765452,-4.901558,0.1270782,0.12631597,0.08748708,0.9612138,-0.20113724,-0.18350257,-0.044030845,0,7,1785207013864348,1785207013864348,0.0020224708,0.2296677,0.69461906,1,0.019096129,0.017098421,0.0057350304
1785207013887179956,0.34659243,1.4404868,0.13004866,0.00042840873,0.00013948185,0.0019110352,1,-0.092236325,6.0805235,-4.8972793,0.10618379,0.10600901,0.07985596,0.96360797,-0.19909933,-0.17260824,-0.045006767,0,7,1785207013880348,1785207013880348,0.07246314,0.14251542,0.6536273,1,0.015122464,0.013774766,0.0053770873
1785207013895165819,0.47788528,1.5001409,0.13138893,0.00043970076,0.00015448758,0.0018849646,1,-0.091469154,6.0825467,-4.8973327,0.10656037,0.106376916,0.0800832,0.9649948,-0.19719352,-0.16685425,-0.045380943,0,7,1785207013888348,1785207013888348,0.10862777,0.09552514,0.62380916,1,0.01512129,0.013780349,0.005387389
1785207013907154984,0.5710982,1.5406199,0.14178242,0.00044966844,0.00017008714,0.0018596246,1,-0.09041733,6.084164,-4.8974957,0.10693895,0.106746696,0.08031116,0.96645737,-0.19487941,-0.16091897,-0.045688227,0,7,1785207013896348,1785207013896348,0.14483865,0.04721276,0.59063846,1,0.015115119,0.013784408,0.0053975843
1785207013915165415,0.6363432,1.535027,0.14311805,0.00045807727,0.00018620332,0.0018351385,1,-0.089074776,6.085363,-4.897793,0.10731845,0.107117385,0.080539845,0.96793664,-0.19228932,-0.1549621,-0.04593893,0,7,1785207013904348,1785207013904348,0.18135299,-0.0019181712,0.5551475,1,0.015100282,0.0137829445,0.00540759
1785207013927216218,0.72476256,1.5360904,0.16203618,0.00047009933,0.00021979159,0.001789981,1,-0.085555665,6.086525,-4.8989,0.10808555,0.10786643,0.08047358,0.97087115,-0.18651366,-0.14312238,-0.04623866,0,7,1785207013920348,1785207013920348,0.24967794,-0.099123046,0.47687787,1,0.015055619,0.013777262,0.0054104766
1785207013935206800,0.72556096,1.5315619,0.1705708,0.00047314036,0.00023684447,0.0017701146,1,-0.08340113,6.0864916,-4.899741,0.10847209,0.108243875,0.080702975,0.97230345,-0.18348527,-0.13716502,-0.04631217,0,7,1785207013928348,1785207013928348,0.28259856,-0.14773256,0.43569988,1,0.01501936,0.01377066,0.0054197884
1785207013947139297,0.7069208,1.4958752,0.18361464,0.0004739604,0.00025390188,0.0017524642,1,-0.08099174,6.08605,-4.9007916,0.10886061,0.10862332,0.0809331,0.97366315,-0.18054043,-0.13129787,-0.04632692,0,7,1785207013936348,1785207013936348,0.31421912,-0.1959207,0.39316067,1,0.014973345,0.013763961,0.005428857
1785207013955158324,0.68801045,1.471108,0.19134355,0.00047289437,0.0002708203,0.0017368386,1,-0.078340344,6.0852075,-4.9020677,0.10925109,0.10900477,0.08116396,0.9749528,-0.17766243,-0.12553988,-0.046290673,0,7,1785207013944348,1785207013944348,0.3440439,-0.243266,0.34884626,1,0.014919654,0.013758112,0.0054376987
1785207013967200520,0.63874316,1.4684433,0.21372128,0.0004660744,0.0003035453,0.0017113888,1,-0.07236719,6.0823555,-4.905343,0.11003781,0.109773815,0.08162787,0.97737384,-0.17212006,-0.113963485,-0.04612377,0,7,1785207013960348,1785207013960348,0.3989379,-0.33446595,0.25976548,1,0.014794251,0.013760613,0.005454843
1785207013975190732,0.5987957,1.442878,0.22596487,0.0004598225,0.00031856794,0.0017028449,1,-0.069067605,6.08036,-4.907342,0.11043399,0.11016144,0.08186093,0.97847325,-0.16958359,-0.108249724,-0.045972735,0,7,1785207013968348,1785207013968348,0.42411897,-0.37891844,0.2155163,1,0.014739488,0.013773927,0.0054635955
1785207013987150992,0.5963974,1.4527334,0.2350151,0.0004514588,0.00033182543,0.0016979406,1,-0.06558226,6.0780015,-4.909603,0.11083081,0.11054989,0.08155309,0.9795275,-0.16708316,-0.10253186,-0.045786563,0,7,1785207013976348,1785207013976348,0.44701967,-0.42174265,0.17028178,1,0.014689515,0.013790792,0.0054552755
1785207013995207550,0.6379406,1.4969444,0.24379411,0.00044127795,0.00034308402,0.0016970902,1,-0.061923344,6.0752926,-4.912122,0.11123067,0.11094161,0.081786074,0.98057896,-0.16445643,-0.0966553,-0.04557316,0,7,1785207013984348,1785207013984348,0.46851158,-0.46248016,0.1248796,1,0.014647667,0.013816309,0.005464288
1785207014007226903,0.7042537,1.5584637,0.2587047,0.00041528034,0.0003584442,0.0017081845,1,-0.054136302,6.0688806,-4.917896,0.11203586,0.11173123,0.08225425,0.9826502,-0.15881357,-0.084521115,-0.045089036,0,7,1785207014000348,1785207014000348,0.5053256,-0.53798926,0.041908573,1,0.014575143,0.013884411,0.005482436
1785207014015214268,0.80971277,1.6399591,0.26695082,0.00039987522,0.00036211073,0.0017201522,1,-0.050048508,6.065224,-4.921104,0.11244117,0.11212916,0.082489446,0.9837142,-0.15554373,-0.07813163,-0.044810034,0,7,1785207014008348,1785207014008348,0.5193867,-0.57084316,0.0065430286,1,0.014543851,0.0139290895,0.0054915184
1785207014027249801,0.95245856,1.7313061,0.27307075,0.0003831647,0.00036327468,0.0017359285,1,-0.04586132,6.0613074,-4.9244723,0.112848245,0.11252919,0.08272538,0.98483914,-0.15170246,-0.07138938,-0.044518743,0,7,1785207014016348,1785207014016348,0.5310482,-0.5996983,-0.021702308,1,0.014515497,0.013981883,0.005500581
1785207014035223431,1.052594,1.7952205,0.27920344,0.00036561186,0.0003622735,0.0017547125,1,-0.041591126,6.057152,-4.9279466,0.11325708,0.11293134,0.082962066,0.9859878,-0.14740673,-0.06438163,-0.04420923,0,7,1785207014024348,1785207014024348,0.54078066,-0.62666696,-0.04319758,1,0.014492623,0.014043946,0.005509629
1785207014047216602,1.2693727,1.9496859,0.28426138,0.00032946732,0.00035449755,0.0017990946,1,-0.032871913,6.0482183,-4.9350533,0.11407993,0.113742165,0.0828798,0.9882911,-0.13755134,-0.049599707,-0.043594006,0,7,1785207014040348,1785207014040348,0.5528967,-0.67048943,-0.066548064,1,0.0144735165,0.014201329,0.0055100536
1785207014055226391,1.4161131,2.0468924,0.28611848,0.0003110327,0.0003484649,0.0018235384,1,-0.02846037,6.043492,-4.9385633,0.114492476,0.11414939,0.08311711,0.9894532,-0.13179706,-0.041672286,-0.043305118,0,7,1785207014048348,1785207014048348,0.5562505,-0.6875984,-0.06857946,1,0.014477594,0.014292574,0.0055192616
1785207014067251043,1.5359569,2.106812,0.28772205,0.00029303503,0.00034165452,0.0018485789,1,-0.02402863,6.0386214,-4.941984,0.11490813,0.11456037,0.08335517,0.9905942,-0.12550302,-0.033490244,-0.04301903,0,7,1785207014056348,1785207014056348,0.5583107,-0.70324594,-0.065317385,1,0.014497749,0.01439627,0.00552858
1785207014075219352,1.6491406,2.160076,0.2909148,0.00027566525,0.00033418793,0.0018736493,1,-0.01958812,6.0336223,-4.9452806,0.11532548,0.11497365,0.08359398,0.9916876,-0.11874335,-0.02510718,-0.04272553,0,7,1785207014064348,1785207014064348,0.5589308,-0.7162501,-0.057750456,1,0.014533037,0.014508545,0.005538054
1785207014087235037,1.829172,2.306546,0.28507498,0.00024207798,0.00031833223,0.0019235617,1,-0.010725373,6.0233116,-4.9513655,0.11616537,0.11580726,0.084073834,0.99365014,-0.104005046,-0.007613705,-0.042242877,0,7,1785207014080363,1785207014080363,0.5559714,-0.73688596,-0.029093137,1,0.014645263,0.014754466,0.0055574235
1785207014095255887,1.9492768,2.3710003,0.28558195,0.0002262762,0.00031066063,0.0019472707,1,-0.006320958,6.018028,-4.9540863,0.11658795,0.116227664,0.08431489,0.99449366,-0.09599027,0.0015551401,-0.0420227,0,7,1785207014088363,1785207014088363,0.55333626,-0.74433386,-0.008738184,1,0.014722002,0.014886981,0.00556731
1785207014107298042,2.0755107,2.4040236,0.2807842,0.000211276,0.00030324157,0.0019699268,1,-0.0019399854,6.012678,-4.956577,0.117012314,0.116650514,0.0839822,0.99523205,-0.08744023,0.010858093,-0.04182908,0,7,1785207014096363,1785207014096363,0.5503105,-0.75034827,0.014334536,1,0.014812582,0.015024414,0.005558921
1785207014115243958,2.1905618,2.4322507,0.27652496,0.00019672507,0.0002960604,0.001991895,1,0.0024128142,6.007273,-4.9588,0.1174385,0.11707586,0.084223114,0.9958445,-0.07840682,0.020252045,-0.041666403,0,7,1785207014104363,1785207014104363,0.5464751,-0.7549914,0.03985628,1,0.014915455,0.01516515,0.005569065
1785207014127233062,2.3740528,2.5217316,0.26722938,0.00016940021,0.00028295346,0.002032559,1,0.011001916,5.996343,-4.9623747,0.11829469,0.11793236,0.08470721,0.99661356,-0.059082206,0.0394272,-0.041429408,0,7,1785207014120363,1785207014120363,0.53572696,-0.76060545,0.09852723,1,0.015148602,0.015449877,0.0055896756
1785207014135240136,2.4392986,2.572067,0.2648363,0.00015665841,0.00027687816,0.0020516126,1,0.015223564,5.9908323,-4.9636855,0.118726544,0.11836533,0.08495039,0.99672693,-0.04894665,0.04929357,-0.04135181,0,7,1785207014128363,1785207014128363,0.5293965,-0.7624662,0.13167518,1,0.015282607,0.015595213,0.005600129
1785207014147227516,2.5093412,2.5947042,0.25975522,0.00014414237,0.00027050564,0.00207074,1,0.019394571,5.985298,-4.9646616,0.119160384,0.11880094,0.08519432,0.9966429,-0.038533658,0.05926254,-0.04130594,0,7,1785207014136363,1785207014136363,0.5230979,-0.76338166,0.16560632,1,0.015424433,0.015741501,0.005610657
1785207014155267202,2.6046817,2.5888474,0.25227934,0.00013196528,0.00026385405,0.002089807,1,0.023513777,5.979752,-4.9653473,0.11959628,0.11923922,0.0848525,0.9963608,-0.027752481,0.069205515,-0.04129872,0,7,1785207014144363,1785207014144363,0.51628435,-0.7625688,0.1991432,1,0.01557218,0.015885392,0.0056023994
1785207014167229665,2.7634058,2.5563557,0.23924708,0.00010863427,0.00024891554,0.0021285557,1,0.031567786,5.9686613,-4.9657364,0.12047439,0.12012385,0.08534083,0.99517685,-0.005166119,0.08878175,-0.041404534,0,7,1785207014160363,1785207014160363,0.49942124,-0.7585438,0.26413685,1,0.015867751,0.01615328,0.0056236773
1785207014175250835,2.8025541,2.5499635,0.23047009,9.721637e-05,0.00023955393,0.002149575,1,0.035485,5.9631305,-4.965455,0.12091672,0.12057022,0.08558613,0.9942517,0.006467132,0.09847895,-0.041517965,0,7,1785207014168363,1785207014168363,0.48932528,-0.7552903,0.29541117,1,0.016008215,0.016273012,0.005634323
1785207014187202798,2.8227944,2.5294569,0.21848537,8.622484e-05,0.00022915684,0.0021712037,1,0.039318185,5.9576163,-4.964874,0.12136129,0.1210193,0.0858322,0.99310184,0.018182857,0.10807936,-0.041678503,0,7,1785207014176363,1785207014176363,0.4782306,-0.7515636,0.32380208,1,0.016144654,0.016383644,0.005644974
1785207014195212246,2.8401113,2.4817805,0.21900131,7.584214e-05,0.00021795378,0.0021930304,1,0.0430571,5.952126,-4.964028,0.12180813,0.12147106,0.08607904,0.99173886,0.029954046,0.11749653,-0.041849416,0,7,1785207014184363,1785207014184363,0.46560755,-0.74654734,0.3471817,1,0.016273733,0.01648414,0.005655603
1785207014207235385,2.9021585,2.328655,0.19635858,5.692092e-05,0.00019259045,0.0022375712,1,0.050191306,5.94128,-4.9617696,0.1227063,0.12238042,0.08597286,0.98842555,0.053800926,0.1353768,-0.042351153,0,7,1785207014200363,1785207014200363,0.4339578,-0.7294942,0.37753627,1,0.016496232,0.016648373,0.005657316
1785207014215219204,2.8717978,2.267134,0.18519935,4.879849e-05,0.00017858377,0.002259941,1,0.05354656,5.9359612,-4.960446,0.123160064,0.12284013,0.08622028,0.9864929,0.06568105,0.1438643,-0.04267276,0,7,1785207014208363,1785207014208363,0.41373283,-0.7178232,0.38558504,1,0.016599929,0.016720736,0.0056678406
1785207014227205393,2.8073535,2.174185,0.18013121,4.1838113e-05,0.00016409517,0.0022816309,1,0.05673268,5.9307313,-4.959024,0.123616196,0.12330246,0.086468466,0.9844139,0.07729921,0.15200257,-0.04300293,0,7,1785207014216363,1785207014216363,0.3914096,-0.70466167,0.38818672,1,0.016695295,0.016785836,0.0056783217
1785207014235219760,2.7322507,2.0500844,0.1731974,3.615865e-05,0.00014937606,0.0023022701,1,0.05972982,5.925608,-4.9575596,0.12407473,0.123767406,0.08671743,0.9822328,0.088591404,0.15966286,-0.043336593,0,7,1785207014224363,1785207014224363,0.36617792,-0.6884363,0.38317394,1,0.016783519,0.016843393,0.0056887665
1785207014247234292,2.5623395,1.7984166,0.15164132,2.9076418e-05,0.00012006551,0.0023391435,1,0.06506448,5.9157925,-4.954682,0.124999054,0.12470509,0.08721767,0.9776753,0.110114366,0.17344107,-0.044090915,0,7,1785207014240363,1785207014240363,0.30762076,-0.6458675,0.3621428,1,0.016938217,0.016939733,0.0057095443
1785207014255245373,2.4225247,1.682301,0.14179425,2.8027654e-05,0.00010552828,0.0023549695,1,0.06736655,5.9111423,-4.9533076,0.12546487,0.1251778,0.087468974,0.97536004,0.120115586,0.17963055,-0.044473305,0,7,1785207014248363,1785207014248363,0.27556553,-0.6215437,0.34967297,1,0.017006231,0.01698243,0.005719875
1785207014267238776,2.3090763,1.5379559,0.1345863,2.87814e-05,9.142649e-05,0.0023685566,1,0.06941039,5.9066877,-4.951988,0.12593317,0.12565307,0.08772105,0.97306633,0.12960754,0.18528625,-0.044864446,0,7,1785207014256363,1785207014256363,0.24277978,-0.59478706,0.33678082,1,0.017068988,0.017020978,0.0057301675
1785207014275230269,2.1615372,1.4053313,0.12980647,3.1396394e-05,7.8017736e-05,0.0023794032,1,0.07118326,5.9024515,-4.9507704,0.12640083,0.12612836,0.08735221,0.9708307,0.13851722,0.19040665,-0.045234878,0,7,1785207014264363,1785207014264363,0.20891558,-0.5666544,0.32464966,1,0.01712024,0.017051019,0.0057202824
1785207014287235223,1.8534472,1.101726,0.11382903,4.186994e-05,5.1797084e-05,0.002357401,1,0.07390629,5.8965383,-4.950968,0.10638672,0.105975516,0.079745,0.9666533,0.15445668,0.19902666,-0.045968056,0,7,1785207014280363,1785207014280363,0.14113466,-0.5063386,0.30565193,1,0.013893114,0.013791884,0.0053639105
1785207014295264770,1.6955209,0.945399,0.11090159,5.0812538e-05,4.2796208e-05,0.0023576894,1,0.07486267,5.8948326,-4.9522853,0.10674552,0.106340244,0.0799718,0.96478814,0.16144353,0.2024299,-0.04628214,0,7,1785207014288363,1785207014288363,0.107696585,-0.47445837,0.29918095,1,0.013932689,0.013814003,0.0053738994
1785207014307244396,1.5072367,0.7893356,0.111437075,6.176915e-05,3.544755e-05,0.0023543097,1,0.075553656,5.893327,-4.9535413,0.10710629,0.106707,0.08019933,0.96310717,0.16770318,0.20526451,-0.0465502,0,7,1785207014296363,1785207014296363,0.07419274,-0.44257012,0.2942881,1,0.013968661,0.013835559,0.0053838384
1785207014315258242,1.3080318,0.6103728,0.10663933,7.460606e-05,2.997642e-05,0.0023471706,1,0.07598166,5.8920245,-4.9547224,0.10746909,0.107075796,0.0804276,0.96166235,0.17314704,0.20745414,-0.046781905,0,7,1785207014304363,1785207014304363,0.041510444,-0.41044837,0.2913054,1,0.014003528,0.0138556855,0.0053937403
1785207014327240112,0.9226724,0.23300257,0.09412036,0.000105774634,2.5557436e-05,0.00232087,1,0.07607378,5.890033,-4.9569016,0.1082008,0.107819565,0.080361955,0.9595545,0.18169062,0.20979303,-0.04723072,0,7,1785207014320363,1785207014320363,-0.021865066,-0.3467046,0.2905184,1,0.014069504,0.0138918655,0.005396894
1785207014335292522,0.7194735,0.039922677,0.093320385,0.00012395286,2.6877939e-05,0.0023015924,1,0.07574694,5.889345,-4.9578357,0.10856978,0.10819456,0.08059094,0.9589319,0.18475628,0.20991753,-0.047428515,0,7,1785207014328363,1785207014328363,-0.053033926,-0.3144205,0.2914932,1,0.014103106,0.013910064,0.005406671
1785207014347249795,0.51973647,-0.14782928,0.09358667,0.0001435492,3.059424e-05,0.002278375,1,0.075164735,5.888874,-4.9586744,0.10893949,0.108570576,0.080820665,0.9586129,0.18700106,0.20934789,-0.047596432,0,7,1785207014336363,1785207014336363,-0.08528439,-0.280823,0.2903686,1,0.0141331,0.013926716,0.005416397
1785207014355275564,0.34077194,-0.3246628,0.09491963,0.00016416828,3.6775346e-05,0.0022517925,1,0.074319765,5.8886347,-4.9594436,0.10931269,0.10894977,0.081051126,0.95857716,0.18851173,0.20812063,-0.047738984,0,7,1785207014344363,1785207014344363,-0.119261496,-0.24488814,0.2857923,1,0.014166303,0.013947353,0.005426068
1785207014367266361,0.06939481,-0.60855484,0.103715464,0.00020753304,5.6419944e-05,0.0021892118,1,0.071773216,5.8889475,-4.960937,0.110065825,0.109714724,0.08151427,0.95921695,0.18970677,0.20399764,-0.047950298,0,7,1785207014360363,1785207014360363,-0.19520298,-0.16230853,0.2582796,1,0.014230632,0.01398894,0.0054452466
1785207014375227567,-0.011033177,-0.706825,0.10531652,0.0002298775,6.940773e-05,0.0021540897,1,0.07002494,5.889562,-4.9618073,0.11044588,0.11010055,0.08120987,0.95978457,0.1896983,0.20129512,-0.048047226,0,7,1785207014368363,1785207014368363,-0.23653194,-0.116774365,0.2368635,1,0.0142637165,0.014011833,0.0054377187
1785207014387241679,-0.08666787,-0.7939103,0.11596951,0.0002519834,8.413189e-05,0.002117468,1,0.06795508,5.890494,-4.9627585,0.11082833,0.11048867,0.08144176,0.9604761,0.18938431,0.19825308,-0.048115216,0,7,1785207014376363,1785207014376363,-0.27592418,-0.072504826,0.21730301,1,0.014296643,0.014038174,0.0054471893
1785207014395219015,-0.14552358,-0.8825933,0.123695575,0.00027350403,0.00010035092,0.002079934,1,0.06557979,5.8917346,-4.9637756,0.11121328,0.11087913,0.08167439,0.96127564,0.1888117,0.19488283,-0.048167866,0,7,1785207014384363,1785207014384363,-0.3135778,-0.029363858,0.20001085,1,0.0143265,0.01406657,0.005456612
1785207014407280257,-0.21343425,-1.0514374,0.14074293,0.0003143229,0.00013581161,0.002004058,1,0.059972174,5.8950925,-4.965932,0.111990936,0.11166722,0.08214188,0.963127,0.1871778,0.18713877,-0.048268627,0,7,1785207014400363,1785207014400363,-0.3823217,0.050787933,0.17542394,1,0.014381243,0.014131753,0.00547539
1785207014415278213,-0.25524512,-1.1363927,0.14952849,0.00033312527,0.0001543038,0.0019668462,1,0.056782264,5.8971763,-4.9670115,0.11238191,0.11206352,0.08237675,0.9641623,0.18613598,0.18278277,-0.048322205,0,7,1785207014408363,1785207014408363,-0.41273293,0.08741845,0.16890843,1,0.014402261,0.014167195,0.005484758
1785207014427251186,-0.30770963,-1.2469139,0.15831672,0.00035058547,0.00017286025,0.0019310247,1,0.053361863,5.8995075,-4.9680595,0.11277738,0.11246359,0.08261236,0.96528953,0.18488044,0.17802905,-0.048385225,0,7,1785207014416363,1785207014416363,-0.44048578,0.12191049,0.165079,1,0.014428136,0.014209376,0.0054941387
1785207014435255504,-0.35538042,-1.3598318,0.1705693,0.00036664648,0.00019116607,0.0018968513,1,0.049729332,5.902072,-4.969059,0.113175586,0.1128661,0.08284871,0.96651095,0.18341108,0.17282878,-0.048448417,0,7,1785207014424363,1785207014424363,-0.46637788,0.1549637,0.16364858,1,0.014453876,0.01425562,0.0055035288
1785207014447274686,-0.43847048,-1.5909947,0.19240195,0.00039317043,0.00022574463,0.0018361291,1,0.041880097,5.90786,-4.970929,0.11398024,0.113678455,0.08276732,0.9691709,0.17999178,0.16108276,-0.048612192,0,7,1785207014440363,1785207014440363,-0.51310855,0.2166482,0.16533895,1,0.014509514,0.014359899,0.005504652
1785207014455269275,-0.5327456,-1.7143008,0.20251144,0.00040354498,0.00024146779,0.0018102189,1,0.03769193,5.9110584,-4.9717445,0.11438671,0.11408829,0.08300433,0.9706347,0.17782758,0.15451483,-0.048691824,0,7,1785207014448363,1785207014448363,-0.53405994,0.24492215,0.1679987,1,0.014540787,0.014418396,0.0055141067
1785207014467259411,-0.66244286,-1.8392035,0.2128884,0.00041166687,0.00025561574,0.0017881359,1,0.03334316,5.9144425,-4.9724736,0.11479593,0.11450056,0.08324209,0.9722121,0.17516035,0.14746591,-0.048747305,0,7,1785207014456363,1785207014456363,-0.55367255,0.27167553,0.17075671,1,0.014574709,0.014481002,0.005523586
1785207014475246066,-0.78681153,-1.9555838,0.22114784,0.00041741898,0.0002681313,0.0017700535,1,0.028843682,5.9180055,-4.9731183,0.115207925,0.11491527,0.08348059,0.97388846,0.1719657,0.13996562,-0.048772115,0,7,1785207014464363,1785207014464363,-0.5720987,0.29777402,0.17350714,1,0.014612085,0.0145477895,0.005533098
1785207014487271118,-1.102658,-2.2088528,0.22752163,0.0004213822,0.0002875334,0.0017469282,1,0.019432202,5.9256396,-4.9741573,0.1160379,0.11575028,0.08395984,0.9775077,0.1637639,0.12361984,-0.048766274,0,7,1785207014480363,1785207014480363,-0.60427564,0.34532323,0.17918612,1,0.014692087,0.014689259,0.005552236
1785207014495326905,-1.2949387,-2.357724,0.22778052,0.00041958972,0.00029415448,0.0017422823,1,0.014546897,5.929686,-4.974586,0.116458125,0.11617228,0.0836309,0.9794619,0.15854064,0.11463808,-0.04875773,0,7,1785207014488363,1785207014488363,-0.6179405,0.36675194,0.18236664,1,0.014742345,0.014771194,0.00554365
1785207014507310638,-1.4648479,-2.473039,0.22911601,0.00041543297,0.0002988594,0.001741917,1,0.009557435,5.9338703,-4.97493,0.11688118,0.11659674,0.08387077,0.9814692,0.15257743,0.10518434,-0.048731502,0,7,1785207014496363,1785207014496363,-0.63057595,0.38762602,0.1860371,1,0.014800019,0.01486239,0.0055534123
1785207014515288787,-1.6422175,-2.5643845,0.23070027,0.00040921368,0.00030179523,0.0017453831,1,0.004472849,5.938187,-4.97519,0.117307104,0.117023736,0.08411139,0.983487,0.14590023,0.09537439,-0.048685085,0,7,1785207014504363,1785207014504363,-0.64195895,0.40695226,0.18933852,1,0.0148677435,0.014965542,0.005563307
1785207014527288591,-2.0068004,-2.8187172,0.22566175,0.000392013,0.00030403683,0.0017607101,1,-0.0059291394,5.947169,-4.9754944,0.118167974,0.11788552,0.08459489,0.98748034,0.1302619,0.074527666,-0.048580118,0,7,1785207014520363,1785207014520363,-0.658764,0.44141936,0.19230144,1,0.0150443185,0.015218352,0.005583663
1785207014535363955,-2.19269,-2.9627938,0.22672041,0.0003816871,0.00030386742,0.0017713887,1,-0.0112159345,5.9518137,-4.9755597,0.11860311,0.11832045,0.08483778,0.98941255,0.121261865,0.063257374,-0.04854732,0,7,1785207014528363,1785207014528363,-0.6650196,0.45669022,0.19195463,1,0.015146945,0.015355784,0.0055940123
1785207014547297082,-2.342359,-3.0658584,0.22352783,0.00037036632,0.00030301308,0.0017837492,1,-0.01654814,5.9565535,-4.9755855,0.1190414,0.11875808,0.08508143,0.99122983,0.11158201,0.051554866,-0.048527658,0,7,1785207014536363,1785207014536363,-0.6701468,0.4717008,0.18957971,1,0.015256562,0.015496648,0.0056044403
1785207014555297262,-2.465931,-3.1260455,0.22059593,0.00035806434,0.00030170858,0.0017975419,1,-0.021915551,5.961381,-4.9755883,0.11948282,0.119198434,0.08532583,0.9928782,0.10135026,0.039593678,-0.04851217,0,7,1785207014544363,1785207014544363,-0.6738608,0.4852854,0.18538275,1,0.015371377,0.01563929,0.005614925
1785207014567320772,-2.6843123,-3.318057,0.22034441,0.00033091524,0.0002980639,0.0018285795,1,-0.03268209,5.9712586,-4.9756894,0.120372154,0.12008518,0.0852269,0.995549,0.07945347,0.014666612,-0.04852229,0,7,1785207014560363,1785207014560363,-0.6746742,0.50819767,0.16944729,1,0.015602025,0.01591406,0.005616987
1785207014575332414,-2.8057501,-3.3843722,0.21740168,0.0003159864,0.0002954885,0.0018462717,1,-0.03805902,5.976282,-4.9757857,0.12082278,0.12053363,0.0854719,0.9965207,0.06773324,0.0017174522,-0.048538484,0,7,1785207014568363,1785207014568363,-0.67299676,0.516594,0.1579657,1,0.01572191,0.016048646,0.0056274654
1785207014587289016,-2.868334,-3.4059434,0.21182579,0.00030002126,0.00029238086,0.0018655352,1,-0.043414265,5.981344,-4.9759345,0.12127642,0.12098478,0.085717656,0.99720263,0.05567445,-0.011341216,-0.048567075,0,7,1785207014576363,1785207014576363,-0.66920775,0.5239183,0.14470576,1,0.015843531,0.01618113,0.0056379545
1785207014595285298,-2.8803225,-3.415526,0.2086521,0.00028313813,0.00028896413,0.0018860269,1,-0.04873056,5.986435,-4.976159,0.121733084,0.12143863,0.08596418,0.997571,0.043509897,-0.024429346,-0.048603833,0,7,1785207014584363,1785207014584363,-0.6630632,0.5295358,0.12794073,1,0.015966982,0.01631237,0.0056484626
1785207014607301955,-2.9626107,-3.4536138,0.20835236,0.00024699897,0.00028018432,0.0019313326,1,-0.059166167,5.996638,-4.9769564,0.122655444,0.12235449,0.086459525,0.9973469,0.018805277,-0.050790407,-0.048641417,0,7,1785207014600363,1785207014600363,-0.6432762,0.53344446,0.0828365,1,0.016215168,0.016566655,0.0056694574
1785207014615293859,-2.9628785,-3.4163275,0.20091371,0.00022791815,0.0002740013,0.001956792,1,-0.06424578,6.0017104,-4.977634,0.12312112,0.12281651,0.08610434,0.9967497,0.0062538767,-0.06388918,-0.048673976,0,7,1785207014608363,1785207014608363,-0.6294374,0.5319943,0.05628038,1,0.016340092,0.016691614,0.005660472
1785207014627288063,-2.916005,-3.3601358,0.19107577,0.0002084271,0.00026644077,0.0019839092,1,-0.06920298,6.006739,-4.978488,0.12358655,0.123278864,0.0863522,0.9958402,-0.0061323484,-0.07675615,-0.048715904,0,7,1785207014616363,1785207014616363,-0.61273754,0.52755296,0.028079322,1,0.016462713,0.016811734,0.0056709927
1785207014635291930,-2.8784573,-3.3241804,0.18548125,0.00018882174,0.00025744815,0.0020127064,1,-0.07401514,6.0117,-4.979537,0.12405817,0.12374634,0.08660083,0.9946291,-0.018331481,-0.08943974,-0.04875998,0,7,1785207014624363,1785207014624363,-0.5930958,0.5202821,-0.0023476314,1,0.016590051,0.016933003,0.00568152
1785207014647279181,-2.8326485,-3.1899607,0.16868444,0.00014933806,0.00023423859,0.0020758044,1,-0.08312671,6.0213213,-4.982276,0.12501046,0.124689646,0.08710041,0.9913514,-0.042503633,-0.114136316,-0.04887663,0,7,1785207014640363,1785207014640363,-0.54683375,0.49615088,-0.0672409,1,0.016841838,0.017164785,0.0057025272
1785207014655344816,-2.7668686,-3.0834334,0.15510945,0.00013003369,0.00022014379,0.0021094093,1,-0.08738491,6.0259366,-4.983981,0.12549113,0.12516549,0.08735137,0.9893535,-0.054213755,-0.12586424,-0.04897687,0,7,1785207014648363,1785207014648363,-0.5195375,0.4797415,-0.0996311,1,0.016968194,0.017276455,0.0057130572
1785207014667291549,-2.7170732,-3.0229743,0.1543168,0.00011164861,0.00020470379,0.0021434417,1,-0.09141411,6.030391,-4.9859004,0.12597483,0.12564415,0.0876031,0.987133,-0.06566996,-0.1372888,-0.04906799,0,7,1785207014656363,1785207014656363,-0.48947495,0.46061853,-0.129496,1,0.017093133,0.017385397,0.0057235877
1785207014675288924,-2.6880395,-2.951074,0.14924069,9.443433e-05,0.00018802808,0.0021775416,1,-0.0952019,6.034666,-4.988008,0.12646157,0.12612563,0.08785561,0.98469603,-0.07697705,-0.1484319,-0.049155664,0,7,1785207014664363,1785207014664363,-0.4590246,0.4393975,-0.15574124,1,0.017217351,0.017490046,0.005734096
1785207014687298206,-2.5314996,-2.6632278,0.12474284,5.9193902e-05,0.00014471525,0.002197908,1,-0.10007165,6.0402026,-4.99511,0.10598163,0.1058866,0.07964711,0.97940505,-0.09862661,-0.16909859,-0.049439933,0,7,1785207014680363,1785207014680363,-0.39397782,0.3913478,-0.20150107,1,0.014016615,0.014188349,0.005358723
1785207014695349745,-2.454271,-2.5724134,0.11944155,4.732546e-05,0.0001267848,0.0022277648,1,-0.10115851,6.0414777,-4.9999576,0.10635157,0.10625184,0.07987361,0.9765993,-0.10891096,-0.17869897,-0.049588103,0,7,1785207014688363,1785207014688363,-0.35824472,0.36345834,-0.21998167,1,0.0141174225,0.014265036,0.005369026
1785207014707347315,-2.360262,-2.4674835,0.1167785,3.7950773e-05,0.00010929703,0.0022548412,1,-0.10200877,6.0425696,-5.004845,0.10672519,0.1066203,0.080100834,0.9737031,-0.11882453,-0.18791333,-0.049717233,0,7,1785207014696363,1785207014696363,-0.3225867,0.33558586,-0.234987,1,0.014220559,0.014341782,0.005379332
1785207014715315253,-2.2553322,-2.309561,0.1090312,3.1249827e-05,9.265462e-05,0.0022784013,1,-0.10262494,6.04348,-5.009745,0.107101165,0.106990986,0.0803288,0.9707888,-0.12826261,-0.19655299,-0.049849555,0,7,1785207014704363,1785207014704363,-0.28763682,0.30728096,-0.2458388,1,0.014323152,0.014412743,0.0053895917
1785207014727337851,-2.0438786,-2.0110183,0.09253885,2.6928108e-05,6.3058586e-05,0.00231276,1,-0.103167705,6.0447297,-5.019432,0.10786022,0.10773915,0.080786936,0.9650542,-0.14572255,-0.21193032,-0.05020802,0,7,1785207014720363,1785207014720363,-0.21925835,0.24977471,-0.25023082,1,0.014522165,0.014548313,0.005410056
1785207014735335517,-1.9541314,-1.8887781,0.09306708,2.9808481e-05,5.084269e-05,0.0023223215,1,-0.103103794,6.0450687,-5.0241537,0.10824335,0.10811668,0.080489546,0.962231,-0.15382983,-0.21888316,-0.0503786,0,7,1785207014728363,1785207014728363,-0.18643622,0.22165653,-0.24395116,1,0.014618817,0.014610003,0.0054035513
1785207014747322537,-1.8313576,-1.74204,0.08640973,3.615718e-05,4.0936546e-05,0.002326106,1,-0.10282653,6.0452247,-5.028725,0.10862891,0.10849653,0.08071896,0.95949215,-0.16143717,-0.22529516,-0.050546546,0,7,1785207014736363,1785207014736363,-0.15515804,0.19483615,-0.23302498,1,0.014713613,0.014667256,0.0054136706
1785207014755309051,-1.7269614,-1.5878434,0.0789468,4.601538e-05,3.3447e-05,0.0023239667,1,-0.10234967,6.0452056,-5.0331078,0.109016895,0.10887875,0.080949105,0.95686513,-0.16857271,-0.23112363,-0.050738193,0,7,1785207014744363,1785207014744363,-0.12577535,0.16887186,-0.21681294,1,0.014805206,0.014719774,0.005423712
1785207014767299157,-1.4902089,-1.3175331,0.06937258,7.6158925e-05,2.586782e-05,0.0023017062,1,-0.10083781,6.044681,-5.0411124,0.109798595,0.10964905,0.08141162,0.9520031,-0.18135439,-0.24121782,-0.051133886,0,7,1785207014760363,1785207014760363,-0.075683765,0.12492257,-0.16219656,1,0.014969525,0.014808754,0.005443504
1785207014775303465,-1.3908737,-1.1729227,0.06936844,9.5876945e-05,2.597984e-05,0.0022821098,1,-0.09987204,6.044228,-5.044616,0.11019394,0.11003844,0.08164399,0.9497937,-0.18706825,-0.24548379,-0.0513325,0,7,1785207014768363,1785207014768363,-0.055992357,0.106904335,-0.124652304,1,0.015043435,0.014845396,0.0054532355
1785207014787313679,-1.2835472,-1.0307115,0.06590865,0.00011843641,2.8564968e-05,0.0022572004,1,-0.09879707,6.0436726,-5.047727,0.11059175,0.11043026,0.0818771,0.9477572,-0.1923349,-0.24921356,-0.051538166,0,7,1785207014776363,1785207014776363,-0.038691163,0.09121236,-0.08170148,1,0.015110454,0.014876685,0.0054628453
1785207014795291516,-1.1906028,-0.89861846,0.059250806,0.00014368555,3.3561577e-05,0.0022271909,1,-0.097631894,6.0430317,-5.0504003,0.11099202,0.11082454,0.08211095,0.945887,-0.19719563,-0.25244957,-0.051776603,0,7,1785207014784363,1785207014784363,-0.024006799,0.07762567,-0.03285103,1,0.0151677895,0.014905014,0.0054723457
1785207014807348220,-1.0630374,-0.697816,0.050197855,0.00019990248,5.011072e-05,0.0021548993,1,-0.09510798,6.041556,-5.0543356,0.111799896,0.11162047,0.082034394,0.9425654,-0.20596264,-0.25770196,-0.052341457,0,7,1785207014800363,1785207014800363,-0.0022540826,0.05643258,0.08038002,1,0.015261989,0.014948275,0.005473678
1785207014815286992,-1.0385361,-0.61392653,0.048597787,0.0002303129,6.123954e-05,0.0021135975,1,-0.09378896,6.040749,-5.0554886,0.11220746,0.11202213,0.08226893,0.9410476,-0.21008603,-0.25984168,-0.052684285,0,7,1785207014808363,1785207014808363,0.0050708936,0.048156314,0.14315508,1,0.015295714,0.014962394,0.00548284
1785207014827322675,-1.023356,-0.5327004,0.04513496,0.00026208325,7.416599e-05,0.0020691392,1,-0.09244934,6.039907,-5.0560684,0.11261739,0.112426236,0.08250421,0.93960595,-0.2141206,-0.26167715,-0.053088363,0,7,1785207014816363,1785207014816363,0.011542683,0.040484086,0.20791495,1,0.015322259,0.014977008,0.0054919915
1785207014835303819,-1.0316131,-0.4469467,0.04673301,0.0002942886,8.854649e-05,0.0020226035,1,-0.09108847,6.0390286,-5.0560646,0.11302781,0.11283119,0.08274024,0.93823105,-0.21813916,-0.26318938,-0.053565443,0,7,1785207014824363,1785207014824363,0.017280046,0.033132527,0.2736583,1,0.015342303,0.014989356,0.005501144
1785207014847315486,-1.0316128,-0.2607921,0.044070356,0.00035828113,0.00012054559,0.0019270871,1,-0.08833408,6.0371804,-5.054304,0.11385915,0.11365141,0.08321453,0.93571454,-0.22612262,-0.26515508,-0.05477043,0,7,1785207014840363,1785207014840363,0.028092239,0.01874431,0.4052352,1,0.015372155,0.015016549,0.005519298
1785207014855364630,-1.0281507,-0.16625038,0.041139573,0.00039019386,0.00013774342,0.001878213,1,-0.086936794,6.0362086,-5.052588,0.11427818,0.1140651,0.08289315,0.93457854,-0.23006457,-0.2656166,-0.055508245,0,7,1785207014848363,1785207014848363,0.033823676,0.011189816,0.47061747,1,0.015384408,0.015032804,0.0055105286
1785207014867303799,-1.02389,-0.04773887,0.04246617,0.0004211395,0.00015528096,0.001829966,1,-0.08552124,6.035198,-5.050302,0.11469942,0.11448115,0.08313056,0.93354803,-0.23396315,-0.26565912,-0.05634381,0,7,1785207014856363,1785207014856363,0.040586066,0.0022341395,0.5333895,1,0.015395207,0.015052397,0.005519691
1785207014875290022,-1.0145692,0.108055465,0.040329613,0.00045049307,0.00017294461,0.0017831849,1,-0.08407321,6.034132,-5.0474777,0.11512284,0.114899546,0.08336872,0.932665,-0.23779418,-0.26515162,-0.05731329,0,7,1785207014864363,1785207014864363,0.049364466,-0.009207979,0.591693,1,0.015403806,0.015073632,0.005528898
1785207014887293193,-0.90351635,0.511257,0.0299294,0.0005053921,0.0002081587,0.0016935421,1,-0.081018925,6.0317564,-5.040366,0.115976065,0.11574326,0.08384728,0.9315619,-0.24485716,-0.26205698,-0.05969711,0,7,1785207014880363,1785207014880363,0.07262039,-0.039007172,0.6939175,1,0.015417505,0.015120802,0.005547515
1785207014895338479,-0.76716286,0.7506751,0.016604621,0.0005305808,0.000225318,0.0016514282,1,-0.07937405,6.0304084,-5.0361633,0.116405815,0.11616852,0.08408768,0.9314883,-0.24771893,-0.2592859,-0.061122634,0,7,1785207014888363,1785207014888363,0.088286065,-0.057365987,0.7371621,1,0.015426327,0.015147983,0.0055569545
1785207014907340057,-0.5376,1.0058043,-0.002045277,0.0005538295,0.00024193389,0.0016115734,1,-0.077609934,6.0289183,-5.03159,0.116835564,0.116594054,0.08432883,0.9318579,-0.24972552,-0.2556425,-0.0626503,0,7,1785207014896363,1785207014896363,0.1064144,-0.07786973,0.7746788,1,0.015431429,0.015173235,0.00556648
1785207014915295802,-0.2547737,1.2691902,-0.024423325,0.00057523523,0.000257892,0.0015744412,1,-0.07572074,6.027283,-5.026685,0.11726938,0.11702376,0.084570736,0.9327423,-0.250623,-0.2511051,-0.06423561,0,7,1785207014904363,1785207014904363,0.1262447,-0.0995068,0.8084703,1,0.015441513,0.015202214,0.0055761165
1785207014927316697,0.42939472,1.7405692,-0.060128003,0.00061243196,0.00028748426,0.0015081146,1,-0.071522266,6.023548,-5.016056,0.11814312,0.11788974,0.084477164,0.9361056,-0.2485067,-0.23960301,-0.06738818,0,7,1785207014920363,1785207014920363,0.1692021,-0.1455856,0.8678909,1,0.015463241,0.015257193,0.005577272
1785207014935331385,0.8030373,1.9560188,-0.074777886,0.00062793365,0.00030109796,0.0014792295,1,-0.06919508,6.0214276,-5.0103436,0.11858302,0.11832596,0.084719665,0.9385834,-0.2452561,-0.23274447,-0.06885255,0,7,1785207014928363,1785207014928363,0.19233127,-0.17077321,0.89237386,1,0.015474592,0.015282749,0.005587274
1785207014947319036,1.1489837,2.1408412,-0.07796732,0.0006414991,0.00031390032,0.0014530915,1,-0.066701025,6.0191193,-5.004407,0.119024955,0.118764326,0.08496293,0.94151396,-0.24059935,-0.22524855,-0.070189886,0,7,1785207014936363,1785207014936363,0.217164,-0.19826263,0.9130105,1,0.015485175,0.015305932,0.0055973767
1785207014955305570,1.4959972,2.2870467,-0.07424958,0.0006533094,0.00032596933,0.0014294419,1,-0.06402407,6.0166054,-4.9982834,0.1194689,0.119204804,0.08520695,0.9448229,-0.2345752,-0.21723834,-0.07135685,0,7,1785207014944363,1785207014944363,0.24399701,-0.22749224,0.92831385,1,0.015495366,0.015326943,0.0056075766
1785207014967311647,2.1298347,2.6108844,-0.05451699,0.0006729735,0.00034897626,0.0013872278,1,-0.058080684,6.010898,-4.9856615,0.12036281,0.12009202,0.085697256,0.9523718,-0.21860737,-0.19961531,-0.07316085,0,7,1785207014960363,1785207014960363,0.2999084,-0.29199162,0.9415278,1,0.015512244,0.015361094,0.0056282864
1785207014975342305,2.3934844,2.7413814,-0.039331093,0.00068088924,0.00036023,0.0013680413,1,-0.05479848,6.0076733,-4.979312,0.12081043,0.12053632,0.08535012,0.9564633,-0.20887661,-0.19000053,-0.07381469,0,7,1785207014968363,1785207014968363,0.3293482,-0.32654998,0.939748,1,0.015515992,0.015372509,0.005619647
1785207014987302404,2.6278462,2.8407137,-0.01962168,0.00068759697,0.0003716928,0.0013500979,1,-0.051301528,6.0041924,-4.9729605,0.12126234,0.12098504,0.085595466,0.9606318,-0.19816172,-0.17999814,-0.07429149,0,7,1785207014976363,1785207014976363,0.3590176,-0.36096406,0.93214816,1,0.015523555,0.015387248,0.0056301584
1785207014995298897,2.8068101,2.94804,0.0017237046,0.00069288537,0.00038331735,0.0013334121,1,-0.04758834,6.0004535,-4.9666586,0.12171625,0.12143581,0.08584158,0.9647993,-0.18663391,-0.16959961,-0.07460737,0,7,1785207014984363,1785207014984363,0.38857588,-0.39606485,0.9176085,1,0.0155315,0.01540223,0.0056407223
1785207015007335631,3.1245263,3.11715,0.05202681,0.0006993373,0.00040683674,0.0013038943,1,-0.039515823,5.992194,-4.9543986,0.12263007,0.12234354,0.08633609,0.9728989,-0.16152893,-0.14758515,-0.074798346,0,7,1785207015000363,1785207015000363,0.44723526,-0.46449962,0.8739459,1,0.015547859,0.015432902,0.0056619407
1785207015015360378,3.2614138,3.1469765,0.07440698,0.00070021616,0.00041872135,0.0012913566,1,-0.035163853,5.9877005,-4.948508,0.12308997,0.1228005,0.08658449,0.9766989,-0.14803417,-0.13629031,-0.074634045,0,7,1785207015008363,1785207015008363,0.47482678,-0.49465707,0.846136,1,0.015556846,0.015450597,0.0056725577
1785207015027341936,3.3655398,3.2559013,0.0947079,0.0006989319,0.00043063774,0.00128095,1,-0.030622935,5.9829965,-4.9428225,0.12355187,0.12325954,0.08683366,0.9802913,-0.134045,-0.12463001,-0.0743527,0,7,1785207015016363,1785207015016363,0.49920487,-0.5215982,0.81412023,1,0.015567026,0.0154718645,0.0056831227
1785207015035322328,3.4739347,3.3578968,0.11919231,0.00069506833,0.000442366,0.001273311,1,-0.025911573,5.9781046,-4.9373703,0.124015756,0.12372068,0.08708359,0.9836564,-0.11955006,-0.112506166,-0.07396059,0,7,1785207015024363,1785207015024363,0.5222891,-0.54610765,0.7797233,1,0.015579018,0.0154968975,0.005693646
1785207015047309397,3.56235,3.3661568,0.15353312,0.00067802606,0.00046298062,0.0012699151,1,-0.01603326,5.9678507,-4.9272923,0.124946915,0.124646544,0.08697128,0.98939687,-0.08979893,-0.087898605,-0.07282707,0,7,1785207015040363,1785207015040363,0.5620079,-0.5847086,0.7075837,1,0.015607432,0.015558031,0.005694681
1785207015055315037,3.5988371,3.4412534,0.18020661,0.00066457514,0.0004701562,0.0012764169,1,-0.01091089,5.962553,-4.922655,0.12541673,0.12511413,0.087221764,0.9917426,-0.07464577,-0.07535005,-0.07209015,0,7,1785207015048363,1785207015048363,0.5768937,-0.59798306,0.66799396,1,0.015629256,0.015599077,0.005704984
1785207015067309610,3.602295,3.4694889,0.19510686,0.0006476787,0.0004739682,0.0012897276,1,-0.005692197,5.9571767,-4.918305,0.12588854,0.12558392,0.087473005,0.9937222,-0.059362017,-0.06256357,-0.07126162,0,7,1785207015056363,1785207015056363,0.59033054,-0.6088301,0.62834626,1,0.01565488,0.015645105,0.005715257
1785207015075294280,3.5045626,3.378936,0.21212655,0.0006276129,0.0004738904,0.0013100995,1,-0.00038970192,5.9517355,-4.9142394,0.12636238,0.12605597,0.08772502,0.9952799,-0.044398833,-0.049979713,-0.0703473,0,7,1785207015064363,1785207015064363,0.6017685,-0.61736363,0.5893752,1,0.015684046,0.015695589,0.005725519
