bag_time_ns,actual_pos_x,actual_pos_y,actual_pos_z,actual_velocity_x,actual_velocity_y,actual_velocity_z,arrival_time_error,elapsed_time,final_position_error,header_frame_id,header_stamp_nanosec,header_stamp_sec,integrated_squared_jerk,integrated_squared_jerk_valid,is_finished,is_hover_stable,ladrc_accel_feedforward_enabled,ladrc_acceleration_command_x,ladrc_acceleration_command_y,ladrc_acceleration_command_z,max_acceleration,max_acceleration_valid,max_jerk,max_jerk_valid,max_velocity,max_velocity_valid,mission_id,motion_style,path_length,reference_acceleration_x,reference_acceleration_y,reference_acceleration_z,reference_jerk_x,reference_jerk_y,reference_jerk_z,reference_pos_x,reference_pos_y,reference_pos_z,reference_velocity_x,reference_velocity_y,reference_velocity_z,requested_duration,safety_factor,start_pos_x,start_pos_y,start_pos_z,target_pos_x,target_pos_y,target_pos_z,tracking_error,trajectory_duration,trajectory_profile,uav_id
1785142922070936480,-0.007246605586260557,24.005703730508685,-0.33408123254776,-0.0344240739941597,0.0018123912159353495,-0.1722760647535324,nan,-1.8596242666244507,12.202408790588379,world,70824906,1785142922,0.4305834472179413,True,False,False,True,0.030565950414138975,-0.025681642863110102,0.5219875905252258,0.489094078540802,True,0.42356789112091064,True,1.9060555696487427,True,5,normal,12.198755264282227,0.0,0.0,0.0,0.3474438904150803,-0.15642614281710443,0.1849956013676193,-0.006384043954312801,24.005072913132608,-0.3278733193874359,0.0,0.0,0.0,12.0,0.0,-0.006384043954312801,24.005072913132608,-0.3278733193874359,10.0,19.5,5.0,0.006299216765910387,12.0,minimum_jerk,8
1785142922170860502,-0.008146167732775211,24.006091818213463,-0.3394739329814911,-0.03481946513056755,0.0023117924574762583,-0.17413222789764404,nan,-1.759640097618103,12.205647468566895,world,170806884,1785142922,0.4305834472179413,True,False,False,True,0.08564371465271214,-0.04490780600236792,0.7673801223102299,0.489094078540802,True,0.42356789112091064,True,1.9060555696487427,True,5,normal,12.198755264282227,0.0,0.0,0.0,0.3474438904150803,-0.15642614281710443,0.1849956013676193,-0.006384043954312801,24.005072913132608,-0.3278733193874359,0.0,0.0,0.0,12.0,0.0,-0.006384043954312801,24.005072913132608,-0.3278733193874359,10.0,19.5,5.0,0.011777838692069054,12.0,minimum_jerk,8
1785142922270881331,-0.00847679190337658,24.006320846732706,-0.3425544798374176,-0.035097409039735794,0.002519231056794524,-0.1750618815422058,nan,-1.6596405506134033,12.207351684570312,world,270807346,1785142922,0.4305834472179413,True,False,False,True,0.0333696974521082,-0.017997464471559334,0.2982396756931466,0.489094078540802,True,0.42356789112091064,True,1.9060555696487427,True,5,normal,12.198755264282227,0.0,0.0,0.0,0.3474438904150803,-0.15642614281710443,0.1849956013676193,-0.006384043954312801,24.005072913132608,-0.3278733193874359,0.0,0.0,0.0,12.0,0.0,-0.006384043954312801,24.005072913132608,-0.3278733193874359,10.0,19.5,5.0,0.0148819824680686,12.0,minimum_jerk,8
1785142922370874339,-0.005119633860886097,24.007309360429645,-0.34657490253448486,-0.03447994217276573,0.006816039327532053,-0.17614036798477173,nan,-1.5596473217010498,12.206724166870117,world,370801135,1785142922,0.4305834472179413,True,False,False,True,-0.14503258070289193,-0.07623095943327465,0.880233691552581,0.489094078540802,True,0.42356789112091064,True,1.9060555696487427,True,5,normal,12.198755264282227,0.0,0.0,0.0,0.3474438904150803,-0.15642614281710443,0.1849956013676193,-0.006384043954312801,24.005072913132608,-0.3278733193874359,0.0,0.0,0.0,12.0,0.0,-0.006384043954312801,24.005072913132608,-0.3278733193874359,10.0,19.5,5.0,0.018877224996685982,12.0,minimum_jerk,8
1785142922481672471,-0.0055130464024841785,24.0079457918182,-0.3544842004776001,-0.034942880272865295,0.0073423078283667564,-0.1782715618610382,nan,-1.4596498012542725,12.210747718811035,world,470800194,1785142922,0.4305834472179413,True,False,False,True,-0.015124064732903026,-0.07724496394426272,1.3185075198557148,0.489094078540802,True,0.42356789112091064,True,1.9060555696487427,True,5,normal,12.198755264282227,0.0,0.0,0.0,0.3474438904150803,-0.15642614281710443,0.1849956013676193,-0.006384043954312801,24.005072913132608,-0.3278733193874359,0.0,0.0,0.0,12.0,0.0,-0.006384043954312801,24.005072913132608,-0.3278733193874359,10.0,19.5,5.0,0.026779675856232643,12.0,minimum_jerk,8
1785142922570859874,-0.0066427974961698055,24.008592143654823,-0.36477527022361755,-0.03401319682598114,0.007989466190338135,-0.1806623786687851,nan,-1.3596545457839966,12.21642780303955,world,570793764,1785142922,0.4305834472179413,True,False,False,True,0.0704840941190915,-0.09067723224973417,1.9300831605642395,0.489094078540802,True,0.42356789112091064,True,1.9060555696487427,True,5,normal,12.198755264282227,0.0,0.0,0.0,0.3474438904150803,-0.15642614281710443,0.1849956013676193,-0.006384043954312801,24.005072913132608,-0.3278733193874359,0.0,0.0,0.0,12.0,0.0,-0.006384043954312801,24.005072913132608,-0.3278733193874359,10.0,19.5,5.0,0.03707028180360794,12.0,minimum_jerk,8
1785142922670870484,-0.00439316313713789,24.008055082522333,-0.3641301691532135,-0.022915838286280632,-0.0008314832230098546,-0.18018501996994019,nan,-1.2596575021743774,12.214103698730469,world,670792572,1785142922,0.4305834472179413,True,False,False,True,-0.09056377099675417,-0.04775692085374663,1.12773440332512,0.489094078540802,True,0.42356789112091064,True,1.9060555696487427,True,5,normal,12.198755264282227,0.0,0.0,0.0,0.3474438904150803,-0.15642614281710443,0.1849956013676193,-0.006384043954312801,24.005072913132608,-0.3278733193874359,0.0,0.0,0.0,12.0,0.0,-0.006384043954312801,24.005072913132608,-0.3278733193874359,10.0,19.5,5.0,0.03643372282385826,12.0,minimum_jerk,8
1785142922770856510,-0.002677107695490122,24.00692430930212,-0.3687680959701538,-0.01923377811908722,-0.0036624257918447256,-0.1813221275806427,nan,-1.1596587896347046,12.214319229125977,world,770791792,1785142922,0.4305834472179413,True,False,False,True,-0.14179682066158175,0.0007911041162886462,1.6988912035854045,0.489094078540802,True,0.42356789112091064,True,1.9060555696487427,True,5,normal,12.198755264282227,0.0,0.0,0.0,0.3474438904150803,-0.15642614281710443,0.1849956013676193,-0.006384043954312801,24.005072913132608,-0.3278733193874359,0.0,0.0,0.0,12.0,0.0,-0.006384043954312801,24.005072913132608,-0.3278733193874359,10.0,19.5,5.0,0.04110415652394295,12.0,minimum_jerk,8
1785142922870863383,-0.0014993880176916718,24.005497816950083,-0.37769848108291626,-0.007306427229195833,-0.013390645384788513,-0.18311189115047455,nan,-1.0596727132797241,12.216756820678711,world,870774862,1785142922,0.4305834472179413,True,False,False,True,-0.12463317033263172,0.02657759950950849,2.3102618696082797,0.489094078540802,True,0.42356789112091064,True,1.9060555696487427,True,5,normal,12.198755264282227,0.0,0.0,0.0,0.3474438904150803,-0.15642614281710443,0.1849956013676193,-0.006384043954312801,24.005072913132608,-0.3278733193874359,0.0,0.0,0.0,12.0,0.0,-0.006384043954312801,24.005072913132608,-0.3278733193874359,10.0,19.5,5.0,0.05006582662463188,12.0,minimum_jerk,8
1785142922970841474,0.0010218480601906776,24.002694601891562,-0.3873007595539093,0.019105276092886925,-0.03722274675965309,-0.18541686236858368,nan,-0.9596810340881348,12.217889785766602,world,970766567,1785142922,0.4305834472179413,True,False,False,True,-0.17883160518417487,0.11150669218498199,2.9560994145852275,0.489094078540802,True,0.42356789112091064,True,1.9060555696487427,True,5,normal,12.198755264282227,0.0,0.0,0.0,0.3474438904150803,-0.15642614281710443,0.1849956013676193,-0.006384043954312801,24.005072913132608,-0.3278733193874359,0.0,0.0,0.0,12.0,0.0,-0.006384043954312801,24.005072913132608,-0.3278733193874359,10.0,19.5,5.0,0.059934332966804504,12.0,minimum_jerk,8
1785142923070839957,0.01158446166664362,23.99593378044665,-0.385608971118927,0.06622157990932465,-0.07793691754341125,-0.18476244807243347,nan,-0.8596854209899902,12.206008911132812,world,70761554,1785142923,0.4305834472179413,True,False,False,True,-0.6144344657533167,0.3316606855323359,2.122064075846561,0.489094078540802,True,0.42356789112091064,True,1.9060555696487427,True,5,normal,12.198755264282227,0.0,0.0,0.0,0.3474438904150803,-0.15642614281710443,0.1849956013676193,-0.006384043954312801,24.005072913132608,-0.3278733193874359,0.0,0.0,0.0,12.0,0.0,-0.006384043954312801,24.005072913132608,-0.3278733193874359,10.0,19.5,5.0,0.061153873801231384,12.0,minimum_jerk,8
1785142923170830575,0.02347562462091446,23.986174668185413,-0.38940557837486267,0.0947740375995636,-0.11086303740739822,-0.18481342494487762,nan,-0.7596911191940308,12.194363594055176,world,170756440,1785142923,0.4305834472179413,True,False,False,True,-0.9998849951533428,0.665365993630231,2.8320958112721932,0.489094078540802,True,0.42356789112091064,True,1.9060555696487427,True,5,normal,12.198755264282227,0.0,0.0,0.0,0.3474438904150803,-0.15642614281710443,0.1849956013676193,-0.006384043954312801,24.005072913132608,-0.3278733193874359,0.0,0.0,0.0,12.0,0.0,-0.006384043954312801,24.005072913132608,-0.3278733193874359,10.0,19.5,5.0,0.07095746695995331,12.0,minimum_jerk,8
1785142923270837372,0.0376722551882267,23.973482310771942,-0.39581260085105896,0.115224689245224,-0.11593949049711227,-0.14489170908927917,nan,-0.6596888899803162,12.180919647216797,world,270759871,1785142923,0.4305834472179413,True,False,False,True,-1.2774216198630222,0.9789208601007039,3.2985748954285783,0.489094078540802,True,0.42356789112091064,True,1.9060555696487427,True,5,normal,12.198755264282227,0.0,0.0,0.0,0.3474438904150803,-0.15642614281710443,0.1849956013676193,-0.006384043954312801,24.005072913132608,-0.3278733193874359,0.0,0.0,0.0,12.0,0.0,-0.006384043954312801,24.005072913132608,-0.3278733193874359,10.0,19.5,5.0,0.08691760152578354,12.0,minimum_jerk,8
1785142923370804297,0.051173657178878784,23.96312592178583,-0.39705488085746765,0.11911676824092865,-0.09387163817882538,-0.07763032615184784,nan,-0.5597016215324402,12.166627883911133,world,370746802,1785142923,0.4305834472179413,True,False,False,True,-1.5547324372823796,1.1644854164205523,3.3790099510780642,0.489094078540802,True,0.42356789112091064,True,1.9060555696487427,True,5,normal,12.198755264282227,0.0,0.0,0.0,0.3474438904150803,-0.15642614281710443,0.1849956013676193,-0.006384043954312801,24.005072913132608,-0.3278733193874359,0.0,0.0,0.0,12.0,0.0,-0.006384043954312801,24.005072913132608,-0.3278733193874359,10.0,19.5,5.0,0.09929011762142181,12.0,minimum_jerk,8
1785142923470809151,0.06661597639322281,23.95830937474966,-0.37931689620018005,0.1105172336101532,-0.021934494376182556,-0.025684459134936333,nan,-0.45970776677131653,12.144369125366211,world,470739985,1785142923,0.4305834472179413,True,False,False,True,-1.850701187415222,1.0582431493088844,1.8028252625290488,0.489094078540802,True,0.42356789112091064,True,1.9060555696487427,True,5,normal,12.198755264282227,0.0,0.0,0.0,0.3474438904150803,-0.15642614281710443,0.1849956013676193,-0.006384043954312801,24.005072913132608,-0.3278733193874359,0.0,0.0,0.0,12.0,0.0,-0.006384043954312801,24.005072913132608,-0.3278733193874359,10.0,19.5,5.0,0.10080809891223907,12.0,minimum_jerk,8
1785142923570823101,0.07685884088277817,23.963208857923746,-0.3644210994243622,0.04131678491830826,0.09797118604183197,0.005073440261185169,nan,-0.3597142994403839,12.13119888305664,world,570733578,1785142923,0.4305834472179413,True,False,False,True,-2.0325011873374645,0.6723476182488126,1.643927439680847,0.489094078540802,True,0.42356789112091064,True,1.9060555696487427,True,5,normal,12.198755264282227,0.0,0.0,0.0,0.3474438904150803,-0.15642614281710443,0.1849956013676193,-0.006384043954312801,24.005072913132608,-0.3278733193874359,0.0,0.0,0.0,12.0,0.0,-0.006384043954312801,24.005072913132608,-0.3278733193874359,10.0,19.5,5.0,0.10008854418992996,12.0,minimum_jerk,8
1785142923670803841,0.07622365653514862,23.980198534205556,-0.3563683032989502,-0.09133868664503098,0.20341113209724426,-0.09031296521425247,nan,-0.259720116853714,12.134422302246094,world,670727131,1785142923,0.4305834472179413,True,False,False,True,-1.7110966443575286,-0.0035899563384154676,2.043827401114747,0.489094078540802,True,0.42356789112091064,True,1.9060555696487427,True,5,normal,12.198755264282227,0.0,0.0,0.0,0.3474438904150803,-0.15642614281710443,0.1849956013676193,-0.006384043954312801,24.005072913132608,-0.3278733193874359,0.0,0.0,0.0,12.0,0.0,-0.006384043954312801,24.005072913132608,-0.3278733193874359,10.0,19.5,5.0,0.09085555374622345,12.0,minimum_jerk,8
1785142923770781425,0.06298758834600449,24.001846263417974,-0.3587079346179962,-0.23474781215190887,0.25518542528152466,-0.1451428085565567,nan,-0.1597258746623993,12.154282569885254,world,770721816,1785142923,0.4305834472179413,True,False,False,True,-0.9617969141805283,-0.738465473543442,3.054756689212618,0.489094078540802,True,0.42356789112091064,True,1.9060555696487427,True,5,normal,12.198755264282227,0.0,0.0,0.0,0.3474438904150803,-0.15642614281710443,0.1849956013676193,-0.006384043954312801,24.005072913132608,-0.3278733193874359,0.0,0.0,0.0,12.0,0.0,-0.006384043954312801,24.005072913132608,-0.3278733193874359,10.0,19.5,5.0,0.07598426192998886,12.0,minimum_jerk,8
1785142923870746126,0.04888976737856865,24.01233205012977,-0.3464394211769104,-0.34607210755348206,0.2283264696598053,-0.07088442146778107,nan,-0.05977199599146843,12.164298057556152,world,870675797,1785142923,0.4305834472179413,True,False,False,True,-0.8143861287398004,-0.4336677830023259,1.7709474231359819,0.489094078540802,True,0.42356789112091064,True,1.9060555696487427,True,5,normal,12.198755264282227,0.0,0.0,0.0,0.3474438904150803,-0.15642614281710443,0.1849956013676193,-0.006384043954312801,24.005072913132608,-0.3278733193874359,0.0,0.0,0.0,12.0,0.0,-0.006384043954312801,24.005072913132608,-0.3278733193874359,10.0,19.5,5.0,0.05875873938202858,12.0,minimum_jerk,8
1785142923970785062,0.025585396215319633,24.020461056381464,-0.3380375802516937,-0.36929142475128174,0.15892648696899414,-0.11250517517328262,nan,0.04027034342288971,12.182699203491211,world,970719332,1785142923,0.4305834472179413,True,False,False,True,-0.1257533017547141,-0.3686634698134903,1.7307999658787598,0.489094078540802,True,0.42356789112091064,True,1.9060555696487427,True,5,normal,12.198755264282227,0.013851137979675587,-0.006236057526294932,0.007375002614421392,0.34047152483065063,-0.15328704529727158,0.1812831833345795,-0.006380281244208285,24.005071219085757,-0.32787131594216673,0.00027983731004658895,-0.00012598831706209248,0.0001489986524020303,12.0,0.0,-0.006384043954312801,24.005072913132608,-0.3278733193874359,10.0,19.5,5.0,0.03690534457564354,12.0,minimum_jerk,8
1785142924070799808,-0.0023396178148686886,24.02411155216396,-0.34141919016838074,-0.33686167001724243,0.07758410274982452,-0.19047704339027405,nan,0.14026333391666412,12.208404541015625,world,70712329,1785142924,0.4305834472179413,True,False,False,True,0.41153696426242237,-0.2723800849306703,2.672581838925354,0.489094078540802,True,0.42356789112091064,True,1.9060555696487427,True,5,normal,12.198755264282227,0.047038068805810566,-0.02117747317435387,0.025045298150174897,0.32336188563624135,-0.14558394578104067,0.1721732001710495,-0.006227036549174225,24.005002225279238,-0.32778972120040756,0.003338340204947518,-0.0015029870896487538,0.0017774906130776,12.0,0.0,-0.006384043954312801,24.005072913132608,-0.3278733193874359,10.0,19.5,5.0,0.023791613057255745,12.0,minimum_jerk,8
1785142924170798385,-0.02569889836013317,24.023048667237163,-0.3475940525531769,-0.26764601469039917,0.015137063339352608,-0.13764812052249908,nan,0.24027885496616364,12.22985553741455,world,170727346,1785142924,0.4305834472179413,True,False,False,True,0.8218753066817989,-0.06146562125572064,3.3602169886226196,0.489094078540802,True,0.42356789112091064,True,1.9060555696487427,True,5,normal,12.198755264282227,0.0785355385709031,-0.03535825988488036,0.04181604451094841,0.3065379836904521,-0.1380094908514433,0.16321535706696463,-0.0056046734973721635,24.004722025067604,-0.3274583456021791,0.009632019736855657,-0.004336526663843605,0.005128544011741386,12.0,0.0,-0.006384043954312801,24.005072913132608,-0.3278733193874359,10.0,19.5,5.0,0.033839184790849686,12.0,minimum_jerk,8
1785142924270790360,-0.044289737939834595,24.024859961122274,-0.3290805518627167,-0.15874716639518738,-0.013312727212905884,-0.012376071885228157,nan,0.3402526080608368,12.237696647644043,world,270702149,1785142924,0.4305834472179413,True,False,False,True,0.8672689918136142,-0.2057781348866834,1.2781813555459252,0.489094078540802,True,0.42356789112091064,True,1.9060555696487427,True,5,normal,12.198755264282227,0.10835272254195137,-0.04878254854538009,0.057692127043938606,0.290010555538559,-0.1305685143144869,0.15441537066810498,-0.004198895225774446,24.004089115758365,-0.3267098425951668,0.018987744761307615,-0.008548659958471717,0.010109975618038681,12.0,0.0,-0.006384043954312801,24.005072913132608,-0.3278733193874359,10.0,19.5,5.0,0.045214202255010605,12.0,minimum_jerk,8
1785142924370752029,-0.05286025628447533,24.024883961305022,-0.31618595123291016,-0.06920037418603897,-0.01647130958735943,-0.11418987065553665,nan,0.4402463138103485,12.239133834838867,world,370693192,1785142924,0.4305834472179413,True,False,False,True,0.7937927413659208,-0.26019881533973677,1.1699725129008587,0.489094078540802,True,0.42356789112091064,True,1.9060555696487427,True,5,normal,12.198755264282227,0.13653752647499756,-0.061471907279061294,0.07269905304512184,0.2737692995019985,-0.12325637814979841,0.14576775587234755,-0.001710899333638516,24.00296897057381,-0.325385115613449,0.03124501823719137,-0.014067128016713552,0.016636329197287185,12.0,0.0,-0.006384043954312801,24.005072913132608,-0.3278733193874359,10.0,19.5,5.0,0.05640166625380516,12.0,minimum_jerk,8
1785142924470806388,-0.05434794723987579,24.024664919823408,-0.3225380778312683,0.011900890618562698,-0.015322832390666008,-0.2568605840206146,nan,0.5402601957321167,12.243035316467285,world,470715171,1785142924,0.4305834472179413,True,False,False,True,0.6337399645778191,-0.3129433829771429,2.8393345716927776,0.489094078540802,True,0.42356789112091064,True,1.9060555696487427,True,5,normal,12.198755264282227,0.1631179958340351,-0.07343896271104827,0.08685175524930859,0.257814346228155,-0.11607314117742615,0.13727258224255437,0.002141893896051552,24.001234366510772,-0.32333370581712156,0.04624318005165478,-0.020819598463612126,0.02462206168767809,12.0,0.0,-0.006384043954312801,24.005072913132608,-0.3278733193874359,10.0,19.5,5.0,0.06116147339344025,12.0,minimum_jerk,8
1785142924570754382,-0.04825996980071068,24.023198392242193,-0.3349161148071289,0.10028602182865143,-0.02757037989795208,-0.1711054891347885,nan,0.6402406096458435,12.24288272857666,world,570689785,1785142924,0.4305834472179413,True,False,False,True,0.42825773753485374,-0.3885417809872652,3.915335555036183,0.489094078540802,True,0.42356789112091064,True,1.9060555696487427,True,5,normal,12.198755264282227,0.18810910397761826,-0.08469045614486737,0.10015820618255748,0.24215421814557903,-0.10902264036403535,0.12893438752377814,0.0076228615960265145,23.998766725951057,-0.3204153787326475,0.06381413167677226,-0.02873039000195072,0.03397766946252377,12.0,0.0,-0.006384043954312801,24.005072913132608,-0.3278733193874359,10.0,19.5,5.0,0.06269025802612305,12.0,minimum_jerk,8
1785142924670767065,-0.040429893881082535,24.01432071439922,-0.31377896666526794,0.15321987867355347,-0.05573456734418869,0.028028560802340508,nan,0.7402307987213135,12.22397518157959,world,670679726,1785142924,0.4305834472179413,True,False,False,True,0.45439597409736837,-0.08293895359361902,1.0606492281151239,0.489094078540802,True,0.42356789112091064,True,1.9060555696487427,True,5,normal,12.198755264282227,0.2115512037118786,-0.09524455521560773,0.11263989159218808,0.22678201639183673,-0.10210176970468508,0.12074949843454838,0.014983713047297622,23.99545272437516,-0.31649611240397846,0.08380799458242061,-0.03773202433953587,0.044623350085870865,12.0,0.0,-0.006384043954312801,24.005072913132608,-0.3278733193874359,10.0,19.5,5.0,0.058600783348083496,12.0,minimum_jerk,8
1785142924770754982,-0.027387935668230057,24.003404938150197,-0.2921929657459259,0.17178702354431152,-0.07512589544057846,-0.08086501806974411,nan,0.840223491191864,12.19985580444336,world,770671039,1785142924,0.4305834472179413,True,False,False,True,0.4382231860488345,0.0581515760566822,0.7415683682668943,0.489094078540802,True,0.42356789112091064,True,1.9060555696487427,True,5,normal,12.198755264282227,0.23347124328301183,-0.10511339255914055,0.12431116000223061,0.21169891570003974,-0.09531105808756293,0.1127185404584739,0.024458661839980807,23.99118691417122,-0.31145120041045976,0.10607006580759384,-0.04775485112953416,0.05647673236601282,12.0,0.0,-0.006384043954312801,24.005072913132608,-0.3278733193874359,10.0,19.5,5.0,0.05664123222231865,12.0,minimum_jerk,8
1785142924870738762,-0.012552761472761631,23.992384593002498,-0.29716187715530396,0.1770339161157608,-0.07743394374847412,-0.27824944257736206,nan,0.9402235746383667,12.18575668334961,world,870672080,1785142924,0.4305834472179413,True,False,False,True,0.43786631205305115,0.11371201947242444,2.704567729420427,0.489094078540802,True,0.42356789112091064,True,1.9060555696487427,True,5,normal,12.198755264282227,0.2538989963308183,-0.11431037285967545,0.1351878643102369,0.19690423796862555,-0.08865020021787227,0.10484115254213049,0.03626769294393989,23.985870253734934,-0.30516351232351163,0.13045091644366277,-0.05873159450828226,0.06945825326679858,12.0,0.0,-0.006384043954312801,24.005072913132608,-0.3278733193874359,10.0,19.5,5.0,0.049898892641067505,12.0,minimum_jerk,8
1785142924970770238,0.0022931292187422514,23.983327889814973,-0.30992749333381653,0.1831081658601761,-0.060532018542289734,-0.19462019205093384,nan,1.0402326583862305,12.175783157348633,world,970683600,1785142924,0.4305834472179413,True,False,False,True,0.5707160671722559,0.032411117035914344,4.3106341389181475,0.489094078540802,True,0.42356789112091064,True,1.9060555696487427,True,5,normal,12.198755264282227,0.272863406012214,-0.12284852690152684,0.1452854152252937,0.18239779944262668,-0.08211911336547568,0.09711723684566072,0.05061591208060541,23.97941040039527,-0.2975238401319219,0.15680351790180805,-0.07059605928378704,0.08348962779615535,12.0,0.0,-0.006384043954312801,24.005072913132608,-0.3278733193874359,10.0,19.5,5.0,0.05004286766052246,12.0,minimum_jerk,8
1785142925070718669,0.020858129486441612,23.974073830991983,-0.28275880217552185,0.19976204633712769,-0.029101237654685974,0.0689128041267395,nan,1.1402056217193604,12.145293235778809,world,70653140,1785142925,0.4305834472179413,True,False,False,True,0.6728124379322796,-0.02908360901570707,1.068049980915547,0.489094078540802,True,0.42356789112091064,True,1.9060555696487427,True,5,normal,12.198755264282227,0.2903854611323025,-0.1307373042617782,0.15461498818242597,0.16818601991176704,-0.07572068784726155,0.089550211569509,0.06768539862194807,23.971725378401242,-0.2884352361447294,0.1849702068382545,-0.08327726228607273,0.09848690851422326,12.0,0.0,-0.006384043954312801,24.005072913132608,-0.3278733193874359,10.0,19.5,5.0,0.04722848907113075,12.0,minimum_jerk,8
1785142925170713253,0.03984127938747406,23.96899901703,-0.2558700442314148,0.21580424904823303,-0.013406459242105484,-0.03080441802740097,nan,1.2402015924453735,12.116141319274902,world,170649868,1785142925,0.4305834472179413,True,False,False,True,0.7688075929960054,-0.28668680943798225,0.4377555354592233,0.489094078540802,True,0.42356789112091064,True,1.9060555696487427,True,5,normal,12.198755264282227,0.3065047101567328,-0.13799451044545202,0.1631976406599423,0.15426047294290796,-0.06945112991560623,0.08213559008113155,0.08766091016261081,23.962732006212796,-0.27779932665823376,0.21482509156596644,-0.09671852457629763,0.1143830647176489,12.0,0.0,-0.006384043954312801,24.005072913132608,-0.3278733193874359,10.0,19.5,5.0,0.052980050444602966,12.0,minimum_jerk,8
1785142925270708589,0.06229538470506668,23.965192139148712,-0.25586602091789246,0.23619689047336578,-0.012776163406670094,-0.2650146484375,nan,1.3401923179626465,12.096282005310059,world,270639763,1785142925,0.4305834472179413,True,False,False,True,0.9475667879181233,-0.5691014863543828,2.7093609669307765,0.489094078540802,True,0.42356789112091064,True,1.9060555696487427,True,5,normal,12.198755264282227,0.32124520977244553,-0.14463097625099053,0.17104618157862173,0.140625136260746,-0.06331223042120143,0.0748754903097613,0.11069879545468896,23.95235989251525,-0.2655328641835169,0.24622103453222458,-0.11085360190475596,0.13109975339681273,12.0,0.0,-0.006384043954312801,24.005072913132608,-0.3278733193874359,10.0,19.5,5.0,0.051000043749809265,12.0,minimum_jerk,8
1785142925370693565,0.08601170033216476,23.961011361330748,-0.2667499780654907,0.27142003178596497,-0.03263596072793007,-0.17631196975708008,nan,1.4401884078979492,12.080001831054688,world,370637273,1785142925,0.4305834472179413,True,False,False,True,1.0543285542560712,-0.778563687995349,4.556932818861348,0.489094078540802,True,0.42356789112091064,True,1.9060555696487427,True,5,normal,12.198755264282227,0.3346374674916046,-0.15066043676652283,0.17817685458445923,0.12727856419430447,-0.05730333849424947,0.06776914251162355,0.13694893043630788,23.940541560183384,-0.251556047664728,0.2790250294054199,-0.12562261217825849,0.1485661556742484,12.0,0.0,-0.006384043954312801,24.005072913132608,-0.3278733193874359,10.0,19.5,5.0,0.056960247457027435,12.0,minimum_jerk,8
1785142925470722812,0.116702139377594,23.949076872318983,-0.23864778876304626,0.3224441111087799,-0.0851786807179451,0.11473755538463593,nan,1.5401948690414429,12.038159370422363,world,470644931,1785142925,0.4305834472179413,True,False,False,True,0.9765988138713135,-0.5907971265564478,1.413316369752582,0.489094078540802,True,0.42356789112091064,True,1.9060555696487427,True,5,normal,12.198755264282227,0.34671077412762563,-0.15609607929822686,0.18460525549534615,0.11422017281774369,-0.05142419123973529,0.06081623577691428,0.16654731660648237,23.92721577864012,-0.23579646345525762,0.3131055341623089,-0.14096633256433655,0.16671223233969393,12.0,0.0,-0.006384043954312801,24.005072913132608,-0.3278733193874359,10.0,19.5,5.0,0.05450301989912987,12.0,minimum_jerk,8
1785142925570709101,0.15409816801548004,23.93242447823286,-0.20253920555114746,0.35952916741371155,-0.13165582716464996,0.0490412674844265,nan,1.6401796340942383,11.98559856414795,world,570627142,1785142925,0.4305834472179413,True,False,False,True,0.9785582003628098,-0.46463027078271035,0.7708490352513354,0.489094078540802,True,0.42356789112091064,True,1.9060555696487427,True,5,normal,12.198755264282227,0.35749042501964684,-0.16094929231037497,0.19034485274922228,0.10145410731140911,-0.04567665490021091,0.054018977196193904,0.19960459074245113,23.91233273701012,-0.2181952032890424,0.34832083718093665,-0.15682096167512194,0.18546252940633998,12.0,0.0,-0.006384043954312801,24.005072913132608,-0.3278733193874359,10.0,19.5,5.0,0.05215000361204147,12.0,minimum_jerk,8
1785142925670705739,0.19376757740974426,23.91338761895895,-0.19446632266044617,0.3802838623523712,-0.1606818437576294,-0.19127227365970612,nan,1.7401762008666992,11.942473411560059,world,670624461,1785142925,0.4305834472179413,True,False,False,True,0.9750302183874267,-0.38440765269488525,2.760511041027803,0.489094078540802,True,0.42356789112091064,True,1.9060555696487427,True,5,normal,12.198755264282227,0.3670091993793106,-0.16523483365533775,0.19541309955259806,0.0889760143429634,-0.04005876951896181,0.04737504884891194,0.23623922301612657,23.8958390976681,-0.19868918802927307,0.38455500185322333,-0.17313430254611623,0.20475531672689112,12.0,0.0,-0.006384043954312801,24.005072913132608,-0.3278733193874359,10.0,19.5,5.0,0.046147849410772324,12.0,minimum_jerk,8
1785142925770683773,0.23197561502456665,23.894522324204445,-0.20014888048171997,0.3981921076774597,-0.1767408400774002,-0.13051368296146393,nan,1.840171217918396,11.906622886657715,world,770619436,1785142925,0.4305834472179413,True,False,False,True,1.2776281648137324,-0.46356043714478257,4.772958797594656,0.489094078540802,True,0.42356789112091064,True,1.9060555696487427,True,5,normal,12.198755264282227,0.37529455010466456,-0.1689650631732771,0.1998246131300778,0.07678764485720418,-0.03457132340612536,0.040885383021100036,0.27654195123447406,23.877694008650504,-0.1772301045651728,0.42167846538887244,-0.1898480234348488,0.22452160892855194,12.0,0.0,-0.006384043954312801,24.005072913132608,-0.3278733193874359,10.0,19.5,5.0,0.05286417156457901,12.0,minimum_jerk,8
1785142925870684168,0.27730733156204224,23.87328463792801,-0.16745343804359436,0.4241084158420563,-0.17703652381896973,0.18553070724010468,nan,1.940163493156433,11.847317695617676,world,870610614,1785142925,0.4305834472179413,True,False,False,True,1.2148905878769893,-0.4286402414760968,2.213049067001632,0.489094078540802,True,0.42356789112091064,True,1.9060555696487427,True,5,normal,12.198755264282227,0.3823754273156355,-0.17215301478339315,0.2035948078981853,0.06488909588044281,-0.029214360244874713,0.03455003137416687,0.3205950165553471,23.857860443354014,-0.15377416380482203,0.459568949790035,-0.20690707235715,0.24469629940743567,12.0,0.0,-0.006384043954312801,24.005072913132608,-0.3278733193874359,10.0,19.5,5.0,0.047946345061063766,12.0,minimum_jerk,8
1785142925970672601,0.3208211064338684,23.854822173714638,-0.12823493778705597,0.4458226263523102,-0.17211563885211945,0.16277165710926056,nan,2.0401358604431152,11.78769588470459,world,970586033,1785142925,0.4305834472179413,True,False,False,True,1.3741873750011477,-0.5961646694720573,0.988511488612286,0.489094078540802,True,0.42356789112091064,True,1.9060555696487427,True,5,normal,12.198755264282227,0.388279961920922,-0.174811353579714,0.20673866208654335,0.05328230493499953,-0.023988752346255065,0.028370025536863727,0.3684604202272592,23.83631048758465,-0.12828835334371255,0.49810079128908513,-0.2242548729880252,0.26521247881528975,12.0,0.0,-0.006384043954312801,24.005072913132608,-0.3278733193874359,10.0,19.5,5.0,0.05110958591103554,12.0,minimum_jerk,8
1785142926070661610,0.36959147453308105,23.835756868124008,-0.10808718204498291,0.4678333103656769,-0.17193342745304108,-0.05579645186662674,nan,2.1401619911193848,11.731842041015625,world,70610417,1785142926,0.4305834472179413,True,False,False,True,1.6373526037011734,-0.8302261621037614,2.9387818337286866,0.489094078540802,True,0.42356789112091064,True,1.9060555696487427,True,5,normal,12.198755264282227,0.3930408452912502,-0.17695479786688467,0.20927358213099367,0.041958915371886146,-0.0188907373808539,0.02234091603303729,0.4202342586028281,23.813000876855128,-0.10072150692728586,0.5371864208960658,-0.24185200002828994,0.2860235212697625,12.0,0.0,-0.006384043954312801,24.005072913132608,-0.3278733193874359,10.0,19.5,5.0,0.056006964296102524,12.0,minimum_jerk,8
1785142926170696783,0.41699275374412537,23.817454040050507,-0.10381986200809479,0.5023348331451416,-0.18552418053150177,-0.033365026116371155,nan,2.2401628494262695,11.68432331085205,world,170613612,1785142926,0.4305834472179413,True,False,False,True,1.8609440427309099,-1.0349013885592195,4.969522962448199,0.489094078540802,True,0.42356789112091064,True,1.9060555696487427,True,5,normal,12.198755264282227,0.39668280596046507,-0.17859448092217248,0.21121273467546264,0.030927950348901487,-0.013924377753593092,0.016467507219734293,0.4759251134784942,23.787927747470178,-0.07106905520020987,0.5766821238174151,-0.25963375022241786,0.30705290620050046,12.0,0.0,-0.006384043954312801,24.005072913132608,-0.3278733193874359,10.0,19.5,5.0,0.07360326498746872,12.0,minimum_jerk,8
1785142926270672568,0.47616997361183167,23.788822546601295,-0.06714211404323578,0.5712876319885254,-0.23145325481891632,0.25361859798431396,nan,2.340141773223877,11.6091890335083,world,270589807,1785142926,0.4305834472179413,True,False,False,True,1.8992986882103207,-0.8385676466349434,3.0135167996998113,0.489094078540802,True,0.42356789112091064,True,1.9060555696487427,True,5,normal,12.198755264282227,0.3992356958486891,-0.17974384267314358,0.2125720142976575,0.020188848421930805,-0.00908942069117686,0.010749500157486984,0.5355684479158631,23.761075133254852,-0.03931211594699857,0.6164786054058629,-0.2775509169486357,0.32824243995507285,12.0,0.0,-0.006384043954312801,24.005072913132608,-0.3278733193874359,10.0,19.5,5.0,0.0712222307920456,12.0,minimum_jerk,8
1785142926370658341,0.5360565781593323,23.75974015891552,-0.023249426856637,0.6252554655075073,-0.2706080973148346,0.2618301808834076,nan,2.4401330947875977,11.530162811279297,world,370580950,1785142926,0.4305834472179413,True,False,False,True,1.834058481548612,-0.6998239807810892,1.9560752260495817,0.489094078540802,True,0.42356789112091064,True,1.9060555696487427,True,5,normal,12.198755264282227,0.4007294909809322,-0.18041637892185003,0.21336738165461172,0.009737876333263895,-0.0043841854068081484,0.005184907082877499,0.59920975636551,23.73242255170357,-0.005426465765038767,0.6564821261400313,-0.2955612968119118,0.3495422111676228,12.0,0.0,-0.006384043954312801,24.005072913132608,-0.3278733193874359,10.0,19.5,5.0,0.0710790678858757,12.0,minimum_jerk,8
1785142926470637251,0.6050264835357666,23.726458936929703,0.007286264095455408,0.6672266125679016,-0.29403072595596313,0.09091533720493317,nan,2.5401294231414795,11.447955131530762,world,470577492,1785142926,0.4305834472179413,True,False,False,True,1.9530162606036887,-0.7232039858968546,3.4103781290952124,0.489094078540802,True,0.42356789112091064,True,1.9060555696487427,True,5,normal,12.198755264282227,0.40119274991855364,-0.18062494730004508,0.21361404267850198,-0.0004241097503955432,0.00019094263625196034,-0.00022581614034589137,0.6668602921153322,23.701964936362536,0.030593887129722518,0.6965852552166514,-0.3136165223300747,0.3708950185846406,12.0,0.0,-0.006384043954312801,24.005072913132608,-0.3278733193874359,10.0,19.5,5.0,0.07047425955533981,12.0,minimum_jerk,8
1785142926570638132,0.6721031069755554,23.694736272096634,0.024845512583851814,0.7061792016029358,-0.30398571491241455,0.10579931735992432,nan,2.6401236057281494,11.373549461364746,world,570571120,1785142926,0.4305834472179413,True,False,False,True,2.0240526425409127,-0.7657784260293987,5.098230892984475,0.489094078540802,True,0.42356789112091064,True,1.9060555696487427,True,5,normal,12.198755264282227,0.4006543459944465,-0.1803825471558807,0.21332737090079457,-0.010296356074511223,0.0046356240827349,-0.005482268177528671,0.7385199330683382,23.66970234220224,0.06874887772705798,0.7366834616406254,-0.33166953157220824,0.39224520494798104,12.0,0.0,-0.006384043954312801,24.005072913132608,-0.3278733193874359,10.0,19.5,5.0,0.08345896005630493,12.0,minimum_jerk,8
1785142926670641827,0.7496256232261658,23.656212478876114,0.07146242260932922,0.7532984614372253,-0.3070671856403351,0.32622528076171875,nan,2.740119695663452,11.275371551513672,world,670568343,1785142926,0.4305834472179413,True,False,False,True,2.167636457835467,-0.690492744371751,3.4898515225529922,0.489094078540802,True,0.42356789112091064,True,1.9060555696487427,True,5,normal,12.198755264282227,0.3991432101216379,-0.1797022037612289,0.2125227705113491,-0.019879290207353212,0.008950051432371146,-0.010584676686290963,0.8141863967119717,23.63563579685518,0.10903729070905668,0.7766797617962926,-0.3496766605875776,0.41354113158217204,12.0,0.0,-0.006384043954312801,24.005072913132608,-0.3278733193874359,10.0,19.5,5.0,0.07748138159513474,12.0,minimum_jerk,8
1785142926770654269,0.8243739008903503,23.62237784266472,0.12008044868707657,0.7822238206863403,-0.3038580119609833,0.31914255023002625,nan,2.8401191234588623,11.180327415466309,world,770568012,1785142926,0.4305834472179413,True,False,False,True,2.2187684980651494,-0.7912456340624563,2.8715974948641123,0.489094078540802,True,0.42356789112091064,True,1.9060555696487427,True,5,normal,12.198755264282227,0.3966881955130904,-0.17859690740584927,0.21121560432882686,-0.02917301743555939,0.013134272087297047,-0.015533097726231022,0.8938459341708392,23.599771490338235,0.15145180552255416,0.8164788571157493,-0.3675950040674278,0.43473205701106404,12.0,0.0,-0.006384043954312801,24.005072913132608,-0.3278733193874359,10.0,19.5,5.0,0.07950831949710846,12.0,minimum_jerk,8
1785142926870623782,0.9010636210441589,23.59017089009285,0.1556246131658554,0.8040897250175476,-0.2990676760673523,0.20035593211650848,nan,2.940115451812744,11.090001106262207,world,870564234,1785142926,0.4305834472179413,True,False,False,True,2.5153730377550176,-1.0842897574226444,4.4024062486531115,0.489094078540802,True,0.42356789112091064,True,1.9060555696487427,True,5,normal,12.198755264282227,0.39331840618826663,-0.17707976129757064,0.20942136871316192,-0.03817694142511935,0.017188017566092603,-0.02032721378084648,0.9774689400568757,23.56212275158535,0.19597665885519977,0.8559852687090063,-0.3853815755184189,0.4557671437464792,12.0,0.0,-0.006384043954312801,24.005072913132608,-0.3278733193874359,10.0,19.5,5.0,0.09084469079971313,12.0,minimum_jerk,8
1785142926970616928,0.9872975945472717,23.556001216173172,0.18689171969890594,0.8411722183227539,-0.30405130982398987,0.2611488997936249,nan,3.0401053428649902,10.992996215820312,world,970552601,1785142926,0.4305834472179413,True,False,False,True,2.5923114115069996,-1.2930642459619293,5.540222598274996,0.489094078540802,True,0.42356789112091064,True,1.9060555696487427,True,5,normal,12.198755264282227,0.3890630412327152,-0.17516391144486262,0.20715561064197957,-0.04689078474170233,0.021111162962309665,-0.024966877130944934,1.0650182082359527,23.522706331537343,0.24259204039704887,0.8951076149028523,-0.4029952330956113,0.4765977358527221,12.0,0.0,-0.006384043954312801,24.005072913132608,-0.3278733193874359,10.0,19.5,5.0,0.10125003010034561,12.0,minimum_jerk,8
1785142927070593200,1.0847843885421753,23.515924900770187,0.24841216206550598,0.8994027376174927,-0.33350488543510437,0.44861161708831787,nan,3.1400949954986572,10.871353149414062,world,70542498,1785142927,0.4305834472179413,True,False,False,True,2.686355236895456,-1.3560629391474206,3.778369844221728,0.489094078540802,True,0.42356789112091064,True,1.9060555696487427,True,5,normal,12.198755264282227,0.3839508566833899,-0.17286230438691497,0.20443364119282667,-0.05531514518798564,0.024903977418591405,-0.0294524060750168,1.156456540322781,23.481538977646377,0.2912781439640053,0.9337613654171253,-0.4203979195873464,0.4971788254006174,12.0,0.0,-0.006384043954312801,24.005072913132608,-0.3278733193874359,10.0,19.5,5.0,0.09031490236520767,12.0,minimum_jerk,8
1785142927170611026,1.1781023740768433,23.47744047641754,0.3065461814403534,0.9419685006141663,-0.369281142950058,0.39856797456741333,nan,3.2400898933410645,10.755204200744629,world,170537212,1785142927,0.4305834472179413,True,False,False,True,2.3851561366047482,-1.277422738283579,3.1381881916583736,0.489094078540802,True,0.42356789112091064,True,1.9060555696487427,True,5,normal,12.198755264282227,0.37801047702649526,-0.1701878274361558,0.20127070139939324,-0.06345042870106513,0.028566643695883867,-0.03378401675321943,1.2517377719172342,23.438641474042623,0.3420103894405494,0.9718642125508087,-0.4375525784312572,0.51746658786751,12.0,0.0,-0.006384043954312801,24.005072913132608,-0.3278733193874359,10.0,19.5,5.0,0.09047234058380127,12.0,minimum_jerk,8
1785142927270621129,1.2815344333648682,23.433436393737793,0.3515598177909851,0.9726459383964539,-0.4064553678035736,0.2528454065322876,nan,3.340092182159424,10.634451866149902,world,270542646,1785142927,0.4305834472179413,True,False,False,True,2.7789965175427547,-1.4504354444893282,5.165194299387377,0.489094078540802,True,0.42356789112091064,True,1.9060555696487427,True,5,normal,12.198755264282227,0.3712705363288846,-0.16715337221841203,0.19768203739656104,-0.07129680002068076,0.03209923596329119,-0.03796179688080149,1.3508058309820148,23.394039065471365,0.3947589214153583,1.009335726796866,-0.4544229986652246,0.5374181987702753,12.0,0.0,-0.006384043954312801,24.005072913132608,-0.3278733193874359,10.0,19.5,5.0,0.09064678102731705,12.0,minimum_jerk,8
1785142927370617376,1.3789700269699097,23.389889240264893,0.3867533504962921,0.9966394901275635,-0.44468680024147034,0.33095142245292664,nan,3.440084934234619,10.523090362548828,world,370534786,1785142927,0.4305834472179413,True,False,False,True,2.7082939483179946,-1.3642204033803595,6.348994204302135,0.489094078540802,True,0.42356789112091064,True,1.9060555696487427,True,5,normal,12.198755264282227,0.36376119192607603,-0.16377251616532884,0.19368370637967502,-0.07885289210816279,0.035501138752842554,-0.04198501858155693,1.4535758568714223,23.34776995788139,0.4494785560569797,1.0460909044770554,-0.4709709099443686,0.5569883981201534,12.0,0.0,-0.006384043954312801,24.005072913132608,-0.3278733193874359,10.0,19.5,5.0,0.10618151724338531,12.0,minimum_jerk,8
1785142927470603555,1.490283489227295,23.33588683605194,0.4558318853378296,1.0206730365753174,-0.47984811663627625,0.5407674312591553,nan,3.5400807857513428,10.3816556930542,world,470528979,1785142927,0.4305834472179413,True,False,False,True,2.897885111161443,-1.2293981566323233,4.467045977600821,0.489094078540802,True,0.42356789112091064,True,1.9060555696487427,True,5,normal,12.198755264282227,0.3555104855110408,-0.16005788420424183,0.18929063907567498,-0.08611972349035904,0.03877281062556205,-0.04585422416747317,1.5599858855818796,23.299862048698277,0.5061363007918754,1.082059074794346,-0.48716449487170965,0.5761395574339373,12.0,0.0,-0.006384043954312801,24.005072913132608,-0.3278733193874359,10.0,19.5,5.0,0.09320270270109177,12.0,minimum_jerk,8
1785142927570580908,1.5933151245117188,23.285276412963867,0.5225468873977661,1.0349509716033936,-0.492389053106308,0.4949612021446228,nan,3.6400718688964844,10.24930477142334,world,570519556,1785142927,0.4305834472179413,True,False,False,True,2.9733219107837803,-1.125470387454297,3.9104614201509116,0.489094078540802,True,0.42356789112091064,True,1.9060555696487427,True,5,normal,12.198755264282227,0.3465480566791564,-0.15602282066989787,0.1845186170105058,-0.09309670727317237,0.04191398735006607,-0.04956910114830507,1.6699446634622106,23.250356422128892,0.5646835678493518,1.1171646620676874,-0.5029697277740283,0.5948314366356025,12.0,0.0,-0.006384043954312801,24.005072913132608,-0.3278733193874359,10.0,19.5,5.0,0.09416470676660538,12.0,minimum_jerk,8
1785142927670596851,1.7050766944885254,23.2312490940094,0.577012300491333,1.051778793334961,-0.49016132950782776,0.348845899105072,nan,3.740070343017578,10.113890647888184,world,670519169,1785142927,0.4305834472179413,True,False,False,True,3.4253387454769255,-1.3058512784836642,5.720566511644354,0.489094078540802,True,0.42356789112091064,True,1.9060555696487427,True,5,normal,12.198755264282227,0.3369017213709418,-0.15167984885139285,0.17938245070979777,-0.09978469416532748,0.044925051932325225,-0.05313010248171435,1.7833763111423795,23.199287240573273,0.6250799554549692,1.1513422016248165,-0.5183571351551559,0.6130291792296172,12.0,0.0,-0.006384043954312801,24.005072913132608,-0.3278733193874359,10.0,19.5,5.0,0.09727738797664642,12.0,minimum_jerk,8
1785142927770602836,1.8100489377975464,23.182062208652496,0.6205173134803772,1.0864921808242798,-0.48108258843421936,0.41115015745162964,nan,3.840074062347412,9.990633010864258,world,770524052,1785142927,0.4305834472179413,True,False,False,True,3.9946870598874487,-1.6197012177778816,7.357822732759542,0.489094078540802,True,0.42356789112091064,True,1.9060555696487427,True,5,normal,12.198755264282227,0.32660051205441304,-0.14704203974267266,0.1738975984361016,-0.10618348416123263,0.04780591432584819,-0.056537121675240484,1.9001825938957526,23.146698731257178,0.687273158782451,1.1845238937381355,-0.5332961922306175,0.6306966854262732,12.0,0.0,-0.006384043954312801,24.005072913132608,-0.3278733193874359,10.0,19.5,5.0,0.11760524660348892,12.0,minimum_jerk,8
1785142927870561905,1.9324455261230469,23.121985971927643,0.6977642774581909,1.1577606201171875,-0.4834645390510559,0.6387828588485718,nan,3.940052032470703,9.83430004119873,world,870499662,1785142927,0.4305834472179413,True,False,False,True,3.62952425583218,-1.2673646994396717,5.067263860937354,0.489094078540802,True,0.42356789112091064,True,1.9060555696487427,True,5,normal,12.198755264282227,0.31567676594674327,-0.14212395220141608,0.16808127805711523,-0.11229118197231341,0.050555721234061365,-0.05978914958738113,2.0202233178897124,23.092654012229552,0.7511885319879978,1.2166357942316464,-0.5477536078631836,0.6477945838401931,12.0,0.0,-0.006384043954312801,24.005072913132608,-0.3278733193874359,10.0,19.5,5.0,0.10686185210943222,12.0,minimum_jerk,8
1785142927970562631,2.050379991531372,23.068542540073395,0.7729789614677429,1.2130624055862427,-0.4891301691532135,0.5787255764007568,nan,4.040053844451904,9.68497085571289,world,970504164,1785142927,0.4305834472179413,True,False,False,True,3.5227448404444788,-1.3220679157257167,4.390651098643959,0.489094078540802,True,0.42356789112091064,True,1.9060555696487427,True,5,normal,12.198755264282227,0.30415407078685475,-0.13693620589634986,0.16194604880345737,-0.11811080635250151,0.053175831759964265,-0.0628877935458643,2.1434482998384885,23.037175677002747,0.8167993551108166,1.2476326777450093,-0.561709020697048,0.6642987943451641,12.0,0.0,-0.006384043954312801,24.005072913132608,-0.3278733193874359,10.0,19.5,5.0,0.10754448920488358,12.0,minimum_jerk,8
1785142928070553644,2.181907892227173,23.011972427368164,0.834208607673645,1.2569944858551025,-0.49543169140815735,0.4066753387451172,nan,4.140042304992676,9.52944564819336,world,70489638,1785142928,0.4305834472179413,True,False,False,True,3.7434217413232584,-1.6034941322203995,6.381399708825176,0.489094078540802,True,0.42356789112091064,True,1.9060555696487427,True,5,normal,12.198755264282227,0.29206545875361106,-0.1314936725707137,0.1555094985733811,-0.12364019797247419,0.055665273730592185,-0.06583190382137344,2.2696981497188418,22.98033548613213,0.8840207613450304,1.2774449311329792,-0.5751310895110803,0.6801722516019388,12.0,0.0,-0.006384043954312801,24.005072913132608,-0.3278733193874359,10.0,19.5,5.0,0.10577937215566635,12.0,minimum_jerk,8
1785142928170579601,2.306229829788208,22.96005892753601,0.8825775980949402,1.2926371097564697,-0.5004433393478394,0.4643019139766693,nan,4.240047931671143,9.387187004089355,world,170497301,1785142928,0.4305834472179413,True,False,False,True,3.6860429336867666,-1.7521227024357544,7.690714205571505,0.489094078540802,True,0.42356789112091064,True,1.9060555696487427,True,5,normal,12.198755264282227,0.2794363123221817,-0.12580777991915265,0.14878514220018127,-0.12888095945944222,0.05802476868055795,-0.06862233372862456,2.39888912738196,22.922171141096534,0.9528081634648573,1.3060259159367211,-0.5879988167444545,0.6953901230836633,12.0,0.0,-0.006384043954312801,24.005072913132608,-0.3278733193874359,10.0,19.5,5.0,0.12228475511074066,12.0,minimum_jerk,8
1785142928270537674,2.4443914890289307,22.896806359291077,0.9661219120025635,1.3240132331848145,-0.5203918218612671,0.6886030435562134,nan,4.3400349617004395,9.213994026184082,world,270483746,1785142928,0.4305834472179413,True,False,False,True,3.90632515489,-1.6340127047988897,5.823988327282134,0.489094078540802,True,0.42356789112091064,True,1.9060555696487427,True,5,normal,12.198755264282227,0.26630001192989833,-0.11989355647778821,0.14179075301143204,-0.1338312659825731,0.06025349503476325,-0.07125811164115764,2.5308497240425525,22.8627598585588,1.0230702420608908,1.3333132776568308,-0.6002841291626195,0.7099192082983057,12.0,0.0,-0.006384043954312801,24.005072913132608,-0.3278733193874359,10.0,19.5,5.0,0.10898303985595703,12.0,minimum_jerk,8
1785142928370540358,2.573413372039795,22.839106559753418,1.0468778610229492,1.3371670246124268,-0.5374231338500977,0.6403658986091614,nan,4.440027236938477,9.05157470703125,world,370475290,1785142928,0.4305834472179413,True,False,False,True,3.874598695878988,-1.6015195959079114,5.108597629350665,0.489094078540802,True,0.42356789112091064,True,1.9060555696487427,True,5,normal,12.198755264282227,0.25268243570745597,-0.11376265309523131,0.13454010975093184,-0.1384923666578557,0.06235201517004496,-0.07373990264755231,2.6654798896623206,22.80214668303406,1.094753725748852,1.3592643442712586,-0.6119678149733988,0.7237367866380249,12.0,0.0,-0.006384043954312801,24.005072913132608,-0.3278733193874359,10.0,19.5,5.0,0.11015613377094269,12.0,minimum_jerk,8
1785142928470521063,2.713804006576538,22.77710247039795,1.1153122186660767,1.3490371704101562,-0.5529590845108032,0.47814539074897766,nan,4.5400190353393555,8.883627891540527,world,470465963,1785142928,0.4305834472179413,True,False,False,True,4.2479640109459025,-1.8291283275660954,7.002822439441902,0.489094078540802,True,0.42356789112091064,True,1.9060555696487427,True,5,normal,12.198755264282227,0.23861339655846653,-0.10742849213303945,0.12704908622214692,-0.14286393299020322,0.06432018119138816,-0.07606753184144868,2.8026347819653936,22.740396825392775,1.1677814936333455,1.383830703744574,-0.623028078116545,0.7368170812396939,12.0,0.0,-0.006384043954312801,24.005072913132608,-0.3278733193874359,10.0,19.5,5.0,0.10950449854135513,12.0,minimum_jerk,8
1785142928570539185,2.845026969909668,22.719645142555237,1.170220136642456,1.3716416358947754,-0.5664499998092651,0.524995744228363,nan,4.640015602111816,8.730805397033691,world,570463447,1785142928,0.4305834472179413,True,False,False,True,4.308996309620492,-1.91112444884317,8.0,0.489094078540802,True,0.42356789112091064,True,1.9060555696487427,True,5,normal,12.198755264282227,0.22412092939604517,-0.10090369546612213,0.11933260954210057,-0.14694622105260813,0.06615810838794187,-0.07824113556824966,2.942182535350878,22.677569654148503,1.2420833342160276,1.4069700982511484,-0.6334458932793399,0.7491375920332846,12.0,0.0,-0.006384043954312801,24.005072913132608,-0.3278733193874359,10.0,19.5,5.0,0.1279604285955429,12.0,minimum_jerk,8
1785142928670515121,2.9835615158081055,22.65822947025299,1.251389741897583,1.4136409759521484,-0.5847902297973633,0.7063111066818237,nan,4.7400126457214355,8.559024810791016,world,670460792,1785142928,0.4305834472179413,True,False,False,True,4.347163657399211,-1.9094428076230285,6.49836975732605,0.489094078540802,True,0.42356789112091064,True,1.9060555696487427,True,5,normal,12.198755264282227,0.20923471096096846,-0.09420162415282302,0.11140648101470929,-0.15073899323716966,0.0678656897839082,-0.08026058731424265,3.083971131204131,22.613733611102013,1.317578305578472,1.4286403785518917,-0.6432022840368838,0.7606758767653938,12.0,0.0,-0.006384043954312801,24.005072913132608,-0.3278733193874359,10.0,19.5,5.0,0.12822987139225006,12.0,minimum_jerk,8
1785142928770531711,3.136369466781616,22.591763854026794,1.3424971103668213,1.451119303703308,-0.6041551828384399,0.6905721426010132,nan,4.840013027191162,8.36933422088623,world,770466352,1785142928,0.4305834472179413,True,False,False,True,4.0449700962647475,-1.8446167475835968,5.472118827739859,0.489094078540802,True,0.42356789112091064,True,1.9060555696487427,True,5,normal,12.198755264282227,0.19398318476255105,-0.08733508402617907,0.10328584531298624,-0.15424235925692603,0.06944297477427688,-0.08212594549585128,3.22785650449748,22.548953557191183,1.39418970066908,1.4488042533099525,-0.6522804610883852,0.7714120797601057,12.0,0.0,-0.006384043954312801,24.005072913132608,-0.3278733193874359,10.0,19.5,5.0,0.11346683651208878,12.0,minimum_jerk,8
1785142928870519428,3.2912585735321045,22.52493131160736,1.4181818962097168,1.4745863676071167,-0.6198849081993103,0.5405647158622742,nan,4.94000244140625,8.184549331665039,world,870451655,1785142928,0.4305834472179413,True,False,False,True,4.26593507404693,-2.0174765474839464,7.485354191459992,0.489094078540802,True,0.42356789112091064,True,1.9060555696487427,True,5,normal,12.198755264282227,0.17839749193954624,-0.08031809544559926,0.09498728345576624,-0.15745585676341978,0.07088975520058591,-0.08383696393683454,3.373665653366549,22.48330738129272,1.471825405092344,1.4674240171347603,-0.6606634487178424,0.7813261248796737,12.0,0.0,-0.006384043954312801,24.005072913132608,-0.3278733193874359,10.0,19.5,5.0,0.10677595436573029,12.0,minimum_jerk,8
1785142928970526330,3.4357943534851074,22.462443470954895,1.477501630783081,1.4897470474243164,-0.6374027729034424,0.554079532623291,nan,5.040001392364502,8.017035484313965,world,970452325,1785142928,0.4305834472179413,True,False,False,True,4.298533608313713,-2.0843764340548168,8.0,0.489094078540802,True,0.42356789112091064,True,1.9060555696487427,True,5,normal,12.198755264282227,0.16250343373755494,-0.07316227464449698,0.08652453324957704,-0.16038014195356282,0.072206326495723,-0.08539399202754189,3.521272231525165,22.41685196701504,1.550418146094776,1.4844713345977172,-0.6683384897523053,0.790402924998383,12.0,0.0,-0.006384043954312801,24.005072913132608,-0.3278733193874359,10.0,19.5,5.0,0.12125127017498016,12.0,minimum_jerk,8
1785142929070506710,3.599159002304077,22.390236735343933,1.5639398097991943,1.4922935962677002,-0.6553627848625183,0.6816562414169312,nan,5.139987468719482,7.818614959716797,world,70435189,1785142929,0.4305834472179413,True,False,False,True,4.24581878663153,-2.035083312615759,7.558142606077371,0.489094078540802,True,0.42356789112091064,True,1.9060555696487427,True,5,normal,12.198755264282227,0.14633359419848369,-0.0658822916059506,0.07791494398330812,-0.16301456504753792,0.07339239611590404,-0.08679668379438932,3.670483633452474,22.349674029190496,1.6298653713646485,1.499913177013932,-0.6752907140215885,0.7986248940783371,12.0,0.0,-0.006384043954312801,24.005072913132608,-0.3278733193874359,10.0,19.5,5.0,0.10525547713041306,12.0,minimum_jerk,8
1785142929170491177,3.7473092079162598,22.32367980480194,1.6453666687011719,1.4811099767684937,-0.6646572351455688,0.694678783416748,nan,5.23998498916626,7.636941432952881,world,170432019,1785142929,0.4305834472179413,True,False,False,True,4.168595862716335,-1.9566425642451282,7.038103589642503,0.489094078540802,True,0.42356789112091064,True,1.9060555696487427,True,5,normal,12.198755264282227,0.12991286569560345,-0.058489353370991704,0.06917176953676468,-0.16535979434753312,0.07444826494405243,-0.08804539507314937,3.8211756415732467,22.281829493039538,1.7101009415751152,1.5137271160068722,-0.6815100238249501,0.8059800901884244,12.0,0.0,-0.006384043954312801,24.005072913132608,-0.3278733193874359,10.0,19.5,5.0,0.10676246881484985,12.0,minimum_jerk,8
1785142929270504616,3.9045047760009766,22.252143621444702,1.7243282794952393,1.4626268148422241,-0.6660904288291931,0.6236244440078735,nan,5.3399810791015625,7.447105407714844,world,270429109,1785142929,0.4305834472179413,True,False,False,True,4.649958278527706,-2.1295847365317844,8.0,0.489094078540802,True,0.42356789112091064,True,1.9060555696487427,True,5,normal,12.198755264282227,0.11327233065529996,-0.050997453865555764,0.06031155966753332,-0.1674154744422568,0.0753737729669432,-0.08913993662599842,3.973164390541121,22.213401138394307,1.7910269580977634,1.525887620384503,-0.6869849245124557,0.8124549193114399,12.0,0.0,-0.006384043954312801,24.005072913132608,-0.3278733193874359,10.0,19.5,5.0,0.10326585173606873,12.0,minimum_jerk,8
1785142929370504551,4.047671318054199,22.186471700668335,1.7926318645477295,1.4500786066055298,-0.6637321710586548,0.6403546929359436,nan,5.4399733543396,7.275613784790039,world,370423023,1785142929,0.4305834472179413,True,False,False,True,4.812677820852518,-2.1720184150314568,8.0,0.489094078540802,True,0.42356789112091064,True,1.9060555696487427,True,5,normal,12.198755264282227,0.09644133259149312,-0.04341980412263419,0.051349938253752336,-0.16918158066162764,0.07616890907761542,-0.09008029531741563,4.126279968615624,22.144465462896335,1.8725529518655737,1.5363739857182188,-0.6917060945389728,0.8180383574278898,12.0,0.0,-0.006384043954312801,24.005072913132608,-0.3278733193874359,10.0,19.5,5.0,0.11971309036016464,12.0,minimum_jerk,8
1785142929470490742,4.197647571563721,22.116423845291138,1.875008225440979,1.460984706878662,-0.667311429977417,0.668673038482666,nan,5.539973735809326,7.090736389160156,world,470423860,1785142929,0.4305834472179413,True,False,False,True,5.0,-2.1583272643238756,8.0,0.489094078540802,True,0.42356789112091064,True,1.9060555696487427,True,5,normal,12.198755264282227,0.07944688423402002,-0.03576856580991533,0.04230128815359996,-0.17065829742955974,0.07683375630737965,-0.09086656934343718,4.280371690337921,22.075090308133163,1.9545986907954829,1.5451696487091364,-0.6956660767782479,0.8227215854520984,12.0,0.0,-0.006384043954312801,24.005072913132608,-0.3278733193874359,10.0,19.5,5.0,0.1220097690820694,12.0,minimum_jerk,8
1785142929570469879,4.35930061340332,22.041934609413147,1.95954167842865,1.492549180984497,-0.675815999507904,0.6666662096977234,nan,5.639958381652832,6.893714904785156,world,570406053,1785142929,0.4305834472179413,True,False,False,True,4.409399686261635,-1.9029325659779535,7.741274762427382,0.489094078540802,True,0.42356789112091064,True,1.9060555696487427,True,5,normal,12.198755264282227,0.06232191932730191,-0.028058566353496628,0.0331831448541654,-0.17184531371988415,0.07736817462607473,-0.09149859309898328,4.435233578746128,22.00536840902557,2.037054502986555,1.5522579902554559,-0.6988573889804468,0.826495754586268,12.0,0.0,-0.006384043954312801,24.005072913132608,-0.3278733193874359,10.0,19.5,5.0,0.1145038902759552,12.0,minimum_jerk,8
1785142929670473390,4.5218400955200195,21.968116998672485,2.0362045764923096,1.520572304725647,-0.6817321181297302,0.6202465891838074,nan,5.7399582862854,6.699695587158203,world,670406559,1785142929,0.4305834472179413,True,False,False,True,5.0,-2.2510001218976554,8.0,0.489094078540802,True,0.42356789112091064,True,1.9060555696487427,True,5,normal,12.198755264282227,0.045090074536668356,-0.02030044744974624,0.024008093636806782,-0.1727429985004662,0.07777233015036478,-0.09197656304004037,4.590742453434767,21.935355223839583,2.119854801350294,1.5576293431227959,-0.7012756787645723,0.8293557175364413,12.0,0.0,-0.006384043954312801,24.005072913132608,-0.3278733193874359,10.0,19.5,5.0,0.11321761459112167,12.0,minimum_jerk,8
1785142929770476481,4.672863960266113,21.900161266326904,2.103214740753174,1.5347181558609009,-0.6812838912010193,0.6153554320335388,nan,5.839951515197754,6.521542549133301,world,770399842,1785142929,0.4305834472179413,True,False,False,True,5.0,-2.374134452035411,8.0,0.489094078540802,True,0.42356789112091064,True,1.9060555696487427,True,5,normal,12.198755264282227,0.02778412065413416,-0.012508963160350772,0.014793583225025109,-0.17335111454321722,0.07804611607545067,-0.09230035285512578,4.74669151597509,21.865143857336683,2.2028894765978504,1.5612733144651716,-0.7029162670648674,0.8312959406586375,12.0,0.0,-0.006384043954312801,24.005072913132608,-0.3278733193874359,10.0,19.5,5.0,0.12888669967651367,12.0,minimum_jerk,8
1785142929870464885,4.839868545532227,21.822707891464233,2.18630051612854,1.5350134372711182,-0.6782880425453186,0.6061200499534607,nan,5.939953327178955,6.319717884063721,world,870403353,1785142929,0.4305834472179413,True,False,False,True,4.74292720046903,-2.057113654167309,8.0,0.489094078540802,True,0.42356789112091064,True,1.9060555696487427,True,5,normal,12.198755264282227,0.010430366524559753,-0.0046959582499964125,0.005553621695262634,-0.17366974764680698,0.07818957102959836,-0.09247000822751922,4.902931544827668,21.794801492018806,2.2860790761062666,1.5631843371870606,-0.7037766474643147,0.8323134597672355,12.0,0.0,-0.006384043954312801,24.005072913132608,-0.3278733193874359,10.0,19.5,5.0,0.12129084765911102,12.0,minimum_jerk,8
1785142929970450204,4.991448402404785,21.753538608551025,2.256312847137451,1.523073434829712,-0.6713776588439941,0.5859193801879883,nan,6.039939880371094,6.139368534088135,world,970388351,1785142929,0.4305834472179413,True,False,False,True,4.7573876408296805,-2.0708265289606413,8.0,0.489094078540802,True,0.42356789112091064,True,1.9060555696487427,True,5,normal,12.198755264282227,-0.006938089024850713,0.003123665531670372,-0.003694167567491302,-0.17369885210441294,0.07820267443468817,-0.09248550482074142,5.059251701601849,21.724423051518567,2.369311339519423,1.5633589513188964,-0.7038552622158701,0.8324064326103838,12.0,0.0,-0.006384043954312801,24.005072913132608,-0.3278733193874359,10.0,19.5,5.0,0.13495799899101257,12.0,minimum_jerk,8
1785142930070436821,5.1401286125183105,21.686518907546997,2.320878505706787,1.5049169063568115,-0.6614845991134644,0.568062424659729,nan,6.13992977142334,5.9646382331848145,world,70377964,1785142930,0.4305834472179413,True,False,False,True,5.0,-2.3141439380646935,8.0,0.489094078540802,True,0.42356789112091064,True,1.9060555696487427,True,5,normal,12.198755264282227,-0.024295688264635018,0.010938401587039848,-0.012936176416246115,-0.17343848308317478,0.0780854511280625,-0.0923468720083932,5.215508850200729,21.65407297855075,2.4525100543925094,1.5617971966468613,-0.7031521292320629,0.8315748803721308,12.0,0.0,-0.006384043954312801,24.005072913132608,-0.3278733193874359,10.0,19.5,5.0,0.15511861443519592,12.0,minimum_jerk,8
1785142930170466576,5.2987961769104,21.615655660629272,2.3877434730529785,1.4867448806762695,-0.6497348546981812,0.5589252710342407,nan,6.239928722381592,5.779376983642578,world,170378185,1785142930,0.4305834472179413,True,False,False,True,5.0,-2.3583389760915003,8.0,0.489094078540802,True,0.42356789112091064,True,1.9060555696487427,True,5,normal,12.198755264282227,-0.04161424071263076,0.018735558000926744,-0.022157394901642702,-0.17288857484902076,0.0778378715149361,-0.09205407479053801,5.37153628578919,21.58382632694439,2.535586459166963,1.5585012825199787,-0.7016682432057216,0.829819979414655,12.0,0.0,-0.006384043954312801,24.005072913132608,-0.3278733193874359,10.0,19.5,5.0,0.1678147166967392,12.0,minimum_jerk,8
1785142930270449777,5.450646877288818,21.545592308044434,2.461900472640991,1.4833271503448486,-0.6512361764907837,0.558437168598175,nan,6.3399200439453125,5.596696376800537,world,270367728,1785142930,0.4305834472179413,True,False,False,True,5.0,-2.2437084932739504,8.0,0.489094078540802,True,0.42356789112091064,True,1.9060555696487427,True,5,normal,12.198755264282227,-0.05886200985562029,0.026500846364508335,-0.031340924999251674,-0.17204921249879868,0.07745997390760073,-0.09160715847677237,5.527135756790269,21.51377235349848,2.618434995303084,1.5534772170129751,-0.6994063090914615,0.8271449287218131,12.0,0.0,-0.006384043954312801,24.005072913132608,-0.3278733193874359,10.0,19.5,5.0,0.17710481584072113,12.0,minimum_jerk,8
1785142930370468953,5.612104892730713,21.471543550491333,2.5349814891815186,1.4816323518753052,-0.6623754501342773,0.5449947714805603,nan,6.439932823181152,5.40526819229126,world,370387315,1785142930,0.4305834472179413,True,False,False,True,5.0,-2.1683651024872868,8.0,0.489094078540802,True,0.42356789112091064,True,1.9060555696487427,True,5,normal,12.198755264282227,-0.0760151186947493,0.034223516778488894,-0.04047405346275079,-0.17092008620102483,0.07695161881376644,-0.0910059580981239,5.682180652244494,21.443968060982613,2.700988249122767,1.5467315423635921,-0.6963692723347024,0.8235532116911808,12.0,0.0,-0.006384043954312801,24.005072913132608,-0.3278733193874359,10.0,19.5,5.0,0.18228895962238312,12.0,minimum_jerk,8
1785142930470440152,5.771054744720459,21.39820170402527,2.6017510890960693,1.4764792919158936,-0.6692759990692139,0.532417356967926,nan,6.539917469024658,5.2190752029418945,world,470366728,1785142930,0.4305834472179413,True,False,False,True,5.0,-2.293073471002607,8.0,0.489094078540802,True,0.42356789112091064,True,1.9060555696487427,True,5,normal,12.198755264282227,-0.09303597643829775,0.041886645121546495,-0.049536765172255026,-0.16950179452413972,0.07631307572083795,-0.0902507923608113,5.83642136869573,21.374525825832098,2.783113319910976,1.5382791210288644,-0.6925638243089015,0.8190527417995888,12.0,0.0,-0.006384043954312801,24.005072913132608,-0.3278733193874359,10.0,19.5,5.0,0.1942307949066162,12.0,minimum_jerk,8
1785142930570448749,5.916081428527832,21.331167697906494,2.661224842071533,1.4659152030944824,-0.6654564142227173,0.5274155735969543,nan,6.639933109283447,5.0498948097229,world,570383310,1785142930,0.4305834472179413,True,False,False,True,5.0,-2.3207943984457833,8.0,0.489094078540802,True,0.42356789112091064,True,1.9060555696487427,True,5,normal,12.198755264282227,-0.10990578495560466,0.049481768101757195,-0.05851905111168343,-0.16779347907604825,0.07554395816363879,-0.08934120421618258,5.989779756992077,21.305480832347868,2.8647685973537804,1.5281290259730262,-0.687994049842829,0.8136483499233933,12.0,0.0,-0.006384043954312801,24.005072913132608,-0.3278733193874359,10.0,19.5,5.0,0.2179938554763794,12.0,minimum_jerk,8
1785142930670441807,6.064184188842773,21.261655807495117,2.733187675476074,1.4519520998001099,-0.6552906632423401,0.5302384495735168,nan,6.739914417266846,4.871603012084961,world,670364968,1785142930,0.4305834472179413,True,False,False,True,5.0,-2.2019412626879173,8.0,0.489094078540802,True,0.42356789112091064,True,1.9060555696487427,True,5,normal,12.198755264282227,-0.1265845759822395,0.056990891212346795,-0.06739963028195206,-0.16579627010837683,0.07464477500390804,-0.08827779546379433,6.141986991409245,21.236954111212285,2.9458109458891575,1.5163050474679514,-0.6826706597895706,0.8073527031313577,12.0,0.0,-0.006384043954312801,24.005072913132608,-0.3278733193874359,10.0,19.5,5.0,0.22775448858737946,12.0,minimum_jerk,8
1785142930770424547,6.220424652099609,21.189630031585693,2.804324150085449,1.4339652061462402,-0.6436999440193176,0.5232954621315002,nan,6.839890956878662,4.686259746551514,world,770339272,1785142930,0.4305834472179413,True,False,False,True,5.0,-2.157742500078341,8.0,0.489094078540802,True,0.42356789112091064,True,1.9060555696487427,True,5,normal,12.198755264282227,-0.1430484496899027,0.06440325427574978,-0.07616577728125928,-0.16350974621353354,0.07361533651557489,-0.08706034172626381,6.292921999934505,21.169000171451057,3.026175901036877,1.5028246343437441,-0.6766015099591287,0.8001750920079693,12.0,0.0,-0.006384043954312801,24.005072913132608,-0.3278733193874359,10.0,19.5,5.0,0.23430675268173218,12.0,minimum_jerk,8
1785142930870432483,6.372700214385986,21.120382070541382,2.869781732559204,1.413323998451233,-0.6300957798957825,0.5144041180610657,nan,6.939897537231445,4.507856845855713,world,870348620,1785142930,0.4305834472179413,True,False,False,True,5.0,-2.4120215326729575,8.0,0.489094078540802,True,0.42356789112091064,True,1.9060555696487427,True,5,normal,12.198755264282227,-0.159274036359069,0.07170833577990321,-0.08480504896285046,-0.16093301265145,0.07245523986888308,-0.08568836660155443,6.442471569260311,21.10166998394467,3.1058031826639736,1.4877053976269825,-0.6697945291855822,0.7921248934988085,12.0,0.0,-0.006384043954312801,24.005072913132608,-0.3278733193874359,10.0,19.5,5.0,0.24682849645614624,12.0,minimum_jerk,8
1785142930970411586,6.510705947875977,21.058098554611206,2.9280858039855957,1.3940562009811401,-0.6181094646453857,0.5108603835105896,nan,7.039890766143799,4.346915245056152,world,970341980,1785142930,0.4305834472179413,True,False,False,True,5.0,-2.705326058543311,8.0,0.489094078540802,True,0.42356789112091064,True,1.9060555696487427,True,5,normal,12.198755264282227,-0.1752253759922453,0.07888994581944775,-0.09329829851901095,-0.1580671013010183,0.07116494963621206,-0.08416241951091485,6.590409087188526,21.035065574007284,3.1845721316913056,1.4709791698481505,-0.6622640491066343,0.7832190567524486,12.0,0.0,-0.006384043954312801,24.005072913132608,-0.3278733193874359,10.0,19.5,5.0,0.2695706784725189,12.0,minimum_jerk,8
1785142931070428164,6.663904190063477,20.985910654067993,3.0063936710357666,1.3745810985565186,-0.6164442300796509,0.5180202126502991,nan,7.139890670776367,4.160760879516602,world,70342068,1785142931,0.4305834472179413,True,False,False,True,5.0,-2.277187986856785,8.0,0.489094078540802,True,0.42356789112091064,True,1.9060555696487427,True,5,normal,12.198755264282227,-0.19087675574941776,0.0859365079629213,-0.10163183521453889,-0.15491146120066324,0.06974421776371381,-0.08248220709627851,6.736605020904461,20.96924525988575,3.262413778706511,1.452671388151277,-0.654021522029935,0.7734711257104774,12.0,0.0,-0.006384043954312801,24.005072913132608,-0.3278733193874359,10.0,19.5,5.0,0.2666635513305664,12.0,minimum_jerk,8
1785142931170412964,6.800897121429443,20.92144513130188,3.072277784347534,1.3552687168121338,-0.6175634264945984,0.5143133997917175,nan,7.239872932434082,3.9963581562042236,world,170323501,1785142931,0.4305834472179413,True,False,False,True,5.0,-2.2211555779998595,8.0,0.489094078540802,True,0.42356789112091064,True,1.9060555696487427,True,5,normal,12.198755264282227,-0.2061953731343118,0.09283325387474994,-0.10978819344508206,-0.15146692790889071,0.06819342043642918,-0.08064817424861215,6.880866716380179,20.904295778251278,3.3392255455703928,1.4328184291473778,-0.6450833254285329,0.7629004690054035,12.0,0.0,-0.006384043954312801,24.005072913132608,-0.3278733193874359,10.0,19.5,5.0,0.2791958749294281,12.0,minimum_jerk,8
1785142931270388968,6.945184707641602,20.85318684577942,3.1378374099731445,1.3329377174377441,-0.6169147491455078,0.5060789585113525,nan,7.339862823486328,3.8250045776367188,world,270310345,1785142931,0.4305834472179413,True,False,False,True,5.0,-2.39688437901535,8.0,0.489094078540802,True,0.42356789112091064,True,1.9060555696487427,True,5,normal,12.198755264282227,-0.22115619747339466,0.09956891424837488,-0.11775404569321757,-0.14773268005280105,0.06651218785595903,-0.07865988363003856,7.023077695126128,20.840269570034184,3.4149454136122634,1.4114499791456985,-0.6354628246686853,0.7515228930358513,12.0,0.0,-0.006384043954312801,24.005072913132608,-0.3278733193874359,10.0,19.5,5.0,0.28813716769218445,12.0,minimum_jerk,8
1785142931370391901,7.075326919555664,20.791382789611816,3.196392297744751,1.3110358715057373,-0.6051303148269653,0.5030561685562134,nan,7.439863681793213,3.6707468032836914,world,370311845,1785142931,0.4305834472179413,True,False,False,True,5.0,-2.2601200344726697,8.0,0.489094078540802,True,0.42356789112091064,True,1.9060555696487427,True,5,normal,12.198755264282227,-0.23573082818302038,0.10613070257674928,-0.12551427014159455,-0.14370847351453664,0.06470041011559335,-0.07651720526063516,7.163093980067913,20.77723145657403,3.4894967226110203,1.388602023224296,-0.6251762209475209,0.7393575579636165,12.0,0.0,-0.006384043954312801,24.005072913132608,-0.3278733193874359,10.0,19.5,5.0,0.306289941072464,12.0,minimum_jerk,8
1785142931470375508,7.2175116539001465,20.719688653945923,3.274815797805786,1.2886911630630493,-0.5894247889518738,0.5016660690307617,nan,7.539852142333984,3.4937291145324707,world,470300091,1785142931,0.4305834472179413,True,False,False,True,5.0,-2.060484318159927,8.0,0.489094078540802,True,0.42356789112091064,True,1.9060555696487427,True,5,normal,12.198755264282227,-0.24988676779337515,0.11250398785326998,-0.13305156359640957,-0.13939529614561408,0.06275853196571268,-0.0742206651193889,7.300735745401446,20.715262399020762,3.5627837247820997,1.3643203988300243,-0.6142441511943513,0.7264288698187906,12.0,0.0,-0.006384043954312801,24.005072913132608,-0.3278733193874359,10.0,19.5,5.0,0.2997855246067047,12.0,minimum_jerk,8
1785142931570377540,7.3447065353393555,20.657710313796997,3.339538097381592,1.2678372859954834,-0.5700818300247192,0.49441951513290405,nan,7.639858722686768,3.3388636112213135,world,570308654,1785142931,0.4305834472179413,True,False,False,True,5.0,-2.209502904123666,8.0,0.489094078540802,True,0.42356789112091064,True,1.9060555696487427,True,5,normal,12.198755264282227,-0.26359942607138676,0.11867769906642689,-0.1403528330516266,-0.13479178449125384,0.06068593955188467,-0.07176953723832635,7.435904006907768,20.654406962036486,3.6347537162339685,1.3386405838050335,-0.6026825882386262,0.712755718686727,12.0,0.0,-0.006384043954312801,24.005072913132608,-0.3278733193874359,10.0,19.5,5.0,0.30899861454963684,12.0,minimum_jerk,8
1785142931670379080,7.468472480773926,20.599682569503784,3.3987298011779785,1.2472445964813232,-0.5450120568275452,0.4876931607723236,nan,7.7398457527160645,3.190924644470215,world,670294516,1785142931,0.4305834472179413,True,False,False,True,5.0,-2.112314905298824,8.0,0.489094078540802,True,0.42356789112091064,True,1.9060555696487427,True,5,normal,12.198755264282227,-0.27683472630245154,0.12463649420223533,-0.1473999344486372,-0.12989966708914757,0.058483411096122595,-0.0691647419728737,7.568411111474931,20.59474963078066,3.705306781552227,1.311618239241903,-0.5905165918101516,0.6983677411722944,12.0,0.0,-0.006384043954312801,24.005072913132608,-0.3278733193874359,10.0,19.5,5.0,0.32249265909194946,12.0,minimum_jerk,8
1785142931770349734,7.599873065948486,20.540398597717285,3.4604461193084717,1.2257081270217896,-0.5138301849365234,0.4846571981906891,nan,7.839837551116943,3.0353360176086426,world,770285657,1785142931,0.4305834472179413,True,False,False,True,5.0,-2.2586886339944936,8.0,0.489094078540802,True,0.42356789112091064,True,1.9060555696487427,True,5,normal,12.198755264282227,-0.2895669405385508,0.13036879002730983,-0.1541791690080212,-0.12471785837827343,0.05615045785728534,-0.0664057013188708,7.69815649568805,20.536335680900773,3.7743893760065523,1.2832962281032625,-0.5777654596663457,0.6832877595491511,12.0,0.0,-0.006384043954312801,24.005072913132608,-0.3278733193874359,10.0,19.5,5.0,0.32899317145347595,12.0,minimum_jerk,8
1785142931870344532,7.734973907470703,20.474300861358643,3.53818678855896,1.206444263458252,-0.49565109610557556,0.4845123291015625,nan,7.939831733703613,2.8664443492889404,world,870280455,1785142931,0.4305834472179413,True,False,False,True,5.0,-1.9730915221414673,8.0,0.489094078540802,True,0.42356789112091064,True,1.9060555696487427,True,5,normal,12.198755264282227,-0.30176687906888544,0.13586144475387907,-0.1606749947437125,-0.11924640435268186,0.05368710054280795,-0.06349243976573093,7.825010660873508,20.479223415272678,3.841932548362915,1.2537266432874805,-0.5644526450650869,0.6675435105463792,12.0,0.0,-0.006384043954312801,24.005072913132608,-0.3278733193874359,10.0,19.5,5.0,0.3168475031852722,12.0,minimum_jerk,8
1785142931970377440,7.855465888977051,20.418265342712402,3.6020712852478027,1.187564492225647,-0.4822646975517273,0.4746817350387573,nan,8.039836883544922,2.7196402549743652,world,970289449,1785142931,0.4305834472179413,True,False,False,True,5.0,-1.9013499498982156,8.0,0.489094078540802,True,0.42356789112091064,True,1.9060555696487427,True,5,normal,12.198755264282227,-0.3134064984139515,0.14110183265027532,-0.16687247997753918,-0.11348478553530694,0.051093105273794404,-0.06042468071923318,7.948861648842449,20.423463239697494,3.90787668677305,1.2229614632714556,-0.5506015497494343,0.6511626699696529,12.0,0.0,-0.006384043954312801,24.005072913132608,-0.3278733193874359,10.0,19.5,5.0,0.319791704416275,12.0,minimum_jerk,8
1785142932070353971,7.981909275054932,20.36215567588806,3.6649041175842285,1.1650259494781494,-0.45992419123649597,0.4626655876636505,nan,8.139822006225586,2.568751335144043,world,70269958,1785142932,0.4305834472179413,True,False,False,True,5.0,-2.1950939530061357,8.0,0.489094078540802,True,0.42356789112091064,True,1.9060555696487427,True,5,normal,12.198755264282227,-0.3244531712013927,0.1460752642251919,-0.1727542523494252,-0.10743490901288366,0.048369330658584286,-0.05720343960277985,8.069553511653792,20.369125365036826,3.9721387571588282,1.1910684163813112,-0.5362426663574995,0.634181299591146,12.0,0.0,-0.006384043954312801,24.005072913132608,-0.3278733193874359,10.0,19.5,5.0,0.3195672333240509,12.0,minimum_jerk,8
1785142932170428060,8.095769882202148,20.314005613327026,3.7202606201171875,1.1449874639511108,-0.43303677439689636,0.4552746117115021,nan,8.239810943603516,2.4344260692596436,world,170268660,1785142932,0.4305834472179413,True,False,False,True,5.0,-2.202409317061539,8.0,0.489094078540802,True,0.42356789112091064,True,1.9060555696487427,True,5,normal,12.198755264282227,-0.33488098100719466,0.15077007138960452,-0.1783065127263943,-0.10109526532077473,0.04551509710620649,-0.053827912705826764,8.187008102643306,20.3162449744716,4.034677150530878,1.1580999394629226,-0.5213996029991623,0.6166273192739049,12.0,0.0,-0.006384043954312801,24.005072913132608,-0.3278733193874359,10.0,19.5,5.0,0.3273945450782776,12.0,minimum_jerk,8
1785142932270349321,8.220903396606445,20.25825023651123,3.796138286590576,1.125038981437683,-0.4139461815357208,0.45032501220703125,nan,8.33983039855957,2.2780280113220215,world,270280726,1785142932,0.4305834472179413,True,False,False,True,5.0,-2.0712116513938668,8.0,0.489094078540802,True,0.42356789112091064,True,1.9060555696487427,True,5,normal,12.198755264282227,-0.3446632447870286,0.15517424090679088,-0.1835150537904633,-0.09446412222250622,0.04252962472938271,-0.05029717770354092,8.301148730685547,20.26485659587027,4.095451032897687,1.1241106666172973,-0.5060969570322187,0.598529818803792,12.0,0.0,-0.006384043954312801,24.005072913132608,-0.3278733193874359,10.0,19.5,5.0,0.30995336174964905,12.0,minimum_jerk,8
1785142932370324990,8.3324556350708,20.211317777633667,3.8578271865844727,1.1052849292755127,-0.40334421396255493,0.4378386437892914,nan,8.439807891845703,2.142716884613037,world,370256736,1785142932,0.4305834472179413,True,False,False,True,5.0,-2.2338274099525988,8.0,0.489094078540802,True,0.42356789112091064,True,1.9060555696487427,True,5,normal,12.198755264282227,-0.3537641444289572,0.1592716467510893,-0.18836080428051694,-0.08754626607927607,0.03941506844302434,-0.046613783081569826,8.411796714398681,20.215040675141147,4.154365265819357,1.0891913282512098,-0.4903755770885203,0.5799371073513715,12.0,0.0,-0.006384043954312801,24.005072913132608,-0.3278733193874359,10.0,19.5,5.0,0.3069913685321808,12.0,minimum_jerk,8
1785142932470318884,8.449450492858887,20.16395592689514,3.9175002574920654,1.0829691886901855,-0.3948736786842346,0.42407798767089844,nan,8.539801597595215,2.0042073726654053,world,470250740,1785142932,0.4305834472179413,True,False,False,True,5.0,-2.22217240859407,8.0,0.489094078540802,True,0.42356789112091064,True,1.9060555696487427,True,5,normal,12.198755264282227,-0.36216026172714555,0.16305174558093616,-0.19283129523338904,-0.08033779797957674,0.03616967287970324,-0.04277565287455998,8.518926479285192,20.166808726431157,4.211406232220796,1.0533912264634289,-0.4742576599525119,0.5608754356916958,12.0,0.0,-0.006384043954312801,24.005072913132608,-0.3278733193874359,10.0,19.5,5.0,0.30201947689056396,12.0,minimum_jerk,8
1785142932570357448,8.554421424865723,20.122122526168823,3.9700469970703125,1.059578537940979,-0.38734170794487,0.4135954678058624,nan,8.63980484008789,1.8808341026306152,world,570257796,1785142932,0.4305834472179413,True,False,False,True,4.9340209011011815,-2.3071347589118085,8.0,0.489094078540802,True,0.42356789112091064,True,1.9060555696487427,True,5,normal,12.198755264282227,-0.3698217683277547,0.16650110807877527,-0.19691064461918084,-0.07283912717907914,0.03279362229445415,-0.03878300498963505,8.622445003004726,20.12020263024618,4.266524402597333,1.0167846938798046,-0.4577766716492673,0.5413843820392614,12.0,0.0,-0.006384043954312801,24.005072913132608,-0.3278733193874359,10.0,19.5,5.0,0.30418702960014343,12.0,minimum_jerk,8
1785142932670340010,8.667607307434082,20.07210063934326,4.045162677764893,1.035019040107727,-0.38660141825675964,0.40801990032196045,nan,8.739794731140137,1.7361692190170288,world,670248113,1785142932,0.4305834472179413,True,False,False,True,4.900348881320711,-2.075099605503041,8.0,0.489094078540802,True,0.42356789112091064,True,1.9060555696487427,True,5,normal,12.198755264282227,-0.3767180257133331,0.16960594017529385,-0.200582539038469,-0.06505197384746753,0.02928769114184665,-0.03463675532669719,8.722252462085667,20.075267329096526,4.319666626199516,0.9794550586595694,-0.440970128171716,0.5215083142570638,12.0,0.0,-0.006384043954312801,24.005072913132608,-0.3278733193874359,10.0,19.5,5.0,0.27990809082984924,12.0,minimum_jerk,8
1785142932770265068,8.768216133117676,20.028736114501953,4.1050286293029785,1.0077974796295166,-0.38437673449516296,0.3917847275733948,nan,8.839740753173828,1.611777663230896,world,770191624,1785142932,0.4305834472179413,True,False,False,True,4.690085025956006,-1.95390075851313,8.0,0.489094078540802,True,0.42356789112091064,True,1.9060555696487427,True,5,normal,12.198755264282227,-0.3828186828182458,0.17235257721769837,-0.20383081814480963,-0.056978940738663386,0.02565305123341044,-0.030338289715344247,8.818252987333684,20.03204598519832,4.37078185772265,0.941492027176027,-0.4238784171114909,0.5012949962716875,12.0,0.0,-0.006384043954312801,24.005072913132608,-0.3278733193874359,10.0,19.5,5.0,0.27044302225112915,12.0,minimum_jerk,8
1785142932870263689,8.872869491577148,19.984443187713623,4.161189556121826,0.9720190763473511,-0.37461191415786743,0.37230899930000305,nan,8.93974494934082,1.486173391342163,world,870194844,1785142932,0.4305834472179413,True,False,False,True,4.724237418557273,-2.014398734928631,8.0,0.489094078540802,True,0.42356789112091064,True,1.9060555696487427,True,5,normal,12.198755264282227,-0.3881008589022672,0.17473071784212313,-0.20664329914721202,-0.04861171266650244,0.021885958907119973,-0.025883180756196333,8.910482883763505,19.990522253312562,4.419889427677972,0.9029373954161093,-0.4065203558523529,0.48076668224834496,12.0,0.0,-0.006384043954312801,24.005072913132608,-0.3278733193874359,10.0,19.5,5.0,0.2614906132221222,12.0,minimum_jerk,8
1785142932970330425,8.965603828430176,19.945716381072998,4.209799766540527,0.9349151849746704,-0.35513174533843994,0.3601120710372925,nan,9.03975772857666,1.3758833408355713,world,970213832,1785142932,0.4305834472179413,True,False,False,True,4.921646069213158,-2.157697093435875,8.0,0.489094078540802,True,0.42356789112091064,True,1.9060555696487427,True,5,normal,12.198755264282227,-0.392532105966676,0.17672575331483475,-0.20900270519262953,-0.039954242074611956,0.01798819363162729,-0.02127353291764633,8.99883882381111,19.950742653561615,4.4669343195711075,0.86389380960021,-0.3889421577622021,0.45997802590175674,12.0,0.0,-0.006384043954312801,24.005072913132608,-0.3278733193874359,10.0,19.5,5.0,0.2593221962451935,12.0,minimum_jerk,8
1785142933070250390,9.064529418945312,19.89943790435791,4.279971599578857,0.894839882850647,-0.3345051407814026,0.3512236475944519,nan,9.139737129211426,1.2462329864501953,world,70185773,1785142933,0.4305834472179413,True,False,False,True,4.408749199964936,-1.6916899504051977,8.0,0.489094078540802,True,0.42356789112091064,True,1.9060555696487427,True,5,normal,12.198755264282227,-0.39608201690730827,0.17832399375338204,-0.21089284609704828,-0.031010103165531655,0.013961364583931712,-0.016511249274597906,9.083242578810488,19.912742406045215,4.511874880751048,0.8244636282768081,-0.37118990669331575,0.4389835277764824,12.0,0.0,-0.006384043954312801,24.005072913132608,-0.3278733193874359,10.0,19.5,5.0,0.23303717374801636,12.0,minimum_jerk,8
1785142933170237788,9.150793075561523,19.861515522003174,4.334752559661865,0.8535829782485962,-0.31315937638282776,0.32716888189315796,nan,9.239725112915039,1.1377170085906982,world,170172088,1785142933,0.4305834472179413,True,False,False,True,4.298803218901206,-1.6557098246761872,8.0,0.489094078540802,True,0.42356789112091064,True,1.9060555696487427,True,5,normal,12.198755264282227,-0.39872339958704783,0.17951319671735333,-0.21229924347734608,-0.02177580056936712,0.009803898079057238,-0.01159446872638581,9.163694098639674,19.87652153332928,4.554711084530478,0.7847205489657032,-0.3532967827334068,0.4178224279264473,12.0,0.0,-0.006384043954312801,24.005072913132608,-0.3278733193874359,10.0,19.5,5.0,0.22084693610668182,12.0,minimum_jerk,8
1785142933270260931,9.23840618133545,19.82537031173706,4.384626865386963,0.7997207045555115,-0.281792014837265,0.30460888147354126,nan,9.339735984802246,1.0317825078964233,world,270182799,1785142933,0.4305834472179413,True,False,False,True,4.549925517132573,-1.8932216943484215,8.0,0.489094078540802,True,0.42356789112091064,True,1.9060555696487427,True,5,normal,12.198755264282227,-0.40042727730216754,0.18028031631899566,-0.2132064687625248,-0.012249796643157618,0.005515101839591474,-0.006522372558989908,9.24017736691103,19.842087246309752,4.595434403025211,0.7447507472644528,-0.335301583848711,0.3965406103258129,12.0,0.0,-0.006384043954312801,24.005072913132608,-0.3278733193874359,10.0,19.5,5.0,0.21147674322128296,12.0,minimum_jerk,8
1785142933370248169,9.313498497009277,19.795703887939453,4.426987648010254,0.7431143522262573,-0.2479005604982376,0.2937394976615906,nan,9.439742088317871,0.9418430328369141,world,370193149,1785142933,0.4305834472179413,True,False,False,True,4.30728943416357,-1.9481196826632945,8.0,0.489094078540802,True,0.42356789112091064,True,1.9060555696487427,True,5,normal,12.198755264282227,-0.40116395937916316,0.18061198522717348,-0.21359871323022261,-0.0024346244580721876,0.0010961163045043465,-0.0012963094996067959,9.312653251352565,19.809457163113002,4.6340240003581545,0.7046603986824902,-0.3172521123631782,0.37519460785014225,12.0,0.0,-0.006384043954312801,24.005072913132608,-0.3278733193874359,10.0,19.5,5.0,0.20749437808990479,12.0,minimum_jerk,8
1785142933470249602,9.390973091125488,19.756611824035645,4.491060733795166,0.6858322024345398,-0.22524593770503998,0.2846495509147644,nan,9.539735794067383,0.8341358304023743,world,470184564,1785142933,0.4305834472179413,True,False,False,True,4.364865515006056,-1.5656452251498858,7.731712952864305,0.489094078540802,True,0.42356789112091064,True,1.9060555696487427,True,5,normal,12.198755264282227,-0.4009046799531353,0.1804952524779604,-0.213460660570028,0.007668796374667997,-0.0034526444989606553,0.004083230807145899,9.381109209317291,19.77863693068791,4.670473198229361,0.6645511273331071,-0.2991941214717766,0.35383852999586907,12.0,0.0,-0.006384043954312801,24.005072913132608,-0.3278733193874359,10.0,19.5,5.0,0.18102826178073883,12.0,minimum_jerk,8
1785142933570256696,9.45645523071289,19.72595977783203,4.539221286773682,0.6408383250236511,-0.20976535975933075,0.2360839992761612,nan,9.639731407165527,0.7475398182868958,world,570180988,1785142933,0.4305834472179413,True,False,False,True,4.308893803681911,-1.4903688818705851,7.9680281738666325,0.489094078540802,True,0.42356789112091064,True,1.9060555696487427,True,5,normal,12.198755264282227,-0.399620602891793,0.17991713547165578,-0.2127769570578386,0.018061987800919388,-0.008131865781067837,0.009617058717405591,9.445559097468958,19.74962031048913,4.704789374583623,0.6245177466791088,-0.28117029807930827,0.332522859946188,12.0,0.0,-0.006384043954312801,24.005072913132608,-0.3278733193874359,10.0,19.5,5.0,0.1676047146320343,12.0,minimum_jerk,8
1785142933670242120,9.521932601928711,19.697653770446777,4.578444957733154,0.5958487391471863,-0.18547558784484863,0.2037530392408371,nan,9.739727020263672,0.6673260927200317,world,670174828,1785142933,0.4305834472179413,True,False,False,True,4.500726605178914,-1.6898113382298385,8.0,0.489094078540802,True,0.42356789112091064,True,1.9060555696487427,True,5,normal,12.198755264282227,-0.397282806142945,0.17886461292571054,-0.21153220322172528,0.028744563425272984,-0.01294137357892633,0.015304968495935323,9.506013263730662,19.722402643676098,4.736978039145836,0.5846656903502563,-0.2632281105007479,0.31130373556473945,12.0,0.0,-0.006384043954312801,24.005072913132608,-0.3278733193874359,10.0,19.5,5.0,0.16124102473258972,12.0,minimum_jerk,8
1785142933770212727,9.577791213989258,19.675413608551025,4.613027095794678,0.5603960752487183,-0.15409629046916962,0.21483534574508667,nan,9.839710235595703,0.5989809632301331,world,770163297,1785142933,0.4305834472179413,True,False,False,True,4.305948584680072,-1.7670666697366553,8.0,0.489094078540802,True,0.42356789112091064,True,1.9060555696487427,True,5,normal,12.198755264282227,-0.39386278323991775,0.1773248506624352,-0.2097112208671903,0.03971538106690242,-0.01788065366003444,0.021146351991506607,9.562489702129284,19.696975828980378,4.767048772789108,0.5451057743598255,-0.24541745030707052,0.29024016055134805,12.0,0.0,-0.006384043954312801,24.005072913132608,-0.3278733193874359,10.0,19.5,5.0,0.15627457201480865,12.0,minimum_jerk,8
1785142933870252521,9.63361644744873,19.645963668823242,4.6728596687316895,0.5283766984939575,-0.13101942837238312,0.21554630994796753,nan,9.939727783203125,0.5124090909957886,world,870180089,1785142933,0.4305834472179413,True,False,False,True,4.416340517675818,-1.454988420993309,6.784895535637699,0.489094078540802,True,0.42356789112091064,True,1.9060555696487427,True,5,normal,12.198755264282227,-0.3893296630800531,0.17528394989803475,-0.20729757275542227,0.050979502589603376,-0.022951984976047002,0.027143904380413253,9.615046864886125,19.673313550050565,4.795032698247583,0.5059299396154806,-0.22777971112168327,0.2693810886046517,12.0,0.0,-0.006384043954312801,24.005072913132608,-0.3278733193874359,10.0,19.5,5.0,0.1265665590763092,12.0,minimum_jerk,8
1785142933970243465,9.68217945098877,19.624290466308594,4.713604927062988,0.503437876701355,-0.1154753640294075,0.08509228378534317,nan,10.03972339630127,0.445511132478714,world,970172987,1785142933,0.4305834472179413,True,False,False,True,4.301272504663514,-1.4396556987565492,7.294101274582281,0.489094078540802,True,0.42356789112091064,True,1.9060555696487427,True,5,normal,12.198755264282227,-0.3836568295206044,0.17272992751621263,-0.2042770871900128,0.06253068144985763,-0.028152555208959762,0.0332942997067055,9.663700018078782,19.65140893379519,4.820937943904809,0.4672727820649403,-0.21037549071452588,0.2487981849891021,12.0,0.0,-0.006384043954312801,24.005072913132608,-0.3278733193874359,10.0,19.5,5.0,0.1122375950217247,12.0,minimum_jerk,8
1785142934070230460,9.728384017944336,19.60675859451294,4.733753204345703,0.47982797026634216,-0.09847737848758698,0.008552291430532932,nan,10.139710426330566,0.3950442969799042,world,70158859,1785142934,0.4305834472179413,True,False,False,True,4.243421664437411,-1.6137079364869649,8.0,0.489094078540802,True,0.42356789112091064,True,1.9060555696487427,True,5,normal,12.198755264282227,-0.3768150903883125,0.16964964062054433,-0.20063422087376637,0.07437034894823391,-0.03348300875872712,0.03959830006267118,9.708514276578164,19.631232664205605,4.844799180005502,0.42924432466007545,-0.19325432360457562,0.22855003114103312,12.0,0.0,-0.006384043954312801,24.005072913132608,-0.3278733193874359,10.0,19.5,5.0,0.1154339462518692,12.0,minimum_jerk,8
1785142934170258629,9.775286674499512,19.591747760772705,4.757516384124756,0.44955334067344666,-0.07117615640163422,0.11588626354932785,nan,10.239705085754395,0.3430918753147125,world,170163125,1785142934,0.4305834472179413,True,False,False,True,4.026414530294945,-1.7491627606808753,8.0,0.489094078540802,True,0.42356789112091064,True,1.9060555696487427,True,5,normal,12.198755264282227,-0.3687743447156189,0.1660295371573639,-0.1963529466243128,0.08650050491598771,-0.038944245989114834,0.04605697025329325,9.749565656538845,19.61275051729866,4.866656881154677,0.3919565277396657,-0.17646661656088813,0.20869624005343024,12.0,0.0,-0.006384043954312801,24.005072913132608,-0.3278733193874359,10.0,19.5,5.0,0.11408038437366486,12.0,minimum_jerk,8
1785142934270217181,9.816112518310547,19.57332992553711,4.814263820648193,0.4134950637817383,-0.05695626884698868,0.16024360060691833,nan,10.339698791503906,0.2714586853981018,world,270151181,1785142934,0.4305834472179413,True,False,False,True,4.1858775124324685,-1.5760356894602205,5.679376440355375,0.489094078540802,True,0.42356789112091064,True,1.9060555696487427,True,5,normal,12.198755264282227,-0.3595063301039225,0.16185689283327376,-0.19141821620056998,0.09891996220017041,-0.044535732420278196,0.05266967818205259,9.786930081085991,19.59592831097491,4.88655147242406,0.3555344882972733,-0.160068690735514,0.189303419297163,12.0,0.0,-0.006384043954312801,24.005072913132608,-0.3278733193874359,10.0,19.5,5.0,0.08116529881954193,12.0,minimum_jerk,8
1785142934370233549,9.851255416870117,19.560238361358643,4.849721431732178,0.38470911979675293,-0.05360695347189903,-0.056838806718587875,nan,10.439692497253418,0.2198573648929596,world,370152752,1785142934,0.4305834472179413,True,False,False,True,4.008566889773985,-1.5490336073616204,6.1503548496762095,0.489094078540802,True,0.42356789112091064,True,1.9060555696487427,True,5,normal,12.198755264282227,-0.3489819108783161,0.15711859018853502,-0.1858145163877456,0.11162899336541887,-0.05025759076623193,0.05943656897528593,9.820701137332222,19.580723910456758,4.904532784029881,0.3201015600194168,-0.14411608240903728,0.17043724822376838,12.0,0.0,-0.006384043954312801,24.005072913132608,-0.3278733193874359,10.0,19.5,5.0,0.06601140648126602,12.0,minimum_jerk,8
1785142934470218780,9.886764526367188,19.548856735229492,4.8514862060546875,0.3501388430595398,-0.05110935494303703,-0.23599202930927277,nan,10.539685249328613,0.19304299354553223,world,470133785,1785142934,0.4305834472179413,True,False,False,True,3.9894322202047316,-1.682978528917181,8.0,0.489094078540802,True,0.42356789112091064,True,1.9060555696487427,True,5,normal,12.198755264282227,-0.3371723996294298,0.15180171358146222,-0.1795265726488724,0.12462730468505234,-0.05610968878538858,0.06635748623898108,9.850983370101854,19.56709024758709,4.920656480593607,0.28578560306284473,-0.12866635676446503,0.15216580564320026,12.0,0.0,-0.006384043954312801,24.005072913132608,-0.3278733193874359,10.0,19.5,5.0,0.07998298853635788,12.0,minimum_jerk,8
1785142934570178645,9.916227340698242,19.540078163146973,4.8576579093933105,0.30764496326446533,-0.044686365872621536,-0.002146949525922537,nan,10.639673233032227,0.1699570119380951,world,570120890,1785142934,0.4305834472179413,True,False,False,True,3.788427070805647,-1.7217165032939141,8.0,0.489094078540802,True,0.42356789112091064,True,1.9060555696487427,True,5,normal,12.198755264282227,-0.32404926488596875,0.1458934175767852,-0.17253919347580648,0.13791454091397903,-0.06209186653934928,0.07343224082380706,9.877894414237467,19.554974360822513,4.9349851964830975,0.25271734235939824,-0.11377836876349612,0.1345586957075291,12.0,0.0,-0.006384043954312801,24.005072913132608,-0.3278733193874359,10.0,19.5,5.0,0.08758321404457092,12.0,minimum_jerk,8
1785142934670219186,9.943881034851074,19.52753973007202,4.913754463195801,0.2636009156703949,-0.04224138706922531,0.125893235206604,nan,10.7396821975708,0.10651791840791702,world,670134602,1785142934,0.4305834472179413,True,False,False,True,3.783271328781659,-1.525818422822291,4.201075251268843,0.489094078540802,True,0.42356789112091064,True,1.9060555696487427,True,5,normal,12.198755264282227,-0.3095799677719988,0.13937905252604565,-0.16483505362816864,0.1514940749677398,-0.06820564258170714,0.08066262862992546,9.90157140477848,19.54431450924353,4.947591948895628,0.22102176053794764,-0.09950838806891404,0.11768246509443436,12.0,0.0,-0.006384043954312801,24.005072913132608,-0.3278733193874359,10.0,19.5,5.0,0.05671396106481552,12.0,minimum_jerk,8
1785142934770188799,9.9662504196167,19.518439292907715,4.9447922706604,0.2381230741739273,-0.04153988137841225,-0.2182988077402115,nan,10.83967113494873,0.06728250533342361,world,770119002,1785142934,0.4305834472179413,True,False,False,True,3.7280785710334854,-1.4906354151440082,4.83782772453959,0.489094078540802,True,0.42356789112091064,True,1.9060555696487427,True,5,normal,12.198755264282227,-0.29374144290287063,0.1322482339347899,-0.15640187200151834,0.16536037802820247,-0.07444852772868704,0.08804570585241289,9.922149353000371,19.535049908091402,4.958548624235849,0.19084753767598528,-0.08592335340573243,0.10161627812686547,12.0,0.0,-0.006384043954312801,24.005072913132608,-0.3278733193874359,10.0,19.5,5.0,0.04909230023622513,12.0,minimum_jerk,8
1785142934870196351,9.988227844238281,19.51065492630005,4.9258503913879395,0.2060347944498062,-0.03609169274568558,-0.49862533807754517,nan,10.939671516418457,0.07583057135343552,world,870124430,1785142934,0.4305834472179413,True,False,False,True,3.6334854764785414,-1.5364767965389514,8.0,0.489094078540802,True,0.42356789112091064,True,1.9060555696487427,True,5,normal,12.198755264282227,-0.27649989149301746,0.1244857449182053,-0.1472216525198462,0.17951781001246658,-0.08082248490159405,0.0955837939178591,9.939793597507261,19.527106118641427,4.967943256616145,0.1623235823528013,-0.07308130197761731,0.08642877184465014,12.0,0.0,-0.006384043954312801,24.005072913132608,-0.3278733193874359,10.0,19.5,5.0,0.0662444531917572,12.0,minimum_jerk,8
1785142934970192111,10.0039701461792,19.505302906036377,4.914244174957275,0.14969444274902344,-0.019698569551110268,-0.10940448194742203,nan,11.039653778076172,0.08601130545139313,world,970101286,1785142934,0.4305834472179413,True,False,False,True,3.567638836259922,-1.5829719739646484,8.0,0.489094078540802,True,0.42356789112091064,True,1.9060555696487427,True,5,normal,12.198755264282227,-0.2578316732872201,0.1160809421636877,-0.13728180799036638,0.19396210386411794,-0.08732559298684872,0.10327462084310601,9.95467153011176,19.520407777773695,4.975864973374463,0.13559978720439148,-0.06104971842752249,0.07219975619438479,12.0,0.0,-0.006384043954312801,24.005072913132608,-0.3278733193874359,10.0,19.5,5.0,0.0803469568490982,12.0,minimum_jerk,8
1785142935070173552,10.01102066040039,19.49762773513794,4.966738224029541,0.09877687692642212,-0.007258519064635038,0.12695957720279694,nan,11.139654159545898,0.035120196640491486,world,70103465,1785142935,0.4305834472179413,True,False,False,True,3.8919065703455646,-1.4089248886685393,2.74016578978713,0.489094078540802,True,0.42356789112091064,True,1.9060555696487427,True,5,normal,12.198755264282227,-0.23770089938847772,0.1070176677767316,-0.12656322946263776,0.20869862341237622,-0.09396026688693959,0.11112104258515709,9.966975370656542,19.51486834429579,4.982416121469171,0.1108106928727608,-0.04988917562564943,0.05900086699313967,12.0,0.0,-0.006384043954312801,24.005072913132608,-0.3278733193874359,10.0,19.5,5.0,0.049829937517642975,12.0,minimum_jerk,8
1785142935170164852,10.015976905822754,19.492406368255615,5.001978397369385,0.07861144095659256,-0.0038913022726774216,-0.3039061725139618,nan,11.239643096923828,0.017799966037273407,world,170090146,1785142935,0.4305834472179413,True,False,False,True,4.0226035238082885,-1.4058018474231573,3.103214942256388,0.489094078540802,True,0.42356789112091064,True,1.9060555696487427,True,5,normal,12.198755264282227,-0.21608474679575185,0.09728564638879922,-0.11505376488875285,0.22372281134220917,-0.10072445480808945,0.11912063261340333,9.97690231928599,19.510399034784573,4.987701699607438,0.088111524359622,-0.03966955895193536,0.04691475339184592,12.0,0.0,-0.006384043954312801,24.005072913132608,-0.3278733193874359,10.0,19.5,5.0,0.04532530531287193,12.0,minimum_jerk,8
1785142935270151202,10.020718574523926,19.48915958404541,4.967502117156982,0.07151857018470764,0.0009655645117163658,-0.7493786215782166,nan,11.339631080627441,0.04003606364130974,world,270078650,1785142935,0.4305834472179413,True,False,False,True,3.967291337405868,-1.4613616116117696,8.0,0.489094078540802,True,0.42356789112091064,True,1.9060555696487427,True,5,normal,12.198755264282227,-0.1929517772030085,0.08687072384986783,-0.10273667502392358,0.23903653378933876,-0.1076189969216792,0.12727438454698636,9.9846702136797,19.506901774388467,4.9918376948986705,0.06764922506791038,-0.030457025246001024,0.036019655025569364,12.0,0.0,-0.006384043954312801,24.005072913132608,-0.3278733193874359,10.0,19.5,5.0,0.04697329178452492,12.0,minimum_jerk,8
1785142935370165092,10.025471687316895,19.4880108833313,4.936922073364258,0.08026981353759766,0.019760016351938248,-0.23968419432640076,nan,11.439643859863281,0.06907510757446289,world,370095957,1785142935,0.4305834472179413,True,False,False,True,3.8421132088649417,-1.524475490488576,8.0,0.489094078540802,True,0.42356789112091064,True,1.9060555696487427,True,5,normal,12.198755264282227,-0.16826712421507395,0.07575720261606866,-0.0895933953461645,0.254643445511467,-0.11464553867224203,0.1355842443521975,9.990511479416575,19.50427192049379,4.994947861741576,0.04957302639007111,-0.022318761445786706,0.026395029763479627,12.0,0.0,-0.006384043954312801,24.005072913132608,-0.3278733193874359,10.0,19.5,5.0,0.0696679949760437,12.0,minimum_jerk,8
1785142935470137016,10.02983283996582,19.485899448394775,4.991110324859619,0.08963995426893234,0.035351499915122986,0.1523321121931076,nan,11.539626121520996,0.03417382389307022,world,470074092,1785142935,0.4305834472179413,True,False,False,True,3.7604660593684063,-1.4485083544180863,1.4003842681113743,0.489094078540802,True,0.42356789112091064,True,1.9060555696487427,True,5,normal,12.198755264282227,-0.1420152456928827,0.06393808530759237,-0.07561565048370555,0.2705351387570185,-0.12180029472296572,0.14404573534344323,9.994669944150402,19.502399697046215,4.997162025540181,0.03404841037518125,-0.015329270857753485,0.018128988094865406,12.0,0.0,-0.006384043954312801,24.005072913132608,-0.3278733193874359,10.0,19.5,5.0,0.03931043669581413,12.0,minimum_jerk,8
1785142935570134397,10.035774230957031,19.48630142211914,5.032375335693359,0.08629968017339706,0.03676033392548561,-0.32870247960090637,nan,11.639619827270508,0.050155848264694214,world,570068507,1785142935,0.4305834472179413,True,False,False,True,3.6004865024214374,-1.5115764773540552,1.3844960015424927,0.489094078540802,True,0.42356789112091064,True,1.9060555696487427,True,5,normal,12.198755264282227,-0.11415665170203315,0.05139559277134298,-0.060782414123046635,0.28671817854159243,-0.12908622077431287,0.1526623530463096,9.997410342437341,19.50116591528854,4.998621143524591,0.021227094125251256,-0.009556859535683415,0.011302311398530662,12.0,0.0,-0.006384043954312801,24.005072913132608,-0.3278733193874359,10.0,19.5,5.0,0.05321735143661499,12.0,minimum_jerk,8
1785142935670127770,10.041478157043457,19.487853527069092,4.99533748626709,0.07797621190547943,0.03574298322200775,-0.9224492311477661,nan,11.739619255065918,0.0434708334505558,world,670067491,1785142935,0.4305834472179413,True,False,False,True,3.4241650226321276,-1.5896658839725988,7.617162273667032,0.489094078540802,True,0.42356789112091064,True,1.9060555696487427,True,5,normal,12.198755264282227,-0.0846639663412514,0.03811739983263829,-0.04507911003631815,0.3031914929972179,-0.13650283425002607,0.16143352674746625,9.999010722999344,19.500445392161616,4.9994732620181175,0.011272465749154748,-0.0050750880525534114,0.0060019952507150975,12.0,0.0,-0.006384043954312801,24.005072913132608,-0.3278733193874359,10.0,19.5,5.0,0.04448755457997322,12.0,minimum_jerk,8
1785142935770126433,10.04539680480957,19.48979377746582,4.937836647033691,0.030827833339571953,0.032757241278886795,-0.460508793592453,nan,11.83961296081543,0.07764869183301926,world,770061976,1785142935,0.4305834472179413,True,False,False,True,3.3487161825189284,-1.6475651274989507,8.0,0.489094078540802,True,0.42356789112091064,True,1.9060555696487427,True,5,normal,12.198755264282227,-0.05351095315450216,0.024091694317679657,-0.028491768690320107,0.31995356580121004,-0.14404945247150513,0.17035844908481934,9.999765850987103,19.5001054185379,4.999875327963327,0.004350158216759326,-0.0019585276623494963,0.0023162304980886006,12.0,0.0,-0.006384043954312801,24.005072913132608,-0.3278733193874359,10.0,19.5,5.0,0.07770013809204102,12.0,minimum_jerk,8
1785142935870116410,10.039475440979004,19.486544609069824,4.986882209777832,-0.035057105123996735,0.02328815683722496,0.16164426505565643,nan,11.939605712890625,0.043719954788684845,world,870054818,1785142935,0.4305834472179413,True,False,False,True,3.7435899066495395,-1.3916824873873226,1.553856428420918,0.489094078540802,True,0.42356789112091064,True,1.9060555696487427,True,5,normal,12.198755264282227,-0.020667914121457187,0.009305105587646523,-0.011004577450897557,0.3370048567750168,-0.1517262824595017,0.17943736488910966,9.999987339826454,19.500005699861664,4.999993259123311,0.0006272864559946356,-0.000282416826026477,0.000333997052068824,12.0,0.0,-0.006384043954312801,24.005072913132608,-0.3278733193874359,10.0,19.5,5.0,0.043731119483709335,12.0,minimum_jerk,8
1785142935970117437,10.03121566772461,19.484753608703613,5.031247615814209,-0.051428649574518204,0.019843075424432755,-0.22633200883865356,0.019625697284936905,12.039607048034668,0.046725623309612274,world,970057508,1785142935,0.4305834472179413,True,True,True,True,4.04140500442176,-1.3303002715910843,0.20912973011031077,0.489094078540802,True,0.42356789112091064,True,1.9060555696487427,True,5,normal,12.198755264282227,-1.7763568394002505e-15,0.0,8.881784197001252e-16,0.3474438904150803,-0.15642614281710465,0.18499560136761928,10.0,19.5,5.0,0.0,0.0,0.0,12.0,0.0,-0.006384043954312801,24.005072913132608,-0.3278733193874359,10.0,19.5,5.0,0.046725623309612274,12.0,minimum_jerk,8
1785142936070103915,10.022859573364258,19.484178066253662,4.995203018188477,-0.05084073543548584,0.02088080905377865,-0.9570369720458984,0.019625697284936905,12.139595985412598,0.02821178361773491,world,70043636,1785142936,0.4305834472179413,True,True,True,True,4.136139258102401,-1.3651754563475644,6.077729269554954,0.489094078540802,True,0.42356789112091064,True,1.9060555696487427,True,5,normal,12.198755264282227,-1.7763568394002505e-15,0.0,8.881784197001252e-16,0.3474438904150803,-0.15642614281710465,0.18499560136761928,10.0,19.5,5.0,0.0,0.0,0.0,12.0,0.0,-0.006384043954312801,24.005072913132608,-0.3278733193874359,10.0,19.5,5.0,0.02821178361773491,12.0,minimum_jerk,8
1785142936170093389,10.016802787780762,19.484745979309082,4.931055545806885,-0.017205091193318367,0.037296559661626816,-0.6613099575042725,0.019625697284936905,12.239587783813477,0.07258344441652298,world,170036365,1785142936,0.4305834472179413,True,True,True,True,4.110768793442585,-1.4248540530594527,8.0,0.489094078540802,True,0.42356789112091064,True,1.9060555696487427,True,5,normal,12.198755264282227,-1.7763568394002505e-15,0.0,8.881784197001252e-16,0.3474438904150803,-0.15642614281710465,0.18499560136761928,10.0,19.5,5.0,0.0,0.0,0.0,12.0,0.0,-0.006384043954312801,24.005072913132608,-0.3278733193874359,10.0,19.5,5.0,0.07258344441652298,12.0,minimum_jerk,8
1785142936270088302,10.01478385925293,19.4826717376709,4.957032680511475,0.05172411724925041,0.06286672502756119,0.03018055483698845,0.019625697284936905,12.339580535888672,0.048631489276885986,world,270028293,1785142936,0.4305834472179413,True,True,True,True,3.988031833253193,-1.266967761686458,3.0631042986819024,0.489094078540802,True,0.42356789112091064,True,1.9060555696487427,True,5,normal,12.198755264282227,-1.7763568394002505e-15,0.0,8.881784197001252e-16,0.3474438904150803,-0.15642614281710465,0.18499560136761928,10.0,19.5,5.0,0.0,0.0,0.0,12.0,0.0,-0.006384043954312801,24.005072913132608,-0.3278733193874359,10.0,19.5,5.0,0.048631489276885986,12.0,minimum_jerk,8
1785142936370100868,10.019271850585938,19.48476219177246,5.007828712463379,0.08100811392068863,0.07225961238145828,-0.09125735610723495,0.019625697284936905,12.43957805633545,0.02578533999621868,world,370025350,1785142936,0.4305834472179413,True,True,True,True,3.590225984533259,-1.3967908998330427,-0.3220214302595221,0.489094078540802,True,0.42356789112091064,True,1.9060555696487427,True,5,normal,12.198755264282227,-1.7763568394002505e-15,0.0,8.881784197001252e-16,0.3474438904150803,-0.15642614281710465,0.18499560136761928,10.0,19.5,5.0,0.0,0.0,0.0,12.0,0.0,-0.006384043954312801,24.005072913132608,-0.3278733193874359,10.0,19.5,5.0,0.02578533999621868,12.0,minimum_jerk,8
1785142936470100029,10.024995803833008,19.488505840301514,4.9919281005859375,0.07971800118684769,0.0710022896528244,-0.7906009554862976,0.019625697284936905,12.539566993713379,0.028671614825725555,world,470015485,1785142936,0.4305834472179413,True,True,True,True,3.3554333322838032,-1.550505891507865,4.799825156680042,0.489094078540802,True,0.42356789112091064,True,1.9060555696487427,True,5,normal,12.198755264282227,-1.7763568394002505e-15,0.0,8.881784197001252e-16,0.3474438904150803,-0.15642614281710465,0.18499560136761928,10.0,19.5,5.0,0.0,0.0,0.0,12.0,0.0,-0.006384043954312801,24.005072913132608,-0.3278733193874359,10.0,19.5,5.0,0.028671614825725555,12.0,minimum_jerk,8
1785142936570100543,10.030342102050781,19.493244647979736,4.924035549163818,0.05240600183606148,0.07183925807476044,-0.7252483367919922,0.019625697284936905,12.639580726623535,0.0820784717798233,world,570033871,1785142936,0.4305834472179413,True,True,True,True,3.2349338517936883,-1.6725633655906718,8.0,0.489094078540802,True,0.42356789112091064,True,1.9060555696487427,True,5,normal,12.198755264282227,-1.7763568394002505e-15,0.0,8.881784197001252e-16,0.3474438904150803,-0.15642614281710465,0.18499560136761928,10.0,19.5,5.0,0.0,0.0,0.0,12.0,0.0,-0.006384043954312801,24.005072913132608,-0.3278733193874359,10.0,19.5,5.0,0.0820784717798233,12.0,minimum_jerk,8
1785142936670061414,10.025594711303711,19.492356300354004,4.942427158355713,-0.03339231386780739,0.057149872183799744,0.05961274728178978,0.019625697284936905,12.739553451538086,0.06346768885850906,world,670001255,1785142936,0.4305834472179413,True,True,True,True,3.6001032621785254,-1.4345827936925446,4.020975683370645,0.489094078540802,True,0.42356789112091064,True,1.9060555696487427,True,5,normal,12.198755264282227,-1.7763568394002505e-15,0.0,8.881784197001252e-16,0.3474438904150803,-0.15642614281710465,0.18499560136761928,10.0,19.5,5.0,0.0,0.0,0.0,12.0,0.0,-0.006384043954312801,24.005072913132608,-0.3278733193874359,10.0,19.5,5.0,0.06346768885850906,12.0,minimum_jerk,8
1785142936770065565,10.015860557556152,19.49222183227539,4.990231513977051,-0.07385705411434174,0.044043902307748795,0.02696133218705654,0.019625697284936905,12.839547157287598,0.02018614672124386,world,769995157,1785142936,0.4305834472179413,True,True,True,True,4.064239264387272,-1.3763784371831889,-0.05172952922384777,0.489094078540802,True,0.42356789112091064,True,1.9060555696487427,True,5,normal,12.198755264282227,-1.7763568394002505e-15,0.0,8.881784197001252e-16,0.3474438904150803,-0.15642614281710465,0.18499560136761928,10.0,19.5,5.0,0.0,0.0,0.0,12.0,0.0,-0.006384043954312801,24.005072913132608,-0.3278733193874359,10.0,19.5,5.0,0.02018614672124386,12.0,minimum_jerk,8
1785142936870064025,10.004820823669434,19.4931321144104,4.980235576629639,-0.07687483727931976,0.04184304550290108,-0.6954363584518433,0.019625697284936905,12.939546585083008,0.02147185616195202,world,869994158,1785142936,0.4305834472179413,True,True,True,True,4.263325002261482,-1.4240537580994588,4.155460107100735,0.489094078540802,True,0.42356789112091064,True,1.9060555696487427,True,5,normal,12.198755264282227,-1.7763568394002505e-15,0.0,8.881784197001252e-16,0.3474438904150803,-0.15642614281710465,0.18499560136761928,10.0,19.5,5.0,0.0,0.0,0.0,12.0,0.0,-0.006384043954312801,24.005072913132608,-0.3278733193874359,10.0,19.5,5.0,0.02147185616195202,12.0,minimum_jerk,8
1785142936970091607,9.996052742004395,19.494439601898193,4.922702789306641,-0.04623942822217941,0.04297272861003876,-0.6921728849411011,0.019625697284936905,13.039562225341797,0.07759740948677063,world,970017072,1785142936,0.4305834472179413,True,True,True,True,4.335035292635017,-1.499687000434363,8.0,0.489094078540802,True,0.42356789112091064,True,1.9060555696487427,True,5,normal,12.198755264282227,-1.7763568394002505e-15,0.0,8.881784197001252e-16,0.3474438904150803,-0.15642614281710465,0.18499560136761928,10.0,19.5,5.0,0.0,0.0,0.0,12.0,0.0,-0.006384043954312801,24.005072913132608,-0.3278733193874359,10.0,19.5,5.0,0.07759740948677063,12.0,minimum_jerk,8
1785142937070041647,9.9921236038208,19.491135597229004,4.938363552093506,0.05794573947787285,0.05058334767818451,0.07093805819749832,0.019625697284936905,13.139537811279297,0.06276676803827286,world,69987088,1785142937,0.4305834472179413,True,True,True,True,4.243791663748186,-1.252895713055956,4.334500512679849,0.489094078540802,True,0.42356789112091064,True,1.9060555696487427,True,5,normal,12.198755264282227,-1.7763568394002505e-15,0.0,8.881784197001252e-16,0.3474438904150803,-0.15642614281710465,0.18499560136761928,10.0,19.5,5.0,0.0,0.0,0.0,12.0,0.0,-0.006384043954312801,24.005072913132608,-0.3278733193874359,10.0,19.5,5.0,0.06276676803827286,12.0,minimum_jerk,8
1785142937170029295,9.997937202453613,19.49094247817993,4.9852399826049805,0.10878799110651016,0.05355280637741089,0.07537400722503662,0.019625697284936905,13.239533424377441,0.0174399521201849,world,169982380,1785142937,0.4305834472179413,True,True,True,True,3.717985138450817,-1.2886182234313805,0.26784485127333113,0.489094078540802,True,0.42356789112091064,True,1.9060555696487427,True,5,normal,12.198755264282227,-1.7763568394002505e-15,0.0,8.881784197001252e-16,0.3474438904150803,-0.15642614281710465,0.18499560136761928,10.0,19.5,5.0,0.0,0.0,0.0,12.0,0.0,-0.006384043954312801,24.005072913132608,-0.3278733193874359,10.0,19.5,5.0,0.0174399521201849,12.0,minimum_jerk,8
1785142937270039394,10.007257461547852,19.492716312408447,4.979494571685791,0.11166409403085709,0.05420376732945442,-0.6118412613868713,0.019625697284936905,13.339520454406738,0.02293894998729229,world,269968215,1785142937,0.4305834472179413,True,True,True,True,3.362366564184815,-1.4120364499962632,3.9791298576148213,0.489094078540802,True,0.42356789112091064,True,1.9060555696487427,True,5,normal,12.198755264282227,-1.7763568394002505e-15,0.0,8.881784197001252e-16,0.3474438904150803,-0.15642614281710465,0.18499560136761928,10.0,19.5,5.0,0.0,0.0,0.0,12.0,0.0,-0.006384043954312801,24.005072913132608,-0.3278733193874359,10.0,19.5,5.0,0.02293894998729229,12.0,minimum_jerk,8
1785142937370036950,10.015302658081055,19.495580196380615,4.9270710945129395,0.09419041872024536,0.06337309628725052,-0.641898512840271,0.019625697284936905,13.439515113830566,0.07464805245399475,world,369963016,1785142937,0.4305834472179413,True,True,True,True,3.1926608232271656,-1.5273857338222059,8.0,0.489094078540802,True,0.42356789112091064,True,1.9060555696487427,True,5,normal,12.198755264282227,-1.7763568394002505e-15,0.0,8.881784197001252e-16,0.3474438904150803,-0.15642614281710465,0.18499560136761928,10.0,19.5,5.0,0.0,0.0,0.0,12.0,0.0,-0.006384043954312801,24.005072913132608,-0.3278733193874359,10.0,19.5,5.0,0.07464805245399475,12.0,minimum_jerk,8
1785142937470017085,10.011698722839355,19.496606826782227,4.945179462432861,0.0003050793311558664,0.07058116793632507,0.12002135068178177,0.019625697284936905,13.539507865905762,0.05615750327706337,world,469955843,1785142937,0.4305834472179413,True,True,True,True,3.641641429634949,-1.4504087193339883,4.202778700072555,0.489094078540802,True,0.42356789112091064,True,1.9060555696487427,True,5,normal,12.198755264282227,-1.7763568394002505e-15,0.0,8.881784197001252e-16,0.3474438904150803,-0.15642614281710465,0.18499560136761928,10.0,19.5,5.0,0.0,0.0,0.0,12.0,0.0,-0.006384043954312801,24.005072913132608,-0.3278733193874359,10.0,19.5,5.0,0.05615750327706337,12.0,minimum_jerk,8
1785142937570002899,10.002570152282715,19.499305248260498,4.994114398956299,-0.050792742520570755,0.06477251648902893,0.09912736713886261,0.019625697284936905,13.63949966430664,0.00645977258682251,world,569946497,1785142937,0.4305834472179413,True,True,True,True,4.121987112189253,-1.5223004302011873,0.567730476235675,0.489094078540802,True,0.42356789112091064,True,1.9060555696487427,True,5,normal,12.198755264282227,-1.7763568394002505e-15,0.0,8.881784197001252e-16,0.3474438904150803,-0.15642614281710465,0.18499560136761928,10.0,19.5,5.0,0.0,0.0,0.0,12.0,0.0,-0.006384043954312801,24.005072913132608,-0.3278733193874359,10.0,19.5,5.0,0.00645977258682251,12.0,minimum_jerk,8
1785142937670000145,9.99283504486084,19.502743244171143,4.992957592010498,-0.05835027992725372,0.059147994965314865,-0.5441188812255859,0.019625697284936905,13.739494323730469,0.010414292104542255,world,669941849,1785142937,0.4305834472179413,True,True,True,True,4.394546839803733,-1.6335467337382417,3.7605228146624556,0.489094078540802,True,0.42356789112091064,True,1.9060555696487427,True,5,normal,12.198755264282227,-1.7763568394002505e-15,0.0,8.881784197001252e-16,0.3474438904150803,-0.15642614281710465,0.18499560136761928,10.0,19.5,5.0,0.0,0.0,0.0,12.0,0.0,-0.006384043954312801,24.005072913132608,-0.3278733193874359,10.0,19.5,5.0,0.010414292104542255,12.0,minimum_jerk,8
1785142937770012889,9.984269142150879,19.506121158599854,4.9369354248046875,-0.031562305986881256,0.045276034623384476,-0.6753341555595398,0.019625697284936905,13.839493751525879,0.06528452783823013,world,769940838,1785142937,0.4305834472179413,True,True,True,True,4.440570867677702,-1.6994735759856798,8.0,0.489094078540802,True,0.42356789112091064,True,1.9060555696487427,True,5,normal,12.198755264282227,-1.7763568394002505e-15,0.0,8.881784197001252e-16,0.3474438904150803,-0.15642614281710465,0.18499560136761928,10.0,19.5,5.0,0.0,0.0,0.0,12.0,0.0,-0.006384043954312801,24.005072913132608,-0.3278733193874359,10.0,19.5,5.0,0.06528452783823013,12.0,minimum_jerk,8
1785142937869980651,9.985761642456055,19.50240182876587,4.950748443603516,0.08574067801237106,0.009923182427883148,0.0903274342417717,0.019625697284936905,13.939482688903809,0.05132460966706276,world,869930720,1785142937,0.4305834472179413,True,True,True,True,4.155957086685979,-1.409582833314636,4.589880563828905,0.489094078540802,True,0.42356789112091064,True,1.9060555696487427,True,5,normal,12.198755264282227,-1.7763568394002505e-15,0.0,8.881784197001252e-16,0.3474438904150803,-0.15642614281710465,0.18499560136761928,10.0,19.5,5.0,0.0,0.0,0.0,12.0,0.0,-0.006384043954312801,24.005072913132608,-0.3278733193874359,10.0,19.5,5.0,0.05132460966706276,12.0,minimum_jerk,8
1785142937970004034,9.997091293334961,19.498097896575928,5.000482082366943,0.14366522431373596,-0.006797910202294588,0.14436204731464386,0.019625697284936905,14.039487838745117,0.003508700057864189,world,969937443,1785142937,0.4305834472179413,True,True,True,True,3.469615142250691,-1.2150883959548437,0.04605249950717738,0.489094078540802,True,0.42356789112091064,True,1.9060555696487427,True,5,normal,12.198755264282227,-1.7763568394002505e-15,0.0,8.881784197001252e-16,0.3474438904150803,-0.15642614281710465,0.18499560136761928,10.0,19.5,5.0,0.0,0.0,0.0,12.0,0.0,-0.006384043954312801,24.005072913132608,-0.3278733193874359,10.0,19.5,5.0,0.003508700057864189,12.0,minimum_jerk,8
1785142938070009653,10.011846542358398,19.494272708892822,5.001059532165527,0.14287884533405304,-0.007795319426804781,-0.5504555106163025,0.019625697284936905,14.139483451843262,0.013200948014855385,world,69934536,1785142938,0.4305834472179413,True,True,True,True,3.085839695095739,-1.1938541269930534,3.388422214823126,0.489094078540802,True,0.42356789112091064,True,1.9060555696487427,True,5,normal,12.198755264282227,-1.7763568394002505e-15,0.0,8.881784197001252e-16,0.3474438904150803,-0.15642614281710465,0.18499560136761928,10.0,19.5,5.0,0.0,0.0,0.0,12.0,0.0,-0.006384043954312801,24.005072913132608,-0.3278733193874359,10.0,19.5,5.0,0.013200948014855385,12.0,minimum_jerk,8
1785142938169991648,10.023967742919922,19.491899967193604,4.94913911819458,0.10421329736709595,0.00957327987998724,-0.6658810377120972,0.019625697284936905,14.239471435546875,0.056805744767189026,world,169921040,1785142938,0.4305834472179413,True,True,True,True,2.90993879525591,-1.214456611071677,8.0,0.489094078540802,True,0.42356789112091064,True,1.9060555696487427,True,5,normal,12.198755264282227,-1.7763568394002505e-15,0.0,8.881784197001252e-16,0.3474438904150803,-0.15642614281710465,0.18499560136761928,10.0,19.5,5.0,0.0,0.0,0.0,12.0,0.0,-0.006384043954312801,24.005072913132608,-0.3278733193874359,10.0,19.5,5.0,0.056805744767189026,12.0,minimum_jerk,8
1785142938269954009,10.023926734924316,19.49046802520752,4.958234786987305,-0.04646070674061775,0.06459987163543701,0.06538368761539459,0.019625697284936905,14.339457511901855,0.04906811937689781,world,269904579,1785142938,0.4305834472179413,True,True,True,True,3.2512000528110323,-1.1875908383739162,4.779486281270938,0.489094078540802,True,0.42356789112091064,True,1.9060555696487427,True,5,normal,12.198755264282227,-1.7763568394002505e-15,0.0,8.881784197001252e-16,0.3474438904150803,-0.15642614281710465,0.18499560136761928,10.0,19.5,5.0,0.0,0.0,0.0,12.0,0.0,-0.006384043954312801,24.005072913132608,-0.3278733193874359,10.0,19.5,5.0,0.04906811937689781,12.0,minimum_jerk,8
1785142938369972441,10.01198673248291,19.494919776916504,5.003898620605469,-0.1332361251115799,0.09008951485157013,0.1539665162563324,0.019625697284936905,14.439465522766113,0.013590057380497456,world,369914997,1785142938,0.4305834472179413,True,True,True,True,4.048235767865318,-1.4851374336952425,0.2719664385560585,0.489094078540802,True,0.42356789112091064,True,1.9060555696487427,True,5,normal,12.198755264282227,-1.7763568394002505e-15,0.0,8.881784197001252e-16,0.3474438904150803,-0.15642614281710465,0.18499560136761928,10.0,19.5,5.0,0.0,0.0,0.0,12.0,0.0,-0.006384043954312801,24.005072913132608,-0.3278733193874359,10.0,19.5,5.0,0.013590057380497456,12.0,minimum_jerk,8
1785142938469963914,9.99693489074707,19.501441955566406,5.0090131759643555,-0.14329661428928375,0.09083884209394455,-0.44650787115097046,0.019625697284936905,14.539453506469727,0.009628679603338242,world,469901961,1785142938,0.4305834472179413,True,True,True,True,4.529073981329978,-1.7309279041274526,3.25994072683797,0.489094078540802,True,0.42356789112091064,True,1.9060555696487427,True,5,normal,12.198755264282227,-1.7763568394002505e-15,0.0,8.881784197001252e-16,0.3474438904150803,-0.15642614281710465,0.18499560136761928,10.0,19.5,5.0,0.0,0.0,0.0,12.0,0.0,-0.006384043954312801,24.005072913132608,-0.3278733193874359,10.0,19.5,5.0,0.009628679603338242,12.0,minimum_jerk,8
1785142938569965035,9.981836318969727,19.50831699371338,4.957600116729736,-0.11244877427816391,0.0780823603272438,-0.6529424786567688,0.019625697284936905,14.639443397521973,0.04687047749757767,world,569891711,1785142938,0.4305834472179413,True,True,True,True,4.736814536874492,-1.8782662680301674,8.0,0.489094078540802,True,0.42356789112091064,True,1.9060555696487427,True,5,normal,12.198755264282227,-1.7763568394002505e-15,0.0,8.881784197001252e-16,0.3474438904150803,-0.15642614281710465,0.18499560136761928,10.0,19.5,5.0,0.0,0.0,0.0,12.0,0.0,-0.006384043954312801,24.005072913132608,-0.3278733193874359,10.0,19.5,5.0,0.04687047749757767,12.0,minimum_jerk,8
1785142938669965143,9.977278709411621,19.5060715675354,4.9664435386657715,0.04462764784693718,0.020015636458992958,0.07257235795259476,0.019625697284936905,14.739441871643066,0.04097751900553703,world,669893423,1785142938,0.4305834472179413,True,True,True,True,4.513448466461638,-1.5338176740288507,4.560271507835048,0.489094078540802,True,0.42356789112091064,True,1.9060555696487427,True,5,normal,12.198755264282227,-1.7763568394002505e-15,0.0,8.881784197001252e-16,0.3474438904150803,-0.15642614281710465,0.18499560136761928,10.0,19.5,5.0,0.0,0.0,0.0,12.0,0.0,-0.006384043954312801,24.005072913132608,-0.3278733193874359,10.0,19.5,5.0,0.04097751900553703,12.0,minimum_jerk,8
1785142938769947741,9.98728084564209,19.500810623168945,5.012020587921143,0.14176258444786072,-0.017876174300909042,0.15460631251335144,0.019625697284936905,14.839433670043945,0.017519375309348106,world,769881921,1785142938,0.4305834472179413,True,True,True,True,3.699519994870395,-1.2203627641749184,0.2902288268838271,0.489094078540802,True,0.42356789112091064,True,1.9060555696487427,True,5,normal,12.198755264282227,-1.7763568394002505e-15,0.0,8.881784197001252e-16,0.3474438904150803,-0.15642614281710465,0.18499560136761928,10.0,19.5,5.0,0.0,0.0,0.0,12.0,0.0,-0.006384043954312801,24.005072913132608,-0.3278733193874359,10.0,19.5,5.0,0.017519375309348106,12.0,minimum_jerk,8
1785142938869943051,10.0028076171875,19.494959354400635,5.013485431671143,0.15264053642749786,-0.02309461310505867,-0.5047975182533264,0.019625697284936905,14.939425468444824,0.014667913317680359,world,869872673,1785142938,0.4305834472179413,True,True,True,True,3.171605526535505,-1.1075384625249067,3.1865691462001444,0.489094078540802,True,0.42356789112091064,True,1.9060555696487427,True,5,normal,12.198755264282227,-1.7763568394002505e-15,0.0,8.881784197001252e-16,0.3474438904150803,-0.15642614281710465,0.18499560136761928,10.0,19.5,5.0,0.0,0.0,0.0,12.0,0.0,-0.006384043954312801,24.005072913132608,-0.3278733193874359,10.0,19.5,5.0,0.014667913317680359,12.0,minimum_jerk,8
1785142938969937990,10.016389846801758,19.490540504455566,4.96360969543457,0.13251616060733795,-0.01097559928894043,-0.6523295044898987,0.019625697284936905,15.0394287109375,0.04101662337779999,world,969878933,1785142938,0.4305834472179413,True,True,True,True,2.8977850101326323,-1.0765309766748186,8.0,0.489094078540802,True,0.42356789112091064,True,1.9060555696487427,True,5,normal,12.198755264282227,-1.7763568394002505e-15,0.0,8.881784197001252e-16,0.3474438904150803,-0.15642614281710465,0.18499560136761928,10.0,19.5,5.0,0.0,0.0,0.0,12.0,0.0,-0.006384043954312801,24.005072913132608,-0.3278733193874359,10.0,19.5,5.0,0.04101662337779999,12.0,minimum_jerk,8
1785142939069925474,10.01750659942627,19.4876766204834,4.972582817077637,-0.003872751025483012,0.05184201896190643,0.05965287610888481,0.019625697284936905,15.139420509338379,0.03478575497865677,world,69870574,1785142939,0.4305834472179413,True,True,True,True,3.300135788951393,-1.059072176023287,4.4131515846465525,0.489094078540802,True,0.42356789112091064,True,1.9060555696487427,True,5,normal,12.198755264282227,-1.7763568394002505e-15,0.0,8.881784197001252e-16,0.3474438904150803,-0.15642614281710465,0.18499560136761928,10.0,19.5,5.0,0.0,0.0,0.0,12.0,0.0,-0.006384043954312801,24.005072913132608,-0.3278733193874359,10.0,19.5,5.0,0.03478575497865677,12.0,minimum_jerk,8
1785142939169941150,10.007423400878906,19.491910934448242,5.017314434051514,-0.0951741561293602,0.08927944302558899,0.1349765807390213,0.019625697284936905,15.239402770996094,0.020501939579844475,world,169849894,1785142939,0.4305834472179413,True,True,True,True,4.042461158865815,-1.3964474803176719,0.18374407561787054,0.489094078540802,True,0.42356789112091064,True,1.9060555696487427,True,5,normal,12.198755264282227,-1.7763568394002505e-15,0.0,8.881784197001252e-16,0.3474438904150803,-0.15642614281710465,0.18499560136761928,10.0,19.5,5.0,0.0,0.0,0.0,12.0,0.0,-0.006384043954312801,24.005072913132608,-0.3278733193874359,10.0,19.5,5.0,0.020501939579844475,12.0,minimum_jerk,8
1785142939269912404,9.993204116821289,19.499399662017822,5.01741361618042,-0.1100291982293129,0.09414158016443253,-0.5157609581947327,0.019625697284936905,15.33940315246582,0.018702365458011627,world,269851193,1785142939,0.4305834472179413,True,True,True,True,4.492845256631944,-1.685777570187603,3.082216948369188,0.489094078540802,True,0.42356789112091064,True,1.9060555696487427,True,5,normal,12.198755264282227,-1.7763568394002505e-15,0.0,8.881784197001252e-16,0.3474438904150803,-0.15642614281710465,0.18499560136761928,10.0,19.5,5.0,0.0,0.0,0.0,12.0,0.0,-0.006384043954312801,24.005072913132608,-0.3278733193874359,10.0,19.5,5.0,0.018702365458011627,12.0,minimum_jerk,8
1785142939369901662,9.981344223022461,19.50643825531006,4.96928071975708,-0.08740825206041336,0.08847523480653763,-0.622648298740387,0.019625697284936905,15.439375877380371,0.03651250898838043,world,369826886,1785142939,0.4305834472179413,True,True,True,True,4.675697419071392,-1.8533837908551702,8.0,0.489094078540802,True,0.42356789112091064,True,1.9060555696487427,True,5,normal,12.198755264282227,-1.7763568394002505e-15,0.0,8.881784197001252e-16,0.3474438904150803,-0.15642614281710465,0.18499560136761928,10.0,19.5,5.0,0.0,0.0,0.0,12.0,0.0,-0.006384043954312801,24.005072913132608,-0.3278733193874359,10.0,19.5,5.0,0.03651250898838043,12.0,minimum_jerk,8
1785142939470024442,9.981094360351562,19.505033493041992,4.9810919761657715,0.05349058657884598,0.03393488749861717,0.0984390452504158,0.019625697284936905,15.539401054382324,0.027207951992750168,world,469853231,1785142939,0.4305834472179413,True,True,True,True,4.307818325834088,-1.5235852351778423,3.9730332236219663,0.489094078540802,True,0.42356789112091064,True,1.9060555696487427,True,5,normal,12.198755264282227,-1.7763568394002505e-15,0.0,8.881784197001252e-16,0.3474438904150803,-0.15642614281710465,0.18499560136761928,10.0,19.5,5.0,0.0,0.0,0.0,12.0,0.0,-0.006384043954312801,24.005072913132608,-0.3278733193874359,10.0,19.5,5.0,0.027207951992750168,12.0,minimum_jerk,8
1785142939569926982,9.992627143859863,19.500760078430176,5.024705410003662,0.1316749006509781,-0.0040879319421947,0.09895814210176468,0.019625697284936905,15.639387130737305,0.025793293491005898,world,569835075,1785142939,0.4305834472179413,True,True,True,True,3.5282960270464114,-1.2338697722630103,0.056561925745290065,0.489094078540802,True,0.42356789112091064,True,1.9060555696487427,True,5,normal,12.198755264282227,-1.7763568394002505e-15,0.0,8.881784197001252e-16,0.3474438904150803,-0.15642614281710465,0.18499560136761928,10.0,19.5,5.0,0.0,0.0,0.0,12.0,0.0,-0.006384043954312801,24.005072913132608,-0.3278733193874359,10.0,19.5,5.0,0.025793293491005898,12.0,minimum_jerk,8
1785142939669906041,10.008294105529785,19.49587345123291,5.019702434539795,0.13852106034755707,-0.012132469564676285,-0.5540198087692261,0.019625697284936905,15.739378929138184,0.021771689876914024,world,669826526,1785142939,0.4305834472179413,True,True,True,True,3.0904389540551023,-1.1315265356343465,3.3755305734479157,0.489094078540802,True,0.42356789112091064,True,1.9060555696487427,True,5,normal,12.198755264282227,-1.7763568394002505e-15,0.0,8.881784197001252e-16,0.3474438904150803,-0.15642614281710465,0.18499560136761928,10.0,19.5,5.0,0.0,0.0,0.0,12.0,0.0,-0.006384043954312801,24.005072913132608,-0.3278733193874359,10.0,19.5,5.0,0.021771689876914024,12.0,minimum_jerk,8
1785142939769896510,10.020858764648438,19.492361545562744,4.9693498611450195,0.10600609332323074,-0.004579294938594103,-0.6072527766227722,0.019625697284936905,15.839377403259277,0.03785320371389389,world,769827174,1785142939,0.4305834472179413,True,True,True,True,2.8568890666914957,-1.1027185329279943,8.0,0.489094078540802,True,0.42356789112091064,True,1.9060555696487427,True,5,normal,12.198755264282227,-1.7763568394002505e-15,0.0,8.881784197001252e-16,0.3474438904150803,-0.15642614281710465,0.18499560136761928,10.0,19.5,5.0,0.0,0.0,0.0,12.0,0.0,-0.006384043954312801,24.005072913132608,-0.3278733193874359,10.0,19.5,5.0,0.03785320371389389,12.0,minimum_jerk,8
1785142939869864068,10.015975952148438,19.492631912231445,4.983792304992676,-0.04426209628582001,0.04795776307582855,0.11147823929786682,0.019625697284936905,15.939369201660156,0.023920893669128418,world,869817363,1785142939,0.4305834472179413,True,True,True,True,3.519783645941044,-1.2171241308315106,3.667157088755292,0.489094078540802,True,0.42356789112091064,True,1.9060555696487427,True,5,normal,12.198755264282227,-1.7763568394002505e-15,0.0,8.881784197001252e-16,0.3474438904150803,-0.15642614281710465,0.18499560136761928,10.0,19.5,5.0,0.0,0.0,0.0,12.0,0.0,-0.006384043954312801,24.005072913132608,-0.3278733193874359,10.0,19.5,5.0,0.023920893669128418,12.0,minimum_jerk,8
1785142939969909508,10.001086235046387,19.498043537139893,5.028997898101807,-0.12124578654766083,0.07607987523078918,0.09589862823486328,0.019625697284936905,16.039392471313477,0.029084114357829094,world,969848066,1785142939,0.4305834472179413,True,True,True,True,4.389694273056073,-1.547009387081853,-0.25580353618215845,0.489094078540802,True,0.42356789112091064,True,1.9060555696487427,True,5,normal,12.198755264282227,-1.7763568394002505e-15,0.0,8.881784197001252e-16,0.3474438904150803,-0.15642614281710465,0.18499560136761928,10.0,19.5,5.0,0.0,0.0,0.0,12.0,0.0,-0.006384043954312801,24.005072913132608,-0.3278733193874359,10.0,19.5,5.0,0.029084114357829094,12.0,minimum_jerk,8
1785142940069881552,9.983278274536133,19.50560712814331,5.022887706756592,-0.12856066226959229,0.07760276645421982,-0.5825794339179993,0.019625697284936905,16.13935089111328,0.028894690796732903,world,69797680,1785142940,0.4305834472179413,True,True,True,True,4.8009468092747465,-1.7681904952783802,3.27199580898782,0.489094078540802,True,0.42356789112091064,True,1.9060555696487427,True,5,normal,12.198755264282227,-1.7763568394002505e-15,0.0,8.881784197001252e-16,0.3474438904150803,-0.15642614281710465,0.18499560136761928,10.0,19.5,5.0,0.0,0.0,0.0,12.0,0.0,-0.006384043954312801,24.005072913132608,-0.3278733193874359,10.0,19.5,5.0,0.028894690796732903,12.0,minimum_jerk,8
1785142940169853817,9.969782829284668,19.512329578399658,4.971135139465332,-0.07470233738422394,0.06292170286178589,-0.6144747734069824,0.019625697284936905,16.23934555053711,0.043569210916757584,world,169796113,1785142940,0.4305834472179413,True,True,True,True,4.957007258299968,-1.8979606326813907,8.0,0.489094078540802,True,0.42356789112091064,True,1.9060555696487427,True,5,normal,12.198755264282227,-1.7763568394002505e-15,0.0,8.881784197001252e-16,0.3474438904150803,-0.15642614281710465,0.18499560136761928,10.0,19.5,5.0,0.0,0.0,0.0,12.0,0.0,-0.006384043954312801,24.005072913132608,-0.3278733193874359,10.0,19.5,5.0,0.043569210916757584,12.0,minimum_jerk,8
1785142940269868349,9.9711332321167,19.51346206665039,4.984281063079834,0.10534273087978363,0.00274108094163239,0.05804142728447914,0.019625697284936905,16.339357376098633,0.03551904484629631,world,269807148,1785142940,0.4305834472179413,True,True,True,True,4.434671178737053,-1.7251772993463854,3.318016960563021,0.489094078540802,True,0.42356789112091064,True,1.9060555696487427,True,5,normal,12.198755264282227,-1.7763568394002505e-15,0.0,8.881784197001252e-16,0.3474438904150803,-0.15642614281710465,0.18499560136761928,10.0,19.5,5.0,0.0,0.0,0.0,12.0,0.0,-0.006384043954312801,24.005072913132608,-0.3278733193874359,10.0,19.5,5.0,0.03551904484629631,12.0,minimum_jerk,8
1785142940369818544,9.989561080932617,19.509353160858154,5.032083511352539,0.21076145768165588,-0.04231132194399834,0.07220438122749329,0.019625697284936905,16.439332962036133,0.03501148894429207,world,369780746,1785142940,0.4305834472179413,True,True,True,True,3.4293703112104237,-1.4257503200799064,-0.056064968020490547,0.489094078540802,True,0.42356789112091064,True,1.9060555696487427,True,5,normal,12.198755264282227,-1.7763568394002505e-15,0.0,8.881784197001252e-16,0.3474438904150803,-0.15642614281710465,0.18499560136761928,10.0,19.5,5.0,0.0,0.0,0.0,12.0,0.0,-0.006384043954312801,24.005072913132608,-0.3278733193874359,10.0,19.5,5.0,0.03501148894429207,12.0,minimum_jerk,8
1785142940469840219,10.012350082397461,19.50366497039795,5.024947166442871,0.2156066745519638,-0.05025611072778702,-0.5896658301353455,0.019625697284936905,16.539337158203125,0.02807699516415596,world,469785259,1785142940,0.4305834472179413,True,True,True,True,2.762871697286096,-1.2354815310838692,3.0829824787598734,0.489094078540802,True,0.42356789112091064,True,1.9060555696487427,True,5,normal,12.198755264282227,-1.7763568394002505e-15,0.0,8.881784197001252e-16,0.3474438904150803,-0.15642614281710465,0.18499560136761928,10.0,19.5,5.0,0.0,0.0,0.0,12.0,0.0,-0.006384043954312801,24.005072913132608,-0.3278733193874359,10.0,19.5,5.0,0.02807699516415596,12.0,minimum_jerk,8
1785142940569828333,10.031293869018555,19.49842405319214,4.973167419433594,0.15848901867866516,-0.04911410063505173,-0.621505856513977,0.019625697284936905,16.639326095581055,0.04125260189175606,world,569773654,1785142940,0.4305834472179413,True,True,True,True,2.4487577697285285,-1.1534856598149288,8.0,0.489094078540802,True,0.42356789112091064,True,1.9060555696487427,True,5,normal,12.198755264282227,-1.7763568394002505e-15,0.0,8.881784197001252e-16,0.3474438904150803,-0.15642614281710465,0.18499560136761928,10.0,19.5,5.0,0.0,0.0,0.0,12.0,0.0,-0.006384043954312801,24.005072913132608,-0.3278733193874359,10.0,19.5,5.0,0.04125260189175606,12.0,minimum_jerk,8
1785142940669893677,10.033143997192383,19.49450969696045,4.989490032196045,-0.06469286978244781,-0.006822062656283379,0.08450096100568771,0.019625697284936905,16.739347457885742,0.035201240330934525,world,669800408,1785142940,0.4305834472179413,True,True,True,True,2.98999499689673,-1.1410704778812386,3.1609277397830287,0.489094078540802,True,0.42356789112091064,True,1.9060555696487427,True,5,normal,12.198755264282227,-1.7763568394002505e-15,0.0,8.881784197001252e-16,0.3474438904150803,-0.15642614281710465,0.18499560136761928,10.0,19.5,5.0,0.0,0.0,0.0,12.0,0.0,-0.006384043954312801,24.005072913132608,-0.3278733193874359,10.0,19.5,5.0,0.035201240330934525,12.0,minimum_jerk,8
1785142940769810382,10.017488479614258,19.495341300964355,5.031822204589844,-0.1786983162164688,0.022510956972837448,0.029619276523590088,0.019625697284936905,16.839317321777344,0.03660878539085388,world,769765660,1785142940,0.4305834472179413,True,True,True,True,4.121079189642884,-1.3407641394137764,-0.3208100267045788,0.489094078540802,True,0.42356789112091064,True,1.9060555696487427,True,5,normal,12.198755264282227,-1.7763568394002505e-15,0.0,8.881784197001252e-16,0.3474438904150803,-0.15642614281710465,0.18499560136761928,10.0,19.5,5.0,0.0,0.0,0.0,12.0,0.0,-0.006384043954312801,24.005072913132608,-0.3278733193874359,10.0,19.5,5.0,0.03660878539085388,12.0,minimum_jerk,8
1785142940869830644,9.996005058288574,19.49817705154419,5.021549701690674,-0.19530707597732544,0.031340114772319794,-0.6166200637817383,0.019625697284936905,16.93931770324707,0.021992551162838936,world,869768311,1785142940,0.4305834472179413,True,True,True,True,4.755970971025908,-1.5015670516665007,3.3827188089531646,0.489094078540802,True,0.42356789112091064,True,1.9060555696487427,True,5,normal,12.198755264282227,-1.7763568394002505e-15,0.0,8.881784197001252e-16,0.3474438904150803,-0.15642614281710465,0.18499560136761928,10.0,19.5,5.0,0.0,0.0,0.0,12.0,0.0,-0.006384043954312801,24.005072913132608,-0.3278733193874359,10.0,19.5,5.0,0.021992551162838936,12.0,minimum_jerk,8
1785142940969811625,9.977739334106445,19.50153636932373,4.971166133880615,-0.15016549825668335,0.043167341500520706,-0.573887825012207,0.019625697284936905,17.039310455322266,0.03645942360162735,world,969760823,1785142940,0.4305834472179413,True,True,True,True,5.0,-1.6071316956429558,8.0,0.489094078540802,True,0.42356789112091064,True,1.9060555696487427,True,5,normal,12.198755264282227,-1.7763568394002505e-15,0.0,8.881784197001252e-16,0.3474438904150803,-0.15642614281710465,0.18499560136761928,10.0,19.5,5.0,0.0,0.0,0.0,12.0,0.0,-0.006384043954312801,24.005072913132608,-0.3278733193874359,10.0,19.5,5.0,0.03645942360162735,12.0,minimum_jerk,8
1785142941069824292,9.975556373596191,19.501477241516113,4.995019912719727,0.05623249709606171,0.03211572393774986,0.14792846143245697,0.019625697284936905,17.139299392700195,0.02498948574066162,world,69747623,1785142941,0.4305834472179413,True,True,True,True,4.561971542861247,-1.4782835961504146,2.4768387341789597,0.489094078540802,True,0.42356789112091064,True,1.9060555696487427,True,5,normal,12.198755264282227,-1.7763568394002505e-15,0.0,8.881784197001252e-16,0.3474438904150803,-0.15642614281710465,0.18499560136761928,10.0,19.5,5.0,0.0,0.0,0.0,12.0,0.0,-0.006384043954312801,24.005072913132608,-0.3278733193874359,10.0,19.5,5.0,0.02498948574066162,12.0,minimum_jerk,8
1785142941169790826,9.98935317993164,19.501007080078125,5.0401458740234375,0.1520993709564209,0.01779434084892273,0.007257109507918358,0.019625697284936905,17.239290237426758,0.04154587909579277,world,169739102,1785142941,0.4305834472179413,True,True,True,True,3.506530713642686,-1.412210513125082,-0.829770654619362,0.489094078540802,True,0.42356789112091064,True,1.9060555696487427,True,5,normal,12.198755264282227,-1.7763568394002505e-15,0.0,8.881784197001252e-16,0.3474438904150803,-0.15642614281710465,0.18499560136761928,10.0,19.5,5.0,0.0,0.0,0.0,12.0,0.0,-0.006384043954312801,24.005072913132608,-0.3278733193874359,10.0,19.5,5.0,0.04154587909579277,12.0,minimum_jerk,8
1785142941269803303,10.007857322692871,19.500611305236816,5.02586555480957,0.16360323131084442,0.012267411686480045,-0.6732759475708008,0.019625697284936905,17.33928680419922,0.02703956700861454,world,269736471,1785142941,0.4305834472179413,True,True,True,True,2.946073668011428,-1.4052115958911526,3.3854995371294385,0.489094078540802,True,0.42356789112091064,True,1.9060555696487427,True,5,normal,12.198755264282227,-1.7763568394002505e-15,0.0,8.881784197001252e-16,0.3474438904150803,-0.15642614281710465,0.18499560136761928,10.0,19.5,5.0,0.0,0.0,0.0,12.0,0.0,-0.006384043954312801,24.005072913132608,-0.3278733193874359,10.0,19.5,5.0,0.02703956700861454,12.0,minimum_jerk,8
1785142941369781066,10.023580551147461,19.50023651123047,4.972646713256836,0.12916620075702667,0.004663181025534868,-0.585267961025238,0.019625697284936905,17.439281463623047,0.03611510246992111,world,369730635,1785142941,0.4305834472179413,True,True,True,True,2.701570425645105,-1.4129232698287917,8.0,0.489094078540802,True,0.42356789112091064,True,1.9060555696487427,True,5,normal,12.198755264282227,-1.7763568394002505e-15,0.0,8.881784197001252e-16,0.3474438904150803,-0.15642614281710465,0.18499560136761928,10.0,19.5,5.0,0.0,0.0,0.0,12.0,0.0,-0.006384043954312801,24.005072913132608,-0.3278733193874359,10.0,19.5,5.0,0.03611510246992111,12.0,minimum_jerk,8
1785142941469800005,10.02463150024414,19.499237537384033,4.9931111335754395,-0.035591427236795425,0.005756879225373268,0.09843046963214874,0.019625697284936905,17.539276123046875,0.025588056072592735,world,469726011,1785142941,0.4305834472179413,True,True,True,True,3.191672464873667,-1.3672927955511545,2.2624280081522867,0.489094078540802,True,0.42356789112091064,True,1.9060555696487427,True,5,normal,12.198755264282227,-1.7763568394002505e-15,0.0,8.881784197001252e-16,0.3474438904150803,-0.15642614281710465,0.18499560136761928,10.0,19.5,5.0,0.0,0.0,0.0,12.0,0.0,-0.006384043954312801,24.005072913132608,-0.3278733193874359,10.0,19.5,5.0,0.025588056072592735,12.0,minimum_jerk,8
1785142941569772700,10.010843276977539,19.49922800064087,5.042685031890869,-0.138236403465271,0.010082440450787544,0.012232721783220768,0.019625697284936905,17.63926887512207,0.0440475270152092,world,569719163,1785142941,0.4305834472179413,True,True,True,True,4.130272604734513,-1.3948724281003124,-1.1683623307599786,0.489094078540802,True,0.42356789112091064,True,1.9060555696487427,True,5,normal,12.198755264282227,-1.7763568394002505e-15,0.0,8.881784197001252e-16,0.3474438904150803,-0.15642614281710465,0.18499560136761928,10.0,19.5,5.0,0.0,0.0,0.0,12.0,0.0,-0.006384043954312801,24.005072913132608,-0.3278733193874359,10.0,19.5,5.0,0.0440475270152092,12.0,minimum_jerk,8
1785142941669763297,9.993522644042969,19.499844551086426,5.0289387702941895,-0.15052033960819244,0.00988001748919487,-0.6836682558059692,0.019625697284936905,17.7392635345459,0.029655231162905693,world,669712565,1785142941,0.4305834472179413,True,True,True,True,4.610947179544456,-1.4389395315994584,3.1591202804803293,0.489094078540802,True,0.42356789112091064,True,1.9060555696487427,True,5,normal,12.198755264282227,-1.7763568394002505e-15,0.0,8.881784197001252e-16,0.3474438904150803,-0.15642614281710465,0.18499560136761928,10.0,19.5,5.0,0.0,0.0,0.0,12.0,0.0,-0.006384043954312801,24.005072913132608,-0.3278733193874359,10.0,19.5,5.0,0.029655231162905693,12.0,minimum_jerk,8
1785142941769786023,9.978700637817383,19.50057315826416,4.973776340484619,-0.11594173312187195,0.012676728889346123,-0.6103494167327881,0.019625697284936905,17.83926010131836,0.03378863260149956,world,769707530,1785142941,0.4305834472179413,True,True,True,True,4.834702710101222,-1.4700700238181161,8.0,0.489094078540802,True,0.42356789112091064,True,1.9060555696487427,True,5,normal,12.198755264282227,-1.7763568394002505e-15,0.0,8.881784197001252e-16,0.3474438904150803,-0.15642614281710465,0.18499560136761928,10.0,19.5,5.0,0.0,0.0,0.0,12.0,0.0,-0.006384043954312801,24.005072913132608,-0.3278733193874359,10.0,19.5,5.0,0.03378863260149956,12.0,minimum_jerk,8
1785142941869769587,9.976396560668945,19.499596118927002,4.996835231781006,0.057412829250097275,0.013358219526708126,0.13486649096012115,0.019625697284936905,17.93924903869629,0.023818086832761765,world,869696655,1785142941,0.4305834472179413,True,True,True,True,4.484999233451095,-1.387501127385033,2.2037708867725296,0.489094078540802,True,0.42356789112091064,True,1.9060555696487427,True,5,normal,12.198755264282227,-1.7763568394002505e-15,0.0,8.881784197001252e-16,0.3474438904150803,-0.15642614281710465,0.18499560136761928,10.0,19.5,5.0,0.0,0.0,0.0,12.0,0.0,-0.006384043954312801,24.005072913132608,-0.3278733193874359,10.0,19.5,5.0,0.023818086832761765,12.0,minimum_jerk,8
1785142941969806979,9.987987518310547,19.499345779418945,5.042369842529297,0.13859711587429047,0.011128628626465797,0.0021133306436240673,0.019625697284936905,18.039255142211914,0.044044651091098785,world,969709903,1785142941,0.4305834472179413,True,True,True,True,3.6034138627457284,-1.387546379450899,-1.201705062954511,0.489094078540802,True,0.42356789112091064,True,1.9060555696487427,True,5,normal,12.198755264282227,-1.7763568394002505e-15,0.0,8.881784197001252e-16,0.3474438904150803,-0.15642614281710465,0.18499560136761928,10.0,19.5,5.0,0.0,0.0,0.0,12.0,0.0,-0.006384043954312801,24.005072913132608,-0.3278733193874359,10.0,19.5,5.0,0.044044651091098785,12.0,minimum_jerk,8
1785142942069728650,10.003885269165039,19.49944829940796,5.027918338775635,0.14812594652175903,0.00978124514222145,-0.6860266923904419,0.019625697284936905,18.139232635498047,0.028192788362503052,world,69680643,1785142942,0.4305834472179413,True,True,True,True,3.1153941019930276,-1.411125175199341,3.0420386784907643,0.489094078540802,True,0.42356789112091064,True,1.9060555696487427,True,5,normal,12.198755264282227,-1.7763568394002505e-15,0.0,8.881784197001252e-16,0.3474438904150803,-0.15642614281710465,0.18499560136761928,10.0,19.5,5.0,0.0,0.0,0.0,12.0,0.0,-0.006384043954312801,24.005072913132608,-0.3278733193874359,10.0,19.5,5.0,0.028192788362503052,12.0,minimum_jerk,8
1785142942169733372,10.017749786376953,19.499666690826416,4.97200345993042,0.1203065738081932,0.010566283948719501,-0.6261228322982788,0.019625697284936905,18.239229202270508,0.033150751143693924,world,169676409,1785142942,0.4305834472179413,True,True,True,True,2.8916108345867,-1.4320988992577128,8.0,0.489094078540802,True,0.42356789112091064,True,1.9060555696487427,True,5,normal,12.198755264282227,-1.7763568394002505e-15,0.0,8.881784197001252e-16,0.3474438904150803,-0.15642614281710465,0.18499560136761928,10.0,19.5,5.0,0.0,0.0,0.0,12.0,0.0,-0.006384043954312801,24.005072913132608,-0.3278733193874359,10.0,19.5,5.0,0.033150751143693924,12.0,minimum_jerk,8
1785142942269737583,10.020111083984375,19.498350620269775,4.9895243644714355,-0.020499693229794502,0.01278075110167265,0.08542893081903458,0.019625697284936905,18.339223861694336,0.02273576706647873,world,269670922,1785142942,0.4305834472179413,True,True,True,True,3.242967891059901,-1.346114429489995,2.259330279802462,0.489094078540802,True,0.42356789112091064,True,1.9060555696487427,True,5,normal,12.198755264282227,-1.7763568394002505e-15,0.0,8.881784197001252e-16,0.3474438904150803,-0.15642614281710465,0.18499560136761928,10.0,19.5,5.0,0.0,0.0,0.0,12.0,0.0,-0.006384043954312801,24.005072913132608,-0.3278733193874359,10.0,19.5,5.0,0.02273576706647873,12.0,minimum_jerk,8
1785142942369743117,10.009378433227539,19.49792194366455,5.04036808013916,-0.11337973922491074,0.013268766924738884,0.04147621616721153,0.019625697284936905,18.439224243164062,0.041495244950056076,world,369673320,1785142942,0.4305834472179413,True,True,True,True,4.03461860915977,-1.3532556438246774,-1.4830998947286673,0.489094078540802,True,0.42356789112091064,True,1.9060555696487427,True,5,normal,12.198755264282227,-1.7763568394002505e-15,0.0,8.881784197001252e-16,0.3474438904150803,-0.15642614281710465,0.18499560136761928,10.0,19.5,5.0,0.0,0.0,0.0,12.0,0.0,-0.006384043954312801,24.005072913132608,-0.3278733193874359,10.0,19.5,5.0,0.041495244950056076,12.0,minimum_jerk,8
1785142942469750914,9.995147705078125,19.498145580291748,5.029349327087402,-0.12563063204288483,0.013269470073282719,-0.6636324524879456,0.019625697284936905,18.539226531982422,0.02980547957122326,world,469676249,1785142942,0.4305834472179413,True,True,True,True,4.467878676752575,-1.3891892973537014,2.7000670026046665,0.489094078540802,True,0.42356789112091064,True,1.9060555696487427,True,5,normal,12.198755264282227,-1.7763568394002505e-15,0.0,8.881784197001252e-16,0.3474438904150803,-0.15642614281710465,0.18499560136761928,10.0,19.5,5.0,0.0,0.0,0.0,12.0,0.0,-0.006384043954312801,24.005072913132608,-0.3278733193874359,10.0,19.5,5.0,0.02980547957122326,12.0,minimum_jerk,8
1785142942569704593,9.982991218566895,19.498700618743896,4.973154067993164,-0.10310158878564835,0.01674121618270874,-0.6635656356811523,0.019625697284936905,18.639209747314453,0.03180709108710289,world,569657318,1785142942,0.4305834472179413,True,True,True,True,4.66596903148561,-1.423858221860858,8.0,0.489094078540802,True,0.42356789112091064,True,1.9060555696487427,True,5,normal,12.198755264282227,-1.7763568394002505e-15,0.0,8.881784197001252e-16,0.3474438904150803,-0.15642614281710465,0.18499560136761928,10.0,19.5,5.0,0.0,0.0,0.0,12.0,0.0,-0.006384043954312801,24.005072913132608,-0.3278733193874359,10.0,19.5,5.0,0.03180709108710289,12.0,minimum_jerk,8
1785142942669711960,9.982600212097168,19.49793815612793,4.987432479858398,0.02733139507472515,0.021279308944940567,0.04813666269183159,0.019625697284936905,18.73920249938965,0.021562615409493446,world,669650198,1785142942,0.4305834472179413,True,True,True,True,4.27171577429155,-1.3555889504916723,2.4302597549859675,0.489094078540802,True,0.42356789112091064,True,1.9060555696487427,True,5,normal,12.198755264282227,-1.7763568394002505e-15,0.0,8.881784197001252e-16,0.3474438904150803,-0.15642614281710465,0.18499560136761928,10.0,19.5,5.0,0.0,0.0,0.0,12.0,0.0,-0.006384043954312801,24.005072913132608,-0.3278733193874359,10.0,19.5,5.0,0.021562615409493446,12.0,minimum_jerk,8
1785142942769722002,9.994514465332031,19.49824619293213,5.037587642669678,0.11530368775129318,0.02107008546590805,0.053689613938331604,0.019625697284936905,18.839202880859375,0.03802627697587013,world,769652255,1785142942,0.4305834472179413,True,True,True,True,3.492651392820133,-1.3809234249804834,-1.4793275592174482,0.489094078540802,True,0.42356789112091064,True,1.9060555696487427,True,5,normal,12.198755264282227,-1.7763568394002505e-15,0.0,8.881784197001252e-16,0.3474438904150803,-0.15642614281710465,0.18499560136761928,10.0,19.5,5.0,0.0,0.0,0.0,12.0,0.0,-0.006384043954312801,24.005072913132608,-0.3278733193874359,10.0,19.5,5.0,0.03802627697587013,12.0,minimum_jerk,8
1785142942869722837,10.008182525634766,19.49906635284424,5.032782554626465,0.12112374603748322,0.02010265737771988,-0.591291606426239,0.019625697284936905,18.939193725585938,0.03380120173096657,world,869644184,1785142942,0.4305834472179413,True,True,True,True,3.0797853630013163,-1.4237356492333242,2.430682058193224,0.489094078540802,True,0.42356789112091064,True,1.9060555696487427,True,5,normal,12.198755264282227,-1.7763568394002505e-15,0.0,8.881784197001252e-16,0.3474438904150803,-0.15642614281710465,0.18499560136761928,10.0,19.5,5.0,0.0,0.0,0.0,12.0,0.0,-0.006384043954312801,24.005072913132608,-0.3278733193874359,10.0,19.5,5.0,0.03380120173096657,12.0,minimum_jerk,8
1785142942969717050,10.021408081054688,19.499996185302734,4.974682807922363,0.09045038372278214,0.0182887502014637,-0.6800011396408081,0.019625697284936905,19.0391902923584,0.033155184239149094,world,969640681,1785142942,0.4305834472179413,True,True,True,True,2.897189242128552,-1.4595970381911332,7.957632201135914,0.489094078540802,True,0.42356789112091064,True,1.9060555696487427,True,5,normal,12.198755264282227,-1.7763568394002505e-15,0.0,8.881784197001252e-16,0.3474438904150803,-0.15642614281710465,0.18499560136761928,10.0,19.5,5.0,0.0,0.0,0.0,12.0,0.0,-0.006384043954312801,24.005072913132608,-0.3278733193874359,10.0,19.5,5.0,0.033155184239149094,12.0,minimum_jerk,8
1785142943069676659,10.02129077911377,19.497944831848145,4.989914417266846,-0.06196580454707146,0.014180859550833702,0.08472466468811035,0.019625697284936905,19.13918113708496,0.023648254573345184,world,69629343,1785142943,0.4305834472179413,True,True,True,True,3.2859321860698003,-1.313144060358654,2.5375846079342845,0.489094078540802,True,0.42356789112091064,True,1.9060555696487427,True,5,normal,12.198755264282227,-1.7763568394002505e-15,0.0,8.881784197001252e-16,0.3474438904150803,-0.15642614281710465,0.18499560136761928,10.0,19.5,5.0,0.0,0.0,0.0,12.0,0.0,-0.006384043954312801,24.005072913132608,-0.3278733193874359,10.0,19.5,5.0,0.023648254573345184,12.0,minimum_jerk,8
1785142943169686670,10.008984565734863,19.496723651885986,5.035898685455322,-0.14186815917491913,0.011964329518377781,0.06090962514281273,0.019625697284936905,19.239168167114258,0.03715067356824875,world,169614829,1785142943,0.4305834472179413,True,True,True,True,4.107079228097443,-1.2802181812096034,-1.3890122302799932,0.489094078540802,True,0.42356789112091064,True,1.9060555696487427,True,5,normal,12.198755264282227,-1.7763568394002505e-15,0.0,8.881784197001252e-16,0.3474438904150803,-0.15642614281710465,0.18499560136761928,10.0,19.5,5.0,0.0,0.0,0.0,12.0,0.0,-0.006384043954312801,24.005072913132608,-0.3278733193874359,10.0,19.5,5.0,0.03715067356824875,12.0,minimum_jerk,8
1785142943269652500,9.992416381835938,19.496079444885254,5.029013156890869,-0.15220068395137787,0.011240756139159203,-0.6122711300849915,0.019625697284936905,19.339160919189453,0.030243102461099625,world,269608691,1785142943,0.4305834472179413,True,True,True,True,4.589261524456563,-1.3045409762754987,2.188824130287106,0.489094078540802,True,0.42356789112091064,True,1.9060555696487427,True,5,normal,12.198755264282227,-1.7763568394002505e-15,0.0,8.881784197001252e-16,0.3474438904150803,-0.15642614281710465,0.18499560136761928,10.0,19.5,5.0,0.0,0.0,0.0,12.0,0.0,-0.006384043954312801,24.005072913132608,-0.3278733193874359,10.0,19.5,5.0,0.030243102461099625,12.0,minimum_jerk,8
1785142943369660738,9.978214263916016,19.496077060699463,4.976219654083252,-0.11728232353925705,0.01943254843354225,-0.6415992379188538,0.019625697284936905,19.439157485961914,0.03248865157365799,world,369607451,1785142943,0.4305834472179413,True,True,True,True,4.813171404081412,-1.3333521784300741,7.620689122527683,0.489094078540802,True,0.42356789112091064,True,1.9060555696487427,True,5,normal,12.198755264282227,-1.7763568394002505e-15,0.0,8.881784197001252e-16,0.3474438904150803,-0.15642614281710465,0.18499560136761928,10.0,19.5,5.0,0.0,0.0,0.0,12.0,0.0,-0.006384043954312801,24.005072913132608,-0.3278733193874359,10.0,19.5,5.0,0.03248865157365799,12.0,minimum_jerk,8
1785142943469667362,9.975945472717285,19.496115684509277,4.993342876434326,0.04911046847701073,0.03557823970913887,0.09333193302154541,0.019625697284936905,19.53915786743164,0.025259166955947876,world,469606612,1785142943,0.4305834472179413,True,True,True,True,4.478322568503018,-1.3194004176147613,2.2314329967283366,0.489094078540802,True,0.42356789112091064,True,1.9060555696487427,True,5,normal,12.198755264282227,-1.7763568394002505e-15,0.0,8.881784197001252e-16,0.3474438904150803,-0.15642614281710465,0.18499560136761928,10.0,19.5,5.0,0.0,0.0,0.0,12.0,0.0,-0.006384043954312801,24.005072913132608,-0.3278733193874359,10.0,19.5,5.0,0.025259166955947876,12.0,minimum_jerk,8
1785142943569674578,9.987176895141602,19.498109340667725,5.037790298461914,0.13264870643615723,0.04071313142776489,0.03467508777976036,0.019625697284936905,19.63914680480957,0.0399513877928257,world,569595435,1785142943,0.4305834472179413,True,True,True,True,3.6315571672566618,-1.4230358984885871,-1.440056185772785,0.489094078540802,True,0.42356789112091064,True,1.9060555696487427,True,5,normal,12.198755264282227,-1.7763568394002505e-15,0.0,8.881784197001252e-16,0.3474438904150803,-0.15642614281710465,0.18499560136761928,10.0,19.5,5.0,0.0,0.0,0.0,12.0,0.0,-0.006384043954312801,24.005072913132608,-0.3278733193874359,10.0,19.5,5.0,0.0399513877928257,12.0,minimum_jerk,8
1785142943669656428,10.002713203430176,19.50094985961914,5.027632236480713,0.14169524610042572,0.03765109181404114,-0.6350212693214417,0.019625697284936905,19.739145278930664,0.02778136357665062,world,669592402,1785142943,0.4305834472179413,True,True,True,True,3.152622588315035,-1.507929568262406,2.3774235363249354,0.489094078540802,True,0.42356789112091064,True,1.9060555696487427,True,5,normal,12.198755264282227,-1.7763568394002505e-15,0.0,8.881784197001252e-16,0.3474438904150803,-0.15642614281710465,0.18499560136761928,10.0,19.5,5.0,0.0,0.0,0.0,12.0,0.0,-0.006384043954312801,24.005072913132608,-0.3278733193874359,10.0,19.5,5.0,0.02778136357665062,12.0,minimum_jerk,8
1785142943769615737,10.015897750854492,19.50326108932495,4.974851131439209,0.11524750292301178,0.02981356345117092,-0.6119608283042908,0.019625697284936905,19.839130401611328,0.029930565506219864,world,769578108,1785142943,0.4305834472179413,True,True,True,True,2.986371019040424,-1.5462932696863552,6.9905628366182775,0.489094078540802,True,0.42356789112091064,True,1.9060555696487427,True,5,normal,12.198755264282227,-1.7763568394002505e-15,0.0,8.881784197001252e-16,0.3474438904150803,-0.15642614281710465,0.18499560136761928,10.0,19.5,5.0,0.0,0.0,0.0,12.0,0.0,-0.006384043954312801,24.005072913132608,-0.3278733193874359,10.0,19.5,5.0,0.029930565506219864,12.0,minimum_jerk,8
1785142943869652576,10.015082359313965,19.50159502029419,4.9978532791137695,-0.030136818066239357,0.00828471314162016,0.14205366373062134,0.019625697284936905,19.939159393310547,0.015317639335989952,world,869609438,1785142943,0.4305834472179413,True,True,True,True,3.4039285469627485,-1.3886581718888908,1.750043509688624,0.489094078540802,True,0.42356789112091064,True,1.9060555696487427,True,5,normal,12.198755264282227,-1.7763568394002505e-15,0.0,8.881784197001252e-16,0.3474438904150803,-0.15642614281710465,0.18499560136761928,10.0,19.5,5.0,0.0,0.0,0.0,12.0,0.0,-0.006384043954312801,24.005072913132608,-0.3278733193874359,10.0,19.5,5.0,0.015317639335989952,12.0,minimum_jerk,8
1785142943969656576,10.003716468811035,19.4993634223938,5.045246601104736,-0.10307484865188599,-0.0028557353653013706,0.04197410121560097,0.019625697284936905,20.039127349853516,0.04540343955159187,world,969576501,1785142943,0.4305834472179413,True,True,True,True,4.193508961046668,-1.2686391136110646,-1.9771275702130486,0.489094078540802,True,0.42356789112091064,True,1.9060555696487427,True,5,normal,12.198755264282227,-1.7763568394002505e-15,0.0,8.881784197001252e-16,0.3474438904150803,-0.15642614281710465,0.18499560136761928,10.0,19.5,5.0,0.0,0.0,0.0,12.0,0.0,-0.006384043954312801,24.005072913132608,-0.3278733193874359,10.0,19.5,5.0,0.04540343955159187,12.0,minimum_jerk,8
1785142944069651138,9.989269256591797,19.49726676940918,5.033863544464111,-0.1120743453502655,-0.0038480793591588736,-0.6704301238059998,0.019625697284936905,20.13912010192871,0.0356280654668808,world,69568829,1785142944,0.4305834472179413,True,True,True,True,4.563089335910245,-1.2499195570632124,2.126917920513138,0.489094078540802,True,0.42356789112091064,True,1.9060555696487427,True,5,normal,12.198755264282227,-1.7763568394002505e-15,0.0,8.881784197001252e-16,0.3474438904150803,-0.15642614281710465,0.18499560136761928,10.0,19.5,5.0,0.0,0.0,0.0,12.0,0.0,-0.006384043954312801,24.005072913132608,-0.3278733193874359,10.0,19.5,5.0,0.0356280654668808,12.0,minimum_jerk,8
1785142944169611338,9.97756576538086,19.495911121368408,4.9773945808410645,-0.07809948176145554,0.004422806203365326,-0.6562632918357849,0.019625697284936905,20.239105224609375,0.03210948035120964,world,169552812,1785142944,0.4305834472179413,True,True,True,True,4.753991599023697,-1.255965424656424,7.625989483350319,0.489094078540802,True,0.42356789112091064,True,1.9060555696487427,True,5,normal,12.198755264282227,-1.7763568394002505e-15,0.0,8.881784197001252e-16,0.3474438904150803,-0.15642614281710465,0.18499560136761928,10.0,19.5,5.0,0.0,0.0,0.0,12.0,0.0,-0.006384043954312801,24.005072913132608,-0.3278733193874359,10.0,19.5,5.0,0.03210948035120964,12.0,minimum_jerk,8
1785142944269620878,9.977334022521973,19.494786739349365,4.992099761962891,0.06319207698106766,0.03070276789367199,0.04127398505806923,0.019625697284936905,20.3391056060791,0.02456294745206833,world,269553365,1785142944,0.4305834472179413,True,True,True,True,4.368617623457682,-1.2333417055790346,1.799492374621484,0.489094078540802,True,0.42356789112091064,True,1.9060555696487427,True,5,normal,12.198755264282227,-1.7763568394002505e-15,0.0,8.881784197001252e-16,0.3474438904150803,-0.15642614281710465,0.18499560136761928,10.0,19.5,5.0,0.0,0.0,0.0,12.0,0.0,-0.006384043954312801,24.005072913132608,-0.3278733193874359,10.0,19.5,5.0,0.02456294745206833,12.0,minimum_jerk,8
1785142944369586387,9.990677833557129,19.49685525894165,5.040554523468018,0.15070697665214539,0.044497162103652954,0.03099016658961773,0.019625697284936905,20.43909454345703,0.04173082113265991,world,369540504,1785142944,0.4305834472179413,True,True,True,True,3.5306548842328036,-1.3828194551413278,-1.9186432965102789,0.489094078540802,True,0.42356789112091064,True,1.9060555696487427,True,5,normal,12.198755264282227,-1.7763568394002505e-15,0.0,8.881784197001252e-16,0.3474438904150803,-0.15642614281710465,0.18499560136761928,10.0,19.5,5.0,0.0,0.0,0.0,12.0,0.0,-0.006384043954312801,24.005072913132608,-0.3278733193874359,10.0,19.5,5.0,0.04173082113265991,12.0,minimum_jerk,8
1785142944469682454,10.007390022277832,19.500069618225098,5.030688285827637,0.15489798784255981,0.043989114463329315,-0.6475694179534912,0.019625697284936905,20.53909683227539,0.03156561776995659,world,469546737,1785142944,0.4305834472179413,True,True,True,True,3.070092506008609,-1.4965542993752794,1.999690842900636,0.489094078540802,True,0.42356789112091064,True,1.9060555696487427,True,5,normal,12.198755264282227,-1.7763568394002505e-15,0.0,8.881784197001252e-16,0.3474438904150803,-0.15642614281710465,0.18499560136761928,10.0,19.5,5.0,0.0,0.0,0.0,12.0,0.0,-0.006384043954312801,24.005072913132608,-0.3278733193874359,10.0,19.5,5.0,0.03156561776995659,12.0,minimum_jerk,8
1785142944569604084,10.021598815917969,19.50305461883545,4.976302623748779,0.1176193356513977,0.039011549204587936,-0.6444652080535889,0.019625697284936905,20.63908576965332,0.032208774238824844,world,569533806,1785142944,0.4305834472179413,True,True,True,True,2.863905924568013,-1.5632776682679583,7.362859531122078,0.489094078540802,True,0.42356789112091064,True,1.9060555696487427,True,5,normal,12.198755264282227,-1.7763568394002505e-15,0.0,8.881784197001252e-16,0.3474438904150803,-0.15642614281710465,0.18499560136761928,10.0,19.5,5.0,0.0,0.0,0.0,12.0,0.0,-0.006384043954312801,24.005072913132608,-0.3278733193874359,10.0,19.5,5.0,0.032208774238824844,12.0,minimum_jerk,8
1785142944669578460,10.026037216186523,19.503015995025635,4.993894100189209,-0.031561315059661865,0.01814872771501541,0.06368333101272583,0.019625697284936905,20.739078521728516,0.026913098990917206,world,669526936,1785142944,0.4305834472179413,True,True,True,True,3.1076137299285755,-1.4483538639255988,1.4404819553240111,0.489094078540802,True,0.42356789112091064,True,1.9060555696487427,True,5,normal,12.198755264282227,-1.7763568394002505e-15,0.0,8.881784197001252e-16,0.3474438904150803,-0.15642614281710465,0.18499560136761928,10.0,19.5,5.0,0.0,0.0,0.0,12.0,0.0,-0.006384043954312801,24.005072913132608,-0.3278733193874359,10.0,19.5,5.0,0.026913098990917206,12.0,minimum_jerk,8
1785142944769584723,10.01616096496582,19.50169324874878,5.044870853424072,-0.1290125548839569,0.0020209732465445995,0.033673785626888275,0.019625697284936905,20.839075088500977,0.047722503542900085,world,769523432,1785142944,0.4305834472179413,True,True,True,True,3.902549778314803,-1.3432429674052846,-2.3359177066622934,0.489094078540802,True,0.42356789112091064,True,1.9060555696487427,True,5,normal,12.198755264282227,-1.7763568394002505e-15,0.0,8.881784197001252e-16,0.3474438904150803,-0.15642614281710465,0.18499560136761928,10.0,19.5,5.0,0.0,0.0,0.0,12.0,0.0,-0.006384043954312801,24.005072913132608,-0.3278733193874359,10.0,19.5,5.0,0.047722503542900085,12.0,minimum_jerk,8
1785142944869559950,10.002006530761719,19.50019884109497,5.034457683563232,-0.14077310264110565,-0.00196471088565886,-0.6711066961288452,0.019625697284936905,20.93906593322754,0.034516628831624985,world,869514197,1785142944,0.4305834472179413,True,True,True,True,4.372839534868215,-1.3081960079161463,1.7855617247109858,0.489094078540802,True,0.42356789112091064,True,1.9060555696487427,True,5,normal,12.198755264282227,-1.7763568394002505e-15,0.0,8.881784197001252e-16,0.3474438904150803,-0.15642614281710465,0.18499560136761928,10.0,19.5,5.0,0.0,0.0,0.0,12.0,0.0,-0.006384043954312801,24.005072913132608,-0.3278733193874359,10.0,19.5,5.0,0.034516628831624985,12.0,minimum_jerk,8
1785142944969608471,9.989086151123047,19.49905252456665,4.979237079620361,-0.12508803606033325,-0.0010234725195914507,-0.6589552164077759,0.019625697284936905,21.039085388183594,0.023475704714655876,world,969540207,1785142944,0.4305834472179413,True,True,True,True,4.595781262732401,-1.304276332661241,7.194134185729434,0.489094078540802,True,0.42356789112091064,True,1.9060555696487427,True,5,normal,12.198755264282227,-1.7763568394002505e-15,0.0,8.881784197001252e-16,0.3474438904150803,-0.15642614281710465,0.18499560136761928,10.0,19.5,5.0,0.0,0.0,0.0,12.0,0.0,-0.006384043954312801,24.005072913132608,-0.3278733193874359,10.0,19.5,5.0,0.023475704714655876,12.0,minimum_jerk,8
1785142945069564663,9.98527717590332,19.498353004455566,4.999777317047119,0.003677545115351677,0.013480004854500294,0.1013624295592308,0.019625697284936905,21.13905906677246,0.014816333539783955,world,69508931,1785142945,0.4305834472179413,True,True,True,True,4.3626308882682645,-1.3027923777036234,1.2700073314444789,0.489094078540802,True,0.42356789112091064,True,1.9060555696487427,True,5,normal,12.198755264282227,-1.7763568394002505e-15,0.0,8.881784197001252e-16,0.3474438904150803,-0.15642614281710465,0.18499560136761928,10.0,19.5,5.0,0.0,0.0,0.0,12.0,0.0,-0.006384043954312801,24.005072913132608,-0.3278733193874359,10.0,19.5,5.0,0.014816333539783955,12.0,minimum_jerk,8
1785142945169566458,9.992304801940918,19.49941396713257,5.046356678009033,0.07492148876190186,0.021944789215922356,0.013683639466762543,0.019625697284936905,21.23905372619629,0.04699469357728958,world,169502361,1785142945,0.4305834472179413,True,True,True,True,3.753702805186498,-1.385433953315539,-2.008267562433012,0.489094078540802,True,0.42356789112091064,True,1.9060555696487427,True,5,normal,12.198755264282227,-1.7763568394002505e-15,0.0,8.881784197001252e-16,0.3474438904150803,-0.15642614281710465,0.18499560136761928,10.0,19.5,5.0,0.0,0.0,0.0,12.0,0.0,-0.006384043954312801,24.005072913132608,-0.3278733193874359,10.0,19.5,5.0,0.04699469357728958,12.0,minimum_jerk,8
1785142945269537417,10.002562522888184,19.501222610473633,5.034316062927246,0.085006944835186,0.02148781716823578,-0.6799374222755432,0.019625697284936905,21.339040756225586,0.03443332016468048,world,269488949,1785142945,0.4305834472179413,True,True,True,True,3.350113272738806,-1.4629324039397245,1.6180615324454168,0.489094078540802,True,0.42356789112091064,True,1.9060555696487427,True,5,normal,12.198755264282227,-1.7763568394002505e-15,0.0,8.881784197001252e-16,0.3474438904150803,-0.15642614281710465,0.18499560136761928,10.0,19.5,5.0,0.0,0.0,0.0,12.0,0.0,-0.006384043954312801,24.005072913132608,-0.3278733193874359,10.0,19.5,5.0,0.03443332016468048,12.0,minimum_jerk,8
1785142945369543851,10.011375427246094,19.502795696258545,4.978190898895264,0.0770116075873375,0.01919025182723999,-0.6706210374832153,0.019625697284936905,21.439035415649414,0.024755870923399925,world,369483571,1785142945,0.4305834472179413,True,True,True,True,3.2085869147849446,-1.4976226729073465,7.120855783985682,0.489094078540802,True,0.42356789112091064,True,1.9060555696487427,True,5,normal,12.198755264282227,-1.7763568394002505e-15,0.0,8.881784197001252e-16,0.3474438904150803,-0.15642614281710465,0.18499560136761928,10.0,19.5,5.0,0.0,0.0,0.0,12.0,0.0,-0.006384043954312801,24.005072913132608,-0.3278733193874359,10.0,19.5,5.0,0.024755870923399925,12.0,minimum_jerk,8
1785142945469571453,10.009722709655762,19.50198459625244,5.000244617462158,-0.02015146240592003,0.005967565346509218,0.1082657054066658,0.019625697284936905,21.539039611816406,0.009926204569637775,world,469489594,1785142945,0.4305834472179413,True,True,True,True,3.5841160019869593,-1.398918780029276,0.9944103572161751,0.489094078540802,True,0.42356789112091064,True,1.9060555696487427,True,5,normal,12.198755264282227,-1.7763568394002505e-15,0.0,8.881784197001252e-16,0.3474438904150803,-0.15642614281710465,0.18499560136761928,10.0,19.5,5.0,0.0,0.0,0.0,12.0,0.0,-0.006384043954312801,24.005072913132608,-0.3278733193874359,10.0,19.5,5.0,0.009926204569637775,12.0,minimum_jerk,8
1785142945569544686,10.001035690307617,19.500678539276123,5.048337459564209,-0.07148931175470352,-0.0023537790402770042,0.014132083393633366,0.019625697284936905,21.63902473449707,0.04835331439971924,world,569473106,1785142945,0.4305834472179413,True,True,True,True,4.10093786006196,-1.3317003963640281,-2.332294277274875,0.489094078540802,True,0.42356789112091064,True,1.9060555696487427,True,5,normal,12.198755264282227,-1.7763568394002505e-15,0.0,8.881784197001252e-16,0.3474438904150803,-0.15642614281710465,0.18499560136761928,10.0,19.5,5.0,0.0,0.0,0.0,12.0,0.0,-0.006384043954312801,24.005072913132608,-0.3278733193874359,10.0,19.5,5.0,0.04835331439971924,12.0,minimum_jerk,8
1785142945669520023,9.991119384765625,19.49944496154785,5.04030704498291,-0.07861214131116867,-0.0032611864153295755,-0.6508644819259644,0.019625697284936905,21.7390193939209,0.04127749055624008,world,669467688,1785142945,0.4305834472179413,True,True,True,True,4.415565833743268,-1.3068630900545157,1.4070454126928262,0.489094078540802,True,0.42356789112091064,True,1.9060555696487427,True,5,normal,12.198755264282227,-1.7763568394002505e-15,0.0,8.881784197001252e-16,0.3474438904150803,-0.15642614281710465,0.18499560136761928,10.0,19.5,5.0,0.0,0.0,0.0,12.0,0.0,-0.006384043954312801,24.005072913132608,-0.3278733193874359,10.0,19.5,5.0,0.04127749055624008,12.0,minimum_jerk,8
1785142945769549268,9.981760025024414,19.49820375442505,4.978366374969482,-0.05447562411427498,-0.0013346754712983966,-0.7038443088531494,0.019625697284936905,21.839017868041992,0.028353780508041382,world,769466658,1785142945,0.4305834472179413,True,True,True,True,4.5370803889949425,-1.309513435995888,7.159491216021893,0.489094078540802,True,0.42356789112091064,True,1.9060555696487427,True,5,normal,12.198755264282227,-1.7763568394002505e-15,0.0,8.881784197001252e-16,0.3474438904150803,-0.15642614281710465,0.18499560136761928,10.0,19.5,5.0,0.0,0.0,0.0,12.0,0.0,-0.006384043954312801,24.005072913132608,-0.3278733193874359,10.0,19.5,5.0,0.028353780508041382,12.0,minimum_jerk,8
1785142945869520398,9.983816146850586,19.495068073272705,4.996318817138672,0.066102035343647,0.013624707236886024,0.06902442872524261,0.019625697284936905,21.93901252746582,0.017314506694674492,world,869461321,1785142945,0.4305834472179413,True,True,True,True,4.173876579496242,-1.1766553241198103,1.1399982053100535,0.489094078540802,True,0.42356789112091064,True,1.9060555696487427,True,5,normal,12.198755264282227,-1.7763568394002505e-15,0.0,8.881784197001252e-16,0.3474438904150803,-0.15642614281710465,0.18499560136761928,10.0,19.5,5.0,0.0,0.0,0.0,12.0,0.0,-0.006384043954312801,24.005072913132608,-0.3278733193874359,10.0,19.5,5.0,0.017314506694674492,12.0,minimum_jerk,8
1785142945969516252,9.995073318481445,19.494457721710205,5.0420684814453125,0.12332206219434738,0.02200024574995041,0.008378429338335991,0.019625697284936905,22.03900909423828,0.04271704703569412,world,969457546,1785142945,0.4305834472179413,True,True,True,True,3.496037750266985,-1.2272665470577941,-2.5984525146285558,0.489094078540802,True,0.42356789112091064,True,1.9060555696487427,True,5,normal,12.198755264282227,-1.7763568394002505e-15,0.0,8.881784197001252e-16,0.3474438904150803,-0.15642614281710465,0.18499560136761928,10.0,19.5,5.0,0.0,0.0,0.0,12.0,0.0,-0.006384043954312801,24.005072913132608,-0.3278733193874359,10.0,19.5,5.0,0.04271704703569412,12.0,minimum_jerk,8
1785142946069499493,10.009200096130371,19.49501085281372,5.030881404876709,0.12455293536186218,0.0239866990596056,-0.6754593849182129,0.019625697284936905,22.138996124267578,0.032606665045022964,world,69445114,1785142946,0.4305834472179413,True,True,True,True,3.1271093393443192,-1.3061812934754702,1.3510985283732535,0.489094078540802,True,0.42356789112091064,True,1.9060555696487427,True,5,normal,12.198755264282227,-1.7763568394002505e-15,0.0,8.881784197001252e-16,0.3474438904150803,-0.15642614281710465,0.18499560136761928,10.0,19.5,5.0,0.0,0.0,0.0,12.0,0.0,-0.006384043954312801,24.005072913132608,-0.3278733193874359,10.0,19.5,5.0,0.032606665045022964,12.0,minimum_jerk,8
1785142946169485470,10.020370483398438,19.49631977081299,4.97645902633667,0.08492988348007202,0.03280600532889366,-0.6427308917045593,0.019625697284936905,22.238988876342773,0.031347695738077164,world,169436601,1785142946,0.4305834472179413,True,True,True,True,2.978012863408494,-1.3616353069548415,6.7189629252294925,0.489094078540802,True,0.42356789112091064,True,1.9060555696487427,True,5,normal,12.198755264282227,-1.7763568394002505e-15,0.0,8.881784197001252e-16,0.3474438904150803,-0.15642614281710465,0.18499560136761928,10.0,19.5,5.0,0.0,0.0,0.0,12.0,0.0,-0.006384043954312801,24.005072913132608,-0.3278733193874359,10.0,19.5,5.0,0.031347695738077164,12.0,minimum_jerk,8
1785142946269508744,10.0196533203125,19.497715950012207,4.996991157531738,-0.050634294748306274,0.042782414704561234,0.06684522330760956,0.019625697284936905,22.33898162841797,0.020013071596622467,world,269429159,1785142946,0.4305834472179413,True,True,True,True,3.4026092531274403,-1.379707060215463,0.4645833555736836,0.489094078540802,True,0.42356789112091064,True,1.9060555696487427,True,5,normal,12.198755264282227,-1.7763568394002505e-15,0.0,8.881784197001252e-16,0.3474438904150803,-0.15642614281710465,0.18499560136761928,10.0,19.5,5.0,0.0,0.0,0.0,12.0,0.0,-0.006384043954312801,24.005072913132608,-0.3278733193874359,10.0,19.5,5.0,0.020013071596622467,12.0,minimum_jerk,8
1785142946369510429,10.007137298583984,19.500389575958252,5.046975612640381,-0.1255531907081604,0.041177477687597275,-0.02324596606194973,0.019625697284936905,22.438982009887695,0.04751632362604141,world,369429813,1785142946,0.4305834472179413,True,True,True,True,4.174759095507617,-1.4628972116786638,-3.0170752040850406,0.489094078540802,True,0.42356789112091064,True,1.9060555696487427,True,5,normal,12.198755264282227,-1.7763568394002505e-15,0.0,8.881784197001252e-16,0.3474438904150803,-0.15642614281710465,0.18499560136761928,10.0,19.5,5.0,0.0,0.0,0.0,12.0,0.0,-0.006384043954312801,24.005072913132608,-0.3278733193874359,10.0,19.5,5.0,0.04751632362604141,12.0,minimum_jerk,8
1785142946469501334,9.992120742797852,19.50319528579712,5.031165599822998,-0.1329924315214157,0.035115163773298264,-0.7320829033851624,0.019625697284936905,22.538970947265625,0.03230459988117218,world,469419536,1785142946,0.4305834472179413,True,True,True,True,4.556545256667164,-1.5120381298045047,1.5099079498931318,0.489094078540802,True,0.42356789112091064,True,1.9060555696487427,True,5,normal,12.198755264282227,-1.7763568394002505e-15,0.0,8.881784197001252e-16,0.3474438904150803,-0.15642614281710465,0.18499560136761928,10.0,19.5,5.0,0.0,0.0,0.0,12.0,0.0,-0.006384043954312801,24.005072913132608,-0.3278733193874359,10.0,19.5,5.0,0.03230459988117218,12.0,minimum_jerk,8
1785142946569488403,9.979881286621094,19.505159854888916,4.9723687171936035,-0.09363019466400146,0.019836200401186943,-0.681803822517395,0.019625697284936905,22.638967514038086,0.034566957503557205,world,569415511,1785142946,0.4305834472179413,True,True,True,True,4.738570635548809,-1.5383031665289153,6.9614282546419375,0.489094078540802,True,0.42356789112091064,True,1.9060555696487427,True,5,normal,12.198755264282227,-1.7763568394002505e-15,0.0,8.881784197001252e-16,0.3474438904150803,-0.15642614281710465,0.18499560136761928,10.0,19.5,5.0,0.0,0.0,0.0,12.0,0.0,-0.006384043954312801,24.005072913132608,-0.3278733193874359,10.0,19.5,5.0,0.034566957503557205,12.0,minimum_jerk,8
1785142946669486541,9.982172966003418,19.503487586975098,4.993954181671143,0.06634966284036636,-0.010273660533130169,0.08799470216035843,0.019625697284936905,22.73896026611328,0.01914466917514801,world,669409792,1785142946,0.4305834472179413,True,True,True,True,4.244498874226537,-1.3904614150160803,0.7054836828390677,0.489094078540802,True,0.42356789112091064,True,1.9060555696487427,True,5,normal,12.198755264282227,-1.7763568394002505e-15,0.0,8.881784197001252e-16,0.3474438904150803,-0.15642614281710465,0.18499560136761928,10.0,19.5,5.0,0.0,0.0,0.0,12.0,0.0,-0.006384043954312801,24.005072913132608,-0.3278733193874359,10.0,19.5,5.0,0.01914466917514801,12.0,minimum_jerk,8
1785142946769465535,9.996065139770508,19.500466346740723,5.041046619415283,0.13891783356666565,-0.021528925746679306,0.006001659203320742,0.019625697284936905,22.838953018188477,0.04123742878437042,world,769401519,1785142946,0.4305834472179413,True,True,True,True,3.3689546233267924,-1.2333674946649662,-2.9706609487979607,0.489094078540802,True,0.42356789112091064,True,1.9060555696487427,True,5,normal,12.198755264282227,-1.7763568394002505e-15,0.0,8.881784197001252e-16,0.3474438904150803,-0.15642614281710465,0.18499560136761928,10.0,19.5,5.0,0.0,0.0,0.0,12.0,0.0,-0.006384043954312801,24.005072913132608,-0.3278733193874359,10.0,19.5,5.0,0.04123742878437042,12.0,minimum_jerk,8
1785142946869440973,10.013072967529297,19.49726390838623,5.029260635375977,0.1412312388420105,-0.022465012967586517,-0.6910656690597534,0.019625697284936905,22.938941955566406,0.032164786010980606,world,869389089,1785142946,0.4305834472179413,True,True,True,True,2.9649866214425913,-1.1869634146153076,1.1618453504665038,0.489094078540802,True,0.42356789112091064,True,1.9060555696487427,True,5,normal,12.198755264282227,-1.7763568394002505e-15,0.0,8.881784197001252e-16,0.3474438904150803,-0.15642614281710465,0.18499560136761928,10.0,19.5,5.0,0.0,0.0,0.0,12.0,0.0,-0.006384043954312801,24.005072913132608,-0.3278733193874359,10.0,19.5,5.0,0.032164786010980606,12.0,minimum_jerk,8
1785142946969459939,10.026280403137207,19.494703769683838,4.973785877227783,0.08995624631643295,-0.010044638067483902,-0.6553295850753784,0.019625697284936905,23.038951873779297,0.0374951995909214,world,969402154,1785142946,0.4305834472179413,True,True,True,True,2.7650290460176823,-1.1647106421834352,6.59416592802955,0.489094078540802,True,0.42356789112091064,True,1.9060555696487427,True,5,normal,12.198755264282227,-1.7763568394002505e-15,0.0,8.881784197001252e-16,0.3474438904150803,-0.15642614281710465,0.18499560136761928,10.0,19.5,5.0,0.0,0.0,0.0,12.0,0.0,-0.006384043954312801,24.005072913132608,-0.3278733193874359,10.0,19.5,5.0,0.0374951995909214,12.0,minimum_jerk,8
1785142947069450604,10.024197578430176,19.49217700958252,4.996744632720947,-0.091678187251091,0.026716284453868866,0.08720491826534271,0.019625697284936905,23.138938903808594,0.025638241320848465,world,69389713,1785142947,0.4305834472179413,True,True,True,True,3.2914960114835505,-1.109422390260159,0.38610008777022864,0.489094078540802,True,0.42356789112091064,True,1.9060555696487427,True,5,normal,12.198755264282227,-1.7763568394002505e-15,0.0,8.881784197001252e-16,0.3474438904150803,-0.15642614281710465,0.18499560136761928,10.0,19.5,5.0,0.0,0.0,0.0,12.0,0.0,-0.006384043954312801,24.005072913132608,-0.3278733193874359,10.0,19.5,5.0,0.025638241320848465,12.0,minimum_jerk,8
1785142947169451538,10.008739471435547,19.493547439575195,5.041661739349365,-0.17104586958885193,0.04236610606312752,-0.03400902822613716,0.019625697284936905,23.238935470581055,0.04305478557944298,world,169385037,1785142947,0.4305834472179413,True,True,True,True,4.256398884576915,-1.2717506071375253,-3.0742698254446257,0.489094078540802,True,0.42356789112091064,True,1.9060555696487427,True,5,normal,12.198755264282227,-1.7763568394002505e-15,0.0,8.881784197001252e-16,0.3474438904150803,-0.15642614281710465,0.18499560136761928,10.0,19.5,5.0,0.0,0.0,0.0,12.0,0.0,-0.006384043954312801,24.005072913132608,-0.3278733193874359,10.0,19.5,5.0,0.04305478557944298,12.0,minimum_jerk,8
1785142947269425693,9.988967895507812,19.49638557434082,5.027820110321045,-0.17976951599121094,0.04352567344903946,-0.701241672039032,0.019625697284936905,23.338924407958984,0.030145147815346718,world,269371755,1785142947,0.4305834472179413,True,True,True,True,4.77803032800745,-1.3999585862470636,1.2385286997487102,0.489094078540802,True,0.42356789112091064,True,1.9060555696487427,True,5,normal,12.198755264282227,-1.7763568394002505e-15,0.0,8.881784197001252e-16,0.3474438904150803,-0.15642614281710465,0.18499560136761928,10.0,19.5,5.0,0.0,0.0,0.0,12.0,0.0,-0.006384043954312801,24.005072913132608,-0.3278733193874359,10.0,19.5,5.0,0.030145147815346718,12.0,minimum_jerk,8
1785142947369440803,9.972811698913574,19.49949598312378,4.974032878875732,-0.12496942281723022,0.04506347328424454,-0.6219350099563599,0.019625697284936905,23.438920974731445,0.03759985417127609,world,369369774,1785142947,0.4305834472179413,True,True,True,True,5.0,-1.4691488152273806,6.353009295101161,0.489094078540802,True,0.42356789112091064,True,1.9060555696487427,True,5,normal,12.198755264282227,-1.7763568394002505e-15,0.0,8.881784197001252e-16,0.3474438904150803,-0.15642614281710465,0.18499560136761928,10.0,19.5,5.0,0.0,0.0,0.0,12.0,0.0,-0.006384043954312801,24.005072913132608,-0.3278733193874359,10.0,19.5,5.0,0.03759985417127609,12.0,minimum_jerk,8
1785142947469429244,9.973058700561523,19.502315998077393,5.001694202423096,0.07962711900472641,0.033511098474264145,0.11337810009717941,0.019625697284936905,23.538915634155273,0.027093686163425446,world,469365849,1785142947,0.4305834472179413,True,True,True,True,4.485834713895518,-1.492556656793698,-0.1526107811440267,0.489094078540802,True,0.42356789112091064,True,1.9060555696487427,True,5,normal,12.198755264282227,-1.7763568394002505e-15,0.0,8.881784197001252e-16,0.3474438904150803,-0.15642614281710465,0.18499560136761928,10.0,19.5,5.0,0.0,0.0,0.0,12.0,0.0,-0.006384043954312801,24.005072913132608,-0.3278733193874359,10.0,19.5,5.0,0.027093686163425446,12.0,minimum_jerk,8
1785142947569416573,9.988121032714844,19.503918170928955,5.047025680541992,0.16284412145614624,0.019917625933885574,-0.05886412039399147,0.019625697284936905,23.638906478881836,0.04866083338856697,world,569355091,1785142947,0.4305834472179413,True,True,True,True,3.4484552089006524,-1.4773003868359398,-3.2618776913383627,0.489094078540802,True,0.42356789112091064,True,1.9060555696487427,True,5,normal,12.198755264282227,-1.7763568394002505e-15,0.0,8.881784197001252e-16,0.3474438904150803,-0.15642614281710465,0.18499560136761928,10.0,19.5,5.0,0.0,0.0,0.0,12.0,0.0,-0.006384043954312801,24.005072913132608,-0.3278733193874359,10.0,19.5,5.0,0.04866083338856697,12.0,minimum_jerk,8
1785142947669408421,10.007139205932617,19.505072116851807,5.028579235076904,0.16949902474880219,0.012221875600516796,-0.7452278733253479,0.019625697284936905,23.7388973236084,0.02989092282950878,world,669344314,1785142947,0.4305834472179413,True,True,True,True,2.936275842795214,-1.4600157265264606,1.327465294848559,0.489094078540802,True,0.42356789112091064,True,1.9060555696487427,True,5,normal,12.198755264282227,-1.7763568394002505e-15,0.0,8.881784197001252e-16,0.3474438904150803,-0.15642614281710465,0.18499560136761928,10.0,19.5,5.0,0.0,0.0,0.0,12.0,0.0,-0.006384043954312801,24.005072913132608,-0.3278733193874359,10.0,19.5,5.0,0.02989092282950878,12.0,minimum_jerk,8
1785142947769418982,10.022791862487793,19.5052547454834,4.97308874130249,0.12229375541210175,-0.005516150500625372,-0.6053831577301025,0.019625697284936905,23.838897705078125,0.03565525636076927,world,769347703,1785142947,0.4305834472179413,True,True,True,True,2.7179325472766602,-1.4434368007579428,6.3759608849587925,0.489094078540802,True,0.42356789112091064,True,1.9060555696487427,True,5,normal,12.198755264282227,-1.7763568394002505e-15,0.0,8.881784197001252e-16,0.3474438904150803,-0.15642614281710465,0.18499560136761928,10.0,19.5,5.0,0.0,0.0,0.0,12.0,0.0,-0.006384043954312801,24.005072913132608,-0.3278733193874359,10.0,19.5,5.0,0.03565525636076927,12.0,minimum_jerk,8
1785142947869376116,10.02239990234375,19.503267288208008,5.00344181060791,-0.06724319607019424,-0.02368352934718132,0.13125711679458618,0.019625697284936905,23.938886642456055,0.02289709262549877,world,869333339,1785142947,0.4305834472179413,True,True,True,True,3.247545660247771,-1.3396325584216378,-0.5314450274235698,0.489094078540802,True,0.42356789112091064,True,1.9060555696487427,True,5,normal,12.198755264282227,-1.7763568394002505e-15,0.0,8.881784197001252e-16,0.3474438904150803,-0.15642614281710465,0.18499560136761928,10.0,19.5,5.0,0.0,0.0,0.0,12.0,0.0,-0.006384043954312801,24.005072913132608,-0.3278733193874359,10.0,19.5,5.0,0.02289709262549877,12.0,minimum_jerk,8
1785142947969393751,10.008423805236816,19.500678062438965,5.048810005187988,-0.1456211805343628,-0.026504719629883766,-0.0819365605711937,0.019625697284936905,24.038877487182617,0.049536217004060745,world,969325998,1785142947,0.4305834472179413,True,True,True,True,4.2174878514154495,-1.2435156272809784,-3.480523240626807,0.489094078540802,True,0.42356789112091064,True,1.9060555696487427,True,5,normal,12.198755264282227,-1.7763568394002505e-15,0.0,8.881784197001252e-16,0.3474438904150803,-0.15642614281710465,0.18499560136761928,10.0,19.5,5.0,0.0,0.0,0.0,12.0,0.0,-0.006384043954312801,24.005072913132608,-0.3278733193874359,10.0,19.5,5.0,0.049536217004060745,12.0,minimum_jerk,8
1785142948069426562,9.991992950439453,19.498047351837158,5.032291889190674,-0.15574084222316742,-0.026572056114673615,-0.7322320342063904,0.019625697284936905,24.138885498046875,0.03332704305648804,world,69337781,1785142948,0.4305834472179413,True,True,True,True,4.688951765552341,-1.2032656962237933,1.3710367295805614,0.489094078540802,True,0.42356789112091064,True,1.9060555696487427,True,5,normal,12.198755264282227,-1.7763568394002505e-15,0.0,8.881784197001252e-16,0.3474438904150803,-0.15642614281710465,0.18499560136761928,10.0,19.5,5.0,0.0,0.0,0.0,12.0,0.0,-0.006384043954312801,24.005072913132608,-0.3278733193874359,10.0,19.5,5.0,0.03332704305648804,12.0,minimum_jerk,8
1785142948169495640,9.975712776184082,19.496201992034912,4.97169828414917,-0.11205168813467026,-0.009246191009879112,-0.6169858574867249,0.019625697284936905,24.238872528076172,0.03748708218336105,world,169322626,1785142948,0.4305834472179413,True,True,True,True,4.924166987458623,-1.1882939026644075,6.426344119237755,0.489094078540802,True,0.42356789112091064,True,1.9060555696487427,True,5,normal,12.198755264282227,-1.7763568394002505e-15,0.0,8.881784197001252e-16,0.3474438904150803,-0.15642614281710465,0.18499560136761928,10.0,19.5,5.0,0.0,0.0,0.0,12.0,0.0,-0.006384043954312801,24.005072913132608,-0.3278733193874359,10.0,19.5,5.0,0.03748708218336105,12.0,minimum_jerk,8
1785142948269392746,9.974760055541992,19.499601364135742,5.002140522003174,0.0725354477763176,0.026699375361204147,0.11606867611408234,0.019625697284936905,24.338863372802734,0.02533368393778801,world,269311198,1785142948,0.4305834472179413,True,True,True,True,4.498370060667929,-1.4103068170720365,-0.6442660045387751,0.489094078540802,True,0.42356789112091064,True,1.9060555696487427,True,5,normal,12.198755264282227,-1.7763568394002505e-15,0.0,8.881784197001252e-16,0.3474438904150803,-0.15642614281710465,0.18499560136761928,10.0,19.5,5.0,0.0,0.0,0.0,12.0,0.0,-0.006384043954312801,24.005072913132608,-0.3278733193874359,10.0,19.5,5.0,0.02533368393778801,12.0,minimum_jerk,8
1785142948369387429,9.987841606140137,19.504594326019287,5.048816680908203,0.1509256362915039,0.036149684339761734,-0.07014252990484238,0.019625697284936905,24.438859939575195,0.05051735043525696,world,369307424,1785142948,0.4305834472179413,True,True,True,True,3.5555992336790316,-1.6410678693205283,-3.7326979726941585,0.489094078540802,True,0.42356789112091064,True,1.9060555696487427,True,5,normal,12.198755264282227,-1.7763568394002505e-15,0.0,8.881784197001252e-16,0.3474438904150803,-0.15642614281710465,0.18499560136761928,10.0,19.5,5.0,0.0,0.0,0.0,12.0,0.0,-0.006384043954312801,24.005072913132608,-0.3278733193874359,10.0,19.5,5.0,0.05051735043525696,12.0,minimum_jerk,8
1785142948469387372,10.0047607421875,19.50963306427002,5.029417514801025,0.15687671303749084,0.031133102253079414,-0.7725090384483337,0.019625697284936905,24.538860321044922,0.0313185378909111,world,469310843,1785142948,0.4305834472179413,True,True,True,True,3.084594367891386,-1.7137410184563406,1.0701242131581228,0.489094078540802,True,0.42356789112091064,True,1.9060555696487427,True,5,normal,12.198755264282227,-1.7763568394002505e-15,0.0,8.881784197001252e-16,0.3474438904150803,-0.15642614281710465,0.18499560136761928,10.0,19.5,5.0,0.0,0.0,0.0,12.0,0.0,-0.006384043954312801,24.005072913132608,-0.3278733193874359,10.0,19.5,5.0,0.0313185378909111,12.0,minimum_jerk,8
1785142948569405087,10.018994331359863,19.512375831604004,4.972501277923584,0.12174171209335327,0.0032645221799612045,-0.6222169399261475,0.019625697284936905,24.63886833190918,0.03563882037997246,world,569321685,1785142948,0.4305834472179413,True,True,True,True,2.871321496306975,-1.7233440202453527,6.344251852431293,0.489094078540802,True,0.42356789112091064,True,1.9060555696487427,True,5,normal,12.198755264282227,-1.7763568394002505e-15,0.0,8.881784197001252e-16,0.3474438904150803,-0.15642614281710465,0.18499560136761928,10.0,19.5,5.0,0.0,0.0,0.0,12.0,0.0,-0.006384043954312801,24.005072913132608,-0.3278733193874359,10.0,19.5,5.0,0.03563882037997246,12.0,minimum_jerk,8
1785142948669406262,10.018310546875,19.506003856658936,5.002224445343018,-0.042277831584215164,-0.05942950397729874,0.12124217301607132,0.019625697284936905,24.738847732543945,0.019397694617509842,world,669299227,1785142948,0.4305834472179413,True,True,True,True,3.3582906605121896,-1.32277982434029,-0.7897090726610498,0.489094078540802,True,0.42356789112091064,True,1.9060555696487427,True,5,normal,12.198755264282227,-1.7763568394002505e-15,0.0,8.881784197001252e-16,0.3474438904150803,-0.15642614281710465,0.18499560136761928,10.0,19.5,5.0,0.0,0.0,0.0,12.0,0.0,-0.006384043954312801,24.005072913132608,-0.3278733193874359,10.0,19.5,5.0,0.019397694617509842,12.0,minimum_jerk,8
1785142948769383152,10.006048202514648,19.496695518493652,5.0492143630981445,-0.11489226669073105,-0.07847033441066742,-0.060324352234601974,0.019625697284936905,24.838857650756836,0.04969460517168045,world,769309208,1785142948,0.4305834472179413,True,True,True,True,4.2149349172919255,-0.921158248723267,-3.9103921635934524,0.489094078540802,True,0.42356789112091064,True,1.9060555696487427,True,5,normal,12.198755264282227,-1.7763568394002505e-15,0.0,8.881784197001252e-16,0.3474438904150803,-0.15642614281710465,0.18499560136761928,10.0,19.5,5.0,0.0,0.0,0.0,12.0,0.0,-0.006384043954312801,24.005072913132608,-0.3278733193874359,10.0,19.5,5.0,0.04969460517168045,12.0,minimum_jerk,8
1785142948869406137,9.991769790649414,19.487456798553467,5.035305976867676,-0.12516488134860992,-0.07725037634372711,-0.7227835059165955,0.019625697284936905,24.9388484954834,0.03836118057370186,world,869302178,1785142948,0.4305834472179413,True,True,True,True,4.629503120764393,-0.7599751438495794,0.7547307975320705,0.489094078540802,True,0.42356789112091064,True,1.9060555696487427,True,5,normal,12.198755264282227,-1.7763568394002505e-15,0.0,8.881784197001252e-16,0.3474438904150803,-0.15642614281710465,0.18499560136761928,10.0,19.5,5.0,0.0,0.0,0.0,12.0,0.0,-0.006384043954312801,24.005072913132608,-0.3278733193874359,10.0,19.5,5.0,0.03836118057370186,12.0,minimum_jerk,8
1785142948969361699,9.977927207946777,19.479701042175293,4.973525524139404,-0.09070546180009842,-0.03119497559964657,-0.6760804653167725,0.019625697284936905,25.038820266723633,0.040001921355724335,world,969268891,1785142948,0.4305834472179413,True,True,True,True,4.820732280830362,-0.6953720749149382,6.104413825284338,0.489094078540802,True,0.42356789112091064,True,1.9060555696487427,True,5,normal,12.198755264282227,-1.7763568394002505e-15,0.0,8.881784197001252e-16,0.3474438904150803,-0.15642614281710465,0.18499560136761928,10.0,19.5,5.0,0.0,0.0,0.0,12.0,0.0,-0.006384043954312801,24.005072913132608,-0.3278733193874359,10.0,19.5,5.0,0.040001921355724335,12.0,minimum_jerk,8
1785142949069435416,9.978276252746582,19.48020601272583,4.9932332038879395,0.05934145674109459,0.07513817399740219,-0.003877039533108473,0.019625697284936905,25.13882064819336,0.03015812672674656,world,69269865,1785142949,0.4305834472179413,True,True,True,True,4.3622803224872015,-0.9624808293385726,-0.47336333450597917,0.489094078540802,True,0.42356789112091064,True,1.9060555696487427,True,5,normal,12.198755264282227,-1.7763568394002505e-15,0.0,8.881784197001252e-16,0.3474438904150803,-0.15642614281710465,0.18499560136761928,10.0,19.5,5.0,0.0,0.0,0.0,12.0,0.0,-0.006384043954312801,24.005072913132608,-0.3278733193874359,10.0,19.5,5.0,0.03015812672674656,12.0,minimum_jerk,8
1785142949169347550,9.992562294006348,19.49063730239868,5.040833473205566,0.15045207738876343,0.13029596209526062,-0.050456516444683075,0.019625697284936905,25.238813400268555,0.04254823178052902,world,169263928,1785142949,0.4305834472179413,True,True,True,True,3.4714084190894487,-1.570672384974286,-3.7173326282099053,0.489094078540802,True,0.42356789112091064,True,1.9060555696487427,True,5,normal,12.198755264282227,-1.7763568394002505e-15,0.0,8.881784197001252e-16,0.3474438904150803,-0.15642614281710465,0.18499560136761928,10.0,19.5,5.0,0.0,0.0,0.0,12.0,0.0,-0.006384043954312801,24.005072913132608,-0.3278733193874359,10.0,19.5,5.0,0.04254823178052902,12.0,minimum_jerk,8
1785142949269380302,10.008810997009277,19.5024676322937,5.03089714050293,0.1561669409275055,0.13137193024158478,-0.6674045324325562,0.019625697284936905,25.33881187438965,0.03222353383898735,world,269268259,1785142949,0.4305834472179413,True,True,True,True,3.0004884546080124,-1.901786724098697,0.48953409990026014,0.489094078540802,True,0.42356789112091064,True,1.9060555696487427,True,5,normal,12.198755264282227,-1.7763568394002505e-15,0.0,8.881784197001252e-16,0.3474438904150803,-0.15642614281710465,0.18499560136761928,10.0,19.5,5.0,0.0,0.0,0.0,12.0,0.0,-0.006384043954312801,24.005072913132608,-0.3278733193874359,10.0,19.5,5.0,0.03222353383898735,12.0,minimum_jerk,8
1785142949369357995,10.024298667907715,19.514016151428223,4.974039554595947,0.11204279959201813,0.09976993501186371,-0.6418383717536926,0.019625697284936905,25.43878936767578,0.03822070732712746,world,369236214,1785142949,0.4305834472179413,True,True,True,True,2.7809427147493,-2.0735683534064226,5.610928816937118,0.489094078540802,True,0.42356789112091064,True,1.9060555696487427,True,5,normal,12.198755264282227,-1.7763568394002505e-15,0.0,8.881784197001252e-16,0.3474438904150803,-0.15642614281710465,0.18499560136761928,10.0,19.5,5.0,0.0,0.0,0.0,12.0,0.0,-0.006384043954312801,24.005072913132608,-0.3278733193874359,10.0,19.5,5.0,0.03822070732712746,12.0,minimum_jerk,8
1785142949469345175,10.022124290466309,19.513237476348877,4.998281002044678,-0.06292004138231277,-0.014160893857479095,0.06581921130418777,0.019625697284936905,25.538789749145508,0.02583931013941765,world,469239864,1785142949,0.4305834472179413,True,True,True,True,3.350019085672628,-1.6711873740772965,-0.6417192984300929,0.489094078540802,True,0.42356789112091064,True,1.9060555696487427,True,5,normal,12.198755264282227,-1.7763568394002505e-15,0.0,8.881784197001252e-16,0.3474438904150803,-0.15642614281710465,0.18499560136761928,10.0,19.5,5.0,0.0,0.0,0.0,12.0,0.0,-0.006384043954312801,24.005072913132608,-0.3278733193874359,10.0,19.5,5.0,0.02583931013941765,12.0,minimum_jerk,8
1785142949569357872,10.007637977600098,19.50475549697876,5.040133953094482,-0.142604798078537,-0.07014969736337662,-0.07256194204092026,0.019625697284936905,25.638795852661133,0.041130129247903824,world,569249435,1785142949,0.4305834472179413,True,True,True,True,4.286120593202457,-1.081939350303323,-3.716861841707536,0.489094078540802,True,0.42356789112091064,True,1.9060555696487427,True,5,normal,12.198755264282227,-1.7763568394002505e-15,0.0,8.881784197001252e-16,0.3474438904150803,-0.15642614281710465,0.18499560136761928,10.0,19.5,5.0,0.0,0.0,0.0,12.0,0.0,-0.006384043954312801,24.005072913132608,-0.3278733193874359,10.0,19.5,5.0,0.041130129247903824,12.0,minimum_jerk,8
1785142949669372131,9.989197731018066,19.493853092193604,5.023629188537598,-0.15357838571071625,-0.08160033822059631,-0.7090885639190674,0.019625697284936905,25.738805770874023,0.026698540896177292,world,669261591,1785142949,0.4305834472179413,True,True,True,True,4.766268348011856,-0.7911518176007383,0.6254339781051332,0.489094078540802,True,0.42356789112091064,True,1.9060555696487427,True,5,normal,12.198755264282227,-1.7763568394002505e-15,0.0,8.881784197001252e-16,0.3474438904150803,-0.15642614281710465,0.18499560136761928,10.0,19.5,5.0,0.0,0.0,0.0,12.0,0.0,-0.006384043954312801,24.005072913132608,-0.3278733193874359,10.0,19.5,5.0,0.026698540896177292,12.0,minimum_jerk,8
1785142949769298701,9.974682807922363,19.48477268218994,4.971661567687988,-0.10022441297769547,-0.05959552899003029,-0.5750335454940796,0.019625697284936905,25.8387393951416,0.04093773663043976,world,769187931,1785142949,0.4305834472179413,True,True,True,True,4.964107059424242,-0.6649575315055984,5.560048830693099,0.489094078540802,True,0.42356789112091064,True,1.9060555696487427,True,5,normal,12.198755264282227,-1.7763568394002505e-15,0.0,8.881784197001252e-16,0.3474438904150803,-0.15642614281710465,0.18499560136761928,10.0,19.5,5.0,0.0,0.0,0.0,12.0,0.0,-0.006384043954312801,24.005072913132608,-0.3278733193874359,10.0,19.5,5.0,0.04093773663043976,12.0,minimum_jerk,8
1785142949869339278,9.978371620178223,19.483386039733887,4.999920845031738,0.08719287812709808,0.041973650455474854,0.10474873334169388,0.019625697284936905,25.938762664794922,0.02727300487458706,world,869210775,1785142949,0.4305834472179413,True,True,True,True,4.322135505608702,-0.8784087419886113,-1.0548065651987226,0.489094078540802,True,0.42356789112091064,True,1.9060555696487427,True,5,normal,12.198755264282227,-1.7763568394002505e-15,0.0,8.881784197001252e-16,0.3474438904150803,-0.15642614281710465,0.18499560136761928,10.0,19.5,5.0,0.0,0.0,0.0,12.0,0.0,-0.006384043954312801,24.005072913132608,-0.3278733193874359,10.0,19.5,5.0,0.02727300487458706,12.0,minimum_jerk,8
1785142949969281717,9.995015144348145,19.49048089981079,5.04334020614624,0.16464988887310028,0.09087903797626495,-0.060177650302648544,0.019625697284936905,26.03873634338379,0.04465238377451897,world,969188398,1785142949,0.4305834472179413,True,True,True,True,3.292150981388363,-1.4159598412618861,-3.8822703173062294,0.489094078540802,True,0.42356789112091064,True,1.9060555696487427,True,5,normal,12.198755264282227,-1.7763568394002505e-15,0.0,8.881784197001252e-16,0.3474438904150803,-0.15642614281710465,0.18499560136761928,10.0,19.5,5.0,0.0,0.0,0.0,12.0,0.0,-0.006384043954312801,24.005072913132608,-0.3278733193874359,10.0,19.5,5.0,0.04465238377451897,12.0,minimum_jerk,8
1785142950069291499,10.015226364135742,19.500427722930908,5.025569915771484,0.1685543656349182,0.0977955013513565,-0.7201108336448669,0.019625697284936905,26.13873863220215,0.02976316027343273,world,69188492,1785142950,0.4305834472179413,True,True,True,True,2.8074501805848877,-1.7173433541256264,0.5324029625944526,0.489094078540802,True,0.42356789112091064,True,1.9060555696487427,True,5,normal,12.198755264282227,-1.7763568394002505e-15,0.0,8.881784197001252e-16,0.3474438904150803,-0.15642614281710465,0.18499560136761928,10.0,19.5,5.0,0.0,0.0,0.0,12.0,0.0,-0.006384043954312801,24.005072913132608,-0.3278733193874359,10.0,19.5,5.0,0.02976316027343273,12.0,minimum_jerk,8
1785142950169387808,10.03101921081543,19.50969171524048,4.972677230834961,0.10440084338188171,0.08991122990846634,-0.574569046497345,0.019625697284936905,26.238746643066406,0.04245767742395401,world,169200518,1785142950,0.4305834472179413,True,True,True,True,2.6101164589399164,-1.879373045433217,5.3481868303547575,0.489094078540802,True,0.42356789112091064,True,1.9060555696487427,True,5,normal,12.198755264282227,-1.7763568394002505e-15,0.0,8.881784197001252e-16,0.3474438904150803,-0.15642614281710465,0.18499560136761928,10.0,19.5,5.0,0.0,0.0,0.0,12.0,0.0,-0.006384043954312801,24.005072913132608,-0.3278733193874359,10.0,19.5,5.0,0.04245767742395401,12.0,minimum_jerk,8
1785142950269279355,10.031164169311523,19.513901710510254,5.00009822845459,-0.0885452851653099,0.020802969112992287,0.08505992591381073,0.019625697284936905,26.33872413635254,0.03412437066435814,world,269170789,1785142950,0.4305834472179413,True,True,True,True,3.13788736705433,-1.7849310256277966,-1.5563391774890127,0.489094078540802,True,0.42356789112091064,True,1.9060555696487427,True,5,normal,12.198755264282227,-1.7763568394002505e-15,0.0,8.881784197001252e-16,0.3474438904150803,-0.15642614281710465,0.18499560136761928,10.0,19.5,5.0,0.0,0.0,0.0,12.0,0.0,-0.006384043954312801,24.005072913132608,-0.3278733193874359,10.0,19.5,5.0,0.03412437066435814,12.0,minimum_jerk,8
1785142950369300338,10.014403343200684,19.51169490814209,5.048914432525635,-0.1873365342617035,-0.02863278053700924,-0.0845765769481659,0.019625697284936905,26.438743591308594,0.05231489986181259,world,369193464,1785142950,0.4305834472179413,True,True,True,True,4.210813010184472,-1.4465028976276884,-4.387392237550024,0.489094078540802,True,0.42356789112091064,True,1.9060555696487427,True,5,normal,12.198755264282227,-1.7763568394002505e-15,0.0,8.881784197001252e-16,0.3474438904150803,-0.15642614281710465,0.18499560136761928,10.0,19.5,5.0,0.0,0.0,0.0,12.0,0.0,-0.006384043954312801,24.005072913132608,-0.3278733193874359,10.0,19.5,5.0,0.05231489986181259,12.0,minimum_jerk,8
1785142950469263215,9.993820190429688,19.507320404052734,5.027818202972412,-0.19759665429592133,-0.042370494455099106,-0.767215371131897,0.019625697284936905,26.538726806640625,0.029421603307127953,world,469174955,1785142950,0.4305834472179413,True,True,True,True,4.75786821931114,-1.2512689048331214,0.5195279973145089,0.489094078540802,True,0.42356789112091064,True,1.9060555696487427,True,5,normal,12.198755264282227,-1.7763568394002505e-15,0.0,8.881784197001252e-16,0.3474438904150803,-0.15642614281710465,0.18499560136761928,10.0,19.5,5.0,0.0,0.0,0.0,12.0,0.0,-0.006384043954312801,24.005072913132608,-0.3278733193874359,10.0,19.5,5.0,0.029421603307127953,12.0,minimum_jerk,8
1785142950569234657,9.976387023925781,19.501904010772705,4.973060607910156,-0.14511992037296295,-0.06152121350169182,-0.5849239230155945,0.019625697284936905,26.638721466064453,0.035873789340257645,world,569168237,1785142950,0.4305834472179413,True,True,True,True,4.9634575233247595,-1.1541330024890815,4.784549497542654,0.489094078540802,True,0.42356789112091064,True,1.9060555696487427,True,5,normal,12.198755264282227,-1.7763568394002505e-15,0.0,8.881784197001252e-16,0.3474438904150803,-0.15642614281710465,0.18499560136761928,10.0,19.5,5.0,0.0,0.0,0.0,12.0,0.0,-0.006384043954312801,24.005072913132608,-0.3278733193874359,10.0,19.5,5.0,0.035873789340257645,12.0,minimum_jerk,8
1785142950669248327,9.97491455078125,19.495977878570557,5.006843090057373,0.052102282643318176,-0.04073251038789749,0.11987363547086716,0.019625697284936905,26.738725662231445,0.02631131187081337,world,669172970,1785142950,0.4305834472179413,True,True,True,True,4.535730586533027,-1.0146307782795987,-1.8053895612111264,0.489094078540802,True,0.42356789112091064,True,1.9060555696487427,True,5,normal,12.198755264282227,-1.7763568394002505e-15,0.0,8.881784197001252e-16,0.3474438904150803,-0.15642614281710465,0.18499560136761928,10.0,19.5,5.0,0.0,0.0,0.0,12.0,0.0,-0.006384043954312801,24.005072913132608,-0.3278733193874359,10.0,19.5,5.0,0.02631131187081337,12.0,minimum_jerk,8
1785142950769223125,9.987993240356445,19.49332857131958,5.0537261962890625,0.1367911696434021,-0.01882690005004406,-0.08273381739854813,0.019625697284936905,26.838708877563477,0.055454254150390625,world,769157005,1785142950,0.4305834472179413,True,True,True,True,3.594705806819963,-1.0890557969562344,-4.495132478478883,0.489094078540802,True,0.42356789112091064,True,1.9060555696487427,True,5,normal,12.198755264282227,-1.7763568394002505e-15,0.0,8.881784197001252e-16,0.3474438904150803,-0.15642614281710465,0.18499560136761928,10.0,19.5,5.0,0.0,0.0,0.0,12.0,0.0,-0.006384043954312801,24.005072913132608,-0.3278733193874359,10.0,19.5,5.0,0.055454254150390625,12.0,minimum_jerk,8
1785142950869305208,10.003623962402344,19.491844177246094,5.038570404052734,0.1457100808620453,-0.011370020918548107,-0.7405507564544678,0.019625697284936905,26.938720703125,0.039589475840330124,world,869174321,1785142950,0.4305834472179413,True,True,True,True,3.040994440196491,-1.14345495573534,0.02420724825537407,0.489094078540802,True,0.42356789112091064,True,1.9060555696487427,True,5,normal,12.198755264282227,-1.7763568394002505e-15,0.0,8.881784197001252e-16,0.3474438904150803,-0.15642614281710465,0.18499560136761928,10.0,19.5,5.0,0.0,0.0,0.0,12.0,0.0,-0.006384043954312801,24.005072913132608,-0.3278733193874359,10.0,19.5,5.0,0.039589475840330124,12.0,minimum_jerk,8
1785142950969252768,10.01896858215332,19.492345809936523,4.975211143493652,0.11403843760490417,0.02605373039841652,-0.6785121560096741,0.019625697284936905,27.038698196411133,0.03213846683502197,world,969154590,1785142950,0.4305834472179413,True,True,True,True,2.8415222947075516,-1.194347376656825,5.477528257886192,0.489094078540802,True,0.42356789112091064,True,1.9060555696487427,True,5,normal,12.198755264282227,-1.7763568394002505e-15,0.0,8.881784197001252e-16,0.3474438904150803,-0.15642614281710465,0.18499560136761928,10.0,19.5,5.0,0.0,0.0,0.0,12.0,0.0,-0.006384043954312801,24.005072913132608,-0.3278733193874359,10.0,19.5,5.0,0.03213846683502197,12.0,minimum_jerk,8
1785142951069305468,10.017637252807617,19.499584197998047,5.0015435218811035,-0.05517972260713577,0.06831955164670944,0.06789412349462509,0.019625697284936905,27.138748168945312,0.01770954579114914,world,69199346,1785142951,0.4305834472179413,True,True,True,True,3.3725945715427637,-1.5294959021519907,-1.4881244629006787,0.489094078540802,True,0.42356789112091064,True,1.9060555696487427,True,5,normal,12.198755264282227,-1.7763568394002505e-15,0.0,8.881784197001252e-16,0.3474438904150803,-0.15642614281710465,0.18499560136761928,10.0,19.5,5.0,0.0,0.0,0.0,12.0,0.0,-0.006384043954312801,24.005072913132608,-0.3278733193874359,10.0,19.5,5.0,0.01770954579114914,12.0,minimum_jerk,8
1785142951169202196,10.003800392150879,19.507717609405518,5.0479536056518555,-0.136974036693573,0.06871119886636734,-0.058293525129556656,0.019625697284936905,27.238677978515625,0.048719123005867004,world,169124044,1785142951,0.4305834472179413,True,True,True,True,4.231277892154862,-1.780662432383491,-4.348488538290193,0.489094078540802,True,0.42356789112091064,True,1.9060555696487427,True,5,normal,12.198755264282227,-1.7763568394002505e-15,0.0,8.881784197001252e-16,0.3474438904150803,-0.15642614281710465,0.18499560136761928,10.0,19.5,5.0,0.0,0.0,0.0,12.0,0.0,-0.006384043954312801,24.005072913132608,-0.3278733193874359,10.0,19.5,5.0,0.048719123005867004,12.0,minimum_jerk,8
1785142951269193696,9.986170768737793,19.51546001434326,5.032153129577637,-0.14815084636211395,0.056717440485954285,-0.7407307624816895,0.019625697284936905,27.338680267333984,0.03826334327459335,world,269127767,1785142951,0.4305834472179413,True,True,True,True,4.75452264552194,-1.8851069391270001,-0.3925081947800107,0.489094078540802,True,0.42356789112091064,True,1.9060555696487427,True,5,normal,12.198755264282227,-1.7763568394002505e-15,0.0,8.881784197001252e-16,0.3474438904150803,-0.15642614281710465,0.18499560136761928,10.0,19.5,5.0,0.0,0.0,0.0,12.0,0.0,-0.006384043954312801,24.005072913132608,-0.3278733193874359,10.0,19.5,5.0,0.03826334327459335,12.0,minimum_jerk,8
1785142951369172123,9.971781730651855,19.519548416137695,4.975641250610352,-0.10274901986122131,0.003241636324673891,-0.6626907587051392,0.019625697284936905,27.438669204711914,0.042092278599739075,world,369116572,1785142951,0.4305834472179413,True,True,True,True,4.993934312183002,-1.886652693566453,4.993174698606646,0.489094078540802,True,0.42356789112091064,True,1.9060555696487427,True,5,normal,12.198755264282227,-1.7763568394002505e-15,0.0,8.881784197001252e-16,0.3474438904150803,-0.15642614281710465,0.18499560136761928,10.0,19.5,5.0,0.0,0.0,0.0,12.0,0.0,-0.006384043954312801,24.005072913132608,-0.3278733193874359,10.0,19.5,5.0,0.042092278599739075,12.0,minimum_jerk,8
1785142951469190111,9.973772048950195,19.513075828552246,5.000880718231201,0.08448759466409683,-0.09796687960624695,0.054787181317806244,0.019625697284936905,27.53866195678711,0.02931993082165718,world,469111188,1785142951,0.4305834472179413,True,True,True,True,4.430954207588995,-1.4368438548004479,-1.5738095317677,0.489094078540802,True,0.42356789112091064,True,1.9060555696487427,True,5,normal,12.198755264282227,-1.7763568394002505e-15,0.0,8.881784197001252e-16,0.3474438904150803,-0.15642614281710465,0.18499560136761928,10.0,19.5,5.0,0.0,0.0,0.0,12.0,0.0,-0.006384043954312801,24.005072913132608,-0.3278733193874359,10.0,19.5,5.0,0.02931993082165718,12.0,minimum_jerk,8
1785142951569185087,9.989474296569824,19.50076675415039,5.0439043045043945,0.16622883081436157,-0.12851035594940186,-0.08190443366765976,0.019625697284936905,27.63866424560547,0.045154914259910583,world,569113788,1785142951,0.4305834472179413,True,True,True,True,3.4306688548345794,-0.8597962832642463,-4.56091826613792,0.489094078540802,True,0.42356789112091064,True,1.9060555696487427,True,5,normal,12.198755264282227,-1.7763568394002505e-15,0.0,8.881784197001252e-16,0.3474438904150803,-0.15642614281710465,0.18499560136761928,10.0,19.5,5.0,0.0,0.0,0.0,12.0,0.0,-0.006384043954312801,24.005072913132608,-0.3278733193874359,10.0,19.5,5.0,0.045154914259910583,12.0,minimum_jerk,8
1785142951669180514,10.009086608886719,19.48668384552002,5.026280403137207,0.17127184569835663,-0.12545502185821533,-0.7376860976219177,0.019625697284936905,27.73866081237793,0.030830927193164825,world,669112161,1785142951,0.4305834472179413,True,True,True,True,2.93256432045787,-0.5920193433505623,-0.18151204529929954,0.489094078540802,True,0.42356789112091064,True,1.9060555696487427,True,5,normal,12.198755264282227,-1.7763568394002505e-15,0.0,8.881784197001252e-16,0.3474438904150803,-0.15642614281710465,0.18499560136761928,10.0,19.5,5.0,0.0,0.0,0.0,12.0,0.0,-0.006384043954312801,24.005072913132608,-0.3278733193874359,10.0,19.5,5.0,0.030830927193164825,12.0,minimum_jerk,8
1785142951769177585,10.025057792663574,19.476716995239258,4.972780227661133,0.11730145663022995,-0.06145462766289711,-0.6001229882240295,0.019625697284936905,27.83864402770996,0.043713927268981934,world,769091899,1785142951,0.4305834472179413,True,True,True,True,2.7191959793203786,-0.4828346382635538,4.703907837184651,0.489094078540802,True,0.42356789112091064,True,1.9060555696487427,True,5,normal,12.198755264282227,-1.7763568394002505e-15,0.0,8.881784197001252e-16,0.3474438904150803,-0.15642614281710465,0.18499560136761928,10.0,19.5,5.0,0.0,0.0,0.0,12.0,0.0,-0.006384043954312801,24.005072913132608,-0.3278733193874359,10.0,19.5,5.0,0.043713927268981934,12.0,minimum_jerk,8
1785142951869154328,10.027209281921387,19.48132038116455,5.001631736755371,-0.06955237686634064,0.08836698532104492,0.07100918889045715,0.019625697284936905,27.93864631652832,0.03304444998502731,world,869098397,1785142951,0.4305834472179413,True,True,True,True,3.1258215262430045,-1.028117842591097,-1.9759769114134955,0.489094078540802,True,0.42356789112091064,True,1.9060555696487427,True,5,normal,12.198755264282227,-1.7763568394002505e-15,0.0,8.881784197001252e-16,0.3474438904150803,-0.15642614281710465,0.18499560136761928,10.0,19.5,5.0,0.0,0.0,0.0,12.0,0.0,-0.006384043954312801,24.005072913132608,-0.3278733193874359,10.0,19.5,5.0,0.03304444998502731,12.0,minimum_jerk,8
1785142951969146449,10.014739990234375,19.49565076828003,5.043556213378906,-0.15467840433120728,0.14452838897705078,-0.10419872403144836,0.019625697284936905,28.03862953186035,0.046187952160835266,world,969077655,1785142951,0.4305834472179413,True,True,True,True,4.06139359280095,-1.848932180734605,-4.623606473218766,0.489094078540802,True,0.42356789112091064,True,1.9060555696487427,True,5,normal,12.198755264282227,-1.7763568394002505e-15,0.0,8.881784197001252e-16,0.3474438904150803,-0.15642614281710465,0.18499560136761928,10.0,19.5,5.0,0.0,0.0,0.0,12.0,0.0,-0.006384043954312801,24.005072913132608,-0.3278733193874359,10.0,19.5,5.0,0.046187952160835266,12.0,minimum_jerk,8
1785142952069127661,9.997344017028809,19.512492656707764,5.022878170013428,-0.17061932384967804,0.14320595562458038,-0.7514362335205078,0.019625697284936905,28.138628005981445,0.026201743632555008,world,69075366,1785142952,0.4305834472179413,True,True,True,True,4.557918135819615,-2.192596011423821,-0.05731640139779026,0.489094078540802,True,0.42356789112091064,True,1.9060555696487427,True,5,normal,12.198755264282227,-1.7763568394002505e-15,0.0,8.881784197001252e-16,0.3474438904150803,-0.15642614281710465,0.18499560136761928,10.0,19.5,5.0,0.0,0.0,0.0,12.0,0.0,-0.006384043954312801,24.005072913132608,-0.3278733193874359,10.0,19.5,5.0,0.026201743632555008,12.0,minimum_jerk,8
1785142952169252915,9.982123374938965,19.525022983551025,4.96994686126709,-0.13680435717105865,0.08324901759624481,-0.5740707516670227,0.019625697284936905,28.23863983154297,0.04299900680780411,world,169094558,1785142952,0.4305834472179413,True,True,True,True,4.86658961662617,-2.3712953917950355,4.626404426416821,0.489094078540802,True,0.42356789112091064,True,1.9060555696487427,True,5,normal,12.198755264282227,-1.7763568394002505e-15,0.0,8.881784197001252e-16,0.3474438904150803,-0.15642614281710465,0.18499560136761928,10.0,19.5,5.0,0.0,0.0,0.0,12.0,0.0,-0.006384043954312801,24.005072913132608,-0.3278733193874359,10.0,19.5,5.0,0.04299900680780411,12.0,minimum_jerk,8
1785142952269136912,9.982833862304688,19.52149248123169,5.0019307136535645,0.026403561234474182,-0.08188864588737488,0.10282590240240097,0.019625697284936905,28.338611602783203,0.027574094012379646,world,269059211,1785142952,0.4305834472179413,True,True,True,True,4.316669149661702,-1.7708952918616176,-2.300817175964059,0.489094078540802,True,0.42356789112091064,True,1.9060555696487427,True,5,normal,12.198755264282227,-1.7763568394002505e-15,0.0,8.881784197001252e-16,0.3474438904150803,-0.15642614281710465,0.18499560136761928,10.0,19.5,5.0,0.0,0.0,0.0,12.0,0.0,-0.006384043954312801,24.005072913132608,-0.3278733193874359,10.0,19.5,5.0,0.027574094012379646,12.0,minimum_jerk,8
1785142952369137810,9.994762420654297,19.506701946258545,5.045754909515381,0.09889283776283264,-0.15048345923423767,-0.09360310435295105,0.019625697284936905,28.43861961364746,0.04653880000114441,world,369070148,1785142952,0.4305834472179413,True,True,True,True,3.4679358222515204,-0.8806152114746462,-4.922636200948714,0.489094078540802,True,0.42356789112091064,True,1.9060555696487427,True,5,normal,12.198755264282227,-1.7763568394002505e-15,0.0,8.881784197001252e-16,0.3474438904150803,-0.15642614281710465,0.18499560136761928,10.0,19.5,5.0,0.0,0.0,0.0,12.0,0.0,-0.006384043954312801,24.005072913132608,-0.3278733193874359,10.0,19.5,5.0,0.04653880000114441,12.0,minimum_jerk,8
1785142952469127418,10.009295463562012,19.48845911026001,5.025364398956299,0.10584726929664612,-0.15838634967803955,-0.75706946849823,0.019625697284936905,28.538597106933594,0.029376018792390823,world,469045490,1785142952,0.4305834472179413,True,True,True,True,3.0961070856591024,-0.44760570474997274,-0.23399135524729042,0.489094078540802,True,0.42356789112091064,True,1.9060555696487427,True,5,normal,12.198755264282227,-1.7763568394002505e-15,0.0,8.881784197001252e-16,0.3474438904150803,-0.15642614281710465,0.18499560136761928,10.0,19.5,5.0,0.0,0.0,0.0,12.0,0.0,-0.006384043954312801,24.005072913132608,-0.3278733193874359,10.0,19.5,5.0,0.029376018792390823,12.0,minimum_jerk,8
1785142952569111827,10.020821571350098,19.473543167114258,4.9718780517578125,0.07105269283056259,-0.10829845070838928,-0.5843720436096191,0.019625697284936905,28.638599395751953,0.04386736452579498,world,569046789,1785142952,0.4305834472179413,True,True,True,True,2.956432520304387,-0.23807969804455054,4.631151353680838,0.489094078540802,True,0.42356789112091064,True,1.9060555696487427,True,5,normal,12.198755264282227,-1.7763568394002505e-15,0.0,8.881784197001252e-16,0.3474438904150803,-0.15642614281710465,0.18499560136761928,10.0,19.5,5.0,0.0,0.0,0.0,12.0,0.0,-0.006384043954312801,24.005072913132608,-0.3278733193874359,10.0,19.5,5.0,0.04386736452579498,12.0,minimum_jerk,8
1785142952669121442,10.02001667022705,19.471858501434326,5.001615047454834,-0.07429061084985733,0.061587195843458176,0.0736999660730362,0.019625697284936905,28.738590240478516,0.034571945667266846,world,669041346,1785142952,0.4305834472179413,True,True,True,True,3.351191219895472,-0.6251655203573779,-2.3016322117317207,0.489094078540802,True,0.42356789112091064,True,1.9060555696487427,True,5,normal,12.198755264282227,-1.7763568394002505e-15,0.0,8.881784197001252e-16,0.3474438904150803,-0.15642614281710465,0.18499560136761928,10.0,19.5,5.0,0.0,0.0,0.0,12.0,0.0,-0.006384043954312801,24.005072913132608,-0.3278733193874359,10.0,19.5,5.0,0.034571945667266846,12.0,minimum_jerk,8
1785142952769135804,10.008156776428223,19.483421325683594,5.0425190925598145,-0.13902902603149414,0.13906919956207275,-0.1189582422375679,0.019625697284936905,28.838584899902344,0.04636009782552719,world,769033399,1785142952,0.4305834472179413,True,True,True,True,4.136396575608691,-1.491804342097222,-4.77143202624408,0.489094078540802,True,0.42356789112091064,True,1.9060555696487427,True,5,normal,12.198755264282227,-1.7763568394002505e-15,0.0,8.881784197001252e-16,0.3474438904150803,-0.15642614281710465,0.18499560136761928,10.0,19.5,5.0,0.0,0.0,0.0,12.0,0.0,-0.006384043954312801,24.005072913132608,-0.3278733193874359,10.0,19.5,5.0,0.04636009782552719,12.0,minimum_jerk,8
1785142952869091792,9.992208480834961,19.499379634857178,5.021796703338623,-0.15290045738220215,0.153616264462471,-0.7412265539169312,0.019625697284936905,28.938575744628906,0.023155752569437027,world,869024399,1785142952,0.4305834472179413,True,True,True,True,4.546319341598692,-1.933313317017543,-0.27896700734410473,0.489094078540802,True,0.42356789112091064,True,1.9060555696487427,True,5,normal,12.198755264282227,-1.7763568394002505e-15,0.0,8.881784197001252e-16,0.3474438904150803,-0.15642614281710465,0.18499560136761928,10.0,19.5,5.0,0.0,0.0,0.0,12.0,0.0,-0.006384043954312801,24.005072913132608,-0.3278733193874359,10.0,19.5,5.0,0.023155752569437027,12.0,minimum_jerk,8
1785142952969087421,9.978707313537598,19.513922691345215,4.970597267150879,-0.11405637860298157,0.13693881034851074,-0.5705648064613342,0.019625697284936905,29.038570404052734,0.03888110816478729,world,969020369,1785142952,0.4305834472179413,True,True,True,True,4.818128510042181,-2.2198678000910625,4.2280283666364955,0.489094078540802,True,0.42356789112091064,True,1.9060555696487427,True,5,normal,12.198755264282227,-1.7763568394002505e-15,0.0,8.881784197001252e-16,0.3474438904150803,-0.15642614281710465,0.18499560136761928,10.0,19.5,5.0,0.0,0.0,0.0,12.0,0.0,-0.006384043954312801,24.005072913132608,-0.3278733193874359,10.0,19.5,5.0,0.03888110816478729,12.0,minimum_jerk,8
1785142953069081728,9.980575561523438,19.518051147460938,5.0059123039245605,0.04169480875134468,0.011183795519173145,0.12454374134540558,0.019625697284936905,29.138561248779297,0.027168143540620804,world,69008926,1785142953,0.4305834472179413,True,True,True,True,4.275491492059178,-1.9241012005981746,-2.851209281140523,0.489094078540802,True,0.42356789112091064,True,1.9060555696487427,True,5,normal,12.198755264282227,-1.7763568394002505e-15,0.0,8.881784197001252e-16,0.3474438904150803,-0.15642614281710465,0.18499560136761928,10.0,19.5,5.0,0.0,0.0,0.0,12.0,0.0,-0.006384043954312801,24.005072913132608,-0.3278733193874359,10.0,19.5,5.0,0.027168143540620804,12.0,minimum_jerk,8
1785142953169079963,9.992635726928711,19.51234483718872,5.050459861755371,0.10304882377386093,-0.05469229444861412,-0.11203376948833466,0.019625697284936905,29.238563537597656,0.05246737226843834,world,169014615,1785142953,0.4305834472179413,True,True,True,True,3.517545840648741,-1.3508987735805038,-5.0312456165532,0.489094078540802,True,0.42356789112091064,True,1.9060555696487427,True,5,normal,12.198755264282227,-1.7763568394002505e-15,0.0,8.881784197001252e-16,0.3474438904150803,-0.15642614281710465,0.18499560136761928,10.0,19.5,5.0,0.0,0.0,0.0,12.0,0.0,-0.006384043954312801,24.005072913132608,-0.3278733193874359,10.0,19.5,5.0,0.05246737226843834,12.0,minimum_jerk,8
1785142953269071116,10.006829261779785,19.503469467163086,5.028398513793945,0.10783989727497101,-0.07474053651094437,-0.7748496532440186,0.019625697284936905,29.33854866027832,0.029413459822535515,world,268996601,1785142953,0.4305834472179413,True,True,True,True,3.1281997937868686,-1.00926610780095,-0.5167263001864122,0.489094078540802,True,0.42356789112091064,True,1.9060555696487427,True,5,normal,12.198755264282227,-1.7763568394002505e-15,0.0,8.881784197001252e-16,0.3474438904150803,-0.15642614281710465,0.18499560136761928,10.0,19.5,5.0,0.0,0.0,0.0,12.0,0.0,-0.006384043954312801,24.005072913132608,-0.3278733193874359,10.0,19.5,5.0,0.029413459822535515,12.0,minimum_jerk,8
1785142953369051769,10.018336296081543,19.49427843093872,4.972930431365967,0.06947853416204453,-0.08849883079528809,-0.6002212166786194,0.019625697284936905,29.43854522705078,0.03319213166832924,world,368995216,1785142953,0.4305834472179413,True,True,True,True,3.010064353998356,-0.8227041745142867,4.319340675300054,0.489094078540802,True,0.42356789112091064,True,1.9060555696487427,True,5,normal,12.198755264282227,-1.7763568394002505e-15,0.0,8.881784197001252e-16,0.3474438904150803,-0.15642614281710465,0.18499560136761928,10.0,19.5,5.0,0.0,0.0,0.0,12.0,0.0,-0.006384043954312801,24.005072913132608,-0.3278733193874359,10.0,19.5,5.0,0.03319213166832924,12.0,minimum_jerk,8
1785142953469058149,10.021324157714844,19.490679264068604,5.004888534545898,-0.07334409654140472,-0.023212384432554245,0.10409144312143326,0.019625697284936905,29.538536071777344,0.023780109360814095,world,468984405,1785142953,0.4305834472179413,True,True,True,True,3.2188212484304137,-0.9463002910741007,-2.795736928894623,0.489094078540802,True,0.42356789112091064,True,1.9060555696487427,True,5,normal,12.198755264282227,-1.7763568394002505e-15,0.0,8.881784197001252e-16,0.3474438904150803,-0.15642614281710465,0.18499560136761928,10.0,19.5,5.0,0.0,0.0,0.0,12.0,0.0,-0.006384043954312801,24.005072913132608,-0.3278733193874359,10.0,19.5,5.0,0.023780109360814095,12.0,minimum_jerk,8
1785142953569056234,10.012273788452148,19.49297523498535,5.0491557121276855,-0.135801300406456,0.018209151923656464,-0.10421784222126007,0.019625697284936905,29.63853645324707,0.051149558275938034,world,568985626,1785142953,0.4305834472179413,True,True,True,True,3.9311030318209177,-1.2753456535559176,-5.489403572575562,0.489094078540802,True,0.42356789112091064,True,1.9060555696487427,True,5,normal,12.198755264282227,-1.7763568394002505e-15,0.0,8.881784197001252e-16,0.3474438904150803,-0.15642614281710465,0.18499560136761928,10.0,19.5,5.0,0.0,0.0,0.0,12.0,0.0,-0.006384043954312801,24.005072913132608,-0.3278733193874359,10.0,19.5,5.0,0.051149558275938034,12.0,minimum_jerk,8
1785142953669044431,10.000022888183594,19.496747970581055,5.032108306884766,-0.1482752114534378,0.029583442956209183,-0.7377694249153137,0.019625697284936905,29.738527297973633,0.0322725810110569,world,668974685,1785142953,0.4305834472179413,True,True,True,True,4.354305820226389,-1.4520337786482946,-0.6810106520584628,0.489094078540802,True,0.42356789112091064,True,1.9060555696487427,True,5,normal,12.198755264282227,-1.7763568394002505e-15,0.0,8.881784197001252e-16,0.3474438904150803,-0.15642614281710465,0.18499560136761928,10.0,19.5,5.0,0.0,0.0,0.0,12.0,0.0,-0.006384043954312801,24.005072913132608,-0.3278733193874359,10.0,19.5,5.0,0.0322725810110569,12.0,minimum_jerk,8
1785142953769070317,9.986498832702637,19.501920223236084,4.972626686096191,-0.12981615960597992,0.054040126502513885,-0.6062462329864502,0.019625697284936905,29.838529586791992,0.030582137405872345,world,768980394,1785142953,0.4305834472179413,True,True,True,True,4.6149433879116,-1.5706543791722791,4.4048125995266965,0.489094078540802,True,0.42356789112091064,True,1.9060555696487427,True,5,normal,12.198755264282227,-1.7763568394002505e-15,0.0,8.881784197001252e-16,0.3474438904150803,-0.15642614281710465,0.18499560136761928,10.0,19.5,5.0,0.0,0.0,0.0,12.0,0.0,-0.006384043954312801,24.005072913132608,-0.3278733193874359,10.0,19.5,5.0,0.030582137405872345,12.0,minimum_jerk,8
1785142953869043707,9.98541259765625,19.503929615020752,5.007030487060547,-0.0030780204106122255,0.03539677709341049,0.1563485711812973,0.019625697284936905,29.938518524169922,0.016663189977407455,world,868968390,1785142953,0.4305834472179413,True,True,True,True,4.2668626573426875,-1.5092766422208548,-3.1646531889654597,0.489094078540802,True,0.42356789112091064,True,1.9060555696487427,True,5,normal,12.198755264282227,-1.7763568394002505e-15,0.0,8.881784197001252e-16,0.3474438904150803,-0.15642614281710465,0.18499560136761928,10.0,19.5,5.0,0.0,0.0,0.0,12.0,0.0,-0.006384043954312801,24.005072913132608,-0.3278733193874359,10.0,19.5,5.0,0.016663189977407455,12.0,minimum_jerk,8
1785142953969057490,9.992938995361328,19.503960609436035,5.05684232711792,0.051393769681453705,0.013793908059597015,-0.06343051791191101,0.019625697284936905,30.03852081298828,0.057415977120399475,world,968972937,1785142953,0.4305834472179413,True,True,True,True,3.6421287315533806,-1.4006848173592017,-6.411179205684241,0.489094078540802,True,0.42356789112091064,True,1.9060555696487427,True,5,normal,12.198755264282227,-1.7763568394002505e-15,0.0,8.881784197001252e-16,0.3474438904150803,-0.15642614281710465,0.18499560136761928,10.0,19.5,5.0,0.0,0.0,0.0,12.0,0.0,-0.006384043954312801,24.005072913132608,-0.3278733193874359,10.0,19.5,5.0,0.057415977120399475,12.0,minimum_jerk,8
1785142954069019812,10.001190185546875,19.503387451171875,5.041754245758057,0.0540187805891037,0.006181098986417055,-0.7617226243019104,0.019625697284936905,30.138504028320312,0.04190833494067192,world,68956767,1785142954,0.4305834472179413,True,True,True,True,3.3962616193922437,-1.3453730269432889,-1.2682461982646906,0.489094078540802,True,0.42356789112091064,True,1.9060555696487427,True,5,normal,12.198755264282227,-1.7763568394002505e-15,0.0,8.881784197001252e-16,0.3474438904150803,-0.15642614281710465,0.18499560136761928,10.0,19.5,5.0,0.0,0.0,0.0,12.0,0.0,-0.006384043954312801,24.005072913132608,-0.3278733193874359,10.0,19.5,5.0,0.04190833494067192,12.0,minimum_jerk,8
1785142954169004444,10.009391784667969,19.501959800720215,4.975197792053223,0.04486117884516716,-0.016171326860785484,-0.71040940284729,0.019625697284936905,30.238500595092773,0.026593156158924103,world,168949324,1785142954,0.4305834472179413,True,True,True,True,3.3295318286545186,-1.3028451678831883,4.440434975832405,0.489094078540802,True,0.42356789112091064,True,1.9060555696487427,True,5,normal,12.198755264282227,-1.7763568394002505e-15,0.0,8.881784197001252e-16,0.3474438904150803,-0.15642614281710465,0.18499560136761928,10.0,19.5,5.0,0.0,0.0,0.0,12.0,0.0,-0.006384043954312801,24.005072913132608,-0.3278733193874359,10.0,19.5,5.0,0.026593156158924103,12.0,minimum_jerk,8
1785142954269021415,10.014640808105469,19.500866889953613,4.995805740356445,-0.033687617629766464,-0.021234624087810516,0.015561261214315891,0.019625697284936905,30.3385009765625,0.015254395082592964,world,268952059,1785142954,0.4305834472179413,True,True,True,True,3.304117044308585,-1.2899511913075017,-2.5450387742772884,0.489094078540802,True,0.42356789112091064,True,1.9060555696487427,True,5,normal,12.198755264282227,-1.7763568394002505e-15,0.0,8.881784197001252e-16,0.3474438904150803,-0.15642614281710465,0.18499560136761928,10.0,19.5,5.0,0.0,0.0,0.0,12.0,0.0,-0.006384043954312801,24.005072913132608,-0.3278733193874359,10.0,19.5,5.0,0.015254395082592964,12.0,minimum_jerk,8
1785142954369014533,10.01082706451416,19.499878406524658,5.047531604766846,-0.0904473066329956,-0.014154605567455292,-0.03011481836438179,0.019625697284936905,30.438493728637695,0.04874929413199425,world,368942783,1785142954,0.4305834472179413,True,True,True,True,3.6947107328544826,-1.2848901643719168,-5.787214881486227,0.489094078540802,True,0.42356789112091064,True,1.9060555696487427,True,5,normal,12.198755264282227,-1.7763568394002505e-15,0.0,8.881784197001252e-16,0.3474438904150803,-0.15642614281710465,0.18499560136761928,10.0,19.5,5.0,0.0,0.0,0.0,12.0,0.0,-0.006384043954312801,24.005072913132608,-0.3278733193874359,10.0,19.5,5.0,0.04874929413199425,12.0,minimum_jerk,8
1785142954468991301,10.003172874450684,19.49905014038086,5.034214973449707,-0.10252414643764496,-0.012880651280283928,-0.7312081456184387,0.019625697284936905,30.538469314575195,0.03437490016222,world,468917938,1785142954,0.4305834472179413,True,True,True,True,4.052405052800225,-1.2862405214904604,-1.839020336098407,0.489094078540802,True,0.42356789112091064,True,1.9060555696487427,True,5,normal,12.198755264282227,-1.7763568394002505e-15,0.0,8.881784197001252e-16,0.3474438904150803,-0.15642614281710465,0.18499560136761928,10.0,19.5,5.0,0.0,0.0,0.0,12.0,0.0,-0.006384043954312801,24.005072913132608,-0.3278733193874359,10.0,19.5,5.0,0.03437490016222,12.0,minimum_jerk,8
1785142954568995379,9.995383262634277,19.49841547012329,4.977304935455322,-0.10382650792598724,-0.0011404110118746758,-0.6830476522445679,0.019625697284936905,30.638471603393555,0.023214025422930717,world,568919762,1785142954,0.4305834472179413,True,True,True,True,4.218685092575518,-1.2875101508219273,3.07195303971859,0.489094078540802,True,0.42356789112091064,True,1.9060555696487427,True,5,normal,12.198755264282227,-1.7763568394002505e-15,0.0,8.881784197001252e-16,0.3474438904150803,-0.15642614281710465,0.18499560136761928,10.0,19.5,5.0,0.0,0.0,0.0,12.0,0.0,-0.006384043954312801,24.005072913132608,-0.3278733193874359,10.0,19.5,5.0,0.023214025422930717,12.0,minimum_jerk,8
1785142954668989018,9.996391296386719,19.496378421783447,4.999698162078857,-0.04720541834831238,0.012455970048904419,0.05553430691361427,0.019625697284936905,30.73846435546875,0.005121491849422455,world,668913761,1785142954,0.4305834472179413,True,True,True,True,3.9175120948166287,-1.1940229625930823,-2.852078805627147,0.489094078540802,True,0.42356789112091064,True,1.9060555696487427,True,5,normal,12.198755264282227,-1.7763568394002505e-15,0.0,8.881784197001252e-16,0.3474438904150803,-0.15642614281710465,0.18499560136761928,10.0,19.5,5.0,0.0,0.0,0.0,12.0,0.0,-0.006384043954312801,24.005072913132608,-0.3278733193874359,10.0,19.5,5.0,0.005121491849422455,12.0,minimum_jerk,8
1785142954768974983,10.001155853271484,19.495906352996826,5.051922798156738,-0.00673804571852088,0.016822097823023796,-0.032915979623794556,0.019625697284936905,30.83845329284668,0.05209674686193466,world,768900057,1785142954,0.4305834472179413,True,True,True,True,3.579571520904678,-1.2286401092483266,-6.529105253805678,0.489094078540802,True,0.42356789112091064,True,1.9060555696487427,True,5,normal,12.198755264282227,-1.7763568394002505e-15,0.0,8.881784197001252e-16,0.3474438904150803,-0.15642614281710465,0.18499560136761928,10.0,19.5,5.0,0.0,0.0,0.0,12.0,0.0,-0.006384043954312801,24.005072913132608,-0.3278733193874359,10.0,19.5,5.0,0.05209674686193466,12.0,minimum_jerk,8
1785142954868994669,10.005512237548828,19.496106147766113,5.0358734130859375,-0.00457703648135066,0.015711328014731407,-0.7612075209617615,0.019625697284936905,30.93845558166504,0.036502718925476074,world,868906058,1785142954,0.4305834472179413,True,True,True,True,3.4977591251326094,-1.2721981099335222,-1.837953839777932,0.489094078540802,True,0.42356789112091064,True,1.9060555696487427,True,5,normal,12.198755264282227,-1.7763568394002505e-15,0.0,8.881784197001252e-16,0.3474438904150803,-0.15642614281710465,0.18499560136761928,10.0,19.5,5.0,0.0,0.0,0.0,12.0,0.0,-0.006384043954312801,24.005072913132608,-0.3278733193874359,10.0,19.5,5.0,0.036502718925476074,12.0,minimum_jerk,8
1785142954968997955,10.008213996887207,19.49679470062256,4.976032257080078,-0.014389476738870144,0.020471494644880295,-0.693539023399353,0.019625697284936905,31.038455963134766,0.025538135319948196,world,968908513,1785142954,0.4305834472179413,True,True,True,True,3.524605017382346,-1.295533421745256,3.746153449587757,0.489094078540802,True,0.42356789112091064,True,1.9060555696487427,True,5,normal,12.198755264282227,-1.7763568394002505e-15,0.0,8.881784197001252e-16,0.3474438904150803,-0.15642614281710465,0.18499560136761928,10.0,19.5,5.0,0.0,0.0,0.0,12.0,0.0,-0.006384043954312801,24.005072913132608,-0.3278733193874359,10.0,19.5,5.0,0.025538135319948196,12.0,minimum_jerk,8
1785142955068970457,10.008809089660645,19.498811721801758,5.002311706542969,-0.06672070920467377,0.028766358271241188,0.0953870341181755,0.019625697284936905,31.13844108581543,0.009184555150568485,world,68890402,1785142955,0.4305834472179413,True,True,True,True,3.558540221040229,-1.3631375278013722,-3.1086166859128577,0.489094078540802,True,0.42356789112091064,True,1.9060555696487427,True,5,normal,12.198755264282227,-1.7763568394002505e-15,0.0,8.881784197001252e-16,0.3474438904150803,-0.15642614281710465,0.18499560136761928,10.0,19.5,5.0,0.0,0.0,0.0,12.0,0.0,-0.006384043954312801,24.005072913132608,-0.3278733193874359,10.0,19.5,5.0,0.009184555150568485,12.0,minimum_jerk,8
1785142955168949090,10.004018783569336,19.501265048980713,5.05021858215332,-0.08886590600013733,0.028311746194958687,-0.053145915269851685,0.019625697284936905,31.23843765258789,0.05039500817656517,world,168888711,1785142955,0.4305834472179413,True,True,True,True,3.8640179557315673,-1.4417641794276594,-6.555591975047095,0.489094078540802,True,0.42356789112091064,True,1.9060555696487427,True,5,normal,12.198755264282227,-1.7763568394002505e-15,0.0,8.881784197001252e-16,0.3474438904150803,-0.15642614281710465,0.18499560136761928,10.0,19.5,5.0,0.0,0.0,0.0,12.0,0.0,-0.006384043954312801,24.005072913132608,-0.3278733193874359,10.0,19.5,5.0,0.05039500817656517,12.0,minimum_jerk,8
1785142955268927263,9.997397422790527,19.5035982131958,5.037717819213867,-0.0929078459739685,0.024073446169495583,-0.7214061617851257,0.019625697284936905,31.338430404663086,0.037978339940309525,world,268878936,1785142955,0.4305834472179413,True,True,True,True,4.082106293405329,-1.4723415543562268,-1.9929141451564496,0.489094078540802,True,0.42356789112091064,True,1.9060555696487427,True,5,normal,12.198755264282227,-1.7763568394002505e-15,0.0,8.881784197001252e-16,0.3474438904150803,-0.15642614281710465,0.18499560136761928,10.0,19.5,5.0,0.0,0.0,0.0,12.0,0.0,-0.006384043954312801,24.005072913132608,-0.3278733193874359,10.0,19.5,5.0,0.037978339940309525,12.0,minimum_jerk,8
1785142955368984018,9.990153312683105,19.50511360168457,4.9737772941589355,-0.07932163774967194,0.009012866765260696,-0.7116259932518005,0.019625697284936905,31.438430786132812,0.02847343496978283,world,368879078,1785142955,0.4305834472179413,True,True,True,True,4.257419794982502,-1.4886050940809339,3.721918179878401,0.489094078540802,True,0.42356789112091064,True,1.9060555696487427,True,5,normal,12.198755264282227,-1.7763568394002505e-15,0.0,8.881784197001252e-16,0.3474438904150803,-0.15642614281710465,0.18499560136761928,10.0,19.5,5.0,0.0,0.0,0.0,12.0,0.0,-0.006384043954312801,24.005072913132608,-0.3278733193874359,10.0,19.5,5.0,0.02847343496978283,12.0,minimum_jerk,8
1785142955468911199,9.992259979248047,19.501115798950195,4.99986457824707,-0.005885180085897446,-0.01976276934146881,0.09581984579563141,0.019625697284936905,31.53840446472168,0.007821206003427505,world,468852432,1785142955,0.4305834472179413,True,True,True,True,3.922721246467711,-1.2366616406469273,-3.2053648225325553,0.489094078540802,True,0.42356789112091064,True,1.9060555696487427,True,5,normal,12.198755264282227,-1.7763568394002505e-15,0.0,8.881784197001252e-16,0.3474438904150803,-0.15642614281710465,0.18499560136761928,10.0,19.5,5.0,0.0,0.0,0.0,12.0,0.0,-0.006384043954312801,24.005072913132608,-0.3278733193874359,10.0,19.5,5.0,0.007821206003427505,12.0,minimum_jerk,8
1785142955568900302,9.998312950134277,19.49636697769165,5.048337936401367,0.02603154070675373,-0.02841305173933506,-0.045523740351200104,0.019625697284936905,31.63840103149414,0.04850361868739128,world,568848297,1785142955,0.4305834472179413,True,True,True,True,3.5433913774515218,-1.0480106302478538,-6.732885810716542,0.489094078540802,True,0.42356789112091064,True,1.9060555696487427,True,5,normal,12.198755264282227,-1.7763568394002505e-15,0.0,8.881784197001252e-16,0.3474438904150803,-0.15642614281710465,0.18499560136761928,10.0,19.5,5.0,0.0,0.0,0.0,12.0,0.0,-0.006384043954312801,24.005072913132608,-0.3278733193874359,10.0,19.5,5.0,0.04850361868739128,12.0,minimum_jerk,8
1785142955668906716,10.004473686218262,19.491552352905273,5.031809329986572,0.02470787987112999,-0.028507491573691368,-0.7667105793952942,0.019625697284936905,31.738399505615234,0.03321460634469986,world,668847087,1785142955,0.4305834472179413,True,True,True,True,3.4304419745237085,-0.9901593459110962,-2.0775527147709045,0.489094078540802,True,0.42356789112091064,True,1.9060555696487427,True,5,normal,12.198755264282227,-1.7763568394002505e-15,0.0,8.881784197001252e-16,0.3474438904150803,-0.15642614281710465,0.18499560136761928,10.0,19.5,5.0,0.0,0.0,0.0,12.0,0.0,-0.006384043954312801,24.005072913132608,-0.3278733193874359,10.0,19.5,5.0,0.03321460634469986,12.0,minimum_jerk,8
1785142955768923048,10.00859260559082,19.488131999969482,4.972516059875488,0.003821270540356636,-0.0014494482893496752,-0.6856408715248108,0.019625697284936905,31.838396072387695,0.0311456136405468,world,768846639,1785142955,0.4305834472179413,True,True,True,True,3.437683467928601,-0.9728644594566749,3.442407378383835,0.489094078540802,True,0.42356789112091064,True,1.9060555696487427,True,5,normal,12.198755264282227,-1.7763568394002505e-15,0.0,8.881784197001252e-16,0.3474438904150803,-0.15642614281710465,0.18499560136761928,10.0,19.5,5.0,0.0,0.0,0.0,12.0,0.0,-0.006384043954312801,24.005072913132608,-0.3278733193874359,10.0,19.5,5.0,0.0311456136405468,12.0,minimum_jerk,8
1785142955868917350,10.009254455566406,19.486209869384766,4.998356342315674,-0.06499200314283371,0.0616193488240242,0.08026453852653503,0.019625697284936905,31.938385009765625,0.016688747331500053,world,868832967,1785142955,0.4305834472179413,True,True,True,True,3.5220416690055534,-0.9617008335926828,-3.331627367601796,0.489094078540802,True,0.42356789112091064,True,1.9060555696487427,True,5,normal,12.198755264282227,-1.7763568394002505e-15,0.0,8.881784197001252e-16,0.3474438904150803,-0.15642614281710465,0.18499560136761928,10.0,19.5,5.0,0.0,0.0,0.0,12.0,0.0,-0.006384043954312801,24.005072913132608,-0.3278733193874359,10.0,19.5,5.0,0.016688747331500053,12.0,minimum_jerk,8
1785142955968910880,10.003559112548828,19.4900484085083,5.044979572296143,-0.09451424330472946,0.0826973095536232,-0.05129963159561157,0.019625697284936905,32.03839874267578,0.0462045818567276,world,968847926,1785142955,0.4305834472179413,True,True,True,True,3.899239172638921,-1.2554657881149371,-6.654065546310495,0.489094078540802,True,0.42356789112091064,True,1.9060555696487427,True,5,normal,12.198755264282227,-1.7763568394002505e-15,0.0,8.881784197001252e-16,0.3474438904150803,-0.15642614281710465,0.18499560136761928,10.0,19.5,5.0,0.0,0.0,0.0,12.0,0.0,-0.006384043954312801,24.005072913132608,-0.3278733193874359,10.0,19.5,5.0,0.0462045818567276,12.0,minimum_jerk,8
1785142956068891629,9.995124816894531,19.495879650115967,5.029149532318115,-0.10008646547794342,0.08247102051973343,-0.7498016953468323,0.019625697284936905,32.13837814331055,0.029840240254998207,world,68830238,1785142956,0.4305834472179413,True,True,True,True,4.158824311331634,-1.4477940917609808,-2.186247950312621,0.489094078540802,True,0.42356789112091064,True,1.9060555696487427,True,5,normal,12.198755264282227,-1.7763568394002505e-15,0.0,8.881784197001252e-16,0.3474438904150803,-0.15642614281710465,0.18499560136761928,10.0,19.5,5.0,0.0,0.0,0.0,12.0,0.0,-0.006384043954312801,24.005072913132608,-0.3278733193874359,10.0,19.5,5.0,0.029840240254998207,12.0,minimum_jerk,8
