[INFO] [launch]: All log files can be found below /home/yihuang/learning/LLM_swarm_ws/e5_v2_design_worktree/experiments_v2/Supplementary Large Swarm Demonstration/infrastructure_diagnostics_v2/results/N24/ros_home/log/2026-09-04-16-06-07-538341-JIAOLONG-Series-499303
[INFO] [launch]: Default logging verbosity is set to INFO
[INFO] [ladrc_position_controller_node-1]: process started with pid [499305]
[INFO] [ladrc_position_controller_node-2]: process started with pid [499307]
[INFO] [ladrc_position_controller_node-3]: process started with pid [499309]
[INFO] [ladrc_position_controller_node-4]: process started with pid [499311]
[ladrc_position_controller_node-2] [0m[INFO] [1788509168.008261283] [uav10.ladrc_position_controller]: 已创建 23 个邻居 Odom 订阅[0m
[ladrc_position_controller_node-2] [0m[INFO] [1788509168.040972453] [uav10.ladrc_position_controller]: LADRC 集群执行节点已初始化 (命名空间: /uav10), ENU偏移=[-7.5, 12.5, 0.0][0m
[ladrc_position_controller_node-2] [0m[INFO] [1788509168.041026044] [uav10.ladrc_position_controller]: 等待 swarm_command 和 vehicle_odometry 消息...[0m
[ladrc_position_controller_node-2] [0m[INFO] [1788509168.041038717] [uav10.ladrc_position_controller]: 控制模式: ladrc_acceleration[0m
[ladrc_position_controller_node-2] [33m[WARN] [1788509168.064169501] [uav10.ladrc_position_controller]: 等待新鲜 VehicleOdometry（startup=WAIT_ESTIMATOR_READY armed=0 offboard=0）[0m
[ladrc_position_controller_node-3] [0m[INFO] [1788509168.066252631] [uav11.ladrc_position_controller]: 已创建 23 个邻居 Odom 订阅[0m
[ladrc_position_controller_node-4] [0m[INFO] [1788509168.090926534] [uav12.ladrc_position_controller]: 已创建 23 个邻居 Odom 订阅[0m
[ladrc_position_controller_node-1] [0m[INFO] [1788509168.103077503] [uav9.ladrc_position_controller]: 已创建 23 个邻居 Odom 订阅[0m
[ladrc_position_controller_node-4] [0m[INFO] [1788509168.130766731] [uav12.ladrc_position_controller]: LADRC 集群执行节点已初始化 (命名空间: /uav12), ENU偏移=[-1.5, 12.5, 0.0][0m
[ladrc_position_controller_node-4] [0m[INFO] [1788509168.130849065] [uav12.ladrc_position_controller]: 等待 swarm_command 和 vehicle_odometry 消息...[0m
[ladrc_position_controller_node-4] [0m[INFO] [1788509168.130883008] [uav12.ladrc_position_controller]: 控制模式: ladrc_acceleration[0m
[ladrc_position_controller_node-4] [33m[WARN] [1788509168.150924299] [uav12.ladrc_position_controller]: 等待新鲜 VehicleOdometry（startup=WAIT_ESTIMATOR_READY armed=0 offboard=0）[0m
[ladrc_position_controller_node-3] [0m[INFO] [1788509168.268153638] [uav11.ladrc_position_controller]: LADRC 集群执行节点已初始化 (命名空间: /uav11), ENU偏移=[-4.5, 12.5, 0.0][0m
[ladrc_position_controller_node-3] [0m[INFO] [1788509168.268777216] [uav11.ladrc_position_controller]: 等待 swarm_command 和 vehicle_odometry 消息...[0m
[ladrc_position_controller_node-3] [0m[INFO] [1788509168.268839783] [uav11.ladrc_position_controller]: 控制模式: ladrc_acceleration[0m
[ladrc_position_controller_node-3] [33m[WARN] [1788509168.288307860] [uav11.ladrc_position_controller]: 等待新鲜 VehicleOdometry（startup=WAIT_ESTIMATOR_READY armed=0 offboard=0）[0m
[ladrc_position_controller_node-1] [0m[INFO] [1788509168.339484229] [uav9.ladrc_position_controller]: LADRC 集群执行节点已初始化 (命名空间: /uav9), ENU偏移=[-10.5, 12.5, 0.0][0m
[ladrc_position_controller_node-1] [0m[INFO] [1788509168.339551886] [uav9.ladrc_position_controller]: 等待 swarm_command 和 vehicle_odometry 消息...[0m
[ladrc_position_controller_node-1] [0m[INFO] [1788509168.339567766] [uav9.ladrc_position_controller]: 控制模式: ladrc_acceleration[0m
[ladrc_position_controller_node-1] [33m[WARN] [1788509168.359643220] [uav9.ladrc_position_controller]: 等待新鲜 VehicleOdometry（startup=WAIT_ESTIMATOR_READY armed=0 offboard=0）[0m
[ladrc_position_controller_node-3] [0m[INFO] [1788509168.373121964] [uav11.ladrc_position_controller]: 已接收到 vehicle_odometry 消息[0m
[ladrc_position_controller_node-1] [0m[INFO] [1788509168.404277091] [uav9.ladrc_position_controller]: 已接收到 vehicle_odometry 消息[0m
[ladrc_position_controller_node-4] [0m[INFO] [1788509168.447594787] [uav12.ladrc_position_controller]: 已接收到 vehicle_odometry 消息[0m
[ladrc_position_controller_node-2] [0m[INFO] [1788509168.642171983] [uav10.ladrc_position_controller]: 已接收到 vehicle_odometry 消息[0m
[ladrc_position_controller_node-3] [0m[INFO] [1788509179.968262653] [uav11.ladrc_position_controller]: 请求 ARM（第 1 次）[0m
[ladrc_position_controller_node-1] [0m[INFO] [1788509180.139567981] [uav9.ladrc_position_controller]: 请求 ARM（第 1 次）[0m
[ladrc_position_controller_node-4] [0m[INFO] [1788509180.330868212] [uav12.ladrc_position_controller]: 请求 ARM（第 1 次）[0m
[ladrc_position_controller_node-2] [0m[INFO] [1788509180.541069697] [uav10.ladrc_position_controller]: 请求 ARM（第 1 次）[0m
[ladrc_position_controller_node-3] [0m[INFO] [1788509180.968264422] [uav11.ladrc_position_controller]: 请求 ARM（第 2 次）[0m
[ladrc_position_controller_node-3] [33m[WARN] [1788509181.088192347] [uav11.ladrc_position_controller]: 等待新鲜 VehicleOdometry（startup=ARMING armed=0 offboard=0）[0m
[ladrc_position_controller_node-1] [0m[INFO] [1788509181.239572382] [uav9.ladrc_position_controller]: 请求 ARM（第 2 次）[0m
[ladrc_position_controller_node-1] [33m[WARN] [1788509181.279559411] [uav9.ladrc_position_controller]: 等待新鲜 VehicleOdometry（startup=ARMING armed=0 offboard=0）[0m
[ladrc_position_controller_node-4] [0m[INFO] [1788509181.330882362] [uav12.ladrc_position_controller]: 请求 ARM（第 2 次）[0m
[ladrc_position_controller_node-4] [33m[WARN] [1788509181.450834422] [uav12.ladrc_position_controller]: 等待新鲜 VehicleOdometry（startup=ARMING armed=0 offboard=0）[0m
[ladrc_position_controller_node-4] [0m[INFO] [1788509181.530866549] [uav12.ladrc_position_controller]: 请求 OFFBOARD（第 1 次）[0m
[ladrc_position_controller_node-2] [0m[INFO] [1788509181.541070671] [uav10.ladrc_position_controller]: 请求 ARM（第 2 次）[0m
[ladrc_position_controller_node-2] [33m[WARN] [1788509181.641042246] [uav10.ladrc_position_controller]: 等待新鲜 VehicleOdometry（startup=ARMING armed=0 offboard=0）[0m
[ladrc_position_controller_node-4] [33m[WARN] [1788509182.250923091] [uav12.ladrc_position_controller]: iapf_dual 避障: nearest=U4 d=0.99m Frep[9.9,4.8,4.2][0m
[ladrc_position_controller_node-4] [0m[INFO] [1788509182.251105142] [uav12.ladrc_position_controller]: UAV12 mode=ladrc_acceleration Ref[-0.0,-0.0,1.5] Safe[0.1,0.0,1.5] Pos[-0.00,-0.04,-1.19] Cmd[0.7,0.5,8.0] !IAPF![0m
[ladrc_position_controller_node-4] [33m[WARN] [1788509182.755638597] [uav12.ladrc_position_controller]: iapf_dual 避障: nearest=U4 d=0.89m Frep[9.2,-11.6,-10.7][0m
[ladrc_position_controller_node-4] [0m[INFO] [1788509183.252281550] [uav12.ladrc_position_controller]: UAV12 mode=ladrc_acceleration Ref[-0.0,-0.0,1.5] Safe[0.2,-0.4,1.2] Pos[0.00,-0.03,-1.18] Cmd[2.4,-2.1,8.0] !IAPF![0m
[ladrc_position_controller_node-4] [33m[WARN] [1788509183.271219924] [uav12.ladrc_position_controller]: iapf_dual 避障: nearest=U4 d=0.99m Frep[4.2,-7.7,-7.5][0m
[ladrc_position_controller_node-4] [33m[WARN] [1788509183.790945036] [uav12.ladrc_position_controller]: iapf_dual 避障: nearest=U4 d=1.41m Frep[0.1,-1.3,-1.4][0m
[ladrc_position_controller_node-4] [0m[INFO] [1788509184.272602042] [uav12.ladrc_position_controller]: UAV12 mode=ladrc_acceleration Ref[-0.0,-0.0,1.5] Safe[-0.0,-0.0,1.5] Pos[0.01,-0.04,-1.19] Cmd[2.3,-2.3,8.0] !IAPF![0m
[ladrc_position_controller_node-4] [33m[WARN] [1788509184.291127763] [uav12.ladrc_position_controller]: iapf_dual 避障: nearest=U4 d=1.94m Frep[0.0,0.0,0.0][0m
[ladrc_position_controller_node-4] [33m[WARN] [1788509184.810876618] [uav12.ladrc_position_controller]: iapf_dual 避障: nearest=U4 d=3.53m Frep[0.0,0.0,0.0][0m
[ladrc_position_controller_node-4] [0m[INFO] [1788509185.290967208] [uav12.ladrc_position_controller]: UAV12 mode=ladrc_acceleration Ref[-0.0,-0.0,1.5] Safe[-0.0,-0.0,1.5] Pos[0.19,-0.07,-0.92] Cmd[0.5,-2.0,8.0][0m
[ladrc_position_controller_node-4] [0m[INFO] [1788509186.290975015] [uav12.ladrc_position_controller]: UAV12 mode=ladrc_acceleration Ref[-0.0,-0.0,1.5] Safe[-0.0,-0.0,1.5] Pos[1.06,-0.56,0.79] Cmd[-5.0,2.2,-1.6][0m
[ladrc_position_controller_node-4] [0m[INFO] [1788509187.291009787] [uav12.ladrc_position_controller]: UAV12 mode=ladrc_acceleration Ref[-0.0,-0.0,1.5] Safe[-0.0,-0.0,1.5] Pos[2.44,-1.55,3.54] Cmd[-5.0,5.0,-8.0][0m
[ladrc_position_controller_node-4] [0m[INFO] [1788509188.291009979] [uav12.ladrc_position_controller]: UAV12 mode=ladrc_acceleration Ref[-0.0,-0.0,1.5] Safe[-0.0,-0.0,1.5] Pos[4.55,-4.54,9.97] Cmd[-5.0,5.0,-8.0][0m
[ladrc_position_controller_node-4] [33m[WARN] [1788509188.810915668] [uav12.ladrc_position_controller]: iapf_dual 避障: nearest=U1 d=1.58m Frep[0.6,0.5,0.1][0m
[ladrc_position_controller_node-4] [0m[INFO] [1788509189.310957801] [uav12.ladrc_position_controller]: UAV12 mode=ladrc_acceleration Ref[-0.0,-0.0,1.5] Safe[0.0,-0.0,1.5] Pos[4.80,-7.42,13.40] Cmd[-5.0,5.0,-8.0] !IAPF![0m
[ladrc_position_controller_node-4] [33m[WARN] [1788509189.330874586] [uav12.ladrc_position_controller]: iapf_dual 避障: nearest=U1 d=4.07m Frep[0.0,0.0,0.0][0m
[ladrc_position_controller_node-4] [33m[WARN] [1788509189.850849372] [uav12.ladrc_position_controller]: iapf_dual 避障: nearest=U3 d=8.72m Frep[0.0,0.0,0.0][0m
[ladrc_position_controller_node-4] [0m[INFO] [1788509190.310975687] [uav12.ladrc_position_controller]: UAV12 mode=ladrc_acceleration Ref[-0.0,-0.0,1.5] Safe[-0.0,-0.0,1.5] Pos[4.67,-9.53,7.62] Cmd[-5.0,5.0,8.0][0m
[ladrc_position_controller_node-4] [0m[INFO] [1788509191.330965398] [uav12.ladrc_position_controller]: UAV12 mode=ladrc_acceleration Ref[-0.0,-0.0,1.5] Safe[-0.0,-0.0,1.5] Pos[5.19,-11.24,-6.81] Cmd[-5.0,5.0,8.0][0m
[ladrc_position_controller_node-4] [0m[INFO] [1788509192.350888699] [uav12.ladrc_position_controller]: UAV12 mode=ladrc_acceleration Ref[-0.0,-0.0,1.5] Safe[-0.0,-0.0,1.5] Pos[4.98,-10.66,-2.31] Cmd[-5.0,5.0,-8.0][0m
[ladrc_position_controller_node-3] [0m[INFO] [1788509192.768230436] [uav11.ladrc_position_controller]: 请求 ARM（第 3 次）[0m
[ladrc_position_controller_node-3] [0m[INFO] [1788509192.868265465] [uav11.ladrc_position_controller]: 请求 OFFBOARD（第 1 次）[0m
[ladrc_position_controller_node-1] [0m[INFO] [1788509193.039525649] [uav9.ladrc_position_controller]: 请求 ARM（第 3 次）[0m
[ladrc_position_controller_node-1] [0m[INFO] [1788509193.139564435] [uav9.ladrc_position_controller]: 请求 OFFBOARD（第 1 次）[0m
[ladrc_position_controller_node-2] [0m[INFO] [1788509193.341065259] [uav10.ladrc_position_controller]: 请求 ARM（第 3 次）[0m
[ladrc_position_controller_node-4] [0m[INFO] [1788509193.351088483] [uav12.ladrc_position_controller]: UAV12 mode=ladrc_acceleration Ref[-0.0,-0.0,1.5] Safe[-0.0,-0.0,1.5] Pos[2.99,-9.85,5.04] Cmd[-3.4,5.0,-8.0][0m
[ladrc_position_controller_node-2] [0m[INFO] [1788509193.441018064] [uav10.ladrc_position_controller]: 请求 OFFBOARD（第 1 次）[0m
[ladrc_position_controller_node-3] [31m[ERROR] [1788509193.568367075] [uav11.ladrc_position_controller]: STARTUP_FAILED 已锁止；不会自动 DISARM、重新 ARM 或重新进入 Offboard (armed=0 offboard=0 arm_attempts=3 offboard_attempts=1)[0m
[ladrc_position_controller_node-3] [0m[INFO] [1788509193.588430304] [uav11.ladrc_position_controller]: UAV11 mode=ladrc_acceleration Ref[-0.0,-0.0,-0.8] Safe[-0.0,-0.0,-0.8] Pos[-0.01,-0.01,-0.82] Cmd[0.1,0.1,1.7][0m
[ladrc_position_controller_node-1] [0m[INFO] [1788509194.239529999] [uav9.ladrc_position_controller]: 请求 OFFBOARD（第 2 次）[0m
[ladrc_position_controller_node-4] [0m[INFO] [1788509194.370859230] [uav12.ladrc_position_controller]: UAV12 mode=ladrc_acceleration Ref[-0.0,-0.0,1.5] Safe[-0.0,-0.0,1.5] Pos[0.27,-9.30,11.63] Cmd[5.0,5.0,-8.0][0m
[ladrc_position_controller_node-2] [0m[INFO] [1788509194.441067501] [uav10.ladrc_position_controller]: 请求 OFFBOARD（第 2 次）[0m
[ladrc_position_controller_node-3] [0m[INFO] [1788509194.608403699] [uav11.ladrc_position_controller]: UAV11 mode=ladrc_acceleration Ref[-0.0,-0.0,-0.8] Safe[-0.0,-0.0,-0.8] Pos[-0.01,-0.01,-0.80] Cmd[-0.0,-0.1,-2.3][0m
[ladrc_position_controller_node-1] [0m[INFO] [1788509195.239561990] [uav9.ladrc_position_controller]: 请求 OFFBOARD（第 3 次）[0m
[ladrc_position_controller_node-1] [0m[INFO] [1788509195.359680614] [uav9.ladrc_position_controller]: UAV9 mode=ladrc_acceleration Ref[-0.0,0.0,1.5] Safe[-0.0,0.0,1.5] Pos[-0.01,0.00,-0.87] Cmd[0.0,-0.0,8.0][0m
[ladrc_position_controller_node-4] [0m[INFO] [1788509195.370939381] [uav12.ladrc_position_controller]: UAV12 mode=ladrc_acceleration Ref[-0.0,-0.0,1.5] Safe[-0.0,-0.0,1.5] Pos[-2.37,-8.85,14.77] Cmd[5.0,5.0,-8.0][0m
[ladrc_position_controller_node-2] [0m[INFO] [1788509195.541090217] [uav10.ladrc_position_controller]: 请求 OFFBOARD（第 3 次）[0m
[ladrc_position_controller_node-3] [0m[INFO] [1788509195.628336814] [uav11.ladrc_position_controller]: UAV11 mode=ladrc_acceleration Ref[-0.0,-0.0,-0.8] Safe[-0.0,-0.0,-0.8] Pos[-0.01,-0.01,-0.79] Cmd[-0.0,-0.1,-2.5][0m
[ladrc_position_controller_node-2] [0m[INFO] [1788509196.161222294] [uav10.ladrc_position_controller]: UAV10 mode=ladrc_acceleration Ref[-0.0,0.0,1.5] Safe[-0.0,0.0,1.5] Pos[-0.03,0.01,-0.90] Cmd[-0.2,0.1,8.0][0m
[ladrc_position_controller_node-1] [0m[INFO] [1788509196.379623995] [uav9.ladrc_position_controller]: UAV9 mode=ladrc_acceleration Ref[-0.0,0.0,1.5] Safe[-0.0,0.0,1.5] Pos[-0.01,0.01,-0.84] Cmd[0.0,-0.0,8.0][0m
[ladrc_position_controller_node-4] [0m[INFO] [1788509196.390979162] [uav12.ladrc_position_controller]: UAV12 mode=ladrc_acceleration Ref[-0.0,-0.0,1.5] Safe[-0.0,-0.0,1.5] Pos[-5.43,-7.24,10.36] Cmd[5.0,5.0,3.1][0m
[ladrc_position_controller_node-3] [0m[INFO] [1788509196.648304870] [uav11.ladrc_position_controller]: UAV11 mode=ladrc_acceleration Ref[-0.0,-0.0,-0.8] Safe[-0.0,-0.0,-0.8] Pos[-0.01,-0.01,-0.78] Cmd[-0.0,-0.1,-2.7][0m
[ladrc_position_controller_node-2] [0m[INFO] [1788509197.181095671] [uav10.ladrc_position_controller]: UAV10 mode=ladrc_acceleration Ref[-0.0,0.0,1.5] Safe[-0.0,0.0,1.5] Pos[-0.03,0.01,-0.92] Cmd[0.2,-0.1,8.0][0m
[ladrc_position_controller_node-1] [0m[INFO] [1788509197.379626983] [uav9.ladrc_position_controller]: UAV9 mode=ladrc_acceleration Ref[-0.0,0.0,1.5] Safe[-0.0,0.0,1.5] Pos[-0.01,0.01,-0.79] Cmd[-0.0,-0.1,8.0][0m
[ladrc_position_controller_node-4] [0m[INFO] [1788509197.410919824] [uav12.ladrc_position_controller]: UAV12 mode=ladrc_acceleration Ref[-0.0,-0.0,1.5] Safe[-0.0,-0.0,1.5] Pos[-8.81,-5.70,-2.97] Cmd[5.0,5.0,8.0][0m
[ladrc_position_controller_node-3] [0m[INFO] [1788509197.668270056] [uav11.ladrc_position_controller]: UAV11 mode=ladrc_acceleration Ref[-0.0,-0.0,-0.8] Safe[-0.0,-0.0,-0.8] Pos[-0.01,-0.01,-0.77] Cmd[-0.0,-0.1,-3.3][0m
[ladrc_position_controller_node-2] [0m[INFO] [1788509198.181136235] [uav10.ladrc_position_controller]: UAV10 mode=ladrc_acceleration Ref[-0.0,0.0,1.5] Safe[-0.0,0.0,1.5] Pos[-0.02,0.00,-0.95] Cmd[0.1,-0.1,8.0][0m
[ladrc_position_controller_node-1] [0m[INFO] [1788509198.399615820] [uav9.ladrc_position_controller]: UAV9 mode=ladrc_acceleration Ref[-0.0,0.0,1.5] Safe[-0.0,0.0,1.5] Pos[0.02,-0.01,-0.20] Cmd[-0.2,0.1,4.0][0m
[ladrc_position_controller_node-4] [0m[INFO] [1788509198.430891769] [uav12.ladrc_position_controller]: UAV12 mode=ladrc_acceleration Ref[-0.0,-0.0,1.5] Safe[-0.0,-0.0,1.5] Pos[-7.57,-5.17,-0.06] Cmd[5.0,5.0,-8.0][0m
[ladrc_position_controller_node-3] [0m[INFO] [1788509198.688304346] [uav11.ladrc_position_controller]: UAV11 mode=ladrc_acceleration Ref[-0.0,-0.0,-0.8] Safe[-0.0,-0.0,-0.8] Pos[-0.01,-0.02,-0.78] Cmd[-0.0,-0.1,-3.1][0m
[ladrc_position_controller_node-2] [0m[INFO] [1788509199.201139676] [uav10.ladrc_position_controller]: UAV10 mode=ladrc_acceleration Ref[-0.0,0.0,1.5] Safe[-0.0,0.0,1.5] Pos[0.03,-0.05,-0.62] Cmd[-0.6,0.4,7.0][0m
[ladrc_position_controller_node-1] [0m[INFO] [1788509199.399619821] [uav9.ladrc_position_controller]: UAV9 mode=ladrc_acceleration Ref[-0.0,0.0,1.5] Safe[-0.0,0.0,1.5] Pos[-0.02,-0.16,3.46] Cmd[0.4,1.2,-8.0][0m
[ladrc_position_controller_node-4] [0m[INFO] [1788509199.430927368] [uav12.ladrc_position_controller]: UAV12 mode=ladrc_acceleration Ref[-0.0,-0.0,1.5] Safe[-0.0,-0.0,1.5] Pos[-6.85,-4.67,9.91] Cmd[5.0,5.0,-8.0][0m
[ladrc_position_controller_node-3] [0m[INFO] [1788509199.688328654] [uav11.ladrc_position_controller]: UAV11 mode=ladrc_acceleration Ref[-0.0,-0.0,-0.8] Safe[-0.0,-0.0,-0.8] Pos[-0.00,-0.02,-0.78] Cmd[-0.1,-0.1,-3.5][0m
[ladrc_position_controller_node-2] [0m[INFO] [1788509200.221055678] [uav10.ladrc_position_controller]: UAV10 mode=ladrc_acceleration Ref[-0.0,0.0,1.5] Safe[-0.0,0.0,1.5] Pos[0.62,-0.36,2.55] Cmd[-5.0,3.3,-8.0][0m
[ladrc_position_controller_node-1] [0m[INFO] [1788509200.399649916] [uav9.ladrc_position_controller]: UAV9 mode=ladrc_acceleration Ref[-0.0,0.0,1.5] Safe[-0.0,0.0,1.5] Pos[-0.25,-0.47,9.11] Cmd[2.0,3.7,-8.0][0m
[ladrc_position_controller_node-4] [0m[INFO] [1788509200.450907650] [uav12.ladrc_position_controller]: UAV12 mode=ladrc_acceleration Ref[-0.0,-0.0,1.5] Safe[-0.0,-0.0,1.5] Pos[-7.19,-3.12,15.58] Cmd[5.0,5.0,-8.0][0m
[ladrc_position_controller_node-3] [0m[INFO] [1788509200.708283928] [uav11.ladrc_position_controller]: UAV11 mode=ladrc_acceleration Ref[-0.0,-0.0,-0.8] Safe[-0.0,-0.0,-0.8] Pos[-0.01,-0.01,-0.80] Cmd[-0.0,-0.2,-3.3][0m
[ladrc_position_controller_node-2] [0m[INFO] [1788509201.221109104] [uav10.ladrc_position_controller]: UAV10 mode=ladrc_acceleration Ref[-0.0,0.0,1.5] Safe[-0.0,0.0,1.5] Pos[1.55,-1.22,8.59] Cmd[-5.0,5.0,-8.0][0m
[ladrc_position_controller_node-1] [0m[INFO] [1788509201.419637337] [uav9.ladrc_position_controller]: UAV9 mode=ladrc_acceleration Ref[-0.0,0.0,1.5] Safe[-0.0,0.0,1.5] Pos[-0.79,-0.86,14.29] Cmd[5.0,5.0,-8.0][0m
[ladrc_position_controller_node-4] [0m[INFO] [1788509201.450907875] [uav12.ladrc_position_controller]: UAV12 mode=ladrc_acceleration Ref[-0.0,-0.0,1.5] Safe[-0.0,-0.0,1.5] Pos[-8.19,-1.20,21.19] Cmd[5.0,0.1,-8.0][0m
[ladrc_position_controller_node-3] [0m[INFO] [1788509201.728252782] [uav11.ladrc_position_controller]: UAV11 mode=ladrc_acceleration Ref[-0.0,-0.0,-0.8] Safe[-0.0,-0.0,-0.8] Pos[-0.02,-0.01,-0.83] Cmd[0.0,-0.2,-3.5][0m
[ladrc_position_controller_node-2] [0m[INFO] [1788509202.221121538] [uav10.ladrc_position_controller]: UAV10 mode=ladrc_acceleration Ref[-0.0,0.0,1.5] Safe[-0.0,0.0,1.5] Pos[2.16,-2.06,14.63] Cmd[-5.0,5.0,-8.0][0m
[ladrc_position_controller_node-1] [0m[INFO] [1788509202.439630293] [uav9.ladrc_position_controller]: UAV9 mode=ladrc_acceleration Ref[-0.0,0.0,1.5] Safe[-0.0,0.0,1.5] Pos[-1.34,-1.18,10.28] Cmd[5.0,5.0,4.3][0m
[ladrc_position_controller_node-4] [0m[INFO] [1788509202.470954853] [uav12.ladrc_position_controller]: UAV12 mode=ladrc_acceleration Ref[-0.0,-0.0,1.5] Safe[-0.0,-0.0,1.5] Pos[-7.54,1.44,19.78] Cmd[5.0,-5.0,-8.0][0m
[ladrc_position_controller_node-3] [0m[INFO] [1788509202.728270975] [uav11.ladrc_position_controller]: UAV11 mode=ladrc_acceleration Ref[-0.0,-0.0,-0.8] Safe[-0.0,-0.0,-0.8] Pos[-0.04,0.00,-0.88] Cmd[0.2,-0.3,-2.3][0m
[ladrc_position_controller_node-2] [0m[INFO] [1788509203.241047125] [uav10.ladrc_position_controller]: UAV10 mode=ladrc_acceleration Ref[-0.0,0.0,1.5] Safe[-0.0,0.0,1.5] Pos[1.80,-2.94,12.99] Cmd[-5.0,5.0,-8.0][0m
[ladrc_position_controller_node-1] [0m[INFO] [1788509203.439636210] [uav9.ladrc_position_controller]: UAV9 mode=ladrc_acceleration Ref[-0.0,0.0,1.5] Safe[-0.0,0.0,1.5] Pos[-1.84,-1.61,-2.21] Cmd[5.0,5.0,8.0][0m
[ladrc_position_controller_node-4] [0m[INFO] [1788509203.490903762] [uav12.ladrc_position_controller]: UAV12 mode=ladrc_acceleration Ref[-0.0,-0.0,1.5] Safe[-0.0,-0.0,1.5] Pos[-6.52,3.89,9.86] Cmd[5.0,-5.0,8.0][0m
[ladrc_position_controller_node-3] [0m[INFO] [1788509203.728345349] [uav11.ladrc_position_controller]: UAV11 mode=ladrc_acceleration Ref[-0.0,-0.0,-0.8] Safe[-0.0,-0.0,-0.8] Pos[-0.04,0.01,-0.90] Cmd[0.2,-0.3,-2.4][0m
[ladrc_position_controller_node-2] [0m[INFO] [1788509204.241160699] [uav10.ladrc_position_controller]: UAV10 mode=ladrc_acceleration Ref[-0.0,0.0,1.5] Safe[-0.0,0.0,1.5] Pos[1.50,-3.69,2.52] Cmd[-5.0,5.0,8.0][0m
[ladrc_position_controller_node-1] [0m[INFO] [1788509204.459639337] [uav9.ladrc_position_controller]: UAV9 mode=ladrc_acceleration Ref[-0.0,0.0,1.5] Safe[-0.0,0.0,1.5] Pos[-2.03,-1.46,1.40] Cmd[5.0,4.0,-8.0][0m
[ladrc_position_controller_node-4] [0m[INFO] [1788509204.510898393] [uav12.ladrc_position_controller]: UAV12 mode=ladrc_acceleration Ref[-0.0,-0.0,1.5] Safe[-0.0,-0.0,1.5] Pos[-5.76,5.15,-2.77] Cmd[5.0,-5.0,8.0][0m
[ladrc_position_controller_node-3] [0m[INFO] [1788509204.748264096] [uav11.ladrc_position_controller]: UAV11 mode=ladrc_acceleration Ref[-0.0,-0.0,-0.8] Safe[-0.0,-0.0,-0.8] Pos[-0.05,0.01,-0.95] Cmd[0.4,-0.4,-0.9][0m
[ladrc_position_controller_node-2] [0m[INFO] [1788509205.261070789] [uav10.ladrc_position_controller]: UAV10 mode=ladrc_acceleration Ref[-0.0,0.0,1.5] Safe[-0.0,0.0,1.5] Pos[1.50,-4.42,-13.37] Cmd[-5.0,5.0,8.0][0m
[ladrc_position_controller_node-1] [0m[INFO] [1788509205.479625978] [uav9.ladrc_position_controller]: UAV9 mode=ladrc_acceleration Ref[-0.0,0.0,1.5] Safe[-0.0,0.0,1.5] Pos[-0.65,-0.47,12.69] Cmd[-1.6,1.4,-8.0][0m
[ladrc_position_controller_node-4] [0m[INFO] [1788509205.530895443] [uav12.ladrc_position_controller]: UAV12 mode=ladrc_acceleration Ref[-0.0,-0.0,1.5] Safe[-0.0,-0.0,1.5] Pos[-5.82,4.62,12.65] Cmd[5.0,-5.0,-8.0][0m
[ladrc_position_controller_node-3] [0m[INFO] [1788509205.748303145] [uav11.ladrc_position_controller]: UAV11 mode=ladrc_acceleration Ref[-0.0,-0.0,-0.8] Safe[-0.0,-0.0,-0.8] Pos[-0.04,0.00,-0.95] Cmd[0.4,-0.4,-1.0][0m
[ladrc_position_controller_node-2] [0m[INFO] [1788509206.281075160] [uav10.ladrc_position_controller]: UAV10 mode=ladrc_acceleration Ref[-0.0,0.0,1.5] Safe[-0.0,0.0,1.5] Pos[1.28,-4.06,2.07] Cmd[-4.6,5.0,-3.0][0m
[ladrc_position_controller_node-1] [0m[INFO] [1788509206.499580886] [uav9.ladrc_position_controller]: UAV9 mode=ladrc_acceleration Ref[-0.0,0.0,1.5] Safe[-0.0,0.0,1.5] Pos[1.20,1.38,17.91] Cmd[-5.0,-5.0,-8.0][0m
[ladrc_position_controller_node-4] [0m[INFO] [1788509206.550864527] [uav12.ladrc_position_controller]: UAV12 mode=ladrc_acceleration Ref[-0.0,-0.0,1.5] Safe[-0.0,-0.0,1.5] Pos[-5.76,3.32,16.54] Cmd[5.0,-4.0,-8.0][0m
[ladrc_position_controller_node-3] [0m[INFO] [1788509206.748309789] [uav11.ladrc_position_controller]: UAV11 mode=ladrc_acceleration Ref[-0.0,-0.0,-0.8] Safe[-0.0,-0.0,-0.8] Pos[-0.04,-0.00,-0.96] Cmd[0.4,-0.4,0.0][0m
[ladrc_position_controller_node-2] [0m[INFO] [1788509207.281095617] [uav10.ladrc_position_controller]: UAV10 mode=ladrc_acceleration Ref[-0.0,0.0,1.5] Safe[-0.0,0.0,1.5] Pos[-1.10,-1.32,6.71] Cmd[5.0,-5.0,-8.0][0m
[ladrc_position_controller_node-1] [0m[INFO] [1788509207.499582898] [uav9.ladrc_position_controller]: UAV9 mode=ladrc_acceleration Ref[-0.0,0.0,1.5] Safe[-0.0,0.0,1.5] Pos[3.08,3.64,22.98] Cmd[-5.0,-5.0,-8.0][0m
[ladrc_position_controller_node-4] [0m[INFO] [1788509207.550881547] [uav12.ladrc_position_controller]: UAV12 mode=ladrc_acceleration Ref[-0.0,-0.0,1.5] Safe[-0.0,-0.0,1.5] Pos[-6.34,-2.20,20.87] Cmd[5.0,5.0,-8.0][0m
[ladrc_position_controller_node-3] [0m[INFO] [1788509207.768295679] [uav11.ladrc_position_controller]: UAV11 mode=ladrc_acceleration Ref[-0.0,-0.0,-0.8] Safe[-0.0,-0.0,-0.8] Pos[-0.03,-0.01,-0.94] Cmd[0.5,-0.4,0.1][0m
[ladrc_position_controller_node-2] [0m[INFO] [1788509208.301088427] [uav10.ladrc_position_controller]: UAV10 mode=ladrc_acceleration Ref[-0.0,0.0,1.5] Safe[-0.0,0.0,1.5] Pos[-5.40,3.82,11.70] Cmd[5.0,-5.0,-8.0][0m
[ladrc_position_controller_node-1] [0m[INFO] [1788509208.499585216] [uav9.ladrc_position_controller]: UAV9 mode=ladrc_acceleration Ref[-0.0,0.0,1.5] Safe[-0.0,0.0,1.5] Pos[5.03,6.69,21.20] Cmd[-5.0,-5.0,-8.0][0m
[ladrc_position_controller_node-4] [0m[INFO] [1788509208.550896869] [uav12.ladrc_position_controller]: UAV12 mode=ladrc_acceleration Ref[-0.0,-0.0,1.5] Safe[-0.0,-0.0,1.5] Pos[-6.91,-9.84,21.87] Cmd[5.0,5.0,-8.0][0m
[ladrc_position_controller_node-3] [0m[INFO] [1788509208.788262979] [uav11.ladrc_position_controller]: UAV11 mode=ladrc_acceleration Ref[-0.0,-0.0,-0.8] Safe[-0.0,-0.0,-0.8] Pos[-0.02,-0.01,-0.92] Cmd[0.5,-0.5,1.1][0m
[ladrc_position_controller_node-2] [0m[INFO] [1788509209.301104067] [uav10.ladrc_position_controller]: UAV10 mode=ladrc_acceleration Ref[-0.0,0.0,1.5] Safe[-0.0,0.0,1.5] Pos[-9.87,9.11,10.04] Cmd[5.0,-5.0,-7.1][0m
[ladrc_position_controller_node-1] [0m[INFO] [1788509209.519588591] [uav9.ladrc_position_controller]: UAV9 mode=ladrc_acceleration Ref[-0.0,0.0,1.5] Safe[-0.0,0.0,1.5] Pos[6.95,9.53,10.73] Cmd[-5.0,-5.0,8.0][0m
[ladrc_position_controller_node-4] [0m[INFO] [1788509209.570864958] [uav12.ladrc_position_controller]: UAV12 mode=ladrc_acceleration Ref[-0.0,-0.0,1.5] Safe[-0.0,-0.0,1.5] Pos[-6.46,-16.67,14.77] Cmd[5.0,5.0,-0.1][0m
[ladrc_position_controller_node-3] [0m[INFO] [1788509209.788285891] [uav11.ladrc_position_controller]: UAV11 mode=ladrc_acceleration Ref[-0.0,-0.0,-0.8] Safe[-0.0,-0.0,-0.8] Pos[-0.01,0.00,-0.88] Cmd[0.4,-0.5,0.6][0m
[ladrc_position_controller_node-2] [0m[INFO] [1788509210.321103050] [uav10.ladrc_position_controller]: UAV10 mode=ladrc_acceleration Ref[-0.0,0.0,1.5] Safe[-0.0,0.0,1.5] Pos[-14.52,14.81,-0.94] Cmd[5.0,-5.0,8.0][0m
[ladrc_position_controller_node-1] [0m[INFO] [1788509210.539581972] [uav9.ladrc_position_controller]: UAV9 mode=ladrc_acceleration Ref[-0.0,0.0,1.5] Safe[-0.0,0.0,1.5] Pos[7.18,9.06,-3.28] Cmd[-5.0,-5.0,8.0][0m
[ladrc_position_controller_node-4] [0m[INFO] [1788509210.570868099] [uav12.ladrc_position_controller]: UAV12 mode=ladrc_acceleration Ref[-0.0,-0.0,1.5] Safe[-0.0,-0.0,1.5] Pos[-5.64,-17.79,5.71] Cmd[5.0,5.0,-3.7][0m
[ladrc_position_controller_node-3] [0m[INFO] [1788509210.808241871] [uav11.ladrc_position_controller]: UAV11 mode=ladrc_acceleration Ref[-0.0,-0.0,-0.8] Safe[-0.0,-0.0,-0.8] Pos[-0.01,0.01,-0.84] Cmd[0.5,-0.6,0.7][0m
[ladrc_position_controller_node-2] [0m[INFO] [1788509211.341068416] [uav10.ladrc_position_controller]: UAV10 mode=ladrc_acceleration Ref[-0.0,0.0,1.5] Safe[-0.0,0.0,1.5] Pos[-15.62,15.86,-2.47] Cmd[5.0,-5.0,-8.0][0m
[ladrc_position_controller_node-1] [0m[INFO] [1788509211.539594767] [uav9.ladrc_position_controller]: UAV9 mode=ladrc_acceleration Ref[-0.0,0.0,1.5] Safe[-0.0,0.0,1.5] Pos[6.40,8.34,11.80] Cmd[-5.0,-5.0,-8.0][0m
[ladrc_position_controller_node-4] [0m[INFO] [1788509211.570886103] [uav12.ladrc_position_controller]: UAV12 mode=ladrc_acceleration Ref[-0.0,-0.0,1.5] Safe[-0.0,-0.0,1.5] Pos[-5.79,-16.40,3.29] Cmd[5.0,5.0,-8.0][0m
[ladrc_position_controller_node-3] [0m[INFO] [1788509211.828224958] [uav11.ladrc_position_controller]: UAV11 mode=ladrc_acceleration Ref[-0.0,-0.0,-0.8] Safe[-0.0,-0.0,-0.8] Pos[-0.01,0.01,-0.80] Cmd[0.5,-0.7,0.4][0m
[ladrc_position_controller_node-2] [0m[INFO] [1788509212.341072982] [uav10.ladrc_position_controller]: UAV10 mode=ladrc_acceleration Ref[-0.0,0.0,1.5] Safe[-0.0,0.0,1.5] Pos[-14.33,13.99,9.26] Cmd[5.0,-5.0,-5.7][0m
[ladrc_position_controller_node-1] [0m[INFO] [1788509212.559577440] [uav9.ladrc_position_controller]: UAV9 mode=ladrc_acceleration Ref[-0.0,0.0,1.5] Safe[-0.0,0.0,1.5] Pos[5.17,9.55,16.65] Cmd[-5.0,-5.0,-8.0][0m
[ladrc_position_controller_node-4] [0m[INFO] [1788509212.590840843] [uav12.ladrc_position_controller]: UAV12 mode=ladrc_acceleration Ref[-0.0,-0.0,1.5] Safe[-0.0,-0.0,1.5] Pos[-5.64,-15.95,6.46] Cmd[5.0,5.0,-8.0][0m
[ladrc_position_controller_node-3] [0m[INFO] [1788509212.828236084] [uav11.ladrc_position_controller]: UAV11 mode=ladrc_acceleration Ref[-0.0,-0.0,-0.8] Safe[-0.0,-0.0,-0.8] Pos[0.01,0.01,-0.77] Cmd[0.4,-0.7,0.1][0m
[ladrc_position_controller_node-2] [0m[INFO] [1788509213.361051734] [uav10.ladrc_position_controller]: UAV10 mode=ladrc_acceleration Ref[-0.0,0.0,1.5] Safe[-0.0,0.0,1.5] Pos[-11.47,11.04,13.64] Cmd[5.0,-5.0,-8.0][0m
[ladrc_position_controller_node-1] [0m[INFO] [1788509213.579600544] [uav9.ladrc_position_controller]: UAV9 mode=ladrc_acceleration Ref[-0.0,0.0,1.5] Safe[-0.0,0.0,1.5] Pos[0.75,13.63,21.43] Cmd[5.0,-5.0,-8.0][0m
[ladrc_position_controller_node-4] [0m[INFO] [1788509213.590885799] [uav12.ladrc_position_controller]: UAV12 mode=ladrc_acceleration Ref[-0.0,-0.0,1.5] Safe[-0.0,-0.0,1.5] Pos[-4.32,-14.35,11.79] Cmd[5.0,5.0,-8.0][0m
[ladrc_position_controller_node-3] [0m[INFO] [1788509213.828254800] [uav11.ladrc_position_controller]: UAV11 mode=ladrc_acceleration Ref[-0.0,-0.0,-0.8] Safe[-0.0,-0.0,-0.8] Pos[0.02,0.01,-0.75] Cmd[0.3,-0.8,-0.4][0m
[ladrc_position_controller_node-2] [0m[INFO] [1788509214.361058225] [uav10.ladrc_position_controller]: UAV10 mode=ladrc_acceleration Ref[-0.0,0.0,1.5] Safe[-0.0,0.0,1.5] Pos[-7.16,6.92,17.05] Cmd[5.0,-5.0,-8.0][0m
[ladrc_position_controller_node-4] [0m[INFO] [1788509214.590910023] [uav12.ladrc_position_controller]: UAV12 mode=ladrc_acceleration Ref[-0.0,-0.0,1.5] Safe[-0.0,-0.0,1.5] Pos[-2.09,-11.99,10.85] Cmd[1.2,5.0,-8.0][0m
[ladrc_position_controller_node-1] [0m[INFO] [1788509214.599574762] [uav9.ladrc_position_controller]: UAV9 mode=ladrc_acceleration Ref[-0.0,0.0,1.5] Safe[-0.0,0.0,1.5] Pos[-3.25,18.67,21.68] Cmd[5.0,-5.0,-8.0][0m
[ladrc_position_controller_node-3] [0m[INFO] [1788509214.848229989] [uav11.ladrc_position_controller]: UAV11 mode=ladrc_acceleration Ref[-0.0,-0.0,-0.8] Safe[-0.0,-0.0,-0.8] Pos[0.03,0.01,-0.73] Cmd[0.2,-0.8,-1.2][0m
[ladrc_position_controller_node-2] [0m[INFO] [1788509215.381005649] [uav10.ladrc_position_controller]: UAV10 mode=ladrc_acceleration Ref[-0.0,0.0,1.5] Safe[-0.0,0.0,1.5] Pos[-1.34,1.39,15.70] Cmd[-5.0,5.0,-8.0][0m
[ladrc_position_controller_node-1] [0m[INFO] [1788509215.599577902] [uav9.ladrc_position_controller]: UAV9 mode=ladrc_acceleration Ref[-0.0,0.0,1.5] Safe[-0.0,0.0,1.5] Pos[-6.85,21.86,13.51] Cmd[5.0,-5.0,-8.0][0m
[ladrc_position_controller_node-4] [0m[INFO] [1788509215.610932306] [uav12.ladrc_position_controller]: UAV12 mode=ladrc_acceleration Ref[-0.0,-0.0,1.5] Safe[-0.0,-0.0,1.5] Pos[-0.55,-10.00,5.18] Cmd[4.1,5.0,-1.4][0m
[ladrc_position_controller_node-3] [0m[INFO] [1788509215.848232115] [uav11.ladrc_position_controller]: UAV11 mode=ladrc_acceleration Ref[-0.0,-0.0,-0.8] Safe[-0.0,-0.0,-0.8] Pos[0.03,0.01,-0.71] Cmd[0.1,-0.9,-1.7][0m
[ladrc_position_controller_node-2] [0m[INFO] [1788509216.401004776] [uav10.ladrc_position_controller]: UAV10 mode=ladrc_acceleration Ref[-0.0,0.0,1.5] Safe[-0.0,0.0,1.5] Pos[4.15,-3.93,6.45] Cmd[-5.0,5.0,8.0][0m
[ladrc_position_controller_node-1] [0m[INFO] [1788509216.599589392] [uav9.ladrc_position_controller]: UAV9 mode=ladrc_acceleration Ref[-0.0,0.0,1.5] Safe[-0.0,0.0,1.5] Pos[-7.30,21.05,4.76] Cmd[5.0,-5.0,3.1][0m
[ladrc_position_controller_node-4] [0m[INFO] [1788509216.630890265] [uav12.ladrc_position_controller]: UAV12 mode=ladrc_acceleration Ref[-0.0,-0.0,1.5] Safe[-0.0,-0.0,1.5] Pos[-1.19,-11.10,5.90] Cmd[5.0,5.0,-8.0][0m
[ladrc_position_controller_node-3] [0m[INFO] [1788509216.868223857] [uav11.ladrc_position_controller]: UAV11 mode=ladrc_acceleration Ref[-0.0,-0.0,-0.8] Safe[-0.0,-0.0,-0.8] Pos[0.03,0.01,-0.70] Cmd[0.0,-0.9,-2.5][0m
[ladrc_position_controller_node-2] [0m[INFO] [1788509217.401058072] [uav10.ladrc_position_controller]: UAV10 mode=ladrc_acceleration Ref[-0.0,0.0,1.5] Safe[-0.0,0.0,1.5] Pos[4.50,-4.40,-1.38] Cmd[1.2,-2.3,8.0][0m
[ladrc_position_controller_node-1] [0m[INFO] [1788509217.619560001] [uav9.ladrc_position_controller]: UAV9 mode=ladrc_acceleration Ref[-0.0,0.0,1.5] Safe[-0.0,0.0,1.5] Pos[-6.27,19.97,7.80] Cmd[5.0,-5.0,-8.0][0m
[ladrc_position_controller_node-4] [0m[INFO] [1788509217.630907983] [uav12.ladrc_position_controller]: UAV12 mode=ladrc_acceleration Ref[-0.0,-0.0,1.5] Safe[-0.0,-0.0,1.5] Pos[-1.39,-10.90,8.85] Cmd[5.0,5.0,-8.0][0m
[ladrc_position_controller_node-3] [0m[INFO] [1788509217.888204312] [uav11.ladrc_position_controller]: UAV11 mode=ladrc_acceleration Ref[-0.0,-0.0,-0.8] Safe[-0.0,-0.0,-0.8] Pos[0.02,0.00,-0.70] Cmd[0.0,-0.9,-3.0][0m
[ladrc_position_controller_node-2] [0m[INFO] [1788509218.421088188] [uav10.ladrc_position_controller]: UAV10 mode=ladrc_acceleration Ref[-0.0,0.0,1.5] Safe[-0.0,0.0,1.5] Pos[3.22,-2.98,7.72] Cmd[-5.0,4.5,-8.0][0m
[ladrc_position_controller_node-1] [0m[INFO] [1788509218.639525165] [uav9.ladrc_position_controller]: UAV9 mode=ladrc_acceleration Ref[-0.0,0.0,1.5] Safe[-0.0,0.0,1.5] Pos[-5.76,20.42,22.33] Cmd[5.0,-5.0,-8.0][0m
[ladrc_position_controller_node-4] [0m[INFO] [1788509218.650816000] [uav12.ladrc_position_controller]: UAV12 mode=ladrc_acceleration Ref[-0.0,-0.0,1.5] Safe[-0.0,-0.0,1.5] Pos[-1.61,-9.10,9.08] Cmd[5.0,5.0,-8.0][0m
[ladrc_position_controller_node-3] [0m[INFO] [1788509218.888256329] [uav11.ladrc_position_controller]: UAV11 mode=ladrc_acceleration Ref[-0.0,-0.0,-0.8] Safe[-0.0,-0.0,-0.8] Pos[0.03,0.00,-0.69] Cmd[-0.1,-1.0,-4.0][0m
[ladrc_position_controller_node-2] [0m[INFO] [1788509219.441068978] [uav10.ladrc_position_controller]: UAV10 mode=ladrc_acceleration Ref[-0.0,0.0,1.5] Safe[-0.0,0.0,1.5] Pos[1.24,-0.85,16.18] Cmd[3.1,-5.0,-8.0][0m
[ladrc_position_controller_node-1] [0m[INFO] [1788509219.639593399] [uav9.ladrc_position_controller]: UAV9 mode=ladrc_acceleration Ref[-0.0,0.0,1.5] Safe[-0.0,0.0,1.5] Pos[-5.15,23.99,24.18] Cmd[5.0,-5.0,-8.0][0m
[ladrc_position_controller_node-4] [0m[INFO] [1788509219.650849760] [uav12.ladrc_position_controller]: UAV12 mode=ladrc_acceleration Ref[-0.0,-0.0,1.5] Safe[-0.0,-0.0,1.5] Pos[-1.46,-8.91,10.16] Cmd[5.0,5.0,-8.0][0m
[ladrc_position_controller_node-3] [0m[INFO] [1788509219.888280139] [uav11.ladrc_position_controller]: UAV11 mode=ladrc_acceleration Ref[-0.0,-0.0,-0.8] Safe[-0.0,-0.0,-0.8] Pos[0.02,-0.00,-0.68] Cmd[-0.2,-1.0,-4.5][0m
[ladrc_position_controller_node-2] [0m[INFO] [1788509220.461079830] [uav10.ladrc_position_controller]: UAV10 mode=ladrc_acceleration Ref[-0.0,0.0,1.5] Safe[-0.0,0.0,1.5] Pos[-1.98,1.47,21.75] Cmd[5.0,-5.0,-8.0][0m
[ladrc_position_controller_node-1] [0m[INFO] [1788509220.659717411] [uav9.ladrc_position_controller]: UAV9 mode=ladrc_acceleration Ref[-0.0,0.0,1.5] Safe[-0.0,0.0,1.5] Pos[-5.21,31.00,25.20] Cmd[5.0,-5.0,-8.0][0m
[ladrc_position_controller_node-4] [0m[INFO] [1788509220.670835804] [uav12.ladrc_position_controller]: UAV12 mode=ladrc_acceleration Ref[-0.0,-0.0,1.5] Safe[-0.0,-0.0,1.5] Pos[-1.62,-9.42,11.97] Cmd[5.0,5.0,-8.0][0m
[ladrc_position_controller_node-3] [0m[INFO] [1788509220.908179821] [uav11.ladrc_position_controller]: UAV11 mode=ladrc_acceleration Ref[-0.0,-0.0,-0.8] Safe[-0.0,-0.0,-0.8] Pos[0.03,-0.01,-0.66] Cmd[-0.3,-1.0,-5.7][0m
[ladrc_position_controller_node-2] [0m[INFO] [1788509221.481041465] [uav10.ladrc_position_controller]: UAV10 mode=ladrc_acceleration Ref[-0.0,0.0,1.5] Safe[-0.0,0.0,1.5] Pos[-5.37,3.41,23.33] Cmd[5.0,-5.0,-8.0][0m
[ladrc_position_controller_node-1] [0m[INFO] [1788509221.679576534] [uav9.ladrc_position_controller]: UAV9 mode=ladrc_acceleration Ref[-0.0,0.0,1.5] Safe[-0.0,0.0,1.5] Pos[-4.19,36.78,18.02] Cmd[5.0,-5.0,-8.0][0m
[ladrc_position_controller_node-4] [0m[INFO] [1788509221.690799261] [uav12.ladrc_position_controller]: UAV12 mode=ladrc_acceleration Ref[-0.0,-0.0,1.5] Safe[-0.0,-0.0,1.5] Pos[-1.67,-9.47,13.11] Cmd[5.0,5.0,-8.0][0m
[ladrc_position_controller_node-3] [0m[INFO] [1788509221.908230863] [uav11.ladrc_position_controller]: UAV11 mode=ladrc_acceleration Ref[-0.0,-0.0,-0.8] Safe[-0.0,-0.0,-0.8] Pos[0.03,-0.02,-0.63] Cmd[-0.4,-1.0,-6.7][0m
[ladrc_position_controller_node-2] [0m[INFO] [1788509222.481093907] [uav10.ladrc_position_controller]: UAV10 mode=ladrc_acceleration Ref[-0.0,0.0,1.5] Safe[-0.0,0.0,1.5] Pos[-8.43,5.00,16.30] Cmd[5.0,-5.0,-4.9][0m
[ladrc_position_controller_node-4] [0m[INFO] [1788509222.690898882] [uav12.ladrc_position_controller]: UAV12 mode=ladrc_acceleration Ref[-0.0,-0.0,1.5] Safe[-0.0,-0.0,1.5] Pos[-1.70,-9.47,13.58] Cmd[5.0,5.0,-8.0][0m
[ladrc_position_controller_node-1] [0m[INFO] [1788509222.699591744] [uav9.ladrc_position_controller]: UAV9 mode=ladrc_acceleration Ref[-0.0,0.0,1.5] Safe[-0.0,0.0,1.5] Pos[-3.90,36.04,11.33] Cmd[5.0,-5.0,-8.0][0m
[ladrc_position_controller_node-3] [0m[INFO] [1788509222.928253807] [uav11.ladrc_position_controller]: UAV11 mode=ladrc_acceleration Ref[-0.0,-0.0,-0.8] Safe[-0.0,-0.0,-0.8] Pos[0.03,-0.02,-0.58] Cmd[-0.4,-0.9,-8.0][0m
[ladrc_position_controller_node-2] [0m[INFO] [1788509223.501050444] [uav10.ladrc_position_controller]: UAV10 mode=ladrc_acceleration Ref[-0.0,0.0,1.5] Safe[-0.0,0.0,1.5] Pos[-9.64,5.70,4.04] Cmd[5.0,-5.0,8.0][0m
[ladrc_position_controller_node-4] [0m[INFO] [1788509223.690946470] [uav12.ladrc_position_controller]: UAV12 mode=ladrc_acceleration Ref[-0.0,-0.0,1.5] Safe[-0.0,-0.0,1.5] Pos[-1.70,-9.43,12.59] Cmd[5.0,5.0,-8.0][0m
[ladrc_position_controller_node-1] [0m[INFO] [1788509223.719502304] [uav9.ladrc_position_controller]: UAV9 mode=ladrc_acceleration Ref[-0.0,0.0,1.5] Safe[-0.0,0.0,1.5] Pos[-4.12,34.74,10.24] Cmd[5.0,-5.0,-8.0][0m
[ladrc_position_controller_node-3] [0m[INFO] [1788509223.948222665] [uav11.ladrc_position_controller]: UAV11 mode=ladrc_acceleration Ref[-0.0,-0.0,-0.8] Safe[-0.0,-0.0,-0.8] Pos[0.03,-0.03,-0.54] Cmd[-0.5,-0.8,-8.0][0m
[ladrc_position_controller_node-2] [0m[INFO] [1788509224.501052183] [uav10.ladrc_position_controller]: UAV10 mode=ladrc_acceleration Ref[-0.0,0.0,1.5] Safe[-0.0,0.0,1.5] Pos[-9.21,5.17,-0.19] Cmd[5.0,-5.0,7.3][0m
[ladrc_position_controller_node-4] [0m[INFO] [1788509224.710878195] [uav12.ladrc_position_controller]: UAV12 mode=ladrc_acceleration Ref[-0.0,-0.0,1.5] Safe[-0.0,-0.0,1.5] Pos[-1.72,-9.44,11.73] Cmd[5.0,5.0,-8.0][0m
[ladrc_position_controller_node-1] [0m[INFO] [1788509224.719534329] [uav9.ladrc_position_controller]: UAV9 mode=ladrc_acceleration Ref[-0.0,0.0,1.5] Safe[-0.0,0.0,1.5] Pos[-4.14,34.74,12.53] Cmd[5.0,-5.0,-8.0][0m
[ladrc_position_controller_node-3] [0m[INFO] [1788509224.948222489] [uav11.ladrc_position_controller]: UAV11 mode=ladrc_acceleration Ref[-0.0,-0.0,-0.8] Safe[-0.0,-0.0,-0.8] Pos[0.02,-0.03,-0.49] Cmd[-0.6,-0.8,-8.0][0m
[ladrc_position_controller_node-2] [0m[INFO] [1788509225.520954700] [uav10.ladrc_position_controller]: UAV10 mode=ladrc_acceleration Ref[-0.0,0.0,1.5] Safe[-0.0,0.0,1.5] Pos[-8.59,4.62,18.99] Cmd[5.0,-5.0,-8.0][0m
[ladrc_position_controller_node-4] [0m[INFO] [1788509225.730826808] [uav12.ladrc_position_controller]: UAV12 mode=ladrc_acceleration Ref[-0.0,-0.0,1.5] Safe[-0.0,-0.0,1.5] Pos[-1.75,-9.46,11.18] Cmd[5.0,5.0,-8.0][0m
[ladrc_position_controller_node-1] [0m[INFO] [1788509225.739538285] [uav9.ladrc_position_controller]: UAV9 mode=ladrc_acceleration Ref[-0.0,0.0,1.5] Safe[-0.0,0.0,1.5] Pos[-4.14,34.85,14.80] Cmd[5.0,-5.0,-8.0][0m
[ladrc_position_controller_node-3] [0m[INFO] [1788509225.968227916] [uav11.ladrc_position_controller]: UAV11 mode=ladrc_acceleration Ref[-0.0,-0.0,-0.8] Safe[-0.0,-0.0,-0.8] Pos[0.02,-0.03,-0.46] Cmd[-0.6,-0.8,-8.0][0m
[ladrc_position_controller_node-2] [0m[INFO] [1788509226.521044496] [uav10.ladrc_position_controller]: UAV10 mode=ladrc_acceleration Ref[-0.0,0.0,1.5] Safe[-0.0,0.0,1.5] Pos[-5.58,2.86,24.67] Cmd[3.8,-4.2,-8.0][0m
[ladrc_position_controller_node-4] [0m[INFO] [1788509226.750831591] [uav12.ladrc_position_controller]: UAV12 mode=ladrc_acceleration Ref[-0.0,-0.0,1.5] Safe[-0.0,-0.0,1.5] Pos[-1.79,-9.49,10.79] Cmd[5.0,5.0,-8.0][0m
[ladrc_position_controller_node-1] [0m[INFO] [1788509226.759506229] [uav9.ladrc_position_controller]: UAV9 mode=ladrc_acceleration Ref[-0.0,0.0,1.5] Safe[-0.0,0.0,1.5] Pos[-4.15,34.90,16.14] Cmd[5.0,-5.0,-8.0][0m
[ladrc_position_controller_node-3] [0m[INFO] [1788509226.988250031] [uav11.ladrc_position_controller]: UAV11 mode=ladrc_acceleration Ref[-0.0,-0.0,-0.8] Safe[-0.0,-0.0,-0.8] Pos[0.02,-0.03,-0.42] Cmd[-0.7,-0.8,-8.0][0m
[ladrc_position_controller_node-2] [0m[INFO] [1788509227.541046010] [uav10.ladrc_position_controller]: UAV10 mode=ladrc_acceleration Ref[-0.0,0.0,1.5] Safe[-0.0,0.0,1.5] Pos[-1.14,0.23,29.71] Cmd[-5.0,4.7,-8.0][0m
[ladrc_position_controller_node-4] [0m[INFO] [1788509227.770762151] [uav12.ladrc_position_controller]: UAV12 mode=ladrc_acceleration Ref[-0.0,-0.0,1.5] Safe[-0.0,-0.0,1.5] Pos[-1.82,-9.52,-0.07] Cmd[5.0,5.0,8.0][0m
[ladrc_position_controller_node-1] [0m[INFO] [1788509227.779532498] [uav9.ladrc_position_controller]: UAV9 mode=ladrc_acceleration Ref[-0.0,0.0,1.5] Safe[-0.0,0.0,1.5] Pos[-4.14,34.95,17.01] Cmd[5.0,-5.0,-8.0][0m
[ladrc_position_controller_node-3] [0m[INFO] [1788509227.988294877] [uav11.ladrc_position_controller]: UAV11 mode=ladrc_acceleration Ref[-0.0,-0.0,-0.8] Safe[-0.0,-0.0,-0.8] Pos[0.01,-0.03,-0.40] Cmd[-0.7,-0.7,-8.0][0m
[ladrc_position_controller_node-2] [31m[ERROR] [1788509228.241215834] [uav10.ladrc_position_controller]: STARTUP_FAILED 已锁止；不会自动 DISARM、重新 ARM 或重新进入 Offboard (armed=1 offboard=1 arm_attempts=3 offboard_attempts=3)[0m
[ladrc_position_controller_node-4] [31m[ERROR] [1788509228.330831393] [uav12.ladrc_position_controller]: STARTUP_FAILED 已锁止；不会自动 DISARM、重新 ARM 或重新进入 Offboard (armed=1 offboard=1 arm_attempts=2 offboard_attempts=1)[0m
[ladrc_position_controller_node-1] [31m[ERROR] [1788509228.539543056] [uav9.ladrc_position_controller]: STARTUP_FAILED 已锁止；不会自动 DISARM、重新 ARM 或重新进入 Offboard (armed=1 offboard=1 arm_attempts=3 offboard_attempts=3)[0m
[ladrc_position_controller_node-2] [0m[INFO] [1788509228.541052111] [uav10.ladrc_position_controller]: UAV10 mode=ladrc_acceleration Ref[2.0,-1.8,28.8] Safe[2.0,-1.8,28.8] Pos[3.32,-2.69,27.17] Cmd[-5.0,5.0,8.0][0m
[ladrc_position_controller_node-4] [0m[INFO] [1788509228.770836739] [uav12.ladrc_position_controller]: UAV12 mode=ladrc_acceleration Ref[-1.8,-9.5,-0.2] Safe[-1.8,-9.5,-0.2] Pos[-1.84,-9.54,-0.26] Cmd[5.0,5.0,-8.0][0m
[ladrc_position_controller_node-1] [0m[INFO] [1788509228.779565869] [uav9.ladrc_position_controller]: UAV9 mode=ladrc_acceleration Ref[-4.1,34.7,16.3] Safe[-4.1,34.7,16.3] Pos[-4.08,34.09,16.03] Cmd[4.2,3.1,-2.5][0m
[ladrc_position_controller_node-3] [0m[INFO] [1788509229.008223258] [uav11.ladrc_position_controller]: UAV11 mode=ladrc_acceleration Ref[-0.0,-0.0,-0.8] Safe[-0.0,-0.0,-0.8] Pos[-0.00,-0.03,-0.37] Cmd[-0.7,-0.8,-8.0][0m
[ladrc_position_controller_node-2] [0m[INFO] [1788509229.561048697] [uav10.ladrc_position_controller]: UAV10 mode=ladrc_acceleration Ref[2.0,-1.8,28.8] Safe[2.0,-1.8,28.8] Pos[7.07,-5.52,15.51] Cmd[-5.0,5.0,8.0][0m
[ladrc_position_controller_node-4] [0m[INFO] [1788509229.790795975] [uav12.ladrc_position_controller]: UAV12 mode=ladrc_acceleration Ref[-1.8,-9.5,-0.2] Safe[-1.8,-9.5,-0.2] Pos[-1.87,-9.56,-0.39] Cmd[5.0,5.0,-6.9][0m
[ladrc_position_controller_node-1] [0m[INFO] [1788509229.799494197] [uav9.ladrc_position_controller]: UAV9 mode=ladrc_acceleration Ref[-4.1,34.7,16.3] Safe[-4.1,34.7,16.3] Pos[-3.77,30.74,14.58] Cmd[2.3,5.0,8.0][0m
[ladrc_position_controller_node-3] [0m[INFO] [1788509230.028200576] [uav11.ladrc_position_controller]: UAV11 mode=ladrc_acceleration Ref[-0.0,-0.0,-0.8] Safe[-0.0,-0.0,-0.8] Pos[-0.01,-0.01,-0.34] Cmd[-0.6,-0.7,-8.0][0m
[ladrc_position_controller_node-2] [0m[INFO] [1788509230.561133076] [uav10.ladrc_position_controller]: UAV10 mode=ladrc_acceleration Ref[2.0,-1.8,28.8] Safe[2.0,-1.8,28.8] Pos[6.29,-4.99,8.30] Cmd[-5.0,5.0,8.0][0m
[ladrc_position_controller_node-4] [0m[INFO] [1788509230.810846486] [uav12.ladrc_position_controller]: UAV12 mode=ladrc_acceleration Ref[-1.8,-9.5,-0.2] Safe[-1.8,-9.5,-0.2] Pos[-1.94,-9.58,-0.50] Cmd[5.0,5.0,-4.5][0m
[ladrc_position_controller_node-1] [0m[INFO] [1788509230.819496218] [uav9.ladrc_position_controller]: UAV9 mode=ladrc_acceleration Ref[-4.1,34.7,16.3] Safe[-4.1,34.7,16.3] Pos[-3.55,27.71,13.52] Cmd[0.3,5.0,8.0][0m
[ladrc_position_controller_node-3] [0m[INFO] [1788509231.048183650] [uav11.ladrc_position_controller]: UAV11 mode=ladrc_acceleration Ref[-0.0,-0.0,-0.8] Safe[-0.0,-0.0,-0.8] Pos[-0.01,-0.01,-0.32] Cmd[-0.6,-0.8,-8.0][0m
[ladrc_position_controller_node-2] [0m[INFO] [1788509231.581035046] [uav10.ladrc_position_controller]: UAV10 mode=ladrc_acceleration Ref[2.0,-1.8,28.8] Safe[2.0,-1.8,28.8] Pos[4.89,-3.44,16.64] Cmd[-3.6,0.7,-8.0][0m
[ladrc_position_controller_node-1] [0m[INFO] [1788509231.819517984] [uav9.ladrc_position_controller]: UAV9 mode=ladrc_acceleration Ref[-4.1,34.7,16.3] Safe[-4.1,34.7,16.3] Pos[-2.94,22.27,13.18] Cmd[-5.0,5.0,8.0][0m
[ladrc_position_controller_node-4] [0m[INFO] [1788509231.830820691] [uav12.ladrc_position_controller]: UAV12 mode=ladrc_acceleration Ref[-1.8,-9.5,-0.2] Safe[-1.8,-9.5,-0.2] Pos[-1.96,-9.60,-0.53] Cmd[5.0,5.0,-3.3][0m
[ladrc_position_controller_node-3] [0m[INFO] [1788509232.048222828] [uav11.ladrc_position_controller]: UAV11 mode=ladrc_acceleration Ref[-0.0,-0.0,-0.8] Safe[-0.0,-0.0,-0.8] Pos[-0.02,-0.00,-0.30] Cmd[-0.5,-0.8,-8.0][0m
[ladrc_position_controller_node-2] [0m[INFO] [1788509232.581038696] [uav10.ladrc_position_controller]: UAV10 mode=ladrc_acceleration Ref[2.0,-1.8,28.8] Safe[2.0,-1.8,28.8] Pos[0.83,0.35,31.75] Cmd[5.0,-5.0,-8.0][0m
[ladrc_position_controller_node-1] [0m[INFO] [1788509232.839484450] [uav9.ladrc_position_controller]: UAV9 mode=ladrc_acceleration Ref[-4.1,34.7,16.3] Safe[-4.1,34.7,16.3] Pos[-4.39,39.27,2.89] Cmd[5.0,-5.0,8.0][0m
[ladrc_position_controller_node-4] [0m[INFO] [1788509232.850795002] [uav12.ladrc_position_controller]: UAV12 mode=ladrc_acceleration Ref[-1.8,-9.5,-0.2] Safe[-1.8,-9.5,-0.2] Pos[-2.04,-9.62,-0.55] Cmd[5.0,5.0,-0.8][0m
[ladrc_position_controller_node-3] [0m[INFO] [1788509233.068180106] [uav11.ladrc_position_controller]: UAV11 mode=ladrc_acceleration Ref[-0.0,-0.0,-0.8] Safe[-0.0,-0.0,-0.8] Pos[-0.02,0.00,-0.28] Cmd[-0.5,-0.9,-8.0][0m
[ladrc_position_controller_node-2] [0m[INFO] [1788509233.601063978] [uav10.ladrc_position_controller]: UAV10 mode=ladrc_acceleration Ref[2.0,-1.8,28.8] Safe[2.0,-1.8,28.8] Pos[-4.54,5.26,39.12] Cmd[5.0,-5.0,-8.0][0m
[ladrc_position_controller_node-1] [0m[INFO] [1788509233.839528790] [uav9.ladrc_position_controller]: UAV9 mode=ladrc_acceleration Ref[-4.1,34.7,16.3] Safe[-4.1,34.7,16.3] Pos[-6.89,48.60,8.07] Cmd[5.0,-5.0,-8.0][0m
[ladrc_position_controller_node-4] [0m[INFO] [1788509233.850826137] [uav12.ladrc_position_controller]: UAV12 mode=ladrc_acceleration Ref[-1.8,-9.5,-0.2] Safe[-1.8,-9.5,-0.2] Pos[-2.06,-9.64,-0.55] Cmd[5.0,5.0,0.4][0m
[ladrc_position_controller_node-3] [0m[INFO] [1788509234.068185543] [uav11.ladrc_position_controller]: UAV11 mode=ladrc_acceleration Ref[-0.0,-0.0,-0.8] Safe[-0.0,-0.0,-0.8] Pos[-0.01,0.01,-0.26] Cmd[-0.6,-1.0,-8.0][0m
[ladrc_position_controller_node-2] [0m[INFO] [1788509234.621003417] [uav10.ladrc_position_controller]: UAV10 mode=ladrc_acceleration Ref[2.0,-1.8,28.8] Safe[2.0,-1.8,28.8] Pos[-10.64,10.71,43.40] Cmd[5.0,-5.0,-8.0][0m
[ladrc_position_controller_node-4] [0m[INFO] [1788509234.850849535] [uav12.ladrc_position_controller]: UAV12 mode=ladrc_acceleration Ref[-1.8,-9.5,-0.2] Safe[-1.8,-9.5,-0.2] Pos[-2.15,-9.67,-0.54] Cmd[5.0,5.0,2.5][0m
[ladrc_position_controller_node-1] [0m[INFO] [1788509234.859506629] [uav9.ladrc_position_controller]: UAV9 mode=ladrc_acceleration Ref[-4.1,34.7,16.3] Safe[-4.1,34.7,16.3] Pos[-10.49,57.72,13.50] Cmd[5.0,-5.0,-8.0][0m
[ladrc_position_controller_node-3] [0m[INFO] [1788509235.088173710] [uav11.ladrc_position_controller]: UAV11 mode=ladrc_acceleration Ref[-0.0,-0.0,-0.8] Safe[-0.0,-0.0,-0.8] Pos[-0.02,0.02,-0.25] Cmd[-0.5,-1.0,-8.0][0m
[ladrc_position_controller_node-2] [0m[INFO] [1788509235.641019263] [uav10.ladrc_position_controller]: UAV10 mode=ladrc_acceleration Ref[2.0,-1.8,28.8] Safe[2.0,-1.8,28.8] Pos[-16.31,15.38,38.36] Cmd[5.0,-5.0,7.2][0m
[ladrc_position_controller_node-4] [0m[INFO] [1788509235.870776414] [uav12.ladrc_position_controller]: UAV12 mode=ladrc_acceleration Ref[-1.8,-9.5,-0.2] Safe[-1.8,-9.5,-0.2] Pos[-2.14,-9.68,-0.51] Cmd[5.0,5.0,3.6][0m
[ladrc_position_controller_node-1] [0m[INFO] [1788509235.879499402] [uav9.ladrc_position_controller]: UAV9 mode=ladrc_acceleration Ref[-4.1,34.7,16.3] Safe[-4.1,34.7,16.3] Pos[-15.49,67.48,14.14] Cmd[5.0,-5.0,8.0][0m
[ladrc_position_controller_node-3] [0m[INFO] [1788509236.108155491] [uav11.ladrc_position_controller]: UAV11 mode=ladrc_acceleration Ref[-0.0,-0.0,-0.8] Safe[-0.0,-0.0,-0.8] Pos[-0.00,0.02,-0.24] Cmd[-0.6,-1.1,-8.0][0m
[ladrc_position_controller_node-2] [0m[INFO] [1788509236.660972458] [uav10.ladrc_position_controller]: UAV10 mode=ladrc_acceleration Ref[2.0,-1.8,28.8] Safe[2.0,-1.8,28.8] Pos[-21.25,19.39,24.21] Cmd[5.0,-5.0,8.0][0m
[ladrc_position_controller_node-4] [0m[INFO] [1788509236.870865716] [uav12.ladrc_position_controller]: UAV12 mode=ladrc_acceleration Ref[-1.8,-9.5,-0.2] Safe[-1.8,-9.5,-0.2] Pos[-2.20,-9.70,-0.48] Cmd[5.0,5.0,5.2][0m
[ladrc_position_controller_node-1] [0m[INFO] [1788509236.879591119] [uav9.ladrc_position_controller]: UAV9 mode=ladrc_acceleration Ref[-4.1,34.7,16.3] Safe[-4.1,34.7,16.3] Pos[-19.80,75.42,6.59] Cmd[5.0,-5.0,8.0][0m
[ladrc_position_controller_node-3] [0m[INFO] [1788509237.108186573] [uav11.ladrc_position_controller]: UAV11 mode=ladrc_acceleration Ref[-0.0,-0.0,-0.8] Safe[-0.0,-0.0,-0.8] Pos[-0.00,0.02,-0.23] Cmd[-0.6,-1.2,-8.0][0m
[ladrc_position_controller_node-2] [0m[INFO] [1788509237.660976157] [uav10.ladrc_position_controller]: UAV10 mode=ladrc_acceleration Ref[2.0,-1.8,28.8] Safe[2.0,-1.8,28.8] Pos[-22.06,19.59,9.31] Cmd[5.0,-5.0,8.0][0m
[ladrc_position_controller_node-4] [0m[INFO] [1788509237.890780494] [uav12.ladrc_position_controller]: UAV12 mode=ladrc_acceleration Ref[-1.8,-9.5,-0.2] Safe[-1.8,-9.5,-0.2] Pos[-2.18,-9.69,-0.45] Cmd[5.0,5.0,6.0][0m
[ladrc_position_controller_node-1] [0m[INFO] [1788509237.899465752] [uav9.ladrc_position_controller]: UAV9 mode=ladrc_acceleration Ref[-4.1,34.7,16.3] Safe[-4.1,34.7,16.3] Pos[-23.84,83.30,-8.79] Cmd[5.0,-5.0,8.0][0m
[ladrc_position_controller_node-3] [0m[INFO] [1788509238.128169959] [uav11.ladrc_position_controller]: UAV11 mode=ladrc_acceleration Ref[-0.0,-0.0,-0.8] Safe[-0.0,-0.0,-0.8] Pos[-0.00,0.02,-0.24] Cmd[-0.6,-1.3,-8.0][0m
[ladrc_position_controller_node-2] [0m[INFO] [1788509238.680987663] [uav10.ladrc_position_controller]: UAV10 mode=ladrc_acceleration Ref[2.0,-1.8,28.8] Safe[2.0,-1.8,28.8] Pos[-20.44,18.60,26.03] Cmd[5.0,-5.0,-8.0][0m
[ladrc_position_controller_node-4] [0m[INFO] [1788509238.890804025] [uav12.ladrc_position_controller]: UAV12 mode=ladrc_acceleration Ref[-1.8,-9.5,-0.2] Safe[-1.8,-9.5,-0.2] Pos[-2.19,-9.71,-0.42] Cmd[5.0,5.0,7.2][0m
[ladrc_position_controller_node-1] [0m[INFO] [1788509238.899570475] [uav9.ladrc_position_controller]: UAV9 mode=ladrc_acceleration Ref[-4.1,34.7,16.3] Safe[-4.1,34.7,16.3] Pos[-23.26,82.18,7.96] Cmd[5.0,-5.0,8.0][0m
[ladrc_position_controller_node-3] [0m[INFO] [1788509239.128196645] [uav11.ladrc_position_controller]: UAV11 mode=ladrc_acceleration Ref[-0.0,-0.0,-0.8] Safe[-0.0,-0.0,-0.8] Pos[0.00,0.01,-0.27] Cmd[-0.6,-1.3,-8.0][0m
[ladrc_position_controller_node-2] [0m[INFO] [1788509239.681146063] [uav10.ladrc_position_controller]: UAV10 mode=ladrc_acceleration Ref[2.0,-1.8,28.8] Safe[2.0,-1.8,28.8] Pos[-21.52,20.88,35.72] Cmd[5.0,-5.0,-8.0][0m
[ladrc_position_controller_node-4] [0m[INFO] [1788509239.890806292] [uav12.ladrc_position_controller]: UAV12 mode=ladrc_acceleration Ref[-1.8,-9.5,-0.2] Safe[-1.8,-9.5,-0.2] Pos[-2.18,-9.71,-0.40] Cmd[5.0,5.0,8.0][0m
[ladrc_position_controller_node-1] [0m[INFO] [1788509239.919551579] [uav9.ladrc_position_controller]: UAV9 mode=ladrc_acceleration Ref[-4.1,34.7,16.3] Safe[-4.1,34.7,16.3] Pos[-22.31,80.36,8.87] Cmd[5.0,-5.0,8.0][0m
[ladrc_position_controller_node-3] [0m[INFO] [1788509240.129068098] [uav11.ladrc_position_controller]: UAV11 mode=ladrc_acceleration Ref[-0.0,-0.0,-0.8] Safe[-0.0,-0.0,-0.8] Pos[0.01,0.01,-0.30] Cmd[-0.7,-1.4,-8.0][0m
[ladrc_position_controller_node-2] [0m[INFO] [1788509240.700976722] [uav10.ladrc_position_controller]: UAV10 mode=ladrc_acceleration Ref[2.0,-1.8,28.8] Safe[2.0,-1.8,28.8] Pos[-23.04,23.77,44.53] Cmd[5.0,-5.0,-8.0][0m
[ladrc_position_controller_node-4] [0m[INFO] [1788509240.890817923] [uav12.ladrc_position_controller]: UAV12 mode=ladrc_acceleration Ref[-1.8,-9.5,-0.2] Safe[-1.8,-9.5,-0.2] Pos[-2.20,-9.72,-0.39] Cmd[5.0,5.0,8.0][0m
[ladrc_position_controller_node-1] [0m[INFO] [1788509240.939505908] [uav9.ladrc_position_controller]: UAV9 mode=ladrc_acceleration Ref[-4.1,34.7,16.3] Safe[-4.1,34.7,16.3] Pos[-22.12,80.01,8.79] Cmd[5.0,-5.0,8.0][0m
[ladrc_position_controller_node-3] [0m[INFO] [1788509241.148160733] [uav11.ladrc_position_controller]: UAV11 mode=ladrc_acceleration Ref[-0.0,-0.0,-0.8] Safe[-0.0,-0.0,-0.8] Pos[0.00,0.00,-0.33] Cmd[-0.6,-1.4,-8.0][0m
[ladrc_position_controller_node-2] [0m[INFO] [1788509241.720982655] [uav10.ladrc_position_controller]: UAV10 mode=ladrc_acceleration Ref[2.0,-1.8,28.8] Safe[2.0,-1.8,28.8] Pos[-24.26,26.46,47.41] Cmd[5.0,-5.0,-8.0][0m
[ladrc_position_controller_node-4] [0m[INFO] [1788509241.890833226] [uav12.ladrc_position_controller]: UAV12 mode=ladrc_acceleration Ref[-1.8,-9.5,-0.2] Safe[-1.8,-9.5,-0.2] Pos[-2.16,-9.70,-0.36] Cmd[5.0,5.0,8.0][0m
[ladrc_position_controller_node-1] [0m[INFO] [1788509241.939528455] [uav9.ladrc_position_controller]: UAV9 mode=ladrc_acceleration Ref[-4.1,34.7,16.3] Safe[-4.1,34.7,16.3] Pos[-22.08,79.93,8.82] Cmd[5.0,-5.0,8.0][0m
[ladrc_position_controller_node-3] [0m[INFO] [1788509242.168175161] [uav11.ladrc_position_controller]: UAV11 mode=ladrc_acceleration Ref[-0.0,-0.0,-0.8] Safe[-0.0,-0.0,-0.8] Pos[0.01,-0.01,-0.36] Cmd[-0.8,-1.4,-8.0][0m
[ladrc_position_controller_node-2] [0m[INFO] [1788509242.740965872] [uav10.ladrc_position_controller]: UAV10 mode=ladrc_acceleration Ref[2.0,-1.8,28.8] Safe[2.0,-1.8,28.8] Pos[-24.52,28.00,40.62] Cmd[5.0,-5.0,0.7][0m
[ladrc_position_controller_node-4] [0m[INFO] [1788509242.910803708] [uav12.ladrc_position_controller]: UAV12 mode=ladrc_acceleration Ref[-1.8,-9.5,-0.2] Safe[-1.8,-9.5,-0.2] Pos[-2.16,-9.71,-0.36] Cmd[5.0,5.0,8.0][0m
[ladrc_position_controller_node-1] [0m[INFO] [1788509242.939533144] [uav9.ladrc_position_controller]: UAV9 mode=ladrc_acceleration Ref[-4.1,34.7,16.3] Safe[-4.1,34.7,16.3] Pos[-22.04,79.86,9.00] Cmd[5.0,-5.0,8.0][0m
[ladrc_position_controller_node-3] [0m[INFO] [1788509243.168177064] [uav11.ladrc_position_controller]: UAV11 mode=ladrc_acceleration Ref[-0.0,-0.0,-0.8] Safe[-0.0,-0.0,-0.8] Pos[0.02,-0.01,-0.39] Cmd[-0.8,-1.4,-8.0][0m
[ladrc_position_controller_node-2] [0m[INFO] [1788509243.741004692] [uav10.ladrc_position_controller]: UAV10 mode=ladrc_acceleration Ref[2.0,-1.8,28.8] Safe[2.0,-1.8,28.8] Pos[-24.74,29.02,24.87] Cmd[5.0,-5.0,8.0][0m
[ladrc_position_controller_node-4] [0m[INFO] [1788509243.930801056] [uav12.ladrc_position_controller]: UAV12 mode=ladrc_acceleration Ref[-1.8,-9.5,-0.2] Safe[-1.8,-9.5,-0.2] Pos[-2.11,-9.69,-0.35] Cmd[5.0,5.0,8.0][0m
[ladrc_position_controller_node-1] [0m[INFO] [1788509243.959515704] [uav9.ladrc_position_controller]: UAV9 mode=ladrc_acceleration Ref[-4.1,34.7,16.3] Safe[-4.1,34.7,16.3] Pos[-22.01,79.81,9.17] Cmd[5.0,-5.0,8.0][0m
[ladrc_position_controller_node-3] [0m[INFO] [1788509244.168194161] [uav11.ladrc_position_controller]: UAV11 mode=ladrc_acceleration Ref[-0.0,-0.0,-0.8] Safe[-0.0,-0.0,-0.8] Pos[0.02,-0.01,-0.41] Cmd[-0.9,-1.4,-8.0][0m
[ladrc_position_controller_node-2] [0m[INFO] [1788509244.760911767] [uav10.ladrc_position_controller]: UAV10 mode=ladrc_acceleration Ref[2.0,-1.8,28.8] Safe[2.0,-1.8,28.8] Pos[-23.94,28.20,11.40] Cmd[5.0,-5.0,8.0][0m
[ladrc_position_controller_node-4] [0m[INFO] [1788509244.950789352] [uav12.ladrc_position_controller]: UAV12 mode=ladrc_acceleration Ref[-1.8,-9.5,-0.2] Safe[-1.8,-9.5,-0.2] Pos[-2.08,-9.67,-0.35] Cmd[5.0,5.0,8.0][0m
[ladrc_position_controller_node-1] [0m[INFO] [1788509244.979531883] [uav9.ladrc_position_controller]: UAV9 mode=ladrc_acceleration Ref[-4.1,34.7,16.3] Safe[-4.1,34.7,16.3] Pos[-21.98,79.75,9.43] Cmd[5.0,-5.0,8.0][0m
[ladrc_position_controller_node-3] [0m[INFO] [1788509245.188197655] [uav11.ladrc_position_controller]: UAV11 mode=ladrc_acceleration Ref[-0.0,-0.0,-0.8] Safe[-0.0,-0.0,-0.8] Pos[0.02,-0.01,-0.44] Cmd[-0.9,-1.4,-8.0][0m
[ladrc_position_controller_node-2] [0m[INFO] [1788509245.760947073] [uav10.ladrc_position_controller]: UAV10 mode=ladrc_acceleration Ref[2.0,-1.8,28.8] Safe[2.0,-1.8,28.8] Pos[-23.84,27.87,33.96] Cmd[5.0,-5.0,-6.8][0m
[ladrc_position_controller_node-4] [0m[INFO] [1788509245.970753039] [uav12.ladrc_position_controller]: UAV12 mode=ladrc_acceleration Ref[-1.8,-9.5,-0.2] Safe[-1.8,-9.5,-0.2] Pos[-2.08,-9.67,-0.37] Cmd[5.0,5.0,8.0][0m
[ladrc_position_controller_node-1] [0m[INFO] [1788509245.999505679] [uav9.ladrc_position_controller]: UAV9 mode=ladrc_acceleration Ref[-4.1,34.7,16.3] Safe[-4.1,34.7,16.3] Pos[-21.96,79.72,9.56] Cmd[5.0,-5.0,8.0][0m
[ladrc_position_controller_node-3] [0m[INFO] [1788509246.208133920] [uav11.ladrc_position_controller]: UAV11 mode=ladrc_acceleration Ref[-0.0,-0.0,-0.8] Safe[-0.0,-0.0,-0.8] Pos[0.02,-0.01,-0.46] Cmd[-1.0,-1.5,-8.0][0m
[ladrc_position_controller_node-2] [0m[INFO] [1788509246.760977515] [uav10.ladrc_position_controller]: UAV10 mode=ladrc_acceleration Ref[2.0,-1.8,28.8] Safe[2.0,-1.8,28.8] Pos[-25.11,28.21,41.36] Cmd[5.0,-5.0,-8.0][0m
[ladrc_position_controller_node-4] [0m[INFO] [1788509246.970779543] [uav12.ladrc_position_controller]: UAV12 mode=ladrc_acceleration Ref[-1.8,-9.5,-0.2] Safe[-1.8,-9.5,-0.2] Pos[-2.04,-9.66,-0.40] Cmd[5.0,5.0,8.0][0m
[ladrc_position_controller_node-1] [0m[INFO] [1788509247.019510117] [uav9.ladrc_position_controller]: UAV9 mode=ladrc_acceleration Ref[-4.1,34.7,16.3] Safe[-4.1,34.7,16.3] Pos[-21.94,79.66,9.81] Cmd[5.0,-5.0,8.0][0m
[ladrc_position_controller_node-3] [0m[INFO] [1788509247.208162266] [uav11.ladrc_position_controller]: UAV11 mode=ladrc_acceleration Ref[-0.0,-0.0,-0.8] Safe[-0.0,-0.0,-0.8] Pos[0.02,-0.01,-0.47] Cmd[-1.1,-1.5,-8.0][0m
[ladrc_position_controller_node-2] [0m[INFO] [1788509247.760998084] [uav10.ladrc_position_controller]: UAV10 mode=ladrc_acceleration Ref[2.0,-1.8,28.8] Safe[2.0,-1.8,28.8] Pos[-26.88,28.89,48.62] Cmd[5.0,-5.0,-8.0][0m
[ladrc_position_controller_node-4] [0m[INFO] [1788509247.990765513] [uav12.ladrc_position_controller]: UAV12 mode=ladrc_acceleration Ref[-1.8,-9.5,-0.2] Safe[-1.8,-9.5,-0.2] Pos[-2.02,-9.65,-0.44] Cmd[5.0,5.0,8.0][0m
[ladrc_position_controller_node-1] [0m[INFO] [1788509248.039478534] [uav9.ladrc_position_controller]: UAV9 mode=ladrc_acceleration Ref[-4.1,34.7,16.3] Safe[-4.1,34.7,16.3] Pos[-21.92,79.67,9.96] Cmd[5.0,-5.0,8.0][0m
[ladrc_position_controller_node-3] [0m[INFO] [1788509248.208174408] [uav11.ladrc_position_controller]: UAV11 mode=ladrc_acceleration Ref[-0.0,-0.0,-0.8] Safe[-0.0,-0.0,-0.8] Pos[0.02,-0.00,-0.47] Cmd[-1.1,-1.5,-8.0][0m
[ladrc_position_controller_node-2] [0m[INFO] [1788509248.761010365] [uav10.ladrc_position_controller]: UAV10 mode=ladrc_acceleration Ref[2.0,-1.8,28.8] Safe[2.0,-1.8,28.8] Pos[-27.90,28.94,49.61] Cmd[5.0,-5.0,-8.0][0m
[ladrc_position_controller_node-4] [0m[INFO] [1788509249.010754475] [uav12.ladrc_position_controller]: UAV12 mode=ladrc_acceleration Ref[-1.8,-9.5,-0.2] Safe[-1.8,-9.5,-0.2] Pos[-1.99,-9.64,-0.47] Cmd[5.0,5.0,8.0][0m
[ladrc_position_controller_node-1] [0m[INFO] [1788509249.039485814] [uav9.ladrc_position_controller]: UAV9 mode=ladrc_acceleration Ref[-4.1,34.7,16.3] Safe[-4.1,34.7,16.3] Pos[-21.91,79.63,10.16] Cmd[5.0,-5.0,8.0][0m
[ladrc_position_controller_node-3] [0m[INFO] [1788509249.228152048] [uav11.ladrc_position_controller]: UAV11 mode=ladrc_acceleration Ref[-0.0,-0.0,-0.8] Safe[-0.0,-0.0,-0.8] Pos[0.02,0.00,-0.48] Cmd[-1.2,-1.6,-8.0][0m
[ladrc_position_controller_node-2] [0m[INFO] [1788509249.781062732] [uav10.ladrc_position_controller]: UAV10 mode=ladrc_acceleration Ref[2.0,-1.8,28.8] Safe[2.0,-1.8,28.8] Pos[-28.15,28.47,41.05] Cmd[5.0,-5.0,8.0][0m
[ladrc_position_controller_node-4] [0m[INFO] [1788509250.030723294] [uav12.ladrc_position_controller]: UAV12 mode=ladrc_acceleration Ref[-1.8,-9.5,-0.2] Safe[-1.8,-9.5,-0.2] Pos[-1.97,-9.65,-0.51] Cmd[5.0,5.0,8.0][0m
[ladrc_position_controller_node-1] [0m[INFO] [1788509250.039527774] [uav9.ladrc_position_controller]: UAV9 mode=ladrc_acceleration Ref[-4.1,34.7,16.3] Safe[-4.1,34.7,16.3] Pos[-21.90,79.75,10.31] Cmd[5.0,-5.0,8.0][0m
[ladrc_position_controller_node-3] [0m[INFO] [1788509250.248153898] [uav11.ladrc_position_controller]: UAV11 mode=ladrc_acceleration Ref[-0.0,-0.0,-0.8] Safe[-0.0,-0.0,-0.8] Pos[0.02,0.01,-0.48] Cmd[-1.2,-1.7,-8.0][0m
[ladrc_position_controller_node-2] [0m[INFO] [1788509250.800984761] [uav10.ladrc_position_controller]: UAV10 mode=ladrc_acceleration Ref[2.0,-1.8,28.8] Safe[2.0,-1.8,28.8] Pos[-28.82,27.25,25.81] Cmd[5.0,-5.0,8.0][0m
[ladrc_position_controller_node-4] [0m[INFO] [1788509251.030743650] [uav12.ladrc_position_controller]: UAV12 mode=ladrc_acceleration Ref[-1.8,-9.5,-0.2] Safe[-1.8,-9.5,-0.2] Pos[-1.94,-9.63,-0.52] Cmd[5.0,5.0,8.0][0m
[ladrc_position_controller_node-1] [0m[INFO] [1788509251.059462746] [uav9.ladrc_position_controller]: UAV9 mode=ladrc_acceleration Ref[-4.1,34.7,16.3] Safe[-4.1,34.7,16.3] Pos[-21.87,79.76,10.50] Cmd[5.0,-5.0,8.0][0m
[ladrc_position_controller_node-3] [0m[INFO] [1788509251.268124135] [uav11.ladrc_position_controller]: UAV11 mode=ladrc_acceleration Ref[-0.0,-0.0,-0.8] Safe[-0.0,-0.0,-0.8] Pos[0.01,0.01,-0.47] Cmd[-1.3,-1.7,-8.0][0m
[ladrc_position_controller_node-2] [0m[INFO] [1788509251.821008195] [uav10.ladrc_position_controller]: UAV10 mode=ladrc_acceleration Ref[2.0,-1.8,28.8] Safe[2.0,-1.8,28.8] Pos[-27.94,27.27,25.82] Cmd[5.0,-5.0,-8.0][0m
[ladrc_position_controller_node-4] [0m[INFO] [1788509252.050766784] [uav12.ladrc_position_controller]: UAV12 mode=ladrc_acceleration Ref[-1.8,-9.5,-0.2] Safe[-1.8,-9.5,-0.2] Pos[-1.95,-9.62,-0.56] Cmd[5.0,5.0,8.0][0m
[ladrc_position_controller_node-1] [0m[INFO] [1788509252.059480975] [uav9.ladrc_position_controller]: UAV9 mode=ladrc_acceleration Ref[-4.1,34.7,16.3] Safe[-4.1,34.7,16.3] Pos[-21.85,79.76,10.63] Cmd[5.0,-5.0,8.0][0m
[ladrc_position_controller_node-3] [0m[INFO] [1788509252.288118103] [uav11.ladrc_position_controller]: UAV11 mode=ladrc_acceleration Ref[-0.0,-0.0,-0.8] Safe[-0.0,-0.0,-0.8] Pos[0.01,0.01,-0.46] Cmd[-1.3,-1.8,-8.0][0m
[ladrc_position_controller_node-2] [0m[INFO] [1788509252.840999135] [uav10.ladrc_position_controller]: UAV10 mode=ladrc_acceleration Ref[2.0,-1.8,28.8] Safe[2.0,-1.8,28.8] Pos[-27.02,27.30,39.92] Cmd[5.0,-5.0,-8.0][0m
[ladrc_position_controller_node-4] [0m[INFO] [1788509253.050782032] [uav12.ladrc_position_controller]: UAV12 mode=ladrc_acceleration Ref[-1.8,-9.5,-0.2] Safe[-1.8,-9.5,-0.2] Pos[-1.91,-9.62,-0.58] Cmd[5.0,5.0,8.0][0m
[ladrc_position_controller_node-1] [0m[INFO] [1788509253.079503322] [uav9.ladrc_position_controller]: UAV9 mode=ladrc_acceleration Ref[-4.1,34.7,16.3] Safe[-4.1,34.7,16.3] Pos[-21.86,79.68,10.78] Cmd[5.0,-5.0,8.0][0m
[ladrc_position_controller_node-3] [0m[INFO] [1788509253.308132535] [uav11.ladrc_position_controller]: UAV11 mode=ladrc_acceleration Ref[-0.0,-0.0,-0.8] Safe[-0.0,-0.0,-0.8] Pos[0.01,0.00,-0.45] Cmd[-1.3,-1.8,-8.0][0m
[ladrc_position_controller_node-2] [0m[INFO] [1788509253.860940428] [uav10.ladrc_position_controller]: UAV10 mode=ladrc_acceleration Ref[2.0,-1.8,28.8] Safe[2.0,-1.8,28.8] Pos[-25.68,27.82,47.35] Cmd[5.0,-5.0,-8.0][0m
[ladrc_position_controller_node-4] [0m[INFO] [1788509254.070775582] [uav12.ladrc_position_controller]: UAV12 mode=ladrc_acceleration Ref[-1.8,-9.5,-0.2] Safe[-1.8,-9.5,-0.2] Pos[-1.91,-9.62,-0.60] Cmd[5.0,5.0,8.0][0m
[ladrc_position_controller_node-1] [0m[INFO] [1788509254.099479890] [uav9.ladrc_position_controller]: UAV9 mode=ladrc_acceleration Ref[-4.1,34.7,16.3] Safe[-4.1,34.7,16.3] Pos[-21.87,79.66,10.87] Cmd[5.0,-5.0,8.0][0m
[ladrc_position_controller_node-3] [0m[INFO] [1788509254.328117558] [uav11.ladrc_position_controller]: UAV11 mode=ladrc_acceleration Ref[-0.0,-0.0,-0.8] Safe[-0.0,-0.0,-0.8] Pos[0.01,0.01,-0.47] Cmd[-1.4,-1.9,-8.0][0m
[ladrc_position_controller_node-2] [0m[INFO] [1788509254.880929325] [uav10.ladrc_position_controller]: UAV10 mode=ladrc_acceleration Ref[2.0,-1.8,28.8] Safe[2.0,-1.8,28.8] Pos[-23.77,28.51,53.72] Cmd[5.0,-5.0,-8.0][0m
[ladrc_position_controller_node-4] [0m[INFO] [1788509255.070785282] [uav12.ladrc_position_controller]: UAV12 mode=ladrc_acceleration Ref[-1.8,-9.5,-0.2] Safe[-1.8,-9.5,-0.2] Pos[-1.90,-9.61,-0.60] Cmd[5.0,5.0,8.0][0m
[ladrc_position_controller_node-1] [0m[INFO] [1788509255.119482733] [uav9.ladrc_position_controller]: UAV9 mode=ladrc_acceleration Ref[-4.1,34.7,16.3] Safe[-4.1,34.7,16.3] Pos[-21.89,79.64,10.97] Cmd[5.0,-5.0,8.0][0m
[ladrc_position_controller_node-3] [0m[INFO] [1788509255.348122754] [uav11.ladrc_position_controller]: UAV11 mode=ladrc_acceleration Ref[-0.0,-0.0,-0.8] Safe[-0.0,-0.0,-0.8] Pos[0.00,0.00,-0.48] Cmd[-1.4,-1.9,-8.0][0m
[ladrc_position_controller_node-2] [0m[INFO] [1788509255.900911757] [uav10.ladrc_position_controller]: UAV10 mode=ladrc_acceleration Ref[2.0,-1.8,28.8] Safe[2.0,-1.8,28.8] Pos[-21.35,28.29,50.90] Cmd[5.0,-5.0,-8.0][0m
[ladrc_position_controller_node-4] [0m[INFO] [1788509256.070868266] [uav12.ladrc_position_controller]: UAV12 mode=ladrc_acceleration Ref[-1.8,-9.5,-0.2] Safe[-1.8,-9.5,-0.2] Pos[-1.89,-9.60,-0.61] Cmd[5.0,5.0,8.0][0m
[ladrc_position_controller_node-1] [0m[INFO] [1788509256.119484965] [uav9.ladrc_position_controller]: UAV9 mode=ladrc_acceleration Ref[-4.1,34.7,16.3] Safe[-4.1,34.7,16.3] Pos[-21.90,79.65,11.02] Cmd[5.0,-5.0,8.0][0m
[ladrc_position_controller_node-3] [0m[INFO] [1788509256.368119490] [uav11.ladrc_position_controller]: UAV11 mode=ladrc_acceleration Ref[-0.0,-0.0,-0.8] Safe[-0.0,-0.0,-0.8] Pos[-0.00,0.00,-0.51] Cmd[-1.4,-1.9,-8.0][0m
[ladrc_position_controller_node-2] [0m[INFO] [1788509256.901009305] [uav10.ladrc_position_controller]: UAV10 mode=ladrc_acceleration Ref[2.0,-1.8,28.8] Safe[2.0,-1.8,28.8] Pos[-19.21,27.87,39.87] Cmd[5.0,-5.0,8.0][0m
[ladrc_position_controller_node-4] [0m[INFO] [1788509257.090756126] [uav12.ladrc_position_controller]: UAV12 mode=ladrc_acceleration Ref[-1.8,-9.5,-0.2] Safe[-1.8,-9.5,-0.2] Pos[-1.88,-9.59,-0.61] Cmd[4.9,5.0,8.0][0m
[ladrc_position_controller_node-1] [0m[INFO] [1788509257.139442054] [uav9.ladrc_position_controller]: UAV9 mode=ladrc_acceleration Ref[-4.1,34.7,16.3] Safe[-4.1,34.7,16.3] Pos[-21.90,79.68,11.04] Cmd[5.0,-5.0,8.0][0m
[ladrc_position_controller_node-3] [0m[INFO] [1788509257.368124814] [uav11.ladrc_position_controller]: UAV11 mode=ladrc_acceleration Ref[-0.0,-0.0,-0.8] Safe[-0.0,-0.0,-0.8] Pos[0.00,0.01,-0.51] Cmd[-1.4,-2.0,-8.0][0m
[ladrc_position_controller_node-2] [0m[INFO] [1788509257.920944119] [uav10.ladrc_position_controller]: UAV10 mode=ladrc_acceleration Ref[2.0,-1.8,28.8] Safe[2.0,-1.8,28.8] Pos[-21.16,28.88,27.74] Cmd[5.0,-5.0,8.0][0m
[ladrc_position_controller_node-4] [0m[INFO] [1788509258.110749339] [uav12.ladrc_position_controller]: UAV12 mode=ladrc_acceleration Ref[-1.8,-9.5,-0.2] Safe[-1.8,-9.5,-0.2] Pos[-1.88,-9.58,-0.61] Cmd[5.0,5.0,8.0][0m
[ladrc_position_controller_node-1] [0m[INFO] [1788509258.139463304] [uav9.ladrc_position_controller]: UAV9 mode=ladrc_acceleration Ref[-4.1,34.7,16.3] Safe[-4.1,34.7,16.3] Pos[-21.90,79.70,11.06] Cmd[5.0,-5.0,8.0][0m
[ladrc_position_controller_node-3] [0m[INFO] [1788509258.368140372] [uav11.ladrc_position_controller]: UAV11 mode=ladrc_acceleration Ref[-0.0,-0.0,-0.8] Safe[-0.0,-0.0,-0.8] Pos[0.00,0.01,-0.53] Cmd[-1.5,-2.1,-8.0][0m
[ladrc_position_controller_node-2] [0m[INFO] [1788509258.940939523] [uav10.ladrc_position_controller]: UAV10 mode=ladrc_acceleration Ref[2.0,-1.8,28.8] Safe[2.0,-1.8,28.8] Pos[-20.31,28.34,39.94] Cmd[5.0,-5.0,-8.0][0m
[ladrc_position_controller_node-4] [0m[INFO] [1788509259.130715697] [uav12.ladrc_position_controller]: UAV12 mode=ladrc_acceleration Ref[-1.8,-9.5,-0.2] Safe[-1.8,-9.5,-0.2] Pos[-1.88,-9.58,-0.60] Cmd[5.0,5.0,8.0][0m
[ladrc_position_controller_node-1] [0m[INFO] [1788509259.139495531] [uav9.ladrc_position_controller]: UAV9 mode=ladrc_acceleration Ref[-4.1,34.7,16.3] Safe[-4.1,34.7,16.3] Pos[-21.90,79.72,11.05] Cmd[5.0,-5.0,8.0][0m
[ladrc_position_controller_node-3] [0m[INFO] [1788509259.388137217] [uav11.ladrc_position_controller]: UAV11 mode=ladrc_acceleration Ref[-0.0,-0.0,-0.8] Safe[-0.0,-0.0,-0.8] Pos[0.01,0.02,-0.54] Cmd[-1.5,-2.2,-8.0][0m
[ladrc_position_controller_node-2] [0m[INFO] [1788509259.940949775] [uav10.ladrc_position_controller]: UAV10 mode=ladrc_acceleration Ref[2.0,-1.8,28.8] Safe[2.0,-1.8,28.8] Pos[-18.61,27.08,50.74] Cmd[5.0,-5.0,-8.0][0m
[ladrc_position_controller_node-4] [0m[INFO] [1788509260.130717162] [uav12.ladrc_position_controller]: UAV12 mode=ladrc_acceleration Ref[-1.8,-9.5,-0.2] Safe[-1.8,-9.5,-0.2] Pos[-1.87,-9.59,-0.59] Cmd[5.0,5.0,8.0][0m
[ladrc_position_controller_node-1] [0m[INFO] [1788509260.159413545] [uav9.ladrc_position_controller]: UAV9 mode=ladrc_acceleration Ref[-4.1,34.7,16.3] Safe[-4.1,34.7,16.3] Pos[-21.89,79.74,11.05] Cmd[5.0,-5.0,8.0][0m
[ladrc_position_controller_node-3] [0m[INFO] [1788509260.408213456] [uav11.ladrc_position_controller]: UAV11 mode=ladrc_acceleration Ref[-0.0,-0.0,-0.8] Safe[-0.0,-0.0,-0.8] Pos[0.01,0.00,-0.55] Cmd[-1.5,-2.2,-8.0][0m
[ladrc_position_controller_node-2] [0m[INFO] [1788509260.960958987] [uav10.ladrc_position_controller]: UAV10 mode=ladrc_acceleration Ref[2.0,-1.8,28.8] Safe[2.0,-1.8,28.8] Pos[-14.41,24.77,56.77] Cmd[5.0,-5.0,-8.0][0m
[ladrc_position_controller_node-4] [0m[INFO] [1788509261.150713289] [uav12.ladrc_position_controller]: UAV12 mode=ladrc_acceleration Ref[-1.8,-9.5,-0.2] Safe[-1.8,-9.5,-0.2] Pos[-1.85,-9.59,-0.60] Cmd[4.9,5.0,8.0][0m
[ladrc_position_controller_node-1] [0m[INFO] [1788509261.159425055] [uav9.ladrc_position_controller]: UAV9 mode=ladrc_acceleration Ref[-4.1,34.7,16.3] Safe[-4.1,34.7,16.3] Pos[-21.89,79.78,11.02] Cmd[5.0,-5.0,8.0][0m
[ladrc_position_controller_node-3] [0m[INFO] [1788509261.428112249] [uav11.ladrc_position_controller]: UAV11 mode=ladrc_acceleration Ref[-0.0,-0.0,-0.8] Safe[-0.0,-0.0,-0.8] Pos[0.01,0.00,-0.54] Cmd[-1.6,-2.2,-8.0][0m
[ladrc_position_controller_node-2] [0m[INFO] [1788509261.981008109] [uav10.ladrc_position_controller]: UAV10 mode=ladrc_acceleration Ref[2.0,-1.8,28.8] Safe[2.0,-1.8,28.8] Pos[-9.56,21.94,59.53] Cmd[5.0,-5.0,-8.0][0m
[ladrc_position_controller_node-4] [0m[INFO] [1788509262.170682090] [uav12.ladrc_position_controller]: UAV12 mode=ladrc_acceleration Ref[-1.8,-9.5,-0.2] Safe[-1.8,-9.5,-0.2] Pos[-1.84,-9.58,-0.61] Cmd[5.0,5.0,8.0][0m
[ladrc_position_controller_node-1] [0m[INFO] [1788509262.179491098] [uav9.ladrc_position_controller]: UAV9 mode=ladrc_acceleration Ref[-4.1,34.7,16.3] Safe[-4.1,34.7,16.3] Pos[-21.87,79.77,11.00] Cmd[5.0,-5.0,8.0][0m
[ladrc_position_controller_node-3] [0m[INFO] [1788509262.448086539] [uav11.ladrc_position_controller]: UAV11 mode=ladrc_acceleration Ref[-0.0,-0.0,-0.8] Safe[-0.0,-0.0,-0.8] Pos[0.00,0.00,-0.55] Cmd[-1.6,-2.3,-8.0][0m
[ladrc_position_controller_node-2] [0m[INFO] [1788509263.000940970] [uav10.ladrc_position_controller]: UAV10 mode=ladrc_acceleration Ref[2.0,-1.8,28.8] Safe[2.0,-1.8,28.8] Pos[-4.37,18.71,53.86] Cmd[5.0,-5.0,-8.0][0m
[ladrc_position_controller_node-4] [0m[INFO] [1788509263.190684920] [uav12.ladrc_position_controller]: UAV12 mode=ladrc_acceleration Ref[-1.8,-9.5,-0.2] Safe[-1.8,-9.5,-0.2] Pos[-1.84,-9.59,-0.63] Cmd[5.0,5.0,8.0][0m
[ladrc_position_controller_node-1] [0m[INFO] [1788509263.199434908] [uav9.ladrc_position_controller]: UAV9 mode=ladrc_acceleration Ref[-4.1,34.7,16.3] Safe[-4.1,34.7,16.3] Pos[-21.86,79.80,10.95] Cmd[5.0,-5.0,8.0][0m
[ladrc_position_controller_node-3] [0m[INFO] [1788509263.448132364] [uav11.ladrc_position_controller]: UAV11 mode=ladrc_acceleration Ref[-0.0,-0.0,-0.8] Safe[-0.0,-0.0,-0.8] Pos[0.00,-0.00,-0.54] Cmd[-1.6,-2.3,-8.0][0m
[ladrc_position_controller_node-2] [0m[INFO] [1788509264.020936714] [uav10.ladrc_position_controller]: UAV10 mode=ladrc_acceleration Ref[2.0,-1.8,28.8] Safe[2.0,-1.8,28.8] Pos[0.33,16.32,40.82] Cmd[-3.5,-5.0,0.6][0m
[ladrc_position_controller_node-4] [0m[INFO] [1788509264.190721566] [uav12.ladrc_position_controller]: UAV12 mode=ladrc_acceleration Ref[-1.8,-9.5,-0.2] Safe[-1.8,-9.5,-0.2] Pos[-1.84,-9.58,-0.64] Cmd[4.9,5.0,8.0][0m
[ladrc_position_controller_node-1] [0m[INFO] [1788509264.199450163] [uav9.ladrc_position_controller]: UAV9 mode=ladrc_acceleration Ref[-4.1,34.7,16.3] Safe[-4.1,34.7,16.3] Pos[-21.86,79.79,10.93] Cmd[5.0,-5.0,8.0][0m
[ladrc_position_controller_node-3] [0m[INFO] [1788509264.468019113] [uav11.ladrc_position_controller]: UAV11 mode=ladrc_acceleration Ref[-0.0,-0.0,-0.8] Safe[-0.0,-0.0,-0.8] Pos[0.01,-0.01,-0.54] Cmd[-1.7,-2.3,-8.0][0m
[ladrc_position_controller_node-2] [0m[INFO] [1788509265.040920231] [uav10.ladrc_position_controller]: UAV10 mode=ladrc_acceleration Ref[2.0,-1.8,28.8] Safe[2.0,-1.8,28.8] Pos[-1.49,16.93,51.51] Cmd[5.0,-5.0,-8.0][0m
[ladrc_position_controller_node-1] [0m[INFO] [1788509265.199476225] [uav9.ladrc_position_controller]: UAV9 mode=ladrc_acceleration Ref[-4.1,34.7,16.3] Safe[-4.1,34.7,16.3] Pos[-21.87,79.80,10.89] Cmd[5.0,-5.0,8.0][0m
[ladrc_position_controller_node-4] [0m[INFO] [1788509265.210717405] [uav12.ladrc_position_controller]: UAV12 mode=ladrc_acceleration Ref[-1.8,-9.5,-0.2] Safe[-1.8,-9.5,-0.2] Pos[-1.84,-9.58,-0.66] Cmd[5.0,5.0,8.0][0m
[ladrc_position_controller_node-3] [0m[INFO] [1788509265.468099465] [uav11.ladrc_position_controller]: UAV11 mode=ladrc_acceleration Ref[-0.0,-0.0,-0.8] Safe[-0.0,-0.0,-0.8] Pos[0.00,-0.02,-0.53] Cmd[-1.7,-2.2,-8.0][0m
[ladrc_position_controller_node-2] [0m[INFO] [1788509266.060911799] [uav10.ladrc_position_controller]: UAV10 mode=ladrc_acceleration Ref[2.0,-1.8,28.8] Safe[2.0,-1.8,28.8] Pos[-2.01,17.10,53.33] Cmd[5.0,-5.0,-8.0][0m
[ladrc_position_controller_node-1] [0m[INFO] [1788509266.199527761] [uav9.ladrc_position_controller]: UAV9 mode=ladrc_acceleration Ref[-4.1,34.7,16.3] Safe[-4.1,34.7,16.3] Pos[-21.88,79.78,10.87] Cmd[5.0,-5.0,8.0][0m
[ladrc_position_controller_node-4] [0m[INFO] [1788509266.230625597] [uav12.ladrc_position_controller]: UAV12 mode=ladrc_acceleration Ref[-1.8,-9.5,-0.2] Safe[-1.8,-9.5,-0.2] Pos[-1.82,-9.57,-0.66] Cmd[4.8,5.0,8.0][0m
[ladrc_position_controller_node-3] [0m[INFO] [1788509266.488042822] [uav11.ladrc_position_controller]: UAV11 mode=ladrc_acceleration Ref[-0.0,-0.0,-0.8] Safe[-0.0,-0.0,-0.8] Pos[-0.00,-0.02,-0.52] Cmd[-1.7,-2.2,-8.0][0m
[ladrc_position_controller_node-2] [0m[INFO] [1788509267.080852128] [uav10.ladrc_position_controller]: UAV10 mode=ladrc_acceleration Ref[2.0,-1.8,28.8] Safe[2.0,-1.8,28.8] Pos[-1.92,17.07,52.92] Cmd[5.0,-5.0,-8.0][0m
[ladrc_position_controller_node-1] [0m[INFO] [1788509267.219436970] [uav9.ladrc_position_controller]: UAV9 mode=ladrc_acceleration Ref[-4.1,34.7,16.3] Safe[-4.1,34.7,16.3] Pos[-21.87,79.77,10.84] Cmd[5.0,-5.0,8.0][0m
[ladrc_position_controller_node-4] [0m[INFO] [1788509267.230692167] [uav12.ladrc_position_controller]: UAV12 mode=ladrc_acceleration Ref[-1.8,-9.5,-0.2] Safe[-1.8,-9.5,-0.2] Pos[-1.83,-9.58,-0.68] Cmd[5.0,5.0,8.0][0m
[ladrc_position_controller_node-3] [0m[INFO] [1788509267.488155998] [uav11.ladrc_position_controller]: UAV11 mode=ladrc_acceleration Ref[-0.0,-0.0,-0.8] Safe[-0.0,-0.0,-0.8] Pos[-0.00,-0.02,-0.52] Cmd[-1.7,-2.3,-8.0][0m
[ladrc_position_controller_node-2] [0m[INFO] [1788509268.080934554] [uav10.ladrc_position_controller]: UAV10 mode=ladrc_acceleration Ref[2.0,-1.8,28.8] Safe[2.0,-1.8,28.8] Pos[-1.83,17.01,52.90] Cmd[5.0,-5.0,-8.0][0m
[ladrc_position_controller_node-4] [0m[INFO] [1788509268.230710282] [uav12.ladrc_position_controller]: UAV12 mode=ladrc_acceleration Ref[-1.8,-9.5,-0.2] Safe[-1.8,-9.5,-0.2] Pos[-1.82,-9.58,-0.67] Cmd[4.8,5.0,8.0][0m
[ladrc_position_controller_node-1] [0m[INFO] [1788509268.239535981] [uav9.ladrc_position_controller]: UAV9 mode=ladrc_acceleration Ref[-4.1,34.7,16.3] Safe[-4.1,34.7,16.3] Pos[-21.87,79.73,10.83] Cmd[5.0,-5.0,8.0][0m
[ladrc_position_controller_node-3] [0m[INFO] [1788509268.508121437] [uav11.ladrc_position_controller]: UAV11 mode=ladrc_acceleration Ref[-0.0,-0.0,-0.8] Safe[-0.0,-0.0,-0.8] Pos[-0.00,-0.01,-0.52] Cmd[-1.7,-2.3,-8.0][0m
[ladrc_position_controller_node-2] [0m[INFO] [1788509269.100918156] [uav10.ladrc_position_controller]: UAV10 mode=ladrc_acceleration Ref[2.0,-1.8,28.8] Safe[2.0,-1.8,28.8] Pos[-1.77,16.99,52.83] Cmd[5.0,-5.0,-8.0][0m
[ladrc_position_controller_node-4] [0m[INFO] [1788509269.230718204] [uav12.ladrc_position_controller]: UAV12 mode=ladrc_acceleration Ref[-1.8,-9.5,-0.2] Safe[-1.8,-9.5,-0.2] Pos[-1.82,-9.56,-0.69] Cmd[4.8,5.0,8.0][0m
[ladrc_position_controller_node-1] [0m[INFO] [1788509269.259381404] [uav9.ladrc_position_controller]: UAV9 mode=ladrc_acceleration Ref[-4.1,34.7,16.3] Safe[-4.1,34.7,16.3] Pos[-21.87,79.72,10.79] Cmd[5.0,-5.0,8.0][0m
[ladrc_position_controller_node-3] [0m[INFO] [1788509269.508125622] [uav11.ladrc_position_controller]: UAV11 mode=ladrc_acceleration Ref[-0.0,-0.0,-0.8] Safe[-0.0,-0.0,-0.8] Pos[-0.01,-0.00,-0.53] Cmd[-1.7,-2.3,-8.0][0m
[ladrc_position_controller_node-2] [0m[INFO] [1788509270.120896103] [uav10.ladrc_position_controller]: UAV10 mode=ladrc_acceleration Ref[2.0,-1.8,28.8] Safe[2.0,-1.8,28.8] Pos[-1.72,16.96,52.97] Cmd[5.0,-5.0,-8.0][0m
[ladrc_position_controller_node-4] [0m[INFO] [1788509270.250710367] [uav12.ladrc_position_controller]: UAV12 mode=ladrc_acceleration Ref[-1.8,-9.5,-0.2] Safe[-1.8,-9.5,-0.2] Pos[-1.81,-9.57,-0.67] Cmd[4.6,5.0,8.0][0m
[ladrc_position_controller_node-1] [0m[INFO] [1788509270.259457559] [uav9.ladrc_position_controller]: UAV9 mode=ladrc_acceleration Ref[-4.1,34.7,16.3] Safe[-4.1,34.7,16.3] Pos[-21.88,79.69,10.78] Cmd[5.0,-5.0,8.0][0m
[ladrc_position_controller_node-3] [0m[INFO] [1788509270.528092015] [uav11.ladrc_position_controller]: UAV11 mode=ladrc_acceleration Ref[-0.0,-0.0,-0.8] Safe[-0.0,-0.0,-0.8] Pos[0.00,-0.00,-0.54] Cmd[-1.8,-2.4,-8.0][0m
[ladrc_position_controller_node-2] [0m[INFO] [1788509271.120899689] [uav10.ladrc_position_controller]: UAV10 mode=ladrc_acceleration Ref[2.0,-1.8,28.8] Safe[2.0,-1.8,28.8] Pos[-1.72,16.98,53.03] Cmd[5.0,-5.0,-8.0][0m
[ladrc_position_controller_node-4] [0m[INFO] [1788509271.250727329] [uav12.ladrc_position_controller]: UAV12 mode=ladrc_acceleration Ref[-1.8,-9.5,-0.2] Safe[-1.8,-9.5,-0.2] Pos[-1.80,-9.56,-0.68] Cmd[4.6,5.0,8.0][0m
[ladrc_position_controller_node-1] [0m[INFO] [1788509271.259458110] [uav9.ladrc_position_controller]: UAV9 mode=ladrc_acceleration Ref[-4.1,34.7,16.3] Safe[-4.1,34.7,16.3] Pos[-21.88,79.69,10.73] Cmd[5.0,-5.0,8.0][0m
[ladrc_position_controller_node-3] [0m[INFO] [1788509271.548083913] [uav11.ladrc_position_controller]: UAV11 mode=ladrc_acceleration Ref[-0.0,-0.0,-0.8] Safe[-0.0,-0.0,-0.8] Pos[-0.00,-0.00,-0.57] Cmd[-1.7,-2.4,-8.0][0m
[ladrc_position_controller_node-2] [0m[INFO] [1788509272.120936835] [uav10.ladrc_position_controller]: UAV10 mode=ladrc_acceleration Ref[2.0,-1.8,28.8] Safe[2.0,-1.8,28.8] Pos[-1.71,16.95,53.22] Cmd[5.0,-5.0,-8.0][0m
[ladrc_position_controller_node-4] [0m[INFO] [1788509272.270676393] [uav12.ladrc_position_controller]: UAV12 mode=ladrc_acceleration Ref[-1.8,-9.5,-0.2] Safe[-1.8,-9.5,-0.2] Pos[-1.79,-9.57,-0.66] Cmd[4.5,5.0,8.0][0m
[ladrc_position_controller_node-1] [0m[INFO] [1788509272.279460414] [uav9.ladrc_position_controller]: UAV9 mode=ladrc_acceleration Ref[-4.1,34.7,16.3] Safe[-4.1,34.7,16.3] Pos[-21.88,79.66,10.73] Cmd[5.0,-5.0,8.0][0m
[ladrc_position_controller_node-3] [0m[INFO] [1788509272.548092454] [uav11.ladrc_position_controller]: UAV11 mode=ladrc_acceleration Ref[-0.0,-0.0,-0.8] Safe[-0.0,-0.0,-0.8] Pos[-0.01,0.01,-0.60] Cmd[-1.7,-2.5,-8.0][0m
[ladrc_position_controller_node-2] [0m[INFO] [1788509273.140911484] [uav10.ladrc_position_controller]: UAV10 mode=ladrc_acceleration Ref[2.0,-1.8,28.8] Safe[2.0,-1.8,28.8] Pos[-1.72,16.96,53.32] Cmd[5.0,-5.0,-8.0][0m
[ladrc_position_controller_node-4] [0m[INFO] [1788509273.270693648] [uav12.ladrc_position_controller]: UAV12 mode=ladrc_acceleration Ref[-1.8,-9.5,-0.2] Safe[-1.8,-9.5,-0.2] Pos[-1.80,-9.57,-0.66] Cmd[4.4,5.0,8.0][0m
[ladrc_position_controller_node-1] [0m[INFO] [1788509273.299383837] [uav9.ladrc_position_controller]: UAV9 mode=ladrc_acceleration Ref[-4.1,34.7,16.3] Safe[-4.1,34.7,16.3] Pos[-21.89,79.64,10.72] Cmd[5.0,-5.0,8.0][0m
[ladrc_position_controller_node-3] [0m[INFO] [1788509273.568093801] [uav11.ladrc_position_controller]: UAV11 mode=ladrc_acceleration Ref[-0.0,-0.0,-0.8] Safe[-0.0,-0.0,-0.8] Pos[-0.01,0.01,-0.64] Cmd[-1.7,-2.6,-8.0][0m
[ladrc_position_controller_node-2] [0m[INFO] [1788509274.140927403] [uav10.ladrc_position_controller]: UAV10 mode=ladrc_acceleration Ref[2.0,-1.8,28.8] Safe[2.0,-1.8,28.8] Pos[-1.71,16.92,53.48] Cmd[5.0,-5.0,-8.0][0m
[ladrc_position_controller_node-4] [0m[INFO] [1788509274.270703464] [uav12.ladrc_position_controller]: UAV12 mode=ladrc_acceleration Ref[-1.8,-9.5,-0.2] Safe[-1.8,-9.5,-0.2] Pos[-1.80,-9.58,-0.64] Cmd[4.3,5.0,8.0][0m
[ladrc_position_controller_node-1] [0m[INFO] [1788509274.299436524] [uav9.ladrc_position_controller]: UAV9 mode=ladrc_acceleration Ref[-4.1,34.7,16.3] Safe[-4.1,34.7,16.3] Pos[-21.89,79.62,10.71] Cmd[5.0,-5.0,8.0][0m
[ladrc_position_controller_node-3] [0m[INFO] [1788509274.568115319] [uav11.ladrc_position_controller]: UAV11 mode=ladrc_acceleration Ref[-0.0,-0.0,-0.8] Safe[-0.0,-0.0,-0.8] Pos[-0.01,0.02,-0.67] Cmd[-1.7,-2.7,-8.0][0m
[ladrc_position_controller_node-2] [0m[INFO] [1788509275.140928640] [uav10.ladrc_position_controller]: UAV10 mode=ladrc_acceleration Ref[2.0,-1.8,28.8] Safe[2.0,-1.8,28.8] Pos[-1.71,16.94,53.56] Cmd[5.0,-5.0,-8.0][0m
[ladrc_position_controller_node-4] [0m[INFO] [1788509275.290668717] [uav12.ladrc_position_controller]: UAV12 mode=ladrc_acceleration Ref[-1.8,-9.5,-0.2] Safe[-1.8,-9.5,-0.2] Pos[-1.79,-9.57,-0.64] Cmd[4.2,5.0,8.0][0m
[ladrc_position_controller_node-1] [0m[INFO] [1788509275.299457688] [uav9.ladrc_position_controller]: UAV9 mode=ladrc_acceleration Ref[-4.1,34.7,16.3] Safe[-4.1,34.7,16.3] Pos[-21.89,79.61,10.70] Cmd[5.0,-5.0,8.0][0m
[ladrc_position_controller_node-3] [0m[INFO] [1788509275.588252603] [uav11.ladrc_position_controller]: UAV11 mode=ladrc_acceleration Ref[-0.0,-0.0,-0.8] Safe[-0.0,-0.0,-0.8] Pos[-0.01,0.02,-0.73] Cmd[-1.7,-2.8,-7.7][0m
[ladrc_position_controller_node-2] [0m[INFO] [1788509276.160911363] [uav10.ladrc_position_controller]: UAV10 mode=ladrc_acceleration Ref[2.0,-1.8,28.8] Safe[2.0,-1.8,28.8] Pos[-1.77,17.04,53.66] Cmd[5.0,-5.0,-8.0][0m
[ladrc_position_controller_node-4] [0m[INFO] [1788509276.290702862] [uav12.ladrc_position_controller]: UAV12 mode=ladrc_acceleration Ref[-1.8,-9.5,-0.2] Safe[-1.8,-9.5,-0.2] Pos[-1.79,-9.58,-0.64] Cmd[4.1,5.0,8.0][0m
[ladrc_position_controller_node-1] [0m[INFO] [1788509276.319354148] [uav9.ladrc_position_controller]: UAV9 mode=ladrc_acceleration Ref[-4.1,34.7,16.3] Safe[-4.1,34.7,16.3] Pos[-21.89,79.59,10.72] Cmd[5.0,-5.0,8.0][0m
[ladrc_position_controller_node-3] [0m[INFO] [1788509276.608122232] [uav11.ladrc_position_controller]: UAV11 mode=ladrc_acceleration Ref[-0.0,-0.0,-0.8] Safe[-0.0,-0.0,-0.8] Pos[-0.00,0.02,-0.77] Cmd[-1.7,-2.8,-8.0][0m
[ladrc_position_controller_node-2] [0m[INFO] [1788509277.160911330] [uav10.ladrc_position_controller]: UAV10 mode=ladrc_acceleration Ref[2.0,-1.8,28.8] Safe[2.0,-1.8,28.8] Pos[-1.85,17.23,53.73] Cmd[5.0,-5.0,-8.0][0m
[ladrc_position_controller_node-4] [0m[INFO] [1788509277.310616080] [uav12.ladrc_position_controller]: UAV12 mode=ladrc_acceleration Ref[-1.8,-9.5,-0.2] Safe[-1.8,-9.5,-0.2] Pos[-1.78,-9.58,-0.66] Cmd[4.0,5.0,8.0][0m
[ladrc_position_controller_node-1] [0m[INFO] [1788509277.319394560] [uav9.ladrc_position_controller]: UAV9 mode=ladrc_acceleration Ref[-4.1,34.7,16.3] Safe[-4.1,34.7,16.3] Pos[-21.89,79.59,10.74] Cmd[5.0,-5.0,8.0][0m
[ladrc_position_controller_node-3] [0m[INFO] [1788509277.628073550] [uav11.ladrc_position_controller]: UAV11 mode=ladrc_acceleration Ref[-0.0,-0.0,-0.8] Safe[-0.0,-0.0,-0.8] Pos[0.00,0.01,-0.83] Cmd[-1.8,-2.9,-7.2][0m
[ladrc_position_controller_node-2] [0m[INFO] [1788509278.160950347] [uav10.ladrc_position_controller]: UAV10 mode=ladrc_acceleration Ref[2.0,-1.8,28.8] Safe[2.0,-1.8,28.8] Pos[-1.80,17.25,53.82] Cmd[5.0,-5.0,-8.0][0m
[ladrc_position_controller_node-4] [0m[INFO] [1788509278.310713145] [uav12.ladrc_position_controller]: UAV12 mode=ladrc_acceleration Ref[-1.8,-9.5,-0.2] Safe[-1.8,-9.5,-0.2] Pos[-1.78,-9.59,-0.68] Cmd[3.8,5.0,8.0][0m
[ladrc_position_controller_node-1] [0m[INFO] [1788509278.339398915] [uav9.ladrc_position_controller]: UAV9 mode=ladrc_acceleration Ref[-4.1,34.7,16.3] Safe[-4.1,34.7,16.3] Pos[-21.89,79.58,10.77] Cmd[5.0,-5.0,8.0][0m
[ladrc_position_controller_node-3] [0m[INFO] [1788509278.648061824] [uav11.ladrc_position_controller]: UAV11 mode=ladrc_acceleration Ref[-0.0,-0.0,-0.8] Safe[-0.0,-0.0,-0.8] Pos[0.01,0.01,-0.87] Cmd[-1.9,-2.9,-7.1][0m
[ladrc_position_controller_node-2] [0m[INFO] [1788509279.180871833] [uav10.ladrc_position_controller]: UAV10 mode=ladrc_acceleration Ref[2.0,-1.8,28.8] Safe[2.0,-1.8,28.8] Pos[-1.78,17.24,53.89] Cmd[5.0,-5.0,-8.0][0m
[ladrc_position_controller_node-4] [0m[INFO] [1788509279.310714286] [uav12.ladrc_position_controller]: UAV12 mode=ladrc_acceleration Ref[-1.8,-9.5,-0.2] Safe[-1.8,-9.5,-0.2] Pos[-1.79,-9.58,-0.71] Cmd[3.8,5.0,8.0][0m
[ladrc_position_controller_node-1] [0m[INFO] [1788509279.339410215] [uav9.ladrc_position_controller]: UAV9 mode=ladrc_acceleration Ref[-4.1,34.7,16.3] Safe[-4.1,34.7,16.3] Pos[-21.89,79.57,10.80] Cmd[5.0,-5.0,8.0][0m
[ladrc_position_controller_node-3] [0m[INFO] [1788509279.668048170] [uav11.ladrc_position_controller]: UAV11 mode=ladrc_acceleration Ref[-0.0,-0.0,-0.8] Safe[-0.0,-0.0,-0.8] Pos[0.02,0.01,-0.92] Cmd[-2.0,-3.0,-6.4][0m
[ladrc_position_controller_node-2] [0m[INFO] [1788509280.180888670] [uav10.ladrc_position_controller]: UAV10 mode=ladrc_acceleration Ref[2.0,-1.8,28.8] Safe[2.0,-1.8,28.8] Pos[-1.75,17.16,53.97] Cmd[5.0,-5.0,-8.0][0m
[ladrc_position_controller_node-4] [0m[INFO] [1788509280.330670142] [uav12.ladrc_position_controller]: UAV12 mode=ladrc_acceleration Ref[-1.8,-9.5,-0.2] Safe[-1.8,-9.5,-0.2] Pos[-1.80,-9.58,-0.74] Cmd[3.7,5.0,8.0][0m
[ladrc_position_controller_node-1] [0m[INFO] [1788509280.359367234] [uav9.ladrc_position_controller]: UAV9 mode=ladrc_acceleration Ref[-4.1,34.7,16.3] Safe[-4.1,34.7,16.3] Pos[-21.89,79.56,10.83] Cmd[5.0,-5.0,8.0][0m
[ladrc_position_controller_node-3] [0m[INFO] [1788509280.668056940] [uav11.ladrc_position_controller]: UAV11 mode=ladrc_acceleration Ref[-0.0,-0.0,-0.8] Safe[-0.0,-0.0,-0.8] Pos[0.03,0.01,-0.96] Cmd[-2.0,-3.0,-5.7][0m
[ladrc_position_controller_node-2] [0m[INFO] [1788509281.180892380] [uav10.ladrc_position_controller]: UAV10 mode=ladrc_acceleration Ref[2.0,-1.8,28.8] Safe[2.0,-1.8,28.8] Pos[-1.75,17.14,53.99] Cmd[5.0,-5.0,-8.0][0m
[ladrc_position_controller_node-4] [0m[INFO] [1788509281.350705694] [uav12.ladrc_position_controller]: UAV12 mode=ladrc_acceleration Ref[-1.8,-9.5,-0.2] Safe[-1.8,-9.5,-0.2] Pos[-1.81,-9.58,-0.76] Cmd[3.7,5.0,8.0][0m
[ladrc_position_controller_node-1] [0m[INFO] [1788509281.359392473] [uav9.ladrc_position_controller]: UAV9 mode=ladrc_acceleration Ref[-4.1,34.7,16.3] Safe[-4.1,34.7,16.3] Pos[-21.88,79.56,10.89] Cmd[5.0,-5.0,8.0][0m
[ladrc_position_controller_node-3] [0m[INFO] [1788509281.688021167] [uav11.ladrc_position_controller]: UAV11 mode=ladrc_acceleration Ref[-0.0,-0.0,-0.8] Safe[-0.0,-0.0,-0.8] Pos[0.03,0.01,-0.99] Cmd[-2.2,-3.1,-4.8][0m
[ladrc_position_controller_node-2] [0m[INFO] [1788509282.200828362] [uav10.ladrc_position_controller]: UAV10 mode=ladrc_acceleration Ref[2.0,-1.8,28.8] Safe[2.0,-1.8,28.8] Pos[-1.77,17.11,53.99] Cmd[5.0,-5.0,-8.0][0m
[ladrc_position_controller_node-4] [0m[INFO] [1788509282.370737545] [uav12.ladrc_position_controller]: UAV12 mode=ladrc_acceleration Ref[-1.8,-9.5,-0.2] Safe[-1.8,-9.5,-0.2] Pos[-1.81,-9.57,-0.80] Cmd[3.6,5.0,8.0][0m
[ladrc_position_controller_node-1] [0m[INFO] [1788509282.379401371] [uav9.ladrc_position_controller]: UAV9 mode=ladrc_acceleration Ref[-4.1,34.7,16.3] Safe[-4.1,34.7,16.3] Pos[-21.88,79.55,10.93] Cmd[5.0,-5.0,8.0][0m
[ladrc_position_controller_node-3] [0m[INFO] [1788509282.688062401] [uav11.ladrc_position_controller]: UAV11 mode=ladrc_acceleration Ref[-0.0,-0.0,-0.8] Safe[-0.0,-0.0,-0.8] Pos[0.03,0.01,-1.03] Cmd[-2.2,-3.2,-3.2][0m
[ladrc_position_controller_node-2] [0m[INFO] [1788509283.200862040] [uav10.ladrc_position_controller]: UAV10 mode=ladrc_acceleration Ref[2.0,-1.8,28.8] Safe[2.0,-1.8,28.8] Pos[-1.81,17.13,53.98] Cmd[5.0,-5.0,-8.0][0m
[ladrc_position_controller_node-4] [0m[INFO] [1788509283.390724127] [uav12.ladrc_position_controller]: UAV12 mode=ladrc_acceleration Ref[-1.8,-9.5,-0.2] Safe[-1.8,-9.5,-0.2] Pos[-1.81,-9.57,-0.84] Cmd[3.5,5.0,8.0][0m
[ladrc_position_controller_node-1] [0m[INFO] [1788509283.399372784] [uav9.ladrc_position_controller]: UAV9 mode=ladrc_acceleration Ref[-4.1,34.7,16.3] Safe[-4.1,34.7,16.3] Pos[-21.88,79.54,11.00] Cmd[5.0,-5.0,8.0][0m
[ladrc_position_controller_node-3] [0m[INFO] [1788509283.688066371] [uav11.ladrc_position_controller]: UAV11 mode=ladrc_acceleration Ref[-0.0,-0.0,-0.8] Safe[-0.0,-0.0,-0.8] Pos[0.02,0.01,-1.07] Cmd[-2.3,-3.2,-1.9][0m
[ladrc_position_controller_node-2] [0m[INFO] [1788509284.220836816] [uav10.ladrc_position_controller]: UAV10 mode=ladrc_acceleration Ref[2.0,-1.8,28.8] Safe[2.0,-1.8,28.8] Pos[-1.86,17.17,53.97] Cmd[5.0,-5.0,-8.0][0m
[ladrc_position_controller_node-1] [0m[INFO] [1788509284.399422969] [uav9.ladrc_position_controller]: UAV9 mode=ladrc_acceleration Ref[-4.1,34.7,16.3] Safe[-4.1,34.7,16.3] Pos[-21.87,79.54,11.05] Cmd[5.0,-5.0,8.0][0m
[ladrc_position_controller_node-4] [0m[INFO] [1788509284.410629654] [uav12.ladrc_position_controller]: UAV12 mode=ladrc_acceleration Ref[-1.8,-9.5,-0.2] Safe[-1.8,-9.5,-0.2] Pos[-1.80,-9.57,-0.91] Cmd[3.4,5.0,8.0][0m
[ladrc_position_controller_node-3] [0m[INFO] [1788509284.708059330] [uav11.ladrc_position_controller]: UAV11 mode=ladrc_acceleration Ref[-0.0,-0.0,-0.8] Safe[-0.0,-0.0,-0.8] Pos[0.02,0.01,-1.11] Cmd[-2.3,-3.3,0.1][0m
[ladrc_position_controller_node-2] [0m[INFO] [1788509285.240841946] [uav10.ladrc_position_controller]: UAV10 mode=ladrc_acceleration Ref[2.0,-1.8,28.8] Safe[2.0,-1.8,28.8] Pos[-1.90,17.20,53.96] Cmd[5.0,-5.0,-8.0][0m
[ladrc_position_controller_node-4] [0m[INFO] [1788509285.410694562] [uav12.ladrc_position_controller]: UAV12 mode=ladrc_acceleration Ref[-1.8,-9.5,-0.2] Safe[-1.8,-9.5,-0.2] Pos[-1.78,-9.56,-0.94] Cmd[3.3,5.0,8.0][0m
[ladrc_position_controller_node-1] [0m[INFO] [1788509285.419419532] [uav9.ladrc_position_controller]: UAV9 mode=ladrc_acceleration Ref[-4.1,34.7,16.3] Safe[-4.1,34.7,16.3] Pos[-21.85,79.51,11.14] Cmd[5.0,-5.0,8.0][0m
[ladrc_position_controller_node-3] [0m[INFO] [1788509285.727968910] [uav11.ladrc_position_controller]: UAV11 mode=ladrc_acceleration Ref[-0.0,-0.0,-0.8] Safe[-0.0,-0.0,-0.8] Pos[0.01,0.01,-1.13] Cmd[-2.3,-3.3,1.4][0m
[ladrc_position_controller_node-2] [0m[INFO] [1788509286.240843432] [uav10.ladrc_position_controller]: UAV10 mode=ladrc_acceleration Ref[2.0,-1.8,28.8] Safe[2.0,-1.8,28.8] Pos[-1.94,17.26,53.94] Cmd[5.0,-5.0,-8.0][0m
[ladrc_position_controller_node-1] [0m[INFO] [1788509286.419435094] [uav9.ladrc_position_controller]: UAV9 mode=ladrc_acceleration Ref[-4.1,34.7,16.3] Safe[-4.1,34.7,16.3] Pos[-21.86,79.52,11.20] Cmd[5.0,-5.0,8.0][0m
[ladrc_position_controller_node-4] [0m[INFO] [1788509286.430681814] [uav12.ladrc_position_controller]: UAV12 mode=ladrc_acceleration Ref[-1.8,-9.5,-0.2] Safe[-1.8,-9.5,-0.2] Pos[-1.78,-9.55,-1.01] Cmd[3.2,5.0,8.0][0m
[ladrc_position_controller_node-3] [0m[INFO] [1788509286.728000059] [uav11.ladrc_position_controller]: UAV11 mode=ladrc_acceleration Ref[-0.0,-0.0,-0.8] Safe[-0.0,-0.0,-0.8] Pos[0.01,0.01,-1.17] Cmd[-2.3,-3.4,3.7][0m
[ladrc_position_controller_node-2] [0m[INFO] [1788509287.260842483] [uav10.ladrc_position_controller]: UAV10 mode=ladrc_acceleration Ref[2.0,-1.8,28.8] Safe[2.0,-1.8,28.8] Pos[-1.94,17.26,53.94] Cmd[5.0,-5.0,-8.0][0m
[ladrc_position_controller_node-1] [0m[INFO] [1788509287.439426440] [uav9.ladrc_position_controller]: UAV9 mode=ladrc_acceleration Ref[-4.1,34.7,16.3] Safe[-4.1,34.7,16.3] Pos[-21.87,79.51,11.30] Cmd[5.0,-5.0,8.0][0m
[ladrc_position_controller_node-4] [0m[INFO] [1788509287.450629508] [uav12.ladrc_position_controller]: UAV12 mode=ladrc_acceleration Ref[-1.8,-9.5,-0.2] Safe[-1.8,-9.5,-0.2] Pos[-1.77,-9.55,-1.03] Cmd[3.0,5.0,8.0][0m
[ladrc_position_controller_node-3] [0m[INFO] [1788509287.728049300] [uav11.ladrc_position_controller]: UAV11 mode=ladrc_acceleration Ref[-0.0,-0.0,-0.8] Safe[-0.0,-0.0,-0.8] Pos[0.01,0.01,-1.19] Cmd[-2.4,-3.4,5.1][0m
[ladrc_position_controller_node-2] [0m[INFO] [1788509288.280835700] [uav10.ladrc_position_controller]: UAV10 mode=ladrc_acceleration Ref[2.0,-1.8,28.8] Safe[2.0,-1.8,28.8] Pos[-1.97,17.31,53.91] Cmd[5.0,-5.0,-8.0][0m
[ladrc_position_controller_node-4] [0m[INFO] [1788509288.450669628] [uav12.ladrc_position_controller]: UAV12 mode=ladrc_acceleration Ref[-1.8,-9.5,-0.2] Safe[-1.8,-9.5,-0.2] Pos[-1.77,-9.55,-1.08] Cmd[2.9,5.0,8.0][0m
[ladrc_position_controller_node-1] [0m[INFO] [1788509288.459293178] [uav9.ladrc_position_controller]: UAV9 mode=ladrc_acceleration Ref[-4.1,34.7,16.3] Safe[-4.1,34.7,16.3] Pos[-21.89,79.51,11.36] Cmd[5.0,-5.0,8.0][0m
[ladrc_position_controller_node-3] [0m[INFO] [1788509288.748125810] [uav11.ladrc_position_controller]: UAV11 mode=ladrc_acceleration Ref[-0.0,-0.0,-0.8] Safe[-0.0,-0.0,-0.8] Pos[0.01,0.00,-1.22] Cmd[-2.4,-3.4,7.8][0m
[ladrc_position_controller_node-2] [0m[INFO] [1788509289.300852897] [uav10.ladrc_position_controller]: UAV10 mode=ladrc_acceleration Ref[2.0,-1.8,28.8] Safe[2.0,-1.8,28.8] Pos[-1.95,17.30,53.93] Cmd[5.0,-5.0,-8.0][0m
[ladrc_position_controller_node-1] [0m[INFO] [1788509289.459365435] [uav9.ladrc_position_controller]: UAV9 mode=ladrc_acceleration Ref[-4.1,34.7,16.3] Safe[-4.1,34.7,16.3] Pos[-21.90,79.52,11.44] Cmd[5.0,-5.0,8.0][0m
[ladrc_position_controller_node-4] [0m[INFO] [1788509289.470575597] [uav12.ladrc_position_controller]: UAV12 mode=ladrc_acceleration Ref[-1.8,-9.5,-0.2] Safe[-1.8,-9.5,-0.2] Pos[-1.77,-9.54,-1.10] Cmd[2.6,5.0,8.0][0m
[ladrc_position_controller_node-3] [0m[INFO] [1788509289.768022119] [uav11.ladrc_position_controller]: UAV11 mode=ladrc_acceleration Ref[-0.0,-0.0,-0.8] Safe[-0.0,-0.0,-0.8] Pos[0.00,0.00,-1.22] Cmd[-2.4,-3.5,8.0][0m
[ladrc_position_controller_node-2] [0m[INFO] [1788509290.300861602] [uav10.ladrc_position_controller]: UAV10 mode=ladrc_acceleration Ref[2.0,-1.8,28.8] Safe[2.0,-1.8,28.8] Pos[-1.99,17.34,53.92] Cmd[5.0,-5.0,-8.0][0m
[ladrc_position_controller_node-4] [0m[INFO] [1788509290.470618966] [uav12.ladrc_position_controller]: UAV12 mode=ladrc_acceleration Ref[-1.8,-9.5,-0.2] Safe[-1.8,-9.5,-0.2] Pos[-1.76,-9.55,-1.16] Cmd[2.5,5.0,8.0][0m
[ladrc_position_controller_node-1] [0m[INFO] [1788509290.479341100] [uav9.ladrc_position_controller]: UAV9 mode=ladrc_acceleration Ref[-4.1,34.7,16.3] Safe[-4.1,34.7,16.3] Pos[-21.90,79.52,11.48] Cmd[5.0,-5.0,8.0][0m
[ladrc_position_controller_node-3] [0m[INFO] [1788509290.768030792] [uav11.ladrc_position_controller]: UAV11 mode=ladrc_acceleration Ref[-0.0,-0.0,-0.8] Safe[-0.0,-0.0,-0.8] Pos[-0.01,0.00,-1.24] Cmd[-2.4,-3.6,8.0][0m
[ladrc_position_controller_node-2] [0m[INFO] [1788509291.320832274] [uav10.ladrc_position_controller]: UAV10 mode=ladrc_acceleration Ref[2.0,-1.8,28.8] Safe[2.0,-1.8,28.8] Pos[-1.97,17.28,53.96] Cmd[5.0,-5.0,-8.0][0m
[ladrc_position_controller_node-4] [0m[INFO] [1788509291.470650559] [uav12.ladrc_position_controller]: UAV12 mode=ladrc_acceleration Ref[-1.8,-9.5,-0.2] Safe[-1.8,-9.5,-0.2] Pos[-1.76,-9.56,-1.17] Cmd[2.3,5.0,8.0][0m
[ladrc_position_controller_node-1] [0m[INFO] [1788509291.479352726] [uav9.ladrc_position_controller]: UAV9 mode=ladrc_acceleration Ref[-4.1,34.7,16.3] Safe[-4.1,34.7,16.3] Pos[-21.90,79.52,11.55] Cmd[5.0,-5.0,8.0][0m
[ladrc_position_controller_node-3] [0m[INFO] [1788509291.768045954] [uav11.ladrc_position_controller]: UAV11 mode=ladrc_acceleration Ref[-0.0,-0.0,-0.8] Safe[-0.0,-0.0,-0.8] Pos[-0.01,0.00,-1.21] Cmd[-2.4,-3.6,8.0][0m
[ladrc_position_controller_node-2] [0m[INFO] [1788509292.320840110] [uav10.ladrc_position_controller]: UAV10 mode=ladrc_acceleration Ref[2.0,-1.8,28.8] Safe[2.0,-1.8,28.8] Pos[-1.98,17.28,54.00] Cmd[5.0,-5.0,-8.0][0m
[ladrc_position_controller_node-1] [0m[INFO] [1788509292.479354430] [uav9.ladrc_position_controller]: UAV9 mode=ladrc_acceleration Ref[-4.1,34.7,16.3] Safe[-4.1,34.7,16.3] Pos[-21.90,79.52,11.60] Cmd[5.0,-5.0,8.0][0m
[ladrc_position_controller_node-4] [0m[INFO] [1788509292.490696167] [uav12.ladrc_position_controller]: UAV12 mode=ladrc_acceleration Ref[-1.8,-9.5,-0.2] Safe[-1.8,-9.5,-0.2] Pos[-1.77,-9.56,-1.21] Cmd[2.2,5.0,8.0][0m
[ladrc_position_controller_node-3] [0m[INFO] [1788509292.788033312] [uav11.ladrc_position_controller]: UAV11 mode=ladrc_acceleration Ref[-0.0,-0.0,-0.8] Safe[-0.0,-0.0,-0.8] Pos[-0.02,-0.00,-1.20] Cmd[-2.3,-3.6,8.0][0m
[ladrc_position_controller_node-2] [0m[INFO] [1788509293.320845297] [uav10.ladrc_position_controller]: UAV10 mode=ladrc_acceleration Ref[2.0,-1.8,28.8] Safe[2.0,-1.8,28.8] Pos[-1.94,17.25,54.06] Cmd[5.0,-5.0,-8.0][0m
[ladrc_position_controller_node-1] [0m[INFO] [1788509293.499294627] [uav9.ladrc_position_controller]: UAV9 mode=ladrc_acceleration Ref[-4.1,34.7,16.3] Safe[-4.1,34.7,16.3] Pos[-21.90,79.52,11.66] Cmd[5.0,-5.0,8.0][0m
[ladrc_position_controller_node-4] [0m[INFO] [1788509293.510600678] [uav12.ladrc_position_controller]: UAV12 mode=ladrc_acceleration Ref[-1.8,-9.5,-0.2] Safe[-1.8,-9.5,-0.2] Pos[-1.77,-9.56,-1.24] Cmd[2.0,5.0,8.0][0m
[ladrc_position_controller_node-3] [0m[INFO] [1788509293.807967237] [uav11.ladrc_position_controller]: UAV11 mode=ladrc_acceleration Ref[-0.0,-0.0,-0.8] Safe[-0.0,-0.0,-0.8] Pos[-0.01,0.00,-1.16] Cmd[-2.4,-3.7,8.0][0m
[ladrc_position_controller_node-2] [0m[INFO] [1788509294.340877564] [uav10.ladrc_position_controller]: UAV10 mode=ladrc_acceleration Ref[2.0,-1.8,28.8] Safe[2.0,-1.8,28.8] Pos[-1.93,17.23,54.12] Cmd[5.0,-5.0,-8.0][0m
[ladrc_position_controller_node-1] [0m[INFO] [1788509294.499323064] [uav9.ladrc_position_controller]: UAV9 mode=ladrc_acceleration Ref[-4.1,34.7,16.3] Safe[-4.1,34.7,16.3] Pos[-21.91,79.52,11.71] Cmd[5.0,-5.0,8.0][0m
[ladrc_position_controller_node-4] [0m[INFO] [1788509294.510605741] [uav12.ladrc_position_controller]: UAV12 mode=ladrc_acceleration Ref[-1.8,-9.5,-0.2] Safe[-1.8,-9.5,-0.2] Pos[-1.76,-9.56,-1.27] Cmd[1.9,5.0,8.0][0m
[ladrc_position_controller_node-3] [0m[INFO] [1788509294.808018214] [uav11.ladrc_position_controller]: UAV11 mode=ladrc_acceleration Ref[-0.0,-0.0,-0.8] Safe[-0.0,-0.0,-0.8] Pos[-0.00,-0.01,-1.15] Cmd[-2.4,-3.6,8.0][0m
[ladrc_position_controller_node-2] [0m[INFO] [1788509295.340909003] [uav10.ladrc_position_controller]: UAV10 mode=ladrc_acceleration Ref[2.0,-1.8,28.8] Safe[2.0,-1.8,28.8] Pos[-1.90,17.18,54.18] Cmd[5.0,-5.0,-8.0][0m
[ladrc_position_controller_node-1] [0m[INFO] [1788509295.499418863] [uav9.ladrc_position_controller]: UAV9 mode=ladrc_acceleration Ref[-4.1,34.7,16.3] Safe[-4.1,34.7,16.3] Pos[-21.91,79.51,11.76] Cmd[5.0,-5.0,8.0][0m
[ladrc_position_controller_node-4] [0m[INFO] [1788509295.510638792] [uav12.ladrc_position_controller]: UAV12 mode=ladrc_acceleration Ref[-1.8,-9.5,-0.2] Safe[-1.8,-9.5,-0.2] Pos[-1.76,-9.57,-1.29] Cmd[1.7,5.0,8.0][0m
[ladrc_position_controller_node-3] [0m[INFO] [1788509295.827995613] [uav11.ladrc_position_controller]: UAV11 mode=ladrc_acceleration Ref[-0.0,-0.0,-0.8] Safe[-0.0,-0.0,-0.8] Pos[-0.00,-0.01,-1.09] Cmd[-2.4,-3.6,8.0][0m
[ladrc_position_controller_node-2] [0m[INFO] [1788509296.360808333] [uav10.ladrc_position_controller]: UAV10 mode=ladrc_acceleration Ref[2.0,-1.8,28.8] Safe[2.0,-1.8,28.8] Pos[-1.93,17.19,54.21] Cmd[5.0,-5.0,-8.0][0m
[ladrc_position_controller_node-1] [0m[INFO] [1788509296.519363246] [uav9.ladrc_position_controller]: UAV9 mode=ladrc_acceleration Ref[-4.1,34.7,16.3] Safe[-4.1,34.7,16.3] Pos[-21.92,79.51,11.79] Cmd[5.0,-5.0,8.0][0m
[ladrc_position_controller_node-4] [0m[INFO] [1788509296.530625435] [uav12.ladrc_position_controller]: UAV12 mode=ladrc_acceleration Ref[-1.8,-9.5,-0.2] Safe[-1.8,-9.5,-0.2] Pos[-1.76,-9.57,-1.31] Cmd[1.5,5.0,8.0][0m
[ladrc_position_controller_node-3] [0m[INFO] [1788509296.848003273] [uav11.ladrc_position_controller]: UAV11 mode=ladrc_acceleration Ref[-0.0,-0.0,-0.8] Safe[-0.0,-0.0,-0.8] Pos[-0.01,-0.02,-1.05] Cmd[-2.3,-3.5,8.0][0m
[ladrc_position_controller_node-2] [0m[INFO] [1788509297.360813194] [uav10.ladrc_position_controller]: UAV10 mode=ladrc_acceleration Ref[2.0,-1.8,28.8] Safe[2.0,-1.8,28.8] Pos[-1.89,17.15,54.26] Cmd[5.0,-5.0,-8.0][0m
[ladrc_position_controller_node-1] [0m[INFO] [1788509297.539333205] [uav9.ladrc_position_controller]: UAV9 mode=ladrc_acceleration Ref[-4.1,34.7,16.3] Safe[-4.1,34.7,16.3] Pos[-21.91,79.50,11.82] Cmd[5.0,-5.0,8.0][0m
[ladrc_position_controller_node-4] [0m[INFO] [1788509297.550645797] [uav12.ladrc_position_controller]: UAV12 mode=ladrc_acceleration Ref[-1.8,-9.5,-0.2] Safe[-1.8,-9.5,-0.2] Pos[-1.76,-9.58,-1.32] Cmd[1.3,5.0,8.0][0m
[ladrc_position_controller_node-3] [0m[INFO] [1788509297.867973250] [uav11.ladrc_position_controller]: UAV11 mode=ladrc_acceleration Ref[-0.0,-0.0,-0.8] Safe[-0.0,-0.0,-0.8] Pos[-0.00,-0.02,-0.99] Cmd[-2.4,-3.6,8.0][0m
[ladrc_position_controller_node-2] [0m[INFO] [1788509298.360978282] [uav10.ladrc_position_controller]: UAV10 mode=ladrc_acceleration Ref[2.0,-1.8,28.8] Safe[2.0,-1.8,28.8] Pos[-1.90,17.14,54.29] Cmd[5.0,-5.0,-8.0][0m
[ladrc_position_controller_node-1] [0m[INFO] [1788509298.559283522] [uav9.ladrc_position_controller]: UAV9 mode=ladrc_acceleration Ref[-4.1,34.7,16.3] Safe[-4.1,34.7,16.3] Pos[-21.91,79.51,11.83] Cmd[5.0,-5.0,8.0][0m
[ladrc_position_controller_node-4] [0m[INFO] [1788509298.570633174] [uav12.ladrc_position_controller]: UAV12 mode=ladrc_acceleration Ref[-1.8,-9.5,-0.2] Safe[-1.8,-9.5,-0.2] Pos[-1.76,-9.58,-1.30] Cmd[1.1,5.0,8.0][0m
[ladrc_position_controller_node-3] [0m[INFO] [1788509298.867981603] [uav11.ladrc_position_controller]: UAV11 mode=ladrc_acceleration Ref[-0.0,-0.0,-0.8] Safe[-0.0,-0.0,-0.8] Pos[-0.01,-0.01,-0.94] Cmd[-2.4,-3.6,8.0][0m
[ladrc_position_controller_node-2] [0m[INFO] [1788509299.380832446] [uav10.ladrc_position_controller]: UAV10 mode=ladrc_acceleration Ref[2.0,-1.8,28.8] Safe[2.0,-1.8,28.8] Pos[-1.86,17.12,54.34] Cmd[5.0,-5.0,-8.0][0m
[ladrc_position_controller_node-1] [0m[INFO] [1788509299.559336144] [uav9.ladrc_position_controller]: UAV9 mode=ladrc_acceleration Ref[-4.1,34.7,16.3] Safe[-4.1,34.7,16.3] Pos[-21.91,79.51,11.82] Cmd[5.0,-5.0,8.0][0m
[ladrc_position_controller_node-4] [0m[INFO] [1788509299.590635604] [uav12.ladrc_position_controller]: UAV12 mode=ladrc_acceleration Ref[-1.8,-9.5,-0.2] Safe[-1.8,-9.5,-0.2] Pos[-1.76,-9.59,-1.28] Cmd[1.0,5.0,8.0][0m
[ladrc_position_controller_node-3] [0m[INFO] [1788509299.887991777] [uav11.ladrc_position_controller]: UAV11 mode=ladrc_acceleration Ref[-0.0,-0.0,-0.8] Safe[-0.0,-0.0,-0.8] Pos[-0.02,-0.02,-0.88] Cmd[-2.3,-3.6,7.7][0m
[ladrc_position_controller_node-2] [0m[INFO] [1788509300.400844803] [uav10.ladrc_position_controller]: UAV10 mode=ladrc_acceleration Ref[2.0,-1.8,28.8] Safe[2.0,-1.8,28.8] Pos[-1.84,17.11,54.39] Cmd[5.0,-5.0,-8.0][0m
[ladrc_position_controller_node-1] [0m[INFO] [1788509300.579312213] [uav9.ladrc_position_controller]: UAV9 mode=ladrc_acceleration Ref[-4.1,34.7,16.3] Safe[-4.1,34.7,16.3] Pos[-21.91,79.51,11.80] Cmd[5.0,-5.0,8.0][0m
[ladrc_position_controller_node-4] [0m[INFO] [1788509300.610636720] [uav12.ladrc_position_controller]: UAV12 mode=ladrc_acceleration Ref[-1.8,-9.5,-0.2] Safe[-1.8,-9.5,-0.2] Pos[-1.75,-9.59,-1.24] Cmd[0.7,5.0,8.0][0m
[ladrc_position_controller_node-3] [0m[INFO] [1788509300.907961182] [uav11.ladrc_position_controller]: UAV11 mode=ladrc_acceleration Ref[-0.0,-0.0,-0.8] Safe[-0.0,-0.0,-0.8] Pos[-0.02,-0.01,-0.80] Cmd[-2.3,-3.6,7.0][0m
[ladrc_position_controller_node-2] [0m[INFO] [1788509301.420798928] [uav10.ladrc_position_controller]: UAV10 mode=ladrc_acceleration Ref[2.0,-1.8,28.8] Safe[2.0,-1.8,28.8] Pos[-1.84,17.10,54.43] Cmd[5.0,-5.0,-8.0][0m
[ladrc_position_controller_node-1] [0m[INFO] [1788509301.579322940] [uav9.ladrc_position_controller]: UAV9 mode=ladrc_acceleration Ref[-4.1,34.7,16.3] Safe[-4.1,34.7,16.3] Pos[-21.90,79.50,11.78] Cmd[5.0,-5.0,8.0][0m
[ladrc_position_controller_node-4] [0m[INFO] [1788509301.630605801] [uav12.ladrc_position_controller]: UAV12 mode=ladrc_acceleration Ref[-1.8,-9.5,-0.2] Safe[-1.8,-9.5,-0.2] Pos[-1.74,-9.59,-1.23] Cmd[0.4,5.0,8.0][0m
[ladrc_position_controller_node-3] [0m[INFO] [1788509301.907973612] [uav11.ladrc_position_controller]: UAV11 mode=ladrc_acceleration Ref[-0.0,-0.0,-0.8] Safe[-0.0,-0.0,-0.8] Pos[-0.02,-0.01,-0.73] Cmd[-2.2,-3.6,6.5][0m
[ladrc_position_controller_node-2] [0m[INFO] [1788509302.420818178] [uav10.ladrc_position_controller]: UAV10 mode=ladrc_acceleration Ref[2.0,-1.8,28.8] Safe[2.0,-1.8,28.8] Pos[-1.82,17.08,54.48] Cmd[5.0,-5.0,-8.0][0m
[ladrc_position_controller_node-1] [0m[INFO] [1788509302.599308119] [uav9.ladrc_position_controller]: UAV9 mode=ladrc_acceleration Ref[-4.1,34.7,16.3] Safe[-4.1,34.7,16.3] Pos[-21.89,79.50,11.75] Cmd[5.0,-5.0,8.0][0m
[ladrc_position_controller_node-4] [0m[INFO] [1788509302.650600216] [uav12.ladrc_position_controller]: UAV12 mode=ladrc_acceleration Ref[-1.8,-9.5,-0.2] Safe[-1.8,-9.5,-0.2] Pos[-1.73,-9.59,-1.17] Cmd[0.2,5.0,8.0][0m
[ladrc_position_controller_node-3] [0m[INFO] [1788509302.927948439] [uav11.ladrc_position_controller]: UAV11 mode=ladrc_acceleration Ref[-0.0,-0.0,-0.8] Safe[-0.0,-0.0,-0.8] Pos[-0.02,-0.01,-0.66] Cmd[-2.2,-3.7,5.1][0m
[ladrc_position_controller_node-2] [0m[INFO] [1788509303.440774439] [uav10.ladrc_position_controller]: UAV10 mode=ladrc_acceleration Ref[2.0,-1.8,28.8] Safe[2.0,-1.8,28.8] Pos[-1.82,17.07,54.51] Cmd[5.0,-5.0,-8.0][0m
[ladrc_position_controller_node-1] [0m[INFO] [1788509303.599312517] [uav9.ladrc_position_controller]: UAV9 mode=ladrc_acceleration Ref[-4.1,34.7,16.3] Safe[-4.1,34.7,16.3] Pos[-21.89,79.50,11.72] Cmd[5.0,-5.0,8.0][0m
[ladrc_position_controller_node-4] [0m[INFO] [1788509303.650688402] [uav12.ladrc_position_controller]: UAV12 mode=ladrc_acceleration Ref[-1.8,-9.5,-0.2] Safe[-1.8,-9.5,-0.2] Pos[-1.72,-9.60,-1.14] Cmd[-0.1,5.0,8.0][0m
[ladrc_position_controller_node-3] [0m[INFO] [1788509303.927993363] [uav11.ladrc_position_controller]: UAV11 mode=ladrc_acceleration Ref[-0.0,-0.0,-0.8] Safe[-0.0,-0.0,-0.8] Pos[-0.03,0.00,-0.60] Cmd[-2.1,-3.7,3.9][0m
[ladrc_position_controller_node-2] [0m[INFO] [1788509304.460787954] [uav10.ladrc_position_controller]: UAV10 mode=ladrc_acceleration Ref[2.0,-1.8,28.8] Safe[2.0,-1.8,28.8] Pos[-1.80,17.04,54.54] Cmd[5.0,-5.0,-8.0][0m
[ladrc_position_controller_node-1] [0m[INFO] [1788509304.619278212] [uav9.ladrc_position_controller]: UAV9 mode=ladrc_acceleration Ref[-4.1,34.7,16.3] Safe[-4.1,34.7,16.3] Pos[-21.88,79.51,11.71] Cmd[5.0,-5.0,8.0][0m
[ladrc_position_controller_node-4] [0m[INFO] [1788509304.670619822] [uav12.ladrc_position_controller]: UAV12 mode=ladrc_acceleration Ref[-1.8,-9.5,-0.2] Safe[-1.8,-9.5,-0.2] Pos[-1.73,-9.60,-1.07] Cmd[-0.3,5.0,8.0][0m
[ladrc_position_controller_node-3] [0m[INFO] [1788509304.947929871] [uav11.ladrc_position_controller]: UAV11 mode=ladrc_acceleration Ref[-0.0,-0.0,-0.8] Safe[-0.0,-0.0,-0.8] Pos[-0.02,0.01,-0.53] Cmd[-2.2,-3.8,1.8][0m
[ladrc_position_controller_node-2] [0m[INFO] [1788509305.480783711] [uav10.ladrc_position_controller]: UAV10 mode=ladrc_acceleration Ref[2.0,-1.8,28.8] Safe[2.0,-1.8,28.8] Pos[-1.79,17.04,54.55] Cmd[5.0,-5.0,-8.0][0m
[ladrc_position_controller_node-1] [0m[INFO] [1788509305.619395204] [uav9.ladrc_position_controller]: UAV9 mode=ladrc_acceleration Ref[-4.1,34.7,16.3] Safe[-4.1,34.7,16.3] Pos[-21.88,79.53,11.70] Cmd[5.0,-5.0,8.0][0m
[ladrc_position_controller_node-4] [0m[INFO] [1788509305.670644691] [uav12.ladrc_position_controller]: UAV12 mode=ladrc_acceleration Ref[-1.8,-9.5,-0.2] Safe[-1.8,-9.5,-0.2] Pos[-1.73,-9.60,-1.04] Cmd[-0.5,5.0,8.0][0m
[ladrc_position_controller_node-3] [0m[INFO] [1788509305.947998211] [uav11.ladrc_position_controller]: UAV11 mode=ladrc_acceleration Ref[-0.0,-0.0,-0.8] Safe[-0.0,-0.0,-0.8] Pos[-0.01,0.01,-0.49] Cmd[-2.2,-3.9,0.0][0m
[ladrc_position_controller_node-2] [0m[INFO] [1788509306.500829869] [uav10.ladrc_position_controller]: UAV10 mode=ladrc_acceleration Ref[2.0,-1.8,28.8] Safe[2.0,-1.8,28.8] Pos[-1.78,16.99,54.54] Cmd[5.0,-5.0,-8.0][0m
[ladrc_position_controller_node-1] [0m[INFO] [1788509306.639326416] [uav9.ladrc_position_controller]: UAV9 mode=ladrc_acceleration Ref[-4.1,34.7,16.3] Safe[-4.1,34.7,16.3] Pos[-21.89,79.53,11.72] Cmd[5.0,-5.0,8.0][0m
[ladrc_position_controller_node-4] [0m[INFO] [1788509306.690595861] [uav12.ladrc_position_controller]: UAV12 mode=ladrc_acceleration Ref[-1.8,-9.5,-0.2] Safe[-1.8,-9.5,-0.2] Pos[-1.73,-9.60,-0.96] Cmd[-0.8,5.0,8.0][0m
[ladrc_position_controller_node-3] [0m[INFO] [1788509306.967969097] [uav11.ladrc_position_controller]: UAV11 mode=ladrc_acceleration Ref[-0.0,-0.0,-0.8] Safe[-0.0,-0.0,-0.8] Pos[-0.01,0.02,-0.43] Cmd[-2.2,-3.9,-2.5][0m
[ladrc_position_controller_node-2] [0m[INFO] [1788509307.520768572] [uav10.ladrc_position_controller]: UAV10 mode=ladrc_acceleration Ref[2.0,-1.8,28.8] Safe[2.0,-1.8,28.8] Pos[-1.78,16.99,54.52] Cmd[5.0,-5.0,-8.0][0m
[ladrc_position_controller_node-1] [0m[INFO] [1788509307.639362279] [uav9.ladrc_position_controller]: UAV9 mode=ladrc_acceleration Ref[-4.1,34.7,16.3] Safe[-4.1,34.7,16.3] Pos[-21.87,79.53,11.75] Cmd[5.0,-5.0,8.0][0m
[ladrc_position_controller_node-4] [0m[INFO] [1788509307.710636424] [uav12.ladrc_position_controller]: UAV12 mode=ladrc_acceleration Ref[-1.8,-9.5,-0.2] Safe[-1.8,-9.5,-0.2] Pos[-1.74,-9.60,-0.90] Cmd[-1.0,5.0,8.0][0m
[ladrc_position_controller_node-3] [0m[INFO] [1788509307.987919079] [uav11.ladrc_position_controller]: UAV11 mode=ladrc_acceleration Ref[-0.0,-0.0,-0.8] Safe[-0.0,-0.0,-0.8] Pos[-0.01,0.03,-0.38] Cmd[-2.1,-4.1,-4.9][0m
[ladrc_position_controller_node-2] [0m[INFO] [1788509308.520795726] [uav10.ladrc_position_controller]: UAV10 mode=ladrc_acceleration Ref[2.0,-1.8,28.8] Safe[2.0,-1.8,28.8] Pos[-1.76,16.97,54.50] Cmd[5.0,-5.0,-8.0][0m
[ladrc_position_controller_node-1] [0m[INFO] [1788509308.659365229] [uav9.ladrc_position_controller]: UAV9 mode=ladrc_acceleration Ref[-4.1,34.7,16.3] Safe[-4.1,34.7,16.3] Pos[-21.87,79.53,11.79] Cmd[5.0,-5.0,8.0][0m
[ladrc_position_controller_node-4] [0m[INFO] [1788509308.730576025] [uav12.ladrc_position_controller]: UAV12 mode=ladrc_acceleration Ref[-1.8,-9.5,-0.2] Safe[-1.8,-9.5,-0.2] Pos[-1.74,-9.59,-0.81] Cmd[-1.2,5.0,8.0][0m
[ladrc_position_controller_node-3] [0m[INFO] [1788509308.987961730] [uav11.ladrc_position_controller]: UAV11 mode=ladrc_acceleration Ref[-0.0,-0.0,-0.8] Safe[-0.0,-0.0,-0.8] Pos[-0.01,0.03,-0.32] Cmd[-2.1,-4.2,-7.9][0m
[ladrc_position_controller_node-2] [0m[INFO] [1788509309.540810484] [uav10.ladrc_position_controller]: UAV10 mode=ladrc_acceleration Ref[2.0,-1.8,28.8] Safe[2.0,-1.8,28.8] Pos[-1.76,16.98,54.46] Cmd[5.0,-5.0,-8.0][0m
[ladrc_position_controller_node-1] [0m[INFO] [1788509309.679311328] [uav9.ladrc_position_controller]: UAV9 mode=ladrc_acceleration Ref[-4.1,34.7,16.3] Safe[-4.1,34.7,16.3] Pos[-21.87,79.53,11.86] Cmd[5.0,-5.0,8.0][0m
[ladrc_position_controller_node-4] [0m[INFO] [1788509309.750566447] [uav12.ladrc_position_controller]: UAV12 mode=ladrc_acceleration Ref[-1.8,-9.5,-0.2] Safe[-1.8,-9.5,-0.2] Pos[-1.75,-9.59,-0.73] Cmd[-1.4,5.0,8.0][0m
[ladrc_position_controller_node-3] [0m[INFO] [1788509309.987993367] [uav11.ladrc_position_controller]: UAV11 mode=ladrc_acceleration Ref[-0.0,-0.0,-0.8] Safe[-0.0,-0.0,-0.8] Pos[-0.01,0.02,-0.28] Cmd[-2.2,-4.3,-8.0][0m
[ladrc_position_controller_node-2] [0m[INFO] [1788509310.560789252] [uav10.ladrc_position_controller]: UAV10 mode=ladrc_acceleration Ref[2.0,-1.8,28.8] Safe[2.0,-1.8,28.8] Pos[-1.74,16.97,54.44] Cmd[5.0,-5.0,-8.0][0m
[ladrc_position_controller_node-1] [0m[INFO] [1788509310.699302869] [uav9.ladrc_position_controller]: UAV9 mode=ladrc_acceleration Ref[-4.1,34.7,16.3] Safe[-4.1,34.7,16.3] Pos[-21.87,79.52,11.92] Cmd[5.0,-5.0,8.0][0m
[ladrc_position_controller_node-4] [0m[INFO] [1788509310.770524685] [uav12.ladrc_position_controller]: UAV12 mode=ladrc_acceleration Ref[-1.8,-9.5,-0.2] Safe[-1.8,-9.5,-0.2] Pos[-1.76,-9.59,-0.67] Cmd[-1.5,5.0,8.0][0m
[ladrc_position_controller_node-3] [0m[INFO] [1788509311.007976511] [uav11.ladrc_position_controller]: UAV11 mode=ladrc_acceleration Ref[-0.0,-0.0,-0.8] Safe[-0.0,-0.0,-0.8] Pos[-0.01,0.01,-0.24] Cmd[-2.1,-4.3,-8.0][0m
[ladrc_position_controller_node-2] [0m[INFO] [1788509311.580802390] [uav10.ladrc_position_controller]: UAV10 mode=ladrc_acceleration Ref[2.0,-1.8,28.8] Safe[2.0,-1.8,28.8] Pos[-1.73,16.98,54.42] Cmd[5.0,-5.0,-8.0][0m
[ladrc_position_controller_node-1] [0m[INFO] [1788509311.699311557] [uav9.ladrc_position_controller]: UAV9 mode=ladrc_acceleration Ref[-4.1,34.7,16.3] Safe[-4.1,34.7,16.3] Pos[-21.88,79.52,11.99] Cmd[5.0,-5.0,8.0][0m
[ladrc_position_controller_node-4] [0m[INFO] [1788509311.770550395] [uav12.ladrc_position_controller]: UAV12 mode=ladrc_acceleration Ref[-1.8,-9.5,-0.2] Safe[-1.8,-9.5,-0.2] Pos[-1.77,-9.58,-0.60] Cmd[-1.7,5.0,8.0][0m
[ladrc_position_controller_node-3] [0m[INFO] [1788509312.007980610] [uav11.ladrc_position_controller]: UAV11 mode=ladrc_acceleration Ref[-0.0,-0.0,-0.8] Safe[-0.0,-0.0,-0.8] Pos[-0.01,0.01,-0.21] Cmd[-2.1,-4.4,-8.0][0m
[ladrc_position_controller_node-2] [0m[INFO] [1788509312.580893609] [uav10.ladrc_position_controller]: UAV10 mode=ladrc_acceleration Ref[2.0,-1.8,28.8] Safe[2.0,-1.8,28.8] Pos[-1.73,16.97,54.41] Cmd[5.0,-5.0,-8.0][0m
[ladrc_position_controller_node-1] [0m[INFO] [1788509312.719272042] [uav9.ladrc_position_controller]: UAV9 mode=ladrc_acceleration Ref[-4.1,34.7,16.3] Safe[-4.1,34.7,16.3] Pos[-21.89,79.52,12.08] Cmd[5.0,-5.0,8.0][0m
[ladrc_position_controller_node-4] [0m[INFO] [1788509312.770558397] [uav12.ladrc_position_controller]: UAV12 mode=ladrc_acceleration Ref[-1.8,-9.5,-0.2] Safe[-1.8,-9.5,-0.2] Pos[-1.76,-9.58,-0.55] Cmd[-1.8,5.0,8.0][0m
[ladrc_position_controller_node-3] [0m[INFO] [1788509313.007991717] [uav11.ladrc_position_controller]: UAV11 mode=ladrc_acceleration Ref[-0.0,-0.0,-0.8] Safe[-0.0,-0.0,-0.8] Pos[0.00,0.01,-0.19] Cmd[-2.2,-4.5,-8.0][0m
[ladrc_position_controller_node-2] [0m[INFO] [1788509313.600804769] [uav10.ladrc_position_controller]: UAV10 mode=ladrc_acceleration Ref[2.0,-1.8,28.8] Safe[2.0,-1.8,28.8] Pos[-1.73,16.97,54.41] Cmd[5.0,-5.0,-8.0][0m
[ladrc_position_controller_node-1] [0m[INFO] [1788509313.719297785] [uav9.ladrc_position_controller]: UAV9 mode=ladrc_acceleration Ref[-4.1,34.7,16.3] Safe[-4.1,34.7,16.3] Pos[-21.88,79.52,12.17] Cmd[5.0,-5.0,8.0][0m
[ladrc_position_controller_node-4] [0m[INFO] [1788509313.790515032] [uav12.ladrc_position_controller]: UAV12 mode=ladrc_acceleration Ref[-1.8,-9.5,-0.2] Safe[-1.8,-9.5,-0.2] Pos[-1.77,-9.57,-0.49] Cmd[-2.0,5.0,8.0][0m
[ladrc_position_controller_node-3] [0m[INFO] [1788509314.027945445] [uav11.ladrc_position_controller]: UAV11 mode=ladrc_acceleration Ref[-0.0,-0.0,-0.8] Safe[-0.0,-0.0,-0.8] Pos[0.01,0.01,-0.20] Cmd[-2.2,-4.5,-8.0][0m
[ladrc_position_controller_node-2] [0m[INFO] [1788509314.620869633] [uav10.ladrc_position_controller]: UAV10 mode=ladrc_acceleration Ref[2.0,-1.8,28.8] Safe[2.0,-1.8,28.8] Pos[-1.72,16.95,54.43] Cmd[5.0,-5.0,-8.0][0m
[ladrc_position_controller_node-1] [0m[INFO] [1788509314.739260828] [uav9.ladrc_position_controller]: UAV9 mode=ladrc_acceleration Ref[-4.1,34.7,16.3] Safe[-4.1,34.7,16.3] Pos[-21.89,79.51,12.26] Cmd[5.0,-5.0,8.0][0m
[ladrc_position_controller_node-4] [0m[INFO] [1788509314.790565798] [uav12.ladrc_position_controller]: UAV12 mode=ladrc_acceleration Ref[-1.8,-9.5,-0.2] Safe[-1.8,-9.5,-0.2] Pos[-1.77,-9.57,-0.44] Cmd[-2.1,5.0,8.0][0m
[ladrc_position_controller_node-3] [0m[INFO] [1788509315.047936950] [uav11.ladrc_position_controller]: UAV11 mode=ladrc_acceleration Ref[-0.0,-0.0,-0.8] Safe[-0.0,-0.0,-0.8] Pos[0.01,0.01,-0.21] Cmd[-2.3,-4.6,-8.0][0m
[ladrc_position_controller_node-2] [0m[INFO] [1788509315.640769304] [uav10.ladrc_position_controller]: UAV10 mode=ladrc_acceleration Ref[2.0,-1.8,28.8] Safe[2.0,-1.8,28.8] Pos[-1.71,16.94,54.47] Cmd[5.0,-5.0,-8.0][0m
[ladrc_position_controller_node-1] [0m[INFO] [1788509315.759250246] [uav9.ladrc_position_controller]: UAV9 mode=ladrc_acceleration Ref[-4.1,34.7,16.3] Safe[-4.1,34.7,16.3] Pos[-21.90,79.51,12.33] Cmd[5.0,-5.0,8.0][0m
[ladrc_position_controller_node-4] [0m[INFO] [1788509315.790578669] [uav12.ladrc_position_controller]: UAV12 mode=ladrc_acceleration Ref[-1.8,-9.5,-0.2] Safe[-1.8,-9.5,-0.2] Pos[-1.77,-9.56,-0.38] Cmd[-2.3,5.0,8.0][0m
[ladrc_position_controller_node-3] [0m[INFO] [1788509316.047948388] [uav11.ladrc_position_controller]: UAV11 mode=ladrc_acceleration Ref[-0.0,-0.0,-0.8] Safe[-0.0,-0.0,-0.8] Pos[0.01,0.01,-0.24] Cmd[-2.3,-4.6,-8.0][0m
[ladrc_position_controller_node-2] [0m[INFO] [1788509316.660728773] [uav10.ladrc_position_controller]: UAV10 mode=ladrc_acceleration Ref[2.0,-1.8,28.8] Safe[2.0,-1.8,28.8] Pos[-1.71,16.95,54.52] Cmd[5.0,-5.0,-8.0][0m
[ladrc_position_controller_node-1] [0m[INFO] [1788509316.779302409] [uav9.ladrc_position_controller]: UAV9 mode=ladrc_acceleration Ref[-4.1,34.7,16.3] Safe[-4.1,34.7,16.3] Pos[-21.90,79.51,12.40] Cmd[5.0,-5.0,8.0][0m
[ladrc_position_controller_node-4] [0m[INFO] [1788509316.790592509] [uav12.ladrc_position_controller]: UAV12 mode=ladrc_acceleration Ref[-1.8,-9.5,-0.2] Safe[-1.8,-9.5,-0.2] Pos[-1.77,-9.56,-0.33] Cmd[-2.4,5.0,8.0][0m
[ladrc_position_controller_node-3] [0m[INFO] [1788509317.047962608] [uav11.ladrc_position_controller]: UAV11 mode=ladrc_acceleration Ref[-0.0,-0.0,-0.8] Safe[-0.0,-0.0,-0.8] Pos[-0.00,0.00,-0.27] Cmd[-2.3,-4.6,-8.0][0m
[ladrc_position_controller_node-2] [0m[INFO] [1788509317.660748351] [uav10.ladrc_position_controller]: UAV10 mode=ladrc_acceleration Ref[2.0,-1.8,28.8] Safe[2.0,-1.8,28.8] Pos[-1.72,16.95,54.60] Cmd[5.0,-5.0,-8.0][0m
[ladrc_position_controller_node-1] [0m[INFO] [1788509317.799282543] [uav9.ladrc_position_controller]: UAV9 mode=ladrc_acceleration Ref[-4.1,34.7,16.3] Safe[-4.1,34.7,16.3] Pos[-21.90,79.52,12.47] Cmd[5.0,-5.0,8.0][0m
[ladrc_position_controller_node-4] [0m[INFO] [1788509317.810552605] [uav12.ladrc_position_controller]: UAV12 mode=ladrc_acceleration Ref[-1.8,-9.5,-0.2] Safe[-1.8,-9.5,-0.2] Pos[-1.77,-9.57,-0.28] Cmd[-2.6,5.0,8.0][0m
[ladrc_position_controller_node-3] [0m[INFO] [1788509318.067950245] [uav11.ladrc_position_controller]: UAV11 mode=ladrc_acceleration Ref[-0.0,-0.0,-0.8] Safe[-0.0,-0.0,-0.8] Pos[-0.00,-0.01,-0.30] Cmd[-2.3,-4.6,-8.0][0m
[ladrc_position_controller_node-2] [0m[INFO] [1788509318.680690721] [uav10.ladrc_position_controller]: UAV10 mode=ladrc_acceleration Ref[2.0,-1.8,28.8] Safe[2.0,-1.8,28.8] Pos[-1.71,16.94,54.67] Cmd[5.0,-5.0,-8.0][0m
[ladrc_position_controller_node-4] [0m[INFO] [1788509318.810585323] [uav12.ladrc_position_controller]: UAV12 mode=ladrc_acceleration Ref[-1.8,-9.5,-0.2] Safe[-1.8,-9.5,-0.2] Pos[-1.77,-9.57,-0.26] Cmd[-2.7,5.0,8.0][0m
[ladrc_position_controller_node-1] [0m[INFO] [1788509318.819244169] [uav9.ladrc_position_controller]: UAV9 mode=ladrc_acceleration Ref[-4.1,34.7,16.3] Safe[-4.1,34.7,16.3] Pos[-21.89,79.51,12.52] Cmd[5.0,-5.0,8.0][0m
[ladrc_position_controller_node-3] [0m[INFO] [1788509319.087864601] [uav11.ladrc_position_controller]: UAV11 mode=ladrc_acceleration Ref[-0.0,-0.0,-0.8] Safe[-0.0,-0.0,-0.8] Pos[0.01,-0.01,-0.32] Cmd[-2.4,-4.6,-8.0][0m
[ladrc_position_controller_node-2] [0m[INFO] [1788509319.680750998] [uav10.ladrc_position_controller]: UAV10 mode=ladrc_acceleration Ref[2.0,-1.8,28.8] Safe[2.0,-1.8,28.8] Pos[-1.71,16.93,54.76] Cmd[5.0,-5.0,-8.0][0m
[ladrc_position_controller_node-1] [0m[INFO] [1788509319.819266945] [uav9.ladrc_position_controller]: UAV9 mode=ladrc_acceleration Ref[-4.1,34.7,16.3] Safe[-4.1,34.7,16.3] Pos[-21.89,79.51,12.57] Cmd[5.0,-5.0,8.0][0m
[ladrc_position_controller_node-4] [0m[INFO] [1788509319.830516068] [uav12.ladrc_position_controller]: UAV12 mode=ladrc_acceleration Ref[-1.8,-9.5,-0.2] Safe[-1.8,-9.5,-0.2] Pos[-1.76,-9.57,-0.23] Cmd[-3.0,5.0,7.9][0m
[ladrc_position_controller_node-3] [0m[INFO] [1788509320.087947679] [uav11.ladrc_position_controller]: UAV11 mode=ladrc_acceleration Ref[-0.0,-0.0,-0.8] Safe[-0.0,-0.0,-0.8] Pos[0.01,-0.01,-0.34] Cmd[-2.4,-4.6,-8.0][0m
[ladrc_position_controller_node-2] [0m[INFO] [1788509320.700748544] [uav10.ladrc_position_controller]: UAV10 mode=ladrc_acceleration Ref[2.0,-1.8,28.8] Safe[2.0,-1.8,28.8] Pos[-1.72,16.93,54.85] Cmd[5.0,-5.0,-8.0][0m
[ladrc_position_controller_node-4] [0m[INFO] [1788509320.830566152] [uav12.ladrc_position_controller]: UAV12 mode=ladrc_acceleration Ref[-1.8,-9.5,-0.2] Safe[-1.8,-9.5,-0.2] Pos[-1.75,-9.56,-0.23] Cmd[-3.2,5.0,8.0][0m
[ladrc_position_controller_node-1] [0m[INFO] [1788509320.839265372] [uav9.ladrc_position_controller]: UAV9 mode=ladrc_acceleration Ref[-4.1,34.7,16.3] Safe[-4.1,34.7,16.3] Pos[-21.88,79.50,12.64] Cmd[5.0,-5.0,8.0][0m
[ladrc_position_controller_node-3] [0m[INFO] [1788509321.107902083] [uav11.ladrc_position_controller]: UAV11 mode=ladrc_acceleration Ref[-0.0,-0.0,-0.8] Safe[-0.0,-0.0,-0.8] Pos[0.01,-0.01,-0.33] Cmd[-2.4,-4.6,-8.0][0m
[ladrc_position_controller_node-2] [0m[INFO] [1788509321.700754963] [uav10.ladrc_position_controller]: UAV10 mode=ladrc_acceleration Ref[2.0,-1.8,28.8] Safe[2.0,-1.8,28.8] Pos[-1.70,16.91,54.92] Cmd[5.0,-5.0,-8.0][0m
[ladrc_position_controller_node-4] [0m[INFO] [1788509321.850518289] [uav12.ladrc_position_controller]: UAV12 mode=ladrc_acceleration Ref[-1.8,-9.5,-0.2] Safe[-1.8,-9.5,-0.2] Pos[-1.75,-9.57,-0.23] Cmd[-3.3,5.0,8.0][0m
[ladrc_position_controller_node-1] [0m[INFO] [1788509321.859260580] [uav9.ladrc_position_controller]: UAV9 mode=ladrc_acceleration Ref[-4.1,34.7,16.3] Safe[-4.1,34.7,16.3] Pos[-21.89,79.49,12.69] Cmd[5.0,-5.0,8.0][0m
[ladrc_position_controller_node-3] [0m[INFO] [1788509322.107909573] [uav11.ladrc_position_controller]: UAV11 mode=ladrc_acceleration Ref[-0.0,-0.0,-0.8] Safe[-0.0,-0.0,-0.8] Pos[0.01,-0.01,-0.30] Cmd[-2.5,-4.6,-8.0][0m
[ladrc_position_controller_node-2] [0m[INFO] [1788509322.720751901] [uav10.ladrc_position_controller]: UAV10 mode=ladrc_acceleration Ref[2.0,-1.8,28.8] Safe[2.0,-1.8,28.8] Pos[-1.69,16.92,55.01] Cmd[5.0,-5.0,-8.0][0m
[ladrc_position_controller_node-4] [0m[INFO] [1788509322.850534953] [uav12.ladrc_position_controller]: UAV12 mode=ladrc_acceleration Ref[-1.8,-9.5,-0.2] Safe[-1.8,-9.5,-0.2] Pos[-1.75,-9.57,-0.26] Cmd[-3.5,5.0,8.0][0m
[ladrc_position_controller_node-1] [0m[INFO] [1788509322.859262627] [uav9.ladrc_position_controller]: UAV9 mode=ladrc_acceleration Ref[-4.1,34.7,16.3] Safe[-4.1,34.7,16.3] Pos[-21.90,79.49,12.78] Cmd[5.0,-5.0,8.0][0m
[ladrc_position_controller_node-3] [0m[INFO] [1788509323.107954289] [uav11.ladrc_position_controller]: UAV11 mode=ladrc_acceleration Ref[-0.0,-0.0,-0.8] Safe[-0.0,-0.0,-0.8] Pos[0.01,-0.02,-0.27] Cmd[-2.5,-4.6,-8.0][0m
[ladrc_position_controller_node-2] [0m[INFO] [1788509323.740739688] [uav10.ladrc_position_controller]: UAV10 mode=ladrc_acceleration Ref[2.0,-1.8,28.8] Safe[2.0,-1.8,28.8] Pos[-1.69,16.91,55.08] Cmd[5.0,-5.0,-8.0][0m
[ladrc_position_controller_node-1] [0m[INFO] [1788509323.859309003] [uav9.ladrc_position_controller]: UAV9 mode=ladrc_acceleration Ref[-4.1,34.7,16.3] Safe[-4.1,34.7,16.3] Pos[-21.91,79.49,12.85] Cmd[5.0,-5.0,8.0][0m
[ladrc_position_controller_node-4] [0m[INFO] [1788509323.870561522] [uav12.ladrc_position_controller]: UAV12 mode=ladrc_acceleration Ref[-1.8,-9.5,-0.2] Safe[-1.8,-9.5,-0.2] Pos[-1.75,-9.58,-0.28] Cmd[-3.7,5.0,8.0][0m
[ladrc_position_controller_node-3] [0m[INFO] [1788509324.127942495] [uav11.ladrc_position_controller]: UAV11 mode=ladrc_acceleration Ref[-0.0,-0.0,-0.8] Safe[-0.0,-0.0,-0.8] Pos[0.03,-0.01,-0.21] Cmd[-2.7,-4.7,-8.0][0m
[ladrc_position_controller_node-2] [0m[INFO] [1788509324.740740316] [uav10.ladrc_position_controller]: UAV10 mode=ladrc_acceleration Ref[2.0,-1.8,28.8] Safe[2.0,-1.8,28.8] Pos[-1.69,16.91,55.14] Cmd[5.0,-5.0,-8.0][0m
[ladrc_position_controller_node-1] [0m[INFO] [1788509324.879215975] [uav9.ladrc_position_controller]: UAV9 mode=ladrc_acceleration Ref[-4.1,34.7,16.3] Safe[-4.1,34.7,16.3] Pos[-21.91,79.48,12.94] Cmd[5.0,-5.0,8.0][0m
[ladrc_position_controller_node-4] [0m[INFO] [1788509324.890521233] [uav12.ladrc_position_controller]: UAV12 mode=ladrc_acceleration Ref[-1.8,-9.5,-0.2] Safe[-1.8,-9.5,-0.2] Pos[-1.75,-9.58,-0.32] Cmd[-4.0,5.0,8.0][0m
[ladrc_position_controller_node-3] [0m[INFO] [1788509325.127947209] [uav11.ladrc_position_controller]: UAV11 mode=ladrc_acceleration Ref[-0.0,-0.0,-0.8] Safe[-0.0,-0.0,-0.8] Pos[0.04,0.00,-0.15] Cmd[-2.8,-4.8,-8.0][0m
[ladrc_position_controller_node-2] [0m[INFO] [1788509325.760714341] [uav10.ladrc_position_controller]: UAV10 mode=ladrc_acceleration Ref[2.0,-1.8,28.8] Safe[2.0,-1.8,28.8] Pos[-1.68,16.90,55.21] Cmd[5.0,-5.0,-8.0][0m
[ladrc_position_controller_node-4] [0m[INFO] [1788509325.890528900] [uav12.ladrc_position_controller]: UAV12 mode=ladrc_acceleration Ref[-1.8,-9.5,-0.2] Safe[-1.8,-9.5,-0.2] Pos[-1.74,-9.58,-0.34] Cmd[-4.2,5.0,8.0][0m
[ladrc_position_controller_node-1] [0m[INFO] [1788509325.899222711] [uav9.ladrc_position_controller]: UAV9 mode=ladrc_acceleration Ref[-4.1,34.7,16.3] Safe[-4.1,34.7,16.3] Pos[-21.90,79.49,13.02] Cmd[5.0,-5.0,8.0][0m
[ladrc_position_controller_node-3] [0m[INFO] [1788509326.128013395] [uav11.ladrc_position_controller]: UAV11 mode=ladrc_acceleration Ref[-0.0,-0.0,-0.8] Safe[-0.0,-0.0,-0.8] Pos[0.04,0.01,-0.07] Cmd[-2.9,-4.8,-8.0][0m
[ladrc_position_controller_node-2] [0m[INFO] [1788509326.760757751] [uav10.ladrc_position_controller]: UAV10 mode=ladrc_acceleration Ref[2.0,-1.8,28.8] Safe[2.0,-1.8,28.8] Pos[-1.67,16.90,55.27] Cmd[5.0,-5.0,-8.0][0m
[ladrc_position_controller_node-1] [0m[INFO] [1788509326.899263366] [uav9.ladrc_position_controller]: UAV9 mode=ladrc_acceleration Ref[-4.1,34.7,16.3] Safe[-4.1,34.7,16.3] Pos[-21.90,79.50,13.11] Cmd[5.0,-5.0,8.0][0m
[ladrc_position_controller_node-4] [0m[INFO] [1788509326.910507018] [uav12.ladrc_position_controller]: UAV12 mode=ladrc_acceleration Ref[-1.8,-9.5,-0.2] Safe[-1.8,-9.5,-0.2] Pos[-1.74,-9.58,-0.35] Cmd[-4.4,5.0,8.0][0m
[ladrc_position_controller_node-3] [0m[INFO] [1788509327.147931390] [uav11.ladrc_position_controller]: UAV11 mode=ladrc_acceleration Ref[-0.0,-0.0,-0.8] Safe[-0.0,-0.0,-0.8] Pos[0.03,0.01,0.03] Cmd[-3.0,-4.9,-8.0][0m
[ladrc_position_controller_node-2] [0m[INFO] [1788509327.780748210] [uav10.ladrc_position_controller]: UAV10 mode=ladrc_acceleration Ref[2.0,-1.8,28.8] Safe[2.0,-1.8,28.8] Pos[-1.67,16.89,55.33] Cmd[5.0,-5.0,-8.0][0m
[ladrc_position_controller_node-1] [0m[INFO] [1788509327.919162222] [uav9.ladrc_position_controller]: UAV9 mode=ladrc_acceleration Ref[-4.1,34.7,16.3] Safe[-4.1,34.7,16.3] Pos[-21.90,79.49,13.19] Cmd[5.0,-5.0,8.0][0m
[ladrc_position_controller_node-4] [0m[INFO] [1788509327.930487578] [uav12.ladrc_position_controller]: UAV12 mode=ladrc_acceleration Ref[-1.8,-9.5,-0.2] Safe[-1.8,-9.5,-0.2] Pos[-1.74,-9.57,-0.35] Cmd[-4.6,5.0,8.0][0m
[ladrc_position_controller_node-3] [0m[INFO] [1788509328.167853609] [uav11.ladrc_position_controller]: UAV11 mode=ladrc_acceleration Ref[-0.0,-0.0,-0.8] Safe[-0.0,-0.0,-0.8] Pos[0.04,0.01,0.11] Cmd[-3.1,-4.9,-8.0][0m
[ladrc_position_controller_node-2] [0m[INFO] [1788509328.780753633] [uav10.ladrc_position_controller]: UAV10 mode=ladrc_acceleration Ref[2.0,-1.8,28.8] Safe[2.0,-1.8,28.8] Pos[-1.67,16.88,55.40] Cmd[5.0,-5.0,-8.0][0m
[ladrc_position_controller_node-1] [0m[INFO] [1788509328.919210495] [uav9.ladrc_position_controller]: UAV9 mode=ladrc_acceleration Ref[-4.1,34.7,16.3] Safe[-4.1,34.7,16.3] Pos[-21.89,79.50,13.28] Cmd[5.0,-5.0,8.0][0m
[ladrc_position_controller_node-4] [0m[INFO] [1788509328.950490125] [uav12.ladrc_position_controller]: UAV12 mode=ladrc_acceleration Ref[-1.8,-9.5,-0.2] Safe[-1.8,-9.5,-0.2] Pos[-1.74,-9.57,-0.33] Cmd[-4.8,5.0,8.0][0m
[ladrc_position_controller_node-3] [0m[INFO] [1788509329.167897582] [uav11.ladrc_position_controller]: UAV11 mode=ladrc_acceleration Ref[-0.0,-0.0,-0.8] Safe[-0.0,-0.0,-0.8] Pos[0.03,0.01,0.19] Cmd[-3.2,-5.0,-8.0][0m
[ladrc_position_controller_node-2] [0m[INFO] [1788509329.800664865] [uav10.ladrc_position_controller]: UAV10 mode=ladrc_acceleration Ref[2.0,-1.8,28.8] Safe[2.0,-1.8,28.8] Pos[-1.67,16.88,55.46] Cmd[5.0,-5.0,-8.0][0m
[ladrc_position_controller_node-1] [0m[INFO] [1788509329.919211706] [uav9.ladrc_position_controller]: UAV9 mode=ladrc_acceleration Ref[-4.1,34.7,16.3] Safe[-4.1,34.7,16.3] Pos[-21.90,79.51,13.34] Cmd[5.0,-5.0,8.0][0m
[ladrc_position_controller_node-4] [0m[INFO] [1788509329.970496175] [uav12.ladrc_position_controller]: UAV12 mode=ladrc_acceleration Ref[-1.8,-9.5,-0.2] Safe[-1.8,-9.5,-0.2] Pos[-1.74,-9.57,-0.30] Cmd[-5.0,5.0,8.0][0m
[ladrc_position_controller_node-3] [0m[INFO] [1788509330.187884576] [uav11.ladrc_position_controller]: UAV11 mode=ladrc_acceleration Ref[-0.0,-0.0,-0.8] Safe[-0.0,-0.0,-0.8] Pos[0.03,0.02,0.26] Cmd[-3.2,-5.0,-8.0][0m
[ladrc_position_controller_node-2] [0m[INFO] [1788509330.800727118] [uav10.ladrc_position_controller]: UAV10 mode=ladrc_acceleration Ref[2.0,-1.8,28.8] Safe[2.0,-1.8,28.8] Pos[-1.67,16.87,55.54] Cmd[5.0,-5.0,-8.0][0m
[ladrc_position_controller_node-1] [0m[INFO] [1788509330.939221088] [uav9.ladrc_position_controller]: UAV9 mode=ladrc_acceleration Ref[-4.1,34.7,16.3] Safe[-4.1,34.7,16.3] Pos[-21.90,79.51,13.40] Cmd[5.0,-5.0,8.0][0m
[ladrc_position_controller_node-4] [0m[INFO] [1788509330.970496811] [uav12.ladrc_position_controller]: UAV12 mode=ladrc_acceleration Ref[-1.8,-9.5,-0.2] Safe[-1.8,-9.5,-0.2] Pos[-1.74,-9.56,-0.26] Cmd[-5.0,5.0,8.0][0m
[ladrc_position_controller_node-3] [0m[INFO] [1788509331.207896823] [uav11.ladrc_position_controller]: UAV11 mode=ladrc_acceleration Ref[-0.0,-0.0,-0.8] Safe[-0.0,-0.0,-0.8] Pos[0.03,0.03,0.34] Cmd[-3.3,-5.0,-8.0][0m
[ladrc_position_controller_node-2] [0m[INFO] [1788509331.820719005] [uav10.ladrc_position_controller]: UAV10 mode=ladrc_acceleration Ref[2.0,-1.8,28.8] Safe[2.0,-1.8,28.8] Pos[-1.67,16.86,55.62] Cmd[5.0,-5.0,-8.0][0m
[ladrc_position_controller_node-1] [0m[INFO] [1788509331.939281874] [uav9.ladrc_position_controller]: UAV9 mode=ladrc_acceleration Ref[-4.1,34.7,16.3] Safe[-4.1,34.7,16.3] Pos[-21.90,79.51,13.45] Cmd[5.0,-5.0,8.0][0m
[ladrc_position_controller_node-4] [0m[INFO] [1788509331.990474511] [uav12.ladrc_position_controller]: UAV12 mode=ladrc_acceleration Ref[-1.8,-9.5,-0.2] Safe[-1.8,-9.5,-0.2] Pos[-1.72,-9.54,-0.20] Cmd[-5.0,5.0,7.6][0m
[ladrc_position_controller_node-3] [0m[INFO] [1788509332.227892035] [uav11.ladrc_position_controller]: UAV11 mode=ladrc_acceleration Ref[-0.0,-0.0,-0.8] Safe[-0.0,-0.0,-0.8] Pos[0.02,0.02,0.40] Cmd[-3.4,-5.0,-8.0][0m
[ladrc_position_controller_node-2] [0m[INFO] [1788509332.840710257] [uav10.ladrc_position_controller]: UAV10 mode=ladrc_acceleration Ref[2.0,-1.8,28.8] Safe[2.0,-1.8,28.8] Pos[-1.68,16.85,55.70] Cmd[5.0,-5.0,-8.0][0m
[ladrc_position_controller_node-1] [0m[INFO] [1788509332.959239794] [uav9.ladrc_position_controller]: UAV9 mode=ladrc_acceleration Ref[-4.1,34.7,16.3] Safe[-4.1,34.7,16.3] Pos[-21.91,79.51,13.48] Cmd[5.0,-5.0,8.0][0m
[ladrc_position_controller_node-4] [0m[INFO] [1788509332.990633627] [uav12.ladrc_position_controller]: UAV12 mode=ladrc_acceleration Ref[-1.8,-9.5,-0.2] Safe[-1.8,-9.5,-0.2] Pos[-1.73,-9.54,-0.13] Cmd[-5.0,5.0,6.9][0m
[ladrc_position_controller_node-3] [0m[INFO] [1788509333.247856135] [uav11.ladrc_position_controller]: UAV11 mode=ladrc_acceleration Ref[-0.0,-0.0,-0.8] Safe[-0.0,-0.0,-0.8] Pos[0.03,0.02,0.46] Cmd[-3.5,-5.0,-8.0][0m
[ladrc_position_controller_node-2] [0m[INFO] [1788509333.860683031] [uav10.ladrc_position_controller]: UAV10 mode=ladrc_acceleration Ref[2.0,-1.8,28.8] Safe[2.0,-1.8,28.8] Pos[-1.67,16.85,55.79] Cmd[5.0,-5.0,-8.0][0m
[ladrc_position_controller_node-1] [0m[INFO] [1788509333.979214131] [uav9.ladrc_position_controller]: UAV9 mode=ladrc_acceleration Ref[-4.1,34.7,16.3] Safe[-4.1,34.7,16.3] Pos[-21.91,79.49,13.50] Cmd[5.0,-5.0,8.0][0m
[ladrc_position_controller_node-4] [0m[INFO] [1788509334.010528755] [uav12.ladrc_position_controller]: UAV12 mode=ladrc_acceleration Ref[-1.8,-9.5,-0.2] Safe[-1.8,-9.5,-0.2] Pos[-1.74,-9.54,-0.04] Cmd[-5.0,5.0,5.5][0m
[ladrc_position_controller_node-3] [0m[INFO] [1788509334.267896875] [uav11.ladrc_position_controller]: UAV11 mode=ladrc_acceleration Ref[-0.0,-0.0,-0.8] Safe[-0.0,-0.0,-0.8] Pos[0.03,0.00,0.51] Cmd[-3.5,-5.0,-8.0][0m
[ladrc_position_controller_node-2] [0m[INFO] [1788509334.860708772] [uav10.ladrc_position_controller]: UAV10 mode=ladrc_acceleration Ref[2.0,-1.8,28.8] Safe[2.0,-1.8,28.8] Pos[-1.67,16.84,55.87] Cmd[5.0,-5.0,-8.0][0m
[ladrc_position_controller_node-1] [0m[INFO] [1788509334.979230533] [uav9.ladrc_position_controller]: UAV9 mode=ladrc_acceleration Ref[-4.1,34.7,16.3] Safe[-4.1,34.7,16.3] Pos[-21.91,79.49,13.49] Cmd[5.0,-5.0,8.0][0m
[ladrc_position_controller_node-4] [0m[INFO] [1788509335.010546901] [uav12.ladrc_position_controller]: UAV12 mode=ladrc_acceleration Ref[-1.8,-9.5,-0.2] Safe[-1.8,-9.5,-0.2] Pos[-1.74,-9.55,0.05] Cmd[-5.0,5.0,3.8][0m
[ladrc_position_controller_node-3] [0m[INFO] [1788509335.287888329] [uav11.ladrc_position_controller]: UAV11 mode=ladrc_acceleration Ref[-0.0,-0.0,-0.8] Safe[-0.0,-0.0,-0.8] Pos[0.02,-0.01,0.57] Cmd[-3.6,-5.0,-8.0][0m
[ladrc_position_controller_node-2] [0m[INFO] [1788509335.880621917] [uav10.ladrc_position_controller]: UAV10 mode=ladrc_acceleration Ref[2.0,-1.8,28.8] Safe[2.0,-1.8,28.8] Pos[-1.67,16.84,55.97] Cmd[5.0,-5.0,-8.0][0m
[ladrc_position_controller_node-1] [0m[INFO] [1788509335.979256880] [uav9.ladrc_position_controller]: UAV9 mode=ladrc_acceleration Ref[-4.1,34.7,16.3] Safe[-4.1,34.7,16.3] Pos[-21.92,79.47,13.51] Cmd[5.0,-5.0,8.0][0m
[ladrc_position_controller_node-4] [0m[INFO] [1788509336.010566476] [uav12.ladrc_position_controller]: UAV12 mode=ladrc_acceleration Ref[-1.8,-9.5,-0.2] Safe[-1.8,-9.5,-0.2] Pos[-1.74,-9.56,0.14] Cmd[-5.0,5.0,1.7][0m
[ladrc_position_controller_node-3] [0m[INFO] [1788509336.307864822] [uav11.ladrc_position_controller]: UAV11 mode=ladrc_acceleration Ref[-0.0,-0.0,-0.8] Safe[-0.0,-0.0,-0.8] Pos[0.02,-0.01,0.64] Cmd[-3.7,-5.0,-8.0][0m
[ladrc_position_controller_node-2] [0m[INFO] [1788509336.880689168] [uav10.ladrc_position_controller]: UAV10 mode=ladrc_acceleration Ref[2.0,-1.8,28.8] Safe[2.0,-1.8,28.8] Pos[-1.67,16.83,56.03] Cmd[5.0,-5.0,-8.0][0m
[ladrc_position_controller_node-1] [0m[INFO] [1788509336.979289967] [uav9.ladrc_position_controller]: UAV9 mode=ladrc_acceleration Ref[-4.1,34.7,16.3] Safe[-4.1,34.7,16.3] Pos[-21.91,79.46,13.49] Cmd[5.0,-5.0,8.0][0m
[ladrc_position_controller_node-4] [0m[INFO] [1788509337.030594232] [uav12.ladrc_position_controller]: UAV12 mode=ladrc_acceleration Ref[-1.8,-9.5,-0.2] Safe[-1.8,-9.5,-0.2] Pos[-1.74,-9.56,0.21] Cmd[-5.0,5.0,-0.8][0m
[ladrc_position_controller_node-3] [0m[INFO] [1788509337.307879473] [uav11.ladrc_position_controller]: UAV11 mode=ladrc_acceleration Ref[-0.0,-0.0,-0.8] Safe[-0.0,-0.0,-0.8] Pos[-0.00,-0.01,0.70] Cmd[-3.6,-5.0,-8.0][0m
[ladrc_position_controller_node-2] [0m[INFO] [1788509337.900683719] [uav10.ladrc_position_controller]: UAV10 mode=ladrc_acceleration Ref[2.0,-1.8,28.8] Safe[2.0,-1.8,28.8] Pos[-1.68,16.84,56.11] Cmd[5.0,-5.0,-8.0][0m
[ladrc_position_controller_node-1] [0m[INFO] [1788509337.999174242] [uav9.ladrc_position_controller]: UAV9 mode=ladrc_acceleration Ref[-4.1,34.7,16.3] Safe[-4.1,34.7,16.3] Pos[-21.91,79.45,13.49] Cmd[5.0,-5.0,8.0][0m
[ladrc_position_controller_node-4] [0m[INFO] [1788509338.050491801] [uav12.ladrc_position_controller]: UAV12 mode=ladrc_acceleration Ref[-1.8,-9.5,-0.2] Safe[-1.8,-9.5,-0.2] Pos[-1.74,-9.55,0.29] Cmd[-5.0,5.0,-3.9][0m
[ladrc_position_controller_node-3] [0m[INFO] [1788509338.327874774] [uav11.ladrc_position_controller]: UAV11 mode=ladrc_acceleration Ref[-0.0,-0.0,-0.8] Safe[-0.0,-0.0,-0.8] Pos[-0.01,-0.00,0.79] Cmd[-3.6,-5.0,-8.0][0m
[ladrc_position_controller_node-2] [0m[INFO] [1788509338.920695960] [uav10.ladrc_position_controller]: UAV10 mode=ladrc_acceleration Ref[2.0,-1.8,28.8] Safe[2.0,-1.8,28.8] Pos[-1.66,16.84,56.14] Cmd[5.0,-5.0,-8.0][0m
[ladrc_position_controller_node-1] [0m[INFO] [1788509338.999208905] [uav9.ladrc_position_controller]: UAV9 mode=ladrc_acceleration Ref[-4.1,34.7,16.3] Safe[-4.1,34.7,16.3] Pos[-21.90,79.45,13.45] Cmd[5.0,-5.0,8.0][0m
[ladrc_position_controller_node-4] [0m[INFO] [1788509339.070537724] [uav12.ladrc_position_controller]: UAV12 mode=ladrc_acceleration Ref[-1.8,-9.5,-0.2] Safe[-1.8,-9.5,-0.2] Pos[-1.74,-9.55,0.35] Cmd[-5.0,5.0,-6.8][0m
[ladrc_position_controller_node-3] [0m[INFO] [1788509339.327875713] [uav11.ladrc_position_controller]: UAV11 mode=ladrc_acceleration Ref[-0.0,-0.0,-0.8] Safe[-0.0,-0.0,-0.8] Pos[-0.00,0.00,0.85] Cmd[-3.6,-5.0,-8.0][0m
[ladrc_position_controller_node-2] [0m[INFO] [1788509339.940669255] [uav10.ladrc_position_controller]: UAV10 mode=ladrc_acceleration Ref[2.0,-1.8,28.8] Safe[2.0,-1.8,28.8] Pos[-1.67,16.84,56.19] Cmd[5.0,-5.0,-8.0][0m
[ladrc_position_controller_node-1] [0m[INFO] [1788509340.019203629] [uav9.ladrc_position_controller]: UAV9 mode=ladrc_acceleration Ref[-4.1,34.7,16.3] Safe[-4.1,34.7,16.3] Pos[-21.90,79.46,13.46] Cmd[5.0,-5.0,8.0][0m
[ladrc_position_controller_node-4] [0m[INFO] [1788509340.090424766] [uav12.ladrc_position_controller]: UAV12 mode=ladrc_acceleration Ref[-1.8,-9.5,-0.2] Safe[-1.8,-9.5,-0.2] Pos[-1.73,-9.55,0.42] Cmd[-5.0,5.0,-8.0][0m
[ladrc_position_controller_node-3] [0m[INFO] [1788509340.327891156] [uav11.ladrc_position_controller]: UAV11 mode=ladrc_acceleration Ref[-0.0,-0.0,-0.8] Safe[-0.0,-0.0,-0.8] Pos[-0.00,0.02,0.94] Cmd[-3.6,-5.0,-8.0][0m
[ladrc_position_controller_node-2] [0m[INFO] [1788509340.940689494] [uav10.ladrc_position_controller]: UAV10 mode=ladrc_acceleration Ref[2.0,-1.8,28.8] Safe[2.0,-1.8,28.8] Pos[-1.66,16.84,56.20] Cmd[5.0,-5.0,-8.0][0m
[ladrc_position_controller_node-1] [0m[INFO] [1788509341.039208308] [uav9.ladrc_position_controller]: UAV9 mode=ladrc_acceleration Ref[-4.1,34.7,16.3] Safe[-4.1,34.7,16.3] Pos[-21.90,79.46,13.41] Cmd[5.0,-5.0,8.0][0m
[ladrc_position_controller_node-4] [0m[INFO] [1788509341.090477406] [uav12.ladrc_position_controller]: UAV12 mode=ladrc_acceleration Ref[-1.8,-9.5,-0.2] Safe[-1.8,-9.5,-0.2] Pos[-1.73,-9.57,0.47] Cmd[-5.0,5.0,-8.0][0m
[ladrc_position_controller_node-3] [0m[INFO] [1788509341.347848275] [uav11.ladrc_position_controller]: UAV11 mode=ladrc_acceleration Ref[-0.0,-0.0,-0.8] Safe[-0.0,-0.0,-0.8] Pos[0.01,0.01,1.02] Cmd[-3.7,-5.0,-8.0][0m
[ladrc_position_controller_node-2] [0m[INFO] [1788509341.940738304] [uav10.ladrc_position_controller]: UAV10 mode=ladrc_acceleration Ref[2.0,-1.8,28.8] Safe[2.0,-1.8,28.8] Pos[-1.66,16.83,56.22] Cmd[5.0,-5.0,-8.0][0m
[ladrc_position_controller_node-1] [0m[INFO] [1788509342.059168832] [uav9.ladrc_position_controller]: UAV9 mode=ladrc_acceleration Ref[-4.1,34.7,16.3] Safe[-4.1,34.7,16.3] Pos[-21.90,79.46,13.40] Cmd[5.0,-5.0,8.0][0m
[ladrc_position_controller_node-4] [0m[INFO] [1788509342.090515245] [uav12.ladrc_position_controller]: UAV12 mode=ladrc_acceleration Ref[-1.8,-9.5,-0.2] Safe[-1.8,-9.5,-0.2] Pos[-1.73,-9.58,0.53] Cmd[-5.0,5.0,-8.0][0m
[ladrc_position_controller_node-3] [0m[INFO] [1788509342.367866465] [uav11.ladrc_position_controller]: UAV11 mode=ladrc_acceleration Ref[-0.0,-0.0,-0.8] Safe[-0.0,-0.0,-0.8] Pos[0.02,0.02,1.12] Cmd[-3.8,-5.0,-8.0][0m
[ladrc_position_controller_node-2] [0m[INFO] [1788509342.960711368] [uav10.ladrc_position_controller]: UAV10 mode=ladrc_acceleration Ref[2.0,-1.8,28.8] Safe[2.0,-1.8,28.8] Pos[-1.66,16.82,56.21] Cmd[5.0,-5.0,-8.0][0m
[ladrc_position_controller_node-1] [0m[INFO] [1788509343.079214060] [uav9.ladrc_position_controller]: UAV9 mode=ladrc_acceleration Ref[-4.1,34.7,16.3] Safe[-4.1,34.7,16.3] Pos[-21.90,79.47,13.36] Cmd[5.0,-5.0,8.0][0m
[ladrc_position_controller_node-4] [0m[INFO] [1788509343.110448504] [uav12.ladrc_position_controller]: UAV12 mode=ladrc_acceleration Ref[-1.8,-9.5,-0.2] Safe[-1.8,-9.5,-0.2] Pos[-1.73,-9.58,0.59] Cmd[-5.0,5.0,-8.0][0m
[ladrc_position_controller_node-3] [0m[INFO] [1788509343.387850308] [uav11.ladrc_position_controller]: UAV11 mode=ladrc_acceleration Ref[-0.0,-0.0,-0.8] Safe[-0.0,-0.0,-0.8] Pos[0.02,0.02,1.20] Cmd[-3.8,-5.0,-8.0][0m
[ladrc_position_controller_node-2] [0m[INFO] [1788509343.980694277] [uav10.ladrc_position_controller]: UAV10 mode=ladrc_acceleration Ref[2.0,-1.8,28.8] Safe[2.0,-1.8,28.8] Pos[-1.66,16.81,56.22] Cmd[5.0,-5.0,-8.0][0m
[ladrc_position_controller_node-1] [0m[INFO] [1788509344.099165700] [uav9.ladrc_position_controller]: UAV9 mode=ladrc_acceleration Ref[-4.1,34.7,16.3] Safe[-4.1,34.7,16.3] Pos[-21.91,79.46,13.34] Cmd[5.0,-5.0,8.0][0m
[ladrc_position_controller_node-4] [0m[INFO] [1788509344.130423447] [uav12.ladrc_position_controller]: UAV12 mode=ladrc_acceleration Ref[-1.8,-9.5,-0.2] Safe[-1.8,-9.5,-0.2] Pos[-1.74,-9.59,0.66] Cmd[-5.0,5.0,-8.0][0m
[ladrc_position_controller_node-3] [0m[INFO] [1788509344.407785125] [uav11.ladrc_position_controller]: UAV11 mode=ladrc_acceleration Ref[-0.0,-0.0,-0.8] Safe[-0.0,-0.0,-0.8] Pos[0.02,0.03,1.29] Cmd[-3.9,-5.0,-8.0][0m
[ladrc_position_controller_node-2] [0m[INFO] [1788509345.000669908] [uav10.ladrc_position_controller]: UAV10 mode=ladrc_acceleration Ref[2.0,-1.8,28.8] Safe[2.0,-1.8,28.8] Pos[-1.65,16.80,56.19] Cmd[5.0,-5.0,-8.0][0m
[ladrc_position_controller_node-1] [0m[INFO] [1788509345.119163382] [uav9.ladrc_position_controller]: UAV9 mode=ladrc_acceleration Ref[-4.1,34.7,16.3] Safe[-4.1,34.7,16.3] Pos[-21.92,79.47,13.30] Cmd[5.0,-5.0,8.0][0m
[ladrc_position_controller_node-4] [0m[INFO] [1788509345.130470814] [uav12.ladrc_position_controller]: UAV12 mode=ladrc_acceleration Ref[-1.8,-9.5,-0.2] Safe[-1.8,-9.5,-0.2] Pos[-1.75,-9.59,0.73] Cmd[-5.0,5.0,-8.0][0m
[ladrc_position_controller_node-3] [0m[INFO] [1788509345.407822392] [uav11.ladrc_position_controller]: UAV11 mode=ladrc_acceleration Ref[-0.0,-0.0,-0.8] Safe[-0.0,-0.0,-0.8] Pos[0.01,0.03,1.34] Cmd[-3.9,-5.0,-8.0][0m
[ladrc_position_controller_node-2] [0m[INFO] [1788509346.020670022] [uav10.ladrc_position_controller]: UAV10 mode=ladrc_acceleration Ref[2.0,-1.8,28.8] Safe[2.0,-1.8,28.8] Pos[-1.63,16.79,56.17] Cmd[5.0,-5.0,-8.0][0m
[ladrc_position_controller_node-4] [0m[INFO] [1788509346.130473373] [uav12.ladrc_position_controller]: UAV12 mode=ladrc_acceleration Ref[-1.8,-9.5,-0.2] Safe[-1.8,-9.5,-0.2] Pos[-1.75,-9.60,0.81] Cmd[-5.0,5.0,-8.0][0m
[ladrc_position_controller_node-1] [0m[INFO] [1788509346.139113543] [uav9.ladrc_position_controller]: UAV9 mode=ladrc_acceleration Ref[-4.1,34.7,16.3] Safe[-4.1,34.7,16.3] Pos[-21.92,79.48,13.28] Cmd[5.0,-5.0,8.0][0m
[ladrc_position_controller_node-3] [0m[INFO] [1788509346.407824369] [uav11.ladrc_position_controller]: UAV11 mode=ladrc_acceleration Ref[-0.0,-0.0,-0.8] Safe[-0.0,-0.0,-0.8] Pos[0.01,0.04,1.40] Cmd[-4.0,-5.0,-8.0][0m
[ladrc_position_controller_node-2] [0m[INFO] [1788509347.020716641] [uav10.ladrc_position_controller]: UAV10 mode=ladrc_acceleration Ref[2.0,-1.8,28.8] Safe[2.0,-1.8,28.8] Pos[-1.63,16.79,56.15] Cmd[5.0,-5.0,-8.0][0m
[ladrc_position_controller_node-4] [0m[INFO] [1788509347.130482231] [uav12.ladrc_position_controller]: UAV12 mode=ladrc_acceleration Ref[-1.8,-9.5,-0.2] Safe[-1.8,-9.5,-0.2] Pos[-1.76,-9.59,0.89] Cmd[-5.0,5.0,-8.0][0m
[ladrc_position_controller_node-1] [0m[INFO] [1788509347.139154721] [uav9.ladrc_position_controller]: UAV9 mode=ladrc_acceleration Ref[-4.1,34.7,16.3] Safe[-4.1,34.7,16.3] Pos[-21.91,79.48,13.27] Cmd[5.0,-5.0,8.0][0m
[ladrc_position_controller_node-3] [0m[INFO] [1788509347.427822966] [uav11.ladrc_position_controller]: UAV11 mode=ladrc_acceleration Ref[-0.0,-0.0,-0.8] Safe[-0.0,-0.0,-0.8] Pos[0.01,0.03,1.42] Cmd[-4.0,-5.0,-8.0][0m
[ladrc_position_controller_node-2] [0m[INFO] [1788509348.040628814] [uav10.ladrc_position_controller]: UAV10 mode=ladrc_acceleration Ref[2.0,-1.8,28.8] Safe[2.0,-1.8,28.8] Pos[-1.62,16.79,56.13] Cmd[5.0,-5.0,-8.0][0m
[ladrc_position_controller_node-4] [0m[INFO] [1788509348.130520921] [uav12.ladrc_position_controller]: UAV12 mode=ladrc_acceleration Ref[-1.8,-9.5,-0.2] Safe[-1.8,-9.5,-0.2] Pos[-1.76,-9.57,0.98] Cmd[-5.0,5.0,-8.0][0m
[ladrc_position_controller_node-1] [0m[INFO] [1788509348.139213609] [uav9.ladrc_position_controller]: UAV9 mode=ladrc_acceleration Ref[-4.1,34.7,16.3] Safe[-4.1,34.7,16.3] Pos[-21.91,79.49,13.26] Cmd[5.0,-5.0,8.0][0m
[ladrc_position_controller_node-3] [0m[INFO] [1788509348.427845846] [uav11.ladrc_position_controller]: UAV11 mode=ladrc_acceleration Ref[-0.0,-0.0,-0.8] Safe[-0.0,-0.0,-0.8] Pos[0.01,0.04,1.46] Cmd[-4.1,-5.0,-8.0][0m
[ladrc_position_controller_node-2] [0m[INFO] [1788509349.040641844] [uav10.ladrc_position_controller]: UAV10 mode=ladrc_acceleration Ref[2.0,-1.8,28.8] Safe[2.0,-1.8,28.8] Pos[-1.62,16.80,56.11] Cmd[5.0,-5.0,-8.0][0m
[ladrc_position_controller_node-4] [0m[INFO] [1788509349.150489115] [uav12.ladrc_position_controller]: UAV12 mode=ladrc_acceleration Ref[-1.8,-9.5,-0.2] Safe[-1.8,-9.5,-0.2] Pos[-1.76,-9.57,1.07] Cmd[-5.0,5.0,-8.0][0m
[ladrc_position_controller_node-1] [0m[INFO] [1788509349.159154241] [uav9.ladrc_position_controller]: UAV9 mode=ladrc_acceleration Ref[-4.1,34.7,16.3] Safe[-4.1,34.7,16.3] Pos[-21.91,79.50,13.26] Cmd[5.0,-5.0,8.0][0m
[ladrc_position_controller_node-3] [0m[INFO] [1788509349.447819509] [uav11.ladrc_position_controller]: UAV11 mode=ladrc_acceleration Ref[-0.0,-0.0,-0.8] Safe[-0.0,-0.0,-0.8] Pos[0.01,0.03,1.45] Cmd[-4.1,-5.0,-8.0][0m
[ladrc_position_controller_node-2] [0m[INFO] [1788509350.040670970] [uav10.ladrc_position_controller]: UAV10 mode=ladrc_acceleration Ref[2.0,-1.8,28.8] Safe[2.0,-1.8,28.8] Pos[-1.63,16.80,56.07] Cmd[5.0,-5.0,-8.0][0m
[ladrc_position_controller_node-4] [0m[INFO] [1788509350.170461914] [uav12.ladrc_position_controller]: UAV12 mode=ladrc_acceleration Ref[-1.8,-9.5,-0.2] Safe[-1.8,-9.5,-0.2] Pos[-1.75,-9.56,1.16] Cmd[-5.0,5.0,-8.0][0m
[ladrc_position_controller_node-1] [0m[INFO] [1788509350.179157047] [uav9.ladrc_position_controller]: UAV9 mode=ladrc_acceleration Ref[-4.1,34.7,16.3] Safe[-4.1,34.7,16.3] Pos[-21.90,79.50,13.23] Cmd[5.0,-5.0,8.0][0m
[ladrc_position_controller_node-3] [0m[INFO] [1788509350.467826922] [uav11.ladrc_position_controller]: UAV11 mode=ladrc_acceleration Ref[-0.0,-0.0,-0.8] Safe[-0.0,-0.0,-0.8] Pos[-0.00,0.03,1.46] Cmd[-4.0,-5.0,-8.0][0m
[ladrc_position_controller_node-2] [0m[INFO] [1788509351.060635871] [uav10.ladrc_position_controller]: UAV10 mode=ladrc_acceleration Ref[2.0,-1.8,28.8] Safe[2.0,-1.8,28.8] Pos[-1.63,16.79,56.04] Cmd[5.0,-5.0,-8.0][0m
[ladrc_position_controller_node-4] [0m[INFO] [1788509351.170532494] [uav12.ladrc_position_controller]: UAV12 mode=ladrc_acceleration Ref[-1.8,-9.5,-0.2] Safe[-1.8,-9.5,-0.2] Pos[-1.75,-9.55,1.24] Cmd[-5.0,5.0,-8.0][0m
[ladrc_position_controller_node-1] [0m[INFO] [1788509351.179172123] [uav9.ladrc_position_controller]: UAV9 mode=ladrc_acceleration Ref[-4.1,34.7,16.3] Safe[-4.1,34.7,16.3] Pos[-21.90,79.50,13.23] Cmd[5.0,-5.0,8.0][0m
[ladrc_position_controller_node-3] [0m[INFO] [1788509351.487827398] [uav11.ladrc_position_controller]: UAV11 mode=ladrc_acceleration Ref[-0.0,-0.0,-0.8] Safe[-0.0,-0.0,-0.8] Pos[-0.01,0.03,1.45] Cmd[-4.0,-5.0,-8.0][0m
[ladrc_position_controller_node-2] [0m[INFO] [1788509352.060692552] [uav10.ladrc_position_controller]: UAV10 mode=ladrc_acceleration Ref[2.0,-1.8,28.8] Safe[2.0,-1.8,28.8] Pos[-1.64,16.79,56.01] Cmd[5.0,-5.0,-8.0][0m
[ladrc_position_controller_node-1] [0m[INFO] [1788509352.179195612] [uav9.ladrc_position_controller]: UAV9 mode=ladrc_acceleration Ref[-4.1,34.7,16.3] Safe[-4.1,34.7,16.3] Pos[-21.90,79.50,13.20] Cmd[5.0,-5.0,8.0][0m
[ladrc_position_controller_node-4] [0m[INFO] [1788509352.190468137] [uav12.ladrc_position_controller]: UAV12 mode=ladrc_acceleration Ref[-1.8,-9.5,-0.2] Safe[-1.8,-9.5,-0.2] Pos[-1.76,-9.55,1.30] Cmd[-5.0,5.0,-8.0][0m
[ladrc_position_controller_node-3] [0m[INFO] [1788509352.487854583] [uav11.ladrc_position_controller]: UAV11 mode=ladrc_acceleration Ref[-0.0,-0.0,-0.8] Safe[-0.0,-0.0,-0.8] Pos[-0.01,0.02,1.44] Cmd[-4.0,-5.0,-8.0][0m
[ladrc_position_controller_node-2] [0m[INFO] [1788509353.080644112] [uav10.ladrc_position_controller]: UAV10 mode=ladrc_acceleration Ref[2.0,-1.8,28.8] Safe[2.0,-1.8,28.8] Pos[-1.65,16.79,55.99] Cmd[5.0,-5.0,-8.0][0m
[ladrc_position_controller_node-4] [0m[INFO] [1788509353.190469041] [uav12.ladrc_position_controller]: UAV12 mode=ladrc_acceleration Ref[-1.8,-9.5,-0.2] Safe[-1.8,-9.5,-0.2] Pos[-1.76,-9.54,1.36] Cmd[-5.0,5.0,-8.0][0m
[ladrc_position_controller_node-1] [0m[INFO] [1788509353.199132273] [uav9.ladrc_position_controller]: UAV9 mode=ladrc_acceleration Ref[-4.1,34.7,16.3] Safe[-4.1,34.7,16.3] Pos[-21.89,79.50,13.18] Cmd[5.0,-5.0,8.0][0m
[ladrc_position_controller_node-3] [0m[INFO] [1788509353.487858270] [uav11.ladrc_position_controller]: UAV11 mode=ladrc_acceleration Ref[-0.0,-0.0,-0.8] Safe[-0.0,-0.0,-0.8] Pos[-0.02,0.03,1.42] Cmd[-4.0,-5.0,-8.0][0m
[ladrc_position_controller_node-2] [0m[INFO] [1788509354.080731063] [uav10.ladrc_position_controller]: UAV10 mode=ladrc_acceleration Ref[2.0,-1.8,28.8] Safe[2.0,-1.8,28.8] Pos[-1.65,16.80,55.96] Cmd[5.0,-5.0,-8.0][0m
[ladrc_position_controller_node-1] [0m[INFO] [1788509354.199216649] [uav9.ladrc_position_controller]: UAV9 mode=ladrc_acceleration Ref[-4.1,34.7,16.3] Safe[-4.1,34.7,16.3] Pos[-21.90,79.50,13.14] Cmd[5.0,-5.0,8.0][0m
[ladrc_position_controller_node-4] [0m[INFO] [1788509354.210373549] [uav12.ladrc_position_controller]: UAV12 mode=ladrc_acceleration Ref[-1.8,-9.5,-0.2] Safe[-1.8,-9.5,-0.2] Pos[-1.76,-9.54,1.39] Cmd[-5.0,5.0,-8.0][0m
[ladrc_position_controller_node-3] [0m[INFO] [1788509354.507805708] [uav11.ladrc_position_controller]: UAV11 mode=ladrc_acceleration Ref[-0.0,-0.0,-0.8] Safe[-0.0,-0.0,-0.8] Pos[-0.03,0.02,1.40] Cmd[-3.9,-5.0,-8.0][0m
[ladrc_position_controller_node-2] [0m[INFO] [1788509355.100562051] [uav10.ladrc_position_controller]: UAV10 mode=ladrc_acceleration Ref[2.0,-1.8,28.8] Safe[2.0,-1.8,28.8] Pos[-1.66,16.81,55.96] Cmd[5.0,-5.0,-8.0][0m
[ladrc_position_controller_node-4] [0m[INFO] [1788509355.210457511] [uav12.ladrc_position_controller]: UAV12 mode=ladrc_acceleration Ref[-1.8,-9.5,-0.2] Safe[-1.8,-9.5,-0.2] Pos[-1.76,-9.55,1.43] Cmd[-5.0,5.0,-8.0][0m
[ladrc_position_controller_node-1] [0m[INFO] [1788509355.219164054] [uav9.ladrc_position_controller]: UAV9 mode=ladrc_acceleration Ref[-4.1,34.7,16.3] Safe[-4.1,34.7,16.3] Pos[-21.89,79.50,13.13] Cmd[5.0,-5.0,8.0][0m
[ladrc_position_controller_node-3] [0m[INFO] [1788509355.507850315] [uav11.ladrc_position_controller]: UAV11 mode=ladrc_acceleration Ref[-0.0,-0.0,-0.8] Safe[-0.0,-0.0,-0.8] Pos[-0.02,0.01,1.38] Cmd[-3.9,-5.0,-8.0][0m
[ladrc_position_controller_node-2] [0m[INFO] [1788509356.100617878] [uav10.ladrc_position_controller]: UAV10 mode=ladrc_acceleration Ref[2.0,-1.8,28.8] Safe[2.0,-1.8,28.8] Pos[-1.65,16.81,55.95] Cmd[5.0,-5.0,-8.0][0m
[ladrc_position_controller_node-4] [0m[INFO] [1788509356.230412747] [uav12.ladrc_position_controller]: UAV12 mode=ladrc_acceleration Ref[-1.8,-9.5,-0.2] Safe[-1.8,-9.5,-0.2] Pos[-1.76,-9.55,1.43] Cmd[-5.0,5.0,-8.0][0m
[ladrc_position_controller_node-1] [0m[INFO] [1788509356.239114511] [uav9.ladrc_position_controller]: UAV9 mode=ladrc_acceleration Ref[-4.1,34.7,16.3] Safe[-4.1,34.7,16.3] Pos[-21.90,79.50,13.09] Cmd[5.0,-5.0,8.0][0m
[ladrc_position_controller_node-3] [0m[INFO] [1788509356.527825899] [uav11.ladrc_position_controller]: UAV11 mode=ladrc_acceleration Ref[-0.0,-0.0,-0.8] Safe[-0.0,-0.0,-0.8] Pos[-0.02,0.01,1.35] Cmd[-3.8,-5.0,-8.0][0m
[ladrc_position_controller_node-2] [0m[INFO] [1788509357.100626923] [uav10.ladrc_position_controller]: UAV10 mode=ladrc_acceleration Ref[2.0,-1.8,28.8] Safe[2.0,-1.8,28.8] Pos[-1.66,16.82,55.95] Cmd[5.0,-5.0,-8.0][0m
[ladrc_position_controller_node-4] [0m[INFO] [1788509357.230513193] [uav12.ladrc_position_controller]: UAV12 mode=ladrc_acceleration Ref[-1.8,-9.5,-0.2] Safe[-1.8,-9.5,-0.2] Pos[-1.76,-9.56,1.46] Cmd[-5.0,5.0,-8.0][0m
[ladrc_position_controller_node-1] [0m[INFO] [1788509357.239186154] [uav9.ladrc_position_controller]: UAV9 mode=ladrc_acceleration Ref[-4.1,34.7,16.3] Safe[-4.1,34.7,16.3] Pos[-21.91,79.50,13.08] Cmd[5.0,-5.0,8.0][0m
[ladrc_position_controller_node-3] [0m[INFO] [1788509357.527859278] [uav11.ladrc_position_controller]: UAV11 mode=ladrc_acceleration Ref[-0.0,-0.0,-0.8] Safe[-0.0,-0.0,-0.8] Pos[-0.02,0.01,1.33] Cmd[-3.8,-5.0,-8.0][0m
[ladrc_position_controller_node-2] [0m[INFO] [1788509358.120641915] [uav10.ladrc_position_controller]: UAV10 mode=ladrc_acceleration Ref[2.0,-1.8,28.8] Safe[2.0,-1.8,28.8] Pos[-1.66,16.82,55.92] Cmd[5.0,-5.0,-8.0][0m
[ladrc_position_controller_node-4] [0m[INFO] [1788509358.250419551] [uav12.ladrc_position_controller]: UAV12 mode=ladrc_acceleration Ref[-1.8,-9.5,-0.2] Safe[-1.8,-9.5,-0.2] Pos[-1.76,-9.57,1.44] Cmd[-5.0,5.0,-8.0][0m
[ladrc_position_controller_node-1] [0m[INFO] [1788509358.259114894] [uav9.ladrc_position_controller]: UAV9 mode=ladrc_acceleration Ref[-4.1,34.7,16.3] Safe[-4.1,34.7,16.3] Pos[-21.91,79.50,13.03] Cmd[5.0,-5.0,8.0][0m
[ladrc_position_controller_node-3] [0m[INFO] [1788509358.547787216] [uav11.ladrc_position_controller]: UAV11 mode=ladrc_acceleration Ref[-0.0,-0.0,-0.8] Safe[-0.0,-0.0,-0.8] Pos[-0.02,0.01,1.29] Cmd[-3.8,-5.0,-8.0][0m
[ladrc_position_controller_node-2] [0m[INFO] [1788509359.140630544] [uav10.ladrc_position_controller]: UAV10 mode=ladrc_acceleration Ref[2.0,-1.8,28.8] Safe[2.0,-1.8,28.8] Pos[-1.66,16.82,55.92] Cmd[5.0,-5.0,-8.0][0m
[ladrc_position_controller_node-1] [0m[INFO] [1788509359.259124043] [uav9.ladrc_position_controller]: UAV9 mode=ladrc_acceleration Ref[-4.1,34.7,16.3] Safe[-4.1,34.7,16.3] Pos[-21.91,79.49,13.01] Cmd[5.0,-5.0,8.0][0m
[ladrc_position_controller_node-4] [0m[INFO] [1788509359.270426454] [uav12.ladrc_position_controller]: UAV12 mode=ladrc_acceleration Ref[-1.8,-9.5,-0.2] Safe[-1.8,-9.5,-0.2] Pos[-1.77,-9.59,1.45] Cmd[-5.0,5.0,-8.0][0m
[ladrc_position_controller_node-3] [0m[INFO] [1788509359.567768340] [uav11.ladrc_position_controller]: UAV11 mode=ladrc_acceleration Ref[-0.0,-0.0,-0.8] Safe[-0.0,-0.0,-0.8] Pos[-0.03,0.03,1.28] Cmd[-3.7,-5.0,-8.0][0m
[ladrc_position_controller_node-2] [0m[INFO] [1788509360.140636565] [uav10.ladrc_position_controller]: UAV10 mode=ladrc_acceleration Ref[2.0,-1.8,28.8] Safe[2.0,-1.8,28.8] Pos[-1.66,16.82,55.89] Cmd[5.0,-5.0,-8.0][0m
[ladrc_position_controller_node-1] [0m[INFO] [1788509360.259152485] [uav9.ladrc_position_controller]: UAV9 mode=ladrc_acceleration Ref[-4.1,34.7,16.3] Safe[-4.1,34.7,16.3] Pos[-21.91,79.49,12.96] Cmd[5.0,-5.0,8.0][0m
[ladrc_position_controller_node-4] [0m[INFO] [1788509360.270467069] [uav12.ladrc_position_controller]: UAV12 mode=ladrc_acceleration Ref[-1.8,-9.5,-0.2] Safe[-1.8,-9.5,-0.2] Pos[-1.75,-9.59,1.41] Cmd[-5.0,5.0,-8.0][0m
[ladrc_position_controller_node-3] [0m[INFO] [1788509360.567769079] [uav11.ladrc_position_controller]: UAV11 mode=ladrc_acceleration Ref[-0.0,-0.0,-0.8] Safe[-0.0,-0.0,-0.8] Pos[-0.02,0.03,1.24] Cmd[-3.7,-5.0,-8.0][0m
[ladrc_position_controller_node-2] [0m[INFO] [1788509361.140649655] [uav10.ladrc_position_controller]: UAV10 mode=ladrc_acceleration Ref[2.0,-1.8,28.8] Safe[2.0,-1.8,28.8] Pos[-1.66,16.82,55.88] Cmd[5.0,-5.0,-8.0][0m
[ladrc_position_controller_node-1] [0m[INFO] [1788509361.279142910] [uav9.ladrc_position_controller]: UAV9 mode=ladrc_acceleration Ref[-4.1,34.7,16.3] Safe[-4.1,34.7,16.3] Pos[-21.91,79.50,12.94] Cmd[5.0,-5.0,8.0][0m
[ladrc_position_controller_node-4] [0m[INFO] [1788509361.290432377] [uav12.ladrc_position_controller]: UAV12 mode=ladrc_acceleration Ref[-1.8,-9.5,-0.2] Safe[-1.8,-9.5,-0.2] Pos[-1.75,-9.60,1.41] Cmd[-5.0,5.0,-8.0][0m
[ladrc_position_controller_node-3] [0m[INFO] [1788509361.567801214] [uav11.ladrc_position_controller]: UAV11 mode=ladrc_acceleration Ref[-0.0,-0.0,-0.8] Safe[-0.0,-0.0,-0.8] Pos[-0.01,0.04,1.24] Cmd[-3.8,-5.0,-8.0][0m
[ladrc_position_controller_node-2] [0m[INFO] [1788509362.140705593] [uav10.ladrc_position_controller]: UAV10 mode=ladrc_acceleration Ref[2.0,-1.8,28.8] Safe[2.0,-1.8,28.8] Pos[-1.65,16.83,55.85] Cmd[5.0,-5.0,-8.0][0m
[ladrc_position_controller_node-1] [0m[INFO] [1788509362.299113335] [uav9.ladrc_position_controller]: UAV9 mode=ladrc_acceleration Ref[-4.1,34.7,16.3] Safe[-4.1,34.7,16.3] Pos[-21.91,79.50,12.88] Cmd[5.0,-5.0,8.0][0m
[ladrc_position_controller_node-4] [0m[INFO] [1788509362.310416658] [uav12.ladrc_position_controller]: UAV12 mode=ladrc_acceleration Ref[-1.8,-9.5,-0.2] Safe[-1.8,-9.5,-0.2] Pos[-1.76,-9.60,1.38] Cmd[-5.0,5.0,-8.0][0m
[ladrc_position_controller_node-3] [0m[INFO] [1788509362.587775885] [uav11.ladrc_position_controller]: UAV11 mode=ladrc_acceleration Ref[-0.0,-0.0,-0.8] Safe[-0.0,-0.0,-0.8] Pos[0.01,0.03,1.21] Cmd[-3.8,-5.0,-8.0][0m
[ladrc_position_controller_node-2] [0m[INFO] [1788509363.160569936] [uav10.ladrc_position_controller]: UAV10 mode=ladrc_acceleration Ref[2.0,-1.8,28.8] Safe[2.0,-1.8,28.8] Pos[-1.64,16.82,55.83] Cmd[5.0,-5.0,-8.0][0m
[ladrc_position_controller_node-1] [0m[INFO] [1788509363.299126228] [uav9.ladrc_position_controller]: UAV9 mode=ladrc_acceleration Ref[-4.1,34.7,16.3] Safe[-4.1,34.7,16.3] Pos[-21.92,79.50,12.84] Cmd[5.0,-5.0,8.0][0m
[ladrc_position_controller_node-4] [0m[INFO] [1788509363.310453807] [uav12.ladrc_position_controller]: UAV12 mode=ladrc_acceleration Ref[-1.8,-9.5,-0.2] Safe[-1.8,-9.5,-0.2] Pos[-1.76,-9.60,1.37] Cmd[-5.0,5.0,-8.0][0m
[ladrc_position_controller_node-3] [0m[INFO] [1788509363.607814223] [uav11.ladrc_position_controller]: UAV11 mode=ladrc_acceleration Ref[-0.0,-0.0,-0.8] Safe[-0.0,-0.0,-0.8] Pos[0.00,0.02,1.22] Cmd[-3.8,-5.0,-8.0][0m
[ladrc_position_controller_node-2] [0m[INFO] [1788509364.180596650] [uav10.ladrc_position_controller]: UAV10 mode=ladrc_acceleration Ref[2.0,-1.8,28.8] Safe[2.0,-1.8,28.8] Pos[-1.64,16.82,55.79] Cmd[5.0,-5.0,-8.0][0m
[ladrc_position_controller_node-1] [0m[INFO] [1788509364.299129611] [uav9.ladrc_position_controller]: UAV9 mode=ladrc_acceleration Ref[-4.1,34.7,16.3] Safe[-4.1,34.7,16.3] Pos[-21.90,79.49,12.79] Cmd[5.0,-5.0,8.0][0m
[ladrc_position_controller_node-4] [0m[INFO] [1788509364.330425287] [uav12.ladrc_position_controller]: UAV12 mode=ladrc_acceleration Ref[-1.8,-9.5,-0.2] Safe[-1.8,-9.5,-0.2] Pos[-1.76,-9.60,1.33] Cmd[-5.0,5.0,-8.0][0m
[ladrc_position_controller_node-3] [0m[INFO] [1788509364.627785382] [uav11.ladrc_position_controller]: UAV11 mode=ladrc_acceleration Ref[-0.0,-0.0,-0.8] Safe[-0.0,-0.0,-0.8] Pos[0.01,0.02,1.19] Cmd[-3.9,-5.0,-8.0][0m
[ladrc_position_controller_node-2] [0m[INFO] [1788509365.200590720] [uav10.ladrc_position_controller]: UAV10 mode=ladrc_acceleration Ref[2.0,-1.8,28.8] Safe[2.0,-1.8,28.8] Pos[-1.63,16.82,55.76] Cmd[5.0,-5.0,-8.0][0m
[ladrc_position_controller_node-1] [0m[INFO] [1788509365.299130305] [uav9.ladrc_position_controller]: UAV9 mode=ladrc_acceleration Ref[-4.1,34.7,16.3] Safe[-4.1,34.7,16.3] Pos[-21.89,79.50,12.76] Cmd[5.0,-5.0,8.0][0m
[ladrc_position_controller_node-4] [0m[INFO] [1788509365.350448791] [uav12.ladrc_position_controller]: UAV12 mode=ladrc_acceleration Ref[-1.8,-9.5,-0.2] Safe[-1.8,-9.5,-0.2] Pos[-1.76,-9.60,1.30] Cmd[-5.0,5.0,-8.0][0m
[ladrc_position_controller_node-3] [0m[INFO] [1788509365.647792925] [uav11.ladrc_position_controller]: UAV11 mode=ladrc_acceleration Ref[-0.0,-0.0,-0.8] Safe[-0.0,-0.0,-0.8] Pos[0.01,0.02,1.18] Cmd[-3.9,-5.0,-8.0][0m
[ladrc_position_controller_node-2] [0m[INFO] [1788509366.200607100] [uav10.ladrc_position_controller]: UAV10 mode=ladrc_acceleration Ref[2.0,-1.8,28.8] Safe[2.0,-1.8,28.8] Pos[-1.64,16.82,55.73] Cmd[5.0,-5.0,-8.0][0m
[ladrc_position_controller_node-1] [0m[INFO] [1788509366.319127236] [uav9.ladrc_position_controller]: UAV9 mode=ladrc_acceleration Ref[-4.1,34.7,16.3] Safe[-4.1,34.7,16.3] Pos[-21.89,79.49,12.72] Cmd[5.0,-5.0,8.0][0m
[ladrc_position_controller_node-4] [0m[INFO] [1788509366.370397652] [uav12.ladrc_position_controller]: UAV12 mode=ladrc_acceleration Ref[-1.8,-9.5,-0.2] Safe[-1.8,-9.5,-0.2] Pos[-1.76,-9.60,1.28] Cmd[-5.0,5.0,-8.0][0m
[ladrc_position_controller_node-3] [0m[INFO] [1788509366.667766542] [uav11.ladrc_position_controller]: UAV11 mode=ladrc_acceleration Ref[-0.0,-0.0,-0.8] Safe[-0.0,-0.0,-0.8] Pos[0.01,0.01,1.16] Cmd[-3.9,-5.0,-8.0][0m
[ladrc_position_controller_node-2] [0m[INFO] [1788509367.220600121] [uav10.ladrc_position_controller]: UAV10 mode=ladrc_acceleration Ref[2.0,-1.8,28.8] Safe[2.0,-1.8,28.8] Pos[-1.64,16.82,55.70] Cmd[5.0,-5.0,-8.0][0m
[ladrc_position_controller_node-1] [0m[INFO] [1788509367.339064623] [uav9.ladrc_position_controller]: UAV9 mode=ladrc_acceleration Ref[-4.1,34.7,16.3] Safe[-4.1,34.7,16.3] Pos[-21.88,79.48,12.68] Cmd[5.0,-5.0,8.0][0m
[ladrc_position_controller_node-4] [0m[INFO] [1788509367.370422936] [uav12.ladrc_position_controller]: UAV12 mode=ladrc_acceleration Ref[-1.8,-9.5,-0.2] Safe[-1.8,-9.5,-0.2] Pos[-1.77,-9.60,1.25] Cmd[-5.0,5.0,-8.0][0m
[ladrc_position_controller_node-3] [0m[INFO] [1788509367.667772318] [uav11.ladrc_position_controller]: UAV11 mode=ladrc_acceleration Ref[-0.0,-0.0,-0.8] Safe[-0.0,-0.0,-0.8] Pos[0.01,0.00,1.15] Cmd[-4.0,-5.0,-8.0][0m
[ladrc_position_controller_node-2] [0m[INFO] [1788509368.240588831] [uav10.ladrc_position_controller]: UAV10 mode=ladrc_acceleration Ref[2.0,-1.8,28.8] Safe[2.0,-1.8,28.8] Pos[-1.64,16.82,55.66] Cmd[5.0,-5.0,-8.0][0m
[ladrc_position_controller_node-1] [0m[INFO] [1788509368.339117325] [uav9.ladrc_position_controller]: UAV9 mode=ladrc_acceleration Ref[-4.1,34.7,16.3] Safe[-4.1,34.7,16.3] Pos[-21.89,79.48,12.65] Cmd[5.0,-5.0,8.0][0m
[ladrc_position_controller_node-4] [0m[INFO] [1788509368.370423550] [uav12.ladrc_position_controller]: UAV12 mode=ladrc_acceleration Ref[-1.8,-9.5,-0.2] Safe[-1.8,-9.5,-0.2] Pos[-1.78,-9.57,1.23] Cmd[-5.0,5.0,-8.0][0m
[ladrc_position_controller_node-3] [0m[INFO] [1788509368.687740768] [uav11.ladrc_position_controller]: UAV11 mode=ladrc_acceleration Ref[-0.0,-0.0,-0.8] Safe[-0.0,-0.0,-0.8] Pos[-0.00,0.01,1.12] Cmd[-3.9,-5.0,-8.0][0m
[ladrc_position_controller_node-2] [0m[INFO] [1788509369.260590502] [uav10.ladrc_position_controller]: UAV10 mode=ladrc_acceleration Ref[2.0,-1.8,28.8] Safe[2.0,-1.8,28.8] Pos[-1.64,16.82,55.62] Cmd[5.0,-5.0,-8.0][0m
[ladrc_position_controller_node-1] [0m[INFO] [1788509369.359117212] [uav9.ladrc_position_controller]: UAV9 mode=ladrc_acceleration Ref[-4.1,34.7,16.3] Safe[-4.1,34.7,16.3] Pos[-21.89,79.49,12.61] Cmd[5.0,-5.0,8.0][0m
[ladrc_position_controller_node-4] [0m[INFO] [1788509369.390376740] [uav12.ladrc_position_controller]: UAV12 mode=ladrc_acceleration Ref[-1.8,-9.5,-0.2] Safe[-1.8,-9.5,-0.2] Pos[-1.76,-9.56,1.22] Cmd[-5.0,5.0,-8.0][0m
[ladrc_position_controller_node-3] [0m[INFO] [1788509369.687802513] [uav11.ladrc_position_controller]: UAV11 mode=ladrc_acceleration Ref[-0.0,-0.0,-0.8] Safe[-0.0,-0.0,-0.8] Pos[-0.00,0.02,1.09] Cmd[-3.9,-5.0,-8.0][0m
[ladrc_position_controller_node-2] [0m[INFO] [1788509370.280559298] [uav10.ladrc_position_controller]: UAV10 mode=ladrc_acceleration Ref[2.0,-1.8,28.8] Safe[2.0,-1.8,28.8] Pos[-1.64,16.82,55.58] Cmd[5.0,-5.0,-8.0][0m
[ladrc_position_controller_node-1] [0m[INFO] [1788509370.359140131] [uav9.ladrc_position_controller]: UAV9 mode=ladrc_acceleration Ref[-4.1,34.7,16.3] Safe[-4.1,34.7,16.3] Pos[-21.89,79.49,12.55] Cmd[5.0,-5.0,8.0][0m
[ladrc_position_controller_node-4] [0m[INFO] [1788509370.410371294] [uav12.ladrc_position_controller]: UAV12 mode=ladrc_acceleration Ref[-1.8,-9.5,-0.2] Safe[-1.8,-9.5,-0.2] Pos[-1.76,-9.57,1.22] Cmd[-5.0,5.0,-8.0][0m
[ladrc_position_controller_node-3] [0m[INFO] [1788509370.687830441] [uav11.ladrc_position_controller]: UAV11 mode=ladrc_acceleration Ref[-0.0,-0.0,-0.8] Safe[-0.0,-0.0,-0.8] Pos[-0.00,0.01,1.06] Cmd[-4.0,-5.0,-8.0][0m
[ladrc_position_controller_node-2] [0m[INFO] [1788509371.280614345] [uav10.ladrc_position_controller]: UAV10 mode=ladrc_acceleration Ref[2.0,-1.8,28.8] Safe[2.0,-1.8,28.8] Pos[-1.64,16.82,55.53] Cmd[5.0,-5.0,-8.0][0m
[ladrc_position_controller_node-1] [0m[INFO] [1788509371.379082164] [uav9.ladrc_position_controller]: UAV9 mode=ladrc_acceleration Ref[-4.1,34.7,16.3] Safe[-4.1,34.7,16.3] Pos[-21.89,79.50,12.48] Cmd[5.0,-5.0,8.0][0m
[ladrc_position_controller_node-4] [0m[INFO] [1788509371.430381924] [uav12.ladrc_position_controller]: UAV12 mode=ladrc_acceleration Ref[-1.8,-9.5,-0.2] Safe[-1.8,-9.5,-0.2] Pos[-1.75,-9.56,1.19] Cmd[-5.0,5.0,-8.0][0m
[ladrc_position_controller_node-3] [0m[INFO] [1788509371.707786769] [uav11.ladrc_position_controller]: UAV11 mode=ladrc_acceleration Ref[-0.0,-0.0,-0.8] Safe[-0.0,-0.0,-0.8] Pos[0.00,0.01,1.03] Cmd[-4.0,-5.0,-8.0][0m
[ladrc_position_controller_node-2] [0m[INFO] [1788509372.300621376] [uav10.ladrc_position_controller]: UAV10 mode=ladrc_acceleration Ref[2.0,-1.8,28.8] Safe[2.0,-1.8,28.8] Pos[-1.64,16.82,55.49] Cmd[5.0,-5.0,-8.0][0m
[ladrc_position_controller_node-1] [0m[INFO] [1788509372.399078555] [uav9.ladrc_position_controller]: UAV9 mode=ladrc_acceleration Ref[-4.1,34.7,16.3] Safe[-4.1,34.7,16.3] Pos[-21.89,79.50,12.43] Cmd[5.0,-5.0,8.0][0m
[ladrc_position_controller_node-4] [0m[INFO] [1788509372.450348389] [uav12.ladrc_position_controller]: UAV12 mode=ladrc_acceleration Ref[-1.8,-9.5,-0.2] Safe[-1.8,-9.5,-0.2] Pos[-1.75,-9.56,1.19] Cmd[-5.0,5.0,-8.0][0m
[ladrc_position_controller_node-3] [0m[INFO] [1788509372.727851797] [uav11.ladrc_position_controller]: UAV11 mode=ladrc_acceleration Ref[-0.0,-0.0,-0.8] Safe[-0.0,-0.0,-0.8] Pos[0.00,-0.00,1.01] Cmd[-4.0,-4.9,-8.0][0m
[ladrc_position_controller_node-2] [0m[INFO] [1788509373.320576066] [uav10.ladrc_position_controller]: UAV10 mode=ladrc_acceleration Ref[2.0,-1.8,28.8] Safe[2.0,-1.8,28.8] Pos[-1.63,16.83,55.45] Cmd[5.0,-5.0,-8.0][0m
[ladrc_position_controller_node-1] [0m[INFO] [1788509373.419059123] [uav9.ladrc_position_controller]: UAV9 mode=ladrc_acceleration Ref[-4.1,34.7,16.3] Safe[-4.1,34.7,16.3] Pos[-21.89,79.50,12.37] Cmd[5.0,-5.0,8.0][0m
[ladrc_position_controller_node-4] [0m[INFO] [1788509373.470418945] [uav12.ladrc_position_controller]: UAV12 mode=ladrc_acceleration Ref[-1.8,-9.5,-0.2] Safe[-1.8,-9.5,-0.2] Pos[-1.76,-9.56,1.16] Cmd[-5.0,5.0,-8.0][0m
[ladrc_position_controller_node-3] [0m[INFO] [1788509373.747770829] [uav11.ladrc_position_controller]: UAV11 mode=ladrc_acceleration Ref[-0.0,-0.0,-0.8] Safe[-0.0,-0.0,-0.8] Pos[0.01,0.00,0.97] Cmd[-4.1,-5.0,-8.0][0m
[ladrc_position_controller_node-2] [0m[INFO] [1788509374.320606868] [uav10.ladrc_position_controller]: UAV10 mode=ladrc_acceleration Ref[2.0,-1.8,28.8] Safe[2.0,-1.8,28.8] Pos[-1.62,16.84,55.42] Cmd[5.0,-5.0,-8.0][0m
[ladrc_position_controller_node-1] [0m[INFO] [1788509374.419088883] [uav9.ladrc_position_controller]: UAV9 mode=ladrc_acceleration Ref[-4.1,34.7,16.3] Safe[-4.1,34.7,16.3] Pos[-21.90,79.49,12.34] Cmd[5.0,-5.0,8.0][0m
[ladrc_position_controller_node-4] [0m[INFO] [1788509374.490372259] [uav12.ladrc_position_controller]: UAV12 mode=ladrc_acceleration Ref[-1.8,-9.5,-0.2] Safe[-1.8,-9.5,-0.2] Pos[-1.76,-9.56,1.15] Cmd[-5.0,5.0,-8.0][0m
[ladrc_position_controller_node-3] [0m[INFO] [1788509374.767742657] [uav11.ladrc_position_controller]: UAV11 mode=ladrc_acceleration Ref[-0.0,-0.0,-0.8] Safe[-0.0,-0.0,-0.8] Pos[0.01,0.01,0.95] Cmd[-4.1,-5.0,-8.0][0m
[ladrc_position_controller_node-2] [0m[INFO] [1788509375.340576309] [uav10.ladrc_position_controller]: UAV10 mode=ladrc_acceleration Ref[2.0,-1.8,28.8] Safe[2.0,-1.8,28.8] Pos[-1.63,16.84,55.38] Cmd[5.0,-5.0,-8.0][0m
[ladrc_position_controller_node-1] [0m[INFO] [1788509375.439113617] [uav9.ladrc_position_controller]: UAV9 mode=ladrc_acceleration Ref[-4.1,34.7,16.3] Safe[-4.1,34.7,16.3] Pos[-21.91,79.48,12.30] Cmd[5.0,-5.0,8.0][0m
[ladrc_position_controller_node-4] [0m[INFO] [1788509375.510385522] [uav12.ladrc_position_controller]: UAV12 mode=ladrc_acceleration Ref[-1.8,-9.5,-0.2] Safe[-1.8,-9.5,-0.2] Pos[-1.76,-9.56,1.12] Cmd[-5.0,5.0,-8.0][0m
[ladrc_position_controller_node-3] [0m[INFO] [1788509375.787729559] [uav11.ladrc_position_controller]: UAV11 mode=ladrc_acceleration Ref[-0.0,-0.0,-0.8] Safe[-0.0,-0.0,-0.8] Pos[0.01,0.03,0.90] Cmd[-4.2,-5.0,-8.0][0m
[ladrc_position_controller_node-2] [0m[INFO] [1788509376.340633554] [uav10.ladrc_position_controller]: UAV10 mode=ladrc_acceleration Ref[2.0,-1.8,28.8] Safe[2.0,-1.8,28.8] Pos[-1.62,16.84,55.34] Cmd[5.0,-5.0,-8.0][0m
[ladrc_position_controller_node-1] [0m[INFO] [1788509376.459055142] [uav9.ladrc_position_controller]: UAV9 mode=ladrc_acceleration Ref[-4.1,34.7,16.3] Safe[-4.1,34.7,16.3] Pos[-21.91,79.46,12.28] Cmd[5.0,-5.0,8.0][0m
[ladrc_position_controller_node-4] [0m[INFO] [1788509376.510386771] [uav12.ladrc_position_controller]: UAV12 mode=ladrc_acceleration Ref[-1.8,-9.5,-0.2] Safe[-1.8,-9.5,-0.2] Pos[-1.76,-9.56,1.11] Cmd[-5.0,5.0,-8.0][0m
[ladrc_position_controller_node-3] [0m[INFO] [1788509376.787749413] [uav11.ladrc_position_controller]: UAV11 mode=ladrc_acceleration Ref[-0.0,-0.0,-0.8] Safe[-0.0,-0.0,-0.8] Pos[0.01,0.05,0.87] Cmd[-4.2,-5.0,-8.0][0m
[ladrc_position_controller_node-2] [0m[INFO] [1788509377.360577141] [uav10.ladrc_position_controller]: UAV10 mode=ladrc_acceleration Ref[2.0,-1.8,28.8] Safe[2.0,-1.8,28.8] Pos[-1.62,16.84,55.29] Cmd[5.0,-5.0,-8.0][0m
[ladrc_position_controller_node-1] [0m[INFO] [1788509377.459061599] [uav9.ladrc_position_controller]: UAV9 mode=ladrc_acceleration Ref[-4.1,34.7,16.3] Safe[-4.1,34.7,16.3] Pos[-21.90,79.45,12.27] Cmd[5.0,-5.0,8.0][0m
[ladrc_position_controller_node-4] [0m[INFO] [1788509377.510395783] [uav12.ladrc_position_controller]: UAV12 mode=ladrc_acceleration Ref[-1.8,-9.5,-0.2] Safe[-1.8,-9.5,-0.2] Pos[-1.76,-9.57,1.07] Cmd[-5.0,5.0,-8.0][0m
[ladrc_position_controller_node-3] [0m[INFO] [1788509377.807739154] [uav11.ladrc_position_controller]: UAV11 mode=ladrc_acceleration Ref[-0.0,-0.0,-0.8] Safe[-0.0,-0.0,-0.8] Pos[0.01,0.04,0.81] Cmd[-4.2,-5.0,-8.0][0m
[ladrc_position_controller_node-2] [0m[INFO] [1788509378.380551612] [uav10.ladrc_position_controller]: UAV10 mode=ladrc_acceleration Ref[2.0,-1.8,28.8] Safe[2.0,-1.8,28.8] Pos[-1.63,16.84,55.23] Cmd[5.0,-5.0,-8.0][0m
[ladrc_position_controller_node-1] [0m[INFO] [1788509378.479092625] [uav9.ladrc_position_controller]: UAV9 mode=ladrc_acceleration Ref[-4.1,34.7,16.3] Safe[-4.1,34.7,16.3] Pos[-21.90,79.45,12.27] Cmd[5.0,-5.0,8.0][0m
[ladrc_position_controller_node-4] [0m[INFO] [1788509378.530305532] [uav12.ladrc_position_controller]: UAV12 mode=ladrc_acceleration Ref[-1.8,-9.5,-0.2] Safe[-1.8,-9.5,-0.2] Pos[-1.76,-9.57,1.05] Cmd[-5.0,5.0,-8.0][0m
[ladrc_position_controller_node-3] [0m[INFO] [1788509378.827721609] [uav11.ladrc_position_controller]: UAV11 mode=ladrc_acceleration Ref[-0.0,-0.0,-0.8] Safe[-0.0,-0.0,-0.8] Pos[0.01,0.03,0.79] Cmd[-4.3,-5.0,-8.0][0m
[ladrc_position_controller_node-2] [0m[INFO] [1788509379.400568559] [uav10.ladrc_position_controller]: UAV10 mode=ladrc_acceleration Ref[2.0,-1.8,28.8] Safe[2.0,-1.8,28.8] Pos[-1.63,16.84,55.17] Cmd[5.0,-5.0,-8.0][0m
[ladrc_position_controller_node-1] [0m[INFO] [1788509379.499077853] [uav9.ladrc_position_controller]: UAV9 mode=ladrc_acceleration Ref[-4.1,34.7,16.3] Safe[-4.1,34.7,16.3] Pos[-21.89,79.46,12.27] Cmd[5.0,-5.0,8.0][0m
[ladrc_position_controller_node-4] [0m[INFO] [1788509379.530421037] [uav12.ladrc_position_controller]: UAV12 mode=ladrc_acceleration Ref[-1.8,-9.5,-0.2] Safe[-1.8,-9.5,-0.2] Pos[-1.76,-9.57,1.02] Cmd[-5.0,5.0,-8.0][0m
[ladrc_position_controller_node-3] [0m[INFO] [1788509379.827761691] [uav11.ladrc_position_controller]: UAV11 mode=ladrc_acceleration Ref[-0.0,-0.0,-0.8] Safe[-0.0,-0.0,-0.8] Pos[0.01,0.02,0.73] Cmd[-4.3,-5.0,-8.0][0m
[ladrc_position_controller_node-2] [0m[INFO] [1788509380.420535038] [uav10.ladrc_position_controller]: UAV10 mode=ladrc_acceleration Ref[2.0,-1.8,28.8] Safe[2.0,-1.8,28.8] Pos[-1.64,16.84,55.12] Cmd[5.0,-5.0,-8.0][0m
[ladrc_position_controller_node-1] [0m[INFO] [1788509380.519069229] [uav9.ladrc_position_controller]: UAV9 mode=ladrc_acceleration Ref[-4.1,34.7,16.3] Safe[-4.1,34.7,16.3] Pos[-21.88,79.46,12.28] Cmd[5.0,-5.0,8.0][0m
[ladrc_position_controller_node-4] [0m[INFO] [1788509380.550354023] [uav12.ladrc_position_controller]: UAV12 mode=ladrc_acceleration Ref[-1.8,-9.5,-0.2] Safe[-1.8,-9.5,-0.2] Pos[-1.76,-9.59,0.98] Cmd[-5.0,5.0,-8.0][0m
[ladrc_position_controller_node-3] [0m[INFO] [1788509380.827768799] [uav11.ladrc_position_controller]: UAV11 mode=ladrc_acceleration Ref[-0.0,-0.0,-0.8] Safe[-0.0,-0.0,-0.8] Pos[0.01,0.01,0.70] Cmd[-4.4,-5.0,-8.0][0m
[ladrc_position_controller_node-2] [0m[INFO] [1788509381.420547795] [uav10.ladrc_position_controller]: UAV10 mode=ladrc_acceleration Ref[2.0,-1.8,28.8] Safe[2.0,-1.8,28.8] Pos[-1.64,16.83,55.07] Cmd[5.0,-5.0,-8.0][0m
[ladrc_position_controller_node-1] [0m[INFO] [1788509381.519088056] [uav9.ladrc_position_controller]: UAV9 mode=ladrc_acceleration Ref[-4.1,34.7,16.3] Safe[-4.1,34.7,16.3] Pos[-21.88,79.45,12.28] Cmd[5.0,-5.0,8.0][0m
[ladrc_position_controller_node-4] [0m[INFO] [1788509381.550429917] [uav12.ladrc_position_controller]: UAV12 mode=ladrc_acceleration Ref[-1.8,-9.5,-0.2] Safe[-1.8,-9.5,-0.2] Pos[-1.76,-9.59,0.95] Cmd[-5.0,5.0,-8.0][0m
[ladrc_position_controller_node-3] [0m[INFO] [1788509381.847747196] [uav11.ladrc_position_controller]: UAV11 mode=ladrc_acceleration Ref[-0.0,-0.0,-0.8] Safe[-0.0,-0.0,-0.8] Pos[0.02,0.01,0.66] Cmd[-4.5,-5.0,-8.0][0m
[ladrc_position_controller_node-2] [0m[INFO] [1788509382.440493820] [uav10.ladrc_position_controller]: UAV10 mode=ladrc_acceleration Ref[2.0,-1.8,28.8] Safe[2.0,-1.8,28.8] Pos[-1.64,16.82,55.03] Cmd[5.0,-5.0,-8.0][0m
[ladrc_position_controller_node-1] [0m[INFO] [1788509382.519152065] [uav9.ladrc_position_controller]: UAV9 mode=ladrc_acceleration Ref[-4.1,34.7,16.3] Safe[-4.1,34.7,16.3] Pos[-21.87,79.45,12.29] Cmd[5.0,-5.0,8.0][0m
[ladrc_position_controller_node-4] [0m[INFO] [1788509382.570384037] [uav12.ladrc_position_controller]: UAV12 mode=ladrc_acceleration Ref[-1.8,-9.5,-0.2] Safe[-1.8,-9.5,-0.2] Pos[-1.76,-9.57,0.92] Cmd[-5.0,5.0,-8.0][0m
[ladrc_position_controller_node-3] [0m[INFO] [1788509382.867713318] [uav11.ladrc_position_controller]: UAV11 mode=ladrc_acceleration Ref[-0.0,-0.0,-0.8] Safe[-0.0,-0.0,-0.8] Pos[0.02,0.01,0.62] Cmd[-4.5,-5.0,-8.0][0m
[ladrc_position_controller_node-2] [0m[INFO] [1788509383.460485768] [uav10.ladrc_position_controller]: UAV10 mode=ladrc_acceleration Ref[2.0,-1.8,28.8] Safe[2.0,-1.8,28.8] Pos[-1.63,16.80,55.01] Cmd[5.0,-5.0,-8.0][0m
[ladrc_position_controller_node-1] [0m[INFO] [1788509383.539094851] [uav9.ladrc_position_controller]: UAV9 mode=ladrc_acceleration Ref[-4.1,34.7,16.3] Safe[-4.1,34.7,16.3] Pos[-21.87,79.47,12.30] Cmd[5.0,-5.0,8.0][0m
[ladrc_position_controller_node-4] [0m[INFO] [1788509383.590296536] [uav12.ladrc_position_controller]: UAV12 mode=ladrc_acceleration Ref[-1.8,-9.5,-0.2] Safe[-1.8,-9.5,-0.2] Pos[-1.76,-9.55,0.88] Cmd[-5.0,5.0,-8.0][0m
[ladrc_position_controller_node-3] [0m[INFO] [1788509383.867733630] [uav11.ladrc_position_controller]: UAV11 mode=ladrc_acceleration Ref[-0.0,-0.0,-0.8] Safe[-0.0,-0.0,-0.8] Pos[0.02,0.01,0.57] Cmd[-4.6,-5.0,-8.0][0m
[ladrc_position_controller_node-2] [0m[INFO] [1788509384.460549670] [uav10.ladrc_position_controller]: UAV10 mode=ladrc_acceleration Ref[2.0,-1.8,28.8] Safe[2.0,-1.8,28.8] Pos[-1.62,16.80,55.00] Cmd[5.0,-5.0,-8.0][0m
[ladrc_position_controller_node-1] [0m[INFO] [1788509384.559064954] [uav9.ladrc_position_controller]: UAV9 mode=ladrc_acceleration Ref[-4.1,34.7,16.3] Safe[-4.1,34.7,16.3] Pos[-21.88,79.48,12.29] Cmd[5.0,-5.0,8.0][0m
[ladrc_position_controller_node-4] [0m[INFO] [1788509384.610311833] [uav12.ladrc_position_controller]: UAV12 mode=ladrc_acceleration Ref[-1.8,-9.5,-0.2] Safe[-1.8,-9.5,-0.2] Pos[-1.76,-9.54,0.83] Cmd[-5.0,5.0,-8.0][0m
[ladrc_position_controller_node-3] [0m[INFO] [1788509384.867749552] [uav11.ladrc_position_controller]: UAV11 mode=ladrc_acceleration Ref[-0.0,-0.0,-0.8] Safe[-0.0,-0.0,-0.8] Pos[0.02,-0.01,0.53] Cmd[-4.6,-4.9,-8.0][0m
[ladrc_position_controller_node-2] [0m[INFO] [1788509385.480506967] [uav10.ladrc_position_controller]: UAV10 mode=ladrc_acceleration Ref[2.0,-1.8,28.8] Safe[2.0,-1.8,28.8] Pos[-1.61,16.80,55.01] Cmd[5.0,-5.0,-8.0][0m
[ladrc_position_controller_node-1] [0m[INFO] [1788509385.559072077] [uav9.ladrc_position_controller]: UAV9 mode=ladrc_acceleration Ref[-4.1,34.7,16.3] Safe[-4.1,34.7,16.3] Pos[-21.88,79.48,12.28] Cmd[5.0,-5.0,8.0][0m
[ladrc_position_controller_node-4] [0m[INFO] [1788509385.610358601] [uav12.ladrc_position_controller]: UAV12 mode=ladrc_acceleration Ref[-1.8,-9.5,-0.2] Safe[-1.8,-9.5,-0.2] Pos[-1.77,-9.55,0.80] Cmd[-5.0,5.0,-8.0][0m
[ladrc_position_controller_node-3] [0m[INFO] [1788509385.867749792] [uav11.ladrc_position_controller]: UAV11 mode=ladrc_acceleration Ref[-0.0,-0.0,-0.8] Safe[-0.0,-0.0,-0.8] Pos[0.01,-0.01,0.47] Cmd[-4.7,-5.0,-8.0][0m
[ladrc_position_controller_node-2] [0m[INFO] [1788509386.480517904] [uav10.ladrc_position_controller]: UAV10 mode=ladrc_acceleration Ref[2.0,-1.8,28.8] Safe[2.0,-1.8,28.8] Pos[-1.60,16.81,55.01] Cmd[5.0,-5.0,-8.0][0m
[ladrc_position_controller_node-1] [0m[INFO] [1788509386.579078172] [uav9.ladrc_position_controller]: UAV9 mode=ladrc_acceleration Ref[-4.1,34.7,16.3] Safe[-4.1,34.7,16.3] Pos[-21.88,79.48,12.27] Cmd[5.0,-5.0,8.0][0m
[ladrc_position_controller_node-4] [0m[INFO] [1788509386.630320542] [uav12.ladrc_position_controller]: UAV12 mode=ladrc_acceleration Ref[-1.8,-9.5,-0.2] Safe[-1.8,-9.5,-0.2] Pos[-1.76,-9.56,0.75] Cmd[-5.0,5.0,-8.0][0m
[ladrc_position_controller_node-3] [0m[INFO] [1788509386.887753511] [uav11.ladrc_position_controller]: UAV11 mode=ladrc_acceleration Ref[-0.0,-0.0,-0.8] Safe[-0.0,-0.0,-0.8] Pos[0.02,-0.01,0.41] Cmd[-4.7,-5.0,-8.0][0m
[ladrc_position_controller_node-2] [0m[INFO] [1788509387.500558090] [uav10.ladrc_position_controller]: UAV10 mode=ladrc_acceleration Ref[2.0,-1.8,28.8] Safe[2.0,-1.8,28.8] Pos[-1.59,16.81,55.01] Cmd[5.0,-5.0,-8.0][0m
[ladrc_position_controller_node-1] [0m[INFO] [1788509387.599034941] [uav9.ladrc_position_controller]: UAV9 mode=ladrc_acceleration Ref[-4.1,34.7,16.3] Safe[-4.1,34.7,16.3] Pos[-21.87,79.48,12.27] Cmd[5.0,-5.0,8.0][0m
[ladrc_position_controller_node-4] [0m[INFO] [1788509387.650309532] [uav12.ladrc_position_controller]: UAV12 mode=ladrc_acceleration Ref[-1.8,-9.5,-0.2] Safe[-1.8,-9.5,-0.2] Pos[-1.75,-9.57,0.72] Cmd[-5.0,5.0,-8.0][0m
[ladrc_position_controller_node-3] [0m[INFO] [1788509387.907719185] [uav11.ladrc_position_controller]: UAV11 mode=ladrc_acceleration Ref[-0.0,-0.0,-0.8] Safe[-0.0,-0.0,-0.8] Pos[0.01,-0.00,0.35] Cmd[-4.7,-5.0,-8.0][0m
[ladrc_position_controller_node-2] [0m[INFO] [1788509388.520510989] [uav10.ladrc_position_controller]: UAV10 mode=ladrc_acceleration Ref[2.0,-1.8,28.8] Safe[2.0,-1.8,28.8] Pos[-1.60,16.80,55.01] Cmd[5.0,-5.0,-8.0][0m
[ladrc_position_controller_node-1] [0m[INFO] [1788509388.599041113] [uav9.ladrc_position_controller]: UAV9 mode=ladrc_acceleration Ref[-4.1,34.7,16.3] Safe[-4.1,34.7,16.3] Pos[-21.88,79.49,12.28] Cmd[5.0,-5.0,8.0][0m
[ladrc_position_controller_node-4] [0m[INFO] [1788509388.650318339] [uav12.ladrc_position_controller]: UAV12 mode=ladrc_acceleration Ref[-1.8,-9.5,-0.2] Safe[-1.8,-9.5,-0.2] Pos[-1.74,-9.56,0.67] Cmd[-5.0,5.0,-8.0][0m
[ladrc_position_controller_node-3] [0m[INFO] [1788509388.927700566] [uav11.ladrc_position_controller]: UAV11 mode=ladrc_acceleration Ref[-0.0,-0.0,-0.8] Safe[-0.0,-0.0,-0.8] Pos[0.01,0.00,0.30] Cmd[-4.8,-5.0,-8.0][0m
[ladrc_position_controller_node-2] [0m[INFO] [1788509389.520550070] [uav10.ladrc_position_controller]: UAV10 mode=ladrc_acceleration Ref[2.0,-1.8,28.8] Safe[2.0,-1.8,28.8] Pos[-1.60,16.80,55.02] Cmd[5.0,-5.0,-8.0][0m
[ladrc_position_controller_node-1] [0m[INFO] [1788509389.619064300] [uav9.ladrc_position_controller]: UAV9 mode=ladrc_acceleration Ref[-4.1,34.7,16.3] Safe[-4.1,34.7,16.3] Pos[-21.88,79.49,12.29] Cmd[5.0,-5.0,8.0][0m
[ladrc_position_controller_node-4] [0m[INFO] [1788509389.650328475] [uav12.ladrc_position_controller]: UAV12 mode=ladrc_acceleration Ref[-1.8,-9.5,-0.2] Safe[-1.8,-9.5,-0.2] Pos[-1.74,-9.56,0.63] Cmd[-5.0,5.0,-8.0][0m
[ladrc_position_controller_node-3] [0m[INFO] [1788509389.927705573] [uav11.ladrc_position_controller]: UAV11 mode=ladrc_acceleration Ref[-0.0,-0.0,-0.8] Safe[-0.0,-0.0,-0.8] Pos[-0.00,0.01,0.27] Cmd[-4.7,-5.0,-8.0][0m
[ladrc_position_controller_node-2] [0m[INFO] [1788509390.520654590] [uav10.ladrc_position_controller]: UAV10 mode=ladrc_acceleration Ref[2.0,-1.8,28.8] Safe[2.0,-1.8,28.8] Pos[-1.61,16.81,55.03] Cmd[5.0,-5.0,-8.0][0m
[ladrc_position_controller_node-1] [0m[INFO] [1788509390.639018625] [uav9.ladrc_position_controller]: UAV9 mode=ladrc_acceleration Ref[-4.1,34.7,16.3] Safe[-4.1,34.7,16.3] Pos[-21.89,79.50,12.33] Cmd[5.0,-5.0,8.0][0m
[ladrc_position_controller_node-4] [0m[INFO] [1788509390.670286397] [uav12.ladrc_position_controller]: UAV12 mode=ladrc_acceleration Ref[-1.8,-9.5,-0.2] Safe[-1.8,-9.5,-0.2] Pos[-1.74,-9.56,0.59] Cmd[-5.0,5.0,-8.0][0m
[ladrc_position_controller_node-3] [0m[INFO] [1788509390.947686336] [uav11.ladrc_position_controller]: UAV11 mode=ladrc_acceleration Ref[-0.0,-0.0,-0.8] Safe[-0.0,-0.0,-0.8] Pos[-0.01,-0.01,0.24] Cmd[-4.7,-4.9,-8.0][0m
[ladrc_position_controller_node-2] [0m[INFO] [1788509391.540544191] [uav10.ladrc_position_controller]: UAV10 mode=ladrc_acceleration Ref[2.0,-1.8,28.8] Safe[2.0,-1.8,28.8] Pos[-1.60,16.82,55.03] Cmd[5.0,-5.0,-8.0][0m
[ladrc_position_controller_node-1] [0m[INFO] [1788509391.659014184] [uav9.ladrc_position_controller]: UAV9 mode=ladrc_acceleration Ref[-4.1,34.7,16.3] Safe[-4.1,34.7,16.3] Pos[-21.91,79.51,12.39] Cmd[5.0,-5.0,8.0][0m
[ladrc_position_controller_node-4] [0m[INFO] [1788509391.670327735] [uav12.ladrc_position_controller]: UAV12 mode=ladrc_acceleration Ref[-1.8,-9.5,-0.2] Safe[-1.8,-9.5,-0.2] Pos[-1.74,-9.56,0.55] Cmd[-5.0,5.0,-8.0][0m
[ladrc_position_controller_node-3] [0m[INFO] [1788509391.967684088] [uav11.ladrc_position_controller]: UAV11 mode=ladrc_acceleration Ref[-0.0,-0.0,-0.8] Safe[-0.0,-0.0,-0.8] Pos[-0.03,-0.02,0.23] Cmd[-4.6,-4.9,-8.0][0m
[ladrc_position_controller_node-2] [0m[INFO] [1788509392.560493752] [uav10.ladrc_position_controller]: UAV10 mode=ladrc_acceleration Ref[2.0,-1.8,28.8] Safe[2.0,-1.8,28.8] Pos[-1.61,16.82,55.02] Cmd[5.0,-5.0,-8.0][0m
[ladrc_position_controller_node-1] [0m[INFO] [1788509392.679045197] [uav9.ladrc_position_controller]: UAV9 mode=ladrc_acceleration Ref[-4.1,34.7,16.3] Safe[-4.1,34.7,16.3] Pos[-21.91,79.51,12.44] Cmd[5.0,-5.0,8.0][0m
[ladrc_position_controller_node-4] [0m[INFO] [1788509392.690308614] [uav12.ladrc_position_controller]: UAV12 mode=ladrc_acceleration Ref[-1.8,-9.5,-0.2] Safe[-1.8,-9.5,-0.2] Pos[-1.74,-9.57,0.49] Cmd[-5.0,5.0,-8.0][0m
[ladrc_position_controller_node-3] [0m[INFO] [1788509392.987646401] [uav11.ladrc_position_controller]: UAV11 mode=ladrc_acceleration Ref[-0.0,-0.0,-0.8] Safe[-0.0,-0.0,-0.8] Pos[-0.04,-0.02,0.23] Cmd[-4.5,-5.0,-8.0][0m
[ladrc_position_controller_node-2] [0m[INFO] [1788509393.560496803] [uav10.ladrc_position_controller]: UAV10 mode=ladrc_acceleration Ref[2.0,-1.8,28.8] Safe[2.0,-1.8,28.8] Pos[-1.61,16.83,55.00] Cmd[5.0,-5.0,-8.0][0m
[ladrc_position_controller_node-4] [0m[INFO] [1788509393.690330971] [uav12.ladrc_position_controller]: UAV12 mode=ladrc_acceleration Ref[-1.8,-9.5,-0.2] Safe[-1.8,-9.5,-0.2] Pos[-1.73,-9.56,0.43] Cmd[-5.0,5.0,-8.0][0m
[ladrc_position_controller_node-1] [0m[INFO] [1788509393.698974515] [uav9.ladrc_position_controller]: UAV9 mode=ladrc_acceleration Ref[-4.1,34.7,16.3] Safe[-4.1,34.7,16.3] Pos[-21.92,79.51,12.51] Cmd[5.0,-5.0,8.0][0m
[ladrc_position_controller_node-3] [0m[INFO] [1788509393.987690448] [uav11.ladrc_position_controller]: UAV11 mode=ladrc_acceleration Ref[-0.0,-0.0,-0.8] Safe[-0.0,-0.0,-0.8] Pos[-0.04,-0.01,0.23] Cmd[-4.4,-5.0,-8.0][0m
[ladrc_position_controller_node-2] [0m[INFO] [1788509394.580483336] [uav10.ladrc_position_controller]: UAV10 mode=ladrc_acceleration Ref[2.0,-1.8,28.8] Safe[2.0,-1.8,28.8] Pos[-1.63,16.83,55.01] Cmd[5.0,-5.0,-8.0][0m
[ladrc_position_controller_node-1] [0m[INFO] [1788509394.699036995] [uav9.ladrc_position_controller]: UAV9 mode=ladrc_acceleration Ref[-4.1,34.7,16.3] Safe[-4.1,34.7,16.3] Pos[-21.92,79.50,12.58] Cmd[5.0,-5.0,8.0][0m
[ladrc_position_controller_node-4] [0m[INFO] [1788509394.710268913] [uav12.ladrc_position_controller]: UAV12 mode=ladrc_acceleration Ref[-1.8,-9.5,-0.2] Safe[-1.8,-9.5,-0.2] Pos[-1.73,-9.56,0.37] Cmd[-5.0,5.0,-8.0][0m
[ladrc_position_controller_node-3] [0m[INFO] [1788509395.007702478] [uav11.ladrc_position_controller]: UAV11 mode=ladrc_acceleration Ref[-0.0,-0.0,-0.8] Safe[-0.0,-0.0,-0.8] Pos[-0.03,-0.02,0.22] Cmd[-4.4,-4.9,-8.0][0m
[ladrc_position_controller_node-2] [0m[INFO] [1788509395.580577432] [uav10.ladrc_position_controller]: UAV10 mode=ladrc_acceleration Ref[2.0,-1.8,28.8] Safe[2.0,-1.8,28.8] Pos[-1.62,16.84,55.01] Cmd[5.0,-5.0,-8.0][0m
[ladrc_position_controller_node-4] [0m[INFO] [1788509395.710310380] [uav12.ladrc_position_controller]: UAV12 mode=ladrc_acceleration Ref[-1.8,-9.5,-0.2] Safe[-1.8,-9.5,-0.2] Pos[-1.75,-9.57,0.32] Cmd[-5.0,5.0,-8.0][0m
[ladrc_position_controller_node-1] [0m[INFO] [1788509395.718983690] [uav9.ladrc_position_controller]: UAV9 mode=ladrc_acceleration Ref[-4.1,34.7,16.3] Safe[-4.1,34.7,16.3] Pos[-21.91,79.49,12.65] Cmd[5.0,-5.0,8.0][0m
[ladrc_position_controller_node-3] [0m[INFO] [1788509396.007721642] [uav11.ladrc_position_controller]: UAV11 mode=ladrc_acceleration Ref[-0.0,-0.0,-0.8] Safe[-0.0,-0.0,-0.8] Pos[-0.03,-0.03,0.22] Cmd[-4.4,-4.9,-8.0][0m
[ladrc_position_controller_node-2] [0m[INFO] [1788509396.600507413] [uav10.ladrc_position_controller]: UAV10 mode=ladrc_acceleration Ref[2.0,-1.8,28.8] Safe[2.0,-1.8,28.8] Pos[-1.62,16.83,55.02] Cmd[5.0,-5.0,-8.0][0m
[ladrc_position_controller_node-4] [0m[INFO] [1788509396.710334611] [uav12.ladrc_position_controller]: UAV12 mode=ladrc_acceleration Ref[-1.8,-9.5,-0.2] Safe[-1.8,-9.5,-0.2] Pos[-1.75,-9.57,0.28] Cmd[-5.0,5.0,-8.0][0m
[ladrc_position_controller_node-1] [0m[INFO] [1788509396.719020094] [uav9.ladrc_position_controller]: UAV9 mode=ladrc_acceleration Ref[-4.1,34.7,16.3] Safe[-4.1,34.7,16.3] Pos[-21.91,79.49,12.70] Cmd[5.0,-5.0,8.0][0m
[ladrc_position_controller_node-3] [0m[INFO] [1788509397.027658926] [uav11.ladrc_position_controller]: UAV11 mode=ladrc_acceleration Ref[-0.0,-0.0,-0.8] Safe[-0.0,-0.0,-0.8] Pos[-0.02,-0.02,0.23] Cmd[-4.5,-4.9,-8.0][0m
[ladrc_position_controller_node-2] [0m[INFO] [1788509397.600537443] [uav10.ladrc_position_controller]: UAV10 mode=ladrc_acceleration Ref[2.0,-1.8,28.8] Safe[2.0,-1.8,28.8] Pos[-1.63,16.84,55.05] Cmd[5.0,-5.0,-8.0][0m
[ladrc_position_controller_node-1] [0m[INFO] [1788509397.719030567] [uav9.ladrc_position_controller]: UAV9 mode=ladrc_acceleration Ref[-4.1,34.7,16.3] Safe[-4.1,34.7,16.3] Pos[-21.90,79.49,12.76] Cmd[5.0,-5.0,8.0][0m
[ladrc_position_controller_node-4] [0m[INFO] [1788509397.730342205] [uav12.ladrc_position_controller]: UAV12 mode=ladrc_acceleration Ref[-1.8,-9.5,-0.2] Safe[-1.8,-9.5,-0.2] Pos[-1.76,-9.58,0.25] Cmd[-5.0,5.0,-8.0][0m
[ladrc_position_controller_node-3] [0m[INFO] [1788509398.027716235] [uav11.ladrc_position_controller]: UAV11 mode=ladrc_acceleration Ref[-0.0,-0.0,-0.8] Safe[-0.0,-0.0,-0.8] Pos[-0.01,-0.01,0.24] Cmd[-4.4,-5.0,-8.0][0m
[ladrc_position_controller_node-2] [0m[INFO] [1788509398.620439777] [uav10.ladrc_position_controller]: UAV10 mode=ladrc_acceleration Ref[2.0,-1.8,28.8] Safe[2.0,-1.8,28.8] Pos[-1.64,16.84,55.10] Cmd[5.0,-5.0,-8.0][0m
[ladrc_position_controller_node-1] [0m[INFO] [1788509398.719046758] [uav9.ladrc_position_controller]: UAV9 mode=ladrc_acceleration Ref[-4.1,34.7,16.3] Safe[-4.1,34.7,16.3] Pos[-21.91,79.49,12.79] Cmd[5.0,-5.0,8.0][0m
[ladrc_position_controller_node-4] [0m[INFO] [1788509398.750277209] [uav12.ladrc_position_controller]: UAV12 mode=ladrc_acceleration Ref[-1.8,-9.5,-0.2] Safe[-1.8,-9.5,-0.2] Pos[-1.76,-9.60,0.23] Cmd[-5.0,5.0,-8.0][0m
[ladrc_position_controller_node-3] [0m[INFO] [1788509399.047701873] [uav11.ladrc_position_controller]: UAV11 mode=ladrc_acceleration Ref[-0.0,-0.0,-0.8] Safe[-0.0,-0.0,-0.8] Pos[-0.00,-0.00,0.23] Cmd[-4.5,-5.0,-8.0][0m
[ladrc_position_controller_node-2] [0m[INFO] [1788509399.620521547] [uav10.ladrc_position_controller]: UAV10 mode=ladrc_acceleration Ref[2.0,-1.8,28.8] Safe[2.0,-1.8,28.8] Pos[-1.65,16.84,55.16] Cmd[5.0,-5.0,-8.0][0m
[ladrc_position_controller_node-1] [0m[INFO] [1788509399.739045278] [uav9.ladrc_position_controller]: UAV9 mode=ladrc_acceleration Ref[-4.1,34.7,16.3] Safe[-4.1,34.7,16.3] Pos[-21.91,79.50,12.81] Cmd[5.0,-5.0,8.0][0m
[ladrc_position_controller_node-4] [0m[INFO] [1788509399.770260871] [uav12.ladrc_position_controller]: UAV12 mode=ladrc_acceleration Ref[-1.8,-9.5,-0.2] Safe[-1.8,-9.5,-0.2] Pos[-1.77,-9.61,0.22] Cmd[-5.0,5.0,-8.0][0m
[ladrc_position_controller_node-3] [0m[INFO] [1788509400.067637635] [uav11.ladrc_position_controller]: UAV11 mode=ladrc_acceleration Ref[-0.0,-0.0,-0.8] Safe[-0.0,-0.0,-0.8] Pos[0.01,-0.00,0.22] Cmd[-4.5,-5.0,-8.0][0m
[ladrc_position_controller_node-2] [0m[INFO] [1788509400.640499526] [uav10.ladrc_position_controller]: UAV10 mode=ladrc_acceleration Ref[2.0,-1.8,28.8] Safe[2.0,-1.8,28.8] Pos[-1.66,16.85,55.22] Cmd[5.0,-5.0,-8.0][0m
[ladrc_position_controller_node-1] [0m[INFO] [1788509400.759022154] [uav9.ladrc_position_controller]: UAV9 mode=ladrc_acceleration Ref[-4.1,34.7,16.3] Safe[-4.1,34.7,16.3] Pos[-21.90,79.50,12.83] Cmd[5.0,-5.0,8.0][0m
[ladrc_position_controller_node-4] [0m[INFO] [1788509400.770263921] [uav12.ladrc_position_controller]: UAV12 mode=ladrc_acceleration Ref[-1.8,-9.5,-0.2] Safe[-1.8,-9.5,-0.2] Pos[-1.77,-9.60,0.22] Cmd[-5.0,5.0,-8.0][0m
[ladrc_position_controller_node-3] [0m[INFO] [1788509401.067660591] [uav11.ladrc_position_controller]: UAV11 mode=ladrc_acceleration Ref[-0.0,-0.0,-0.8] Safe[-0.0,-0.0,-0.8] Pos[0.01,-0.01,0.21] Cmd[-4.6,-5.0,-8.0][0m
[ladrc_position_controller_node-2] [0m[INFO] [1788509401.660491328] [uav10.ladrc_position_controller]: UAV10 mode=ladrc_acceleration Ref[2.0,-1.8,28.8] Safe[2.0,-1.8,28.8] Pos[-1.65,16.84,55.30] Cmd[5.0,-5.0,-8.0][0m
[ladrc_position_controller_node-1] [0m[INFO] [1788509401.759044638] [uav9.ladrc_position_controller]: UAV9 mode=ladrc_acceleration Ref[-4.1,34.7,16.3] Safe[-4.1,34.7,16.3] Pos[-21.89,79.50,12.85] Cmd[5.0,-5.0,8.0][0m
[ladrc_position_controller_node-4] [0m[INFO] [1788509401.790268666] [uav12.ladrc_position_controller]: UAV12 mode=ladrc_acceleration Ref[-1.8,-9.5,-0.2] Safe[-1.8,-9.5,-0.2] Pos[-1.76,-9.60,0.21] Cmd[-5.0,5.0,-8.0][0m
[ladrc_position_controller_node-3] [0m[INFO] [1788509402.087688940] [uav11.ladrc_position_controller]: UAV11 mode=ladrc_acceleration Ref[-0.0,-0.0,-0.8] Safe[-0.0,-0.0,-0.8] Pos[0.01,-0.01,0.21] Cmd[-4.6,-5.0,-8.0][0m
[ladrc_position_controller_node-2] [0m[INFO] [1788509402.660540298] [uav10.ladrc_position_controller]: UAV10 mode=ladrc_acceleration Ref[2.0,-1.8,28.8] Safe[2.0,-1.8,28.8] Pos[-1.65,16.83,55.37] Cmd[5.0,-5.0,-8.0][0m
[ladrc_position_controller_node-1] [0m[INFO] [1788509402.778994878] [uav9.ladrc_position_controller]: UAV9 mode=ladrc_acceleration Ref[-4.1,34.7,16.3] Safe[-4.1,34.7,16.3] Pos[-21.88,79.50,12.89] Cmd[5.0,-5.0,8.0][0m
[ladrc_position_controller_node-4] [0m[INFO] [1788509402.810215240] [uav12.ladrc_position_controller]: UAV12 mode=ladrc_acceleration Ref[-1.8,-9.5,-0.2] Safe[-1.8,-9.5,-0.2] Pos[-1.74,-9.60,0.21] Cmd[-5.0,5.0,-8.0][0m
[ladrc_position_controller_node-3] [0m[INFO] [1788509403.107673965] [uav11.ladrc_position_controller]: UAV11 mode=ladrc_acceleration Ref[-0.0,-0.0,-0.8] Safe[-0.0,-0.0,-0.8] Pos[0.01,-0.01,0.22] Cmd[-4.6,-5.0,-8.0][0m
[ladrc_position_controller_node-2] [0m[INFO] [1788509403.660567184] [uav10.ladrc_position_controller]: UAV10 mode=ladrc_acceleration Ref[2.0,-1.8,28.8] Safe[2.0,-1.8,28.8] Pos[-1.63,16.83,55.42] Cmd[5.0,-5.0,-8.0][0m
[ladrc_position_controller_node-1] [0m[INFO] [1788509403.798957810] [uav9.ladrc_position_controller]: UAV9 mode=ladrc_acceleration Ref[-4.1,34.7,16.3] Safe[-4.1,34.7,16.3] Pos[-21.89,79.49,12.92] Cmd[5.0,-5.0,8.0][0m
[ladrc_position_controller_node-4] [0m[INFO] [1788509403.810258957] [uav12.ladrc_position_controller]: UAV12 mode=ladrc_acceleration Ref[-1.8,-9.5,-0.2] Safe[-1.8,-9.5,-0.2] Pos[-1.75,-9.60,0.22] Cmd[-5.0,5.0,-8.0][0m
[ladrc_position_controller_node-3] [0m[INFO] [1788509404.107864776] [uav11.ladrc_position_controller]: UAV11 mode=ladrc_acceleration Ref[-0.0,-0.0,-0.8] Safe[-0.0,-0.0,-0.8] Pos[0.01,-0.01,0.23] Cmd[-4.7,-5.0,-8.0][0m
[ladrc_position_controller_node-2] [0m[INFO] [1788509404.680498313] [uav10.ladrc_position_controller]: UAV10 mode=ladrc_acceleration Ref[2.0,-1.8,28.8] Safe[2.0,-1.8,28.8] Pos[-1.64,16.83,55.49] Cmd[5.0,-5.0,-8.0][0m
[ladrc_position_controller_node-1] [0m[INFO] [1788509404.798981046] [uav9.ladrc_position_controller]: UAV9 mode=ladrc_acceleration Ref[-4.1,34.7,16.3] Safe[-4.1,34.7,16.3] Pos[-21.89,79.49,12.97] Cmd[5.0,-5.0,8.0][0m
[ladrc_position_controller_node-4] [0m[INFO] [1788509404.810291260] [uav12.ladrc_position_controller]: UAV12 mode=ladrc_acceleration Ref[-1.8,-9.5,-0.2] Safe[-1.8,-9.5,-0.2] Pos[-1.74,-9.59,0.24] Cmd[-5.0,5.0,-8.0][0m
[ladrc_position_controller_node-3] [0m[INFO] [1788509405.127647687] [uav11.ladrc_position_controller]: UAV11 mode=ladrc_acceleration Ref[-0.0,-0.0,-0.8] Safe[-0.0,-0.0,-0.8] Pos[0.01,-0.00,0.26] Cmd[-4.8,-5.0,-8.0][0m
[ladrc_position_controller_node-2] [0m[INFO] [1788509405.700494291] [uav10.ladrc_position_controller]: UAV10 mode=ladrc_acceleration Ref[2.0,-1.8,28.8] Safe[2.0,-1.8,28.8] Pos[-1.64,16.83,55.52] Cmd[5.0,-5.0,-8.0][0m
[ladrc_position_controller_node-1] [0m[INFO] [1788509405.798999600] [uav9.ladrc_position_controller]: UAV9 mode=ladrc_acceleration Ref[-4.1,34.7,16.3] Safe[-4.1,34.7,16.3] Pos[-21.90,79.48,13.00] Cmd[5.0,-5.0,8.0][0m
[ladrc_position_controller_node-4] [0m[INFO] [1788509405.830263132] [uav12.ladrc_position_controller]: UAV12 mode=ladrc_acceleration Ref[-1.8,-9.5,-0.2] Safe[-1.8,-9.5,-0.2] Pos[-1.74,-9.58,0.24] Cmd[-5.0,5.0,-8.0][0m
[ladrc_position_controller_node-3] [0m[INFO] [1788509406.127658746] [uav11.ladrc_position_controller]: UAV11 mode=ladrc_acceleration Ref[-0.0,-0.0,-0.8] Safe[-0.0,-0.0,-0.8] Pos[0.01,0.00,0.31] Cmd[-4.8,-5.0,-8.0][0m
[ladrc_position_controller_node-2] [0m[INFO] [1788509406.720488342] [uav10.ladrc_position_controller]: UAV10 mode=ladrc_acceleration Ref[2.0,-1.8,28.8] Safe[2.0,-1.8,28.8] Pos[-1.64,16.82,55.55] Cmd[5.0,-5.0,-8.0][0m
[ladrc_position_controller_node-1] [0m[INFO] [1788509406.799011979] [uav9.ladrc_position_controller]: UAV9 mode=ladrc_acceleration Ref[-4.1,34.7,16.3] Safe[-4.1,34.7,16.3] Pos[-21.90,79.48,13.04] Cmd[5.0,-5.0,8.0][0m
[ladrc_position_controller_node-4] [0m[INFO] [1788509406.830266314] [uav12.ladrc_position_controller]: UAV12 mode=ladrc_acceleration Ref[-1.8,-9.5,-0.2] Safe[-1.8,-9.5,-0.2] Pos[-1.73,-9.57,0.23] Cmd[-5.0,5.0,-8.0][0m
[ladrc_position_controller_node-3] [0m[INFO] [1788509407.147627308] [uav11.ladrc_position_controller]: UAV11 mode=ladrc_acceleration Ref[-0.0,-0.0,-0.8] Safe[-0.0,-0.0,-0.8] Pos[0.02,0.01,0.37] Cmd[-4.9,-5.0,-8.0][0m
[ladrc_position_controller_node-2] [0m[INFO] [1788509407.740453035] [uav10.ladrc_position_controller]: UAV10 mode=ladrc_acceleration Ref[2.0,-1.8,28.8] Safe[2.0,-1.8,28.8] Pos[-1.64,16.83,55.56] Cmd[5.0,-5.0,-8.0][0m
[ladrc_position_controller_node-1] [0m[INFO] [1788509407.818994726] [uav9.ladrc_position_controller]: UAV9 mode=ladrc_acceleration Ref[-4.1,34.7,16.3] Safe[-4.1,34.7,16.3] Pos[-21.90,79.48,13.08] Cmd[5.0,-5.0,8.0][0m
[ladrc_position_controller_node-4] [0m[INFO] [1788509407.850250634] [uav12.ladrc_position_controller]: UAV12 mode=ladrc_acceleration Ref[-1.8,-9.5,-0.2] Safe[-1.8,-9.5,-0.2] Pos[-1.74,-9.58,0.21] Cmd[-5.0,5.0,-8.0][0m
[ladrc_position_controller_node-3] [0m[INFO] [1788509408.167621174] [uav11.ladrc_position_controller]: UAV11 mode=ladrc_acceleration Ref[-0.0,-0.0,-0.8] Safe[-0.0,-0.0,-0.8] Pos[0.02,0.02,0.44] Cmd[-4.9,-5.0,-8.0][0m
[ladrc_position_controller_node-2] [0m[INFO] [1788509408.760417354] [uav10.ladrc_position_controller]: UAV10 mode=ladrc_acceleration Ref[2.0,-1.8,28.8] Safe[2.0,-1.8,28.8] Pos[-1.64,16.84,55.59] Cmd[5.0,-5.0,-8.0][0m
[ladrc_position_controller_node-1] [0m[INFO] [1788509408.838975235] [uav9.ladrc_position_controller]: UAV9 mode=ladrc_acceleration Ref[-4.1,34.7,16.3] Safe[-4.1,34.7,16.3] Pos[-21.89,79.49,13.12] Cmd[5.0,-5.0,8.0][0m
[ladrc_position_controller_node-4] [0m[INFO] [1788509408.870191869] [uav12.ladrc_position_controller]: UAV12 mode=ladrc_acceleration Ref[-1.8,-9.5,-0.2] Safe[-1.8,-9.5,-0.2] Pos[-1.73,-9.58,0.21] Cmd[-5.0,5.0,-8.0][0m
[ladrc_position_controller_node-3] [0m[INFO] [1788509409.167629659] [uav11.ladrc_position_controller]: UAV11 mode=ladrc_acceleration Ref[-0.0,-0.0,-0.8] Safe[-0.0,-0.0,-0.8] Pos[0.02,0.02,0.52] Cmd[-4.9,-5.0,-8.0][0m
[ladrc_position_controller_node-2] [0m[INFO] [1788509409.760435686] [uav10.ladrc_position_controller]: UAV10 mode=ladrc_acceleration Ref[2.0,-1.8,28.8] Safe[2.0,-1.8,28.8] Pos[-1.64,16.85,55.61] Cmd[5.0,-5.0,-8.0][0m
[ladrc_position_controller_node-1] [0m[INFO] [1788509409.858972192] [uav9.ladrc_position_controller]: UAV9 mode=ladrc_acceleration Ref[-4.1,34.7,16.3] Safe[-4.1,34.7,16.3] Pos[-21.88,79.49,13.14] Cmd[5.0,-5.0,8.0][0m
[ladrc_position_controller_node-4] [0m[INFO] [1788509409.870273169] [uav12.ladrc_position_controller]: UAV12 mode=ladrc_acceleration Ref[-1.8,-9.5,-0.2] Safe[-1.8,-9.5,-0.2] Pos[-1.74,-9.57,0.21] Cmd[-5.0,5.0,-8.0][0m
[ladrc_position_controller_node-3] [0m[INFO] [1788509410.187616887] [uav11.ladrc_position_controller]: UAV11 mode=ladrc_acceleration Ref[-0.0,-0.0,-0.8] Safe[-0.0,-0.0,-0.8] Pos[0.01,0.01,0.57] Cmd[-5.0,-5.0,-8.0][0m
[ladrc_position_controller_node-2] [0m[INFO] [1788509410.760442033] [uav10.ladrc_position_controller]: UAV10 mode=ladrc_acceleration Ref[2.0,-1.8,28.8] Safe[2.0,-1.8,28.8] Pos[-1.65,16.86,55.66] Cmd[5.0,-5.0,-8.0][0m
[ladrc_position_controller_node-1] [0m[INFO] [1788509410.878948838] [uav9.ladrc_position_controller]: UAV9 mode=ladrc_acceleration Ref[-4.1,34.7,16.3] Safe[-4.1,34.7,16.3] Pos[-21.88,79.49,13.17] Cmd[5.0,-5.0,8.0][0m
[ladrc_position_controller_node-4] [0m[INFO] [1788509410.890246619] [uav12.ladrc_position_controller]: UAV12 mode=ladrc_acceleration Ref[-1.8,-9.5,-0.2] Safe[-1.8,-9.5,-0.2] Pos[-1.74,-9.57,0.22] Cmd[-5.0,5.0,-8.0][0m
[ladrc_position_controller_node-3] [0m[INFO] [1788509411.207619130] [uav11.ladrc_position_controller]: UAV11 mode=ladrc_acceleration Ref[-0.0,-0.0,-0.8] Safe[-0.0,-0.0,-0.8] Pos[0.01,0.02,0.65] Cmd[-5.0,-5.0,-8.0][0m
[ladrc_position_controller_node-2] [0m[INFO] [1788509411.780456787] [uav10.ladrc_position_controller]: UAV10 mode=ladrc_acceleration Ref[2.0,-1.8,28.8] Safe[2.0,-1.8,28.8] Pos[-1.64,16.85,55.69] Cmd[5.0,-5.0,-8.0][0m
[ladrc_position_controller_node-1] [0m[INFO] [1788509411.878959169] [uav9.ladrc_position_controller]: UAV9 mode=ladrc_acceleration Ref[-4.1,34.7,16.3] Safe[-4.1,34.7,16.3] Pos[-21.89,79.50,13.18] Cmd[5.0,-5.0,8.0][0m
[ladrc_position_controller_node-4] [0m[INFO] [1788509411.890419083] [uav12.ladrc_position_controller]: UAV12 mode=ladrc_acceleration Ref[-1.8,-9.5,-0.2] Safe[-1.8,-9.5,-0.2] Pos[-1.74,-9.56,0.24] Cmd[-5.0,5.0,-8.0][0m
[ladrc_position_controller_node-3] [0m[INFO] [1788509412.207633658] [uav11.ladrc_position_controller]: UAV11 mode=ladrc_acceleration Ref[-0.0,-0.0,-0.8] Safe[-0.0,-0.0,-0.8] Pos[0.00,0.02,0.68] Cmd[-5.0,-5.0,-8.0][0m
[ladrc_position_controller_node-2] [0m[INFO] [1788509412.800437184] [uav10.ladrc_position_controller]: UAV10 mode=ladrc_acceleration Ref[2.0,-1.8,28.8] Safe[2.0,-1.8,28.8] Pos[-1.64,16.85,55.75] Cmd[5.0,-5.0,-8.0][0m
[ladrc_position_controller_node-1] [0m[INFO] [1788509412.878999634] [uav9.ladrc_position_controller]: UAV9 mode=ladrc_acceleration Ref[-4.1,34.7,16.3] Safe[-4.1,34.7,16.3] Pos[-21.88,79.49,13.21] Cmd[5.0,-5.0,8.0][0m
[ladrc_position_controller_node-4] [0m[INFO] [1788509412.910187894] [uav12.ladrc_position_controller]: UAV12 mode=ladrc_acceleration Ref[-1.8,-9.5,-0.2] Safe[-1.8,-9.5,-0.2] Pos[-1.75,-9.54,0.28] Cmd[-5.0,5.0,-8.0][0m
[ladrc_position_controller_node-3] [0m[INFO] [1788509413.227599306] [uav11.ladrc_position_controller]: UAV11 mode=ladrc_acceleration Ref[-0.0,-0.0,-0.8] Safe[-0.0,-0.0,-0.8] Pos[0.00,0.03,0.73] Cmd[-5.0,-5.0,-8.0][0m
[ladrc_position_controller_node-2] [0m[INFO] [1788509413.820422197] [uav10.ladrc_position_controller]: UAV10 mode=ladrc_acceleration Ref[2.0,-1.8,28.8] Safe[2.0,-1.8,28.8] Pos[-1.63,16.85,55.79] Cmd[5.0,-5.0,-8.0][0m
[ladrc_position_controller_node-1] [0m[INFO] [1788509413.898968195] [uav9.ladrc_position_controller]: UAV9 mode=ladrc_acceleration Ref[-4.1,34.7,16.3] Safe[-4.1,34.7,16.3] Pos[-21.89,79.49,13.21] Cmd[5.0,-5.0,8.0][0m
[ladrc_position_controller_node-4] [0m[INFO] [1788509413.910220381] [uav12.ladrc_position_controller]: UAV12 mode=ladrc_acceleration Ref[-1.8,-9.5,-0.2] Safe[-1.8,-9.5,-0.2] Pos[-1.76,-9.54,0.34] Cmd[-5.0,5.0,-8.0][0m
[ladrc_position_controller_node-3] [0m[INFO] [1788509414.227626051] [uav11.ladrc_position_controller]: UAV11 mode=ladrc_acceleration Ref[-0.0,-0.0,-0.8] Safe[-0.0,-0.0,-0.8] Pos[0.01,0.03,0.75] Cmd[-5.0,-5.0,-8.0][0m
[ladrc_position_controller_node-2] [0m[INFO] [1788509414.820444693] [uav10.ladrc_position_controller]: UAV10 mode=ladrc_acceleration Ref[2.0,-1.8,28.8] Safe[2.0,-1.8,28.8] Pos[-1.63,16.85,55.83] Cmd[5.0,-5.0,-8.0][0m
[ladrc_position_controller_node-4] [0m[INFO] [1788509414.910239239] [uav12.ladrc_position_controller]: UAV12 mode=ladrc_acceleration Ref[-1.8,-9.5,-0.2] Safe[-1.8,-9.5,-0.2] Pos[-1.76,-9.53,0.41] Cmd[-5.0,5.0,-8.0][0m
[ladrc_position_controller_node-1] [0m[INFO] [1788509414.918955920] [uav9.ladrc_position_controller]: UAV9 mode=ladrc_acceleration Ref[-4.1,34.7,16.3] Safe[-4.1,34.7,16.3] Pos[-21.90,79.50,13.22] Cmd[5.0,-5.0,8.0][0m
[ladrc_position_controller_node-3] [0m[INFO] [1788509415.247650083] [uav11.ladrc_position_controller]: UAV11 mode=ladrc_acceleration Ref[-0.0,-0.0,-0.8] Safe[-0.0,-0.0,-0.8] Pos[0.01,0.03,0.77] Cmd[-5.0,-5.0,-8.0][0m
[ladrc_position_controller_node-2] [0m[INFO] [1788509415.820484307] [uav10.ladrc_position_controller]: UAV10 mode=ladrc_acceleration Ref[2.0,-1.8,28.8] Safe[2.0,-1.8,28.8] Pos[-1.63,16.85,55.86] Cmd[5.0,-5.0,-8.0][0m
[ladrc_position_controller_node-1] [0m[INFO] [1788509415.918962603] [uav9.ladrc_position_controller]: UAV9 mode=ladrc_acceleration Ref[-4.1,34.7,16.3] Safe[-4.1,34.7,16.3] Pos[-21.91,79.50,13.21] Cmd[5.0,-5.0,8.0][0m
[ladrc_position_controller_node-4] [0m[INFO] [1788509415.930231179] [uav12.ladrc_position_controller]: UAV12 mode=ladrc_acceleration Ref[-1.8,-9.5,-0.2] Safe[-1.8,-9.5,-0.2] Pos[-1.76,-9.54,0.47] Cmd[-5.0,5.0,-8.0][0m
[ladrc_position_controller_node-3] [0m[INFO] [1788509416.267638204] [uav11.ladrc_position_controller]: UAV11 mode=ladrc_acceleration Ref[-0.0,-0.0,-0.8] Safe[-0.0,-0.0,-0.8] Pos[0.02,0.02,0.78] Cmd[-5.0,-5.0,-8.0][0m
[ladrc_position_controller_node-2] [0m[INFO] [1788509416.840440848] [uav10.ladrc_position_controller]: UAV10 mode=ladrc_acceleration Ref[2.0,-1.8,28.8] Safe[2.0,-1.8,28.8] Pos[-1.62,16.85,55.90] Cmd[5.0,-5.0,-8.0][0m
[ladrc_position_controller_node-1] [0m[INFO] [1788509416.938985708] [uav9.ladrc_position_controller]: UAV9 mode=ladrc_acceleration Ref[-4.1,34.7,16.3] Safe[-4.1,34.7,16.3] Pos[-21.91,79.50,13.20] Cmd[5.0,-5.0,8.0][0m
[ladrc_position_controller_node-4] [0m[INFO] [1788509416.950221082] [uav12.ladrc_position_controller]: UAV12 mode=ladrc_acceleration Ref[-1.8,-9.5,-0.2] Safe[-1.8,-9.5,-0.2] Pos[-1.76,-9.54,0.55] Cmd[-5.0,5.0,-8.0][0m
[ladrc_position_controller_node-3] [0m[INFO] [1788509417.287667470] [uav11.ladrc_position_controller]: UAV11 mode=ladrc_acceleration Ref[-0.0,-0.0,-0.8] Safe[-0.0,-0.0,-0.8] Pos[0.03,0.02,0.81] Cmd[-5.0,-5.0,-8.0][0m
[ladrc_position_controller_node-2] [0m[INFO] [1788509417.860473819] [uav10.ladrc_position_controller]: UAV10 mode=ladrc_acceleration Ref[2.0,-1.8,28.8] Safe[2.0,-1.8,28.8] Pos[-1.63,16.86,55.93] Cmd[5.0,-5.0,-8.0][0m
[ladrc_position_controller_node-1] [0m[INFO] [1788509417.958890328] [uav9.ladrc_position_controller]: UAV9 mode=ladrc_acceleration Ref[-4.1,34.7,16.3] Safe[-4.1,34.7,16.3] Pos[-21.90,79.51,13.19] Cmd[5.0,-5.0,8.0][0m
[ladrc_position_controller_node-4] [0m[INFO] [1788509417.970132204] [uav12.ladrc_position_controller]: UAV12 mode=ladrc_acceleration Ref[-1.8,-9.5,-0.2] Safe[-1.8,-9.5,-0.2] Pos[-1.77,-9.54,0.61] Cmd[-5.0,5.0,-8.0][0m
[ladrc_position_controller_node-3] [0m[INFO] [1788509418.307619177] [uav11.ladrc_position_controller]: UAV11 mode=ladrc_acceleration Ref[-0.0,-0.0,-0.8] Safe[-0.0,-0.0,-0.8] Pos[0.03,0.02,0.85] Cmd[-5.0,-5.0,-8.0][0m
[ladrc_position_controller_node-2] [0m[INFO] [1788509418.880455020] [uav10.ladrc_position_controller]: UAV10 mode=ladrc_acceleration Ref[2.0,-1.8,28.8] Safe[2.0,-1.8,28.8] Pos[-1.62,16.85,55.95] Cmd[5.0,-5.0,-8.0][0m
[ladrc_position_controller_node-4] [0m[INFO] [1788509418.970191637] [uav12.ladrc_position_controller]: UAV12 mode=ladrc_acceleration Ref[-1.8,-9.5,-0.2] Safe[-1.8,-9.5,-0.2] Pos[-1.77,-9.55,0.66] Cmd[-5.0,5.0,-8.0][0m
[ladrc_position_controller_node-1] [0m[INFO] [1788509418.978934918] [uav9.ladrc_position_controller]: UAV9 mode=ladrc_acceleration Ref[-4.1,34.7,16.3] Safe[-4.1,34.7,16.3] Pos[-21.91,79.51,13.17] Cmd[5.0,-5.0,8.0][0m
[ladrc_position_controller_node-3] [0m[INFO] [1788509419.327616477] [uav11.ladrc_position_controller]: UAV11 mode=ladrc_acceleration Ref[-0.0,-0.0,-0.8] Safe[-0.0,-0.0,-0.8] Pos[0.02,0.00,0.90] Cmd[-5.0,-5.0,-8.0][0m
[ladrc_position_controller_node-2] [0m[INFO] [1788509419.900465473] [uav10.ladrc_position_controller]: UAV10 mode=ladrc_acceleration Ref[2.0,-1.8,28.8] Safe[2.0,-1.8,28.8] Pos[-1.62,16.84,55.97] Cmd[5.0,-5.0,-8.0][0m
[ladrc_position_controller_node-4] [0m[INFO] [1788509419.970201534] [uav12.ladrc_position_controller]: UAV12 mode=ladrc_acceleration Ref[-1.8,-9.5,-0.2] Safe[-1.8,-9.5,-0.2] Pos[-1.77,-9.54,0.71] Cmd[-5.0,5.0,-8.0][0m
[ladrc_position_controller_node-1] [0m[INFO] [1788509419.998922046] [uav9.ladrc_position_controller]: UAV9 mode=ladrc_acceleration Ref[-4.1,34.7,16.3] Safe[-4.1,34.7,16.3] Pos[-21.90,79.51,13.15] Cmd[5.0,-5.0,8.0][0m
[ladrc_position_controller_node-3] [0m[INFO] [1788509420.347584078] [uav11.ladrc_position_controller]: UAV11 mode=ladrc_acceleration Ref[-0.0,-0.0,-0.8] Safe[-0.0,-0.0,-0.8] Pos[0.02,-0.00,0.95] Cmd[-5.0,-5.0,-8.0][0m
[ladrc_position_controller_node-2] [0m[INFO] [1788509420.900520061] [uav10.ladrc_position_controller]: UAV10 mode=ladrc_acceleration Ref[2.0,-1.8,28.8] Safe[2.0,-1.8,28.8] Pos[-1.61,16.84,55.97] Cmd[5.0,-5.0,-8.0][0m
[ladrc_position_controller_node-4] [0m[INFO] [1788509420.990222233] [uav12.ladrc_position_controller]: UAV12 mode=ladrc_acceleration Ref[-1.8,-9.5,-0.2] Safe[-1.8,-9.5,-0.2] Pos[-1.77,-9.55,0.74] Cmd[-5.0,5.0,-8.0][0m
[ladrc_position_controller_node-1] [0m[INFO] [1788509420.998924326] [uav9.ladrc_position_controller]: UAV9 mode=ladrc_acceleration Ref[-4.1,34.7,16.3] Safe[-4.1,34.7,16.3] Pos[-21.90,79.51,13.12] Cmd[5.0,-5.0,8.0][0m
[ladrc_position_controller_node-3] [0m[INFO] [1788509421.367577655] [uav11.ladrc_position_controller]: UAV11 mode=ladrc_acceleration Ref[-0.0,-0.0,-0.8] Safe[-0.0,-0.0,-0.8] Pos[0.02,-0.01,0.98] Cmd[-5.0,-5.0,-8.0][0m
[ladrc_position_controller_node-2] [0m[INFO] [1788509421.920477498] [uav10.ladrc_position_controller]: UAV10 mode=ladrc_acceleration Ref[2.0,-1.8,28.8] Safe[2.0,-1.8,28.8] Pos[-1.63,16.85,55.99] Cmd[5.0,-5.0,-8.0][0m
[ladrc_position_controller_node-4] [0m[INFO] [1788509422.010128364] [uav12.ladrc_position_controller]: UAV12 mode=ladrc_acceleration Ref[-1.8,-9.5,-0.2] Safe[-1.8,-9.5,-0.2] Pos[-1.77,-9.54,0.77] Cmd[-5.0,5.0,-8.0][0m
[ladrc_position_controller_node-1] [0m[INFO] [1788509422.018897733] [uav9.ladrc_position_controller]: UAV9 mode=ladrc_acceleration Ref[-4.1,34.7,16.3] Safe[-4.1,34.7,16.3] Pos[-21.90,79.50,13.11] Cmd[5.0,-5.0,8.0][0m
[ladrc_position_controller_node-3] [0m[INFO] [1788509422.387577881] [uav11.ladrc_position_controller]: UAV11 mode=ladrc_acceleration Ref[-0.0,-0.0,-0.8] Safe[-0.0,-0.0,-0.8] Pos[0.02,-0.01,1.04] Cmd[-5.0,-5.0,-8.0][0m
[ladrc_position_controller_node-2] [0m[INFO] [1788509422.940437478] [uav10.ladrc_position_controller]: UAV10 mode=ladrc_acceleration Ref[2.0,-1.8,28.8] Safe[2.0,-1.8,28.8] Pos[-1.63,16.84,55.97] Cmd[5.0,-5.0,-8.0][0m
[ladrc_position_controller_node-4] [0m[INFO] [1788509423.010197433] [uav12.ladrc_position_controller]: UAV12 mode=ladrc_acceleration Ref[-1.8,-9.5,-0.2] Safe[-1.8,-9.5,-0.2] Pos[-1.76,-9.54,0.77] Cmd[-5.0,5.0,-8.0][0m
[ladrc_position_controller_node-1] [0m[INFO] [1788509423.018924053] [uav9.ladrc_position_controller]: UAV9 mode=ladrc_acceleration Ref[-4.1,34.7,16.3] Safe[-4.1,34.7,16.3] Pos[-21.91,79.48,13.07] Cmd[5.0,-5.0,8.0][0m
[ladrc_position_controller_node-3] [0m[INFO] [1788509423.407587392] [uav11.ladrc_position_controller]: UAV11 mode=ladrc_acceleration Ref[-0.0,-0.0,-0.8] Safe[-0.0,-0.0,-0.8] Pos[0.02,-0.00,1.06] Cmd[-5.0,-5.0,-8.0][0m
[ladrc_position_controller_node-2] [0m[INFO] [1788509423.940440120] [uav10.ladrc_position_controller]: UAV10 mode=ladrc_acceleration Ref[2.0,-1.8,28.8] Safe[2.0,-1.8,28.8] Pos[-1.64,16.84,55.98] Cmd[5.0,-5.0,-8.0][0m
[ladrc_position_controller_node-4] [0m[INFO] [1788509424.010208832] [uav12.ladrc_position_controller]: UAV12 mode=ladrc_acceleration Ref[-1.8,-9.5,-0.2] Safe[-1.8,-9.5,-0.2] Pos[-1.75,-9.54,0.79] Cmd[-5.0,5.0,-8.0][0m
[ladrc_position_controller_node-1] [0m[INFO] [1788509424.038916500] [uav9.ladrc_position_controller]: UAV9 mode=ladrc_acceleration Ref[-4.1,34.7,16.3] Safe[-4.1,34.7,16.3] Pos[-21.92,79.48,13.06] Cmd[5.0,-5.0,8.0][0m
[ladrc_position_controller_node-3] [0m[INFO] [1788509424.427561283] [uav11.ladrc_position_controller]: UAV11 mode=ladrc_acceleration Ref[-0.0,-0.0,-0.8] Safe[-0.0,-0.0,-0.8] Pos[0.02,0.01,1.10] Cmd[-5.0,-5.0,-8.0][0m
[ladrc_position_controller_node-2] [0m[INFO] [1788509424.960397469] [uav10.ladrc_position_controller]: UAV10 mode=ladrc_acceleration Ref[2.0,-1.8,28.8] Safe[2.0,-1.8,28.8] Pos[-1.63,16.84,55.96] Cmd[5.0,-5.0,-8.0][0m
[ladrc_position_controller_node-4] [0m[INFO] [1788509425.030245078] [uav12.ladrc_position_controller]: UAV12 mode=ladrc_acceleration Ref[-1.8,-9.5,-0.2] Safe[-1.8,-9.5,-0.2] Pos[-1.74,-9.54,0.82] Cmd[-5.0,5.0,-8.0][0m
[ladrc_position_controller_node-1] [0m[INFO] [1788509425.038953603] [uav9.ladrc_position_controller]: UAV9 mode=ladrc_acceleration Ref[-4.1,34.7,16.3] Safe[-4.1,34.7,16.3] Pos[-21.91,79.47,13.04] Cmd[5.0,-5.0,8.0][0m
[ladrc_position_controller_node-3] [0m[INFO] [1788509425.447571229] [uav11.ladrc_position_controller]: UAV11 mode=ladrc_acceleration Ref[-0.0,-0.0,-0.8] Safe[-0.0,-0.0,-0.8] Pos[0.02,0.01,1.12] Cmd[-5.0,-5.0,-8.0][0m
[ladrc_position_controller_node-2] [0m[INFO] [1788509425.980394118] [uav10.ladrc_position_controller]: UAV10 mode=ladrc_acceleration Ref[2.0,-1.8,28.8] Safe[2.0,-1.8,28.8] Pos[-1.63,16.85,55.97] Cmd[5.0,-5.0,-8.0][0m
[ladrc_position_controller_node-4] [0m[INFO] [1788509426.050219295] [uav12.ladrc_position_controller]: UAV12 mode=ladrc_acceleration Ref[-1.8,-9.5,-0.2] Safe[-1.8,-9.5,-0.2] Pos[-1.74,-9.53,0.86] Cmd[-5.0,5.0,-8.0][0m
[ladrc_position_controller_node-1] [0m[INFO] [1788509426.058883868] [uav9.ladrc_position_controller]: UAV9 mode=ladrc_acceleration Ref[-4.1,34.7,16.3] Safe[-4.1,34.7,16.3] Pos[-21.92,79.47,13.04] Cmd[5.0,-5.0,8.0][0m
[ladrc_position_controller_node-3] [0m[INFO] [1788509426.467564210] [uav11.ladrc_position_controller]: UAV11 mode=ladrc_acceleration Ref[-0.0,-0.0,-0.8] Safe[-0.0,-0.0,-0.8] Pos[0.02,0.01,1.14] Cmd[-5.0,-5.0,-8.0][0m
[ladrc_position_controller_node-2] [0m[INFO] [1788509427.000455927] [uav10.ladrc_position_controller]: UAV10 mode=ladrc_acceleration Ref[2.0,-1.8,28.8] Safe[2.0,-1.8,28.8] Pos[-1.63,16.85,55.93] Cmd[5.0,-5.0,-8.0][0m
[ladrc_position_controller_node-1] [0m[INFO] [1788509427.058903483] [uav9.ladrc_position_controller]: UAV9 mode=ladrc_acceleration Ref[-4.1,34.7,16.3] Safe[-4.1,34.7,16.3] Pos[-21.92,79.47,13.02] Cmd[5.0,-5.0,8.0][0m
[ladrc_position_controller_node-4] [0m[INFO] [1788509427.070446943] [uav12.ladrc_position_controller]: UAV12 mode=ladrc_acceleration Ref[-1.8,-9.5,-0.2] Safe[-1.8,-9.5,-0.2] Pos[-1.74,-9.54,0.90] Cmd[-5.0,5.0,-8.0][0m
[ladrc_position_controller_node-3] [0m[INFO] [1788509427.487591052] [uav11.ladrc_position_controller]: UAV11 mode=ladrc_acceleration Ref[-0.0,-0.0,-0.8] Safe[-0.0,-0.0,-0.8] Pos[0.01,0.01,1.14] Cmd[-5.0,-5.0,-8.0][0m
[ladrc_position_controller_node-2] [0m[INFO] [1788509428.020411092] [uav10.ladrc_position_controller]: UAV10 mode=ladrc_acceleration Ref[2.0,-1.8,28.8] Safe[2.0,-1.8,28.8] Pos[-1.64,16.85,55.91] Cmd[5.0,-5.0,-8.0][0m
[ladrc_position_controller_node-1] [0m[INFO] [1788509428.058911073] [uav9.ladrc_position_controller]: UAV9 mode=ladrc_acceleration Ref[-4.1,34.7,16.3] Safe[-4.1,34.7,16.3] Pos[-21.93,79.46,13.04] Cmd[5.0,-5.0,8.0][0m
[ladrc_position_controller_node-4] [0m[INFO] [1788509428.090205702] [uav12.ladrc_position_controller]: UAV12 mode=ladrc_acceleration Ref[-1.8,-9.5,-0.2] Safe[-1.8,-9.5,-0.2] Pos[-1.73,-9.55,0.96] Cmd[-5.0,5.0,-8.0][0m
[ladrc_position_controller_node-3] [0m[INFO] [1788509428.487613328] [uav11.ladrc_position_controller]: UAV11 mode=ladrc_acceleration Ref[-0.0,-0.0,-0.8] Safe[-0.0,-0.0,-0.8] Pos[0.01,0.00,1.15] Cmd[-5.0,-5.0,-8.0][0m
[ladrc_position_controller_node-2] [0m[INFO] [1788509429.020442665] [uav10.ladrc_position_controller]: UAV10 mode=ladrc_acceleration Ref[2.0,-1.8,28.8] Safe[2.0,-1.8,28.8] Pos[-1.64,16.84,55.88] Cmd[5.0,-5.0,-8.0][0m
[ladrc_position_controller_node-1] [0m[INFO] [1788509429.058960649] [uav9.ladrc_position_controller]: UAV9 mode=ladrc_acceleration Ref[-4.1,34.7,16.3] Safe[-4.1,34.7,16.3] Pos[-21.94,79.47,13.02] Cmd[5.0,-5.0,8.0][0m
[ladrc_position_controller_node-4] [0m[INFO] [1788509429.090209732] [uav12.ladrc_position_controller]: UAV12 mode=ladrc_acceleration Ref[-1.8,-9.5,-0.2] Safe[-1.8,-9.5,-0.2] Pos[-1.74,-9.55,0.99] Cmd[-5.0,5.0,-8.0][0m
[ladrc_position_controller_node-3] [0m[INFO] [1788509429.507614776] [uav11.ladrc_position_controller]: UAV11 mode=ladrc_acceleration Ref[-0.0,-0.0,-0.8] Safe[-0.0,-0.0,-0.8] Pos[0.02,-0.00,1.14] Cmd[-5.0,-5.0,-8.0][0m
[ladrc_position_controller_node-2] [0m[INFO] [1788509430.040405749] [uav10.ladrc_position_controller]: UAV10 mode=ladrc_acceleration Ref[2.0,-1.8,28.8] Safe[2.0,-1.8,28.8] Pos[-1.64,16.83,55.86] Cmd[5.0,-5.0,-8.0][0m
[ladrc_position_controller_node-1] [0m[INFO] [1788509430.078902674] [uav9.ladrc_position_controller]: UAV9 mode=ladrc_acceleration Ref[-4.1,34.7,16.3] Safe[-4.1,34.7,16.3] Pos[-21.93,79.47,13.04] Cmd[5.0,-5.0,8.0][0m
[ladrc_position_controller_node-4] [0m[INFO] [1788509430.110197052] [uav12.ladrc_position_controller]: UAV12 mode=ladrc_acceleration Ref[-1.8,-9.5,-0.2] Safe[-1.8,-9.5,-0.2] Pos[-1.74,-9.55,1.04] Cmd[-5.0,5.0,-8.0][0m
[ladrc_position_controller_node-3] [0m[INFO] [1788509430.507616849] [uav11.ladrc_position_controller]: UAV11 mode=ladrc_acceleration Ref[-0.0,-0.0,-0.8] Safe[-0.0,-0.0,-0.8] Pos[0.02,0.01,1.14] Cmd[-5.0,-5.0,-8.0][0m
[ladrc_position_controller_node-2] [0m[INFO] [1788509431.040413612] [uav10.ladrc_position_controller]: UAV10 mode=ladrc_acceleration Ref[2.0,-1.8,28.8] Safe[2.0,-1.8,28.8] Pos[-1.63,16.82,55.85] Cmd[5.0,-5.0,-8.0][0m
[ladrc_position_controller_node-1] [0m[INFO] [1788509431.098904218] [uav9.ladrc_position_controller]: UAV9 mode=ladrc_acceleration Ref[-4.1,34.7,16.3] Safe[-4.1,34.7,16.3] Pos[-21.93,79.47,13.05] Cmd[5.0,-5.0,8.0][0m
[ladrc_position_controller_node-4] [0m[INFO] [1788509431.130152379] [uav12.ladrc_position_controller]: UAV12 mode=ladrc_acceleration Ref[-1.8,-9.5,-0.2] Safe[-1.8,-9.5,-0.2] Pos[-1.74,-9.55,1.06] Cmd[-5.0,5.0,-8.0][0m
[ladrc_position_controller_node-3] [0m[INFO] [1788509431.507617717] [uav11.ladrc_position_controller]: UAV11 mode=ladrc_acceleration Ref[-0.0,-0.0,-0.8] Safe[-0.0,-0.0,-0.8] Pos[0.01,0.02,1.13] Cmd[-5.0,-5.0,-8.0][0m
[ladrc_position_controller_node-2] [0m[INFO] [1788509432.060398131] [uav10.ladrc_position_controller]: UAV10 mode=ladrc_acceleration Ref[2.0,-1.8,28.8] Safe[2.0,-1.8,28.8] Pos[-1.63,16.81,55.83] Cmd[5.0,-5.0,-8.0][0m
[ladrc_position_controller_node-1] [0m[INFO] [1788509432.119022688] [uav9.ladrc_position_controller]: UAV9 mode=ladrc_acceleration Ref[-4.1,34.7,16.3] Safe[-4.1,34.7,16.3] Pos[-21.93,79.48,13.06] Cmd[5.0,-5.0,8.0][0m
[ladrc_position_controller_node-4] [0m[INFO] [1788509432.150146216] [uav12.ladrc_position_controller]: UAV12 mode=ladrc_acceleration Ref[-1.8,-9.5,-0.2] Safe[-1.8,-9.5,-0.2] Pos[-1.74,-9.54,1.10] Cmd[-5.0,4.9,-8.0][0m
[ladrc_position_controller_node-3] [0m[INFO] [1788509432.527602796] [uav11.ladrc_position_controller]: UAV11 mode=ladrc_acceleration Ref[-0.0,-0.0,-0.8] Safe[-0.0,-0.0,-0.8] Pos[0.01,0.03,1.13] Cmd[-5.0,-5.0,-8.0][0m
[ladrc_position_controller_node-2] [0m[INFO] [1788509433.080387767] [uav10.ladrc_position_controller]: UAV10 mode=ladrc_acceleration Ref[2.0,-1.8,28.8] Safe[2.0,-1.8,28.8] Pos[-1.63,16.80,55.83] Cmd[5.0,-5.0,-8.0][0m
[ladrc_position_controller_node-1] [0m[INFO] [1788509433.138910263] [uav9.ladrc_position_controller]: UAV9 mode=ladrc_acceleration Ref[-4.1,34.7,16.3] Safe[-4.1,34.7,16.3] Pos[-21.93,79.49,13.06] Cmd[5.0,-5.0,8.0][0m
[ladrc_position_controller_node-4] [0m[INFO] [1788509433.150147991] [uav12.ladrc_position_controller]: UAV12 mode=ladrc_acceleration Ref[-1.8,-9.5,-0.2] Safe[-1.8,-9.5,-0.2] Pos[-1.74,-9.53,1.11] Cmd[-5.0,5.0,-8.0][0m
[ladrc_position_controller_node-3] [0m[INFO] [1788509433.547592992] [uav11.ladrc_position_controller]: UAV11 mode=ladrc_acceleration Ref[-0.0,-0.0,-0.8] Safe[-0.0,-0.0,-0.8] Pos[0.02,0.03,1.12] Cmd[-5.0,-5.0,-8.0][0m
[ladrc_position_controller_node-2] [0m[INFO] [1788509434.100405102] [uav10.ladrc_position_controller]: UAV10 mode=ladrc_acceleration Ref[2.0,-1.8,28.8] Safe[2.0,-1.8,28.8] Pos[-1.64,16.81,55.82] Cmd[5.0,-5.0,-8.0][0m
[ladrc_position_controller_node-1] [0m[INFO] [1788509434.158867505] [uav9.ladrc_position_controller]: UAV9 mode=ladrc_acceleration Ref[-4.1,34.7,16.3] Safe[-4.1,34.7,16.3] Pos[-21.93,79.49,13.06] Cmd[5.0,-5.0,8.0][0m
[ladrc_position_controller_node-4] [0m[INFO] [1788509434.170153794] [uav12.ladrc_position_controller]: UAV12 mode=ladrc_acceleration Ref[-1.8,-9.5,-0.2] Safe[-1.8,-9.5,-0.2] Pos[-1.73,-9.54,1.13] Cmd[-5.0,5.0,-8.0][0m
[ladrc_position_controller_node-3] [0m[INFO] [1788509434.567569679] [uav11.ladrc_position_controller]: UAV11 mode=ladrc_acceleration Ref[-0.0,-0.0,-0.8] Safe[-0.0,-0.0,-0.8] Pos[0.02,0.02,1.09] Cmd[-5.0,-5.0,-8.0][0m
[ladrc_position_controller_node-2] [0m[INFO] [1788509435.100482252] [uav10.ladrc_position_controller]: UAV10 mode=ladrc_acceleration Ref[2.0,-1.8,28.8] Safe[2.0,-1.8,28.8] Pos[-1.64,16.80,55.82] Cmd[5.0,-5.0,-8.0][0m
[ladrc_position_controller_node-1] [0m[INFO] [1788509435.178805198] [uav9.ladrc_position_controller]: UAV9 mode=ladrc_acceleration Ref[-4.1,34.7,16.3] Safe[-4.1,34.7,16.3] Pos[-21.93,79.48,13.07] Cmd[5.0,-5.0,8.0][0m
[ladrc_position_controller_node-4] [0m[INFO] [1788509435.190145488] [uav12.ladrc_position_controller]: UAV12 mode=ladrc_acceleration Ref[-1.8,-9.5,-0.2] Safe[-1.8,-9.5,-0.2] Pos[-1.74,-9.55,1.14] Cmd[-5.0,5.0,-8.0][0m
[ladrc_position_controller_node-3] [0m[INFO] [1788509435.587508383] [uav11.ladrc_position_controller]: UAV11 mode=ladrc_acceleration Ref[-0.0,-0.0,-0.8] Safe[-0.0,-0.0,-0.8] Pos[0.02,0.02,1.07] Cmd[-5.0,-5.0,-8.0][0m
[ladrc_position_controller_node-2] [0m[INFO] [1788509436.120406718] [uav10.ladrc_position_controller]: UAV10 mode=ladrc_acceleration Ref[2.0,-1.8,28.8] Safe[2.0,-1.8,28.8] Pos[-1.64,16.80,55.82] Cmd[5.0,-5.0,-8.0][0m
[ladrc_position_controller_node-1] [0m[INFO] [1788509436.178868780] [uav9.ladrc_position_controller]: UAV9 mode=ladrc_acceleration Ref[-4.1,34.7,16.3] Safe[-4.1,34.7,16.3] Pos[-21.93,79.48,13.09] Cmd[5.0,-5.0,8.0][0m
[ladrc_position_controller_node-4] [0m[INFO] [1788509436.210152387] [uav12.ladrc_position_controller]: UAV12 mode=ladrc_acceleration Ref[-1.8,-9.5,-0.2] Safe[-1.8,-9.5,-0.2] Pos[-1.74,-9.56,1.13] Cmd[-5.0,5.0,-8.0][0m
[ladrc_position_controller_node-3] [0m[INFO] [1788509436.587562937] [uav11.ladrc_position_controller]: UAV11 mode=ladrc_acceleration Ref[-0.0,-0.0,-0.8] Safe[-0.0,-0.0,-0.8] Pos[0.01,0.03,1.03] Cmd[-5.0,-5.0,-8.0][0m
[ladrc_position_controller_node-2] [0m[INFO] [1788509437.140410609] [uav10.ladrc_position_controller]: UAV10 mode=ladrc_acceleration Ref[2.0,-1.8,28.8] Safe[2.0,-1.8,28.8] Pos[-1.64,16.80,55.83] Cmd[5.0,-5.0,-8.0][0m
[ladrc_position_controller_node-1] [0m[INFO] [1788509437.198849458] [uav9.ladrc_position_controller]: UAV9 mode=ladrc_acceleration Ref[-4.1,34.7,16.3] Safe[-4.1,34.7,16.3] Pos[-21.93,79.48,13.11] Cmd[5.0,-5.0,8.0][0m
[ladrc_position_controller_node-4] [0m[INFO] [1788509437.230096727] [uav12.ladrc_position_controller]: UAV12 mode=ladrc_acceleration Ref[-1.8,-9.5,-0.2] Safe[-1.8,-9.5,-0.2] Pos[-1.74,-9.55,1.14] Cmd[-5.0,5.0,-8.0][0m
[ladrc_position_controller_node-3] [0m[INFO] [1788509437.607498028] [uav11.ladrc_position_controller]: UAV11 mode=ladrc_acceleration Ref[-0.0,-0.0,-0.8] Safe[-0.0,-0.0,-0.8] Pos[0.00,0.02,1.03] Cmd[-5.0,-5.0,-8.0][0m
[ladrc_position_controller_node-2] [0m[INFO] [1788509438.160345218] [uav10.ladrc_position_controller]: UAV10 mode=ladrc_acceleration Ref[2.0,-1.8,28.8] Safe[2.0,-1.8,28.8] Pos[-1.64,16.80,55.83] Cmd[5.0,-5.0,-8.0][0m
[ladrc_position_controller_node-1] [0m[INFO] [1788509438.198863101] [uav9.ladrc_position_controller]: UAV9 mode=ladrc_acceleration Ref[-4.1,34.7,16.3] Safe[-4.1,34.7,16.3] Pos[-21.93,79.48,13.11] Cmd[5.0,-5.0,8.0][0m
[ladrc_position_controller_node-4] [0m[INFO] [1788509438.230163559] [uav12.ladrc_position_controller]: UAV12 mode=ladrc_acceleration Ref[-1.8,-9.5,-0.2] Safe[-1.8,-9.5,-0.2] Pos[-1.75,-9.55,1.12] Cmd[-5.0,5.0,-8.0][0m
[ladrc_position_controller_node-3] [0m[INFO] [1788509438.627525239] [uav11.ladrc_position_controller]: UAV11 mode=ladrc_acceleration Ref[-0.0,-0.0,-0.8] Safe[-0.0,-0.0,-0.8] Pos[0.00,0.02,1.00] Cmd[-5.0,-5.0,-8.0][0m
[ladrc_position_controller_node-2] [0m[INFO] [1788509439.160349601] [uav10.ladrc_position_controller]: UAV10 mode=ladrc_acceleration Ref[2.0,-1.8,28.8] Safe[2.0,-1.8,28.8] Pos[-1.64,16.80,55.85] Cmd[5.0,-5.0,-8.0][0m
[ladrc_position_controller_node-1] [0m[INFO] [1788509439.218894638] [uav9.ladrc_position_controller]: UAV9 mode=ladrc_acceleration Ref[-4.1,34.7,16.3] Safe[-4.1,34.7,16.3] Pos[-21.94,79.47,13.12] Cmd[5.0,-5.0,8.0][0m
[ladrc_position_controller_node-4] [0m[INFO] [1788509439.250089469] [uav12.ladrc_position_controller]: UAV12 mode=ladrc_acceleration Ref[-1.8,-9.5,-0.2] Safe[-1.8,-9.5,-0.2] Pos[-1.74,-9.53,1.13] Cmd[-5.0,4.9,-8.0][0m
[ladrc_position_controller_node-3] [0m[INFO] [1788509439.647491903] [uav11.ladrc_position_controller]: UAV11 mode=ladrc_acceleration Ref[-0.0,-0.0,-0.8] Safe[-0.0,-0.0,-0.8] Pos[-0.00,0.02,0.99] Cmd[-5.0,-5.0,-8.0][0m
[ladrc_position_controller_node-2] [0m[INFO] [1788509440.180354014] [uav10.ladrc_position_controller]: UAV10 mode=ladrc_acceleration Ref[2.0,-1.8,28.8] Safe[2.0,-1.8,28.8] Pos[-1.64,16.80,55.85] Cmd[5.0,-5.0,-8.0][0m
[ladrc_position_controller_node-1] [0m[INFO] [1788509440.238870618] [uav9.ladrc_position_controller]: UAV9 mode=ladrc_acceleration Ref[-4.1,34.7,16.3] Safe[-4.1,34.7,16.3] Pos[-21.94,79.47,13.10] Cmd[5.0,-5.0,8.0][0m
[ladrc_position_controller_node-4] [0m[INFO] [1788509440.250132181] [uav12.ladrc_position_controller]: UAV12 mode=ladrc_acceleration Ref[-1.8,-9.5,-0.2] Safe[-1.8,-9.5,-0.2] Pos[-1.74,-9.52,1.11] Cmd[-5.0,4.9,-8.0][0m
[ladrc_position_controller_node-3] [0m[INFO] [1788509440.667469716] [uav11.ladrc_position_controller]: UAV11 mode=ladrc_acceleration Ref[-0.0,-0.0,-0.8] Safe[-0.0,-0.0,-0.8] Pos[-0.01,0.02,0.96] Cmd[-5.0,-5.0,-8.0][0m
[ladrc_position_controller_node-2] [0m[INFO] [1788509441.200309083] [uav10.ladrc_position_controller]: UAV10 mode=ladrc_acceleration Ref[2.0,-1.8,28.8] Safe[2.0,-1.8,28.8] Pos[-1.64,16.80,55.86] Cmd[5.0,-5.0,-8.0][0m
[ladrc_position_controller_node-4] [0m[INFO] [1788509441.250177996] [uav12.ladrc_position_controller]: UAV12 mode=ladrc_acceleration Ref[-1.8,-9.5,-0.2] Safe[-1.8,-9.5,-0.2] Pos[-1.75,-9.52,1.10] Cmd[-5.0,4.9,-8.0][0m
[ladrc_position_controller_node-1] [0m[INFO] [1788509441.258818944] [uav9.ladrc_position_controller]: UAV9 mode=ladrc_acceleration Ref[-4.1,34.7,16.3] Safe[-4.1,34.7,16.3] Pos[-21.94,79.47,13.12] Cmd[5.0,-5.0,8.0][0m
[ladrc_position_controller_node-3] [0m[INFO] [1788509441.667499349] [uav11.ladrc_position_controller]: UAV11 mode=ladrc_acceleration Ref[-0.0,-0.0,-0.8] Safe[-0.0,-0.0,-0.8] Pos[-0.01,0.03,0.97] Cmd[-4.9,-5.0,-8.0][0m
[ladrc_position_controller_node-2] [0m[INFO] [1788509442.200339086] [uav10.ladrc_position_controller]: UAV10 mode=ladrc_acceleration Ref[2.0,-1.8,28.8] Safe[2.0,-1.8,28.8] Pos[-1.64,16.81,55.87] Cmd[5.0,-5.0,-8.0][0m
[ladrc_position_controller_node-1] [0m[INFO] [1788509442.258866319] [uav9.ladrc_position_controller]: UAV9 mode=ladrc_acceleration Ref[-4.1,34.7,16.3] Safe[-4.1,34.7,16.3] Pos[-21.94,79.47,13.10] Cmd[5.0,-5.0,8.0][0m
[ladrc_position_controller_node-4] [0m[INFO] [1788509442.270282942] [uav12.ladrc_position_controller]: UAV12 mode=ladrc_acceleration Ref[-1.8,-9.5,-0.2] Safe[-1.8,-9.5,-0.2] Pos[-1.74,-9.53,1.07] Cmd[-5.0,4.9,-8.0][0m
[ladrc_position_controller_node-3] [0m[INFO] [1788509442.687491614] [uav11.ladrc_position_controller]: UAV11 mode=ladrc_acceleration Ref[-0.0,-0.0,-0.8] Safe[-0.0,-0.0,-0.8] Pos[-0.02,0.03,0.96] Cmd[-4.9,-5.0,-8.0][0m
[ladrc_position_controller_node-2] [0m[INFO] [1788509443.200343638] [uav10.ladrc_position_controller]: UAV10 mode=ladrc_acceleration Ref[2.0,-1.8,28.8] Safe[2.0,-1.8,28.8] Pos[-1.66,16.81,55.89] Cmd[5.0,-5.0,-8.0][0m
[ladrc_position_controller_node-1] [0m[INFO] [1788509443.258888775] [uav9.ladrc_position_controller]: UAV9 mode=ladrc_acceleration Ref[-4.1,34.7,16.3] Safe[-4.1,34.7,16.3] Pos[-21.94,79.47,13.11] Cmd[5.0,-5.0,8.0][0m
[ladrc_position_controller_node-4] [0m[INFO] [1788509443.290206035] [uav12.ladrc_position_controller]: UAV12 mode=ladrc_acceleration Ref[-1.8,-9.5,-0.2] Safe[-1.8,-9.5,-0.2] Pos[-1.75,-9.53,1.05] Cmd[-5.0,4.8,-8.0][0m
[ladrc_position_controller_node-3] [0m[INFO] [1788509443.687522263] [uav11.ladrc_position_controller]: UAV11 mode=ladrc_acceleration Ref[-0.0,-0.0,-0.8] Safe[-0.0,-0.0,-0.8] Pos[-0.02,0.04,0.97] Cmd[-4.8,-5.0,-8.0][0m
[ladrc_position_controller_node-2] [0m[INFO] [1788509444.200359559] [uav10.ladrc_position_controller]: UAV10 mode=ladrc_acceleration Ref[2.0,-1.8,28.8] Safe[2.0,-1.8,28.8] Pos[-1.66,16.80,55.91] Cmd[5.0,-5.0,-8.0][0m
[ladrc_position_controller_node-1] [0m[INFO] [1788509444.278810553] [uav9.ladrc_position_controller]: UAV9 mode=ladrc_acceleration Ref[-4.1,34.7,16.3] Safe[-4.1,34.7,16.3] Pos[-21.94,79.48,13.10] Cmd[5.0,-5.0,8.0][0m
[ladrc_position_controller_node-4] [0m[INFO] [1788509444.310125257] [uav12.ladrc_position_controller]: UAV12 mode=ladrc_acceleration Ref[-1.8,-9.5,-0.2] Safe[-1.8,-9.5,-0.2] Pos[-1.76,-9.53,1.02] Cmd[-5.0,4.9,-8.0][0m
[ladrc_position_controller_node-3] [0m[INFO] [1788509444.687522344] [uav11.ladrc_position_controller]: UAV11 mode=ladrc_acceleration Ref[-0.0,-0.0,-0.8] Safe[-0.0,-0.0,-0.8] Pos[-0.02,0.04,0.97] Cmd[-4.8,-5.0,-8.0][0m
[ladrc_position_controller_node-2] [0m[INFO] [1788509445.220355463] [uav10.ladrc_position_controller]: UAV10 mode=ladrc_acceleration Ref[2.0,-1.8,28.8] Safe[2.0,-1.8,28.8] Pos[-1.65,16.80,55.91] Cmd[5.0,-5.0,-8.0][0m
[ladrc_position_controller_node-1] [0m[INFO] [1788509445.278885702] [uav9.ladrc_position_controller]: UAV9 mode=ladrc_acceleration Ref[-4.1,34.7,16.3] Safe[-4.1,34.7,16.3] Pos[-21.94,79.48,13.13] Cmd[5.0,-5.0,8.0][0m
[ladrc_position_controller_node-4] [0m[INFO] [1788509445.330108487] [uav12.ladrc_position_controller]: UAV12 mode=ladrc_acceleration Ref[-1.8,-9.5,-0.2] Safe[-1.8,-9.5,-0.2] Pos[-1.75,-9.54,1.01] Cmd[-5.0,4.9,-8.0][0m
[ladrc_position_controller_node-3] [0m[INFO] [1788509445.707516984] [uav11.ladrc_position_controller]: UAV11 mode=ladrc_acceleration Ref[-0.0,-0.0,-0.8] Safe[-0.0,-0.0,-0.8] Pos[-0.02,0.03,0.98] Cmd[-4.8,-5.0,-8.0][0m
[ladrc_position_controller_node-2] [0m[INFO] [1788509446.240351745] [uav10.ladrc_position_controller]: UAV10 mode=ladrc_acceleration Ref[2.0,-1.8,28.8] Safe[2.0,-1.8,28.8] Pos[-1.65,16.79,55.91] Cmd[5.0,-5.0,-8.0][0m
[ladrc_position_controller_node-1] [0m[INFO] [1788509446.278924570] [uav9.ladrc_position_controller]: UAV9 mode=ladrc_acceleration Ref[-4.1,34.7,16.3] Safe[-4.1,34.7,16.3] Pos[-21.94,79.49,13.13] Cmd[5.0,-5.0,8.0][0m
[ladrc_position_controller_node-4] [0m[INFO] [1788509446.330194133] [uav12.ladrc_position_controller]: UAV12 mode=ladrc_acceleration Ref[-1.8,-9.5,-0.2] Safe[-1.8,-9.5,-0.2] Pos[-1.76,-9.55,0.98] Cmd[-5.0,4.9,-8.0][0m
[ladrc_position_controller_node-3] [0m[INFO] [1788509446.727563338] [uav11.ladrc_position_controller]: UAV11 mode=ladrc_acceleration Ref[-0.0,-0.0,-0.8] Safe[-0.0,-0.0,-0.8] Pos[-0.02,0.03,0.99] Cmd[-4.8,-5.0,-8.0][0m
[ladrc_position_controller_node-2] [0m[INFO] [1788509447.260373652] [uav10.ladrc_position_controller]: UAV10 mode=ladrc_acceleration Ref[2.0,-1.8,28.8] Safe[2.0,-1.8,28.8] Pos[-1.65,16.78,55.89] Cmd[5.0,-5.0,-8.0][0m
[ladrc_position_controller_node-1] [0m[INFO] [1788509447.298825240] [uav9.ladrc_position_controller]: UAV9 mode=ladrc_acceleration Ref[-4.1,34.7,16.3] Safe[-4.1,34.7,16.3] Pos[-21.93,79.48,13.15] Cmd[5.0,-5.0,8.0][0m
[ladrc_position_controller_node-4] [0m[INFO] [1788509447.350114710] [uav12.ladrc_position_controller]: UAV12 mode=ladrc_acceleration Ref[-1.8,-9.5,-0.2] Safe[-1.8,-9.5,-0.2] Pos[-1.77,-9.56,0.97] Cmd[-5.0,5.0,-8.0][0m
[ladrc_position_controller_node-3] [0m[INFO] [1788509447.747533546] [uav11.ladrc_position_controller]: UAV11 mode=ladrc_acceleration Ref[-0.0,-0.0,-0.8] Safe[-0.0,-0.0,-0.8] Pos[-0.01,0.03,0.99] Cmd[-4.8,-5.0,-8.0][0m
[ladrc_position_controller_node-2] [0m[INFO] [1788509448.280306980] [uav10.ladrc_position_controller]: UAV10 mode=ladrc_acceleration Ref[2.0,-1.8,28.8] Safe[2.0,-1.8,28.8] Pos[-1.64,16.77,55.89] Cmd[5.0,-5.0,-8.0][0m
[ladrc_position_controller_node-1] [0m[INFO] [1788509448.318796248] [uav9.ladrc_position_controller]: UAV9 mode=ladrc_acceleration Ref[-4.1,34.7,16.3] Safe[-4.1,34.7,16.3] Pos[-21.92,79.48,13.16] Cmd[5.0,-5.0,8.0][0m
[ladrc_position_controller_node-4] [0m[INFO] [1788509448.370109743] [uav12.ladrc_position_controller]: UAV12 mode=ladrc_acceleration Ref[-1.8,-9.5,-0.2] Safe[-1.8,-9.5,-0.2] Pos[-1.77,-9.57,0.95] Cmd[-5.0,5.0,-8.0][0m
[ladrc_position_controller_node-3] [0m[INFO] [1788509448.767518139] [uav11.ladrc_position_controller]: UAV11 mode=ladrc_acceleration Ref[-0.0,-0.0,-0.8] Safe[-0.0,-0.0,-0.8] Pos[-0.01,0.03,1.00] Cmd[-4.8,-5.0,-8.0][0m
[ladrc_position_controller_node-2] [0m[INFO] [1788509449.280351931] [uav10.ladrc_position_controller]: UAV10 mode=ladrc_acceleration Ref[2.0,-1.8,28.8] Safe[2.0,-1.8,28.8] Pos[-1.64,16.77,55.89] Cmd[5.0,-5.0,-8.0][0m
[ladrc_position_controller_node-1] [0m[INFO] [1788509449.318836090] [uav9.ladrc_position_controller]: UAV9 mode=ladrc_acceleration Ref[-4.1,34.7,16.3] Safe[-4.1,34.7,16.3] Pos[-21.91,79.49,13.17] Cmd[5.0,-5.0,8.0][0m
[ladrc_position_controller_node-4] [0m[INFO] [1788509449.390104994] [uav12.ladrc_position_controller]: UAV12 mode=ladrc_acceleration Ref[-1.8,-9.5,-0.2] Safe[-1.8,-9.5,-0.2] Pos[-1.78,-9.57,0.95] Cmd[-5.0,5.0,-8.0][0m
[ladrc_position_controller_node-3] [0m[INFO] [1788509449.787530060] [uav11.ladrc_position_controller]: UAV11 mode=ladrc_acceleration Ref[-0.0,-0.0,-0.8] Safe[-0.0,-0.0,-0.8] Pos[-0.01,0.03,1.00] Cmd[-4.8,-5.0,-8.0][0m
[ladrc_position_controller_node-2] [0m[INFO] [1788509450.280391480] [uav10.ladrc_position_controller]: UAV10 mode=ladrc_acceleration Ref[2.0,-1.8,28.8] Safe[2.0,-1.8,28.8] Pos[-1.64,16.78,55.89] Cmd[5.0,-5.0,-8.0][0m
[ladrc_position_controller_node-1] [0m[INFO] [1788509450.338819487] [uav9.ladrc_position_controller]: UAV9 mode=ladrc_acceleration Ref[-4.1,34.7,16.3] Safe[-4.1,34.7,16.3] Pos[-21.90,79.49,13.17] Cmd[5.0,-5.0,8.0][0m
[ladrc_position_controller_node-4] [0m[INFO] [1788509450.410072240] [uav12.ladrc_position_controller]: UAV12 mode=ladrc_acceleration Ref[-1.8,-9.5,-0.2] Safe[-1.8,-9.5,-0.2] Pos[-1.80,-9.57,0.96] Cmd[-5.0,5.0,-8.0][0m
[ladrc_position_controller_node-3] [0m[INFO] [1788509450.807471226] [uav11.ladrc_position_controller]: UAV11 mode=ladrc_acceleration Ref[-0.0,-0.0,-0.8] Safe[-0.0,-0.0,-0.8] Pos[-0.01,0.04,1.03] Cmd[-4.7,-5.0,-8.0][0m
[ladrc_position_controller_node-2] [0m[INFO] [1788509451.280393466] [uav10.ladrc_position_controller]: UAV10 mode=ladrc_acceleration Ref[2.0,-1.8,28.8] Safe[2.0,-1.8,28.8] Pos[-1.64,16.78,55.90] Cmd[5.0,-5.0,-8.0][0m
[ladrc_position_controller_node-1] [0m[INFO] [1788509451.358812819] [uav9.ladrc_position_controller]: UAV9 mode=ladrc_acceleration Ref[-4.1,34.7,16.3] Safe[-4.1,34.7,16.3] Pos[-21.88,79.49,13.17] Cmd[5.0,-5.0,8.0][0m
[ladrc_position_controller_node-4] [0m[INFO] [1788509451.410085096] [uav12.ladrc_position_controller]: UAV12 mode=ladrc_acceleration Ref[-1.8,-9.5,-0.2] Safe[-1.8,-9.5,-0.2] Pos[-1.79,-9.57,0.96] Cmd[-5.0,5.0,-8.0][0m
[ladrc_position_controller_node-3] [0m[INFO] [1788509451.807523926] [uav11.ladrc_position_controller]: UAV11 mode=ladrc_acceleration Ref[-0.0,-0.0,-0.8] Safe[-0.0,-0.0,-0.8] Pos[-0.01,0.04,1.03] Cmd[-4.8,-5.0,-8.0][0m
[ladrc_position_controller_node-2] [0m[INFO] [1788509452.300360496] [uav10.ladrc_position_controller]: UAV10 mode=ladrc_acceleration Ref[2.0,-1.8,28.8] Safe[2.0,-1.8,28.8] Pos[-1.64,16.78,55.91] Cmd[5.0,-5.0,-8.0][0m
[ladrc_position_controller_node-1] [0m[INFO] [1788509452.358828457] [uav9.ladrc_position_controller]: UAV9 mode=ladrc_acceleration Ref[-4.1,34.7,16.3] Safe[-4.1,34.7,16.3] Pos[-21.87,79.50,13.15] Cmd[5.0,-5.0,8.0][0m
[ladrc_position_controller_node-4] [0m[INFO] [1788509452.410104391] [uav12.ladrc_position_controller]: UAV12 mode=ladrc_acceleration Ref[-1.8,-9.5,-0.2] Safe[-1.8,-9.5,-0.2] Pos[-1.79,-9.57,0.98] Cmd[-5.0,5.0,-8.0][0m
[ladrc_position_controller_node-3] [0m[INFO] [1788509452.807542669] [uav11.ladrc_position_controller]: UAV11 mode=ladrc_acceleration Ref[-0.0,-0.0,-0.8] Safe[-0.0,-0.0,-0.8] Pos[-0.01,0.04,1.05] Cmd[-4.7,-5.0,-8.0][0m
[ladrc_position_controller_node-2] [0m[INFO] [1788509453.320290264] [uav10.ladrc_position_controller]: UAV10 mode=ladrc_acceleration Ref[2.0,-1.8,28.8] Safe[2.0,-1.8,28.8] Pos[-1.65,16.77,55.91] Cmd[5.0,-5.0,-8.0][0m
[ladrc_position_controller_node-1] [0m[INFO] [1788509453.378799352] [uav9.ladrc_position_controller]: UAV9 mode=ladrc_acceleration Ref[-4.1,34.7,16.3] Safe[-4.1,34.7,16.3] Pos[-21.85,79.51,13.14] Cmd[5.0,-5.0,8.0][0m
[ladrc_position_controller_node-4] [0m[INFO] [1788509453.410140345] [uav12.ladrc_position_controller]: UAV12 mode=ladrc_acceleration Ref[-1.8,-9.5,-0.2] Safe[-1.8,-9.5,-0.2] Pos[-1.79,-9.56,0.98] Cmd[-5.0,5.0,-8.0][0m
[ladrc_position_controller_node-3] [0m[INFO] [1788509453.827465352] [uav11.ladrc_position_controller]: UAV11 mode=ladrc_acceleration Ref[-0.0,-0.0,-0.8] Safe[-0.0,-0.0,-0.8] Pos[-0.02,0.04,1.04] Cmd[-4.7,-5.0,-8.0][0m
[ladrc_position_controller_node-2] [0m[INFO] [1788509454.340288167] [uav10.ladrc_position_controller]: UAV10 mode=ladrc_acceleration Ref[2.0,-1.8,28.8] Safe[2.0,-1.8,28.8] Pos[-1.65,16.77,55.94] Cmd[5.0,-5.0,-8.0][0m
[ladrc_position_controller_node-1] [0m[INFO] [1788509454.378800257] [uav9.ladrc_position_controller]: UAV9 mode=ladrc_acceleration Ref[-4.1,34.7,16.3] Safe[-4.1,34.7,16.3] Pos[-21.87,79.53,13.12] Cmd[5.0,-5.0,8.0][0m
[ladrc_position_controller_node-4] [0m[INFO] [1788509454.430067184] [uav12.ladrc_position_controller]: UAV12 mode=ladrc_acceleration Ref[-1.8,-9.5,-0.2] Safe[-1.8,-9.5,-0.2] Pos[-1.79,-9.57,0.99] Cmd[-5.0,5.0,-8.0][0m
[ladrc_position_controller_node-3] [0m[INFO] [1788509454.847499731] [uav11.ladrc_position_controller]: UAV11 mode=ladrc_acceleration Ref[-0.0,-0.0,-0.8] Safe[-0.0,-0.0,-0.8] Pos[-0.03,0.05,1.04] Cmd[-4.6,-5.0,-8.0][0m
[ladrc_position_controller_node-2] [0m[INFO] [1788509455.340292697] [uav10.ladrc_position_controller]: UAV10 mode=ladrc_acceleration Ref[2.0,-1.8,28.8] Safe[2.0,-1.8,28.8] Pos[-1.64,16.79,55.95] Cmd[5.0,-5.0,-8.0][0m
[ladrc_position_controller_node-1] [0m[INFO] [1788509455.398744867] [uav9.ladrc_position_controller]: UAV9 mode=ladrc_acceleration Ref[-4.1,34.7,16.3] Safe[-4.1,34.7,16.3] Pos[-21.88,79.55,13.09] Cmd[5.0,-5.0,8.0][0m
[ladrc_position_controller_node-4] [0m[INFO] [1788509455.430085850] [uav12.ladrc_position_controller]: UAV12 mode=ladrc_acceleration Ref[-1.8,-9.5,-0.2] Safe[-1.8,-9.5,-0.2] Pos[-1.78,-9.57,0.98] Cmd[-5.0,5.0,-8.0][0m
[ladrc_position_controller_node-3] [0m[INFO] [1788509455.867473044] [uav11.ladrc_position_controller]: UAV11 mode=ladrc_acceleration Ref[-0.0,-0.0,-0.8] Safe[-0.0,-0.0,-0.8] Pos[-0.01,0.05,1.02] Cmd[-4.7,-5.0,-8.0][0m
[ladrc_position_controller_node-2] [0m[INFO] [1788509456.340293717] [uav10.ladrc_position_controller]: UAV10 mode=ladrc_acceleration Ref[2.0,-1.8,28.8] Safe[2.0,-1.8,28.8] Pos[-1.63,16.80,55.97] Cmd[5.0,-5.0,-8.0][0m
[ladrc_position_controller_node-1] [0m[INFO] [1788509456.398798827] [uav9.ladrc_position_controller]: UAV9 mode=ladrc_acceleration Ref[-4.1,34.7,16.3] Safe[-4.1,34.7,16.3] Pos[-21.89,79.55,13.07] Cmd[5.0,-5.0,8.0][0m
[ladrc_position_controller_node-4] [0m[INFO] [1788509456.450100358] [uav12.ladrc_position_controller]: UAV12 mode=ladrc_acceleration Ref[-1.8,-9.5,-0.2] Safe[-1.8,-9.5,-0.2] Pos[-1.78,-9.56,1.00] Cmd[-5.0,5.0,-8.0][0m
[ladrc_position_controller_node-3] [0m[INFO] [1788509456.867478892] [uav11.ladrc_position_controller]: UAV11 mode=ladrc_acceleration Ref[-0.0,-0.0,-0.8] Safe[-0.0,-0.0,-0.8] Pos[-0.02,0.05,1.03] Cmd[-4.6,-5.0,-8.0][0m
[ladrc_position_controller_node-2] [0m[INFO] [1788509457.360265362] [uav10.ladrc_position_controller]: UAV10 mode=ladrc_acceleration Ref[2.0,-1.8,28.8] Safe[2.0,-1.8,28.8] Pos[-1.63,16.81,55.97] Cmd[5.0,-5.0,-8.0][0m
[ladrc_position_controller_node-1] [0m[INFO] [1788509457.398811176] [uav9.ladrc_position_controller]: UAV9 mode=ladrc_acceleration Ref[-4.1,34.7,16.3] Safe[-4.1,34.7,16.3] Pos[-21.91,79.55,13.05] Cmd[5.0,-5.0,8.0][0m
[ladrc_position_controller_node-4] [0m[INFO] [1788509457.470121966] [uav12.ladrc_position_controller]: UAV12 mode=ladrc_acceleration Ref[-1.8,-9.5,-0.2] Safe[-1.8,-9.5,-0.2] Pos[-1.79,-9.56,1.00] Cmd[-5.0,5.0,-8.0][0m
[ladrc_position_controller_node-3] [0m[INFO] [1788509457.887510498] [uav11.ladrc_position_controller]: UAV11 mode=ladrc_acceleration Ref[-0.0,-0.0,-0.8] Safe[-0.0,-0.0,-0.8] Pos[-0.01,0.04,1.02] Cmd[-4.7,-5.0,-8.0][0m
[ladrc_position_controller_node-2] [0m[INFO] [1788509458.360273691] [uav10.ladrc_position_controller]: UAV10 mode=ladrc_acceleration Ref[2.0,-1.8,28.8] Safe[2.0,-1.8,28.8] Pos[-1.63,16.83,55.97] Cmd[5.0,-5.0,-8.0][0m
[ladrc_position_controller_node-1] [0m[INFO] [1788509458.398853558] [uav9.ladrc_position_controller]: UAV9 mode=ladrc_acceleration Ref[-4.1,34.7,16.3] Safe[-4.1,34.7,16.3] Pos[-21.92,79.55,13.05] Cmd[5.0,-5.0,8.0][0m
[ladrc_position_controller_node-4] [0m[INFO] [1788509458.490096334] [uav12.ladrc_position_controller]: UAV12 mode=ladrc_acceleration Ref[-1.8,-9.5,-0.2] Safe[-1.8,-9.5,-0.2] Pos[-1.79,-9.56,1.04] Cmd[-5.0,5.0,-8.0][0m
[ladrc_position_controller_node-3] [0m[INFO] [1788509458.907477140] [uav11.ladrc_position_controller]: UAV11 mode=ladrc_acceleration Ref[-0.0,-0.0,-0.8] Safe[-0.0,-0.0,-0.8] Pos[-0.01,0.05,1.04] Cmd[-4.6,-5.0,-8.0][0m
[ladrc_position_controller_node-2] [0m[INFO] [1788509459.360281627] [uav10.ladrc_position_controller]: UAV10 mode=ladrc_acceleration Ref[2.0,-1.8,28.8] Safe[2.0,-1.8,28.8] Pos[-1.62,16.84,55.95] Cmd[5.0,-5.0,-8.0][0m
[ladrc_position_controller_node-1] [0m[INFO] [1788509459.418809378] [uav9.ladrc_position_controller]: UAV9 mode=ladrc_acceleration Ref[-4.1,34.7,16.3] Safe[-4.1,34.7,16.3] Pos[-21.92,79.55,13.05] Cmd[5.0,-5.0,8.0][0m
[ladrc_position_controller_node-4] [0m[INFO] [1788509459.490108306] [uav12.ladrc_position_controller]: UAV12 mode=ladrc_acceleration Ref[-1.8,-9.5,-0.2] Safe[-1.8,-9.5,-0.2] Pos[-1.79,-9.55,1.03] Cmd[-5.0,5.0,-8.0][0m
[ladrc_position_controller_node-3] [0m[INFO] [1788509459.907478371] [uav11.ladrc_position_controller]: UAV11 mode=ladrc_acceleration Ref[-0.0,-0.0,-0.8] Safe[-0.0,-0.0,-0.8] Pos[-0.01,0.04,1.05] Cmd[-4.6,-5.0,-8.0][0m
[ladrc_position_controller_node-2] [0m[INFO] [1788509460.380271017] [uav10.ladrc_position_controller]: UAV10 mode=ladrc_acceleration Ref[2.0,-1.8,28.8] Safe[2.0,-1.8,28.8] Pos[-1.61,16.86,55.96] Cmd[5.0,-5.0,-8.0][0m
[ladrc_position_controller_node-1] [0m[INFO] [1788509460.438734288] [uav9.ladrc_position_controller]: UAV9 mode=ladrc_acceleration Ref[-4.1,34.7,16.3] Safe[-4.1,34.7,16.3] Pos[-21.93,79.56,13.07] Cmd[5.0,-5.0,8.0][0m
[ladrc_position_controller_node-4] [0m[INFO] [1788509460.510064905] [uav12.ladrc_position_controller]: UAV12 mode=ladrc_acceleration Ref[-1.8,-9.5,-0.2] Safe[-1.8,-9.5,-0.2] Pos[-1.80,-9.56,1.05] Cmd[-5.0,5.0,-8.0][0m
[ladrc_position_controller_node-3] [0m[INFO] [1788509460.927552669] [uav11.ladrc_position_controller]: UAV11 mode=ladrc_acceleration Ref[-0.0,-0.0,-0.8] Safe[-0.0,-0.0,-0.8] Pos[-0.02,0.04,1.06] Cmd[-4.5,-5.0,-8.0][0m
[ladrc_position_controller_node-2] [0m[INFO] [1788509461.400262508] [uav10.ladrc_position_controller]: UAV10 mode=ladrc_acceleration Ref[2.0,-1.8,28.8] Safe[2.0,-1.8,28.8] Pos[-1.61,16.87,55.93] Cmd[5.0,-5.0,-8.0][0m
[ladrc_position_controller_node-1] [0m[INFO] [1788509461.438812830] [uav9.ladrc_position_controller]: UAV9 mode=ladrc_acceleration Ref[-4.1,34.7,16.3] Safe[-4.1,34.7,16.3] Pos[-21.93,79.55,13.07] Cmd[5.0,-5.0,8.0][0m
[ladrc_position_controller_node-4] [0m[INFO] [1788509461.530068609] [uav12.ladrc_position_controller]: UAV12 mode=ladrc_acceleration Ref[-1.8,-9.5,-0.2] Safe[-1.8,-9.5,-0.2] Pos[-1.81,-9.56,1.04] Cmd[-5.0,5.0,-8.0][0m
[ladrc_position_controller_node-3] [0m[INFO] [1788509461.947487453] [uav11.ladrc_position_controller]: UAV11 mode=ladrc_acceleration Ref[-0.0,-0.0,-0.8] Safe[-0.0,-0.0,-0.8] Pos[-0.02,0.03,1.08] Cmd[-4.5,-5.0,-8.0][0m
[ladrc_position_controller_node-2] [0m[INFO] [1788509462.400294010] [uav10.ladrc_position_controller]: UAV10 mode=ladrc_acceleration Ref[2.0,-1.8,28.8] Safe[2.0,-1.8,28.8] Pos[-1.63,16.88,55.93] Cmd[5.0,-5.0,-8.0][0m
[ladrc_position_controller_node-1] [0m[INFO] [1788509462.458883928] [uav9.ladrc_position_controller]: UAV9 mode=ladrc_acceleration Ref[-4.1,34.7,16.3] Safe[-4.1,34.7,16.3] Pos[-21.94,79.56,13.10] Cmd[5.0,-5.0,8.0][0m
[ladrc_position_controller_node-4] [0m[INFO] [1788509462.550049858] [uav12.ladrc_position_controller]: UAV12 mode=ladrc_acceleration Ref[-1.8,-9.5,-0.2] Safe[-1.8,-9.5,-0.2] Pos[-1.81,-9.56,1.04] Cmd[-5.0,5.0,-8.0][0m
[ladrc_position_controller_node-3] [0m[INFO] [1788509462.947606367] [uav11.ladrc_position_controller]: UAV11 mode=ladrc_acceleration Ref[-0.0,-0.0,-0.8] Safe[-0.0,-0.0,-0.8] Pos[-0.01,0.02,1.08] Cmd[-4.6,-5.0,-8.0][0m
[ladrc_position_controller_node-2] [0m[INFO] [1788509463.400472113] [uav10.ladrc_position_controller]: UAV10 mode=ladrc_acceleration Ref[2.0,-1.8,28.8] Safe[2.0,-1.8,28.8] Pos[-1.62,16.86,55.89] Cmd[5.0,-5.0,-8.0][0m
[ladrc_position_controller_node-1] [0m[INFO] [1788509463.478799161] [uav9.ladrc_position_controller]: UAV9 mode=ladrc_acceleration Ref[-4.1,34.7,16.3] Safe[-4.1,34.7,16.3] Pos[-21.95,79.55,13.11] Cmd[5.0,-5.0,8.0][0m
[ladrc_position_controller_node-4] [0m[INFO] [1788509463.550076368] [uav12.ladrc_position_controller]: UAV12 mode=ladrc_acceleration Ref[-1.8,-9.5,-0.2] Safe[-1.8,-9.5,-0.2] Pos[-1.80,-9.56,1.03] Cmd[-5.0,5.0,-8.0][0m
[ladrc_position_controller_node-3] [0m[INFO] [1788509463.967458761] [uav11.ladrc_position_controller]: UAV11 mode=ladrc_acceleration Ref[-0.0,-0.0,-0.8] Safe[-0.0,-0.0,-0.8] Pos[0.00,0.00,1.10] Cmd[-4.7,-5.0,-8.0][0m
[ladrc_position_controller_node-2] [0m[INFO] [1788509464.420292036] [uav10.ladrc_position_controller]: UAV10 mode=ladrc_acceleration Ref[2.0,-1.8,28.8] Safe[2.0,-1.8,28.8] Pos[-1.64,16.86,55.87] Cmd[5.0,-5.0,-8.0][0m
[ladrc_position_controller_node-1] [0m[INFO] [1788509464.498779293] [uav9.ladrc_position_controller]: UAV9 mode=ladrc_acceleration Ref[-4.1,34.7,16.3] Safe[-4.1,34.7,16.3] Pos[-21.94,79.56,13.13] Cmd[5.0,-5.0,8.0][0m
[ladrc_position_controller_node-4] [0m[INFO] [1788509464.570059595] [uav12.ladrc_position_controller]: UAV12 mode=ladrc_acceleration Ref[-1.8,-9.5,-0.2] Safe[-1.8,-9.5,-0.2] Pos[-1.81,-9.57,1.03] Cmd[-5.0,5.0,-8.0][0m
[ladrc_position_controller_node-3] [0m[INFO] [1788509464.967479276] [uav11.ladrc_position_controller]: UAV11 mode=ladrc_acceleration Ref[-0.0,-0.0,-0.8] Safe[-0.0,-0.0,-0.8] Pos[0.01,-0.00,1.10] Cmd[-4.7,-5.0,-8.0][0m
[ladrc_position_controller_node-2] [0m[INFO] [1788509465.440287855] [uav10.ladrc_position_controller]: UAV10 mode=ladrc_acceleration Ref[2.0,-1.8,28.8] Safe[2.0,-1.8,28.8] Pos[-1.65,16.86,55.86] Cmd[5.0,-5.0,-8.0][0m
[ladrc_position_controller_node-1] [0m[INFO] [1788509465.518781534] [uav9.ladrc_position_controller]: UAV9 mode=ladrc_acceleration Ref[-4.1,34.7,16.3] Safe[-4.1,34.7,16.3] Pos[-21.94,79.55,13.11] Cmd[5.0,-5.0,8.0][0m
[ladrc_position_controller_node-4] [0m[INFO] [1788509465.590047980] [uav12.ladrc_position_controller]: UAV12 mode=ladrc_acceleration Ref[-1.8,-9.5,-0.2] Safe[-1.8,-9.5,-0.2] Pos[-1.80,-9.56,1.03] Cmd[-5.0,5.0,-8.0][0m
[ladrc_position_controller_node-3] [0m[INFO] [1788509465.987434136] [uav11.ladrc_position_controller]: UAV11 mode=ladrc_acceleration Ref[-0.0,-0.0,-0.8] Safe[-0.0,-0.0,-0.8] Pos[0.01,-0.01,1.11] Cmd[-4.7,-5.0,-8.0][0m
[ladrc_position_controller_node-2] [0m[INFO] [1788509466.460354483] [uav10.ladrc_position_controller]: UAV10 mode=ladrc_acceleration Ref[2.0,-1.8,28.8] Safe[2.0,-1.8,28.8] Pos[-1.67,16.86,55.86] Cmd[5.0,-5.0,-8.0][0m
[ladrc_position_controller_node-1] [0m[INFO] [1788509466.538747614] [uav9.ladrc_position_controller]: UAV9 mode=ladrc_acceleration Ref[-4.1,34.7,16.3] Safe[-4.1,34.7,16.3] Pos[-21.94,79.55,13.10] Cmd[5.0,-5.0,8.0][0m
[ladrc_position_controller_node-4] [0m[INFO] [1788509466.590154120] [uav12.ladrc_position_controller]: UAV12 mode=ladrc_acceleration Ref[-1.8,-9.5,-0.2] Safe[-1.8,-9.5,-0.2] Pos[-1.80,-9.56,1.04] Cmd[-5.0,5.0,-8.0][0m
[ladrc_position_controller_node-3] [0m[INFO] [1788509466.987444046] [uav11.ladrc_position_controller]: UAV11 mode=ladrc_acceleration Ref[-0.0,-0.0,-0.8] Safe[-0.0,-0.0,-0.8] Pos[0.02,-0.02,1.08] Cmd[-4.8,-4.9,-8.0][0m
[ladrc_position_controller_node-2] [0m[INFO] [1788509467.480307286] [uav10.ladrc_position_controller]: UAV10 mode=ladrc_acceleration Ref[2.0,-1.8,28.8] Safe[2.0,-1.8,28.8] Pos[-1.69,16.86,55.86] Cmd[5.0,-5.0,-8.0][0m
[ladrc_position_controller_node-1] [0m[INFO] [1788509467.558790595] [uav9.ladrc_position_controller]: UAV9 mode=ladrc_acceleration Ref[-4.1,34.7,16.3] Safe[-4.1,34.7,16.3] Pos[-21.93,79.54,13.07] Cmd[5.0,-5.0,8.0][0m
[ladrc_position_controller_node-4] [0m[INFO] [1788509467.609982009] [uav12.ladrc_position_controller]: UAV12 mode=ladrc_acceleration Ref[-1.8,-9.5,-0.2] Safe[-1.8,-9.5,-0.2] Pos[-1.79,-9.57,1.06] Cmd[-5.0,5.0,-8.0][0m
[ladrc_position_controller_node-3] [0m[INFO] [1788509467.987459383] [uav11.ladrc_position_controller]: UAV11 mode=ladrc_acceleration Ref[-0.0,-0.0,-0.8] Safe[-0.0,-0.0,-0.8] Pos[0.03,-0.03,1.08] Cmd[-4.9,-4.9,-8.0][0m
[ladrc_position_controller_node-2] [0m[INFO] [1788509468.500372717] [uav10.ladrc_position_controller]: UAV10 mode=ladrc_acceleration Ref[2.0,-1.8,28.8] Safe[2.0,-1.8,28.8] Pos[-1.69,16.86,55.88] Cmd[5.0,-5.0,-8.0][0m
[ladrc_position_controller_node-1] [0m[INFO] [1788509468.558790803] [uav9.ladrc_position_controller]: UAV9 mode=ladrc_acceleration Ref[-4.1,34.7,16.3] Safe[-4.1,34.7,16.3] Pos[-21.94,79.54,13.04] Cmd[5.0,-5.0,8.0][0m
[ladrc_position_controller_node-4] [0m[INFO] [1788509468.610091841] [uav12.ladrc_position_controller]: UAV12 mode=ladrc_acceleration Ref[-1.8,-9.5,-0.2] Safe[-1.8,-9.5,-0.2] Pos[-1.80,-9.57,1.07] Cmd[-5.0,5.0,-8.0][0m
[ladrc_position_controller_node-3] [0m[INFO] [1788509469.007459109] [uav11.ladrc_position_controller]: UAV11 mode=ladrc_acceleration Ref[-0.0,-0.0,-0.8] Safe[-0.0,-0.0,-0.8] Pos[0.05,-0.02,1.05] Cmd[-5.0,-4.9,-8.0][0m
[ladrc_position_controller_node-2] [0m[INFO] [1788509469.520246327] [uav10.ladrc_position_controller]: UAV10 mode=ladrc_acceleration Ref[2.0,-1.8,28.8] Safe[2.0,-1.8,28.8] Pos[-1.71,16.86,55.91] Cmd[5.0,-5.0,-8.0][0m
[ladrc_position_controller_node-1] [0m[INFO] [1788509469.578730736] [uav9.ladrc_position_controller]: UAV9 mode=ladrc_acceleration Ref[-4.1,34.7,16.3] Safe[-4.1,34.7,16.3] Pos[-21.96,79.54,13.00] Cmd[5.0,-5.0,8.0][0m
[ladrc_position_controller_node-4] [0m[INFO] [1788509469.630075045] [uav12.ladrc_position_controller]: UAV12 mode=ladrc_acceleration Ref[-1.8,-9.5,-0.2] Safe[-1.8,-9.5,-0.2] Pos[-1.79,-9.58,1.09] Cmd[-5.0,5.0,-8.0][0m
[ladrc_position_controller_node-3] [0m[INFO] [1788509470.027418408] [uav11.ladrc_position_controller]: UAV11 mode=ladrc_acceleration Ref[-0.0,-0.0,-0.8] Safe[-0.0,-0.0,-0.8] Pos[0.06,-0.02,1.04] Cmd[-5.0,-4.9,-8.0][0m
[ladrc_position_controller_node-2] [0m[INFO] [1788509470.520249524] [uav10.ladrc_position_controller]: UAV10 mode=ladrc_acceleration Ref[2.0,-1.8,28.8] Safe[2.0,-1.8,28.8] Pos[-1.70,16.85,55.92] Cmd[5.0,-5.0,-8.0][0m
[ladrc_position_controller_node-1] [0m[INFO] [1788509470.578739253] [uav9.ladrc_position_controller]: UAV9 mode=ladrc_acceleration Ref[-4.1,34.7,16.3] Safe[-4.1,34.7,16.3] Pos[-21.95,79.53,12.96] Cmd[5.0,-5.0,8.0][0m
[ladrc_position_controller_node-4] [0m[INFO] [1788509470.630077531] [uav12.ladrc_position_controller]: UAV12 mode=ladrc_acceleration Ref[-1.8,-9.5,-0.2] Safe[-1.8,-9.5,-0.2] Pos[-1.78,-9.58,1.09] Cmd[-5.0,5.0,-8.0][0m
[ladrc_position_controller_node-3] [0m[INFO] [1788509471.027503958] [uav11.ladrc_position_controller]: UAV11 mode=ladrc_acceleration Ref[-0.0,-0.0,-0.8] Safe[-0.0,-0.0,-0.8] Pos[0.06,-0.01,1.01] Cmd[-5.0,-5.0,-8.0][0m
[ladrc_position_controller_node-2] [0m[INFO] [1788509471.540152443] [uav10.ladrc_position_controller]: UAV10 mode=ladrc_acceleration Ref[2.0,-1.8,28.8] Safe[2.0,-1.8,28.8] Pos[-1.70,16.84,55.94] Cmd[5.0,-5.0,-8.0][0m
[ladrc_position_controller_node-1] [0m[INFO] [1788509471.598705861] [uav9.ladrc_position_controller]: UAV9 mode=ladrc_acceleration Ref[-4.1,34.7,16.3] Safe[-4.1,34.7,16.3] Pos[-21.94,79.52,12.93] Cmd[5.0,-5.0,8.0][0m
[ladrc_position_controller_node-4] [0m[INFO] [1788509471.650088522] [uav12.ladrc_position_controller]: UAV12 mode=ladrc_acceleration Ref[-1.8,-9.5,-0.2] Safe[-1.8,-9.5,-0.2] Pos[-1.76,-9.58,1.11] Cmd[-5.0,5.0,-8.0][0m
[ladrc_position_controller_node-3] [0m[INFO] [1788509472.047426562] [uav11.ladrc_position_controller]: UAV11 mode=ladrc_acceleration Ref[-0.0,-0.0,-0.8] Safe[-0.0,-0.0,-0.8] Pos[0.07,0.01,1.01] Cmd[-5.0,-5.0,-8.0][0m
[ladrc_position_controller_node-2] [0m[INFO] [1788509472.540258658] [uav10.ladrc_position_controller]: UAV10 mode=ladrc_acceleration Ref[2.0,-1.8,28.8] Safe[2.0,-1.8,28.8] Pos[-1.70,16.84,55.93] Cmd[5.0,-5.0,-8.0][0m
[ladrc_position_controller_node-1] [0m[INFO] [1788509472.598818158] [uav9.ladrc_position_controller]: UAV9 mode=ladrc_acceleration Ref[-4.1,34.7,16.3] Safe[-4.1,34.7,16.3] Pos[-21.94,79.51,12.90] Cmd[5.0,-5.0,8.0][0m
[ladrc_position_controller_node-4] [0m[INFO] [1788509472.670101023] [uav12.ladrc_position_controller]: UAV12 mode=ladrc_acceleration Ref[-1.8,-9.5,-0.2] Safe[-1.8,-9.5,-0.2] Pos[-1.75,-9.57,1.10] Cmd[-5.0,5.0,-8.0][0m
[ladrc_position_controller_node-3] [0m[INFO] [1788509473.067470191] [uav11.ladrc_position_controller]: UAV11 mode=ladrc_acceleration Ref[-0.0,-0.0,-0.8] Safe[-0.0,-0.0,-0.8] Pos[0.06,0.02,0.98] Cmd[-5.0,-5.0,-8.0][0m
[ladrc_position_controller_node-2] [0m[INFO] [1788509473.560220743] [uav10.ladrc_position_controller]: UAV10 mode=ladrc_acceleration Ref[2.0,-1.8,28.8] Safe[2.0,-1.8,28.8] Pos[-1.70,16.83,55.93] Cmd[5.0,-5.0,-8.0][0m
[ladrc_position_controller_node-1] [0m[INFO] [1788509473.618733073] [uav9.ladrc_position_controller]: UAV9 mode=ladrc_acceleration Ref[-4.1,34.7,16.3] Safe[-4.1,34.7,16.3] Pos[-21.93,79.50,12.87] Cmd[5.0,-5.0,8.0][0m
[ladrc_position_controller_node-4] [0m[INFO] [1788509473.690066974] [uav12.ladrc_position_controller]: UAV12 mode=ladrc_acceleration Ref[-1.8,-9.5,-0.2] Safe[-1.8,-9.5,-0.2] Pos[-1.74,-9.57,1.11] Cmd[-5.0,5.0,-8.0][0m
[ladrc_position_controller_node-3] [0m[INFO] [1788509474.087414941] [uav11.ladrc_position_controller]: UAV11 mode=ladrc_acceleration Ref[-0.0,-0.0,-0.8] Safe[-0.0,-0.0,-0.8] Pos[0.06,0.03,0.99] Cmd[-5.0,-5.0,-8.0][0m
[ladrc_position_controller_node-2] [0m[INFO] [1788509474.560222417] [uav10.ladrc_position_controller]: UAV10 mode=ladrc_acceleration Ref[2.0,-1.8,28.8] Safe[2.0,-1.8,28.8] Pos[-1.69,16.83,55.90] Cmd[5.0,-5.0,-8.0][0m
[ladrc_position_controller_node-1] [0m[INFO] [1788509474.638758043] [uav9.ladrc_position_controller]: UAV9 mode=ladrc_acceleration Ref[-4.1,34.7,16.3] Safe[-4.1,34.7,16.3] Pos[-21.92,79.49,12.82] Cmd[5.0,-5.0,8.0][0m
[ladrc_position_controller_node-4] [0m[INFO] [1788509474.690128751] [uav12.ladrc_position_controller]: UAV12 mode=ladrc_acceleration Ref[-1.8,-9.5,-0.2] Safe[-1.8,-9.5,-0.2] Pos[-1.73,-9.56,1.08] Cmd[-5.0,5.0,-8.0][0m
[ladrc_position_controller_node-3] [0m[INFO] [1788509475.087456188] [uav11.ladrc_position_controller]: UAV11 mode=ladrc_acceleration Ref[-0.0,-0.0,-0.8] Safe[-0.0,-0.0,-0.8] Pos[0.05,0.04,1.00] Cmd[-5.0,-5.0,-8.0][0m
[ladrc_position_controller_node-2] [0m[INFO] [1788509475.580231354] [uav10.ladrc_position_controller]: UAV10 mode=ladrc_acceleration Ref[2.0,-1.8,28.8] Safe[2.0,-1.8,28.8] Pos[-1.69,16.83,55.87] Cmd[5.0,-5.0,-8.0][0m
[ladrc_position_controller_node-1] [0m[INFO] [1788509475.658764434] [uav9.ladrc_position_controller]: UAV9 mode=ladrc_acceleration Ref[-4.1,34.7,16.3] Safe[-4.1,34.7,16.3] Pos[-21.93,79.48,12.78] Cmd[5.0,-5.0,8.0][0m
[ladrc_position_controller_node-4] [0m[INFO] [1788509475.710056525] [uav12.ladrc_position_controller]: UAV12 mode=ladrc_acceleration Ref[-1.8,-9.5,-0.2] Safe[-1.8,-9.5,-0.2] Pos[-1.71,-9.55,1.08] Cmd[-5.0,4.9,-8.0][0m
[ladrc_position_controller_node-3] [0m[INFO] [1788509476.107404210] [uav11.ladrc_position_controller]: UAV11 mode=ladrc_acceleration Ref[-0.0,-0.0,-0.8] Safe[-0.0,-0.0,-0.8] Pos[0.05,0.05,1.02] Cmd[-5.0,-5.0,-8.0][0m
[ladrc_position_controller_node-2] [0m[INFO] [1788509476.580235047] [uav10.ladrc_position_controller]: UAV10 mode=ladrc_acceleration Ref[2.0,-1.8,28.8] Safe[2.0,-1.8,28.8] Pos[-1.68,16.84,55.82] Cmd[5.0,-5.0,-8.0][0m
[ladrc_position_controller_node-1] [0m[INFO] [1788509476.659076725] [uav9.ladrc_position_controller]: UAV9 mode=ladrc_acceleration Ref[-4.1,34.7,16.3] Safe[-4.1,34.7,16.3] Pos[-21.93,79.46,12.73] Cmd[5.0,-5.0,8.0][0m
[ladrc_position_controller_node-4] [0m[INFO] [1788509476.710083472] [uav12.ladrc_position_controller]: UAV12 mode=ladrc_acceleration Ref[-1.8,-9.5,-0.2] Safe[-1.8,-9.5,-0.2] Pos[-1.72,-9.54,1.05] Cmd[-5.0,5.0,-8.0][0m
[ladrc_position_controller_node-3] [0m[INFO] [1788509477.127471752] [uav11.ladrc_position_controller]: UAV11 mode=ladrc_acceleration Ref[-0.0,-0.0,-0.8] Safe[-0.0,-0.0,-0.8] Pos[0.05,0.05,1.03] Cmd[-5.0,-5.0,-8.0][0m
[ladrc_position_controller_node-2] [0m[INFO] [1788509477.600208552] [uav10.ladrc_position_controller]: UAV10 mode=ladrc_acceleration Ref[2.0,-1.8,28.8] Safe[2.0,-1.8,28.8] Pos[-1.68,16.83,55.79] Cmd[5.0,-5.0,-8.0][0m
[ladrc_position_controller_node-1] [0m[INFO] [1788509477.678693021] [uav9.ladrc_position_controller]: UAV9 mode=ladrc_acceleration Ref[-4.1,34.7,16.3] Safe[-4.1,34.7,16.3] Pos[-21.92,79.44,12.68] Cmd[5.0,-5.0,8.0][0m
[ladrc_position_controller_node-4] [0m[INFO] [1788509477.730009107] [uav12.ladrc_position_controller]: UAV12 mode=ladrc_acceleration Ref[-1.8,-9.5,-0.2] Safe[-1.8,-9.5,-0.2] Pos[-1.72,-9.53,1.04] Cmd[-5.0,4.9,-8.0][0m
[ladrc_position_controller_node-3] [0m[INFO] [1788509478.147450295] [uav11.ladrc_position_controller]: UAV11 mode=ladrc_acceleration Ref[-0.0,-0.0,-0.8] Safe[-0.0,-0.0,-0.8] Pos[0.05,0.05,1.05] Cmd[-5.0,-5.0,-8.0][0m
[ladrc_position_controller_node-2] [0m[INFO] [1788509478.620225616] [uav10.ladrc_position_controller]: UAV10 mode=ladrc_acceleration Ref[2.0,-1.8,28.8] Safe[2.0,-1.8,28.8] Pos[-1.68,16.84,55.74] Cmd[5.0,-5.0,-8.0][0m
[ladrc_position_controller_node-1] [0m[INFO] [1788509478.678751251] [uav9.ladrc_position_controller]: UAV9 mode=ladrc_acceleration Ref[-4.1,34.7,16.3] Safe[-4.1,34.7,16.3] Pos[-21.91,79.43,12.62] Cmd[5.0,-5.0,8.0][0m
[ladrc_position_controller_node-4] [0m[INFO] [1788509478.749997988] [uav12.ladrc_position_controller]: UAV12 mode=ladrc_acceleration Ref[-1.8,-9.5,-0.2] Safe[-1.8,-9.5,-0.2] Pos[-1.73,-9.52,1.01] Cmd[-5.0,4.9,-8.0][0m
[ladrc_position_controller_node-3] [0m[INFO] [1788509479.167425990] [uav11.ladrc_position_controller]: UAV11 mode=ladrc_acceleration Ref[-0.0,-0.0,-0.8] Safe[-0.0,-0.0,-0.8] Pos[0.05,0.04,1.06] Cmd[-5.0,-5.0,-8.0][0m
[ladrc_position_controller_node-2] [0m[INFO] [1788509479.640234021] [uav10.ladrc_position_controller]: UAV10 mode=ladrc_acceleration Ref[2.0,-1.8,28.8] Safe[2.0,-1.8,28.8] Pos[-1.68,16.84,55.72] Cmd[5.0,-5.0,-8.0][0m
[ladrc_position_controller_node-1] [0m[INFO] [1788509479.678760386] [uav9.ladrc_position_controller]: UAV9 mode=ladrc_acceleration Ref[-4.1,34.7,16.3] Safe[-4.1,34.7,16.3] Pos[-21.91,79.42,12.57] Cmd[5.0,-5.0,8.0][0m
[ladrc_position_controller_node-4] [0m[INFO] [1788509479.750019406] [uav12.ladrc_position_controller]: UAV12 mode=ladrc_acceleration Ref[-1.8,-9.5,-0.2] Safe[-1.8,-9.5,-0.2] Pos[-1.74,-9.51,1.01] Cmd[-5.0,4.7,-8.0][0m
[ladrc_position_controller_node-3] [0m[INFO] [1788509480.167443069] [uav11.ladrc_position_controller]: UAV11 mode=ladrc_acceleration Ref[-0.0,-0.0,-0.8] Safe[-0.0,-0.0,-0.8] Pos[0.05,0.04,1.05] Cmd[-5.0,-5.0,-8.0][0m
[ladrc_position_controller_node-2] [0m[INFO] [1788509480.640274402] [uav10.ladrc_position_controller]: UAV10 mode=ladrc_acceleration Ref[2.0,-1.8,28.8] Safe[2.0,-1.8,28.8] Pos[-1.67,16.84,55.68] Cmd[5.0,-5.0,-8.0][0m
[ladrc_position_controller_node-1] [0m[INFO] [1788509480.698727962] [uav9.ladrc_position_controller]: UAV9 mode=ladrc_acceleration Ref[-4.1,34.7,16.3] Safe[-4.1,34.7,16.3] Pos[-21.91,79.42,12.51] Cmd[5.0,-5.0,8.0][0m
[ladrc_position_controller_node-4] [0m[INFO] [1788509480.769997532] [uav12.ladrc_position_controller]: UAV12 mode=ladrc_acceleration Ref[-1.8,-9.5,-0.2] Safe[-1.8,-9.5,-0.2] Pos[-1.75,-9.51,1.00] Cmd[-5.0,4.8,-8.0][0m
[ladrc_position_controller_node-3] [0m[INFO] [1788509481.187492898] [uav11.ladrc_position_controller]: UAV11 mode=ladrc_acceleration Ref[-0.0,-0.0,-0.8] Safe[-0.0,-0.0,-0.8] Pos[0.05,0.04,1.04] Cmd[-5.0,-5.0,-8.0][0m
[ladrc_position_controller_node-2] [0m[INFO] [1788509481.660213082] [uav10.ladrc_position_controller]: UAV10 mode=ladrc_acceleration Ref[2.0,-1.8,28.8] Safe[2.0,-1.8,28.8] Pos[-1.67,16.83,55.64] Cmd[5.0,-5.0,-8.0][0m
[ladrc_position_controller_node-1] [0m[INFO] [1788509481.718645612] [uav9.ladrc_position_controller]: UAV9 mode=ladrc_acceleration Ref[-4.1,34.7,16.3] Safe[-4.1,34.7,16.3] Pos[-21.91,79.42,12.46] Cmd[5.0,-5.0,8.0][0m
[ladrc_position_controller_node-4] [0m[INFO] [1788509481.789972599] [uav12.ladrc_position_controller]: UAV12 mode=ladrc_acceleration Ref[-1.8,-9.5,-0.2] Safe[-1.8,-9.5,-0.2] Pos[-1.76,-9.50,1.00] Cmd[-5.0,4.5,-8.0][0m
[ladrc_position_controller_node-3] [0m[INFO] [1788509482.207402191] [uav11.ladrc_position_controller]: UAV11 mode=ladrc_acceleration Ref[-0.0,-0.0,-0.8] Safe[-0.0,-0.0,-0.8] Pos[0.05,0.04,1.01] Cmd[-5.0,-5.0,-8.0][0m
[ladrc_position_controller_node-2] [0m[INFO] [1788509482.680204848] [uav10.ladrc_position_controller]: UAV10 mode=ladrc_acceleration Ref[2.0,-1.8,28.8] Safe[2.0,-1.8,28.8] Pos[-1.66,16.82,55.59] Cmd[5.0,-5.0,-8.0][0m
[ladrc_position_controller_node-1] [0m[INFO] [1788509482.718694965] [uav9.ladrc_position_controller]: UAV9 mode=ladrc_acceleration Ref[-4.1,34.7,16.3] Safe[-4.1,34.7,16.3] Pos[-21.91,79.44,12.41] Cmd[5.0,-5.0,8.0][0m
[ladrc_position_controller_node-4] [0m[INFO] [1788509482.790037681] [uav12.ladrc_position_controller]: UAV12 mode=ladrc_acceleration Ref[-1.8,-9.5,-0.2] Safe[-1.8,-9.5,-0.2] Pos[-1.77,-9.49,1.01] Cmd[-5.0,4.5,-8.0][0m
[ladrc_position_controller_node-3] [0m[INFO] [1788509483.207409865] [uav11.ladrc_position_controller]: UAV11 mode=ladrc_acceleration Ref[-0.0,-0.0,-0.8] Safe[-0.0,-0.0,-0.8] Pos[0.04,0.04,0.98] Cmd[-5.0,-5.0,-8.0][0m
[ladrc_position_controller_node-2] [0m[INFO] [1788509483.680207111] [uav10.ladrc_position_controller]: UAV10 mode=ladrc_acceleration Ref[2.0,-1.8,28.8] Safe[2.0,-1.8,28.8] Pos[-1.64,16.81,55.55] Cmd[5.0,-5.0,-8.0][0m
[ladrc_position_controller_node-1] [0m[INFO] [1788509483.738688763] [uav9.ladrc_position_controller]: UAV9 mode=ladrc_acceleration Ref[-4.1,34.7,16.3] Safe[-4.1,34.7,16.3] Pos[-21.92,79.45,12.35] Cmd[5.0,-5.0,8.0][0m
[ladrc_position_controller_node-4] [0m[INFO] [1788509483.809971406] [uav12.ladrc_position_controller]: UAV12 mode=ladrc_acceleration Ref[-1.8,-9.5,-0.2] Safe[-1.8,-9.5,-0.2] Pos[-1.77,-9.49,1.03] Cmd[-5.0,4.4,-8.0][0m
[ladrc_position_controller_node-3] [0m[INFO] [1788509484.227376780] [uav11.ladrc_position_controller]: UAV11 mode=ladrc_acceleration Ref[-0.0,-0.0,-0.8] Safe[-0.0,-0.0,-0.8] Pos[0.04,0.04,0.93] Cmd[-5.0,-5.0,-8.0][0m
[ladrc_position_controller_node-2] [0m[INFO] [1788509484.700194113] [uav10.ladrc_position_controller]: UAV10 mode=ladrc_acceleration Ref[2.0,-1.8,28.8] Safe[2.0,-1.8,28.8] Pos[-1.63,16.80,55.50] Cmd[5.0,-5.0,-8.0][0m
[ladrc_position_controller_node-1] [0m[INFO] [1788509484.738729324] [uav9.ladrc_position_controller]: UAV9 mode=ladrc_acceleration Ref[-4.1,34.7,16.3] Safe[-4.1,34.7,16.3] Pos[-21.91,79.46,12.30] Cmd[5.0,-5.0,8.0][0m
[ladrc_position_controller_node-4] [0m[INFO] [1788509484.829944111] [uav12.ladrc_position_controller]: UAV12 mode=ladrc_acceleration Ref[-1.8,-9.5,-0.2] Safe[-1.8,-9.5,-0.2] Pos[-1.78,-9.49,1.05] Cmd[-5.0,4.3,-8.0][0m
[WARNING] [launch]: user interrupted with ctrl-c (SIGINT)
[ladrc_position_controller_node-2] [0m[INFO] [1788509485.154461136] [rclcpp]: signal_handler(signum=2)[0m
[ladrc_position_controller_node-4] [0m[INFO] [1788509485.154456037] [rclcpp]: signal_handler(signum=2)[0m
[ladrc_position_controller_node-1] [0m[INFO] [1788509485.154460866] [rclcpp]: signal_handler(signum=2)[0m
[ladrc_position_controller_node-3] [0m[INFO] [1788509485.154456027] [rclcpp]: signal_handler(signum=2)[0m
[INFO] [ladrc_position_controller_node-2]: process has finished cleanly [pid 499307]
[INFO] [ladrc_position_controller_node-4]: process has finished cleanly [pid 499311]
[INFO] [ladrc_position_controller_node-1]: process has finished cleanly [pid 499305]
[INFO] [ladrc_position_controller_node-3]: process has finished cleanly [pid 499309]
