bag_time_ns,actual_pos_x,actual_pos_y,actual_pos_z,actual_velocity_x,actual_velocity_y,actual_velocity_z,arrival_time_error,elapsed_time,final_position_error,header_frame_id,header_stamp_nanosec,header_stamp_sec,integrated_squared_jerk,integrated_squared_jerk_valid,is_finished,is_hover_stable,ladrc_accel_feedforward_enabled,ladrc_acceleration_command_x,ladrc_acceleration_command_y,ladrc_acceleration_command_z,max_acceleration,max_acceleration_valid,max_jerk,max_jerk_valid,max_velocity,max_velocity_valid,mission_id,motion_style,path_length,reference_acceleration_x,reference_acceleration_y,reference_acceleration_z,reference_jerk_x,reference_jerk_y,reference_jerk_z,reference_pos_x,reference_pos_y,reference_pos_z,reference_velocity_x,reference_velocity_y,reference_velocity_z,requested_duration,safety_factor,start_pos_x,start_pos_y,start_pos_z,target_pos_x,target_pos_y,target_pos_z,tracking_error,trajectory_duration,trajectory_profile,uav_id
1785141511111174405,-0.014341562055051327,14.990076081827283,-0.28740623593330383,-0.03543577715754509,-0.010611794888973236,-0.1594858020544052,nan,-1.9034024477005005,12.621661186218262,world,111093873,1785141511,3.5014541149139404,True,False,False,True,-0.09574471855664834,-0.0038073445928893603,-0.16325991405336357,1.1387865543365479,True,1.4793272018432617,True,2.9586544036865234,True,3,normal,12.623591423034668,0.0,0.0,0.0,1.3185926710248017,-0.2561491347685494,0.6197659182362258,-0.01592281274497509,14.990032020024955,-0.2886691689491272,0.0,0.0,0.0,8.0,0.0,-0.01592281274497509,14.990032020024955,-0.2886691689491272,11.23606798,12.80422607,5.0,0.0020241776946932077,8.0,minimum_jerk,5
1785141511211132726,-0.014073523692786694,14.98980417009443,-0.29085853695869446,-0.0364890955388546,-0.01089179702103138,-0.16002292931079865,nan,-1.8034172058105469,12.622821807861328,world,211075839,1785141511,3.5014541149139404,True,False,False,True,-0.06945816555585801,0.011807487125591456,0.29196699331534054,1.1387865543365479,True,1.4793272018432617,True,2.9586544036865234,True,3,normal,12.623591423034668,0.0,0.0,0.0,1.3185926710248017,-0.2561491347685494,0.6197659182362258,-0.01592281274497509,14.990032020024955,-0.2886691689491272,0.0,0.0,0.0,8.0,0.0,-0.01592281274497509,14.990032020024955,-0.2886691689491272,11.23606798,12.80422607,5.0,0.0028749117627739906,8.0,minimum_jerk,5
1785141511311116255,-0.015021360479295254,14.98939230851829,-0.29720520973205566,-0.036953844130039215,-0.010096637532114983,-0.16207121312618256,nan,-1.7034155130386353,12.626255989074707,world,311077041,1785141511,3.5014541149139404,True,False,False,True,0.017091031546531944,0.031555373184364265,0.7319305156125735,1.1387865543365479,True,1.4793272018432617,True,2.9586544036865234,True,3,normal,12.623591423034668,0.0,0.0,0.0,1.3185926710248017,-0.2561491347685494,0.6197659182362258,-0.01592281274497509,14.990032020024955,-0.2886691689491272,0.0,0.0,0.0,8.0,0.0,-0.01592281274497509,14.990032020024955,-0.2886691689491272,11.23606798,12.80422607,5.0,0.00860731303691864,8.0,minimum_jerk,5
1785141511411134620,-0.01701880432665348,14.988925956189632,-0.3069082200527191,-0.03738444671034813,-0.008326064795255661,-0.16411255300045013,nan,-1.6034101247787476,12.632028579711914,world,411084305,1785141511,3.5014541149139404,True,False,False,True,0.09283124425592126,0.04031034451832706,1.1844425123633495,1.1387865543365479,True,1.4793272018432617,True,2.9586544036865234,True,3,normal,12.623591423034668,0.0,0.0,0.0,1.3185926710248017,-0.2561491347685494,0.6197659182362258,-0.01592281274497509,14.990032020024955,-0.2886691689491272,0.0,0.0,0.0,8.0,0.0,-0.01592281274497509,14.990032020024955,-0.2886691689491272,11.23606798,12.80422607,5.0,0.018305396661162376,8.0,minimum_jerk,5
1785141511511181729,-0.01534359622746706,14.988475169055164,-0.3049658238887787,-0.03667980805039406,-0.006733306683599949,-0.16318754851818085,nan,-1.503406047821045,12.629642486572266,world,511088853,1785141511,3.5014541149139404,True,False,False,True,-0.0634702203137986,0.05182373691261569,0.3699345560902313,1.1387865543365479,True,1.4793272018432617,True,2.9586544036865234,True,3,normal,12.623591423034668,0.0,0.0,0.0,1.3185926710248017,-0.2561491347685494,0.6197659182362258,-0.01592281274497509,14.990032020024955,-0.2886691689491272,0.0,0.0,0.0,8.0,0.0,-0.01592281274497509,14.990032020024955,-0.2886691689491272,11.23606798,12.80422607,5.0,0.016381094232201576,8.0,minimum_jerk,5
1785141511611127516,-0.015096230432391167,14.987984488718212,-0.3079637885093689,-0.03591691330075264,-0.005993602331727743,-0.1638798713684082,nan,-1.4034093618392944,12.630597114562988,world,611083623,1785141511,3.5014541149139404,True,False,False,True,-0.05924147279583605,0.06037202851009772,0.9230910730474393,1.1387865543365479,True,1.4793272018432617,True,2.9586544036865234,True,3,normal,12.623591423034668,0.0,0.0,0.0,1.3185926710248017,-0.2561491347685494,0.6197659182362258,-0.01592281274497509,14.990032020024955,-0.2886691689491272,0.0,0.0,0.0,8.0,0.0,-0.01592281274497509,14.990032020024955,-0.2886691689491272,11.23606798,12.80422607,5.0,0.019420554861426353,8.0,minimum_jerk,5
1785141511711163073,-0.016039855778217316,14.987564573064446,-0.31412914395332336,-0.03717166557908058,-0.004286381881684065,-0.16575442254543304,nan,-1.3034043312072754,12.633956909179688,world,711089184,1785141511,3.5014541149139404,True,False,False,True,0.02983783416760903,0.07215281691950315,1.4503737638421867,1.1387865543365479,True,1.4793272018432617,True,2.9586544036865234,True,3,normal,12.623591423034668,0.0,0.0,0.0,1.3185926710248017,-0.2561491347685494,0.6197659182362258,-0.01592281274497509,14.990032020024955,-0.2886691689491272,0.0,0.0,0.0,8.0,0.0,-0.01592281274497509,14.990032020024955,-0.2886691689491272,11.23606798,12.80422607,5.0,0.025579528883099556,8.0,minimum_jerk,5
1785141511811152974,-0.018020642921328545,14.987395467236638,-0.32373419404029846,-0.03827326372265816,-0.0024627484381198883,-0.16898010671138763,nan,-1.2034069299697876,12.639734268188477,world,811085788,1785141511,3.5014541149139404,True,False,False,True,0.10701819482419664,0.06722142775949369,1.9648452252309172,1.1387865543365479,True,1.4793272018432617,True,2.9586544036865234,True,3,normal,12.623591423034668,0.0,0.0,0.0,1.3185926710248017,-0.2561491347685494,0.6197659182362258,-0.01592281274497509,14.990032020024955,-0.2886691689491272,0.0,0.0,0.0,8.0,0.0,-0.01592281274497509,14.990032020024955,-0.2886691689491272,11.23606798,12.80422607,5.0,0.035226527601480484,8.0,minimum_jerk,5
1785141511911131774,-0.0150469820946455,14.9873026330024,-0.3207964599132538,-0.03650270774960518,-0.0017799794441089034,-0.16921588778495789,nan,-1.1034079790115356,12.635833740234375,world,911084725,1785141511,3.5014541149139404,True,False,False,True,-0.12076693913207048,0.06619433104281776,1.1099135143413021,1.1387865543365479,True,1.4793272018432617,True,2.9586544036865234,True,3,normal,12.623591423034668,0.0,0.0,0.0,1.3185926710248017,-0.2561491347685494,0.6197659182362258,-0.01592281274497509,14.990032020024955,-0.2886691689491272,0.0,0.0,0.0,8.0,0.0,-0.01592281274497509,14.990032020024955,-0.2886691689491272,11.23606798,12.80422607,5.0,0.032254911959171295,8.0,minimum_jerk,5
1785141512011185195,-0.013769186101853848,14.98721624724567,-0.3231638967990875,-0.03532726317644119,-0.0015431195497512817,-0.16917498409748077,nan,-1.0033942461013794,12.6356782913208,world,11101898,1785141512,3.5014541149139404,True,False,False,True,-0.1366515140006786,0.07193313071087158,1.7911933251322685,1.1387865543365479,True,1.4793272018432617,True,2.9586544036865234,True,3,normal,12.623591423034668,0.0,0.0,0.0,1.3185926710248017,-0.2561491347685494,0.6197659182362258,-0.01592281274497509,14.990032020024955,-0.2886691689491272,0.0,0.0,0.0,8.0,0.0,-0.01592281274497509,14.990032020024955,-0.2886691689491272,11.23606798,12.80422607,5.0,0.03467640280723572,8.0,minimum_jerk,5
1785141512111150259,-0.013773295097053051,14.987103612162173,-0.32985109090805054,-0.03486618399620056,-0.0017749860417097807,-0.17115218937397003,nan,-0.9034041166305542,12.638481140136719,world,111089114,1785141512,3.5014541149139404,True,False,False,True,-0.056001697865875014,0.07850088776957004,2.4084578185548002,1.1387865543365479,True,1.4793272018432617,True,2.9586544036865234,True,3,normal,12.623591423034668,0.0,0.0,0.0,1.3185926710248017,-0.2561491347685494,0.6197659182362258,-0.01592281274497509,14.990032020024955,-0.2886691689491272,0.0,0.0,0.0,8.0,0.0,-0.01592281274497509,14.990032020024955,-0.2886691689491272,11.23606798,12.80422607,5.0,0.04134182631969452,8.0,minimum_jerk,5
1785141512211132396,-0.014808395877480507,14.98673388082534,-0.33954715728759766,-0.03041503019630909,-0.005207417532801628,-0.17288705706596375,nan,-0.8034025430679321,12.64342975616455,world,211090557,1785141512,3.5014541149139404,True,False,False,True,0.009181326474797611,0.09643360533936082,2.958971034560171,1.1387865543365479,True,1.4793272018432617,True,2.9586544036865234,True,3,normal,12.623591423034668,0.0,0.0,0.0,1.3185926710248017,-0.2561491347685494,0.6197659182362258,-0.01592281274497509,14.990032020024955,-0.2886691689491272,0.0,0.0,0.0,8.0,0.0,-0.01592281274497509,14.990032020024955,-0.2886691689491272,11.23606798,12.80422607,5.0,0.05099695548415184,8.0,minimum_jerk,5
1785141512311157714,-0.010464414954185486,14.985991107299924,-0.33611685037612915,-0.008536810986697674,-0.025221729651093483,-0.17240896821022034,nan,-0.7033881545066833,12.637988090515137,world,311111005,1785141512,3.5014541149139404,True,False,False,True,-0.26070507514372354,0.12662061383388376,2.113765939664347,1.1387865543365479,True,1.4793272018432617,True,2.9586544036865234,True,3,normal,12.623591423034668,0.0,0.0,0.0,1.3185926710248017,-0.2561491347685494,0.6197659182362258,-0.01592281274497509,14.990032020024955,-0.2886691689491272,0.0,0.0,0.0,8.0,0.0,-0.01592281274497509,14.990032020024955,-0.2886691689491272,11.23606798,12.80422607,5.0,0.047931257635354996,8.0,minimum_jerk,5
1785141512411180376,-0.005755995400249958,14.98326593823731,-0.33848708868026733,0.0025439555756747723,-0.03414788469672203,-0.1734643429517746,nan,-0.6033979058265686,12.634328842163086,world,411097610,1785141512,3.5014541149139404,True,False,False,True,-0.4235227001328149,0.2624687258655953,2.85017208945699,1.1387865543365479,True,1.4793272018432617,True,2.9586544036865234,True,3,normal,12.623591423034668,0.0,0.0,0.0,1.3185926710248017,-0.2561491347685494,0.6197659182362258,-0.01592281274497509,14.990032020024955,-0.2886691689491272,0.0,0.0,0.0,8.0,0.0,-0.01592281274497509,14.990032020024955,-0.2886691689491272,11.23606798,12.80422607,5.0,0.05129297450184822,8.0,minimum_jerk,5
1785141512511155299,-0.00159478560090065,14.979626344516873,-0.3447874188423157,0.023146525025367737,-0.05170981585979462,-0.17532064020633698,nan,-0.5033942461013794,12.63266372680664,world,511099003,1785141512,3.5014541149139404,True,False,False,True,-0.48395199363233027,0.39366915587211027,3.5367701048669744,1.1387865543365479,True,1.4793272018432617,True,2.9586544036865234,True,3,normal,12.623591423034668,0.0,0.0,0.0,1.3185926710248017,-0.2561491347685494,0.6197659182362258,-0.01592281274497509,14.990032020024955,-0.2886691689491272,0.0,0.0,0.0,8.0,0.0,-0.01592281274497509,14.990032020024955,-0.2886691689491272,11.23606798,12.80422607,5.0,0.05884580314159393,8.0,minimum_jerk,5
1785141512611173053,0.005197935272008181,14.97285596653819,-0.3544047772884369,0.06415333598852158,-0.07888587564229965,-0.16253939270973206,nan,-0.40339434146881104,12.629530906677246,world,611100606,1785141512,3.5014541149139404,True,False,False,True,-0.6774760300540642,0.6224712128791814,4.170343847831861,1.1387865543365479,True,1.4793272018432617,True,2.9586544036865234,True,3,normal,12.623591423034668,0.0,0.0,0.0,1.3185926710248017,-0.2561491347685494,0.6197659182362258,-0.01592281274497509,14.990032020024955,-0.2886691689491272,0.0,0.0,0.0,8.0,0.0,-0.01592281274497509,14.990032020024955,-0.2886691689491272,11.23606798,12.80422607,5.0,0.07114965468645096,8.0,minimum_jerk,5
1785141512711182521,0.01562792807817459,14.968439564108849,-0.34776341915130615,0.09928617626428604,-0.08274733275175095,-0.11014439165592194,nan,-0.30339476466178894,12.616682052612305,world,711098021,1785141512,3.5014541149139404,True,False,False,True,-1.1041173557029107,0.7098166324772754,3.034585974927507,1.1387865543365479,True,1.4793272018432617,True,2.9586544036865234,True,3,normal,12.623591423034668,0.0,0.0,0.0,1.3185926710248017,-0.2561491347685494,0.6197659182362258,-0.01592281274497509,14.990032020024955,-0.2886691689491272,0.0,0.0,0.0,8.0,0.0,-0.01592281274497509,14.990032020024955,-0.2886691689491272,11.23606798,12.80422607,5.0,0.07038333266973495,8.0,minimum_jerk,5
1785141512811173453,0.029453108087182045,14.962596450001001,-0.3423088490962982,0.13166716694831848,-0.0795387476682663,-0.08920961618423462,nan,-0.20339331030845642,12.601073265075684,world,811099574,1785141512,3.5014541149139404,True,False,False,True,-1.495946738157682,0.8325196670904365,3.312028422285944,1.1387865543365479,True,1.4793272018432617,True,2.9586544036865234,True,3,normal,12.623591423034668,0.0,0.0,0.0,1.3185926710248017,-0.2561491347685494,0.6197659182362258,-0.01592281274497509,14.990032020024955,-0.2886691689491272,0.0,0.0,0.0,8.0,0.0,-0.01592281274497509,14.990032020024955,-0.2886691689491272,11.23606798,12.80422607,5.0,0.07542479783296585,8.0,minimum_jerk,5
1785141512911163925,0.043546028435230255,14.958599783480167,-0.3402590751647949,0.13990701735019684,-0.031354546546936035,-0.07984587550163269,nan,-0.10338298976421356,12.586986541748047,world,911113340,1785141512,3.5014541149139404,True,False,False,True,-1.9175297780454754,0.9416247102840013,3.6660284794772275,1.1387865543365479,True,1.4793272018432617,True,2.9586544036865234,True,3,normal,12.623591423034668,0.0,0.0,0.0,1.3185926710248017,-0.2561491347685494,0.6197659182362258,-0.01592281274497509,14.990032020024955,-0.2886691689491272,0.0,0.0,0.0,8.0,0.0,-0.01592281274497509,14.990032020024955,-0.2886691689491272,11.23606798,12.80422607,5.0,0.0847705528140068,8.0,minimum_jerk,5
1785141513011152273,0.05852910876274109,14.962718531489372,-0.3391042947769165,0.11863748729228973,0.09269295632839203,-0.041527144610881805,nan,-0.0033910239581018686,12.573882102966309,world,11101758,1785141513,3.5014541149139404,True,False,False,True,-2.2447344137779766,0.6333380532530759,3.9233851922123715,1.1387865543365479,True,1.4793272018432617,True,2.9586544036865234,True,3,normal,12.623591423034668,0.0,0.0,0.0,1.3185926710248017,-0.2561491347685494,0.6197659182362258,-0.01592281274497509,14.990032020024955,-0.2886691689491272,0.0,0.0,0.0,8.0,0.0,-0.01592281274497509,14.990032020024955,-0.2886691689491272,11.23606798,12.80422607,5.0,0.09398306906223297,8.0,minimum_jerk,5
1785141513111146282,0.06498593091964722,14.976870698854327,-0.3169804811477661,0.0013190110912546515,0.21815481781959534,0.09614835679531097,nan,0.09661073237657547,12.561200141906738,world,111104814,1785141513,3.5014541149139404,True,False,False,True,-2.106715132529382,-0.1353193056101068,1.8281724535652817,1.1387865543365479,True,1.4793272018432617,True,2.9586544036865234,True,3,normal,12.623591423034668,0.12281213336469246,-0.02385742192545067,0.05772425122472623,1.2242038272496358,-0.23781320647461932,0.5754012029461687,-0.01572821624374927,14.989994217808613,-0.28857770455537013,0.006005900769130668,-0.0011667031975256972,0.0028228979932999423,8.0,0.0,-0.01592281274497509,14.990032020024955,-0.2886691689491272,11.23606798,12.80422607,5.0,0.086566261947155,8.0,minimum_jerk,5
1785141513211177451,0.05751371383666992,15.002461517695338,-0.2961525321006775,-0.13681527972221375,0.27557769417762756,-0.03158002346754074,nan,0.1966114640235901,12.56350040435791,world,211105365,1785141513,3.5014541149139404,True,False,False,True,-1.298686600532439,-1.057620085358086,1.7304739279942671,1.1387865543365479,True,1.4793272018432617,True,2.9586544036865234,True,3,normal,12.623591423034668,0.2404492655748952,-0.04670955078559213,0.11301614451749677,1.128933426058223,-0.2193060272899612,0.5306221373767842,-0.014313514011977993,14.989719398479956,-0.2879127651491598,0.024248498665263567,-0.0047105008916182274,0.011397297566842234,8.0,0.0,-0.01592281274497509,14.990032020024955,-0.2886691689491272,11.23606798,12.80422607,5.0,0.07341257482767105,8.0,minimum_jerk,5
1785141513311164076,0.03909013420343399,15.027846399694681,-0.2982026934623718,-0.23954631388187408,0.2564641833305359,-0.19286514818668365,nan,0.2966131567955017,12.585219383239746,world,311105856,1785141513,3.5014541149139404,True,False,False,True,-0.18889751490995144,-1.7824500955203297,3.6798605617806235,1.1387865543365479,True,1.4793272018432617,True,2.9586544036865234,True,3,normal,12.623591423034668,0.3486838724316679,-0.06773514990167805,0.16388865577708872,1.0361345703809937,-0.20127896926698613,0.48700474948749006,-0.010502069727800838,14.988978989271665,-0.2861213072421829,0.053782983342755754,-0.010447854709985011,0.025279118251886366,8.0,0.0,-0.01592281274497509,14.990032020024955,-0.2886691689491272,11.23606798,12.80422607,5.0,0.06415623426437378,8.0,minimum_jerk,5
1785141513411188863,0.010177791118621826,15.048513993620872,-0.30700623989105225,-0.2936987280845642,0.13431993126869202,-0.07950454950332642,nan,0.3966287672519684,12.61830997467041,world,411126675,1785141513,3.5014541149139404,True,False,False,True,0.9755401810668747,-1.9974182631930426,4.668657726207682,1.1387865543365479,True,1.4793272018432617,True,2.9586544036865234,True,3,normal,12.623591423034668,0.44777524343162417,-0.0869845887180953,0.21046365644757195,0.9457957433107165,-0.1837297951372128,0.44454362609289405,-0.0032099950661735504,14.987562434594631,-0.28269388082929514,0.09368746096046206,-0.018199678028722504,0.044035050812359006,8.0,0.0,-0.01592281274497509,14.990032020024955,-0.2886691689491272,11.23606798,12.80422607,5.0,0.0669732466340065,8.0,minimum_jerk,5
1785141513511153576,0.0025496946182101965,15.052711881697178,-0.27760013937950134,-0.2151126265525818,-0.043229956179857254,0.1418450027704239,nan,0.49661514163017273,12.61351203918457,world,511108441,1785141513,3.5014541149139404,True,False,False,True,0.9678813323434188,-1.5971129803049449,1.1873177534492194,1.1387865543365479,True,1.4793272018432617,True,2.9586544036865234,True,3,normal,12.623591423034668,0.5379299164871911,-0.10449798918359093,0.252838223633771,0.8579553706929376,-0.16666596948565357,0.4032568281377992,0.00854961950033129,14.985278017911137,-0.27716661795269376,0.14303918420479,-0.027786718428808067,0.0672313848624257,8.0,0.0,-0.01592281274497509,14.990032020024955,-0.2886691689491272,11.23606798,12.80422607,5.0,0.06770164519548416,8.0,minimum_jerk,5
1785141513611168394,0.0005060950643382967,15.040562618523836,-0.24826835095882416,-0.10000842064619064,-0.1730237901210785,-0.0428813137114048,nan,0.5966155529022217,12.600927352905273,world,611109312,1785141513,3.5014541149139404,True,False,False,True,1.0680480627736644,-0.7915346761908932,1.099008878364435,1.1387865543365479,True,1.4793272018432617,True,2.9586544036865234,True,3,normal,12.623591423034668,0.6194361752697232,-0.12033135313603958,0.29114785664355836,0.77257485920301,-0.150079995192892,0.36312621595874944,0.025682678075141237,14.981949758755514,-0.2691137248848448,0.200978888664482,-0.03904205564720856,0.09446424829771864,8.0,0.0,-0.01592281274497509,14.990032020024955,-0.2886691689491272,11.23606798,12.80422607,5.0,0.06711078435182571,8.0,minimum_jerk,5
1785141513711192950,0.005241378676146269,15.02033282071352,-0.25293028354644775,0.005896379705518484,-0.24756920337677002,-0.3007115423679352,nan,0.6966276168823242,12.595073699951172,world,711123720,1785141513,3.5014541149139404,True,False,False,True,1.4518386083324828,-0.13451971549426583,4.202816046347282,1.1387865543365479,True,1.4793272018432617,True,2.9586544036865234,True,3,normal,12.623591423034668,0.6925359886850421,-0.13453168533076038,0.32550628588390246,0.6896572293946753,-0.13397245903014604,0.32415320927868474,0.04900624150235962,14.977418935307998,-0.2581511660737326,0.2666545247187624,-0.05180017096238283,0.12533316011511467,8.0,0.0,-0.01592281274497509,14.990032020024955,-0.2886691689491272,11.23606798,12.80422607,5.0,0.061516035348176956,8.0,minimum_jerk,5
1785141513811159247,0.021142153069376945,14.991825386881828,-0.26923421025276184,0.16416014730930328,-0.29131436347961426,-0.1286277025938034,nan,0.7966216802597046,12.582725524902344,world,811116165,1785141513,3.5014541149139404,True,False,False,True,1.7312567113133521,0.3619509667796794,6.092923472056032,1.1387865543365479,True,1.4793272018432617,True,2.9586544036865234,True,3,normal,12.623591423034668,0.757455721112827,-0.14714295919584167,0.35601990731066635,0.6092268321652928,-0.11834809139022492,0.28634925352468293,0.07924391233661214,14.971544980908122,-0.2439388333028016,0.3392168058488675,-0.06589608241156687,0.15943893802677486,8.0,0.0,-0.01592281274497509,14.990032020024955,-0.2886691689491272,11.23606798,12.80422607,5.0,0.06653544306755066,8.0,minimum_jerk,5
1785141513911157263,0.03958236426115036,14.972771536558867,-0.23292075097560883,0.3056587278842926,-0.23438914120197296,0.25246262550354004,nan,0.8966239094734192,12.547801971435547,world,911117478,1785141513,3.5014541149139404,True,False,False,True,2.215735059829075,0.3075610202108071,1.7241864373503484,1.1387865543365479,True,1.4793272018432617,True,2.9586544036865234,True,3,normal,12.623591423034668,0.814460858878351,-0.15821674796842183,0.38281350500598377,0.5312621906711685,-0.10320272019250767,0.24970425413452993,0.1170520760504046,14.964200386451255,-0.22616821177895166,0.41787938773447253,-0.08117703515112512,0.19641198388427555,8.0,0.0,-0.01592281274497509,14.990032020024955,-0.2886691689491272,11.23606798,12.80422607,5.0,0.07823437452316284,8.0,minimum_jerk,5
1785141514011184184,0.07273460179567337,14.95853304490447,-0.18527895212173462,0.3960115909576416,-0.15335474908351898,0.11975082010030746,nan,0.9966295957565308,12.495925903320312,world,11124722,1785141514,3.5014541149139404,True,False,False,True,2.4949078164031255,-0.11064885459217927,0.925817058889383,1.1387865543365479,True,1.4793272018432617,True,2.9586544036865234,True,3,normal,12.623591423034668,0.8637945443612581,-0.16780028436224176,0.406001360933871,0.45576747769328574,-0.08853715603928411,0.21422017240187954,0.1630005425456419,14.955274460958623,-0.20457147902384323,0.5018598527938951,-0.09749103714365318,0.23588454518784083,8.0,0.0,-0.01592281274497509,14.990032020024955,-0.2886691689491272,11.23606798,12.80422607,5.0,0.09236211329698563,8.0,minimum_jerk,5
1785141514111174335,0.11077243834733963,14.95040437579155,-0.17537106573581696,0.46427732706069946,-0.09573403745889664,-0.19832204282283783,nan,1.096625566482544,12.45643424987793,world,111120023,1785141514,3.5014541149139404,True,False,False,True,2.841748255107401,-0.496143643834459,4.241176236076148,1.1387865543365479,True,1.4793272018432617,True,2.9586544036865234,True,3,normal,12.623591423034668,0.905698260004194,-0.17594047863253393,0.4256969768535088,0.38275236160493925,-0.07435327710378274,0.17990155266281413,0.2175760286693035,14.944672655065615,-0.17891986801926235,0.5903917977469454,-0.11468920728172619,0.2774963964917179,8.0,0.0,-0.01592281274497509,14.990032020024955,-0.2886691689491272,11.23606798,12.80422607,5.0,0.10701613873243332,8.0,minimum_jerk,5
1785141514211174736,0.16362856328487396,14.946553900837898,-0.1824103146791458,0.6251158118247986,-0.04142099246382713,-0.05100118741393089,nan,1.196624994277954,12.411520957946777,world,211118770,1785141514,3.5014541149139404,True,False,False,True,3.3227611095597167,-0.9710353394070425,6.94186033569591,1.1387865543365479,True,1.4793272018432617,True,2.9586544036865234,True,3,normal,12.623591423034668,0.9404254128229819,-0.1826865574959894,0.4420194593209249,0.3122070699391807,-0.060649184991595405,0.14674380165507406,0.2812040968201205,14.932312299239308,-0.14901335560672177,0.6827561942555792,-0.13263186748983893,0.32090957955606675,8.0,0.0,-0.01592281274497509,14.990032020024955,-0.2886691689491272,11.23606798,12.80422607,5.0,0.12305358797311783,8.0,minimum_jerk,5
1785141514311169757,0.22837141156196594,14.93254454433918,-0.13401874899864197,0.8427207469940186,-0.0671282708644867,0.39594900608062744,nan,1.2966231107711792,12.33115005493164,world,311115835,1785141514,3.5014541149139404,True,False,False,True,3.225870447671549,-0.7464594689869397,2.411732864095954,1.1387865543365479,True,1.4793272018432617,True,2.9586544036865234,True,3,normal,12.623591423034668,0.9682213736088341,-0.18808618655643541,0.455084137699816,0.24413499169529648,-0.047425538047982184,0.11474851227865114,0.35422949839746903,14.918126422249998,-0.11468990147438549,0.7782434038543078,-0.1511811637643041,0.3657905495760023,8.0,0.0,-0.01592281274497509,14.990032020024955,-0.2886691689491272,11.23606798,12.80422607,5.0,0.12814734876155853,8.0,minimum_jerk,5
1785141514411216685,0.31900671124458313,14.914684623479843,-0.06819432228803635,0.9722591638565063,-0.12222642451524734,0.2853923439979553,nan,1.3966341018676758,12.219773292541504,world,411129881,1785141514,3.5014541149139404,True,False,False,True,2.9345462865094136,-0.6060957897449819,1.3907836659288302,1.1387865543365479,True,1.4793272018432617,True,2.9586544036865234,True,3,normal,12.623591423034668,0.989336194879275,-0.19218794088744687,0.46500854186239793,0.17852679576690378,-0.03468052361701153,0.08391129871991013,0.43694257949940135,14.90205862161386,-0.0758130369310346,0.8761868137404398,-0.17020760024458256,0.4118259847010045,8.0,0.0,-0.01592281274497509,14.990032020024955,-0.2886691689491272,11.23606798,12.80422607,5.0,0.11885423958301544,8.0,minimum_jerk,5
1785141514511184835,0.41162049770355225,14.895646668970585,-0.04261346533894539,1.033058762550354,-0.1593584567308426,-0.0646490752696991,nan,1.4966274499893188,12.12314510345459,world,511120514,1785141514,3.5014541149139404,True,False,False,True,3.285153136295661,-0.6271069126349931,5.037618043397536,1.1387865543365479,True,1.4793272018432617,True,2.9586544036865234,True,3,normal,12.623591423034668,1.0040110788018526,-0.1950386762981599,0.4719060418327395,0.11540250358098747,-0.02241803105080234,0.05424157146500988,0.5295285130952244,14.884072925725016,-0.03229572683846684,0.975900113200644,-0.18957785456413515,0.4586933046537898,8.0,0.0,-0.01592281274497509,14.990032020024955,-0.2886691689491272,11.23606798,12.80422607,5.0,0.1189231127500534,8.0,minimum_jerk,5
1785141514611177662,0.5204753875732422,14.872110188007355,-0.036409035325050354,1.1266393661499023,-0.2052025943994522,0.057981960475444794,nan,1.596628189086914,12.019379615783691,world,611120894,1785141514,3.5014541149139404,True,False,False,True,3.2027528491576858,-0.4949358956245603,8.0,1.1387865543365479,True,1.4793272018432617,True,2.9586544036865234,True,3,normal,12.623591423034668,1.0124979523579938,-0.19668733199454425,0.4758950485199894,0.05474586056839792,-0.010634902745103321,0.025731690529142454,0.6321559993648952,14.864136562973192,0.015941321388689464,1.0767768093635817,-0.2091741097293971,0.5061074451991561,8.0,0.0,-0.01592281274497509,14.990032020024955,-0.2886691689491272,11.23606798,12.80422607,5.0,0.12359894067049026,8.0,minimum_jerk,5
1785141514711171160,0.6261881589889526,14.847751572728157,0.02317896857857704,1.216318130493164,-0.2180785983800888,0.5376660823822021,nan,1.6966314315795898,11.895977973937988,world,711124642,1785141514,3.5014541149139404,True,False,False,True,3.539109487802028,-0.37354714152922497,3.892840578893323,1.1387865543365479,True,1.4793272018432617,True,2.9586544036865234,True,3,normal,12.623591423034668,1.0150427312934962,-0.19718167944302473,0.4770911474278075,-0.003439882462473065,0.0006682297997175901,-0.0016168161402887182,0.7449067472440839,14.842233660622526,0.06893651264578705,1.178205697558328,-0.22887763343503695,0.5537811274583182,8.0,0.0,-0.01592281274497509,14.990032020024955,-0.2886691689491272,11.23606798,12.80422607,5.0,0.12735110521316528,8.0,minimum_jerk,5
1785141514811170589,0.7499889135360718,14.822543308138847,0.10707028955221176,1.2660657167434692,-0.20758013427257538,0.5002954602241516,nan,1.7966333627700806,11.7461576461792,world,811126365,1785141514,3.5014541149139404,True,False,False,True,4.040306921787765,-0.5209129855444996,2.684406051585169,1.1387865543365479,True,1.4793272018432617,True,2.9586544036865234,True,3,normal,12.623591423034668,1.011892457521815,-0.19656970887877673,0.4756104533820229,-0.059152324489646024,0.011490900162364301,-0.027802820013128254,0.8678020274118503,14.818360086641832,0.12669984459338393,1.2796008042860159,-0.24857459477024335,0.601438931726945,8.0,0.0,-0.01592281274497509,14.990032020024955,-0.2886691689491272,11.23606798,12.80422607,5.0,0.1195104569196701,8.0,minimum_jerk,5
1785141514911168234,0.8690050840377808,14.801068261265755,0.1548604667186737,1.3007317781448364,-0.19594541192054749,0.19276966154575348,nan,1.8966312408447266,11.616313934326172,world,911124251,1785141514,3.5014541149139404,True,False,False,True,4.386656599695337,-0.7391094197264751,5.595401381080986,1.1387865543365479,True,1.4793272018432617,True,2.9586544036865234,True,3,normal,12.623591423034668,1.0032949106427944,-0.19489955383955487,0.4715694279363758,-0.11239022270068466,0.021832866914731602,-0.052825736941740975,1.0008065302340643,14.792522700262493,0.18921472097070885,1.3804023955958358,-0.26815626010532817,0.648817771432803,8.0,0.0,-0.01592281274497509,14.990032020024955,-0.2886691689491272,11.23606798,12.80422607,5.0,0.1364729404449463,8.0,minimum_jerk,5
1785141515011199333,1.0055124759674072,14.779566749930382,0.18592405319213867,1.4089109897613525,-0.18686145544052124,0.2896263599395752,nan,1.9966431856155396,11.477872848510742,world,11137787,1785141515,3.5014541149139404,True,False,False,True,5.0,-1.060500869485258,8.0,1.1387865543365479,True,1.4793272018432617,True,2.9586544036865234,True,3,normal,12.623591423034668,0.9894950036751735,-0.19221879100254063,0.4650831852920002,-0.16316282716556318,0.03169592697065983,-0.07668991465096792,1.1438600283759794,14.764733201215614,0.25645283368061983,1.480096101894906,-0.28752270826746607,0.6956758821932667,8.0,0.0,-0.01592281274497509,14.990032020024955,-0.2886691689491272,11.23606798,12.80422607,5.0,0.15599483251571655,8.0,minimum_jerk,5
1785141515111177612,1.1466038227081299,14.748628050088882,0.2608354091644287,1.5886873006820679,-0.21481351554393768,0.6834735870361328,nan,2.096632719039917,11.315373420715332,world,111126425,1785141515,3.5014541149139404,True,False,False,True,5.0,-0.7032432761406199,5.182564527408193,1.1387865543365479,True,1.4793272018432617,True,2.9586544036865234,True,3,normal,12.623591423034668,0.9707456003863748,-0.18857654155327003,0.45627057666690296,-0.2114520037970138,0.041076557611673836,-0.09938682974348279,1.296771574403417,14.735028682851645,0.3283244334665959,1.5781382401224329,-0.3065683236646164,0.7417577216874915,8.0,0.0,-0.01592281274497509,14.990032020024955,-0.2886691689491272,11.23606798,12.80422607,5.0,0.16519704461097717,8.0,minimum_jerk,5
1785141515211197970,1.3175703287124634,14.714330345392227,0.3573313057422638,1.722886562347412,-0.25318941473960876,0.6745619773864746,nan,2.1966402530670166,11.116630554199219,world,211134871,1785141515,3.5014541149139404,True,False,False,True,5.0,-0.6575477503296949,4.525631270383981,1.1387865543365479,True,1.4793272018432617,True,2.9586544036865234,True,3,normal,12.623591423034668,0.9472867901320248,-0.18401944512660695,0.4452444490404562,-0.25727724614025316,0.049978545643851444,-0.12092564459005883,1.4594143743215853,14.70343377610687,0.4047699245199117,1.6740851737166391,-0.3252069256862328,0.7868547715252918,8.0,0.0,-0.01592281274497509,14.990032020024955,-0.2886691689491272,11.23606798,12.80422607,5.0,0.14996296167373657,8.0,minimum_jerk,5
1785141515311204753,1.4847004413604736,14.682123124599457,0.42292729020118713,1.7904560565948486,-0.27280208468437195,0.422340452671051,nan,2.2966392040252686,10.934590339660645,world,311131976,1785141515,3.5014541149139404,True,False,False,True,5.0,-0.8365919506353793,7.653700521185426,1.1387865543365479,True,1.4793272018432617,True,2.9586544036865234,True,3,normal,12.623591423034668,0.9193713124214107,-0.17859659876976552,0.43212359522676447,-0.3006261859248931,0.05839948841334189,-0.14130054584695262,1.631512731938082,14.670002037581968,0.4856597239090124,1.7674532109980736,-0.34334455263519004,0.8307396865799681,8.0,0.0,-0.01592281274497509,14.990032020024955,-0.2886691689491272,11.23606798,12.80422607,5.0,0.16011285781860352,8.0,minimum_jerk,5
1785141515411195626,1.6741085052490234,14.647452473640442,0.47817492485046387,1.882798671722412,-0.2829417288303375,0.5329217314720154,nan,2.3966360092163086,10.736640930175781,world,411128770,1785141515,3.5014541149139404,True,False,False,True,5.0,-0.838216188933546,8.0,1.1387865543365479,True,1.4793272018432617,True,2.9586544036865234,True,3,normal,12.623591423034668,0.8872452920942742,-0.1723558145676532,0.4170236990079808,-0.34150201463176066,0.06634000589557096,-0.16051303357638136,1.8127973378983733,14.634785783173777,0.5708672506486774,1.8578153147026784,-0.3608982484719881,0.8732117504757246,8.0,0.0,-0.01592281274497509,14.990032020024955,-0.2886691689491272,11.23606798,12.80422607,5.0,0.16729287803173065,8.0,minimum_jerk,5
1785141515511192229,1.8517776727676392,14.61340445280075,0.5651947855949402,1.9481687545776367,-0.2832375466823578,0.7411301136016846,nan,2.4966371059417725,10.535916328430176,world,511129731,1785141515,3.5014541149139404,True,False,False,True,5.0,-0.8609582701284739,6.916926056609361,1.1387865543365479,True,1.4793272018432617,True,2.9586544036865234,True,3,normal,12.623591423034668,0.8511538799978343,-0.1653447153978897,0.4000599863695602,-0.3799071429745372,0.07380056639453966,-0.17856424086380085,2.0029584380377443,14.597845185567179,0.6602469138536092,1.9447681230650666,-0.37778965634733364,0.9140813748124432,8.0,0.0,-0.01592281274497509,14.990032020024955,-0.2886691689491272,11.23606798,12.80422607,5.0,0.17925573885440826,8.0,minimum_jerk,5
1785141515611222977,2.051286220550537,14.57838299870491,0.6655945181846619,1.9832956790924072,-0.28494611382484436,0.7798303365707397,nan,2.596670389175415,10.309943199157715,world,611167262,1785141515,3.5014541149139404,True,False,False,True,5.0,-1.1394793195029123,7.153610934416193,1.1387865543365479,True,1.4793272018432617,True,2.9586544036865234,True,3,normal,12.623591423034668,0.8113321367060202,-0.15760896400679045,0.3813429406591234,-0.41585104444567855,0.08078301022602496,-0.19545862044725532,2.201693505348556,14.55923901350324,0.7536565195523098,2.027949995975308,-0.3939485242392854,0.9531785812338605,8.0,0.0,-0.01592281274497509,14.990032020024955,-0.2886691689491272,11.23606798,12.80422607,5.0,0.1753389835357666,8.0,minimum_jerk,5
1785141515711220823,2.238590955734253,14.54682382941246,0.7482670545578003,1.9952377080917358,-0.2967590093612671,0.7042677402496338,nan,2.6966466903686523,10.102893829345703,world,711146343,1785141515,3.5014541149139404,True,False,False,True,5.0,-1.3684093059971232,8.0,1.1387865543365479,True,1.4793272018432617,True,2.9586544036865234,True,3,normal,12.623591423034668,0.7680640926701513,-0.1492037360038912,0.3610060620828646,-0.4493026252091089,0.08728129711740712,-0.21118155757854407,2.4084246156404356,14.519079534238235,0.850824431382476,2.106928998958601,-0.40929094477870065,0.9903003515735058,8.0,0.0,-0.01592281274497509,14.990032020024955,-0.2886691689491272,11.23606798,12.80422607,5.0,0.2003278136253357,8.0,minimum_jerk,5
1785141515811212909,2.443880081176758,14.511615872383118,0.8327845931053162,2.0088000297546387,-0.32795870304107666,0.7541995048522949,nan,2.7966487407684326,9.878432273864746,world,811147665,1785141515,3.5014541149139404,True,False,False,True,5.0,-1.6345785100074246,8.0,1.1387865543365479,True,1.4793272018432617,True,2.9586544036865234,True,3,normal,12.623591423034668,0.7215628598690518,-0.14017043041269964,0.33914951769323815,-0.4802906651994213,0.09330101784399247,-0.22574657942415333,2.6228861544819106,14.47741834589515,0.9516258050494021,2.181437715766534,-0.42376496982256345,1.0253209946453214,8.0,0.0,-0.01592281274497509,14.990032020024955,-0.2886691689491272,11.23606798,12.80422607,5.0,0.21756809949874878,8.0,minimum_jerk,5
1785141515911212768,2.6404480934143066,14.474734485149384,0.9266483187675476,2.019601821899414,-0.3762931525707245,0.7940043210983276,nan,2.8966526985168457,9.657508850097656,world,911153346,1785141515,3.5014541149139404,True,False,False,True,5.0,-1.5846444931283439,8.0,1.1387865543365479,True,1.4793272018432617,True,2.9586544036865234,True,3,normal,12.623591423034668,0.6720854112074715,-0.13055896665765754,0.3158940900880644,-0.5088067632195334,0.09884054039355289,-0.2391497372471177,2.8445654482002025,14.434355040198243,1.055819673288103,2.251146672868137,-0.43730659601203425,1.0580856510526622,8.0,0.0,-0.01592281274497509,14.990032020024955,-0.2886691689491272,11.23606798,12.80422607,5.0,0.24490739405155182,8.0,minimum_jerk,5
1785141516011180998,2.8370907306671143,14.433677852153778,1.0170303583145142,2.023810863494873,-0.4323384463787079,0.8008707761764526,nan,2.9966166019439697,9.437265396118164,world,11113842,1785141516,3.5014541149139404,True,False,False,True,5.0,-1.5620627561327165,8.0,1.1387865543365479,True,1.4793272018432617,True,2.9586544036865234,True,3,normal,12.623591423034668,0.6199012683875142,-0.12042170188613263,0.29136646006032785,-0.5348403788847531,0.1038978171963735,-0.25138607684790126,3.0728712165205,14.39000447894989,1.1631281220994305,2.31574441851433,-0.4498553208903632,1.0884479320103495,8.0,0.0,-0.01592281274497509,14.990032020024955,-0.2886691689491272,11.23606798,12.80422607,5.0,0.28079238533973694,8.0,minimum_jerk,5
1785141516111219962,3.049757480621338,14.384046256542206,1.1100302934646606,2.022841215133667,-0.48821067810058594,0.7910714149475098,nan,3.0966670513153076,9.200183868408203,world,111164217,1785141516,3.5014541149139404,True,False,False,True,5.0,-1.2754233666763335,8.0,1.1387865543365479,True,1.4793272018432617,True,2.9586544036865234,True,3,normal,12.623591423034668,0.5651899879107118,-0.10979351665185516,0.2656510228918262,-0.5584226917304245,0.10847890517296999,-0.2624702532551402,3.307574463965071,14.34441114669394,1.2734435188568363,2.3750484551118256,-0.46137569256884703,1.1163220598624295,8.0,0.0,-0.01592281274497509,14.990032020024955,-0.2886691689491272,11.23606798,12.80422607,5.0,0.3078058063983917,8.0,minimum_jerk,5
1785141516211201477,3.2616372108459473,14.330215334892273,1.1983290910720825,2.0182037353515625,-0.5231452584266663,0.7769164443016052,nan,3.1966464519500732,8.965092658996582,world,211145561,1785141516,3.5014541149139404,True,False,False,True,5.0,-1.2165496653721315,8.0,1.1387865543365479,True,1.4793272018432617,True,2.9586544036865234,True,3,normal,12.623591423034668,0.5082840977547662,-0.09873900766891741,0.23890407363255328,-0.5795161035436254,0.11257650051381843,-0.2723845945285398,3.547761591962087,14.297752518619538,1.3863364532729663,2.42872874948044,-0.471803598971478,1.1415529121655132,8.0,0.0,-0.01592281274497509,14.990032020024955,-0.2886691689491272,11.23606798,12.80422607,5.0,0.34390079975128174,8.0,minimum_jerk,5
1785141516311244188,3.4609904289245605,14.27894812822342,1.2891144752502441,2.015092134475708,-0.5298945307731628,0.7705554366111755,nan,3.296685218811035,8.740555763244629,world,311183082,1785141516,3.5014541149139404,True,False,False,True,5.0,-1.033231917563403,8.0,1.1387865543365479,True,1.4793272018432617,True,2.9586544036865234,True,3,normal,12.623591423034668,0.449357459380751,-0.08729194917541605,0.21120733077711062,-0.5981484514802364,0.11619601085051712,-0.28114218470902796,3.79317432289412,14.250078767603942,1.501685529507966,2.47664489332423,-0.4811117644548287,1.164074494106816,8.0,0.0,-0.01592281274497509,14.990032020024955,-0.2886691689491272,11.23606798,12.80422607,5.0,0.3954314589500427,8.0,minimum_jerk,5
1785141516411202319,3.675045967102051,14.22438931465149,1.3811193704605103,2.0097570419311523,-0.512261688709259,0.7619404196739197,nan,3.396652936935425,8.5018949508667,world,411151713,1785141516,3.5014541149139404,True,False,False,True,5.0,-1.1466270883180585,8.0,1.1387865543365479,True,1.4793272018432617,True,2.9586544036865234,True,3,normal,12.623591423034668,0.38873428834416957,-0.07551532311857823,0.18271318236456302,-0.6142959229494147,0.1193328103614042,-0.28873183138476055,4.042903648328639,14.201566477158197,1.6190634947352016,2.5185493586798344,-0.48925210436391847,1.183770462406965,8.0,0.0,-0.01592281274497509,14.990032020024955,-0.2886691689491272,11.23606798,12.80422607,5.0,0.4386998414993286,8.0,minimum_jerk,5
1785141516511209813,3.871180295944214,14.176572680473328,1.4619563817977905,2.0065999031066895,-0.4848107397556305,0.75773024559021,nan,3.4966611862182617,8.285086631774902,world,511155580,1785141516,3.5014541149139404,True,False,False,True,5.0,-1.2439000264043638,8.0,1.1387865543365479,True,1.4793272018432617,True,2.9586544036865234,True,3,normal,12.623591423034668,0.32659477092878286,-0.06344413239330582,0.15350631968742334,-0.6279777113538585,0.12199062754702589,-0.2951625558532982,4.296620769280732,14.152279519604173,1.738315806608675,2.5543302251576785,-0.49620287710137495,1.2005882121603406,8.0,0.0,-0.01592281274497509,14.990032020024955,-0.2886691689491272,11.23606798,12.80422607,5.0,0.5079018473625183,8.0,minimum_jerk,5
1785141516611208631,4.082455158233643,14.127794444561005,1.5465079545974731,2.0038206577301025,-0.45946311950683594,0.7581561803817749,nan,3.5966603755950928,8.053112030029297,world,611153516,1785141516,3.5014541149139404,True,False,False,True,5.0,-1.5743131173364509,8.0,1.1387865543365479,True,1.4793272018432617,True,2.9586544036865234,True,3,normal,12.623591423034668,0.2632166024531559,-0.05113232194950129,0.12371726530802996,-0.6391857872698068,0.12416790261564825,-0.3004305841188508,4.553579121726971,14.10236292208547,1.8590915645450061,2.5838298503061585,-0.5019334591255469,1.2144536481433597,8.0,0.0,-0.01592281274497509,14.990032020024955,-0.2886691689491272,11.23606798,12.80422607,5.0,0.5659620761871338,8.0,minimum_jerk,5
1785141516711183052,4.279165744781494,14.074276089668274,1.6356760263442993,2.005502462387085,-0.4586903154850006,0.7700279355049133,nan,3.696653366088867,7.831359386444092,world,711150862,1785141516,3.5014541149139404,True,False,False,True,5.0,-1.1737242407969974,8.0,1.1387865543365479,True,1.4793272018432617,True,2.9586544036865234,True,3,normal,12.623591423034668,0.19884518000290274,-0.0386275624989289,0.09346136094899393,-0.6479210947361549,0.12586481895578178,-0.30453635989928884,4.813152952766104,14.051938243039169,1.981096651695256,2.6069385950682937,-0.5064225520095593,1.2253152377240601,8.0,0.0,-0.01592281274497509,14.990032020024955,-0.2886691689491272,11.23606798,12.80422607,5.0,0.6363620758056641,8.0,minimum_jerk,5
1785141516811215794,4.491323471069336,14.018448412418365,1.7286931276321411,2.006953001022339,-0.4698714315891266,0.7820807695388794,nan,3.7966699600219727,7.593903064727783,world,811165880,1785141516,3.5014541149139404,True,False,False,True,5.0,-1.2142709698289453,8.0,1.1387865543365479,True,1.4793272018432617,True,2.9586544036865234,True,3,normal,12.623591423034668,0.13370831319281962,-0.025974108220307823,0.06284568185667272,-0.6541855845565825,0.12708175552954704,-0.30748080011282464,5.0747767620030615,14.001115336281455,2.10406527113873,2.623574280681138,-0.509654191749146,1.2331343551785208,8.0,0.0,-0.01592281274497509,14.990032020024955,-0.2886691689491272,11.23606798,12.80422607,5.0,0.6939902305603027,8.0,minimum_jerk,5
1785141516911221906,4.686530590057373,13.967844843864441,1.812188982963562,2.009382963180542,-0.4747820794582367,0.7888264656066895,nan,3.896665334701538,7.37648868560791,world,911159277,1785141516,3.5014541149139404,True,False,False,True,5.0,-1.212351285042379,8.0,1.1387865543365479,True,1.4793272018432617,True,2.9586544036865234,True,3,normal,12.623591423034668,0.0680826210642973,-0.013225694986489733,0.03200024472079699,-0.6579763383007295,0.1278181454041618,-0.30926253303662643,5.337681452289189,13.950043606229258,2.227635931255593,2.633666524065813,-0.5116147057635678,1.237877918999109,8.0,0.0,-0.01592281274497509,14.990032020024955,-0.2886691689491272,11.23606798,12.80422607,5.0,0.7725998163223267,8.0,minimum_jerk,5
1785141517011207769,4.897836685180664,13.914926290512085,1.9006367921829224,2.016230821609497,-0.4625590443611145,0.7977453470230103,nan,3.9966671466827393,7.142330169677734,world,11159809,1785141517,3.5014541149139404,True,False,False,True,5.0,-1.392761136929376,8.0,1.1387865543365479,True,1.4793272018432617,True,2.9586544036865234,True,3,normal,12.623591423034668,0.0021973230583127723,-0.00042685084830351716,0.0010327874352875632,-0.6592949623906725,0.12807430064235326,-0.30988231372240616,5.60128328936031,13.898836448800806,2.3515342648282864,2.637181680392933,-0.5122975582255556,1.2395301154178313,8.0,0.0,-0.01592281274497509,14.990032020024955,-0.2886691689491272,11.23606798,12.80422607,5.0,0.8357059955596924,8.0,minimum_jerk,5
1785141517111219110,5.096139907836914,13.86374044418335,1.9943013191223145,2.028762102127075,-0.44668102264404297,0.8112825751304626,nan,4.096664905548096,6.9177680015563965,world,111159909,1785141517,3.5014541149139404,True,False,False,True,5.0,-1.229056427852113,8.0,1.1387865543365479,True,1.4793272018432617,True,2.9586544036865234,True,3,normal,12.623591423034668,-0.06369373532134226,0.012373112297112021,-0.029937377345383487,-0.6581412305227681,0.12785017728249187,-0.30934003580275526,5.864897168237345,13.847626952137325,2.475438258299646,2.6341059615328675,-0.5117000706601308,1.2380844637276371,8.0,0.0,-0.01592281274497509,14.990032020024955,-0.2886691689491272,11.23606798,12.80422607,5.0,0.9070502519607544,8.0,minimum_jerk,5
1785141517211204563,5.311290264129639,13.81201171875,2.0916287899017334,2.044971227645874,-0.4349895715713501,0.8226208686828613,nan,4.1966633796691895,6.676619529724121,world,211156272,1785141517,3.5014541149139404,True,False,False,True,5.0,-1.524920694240423,8.0,1.1387865543365479,True,1.4793272018432617,True,2.9586544036865234,True,3,normal,12.623591423034668,-0.1293460421730992,0.025126695693390877,-0.06079532395347531,-0.6545152218938366,0.12714579070931153,-0.3076357365018232,6.127875256251503,13.796540963880194,2.5990434168717993,2.6244511154605763,-0.5098245252228742,1.2335464857205456,8.0,0.0,-0.01592281274497509,14.990032020024955,-0.2886691689491272,11.23606798,12.80422607,5.0,0.9615196585655212,8.0,minimum_jerk,5
1785141517311213931,5.5105881690979,13.76648199558258,2.179464340209961,2.0608954429626465,-0.4315789043903351,0.8354507684707642,nan,4.2966718673706055,6.454647541046143,world,311166361,1785141517,3.5014541149139404,True,False,False,True,5.0,-1.5347790688351002,8.0,1.1387865543365479,True,1.4793272018432617,True,2.9586544036865234,True,3,normal,12.623591423034668,-0.19451866436351795,0.037787095793824554,-0.091427808816535,-0.6484161984931869,0.12596099755723417,-0.30476906893926925,6.389586566859907,13.745701059151022,2.7220531637756427,2.6082514438201096,-0.5066775853335332,1.2259323038810728,8.0,0.0,-0.01592281274497509,14.990032020024955,-0.2886691689491272,11.23606798,12.80422607,5.0,1.0331857204437256,8.0,minimum_jerk,5
1785141517411220163,5.727480411529541,13.718441009521484,2.2731590270996094,2.0777761936187744,-0.4365549683570862,0.8469981551170349,nan,4.396667003631592,6.214176177978516,world,411161221,1785141517,3.5014541149139404,True,False,False,True,5.0,-1.794326735038828,8.0,1.1387865543365479,True,1.4793272018432617,True,2.9586544036865234,True,3,normal,12.623591423034668,-0.25894942188724723,0.050303381645283474,-0.12171160189140084,-0.6398456670900483,0.12429609053047613,-0.30074074132789974,6.649319589739096,13.695245455579665,2.844133074394198,2.585571931502897,-0.5022718749237286,1.2152724624567282,8.0,0.0,-0.01592281274497509,14.990032020024955,-0.2886691689491272,11.23606798,12.80422607,5.0,1.0845906734466553,8.0,minimum_jerk,5
1785141517511297198,5.930761337280273,13.667981386184692,2.371464729309082,2.0951216220855713,-0.4550962746143341,0.8600900173187256,nan,4.49669075012207,5.9834394454956055,world,511189555,1785141517,3.5014541149139404,True,False,False,True,5.0,-1.4544407465656348,8.0,1.1387865543365479,True,1.4793272018432617,True,2.9586544036865234,True,3,normal,12.623591423034668,-0.32241729825716536,0.06263261869854031,-0.15154282084268966,-0.6287995365761816,0.12215027489245328,-0.2955488307619454,6.906536272302747,13.645278674985086,2.965030252846467,2.556487512825255,-0.49662195069524473,1.201602182131185,8.0,0.0,-0.01592281274497509,14.990032020024955,-0.2886691689491272,11.23606798,12.80422607,5.0,1.1423537731170654,8.0,minimum_jerk,5
1785141517611342794,6.15189266204834,13.613430142402649,2.473909854888916,2.1127400398254395,-0.47682756185531616,0.8697827458381653,nan,4.596725940704346,5.734525203704834,world,611236023,1785141517,3.5014541149139404,True,False,False,True,5.0,-1.3990279944229937,8.0,1.1387865543365479,True,1.4793272018432617,True,2.9586544036865234,True,3,normal,12.623591423034668,-0.384663738622514,0.07472458022113404,-0.18079993952512785,-0.6152781625059758,0.1195236197129782,-0.28919350435934676,7.160557553923953,13.595932631335762,3.084425526546231,2.52110972079847,-0.4897494789935476,1.1849738857342307,8.0,0.0,-0.01592281274497509,14.990032020024955,-0.2886691689491272,11.23606798,12.80422607,5.0,1.1791694164276123,8.0,minimum_jerk,5
1785141517711211947,6.356940746307373,13.563138484954834,2.565709352493286,2.1283586025238037,-0.4852369427680969,0.8774991035461426,nan,4.696675777435303,5.505234241485596,world,711169697,1785141517,3.5014541149139404,True,False,False,True,5.0,-1.2514053269400756,8.0,1.1387865543365479,True,1.4793272018432617,True,2.9586544036865234,True,3,normal,12.623591423034668,-0.4453826480312353,0.08651980436495277,-0.2093390869593028,-0.5992973907798795,0.11641920320853039,-0.28168221002214255,7.41051900613363,13.547375248061943,3.2019125961747856,2.479614900540831,-0.4816887165307092,1.1654704591309009,8.0,0.0,-0.01592281274497509,14.990032020024955,-0.2886691689491272,11.23606798,12.80422607,5.0,1.2308655977249146,8.0,minimum_jerk,5
1785141517811217748,6.5802178382873535,13.510112285614014,2.66345477104187,2.1444926261901855,-0.4731566607952118,0.8872591257095337,nan,4.796679973602295,5.2568678855896,world,811173645,1785141517,3.5014541149139404,True,False,False,True,5.0,-1.2998669613019262,8.0,1.1387865543365479,True,1.4793272018432617,True,2.9586544036865234,True,3,normal,12.623591423034668,-0.5044124078930947,0.09798689518569803,-0.237084299053965,-0.5808360342124397,0.11283290956735004,-0.2730049893335025,7.65616467264717,13.499656247099967,3.31737115696687,2.4321077636172275,-0.47246000452152237,1.1431411189296177,8.0,0.0,-0.01592281274497509,14.990032020024955,-0.2886691689491272,11.23606798,12.80422607,5.0,1.2591177225112915,8.0,minimum_jerk,5
1785141517911208811,6.787353515625,13.463328957557678,2.7669060230255127,2.157647132873535,-0.44717249274253845,0.8971193432807922,nan,4.896675109863281,5.02117395401001,world,911168295,1785141517,3.5014541149139404,True,False,False,True,5.0,-1.2573842828028774,8.0,1.1387865543365479,True,1.4793272018432617,True,2.9586544036865234,True,3,normal,12.623591423034668,-0.5614671713146473,0.10907032421272045,-0.2639012218374255,-0.5599041472065394,0.10876669195257493,-0.2631665680714259,7.896745554446018,13.452921128614335,3.430449163840865,2.3787990019947207,-0.46210427187925385,1.118084894727089,8.0,0.0,-0.01592281274497509,14.990032020024955,-0.2886691689491272,11.23606798,12.80422607,5.0,1.292729139328003,8.0,minimum_jerk,5
1785141518011229029,7.01276159286499,13.416595101356506,2.873863697052002,2.1703217029571533,-0.41696956753730774,0.8947363495826721,nan,4.996679782867432,4.767784595489502,world,11173925,1785141518,3.5014541149139404,True,False,False,True,5.0,-1.4705781516003247,8.0,1.1387865543365479,True,1.4793272018432617,True,2.9586544036865234,True,3,normal,12.623591423034668,-0.6163103567636048,0.1197241332391149,-0.2896786570800738,-0.5364978005059244,0.10421978706890411,-0.2521650994039355,8.131736250203453,13.407271956796821,3.540899667270317,2.3198879520471296,-0.4506602415854599,1.0903954787555494,8.0,0.0,-0.01592281274497509,14.990032020024955,-0.2886691689491272,11.23606798,12.80422607,5.0,1.3027387857437134,8.0,minimum_jerk,5
1785141518111228408,7.221564292907715,13.376511693000793,2.9685893058776855,2.1776700019836426,-0.3979470133781433,0.8886244893074036,nan,5.096677303314209,4.535458087921143,world,111173775,1785141518,3.5014541149139404,True,False,False,True,5.0,-1.5709598753580838,8.0,1.1387865543365479,True,1.4793272018432617,True,2.9586544036865234,True,3,normal,12.623591423034668,-0.6686856577233495,0.12989853229265536,-0.31429613540033907,-0.51062073191305,0.09919292101992216,-0.24000234017575006,8.360549837490444,13.36282274689692,3.6484468015340266,2.2556180941252038,-0.43817521200797493,1.0601873118324474,8.0,0.0,-0.01592281274497509,14.990032020024955,-0.2886691689491272,11.23606798,12.80422607,5.0,1.3265299797058105,8.0,minimum_jerk,5
1785141518211225863,7.448281288146973,13.334935069084167,3.067978858947754,2.1825404167175293,-0.3922004997730255,0.8866985440254211,nan,5.196680068969727,4.285053730010986,world,211172643,1785141518,3.5014541149139404,True,False,False,True,5.0,-1.7430367331758478,8.0,1.1387865543365479,True,1.4793272018432617,True,2.9586544036865234,True,3,normal,12.623591423034668,-0.7183520898669897,0.13954670788182133,-0.3376403891637838,-0.4822699537443338,0.09368551341975118,-0.22667688611358705,8.582689960664476,13.319669920706719,3.752857269179854,2.1862407732496356,-0.4246980093013768,1.0275785313333143,8.0,0.0,-0.01592281274497509,14.990032020024955,-0.2886691689491272,11.23606798,12.80422607,5.0,1.3252073526382446,8.0,minimum_jerk,5
1785141518311227647,7.659274101257324,13.289178013801575,3.1723241806030273,2.184251546859741,-0.40749436616897583,0.8866317272186279,nan,5.29667854309082,4.045866012573242,world,311171631,1785141518,3.5014541149139404,True,False,False,True,5.0,-1.262317713894863,8.0,1.1387865543365479,True,1.4793272018432617,True,2.9586544036865234,True,3,normal,12.623591423034668,-0.7650579968693378,0.14861977337818422,-0.3595931346753054,-0.4514479252129826,0.08769804199388531,-0.21218989309868586,8.797640487177173,13.277913741869869,3.8538884771995114,2.112045520569092,-0.4102848776378403,0.9927052229062396,8.0,0.0,-0.01592281274497509,14.990032020024955,-0.2886691689491272,11.23606798,12.80422607,5.0,1.326851487159729,8.0,minimum_jerk,5
1785141518411265308,7.887272357940674,13.240243911743164,3.2790887355804443,2.181596279144287,-0.42068710923194885,0.8757163286209106,nan,5.396692752838135,3.7902610301971436,world,411185868,1785141518,3.5014541149139404,True,False,False,True,5.0,-1.079394539338493,8.0,1.1387865543365479,True,1.4793272018432617,True,2.9586544036865234,True,3,normal,12.623591423034668,-0.8085644523212787,0.1570713150602716,-0.38004207156452674,-0.4181483739607157,0.08122928827722764,-0.19653841299249364,9.004974058478465,13.237637228838727,3.951339558206108,2.0333257308630177,-0.3949928117364714,0.9557052881859676,8.0,0.0,-0.01592281274497509,14.990032020024955,-0.2886691689491272,11.23606798,12.80422607,5.0,1.3042948246002197,8.0,minimum_jerk,5
1785141518511215384,8.096932411193848,13.196250915527344,3.37235689163208,2.1745214462280273,-0.4123149812221527,0.8615397810935974,nan,5.496678829193115,3.557678699493408,world,511171922,1785141518,3.5014541149139404,True,False,False,True,5.0,-0.8766753409412278,8.0,1.1387865543365479,True,1.4793272018432617,True,2.9586544036865234,True,3,normal,12.623591423034668,-0.8486063051852071,0.16484982482375532,-0.39886257334147457,-0.38238595251153873,0.07428209866156299,-0.17972933278535552,9.204168981074572,13.198941725523344,4.044965305431609,1.9504486976870972,-0.3788931618546787,0.9167513627655808,8.0,0.0,-0.01592281274497509,14.990032020024955,-0.2886691689491272,11.23606798,12.80422607,5.0,1.2955238819122314,8.0,minimum_jerk,5
1785141518611239008,8.322813987731934,13.152467966079712,3.4686264991760254,2.16202974319458,-0.36937233805656433,0.8464342355728149,nan,5.596687316894531,3.309596061706543,world,611180538,1785141518,3.5014541149139404,True,False,False,True,5.0,-0.9173714124932557,8.0,1.1387865543365479,True,1.4793272018432617,True,2.9586544036865234,True,3,normal,12.623591423034668,-0.8849563391651563,0.17191116374772708,-0.41594784363195236,-0.3441432375493134,0.06685308850245064,-0.16175446315712594,9.39492386999475,13.161885778813279,4.134624061685567,1.8637316131991195,-0.3620475455780603,0.8759925335414733,8.0,0.0,-0.01592281274497509,14.990032020024955,-0.2886691689491272,11.23606798,12.80422607,5.0,1.2621651887893677,8.0,minimum_jerk,5
1785141518711238507,8.534523963928223,13.116266131401062,3.5687167644500732,2.1478564739227295,-0.3138538897037506,0.8327440023422241,nan,5.696683883666992,3.073154926300049,world,711176731,1785141518,3.5014541149139404,True,False,False,True,5.0,-0.933100338499062,8.0,1.1387865543365479,True,1.4793272018432617,True,2.9586544036865234,True,3,normal,12.623591423034668,-0.9173546081717232,0.17820483483842176,-0.4311757023796523,-0.30343264156615657,0.05894466904423168,-0.14261963823667867,9.57681039109321,13.126552596679616,4.220114501030849,1.7735852760123407,-0.344535764434152,0.8336218843865879,8.0,0.0,-0.01592281274497509,14.990032020024955,-0.2886691689491272,11.23606798,12.80422607,5.0,1.229140281677246,8.0,minimum_jerk,5
1785141518811243677,8.760491371154785,13.084196090698242,3.6691203117370605,2.124476909637451,-0.25711777806282043,0.8085684180259705,nan,5.796688556671143,2.8245537281036377,world,811182802,1785141518,3.5014541149139404,True,False,False,True,5.0,-1.2374843647838687,8.0,1.1387865543365479,True,1.4793272018432617,True,2.9586544036865234,True,3,normal,12.623591423034668,-0.9455604973647116,0.18368409638061345,-0.44443305561655144,-0.2602461977752961,0.05055529266300085,-0.12232111346890617,9.749541339019231,13.092997971486216,4.3013016309926595,1.6803990958003787,-0.32643346494607073,0.7898224459283814,8.0,0.0,-0.01592281274497509,14.990032020024955,-0.2886691689491272,11.23606798,12.80422607,5.0,1.1738613843917847,8.0,minimum_jerk,5
1785141518911226394,8.965686798095703,13.059734463691711,3.755537986755371,2.097883462905884,-0.22426040470600128,0.7864800691604614,nan,5.896683692932129,2.601653575897217,world,911176691,1785141518,3.5014541149139404,True,False,False,True,5.0,-1.4849864051202024,8.0,1.1387865543365479,True,1.4793272018432617,True,2.9586544036865234,True,3,normal,12.623591423034668,-0.9693218391665752,0.18829996243025282,-0.4556013793483311,-0.2145916628796316,0.04168646617187821,-0.10086253466513595,9.912804259390008,13.061282600460942,4.378038591527173,1.5846215798498555,-0.3078277739088673,0.744805025898791,8.0,0.0,-0.01592281274497509,14.990032020024955,-0.2886691689491272,11.23606798,12.80422607,5.0,1.133375883102417,8.0,minimum_jerk,5
1785141519011259838,9.18394660949707,13.03598403930664,3.8438034057617188,2.0619847774505615,-0.21897129714488983,0.7619399428367615,nan,5.996687889099121,2.3667919635772705,world,11188082,1785141519,3.5014541149139404,True,False,False,True,5.0,-1.7045303839392343,8.0,1.1387865543365479,True,1.4793272018432617,True,2.9586544036865234,True,3,normal,12.623591423034668,-0.9883958897220637,0.19200527769074394,-0.4645665789257105,-0.1664604367506719,0.032336518914321655,-0.07823985958651125,10.066392570719291,13.031446614017165,4.450228285048951,1.486691265704323,-0.28880388140042834,0.6987757460436281,8.0,0.0,-0.01592281274497509,14.990032020024955,-0.2886691689491272,11.23606798,12.80422607,5.0,1.0707392692565918,8.0,minimum_jerk,5
1785141519111323698,9.385356903076172,13.006421327590942,3.936201572418213,2.0249545574188232,-0.24336029589176178,0.7455163598060608,nan,6.096703052520752,2.1442205905914307,world,111203902,1785141519,3.5014541149139404,True,False,False,True,5.0,-1.2536189626820717,8.0,1.1387865543365479,True,1.4793272018432617,True,2.9586544036865234,True,3,normal,12.623591423034668,-1.0025342328551599,0.1947517849633722,-0.4712118935909375,-0.11585098572482355,0.022505152961629693,-0.05445236737931669,10.21011527309373,13.003527115699917,4.51778093763518,1.3870873425074155,-0.2694548744575851,0.6519598352043197,8.0,0.0,-0.01592281274497509,14.990032020024955,-0.2886691689491272,11.23606798,12.80422607,5.0,1.0091923475265503,8.0,minimum_jerk,5
1785141519211222197,9.597681045532227,12.973469734191895,4.027932167053223,1.9790161848068237,-0.2769836485385895,0.7178863286972046,nan,6.196682929992676,1.9125561714172363,world,211176530,1785141519,3.5014541149139404,True,False,False,True,5.0,-0.9613206118637484,8.0,1.1387865543365479,True,1.4793272018432617,True,2.9586544036865234,True,3,normal,12.623591423034668,-1.0114849332155682,0.19649054341643524,-0.4754189085013225,-0.06278786978029682,0.012197139322550288,-0.029511601742969074,10.343767813539248,12.977563841864843,4.580600405143247,1.2863628459150664,-0.24988818550270464,0.6046172316155074,8.0,0.0,-0.01592281274497509,14.990032020024955,-0.2886691689491272,11.23606798,12.80422607,5.0,0.9284957647323608,8.0,minimum_jerk,5
1785141519311269206,9.788092613220215,12.942410945892334,4.1056742668151855,1.9302867650985718,-0.28601324558258057,0.6866679787635803,nan,6.296684741973877,1.7074971199035645,world,311178644,1785141519,3.5014541149139404,True,False,False,True,5.0,-0.6584796089355673,8.0,1.1387865543365479,True,1.4793272018432617,True,2.9586544036865234,True,3,normal,12.623591423034668,-1.0150070313734556,0.197174744394901,-0.477074367724561,-0.007240669160600177,0.001406568670817565,-0.0034032647606605515,10.46734076040936,12.953558624698744,4.638682254503589,1.1849900172269834,-0.23019555188802432,0.5569698984877993,8.0,0.0,-0.01592281274497509,14.990032020024955,-0.2886691689491272,11.23606798,12.80422607,5.0,0.8634812235832214,8.0,minimum_jerk,5
1785141519411230723,9.987892150878906,12.91128659248352,4.183450222015381,1.8713901042938232,-0.2526625394821167,0.6548342704772949,nan,6.396684646606445,1.4953789710998535,world,411178735,1785141519,3.5014541149139404,True,False,False,True,4.870689076686358,-0.5349190347333205,8.0,1.1387865543365479,True,1.4793272018432617,True,2.9586544036865234,True,3,normal,12.623591423034668,-1.012850770102947,0.19675587018839868,-0.4760608801816364,0.05077791247939789,-0.009864091188101498,0.0238666725862009,10.580766015085786,12.931524693004214,4.691994477952454,1.0835486768455347,-0.2104896092269959,0.5092903634424868,8.0,0.0,-0.01592281274497509,14.990032020024955,-0.2886691689491272,11.23606798,12.80422607,5.0,0.7813618183135986,8.0,minimum_jerk,5
1785141519511257012,10.173154830932617,12.885793924331665,4.267155170440674,1.808276653289795,-0.19156529009342194,0.6330548524856567,nan,6.496689796447754,1.293637990951538,world,511184175,1785141519,3.5014541149139404,True,False,False,True,3.6322687846303054,-0.4210681097787431,8.0,1.1387865543365479,True,1.4793272018432617,True,2.9586544036865234,True,3,normal,12.623591423034668,-1.0047685002354765,0.19518581259668588,-0.4722620456242197,0.11127177939815969,-0.0216155986934492,0.05230004538011146,10.684072326501433,12.911456462028319,4.740550588084899,0.9826124253622552,-0.19088178487580354,0.4618482306606957,8.0,0.0,-0.01592281274497509,14.990032020024955,-0.2886691689491272,11.23606798,12.80422607,5.0,0.6969924569129944,8.0,minimum_jerk,5
1785141519611273243,10.362783432006836,12.867023944854736,4.348506927490234,1.7004964351654053,-0.11263088881969452,0.6057014465332031,nan,6.5966949462890625,1.0913352966308594,world,611192561,1785141519,3.5014541149139404,True,False,False,True,3.2404525259437977,-0.6843353952505029,8.0,1.1387865543365479,True,1.4793272018432617,True,2.9586544036865234,True,3,normal,12.623591423034668,-0.9905128439669504,0.19241651613464583,-0.4655615913509088,0.1742385102221613,-0.03384748347044941,0.08189571552526731,10.77733549023877,12.893339207760155,4.784386210397555,0.8827906527400842,-0.17149045861554235,0.4149299260707977,8.0,0.0,-0.01592281274497509,14.990032020024955,-0.2886691689491272,11.23606798,12.80422607,5.0,0.6021101474761963,8.0,minimum_jerk,5
1785141519711251111,10.52344036102295,12.8574059009552,4.4167680740356445,1.5438916683197021,-0.052932705730199814,0.5782216787338257,nan,6.696681022644043,0.9224021434783936,world,711174206,1785141519,3.5014541149139404,True,False,False,True,2.5567082487114052,-1.0538274561213505,8.0,1.1387865543365479,True,1.4793272018432617,True,2.9586544036865234,True,3,normal,12.623591423034668,-0.9698411263371991,0.188400838889204,-0.45584545509454255,0.23966512307533616,-0.04655722366652726,0.1126475812705241,10.860682845632976,12.87714819332589,4.8235611970204655,0.7847320383006249,-0.15244164255792647,0.36884034241505503,8.0,0.0,-0.01592281274497509,14.990032020024955,-0.2886691689491272,11.23606798,12.80422607,5.0,0.5287749171257019,8.0,minimum_jerk,5
1785141519811253345,10.675990104675293,12.852715969085693,4.484152317047119,1.316673994064331,-0.020037539303302765,0.5411038994789124,nan,6.796690940856934,0.76297926902771,world,811188082,1785141519,3.5014541149139404,True,False,False,True,2.6796021966184957,-1.41145295472515,8.0,1.1387865543365479,True,1.4793272018432617,True,2.9586544036865234,True,3,normal,12.623591423034668,-0.9424966954938316,0.18308892380338504,-0.44299300515857176,0.30758003036202286,-0.05975033866075119,0.14456899703552217,10.934356593595012,12.86283636890102,4.858189387407805,0.6890488166603106,-0.13385426908497688,0.3238672426680207,8.0,0.0,-0.01592281274497509,14.990032020024955,-0.2886691689491272,11.23606798,12.80422607,5.0,0.4547080397605896,8.0,minimum_jerk,5
1785141519911241313,10.806436538696289,12.836190223693848,4.557188510894775,1.0944194793701172,-0.0376163125038147,0.5008445978164673,nan,6.896689414978027,0.6178081631660461,world,911184075,1785141519,3.5014541149139404,True,False,False,True,1.9890818393845846,-0.806029997273781,7.955698568480116,1.1387865543365479,True,1.4793272018432617,True,2.9586544036865234,True,3,normal,12.623591423034668,-0.9082409071402839,0.17643441195875553,-0.4268920737713655,0.37795931374119984,-0.0734221820884835,0.17764872070363769,10.998602152905583,12.850356059559289,4.888386133479326,0.5964548464956074,-0.11586701201639116,0.28034615522130935,8.0,0.0,-0.01592281274497509,14.990032020024955,-0.2886691689491272,11.23606798,12.80422607,5.0,0.3831712007522583,8.0,minimum_jerk,5
1785141520011244930,10.919443130493164,12.819233655929565,4.624365329742432,0.857559859752655,-0.07241498678922653,0.4484195411205292,nan,6.996692180633545,0.49150577187538147,world,11187211,1785141520,3.5014541149139404,True,False,False,True,2.3623778312731,-0.4954787013707291,8.0,1.1387865543365479,True,1.4793272018432617,True,2.9586544036865234,True,3,normal,12.623591423034668,-0.8668217144022226,0.16838834085901278,-0.4074241936716234,0.45081413359386513,-0.08757492195960337,0.2118919978855356,11.053773809109543,12.839638441972802,4.914317956793109,0.507638590124369,-0.09861361168830385,0.23860067165097476,8.0,0.0,-0.01592281274497509,14.990032020024955,-0.2886691689491272,11.23606798,12.80422607,5.0,0.32020869851112366,8.0,minimum_jerk,5
1785141520111234169,10.999983787536621,12.803605079650879,4.6762518882751465,0.6599989533424377,-0.08567280322313309,0.3968469202518463,nan,7.0966877937316895,0.4006856381893158,world,111181149,1785141520,3.5014541149139404,True,False,False,True,2.758111949901524,-0.2694766424449889,8.0,1.1387865543365479,True,1.4793272018432617,True,2.9586544036865234,True,3,normal,12.623591423034668,-0.8179968246369178,0.1589036428598707,-0.3844754822893153,0.5261361945468837,-0.10220694681918685,0.24729492958370125,11.100280046885288,12.830604164117808,4.9361768536246835,0.42333839430909137,-0.08223749896342447,0.19897783025724713,8.0,0.0,-0.01592281274497509,14.990032020024955,-0.2886691689491272,11.23606798,12.80422607,5.0,0.2799094021320343,8.0,minimum_jerk,5
1785141520211255710,11.065160751342773,12.78954291343689,4.723787307739258,0.4854995906352997,-0.05559850484132767,0.34335651993751526,nan,7.196690082550049,0.3251435458660126,world,211185427,1785141520,3.5014541149139404,True,False,False,True,3.379206768573957,-0.1683330592370471,8.0,1.1387865543365479,True,1.4793272018432617,True,2.9586544036865234,True,3,normal,12.623591423034668,-0.7615126265072032,0.14793105155327835,-0.3579267370331376,0.6039354002593216,-0.11732018054695614,0.28386217072341147,11.138615547275712,12.823157129509088,4.954195334329604,0.3442963772452394,-0.06688283734109834,0.16182644199210294,8.0,0.0,-0.01592281274497509,14.990032020024955,-0.2886691689491272,11.23606798,12.80422607,5.0,0.2441585212945938,8.0,minimum_jerk,5
1785141520311280968,11.127793312072754,12.771501064300537,4.779946804046631,0.3893749415874481,-0.008809974417090416,0.30673524737358093,nan,7.296690464019775,0.24742218852043152,world,311184656,1785141520,3.5014541149139404,True,False,False,True,2.6902434484147797,0.33641337421595524,6.866620790958056,1.1387865543365479,True,1.4793272018432617,True,2.9586544036865234,True,3,normal,12.623591423034668,-0.6971261590881248,0.1354233694747924,-0.32766376122654695,0.6842053520106077,-0.1329133801307405,0.32159071377321347,11.169341605278987,12.817188301268695,4.968637219204769,0.2712975090754952,-0.05270211471791608,0.12751545911194917,8.0,0.0,-0.01592281274497509,14.990032020024955,-0.2886691689491272,11.23606798,12.80422607,5.0,0.19853881001472473,8.0,minimum_jerk,5
1785141520411228198,11.177814483642578,12.761752605438232,4.82342529296875,0.3352537155151367,0.04990043491125107,0.193584606051445,nan,7.396692752838135,0.190725177526474,world,411188233,1785141520,3.5014541149139404,True,False,False,True,2.6466759481560027,0.24891644001064128,7.572518373195079,1.1387865543365479,True,1.4793272018432617,True,2.9586544036865234,True,3,normal,12.623591423034668,-0.6245871774839564,0.12133198417954594,-0.2935689345755783,0.7669497443298114,-0.14898726326785883,0.3604822952384388,11.193103694085025,12.812572290106406,4.97980589404402,0.20514121710357358,-0.03985062743114476,0.09642062903889759,8.0,0.0,-0.01592281274497509,14.990032020024955,-0.2886691689491272,11.23606798,12.80422607,5.0,0.16514022648334503,8.0,minimum_jerk,5
1785141520511289374,11.222046852111816,12.760689973831177,4.852535247802734,0.27957215905189514,0.12848970293998718,0.13793526589870453,nan,7.496687412261963,0.15439507365226746,world,511181320,1785141520,3.5014541149139404,True,False,False,True,2.326175999771679,-0.10027910800986833,8.0,1.1387865543365479,True,1.4793272018432617,True,2.9586544036865234,True,3,normal,12.623591423034668,-0.543656638832303,0.10561045932391133,-0.25552990197439307,0.8521598069291807,-0.16554012624671866,0.4005327929018456,11.210625438477216,12.809168525043612,4.988041477511871,0.14666115640757482,-0.028490320887920362,0.06893378695930785,8.0,0.0,-0.01592281274497509,14.990032020024955,-0.2886691689491272,11.23606798,12.80422607,5.0,0.14436951279640198,8.0,minimum_jerk,5
1785141520611237606,11.254925727844238,12.770670175552368,4.879207134246826,0.18826846778392792,0.20600204169750214,0.17711593210697174,nan,7.596689224243164,0.12677748501300812,world,611182943,1785141520,3.5014541149139404,True,False,False,True,2.4259623037623395,-0.6763942876951718,8.0,1.1387865543365479,True,1.4793272018432617,True,2.9586544036865234,True,3,normal,12.623591423034668,-0.4540753519284024,0.08820844455762744,-0.2134248381781365,0.939848210823202,-0.18257443053208355,0.4417481624031865,11.222719081089451,12.806819220243575,4.993725740501571,0.09670065115503945,-0.018785018807716547,0.04545131273220804,8.0,0.0,-0.01592281274497509,14.990032020024955,-0.2886691689491272,11.23606798,12.80422607,5.0,0.12433234602212906,8.0,minimum_jerk,5
1785141520711239519,11.271197319030762,12.764564514160156,4.925748825073242,0.08603332191705704,0.21075326204299927,0.17365466058254242,nan,7.696683406829834,0.09121593087911606,world,711176040,1785141520,3.5014541149139404,True,False,False,True,2.7372488816287284,-0.06449051300667258,5.279351920265377,1.1387865543365479,True,1.4793272018432617,True,2.9586544036865234,True,3,normal,12.623591423034668,-0.35560919404123226,0.06908045931925999,-0.1671437006448091,1.030002190752226,-0.20008769635117352,0.4841224038055274,11.230278808057378,12.805350671567043,4.997278969052623,0.056143673063353106,-0.010906441082163987,0.026388691408556042,8.0,0.0,-0.01592281274497509,14.990032020024955,-0.2886691689491272,11.23606798,12.80422607,5.0,0.09194779396057129,8.0,minimum_jerk,5
1785141520811219522,11.277597427368164,12.762527465820312,4.952108383178711,0.017809975892305374,0.18905584514141083,-0.13846826553344727,nan,7.796684741973877,0.07587539404630661,world,811177653,1785141520,3.5014541149139404,True,False,False,True,3.17632842188017,0.1057206269775873,6.619553091666935,1.1387865543365479,True,1.4793272018432617,True,2.9586544036865234,True,3,normal,12.623591423034668,-0.24799629100041187,0.04817563206702369,-0.11656340308003799,1.1226351644342456,-0.2180825302229905,0.5276618237147628,11.23429066459272,12.804571330377817,4.999164624876514,0.02588574266959398,-0.00502855107067024,0.012166836224242417,8.0,0.0,-0.01592281274497509,14.990032020024955,-0.2886691689491272,11.23606798,12.80422607,5.0,0.07653399556875229,8.0,minimum_jerk,5
1785141520911287200,11.27695083618164,12.762966871261597,4.946413516998291,-0.030029883608222008,0.17258070409297943,-0.2002105861902237,nan,7.896684169769287,0.07902683317661285,world,911177673,1785141520,3.5014541149139404,True,False,False,True,3.477011082951958,-0.0004273946297193576,8.0,1.1387865543365479,True,1.4793272018432617,True,2.9586544036865234,True,3,normal,12.623591423034668,-0.1309990584076921,0.025447809777788155,-0.06157227588639991,1.2177384128105384,-0.23655723838766796,0.5723623239923588,11.235830290081445,12.80427224352145,4.999888280805827,0.006856860262850262,-0.001332010151545937,0.0032228666140881046,8.0,0.0,-0.01592281274497509,14.990032020024955,-0.2886691689491272,11.23606798,12.80422607,5.0,0.07909856736660004,8.0,minimum_jerk,5
1785141521011232266,11.27223014831543,12.767456293106079,4.950428009033203,-0.03554266318678856,0.19083598256111145,0.03067372553050518,nan,7.996682643890381,0.0715339183807373,world,11179336,1785141521,3.5014541149139404,True,False,False,True,3.7600053295135094,-0.1561421532042169,8.0,1.1387865543365479,True,1.4793272018432617,True,2.9586544036865234,True,3,normal,12.623591423034668,-0.004368785435961087,0.0008486780140675165,-0.002053419814012969,1.315313362299051,-0.2555120979404233,0.6182245750843522,11.23606797198211,12.804226071557549,4.999999996231416,7.249389419428098e-06,-1.4082626620393057e-06,3.4073634651576867e-06,8.0,0.0,-0.01592281274497509,14.990032020024955,-0.2886691689491272,11.23606798,12.80422607,5.0,0.0715339183807373,8.0,minimum_jerk,5
1785141521111345490,11.26973819732666,12.775433778762817,4.994211673736572,0.0007372056134045124,0.22229580581188202,0.09715598821640015,0.01668819971382618,8.096689224243164,0.04467867687344551,world,111185608,1785141521,3.5014541149139404,True,True,True,True,3.686717525251563,-0.4384112957562652,3.435828032599869,1.1387865543365479,True,1.4793272018432617,True,2.9586544036865234,True,3,normal,12.623591423034668,0.0,0.0,0.0,1.3185926710248017,-0.2561491347685494,0.6197659182362258,11.236067980000001,12.804226069999999,5.0,0.0,0.0,0.0,8.0,0.0,-0.01592281274497509,14.990032020024955,-0.2886691689491272,11.23606798,12.80422607,5.0,0.04467867687344551,8.0,minimum_jerk,5
1785141521211283673,11.270440101623535,12.789583921432495,5.011324882507324,0.02849195897579193,0.22681686282157898,-0.3703019618988037,0.01668819971382618,8.19669246673584,0.03903957083821297,world,211186359,1785141521,3.5014541149139404,True,True,True,True,3.4398067270267556,-0.859021409754247,5.245949651563512,1.1387865543365479,True,1.4793272018432617,True,2.9586544036865234,True,3,normal,12.623591423034668,0.0,0.0,0.0,1.3185926710248017,-0.2561491347685494,0.6197659182362258,11.236067980000001,12.804226069999999,5.0,0.0,0.0,0.0,8.0,0.0,-0.01592281274497509,14.990032020024955,-0.2886691689491272,11.23606798,12.80422607,5.0,0.03903957083821297,8.0,minimum_jerk,5
1785141521311210074,11.273608207702637,12.804811000823975,4.980045795440674,0.06312825530767441,0.2128889262676239,-0.5277010798454285,0.01668819971382618,8.296680450439453,0.0425180085003376,world,311173695,1785141521,3.5014541149139404,True,True,True,True,3.2015206714134328,-1.2590352435111059,8.0,1.1387865543365479,True,1.4793272018432617,True,2.9586544036865234,True,3,normal,12.623591423034668,0.0,0.0,0.0,1.3185926710248017,-0.2561491347685494,0.6197659182362258,11.236067980000001,12.804226069999999,5.0,0.0,0.0,0.0,8.0,0.0,-0.01592281274497509,14.990032020024955,-0.2886691689491272,11.23606798,12.80422607,5.0,0.0425180085003376,8.0,minimum_jerk,5
1785141521411234280,11.280797958374023,12.819530248641968,4.963837146759033,0.08727234601974487,0.14483092725276947,-0.06519409269094467,0.01668819971382618,8.396678924560547,0.05952092632651329,world,411171551,1785141521,3.5014541149139404,True,True,True,True,2.856509336271322,-1.4483168299022504,8.0,1.1387865543365479,True,1.4793272018432617,True,2.9586544036865234,True,3,normal,12.623591423034668,0.0,0.0,0.0,1.3185926710248017,-0.2561491347685494,0.6197659182362258,11.236067980000001,12.804226069999999,5.0,0.0,0.0,0.0,8.0,0.0,-0.01592281274497509,14.990032020024955,-0.2886691689491272,11.23606798,12.80422607,5.0,0.05952092632651329,8.0,minimum_jerk,5
1785141521511248957,11.275578498840332,12.821449041366577,5.00960111618042,0.056967977434396744,0.05456995218992233,0.10549601912498474,0.01668819971382618,8.496694564819336,0.044157594442367554,world,511191990,1785141521,3.5014541149139404,True,True,True,True,3.2744779767500067,-1.0220639259469297,1.73278353361811,1.1387865543365479,True,1.4793272018432617,True,2.9586544036865234,True,3,normal,12.623591423034668,0.0,0.0,0.0,1.3185926710248017,-0.2561491347685494,0.6197659182362258,11.236067980000001,12.804226069999999,5.0,0.0,0.0,0.0,8.0,0.0,-0.01592281274497509,14.990032020024955,-0.2886691689491272,11.23606798,12.80422607,5.0,0.044157594442367554,8.0,minimum_jerk,5
1785141521611219051,11.27015495300293,12.819372415542603,5.0255560874938965,0.03948964178562164,0.01938769780099392,-0.4848809242248535,0.01668819971382618,8.596681594848633,0.04521556198596954,world,611177953,1785141521,3.5014541149139404,True,True,True,True,3.475785760670233,-0.6662440380148175,3.6877045864939126,1.1387865543365479,True,1.4793272018432617,True,2.9586544036865234,True,3,normal,12.623591423034668,0.0,0.0,0.0,1.3185926710248017,-0.2561491347685494,0.6197659182362258,11.236067980000001,12.804226069999999,5.0,0.0,0.0,0.0,8.0,0.0,-0.01592281274497509,14.990032020024955,-0.2886691689491272,11.23606798,12.80422607,5.0,0.04521556198596954,8.0,minimum_jerk,5
1785141521711246152,11.265859603881836,12.816585063934326,4.9795379638671875,0.018374620005488396,-0.016857251524925232,-0.7381383180618286,0.01668819971382618,8.696687698364258,0.03819660469889641,world,711184967,1785141521,3.5014541149139404,True,True,True,True,3.4251531526655588,-0.613562057471005,8.0,1.1387865543365479,True,1.4793272018432617,True,2.9586544036865234,True,3,normal,12.623591423034668,0.0,0.0,0.0,1.3185926710248017,-0.2561491347685494,0.6197659182362258,11.236067980000001,12.804226069999999,5.0,0.0,0.0,0.0,8.0,0.0,-0.01592281274497509,14.990032020024955,-0.2886691689491272,11.23606798,12.80422607,5.0,0.03819660469889641,8.0,minimum_jerk,5
1785141521811220824,11.261219024658203,12.810821294784546,4.952217102050781,0.015981007367372513,-0.04562685266137123,-0.08726523816585541,0.01668819971382618,8.796685218811035,0.054399240761995316,world,811179667,1785141521,3.5014541149139404,True,True,True,True,3.449655065932993,-0.4312425006707199,8.0,1.1387865543365479,True,1.4793272018432617,True,2.9586544036865234,True,3,normal,12.623591423034668,0.0,0.0,0.0,1.3185926710248017,-0.2561491347685494,0.6197659182362258,11.236067980000001,12.804226069999999,5.0,0.0,0.0,0.0,8.0,0.0,-0.01592281274497509,14.990032020024955,-0.2886691689491272,11.23606798,12.80422607,5.0,0.054399240761995316,8.0,minimum_jerk,5
1785141521911259868,11.256845474243164,12.805698156356812,5.003551006317139,0.03911207616329193,-0.024292776361107826,0.15530362725257874,0.01668819971382618,8.896688461303711,0.021130096167325974,world,911181961,1785141521,3.5014541149139404,True,True,True,True,3.494486577316511,-0.30539365334366686,0.08100235906024,1.1387865543365479,True,1.4793272018432617,True,2.9586544036865234,True,3,normal,12.623591423034668,0.0,0.0,0.0,1.3185926710248017,-0.2561491347685494,0.6197659182362258,11.236067980000001,12.804226069999999,5.0,0.0,0.0,0.0,8.0,0.0,-0.01592281274497509,14.990032020024955,-0.2886691689491272,11.23606798,12.80422607,5.0,0.021130096167325974,8.0,minimum_jerk,5
1785141522011272021,11.255682945251465,12.803154230117798,5.023837089538574,0.04532843455672264,-0.0157852154225111,-0.5154941082000732,0.01668819971382618,8.996687889099121,0.030888549983501434,world,11181891,1785141522,3.5014541149139404,True,True,True,True,3.3231326537799806,-0.4206031761504391,2.513396317795735,1.1387865543365479,True,1.4793272018432617,True,2.9586544036865234,True,3,normal,12.623591423034668,0.0,0.0,0.0,1.3185926710248017,-0.2561491347685494,0.6197659182362258,11.236067980000001,12.804226069999999,5.0,0.0,0.0,0.0,8.0,0.0,-0.01592281274497509,14.990032020024955,-0.2886691689491272,11.23606798,12.80422607,5.0,0.030888549983501434,8.0,minimum_jerk,5
1785141522111248667,11.256257057189941,12.80227518081665,4.970860004425049,0.053144875913858414,0.005706303287297487,-0.866337239742279,0.01668819971382618,9.096691131591797,0.03550414368510246,world,111187111,1785141522,3.5014541149139404,True,True,True,True,3.183679247511924,-0.48215448937226746,8.0,1.1387865543365479,True,1.4793272018432617,True,2.9586544036865234,True,3,normal,12.623591423034668,0.0,0.0,0.0,1.3185926710248017,-0.2561491347685494,0.6197659182362258,11.236067980000001,12.804226069999999,5.0,0.0,0.0,0.0,8.0,0.0,-0.01592281274497509,14.990032020024955,-0.2886691689491272,11.23606798,12.80422607,5.0,0.03550414368510246,8.0,minimum_jerk,5
1785141522211242245,11.259115219116211,12.80693769454956,4.93270206451416,0.0593600757420063,0.0693613737821579,-0.14508792757987976,0.01668819971382618,9.196678161621094,0.07118665426969528,world,211171070,1785141522,3.5014541149139404,True,True,True,True,3.000219915816164,-0.7480388179432673,8.0,1.1387865543365479,True,1.4793272018432617,True,2.9586544036865234,True,3,normal,12.623591423034668,0.0,0.0,0.0,1.3185926710248017,-0.2561491347685494,0.6197659182362258,11.236067980000001,12.804226069999999,5.0,0.0,0.0,0.0,8.0,0.0,-0.01592281274497509,14.990032020024955,-0.2886691689491272,11.23606798,12.80422607,5.0,0.07118665426969528,8.0,minimum_jerk,5
1785141522311271209,11.257017135620117,12.810137271881104,4.987633228302002,0.036546092480421066,0.08208862692117691,0.20797619223594666,0.01668819971382618,9.296734809875488,0.02503490447998047,world,311228970,1785141522,3.5014541149139404,True,True,True,True,3.1472875996769885,-0.8785907824947211,-0.5880338975187631,1.1387865543365479,True,1.4793272018432617,True,2.9586544036865234,True,3,normal,12.623591423034668,0.0,0.0,0.0,1.3185926710248017,-0.2561491347685494,0.6197659182362258,11.236067980000001,12.804226069999999,5.0,0.0,0.0,0.0,8.0,0.0,-0.01592281274497509,14.990032020024955,-0.2886691689491272,11.23606798,12.80422607,5.0,0.02503490447998047,8.0,minimum_jerk,5
1785141522411303711,11.25479793548584,12.815185308456421,5.016360759735107,0.02938077412545681,0.07438056170940399,-0.48260995745658875,0.01668819971382618,9.396733283996582,0.027177022770047188,world,411228228,1785141522,3.5014541149139404,True,True,True,True,3.231262767044417,-0.9844265735047286,1.1692792075891463,1.1387865543365479,True,1.4793272018432617,True,2.9586544036865234,True,3,normal,12.623591423034668,0.0,0.0,0.0,1.3185926710248017,-0.2561491347685494,0.6197659182362258,11.236067980000001,12.804226069999999,5.0,0.0,0.0,0.0,8.0,0.0,-0.01592281274497509,14.990032020024955,-0.2886691689491272,11.23606798,12.80422607,5.0,0.027177022770047188,8.0,minimum_jerk,5
1785141522511299383,11.253636360168457,12.820022344589233,4.962244510650635,0.020207248628139496,0.05108071118593216,-0.9664925932884216,0.01668819971382618,9.49673843383789,0.04453815519809723,world,511231444,1785141522,3.5014541149139404,True,True,True,True,3.1641336461928287,-1.1247874082582363,8.0,1.1387865543365479,True,1.4793272018432617,True,2.9586544036865234,True,3,normal,12.623591423034668,0.0,0.0,0.0,1.3185926710248017,-0.2561491347685494,0.6197659182362258,11.236067980000001,12.804226069999999,5.0,0.0,0.0,0.0,8.0,0.0,-0.01592281274497509,14.990032020024955,-0.2886691689491272,11.23606798,12.80422607,5.0,0.04453815519809723,8.0,minimum_jerk,5
1785141522611281068,11.2513427734375,12.820160627365112,4.911284446716309,-0.004517761524766684,-0.03819899260997772,-0.26543593406677246,0.01668819971382618,9.596735000610352,0.09142034500837326,world,611229481,1785141522,3.5014541149139404,True,True,True,True,3.18633890715644,-0.9999496165395699,8.0,1.1387865543365479,True,1.4793272018432617,True,2.9586544036865234,True,3,normal,12.623591423034668,0.0,0.0,0.0,1.3185926710248017,-0.2561491347685494,0.6197659182362258,11.236067980000001,12.804226069999999,5.0,0.0,0.0,0.0,8.0,0.0,-0.01592281274497509,14.990032020024955,-0.2886691689491272,11.23606798,12.80422607,5.0,0.09142034500837326,8.0,minimum_jerk,5
1785141522711358855,11.245792388916016,12.814141750335693,4.96329402923584,-0.008332744240760803,-0.09078633040189743,0.22169117629528046,0.01668819971382618,9.696754455566406,0.03924554958939552,world,711253696,1785141522,3.5014541149139404,True,True,True,True,3.428743150983776,-0.5661949316423406,-0.5166071529291463,1.1387865543365479,True,1.4793272018432617,True,2.9586544036865234,True,3,normal,12.623591423034668,0.0,0.0,0.0,1.3185926710248017,-0.2561491347685494,0.6197659182362258,11.236067980000001,12.804226069999999,5.0,0.0,0.0,0.0,8.0,0.0,-0.01592281274497509,14.990032020024955,-0.2886691689491272,11.23606798,12.80422607,5.0,0.03924554958939552,8.0,minimum_jerk,5
1785141522811340681,11.241268157958984,12.805347442626953,4.996949195861816,-0.0062940651550889015,-0.09601329267024994,-0.43208473920822144,0.01668819971382618,9.796754837036133,0.006132432725280523,world,811252695,1785141522,3.5014541149139404,True,True,True,True,3.458211149299042,-0.28856710244459904,0.596665496688445,1.1387865543365479,True,1.4793272018432617,True,2.9586544036865234,True,3,normal,12.623591423034668,0.0,0.0,0.0,1.3185926710248017,-0.2561491347685494,0.6197659182362258,11.236067980000001,12.804226069999999,5.0,0.0,0.0,0.0,8.0,0.0,-0.01592281274497509,14.990032020024955,-0.2886691689491272,11.23606798,12.80422607,5.0,0.006132432725280523,8.0,minimum_jerk,5
1785141522911336873,11.23841381072998,12.79756784439087,4.946565628051758,0.002320231171324849,-0.08492330461740494,-0.9711620211601257,0.01668819971382618,9.896743774414062,0.05389867350459099,world,911242525,1785141522,3.5014541149139404,True,True,True,True,3.427305727714545,-0.1549506054054519,8.0,1.1387865543365479,True,1.4793272018432617,True,2.9586544036865234,True,3,normal,12.623591423034668,0.0,0.0,0.0,1.3185926710248017,-0.2561491347685494,0.6197659182362258,11.236067980000001,12.804226069999999,5.0,0.0,0.0,0.0,8.0,0.0,-0.01592281274497509,14.990032020024955,-0.2886691689491272,11.23606798,12.80422607,5.0,0.05389867350459099,8.0,minimum_jerk,5
1785141523011381177,11.238595008850098,12.79435682296753,4.889544486999512,0.042171310633420944,0.007196960039436817,-0.35617566108703613,0.01668819971382618,9.996763229370117,0.11092433333396912,world,11265619,1785141523,3.5014541149139404,True,True,True,True,3.3018465260298204,-0.2528770651919504,8.0,1.1387865543365479,True,1.4793272018432617,True,2.9586544036865234,True,3,normal,12.623591423034668,0.0,0.0,0.0,1.3185926710248017,-0.2561491347685494,0.6197659182362258,11.236067980000001,12.804226069999999,5.0,0.0,0.0,0.0,8.0,0.0,-0.01592281274497509,14.990032020024955,-0.2886691689491272,11.23606798,12.80422607,5.0,0.11092433333396912,8.0,minimum_jerk,5
1785141523111293061,11.237370491027832,12.797051668167114,4.934256553649902,0.06509766727685928,0.09379029273986816,0.23144865036010742,0.01668819971382618,10.096741676330566,0.06614657491445541,world,111235702,1785141523,3.5014541149139404,True,True,True,True,3.31459818167542,-0.6058150270089813,0.4202799925163392,1.1387865543365479,True,1.4793272018432617,True,2.9586544036865234,True,3,normal,12.623591423034668,0.0,0.0,0.0,1.3185926710248017,-0.2561491347685494,0.6197659182362258,11.236067980000001,12.804226069999999,5.0,0.0,0.0,0.0,8.0,0.0,-0.01592281274497509,14.990032020024955,-0.2886691689491272,11.23606798,12.80422607,5.0,0.06614657491445541,8.0,minimum_jerk,5
1785141523211326784,11.239001274108887,12.806410551071167,4.976201057434082,0.06608820706605911,0.10758701711893082,-0.2964007556438446,0.01668819971382618,10.196744918823242,0.024078326299786568,world,211239790,1785141523,3.5014541149139404,True,True,True,True,3.1974687198754976,-1.0755397303027465,0.13989239909499473,1.1387865543365479,True,1.4793272018432617,True,2.9586544036865234,True,3,normal,12.623591423034668,0.0,0.0,0.0,1.3185926710248017,-0.2561491347685494,0.6197659182362258,11.236067980000001,12.804226069999999,5.0,0.0,0.0,0.0,8.0,0.0,-0.01592281274497509,14.990032020024955,-0.2886691689491272,11.23606798,12.80422607,5.0,0.024078326299786568,8.0,minimum_jerk,5
1785141523311315162,11.241690635681152,12.815715312957764,4.93634033203125,0.06204691156744957,0.0995091125369072,-0.9057778120040894,0.01668819971382618,10.296747207641602,0.06493204087018967,world,311242285,1785141523,3.5014541149139404,True,True,True,True,3.0625043163508936,-1.3232318370520195,7.852753074024253,1.1387865543365479,True,1.4793272018432617,True,2.9586544036865234,True,3,normal,12.623591423034668,0.0,0.0,0.0,1.3185926710248017,-0.2561491347685494,0.6197659182362258,11.236067980000001,12.804226069999999,5.0,0.0,0.0,0.0,8.0,0.0,-0.01592281274497509,14.990032020024955,-0.2886691689491272,11.23606798,12.80422607,5.0,0.06493204087018967,8.0,minimum_jerk,5
1785141523411362642,11.244119644165039,12.822476625442505,4.880434989929199,0.03319926559925079,0.01986793801188469,-0.3419298827648163,0.01668819971382618,10.396759033203125,0.12121758610010147,world,411260309,1785141523,3.5014541149139404,True,True,True,True,3.0108736703239054,-1.354309556284659,8.0,1.1387865543365479,True,1.4793272018432617,True,2.9586544036865234,True,3,normal,12.623591423034668,0.0,0.0,0.0,1.3185926710248017,-0.2561491347685494,0.6197659182362258,11.236067980000001,12.804226069999999,5.0,0.0,0.0,0.0,8.0,0.0,-0.01592281274497509,14.990032020024955,-0.2886691689491272,11.23606798,12.80422607,5.0,0.12121758610010147,8.0,minimum_jerk,5
1785141523511458042,11.23803997039795,12.815161228179932,4.92610502243042,-0.0027337134815752506,-0.08371348679065704,0.27379828691482544,0.01668819971382618,10.496774673461914,0.07472572475671768,world,511275678,1785141523,3.5014541149139404,True,True,True,True,3.4479278783180947,-0.6635298932414648,0.5520352687149299,1.1387865543365479,True,1.4793272018432617,True,2.9586544036865234,True,3,normal,12.623591423034668,0.0,0.0,0.0,1.3185926710248017,-0.2561491347685494,0.6197659182362258,11.236067980000001,12.804226069999999,5.0,0.0,0.0,0.0,8.0,0.0,-0.01592281274497509,14.990032020024955,-0.2886691689491272,11.23606798,12.80422607,5.0,0.07472572475671768,8.0,minimum_jerk,5
1785141523611426683,11.231328010559082,12.801656723022461,4.9731125831604,-0.009740158915519714,-0.10967432707548141,-0.21728530526161194,0.01668819971382618,10.596768379211426,0.027422655373811722,world,611268514,1785141523,3.5014541149139404,True,True,True,True,3.674451966005235,-0.050829931211713975,-0.1651330140837719,1.1387865543365479,True,1.4793272018432617,True,2.9586544036865234,True,3,normal,12.623591423034668,0.0,0.0,0.0,1.3185926710248017,-0.2561491347685494,0.6197659182362258,11.236067980000001,12.804226069999999,5.0,0.0,0.0,0.0,8.0,0.0,-0.01592281274497509,14.990032020024955,-0.2886691689491272,11.23606798,12.80422607,5.0,0.027422655373811722,8.0,minimum_jerk,5
1785141523711351281,11.2266206741333,12.789661407470703,4.937899112701416,-0.005078234244138002,-0.10513259470462799,-0.8506126403808594,0.01668819971382618,10.696746826171875,0.06448178738355637,world,711240301,1785141523,3.5014541149139404,True,True,True,True,3.6871563881983787,0.17543647970032905,7.419042360533866,1.1387865543365479,True,1.4793272018432617,True,2.9586544036865234,True,3,normal,12.623591423034668,0.0,0.0,0.0,1.3185926710248017,-0.2561491347685494,0.6197659182362258,11.236067980000001,12.804226069999999,5.0,0.0,0.0,0.0,8.0,0.0,-0.01592281274497509,14.990032020024955,-0.2886691689491272,11.23606798,12.80422607,5.0,0.06448178738355637,8.0,minimum_jerk,5
1785141523811394302,11.225350379943848,12.781491756439209,4.882474422454834,0.049300532788038254,-0.013904227875173092,-0.35805487632751465,0.01668819971382618,10.796764373779297,0.12018310278654099,world,811260700,1785141523,3.5014541149139404,True,True,True,True,3.591839654348771,0.1790264202629065,8.0,1.1387865543365479,True,1.4793272018432617,True,2.9586544036865234,True,3,normal,12.623591423034668,0.0,0.0,0.0,1.3185926710248017,-0.2561491347685494,0.6197659182362258,11.236067980000001,12.804226069999999,5.0,0.0,0.0,0.0,8.0,0.0,-0.01592281274497509,14.990032020024955,-0.2886691689491272,11.23606798,12.80422607,5.0,0.12018310278654099,8.0,minimum_jerk,5
1785141523911360388,11.226430892944336,12.785335779190063,4.921342372894287,0.11080881208181381,0.12487050890922546,0.2429482638835907,0.01668819971382618,10.896753311157227,0.0814661830663681,world,911248547,1785141523,3.5014541149139404,True,True,True,True,3.4393599385377427,-0.36996509660705174,1.388221515606566,1.1387865543365479,True,1.4793272018432617,True,2.9586544036865234,True,3,normal,12.623591423034668,0.0,0.0,0.0,1.3185926710248017,-0.2561491347685494,0.6197659182362258,11.236067980000001,12.804226069999999,5.0,0.0,0.0,0.0,8.0,0.0,-0.01592281274497509,14.990032020024955,-0.2886691689491272,11.23606798,12.80422607,5.0,0.0814661830663681,8.0,minimum_jerk,5
1785141524011315433,11.233654022216797,12.800703287124634,4.970032215118408,0.12400981038808823,0.1682269424200058,-0.12243902683258057,0.01668819971382618,10.996746063232422,0.030270535498857498,world,11239610,1785141524,3.5014541149139404,True,True,True,True,3.0702031465796464,-1.2030331288370124,-0.09321693114505214,1.1387865543365479,True,1.4793272018432617,True,2.9586544036865234,True,3,normal,12.623591423034668,0.0,0.0,0.0,1.3185926710248017,-0.2561491347685494,0.6197659182362258,11.236067980000001,12.804226069999999,5.0,0.0,0.0,0.0,8.0,0.0,-0.01592281274497509,14.990032020024955,-0.2886691689491272,11.23606798,12.80422607,5.0,0.030270535498857498,8.0,minimum_jerk,5
1785141524111340230,11.241841316223145,12.816267728805542,4.943445205688477,0.11935880035161972,0.1622997522354126,-0.7631093859672546,0.01668819971382618,11.096756935119629,0.05811004713177681,world,111253957,1785141524,3.5014541149139404,True,True,True,True,2.8064231757187303,-1.6295222274760301,6.656312750678441,1.1387865543365479,True,1.4793272018432617,True,2.9586544036865234,True,3,normal,12.623591423034668,0.0,0.0,0.0,1.3185926710248017,-0.2561491347685494,0.6197659182362258,11.236067980000001,12.804226069999999,5.0,0.0,0.0,0.0,8.0,0.0,-0.01592281274497509,14.990032020024955,-0.2886691689491272,11.23606798,12.80422607,5.0,0.05811004713177681,8.0,minimum_jerk,5
1785141524211349046,11.249402046203613,12.829997301101685,4.887894630432129,0.06457981467247009,0.07690979540348053,-0.357727974653244,0.01668819971382618,11.19677734375,0.1157996878027916,world,211277211,1785141524,3.5014541149139404,True,True,True,True,2.6994649047758026,-1.7652781689913788,8.0,1.1387865543365479,True,1.4793272018432617,True,2.9586544036865234,True,3,normal,12.623591423034668,0.0,0.0,0.0,1.3185926710248017,-0.2561491347685494,0.6197659182362258,11.236067980000001,12.804226069999999,5.0,0.0,0.0,0.0,8.0,0.0,-0.01592281274497509,14.990032020024955,-0.2886691689491272,11.23606798,12.80422607,5.0,0.1157996878027916,8.0,minimum_jerk,5
1785141524311395244,11.244956016540527,12.8270103931427,4.924606800079346,-0.02404174953699112,-0.08422775566577911,0.267604798078537,0.01668819971382618,11.296780586242676,0.0792606920003891,world,311280948,1785141524,3.5014541149139404,True,True,True,True,3.2252972165982166,-1.1134328732098127,1.6749511410320554,1.1387865543365479,True,1.4793272018432617,True,2.9586544036865234,True,3,normal,12.623591423034668,0.0,0.0,0.0,1.3185926710248017,-0.2561491347685494,0.6197659182362258,11.236067980000001,12.804226069999999,5.0,0.0,0.0,0.0,8.0,0.0,-0.01592281274497509,14.990032020024955,-0.2886691689491272,11.23606798,12.80422607,5.0,0.0792606920003891,8.0,minimum_jerk,5
1785141524411415111,11.23500919342041,12.811519384384155,4.976934432983398,-0.05744125694036484,-0.15020851790905,-0.04779941216111183,0.01668819971382618,11.396783828735352,0.024214331060647964,world,411281970,1785141524,3.5014541149139404,True,True,True,True,3.74316887596889,-0.17519651507370765,-0.3909662442003472,1.1387865543365479,True,1.4793272018432617,True,2.9586544036865234,True,3,normal,12.623591423034668,0.0,0.0,0.0,1.3185926710248017,-0.2561491347685494,0.6197659182362258,11.236067980000001,12.804226069999999,5.0,0.0,0.0,0.0,8.0,0.0,-0.01592281274497509,14.990032020024955,-0.2886691689491272,11.23606798,12.80422607,5.0,0.024214331060647964,8.0,minimum_jerk,5
1785141524511327636,11.226293563842773,12.796044826507568,4.953817844390869,-0.05642005428671837,-0.15285630524158478,-0.7351963520050049,0.01668819971382618,11.496779441833496,0.04790890961885452,world,511277431,1785141524,3.5014541149139404,True,True,True,True,3.9144571806405613,0.24231303104957874,6.20475047224554,1.1387865543365479,True,1.4793272018432617,True,2.9586544036865234,True,3,normal,12.623591423034668,0.0,0.0,0.0,1.3185926710248017,-0.2561491347685494,0.6197659182362258,11.236067980000001,12.804226069999999,5.0,0.0,0.0,0.0,8.0,0.0,-0.01592281274497509,14.990032020024955,-0.2886691689491272,11.23606798,12.80422607,5.0,0.04790890961885452,8.0,minimum_jerk,5
1785141524611387499,11.220393180847168,12.781936645507812,4.898194789886475,0.004669716581702232,-0.08737538009881973,-0.367703378200531,0.01668819971382618,11.596779823303223,0.10538889467716217,world,611278483,1785141524,3.5014541149139404,True,True,True,True,3.8979210207348984,0.376711634324812,8.0,1.1387865543365479,True,1.4793272018432617,True,2.9586544036865234,True,3,normal,12.623591423034668,0.0,0.0,0.0,1.3185926710248017,-0.2561491347685494,0.6197659182362258,11.236067980000001,12.804226069999999,5.0,0.0,0.0,0.0,8.0,0.0,-0.01592281274497509,14.990032020024955,-0.2886691689491272,11.23606798,12.80422607,5.0,0.10538889467716217,8.0,minimum_jerk,5
1785141524711356561,11.218053817749023,12.778491497039795,4.929920673370361,0.10645623505115509,0.06854143738746643,0.23259581625461578,0.01668819971382618,11.696784973144531,0.0767977237701416,world,711284114,1785141524,3.5014541149139404,True,True,True,True,3.8022056396568087,0.09495300685814112,2.0879880609481702,1.1387865543365479,True,1.4793272018432617,True,2.9586544036865234,True,3,normal,12.623591423034668,0.0,0.0,0.0,1.3185926710248017,-0.2561491347685494,0.6197659182362258,11.236067980000001,12.804226069999999,5.0,0.0,0.0,0.0,8.0,0.0,-0.01592281274497509,14.990032020024955,-0.2886691689491272,11.23606798,12.80422607,5.0,0.0767977237701416,8.0,minimum_jerk,5
1785141524811337655,11.225875854492188,12.789104700088501,4.976518630981445,0.14387108385562897,0.13987700641155243,-0.07107619941234589,0.01668819971382618,11.796762466430664,0.029730623587965965,world,811255460,1785141524,3.5014541149139404,True,True,True,True,3.240667082830897,-0.7669373318021722,0.1649482942143603,1.1387865543365479,True,1.4793272018432617,True,2.9586544036865234,True,3,normal,12.623591423034668,0.0,0.0,0.0,1.3185926710248017,-0.2561491347685494,0.6197659182362258,11.236067980000001,12.804226069999999,5.0,0.0,0.0,0.0,8.0,0.0,-0.01592281274497509,14.990032020024955,-0.2886691689491272,11.23606798,12.80422607,5.0,0.029730623587965965,8.0,minimum_jerk,5
1785141524911428386,11.23570728302002,12.801871538162231,4.9534502029418945,0.14390520751476288,0.14869922399520874,-0.6860433220863342,0.01668819971382618,11.896768569946289,0.04661070182919502,world,911262303,1785141524,3.5014541149139404,True,True,True,True,2.8656370693676623,-1.2353628451502965,6.355622737972752,1.1387865543365479,True,1.4793272018432617,True,2.9586544036865234,True,3,normal,12.623591423034668,0.0,0.0,0.0,1.3185926710248017,-0.2561491347685494,0.6197659182362258,11.236067980000001,12.804226069999999,5.0,0.0,0.0,0.0,8.0,0.0,-0.01592281274497509,14.990032020024955,-0.2886691689491272,11.23606798,12.80422607,5.0,0.04661070182919502,8.0,minimum_jerk,5
1785141525011462521,11.24644660949707,12.816598653793335,4.905160903930664,0.10777192562818527,0.13186205923557281,-0.2602231204509735,0.01668819971382618,11.996795654296875,0.09620421379804611,world,11306236,1785141525,3.5014541149139404,True,True,True,True,2.682467332845257,-1.483290270097576,8.0,1.1387865543365479,True,1.4793272018432617,True,2.9586544036865234,True,3,normal,12.623591423034668,0.0,0.0,0.0,1.3185926710248017,-0.2561491347685494,0.6197659182362258,11.236067980000001,12.804226069999999,5.0,0.0,0.0,0.0,8.0,0.0,-0.01592281274497509,14.990032020024955,-0.2886691689491272,11.23606798,12.80422607,5.0,0.09620421379804611,8.0,minimum_jerk,5
1785141525111339969,11.246800422668457,12.816906929016113,4.947872161865234,0.016516638919711113,0.0237588994204998,0.3527711033821106,0.01668819971382618,12.096766471862793,0.05471106991171837,world,111260629,1785141525,3.5014541149139404,True,True,True,True,3.016954450315009,-1.0409683919538828,0.9246989313291398,1.1387865543365479,True,1.4793272018432617,True,2.9586544036865234,True,3,normal,12.623591423034668,0.0,0.0,0.0,1.3185926710248017,-0.2561491347685494,0.6197659182362258,11.236067980000001,12.804226069999999,5.0,0.0,0.0,0.0,8.0,0.0,-0.01592281274497509,14.990032020024955,-0.2886691689491272,11.23606798,12.80422607,5.0,0.05471106991171837,8.0,minimum_jerk,5
1785141525211344157,11.241670608520508,12.81004023551941,4.997422695159912,-0.016446217894554138,-0.024781033396720886,-0.09821757674217224,0.01668819971382618,12.196773529052734,0.00847563985735178,world,211268464,1785141525,3.5014541149139404,True,True,True,True,3.459616194524966,-0.44923219739795367,-0.3466863045964801,1.1387865543365479,True,1.4793272018432617,True,2.9586544036865234,True,3,normal,12.623591423034668,0.0,0.0,0.0,1.3185926710248017,-0.2561491347685494,0.6197659182362258,11.236067980000001,12.804226069999999,5.0,0.0,0.0,0.0,8.0,0.0,-0.01592281274497509,14.990032020024955,-0.2886691689491272,11.23606798,12.80422607,5.0,0.00847563985735178,8.0,minimum_jerk,5
1785141525311297729,11.23709487915039,12.803359985351562,4.968477249145508,-0.02293173037469387,-0.038475703448057175,-0.7541568279266357,0.01668819971382618,12.296770095825195,0.031551361083984375,world,311263825,1785141525,3.5014541149139404,True,True,True,True,3.570160322104627,-0.26221776393886603,6.643822218620084,1.1387865543365479,True,1.4793272018432617,True,2.9586544036865234,True,3,normal,12.623591423034668,0.0,0.0,0.0,1.3185926710248017,-0.2561491347685494,0.6197659182362258,11.236067980000001,12.804226069999999,5.0,0.0,0.0,0.0,8.0,0.0,-0.01592281274497509,14.990032020024955,-0.2886691689491272,11.23606798,12.80422607,5.0,0.031551361083984375,8.0,minimum_jerk,5
1785141525411331413,11.232584953308105,12.795452117919922,4.910930156707764,-0.01639370433986187,-0.049159567803144455,-0.34377753734588623,0.01668819971382618,12.396775245666504,0.08956868946552277,world,411268494,1785141525,3.5014541149139404,True,True,True,True,3.6027321000024717,-0.14438632061380324,8.0,1.1387865543365479,True,1.4793272018432617,True,2.9586544036865234,True,3,normal,12.623591423034668,0.0,0.0,0.0,1.3185926710248017,-0.2561491347685494,0.6197659182362258,11.236067980000001,12.804226069999999,5.0,0.0,0.0,0.0,8.0,0.0,-0.01592281274497509,14.990032020024955,-0.2886691689491272,11.23606798,12.80422607,5.0,0.08956868946552277,8.0,minimum_jerk,5
1785141525511359256,11.230382919311523,12.792192935943604,4.946214199066162,0.035422198474407196,0.015893975272774696,0.30785638093948364,0.01668819971382618,12.496772766113281,0.05540784075856209,world,511265659,1785141525,3.5014541149139404,True,True,True,True,3.585852897087004,-0.17940845303906067,1.4790856537454213,1.1387865543365479,True,1.4793272018432617,True,2.9586544036865234,True,3,normal,12.623591423034668,0.0,0.0,0.0,1.3185926710248017,-0.2561491347685494,0.6197659182362258,11.236067980000001,12.804226069999999,5.0,0.0,0.0,0.0,8.0,0.0,-0.01592281274497509,14.990032020024955,-0.2886691689491272,11.23606798,12.80422607,5.0,0.05540784075856209,8.0,minimum_jerk,5
1785141525611379444,11.233498573303223,12.795762062072754,4.9986572265625,0.05709342285990715,0.05214450880885124,-0.030990544706583023,0.01668819971382618,12.596805572509766,0.00894674938172102,world,611306907,1785141525,3.5014541149139404,True,True,True,True,3.280642029767993,-0.5838415254379624,-0.7713577821718214,1.1387865543365479,True,1.4793272018432617,True,2.9586544036865234,True,3,normal,12.623591423034668,0.0,0.0,0.0,1.3185926710248017,-0.2561491347685494,0.6197659182362258,11.236067980000001,12.804226069999999,5.0,0.0,0.0,0.0,8.0,0.0,-0.01592281274497509,14.990032020024955,-0.2886691689491272,11.23606798,12.80422607,5.0,0.00894674938172102,8.0,minimum_jerk,5
1785141525711346281,11.237580299377441,12.800631046295166,4.9749908447265625,0.05803319811820984,0.05800316110253334,-0.7322208285331726,0.01668819971382618,12.69677734375,0.025311443954706192,world,711272572,1785141525,3.5014541149139404,True,True,True,True,3.1055365761712324,-0.796431542922662,5.813499773742956,1.1387865543365479,True,1.4793272018432617,True,2.9586544036865234,True,3,normal,12.623591423034668,0.0,0.0,0.0,1.3185926710248017,-0.2561491347685494,0.6197659182362258,11.236067980000001,12.804226069999999,5.0,0.0,0.0,0.0,8.0,0.0,-0.01592281274497509,14.990032020024955,-0.2886691689491272,11.23606798,12.80422607,5.0,0.025311443954706192,8.0,minimum_jerk,5
1785141525811372431,11.242632865905762,12.807825088500977,4.912564277648926,0.053829606622457504,0.08093033730983734,-0.42533066868782043,0.01668819971382618,12.796793937683105,0.08775566518306732,world,811289995,1785141525,3.5014541149139404,True,True,True,True,3.0055729775646727,-0.947543989762222,8.0,1.1387865543365479,True,1.4793272018432617,True,2.9586544036865234,True,3,normal,12.623591423034668,0.0,0.0,0.0,1.3185926710248017,-0.2561491347685494,0.6197659182362258,11.236067980000001,12.804226069999999,5.0,0.0,0.0,0.0,8.0,0.0,-0.01592281274497509,14.990032020024955,-0.2886691689491272,11.23606798,12.80422607,5.0,0.08775566518306732,8.0,minimum_jerk,5
1785141525911356160,11.243310928344727,12.811854600906372,4.944205284118652,0.011972467415034771,0.053354568779468536,0.29600441455841064,0.01668819971382618,12.896781921386719,0.05677768215537071,world,911276169,1785141525,3.5014541149139404,True,True,True,True,3.1102628181646033,-0.9864247074850612,1.7678654288204552,1.1387865543365479,True,1.4793272018432617,True,2.9586544036865234,True,3,normal,12.623591423034668,0.0,0.0,0.0,1.3185926710248017,-0.2561491347685494,0.6197659182362258,11.236067980000001,12.804226069999999,5.0,0.0,0.0,0.0,8.0,0.0,-0.01592281274497509,14.990032020024955,-0.2886691689491272,11.23606798,12.80422607,5.0,0.05677768215537071,8.0,minimum_jerk,5
1785141526011428777,11.240856170654297,12.813218593597412,5.001429557800293,-0.012131010182201862,0.022715045139193535,0.037962812930345535,0.01668819971382618,12.996781349182129,0.010287657380104065,world,11274886,1785141526,3.5014541149139404,True,True,True,True,3.336853785876851,-0.8440475539378184,-1.3487950746884283,1.1387865543365479,True,1.4793272018432617,True,2.9586544036865234,True,3,normal,12.623591423034668,0.0,0.0,0.0,1.3185926710248017,-0.2561491347685494,0.6197659182362258,11.236067980000001,12.804226069999999,5.0,0.0,0.0,0.0,8.0,0.0,-0.01592281274497509,14.990032020024955,-0.2886691689491272,11.23606798,12.80422607,5.0,0.010287657380104065,8.0,minimum_jerk,5
1785141526111344678,11.23833179473877,12.813746452331543,4.9828715324401855,-0.016173426061868668,0.01366021391004324,-0.7128432393074036,0.01668819971382618,13.096789360046387,0.01972680725157261,world,111286518,1785141526,3.5014541149139404,True,True,True,True,3.41428786651391,-0.801817983882226,5.023728805678459,1.1387865543365479,True,1.4793272018432617,True,2.9586544036865234,True,3,normal,12.623591423034668,0.0,0.0,0.0,1.3185926710248017,-0.2561491347685494,0.6197659182362258,11.236067980000001,12.804226069999999,5.0,0.0,0.0,0.0,8.0,0.0,-0.01592281274497509,14.990032020024955,-0.2886691689491272,11.23606798,12.80422607,5.0,0.01972680725157261,8.0,minimum_jerk,5
1785141526211358995,11.235663414001465,12.812252521514893,4.918615341186523,-0.01825876720249653,-0.033433184027671814,-0.47450199723243713,0.01668819971382618,13.196785926818848,0.08178050071001053,world,211281068,1785141526,3.5014541149139404,True,True,True,True,3.437416244063292,-0.7517913362977058,8.0,1.1387865543365479,True,1.4793272018432617,True,2.9586544036865234,True,3,normal,12.623591423034668,0.0,0.0,0.0,1.3185926710248017,-0.2561491347685494,0.6197659182362258,11.236067980000001,12.804226069999999,5.0,0.0,0.0,0.0,8.0,0.0,-0.01592281274497509,14.990032020024955,-0.2886691689491272,11.23606798,12.80422607,5.0,0.08178050071001053,8.0,minimum_jerk,5
1785141526311397889,11.234843254089355,12.805434942245483,4.944864749908447,0.006536385044455528,-0.06202610209584236,0.26923367381095886,0.01668819971382618,13.296821594238281,0.05516209825873375,world,311324159,1785141526,3.5014541149139404,True,True,True,True,3.4033905674295886,-0.37407261764830557,2.1516459159375074,1.1387865543365479,True,1.4793272018432617,True,2.9586544036865234,True,3,normal,12.623591423034668,0.0,0.0,0.0,1.3185926710248017,-0.2561491347685494,0.6197659182362258,11.236067980000001,12.804226069999999,5.0,0.0,0.0,0.0,8.0,0.0,-0.01592281274497509,14.990032020024955,-0.2886691689491272,11.23606798,12.80422607,5.0,0.05516209825873375,8.0,minimum_jerk,5
1785141526411326003,11.236477851867676,12.797937631607056,5.001739978790283,0.01892722398042679,-0.057732678949832916,0.0707254633307457,0.01668819971382618,13.396787643432617,0.006537581793963909,world,411282561,1785141526,3.5014541149139404,True,True,True,True,3.246489919446104,-0.18749611104687003,-1.4007152371100382,1.1387865543365479,True,1.4793272018432617,True,2.9586544036865234,True,3,normal,12.623591423034668,0.0,0.0,0.0,1.3185926710248017,-0.2561491347685494,0.6197659182362258,11.236067980000001,12.804226069999999,5.0,0.0,0.0,0.0,8.0,0.0,-0.01592281274497509,14.990032020024955,-0.2886691689491272,11.23606798,12.80422607,5.0,0.006537581793963909,8.0,minimum_jerk,5
1785141526511404862,11.238471984863281,12.791960716247559,4.9864501953125,0.01888039894402027,-0.05191654711961746,-0.68120938539505,0.01668819971382618,13.496795654296875,0.018434081226587296,world,511297669,1785141526,3.5014541149139404,True,True,True,True,3.1629993812807307,-0.12624862419908806,4.593357796485705,1.1387865543365479,True,1.4793272018432617,True,2.9586544036865234,True,3,normal,12.623591423034668,0.0,0.0,0.0,1.3185926710248017,-0.2561491347685494,0.6197659182362258,11.236067980000001,12.804226069999999,5.0,0.0,0.0,0.0,8.0,0.0,-0.01592281274497509,14.990032020024955,-0.2886691689491272,11.23606798,12.80422607,5.0,0.018434081226587296,8.0,minimum_jerk,5
1785141526611358825,11.2406644821167,12.788785696029663,4.9205780029296875,0.015963511541485786,0.01562991365790367,-0.5150701403617859,0.01668819971382618,13.596792221069336,0.0810394138097763,world,611287700,1785141526,3.5014541149139404,True,True,True,True,3.12788145845431,-0.15148280796991986,8.0,1.1387865543365479,True,1.4793272018432617,True,2.9586544036865234,True,3,normal,12.623591423034668,0.0,0.0,0.0,1.3185926710248017,-0.2561491347685494,0.6197659182362258,11.236067980000001,12.804226069999999,5.0,0.0,0.0,0.0,8.0,0.0,-0.01592281274497509,14.990032020024955,-0.2886691689491272,11.23606798,12.80422607,5.0,0.0810394138097763,8.0,minimum_jerk,5
1785141526711425831,11.239021301269531,12.79133415222168,4.93943977355957,-0.0076634883880615234,0.10939507186412811,0.20605753362178802,0.01668819971382618,13.696795463562012,0.06198761612176895,world,711289694,1785141526,3.5014541149139404,True,True,True,True,3.2817811218125827,-0.43659904770061675,2.887210099343351,1.1387865543365479,True,1.4793272018432617,True,2.9586544036865234,True,3,normal,12.623591423034668,0.0,0.0,0.0,1.3185926710248017,-0.2561491347685494,0.6197659182362258,11.236067980000001,12.804226069999999,5.0,0.0,0.0,0.0,8.0,0.0,-0.01592281274497509,14.990032020024955,-0.2886691689491272,11.23606798,12.80422607,5.0,0.06198761612176895,8.0,minimum_jerk,5
1785141526811356821,11.235588073730469,12.80231785774231,4.99332857131958,-0.023348001763224602,0.14052623510360718,0.11753550171852112,0.01668819971382618,13.796791076660156,0.006955540738999844,world,811284795,1785141526,3.5014541149139404,True,True,True,True,3.4510327674309553,-0.9956683969278299,-0.9429941744677597,1.1387865543365479,True,1.4793272018432617,True,2.9586544036865234,True,3,normal,12.623591423034668,0.0,0.0,0.0,1.3185926710248017,-0.2561491347685494,0.6197659182362258,11.236067980000001,12.804226069999999,5.0,0.0,0.0,0.0,8.0,0.0,-0.01592281274497509,14.990032020024955,-0.2886691689491272,11.23606798,12.80422607,5.0,0.006955540738999844,8.0,minimum_jerk,5
1785141526911444356,11.232330322265625,12.81370735168457,4.984231948852539,-0.02477409504354,0.1326594352722168,-0.5945312976837158,0.01668819971382618,13.896803855895996,0.018774881958961487,world,911298360,1785141526,3.5014541149139404,True,True,True,True,3.529780043356599,-1.3310077031989256,4.14690733381064,1.1387865543365479,True,1.4793272018432617,True,2.9586544036865234,True,3,normal,12.623591423034668,0.0,0.0,0.0,1.3185926710248017,-0.2561491347685494,0.6197659182362258,11.236067980000001,12.804226069999999,5.0,0.0,0.0,0.0,8.0,0.0,-0.01592281274497509,14.990032020024955,-0.2886691689491272,11.23606798,12.80422607,5.0,0.018774881958961487,8.0,minimum_jerk,5
1785141527011334779,11.229701042175293,12.824036598205566,4.924079895019531,-0.009313048794865608,0.07009413093328476,-0.4927727282047272,0.01668819971382618,13.996796607971191,0.07872012257575989,world,11291107,1785141527,3.5014541149139404,True,True,True,True,3.5433342636685903,-1.4455361058012535,8.0,1.1387865543365479,True,1.4793272018432617,True,2.9586544036865234,True,3,normal,12.623591423034668,0.0,0.0,0.0,1.3185926710248017,-0.2561491347685494,0.6197659182362258,11.236067980000001,12.804226069999999,5.0,0.0,0.0,0.0,8.0,0.0,-0.01592281274497509,14.990032020024955,-0.2886691689491272,11.23606798,12.80422607,5.0,0.07872012257575989,8.0,minimum_jerk,5
1785141527111337254,11.22984504699707,12.822441816329956,4.944027423858643,0.030400212854146957,-0.05964634194970131,0.2165185809135437,0.01668819971382618,14.096793174743652,0.05919009819626808,world,111286578,1785141527,3.5014541149139404,True,True,True,True,3.4481674488007426,-1.0062853953685145,2.8322832558848825,1.1387865543365479,True,1.4793272018432617,True,2.9586544036865234,True,3,normal,12.623591423034668,0.0,0.0,0.0,1.3185926710248017,-0.2561491347685494,0.6197659182362258,11.236067980000001,12.804226069999999,5.0,0.0,0.0,0.0,8.0,0.0,-0.01592281274497509,14.990032020024955,-0.2886691689491272,11.23606798,12.80422607,5.0,0.05919009819626808,8.0,minimum_jerk,5
1785141527211325672,11.23372745513916,12.810353517532349,4.995534896850586,0.04667126014828682,-0.12065970152616501,0.06307964026927948,0.01668819971382618,14.196791648864746,0.007934785448014736,world,211283913,1785141527,3.5014541149139404,True,True,True,True,3.205352338927248,-0.25884826828118046,-0.6952499747064222,1.1387865543365479,True,1.4793272018432617,True,2.9586544036865234,True,3,normal,12.623591423034668,0.0,0.0,0.0,1.3185926710248017,-0.2561491347685494,0.6197659182362258,11.236067980000001,12.804226069999999,5.0,0.0,0.0,0.0,8.0,0.0,-0.01592281274497509,14.990032020024955,-0.2886691689491272,11.23606798,12.80422607,5.0,0.007934785448014736,8.0,minimum_jerk,5
1785141527311335671,11.237783432006836,12.797811508178711,4.981265068054199,0.043625570833683014,-0.12248945981264114,-0.6192442774772644,0.01668819971382618,14.296792030334473,0.019876796752214432,world,311284855,1785141527,3.5014541149139404,True,True,True,True,3.078079431479379,0.11292200214133014,4.829422616217849,1.1387865543365479,True,1.4793272018432617,True,2.9586544036865234,True,3,normal,12.623591423034668,0.0,0.0,0.0,1.3185926710248017,-0.2561491347685494,0.6197659182362258,11.236067980000001,12.804226069999999,5.0,0.0,0.0,0.0,8.0,0.0,-0.01592281274497509,14.990032020024955,-0.2886691689491272,11.23606798,12.80422607,5.0,0.019876796752214432,8.0,minimum_jerk,5
1785141527411337665,11.241521835327148,12.78643798828125,4.926083564758301,0.02412441559135914,-0.06778927147388458,-0.3782379627227783,0.01668819971382618,14.396793365478516,0.07622203975915909,world,411286097,1785141527,3.5014541149139404,True,True,True,True,3.04214169270976,0.22065836470640054,8.0,1.1387865543365479,True,1.4793272018432617,True,2.9586544036865234,True,3,normal,12.623591423034668,0.0,0.0,0.0,1.3185926710248017,-0.2561491347685494,0.6197659182362258,11.236067980000001,12.804226069999999,5.0,0.0,0.0,0.0,8.0,0.0,-0.01592281274497509,14.990032020024955,-0.2886691689491272,11.23606798,12.80422607,5.0,0.07622203975915909,8.0,minimum_jerk,5
1785141527511345429,11.243121147155762,12.785269260406494,4.953000545501709,-0.01889089308679104,0.06712321192026138,0.28913626074790955,0.01668819971382618,14.49680233001709,0.051166947931051254,world,511297198,1785141527,3.5014541149139404,True,True,True,True,3.077466943035966,-0.09625777648525718,2.1416262703858147,1.1387865543365479,True,1.4793272018432617,True,2.9586544036865234,True,3,normal,12.623591423034668,0.0,0.0,0.0,1.3185926710248017,-0.2561491347685494,0.6197659182362258,11.236067980000001,12.804226069999999,5.0,0.0,0.0,0.0,8.0,0.0,-0.01592281274497509,14.990032020024955,-0.2886691689491272,11.23606798,12.80422607,5.0,0.051166947931051254,8.0,minimum_jerk,5
1785141527611325592,11.240910530090332,12.795894861221313,5.001504421234131,-0.03924715891480446,0.12505050003528595,0.0027885327581316233,0.01668819971382618,14.596797943115234,0.009753081947565079,world,611292579,1785141527,3.5014541149139404,True,True,True,True,3.293400627654107,-0.8654453174506018,-0.4404371304649175,1.1387865543365479,True,1.4793272018432617,True,2.9586544036865234,True,3,normal,12.623591423034668,0.0,0.0,0.0,1.3185926710248017,-0.2561491347685494,0.6197659182362258,11.236067980000001,12.804226069999999,5.0,0.0,0.0,0.0,8.0,0.0,-0.01592281274497509,14.990032020024955,-0.2886691689491272,11.23606798,12.80422607,5.0,0.009753081947565079,8.0,minimum_jerk,5
1785141527711323137,11.23785400390625,12.807814836502075,4.9811906814575195,-0.04405068978667259,0.1281408816576004,-0.6434572339057922,0.01668819971382618,14.696796417236328,0.019231734797358513,world,711290866,1785141527,3.5014541149139404,True,True,True,True,3.420979007586493,-1.2676462807309263,5.501342978002735,1.1387865543365479,True,1.4793272018432617,True,2.9586544036865234,True,3,normal,12.623591423034668,0.0,0.0,0.0,1.3185926710248017,-0.2561491347685494,0.6197659182362258,11.236067980000001,12.804226069999999,5.0,0.0,0.0,0.0,8.0,0.0,-0.01592281274497509,14.990032020024955,-0.2886691689491272,11.23606798,12.80422607,5.0,0.019231734797358513,8.0,minimum_jerk,5
1785141527811370917,11.234142303466797,12.820075511932373,4.930231094360352,-0.039301495999097824,0.09241662174463272,-0.2854937016963959,0.01668819971382618,14.796804428100586,0.0715724304318428,world,811297749,1785141527,3.5014541149139404,True,True,True,True,3.4937899537555728,-1.4370338324626108,8.0,1.1387865543365479,True,1.4793272018432617,True,2.9586544036865234,True,3,normal,12.623591423034668,0.0,0.0,0.0,1.3185926710248017,-0.2561491347685494,0.6197659182362258,11.236067980000001,12.804226069999999,5.0,0.0,0.0,0.0,8.0,0.0,-0.01592281274497509,14.990032020024955,-0.2886691689491272,11.23606798,12.80422607,5.0,0.0715724304318428,8.0,minimum_jerk,5
1785141527911380967,11.236212730407715,12.819133758544922,4.963447570800781,-0.012033543549478054,-0.013950460590422153,0.3398198187351227,0.01668819971382618,14.89681339263916,0.03947581723332405,world,911310483,1785141527,3.5014541149139404,True,True,True,True,3.243257459820515,-0.9606689517019028,0.9188019072837674,1.1387865543365479,True,1.4793272018432617,True,2.9586544036865234,True,3,normal,12.623591423034668,0.0,0.0,0.0,1.3185926710248017,-0.2561491347685494,0.6197659182362258,11.236067980000001,12.804226069999999,5.0,0.0,0.0,0.0,8.0,0.0,-0.01592281274497509,14.990032020024955,-0.2886691689491272,11.23606798,12.80422607,5.0,0.03947581723332405,8.0,minimum_jerk,5
1785141528431359999,11.236212730407715,12.819133758544922,4.963447570800781,-0.012033543549478054,-0.013950460590422153,0.3398198187351227,0.01668819971382618,15.416812896728516,0.03947581723332405,world,431305766,1785141528,3.5014541149139404,True,True,True,True,3.2547014802160334,-0.8146195240713435,4.670000521768573,1.1387865543365479,True,1.4793272018432617,True,2.9586544036865234,True,3,normal,12.623591423034668,0.0,0.0,0.0,1.3185926710248017,-0.2561491347685494,0.6197659182362258,11.236067980000001,12.804226069999999,5.0,0.0,0.0,0.0,8.0,0.0,-0.01592281274497509,14.990032020024955,-0.2886691689491272,11.23606798,12.80422607,5.0,0.03947581723332405,8.0,minimum_jerk,5
1785141528531352905,11.236212730407715,12.819133758544922,4.963447570800781,-0.012033543549478054,-0.013950460590422153,0.3398198187351227,0.01668819971382618,15.51681137084961,0.03947581723332405,world,531304133,1785141528,3.5014541149139404,True,True,True,True,3.2934817987987697,-0.9014662614808846,4.542258953167666,1.1387865543365479,True,1.4793272018432617,True,2.9586544036865234,True,3,normal,12.623591423034668,0.0,0.0,0.0,1.3185926710248017,-0.2561491347685494,0.6197659182362258,11.236067980000001,12.804226069999999,5.0,0.0,0.0,0.0,8.0,0.0,-0.01592281274497509,14.990032020024955,-0.2886691689491272,11.23606798,12.80422607,5.0,0.03947581723332405,8.0,minimum_jerk,5
1785141528733129000,11.237631797790527,12.816062927246094,4.989124774932861,-0.0025812804233282804,-0.050387393683195114,0.382035493850708,0.01668819971382618,15.718572616577148,0.01615014672279358,world,733068215,1785141528,3.5014541149139404,True,True,True,True,3.2695666307169136,-0.887427536802961,3.852575929176338,1.1387865543365479,True,1.4793272018432617,True,2.9586544036865234,True,3,normal,12.623591423034668,0.0,0.0,0.0,1.3185926710248017,-0.2561491347685494,0.6197659182362258,11.236067980000001,12.804226069999999,5.0,0.0,0.0,0.0,8.0,0.0,-0.01592281274497509,14.990032020024955,-0.2886691689491272,11.23606798,12.80422607,5.0,0.01615014672279358,8.0,minimum_jerk,5
1785141528831350381,11.257095336914062,12.709071397781372,4.804986000061035,-0.02192947268486023,-0.07666794210672379,0.07827457785606384,0.01668819971382618,15.816815376281738,0.2180069237947464,world,831308542,1785141528,3.5014541149139404,True,True,True,True,1.8086158331635414,5.0,8.0,1.1387865543365479,True,1.4793272018432617,True,2.9586544036865234,True,3,normal,12.623591423034668,0.0,0.0,0.0,1.3185926710248017,-0.2561491347685494,0.6197659182362258,11.236067980000001,12.804226069999999,5.0,0.0,0.0,0.0,8.0,0.0,-0.01592281274497509,14.990032020024955,-0.2886691689491272,11.23606798,12.80422607,5.0,0.2180069237947464,8.0,minimum_jerk,5
1785141528931365038,11.257936477661133,12.70334267616272,4.827625274658203,-0.047373320907354355,0.027243124321103096,0.4747896194458008,0.01668819971382618,15.916824340820312,0.2009197324514389,world,931321045,1785141528,3.5014541149139404,True,True,True,True,2.7072699710681385,2.38118612739715,2.4507658562558197,1.1387865543365479,True,1.4793272018432617,True,2.9586544036865234,True,3,normal,12.623591423034668,0.0,0.0,0.0,1.3185926710248017,-0.2561491347685494,0.6197659182362258,11.236067980000001,12.804226069999999,5.0,0.0,0.0,0.0,8.0,0.0,-0.01592281274497509,14.990032020024955,-0.2886691689491272,11.23606798,12.80422607,5.0,0.2009197324514389,8.0,minimum_jerk,5
1785141529031380147,11.256190299987793,12.707919120788574,4.86328125,-0.07603852450847626,0.154861181974411,0.6977829933166504,0.01668819971382618,16.01682472229004,0.16843976080417633,world,31321246,1785141529,3.5014541149139404,True,True,True,True,3.0339953994793665,0.4448335099749009,-0.9406621676035863,1.1387865543365479,True,1.4793272018432617,True,2.9586544036865234,True,3,normal,12.623591423034668,0.0,0.0,0.0,1.3185926710248017,-0.2561491347685494,0.6197659182362258,11.236067980000001,12.804226069999999,5.0,0.0,0.0,0.0,8.0,0.0,-0.01592281274497509,14.990032020024955,-0.2886691689491272,11.23606798,12.80422607,5.0,0.16843976080417633,8.0,minimum_jerk,5
1785141529131377381,11.2492094039917,12.728753328323364,4.909946918487549,-0.09421617537736893,0.22829009592533112,-0.3192179799079895,0.01668819971382618,16.1168212890625,0.11823023855686188,world,131315044,1785141529,3.5014541149139404,True,True,True,True,3.236865252214384,-0.0445901614211954,-0.9515327769321456,1.1387865543365479,True,1.4793272018432617,True,2.9586544036865234,True,3,normal,12.623591423034668,0.0,0.0,0.0,1.3185926710248017,-0.2561491347685494,0.6197659182362258,11.236067980000001,12.804226069999999,5.0,0.0,0.0,0.0,8.0,0.0,-0.01592281274497509,14.990032020024955,-0.2886691689491272,11.23606798,12.80422607,5.0,0.11823023855686188,8.0,minimum_jerk,5
1785141529231388352,11.242290496826172,12.749908208847046,4.858641147613525,-0.11205648630857468,0.33869096636772156,-0.7525098919868469,0.01668819971382618,16.216825485229492,0.15156343579292297,world,231320905,1785141529,3.5014541149139404,True,True,True,True,3.392322533997573,-0.4164396714638945,7.648213710624126,1.1387865543365479,True,1.4793272018432617,True,2.9586544036865234,True,3,normal,12.623591423034668,0.0,0.0,0.0,1.3185926710248017,-0.2561491347685494,0.6197659182362258,11.236067980000001,12.804226069999999,5.0,0.0,0.0,0.0,8.0,0.0,-0.01592281274497509,14.990032020024955,-0.2886691689491272,11.23606798,12.80422607,5.0,0.15156343579292297,8.0,minimum_jerk,5
1785141529331361471,11.231280326843262,12.79598617553711,4.816556930541992,-0.1286916434764862,0.5658602714538574,-0.09148070961236954,0.01668819971382618,16.31682014465332,0.18369044363498688,world,331312439,1785141529,3.5014541149139404,True,True,True,True,3.6972557435160276,-1.8898989025193818,8.0,1.1387865543365479,True,1.4793272018432617,True,2.9586544036865234,True,3,normal,12.623591423034668,0.0,0.0,0.0,1.3185926710248017,-0.2561491347685494,0.6197659182362258,11.236067980000001,12.804226069999999,5.0,0.0,0.0,0.0,8.0,0.0,-0.01592281274497509,14.990032020024955,-0.2886691689491272,11.23606798,12.80422607,5.0,0.18369044363498688,8.0,minimum_jerk,5
1785141529431386288,11.224244117736816,12.84040379524231,4.8470845222473145,-0.064410001039505,0.45502781867980957,0.5592437386512756,0.01668819971382618,16.41683006286621,0.15758101642131805,world,431323770,1785141529,3.5014541149139404,True,True,True,True,3.8562129851620095,-3.5413750855007105,2.312475594007286,1.1387865543365479,True,1.4793272018432617,True,2.9586544036865234,True,3,normal,12.623591423034668,0.0,0.0,0.0,1.3185926710248017,-0.2561491347685494,0.6197659182362258,11.236067980000001,12.804226069999999,5.0,0.0,0.0,0.0,8.0,0.0,-0.01592281274497509,14.990032020024955,-0.2886691689491272,11.23606798,12.80422607,5.0,0.15758101642131805,8.0,minimum_jerk,5
1785141529531352344,11.227301597595215,12.849756717681885,4.916173458099365,-0.01918991096317768,0.27498573064804077,0.2682797312736511,0.01668819971382618,16.516820907592773,0.09579550474882126,world,531313441,1785141529,3.5014541149139404,True,True,True,True,3.246081067981846,-1.7354978931211764,-1.7986319019536854,1.1387865543365479,True,1.4793272018432617,True,2.9586544036865234,True,3,normal,12.623591423034668,0.0,0.0,0.0,1.3185926710248017,-0.2561491347685494,0.6197659182362258,11.236067980000001,12.804226069999999,5.0,0.0,0.0,0.0,8.0,0.0,-0.01592281274497509,14.990032020024955,-0.2886691689491272,11.23606798,12.80422607,5.0,0.09579550474882126,8.0,minimum_jerk,5
1785141529631359017,11.230618476867676,12.854748249053955,4.916879653930664,-0.007919765077531338,0.19576352834701538,-0.4232022762298584,0.01668819971382618,16.616825103759766,0.09742268174886703,world,631318991,1785141529,3.5014541149139404,True,True,True,True,3.082675011663057,-1.3665093894895084,3.5941658970320693,1.1387865543365479,True,1.4793272018432617,True,2.9586544036865234,True,3,normal,12.623591423034668,0.0,0.0,0.0,1.3185926710248017,-0.2561491347685494,0.6197659182362258,11.236067980000001,12.804226069999999,5.0,0.0,0.0,0.0,8.0,0.0,-0.01592281274497509,14.990032020024955,-0.2886691689491272,11.23606798,12.80422607,5.0,0.09742268174886703,8.0,minimum_jerk,5
1785141529731394844,11.233074188232422,12.853253602981567,4.888688564300537,0.011561793275177479,0.024685829877853394,-0.5189778208732605,0.01668819971382618,16.716829299926758,0.12166716158390045,world,731324321,1785141529,3.5014541149139404,True,True,True,True,3.1572501643432918,-1.2968190882221189,5.265331629196072,1.1387865543365479,True,1.4793272018432617,True,2.9586544036865234,True,3,normal,12.623591423034668,0.0,0.0,0.0,1.3185926710248017,-0.2561491347685494,0.6197659182362258,11.236067980000001,12.804226069999999,5.0,0.0,0.0,0.0,8.0,0.0,-0.01592281274497509,14.990032020024955,-0.2886691689491272,11.23606798,12.80422607,5.0,0.12166716158390045,8.0,minimum_jerk,5
1785141529831385797,11.239479064941406,12.812242984771729,4.884089469909668,0.011163699440658092,-0.385653555393219,0.30208465456962585,0.01668819971382618,16.816843032836914,0.11623750627040863,world,831339901,1785141529,3.5014541149139404,True,True,True,True,2.840526470547707,1.2115276480709678,5.727691896162686,1.1387865543365479,True,1.4793272018432617,True,2.9586544036865234,True,3,normal,12.623591423034668,0.0,0.0,0.0,1.3185926710248017,-0.2561491347685494,0.6197659182362258,11.236067980000001,12.804226069999999,5.0,0.0,0.0,0.0,8.0,0.0,-0.01592281274497509,14.990032020024955,-0.2886691689491272,11.23606798,12.80422607,5.0,0.11623750627040863,8.0,minimum_jerk,5
1785141529931365729,11.239997863769531,12.785056829452515,4.971614837646484,-0.029060281813144684,-0.34706830978393555,0.5198414921760559,0.01668819971382618,16.91683006286621,0.0344763845205307,world,931326716,1785141529,3.5014541149139404,True,True,True,True,3.045084472043073,1.2042221843066094,-3.3914935246974065,1.1387865543365479,True,1.4793272018432617,True,2.9586544036865234,True,3,normal,12.623591423034668,0.0,0.0,0.0,1.3185926710248017,-0.2561491347685494,0.6197659182362258,11.236067980000001,12.804226069999999,5.0,0.0,0.0,0.0,8.0,0.0,-0.01592281274497509,14.990032020024955,-0.2886691689491272,11.23606798,12.80422607,5.0,0.0344763845205307,8.0,minimum_jerk,5
1785141530031376380,11.238093376159668,12.761760234832764,5.004730701446533,-0.033939410001039505,-0.32274267077445984,-0.27428990602493286,0.01668819971382618,17.01683235168457,0.042776498943567276,world,31324962,1785141530,3.5014541149139404,True,True,True,True,3.25576994235754,1.4249239279670454,-0.9674386093669769,1.1387865543365479,True,1.4793272018432617,True,2.9586544036865234,True,3,normal,12.623591423034668,0.0,0.0,0.0,1.3185926710248017,-0.2561491347685494,0.6197659182362258,11.236067980000001,12.804226069999999,5.0,0.0,0.0,0.0,8.0,0.0,-0.01592281274497509,14.990032020024955,-0.2886691689491272,11.23606798,12.80422607,5.0,0.042776498943567276,8.0,minimum_jerk,5
1785141530131375217,11.234857559204102,12.740827560424805,4.95679235458374,-0.04868549108505249,-0.15093420445919037,-0.7680140137672424,0.01668819971382618,17.116836547851562,0.0767315924167633,world,131329801,1785141530,3.5014541149139404,True,True,True,True,3.325990789906723,1.6386369180022777,6.050088809267427,1.1387865543365479,True,1.4793272018432617,True,2.9586544036865234,True,3,normal,12.623591423034668,0.0,0.0,0.0,1.3185926710248017,-0.2561491347685494,0.6197659182362258,11.236067980000001,12.804226069999999,5.0,0.0,0.0,0.0,8.0,0.0,-0.01592281274497509,14.990032020024955,-0.2886691689491272,11.23606798,12.80422607,5.0,0.0767315924167633,8.0,minimum_jerk,5
1785141530231392850,11.230329513549805,12.752253532409668,4.919305324554443,-0.06531615555286407,0.3066079318523407,-0.3239911198616028,0.01668819971382618,17.216842651367188,0.0961545929312706,world,231340261,1785141530,3.5014541149139404,True,True,True,True,3.54896335409792,0.33122942844140946,8.0,1.1387865543365479,True,1.4793272018432617,True,2.9586544036865234,True,3,normal,12.623591423034668,0.0,0.0,0.0,1.3185926710248017,-0.2561491347685494,0.6197659182362258,11.236067980000001,12.804226069999999,5.0,0.0,0.0,0.0,8.0,0.0,-0.01592281274497509,14.990032020024955,-0.2886691689491272,11.23606798,12.80422607,5.0,0.0961545929312706,8.0,minimum_jerk,5
1785141530331409442,11.228602409362793,12.811715126037598,4.965055465698242,-0.031823061406612396,0.6391208171844482,0.24016523361206055,0.01668819971382618,17.31684112548828,0.03650946542620659,world,331336444,1785141530,3.5014541149139404,True,True,True,True,3.443697608161648,-2.684007720842486,0.03824535614028646,1.1387865543365479,True,1.4793272018432617,True,2.9586544036865234,True,3,normal,12.623591423034668,0.0,0.0,0.0,1.3185926710248017,-0.2561491347685494,0.6197659182362258,11.236067980000001,12.804226069999999,5.0,0.0,0.0,0.0,8.0,0.0,-0.01592281274497509,14.990032020024955,-0.2886691689491272,11.23606798,12.80422607,5.0,0.03650946542620659,8.0,minimum_jerk,5
1785141530431375888,11.228836059570312,12.874443292617798,5.000433921813965,-0.018433906137943268,0.6183379292488098,-0.20087966322898865,0.01668819971382618,17.416841506958008,0.07058999687433243,world,431334420,1785141530,3.5014541149139404,True,True,True,True,3.323083122200512,-4.7235238501490295,-0.3406292062824712,1.1387865543365479,True,1.4793272018432617,True,2.9586544036865234,True,3,normal,12.623591423034668,0.0,0.0,0.0,1.3185926710248017,-0.2561491347685494,0.6197659182362258,11.236067980000001,12.804226069999999,5.0,0.0,0.0,0.0,8.0,0.0,-0.01592281274497509,14.990032020024955,-0.2886691689491272,11.23606798,12.80422607,5.0,0.07058999687433243,8.0,minimum_jerk,5
1785141530531395966,11.229142189025879,12.933284282684326,4.9708662033081055,-0.005207924637943506,0.4153423309326172,-0.6121727228164673,0.01668819971382618,17.5168399810791,0.13248685002326965,world,531334059,1785141530,3.5014541149139404,True,True,True,True,3.3225298480170835,-5.0,5.510784582377501,1.1387865543365479,True,1.4793272018432617,True,2.9586544036865234,True,3,normal,12.623591423034668,0.0,0.0,0.0,1.3185926710248017,-0.2561491347685494,0.6197659182362258,11.236067980000001,12.804226069999999,5.0,0.0,0.0,0.0,8.0,0.0,-0.01592281274497509,14.990032020024955,-0.2886691689491272,11.23606798,12.80422607,5.0,0.13248685002326965,8.0,minimum_jerk,5
1785141530631380126,11.2305269241333,12.95063829421997,4.941793918609619,0.009605411440134048,-0.1366342455148697,-0.37727150321006775,0.01668819971382618,17.616838455200195,0.1576552838087082,world,631331324,1785141530,3.5014541149139404,True,True,True,True,3.274187865783473,-4.436478649094875,7.133180456848701,1.1387865543365479,True,1.4793272018432617,True,2.9586544036865234,True,3,normal,12.623591423034668,0.0,0.0,0.0,1.3185926710248017,-0.2561491347685494,0.6197659182362258,11.236067980000001,12.804226069999999,5.0,0.0,0.0,0.0,8.0,0.0,-0.01592281274497509,14.990032020024955,-0.2886691689491272,11.23606798,12.80422607,5.0,0.1576552838087082,8.0,minimum_jerk,5
1785141530731376429,11.232622146606445,12.912646770477295,4.969770431518555,0.010423678904771805,-0.7830339074134827,0.1062580943107605,0.01668819971382618,17.71684455871582,0.11260882765054703,world,731340391,1785141530,3.5014541149139404,True,True,True,True,3.2016279802465357,-1.4895912377197815,1.7358318933232042,1.1387865543365479,True,1.4793272018432617,True,2.9586544036865234,True,3,normal,12.623591423034668,0.0,0.0,0.0,1.3185926710248017,-0.2561491347685494,0.6197659182362258,11.236067980000001,12.804226069999999,5.0,0.0,0.0,0.0,8.0,0.0,-0.01592281274497509,14.990032020024955,-0.2886691689491272,11.23606798,12.80422607,5.0,0.11260882765054703,8.0,minimum_jerk,5
1785141530831387711,11.233880996704102,12.837360620498657,4.998806953430176,0.006176256574690342,-0.9241173267364502,-0.14473256468772888,0.01668819971382618,17.816835403442383,0.0332280695438385,world,831328990,1785141530,3.5014541149139404,True,True,True,True,3.2257468060620083,1.1766156701659451,1.4957639366325803,1.1387865543365479,True,1.4793272018432617,True,2.9586544036865234,True,3,normal,12.623591423034668,0.0,0.0,0.0,1.3185926710248017,-0.2561491347685494,0.6197659182362258,11.236067980000001,12.804226069999999,5.0,0.0,0.0,0.0,8.0,0.0,-0.01592281274497509,14.990032020024955,-0.2886691689491272,11.23606798,12.80422607,5.0,0.0332280695438385,8.0,minimum_jerk,5
1785141530931385557,11.23452091217041,12.770182132720947,4.989121437072754,0.0010709386551752687,-0.8921459317207336,-0.4373354911804199,0.01668819971382618,17.916841506958008,0.03577326238155365,world,931335021,1785141530,3.5014541149139404,True,True,True,True,3.2347714048751772,4.222540720952835,4.621415810576522,1.1387865543365479,True,1.4793272018432617,True,2.9586544036865234,True,3,normal,12.623591423034668,0.0,0.0,0.0,1.3185926710248017,-0.2561491347685494,0.6197659182362258,11.236067980000001,12.804226069999999,5.0,0.0,0.0,0.0,8.0,0.0,-0.01592281274497509,14.990032020024955,-0.2886691689491272,11.23606798,12.80422607,5.0,0.03577326238155365,8.0,minimum_jerk,5
1785141531031383402,11.234792709350586,12.695801019668579,4.973821640014648,-0.008127313107252121,-0.3964269757270813,-0.11414656043052673,0.01668819971382618,18.016843795776367,0.11154785752296448,world,31336955,1785141531,3.5014541149139404,True,True,True,True,3.2848319002737827,4.719492105496232,5.6324541170074856,1.1387865543365479,True,1.4793272018432617,True,2.9586544036865234,True,3,normal,12.623591423034668,0.0,0.0,0.0,1.3185926710248017,-0.2561491347685494,0.6197659182362258,11.236067980000001,12.804226069999999,5.0,0.0,0.0,0.0,8.0,0.0,-0.01592281274497509,14.990032020024955,-0.2886691689491272,11.23606798,12.80422607,5.0,0.11154785752296448,8.0,minimum_jerk,5
1785141531131389474,11.236199378967285,12.69895601272583,5.012850761413574,-0.009525386616587639,0.26010560989379883,0.1278286725282669,0.01668819971382618,18.11684226989746,0.10605160892009735,world,131336624,1785141531,3.5014541149139404,True,True,True,True,3.196465141317427,1.8319784242928856,-0.19553198874428368,1.1387865543365479,True,1.4793272018432617,True,2.9586544036865234,True,3,normal,12.623591423034668,0.0,0.0,0.0,1.3185926710248017,-0.2561491347685494,0.6197659182362258,11.236067980000001,12.804226069999999,5.0,0.0,0.0,0.0,8.0,0.0,-0.01592281274497509,14.990032020024955,-0.2886691689491272,11.23606798,12.80422607,5.0,0.10605160892009735,8.0,minimum_jerk,5
1785141531231391588,11.2369966506958,12.741604804992676,5.028409957885742,-0.008596746250987053,0.4558650255203247,-0.3390451669692993,0.01668819971382618,18.21685028076172,0.06877071410417557,world,231344218,1785141531,3.5014541149139404,True,True,True,True,3.194975572012783,-1.5814218347256093,0.982475550154756,1.1387865543365479,True,1.4793272018432617,True,2.9586544036865234,True,3,normal,12.623591423034668,0.0,0.0,0.0,1.3185926710248017,-0.2561491347685494,0.6197659182362258,11.236067980000001,12.804226069999999,5.0,0.0,0.0,0.0,8.0,0.0,-0.01592281274497509,14.990032020024955,-0.2886691689491272,11.23606798,12.80422607,5.0,0.06877071410417557,8.0,minimum_jerk,5
1785141531331395896,11.23731517791748,12.800236940383911,4.989508152008057,-0.009357557632029057,0.5893897414207458,-0.5702157020568848,0.01668819971382618,18.31684684753418,0.011293694376945496,world,331342345,1785141531,3.5014541149139404,True,True,True,True,3.2173852140192714,-2.9861660936258985,6.0367882037318745,1.1387865543365479,True,1.4793272018432617,True,2.9586544036865234,True,3,normal,12.623591423034668,0.0,0.0,0.0,1.3185926710248017,-0.2561491347685494,0.6197659182362258,11.236067980000001,12.804226069999999,5.0,0.0,0.0,0.0,8.0,0.0,-0.01592281274497509,14.990032020024955,-0.2886691689491272,11.23606798,12.80422607,5.0,0.011293694376945496,8.0,minimum_jerk,5
1785141531431391267,11.237510681152344,12.855771780014038,4.974517822265625,-0.00848837848752737,0.49585261940956116,-0.09478283673524857,0.01668819971382618,18.416845321655273,0.05751854553818703,world,431340622,1785141531,3.5014541149139404,True,True,True,True,3.244615048191084,-4.381797220129342,5.412796773706189,1.1387865543365479,True,1.4793272018432617,True,2.9586544036865234,True,3,normal,12.623591423034668,0.0,0.0,0.0,1.3185926710248017,-0.2561491347685494,0.6197659182362258,11.236067980000001,12.804226069999999,5.0,0.0,0.0,0.0,8.0,0.0,-0.01592281274497509,14.990032020024955,-0.2886691689491272,11.23606798,12.80422607,5.0,0.05751854553818703,8.0,minimum_jerk,5
1785141531531376159,11.23882007598877,12.875854253768921,5.027306079864502,-0.010114772245287895,0.09116794168949127,0.259297251701355,0.01668819971382618,18.516845703125,0.07670588791370392,world,531337746,1785141531,3.5014541149139404,True,True,True,True,3.147643419816651,-3.1484030239534215,-1.4694994405293595,1.1387865543365479,True,1.4793272018432617,True,2.9586544036865234,True,3,normal,12.623591423034668,0.0,0.0,0.0,1.3185926710248017,-0.2561491347685494,0.6197659182362258,11.236067980000001,12.804226069999999,5.0,0.0,0.0,0.0,8.0,0.0,-0.01592281274497509,14.990032020024955,-0.2886691689491272,11.23606798,12.80422607,5.0,0.07670588791370392,8.0,minimum_jerk,5
1785141531631405644,11.239295959472656,12.870478630065918,5.051215648651123,-0.01123055163770914,-0.027032840996980667,-0.3399696946144104,0.01668819971382618,18.616853713989258,0.08380252867937088,world,631346823,1785141531,3.5014541149139404,True,True,True,True,3.162680252267255,-1.5199993635980351,-0.403558691385804,1.1387865543365479,True,1.4793272018432617,True,2.9586544036865234,True,3,normal,12.623591423034668,0.0,0.0,0.0,1.3185926710248017,-0.2561491347685494,0.6197659182362258,11.236067980000001,12.804226069999999,5.0,0.0,0.0,0.0,8.0,0.0,-0.01592281274497509,14.990032020024955,-0.2886691689491272,11.23606798,12.80422607,5.0,0.08380252867937088,8.0,minimum_jerk,5
1785141531731393461,11.239316940307617,12.866332530975342,5.040008544921875,-0.011880657635629177,-0.06593488156795502,-0.6065403819084167,0.01668819971382618,18.716856002807617,0.07394897937774658,world,731349779,1785141531,3.5014541149139404,True,True,True,True,3.1890421531167767,-1.3956382492775838,2.4939910393412337,1.1387865543365479,True,1.4793272018432617,True,2.9586544036865234,True,3,normal,12.623591423034668,0.0,0.0,0.0,1.3185926710248017,-0.2561491347685494,0.6197659182362258,11.236067980000001,12.804226069999999,5.0,0.0,0.0,0.0,8.0,0.0,-0.01592281274497509,14.990032020024955,-0.2886691689491272,11.23606798,12.80422607,5.0,0.07394897937774658,8.0,minimum_jerk,5
1785141531831387801,11.239316940307617,12.866332530975342,5.040008544921875,-0.011880657635629177,-0.06593488156795502,-0.6065403819084167,0.01668819971382618,18.816856384277344,0.07394897937774658,world,831349148,1785141531,3.5014541149139404,True,True,True,True,3.1872767127516592,-1.8601727487979602,1.3821827147975823,1.1387865543365479,True,1.4793272018432617,True,2.9586544036865234,True,3,normal,12.623591423034668,0.0,0.0,0.0,1.3185926710248017,-0.2561491347685494,0.6197659182362258,11.236067980000001,12.804226069999999,5.0,0.0,0.0,0.0,8.0,0.0,-0.01592281274497509,14.990032020024955,-0.2886691689491272,11.23606798,12.80422607,5.0,0.07394897937774658,8.0,minimum_jerk,5
1785141531985487062,11.239298820495605,12.864246129989624,5.03253173828125,-0.012006750330328941,-0.08999080955982208,-0.6845496892929077,0.01668819971382618,18.97093391418457,0.06834588199853897,world,985424995,1785141531,3.5014541149139404,True,True,True,True,3.182074726700474,-1.8030324960655277,2.565852812289663,1.1387865543365479,True,1.4793272018432617,True,2.9586544036865234,True,3,normal,12.623591423034668,0.0,0.0,0.0,1.3185926710248017,-0.2561491347685494,0.6197659182362258,11.236067980000001,12.804226069999999,5.0,0.0,0.0,0.0,8.0,0.0,-0.01592281274497509,14.990032020024955,-0.2886691689491272,11.23606798,12.80422607,5.0,0.06834588199853897,8.0,minimum_jerk,5
1785141532071457937,11.239283561706543,12.863068103790283,5.028294086456299,-0.012279251590371132,-0.10416194796562195,-0.7163378596305847,0.01668819971382618,19.05685806274414,0.06537032872438431,world,71350284,1785141532,3.5014541149139404,True,True,True,True,3.1757536804518094,-1.9980069614265368,1.3215835148305093,1.1387865543365479,True,1.4793272018432617,True,2.9586544036865234,True,3,normal,12.623591423034668,0.0,0.0,0.0,1.3185926710248017,-0.2561491347685494,0.6197659182362258,11.236067980000001,12.804226069999999,5.0,0.0,0.0,0.0,8.0,0.0,-0.01592281274497509,14.990032020024955,-0.2886691689491272,11.23606798,12.80422607,5.0,0.06537032872438431,8.0,minimum_jerk,5
1785141532191394299,11.239236831665039,12.860366582870483,5.019073009490967,-0.013032343238592148,-0.13901297748088837,-0.7575533986091614,0.01668819971382618,19.17685890197754,0.05937658250331879,world,191352019,1785141532,3.5014541149139404,True,True,True,True,3.1724997657603544,-1.9688697880545813,2.1973826689550924,1.1387865543365479,True,1.4793272018432617,True,2.9586544036865234,True,3,normal,12.623591423034668,0.0,0.0,0.0,1.3185926710248017,-0.2561491347685494,0.6197659182362258,11.236067980000001,12.804226069999999,5.0,0.0,0.0,0.0,8.0,0.0,-0.01592281274497509,14.990032020024955,-0.2886691689491272,11.23606798,12.80422607,5.0,0.05937658250331879,8.0,minimum_jerk,5
1785141532291468479,11.239236831665039,12.860366582870483,5.019073009490967,-0.013032343238592148,-0.13901297748088837,-0.7575533986091614,0.01668819971382618,19.27689552307129,0.05937658250331879,world,291392265,1785141532,3.5014541149139404,True,True,True,True,3.166891856968308,-2.09544592341807,1.5777573938003673,1.1387865543365479,True,1.4793272018432617,True,2.9586544036865234,True,3,normal,12.623591423034668,0.0,0.0,0.0,1.3185926710248017,-0.2561491347685494,0.6197659182362258,11.236067980000001,12.804226069999999,5.0,0.0,0.0,0.0,8.0,0.0,-0.01592281274497509,14.990032020024955,-0.2886691689491272,11.23606798,12.80422607,5.0,0.05937658250331879,8.0,minimum_jerk,5
1785141532391413194,11.239167213439941,12.857083797454834,5.009383678436279,-0.013857745565474033,-0.1827980875968933,-0.7625820636749268,0.01668819971382618,19.376869201660156,0.053773581981658936,world,391366226,1785141532,3.5014541149139404,True,True,True,True,3.1656512830392853,-2.0073715548555615,2.698099990608501,1.1387865543365479,True,1.4793272018432617,True,2.9586544036865234,True,3,normal,12.623591423034668,0.0,0.0,0.0,1.3185926710248017,-0.2561491347685494,0.6197659182362258,11.236067980000001,12.804226069999999,5.0,0.0,0.0,0.0,8.0,0.0,-0.01592281274497509,14.990032020024955,-0.2886691689491272,11.23606798,12.80422607,5.0,0.053773581981658936,8.0,minimum_jerk,5
1785141532491459271,11.239167213439941,12.857083797454834,5.009383678436279,-0.013857745565474033,-0.1827980875968933,-0.7625820636749268,0.01668819971382618,19.476879119873047,0.053773581981658936,world,491377086,1785141532,3.5014541149139404,True,True,True,True,3.156731110251649,-2.270398873765691,1.7213460222335901,1.1387865543365479,True,1.4793272018432617,True,2.9586544036865234,True,3,normal,12.623591423034668,0.0,0.0,0.0,1.3185926710248017,-0.2561491347685494,0.6197659182362258,11.236067980000001,12.804226069999999,5.0,0.0,0.0,0.0,8.0,0.0,-0.01592281274497509,14.990032020024955,-0.2886691689491272,11.23606798,12.80422607,5.0,0.053773581981658936,8.0,minimum_jerk,5
1785141532591409437,11.239123344421387,12.855188608169556,5.004507064819336,-0.014386221766471863,-0.20678944885730743,-0.7537567019462585,0.01668819971382618,19.57686424255371,0.05125260353088379,world,591359573,1785141532,3.5014541149139404,True,True,True,True,3.1544821298791303,-2.232967546374334,2.3481326465740238,1.1387865543365479,True,1.4793272018432617,True,2.9586544036865234,True,3,normal,12.623591423034668,0.0,0.0,0.0,1.3185926710248017,-0.2561491347685494,0.6197659182362258,11.236067980000001,12.804226069999999,5.0,0.0,0.0,0.0,8.0,0.0,-0.01592281274497509,14.990032020024955,-0.2886691689491272,11.23606798,12.80422607,5.0,0.05125260353088379,8.0,minimum_jerk,5
1785141532691416791,11.23907470703125,12.85310411453247,4.999702453613281,-0.014677821658551693,-0.23270876705646515,-0.7351973056793213,0.01668819971382618,19.67686653137207,0.04897134006023407,world,691359202,1785141532,3.5014541149139404,True,True,True,True,3.149796973216542,-2.300080965885583,2.6084026893971792,1.1387865543365479,True,1.4793272018432617,True,2.9586544036865234,True,3,normal,12.623591423034668,0.0,0.0,0.0,1.3185926710248017,-0.2561491347685494,0.6197659182362258,11.236067980000001,12.804226069999999,5.0,0.0,0.0,0.0,8.0,0.0,-0.01592281274497509,14.990032020024955,-0.2886691689491272,11.23606798,12.80422607,5.0,0.04897134006023407,8.0,minimum_jerk,5
1785141532791430046,11.239018440246582,12.850820064544678,4.995035648345947,-0.01556534692645073,-0.25907063484191895,-0.7104489207267761,0.01668819971382618,19.776870727539062,0.046950507909059525,world,791363591,1785141532,3.5014541149139404,True,True,True,True,3.1466908261395354,-2.306405154322961,2.7201740280028237,1.1387865543365479,True,1.4793272018432617,True,2.9586544036865234,True,3,normal,12.623591423034668,0.0,0.0,0.0,1.3185926710248017,-0.2561491347685494,0.6197659182362258,11.236067980000001,12.804226069999999,5.0,0.0,0.0,0.0,8.0,0.0,-0.01592281274497509,14.990032020024955,-0.2886691689491272,11.23606798,12.80422607,5.0,0.046950507909059525,8.0,minimum_jerk,5
1785141532891426419,11.238702774047852,12.839813470840454,4.978294372558594,-0.01903105527162552,-0.3516032099723816,-0.5953607559204102,0.01668819971382618,19.876869201660156,0.04176768660545349,world,891362809,1785141532,3.5014541149139404,True,True,True,True,3.156361925581308,-1.8734714553033744,3.8726163071239985,1.1387865543365479,True,1.4793272018432617,True,2.9586544036865234,True,3,normal,12.623591423034668,0.0,0.0,0.0,1.3185926710248017,-0.2561491347685494,0.6197659182362258,11.236067980000001,12.804226069999999,5.0,0.0,0.0,0.0,8.0,0.0,-0.01592281274497509,14.990032020024955,-0.2886691689491272,11.23606798,12.80422607,5.0,0.04176768660545349,8.0,minimum_jerk,5
1785141532991428573,11.234926223754883,12.77057933807373,4.949843883514404,-0.028453664854168892,-0.4419685900211334,-0.49501025676727295,0.01668819971382618,19.97687530517578,0.060407303273677826,world,991371526,1785141532,3.5014541149139404,True,True,True,True,3.4171712781214825,2.806299070374405,6.873218017937051,1.1387865543365479,True,1.4793272018432617,True,2.9586544036865234,True,3,normal,12.623591423034668,0.0,0.0,0.0,1.3185926710248017,-0.2561491347685494,0.6197659182362258,11.236067980000001,12.804226069999999,5.0,0.0,0.0,0.0,8.0,0.0,-0.01592281274497509,14.990032020024955,-0.2886691689491272,11.23606798,12.80422607,5.0,0.060407303273677826,8.0,minimum_jerk,5
1785141533091424435,11.20711612701416,12.292951822280884,4.967073440551758,-0.027289198711514473,-0.30559104681015015,0.4547058343887329,0.01668819971382618,20.076875686645508,0.5131508111953735,world,91371485,1785141533,3.5014541149139404,True,True,True,True,4.048434510278209,5.0,8.0,1.1387865543365479,True,1.4793272018432617,True,2.9586544036865234,True,3,normal,12.623591423034668,0.0,0.0,0.0,1.3185926710248017,-0.2561491347685494,0.6197659182362258,11.236067980000001,12.804226069999999,5.0,0.0,0.0,0.0,8.0,0.0,-0.01592281274497509,14.990032020024955,-0.2886691689491272,11.23606798,12.80422607,5.0,0.5131508111953735,8.0,minimum_jerk,5
1785141533191428704,11.206525802612305,12.273272275924683,5.036013126373291,-0.0053462376818060875,-0.08200116455554962,0.5229910612106323,0.01668819971382618,20.176868438720703,0.5329930782318115,world,191361557,1785141533,3.5014541149139404,True,True,True,True,4.48536833351477,5.0,-5.640083620010183,1.1387865543365479,True,1.4793272018432617,True,2.9586544036865234,True,3,normal,12.623591423034668,0.0,0.0,0.0,1.3185926710248017,-0.2561491347685494,0.6197659182362258,11.236067980000001,12.804226069999999,5.0,0.0,0.0,0.0,8.0,0.0,-0.01592281274497509,14.990032020024955,-0.2886691689491272,11.23606798,12.80422607,5.0,0.5329930782318115,8.0,minimum_jerk,5
1785141533291421390,11.207433700561523,12.268414497375488,5.062325954437256,0.0022569496650248766,-0.02426735684275627,-0.3438551425933838,0.01668819971382618,20.276870727539062,0.5401837825775146,world,291363350,1785141533,3.5014541149139404,True,True,True,True,3.6102696269857653,5.0,-1.5976368204648608,1.1387865543365479,True,1.4793272018432617,True,2.9586544036865234,True,3,normal,12.623591423034668,0.0,0.0,0.0,1.3185926710248017,-0.2561491347685494,0.6197659182362258,11.236067980000001,12.804226069999999,5.0,0.0,0.0,0.0,8.0,0.0,-0.01592281274497509,14.990032020024955,-0.2886691689491272,11.23606798,12.80422607,5.0,0.5401837825775146,8.0,minimum_jerk,5
1785141533391400550,11.209303855895996,12.274779319763184,5.010031223297119,0.04167960211634636,0.2527240514755249,-0.7926666140556335,0.01668819971382618,20.376869201660156,0.530217707157135,world,391362208,1785141533,3.5014541149139404,True,True,True,True,3.660836259487048,-0.12181059686416473,4.935640863186498,1.1387865543365479,True,1.4793272018432617,True,2.9586544036865234,True,3,normal,12.623591423034668,0.0,0.0,0.0,1.3185926710248017,-0.2561491347685494,0.6197659182362258,11.236067980000001,12.804226069999999,5.0,0.0,0.0,0.0,8.0,0.0,-0.01592281274497509,14.990032020024955,-0.2886691689491272,11.23606798,12.80422607,5.0,0.530217707157135,8.0,minimum_jerk,5
1785141533491420728,11.217040061950684,12.320249319076538,4.9656524658203125,0.12746647000312805,0.7877889275550842,-0.6883845925331116,0.01668819971382618,20.47687530517578,0.48556700348854065,world,491369722,1785141533,3.5014541149139404,True,True,True,True,3.3906492062764353,-0.682106856294886,5.28748241377499,1.1387865543365479,True,1.4793272018432617,True,2.9586544036865234,True,3,normal,12.623591423034668,0.0,0.0,0.0,1.3185926710248017,-0.2561491347685494,0.6197659182362258,11.236067980000001,12.804226069999999,5.0,0.0,0.0,0.0,8.0,0.0,-0.01592281274497509,14.990032020024955,-0.2886691689491272,11.23606798,12.80422607,5.0,0.48556700348854065,8.0,minimum_jerk,5
1785141533591417623,11.229757308959961,12.404897689819336,4.962782382965088,0.15474694967269897,1.0669001340866089,-0.08422642946243286,0.01668819971382618,20.576873779296875,0.40110862255096436,world,591368239,1785141533,3.5014541149139404,True,True,True,True,2.8539904340648654,-3.660739415270179,3.133877384853238,1.1387865543365479,True,1.4793272018432617,True,2.9586544036865234,True,3,normal,12.623591423034668,0.0,0.0,0.0,1.3185926710248017,-0.2561491347685494,0.6197659182362258,11.236067980000001,12.804226069999999,5.0,0.0,0.0,0.0,8.0,0.0,-0.01592281274497509,14.990032020024955,-0.2886691689491272,11.23606798,12.80422607,5.0,0.40110862255096436,8.0,minimum_jerk,5
1785141533691425818,11.242698669433594,12.501269340515137,5.007457733154297,0.11425139755010605,0.8758442997932434,0.26539525389671326,0.01668819971382618,20.676881790161133,0.30312103033065796,world,691377066,1785141533,3.5014541149139404,True,True,True,True,2.627352856579769,-5.0,-1.3252180264455045,1.1387865543365479,True,1.4793272018432617,True,2.9586544036865234,True,3,normal,12.623591423034668,0.0,0.0,0.0,1.3185926710248017,-0.2561491347685494,0.6197659182362258,11.236067980000001,12.804226069999999,5.0,0.0,0.0,0.0,8.0,0.0,-0.01592281274497509,14.990032020024955,-0.2886691689491272,11.23606798,12.80422607,5.0,0.30312103033065796,8.0,minimum_jerk,5
1785141533791421861,11.251051902770996,12.570653676986694,5.032191276550293,0.08280210196971893,0.6910123825073242,-0.2053622305393219,0.01668819971382618,20.776880264282227,0.23625591397285461,world,791373078,1785141533,3.5014541149139404,True,True,True,True,2.6570052831186315,-5.0,-0.9375874543169316,1.1387865543365479,True,1.4793272018432617,True,2.9586544036865234,True,3,normal,12.623591423034668,0.0,0.0,0.0,1.3185926710248017,-0.2561491347685494,0.6197659182362258,11.236067980000001,12.804226069999999,5.0,0.0,0.0,0.0,8.0,0.0,-0.01592281274497509,14.990032020024955,-0.2886691689491272,11.23606798,12.80422607,5.0,0.23625591397285461,8.0,minimum_jerk,5
1785141533891443321,11.258454322814941,12.641930341720581,5.00515079498291,0.03138449415564537,0.3757721483707428,-0.6352096199989319,0.01668819971382618,20.87687873840332,0.16391333937644958,world,891372668,1785141533,3.5014541149139404,True,True,True,True,2.615076278182776,-5.0,3.5553618516162597,1.1387865543365479,True,1.4793272018432617,True,2.9586544036865234,True,3,normal,12.623591423034668,0.0,0.0,0.0,1.3185926710248017,-0.2561491347685494,0.6197659182362258,11.236067980000001,12.804226069999999,5.0,0.0,0.0,0.0,8.0,0.0,-0.01592281274497509,14.990032020024955,-0.2886691689491272,11.23606798,12.80422607,5.0,0.16391333937644958,8.0,minimum_jerk,5
1785141533991418083,11.257670402526855,12.659905195236206,4.975308418273926,-0.0753403827548027,-0.3199995160102844,-0.27647140622138977,0.01668819971382618,20.976884841918945,0.14800287783145905,world,991380863,1785141533,3.5014541149139404,True,True,True,True,2.842208237784794,-3.8259142228760865,4.669508129843273,1.1387865543365479,True,1.4793272018432617,True,2.9586544036865234,True,3,normal,12.623591423034668,0.0,0.0,0.0,1.3185926710248017,-0.2561491347685494,0.6197659182362258,11.236067980000001,12.804226069999999,5.0,0.0,0.0,0.0,8.0,0.0,-0.01592281274497509,14.990032020024955,-0.2886691689491272,11.23606798,12.80422607,5.0,0.14800287783145905,8.0,minimum_jerk,5
1785141534091418604,11.245922088623047,12.607062578201294,4.987346172332764,-0.15630581974983215,-0.8500902056694031,0.1924114227294922,0.01668819971382618,21.076879501342773,0.1978147178888321,world,91372587,1785141534,3.5014541149139404,True,True,True,True,3.534632232042849,0.9282345706959545,1.4710177289879365,1.1387865543365479,True,1.4793272018432617,True,2.9586544036865234,True,3,normal,12.623591423034668,0.0,0.0,0.0,1.3185926710248017,-0.2561491347685494,0.6197659182362258,11.236067980000001,12.804226069999999,5.0,0.0,0.0,0.0,8.0,0.0,-0.01592281274497509,14.990032020024955,-0.2886691689491272,11.23606798,12.80422607,5.0,0.1978147178888321,8.0,minimum_jerk,5
1785141534191423954,11.230752944946289,12.529263019561768,5.015024662017822,-0.1654914766550064,-0.9029480814933777,0.1027073934674263,0.01668819971382618,21.176883697509766,0.2754245400428772,world,191377637,1785141534,3.5014541149139404,True,True,True,True,4.133078450774078,4.912022259191863,-0.7500753287142653,1.1387865543365479,True,1.4793272018432617,True,2.9586544036865234,True,3,normal,12.623591423034668,0.0,0.0,0.0,1.3185926710248017,-0.2561491347685494,0.6197659182362258,11.236067980000001,12.804226069999999,5.0,0.0,0.0,0.0,8.0,0.0,-0.01592281274497509,14.990032020024955,-0.2886691689491272,11.23606798,12.80422607,5.0,0.2754245400428772,8.0,minimum_jerk,5
1785141534291413985,11.221867561340332,12.48890495300293,5.0218329429626465,-0.13221417367458344,-0.6762310266494751,-0.266423761844635,0.01668819971382618,21.276885986328125,0.3163948953151703,world,291378719,1785141534,3.5014541149139404,True,True,True,True,4.048105399664635,4.845652959090107,0.6805068671122674,1.1387865543365479,True,1.4793272018432617,True,2.9586544036865234,True,3,normal,12.623591423034668,0.0,0.0,0.0,1.3185926710248017,-0.2561491347685494,0.6197659182362258,11.236067980000001,12.804226069999999,5.0,0.0,0.0,0.0,8.0,0.0,-0.01592281274497509,14.990032020024955,-0.2886691689491272,11.23606798,12.80422607,5.0,0.3163948953151703,8.0,minimum_jerk,5
1785141534391418995,11.219916343688965,12.492705583572388,5.007725238800049,-0.051180098205804825,-0.11175163835287094,-0.3230462372303009,0.01668819971382618,21.376880645751953,0.31203457713127136,world,391374260,1785141534,3.5014541149139404,True,True,True,True,3.700691100233061,2.660109041925144,2.5380641460247846,1.1387865543365479,True,1.4793272018432617,True,2.9586544036865234,True,3,normal,12.623591423034668,0.0,0.0,0.0,1.3185926710248017,-0.2561491347685494,0.6197659182362258,11.236067980000001,12.804226069999999,5.0,0.0,0.0,0.0,8.0,0.0,-0.01592281274497509,14.990032020024955,-0.2886691689491272,11.23606798,12.80422607,5.0,0.31203457713127136,8.0,minimum_jerk,5
1785141534491464080,11.225637435913086,12.554058074951172,4.987703800201416,0.04751746356487274,0.6024932265281677,-0.26205122470855713,0.01668819971382618,21.476892471313477,0.2506870925426483,world,491386624,1785141534,3.5014541149139404,True,True,True,True,3.3176150123729053,-0.2098391829104165,3.4893655178817244,1.1387865543365479,True,1.4793272018432617,True,2.9586544036865234,True,3,normal,12.623591423034668,0.0,0.0,0.0,1.3185926710248017,-0.2561491347685494,0.6197659182362258,11.236067980000001,12.804226069999999,5.0,0.0,0.0,0.0,8.0,0.0,-0.01592281274497509,14.990032020024955,-0.2886691689491272,11.23606798,12.80422607,5.0,0.2506870925426483,8.0,minimum_jerk,5
1785141534591419396,11.236854553222656,12.65874695777893,4.980715274810791,0.09706807881593704,1.0271925926208496,-0.023498140275478363,0.01668819971382618,21.576885223388672,0.14675384759902954,world,591378468,1785141534,3.5014541149139404,True,True,True,True,2.780758382534939,-4.383263155632604,2.9996203061361935,1.1387865543365479,True,1.4793272018432617,True,2.9586544036865234,True,3,normal,12.623591423034668,0.0,0.0,0.0,1.3185926710248017,-0.2561491347685494,0.6197659182362258,11.236067980000001,12.804226069999999,5.0,0.0,0.0,0.0,8.0,0.0,-0.01592281274497509,14.990032020024955,-0.2886691689491272,11.23606798,12.80422607,5.0,0.14675384759902954,8.0,minimum_jerk,5
1785141534691428052,11.242470741271973,12.721534490585327,5.023628234863281,0.07934945076704025,0.9592490792274475,0.26653236150741577,0.01668819971382618,21.6768856048584,0.08623912185430527,world,691378368,1785141534,3.5014541149139404,True,True,True,True,2.8269331332456202,-4.373812992447971,-1.8568316388168822,1.1387865543365479,True,1.4793272018432617,True,2.9586544036865234,True,3,normal,12.623591423034668,0.0,0.0,0.0,1.3185926710248017,-0.2561491347685494,0.6197659182362258,11.236067980000001,12.804226069999999,5.0,0.0,0.0,0.0,8.0,0.0,-0.01592281274497509,14.990032020024955,-0.2886691689491272,11.23606798,12.80422607,5.0,0.08623912185430527,8.0,minimum_jerk,5
1785141534791422952,11.242905616760254,12.747697114944458,5.063499927520752,0.046195752918720245,0.7422961592674255,-0.1265411227941513,0.01668819971382618,21.776887893676758,0.08529077470302582,world,791380773,1785141534,3.5014541149139404,True,True,True,True,3.184845961113902,-1.4892004861042851,-2.9095944814807813,1.1387865543365479,True,1.4793272018432617,True,2.9586544036865234,True,3,normal,12.623591423034668,0.0,0.0,0.0,1.3185926710248017,-0.2561491347685494,0.6197659182362258,11.236067980000001,12.804226069999999,5.0,0.0,0.0,0.0,8.0,0.0,-0.01592281274497509,14.990032020024955,-0.2886691689491272,11.23606798,12.80422607,5.0,0.08529077470302582,8.0,minimum_jerk,5
1785141534891441678,11.24148941040039,12.770287036895752,5.03505802154541,0.004723007325083017,0.4787510633468628,-0.72624671459198,0.01668819971382618,21.876893997192383,0.04909495636820793,world,891386604,1785141534,3.5014541149139404,True,True,True,True,3.2609705611124724,-1.7205282899311531,2.519756299439707,1.1387865543365479,True,1.4793272018432617,True,2.9586544036865234,True,3,normal,12.623591423034668,0.0,0.0,0.0,1.3185926710248017,-0.2561491347685494,0.6197659182362258,11.236067980000001,12.804226069999999,5.0,0.0,0.0,0.0,8.0,0.0,-0.01592281274497509,14.990032020024955,-0.2886691689491272,11.23606798,12.80422607,5.0,0.04909495636820793,8.0,minimum_jerk,5
1785141534991468438,11.235054016113281,12.75942325592041,4.978480815887451,-0.07935652136802673,-0.1181715652346611,-0.6149790287017822,0.01668819971382618,21.97690200805664,0.0497131310403347,world,991399057,1785141534,3.5014541149139404,True,True,True,True,3.5583936324865686,-0.4110537735227576,6.609281279686222,1.1387865543365479,True,1.4793272018432617,True,2.9586544036865234,True,3,normal,12.623591423034668,0.0,0.0,0.0,1.3185926710248017,-0.2561491347685494,0.6197659182362258,11.236067980000001,12.804226069999999,5.0,0.0,0.0,0.0,8.0,0.0,-0.01592281274497509,14.990032020024955,-0.2886691689491272,11.23606798,12.80422607,5.0,0.0497131310403347,8.0,minimum_jerk,5
1785141535091436578,11.223278999328613,12.713898181915283,4.993450164794922,-0.09984255582094193,-0.5171461701393127,0.02423936501145363,0.01668819971382618,22.076892852783203,0.09146357327699661,world,91386724,1785141535,3.5014541149139404,True,True,True,True,4.024171847438947,2.279907931109093,0.35991139067810574,1.1387865543365479,True,1.4793272018432617,True,2.9586544036865234,True,3,normal,12.623591423034668,0.0,0.0,0.0,1.3185926710248017,-0.2561491347685494,0.6197659182362258,11.236067980000001,12.804226069999999,5.0,0.0,0.0,0.0,8.0,0.0,-0.01592281274497509,14.990032020024955,-0.2886691689491272,11.23606798,12.80422607,5.0,0.09146357327699661,8.0,minimum_jerk,5
1785141535191436768,11.215574264526367,12.66788625717163,5.055973529815674,-0.05563638359308243,-0.44484493136405945,0.12146700918674469,0.01668819971382618,22.176891326904297,0.14880044758319855,world,191384389,1785141535,3.5014541149139404,True,True,True,True,4.128959550902312,3.85702598225073,-5.216715377478358,1.1387865543365479,True,1.4793272018432617,True,2.9586544036865234,True,3,normal,12.623591423034668,0.0,0.0,0.0,1.3185926710248017,-0.2561491347685494,0.6197659182362258,11.236067980000001,12.804226069999999,5.0,0.0,0.0,0.0,8.0,0.0,-0.01592281274497509,14.990032020024955,-0.2886691689491272,11.23606798,12.80422607,5.0,0.14880044758319855,8.0,minimum_jerk,5
1785141535291442549,11.209847450256348,12.626242637634277,5.061854362487793,-0.04479354992508888,-0.3786679208278656,-0.6850191950798035,0.01668819971382618,22.27689552307129,0.19024084508419037,world,291388257,1785141535,3.5014541149139404,True,True,True,True,4.04122342348728,4.174141727743123,-0.9221042718450679,1.1387865543365479,True,1.4793272018432617,True,2.9586544036865234,True,3,normal,12.623591423034668,0.0,0.0,0.0,1.3185926710248017,-0.2561491347685494,0.6197659182362258,11.236067980000001,12.804226069999999,5.0,0.0,0.0,0.0,8.0,0.0,-0.01592281274497509,14.990032020024955,-0.2886691689491272,11.23606798,12.80422607,5.0,0.19024084508419037,8.0,minimum_jerk,5
1785141535391443761,11.207406044006348,12.60511827468872,5.00074577331543,0.022369835525751114,0.02998325042426586,-0.9063544869422913,0.01668819971382618,22.37689971923828,0.20116156339645386,world,391393266,1785141535,3.5014541149139404,True,True,True,True,4.061210101249059,4.427495623659118,6.109566900901647,1.1387865543365479,True,1.4793272018432617,True,2.9586544036865234,True,3,normal,12.623591423034668,0.0,0.0,0.0,1.3185926710248017,-0.2561491347685494,0.6197659182362258,11.236067980000001,12.804226069999999,5.0,0.0,0.0,0.0,8.0,0.0,-0.01592281274497509,14.990032020024955,-0.2886691689491272,11.23606798,12.80422607,5.0,0.20116156339645386,8.0,minimum_jerk,5
1785141535491456085,11.214766502380371,12.633715629577637,4.97636079788208,0.13060060143470764,0.7625716924667358,-0.5289363265037537,0.01668819971382618,22.476898193359375,0.17345423996448517,world,491392605,1785141535,3.5014541149139404,True,True,True,True,3.607266836057709,2.245496641163461,2.9936186958891735,1.1387865543365479,True,1.4793272018432617,True,2.9586544036865234,True,3,normal,12.623591423034668,0.0,0.0,0.0,1.3185926710248017,-0.2561491347685494,0.6197659182362258,11.236067980000001,12.804226069999999,5.0,0.0,0.0,0.0,8.0,0.0,-0.01592281274497509,14.990032020024955,-0.2886691689491272,11.23606798,12.80422607,5.0,0.17345423996448517,8.0,minimum_jerk,5
1785141535591439333,11.2298002243042,12.718837261199951,4.999456882476807,0.1805332601070404,1.184282660484314,-0.11216708272695541,0.01668819971382618,22.5768985748291,0.08562025427818298,world,591391252,1785141535,3.5014541149139404,True,True,True,True,2.863606903332191,-2.1555828739351535,-0.6995130044340471,1.1387865543365479,True,1.4793272018432617,True,2.9586544036865234,True,3,normal,12.623591423034668,0.0,0.0,0.0,1.3185926710248017,-0.2561491347685494,0.6197659182362258,11.236067980000001,12.804226069999999,5.0,0.0,0.0,0.0,8.0,0.0,-0.01592281274497509,14.990032020024955,-0.2886691689491272,11.23606798,12.80422607,5.0,0.08562025427818298,8.0,minimum_jerk,5
1785141535691444553,11.246490478515625,12.825342655181885,5.020210266113281,0.17122167348861694,1.1926844120025635,-0.2874552607536316,0.01668819971382618,22.67690658569336,0.0310321357101202,world,691402022,1785141535,3.5014541149139404,True,True,True,True,2.4841273473609315,-5.0,-0.8922262154475981,1.1387865543365479,True,1.4793272018432617,True,2.9586544036865234,True,3,normal,12.623591423034668,0.0,0.0,0.0,1.3185926710248017,-0.2561491347685494,0.6197659182362258,11.236067980000001,12.804226069999999,5.0,0.0,0.0,0.0,8.0,0.0,-0.01592281274497509,14.990032020024955,-0.2886691689491272,11.23606798,12.80422607,5.0,0.0310321357101202,8.0,minimum_jerk,5
1785141535791436738,11.261658668518066,12.930580377578735,5.005043029785156,0.11803560703992844,0.9126487970352173,-0.47816815972328186,0.01668819971382618,22.776901245117188,0.12901832163333893,world,791394478,1785141535,3.5014541149139404,True,True,True,True,2.2539893166134353,-5.0,2.35096610466859,1.1387865543365479,True,1.4793272018432617,True,2.9586544036865234,True,3,normal,12.623591423034668,0.0,0.0,0.0,1.3185926710248017,-0.2561491347685494,0.6197659182362258,11.236067980000001,12.804226069999999,5.0,0.0,0.0,0.0,8.0,0.0,-0.01592281274497509,14.990032020024955,-0.2886691689491272,11.23606798,12.80422607,5.0,0.12901832163333893,8.0,minimum_jerk,5
1785141535891442669,11.266264915466309,12.98182225227356,5.007891654968262,0.0023593888618052006,0.276385098695755,-0.3314688503742218,0.01668819971382618,22.87689971923828,0.18031787872314453,world,891394238,1785141535,3.5014541149139404,True,True,True,True,2.578526023705033,-5.0,0.2733177629664144,1.1387865543365479,True,1.4793272018432617,True,2.9586544036865234,True,3,normal,12.623591423034668,0.0,0.0,0.0,1.3185926710248017,-0.2561491347685494,0.6197659182362258,11.236067980000001,12.804226069999999,5.0,0.0,0.0,0.0,8.0,0.0,-0.01592281274497509,14.990032020024955,-0.2886691689491272,11.23606798,12.80422607,5.0,0.18031787872314453,8.0,minimum_jerk,5
1785141535991456125,11.2579927444458,12.965896129608154,5.02374267578125,-0.11326177418231964,-0.37040549516677856,-0.2959716022014618,0.01668819971382618,22.976905822753906,0.16486848890781403,world,991399427,1785141535,3.5014541149139404,True,True,True,True,3.3336837121032112,-1.7973514636604326,-0.9581563002599838,1.1387865543365479,True,1.4793272018432617,True,2.9586544036865234,True,3,normal,12.623591423034668,0.0,0.0,0.0,1.3185926710248017,-0.2561491347685494,0.6197659182362258,11.236067980000001,12.804226069999999,5.0,0.0,0.0,0.0,8.0,0.0,-0.01592281274497509,14.990032020024955,-0.2886691689491272,11.23606798,12.80422607,5.0,0.16486848890781403,8.0,minimum_jerk,5
1785141536091436187,11.242615699768066,12.906927824020386,5.0080437660217285,-0.15342843532562256,-0.6529377102851868,-0.5754303336143494,0.01668819971382618,23.076908111572266,0.10322415083646774,world,91400580,1785141536,3.5014541149139404,True,True,True,True,3.9344037281638107,1.4019395870599216,1.7932712446285208,1.1387865543365479,True,1.4793272018432617,True,2.9586544036865234,True,3,normal,12.623591423034668,0.0,0.0,0.0,1.3185926710248017,-0.2561491347685494,0.6197659182362258,11.236067980000001,12.804226069999999,5.0,0.0,0.0,0.0,8.0,0.0,-0.01592281274497509,14.990032020024955,-0.2886691689491272,11.23606798,12.80422607,5.0,0.10322415083646774,8.0,minimum_jerk,5
1785141536191458118,11.227520942687988,12.834116458892822,4.981677532196045,-0.13144399225711823,-0.7714877128601074,-0.26369136571884155,0.01668819971382618,23.176918029785156,0.036086007952690125,world,191413123,1785141536,3.5014541149139404,True,True,True,True,4.28910831239103,3.5123066774575253,3.7668811728892315,1.1387865543365479,True,1.4793272018432617,True,2.9586544036865234,True,3,normal,12.623591423034668,0.0,0.0,0.0,1.3185926710248017,-0.2561491347685494,0.6197659182362258,11.236067980000001,12.804226069999999,5.0,0.0,0.0,0.0,8.0,0.0,-0.01592281274497509,14.990032020024955,-0.2886691689491272,11.23606798,12.80422607,5.0,0.036086007952690125,8.0,minimum_jerk,5
1785141536291440675,11.221461296081543,12.783536434173584,5.025814056396484,-0.020696008577942848,-0.4598347544670105,0.2429346740245819,0.01668819971382618,23.276906967163086,0.036163266748189926,world,291400549,1785141536,3.5014541149139404,True,True,True,True,4.043850387509624,3.5668706987278993,-2.9339671453180203,1.1387865543365479,True,1.4793272018432617,True,2.9586544036865234,True,3,normal,12.623591423034668,0.0,0.0,0.0,1.3185926710248017,-0.2561491347685494,0.6197659182362258,11.236067980000001,12.804226069999999,5.0,0.0,0.0,0.0,8.0,0.0,-0.01592281274497509,14.990032020024955,-0.2886691689491272,11.23606798,12.80422607,5.0,0.036163266748189926,8.0,minimum_jerk,5
1785141536391453640,11.225419998168945,12.772982120513916,5.081073760986328,0.031278837472200394,-0.22816485166549683,-0.11450358480215073,0.01668819971382618,23.376911163330078,0.0875358134508133,world,391404597,1785141536,3.5014541149139404,True,True,True,True,3.4163698433701937,1.5356230716992803,-5.3692210959010715,1.1387865543365479,True,1.4793272018432617,True,2.9586544036865234,True,3,normal,12.623591423034668,0.0,0.0,0.0,1.3185926710248017,-0.2561491347685494,0.6197659182362258,11.236067980000001,12.804226069999999,5.0,0.0,0.0,0.0,8.0,0.0,-0.01592281274497509,14.990032020024955,-0.2886691689491272,11.23606798,12.80422607,5.0,0.0875358134508133,8.0,minimum_jerk,5
1785141536491457006,11.231358528137207,12.768213272094727,5.056213855743408,0.04751349613070488,-0.12459176778793335,-0.8909533023834229,0.01668819971382618,23.476911544799805,0.06692606210708618,world,491405399,1785141536,3.5014541149139404,True,True,True,True,3.186080932972466,1.1286612241420042,0.5984434267640694,1.1387865543365479,True,1.4793272018432617,True,2.9586544036865234,True,3,normal,12.623591423034668,0.0,0.0,0.0,1.3185926710248017,-0.2561491347685494,0.6197659182362258,11.236067980000001,12.804226069999999,5.0,0.0,0.0,0.0,8.0,0.0,-0.01592281274497509,14.990032020024955,-0.2886691689491272,11.23606798,12.80422607,5.0,0.06692606210708618,8.0,minimum_jerk,5
1785141536591450423,11.239227294921875,12.783567428588867,4.984438419342041,0.09300721436738968,0.3037641644477844,-0.8409480452537537,0.01668819971382618,23.5769100189209,0.026056161150336266,world,591403024,1785141536,3.5014541149139404,True,True,True,True,2.983029040064056,0.3950674652856285,6.689945553662764,1.1387865543365479,True,1.4793272018432617,True,2.9586544036865234,True,3,normal,12.623591423034668,0.0,0.0,0.0,1.3185926710248017,-0.2561491347685494,0.6197659182362258,11.236067980000001,12.804226069999999,5.0,0.0,0.0,0.0,8.0,0.0,-0.01592281274497509,14.990032020024955,-0.2886691689491272,11.23606798,12.80422607,5.0,0.026056161150336266,8.0,minimum_jerk,5
1785141536691459511,11.246560096740723,12.82921838760376,4.983242988586426,0.07307468354701996,0.6556099653244019,-0.22264930605888367,0.01668819971382618,23.67691421508789,0.031866878271102905,world,691406881,1785141536,3.5014541149139404,True,True,True,True,2.8034759775169427,-2.047035173014767,0.20358743285888548,1.1387865543365479,True,1.4793272018432617,True,2.9586544036865234,True,3,normal,12.623591423034668,0.0,0.0,0.0,1.3185926710248017,-0.2561491347685494,0.6197659182362258,11.236067980000001,12.804226069999999,5.0,0.0,0.0,0.0,8.0,0.0,-0.01592281274497509,14.990032020024955,-0.2886691689491272,11.23606798,12.80422607,5.0,0.031866878271102905,8.0,minimum_jerk,5
1785141536791444843,11.247434616088867,12.889473915100098,5.041661739349365,-0.00042060023406520486,0.6181484460830688,0.05511724576354027,0.01668819971382618,23.776914596557617,0.09556200355291367,world,791407372,1785141536,3.5014541149139404,True,True,True,True,3.0756158450745303,-3.7204620367841863,-4.799988538886063,1.1387865543365479,True,1.4793272018432617,True,2.9586544036865234,True,3,normal,12.623591423034668,0.0,0.0,0.0,1.3185926710248017,-0.2561491347685494,0.6197659182362258,11.236067980000001,12.804226069999999,5.0,0.0,0.0,0.0,8.0,0.0,-0.01592281274497509,14.990032020024955,-0.2886691689491272,11.23606798,12.80422607,5.0,0.09556200355291367,8.0,minimum_jerk,5
1785141536891485720,11.244894981384277,12.939076662063599,5.053592681884766,-0.015004467219114304,0.5395116209983826,-0.6025027632713318,0.01668819971382618,23.876920700073242,0.14537803828716278,world,891414636,1785141536,3.5014541149139404,True,True,True,True,3.343151982908223,-4.635251618710308,-1.9008736061557407,1.1387865543365479,True,1.4793272018432617,True,2.9586544036865234,True,3,normal,12.623591423034668,0.0,0.0,0.0,1.3185926710248017,-0.2561491347685494,0.6197659182362258,11.236067980000001,12.804226069999999,5.0,0.0,0.0,0.0,8.0,0.0,-0.01592281274497509,14.990032020024955,-0.2886691689491272,11.23606798,12.80422607,5.0,0.14537803828716278,8.0,minimum_jerk,5
1785141536991464129,11.241021156311035,12.978070497512817,4.99347448348999,-0.04000092297792435,0.18214848637580872,-0.8823944330215454,0.01668819971382618,23.976924896240234,0.17403735220432281,world,991419425,1785141536,3.5014541149139404,True,True,True,True,3.439556372522044,-4.988821203816983,5.2630146844567545,1.1387865543365479,True,1.4793272018432617,True,2.9586544036865234,True,3,normal,12.623591423034668,0.0,0.0,0.0,1.3185926710248017,-0.2561491347685494,0.6197659182362258,11.236067980000001,12.804226069999999,5.0,0.0,0.0,0.0,8.0,0.0,-0.01592281274497509,14.990032020024955,-0.2886691689491272,11.23606798,12.80422607,5.0,0.17403735220432281,8.0,minimum_jerk,5
1785141537091453559,11.23629379272461,12.968186616897583,4.973255634307861,-0.043191004544496536,-0.4649159610271454,-0.5055040717124939,0.01668819971382618,24.076919555664062,0.16612757742404938,world,91412923,1785141537,3.5014541149139404,True,True,True,True,3.5736004310646754,-3.029807255020354,1.856122149282954,1.1387865543365479,True,1.4793272018432617,True,2.9586544036865234,True,3,normal,12.623591423034668,0.0,0.0,0.0,1.3185926710248017,-0.2561491347685494,0.6197659182362258,11.236067980000001,12.804226069999999,5.0,0.0,0.0,0.0,8.0,0.0,-0.01592281274497509,14.990032020024955,-0.2886691689491272,11.23606798,12.80422607,5.0,0.16612757742404938,8.0,minimum_jerk,5
1785141537191467215,11.233428001403809,12.89424204826355,5.0008978843688965,-0.011041228659451008,-0.9588668346405029,-0.09128084033727646,0.01668819971382618,24.176923751831055,0.09005916118621826,world,191417742,1785141537,3.5014541149139404,True,True,True,True,3.5532048577035105,1.1309325211719585,-1.9643733832311328,1.1387865543365479,True,1.4793272018432617,True,2.9586544036865234,True,3,normal,12.623591423034668,0.0,0.0,0.0,1.3185926710248017,-0.2561491347685494,0.6197659182362258,11.236067980000001,12.804226069999999,5.0,0.0,0.0,0.0,8.0,0.0,-0.01592281274497509,14.990032020024955,-0.2886691689491272,11.23606798,12.80422607,5.0,0.09005916118621826,8.0,minimum_jerk,5
1785141537291455413,11.233381271362305,12.794610023498535,5.016229629516602,0.008156321942806244,-0.9945664405822754,-0.38637664914131165,0.01668819971382618,24.27692222595215,0.01905485801398754,world,291416249,1785141537,3.5014541149139404,True,True,True,True,3.40781358403104,4.055449934851302,-1.2857612394566604,1.1387865543365479,True,1.4793272018432617,True,2.9586544036865234,True,3,normal,12.623591423034668,0.0,0.0,0.0,1.3185926710248017,-0.2561491347685494,0.6197659182362258,11.236067980000001,12.804226069999999,5.0,0.0,0.0,0.0,8.0,0.0,-0.01592281274497509,14.990032020024955,-0.2886691689491272,11.23606798,12.80422607,5.0,0.01905485801398754,8.0,minimum_jerk,5
1785141537391469569,11.234904289245605,12.710416078567505,4.994139194488525,0.026437468826770782,-0.749948263168335,-0.46137478947639465,0.01668819971382618,24.376928329467773,0.09400009363889694,world,391422561,1785141537,3.5014541149139404,True,True,True,True,3.3003316701497987,5.0,2.397201524322666,1.1387865543365479,True,1.4793272018432617,True,2.9586544036865234,True,3,normal,12.623591423034668,0.0,0.0,0.0,1.3185926710248017,-0.2561491347685494,0.6197659182362258,11.236067980000001,12.804226069999999,5.0,0.0,0.0,0.0,8.0,0.0,-0.01592281274497509,14.990032020024955,-0.2886691689491272,11.23606798,12.80422607,5.0,0.09400009363889694,8.0,minimum_jerk,5
1785141537491460292,11.237268447875977,12.665937423706055,5.007413864135742,0.03504088521003723,-0.07722517102956772,-0.2090447098016739,0.01668819971382618,24.4769229888916,0.1384924352169037,world,491415728,1785141537,3.5014541149139404,True,True,True,True,3.218818956569311,4.555406639632017,-1.1856383668721147,1.1387865543365479,True,1.4793272018432617,True,2.9586544036865234,True,3,normal,12.623591423034668,0.0,0.0,0.0,1.3185926710248017,-0.2561491347685494,0.6197659182362258,11.236067980000001,12.804226069999999,5.0,0.0,0.0,0.0,8.0,0.0,-0.01592281274497509,14.990032020024955,-0.2886691689491272,11.23606798,12.80422607,5.0,0.1384924352169037,8.0,minimum_jerk,5
1785141537591465973,11.239141464233398,12.688227891921997,5.032876491546631,0.025270644575357437,0.45957162976264954,-0.24710038304328918,0.01668819971382618,24.57692527770996,0.12060633301734924,world,591420437,1785141537,3.5014541149139404,True,True,True,True,3.18928878194779,1.0404700540854315,-2.819206895005096,1.1387865543365479,True,1.4793272018432617,True,2.9586544036865234,True,3,normal,12.623591423034668,0.0,0.0,0.0,1.3185926710248017,-0.2561491347685494,0.6197659182362258,11.236067980000001,12.804226069999999,5.0,0.0,0.0,0.0,8.0,0.0,-0.01592281274497509,14.990032020024955,-0.2886691689491272,11.23606798,12.80422607,5.0,0.12060633301734924,8.0,minimum_jerk,5
1785141537691450102,11.24014663696289,12.746348857879639,5.013649940490723,0.012999139726161957,0.6674220561981201,-0.6952987909317017,0.01668819971382618,24.676912307739258,0.059604763984680176,world,691405689,1785141537,3.5014541149139404,True,True,True,True,3.213934334885412,-1.7672051766083374,0.9860359923720986,1.1387865543365479,True,1.4793272018432617,True,2.9586544036865234,True,3,normal,12.623591423034668,0.0,0.0,0.0,1.3185926710248017,-0.2561491347685494,0.6197659182362258,11.236067980000001,12.804226069999999,5.0,0.0,0.0,0.0,8.0,0.0,-0.01592281274497509,14.990032020024955,-0.2886691689491272,11.23606798,12.80422607,5.0,0.059604763984680176,8.0,minimum_jerk,5
1785141537791451906,11.239683151245117,12.817523717880249,4.974142074584961,-0.010604197159409523,0.8061317801475525,-0.40561872720718384,0.01668819971382618,24.77692413330078,0.029300669208168983,world,791417651,1785141537,3.5014541149139404,True,True,True,True,3.273585776903585,-3.8453744072922875,4.146977610170271,1.1387865543365479,True,1.4793272018432617,True,2.9586544036865234,True,3,normal,12.623591423034668,0.0,0.0,0.0,1.3185926710248017,-0.2561491347685494,0.6197659182362258,11.236067980000001,12.804226069999999,5.0,0.0,0.0,0.0,8.0,0.0,-0.01592281274497509,14.990032020024955,-0.2886691689491272,11.23606798,12.80422607,5.0,0.029300669208168983,8.0,minimum_jerk,5
1785141537891458879,11.235713958740234,12.868058443069458,5.007918357849121,-0.029113110154867172,0.5439226627349854,0.14528733491897583,0.01668819971382618,24.87692642211914,0.06432260572910309,world,891420416,1785141537,3.5014541149139404,True,True,True,True,3.4748142804151674,-4.073807584440364,-2.676321221871296,1.1387865543365479,True,1.4793272018432617,True,2.9586544036865234,True,3,normal,12.623591423034668,0.0,0.0,0.0,1.3185926710248017,-0.2561491347685494,0.6197659182362258,11.236067980000001,12.804226069999999,5.0,0.0,0.0,0.0,8.0,0.0,-0.01592281274497509,14.990032020024955,-0.2886691689491272,11.23606798,12.80422607,5.0,0.06432260572910309,8.0,minimum_jerk,5
1785141537991474589,11.23106861114502,12.879201412200928,5.067816257476807,-0.03112299181520939,0.26593920588493347,-0.017160853371024132,0.01668819971382618,24.9769287109375,0.10121926665306091,world,991422270,1785141537,3.5014541149139404,True,True,True,True,3.657552058877828,-2.240319525503267,-6.70519226997095,1.1387865543365479,True,1.4793272018432617,True,2.9586544036865234,True,3,normal,12.623591423034668,0.0,0.0,0.0,1.3185926710248017,-0.2561491347685494,0.6197659182362258,11.236067980000001,12.804226069999999,5.0,0.0,0.0,0.0,8.0,0.0,-0.01592281274497509,14.990032020024955,-0.2886691689491272,11.23606798,12.80422607,5.0,0.10121926665306091,8.0,minimum_jerk,5
1785141538091482453,11.226482391357422,12.883849859237671,5.054631233215332,-0.02973967418074608,0.1782805472612381,-0.8217141628265381,0.01668819971382618,25.07693862915039,0.0970381498336792,world,91431708,1785141538,3.5014541149139404,True,True,True,True,3.7062453001396913,-1.7918985736241675,-0.8364625004546516,1.1387865543365479,True,1.4793272018432617,True,2.9586544036865234,True,3,normal,12.623591423034668,0.0,0.0,0.0,1.3185926710248017,-0.2561491347685494,0.6197659182362258,11.236067980000001,12.804226069999999,5.0,0.0,0.0,0.0,8.0,0.0,-0.01592281274497509,14.990032020024955,-0.2886691689491272,11.23606798,12.80422607,5.0,0.0970381498336792,8.0,minimum_jerk,5
1785141538191464910,11.223761558532715,12.874464511871338,4.985422611236572,0.002725637750700116,-0.18608319759368896,-0.8483424782752991,0.01668819971382618,25.176929473876953,0.07278314977884293,world,191422721,1785141538,3.5014541149139404,True,True,True,True,3.7260249491954793,-1.466424665731562,5.788577895740687,1.1387865543365479,True,1.4793272018432617,True,2.9586544036865234,True,3,normal,12.623591423034668,0.0,0.0,0.0,1.3185926710248017,-0.2561491347685494,0.6197659182362258,11.236067980000001,12.804226069999999,5.0,0.0,0.0,0.0,8.0,0.0,-0.01592281274497509,14.990032020024955,-0.2886691689491272,11.23606798,12.80422607,5.0,0.07278314977884293,8.0,minimum_jerk,5
1785141538291483946,11.223978996276855,12.82597541809082,4.989078044891357,0.07179238647222519,-0.5819178819656372,-0.13755156099796295,0.01668819971382618,25.276939392089844,0.02717474475502968,world,291432669,1785141538,3.5014541149139404,True,True,True,True,3.6052937915240366,0.7746467563830624,-0.6596409786361896,1.1387865543365479,True,1.4793272018432617,True,2.9586544036865234,True,3,normal,12.623591423034668,0.0,0.0,0.0,1.3185926710248017,-0.2561491347685494,0.6197659182362258,11.236067980000001,12.804226069999999,5.0,0.0,0.0,0.0,8.0,0.0,-0.01592281274497509,14.990032020024955,-0.2886691689491272,11.23606798,12.80422607,5.0,0.02717474475502968,8.0,minimum_jerk,5
1785141538391480981,11.22928237915039,12.76707649230957,5.04505729675293,0.10328356921672821,-0.5878626108169556,0.042336441576480865,0.01668819971382618,25.376935958862305,0.05879026651382446,world,391428381,1785141538,3.5014541149139404,True,True,True,True,3.28769411667078,3.08768747849353,-6.386680184414958,1.1387865543365479,True,1.4793272018432617,True,2.9586544036865234,True,3,normal,12.623591423034668,0.0,0.0,0.0,1.3185926710248017,-0.2561491347685494,0.6197659182362258,11.236067980000001,12.804226069999999,5.0,0.0,0.0,0.0,8.0,0.0,-0.01592281274497509,14.990032020024955,-0.2886691689491272,11.23606798,12.80422607,5.0,0.05879026651382446,8.0,minimum_jerk,5
1785141538491501439,11.236432075500488,12.71295714378357,5.053082466125488,0.10082365572452545,-0.5346441268920898,-0.6451841592788696,0.01668819971382618,25.47694969177246,0.10558360815048218,world,491445924,1785141538,3.5014541149139404,True,True,True,True,3.0198640575368794,3.8318366648115516,-2.4140611152757483,1.1387865543365479,True,1.4793272018432617,True,2.9586544036865234,True,3,normal,12.623591423034668,0.0,0.0,0.0,1.3185926710248017,-0.2561491347685494,0.6197659182362258,11.236067980000001,12.804226069999999,5.0,0.0,0.0,0.0,8.0,0.0,-0.01592281274497509,14.990032020024955,-0.2886691689491272,11.23606798,12.80422607,5.0,0.10558360815048218,8.0,minimum_jerk,5
1785141538591498474,11.243953704833984,12.67001724243164,4.991663932800293,0.07954787462949753,-0.18297532200813293,-0.8612303733825684,0.01668819971382618,25.57694435119629,0.13469849526882172,world,591439572,1785141538,3.5014541149139404,True,True,True,True,2.888389304283007,4.18380425349173,4.640403924388729,1.1387865543365479,True,1.4793272018432617,True,2.9586544036865234,True,3,normal,12.623591423034668,0.0,0.0,0.0,1.3185926710248017,-0.2561491347685494,0.6197659182362258,11.236067980000001,12.804226069999999,5.0,0.0,0.0,0.0,8.0,0.0,-0.01592281274497509,14.990032020024955,-0.2886691689491272,11.23606798,12.80422607,5.0,0.13469849526882172,8.0,minimum_jerk,5
1785141538691476111,11.248414039611816,12.676633596420288,4.974678993225098,0.01787911169230938,0.4853728115558624,-0.4408045709133148,0.01668819971382618,25.676944732666016,0.13066528737545013,world,691439542,1785141538,3.5014541149139404,True,True,True,True,2.932298037502748,2.3122691661727655,0.9127725150623007,1.1387865543365479,True,1.4793272018432617,True,2.9586544036865234,True,3,normal,12.623591423034668,0.0,0.0,0.0,1.3185926710248017,-0.2561491347685494,0.6197659182362258,11.236067980000001,12.804226069999999,5.0,0.0,0.0,0.0,8.0,0.0,-0.01592281274497509,14.990032020024955,-0.2886691689491272,11.23606798,12.80422607,5.0,0.13066528737545013,8.0,minimum_jerk,5
1785141538791468176,11.24659538269043,12.740535259246826,5.004026412963867,-0.03962572291493416,0.9191386699676514,-0.08370067179203033,0.01668819971382618,25.776941299438477,0.06468042731285095,world,791433561,1785141538,3.5014541149139404,True,True,True,True,3.215190581138511,-1.6679448906557763,-2.9798805000337643,1.1387865543365479,True,1.4793272018432617,True,2.9586544036865234,True,3,normal,12.623591423034668,0.0,0.0,0.0,1.3185926710248017,-0.2561491347685494,0.6197659182362258,11.236067980000001,12.804226069999999,5.0,0.0,0.0,0.0,8.0,0.0,-0.01592281274497509,14.990032020024955,-0.2886691689491272,11.23606798,12.80422607,5.0,0.06468042731285095,8.0,minimum_jerk,5
1785141538891475590,11.240884780883789,12.834120512008667,5.018604278564453,-0.06027916818857193,0.9618008732795715,-0.41543322801589966,0.01668819971382618,25.87693977355957,0.0355386883020401,world,891434452,1785141538,3.5014541149139404,True,True,True,True,3.5217369530571836,-4.719797422448318,-2.1932714942579072,1.1387865543365479,True,1.4793272018432617,True,2.9586544036865234,True,3,normal,12.623591423034668,0.0,0.0,0.0,1.3185926710248017,-0.2561491347685494,0.6197659182362258,11.236067980000001,12.804226069999999,5.0,0.0,0.0,0.0,8.0,0.0,-0.01592281274497509,14.990032020024955,-0.2886691689491272,11.23606798,12.80422607,5.0,0.0355386883020401,8.0,minimum_jerk,5
1785141538991483425,11.234580039978027,12.915021657943726,4.992171287536621,-0.06574080884456635,0.7483437061309814,-0.511568009853363,0.01668819971382618,25.976940155029297,0.1110817939043045,world,991437779,1785141538,3.5014541149139404,True,True,True,True,3.6949790095591872,-5.0,2.0458142877676435,1.1387865543365479,True,1.4793272018432617,True,2.9586544036865234,True,3,normal,12.623591423034668,0.0,0.0,0.0,1.3185926710248017,-0.2561491347685494,0.6197659182362258,11.236067980000001,12.804226069999999,5.0,0.0,0.0,0.0,8.0,0.0,-0.01592281274497509,14.990032020024955,-0.2886691689491272,11.23606798,12.80422607,5.0,0.1110817939043045,8.0,minimum_jerk,5
1785141539091482714,11.227971076965332,12.95402717590332,4.998189926147461,-0.041752349585294724,0.20317916572093964,-0.28357523679733276,0.01668819971382618,26.07694435119629,0.1500306874513626,world,91438931,1785141539,3.5014541149139404,True,True,True,True,3.8194422855407244,-5.0,-1.4362450501735415,1.1387865543365479,True,1.4793272018432617,True,2.9586544036865234,True,3,normal,12.623591423034668,0.0,0.0,0.0,1.3185926710248017,-0.2561491347685494,0.6197659182362258,11.236067980000001,12.804226069999999,5.0,0.0,0.0,0.0,8.0,0.0,-0.01592281274497509,14.990032020024955,-0.2886691689491272,11.23606798,12.80422607,5.0,0.1500306874513626,8.0,minimum_jerk,5
1785141539191477363,11.224583625793457,12.932385921478271,5.023715019226074,0.002824645722284913,-0.3843449056148529,-0.21028563380241394,0.01668819971382618,26.176944732666016,0.1308405101299286,world,191437398,1785141539,3.5014541149139404,True,True,True,True,3.756566969842678,-1.6659347725592832,-3.010148576715175,1.1387865543365479,True,1.4793272018432617,True,2.9586544036865234,True,3,normal,12.623591423034668,0.0,0.0,0.0,1.3185926710248017,-0.2561491347685494,0.6197659182362258,11.236067980000001,12.804226069999999,5.0,0.0,0.0,0.0,8.0,0.0,-0.01592281274497509,14.990032020024955,-0.2886691689491272,11.23606798,12.80422607,5.0,0.1308405101299286,8.0,minimum_jerk,5
1785141539291518411,11.225138664245605,12.8746657371521,5.012310028076172,0.030816413462162018,-0.6027733087539673,-0.5857364535331726,0.01668819971382618,26.276948928833008,0.07233763486146927,world,291443089,1785141539,3.5014541149139404,True,True,True,True,3.566555700930277,1.2595470421067794,-0.2150462438984636,1.1387865543365479,True,1.4793272018432617,True,2.9586544036865234,True,3,normal,12.623591423034668,0.0,0.0,0.0,1.3185926710248017,-0.2561491347685494,0.6197659182362258,11.236067980000001,12.804226069999999,5.0,0.0,0.0,0.0,8.0,0.0,-0.01592281274497509,14.990032020024955,-0.2886691689491272,11.23606798,12.80422607,5.0,0.07233763486146927,8.0,minimum_jerk,5
1785141539391478295,11.228994369506836,12.807723760604858,4.978043079376221,0.07076940685510635,-0.6971427798271179,-0.3765494227409363,0.01668819971382618,26.376949310302734,0.023331869393587112,world,391442998,1785141539,3.5014541149139404,True,True,True,True,3.3553673616812074,3.0567302490224506,2.954493615163321,1.1387865543365479,True,1.4793272018432617,True,2.9586544036865234,True,3,normal,12.623591423034668,0.0,0.0,0.0,1.3185926710248017,-0.2561491347685494,0.6197659182362258,11.236067980000001,12.804226069999999,5.0,0.0,0.0,0.0,8.0,0.0,-0.01592281274497509,14.990032020024955,-0.2886691689491272,11.23606798,12.80422607,5.0,0.023331869393587112,8.0,minimum_jerk,5
1785141539491493454,11.234228134155273,12.76487922668457,5.0069580078125,0.09072092175483704,-0.4514111280441284,0.10278301686048508,0.01668819971382618,26.476947784423828,0.03999966382980347,world,491441025,1785141539,3.5014541149139404,True,True,True,True,3.1732116209737553,2.967580245605771,-3.438343387292269,1.1387865543365479,True,1.4793272018432617,True,2.9586544036865234,True,3,normal,12.623591423034668,0.0,0.0,0.0,1.3185926710248017,-0.2561491347685494,0.6197659182362258,11.236067980000001,12.804226069999999,5.0,0.0,0.0,0.0,8.0,0.0,-0.01592281274497509,14.990032020024955,-0.2886691689491272,11.23606798,12.80422607,5.0,0.03999966382980347,8.0,minimum_jerk,5
1785141539591503773,11.239887237548828,12.759163618087769,5.070017337799072,0.07925310730934143,-0.13515454530715942,-0.00899135135114193,0.01668819971382618,26.57695198059082,0.08335249871015549,world,591446675,1785141539,3.5014541149139404,True,True,True,True,3.068461432738079,1.0374205240628034,-7.746248993308516,1.1387865543365479,True,1.4793272018432617,True,2.9586544036865234,True,3,normal,12.623591423034668,0.0,0.0,0.0,1.3185926710248017,-0.2561491347685494,0.6197659182362258,11.236067980000001,12.804226069999999,5.0,0.0,0.0,0.0,8.0,0.0,-0.01592281274497509,14.990032020024955,-0.2886691689491272,11.23606798,12.80422607,5.0,0.08335249871015549,8.0,minimum_jerk,5
1785141539691519182,11.24527359008789,12.764029741287231,5.057919025421143,0.06771646440029144,-0.06270022690296173,-0.8051968216896057,0.01668819971382618,26.67695426940918,0.07109923660755157,world,691449430,1785141539,3.5014541149139404,True,True,True,True,3.0019437866555863,0.24127154520947042,-1.7295541506449579,1.1387865543365479,True,1.4793272018432617,True,2.9586544036865234,True,3,normal,12.623591423034668,0.0,0.0,0.0,1.3185926710248017,-0.2561491347685494,0.6197659182362258,11.236067980000001,12.804226069999999,5.0,0.0,0.0,0.0,8.0,0.0,-0.01592281274497509,14.990032020024955,-0.2886691689491272,11.23606798,12.80422607,5.0,0.07109923660755157,8.0,minimum_jerk,5
1785141539791515635,11.248383522033691,12.77949047088623,4.989960670471191,0.01716824807226658,0.22696755826473236,-0.8059710264205933,0.01668819971382618,26.776952743530273,0.02939916029572487,world,791446475,1785141539,3.5014541149139404,True,True,True,True,2.9807473300235365,-0.21469006928300643,5.130333091979079,1.1387865543365479,True,1.4793272018432617,True,2.9586544036865234,True,3,normal,12.623591423034668,0.0,0.0,0.0,1.3185926710248017,-0.2561491347685494,0.6197659182362258,11.236067980000001,12.804226069999999,5.0,0.0,0.0,0.0,8.0,0.0,-0.01592281274497509,14.990032020024955,-0.2886691689491272,11.23606798,12.80422607,5.0,0.02939916029572487,8.0,minimum_jerk,5
1785141539891487462,11.245055198669434,12.815881967544556,4.99515438079834,-0.061049625277519226,0.45954689383506775,-0.09542109817266464,0.01668819971382618,26.876953125,0.015495485626161098,world,891446936,1785141539,3.5014541149139404,True,True,True,True,3.309736501085453,-1.9152288269617328,-2.0991889700816015,1.1387865543365479,True,1.4793272018432617,True,2.9586544036865234,True,3,normal,12.623591423034668,0.0,0.0,0.0,1.3185926710248017,-0.2561491347685494,0.6197659182362258,11.236067980000001,12.804226069999999,5.0,0.0,0.0,0.0,8.0,0.0,-0.01592281274497509,14.990032020024955,-0.2886691689491272,11.23606798,12.80422607,5.0,0.015495485626161098,8.0,minimum_jerk,5
1785141539991498763,11.235844612121582,12.85792064666748,5.062490940093994,-0.0917368084192276,0.3909386396408081,0.07682041823863983,0.01668819971382618,26.97696304321289,0.08239098638296127,world,991457846,1785141539,3.5014541149139404,True,True,True,True,3.7874792180208723,-3.0700804363542544,-8.0,1.1387865543365479,True,1.4793272018432617,True,2.9586544036865234,True,3,normal,12.623591423034668,0.0,0.0,0.0,1.3185926710248017,-0.2561491347685494,0.6197659182362258,11.236067980000001,12.804226069999999,5.0,0.0,0.0,0.0,8.0,0.0,-0.01592281274497509,14.990032020024955,-0.2886691689491272,11.23606798,12.80422607,5.0,0.08239098638296127,8.0,minimum_jerk,5
1785141540091492301,11.22594165802002,12.89418077468872,5.063657760620117,-0.09094825387001038,0.3487530052661896,-0.7695540189743042,0.01668819971382618,27.07695960998535,0.11066481471061707,world,91452466,1785141540,3.5014541149139404,True,True,True,True,3.9789575537609543,-3.288715817450557,-3.383145726273306,1.1387865543365479,True,1.4793272018432617,True,2.9586544036865234,True,3,normal,12.623591423034668,0.0,0.0,0.0,1.3185926710248017,-0.2561491347685494,0.6197659182362258,11.236067980000001,12.804226069999999,5.0,0.0,0.0,0.0,8.0,0.0,-0.01592281274497509,14.990032020024955,-0.2886691689491272,11.23606798,12.80422607,5.0,0.11066481471061707,8.0,minimum_jerk,5
1785141540191487312,11.218282699584961,12.916731595993042,4.995119571685791,-0.05169741064310074,0.06075884401798248,-0.938700258731842,0.01668819971382618,27.176959991455078,0.1140071377158165,world,191453027,1785141540,3.5014541149139404,True,True,True,True,4.107333550116635,-3.601068126139217,4.355561309139263,1.1387865543365479,True,1.4793272018432617,True,2.9586544036865234,True,3,normal,12.623591423034668,0.0,0.0,0.0,1.3185926710248017,-0.2561491347685494,0.6197659182362258,11.236067980000001,12.804226069999999,5.0,0.0,0.0,0.0,8.0,0.0,-0.01592281274497509,14.990032020024955,-0.2886691689491272,11.23606798,12.80422607,5.0,0.1140071377158165,8.0,minimum_jerk,5
1785141540291496389,11.216583251953125,12.892107486724854,4.982571125030518,0.06843778491020203,-0.536396324634552,-0.3406085968017578,0.01668819971382618,27.276962280273438,0.09168731421232224,world,291455061,1785141540,3.5014541149139404,True,True,True,True,3.910492091733331,-1.514699108831809,-0.5686339634981492,1.1387865543365479,True,1.4793272018432617,True,2.9586544036865234,True,3,normal,12.623591423034668,0.0,0.0,0.0,1.3185926710248017,-0.2561491347685494,0.6197659182362258,11.236067980000001,12.804226069999999,5.0,0.0,0.0,0.0,8.0,0.0,-0.01592281274497509,14.990032020024955,-0.2886691689491272,11.23606798,12.80422607,5.0,0.09168731421232224,8.0,minimum_jerk,5
1785141540391522959,11.225236892700195,12.82596206665039,5.015473365783691,0.14576497673988342,-0.79924076795578,-0.12008647620677948,0.01668819971382618,27.376968383789062,0.028795678168535233,world,391464709,1785141540,3.5014541149139404,True,True,True,True,3.32733373719328,1.7771228441702027,-4.231308384688363,1.1387865543365479,True,1.4793272018432617,True,2.9586544036865234,True,3,normal,12.623591423034668,0.0,0.0,0.0,1.3185926710248017,-0.2561491347685494,0.6197659182362258,11.236067980000001,12.804226069999999,5.0,0.0,0.0,0.0,8.0,0.0,-0.01592281274497509,14.990032020024955,-0.2886691689491272,11.23606798,12.80422607,5.0,0.028795678168535233,8.0,minimum_jerk,5
1785141540491487121,11.23952865600586,12.743883609771729,5.019948959350586,0.15603110194206238,-0.775361955165863,-0.5433655381202698,0.01668819971382618,27.476959228515625,0.06364864110946655,world,491451925,1785141540,3.5014541149139404,True,True,True,True,2.7538975628408076,4.135036392063988,-2.4093144217957763,1.1387865543365479,True,1.4793272018432617,True,2.9586544036865234,True,3,normal,12.623591423034668,0.0,0.0,0.0,1.3185926710248017,-0.2561491347685494,0.6197659182362258,11.236067980000001,12.804226069999999,5.0,0.0,0.0,0.0,8.0,0.0,-0.01592281274497509,14.990032020024955,-0.2886691689491272,11.23606798,12.80422607,5.0,0.06364864110946655,8.0,minimum_jerk,5
1785141540591494185,11.252435684204102,12.681820154190063,4.9858832359313965,0.12582096457481384,-0.4557950496673584,-0.5284314751625061,0.01668819971382618,27.576963424682617,0.12429960817098618,world,591455692,1785141540,3.5014541149139404,True,True,True,True,2.4672373862235695,5.0,1.982991144439804,1.1387865543365479,True,1.4793272018432617,True,2.9586544036865234,True,3,normal,12.623591423034668,0.0,0.0,0.0,1.3185926710248017,-0.2561491347685494,0.6197659182362258,11.236067980000001,12.804226069999999,5.0,0.0,0.0,0.0,8.0,0.0,-0.01592281274497509,14.990032020024955,-0.2886691689491272,11.23606798,12.80422607,5.0,0.12429960817098618,8.0,minimum_jerk,5
1785141540691529772,11.25944995880127,12.660435676574707,4.988619804382324,0.04462284594774246,0.0881391167640686,-0.353949636220932,0.01668819971382618,27.676979064941406,0.14612290263175964,world,691475509,1785141540,3.5014541149139404,True,True,True,True,2.5793778387963457,3.6140297628086753,-1.8261334054147595,1.1387865543365479,True,1.4793272018432617,True,2.9586544036865234,True,3,normal,12.623591423034668,0.0,0.0,0.0,1.3185926710248017,-0.2561491347685494,0.6197659182362258,11.236067980000001,12.804226069999999,5.0,0.0,0.0,0.0,8.0,0.0,-0.01592281274497509,14.990032020024955,-0.2886691689491272,11.23606798,12.80422607,5.0,0.14612290263175964,8.0,minimum_jerk,5
1785141540791516857,11.256660461425781,12.69895887374878,5.012877941131592,-0.060010313987731934,0.6556418538093567,-0.18771983683109283,0.01668819971382618,27.77696990966797,0.10803274810314178,world,791464869,1785141540,3.5014541149139404,True,True,True,True,3.088242356714716,0.23839736206846696,-3.8064119333875164,1.1387865543365479,True,1.4793272018432617,True,2.9586544036865234,True,3,normal,12.623591423034668,0.0,0.0,0.0,1.3185926710248017,-0.2561491347685494,0.6197659182362258,11.236067980000001,12.804226069999999,5.0,0.0,0.0,0.0,8.0,0.0,-0.01592281274497509,14.990032020024955,-0.2886691689491272,11.23606798,12.80422607,5.0,0.10803274810314178,8.0,minimum_jerk,5
1785141540891494074,11.247230529785156,12.772908926010132,5.007802963256836,-0.10288195312023163,0.814262866973877,-0.5193620324134827,0.01668819971382618,27.87696647644043,0.03415043652057648,world,891460110,1785141540,3.5014541149139404,True,True,True,True,3.5495096406189,-2.6188831278007942,-1.385219027324063,1.1387865543365479,True,1.4793272018432617,True,2.9586544036865234,True,3,normal,12.623591423034668,0.0,0.0,0.0,1.3185926710248017,-0.2561491347685494,0.6197659182362258,11.236067980000001,12.804226069999999,5.0,0.0,0.0,0.0,8.0,0.0,-0.01592281274497509,14.990032020024955,-0.2886691689491272,11.23606798,12.80422607,5.0,0.03415043652057648,8.0,minimum_jerk,5
1785141540991502119,11.235706329345703,12.848645210266113,4.978954792022705,-0.12278641015291214,0.7811530232429504,-0.34302857518196106,0.01668819971382618,27.976966857910156,0.049153756350278854,world,991460050,1785141540,3.5014541149139404,True,True,True,True,3.9212701072239486,-4.659900153532894,1.7689111214638844,1.1387865543365479,True,1.4793272018432617,True,2.9586544036865234,True,3,normal,12.623591423034668,0.0,0.0,0.0,1.3185926710248017,-0.2561491347685494,0.6197659182362258,11.236067980000001,12.804226069999999,5.0,0.0,0.0,0.0,8.0,0.0,-0.01592281274497509,14.990032020024955,-0.2886691689491272,11.23606798,12.80422607,5.0,0.049153756350278854,8.0,minimum_jerk,5
1785141541091511948,11.227483749389648,12.890970945358276,5.015990734100342,-0.0754987969994545,0.3490508496761322,0.1498052179813385,0.01668819971382618,28.076969146728516,0.08862316608428955,world,91462054,1785141541,3.5014541149139404,True,True,True,True,3.9476789225795526,-4.113683623608775,-4.632250496722866,1.1387865543365479,True,1.4793272018432617,True,2.9586544036865234,True,3,normal,12.623591423034668,0.0,0.0,0.0,1.3185926710248017,-0.2561491347685494,0.6197659182362258,11.236067980000001,12.804226069999999,5.0,0.0,0.0,0.0,8.0,0.0,-0.01592281274497509,14.990032020024955,-0.2886691689491272,11.23606798,12.80422607,5.0,0.08862316608428955,8.0,minimum_jerk,5
1785141541191525704,11.225768089294434,12.88596773147583,5.0688557624816895,-0.033661432564258575,0.040753889828920364,-0.08724534511566162,0.01668819971382618,28.176973342895508,0.10737273097038269,world,191466963,1785141541,3.5014541149139404,True,True,True,True,3.641907769562641,-1.5759266039360895,-7.226752591096374,1.1387865543365479,True,1.4793272018432617,True,2.9586544036865234,True,3,normal,12.623591423034668,0.0,0.0,0.0,1.3185926710248017,-0.2561491347685494,0.6197659182362258,11.236067980000001,12.804226069999999,5.0,0.0,0.0,0.0,8.0,0.0,-0.01592281274497509,14.990032020024955,-0.2886691689491272,11.23606798,12.80422607,5.0,0.10737273097038269,8.0,minimum_jerk,5
