bag_time_ns,actual_pos_x,actual_pos_y,actual_pos_z,actual_velocity_x,actual_velocity_y,actual_velocity_z,arrival_time_error,elapsed_time,final_position_error,header_frame_id,header_stamp_nanosec,header_stamp_sec,integrated_squared_jerk,integrated_squared_jerk_valid,is_finished,is_hover_stable,ladrc_accel_feedforward_enabled,ladrc_acceleration_command_x,ladrc_acceleration_command_y,ladrc_acceleration_command_z,max_acceleration,max_acceleration_valid,max_jerk,max_jerk_valid,max_velocity,max_velocity_valid,mission_id,motion_style,path_length,reference_acceleration_x,reference_acceleration_y,reference_acceleration_z,reference_jerk_x,reference_jerk_y,reference_jerk_z,reference_pos_x,reference_pos_y,reference_pos_z,reference_velocity_x,reference_velocity_y,reference_velocity_z,requested_duration,safety_factor,start_pos_x,start_pos_y,start_pos_z,target_pos_x,target_pos_y,target_pos_z,tracking_error,trajectory_duration,trajectory_profile,uav_id
1785138073202135924,-0.011438616551458836,11.988572569563985,-0.3000444173812866,-0.037184905260801315,-0.016606561839580536,-0.16259825229644775,nan,-1.900269627571106,8.62568473815918,world,202080078,1785138073,1.6352384090423584,True,False,False,True,-0.08755081631649178,-0.013571109582802037,0.014336230550630104,0.7782312631607056,True,1.0109519958496094,True,2.0219039916992188,True,5,normal,8.626791000366211,0.0,0.0,0.0,0.7941873110285238,-0.07467026074024746,0.6210594763979316,-0.013133034110069275,11.988327234983444,-0.2997075319290161,0.0,0.0,0.0,8.0,0.0,-0.013133034110069275,11.988327234983444,-0.2997075319290161,6.76393202,11.35114101,5.0,0.0017449159640818834,8.0,minimum_jerk,4
1785138073302130733,-0.011105615645647049,11.9884580289945,-0.30446889996528625,-0.037115368992090225,-0.015274161472916603,-0.1633811742067337,nan,-1.8002656698226929,8.628133773803711,world,302084004,1785138073,1.6352384090423584,True,False,False,True,-0.06869905308779747,-0.002923180804631772,0.4226903274572663,0.7782312631607056,True,1.0109519958496094,True,2.0219039916992188,True,5,normal,8.626791000366211,0.0,0.0,0.0,0.7941873110285238,-0.07467026074024746,0.6210594763979316,-0.013133034110069275,11.988327234983444,-0.2997075319290161,0.0,0.0,0.0,8.0,0.0,-0.013133034110069275,11.988327234983444,-0.2997075319290161,6.76393202,11.35114101,5.0,0.005176693666726351,8.0,minimum_jerk,4
1785138073402141723,-0.011965848505496979,11.987986406311393,-0.3125739097595215,-0.036183178424835205,-0.014361501671373844,-0.165060892701149,nan,-1.7002564668655396,8.633759498596191,world,402095435,1785138073,1.6352384090423584,True,False,False,True,0.005161903339497622,0.022142363014386185,0.8773852524869237,0.7782312631607056,True,1.0109519958496094,True,2.0219039916992188,True,5,normal,8.626791000366211,0.0,0.0,0.0,0.7941873110285238,-0.07467026074024746,0.6210594763979316,-0.013133034110069275,11.988327234983444,-0.2997075319290161,0.0,0.0,0.0,8.0,0.0,-0.013133034110069275,11.988327234983444,-0.2997075319290161,6.76393202,11.35114101,5.0,0.012923705391585827,8.0,minimum_jerk,4
1785138073502128678,-0.011876838281750679,11.988402750343084,-0.31610652804374695,-0.03714033588767052,-0.011936060152947903,-0.16604962944984436,nan,-1.600261926651001,8.635894775390625,world,502088842,1785138073,1.6352384090423584,True,False,False,True,0.015116003591763896,0.010070867666863294,0.7589199926194357,0.7782312631607056,True,1.0109519958496094,True,2.0219039916992188,True,5,normal,8.626791000366211,0.0,0.0,0.0,0.7941873110285238,-0.07467026074024746,0.6210594763979316,-0.013133034110069275,11.988327234983444,-0.2997075319290161,0.0,0.0,0.0,8.0,0.0,-0.013133034110069275,11.988327234983444,-0.2997075319290161,6.76393202,11.35114101,5.0,0.016447212547063828,8.0,minimum_jerk,4
1785138073602145609,-0.010674195364117622,11.99001673515886,-0.3160325586795807,-0.03649648651480675,-0.009602473117411137,-0.16670088469982147,nan,-1.5002539157867432,8.635025024414062,world,602097227,1785138073,1.6352384090423584,True,False,False,True,-0.10789678488062227,-0.09890995100255193,0.45588325598023927,0.7782312631607056,True,1.0109519958496094,True,2.0219039916992188,True,5,normal,8.626791000366211,0.0,0.0,0.0,0.7941873110285238,-0.07467026074024746,0.6210594763979316,-0.013133034110069275,11.988327234983444,-0.2997075319290161,0.0,0.0,0.0,8.0,0.0,-0.013133034110069275,11.988327234983444,-0.2997075319290161,6.76393202,11.35114101,5.0,0.01659538410604,8.0,minimum_jerk,4
1785138073702154556,-0.01068930234760046,11.990898470394313,-0.3205081522464752,-0.03308014199137688,-0.01111280731856823,-0.1688598394393921,nan,-1.4002583026885986,8.637858390808105,world,702091466,1785138073,1.6352384090423584,True,False,False,True,-0.061950323931406454,-0.09313719680183319,0.9846167026016317,0.7782312631607056,True,1.0109519958496094,True,2.0219039916992188,True,5,normal,8.626791000366211,0.0,0.0,0.0,0.7941873110285238,-0.07467026074024746,0.6210594763979316,-0.013133034110069275,11.988327234983444,-0.2997075319290161,0.0,0.0,0.0,8.0,0.0,-0.013133034110069275,11.988327234983444,-0.2997075319290161,6.76393202,11.35114101,5.0,0.02110092155635357,8.0,minimum_jerk,4
1785138073802122293,-0.011526618152856827,11.991125946864486,-0.3287923336029053,-0.03286720812320709,-0.010674816556274891,-0.17091096937656403,nan,-1.3002591133117676,8.643636703491211,world,802090583,1785138073,1.6352384090423584,True,False,False,True,-0.012120164683240736,-0.06080346302634239,1.4126766410715688,0.7782312631607056,True,1.0109519958496094,True,2.0219039916992188,True,5,normal,8.626791000366211,0.0,0.0,0.0,0.7941873110285238,-0.07467026074024746,0.6210594763979316,-0.013133034110069275,11.988327234983444,-0.2997075319290161,0.0,0.0,0.0,8.0,0.0,-0.013133034110069275,11.988327234983444,-0.2997075319290161,6.76393202,11.35114101,5.0,0.029263271018862724,8.0,minimum_jerk,4
1785138073902150677,-0.011438880115747452,11.992467295844108,-0.33293417096138,-0.03659461438655853,-0.0050794826820492744,-0.1713440716266632,nan,-1.200250267982483,8.646221160888672,world,902102525,1785138073,1.6352384090423584,True,False,False,True,0.0034356703800360947,-0.08510904131552488,1.5014818135000638,0.7782312631607056,True,1.0109519958496094,True,2.0219039916992188,True,5,normal,8.626791000366211,0.0,0.0,0.0,0.7941873110285238,-0.07467026074024746,0.6210594763979316,-0.013133034110069275,11.988327234983444,-0.2997075319290161,0.0,0.0,0.0,8.0,0.0,-0.013133034110069275,11.988327234983444,-0.2997075319290161,6.76393202,11.35114101,5.0,0.033526405692100525,8.0,minimum_jerk,4
1785138074002165083,-0.010601737536489964,11.994486609473825,-0.33392059803009033,-0.03536355867981911,-0.0037426103372126818,-0.17207354307174683,nan,-1.1002386808395386,8.646323204040527,world,2114167,1785138074,1.6352384090423584,True,False,False,True,-0.10771049166141483,-0.20282618920297127,1.2733312164117876,0.7782312631607056,True,1.0109519958496094,True,2.0219039916992188,True,5,normal,8.626791000366211,0.0,0.0,0.0,0.7941873110285238,-0.07467026074024746,0.6210594763979316,-0.013133034110069275,11.988327234983444,-0.2997075319290161,0.0,0.0,0.0,8.0,0.0,-0.013133034110069275,11.988327234983444,-0.2997075319290161,6.76393202,11.35114101,5.0,0.03485511615872383,8.0,minimum_jerk,4
1785138074102171052,-0.01097261905670166,11.996163182193413,-0.33930474519729614,-0.035680998116731644,-0.0021442801225930452,-0.17325541377067566,nan,-1.0002381801605225,8.65006160736084,world,102114294,1785138074,1.6352384090423584,True,False,False,True,-0.0576755805969288,-0.21390044518864662,1.8222030482267393,0.7782312631607056,True,1.0109519958496094,True,2.0219039916992188,True,5,normal,8.626791000366211,0.0,0.0,0.0,0.7941873110285238,-0.07467026074024746,0.6210594763979316,-0.013133034110069275,11.988327234983444,-0.2997075319290161,0.0,0.0,0.0,8.0,0.0,-0.013133034110069275,11.988327234983444,-0.2997075319290161,6.76393202,11.35114101,5.0,0.04042287543416023,8.0,minimum_jerk,4
1785138074202164667,-0.012222950346767902,11.997343351598829,-0.34749284386634827,-0.03401065245270729,-0.002152141882106662,-0.17605140805244446,nan,-0.9002497792243958,8.656185150146484,world,202099663,1785138074,1.6352384090423584,True,False,False,True,0.007610418084240348,-0.21584442422554928,2.305908487809709,0.7782312631607056,True,1.0109519958496094,True,2.0219039916992188,True,5,normal,8.626791000366211,0.0,0.0,0.0,0.7941873110285238,-0.07467026074024746,0.6210594763979316,-0.013133034110069275,11.988327234983444,-0.2997075319290161,0.0,0.0,0.0,8.0,0.0,-0.013133034110069275,11.988327234983444,-0.2997075319290161,6.76393202,11.35114101,5.0,0.048636969178915024,8.0,minimum_jerk,4
1785138074302161237,-0.011538373306393623,11.99729023850523,-0.35105380415916443,-0.02360742725431919,-0.012187888845801353,-0.17702160775661469,nan,-0.8002368807792664,8.657845497131348,world,302113336,1785138074,1.6352384090423584,True,False,False,True,-0.0037177456003267273,-0.19852329310569572,2.432899237189941,0.7782312631607056,True,1.0109519958496094,True,2.0219039916992188,True,5,normal,8.626791000366211,0.0,0.0,0.0,0.7941873110285238,-0.07467026074024746,0.6210594763979316,-0.013133034110069275,11.988327234983444,-0.2997075319290161,0.0,0.0,0.0,8.0,0.0,-0.013133034110069275,11.988327234983444,-0.2997075319290161,6.76393202,11.35114101,5.0,0.05214707925915718,8.0,minimum_jerk,4
1785138074402170672,-0.008449072018265724,11.99533326877281,-0.35116806626319885,-0.007231314200907946,-0.02705198898911476,-0.17722351849079132,nan,-0.7002395987510681,8.655352592468262,world,402110929,1785138074,1.6352384090423584,True,False,False,True,-0.23173000887270412,-0.0852205938107582,2.1647129110669208,0.7782312631607056,True,1.0109519958496094,True,2.0219039916992188,True,5,normal,8.626791000366211,0.0,0.0,0.0,0.7941873110285238,-0.07467026074024746,0.6210594763979316,-0.013133034110069275,11.988327234983444,-0.2997075319290161,0.0,0.0,0.0,8.0,0.0,-0.013133034110069275,11.988327234983444,-0.2997075319290161,6.76393202,11.35114101,5.0,0.052146051079034805,8.0,minimum_jerk,4
1785138074502178234,-0.0052162776701152325,11.992124123498797,-0.35647720098495483,0.004082773346453905,-0.03549955412745476,-0.17778995633125305,nan,-0.6002346873283386,8.655869483947754,world,502116937,1785138074,1.6352384090423584,True,False,False,True,-0.2921017510502425,0.00880178281764421,2.849309276220335,0.7782312631607056,True,1.0109519958496094,True,2.0219039916992188,True,5,normal,8.626791000366211,0.0,0.0,0.0,0.7941873110285238,-0.07467026074024746,0.6210594763979316,-0.013133034110069275,11.988327234983444,-0.2997075319290161,0.0,0.0,0.0,8.0,0.0,-0.013133034110069275,11.988327234983444,-0.2997075319290161,6.76393202,11.35114101,5.0,0.05744463950395584,8.0,minimum_jerk,4
1785138074602169604,-0.0014725850196555257,11.98757429793477,-0.3648538291454315,0.030236665159463882,-0.05849030241370201,-0.17992287874221802,nan,-0.5002186894416809,8.657793998718262,world,602133155,1785138074,1.6352384090423584,True,False,False,True,-0.3667652420685523,0.12613791155398418,3.4660070003189007,0.7782312631607056,True,1.0109519958496094,True,2.0219039916992188,True,5,normal,8.626791000366211,0.0,0.0,0.0,0.7941873110285238,-0.07467026074024746,0.6210594763979316,-0.013133034110069275,11.988327234983444,-0.2997075319290161,0.0,0.0,0.0,8.0,0.0,-0.013133034110069275,11.988327234983444,-0.2997075319290161,6.76393202,11.35114101,5.0,0.06618589907884598,8.0,minimum_jerk,4
1785138074702177196,0.005910259671509266,11.979392010718584,-0.36881619691848755,0.07540865987539291,-0.08815118670463562,-0.17371733486652374,nan,-0.40023308992385864,8.653885841369629,world,702117442,1785138074,1.6352384090423584,True,False,False,True,-0.5710696772200308,0.35432340993088035,3.5504231179447387,0.7782312631607056,True,1.0109519958496094,True,2.0219039916992188,True,5,normal,8.626791000366211,0.0,0.0,0.0,0.7941873110285238,-0.07467026074024746,0.6210594763979316,-0.013133034110069275,11.988327234983444,-0.2997075319290161,0.0,0.0,0.0,8.0,0.0,-0.013133034110069275,11.988327234983444,-0.2997075319290161,6.76393202,11.35114101,5.0,0.07223913818597794,8.0,minimum_jerk,4
1785138074802182723,0.016690384596586227,11.969858843833208,-0.367080420255661,0.11041941493749619,-0.1021212488412857,-0.14719440042972565,nan,-0.3002203404903412,8.643704414367676,world,802132398,1785138074,1.6352384090423584,True,False,False,True,-0.9271888650130391,0.5984958967133482,3.191981719757718,0.7782312631607056,True,1.0109519958496094,True,2.0219039916992188,True,5,normal,8.626791000366211,0.0,0.0,0.0,0.7941873110285238,-0.07467026074024746,0.6210594763979316,-0.013133034110069275,11.988327234983444,-0.2997075319290161,0.0,0.0,0.0,8.0,0.0,-0.013133034110069275,11.988327234983444,-0.2997075319290161,6.76393202,11.35114101,5.0,0.07595804333686829,8.0,minimum_jerk,4
1785138074902167982,0.029491987079381943,11.959385465830564,-0.36806753277778625,0.12931221723556519,-0.10459281504154205,-0.12867455184459686,nan,-0.20022684335708618,8.633584976196289,world,902125311,1785138074,1.6352384090423584,True,False,False,True,-1.2978213346210414,0.8504070552272711,3.6589669595727283,0.7782312631607056,True,1.0109519958496094,True,2.0219039916992188,True,5,normal,8.626791000366211,0.0,0.0,0.0,0.7941873110285238,-0.07467026074024746,0.6210594763979316,-0.013133034110069275,11.988327234983444,-0.2997075319290161,0.0,0.0,0.0,8.0,0.0,-0.013133034110069275,11.988327234983444,-0.2997075319290161,6.76393202,11.35114101,5.0,0.08560144901275635,8.0,minimum_jerk,4
1785138075002177618,0.043634820729494095,11.949526585638523,-0.36943602561950684,0.12417208403348923,-0.07172752916812897,-0.08206693828105927,nan,-0.10021334141492844,8.622719764709473,world,2138463,1785138075,1.6352384090423584,True,False,False,True,-1.6297879609537613,1.0319151775090323,3.9293553918793505,0.7782312631607056,True,1.0109519958496094,True,2.0219039916992188,True,5,normal,8.626791000366211,0.0,0.0,0.0,0.7941873110285238,-0.07467026074024746,0.6210594763979316,-0.013133034110069275,11.988327234983444,-0.2997075319290161,0.0,0.0,0.0,8.0,0.0,-0.013133034110069275,11.988327234983444,-0.2997075319290161,6.76393202,11.35114101,5.0,0.09792927652597427,8.0,minimum_jerk,4
1785138075102170529,0.05677425116300583,11.945708990097046,-0.3593662679195404,0.07239602506160736,0.02006135880947113,0.012643679976463318,nan,-0.0002235160063719377,8.605944633483887,world,102126756,1785138075,1.6352384090423584,True,False,False,True,-1.7808386573323944,0.9233686000577077,3.407651211665404,0.7782312631607056,True,1.0109519958496094,True,2.0219039916992188,True,5,normal,8.626791000366211,0.0,0.0,0.0,0.7941873110285238,-0.07467026074024746,0.6210594763979316,-0.013133034110069275,11.988327234983444,-0.2997075319290161,0.0,0.0,0.0,8.0,0.0,-0.013133034110069275,11.988327234983444,-0.2997075319290161,6.76393202,11.35114101,5.0,0.10130403935909271,8.0,minimum_jerk,4
1785138075202170083,0.06199123337864876,11.952646352350712,-0.3343585431575775,-0.03325438126921654,0.1287870556116104,0.09590141475200653,nan,0.0997769832611084,8.586803436279297,world,202127532,1785138075,1.6352384090423584,True,False,False,True,-1.7280875623129595,0.43087225626795783,1.562518088740624,0.7782312631607056,True,1.0109519958496094,True,2.0219039916992188,True,5,normal,8.626791000366211,0.07630133086733089,-0.007173925082375009,0.05966812103250525,0.7354973357557782,-0.06915217238048874,0.5751635462986534,-0.013004000680835816,11.988315103135363,-0.29960662697512835,0.0038552485873105044,-0.0003624742088363672,0.003014828662923491,8.0,0.0,-0.013133034110069275,11.988327234983444,-0.2997075319290161,6.76393202,11.35114101,5.0,0.09002355486154556,8.0,minimum_jerk,4
1785138075302172021,0.05459669604897499,11.969602432101965,-0.32035940885543823,-0.15280866622924805,0.1991247832775116,-0.10702449083328247,nan,0.19978533685207367,8.585097312927246,world,302135221,1785138075,1.6352384090423584,True,False,False,True,-1.0781202386277697,-0.22060380639979224,2.3025857999700214,0.7782312631607056,True,1.0109519958496094,True,2.0219039916992188,True,5,normal,8.626791000366211,0.14697763271539818,-0.013818979484361137,0.11493743396405669,0.6781588924912565,-0.06376115637010078,0.5303245227372992,-0.012116667970069476,11.988231675253859,-0.2989127272098128,0.015067919084702057,-0.0014167003567590918,0.011783207572319621,8.0,0.0,-0.013133034110069275,11.988327234983444,-0.2997075319290161,6.76393202,11.35114101,5.0,0.07250987738370895,8.0,minimum_jerk,4
1785138075402174511,0.03626693785190582,11.989942134357989,-0.32767453789711,-0.2584485709667206,0.22457507252693176,-0.20599275827407837,nan,0.29978570342063904,8.605443954467773,world,402135787,1785138075,1.6352384090423584,True,False,False,True,-0.1680937650802261,-0.8079879952180544,4.226826647351708,0.7782312631607056,True,1.0109519958496094,True,2.0219039916992188,True,5,normal,8.626791000366211,0.21198912778152412,-0.019931423262157258,0.165776832333851,0.6223141884111277,-0.058510583165619794,0.4866536126207858,-0.009764294154349705,11.988010502787693,-0.2970731560784243,0.033062863822387205,-0.0031086025023991833,0.025855367630030567,8.0,0.0,-0.013133034110069275,11.988327234983444,-0.2997075319290161,6.76393202,11.35114101,5.0,0.05530868098139763,8.0,minimum_jerk,4
1785138075502180938,0.016180766746401787,12.009267395362258,-0.3227650225162506,-0.3088160455226898,0.18227966129779816,-0.031511832028627396,nan,0.39978301525115967,8.619576454162598,world,502133828,1785138075,1.6352384090423584,True,False,False,True,0.5747930259489266,-1.0985513370215094,3.887021748015849,0.7782312631607056,True,1.0109519958496094,True,2.0219039916992188,True,5,normal,8.626791000366211,0.27148883470497137,-0.025525643376538495,0.21230597768099863,0.5679602509000518,-0.053400173278870304,0.4441484913452051,-0.005296781184049429,11.987590462888138,-0.29357953281398014,0.057281401753494346,-0.005385652912234294,0.044794416740671215,8.0,0.0,-0.013133034110069275,11.988327234983444,-0.2997075319290161,6.76393202,11.35114101,5.0,0.042225196957588196,8.0,minimum_jerk,4
1785138075602184760,0.004571965429931879,12.018621483817697,-0.2936263680458069,-0.25013798475265503,0.09032751619815826,0.10158787667751312,nan,0.49978798627853394,8.611443519592285,world,602144173,1785138075,1.6352384090423584,True,False,False,True,0.5115330820763755,-0.9110737951343175,1.3735874509334698,0.7782312631607056,True,1.0109519958496094,True,2.0219039916992188,True,5,normal,8.626791000366211,0.325631691337988,-0.030616207234545025,0.2546460323812455,0.5150913395753534,-0.048429386993509384,0.4028046698951711,0.0018816746016369398,11.986915537517527,-0.28796593520332275,0.08718297190902172,-0.00819702752002608,0.06817763282381116,8.0,0.0,-0.013133034110069275,11.988327234983444,-0.2997075319290161,6.76393202,11.35114101,5.0,0.03231942281126976,8.0,minimum_jerk,4
1785138075702200475,-0.004377668257802725,12.02029194496572,-0.2744126617908478,-0.1633344292640686,0.0030359572265297174,-0.11404024809598923,nan,0.5997933745384216,8.6068115234375,world,702158305,1785138075,1.6352384090423584,True,False,False,True,0.7932954708380474,-0.6100241005457252,2.1645353536686334,0.7782312631607056,True,1.0109519958496094,True,2.0219039916992188,True,5,normal,8.626791000366211,0.3745620511315226,-0.035216687087548014,0.2929098817418952,0.4637114692008082,-0.04359860178151849,0.36262528784122827,0.012312476497933305,11.985934823413297,-0.27980898246161406,0.12223736196472933,-0.011492875249147019,0.09559038650436538,8.0,0.0,-0.013133034110069275,11.988327234983444,-0.2997075319290161,6.76393202,11.35114101,5.0,0.03857580944895744,8.0,minimum_jerk,4
1785138075802183277,-0.007124829571694136,12.014827286824584,-0.2815653085708618,-0.06533042341470718,-0.07630900293588638,-0.24363955855369568,nan,0.6998021602630615,8.612933158874512,world,802153420,1785138075,1.6352384090423584,True,False,False,True,1.0422965128365569,-0.275146258907061,4.671652596176482,0.7782312631607056,True,1.0109519958496094,True,2.0219039916992188,True,5,normal,8.626791000366211,0.4184300370871257,-0.039341197645658334,0.3272149228951404,0.41381917106151084,-0.03890767955289868,0.3236091966390753,0.026485637844778472,11.984602249046286,-0.2687254810725332,0.16193204454175686,-0.01522500777867512,0.12663187814585725,8.0,0.0,-0.013133034110069275,11.988327234983444,-0.2997075319290161,6.76393202,11.35114101,5.0,0.04699018597602844,8.0,minimum_jerk,4
1785138075902189864,-0.003910562489181757,12.005069852340966,-0.27685022354125977,0.06049000099301338,-0.14556093513965607,-0.0206602793186903,nan,0.7997972965240479,8.606768608093262,world,902151852,1785138075,1.6352384090423584,True,False,False,True,1.2035491046471045,0.04735308378564991,4.77658018014708,0.7782312631607056,True,1.0109519958496094,True,2.0219039916992188,True,5,normal,8.626791000366211,0.4573778304805123,-0.04300310693022637,0.35767234249357915,0.3654227542399598,-0.034357401535639945,0.2857628940435293,0.04483692608760484,11.98287684313891,-0.25437465815072513,0.20576063394080493,-0.019345814234353456,0.16090611094388677,8.0,0.0,-0.013133034110069275,11.988327234983444,-0.2997075319290161,6.76393202,11.35114101,5.0,0.058086127042770386,8.0,minimum_jerk,4
1785138076002195139,0.006299272645264864,11.99559319857508,-0.24161995947360992,0.1593443900346756,-0.15051323175430298,0.18315812945365906,nan,0.8998042941093445,8.57645034790039,world,2159772,1785138076,1.6352384090423584,True,False,False,True,1.3992626263285588,0.09849255105163576,1.9188852041187945,0.7782312631607056,True,1.0109519958496094,True,2.0219039916992188,True,5,normal,8.626791000366211,0.4915644371638803,-0.04621736482559041,0.3844064841145249,0.31850982178651693,-0.02994660215652171,0.24907668556193802,0.06776057894172811,11.980721539079067,-0.2364482173212034,0.2532501625016693,-0.023810825738350926,0.19804322121098317,8.0,0.0,-0.013133034110069275,11.988327234983444,-0.2997075319290161,6.76393202,11.35114101,5.0,0.06344608217477798,8.0,minimum_jerk,4
1785138076102179321,0.025542495772242546,11.985551426187158,-0.21059533953666687,0.225504532456398,-0.1215801015496254,0.00043146483949385583,nan,0.9997954368591309,8.541584968566895,world,102149905,1785138076,1.6352384090423584,True,False,False,True,1.4715685615247898,0.16345432577064054,2.5396730114982344,0.7782312631607056,True,1.0109519958496094,True,2.0219039916992188,True,5,normal,8.626791000366211,0.5211295616951045,-0.048997106489688975,0.4075265976016342,0.27309328516681497,-0.025676495364057052,0.21356066804170026,0.09559189422265481,11.978104811841156,-0.21468395358164175,0.3039182095183876,-0.028574684628311954,0.23766595291838846,8.0,0.0,-0.013133034110069275,11.988327234983444,-0.2997075319290161,6.76393202,11.35114101,5.0,0.07056264579296112,8.0,minimum_jerk,4
1785138076202186157,0.049047429114580154,11.97862414829433,-0.20598562061786652,0.2894384562969208,-0.08083225786685944,-0.13383103907108307,nan,1.099802017211914,8.519723892211914,world,202152453,1785138076,1.6352384090423584,True,False,False,True,1.6231265805631447,0.11311147378959015,5.056894660439401,0.7782312631607056,True,1.0109519958496094,True,2.0219039916992188,True,5,normal,8.626791000366211,0.5462314065758601,-0.051357206275065626,0.42715639830705526,0.22915892215929592,-0.021545743971190356,0.17920371961603287,0.12863537169886707,11.974998032061814,-0.1888437461963513,0.35732637297666875,-0.03359617192193654,0.27943147293131637,8.0,0.0,-0.013133034110069275,11.988327234983444,-0.2997075319290161,6.76393202,11.35114101,5.0,0.08149376511573792,8.0,minimum_jerk,4
1785138076302195888,0.0781421959400177,11.97228641435504,-0.19376929104328156,0.38265112042427063,-0.03341856226325035,0.05536915361881256,nan,1.1998083591461182,8.488865852355957,world,302158737,1785138076,1.6352384090423584,True,False,False,True,1.8440742867251352,0.005846429568258222,5.500460902639971,0.7782312631607056,True,1.0109519958496094,True,2.0219039916992188,True,5,normal,8.626791000366211,0.5670139669948484,-0.05331120274892779,0.4434084913747596,0.18671392230382006,-0.017555023945427677,0.1460114625503627,0.16713821343854599,11.971377957562993,-0.15873428159195072,0.41302757661457334,-0.03883325307575338,0.32299016479871784,8.0,0.0,-0.013133034110069275,11.988327234983444,-0.2997075319290161,6.76393202,11.35114101,5.0,0.0956481471657753,8.0,minimum_jerk,4
1785138076402204837,0.1184656098484993,11.96604860946536,-0.14689654111862183,0.48806193470954895,-0.0017774658044800162,0.3117614984512329,nan,1.2998076677322388,8.427982330322266,world,402157668,1785138076,1.6352384090423584,True,False,False,True,1.9149283439998563,0.07245614617321142,2.9571798816603083,0.7782312631607056,True,1.0109519958496094,True,2.0219039916992188,True,5,normal,8.626791000366211,0.5836251913191525,-0.05487300616014593,0.4563985733590967,0.14576106651275678,-0.01370459675084534,0.11398607153566759,0.21130510598273025,11.967225343517713,-0.12419549360490667,0.4705932592846144,-0.04424563435529755,0.36800689100559264,8.0,0.0,-0.013133034110069275,11.988327234983444,-0.2997075319290161,6.76393202,11.35114101,5.0,0.09558187425136566,8.0,minimum_jerk,4
1785138076502215841,0.16877807676792145,11.962773714214563,-0.10117463022470474,0.5548653602600098,0.006377832964062691,0.1779460608959198,nan,1.399821400642395,8.360151290893555,world,502171457,1785138076,1.6352384090423584,True,False,False,True,1.9471677478049112,-0.12255188706658282,3.524223752635706,0.7782312631607056,True,1.0109519958496094,True,2.0219039916992188,True,5,normal,8.626791000366211,0.5962171467631345,-0.05605691401560392,0.4662455617789164,0.10629170119276804,-0.009993648768210307,0.08312077940748537,0.26131246438081096,11.962523603212041,-0.08508942455611489,0.5296263807013053,-0.049795985648100664,0.41417116354943945,8.0,0.0,-0.013133034110069275,11.988327234983444,-0.2997075319290161,6.76393202,11.35114101,5.0,0.09392235428094864,8.0,minimum_jerk,4
1785138076602209912,0.22169645130634308,11.96077585592866,-0.07954730093479156,0.6142135262489319,0.005673631094396114,0.06478816270828247,nan,1.499815583229065,8.305076599121094,world,602165067,1785138076,1.6352384090423584,True,False,False,True,1.9681159760737215,-0.26436734853481214,5.829699016323605,0.7782312631607056,True,1.0109519958496094,True,2.0219039916992188,True,5,normal,8.626791000366211,0.60493477663381,-0.056876554025512026,0.4730628032126797,0.06831910836373101,-0.006423428785904878,0.053425972788966436,0.3172689011039186,11.957262524796171,-0.041331138809468086,0.5897121529260363,-0.055445308190145974,0.46115861565129823,8.0,0.0,-0.013133034110069275,11.988327234983444,-0.2997075319290161,6.76393202,11.35114101,5.0,0.10298985987901688,8.0,minimum_jerk,4
1785138076702209684,0.2863933742046356,11.956846114248037,-0.04614536836743355,0.6958594918251038,-0.005871932487934828,0.2719307839870453,nan,1.5998183488845825,8.233406066894531,world,702169017,1785138076,1.6352384090423584,True,False,False,True,2.1246112001708557,-0.3190754591656178,6.418315704509225,0.7782312631607056,True,1.0109519958496094,True,2.0219039916992188,True,5,normal,8.626791000366211,0.6099300776126899,-0.057346217065187034,0.4769691600221021,0.031832422689469175,-0.002992915234490655,0.0248931549188266,0.3792763864534706,11.95143252092353,0.007159105052615045,0.6504874356227462,-0.0611594591750672,0.5086852692825086,8.0,0.0,-0.013133034110069275,11.988327234983444,-0.2997075319290161,6.76393202,11.35114101,5.0,0.10722839087247849,8.0,minimum_jerk,4
1785138076802212733,0.3533310890197754,11.950669474899769,0.013263699598610401,0.7587040662765503,-0.026732468977570534,0.490348756313324,nan,1.6998212337493896,8.143879890441895,world,802171695,1785138076,1.6352384090423584,True,False,False,True,2.3519347166207307,-0.2033575342533699,4.689116980442987,0.7782312631607056,True,1.0109519958496094,True,2.0219039916992188,True,5,normal,8.626791000366211,0.6113510721896263,-0.057479820352594,0.47808038672600595,-0.0031651707766340575,0.0002975924242262194,-0.002475183471139397,0.44738070674527153,11.94502928672033,0.06041711221730494,0.7115824596620723,-0.066903672550927,0.5564619626563216,8.0,0.0,-0.013133034110069275,11.988327234983444,-0.2997075319290161,6.76393202,11.35114101,5.0,0.10535932332277298,8.0,minimum_jerk,4
1785138076902201314,0.431867778301239,11.943042110651731,0.07815227657556534,0.7997661232948303,-0.045442916452884674,0.4093902111053467,nan,1.799820065498352,8.041764259338379,world,902169503,1785138076,1.6352384090423584,True,False,False,True,2.154329021102161,-0.15514205535493344,4.602193007052571,0.7782312631607056,True,1.0109519958496094,True,2.0219039916992188,True,5,normal,8.626791000366211,0.6093468180116268,-0.057291378432177104,0.47651304734262456,-0.036672216231803084,0.0034479573142577324,-0.028677903933996995,0.5215928386130324,11.938051790152828,0.11845146648125826,0.7726445436211433,-0.07264478886851439,0.6042128966800273,8.0,0.0,-0.013133034110069275,11.988327234983444,-0.2997075319290161,6.76393202,11.35114101,5.0,0.09848611056804657,8.0,minimum_jerk,4
1785138077002229730,0.5080516338348389,11.935592263936996,0.12028805166482925,0.8296513557434082,-0.055261507630348206,0.2854456603527069,nan,1.8998363018035889,7.955451488494873,world,2187560,1785138077,1.6352384090423584,True,False,False,True,2.65428525908286,-0.1880147099766742,6.9794479119505475,0.7782312631607056,True,1.0109519958496094,True,2.0219039916992188,True,5,normal,8.626791000366211,0.6040651529789984,-0.05679479116661343,0.4723827520405938,-0.0686956544145757,0.006458832010568436,-0.05372043417097269,0.6019101067026247,11.930500282760413,0.18126007570070604,0.833351697836863,-0.07835253434762011,0.6516862734102546,8.0,0.0,-0.013133034110069275,11.988327234983444,-0.2997075319290161,6.76393202,11.35114101,5.0,0.11203985661268234,8.0,minimum_jerk,4
1785138077102222196,0.589171290397644,11.927604474127293,0.1690407246351242,0.8779742121696472,-0.05871502310037613,0.45555049180984497,nan,1.9998347759246826,7.861179828643799,world,102185777,1785138077,1.6352384090423584,True,False,False,True,2.7021978563070297,-0.18649418097671258,7.530866092077573,0.7782312631607056,True,1.0109519958496094,True,2.0219039916992188,True,5,normal,8.626791000366211,0.595656880762929,-0.05600423726323293,0.4658074302400474,-0.09922420717717367,0.009329156130773019,-0.07759395459951146,0.6882514847541402,11.922382382710575,0.24877957683036347,0.8933623142143292,-0.0839947906640616,0.6986149531664685,8.0,0.0,-0.013133034110069275,11.988327234983444,-0.2997075319290161,6.76393202,11.35114101,5.0,0.1272888034582138,8.0,minimum_jerk,4
1785138077202228779,0.6842038631439209,11.918899849057198,0.251626580953598,0.9425876140594482,-0.057549722492694855,0.6986075043678284,nan,2.0998375415802,7.735146522521973,world,202189384,1785138077,1.6352384090423584,True,False,False,True,2.502319541616286,-0.16951038885479489,5.181184763852876,0.7782312631607056,True,1.0109519958496094,True,2.0219039916992188,True,5,normal,8.626791000366211,0.5842697149191874,-0.054933604893718666,0.4569025948714093,-0.12826488938247077,0.012059589219077942,-0.10030395088653687,0.7805507536552292,11.91370431598844,0.3209581861075438,0.952384406300089,-0.08954410496848055,0.7447706007041007,8.0,0.0,-0.013133034110069275,11.988327234983444,-0.2997075319290161,6.76393202,11.35114101,5.0,0.11881324648857117,8.0,minimum_jerk,4
1785138077302218129,0.7849057912826538,11.911048419773579,0.3357938230037689,0.9872532486915588,-0.05710018798708916,0.6020982265472412,nan,2.1998255252838135,7.603753566741943,world,302174887,1785138077,1.6352384090423584,True,False,False,True,2.9554145602289,-0.2864355156397036,5.797665539548473,0.7782312631607056,True,1.0109519958496094,True,2.0219039916992188,True,5,normal,8.626791000366211,0.5700551332016965,-0.05359713614331267,0.44578670249175445,-0.1558124894103151,0.01464964127390523,-0.12184634751228479,0.8786759662639235,11.904478488392183,0.39769272003665923,1.0101167244119034,-0.0949721534737698,0.7899176368753631,8.0,0.0,-0.013133034110069275,11.988327234983444,-0.2997075319290161,6.76393202,11.35114101,5.0,0.11254991590976715,8.0,minimum_jerk,4
1785138077402198212,0.8818819522857666,11.904209420084953,0.39850914478302,1.0295870304107666,-0.05893642455339432,0.514492928981781,nan,2.299821376800537,7.488532066345215,world,402170579,1785138077,1.6352384090423584,True,False,False,True,3.2519496482640786,-0.3863898542923605,8.0,0.7782312631607056,True,1.0109519958496094,True,2.0219039916992188,True,5,normal,8.626791000366211,0.5531591231150077,-0.0520085568986896,0.4325739162485902,-0.18187332659357586,0.017099906445056177,-0.14222608623483718,0.98250649380099,11.894716241556548,0.47888884615302774,1.066296863148999,-0.10025426456981518,0.8338508590050863,8.0,0.0,-0.013133034110069275,11.988327234983444,-0.2997075319290161,6.76393202,11.35114101,5.0,0.1291368007659912,8.0,minimum_jerk,4
1785138077502228580,0.9835260510444641,11.89663601666689,0.46638795733451843,1.0843491554260254,-0.06701716035604477,0.6389198303222656,nan,2.3998258113861084,7.366430282592773,world,502175599,1785138077,1.6352384090423584,True,False,False,True,3.387304623605964,-0.4455413021590729,8.0,0.7782312631607056,True,1.0109519958496094,True,2.0219039916992188,True,5,normal,8.626791000366211,0.5337298256892997,-0.050181795523090975,0.4173800833600204,-0.20644721058234017,0.01941036683564748,-0.16144301819936363,1.0918755833245632,11.88443325375475,0.5644161626064499,1.1206641970115971,-0.10536593399451905,0.8763664563118834,8.0,0.0,-0.013133034110069275,11.988327234983444,-0.2997075319290161,6.76393202,11.35114101,5.0,0.1466221660375595,8.0,minimum_jerk,4
1785138077602217950,1.100356101989746,11.886596627533436,0.563295304775238,1.1502293348312378,-0.08543750643730164,0.7923912405967712,nan,2.4998300075531006,7.214371204376221,world,602180368,1785138077,1.6352384090423584,True,False,False,True,3.119515484552554,-0.375910194720882,6.206961251414362,0.7782312631607056,True,1.0109519958496094,True,2.0219039916992188,True,5,normal,8.626791000366211,0.5119175786344698,-0.048130986913714535,0.4003227688615163,-0.22953178106463074,0.021580800526859352,-0.17949529762704092,1.2065800354820495,11.87364862998687,0.6541157662241177,1.1729679327818396,-0.11028358192645986,0.9172683069207206,8.0,0.0,-0.013133034110069275,11.988327234983444,-0.2997075319290161,6.76393202,11.35114101,5.0,0.14035502076148987,8.0,minimum_jerk,4
1785138077702245482,1.223486304283142,11.875147603452206,0.6601319909095764,1.206376314163208,-0.10420651733875275,0.7478495836257935,nan,2.59982967376709,7.05730676651001,world,702179527,1785138077,1.6352384090423584,True,False,False,True,3.3656899360487422,-0.36897295233665617,7.285339648654497,0.7782312631607056,True,1.0109519958496094,True,2.0219039916992188,True,5,normal,8.626791000366211,0.4878723140680781,-0.04587022783357327,0.38151922061278754,-0.2511262413933911,0.023611132617163362,-0.19638230153485592,1.326397010606645,11.862383321854367,0.7478133949838811,1.2229753277521522,-0.11498532567068803,0.9563744045692276,8.0,0.0,-0.013133034110069275,11.988327234983444,-0.2997075319290161,6.76393202,11.35114101,5.0,0.13579973578453064,8.0,minimum_jerk,4
1785138077802231486,1.3418281078338623,11.863378390669823,0.7389769554138184,1.2533122301101685,-0.11882499605417252,0.6986236572265625,nan,2.6998353004455566,6.915050029754639,world,802186801,1785138077,1.6352384090423584,True,False,False,True,3.4588395659239124,-0.3348302404630481,8.0,0.7782312631607056,True,1.0109519958496094,True,2.0219039916992188,True,5,normal,8.626791000366211,0.46174050506393255,-0.043413289823034044,0.3610839814795566,-0.2712327176767142,0.025501563005303124,-0.21210569255272083,1.4510982466414228,11.85065879077707,0.8453305465203812,1.2704753616162712,-0.11945132489347961,0.9935197300495965,8.0,0.0,-0.013133034110069275,11.988327234983444,-0.2997075319290161,6.76393202,11.35114101,5.0,0.15301254391670227,8.0,minimum_jerk,4
1785138077902227569,1.4754637479782104,11.850267931818962,0.8301354050636292,1.3002103567123413,-0.12706513702869415,0.7542051076889038,nan,2.7998311519622803,6.753132343292236,world,902181010,1785138077,1.6352384090423584,True,False,False,True,3.9579574851020483,-0.3588614560546825,8.0,0.7782312631607056,True,1.0109519958496094,True,2.0219039916992188,True,5,normal,8.626791000366211,0.43367522103365863,-0.040774564616538785,0.33913675270524163,-0.2898481906596475,0.027251807818001662,-0.22666310960425712,1.5804030048945947,11.838501432078887,0.9464476814094722,1.31525979392382,-0.1236620006258555,1.0285414380188218,8.0,0.0,-0.013133034110069275,11.988327234983444,-0.2997075319290161,6.76393202,11.35114101,5.0,0.1570962816476822,8.0,minimum_jerk,4
1785138078002240223,1.6031875610351562,11.838497877120972,0.9220134615898132,1.3383007049560547,-0.12763912975788116,0.7860135436058044,nan,2.8998329639434814,6.5955119132995605,world,2186571,1785138078,1.6352384090423584,True,False,False,True,3.5996923059540187,-0.37610324525802197,8.0,0.7782312631607056,True,1.0109519958496094,True,2.0219039916992188,True,5,normal,8.626791000366211,0.40382108959640894,-0.03796765024301891,0.3157906339984074,-0.3069756596626697,0.028862149054277385,-0.24005689817695908,1.714050726339815,11.82593574377202,1.0509610408524113,1.3571496252927597,-0.12760052317242307,1.0612995498333997,8.0,0.0,-0.013133034110069275,11.988327234983444,-0.2997075319290161,6.76393202,11.35114101,5.0,0.17051663994789124,8.0,minimum_jerk,4
1785138078102209222,1.7450883388519287,11.825842261314392,1.0176222324371338,1.3758960962295532,-0.12596525251865387,0.784123420715332,nan,2.9998271465301514,6.424442768096924,world,102177011,1785138078,1.6352384090423584,True,False,False,True,4.006757745441098,-0.44530376313128406,8.0,0.7782312631607056,True,1.0109519958496094,True,2.0219039916992188,True,5,normal,8.626791000366211,0.3723310743534106,-0.03500692848852012,0.2911652438580744,-0.32261285078773416,0.03033237292003206,-0.252285280068241,1.8517249025783096,11.81299148428289,1.1586231132890294,1.395968022615119,-0.13125026651297741,1.091655780889785,8.0,0.0,-0.013133034110069275,11.988327234983444,-0.2997075319290161,6.76393202,11.35114101,5.0,0.17725051939487457,8.0,minimum_jerk,4
1785138078202210874,1.8791313171386719,11.814205080270767,1.1014280319213867,1.4065660238265991,-0.12722310423851013,0.7718417644500732,nan,3.0998318195343018,6.266942501068115,world,202181097,1785138078,1.6352384090423584,True,False,False,True,4.0084203516548245,-0.4827315796148055,8.0,0.7782312631607056,True,1.0109519958496094,True,2.0219039916992188,True,5,normal,8.626791000366211,0.3393483802177456,-0.0319058636177702,0.26537256942770504,-0.33676250267729413,0.03166273690508348,-0.2633503969137396,1.9931355641488726,11.79969591682129,1.2692071407753924,1.4315654235996016,-0.13459716865592913,1.1194931725347341,8.0,0.0,-0.013133034110069275,11.988327234983444,-0.2997075319290161,6.76393202,11.35114101,5.0,0.20336498320102692,8.0,minimum_jerk,4
1785138078302255727,2.0300705432891846,11.798478871583939,1.1944959163665771,1.4413232803344727,-0.13589926064014435,0.7640987634658813,nan,3.1998393535614014,6.090272426605225,world,302191886,1785138078,1.6352384090423584,True,False,False,True,4.278322996645699,-0.4614496697720087,8.0,0.7782312631607056,True,1.0109519958496094,True,2.0219039916992188,True,5,normal,8.626791000366211,0.30502406731609655,-0.028678658450293062,0.23853074067724378,-0.3494232758107353,0.03285311506640516,-0.2732512011999031,2.137943319096069,11.786080951347827,1.3824477166659783,1.4637970510307956,-0.13762761750716151,1.1446985080744647,8.0,0.0,-0.013133034110069275,11.988327234983444,-0.2997075319290161,6.76393202,11.35114101,5.0,0.21706248819828033,8.0,minimum_jerk,4
1785138078402220939,2.174722909927368,11.780963018536568,1.282047152519226,1.479056715965271,-0.14815814793109894,0.754441499710083,nan,3.2998249530792236,5.92188835144043,world,402177456,1785138078,1.6352384090423584,True,False,False,True,4.001724445436192,-0.1895157352814804,8.0,0.7782312631607056,True,1.0109519958496094,True,2.0219039916992188,True,5,normal,8.626791000366211,0.26951594328985484,-0.025340150213485874,0.21076316417561114,-0.3605924395465854,0.03390325066643933,-0.2819855575479119,2.285768126338106,11.772182319693357,1.498047646442579,1.4925292574858102,-0.1403290474064382,1.1671672743830062,8.0,0.0,-0.013133034110069275,11.988327234983444,-0.2997075319290161,6.76393202,11.35114101,5.0,0.2430315911769867,8.0,minimum_jerk,4
1785138078502229473,2.334376573562622,11.762035131454468,1.3715137243270874,1.5211656093597412,-0.15331387519836426,0.7503487467765808,nan,3.3998260498046875,5.740706443786621,world,502177534,1785138078,1.6352384090423584,True,False,False,True,4.063859278731055,-0.13462480822537437,8.0,0.7782312631607056,True,1.0109519958496094,True,2.0219039916992188,True,5,normal,8.626791000366211,0.23295986544302394,-0.021903112342749054,0.18217608118971917,-0.37027428350879454,0.03481354701978738,-0.2895568204706963,2.436309490596732,11.758028274715194,1.6157719409060733,1.517661344647692,-0.14269199060039828,1.1868207247426343,8.0,0.0,-0.013133034110069275,11.988327234983444,-0.2997075319290161,6.76393202,11.35114101,5.0,0.26470446586608887,8.0,minimum_jerk,4
1785138078602241524,2.4844071865081787,11.745593041181564,1.4508490562438965,1.5505726337432861,-0.14287739992141724,0.7460622191429138,nan,3.499838352203369,5.573723793029785,world,602191960,1785138078,1.6352384090423584,True,False,False,True,4.03188338060855,-0.13931947891449864,8.0,0.7782312631607056,True,1.0109519958496094,True,2.0219039916992188,True,5,normal,8.626791000366211,0.1955057017638524,-0.018381635571595736,0.1528866894297527,-0.3784678551892835,0.03558391457071644,-0.29596424510094255,2.589197439864147,11.743653601540101,1.7353312796174971,1.5390941095931345,-0.14470711993404128,1.2035812818428697,8.0,0.0,-0.013133034110069275,11.988327234983444,-0.2997075319290161,6.76393202,11.35114101,5.0,0.3031747043132782,8.0,minimum_jerk,4
1785138078702232225,2.6505582332611084,11.728393405675888,1.54200279712677,1.5624654293060303,-0.11954442411661148,0.7485204935073853,nan,3.5998363494873047,5.387012958526611,world,702188211,1785138078,1.6352384090423584,True,False,False,True,4.29271449394574,-0.21265317873675982,8.0,0.7782312631607056,True,1.0109519958496094,True,2.0219039916992188,True,5,normal,8.626791000366211,0.15731211546862278,-0.014790637569403436,0.12301906452958278,-0.3851710971517349,0.03621415987706994,-0.3012062225105001,2.74401786504727,11.729097235106385,1.8564018266593685,1.5567402306241398,-0.14636622533668583,1.2173806595662162,8.0,0.0,-0.013133034110069275,11.988327234983444,-0.2997075319290161,6.76393202,11.35114101,5.0,0.3279968798160553,8.0,minimum_jerk,4
1785138078802206814,2.8054728507995605,11.713907390832901,1.6299781799316406,1.5615187883377075,-0.09693094342947006,0.7591991424560547,nan,3.69982647895813,5.211338043212891,world,802176036,1785138078,1.6352384090423584,True,False,False,True,4.026569853066779,-0.19468503367337942,8.0,0.7782312631607056,True,1.0109519958496094,True,2.0219039916992188,True,5,normal,8.626791000366211,0.11852578627352028,-0.011143909305255509,0.0926879109505716,-0.3903849410300564,0.03670437053197073,-0.3052834812429486,2.900398310700915,11.714394194035997,1.9786923195290531,1.5705350903847017,-0.14766323142189036,1.2281683267335264,8.0,0.0,-0.013133034110069275,11.988327234983444,-0.2997075319290161,6.76393202,11.35114101,5.0,0.3614037036895752,8.0,minimum_jerk,4
1785138078902210299,2.971381187438965,11.701710432767868,1.7212554216384888,1.551720380783081,-0.07682862877845764,0.7654542326927185,nan,3.799823760986328,5.025585174560547,world,902174070,1785138078,1.6352384090423584,True,False,False,True,4.401802158489215,-0.404294646900073,8.0,0.7782312631607056,True,1.0109519958496094,True,2.0219039916992188,True,5,normal,8.626791000366211,0.07928966281951078,-0.007454890948926984,0.06200501542977377,-0.3941102004811303,0.03705462303622763,-0.3081966575830921,3.05797501305879,11.699578679750818,2.1019182926715265,1.580428704358409,-0.14859343859697535,1.2359051951383317,8.0,0.0,-0.013133034110069275,11.988327234983444,-0.2997075319290161,6.76393202,11.35114101,5.0,0.3903937339782715,8.0,minimum_jerk,4
1785138079002211259,3.122560977935791,11.692722618579865,1.8030649423599243,1.5414468050003052,-0.06739017367362976,0.7723124623298645,nan,3.8998231887817383,4.857638835906982,world,2172074,1785138079,1.6352384090423584,True,False,False,True,4.44636937840691,-0.6024318353837256,8.0,0.7782312631607056,True,1.0109519958496094,True,2.0219039916992188,True,5,normal,8.626791000366211,0.039754627432031286,-0.003737768602896402,0.031088368895439977,-0.39634646962814224,0.037264879228909045,-0.3099454341327067,3.2163477037187755,11.68468832587397,2.225766733676761,1.5863827512194757,-0.14915324385374745,1.2405612972626454,8.0,0.0,-0.013133034110069275,11.988327234983444,-0.2997075319290161,6.76393202,11.35114101,5.0,0.4330557882785797,8.0,minimum_jerk,4
1785138079102241622,3.2895851135253906,11.680073201656342,1.8978766202926636,1.540999412536621,-0.0774436891078949,0.7884448766708374,nan,3.9998362064361572,4.669309616088867,world,102191487,1785138079,1.6352384090423584,True,False,False,True,4.739224485477649,-0.6726232085612092,8.0,0.7782312631607056,True,1.0109519958496094,True,2.0219039916992188,True,5,normal,8.626791000366211,6.506538372108572e-05,-6.1175104413835335e-06,5.0881539637837037e-05,-0.3970936535152825,0.03733513018217775,-0.31052973663575145,3.375139231409934,11.669758592533501,2.349942707876828,1.5883746167264363,-0.14934052097930567,1.2421189486272914,8.0,0.0,-0.013133034110069275,11.988327234983444,-0.2997075319290161,6.76393202,11.35114101,5.0,0.4602060914039612,8.0,minimum_jerk,4
1785138079202219336,3.447420835494995,11.664546936750412,1.9902801513671875,1.5568972826004028,-0.10240238159894943,0.8036632537841797,nan,4.099828720092773,4.489530563354492,world,202178308,1785138079,1.6352384090423584,True,False,False,True,4.245146182873251,-0.37143126113233665,8.0,0.7782312631607056,True,1.0109519958496094,True,2.0219039916992188,True,5,normal,8.626791000366211,-0.03961666743929437,0.0037247974706631215,-0.03098048331270231,-0.3963516529908666,0.03726536657369632,-0.30994948755498486,3.533899096416757,11.6548318361493,2.474093921658438,1.5863965648806302,-0.149154542627558,1.240572099632621,8.0,0.0,-0.013133034110069275,11.988327234983444,-0.2997075319290161,6.76393202,11.35114101,5.0,0.49157771468162537,8.0,minimum_jerk,4
1785138079302261502,3.6176602840423584,11.646753668785095,2.08644962310791,1.573328971862793,-0.1313319355249405,0.8107551336288452,nan,4.19987678527832,4.298277378082275,world,302227086,1785138079,1.6352384090423584,True,False,False,True,4.686056967848599,-0.34252097008441784,8.0,0.7782312631607056,True,1.0109519958496094,True,2.0219039916992188,True,5,normal,8.626791000366211,-0.079171623113514,0.007443792741360394,-0.06191270763665879,-0.39411912155964,0.03705546180467578,-0.3082036339226426,3.6923506213970834,11.639934070193247,2.5980040115984178,1.5804524344114284,-0.14859566971956023,1.235923752189167,8.0,0.0,-0.013133034110069275,11.988327234983444,-0.2997075319290161,6.76393202,11.35114101,5.0,0.5170232653617859,8.0,minimum_jerk,4
1785138079402272929,3.773984432220459,11.629746198654175,2.1729989051818848,1.5762250423431396,-0.14183996617794037,0.8234136700630188,nan,4.299882888793945,4.12423849105835,world,402235799,1785138079,1.6352384090423584,True,False,False,True,4.147259323038663,-0.21444335529109904,8.0,0.7782312631607056,True,1.0109519958496094,True,2.0219039916992188,True,5,normal,8.626791000366211,-0.11841227488802963,0.01113323685477191,-0.09259914433259686,-0.3903979315194013,0.03670559191036987,-0.305293639887388,3.8499440166858596,11.625116986422524,2.721243038717934,1.5705695367955306,-0.14766647010682338,1.228195264043625,8.0,0.0,-0.013133034110069275,11.988327234983444,-0.2997075319290161,6.76393202,11.35114101,5.0,0.5535005927085876,8.0,minimum_jerk,4
1785138079502267615,3.9433412551879883,11.61192113161087,2.2739219665527344,1.558472752571106,-0.13050176203250885,0.8368189930915833,nan,4.399877548217773,3.9313151836395264,world,502226708,1785138079,1.6352384090423584,True,False,False,True,4.666510747337197,-0.2518744399830306,8.0,0.7782312631607056,True,1.0109519958496094,True,2.0219039916992188,True,5,normal,8.626791000366211,-0.15720187089773274,0.014780272267994998,-0.12293285258118947,-0.38518814621021846,0.036215762846073196,-0.30121955498155306,4.006335550438843,11.61041290283829,2.843542202551098,1.5567852400918172,-0.1463704571704618,1.2174158572532607,8.0,0.0,-0.013133034110069275,11.988327234983444,-0.2997075319290161,6.76393202,11.35114101,5.0,0.57309490442276,8.0,minimum_jerk,4
1785138079602292418,4.098275184631348,11.59754353761673,2.3720791339874268,1.5347590446472168,-0.10971103608608246,0.8537343144416809,nan,4.4998884201049805,3.7513208389282227,world,602240369,1785138079,1.6352384090423584,True,False,False,True,4.002383858879396,-0.24785451321517157,8.0,0.7782312631607056,True,1.0109519958496094,True,2.0219039916992188,True,5,normal,8.626791000366211,-0.19540233449529776,0.01837191688081871,-0.15280585557507687,-0.37848819085343033,0.035585826549569655,-0.2959801477183124,4.161181192126062,11.595854165524417,2.964632469057902,1.5391474906265135,-0.14471213887053866,1.2036230261469905,8.0,0.0,-0.013133034110069275,11.988327234983444,-0.2997075319290161,6.76393202,11.35114101,5.0,0.5958854556083679,8.0,minimum_jerk,4
1785138079702286763,4.24867057800293,11.586076557636261,2.4668827056884766,1.5016595125198364,-0.0883142501115799,0.8602994680404663,nan,4.599885940551758,3.5774877071380615,world,702236157,1785138079,1.6352384090423584,True,False,False,True,4.42005262539598,-0.4436250104028997,8.0,0.7782312631607056,True,1.0109519958496094,True,2.0219039916992188,True,5,normal,8.626791000366211,-0.23285328051033316,0.021893091124071146,-0.18209273110143442,-0.3703000025297718,0.03481596514706753,-0.28957693290699393,4.314052635931734,11.581481044208836,3.0841789003943454,1.5177283854074615,-0.14269829383761035,1.186873151038775,8.0,0.0,-0.013133034110069275,11.988327234983444,-0.2997075319290161,6.76393202,11.35114101,5.0,0.6207661032676697,8.0,minimum_jerk,4
1785138079802286649,4.4063496589660645,11.576206028461456,2.566573143005371,1.4638760089874268,-0.07609864324331284,0.8663921356201172,nan,4.69989538192749,3.395646572113037,world,802246162,1785138079,1.6352384090423584,True,False,False,True,4.2864072631304175,-0.6105264811422555,8.0,0.7782312631607056,True,1.0109519958496094,True,2.0219039916992188,True,5,normal,8.626791000366211,-0.26941508871912756,0.025330667768993897,-0.21068429526645271,-0.36062159403575667,0.033905991799768886,-0.28200835654196243,4.464613418429515,11.567325173509007,3.201918380043092,1.492604621601517,-0.1403361332136427,1.1672262095958836,8.0,0.0,-0.013133034110069275,11.988327234983444,-0.2997075319290161,6.76393202,11.35114101,5.0,0.6380729675292969,8.0,minimum_jerk,4
1785138079902268511,4.564899444580078,11.563984721899033,2.6725025177001953,1.435221552848816,-0.08366496860980988,0.8762564659118652,nan,4.79988956451416,3.209095001220703,world,902238363,1785138079,1.6352384090423584,True,False,False,True,4.562896964400992,-0.6752800429525779,8.0,0.7782312631607056,True,1.0109519958496094,True,2.0219039916992188,True,5,normal,8.626791000366211,-0.30492926230011674,0.028669744790801976,-0.23845660255797796,-0.3494555969884141,0.03285615393485747,-0.2732764765643001,4.6124585186463545,11.553424633889376,3.317534179053725,1.463879793030015,-0.137635396990125,1.1447632128386926,8.0,0.0,-0.013133034110069275,11.988327234983444,-0.2997075319290161,6.76393202,11.35114101,5.0,0.6468687653541565,8.0,minimum_jerk,4
1785138080002288354,4.712521076202393,11.549177914857864,2.7740697860717773,1.4220941066741943,-0.10672087967395782,0.8779453039169312,nan,4.899897575378418,3.033524513244629,world,2247767,1785138080,1.6352384090423584,True,False,False,True,4.518161267181838,-0.4425741803449149,8.0,0.7782312631607056,True,1.0109519958496094,True,2.0219039916992188,True,5,normal,8.626791000366211,-0.3392571806912055,0.031897288949890745,-0.26530125082387634,-0.33679879610953134,0.03166614924875938,-0.2633787786062054,4.757275744246121,11.539808777975978,3.4307821610542364,1.4316573061141655,-0.13460580753900453,1.119565025239496,8.0,0.0,-0.013133034110069275,11.988327234983444,-0.2997075319290161,6.76393202,11.35114101,5.0,0.6583023071289062,8.0,minimum_jerk,4
1785138080102287576,4.867684364318848,11.53227025270462,2.878727674484253,1.402158260345459,-0.13195441663265228,0.8754830360412598,nan,4.999895095825195,2.851027727127075,world,102244705,1785138080,1.6352384090423584,True,False,False,True,3.8944476670566335,-0.29005842926207426,8.0,0.7782312631607056,True,1.0109519958496094,True,2.0219039916992188,True,5,normal,8.626791000366211,-0.3722414512742511,0.034998502039751356,-0.2910951580460206,-0.3226542173400193,0.030336262243371964,-0.25231762897251797,4.898686288574167,11.526513221537636,3.541366096856212,1.3960714385271857,-0.13125998977726472,1.0917366527839953,8.0,0.0,-0.013133034110069275,11.988327234983444,-0.2997075319290161,6.76393202,11.35114101,5.0,0.6633882522583008,8.0,minimum_jerk,4
1785138080202296747,5.006239414215088,11.516219079494476,2.9717674255371094,1.3655282258987427,-0.1380823254585266,0.8749858736991882,nan,5.099894046783447,2.6889517307281494,world,202243797,1785138080,1.6352384090423584,True,False,False,True,3.850560982534507,-0.19479641723772598,8.0,0.7782312631607056,True,1.0109519958496094,True,2.0219039916992188,True,5,normal,8.626791000366211,-0.40373722049603655,0.03795976478891261,-0.31572504783398436,-0.3070204098987961,0.0288663565148517,-0.2400918931432996,5.036377483418622,11.513567361942679,3.649041477949817,1.3572599341241842,-0.12761089451566915,1.061385812033934,8.0,0.0,-0.013133034110069275,11.988327234983444,-0.2997075319290161,6.76393202,11.35114101,5.0,0.6779494881629944,8.0,minimum_jerk,4
1785138080302286742,5.1421356201171875,11.500795304775238,3.07006573677063,1.3124359846115112,-0.12518461048603058,0.8730629086494446,nan,5.199904918670654,2.525325059890747,world,302254721,1785138080,1.6352384090423584,True,False,False,True,4.253117192851903,-0.207098780895428,8.0,0.7782312631607056,True,1.0109519958496094,True,2.0219039916992188,True,5,normal,8.626791000366211,-0.43359874706500356,0.040767374459884376,-0.3390769495803725,-0.2898953346733273,0.02725624034386165,-0.2266999765197124,5.170048974065276,11.500999438832453,3.7535734250579,1.3153741960332246,-0.12367275682306483,1.0286309011885035,8.0,0.0,-0.013133034110069275,11.988327234983444,-0.2997075319290161,6.76393202,11.35114101,5.0,0.6840774416923523,8.0,minimum_jerk,4
1785138080402281856,5.285171985626221,11.486348807811737,3.1813299655914307,1.2500207424163818,-0.09866529703140259,0.8695532083511353,nan,5.299901485443115,2.3478870391845703,world,402251308,1785138080,1.6352384090423584,True,False,False,True,3.42066782810595,-0.16141896010223233,8.0,0.7782312631607056,True,1.0109519958496094,True,2.0219039916992188,True,5,normal,8.626791000366211,-0.4616690594483135,0.04340657243700563,-0.36102811055841366,-0.27128370606480035,0.025506356982970935,-0.21214556579316102,5.299366097809765,11.488840917518791,3.854700229839038,1.2705969681923435,-0.11946275846162796,0.9936148271575647,8.0,0.0,-0.013133034110069275,11.988327234983444,-0.2997075319290161,6.76393202,11.35114101,5.0,0.6735244393348694,8.0,minimum_jerk,4
1785138080502290877,5.418842315673828,11.475829720497131,3.285898447036743,1.1877110004425049,-0.06966470181941986,0.860031008720398,nan,5.399905681610107,2.182420253753662,world,502255730,1785138080,1.6352384090423584,True,False,False,True,3.8857811892559404,-0.35397881469698245,8.0,0.7782312631607056,True,1.0109519958496094,True,2.0219039916992188,True,5,normal,8.626791000366211,-0.48780586002211646,0.04586397975976214,-0.38146725313053764,-0.25118140411169554,0.023616319069404174,-0.19642543912780286,5.4240783650491196,11.47711534927695,3.952226007846952,1.2231044075357103,-0.11499746187704746,0.956475345772489,8.0,0.0,-0.013133034110069275,11.988327234983444,-0.2997075319290161,6.76393202,11.35114101,5.0,0.6663493514060974,8.0,minimum_jerk,4
1785138080602294237,5.534681797027588,11.468967020511627,3.3773369789123535,1.1291860342025757,-0.05208716168999672,0.8408775925636292,nan,5.499907970428467,2.0391111373901367,world,602259641,1785138080,1.6352384090423584,True,False,False,True,3.920352271556869,-0.5356074305075078,8.0,0.7782312631607056,True,1.0109519958496094,True,2.0219039916992188,True,5,normal,8.626791000366211,-0.5118574526970638,0.048125333814803106,-0.4002757499999898,-0.2295902857279981,0.021586301192014185,-0.17954104864206366,5.543911712607612,11.46584850179234,4.045936439953084,1.1731020048246146,-0.11029618750986947,0.9173731521021145,8.0,0.0,-0.013133034110069275,11.988327234983444,-0.2997075319290161,6.76393202,11.35114101,5.0,0.6686704158782959,8.0,minimum_jerk,4
1785138080702288289,5.657949447631836,11.457153856754303,3.4806344509124756,1.0698109865188599,-0.05390173941850662,0.82757169008255,nan,5.599910736083984,1.8822613954544067,world,702260175,1785138080,1.6352384090423584,True,False,False,True,4.042717192107308,-0.531389089958062,8.0,0.7782312631607056,True,1.0109519958496094,True,2.0219039916992188,True,5,normal,8.626791000366211,-0.5336754253923646,0.050176680754446146,-0.41733754198538264,-0.2065099848902383,0.01941626893691939,-0.16149210810328585,5.658628126007613,11.455062753416847,4.135645397337694,1.1208048100416024,-0.10537915456788782,0.876476416586466,8.0,0.0,-0.013133034110069275,11.988327234983444,-0.2997075319290161,6.76393202,11.35114101,5.0,0.6550146341323853,8.0,minimum_jerk,4
1785138080802301788,5.77008581161499,11.441213488578796,3.5788285732269287,1.0326093435287476,-0.07249458879232407,0.8165943622589111,nan,5.6999125480651855,1.7365400791168213,world,802262393,1785138080,1.6352384090423584,True,False,False,True,3.4647302767452386,-0.002985651360551733,8.0,0.7782312631607056,True,1.0109519958496094,True,2.0219039916992188,True,5,normal,8.626791000366211,-0.5531107180236319,0.052004005805082354,-0.4325360631624382,-0.18194069036199512,0.017106240051854543,-0.14227876512577553,5.768008733042734,11.444778682727451,4.221181720557644,1.0664440512454902,-0.10026810333730785,0.8339659610230479,8.0,0.0,-0.013133034110069275,11.988327234983444,-0.2997075319290161,6.76393202,11.35114101,5.0,0.6423664093017578,8.0,minimum_jerk,4
1785138080902321780,5.8758978843688965,11.425951540470123,3.670032024383545,0.9987155795097351,-0.08670563250780106,0.7950604557991028,nan,5.799914836883545,1.6009422540664673,world,902264391,1785138080,1.6352384090423584,True,False,False,True,3.5506205144642937,0.0866345772938395,8.0,0.7782312631607056,True,1.0109519958496094,True,2.0219039916992188,True,5,normal,8.626791000366211,-0.5700146482795656,0.05359332971169428,-0.4457550430278068,-0.15588212022730108,0.014656188030807177,-0.12190079924947317,5.87186059934038,11.435014429600862,4.302394533719105,1.010264804085967,-0.09498607606824994,0.7900334361125996,8.0,0.0,-0.013133034110069275,11.988327234983444,-0.2997075319290161,6.76393202,11.35114101,5.0,0.6324403285980225,8.0,minimum_jerk,4
1785138081002321252,5.983604431152344,11.411311984062195,3.7626588344573975,0.9495461583137512,-0.07396496832370758,0.7746690511703491,nan,5.899924278259277,1.4640849828720093,world,2275095,1785138081,1.6352384090423584,True,False,False,True,3.298822456226714,0.14740261168627222,8.0,0.7782312631607056,True,1.0109519958496094,True,2.0219039916992188,True,5,normal,8.626791000366211,-0.5842391260908135,0.05493072890242717,-0.4568786742150732,-0.12833234662591542,0.012065931614488767,-0.10035670287553389,5.97002114909122,11.425785279572251,4.379156701515815,0.9525237036550926,-0.0895572018408104,0.7448795321125496,8.0,0.0,-0.013133034110069275,11.988327234983444,-0.2997075319290161,6.76393202,11.35114101,5.0,0.6168172955513,8.0,minimum_jerk,4
1785138081102299933,6.087559700012207,11.40083622932434,3.859266996383667,0.8873522281646729,-0.03297039121389389,0.7527188658714294,nan,5.999917984008789,1.327109932899475,world,102267592,1785138081,1.6352384090423584,True,False,False,True,3.3585739827342285,0.03370692740535261,8.0,0.7782312631607056,True,1.0109519958496094,True,2.0219039916992188,True,5,normal,8.626791000366211,-0.5956323379775812,0.05600192972676665,-0.4657882376274154,-0.09929784625225668,0.00933607974798617,-0.07765154081976267,6.062326594629289,11.417106632116722,4.451340140961998,0.8935095903225925,-0.08400863770650635,0.6987301240101909,8.0,0.0,-0.013133034110069275,11.988327234983444,-0.2997075319290161,6.76393202,11.35114101,5.0,0.592833936214447,8.0,minimum_jerk,4
1785138081202320634,6.179158687591553,11.396380007266998,3.950073719024658,0.8260985612869263,0.011698845773935318,0.7265686392784119,nan,6.099926948547363,1.202643632888794,world,202276680,1785138081,1.6352384090423584,True,False,False,True,3.2391055775745357,-0.19682399048504676,8.0,0.7782312631607056,True,1.0109519958496094,True,2.0219039916992188,True,5,normal,8.626791000366211,-0.6040488816189553,0.05679326131757134,-0.472370027734617,-0.06876968539767958,0.0064657924753536156,-0.053778326865763226,6.148691579579813,11.408986512523358,4.518878102835279,0.8334946986711422,-0.07836597942466095,0.6517981009628082,8.0,0.0,-0.013133034110069275,11.988327234983444,-0.2997075319290161,6.76393202,11.35114101,5.0,0.5697592496871948,8.0,minimum_jerk,4
1785138081302325915,6.261946678161621,11.396733820438385,4.032878398895264,0.7588860392570496,0.04243939369916916,0.6977537274360657,nan,6.199930191040039,1.090592622756958,world,302282142,1785138081,1.6352384090423584,True,False,False,True,2.955048814981395,-0.5104894772077988,8.0,0.7782312631607056,True,1.0109519958496094,True,2.0219039916992188,True,5,normal,8.626791000366211,-0.6093376463352849,0.05729051610227798,-0.47650587503399233,-0.03675405987651725,0.003455652333059833,-0.02874190617934458,6.229013106202428,11.40143460473954,4.581690042254353,0.7727967694980116,-0.07265910129300102,0.6043319382739538,8.0,0.0,-0.013133034110069275,11.988327234983444,-0.2997075319290161,6.76393202,11.35114101,5.0,0.5498189926147461,8.0,minimum_jerk,4
1785138081402322120,6.3417487144470215,11.399917721748352,4.11533784866333,0.6794130802154541,0.046268779784440994,0.6676916480064392,nan,6.299928665161133,0.9814504981040955,world,402279338,1785138081,1.6352384090423584,True,False,False,True,2.9538045013149232,-0.7879218044029925,8.0,0.7782312631607056,True,1.0109519958496094,True,2.0219039916992188,True,5,normal,8.626791000366211,-0.6113502693776134,0.05747974487143026,-0.4780797589219592,-0.0032508820593717402,0.00030565108210395264,-0.002542210233767328,6.303240185779451,11.394455702773925,4.6397360857210455,0.7117354507792317,-0.0669180569240474,0.556581602672976,8.0,0.0,-0.013133034110069275,11.988327234983444,-0.2997075319290161,6.76393202,11.35114101,5.0,0.5258386135101318,8.0,minimum_jerk,4
1785138081502330918,6.415389537811279,11.3945974111557,4.202049255371094,0.6028434038162231,0.008373874239623547,0.6409112215042114,nan,6.399937152862549,0.8718346953392029,world,502288016,1785138081,1.6352384090423584,True,False,False,True,3.1841436531484257,-0.7215882038107755,8.0,0.7782312631607056,True,1.0109519958496094,True,2.0219039916992188,True,5,normal,8.626791000366211,-0.6099378525604235,0.057346948073308535,-0.47697524008017034,0.03174501076225278,-0.002984696680370713,0.024824798241511292,6.371363483675285,11.388050684278,4.693008933491544,0.6506366144922318,-0.061173485116965964,0.5088019280974816,8.0,0.0,-0.013133034110069275,11.988327234983444,-0.2997075319290161,6.76393202,11.35114101,5.0,0.4929731786251068,8.0,minimum_jerk,4
1785138081602320720,6.478475570678711,11.379618763923645,4.284178256988525,0.5478073954582214,-0.04924190416932106,0.6116511225700378,nan,6.499930381774902,0.7711660861968994,world,602279682,1785138081,1.6352384090423584,True,False,False,True,2.733542710024932,0.16038824391557333,8.0,0.7782312631607056,True,1.0109519958496094,True,2.0219039916992188,True,5,normal,8.626791000366211,-0.6049521122882577,0.05687818394054567,-0.47307635980358054,0.06822457767629109,-0.006414540919048972,0.05335204919634551,6.433380324984398,11.382219800748974,4.741506493772892,0.5898657607709037,-0.05545975054860319,0.46127873795290064,8.0,0.0,-0.013133034110069275,11.988327234983444,-0.2997075319290161,6.76393202,11.35114101,5.0,0.4595535397529602,8.0,minimum_jerk,4
1785138081702359725,6.538589954376221,11.361308336257935,4.363210678100586,0.49590203166007996,-0.09055176377296448,0.5740625858306885,nan,6.599943161010742,0.6755613088607788,world,702295904,1785138081,1.6352384090423584,True,False,False,True,2.8925369310806763,0.4782929867950273,8.0,0.7782312631607056,True,1.0109519958496094,True,2.0219039916992188,True,5,normal,8.626791000366211,-0.5962421823778499,0.056059267888365016,-0.4662651397872164,0.1062004679642774,-0.009985070931640805,0.08304943444851975,6.489361704855229,11.376956377154178,4.785284285218072,0.5297668750674269,-0.04980919506457626,0.41428103102811953,8.0,0.0,-0.013133034110069275,11.988327234983444,-0.2997075319290161,6.76393202,11.35114101,5.0,0.425222784280777,8.0,minimum_jerk,4
1785138081802341141,6.587488174438477,11.345411837100983,4.428066730499268,0.44657376408576965,-0.07693377137184143,0.5390707850456238,nan,6.69994592666626,0.5985590219497681,world,802298771,1785138081,1.6352384090423584,True,False,False,True,2.830435191459197,0.7007786997727665,8.0,0.7782312631607056,True,1.0109519958496094,True,2.0219039916992188,True,5,normal,8.626791000366211,-0.583661097407977,0.05487638208541867,-0.4564266521465754,0.14566198941205277,-0.013695281425807726,0.11390859261925623,6.539377899066935,11.372253806096746,4.82439726392874,0.4707370800451063,-0.04425915652259582,0.3681193597456076,8.0,0.0,-0.013133034110069275,11.988327234983444,-0.2997075319290161,6.76393202,11.35114101,5.0,0.4001412093639374,8.0,minimum_jerk,4
1785138081902330472,6.636758804321289,11.333559513092041,4.500789642333984,0.39311009645462036,-0.005298921372741461,0.50016850233078,nan,6.799938678741455,0.5154542922973633,world,902288322,1785138081,1.6352384090423584,True,False,False,True,2.789326583184685,0.6489236376766222,8.0,0.7782312631607056,True,1.0109519958496094,True,2.0219039916992188,True,5,normal,8.626791000366211,-0.5670612131726003,0.0533156448803529,-0.4434454381831614,0.1866083852231677,-0.017545101246814132,0.14592893188896783,6.583556212051839,11.36810011829056,4.858944982772309,0.41317110063363494,-0.03884674734313509,0.32310240148506786,8.0,0.0,-0.013133034110069275,11.988327234983444,-0.2997075319290161,6.76393202,11.35114101,5.0,0.3637290298938751,8.0,minimum_jerk,4
1785138082002338780,6.678844928741455,11.33106416463852,4.568192005157471,0.3493878245353699,0.08125299215316772,0.4592258334159851,nan,6.899949550628662,0.4405689835548401,world,2301238,1785138082,1.6352384090423584,True,False,False,True,2.4246540368704146,0.3794091119004015,7.845567071235115,0.7782312631607056,True,1.0109519958496094,True,2.0219039916992188,True,5,normal,8.626791000366211,-0.5462883312171556,0.0513625583850138,-0.4272009137348709,0.22905162246471233,-0.02153565554990655,0.17911981057944848,6.622074814232455,11.364478561979805,4.889066772140735,0.3574620994355513,-0.03360893305515189,0.27953761187651693,8.0,0.0,-0.013133034110069275,11.988327234983444,-0.2997075319290161,6.76393202,11.35114101,5.0,0.3275667726993561,8.0,minimum_jerk,4
1785138082102333659,6.714790344238281,11.33809208869934,4.625729560852051,0.30446857213974,0.15455850958824158,0.4103010892868042,nan,6.9999470710754395,0.3777082860469818,world,102299374,1785138082,1.6352384090423584,True,False,False,True,2.407055297955666,-0.18057446184542225,8.0,0.7782312631607056,True,1.0109519958496094,True,2.0219039916992188,True,5,normal,8.626791000366211,-0.5211998342826565,0.04900371358648159,-0.40758155120744455,0.27297830503098863,-0.02566568482024345,0.2134707528517179,6.655128853457018,11.361370789174646,4.9149152388797255,0.3040523442831695,-0.028587296108905313,0.23777084714878605,8.0,0.0,-0.013133034110069275,11.988327234983444,-0.2997075319290161,6.76393202,11.35114101,5.0,0.29619207978248596,8.0,minimum_jerk,4
1785138082202340341,6.746696472167969,11.353055536746979,4.678486347198486,0.2455962598323822,0.19119282066822052,0.3693844974040985,nan,7.099949359893799,0.3219809830188751,world,202299774,1785138082,1.6352384090423584,True,False,False,True,2.325732387503473,-0.7756038250982586,8.0,0.7782312631607056,True,1.0109519958496094,True,2.0219039916992188,True,5,normal,8.626791000366211,-0.4916428332863152,0.04622473570500618,-0.38446779037574874,0.3183961780976077,-0.029935917266742496,0.24898781548185767,6.682976047433609,11.35875256900638,4.936691919859246,0.25337118450195817,-0.02382220434411697,0.19813786117700438,8.0,0.0,-0.013133034110069275,11.988327234983444,-0.2997075319290161,6.76393202,11.35114101,5.0,0.26601290702819824,8.0,minimum_jerk,4
1785138082302348015,6.7718706130981445,11.361988544464111,4.735663890838623,0.17996294796466827,0.15956120193004608,0.3419218361377716,nan,7.199948787689209,0.26467767357826233,world,302298801,1785138082,1.6352384090423584,True,False,False,True,2.4133020813649475,-0.937221424501236,8.0,0.7782312631607056,True,1.0109519958496094,True,2.0219039916992188,True,5,normal,8.626791000366211,-0.4574705806153361,0.04301182738779952,-0.35774487368284635,0.36530178489429677,-0.03434602788051244,0.28566829525375415,6.705909811080716,11.356596314319981,4.954626267392516,0.20587675473542433,-0.019356732024012446,0.16099691813622563,8.0,0.0,-0.013133034110069275,11.988327234983444,-0.2997075319290161,6.76393202,11.35114101,5.0,0.22874532639980316,8.0,minimum_jerk,4
1785138082402339949,6.78911018371582,11.359762072563171,4.791069507598877,0.12806697189807892,0.08336655050516129,0.28772100806236267,nan,7.299959659576416,0.21061864495277405,world,402310883,1785138082,1.6352384090423584,True,False,False,True,2.3548873186554538,-0.24215137925602548,6.434417011648987,0.7782312631607056,True,1.0109519958496094,True,2.0219039916992188,True,5,normal,8.626791000366211,-0.4185286664427039,0.039350470873265264,-0.32729205167204434,0.41370203096750524,-0.038896665927723506,0.3235175923482001,6.724274735929015,11.35486962628574,4.9689877542256475,0.1620317987208253,-0.015234386763277152,0.1267098865418177,8.0,0.0,-0.013133034110069275,11.988327234983444,-0.2997075319290161,6.76393202,11.35114101,5.0,0.18942669034004211,8.0,minimum_jerk,4
1785138082502362922,6.801734924316406,11.353024125099182,4.827671527862549,0.08922486007213593,0.008877843618392944,0.06280767172574997,nan,7.399959564208984,0.17643612623214722,world,502310001,1785138082,1.6352384090423584,True,False,False,True,2.4771270263263645,0.06424657540598001,7.927889288179817,0.7782312631607056,True,1.0109519958496094,True,2.0219039916992188,True,5,normal,8.626791000366211,-0.37467661692388354,0.0352274586743877,-0.29299947291268147,0.4635863628195196,-0.04358683915829176,0.362527453863553,6.738456293592932,11.353536262488861,4.980077821587525,0.1223299289043247,-0.011501578482527641,0.0956627744338121,8.0,0.0,-0.013133034110069275,11.988327234983444,-0.2997075319290161,6.76393202,11.35114101,5.0,0.1650215983390808,8.0,minimum_jerk,4
1785138082602345057,6.8092265129089355,11.343402743339539,4.845162868499756,0.05610116943717003,-0.04159390553832054,0.08852909505367279,nan,7.499953269958496,0.1615116447210312,world,602302336,1785138082,1.6352384090423584,True,False,False,True,2.505424572589317,0.36971574209199215,8.0,0.7782312631607056,True,1.0109519958496094,True,2.0219039916992188,True,5,normal,8.626791000366211,-0.32576495583421305,0.03062873689164536,-0.2547502460561528,0.5149564775781208,-0.04841670713781615,0.4026992069644195,6.748894741442978,11.352554829504648,4.9882407535132,0.08726724765379501,-0.00820495120723308,0.0682435369867136,8.0,0.0,-0.013133034110069275,11.988327234983444,-0.2997075319290161,6.76393202,11.35114101,5.0,0.15554730594158173,8.0,minimum_jerk,4
1785138082702358402,6.816385269165039,11.334703862667084,4.883590221405029,0.031767722219228745,-0.025761514902114868,0.179667130112648,nan,7.599960803985596,0.1287352293729782,world,702310551,1785138082,1.6352384090423584,True,False,False,True,2.467964099154448,0.5424265403318336,7.608366708227516,0.7782312631607056,True,1.0109519958496094,True,2.0219039916992188,True,5,normal,8.626791000366211,-0.2716343932588039,0.025539328932850935,-0.21241980538634486,0.5678228436143788,-0.05338725411269085,0.444041037982871,6.756081076129188,11.351879163352173,4.99386051247367,0.05735100679777361,-0.005392197245960739,0.044848848323436385,8.0,0.0,-0.013133034110069275,11.988327234983444,-0.2997075319290161,6.76393202,11.35114101,5.0,0.12685079872608185,8.0,minimum_jerk,4
1785138082802351808,6.822925090789795,11.33344030380249,4.929362773895264,0.021206749603152275,0.02911541424691677,0.12624114751815796,nan,7.699957847595215,0.0937182754278183,world,802308606,1785138082,1.6352384090423584,True,False,False,True,2.232024912253102,0.2877547523738818,5.36014961354374,0.7782312631607056,True,1.0109519958496094,True,2.0219039916992188,True,5,normal,8.626791000366211,-0.21214854659364235,0.019946411973387645,-0.16590149884842198,0.622173027263214,-0.05849731105767403,0.4865432237145497,6.7605548023795095,11.35145853927401,4.997358994562198,0.03311719585924422,-0.0031137108531660296,0.025897855624851474,8.0,0.0,-0.013133034110069275,11.988327234983444,-0.2997075319290161,6.76393202,11.35114101,5.0,0.09401167929172516,8.0,minimum_jerk,4
1785138082902353310,6.827638149261475,11.338104784488678,4.945370197296143,0.01120903342962265,0.07337919622659683,-0.24030455946922302,nan,7.799972057342529,0.08492837846279144,world,902322452,1785138082,1.6352384090423584,True,False,False,True,2.1561183345079744,-0.050791674829239936,6.949325211813033,0.7782312631607056,True,1.0109519958496094,True,2.0219039916992188,True,5,normal,8.626791000366211,-0.1471420757104287,0.013834440574138629,-0.11506602942128907,0.6780216633488081,-0.06374825395311995,0.5302172086840877,6.762911995430478,11.351236913698674,4.999202334365883,0.015103582423556361,-0.001420053458445203,0.011811096527793552,8.0,0.0,-0.013133034110069275,11.988327234983444,-0.2997075319290161,6.76393202,11.35114101,5.0,0.08520461618900299,8.0,minimum_jerk,4
1785138083002369370,6.8294830322265625,11.347274482250214,4.932673454284668,-0.01493197213858366,0.11927609890699387,-0.2253519594669342,nan,7.899968147277832,0.09404652565717697,world,2318634,1785138083,1.6352384090423584,True,False,False,True,2.159250584216952,-0.4026444814252443,8.0,0.7782312631607056,True,1.0109519958496094,True,2.0219039916992188,True,5,normal,8.626791000366211,-0.07648882630285314,0.007191553584950494,-0.05981474364331163,0.735349270631513,-0.06913825115399475,0.5750477584394513,6.76380200119722,11.351153234493857,4.999898324477794,0.0038747254370008477,-0.0003643054411224256,0.0030300596819827774,8.0,0.0,-0.013133034110069275,11.988327234983444,-0.2997075319290161,6.76393202,11.35114101,5.0,0.09406501054763794,8.0,minimum_jerk,4
1785138083102362805,6.825290203094482,11.354584217071533,4.952868461608887,-0.06260208040475845,0.12382037937641144,0.05949920788407326,nan,7.999969959259033,0.07744716852903366,world,102319913,1785138083,1.6352384090423584,True,False,False,True,2.3519284418073596,-0.6251002258827476,7.601374918232201,0.7782312631607056,True,1.0109519958496094,True,2.0219039916992188,True,5,normal,8.626791000366211,-2.399848021994444e-05,2.2563603703229518e-06,-1.8766962591953984e-05,0.7941693120323876,-0.07466856845718539,0.6210454010696544,6.763932019999999,11.35114101,5.0000000000000036,3.625935107720579e-10,-3.409095228334991e-11,2.835456314187468e-10,8.0,0.0,-0.013133034110069275,11.988327234983444,-0.2997075319290161,6.76393202,11.35114101,5.0,0.07744716852903366,8.0,minimum_jerk,4
1785138083202366388,6.815879821777344,11.354551494121552,4.995265960693359,-0.09298446774482727,0.08120006322860718,0.06069193780422211,0.0199639480561018,8.099967956542969,0.0522744357585907,world,202319239,1785138083,1.6352384090423584,True,True,True,True,2.7207209837153394,-0.1731290799457493,3.3882029209456697,0.7782312631607056,True,1.0109519958496094,True,2.0219039916992188,True,5,normal,8.626791000366211,0.0,0.0,0.0,0.7941873110285238,-0.07467026074024746,0.6210594763979316,6.763932019999999,11.35114101,5.0,0.0,0.0,0.0,8.0,0.0,-0.013133034110069275,11.988327234983444,-0.2997075319290161,6.76393202,11.35114101,5.0,0.0522744357585907,8.0,minimum_jerk,4
1785138083302400170,6.804170608520508,11.353520095348358,5.0009989738464355,-0.09577565640211105,0.0497596375644207,-0.44889289140701294,0.0199639480561018,8.199991226196289,0.040321234613657,world,302348662,1785138083,1.6352384090423584,True,True,True,True,2.8978036924050787,-0.07137145500112238,5.932851848097194,0.7782312631607056,True,1.0109519958496094,True,2.0219039916992188,True,5,normal,8.626791000366211,0.0,0.0,0.0,0.7941873110285238,-0.07467026074024746,0.6210594763979316,6.763932019999999,11.35114101,5.0,0.0,0.0,0.0,8.0,0.0,-0.013133034110069275,11.988327234983444,-0.2997075319290161,6.76393202,11.35114101,5.0,0.040321234613657,8.0,minimum_jerk,4
1785138083402371342,6.794200897216797,11.351412296295166,4.966236591339111,-0.07336254417896271,0.009834674187004566,-0.4817059636116028,0.0199639480561018,8.299976348876953,0.04534585028886795,world,402326246,1785138083,1.6352384090423584,True,True,True,True,3.0111514250415228,-0.017215259099153245,8.0,0.7782312631607056,True,1.0109519958496094,True,2.0219039916992188,True,5,normal,8.626791000366211,0.0,0.0,0.0,0.7941873110285238,-0.07467026074024746,0.6210594763979316,6.763932019999999,11.35114101,5.0,0.0,0.0,0.0,8.0,0.0,-0.013133034110069275,11.988327234983444,-0.2997075319290161,6.76393202,11.35114101,5.0,0.04534585028886795,8.0,minimum_jerk,4
1785138083502383061,6.788299083709717,11.346377193927765,4.969889163970947,-0.009610575623810291,-0.005590934306383133,-0.02958465926349163,0.0199639480561018,8.399983406066895,0.03902704268693924,world,502335000,1785138083,1.6352384090423584,True,True,True,True,2.8741192246109217,0.14953184519331017,7.742092638507737,0.7782312631607056,True,1.0109519958496094,True,2.0219039916992188,True,5,normal,8.626791000366211,0.0,0.0,0.0,0.7941873110285238,-0.07467026074024746,0.6210594763979316,6.763932019999999,11.35114101,5.0,0.0,0.0,0.0,8.0,0.0,-0.013133034110069275,11.988327234983444,-0.2997075319290161,6.76393202,11.35114101,5.0,0.03902704268693924,8.0,minimum_jerk,4
1785138083602407094,6.78800106048584,11.341269254684448,5.017562389373779,0.04188772290945053,0.011032232083380222,0.0710669681429863,0.0199639480561018,8.499999046325684,0.031388018280267715,world,602351769,1785138083,1.6352384090423584,True,True,True,True,2.600144651530006,0.31565048237095533,2.1832144571025798,0.7782312631607056,True,1.0109519958496094,True,2.0219039916992188,True,5,normal,8.626791000366211,0.0,0.0,0.0,0.7941873110285238,-0.07467026074024746,0.6210594763979316,6.763932019999999,11.35114101,5.0,0.0,0.0,0.0,8.0,0.0,-0.013133034110069275,11.988327234983444,-0.2997075319290161,6.76393202,11.35114101,5.0,0.031388018280267715,8.0,minimum_jerk,4
1785138083702381172,6.790916919708252,11.339447259902954,5.02243709564209,0.05019433796405792,0.02090434916317463,-0.5466988682746887,0.0199639480561018,8.599987030029297,0.036991238594055176,world,702338581,1785138083,1.6352384090423584,True,True,True,True,2.3252604859994443,0.21609943757533245,4.576265949532556,0.7782312631607056,True,1.0109519958496094,True,2.0219039916992188,True,5,normal,8.626791000366211,0.0,0.0,0.0,0.7941873110285238,-0.07467026074024746,0.6210594763979316,6.763932019999999,11.35114101,5.0,0.0,0.0,0.0,8.0,0.0,-0.013133034110069275,11.988327234983444,-0.2997075319290161,6.76393202,11.35114101,5.0,0.036991238594055176,8.0,minimum_jerk,4
1785138083802390306,6.794123649597168,11.340441524982452,4.9715704917907715,0.04697595536708832,0.05113282427191734,-0.7104854583740234,0.0199639480561018,8.699993133544922,0.04282815009355545,world,802343828,1785138083,1.6352384090423584,True,True,True,True,2.1974019695570233,0.08921391377292365,8.0,0.7782312631607056,True,1.0109519958496094,True,2.0219039916992188,True,5,normal,8.626791000366211,0.0,0.0,0.0,0.7941873110285238,-0.07467026074024746,0.6210594763979316,6.763932019999999,11.35114101,5.0,0.0,0.0,0.0,8.0,0.0,-0.013133034110069275,11.988327234983444,-0.2997075319290161,6.76393202,11.35114101,5.0,0.04282815009355545,8.0,minimum_jerk,4
1785138083902372158,6.795069694519043,11.345105588436127,4.964034557342529,-0.001686446601524949,0.10592520236968994,-0.059653591364622116,0.0199639480561018,8.7999849319458,0.0479530394077301,world,902334827,1785138083,1.6352384090423584,True,True,True,True,2.195825607079819,-0.1408312294355365,8.0,0.7782312631607056,True,1.0109519958496094,True,2.0219039916992188,True,5,normal,8.626791000366211,0.0,0.0,0.0,0.7941873110285238,-0.07467026074024746,0.6210594763979316,6.763932019999999,11.35114101,5.0,0.0,0.0,0.0,8.0,0.0,-0.013133034110069275,11.988327234983444,-0.2997075319290161,6.76393202,11.35114101,5.0,0.0479530394077301,8.0,minimum_jerk,4
1785138084002384830,6.791097640991211,11.351455092430115,5.012369632720947,-0.042864929884672165,0.11364850401878357,0.12772440910339355,0.0199639480561018,8.899991035461426,0.029850920662283897,world,2341948,1785138084,1.6352384090423584,True,True,True,True,2.4215095300410736,-0.2812127953052478,1.331361861391529,0.7782312631607056,True,1.0109519958496094,True,2.0219039916992188,True,5,normal,8.626791000366211,0.0,0.0,0.0,0.7941873110285238,-0.07467026074024746,0.6210594763979316,6.763932019999999,11.35114101,5.0,0.0,0.0,0.0,8.0,0.0,-0.013133034110069275,11.988327234983444,-0.2997075319290161,6.76393202,11.35114101,5.0,0.029850920662283897,8.0,minimum_jerk,4
1785138084102387069,6.784566402435303,11.359526634216309,5.023710250854492,-0.052213944494724274,0.10394970327615738,-0.5463651418685913,0.0199639480561018,8.999996185302734,0.032531097531318665,world,102346882,1785138084,1.6352384090423584,True,True,True,True,2.6446174355717007,-0.495395333552078,3.153974193841977,0.7782312631607056,True,1.0109519958496094,True,2.0219039916992188,True,5,normal,8.626791000366211,0.0,0.0,0.0,0.7941873110285238,-0.07467026074024746,0.6210594763979316,6.763932019999999,11.35114101,5.0,0.0,0.0,0.0,8.0,0.0,-0.013133034110069275,11.988327234983444,-0.2997075319290161,6.76393202,11.35114101,5.0,0.032531097531318665,8.0,minimum_jerk,4
1785138084202382134,6.77824068069458,11.366661608219147,4.967933654785156,-0.05504779890179634,0.07505211979150772,-0.8577505350112915,0.0199639480561018,9.099994659423828,0.0383911095559597,world,202345845,1785138084,1.6352384090423584,True,True,True,True,2.734634456434278,-0.6226257420815225,8.0,0.7782312631607056,True,1.0109519958496094,True,2.0219039916992188,True,5,normal,8.626791000366211,0.0,0.0,0.0,0.7941873110285238,-0.07467026074024746,0.6210594763979316,6.763932019999999,11.35114101,5.0,0.0,0.0,0.0,8.0,0.0,-0.013133034110069275,11.988327234983444,-0.2997075319290161,6.76393202,11.35114101,5.0,0.0383911095559597,8.0,minimum_jerk,4
1785138084302402117,6.773121356964111,11.367266952991486,4.945596694946289,-0.02830745466053486,-0.01364815328270197,-0.16324855387210846,0.0199639480561018,9.200005531311035,0.05748225376009941,world,302357332,1785138084,1.6352384090423584,True,True,True,True,2.7541464121607984,-0.4812012699714335,8.0,0.7782312631607056,True,1.0109519958496094,True,2.0219039916992188,True,5,normal,8.626791000366211,0.0,0.0,0.0,0.7941873110285238,-0.07467026074024746,0.6210594763979316,6.763932019999999,11.35114101,5.0,0.0,0.0,0.0,8.0,0.0,-0.013133034110069275,11.988327234983444,-0.2997075319290161,6.76393202,11.35114101,5.0,0.05748225376009941,8.0,minimum_jerk,4
1785138084402407652,6.772419452667236,11.359501600265503,4.993172645568848,0.007558506913483143,-0.07288588583469391,0.19841179251670837,0.0199639480561018,9.300004005432129,0.013731305487453938,world,402355553,1785138084,1.6352384090423584,True,True,True,True,2.5667677359141168,0.08586435583082827,0.5426062037320474,0.7782312631607056,True,1.0109519958496094,True,2.0219039916992188,True,5,normal,8.626791000366211,0.0,0.0,0.0,0.7941873110285238,-0.07467026074024746,0.6210594763979316,6.763932019999999,11.35114101,5.0,0.0,0.0,0.0,8.0,0.0,-0.013133034110069275,11.988327234983444,-0.2997075319290161,6.76393202,11.35114101,5.0,0.013731305487453938,8.0,minimum_jerk,4
1785138084502390204,6.773684024810791,11.349161803722382,5.015780448913574,0.014410123229026794,-0.08005416393280029,-0.45116496086120605,0.0199639480561018,9.400002479553223,0.018655868247151375,world,502352622,1785138084,1.6352384090423584,True,True,True,True,2.401758957114419,0.3825443283832584,1.8922656914504046,0.7782312631607056,True,1.0109519958496094,True,2.0219039916992188,True,5,normal,8.626791000366211,0.0,0.0,0.0,0.7941873110285238,-0.07467026074024746,0.6210594763979316,6.763932019999999,11.35114101,5.0,0.0,0.0,0.0,8.0,0.0,-0.013133034110069275,11.988327234983444,-0.2997075319290161,6.76393202,11.35114101,5.0,0.018655868247151375,8.0,minimum_jerk,4
1785138084602419594,6.775033950805664,11.340644299983978,4.963834762573242,0.01703306846320629,-0.06850564479827881,-0.9101186990737915,0.0199639480561018,9.50001335144043,0.039260134100914,world,602365181,1785138084,1.6352384090423584,True,True,True,True,2.3495305557381405,0.4849218519572457,8.0,0.7782312631607056,True,1.0109519958496094,True,2.0219039916992188,True,5,normal,8.626791000366211,0.0,0.0,0.0,0.7941873110285238,-0.07467026074024746,0.6210594763979316,6.763932019999999,11.35114101,5.0,0.0,0.0,0.0,8.0,0.0,-0.013133034110069275,11.988327234983444,-0.2997075319290161,6.76393202,11.35114101,5.0,0.039260134100914,8.0,minimum_jerk,4
1785138084702394021,6.775268077850342,11.334865510463715,4.926975727081299,0.00324954092502594,0.019760500639677048,-0.31644314527511597,0.0199639480561018,9.600006103515625,0.07566995918750763,world,702355868,1785138084,1.6352384090423584,True,True,True,True,2.349180893135338,0.4492784920736107,8.0,0.7782312631607056,True,1.0109519958496094,True,2.0219039916992188,True,5,normal,8.626791000366211,0.0,0.0,0.0,0.7941873110285238,-0.07467026074024746,0.6210594763979316,6.763932019999999,11.35114101,5.0,0.0,0.0,0.0,8.0,0.0,-0.013133034110069275,11.988327234983444,-0.2997075319290161,6.76393202,11.35114101,5.0,0.07566995918750763,8.0,minimum_jerk,4
1785138084802404315,6.77260160446167,11.338207006454468,4.9644083976745605,-0.024664970114827156,0.11208437383174896,0.20813526213169098,0.0199639480561018,9.700008392333984,0.03884858265519142,world,802358308,1785138084,1.6352384090423584,True,True,True,True,2.509392446605793,0.11615007566016243,1.6166893867577445,0.7782312631607056,True,1.0109519958496094,True,2.0219039916992188,True,5,normal,8.626791000366211,0.0,0.0,0.0,0.7941873110285238,-0.07467026074024746,0.6210594763979316,6.763932019999999,11.35114101,5.0,0.0,0.0,0.0,8.0,0.0,-0.013133034110069275,11.988327234983444,-0.2997075319290161,6.76393202,11.35114101,5.0,0.03884858265519142,8.0,minimum_jerk,4
1785138084902397827,6.7681403160095215,11.348955571651459,4.996837139129639,-0.03169171139597893,0.1315426230430603,-0.27454492449760437,0.0199639480561018,9.80001163482666,0.00569996377453208,world,902361488,1785138084,1.6352384090423584,True,True,True,True,2.654561226615438,-0.4217928074287289,1.3824189463146712,0.7782312631607056,True,1.0109519958496094,True,2.0219039916992188,True,5,normal,8.626791000366211,0.0,0.0,0.0,0.7941873110285238,-0.07467026074024746,0.6210594763979316,6.763932019999999,11.35114101,5.0,0.0,0.0,0.0,8.0,0.0,-0.013133034110069275,11.988327234983444,-0.2997075319290161,6.76393202,11.35114101,5.0,0.00569996377453208,8.0,minimum_jerk,4
1785138085002413091,6.764060020446777,11.36002665758133,4.958104610443115,-0.031020959839224815,0.12720926105976105,-0.8238123059272766,0.0199639480561018,9.900023460388184,0.04282750189304352,world,2375330,1785138085,1.6352384090423584,True,True,True,True,2.724255833515601,-0.7033014935557895,7.497995615398596,0.7782312631607056,True,1.0109519958496094,True,2.0219039916992188,True,5,normal,8.626791000366211,0.0,0.0,0.0,0.7941873110285238,-0.07467026074024746,0.6210594763979316,6.763932019999999,11.35114101,5.0,0.0,0.0,0.0,8.0,0.0,-0.013133034110069275,11.988327234983444,-0.2997075319290161,6.76393202,11.35114101,5.0,0.04282750189304352,8.0,minimum_jerk,4
1785138085102422812,6.7607011795043945,11.367494404315948,4.918486595153809,-0.010235413908958435,0.07524780929088593,-0.3855295181274414,0.0199639480561018,10.000027656555176,0.08320040255784988,world,102382165,1785138085,1.6352384090423584,True,True,True,True,2.742581184368937,-0.7442992821740357,8.0,0.7782312631607056,True,1.0109519958496094,True,2.0219039916992188,True,5,normal,8.626791000366211,0.0,0.0,0.0,0.7941873110285238,-0.07467026074024746,0.6210594763979316,6.763932019999999,11.35114101,5.0,0.0,0.0,0.0,8.0,0.0,-0.013133034110069275,11.988327234983444,-0.2997075319290161,6.76393202,11.35114101,5.0,0.08320040255784988,8.0,minimum_jerk,4
1785138085202414509,6.760299205780029,11.365000665187836,4.953558921813965,0.027446990832686424,-0.029608353972434998,0.24687792360782623,0.0199639480561018,10.100025177001953,0.04860103875398636,world,202377890,1785138085,1.6352384090423584,True,True,True,True,2.645564554677428,-0.270729428199681,2.0933046000488567,0.7782312631607056,True,1.0109519958496094,True,2.0219039916992188,True,5,normal,8.626791000366211,0.0,0.0,0.0,0.7941873110285238,-0.07467026074024746,0.6210594763979316,6.763932019999999,11.35114101,5.0,0.0,0.0,0.0,8.0,0.0,-0.013133034110069275,11.988327234983444,-0.2997075319290161,6.76393202,11.35114101,5.0,0.04860103875398636,8.0,minimum_jerk,4
1785138085302419441,6.762823104858398,11.356419920921326,4.990870475769043,0.038081444799900055,-0.06321384757757187,-0.1740129590034485,0.0199639480561018,10.200024604797363,0.010603999719023705,world,302375377,1785138085,1.6352384090423584,True,True,True,True,2.4625225941321007,0.16774567426953718,1.205208409411875,0.7782312631607056,True,1.0109519958496094,True,2.0219039916992188,True,5,normal,8.626791000366211,0.0,0.0,0.0,0.7941873110285238,-0.07467026074024746,0.6210594763979316,6.763932019999999,11.35114101,5.0,0.0,0.0,0.0,8.0,0.0,-0.013133034110069275,11.988327234983444,-0.2997075319290161,6.76393202,11.35114101,5.0,0.010603999719023705,8.0,minimum_jerk,4
1785138085402419714,6.765623092651367,11.34829443693161,4.959431171417236,0.03873511776328087,-0.06741228699684143,-0.738298237323761,0.0199639480561018,10.300019264221191,0.04070371761918068,world,402369419,1785138085,1.6352384090423584,True,True,True,True,2.374167746426467,0.34632878890155605,6.915010081309484,0.7782312631607056,True,1.0109519958496094,True,2.0219039916992188,True,5,normal,8.626791000366211,0.0,0.0,0.0,0.7941873110285238,-0.07467026074024746,0.6210594763979316,6.763932019999999,11.35114101,5.0,0.0,0.0,0.0,8.0,0.0,-0.013133034110069275,11.988327234983444,-0.2997075319290161,6.76393202,11.35114101,5.0,0.04070371761918068,8.0,minimum_jerk,4
1785138085502413235,6.766846656799316,11.341256201267242,4.9211649894714355,0.024837344884872437,-0.030116457492113113,-0.3171454966068268,0.0199639480561018,10.4000244140625,0.07950574159622192,world,502373880,1785138085,1.6352384090423584,True,True,True,True,2.377537071106924,0.39272776345567273,8.0,0.7782312631607056,True,1.0109519958496094,True,2.0219039916992188,True,5,normal,8.626791000366211,0.0,0.0,0.0,0.7941873110285238,-0.07467026074024746,0.6210594763979316,6.763932019999999,11.35114101,5.0,0.0,0.0,0.0,8.0,0.0,-0.013133034110069275,11.988327234983444,-0.2997075319290161,6.76393202,11.35114101,5.0,0.07950574159622192,8.0,minimum_jerk,4
1785138085602537834,6.76465368270874,11.341521620750427,4.9535017013549805,-0.004254805855453014,0.04753803834319115,0.26671162247657776,0.0199639480561018,10.500141143798828,0.047488369047641754,world,602492868,1785138085,1.6352384090423584,True,True,True,True,2.586385244361473,0.15945141541809327,2.390254002168878,0.7782312631607056,True,1.0109519958496094,True,2.0219039916992188,True,5,normal,8.626791000366211,0.0,0.0,0.0,0.7941873110285238,-0.07467026074024746,0.6210594763979316,6.763932019999999,11.35114101,5.0,0.0,0.0,0.0,8.0,0.0,-0.013133034110069275,11.988327234983444,-0.2997075319290161,6.76393202,11.35114101,5.0,0.047488369047641754,8.0,minimum_jerk,4
1785138085702569807,6.761247634887695,11.347616970539093,4.992381572723389,-0.012643923982977867,0.075040802359581,-0.05339421331882477,0.0199639480561018,10.600031852722168,0.008812787011265755,world,702382942,1785138085,1.6352384090423584,True,True,True,True,2.724936314137718,-0.26270948935813543,1.159424896790892,0.7782312631607056,True,1.0109519958496094,True,2.0219039916992188,True,5,normal,8.626791000366211,0.0,0.0,0.0,0.7941873110285238,-0.07467026074024746,0.6210594763979316,6.763932019999999,11.35114101,5.0,0.0,0.0,0.0,8.0,0.0,-0.013133034110069275,11.988327234983444,-0.2997075319290161,6.76393202,11.35114101,5.0,0.008812787011265755,8.0,minimum_jerk,4
1785138085802460532,6.7578511238098145,11.355707943439484,4.9662251472473145,-0.012733501382172108,0.07903581857681274,-0.68437659740448,0.0199639480561018,10.700047492980957,0.03462044149637222,world,802408473,1785138085,1.6352384090423584,True,True,True,True,2.7664015132525237,-0.4706743995251673,6.05576780388714,0.7782312631607056,True,1.0109519958496094,True,2.0219039916992188,True,5,normal,8.626791000366211,0.0,0.0,0.0,0.7941873110285238,-0.07467026074024746,0.6210594763979316,6.763932019999999,11.35114101,5.0,0.0,0.0,0.0,8.0,0.0,-0.013133034110069275,11.988327234983444,-0.2997075319290161,6.76393202,11.35114101,5.0,0.03462044149637222,8.0,minimum_jerk,4
1785138085902419978,6.756768226623535,11.35939735174179,4.927771091461182,0.013836367055773735,0.05627801641821861,-0.330283522605896,0.0199639480561018,10.800031661987305,0.07305137068033218,world,902386173,1785138085,1.6352384090423584,True,True,True,True,2.7467900533370067,-0.5050647843804957,8.0,0.7782312631607056,True,1.0109519958496094,True,2.0219039916992188,True,5,normal,8.626791000366211,0.0,0.0,0.0,0.7941873110285238,-0.07467026074024746,0.6210594763979316,6.763932019999999,11.35114101,5.0,0.0,0.0,0.0,8.0,0.0,-0.013133034110069275,11.988327234983444,-0.2997075319290161,6.76393202,11.35114101,5.0,0.07305137068033218,8.0,minimum_jerk,4
1785138086002439938,6.760220527648926,11.355315148830414,4.958091735839844,0.05205599218606949,-0.007992321625351906,0.2820442318916321,0.0199639480561018,10.900047302246094,0.04227885231375694,world,2400022,1785138086,1.6352384090423584,True,True,True,True,2.4944386272717893,-0.019775807840533746,2.6544874669286393,0.7782312631607056,True,1.0109519958496094,True,2.0219039916992188,True,5,normal,8.626791000366211,0.0,0.0,0.0,0.7941873110285238,-0.07467026074024746,0.6210594763979316,6.763932019999999,11.35114101,5.0,0.0,0.0,0.0,8.0,0.0,-0.013133034110069275,11.988327234983444,-0.2997075319290161,6.76393202,11.35114101,5.0,0.04227885231375694,8.0,minimum_jerk,4
1785138086102439698,6.766326427459717,11.34778106212616,4.999866962432861,0.060197100043296814,-0.0335683599114418,-0.05294112116098404,0.0199639480561018,11.000041961669922,0.004127969965338707,world,102392589,1785138086,1.6352384090423584,True,True,True,True,2.2790972178919375,0.258796979829021,1.046905774873906,0.7782312631607056,True,1.0109519958496094,True,2.0219039916992188,True,5,normal,8.626791000366211,0.0,0.0,0.0,0.7941873110285238,-0.07467026074024746,0.6210594763979316,6.763932019999999,11.35114101,5.0,0.0,0.0,0.0,8.0,0.0,-0.013133034110069275,11.988327234983444,-0.2997075319290161,6.76393202,11.35114101,5.0,0.004127969965338707,8.0,minimum_jerk,4
1785138086202444187,6.77193546295166,11.34123557806015,4.976900100708008,0.05472520366311073,-0.03587242215871811,-0.6457621455192566,0.0199639480561018,11.100046157836914,0.02637760527431965,world,202398150,1785138086,1.6352384090423584,True,True,True,True,2.1550608639703093,0.39013997677282736,6.056912418123201,0.7782312631607056,True,1.0109519958496094,True,2.0219039916992188,True,5,normal,8.626791000366211,0.0,0.0,0.0,0.7941873110285238,-0.07467026074024746,0.6210594763979316,6.763932019999999,11.35114101,5.0,0.0,0.0,0.0,8.0,0.0,-0.013133034110069275,11.988327234983444,-0.2997075319290161,6.76393202,11.35114101,5.0,0.02637760527431965,8.0,minimum_jerk,4
1785138086302450480,6.776614189147949,11.335850656032562,4.9360222816467285,0.013303284533321857,0.006351442541927099,-0.3782788813114166,0.0199639480561018,11.200051307678223,0.06699089705944061,world,302403079,1785138086,1.6352384090423584,True,True,True,True,2.1334191986095585,0.4024454173369275,8.0,0.7782312631607056,True,1.0109519958496094,True,2.0219039916992188,True,5,normal,8.626791000366211,0.0,0.0,0.0,0.7941873110285238,-0.07467026074024746,0.6210594763979316,6.763932019999999,11.35114101,5.0,0.0,0.0,0.0,8.0,0.0,-0.013133034110069275,11.988327234983444,-0.2997075319290161,6.76393202,11.35114101,5.0,0.06699089705944061,8.0,minimum_jerk,4
1785138086402453906,6.77574348449707,11.337573766708374,4.960371971130371,-0.049311839044094086,0.08512512594461441,0.2530834376811981,0.0199639480561018,11.300058364868164,0.04351966828107834,world,402413109,1785138086,1.6352384090423584,True,True,True,True,2.305176226606928,0.18128216282276954,3.197567247188519,0.7782312631607056,True,1.0109519958496094,True,2.0219039916992188,True,5,normal,8.626791000366211,0.0,0.0,0.0,0.7941873110285238,-0.07467026074024746,0.6210594763979316,6.763932019999999,11.35114101,5.0,0.0,0.0,0.0,8.0,0.0,-0.013133034110069275,11.988327234983444,-0.2997075319290161,6.76393202,11.35114101,5.0,0.04351966828107834,8.0,minimum_jerk,4
1785138086502431424,6.7702555656433105,11.345738232135773,5.001169204711914,-0.07344651967287064,0.11429841071367264,0.040751583874225616,0.0199639480561018,11.400049209594727,0.008399063721299171,world,502399013,1785138086,1.6352384090423584,True,True,True,True,2.63966347118931,-0.288706297931455,1.0307831144826558,0.7782312631607056,True,1.0109519958496094,True,2.0219039916992188,True,5,normal,8.626791000366211,0.0,0.0,0.0,0.7941873110285238,-0.07467026074024746,0.6210594763979316,6.763932019999999,11.35114101,5.0,0.0,0.0,0.0,8.0,0.0,-0.013133034110069275,11.988327234983444,-0.2997075319290161,6.76393202,11.35114101,5.0,0.008399063721299171,8.0,minimum_jerk,4
1785138086602444970,6.763139247894287,11.356447279453278,4.984115123748779,-0.0744522213935852,0.11491136997938156,-0.5990610718727112,0.0199639480561018,11.500052452087402,0.016766462475061417,world,602402029,1785138086,1.6352384090423584,True,True,True,True,2.810793007763169,-0.5500502403544574,5.238835304655815,0.7782312631607056,True,1.0109519958496094,True,2.0219039916992188,True,5,normal,8.626791000366211,0.0,0.0,0.0,0.7941873110285238,-0.07467026074024746,0.6210594763979316,6.763932019999999,11.35114101,5.0,0.0,0.0,0.0,8.0,0.0,-0.013133034110069275,11.988327234983444,-0.2997075319290161,6.76393202,11.35114101,5.0,0.016766462475061417,8.0,minimum_jerk,4
1785138086702437707,6.757687568664551,11.36365407705307,4.944349765777588,-0.049444518983364105,0.07847923785448074,-0.3963412344455719,0.0199639480561018,11.600051879882812,0.057380471378564835,world,702402169,1785138086,1.6352384090423584,True,True,True,True,2.88704512148711,-0.6530398744286992,8.0,0.7782312631607056,True,1.0109519958496094,True,2.0219039916992188,True,5,normal,8.626791000366211,0.0,0.0,0.0,0.7941873110285238,-0.07467026074024746,0.6210594763979316,6.763932019999999,11.35114101,5.0,0.0,0.0,0.0,8.0,0.0,-0.013133034110069275,11.988327234983444,-0.2997075319290161,6.76393202,11.35114101,5.0,0.057380471378564835,8.0,minimum_jerk,4
1785138086802454469,6.757747650146484,11.36225700378418,4.966851711273193,0.01187324058264494,-0.008759266696870327,0.2595134377479553,0.0199639480561018,11.700057983398438,0.03550522029399872,world,802409504,1785138086,1.6352384090423584,True,True,True,True,2.674794111719026,-0.2506456686711818,3.320894047138806,0.7782312631607056,True,1.0109519958496094,True,2.0219039916992188,True,5,normal,8.626791000366211,0.0,0.0,0.0,0.7941873110285238,-0.07467026074024746,0.6210594763979316,6.763932019999999,11.35114101,5.0,0.0,0.0,0.0,8.0,0.0,-0.013133034110069275,11.988327234983444,-0.2997075319290161,6.76393202,11.35114101,5.0,0.03550522029399872,8.0,minimum_jerk,4
1785138086902444230,6.7623677253723145,11.35491019487381,5.010633945465088,0.03995543718338013,-0.04993589222431183,0.024004561826586723,0.0199639480561018,11.80006217956543,0.011390108615159988,world,902413171,1785138086,1.6352384090423584,True,True,True,True,2.3781276784424663,0.15247066602528783,0.8433253044578564,0.7782312631607056,True,1.0109519958496094,True,2.0219039916992188,True,5,normal,8.626791000366211,0.0,0.0,0.0,0.7941873110285238,-0.07467026074024746,0.6210594763979316,6.763932019999999,11.35114101,5.0,0.0,0.0,0.0,8.0,0.0,-0.013133034110069275,11.988327234983444,-0.2997075319290161,6.76393202,11.35114101,5.0,0.011390108615159988,8.0,minimum_jerk,4
1785138087002466102,6.767324924468994,11.347532033920288,4.994317054748535,0.04295007139444351,-0.0554279126226902,-0.5787707567214966,0.0199639480561018,11.900070190429688,0.007538725156337023,world,2423220,1785138087,1.6352384090423584,True,True,True,True,2.2272482308493675,0.34615957395897795,5.351551795516619,0.7782312631607056,True,1.0109519958496094,True,2.0219039916992188,True,5,normal,8.626791000366211,0.0,0.0,0.0,0.7941873110285238,-0.07467026074024746,0.6210594763979316,6.763932019999999,11.35114101,5.0,0.0,0.0,0.0,8.0,0.0,-0.013133034110069275,11.988327234983444,-0.2997075319290161,6.76393202,11.35114101,5.0,0.007538725156337023,8.0,minimum_jerk,4
1785138087102464567,6.7700629234313965,11.34119164943695,4.951844215393066,0.024294573813676834,-0.02932075224816799,-0.4020329713821411,0.0199639480561018,12.000067710876465,0.049553580582141876,world,102417979,1785138087,1.6352384090423584,True,True,True,True,2.227142481275054,0.38360921047353147,8.0,0.7782312631607056,True,1.0109519958496094,True,2.0219039916992188,True,5,normal,8.626791000366211,0.0,0.0,0.0,0.7941873110285238,-0.07467026074024746,0.6210594763979316,6.763932019999999,11.35114101,5.0,0.0,0.0,0.0,8.0,0.0,-0.013133034110069275,11.988327234983444,-0.2997075319290161,6.76393202,11.35114101,5.0,0.049553580582141876,8.0,minimum_jerk,4
1785138087202467411,6.767161846160889,11.341467559337616,4.969969749450684,-0.02809317782521248,0.04506004601716995,0.24043740332126617,0.0199639480561018,12.100068092346191,0.03171471878886223,world,202418618,1785138087,1.6352384090423584,True,True,True,True,2.5300387854416404,0.18109726354761374,3.6982248507542823,0.7782312631607056,True,1.0109519958496094,True,2.0219039916992188,True,5,normal,8.626791000366211,0.0,0.0,0.0,0.7941873110285238,-0.07467026074024746,0.6210594763979316,6.763932019999999,11.35114101,5.0,0.0,0.0,0.0,8.0,0.0,-0.013133034110069275,11.988327234983444,-0.2997075319290161,6.76393202,11.35114101,5.0,0.03171471878886223,8.0,minimum_jerk,4
1785138087302475545,6.760962963104248,11.347755670547485,5.009926795959473,-0.04988525062799454,0.07926339656114578,0.10215166956186295,0.0199639480561018,12.200071334838867,0.010900326073169708,world,302422113,1785138087,1.6352384090423584,True,True,True,True,2.814081787102665,-0.23588661477170011,1.0807956298280317,0.7782312631607056,True,1.0109519958496094,True,2.0219039916992188,True,5,normal,8.626791000366211,0.0,0.0,0.0,0.7941873110285238,-0.07467026074024746,0.6210594763979316,6.763932019999999,11.35114101,5.0,0.0,0.0,0.0,8.0,0.0,-0.013133034110069275,11.988327234983444,-0.2997075319290161,6.76393202,11.35114101,5.0,0.010900326073169708,8.0,minimum_jerk,4
1785138087402472317,6.753935813903809,11.356286406517029,4.998767852783203,-0.0496811643242836,0.08302361518144608,-0.519254207611084,0.0199639480561018,12.300076484680176,0.011310058645904064,world,402429105,1785138087,1.6352384090423584,True,True,True,True,2.9728791411520303,-0.49690132454713665,5.0252329655915995,0.7782312631607056,True,1.0109519958496094,True,2.0219039916992188,True,5,normal,8.626791000366211,0.0,0.0,0.0,0.7941873110285238,-0.07467026074024746,0.6210594763979316,6.763932019999999,11.35114101,5.0,0.0,0.0,0.0,8.0,0.0,-0.013133034110069275,11.988327234983444,-0.2997075319290161,6.76393202,11.35114101,5.0,0.011310058645904064,8.0,minimum_jerk,4
1785138087502478747,6.749704360961914,11.359727144241333,4.961371898651123,-0.011792668141424656,0.05896114185452461,-0.392663836479187,0.0199639480561018,12.400080680847168,0.04205090180039406,world,502431287,1785138087,1.6352384090423584,True,True,True,True,2.9753847147733863,-0.47724995818242066,8.0,0.7782312631607056,True,1.0109519958496094,True,2.0219039916992188,True,5,normal,8.626791000366211,0.0,0.0,0.0,0.7941873110285238,-0.07467026074024746,0.6210594763979316,6.763932019999999,11.35114101,5.0,0.0,0.0,0.0,8.0,0.0,-0.013133034110069275,11.988327234983444,-0.2997075319290161,6.76393202,11.35114101,5.0,0.04205090180039406,8.0,minimum_jerk,4
1785138087602459158,6.7528815269470215,11.35484367609024,4.982156276702881,0.06296325474977493,-0.010659891180694103,0.24350397288799286,0.0199639480561018,12.500077247619629,0.021312475204467773,world,602427728,1785138087,1.6352384090423584,True,True,True,True,2.6688257153675554,0.025763454156264673,3.7204890193664406,0.7782312631607056,True,1.0109519958496094,True,2.0219039916992188,True,5,normal,8.626791000366211,0.0,0.0,0.0,0.7941873110285238,-0.07467026074024746,0.6210594763979316,6.763932019999999,11.35114101,5.0,0.0,0.0,0.0,8.0,0.0,-0.013133034110069275,11.988327234983444,-0.2997075319290161,6.76393202,11.35114101,5.0,0.021312475204467773,8.0,minimum_jerk,4
1785138087702465418,6.761727333068848,11.34591954946518,5.022889614105225,0.08923809975385666,-0.042240772396326065,0.021144641563296318,0.0199639480561018,12.600078582763672,0.023580897599458694,world,702428738,1785138087,1.6352384090423584,True,True,True,True,2.2541216236246124,0.3697563645550148,0.9651759743377268,0.7782312631607056,True,1.0109519958496094,True,2.0219039916992188,True,5,normal,8.626791000366211,0.0,0.0,0.0,0.7941873110285238,-0.07467026074024746,0.6210594763979316,6.763932019999999,11.35114101,5.0,0.0,0.0,0.0,8.0,0.0,-0.013133034110069275,11.988327234983444,-0.2997075319290161,6.76393202,11.35114101,5.0,0.023580897599458694,8.0,minimum_jerk,4
1785138087802478131,6.770463943481445,11.337971925735474,5.007242202758789,0.08643318712711334,-0.04337875172495842,-0.5552402138710022,0.0199639480561018,12.700093269348145,0.016387199983000755,world,802445338,1785138087,1.6352384090423584,True,True,True,True,2.026640293463686,0.5378618555897463,5.119161009114531,0.7782312631607056,True,1.0109519958496094,True,2.0219039916992188,True,5,normal,8.626791000366211,0.0,0.0,0.0,0.7941873110285238,-0.07467026074024746,0.6210594763979316,6.763932019999999,11.35114101,5.0,0.0,0.0,0.0,8.0,0.0,-0.013133034110069275,11.988327234983444,-0.2997075319290161,6.76393202,11.35114101,5.0,0.016387199983000755,8.0,minimum_jerk,4
1785138087902479702,6.776911735534668,11.33253675699234,4.968291282653809,0.03942336142063141,0.007704255636781454,-0.3928232192993164,0.0199639480561018,12.800087928771973,0.03898761421442032,world,902439986,1785138087,1.6352384090423584,True,True,True,True,2.013849833573631,0.5204773607691424,8.0,0.7782312631607056,True,1.0109519958496094,True,2.0219039916992188,True,5,normal,8.626791000366211,0.0,0.0,0.0,0.7941873110285238,-0.07467026074024746,0.6210594763979316,6.763932019999999,11.35114101,5.0,0.0,0.0,0.0,8.0,0.0,-0.013133034110069275,11.988327234983444,-0.2997075319290161,6.76393202,11.35114101,5.0,0.03898761421442032,8.0,minimum_jerk,4
1785138088002505619,6.774708271026611,11.33642029762268,4.988276958465576,-0.05135655030608177,0.10440972447395325,0.2231874316930771,0.0199639480561018,12.900099754333496,0.0216854028403759,world,2452488,1785138088,1.6352384090423584,True,True,True,True,2.33714394548057,0.18713146856279503,3.605851110889211,0.7782312631607056,True,1.0109519958496094,True,2.0219039916992188,True,5,normal,8.626791000366211,0.0,0.0,0.0,0.7941873110285238,-0.07467026074024746,0.6210594763979316,6.763932019999999,11.35114101,5.0,0.0,0.0,0.0,8.0,0.0,-0.013133034110069275,11.988327234983444,-0.2997075319290161,6.76393202,11.35114101,5.0,0.0216854028403759,8.0,minimum_jerk,4
1785138088102505385,6.766451358795166,11.347553074359894,5.026914596557617,-0.0862189531326294,0.13923856616020203,0.05708302929997444,0.0199639480561018,13.000090599060059,0.02726932056248188,world,102440872,1785138088,1.6352384090423584,True,True,True,True,2.8302604813748267,-0.4173859916899064,0.8328494379407156,0.7782312631607056,True,1.0109519958496094,True,2.0219039916992188,True,5,normal,8.626791000366211,0.0,0.0,0.0,0.7941873110285238,-0.07467026074024746,0.6210594763979316,6.763932019999999,11.35114101,5.0,0.0,0.0,0.0,8.0,0.0,-0.013133034110069275,11.988327234983444,-0.2997075319290161,6.76393202,11.35114101,5.0,0.02726932056248188,8.0,minimum_jerk,4
1785138088202492436,6.756275653839111,11.361356973648071,5.012485504150391,-0.08978455513715744,0.13671162724494934,-0.5605899095535278,0.0199639480561018,13.10009765625,0.017857033759355545,world,202449424,1785138088,1.6352384090423584,True,True,True,True,3.088466272925925,-0.7619737328253304,4.991681161599923,0.7782312631607056,True,1.0109519958496094,True,2.0219039916992188,True,5,normal,8.626791000366211,0.0,0.0,0.0,0.7941873110285238,-0.07467026074024746,0.6210594763979316,6.763932019999999,11.35114101,5.0,0.0,0.0,0.0,8.0,0.0,-0.013133034110069275,11.988327234983444,-0.2997075319290161,6.76393202,11.35114101,5.0,0.017857033759355545,8.0,minimum_jerk,4
1785138088302477524,6.749844074249268,11.36905711889267,4.976108074188232,-0.04997320845723152,0.08676048368215561,-0.42502373456954956,0.0199639480561018,13.200091361999512,0.03301940858364105,world,302441606,1785138088,1.6352384090423584,True,True,True,True,3.1153432224790443,-0.7713953217038572,7.801717019652722,0.7782312631607056,True,1.0109519958496094,True,2.0219039916992188,True,5,normal,8.626791000366211,0.0,0.0,0.0,0.7941873110285238,-0.07467026074024746,0.6210594763979316,6.763932019999999,11.35114101,5.0,0.0,0.0,0.0,8.0,0.0,-0.013133034110069275,11.988327234983444,-0.2997075319290161,6.76393202,11.35114101,5.0,0.03301940858364105,8.0,minimum_jerk,4
1785138088402491737,6.75295877456665,11.36409717798233,4.998869895935059,0.0540342815220356,-0.0391901358962059,0.21817892789840698,0.0199639480561018,13.300104141235352,0.0170162133872509,world,402456420,1785138088,1.6352384090423584,True,True,True,True,2.677475459339621,-0.11886611126097198,2.712511985704312,0.7782312631607056,True,1.0109519958496094,True,2.0219039916992188,True,5,normal,8.626791000366211,0.0,0.0,0.0,0.7941873110285238,-0.07467026074024746,0.6210594763979316,6.763932019999999,11.35114101,5.0,0.0,0.0,0.0,8.0,0.0,-0.013133034110069275,11.988327234983444,-0.2997075319290161,6.76393202,11.35114101,5.0,0.0170162133872509,8.0,minimum_jerk,4
1785138088502492875,6.763204574584961,11.35156512260437,5.0353498458862305,0.09037412703037262,-0.0877608060836792,-0.05667022243142128,0.0199639480561018,13.400107383728027,0.03535987436771393,world,502458049,1785138088,1.6352384090423584,True,True,True,True,2.1732231653365077,0.4483006983579728,0.7021969654883868,0.7782312631607056,True,1.0109519958496094,True,2.0219039916992188,True,5,normal,8.626791000366211,0.0,0.0,0.0,0.7941873110285238,-0.07467026074024746,0.6210594763979316,6.763932019999999,11.35114101,5.0,0.0,0.0,0.0,8.0,0.0,-0.013133034110069275,11.988327234983444,-0.2997075319290161,6.76393202,11.35114101,5.0,0.03535987436771393,8.0,minimum_jerk,4
1785138088602492210,6.773370742797852,11.339461922645569,5.014620780944824,0.08947264403104782,-0.09140966087579727,-0.6055561900138855,0.0199639480561018,13.500100135803223,0.02095847763121128,world,602449919,1785138088,1.6352384090423584,True,True,True,True,1.9581759005524697,0.6780541508241456,4.882839831977725,0.7782312631607056,True,1.0109519958496094,True,2.0219039916992188,True,5,normal,8.626791000366211,0.0,0.0,0.0,0.7941873110285238,-0.07467026074024746,0.6210594763979316,6.763932019999999,11.35114101,5.0,0.0,0.0,0.0,8.0,0.0,-0.013133034110069275,11.988327234983444,-0.2997075319290161,6.76393202,11.35114101,5.0,0.02095847763121128,8.0,minimum_jerk,4
1785138088702479822,6.780670166015625,11.330328404903412,4.976597785949707,0.03696219250559807,-0.0293967816978693,-0.38557833433151245,0.0199639480561018,13.60009765625,0.03551047295331955,world,702446760,1785138088,1.6352384090423584,True,True,True,True,1.8848878677957392,0.7715457866538755,7.840158334499952,0.7782312631607056,True,1.0109519958496094,True,2.0219039916992188,True,5,normal,8.626791000366211,0.0,0.0,0.0,0.7941873110285238,-0.07467026074024746,0.6210594763979316,6.763932019999999,11.35114101,5.0,0.0,0.0,0.0,8.0,0.0,-0.013133034110069275,11.988327234983444,-0.2997075319290161,6.76393202,11.35114101,5.0,0.03551047295331955,8.0,minimum_jerk,4
1785138088802498424,6.777735710144043,11.333486557006836,4.999451637268066,-0.06832706183195114,0.09878923743963242,0.2071114182472229,0.0199639480561018,13.700105667114258,0.022417008876800537,world,802455983,1785138088,1.6352384090423584,True,True,True,True,2.3210716756853675,0.28640359752781364,2.5934902562806865,0.7782312631607056,True,1.0109519958496094,True,2.0219039916992188,True,5,normal,8.626791000366211,0.0,0.0,0.0,0.7941873110285238,-0.07467026074024746,0.6210594763979316,6.763932019999999,11.35114101,5.0,0.0,0.0,0.0,8.0,0.0,-0.013133034110069275,11.988327234983444,-0.2997075319290161,6.76393202,11.35114101,5.0,0.022417008876800537,8.0,minimum_jerk,4
1785138088902501445,6.766791343688965,11.34711867570877,5.035634994506836,-0.10891502350568771,0.14697013795375824,-0.07642095535993576,0.0199639480561018,13.80010986328125,0.035975098609924316,world,902459816,1785138088,1.6352384090423584,True,True,True,True,2.8737345139937704,-0.42150575940344714,0.7438000955631883,0.7782312631607056,True,1.0109519958496094,True,2.0219039916992188,True,5,normal,8.626791000366211,0.0,0.0,0.0,0.7941873110285238,-0.07467026074024746,0.6210594763979316,6.763932019999999,11.35114101,5.0,0.0,0.0,0.0,8.0,0.0,-0.013133034110069275,11.988327234983444,-0.2997075319290161,6.76393202,11.35114101,5.0,0.035975098609924316,8.0,minimum_jerk,4
1785138089002520227,6.755351543426514,11.36171042919159,5.013617038726807,-0.11204027384519577,0.15011660754680634,-0.6188642978668213,0.0199639480561018,13.900115013122559,0.019255153834819794,world,2465143,1785138089,1.6352384090423584,True,True,True,True,3.179023679239728,-0.8273353640307721,5.258020499170161,0.7782312631607056,True,1.0109519958496094,True,2.0219039916992188,True,5,normal,8.626791000366211,0.0,0.0,0.0,0.7941873110285238,-0.07467026074024746,0.6210594763979316,6.763932019999999,11.35114101,5.0,0.0,0.0,0.0,8.0,0.0,-0.013133034110069275,11.988327234983444,-0.2997075319290161,6.76393202,11.35114101,5.0,0.019255153834819794,8.0,minimum_jerk,4
1785138089102508459,6.74764347076416,11.370842099189758,4.976964473724365,-0.05551237612962723,0.08988752216100693,-0.36134153604507446,0.0199639480561018,14.000113487243652,0.034410540014505386,world,102464375,1785138089,1.6352384090423584,True,True,True,True,3.2137297461301992,-0.863784328182641,7.565530082603713,0.7782312631607056,True,1.0109519958496094,True,2.0219039916992188,True,5,normal,8.626791000366211,0.0,0.0,0.0,0.7941873110285238,-0.07467026074024746,0.6210594763979316,6.763932019999999,11.35114101,5.0,0.0,0.0,0.0,8.0,0.0,-0.013133034110069275,11.988327234983444,-0.2997075319290161,6.76393202,11.35114101,5.0,0.034410540014505386,8.0,minimum_jerk,4
1785138089202505878,6.751756191253662,11.365672767162323,5.002688407897949,0.05936463177204132,-0.042116325348615646,0.21442115306854248,0.0199639480561018,14.100114822387695,0.019148115068674088,world,202466152,1785138089,1.6352384090423584,True,True,True,True,2.6660837842239546,-0.13767409481972467,2.2053968775835875,0.7782312631607056,True,1.0109519958496094,True,2.0219039916992188,True,5,normal,8.626791000366211,0.0,0.0,0.0,0.7941873110285238,-0.07467026074024746,0.6210594763979316,6.763932019999999,11.35114101,5.0,0.0,0.0,0.0,8.0,0.0,-0.013133034110069275,11.988327234983444,-0.2997075319290161,6.76393202,11.35114101,5.0,0.019148115068674088,8.0,minimum_jerk,4
1785138089302522303,6.763686656951904,11.351965427398682,5.037435531616211,0.09864559769630432,-0.0949167013168335,-0.10790590196847916,0.0199639480561018,14.200125694274902,0.03744541108608246,world,302477858,1785138089,1.6352384090423584,True,True,True,True,2.0941095717087825,0.4921467811521141,0.6826368823414397,0.7782312631607056,True,1.0109519958496094,True,2.0219039916992188,True,5,normal,8.626791000366211,0.0,0.0,0.0,0.7941873110285238,-0.07467026074024746,0.6210594763979316,6.763932019999999,11.35114101,5.0,0.0,0.0,0.0,8.0,0.0,-0.013133034110069275,11.988327234983444,-0.2997075319290161,6.76393202,11.35114101,5.0,0.03744541108608246,8.0,minimum_jerk,4
1785138089402508090,6.775174617767334,11.338796317577362,5.012482166290283,0.09617719799280167,-0.09951242059469223,-0.6413845419883728,0.0199639480561018,14.30012321472168,0.020846867933869362,world,402473674,1785138089,1.6352384090423584,True,True,True,True,1.8625175428698912,0.7459382238113604,4.963347467216784,0.7782312631607056,True,1.0109519958496094,True,2.0219039916992188,True,5,normal,8.626791000366211,0.0,0.0,0.0,0.7941873110285238,-0.07467026074024746,0.6210594763979316,6.763932019999999,11.35114101,5.0,0.0,0.0,0.0,8.0,0.0,-0.013133034110069275,11.988327234983444,-0.2997075319290161,6.76393202,11.35114101,5.0,0.020846867933869362,8.0,minimum_jerk,4
1785138089502516159,6.783087253570557,11.329391121864319,4.976546764373779,0.028918247669935226,-0.029607713222503662,-0.35087063908576965,0.0199639480561018,14.400121688842773,0.037283170968294144,world,502471945,1785138089,1.6352384090423584,True,True,True,True,1.8018321821882683,0.8253982458568208,7.499602356209414,0.7782312631607056,True,1.0109519958496094,True,2.0219039916992188,True,5,normal,8.626791000366211,0.0,0.0,0.0,0.7941873110285238,-0.07467026074024746,0.6210594763979316,6.763932019999999,11.35114101,5.0,0.0,0.0,0.0,8.0,0.0,-0.013133034110069275,11.988327234983444,-0.2997075319290161,6.76393202,11.35114101,5.0,0.037283170968294144,8.0,minimum_jerk,4
1785138089602517685,6.7789201736450195,11.333473205566406,5.002824306488037,-0.09165018051862717,0.10497739166021347,0.20617128908634186,0.0199639480561018,14.500123977661133,0.023340368643403053,world,602474153,1785138089,1.6352384090423584,True,True,True,True,2.323801357312841,0.26600875881338204,2.0366007613174655,0.7782312631607056,True,1.0109519958496094,True,2.0219039916992188,True,5,normal,8.626791000366211,0.0,0.0,0.0,0.7941873110285238,-0.07467026074024746,0.6210594763979316,6.763932019999999,11.35114101,5.0,0.0,0.0,0.0,8.0,0.0,-0.013133034110069275,11.988327234983444,-0.2997075319290161,6.76393202,11.35114101,5.0,0.023340368643403053,8.0,minimum_jerk,4
1785138089702517469,6.765676498413086,11.34829193353653,5.037049293518066,-0.13446739315986633,0.15344850718975067,-0.12310483306646347,0.0199639480561018,14.600128173828125,0.037199605256319046,world,702478585,1785138089,1.6352384090423584,True,True,True,True,2.968367561709875,-0.47799015559500024,0.6187032639756804,0.7782312631607056,True,1.0109519958496094,True,2.0219039916992188,True,5,normal,8.626791000366211,0.0,0.0,0.0,0.7941873110285238,-0.07467026074024746,0.6210594763979316,6.763932019999999,11.35114101,5.0,0.0,0.0,0.0,8.0,0.0,-0.013133034110069275,11.988327234983444,-0.2997075319290161,6.76393202,11.35114101,5.0,0.037199605256319046,8.0,minimum_jerk,4
1785138089802520398,6.751990795135498,11.363758325576782,5.011782646179199,-0.13668067753314972,0.15488854050636292,-0.6437118053436279,0.0199639480561018,14.7001314163208,0.02099095657467842,world,802481855,1785138089,1.6352384090423584,True,True,True,True,3.3210655579610533,-0.8892593061754726,5.3916088542209195,0.7782312631607056,True,1.0109519958496094,True,2.0219039916992188,True,5,normal,8.626791000366211,0.0,0.0,0.0,0.7941873110285238,-0.07467026074024746,0.6210594763979316,6.763932019999999,11.35114101,5.0,0.0,0.0,0.0,8.0,0.0,-0.013133034110069275,11.988327234983444,-0.2997075319290161,6.76393202,11.35114101,5.0,0.02099095657467842,8.0,minimum_jerk,4
1785138089902514311,6.7446770668029785,11.372831106185913,4.979038715362549,-0.05992087349295616,0.08486529439687729,-0.30920636653900146,0.0199639480561018,14.800127029418945,0.03578531742095947,world,902476579,1785138089,1.6352384090423584,True,True,True,True,3.320601288005233,-0.913838914890637,7.1082836705683174,0.7782312631607056,True,1.0109519958496094,True,2.0219039916992188,True,5,normal,8.626791000366211,0.0,0.0,0.0,0.7941873110285238,-0.07467026074024746,0.6210594763979316,6.763932019999999,11.35114101,5.0,0.0,0.0,0.0,8.0,0.0,-0.013133034110069275,11.988327234983444,-0.2997075319290161,6.76393202,11.35114101,5.0,0.03578531742095947,8.0,minimum_jerk,4
1785138090002518222,6.752938270568848,11.366121232509613,5.011582374572754,0.07571297138929367,-0.05517220497131348,0.22037026286125183,0.0199639480561018,14.900131225585938,0.02189568430185318,world,2481993,1785138090,1.6352384090423584,True,True,True,True,2.474625891597362,-0.07854232745927078,1.2464654712849388,0.7782312631607056,True,1.0109519958496094,True,2.0219039916992188,True,5,normal,8.626791000366211,0.0,0.0,0.0,0.7941873110285238,-0.07467026074024746,0.6210594763979316,6.763932019999999,11.35114101,5.0,0.0,0.0,0.0,8.0,0.0,-0.013133034110069275,11.988327234983444,-0.2997075319290161,6.76393202,11.35114101,5.0,0.02189568430185318,8.0,minimum_jerk,4
1785138090102551447,6.769285678863525,11.350831687450409,5.044174671173096,0.11291665583848953,-0.10342550277709961,-0.1939079910516739,0.0199639480561018,15.000139236450195,0.044498976320028305,world,102490070,1785138090,1.6352384090423584,True,True,True,True,1.8005878657401087,0.5905530249504602,0.39695250201022514,0.7782312631607056,True,1.0109519958496094,True,2.0219039916992188,True,5,normal,8.626791000366211,0.0,0.0,0.0,0.7941873110285238,-0.07467026074024746,0.6210594763979316,6.763932019999999,11.35114101,5.0,0.0,0.0,0.0,8.0,0.0,-0.013133034110069275,11.988327234983444,-0.2997075319290161,6.76393202,11.35114101,5.0,0.044498976320028305,8.0,minimum_jerk,4
1785138090202537923,6.783952236175537,11.336450457572937,5.0128703117370605,0.10701595991849899,-0.10906470566987991,-0.7053028345108032,0.0199639480561018,15.100139617919922,0.02796902321279049,world,202491304,1785138090,1.6352384090423584,True,True,True,True,1.5197314974879368,0.8931049704838065,5.629836826061395,0.7782312631607056,True,1.0109519958496094,True,2.0219039916992188,True,5,normal,8.626791000366211,0.0,0.0,0.0,0.7941873110285238,-0.07467026074024746,0.6210594763979316,6.763932019999999,11.35114101,5.0,0.0,0.0,0.0,8.0,0.0,-0.013133034110069275,11.988327234983444,-0.2997075319290161,6.76393202,11.35114101,5.0,0.02796902321279049,8.0,minimum_jerk,4
1785138090302533115,6.7931647300720215,11.32674789428711,4.977786540985107,0.012163507752120495,-0.03845034912228584,-0.38282498717308044,0.0199639480561018,15.200141906738281,0.044079624116420746,world,302491887,1785138090,1.6352384090423584,True,True,True,True,1.5372074131533466,0.9189839173436701,7.318725652042753,0.7782312631607056,True,1.0109519958496094,True,2.0219039916992188,True,5,normal,8.626791000366211,0.0,0.0,0.0,0.7941873110285238,-0.07467026074024746,0.6210594763979316,6.763932019999999,11.35114101,5.0,0.0,0.0,0.0,8.0,0.0,-0.013133034110069275,11.988327234983444,-0.2997075319290161,6.76393202,11.35114101,5.0,0.044079624116420746,8.0,minimum_jerk,4
1785138090402541282,6.7863922119140625,11.331652045249939,5.008164405822754,-0.1573600322008133,0.11767074465751648,0.1895255446434021,0.0199639480561018,15.30014419555664,0.030837275087833405,world,402495596,1785138090,1.6352384090423584,True,True,True,True,2.1989744351551104,0.31345621520361894,1.7198900550632652,0.7782312631607056,True,1.0109519958496094,True,2.0219039916992188,True,5,normal,8.626791000366211,0.0,0.0,0.0,0.7941873110285238,-0.07467026074024746,0.6210594763979316,6.763932019999999,11.35114101,5.0,0.0,0.0,0.0,8.0,0.0,-0.013133034110069275,11.988327234983444,-0.2997075319290161,6.76393202,11.35114101,5.0,0.030837275087833405,8.0,minimum_jerk,4
1785138090502545502,6.76753044128418,11.348027348518372,5.040611743927002,-0.2045297920703888,0.16692015528678894,-0.1835329234600067,0.0199639480561018,15.400150299072266,0.040889572352170944,world,502501579,1785138090,1.6352384090423584,True,True,True,True,3.1311341654872553,-0.5352681681426235,0.3196424837258065,0.7782312631607056,True,1.0109519958496094,True,2.0219039916992188,True,5,normal,8.626791000366211,0.0,0.0,0.0,0.7941873110285238,-0.07467026074024746,0.6210594763979316,6.763932019999999,11.35114101,5.0,0.0,0.0,0.0,8.0,0.0,-0.013133034110069275,11.988327234983444,-0.2997075319290161,6.76393202,11.35114101,5.0,0.040889572352170944,8.0,minimum_jerk,4
1785138090602542378,6.748418807983398,11.364848017692566,5.0110931396484375,-0.20082628726959229,0.16715705394744873,-0.6918559670448303,0.0199639480561018,15.500147819519043,0.02348615601658821,world,602497332,1785138090,1.6352384090423584,True,True,True,True,3.517843706770175,-0.8945621134704943,4.937493032096205,0.7782312631607056,True,1.0109519958496094,True,2.0219039916992188,True,5,normal,8.626791000366211,0.0,0.0,0.0,0.7941873110285238,-0.07467026074024746,0.6210594763979316,6.763932019999999,11.35114101,5.0,0.0,0.0,0.0,8.0,0.0,-0.013133034110069275,11.988327234983444,-0.2997075319290161,6.76393202,11.35114101,5.0,0.02348615601658821,8.0,minimum_jerk,4
1785138090702541057,6.736970901489258,11.37547767162323,4.978652000427246,-0.08636366575956345,0.0872504934668541,-0.31188833713531494,0.0199639480561018,15.600156784057617,0.04212970659136772,world,702507563,1785138090,1.6352384090423584,True,True,True,True,3.6101927366568654,-0.999268024948161,6.865541122118026,0.7782312631607056,True,1.0109519958496094,True,2.0219039916992188,True,5,normal,8.626791000366211,0.0,0.0,0.0,0.7941873110285238,-0.07467026074024746,0.6210594763979316,6.763932019999999,11.35114101,5.0,0.0,0.0,0.0,8.0,0.0,-0.013133034110069275,11.988327234983444,-0.2997075319290161,6.76393202,11.35114101,5.0,0.04212970659136772,8.0,minimum_jerk,4
1785138090802552450,6.745743274688721,11.3696910738945,5.010901927947998,0.09762877970933914,-0.06293263286352158,0.20124223828315735,0.0199639480561018,15.70016098022461,0.028174232691526413,world,802511913,1785138090,1.6352384090423584,True,True,True,True,2.5838595478734843,-0.17947987324071776,1.0008906616871769,0.7782312631607056,True,1.0109519958496094,True,2.0219039916992188,True,5,normal,8.626791000366211,0.0,0.0,0.0,0.7941873110285238,-0.07467026074024746,0.6210594763979316,6.763932019999999,11.35114101,5.0,0.0,0.0,0.0,8.0,0.0,-0.013133034110069275,11.988327234983444,-0.2997075319290161,6.76393202,11.35114101,5.0,0.028174232691526413,8.0,minimum_jerk,4
1785138090902562080,6.7658843994140625,11.35436236858368,5.041907787322998,0.1512695550918579,-0.11539556831121445,-0.21122746169567108,0.0199639480561018,15.800155639648438,0.04207673296332359,world,902505613,1785138090,1.6352384090423584,True,True,True,True,1.7107628069398428,0.5175911313669104,0.3438654263519132,0.7782312631607056,True,1.0109519958496094,True,2.0219039916992188,True,5,normal,8.626791000366211,0.0,0.0,0.0,0.7941873110285238,-0.07467026074024746,0.6210594763979316,6.763932019999999,11.35114101,5.0,0.0,0.0,0.0,8.0,0.0,-0.013133034110069275,11.988327234983444,-0.2997075319290161,6.76393202,11.35114101,5.0,0.04207673296332359,8.0,minimum_jerk,4
1785138091002555840,6.784486293792725,11.33945631980896,5.010622024536133,0.14676649868488312,-0.12390492856502533,-0.696915864944458,0.0199639480561018,15.90015697479248,0.025919830426573753,world,2506266,1785138091,1.6352384090423584,True,True,True,True,1.2813097955306358,0.8851512979581486,5.424533836223617,0.7782312631607056,True,1.0109519958496094,True,2.0219039916992188,True,5,normal,8.626791000366211,0.0,0.0,0.0,0.7941873110285238,-0.07467026074024746,0.6210594763979316,6.763932019999999,11.35114101,5.0,0.0,0.0,0.0,8.0,0.0,-0.013133034110069275,11.988327234983444,-0.2997075319290161,6.76393202,11.35114101,5.0,0.025919830426573753,8.0,minimum_jerk,4
1785138091102549177,6.796302795410156,11.326503098011017,4.978182792663574,0.020076945424079895,-0.050530023872852325,-0.3189096450805664,0.0199639480561018,16.000158309936523,0.046161502599716187,world,102507678,1785138091,1.6352384090423584,True,True,True,True,1.3190985448887869,0.9760043969979113,6.707961347494365,0.7782312631607056,True,1.0109519958496094,True,2.0219039916992188,True,5,normal,8.626791000366211,0.0,0.0,0.0,0.7941873110285238,-0.07467026074024746,0.6210594763979316,6.763932019999999,11.35114101,5.0,0.0,0.0,0.0,8.0,0.0,-0.013133034110069275,11.988327234983444,-0.2997075319290161,6.76393202,11.35114101,5.0,0.046161502599716187,8.0,minimum_jerk,4
1785138091202560919,6.787701606750488,11.326915681362152,5.008855819702148,-0.17190442979335785,0.09175952523946762,0.16569940745830536,0.0199639480561018,16.10016632080078,0.03507542237639427,world,202517737,1785138091,1.6352384090423584,True,True,True,True,2.234232041176618,0.5589995360499492,1.0457138551894924,0.7782312631607056,True,1.0109519958496094,True,2.0219039916992188,True,5,normal,8.626791000366211,0.0,0.0,0.0,0.7941873110285238,-0.07467026074024746,0.6210594763979316,6.763932019999999,11.35114101,5.0,0.0,0.0,0.0,8.0,0.0,-0.013133034110069275,11.988327234983444,-0.2997075319290161,6.76393202,11.35114101,5.0,0.03507542237639427,8.0,minimum_jerk,4
1785138091302582068,6.76475715637207,11.339060187339783,5.0390448570251465,-0.23369643092155457,0.14820770919322968,-0.20781971514225006,0.0199639480561018,16.200172424316406,0.04087943211197853,world,302525952,1785138091,1.6352384090423584,True,True,True,True,3.301129404451411,-0.2004317053677518,0.1896752870440015,0.7782312631607056,True,1.0109519958496094,True,2.0219039916992188,True,5,normal,8.626791000366211,0.0,0.0,0.0,0.7941873110285238,-0.07467026074024746,0.6210594763979316,6.763932019999999,11.35114101,5.0,0.0,0.0,0.0,8.0,0.0,-0.013133034110069275,11.988327234983444,-0.2997075319290161,6.76393202,11.35114101,5.0,0.04087943211197853,8.0,minimum_jerk,4
1785138091402560106,6.741609573364258,11.353247165679932,5.009189128875732,-0.23158328235149384,0.1611599326133728,-0.690227210521698,0.0199639480561018,16.300168991088867,0.02423154190182686,world,402518357,1785138091,1.6352384090423584,True,True,True,True,3.862829400010745,-0.6357904839773247,5.262136226666503,0.7782312631607056,True,1.0109519958496094,True,2.0219039916992188,True,5,normal,8.626791000366211,0.0,0.0,0.0,0.7941873110285238,-0.07467026074024746,0.6210594763979316,6.763932019999999,11.35114101,5.0,0.0,0.0,0.0,8.0,0.0,-0.013133034110069275,11.988327234983444,-0.2997075319290161,6.76393202,11.35114101,5.0,0.02423154190182686,8.0,minimum_jerk,4
1785138091502604290,6.727278232574463,11.363251745700836,4.978140354156494,-0.08978379517793655,0.12537428736686707,-0.29503127932548523,0.0199639480561018,16.400188446044922,0.04436230659484863,world,502543053,1785138091,1.6352384090423584,True,True,True,True,3.8650660951663927,-0.7205631633971561,6.4993931327409395,0.7782312631607056,True,1.0109519958496094,True,2.0219039916992188,True,5,normal,8.626791000366211,0.0,0.0,0.0,0.7941873110285238,-0.07467026074024746,0.6210594763979316,6.763932019999999,11.35114101,5.0,0.0,0.0,0.0,8.0,0.0,-0.013133034110069275,11.988327234983444,-0.2997075319290161,6.76393202,11.35114101,5.0,0.04436230659484863,8.0,minimum_jerk,4
1785138091602567549,6.737381935119629,11.360976159572601,5.010763645172119,0.13253828883171082,0.015165871009230614,0.1958584487438202,0.0199639480561018,16.500171661376953,0.03029015101492405,world,602520931,1785138091,1.6352384090423584,True,True,True,True,2.698243411411758,-0.10912748580073028,0.7632502233921645,0.7782312631607056,True,1.0109519958496094,True,2.0219039916992188,True,5,normal,8.626791000366211,0.0,0.0,0.0,0.7941873110285238,-0.07467026074024746,0.6210594763979316,6.763932019999999,11.35114101,5.0,0.0,0.0,0.0,8.0,0.0,-0.013133034110069275,11.988327234983444,-0.2997075319290161,6.76393202,11.35114101,5.0,0.03029015101492405,8.0,minimum_jerk,4
1785138091702564633,6.761782169342041,11.352359116077423,5.0407395362854,0.19966042041778564,-0.03296922892332077,-0.20971308648586273,0.0199639480561018,16.60017204284668,0.04081440344452858,world,702522122,1785138091,1.6352384090423584,True,True,True,True,1.5872553748560039,0.35704846301304993,0.19369571440163869,0.7782312631607056,True,1.0109519958496094,True,2.0219039916992188,True,5,normal,8.626791000366211,0.0,0.0,0.0,0.7941873110285238,-0.07467026074024746,0.6210594763979316,6.763932019999999,11.35114101,5.0,0.0,0.0,0.0,8.0,0.0,-0.013133034110069275,11.988327234983444,-0.2997075319290161,6.76393202,11.35114101,5.0,0.04081440344452858,8.0,minimum_jerk,4
1785138091802583398,6.784999847412109,11.34382826089859,5.009469985961914,0.1968102753162384,-0.04852069914340973,-0.6868515610694885,0.0199639480561018,16.70018196105957,0.02422829531133175,world,802536479,1785138091,1.6352384090423584,True,True,True,True,1.0797656407308103,0.5621455879364748,5.259246031213095,0.7782312631607056,True,1.0109519958496094,True,2.0219039916992188,True,5,normal,8.626791000366211,0.0,0.0,0.0,0.7941873110285238,-0.07467026074024746,0.6210594763979316,6.763932019999999,11.35114101,5.0,0.0,0.0,0.0,8.0,0.0,-0.013133034110069275,11.988327234983444,-0.2997075319290161,6.76393202,11.35114101,5.0,0.02422829531133175,8.0,minimum_jerk,4
1785138091902571676,6.799145698547363,11.33761614561081,4.978608131408691,0.04730810597538948,-0.015751412138342857,-0.2898954451084137,0.0199639480561018,16.800182342529297,0.04336516186594963,world,902532992,1785138091,1.6352384090423584,True,True,True,True,1.1093328205907715,0.5939977796123447,6.383696212099824,0.7782312631607056,True,1.0109519958496094,True,2.0219039916992188,True,5,normal,8.626791000366211,0.0,0.0,0.0,0.7941873110285238,-0.07467026074024746,0.6210594763979316,6.763932019999999,11.35114101,5.0,0.0,0.0,0.0,8.0,0.0,-0.013133034110069275,11.988327234983444,-0.2997075319290161,6.76393202,11.35114101,5.0,0.04336516186594963,8.0,minimum_jerk,4
1785138092002582856,6.78814172744751,11.340467274188995,5.011205673217773,-0.1804320365190506,0.06893544644117355,0.18641115725040436,0.0199639480561018,16.900188446044922,0.028733354061841965,world,2541197,1785138092,1.6352384090423584,True,True,True,True,2.238351069898212,0.22985575425959937,1.0181208389530703,0.7782312631607056,True,1.0109519958496094,True,2.0219039916992188,True,5,normal,8.626791000366211,0.0,0.0,0.0,0.7941873110285238,-0.07467026074024746,0.6210594763979316,6.763932019999999,11.35114101,5.0,0.0,0.0,0.0,8.0,0.0,-0.013133034110069275,11.988327234983444,-0.2997075319290161,6.76393202,11.35114101,5.0,0.028733354061841965,8.0,minimum_jerk,4
1785138092102574287,6.761260032653809,11.35018128156662,5.041196823120117,-0.2495715171098709,0.09946953505277634,-0.21450680494308472,0.0199639480561018,17.000181198120117,0.041294537484645844,world,102530845,1785138092,1.6352384090423584,True,True,True,True,3.535325576406966,-0.2763694290263749,0.016169669644118256,0.7782312631607056,True,1.0109519958496094,True,2.0219039916992188,True,5,normal,8.626791000366211,0.0,0.0,0.0,0.7941873110285238,-0.07467026074024746,0.6210594763979316,6.763932019999999,11.35114101,5.0,0.0,0.0,0.0,8.0,0.0,-0.013133034110069275,11.988327234983444,-0.2997075319290161,6.76393202,11.35114101,5.0,0.041294537484645844,8.0,minimum_jerk,4
1785138092202568413,6.734798431396484,11.360478579998016,5.00955867767334,-0.24499726295471191,0.10362515598535538,-0.6949933171272278,0.0199639480561018,17.100181579589844,0.03205190226435661,world,202531754,1785138092,1.6352384090423584,True,True,True,True,4.131294851742551,-0.5444251588852225,5.242900961568592,0.7782312631607056,True,1.0109519958496094,True,2.0219039916992188,True,5,normal,8.626791000366211,0.0,0.0,0.0,0.7941873110285238,-0.07467026074024746,0.6210594763979316,6.763932019999999,11.35114101,5.0,0.0,0.0,0.0,8.0,0.0,-0.013133034110069275,11.988327234983444,-0.2997075319290161,6.76393202,11.35114101,5.0,0.03205190226435661,8.0,minimum_jerk,4
1785138092302600301,6.718036651611328,11.365716934204102,4.978193283081055,-0.07012136280536652,0.06086939573287964,-0.28201666474342346,0.0199639480561018,17.200193405151367,0.05286185070872307,world,302545768,1785138092,1.6352384090423584,True,True,True,True,4.166319758494767,-0.5516398795340919,6.327111605758715,0.7782312631607056,True,1.0109519958496094,True,2.0219039916992188,True,5,normal,8.626791000366211,0.0,0.0,0.0,0.7941873110285238,-0.07467026074024746,0.6210594763979316,6.763932019999999,11.35114101,5.0,0.0,0.0,0.0,8.0,0.0,-0.013133034110069275,11.988327234983444,-0.2997075319290161,6.76393202,11.35114101,5.0,0.05286185070872307,8.0,minimum_jerk,4
1785138092402581152,6.729800701141357,11.360168397426605,5.011765003204346,0.1921684890985489,-0.027748845517635345,0.20058673620224,0.0199639480561018,17.300189971923828,0.037213653326034546,world,402540986,1785138092,1.6352384090423584,True,True,True,True,2.822586499722129,0.07940628161944205,0.4296437572029361,0.7782312631607056,True,1.0109519958496094,True,2.0219039916992188,True,5,normal,8.626791000366211,0.0,0.0,0.0,0.7941873110285238,-0.07467026074024746,0.6210594763979316,6.763932019999999,11.35114101,5.0,0.0,0.0,0.0,8.0,0.0,-0.013133034110069275,11.988327234983444,-0.2997075319290161,6.76393202,11.35114101,5.0,0.037213653326034546,8.0,minimum_jerk,4
1785138092502604504,6.756704330444336,11.350514769554138,5.04117488861084,0.26654496788978577,-0.05887895077466965,-0.1767118126153946,0.0199639480561018,17.40020179748535,0.04180912673473358,world,502552505,1785138092,1.6352384090423584,True,True,True,True,1.480744462740202,0.49015030122124625,-0.01678198268971376,0.7782312631607056,True,1.0109519958496094,True,2.0219039916992188,True,5,normal,8.626791000366211,0.0,0.0,0.0,0.7941873110285238,-0.07467026074024746,0.6210594763979316,6.763932019999999,11.35114101,5.0,0.0,0.0,0.0,8.0,0.0,-0.013133034110069275,11.988327234983444,-0.2997075319290161,6.76393202,11.35114101,5.0,0.04180912673473358,8.0,minimum_jerk,4
1785138092602578752,6.7875285148620605,11.340209782123566,5.008188724517822,0.26475051045417786,-0.06302773952484131,-0.6941471099853516,0.0199639480561018,17.500192642211914,0.027264289557933807,world,602543285,1785138092,1.6352384090423584,True,True,True,True,0.8178464274487038,0.675441449352423,5.189620395552689,0.7782312631607056,True,1.0109519958496094,True,2.0219039916992188,True,5,normal,8.626791000366211,0.0,0.0,0.0,0.7941873110285238,-0.07467026074024746,0.6210594763979316,6.763932019999999,11.35114101,5.0,0.0,0.0,0.0,8.0,0.0,-0.013133034110069275,11.988327234983444,-0.2997075319290161,6.76393202,11.35114101,5.0,0.027264289557933807,8.0,minimum_jerk,4
1785138092702600040,6.809415817260742,11.334283590316772,4.980940341949463,0.08845307677984238,-0.0021199092734605074,-0.2631365954875946,0.0199639480561018,17.60019874572754,0.05211735889315605,world,702553923,1785138092,1.6352384090423584,True,True,True,True,0.7371215453899169,0.6531926589565389,5.883027195147343,0.7782312631607056,True,1.0109519958496094,True,2.0219039916992188,True,5,normal,8.626791000366211,0.0,0.0,0.0,0.7941873110285238,-0.07467026074024746,0.6210594763979316,6.763932019999999,11.35114101,5.0,0.0,0.0,0.0,8.0,0.0,-0.013133034110069275,11.988327234983444,-0.2997075319290161,6.76393202,11.35114101,5.0,0.05211735889315605,8.0,minimum_jerk,4
1785138092802592844,6.804418563842773,11.338744044303894,5.016510963439941,-0.1813144087791443,0.09338458627462387,0.18971896171569824,0.0199639480561018,17.700199127197266,0.045447297394275665,world,802549572,1785138092,1.6352384090423584,True,True,True,True,1.7544052047585104,0.18438381816740756,0.04518147203345957,0.7782312631607056,True,1.0109519958496094,True,2.0219039916992188,True,5,normal,8.626791000366211,0.0,0.0,0.0,0.7941873110285238,-0.07467026074024746,0.6210594763979316,6.763932019999999,11.35114101,5.0,0.0,0.0,0.0,8.0,0.0,-0.013133034110069275,11.988327234983444,-0.2997075319290161,6.76393202,11.35114101,5.0,0.045447297394275665,8.0,minimum_jerk,4
1785138092902600756,6.779760837554932,11.35044926404953,5.045649528503418,-0.266785204410553,0.12031342089176178,-0.2488096058368683,0.0199639480561018,17.80020523071289,0.04832090064883232,world,902555140,1785138092,1.6352384090423584,True,True,True,True,3.1265515821583785,-0.3525662222179995,-0.24842018597924165,0.7782312631607056,True,1.0109519958496094,True,2.0219039916992188,True,5,normal,8.626791000366211,0.0,0.0,0.0,0.7941873110285238,-0.07467026074024746,0.6210594763979316,6.763932019999999,11.35114101,5.0,0.0,0.0,0.0,8.0,0.0,-0.013133034110069275,11.988327234983444,-0.2997075319290161,6.76393202,11.35114101,5.0,0.04832090064883232,8.0,minimum_jerk,4
1785138093002615502,6.7533979415893555,11.362309336662292,5.0116868019104,-0.2799302339553833,0.12068472802639008,-0.7174414396286011,0.0199639480561018,17.900211334228516,0.019294550642371178,world,2562621,1785138093,1.6352384090423584,True,True,True,True,3.833758550960725,-0.6386079915857115,5.02781106760433,0.7782312631607056,True,1.0109519958496094,True,2.0219039916992188,True,5,normal,8.626791000366211,0.0,0.0,0.0,0.7941873110285238,-0.07467026074024746,0.6210594763979316,6.763932019999999,11.35114101,5.0,0.0,0.0,0.0,8.0,0.0,-0.013133034110069275,11.988327234983444,-0.2997075319290161,6.76393202,11.35114101,5.0,0.019294550642371178,8.0,minimum_jerk,4
1785138093102615397,6.735531806945801,11.369212627410889,4.983598232269287,-0.15501460433006287,0.05936124175786972,-0.26316890120506287,0.0199639480561018,18.00020980834961,0.03744560480117798,world,102559350,1785138093,1.6352384090423584,True,True,True,True,3.9336756188793887,-0.6478857200053396,5.742151933709,0.7782312631607056,True,1.0109519958496094,True,2.0219039916992188,True,5,normal,8.626791000366211,0.0,0.0,0.0,0.7941873110285238,-0.07467026074024746,0.6210594763979316,6.763932019999999,11.35114101,5.0,0.0,0.0,0.0,8.0,0.0,-0.013133034110069275,11.988327234983444,-0.2997075319290161,6.76393202,11.35114101,5.0,0.03744560480117798,8.0,minimum_jerk,4
1785138093202630200,6.743634223937988,11.364239871501923,5.021636009216309,0.07642608135938644,-0.04248841851949692,0.19016298651695251,0.0199639480561018,18.100217819213867,0.03242988884449005,world,202569665,1785138093,1.6352384090423584,True,True,True,True,2.676178867043509,-0.025832050187201264,-0.4592087058776779,0.7782312631607056,True,1.0109519958496094,True,2.0219039916992188,True,5,normal,8.626791000366211,0.0,0.0,0.0,0.7941873110285238,-0.07467026074024746,0.6210594763979316,6.763932019999999,11.35114101,5.0,0.0,0.0,0.0,8.0,0.0,-0.013133034110069275,11.988327234983444,-0.2997075319290161,6.76393202,11.35114101,5.0,0.03242988884449005,8.0,minimum_jerk,4
1785138093302605408,6.7634782791137695,11.354256808757782,5.049382209777832,0.14263246953487396,-0.07345104217529297,-0.24885091185569763,0.0199639480561018,18.20021629333496,0.04948249086737633,world,302567255,1785138093,1.6352384090423584,True,True,True,True,1.594976078084326,0.45262663798955405,-0.5604685702644239,0.7782312631607056,True,1.0109519958496094,True,2.0219039916992188,True,5,normal,8.626791000366211,0.0,0.0,0.0,0.7941873110285238,-0.07467026074024746,0.6210594763979316,6.763932019999999,11.35114101,5.0,0.0,0.0,0.0,8.0,0.0,-0.013133034110069275,11.988327234983444,-0.2997075319290161,6.76393202,11.35114101,5.0,0.04948249086737633,8.0,minimum_jerk,4
1785138093402610342,6.785587787628174,11.343187153339386,5.010813236236572,0.15368413925170898,-0.08035817742347717,-0.7749586701393127,0.0199639480561018,18.300214767456055,0.025478661060333252,world,402563273,1785138093,1.6352384090423584,True,True,True,True,1.220676819988881,0.6253130959440961,4.6003715290806255,0.7782312631607056,True,1.0109519958496094,True,2.0219039916992188,True,5,normal,8.626791000366211,0.0,0.0,0.0,0.7941873110285238,-0.07467026074024746,0.6210594763979316,6.763932019999999,11.35114101,5.0,0.0,0.0,0.0,8.0,0.0,-0.013133034110069275,11.988327234983444,-0.2997075319290161,6.76393202,11.35114101,5.0,0.025478661060333252,8.0,minimum_jerk,4
1785138093502630987,6.799256801605225,11.335609197616577,4.980625629425049,0.030366744846105576,-0.024463927373290062,-0.2990758419036865,0.0199639480561018,18.400226593017578,0.04317920282483101,world,502577776,1785138093,1.6352384090423584,True,True,True,True,1.14939790611463,0.6772487106008629,5.817320295495752,0.7782312631607056,True,1.0109519958496094,True,2.0219039916992188,True,5,normal,8.626791000366211,0.0,0.0,0.0,0.7941873110285238,-0.07467026074024746,0.6210594763979316,6.763932019999999,11.35114101,5.0,0.0,0.0,0.0,8.0,0.0,-0.013133034110069275,11.988327234983444,-0.2997075319290161,6.76393202,11.35114101,5.0,0.04317920282483101,8.0,minimum_jerk,4
1785138093602613078,6.790666103363037,11.338168740272522,5.018077373504639,-0.1803470402956009,0.07454326003789902,0.19100427627563477,0.0199639480561018,18.50022315979004,0.03478192538022995,world,602574495,1785138093,1.6352384090423584,True,True,True,True,2.122926711453492,0.2789633988529325,-0.4903059298086794,0.7782312631607056,True,1.0109519958496094,True,2.0219039916992188,True,5,normal,8.626791000366211,0.0,0.0,0.0,0.7941873110285238,-0.07467026074024746,0.6210594763979316,6.763932019999999,11.35114101,5.0,0.0,0.0,0.0,8.0,0.0,-0.013133034110069275,11.988327234983444,-0.2997075319290161,6.76393202,11.35114101,5.0,0.03478192538022995,8.0,minimum_jerk,4
1785138093702615137,6.76685094833374,11.348086059093475,5.048264026641846,-0.23798255622386932,0.10315752029418945,-0.2869265377521515,0.0199639480561018,18.600223541259766,0.04844862222671509,world,702575061,1785138093,1.6352384090423584,True,True,True,True,3.2293715699611667,-0.23620126013660578,-0.7257857312533642,0.7782312631607056,True,1.0109519958496094,True,2.0219039916992188,True,5,normal,8.626791000366211,0.0,0.0,0.0,0.7941873110285238,-0.07467026074024746,0.6210594763979316,6.763932019999999,11.35114101,5.0,0.0,0.0,0.0,8.0,0.0,-0.013133034110069275,11.988327234983444,-0.2997075319290161,6.76393202,11.35114101,5.0,0.04844862222671509,8.0,minimum_jerk,4
1785138093802609542,6.74292516708374,11.358357608318329,5.011539459228516,-0.2406446784734726,0.10535445809364319,-0.7663429975509644,0.0199639480561018,18.700225830078125,0.025030506774783134,world,802574856,1785138093,1.6352384090423584,True,True,True,True,3.850743905422944,-0.5222271873557335,4.8604031367358775,0.7782312631607056,True,1.0109519958496094,True,2.0219039916992188,True,5,normal,8.626791000366211,0.0,0.0,0.0,0.7941873110285238,-0.07467026074024746,0.6210594763979316,6.763932019999999,11.35114101,5.0,0.0,0.0,0.0,8.0,0.0,-0.013133034110069275,11.988327234983444,-0.2997075319290161,6.76393202,11.35114101,5.0,0.025030506774783134,8.0,minimum_jerk,4
1785138093902634785,6.725649356842041,11.365659415721893,4.9809465408325195,-0.09813972562551498,0.06245775893330574,-0.29874250292778015,0.0199639480561018,18.80023193359375,0.04515950381755829,world,902584589,1785138093,1.6352384090423584,True,True,True,True,3.9432573933257835,-0.5671732272257051,5.808178940295479,0.7782312631607056,True,1.0109519958496094,True,2.0219039916992188,True,5,normal,8.626791000366211,0.0,0.0,0.0,0.7941873110285238,-0.07467026074024746,0.6210594763979316,6.763932019999999,11.35114101,5.0,0.0,0.0,0.0,8.0,0.0,-0.013133034110069275,11.988327234983444,-0.2997075319290161,6.76393202,11.35114101,5.0,0.04515950381755829,8.0,minimum_jerk,4
1785138094002629440,6.731997013092041,11.363674283027649,5.017594814300537,0.12918080389499664,-0.0247759111225605,0.18578676879405975,0.0199639480561018,18.900236129760742,0.038555219769477844,world,2587209,1785138094,1.6352384090423584,True,True,True,True,2.930181233460273,-0.14206223918553068,-0.6038941689946316,0.7782312631607056,True,1.0109519958496094,True,2.0219039916992188,True,5,normal,8.626791000366211,0.0,0.0,0.0,0.7941873110285238,-0.07467026074024746,0.6210594763979316,6.763932019999999,11.35114101,5.0,0.0,0.0,0.0,8.0,0.0,-0.013133034110069275,11.988327234983444,-0.2997075319290161,6.76393202,11.35114101,5.0,0.038555219769477844,8.0,minimum_jerk,4
1785138094102627449,6.753341197967529,11.356209754943848,5.047101974487305,0.1949227750301361,-0.056800756603479385,-0.280825674533844,0.0199639480561018,19.000232696533203,0.04854331910610199,world,102583365,1785138094,1.6352384090423584,True,True,True,True,1.8045697363662072,0.2610739302624525,-0.9981791336020766,0.7782312631607056,True,1.0109519958496094,True,2.0219039916992188,True,5,normal,8.626791000366211,0.0,0.0,0.0,0.7941873110285238,-0.07467026074024746,0.6210594763979316,6.763932019999999,11.35114101,5.0,0.0,0.0,0.0,8.0,0.0,-0.013133034110069275,11.988327234983444,-0.2997075319290161,6.76393202,11.35114101,5.0,0.04854331910610199,8.0,minimum_jerk,4
1785138094202620669,6.774622917175293,11.34859025478363,5.011019706726074,0.20150744915008545,-0.06663823127746582,-0.7587472200393677,0.0199639480561018,19.10023307800293,0.015563919208943844,world,202583188,1785138094,1.6352384090423584,True,True,True,True,1.3059372967726381,0.44300973439188795,4.675324281361788,0.7782312631607056,True,1.0109519958496094,True,2.0219039916992188,True,5,normal,8.626791000366211,0.0,0.0,0.0,0.7941873110285238,-0.07467026074024746,0.6210594763979316,6.763932019999999,11.35114101,5.0,0.0,0.0,0.0,8.0,0.0,-0.013133034110069275,11.988327234983444,-0.2997075319290161,6.76393202,11.35114101,5.0,0.015563919208943844,8.0,minimum_jerk,4
1785138094302619560,6.79127836227417,11.342185497283936,4.98105001449585,0.08473624289035797,-0.03763969615101814,-0.2840617597103119,0.0199639480561018,19.200237274169922,0.03445468842983246,world,302588842,1785138094,1.6352384090423584,True,True,True,True,1.2157343475354838,0.49577135011953904,5.388315870958775,0.7782312631607056,True,1.0109519958496094,True,2.0219039916992188,True,5,normal,8.626791000366211,0.0,0.0,0.0,0.7941873110285238,-0.07467026074024746,0.6210594763979316,6.763932019999999,11.35114101,5.0,0.0,0.0,0.0,8.0,0.0,-0.013133034110069275,11.988327234983444,-0.2997075319290161,6.76393202,11.35114101,5.0,0.03445468842983246,8.0,minimum_jerk,4
1785138094402629812,6.787447929382324,11.342590570449829,5.017675399780273,-0.1157199963927269,0.029676135629415512,0.18654680252075195,0.0199639480561018,19.30023765563965,0.030635399743914604,world,402587873,1785138094,1.6352384090423584,True,True,True,True,2.013458212024924,0.24892325731127102,-0.7663602416274722,0.7782312631607056,True,1.0109519958496094,True,2.0219039916992188,True,5,normal,8.626791000366211,0.0,0.0,0.0,0.7941873110285238,-0.07467026074024746,0.6210594763979316,6.763932019999999,11.35114101,5.0,0.0,0.0,0.0,8.0,0.0,-0.013133034110069275,11.988327234983444,-0.2997075319290161,6.76393202,11.35114101,5.0,0.030635399743914604,8.0,minimum_jerk,4
1785138094502626359,6.769737720489502,11.34788990020752,5.04522180557251,-0.17672835290431976,0.051735542714595795,-0.2920994162559509,0.0199639480561018,19.40024185180664,0.04570872709155083,world,502592314,1785138094,1.6352384090423584,True,True,True,True,3.013831628844723,-0.08647157179826911,-0.8417024956947367,0.7782312631607056,True,1.0109519958496094,True,2.0219039916992188,True,5,normal,8.626791000366211,0.0,0.0,0.0,0.7941873110285238,-0.07467026074024746,0.6210594763979316,6.763932019999999,11.35114101,5.0,0.0,0.0,0.0,8.0,0.0,-0.013133034110069275,11.988327234983444,-0.2997075319290161,6.76393202,11.35114101,5.0,0.04570872709155083,8.0,minimum_jerk,4
1785138094602624128,6.75105619430542,11.353793799877167,5.007781505584717,-0.18774884939193726,0.05907589569687843,-0.7501729726791382,0.0199639480561018,19.5002384185791,0.015276649035513401,world,602589001,1785138094,1.6352384090423584,True,True,True,True,3.432198247589498,-0.23122383730219934,4.231366776053153,0.7782312631607056,True,1.0109519958496094,True,2.0219039916992188,True,5,normal,8.626791000366211,0.0,0.0,0.0,0.7941873110285238,-0.07467026074024746,0.6210594763979316,6.763932019999999,11.35114101,5.0,0.0,0.0,0.0,8.0,0.0,-0.013133034110069275,11.988327234983444,-0.2997075319290161,6.76393202,11.35114101,5.0,0.015276649035513401,8.0,minimum_jerk,4
1785138094702651352,6.737326622009277,11.357103288173676,4.979072093963623,-0.09149596095085144,0.045073870569467545,-0.253217875957489,0.0199639480561018,19.600255966186523,0.034371111541986465,world,702609423,1785138094,1.6352384090423584,True,True,True,True,3.6187938406213638,-0.2838762461797511,5.323339060725042,0.7782312631607056,True,1.0109519958496094,True,2.0219039916992188,True,5,normal,8.626791000366211,0.0,0.0,0.0,0.7941873110285238,-0.07467026074024746,0.6210594763979316,6.763932019999999,11.35114101,5.0,0.0,0.0,0.0,8.0,0.0,-0.013133034110069275,11.988327234983444,-0.2997075319290161,6.76393202,11.35114101,5.0,0.034371111541986465,8.0,minimum_jerk,4
1785138094802639463,6.742467403411865,11.354304790496826,5.02190637588501,0.0855700820684433,-0.0033718503545969725,0.23489971458911896,0.0199639480561018,19.700244903564453,0.030832264572381973,world,802595199,1785138094,1.6352384090423584,True,True,True,True,2.787928794186958,0.08417886208549666,-1.4850024280579317,0.7782312631607056,True,1.0109519958496094,True,2.0219039916992188,True,5,normal,8.626791000366211,0.0,0.0,0.0,0.7941873110285238,-0.07467026074024746,0.6210594763979316,6.763932019999999,11.35114101,5.0,0.0,0.0,0.0,8.0,0.0,-0.013133034110069275,11.988327234983444,-0.2997075319290161,6.76393202,11.35114101,5.0,0.030832264572381973,8.0,minimum_jerk,4
1785138094902646419,6.758336544036865,11.349110841751099,5.051994323730469,0.12971366941928864,-0.02041735127568245,-0.3103024661540985,0.0199639480561018,19.800254821777344,0.052333932369947433,world,902605932,1785138094,1.6352384090423584,True,True,True,True,1.9721577117082396,0.2881851673361435,-1.3225016471273858,0.7782312631607056,True,1.0109519958496094,True,2.0219039916992188,True,5,normal,8.626791000366211,0.0,0.0,0.0,0.7941873110285238,-0.07467026074024746,0.6210594763979316,6.763932019999999,11.35114101,5.0,0.0,0.0,0.0,8.0,0.0,-0.013133034110069275,11.988327234983444,-0.2997075319290161,6.76393202,11.35114101,5.0,0.052333932369947433,8.0,minimum_jerk,4
1785138095002655228,6.773580551147461,11.344527065753937,5.011130332946777,0.1375402808189392,-0.02547883614897728,-0.810249924659729,0.0199639480561018,19.900259017944336,0.016146911308169365,world,2611666,1785138095,1.6352384090423584,True,True,True,True,1.6066272814410398,0.37698433393551045,4.667580679048217,0.7782312631607056,True,1.0109519958496094,True,2.0219039916992188,True,5,normal,8.626791000366211,0.0,0.0,0.0,0.7941873110285238,-0.07467026074024746,0.6210594763979316,6.763932019999999,11.35114101,5.0,0.0,0.0,0.0,8.0,0.0,-0.013133034110069275,11.988327234983444,-0.2997075319290161,6.76393202,11.35114101,5.0,0.016146911308169365,8.0,minimum_jerk,4
1785138095102651512,6.785655975341797,11.340981483459473,4.979464530944824,0.057849984616041183,0.0007482298533432186,-0.3059757351875305,0.0199639480561018,20.000255584716797,0.03157295659184456,world,102605485,1785138095,1.6352384090423584,True,True,True,True,1.558113305043939,0.38435336284732663,5.260712907784052,0.7782312631607056,True,1.0109519958496094,True,2.0219039916992188,True,5,normal,8.626791000366211,0.0,0.0,0.0,0.7941873110285238,-0.07467026074024746,0.6210594763979316,6.763932019999999,11.35114101,5.0,0.0,0.0,0.0,8.0,0.0,-0.013133034110069275,11.988327234983444,-0.2997075319290161,6.76393202,11.35114101,5.0,0.03157295659184456,8.0,minimum_jerk,4
1785138095202648397,6.782498359680176,11.342590034008026,5.020007610321045,-0.09242099523544312,0.05143347010016441,0.193013533949852,0.0199639480561018,20.100261688232422,0.028603017330169678,world,202611748,1785138095,1.6352384090423584,True,True,True,True,2.0964530597153996,0.21260668565960805,-0.909318990000983,0.7782312631607056,True,1.0109519958496094,True,2.0219039916992188,True,5,normal,8.626791000366211,0.0,0.0,0.0,0.7941873110285238,-0.07467026074024746,0.6210594763979316,6.763932019999999,11.35114101,5.0,0.0,0.0,0.0,8.0,0.0,-0.013133034110069275,11.988327234983444,-0.2997075319290161,6.76393202,11.35114101,5.0,0.028603017330169678,8.0,minimum_jerk,4
1785138095302660571,6.768828392028809,11.348177969455719,5.050251483917236,-0.13657690584659576,0.06422356516122818,-0.3117079734802246,0.0199639480561018,20.20026397705078,0.050576336681842804,world,302616467,1785138095,1.6352384090423584,True,True,True,True,2.896050315404792,-0.08859722793233069,-1.5545865863618284,0.7782312631607056,True,1.0109519958496094,True,2.0219039916992188,True,5,normal,8.626791000366211,0.0,0.0,0.0,0.7941873110285238,-0.07467026074024746,0.6210594763979316,6.763932019999999,11.35114101,5.0,0.0,0.0,0.0,8.0,0.0,-0.013133034110069275,11.988327234983444,-0.2997075319290161,6.76393202,11.35114101,5.0,0.050576336681842804,8.0,minimum_jerk,4
1785138095402645393,6.75458288192749,11.35388958454132,5.010495662689209,-0.14509232342243195,0.06393992900848389,-0.817955732345581,0.0199639480561018,20.300260543823242,0.01432200986891985,world,402611719,1785138095,1.6352384090423584,True,True,True,True,3.258551470755936,-0.22875027418655272,4.440486918294287,0.7782312631607056,True,1.0109519958496094,True,2.0219039916992188,True,5,normal,8.626791000366211,0.0,0.0,0.0,0.7941873110285238,-0.07467026074024746,0.6210594763979316,6.763932019999999,11.35114101,5.0,0.0,0.0,0.0,8.0,0.0,-0.013133034110069275,11.988327234983444,-0.2997075319290161,6.76393202,11.35114101,5.0,0.01432200986891985,8.0,minimum_jerk,4
1785138095502659270,6.744410037994385,11.358106195926666,4.9772725105285645,-0.07014713436365128,0.0417330265045166,-0.30048704147338867,0.0199639480561018,20.4002685546875,0.030759720131754875,world,502619805,1785138095,1.6352384090423584,True,True,True,True,3.3192726483252173,-0.2538950595510106,5.2342864615855165,0.7782312631607056,True,1.0109519958496094,True,2.0219039916992188,True,5,normal,8.626791000366211,0.0,0.0,0.0,0.7941873110285238,-0.07467026074024746,0.6210594763979316,6.763932019999999,11.35114101,5.0,0.0,0.0,0.0,8.0,0.0,-0.013133034110069275,11.988327234983444,-0.2997075319290161,6.76393202,11.35114101,5.0,0.030759720131754875,8.0,minimum_jerk,4
1785138095602646277,6.749239444732666,11.35723727941513,5.018218517303467,0.06944245845079422,-0.005502990912646055,0.2252299040555954,0.0199639480561018,20.50026512145996,0.024185752496123314,world,602613344,1785138095,1.6352384090423584,True,True,True,True,2.652261991681815,-0.031755576708965214,-1.5886445874263395,0.7782312631607056,True,1.0109519958496094,True,2.0219039916992188,True,5,normal,8.626791000366211,0.0,0.0,0.0,0.7941873110285238,-0.07467026074024746,0.6210594763979316,6.763932019999999,11.35114101,5.0,0.0,0.0,0.0,8.0,0.0,-0.013133034110069275,11.988327234983444,-0.2997075319290161,6.76393202,11.35114101,5.0,0.024185752496123314,8.0,minimum_jerk,4
1785138095702681524,6.762495994567871,11.353641390800476,5.050166130065918,0.10405554622411728,-0.02287851832807064,-0.2919764816761017,0.0199639480561018,20.60027503967285,0.05024892836809158,world,702627331,1785138095,1.6352384090423584,True,True,True,True,1.9955164839136352,0.1689531229708255,-1.8933098671706807,0.7782312631607056,True,1.0109519958496094,True,2.0219039916992188,True,5,normal,8.626791000366211,0.0,0.0,0.0,0.7941873110285238,-0.07467026074024746,0.6210594763979316,6.763932019999999,11.35114101,5.0,0.0,0.0,0.0,8.0,0.0,-0.013133034110069275,11.988327234983444,-0.2997075319290161,6.76393202,11.35114101,5.0,0.05024892836809158,8.0,minimum_jerk,4
1785138095802670113,6.774949550628662,11.349923729896545,5.0110087394714355,0.10655888170003891,-0.030358504503965378,-0.8249155282974243,0.0199639480561018,20.700273513793945,0.015622423030436039,world,802623224,1785138095,1.6352384090423584,True,True,True,True,1.707286160998673,0.2646835121607993,4.197597595567306,0.7782312631607056,True,1.0109519958496094,True,2.0219039916992188,True,5,normal,8.626791000366211,0.0,0.0,0.0,0.7941873110285238,-0.07467026074024746,0.6210594763979316,6.763932019999999,11.35114101,5.0,0.0,0.0,0.0,8.0,0.0,-0.013133034110069275,11.988327234983444,-0.2997075319290161,6.76393202,11.35114101,5.0,0.015622423030436039,8.0,minimum_jerk,4
1785138095902671687,6.782364845275879,11.347060024738312,4.976111888885498,0.03066665306687355,-0.014942995272576809,-0.318922758102417,0.0199639480561018,20.80027198791504,0.03044774755835533,world,902620961,1785138095,1.6352384090423584,True,True,True,True,1.7342607135945913,0.2842186496693289,5.220638382335638,0.7782312631607056,True,1.0109519958496094,True,2.0219039916992188,True,5,normal,8.626791000366211,0.0,0.0,0.0,0.7941873110285238,-0.07467026074024746,0.6210594763979316,6.763932019999999,11.35114101,5.0,0.0,0.0,0.0,8.0,0.0,-0.013133034110069275,11.988327234983444,-0.2997075319290161,6.76393202,11.35114101,5.0,0.03044774755835533,8.0,minimum_jerk,4
1785138096002687659,6.775416851043701,11.348142266273499,5.015470504760742,-0.10079163312911987,0.023465745151042938,0.2335495501756668,0.0199639480561018,20.90028190612793,0.01949949562549591,world,2634007,1785138096,1.6352384090423584,True,True,True,True,2.436224070089888,0.11888490961779974,-1.541066190552733,0.7782312631607056,True,1.0109519958496094,True,2.0219039916992188,True,5,normal,8.626791000366211,0.0,0.0,0.0,0.7941873110285238,-0.07467026074024746,0.6210594763979316,6.763932019999999,11.35114101,5.0,0.0,0.0,0.0,8.0,0.0,-0.013133034110069275,11.988327234983444,-0.2997075319290161,6.76393202,11.35114101,5.0,0.01949949562549591,8.0,minimum_jerk,4
1785138096102667499,6.759753227233887,11.351971626281738,5.050349712371826,-0.1346266269683838,0.03308885917067528,-0.2518618106842041,0.0199639480561018,21.000276565551758,0.05052965134382248,world,102626902,1785138096,1.6352384090423584,True,True,True,True,3.1343972949151144,-0.08573826153251765,-2.2678378892124815,0.7782312631607056,True,1.0109519958496094,True,2.0219039916992188,True,5,normal,8.626791000366211,0.0,0.0,0.0,0.7941873110285238,-0.07467026074024746,0.6210594763979316,6.763932019999999,11.35114101,5.0,0.0,0.0,0.0,8.0,0.0,-0.013133034110069275,11.988327234983444,-0.2997075319290161,6.76393202,11.35114101,5.0,0.05052965134382248,8.0,minimum_jerk,4
1785138096202664101,6.744904518127441,11.355763792991638,5.0139570236206055,-0.13132894039154053,0.03311368077993393,-0.8117694854736328,0.0199639480561018,21.10028076171875,0.024046089500188828,world,202629966,1785138096,1.6352384090423584,True,True,True,True,3.4532145287137324,-0.17846117466571434,3.782958199774823,0.7782312631607056,True,1.0109519958496094,True,2.0219039916992188,True,5,normal,8.626791000366211,0.0,0.0,0.0,0.7941873110285238,-0.07467026074024746,0.6210594763979316,6.763932019999999,11.35114101,5.0,0.0,0.0,0.0,8.0,0.0,-0.013133034110069275,11.988327234983444,-0.2997075319290161,6.76393202,11.35114101,5.0,0.024046089500188828,8.0,minimum_jerk,4
1785138096302697183,6.736479759216309,11.357344806194305,4.974441051483154,-0.02774112857878208,0.016965029761195183,-0.3889424800872803,0.0199639480561018,21.200294494628906,0.03801807016134262,world,302647348,1785138096,1.6352384090423584,True,True,True,True,3.4199534930194453,-0.1633111069032001,5.349629816949058,0.7782312631607056,True,1.0109519958496094,True,2.0219039916992188,True,5,normal,8.626791000366211,0.0,0.0,0.0,0.7941873110285238,-0.07467026074024746,0.6210594763979316,6.763932019999999,11.35114101,5.0,0.0,0.0,0.0,8.0,0.0,-0.013133034110069275,11.988327234983444,-0.2997075319290161,6.76393202,11.35114101,5.0,0.03801807016134262,8.0,minimum_jerk,4
1785138096402673596,6.745849609375,11.354621171951294,5.007752895355225,0.13840006291866302,-0.018355315551161766,0.1933448314666748,0.0199639480561018,21.300283432006836,0.019979802891612053,world,402633611,1785138096,1.6352384090423584,True,True,True,True,2.6079638709373008,0.08399951277742493,-0.5440916618055929,0.7782312631607056,True,1.0109519958496094,True,2.0219039916992188,True,5,normal,8.626791000366211,0.0,0.0,0.0,0.7941873110285238,-0.07467026074024746,0.6210594763979316,6.763932019999999,11.35114101,5.0,0.0,0.0,0.0,8.0,0.0,-0.013133034110069275,11.988327234983444,-0.2997075319290161,6.76393202,11.35114101,5.0,0.019979802891612053,8.0,minimum_jerk,4
1785138096502689115,6.7663140296936035,11.349761843681335,5.043264389038086,0.18260450661182404,-0.032392796128988266,-0.20155911147594452,0.0199639480561018,21.40028953552246,0.043351855129003525,world,502640602,1785138096,1.6352384090423584,True,True,True,True,1.6700618135495713,0.2756305869477622,-2.114112173099396,0.7782312631607056,True,1.0109519958496094,True,2.0219039916992188,True,5,normal,8.626791000366211,0.0,0.0,0.0,0.7941873110285238,-0.07467026074024746,0.6210594763979316,6.763932019999999,11.35114101,5.0,0.0,0.0,0.0,8.0,0.0,-0.013133034110069275,11.988327234983444,-0.2997075319290161,6.76393202,11.35114101,5.0,0.043351855129003525,8.0,minimum_jerk,4
1785138096602684735,6.785406112670898,11.345245659351349,5.012197017669678,0.17344531416893005,-0.03360568359494209,-0.7524616718292236,0.0199639480561018,21.500289916992188,0.0253901369869709,world,602638297,1785138096,1.6352384090423584,True,True,True,True,1.3444232334054438,0.34725570871863665,2.803633237464707,0.7782312631607056,True,1.0109519958496094,True,2.0219039916992188,True,5,normal,8.626791000366211,0.0,0.0,0.0,0.7941873110285238,-0.07467026074024746,0.6210594763979316,6.763932019999999,11.35114101,5.0,0.0,0.0,0.0,8.0,0.0,-0.013133034110069275,11.988327234983444,-0.2997075319290161,6.76393202,11.35114101,5.0,0.0253901369869709,8.0,minimum_jerk,4
1785138096702671769,6.79788875579834,11.342389345169067,4.975742816925049,0.04382834956049919,-0.0034731405321508646,-0.38161808252334595,0.0199639480561018,21.60028839111328,0.04263874515891075,world,702638055,1785138096,1.6352384090423584,True,True,True,True,1.266556358326564,0.36434503220438924,5.0685350523837105,0.7782312631607056,True,1.0109519958496094,True,2.0219039916992188,True,5,normal,8.626791000366211,0.0,0.0,0.0,0.7941873110285238,-0.07467026074024746,0.6210594763979316,6.763932019999999,11.35114101,5.0,0.0,0.0,0.0,8.0,0.0,-0.013133034110069275,11.988327234983444,-0.2997075319290161,6.76393202,11.35114101,5.0,0.04263874515891075,8.0,minimum_jerk,4
1785138096802696485,6.789680480957031,11.34473204612732,5.00715446472168,-0.15724535286426544,0.04631099849939346,0.1735929250717163,0.0199639480561018,21.700300216674805,0.02748171053826809,world,802651439,1785138096,1.6352384090423584,True,True,True,True,2.1902250446493645,0.1298842241462236,-1.0037681125071698,0.7782312631607056,True,1.0109519958496094,True,2.0219039916992188,True,5,normal,8.626791000366211,0.0,0.0,0.0,0.7941873110285238,-0.07467026074024746,0.6210594763979316,6.763932019999999,11.35114101,5.0,0.0,0.0,0.0,8.0,0.0,-0.013133034110069275,11.988327234983444,-0.2997075319290161,6.76393202,11.35114101,5.0,0.02748171053826809,8.0,minimum_jerk,4
1785138096902680112,6.767030715942383,11.350823760032654,5.040853023529053,-0.21922864019870758,0.060503970831632614,-0.20364658534526825,0.0199639480561018,21.800296783447266,0.04097159951925278,world,902647009,1785138096,1.6352384090423584,True,True,True,True,3.255459193596705,-0.1483587756522381,-1.9896610386480584,0.7782312631607056,True,1.0109519958496094,True,2.0219039916992188,True,5,normal,8.626791000366211,0.0,0.0,0.0,0.7941873110285238,-0.07467026074024746,0.6210594763979316,6.763932019999999,11.35114101,5.0,0.0,0.0,0.0,8.0,0.0,-0.013133034110069275,11.988327234983444,-0.2997075319290161,6.76393202,11.35114101,5.0,0.04097159951925278,8.0,minimum_jerk,4
1785138097002676184,6.744569301605225,11.356761753559113,5.010390281677246,-0.21618254482746124,0.05835220590233803,-0.7323457598686218,0.0199639480561018,21.900285720825195,0.022681834176182747,world,2636458,1785138097,1.6352384090423584,True,True,True,True,3.7105752891494435,-0.26467660120763764,2.709341349960206,0.7782312631607056,True,1.0109519958496094,True,2.0219039916992188,True,5,normal,8.626791000366211,0.0,0.0,0.0,0.7941873110285238,-0.07467026074024746,0.6210594763979316,6.763932019999999,11.35114101,5.0,0.0,0.0,0.0,8.0,0.0,-0.013133034110069275,11.988327234983444,-0.2997075319290161,6.76393202,11.35114101,5.0,0.022681834176182747,8.0,minimum_jerk,4
1785138097102673144,6.729006290435791,11.359697997570038,4.9749860763549805,-0.08370431512594223,0.02632303349673748,-0.37065181136131287,0.0199639480561018,22.000255584716797,0.04380325227975845,world,102611547,1785138097,1.6352384090423584,True,True,True,True,3.818531556815195,-0.27510130918892944,4.844119841611477,0.7782312631607056,True,1.0109519958496094,True,2.0219039916992188,True,5,normal,8.626791000366211,0.0,0.0,0.0,0.7941873110285238,-0.07467026074024746,0.6210594763979316,6.763932019999999,11.35114101,5.0,0.0,0.0,0.0,8.0,0.0,-0.013133034110069275,11.988327234983444,-0.2997075319290161,6.76393202,11.35114101,5.0,0.04380325227975845,8.0,minimum_jerk,4
1785138097202684032,6.736727237701416,11.356126844882965,5.006931304931641,0.14351056516170502,-0.029942762106657028,0.18389219045639038,0.0199639480561018,22.10027503967285,0.028513185679912567,world,202627214,1785138097,1.6352384090423584,True,True,True,True,2.844924651699724,0.09174472020366298,-1.2490901244982502,0.7782312631607056,True,1.0109519958496094,True,2.0219039916992188,True,5,normal,8.626791000366211,0.0,0.0,0.0,0.7941873110285238,-0.07467026074024746,0.6210594763979316,6.763932019999999,11.35114101,5.0,0.0,0.0,0.0,8.0,0.0,-0.013133034110069275,11.988327234983444,-0.2997075319290161,6.76393202,11.35114101,5.0,0.028513185679912567,8.0,minimum_jerk,4
1785138097302656746,6.758264064788818,11.34968090057373,5.040618419647217,0.21457883715629578,-0.04845324531197548,-0.14592209458351135,0.0199639480561018,22.20026206970215,0.04103795439004898,world,302616710,1785138097,1.6352384090423584,True,True,True,True,1.715608168406732,0.3620374124824647,-2.4446858837595724,0.7782312631607056,True,1.0109519958496094,True,2.0219039916992188,True,5,normal,8.626791000366211,0.0,0.0,0.0,0.7941873110285238,-0.07467026074024746,0.6210594763979316,6.763932019999999,11.35114101,5.0,0.0,0.0,0.0,8.0,0.0,-0.013133034110069275,11.988327234983444,-0.2997075319290161,6.76393202,11.35114101,5.0,0.04103795439004898,8.0,minimum_jerk,4
1785138097402698262,6.7835516929626465,11.342558085918427,5.012295722961426,0.21849241852760315,-0.051348552107810974,-0.7182190418243408,0.0199639480561018,22.300308227539062,0.02469378337264061,world,402657524,1785138097,1.6352384090423584,True,True,True,True,1.029247220836924,0.5290415149735483,2.926719373794623,0.7782312631607056,True,1.0109519958496094,True,2.0219039916992188,True,5,normal,8.626791000366211,0.0,0.0,0.0,0.7941873110285238,-0.07467026074024746,0.6210594763979316,6.763932019999999,11.35114101,5.0,0.0,0.0,0.0,8.0,0.0,-0.013133034110069275,11.988327234983444,-0.2997075319290161,6.76393202,11.35114101,5.0,0.02469378337264061,8.0,minimum_jerk,4
1785138097502672259,6.7992401123046875,11.33895742893219,4.977601528167725,0.08983605355024338,-0.008899550884962082,-0.36473384499549866,0.0199639480561018,22.4002685546875,0.043552182614803314,world,502622775,1785138097,1.6352384090423584,True,True,True,True,1.0641591802271853,0.49341949108710154,4.678862673756332,0.7782312631607056,True,1.0109519958496094,True,2.0219039916992188,True,5,normal,8.626791000366211,0.0,0.0,0.0,0.7941873110285238,-0.07467026074024746,0.6210594763979316,6.763932019999999,11.35114101,5.0,0.0,0.0,0.0,8.0,0.0,-0.013133034110069275,11.988327234983444,-0.2997075319290161,6.76393202,11.35114101,5.0,0.043552182614803314,8.0,minimum_jerk,4
1785138097602709636,6.790872097015381,11.343084454536438,5.0081467628479,-0.14066453278064728,0.061071716248989105,0.1503581702709198,0.0199639480561018,22.50030517578125,0.02927534095942974,world,602655453,1785138097,1.6352384090423584,True,True,True,True,2.1021256242028246,0.1284288733242255,-0.7829651756820453,0.7782312631607056,True,1.0109519958496094,True,2.0219039916992188,True,5,normal,8.626791000366211,0.0,0.0,0.0,0.7941873110285238,-0.07467026074024746,0.6210594763979316,6.763932019999999,11.35114101,5.0,0.0,0.0,0.0,8.0,0.0,-0.013133034110069275,11.988327234983444,-0.2997075319290161,6.76393202,11.35114101,5.0,0.02927534095942974,8.0,minimum_jerk,4
1785138097702688733,6.766304969787598,11.352215111255646,5.039340972900391,-0.21981188654899597,0.08258786052465439,-0.2137167900800705,0.0199639480561018,22.60030174255371,0.03942710533738136,world,702651422,1785138097,1.6352384090423584,True,True,True,True,3.2024430084133355,-0.22862039597942355,-1.988857768756372,0.7782312631607056,True,1.0109519958496094,True,2.0219039916992188,True,5,normal,8.626791000366211,0.0,0.0,0.0,0.7941873110285238,-0.07467026074024746,0.6210594763979316,6.763932019999999,11.35114101,5.0,0.0,0.0,0.0,8.0,0.0,-0.013133034110069275,11.988327234983444,-0.2997075319290161,6.76393202,11.35114101,5.0,0.03942710533738136,8.0,minimum_jerk,4
1785138097802668030,6.741580486297607,11.361140429973602,5.01036262512207,-0.22612616419792175,0.08049128204584122,-0.701509416103363,0.0199639480561018,22.700265884399414,0.026588784530758858,world,802616723,1785138097,1.6352384090423584,True,True,True,True,3.8456233421473764,-0.44507560279734437,2.0715523244220853,0.7782312631607056,True,1.0109519958496094,True,2.0219039916992188,True,5,normal,8.626791000366211,0.0,0.0,0.0,0.7941873110285238,-0.07467026074024746,0.6210594763979316,6.763932019999999,11.35114101,5.0,0.0,0.0,0.0,8.0,0.0,-0.013133034110069275,11.988327234983444,-0.2997075319290161,6.76393202,11.35114101,5.0,0.026588784530758858,8.0,minimum_jerk,4
1785138097902688376,6.724733829498291,11.366104066371918,4.9760212898254395,-0.12911470234394073,0.04304547980427742,-0.4829973876476288,0.0199639480561018,22.80027961730957,0.048325661569833755,world,902634263,1785138097,1.6352384090423584,True,True,True,True,4.072790066705773,-0.4843994525846054,5.046900380366726,0.7782312631607056,True,1.0109519958496094,True,2.0219039916992188,True,5,normal,8.626791000366211,0.0,0.0,0.0,0.7941873110285238,-0.07467026074024746,0.6210594763979316,6.763932019999999,11.35114101,5.0,0.0,0.0,0.0,8.0,0.0,-0.013133034110069275,11.988327234983444,-0.2997075319290161,6.76393202,11.35114101,5.0,0.048325661569833755,8.0,minimum_jerk,4
1785138098002697950,6.7302632331848145,11.361651718616486,5.006239414215088,0.15269553661346436,-0.05354062095284462,0.1582847535610199,0.0199639480561018,22.900299072265625,0.03581888601183891,world,2650951,1785138098,1.6352384090423584,True,True,True,True,3.166394832535799,-0.046495160048493966,-0.3805233768031048,0.7782312631607056,True,1.0109519958496094,True,2.0219039916992188,True,5,normal,8.626791000366211,0.0,0.0,0.0,0.7941873110285238,-0.07467026074024746,0.6210594763979316,6.763932019999999,11.35114101,5.0,0.0,0.0,0.0,8.0,0.0,-0.013133034110069275,11.988327234983444,-0.2997075319290161,6.76393202,11.35114101,5.0,0.03581888601183891,8.0,minimum_jerk,4
1785138098102683447,6.755008220672607,11.35155600309372,5.040395259857178,0.24226635694503784,-0.08491280674934387,-0.17256537079811096,0.0199639480561018,23.000282287597656,0.041371285915374756,world,102632240,1785138098,1.6352384090423584,True,True,True,True,1.8464976317456432,0.40784927337147836,-2.200580708296263,0.7782312631607056,True,1.0109519958496094,True,2.0219039916992188,True,5,normal,8.626791000366211,0.0,0.0,0.0,0.7941873110285238,-0.07467026074024746,0.6210594763979316,6.763932019999999,11.35114101,5.0,0.0,0.0,0.0,8.0,0.0,-0.013133034110069275,11.988327234983444,-0.2997075319290161,6.76393202,11.35114101,5.0,0.041371285915374756,8.0,minimum_jerk,4
1785138098202719320,6.780508995056152,11.341659903526306,5.013578414916992,0.2477899193763733,-0.08623745292425156,-0.6912586092948914,0.0199639480561018,23.100326538085938,0.0234320480376482,world,202676318,1785138098,1.6352384090423584,True,True,True,True,1.2020658052611326,0.6215663461822188,1.784023769985334,0.7782312631607056,True,1.0109519958496094,True,2.0219039916992188,True,5,normal,8.626791000366211,0.0,0.0,0.0,0.7941873110285238,-0.07467026074024746,0.6210594763979316,6.763932019999999,11.35114101,5.0,0.0,0.0,0.0,8.0,0.0,-0.013133034110069275,11.988327234983444,-0.2997075319290161,6.76393202,11.35114101,5.0,0.0234320480376482,8.0,minimum_jerk,4
1785138098302700589,6.797049045562744,11.335333228111267,4.977999210357666,0.16868561506271362,-0.05030929669737816,-0.5180458426475525,0.0199639480561018,23.200315475463867,0.042786192148923874,world,302666013,1785138098,1.6352384090423584,True,True,True,True,0.9554359621372652,0.707908409862215,4.651082234325129,0.7782312631607056,True,1.0109519958496094,True,2.0219039916992188,True,5,normal,8.626791000366211,0.0,0.0,0.0,0.7941873110285238,-0.07467026074024746,0.6210594763979316,6.763932019999999,11.35114101,5.0,0.0,0.0,0.0,8.0,0.0,-0.013133034110069275,11.988327234983444,-0.2997075319290161,6.76393202,11.35114101,5.0,0.042786192148923874,8.0,minimum_jerk,4
1785138098402673151,6.791109561920166,11.338061690330505,5.001340866088867,-0.09451452642679214,0.0569193996489048,0.11153509467840195,0.0199639480561018,23.300277709960938,0.030190814286470413,world,402631432,1785138098,1.6352384090423584,True,True,True,True,2.040427096674327,0.2883279338780663,-0.2580923863772151,0.7782312631607056,True,1.0109519958496094,True,2.0219039916992188,True,5,normal,8.626791000366211,0.0,0.0,0.0,0.7941873110285238,-0.07467026074024746,0.6210594763979316,6.763932019999999,11.35114101,5.0,0.0,0.0,0.0,8.0,0.0,-0.013133034110069275,11.988327234983444,-0.2997075319290161,6.76393202,11.35114101,5.0,0.030190814286470413,8.0,minimum_jerk,4
1785138098502743218,6.768155097961426,11.34796941280365,5.037574291229248,-0.20922774076461792,0.10157816857099533,-0.04541908577084541,0.0199639480561018,23.400339126586914,0.037943653762340546,world,502689015,1785138098,1.6352384090423584,True,True,True,True,3.3131250608388525,-0.24985846053797034,-2.3291464867828195,0.7782312631607056,True,1.0109519958496094,True,2.0219039916992188,True,5,normal,8.626791000366211,0.0,0.0,0.0,0.7941873110285238,-0.07467026074024746,0.6210594763979316,6.763932019999999,11.35114101,5.0,0.0,0.0,0.0,8.0,0.0,-0.013133034110069275,11.988327234983444,-0.2997075319290161,6.76393202,11.35114101,5.0,0.037943653762340546,8.0,minimum_jerk,4
1785138098602721802,6.739560127258301,11.36020052433014,5.021482467651367,-0.22680656611919403,0.10440408438444138,-0.6192120313644409,0.0199639480561018,23.50031852722168,0.0337277390062809,world,602671166,1785138098,1.6352384090423584,True,True,True,True,4.015375332951352,-0.5457889068491277,1.1915903739259823,0.7782312631607056,True,1.0109519958496094,True,2.0219039916992188,True,5,normal,8.626791000366211,0.0,0.0,0.0,0.7941873110285238,-0.07467026074024746,0.6210594763979316,6.763932019999999,11.35114101,5.0,0.0,0.0,0.0,8.0,0.0,-0.013133034110069275,11.988327234983444,-0.2997075319290161,6.76393202,11.35114101,5.0,0.0337277390062809,8.0,minimum_jerk,4
1785138098702732837,6.718445777893066,11.368207395076752,4.982811450958252,-0.1383126825094223,0.07022058963775635,-0.5426408648490906,0.0199639480561018,23.600345611572266,0.051533542573451996,world,702697761,1785138098,1.6352384090423584,True,True,True,True,4.3082219737639855,-0.6466728790959091,4.704039600247366,0.7782312631607056,True,1.0109519958496094,True,2.0219039916992188,True,5,normal,8.626791000366211,0.0,0.0,0.0,0.7941873110285238,-0.07467026074024746,0.6210594763979316,6.763932019999999,11.35114101,5.0,0.0,0.0,0.0,8.0,0.0,-0.013133034110069275,11.988327234983444,-0.2997075319290161,6.76393202,11.35114101,5.0,0.051533542573451996,8.0,minimum_jerk,4
1785138098802746327,6.719897270202637,11.365536093711853,5.001762390136719,0.14870330691337585,-0.04101388901472092,0.0913265198469162,0.0199639480561018,23.700345993041992,0.046361446380615234,world,802698096,1785138098,1.6352384090423584,True,True,True,True,3.462309394434439,-0.15085798437220677,-0.4728851110483061,0.7782312631607056,True,1.0109519958496094,True,2.0219039916992188,True,5,normal,8.626791000366211,0.0,0.0,0.0,0.7941873110285238,-0.07467026074024746,0.6210594763979316,6.763932019999999,11.35114101,5.0,0.0,0.0,0.0,8.0,0.0,-0.013133034110069275,11.988327234983444,-0.2997075319290161,6.76393202,11.35114101,5.0,0.046361446380615234,8.0,minimum_jerk,4
1785138098902772832,6.7435526847839355,11.355208039283752,5.040347576141357,0.2863751947879791,-0.097685307264328,0.0028894494753330946,0.0199639480561018,23.80035400390625,0.04538485407829285,world,902704713,1785138098,1.6352384090423584,True,True,True,True,1.9535831916467021,0.4269652108035579,-3.0074237578750536,0.7782312631607056,True,1.0109519958496094,True,2.0219039916992188,True,5,normal,8.626791000366211,0.0,0.0,0.0,0.7941873110285238,-0.07467026074024746,0.6210594763979316,6.763932019999999,11.35114101,5.0,0.0,0.0,0.0,8.0,0.0,-0.013133034110069275,11.988327234983444,-0.2997075319290161,6.76393202,11.35114101,5.0,0.04538485407829285,8.0,minimum_jerk,4
1785138099002779329,6.7755327224731445,11.34202229976654,5.029256343841553,0.3063164949417114,-0.10867369920015335,-0.5955068469047546,0.0199639480561018,23.900360107421875,0.032766763120889664,world,2711330,1785138099,1.6352384090423584,True,True,True,True,1.1202547526233753,0.7327272522953416,0.5260118508312515,0.7782312631607056,True,1.0109519958496094,True,2.0219039916992188,True,5,normal,8.626791000366211,0.0,0.0,0.0,0.7941873110285238,-0.07467026074024746,0.6210594763979316,6.763932019999999,11.35114101,5.0,0.0,0.0,0.0,8.0,0.0,-0.013133034110069275,11.988327234983444,-0.2997075319290161,6.76393202,11.35114101,5.0,0.032766763120889664,8.0,minimum_jerk,4
1785138099102757209,6.7983574867248535,11.332153797149658,4.988848686218262,0.24130737781524658,-0.07925626635551453,-0.5919116735458374,0.0199639480561018,24.0003604888916,0.040865372866392136,world,102712434,1785138099,1.6352384090423584,True,True,True,True,0.7608612083015087,0.8810627723663818,4.510221098185547,0.7782312631607056,True,1.0109519958496094,True,2.0219039916992188,True,5,normal,8.626791000366211,0.0,0.0,0.0,0.7941873110285238,-0.07467026074024746,0.6210594763979316,6.763932019999999,11.35114101,5.0,0.0,0.0,0.0,8.0,0.0,-0.013133034110069275,11.988327234983444,-0.2997075319290161,6.76393202,11.35114101,5.0,0.040865372866392136,8.0,minimum_jerk,4
1785138099202767671,6.796422481536865,11.331806302070618,5.001800537109375,-0.03485243767499924,0.03894505277276039,0.028953218832612038,0.0199639480561018,24.100370407104492,0.037851061671972275,world,202721784,1785138099,1.6352384090423584,True,True,True,True,1.826224815942728,0.5329424773538862,0.05293434702421573,0.7782312631607056,True,1.0109519958496094,True,2.0219039916992188,True,5,normal,8.626791000366211,0.0,0.0,0.0,0.7941873110285238,-0.07467026074024746,0.6210594763979316,6.763932019999999,11.35114101,5.0,0.0,0.0,0.0,8.0,0.0,-0.013133034110069275,11.988327234983444,-0.2997075319290161,6.76393202,11.35114101,5.0,0.037851061671972275,8.0,minimum_jerk,4
1785138099302797210,6.7721991539001465,11.342190027236938,5.039151191711426,-0.19974660873413086,0.11076872050762177,-0.027814403176307678,0.0199639480561018,24.20038604736328,0.041003432124853134,world,302743327,1785138099,1.6352384090423584,True,True,True,True,3.2230184152771924,-0.09403679279196986,-2.8690797261262064,0.7782312631607056,True,1.0109519958496094,True,2.0219039916992188,True,5,normal,8.626791000366211,0.0,0.0,0.0,0.7941873110285238,-0.07467026074024746,0.6210594763979316,6.763932019999999,11.35114101,5.0,0.0,0.0,0.0,8.0,0.0,-0.013133034110069275,11.988327234983444,-0.2997075319290161,6.76393202,11.35114101,5.0,0.041003432124853134,8.0,minimum_jerk,4
1785138099402772725,6.744601249694824,11.354551315307617,5.030395984649658,-0.2258722186088562,0.12074875086545944,-0.5499822497367859,0.0199639480561018,24.30036163330078,0.03618321195244789,world,402713353,1785138099,1.6352384090423584,True,True,True,True,4.038330534339547,-0.48288394119252315,0.12068277242851139,0.7782312631607056,True,1.0109519958496094,True,2.0219039916992188,True,5,normal,8.626791000366211,0.0,0.0,0.0,0.7941873110285238,-0.07467026074024746,0.6210594763979316,6.763932019999999,11.35114101,5.0,0.0,0.0,0.0,8.0,0.0,-0.013133034110069275,11.988327234983444,-0.2997075319290161,6.76393202,11.35114101,5.0,0.03618321195244789,8.0,minimum_jerk,4
1785138099502765384,6.725043773651123,11.36444765329361,4.991806983947754,-0.16443347930908203,0.10247430950403214,-0.6157974004745483,0.0199639480561018,24.40032958984375,0.041910476982593536,world,502684149,1785138099,1.6352384090423584,True,True,True,True,4.316554101528114,-0.644077975157411,4.04817814785319,0.7782312631607056,True,1.0109519958496094,True,2.0219039916992188,True,5,normal,8.626791000366211,0.0,0.0,0.0,0.7941873110285238,-0.07467026074024746,0.6210594763979316,6.763932019999999,11.35114101,5.0,0.0,0.0,0.0,8.0,0.0,-0.013133034110069275,11.988327234983444,-0.2997075319290161,6.76393202,11.35114101,5.0,0.041910476982593536,8.0,minimum_jerk,4
1785138099602835088,6.732507705688477,11.36564725637436,4.999814510345459,0.11747326701879501,0.001420537126250565,0.0014936728402972221,0.0199639480561018,24.500381469726562,0.03461145982146263,world,602734738,1785138099,1.6352384090423584,True,True,True,True,3.105243945100604,-0.2870144361541023,0.25828200041659566,0.7782312631607056,True,1.0109519958496094,True,2.0219039916992188,True,5,normal,8.626791000366211,0.0,0.0,0.0,0.7941873110285238,-0.07467026074024746,0.6210594763979316,6.763932019999999,11.35114101,5.0,0.0,0.0,0.0,8.0,0.0,-0.013133034110069275,11.988327234983444,-0.2997075319290161,6.76393202,11.35114101,5.0,0.03461145982146263,8.0,minimum_jerk,4
1785138099702800705,6.760619640350342,11.358591377735138,5.033316135406494,0.2751670777797699,-0.06995072960853577,0.026479754596948624,0.0199639480561018,24.600385665893555,0.0342993400990963,world,702739900,1785138099,1.6352384090423584,True,True,True,True,1.5496469400551236,0.22200571774803712,-2.777179758328375,0.7782312631607056,True,1.0109519958496094,True,2.0219039916992188,True,5,normal,8.626791000366211,0.0,0.0,0.0,0.7941873110285238,-0.07467026074024746,0.6210594763979316,6.763932019999999,11.35114101,5.0,0.0,0.0,0.0,8.0,0.0,-0.013133034110069275,11.988327234983444,-0.2997075319290161,6.76393202,11.35114101,5.0,0.0342993400990963,8.0,minimum_jerk,4
1785138099802806238,6.796996116638184,11.347492694854736,5.029026508331299,0.29459452629089355,-0.09121237695217133,-0.49651968479156494,0.0199639480561018,24.700395584106445,0.04414841905236244,world,802747797,1785138099,1.6352384090423584,True,True,True,True,0.6079323165418611,0.5831924666652913,-0.23267076467728948,0.7782312631607056,True,1.0109519958496094,True,2.0219039916992188,True,5,normal,8.626791000366211,0.0,0.0,0.0,0.7941873110285238,-0.07467026074024746,0.6210594763979316,6.763932019999999,11.35114101,5.0,0.0,0.0,0.0,8.0,0.0,-0.013133034110069275,11.988327234983444,-0.2997075319290161,6.76393202,11.35114101,5.0,0.04414841905236244,8.0,minimum_jerk,4
1785138099902832981,6.820851802825928,11.340045094490051,4.993907451629639,0.2023187279701233,-0.08187343180179596,-0.5948048233985901,0.0199639480561018,24.8004093170166,0.0583103783428669,world,902769170,1785138099,1.6352384090423584,True,True,True,True,0.30709359715421725,0.7174823110134223,3.5880686553880548,0.7782312631607056,True,1.0109519958496094,True,2.0219039916992188,True,5,normal,8.626791000366211,0.0,0.0,0.0,0.7941873110285238,-0.07467026074024746,0.6210594763979316,6.763932019999999,11.35114101,5.0,0.0,0.0,0.0,8.0,0.0,-0.013133034110069275,11.988327234983444,-0.2997075319290161,6.76393202,11.35114101,5.0,0.0583103783428669,8.0,minimum_jerk,4
1785138100002807966,6.813167572021484,11.341983318328857,5.002178192138672,-0.1378546506166458,0.005034980829805136,-0.024699494242668152,0.0199639480561018,24.900379180908203,0.050127312541007996,world,2733875,1785138100,1.6352384090423584,True,True,True,True,1.687315896631131,0.2563436202472386,-0.012994309932760018,0.7782312631607056,True,1.0109519958496094,True,2.0219039916992188,True,5,normal,8.626791000366211,0.0,0.0,0.0,0.7941873110285238,-0.07467026074024746,0.6210594763979316,6.763932019999999,11.35114101,5.0,0.0,0.0,0.0,8.0,0.0,-0.013133034110069275,11.988327234983444,-0.2997075319290161,6.76393202,11.35114101,5.0,0.050127312541007996,8.0,minimum_jerk,4
1785138100102820580,6.781148433685303,11.350040018558502,5.030954360961914,-0.3189687132835388,0.05987768992781639,-0.04584180936217308,0.0199639480561018,25.000391006469727,0.035437121987342834,world,102743353,1785138100,1.6352384090423584,True,True,True,True,3.4936869743243815,-0.2053389557962667,-2.5603999520897998,0.7782312631607056,True,1.0109519958496094,True,2.0219039916992188,True,5,normal,8.626791000366211,0.0,0.0,0.0,0.7941873110285238,-0.07467026074024746,0.6210594763979316,6.763932019999999,11.35114101,5.0,0.0,0.0,0.0,8.0,0.0,-0.013133034110069275,11.988327234983444,-0.2997075319290161,6.76393202,11.35114101,5.0,0.035437121987342834,8.0,minimum_jerk,4
1785138100202787627,6.739290714263916,11.36055588722229,5.02109432220459,-0.34716662764549255,0.07088703662157059,-0.5176159143447876,0.0199639480561018,25.10038948059082,0.03377579525113106,world,202742311,1785138100,1.6352384090423584,True,True,True,True,4.5670792339566795,-0.479254610687035,0.18584092812565473,0.7782312631607056,True,1.0109519958496094,True,2.0219039916992188,True,5,normal,8.626791000366211,0.0,0.0,0.0,0.7941873110285238,-0.07467026074024746,0.6210594763979316,6.763932019999999,11.35114101,5.0,0.0,0.0,0.0,8.0,0.0,-0.013133034110069275,11.988327234983444,-0.2997075319290161,6.76393202,11.35114101,5.0,0.03377579525113106,8.0,minimum_jerk,4
1785138100302809790,6.7105712890625,11.367011487483978,4.9934282302856445,-0.22083191573619843,0.04374517500400543,-0.4427174925804138,0.0199639480561018,25.200387954711914,0.05605736002326012,world,302739156,1785138100,1.6352384090423584,True,True,True,True,4.936708194039857,-0.5554150716365457,3.0093188421863464,0.7782312631607056,True,1.0109519958496094,True,2.0219039916992188,True,5,normal,8.626791000366211,0.0,0.0,0.0,0.7941873110285238,-0.07467026074024746,0.6210594763979316,6.763932019999999,11.35114101,5.0,0.0,0.0,0.0,8.0,0.0,-0.013133034110069275,11.988327234983444,-0.2997075319290161,6.76393202,11.35114101,5.0,0.05605736002326012,8.0,minimum_jerk,4
1785138100402805221,6.716696739196777,11.363542318344116,5.020544052124023,0.15573541820049286,-0.04704165831208229,0.09590107947587967,0.0199639480561018,25.30039405822754,0.052981339395046234,world,402745448,1785138100,1.6352384090423584,True,True,True,True,3.4652965129113085,-0.08969979326670956,-1.8236403000723174,0.7782312631607056,True,1.0109519958496094,True,2.0219039916992188,True,5,normal,8.626791000366211,0.0,0.0,0.0,0.7941873110285238,-0.07467026074024746,0.6210594763979316,6.763932019999999,11.35114101,5.0,0.0,0.0,0.0,8.0,0.0,-0.013133034110069275,11.988327234983444,-0.2997075319290161,6.76393202,11.35114101,5.0,0.052981339395046234,8.0,minimum_jerk,4
1785138100502817975,6.747169494628906,11.35429835319519,5.050543308258057,0.298871248960495,-0.08586953580379486,-0.1727190613746643,0.0199639480561018,25.40040397644043,0.05334395170211792,world,502757310,1785138100,1.6352384090423584,True,True,True,True,1.5762592432508145,0.40294281331018517,-3.4024974987527408,0.7782312631607056,True,1.0109519958496094,True,2.0219039916992188,True,5,normal,8.626791000366211,0.0,0.0,0.0,0.7941873110285238,-0.07467026074024746,0.6210594763979316,6.763932019999999,11.35114101,5.0,0.0,0.0,0.0,8.0,0.0,-0.013133034110069275,11.988327234983444,-0.2997075319290161,6.76393202,11.35114101,5.0,0.05334395170211792,8.0,minimum_jerk,4
1785138100602849215,6.785399913787842,11.342794418334961,5.022555828094482,0.3260878622531891,-0.09459172189235687,-0.7107449173927307,0.0199639480561018,25.50041389465332,0.0322381965816021,world,602776407,1785138100,1.6352384090423584,True,True,True,True,0.5308827844879238,0.7005016429348014,1.5221314642601693,0.7782312631607056,True,1.0109519958496094,True,2.0219039916992188,True,5,normal,8.626791000366211,0.0,0.0,0.0,0.7941873110285238,-0.07467026074024746,0.6210594763979316,6.763932019999999,11.35114101,5.0,0.0,0.0,0.0,8.0,0.0,-0.013133034110069275,11.988327234983444,-0.2997075319290161,6.76393202,11.35114101,5.0,0.0322381965816021,8.0,minimum_jerk,4
1785138100702808237,6.811525821685791,11.336010336875916,4.990409851074219,0.18319566547870636,-0.051183801144361496,-0.38525232672691345,0.0199639480561018,25.600393295288086,0.05085349828004837,world,702744897,1785138100,1.6352384090423584,True,True,True,True,0.3178147370477309,0.7468191942589433,3.4289874878800184,0.7782312631607056,True,1.0109519958496094,True,2.0219039916992188,True,5,normal,8.626791000366211,0.0,0.0,0.0,0.7941873110285238,-0.07467026074024746,0.6210594763979316,6.763932019999999,11.35114101,5.0,0.0,0.0,0.0,8.0,0.0,-0.013133034110069275,11.988327234983444,-0.2997075319290161,6.76393202,11.35114101,5.0,0.05085349828004837,8.0,minimum_jerk,4
1785138100802832283,6.802335262298584,11.34072744846344,5.024538516998291,-0.1345943808555603,0.04307837411761284,0.07684265077114105,0.0199639480561018,25.700416564941406,0.04674815759062767,world,802769093,1785138100,1.6352384090423584,True,True,True,True,1.8953041530213843,0.16425922139125693,-2.700821881854832,0.7782312631607056,True,1.0109519958496094,True,2.0219039916992188,True,5,normal,8.626791000366211,0.0,0.0,0.0,0.7941873110285238,-0.07467026074024746,0.6210594763979316,6.763932019999999,11.35114101,5.0,0.0,0.0,0.0,8.0,0.0,-0.013133034110069275,11.988327234983444,-0.2997075319290161,6.76393202,11.35114101,5.0,0.04674815759062767,8.0,minimum_jerk,4
1785138100902798399,6.771573066711426,11.35151356458664,5.051367282867432,-0.2506604492664337,0.07588569819927216,-0.33931756019592285,0.0199639480561018,25.800395965576172,0.05193382501602173,world,902747111,1785138100,1.6352384090423584,True,True,True,True,3.535298784129316,-0.3382377308643404,-3.4778453420877327,0.7782312631607056,True,1.0109519958496094,True,2.0219039916992188,True,5,normal,8.626791000366211,0.0,0.0,0.0,0.7941873110285238,-0.07467026074024746,0.6210594763979316,6.763932019999999,11.35114101,5.0,0.0,0.0,0.0,8.0,0.0,-0.013133034110069275,11.988327234983444,-0.2997075319290161,6.76393202,11.35114101,5.0,0.05193382501602173,8.0,minimum_jerk,4
1785138101002829638,6.740000247955322,11.361811995506287,5.016449451446533,-0.27384844422340393,0.07922589778900146,-0.7749995589256287,0.0199639480561018,25.900407791137695,0.030938392505049706,world,2760497,1785138101,1.6352384090423584,True,True,True,True,4.249395929523815,-0.5373537776838261,1.371289775678834,0.7782312631607056,True,1.0109519958496094,True,2.0219039916992188,True,5,normal,8.626791000366211,0.0,0.0,0.0,0.7941873110285238,-0.07467026074024746,0.6210594763979316,6.763932019999999,11.35114101,5.0,0.0,0.0,0.0,8.0,0.0,-0.013133034110069275,11.988327234983444,-0.2997075319290161,6.76393202,11.35114101,5.0,0.030938392505049706,8.0,minimum_jerk,4
1785138101102809227,6.715871334075928,11.368561685085297,4.9905619621276855,-0.11598923802375793,0.029036451131105423,-0.3312132954597473,0.0199639480561018,26.000408172607422,0.051984477788209915,world,102760966,1785138101,1.6352384090423584,True,True,True,True,4.528117153178838,-0.5865352865572668,2.8389528877907035,0.7782312631607056,True,1.0109519958496094,True,2.0219039916992188,True,5,normal,8.626791000366211,0.0,0.0,0.0,0.7941873110285238,-0.07467026074024746,0.6210594763979316,6.763932019999999,11.35114101,5.0,0.0,0.0,0.0,8.0,0.0,-0.013133034110069275,11.988327234983444,-0.2997075319290161,6.76393202,11.35114101,5.0,0.051984477788209915,8.0,minimum_jerk,4
1785138101202797463,6.723119258880615,11.364653527736664,5.034759521484375,0.17351752519607544,-0.06267152726650238,0.10902442783117294,0.0199639480561018,26.100406646728516,0.05528556555509567,world,202757106,1785138101,1.6352384090423584,True,True,True,True,3.3055818064134,-0.11311660886078331,-3.850867223715809,0.7782312631607056,True,1.0109519958496094,True,2.0219039916992188,True,5,normal,8.626791000366211,0.0,0.0,0.0,0.7941873110285238,-0.07467026074024746,0.6210594763979316,6.763932019999999,11.35114101,5.0,0.0,0.0,0.0,8.0,0.0,-0.013133034110069275,11.988327234983444,-0.2997075319290161,6.76393202,11.35114101,5.0,0.05528556555509567,8.0,minimum_jerk,4
1785138101302801358,6.749792098999023,11.354456901550293,5.062297344207764,0.252066969871521,-0.09173121303319931,-0.42471280694007874,0.0199639480561018,26.200408935546875,0.06396789848804474,world,302760200,1785138101,1.6352384090423584,True,True,True,True,1.7858350711437379,0.391332726631433,-4.143894672529443,0.7782312631607056,True,1.0109519958496094,True,2.0219039916992188,True,5,normal,8.626791000366211,0.0,0.0,0.0,0.7941873110285238,-0.07467026074024746,0.6210594763979316,6.763932019999999,11.35114101,5.0,0.0,0.0,0.0,8.0,0.0,-0.013133034110069275,11.988327234983444,-0.2997075319290161,6.76393202,11.35114101,5.0,0.06396789848804474,8.0,minimum_jerk,4
1785138101402807999,6.777035236358643,11.344014644622803,5.0191450119018555,0.27034151554107666,-0.09902484714984894,-0.8944810032844543,0.0199639480561018,26.300413131713867,0.024269545450806618,world,402764186,1785138101,1.6352384090423584,True,True,True,True,1.1969119907503627,0.6104183291790397,1.607021118433534,0.7782312631607056,True,1.0109519958496094,True,2.0219039916992188,True,5,normal,8.626791000366211,0.0,0.0,0.0,0.7941873110285238,-0.07467026074024746,0.6210594763979316,6.763932019999999,11.35114101,5.0,0.0,0.0,0.0,8.0,0.0,-0.013133034110069275,11.988327234983444,-0.2997075319290161,6.76393202,11.35114101,5.0,0.024269545450806618,8.0,minimum_jerk,4
1785138101502799301,6.798007965087891,11.334989845752716,4.984928131103516,0.16939997673034668,-0.06112813949584961,-0.4377356171607971,0.0199639480561018,26.40041160583496,0.040610238909721375,world,502762631,1785138101,1.6352384090423584,True,True,True,True,0.8923038835361463,0.7505129688628578,3.0795493183726013,0.7782312631607056,True,1.0109519958496094,True,2.0219039916992188,True,5,normal,8.626791000366211,0.0,0.0,0.0,0.7941873110285238,-0.07467026074024746,0.6210594763979316,6.763932019999999,11.35114101,5.0,0.0,0.0,0.0,8.0,0.0,-0.013133034110069275,11.988327234983444,-0.2997075319290161,6.76393202,11.35114101,5.0,0.040610238909721375,8.0,minimum_jerk,4
1785138101602858551,6.79322624206543,11.333582937717438,5.030035495758057,-0.10016516596078873,0.038088418543338776,0.0943448394536972,0.0199639480561018,26.500436782836914,0.045481517910957336,world,602790712,1785138101,1.6352384090423584,True,True,True,True,1.971232676239751,0.5143051630750644,-4.130289066843455,0.7782312631607056,True,1.0109519958496094,True,2.0219039916992188,True,5,normal,8.626791000366211,0.0,0.0,0.0,0.7941873110285238,-0.07467026074024746,0.6210594763979316,6.763932019999999,11.35114101,5.0,0.0,0.0,0.0,8.0,0.0,-0.013133034110069275,11.988327234983444,-0.2997075319290161,6.76393202,11.35114101,5.0,0.045481517910957336,8.0,minimum_jerk,4
1785138101702815297,6.7732343673706055,11.33897614479065,5.0613203048706055,-0.17652499675750732,0.0677548423409462,-0.3455672562122345,0.0199639480561018,26.600418090820312,0.06320361793041229,world,702768348,1785138101,1.6352384090423584,True,True,True,True,3.252163424783152,0.05658789436122108,-4.598093871747592,0.7782312631607056,True,1.0109519958496094,True,2.0219039916992188,True,5,normal,8.626791000366211,0.0,0.0,0.0,0.7941873110285238,-0.07467026074024746,0.6210594763979316,6.763932019999999,11.35114101,5.0,0.0,0.0,0.0,8.0,0.0,-0.013133034110069275,11.988327234983444,-0.2997075319290161,6.76393202,11.35114101,5.0,0.06320361793041229,8.0,minimum_jerk,4
1785138101802824592,6.749523162841797,11.346411883831024,5.019938945770264,-0.19570164382457733,0.07915936410427094,-0.9096898436546326,0.0199639480561018,26.700428009033203,0.025050776079297066,world,802779817,1785138101,1.6352384090423584,True,True,True,True,3.7532294657817804,-0.14305232290633563,1.1191610618014796,0.7782312631607056,True,1.0109519958496094,True,2.0219039916992188,True,5,normal,8.626791000366211,0.0,0.0,0.0,0.7941873110285238,-0.07467026074024746,0.6210594763979316,6.763932019999999,11.35114101,5.0,0.0,0.0,0.0,8.0,0.0,-0.013133034110069275,11.988327234983444,-0.2997075319290161,6.76393202,11.35114101,5.0,0.025050776079297066,8.0,minimum_jerk,4
1785138101902809301,6.732134819030762,11.353486716747284,4.982370376586914,-0.09054510295391083,0.08084631711244583,-0.43225499987602234,0.0199639480561018,26.80042266845703,0.036433059722185135,world,902774595,1785138101,1.6352384090423584,True,True,True,True,3.9634955406359507,-0.2802632787893248,3.249504905675072,0.7782312631607056,True,1.0109519958496094,True,2.0219039916992188,True,5,normal,8.626791000366211,0.0,0.0,0.0,0.7941873110285238,-0.07467026074024746,0.6210594763979316,6.763932019999999,11.35114101,5.0,0.0,0.0,0.0,8.0,0.0,-0.013133034110069275,11.988327234983444,-0.2997075319290161,6.76393202,11.35114101,5.0,0.036433059722185135,8.0,minimum_jerk,4
1785138102002831592,6.737730979919434,11.355678796768188,5.022335529327393,0.136057510972023,0.030966540798544884,0.10849182307720184,0.0199639480561018,26.900436401367188,0.03472696244716644,world,2791045,1785138102,1.6352384090423584,True,True,True,True,3.077996077512708,-0.12793655095458983,-3.809538204271352,0.7782312631607056,True,1.0109519958496094,True,2.0219039916992188,True,5,normal,8.626791000366211,0.0,0.0,0.0,0.7941873110285238,-0.07467026074024746,0.6210594763979316,6.763932019999999,11.35114101,5.0,0.0,0.0,0.0,8.0,0.0,-0.013133034110069275,11.988327234983444,-0.2997075319290161,6.76393202,11.35114101,5.0,0.03472696244716644,8.0,minimum_jerk,4
1785138102102821488,6.7576727867126465,11.354546904563904,5.0559797286987305,0.20308713614940643,0.005245509557425976,-0.2943505346775055,0.0199639480561018,27.00042724609375,0.056431446224451065,world,102779679,1785138102,1.6352384090423584,True,True,True,True,1.8679511439688161,0.07960341400938432,-4.7420215763363665,0.7782312631607056,True,1.0109519958496094,True,2.0219039916992188,True,5,normal,8.626791000366211,0.0,0.0,0.0,0.7941873110285238,-0.07467026074024746,0.6210594763979316,6.763932019999999,11.35114101,5.0,0.0,0.0,0.0,8.0,0.0,-0.013133034110069275,11.988327234983444,-0.2997075319290161,6.76393202,11.35114101,5.0,0.056431446224451065,8.0,minimum_jerk,4
1785138102202818859,6.781310081481934,11.352175533771515,5.0181732177734375,0.2109648883342743,-0.012202550657093525,-0.8747448921203613,0.0199639480561018,27.100427627563477,0.025166111066937447,world,202778924,1785138102,1.6352384090423584,True,True,True,True,1.2656031699743746,0.1872735677628274,1.1967656571244936,0.7782312631607056,True,1.0109519958496094,True,2.0219039916992188,True,5,normal,8.626791000366211,0.0,0.0,0.0,0.7941873110285238,-0.07467026074024746,0.6210594763979316,6.763932019999999,11.35114101,5.0,0.0,0.0,0.0,8.0,0.0,-0.013133034110069275,11.988327234983444,-0.2997075319290161,6.76393202,11.35114101,5.0,0.025166111066937447,8.0,minimum_jerk,4
1785138102302829155,6.796807289123535,11.349603176116943,4.981037139892578,0.11626975983381271,-0.02949300780892372,-0.46752625703811646,0.0199639480561018,27.20043182373047,0.03798339515924454,world,302782656,1785138102,1.6352384090423584,True,True,True,True,1.1837509247690332,0.26224948355359046,2.6870891731017728,0.7782312631607056,True,1.0109519958496094,True,2.0219039916992188,True,5,normal,8.626791000366211,0.0,0.0,0.0,0.7941873110285238,-0.07467026074024746,0.6210594763979316,6.763932019999999,11.35114101,5.0,0.0,0.0,0.0,8.0,0.0,-0.013133034110069275,11.988327234983444,-0.2997075319290161,6.76393202,11.35114101,5.0,0.03798339515924454,8.0,minimum_jerk,4
1785138102402831766,6.788887023925781,11.34881854057312,5.02504301071167,-0.119370236992836,-0.011673015542328358,0.10587168484926224,0.0199639480561018,27.300432205200195,0.035430192947387695,world,402782462,1785138102,1.6352384090423584,True,True,True,True,2.218575342602826,0.18868950575661006,-4.319241888091737,0.7782312631607056,True,1.0109519958496094,True,2.0219039916992188,True,5,normal,8.626791000366211,0.0,0.0,0.0,0.7941873110285238,-0.07467026074024746,0.6210594763979316,6.763932019999999,11.35114101,5.0,0.0,0.0,0.0,8.0,0.0,-0.013133034110069275,11.988327234983444,-0.2997075319290161,6.76393202,11.35114101,5.0,0.035430192947387695,8.0,minimum_jerk,4
1785138102502824808,6.766885280609131,11.349426686763763,5.05475378036499,-0.18004663288593292,-0.0030301904771476984,-0.40276533365249634,0.0199639480561018,27.40043067932129,0.05486015975475311,world,502780123,1785138102,1.6352384090423584,True,True,True,True,3.339524624211653,0.11247543298573634,-4.86522900396554,0.7782312631607056,True,1.0109519958496094,True,2.0219039916992188,True,5,normal,8.626791000366211,0.0,0.0,0.0,0.7941873110285238,-0.07467026074024746,0.6210594763979316,6.763932019999999,11.35114101,5.0,0.0,0.0,0.0,8.0,0.0,-0.013133034110069275,11.988327234983444,-0.2997075319290161,6.76393202,11.35114101,5.0,0.05486015975475311,8.0,minimum_jerk,4
1785138102602844321,6.745540142059326,11.350274324417114,5.013124942779541,-0.18715420365333557,0.0033732943702489138,-0.8951278328895569,0.0199639480561018,27.500442504882812,0.022611422464251518,world,602792873,1785138102,1.6352384090423584,True,True,True,True,3.844474459434808,0.0769911178583954,1.4999743511813874,0.7782312631607056,True,1.0109519958496094,True,2.0219039916992188,True,5,normal,8.626791000366211,0.0,0.0,0.0,0.7941873110285238,-0.07467026074024746,0.6210594763979316,6.763932019999999,11.35114101,5.0,0.0,0.0,0.0,8.0,0.0,-0.013133034110069275,11.988327234983444,-0.2997075319290161,6.76393202,11.35114101,5.0,0.022611422464251518,8.0,minimum_jerk,4
1785138102702832645,6.730320453643799,11.350818395614624,4.980059623718262,-0.055256374180316925,0.018567293882369995,-0.37000328302383423,0.0199639480561018,27.60044288635254,0.03908273205161095,world,702794883,1785138102,1.6352384090423584,True,True,True,True,3.8965225324040604,0.053443434010518334,2.538652449815402,0.7782312631607056,True,1.0109519958496094,True,2.0219039916992188,True,5,normal,8.626791000366211,0.0,0.0,0.0,0.7941873110285238,-0.07467026074024746,0.6210594763979316,6.763932019999999,11.35114101,5.0,0.0,0.0,0.0,8.0,0.0,-0.013133034110069275,11.988327234983444,-0.2997075319290161,6.76393202,11.35114101,5.0,0.03908273205161095,8.0,minimum_jerk,4
1785138102802819786,6.738518238067627,11.35024780035019,5.026723384857178,0.16148291528224945,0.015855921432375908,0.14043495059013367,0.0199639480561018,27.700439453125,0.03688898682594299,world,802790080,1785138102,1.6352384090423584,True,True,True,True,2.9492540198971064,0.14226765593052482,-4.904235922663862,0.7782312631607056,True,1.0109519958496094,True,2.0219039916992188,True,5,normal,8.626791000366211,0.0,0.0,0.0,0.7941873110285238,-0.07467026074024746,0.6210594763979316,6.763932019999999,11.35114101,5.0,0.0,0.0,0.0,8.0,0.0,-0.013133034110069275,11.988327234983444,-0.2997075319290161,6.76393202,11.35114101,5.0,0.03688898682594299,8.0,minimum_jerk,4
1785138102902832857,6.761078834533691,11.349630117416382,5.059345722198486,0.21085824072360992,0.00973270833492279,-0.40453198552131653,0.0199639480561018,27.80044937133789,0.059433478862047195,world,902801698,1785138102,1.6352384090423584,True,True,True,True,1.7675624038263282,0.15694095606261474,-5.411577641385408,0.7782312631607056,True,1.0109519958496094,True,2.0219039916992188,True,5,normal,8.626791000366211,0.0,0.0,0.0,0.7941873110285238,-0.07467026074024746,0.6210594763979316,6.763932019999999,11.35114101,5.0,0.0,0.0,0.0,8.0,0.0,-0.013133034110069275,11.988327234983444,-0.2997075319290161,6.76393202,11.35114101,5.0,0.059433478862047195,8.0,minimum_jerk,4
1785138103002860816,6.782818794250488,11.349007844924927,5.0157670974731445,0.20972071588039398,0.00579427694901824,-0.9399043321609497,0.0199639480561018,27.90046501159668,0.0246953833848238,world,2820309,1785138103,1.6352384090423584,True,True,True,True,1.255551492708979,0.16916562388688555,1.2474332444021803,0.7782312631607056,True,1.0109519958496094,True,2.0219039916992188,True,5,normal,8.626791000366211,0.0,0.0,0.0,0.7941873110285238,-0.07467026074024746,0.6210594763979316,6.763932019999999,11.35114101,5.0,0.0,0.0,0.0,8.0,0.0,-0.013133034110069275,11.988327234983444,-0.2997075319290161,6.76393202,11.35114101,5.0,0.0246953833848238,8.0,minimum_jerk,4
1785138103102839950,6.797825336456299,11.349982738494873,4.977089881896973,0.09285778552293777,0.007855058647692204,-0.46462389826774597,0.0199639480561018,28.00044822692871,0.04092642292380333,world,102798140,1785138103,1.6352384090423584,True,True,True,True,1.2229279259981236,0.14385570109836743,2.5845266218153657,0.7782312631607056,True,1.0109519958496094,True,2.0219039916992188,True,5,normal,8.626791000366211,0.0,0.0,0.0,0.7941873110285238,-0.07467026074024746,0.6210594763979316,6.763932019999999,11.35114101,5.0,0.0,0.0,0.0,8.0,0.0,-0.013133034110069275,11.988327234983444,-0.2997075319290161,6.76393202,11.35114101,5.0,0.04092642292380333,8.0,minimum_jerk,4
1785138103202826598,6.789608955383301,11.354525208473206,5.022094249725342,-0.14797554910182953,0.01943514123558998,0.1307423859834671,0.0199639480561018,28.100435256958008,0.03404282033443451,world,202786542,1785138103,1.6352384090423584,True,True,True,True,2.190698475500011,-0.10591834490733666,-4.827939753569457,0.7782312631607056,True,1.0109519958496094,True,2.0219039916992188,True,5,normal,8.626791000366211,0.0,0.0,0.0,0.7941873110285238,-0.07467026074024746,0.6210594763979316,6.763932019999999,11.35114101,5.0,0.0,0.0,0.0,8.0,0.0,-0.013133034110069275,11.988327234983444,-0.2997075319290161,6.76393202,11.35114101,5.0,0.03404282033443451,8.0,minimum_jerk,4
